VACUUM (ANALYZE);
VACUUM
\set ON_ERROR_STOP on
\pset pager off
Pager usage is off.
-- CompileDB mapping-aware relational workload
-- Conceptual workload: example2_schema_driven_selectivity_100_w09
-- Mapping ID: 3bba9ee6fbdf4e9bb7b96731f96ac463327fab03fd982ca89d52b96e1755c43c
-- Query shapes: 100
-- Executed statements: 100
BEGIN TRANSACTION READ ONLY;
BEGIN
-- Q001 [selection_projection] occurrence 1/1
-- Original E/R: SELECT e.ends_at, e.starts_at, e.promo_name FROM Promotion e WHERE e.promo_name > 'Object-based responsive policy';
EXPLAIN (ANALYZE, BUFFERS, TIMING OFF, SUMMARY ON, FORMAT TEXT)
WITH
"b0" AS (
    SELECT
        "source"."ends_at" AS "ends_at",
        "source"."promo_name" AS "promo_name",
        "source"."starts_at" AS "starts_at"
    FROM "relation_39" AS "source"
)
SELECT 
    "b0"."ends_at" AS "ends_at",
    "b0"."starts_at" AS "starts_at",
    "b0"."promo_name" AS "promo_name"
FROM "b0"
WHERE ("b0"."promo_name" > 'Object-based responsive policy');
                                              QUERY PLAN                                              
------------------------------------------------------------------------------------------------------
 Seq Scan on relation_39 source  (cost=0.00..3772.73 rows=73372 width=56) (actual rows=73908 loops=1)
   Filter: ((promo_name)::text > 'Object-based responsive policy'::text)
   Rows Removed by Filter: 75830
   Buffers: shared read=1901 written=728
 Planning:
   Buffers: shared hit=20
 Planning Time: 0.104 ms
 Execution Time: 15.034 ms
(8 rows)

-- Q002 [weak_owner] occurrence 1/1
-- Original E/R: SELECT w.device, w.session_id, o.password_hash FROM BrowsingSession w JOIN User o ON OWNER(w) = REF(o) WHERE o.password_hash >= '7f77e1d72ca05f11515ce34eb13029810461de5058fa890e4a72e479fef250d6';
EXPLAIN (ANALYZE, BUFFERS, TIMING OFF, SUMMARY ON, FORMAT TEXT)
WITH
"b0" AS (
    SELECT
        "source"."device" AS "device",
        "source"."session_id" AS "session_id",
        "source"."user_id" AS "__owner_0"
    FROM "relation_36" AS "source"
),
"b1" AS (
    SELECT
        "source"."password_hash" AS "password_hash",
        "source"."user_id" AS "__reference_0"
    FROM "relation_22" AS "source"
    UNION ALL
    SELECT
        "source"."password_hash" AS "password_hash",
        "source"."customer_id" AS "__reference_0"
    FROM "relation_23" AS "source"
    UNION ALL
    SELECT
        "source"."password_hash" AS "password_hash",
        "source"."primecustomer_id" AS "__reference_0"
    FROM "relation_24" AS "source"
    UNION ALL
    SELECT
        "source"."password_hash" AS "password_hash",
        "source"."businesscustomer_id" AS "__reference_0"
    FROM "relation_25" AS "source"
    UNION ALL
    SELECT
        "source"."password_hash" AS "password_hash",
        "source"."employee_id" AS "__reference_0"
    FROM "relation_26" AS "source"
)
SELECT 
    "b0"."device" AS "device",
    "b0"."session_id" AS "session_id",
    "b1"."password_hash" AS "password_hash"
FROM ("b0" INNER JOIN "b1" ON ("b0"."__owner_0" = "b1"."__reference_0"))
WHERE ("b1"."password_hash" >= '7f77e1d72ca05f11515ce34eb13029810461de5058fa890e4a72e479fef250d6');
                                                        QUERY PLAN                                                         
---------------------------------------------------------------------------------------------------------------------------
 Hash Join  (cost=975.74..79523.77 rows=786286 width=76) (actual rows=16502 loops=1)
   Hash Cond: (source_1.user_id = source.user_id)
   Buffers: shared read=44868 written=1601
   ->  Append  (cost=0.00..67770.27 rows=777305 width=69) (actual rows=773319 loops=1)
         Buffers: shared read=44627 written=1367
         ->  Seq Scan on relation_22 source_1  (cost=0.00..9575.94 rows=140841 width=69) (actual rows=139779 loops=1)
               Filter: ((password_hash)::text >= '7f77e1d72ca05f11515ce34eb13029810461de5058fa890e4a72e479fef250d6'::text)
               Rows Removed by Filter: 138776
               Buffers: shared read=6094 written=32
         ->  Seq Scan on relation_23 source_2  (cost=0.00..1550.31 rows=18347 width=69) (actual rows=18454 loops=1)
               Filter: ((password_hash)::text >= '7f77e1d72ca05f11515ce34eb13029810461de5058fa890e4a72e479fef250d6'::text)
               Rows Removed by Filter: 18531
               Buffers: shared read=1088 written=430
         ->  Seq Scan on relation_24 source_3  (cost=0.00..4963.00 rows=50562 width=69) (actual rows=50204 loops=1)
               Filter: ((password_hash)::text >= '7f77e1d72ca05f11515ce34eb13029810461de5058fa890e4a72e479fef250d6'::text)
               Rows Removed by Filter: 49796
               Buffers: shared read=3713 written=886
         ->  Seq Scan on relation_25 source_4  (cost=0.00..39700.00 rows=455054 width=69) (actual rows=452236 loops=1)
               Filter: ((password_hash)::text >= '7f77e1d72ca05f11515ce34eb13029810461de5058fa890e4a72e479fef250d6'::text)
               Rows Removed by Filter: 447764
               Buffers: shared read=28450 written=19
         ->  Seq Scan on relation_26 source_5  (cost=0.00..8094.50 rows=112501 width=69) (actual rows=112646 loops=1)
               Filter: ((password_hash)::text >= '7f77e1d72ca05f11515ce34eb13029810461de5058fa890e4a72e479fef250d6'::text)
               Rows Removed by Filter: 112354
               Buffers: shared read=5282
   ->  Hash  (cost=567.55..567.55 rows=32655 width=15) (actual rows=32655 loops=1)
         Buckets: 32768  Batches: 1  Memory Usage: 1787kB
         Buffers: shared read=241 written=234
         ->  Seq Scan on relation_36 source  (cost=0.00..567.55 rows=32655 width=15) (actual rows=32655 loops=1)
               Buffers: shared read=241 written=234
 Planning:
   Buffers: shared hit=86
 Planning Time: 0.234 ms
 Execution Time: 195.045 ms
(34 rows)

-- Q003 [complex_multi_join] occurrence 1/1
-- Original E/R: SELECT e2.supplier_id, COUNT(DISTINCT REF(e3)) AS related_count FROM supplier_products r1 JOIN Product e1 ON ENDPOINT(r1, Product) = REF(e1) JOIN Supplier e2 ON ENDPOINT(r1, Supplier) = REF(e2) JOIN supplier_pos r2 ON ENDPOINT(r2, Supplier) = REF(e2) JOIN PurchaseOrder e3 ON ENDPOINT(r2, PurchaseOrder) = REF(e3) WHERE e2.supplier_id <= 10516 GROUP BY REF(e2), e2.supplier_id HAVING COUNT(DISTINCT REF(e3)) >= 2;
EXPLAIN (ANALYZE, BUFFERS, TIMING OFF, SUMMARY ON, FORMAT TEXT)
WITH
"b0" AS (
    SELECT
        "source"."product_id" AS "__endpoint_product_0",
        "source"."supplier_id" AS "__endpoint_supplier_0"
    FROM "relation_60" AS "source"
),
"b1" AS (
    SELECT
        "source"."product_id" AS "__reference_0"
    FROM "relation_1" AS "source"
    UNION ALL
    SELECT
        "source"."physicalproduct_id" AS "__reference_0"
    FROM "relation_2" AS "source"
    UNION ALL
    SELECT
        "source"."electronics_id" AS "__reference_0"
    FROM "relation_4" AS "source"
    UNION ALL
    SELECT
        "source"."computer_id" AS "__reference_0"
    FROM "relation_5" AS "source"
    UNION ALL
    SELECT
        "source"."desktop_id" AS "__reference_0"
    FROM "relation_6" AS "source"
    UNION ALL
    SELECT
        "source"."laptop_id" AS "__reference_0"
    FROM "relation_7" AS "source"
    UNION ALL
    SELECT
        "source"."tablet_id" AS "__reference_0"
    FROM "relation_8" AS "source"
    UNION ALL
    SELECT
        "source"."smartwatch_id" AS "__reference_0"
    FROM "relation_9" AS "source"
    UNION ALL
    SELECT
        "source"."camera_id" AS "__reference_0"
    FROM "relation_10" AS "source"
    UNION ALL
    SELECT
        "source"."phone_id" AS "__reference_0"
    FROM "relation_11" AS "source"
    UNION ALL
    SELECT
        "source"."accessory_id" AS "__reference_0"
    FROM "relation_12" AS "source"
    UNION ALL
    SELECT
        "source"."appliance_id" AS "__reference_0"
    FROM "relation_13" AS "source"
    UNION ALL
    SELECT
        "source"."kitchenappliance_id" AS "__reference_0"
    FROM "relation_14" AS "source"
    UNION ALL
    SELECT
        "source"."apparel_id" AS "__reference_0"
    FROM "relation_15" AS "source"
    UNION ALL
    SELECT
        "source"."clothing_id" AS "__reference_0"
    FROM "relation_16" AS "source"
    UNION ALL
    SELECT
        "source"."menclothing_id" AS "__reference_0"
    FROM "relation_17" AS "source"
    UNION ALL
    SELECT
        "source"."womenclothing_id" AS "__reference_0"
    FROM "relation_18" AS "source"
    UNION ALL
    SELECT
        "source"."footwear_id" AS "__reference_0"
    FROM "relation_19" AS "source"
    UNION ALL
    SELECT
        "source"."digitalproduct_id" AS "__reference_0"
    FROM "relation_3" AS "source"
    UNION ALL
    SELECT
        "source"."media_id" AS "__reference_0"
    FROM "relation_20" AS "source"
    UNION ALL
    SELECT
        "source"."software_id" AS "__reference_0"
    FROM "relation_21" AS "source"
),
"b2" AS (
    SELECT
        "source"."supplier_id" AS "supplier_id",
        "source"."supplier_id" AS "__reference_0"
    FROM "relation_43" AS "source"
),
"b3" AS (
    SELECT
        "source"."purchaseorder_id" AS "__endpoint_purchaseorder_0",
        "source"."supplier_pos_supplier_id" AS "__endpoint_supplier_0"
    FROM "relation_61" AS "source"
),
"b4" AS (
    SELECT
        "source"."purchaseorder_id" AS "__reference_0"
    FROM "relation_45" AS "source"
)
SELECT 
    "b2"."supplier_id" AS "supplier_id",
    COUNT(DISTINCT "b4"."__reference_0") AS "related_count"
FROM (((("b0" INNER JOIN "b1" ON ("b0"."__endpoint_product_0" = "b1"."__reference_0")) INNER JOIN "b2" ON ("b0"."__endpoint_supplier_0" = "b2"."__reference_0")) INNER JOIN "b3" ON ("b3"."__endpoint_supplier_0" = "b2"."__reference_0")) INNER JOIN "b4" ON ("b3"."__endpoint_purchaseorder_0" = "b4"."__reference_0"))
WHERE ("b2"."supplier_id" <= 10516)
GROUP BY
    "b2"."__reference_0",
    "b2"."supplier_id"
HAVING (COUNT(DISTINCT "b4"."__reference_0") >= 2);
                                                                                        QUERY PLAN                                                                                         
-------------------------------------------------------------------------------------------------------------------------------------------------------------------------------------------
 GroupAggregate  (cost=4527.07..145010.06 rows=3527 width=16) (actual rows=1368 loops=1)
   Group Key: source_22.supplier_id
   Filter: (count(DISTINCT source_24.purchaseorder_id) >= 2)
   Rows Removed by Filter: 1415
   Buffers: shared hit=261449 read=4213 written=1301
   ->  Nested Loop  (cost=4527.07..126897.02 rows=3596153 width=8) (actual rows=4792 loops=1)
         Buffers: shared hit=261449 read=4213 written=1301
         ->  Gather Merge  (cost=4526.78..9043.21 rows=8268 width=12) (actual rows=4792 loops=1)
               Workers Planned: 1
               Workers Launched: 0
               Buffers: shared hit=13852 read=1144 written=588
               ->  Incremental Sort  (cost=3526.77..7113.05 rows=4864 width=12) (actual rows=4792 loops=1)
                     Sort Key: source_22.supplier_id, source_24.purchaseorder_id
                     Presorted Key: source_22.supplier_id
                     Full-sort Groups: 148  Sort Method: quicksort  Average Memory: 26kB  Peak Memory: 26kB
                     Buffers: shared hit=13852 read=1144 written=588
                     ->  Nested Loop  (cost=3526.06..6894.17 rows=4864 width=12) (actual rows=4792 loops=1)
                           Buffers: shared hit=13852 read=1144 written=588
                           ->  Merge Join  (cost=3525.64..4685.06 rows=4864 width=12) (actual rows=4792 loops=1)
                                 Merge Cond: (source.supplier_id = source_22.supplier_id)
                                 Buffers: shared hit=6 read=613 written=388
                                 ->  Parallel Index Only Scan using relation_60_pkey on relation_60 source  (cost=0.29..1009.25 rows=22755 width=8) (actual rows=3918 loops=1)
                                       Heap Fetches: 0
                                       Buffers: shared hit=3 read=15 written=5
                                 ->  Sort  (cost=3525.35..3557.95 rows=13039 width=12) (actual rows=13082 loops=1)
                                       Sort Key: source_22.supplier_id
                                       Sort Method: quicksort  Memory: 896kB
                                       Buffers: shared hit=3 read=598 written=383
                                       ->  Hash Join  (cost=437.75..2634.10 rows=13039 width=12) (actual rows=13082 loops=1)
                                             Hash Cond: (source_23.supplier_pos_supplier_id = source_22.supplier_id)
                                             Buffers: shared hit=3 read=598 written=383
                                             ->  Seq Scan on relation_61 source_23  (cost=0.00..1858.19 rows=128819 width=8) (actual rows=128819 loops=1)
                                                   Buffers: shared read=570 written=383
                                             ->  Hash  (cost=305.48..305.48 rows=10582 width=4) (actual rows=10516 loops=1)
                                                   Buckets: 16384  Batches: 1  Memory Usage: 498kB
                                                   Buffers: shared hit=3 read=28
                                                   ->  Index Only Scan using relation_43_pkey on relation_43 source_22  (cost=0.29..305.48 rows=10582 width=4) (actual rows=10516 loops=1)
                                                         Index Cond: (supplier_id <= 10516)
                                                         Heap Fetches: 0
                                                         Buffers: shared hit=3 read=28
                           ->  Index Only Scan using relation_45_pkey on relation_45 source_24  (cost=0.42..0.45 rows=1 width=4) (actual rows=1 loops=4792)
                                 Index Cond: (purchaseorder_id = source_23.purchaseorder_id)
                                 Heap Fetches: 0
                                 Buffers: shared hit=13846 read=531 written=200
         ->  Append  (cost=0.29..14.04 rows=21 width=4) (actual rows=1 loops=4792)
               Buffers: shared hit=247597 read=3069 written=713
               ->  Index Only Scan using relation_1_pkey on relation_1 source_1  (cost=0.29..0.33 rows=1 width=4) (actual rows=0 loops=4792)
                     Index Cond: (product_id = source.product_id)
                     Heap Fetches: 0
                     Buffers: shared hit=9579 read=6
               ->  Index Only Scan using relation_2_pkey on relation_2 source_2  (cost=0.29..0.33 rows=1 width=4) (actual rows=0 loops=4792)
                     Index Cond: (physicalproduct_id = source.product_id)
                     Heap Fetches: 0
                     Buffers: shared hit=9569 read=16 written=4
               ->  Index Only Scan using relation_4_pkey on relation_4 source_3  (cost=0.43..3.21 rows=1 width=4) (actual rows=1 loops=4792)
                     Index Cond: (electronics_id = source.product_id)
                     Heap Fetches: 0
                     Buffers: shared hit=13952 read=1720 written=390
               ->  Index Only Scan using relation_5_pkey on relation_5 source_4  (cost=0.29..0.34 rows=1 width=4) (actual rows=0 loops=4792)
                     Index Cond: (computer_id = source.product_id)
                     Heap Fetches: 0
                     Buffers: shared hit=9570 read=15 written=5
               ->  Index Only Scan using relation_6_pkey on relation_6 source_5  (cost=0.43..1.30 rows=1 width=4) (actual rows=0 loops=4792)
                     Index Cond: (desktop_id = source.product_id)
                     Heap Fetches: 0
                     Buffers: shared hit=14142 read=339 written=82
               ->  Index Only Scan using relation_7_pkey on relation_7 source_6  (cost=0.29..0.35 rows=1 width=4) (actual rows=0 loops=4792)
                     Index Cond: (laptop_id = source.product_id)
                     Heap Fetches: 0
                     Buffers: shared hit=9559 read=26 written=5
               ->  Index Only Scan using relation_8_pkey on relation_8 source_7  (cost=0.29..0.34 rows=1 width=4) (actual rows=0 loops=4792)
                     Index Cond: (tablet_id = source.product_id)
                     Heap Fetches: 0
                     Buffers: shared hit=9570 read=15 written=3
               ->  Index Only Scan using relation_9_pkey on relation_9 source_8  (cost=0.42..0.67 rows=1 width=4) (actual rows=0 loops=4792)
                     Index Cond: (smartwatch_id = source.product_id)
                     Heap Fetches: 0
                     Buffers: shared hit=14298 read=79 written=17
               ->  Index Only Scan using relation_10_pkey on relation_10 source_9  (cost=0.42..0.49 rows=1 width=4) (actual rows=0 loops=4792)
                     Index Cond: (camera_id = source.product_id)
                     Heap Fetches: 0
                     Buffers: shared hit=14351 read=26 written=4
               ->  Index Only Scan using relation_11_pkey on relation_11 source_10  (cost=0.42..0.74 rows=1 width=4) (actual rows=0 loops=4792)
                     Index Cond: (phone_id = source.product_id)
                     Heap Fetches: 0
                     Buffers: shared hit=14258 read=119 written=28
               ->  Index Only Scan using relation_12_pkey on relation_12 source_11  (cost=0.29..0.35 rows=1 width=4) (actual rows=0 loops=4792)
                     Index Cond: (accessory_id = source.product_id)
                     Heap Fetches: 0
                     Buffers: shared hit=9564 read=21 written=5
               ->  Index Only Scan using relation_13_pkey on relation_13 source_12  (cost=0.29..0.34 rows=1 width=4) (actual rows=0 loops=4792)
                     Index Cond: (appliance_id = source.product_id)
                     Heap Fetches: 0
                     Buffers: shared hit=9576 read=9 written=5
               ->  Index Only Scan using relation_14_pkey on relation_14 source_13  (cost=0.42..0.54 rows=1 width=4) (actual rows=0 loops=4792)
                     Index Cond: (kitchenappliance_id = source.product_id)
                     Heap Fetches: 0
                     Buffers: shared hit=14341 read=36 written=9
               ->  Index Only Scan using relation_15_pkey on relation_15 source_14  (cost=0.42..0.60 rows=1 width=4) (actual rows=0 loops=4792)
                     Index Cond: (apparel_id = source.product_id)
                     Heap Fetches: 0
                     Buffers: shared hit=14298 read=79 written=21
               ->  Index Only Scan using relation_16_pkey on relation_16 source_15  (cost=0.42..0.59 rows=1 width=4) (actual rows=0 loops=4792)
                     Index Cond: (clothing_id = source.product_id)
                     Heap Fetches: 0
                     Buffers: shared hit=14321 read=56 written=13
               ->  Index Only Scan using relation_17_pkey on relation_17 source_16  (cost=0.43..1.24 rows=1 width=4) (actual rows=0 loops=4792)
                     Index Cond: (menclothing_id = source.product_id)
                     Heap Fetches: 0
                     Buffers: shared hit=14158 read=281 written=79
               ->  Index Only Scan using relation_18_pkey on relation_18 source_17  (cost=0.29..0.34 rows=1 width=4) (actual rows=0 loops=4792)
                     Index Cond: (womenclothing_id = source.product_id)
                     Heap Fetches: 0
                     Buffers: shared hit=9565 read=20 written=3
               ->  Index Only Scan using relation_19_pkey on relation_19 source_18  (cost=0.29..0.31 rows=1 width=4) (actual rows=0 loops=4792)
                     Index Cond: (footwear_id = source.product_id)
                     Heap Fetches: 0
                     Buffers: shared hit=9577 read=8 written=3
               ->  Index Only Scan using relation_3_pkey on relation_3 source_19  (cost=0.29..0.33 rows=1 width=4) (actual rows=0 loops=4792)
                     Index Cond: (digitalproduct_id = source.product_id)
                     Heap Fetches: 0
                     Buffers: shared hit=9572 read=13 written=1
               ->  Index Only Scan using relation_20_pkey on relation_20 source_20  (cost=0.43..0.89 rows=1 width=4) (actual rows=0 loops=4792)
                     Index Cond: (media_id = source.product_id)
                     Heap Fetches: 0
                     Buffers: shared hit=14195 read=182 written=34
               ->  Index Only Scan using relation_21_pkey on relation_21 source_21  (cost=0.29..0.31 rows=1 width=4) (actual rows=0 loops=4792)
                     Index Cond: (software_id = source.product_id)
                     Heap Fetches: 0
                     Buffers: shared hit=9582 read=3 written=2
 Planning:
   Buffers: shared hit=249 read=2
 Planning Time: 0.742 ms
 JIT:
   Functions: 65
   Options: Inlining false, Optimization false, Expressions true, Deforming true
 Execution Time: 489.245 ms
(137 rows)

-- Q004 [aggregation] occurrence 1/1
-- Original E/R: SELECT e2.delivered_at, COUNT(DISTINCT REF(e1)) AS related_count FROM courier_shipments r JOIN CourierPartner e1 ON ENDPOINT(r, CourierPartner) = REF(e1) JOIN Shipment e2 ON ENDPOINT(r, Shipment) = REF(e2) WHERE e1.webhook_url < 'http://horn.com/' GROUP BY REF(e2), e2.delivered_at HAVING COUNT(DISTINCT REF(e1)) >= 4;
EXPLAIN (ANALYZE, BUFFERS, TIMING OFF, SUMMARY ON, FORMAT TEXT)
WITH
"b0" AS (
    SELECT
        "source"."courier_shipments_courierpartner_id" AS "__endpoint_courierpartner_0",
        "source"."custorder_id" AS "__endpoint_shipment_0",
        "source"."shipment_id" AS "__endpoint_shipment_1"
    FROM "relation_63" AS "source"
),
"b1" AS (
    SELECT
        "source"."webhook_url" AS "webhook_url",
        "source"."courierpartner_id" AS "__reference_0"
    FROM "relation_46" AS "source"
),
"b2" AS (
    SELECT
        "source"."delivered_at" AS "delivered_at",
        "source"."custorder_id" AS "__reference_0",
        "source"."shipment_id" AS "__reference_1"
    FROM "relation_38" AS "source"
)
SELECT 
    "b2"."delivered_at" AS "delivered_at",
    COUNT(DISTINCT "b1"."__reference_0") AS "related_count"
FROM (("b0" INNER JOIN "b1" ON ("b0"."__endpoint_courierpartner_0" = "b1"."__reference_0")) INNER JOIN "b2" ON ("b0"."__endpoint_shipment_0" = "b2"."__reference_0" AND "b0"."__endpoint_shipment_1" = "b2"."__reference_1"))
WHERE ("b1"."webhook_url" < 'http://horn.com/')
GROUP BY
    "b2"."__reference_0",
    "b2"."__reference_1",
    "b2"."delivered_at"
HAVING (COUNT(DISTINCT "b1"."__reference_0") >= 4);
                                                                QUERY PLAN                                                                 
-------------------------------------------------------------------------------------------------------------------------------------------
 GroupAggregate  (cost=915.37..915.39 rows=1 width=27) (actual rows=0 loops=1)
   Group Key: source_2.custorder_id, source_2.shipment_id
   Filter: (count(DISTINCT source_1.courierpartner_id) >= 4)
   Rows Removed by Filter: 1046
   Buffers: shared hit=30692 read=985 written=252
   ->  Sort  (cost=915.37..915.37 rows=1 width=23) (actual rows=1046 loops=1)
         Sort Key: source_2.custorder_id, source_2.shipment_id, source_1.courierpartner_id
         Sort Method: quicksort  Memory: 95kB
         Buffers: shared hit=30692 read=985 written=252
         ->  Nested Loop  (cost=318.92..915.36 rows=1 width=23) (actual rows=1046 loops=1)
               Buffers: shared hit=30692 read=985 written=252
               ->  Hash Join  (cost=318.62..914.78 rows=1 width=23) (actual rows=10465 loops=1)
                     Hash Cond: ((source_2.custorder_id = source.custorder_id) AND (source_2.shipment_id = source.shipment_id))
                     Buffers: shared read=282 written=68
                     ->  Seq Scan on relation_38 source_2  (cost=0.00..468.38 rows=24338 width=19) (actual rows=24338 loops=1)
                           Buffers: shared read=225 written=53
                     ->  Hash  (cost=161.65..161.65 rows=10465 width=12) (actual rows=10465 loops=1)
                           Buckets: 16384  Batches: 1  Memory Usage: 578kB
                           Buffers: shared read=57 written=15
                           ->  Seq Scan on relation_63 source  (cost=0.00..161.65 rows=10465 width=12) (actual rows=10465 loops=1)
                                 Buffers: shared read=57 written=15
               ->  Index Scan using relation_46_pkey on relation_46 source_1  (cost=0.29..0.58 rows=1 width=4) (actual rows=0 loops=10465)
                     Index Cond: (courierpartner_id = source.courier_shipments_courierpartner_id)
                     Filter: ((webhook_url)::text < 'http://horn.com/'::text)
                     Rows Removed by Filter: 1
                     Buffers: shared hit=30692 read=703 written=184
 Planning:
   Buffers: shared hit=56 read=5
 Planning Time: 0.779 ms
 Execution Time: 22.423 ms
(30 rows)

-- Q005 [aggregation] occurrence 1/1
-- Original E/R: SELECT e1.brand, COUNT(DISTINCT REF(e2)) AS related_count FROM payment_order r JOIN PaymentMethod e1 ON ENDPOINT(r, PaymentMethod) = REF(e1) JOIN CustOrder e2 ON ENDPOINT(r, CustOrder) = REF(e2) WHERE e2.placed_at <= '2023-05-03' GROUP BY REF(e1), e1.brand HAVING COUNT(DISTINCT REF(e2)) >= 1;
EXPLAIN (ANALYZE, BUFFERS, TIMING OFF, SUMMARY ON, FORMAT TEXT)
WITH
"b0" AS (
    SELECT
        "source"."custorder_id" AS "__endpoint_custorder_0",
        "source"."payment_order_customer_id" AS "__endpoint_paymentmethod_0",
        "source"."payment_order_payment_method_id" AS "__endpoint_paymentmethod_1"
    FROM "relation_56" AS "source"
),
"b1" AS (
    SELECT
        "source"."brand" AS "brand",
        "source"."customer_id" AS "__reference_0",
        "source"."payment_method_id" AS "__reference_1"
    FROM "relation_32" AS "source"
),
"b2" AS (
    SELECT
        "source"."placed_at" AS "placed_at",
        "source"."custorder_id" AS "__reference_0"
    FROM "relation_37" AS "source"
)
SELECT 
    "b1"."brand" AS "brand",
    COUNT(DISTINCT "b2"."__reference_0") AS "related_count"
FROM (("b0" INNER JOIN "b1" ON ("b0"."__endpoint_paymentmethod_0" = "b1"."__reference_0" AND "b0"."__endpoint_paymentmethod_1" = "b1"."__reference_1")) INNER JOIN "b2" ON ("b0"."__endpoint_custorder_0" = "b2"."__reference_0"))
WHERE ("b2"."placed_at" <= '2023-05-03')
GROUP BY
    "b1"."__reference_0",
    "b1"."__reference_1",
    "b1"."brand"
HAVING (COUNT(DISTINCT "b2"."__reference_0") >= 1);
                                                                              QUERY PLAN                                                                              
----------------------------------------------------------------------------------------------------------------------------------------------------------------------
 GroupAggregate  (cost=5731.30..5731.32 rows=1 width=23) (actual rows=19329 loops=1)
   Group Key: source_1.customer_id, source_1.payment_method_id
   Filter: (count(DISTINCT source_2.custorder_id) >= 1)
   Buffers: shared hit=211102 read=2323 written=937
   ->  Sort  (cost=5731.30..5731.30 rows=1 width=19) (actual rows=20764 loops=1)
         Sort Key: source_1.customer_id, source_1.payment_method_id, source_2.custorder_id
         Sort Method: quicksort  Memory: 1742kB
         Buffers: shared hit=211102 read=2323 written=937
         ->  Nested Loop  (cost=2148.02..5731.29 rows=1 width=19) (actual rows=20764 loops=1)
               Buffers: shared hit=211102 read=2323 written=937
               ->  Hash Join  (cost=2147.72..5730.93 rows=1 width=19) (actual rows=70629 loops=1)
                     Hash Cond: ((source_1.customer_id = source.payment_order_customer_id) AND (source_1.payment_method_id = source.payment_order_payment_method_id))
                     Buffers: shared read=1538 written=558
                     ->  Seq Scan on relation_32 source_1  (cost=0.00..2542.97 rows=138697 width=15) (actual rows=138697 loops=1)
                           Buffers: shared read=1156 written=557
                     ->  Hash  (cost=1088.29..1088.29 rows=70629 width=12) (actual rows=70629 loops=1)
                           Buckets: 131072  Batches: 1  Memory Usage: 4059kB
                           Buffers: shared read=382 written=1
                           ->  Seq Scan on relation_56 source  (cost=0.00..1088.29 rows=70629 width=12) (actual rows=70629 loops=1)
                                 Buffers: shared read=382 written=1
               ->  Index Scan using relation_37_pkey on relation_37 source_2  (cost=0.29..0.36 rows=1 width=4) (actual rows=0 loops=70629)
                     Index Cond: (custorder_id = source.custorder_id)
                     Filter: ((placed_at)::text <= '2023-05-03'::text)
                     Rows Removed by Filter: 1
                     Buffers: shared hit=211102 read=785 written=379
 Planning:
   Buffers: shared hit=48 read=11 written=1
 Planning Time: 0.384 ms
 Execution Time: 103.295 ms
(29 rows)

-- Q006 [weak_owner] occurrence 1/1
-- Original E/R: SELECT w.wishlist_name, w.wishlist_id, o.password_hash FROM Wishlist w JOIN Customer o ON OWNER(w) = REF(o) WHERE o.password_hash >= 'cd94b32f6ece0a42e85bf394c7927439ba8e207a59c3a2f039d1af18522b09b0';
EXPLAIN (ANALYZE, BUFFERS, TIMING OFF, SUMMARY ON, FORMAT TEXT)
WITH
"b0" AS (
    SELECT
        "source"."wishlist_id" AS "wishlist_id",
        "source"."wishlist_name" AS "wishlist_name",
        "source"."customer_id" AS "__owner_0"
    FROM "relation_34" AS "source"
),
"b1" AS (
    SELECT
        "source"."password_hash" AS "password_hash",
        "source"."customer_id" AS "__reference_0"
    FROM "relation_23" AS "source"
    UNION ALL
    SELECT
        "source"."password_hash" AS "password_hash",
        "source"."primecustomer_id" AS "__reference_0"
    FROM "relation_24" AS "source"
    UNION ALL
    SELECT
        "source"."password_hash" AS "password_hash",
        "source"."businesscustomer_id" AS "__reference_0"
    FROM "relation_25" AS "source"
)
SELECT 
    "b0"."wishlist_name" AS "wishlist_name",
    "b0"."wishlist_id" AS "wishlist_id",
    "b1"."password_hash" AS "password_hash"
FROM ("b0" INNER JOIN "b1" ON ("b0"."__owner_0" = "b1"."__reference_0"))
WHERE ("b1"."password_hash" >= 'cd94b32f6ece0a42e85bf394c7927439ba8e207a59c3a2f039d1af18522b09b0');
                                                        QUERY PLAN                                                         
---------------------------------------------------------------------------------------------------------------------------
 Hash Join  (cost=1302.22..51387.41 rows=209304 width=77) (actual rows=9140 loops=1)
   Hash Cond: (source_1.customer_id = source.customer_id)
   Buffers: shared read=33513 written=3437
   ->  Append  (cost=0.00..47229.79 rows=203296 width=69) (actual rows=204248 loops=1)
         Buffers: shared read=33251 written=3322
         ->  Seq Scan on relation_23 source_1  (cost=0.00..1550.31 rows=7240 width=69) (actual rows=7266 loops=1)
               Filter: ((password_hash)::text >= 'cd94b32f6ece0a42e85bf394c7927439ba8e207a59c3a2f039d1af18522b09b0'::text)
               Rows Removed by Filter: 29719
               Buffers: shared read=1088 written=730
         ->  Seq Scan on relation_24 source_2  (cost=0.00..4963.00 rows=19900 width=69) (actual rows=19523 loops=1)
               Filter: ((password_hash)::text >= 'cd94b32f6ece0a42e85bf394c7927439ba8e207a59c3a2f039d1af18522b09b0'::text)
               Rows Removed by Filter: 80477
               Buffers: shared read=3713 written=2583
         ->  Seq Scan on relation_25 source_3  (cost=0.00..39700.00 rows=176156 width=69) (actual rows=177459 loops=1)
               Filter: ((password_hash)::text >= 'cd94b32f6ece0a42e85bf394c7927439ba8e207a59c3a2f039d1af18522b09b0'::text)
               Rows Removed by Filter: 722541
               Buffers: shared read=28450 written=9
   ->  Hash  (cost=724.32..724.32 rows=46232 width=16) (actual rows=46232 loops=1)
         Buckets: 65536  Batches: 1  Memory Usage: 2725kB
         Buffers: shared read=262 written=115
         ->  Seq Scan on relation_34 source  (cost=0.00..724.32 rows=46232 width=16) (actual rows=46232 loops=1)
               Buffers: shared read=262 written=115
 Planning:
   Buffers: shared hit=11 read=1 written=1
 Planning Time: 0.158 ms
 Execution Time: 120.548 ms
(26 rows)

-- Q007 [complex_multi_join] occurrence 1/1
-- Original E/R: SELECT e1.product_id, e2.is_active, e3.cart_id FROM bundle_components r1 JOIN Product e1 ON ENDPOINT(r1, product_id) = REF(e1) JOIN Product e2 ON ENDPOINT(r1, bundle_product_id) = REF(e2) JOIN cart_contains r2 ON ENDPOINT(r2, Product) = REF(e2) JOIN Cart e3 ON ENDPOINT(r2, Cart) = REF(e3) WHERE e1.sku >= 'SKU-klfZ-12422029';
EXPLAIN (ANALYZE, BUFFERS, TIMING OFF, SUMMARY ON, FORMAT TEXT)
WITH
"b0" AS (
    SELECT
        "source"."bundle_product_product_id" AS "__endpoint_bundle_product_id_0",
        "source"."product_id" AS "__endpoint_product_id_0"
    FROM "relation_49" AS "source"
),
"b1" AS (
    SELECT
        "source"."product_id" AS "product_id",
        "source"."sku" AS "sku",
        "source"."product_id" AS "__reference_0"
    FROM "relation_1" AS "source"
    UNION ALL
    SELECT
        "source"."physicalproduct_id" AS "product_id",
        "source"."sku" AS "sku",
        "source"."physicalproduct_id" AS "__reference_0"
    FROM "relation_2" AS "source"
    UNION ALL
    SELECT
        "source"."electronics_id" AS "product_id",
        "source"."sku" AS "sku",
        "source"."electronics_id" AS "__reference_0"
    FROM "relation_4" AS "source"
    UNION ALL
    SELECT
        "source"."computer_id" AS "product_id",
        "source"."sku" AS "sku",
        "source"."computer_id" AS "__reference_0"
    FROM "relation_5" AS "source"
    UNION ALL
    SELECT
        "source"."desktop_id" AS "product_id",
        "source"."sku" AS "sku",
        "source"."desktop_id" AS "__reference_0"
    FROM "relation_6" AS "source"
    UNION ALL
    SELECT
        "source"."laptop_id" AS "product_id",
        "source"."sku" AS "sku",
        "source"."laptop_id" AS "__reference_0"
    FROM "relation_7" AS "source"
    UNION ALL
    SELECT
        "source"."tablet_id" AS "product_id",
        "source"."sku" AS "sku",
        "source"."tablet_id" AS "__reference_0"
    FROM "relation_8" AS "source"
    UNION ALL
    SELECT
        "source"."smartwatch_id" AS "product_id",
        "source"."sku" AS "sku",
        "source"."smartwatch_id" AS "__reference_0"
    FROM "relation_9" AS "source"
    UNION ALL
    SELECT
        "source"."camera_id" AS "product_id",
        "source"."sku" AS "sku",
        "source"."camera_id" AS "__reference_0"
    FROM "relation_10" AS "source"
    UNION ALL
    SELECT
        "source"."phone_id" AS "product_id",
        "source"."sku" AS "sku",
        "source"."phone_id" AS "__reference_0"
    FROM "relation_11" AS "source"
    UNION ALL
    SELECT
        "source"."accessory_id" AS "product_id",
        "source"."sku" AS "sku",
        "source"."accessory_id" AS "__reference_0"
    FROM "relation_12" AS "source"
    UNION ALL
    SELECT
        "source"."appliance_id" AS "product_id",
        "source"."sku" AS "sku",
        "source"."appliance_id" AS "__reference_0"
    FROM "relation_13" AS "source"
    UNION ALL
    SELECT
        "source"."kitchenappliance_id" AS "product_id",
        "source"."sku" AS "sku",
        "source"."kitchenappliance_id" AS "__reference_0"
    FROM "relation_14" AS "source"
    UNION ALL
    SELECT
        "source"."apparel_id" AS "product_id",
        "source"."sku" AS "sku",
        "source"."apparel_id" AS "__reference_0"
    FROM "relation_15" AS "source"
    UNION ALL
    SELECT
        "source"."clothing_id" AS "product_id",
        "source"."sku" AS "sku",
        "source"."clothing_id" AS "__reference_0"
    FROM "relation_16" AS "source"
    UNION ALL
    SELECT
        "source"."menclothing_id" AS "product_id",
        "source"."sku" AS "sku",
        "source"."menclothing_id" AS "__reference_0"
    FROM "relation_17" AS "source"
    UNION ALL
    SELECT
        "source"."womenclothing_id" AS "product_id",
        "source"."sku" AS "sku",
        "source"."womenclothing_id" AS "__reference_0"
    FROM "relation_18" AS "source"
    UNION ALL
    SELECT
        "source"."footwear_id" AS "product_id",
        "source"."sku" AS "sku",
        "source"."footwear_id" AS "__reference_0"
    FROM "relation_19" AS "source"
    UNION ALL
    SELECT
        "source"."digitalproduct_id" AS "product_id",
        "source"."sku" AS "sku",
        "source"."digitalproduct_id" AS "__reference_0"
    FROM "relation_3" AS "source"
    UNION ALL
    SELECT
        "source"."media_id" AS "product_id",
        "source"."sku" AS "sku",
        "source"."media_id" AS "__reference_0"
    FROM "relation_20" AS "source"
    UNION ALL
    SELECT
        "source"."software_id" AS "product_id",
        "source"."sku" AS "sku",
        "source"."software_id" AS "__reference_0"
    FROM "relation_21" AS "source"
),
"b2" AS (
    SELECT
        "source"."is_active" AS "is_active",
        "source"."product_id" AS "__reference_0"
    FROM "relation_1" AS "source"
    UNION ALL
    SELECT
        "source"."is_active" AS "is_active",
        "source"."physicalproduct_id" AS "__reference_0"
    FROM "relation_2" AS "source"
    UNION ALL
    SELECT
        "source"."is_active" AS "is_active",
        "source"."electronics_id" AS "__reference_0"
    FROM "relation_4" AS "source"
    UNION ALL
    SELECT
        "source"."is_active" AS "is_active",
        "source"."computer_id" AS "__reference_0"
    FROM "relation_5" AS "source"
    UNION ALL
    SELECT
        "source"."is_active" AS "is_active",
        "source"."desktop_id" AS "__reference_0"
    FROM "relation_6" AS "source"
    UNION ALL
    SELECT
        "source"."is_active" AS "is_active",
        "source"."laptop_id" AS "__reference_0"
    FROM "relation_7" AS "source"
    UNION ALL
    SELECT
        "source"."is_active" AS "is_active",
        "source"."tablet_id" AS "__reference_0"
    FROM "relation_8" AS "source"
    UNION ALL
    SELECT
        "source"."is_active" AS "is_active",
        "source"."smartwatch_id" AS "__reference_0"
    FROM "relation_9" AS "source"
    UNION ALL
    SELECT
        "source"."is_active" AS "is_active",
        "source"."camera_id" AS "__reference_0"
    FROM "relation_10" AS "source"
    UNION ALL
    SELECT
        "source"."is_active" AS "is_active",
        "source"."phone_id" AS "__reference_0"
    FROM "relation_11" AS "source"
    UNION ALL
    SELECT
        "source"."is_active" AS "is_active",
        "source"."accessory_id" AS "__reference_0"
    FROM "relation_12" AS "source"
    UNION ALL
    SELECT
        "source"."is_active" AS "is_active",
        "source"."appliance_id" AS "__reference_0"
    FROM "relation_13" AS "source"
    UNION ALL
    SELECT
        "source"."is_active" AS "is_active",
        "source"."kitchenappliance_id" AS "__reference_0"
    FROM "relation_14" AS "source"
    UNION ALL
    SELECT
        "source"."is_active" AS "is_active",
        "source"."apparel_id" AS "__reference_0"
    FROM "relation_15" AS "source"
    UNION ALL
    SELECT
        "source"."is_active" AS "is_active",
        "source"."clothing_id" AS "__reference_0"
    FROM "relation_16" AS "source"
    UNION ALL
    SELECT
        "source"."is_active" AS "is_active",
        "source"."menclothing_id" AS "__reference_0"
    FROM "relation_17" AS "source"
    UNION ALL
    SELECT
        "source"."is_active" AS "is_active",
        "source"."womenclothing_id" AS "__reference_0"
    FROM "relation_18" AS "source"
    UNION ALL
    SELECT
        "source"."is_active" AS "is_active",
        "source"."footwear_id" AS "__reference_0"
    FROM "relation_19" AS "source"
    UNION ALL
    SELECT
        "source"."is_active" AS "is_active",
        "source"."digitalproduct_id" AS "__reference_0"
    FROM "relation_3" AS "source"
    UNION ALL
    SELECT
        "source"."is_active" AS "is_active",
        "source"."media_id" AS "__reference_0"
    FROM "relation_20" AS "source"
    UNION ALL
    SELECT
        "source"."is_active" AS "is_active",
        "source"."software_id" AS "__reference_0"
    FROM "relation_21" AS "source"
),
"b3" AS (
    SELECT
        "source"."customer_id" AS "__endpoint_cart_0",
        "source"."cart_id" AS "__endpoint_cart_1",
        "source"."product_id" AS "__endpoint_product_0"
    FROM "relation_51" AS "source"
),
"b4" AS (
    SELECT
        "source"."cart_id" AS "cart_id",
        "source"."customer_id" AS "__reference_0",
        "source"."cart_id" AS "__reference_1"
    FROM "relation_33" AS "source"
)
SELECT 
    "b1"."product_id" AS "product_id",
    "b2"."is_active" AS "is_active",
    "b4"."cart_id" AS "cart_id"
FROM (((("b0" INNER JOIN "b1" ON ("b0"."__endpoint_product_id_0" = "b1"."__reference_0")) INNER JOIN "b2" ON ("b0"."__endpoint_bundle_product_id_0" = "b2"."__reference_0")) INNER JOIN "b3" ON ("b3"."__endpoint_product_0" = "b2"."__reference_0")) INNER JOIN "b4" ON ("b3"."__endpoint_cart_0" = "b4"."__reference_0" AND "b3"."__endpoint_cart_1" = "b4"."__reference_1"))
WHERE ("b1"."sku" >= 'SKU-klfZ-12422029');
                                                                   QUERY PLAN                                                                    
-------------------------------------------------------------------------------------------------------------------------------------------------
 Gather  (cost=3168.53..37397.60 rows=21 width=12) (actual rows=4862 loops=1)
   Workers Planned: 2
   Workers Launched: 0
   Buffers: shared hit=664299 read=39685 written=2968
   ->  Nested Loop  (cost=2168.53..36395.50 rows=9 width=12) (actual rows=4862 loops=1)
         Buffers: shared hit=664299 read=39685 written=2968
         ->  Nested Loop  (cost=2168.24..36337.41 rows=1 width=16) (actual rows=4862 loops=1)
               Buffers: shared hit=415465 read=30833 written=1943
               ->  Hash Join  (cost=2167.95..36279.27 rows=1 width=16) (actual rows=8131 loops=1)
                     Hash Cond: (source.bundle_product_product_id = source_43.product_id)
                     Buffers: shared read=15355 written=176
                     ->  Parallel Seq Scan on relation_49 source  (cost=0.00..28862.32 rows=1399732 width=8) (actual rows=3359356 loops=1)
                           Buffers: shared read=14865 written=20
                     ->  Hash  (cost=2167.94..2167.94 rows=1 width=8) (actual rows=40368 loops=1)
                           Buckets: 65536 (originally 1024)  Batches: 1 (originally 1)  Memory Usage: 2089kB
                           Buffers: shared read=490 written=156
                           ->  Hash Join  (cost=1333.33..2167.94 rows=1 width=8) (actual rows=40368 loops=1)
                                 Hash Cond: ((source_43.customer_id = source_44.customer_id) AND (source_43.cart_id = source_44.cart_id))
                                 Buffers: shared read=490 written=156
                                 ->  Seq Scan on relation_51 source_43  (cost=0.00..622.68 rows=40368 width=12) (actual rows=40368 loops=1)
                                       Buffers: shared read=219 written=124
                                 ->  Hash  (cost=695.93..695.93 rows=42493 width=8) (actual rows=42493 loops=1)
                                       Buckets: 65536  Batches: 1  Memory Usage: 2172kB
                                       Buffers: shared read=271 written=32
                                       ->  Seq Scan on relation_33 source_44  (cost=0.00..695.93 rows=42493 width=8) (actual rows=42493 loops=1)
                                             Buffers: shared read=271 written=32
               ->  Append  (cost=0.29..57.93 rows=21 width=8) (actual rows=1 loops=8131)
                     Buffers: shared hit=415465 read=15478 written=1767
                     ->  Index Scan using relation_1_pkey on relation_1 source_1  (cost=0.29..2.65 rows=1 width=8) (actual rows=0 loops=8131)
                           Index Cond: (product_id = source.product_id)
                           Filter: ((sku)::text >= 'SKU-klfZ-12422029'::text)
                           Rows Removed by Filter: 0
                           Buffers: shared hit=16236 read=61 written=8
                     ->  Index Scan using relation_2_pkey on relation_2 source_2  (cost=0.29..2.65 rows=1 width=8) (actual rows=0 loops=8131)
                           Index Cond: (physicalproduct_id = source.product_id)
                           Filter: ((sku)::text >= 'SKU-klfZ-12422029'::text)
                           Rows Removed by Filter: 0
                           Buffers: shared hit=16225 read=78 written=16
                     ->  Index Scan using relation_4_pkey on relation_4 source_3  (cost=0.43..3.21 rows=1 width=8) (actual rows=0 loops=8131)
                           Index Cond: (electronics_id = source.product_id)
                           Filter: ((sku)::text >= 'SKU-klfZ-12422029'::text)
                           Rows Removed by Filter: 0
                           Buffers: shared hit=20485 read=8229 written=964
                     ->  Index Scan using relation_5_pkey on relation_5 source_4  (cost=0.29..2.66 rows=1 width=8) (actual rows=0 loops=8131)
                           Index Cond: (computer_id = source.product_id)
                           Filter: ((sku)::text >= 'SKU-klfZ-12422029'::text)
                           Rows Removed by Filter: 0
                           Buffers: shared hit=16208 read=117 written=11
                     ->  Index Scan using relation_6_pkey on relation_6 source_5  (cost=0.43..2.89 rows=1 width=8) (actual rows=0 loops=8131)
                           Index Cond: (desktop_id = source.product_id)
                           Filter: ((sku)::text >= 'SKU-klfZ-12422029'::text)
                           Rows Removed by Filter: 0
                           Buffers: shared hit=23586 read=1690 written=155
                     ->  Index Scan using relation_7_pkey on relation_7 source_6  (cost=0.29..2.67 rows=1 width=8) (actual rows=0 loops=8131)
                           Index Cond: (laptop_id = source.product_id)
                           Filter: ((sku)::text >= 'SKU-klfZ-12422029'::text)
                           Rows Removed by Filter: 0
                           Buffers: shared hit=16206 read=119 written=11
                     ->  Index Scan using relation_8_pkey on relation_8 source_7  (cost=0.29..2.66 rows=1 width=8) (actual rows=0 loops=8131)
                           Index Cond: (tablet_id = source.product_id)
                           Filter: ((sku)::text >= 'SKU-klfZ-12422029'::text)
                           Rows Removed by Filter: 0
                           Buffers: shared hit=16223 read=84 written=13
                     ->  Index Scan using relation_9_pkey on relation_9 source_8  (cost=0.42..2.82 rows=1 width=8) (actual rows=0 loops=8131)
                           Index Cond: (smartwatch_id = source.product_id)
                           Filter: ((sku)::text >= 'SKU-klfZ-12422029'::text)
                           Rows Removed by Filter: 0
                           Buffers: shared hit=24163 read=482 written=44
                     ->  Index Scan using relation_10_pkey on relation_10 source_9  (cost=0.42..2.80 rows=1 width=8) (actual rows=0 loops=8131)
                           Index Cond: (camera_id = source.product_id)
                           Filter: ((sku)::text >= 'SKU-klfZ-12422029'::text)
                           Rows Removed by Filter: 0
                           Buffers: shared hit=24332 read=134 written=20
                     ->  Index Scan using relation_11_pkey on relation_11 source_10  (cost=0.42..2.83 rows=1 width=8) (actual rows=0 loops=8131)
                           Index Cond: (phone_id = source.product_id)
                           Filter: ((sku)::text >= 'SKU-klfZ-12422029'::text)
                           Rows Removed by Filter: 0
                           Buffers: shared hit=24099 read=613 written=71
                     ->  Index Scan using relation_12_pkey on relation_12 source_11  (cost=0.29..2.67 rows=1 width=8) (actual rows=0 loops=8131)
                           Index Cond: (accessory_id = source.product_id)
                           Filter: ((sku)::text >= 'SKU-klfZ-12422029'::text)
                           Rows Removed by Filter: 0
                           Buffers: shared hit=16191 read=151 written=14
                     ->  Index Scan using relation_13_pkey on relation_13 source_12  (cost=0.29..2.66 rows=1 width=8) (actual rows=0 loops=8131)
                           Index Cond: (appliance_id = source.product_id)
                           Filter: ((sku)::text >= 'SKU-klfZ-12422029'::text)
                           Rows Removed by Filter: 0
                           Buffers: shared hit=16246 read=35 written=2
                     ->  Index Scan using relation_14_pkey on relation_14 source_13  (cost=0.42..2.80 rows=1 width=8) (actual rows=0 loops=8131)
                           Index Cond: (kitchenappliance_id = source.product_id)
                           Filter: ((sku)::text >= 'SKU-klfZ-12422029'::text)
                           Rows Removed by Filter: 0
                           Buffers: shared hit=24281 read=240 written=44
                     ->  Index Scan using relation_15_pkey on relation_15 source_14  (cost=0.42..2.81 rows=1 width=8) (actual rows=0 loops=8131)
                           Index Cond: (apparel_id = source.product_id)
                           Filter: ((sku)::text >= 'SKU-klfZ-12422029'::text)
                           Rows Removed by Filter: 0
                           Buffers: shared hit=24231 read=345 written=42
                     ->  Index Scan using relation_16_pkey on relation_16 source_15  (cost=0.42..2.81 rows=1 width=8) (actual rows=0 loops=8131)
                           Index Cond: (clothing_id = source.product_id)
                           Filter: ((sku)::text >= 'SKU-klfZ-12422029'::text)
                           Rows Removed by Filter: 0
                           Buffers: shared hit=24247 read=304 written=28
                     ->  Index Scan using relation_17_pkey on relation_17 source_16  (cost=0.43..2.88 rows=1 width=8) (actual rows=0 loops=8131)
                           Index Cond: (menclothing_id = source.product_id)
                           Filter: ((sku)::text >= 'SKU-klfZ-12422029'::text)
                           Rows Removed by Filter: 0
                           Buffers: shared hit=23632 read=1582 written=204
                     ->  Index Scan using relation_18_pkey on relation_18 source_17  (cost=0.29..2.67 rows=1 width=8) (actual rows=0 loops=8131)
                           Index Cond: (womenclothing_id = source.product_id)
                           Filter: ((sku)::text >= 'SKU-klfZ-12422029'::text)
                           Rows Removed by Filter: 0
                           Buffers: shared hit=16210 read=115 written=12
                     ->  Index Scan using relation_19_pkey on relation_19 source_18  (cost=0.29..2.62 rows=1 width=8) (actual rows=0 loops=8131)
                           Index Cond: (footwear_id = source.product_id)
                           Filter: ((sku)::text >= 'SKU-klfZ-12422029'::text)
                           Rows Removed by Filter: 0
                           Buffers: shared hit=16254 read=17
                     ->  Index Scan using relation_3_pkey on relation_3 source_19  (cost=0.29..2.65 rows=1 width=8) (actual rows=0 loops=8131)
                           Index Cond: (digitalproduct_id = source.product_id)
                           Filter: ((sku)::text >= 'SKU-klfZ-12422029'::text)
                           Rows Removed by Filter: 0
                           Buffers: shared hit=16227 read=75 written=4
                     ->  Index Scan using relation_20_pkey on relation_20 source_20  (cost=0.43..2.84 rows=1 width=8) (actual rows=0 loops=8131)
                           Index Cond: (media_id = source.product_id)
                           Filter: ((sku)::text >= 'SKU-klfZ-12422029'::text)
                           Rows Removed by Filter: 0
                           Buffers: shared hit=23931 read=987 written=102
                     ->  Index Scan using relation_21_pkey on relation_21 source_21  (cost=0.29..2.60 rows=1 width=8) (actual rows=0 loops=8131)
                           Index Cond: (software_id = source.product_id)
                           Filter: ((sku)::text >= 'SKU-klfZ-12422029'::text)
                           Rows Removed by Filter: 0
                           Buffers: shared hit=16252 read=20 written=2
         ->  Append  (cost=0.29..57.88 rows=21 width=8) (actual rows=1 loops=4862)
               Buffers: shared hit=248834 read=8852 written=1025
               ->  Index Scan using relation_1_pkey on relation_1 source_22  (cost=0.29..2.65 rows=1 width=8) (actual rows=0 loops=4862)
                     Index Cond: (product_id = source.bundle_product_product_id)
                     Buffers: shared hit=9708 read=37 written=6
               ->  Index Scan using relation_2_pkey on relation_2 source_23  (cost=0.29..2.65 rows=1 width=8) (actual rows=0 loops=4862)
                     Index Cond: (physicalproduct_id = source.bundle_product_product_id)
                     Buffers: shared hit=9706 read=39 written=1
               ->  Index Scan using relation_4_pkey on relation_4 source_24  (cost=0.43..3.20 rows=1 width=8) (actual rows=1 loops=4862)
                     Index Cond: (electronics_id = source.bundle_product_product_id)
                     Buffers: shared hit=12406 read=4811 written=536
               ->  Index Scan using relation_5_pkey on relation_5 source_25  (cost=0.29..2.65 rows=1 width=8) (actual rows=0 loops=4862)
                     Index Cond: (computer_id = source.bundle_product_product_id)
                     Buffers: shared hit=9709 read=41 written=8
               ->  Index Scan using relation_6_pkey on relation_6 source_26  (cost=0.43..2.88 rows=1 width=8) (actual rows=0 loops=4862)
                     Index Cond: (desktop_id = source.bundle_product_product_id)
                     Buffers: shared hit=14143 read=973 written=133
               ->  Index Scan using relation_7_pkey on relation_7 source_27  (cost=0.29..2.67 rows=1 width=8) (actual rows=0 loops=4862)
                     Index Cond: (laptop_id = source.bundle_product_product_id)
                     Buffers: shared hit=9688 read=81 written=12
               ->  Index Scan using relation_8_pkey on relation_8 source_28  (cost=0.29..2.66 rows=1 width=8) (actual rows=0 loops=4862)
                     Index Cond: (tablet_id = source.bundle_product_product_id)
                     Buffers: shared hit=9704 read=43 written=7
               ->  Index Scan using relation_9_pkey on relation_9 source_29  (cost=0.42..2.81 rows=1 width=8) (actual rows=0 loops=4862)
                     Index Cond: (smartwatch_id = source.bundle_product_product_id)
                     Buffers: shared hit=14466 read=263 written=27
               ->  Index Scan using relation_10_pkey on relation_10 source_30  (cost=0.42..2.79 rows=1 width=8) (actual rows=0 loops=4862)
                     Index Cond: (camera_id = source.bundle_product_product_id)
                     Buffers: shared hit=14533 read=113 written=11
               ->  Index Scan using relation_11_pkey on relation_11 source_31  (cost=0.42..2.82 rows=1 width=8) (actual rows=0 loops=4862)
                     Index Cond: (phone_id = source.bundle_product_product_id)
                     Buffers: shared hit=14437 read=324 written=48
               ->  Index Scan using relation_12_pkey on relation_12 source_32  (cost=0.29..2.67 rows=1 width=8) (actual rows=0 loops=4862)
                     Index Cond: (accessory_id = source.bundle_product_product_id)
                     Buffers: shared hit=9691 read=76 written=4
               ->  Index Scan using relation_13_pkey on relation_13 source_33  (cost=0.29..2.66 rows=1 width=8) (actual rows=0 loops=4862)
                     Index Cond: (appliance_id = source.bundle_product_product_id)
                     Buffers: shared hit=9705 read=41 written=3
               ->  Index Scan using relation_14_pkey on relation_14 source_34  (cost=0.42..2.80 rows=1 width=8) (actual rows=0 loops=4862)
                     Index Cond: (kitchenappliance_id = source.bundle_product_product_id)
                     Buffers: shared hit=14519 read=142 written=9
               ->  Index Scan using relation_15_pkey on relation_15 source_35  (cost=0.42..2.81 rows=1 width=8) (actual rows=0 loops=4862)
                     Index Cond: (apparel_id = source.bundle_product_product_id)
                     Buffers: shared hit=14515 read=174 written=18
               ->  Index Scan using relation_16_pkey on relation_16 source_36  (cost=0.42..2.80 rows=1 width=8) (actual rows=0 loops=4862)
                     Index Cond: (clothing_id = source.bundle_product_product_id)
                     Buffers: shared hit=14531 read=130 written=16
               ->  Index Scan using relation_17_pkey on relation_17 source_37  (cost=0.43..2.88 rows=1 width=8) (actual rows=0 loops=4862)
                     Index Cond: (menclothing_id = source.bundle_product_product_id)
                     Buffers: shared hit=14189 read=874 written=106
               ->  Index Scan using relation_18_pkey on relation_18 source_38  (cost=0.29..2.66 rows=1 width=8) (actual rows=0 loops=4862)
                     Index Cond: (womenclothing_id = source.bundle_product_product_id)
                     Buffers: shared hit=9692 read=75 written=10
               ->  Index Scan using relation_19_pkey on relation_19 source_39  (cost=0.29..2.61 rows=1 width=8) (actual rows=0 loops=4862)
                     Index Cond: (footwear_id = source.bundle_product_product_id)
                     Buffers: shared hit=9722 read=6 written=4
               ->  Index Scan using relation_3_pkey on relation_3 source_40  (cost=0.29..2.65 rows=1 width=8) (actual rows=0 loops=4862)
                     Index Cond: (digitalproduct_id = source.bundle_product_product_id)
                     Buffers: shared hit=9706 read=37 written=6
               ->  Index Scan using relation_20_pkey on relation_20 source_41  (cost=0.43..2.84 rows=1 width=8) (actual rows=0 loops=4862)
                     Index Cond: (media_id = source.bundle_product_product_id)
                     Buffers: shared hit=14343 read=565 written=60
               ->  Index Scan using relation_21_pkey on relation_21 source_42  (cost=0.29..2.59 rows=1 width=8) (actual rows=0 loops=4862)
                     Index Cond: (software_id = source.bundle_product_product_id)
                     Buffers: shared hit=9721 read=7
 Planning:
   Buffers: shared hit=196 read=3
 Planning Time: 1.005 ms
 Execution Time: 2193.523 ms
(202 rows)

-- Q008 [aggregation] occurrence 1/1
-- Original E/R: SELECT e2.sku, COUNT(DISTINCT REF(e1)) AS related_count FROM bought_together r JOIN Product e1 ON ENDPOINT(r, product_id) = REF(e1) JOIN Product e2 ON ENDPOINT(r, bought_together_product_id) = REF(e2) WHERE e1.product_id < 8432208 GROUP BY REF(e2), e2.sku HAVING COUNT(DISTINCT REF(e1)) >= 3;
EXPLAIN (ANALYZE, BUFFERS, TIMING OFF, SUMMARY ON, FORMAT TEXT)
WITH
"b0" AS (
    SELECT
        "source"."bought_together_product_product_id" AS "__endpoint_bought_together_product_id_0",
        "source"."product_id" AS "__endpoint_product_id_0"
    FROM "relation_50" AS "source"
),
"b1" AS (
    SELECT
        "source"."product_id" AS "product_id",
        "source"."product_id" AS "__reference_0"
    FROM "relation_1" AS "source"
    UNION ALL
    SELECT
        "source"."physicalproduct_id" AS "product_id",
        "source"."physicalproduct_id" AS "__reference_0"
    FROM "relation_2" AS "source"
    UNION ALL
    SELECT
        "source"."electronics_id" AS "product_id",
        "source"."electronics_id" AS "__reference_0"
    FROM "relation_4" AS "source"
    UNION ALL
    SELECT
        "source"."computer_id" AS "product_id",
        "source"."computer_id" AS "__reference_0"
    FROM "relation_5" AS "source"
    UNION ALL
    SELECT
        "source"."desktop_id" AS "product_id",
        "source"."desktop_id" AS "__reference_0"
    FROM "relation_6" AS "source"
    UNION ALL
    SELECT
        "source"."laptop_id" AS "product_id",
        "source"."laptop_id" AS "__reference_0"
    FROM "relation_7" AS "source"
    UNION ALL
    SELECT
        "source"."tablet_id" AS "product_id",
        "source"."tablet_id" AS "__reference_0"
    FROM "relation_8" AS "source"
    UNION ALL
    SELECT
        "source"."smartwatch_id" AS "product_id",
        "source"."smartwatch_id" AS "__reference_0"
    FROM "relation_9" AS "source"
    UNION ALL
    SELECT
        "source"."camera_id" AS "product_id",
        "source"."camera_id" AS "__reference_0"
    FROM "relation_10" AS "source"
    UNION ALL
    SELECT
        "source"."phone_id" AS "product_id",
        "source"."phone_id" AS "__reference_0"
    FROM "relation_11" AS "source"
    UNION ALL
    SELECT
        "source"."accessory_id" AS "product_id",
        "source"."accessory_id" AS "__reference_0"
    FROM "relation_12" AS "source"
    UNION ALL
    SELECT
        "source"."appliance_id" AS "product_id",
        "source"."appliance_id" AS "__reference_0"
    FROM "relation_13" AS "source"
    UNION ALL
    SELECT
        "source"."kitchenappliance_id" AS "product_id",
        "source"."kitchenappliance_id" AS "__reference_0"
    FROM "relation_14" AS "source"
    UNION ALL
    SELECT
        "source"."apparel_id" AS "product_id",
        "source"."apparel_id" AS "__reference_0"
    FROM "relation_15" AS "source"
    UNION ALL
    SELECT
        "source"."clothing_id" AS "product_id",
        "source"."clothing_id" AS "__reference_0"
    FROM "relation_16" AS "source"
    UNION ALL
    SELECT
        "source"."menclothing_id" AS "product_id",
        "source"."menclothing_id" AS "__reference_0"
    FROM "relation_17" AS "source"
    UNION ALL
    SELECT
        "source"."womenclothing_id" AS "product_id",
        "source"."womenclothing_id" AS "__reference_0"
    FROM "relation_18" AS "source"
    UNION ALL
    SELECT
        "source"."footwear_id" AS "product_id",
        "source"."footwear_id" AS "__reference_0"
    FROM "relation_19" AS "source"
    UNION ALL
    SELECT
        "source"."digitalproduct_id" AS "product_id",
        "source"."digitalproduct_id" AS "__reference_0"
    FROM "relation_3" AS "source"
    UNION ALL
    SELECT
        "source"."media_id" AS "product_id",
        "source"."media_id" AS "__reference_0"
    FROM "relation_20" AS "source"
    UNION ALL
    SELECT
        "source"."software_id" AS "product_id",
        "source"."software_id" AS "__reference_0"
    FROM "relation_21" AS "source"
),
"b2" AS (
    SELECT
        "source"."sku" AS "sku",
        "source"."product_id" AS "__reference_0"
    FROM "relation_1" AS "source"
    UNION ALL
    SELECT
        "source"."sku" AS "sku",
        "source"."physicalproduct_id" AS "__reference_0"
    FROM "relation_2" AS "source"
    UNION ALL
    SELECT
        "source"."sku" AS "sku",
        "source"."electronics_id" AS "__reference_0"
    FROM "relation_4" AS "source"
    UNION ALL
    SELECT
        "source"."sku" AS "sku",
        "source"."computer_id" AS "__reference_0"
    FROM "relation_5" AS "source"
    UNION ALL
    SELECT
        "source"."sku" AS "sku",
        "source"."desktop_id" AS "__reference_0"
    FROM "relation_6" AS "source"
    UNION ALL
    SELECT
        "source"."sku" AS "sku",
        "source"."laptop_id" AS "__reference_0"
    FROM "relation_7" AS "source"
    UNION ALL
    SELECT
        "source"."sku" AS "sku",
        "source"."tablet_id" AS "__reference_0"
    FROM "relation_8" AS "source"
    UNION ALL
    SELECT
        "source"."sku" AS "sku",
        "source"."smartwatch_id" AS "__reference_0"
    FROM "relation_9" AS "source"
    UNION ALL
    SELECT
        "source"."sku" AS "sku",
        "source"."camera_id" AS "__reference_0"
    FROM "relation_10" AS "source"
    UNION ALL
    SELECT
        "source"."sku" AS "sku",
        "source"."phone_id" AS "__reference_0"
    FROM "relation_11" AS "source"
    UNION ALL
    SELECT
        "source"."sku" AS "sku",
        "source"."accessory_id" AS "__reference_0"
    FROM "relation_12" AS "source"
    UNION ALL
    SELECT
        "source"."sku" AS "sku",
        "source"."appliance_id" AS "__reference_0"
    FROM "relation_13" AS "source"
    UNION ALL
    SELECT
        "source"."sku" AS "sku",
        "source"."kitchenappliance_id" AS "__reference_0"
    FROM "relation_14" AS "source"
    UNION ALL
    SELECT
        "source"."sku" AS "sku",
        "source"."apparel_id" AS "__reference_0"
    FROM "relation_15" AS "source"
    UNION ALL
    SELECT
        "source"."sku" AS "sku",
        "source"."clothing_id" AS "__reference_0"
    FROM "relation_16" AS "source"
    UNION ALL
    SELECT
        "source"."sku" AS "sku",
        "source"."menclothing_id" AS "__reference_0"
    FROM "relation_17" AS "source"
    UNION ALL
    SELECT
        "source"."sku" AS "sku",
        "source"."womenclothing_id" AS "__reference_0"
    FROM "relation_18" AS "source"
    UNION ALL
    SELECT
        "source"."sku" AS "sku",
        "source"."footwear_id" AS "__reference_0"
    FROM "relation_19" AS "source"
    UNION ALL
    SELECT
        "source"."sku" AS "sku",
        "source"."digitalproduct_id" AS "__reference_0"
    FROM "relation_3" AS "source"
    UNION ALL
    SELECT
        "source"."sku" AS "sku",
        "source"."media_id" AS "__reference_0"
    FROM "relation_20" AS "source"
    UNION ALL
    SELECT
        "source"."sku" AS "sku",
        "source"."software_id" AS "__reference_0"
    FROM "relation_21" AS "source"
)
SELECT 
    "b2"."sku" AS "sku",
    COUNT(DISTINCT "b1"."__reference_0") AS "related_count"
FROM (("b0" INNER JOIN "b1" ON ("b0"."__endpoint_product_id_0" = "b1"."__reference_0")) INNER JOIN "b2" ON ("b0"."__endpoint_bought_together_product_id_0" = "b2"."__reference_0"))
WHERE ("b1"."product_id" < 8432208)
GROUP BY
    "b2"."__reference_0",
    "b2"."sku"
HAVING (COUNT(DISTINCT "b1"."__reference_0") >= 3);
                                                                                      QUERY PLAN                                                                                       
---------------------------------------------------------------------------------------------------------------------------------------------------------------------------------------
 GroupAggregate  (cost=4193200.28..9588624.63 rows=13333 width=30) (actual rows=228767 loops=1)
   Group Key: source_24.electronics_id, source_24.sku
   Filter: (count(DISTINCT source_5.desktop_id) >= 3)
   Rows Removed by Filter: 6272026
   Buffers: shared hit=3971 read=621440 written=8, temp read=228584 written=228670
   ->  Gather Merge  (cost=4193200.28..9261730.49 rows=43519219 width=26) (actual rows=8220670 loops=1)
         Workers Planned: 2
         Workers Launched: 0
         Buffers: shared hit=3971 read=621440 written=8, temp read=228584 written=228670
         ->  Sort  (cost=4192200.25..4237532.77 rows=18133008 width=26) (actual rows=8220670 loops=1)
               Sort Key: source_24.electronics_id, source_24.sku, source_5.desktop_id
               Sort Method: external merge  Disk: 305696kB
               Buffers: shared hit=3971 read=621440 written=8, temp read=228584 written=228670
               ->  Parallel Hash Join  (cost=802380.80..1572224.89 rows=18133008 width=26) (actual rows=8220670 loops=1)
                     Hash Cond: (source_24.electronics_id = source.bought_together_product_product_id)
                     Buffers: shared hit=3971 read=621440 written=8, temp read=190372 written=190448
                     ->  Parallel Append  (cost=0.00..469696.95 rows=6998530 width=22) (actual rows=16796782 loops=1)
                           Buffers: shared hit=129 read=363487 written=8
                           ->  Parallel Seq Scan on relation_4 source_24  (cost=0.00..226203.18 rows=3751518 width=22) (actual rows=9004045 loops=1)
                                 Buffers: shared read=188688
                           ->  Parallel Seq Scan on relation_6 source_26  (cost=0.00..52297.16 rows=782416 width=22) (actual rows=1877778 loops=1)
                                 Buffers: shared read=44473
                           ->  Parallel Seq Scan on relation_17 source_37  (cost=0.00..45641.97 rows=704197 width=22) (actual rows=1690000 loops=1)
                                 Buffers: shared read=38600
                           ->  Parallel Seq Scan on relation_20 source_41  (cost=0.00..27364.04 rows=440104 width=22) (actual rows=1056250 loops=1)
                                 Buffers: shared read=22963
                           ->  Parallel Seq Scan on relation_11 source_31  (cost=0.00..17894.67 rows=281667 width=22) (actual rows=676001 loops=1)
                                 Buffers: shared read=15078
                           ->  Parallel Seq Scan on relation_9 source_29  (cost=0.00..12029.02 rows=195602 width=22) (actual rows=469445 loops=1)
                                 Buffers: shared read=10073
                           ->  Parallel Seq Scan on relation_15 source_35  (cost=0.00..9201.84 rows=151984 width=22) (actual rows=364762 loops=1)
                                 Buffers: shared read=7682
                           ->  Parallel Seq Scan on relation_16 source_36  (cost=0.00..7768.59 rows=124159 width=22) (actual rows=297982 loops=1)
                                 Buffers: shared read=6527
                           ->  Parallel Seq Scan on relation_14 source_34  (cost=0.00..6762.26 rows=110026 width=22) (actual rows=264063 loops=1)
                                 Buffers: shared read=5662
                           ->  Parallel Seq Scan on relation_10 source_30  (cost=0.00..4332.17 rows=70417 width=22) (actual rows=169001 loops=1)
                                 Buffers: shared read=3628
                           ->  Parallel Seq Scan on relation_7 source_27  (cost=0.00..3791.96 rows=58196 width=22) (actual rows=139670 loops=1)
                                 Buffers: shared read=3210
                           ->  Parallel Seq Scan on relation_12 source_32  (cost=0.00..3785.74 rows=60374 width=22) (actual rows=144898 loops=1)
                                 Buffers: shared hit=1 read=3181 written=1
                           ->  Parallel Seq Scan on relation_18 source_38  (cost=0.00..3365.36 rows=69036 width=22) (actual rows=117362 loops=1)
                                 Buffers: shared hit=10 read=2665
                           ->  Parallel Seq Scan on relation_5 source_25  (cost=0.00..3040.53 rows=63053 width=22) (actual rows=107190 loops=1)
                                 Buffers: shared hit=21 read=2389
                           ->  Parallel Seq Scan on relation_8 source_28  (cost=0.00..2734.24 rows=58824 width=22) (actual rows=100000 loops=1)
                                 Buffers: shared hit=17 read=2129
                           ->  Parallel Seq Scan on relation_2 source_23  (cost=0.00..2262.09 rows=50509 width=22) (actual rows=85865 loops=1)
                                 Buffers: shared hit=15 read=1742 written=2
                           ->  Parallel Seq Scan on relation_3 source_40  (cost=0.00..1796.41 rows=39241 width=22) (actual rows=66709 loops=1)
                                 Buffers: shared hit=19 read=1385 written=5
                           ->  Parallel Seq Scan on relation_13 source_33  (cost=0.00..1612.65 rows=35365 width=22) (actual rows=60120 loops=1)
                                 Buffers: shared hit=14 read=1245
                           ->  Parallel Seq Scan on relation_1 source_22  (cost=0.00..1599.70 rows=36470 width=22) (actual rows=61999 loops=1)
                                 Buffers: shared hit=19 read=1216
                           ->  Parallel Seq Scan on relation_19 source_39  (cost=0.00..795.48 rows=16848 width=22) (actual rows=28642 loops=1)
                                 Buffers: shared hit=4 read=623
                           ->  Parallel Seq Scan on relation_21 source_42  (cost=0.00..425.24 rows=8824 width=22) (actual rows=15000 loops=1)
                                 Buffers: shared hit=9 read=328
                     ->  Parallel Hash  (cost=644467.17..644467.17 rows=9625170 width=8) (actual rows=8220670 loops=1)
                           Buckets: 4194304  Batches: 16  Memory Usage: 52928kB
                           Buffers: shared hit=3842 read=257953, temp read=73707 written=100112
                           ->  Parallel Hash Join  (cost=252670.20..644467.17 rows=9625170 width=8) (actual rows=8220670 loops=1)
                                 Hash Cond: (source_5.desktop_id = source.product_id)
                                 Buffers: shared hit=3842 read=257953, temp read=73707 written=73736
                                 ->  Parallel Append  (cost=0.43..258269.40 rows=3502400 width=4) (actual rows=8432207 loops=1)
                                       Buffers: shared hit=3842 read=185483
                                       ->  Parallel Index Only Scan using relation_6_pkey on relation_6 source_5  (cost=0.43..4.44 rows=1 width=4) (actual rows=0 loops=1)
                                             Index Cond: (desktop_id < 8432208)
                                             Heap Fetches: 0
                                             Buffers: shared hit=3
                                       ->  Parallel Index Only Scan using relation_17_pkey on relation_17 source_16  (cost=0.43..4.44 rows=1 width=4) (actual rows=0 loops=1)
                                             Index Cond: (menclothing_id < 8432208)
                                             Heap Fetches: 0
                                             Buffers: shared hit=3
                                       ->  Parallel Index Only Scan using relation_20_pkey on relation_20 source_20  (cost=0.43..4.44 rows=1 width=4) (actual rows=0 loops=1)
                                             Index Cond: (media_id < 8432208)
                                             Heap Fetches: 0
                                             Buffers: shared hit=3
                                       ->  Parallel Index Only Scan using relation_11_pkey on relation_11 source_10  (cost=0.42..4.44 rows=1 width=4) (actual rows=0 loops=1)
                                             Index Cond: (phone_id < 8432208)
                                             Heap Fetches: 0
                                             Buffers: shared hit=3
                                       ->  Parallel Index Only Scan using relation_9_pkey on relation_9 source_8  (cost=0.42..4.44 rows=1 width=4) (actual rows=0 loops=1)
                                             Index Cond: (smartwatch_id < 8432208)
                                             Heap Fetches: 0
                                             Buffers: shared hit=3
                                       ->  Parallel Index Only Scan using relation_14_pkey on relation_14 source_13  (cost=0.42..4.44 rows=1 width=4) (actual rows=0 loops=1)
                                             Index Cond: (kitchenappliance_id < 8432208)
                                             Heap Fetches: 0
                                             Buffers: shared hit=3
                                       ->  Parallel Index Only Scan using relation_15_pkey on relation_15 source_14  (cost=0.42..4.44 rows=1 width=4) (actual rows=0 loops=1)
                                             Index Cond: (apparel_id < 8432208)
                                             Heap Fetches: 0
                                             Buffers: shared hit=3
                                       ->  Parallel Index Only Scan using relation_16_pkey on relation_16 source_15  (cost=0.42..4.44 rows=1 width=4) (actual rows=0 loops=1)
                                             Index Cond: (clothing_id < 8432208)
                                             Heap Fetches: 0
                                             Buffers: shared hit=3
                                       ->  Parallel Index Only Scan using relation_10_pkey on relation_10 source_9  (cost=0.42..4.43 rows=1 width=4) (actual rows=0 loops=1)
                                             Index Cond: (camera_id < 8432208)
                                             Heap Fetches: 0
                                             Buffers: shared hit=3
                                       ->  Parallel Index Only Scan using relation_7_pkey on relation_7 source_6  (cost=0.29..4.31 rows=1 width=4) (actual rows=0 loops=1)
                                             Index Cond: (laptop_id < 8432208)
                                             Heap Fetches: 0
                                             Buffers: shared hit=2
                                       ->  Parallel Index Only Scan using relation_12_pkey on relation_12 source_11  (cost=0.29..4.31 rows=1 width=4) (actual rows=0 loops=1)
                                             Index Cond: (accessory_id < 8432208)
                                             Heap Fetches: 0
                                             Buffers: shared hit=2
                                       ->  Parallel Index Only Scan using relation_2_pkey on relation_2 source_2  (cost=0.29..1950.05 rows=35777 width=4) (actual rows=85865 loops=1)
                                             Index Cond: (physicalproduct_id < 8432208)
                                             Heap Fetches: 0
                                             Buffers: shared hit=32 read=205
                                       ->  Parallel Index Only Scan using relation_3_pkey on relation_3 source_19  (cost=0.29..1633.02 rows=39241 width=4) (actual rows=66709 loops=1)
                                             Index Cond: (digitalproduct_id < 8432208)
                                             Heap Fetches: 0
                                             Buffers: shared hit=28 read=157
                                       ->  Parallel Index Only Scan using relation_5_pkey on relation_5 source_4  (cost=0.29..4.31 rows=1 width=4) (actual rows=0 loops=1)
                                             Index Cond: (computer_id < 8432208)
                                             Heap Fetches: 0
                                             Buffers: shared hit=2
                                       ->  Parallel Index Only Scan using relation_8_pkey on relation_8 source_7  (cost=0.29..4.31 rows=1 width=4) (actual rows=0 loops=1)
                                             Index Cond: (tablet_id < 8432208)
                                             Heap Fetches: 0
                                             Buffers: shared hit=2
                                       ->  Parallel Index Only Scan using relation_18_pkey on relation_18 source_17  (cost=0.29..4.31 rows=1 width=4) (actual rows=0 loops=1)
                                             Index Cond: (womenclothing_id < 8432208)
                                             Heap Fetches: 0
                                             Buffers: shared hit=2
                                       ->  Parallel Index Only Scan using relation_1_pkey on relation_1 source_1  (cost=0.29..1517.98 rows=36470 width=4) (actual rows=61999 loops=1)
                                             Index Cond: (product_id < 8432208)
                                             Heap Fetches: 0
                                             Buffers: shared hit=25 read=147
                                       ->  Parallel Index Only Scan using relation_13_pkey on relation_13 source_12  (cost=0.29..4.30 rows=1 width=4) (actual rows=0 loops=1)
                                             Index Cond: (appliance_id < 8432208)
                                             Heap Fetches: 0
                                             Buffers: shared hit=2
                                       ->  Parallel Index Only Scan using relation_19_pkey on relation_19 source_18  (cost=0.29..4.30 rows=1 width=4) (actual rows=0 loops=1)
                                             Index Cond: (footwear_id < 8432208)
                                             Heap Fetches: 0
                                             Buffers: shared hit=2
                                       ->  Parallel Index Only Scan using relation_21_pkey on relation_21 source_21  (cost=0.29..4.30 rows=1 width=4) (actual rows=0 loops=1)
                                             Index Cond: (software_id < 8432208)
                                             Heap Fetches: 0
                                             Buffers: shared hit=2
                                       ->  Parallel Seq Scan on relation_4 source_3  (cost=0.00..235581.98 rows=3412977 width=4) (actual rows=8217634 loops=1)
                                             Filter: (electronics_id < 8432208)
                                             Rows Removed by Filter: 786411
                                             Buffers: shared hit=3714 read=184974
                                 ->  Parallel Hash  (cost=140711.23..140711.23 rows=6824123 width=8) (actual rows=16378086 loops=1)
                                       Buckets: 4194304  Batches: 8  Memory Usage: 113024kB
                                       Buffers: shared read=72470, temp written=49008
                                       ->  Parallel Seq Scan on relation_50 source  (cost=0.00..140711.23 rows=6824123 width=8) (actual rows=16378086 loops=1)
                                             Buffers: shared read=72470
 Planning:
   Buffers: shared hit=69 read=26
 Planning Time: 1.285 ms
 JIT:
   Functions: 83
   Options: Inlining true, Optimization true, Expressions true, Deforming true
 Execution Time: 18134.259 ms
(164 rows)

-- Q009 [weak_owner] occurrence 1/1
-- Original E/R: SELECT w.price_id, w.ends_at, w.price, o.base_price FROM PriceHistory w JOIN Product o ON OWNER(w) = REF(o) WHERE o.sku < 'SKU-KWpp-43251915';
EXPLAIN (ANALYZE, BUFFERS, TIMING OFF, SUMMARY ON, FORMAT TEXT)
WITH
"b0" AS (
    SELECT
        "source"."ends_at" AS "ends_at",
        "source"."price" AS "price",
        "source"."price_id" AS "price_id",
        "source"."product_id" AS "__owner_0"
    FROM "relation_29" AS "source"
),
"b1" AS (
    SELECT
        "source"."base_price" AS "base_price",
        "source"."sku" AS "sku",
        "source"."product_id" AS "__reference_0"
    FROM "relation_1" AS "source"
    UNION ALL
    SELECT
        "source"."base_price" AS "base_price",
        "source"."sku" AS "sku",
        "source"."physicalproduct_id" AS "__reference_0"
    FROM "relation_2" AS "source"
    UNION ALL
    SELECT
        "source"."base_price" AS "base_price",
        "source"."sku" AS "sku",
        "source"."electronics_id" AS "__reference_0"
    FROM "relation_4" AS "source"
    UNION ALL
    SELECT
        "source"."base_price" AS "base_price",
        "source"."sku" AS "sku",
        "source"."computer_id" AS "__reference_0"
    FROM "relation_5" AS "source"
    UNION ALL
    SELECT
        "source"."base_price" AS "base_price",
        "source"."sku" AS "sku",
        "source"."desktop_id" AS "__reference_0"
    FROM "relation_6" AS "source"
    UNION ALL
    SELECT
        "source"."base_price" AS "base_price",
        "source"."sku" AS "sku",
        "source"."laptop_id" AS "__reference_0"
    FROM "relation_7" AS "source"
    UNION ALL
    SELECT
        "source"."base_price" AS "base_price",
        "source"."sku" AS "sku",
        "source"."tablet_id" AS "__reference_0"
    FROM "relation_8" AS "source"
    UNION ALL
    SELECT
        "source"."base_price" AS "base_price",
        "source"."sku" AS "sku",
        "source"."smartwatch_id" AS "__reference_0"
    FROM "relation_9" AS "source"
    UNION ALL
    SELECT
        "source"."base_price" AS "base_price",
        "source"."sku" AS "sku",
        "source"."camera_id" AS "__reference_0"
    FROM "relation_10" AS "source"
    UNION ALL
    SELECT
        "source"."base_price" AS "base_price",
        "source"."sku" AS "sku",
        "source"."phone_id" AS "__reference_0"
    FROM "relation_11" AS "source"
    UNION ALL
    SELECT
        "source"."base_price" AS "base_price",
        "source"."sku" AS "sku",
        "source"."accessory_id" AS "__reference_0"
    FROM "relation_12" AS "source"
    UNION ALL
    SELECT
        "source"."base_price" AS "base_price",
        "source"."sku" AS "sku",
        "source"."appliance_id" AS "__reference_0"
    FROM "relation_13" AS "source"
    UNION ALL
    SELECT
        "source"."base_price" AS "base_price",
        "source"."sku" AS "sku",
        "source"."kitchenappliance_id" AS "__reference_0"
    FROM "relation_14" AS "source"
    UNION ALL
    SELECT
        "source"."base_price" AS "base_price",
        "source"."sku" AS "sku",
        "source"."apparel_id" AS "__reference_0"
    FROM "relation_15" AS "source"
    UNION ALL
    SELECT
        "source"."base_price" AS "base_price",
        "source"."sku" AS "sku",
        "source"."clothing_id" AS "__reference_0"
    FROM "relation_16" AS "source"
    UNION ALL
    SELECT
        "source"."base_price" AS "base_price",
        "source"."sku" AS "sku",
        "source"."menclothing_id" AS "__reference_0"
    FROM "relation_17" AS "source"
    UNION ALL
    SELECT
        "source"."base_price" AS "base_price",
        "source"."sku" AS "sku",
        "source"."womenclothing_id" AS "__reference_0"
    FROM "relation_18" AS "source"
    UNION ALL
    SELECT
        "source"."base_price" AS "base_price",
        "source"."sku" AS "sku",
        "source"."footwear_id" AS "__reference_0"
    FROM "relation_19" AS "source"
    UNION ALL
    SELECT
        "source"."base_price" AS "base_price",
        "source"."sku" AS "sku",
        "source"."digitalproduct_id" AS "__reference_0"
    FROM "relation_3" AS "source"
    UNION ALL
    SELECT
        "source"."base_price" AS "base_price",
        "source"."sku" AS "sku",
        "source"."media_id" AS "__reference_0"
    FROM "relation_20" AS "source"
    UNION ALL
    SELECT
        "source"."base_price" AS "base_price",
        "source"."sku" AS "sku",
        "source"."software_id" AS "__reference_0"
    FROM "relation_21" AS "source"
)
SELECT 
    "b0"."price_id" AS "price_id",
    "b0"."ends_at" AS "ends_at",
    "b0"."price" AS "price",
    "b1"."base_price" AS "base_price"
FROM ("b0" INNER JOIN "b1" ON ("b0"."__owner_0" = "b1"."__reference_0"))
WHERE ("b1"."sku" < 'SKU-KWpp-43251915');
                                                              QUERY PLAN                                                              
--------------------------------------------------------------------------------------------------------------------------------------
 Nested Loop  (cost=0.29..661085.36 rows=7049750 width=23) (actual rows=4916 loops=1)
   Buffers: shared hit=608236 read=22718
   ->  Seq Scan on relation_29 source  (cost=0.00..214.03 rows=11903 width=23) (actual rows=11903 loops=1)
         Buffers: shared read=95
   ->  Append  (cost=0.29..55.31 rows=21 width=8) (actual rows=0 loops=11903)
         Buffers: shared hit=608236 read=22623
         ->  Index Scan using relation_1_pkey on relation_1 source_1  (cost=0.29..0.78 rows=1 width=8) (actual rows=0 loops=11903)
               Index Cond: (product_id = source.product_id)
               Filter: ((sku)::text < 'SKU-KWpp-43251915'::text)
               Rows Removed by Filter: 0
               Buffers: shared hit=23762 read=90
         ->  Index Scan using relation_2_pkey on relation_2 source_2  (cost=0.29..0.98 rows=1 width=8) (actual rows=0 loops=11903)
               Index Cond: (physicalproduct_id = source.product_id)
               Filter: ((sku)::text < 'SKU-KWpp-43251915'::text)
               Rows Removed by Filter: 0
               Buffers: shared hit=23762 read=96
         ->  Index Scan using relation_4_pkey on relation_4 source_3  (cost=0.43..7.85 rows=1 width=8) (actual rows=0 loops=11903)
               Index Cond: (electronics_id = source.product_id)
               Filter: ((sku)::text < 'SKU-KWpp-43251915'::text)
               Rows Removed by Filter: 0
               Buffers: shared hit=29746 read=12460
         ->  Index Scan using relation_5_pkey on relation_5 source_4  (cost=0.29..1.22 rows=1 width=8) (actual rows=0 loops=11903)
               Index Cond: (computer_id = source.product_id)
               Filter: ((sku)::text < 'SKU-KWpp-43251915'::text)
               Rows Removed by Filter: 0
               Buffers: shared hit=23743 read=136
         ->  Index Scan using relation_6_pkey on relation_6 source_5  (cost=0.43..6.31 rows=1 width=8) (actual rows=0 loops=11903)
               Index Cond: (desktop_id = source.product_id)
               Filter: ((sku)::text < 'SKU-KWpp-43251915'::text)
               Rows Removed by Filter: 0
               Buffers: shared hit=34531 read=2471
         ->  Index Scan using relation_7_pkey on relation_7 source_6  (cost=0.29..1.52 rows=1 width=8) (actual rows=0 loops=11903)
               Index Cond: (laptop_id = source.product_id)
               Filter: ((sku)::text < 'SKU-KWpp-43251915'::text)
               Rows Removed by Filter: 0
               Buffers: shared hit=23753 read=149
         ->  Index Scan using relation_8_pkey on relation_8 source_7  (cost=0.29..1.13 rows=1 width=8) (actual rows=0 loops=11903)
               Index Cond: (tablet_id = source.product_id)
               Filter: ((sku)::text < 'SKU-KWpp-43251915'::text)
               Rows Removed by Filter: 0
               Buffers: shared hit=23752 read=118
         ->  Index Scan using relation_9_pkey on relation_9 source_8  (cost=0.42..3.70 rows=1 width=8) (actual rows=0 loops=11903)
               Index Cond: (smartwatch_id = source.product_id)
               Filter: ((sku)::text < 'SKU-KWpp-43251915'::text)
               Rows Removed by Filter: 0
               Buffers: shared hit=35415 read=608
         ->  Index Scan using relation_10_pkey on relation_10 source_9  (cost=0.42..1.82 rows=1 width=8) (actual rows=0 loops=11903)
               Index Cond: (camera_id = source.product_id)
               Filter: ((sku)::text < 'SKU-KWpp-43251915'::text)
               Rows Removed by Filter: 0
               Buffers: shared hit=35670 read=144
         ->  Index Scan using relation_11_pkey on relation_11 source_10  (cost=0.42..4.29 rows=1 width=8) (actual rows=0 loops=11903)
               Index Cond: (phone_id = source.product_id)
               Filter: ((sku)::text < 'SKU-KWpp-43251915'::text)
               Rows Removed by Filter: 0
               Buffers: shared hit=35307 read=827
         ->  Index Scan using relation_12_pkey on relation_12 source_11  (cost=0.29..1.52 rows=1 width=8) (actual rows=0 loops=11903)
               Index Cond: (accessory_id = source.product_id)
               Filter: ((sku)::text < 'SKU-KWpp-43251915'::text)
               Rows Removed by Filter: 0
               Buffers: shared hit=23749 read=171
         ->  Index Scan using relation_13_pkey on relation_13 source_12  (cost=0.29..0.83 rows=1 width=8) (actual rows=0 loops=11903)
               Index Cond: (appliance_id = source.product_id)
               Filter: ((sku)::text < 'SKU-KWpp-43251915'::text)
               Rows Removed by Filter: 0
               Buffers: shared hit=23773 read=68
         ->  Index Scan using relation_14_pkey on relation_14 source_13  (cost=0.42..2.66 rows=1 width=8) (actual rows=0 loops=11903)
               Index Cond: (kitchenappliance_id = source.product_id)
               Filter: ((sku)::text < 'SKU-KWpp-43251915'::text)
               Rows Removed by Filter: 0
               Buffers: shared hit=35542 read=361
         ->  Index Scan using relation_15_pkey on relation_15 source_14  (cost=0.42..3.21 rows=1 width=8) (actual rows=0 loops=11903)
               Index Cond: (apparel_id = source.product_id)
               Filter: ((sku)::text < 'SKU-KWpp-43251915'::text)
               Rows Removed by Filter: 0
               Buffers: shared hit=35463 read=521
         ->  Index Scan using relation_16_pkey on relation_16 source_15  (cost=0.42..3.01 rows=1 width=8) (actual rows=0 loops=11903)
               Index Cond: (clothing_id = source.product_id)
               Filter: ((sku)::text < 'SKU-KWpp-43251915'::text)
               Rows Removed by Filter: 0
               Buffers: shared hit=35529 read=382
         ->  Index Scan using relation_17_pkey on relation_17 source_16  (cost=0.43..6.17 rows=1 width=8) (actual rows=0 loops=11903)
               Index Cond: (menclothing_id = source.product_id)
               Filter: ((sku)::text < 'SKU-KWpp-43251915'::text)
               Rows Removed by Filter: 0
               Buffers: shared hit=34597 read=2338
         ->  Index Scan using relation_18_pkey on relation_18 source_17  (cost=0.29..1.32 rows=1 width=8) (actual rows=0 loops=11903)
               Index Cond: (womenclothing_id = source.product_id)
               Filter: ((sku)::text < 'SKU-KWpp-43251915'::text)
               Rows Removed by Filter: 0
               Buffers: shared hit=23748 read=152
         ->  Index Scan using relation_19_pkey on relation_19 source_18  (cost=0.29..0.55 rows=1 width=8) (actual rows=0 loops=11903)
               Index Cond: (footwear_id = source.product_id)
               Filter: ((sku)::text < 'SKU-KWpp-43251915'::text)
               Rows Removed by Filter: 0
               Buffers: shared hit=23788 read=39
         ->  Index Scan using relation_3_pkey on relation_3 source_19  (cost=0.29..0.85 rows=1 width=8) (actual rows=0 loops=11903)
               Index Cond: (digitalproduct_id = source.product_id)
               Filter: ((sku)::text < 'SKU-KWpp-43251915'::text)
               Rows Removed by Filter: 0
               Buffers: shared hit=23768 read=81
         ->  Index Scan using relation_20_pkey on relation_20 source_20  (cost=0.43..5.07 rows=1 width=8) (actual rows=0 loops=11903)
               Index Cond: (media_id = source.product_id)
               Filter: ((sku)::text < 'SKU-KWpp-43251915'::text)
               Rows Removed by Filter: 0
               Buffers: shared hit=35046 read=1383
         ->  Index Scan using relation_21_pkey on relation_21 source_21  (cost=0.29..0.43 rows=1 width=8) (actual rows=0 loops=11903)
               Index Cond: (software_id = source.product_id)
               Filter: ((sku)::text < 'SKU-KWpp-43251915'::text)
               Rows Removed by Filter: 0
               Buffers: shared hit=23792 read=28
 Planning:
   Buffers: shared hit=62 read=23
 Planning Time: 0.797 ms
 JIT:
   Functions: 149
   Options: Inlining true, Optimization true, Expressions true, Deforming true
 Execution Time: 1578.163 ms
(118 rows)

-- Q010 [relationship_join] occurrence 1/1
-- Original E/R: SELECT e1.dimensions, e2.accessory_type FROM bundled_phone_accessory r JOIN Phone e1 ON ENDPOINT(r, Phone) = REF(e1) JOIN Accessory e2 ON ENDPOINT(r, Accessory) = REF(e2) WHERE e2.quantity <= 8;
EXPLAIN (ANALYZE, BUFFERS, TIMING OFF, SUMMARY ON, FORMAT TEXT)
WITH
"b0" AS (
    SELECT
        "source"."accessory_id" AS "__endpoint_accessory_0",
        "source"."phone_id" AS "__endpoint_phone_0"
    FROM "relation_65" AS "source"
),
"b1" AS (
    SELECT
        "source"."dimensions" AS "dimensions",
        "source"."phone_id" AS "__reference_0"
    FROM "relation_11" AS "source"
),
"b2" AS (
    SELECT
        "source"."accessory_type" AS "accessory_type",
        "source"."quantity" AS "quantity",
        "source"."accessory_id" AS "__reference_0"
    FROM "relation_12" AS "source"
)
SELECT 
    "b1"."dimensions" AS "dimensions",
    "b2"."accessory_type" AS "accessory_type"
FROM (("b0" INNER JOIN "b1" ON ("b0"."__endpoint_phone_0" = "b1"."__reference_0")) INNER JOIN "b2" ON ("b0"."__endpoint_accessory_0" = "b2"."__reference_0"))
WHERE ("b2"."quantity" <= 8);
                                                           QUERY PLAN                                                           
--------------------------------------------------------------------------------------------------------------------------------
 Hash Join  (cost=22618.88..48808.58 rows=181669 width=12) (actual rows=182053 loops=1)
   Hash Cond: (source_1.phone_id = source.phone_id)
   Buffers: shared hit=244 read=21904
   ->  Seq Scan on relation_11 source_1  (cost=0.00..21838.01 rows=676001 width=10) (actual rows=676001 loops=1)
         Buffers: shared hit=180 read=14898
   ->  Hash  (cost=20348.02..20348.02 rows=181669 width=10) (actual rows=182053 loops=1)
         Buckets: 262144  Batches: 1  Memory Usage: 9639kB
         Buffers: shared hit=64 read=7006
         ->  Hash Join  (cost=5367.74..20348.02 rows=181669 width=10) (actual rows=182053 loops=1)
               Hash Cond: (source.accessory_id = source_2.accessory_id)
               Buffers: shared hit=64 read=7006
               ->  Seq Scan on relation_65 source  (cost=0.00..12673.91 rows=878591 width=8) (actual rows=878591 loops=1)
                     Buffers: shared read=3888
               ->  Hash  (cost=4993.23..4993.23 rows=29961 width=10) (actual rows=30105 loops=1)
                     Buckets: 32768  Batches: 1  Memory Usage: 1550kB
                     Buffers: shared hit=64 read=3118
                     ->  Seq Scan on relation_12 source_2  (cost=0.00..4993.23 rows=29961 width=10) (actual rows=30105 loops=1)
                           Filter: (quantity <= 8)
                           Rows Removed by Filter: 114793
                           Buffers: shared hit=64 read=3118
 Planning:
   Buffers: shared hit=26 read=14
 Planning Time: 0.279 ms
 Execution Time: 184.818 ms
(24 rows)

-- Q011 [relationship_join] occurrence 1/1
-- Original E/R: SELECT e1.custorder_id, e2.sku, e2.quantity FROM order_items r JOIN CustOrder e1 ON ENDPOINT(r, CustOrder) = REF(e1) JOIN Product e2 ON ENDPOINT(r, Product) = REF(e2) WHERE e1.status > 'pending';
EXPLAIN (ANALYZE, BUFFERS, TIMING OFF, SUMMARY ON, FORMAT TEXT)
WITH
"b0" AS (
    SELECT
        "source"."custorder_id" AS "__endpoint_custorder_0",
        "source"."product_id" AS "__endpoint_product_0"
    FROM "relation_55" AS "source"
),
"b1" AS (
    SELECT
        "source"."custorder_id" AS "custorder_id",
        "source"."status" AS "status",
        "source"."custorder_id" AS "__reference_0"
    FROM "relation_37" AS "source"
),
"b2" AS (
    SELECT
        "source"."quantity" AS "quantity",
        "source"."sku" AS "sku",
        "source"."product_id" AS "__reference_0"
    FROM "relation_1" AS "source"
    UNION ALL
    SELECT
        "source"."quantity" AS "quantity",
        "source"."sku" AS "sku",
        "source"."physicalproduct_id" AS "__reference_0"
    FROM "relation_2" AS "source"
    UNION ALL
    SELECT
        "source"."quantity" AS "quantity",
        "source"."sku" AS "sku",
        "source"."electronics_id" AS "__reference_0"
    FROM "relation_4" AS "source"
    UNION ALL
    SELECT
        "source"."quantity" AS "quantity",
        "source"."sku" AS "sku",
        "source"."computer_id" AS "__reference_0"
    FROM "relation_5" AS "source"
    UNION ALL
    SELECT
        "source"."quantity" AS "quantity",
        "source"."sku" AS "sku",
        "source"."desktop_id" AS "__reference_0"
    FROM "relation_6" AS "source"
    UNION ALL
    SELECT
        "source"."quantity" AS "quantity",
        "source"."sku" AS "sku",
        "source"."laptop_id" AS "__reference_0"
    FROM "relation_7" AS "source"
    UNION ALL
    SELECT
        "source"."quantity" AS "quantity",
        "source"."sku" AS "sku",
        "source"."tablet_id" AS "__reference_0"
    FROM "relation_8" AS "source"
    UNION ALL
    SELECT
        "source"."quantity" AS "quantity",
        "source"."sku" AS "sku",
        "source"."smartwatch_id" AS "__reference_0"
    FROM "relation_9" AS "source"
    UNION ALL
    SELECT
        "source"."quantity" AS "quantity",
        "source"."sku" AS "sku",
        "source"."camera_id" AS "__reference_0"
    FROM "relation_10" AS "source"
    UNION ALL
    SELECT
        "source"."quantity" AS "quantity",
        "source"."sku" AS "sku",
        "source"."phone_id" AS "__reference_0"
    FROM "relation_11" AS "source"
    UNION ALL
    SELECT
        "source"."quantity" AS "quantity",
        "source"."sku" AS "sku",
        "source"."accessory_id" AS "__reference_0"
    FROM "relation_12" AS "source"
    UNION ALL
    SELECT
        "source"."quantity" AS "quantity",
        "source"."sku" AS "sku",
        "source"."appliance_id" AS "__reference_0"
    FROM "relation_13" AS "source"
    UNION ALL
    SELECT
        "source"."quantity" AS "quantity",
        "source"."sku" AS "sku",
        "source"."kitchenappliance_id" AS "__reference_0"
    FROM "relation_14" AS "source"
    UNION ALL
    SELECT
        "source"."quantity" AS "quantity",
        "source"."sku" AS "sku",
        "source"."apparel_id" AS "__reference_0"
    FROM "relation_15" AS "source"
    UNION ALL
    SELECT
        "source"."quantity" AS "quantity",
        "source"."sku" AS "sku",
        "source"."clothing_id" AS "__reference_0"
    FROM "relation_16" AS "source"
    UNION ALL
    SELECT
        "source"."quantity" AS "quantity",
        "source"."sku" AS "sku",
        "source"."menclothing_id" AS "__reference_0"
    FROM "relation_17" AS "source"
    UNION ALL
    SELECT
        "source"."quantity" AS "quantity",
        "source"."sku" AS "sku",
        "source"."womenclothing_id" AS "__reference_0"
    FROM "relation_18" AS "source"
    UNION ALL
    SELECT
        "source"."quantity" AS "quantity",
        "source"."sku" AS "sku",
        "source"."footwear_id" AS "__reference_0"
    FROM "relation_19" AS "source"
    UNION ALL
    SELECT
        "source"."quantity" AS "quantity",
        "source"."sku" AS "sku",
        "source"."digitalproduct_id" AS "__reference_0"
    FROM "relation_3" AS "source"
    UNION ALL
    SELECT
        "source"."quantity" AS "quantity",
        "source"."sku" AS "sku",
        "source"."media_id" AS "__reference_0"
    FROM "relation_20" AS "source"
    UNION ALL
    SELECT
        "source"."quantity" AS "quantity",
        "source"."sku" AS "sku",
        "source"."software_id" AS "__reference_0"
    FROM "relation_21" AS "source"
)
SELECT 
    "b1"."custorder_id" AS "custorder_id",
    "b2"."sku" AS "sku",
    "b2"."quantity" AS "quantity"
FROM (("b0" INNER JOIN "b1" ON ("b0"."__endpoint_custorder_0" = "b1"."__reference_0")) INNER JOIN "b2" ON ("b0"."__endpoint_product_0" = "b2"."__reference_0"))
WHERE ("b1"."status" > 'pending');
                                                              QUERY PLAN                                                               
---------------------------------------------------------------------------------------------------------------------------------------
 Nested Loop  (cost=1873.73..659823.22 rows=5095094 width=26) (actual rows=31463 loops=1)
   Buffers: shared hit=1608358 read=60208
   ->  Hash Join  (cost=1873.44..3643.49 rows=31359 width=8) (actual rows=31463 loops=1)
         Hash Cond: (source.custorder_id = source_1.custorder_id)
         Buffers: shared read=1027
         ->  Seq Scan on relation_55 source  (cost=0.00..1497.66 rows=103766 width=8) (actual rows=103766 loops=1)
               Buffers: shared read=460
         ->  Hash  (cost=1570.25..1570.25 rows=24255 width=4) (actual rows=24230 loops=1)
               Buckets: 32768  Batches: 1  Memory Usage: 1108kB
               Buffers: shared read=567
               ->  Seq Scan on relation_37 source_1  (cost=0.00..1570.25 rows=24255 width=4) (actual rows=24230 loops=1)
                     Filter: ((status)::text > 'pending'::text)
                     Rows Removed by Filter: 56030
                     Buffers: shared read=567
   ->  Append  (cost=0.29..20.71 rows=21 width=26) (actual rows=1 loops=31463)
         Buffers: shared hit=1608358 read=59181
         ->  Index Scan using relation_1_pkey on relation_1 source_2  (cost=0.29..0.36 rows=1 width=26) (actual rows=0 loops=31463)
               Index Cond: (product_id = source.product_id)
               Buffers: shared hit=62814 read=242
         ->  Index Scan using relation_2_pkey on relation_2 source_3  (cost=0.29..0.39 rows=1 width=26) (actual rows=0 loops=31463)
               Index Cond: (physicalproduct_id = source.product_id)
               Buffers: shared hit=62803 read=272
         ->  Index Scan using relation_4_pkey on relation_4 source_4  (cost=0.43..5.24 rows=1 width=26) (actual rows=1 loops=31463)
               Index Cond: (electronics_id = source.product_id)
               Buffers: shared hit=79326 read=32030
         ->  Index Scan using relation_5_pkey on relation_5 source_5  (cost=0.29..0.41 rows=1 width=26) (actual rows=0 loops=31463)
               Index Cond: (computer_id = source.product_id)
               Buffers: shared hit=62767 read=349
         ->  Index Scan using relation_6_pkey on relation_6 source_6  (cost=0.43..2.48 rows=1 width=26) (actual rows=0 loops=31463)
               Index Cond: (desktop_id = source.product_id)
               Buffers: shared hit=91335 read=6519
         ->  Index Scan using relation_7_pkey on relation_7 source_7  (cost=0.29..0.45 rows=1 width=26) (actual rows=0 loops=31463)
               Index Cond: (laptop_id = source.product_id)
               Buffers: shared hit=62696 read=504
         ->  Index Scan using relation_8_pkey on relation_8 source_8  (cost=0.29..0.40 rows=1 width=26) (actual rows=0 loops=31463)
               Index Cond: (tablet_id = source.product_id)
               Buffers: shared hit=62768 read=354
         ->  Index Scan using relation_9_pkey on relation_9 source_9  (cost=0.42..0.91 rows=1 width=26) (actual rows=0 loops=31463)
               Index Cond: (smartwatch_id = source.product_id)
               Buffers: shared hit=93614 read=1657
         ->  Index Scan using relation_10_pkey on relation_10 source_10  (cost=0.42..0.60 rows=1 width=26) (actual rows=0 loops=31463)
               Index Cond: (camera_id = source.product_id)
               Buffers: shared hit=94094 read=648
         ->  Index Scan using relation_11_pkey on relation_11 source_11  (cost=0.42..1.14 rows=1 width=26) (actual rows=0 loops=31463)
               Index Cond: (phone_id = source.product_id)
               Buffers: shared hit=93273 read=2382
         ->  Index Scan using relation_12_pkey on relation_12 source_12  (cost=0.29..0.45 rows=1 width=26) (actual rows=0 loops=31463)
               Index Cond: (accessory_id = source.product_id)
               Buffers: shared hit=62746 read=440
         ->  Index Scan using relation_13_pkey on relation_13 source_13  (cost=0.29..0.37 rows=1 width=26) (actual rows=0 loops=31463)
               Index Cond: (appliance_id = source.product_id)
               Buffers: shared hit=62808 read=246
         ->  Index Scan using relation_14_pkey on relation_14 source_14  (cost=0.42..0.69 rows=1 width=26) (actual rows=0 loops=31463)
               Index Cond: (kitchenappliance_id = source.product_id)
               Buffers: shared hit=93976 read=880
         ->  Index Scan using relation_15_pkey on relation_15 source_15  (cost=0.42..0.79 rows=1 width=26) (actual rows=0 loops=31463)
               Index Cond: (apparel_id = source.product_id)
               Buffers: shared hit=93818 read=1239
         ->  Index Scan using relation_16_pkey on relation_16 source_16  (cost=0.42..0.75 rows=1 width=26) (actual rows=0 loops=31463)
               Index Cond: (clothing_id = source.product_id)
               Buffers: shared hit=93859 read=1122
         ->  Index Scan using relation_17_pkey on relation_17 source_17  (cost=0.43..2.23 rows=1 width=26) (actual rows=0 loops=31463)
               Index Cond: (menclothing_id = source.product_id)
               Buffers: shared hit=91598 read=5906
         ->  Index Scan using relation_18_pkey on relation_18 source_18  (cost=0.29..0.43 rows=1 width=26) (actual rows=0 loops=31463)
               Index Cond: (womenclothing_id = source.product_id)
               Buffers: shared hit=62738 read=416
         ->  Index Scan using relation_19_pkey on relation_19 source_19  (cost=0.29..0.33 rows=1 width=26) (actual rows=0 loops=31463)
               Index Cond: (footwear_id = source.product_id)
               Buffers: shared hit=62881 read=96
         ->  Index Scan using relation_3_pkey on relation_3 source_20  (cost=0.29..0.37 rows=1 width=26) (actual rows=0 loops=31463)
               Index Cond: (digitalproduct_id = source.product_id)
               Buffers: shared hit=62829 read=222
         ->  Index Scan using relation_20_pkey on relation_20 source_21  (cost=0.43..1.50 rows=1 width=26) (actual rows=0 loops=31463)
               Index Cond: (media_id = source.product_id)
               Buffers: shared hit=92716 read=3598
         ->  Index Scan using relation_21_pkey on relation_21 source_22  (cost=0.29..0.32 rows=1 width=26) (actual rows=0 loops=31463)
               Index Cond: (software_id = source.product_id)
               Buffers: shared hit=62899 read=59
 Planning:
   Buffers: shared hit=54 read=30
 Planning Time: 41.942 ms
 JIT:
   Functions: 119
   Options: Inlining true, Optimization true, Expressions true, Deforming true
 Execution Time: 2328.187 ms
(86 rows)

-- Q012 [complex_multi_join] occurrence 1/1
-- Original E/R: SELECT e1.bin_id, e2.is_active, e3.created_at FROM stock r1 JOIN WarehouseBin e1 ON ENDPOINT(r1, WarehouseBin) = REF(e1) JOIN Product e2 ON ENDPOINT(r1, Product) = REF(e2) JOIN po_items r2 ON ENDPOINT(r2, Product) = REF(e2) JOIN PurchaseOrder e3 ON ENDPOINT(r2, PurchaseOrder) = REF(e3) WHERE e3.status < 'cancelled';
EXPLAIN (ANALYZE, BUFFERS, TIMING OFF, SUMMARY ON, FORMAT TEXT)
WITH
"b0" AS (
    SELECT
        "source"."product_id" AS "__endpoint_product_0",
        "source"."warehouse_id" AS "__endpoint_warehousebin_0",
        "source"."bin_id" AS "__endpoint_warehousebin_1"
    FROM "relation_59" AS "source"
),
"b1" AS (
    SELECT
        "source"."bin_id" AS "bin_id",
        "source"."warehouse_id" AS "__reference_0",
        "source"."bin_id" AS "__reference_1"
    FROM "relation_42" AS "source"
),
"b2" AS (
    SELECT
        "source"."is_active" AS "is_active",
        "source"."product_id" AS "__reference_0"
    FROM "relation_1" AS "source"
    UNION ALL
    SELECT
        "source"."is_active" AS "is_active",
        "source"."physicalproduct_id" AS "__reference_0"
    FROM "relation_2" AS "source"
    UNION ALL
    SELECT
        "source"."is_active" AS "is_active",
        "source"."electronics_id" AS "__reference_0"
    FROM "relation_4" AS "source"
    UNION ALL
    SELECT
        "source"."is_active" AS "is_active",
        "source"."computer_id" AS "__reference_0"
    FROM "relation_5" AS "source"
    UNION ALL
    SELECT
        "source"."is_active" AS "is_active",
        "source"."desktop_id" AS "__reference_0"
    FROM "relation_6" AS "source"
    UNION ALL
    SELECT
        "source"."is_active" AS "is_active",
        "source"."laptop_id" AS "__reference_0"
    FROM "relation_7" AS "source"
    UNION ALL
    SELECT
        "source"."is_active" AS "is_active",
        "source"."tablet_id" AS "__reference_0"
    FROM "relation_8" AS "source"
    UNION ALL
    SELECT
        "source"."is_active" AS "is_active",
        "source"."smartwatch_id" AS "__reference_0"
    FROM "relation_9" AS "source"
    UNION ALL
    SELECT
        "source"."is_active" AS "is_active",
        "source"."camera_id" AS "__reference_0"
    FROM "relation_10" AS "source"
    UNION ALL
    SELECT
        "source"."is_active" AS "is_active",
        "source"."phone_id" AS "__reference_0"
    FROM "relation_11" AS "source"
    UNION ALL
    SELECT
        "source"."is_active" AS "is_active",
        "source"."accessory_id" AS "__reference_0"
    FROM "relation_12" AS "source"
    UNION ALL
    SELECT
        "source"."is_active" AS "is_active",
        "source"."appliance_id" AS "__reference_0"
    FROM "relation_13" AS "source"
    UNION ALL
    SELECT
        "source"."is_active" AS "is_active",
        "source"."kitchenappliance_id" AS "__reference_0"
    FROM "relation_14" AS "source"
    UNION ALL
    SELECT
        "source"."is_active" AS "is_active",
        "source"."apparel_id" AS "__reference_0"
    FROM "relation_15" AS "source"
    UNION ALL
    SELECT
        "source"."is_active" AS "is_active",
        "source"."clothing_id" AS "__reference_0"
    FROM "relation_16" AS "source"
    UNION ALL
    SELECT
        "source"."is_active" AS "is_active",
        "source"."menclothing_id" AS "__reference_0"
    FROM "relation_17" AS "source"
    UNION ALL
    SELECT
        "source"."is_active" AS "is_active",
        "source"."womenclothing_id" AS "__reference_0"
    FROM "relation_18" AS "source"
    UNION ALL
    SELECT
        "source"."is_active" AS "is_active",
        "source"."footwear_id" AS "__reference_0"
    FROM "relation_19" AS "source"
    UNION ALL
    SELECT
        "source"."is_active" AS "is_active",
        "source"."digitalproduct_id" AS "__reference_0"
    FROM "relation_3" AS "source"
    UNION ALL
    SELECT
        "source"."is_active" AS "is_active",
        "source"."media_id" AS "__reference_0"
    FROM "relation_20" AS "source"
    UNION ALL
    SELECT
        "source"."is_active" AS "is_active",
        "source"."software_id" AS "__reference_0"
    FROM "relation_21" AS "source"
),
"b3" AS (
    SELECT
        "source"."product_id" AS "__endpoint_product_0",
        "source"."purchaseorder_id" AS "__endpoint_purchaseorder_0"
    FROM "relation_62" AS "source"
),
"b4" AS (
    SELECT
        "source"."created_at" AS "created_at",
        "source"."status" AS "status",
        "source"."purchaseorder_id" AS "__reference_0"
    FROM "relation_45" AS "source"
)
SELECT 
    "b1"."bin_id" AS "bin_id",
    "b2"."is_active" AS "is_active",
    "b4"."created_at" AS "created_at"
FROM (((("b0" INNER JOIN "b1" ON ("b0"."__endpoint_warehousebin_0" = "b1"."__reference_0" AND "b0"."__endpoint_warehousebin_1" = "b1"."__reference_1")) INNER JOIN "b2" ON ("b0"."__endpoint_product_0" = "b2"."__reference_0")) INNER JOIN "b3" ON ("b3"."__endpoint_product_0" = "b2"."__reference_0")) INNER JOIN "b4" ON ("b3"."__endpoint_purchaseorder_0" = "b4"."__reference_0"))
WHERE ("b4"."status" < 'cancelled');
                                                                                  QUERY PLAN                                                                                  
------------------------------------------------------------------------------------------------------------------------------------------------------------------------------
 Gather  (cost=4223.64..35876.65 rows=63 width=19) (actual rows=21683 loops=1)
   Workers Planned: 2
   Workers Launched: 0
   Buffers: shared hit=1192098 read=47371
   ->  Nested Loop  (cost=3223.64..34870.35 rows=26 width=19) (actual rows=21683 loops=1)
         Buffers: shared hit=1192098 read=47371
         ->  Hash Join  (cost=3223.35..34828.98 rows=5 width=23) (actual rows=21683 loops=1)
               Hash Cond: ((source.warehouse_id = source_1.warehouse_id) AND (source.bin_id = source_1.bin_id))
               Buffers: shared hit=63711 read=26559
               ->  Nested Loop  (cost=2865.15..34207.48 rows=50152 width=27) (actual rows=21683 loops=1)
                     Buffers: shared hit=63711 read=26486
                     ->  Hash Join  (cost=2864.72..6750.02 rows=11511 width=15) (actual rows=27491 loops=1)
                           Hash Cond: (source_23.purchaseorder_id = source_24.purchaseorder_id)
                           Buffers: shared hit=4 read=1458
                           ->  Parallel Index Only Scan using relation_62_pkey on relation_62 source_23  (cost=0.42..3718.43 rows=63728 width=8) (actual rows=152947 loops=1)
                                 Heap Fetches: 0
                                 Buffers: shared hit=4 read=574
                           ->  Hash  (cost=2561.32..2561.32 rows=24238 width=15) (actual rows=24093 loops=1)
                                 Buckets: 32768  Batches: 1  Memory Usage: 1386kB
                                 Buffers: shared read=884
                                 ->  Seq Scan on relation_45 source_24  (cost=0.00..2561.32 rows=24238 width=15) (actual rows=24093 loops=1)
                                       Filter: ((status)::text < 'cancelled'::text)
                                       Rows Removed by Filter: 110093
                                       Buffers: shared read=884
                     ->  Index Only Scan using relation_59_pkey on relation_59 source  (cost=0.43..2.35 rows=4 width=12) (actual rows=1 loops=27491)
                           Index Cond: (product_id = source_23.product_id)
                           Heap Fetches: 0
                           Buffers: shared hit=63707 read=25028
               ->  Hash  (cost=187.08..187.08 rows=11408 width=8) (actual rows=11408 loops=1)
                     Buckets: 16384  Batches: 1  Memory Usage: 574kB
                     Buffers: shared read=73
                     ->  Seq Scan on relation_42 source_1  (cost=0.00..187.08 rows=11408 width=8) (actual rows=11408 loops=1)
                           Buffers: shared read=73
         ->  Append  (cost=0.29..8.06 rows=21 width=8) (actual rows=1 loops=21683)
               Buffers: shared hit=1128387 read=20812
               ->  Index Scan using relation_1_pkey on relation_1 source_2  (cost=0.29..0.31 rows=1 width=8) (actual rows=0 loops=21683)
                     Index Cond: (product_id = source.product_id)
                     Buffers: shared hit=43372 read=65
               ->  Index Scan using relation_2_pkey on relation_2 source_3  (cost=0.29..0.31 rows=1 width=8) (actual rows=0 loops=21683)
                     Index Cond: (physicalproduct_id = source.product_id)
                     Buffers: shared hit=43377 read=108
               ->  Index Scan using relation_4_pkey on relation_4 source_4  (cost=0.43..0.52 rows=1 width=8) (actual rows=1 loops=21683)
                     Index Cond: (electronics_id = source.product_id)
                     Buffers: shared hit=65465 read=11134
               ->  Index Scan using relation_5_pkey on relation_5 source_5  (cost=0.29..0.31 rows=1 width=8) (actual rows=0 loops=21683)
                     Index Cond: (computer_id = source.product_id)
                     Buffers: shared hit=43376 read=142
               ->  Index Scan using relation_6_pkey on relation_6 source_6  (cost=0.43..0.46 rows=1 width=8) (actual rows=0 loops=21683)
                     Index Cond: (desktop_id = source.product_id)
                     Buffers: shared hit=65135 read=2414
               ->  Index Scan using relation_7_pkey on relation_7 source_7  (cost=0.29..0.31 rows=1 width=8) (actual rows=0 loops=21683)
                     Index Cond: (laptop_id = source.product_id)
                     Buffers: shared hit=43378 read=175
               ->  Index Scan using relation_8_pkey on relation_8 source_8  (cost=0.29..0.31 rows=1 width=8) (actual rows=0 loops=21683)
                     Index Cond: (tablet_id = source.product_id)
                     Buffers: shared hit=43368 read=109
               ->  Index Scan using relation_9_pkey on relation_9 source_9  (cost=0.42..0.44 rows=1 width=8) (actual rows=0 loops=21683)
                     Index Cond: (smartwatch_id = source.product_id)
                     Buffers: shared hit=65059 read=610
               ->  Index Scan using relation_10_pkey on relation_10 source_10  (cost=0.42..0.44 rows=1 width=8) (actual rows=0 loops=21683)
                     Index Cond: (camera_id = source.product_id)
                     Buffers: shared hit=65053 read=221
               ->  Index Scan using relation_11_pkey on relation_11 source_11  (cost=0.42..0.45 rows=1 width=8) (actual rows=0 loops=21683)
                     Index Cond: (phone_id = source.product_id)
                     Buffers: shared hit=65069 read=755
               ->  Index Scan using relation_12_pkey on relation_12 source_12  (cost=0.29..0.31 rows=1 width=8) (actual rows=0 loops=21683)
                     Index Cond: (accessory_id = source.product_id)
                     Buffers: shared hit=43380 read=170
               ->  Index Scan using relation_13_pkey on relation_13 source_13  (cost=0.29..0.31 rows=1 width=8) (actual rows=0 loops=21683)
                     Index Cond: (appliance_id = source.product_id)
                     Buffers: shared hit=43368 read=79
               ->  Index Scan using relation_14_pkey on relation_14 source_14  (cost=0.42..0.44 rows=1 width=8) (actual rows=0 loops=21683)
                     Index Cond: (kitchenappliance_id = source.product_id)
                     Buffers: shared hit=65076 read=337
               ->  Index Scan using relation_15_pkey on relation_15 source_15  (cost=0.42..0.44 rows=1 width=8) (actual rows=0 loops=21683)
                     Index Cond: (apparel_id = source.product_id)
                     Buffers: shared hit=65092 read=465
               ->  Index Scan using relation_16_pkey on relation_16 source_16  (cost=0.42..0.44 rows=1 width=8) (actual rows=0 loops=21683)
                     Index Cond: (clothing_id = source.product_id)
                     Buffers: shared hit=65062 read=370
               ->  Index Scan using relation_17_pkey on relation_17 source_17  (cost=0.43..0.46 rows=1 width=8) (actual rows=0 loops=21683)
                     Index Cond: (menclothing_id = source.product_id)
                     Buffers: shared hit=65135 read=2082
               ->  Index Scan using relation_18_pkey on relation_18 source_18  (cost=0.29..0.31 rows=1 width=8) (actual rows=0 loops=21683)
                     Index Cond: (womenclothing_id = source.product_id)
                     Buffers: shared hit=43374 read=159
               ->  Index Scan using relation_19_pkey on relation_19 source_19  (cost=0.29..0.31 rows=1 width=8) (actual rows=0 loops=21683)
                     Index Cond: (footwear_id = source.product_id)
                     Buffers: shared hit=43366 read=27
               ->  Index Scan using relation_3_pkey on relation_3 source_20  (cost=0.29..0.31 rows=1 width=8) (actual rows=0 loops=21683)
                     Index Cond: (digitalproduct_id = source.product_id)
                     Buffers: shared hit=43372 read=75
               ->  Index Scan using relation_20_pkey on relation_20 source_21  (cost=0.43..0.45 rows=1 width=8) (actual rows=0 loops=21683)
                     Index Cond: (media_id = source.product_id)
                     Buffers: shared hit=65136 read=1292
               ->  Index Scan using relation_21_pkey on relation_21 source_22  (cost=0.29..0.30 rows=1 width=8) (actual rows=0 loops=21683)
                     Index Cond: (software_id = source.product_id)
                     Buffers: shared hit=43374 read=23
 Planning:
   Buffers: shared hit=42 read=36
 Planning Time: 1.662 ms
 Execution Time: 747.645 ms
(102 rows)

-- Q013 [relationship_join] occurrence 1/1
-- Original E/R: SELECT e1.supplier_name, e2.status FROM supplier_pos r JOIN Supplier e1 ON ENDPOINT(r, Supplier) = REF(e1) JOIN PurchaseOrder e2 ON ENDPOINT(r, PurchaseOrder) = REF(e2) WHERE e1.supplier_name > 'Pittman, Wagner and Kelly';
EXPLAIN (ANALYZE, BUFFERS, TIMING OFF, SUMMARY ON, FORMAT TEXT)
WITH
"b0" AS (
    SELECT
        "source"."purchaseorder_id" AS "__endpoint_purchaseorder_0",
        "source"."supplier_pos_supplier_id" AS "__endpoint_supplier_0"
    FROM "relation_61" AS "source"
),
"b1" AS (
    SELECT
        "source"."supplier_name" AS "supplier_name",
        "source"."supplier_id" AS "__reference_0"
    FROM "relation_43" AS "source"
),
"b2" AS (
    SELECT
        "source"."status" AS "status",
        "source"."purchaseorder_id" AS "__reference_0"
    FROM "relation_45" AS "source"
)
SELECT 
    "b1"."supplier_name" AS "supplier_name",
    "b2"."status" AS "status"
FROM (("b0" INNER JOIN "b1" ON ("b0"."__endpoint_supplier_0" = "b1"."__reference_0")) INNER JOIN "b2" ON ("b0"."__endpoint_purchaseorder_0" = "b2"."__reference_0"))
WHERE ("b1"."supplier_name" > 'Pittman, Wagner and Kelly');
                                                           QUERY PLAN                                                           
--------------------------------------------------------------------------------------------------------------------------------
 Hash Join  (cost=5062.70..8180.14 rows=38838 width=25) (actual rows=39230 loops=1)
   Hash Cond: (source_2.purchaseorder_id = source.purchaseorder_id)
   Buffers: shared read=2134
   ->  Seq Scan on relation_45 source_2  (cost=0.00..2225.86 rows=134186 width=12) (actual rows=134186 loops=1)
         Buffers: shared read=884
   ->  Hash  (cost=4577.23..4577.23 rows=38838 width=21) (actual rows=39230 loops=1)
         Buckets: 65536  Batches: 1  Memory Usage: 2570kB
         Buffers: shared read=1250
         ->  Hash Join  (cost=2380.88..4577.23 rows=38838 width=21) (actual rows=39230 loops=1)
               Hash Cond: (source.supplier_pos_supplier_id = source_1.supplier_id)
               Buffers: shared read=1250
               ->  Seq Scan on relation_61 source  (cost=0.00..1858.19 rows=128819 width=8) (actual rows=128819 loops=1)
                     Buffers: shared read=570
               ->  Hash  (cost=1986.86..1986.86 rows=31521 width=21) (actual rows=31654 loops=1)
                     Buckets: 32768  Batches: 1  Memory Usage: 1963kB
                     Buffers: shared read=680
                     ->  Seq Scan on relation_43 source_1  (cost=0.00..1986.86 rows=31521 width=21) (actual rows=31654 loops=1)
                           Filter: ((supplier_name)::text > 'Pittman, Wagner and Kelly'::text)
                           Rows Removed by Filter: 72895
                           Buffers: shared read=680
 Planning:
   Buffers: shared hit=7 read=29
 Planning Time: 0.623 ms
 Execution Time: 36.769 ms
(24 rows)

-- Q014 [aggregation] occurrence 1/1
-- Original E/R: SELECT e1.category_id, COUNT(DISTINCT REF(e2)) AS related_count FROM category_products r JOIN Category e1 ON ENDPOINT(r, Category) = REF(e1) JOIN Product e2 ON ENDPOINT(r, Product) = REF(e2) WHERE e1.category_name > 'our' GROUP BY REF(e1), e1.category_id HAVING COUNT(DISTINCT REF(e2)) >= 4;
EXPLAIN (ANALYZE, BUFFERS, TIMING OFF, SUMMARY ON, FORMAT TEXT)
WITH
"b0" AS (
    SELECT
        "source"."category_products_category_id" AS "__endpoint_category_0",
        "source"."product_id" AS "__endpoint_product_0"
    FROM "relation_47" AS "source"
),
"b1" AS (
    SELECT
        "source"."category_id" AS "category_id",
        "source"."category_name" AS "category_name",
        "source"."category_id" AS "__reference_0"
    FROM "relation_0" AS "source"
),
"b2" AS (
    SELECT
        "source"."product_id" AS "__reference_0"
    FROM "relation_1" AS "source"
    UNION ALL
    SELECT
        "source"."physicalproduct_id" AS "__reference_0"
    FROM "relation_2" AS "source"
    UNION ALL
    SELECT
        "source"."electronics_id" AS "__reference_0"
    FROM "relation_4" AS "source"
    UNION ALL
    SELECT
        "source"."computer_id" AS "__reference_0"
    FROM "relation_5" AS "source"
    UNION ALL
    SELECT
        "source"."desktop_id" AS "__reference_0"
    FROM "relation_6" AS "source"
    UNION ALL
    SELECT
        "source"."laptop_id" AS "__reference_0"
    FROM "relation_7" AS "source"
    UNION ALL
    SELECT
        "source"."tablet_id" AS "__reference_0"
    FROM "relation_8" AS "source"
    UNION ALL
    SELECT
        "source"."smartwatch_id" AS "__reference_0"
    FROM "relation_9" AS "source"
    UNION ALL
    SELECT
        "source"."camera_id" AS "__reference_0"
    FROM "relation_10" AS "source"
    UNION ALL
    SELECT
        "source"."phone_id" AS "__reference_0"
    FROM "relation_11" AS "source"
    UNION ALL
    SELECT
        "source"."accessory_id" AS "__reference_0"
    FROM "relation_12" AS "source"
    UNION ALL
    SELECT
        "source"."appliance_id" AS "__reference_0"
    FROM "relation_13" AS "source"
    UNION ALL
    SELECT
        "source"."kitchenappliance_id" AS "__reference_0"
    FROM "relation_14" AS "source"
    UNION ALL
    SELECT
        "source"."apparel_id" AS "__reference_0"
    FROM "relation_15" AS "source"
    UNION ALL
    SELECT
        "source"."clothing_id" AS "__reference_0"
    FROM "relation_16" AS "source"
    UNION ALL
    SELECT
        "source"."menclothing_id" AS "__reference_0"
    FROM "relation_17" AS "source"
    UNION ALL
    SELECT
        "source"."womenclothing_id" AS "__reference_0"
    FROM "relation_18" AS "source"
    UNION ALL
    SELECT
        "source"."footwear_id" AS "__reference_0"
    FROM "relation_19" AS "source"
    UNION ALL
    SELECT
        "source"."digitalproduct_id" AS "__reference_0"
    FROM "relation_3" AS "source"
    UNION ALL
    SELECT
        "source"."media_id" AS "__reference_0"
    FROM "relation_20" AS "source"
    UNION ALL
    SELECT
        "source"."software_id" AS "__reference_0"
    FROM "relation_21" AS "source"
)
SELECT 
    "b1"."category_id" AS "category_id",
    COUNT(DISTINCT "b2"."__reference_0") AS "related_count"
FROM (("b0" INNER JOIN "b1" ON ("b0"."__endpoint_category_0" = "b1"."__reference_0")) INNER JOIN "b2" ON ("b0"."__endpoint_product_0" = "b2"."__reference_0"))
WHERE ("b1"."category_name" > 'our')
GROUP BY
    "b1"."__reference_0",
    "b1"."category_id"
HAVING (COUNT(DISTINCT "b2"."__reference_0") >= 4);
                                                                               QUERY PLAN                                                                                
-------------------------------------------------------------------------------------------------------------------------------------------------------------------------
 GroupAggregate  (cost=1573784.74..1625096.58 rows=18745 width=16) (actual rows=39408 loops=1)
   Group Key: source_1.category_id
   Filter: (count(DISTINCT source_2.product_id) >= 4)
   Rows Removed by Filter: 16162
   Buffers: shared hit=2070 read=273803
   ->  Sort  (cost=1573784.74..1590654.37 rows=6747854 width=8) (actual rows=268860 loops=1)
         Sort Key: source_1.category_id, source_2.product_id
         Sort Method: quicksort  Memory: 20690kB
         Buffers: shared hit=2070 read=273803
         ->  Hash Join  (cost=21319.05..716119.25 rows=6747854 width=8) (actual rows=268860 loops=1)
               Hash Cond: (source.category_products_category_id = source_1.category_id)
               Buffers: shared hit=2070 read=273803
               ->  Hash Join  (cost=18090.39..668798.51 rows=16796474 width=8) (actual rows=671871 loops=1)
                     Hash Cond: (source_2.product_id = source.product_id)
                     Buffers: shared hit=2070 read=273027
                     ->  Append  (cost=0.29..606617.39 rows=16796474 width=4) (actual rows=16796782 loops=1)
                           Buffers: shared hit=2070 read=270054
                           ->  Index Only Scan using relation_1_pkey on relation_1 source_2  (cost=0.29..1618.28 rows=61999 width=4) (actual rows=61999 loops=1)
                                 Heap Fetches: 0
                                 Buffers: shared hit=12 read=160
                           ->  Index Only Scan using relation_2_pkey on relation_2 source_3  (cost=0.29..2236.27 rows=85865 width=4) (actual rows=85865 loops=1)
                                 Heap Fetches: 0
                                 Buffers: shared hit=20 read=217
                           ->  Seq Scan on relation_4 source_4  (cost=0.00..278724.44 rows=9003644 width=4) (actual rows=9004045 loops=1)
                                 Buffers: shared hit=1542 read=187146
                           ->  Index Only Scan using relation_5_pkey on relation_5 source_5  (cost=0.29..2788.14 rows=107190 width=4) (actual rows=107190 loops=1)
                                 Heap Fetches: 0
                                 Buffers: shared hit=21 read=274
                           ->  Index Only Scan using relation_6_pkey on relation_6 source_6  (cost=0.43..61411.40 rows=1877798 width=4) (actual rows=1877778 loops=1)
                                 Heap Fetches: 0
                                 Buffers: shared hit=256 read=8060
                           ->  Index Only Scan using relation_7_pkey on relation_7 source_7  (cost=0.29..3631.35 rows=139670 width=4) (actual rows=139670 loops=1)
                                 Heap Fetches: 0
                                 Buffers: shared hit=11 read=373
                           ->  Index Only Scan using relation_8_pkey on relation_8 source_8  (cost=0.29..2604.29 rows=100000 width=4) (actual rows=100000 loops=1)
                                 Heap Fetches: 0
                                 Buffers: shared hit=5 read=271
                           ->  Seq Scan on relation_9 source_9  (cost=0.00..14767.45 rows=469445 width=4) (actual rows=469445 loops=1)
                                 Buffers: shared hit=30 read=10043
                           ->  Index Only Scan using relation_10_pkey on relation_10 source_10  (cost=0.42..4399.44 rows=169001 width=4) (actual rows=169001 loops=1)
                                 Heap Fetches: 0
                                 Buffers: shared hit=14 read=451
                           ->  Index Only Scan using relation_11_pkey on relation_11 source_11  (cost=0.42..21784.44 rows=676001 width=4) (actual rows=676001 loops=1)
                                 Heap Fetches: 0
                                 Buffers: shared hit=34 read=2866
                           ->  Index Only Scan using relation_12_pkey on relation_12 source_12  (cost=0.29..3765.76 rows=144898 width=4) (actual rows=144898 loops=1)
                                 Heap Fetches: 0
                                 Buffers: shared hit=10 read=388
                           ->  Seq Scan on relation_13 source_13  (cost=0.00..1860.20 rows=60120 width=4) (actual rows=60120 loops=1)
                                 Buffers: shared hit=3 read=1256
                           ->  Index Only Scan using relation_14_pkey on relation_14 source_14  (cost=0.42..7729.37 rows=264063 width=4) (actual rows=264063 loops=1)
                                 Heap Fetches: 0
                                 Buffers: shared hit=11 read=928
                           ->  Seq Scan on relation_15 source_15  (cost=0.00..11329.62 rows=364762 width=4) (actual rows=364762 loops=1)
                                 Buffers: shared hit=11 read=7671
                           ->  Seq Scan on relation_16 source_16  (cost=0.00..9506.82 rows=297982 width=4) (actual rows=297982 loops=1)
                                 Buffers: shared hit=6 read=6521
                           ->  Seq Scan on relation_17 source_17  (cost=0.00..55500.73 rows=1690073 width=4) (actual rows=1690000 loops=1)
                                 Buffers: shared hit=48 read=38552
                           ->  Index Only Scan using relation_18_pkey on relation_18 source_18  (cost=0.29..3052.72 rows=117362 width=4) (actual rows=117362 loops=1)
                                 Heap Fetches: 0
                                 Buffers: shared hit=8 read=315
                           ->  Index Only Scan using relation_19_pkey on relation_19 source_19  (cost=0.29..753.92 rows=28642 width=4) (actual rows=28642 loops=1)
                                 Heap Fetches: 0
                                 Buffers: shared hit=4 read=77
                           ->  Index Only Scan using relation_3_pkey on relation_3 source_20  (cost=0.29..1740.93 rows=66709 width=4) (actual rows=66709 loops=1)
                                 Heap Fetches: 0
                                 Buffers: shared hit=5 read=180
                           ->  Index Only Scan using relation_20_pkey on relation_20 source_21  (cost=0.43..33032.18 rows=1056250 width=4) (actual rows=1056250 loops=1)
                                 Heap Fetches: 0
                                 Buffers: shared hit=17 read=4264
                           ->  Index Only Scan using relation_21_pkey on relation_21 source_22  (cost=0.29..397.29 rows=15000 width=4) (actual rows=15000 loops=1)
                                 Heap Fetches: 0
                                 Buffers: shared hit=2 read=41
                     ->  Hash  (cost=9691.71..9691.71 rows=671871 width=8) (actual rows=671871 loops=1)
                           Buckets: 1048576  Batches: 1  Memory Usage: 34437kB
                           Buffers: shared read=2973
                           ->  Seq Scan on relation_47 source  (cost=0.00..9691.71 rows=671871 width=8) (actual rows=671871 loops=1)
                                 Buffers: shared read=2973
               ->  Hash  (cost=2525.73..2525.73 rows=56235 width=4) (actual rows=56041 loops=1)
                     Buckets: 65536  Batches: 1  Memory Usage: 2483kB
                     Buffers: shared read=776
                     ->  Seq Scan on relation_0 source_1  (cost=0.00..2525.73 rows=56235 width=4) (actual rows=56041 loops=1)
                           Filter: ((category_name)::text > 'our'::text)
                           Rows Removed by Filter: 83937
                           Buffers: shared read=776
 Planning:
   Buffers: shared hit=15 read=12
 Planning Time: 0.628 ms
 JIT:
   Functions: 36
   Options: Inlining true, Optimization true, Expressions true, Deforming true
 Execution Time: 3252.819 ms
(93 rows)

-- Q015 [complex_multi_join] occurrence 1/1
-- Original E/R: SELECT e2.product_id, COUNT(DISTINCT REF(e3)) AS related_count FROM product_tags r1 JOIN Tag e1 ON ENDPOINT(r1, Tag) = REF(e1) JOIN Product e2 ON ENDPOINT(r1, Product) = REF(e2) JOIN order_returns r2 ON ENDPOINT(r2, Product) = REF(e2) JOIN CustOrder e3 ON ENDPOINT(r2, CustOrder) = REF(e3) WHERE e2.quantity > 55 GROUP BY REF(e2), e2.product_id HAVING COUNT(DISTINCT REF(e3)) >= 1;
EXPLAIN (ANALYZE, BUFFERS, TIMING OFF, SUMMARY ON, FORMAT TEXT)
WITH
"b0" AS (
    SELECT
        "source"."product_id" AS "__endpoint_product_0",
        "source"."tag_id" AS "__endpoint_tag_0"
    FROM "relation_48" AS "source"
),
"b1" AS (
    SELECT
        "source"."tag_id" AS "__reference_0"
    FROM "relation_30" AS "source"
),
"b2" AS (
    SELECT
        "source"."product_id" AS "product_id",
        "source"."quantity" AS "quantity",
        "source"."product_id" AS "__reference_0"
    FROM "relation_1" AS "source"
    UNION ALL
    SELECT
        "source"."physicalproduct_id" AS "product_id",
        "source"."quantity" AS "quantity",
        "source"."physicalproduct_id" AS "__reference_0"
    FROM "relation_2" AS "source"
    UNION ALL
    SELECT
        "source"."electronics_id" AS "product_id",
        "source"."quantity" AS "quantity",
        "source"."electronics_id" AS "__reference_0"
    FROM "relation_4" AS "source"
    UNION ALL
    SELECT
        "source"."computer_id" AS "product_id",
        "source"."quantity" AS "quantity",
        "source"."computer_id" AS "__reference_0"
    FROM "relation_5" AS "source"
    UNION ALL
    SELECT
        "source"."desktop_id" AS "product_id",
        "source"."quantity" AS "quantity",
        "source"."desktop_id" AS "__reference_0"
    FROM "relation_6" AS "source"
    UNION ALL
    SELECT
        "source"."laptop_id" AS "product_id",
        "source"."quantity" AS "quantity",
        "source"."laptop_id" AS "__reference_0"
    FROM "relation_7" AS "source"
    UNION ALL
    SELECT
        "source"."tablet_id" AS "product_id",
        "source"."quantity" AS "quantity",
        "source"."tablet_id" AS "__reference_0"
    FROM "relation_8" AS "source"
    UNION ALL
    SELECT
        "source"."smartwatch_id" AS "product_id",
        "source"."quantity" AS "quantity",
        "source"."smartwatch_id" AS "__reference_0"
    FROM "relation_9" AS "source"
    UNION ALL
    SELECT
        "source"."camera_id" AS "product_id",
        "source"."quantity" AS "quantity",
        "source"."camera_id" AS "__reference_0"
    FROM "relation_10" AS "source"
    UNION ALL
    SELECT
        "source"."phone_id" AS "product_id",
        "source"."quantity" AS "quantity",
        "source"."phone_id" AS "__reference_0"
    FROM "relation_11" AS "source"
    UNION ALL
    SELECT
        "source"."accessory_id" AS "product_id",
        "source"."quantity" AS "quantity",
        "source"."accessory_id" AS "__reference_0"
    FROM "relation_12" AS "source"
    UNION ALL
    SELECT
        "source"."appliance_id" AS "product_id",
        "source"."quantity" AS "quantity",
        "source"."appliance_id" AS "__reference_0"
    FROM "relation_13" AS "source"
    UNION ALL
    SELECT
        "source"."kitchenappliance_id" AS "product_id",
        "source"."quantity" AS "quantity",
        "source"."kitchenappliance_id" AS "__reference_0"
    FROM "relation_14" AS "source"
    UNION ALL
    SELECT
        "source"."apparel_id" AS "product_id",
        "source"."quantity" AS "quantity",
        "source"."apparel_id" AS "__reference_0"
    FROM "relation_15" AS "source"
    UNION ALL
    SELECT
        "source"."clothing_id" AS "product_id",
        "source"."quantity" AS "quantity",
        "source"."clothing_id" AS "__reference_0"
    FROM "relation_16" AS "source"
    UNION ALL
    SELECT
        "source"."menclothing_id" AS "product_id",
        "source"."quantity" AS "quantity",
        "source"."menclothing_id" AS "__reference_0"
    FROM "relation_17" AS "source"
    UNION ALL
    SELECT
        "source"."womenclothing_id" AS "product_id",
        "source"."quantity" AS "quantity",
        "source"."womenclothing_id" AS "__reference_0"
    FROM "relation_18" AS "source"
    UNION ALL
    SELECT
        "source"."footwear_id" AS "product_id",
        "source"."quantity" AS "quantity",
        "source"."footwear_id" AS "__reference_0"
    FROM "relation_19" AS "source"
    UNION ALL
    SELECT
        "source"."digitalproduct_id" AS "product_id",
        "source"."quantity" AS "quantity",
        "source"."digitalproduct_id" AS "__reference_0"
    FROM "relation_3" AS "source"
    UNION ALL
    SELECT
        "source"."media_id" AS "product_id",
        "source"."quantity" AS "quantity",
        "source"."media_id" AS "__reference_0"
    FROM "relation_20" AS "source"
    UNION ALL
    SELECT
        "source"."software_id" AS "product_id",
        "source"."quantity" AS "quantity",
        "source"."software_id" AS "__reference_0"
    FROM "relation_21" AS "source"
),
"b3" AS (
    SELECT
        "source"."custorder_id" AS "__endpoint_custorder_0",
        "source"."product_id" AS "__endpoint_product_0"
    FROM "relation_57" AS "source"
),
"b4" AS (
    SELECT
        "source"."custorder_id" AS "__reference_0"
    FROM "relation_37" AS "source"
)
SELECT 
    "b2"."product_id" AS "product_id",
    COUNT(DISTINCT "b4"."__reference_0") AS "related_count"
FROM (((("b0" INNER JOIN "b1" ON ("b0"."__endpoint_tag_0" = "b1"."__reference_0")) INNER JOIN "b2" ON ("b0"."__endpoint_product_0" = "b2"."__reference_0")) INNER JOIN "b3" ON ("b3"."__endpoint_product_0" = "b2"."__reference_0")) INNER JOIN "b4" ON ("b3"."__endpoint_custorder_0" = "b4"."__reference_0"))
WHERE ("b2"."quantity" > 55)
GROUP BY
    "b2"."__reference_0",
    "b2"."product_id"
HAVING (COUNT(DISTINCT "b4"."__reference_0") >= 1);
                                                                                          QUERY PLAN                                                                                           
-----------------------------------------------------------------------------------------------------------------------------------------------------------------------------------------------
 GroupAggregate  (cost=508234.79..521426.23 rows=13333 width=16) (actual rows=3306 loops=1)
   Group Key: source_4.electronics_id, source_4.electronics_id
   Filter: (count(DISTINCT source_24.custorder_id) >= 1)
   Buffers: shared hit=50443 read=381631
   ->  Gather Merge  (cost=508234.79..520158.40 rows=102378 width=12) (actual rows=6590 loops=1)
         Workers Planned: 2
         Workers Launched: 0
         Buffers: shared hit=50443 read=381631
         ->  Sort  (cost=507234.77..507341.41 rows=42658 width=12) (actual rows=6590 loops=1)
               Sort Key: source_4.electronics_id, source_4.electronics_id, source_24.custorder_id
               Sort Method: quicksort  Memory: 450kB
               Buffers: shared hit=50443 read=381631
               ->  Hash Join  (cost=39250.05..503954.25 rows=42658 width=12) (actual rows=6590 loops=1)
                     Hash Cond: (source.tag_id = source_1.tag_id)
                     Buffers: shared hit=50443 read=381631
                     ->  Parallel Hash Join  (cost=35954.01..500546.24 rows=42658 width=16) (actual rows=6590 loops=1)
                           Hash Cond: (source_4.electronics_id = source.product_id)
                           Buffers: shared hit=50443 read=381016
                           ->  Parallel Append  (cost=0.00..459298.16 rows=1364356 width=8) (actual rows=3286680 loops=1)
                                 Buffers: shared read=363616
                                 ->  Parallel Seq Scan on relation_4 source_4  (cost=0.00..235581.98 rows=733643 width=8) (actual rows=1760580 loops=1)
                                       Filter: (quantity > 55)
                                       Rows Removed by Filter: 7243465
                                       Buffers: shared read=188688
                                 ->  Parallel Seq Scan on relation_6 source_6  (cost=0.00..54253.20 rows=151000 width=8) (actual rows=367745 loops=1)
                                       Filter: (quantity > 55)
                                       Rows Removed by Filter: 1510033
                                       Buffers: shared read=44473
                                 ->  Parallel Seq Scan on relation_17 source_17  (cost=0.00..47402.46 rows=138017 width=8) (actual rows=330507 loops=1)
                                       Filter: (quantity > 55)
                                       Rows Removed by Filter: 1359493
                                       Buffers: shared read=38600
                                 ->  Parallel Seq Scan on relation_20 source_21  (cost=0.00..28464.30 rows=84893 width=8) (actual rows=207133 loops=1)
                                       Filter: (quantity > 55)
                                       Rows Removed by Filter: 849117
                                       Buffers: shared read=22963
                                 ->  Parallel Seq Scan on relation_11 source_11  (cost=0.00..18598.84 rows=53909 width=8) (actual rows=132801 loops=1)
                                       Filter: (quantity > 55)
                                       Rows Removed by Filter: 543200
                                       Buffers: shared read=15078
                                 ->  Parallel Seq Scan on relation_9 source_9  (cost=0.00..12518.03 rows=38050 width=8) (actual rows=92232 loops=1)
                                       Filter: (quantity > 55)
                                       Rows Removed by Filter: 377213
                                       Buffers: shared read=10073
                                 ->  Parallel Seq Scan on relation_15 source_15  (cost=0.00..9581.80 rows=29535 width=8) (actual rows=71143 loops=1)
                                       Filter: (quantity > 55)
                                       Rows Removed by Filter: 293619
                                       Buffers: shared read=7682
                                 ->  Parallel Seq Scan on relation_16 source_16  (cost=0.00..8078.99 rows=24562 width=8) (actual rows=58311 loops=1)
                                       Filter: (quantity > 55)
                                       Rows Removed by Filter: 239671
                                       Buffers: shared read=6527
                                 ->  Parallel Seq Scan on relation_14 source_14  (cost=0.00..7037.33 rows=21348 width=8) (actual rows=52102 loops=1)
                                       Filter: (quantity > 55)
                                       Rows Removed by Filter: 211961
                                       Buffers: shared read=5662
                                 ->  Parallel Seq Scan on relation_10 source_10  (cost=0.00..4508.21 rows=13886 width=8) (actual rows=33090 loops=1)
                                       Filter: (quantity > 55)
                                       Rows Removed by Filter: 135911
                                       Buffers: shared read=3628
                                 ->  Parallel Seq Scan on relation_7 source_7  (cost=0.00..3937.45 rows=11348 width=8) (actual rows=27292 loops=1)
                                       Filter: (quantity > 55)
                                       Rows Removed by Filter: 112378
                                       Buffers: shared read=3210
                                 ->  Parallel Seq Scan on relation_12 source_12  (cost=0.00..3936.68 rows=11750 width=8) (actual rows=28316 loops=1)
                                       Filter: (quantity > 55)
                                       Rows Removed by Filter: 116582
                                       Buffers: shared read=3182
                                 ->  Parallel Seq Scan on relation_18 source_18  (cost=0.00..3537.96 rows=13531 width=8) (actual rows=22945 loops=1)
                                       Filter: (quantity > 55)
                                       Rows Removed by Filter: 94417
                                       Buffers: shared read=2675
                                 ->  Parallel Seq Scan on relation_5 source_5  (cost=0.00..3198.16 rows=12411 width=8) (actual rows=20934 loops=1)
                                       Filter: (quantity > 55)
                                       Rows Removed by Filter: 86256
                                       Buffers: shared read=2410
                                 ->  Parallel Seq Scan on relation_8 source_8  (cost=0.00..2881.29 rows=11445 width=8) (actual rows=19508 loops=1)
                                       Filter: (quantity > 55)
                                       Rows Removed by Filter: 80492
                                       Buffers: shared read=2146
                                 ->  Parallel Seq Scan on relation_2 source_3  (cost=0.00..2388.36 rows=9938 width=8) (actual rows=16832 loops=1)
                                       Filter: (quantity > 55)
                                       Rows Removed by Filter: 69033
                                       Buffers: shared read=1757
                                 ->  Parallel Seq Scan on relation_3 source_20  (cost=0.00..1894.51 rows=7745 width=8) (actual rows=13053 loops=1)
                                       Filter: (quantity > 55)
                                       Rows Removed by Filter: 53656
                                       Buffers: shared read=1404
                                 ->  Parallel Seq Scan on relation_13 source_13  (cost=0.00..1701.06 rows=6819 width=8) (actual rows=11692 loops=1)
                                       Filter: (quantity > 55)
                                       Rows Removed by Filter: 48428
                                       Buffers: shared read=1259
                                 ->  Parallel Seq Scan on relation_1 source_2  (cost=0.00..1690.88 rows=7142 width=8) (actual rows=12019 loops=1)
                                       Filter: (quantity > 55)
                                       Rows Removed by Filter: 49980
                                       Buffers: shared read=1235
                                 ->  Parallel Seq Scan on relation_19 source_19  (cost=0.00..837.60 rows=3244 width=8) (actual rows=5514 loops=1)
                                       Filter: (quantity > 55)
                                       Rows Removed by Filter: 23128
                                       Buffers: shared read=627
                                 ->  Parallel Seq Scan on relation_21 source_22  (cost=0.00..447.29 rows=1724 width=8) (actual rows=2931 loops=1)
                                       Filter: (quantity > 55)
                                       Rows Removed by Filter: 12069
                                       Buffers: shared read=337
                           ->  Parallel Hash  (cost=35260.30..35260.30 rows=55497 width=16) (actual rows=33642 loops=1)
                                 Buckets: 262144  Batches: 1  Memory Usage: 3648kB
                                 Buffers: shared hit=50443 read=17400
                                 ->  Nested Loop  (cost=490.29..35260.30 rows=55497 width=16) (actual rows=33642 loops=1)
                                       Buffers: shared hit=50443 read=17400
                                       ->  Hash Join  (cost=489.85..2356.43 rows=7566 width=8) (actual rows=18158 loops=1)
                                             Hash Cond: (source_24.custorder_id = source_23.custorder_id)
                                             Buffers: shared hit=3 read=300
                                             ->  Parallel Index Only Scan using relation_37_pkey on relation_37 source_24  (cost=0.29..1624.01 rows=33442 width=4) (actual rows=80260 loops=1)
                                                   Heap Fetches: 0
                                                   Buffers: shared hit=3 read=219
                                             ->  Hash  (cost=262.58..262.58 rows=18158 width=8) (actual rows=18158 loops=1)
                                                   Buckets: 32768  Batches: 1  Memory Usage: 966kB
                                                   Buffers: shared read=81
                                                   ->  Seq Scan on relation_57 source_23  (cost=0.00..262.58 rows=18158 width=8) (actual rows=18158 loops=1)
                                                         Buffers: shared read=81
                                       ->  Index Only Scan using relation_48_pkey on relation_48 source  (cost=0.44..4.28 rows=7 width=8) (actual rows=2 loops=18158)
                                             Index Cond: (product_id = source_23.product_id)
                                             Heap Fetches: 0
                                             Buffers: shared hit=50440 read=17100
                     ->  Hash  (cost=1806.57..1806.57 rows=119157 width=4) (actual rows=119157 loops=1)
                           Buckets: 131072  Batches: 1  Memory Usage: 5214kB
                           Buffers: shared read=615
                           ->  Seq Scan on relation_30 source_1  (cost=0.00..1806.57 rows=119157 width=4) (actual rows=119157 loops=1)
                                 Buffers: shared read=615
 Planning:
   Buffers: shared hit=30 read=34
 Planning Time: 1.843 ms
 JIT:
   Functions: 112
   Options: Inlining true, Optimization true, Expressions true, Deforming true
 Execution Time: 1580.270 ms
(136 rows)

-- Q016 [selection_projection] occurrence 1/1
-- Original E/R: SELECT e.email, e.user_id, e.password_hash, e.renewal_date FROM PrimeCustomer e WHERE e.renewal_date >= '2027-10-14';
EXPLAIN (ANALYZE, BUFFERS, TIMING OFF, SUMMARY ON, FORMAT TEXT)
WITH
"b0" AS (
    SELECT
        "source"."renewal_date" AS "renewal_date",
        "source"."email" AS "email",
        "source"."password_hash" AS "password_hash",
        "source"."primecustomer_id" AS "user_id"
    FROM "relation_24" AS "source"
)
SELECT 
    "b0"."email" AS "email",
    "b0"."user_id" AS "user_id",
    "b0"."password_hash" AS "password_hash",
    "b0"."renewal_date" AS "renewal_date"
FROM "b0"
WHERE ("b0"."renewal_date" >= '2027-10-14');
                                              QUERY PLAN                                              
------------------------------------------------------------------------------------------------------
 Seq Scan on relation_24 source  (cost=0.00..4963.00 rows=10024 width=102) (actual rows=9923 loops=1)
   Filter: ((renewal_date)::text >= '2027-10-14'::text)
   Rows Removed by Filter: 90077
   Buffers: shared read=3713
 Planning:
   Buffers: shared hit=3 read=3
 Planning Time: 0.066 ms
 Execution Time: 14.696 ms
(8 rows)

-- Q017 [relationship_join] occurrence 1/1
-- Original E/R: SELECT e1.password_hash, e2.status, e2.placed_at FROM customer_orders r JOIN Customer e1 ON ENDPOINT(r, Customer) = REF(e1) JOIN CustOrder e2 ON ENDPOINT(r, CustOrder) = REF(e2) WHERE e1.email <= 'jeffreybentley@example.org';
EXPLAIN (ANALYZE, BUFFERS, TIMING OFF, SUMMARY ON, FORMAT TEXT)
WITH
"b0" AS (
    SELECT
        "source"."customer_orders_customer_id" AS "__endpoint_customer_0",
        "source"."custorder_id" AS "__endpoint_custorder_0"
    FROM "relation_54" AS "source"
),
"b1" AS (
    SELECT
        "source"."email" AS "email",
        "source"."password_hash" AS "password_hash",
        "source"."customer_id" AS "__reference_0"
    FROM "relation_23" AS "source"
    UNION ALL
    SELECT
        "source"."email" AS "email",
        "source"."password_hash" AS "password_hash",
        "source"."primecustomer_id" AS "__reference_0"
    FROM "relation_24" AS "source"
    UNION ALL
    SELECT
        "source"."email" AS "email",
        "source"."password_hash" AS "password_hash",
        "source"."businesscustomer_id" AS "__reference_0"
    FROM "relation_25" AS "source"
),
"b2" AS (
    SELECT
        "source"."placed_at" AS "placed_at",
        "source"."status" AS "status",
        "source"."custorder_id" AS "__reference_0"
    FROM "relation_37" AS "source"
)
SELECT 
    "b1"."password_hash" AS "password_hash",
    "b2"."status" AS "status",
    "b2"."placed_at" AS "placed_at"
FROM (("b0" INNER JOIN "b1" ON ("b0"."__endpoint_customer_0" = "b1"."__reference_0")) INNER JOIN "b2" ON ("b0"."__endpoint_custorder_0" = "b2"."__reference_0"))
WHERE ("b1"."email" <= 'jeffreybentley@example.org');
                                                         QUERY PLAN                                                          
-----------------------------------------------------------------------------------------------------------------------------
 Hash Join  (cost=4523.76..58770.03 rows=439633 width=85) (actual rows=29891 loops=1)
   Hash Cond: (source_1.customer_id = source.customer_orders_customer_id)
   Buffers: shared hit=3713 read=30436
   ->  Append  (cost=0.00..48291.38 rows=415614 width=69) (actual rows=415641 loops=1)
         Buffers: shared hit=3713 read=29538
         ->  Seq Scan on relation_23 source_1  (cost=0.00..1550.31 rows=14874 width=69) (actual rows=14629 loops=1)
               Filter: ((email)::text <= 'jeffreybentley@example.org'::text)
               Rows Removed by Filter: 22356
               Buffers: shared read=1088
         ->  Seq Scan on relation_24 source_2  (cost=0.00..4963.00 rows=40956 width=69) (actual rows=40140 loops=1)
               Filter: ((email)::text <= 'jeffreybentley@example.org'::text)
               Rows Removed by Filter: 59860
               Buffers: shared hit=3713
         ->  Seq Scan on relation_25 source_3  (cost=0.00..39700.00 rows=359784 width=69) (actual rows=360872 loops=1)
               Filter: ((email)::text <= 'jeffreybentley@example.org'::text)
               Rows Removed by Filter: 539128
               Buffers: shared read=28450
   ->  Hash  (cost=3590.74..3590.74 rows=74642 width=24) (actual rows=74642 loops=1)
         Buckets: 131072  Batches: 1  Memory Usage: 5129kB
         Buffers: shared read=898
         ->  Hash Join  (cost=2010.45..3590.74 rows=74642 width=24) (actual rows=74642 loops=1)
               Hash Cond: (source_4.custorder_id = source.custorder_id)
               Buffers: shared read=898
               ->  Seq Scan on relation_37 source_4  (cost=0.00..1369.60 rows=80260 width=24) (actual rows=80260 loops=1)
                     Buffers: shared read=567
               ->  Hash  (cost=1077.42..1077.42 rows=74642 width=8) (actual rows=74642 loops=1)
                     Buckets: 131072  Batches: 1  Memory Usage: 3940kB
                     Buffers: shared read=331
                     ->  Seq Scan on relation_54 source  (cost=0.00..1077.42 rows=74642 width=8) (actual rows=74642 loops=1)
                           Buffers: shared read=331
 Planning:
   Buffers: shared hit=13 read=16
 Planning Time: 2.854 ms
 Execution Time: 150.770 ms
(34 rows)

-- Q018 [complex_multi_join] occurrence 1/1
-- Original E/R: SELECT e1.supplier_id, e2.product_name, e3.sku FROM supplier_products r1 JOIN Supplier e1 ON ENDPOINT(r1, Supplier) = REF(e1) JOIN Product e2 ON ENDPOINT(r1, Product) = REF(e2) JOIN bought_together r2 ON ENDPOINT(r2, product_id) = REF(e2) JOIN Product e3 ON ENDPOINT(r2, bought_together_product_id) = REF(e3) WHERE e2.product_id < 6628845;
EXPLAIN (ANALYZE, BUFFERS, TIMING OFF, SUMMARY ON, FORMAT TEXT)
WITH
"b0" AS (
    SELECT
        "source"."product_id" AS "__endpoint_product_0",
        "source"."supplier_id" AS "__endpoint_supplier_0"
    FROM "relation_60" AS "source"
),
"b1" AS (
    SELECT
        "source"."supplier_id" AS "supplier_id",
        "source"."supplier_id" AS "__reference_0"
    FROM "relation_43" AS "source"
),
"b2" AS (
    SELECT
        "source"."product_id" AS "product_id",
        "source"."product_name" AS "product_name",
        "source"."product_id" AS "__reference_0"
    FROM "relation_1" AS "source"
    UNION ALL
    SELECT
        "source"."physicalproduct_id" AS "product_id",
        "source"."product_name" AS "product_name",
        "source"."physicalproduct_id" AS "__reference_0"
    FROM "relation_2" AS "source"
    UNION ALL
    SELECT
        "source"."electronics_id" AS "product_id",
        "source"."product_name" AS "product_name",
        "source"."electronics_id" AS "__reference_0"
    FROM "relation_4" AS "source"
    UNION ALL
    SELECT
        "source"."computer_id" AS "product_id",
        "source"."product_name" AS "product_name",
        "source"."computer_id" AS "__reference_0"
    FROM "relation_5" AS "source"
    UNION ALL
    SELECT
        "source"."desktop_id" AS "product_id",
        "source"."product_name" AS "product_name",
        "source"."desktop_id" AS "__reference_0"
    FROM "relation_6" AS "source"
    UNION ALL
    SELECT
        "source"."laptop_id" AS "product_id",
        "source"."product_name" AS "product_name",
        "source"."laptop_id" AS "__reference_0"
    FROM "relation_7" AS "source"
    UNION ALL
    SELECT
        "source"."tablet_id" AS "product_id",
        "source"."product_name" AS "product_name",
        "source"."tablet_id" AS "__reference_0"
    FROM "relation_8" AS "source"
    UNION ALL
    SELECT
        "source"."smartwatch_id" AS "product_id",
        "source"."product_name" AS "product_name",
        "source"."smartwatch_id" AS "__reference_0"
    FROM "relation_9" AS "source"
    UNION ALL
    SELECT
        "source"."camera_id" AS "product_id",
        "source"."product_name" AS "product_name",
        "source"."camera_id" AS "__reference_0"
    FROM "relation_10" AS "source"
    UNION ALL
    SELECT
        "source"."phone_id" AS "product_id",
        "source"."product_name" AS "product_name",
        "source"."phone_id" AS "__reference_0"
    FROM "relation_11" AS "source"
    UNION ALL
    SELECT
        "source"."accessory_id" AS "product_id",
        "source"."product_name" AS "product_name",
        "source"."accessory_id" AS "__reference_0"
    FROM "relation_12" AS "source"
    UNION ALL
    SELECT
        "source"."appliance_id" AS "product_id",
        "source"."product_name" AS "product_name",
        "source"."appliance_id" AS "__reference_0"
    FROM "relation_13" AS "source"
    UNION ALL
    SELECT
        "source"."kitchenappliance_id" AS "product_id",
        "source"."product_name" AS "product_name",
        "source"."kitchenappliance_id" AS "__reference_0"
    FROM "relation_14" AS "source"
    UNION ALL
    SELECT
        "source"."apparel_id" AS "product_id",
        "source"."product_name" AS "product_name",
        "source"."apparel_id" AS "__reference_0"
    FROM "relation_15" AS "source"
    UNION ALL
    SELECT
        "source"."clothing_id" AS "product_id",
        "source"."product_name" AS "product_name",
        "source"."clothing_id" AS "__reference_0"
    FROM "relation_16" AS "source"
    UNION ALL
    SELECT
        "source"."menclothing_id" AS "product_id",
        "source"."product_name" AS "product_name",
        "source"."menclothing_id" AS "__reference_0"
    FROM "relation_17" AS "source"
    UNION ALL
    SELECT
        "source"."womenclothing_id" AS "product_id",
        "source"."product_name" AS "product_name",
        "source"."womenclothing_id" AS "__reference_0"
    FROM "relation_18" AS "source"
    UNION ALL
    SELECT
        "source"."footwear_id" AS "product_id",
        "source"."product_name" AS "product_name",
        "source"."footwear_id" AS "__reference_0"
    FROM "relation_19" AS "source"
    UNION ALL
    SELECT
        "source"."digitalproduct_id" AS "product_id",
        "source"."product_name" AS "product_name",
        "source"."digitalproduct_id" AS "__reference_0"
    FROM "relation_3" AS "source"
    UNION ALL
    SELECT
        "source"."media_id" AS "product_id",
        "source"."product_name" AS "product_name",
        "source"."media_id" AS "__reference_0"
    FROM "relation_20" AS "source"
    UNION ALL
    SELECT
        "source"."software_id" AS "product_id",
        "source"."product_name" AS "product_name",
        "source"."software_id" AS "__reference_0"
    FROM "relation_21" AS "source"
),
"b3" AS (
    SELECT
        "source"."bought_together_product_product_id" AS "__endpoint_bought_together_product_id_0",
        "source"."product_id" AS "__endpoint_product_id_0"
    FROM "relation_50" AS "source"
),
"b4" AS (
    SELECT
        "source"."sku" AS "sku",
        "source"."product_id" AS "__reference_0"
    FROM "relation_1" AS "source"
    UNION ALL
    SELECT
        "source"."sku" AS "sku",
        "source"."physicalproduct_id" AS "__reference_0"
    FROM "relation_2" AS "source"
    UNION ALL
    SELECT
        "source"."sku" AS "sku",
        "source"."electronics_id" AS "__reference_0"
    FROM "relation_4" AS "source"
    UNION ALL
    SELECT
        "source"."sku" AS "sku",
        "source"."computer_id" AS "__reference_0"
    FROM "relation_5" AS "source"
    UNION ALL
    SELECT
        "source"."sku" AS "sku",
        "source"."desktop_id" AS "__reference_0"
    FROM "relation_6" AS "source"
    UNION ALL
    SELECT
        "source"."sku" AS "sku",
        "source"."laptop_id" AS "__reference_0"
    FROM "relation_7" AS "source"
    UNION ALL
    SELECT
        "source"."sku" AS "sku",
        "source"."tablet_id" AS "__reference_0"
    FROM "relation_8" AS "source"
    UNION ALL
    SELECT
        "source"."sku" AS "sku",
        "source"."smartwatch_id" AS "__reference_0"
    FROM "relation_9" AS "source"
    UNION ALL
    SELECT
        "source"."sku" AS "sku",
        "source"."camera_id" AS "__reference_0"
    FROM "relation_10" AS "source"
    UNION ALL
    SELECT
        "source"."sku" AS "sku",
        "source"."phone_id" AS "__reference_0"
    FROM "relation_11" AS "source"
    UNION ALL
    SELECT
        "source"."sku" AS "sku",
        "source"."accessory_id" AS "__reference_0"
    FROM "relation_12" AS "source"
    UNION ALL
    SELECT
        "source"."sku" AS "sku",
        "source"."appliance_id" AS "__reference_0"
    FROM "relation_13" AS "source"
    UNION ALL
    SELECT
        "source"."sku" AS "sku",
        "source"."kitchenappliance_id" AS "__reference_0"
    FROM "relation_14" AS "source"
    UNION ALL
    SELECT
        "source"."sku" AS "sku",
        "source"."apparel_id" AS "__reference_0"
    FROM "relation_15" AS "source"
    UNION ALL
    SELECT
        "source"."sku" AS "sku",
        "source"."clothing_id" AS "__reference_0"
    FROM "relation_16" AS "source"
    UNION ALL
    SELECT
        "source"."sku" AS "sku",
        "source"."menclothing_id" AS "__reference_0"
    FROM "relation_17" AS "source"
    UNION ALL
    SELECT
        "source"."sku" AS "sku",
        "source"."womenclothing_id" AS "__reference_0"
    FROM "relation_18" AS "source"
    UNION ALL
    SELECT
        "source"."sku" AS "sku",
        "source"."footwear_id" AS "__reference_0"
    FROM "relation_19" AS "source"
    UNION ALL
    SELECT
        "source"."sku" AS "sku",
        "source"."digitalproduct_id" AS "__reference_0"
    FROM "relation_3" AS "source"
    UNION ALL
    SELECT
        "source"."sku" AS "sku",
        "source"."media_id" AS "__reference_0"
    FROM "relation_20" AS "source"
    UNION ALL
    SELECT
        "source"."sku" AS "sku",
        "source"."software_id" AS "__reference_0"
    FROM "relation_21" AS "source"
)
SELECT 
    "b1"."supplier_id" AS "supplier_id",
    "b2"."product_name" AS "product_name",
    "b4"."sku" AS "sku"
FROM (((("b0" INNER JOIN "b1" ON ("b0"."__endpoint_supplier_0" = "b1"."__reference_0")) INNER JOIN "b2" ON ("b0"."__endpoint_product_0" = "b2"."__reference_0")) INNER JOIN "b3" ON ("b3"."__endpoint_product_id_0" = "b2"."__reference_0")) INNER JOIN "b4" ON ("b3"."__endpoint_bought_together_product_id_0" = "b4"."__reference_0"))
WHERE ("b2"."product_id" < 6628845);
                                                                                       QUERY PLAN                                                                                        
-----------------------------------------------------------------------------------------------------------------------------------------------------------------------------------------
 Hash Join  (cost=581139.31..1323393.22 rows=34291346 width=56) (actual rows=15045 loops=1)
   Hash Cond: (source_2.product_id = source.product_id)
   Buffers: shared hit=100051 read=587872
   ->  Append  (cost=0.00..341479.43 rows=6612584 width=38) (actual rows=6628844 loops=1)
         Buffers: shared hit=32 read=193095
         ->  Seq Scan on relation_1 source_2  (cost=0.00..2009.99 rows=61999 width=38) (actual rows=61999 loops=1)
               Filter: (product_id < 6628845)
               Buffers: shared read=1235
         ->  Seq Scan on relation_2 source_3  (cost=0.00..2830.31 rows=85865 width=38) (actual rows=85865 loops=1)
               Filter: (physicalproduct_id < 6628845)
               Buffers: shared read=1757
         ->  Seq Scan on relation_4 source_4  (cost=0.00..301233.55 rows=6397994 width=38) (actual rows=6414271 loops=1)
               Filter: (electronics_id < 6628845)
               Rows Removed by Filter: 2589774
               Buffers: shared hit=32 read=188656
         ->  Index Scan using relation_5_pkey on relation_5 source_5  (cost=0.29..4.31 rows=1 width=38) (actual rows=0 loops=1)
               Index Cond: (computer_id < 6628845)
               Buffers: shared read=2
         ->  Index Scan using relation_6_pkey on relation_6 source_6  (cost=0.43..8.31 rows=1 width=38) (actual rows=0 loops=1)
               Index Cond: (desktop_id < 6628845)
               Buffers: shared read=3
         ->  Index Scan using relation_7_pkey on relation_7 source_7  (cost=0.29..4.31 rows=1 width=38) (actual rows=0 loops=1)
               Index Cond: (laptop_id < 6628845)
               Buffers: shared read=2
         ->  Index Scan using relation_8_pkey on relation_8 source_8  (cost=0.29..4.31 rows=1 width=38) (actual rows=0 loops=1)
               Index Cond: (tablet_id < 6628845)
               Buffers: shared read=2
         ->  Index Scan using relation_9_pkey on relation_9 source_9  (cost=0.42..8.38 rows=1 width=38) (actual rows=0 loops=1)
               Index Cond: (smartwatch_id < 6628845)
               Buffers: shared read=3
         ->  Index Scan using relation_10_pkey on relation_10 source_10  (cost=0.42..4.44 rows=1 width=38) (actual rows=0 loops=1)
               Index Cond: (camera_id < 6628845)
               Buffers: shared read=3
         ->  Index Scan using relation_11_pkey on relation_11 source_11  (cost=0.42..7.02 rows=1 width=38) (actual rows=0 loops=1)
               Index Cond: (phone_id < 6628845)
               Buffers: shared read=3
         ->  Index Scan using relation_12_pkey on relation_12 source_12  (cost=0.29..4.31 rows=1 width=38) (actual rows=0 loops=1)
               Index Cond: (accessory_id < 6628845)
               Buffers: shared read=2
         ->  Index Scan using relation_13_pkey on relation_13 source_13  (cost=0.29..6.09 rows=1 width=38) (actual rows=0 loops=1)
               Index Cond: (appliance_id < 6628845)
               Buffers: shared read=2
         ->  Index Scan using relation_14_pkey on relation_14 source_14  (cost=0.42..7.82 rows=1 width=38) (actual rows=0 loops=1)
               Index Cond: (kitchenappliance_id < 6628845)
               Buffers: shared read=3
         ->  Index Scan using relation_15_pkey on relation_15 source_15  (cost=0.42..7.87 rows=1 width=38) (actual rows=0 loops=1)
               Index Cond: (apparel_id < 6628845)
               Buffers: shared read=3
         ->  Index Scan using relation_16_pkey on relation_16 source_16  (cost=0.42..8.44 rows=1 width=38) (actual rows=0 loops=1)
               Index Cond: (clothing_id < 6628845)
               Buffers: shared read=3
         ->  Index Scan using relation_17_pkey on relation_17 source_17  (cost=0.43..8.20 rows=1 width=38) (actual rows=0 loops=1)
               Index Cond: (menclothing_id < 6628845)
               Buffers: shared read=3
         ->  Index Scan using relation_18_pkey on relation_18 source_18  (cost=0.29..4.31 rows=1 width=38) (actual rows=0 loops=1)
               Index Cond: (womenclothing_id < 6628845)
               Buffers: shared read=2
         ->  Index Scan using relation_19_pkey on relation_19 source_19  (cost=0.29..4.31 rows=1 width=38) (actual rows=0 loops=1)
               Index Cond: (footwear_id < 6628845)
               Buffers: shared read=2
         ->  Seq Scan on relation_3 source_20  (cost=0.00..2237.86 rows=66709 width=38) (actual rows=66709 loops=1)
               Filter: (digitalproduct_id < 6628845)
               Buffers: shared read=1404
         ->  Index Scan using relation_20_pkey on relation_20 source_21  (cost=0.43..8.07 rows=1 width=38) (actual rows=0 loops=1)
               Index Cond: (media_id < 6628845)
               Buffers: shared read=3
         ->  Index Scan using relation_21_pkey on relation_21 source_22  (cost=0.29..4.30 rows=1 width=38) (actual rows=0 loops=1)
               Index Cond: (software_id < 6628845)
               Buffers: shared read=2
   ->  Hash  (cost=578635.87..578635.87 rows=200275 width=30) (actual rows=37580 loops=1)
         Buckets: 262144  Batches: 1  Memory Usage: 4324kB
         Buffers: shared hit=100019 read=394777
         ->  Gather  (cost=62319.24..578635.87 rows=200275 width=30) (actual rows=37580 loops=1)
               Workers Planned: 2
               Workers Launched: 0
               Buffers: shared hit=100019 read=394777
               ->  Parallel Hash Join  (cost=61319.24..557608.37 rows=83448 width=30) (actual rows=37580 loops=1)
                     Hash Cond: (source_26.electronics_id = source_23.bought_together_product_product_id)
                     Buffers: shared hit=100019 read=394777
                     ->  Parallel Append  (cost=0.00..469696.95 rows=6998530 width=22) (actual rows=16796782 loops=1)
                           Buffers: shared hit=1 read=363615
                           ->  Parallel Seq Scan on relation_4 source_26  (cost=0.00..226203.18 rows=3751518 width=22) (actual rows=9004045 loops=1)
                                 Buffers: shared read=188688
                           ->  Parallel Seq Scan on relation_6 source_28  (cost=0.00..52297.16 rows=782416 width=22) (actual rows=1877778 loops=1)
                                 Buffers: shared read=44473
                           ->  Parallel Seq Scan on relation_17 source_39  (cost=0.00..45641.97 rows=704197 width=22) (actual rows=1690000 loops=1)
                                 Buffers: shared read=38600
                           ->  Parallel Seq Scan on relation_20 source_43  (cost=0.00..27364.04 rows=440104 width=22) (actual rows=1056250 loops=1)
                                 Buffers: shared read=22963
                           ->  Parallel Seq Scan on relation_11 source_33  (cost=0.00..17894.67 rows=281667 width=22) (actual rows=676001 loops=1)
                                 Buffers: shared read=15078
                           ->  Parallel Seq Scan on relation_9 source_31  (cost=0.00..12029.02 rows=195602 width=22) (actual rows=469445 loops=1)
                                 Buffers: shared read=10073
                           ->  Parallel Seq Scan on relation_15 source_37  (cost=0.00..9201.84 rows=151984 width=22) (actual rows=364762 loops=1)
                                 Buffers: shared read=7682
                           ->  Parallel Seq Scan on relation_16 source_38  (cost=0.00..7768.59 rows=124159 width=22) (actual rows=297982 loops=1)
                                 Buffers: shared read=6527
                           ->  Parallel Seq Scan on relation_14 source_36  (cost=0.00..6762.26 rows=110026 width=22) (actual rows=264063 loops=1)
                                 Buffers: shared read=5662
                           ->  Parallel Seq Scan on relation_10 source_32  (cost=0.00..4332.17 rows=70417 width=22) (actual rows=169001 loops=1)
                                 Buffers: shared read=3628
                           ->  Parallel Seq Scan on relation_7 source_29  (cost=0.00..3791.96 rows=58196 width=22) (actual rows=139670 loops=1)
                                 Buffers: shared read=3210
                           ->  Parallel Seq Scan on relation_12 source_34  (cost=0.00..3785.74 rows=60374 width=22) (actual rows=144898 loops=1)
                                 Buffers: shared read=3182
                           ->  Parallel Seq Scan on relation_18 source_40  (cost=0.00..3365.36 rows=69036 width=22) (actual rows=117362 loops=1)
                                 Buffers: shared read=2675
                           ->  Parallel Seq Scan on relation_5 source_27  (cost=0.00..3040.53 rows=63053 width=22) (actual rows=107190 loops=1)
                                 Buffers: shared read=2410
                           ->  Parallel Seq Scan on relation_8 source_30  (cost=0.00..2734.24 rows=58824 width=22) (actual rows=100000 loops=1)
                                 Buffers: shared read=2146
                           ->  Parallel Seq Scan on relation_2 source_25  (cost=0.00..2262.09 rows=50509 width=22) (actual rows=85865 loops=1)
                                 Buffers: shared read=1757
                           ->  Parallel Seq Scan on relation_3 source_42  (cost=0.00..1796.41 rows=39241 width=22) (actual rows=66709 loops=1)
                                 Buffers: shared read=1404
                           ->  Parallel Seq Scan on relation_13 source_35  (cost=0.00..1612.65 rows=35365 width=22) (actual rows=60120 loops=1)
                                 Buffers: shared read=1259
                           ->  Parallel Seq Scan on relation_1 source_24  (cost=0.00..1599.70 rows=36470 width=22) (actual rows=61999 loops=1)
                                 Buffers: shared hit=1 read=1234
                           ->  Parallel Seq Scan on relation_19 source_41  (cost=0.00..795.48 rows=16848 width=22) (actual rows=28642 loops=1)
                                 Buffers: shared read=627
                           ->  Parallel Seq Scan on relation_21 source_44  (cost=0.00..425.24 rows=8824 width=22) (actual rows=15000 loops=1)
                                 Buffers: shared read=337
                     ->  Parallel Hash  (cost=60765.55..60765.55 rows=44295 width=16) (actual rows=37580 loops=1)
                           Buckets: 131072  Batches: 1  Memory Usage: 2816kB
                           Buffers: shared hit=100018 read=31162
                           ->  Nested Loop  (cost=1043.09..60765.55 rows=44295 width=16) (actual rows=37580 loops=1)
                                 Buffers: shared hit=100018 read=31162
                                 ->  Hash Join  (cost=1042.66..3477.56 rows=16118 width=8) (actual rows=38683 loops=1)
                                       Hash Cond: (source_1.supplier_id = source.supplier_id)
                                       Buffers: shared hit=3 read=457
                                       ->  Parallel Index Only Scan using relation_43_pkey on relation_43 source_1  (cost=0.29..2110.66 rows=43562 width=4) (actual rows=104549 loops=1)
                                             Heap Fetches: 0
                                             Buffers: shared hit=3 read=285
                                       ->  Hash  (cost=558.83..558.83 rows=38683 width=8) (actual rows=38683 loops=1)
                                             Buckets: 65536  Batches: 1  Memory Usage: 2024kB
                                             Buffers: shared read=172
                                             ->  Seq Scan on relation_60 source  (cost=0.00..558.83 rows=38683 width=8) (actual rows=38683 loops=1)
                                                   Buffers: shared read=172
                                 ->  Index Only Scan using relation_50_pkey on relation_50 source_23  (cost=0.43..3.52 rows=3 width=8) (actual rows=1 loops=38683)
                                       Index Cond: (product_id = source.product_id)
                                       Heap Fetches: 0
                                       Buffers: shared hit=100015 read=30705
 Planning:
   Buffers: shared hit=81 read=117
 Planning Time: 49.227 ms
 JIT:
   Functions: 148
   Options: Inlining true, Optimization true, Expressions true, Deforming true
 Execution Time: 2789.803 ms
(150 rows)

-- Q019 [complex_multi_join] occurrence 1/1
-- Original E/R: SELECT e2.base_price, COUNT(DISTINCT REF(e3)) AS related_count FROM bundle_components r1 JOIN Product e1 ON ENDPOINT(r1, bundle_product_id) = REF(e1) JOIN Product e2 ON ENDPOINT(r1, product_id) = REF(e2) JOIN bought_together r2 ON ENDPOINT(r2, product_id) = REF(e2) JOIN Product e3 ON ENDPOINT(r2, bought_together_product_id) = REF(e3) WHERE e3.sku < 'SKU-PTjD-46248744' GROUP BY REF(e2), e2.base_price HAVING COUNT(DISTINCT REF(e3)) >= 2;
EXPLAIN (ANALYZE, BUFFERS, TIMING OFF, SUMMARY ON, FORMAT TEXT)
WITH
"b0" AS (
    SELECT
        "source"."bundle_product_product_id" AS "__endpoint_bundle_product_id_0",
        "source"."product_id" AS "__endpoint_product_id_0"
    FROM "relation_49" AS "source"
),
"b1" AS (
    SELECT
        "source"."product_id" AS "__reference_0"
    FROM "relation_1" AS "source"
    UNION ALL
    SELECT
        "source"."physicalproduct_id" AS "__reference_0"
    FROM "relation_2" AS "source"
    UNION ALL
    SELECT
        "source"."electronics_id" AS "__reference_0"
    FROM "relation_4" AS "source"
    UNION ALL
    SELECT
        "source"."computer_id" AS "__reference_0"
    FROM "relation_5" AS "source"
    UNION ALL
    SELECT
        "source"."desktop_id" AS "__reference_0"
    FROM "relation_6" AS "source"
    UNION ALL
    SELECT
        "source"."laptop_id" AS "__reference_0"
    FROM "relation_7" AS "source"
    UNION ALL
    SELECT
        "source"."tablet_id" AS "__reference_0"
    FROM "relation_8" AS "source"
    UNION ALL
    SELECT
        "source"."smartwatch_id" AS "__reference_0"
    FROM "relation_9" AS "source"
    UNION ALL
    SELECT
        "source"."camera_id" AS "__reference_0"
    FROM "relation_10" AS "source"
    UNION ALL
    SELECT
        "source"."phone_id" AS "__reference_0"
    FROM "relation_11" AS "source"
    UNION ALL
    SELECT
        "source"."accessory_id" AS "__reference_0"
    FROM "relation_12" AS "source"
    UNION ALL
    SELECT
        "source"."appliance_id" AS "__reference_0"
    FROM "relation_13" AS "source"
    UNION ALL
    SELECT
        "source"."kitchenappliance_id" AS "__reference_0"
    FROM "relation_14" AS "source"
    UNION ALL
    SELECT
        "source"."apparel_id" AS "__reference_0"
    FROM "relation_15" AS "source"
    UNION ALL
    SELECT
        "source"."clothing_id" AS "__reference_0"
    FROM "relation_16" AS "source"
    UNION ALL
    SELECT
        "source"."menclothing_id" AS "__reference_0"
    FROM "relation_17" AS "source"
    UNION ALL
    SELECT
        "source"."womenclothing_id" AS "__reference_0"
    FROM "relation_18" AS "source"
    UNION ALL
    SELECT
        "source"."footwear_id" AS "__reference_0"
    FROM "relation_19" AS "source"
    UNION ALL
    SELECT
        "source"."digitalproduct_id" AS "__reference_0"
    FROM "relation_3" AS "source"
    UNION ALL
    SELECT
        "source"."media_id" AS "__reference_0"
    FROM "relation_20" AS "source"
    UNION ALL
    SELECT
        "source"."software_id" AS "__reference_0"
    FROM "relation_21" AS "source"
),
"b2" AS (
    SELECT
        "source"."base_price" AS "base_price",
        "source"."product_id" AS "__reference_0"
    FROM "relation_1" AS "source"
    UNION ALL
    SELECT
        "source"."base_price" AS "base_price",
        "source"."physicalproduct_id" AS "__reference_0"
    FROM "relation_2" AS "source"
    UNION ALL
    SELECT
        "source"."base_price" AS "base_price",
        "source"."electronics_id" AS "__reference_0"
    FROM "relation_4" AS "source"
    UNION ALL
    SELECT
        "source"."base_price" AS "base_price",
        "source"."computer_id" AS "__reference_0"
    FROM "relation_5" AS "source"
    UNION ALL
    SELECT
        "source"."base_price" AS "base_price",
        "source"."desktop_id" AS "__reference_0"
    FROM "relation_6" AS "source"
    UNION ALL
    SELECT
        "source"."base_price" AS "base_price",
        "source"."laptop_id" AS "__reference_0"
    FROM "relation_7" AS "source"
    UNION ALL
    SELECT
        "source"."base_price" AS "base_price",
        "source"."tablet_id" AS "__reference_0"
    FROM "relation_8" AS "source"
    UNION ALL
    SELECT
        "source"."base_price" AS "base_price",
        "source"."smartwatch_id" AS "__reference_0"
    FROM "relation_9" AS "source"
    UNION ALL
    SELECT
        "source"."base_price" AS "base_price",
        "source"."camera_id" AS "__reference_0"
    FROM "relation_10" AS "source"
    UNION ALL
    SELECT
        "source"."base_price" AS "base_price",
        "source"."phone_id" AS "__reference_0"
    FROM "relation_11" AS "source"
    UNION ALL
    SELECT
        "source"."base_price" AS "base_price",
        "source"."accessory_id" AS "__reference_0"
    FROM "relation_12" AS "source"
    UNION ALL
    SELECT
        "source"."base_price" AS "base_price",
        "source"."appliance_id" AS "__reference_0"
    FROM "relation_13" AS "source"
    UNION ALL
    SELECT
        "source"."base_price" AS "base_price",
        "source"."kitchenappliance_id" AS "__reference_0"
    FROM "relation_14" AS "source"
    UNION ALL
    SELECT
        "source"."base_price" AS "base_price",
        "source"."apparel_id" AS "__reference_0"
    FROM "relation_15" AS "source"
    UNION ALL
    SELECT
        "source"."base_price" AS "base_price",
        "source"."clothing_id" AS "__reference_0"
    FROM "relation_16" AS "source"
    UNION ALL
    SELECT
        "source"."base_price" AS "base_price",
        "source"."menclothing_id" AS "__reference_0"
    FROM "relation_17" AS "source"
    UNION ALL
    SELECT
        "source"."base_price" AS "base_price",
        "source"."womenclothing_id" AS "__reference_0"
    FROM "relation_18" AS "source"
    UNION ALL
    SELECT
        "source"."base_price" AS "base_price",
        "source"."footwear_id" AS "__reference_0"
    FROM "relation_19" AS "source"
    UNION ALL
    SELECT
        "source"."base_price" AS "base_price",
        "source"."digitalproduct_id" AS "__reference_0"
    FROM "relation_3" AS "source"
    UNION ALL
    SELECT
        "source"."base_price" AS "base_price",
        "source"."media_id" AS "__reference_0"
    FROM "relation_20" AS "source"
    UNION ALL
    SELECT
        "source"."base_price" AS "base_price",
        "source"."software_id" AS "__reference_0"
    FROM "relation_21" AS "source"
),
"b3" AS (
    SELECT
        "source"."bought_together_product_product_id" AS "__endpoint_bought_together_product_id_0",
        "source"."product_id" AS "__endpoint_product_id_0"
    FROM "relation_50" AS "source"
),
"b4" AS (
    SELECT
        "source"."sku" AS "sku",
        "source"."product_id" AS "__reference_0"
    FROM "relation_1" AS "source"
    UNION ALL
    SELECT
        "source"."sku" AS "sku",
        "source"."physicalproduct_id" AS "__reference_0"
    FROM "relation_2" AS "source"
    UNION ALL
    SELECT
        "source"."sku" AS "sku",
        "source"."electronics_id" AS "__reference_0"
    FROM "relation_4" AS "source"
    UNION ALL
    SELECT
        "source"."sku" AS "sku",
        "source"."computer_id" AS "__reference_0"
    FROM "relation_5" AS "source"
    UNION ALL
    SELECT
        "source"."sku" AS "sku",
        "source"."desktop_id" AS "__reference_0"
    FROM "relation_6" AS "source"
    UNION ALL
    SELECT
        "source"."sku" AS "sku",
        "source"."laptop_id" AS "__reference_0"
    FROM "relation_7" AS "source"
    UNION ALL
    SELECT
        "source"."sku" AS "sku",
        "source"."tablet_id" AS "__reference_0"
    FROM "relation_8" AS "source"
    UNION ALL
    SELECT
        "source"."sku" AS "sku",
        "source"."smartwatch_id" AS "__reference_0"
    FROM "relation_9" AS "source"
    UNION ALL
    SELECT
        "source"."sku" AS "sku",
        "source"."camera_id" AS "__reference_0"
    FROM "relation_10" AS "source"
    UNION ALL
    SELECT
        "source"."sku" AS "sku",
        "source"."phone_id" AS "__reference_0"
    FROM "relation_11" AS "source"
    UNION ALL
    SELECT
        "source"."sku" AS "sku",
        "source"."accessory_id" AS "__reference_0"
    FROM "relation_12" AS "source"
    UNION ALL
    SELECT
        "source"."sku" AS "sku",
        "source"."appliance_id" AS "__reference_0"
    FROM "relation_13" AS "source"
    UNION ALL
    SELECT
        "source"."sku" AS "sku",
        "source"."kitchenappliance_id" AS "__reference_0"
    FROM "relation_14" AS "source"
    UNION ALL
    SELECT
        "source"."sku" AS "sku",
        "source"."apparel_id" AS "__reference_0"
    FROM "relation_15" AS "source"
    UNION ALL
    SELECT
        "source"."sku" AS "sku",
        "source"."clothing_id" AS "__reference_0"
    FROM "relation_16" AS "source"
    UNION ALL
    SELECT
        "source"."sku" AS "sku",
        "source"."menclothing_id" AS "__reference_0"
    FROM "relation_17" AS "source"
    UNION ALL
    SELECT
        "source"."sku" AS "sku",
        "source"."womenclothing_id" AS "__reference_0"
    FROM "relation_18" AS "source"
    UNION ALL
    SELECT
        "source"."sku" AS "sku",
        "source"."footwear_id" AS "__reference_0"
    FROM "relation_19" AS "source"
    UNION ALL
    SELECT
        "source"."sku" AS "sku",
        "source"."digitalproduct_id" AS "__reference_0"
    FROM "relation_3" AS "source"
    UNION ALL
    SELECT
        "source"."sku" AS "sku",
        "source"."media_id" AS "__reference_0"
    FROM "relation_20" AS "source"
    UNION ALL
    SELECT
        "source"."sku" AS "sku",
        "source"."software_id" AS "__reference_0"
    FROM "relation_21" AS "source"
)
SELECT 
    "b2"."base_price" AS "base_price",
    COUNT(DISTINCT "b4"."__reference_0") AS "related_count"
FROM (((("b0" INNER JOIN "b1" ON ("b0"."__endpoint_bundle_product_id_0" = "b1"."__reference_0")) INNER JOIN "b2" ON ("b0"."__endpoint_product_id_0" = "b2"."__reference_0")) INNER JOIN "b3" ON ("b3"."__endpoint_product_id_0" = "b2"."__reference_0")) INNER JOIN "b4" ON ("b3"."__endpoint_bought_together_product_id_0" = "b4"."__reference_0"))
WHERE ("b4"."sku" < 'SKU-PTjD-46248744')
GROUP BY
    "b2"."__reference_0",
    "b2"."base_price"
HAVING (COUNT(DISTINCT "b4"."__reference_0") >= 2);
                                                                                         QUERY PLAN                                                                                          
---------------------------------------------------------------------------------------------------------------------------------------------------------------------------------------------
 GroupAggregate  (cost=6424086.05..22101683.59 rows=13333 width=16) (actual rows=401182 loops=1)
   Group Key: source_24.electronics_id, source_24.base_price
   Filter: (count(DISTINCT source_46.electronics_id) >= 2)
   Rows Removed by Filter: 1182574
   Buffers: shared hit=5802 read=1080889, temp read=202367 written=202415
   ->  Merge Join  (cost=6424086.05..19743166.87 rows=314402229 width=12) (actual rows=1984938 loops=1)
         Merge Cond: (source_24.electronics_id = source.product_id)
         Buffers: shared hit=5802 read=1080889, temp read=202367 written=202415
         ->  Gather Merge  (cost=4781224.44..10917988.69 rows=52691249 width=16) (actual rows=9917468 loops=1)
               Workers Planned: 2
               Workers Launched: 0
               Buffers: shared hit=5606 read=794096, temp read=197435 written=197482
               ->  Sort  (cost=4780224.42..4835111.13 rows=21954687 width=16) (actual rows=9917468 loops=1)
                     Sort Key: source_24.electronics_id, source_24.base_price, source_46.electronics_id
                     Sort Method: external merge  Disk: 252360kB
                     Buffers: shared hit=5606 read=794096, temp read=197435 written=197482
                     ->  Parallel Hash Join  (cost=994100.14..1727863.57 rows=21954687 width=16) (actual rows=9917468 loops=1)
                           Hash Cond: (source_24.electronics_id = source_43.product_id)
                           Buffers: shared hit=5606 read=794096, temp read=165890 written=165928
                           ->  Parallel Append  (cost=0.00..469696.95 rows=6998530 width=8) (actual rows=16796782 loops=1)
                                 Buffers: shared hit=1210 read=362406
                                 ->  Parallel Seq Scan on relation_4 source_24  (cost=0.00..226203.18 rows=3751518 width=8) (actual rows=9004045 loops=1)
                                       Buffers: shared read=188688
                                 ->  Parallel Seq Scan on relation_6 source_26  (cost=0.00..52297.16 rows=782416 width=8) (actual rows=1877778 loops=1)
                                       Buffers: shared read=44473
                                 ->  Parallel Seq Scan on relation_17 source_37  (cost=0.00..45641.97 rows=704197 width=8) (actual rows=1690000 loops=1)
                                       Buffers: shared read=38600
                                 ->  Parallel Seq Scan on relation_20 source_41  (cost=0.00..27364.04 rows=440104 width=8) (actual rows=1056250 loops=1)
                                       Buffers: shared read=22963
                                 ->  Parallel Seq Scan on relation_11 source_31  (cost=0.00..17894.67 rows=281667 width=8) (actual rows=676001 loops=1)
                                       Buffers: shared read=15078
                                 ->  Parallel Seq Scan on relation_9 source_29  (cost=0.00..12029.02 rows=195602 width=8) (actual rows=469445 loops=1)
                                       Buffers: shared read=10073
                                 ->  Parallel Seq Scan on relation_15 source_35  (cost=0.00..9201.84 rows=151984 width=8) (actual rows=364762 loops=1)
                                       Buffers: shared read=7682
                                 ->  Parallel Seq Scan on relation_16 source_36  (cost=0.00..7768.59 rows=124159 width=8) (actual rows=297982 loops=1)
                                       Buffers: shared read=6527
                                 ->  Parallel Seq Scan on relation_14 source_34  (cost=0.00..6762.26 rows=110026 width=8) (actual rows=264063 loops=1)
                                       Buffers: shared read=5662
                                 ->  Parallel Seq Scan on relation_10 source_30  (cost=0.00..4332.17 rows=70417 width=8) (actual rows=169001 loops=1)
                                       Buffers: shared read=3628
                                 ->  Parallel Seq Scan on relation_7 source_27  (cost=0.00..3791.96 rows=58196 width=8) (actual rows=139670 loops=1)
                                       Buffers: shared read=3210
                                 ->  Parallel Seq Scan on relation_12 source_32  (cost=0.00..3785.74 rows=60374 width=8) (actual rows=144898 loops=1)
                                       Buffers: shared read=3182
                                 ->  Parallel Seq Scan on relation_18 source_38  (cost=0.00..3365.36 rows=69036 width=8) (actual rows=117362 loops=1)
                                       Buffers: shared read=2675
                                 ->  Parallel Seq Scan on relation_5 source_25  (cost=0.00..3040.53 rows=63053 width=8) (actual rows=107190 loops=1)
                                       Buffers: shared read=2410
                                 ->  Parallel Seq Scan on relation_8 source_28  (cost=0.00..2734.24 rows=58824 width=8) (actual rows=100000 loops=1)
                                       Buffers: shared read=2146
                                 ->  Parallel Seq Scan on relation_2 source_23  (cost=0.00..2262.09 rows=50509 width=8) (actual rows=85865 loops=1)
                                       Buffers: shared read=1757
                                 ->  Parallel Seq Scan on relation_3 source_40  (cost=0.00..1796.41 rows=39241 width=8) (actual rows=66709 loops=1)
                                       Buffers: shared hit=1210 read=194
                                 ->  Parallel Seq Scan on relation_13 source_33  (cost=0.00..1612.65 rows=35365 width=8) (actual rows=60120 loops=1)
                                       Buffers: shared read=1259
                                 ->  Parallel Seq Scan on relation_1 source_22  (cost=0.00..1599.70 rows=36470 width=8) (actual rows=61999 loops=1)
                                       Buffers: shared read=1235
                                 ->  Parallel Seq Scan on relation_19 source_39  (cost=0.00..795.48 rows=16848 width=8) (actual rows=28642 loops=1)
                                       Buffers: shared read=627
                                 ->  Parallel Seq Scan on relation_21 source_42  (cost=0.00..425.24 rows=8824 width=8) (actual rows=15000 loops=1)
                                       Buffers: shared read=337
                           ->  Parallel Hash  (cost=866299.33..866299.33 rows=7789745 width=8) (actual rows=9917468 loops=1)
                                 Buckets: 4194304  Batches: 8  Memory Usage: 81376kB
                                 Buffers: shared hit=4396 read=431690, temp read=78796 written=108492
                                 ->  Parallel Hash Join  (cost=252669.77..866299.33 rows=7789745 width=8) (actual rows=9917468 loops=1)
                                       Hash Cond: (source_46.electronics_id = source_43.bought_together_product_product_id)
                                       Buffers: shared hit=4396 read=431690, temp read=78796 written=78816
                                       ->  Parallel Append  (cost=0.00..473679.12 rows=4240548 width=4) (actual rows=10172736 loops=1)
                                             Buffers: shared hit=4396 read=359220
                                             ->  Parallel Seq Scan on relation_4 source_46  (cost=0.00..235581.98 rows=2270545 width=4) (actual rows=5453451 loops=1)
                                                   Filter: ((sku)::text < 'SKU-PTjD-46248744'::text)
                                                   Rows Removed by Filter: 3550594
                                                   Buffers: shared read=188688
                                             ->  Parallel Seq Scan on relation_6 source_48  (cost=0.00..54253.20 rows=477273 width=4) (actual rows=1137004 loops=1)
                                                   Filter: ((sku)::text < 'SKU-PTjD-46248744'::text)
                                                   Rows Removed by Filter: 740774
                                                   Buffers: shared read=44473
                                             ->  Parallel Seq Scan on relation_17 source_59  (cost=0.00..47402.46 rows=426203 width=4) (actual rows=1023612 loops=1)
                                                   Filter: ((sku)::text < 'SKU-PTjD-46248744'::text)
                                                   Rows Removed by Filter: 666388
                                                   Buffers: shared read=38600
                                             ->  Parallel Seq Scan on relation_20 source_63  (cost=0.00..28464.30 rows=266370 width=4) (actual rows=639221 loops=1)
                                                   Filter: ((sku)::text < 'SKU-PTjD-46248744'::text)
                                                   Rows Removed by Filter: 417029
                                                   Buffers: shared read=22963
                                             ->  Parallel Seq Scan on relation_11 source_53  (cost=0.00..18598.84 rows=170422 width=4) (actual rows=409369 loops=1)
                                                   Filter: ((sku)::text < 'SKU-PTjD-46248744'::text)
                                                   Rows Removed by Filter: 266632
                                                   Buffers: shared read=15078
                                             ->  Parallel Seq Scan on relation_9 source_51  (cost=0.00..12518.03 rows=117484 width=4) (actual rows=284267 loops=1)
                                                   Filter: ((sku)::text < 'SKU-PTjD-46248744'::text)
                                                   Rows Removed by Filter: 185178
                                                   Buffers: shared read=10073
                                             ->  Parallel Seq Scan on relation_15 source_57  (cost=0.00..9581.80 rows=91985 width=4) (actual rows=220889 loops=1)
                                                   Filter: ((sku)::text < 'SKU-PTjD-46248744'::text)
                                                   Rows Removed by Filter: 143873
                                                   Buffers: shared read=7682
                                             ->  Parallel Seq Scan on relation_16 source_58  (cost=0.00..8078.99 rows=75645 width=4) (actual rows=179845 loops=1)
                                                   Filter: ((sku)::text < 'SKU-PTjD-46248744'::text)
                                                   Rows Removed by Filter: 118137
                                                   Buffers: shared read=6527
                                             ->  Parallel Seq Scan on relation_14 source_56  (cost=0.00..7037.33 rows=67035 width=4) (actual rows=159873 loops=1)
                                                   Filter: ((sku)::text < 'SKU-PTjD-46248744'::text)
                                                   Rows Removed by Filter: 104190
                                                   Buffers: shared read=5662
                                             ->  Parallel Seq Scan on relation_10 source_52  (cost=0.00..4508.21 rows=42904 width=4) (actual rows=102671 loops=1)
                                                   Filter: ((sku)::text < 'SKU-PTjD-46248744'::text)
                                                   Rows Removed by Filter: 66330
                                                   Buffers: shared read=3628
                                             ->  Parallel Seq Scan on relation_7 source_49  (cost=0.00..3937.45 rows=35537 width=4) (actual rows=84710 loops=1)
                                                   Filter: ((sku)::text < 'SKU-PTjD-46248744'::text)
                                                   Rows Removed by Filter: 54960
                                                   Buffers: shared read=3210
                                             ->  Parallel Seq Scan on relation_12 source_54  (cost=0.00..3936.68 rows=36532 width=4) (actual rows=87636 loops=1)
                                                   Filter: ((sku)::text < 'SKU-PTjD-46248744'::text)
                                                   Rows Removed by Filter: 57262
                                                   Buffers: shared read=3182
                                             ->  Parallel Seq Scan on relation_18 source_60  (cost=0.00..3537.96 rows=42112 width=4) (actual rows=71257 loops=1)
                                                   Filter: ((sku)::text < 'SKU-PTjD-46248744'::text)
                                                   Rows Removed by Filter: 46105
                                                   Buffers: shared read=2675
                                             ->  Parallel Seq Scan on relation_5 source_47  (cost=0.00..3198.16 rows=38143 width=4) (actual rows=64958 loops=1)
                                                   Filter: ((sku)::text < 'SKU-PTjD-46248744'::text)
                                                   Rows Removed by Filter: 42232
                                                   Buffers: shared read=2410
                                             ->  Parallel Seq Scan on relation_8 source_50  (cost=0.00..2881.29 rows=35331 width=4) (actual rows=60540 loops=1)
                                                   Filter: ((sku)::text < 'SKU-PTjD-46248744'::text)
                                                   Rows Removed by Filter: 39460
                                                   Buffers: shared read=2146
                                             ->  Parallel Seq Scan on relation_2 source_45  (cost=0.00..2388.36 rows=30796 width=4) (actual rows=52234 loops=1)
                                                   Filter: ((sku)::text < 'SKU-PTjD-46248744'::text)
                                                   Rows Removed by Filter: 33631
                                                   Buffers: shared hit=1757
                                             ->  Parallel Seq Scan on relation_3 source_62  (cost=0.00..1894.51 rows=23908 width=4) (actual rows=40438 loops=1)
                                                   Filter: ((sku)::text < 'SKU-PTjD-46248744'::text)
                                                   Rows Removed by Filter: 26271
                                                   Buffers: shared hit=1404
                                             ->  Parallel Seq Scan on relation_13 source_55  (cost=0.00..1701.06 rows=21564 width=4) (actual rows=36611 loops=1)
                                                   Filter: ((sku)::text < 'SKU-PTjD-46248744'::text)
                                                   Rows Removed by Filter: 23509
                                                   Buffers: shared read=1259
                                             ->  Parallel Seq Scan on relation_1 source_44  (cost=0.00..1690.88 rows=22059 width=4) (actual rows=37550 loops=1)
                                                   Filter: ((sku)::text < 'SKU-PTjD-46248744'::text)
                                                   Rows Removed by Filter: 24449
                                                   Buffers: shared hit=1235
                                             ->  Parallel Seq Scan on relation_19 source_61  (cost=0.00..837.60 rows=10288 width=4) (actual rows=17496 loops=1)
                                                   Filter: ((sku)::text < 'SKU-PTjD-46248744'::text)
                                                   Rows Removed by Filter: 11146
                                                   Buffers: shared read=627
                                             ->  Parallel Seq Scan on relation_21 source_64  (cost=0.00..447.29 rows=5371 width=4) (actual rows=9104 loops=1)
                                                   Filter: ((sku)::text < 'SKU-PTjD-46248744'::text)
                                                   Rows Removed by Filter: 5896
                                                   Buffers: shared read=337
                                       ->  Parallel Hash  (cost=140711.23..140711.23 rows=6824123 width=8) (actual rows=16378086 loops=1)
                                             Buckets: 4194304  Batches: 8  Memory Usage: 113056kB
                                             Buffers: shared read=72470, temp written=48992
                                             ->  Parallel Seq Scan on relation_50 source_43  (cost=0.00..140711.23 rows=6824123 width=8) (actual rows=16378086 loops=1)
                                                   Buffers: shared read=72470
         ->  Materialize  (cost=1642861.61..4027528.74 rows=20044866 width=4) (actual rows=3760538 loops=1)
               Buffers: shared hit=196 read=286793, temp read=4932 written=4933
               ->  Gather Merge  (cost=1642861.61..3977416.58 rows=20044866 width=4) (actual rows=3359356 loops=1)
                     Workers Planned: 2
                     Workers Launched: 0
                     Buffers: shared hit=196 read=286793, temp read=4932 written=4933
                     ->  Sort  (cost=1641861.58..1662741.65 rows=8352028 width=4) (actual rows=3359356 loops=1)
                           Sort Key: source.product_id
                           Sort Method: external merge  Disk: 39456kB
                           Buffers: shared hit=196 read=286793, temp read=4932 written=4933
                           ->  Parallel Hash Join  (cost=46359.39..567450.66 rows=8352028 width=4) (actual rows=3359356 loops=1)
                                 Hash Cond: (source_5.desktop_id = source.bundle_product_product_id)
                                 Buffers: shared hit=196 read=286793
                                 ->  Parallel Append  (cost=0.43..460047.08 rows=6998530 width=4) (actual rows=16796782 loops=1)
                                       Buffers: shared hit=196 read=271928
                                       ->  Parallel Index Only Scan using relation_6_pkey on relation_6 source_5  (cost=0.43..50457.58 rows=782416 width=4) (actual rows=1877778 loops=1)
                                             Heap Fetches: 0
                                             Buffers: shared hit=36 read=8280
                                       ->  Parallel Index Only Scan using relation_20_pkey on relation_20 source_20  (cost=0.43..26870.72 rows=440104 width=4) (actual rows=1056250 loops=1)
                                             Heap Fetches: 0
                                             Buffers: shared read=4281
                                       ->  Parallel Index Only Scan using relation_11_pkey on relation_11 source_10  (cost=0.42..17841.10 rows=281667 width=4) (actual rows=676001 loops=1)
                                             Heap Fetches: 0
                                             Buffers: shared read=2900
                                       ->  Parallel Index Only Scan using relation_14_pkey on relation_14 source_13  (cost=0.42..6189.00 rows=110026 width=4) (actual rows=264063 loops=1)
                                             Heap Fetches: 0
                                             Buffers: shared read=939
                                       ->  Parallel Index Only Scan using relation_10_pkey on relation_10 source_9  (cost=0.42..3413.60 rows=70417 width=4) (actual rows=169001 loops=1)
                                             Heap Fetches: 0
                                             Buffers: shared read=465
                                       ->  Parallel Index Only Scan using relation_12_pkey on relation_12 source_11  (cost=0.29..2920.53 rows=60374 width=4) (actual rows=144898 loops=1)
                                             Heap Fetches: 0
                                             Buffers: shared read=398
                                       ->  Parallel Index Only Scan using relation_7_pkey on relation_7 source_6  (cost=0.29..2816.60 rows=58196 width=4) (actual rows=139670 loops=1)
                                             Heap Fetches: 0
                                             Buffers: shared read=384
                                       ->  Parallel Index Only Scan using relation_18_pkey on relation_18 source_17  (cost=0.29..2368.11 rows=48901 width=4) (actual rows=117362 loops=1)
                                             Heap Fetches: 0
                                             Buffers: shared read=323
                                       ->  Parallel Index Only Scan using relation_5_pkey on relation_5 source_4  (cost=0.29..2162.87 rows=44662 width=4) (actual rows=107190 loops=1)
                                             Heap Fetches: 0
                                             Buffers: shared read=295
                                       ->  Parallel Index Only Scan using relation_8_pkey on relation_8 source_7  (cost=0.29..2020.96 rows=41667 width=4) (actual rows=100000 loops=1)
                                             Heap Fetches: 0
                                             Buffers: shared read=276
                                       ->  Parallel Index Only Scan using relation_2_pkey on relation_2 source_2  (cost=0.29..1735.39 rows=35777 width=4) (actual rows=85865 loops=1)
                                             Heap Fetches: 0
                                             Buffers: shared read=237
                                       ->  Parallel Index Only Scan using relation_3_pkey on relation_3 source_19  (cost=0.29..1466.24 rows=39241 width=4) (actual rows=66709 loops=1)
                                             Heap Fetches: 0
                                             Buffers: shared read=185
                                       ->  Parallel Index Only Scan using relation_1_pkey on relation_1 source_1  (cost=0.29..1362.98 rows=36470 width=4) (actual rows=61999 loops=1)
                                             Heap Fetches: 0
                                             Buffers: shared read=172
                                       ->  Parallel Index Only Scan using relation_19_pkey on relation_19 source_18  (cost=0.29..635.98 rows=16848 width=4) (actual rows=28642 loops=1)
                                             Heap Fetches: 0
                                             Buffers: shared read=81
                                       ->  Parallel Index Only Scan using relation_21_pkey on relation_21 source_21  (cost=0.29..335.52 rows=8824 width=4) (actual rows=15000 loops=1)
                                             Heap Fetches: 0
                                             Buffers: shared read=43
                                       ->  Parallel Seq Scan on relation_4 source_3  (cost=0.00..226203.18 rows=3751518 width=4) (actual rows=9004045 loops=1)
                                             Buffers: shared hit=32 read=188656
                                       ->  Parallel Seq Scan on relation_17 source_16  (cost=0.00..45641.97 rows=704197 width=4) (actual rows=1690000 loops=1)
                                             Buffers: shared hit=32 read=38568
                                       ->  Parallel Seq Scan on relation_9 source_8  (cost=0.00..12029.02 rows=195602 width=4) (actual rows=469445 loops=1)
                                             Buffers: shared hit=32 read=10041
                                       ->  Parallel Seq Scan on relation_15 source_14  (cost=0.00..9201.84 rows=151984 width=4) (actual rows=364762 loops=1)
                                             Buffers: shared hit=32 read=7650
                                       ->  Parallel Seq Scan on relation_16 source_15  (cost=0.00..7768.59 rows=124159 width=4) (actual rows=297982 loops=1)
                                             Buffers: shared hit=32 read=6495
                                       ->  Parallel Seq Scan on relation_13 source_12  (cost=0.00..1612.65 rows=35365 width=4) (actual rows=60120 loops=1)
                                             Buffers: shared read=1259
                                 ->  Parallel Hash  (cost=28862.32..28862.32 rows=1399732 width=8) (actual rows=3359356 loops=1)
                                       Buckets: 4194304  Batches: 1  Memory Usage: 164192kB
                                       Buffers: shared read=14865
                                       ->  Parallel Seq Scan on relation_49 source  (cost=0.00..28862.32 rows=1399732 width=8) (actual rows=3359356 loops=1)
                                             Buffers: shared read=14865
 Planning:
   Buffers: shared hit=8 read=8
 Planning Time: 3.472 ms
 JIT:
   Functions: 167
   Options: Inlining true, Optimization true, Expressions true, Deforming true
 Execution Time: 24486.972 ms
(244 rows)

-- Q020 [selection_projection] occurrence 1/1
-- Original E/R: SELECT e.password_hash, e.renewal_date, e.loyalty_tier FROM PrimeCustomer e WHERE e.email > 'perezrodney@example.com';
EXPLAIN (ANALYZE, BUFFERS, TIMING OFF, SUMMARY ON, FORMAT TEXT)
WITH
"b0" AS (
    SELECT
        "source"."loyalty_tier" AS "loyalty_tier",
        "source"."renewal_date" AS "renewal_date",
        "source"."email" AS "email",
        "source"."password_hash" AS "password_hash"
    FROM "relation_24" AS "source"
)
SELECT 
    "b0"."password_hash" AS "password_hash",
    "b0"."renewal_date" AS "renewal_date",
    "b0"."loyalty_tier" AS "loyalty_tier"
FROM "b0"
WHERE ("b0"."email" > 'perezrodney@example.com');
                                              QUERY PLAN                                              
------------------------------------------------------------------------------------------------------
 Seq Scan on relation_24 source  (cost=0.00..4963.00 rows=30066 width=82) (actual rows=29881 loops=1)
   Filter: ((email)::text > 'perezrodney@example.com'::text)
   Rows Removed by Filter: 70119
   Buffers: shared read=3713
 Planning:
   Buffers: shared read=3
 Planning Time: 0.080 ms
 Execution Time: 12.039 ms
(8 rows)

-- Q021 [selection_projection] occurrence 1/1
-- Original E/R: SELECT e.quantity FROM Tablet e WHERE e.warranty_months < 24;
EXPLAIN (ANALYZE, BUFFERS, TIMING OFF, SUMMARY ON, FORMAT TEXT)
WITH
"b0" AS (
    SELECT
        "source"."warranty_months" AS "warranty_months",
        "source"."quantity" AS "quantity"
    FROM "relation_8" AS "source"
)
SELECT 
    "b0"."quantity" AS "quantity"
FROM "b0"
WHERE ("b0"."warranty_months" < 24);
                                             QUERY PLAN                                             
----------------------------------------------------------------------------------------------------
 Seq Scan on relation_8 source  (cost=0.00..3396.00 rows=61740 width=4) (actual rows=61888 loops=1)
   Filter: (warranty_months < 24)
   Rows Removed by Filter: 38112
   Buffers: shared read=2146
 Planning:
   Buffers: shared hit=1 read=2
 Planning Time: 0.070 ms
 Execution Time: 8.430 ms
(8 rows)

-- Q022 [weak_owner] occurrence 1/1
-- Original E/R: SELECT w.wishlist_id, w.wishlist_name, o.email FROM Wishlist w JOIN Customer o ON OWNER(w) = REF(o) WHERE w.wishlist_name > 'holiday';
EXPLAIN (ANALYZE, BUFFERS, TIMING OFF, SUMMARY ON, FORMAT TEXT)
WITH
"b0" AS (
    SELECT
        "source"."wishlist_id" AS "wishlist_id",
        "source"."wishlist_name" AS "wishlist_name",
        "source"."customer_id" AS "__owner_0"
    FROM "relation_34" AS "source"
),
"b1" AS (
    SELECT
        "source"."email" AS "email",
        "source"."customer_id" AS "__reference_0"
    FROM "relation_23" AS "source"
    UNION ALL
    SELECT
        "source"."email" AS "email",
        "source"."primecustomer_id" AS "__reference_0"
    FROM "relation_24" AS "source"
    UNION ALL
    SELECT
        "source"."email" AS "email",
        "source"."businesscustomer_id" AS "__reference_0"
    FROM "relation_25" AS "source"
)
SELECT 
    "b0"."wishlist_id" AS "wishlist_id",
    "b0"."wishlist_name" AS "wishlist_name",
    "b1"."email" AS "email"
FROM ("b0" INNER JOIN "b1" ON ("b0"."__owner_0" = "b1"."__reference_0"))
WHERE ("b0"."wishlist_name" > 'holiday');
                                                      QUERY PLAN                                                       
-----------------------------------------------------------------------------------------------------------------------
 Hash Join  (cost=943.48..55551.41 rows=191347 width=34) (actual rows=8258 loops=1)
   Hash Cond: (source_1.customer_id = source.customer_id)
   Buffers: shared hit=3713 read=29800
   ->  Append  (cost=0.00..48805.78 rows=1036985 width=26) (actual rows=1036985 loops=1)
         Buffers: shared hit=3713 read=29538
         ->  Seq Scan on relation_23 source_1  (cost=0.00..1457.85 rows=36985 width=26) (actual rows=36985 loops=1)
               Buffers: shared read=1088
         ->  Seq Scan on relation_24 source_2  (cost=0.00..4713.00 rows=100000 width=26) (actual rows=100000 loops=1)
               Buffers: shared hit=3713
         ->  Seq Scan on relation_25 source_3  (cost=0.00..37450.00 rows=900000 width=26) (actual rows=900000 loops=1)
               Buffers: shared read=28450
   ->  Hash  (cost=839.90..839.90 rows=8286 width=16) (actual rows=8258 loops=1)
         Buckets: 16384  Batches: 1  Memory Usage: 516kB
         Buffers: shared read=262
         ->  Seq Scan on relation_34 source  (cost=0.00..839.90 rows=8286 width=16) (actual rows=8258 loops=1)
               Filter: ((wishlist_name)::text > 'holiday'::text)
               Rows Removed by Filter: 37974
               Buffers: shared read=262
 Planning Time: 0.123 ms
 Execution Time: 116.836 ms
(20 rows)

-- Q023 [aggregation] occurrence 1/1
-- Original E/R: SELECT e2.product_name, COUNT(DISTINCT REF(e1)) AS related_count FROM bought_together r JOIN Product e1 ON ENDPOINT(r, product_id) = REF(e1) JOIN Product e2 ON ENDPOINT(r, bought_together_product_id) = REF(e2) WHERE e1.quantity < 4 GROUP BY REF(e2), e2.product_name HAVING COUNT(DISTINCT REF(e1)) >= 2;
EXPLAIN (ANALYZE, BUFFERS, TIMING OFF, SUMMARY ON, FORMAT TEXT)
WITH
"b0" AS (
    SELECT
        "source"."bought_together_product_product_id" AS "__endpoint_bought_together_product_id_0",
        "source"."product_id" AS "__endpoint_product_id_0"
    FROM "relation_50" AS "source"
),
"b1" AS (
    SELECT
        "source"."quantity" AS "quantity",
        "source"."product_id" AS "__reference_0"
    FROM "relation_1" AS "source"
    UNION ALL
    SELECT
        "source"."quantity" AS "quantity",
        "source"."physicalproduct_id" AS "__reference_0"
    FROM "relation_2" AS "source"
    UNION ALL
    SELECT
        "source"."quantity" AS "quantity",
        "source"."electronics_id" AS "__reference_0"
    FROM "relation_4" AS "source"
    UNION ALL
    SELECT
        "source"."quantity" AS "quantity",
        "source"."computer_id" AS "__reference_0"
    FROM "relation_5" AS "source"
    UNION ALL
    SELECT
        "source"."quantity" AS "quantity",
        "source"."desktop_id" AS "__reference_0"
    FROM "relation_6" AS "source"
    UNION ALL
    SELECT
        "source"."quantity" AS "quantity",
        "source"."laptop_id" AS "__reference_0"
    FROM "relation_7" AS "source"
    UNION ALL
    SELECT
        "source"."quantity" AS "quantity",
        "source"."tablet_id" AS "__reference_0"
    FROM "relation_8" AS "source"
    UNION ALL
    SELECT
        "source"."quantity" AS "quantity",
        "source"."smartwatch_id" AS "__reference_0"
    FROM "relation_9" AS "source"
    UNION ALL
    SELECT
        "source"."quantity" AS "quantity",
        "source"."camera_id" AS "__reference_0"
    FROM "relation_10" AS "source"
    UNION ALL
    SELECT
        "source"."quantity" AS "quantity",
        "source"."phone_id" AS "__reference_0"
    FROM "relation_11" AS "source"
    UNION ALL
    SELECT
        "source"."quantity" AS "quantity",
        "source"."accessory_id" AS "__reference_0"
    FROM "relation_12" AS "source"
    UNION ALL
    SELECT
        "source"."quantity" AS "quantity",
        "source"."appliance_id" AS "__reference_0"
    FROM "relation_13" AS "source"
    UNION ALL
    SELECT
        "source"."quantity" AS "quantity",
        "source"."kitchenappliance_id" AS "__reference_0"
    FROM "relation_14" AS "source"
    UNION ALL
    SELECT
        "source"."quantity" AS "quantity",
        "source"."apparel_id" AS "__reference_0"
    FROM "relation_15" AS "source"
    UNION ALL
    SELECT
        "source"."quantity" AS "quantity",
        "source"."clothing_id" AS "__reference_0"
    FROM "relation_16" AS "source"
    UNION ALL
    SELECT
        "source"."quantity" AS "quantity",
        "source"."menclothing_id" AS "__reference_0"
    FROM "relation_17" AS "source"
    UNION ALL
    SELECT
        "source"."quantity" AS "quantity",
        "source"."womenclothing_id" AS "__reference_0"
    FROM "relation_18" AS "source"
    UNION ALL
    SELECT
        "source"."quantity" AS "quantity",
        "source"."footwear_id" AS "__reference_0"
    FROM "relation_19" AS "source"
    UNION ALL
    SELECT
        "source"."quantity" AS "quantity",
        "source"."digitalproduct_id" AS "__reference_0"
    FROM "relation_3" AS "source"
    UNION ALL
    SELECT
        "source"."quantity" AS "quantity",
        "source"."media_id" AS "__reference_0"
    FROM "relation_20" AS "source"
    UNION ALL
    SELECT
        "source"."quantity" AS "quantity",
        "source"."software_id" AS "__reference_0"
    FROM "relation_21" AS "source"
),
"b2" AS (
    SELECT
        "source"."product_name" AS "product_name",
        "source"."product_id" AS "__reference_0"
    FROM "relation_1" AS "source"
    UNION ALL
    SELECT
        "source"."product_name" AS "product_name",
        "source"."physicalproduct_id" AS "__reference_0"
    FROM "relation_2" AS "source"
    UNION ALL
    SELECT
        "source"."product_name" AS "product_name",
        "source"."electronics_id" AS "__reference_0"
    FROM "relation_4" AS "source"
    UNION ALL
    SELECT
        "source"."product_name" AS "product_name",
        "source"."computer_id" AS "__reference_0"
    FROM "relation_5" AS "source"
    UNION ALL
    SELECT
        "source"."product_name" AS "product_name",
        "source"."desktop_id" AS "__reference_0"
    FROM "relation_6" AS "source"
    UNION ALL
    SELECT
        "source"."product_name" AS "product_name",
        "source"."laptop_id" AS "__reference_0"
    FROM "relation_7" AS "source"
    UNION ALL
    SELECT
        "source"."product_name" AS "product_name",
        "source"."tablet_id" AS "__reference_0"
    FROM "relation_8" AS "source"
    UNION ALL
    SELECT
        "source"."product_name" AS "product_name",
        "source"."smartwatch_id" AS "__reference_0"
    FROM "relation_9" AS "source"
    UNION ALL
    SELECT
        "source"."product_name" AS "product_name",
        "source"."camera_id" AS "__reference_0"
    FROM "relation_10" AS "source"
    UNION ALL
    SELECT
        "source"."product_name" AS "product_name",
        "source"."phone_id" AS "__reference_0"
    FROM "relation_11" AS "source"
    UNION ALL
    SELECT
        "source"."product_name" AS "product_name",
        "source"."accessory_id" AS "__reference_0"
    FROM "relation_12" AS "source"
    UNION ALL
    SELECT
        "source"."product_name" AS "product_name",
        "source"."appliance_id" AS "__reference_0"
    FROM "relation_13" AS "source"
    UNION ALL
    SELECT
        "source"."product_name" AS "product_name",
        "source"."kitchenappliance_id" AS "__reference_0"
    FROM "relation_14" AS "source"
    UNION ALL
    SELECT
        "source"."product_name" AS "product_name",
        "source"."apparel_id" AS "__reference_0"
    FROM "relation_15" AS "source"
    UNION ALL
    SELECT
        "source"."product_name" AS "product_name",
        "source"."clothing_id" AS "__reference_0"
    FROM "relation_16" AS "source"
    UNION ALL
    SELECT
        "source"."product_name" AS "product_name",
        "source"."menclothing_id" AS "__reference_0"
    FROM "relation_17" AS "source"
    UNION ALL
    SELECT
        "source"."product_name" AS "product_name",
        "source"."womenclothing_id" AS "__reference_0"
    FROM "relation_18" AS "source"
    UNION ALL
    SELECT
        "source"."product_name" AS "product_name",
        "source"."footwear_id" AS "__reference_0"
    FROM "relation_19" AS "source"
    UNION ALL
    SELECT
        "source"."product_name" AS "product_name",
        "source"."digitalproduct_id" AS "__reference_0"
    FROM "relation_3" AS "source"
    UNION ALL
    SELECT
        "source"."product_name" AS "product_name",
        "source"."media_id" AS "__reference_0"
    FROM "relation_20" AS "source"
    UNION ALL
    SELECT
        "source"."product_name" AS "product_name",
        "source"."software_id" AS "__reference_0"
    FROM "relation_21" AS "source"
)
SELECT 
    "b2"."product_name" AS "product_name",
    COUNT(DISTINCT "b1"."__reference_0") AS "related_count"
FROM (("b0" INNER JOIN "b1" ON ("b0"."__endpoint_product_id_0" = "b1"."__reference_0")) INNER JOIN "b2" ON ("b0"."__endpoint_bought_together_product_id_0" = "b2"."__reference_0"))
WHERE ("b1"."quantity" < 4)
GROUP BY
    "b2"."__reference_0",
    "b2"."product_name"
HAVING (COUNT(DISTINCT "b1"."__reference_0") >= 2);
                                                                          QUERY PLAN                                                                           
---------------------------------------------------------------------------------------------------------------------------------------------------------------
 GroupAggregate  (cost=1828637.29..2944989.94 rows=13333 width=46) (actual rows=78581 loops=1)
   Group Key: source_24.electronics_id, source_24.product_name
   Filter: (count(DISTINCT source_3.electronics_id) >= 2)
   Rows Removed by Filter: 1521813
   Buffers: shared hit=2146 read=797556, temp read=65154 written=65178
   ->  Gather Merge  (cost=1828637.29..2876980.60 rows=9001245 width=42) (actual rows=1681735 loops=1)
         Workers Planned: 2
         Workers Launched: 0
         Buffers: shared hit=2146 read=797556, temp read=65154 written=65178
         ->  Sort  (cost=1827637.27..1837013.56 rows=3750519 width=42) (actual rows=1681735 loops=1)
               Sort Key: source_24.electronics_id, source_24.product_name, source_3.electronics_id
               Sort Method: external merge  Disk: 88832kB
               Buffers: shared hit=2146 read=797556, temp read=65154 written=65178
               ->  Parallel Hash Join  (cost=782414.98..1302731.74 rows=3750519 width=42) (actual rows=1681735 loops=1)
                     Hash Cond: (source_24.electronics_id = source.bought_together_product_product_id)
                     Buffers: shared hit=2146 read=797556, temp read=54050 written=54072
                     ->  Parallel Append  (cost=0.00..469696.95 rows=6998530 width=38) (actual rows=16796782 loops=1)
                           Buffers: shared read=363616
                           ->  Parallel Seq Scan on relation_4 source_24  (cost=0.00..226203.18 rows=3751518 width=38) (actual rows=9004045 loops=1)
                                 Buffers: shared read=188688
                           ->  Parallel Seq Scan on relation_6 source_26  (cost=0.00..52297.16 rows=782416 width=38) (actual rows=1877778 loops=1)
                                 Buffers: shared read=44473
                           ->  Parallel Seq Scan on relation_17 source_37  (cost=0.00..45641.97 rows=704197 width=38) (actual rows=1690000 loops=1)
                                 Buffers: shared read=38600
                           ->  Parallel Seq Scan on relation_20 source_41  (cost=0.00..27364.04 rows=440104 width=38) (actual rows=1056250 loops=1)
                                 Buffers: shared read=22963
                           ->  Parallel Seq Scan on relation_11 source_31  (cost=0.00..17894.67 rows=281667 width=38) (actual rows=676001 loops=1)
                                 Buffers: shared read=15078
                           ->  Parallel Seq Scan on relation_9 source_29  (cost=0.00..12029.02 rows=195602 width=38) (actual rows=469445 loops=1)
                                 Buffers: shared read=10073
                           ->  Parallel Seq Scan on relation_15 source_35  (cost=0.00..9201.84 rows=151984 width=38) (actual rows=364762 loops=1)
                                 Buffers: shared read=7682
                           ->  Parallel Seq Scan on relation_16 source_36  (cost=0.00..7768.59 rows=124159 width=38) (actual rows=297982 loops=1)
                                 Buffers: shared read=6527
                           ->  Parallel Seq Scan on relation_14 source_34  (cost=0.00..6762.26 rows=110026 width=38) (actual rows=264063 loops=1)
                                 Buffers: shared read=5662
                           ->  Parallel Seq Scan on relation_10 source_30  (cost=0.00..4332.17 rows=70417 width=38) (actual rows=169001 loops=1)
                                 Buffers: shared read=3628
                           ->  Parallel Seq Scan on relation_7 source_27  (cost=0.00..3791.96 rows=58196 width=38) (actual rows=139670 loops=1)
                                 Buffers: shared read=3210
                           ->  Parallel Seq Scan on relation_12 source_32  (cost=0.00..3785.74 rows=60374 width=38) (actual rows=144898 loops=1)
                                 Buffers: shared read=3182
                           ->  Parallel Seq Scan on relation_18 source_38  (cost=0.00..3365.36 rows=69036 width=38) (actual rows=117362 loops=1)
                                 Buffers: shared read=2675
                           ->  Parallel Seq Scan on relation_5 source_25  (cost=0.00..3040.53 rows=63053 width=38) (actual rows=107190 loops=1)
                                 Buffers: shared read=2410
                           ->  Parallel Seq Scan on relation_8 source_28  (cost=0.00..2734.24 rows=58824 width=38) (actual rows=100000 loops=1)
                                 Buffers: shared read=2146
                           ->  Parallel Seq Scan on relation_2 source_23  (cost=0.00..2262.09 rows=50509 width=38) (actual rows=85865 loops=1)
                                 Buffers: shared read=1757
                           ->  Parallel Seq Scan on relation_3 source_40  (cost=0.00..1796.41 rows=39241 width=38) (actual rows=66709 loops=1)
                                 Buffers: shared read=1404
                           ->  Parallel Seq Scan on relation_13 source_33  (cost=0.00..1612.65 rows=35365 width=38) (actual rows=60120 loops=1)
                                 Buffers: shared read=1259
                           ->  Parallel Seq Scan on relation_1 source_22  (cost=0.00..1599.70 rows=36470 width=38) (actual rows=61999 loops=1)
                                 Buffers: shared read=1235
                           ->  Parallel Seq Scan on relation_19 source_39  (cost=0.00..795.48 rows=16848 width=38) (actual rows=28642 loops=1)
                                 Buffers: shared read=627
                           ->  Parallel Seq Scan on relation_21 source_42  (cost=0.00..425.24 rows=8824 width=38) (actual rows=15000 loops=1)
                                 Buffers: shared read=337
                     ->  Parallel Hash  (cost=757529.86..757529.86 rows=1990810 width=8) (actual rows=1681735 loops=1)
                           Buckets: 8388608  Batches: 1  Memory Usage: 131328kB
                           Buffers: shared hit=2146 read=433940, temp read=54050 written=54072
                           ->  Parallel Hash Join  (cost=252669.77..757529.86 rows=1990810 width=8) (actual rows=1681735 loops=1)
                                 Hash Cond: (source_3.electronics_id = source.product_id)
                                 Buffers: shared hit=2146 read=433940, temp read=54050 written=54072
                                 ->  Parallel Append  (cost=0.00..456098.43 rows=724411 width=4) (actual rows=1724307 loops=1)
                                       Buffers: shared hit=2146 read=361470
                                       ->  Parallel Seq Scan on relation_4 source_3  (cost=0.00..235581.98 rows=390187 width=4) (actual rows=924464 loops=1)
                                             Filter: (quantity < 4)
                                             Rows Removed by Filter: 8079581
                                             Buffers: shared read=188688
                                       ->  Parallel Seq Scan on relation_6 source_5  (cost=0.00..54253.20 rows=80516 width=4) (actual rows=192782 loops=1)
                                             Filter: (quantity < 4)
                                             Rows Removed by Filter: 1684996
                                             Buffers: shared read=44473
                                       ->  Parallel Seq Scan on relation_17 source_16  (cost=0.00..47402.46 rows=73500 width=4) (actual rows=173794 loops=1)
                                             Filter: (quantity < 4)
                                             Rows Removed by Filter: 1516206
                                             Buffers: shared read=38600
                                       ->  Parallel Seq Scan on relation_20 source_20  (cost=0.00..28464.30 rows=44732 width=4) (actual rows=108538 loops=1)
                                             Filter: (quantity < 4)
                                             Rows Removed by Filter: 947712
                                             Buffers: shared read=22963
                                       ->  Parallel Seq Scan on relation_11 source_10  (cost=0.00..18598.84 rows=29408 width=4) (actual rows=69535 loops=1)
                                             Filter: (quantity < 4)
                                             Rows Removed by Filter: 606466
                                             Buffers: shared read=15078
                                       ->  Parallel Seq Scan on relation_9 source_8  (cost=0.00..12518.03 rows=20116 width=4) (actual rows=48153 loops=1)
                                             Filter: (quantity < 4)
                                             Rows Removed by Filter: 421292
                                             Buffers: shared read=10073
                                       ->  Parallel Seq Scan on relation_15 source_14  (cost=0.00..9581.80 rows=15397 width=4) (actual rows=37190 loops=1)
                                             Filter: (quantity < 4)
                                             Rows Removed by Filter: 327572
                                             Buffers: shared read=7682
                                       ->  Parallel Seq Scan on relation_16 source_15  (cost=0.00..8078.99 rows=12678 width=4) (actual rows=30894 loops=1)
                                             Filter: (quantity < 4)
                                             Rows Removed by Filter: 267088
                                             Buffers: shared read=6527
                                       ->  Parallel Seq Scan on relation_14 source_13  (cost=0.00..7037.33 rows=11341 width=4) (actual rows=27026 loops=1)
                                             Filter: (quantity < 4)
                                             Rows Removed by Filter: 237037
                                             Buffers: shared read=5662
                                       ->  Parallel Seq Scan on relation_10 source_9  (cost=0.00..4508.21 rows=7211 width=4) (actual rows=17136 loops=1)
                                             Filter: (quantity < 4)
                                             Rows Removed by Filter: 151865
                                             Buffers: shared read=3628
                                       ->  Parallel Seq Scan on relation_7 source_6  (cost=0.00..3937.45 rows=6004 width=4) (actual rows=14264 loops=1)
                                             Filter: (quantity < 4)
                                             Rows Removed by Filter: 125406
                                             Buffers: shared read=3210
                                       ->  Parallel Seq Scan on relation_12 source_11  (cost=0.00..3936.68 rows=6040 width=4) (actual rows=14810 loops=1)
                                             Filter: (quantity < 4)
                                             Rows Removed by Filter: 130088
                                             Buffers: shared read=3182
                                       ->  Parallel Seq Scan on relation_18 source_17  (cost=0.00..3537.96 rows=6980 width=4) (actual rows=11986 loops=1)
                                             Filter: (quantity < 4)
                                             Rows Removed by Filter: 105376
                                             Buffers: shared read=2675
                                       ->  Parallel Seq Scan on relation_5 source_4  (cost=0.00..3198.16 rows=6486 width=4) (actual rows=11123 loops=1)
                                             Filter: (quantity < 4)
                                             Rows Removed by Filter: 96067
                                             Buffers: shared read=2410
                                       ->  Parallel Seq Scan on relation_8 source_7  (cost=0.00..2881.29 rows=6024 width=4) (actual rows=10151 loops=1)
                                             Filter: (quantity < 4)
                                             Rows Removed by Filter: 89849
                                             Buffers: shared hit=2146
                                       ->  Parallel Seq Scan on relation_2 source_2  (cost=0.00..2388.36 rows=5193 width=4) (actual rows=8717 loops=1)
                                             Filter: (quantity < 4)
                                             Rows Removed by Filter: 77148
                                             Buffers: shared read=1757
                                       ->  Parallel Seq Scan on relation_3 source_19  (cost=0.00..1894.51 rows=3871 width=4) (actual rows=6704 loops=1)
                                             Filter: (quantity < 4)
                                             Rows Removed by Filter: 60005
                                             Buffers: shared read=1404
                                       ->  Parallel Seq Scan on relation_13 source_12  (cost=0.00..1701.06 rows=3541 width=4) (actual rows=6103 loops=1)
                                             Filter: (quantity < 4)
                                             Rows Removed by Filter: 54017
                                             Buffers: shared read=1259
                                       ->  Parallel Seq Scan on relation_1 source_1  (cost=0.00..1690.88 rows=3816 width=4) (actual rows=6510 loops=1)
                                             Filter: (quantity < 4)
                                             Rows Removed by Filter: 55489
                                             Buffers: shared read=1235
                                       ->  Parallel Seq Scan on relation_19 source_18  (cost=0.00..837.60 rows=1708 width=4) (actual rows=2903 loops=1)
                                             Filter: (quantity < 4)
                                             Rows Removed by Filter: 25739
                                             Buffers: shared read=627
                                       ->  Parallel Seq Scan on relation_21 source_21  (cost=0.00..447.29 rows=896 width=4) (actual rows=1524 loops=1)
                                             Filter: (quantity < 4)
                                             Rows Removed by Filter: 13476
                                             Buffers: shared read=337
                                 ->  Parallel Hash  (cost=140711.23..140711.23 rows=6824123 width=8) (actual rows=16378086 loops=1)
                                       Buckets: 4194304  Batches: 8  Memory Usage: 113024kB
                                       Buffers: shared read=72470, temp written=49008
                                       ->  Parallel Seq Scan on relation_50 source  (cost=0.00..140711.23 rows=6824123 width=8) (actual rows=16378086 loops=1)
                                             Buffers: shared read=72470
 Planning Time: 0.541 ms
 JIT:
   Functions: 143
   Options: Inlining true, Optimization true, Expressions true, Deforming true
 Execution Time: 8320.857 ms
(162 rows)

-- Q024 [relationship_join] occurrence 1/1
-- Original E/R: SELECT e1.wishlist_id, e2.sku FROM wishlist_contains r JOIN Wishlist e1 ON ENDPOINT(r, Wishlist) = REF(e1) JOIN Product e2 ON ENDPOINT(r, Product) = REF(e2) WHERE e2.base_price >= 358;
EXPLAIN (ANALYZE, BUFFERS, TIMING OFF, SUMMARY ON, FORMAT TEXT)
WITH
"b0" AS (
    SELECT
        "source"."product_id" AS "__endpoint_product_0",
        "source"."customer_id" AS "__endpoint_wishlist_0",
        "source"."wishlist_id" AS "__endpoint_wishlist_1"
    FROM "relation_52" AS "source"
),
"b1" AS (
    SELECT
        "source"."wishlist_id" AS "wishlist_id",
        "source"."customer_id" AS "__reference_0",
        "source"."wishlist_id" AS "__reference_1"
    FROM "relation_34" AS "source"
),
"b2" AS (
    SELECT
        "source"."base_price" AS "base_price",
        "source"."sku" AS "sku",
        "source"."product_id" AS "__reference_0"
    FROM "relation_1" AS "source"
    UNION ALL
    SELECT
        "source"."base_price" AS "base_price",
        "source"."sku" AS "sku",
        "source"."physicalproduct_id" AS "__reference_0"
    FROM "relation_2" AS "source"
    UNION ALL
    SELECT
        "source"."base_price" AS "base_price",
        "source"."sku" AS "sku",
        "source"."electronics_id" AS "__reference_0"
    FROM "relation_4" AS "source"
    UNION ALL
    SELECT
        "source"."base_price" AS "base_price",
        "source"."sku" AS "sku",
        "source"."computer_id" AS "__reference_0"
    FROM "relation_5" AS "source"
    UNION ALL
    SELECT
        "source"."base_price" AS "base_price",
        "source"."sku" AS "sku",
        "source"."desktop_id" AS "__reference_0"
    FROM "relation_6" AS "source"
    UNION ALL
    SELECT
        "source"."base_price" AS "base_price",
        "source"."sku" AS "sku",
        "source"."laptop_id" AS "__reference_0"
    FROM "relation_7" AS "source"
    UNION ALL
    SELECT
        "source"."base_price" AS "base_price",
        "source"."sku" AS "sku",
        "source"."tablet_id" AS "__reference_0"
    FROM "relation_8" AS "source"
    UNION ALL
    SELECT
        "source"."base_price" AS "base_price",
        "source"."sku" AS "sku",
        "source"."smartwatch_id" AS "__reference_0"
    FROM "relation_9" AS "source"
    UNION ALL
    SELECT
        "source"."base_price" AS "base_price",
        "source"."sku" AS "sku",
        "source"."camera_id" AS "__reference_0"
    FROM "relation_10" AS "source"
    UNION ALL
    SELECT
        "source"."base_price" AS "base_price",
        "source"."sku" AS "sku",
        "source"."phone_id" AS "__reference_0"
    FROM "relation_11" AS "source"
    UNION ALL
    SELECT
        "source"."base_price" AS "base_price",
        "source"."sku" AS "sku",
        "source"."accessory_id" AS "__reference_0"
    FROM "relation_12" AS "source"
    UNION ALL
    SELECT
        "source"."base_price" AS "base_price",
        "source"."sku" AS "sku",
        "source"."appliance_id" AS "__reference_0"
    FROM "relation_13" AS "source"
    UNION ALL
    SELECT
        "source"."base_price" AS "base_price",
        "source"."sku" AS "sku",
        "source"."kitchenappliance_id" AS "__reference_0"
    FROM "relation_14" AS "source"
    UNION ALL
    SELECT
        "source"."base_price" AS "base_price",
        "source"."sku" AS "sku",
        "source"."apparel_id" AS "__reference_0"
    FROM "relation_15" AS "source"
    UNION ALL
    SELECT
        "source"."base_price" AS "base_price",
        "source"."sku" AS "sku",
        "source"."clothing_id" AS "__reference_0"
    FROM "relation_16" AS "source"
    UNION ALL
    SELECT
        "source"."base_price" AS "base_price",
        "source"."sku" AS "sku",
        "source"."menclothing_id" AS "__reference_0"
    FROM "relation_17" AS "source"
    UNION ALL
    SELECT
        "source"."base_price" AS "base_price",
        "source"."sku" AS "sku",
        "source"."womenclothing_id" AS "__reference_0"
    FROM "relation_18" AS "source"
    UNION ALL
    SELECT
        "source"."base_price" AS "base_price",
        "source"."sku" AS "sku",
        "source"."footwear_id" AS "__reference_0"
    FROM "relation_19" AS "source"
    UNION ALL
    SELECT
        "source"."base_price" AS "base_price",
        "source"."sku" AS "sku",
        "source"."digitalproduct_id" AS "__reference_0"
    FROM "relation_3" AS "source"
    UNION ALL
    SELECT
        "source"."base_price" AS "base_price",
        "source"."sku" AS "sku",
        "source"."media_id" AS "__reference_0"
    FROM "relation_20" AS "source"
    UNION ALL
    SELECT
        "source"."base_price" AS "base_price",
        "source"."sku" AS "sku",
        "source"."software_id" AS "__reference_0"
    FROM "relation_21" AS "source"
)
SELECT 
    "b1"."wishlist_id" AS "wishlist_id",
    "b2"."sku" AS "sku"
FROM (("b0" INNER JOIN "b1" ON ("b0"."__endpoint_wishlist_0" = "b1"."__reference_0" AND "b0"."__endpoint_wishlist_1" = "b1"."__reference_1")) INNER JOIN "b2" ON ("b0"."__endpoint_product_0" = "b2"."__reference_0"))
WHERE ("b2"."base_price" >= 358);
                                                              QUERY PLAN                                                               
---------------------------------------------------------------------------------------------------------------------------------------
 Nested Loop  (cost=1418.09..2684.60 rows=28 width=22) (actual rows=6058 loops=1)
   Buffers: shared hit=3067011 read=113152
   ->  Hash Join  (cost=1417.80..2657.68 rows=1 width=8) (actual rows=59992 loops=1)
         Hash Cond: ((source.customer_id = source_1.customer_id) AND (source.wishlist_id = source_1.wishlist_id))
         Buffers: shared read=587
         ->  Seq Scan on relation_52 source  (cost=0.00..924.92 rows=59992 width=12) (actual rows=59992 loops=1)
               Buffers: shared read=325
         ->  Hash  (cost=724.32..724.32 rows=46232 width=8) (actual rows=46232 loops=1)
               Buckets: 65536  Batches: 1  Memory Usage: 2318kB
               Buffers: shared read=262
               ->  Seq Scan on relation_34 source_1  (cost=0.00..724.32 rows=46232 width=8) (actual rows=46232 loops=1)
                     Buffers: shared read=262
   ->  Append  (cost=0.29..26.72 rows=21 width=22) (actual rows=0 loops=59992)
         Buffers: shared hit=3067011 read=112565
         ->  Index Scan using relation_1_pkey on relation_1 source_2  (cost=0.29..0.40 rows=1 width=22) (actual rows=0 loops=59992)
               Index Cond: (product_id = source.product_id)
               Filter: (base_price >= 358)
               Rows Removed by Filter: 0
               Buffers: shared hit=119777 read=461
         ->  Index Scan using relation_2_pkey on relation_2 source_3  (cost=0.29..0.45 rows=1 width=22) (actual rows=0 loops=59992)
               Index Cond: (physicalproduct_id = source.product_id)
               Filter: (base_price >= 358)
               Rows Removed by Filter: 0
               Buffers: shared hit=119722 read=581
         ->  Index Scan using relation_4_pkey on relation_4 source_4  (cost=0.43..6.26 rows=1 width=22) (actual rows=0 loops=59992)
               Index Cond: (electronics_id = source.product_id)
               Filter: (base_price >= 358)
               Rows Removed by Filter: 0
               Buffers: shared hit=151460 read=60662
         ->  Index Scan using relation_5_pkey on relation_5 source_5  (cost=0.29..0.49 rows=1 width=22) (actual rows=0 loops=59992)
               Index Cond: (computer_id = source.product_id)
               Filter: (base_price >= 358)
               Rows Removed by Filter: 0
               Buffers: shared hit=119662 read=722
         ->  Index Scan using relation_6_pkey on relation_6 source_6  (cost=0.43..3.39 rows=1 width=22) (actual rows=0 loops=59992)
               Index Cond: (desktop_id = source.product_id)
               Filter: (base_price >= 358)
               Rows Removed by Filter: 0
               Buffers: shared hit=174107 read=12530
         ->  Index Scan using relation_7_pkey on relation_7 source_7  (cost=0.29..0.55 rows=1 width=22) (actual rows=0 loops=59992)
               Index Cond: (laptop_id = source.product_id)
               Filter: (base_price >= 358)
               Rows Removed by Filter: 0
               Buffers: shared hit=119632 read=819
         ->  Index Scan using relation_8_pkey on relation_8 source_8  (cost=0.29..0.47 rows=1 width=22) (actual rows=0 loops=59992)
               Index Cond: (tablet_id = source.product_id)
               Filter: (base_price >= 358)
               Rows Removed by Filter: 0
               Buffers: shared hit=119675 read=687
         ->  Index Scan using relation_9_pkey on relation_9 source_9  (cost=0.42..1.26 rows=1 width=22) (actual rows=0 loops=59992)
               Index Cond: (smartwatch_id = source.product_id)
               Filter: (base_price >= 358)
               Rows Removed by Filter: 0
               Buffers: shared hit=178535 read=3045
         ->  Index Scan using relation_10_pkey on relation_10 source_10  (cost=0.42..0.71 rows=1 width=22) (actual rows=0 loops=59992)
               Index Cond: (camera_id = source.product_id)
               Filter: (base_price >= 358)
               Rows Removed by Filter: 0
               Buffers: shared hit=179528 read=1098
         ->  Index Scan using relation_11_pkey on relation_11 source_11  (cost=0.42..1.64 rows=1 width=22) (actual rows=0 loops=59992)
               Index Cond: (phone_id = source.product_id)
               Filter: (base_price >= 358)
               Rows Removed by Filter: 0
               Buffers: shared hit=177867 read=4506
         ->  Index Scan using relation_12_pkey on relation_12 source_12  (cost=0.29..0.55 rows=1 width=22) (actual rows=0 loops=59992)
               Index Cond: (accessory_id = source.product_id)
               Filter: (base_price >= 358)
               Rows Removed by Filter: 0
               Buffers: shared hit=119611 read=871
         ->  Index Scan using relation_13_pkey on relation_13 source_13  (cost=0.29..0.41 rows=1 width=22) (actual rows=0 loops=59992)
               Index Cond: (appliance_id = source.product_id)
               Filter: (base_price >= 358)
               Rows Removed by Filter: 0
               Buffers: shared hit=119796 read=402
         ->  Index Scan using relation_14_pkey on relation_14 source_14  (cost=0.42..0.88 rows=1 width=22) (actual rows=0 loops=59992)
               Index Cond: (kitchenappliance_id = source.product_id)
               Filter: (base_price >= 358)
               Rows Removed by Filter: 0
               Buffers: shared hit=179157 read=1748
         ->  Index Scan using relation_15_pkey on relation_15 source_15  (cost=0.42..1.06 rows=1 width=22) (actual rows=0 loops=59992)
               Index Cond: (apparel_id = source.product_id)
               Filter: (base_price >= 358)
               Rows Removed by Filter: 0
               Buffers: shared hit=178834 read=2466
         ->  Index Scan using relation_16_pkey on relation_16 source_16  (cost=0.42..0.97 rows=1 width=22) (actual rows=0 loops=59992)
               Index Cond: (clothing_id = source.product_id)
               Filter: (base_price >= 358)
               Rows Removed by Filter: 0
               Buffers: shared hit=179066 read=1929
         ->  Index Scan using relation_17_pkey on relation_17 source_17  (cost=0.43..3.21 rows=1 width=22) (actual rows=0 loops=59992)
               Index Cond: (menclothing_id = source.product_id)
               Filter: (base_price >= 358)
               Rows Removed by Filter: 0
               Buffers: shared hit=174666 read=11341
         ->  Index Scan using relation_18_pkey on relation_18 source_18  (cost=0.29..0.51 rows=1 width=22) (actual rows=0 loops=59992)
               Index Cond: (womenclothing_id = source.product_id)
               Filter: (base_price >= 358)
               Rows Removed by Filter: 0
               Buffers: shared hit=119655 read=743
         ->  Index Scan using relation_19_pkey on relation_19 source_19  (cost=0.29..0.35 rows=1 width=22) (actual rows=0 loops=59992)
               Index Cond: (footwear_id = source.product_id)
               Filter: (base_price >= 358)
               Rows Removed by Filter: 0
               Buffers: shared hit=119897 read=193
         ->  Index Scan using relation_3_pkey on relation_3 source_20  (cost=0.29..0.42 rows=1 width=22) (actual rows=0 loops=59992)
               Index Cond: (digitalproduct_id = source.product_id)
               Filter: (base_price >= 358)
               Rows Removed by Filter: 0
               Buffers: shared hit=119793 read=424
         ->  Index Scan using relation_20_pkey on relation_20 source_21  (cost=0.43..2.27 rows=1 width=22) (actual rows=0 loops=59992)
               Index Cond: (media_id = source.product_id)
               Filter: (base_price >= 358)
               Rows Removed by Filter: 0
               Buffers: shared hit=176650 read=7204
         ->  Index Scan using relation_21_pkey on relation_21 source_22  (cost=0.29..0.33 rows=1 width=22) (actual rows=0 loops=59992)
               Index Cond: (software_id = source.product_id)
               Filter: (base_price >= 358)
               Rows Removed by Filter: 0
               Buffers: shared hit=119921 read=133
 Planning:
   Buffers: shared hit=10 read=17
 Planning Time: 1.035 ms
 Execution Time: 1242.851 ms
(123 rows)

-- Q025 [relationship_join] occurrence 1/1
-- Original E/R: SELECT e1.is_active, e2.is_active, e2.product_name FROM bundle_components r JOIN Product e1 ON ENDPOINT(r, product_id) = REF(e1) JOIN Product e2 ON ENDPOINT(r, bundle_product_id) = REF(e2) WHERE e1.quantity < 23;
EXPLAIN (ANALYZE, BUFFERS, TIMING OFF, SUMMARY ON, FORMAT TEXT)
WITH
"b0" AS (
    SELECT
        "source"."bundle_product_product_id" AS "__endpoint_bundle_product_id_0",
        "source"."product_id" AS "__endpoint_product_id_0"
    FROM "relation_49" AS "source"
),
"b1" AS (
    SELECT
        "source"."is_active" AS "is_active",
        "source"."quantity" AS "quantity",
        "source"."product_id" AS "__reference_0"
    FROM "relation_1" AS "source"
    UNION ALL
    SELECT
        "source"."is_active" AS "is_active",
        "source"."quantity" AS "quantity",
        "source"."physicalproduct_id" AS "__reference_0"
    FROM "relation_2" AS "source"
    UNION ALL
    SELECT
        "source"."is_active" AS "is_active",
        "source"."quantity" AS "quantity",
        "source"."electronics_id" AS "__reference_0"
    FROM "relation_4" AS "source"
    UNION ALL
    SELECT
        "source"."is_active" AS "is_active",
        "source"."quantity" AS "quantity",
        "source"."computer_id" AS "__reference_0"
    FROM "relation_5" AS "source"
    UNION ALL
    SELECT
        "source"."is_active" AS "is_active",
        "source"."quantity" AS "quantity",
        "source"."desktop_id" AS "__reference_0"
    FROM "relation_6" AS "source"
    UNION ALL
    SELECT
        "source"."is_active" AS "is_active",
        "source"."quantity" AS "quantity",
        "source"."laptop_id" AS "__reference_0"
    FROM "relation_7" AS "source"
    UNION ALL
    SELECT
        "source"."is_active" AS "is_active",
        "source"."quantity" AS "quantity",
        "source"."tablet_id" AS "__reference_0"
    FROM "relation_8" AS "source"
    UNION ALL
    SELECT
        "source"."is_active" AS "is_active",
        "source"."quantity" AS "quantity",
        "source"."smartwatch_id" AS "__reference_0"
    FROM "relation_9" AS "source"
    UNION ALL
    SELECT
        "source"."is_active" AS "is_active",
        "source"."quantity" AS "quantity",
        "source"."camera_id" AS "__reference_0"
    FROM "relation_10" AS "source"
    UNION ALL
    SELECT
        "source"."is_active" AS "is_active",
        "source"."quantity" AS "quantity",
        "source"."phone_id" AS "__reference_0"
    FROM "relation_11" AS "source"
    UNION ALL
    SELECT
        "source"."is_active" AS "is_active",
        "source"."quantity" AS "quantity",
        "source"."accessory_id" AS "__reference_0"
    FROM "relation_12" AS "source"
    UNION ALL
    SELECT
        "source"."is_active" AS "is_active",
        "source"."quantity" AS "quantity",
        "source"."appliance_id" AS "__reference_0"
    FROM "relation_13" AS "source"
    UNION ALL
    SELECT
        "source"."is_active" AS "is_active",
        "source"."quantity" AS "quantity",
        "source"."kitchenappliance_id" AS "__reference_0"
    FROM "relation_14" AS "source"
    UNION ALL
    SELECT
        "source"."is_active" AS "is_active",
        "source"."quantity" AS "quantity",
        "source"."apparel_id" AS "__reference_0"
    FROM "relation_15" AS "source"
    UNION ALL
    SELECT
        "source"."is_active" AS "is_active",
        "source"."quantity" AS "quantity",
        "source"."clothing_id" AS "__reference_0"
    FROM "relation_16" AS "source"
    UNION ALL
    SELECT
        "source"."is_active" AS "is_active",
        "source"."quantity" AS "quantity",
        "source"."menclothing_id" AS "__reference_0"
    FROM "relation_17" AS "source"
    UNION ALL
    SELECT
        "source"."is_active" AS "is_active",
        "source"."quantity" AS "quantity",
        "source"."womenclothing_id" AS "__reference_0"
    FROM "relation_18" AS "source"
    UNION ALL
    SELECT
        "source"."is_active" AS "is_active",
        "source"."quantity" AS "quantity",
        "source"."footwear_id" AS "__reference_0"
    FROM "relation_19" AS "source"
    UNION ALL
    SELECT
        "source"."is_active" AS "is_active",
        "source"."quantity" AS "quantity",
        "source"."digitalproduct_id" AS "__reference_0"
    FROM "relation_3" AS "source"
    UNION ALL
    SELECT
        "source"."is_active" AS "is_active",
        "source"."quantity" AS "quantity",
        "source"."media_id" AS "__reference_0"
    FROM "relation_20" AS "source"
    UNION ALL
    SELECT
        "source"."is_active" AS "is_active",
        "source"."quantity" AS "quantity",
        "source"."software_id" AS "__reference_0"
    FROM "relation_21" AS "source"
),
"b2" AS (
    SELECT
        "source"."is_active" AS "is_active",
        "source"."product_name" AS "product_name",
        "source"."product_id" AS "__reference_0"
    FROM "relation_1" AS "source"
    UNION ALL
    SELECT
        "source"."is_active" AS "is_active",
        "source"."product_name" AS "product_name",
        "source"."physicalproduct_id" AS "__reference_0"
    FROM "relation_2" AS "source"
    UNION ALL
    SELECT
        "source"."is_active" AS "is_active",
        "source"."product_name" AS "product_name",
        "source"."electronics_id" AS "__reference_0"
    FROM "relation_4" AS "source"
    UNION ALL
    SELECT
        "source"."is_active" AS "is_active",
        "source"."product_name" AS "product_name",
        "source"."computer_id" AS "__reference_0"
    FROM "relation_5" AS "source"
    UNION ALL
    SELECT
        "source"."is_active" AS "is_active",
        "source"."product_name" AS "product_name",
        "source"."desktop_id" AS "__reference_0"
    FROM "relation_6" AS "source"
    UNION ALL
    SELECT
        "source"."is_active" AS "is_active",
        "source"."product_name" AS "product_name",
        "source"."laptop_id" AS "__reference_0"
    FROM "relation_7" AS "source"
    UNION ALL
    SELECT
        "source"."is_active" AS "is_active",
        "source"."product_name" AS "product_name",
        "source"."tablet_id" AS "__reference_0"
    FROM "relation_8" AS "source"
    UNION ALL
    SELECT
        "source"."is_active" AS "is_active",
        "source"."product_name" AS "product_name",
        "source"."smartwatch_id" AS "__reference_0"
    FROM "relation_9" AS "source"
    UNION ALL
    SELECT
        "source"."is_active" AS "is_active",
        "source"."product_name" AS "product_name",
        "source"."camera_id" AS "__reference_0"
    FROM "relation_10" AS "source"
    UNION ALL
    SELECT
        "source"."is_active" AS "is_active",
        "source"."product_name" AS "product_name",
        "source"."phone_id" AS "__reference_0"
    FROM "relation_11" AS "source"
    UNION ALL
    SELECT
        "source"."is_active" AS "is_active",
        "source"."product_name" AS "product_name",
        "source"."accessory_id" AS "__reference_0"
    FROM "relation_12" AS "source"
    UNION ALL
    SELECT
        "source"."is_active" AS "is_active",
        "source"."product_name" AS "product_name",
        "source"."appliance_id" AS "__reference_0"
    FROM "relation_13" AS "source"
    UNION ALL
    SELECT
        "source"."is_active" AS "is_active",
        "source"."product_name" AS "product_name",
        "source"."kitchenappliance_id" AS "__reference_0"
    FROM "relation_14" AS "source"
    UNION ALL
    SELECT
        "source"."is_active" AS "is_active",
        "source"."product_name" AS "product_name",
        "source"."apparel_id" AS "__reference_0"
    FROM "relation_15" AS "source"
    UNION ALL
    SELECT
        "source"."is_active" AS "is_active",
        "source"."product_name" AS "product_name",
        "source"."clothing_id" AS "__reference_0"
    FROM "relation_16" AS "source"
    UNION ALL
    SELECT
        "source"."is_active" AS "is_active",
        "source"."product_name" AS "product_name",
        "source"."menclothing_id" AS "__reference_0"
    FROM "relation_17" AS "source"
    UNION ALL
    SELECT
        "source"."is_active" AS "is_active",
        "source"."product_name" AS "product_name",
        "source"."womenclothing_id" AS "__reference_0"
    FROM "relation_18" AS "source"
    UNION ALL
    SELECT
        "source"."is_active" AS "is_active",
        "source"."product_name" AS "product_name",
        "source"."footwear_id" AS "__reference_0"
    FROM "relation_19" AS "source"
    UNION ALL
    SELECT
        "source"."is_active" AS "is_active",
        "source"."product_name" AS "product_name",
        "source"."digitalproduct_id" AS "__reference_0"
    FROM "relation_3" AS "source"
    UNION ALL
    SELECT
        "source"."is_active" AS "is_active",
        "source"."product_name" AS "product_name",
        "source"."media_id" AS "__reference_0"
    FROM "relation_20" AS "source"
    UNION ALL
    SELECT
        "source"."is_active" AS "is_active",
        "source"."product_name" AS "product_name",
        "source"."software_id" AS "__reference_0"
    FROM "relation_21" AS "source"
)
SELECT 
    "b1"."is_active" AS "is_active",
    "b2"."is_active" AS "is_active",
    "b2"."product_name" AS "product_name"
FROM (("b0" INNER JOIN "b1" ON ("b0"."__endpoint_product_id_0" = "b1"."__reference_0")) INNER JOIN "b2" ON ("b0"."__endpoint_bundle_product_id_0" = "b2"."__reference_0"))
WHERE ("b1"."quantity" < 23);
                                                             QUERY PLAN                                                             
------------------------------------------------------------------------------------------------------------------------------------
 Hash Join  (cost=1072675.70..2728133.18 rows=50183344 width=42) (actual rows=1684028 loops=1)
   Hash Cond: (source_22.product_id = source.bundle_product_product_id)
   Buffers: shared hit=4338 read=737759, temp read=122796 written=122796
   ->  Append  (cost=0.00..615563.11 rows=16796474 width=42) (actual rows=16796782 loops=1)
         Buffers: shared read=363616
         ->  Seq Scan on relation_1 source_22  (cost=0.00..1854.99 rows=61999 width=42) (actual rows=61999 loops=1)
               Buffers: shared read=1235
         ->  Seq Scan on relation_2 source_23  (cost=0.00..2615.65 rows=85865 width=42) (actual rows=85865 loops=1)
               Buffers: shared read=1757
         ->  Seq Scan on relation_4 source_24  (cost=0.00..278724.44 rows=9003644 width=42) (actual rows=9004045 loops=1)
               Buffers: shared read=188688
         ->  Seq Scan on relation_5 source_25  (cost=0.00..3481.90 rows=107190 width=42) (actual rows=107190 loops=1)
               Buffers: shared read=2410
         ->  Seq Scan on relation_6 source_26  (cost=0.00..63250.98 rows=1877798 width=42) (actual rows=1877778 loops=1)
               Buffers: shared read=44473
         ->  Seq Scan on relation_7 source_27  (cost=0.00..4606.70 rows=139670 width=42) (actual rows=139670 loops=1)
               Buffers: shared read=3210
         ->  Seq Scan on relation_8 source_28  (cost=0.00..3146.00 rows=100000 width=42) (actual rows=100000 loops=1)
               Buffers: shared read=2146
         ->  Seq Scan on relation_9 source_29  (cost=0.00..14767.45 rows=469445 width=42) (actual rows=469445 loops=1)
               Buffers: shared read=10073
         ->  Seq Scan on relation_10 source_30  (cost=0.00..5318.01 rows=169001 width=42) (actual rows=169001 loops=1)
               Buffers: shared read=3628
         ->  Seq Scan on relation_11 source_31  (cost=0.00..21838.01 rows=676001 width=42) (actual rows=676001 loops=1)
               Buffers: shared read=15078
         ->  Seq Scan on relation_12 source_32  (cost=0.00..4630.98 rows=144898 width=42) (actual rows=144898 loops=1)
               Buffers: shared read=3182
         ->  Seq Scan on relation_13 source_33  (cost=0.00..1860.20 rows=60120 width=42) (actual rows=60120 loops=1)
               Buffers: shared read=1259
         ->  Seq Scan on relation_14 source_34  (cost=0.00..8302.63 rows=264063 width=42) (actual rows=264063 loops=1)
               Buffers: shared read=5662
         ->  Seq Scan on relation_15 source_35  (cost=0.00..11329.62 rows=364762 width=42) (actual rows=364762 loops=1)
               Buffers: shared read=7682
         ->  Seq Scan on relation_16 source_36  (cost=0.00..9506.82 rows=297982 width=42) (actual rows=297982 loops=1)
               Buffers: shared read=6527
         ->  Seq Scan on relation_17 source_37  (cost=0.00..55500.73 rows=1690073 width=42) (actual rows=1690000 loops=1)
               Buffers: shared read=38600
         ->  Seq Scan on relation_18 source_38  (cost=0.00..3848.62 rows=117362 width=42) (actual rows=117362 loops=1)
               Buffers: shared read=2675
         ->  Seq Scan on relation_19 source_39  (cost=0.00..913.42 rows=28642 width=42) (actual rows=28642 loops=1)
               Buffers: shared read=627
         ->  Seq Scan on relation_3 source_40  (cost=0.00..2071.09 rows=66709 width=42) (actual rows=66709 loops=1)
               Buffers: shared read=1404
         ->  Seq Scan on relation_20 source_41  (cost=0.00..33525.50 rows=1056250 width=42) (actual rows=1056250 loops=1)
               Buffers: shared read=22963
         ->  Seq Scan on relation_21 source_42  (cost=0.00..487.00 rows=15000 width=42) (actual rows=15000 loops=1)
               Buffers: shared read=337
   ->  Hash  (cost=934693.71..934693.71 rows=8410319 width=8) (actual rows=1684028 loops=1)
         Buckets: 4194304  Batches: 4  Memory Usage: 49253kB
         Buffers: shared hit=4338 read=374143, temp read=20127 written=24438
         ->  Hash Join  (cost=103573.51..934693.71 rows=8410319 width=8) (actual rows=1684028 loops=1)
               Hash Cond: (source_1.product_id = source.product_id)
               Buffers: shared hit=4338 read=374143, temp read=20127 written=20127
               ->  Append  (cost=0.00..615623.52 rows=8410319 width=8) (actual rows=8421689 loops=1)
                     Buffers: shared hit=4338 read=359278
                     ->  Seq Scan on relation_1 source_1  (cost=0.00..2009.99 rows=31190 width=8) (actual rows=31219 loops=1)
                           Filter: (quantity < 23)
                           Rows Removed by Filter: 30780
                           Buffers: shared hit=30 read=1205
                     ->  Seq Scan on relation_2 source_2  (cost=0.00..2830.31 rows=43171 width=8) (actual rows=43183 loops=1)
                           Filter: (quantity < 23)
                           Rows Removed by Filter: 42682
                           Buffers: shared hit=37 read=1720
                     ->  Seq Scan on relation_4 source_3  (cost=0.00..301233.55 rows=4497689 width=8) (actual rows=4516419 loops=1)
                           Filter: (quantity < 23)
                           Rows Removed by Filter: 4487626
                           Buffers: shared hit=3608 read=185080
                     ->  Seq Scan on relation_5 source_4  (cost=0.00..3749.88 rows=53481 width=8) (actual rows=53852 loops=1)
                           Filter: (quantity < 23)
                           Rows Removed by Filter: 53338
                           Buffers: shared hit=37 read=2373
                     ->  Seq Scan on relation_6 source_5  (cost=0.00..67945.48 rows=940728 width=8) (actual rows=940479 loops=1)
                           Filter: (quantity < 23)
                           Rows Removed by Filter: 937299
                           Buffers: shared hit=527 read=43946
                     ->  Seq Scan on relation_7 source_6  (cost=0.00..4955.88 rows=69841 width=8) (actual rows=70248 loops=1)
                           Filter: (quantity < 23)
                           Rows Removed by Filter: 69422
                           Buffers: shared hit=21 read=3189
                     ->  Seq Scan on relation_8 source_7  (cost=0.00..3396.00 rows=49937 width=8) (actual rows=50029 loops=1)
                           Filter: (quantity < 23)
                           Rows Removed by Filter: 49971
                           Buffers: shared hit=12 read=2134
                     ->  Seq Scan on relation_9 source_8  (cost=0.00..15941.06 rows=233991 width=8) (actual rows=234840 loops=1)
                           Filter: (quantity < 23)
                           Rows Removed by Filter: 234605
                           Buffers: shared hit=50 read=10023
                     ->  Seq Scan on relation_10 source_9  (cost=0.00..5740.51 rows=85037 width=8) (actual rows=84651 loops=1)
                           Filter: (quantity < 23)
                           Rows Removed by Filter: 84350
                           Buffers: shared hit=12 read=3616
                     ->  Seq Scan on relation_11 source_10  (cost=0.00..23528.01 rows=338366 width=8) (actual rows=337861 loops=1)
                           Filter: (quantity < 23)
                           Rows Removed by Filter: 338140
                           Buffers: shared hit=3 read=15075
                     ->  Seq Scan on relation_12 source_11  (cost=0.00..4993.23 rows=72411 width=8) (actual rows=72278 loops=1)
                           Filter: (quantity < 23)
                           Rows Removed by Filter: 72620
                           Buffers: shared read=3182
                     ->  Seq Scan on relation_13 source_12  (cost=0.00..2010.50 rows=30151 width=8) (actual rows=30182 loops=1)
                           Filter: (quantity < 23)
                           Rows Removed by Filter: 29938
                           Buffers: shared read=1259
                     ->  Seq Scan on relation_14 source_13  (cost=0.00..8962.79 rows=133451 width=8) (actual rows=132363 loops=1)
                           Filter: (quantity < 23)
                           Rows Removed by Filter: 131700
                           Buffers: shared read=5662
                     ->  Seq Scan on relation_15 source_14  (cost=0.00..12241.53 rows=183563 width=8) (actual rows=182958 loops=1)
                           Filter: (quantity < 23)
                           Rows Removed by Filter: 181804
                           Buffers: shared read=7682
                     ->  Seq Scan on relation_16 source_15  (cost=0.00..10251.77 rows=148169 width=8) (actual rows=149682 loops=1)
                           Filter: (quantity < 23)
                           Rows Removed by Filter: 148300
                           Buffers: shared hit=1 read=6526
                     ->  Seq Scan on relation_17 source_16  (cost=0.00..59725.91 rows=858120 width=8) (actual rows=847671 loops=1)
                           Filter: (quantity < 23)
                           Rows Removed by Filter: 842329
                           Buffers: shared read=38600
                     ->  Seq Scan on relation_18 source_17  (cost=0.00..4142.02 rows=58400 width=8) (actual rows=58817 loops=1)
                           Filter: (quantity < 23)
                           Rows Removed by Filter: 58545
                           Buffers: shared read=2675
                     ->  Seq Scan on relation_19 source_18  (cost=0.00..985.03 rows=14513 width=8) (actual rows=14513 loops=1)
                           Filter: (quantity < 23)
                           Rows Removed by Filter: 14129
                           Buffers: shared read=627
                     ->  Seq Scan on relation_3 source_19  (cost=0.00..2237.86 rows=33275 width=8) (actual rows=33285 loops=1)
                           Filter: (quantity < 23)
                           Rows Removed by Filter: 33424
                           Buffers: shared read=1404
                     ->  Seq Scan on relation_20 source_20  (cost=0.00..36166.12 rows=527288 width=8) (actual rows=529612 loops=1)
                           Filter: (quantity < 23)
                           Rows Removed by Filter: 526638
                           Buffers: shared read=22963
                     ->  Seq Scan on relation_21 source_21  (cost=0.00..524.50 rows=7547 width=8) (actual rows=7547 loops=1)
                           Filter: (quantity < 23)
                           Rows Removed by Filter: 7453
                           Buffers: shared read=337
               ->  Hash  (cost=48458.56..48458.56 rows=3359356 width=8) (actual rows=3359356 loops=1)
                     Buckets: 4194304  Batches: 2  Memory Usage: 98410kB
                     Buffers: shared read=14865, temp written=5738
                     ->  Seq Scan on relation_49 source  (cost=0.00..48458.56 rows=3359356 width=8) (actual rows=3359356 loops=1)
                           Buffers: shared read=14865
 Planning Time: 0.471 ms
 JIT:
   Functions: 139
   Options: Inlining true, Optimization true, Expressions true, Deforming true
 Execution Time: 9043.079 ms
(149 rows)

-- Q026 [weak_owner] occurrence 1/1
-- Original E/R: SELECT w.shipped_at, w.tracking_no, w.delivered_at, o.status FROM Shipment w JOIN CustOrder o ON OWNER(w) = REF(o) WHERE w.tracking_no < 'KT0862261685';
EXPLAIN (ANALYZE, BUFFERS, TIMING OFF, SUMMARY ON, FORMAT TEXT)
WITH
"b0" AS (
    SELECT
        "source"."delivered_at" AS "delivered_at",
        "source"."shipped_at" AS "shipped_at",
        "source"."tracking_no" AS "tracking_no",
        "source"."custorder_id" AS "__owner_0"
    FROM "relation_38" AS "source"
),
"b1" AS (
    SELECT
        "source"."status" AS "status",
        "source"."custorder_id" AS "__reference_0"
    FROM "relation_37" AS "source"
)
SELECT 
    "b0"."shipped_at" AS "shipped_at",
    "b0"."tracking_no" AS "tracking_no",
    "b0"."delivered_at" AS "delivered_at",
    "b1"."status" AS "status"
FROM ("b0" INNER JOIN "b1" ON ("b0"."__owner_0" = "b1"."__reference_0"))
WHERE ("b0"."tracking_no" < 'KT0862261685');
                                                   QUERY PLAN                                                    
-----------------------------------------------------------------------------------------------------------------
 Hash Join  (cost=655.54..2828.46 rows=10105 width=44) (actual rows=10106 loops=1)
   Hash Cond: (source_1.custorder_id = source.custorder_id)
   Buffers: shared read=792
   ->  Seq Scan on relation_37 source_1  (cost=0.00..1369.60 rows=80260 width=13) (actual rows=80260 loops=1)
         Buffers: shared read=567
   ->  Hash  (cost=529.23..529.23 rows=10105 width=39) (actual rows=10106 loops=1)
         Buckets: 16384  Batches: 1  Memory Usage: 801kB
         Buffers: shared read=225
         ->  Seq Scan on relation_38 source  (cost=0.00..529.23 rows=10105 width=39) (actual rows=10106 loops=1)
               Filter: ((tracking_no)::text < 'KT0862261685'::text)
               Rows Removed by Filter: 14232
               Buffers: shared read=225
 Planning:
   Buffers: shared hit=7 read=11
 Planning Time: 0.167 ms
 Execution Time: 10.268 ms
(16 rows)

-- Q027 [aggregation] occurrence 1/1
-- Original E/R: SELECT e2.custorder_id, COUNT(DISTINCT REF(e1)) AS related_count FROM customer_orders r JOIN Customer e1 ON ENDPOINT(r, Customer) = REF(e1) JOIN CustOrder e2 ON ENDPOINT(r, CustOrder) = REF(e2) WHERE e1.password_hash < '1954c55d5d08b48e85e9b1d50237be6a53a0dfbbd25cbe55d26a823a4e7a31e9' GROUP BY REF(e2), e2.custorder_id HAVING COUNT(DISTINCT REF(e1)) >= 4;
EXPLAIN (ANALYZE, BUFFERS, TIMING OFF, SUMMARY ON, FORMAT TEXT)
WITH
"b0" AS (
    SELECT
        "source"."customer_orders_customer_id" AS "__endpoint_customer_0",
        "source"."custorder_id" AS "__endpoint_custorder_0"
    FROM "relation_54" AS "source"
),
"b1" AS (
    SELECT
        "source"."password_hash" AS "password_hash",
        "source"."customer_id" AS "__reference_0"
    FROM "relation_23" AS "source"
    UNION ALL
    SELECT
        "source"."password_hash" AS "password_hash",
        "source"."primecustomer_id" AS "__reference_0"
    FROM "relation_24" AS "source"
    UNION ALL
    SELECT
        "source"."password_hash" AS "password_hash",
        "source"."businesscustomer_id" AS "__reference_0"
    FROM "relation_25" AS "source"
),
"b2" AS (
    SELECT
        "source"."custorder_id" AS "custorder_id",
        "source"."custorder_id" AS "__reference_0"
    FROM "relation_37" AS "source"
)
SELECT 
    "b2"."custorder_id" AS "custorder_id",
    COUNT(DISTINCT "b1"."__reference_0") AS "related_count"
FROM (("b0" INNER JOIN "b1" ON ("b0"."__endpoint_customer_0" = "b1"."__reference_0")) INNER JOIN "b2" ON ("b0"."__endpoint_custorder_0" = "b2"."__reference_0"))
WHERE ("b1"."password_hash" < '1954c55d5d08b48e85e9b1d50237be6a53a0dfbbd25cbe55d26a823a4e7a31e9')
GROUP BY
    "b2"."__reference_0",
    "b2"."custorder_id"
HAVING (COUNT(DISTINCT "b1"."__reference_0") >= 4);
                                                                                 QUERY PLAN                                                                                 
----------------------------------------------------------------------------------------------------------------------------------------------------------------------------
 GroupAggregate  (cost=48127.88..62044.11 rows=26753 width=16) (actual rows=0 loops=1)
   Group Key: source_4.custorder_id
   Filter: (count(DISTINCT source_3.businesscustomer_id) >= 4)
   Rows Removed by Filter: 7540
   Buffers: shared hit=4 read=33800
   ->  Gather Merge  (cost=48127.88..60509.31 rows=106309 width=8) (actual rows=7540 loops=1)
         Workers Planned: 2
         Workers Launched: 0
         Buffers: shared hit=4 read=33800
         ->  Sort  (cost=47127.86..47238.59 rows=44295 width=8) (actual rows=7540 loops=1)
               Sort Key: source_4.custorder_id, source_3.businesscustomer_id
               Sort Method: quicksort  Memory: 428kB
               Buffers: shared hit=4 read=33800
               ->  Parallel Hash Join  (cost=4052.48..43709.42 rows=44295 width=8) (actual rows=7540 loops=1)
                     Hash Cond: (source.custorder_id = source_4.custorder_id)
                     Buffers: shared hit=4 read=33800
                     ->  Hash Join  (cost=2010.45..41551.10 rows=44295 width=8) (actual rows=7540 loops=1)
                           Hash Cond: (source_3.businesscustomer_id = source.customer_orders_customer_id)
                           Buffers: shared read=33582
                           ->  Parallel Append  (cost=0.00..38940.66 rows=41876 width=4) (actual rows=102657 loops=1)
                                 Buffers: shared read=33251
                                 ->  Parallel Seq Scan on relation_25 source_3  (cost=0.00..33137.50 rows=36168 width=4) (actual rows=89049 loops=1)
                                       Filter: ((password_hash)::text < '1954c55d5d08b48e85e9b1d50237be6a53a0dfbbd25cbe55d26a823a4e7a31e9'::text)
                                       Rows Removed by Filter: 810951
                                       Buffers: shared read=28450
                                 ->  Parallel Seq Scan on relation_24 source_2  (cost=0.00..4233.83 rows=4167 width=4) (actual rows=9893 loops=1)
                                       Filter: ((password_hash)::text < '1954c55d5d08b48e85e9b1d50237be6a53a0dfbbd25cbe55d26a823a4e7a31e9'::text)
                                       Rows Removed by Filter: 90107
                                       Buffers: shared read=3713
                                 ->  Parallel Seq Scan on relation_23 source_1  (cost=0.00..1359.95 rows=2175 width=4) (actual rows=3715 loops=1)
                                       Filter: ((password_hash)::text < '1954c55d5d08b48e85e9b1d50237be6a53a0dfbbd25cbe55d26a823a4e7a31e9'::text)
                                       Rows Removed by Filter: 33270
                                       Buffers: shared read=1088
                           ->  Hash  (cost=1077.42..1077.42 rows=74642 width=8) (actual rows=74642 loops=1)
                                 Buckets: 131072  Batches: 1  Memory Usage: 3940kB
                                 Buffers: shared read=331
                                 ->  Seq Scan on relation_54 source  (cost=0.00..1077.42 rows=74642 width=8) (actual rows=74642 loops=1)
                                       Buffers: shared read=331
                     ->  Parallel Hash  (cost=1624.01..1624.01 rows=33442 width=4) (actual rows=80260 loops=1)
                           Buckets: 131072  Batches: 1  Memory Usage: 4192kB
                           Buffers: shared hit=4 read=218
                           ->  Parallel Index Only Scan using relation_37_pkey on relation_37 source_4  (cost=0.29..1624.01 rows=33442 width=4) (actual rows=80260 loops=1)
                                 Heap Fetches: 0
                                 Buffers: shared hit=4 read=218
 Planning:
   Buffers: shared hit=8 read=4
 Planning Time: 0.242 ms
 Execution Time: 171.476 ms
(48 rows)

-- Q028 [weak_owner] occurrence 1/1
-- Original E/R: SELECT w.review_id, w.created_at, w.rating, o.user_id, o.password_hash FROM Review w JOIN Customer o ON OWNER(w) = REF(o) WHERE w.created_at >= '2025-03-18';
EXPLAIN (ANALYZE, BUFFERS, TIMING OFF, SUMMARY ON, FORMAT TEXT)
WITH
"b0" AS (
    SELECT
        "source"."created_at" AS "created_at",
        "source"."rating" AS "rating",
        "source"."review_id" AS "review_id",
        "source"."customer_id" AS "__owner_0"
    FROM "relation_35" AS "source"
),
"b1" AS (
    SELECT
        "source"."password_hash" AS "password_hash",
        "source"."customer_id" AS "user_id",
        "source"."customer_id" AS "__reference_0"
    FROM "relation_23" AS "source"
    UNION ALL
    SELECT
        "source"."password_hash" AS "password_hash",
        "source"."primecustomer_id" AS "user_id",
        "source"."primecustomer_id" AS "__reference_0"
    FROM "relation_24" AS "source"
    UNION ALL
    SELECT
        "source"."password_hash" AS "password_hash",
        "source"."businesscustomer_id" AS "user_id",
        "source"."businesscustomer_id" AS "__reference_0"
    FROM "relation_25" AS "source"
)
SELECT 
    "b0"."review_id" AS "review_id",
    "b0"."created_at" AS "created_at",
    "b0"."rating" AS "rating",
    "b1"."user_id" AS "user_id",
    "b1"."password_hash" AS "password_hash"
FROM ("b0" INNER JOIN "b1" ON ("b0"."__owner_0" = "b1"."__reference_0"))
WHERE ("b0"."created_at" >= '2025-03-18');
                                                      QUERY PLAN                                                       
-----------------------------------------------------------------------------------------------------------------------
 Hash Join  (cost=1110.46..59603.12 rows=320573 width=88) (actual rows=7641 loops=1)
   Hash Cond: (source_1.customer_id = source.customer_id)
   Buffers: shared hit=4833 read=29116
   ->  Append  (cost=0.00..48805.78 rows=1036985 width=73) (actual rows=1036985 loops=1)
         Buffers: shared hit=4833 read=28418
         ->  Seq Scan on relation_23 source_1  (cost=0.00..1457.85 rows=36985 width=73) (actual rows=36985 loops=1)
               Buffers: shared hit=1088
         ->  Seq Scan on relation_24 source_2  (cost=0.00..4713.00 rows=100000 width=73) (actual rows=100000 loops=1)
               Buffers: shared hit=3713
         ->  Seq Scan on relation_25 source_3  (cost=0.00..37450.00 rows=900000 width=73) (actual rows=900000 loops=1)
               Buffers: shared hit=32 read=28418
   ->  Hash  (cost=1013.94..1013.94 rows=7722 width=23) (actual rows=7641 loops=1)
         Buckets: 8192  Batches: 1  Memory Usage: 482kB
         Buffers: shared read=698
         ->  Seq Scan on relation_35 source  (cost=0.00..1013.94 rows=7722 width=23) (actual rows=7641 loops=1)
               Filter: ((created_at)::text >= '2025-03-18'::text)
               Rows Removed by Filter: 17634
               Buffers: shared read=698
 Planning:
   Buffers: shared hit=10 read=8
 Planning Time: 0.372 ms
 Execution Time: 130.739 ms
(22 rows)

-- Q029 [selection_projection] occurrence 1/1
-- Original E/R: SELECT e.dimensions FROM Apparel e WHERE e.is_active >= 1;
EXPLAIN (ANALYZE, BUFFERS, TIMING OFF, SUMMARY ON, FORMAT TEXT)
WITH
"b0" AS (
    SELECT
        "source"."dimensions" AS "dimensions",
        "source"."is_active" AS "is_active"
    FROM "relation_15" AS "source"
    UNION ALL
    SELECT
        "source"."dimensions" AS "dimensions",
        "source"."is_active" AS "is_active"
    FROM "relation_16" AS "source"
    UNION ALL
    SELECT
        "source"."dimensions" AS "dimensions",
        "source"."is_active" AS "is_active"
    FROM "relation_17" AS "source"
    UNION ALL
    SELECT
        "source"."dimensions" AS "dimensions",
        "source"."is_active" AS "is_active"
    FROM "relation_18" AS "source"
    UNION ALL
    SELECT
        "source"."dimensions" AS "dimensions",
        "source"."is_active" AS "is_active"
    FROM "relation_19" AS "source"
)
SELECT 
    "b0"."dimensions" AS "dimensions"
FROM "b0"
WHERE ("b0"."is_active" >= 1);
                                                    QUERY PLAN                                                    
------------------------------------------------------------------------------------------------------------------
 Append  (cost=0.00..97967.90 rows=2124328 width=6) (actual rows=2123495 loops=1)
   Buffers: shared hit=3398 read=52713
   ->  Seq Scan on relation_15 source  (cost=0.00..12241.53 rows=309926 width=6) (actual rows=310107 loops=1)
         Filter: (is_active >= 1)
         Rows Removed by Filter: 54655
         Buffers: shared hit=32 read=7650
   ->  Seq Scan on relation_16 source_1  (cost=0.00..10251.77 rows=252887 width=6) (actual rows=253275 loops=1)
         Filter: (is_active >= 1)
         Rows Removed by Filter: 44707
         Buffers: shared hit=32 read=6495
   ->  Seq Scan on relation_17 source_2  (cost=0.00..59725.91 rows=1437463 width=6) (actual rows=1436177 loops=1)
         Filter: (is_active >= 1)
         Rows Removed by Filter: 253823
         Buffers: shared hit=32 read=38568
   ->  Seq Scan on relation_18 source_3  (cost=0.00..4142.02 rows=99703 width=6) (actual rows=99587 loops=1)
         Filter: (is_active >= 1)
         Rows Removed by Filter: 17775
         Buffers: shared hit=2675
   ->  Seq Scan on relation_19 source_4  (cost=0.00..985.03 rows=24349 width=6) (actual rows=24349 loops=1)
         Filter: (is_active >= 1)
         Rows Removed by Filter: 4293
         Buffers: shared hit=627
 Planning:
   Buffers: shared hit=10 read=5
 Planning Time: 0.111 ms
 Execution Time: 231.715 ms
(26 rows)

-- Q030 [selection_projection] occurrence 1/1
-- Original E/R: SELECT DISTINCT e.sku FROM Electronics e WHERE e.product_id < 2749696;
EXPLAIN (ANALYZE, BUFFERS, TIMING OFF, SUMMARY ON, FORMAT TEXT)
WITH
"b0" AS (
    SELECT
        "source"."electronics_id" AS "product_id",
        "source"."sku" AS "sku"
    FROM "relation_4" AS "source"
    UNION ALL
    SELECT
        "source"."computer_id" AS "product_id",
        "source"."sku" AS "sku"
    FROM "relation_5" AS "source"
    UNION ALL
    SELECT
        "source"."desktop_id" AS "product_id",
        "source"."sku" AS "sku"
    FROM "relation_6" AS "source"
    UNION ALL
    SELECT
        "source"."laptop_id" AS "product_id",
        "source"."sku" AS "sku"
    FROM "relation_7" AS "source"
    UNION ALL
    SELECT
        "source"."tablet_id" AS "product_id",
        "source"."sku" AS "sku"
    FROM "relation_8" AS "source"
    UNION ALL
    SELECT
        "source"."smartwatch_id" AS "product_id",
        "source"."sku" AS "sku"
    FROM "relation_9" AS "source"
    UNION ALL
    SELECT
        "source"."camera_id" AS "product_id",
        "source"."sku" AS "sku"
    FROM "relation_10" AS "source"
    UNION ALL
    SELECT
        "source"."phone_id" AS "product_id",
        "source"."sku" AS "sku"
    FROM "relation_11" AS "source"
    UNION ALL
    SELECT
        "source"."accessory_id" AS "product_id",
        "source"."sku" AS "sku"
    FROM "relation_12" AS "source"
)
SELECT DISTINCT 
    "b0"."sku" AS "sku"
FROM "b0"
WHERE ("b0"."product_id" < 2749696);
                                                                         QUERY PLAN                                                                          
-------------------------------------------------------------------------------------------------------------------------------------------------------------
 Unique  (cost=244625.18..244627.18 rows=200 width=18) (actual rows=2535122 loops=1)
   Buffers: shared hit=20 read=188688, temp read=13464 written=18780
   ->  Sort  (cost=244625.18..244626.18 rows=400 width=18) (actual rows=2535122 loops=1)
         Sort Key: source_2.sku
         Sort Method: external merge  Disk: 54584kB
         Buffers: shared hit=20 read=188688, temp read=13464 written=18780
         ->  Gather  (cost=244565.90..244607.90 rows=400 width=18) (actual rows=2535122 loops=1)
               Workers Planned: 2
               Workers Launched: 0
               Buffers: shared hit=20 read=188688, temp read=6641 written=11955
               ->  HashAggregate  (cost=243565.90..243567.90 rows=200 width=18) (actual rows=2535122 loops=1)
                     Group Key: source_2.sku
                     Batches: 5  Memory Usage: 131137kB  Disk Usage: 56072kB
                     Buffers: shared hit=20 read=188688, temp read=6641 written=11955
                     ->  Parallel Append  (cost=0.42..240919.71 rows=1058474 width=18) (actual rows=2535122 loops=1)
                           Buffers: shared hit=20 read=188688
                           ->  Parallel Index Scan using relation_6_pkey on relation_6 source_2  (cost=0.43..8.31 rows=1 width=18) (actual rows=0 loops=1)
                                 Index Cond: (desktop_id < 2749696)
                                 Buffers: shared hit=3
                           ->  Parallel Index Scan using relation_11_pkey on relation_11 source_7  (cost=0.42..7.01 rows=1 width=18) (actual rows=0 loops=1)
                                 Index Cond: (phone_id < 2749696)
                                 Buffers: shared hit=3
                           ->  Parallel Index Scan using relation_9_pkey on relation_9 source_5  (cost=0.42..8.38 rows=1 width=18) (actual rows=0 loops=1)
                                 Index Cond: (smartwatch_id < 2749696)
                                 Buffers: shared hit=3
                           ->  Parallel Index Scan using relation_10_pkey on relation_10 source_6  (cost=0.42..4.43 rows=1 width=18) (actual rows=0 loops=1)
                                 Index Cond: (camera_id < 2749696)
                                 Buffers: shared hit=3
                           ->  Parallel Index Scan using relation_7_pkey on relation_7 source_3  (cost=0.29..4.31 rows=1 width=18) (actual rows=0 loops=1)
                                 Index Cond: (laptop_id < 2749696)
                                 Buffers: shared hit=2
                           ->  Parallel Index Scan using relation_12_pkey on relation_12 source_8  (cost=0.29..4.31 rows=1 width=18) (actual rows=0 loops=1)
                                 Index Cond: (accessory_id < 2749696)
                                 Buffers: shared hit=2
                           ->  Parallel Index Scan using relation_5_pkey on relation_5 source_1  (cost=0.29..4.31 rows=1 width=18) (actual rows=0 loops=1)
                                 Index Cond: (computer_id < 2749696)
                                 Buffers: shared hit=2
                           ->  Parallel Index Scan using relation_8_pkey on relation_8 source_4  (cost=0.29..4.31 rows=1 width=18) (actual rows=0 loops=1)
                                 Index Cond: (tablet_id < 2749696)
                                 Buffers: shared hit=2
                           ->  Parallel Seq Scan on relation_4 source  (cost=0.00..235581.98 rows=1058466 width=18) (actual rows=2535122 loops=1)
                                 Filter: (electronics_id < 2749696)
                                 Rows Removed by Filter: 6468923
                                 Buffers: shared read=188688
 Planning:
   Buffers: shared read=28
 Planning Time: 0.232 ms
 JIT:
   Functions: 43
   Options: Inlining false, Optimization false, Expressions true, Deforming true
 Execution Time: 7117.366 ms
(51 rows)

-- Q031 [selection_projection] occurrence 1/1
-- Original E/R: SELECT e.base_price FROM Electronics e WHERE e.quantity < 23;
EXPLAIN (ANALYZE, BUFFERS, TIMING OFF, SUMMARY ON, FORMAT TEXT)
WITH
"b0" AS (
    SELECT
        "source"."base_price" AS "base_price",
        "source"."quantity" AS "quantity"
    FROM "relation_4" AS "source"
    UNION ALL
    SELECT
        "source"."base_price" AS "base_price",
        "source"."quantity" AS "quantity"
    FROM "relation_5" AS "source"
    UNION ALL
    SELECT
        "source"."base_price" AS "base_price",
        "source"."quantity" AS "quantity"
    FROM "relation_6" AS "source"
    UNION ALL
    SELECT
        "source"."base_price" AS "base_price",
        "source"."quantity" AS "quantity"
    FROM "relation_7" AS "source"
    UNION ALL
    SELECT
        "source"."base_price" AS "base_price",
        "source"."quantity" AS "quantity"
    FROM "relation_8" AS "source"
    UNION ALL
    SELECT
        "source"."base_price" AS "base_price",
        "source"."quantity" AS "quantity"
    FROM "relation_9" AS "source"
    UNION ALL
    SELECT
        "source"."base_price" AS "base_price",
        "source"."quantity" AS "quantity"
    FROM "relation_10" AS "source"
    UNION ALL
    SELECT
        "source"."base_price" AS "base_price",
        "source"."quantity" AS "quantity"
    FROM "relation_11" AS "source"
    UNION ALL
    SELECT
        "source"."base_price" AS "base_price",
        "source"."quantity" AS "quantity"
    FROM "relation_12" AS "source"
)
SELECT 
    "b0"."base_price" AS "base_price"
FROM "b0"
WHERE ("b0"."quantity" < 23);
                                                   QUERY PLAN                                                   
----------------------------------------------------------------------------------------------------------------
 Append  (cost=0.00..463190.99 rows=6341481 width=4) (actual rows=6360657 loops=1)
   Buffers: shared hit=32 read=272856
   ->  Seq Scan on relation_4 source  (cost=0.00..301233.55 rows=4497689 width=4) (actual rows=4516419 loops=1)
         Filter: (quantity < 23)
         Rows Removed by Filter: 4487626
         Buffers: shared hit=32 read=188656
   ->  Seq Scan on relation_5 source_1  (cost=0.00..3749.88 rows=53481 width=4) (actual rows=53852 loops=1)
         Filter: (quantity < 23)
         Rows Removed by Filter: 53338
         Buffers: shared read=2410
   ->  Seq Scan on relation_6 source_2  (cost=0.00..67945.48 rows=940728 width=4) (actual rows=940479 loops=1)
         Filter: (quantity < 23)
         Rows Removed by Filter: 937299
         Buffers: shared read=44473
   ->  Seq Scan on relation_7 source_3  (cost=0.00..4955.88 rows=69841 width=4) (actual rows=70248 loops=1)
         Filter: (quantity < 23)
         Rows Removed by Filter: 69422
         Buffers: shared read=3210
   ->  Seq Scan on relation_8 source_4  (cost=0.00..3396.00 rows=49937 width=4) (actual rows=50029 loops=1)
         Filter: (quantity < 23)
         Rows Removed by Filter: 49971
         Buffers: shared read=2146
   ->  Seq Scan on relation_9 source_5  (cost=0.00..15941.06 rows=233991 width=4) (actual rows=234840 loops=1)
         Filter: (quantity < 23)
         Rows Removed by Filter: 234605
         Buffers: shared read=10073
   ->  Seq Scan on relation_10 source_6  (cost=0.00..5740.51 rows=85037 width=4) (actual rows=84651 loops=1)
         Filter: (quantity < 23)
         Rows Removed by Filter: 84350
         Buffers: shared read=3628
   ->  Seq Scan on relation_11 source_7  (cost=0.00..23528.01 rows=338366 width=4) (actual rows=337861 loops=1)
         Filter: (quantity < 23)
         Rows Removed by Filter: 338140
         Buffers: shared read=15078
   ->  Seq Scan on relation_12 source_8  (cost=0.00..4993.23 rows=72411 width=4) (actual rows=72278 loops=1)
         Filter: (quantity < 23)
         Rows Removed by Filter: 72620
         Buffers: shared read=3182
 Planning Time: 0.114 ms
 JIT:
   Functions: 36
   Options: Inlining false, Optimization false, Expressions true, Deforming true
 Execution Time: 941.393 ms
(43 rows)

-- Q032 [weak_owner] occurrence 1/1
-- Original E/R: SELECT w.code, o.warehouse_id, o.warehouse_name FROM WarehouseBin w JOIN Warehouse o ON OWNER(w) = REF(o) WHERE w.bin_id >= 4986645;
EXPLAIN (ANALYZE, BUFFERS, TIMING OFF, SUMMARY ON, FORMAT TEXT)
WITH
"b0" AS (
    SELECT
        "source"."bin_id" AS "bin_id",
        "source"."code" AS "code",
        "source"."warehouse_id" AS "__owner_0"
    FROM "relation_42" AS "source"
),
"b1" AS (
    SELECT
        "source"."warehouse_id" AS "warehouse_id",
        "source"."warehouse_name" AS "warehouse_name",
        "source"."warehouse_id" AS "__reference_0"
    FROM "relation_41" AS "source"
)
SELECT 
    "b0"."code" AS "code",
    "b1"."warehouse_id" AS "warehouse_id",
    "b1"."warehouse_name" AS "warehouse_name"
FROM ("b0" INNER JOIN "b1" ON ("b0"."__owner_0" = "b1"."__reference_0"))
WHERE ("b0"."bin_id" >= 4986645);
                                                  QUERY PLAN                                                   
---------------------------------------------------------------------------------------------------------------
 Hash Join  (cost=287.21..2549.19 rows=5729 width=31) (actual rows=5724 loops=1)
   Hash Cond: (source_1.warehouse_id = source.warehouse_id)
   Buffers: shared read=738
   ->  Seq Scan on relation_41 source_1  (cost=0.00..1544.82 rows=87982 width=21) (actual rows=87982 loops=1)
         Buffers: shared read=665
   ->  Hash  (cost=215.60..215.60 rows=5729 width=14) (actual rows=5724 loops=1)
         Buckets: 8192  Batches: 1  Memory Usage: 333kB
         Buffers: shared read=73
         ->  Seq Scan on relation_42 source  (cost=0.00..215.60 rows=5729 width=14) (actual rows=5724 loops=1)
               Filter: (bin_id >= 4986645)
               Rows Removed by Filter: 5684
               Buffers: shared read=73
 Planning:
   Buffers: shared hit=13 read=16
 Planning Time: 41.145 ms
 Execution Time: 10.582 ms
(16 rows)

-- Q033 [selection_projection] occurrence 1/1
-- Original E/R: SELECT e.warehouse_id FROM Warehouse e WHERE e.region <= 'Midwest';
EXPLAIN (ANALYZE, BUFFERS, TIMING OFF, SUMMARY ON, FORMAT TEXT)
WITH
"b0" AS (
    SELECT
        "source"."region" AS "region",
        "source"."warehouse_id" AS "warehouse_id"
    FROM "relation_41" AS "source"
)
SELECT 
    "b0"."warehouse_id" AS "warehouse_id"
FROM "b0"
WHERE ("b0"."region" <= 'Midwest');
                                             QUERY PLAN                                              
-----------------------------------------------------------------------------------------------------
 Seq Scan on relation_41 source  (cost=0.00..1764.78 rows=16957 width=4) (actual rows=16848 loops=1)
   Filter: ((region)::text <= 'Midwest'::text)
   Rows Removed by Filter: 71134
   Buffers: shared hit=665
 Planning:
   Buffers: shared hit=3
 Planning Time: 0.031 ms
 Execution Time: 4.446 ms
(8 rows)

-- Q034 [selection_projection] occurrence 1/1
-- Original E/R: SELECT e.delivery_type FROM DigitalProduct e WHERE e.delivery_type > 'download';
EXPLAIN (ANALYZE, BUFFERS, TIMING OFF, SUMMARY ON, FORMAT TEXT)
WITH
"b0" AS (
    SELECT
        "source"."delivery_type" AS "delivery_type"
    FROM "relation_3" AS "source"
    UNION ALL
    SELECT
        "source"."delivery_type" AS "delivery_type"
    FROM "relation_20" AS "source"
    UNION ALL
    SELECT
        "source"."delivery_type" AS "delivery_type"
    FROM "relation_21" AS "source"
)
SELECT 
    "b0"."delivery_type" AS "delivery_type"
FROM "b0"
WHERE ("b0"."delivery_type" > 'download');
                                                   QUERY PLAN                                                    
-----------------------------------------------------------------------------------------------------------------
 Append  (cost=0.00..41819.46 rows=578195 width=10) (actual rows=579632 loops=1)
   Buffers: shared read=24704
   ->  Seq Scan on relation_3 source  (cost=0.00..2237.86 rows=34102 width=10) (actual rows=33940 loops=1)
         Filter: ((delivery_type)::text > 'download'::text)
         Rows Removed by Filter: 32769
         Buffers: shared read=1404
   ->  Seq Scan on relation_20 source_1  (cost=0.00..36166.12 rows=536399 width=10) (actual rows=537998 loops=1)
         Filter: ((delivery_type)::text > 'download'::text)
         Rows Removed by Filter: 518252
         Buffers: shared read=22963
   ->  Seq Scan on relation_21 source_2  (cost=0.00..524.50 rows=7694 width=10) (actual rows=7694 loops=1)
         Filter: ((delivery_type)::text > 'download'::text)
         Rows Removed by Filter: 7306
         Buffers: shared read=337
 Planning:
   Buffers: shared hit=5 read=4
 Planning Time: 0.064 ms
 Execution Time: 121.636 ms
(18 rows)

-- Q035 [aggregation] occurrence 1/1
-- Original E/R: SELECT e2.base_price, COUNT(DISTINCT REF(e1)) AS related_count FROM bought_together r JOIN Product e1 ON ENDPOINT(r, product_id) = REF(e1) JOIN Product e2 ON ENDPOINT(r, bought_together_product_id) = REF(e2) WHERE e1.quantity < 18 GROUP BY REF(e2), e2.base_price HAVING COUNT(DISTINCT REF(e1)) >= 3;
EXPLAIN (ANALYZE, BUFFERS, TIMING OFF, SUMMARY ON, FORMAT TEXT)
WITH
"b0" AS (
    SELECT
        "source"."bought_together_product_product_id" AS "__endpoint_bought_together_product_id_0",
        "source"."product_id" AS "__endpoint_product_id_0"
    FROM "relation_50" AS "source"
),
"b1" AS (
    SELECT
        "source"."quantity" AS "quantity",
        "source"."product_id" AS "__reference_0"
    FROM "relation_1" AS "source"
    UNION ALL
    SELECT
        "source"."quantity" AS "quantity",
        "source"."physicalproduct_id" AS "__reference_0"
    FROM "relation_2" AS "source"
    UNION ALL
    SELECT
        "source"."quantity" AS "quantity",
        "source"."electronics_id" AS "__reference_0"
    FROM "relation_4" AS "source"
    UNION ALL
    SELECT
        "source"."quantity" AS "quantity",
        "source"."computer_id" AS "__reference_0"
    FROM "relation_5" AS "source"
    UNION ALL
    SELECT
        "source"."quantity" AS "quantity",
        "source"."desktop_id" AS "__reference_0"
    FROM "relation_6" AS "source"
    UNION ALL
    SELECT
        "source"."quantity" AS "quantity",
        "source"."laptop_id" AS "__reference_0"
    FROM "relation_7" AS "source"
    UNION ALL
    SELECT
        "source"."quantity" AS "quantity",
        "source"."tablet_id" AS "__reference_0"
    FROM "relation_8" AS "source"
    UNION ALL
    SELECT
        "source"."quantity" AS "quantity",
        "source"."smartwatch_id" AS "__reference_0"
    FROM "relation_9" AS "source"
    UNION ALL
    SELECT
        "source"."quantity" AS "quantity",
        "source"."camera_id" AS "__reference_0"
    FROM "relation_10" AS "source"
    UNION ALL
    SELECT
        "source"."quantity" AS "quantity",
        "source"."phone_id" AS "__reference_0"
    FROM "relation_11" AS "source"
    UNION ALL
    SELECT
        "source"."quantity" AS "quantity",
        "source"."accessory_id" AS "__reference_0"
    FROM "relation_12" AS "source"
    UNION ALL
    SELECT
        "source"."quantity" AS "quantity",
        "source"."appliance_id" AS "__reference_0"
    FROM "relation_13" AS "source"
    UNION ALL
    SELECT
        "source"."quantity" AS "quantity",
        "source"."kitchenappliance_id" AS "__reference_0"
    FROM "relation_14" AS "source"
    UNION ALL
    SELECT
        "source"."quantity" AS "quantity",
        "source"."apparel_id" AS "__reference_0"
    FROM "relation_15" AS "source"
    UNION ALL
    SELECT
        "source"."quantity" AS "quantity",
        "source"."clothing_id" AS "__reference_0"
    FROM "relation_16" AS "source"
    UNION ALL
    SELECT
        "source"."quantity" AS "quantity",
        "source"."menclothing_id" AS "__reference_0"
    FROM "relation_17" AS "source"
    UNION ALL
    SELECT
        "source"."quantity" AS "quantity",
        "source"."womenclothing_id" AS "__reference_0"
    FROM "relation_18" AS "source"
    UNION ALL
    SELECT
        "source"."quantity" AS "quantity",
        "source"."footwear_id" AS "__reference_0"
    FROM "relation_19" AS "source"
    UNION ALL
    SELECT
        "source"."quantity" AS "quantity",
        "source"."digitalproduct_id" AS "__reference_0"
    FROM "relation_3" AS "source"
    UNION ALL
    SELECT
        "source"."quantity" AS "quantity",
        "source"."media_id" AS "__reference_0"
    FROM "relation_20" AS "source"
    UNION ALL
    SELECT
        "source"."quantity" AS "quantity",
        "source"."software_id" AS "__reference_0"
    FROM "relation_21" AS "source"
),
"b2" AS (
    SELECT
        "source"."base_price" AS "base_price",
        "source"."product_id" AS "__reference_0"
    FROM "relation_1" AS "source"
    UNION ALL
    SELECT
        "source"."base_price" AS "base_price",
        "source"."physicalproduct_id" AS "__reference_0"
    FROM "relation_2" AS "source"
    UNION ALL
    SELECT
        "source"."base_price" AS "base_price",
        "source"."electronics_id" AS "__reference_0"
    FROM "relation_4" AS "source"
    UNION ALL
    SELECT
        "source"."base_price" AS "base_price",
        "source"."computer_id" AS "__reference_0"
    FROM "relation_5" AS "source"
    UNION ALL
    SELECT
        "source"."base_price" AS "base_price",
        "source"."desktop_id" AS "__reference_0"
    FROM "relation_6" AS "source"
    UNION ALL
    SELECT
        "source"."base_price" AS "base_price",
        "source"."laptop_id" AS "__reference_0"
    FROM "relation_7" AS "source"
    UNION ALL
    SELECT
        "source"."base_price" AS "base_price",
        "source"."tablet_id" AS "__reference_0"
    FROM "relation_8" AS "source"
    UNION ALL
    SELECT
        "source"."base_price" AS "base_price",
        "source"."smartwatch_id" AS "__reference_0"
    FROM "relation_9" AS "source"
    UNION ALL
    SELECT
        "source"."base_price" AS "base_price",
        "source"."camera_id" AS "__reference_0"
    FROM "relation_10" AS "source"
    UNION ALL
    SELECT
        "source"."base_price" AS "base_price",
        "source"."phone_id" AS "__reference_0"
    FROM "relation_11" AS "source"
    UNION ALL
    SELECT
        "source"."base_price" AS "base_price",
        "source"."accessory_id" AS "__reference_0"
    FROM "relation_12" AS "source"
    UNION ALL
    SELECT
        "source"."base_price" AS "base_price",
        "source"."appliance_id" AS "__reference_0"
    FROM "relation_13" AS "source"
    UNION ALL
    SELECT
        "source"."base_price" AS "base_price",
        "source"."kitchenappliance_id" AS "__reference_0"
    FROM "relation_14" AS "source"
    UNION ALL
    SELECT
        "source"."base_price" AS "base_price",
        "source"."apparel_id" AS "__reference_0"
    FROM "relation_15" AS "source"
    UNION ALL
    SELECT
        "source"."base_price" AS "base_price",
        "source"."clothing_id" AS "__reference_0"
    FROM "relation_16" AS "source"
    UNION ALL
    SELECT
        "source"."base_price" AS "base_price",
        "source"."menclothing_id" AS "__reference_0"
    FROM "relation_17" AS "source"
    UNION ALL
    SELECT
        "source"."base_price" AS "base_price",
        "source"."womenclothing_id" AS "__reference_0"
    FROM "relation_18" AS "source"
    UNION ALL
    SELECT
        "source"."base_price" AS "base_price",
        "source"."footwear_id" AS "__reference_0"
    FROM "relation_19" AS "source"
    UNION ALL
    SELECT
        "source"."base_price" AS "base_price",
        "source"."digitalproduct_id" AS "__reference_0"
    FROM "relation_3" AS "source"
    UNION ALL
    SELECT
        "source"."base_price" AS "base_price",
        "source"."media_id" AS "__reference_0"
    FROM "relation_20" AS "source"
    UNION ALL
    SELECT
        "source"."base_price" AS "base_price",
        "source"."software_id" AS "__reference_0"
    FROM "relation_21" AS "source"
)
SELECT 
    "b2"."base_price" AS "base_price",
    COUNT(DISTINCT "b1"."__reference_0") AS "related_count"
FROM (("b0" INNER JOIN "b1" ON ("b0"."__endpoint_product_id_0" = "b1"."__reference_0")) INNER JOIN "b2" ON ("b0"."__endpoint_bought_together_product_id_0" = "b2"."__reference_0"))
WHERE ("b1"."quantity" < 18)
GROUP BY
    "b2"."__reference_0",
    "b2"."base_price"
HAVING (COUNT(DISTINCT "b1"."__reference_0") >= 3);
                                                                          QUERY PLAN                                                                           
---------------------------------------------------------------------------------------------------------------------------------------------------------------
 GroupAggregate  (cost=3713245.84..8171550.06 rows=13333 width=16) (actual rows=134795 loops=1)
   Group Key: source_24.electronics_id, source_24.base_price
   Filter: (count(DISTINCT source_3.electronics_id) >= 3)
   Rows Removed by Filter: 5419675
   Buffers: shared hit=1741 read=797961, temp read=165033 written=165082
   ->  Gather Merge  (cost=3713245.84..7901351.90 rows=35959755 width=12) (actual rows=6745750 loops=1)
         Workers Planned: 2
         Workers Launched: 0
         Buffers: shared hit=1741 read=797961, temp read=165033 written=165082
         ->  Sort  (cost=3712245.82..3749703.89 rows=14983231 width=12) (actual rows=6745750 loops=1)
               Sort Key: source_24.electronics_id, source_24.base_price, source_3.electronics_id
               Sort Method: external merge  Disk: 145248kB
               Buffers: shared hit=1741 read=797961, temp read=165033 written=165082
               ->  Parallel Hash Join  (cost=965062.81..1670417.51 rows=14983231 width=12) (actual rows=6745750 loops=1)
                     Hash Cond: (source_24.electronics_id = source.bought_together_product_product_id)
                     Buffers: shared hit=1741 read=797961, temp read=146877 written=146920
                     ->  Parallel Append  (cost=0.00..469696.95 rows=6998530 width=8) (actual rows=16796782 loops=1)
                           Buffers: shared read=363616
                           ->  Parallel Seq Scan on relation_4 source_24  (cost=0.00..226203.18 rows=3751518 width=8) (actual rows=9004045 loops=1)
                                 Buffers: shared read=188688
                           ->  Parallel Seq Scan on relation_6 source_26  (cost=0.00..52297.16 rows=782416 width=8) (actual rows=1877778 loops=1)
                                 Buffers: shared read=44473
                           ->  Parallel Seq Scan on relation_17 source_37  (cost=0.00..45641.97 rows=704197 width=8) (actual rows=1690000 loops=1)
                                 Buffers: shared read=38600
                           ->  Parallel Seq Scan on relation_20 source_41  (cost=0.00..27364.04 rows=440104 width=8) (actual rows=1056250 loops=1)
                                 Buffers: shared read=22963
                           ->  Parallel Seq Scan on relation_11 source_31  (cost=0.00..17894.67 rows=281667 width=8) (actual rows=676001 loops=1)
                                 Buffers: shared read=15078
                           ->  Parallel Seq Scan on relation_9 source_29  (cost=0.00..12029.02 rows=195602 width=8) (actual rows=469445 loops=1)
                                 Buffers: shared read=10073
                           ->  Parallel Seq Scan on relation_15 source_35  (cost=0.00..9201.84 rows=151984 width=8) (actual rows=364762 loops=1)
                                 Buffers: shared read=7682
                           ->  Parallel Seq Scan on relation_16 source_36  (cost=0.00..7768.59 rows=124159 width=8) (actual rows=297982 loops=1)
                                 Buffers: shared read=6527
                           ->  Parallel Seq Scan on relation_14 source_34  (cost=0.00..6762.26 rows=110026 width=8) (actual rows=264063 loops=1)
                                 Buffers: shared read=5662
                           ->  Parallel Seq Scan on relation_10 source_30  (cost=0.00..4332.17 rows=70417 width=8) (actual rows=169001 loops=1)
                                 Buffers: shared read=3628
                           ->  Parallel Seq Scan on relation_7 source_27  (cost=0.00..3791.96 rows=58196 width=8) (actual rows=139670 loops=1)
                                 Buffers: shared read=3210
                           ->  Parallel Seq Scan on relation_12 source_32  (cost=0.00..3785.74 rows=60374 width=8) (actual rows=144898 loops=1)
                                 Buffers: shared read=3182
                           ->  Parallel Seq Scan on relation_18 source_38  (cost=0.00..3365.36 rows=69036 width=8) (actual rows=117362 loops=1)
                                 Buffers: shared read=2675
                           ->  Parallel Seq Scan on relation_5 source_25  (cost=0.00..3040.53 rows=63053 width=8) (actual rows=107190 loops=1)
                                 Buffers: shared read=2410
                           ->  Parallel Seq Scan on relation_8 source_28  (cost=0.00..2734.24 rows=58824 width=8) (actual rows=100000 loops=1)
                                 Buffers: shared read=2146
                           ->  Parallel Seq Scan on relation_2 source_23  (cost=0.00..2262.09 rows=50509 width=8) (actual rows=85865 loops=1)
                                 Buffers: shared read=1757
                           ->  Parallel Seq Scan on relation_3 source_40  (cost=0.00..1796.41 rows=39241 width=8) (actual rows=66709 loops=1)
                                 Buffers: shared read=1404
                           ->  Parallel Seq Scan on relation_13 source_33  (cost=0.00..1612.65 rows=35365 width=8) (actual rows=60120 loops=1)
                                 Buffers: shared read=1259
                           ->  Parallel Seq Scan on relation_1 source_22  (cost=0.00..1599.70 rows=36470 width=8) (actual rows=61999 loops=1)
                                 Buffers: shared read=1235
                           ->  Parallel Seq Scan on relation_19 source_39  (cost=0.00..795.48 rows=16848 width=8) (actual rows=28642 loops=1)
                                 Buffers: shared read=627
                           ->  Parallel Seq Scan on relation_21 source_42  (cost=0.00..425.24 rows=8824 width=8) (actual rows=15000 loops=1)
                                 Buffers: shared read=337
                     ->  Parallel Hash  (cost=834579.33..834579.33 rows=7953239 width=8) (actual rows=6745750 loops=1)
                           Buckets: 4194304  Batches: 8  Memory Usage: 65824kB
                           Buffers: shared hit=1741 read=434345, temp read=69268 written=89484
                           ->  Parallel Hash Join  (cost=252669.77..834579.33 rows=7953239 width=8) (actual rows=6745750 loops=1)
                                 Hash Cond: (source_3.electronics_id = source.product_id)
                                 Buffers: shared hit=1741 read=434345, temp read=69268 written=69296
                                 ->  Parallel Append  (cost=0.00..466946.43 rows=2894011 width=4) (actual rows=6917570 loops=1)
                                       Buffers: shared hit=1741 read=361875
                                       ->  Parallel Seq Scan on relation_4 source_3  (cost=0.00..235581.98 rows=1556909 width=4) (actual rows=3710094 loops=1)
                                             Filter: (quantity < 18)
                                             Rows Removed by Filter: 5293951
                                             Buffers: shared read=188688
                                       ->  Parallel Seq Scan on relation_6 source_5  (cost=0.00..54253.20 rows=321031 width=4) (actual rows=773570 loops=1)
                                             Filter: (quantity < 18)
                                             Rows Removed by Filter: 1104208
                                             Buffers: shared read=44473
                                       ->  Parallel Seq Scan on relation_17 source_16  (cost=0.00..47402.46 rows=292600 width=4) (actual rows=696013 loops=1)
                                             Filter: (quantity < 18)
                                             Rows Removed by Filter: 993987
                                             Buffers: shared read=38600
                                       ->  Parallel Seq Scan on relation_20 source_20  (cost=0.00..28464.30 rows=179918 width=4) (actual rows=434931 loops=1)
                                             Filter: (quantity < 18)
                                             Rows Removed by Filter: 621319
                                             Buffers: shared read=22963
                                       ->  Parallel Seq Scan on relation_11 source_10  (cost=0.00..18598.84 rows=116171 width=4) (actual rows=277263 loops=1)
                                             Filter: (quantity < 18)
                                             Rows Removed by Filter: 398738
                                             Buffers: shared read=15078
                                       ->  Parallel Seq Scan on relation_9 source_8  (cost=0.00..12518.03 rows=79996 width=4) (actual rows=192770 loops=1)
                                             Filter: (quantity < 18)
                                             Rows Removed by Filter: 276675
                                             Buffers: shared read=10073
                                       ->  Parallel Seq Scan on relation_15 source_14  (cost=0.00..9581.80 rows=62720 width=4) (actual rows=150147 loops=1)
                                             Filter: (quantity < 18)
                                             Rows Removed by Filter: 214615
                                             Buffers: shared read=7682
                                       ->  Parallel Seq Scan on relation_16 source_15  (cost=0.00..8078.99 rows=50745 width=4) (actual rows=122841 loops=1)
                                             Filter: (quantity < 18)
                                             Rows Removed by Filter: 175141
                                             Buffers: shared read=6527
                                       ->  Parallel Seq Scan on relation_14 source_13  (cost=0.00..7037.33 rows=45849 width=4) (actual rows=108680 loops=1)
                                             Filter: (quantity < 18)
                                             Rows Removed by Filter: 155383
                                             Buffers: shared read=5662
                                       ->  Parallel Seq Scan on relation_10 source_9  (cost=0.00..4508.21 rows=29198 width=4) (actual rows=69422 loops=1)
                                             Filter: (quantity < 18)
                                             Rows Removed by Filter: 99579
                                             Buffers: shared read=3628
                                       ->  Parallel Seq Scan on relation_7 source_6  (cost=0.00..3937.45 rows=23818 width=4) (actual rows=57490 loops=1)
                                             Filter: (quantity < 18)
                                             Rows Removed by Filter: 82180
                                             Buffers: shared read=3210
                                       ->  Parallel Seq Scan on relation_12 source_11  (cost=0.00..3936.68 rows=24742 width=4) (actual rows=59326 loops=1)
                                             Filter: (quantity < 18)
                                             Rows Removed by Filter: 85572
                                             Buffers: shared read=3182
                                       ->  Parallel Seq Scan on relation_18 source_17  (cost=0.00..3537.96 rows=28430 width=4) (actual rows=48400 loops=1)
                                             Filter: (quantity < 18)
                                             Rows Removed by Filter: 68962
                                             Buffers: shared read=2675
                                       ->  Parallel Seq Scan on relation_5 source_4  (cost=0.00..3198.16 rows=25875 width=4) (actual rows=44252 loops=1)
                                             Filter: (quantity < 18)
                                             Rows Removed by Filter: 62938
                                             Buffers: shared read=2410
                                       ->  Parallel Seq Scan on relation_8 source_7  (cost=0.00..2881.29 rows=24169 width=4) (actual rows=41089 loops=1)
                                             Filter: (quantity < 18)
                                             Rows Removed by Filter: 58911
                                             Buffers: shared read=2146
                                       ->  Parallel Seq Scan on relation_2 source_2  (cost=0.00..2388.36 rows=20814 width=4) (actual rows=35352 loops=1)
                                             Filter: (quantity < 18)
                                             Rows Removed by Filter: 50513
                                             Buffers: shared read=1757
                                       ->  Parallel Seq Scan on relation_3 source_19  (cost=0.00..1894.51 rows=16101 width=4) (actual rows=27327 loops=1)
                                             Filter: (quantity < 18)
                                             Rows Removed by Filter: 39382
                                             Buffers: shared hit=1404
                                       ->  Parallel Seq Scan on relation_13 source_12  (cost=0.00..1701.06 rows=14622 width=4) (actual rows=24809 loops=1)
                                             Filter: (quantity < 18)
                                             Rows Removed by Filter: 35311
                                             Buffers: shared read=1259
                                       ->  Parallel Seq Scan on relation_1 source_1  (cost=0.00..1690.88 rows=15110 width=4) (actual rows=25745 loops=1)
                                             Filter: (quantity < 18)
                                             Rows Removed by Filter: 36254
                                             Buffers: shared read=1235
                                       ->  Parallel Seq Scan on relation_19 source_18  (cost=0.00..837.60 rows=6945 width=4) (actual rows=11807 loops=1)
                                             Filter: (quantity < 18)
                                             Rows Removed by Filter: 16835
                                             Buffers: shared read=627
                                       ->  Parallel Seq Scan on relation_21 source_21  (cost=0.00..447.29 rows=3672 width=4) (actual rows=6242 loops=1)
                                             Filter: (quantity < 18)
                                             Rows Removed by Filter: 8758
                                             Buffers: shared hit=337
                                 ->  Parallel Hash  (cost=140711.23..140711.23 rows=6824123 width=8) (actual rows=16378086 loops=1)
                                       Buckets: 4194304  Batches: 8  Memory Usage: 113024kB
                                       Buffers: shared read=72470, temp written=49008
                                       ->  Parallel Seq Scan on relation_50 source  (cost=0.00..140711.23 rows=6824123 width=8) (actual rows=16378086 loops=1)
                                             Buffers: shared read=72470
 Planning Time: 0.550 ms
 JIT:
   Functions: 143
   Options: Inlining true, Optimization true, Expressions true, Deforming true
 Execution Time: 13370.070 ms
(162 rows)

-- Q036 [selection_projection] occurrence 1/1
-- Original E/R: SELECT e.product_name FROM Apparel e WHERE e.sku < 'SKU-PpUx-53765904';
EXPLAIN (ANALYZE, BUFFERS, TIMING OFF, SUMMARY ON, FORMAT TEXT)
WITH
"b0" AS (
    SELECT
        "source"."product_name" AS "product_name",
        "source"."sku" AS "sku"
    FROM "relation_15" AS "source"
    UNION ALL
    SELECT
        "source"."product_name" AS "product_name",
        "source"."sku" AS "sku"
    FROM "relation_16" AS "source"
    UNION ALL
    SELECT
        "source"."product_name" AS "product_name",
        "source"."sku" AS "sku"
    FROM "relation_17" AS "source"
    UNION ALL
    SELECT
        "source"."product_name" AS "product_name",
        "source"."sku" AS "sku"
    FROM "relation_18" AS "source"
    UNION ALL
    SELECT
        "source"."product_name" AS "product_name",
        "source"."sku" AS "sku"
    FROM "relation_19" AS "source"
)
SELECT 
    "b0"."product_name" AS "product_name"
FROM "b0"
WHERE ("b0"."sku" < 'SKU-PpUx-53765904');
                                                    QUERY PLAN                                                     
-------------------------------------------------------------------------------------------------------------------
 Append  (cost=0.00..94852.65 rows=1501278 width=34) (actual rows=1500175 loops=1)
   Buffers: shared hit=2771 read=53340
   ->  Seq Scan on relation_15 source  (cost=0.00..12241.53 rows=218856 width=34) (actual rows=218982 loops=1)
         Filter: ((sku)::text < 'SKU-PpUx-53765904'::text)
         Rows Removed by Filter: 145780
         Buffers: shared hit=32 read=7650
   ->  Seq Scan on relation_16 source_1  (cost=0.00..10251.77 rows=180059 width=34) (actual rows=178289 loops=1)
         Filter: ((sku)::text < 'SKU-PpUx-53765904'::text)
         Rows Removed by Filter: 119693
         Buffers: shared hit=32 read=6495
   ->  Seq Scan on relation_17 source_2  (cost=0.00..59725.91 rows=1014043 width=34) (actual rows=1014906 loops=1)
         Filter: ((sku)::text < 'SKU-PpUx-53765904'::text)
         Rows Removed by Filter: 675094
         Buffers: shared hit=32 read=38568
   ->  Seq Scan on relation_18 source_3  (cost=0.00..4142.02 rows=70991 width=34) (actual rows=70662 loops=1)
         Filter: ((sku)::text < 'SKU-PpUx-53765904'::text)
         Rows Removed by Filter: 46700
         Buffers: shared hit=2675
   ->  Seq Scan on relation_19 source_4  (cost=0.00..985.03 rows=17329 width=34) (actual rows=17336 loops=1)
         Filter: ((sku)::text < 'SKU-PpUx-53765904'::text)
         Rows Removed by Filter: 11306
         Buffers: shared read=627
 Planning Time: 0.111 ms
 Execution Time: 341.536 ms
(24 rows)

-- Q037 [selection_projection] occurrence 1/1
-- Original E/R: SELECT e.status, e.custorder_id FROM CustOrder e WHERE e.status >= 'paid';
EXPLAIN (ANALYZE, BUFFERS, TIMING OFF, SUMMARY ON, FORMAT TEXT)
WITH
"b0" AS (
    SELECT
        "source"."custorder_id" AS "custorder_id",
        "source"."status" AS "status"
    FROM "relation_37" AS "source"
)
SELECT 
    "b0"."status" AS "status",
    "b0"."custorder_id" AS "custorder_id"
FROM "b0"
WHERE ("b0"."status" >= 'paid');
                                              QUERY PLAN                                              
------------------------------------------------------------------------------------------------------
 Seq Scan on relation_37 source  (cost=0.00..1570.25 rows=33605 width=13) (actual rows=33706 loops=1)
   Filter: ((status)::text >= 'paid'::text)
   Rows Removed by Filter: 46554
   Buffers: shared read=567
 Planning Time: 0.039 ms
 Execution Time: 5.591 ms
(6 rows)

-- Q038 [selection_projection] occurrence 1/1
-- Original E/R: SELECT e.product_name, e.sku, e.base_price FROM DigitalProduct e WHERE e.is_active < 1;
EXPLAIN (ANALYZE, BUFFERS, TIMING OFF, SUMMARY ON, FORMAT TEXT)
WITH
"b0" AS (
    SELECT
        "source"."base_price" AS "base_price",
        "source"."is_active" AS "is_active",
        "source"."product_name" AS "product_name",
        "source"."sku" AS "sku"
    FROM "relation_3" AS "source"
    UNION ALL
    SELECT
        "source"."base_price" AS "base_price",
        "source"."is_active" AS "is_active",
        "source"."product_name" AS "product_name",
        "source"."sku" AS "sku"
    FROM "relation_20" AS "source"
    UNION ALL
    SELECT
        "source"."base_price" AS "base_price",
        "source"."is_active" AS "is_active",
        "source"."product_name" AS "product_name",
        "source"."sku" AS "sku"
    FROM "relation_21" AS "source"
)
SELECT 
    "b0"."product_name" AS "product_name",
    "b0"."sku" AS "sku",
    "b0"."base_price" AS "base_price"
FROM "b0"
WHERE ("b0"."is_active" < 1);
                                                   QUERY PLAN                                                    
-----------------------------------------------------------------------------------------------------------------
 Append  (cost=0.00..39767.53 rows=167808 width=56) (actual rows=170191 loops=1)
   Buffers: shared hit=32 read=24672
   ->  Seq Scan on relation_3 source  (cost=0.00..2237.86 rows=10009 width=56) (actual rows=10018 loops=1)
         Filter: (is_active < 1)
         Rows Removed by Filter: 56691
         Buffers: shared read=1404
   ->  Seq Scan on relation_20 source_1  (cost=0.00..36166.12 rows=155515 width=56) (actual rows=157889 loops=1)
         Filter: (is_active < 1)
         Rows Removed by Filter: 898361
         Buffers: shared hit=32 read=22931
   ->  Seq Scan on relation_21 source_2  (cost=0.00..524.50 rows=2284 width=56) (actual rows=2284 loops=1)
         Filter: (is_active < 1)
         Rows Removed by Filter: 12716
         Buffers: shared read=337
 Planning Time: 0.048 ms
 Execution Time: 68.906 ms
(16 rows)

-- Q039 [aggregation] occurrence 1/1
-- Original E/R: SELECT e1.custorder_id, COUNT(DISTINCT REF(e2)) AS related_count FROM order_items r JOIN CustOrder e1 ON ENDPOINT(r, CustOrder) = REF(e1) JOIN Product e2 ON ENDPOINT(r, Product) = REF(e2) WHERE e1.placed_at < '2024-04-12' GROUP BY REF(e1), e1.custorder_id HAVING COUNT(DISTINCT REF(e2)) >= 3;
EXPLAIN (ANALYZE, BUFFERS, TIMING OFF, SUMMARY ON, FORMAT TEXT)
WITH
"b0" AS (
    SELECT
        "source"."custorder_id" AS "__endpoint_custorder_0",
        "source"."product_id" AS "__endpoint_product_0"
    FROM "relation_55" AS "source"
),
"b1" AS (
    SELECT
        "source"."custorder_id" AS "custorder_id",
        "source"."placed_at" AS "placed_at",
        "source"."custorder_id" AS "__reference_0"
    FROM "relation_37" AS "source"
),
"b2" AS (
    SELECT
        "source"."product_id" AS "__reference_0"
    FROM "relation_1" AS "source"
    UNION ALL
    SELECT
        "source"."physicalproduct_id" AS "__reference_0"
    FROM "relation_2" AS "source"
    UNION ALL
    SELECT
        "source"."electronics_id" AS "__reference_0"
    FROM "relation_4" AS "source"
    UNION ALL
    SELECT
        "source"."computer_id" AS "__reference_0"
    FROM "relation_5" AS "source"
    UNION ALL
    SELECT
        "source"."desktop_id" AS "__reference_0"
    FROM "relation_6" AS "source"
    UNION ALL
    SELECT
        "source"."laptop_id" AS "__reference_0"
    FROM "relation_7" AS "source"
    UNION ALL
    SELECT
        "source"."tablet_id" AS "__reference_0"
    FROM "relation_8" AS "source"
    UNION ALL
    SELECT
        "source"."smartwatch_id" AS "__reference_0"
    FROM "relation_9" AS "source"
    UNION ALL
    SELECT
        "source"."camera_id" AS "__reference_0"
    FROM "relation_10" AS "source"
    UNION ALL
    SELECT
        "source"."phone_id" AS "__reference_0"
    FROM "relation_11" AS "source"
    UNION ALL
    SELECT
        "source"."accessory_id" AS "__reference_0"
    FROM "relation_12" AS "source"
    UNION ALL
    SELECT
        "source"."appliance_id" AS "__reference_0"
    FROM "relation_13" AS "source"
    UNION ALL
    SELECT
        "source"."kitchenappliance_id" AS "__reference_0"
    FROM "relation_14" AS "source"
    UNION ALL
    SELECT
        "source"."apparel_id" AS "__reference_0"
    FROM "relation_15" AS "source"
    UNION ALL
    SELECT
        "source"."clothing_id" AS "__reference_0"
    FROM "relation_16" AS "source"
    UNION ALL
    SELECT
        "source"."menclothing_id" AS "__reference_0"
    FROM "relation_17" AS "source"
    UNION ALL
    SELECT
        "source"."womenclothing_id" AS "__reference_0"
    FROM "relation_18" AS "source"
    UNION ALL
    SELECT
        "source"."footwear_id" AS "__reference_0"
    FROM "relation_19" AS "source"
    UNION ALL
    SELECT
        "source"."digitalproduct_id" AS "__reference_0"
    FROM "relation_3" AS "source"
    UNION ALL
    SELECT
        "source"."media_id" AS "__reference_0"
    FROM "relation_20" AS "source"
    UNION ALL
    SELECT
        "source"."software_id" AS "__reference_0"
    FROM "relation_21" AS "source"
)
SELECT 
    "b1"."custorder_id" AS "custorder_id",
    COUNT(DISTINCT "b2"."__reference_0") AS "related_count"
FROM (("b0" INNER JOIN "b1" ON ("b0"."__endpoint_custorder_0" = "b1"."__reference_0")) INNER JOIN "b2" ON ("b0"."__endpoint_product_0" = "b2"."__reference_0"))
WHERE ("b1"."placed_at" < '2024-04-12')
GROUP BY
    "b1"."__reference_0",
    "b1"."custorder_id"
HAVING (COUNT(DISTINCT "b2"."__reference_0") >= 3);
                                                                      QUERY PLAN                                                                       
-------------------------------------------------------------------------------------------------------------------------------------------------------
 GroupAggregate  (cost=1.00..628205.28 rows=13501 width=16) (actual rows=0 loops=1)
   Group Key: source_1.custorder_id
   Filter: (count(DISTINCT source_2.product_id) >= 3)
   Rows Removed by Filter: 34519
   Buffers: shared hit=2679305 read=43699
   ->  Nested Loop  (cost=1.00..585157.00 rows=8508396 width=8) (actual rows=51829 loops=1)
         Buffers: shared hit=2679305 read=43699
         ->  Merge Join  (cost=0.71..6803.97 rows=52367 width=8) (actual rows=51829 loops=1)
               Merge Cond: (source.custorder_id = source_1.custorder_id)
               Buffers: shared hit=168 read=995
               ->  Index Only Scan using relation_55_pkey on relation_55 source  (cost=0.29..3056.78 rows=103766 width=8) (actual rows=103766 loops=1)
                     Heap Fetches: 0
                     Buffers: shared hit=3 read=372
               ->  Index Scan using relation_37_pkey on relation_37 source_1  (cost=0.29..2862.84 rows=40504 width=4) (actual rows=40211 loops=1)
                     Filter: ((placed_at)::text < '2024-04-12'::text)
                     Rows Removed by Filter: 40049
                     Buffers: shared hit=165 read=623
         ->  Append  (cost=0.29..10.83 rows=21 width=4) (actual rows=1 loops=51829)
               Buffers: shared hit=2679137 read=42704
               ->  Index Only Scan using relation_1_pkey on relation_1 source_2  (cost=0.29..0.31 rows=1 width=4) (actual rows=0 loops=51829)
                     Index Cond: (product_id = source.product_id)
                     Heap Fetches: 0
                     Buffers: shared hit=103508 read=151
               ->  Index Only Scan using relation_2_pkey on relation_2 source_3  (cost=0.29..0.32 rows=1 width=4) (actual rows=0 loops=51829)
                     Index Cond: (physicalproduct_id = source.product_id)
                     Heap Fetches: 0
                     Buffers: shared hit=103461 read=198
               ->  Index Only Scan using relation_4_pkey on relation_4 source_4  (cost=0.43..2.10 rows=1 width=4) (actual rows=1 loops=51829)
                     Index Cond: (electronics_id = source.product_id)
                     Heap Fetches: 0
                     Buffers: shared hit=155287 read=23284
               ->  Index Only Scan using relation_5_pkey on relation_5 source_5  (cost=0.29..0.32 rows=1 width=4) (actual rows=0 loops=51829)
                     Index Cond: (computer_id = source.product_id)
                     Heap Fetches: 0
                     Buffers: shared hit=103409 read=250
               ->  Index Only Scan using relation_6_pkey on relation_6 source_6  (cost=0.43..0.77 rows=1 width=4) (actual rows=0 loops=51829)
                     Index Cond: (desktop_id = source.product_id)
                     Heap Fetches: 0
                     Buffers: shared hit=152961 read=4816
               ->  Index Only Scan using relation_7_pkey on relation_7 source_7  (cost=0.29..0.33 rows=1 width=4) (actual rows=0 loops=51829)
                     Index Cond: (laptop_id = source.product_id)
                     Heap Fetches: 0
                     Buffers: shared hit=103352 read=307
               ->  Index Only Scan using relation_8_pkey on relation_8 source_8  (cost=0.29..0.32 rows=1 width=4) (actual rows=0 loops=51829)
                     Index Cond: (tablet_id = source.product_id)
                     Heap Fetches: 0
                     Buffers: shared hit=103421 read=238
               ->  Index Only Scan using relation_9_pkey on relation_9 source_9  (cost=0.42..0.53 rows=1 width=4) (actual rows=0 loops=51829)
                     Index Cond: (smartwatch_id = source.product_id)
                     Heap Fetches: 0
                     Buffers: shared hit=154295 read=1193
               ->  Index Only Scan using relation_10_pkey on relation_10 source_10  (cost=0.42..0.46 rows=1 width=4) (actual rows=0 loops=51829)
                     Index Cond: (camera_id = source.product_id)
                     Heap Fetches: 0
                     Buffers: shared hit=155099 read=389
               ->  Index Only Scan using relation_11_pkey on relation_11 source_11  (cost=0.42..0.55 rows=1 width=4) (actual rows=0 loops=51829)
                     Index Cond: (phone_id = source.product_id)
                     Heap Fetches: 0
                     Buffers: shared hit=153747 read=1741
               ->  Index Only Scan using relation_12_pkey on relation_12 source_12  (cost=0.29..0.33 rows=1 width=4) (actual rows=0 loops=51829)
                     Index Cond: (accessory_id = source.product_id)
                     Heap Fetches: 0
                     Buffers: shared hit=103335 read=324
               ->  Index Only Scan using relation_13_pkey on relation_13 source_13  (cost=0.29..0.32 rows=1 width=4) (actual rows=0 loops=51829)
                     Index Cond: (appliance_id = source.product_id)
                     Heap Fetches: 0
                     Buffers: shared hit=103494 read=165
               ->  Index Only Scan using relation_14_pkey on relation_14 source_14  (cost=0.42..0.48 rows=1 width=4) (actual rows=0 loops=51829)
                     Index Cond: (kitchenappliance_id = source.product_id)
                     Heap Fetches: 0
                     Buffers: shared hit=154922 read=566
               ->  Index Only Scan using relation_15_pkey on relation_15 source_15  (cost=0.42..0.50 rows=1 width=4) (actual rows=0 loops=51829)
                     Index Cond: (apparel_id = source.product_id)
                     Heap Fetches: 0
                     Buffers: shared hit=154567 read=921
               ->  Index Only Scan using relation_16_pkey on relation_16 source_16  (cost=0.42..0.49 rows=1 width=4) (actual rows=0 loops=51829)
                     Index Cond: (clothing_id = source.product_id)
                     Heap Fetches: 0
                     Buffers: shared hit=154713 read=775
               ->  Index Only Scan using relation_17_pkey on relation_17 source_17  (cost=0.43..0.74 rows=1 width=4) (actual rows=0 loops=51829)
                     Index Cond: (menclothing_id = source.product_id)
                     Heap Fetches: 0
                     Buffers: shared hit=152528 read=4300
               ->  Index Only Scan using relation_18_pkey on relation_18 source_18  (cost=0.29..0.32 rows=1 width=4) (actual rows=0 loops=51829)
                     Index Cond: (womenclothing_id = source.product_id)
                     Heap Fetches: 0
                     Buffers: shared hit=103400 read=259
               ->  Index Only Scan using relation_19_pkey on relation_19 source_19  (cost=0.29..0.31 rows=1 width=4) (actual rows=0 loops=51829)
                     Index Cond: (footwear_id = source.product_id)
                     Heap Fetches: 0
                     Buffers: shared hit=103596 read=63
               ->  Index Only Scan using relation_3_pkey on relation_3 source_20  (cost=0.29..0.32 rows=1 width=4) (actual rows=0 loops=51829)
                     Index Cond: (digitalproduct_id = source.product_id)
                     Heap Fetches: 0
                     Buffers: shared hit=103520 read=139
               ->  Index Only Scan using relation_20_pkey on relation_20 source_21  (cost=0.43..0.61 rows=1 width=4) (actual rows=0 loops=51829)
                     Index Cond: (media_id = source.product_id)
                     Heap Fetches: 0
                     Buffers: shared hit=152901 read=2587
               ->  Index Only Scan using relation_21_pkey on relation_21 source_22  (cost=0.29..0.30 rows=1 width=4) (actual rows=0 loops=51829)
                     Index Cond: (software_id = source.product_id)
                     Heap Fetches: 0
                     Buffers: shared hit=103621 read=38
 Planning:
   Buffers: shared hit=4 read=8
 Planning Time: 0.367 ms
 JIT:
   Functions: 54
   Options: Inlining true, Optimization true, Expressions true, Deforming true
 Execution Time: 882.920 ms
(110 rows)

-- Q040 [weak_owner] occurrence 1/1
-- Original E/R: SELECT w.payment_method_id, o.password_hash FROM PaymentMethod w JOIN Customer o ON OWNER(w) = REF(o) WHERE w.exp_month > 10;
EXPLAIN (ANALYZE, BUFFERS, TIMING OFF, SUMMARY ON, FORMAT TEXT)
WITH
"b0" AS (
    SELECT
        "source"."exp_month" AS "exp_month",
        "source"."payment_method_id" AS "payment_method_id",
        "source"."customer_id" AS "__owner_0"
    FROM "relation_32" AS "source"
),
"b1" AS (
    SELECT
        "source"."password_hash" AS "password_hash",
        "source"."customer_id" AS "__reference_0"
    FROM "relation_23" AS "source"
    UNION ALL
    SELECT
        "source"."password_hash" AS "password_hash",
        "source"."primecustomer_id" AS "__reference_0"
    FROM "relation_24" AS "source"
    UNION ALL
    SELECT
        "source"."password_hash" AS "password_hash",
        "source"."businesscustomer_id" AS "__reference_0"
    FROM "relation_25" AS "source"
)
SELECT 
    "b0"."payment_method_id" AS "payment_method_id",
    "b1"."password_hash" AS "password_hash"
FROM ("b0" INNER JOIN "b1" ON ("b0"."__owner_0" = "b1"."__reference_0"))
WHERE ("b0"."exp_month" > 10);
                                                      QUERY PLAN                                                       
-----------------------------------------------------------------------------------------------------------------------
 Hash Join  (cost=3185.36..57876.64 rows=199681 width=69) (actual rows=23298 loops=1)
   Hash Cond: (source_1.customer_id = source.customer_id)
   Buffers: shared read=34407
   ->  Append  (cost=0.00..48805.78 rows=1036985 width=69) (actual rows=1036985 loops=1)
         Buffers: shared read=33251
         ->  Seq Scan on relation_23 source_1  (cost=0.00..1457.85 rows=36985 width=69) (actual rows=36985 loops=1)
               Buffers: shared read=1088
         ->  Seq Scan on relation_24 source_2  (cost=0.00..4713.00 rows=100000 width=69) (actual rows=100000 loops=1)
               Buffers: shared read=3713
         ->  Seq Scan on relation_25 source_3  (cost=0.00..37450.00 rows=900000 width=69) (actual rows=900000 loops=1)
               Buffers: shared read=28450
   ->  Hash  (cost=2889.71..2889.71 rows=23652 width=8) (actual rows=23298 loops=1)
         Buckets: 32768  Batches: 1  Memory Usage: 1167kB
         Buffers: shared read=1156
         ->  Seq Scan on relation_32 source  (cost=0.00..2889.71 rows=23652 width=8) (actual rows=23298 loops=1)
               Filter: (exp_month > 10)
               Rows Removed by Filter: 115399
               Buffers: shared read=1156
 Planning:
   Buffers: shared read=3
 Planning Time: 0.123 ms
 Execution Time: 131.673 ms
(22 rows)

-- Q041 [selection_projection] occurrence 1/1
-- Original E/R: SELECT e.loyalty_tier, e.company_name, e.password_hash, e.user_id FROM BusinessCustomer e WHERE e.password_hash >= 'b48c2613361ebf036b633a98d1a425fe0973362b038e19b9fb3c62a3be45a7c4';
EXPLAIN (ANALYZE, BUFFERS, TIMING OFF, SUMMARY ON, FORMAT TEXT)
WITH
"b0" AS (
    SELECT
        "source"."company_name" AS "company_name",
        "source"."loyalty_tier" AS "loyalty_tier",
        "source"."password_hash" AS "password_hash",
        "source"."businesscustomer_id" AS "user_id"
    FROM "relation_25" AS "source"
)
SELECT 
    "b0"."loyalty_tier" AS "loyalty_tier",
    "b0"."company_name" AS "company_name",
    "b0"."password_hash" AS "password_hash",
    "b0"."user_id" AS "user_id"
FROM "b0"
WHERE ("b0"."password_hash" >= 'b48c2613361ebf036b633a98d1a425fe0973362b038e19b9fb3c62a3be45a7c4');
                                                  QUERY PLAN                                                   
---------------------------------------------------------------------------------------------------------------
 Seq Scan on relation_25 source  (cost=0.00..39700.00 rows=265420 width=92) (actual rows=265556 loops=1)
   Filter: ((password_hash)::text >= 'b48c2613361ebf036b633a98d1a425fe0973362b038e19b9fb3c62a3be45a7c4'::text)
   Rows Removed by Filter: 634444
   Buffers: shared hit=32 read=28418
 Planning:
   Buffers: shared hit=4 read=4
 Planning Time: 0.084 ms
 Execution Time: 90.919 ms
(8 rows)

-- Q042 [weak_owner] occurrence 1/1
-- Original E/R: SELECT w.rating, w.title, o.loyalty_tier, o.password_hash FROM Review w JOIN Customer o ON OWNER(w) = REF(o) WHERE o.loyalty_tier <= 'bronze';
EXPLAIN (ANALYZE, BUFFERS, TIMING OFF, SUMMARY ON, FORMAT TEXT)
WITH
"b0" AS (
    SELECT
        "source"."rating" AS "rating",
        "source"."title" AS "title",
        "source"."customer_id" AS "__owner_0"
    FROM "relation_35" AS "source"
),
"b1" AS (
    SELECT
        "source"."loyalty_tier" AS "loyalty_tier",
        "source"."password_hash" AS "password_hash",
        "source"."customer_id" AS "__reference_0"
    FROM "relation_23" AS "source"
    UNION ALL
    SELECT
        "source"."loyalty_tier" AS "loyalty_tier",
        "source"."password_hash" AS "password_hash",
        "source"."primecustomer_id" AS "__reference_0"
    FROM "relation_24" AS "source"
    UNION ALL
    SELECT
        "source"."loyalty_tier" AS "loyalty_tier",
        "source"."password_hash" AS "password_hash",
        "source"."businesscustomer_id" AS "__reference_0"
    FROM "relation_25" AS "source"
)
SELECT 
    "b0"."rating" AS "rating",
    "b0"."title" AS "title",
    "b1"."loyalty_tier" AS "loyalty_tier",
    "b1"."password_hash" AS "password_hash"
FROM ("b0" INNER JOIN "b1" ON ("b0"."__owner_0" = "b1"."__reference_0"))
WHERE ("b1"."loyalty_tier" <= 'bronze');
                                                      QUERY PLAN                                                       
-----------------------------------------------------------------------------------------------------------------------
 Hash Join  (cost=1266.69..58183.16 rows=506820 width=112) (actual rows=12176 loops=1)
   Hash Cond: (source_1.customer_id = source.customer_id)
   Buffers: shared hit=4865 read=29084
   ->  Append  (cost=0.00..48717.74 rows=500885 width=75) (actual rows=499250 loops=1)
         Buffers: shared hit=4865 read=28386
         ->  Seq Scan on relation_23 source_1  (cost=0.00..1550.31 rows=17785 width=75) (actual rows=17781 loops=1)
               Filter: ((loyalty_tier)::text <= 'bronze'::text)
               Rows Removed by Filter: 19204
               Buffers: shared hit=1088
         ->  Seq Scan on relation_24 source_2  (cost=0.00..4963.00 rows=48130 width=75) (actual rows=47992 loops=1)
               Filter: ((loyalty_tier)::text <= 'bronze'::text)
               Rows Removed by Filter: 52008
               Buffers: shared hit=3713
         ->  Seq Scan on relation_25 source_3  (cost=0.00..39700.00 rows=434970 width=75) (actual rows=433477 loops=1)
               Filter: ((loyalty_tier)::text <= 'bronze'::text)
               Rows Removed by Filter: 466523
               Buffers: shared hit=64 read=28386
   ->  Hash  (cost=950.75..950.75 rows=25275 width=45) (actual rows=25275 loops=1)
         Buckets: 32768  Batches: 1  Memory Usage: 2196kB
         Buffers: shared read=698
         ->  Seq Scan on relation_35 source  (cost=0.00..950.75 rows=25275 width=45) (actual rows=25275 loops=1)
               Buffers: shared read=698
 Planning:
   Buffers: shared hit=5 read=3
 Planning Time: 0.173 ms
 Execution Time: 134.802 ms
(26 rows)

-- Q043 [complex_multi_join] occurrence 1/1
-- Original E/R: SELECT e1.product_id, e2.product_name, e3.base_price FROM bought_together r1 JOIN Product e1 ON ENDPOINT(r1, bought_together_product_id) = REF(e1) JOIN Product e2 ON ENDPOINT(r1, product_id) = REF(e2) JOIN bundle_components r2 ON ENDPOINT(r2, product_id) = REF(e2) JOIN Product e3 ON ENDPOINT(r2, bundle_product_id) = REF(e3) WHERE e3.product_name <= 'Front-line client-driven middleware';
EXPLAIN (ANALYZE, BUFFERS, TIMING OFF, SUMMARY ON, FORMAT TEXT)
WITH
"b0" AS (
    SELECT
        "source"."bought_together_product_product_id" AS "__endpoint_bought_together_product_id_0",
        "source"."product_id" AS "__endpoint_product_id_0"
    FROM "relation_50" AS "source"
),
"b1" AS (
    SELECT
        "source"."product_id" AS "product_id",
        "source"."product_id" AS "__reference_0"
    FROM "relation_1" AS "source"
    UNION ALL
    SELECT
        "source"."physicalproduct_id" AS "product_id",
        "source"."physicalproduct_id" AS "__reference_0"
    FROM "relation_2" AS "source"
    UNION ALL
    SELECT
        "source"."electronics_id" AS "product_id",
        "source"."electronics_id" AS "__reference_0"
    FROM "relation_4" AS "source"
    UNION ALL
    SELECT
        "source"."computer_id" AS "product_id",
        "source"."computer_id" AS "__reference_0"
    FROM "relation_5" AS "source"
    UNION ALL
    SELECT
        "source"."desktop_id" AS "product_id",
        "source"."desktop_id" AS "__reference_0"
    FROM "relation_6" AS "source"
    UNION ALL
    SELECT
        "source"."laptop_id" AS "product_id",
        "source"."laptop_id" AS "__reference_0"
    FROM "relation_7" AS "source"
    UNION ALL
    SELECT
        "source"."tablet_id" AS "product_id",
        "source"."tablet_id" AS "__reference_0"
    FROM "relation_8" AS "source"
    UNION ALL
    SELECT
        "source"."smartwatch_id" AS "product_id",
        "source"."smartwatch_id" AS "__reference_0"
    FROM "relation_9" AS "source"
    UNION ALL
    SELECT
        "source"."camera_id" AS "product_id",
        "source"."camera_id" AS "__reference_0"
    FROM "relation_10" AS "source"
    UNION ALL
    SELECT
        "source"."phone_id" AS "product_id",
        "source"."phone_id" AS "__reference_0"
    FROM "relation_11" AS "source"
    UNION ALL
    SELECT
        "source"."accessory_id" AS "product_id",
        "source"."accessory_id" AS "__reference_0"
    FROM "relation_12" AS "source"
    UNION ALL
    SELECT
        "source"."appliance_id" AS "product_id",
        "source"."appliance_id" AS "__reference_0"
    FROM "relation_13" AS "source"
    UNION ALL
    SELECT
        "source"."kitchenappliance_id" AS "product_id",
        "source"."kitchenappliance_id" AS "__reference_0"
    FROM "relation_14" AS "source"
    UNION ALL
    SELECT
        "source"."apparel_id" AS "product_id",
        "source"."apparel_id" AS "__reference_0"
    FROM "relation_15" AS "source"
    UNION ALL
    SELECT
        "source"."clothing_id" AS "product_id",
        "source"."clothing_id" AS "__reference_0"
    FROM "relation_16" AS "source"
    UNION ALL
    SELECT
        "source"."menclothing_id" AS "product_id",
        "source"."menclothing_id" AS "__reference_0"
    FROM "relation_17" AS "source"
    UNION ALL
    SELECT
        "source"."womenclothing_id" AS "product_id",
        "source"."womenclothing_id" AS "__reference_0"
    FROM "relation_18" AS "source"
    UNION ALL
    SELECT
        "source"."footwear_id" AS "product_id",
        "source"."footwear_id" AS "__reference_0"
    FROM "relation_19" AS "source"
    UNION ALL
    SELECT
        "source"."digitalproduct_id" AS "product_id",
        "source"."digitalproduct_id" AS "__reference_0"
    FROM "relation_3" AS "source"
    UNION ALL
    SELECT
        "source"."media_id" AS "product_id",
        "source"."media_id" AS "__reference_0"
    FROM "relation_20" AS "source"
    UNION ALL
    SELECT
        "source"."software_id" AS "product_id",
        "source"."software_id" AS "__reference_0"
    FROM "relation_21" AS "source"
),
"b2" AS (
    SELECT
        "source"."product_name" AS "product_name",
        "source"."product_id" AS "__reference_0"
    FROM "relation_1" AS "source"
    UNION ALL
    SELECT
        "source"."product_name" AS "product_name",
        "source"."physicalproduct_id" AS "__reference_0"
    FROM "relation_2" AS "source"
    UNION ALL
    SELECT
        "source"."product_name" AS "product_name",
        "source"."electronics_id" AS "__reference_0"
    FROM "relation_4" AS "source"
    UNION ALL
    SELECT
        "source"."product_name" AS "product_name",
        "source"."computer_id" AS "__reference_0"
    FROM "relation_5" AS "source"
    UNION ALL
    SELECT
        "source"."product_name" AS "product_name",
        "source"."desktop_id" AS "__reference_0"
    FROM "relation_6" AS "source"
    UNION ALL
    SELECT
        "source"."product_name" AS "product_name",
        "source"."laptop_id" AS "__reference_0"
    FROM "relation_7" AS "source"
    UNION ALL
    SELECT
        "source"."product_name" AS "product_name",
        "source"."tablet_id" AS "__reference_0"
    FROM "relation_8" AS "source"
    UNION ALL
    SELECT
        "source"."product_name" AS "product_name",
        "source"."smartwatch_id" AS "__reference_0"
    FROM "relation_9" AS "source"
    UNION ALL
    SELECT
        "source"."product_name" AS "product_name",
        "source"."camera_id" AS "__reference_0"
    FROM "relation_10" AS "source"
    UNION ALL
    SELECT
        "source"."product_name" AS "product_name",
        "source"."phone_id" AS "__reference_0"
    FROM "relation_11" AS "source"
    UNION ALL
    SELECT
        "source"."product_name" AS "product_name",
        "source"."accessory_id" AS "__reference_0"
    FROM "relation_12" AS "source"
    UNION ALL
    SELECT
        "source"."product_name" AS "product_name",
        "source"."appliance_id" AS "__reference_0"
    FROM "relation_13" AS "source"
    UNION ALL
    SELECT
        "source"."product_name" AS "product_name",
        "source"."kitchenappliance_id" AS "__reference_0"
    FROM "relation_14" AS "source"
    UNION ALL
    SELECT
        "source"."product_name" AS "product_name",
        "source"."apparel_id" AS "__reference_0"
    FROM "relation_15" AS "source"
    UNION ALL
    SELECT
        "source"."product_name" AS "product_name",
        "source"."clothing_id" AS "__reference_0"
    FROM "relation_16" AS "source"
    UNION ALL
    SELECT
        "source"."product_name" AS "product_name",
        "source"."menclothing_id" AS "__reference_0"
    FROM "relation_17" AS "source"
    UNION ALL
    SELECT
        "source"."product_name" AS "product_name",
        "source"."womenclothing_id" AS "__reference_0"
    FROM "relation_18" AS "source"
    UNION ALL
    SELECT
        "source"."product_name" AS "product_name",
        "source"."footwear_id" AS "__reference_0"
    FROM "relation_19" AS "source"
    UNION ALL
    SELECT
        "source"."product_name" AS "product_name",
        "source"."digitalproduct_id" AS "__reference_0"
    FROM "relation_3" AS "source"
    UNION ALL
    SELECT
        "source"."product_name" AS "product_name",
        "source"."media_id" AS "__reference_0"
    FROM "relation_20" AS "source"
    UNION ALL
    SELECT
        "source"."product_name" AS "product_name",
        "source"."software_id" AS "__reference_0"
    FROM "relation_21" AS "source"
),
"b3" AS (
    SELECT
        "source"."bundle_product_product_id" AS "__endpoint_bundle_product_id_0",
        "source"."product_id" AS "__endpoint_product_id_0"
    FROM "relation_49" AS "source"
),
"b4" AS (
    SELECT
        "source"."base_price" AS "base_price",
        "source"."product_name" AS "product_name",
        "source"."product_id" AS "__reference_0"
    FROM "relation_1" AS "source"
    UNION ALL
    SELECT
        "source"."base_price" AS "base_price",
        "source"."product_name" AS "product_name",
        "source"."physicalproduct_id" AS "__reference_0"
    FROM "relation_2" AS "source"
    UNION ALL
    SELECT
        "source"."base_price" AS "base_price",
        "source"."product_name" AS "product_name",
        "source"."electronics_id" AS "__reference_0"
    FROM "relation_4" AS "source"
    UNION ALL
    SELECT
        "source"."base_price" AS "base_price",
        "source"."product_name" AS "product_name",
        "source"."computer_id" AS "__reference_0"
    FROM "relation_5" AS "source"
    UNION ALL
    SELECT
        "source"."base_price" AS "base_price",
        "source"."product_name" AS "product_name",
        "source"."desktop_id" AS "__reference_0"
    FROM "relation_6" AS "source"
    UNION ALL
    SELECT
        "source"."base_price" AS "base_price",
        "source"."product_name" AS "product_name",
        "source"."laptop_id" AS "__reference_0"
    FROM "relation_7" AS "source"
    UNION ALL
    SELECT
        "source"."base_price" AS "base_price",
        "source"."product_name" AS "product_name",
        "source"."tablet_id" AS "__reference_0"
    FROM "relation_8" AS "source"
    UNION ALL
    SELECT
        "source"."base_price" AS "base_price",
        "source"."product_name" AS "product_name",
        "source"."smartwatch_id" AS "__reference_0"
    FROM "relation_9" AS "source"
    UNION ALL
    SELECT
        "source"."base_price" AS "base_price",
        "source"."product_name" AS "product_name",
        "source"."camera_id" AS "__reference_0"
    FROM "relation_10" AS "source"
    UNION ALL
    SELECT
        "source"."base_price" AS "base_price",
        "source"."product_name" AS "product_name",
        "source"."phone_id" AS "__reference_0"
    FROM "relation_11" AS "source"
    UNION ALL
    SELECT
        "source"."base_price" AS "base_price",
        "source"."product_name" AS "product_name",
        "source"."accessory_id" AS "__reference_0"
    FROM "relation_12" AS "source"
    UNION ALL
    SELECT
        "source"."base_price" AS "base_price",
        "source"."product_name" AS "product_name",
        "source"."appliance_id" AS "__reference_0"
    FROM "relation_13" AS "source"
    UNION ALL
    SELECT
        "source"."base_price" AS "base_price",
        "source"."product_name" AS "product_name",
        "source"."kitchenappliance_id" AS "__reference_0"
    FROM "relation_14" AS "source"
    UNION ALL
    SELECT
        "source"."base_price" AS "base_price",
        "source"."product_name" AS "product_name",
        "source"."apparel_id" AS "__reference_0"
    FROM "relation_15" AS "source"
    UNION ALL
    SELECT
        "source"."base_price" AS "base_price",
        "source"."product_name" AS "product_name",
        "source"."clothing_id" AS "__reference_0"
    FROM "relation_16" AS "source"
    UNION ALL
    SELECT
        "source"."base_price" AS "base_price",
        "source"."product_name" AS "product_name",
        "source"."menclothing_id" AS "__reference_0"
    FROM "relation_17" AS "source"
    UNION ALL
    SELECT
        "source"."base_price" AS "base_price",
        "source"."product_name" AS "product_name",
        "source"."womenclothing_id" AS "__reference_0"
    FROM "relation_18" AS "source"
    UNION ALL
    SELECT
        "source"."base_price" AS "base_price",
        "source"."product_name" AS "product_name",
        "source"."footwear_id" AS "__reference_0"
    FROM "relation_19" AS "source"
    UNION ALL
    SELECT
        "source"."base_price" AS "base_price",
        "source"."product_name" AS "product_name",
        "source"."digitalproduct_id" AS "__reference_0"
    FROM "relation_3" AS "source"
    UNION ALL
    SELECT
        "source"."base_price" AS "base_price",
        "source"."product_name" AS "product_name",
        "source"."media_id" AS "__reference_0"
    FROM "relation_20" AS "source"
    UNION ALL
    SELECT
        "source"."base_price" AS "base_price",
        "source"."product_name" AS "product_name",
        "source"."software_id" AS "__reference_0"
    FROM "relation_21" AS "source"
)
SELECT 
    "b1"."product_id" AS "product_id",
    "b2"."product_name" AS "product_name",
    "b4"."base_price" AS "base_price"
FROM (((("b0" INNER JOIN "b1" ON ("b0"."__endpoint_bought_together_product_id_0" = "b1"."__reference_0")) INNER JOIN "b2" ON ("b0"."__endpoint_product_id_0" = "b2"."__reference_0")) INNER JOIN "b3" ON ("b3"."__endpoint_product_id_0" = "b2"."__reference_0")) INNER JOIN "b4" ON ("b3"."__endpoint_bundle_product_id_0" = "b4"."__reference_0"))
WHERE ("b4"."product_name" <= 'Front-line client-driven middleware');
                                                                            QUERY PLAN                                                                             
-------------------------------------------------------------------------------------------------------------------------------------------------------------------
 Hash Join  (cost=4056900.72..6701640.38 rows=89740643 width=42) (actual rows=989709 loops=1)
   Hash Cond: (source_22.product_id = source.product_id)
   Buffers: shared hit=81 read=1086610, temp read=236250 written=236250
   ->  Append  (cost=0.00..615563.11 rows=16796474 width=38) (actual rows=16796782 loops=1)
         Buffers: shared read=363616
         ->  Seq Scan on relation_1 source_22  (cost=0.00..1854.99 rows=61999 width=38) (actual rows=61999 loops=1)
               Buffers: shared read=1235
         ->  Seq Scan on relation_2 source_23  (cost=0.00..2615.65 rows=85865 width=38) (actual rows=85865 loops=1)
               Buffers: shared read=1757
         ->  Seq Scan on relation_4 source_24  (cost=0.00..278724.44 rows=9003644 width=38) (actual rows=9004045 loops=1)
               Buffers: shared read=188688
         ->  Seq Scan on relation_5 source_25  (cost=0.00..3481.90 rows=107190 width=38) (actual rows=107190 loops=1)
               Buffers: shared read=2410
         ->  Seq Scan on relation_6 source_26  (cost=0.00..63250.98 rows=1877798 width=38) (actual rows=1877778 loops=1)
               Buffers: shared read=44473
         ->  Seq Scan on relation_7 source_27  (cost=0.00..4606.70 rows=139670 width=38) (actual rows=139670 loops=1)
               Buffers: shared read=3210
         ->  Seq Scan on relation_8 source_28  (cost=0.00..3146.00 rows=100000 width=38) (actual rows=100000 loops=1)
               Buffers: shared read=2146
         ->  Seq Scan on relation_9 source_29  (cost=0.00..14767.45 rows=469445 width=38) (actual rows=469445 loops=1)
               Buffers: shared read=10073
         ->  Seq Scan on relation_10 source_30  (cost=0.00..5318.01 rows=169001 width=38) (actual rows=169001 loops=1)
               Buffers: shared read=3628
         ->  Seq Scan on relation_11 source_31  (cost=0.00..21838.01 rows=676001 width=38) (actual rows=676001 loops=1)
               Buffers: shared read=15078
         ->  Seq Scan on relation_12 source_32  (cost=0.00..4630.98 rows=144898 width=38) (actual rows=144898 loops=1)
               Buffers: shared read=3182
         ->  Seq Scan on relation_13 source_33  (cost=0.00..1860.20 rows=60120 width=38) (actual rows=60120 loops=1)
               Buffers: shared read=1259
         ->  Seq Scan on relation_14 source_34  (cost=0.00..8302.63 rows=264063 width=38) (actual rows=264063 loops=1)
               Buffers: shared read=5662
         ->  Seq Scan on relation_15 source_35  (cost=0.00..11329.62 rows=364762 width=38) (actual rows=364762 loops=1)
               Buffers: shared read=7682
         ->  Seq Scan on relation_16 source_36  (cost=0.00..9506.82 rows=297982 width=38) (actual rows=297982 loops=1)
               Buffers: shared read=6527
         ->  Seq Scan on relation_17 source_37  (cost=0.00..55500.73 rows=1690073 width=38) (actual rows=1690000 loops=1)
               Buffers: shared read=38600
         ->  Seq Scan on relation_18 source_38  (cost=0.00..3848.62 rows=117362 width=38) (actual rows=117362 loops=1)
               Buffers: shared read=2675
         ->  Seq Scan on relation_19 source_39  (cost=0.00..913.42 rows=28642 width=38) (actual rows=28642 loops=1)
               Buffers: shared read=627
         ->  Seq Scan on relation_3 source_40  (cost=0.00..2071.09 rows=66709 width=38) (actual rows=66709 loops=1)
               Buffers: shared read=1404
         ->  Seq Scan on relation_20 source_41  (cost=0.00..33525.50 rows=1056250 width=38) (actual rows=1056250 loops=1)
               Buffers: shared read=22963
         ->  Seq Scan on relation_21 source_42  (cost=0.00..487.00 rows=15000 width=38) (actual rows=15000 loops=1)
               Buffers: shared read=337
   ->  Hash  (cost=3503415.62..3503415.62 rows=31840888 width=16) (actual rows=989709 loops=1)
         Buckets: 4194304  Batches: 16  Memory Usage: 35689kB
         Buffers: shared hit=81 read=722994, temp read=116884 written=120953
         ->  Hash Join  (cost=1965722.37..3503415.62 rows=31840888 width=16) (actual rows=989709 loops=1)
               Hash Cond: (source_1.product_id = source.bought_together_product_product_id)
               Buffers: shared hit=81 read=722994, temp read=116884 written=116884
               ->  Append  (cost=0.29..606617.39 rows=16796474 width=8) (actual rows=16796782 loops=1)
                     Buffers: shared hit=80 read=272044
                     ->  Index Only Scan using relation_1_pkey on relation_1 source_1  (cost=0.29..1618.28 rows=61999 width=8) (actual rows=61999 loops=1)
                           Heap Fetches: 0
                           Buffers: shared hit=3 read=169
                     ->  Index Only Scan using relation_2_pkey on relation_2 source_2  (cost=0.29..2236.27 rows=85865 width=8) (actual rows=85865 loops=1)
                           Heap Fetches: 0
                           Buffers: shared hit=3 read=234
                     ->  Seq Scan on relation_4 source_3  (cost=0.00..278724.44 rows=9003644 width=8) (actual rows=9004045 loops=1)
                           Buffers: shared read=188688
                     ->  Index Only Scan using relation_5_pkey on relation_5 source_4  (cost=0.29..2788.14 rows=107190 width=8) (actual rows=107190 loops=1)
                           Heap Fetches: 0
                           Buffers: shared hit=3 read=292
                     ->  Index Only Scan using relation_6_pkey on relation_6 source_5  (cost=0.43..61411.40 rows=1877798 width=8) (actual rows=1877778 loops=1)
                           Heap Fetches: 0
                           Buffers: shared hit=42 read=8274
                     ->  Index Only Scan using relation_7_pkey on relation_7 source_6  (cost=0.29..3631.35 rows=139670 width=8) (actual rows=139670 loops=1)
                           Heap Fetches: 0
                           Buffers: shared hit=3 read=381
                     ->  Index Only Scan using relation_8_pkey on relation_8 source_7  (cost=0.29..2604.29 rows=100000 width=8) (actual rows=100000 loops=1)
                           Heap Fetches: 0
                           Buffers: shared hit=3 read=273
                     ->  Seq Scan on relation_9 source_8  (cost=0.00..14767.45 rows=469445 width=8) (actual rows=469445 loops=1)
                           Buffers: shared read=10073
                     ->  Index Only Scan using relation_10_pkey on relation_10 source_9  (cost=0.42..4399.44 rows=169001 width=8) (actual rows=169001 loops=1)
                           Heap Fetches: 0
                           Buffers: shared hit=4 read=461
                     ->  Index Only Scan using relation_11_pkey on relation_11 source_10  (cost=0.42..21784.44 rows=676001 width=8) (actual rows=676001 loops=1)
                           Heap Fetches: 0
                           Buffers: shared hit=4 read=2896
                     ->  Index Only Scan using relation_12_pkey on relation_12 source_11  (cost=0.29..3765.76 rows=144898 width=8) (actual rows=144898 loops=1)
                           Heap Fetches: 0
                           Buffers: shared hit=3 read=395
                     ->  Seq Scan on relation_13 source_12  (cost=0.00..1860.20 rows=60120 width=8) (actual rows=60120 loops=1)
                           Buffers: shared read=1259
                     ->  Index Only Scan using relation_14_pkey on relation_14 source_13  (cost=0.42..7729.37 rows=264063 width=8) (actual rows=264063 loops=1)
                           Heap Fetches: 0
                           Buffers: shared hit=4 read=935
                     ->  Seq Scan on relation_15 source_14  (cost=0.00..11329.62 rows=364762 width=8) (actual rows=364762 loops=1)
                           Buffers: shared read=7682
                     ->  Seq Scan on relation_16 source_15  (cost=0.00..9506.82 rows=297982 width=8) (actual rows=297982 loops=1)
                           Buffers: shared read=6527
                     ->  Seq Scan on relation_17 source_16  (cost=0.00..55500.73 rows=1690073 width=8) (actual rows=1690000 loops=1)
                           Buffers: shared read=38600
                     ->  Index Only Scan using relation_18_pkey on relation_18 source_17  (cost=0.29..3052.72 rows=117362 width=8) (actual rows=117362 loops=1)
                           Heap Fetches: 0
                           Buffers: shared hit=3 read=320
                     ->  Index Only Scan using relation_19_pkey on relation_19 source_18  (cost=0.29..753.92 rows=28642 width=8) (actual rows=28642 loops=1)
                           Heap Fetches: 0
                           Buffers: shared hit=3 read=78
                     ->  Index Only Scan using relation_3_pkey on relation_3 source_19  (cost=0.29..1740.93 rows=66709 width=8) (actual rows=66709 loops=1)
                           Heap Fetches: 0
                           Buffers: shared hit=2 read=183
                     ->  Index Only Scan using relation_20_pkey on relation_20 source_20  (cost=0.43..33032.18 rows=1056250 width=8) (actual rows=1056250 loops=1)
                           Heap Fetches: 0
                           Buffers: shared read=4281
                     ->  Index Only Scan using relation_21_pkey on relation_21 source_21  (cost=0.29..397.29 rows=15000 width=8) (actual rows=15000 loops=1)
                           Heap Fetches: 0
                           Buffers: shared read=43
               ->  Hash  (cost=1671927.07..1671927.07 rows=16901441 width=16) (actual rows=989709 loops=1)
                     Buckets: 4194304  Batches: 16  Memory Usage: 35662kB
                     Buffers: shared hit=1 read=450950, temp read=58972 written=63042
                     ->  Hash Join  (cost=950906.76..1671927.07 rows=16901441 width=16) (actual rows=989709 loops=1)
                           Hash Cond: (source.product_id = source_43.product_id)
                           Buffers: shared hit=1 read=450950, temp read=58972 written=58972
                           ->  Seq Scan on relation_50 source  (cost=0.00..236248.96 rows=16377896 width=8) (actual rows=16378086 loops=1)
                                 Buffers: shared read=72470
                           ->  Hash  (cost=850006.95..850006.95 rows=6150065 width=8) (actual rows=1013065 loops=1)
                                 Buckets: 4194304  Batches: 4  Memory Usage: 42677kB
                                 Buffers: shared hit=1 read=378480, temp read=14392 written=16986
                                 ->  Hash Join  (cost=103573.51..850006.95 rows=6150065 width=8) (actual rows=1013065 loops=1)
                                       Hash Cond: (source_44.product_id = source_43.bundle_product_product_id)
                                       Buffers: shared hit=1 read=378480, temp read=14392 written=14392
                                       ->  Append  (cost=0.00..599338.98 rows=5153410 width=8) (actual rows=5069645 loops=1)
                                             Buffers: shared hit=1 read=363615
                                             ->  Seq Scan on relation_1 source_44  (cost=0.00..2009.99 rows=19220 width=8) (actual rows=18735 loops=1)
                                                   Filter: ((product_name)::text <= 'Front-line client-driven middleware'::text)
                                                   Rows Removed by Filter: 43264
                                                   Buffers: shared hit=1 read=1234
                                             ->  Seq Scan on relation_2 source_45  (cost=0.00..2830.31 rows=26618 width=8) (actual rows=26112 loops=1)
                                                   Filter: ((product_name)::text <= 'Front-line client-driven middleware'::text)
                                                   Rows Removed by Filter: 59753
                                                   Buffers: shared read=1757
                                             ->  Seq Scan on relation_4 source_46  (cost=0.00..301233.55 rows=2791130 width=8) (actual rows=2716515 loops=1)
                                                   Filter: ((product_name)::text <= 'Front-line client-driven middleware'::text)
                                                   Rows Removed by Filter: 6287530
                                                   Buffers: shared read=188688
                                             ->  Seq Scan on relation_5 source_47  (cost=0.00..3749.88 rows=33229 width=8) (actual rows=32502 loops=1)
                                                   Filter: ((product_name)::text <= 'Front-line client-driven middleware'::text)
                                                   Rows Removed by Filter: 74688
                                                   Buffers: shared read=2410
                                             ->  Seq Scan on relation_6 source_48  (cost=0.00..67945.48 rows=563339 width=8) (actual rows=566879 loops=1)
                                                   Filter: ((product_name)::text <= 'Front-line client-driven middleware'::text)
                                                   Rows Removed by Filter: 1310899
                                                   Buffers: shared read=44473
                                             ->  Seq Scan on relation_7 source_49  (cost=0.00..4955.88 rows=43298 width=8) (actual rows=42357 loops=1)
                                                   Filter: ((product_name)::text <= 'Front-line client-driven middleware'::text)
                                                   Rows Removed by Filter: 97313
                                                   Buffers: shared read=3210
                                             ->  Seq Scan on relation_8 source_50  (cost=0.00..3396.00 rows=30000 width=8) (actual rows=30279 loops=1)
                                                   Filter: ((product_name)::text <= 'Front-line client-driven middleware'::text)
                                                   Rows Removed by Filter: 69721
                                                   Buffers: shared read=2146
                                             ->  Seq Scan on relation_9 source_51  (cost=0.00..15941.06 rows=140834 width=8) (actual rows=141614 loops=1)
                                                   Filter: ((product_name)::text <= 'Front-line client-driven middleware'::text)
                                                   Rows Removed by Filter: 327831
                                                   Buffers: shared read=10073
                                             ->  Seq Scan on relation_10 source_52  (cost=0.00..5740.51 rows=52390 width=8) (actual rows=51343 loops=1)
                                                   Filter: ((product_name)::text <= 'Front-line client-driven middleware'::text)
                                                   Rows Removed by Filter: 117658
                                                   Buffers: shared read=3628
                                             ->  Seq Scan on relation_11 source_53  (cost=0.00..23528.01 rows=202800 width=8) (actual rows=204099 loops=1)
                                                   Filter: ((product_name)::text <= 'Front-line client-driven middleware'::text)
                                                   Rows Removed by Filter: 471902
                                                   Buffers: shared read=15078
                                             ->  Seq Scan on relation_12 source_54  (cost=0.00..4993.23 rows=43469 width=8) (actual rows=43292 loops=1)
                                                   Filter: ((product_name)::text <= 'Front-line client-driven middleware'::text)
                                                   Rows Removed by Filter: 101606
                                                   Buffers: shared read=3182
                                             ->  Seq Scan on relation_13 source_55  (cost=0.00..2010.50 rows=18331 width=8) (actual rows=18123 loops=1)
                                                   Filter: ((product_name)::text <= 'Front-line client-driven middleware'::text)
                                                   Rows Removed by Filter: 41997
                                                   Buffers: shared read=1259
                                             ->  Seq Scan on relation_14 source_56  (cost=0.00..8962.79 rows=79219 width=8) (actual rows=79972 loops=1)
                                                   Filter: ((product_name)::text <= 'Front-line client-driven middleware'::text)
                                                   Rows Removed by Filter: 184091
                                                   Buffers: shared read=5662
                                             ->  Seq Scan on relation_15 source_57  (cost=0.00..12241.53 rows=113076 width=8) (actual rows=109972 loops=1)
                                                   Filter: ((product_name)::text <= 'Front-line client-driven middleware'::text)
                                                   Rows Removed by Filter: 254790
                                                   Buffers: shared read=7682
                                             ->  Seq Scan on relation_16 source_58  (cost=0.00..10251.77 rows=92374 width=8) (actual rows=90590 loops=1)
                                                   Filter: ((product_name)::text <= 'Front-line client-driven middleware'::text)
                                                   Rows Removed by Filter: 207392
                                                   Buffers: shared read=6527
                                             ->  Seq Scan on relation_17 source_59  (cost=0.00..59725.91 rows=507022 width=8) (actual rows=509976 loops=1)
                                                   Filter: ((product_name)::text <= 'Front-line client-driven middleware'::text)
                                                   Rows Removed by Filter: 1180024
                                                   Buffers: shared read=38600
                                             ->  Seq Scan on relation_18 source_60  (cost=0.00..4142.02 rows=36382 width=8) (actual rows=35725 loops=1)
                                                   Filter: ((product_name)::text <= 'Front-line client-driven middleware'::text)
                                                   Rows Removed by Filter: 81637
                                                   Buffers: shared read=2675
                                             ->  Seq Scan on relation_19 source_61  (cost=0.00..985.03 rows=8726 width=8) (actual rows=8529 loops=1)
                                                   Filter: ((product_name)::text <= 'Front-line client-driven middleware'::text)
                                                   Rows Removed by Filter: 20113
                                                   Buffers: shared read=627
                                             ->  Seq Scan on relation_3 source_62  (cost=0.00..2237.86 rows=20013 width=8) (actual rows=20032 loops=1)
                                                   Filter: ((product_name)::text <= 'Front-line client-driven middleware'::text)
                                                   Rows Removed by Filter: 46677
                                                   Buffers: shared read=1404
                                             ->  Seq Scan on relation_20 source_63  (cost=0.00..36166.12 rows=327438 width=8) (actual rows=318504 loops=1)
                                                   Filter: ((product_name)::text <= 'Front-line client-driven middleware'::text)
                                                   Rows Removed by Filter: 737746
                                                   Buffers: shared read=22963
                                             ->  Seq Scan on relation_21 source_64  (cost=0.00..524.50 rows=4502 width=8) (actual rows=4495 loops=1)
                                                   Filter: ((product_name)::text <= 'Front-line client-driven middleware'::text)
                                                   Rows Removed by Filter: 10505
                                                   Buffers: shared read=337
                                       ->  Hash  (cost=48458.56..48458.56 rows=3359356 width=8) (actual rows=3359356 loops=1)
                                             Buckets: 4194304  Batches: 2  Memory Usage: 98482kB
                                             Buffers: shared read=14865, temp written=5732
                                             ->  Seq Scan on relation_49 source_43  (cost=0.00..48458.56 rows=3359356 width=8) (actual rows=3359356 loops=1)
                                                   Buffers: shared read=14865
 Planning:
   Buffers: shared hit=4 read=12
 Planning Time: 1.248 ms
 JIT:
   Functions: 180
   Options: Inlining true, Optimization true, Expressions true, Deforming true
 Execution Time: 15724.280 ms
(224 rows)

-- Q044 [weak_owner] occurrence 1/1
-- Original E/R: SELECT w.shipped_at, w.carrier, w.tracking_no, o.custorder_id, o.status FROM Shipment w JOIN CustOrder o ON OWNER(w) = REF(o) WHERE w.shipped_at >= '2026-02-02';
EXPLAIN (ANALYZE, BUFFERS, TIMING OFF, SUMMARY ON, FORMAT TEXT)
WITH
"b0" AS (
    SELECT
        "source"."carrier" AS "carrier",
        "source"."shipped_at" AS "shipped_at",
        "source"."tracking_no" AS "tracking_no",
        "source"."custorder_id" AS "__owner_0"
    FROM "relation_38" AS "source"
),
"b1" AS (
    SELECT
        "source"."custorder_id" AS "custorder_id",
        "source"."status" AS "status",
        "source"."custorder_id" AS "__reference_0"
    FROM "relation_37" AS "source"
)
SELECT 
    "b0"."shipped_at" AS "shipped_at",
    "b0"."carrier" AS "carrier",
    "b0"."tracking_no" AS "tracking_no",
    "b1"."custorder_id" AS "custorder_id",
    "b1"."status" AS "status"
FROM ("b0" INNER JOIN "b1" ON ("b0"."__owner_0" = "b1"."__reference_0"))
WHERE ("b0"."shipped_at" >= '2026-02-02');
                                                  QUERY PLAN                                                   
---------------------------------------------------------------------------------------------------------------
 Hash Join  (cost=559.90..2656.32 rows=2454 width=41) (actual rows=2454 loops=1)
   Hash Cond: (source_1.custorder_id = source.custorder_id)
   Buffers: shared read=792
   ->  Seq Scan on relation_37 source_1  (cost=0.00..1369.60 rows=80260 width=13) (actual rows=80260 loops=1)
         Buffers: shared read=567
   ->  Hash  (cost=529.23..529.23 rows=2454 width=32) (actual rows=2454 loops=1)
         Buckets: 4096  Batches: 1  Memory Usage: 191kB
         Buffers: shared read=225
         ->  Seq Scan on relation_38 source  (cost=0.00..529.23 rows=2454 width=32) (actual rows=2454 loops=1)
               Filter: ((shipped_at)::text >= '2026-02-02'::text)
               Rows Removed by Filter: 21884
               Buffers: shared read=225
 Planning:
   Buffers: shared hit=4 read=11
 Planning Time: 0.197 ms
 Execution Time: 7.469 ms
(16 rows)

-- Q045 [relationship_join] occurrence 1/1
-- Original E/R: SELECT e1.loyalty_tier, e1.user_id, e2.placed_at FROM customer_orders r JOIN Customer e1 ON ENDPOINT(r, Customer) = REF(e1) JOIN CustOrder e2 ON ENDPOINT(r, CustOrder) = REF(e2) WHERE e1.loyalty_tier <= 'bronze';
EXPLAIN (ANALYZE, BUFFERS, TIMING OFF, SUMMARY ON, FORMAT TEXT)
WITH
"b0" AS (
    SELECT
        "source"."customer_orders_customer_id" AS "__endpoint_customer_0",
        "source"."custorder_id" AS "__endpoint_custorder_0"
    FROM "relation_54" AS "source"
),
"b1" AS (
    SELECT
        "source"."loyalty_tier" AS "loyalty_tier",
        "source"."customer_id" AS "user_id",
        "source"."customer_id" AS "__reference_0"
    FROM "relation_23" AS "source"
    UNION ALL
    SELECT
        "source"."loyalty_tier" AS "loyalty_tier",
        "source"."primecustomer_id" AS "user_id",
        "source"."primecustomer_id" AS "__reference_0"
    FROM "relation_24" AS "source"
    UNION ALL
    SELECT
        "source"."loyalty_tier" AS "loyalty_tier",
        "source"."businesscustomer_id" AS "user_id",
        "source"."businesscustomer_id" AS "__reference_0"
    FROM "relation_25" AS "source"
),
"b2" AS (
    SELECT
        "source"."placed_at" AS "placed_at",
        "source"."custorder_id" AS "__reference_0"
    FROM "relation_37" AS "source"
)
SELECT 
    "b1"."loyalty_tier" AS "loyalty_tier",
    "b1"."user_id" AS "user_id",
    "b2"."placed_at" AS "placed_at"
FROM (("b0" INNER JOIN "b1" ON ("b0"."__endpoint_customer_0" = "b1"."__reference_0")) INNER JOIN "b2" ON ("b0"."__endpoint_custorder_0" = "b2"."__reference_0"))
WHERE ("b1"."loyalty_tier" <= 'bronze');
                                                         QUERY PLAN                                                          
-----------------------------------------------------------------------------------------------------------------------------
 Hash Join  (cost=4523.76..60418.14 rows=529832 width=21) (actual rows=35662 loops=1)
   Hash Cond: (source_1.customer_id = source.customer_orders_customer_id)
   Buffers: shared hit=567 read=33582
   ->  Append  (cost=0.00..48717.74 rows=500885 width=14) (actual rows=499250 loops=1)
         Buffers: shared read=33251
         ->  Seq Scan on relation_23 source_1  (cost=0.00..1550.31 rows=17785 width=14) (actual rows=17781 loops=1)
               Filter: ((loyalty_tier)::text <= 'bronze'::text)
               Rows Removed by Filter: 19204
               Buffers: shared read=1088
         ->  Seq Scan on relation_24 source_2  (cost=0.00..4963.00 rows=48130 width=14) (actual rows=47992 loops=1)
               Filter: ((loyalty_tier)::text <= 'bronze'::text)
               Rows Removed by Filter: 52008
               Buffers: shared read=3713
         ->  Seq Scan on relation_25 source_3  (cost=0.00..39700.00 rows=434970 width=14) (actual rows=433477 loops=1)
               Filter: ((loyalty_tier)::text <= 'bronze'::text)
               Rows Removed by Filter: 466523
               Buffers: shared read=28450
   ->  Hash  (cost=3590.74..3590.74 rows=74642 width=15) (actual rows=74642 loops=1)
         Buckets: 131072  Batches: 1  Memory Usage: 4450kB
         Buffers: shared hit=567 read=331
         ->  Hash Join  (cost=2010.45..3590.74 rows=74642 width=15) (actual rows=74642 loops=1)
               Hash Cond: (source_4.custorder_id = source.custorder_id)
               Buffers: shared hit=567 read=331
               ->  Seq Scan on relation_37 source_4  (cost=0.00..1369.60 rows=80260 width=15) (actual rows=80260 loops=1)
                     Buffers: shared hit=567
               ->  Hash  (cost=1077.42..1077.42 rows=74642 width=8) (actual rows=74642 loops=1)
                     Buckets: 131072  Batches: 1  Memory Usage: 3940kB
                     Buffers: shared read=331
                     ->  Seq Scan on relation_54 source  (cost=0.00..1077.42 rows=74642 width=8) (actual rows=74642 loops=1)
                           Buffers: shared read=331
 Planning:
   Buffers: shared hit=8 read=4
 Planning Time: 0.163 ms
 Execution Time: 157.967 ms
(34 rows)

-- Q046 [relationship_join] occurrence 1/1
-- Original E/R: SELECT e1.category_id, e1.parent, e2.product_name FROM category_products r JOIN Category e1 ON ENDPOINT(r, Category) = REF(e1) JOIN Product e2 ON ENDPOINT(r, Product) = REF(e2) WHERE e1.parent < 5297;
EXPLAIN (ANALYZE, BUFFERS, TIMING OFF, SUMMARY ON, FORMAT TEXT)
WITH
"b0" AS (
    SELECT
        "source"."category_products_category_id" AS "__endpoint_category_0",
        "source"."product_id" AS "__endpoint_product_0"
    FROM "relation_47" AS "source"
),
"b1" AS (
    SELECT
        "source"."category_id" AS "category_id",
        "source"."parent" AS "parent",
        "source"."category_id" AS "__reference_0"
    FROM "relation_0" AS "source"
),
"b2" AS (
    SELECT
        "source"."product_name" AS "product_name",
        "source"."product_id" AS "__reference_0"
    FROM "relation_1" AS "source"
    UNION ALL
    SELECT
        "source"."product_name" AS "product_name",
        "source"."physicalproduct_id" AS "__reference_0"
    FROM "relation_2" AS "source"
    UNION ALL
    SELECT
        "source"."product_name" AS "product_name",
        "source"."electronics_id" AS "__reference_0"
    FROM "relation_4" AS "source"
    UNION ALL
    SELECT
        "source"."product_name" AS "product_name",
        "source"."computer_id" AS "__reference_0"
    FROM "relation_5" AS "source"
    UNION ALL
    SELECT
        "source"."product_name" AS "product_name",
        "source"."desktop_id" AS "__reference_0"
    FROM "relation_6" AS "source"
    UNION ALL
    SELECT
        "source"."product_name" AS "product_name",
        "source"."laptop_id" AS "__reference_0"
    FROM "relation_7" AS "source"
    UNION ALL
    SELECT
        "source"."product_name" AS "product_name",
        "source"."tablet_id" AS "__reference_0"
    FROM "relation_8" AS "source"
    UNION ALL
    SELECT
        "source"."product_name" AS "product_name",
        "source"."smartwatch_id" AS "__reference_0"
    FROM "relation_9" AS "source"
    UNION ALL
    SELECT
        "source"."product_name" AS "product_name",
        "source"."camera_id" AS "__reference_0"
    FROM "relation_10" AS "source"
    UNION ALL
    SELECT
        "source"."product_name" AS "product_name",
        "source"."phone_id" AS "__reference_0"
    FROM "relation_11" AS "source"
    UNION ALL
    SELECT
        "source"."product_name" AS "product_name",
        "source"."accessory_id" AS "__reference_0"
    FROM "relation_12" AS "source"
    UNION ALL
    SELECT
        "source"."product_name" AS "product_name",
        "source"."appliance_id" AS "__reference_0"
    FROM "relation_13" AS "source"
    UNION ALL
    SELECT
        "source"."product_name" AS "product_name",
        "source"."kitchenappliance_id" AS "__reference_0"
    FROM "relation_14" AS "source"
    UNION ALL
    SELECT
        "source"."product_name" AS "product_name",
        "source"."apparel_id" AS "__reference_0"
    FROM "relation_15" AS "source"
    UNION ALL
    SELECT
        "source"."product_name" AS "product_name",
        "source"."clothing_id" AS "__reference_0"
    FROM "relation_16" AS "source"
    UNION ALL
    SELECT
        "source"."product_name" AS "product_name",
        "source"."menclothing_id" AS "__reference_0"
    FROM "relation_17" AS "source"
    UNION ALL
    SELECT
        "source"."product_name" AS "product_name",
        "source"."womenclothing_id" AS "__reference_0"
    FROM "relation_18" AS "source"
    UNION ALL
    SELECT
        "source"."product_name" AS "product_name",
        "source"."footwear_id" AS "__reference_0"
    FROM "relation_19" AS "source"
    UNION ALL
    SELECT
        "source"."product_name" AS "product_name",
        "source"."digitalproduct_id" AS "__reference_0"
    FROM "relation_3" AS "source"
    UNION ALL
    SELECT
        "source"."product_name" AS "product_name",
        "source"."media_id" AS "__reference_0"
    FROM "relation_20" AS "source"
    UNION ALL
    SELECT
        "source"."product_name" AS "product_name",
        "source"."software_id" AS "__reference_0"
    FROM "relation_21" AS "source"
)
SELECT 
    "b1"."category_id" AS "category_id",
    "b1"."parent" AS "parent",
    "b2"."product_name" AS "product_name"
FROM (("b0" INNER JOIN "b1" ON ("b0"."__endpoint_category_0" = "b1"."__reference_0")) INNER JOIN "b2" ON ("b0"."__endpoint_product_0" = "b2"."__reference_0"))
WHERE ("b1"."parent" < 5297);
                                                          QUERY PLAN                                                          
------------------------------------------------------------------------------------------------------------------------------
 Hash Join  (cost=16030.74..728504.02 rows=3392339 width=42) (actual rows=134867 loops=1)
   Hash Cond: (source_2.product_id = source.product_id)
   Buffers: shared read=367365
   ->  Append  (cost=0.00..615563.11 rows=16796474 width=38) (actual rows=16796782 loops=1)
         Buffers: shared read=363616
         ->  Seq Scan on relation_1 source_2  (cost=0.00..1854.99 rows=61999 width=38) (actual rows=61999 loops=1)
               Buffers: shared read=1235
         ->  Seq Scan on relation_2 source_3  (cost=0.00..2615.65 rows=85865 width=38) (actual rows=85865 loops=1)
               Buffers: shared read=1757
         ->  Seq Scan on relation_4 source_4  (cost=0.00..278724.44 rows=9003644 width=38) (actual rows=9004045 loops=1)
               Buffers: shared read=188688
         ->  Seq Scan on relation_5 source_5  (cost=0.00..3481.90 rows=107190 width=38) (actual rows=107190 loops=1)
               Buffers: shared read=2410
         ->  Seq Scan on relation_6 source_6  (cost=0.00..63250.98 rows=1877798 width=38) (actual rows=1877778 loops=1)
               Buffers: shared read=44473
         ->  Seq Scan on relation_7 source_7  (cost=0.00..4606.70 rows=139670 width=38) (actual rows=139670 loops=1)
               Buffers: shared read=3210
         ->  Seq Scan on relation_8 source_8  (cost=0.00..3146.00 rows=100000 width=38) (actual rows=100000 loops=1)
               Buffers: shared read=2146
         ->  Seq Scan on relation_9 source_9  (cost=0.00..14767.45 rows=469445 width=38) (actual rows=469445 loops=1)
               Buffers: shared read=10073
         ->  Seq Scan on relation_10 source_10  (cost=0.00..5318.01 rows=169001 width=38) (actual rows=169001 loops=1)
               Buffers: shared read=3628
         ->  Seq Scan on relation_11 source_11  (cost=0.00..21838.01 rows=676001 width=38) (actual rows=676001 loops=1)
               Buffers: shared read=15078
         ->  Seq Scan on relation_12 source_12  (cost=0.00..4630.98 rows=144898 width=38) (actual rows=144898 loops=1)
               Buffers: shared read=3182
         ->  Seq Scan on relation_13 source_13  (cost=0.00..1860.20 rows=60120 width=38) (actual rows=60120 loops=1)
               Buffers: shared read=1259
         ->  Seq Scan on relation_14 source_14  (cost=0.00..8302.63 rows=264063 width=38) (actual rows=264063 loops=1)
               Buffers: shared read=5662
         ->  Seq Scan on relation_15 source_15  (cost=0.00..11329.62 rows=364762 width=38) (actual rows=364762 loops=1)
               Buffers: shared read=7682
         ->  Seq Scan on relation_16 source_16  (cost=0.00..9506.82 rows=297982 width=38) (actual rows=297982 loops=1)
               Buffers: shared read=6527
         ->  Seq Scan on relation_17 source_17  (cost=0.00..55500.73 rows=1690073 width=38) (actual rows=1690000 loops=1)
               Buffers: shared read=38600
         ->  Seq Scan on relation_18 source_18  (cost=0.00..3848.62 rows=117362 width=38) (actual rows=117362 loops=1)
               Buffers: shared read=2675
         ->  Seq Scan on relation_19 source_19  (cost=0.00..913.42 rows=28642 width=38) (actual rows=28642 loops=1)
               Buffers: shared read=627
         ->  Seq Scan on relation_3 source_20  (cost=0.00..2071.09 rows=66709 width=38) (actual rows=66709 loops=1)
               Buffers: shared read=1404
         ->  Seq Scan on relation_20 source_21  (cost=0.00..33525.50 rows=1056250 width=38) (actual rows=1056250 loops=1)
               Buffers: shared read=22963
         ->  Seq Scan on relation_21 source_22  (cost=0.00..487.00 rows=15000 width=38) (actual rows=15000 loops=1)
               Buffers: shared read=337
   ->  Hash  (cost=14334.54..14334.54 rows=135696 width=12) (actual rows=134867 loops=1)
         Buckets: 262144  Batches: 1  Memory Usage: 7844kB
         Buffers: shared read=3749
         ->  Hash Join  (cost=2879.11..14334.54 rows=135696 width=12) (actual rows=134867 loops=1)
               Hash Cond: (source.category_products_category_id = source_1.category_id)
               Buffers: shared read=3749
               ->  Seq Scan on relation_47 source  (cost=0.00..9691.71 rows=671871 width=8) (actual rows=671871 loops=1)
                     Buffers: shared read=2973
               ->  Hash  (cost=2525.73..2525.73 rows=28271 width=8) (actual rows=28151 loops=1)
                     Buckets: 32768  Batches: 1  Memory Usage: 1356kB
                     Buffers: shared read=776
                     ->  Seq Scan on relation_0 source_1  (cost=0.00..2525.73 rows=28271 width=8) (actual rows=28151 loops=1)
                           Filter: (parent < 5297)
                           Rows Removed by Filter: 111827
                           Buffers: shared read=776
 Planning:
   Buffers: shared hit=3 read=6
 Planning Time: 0.334 ms
 JIT:
   Functions: 61
   Options: Inlining true, Optimization true, Expressions true, Deforming true
 Execution Time: 2036.399 ms
(69 rows)

-- Q047 [selection_projection] occurrence 1/1
-- Original E/R: SELECT e.status, e.created_at FROM PurchaseOrder e WHERE e.status <= 'draft';
EXPLAIN (ANALYZE, BUFFERS, TIMING OFF, SUMMARY ON, FORMAT TEXT)
WITH
"b0" AS (
    SELECT
        "source"."created_at" AS "created_at",
        "source"."status" AS "status"
    FROM "relation_45" AS "source"
)
SELECT 
    "b0"."status" AS "status",
    "b0"."created_at" AS "created_at"
FROM "b0"
WHERE ("b0"."status" <= 'draft');
                                              QUERY PLAN                                              
------------------------------------------------------------------------------------------------------
 Seq Scan on relation_45 source  (cost=0.00..2561.32 rows=43333 width=19) (actual rows=43206 loops=1)
   Filter: ((status)::text <= 'draft'::text)
   Rows Removed by Filter: 90980
   Buffers: shared read=884
 Planning Time: 0.039 ms
 Execution Time: 9.088 ms
(6 rows)

-- Q048 [relationship_join] occurrence 1/1
-- Original E/R: SELECT e1.carrier_code, e1.webhook_url, e2.tracking_no FROM courier_shipments r JOIN CourierPartner e1 ON ENDPOINT(r, CourierPartner) = REF(e1) JOIN Shipment e2 ON ENDPOINT(r, Shipment) = REF(e2) WHERE e2.delivered_at <= '2025-01-11';
EXPLAIN (ANALYZE, BUFFERS, TIMING OFF, SUMMARY ON, FORMAT TEXT)
WITH
"b0" AS (
    SELECT
        "source"."courier_shipments_courierpartner_id" AS "__endpoint_courierpartner_0",
        "source"."custorder_id" AS "__endpoint_shipment_0",
        "source"."shipment_id" AS "__endpoint_shipment_1"
    FROM "relation_63" AS "source"
),
"b1" AS (
    SELECT
        "source"."carrier_code" AS "carrier_code",
        "source"."webhook_url" AS "webhook_url",
        "source"."courierpartner_id" AS "__reference_0"
    FROM "relation_46" AS "source"
),
"b2" AS (
    SELECT
        "source"."delivered_at" AS "delivered_at",
        "source"."tracking_no" AS "tracking_no",
        "source"."custorder_id" AS "__reference_0",
        "source"."shipment_id" AS "__reference_1"
    FROM "relation_38" AS "source"
)
SELECT 
    "b1"."carrier_code" AS "carrier_code",
    "b1"."webhook_url" AS "webhook_url",
    "b2"."tracking_no" AS "tracking_no"
FROM (("b0" INNER JOIN "b1" ON ("b0"."__endpoint_courierpartner_0" = "b1"."__reference_0")) INNER JOIN "b2" ON ("b0"."__endpoint_shipment_0" = "b2"."__reference_0" AND "b0"."__endpoint_shipment_1" = "b2"."__reference_1"))
WHERE ("b2"."delivered_at" <= '2025-01-11');
                                                          QUERY PLAN                                                           
-------------------------------------------------------------------------------------------------------------------------------
 Nested Loop  (cost=318.92..911.93 rows=1 width=46) (actual rows=5183 loops=1)
   Buffers: shared hit=14846 read=985
   ->  Hash Join  (cost=318.62..911.35 rows=1 width=17) (actual rows=5183 loops=1)
         Hash Cond: ((source_2.custorder_id = source.custorder_id) AND (source_2.shipment_id = source.shipment_id))
         Buffers: shared read=282
         ->  Seq Scan on relation_38 source_2  (cost=0.00..529.23 rows=12095 width=21) (actual rows=12043 loops=1)
               Filter: ((delivered_at)::text <= '2025-01-11'::text)
               Rows Removed by Filter: 12295
               Buffers: shared read=225
         ->  Hash  (cost=161.65..161.65 rows=10465 width=12) (actual rows=10465 loops=1)
               Buckets: 16384  Batches: 1  Memory Usage: 578kB
               Buffers: shared read=57
               ->  Seq Scan on relation_63 source  (cost=0.00..161.65 rows=10465 width=12) (actual rows=10465 loops=1)
                     Buffers: shared read=57
   ->  Index Scan using relation_46_pkey on relation_46 source_1  (cost=0.29..0.58 rows=1 width=37) (actual rows=1 loops=5183)
         Index Cond: (courierpartner_id = source.courier_shipments_courierpartner_id)
         Buffers: shared hit=14846 read=703
 Planning:
   Buffers: shared hit=6 read=15
 Planning Time: 41.521 ms
 Execution Time: 12.402 ms
(21 rows)

-- Q049 [relationship_join] occurrence 1/1
-- Original E/R: SELECT e1.product_id, e2.email FROM software_downloads r JOIN Software e1 ON ENDPOINT(r, Software) = REF(e1) JOIN Customer e2 ON ENDPOINT(r, Customer) = REF(e2) WHERE e1.product_name >= 'Re-contextualized asymmetric implementation';
EXPLAIN (ANALYZE, BUFFERS, TIMING OFF, SUMMARY ON, FORMAT TEXT)
WITH
"b0" AS (
    SELECT
        "source"."customer_id" AS "__endpoint_customer_0",
        "source"."software_id" AS "__endpoint_software_0"
    FROM "relation_66" AS "source"
),
"b1" AS (
    SELECT
        "source"."software_id" AS "product_id",
        "source"."product_name" AS "product_name",
        "source"."software_id" AS "__reference_0"
    FROM "relation_21" AS "source"
),
"b2" AS (
    SELECT
        "source"."email" AS "email",
        "source"."customer_id" AS "__reference_0"
    FROM "relation_23" AS "source"
    UNION ALL
    SELECT
        "source"."email" AS "email",
        "source"."primecustomer_id" AS "__reference_0"
    FROM "relation_24" AS "source"
    UNION ALL
    SELECT
        "source"."email" AS "email",
        "source"."businesscustomer_id" AS "__reference_0"
    FROM "relation_25" AS "source"
)
SELECT 
    "b1"."product_id" AS "product_id",
    "b2"."email" AS "email"
FROM (("b0" INNER JOIN "b1" ON ("b0"."__endpoint_software_0" = "b1"."__reference_0")) INNER JOIN "b2" ON ("b0"."__endpoint_customer_0" = "b2"."__reference_0"))
WHERE ("b1"."product_name" >= 'Re-contextualized asymmetric implementation');
                                                             QUERY PLAN                                                              
-------------------------------------------------------------------------------------------------------------------------------------
 Nested Loop  (cost=577.20..41488.69 rows=293688 width=26) (actual rows=7956 loops=1)
   Buffers: shared hit=53319 read=10793
   ->  Hash Join  (cost=576.91..1065.65 rows=8009 width=8) (actual rows=7956 loops=1)
         Hash Cond: (source.software_id = source_1.software_id)
         Buffers: shared hit=337 read=127
         ->  Seq Scan on relation_66 source  (cost=0.00..413.51 rows=28651 width=8) (actual rows=28651 loops=1)
               Buffers: shared read=127
         ->  Hash  (cost=524.50..524.50 rows=4193 width=4) (actual rows=4228 loops=1)
               Buckets: 8192  Batches: 1  Memory Usage: 213kB
               Buffers: shared hit=337
               ->  Seq Scan on relation_21 source_1  (cost=0.00..524.50 rows=4193 width=4) (actual rows=4228 loops=1)
                     Filter: ((product_name)::text >= 'Re-contextualized asymmetric implementation'::text)
                     Rows Removed by Filter: 10772
                     Buffers: shared hit=337
   ->  Append  (cost=0.29..5.02 rows=3 width=26) (actual rows=1 loops=7956)
         Buffers: shared hit=52982 read=10666
         ->  Index Scan using relation_23_pkey on relation_23 source_2  (cost=0.29..0.47 rows=1 width=26) (actual rows=0 loops=7956)
               Index Cond: (customer_id = source.customer_id)
               Buffers: shared hit=15850 read=359
         ->  Index Scan using relation_24_pkey on relation_24 source_3  (cost=0.29..0.88 rows=1 width=26) (actual rows=0 loops=7956)
               Index Cond: (primecustomer_id = source.customer_id)
               Buffers: shared hit=15660 read=1012
         ->  Index Scan using relation_25_pkey on relation_25 source_4  (cost=0.42..3.65 rows=1 width=26) (actual rows=1 loops=7956)
               Index Cond: (businesscustomer_id = source.customer_id)
               Buffers: shared hit=21472 read=9295
 Planning:
   Buffers: shared hit=9 read=12
 Planning Time: 2.846 ms
 Execution Time: 283.891 ms
(29 rows)

-- Q050 [selection_projection] occurrence 1/1
-- Original E/R: SELECT e.carrier_code, e.courierpartner_id, e.webhook_url FROM CourierPartner e WHERE e.webhook_url >= 'https://www.cummings.com/';
EXPLAIN (ANALYZE, BUFFERS, TIMING OFF, SUMMARY ON, FORMAT TEXT)
WITH
"b0" AS (
    SELECT
        "source"."carrier_code" AS "carrier_code",
        "source"."courierpartner_id" AS "courierpartner_id",
        "source"."webhook_url" AS "webhook_url"
    FROM "relation_46" AS "source"
)
SELECT 
    "b0"."carrier_code" AS "carrier_code",
    "b0"."courierpartner_id" AS "courierpartner_id",
    "b0"."webhook_url" AS "webhook_url"
FROM "b0"
WHERE ("b0"."webhook_url" >= 'https://www.cummings.com/');
                                              QUERY PLAN                                              
------------------------------------------------------------------------------------------------------
 Seq Scan on relation_46 source  (cost=0.00..1320.84 rows=31053 width=37) (actual rows=30999 loops=1)
   Filter: ((webhook_url)::text >= 'https://www.cummings.com/'::text)
   Rows Removed by Filter: 32108
   Buffers: shared hit=532
 Planning Time: 0.066 ms
 Execution Time: 7.513 ms
(6 rows)

-- Q051 [selection_projection] occurrence 1/1
-- Original E/R: SELECT DISTINCT e.warehouse_id, e.region, e.warehouse_name FROM Warehouse e WHERE e.region > 'Southwest';
EXPLAIN (ANALYZE, BUFFERS, TIMING OFF, SUMMARY ON, FORMAT TEXT)
WITH
"b0" AS (
    SELECT
        "source"."region" AS "region",
        "source"."warehouse_id" AS "warehouse_id",
        "source"."warehouse_name" AS "warehouse_name"
    FROM "relation_41" AS "source"
)
SELECT DISTINCT 
    "b0"."warehouse_id" AS "warehouse_id",
    "b0"."region" AS "region",
    "b0"."warehouse_name" AS "warehouse_name"
FROM "b0"
WHERE ("b0"."region" > 'Southwest');
                                                 QUERY PLAN                                                 
------------------------------------------------------------------------------------------------------------
 HashAggregate  (cost=1930.05..2150.42 rows=22037 width=29) (actual rows=22040 loops=1)
   Group Key: source.warehouse_id, source.region, source.warehouse_name
   Batches: 1  Memory Usage: 2833kB
   Buffers: shared read=665
   ->  Seq Scan on relation_41 source  (cost=0.00..1764.78 rows=22037 width=29) (actual rows=22040 loops=1)
         Filter: ((region)::text > 'Southwest'::text)
         Rows Removed by Filter: 65942
         Buffers: shared read=665
 Planning Time: 0.032 ms
 Execution Time: 11.674 ms
(10 rows)

-- Q052 [complex_multi_join] occurrence 1/1
-- Original E/R: SELECT e1.purchaseorder_id, e2.is_active, e3.tag_id FROM po_items r1 JOIN PurchaseOrder e1 ON ENDPOINT(r1, PurchaseOrder) = REF(e1) JOIN Product e2 ON ENDPOINT(r1, Product) = REF(e2) JOIN product_tags r2 ON ENDPOINT(r2, Product) = REF(e2) JOIN Tag e3 ON ENDPOINT(r2, Tag) = REF(e3) WHERE e3.tag_id > 106964;
EXPLAIN (ANALYZE, BUFFERS, TIMING OFF, SUMMARY ON, FORMAT TEXT)
WITH
"b0" AS (
    SELECT
        "source"."product_id" AS "__endpoint_product_0",
        "source"."purchaseorder_id" AS "__endpoint_purchaseorder_0"
    FROM "relation_62" AS "source"
),
"b1" AS (
    SELECT
        "source"."purchaseorder_id" AS "purchaseorder_id",
        "source"."purchaseorder_id" AS "__reference_0"
    FROM "relation_45" AS "source"
),
"b2" AS (
    SELECT
        "source"."is_active" AS "is_active",
        "source"."product_id" AS "__reference_0"
    FROM "relation_1" AS "source"
    UNION ALL
    SELECT
        "source"."is_active" AS "is_active",
        "source"."physicalproduct_id" AS "__reference_0"
    FROM "relation_2" AS "source"
    UNION ALL
    SELECT
        "source"."is_active" AS "is_active",
        "source"."electronics_id" AS "__reference_0"
    FROM "relation_4" AS "source"
    UNION ALL
    SELECT
        "source"."is_active" AS "is_active",
        "source"."computer_id" AS "__reference_0"
    FROM "relation_5" AS "source"
    UNION ALL
    SELECT
        "source"."is_active" AS "is_active",
        "source"."desktop_id" AS "__reference_0"
    FROM "relation_6" AS "source"
    UNION ALL
    SELECT
        "source"."is_active" AS "is_active",
        "source"."laptop_id" AS "__reference_0"
    FROM "relation_7" AS "source"
    UNION ALL
    SELECT
        "source"."is_active" AS "is_active",
        "source"."tablet_id" AS "__reference_0"
    FROM "relation_8" AS "source"
    UNION ALL
    SELECT
        "source"."is_active" AS "is_active",
        "source"."smartwatch_id" AS "__reference_0"
    FROM "relation_9" AS "source"
    UNION ALL
    SELECT
        "source"."is_active" AS "is_active",
        "source"."camera_id" AS "__reference_0"
    FROM "relation_10" AS "source"
    UNION ALL
    SELECT
        "source"."is_active" AS "is_active",
        "source"."phone_id" AS "__reference_0"
    FROM "relation_11" AS "source"
    UNION ALL
    SELECT
        "source"."is_active" AS "is_active",
        "source"."accessory_id" AS "__reference_0"
    FROM "relation_12" AS "source"
    UNION ALL
    SELECT
        "source"."is_active" AS "is_active",
        "source"."appliance_id" AS "__reference_0"
    FROM "relation_13" AS "source"
    UNION ALL
    SELECT
        "source"."is_active" AS "is_active",
        "source"."kitchenappliance_id" AS "__reference_0"
    FROM "relation_14" AS "source"
    UNION ALL
    SELECT
        "source"."is_active" AS "is_active",
        "source"."apparel_id" AS "__reference_0"
    FROM "relation_15" AS "source"
    UNION ALL
    SELECT
        "source"."is_active" AS "is_active",
        "source"."clothing_id" AS "__reference_0"
    FROM "relation_16" AS "source"
    UNION ALL
    SELECT
        "source"."is_active" AS "is_active",
        "source"."menclothing_id" AS "__reference_0"
    FROM "relation_17" AS "source"
    UNION ALL
    SELECT
        "source"."is_active" AS "is_active",
        "source"."womenclothing_id" AS "__reference_0"
    FROM "relation_18" AS "source"
    UNION ALL
    SELECT
        "source"."is_active" AS "is_active",
        "source"."footwear_id" AS "__reference_0"
    FROM "relation_19" AS "source"
    UNION ALL
    SELECT
        "source"."is_active" AS "is_active",
        "source"."digitalproduct_id" AS "__reference_0"
    FROM "relation_3" AS "source"
    UNION ALL
    SELECT
        "source"."is_active" AS "is_active",
        "source"."media_id" AS "__reference_0"
    FROM "relation_20" AS "source"
    UNION ALL
    SELECT
        "source"."is_active" AS "is_active",
        "source"."software_id" AS "__reference_0"
    FROM "relation_21" AS "source"
),
"b3" AS (
    SELECT
        "source"."product_id" AS "__endpoint_product_0",
        "source"."tag_id" AS "__endpoint_tag_0"
    FROM "relation_48" AS "source"
),
"b4" AS (
    SELECT
        "source"."tag_id" AS "tag_id",
        "source"."tag_id" AS "__reference_0"
    FROM "relation_30" AS "source"
)
SELECT 
    "b1"."purchaseorder_id" AS "purchaseorder_id",
    "b2"."is_active" AS "is_active",
    "b4"."tag_id" AS "tag_id"
FROM (((("b0" INNER JOIN "b1" ON ("b0"."__endpoint_purchaseorder_0" = "b1"."__reference_0")) INNER JOIN "b2" ON ("b0"."__endpoint_product_0" = "b2"."__reference_0")) INNER JOIN "b3" ON ("b3"."__endpoint_product_0" = "b2"."__reference_0")) INNER JOIN "b4" ON ("b3"."__endpoint_tag_0" = "b4"."__reference_0"))
WHERE ("b4"."tag_id" > 106964);
                                                                                   QUERY PLAN                                                                                    
---------------------------------------------------------------------------------------------------------------------------------------------------------------------------------
 Hash Join  (cost=219040.66..1022212.51 rows=12462204 width=12) (actual rows=29346 loops=1)
   Hash Cond: (source_2.product_id = source.product_id)
   Buffers: shared hit=437010 read=497034
   ->  Append  (cost=0.00..615563.11 rows=16796474 width=8) (actual rows=16796782 loops=1)
         Buffers: shared read=363616
         ->  Seq Scan on relation_1 source_2  (cost=0.00..1854.99 rows=61999 width=8) (actual rows=61999 loops=1)
               Buffers: shared read=1235
         ->  Seq Scan on relation_2 source_3  (cost=0.00..2615.65 rows=85865 width=8) (actual rows=85865 loops=1)
               Buffers: shared read=1757
         ->  Seq Scan on relation_4 source_4  (cost=0.00..278724.44 rows=9003644 width=8) (actual rows=9004045 loops=1)
               Buffers: shared read=188688
         ->  Seq Scan on relation_5 source_5  (cost=0.00..3481.90 rows=107190 width=8) (actual rows=107190 loops=1)
               Buffers: shared read=2410
         ->  Seq Scan on relation_6 source_6  (cost=0.00..63250.98 rows=1877798 width=8) (actual rows=1877778 loops=1)
               Buffers: shared read=44473
         ->  Seq Scan on relation_7 source_7  (cost=0.00..4606.70 rows=139670 width=8) (actual rows=139670 loops=1)
               Buffers: shared read=3210
         ->  Seq Scan on relation_8 source_8  (cost=0.00..3146.00 rows=100000 width=8) (actual rows=100000 loops=1)
               Buffers: shared read=2146
         ->  Seq Scan on relation_9 source_9  (cost=0.00..14767.45 rows=469445 width=8) (actual rows=469445 loops=1)
               Buffers: shared read=10073
         ->  Seq Scan on relation_10 source_10  (cost=0.00..5318.01 rows=169001 width=8) (actual rows=169001 loops=1)
               Buffers: shared read=3628
         ->  Seq Scan on relation_11 source_11  (cost=0.00..21838.01 rows=676001 width=8) (actual rows=676001 loops=1)
               Buffers: shared read=15078
         ->  Seq Scan on relation_12 source_12  (cost=0.00..4630.98 rows=144898 width=8) (actual rows=144898 loops=1)
               Buffers: shared read=3182
         ->  Seq Scan on relation_13 source_13  (cost=0.00..1860.20 rows=60120 width=8) (actual rows=60120 loops=1)
               Buffers: shared read=1259
         ->  Seq Scan on relation_14 source_14  (cost=0.00..8302.63 rows=264063 width=8) (actual rows=264063 loops=1)
               Buffers: shared read=5662
         ->  Seq Scan on relation_15 source_15  (cost=0.00..11329.62 rows=364762 width=8) (actual rows=364762 loops=1)
               Buffers: shared read=7682
         ->  Seq Scan on relation_16 source_16  (cost=0.00..9506.82 rows=297982 width=8) (actual rows=297982 loops=1)
               Buffers: shared read=6527
         ->  Seq Scan on relation_17 source_17  (cost=0.00..55500.73 rows=1690073 width=8) (actual rows=1690000 loops=1)
               Buffers: shared read=38600
         ->  Seq Scan on relation_18 source_18  (cost=0.00..3848.62 rows=117362 width=8) (actual rows=117362 loops=1)
               Buffers: shared read=2675
         ->  Seq Scan on relation_19 source_19  (cost=0.00..913.42 rows=28642 width=8) (actual rows=28642 loops=1)
               Buffers: shared read=627
         ->  Seq Scan on relation_3 source_20  (cost=0.00..2071.09 rows=66709 width=8) (actual rows=66709 loops=1)
               Buffers: shared read=1404
         ->  Seq Scan on relation_20 source_21  (cost=0.00..33525.50 rows=1056250 width=8) (actual rows=1056250 loops=1)
               Buffers: shared read=22963
         ->  Seq Scan on relation_21 source_22  (cost=0.00..487.00 rows=15000 width=8) (actual rows=15000 loops=1)
               Buffers: shared read=337
   ->  Hash  (cost=217631.67..217631.67 rows=112719 width=16) (actual rows=29346 loops=1)
         Buckets: 131072  Batches: 1  Memory Usage: 2400kB
         Buffers: shared hit=437010 read=133418
         ->  Gather  (cost=5439.62..217631.67 rows=112719 width=16) (actual rows=29346 loops=1)
               Workers Planned: 2
               Workers Launched: 0
               Buffers: shared hit=437010 read=133418
               ->  Hash Join  (cost=4439.62..205359.77 rows=46966 width=16) (actual rows=29346 loops=1)
                     Hash Cond: (source.purchaseorder_id = source_1.purchaseorder_id)
                     Buffers: shared hit=437010 read=133418
                     ->  Hash Join  (cost=536.44..201333.30 rows=46966 width=16) (actual rows=29346 loops=1)
                           Hash Cond: (source_23.tag_id = source_24.tag_id)
                           Buffers: shared hit=436126 read=133418
                           ->  Nested Loop  (cost=0.86..199570.61 rows=467454 width=16) (actual rows=283858 loops=1)
                                 Buffers: shared hit=436122 read=133385
                                 ->  Parallel Index Only Scan using relation_62_pkey on relation_62 source  (cost=0.42..3718.43 rows=63728 width=8) (actual rows=152947 loops=1)
                                       Heap Fetches: 0
                                       Buffers: shared hit=4 read=574
                                 ->  Index Only Scan using relation_48_pkey on relation_48 source_23  (cost=0.44..3.00 rows=7 width=8) (actual rows=2 loops=152947)
                                       Index Cond: (product_id = source.product_id)
                                       Heap Fetches: 0
                                       Buffers: shared hit=436118 read=132811
                           ->  Hash  (cost=385.93..385.93 rows=11972 width=4) (actual rows=12193 loops=1)
                                 Buckets: 16384  Batches: 1  Memory Usage: 557kB
                                 Buffers: shared hit=4 read=33
                                 ->  Index Only Scan using relation_30_pkey on relation_30 source_24  (cost=0.42..385.93 rows=11972 width=4) (actual rows=12193 loops=1)
                                       Index Cond: (tag_id > 106964)
                                       Heap Fetches: 0
                                       Buffers: shared hit=4 read=33
                     ->  Hash  (cost=2225.86..2225.86 rows=134186 width=4) (actual rows=134186 loops=1)
                           Buckets: 262144  Batches: 1  Memory Usage: 6766kB
                           Buffers: shared hit=884
                           ->  Seq Scan on relation_45 source_1  (cost=0.00..2225.86 rows=134186 width=4) (actual rows=134186 loops=1)
                                 Buffers: shared hit=884
 Planning:
   Buffers: shared hit=8 read=24
 Planning Time: 0.740 ms
 JIT:
   Functions: 66
   Options: Inlining true, Optimization true, Expressions true, Deforming true
 Execution Time: 2422.200 ms
(88 rows)

-- Q053 [aggregation] occurrence 1/1
-- Original E/R: SELECT e2.warranty_months, COUNT(DISTINCT REF(e1)) AS related_count FROM bundle_phones r JOIN Phone e1 ON ENDPOINT(r, phone_id) = REF(e1) JOIN Phone e2 ON ENDPOINT(r, bundle_phone_id) = REF(e2) WHERE e2.product_name <= 'Front-line bi-directional system engine' GROUP BY REF(e2), e2.warranty_months HAVING COUNT(DISTINCT REF(e1)) >= 2;
EXPLAIN (ANALYZE, BUFFERS, TIMING OFF, SUMMARY ON, FORMAT TEXT)
WITH
"b0" AS (
    SELECT
        "source"."bundle_phone_phone_id" AS "__endpoint_bundle_phone_id_0",
        "source"."phone_id" AS "__endpoint_phone_id_0"
    FROM "relation_64" AS "source"
),
"b1" AS (
    SELECT
        "source"."phone_id" AS "__reference_0"
    FROM "relation_11" AS "source"
),
"b2" AS (
    SELECT
        "source"."warranty_months" AS "warranty_months",
        "source"."product_name" AS "product_name",
        "source"."phone_id" AS "__reference_0"
    FROM "relation_11" AS "source"
)
SELECT 
    "b2"."warranty_months" AS "warranty_months",
    COUNT(DISTINCT "b1"."__reference_0") AS "related_count"
FROM (("b0" INNER JOIN "b1" ON ("b0"."__endpoint_phone_id_0" = "b1"."__reference_0")) INNER JOIN "b2" ON ("b0"."__endpoint_bundle_phone_id_0" = "b2"."__reference_0"))
WHERE ("b2"."product_name" <= 'Front-line bi-directional system engine')
GROUP BY
    "b2"."__reference_0",
    "b2"."warranty_months"
HAVING (COUNT(DISTINCT "b1"."__reference_0") >= 2);
                                                                               QUERY PLAN                                                                                
-------------------------------------------------------------------------------------------------------------------------------------------------------------------------
 GroupAggregate  (cost=68881.56..118734.43 rows=67600 width=16) (actual rows=116921 loops=1)
   Group Key: source_2.phone_id
   Filter: (count(DISTINCT source_1.phone_id) >= 2)
   Rows Removed by Filter: 56928
   Buffers: shared hit=37 read=23687
   ->  Gather Merge  (cost=68881.56..114251.66 rows=389555 width=12) (actual rows=392037 loops=1)
         Workers Planned: 2
         Workers Launched: 0
         Buffers: shared hit=37 read=23687
         ->  Sort  (cost=67881.53..68287.32 rows=162315 width=12) (actual rows=392037 loops=1)
               Sort Key: source_2.phone_id, source_1.phone_id
               Sort Method: quicksort  Memory: 27602kB
               Buffers: shared hit=37 read=23687
               ->  Parallel Hash Join  (cost=34261.20..53834.44 rows=162315 width=12) (actual rows=392037 loops=1)
                     Hash Cond: (source_1.phone_id = source.phone_id)
                     Buffers: shared hit=37 read=23687
                     ->  Parallel Index Only Scan using relation_11_pkey on relation_11 source_1  (cost=0.42..17841.10 rows=281667 width=4) (actual rows=676001 loops=1)
                           Heap Fetches: 0
                           Buffers: shared hit=5 read=2895
                     ->  Parallel Hash  (cost=32231.84..32231.84 rows=162315 width=12) (actual rows=392037 loops=1)
                           Buckets: 524288  Batches: 1  Memory Usage: 22496kB
                           Buffers: shared hit=32 read=20792
                           ->  Parallel Hash Join  (cost=19655.09..32231.84 rows=162315 width=12) (actual rows=392037 loops=1)
                                 Hash Cond: (source.bundle_phone_phone_id = source_2.phone_id)
                                 Buffers: shared hit=32 read=20792
                                 ->  Parallel Seq Scan on relation_64 source  (cost=0.00..11156.49 rows=541049 width=8) (actual rows=1298517 loops=1)
                                       Buffers: shared read=5746
                                 ->  Parallel Hash  (cost=18598.84..18598.84 rows=84500 width=8) (actual rows=203864 loops=1)
                                       Buckets: 262144  Batches: 1  Memory Usage: 10048kB
                                       Buffers: shared hit=32 read=15046
                                       ->  Parallel Seq Scan on relation_11 source_2  (cost=0.00..18598.84 rows=84500 width=8) (actual rows=203864 loops=1)
                                             Filter: ((product_name)::text <= 'Front-line bi-directional system engine'::text)
                                             Rows Removed by Filter: 472137
                                             Buffers: shared hit=32 read=15046
 Planning:
   Buffers: shared hit=17 read=22
 Planning Time: 43.052 ms
 JIT:
   Functions: 23
   Options: Inlining false, Optimization false, Expressions true, Deforming true
 Execution Time: 596.635 ms
(41 rows)

-- Q054 [complex_multi_join] occurrence 1/1
-- Original E/R: SELECT e2.sku, COUNT(DISTINCT REF(e3)) AS related_count FROM po_items r1 JOIN PurchaseOrder e1 ON ENDPOINT(r1, PurchaseOrder) = REF(e1) JOIN Product e2 ON ENDPOINT(r1, Product) = REF(e2) JOIN bundle_components r2 ON ENDPOINT(r2, product_id) = REF(e2) JOIN Product e3 ON ENDPOINT(r2, bundle_product_id) = REF(e3) WHERE e3.sku >= 'SKU-klfZ-12422029' GROUP BY REF(e2), e2.sku HAVING COUNT(DISTINCT REF(e3)) >= 5;
EXPLAIN (ANALYZE, BUFFERS, TIMING OFF, SUMMARY ON, FORMAT TEXT)
WITH
"b0" AS (
    SELECT
        "source"."product_id" AS "__endpoint_product_0",
        "source"."purchaseorder_id" AS "__endpoint_purchaseorder_0"
    FROM "relation_62" AS "source"
),
"b1" AS (
    SELECT
        "source"."purchaseorder_id" AS "__reference_0"
    FROM "relation_45" AS "source"
),
"b2" AS (
    SELECT
        "source"."sku" AS "sku",
        "source"."product_id" AS "__reference_0"
    FROM "relation_1" AS "source"
    UNION ALL
    SELECT
        "source"."sku" AS "sku",
        "source"."physicalproduct_id" AS "__reference_0"
    FROM "relation_2" AS "source"
    UNION ALL
    SELECT
        "source"."sku" AS "sku",
        "source"."electronics_id" AS "__reference_0"
    FROM "relation_4" AS "source"
    UNION ALL
    SELECT
        "source"."sku" AS "sku",
        "source"."computer_id" AS "__reference_0"
    FROM "relation_5" AS "source"
    UNION ALL
    SELECT
        "source"."sku" AS "sku",
        "source"."desktop_id" AS "__reference_0"
    FROM "relation_6" AS "source"
    UNION ALL
    SELECT
        "source"."sku" AS "sku",
        "source"."laptop_id" AS "__reference_0"
    FROM "relation_7" AS "source"
    UNION ALL
    SELECT
        "source"."sku" AS "sku",
        "source"."tablet_id" AS "__reference_0"
    FROM "relation_8" AS "source"
    UNION ALL
    SELECT
        "source"."sku" AS "sku",
        "source"."smartwatch_id" AS "__reference_0"
    FROM "relation_9" AS "source"
    UNION ALL
    SELECT
        "source"."sku" AS "sku",
        "source"."camera_id" AS "__reference_0"
    FROM "relation_10" AS "source"
    UNION ALL
    SELECT
        "source"."sku" AS "sku",
        "source"."phone_id" AS "__reference_0"
    FROM "relation_11" AS "source"
    UNION ALL
    SELECT
        "source"."sku" AS "sku",
        "source"."accessory_id" AS "__reference_0"
    FROM "relation_12" AS "source"
    UNION ALL
    SELECT
        "source"."sku" AS "sku",
        "source"."appliance_id" AS "__reference_0"
    FROM "relation_13" AS "source"
    UNION ALL
    SELECT
        "source"."sku" AS "sku",
        "source"."kitchenappliance_id" AS "__reference_0"
    FROM "relation_14" AS "source"
    UNION ALL
    SELECT
        "source"."sku" AS "sku",
        "source"."apparel_id" AS "__reference_0"
    FROM "relation_15" AS "source"
    UNION ALL
    SELECT
        "source"."sku" AS "sku",
        "source"."clothing_id" AS "__reference_0"
    FROM "relation_16" AS "source"
    UNION ALL
    SELECT
        "source"."sku" AS "sku",
        "source"."menclothing_id" AS "__reference_0"
    FROM "relation_17" AS "source"
    UNION ALL
    SELECT
        "source"."sku" AS "sku",
        "source"."womenclothing_id" AS "__reference_0"
    FROM "relation_18" AS "source"
    UNION ALL
    SELECT
        "source"."sku" AS "sku",
        "source"."footwear_id" AS "__reference_0"
    FROM "relation_19" AS "source"
    UNION ALL
    SELECT
        "source"."sku" AS "sku",
        "source"."digitalproduct_id" AS "__reference_0"
    FROM "relation_3" AS "source"
    UNION ALL
    SELECT
        "source"."sku" AS "sku",
        "source"."media_id" AS "__reference_0"
    FROM "relation_20" AS "source"
    UNION ALL
    SELECT
        "source"."sku" AS "sku",
        "source"."software_id" AS "__reference_0"
    FROM "relation_21" AS "source"
),
"b3" AS (
    SELECT
        "source"."bundle_product_product_id" AS "__endpoint_bundle_product_id_0",
        "source"."product_id" AS "__endpoint_product_id_0"
    FROM "relation_49" AS "source"
),
"b4" AS (
    SELECT
        "source"."sku" AS "sku",
        "source"."product_id" AS "__reference_0"
    FROM "relation_1" AS "source"
    UNION ALL
    SELECT
        "source"."sku" AS "sku",
        "source"."physicalproduct_id" AS "__reference_0"
    FROM "relation_2" AS "source"
    UNION ALL
    SELECT
        "source"."sku" AS "sku",
        "source"."electronics_id" AS "__reference_0"
    FROM "relation_4" AS "source"
    UNION ALL
    SELECT
        "source"."sku" AS "sku",
        "source"."computer_id" AS "__reference_0"
    FROM "relation_5" AS "source"
    UNION ALL
    SELECT
        "source"."sku" AS "sku",
        "source"."desktop_id" AS "__reference_0"
    FROM "relation_6" AS "source"
    UNION ALL
    SELECT
        "source"."sku" AS "sku",
        "source"."laptop_id" AS "__reference_0"
    FROM "relation_7" AS "source"
    UNION ALL
    SELECT
        "source"."sku" AS "sku",
        "source"."tablet_id" AS "__reference_0"
    FROM "relation_8" AS "source"
    UNION ALL
    SELECT
        "source"."sku" AS "sku",
        "source"."smartwatch_id" AS "__reference_0"
    FROM "relation_9" AS "source"
    UNION ALL
    SELECT
        "source"."sku" AS "sku",
        "source"."camera_id" AS "__reference_0"
    FROM "relation_10" AS "source"
    UNION ALL
    SELECT
        "source"."sku" AS "sku",
        "source"."phone_id" AS "__reference_0"
    FROM "relation_11" AS "source"
    UNION ALL
    SELECT
        "source"."sku" AS "sku",
        "source"."accessory_id" AS "__reference_0"
    FROM "relation_12" AS "source"
    UNION ALL
    SELECT
        "source"."sku" AS "sku",
        "source"."appliance_id" AS "__reference_0"
    FROM "relation_13" AS "source"
    UNION ALL
    SELECT
        "source"."sku" AS "sku",
        "source"."kitchenappliance_id" AS "__reference_0"
    FROM "relation_14" AS "source"
    UNION ALL
    SELECT
        "source"."sku" AS "sku",
        "source"."apparel_id" AS "__reference_0"
    FROM "relation_15" AS "source"
    UNION ALL
    SELECT
        "source"."sku" AS "sku",
        "source"."clothing_id" AS "__reference_0"
    FROM "relation_16" AS "source"
    UNION ALL
    SELECT
        "source"."sku" AS "sku",
        "source"."menclothing_id" AS "__reference_0"
    FROM "relation_17" AS "source"
    UNION ALL
    SELECT
        "source"."sku" AS "sku",
        "source"."womenclothing_id" AS "__reference_0"
    FROM "relation_18" AS "source"
    UNION ALL
    SELECT
        "source"."sku" AS "sku",
        "source"."footwear_id" AS "__reference_0"
    FROM "relation_19" AS "source"
    UNION ALL
    SELECT
        "source"."sku" AS "sku",
        "source"."digitalproduct_id" AS "__reference_0"
    FROM "relation_3" AS "source"
    UNION ALL
    SELECT
        "source"."sku" AS "sku",
        "source"."media_id" AS "__reference_0"
    FROM "relation_20" AS "source"
    UNION ALL
    SELECT
        "source"."sku" AS "sku",
        "source"."software_id" AS "__reference_0"
    FROM "relation_21" AS "source"
)
SELECT 
    "b2"."sku" AS "sku",
    COUNT(DISTINCT "b4"."__reference_0") AS "related_count"
FROM (((("b0" INNER JOIN "b1" ON ("b0"."__endpoint_purchaseorder_0" = "b1"."__reference_0")) INNER JOIN "b2" ON ("b0"."__endpoint_product_0" = "b2"."__reference_0")) INNER JOIN "b3" ON ("b3"."__endpoint_product_id_0" = "b2"."__reference_0")) INNER JOIN "b4" ON ("b3"."__endpoint_bundle_product_id_0" = "b4"."__reference_0"))
WHERE ("b4"."sku" >= 'SKU-klfZ-12422029')
GROUP BY
    "b2"."__reference_0",
    "b2"."sku"
HAVING (COUNT(DISTINCT "b4"."__reference_0") >= 5);
                                                                                    QUERY PLAN                                                                                    
----------------------------------------------------------------------------------------------------------------------------------------------------------------------------------
 GroupAggregate  (cost=1964935.28..7052173.00 rows=13333 width=30) (actual rows=0 loops=1)
   Group Key: source_4.electronics_id, source_4.sku
   Filter: (count(DISTINCT source_26.electronics_id) >= 5)
   Rows Removed by Filter: 18093
   Buffers: shared hit=3627 read=740031, temp read=69856 written=69874
   ->  Incremental Sort  (cost=1964935.28..6599021.94 rows=60353474 width=26) (actual rows=18173 loops=1)
         Sort Key: source_4.electronics_id, source_4.sku, source_26.electronics_id
         Presorted Key: source_4.electronics_id, source_4.sku
         Full-sort Groups: 568  Sort Method: quicksort  Average Memory: 26kB  Peak Memory: 26kB
         Buffers: shared hit=3627 read=740031, temp read=69856 written=69874
         ->  Merge Join  (cost=1964935.17..4932033.20 rows=60353474 width=26) (actual rows=18173 loops=1)
               Merge Cond: (source_4.electronics_id = source.product_id)
               Buffers: shared hit=3627 read=740031, temp read=69856 written=69874
               ->  Gather Merge  (cost=1409909.56..3366135.75 rows=16796474 width=22) (actual rows=16795763 loops=1)
                     Workers Planned: 2
                     Workers Launched: 0
                     Buffers: shared hit=3627 read=359989, temp read=69856 written=69874
                     ->  Sort  (cost=1408909.54..1426405.86 rows=6998530 width=22) (actual rows=16795763 loops=1)
                           Sort Key: source_4.electronics_id, source_4.sku
                           Sort Method: external merge  Disk: 558848kB
                           Buffers: shared hit=3627 read=359989, temp read=69856 written=69874
                           ->  Parallel Append  (cost=0.00..469696.95 rows=6998530 width=22) (actual rows=16796782 loops=1)
                                 Buffers: shared hit=3627 read=359989
                                 ->  Parallel Seq Scan on relation_4 source_4  (cost=0.00..226203.18 rows=3751518 width=22) (actual rows=9004045 loops=1)
                                       Buffers: shared read=188688
                                 ->  Parallel Seq Scan on relation_6 source_6  (cost=0.00..52297.16 rows=782416 width=22) (actual rows=1877778 loops=1)
                                       Buffers: shared read=44473
                                 ->  Parallel Seq Scan on relation_17 source_17  (cost=0.00..45641.97 rows=704197 width=22) (actual rows=1690000 loops=1)
                                       Buffers: shared read=38600
                                 ->  Parallel Seq Scan on relation_20 source_21  (cost=0.00..27364.04 rows=440104 width=22) (actual rows=1056250 loops=1)
                                       Buffers: shared read=22963
                                 ->  Parallel Seq Scan on relation_11 source_11  (cost=0.00..17894.67 rows=281667 width=22) (actual rows=676001 loops=1)
                                       Buffers: shared read=15078
                                 ->  Parallel Seq Scan on relation_9 source_9  (cost=0.00..12029.02 rows=195602 width=22) (actual rows=469445 loops=1)
                                       Buffers: shared read=10073
                                 ->  Parallel Seq Scan on relation_15 source_15  (cost=0.00..9201.84 rows=151984 width=22) (actual rows=364762 loops=1)
                                       Buffers: shared read=7682
                                 ->  Parallel Seq Scan on relation_16 source_16  (cost=0.00..7768.59 rows=124159 width=22) (actual rows=297982 loops=1)
                                       Buffers: shared read=6527
                                 ->  Parallel Seq Scan on relation_14 source_14  (cost=0.00..6762.26 rows=110026 width=22) (actual rows=264063 loops=1)
                                       Buffers: shared read=5662
                                 ->  Parallel Seq Scan on relation_10 source_10  (cost=0.00..4332.17 rows=70417 width=22) (actual rows=169001 loops=1)
                                       Buffers: shared read=3628
                                 ->  Parallel Seq Scan on relation_7 source_7  (cost=0.00..3791.96 rows=58196 width=22) (actual rows=139670 loops=1)
                                       Buffers: shared read=3210
                                 ->  Parallel Seq Scan on relation_12 source_12  (cost=0.00..3785.74 rows=60374 width=22) (actual rows=144898 loops=1)
                                       Buffers: shared read=3182
                                 ->  Parallel Seq Scan on relation_18 source_18  (cost=0.00..3365.36 rows=69036 width=22) (actual rows=117362 loops=1)
                                       Buffers: shared read=2675
                                 ->  Parallel Seq Scan on relation_5 source_5  (cost=0.00..3040.53 rows=63053 width=22) (actual rows=107190 loops=1)
                                       Buffers: shared read=2410
                                 ->  Parallel Seq Scan on relation_8 source_8  (cost=0.00..2734.24 rows=58824 width=22) (actual rows=100000 loops=1)
                                       Buffers: shared read=2146
                                 ->  Parallel Seq Scan on relation_2 source_3  (cost=0.00..2262.09 rows=50509 width=22) (actual rows=85865 loops=1)
                                       Buffers: shared read=1757
                                 ->  Parallel Seq Scan on relation_3 source_20  (cost=0.00..1796.41 rows=39241 width=22) (actual rows=66709 loops=1)
                                       Buffers: shared hit=1404
                                 ->  Parallel Seq Scan on relation_13 source_13  (cost=0.00..1612.65 rows=35365 width=22) (actual rows=60120 loops=1)
                                       Buffers: shared hit=1259
                                 ->  Parallel Seq Scan on relation_1 source_2  (cost=0.00..1599.70 rows=36470 width=22) (actual rows=61999 loops=1)
                                       Buffers: shared read=1235
                                 ->  Parallel Seq Scan on relation_19 source_19  (cost=0.00..795.48 rows=16848 width=22) (actual rows=28642 loops=1)
                                       Buffers: shared hit=627
                                 ->  Parallel Seq Scan on relation_21 source_22  (cost=0.00..425.24 rows=8824 width=22) (actual rows=15000 loops=1)
                                       Buffers: shared hit=337
               ->  Materialize  (cost=555025.61..619968.22 rows=545890 width=12) (actual rows=18173 loops=1)
                     Buffers: shared read=380042
                     ->  Gather Merge  (cost=555025.61..618603.50 rows=545890 width=12) (actual rows=18173 loops=1)
                           Workers Planned: 2
                           Workers Launched: 0
                           Buffers: shared read=380042
                           ->  Sort  (cost=554025.59..554594.22 rows=227454 width=12) (actual rows=18173 loops=1)
                                 Sort Key: source.product_id
                                 Sort Method: quicksort  Memory: 1478kB
                                 Buffers: shared read=380042
                                 ->  Parallel Hash Join  (cost=43733.97..533787.62 rows=227454 width=12) (actual rows=18173 loops=1)
                                       Hash Cond: (source_26.electronics_id = source_23.bundle_product_product_id)
                                       Buffers: shared read=380042
                                       ->  Parallel Append  (cost=0.00..473407.55 rows=4186234 width=4) (actual rows=10053355 loops=1)
                                             Buffers: shared read=363616
                                             ->  Parallel Seq Scan on relation_4 source_26  (cost=0.00..235581.98 rows=2249571 width=4) (actual rows=5389746 loops=1)
                                                   Filter: ((sku)::text >= 'SKU-klfZ-12422029'::text)
                                                   Rows Removed by Filter: 3614299
                                                   Buffers: shared read=188688
                                             ->  Parallel Seq Scan on relation_6 source_28  (cost=0.00..54253.20 rows=463051 width=4) (actual rows=1124247 loops=1)
                                                   Filter: ((sku)::text >= 'SKU-klfZ-12422029'::text)
                                                   Rows Removed by Filter: 753531
                                                   Buffers: shared read=44473
                                             ->  Parallel Seq Scan on relation_17 source_39  (cost=0.00..47402.46 rows=419383 width=4) (actual rows=1011105 loops=1)
                                                   Filter: ((sku)::text >= 'SKU-klfZ-12422029'::text)
                                                   Rows Removed by Filter: 678895
                                                   Buffers: shared read=38600
                                             ->  Parallel Seq Scan on relation_20 source_43  (cost=0.00..28464.30 rows=263796 width=4) (actual rows=632406 loops=1)
                                                   Filter: ((sku)::text >= 'SKU-klfZ-12422029'::text)
                                                   Rows Removed by Filter: 423844
                                                   Buffers: shared read=22963
                                             ->  Parallel Seq Scan on relation_11 source_33  (cost=0.00..18598.84 rows=168900 width=4) (actual rows=404316 loops=1)
                                                   Filter: ((sku)::text >= 'SKU-klfZ-12422029'::text)
                                                   Rows Removed by Filter: 271685
                                                   Buffers: shared read=15078
                                             ->  Parallel Seq Scan on relation_9 source_31  (cost=0.00..12518.03 rows=117538 width=4) (actual rows=281380 loops=1)
                                                   Filter: ((sku)::text >= 'SKU-klfZ-12422029'::text)
                                                   Rows Removed by Filter: 188065
                                                   Buffers: shared read=10073
                                             ->  Parallel Seq Scan on relation_15 source_37  (cost=0.00..9581.80 rows=91095 width=4) (actual rows=218348 loops=1)
                                                   Filter: ((sku)::text >= 'SKU-klfZ-12422029'::text)
                                                   Rows Removed by Filter: 146414
                                                   Buffers: shared read=7682
                                             ->  Parallel Seq Scan on relation_16 source_38  (cost=0.00..8078.99 rows=74420 width=4) (actual rows=178581 loops=1)
                                                   Filter: ((sku)::text >= 'SKU-klfZ-12422029'::text)
                                                   Rows Removed by Filter: 119401
                                                   Buffers: shared read=6527
                                             ->  Parallel Seq Scan on relation_14 source_36  (cost=0.00..7037.33 rows=66016 width=4) (actual rows=157808 loops=1)
                                                   Filter: ((sku)::text >= 'SKU-klfZ-12422029'::text)
                                                   Rows Removed by Filter: 106255
                                                   Buffers: shared read=5662
                                             ->  Parallel Seq Scan on relation_10 source_32  (cost=0.00..4508.21 rows=42225 width=4) (actual rows=100911 loops=1)
                                                   Filter: ((sku)::text >= 'SKU-klfZ-12422029'::text)
                                                   Rows Removed by Filter: 68090
                                                   Buffers: shared read=3628
                                             ->  Parallel Seq Scan on relation_7 source_29  (cost=0.00..3937.45 rows=34388 width=4) (actual rows=83267 loops=1)
                                                   Filter: ((sku)::text >= 'SKU-klfZ-12422029'::text)
                                                   Rows Removed by Filter: 56403
                                                   Buffers: shared read=3210
                                             ->  Parallel Seq Scan on relation_12 source_34  (cost=0.00..3936.68 rows=36225 width=4) (actual rows=86920 loops=1)
                                                   Filter: ((sku)::text >= 'SKU-klfZ-12422029'::text)
                                                   Rows Removed by Filter: 57978
                                                   Buffers: shared read=3182
                                             ->  Parallel Seq Scan on relation_18 source_40  (cost=0.00..3537.96 rows=40858 width=4) (actual rows=70450 loops=1)
                                                   Filter: ((sku)::text >= 'SKU-klfZ-12422029'::text)
                                                   Rows Removed by Filter: 46912
                                                   Buffers: shared read=2675
                                             ->  Parallel Seq Scan on relation_5 source_27  (cost=0.00..3198.16 rows=37552 width=4) (actual rows=63983 loops=1)
                                                   Filter: ((sku)::text >= 'SKU-klfZ-12422029'::text)
                                                   Rows Removed by Filter: 43207
                                                   Buffers: shared read=2410
                                             ->  Parallel Seq Scan on relation_8 source_30  (cost=0.00..2881.29 rows=35365 width=4) (actual rows=59900 loops=1)
                                                   Filter: ((sku)::text >= 'SKU-klfZ-12422029'::text)
                                                   Rows Removed by Filter: 40100
                                                   Buffers: shared read=2146
                                             ->  Parallel Seq Scan on relation_2 source_25  (cost=0.00..2388.36 rows=29864 width=4) (actual rows=51116 loops=1)
                                                   Filter: ((sku)::text >= 'SKU-klfZ-12422029'::text)
                                                   Rows Removed by Filter: 34749
                                                   Buffers: shared read=1757
                                             ->  Parallel Seq Scan on relation_3 source_42  (cost=0.00..1894.51 rows=23519 width=4) (actual rows=39880 loops=1)
                                                   Filter: ((sku)::text >= 'SKU-klfZ-12422029'::text)
                                                   Rows Removed by Filter: 26829
                                                   Buffers: shared read=1404
                                             ->  Parallel Seq Scan on relation_13 source_35  (cost=0.00..1701.06 rows=21062 width=4) (actual rows=35935 loops=1)
                                                   Filter: ((sku)::text >= 'SKU-klfZ-12422029'::text)
                                                   Rows Removed by Filter: 24185
                                                   Buffers: shared read=1259
                                             ->  Parallel Seq Scan on relation_1 source_24  (cost=0.00..1690.88 rows=21861 width=4) (actual rows=36994 loops=1)
                                                   Filter: ((sku)::text >= 'SKU-klfZ-12422029'::text)
                                                   Rows Removed by Filter: 25005
                                                   Buffers: shared read=1235
                                             ->  Parallel Seq Scan on relation_19 source_41  (cost=0.00..837.60 rows=9972 width=4) (actual rows=17043 loops=1)
                                                   Filter: ((sku)::text >= 'SKU-klfZ-12422029'::text)
                                                   Rows Removed by Filter: 11599
                                                   Buffers: shared read=627
                                             ->  Parallel Seq Scan on relation_21 source_44  (cost=0.00..447.29 rows=5302 width=4) (actual rows=9019 loops=1)
                                                   Filter: ((sku)::text >= 'SKU-klfZ-12422029'::text)
                                                   Rows Removed by Filter: 5981
                                                   Buffers: shared read=337
                                       ->  Parallel Hash  (cost=42937.37..42937.37 rows=63728 width=12) (actual rows=30324 loops=1)
                                             Buckets: 262144  Batches: 1  Memory Usage: 3488kB
                                             Buffers: shared read=16426
                                             ->  Hash Join  (cost=8021.49..42937.37 rows=63728 width=12) (actual rows=30324 loops=1)
                                                   Hash Cond: (source.purchaseorder_id = source_1.purchaseorder_id)
                                                   Buffers: shared read=16426
                                                   ->  Hash Join  (cost=4118.31..38866.90 rows=63728 width=16) (actual rows=30324 loops=1)
                                                         Hash Cond: (source_23.product_id = source.product_id)
                                                         Buffers: shared read=15542
                                                         ->  Parallel Seq Scan on relation_49 source_23  (cost=0.00..28862.32 rows=1399732 width=8) (actual rows=3359356 loops=1)
                                                               Buffers: shared read=14865
                                                         ->  Hash  (cost=2206.47..2206.47 rows=152947 width=8) (actual rows=152947 loops=1)
                                                               Buckets: 262144  Batches: 1  Memory Usage: 8023kB
                                                               Buffers: shared read=677
                                                               ->  Seq Scan on relation_62 source  (cost=0.00..2206.47 rows=152947 width=8) (actual rows=152947 loops=1)
                                                                     Buffers: shared read=677
                                                   ->  Hash  (cost=2225.86..2225.86 rows=134186 width=4) (actual rows=134186 loops=1)
                                                         Buckets: 262144  Batches: 1  Memory Usage: 6766kB
                                                         Buffers: shared read=884
                                                         ->  Seq Scan on relation_45 source_1  (cost=0.00..2225.86 rows=134186 width=4) (actual rows=134186 loops=1)
                                                               Buffers: shared read=884
 Planning:
   Buffers: shared hit=7 read=17
 Planning Time: 1.311 ms
 JIT:
   Functions: 160
   Options: Inlining true, Optimization true, Expressions true, Deforming true
 Execution Time: 7677.081 ms
(192 rows)

-- Q055 [aggregation] occurrence 1/1
-- Original E/R: SELECT e1.supplier_id, COUNT(DISTINCT REF(e2)) AS related_count FROM supplier_products r JOIN Supplier e1 ON ENDPOINT(r, Supplier) = REF(e1) JOIN Product e2 ON ENDPOINT(r, Product) = REF(e2) WHERE e2.product_name < 'Intuitive asynchronous task-force' GROUP BY REF(e1), e1.supplier_id HAVING COUNT(DISTINCT REF(e2)) >= 4;
EXPLAIN (ANALYZE, BUFFERS, TIMING OFF, SUMMARY ON, FORMAT TEXT)
WITH
"b0" AS (
    SELECT
        "source"."product_id" AS "__endpoint_product_0",
        "source"."supplier_id" AS "__endpoint_supplier_0"
    FROM "relation_60" AS "source"
),
"b1" AS (
    SELECT
        "source"."supplier_id" AS "supplier_id",
        "source"."supplier_id" AS "__reference_0"
    FROM "relation_43" AS "source"
),
"b2" AS (
    SELECT
        "source"."product_name" AS "product_name",
        "source"."product_id" AS "__reference_0"
    FROM "relation_1" AS "source"
    UNION ALL
    SELECT
        "source"."product_name" AS "product_name",
        "source"."physicalproduct_id" AS "__reference_0"
    FROM "relation_2" AS "source"
    UNION ALL
    SELECT
        "source"."product_name" AS "product_name",
        "source"."electronics_id" AS "__reference_0"
    FROM "relation_4" AS "source"
    UNION ALL
    SELECT
        "source"."product_name" AS "product_name",
        "source"."computer_id" AS "__reference_0"
    FROM "relation_5" AS "source"
    UNION ALL
    SELECT
        "source"."product_name" AS "product_name",
        "source"."desktop_id" AS "__reference_0"
    FROM "relation_6" AS "source"
    UNION ALL
    SELECT
        "source"."product_name" AS "product_name",
        "source"."laptop_id" AS "__reference_0"
    FROM "relation_7" AS "source"
    UNION ALL
    SELECT
        "source"."product_name" AS "product_name",
        "source"."tablet_id" AS "__reference_0"
    FROM "relation_8" AS "source"
    UNION ALL
    SELECT
        "source"."product_name" AS "product_name",
        "source"."smartwatch_id" AS "__reference_0"
    FROM "relation_9" AS "source"
    UNION ALL
    SELECT
        "source"."product_name" AS "product_name",
        "source"."camera_id" AS "__reference_0"
    FROM "relation_10" AS "source"
    UNION ALL
    SELECT
        "source"."product_name" AS "product_name",
        "source"."phone_id" AS "__reference_0"
    FROM "relation_11" AS "source"
    UNION ALL
    SELECT
        "source"."product_name" AS "product_name",
        "source"."accessory_id" AS "__reference_0"
    FROM "relation_12" AS "source"
    UNION ALL
    SELECT
        "source"."product_name" AS "product_name",
        "source"."appliance_id" AS "__reference_0"
    FROM "relation_13" AS "source"
    UNION ALL
    SELECT
        "source"."product_name" AS "product_name",
        "source"."kitchenappliance_id" AS "__reference_0"
    FROM "relation_14" AS "source"
    UNION ALL
    SELECT
        "source"."product_name" AS "product_name",
        "source"."apparel_id" AS "__reference_0"
    FROM "relation_15" AS "source"
    UNION ALL
    SELECT
        "source"."product_name" AS "product_name",
        "source"."clothing_id" AS "__reference_0"
    FROM "relation_16" AS "source"
    UNION ALL
    SELECT
        "source"."product_name" AS "product_name",
        "source"."menclothing_id" AS "__reference_0"
    FROM "relation_17" AS "source"
    UNION ALL
    SELECT
        "source"."product_name" AS "product_name",
        "source"."womenclothing_id" AS "__reference_0"
    FROM "relation_18" AS "source"
    UNION ALL
    SELECT
        "source"."product_name" AS "product_name",
        "source"."footwear_id" AS "__reference_0"
    FROM "relation_19" AS "source"
    UNION ALL
    SELECT
        "source"."product_name" AS "product_name",
        "source"."digitalproduct_id" AS "__reference_0"
    FROM "relation_3" AS "source"
    UNION ALL
    SELECT
        "source"."product_name" AS "product_name",
        "source"."media_id" AS "__reference_0"
    FROM "relation_20" AS "source"
    UNION ALL
    SELECT
        "source"."product_name" AS "product_name",
        "source"."software_id" AS "__reference_0"
    FROM "relation_21" AS "source"
)
SELECT 
    "b1"."supplier_id" AS "supplier_id",
    COUNT(DISTINCT "b2"."__reference_0") AS "related_count"
FROM (("b0" INNER JOIN "b1" ON ("b0"."__endpoint_supplier_0" = "b1"."__reference_0")) INNER JOIN "b2" ON ("b0"."__endpoint_product_0" = "b2"."__reference_0"))
WHERE ("b2"."product_name" < 'Intuitive asynchronous task-force')
GROUP BY
    "b1"."__reference_0",
    "b1"."supplier_id"
HAVING (COUNT(DISTINCT "b2"."__reference_0") >= 4);
                                                                       QUERY PLAN                                                                        
---------------------------------------------------------------------------------------------------------------------------------------------------------
 GroupAggregate  (cost=0.87..1304514.18 rows=34850 width=16) (actual rows=0 loops=1)
   Group Key: source_1.supplier_id
   Filter: (count(DISTINCT source_2.product_id) >= 4)
   Rows Removed by Filter: 15485
   Buffers: shared hit=1977241 read=73393
   ->  Nested Loop  (cost=0.87..1268888.22 rows=6863819 width=8) (actual rows=15485 loops=1)
         Buffers: shared hit=1977241 read=73393
         ->  Merge Join  (cost=0.58..4633.74 rows=38683 width=8) (actual rows=38683 loops=1)
               Merge Cond: (source.supplier_id = source_1.supplier_id)
               Buffers: shared hit=6 read=429
               ->  Index Only Scan using relation_60_pkey on relation_60 source  (cost=0.29..1168.53 rows=38683 width=8) (actual rows=38683 loops=1)
                     Heap Fetches: 0
                     Buffers: shared hit=3 read=144
               ->  Index Only Scan using relation_43_pkey on relation_43 source_1  (cost=0.29..2720.53 rows=104549 width=4) (actual rows=104542 loops=1)
                     Heap Fetches: 0
                     Buffers: shared hit=3 read=285
         ->  Append  (cost=0.29..32.47 rows=21 width=4) (actual rows=0 loops=38683)
               Buffers: shared hit=1977235 read=72964
               ->  Index Scan using relation_1_pkey on relation_1 source_2  (cost=0.29..0.46 rows=1 width=4) (actual rows=0 loops=38683)
                     Index Cond: (product_id = source.product_id)
                     Filter: ((product_name)::text < 'Intuitive asynchronous task-force'::text)
                     Rows Removed by Filter: 0
                     Buffers: shared hit=77246 read=267
               ->  Index Scan using relation_2_pkey on relation_2 source_3  (cost=0.29..0.52 rows=1 width=4) (actual rows=0 loops=38683)
                     Index Cond: (physicalproduct_id = source.product_id)
                     Filter: ((product_name)::text < 'Intuitive asynchronous task-force'::text)
                     Rows Removed by Filter: 0
                     Buffers: shared hit=77192 read=377
               ->  Index Scan using relation_4_pkey on relation_4 source_4  (cost=0.43..6.84 rows=1 width=4) (actual rows=0 loops=38683)
                     Index Cond: (electronics_id = source.product_id)
                     Filter: ((product_name)::text < 'Intuitive asynchronous task-force'::text)
                     Rows Removed by Filter: 0
                     Buffers: shared hit=97229 read=39751
               ->  Index Scan using relation_5_pkey on relation_5 source_5  (cost=0.29..0.59 rows=1 width=4) (actual rows=0 loops=38683)
                     Index Cond: (computer_id = source.product_id)
                     Filter: ((product_name)::text < 'Intuitive asynchronous task-force'::text)
                     Rows Removed by Filter: 0
                     Buffers: shared hit=77165 read=446
               ->  Index Scan using relation_6_pkey on relation_6 source_6  (cost=0.43..4.09 rows=1 width=4) (actual rows=0 loops=38683)
                     Index Cond: (desktop_id = source.product_id)
                     Filter: ((product_name)::text < 'Intuitive asynchronous task-force'::text)
                     Rows Removed by Filter: 0
                     Buffers: shared hit=112217 read=8148
               ->  Index Scan using relation_7_pkey on relation_7 source_7  (cost=0.29..0.69 rows=1 width=4) (actual rows=0 loops=38683)
                     Index Cond: (laptop_id = source.product_id)
                     Filter: ((product_name)::text < 'Intuitive asynchronous task-force'::text)
                     Rows Removed by Filter: 0
                     Buffers: shared hit=77146 read=544
               ->  Index Scan using relation_8_pkey on relation_8 source_8  (cost=0.29..0.56 rows=1 width=4) (actual rows=0 loops=38683)
                     Index Cond: (tablet_id = source.product_id)
                     Filter: ((product_name)::text < 'Intuitive asynchronous task-force'::text)
                     Rows Removed by Filter: 0
                     Buffers: shared hit=77160 read=449
               ->  Index Scan using relation_9_pkey on relation_9 source_9  (cost=0.42..1.71 rows=1 width=4) (actual rows=0 loops=38683)
                     Index Cond: (smartwatch_id = source.product_id)
                     Filter: ((product_name)::text < 'Intuitive asynchronous task-force'::text)
                     Rows Removed by Filter: 0
                     Buffers: shared hit=115116 read=1963
               ->  Index Scan using relation_10_pkey on relation_10 source_10  (cost=0.42..0.86 rows=1 width=4) (actual rows=0 loops=38683)
                     Index Cond: (camera_id = source.product_id)
                     Filter: ((product_name)::text < 'Intuitive asynchronous task-force'::text)
                     Rows Removed by Filter: 0
                     Buffers: shared hit=115777 read=666
               ->  Index Scan using relation_11_pkey on relation_11 source_11  (cost=0.42..2.31 rows=1 width=4) (actual rows=0 loops=38683)
                     Index Cond: (phone_id = source.product_id)
                     Filter: ((product_name)::text < 'Intuitive asynchronous task-force'::text)
                     Rows Removed by Filter: 0
                     Buffers: shared hit=114672 read=2947
               ->  Index Scan using relation_12_pkey on relation_12 source_12  (cost=0.29..0.69 rows=1 width=4) (actual rows=0 loops=38683)
                     Index Cond: (accessory_id = source.product_id)
                     Filter: ((product_name)::text < 'Intuitive asynchronous task-force'::text)
                     Rows Removed by Filter: 0
                     Buffers: shared hit=77117 read=598
               ->  Index Scan using relation_13_pkey on relation_13 source_13  (cost=0.29..0.47 rows=1 width=4) (actual rows=0 loops=38683)
                     Index Cond: (appliance_id = source.product_id)
                     Filter: ((product_name)::text < 'Intuitive asynchronous task-force'::text)
                     Rows Removed by Filter: 0
                     Buffers: shared hit=77237 read=268
               ->  Index Scan using relation_14_pkey on relation_14 source_14  (cost=0.42..1.13 rows=1 width=4) (actual rows=0 loops=38683)
                     Index Cond: (kitchenappliance_id = source.product_id)
                     Filter: ((product_name)::text < 'Intuitive asynchronous task-force'::text)
                     Rows Removed by Filter: 0
                     Buffers: shared hit=115543 read=1097
               ->  Index Scan using relation_15_pkey on relation_15 source_15  (cost=0.42..1.39 rows=1 width=4) (actual rows=0 loops=38683)
                     Index Cond: (apparel_id = source.product_id)
                     Filter: ((product_name)::text < 'Intuitive asynchronous task-force'::text)
                     Rows Removed by Filter: 0
                     Buffers: shared hit=115316 read=1589
               ->  Index Scan using relation_16_pkey on relation_16 source_16  (cost=0.42..1.26 rows=1 width=4) (actual rows=0 loops=38683)
                     Index Cond: (clothing_id = source.product_id)
                     Filter: ((product_name)::text < 'Intuitive asynchronous task-force'::text)
                     Rows Removed by Filter: 0
                     Buffers: shared hit=115461 read=1251
               ->  Index Scan using relation_17_pkey on relation_17 source_17  (cost=0.43..3.91 rows=1 width=4) (actual rows=0 loops=38683)
                     Index Cond: (menclothing_id = source.product_id)
                     Filter: ((product_name)::text < 'Intuitive asynchronous task-force'::text)
                     Rows Removed by Filter: 0
                     Buffers: shared hit=112620 read=7228
               ->  Index Scan using relation_18_pkey on relation_18 source_18  (cost=0.29..0.62 rows=1 width=4) (actual rows=0 loops=38683)
                     Index Cond: (womenclothing_id = source.product_id)
                     Filter: ((product_name)::text < 'Intuitive asynchronous task-force'::text)
                     Rows Removed by Filter: 0
                     Buffers: shared hit=77147 read=499
               ->  Index Scan using relation_19_pkey on relation_19 source_19  (cost=0.29..0.38 rows=1 width=4) (actual rows=0 loops=38683)
                     Index Cond: (footwear_id = source.product_id)
                     Filter: ((product_name)::text < 'Intuitive asynchronous task-force'::text)
                     Rows Removed by Filter: 0
                     Buffers: shared hit=77303 read=131
               ->  Index Scan using relation_3_pkey on relation_3 source_20  (cost=0.29..0.48 rows=1 width=4) (actual rows=0 loops=38683)
                     Index Cond: (digitalproduct_id = source.product_id)
                     Filter: ((product_name)::text < 'Intuitive asynchronous task-force'::text)
                     Rows Removed by Filter: 0
                     Buffers: shared hit=77233 read=291
               ->  Index Scan using relation_20_pkey on relation_20 source_21  (cost=0.43..3.06 rows=1 width=4) (actual rows=0 loops=38683)
                     Index Cond: (media_id = source.product_id)
                     Filter: ((product_name)::text < 'Intuitive asynchronous task-force'::text)
                     Rows Removed by Filter: 0
                     Buffers: shared hit=114004 read=4385
               ->  Index Scan using relation_21_pkey on relation_21 source_22  (cost=0.29..0.34 rows=1 width=4) (actual rows=0 loops=38683)
                     Index Cond: (software_id = source.product_id)
                     Filter: ((product_name)::text < 'Intuitive asynchronous task-force'::text)
                     Rows Removed by Filter: 0
                     Buffers: shared hit=77334 read=69
 Planning:
   Buffers: shared hit=4 read=8
 Planning Time: 0.609 ms
 JIT:
   Functions: 155
   Options: Inlining true, Optimization true, Expressions true, Deforming true
 Execution Time: 1003.990 ms
(130 rows)

-- Q056 [selection_projection] occurrence 1/1
-- Original E/R: SELECT e.password_hash, e.user_id, e.loyalty_tier, e.email FROM Customer e WHERE e.loyalty_tier > 'platinum';
EXPLAIN (ANALYZE, BUFFERS, TIMING OFF, SUMMARY ON, FORMAT TEXT)
WITH
"b0" AS (
    SELECT
        "source"."loyalty_tier" AS "loyalty_tier",
        "source"."email" AS "email",
        "source"."password_hash" AS "password_hash",
        "source"."customer_id" AS "user_id"
    FROM "relation_23" AS "source"
    UNION ALL
    SELECT
        "source"."loyalty_tier" AS "loyalty_tier",
        "source"."email" AS "email",
        "source"."password_hash" AS "password_hash",
        "source"."primecustomer_id" AS "user_id"
    FROM "relation_24" AS "source"
    UNION ALL
    SELECT
        "source"."loyalty_tier" AS "loyalty_tier",
        "source"."email" AS "email",
        "source"."password_hash" AS "password_hash",
        "source"."businesscustomer_id" AS "user_id"
    FROM "relation_25" AS "source"
)
SELECT 
    "b0"."password_hash" AS "password_hash",
    "b0"."user_id" AS "user_id",
    "b0"."loyalty_tier" AS "loyalty_tier",
    "b0"."email" AS "email"
FROM "b0"
WHERE ("b0"."loyalty_tier" > 'platinum');
                                                   QUERY PLAN                                                    
-----------------------------------------------------------------------------------------------------------------
 Append  (cost=0.00..47705.66 rows=298470 width=97) (actual rows=299467 loops=1)
   Buffers: shared read=33251
   ->  Seq Scan on relation_23 source  (cost=0.00..1550.31 rows=10703 width=97) (actual rows=10728 loops=1)
         Filter: ((loyalty_tier)::text > 'platinum'::text)
         Rows Removed by Filter: 26257
         Buffers: shared read=1088
   ->  Seq Scan on relation_24 source_1  (cost=0.00..4963.00 rows=28687 width=97) (actual rows=28914 loops=1)
         Filter: ((loyalty_tier)::text > 'platinum'::text)
         Rows Removed by Filter: 71086
         Buffers: shared read=3713
   ->  Seq Scan on relation_25 source_2  (cost=0.00..39700.00 rows=259080 width=97) (actual rows=259825 loops=1)
         Filter: ((loyalty_tier)::text > 'platinum'::text)
         Rows Removed by Filter: 640175
         Buffers: shared read=28450
 Planning Time: 0.065 ms
 Execution Time: 111.023 ms
(16 rows)

-- Q057 [relationship_join] occurrence 1/1
-- Original E/R: SELECT e1.placed_at, e2.is_active FROM order_items r JOIN CustOrder e1 ON ENDPOINT(r, CustOrder) = REF(e1) JOIN Product e2 ON ENDPOINT(r, Product) = REF(e2) WHERE e1.status > 'returned';
EXPLAIN (ANALYZE, BUFFERS, TIMING OFF, SUMMARY ON, FORMAT TEXT)
WITH
"b0" AS (
    SELECT
        "source"."custorder_id" AS "__endpoint_custorder_0",
        "source"."product_id" AS "__endpoint_product_0"
    FROM "relation_55" AS "source"
),
"b1" AS (
    SELECT
        "source"."placed_at" AS "placed_at",
        "source"."status" AS "status",
        "source"."custorder_id" AS "__reference_0"
    FROM "relation_37" AS "source"
),
"b2" AS (
    SELECT
        "source"."is_active" AS "is_active",
        "source"."product_id" AS "__reference_0"
    FROM "relation_1" AS "source"
    UNION ALL
    SELECT
        "source"."is_active" AS "is_active",
        "source"."physicalproduct_id" AS "__reference_0"
    FROM "relation_2" AS "source"
    UNION ALL
    SELECT
        "source"."is_active" AS "is_active",
        "source"."electronics_id" AS "__reference_0"
    FROM "relation_4" AS "source"
    UNION ALL
    SELECT
        "source"."is_active" AS "is_active",
        "source"."computer_id" AS "__reference_0"
    FROM "relation_5" AS "source"
    UNION ALL
    SELECT
        "source"."is_active" AS "is_active",
        "source"."desktop_id" AS "__reference_0"
    FROM "relation_6" AS "source"
    UNION ALL
    SELECT
        "source"."is_active" AS "is_active",
        "source"."laptop_id" AS "__reference_0"
    FROM "relation_7" AS "source"
    UNION ALL
    SELECT
        "source"."is_active" AS "is_active",
        "source"."tablet_id" AS "__reference_0"
    FROM "relation_8" AS "source"
    UNION ALL
    SELECT
        "source"."is_active" AS "is_active",
        "source"."smartwatch_id" AS "__reference_0"
    FROM "relation_9" AS "source"
    UNION ALL
    SELECT
        "source"."is_active" AS "is_active",
        "source"."camera_id" AS "__reference_0"
    FROM "relation_10" AS "source"
    UNION ALL
    SELECT
        "source"."is_active" AS "is_active",
        "source"."phone_id" AS "__reference_0"
    FROM "relation_11" AS "source"
    UNION ALL
    SELECT
        "source"."is_active" AS "is_active",
        "source"."accessory_id" AS "__reference_0"
    FROM "relation_12" AS "source"
    UNION ALL
    SELECT
        "source"."is_active" AS "is_active",
        "source"."appliance_id" AS "__reference_0"
    FROM "relation_13" AS "source"
    UNION ALL
    SELECT
        "source"."is_active" AS "is_active",
        "source"."kitchenappliance_id" AS "__reference_0"
    FROM "relation_14" AS "source"
    UNION ALL
    SELECT
        "source"."is_active" AS "is_active",
        "source"."apparel_id" AS "__reference_0"
    FROM "relation_15" AS "source"
    UNION ALL
    SELECT
        "source"."is_active" AS "is_active",
        "source"."clothing_id" AS "__reference_0"
    FROM "relation_16" AS "source"
    UNION ALL
    SELECT
        "source"."is_active" AS "is_active",
        "source"."menclothing_id" AS "__reference_0"
    FROM "relation_17" AS "source"
    UNION ALL
    SELECT
        "source"."is_active" AS "is_active",
        "source"."womenclothing_id" AS "__reference_0"
    FROM "relation_18" AS "source"
    UNION ALL
    SELECT
        "source"."is_active" AS "is_active",
        "source"."footwear_id" AS "__reference_0"
    FROM "relation_19" AS "source"
    UNION ALL
    SELECT
        "source"."is_active" AS "is_active",
        "source"."digitalproduct_id" AS "__reference_0"
    FROM "relation_3" AS "source"
    UNION ALL
    SELECT
        "source"."is_active" AS "is_active",
        "source"."media_id" AS "__reference_0"
    FROM "relation_20" AS "source"
    UNION ALL
    SELECT
        "source"."is_active" AS "is_active",
        "source"."software_id" AS "__reference_0"
    FROM "relation_21" AS "source"
)
SELECT 
    "b1"."placed_at" AS "placed_at",
    "b2"."is_active" AS "is_active"
FROM (("b0" INNER JOIN "b1" ON ("b0"."__endpoint_custorder_0" = "b1"."__reference_0")) INNER JOIN "b2" ON ("b0"."__endpoint_product_0" = "b2"."__reference_0"))
WHERE ("b1"."status" > 'returned');
                                                              QUERY PLAN                                                              
--------------------------------------------------------------------------------------------------------------------------------------
 Nested Loop  (cost=1715.34..316875.32 rows=2433407 width=15) (actual rows=14863 loops=1)
   Buffers: shared hit=759599 read=29167
   ->  Hash Join  (cost=1715.05..3485.11 rows=14977 width=15) (actual rows=14863 loops=1)
         Hash Cond: (source.custorder_id = source_1.custorder_id)
         Buffers: shared read=1027
         ->  Seq Scan on relation_55 source  (cost=0.00..1497.66 rows=103766 width=8) (actual rows=103766 loops=1)
               Buffers: shared read=460
         ->  Hash  (cost=1570.25..1570.25 rows=11584 width=15) (actual rows=11494 loops=1)
               Buckets: 16384  Batches: 1  Memory Usage: 667kB
               Buffers: shared read=567
               ->  Seq Scan on relation_37 source_1  (cost=0.00..1570.25 rows=11584 width=15) (actual rows=11494 loops=1)
                     Filter: ((status)::text > 'returned'::text)
                     Rows Removed by Filter: 68766
                     Buffers: shared read=567
   ->  Append  (cost=0.29..20.71 rows=21 width=8) (actual rows=1 loops=14863)
         Buffers: shared hit=759599 read=28140
         ->  Index Scan using relation_1_pkey on relation_1 source_2  (cost=0.29..0.36 rows=1 width=8) (actual rows=0 loops=14863)
               Index Cond: (product_id = source.product_id)
               Buffers: shared hit=29673 read=112
         ->  Index Scan using relation_2_pkey on relation_2 source_3  (cost=0.29..0.39 rows=1 width=8) (actual rows=0 loops=14863)
               Index Cond: (physicalproduct_id = source.product_id)
               Buffers: shared hit=29665 read=132
         ->  Index Scan using relation_4_pkey on relation_4 source_4  (cost=0.43..5.24 rows=1 width=8) (actual rows=1 loops=14863)
               Index Cond: (electronics_id = source.product_id)
               Buffers: shared hit=37358 read=15242
         ->  Index Scan using relation_5_pkey on relation_5 source_5  (cost=0.29..0.41 rows=1 width=8) (actual rows=0 loops=14863)
               Index Cond: (computer_id = source.product_id)
               Buffers: shared hit=29657 read=154
         ->  Index Scan using relation_6_pkey on relation_6 source_6  (cost=0.43..2.48 rows=1 width=8) (actual rows=0 loops=14863)
               Index Cond: (desktop_id = source.product_id)
               Buffers: shared hit=43095 read=3176
         ->  Index Scan using relation_7_pkey on relation_7 source_7  (cost=0.29..0.45 rows=1 width=8) (actual rows=0 loops=14863)
               Index Cond: (laptop_id = source.product_id)
               Buffers: shared hit=29622 read=232
         ->  Index Scan using relation_8_pkey on relation_8 source_8  (cost=0.29..0.40 rows=1 width=8) (actual rows=0 loops=14863)
               Index Cond: (tablet_id = source.product_id)
               Buffers: shared hit=29659 read=156
         ->  Index Scan using relation_9_pkey on relation_9 source_9  (cost=0.42..0.91 rows=1 width=8) (actual rows=0 loops=14863)
               Index Cond: (smartwatch_id = source.product_id)
               Buffers: shared hit=44222 read=787
         ->  Index Scan using relation_10_pkey on relation_10 source_10  (cost=0.42..0.60 rows=1 width=8) (actual rows=0 loops=14863)
               Index Cond: (camera_id = source.product_id)
               Buffers: shared hit=44448 read=315
         ->  Index Scan using relation_11_pkey on relation_11 source_11  (cost=0.42..1.14 rows=1 width=8) (actual rows=0 loops=14863)
               Index Cond: (phone_id = source.product_id)
               Buffers: shared hit=44083 read=1085
         ->  Index Scan using relation_12_pkey on relation_12 source_12  (cost=0.29..0.45 rows=1 width=8) (actual rows=0 loops=14863)
               Index Cond: (accessory_id = source.product_id)
               Buffers: shared hit=29621 read=224
         ->  Index Scan using relation_13_pkey on relation_13 source_13  (cost=0.29..0.37 rows=1 width=8) (actual rows=0 loops=14863)
               Index Cond: (appliance_id = source.product_id)
               Buffers: shared hit=29674 read=110
         ->  Index Scan using relation_14_pkey on relation_14 source_14  (cost=0.42..0.69 rows=1 width=8) (actual rows=0 loops=14863)
               Index Cond: (kitchenappliance_id = source.product_id)
               Buffers: shared hit=44374 read=461
         ->  Index Scan using relation_15_pkey on relation_15 source_15  (cost=0.42..0.79 rows=1 width=8) (actual rows=0 loops=14863)
               Index Cond: (apparel_id = source.product_id)
               Buffers: shared hit=44312 read=588
         ->  Index Scan using relation_16_pkey on relation_16 source_16  (cost=0.42..0.75 rows=1 width=8) (actual rows=0 loops=14863)
               Index Cond: (clothing_id = source.product_id)
               Buffers: shared hit=44342 read=518
         ->  Index Scan using relation_17_pkey on relation_17 source_17  (cost=0.43..2.23 rows=1 width=8) (actual rows=0 loops=14863)
               Index Cond: (menclothing_id = source.product_id)
               Buffers: shared hit=43256 read=2816
         ->  Index Scan using relation_18_pkey on relation_18 source_18  (cost=0.29..0.43 rows=1 width=8) (actual rows=0 loops=14863)
               Index Cond: (womenclothing_id = source.product_id)
               Buffers: shared hit=29643 read=185
         ->  Index Scan using relation_19_pkey on relation_19 source_19  (cost=0.29..0.33 rows=1 width=8) (actual rows=0 loops=14863)
               Index Cond: (footwear_id = source.product_id)
               Buffers: shared hit=29703 read=48
         ->  Index Scan using relation_3_pkey on relation_3 source_20  (cost=0.29..0.37 rows=1 width=8) (actual rows=0 loops=14863)
               Index Cond: (digitalproduct_id = source.product_id)
               Buffers: shared hit=29677 read=112
         ->  Index Scan using relation_20_pkey on relation_20 source_21  (cost=0.43..1.50 rows=1 width=8) (actual rows=0 loops=14863)
               Index Cond: (media_id = source.product_id)
               Buffers: shared hit=43800 read=1663
         ->  Index Scan using relation_21_pkey on relation_21 source_22  (cost=0.29..0.32 rows=1 width=8) (actual rows=0 loops=14863)
               Index Cond: (software_id = source.product_id)
               Buffers: shared hit=29715 read=24
 Planning:
   Buffers: shared hit=4 read=8
 Planning Time: 0.363 ms
 JIT:
   Functions: 119
   Options: Inlining false, Optimization false, Expressions true, Deforming true
 Execution Time: 245.740 ms
(86 rows)

-- Q058 [relationship_join] occurrence 1/1
-- Original E/R: SELECT e1.loyalty_tier, e2.status FROM customer_orders r JOIN Customer e1 ON ENDPOINT(r, Customer) = REF(e1) JOIN CustOrder e2 ON ENDPOINT(r, CustOrder) = REF(e2) WHERE e1.email > 'uhunt@example.org';
EXPLAIN (ANALYZE, BUFFERS, TIMING OFF, SUMMARY ON, FORMAT TEXT)
WITH
"b0" AS (
    SELECT
        "source"."customer_orders_customer_id" AS "__endpoint_customer_0",
        "source"."custorder_id" AS "__endpoint_custorder_0"
    FROM "relation_54" AS "source"
),
"b1" AS (
    SELECT
        "source"."loyalty_tier" AS "loyalty_tier",
        "source"."email" AS "email",
        "source"."customer_id" AS "__reference_0"
    FROM "relation_23" AS "source"
    UNION ALL
    SELECT
        "source"."loyalty_tier" AS "loyalty_tier",
        "source"."email" AS "email",
        "source"."primecustomer_id" AS "__reference_0"
    FROM "relation_24" AS "source"
    UNION ALL
    SELECT
        "source"."loyalty_tier" AS "loyalty_tier",
        "source"."email" AS "email",
        "source"."businesscustomer_id" AS "__reference_0"
    FROM "relation_25" AS "source"
),
"b2" AS (
    SELECT
        "source"."status" AS "status",
        "source"."custorder_id" AS "__reference_0"
    FROM "relation_37" AS "source"
)
SELECT 
    "b1"."loyalty_tier" AS "loyalty_tier",
    "b2"."status" AS "status"
FROM (("b0" INNER JOIN "b1" ON ("b0"."__endpoint_customer_0" = "b1"."__reference_0")) INNER JOIN "b2" ON ("b0"."__endpoint_custorder_0" = "b2"."__reference_0"))
WHERE ("b1"."email" > 'uhunt@example.org');
                                                        QUERY PLAN                                                         
---------------------------------------------------------------------------------------------------------------------------
 Hash Join  (cost=4383.30..52888.97 rows=109698 width=15) (actual rows=7115 loops=1)
   Hash Cond: (source.custorder_id = source_4.custorder_id)
   Buffers: shared read=34149
   ->  Hash Join  (cost=2010.45..50228.16 rows=109698 width=10) (actual rows=7115 loops=1)
         Hash Cond: (source_1.customer_id = source.customer_orders_customer_id)
         Buffers: shared read=33582
         ->  Append  (cost=0.00..46731.84 rows=103705 width=10) (actual rows=100055 loops=1)
               Buffers: shared read=33251
               ->  Seq Scan on relation_23 source_1  (cost=0.00..1550.31 rows=3714 width=10) (actual rows=3612 loops=1)
                     Filter: ((email)::text > 'uhunt@example.org'::text)
                     Rows Removed by Filter: 33373
                     Buffers: shared read=1088
               ->  Seq Scan on relation_24 source_2  (cost=0.00..4963.00 rows=10027 width=10) (actual rows=9757 loops=1)
                     Filter: ((email)::text > 'uhunt@example.org'::text)
                     Rows Removed by Filter: 90243
                     Buffers: shared read=3713
               ->  Seq Scan on relation_25 source_3  (cost=0.00..39700.00 rows=89964 width=10) (actual rows=86686 loops=1)
                     Filter: ((email)::text > 'uhunt@example.org'::text)
                     Rows Removed by Filter: 813314
                     Buffers: shared read=28450
         ->  Hash  (cost=1077.42..1077.42 rows=74642 width=8) (actual rows=74642 loops=1)
               Buckets: 131072  Batches: 1  Memory Usage: 3940kB
               Buffers: shared read=331
               ->  Seq Scan on relation_54 source  (cost=0.00..1077.42 rows=74642 width=8) (actual rows=74642 loops=1)
                     Buffers: shared read=331
   ->  Hash  (cost=1369.60..1369.60 rows=80260 width=13) (actual rows=80260 loops=1)
         Buckets: 131072  Batches: 1  Memory Usage: 4705kB
         Buffers: shared read=567
         ->  Seq Scan on relation_37 source_4  (cost=0.00..1369.60 rows=80260 width=13) (actual rows=80260 loops=1)
               Buffers: shared read=567
 Planning:
   Buffers: shared hit=4 read=8
 Planning Time: 0.216 ms
 Execution Time: 121.694 ms
(34 rows)

-- Q059 [relationship_join] occurrence 1/1
-- Original E/R: SELECT e1.updated_at, e1.cart_id, e2.product_id FROM cart_contains r JOIN Cart e1 ON ENDPOINT(r, Cart) = REF(e1) JOIN Product e2 ON ENDPOINT(r, Product) = REF(e2) WHERE e2.sku >= 'SKU-vFdW-79279946';
EXPLAIN (ANALYZE, BUFFERS, TIMING OFF, SUMMARY ON, FORMAT TEXT)
WITH
"b0" AS (
    SELECT
        "source"."customer_id" AS "__endpoint_cart_0",
        "source"."cart_id" AS "__endpoint_cart_1",
        "source"."product_id" AS "__endpoint_product_0"
    FROM "relation_51" AS "source"
),
"b1" AS (
    SELECT
        "source"."cart_id" AS "cart_id",
        "source"."updated_at" AS "updated_at",
        "source"."customer_id" AS "__reference_0",
        "source"."cart_id" AS "__reference_1"
    FROM "relation_33" AS "source"
),
"b2" AS (
    SELECT
        "source"."product_id" AS "product_id",
        "source"."sku" AS "sku",
        "source"."product_id" AS "__reference_0"
    FROM "relation_1" AS "source"
    UNION ALL
    SELECT
        "source"."physicalproduct_id" AS "product_id",
        "source"."sku" AS "sku",
        "source"."physicalproduct_id" AS "__reference_0"
    FROM "relation_2" AS "source"
    UNION ALL
    SELECT
        "source"."electronics_id" AS "product_id",
        "source"."sku" AS "sku",
        "source"."electronics_id" AS "__reference_0"
    FROM "relation_4" AS "source"
    UNION ALL
    SELECT
        "source"."computer_id" AS "product_id",
        "source"."sku" AS "sku",
        "source"."computer_id" AS "__reference_0"
    FROM "relation_5" AS "source"
    UNION ALL
    SELECT
        "source"."desktop_id" AS "product_id",
        "source"."sku" AS "sku",
        "source"."desktop_id" AS "__reference_0"
    FROM "relation_6" AS "source"
    UNION ALL
    SELECT
        "source"."laptop_id" AS "product_id",
        "source"."sku" AS "sku",
        "source"."laptop_id" AS "__reference_0"
    FROM "relation_7" AS "source"
    UNION ALL
    SELECT
        "source"."tablet_id" AS "product_id",
        "source"."sku" AS "sku",
        "source"."tablet_id" AS "__reference_0"
    FROM "relation_8" AS "source"
    UNION ALL
    SELECT
        "source"."smartwatch_id" AS "product_id",
        "source"."sku" AS "sku",
        "source"."smartwatch_id" AS "__reference_0"
    FROM "relation_9" AS "source"
    UNION ALL
    SELECT
        "source"."camera_id" AS "product_id",
        "source"."sku" AS "sku",
        "source"."camera_id" AS "__reference_0"
    FROM "relation_10" AS "source"
    UNION ALL
    SELECT
        "source"."phone_id" AS "product_id",
        "source"."sku" AS "sku",
        "source"."phone_id" AS "__reference_0"
    FROM "relation_11" AS "source"
    UNION ALL
    SELECT
        "source"."accessory_id" AS "product_id",
        "source"."sku" AS "sku",
        "source"."accessory_id" AS "__reference_0"
    FROM "relation_12" AS "source"
    UNION ALL
    SELECT
        "source"."appliance_id" AS "product_id",
        "source"."sku" AS "sku",
        "source"."appliance_id" AS "__reference_0"
    FROM "relation_13" AS "source"
    UNION ALL
    SELECT
        "source"."kitchenappliance_id" AS "product_id",
        "source"."sku" AS "sku",
        "source"."kitchenappliance_id" AS "__reference_0"
    FROM "relation_14" AS "source"
    UNION ALL
    SELECT
        "source"."apparel_id" AS "product_id",
        "source"."sku" AS "sku",
        "source"."apparel_id" AS "__reference_0"
    FROM "relation_15" AS "source"
    UNION ALL
    SELECT
        "source"."clothing_id" AS "product_id",
        "source"."sku" AS "sku",
        "source"."clothing_id" AS "__reference_0"
    FROM "relation_16" AS "source"
    UNION ALL
    SELECT
        "source"."menclothing_id" AS "product_id",
        "source"."sku" AS "sku",
        "source"."menclothing_id" AS "__reference_0"
    FROM "relation_17" AS "source"
    UNION ALL
    SELECT
        "source"."womenclothing_id" AS "product_id",
        "source"."sku" AS "sku",
        "source"."womenclothing_id" AS "__reference_0"
    FROM "relation_18" AS "source"
    UNION ALL
    SELECT
        "source"."footwear_id" AS "product_id",
        "source"."sku" AS "sku",
        "source"."footwear_id" AS "__reference_0"
    FROM "relation_19" AS "source"
    UNION ALL
    SELECT
        "source"."digitalproduct_id" AS "product_id",
        "source"."sku" AS "sku",
        "source"."digitalproduct_id" AS "__reference_0"
    FROM "relation_3" AS "source"
    UNION ALL
    SELECT
        "source"."media_id" AS "product_id",
        "source"."sku" AS "sku",
        "source"."media_id" AS "__reference_0"
    FROM "relation_20" AS "source"
    UNION ALL
    SELECT
        "source"."software_id" AS "product_id",
        "source"."sku" AS "sku",
        "source"."software_id" AS "__reference_0"
    FROM "relation_21" AS "source"
)
SELECT 
    "b1"."updated_at" AS "updated_at",
    "b1"."cart_id" AS "cart_id",
    "b2"."product_id" AS "product_id"
FROM (("b0" INNER JOIN "b1" ON ("b0"."__endpoint_cart_0" = "b1"."__reference_0" AND "b0"."__endpoint_cart_1" = "b1"."__reference_1")) INNER JOIN "b2" ON ("b0"."__endpoint_product_0" = "b2"."__reference_0"))
WHERE ("b2"."sku" >= 'SKU-vFdW-79279946');
                                                              QUERY PLAN                                                              
--------------------------------------------------------------------------------------------------------------------------------------
 Nested Loop  (cost=1333.62..2200.01 rows=75 width=19) (actual rows=7562 loops=1)
   Buffers: shared hit=2063808 read=76186
   ->  Hash Join  (cost=1333.33..2167.94 rows=1 width=19) (actual rows=40368 loops=1)
         Hash Cond: ((source.customer_id = source_1.customer_id) AND (source.cart_id = source_1.cart_id))
         Buffers: shared read=490
         ->  Seq Scan on relation_51 source  (cost=0.00..622.68 rows=40368 width=12) (actual rows=40368 loops=1)
               Buffers: shared read=219
         ->  Hash  (cost=695.93..695.93 rows=42493 width=19) (actual rows=42493 loops=1)
               Buckets: 65536  Batches: 1  Memory Usage: 2670kB
               Buffers: shared read=271
               ->  Seq Scan on relation_33 source_1  (cost=0.00..695.93 rows=42493 width=19) (actual rows=42493 loops=1)
                     Buffers: shared read=271
   ->  Append  (cost=0.29..31.87 rows=21 width=8) (actual rows=0 loops=40368)
         Buffers: shared hit=2063808 read=75696
         ->  Index Scan using relation_1_pkey on relation_1 source_2  (cost=0.29..0.45 rows=1 width=8) (actual rows=0 loops=40368)
               Index Cond: (product_id = source.product_id)
               Filter: ((sku)::text >= 'SKU-vFdW-79279946'::text)
               Rows Removed by Filter: 0
               Buffers: shared hit=80612 read=273
         ->  Index Scan using relation_2_pkey on relation_2 source_3  (cost=0.29..0.51 rows=1 width=8) (actual rows=0 loops=40368)
               Index Cond: (physicalproduct_id = source.product_id)
               Filter: ((sku)::text >= 'SKU-vFdW-79279946'::text)
               Rows Removed by Filter: 0
               Buffers: shared hit=80575 read=372
         ->  Index Scan using relation_4_pkey on relation_4 source_4  (cost=0.43..6.79 rows=1 width=8) (actual rows=0 loops=40368)
               Index Cond: (electronics_id = source.product_id)
               Filter: ((sku)::text >= 'SKU-vFdW-79279946'::text)
               Rows Removed by Filter: 0
               Buffers: shared hit=101964 read=40736
         ->  Index Scan using relation_5_pkey on relation_5 source_5  (cost=0.29..0.58 rows=1 width=8) (actual rows=0 loops=40368)
               Index Cond: (computer_id = source.product_id)
               Filter: ((sku)::text >= 'SKU-vFdW-79279946'::text)
               Rows Removed by Filter: 0
               Buffers: shared hit=80542 read=434
         ->  Index Scan using relation_6_pkey on relation_6 source_6  (cost=0.43..4.02 rows=1 width=8) (actual rows=0 loops=40368)
               Index Cond: (desktop_id = source.product_id)
               Filter: ((sku)::text >= 'SKU-vFdW-79279946'::text)
               Rows Removed by Filter: 0
               Buffers: shared hit=117090 read=8583
         ->  Index Scan using relation_7_pkey on relation_7 source_7  (cost=0.29..0.67 rows=1 width=8) (actual rows=0 loops=40368)
               Index Cond: (laptop_id = source.product_id)
               Filter: ((sku)::text >= 'SKU-vFdW-79279946'::text)
               Rows Removed by Filter: 0
               Buffers: shared hit=80464 read=603
         ->  Index Scan using relation_8_pkey on relation_8 source_8  (cost=0.29..0.55 rows=1 width=8) (actual rows=0 loops=40368)
               Index Cond: (tablet_id = source.product_id)
               Filter: ((sku)::text >= 'SKU-vFdW-79279946'::text)
               Rows Removed by Filter: 0
               Buffers: shared hit=80543 read=432
         ->  Index Scan using relation_9_pkey on relation_9 source_9  (cost=0.42..1.66 rows=1 width=8) (actual rows=0 loops=40368)
               Index Cond: (smartwatch_id = source.product_id)
               Filter: ((sku)::text >= 'SKU-vFdW-79279946'::text)
               Rows Removed by Filter: 0
               Buffers: shared hit=120121 read=2103
         ->  Index Scan using relation_10_pkey on relation_10 source_10  (cost=0.42..0.85 rows=1 width=8) (actual rows=0 loops=40368)
               Index Cond: (camera_id = source.product_id)
               Filter: ((sku)::text >= 'SKU-vFdW-79279946'::text)
               Rows Removed by Filter: 0
               Buffers: shared hit=120760 read=773
         ->  Index Scan using relation_11_pkey on relation_11 source_11  (cost=0.42..2.23 rows=1 width=8) (actual rows=0 loops=40368)
               Index Cond: (phone_id = source.product_id)
               Filter: ((sku)::text >= 'SKU-vFdW-79279946'::text)
               Rows Removed by Filter: 0
               Buffers: shared hit=119700 read=3016
         ->  Index Scan using relation_12_pkey on relation_12 source_12  (cost=0.29..0.67 rows=1 width=8) (actual rows=0 loops=40368)
               Index Cond: (accessory_id = source.product_id)
               Filter: ((sku)::text >= 'SKU-vFdW-79279946'::text)
               Rows Removed by Filter: 0
               Buffers: shared hit=80462 read=608
         ->  Index Scan using relation_13_pkey on relation_13 source_13  (cost=0.29..0.46 rows=1 width=8) (actual rows=0 loops=40368)
               Index Cond: (appliance_id = source.product_id)
               Filter: ((sku)::text >= 'SKU-vFdW-79279946'::text)
               Rows Removed by Filter: 0
               Buffers: shared hit=80617 read=254
         ->  Index Scan using relation_14_pkey on relation_14 source_14  (cost=0.42..1.10 rows=1 width=8) (actual rows=0 loops=40368)
               Index Cond: (kitchenappliance_id = source.product_id)
               Filter: ((sku)::text >= 'SKU-vFdW-79279946'::text)
               Rows Removed by Filter: 0
               Buffers: shared hit=120571 read=1171
         ->  Index Scan using relation_15_pkey on relation_15 source_15  (cost=0.42..1.35 rows=1 width=8) (actual rows=0 loops=40368)
               Index Cond: (apparel_id = source.product_id)
               Filter: ((sku)::text >= 'SKU-vFdW-79279946'::text)
               Rows Removed by Filter: 0
               Buffers: shared hit=120329 read=1680
         ->  Index Scan using relation_16_pkey on relation_16 source_16  (cost=0.42..1.23 rows=1 width=8) (actual rows=0 loops=40368)
               Index Cond: (clothing_id = source.product_id)
               Filter: ((sku)::text >= 'SKU-vFdW-79279946'::text)
               Rows Removed by Filter: 0
               Buffers: shared hit=120493 read=1309
         ->  Index Scan using relation_17_pkey on relation_17 source_17  (cost=0.43..3.84 rows=1 width=8) (actual rows=0 loops=40368)
               Index Cond: (menclothing_id = source.product_id)
               Filter: ((sku)::text >= 'SKU-vFdW-79279946'::text)
               Rows Removed by Filter: 0
               Buffers: shared hit=117557 read=7607
         ->  Index Scan using relation_18_pkey on relation_18 source_18  (cost=0.29..0.61 rows=1 width=8) (actual rows=0 loops=40368)
               Index Cond: (womenclothing_id = source.product_id)
               Filter: ((sku)::text >= 'SKU-vFdW-79279946'::text)
               Rows Removed by Filter: 0
               Buffers: shared hit=80508 read=527
         ->  Index Scan using relation_19_pkey on relation_19 source_19  (cost=0.29..0.38 rows=1 width=8) (actual rows=0 loops=40368)
               Index Cond: (footwear_id = source.product_id)
               Filter: ((sku)::text >= 'SKU-vFdW-79279946'::text)
               Rows Removed by Filter: 0
               Buffers: shared hit=80682 read=120
         ->  Index Scan using relation_3_pkey on relation_3 source_20  (cost=0.29..0.47 rows=1 width=8) (actual rows=0 loops=40368)
               Index Cond: (digitalproduct_id = source.product_id)
               Filter: ((sku)::text >= 'SKU-vFdW-79279946'::text)
               Rows Removed by Filter: 0
               Buffers: shared hit=80598 read=306
         ->  Index Scan using relation_20_pkey on relation_20 source_21  (cost=0.43..3.00 rows=1 width=8) (actual rows=0 loops=40368)
               Index Cond: (media_id = source.product_id)
               Filter: ((sku)::text >= 'SKU-vFdW-79279946'::text)
               Rows Removed by Filter: 0
               Buffers: shared hit=118906 read=4739
         ->  Index Scan using relation_21_pkey on relation_21 source_22  (cost=0.29..0.34 rows=1 width=8) (actual rows=0 loops=40368)
               Index Cond: (software_id = source.product_id)
               Filter: ((sku)::text >= 'SKU-vFdW-79279946'::text)
               Rows Removed by Filter: 0
               Buffers: shared hit=80714 read=50
 Planning:
   Buffers: shared hit=4 read=11
 Planning Time: 41.864 ms
 Execution Time: 583.543 ms
(123 rows)

-- Q060 [selection_projection] occurrence 1/1
-- Original E/R: SELECT e.ends_at FROM Promotion e WHERE e.starts_at <= '2024-04-21';
EXPLAIN (ANALYZE, BUFFERS, TIMING OFF, SUMMARY ON, FORMAT TEXT)
WITH
"b0" AS (
    SELECT
        "source"."ends_at" AS "ends_at",
        "source"."starts_at" AS "starts_at"
    FROM "relation_39" AS "source"
)
SELECT 
    "b0"."ends_at" AS "ends_at"
FROM "b0"
WHERE ("b0"."starts_at" <= '2024-04-21');
                                              QUERY PLAN                                              
------------------------------------------------------------------------------------------------------
 Seq Scan on relation_39 source  (cost=0.00..3772.73 rows=16288 width=11) (actual rows=15779 loops=1)
   Filter: ((starts_at)::text <= '2024-04-21'::text)
   Rows Removed by Filter: 133959
   Buffers: shared read=1901
 Planning Time: 0.050 ms
 Execution Time: 16.868 ms
(6 rows)

-- Q061 [complex_multi_join] occurrence 1/1
-- Original E/R: SELECT e1.bin_id, e2.base_price, e3.product_id FROM stock r1 JOIN WarehouseBin e1 ON ENDPOINT(r1, WarehouseBin) = REF(e1) JOIN Product e2 ON ENDPOINT(r1, Product) = REF(e2) JOIN bundle_components r2 ON ENDPOINT(r2, bundle_product_id) = REF(e2) JOIN Product e3 ON ENDPOINT(r2, product_id) = REF(e3) WHERE e3.is_active >= 1;
EXPLAIN (ANALYZE, BUFFERS, TIMING OFF, SUMMARY ON, FORMAT TEXT)
WITH
"b0" AS (
    SELECT
        "source"."product_id" AS "__endpoint_product_0",
        "source"."warehouse_id" AS "__endpoint_warehousebin_0",
        "source"."bin_id" AS "__endpoint_warehousebin_1"
    FROM "relation_59" AS "source"
),
"b1" AS (
    SELECT
        "source"."bin_id" AS "bin_id",
        "source"."warehouse_id" AS "__reference_0",
        "source"."bin_id" AS "__reference_1"
    FROM "relation_42" AS "source"
),
"b2" AS (
    SELECT
        "source"."base_price" AS "base_price",
        "source"."product_id" AS "__reference_0"
    FROM "relation_1" AS "source"
    UNION ALL
    SELECT
        "source"."base_price" AS "base_price",
        "source"."physicalproduct_id" AS "__reference_0"
    FROM "relation_2" AS "source"
    UNION ALL
    SELECT
        "source"."base_price" AS "base_price",
        "source"."electronics_id" AS "__reference_0"
    FROM "relation_4" AS "source"
    UNION ALL
    SELECT
        "source"."base_price" AS "base_price",
        "source"."computer_id" AS "__reference_0"
    FROM "relation_5" AS "source"
    UNION ALL
    SELECT
        "source"."base_price" AS "base_price",
        "source"."desktop_id" AS "__reference_0"
    FROM "relation_6" AS "source"
    UNION ALL
    SELECT
        "source"."base_price" AS "base_price",
        "source"."laptop_id" AS "__reference_0"
    FROM "relation_7" AS "source"
    UNION ALL
    SELECT
        "source"."base_price" AS "base_price",
        "source"."tablet_id" AS "__reference_0"
    FROM "relation_8" AS "source"
    UNION ALL
    SELECT
        "source"."base_price" AS "base_price",
        "source"."smartwatch_id" AS "__reference_0"
    FROM "relation_9" AS "source"
    UNION ALL
    SELECT
        "source"."base_price" AS "base_price",
        "source"."camera_id" AS "__reference_0"
    FROM "relation_10" AS "source"
    UNION ALL
    SELECT
        "source"."base_price" AS "base_price",
        "source"."phone_id" AS "__reference_0"
    FROM "relation_11" AS "source"
    UNION ALL
    SELECT
        "source"."base_price" AS "base_price",
        "source"."accessory_id" AS "__reference_0"
    FROM "relation_12" AS "source"
    UNION ALL
    SELECT
        "source"."base_price" AS "base_price",
        "source"."appliance_id" AS "__reference_0"
    FROM "relation_13" AS "source"
    UNION ALL
    SELECT
        "source"."base_price" AS "base_price",
        "source"."kitchenappliance_id" AS "__reference_0"
    FROM "relation_14" AS "source"
    UNION ALL
    SELECT
        "source"."base_price" AS "base_price",
        "source"."apparel_id" AS "__reference_0"
    FROM "relation_15" AS "source"
    UNION ALL
    SELECT
        "source"."base_price" AS "base_price",
        "source"."clothing_id" AS "__reference_0"
    FROM "relation_16" AS "source"
    UNION ALL
    SELECT
        "source"."base_price" AS "base_price",
        "source"."menclothing_id" AS "__reference_0"
    FROM "relation_17" AS "source"
    UNION ALL
    SELECT
        "source"."base_price" AS "base_price",
        "source"."womenclothing_id" AS "__reference_0"
    FROM "relation_18" AS "source"
    UNION ALL
    SELECT
        "source"."base_price" AS "base_price",
        "source"."footwear_id" AS "__reference_0"
    FROM "relation_19" AS "source"
    UNION ALL
    SELECT
        "source"."base_price" AS "base_price",
        "source"."digitalproduct_id" AS "__reference_0"
    FROM "relation_3" AS "source"
    UNION ALL
    SELECT
        "source"."base_price" AS "base_price",
        "source"."media_id" AS "__reference_0"
    FROM "relation_20" AS "source"
    UNION ALL
    SELECT
        "source"."base_price" AS "base_price",
        "source"."software_id" AS "__reference_0"
    FROM "relation_21" AS "source"
),
"b3" AS (
    SELECT
        "source"."bundle_product_product_id" AS "__endpoint_bundle_product_id_0",
        "source"."product_id" AS "__endpoint_product_id_0"
    FROM "relation_49" AS "source"
),
"b4" AS (
    SELECT
        "source"."is_active" AS "is_active",
        "source"."product_id" AS "product_id",
        "source"."product_id" AS "__reference_0"
    FROM "relation_1" AS "source"
    UNION ALL
    SELECT
        "source"."is_active" AS "is_active",
        "source"."physicalproduct_id" AS "product_id",
        "source"."physicalproduct_id" AS "__reference_0"
    FROM "relation_2" AS "source"
    UNION ALL
    SELECT
        "source"."is_active" AS "is_active",
        "source"."electronics_id" AS "product_id",
        "source"."electronics_id" AS "__reference_0"
    FROM "relation_4" AS "source"
    UNION ALL
    SELECT
        "source"."is_active" AS "is_active",
        "source"."computer_id" AS "product_id",
        "source"."computer_id" AS "__reference_0"
    FROM "relation_5" AS "source"
    UNION ALL
    SELECT
        "source"."is_active" AS "is_active",
        "source"."desktop_id" AS "product_id",
        "source"."desktop_id" AS "__reference_0"
    FROM "relation_6" AS "source"
    UNION ALL
    SELECT
        "source"."is_active" AS "is_active",
        "source"."laptop_id" AS "product_id",
        "source"."laptop_id" AS "__reference_0"
    FROM "relation_7" AS "source"
    UNION ALL
    SELECT
        "source"."is_active" AS "is_active",
        "source"."tablet_id" AS "product_id",
        "source"."tablet_id" AS "__reference_0"
    FROM "relation_8" AS "source"
    UNION ALL
    SELECT
        "source"."is_active" AS "is_active",
        "source"."smartwatch_id" AS "product_id",
        "source"."smartwatch_id" AS "__reference_0"
    FROM "relation_9" AS "source"
    UNION ALL
    SELECT
        "source"."is_active" AS "is_active",
        "source"."camera_id" AS "product_id",
        "source"."camera_id" AS "__reference_0"
    FROM "relation_10" AS "source"
    UNION ALL
    SELECT
        "source"."is_active" AS "is_active",
        "source"."phone_id" AS "product_id",
        "source"."phone_id" AS "__reference_0"
    FROM "relation_11" AS "source"
    UNION ALL
    SELECT
        "source"."is_active" AS "is_active",
        "source"."accessory_id" AS "product_id",
        "source"."accessory_id" AS "__reference_0"
    FROM "relation_12" AS "source"
    UNION ALL
    SELECT
        "source"."is_active" AS "is_active",
        "source"."appliance_id" AS "product_id",
        "source"."appliance_id" AS "__reference_0"
    FROM "relation_13" AS "source"
    UNION ALL
    SELECT
        "source"."is_active" AS "is_active",
        "source"."kitchenappliance_id" AS "product_id",
        "source"."kitchenappliance_id" AS "__reference_0"
    FROM "relation_14" AS "source"
    UNION ALL
    SELECT
        "source"."is_active" AS "is_active",
        "source"."apparel_id" AS "product_id",
        "source"."apparel_id" AS "__reference_0"
    FROM "relation_15" AS "source"
    UNION ALL
    SELECT
        "source"."is_active" AS "is_active",
        "source"."clothing_id" AS "product_id",
        "source"."clothing_id" AS "__reference_0"
    FROM "relation_16" AS "source"
    UNION ALL
    SELECT
        "source"."is_active" AS "is_active",
        "source"."menclothing_id" AS "product_id",
        "source"."menclothing_id" AS "__reference_0"
    FROM "relation_17" AS "source"
    UNION ALL
    SELECT
        "source"."is_active" AS "is_active",
        "source"."womenclothing_id" AS "product_id",
        "source"."womenclothing_id" AS "__reference_0"
    FROM "relation_18" AS "source"
    UNION ALL
    SELECT
        "source"."is_active" AS "is_active",
        "source"."footwear_id" AS "product_id",
        "source"."footwear_id" AS "__reference_0"
    FROM "relation_19" AS "source"
    UNION ALL
    SELECT
        "source"."is_active" AS "is_active",
        "source"."digitalproduct_id" AS "product_id",
        "source"."digitalproduct_id" AS "__reference_0"
    FROM "relation_3" AS "source"
    UNION ALL
    SELECT
        "source"."is_active" AS "is_active",
        "source"."media_id" AS "product_id",
        "source"."media_id" AS "__reference_0"
    FROM "relation_20" AS "source"
    UNION ALL
    SELECT
        "source"."is_active" AS "is_active",
        "source"."software_id" AS "product_id",
        "source"."software_id" AS "__reference_0"
    FROM "relation_21" AS "source"
)
SELECT 
    "b1"."bin_id" AS "bin_id",
    "b2"."base_price" AS "base_price",
    "b4"."product_id" AS "product_id"
FROM (((("b0" INNER JOIN "b1" ON ("b0"."__endpoint_warehousebin_0" = "b1"."__reference_0" AND "b0"."__endpoint_warehousebin_1" = "b1"."__reference_1")) INNER JOIN "b2" ON ("b0"."__endpoint_product_0" = "b2"."__reference_0")) INNER JOIN "b3" ON ("b3"."__endpoint_bundle_product_id_0" = "b2"."__reference_0")) INNER JOIN "b4" ON ("b3"."__endpoint_product_id_0" = "b4"."__reference_0"))
WHERE ("b4"."is_active" >= 1);
                                                                        QUERY PLAN                                                                        
----------------------------------------------------------------------------------------------------------------------------------------------------------
 Gather  (cost=155418.19..398418.37 rows=32733 width=12) (actual rows=2229497 loops=1)
   Workers Planned: 2
   Workers Launched: 0
   Buffers: shared hit=252596784 read=4603414, temp read=50676 written=50700
   ->  Nested Loop  (cost=154418.19..394145.07 rows=13639 width=12) (actual rows=2229497 loops=1)
         Buffers: shared hit=252596784 read=4603414, temp read=50676 written=50700
         ->  Nested Loop  (cost=154417.90..227739.36 rows=2442 width=16) (actual rows=2229497 loops=1)
               Buffers: shared hit=136504376 read=2532481, temp read=50676 written=50700
               ->  Parallel Hash Join  (cost=154417.61..188531.31 rows=574 width=16) (actual rows=2621719 loops=1)
                     Hash Cond: (source_23.bundle_product_product_id = source.product_id)
                     Buffers: shared read=85750, temp read=50676 written=50700
                     ->  Parallel Seq Scan on relation_49 source_23  (cost=0.00..28862.32 rows=1399732 width=8) (actual rows=3359356 loops=1)
                           Buffers: shared read=14865
                     ->  Parallel Hash  (cost=154411.18..154411.18 rows=514 width=8) (actual rows=13100150 loops=1)
                           Buckets: 2097152 (originally 2048)  Batches: 8 (originally 1)  Memory Usage: 80544kB
                           Buffers: shared read=70885, temp written=39200
                           ->  Hash Join  (cost=358.20..154411.18 rows=514 width=8) (actual rows=13100150 loops=1)
                                 Hash Cond: ((source.warehouse_id = source_1.warehouse_id) AND (source.bin_id = source_1.bin_id))
                                 Buffers: shared read=70885
                                 ->  Parallel Seq Scan on relation_59 source  (cost=0.00..125396.25 rows=5458425 width=12) (actual rows=13100150 loops=1)
                                       Buffers: shared read=70812
                                 ->  Hash  (cost=187.08..187.08 rows=11408 width=8) (actual rows=11408 loops=1)
                                       Buckets: 16384  Batches: 1  Memory Usage: 574kB
                                       Buffers: shared read=73
                                       ->  Seq Scan on relation_42 source_1  (cost=0.00..187.08 rows=11408 width=8) (actual rows=11408 loops=1)
                                             Buffers: shared read=73
               ->  Append  (cost=0.29..68.10 rows=21 width=8) (actual rows=1 loops=2621719)
                     Buffers: shared hit=136504376 read=2446731
                     ->  Index Scan using relation_1_pkey on relation_1 source_24  (cost=0.29..3.15 rows=1 width=8) (actual rows=0 loops=2621719)
                           Index Cond: (product_id = source_23.product_id)
                           Filter: (is_active >= 1)
                           Rows Removed by Filter: 0
                           Buffers: shared hit=5244430 read=8608
                     ->  Index Scan using relation_2_pkey on relation_2 source_25  (cost=0.29..3.15 rows=1 width=8) (actual rows=0 loops=2621719)
                           Index Cond: (physicalproduct_id = source_23.product_id)
                           Filter: (is_active >= 1)
                           Rows Removed by Filter: 0
                           Buffers: shared hit=5244804 read=12204
                     ->  Index Scan using relation_4_pkey on relation_4 source_26  (cost=0.43..3.63 rows=1 width=8) (actual rows=0 loops=2621719)
                           Index Cond: (electronics_id = source_23.product_id)
                           Filter: (is_active >= 1)
                           Rows Removed by Filter: 0
                           Buffers: shared hit=7952800 read=1316535
                     ->  Index Scan using relation_5_pkey on relation_5 source_27  (cost=0.29..3.14 rows=1 width=8) (actual rows=0 loops=2621719)
                           Index Cond: (computer_id = source_23.product_id)
                           Filter: (is_active >= 1)
                           Rows Removed by Filter: 0
                           Buffers: shared hit=5245113 read=15112
                     ->  Index Scan using relation_6_pkey on relation_6 source_28  (cost=0.43..3.36 rows=1 width=8) (actual rows=0 loops=2621719)
                           Index Cond: (desktop_id = source_23.product_id)
                           Filter: (is_active >= 1)
                           Rows Removed by Filter: 0
                           Buffers: shared hit=7884692 read=273992
                     ->  Index Scan using relation_7_pkey on relation_7 source_29  (cost=0.29..3.15 rows=1 width=8) (actual rows=0 loops=2621719)
                           Index Cond: (laptop_id = source_23.product_id)
                           Filter: (is_active >= 1)
                           Rows Removed by Filter: 0
                           Buffers: shared hit=5245622 read=19726
                     ->  Index Scan using relation_8_pkey on relation_8 source_30  (cost=0.29..3.15 rows=1 width=8) (actual rows=0 loops=2621719)
                           Index Cond: (tablet_id = source_23.product_id)
                           Filter: (is_active >= 1)
                           Rows Removed by Filter: 0
                           Buffers: shared hit=5244985 read=14147
                     ->  Index Scan using relation_9_pkey on relation_9 source_31  (cost=0.42..3.30 rows=1 width=8) (actual rows=0 loops=2621719)
                           Index Cond: (smartwatch_id = source_23.product_id)
                           Filter: (is_active >= 1)
                           Rows Removed by Filter: 0
                           Buffers: shared hit=7869632 read=68678
                     ->  Index Scan using relation_10_pkey on relation_10 source_32  (cost=0.42..3.28 rows=1 width=8) (actual rows=0 loops=2621719)
                           Index Cond: (camera_id = source_23.product_id)
                           Filter: (is_active >= 1)
                           Rows Removed by Filter: 0
                           Buffers: shared hit=7867626 read=23927
                     ->  Index Scan using relation_11_pkey on relation_11 source_33  (cost=0.42..3.31 rows=1 width=8) (actual rows=0 loops=2621719)
                           Index Cond: (phone_id = source_23.product_id)
                           Filter: (is_active >= 1)
                           Rows Removed by Filter: 0
                           Buffers: shared hit=7872778 read=97821
                     ->  Index Scan using relation_12_pkey on relation_12 source_34  (cost=0.29..3.15 rows=1 width=8) (actual rows=0 loops=2621719)
                           Index Cond: (accessory_id = source_23.product_id)
                           Filter: (is_active >= 1)
                           Rows Removed by Filter: 0
                           Buffers: shared hit=5245632 read=20157
                     ->  Index Scan using relation_13_pkey on relation_13 source_35  (cost=0.29..3.15 rows=1 width=8) (actual rows=0 loops=2621719)
                           Index Cond: (appliance_id = source_23.product_id)
                           Filter: (is_active >= 1)
                           Rows Removed by Filter: 0
                           Buffers: shared hit=5244111 read=8793
                     ->  Index Scan using relation_14_pkey on relation_14 source_36  (cost=0.42..3.29 rows=1 width=8) (actual rows=0 loops=2621719)
                           Index Cond: (kitchenappliance_id = source_23.product_id)
                           Filter: (is_active >= 1)
                           Rows Removed by Filter: 0
                           Buffers: shared hit=7868698 read=38139
                     ->  Index Scan using relation_15_pkey on relation_15 source_37  (cost=0.42..3.29 rows=1 width=8) (actual rows=0 loops=2621719)
                           Index Cond: (apparel_id = source_23.product_id)
                           Filter: (is_active >= 1)
                           Rows Removed by Filter: 0
                           Buffers: shared hit=7869219 read=53546
                     ->  Index Scan using relation_16_pkey on relation_16 source_38  (cost=0.42..3.29 rows=1 width=8) (actual rows=0 loops=2621719)
                           Index Cond: (clothing_id = source_23.product_id)
                           Filter: (is_active >= 1)
                           Rows Removed by Filter: 0
                           Buffers: shared hit=7868057 read=43356
                     ->  Index Scan using relation_17_pkey on relation_17 source_39  (cost=0.43..3.35 rows=1 width=8) (actual rows=0 loops=2621719)
                           Index Cond: (menclothing_id = source_23.product_id)
                           Filter: (is_active >= 1)
                           Rows Removed by Filter: 0
                           Buffers: shared hit=7881695 read=247162
                     ->  Index Scan using relation_18_pkey on relation_18 source_40  (cost=0.29..3.15 rows=1 width=8) (actual rows=0 loops=2621719)
                           Index Cond: (womenclothing_id = source_23.product_id)
                           Filter: (is_active >= 1)
                           Rows Removed by Filter: 0
                           Buffers: shared hit=5245209 read=16392
                     ->  Index Scan using relation_19_pkey on relation_19 source_41  (cost=0.29..3.11 rows=1 width=8) (actual rows=0 loops=2621719)
                           Index Cond: (footwear_id = source_23.product_id)
                           Filter: (is_active >= 1)
                           Rows Removed by Filter: 0
                           Buffers: shared hit=5243816 read=4061
                     ->  Index Scan using relation_3_pkey on relation_3 source_42  (cost=0.29..3.14 rows=1 width=8) (actual rows=0 loops=2621719)
                           Index Cond: (digitalproduct_id = source_23.product_id)
                           Filter: (is_active >= 1)
                           Rows Removed by Filter: 0
                           Buffers: shared hit=5244538 read=9531
                     ->  Index Scan using relation_20_pkey on relation_20 source_43  (cost=0.43..3.32 rows=1 width=8) (actual rows=0 loops=2621719)
                           Index Cond: (media_id = source_23.product_id)
                           Filter: (is_active >= 1)
                           Rows Removed by Filter: 0
                           Buffers: shared hit=7877207 read=152721
                     ->  Index Scan using relation_21_pkey on relation_21 source_44  (cost=0.29..3.11 rows=1 width=8) (actual rows=0 loops=2621719)
                           Index Cond: (software_id = source_23.product_id)
                           Filter: (is_active >= 1)
                           Rows Removed by Filter: 0
                           Buffers: shared hit=5243712 read=2123
         ->  Append  (cost=0.29..67.93 rows=21 width=8) (actual rows=1 loops=2229497)
               Buffers: shared hit=116092408 read=2070933
               ->  Index Scan using relation_1_pkey on relation_1 source_2  (cost=0.29..3.14 rows=1 width=8) (actual rows=0 loops=2229497)
                     Index Cond: (product_id = source.product_id)
                     Buffers: shared hit=4459937 read=7471
               ->  Index Scan using relation_2_pkey on relation_2 source_3  (cost=0.29..3.15 rows=1 width=8) (actual rows=0 loops=2229497)
                     Index Cond: (physicalproduct_id = source.product_id)
                     Buffers: shared hit=4460252 read=10198
               ->  Index Scan using relation_4_pkey on relation_4 source_4  (cost=0.43..3.57 rows=1 width=8) (actual rows=1 loops=2229497)
                     Index Cond: (electronics_id = source.product_id)
                     Buffers: shared hit=6767328 read=1117416
               ->  Index Scan using relation_5_pkey on relation_5 source_5  (cost=0.29..3.14 rows=1 width=8) (actual rows=0 loops=2229497)
                     Index Cond: (computer_id = source.product_id)
                     Buffers: shared hit=4460507 read=12806
               ->  Index Scan using relation_6_pkey on relation_6 source_6  (cost=0.43..3.34 rows=1 width=8) (actual rows=0 loops=2229497)
                     Index Cond: (desktop_id = source.product_id)
                     Buffers: shared hit=6706844 read=232079
               ->  Index Scan using relation_7_pkey on relation_7 source_7  (cost=0.29..3.15 rows=1 width=8) (actual rows=0 loops=2229497)
                     Index Cond: (laptop_id = source.product_id)
                     Buffers: shared hit=4460932 read=16622
               ->  Index Scan using relation_8_pkey on relation_8 source_8  (cost=0.29..3.15 rows=1 width=8) (actual rows=0 loops=2229497)
                     Index Cond: (tablet_id = source.product_id)
                     Buffers: shared hit=4460327 read=12042
               ->  Index Scan using relation_9_pkey on relation_9 source_9  (cost=0.42..3.29 rows=1 width=8) (actual rows=0 loops=2229497)
                     Index Cond: (smartwatch_id = source.product_id)
                     Buffers: shared hit=6692676 read=58410
               ->  Index Scan using relation_10_pkey on relation_10 source_10  (cost=0.42..3.28 rows=1 width=8) (actual rows=0 loops=2229497)
                     Index Cond: (camera_id = source.product_id)
                     Buffers: shared hit=6690786 read=20221
               ->  Index Scan using relation_11_pkey on relation_11 source_11  (cost=0.42..3.30 rows=1 width=8) (actual rows=0 loops=2229497)
                     Index Cond: (phone_id = source.product_id)
                     Buffers: shared hit=6695170 read=82975
               ->  Index Scan using relation_12_pkey on relation_12 source_12  (cost=0.29..3.15 rows=1 width=8) (actual rows=0 loops=2229497)
                     Index Cond: (accessory_id = source.product_id)
                     Buffers: shared hit=4460961 read=17383
               ->  Index Scan using relation_13_pkey on relation_13 source_13  (cost=0.29..3.15 rows=1 width=8) (actual rows=0 loops=2229497)
                     Index Cond: (appliance_id = source.product_id)
                     Buffers: shared hit=4459459 read=7423
               ->  Index Scan using relation_14_pkey on relation_14 source_14  (cost=0.42..3.29 rows=1 width=8) (actual rows=0 loops=2229497)
                     Index Cond: (kitchenappliance_id = source.product_id)
                     Buffers: shared hit=6691351 read=31412
               ->  Index Scan using relation_15_pkey on relation_15 source_15  (cost=0.42..3.29 rows=1 width=8) (actual rows=0 loops=2229497)
                     Index Cond: (apparel_id = source.product_id)
                     Buffers: shared hit=6692303 read=44918
               ->  Index Scan using relation_16_pkey on relation_16 source_16  (cost=0.42..3.29 rows=1 width=8) (actual rows=0 loops=2229497)
                     Index Cond: (clothing_id = source.product_id)
                     Buffers: shared hit=6691067 read=36341
               ->  Index Scan using relation_17_pkey on relation_17 source_17  (cost=0.43..3.34 rows=1 width=8) (actual rows=0 loops=2229497)
                     Index Cond: (menclothing_id = source.product_id)
                     Buffers: shared hit=6704268 read=207832
               ->  Index Scan using relation_18_pkey on relation_18 source_18  (cost=0.29..3.14 rows=1 width=8) (actual rows=0 loops=2229497)
                     Index Cond: (womenclothing_id = source.product_id)
                     Buffers: shared hit=4460555 read=13752
               ->  Index Scan using relation_19_pkey on relation_19 source_19  (cost=0.29..3.10 rows=1 width=8) (actual rows=0 loops=2229497)
                     Index Cond: (footwear_id = source.product_id)
                     Buffers: shared hit=4459369 read=3367
               ->  Index Scan using relation_3_pkey on relation_3 source_20  (cost=0.29..3.13 rows=1 width=8) (actual rows=0 loops=2229497)
                     Index Cond: (digitalproduct_id = source.product_id)
                     Buffers: shared hit=4459803 read=7926
               ->  Index Scan using relation_20_pkey on relation_20 source_21  (cost=0.43..3.32 rows=1 width=8) (actual rows=0 loops=2229497)
                     Index Cond: (media_id = source.product_id)
                     Buffers: shared hit=6699293 read=128493
               ->  Index Scan using relation_21_pkey on relation_21 source_22  (cost=0.29..3.11 rows=1 width=8) (actual rows=0 loops=2229497)
                     Index Cond: (software_id = source.product_id)
                     Buffers: shared hit=4459220 read=1846
 Planning:
   Buffers: shared hit=3 read=11
 Planning Time: 0.933 ms
 JIT:
   Functions: 277
   Options: Inlining false, Optimization false, Expressions true, Deforming true
 Execution Time: 65670.930 ms
(205 rows)

-- Q062 [weak_owner] occurrence 1/1
-- Original E/R: SELECT w.wishlist_name, o.loyalty_tier FROM Wishlist w JOIN Customer o ON OWNER(w) = REF(o) WHERE w.wishlist_name > 'default';
EXPLAIN (ANALYZE, BUFFERS, TIMING OFF, SUMMARY ON, FORMAT TEXT)
WITH
"b0" AS (
    SELECT
        "source"."wishlist_name" AS "wishlist_name",
        "source"."customer_id" AS "__owner_0"
    FROM "relation_34" AS "source"
),
"b1" AS (
    SELECT
        "source"."loyalty_tier" AS "loyalty_tier",
        "source"."customer_id" AS "__reference_0"
    FROM "relation_23" AS "source"
    UNION ALL
    SELECT
        "source"."loyalty_tier" AS "loyalty_tier",
        "source"."primecustomer_id" AS "__reference_0"
    FROM "relation_24" AS "source"
    UNION ALL
    SELECT
        "source"."loyalty_tier" AS "loyalty_tier",
        "source"."businesscustomer_id" AS "__reference_0"
    FROM "relation_25" AS "source"
)
SELECT 
    "b0"."wishlist_name" AS "wishlist_name",
    "b1"."loyalty_tier" AS "loyalty_tier"
FROM ("b0" INNER JOIN "b1" ON ("b0"."__owner_0" = "b1"."__reference_0"))
WHERE ("b0"."wishlist_name" > 'default');
                                                      QUERY PLAN                                                       
-----------------------------------------------------------------------------------------------------------------------
 Hash Join  (cost=1101.44..58627.63 rows=483172 width=14) (actual rows=20919 loops=1)
   Hash Cond: (source_1.customer_id = source.customer_id)
   Buffers: shared read=33513
   ->  Append  (cost=0.00..48805.78 rows=1036985 width=10) (actual rows=1036985 loops=1)
         Buffers: shared read=33251
         ->  Seq Scan on relation_23 source_1  (cost=0.00..1457.85 rows=36985 width=10) (actual rows=36985 loops=1)
               Buffers: shared read=1088
         ->  Seq Scan on relation_24 source_2  (cost=0.00..4713.00 rows=100000 width=10) (actual rows=100000 loops=1)
               Buffers: shared read=3713
         ->  Seq Scan on relation_25 source_3  (cost=0.00..37450.00 rows=900000 width=10) (actual rows=900000 loops=1)
               Buffers: shared read=28450
   ->  Hash  (cost=839.90..839.90 rows=20923 width=12) (actual rows=20919 loops=1)
         Buckets: 32768  Batches: 1  Memory Usage: 1179kB
         Buffers: shared read=262
         ->  Seq Scan on relation_34 source  (cost=0.00..839.90 rows=20923 width=12) (actual rows=20919 loops=1)
               Filter: ((wishlist_name)::text > 'default'::text)
               Rows Removed by Filter: 25313
               Buffers: shared read=262
 Planning Time: 0.113 ms
 Execution Time: 133.921 ms
(20 rows)

-- Q063 [relationship_join] occurrence 1/1
-- Original E/R: SELECT e1.status, e1.placed_at, e2.sku FROM order_items r JOIN CustOrder e1 ON ENDPOINT(r, CustOrder) = REF(e1) JOIN Product e2 ON ENDPOINT(r, Product) = REF(e2) WHERE e1.status >= 'paid';
EXPLAIN (ANALYZE, BUFFERS, TIMING OFF, SUMMARY ON, FORMAT TEXT)
WITH
"b0" AS (
    SELECT
        "source"."custorder_id" AS "__endpoint_custorder_0",
        "source"."product_id" AS "__endpoint_product_0"
    FROM "relation_55" AS "source"
),
"b1" AS (
    SELECT
        "source"."placed_at" AS "placed_at",
        "source"."status" AS "status",
        "source"."custorder_id" AS "__reference_0"
    FROM "relation_37" AS "source"
),
"b2" AS (
    SELECT
        "source"."sku" AS "sku",
        "source"."product_id" AS "__reference_0"
    FROM "relation_1" AS "source"
    UNION ALL
    SELECT
        "source"."sku" AS "sku",
        "source"."physicalproduct_id" AS "__reference_0"
    FROM "relation_2" AS "source"
    UNION ALL
    SELECT
        "source"."sku" AS "sku",
        "source"."electronics_id" AS "__reference_0"
    FROM "relation_4" AS "source"
    UNION ALL
    SELECT
        "source"."sku" AS "sku",
        "source"."computer_id" AS "__reference_0"
    FROM "relation_5" AS "source"
    UNION ALL
    SELECT
        "source"."sku" AS "sku",
        "source"."desktop_id" AS "__reference_0"
    FROM "relation_6" AS "source"
    UNION ALL
    SELECT
        "source"."sku" AS "sku",
        "source"."laptop_id" AS "__reference_0"
    FROM "relation_7" AS "source"
    UNION ALL
    SELECT
        "source"."sku" AS "sku",
        "source"."tablet_id" AS "__reference_0"
    FROM "relation_8" AS "source"
    UNION ALL
    SELECT
        "source"."sku" AS "sku",
        "source"."smartwatch_id" AS "__reference_0"
    FROM "relation_9" AS "source"
    UNION ALL
    SELECT
        "source"."sku" AS "sku",
        "source"."camera_id" AS "__reference_0"
    FROM "relation_10" AS "source"
    UNION ALL
    SELECT
        "source"."sku" AS "sku",
        "source"."phone_id" AS "__reference_0"
    FROM "relation_11" AS "source"
    UNION ALL
    SELECT
        "source"."sku" AS "sku",
        "source"."accessory_id" AS "__reference_0"
    FROM "relation_12" AS "source"
    UNION ALL
    SELECT
        "source"."sku" AS "sku",
        "source"."appliance_id" AS "__reference_0"
    FROM "relation_13" AS "source"
    UNION ALL
    SELECT
        "source"."sku" AS "sku",
        "source"."kitchenappliance_id" AS "__reference_0"
    FROM "relation_14" AS "source"
    UNION ALL
    SELECT
        "source"."sku" AS "sku",
        "source"."apparel_id" AS "__reference_0"
    FROM "relation_15" AS "source"
    UNION ALL
    SELECT
        "source"."sku" AS "sku",
        "source"."clothing_id" AS "__reference_0"
    FROM "relation_16" AS "source"
    UNION ALL
    SELECT
        "source"."sku" AS "sku",
        "source"."menclothing_id" AS "__reference_0"
    FROM "relation_17" AS "source"
    UNION ALL
    SELECT
        "source"."sku" AS "sku",
        "source"."womenclothing_id" AS "__reference_0"
    FROM "relation_18" AS "source"
    UNION ALL
    SELECT
        "source"."sku" AS "sku",
        "source"."footwear_id" AS "__reference_0"
    FROM "relation_19" AS "source"
    UNION ALL
    SELECT
        "source"."sku" AS "sku",
        "source"."digitalproduct_id" AS "__reference_0"
    FROM "relation_3" AS "source"
    UNION ALL
    SELECT
        "source"."sku" AS "sku",
        "source"."media_id" AS "__reference_0"
    FROM "relation_20" AS "source"
    UNION ALL
    SELECT
        "source"."sku" AS "sku",
        "source"."software_id" AS "__reference_0"
    FROM "relation_21" AS "source"
)
SELECT 
    "b1"."status" AS "status",
    "b1"."placed_at" AS "placed_at",
    "b2"."sku" AS "sku"
FROM (("b0" INNER JOIN "b1" ON ("b0"."__endpoint_custorder_0" = "b1"."__reference_0")) INNER JOIN "b2" ON ("b0"."__endpoint_product_0" = "b2"."__reference_0"))
WHERE ("b1"."status" >= 'paid');
                                                           QUERY PLAN                                                           
--------------------------------------------------------------------------------------------------------------------------------
 Hash Join  (cost=4303.46..753444.41 rows=7059107 width=38) (actual rows=43729 loops=1)
   Hash Cond: (source_2.product_id = source.product_id)
   Buffers: shared hit=2272 read=362371
   ->  Append  (cost=0.00..615563.11 rows=16796474 width=22) (actual rows=16796782 loops=1)
         Buffers: shared hit=2272 read=361344
         ->  Seq Scan on relation_1 source_2  (cost=0.00..1854.99 rows=61999 width=22) (actual rows=61999 loops=1)
               Buffers: shared hit=20 read=1215
         ->  Seq Scan on relation_2 source_3  (cost=0.00..2615.65 rows=85865 width=22) (actual rows=85865 loops=1)
               Buffers: shared hit=17 read=1740
         ->  Seq Scan on relation_4 source_4  (cost=0.00..278724.44 rows=9003644 width=22) (actual rows=9004045 loops=1)
               Buffers: shared hit=1832 read=186856
         ->  Seq Scan on relation_5 source_5  (cost=0.00..3481.90 rows=107190 width=22) (actual rows=107190 loops=1)
               Buffers: shared hit=24 read=2386
         ->  Seq Scan on relation_6 source_6  (cost=0.00..63250.98 rows=1877798 width=22) (actual rows=1877778 loops=1)
               Buffers: shared hit=271 read=44202
         ->  Seq Scan on relation_7 source_7  (cost=0.00..4606.70 rows=139670 width=22) (actual rows=139670 loops=1)
               Buffers: shared hit=18 read=3192
         ->  Seq Scan on relation_8 source_8  (cost=0.00..3146.00 rows=100000 width=22) (actual rows=100000 loops=1)
               Buffers: shared hit=10 read=2136
         ->  Seq Scan on relation_9 source_9  (cost=0.00..14767.45 rows=469445 width=22) (actual rows=469445 loops=1)
               Buffers: shared hit=27 read=10046
         ->  Seq Scan on relation_10 source_10  (cost=0.00..5318.01 rows=169001 width=22) (actual rows=169001 loops=1)
               Buffers: shared hit=7 read=3621
         ->  Seq Scan on relation_11 source_11  (cost=0.00..21838.01 rows=676001 width=22) (actual rows=676001 loops=1)
               Buffers: shared hit=25 read=15053
         ->  Seq Scan on relation_12 source_12  (cost=0.00..4630.98 rows=144898 width=22) (actual rows=144898 loops=1)
               Buffers: shared hit=3 read=3179
         ->  Seq Scan on relation_13 source_13  (cost=0.00..1860.20 rows=60120 width=22) (actual rows=60120 loops=1)
               Buffers: shared hit=2 read=1257
         ->  Seq Scan on relation_14 source_14  (cost=0.00..8302.63 rows=264063 width=22) (actual rows=264063 loops=1)
               Buffers: shared read=5662
         ->  Seq Scan on relation_15 source_15  (cost=0.00..11329.62 rows=364762 width=22) (actual rows=364762 loops=1)
               Buffers: shared hit=6 read=7676
         ->  Seq Scan on relation_16 source_16  (cost=0.00..9506.82 rows=297982 width=22) (actual rows=297982 loops=1)
               Buffers: shared read=6527
         ->  Seq Scan on relation_17 source_17  (cost=0.00..55500.73 rows=1690073 width=22) (actual rows=1690000 loops=1)
               Buffers: shared hit=10 read=38590
         ->  Seq Scan on relation_18 source_18  (cost=0.00..3848.62 rows=117362 width=22) (actual rows=117362 loops=1)
               Buffers: shared read=2675
         ->  Seq Scan on relation_19 source_19  (cost=0.00..913.42 rows=28642 width=22) (actual rows=28642 loops=1)
               Buffers: shared read=627
         ->  Seq Scan on relation_3 source_20  (cost=0.00..2071.09 rows=66709 width=22) (actual rows=66709 loops=1)
               Buffers: shared read=1404
         ->  Seq Scan on relation_20 source_21  (cost=0.00..33525.50 rows=1056250 width=22) (actual rows=1056250 loops=1)
               Buffers: shared read=22963
         ->  Seq Scan on relation_21 source_22  (cost=0.00..487.00 rows=15000 width=22) (actual rows=15000 loops=1)
               Buffers: shared read=337
   ->  Hash  (cost=3760.37..3760.37 rows=43447 width=24) (actual rows=43729 loops=1)
         Buckets: 65536  Batches: 1  Memory Usage: 2877kB
         Buffers: shared read=1027
         ->  Hash Join  (cost=1990.31..3760.37 rows=43447 width=24) (actual rows=43729 loops=1)
               Hash Cond: (source.custorder_id = source_1.custorder_id)
               Buffers: shared read=1027
               ->  Seq Scan on relation_55 source  (cost=0.00..1497.66 rows=103766 width=8) (actual rows=103766 loops=1)
                     Buffers: shared read=460
               ->  Hash  (cost=1570.25..1570.25 rows=33605 width=24) (actual rows=33706 loops=1)
                     Buckets: 65536  Batches: 1  Memory Usage: 2365kB
                     Buffers: shared read=567
                     ->  Seq Scan on relation_37 source_1  (cost=0.00..1570.25 rows=33605 width=24) (actual rows=33706 loops=1)
                           Filter: ((status)::text >= 'paid'::text)
                           Rows Removed by Filter: 46554
                           Buffers: shared read=567
 Planning:
   Buffers: shared hit=4 read=8
 Planning Time: 0.352 ms
 JIT:
   Functions: 61
   Options: Inlining true, Optimization true, Expressions true, Deforming true
 Execution Time: 1941.298 ms
(69 rows)

-- Q064 [selection_projection] occurrence 1/1
-- Original E/R: SELECT e.product_id FROM Footwear e WHERE e.product_id >= 15719843;
EXPLAIN (ANALYZE, BUFFERS, TIMING OFF, SUMMARY ON, FORMAT TEXT)
WITH
"b0" AS (
    SELECT
        "source"."footwear_id" AS "product_id"
    FROM "relation_19" AS "source"
)
SELECT 
    "b0"."product_id" AS "product_id"
FROM "b0"
WHERE ("b0"."product_id" >= 15719843);
                                                           QUERY PLAN                                                           
--------------------------------------------------------------------------------------------------------------------------------
 Index Only Scan using relation_19_pkey on relation_19 source  (cost=0.29..167.84 rows=5689 width=4) (actual rows=5690 loops=1)
   Index Cond: (footwear_id >= 15719843)
   Heap Fetches: 0
   Buffers: shared hit=2 read=17
 Planning Time: 0.044 ms
 Execution Time: 0.277 ms
(6 rows)

-- Q065 [relationship_join] occurrence 1/1
-- Original E/R: SELECT e1.product_name, e1.quantity, e2.product_id FROM bought_together r JOIN Product e1 ON ENDPOINT(r, product_id) = REF(e1) JOIN Product e2 ON ENDPOINT(r, bought_together_product_id) = REF(e2) WHERE e1.quantity >= 30;
EXPLAIN (ANALYZE, BUFFERS, TIMING OFF, SUMMARY ON, FORMAT TEXT)
WITH
"b0" AS (
    SELECT
        "source"."bought_together_product_product_id" AS "__endpoint_bought_together_product_id_0",
        "source"."product_id" AS "__endpoint_product_id_0"
    FROM "relation_50" AS "source"
),
"b1" AS (
    SELECT
        "source"."product_name" AS "product_name",
        "source"."quantity" AS "quantity",
        "source"."product_id" AS "__reference_0"
    FROM "relation_1" AS "source"
    UNION ALL
    SELECT
        "source"."product_name" AS "product_name",
        "source"."quantity" AS "quantity",
        "source"."physicalproduct_id" AS "__reference_0"
    FROM "relation_2" AS "source"
    UNION ALL
    SELECT
        "source"."product_name" AS "product_name",
        "source"."quantity" AS "quantity",
        "source"."electronics_id" AS "__reference_0"
    FROM "relation_4" AS "source"
    UNION ALL
    SELECT
        "source"."product_name" AS "product_name",
        "source"."quantity" AS "quantity",
        "source"."computer_id" AS "__reference_0"
    FROM "relation_5" AS "source"
    UNION ALL
    SELECT
        "source"."product_name" AS "product_name",
        "source"."quantity" AS "quantity",
        "source"."desktop_id" AS "__reference_0"
    FROM "relation_6" AS "source"
    UNION ALL
    SELECT
        "source"."product_name" AS "product_name",
        "source"."quantity" AS "quantity",
        "source"."laptop_id" AS "__reference_0"
    FROM "relation_7" AS "source"
    UNION ALL
    SELECT
        "source"."product_name" AS "product_name",
        "source"."quantity" AS "quantity",
        "source"."tablet_id" AS "__reference_0"
    FROM "relation_8" AS "source"
    UNION ALL
    SELECT
        "source"."product_name" AS "product_name",
        "source"."quantity" AS "quantity",
        "source"."smartwatch_id" AS "__reference_0"
    FROM "relation_9" AS "source"
    UNION ALL
    SELECT
        "source"."product_name" AS "product_name",
        "source"."quantity" AS "quantity",
        "source"."camera_id" AS "__reference_0"
    FROM "relation_10" AS "source"
    UNION ALL
    SELECT
        "source"."product_name" AS "product_name",
        "source"."quantity" AS "quantity",
        "source"."phone_id" AS "__reference_0"
    FROM "relation_11" AS "source"
    UNION ALL
    SELECT
        "source"."product_name" AS "product_name",
        "source"."quantity" AS "quantity",
        "source"."accessory_id" AS "__reference_0"
    FROM "relation_12" AS "source"
    UNION ALL
    SELECT
        "source"."product_name" AS "product_name",
        "source"."quantity" AS "quantity",
        "source"."appliance_id" AS "__reference_0"
    FROM "relation_13" AS "source"
    UNION ALL
    SELECT
        "source"."product_name" AS "product_name",
        "source"."quantity" AS "quantity",
        "source"."kitchenappliance_id" AS "__reference_0"
    FROM "relation_14" AS "source"
    UNION ALL
    SELECT
        "source"."product_name" AS "product_name",
        "source"."quantity" AS "quantity",
        "source"."apparel_id" AS "__reference_0"
    FROM "relation_15" AS "source"
    UNION ALL
    SELECT
        "source"."product_name" AS "product_name",
        "source"."quantity" AS "quantity",
        "source"."clothing_id" AS "__reference_0"
    FROM "relation_16" AS "source"
    UNION ALL
    SELECT
        "source"."product_name" AS "product_name",
        "source"."quantity" AS "quantity",
        "source"."menclothing_id" AS "__reference_0"
    FROM "relation_17" AS "source"
    UNION ALL
    SELECT
        "source"."product_name" AS "product_name",
        "source"."quantity" AS "quantity",
        "source"."womenclothing_id" AS "__reference_0"
    FROM "relation_18" AS "source"
    UNION ALL
    SELECT
        "source"."product_name" AS "product_name",
        "source"."quantity" AS "quantity",
        "source"."footwear_id" AS "__reference_0"
    FROM "relation_19" AS "source"
    UNION ALL
    SELECT
        "source"."product_name" AS "product_name",
        "source"."quantity" AS "quantity",
        "source"."digitalproduct_id" AS "__reference_0"
    FROM "relation_3" AS "source"
    UNION ALL
    SELECT
        "source"."product_name" AS "product_name",
        "source"."quantity" AS "quantity",
        "source"."media_id" AS "__reference_0"
    FROM "relation_20" AS "source"
    UNION ALL
    SELECT
        "source"."product_name" AS "product_name",
        "source"."quantity" AS "quantity",
        "source"."software_id" AS "__reference_0"
    FROM "relation_21" AS "source"
),
"b2" AS (
    SELECT
        "source"."product_id" AS "product_id",
        "source"."product_id" AS "__reference_0"
    FROM "relation_1" AS "source"
    UNION ALL
    SELECT
        "source"."physicalproduct_id" AS "product_id",
        "source"."physicalproduct_id" AS "__reference_0"
    FROM "relation_2" AS "source"
    UNION ALL
    SELECT
        "source"."electronics_id" AS "product_id",
        "source"."electronics_id" AS "__reference_0"
    FROM "relation_4" AS "source"
    UNION ALL
    SELECT
        "source"."computer_id" AS "product_id",
        "source"."computer_id" AS "__reference_0"
    FROM "relation_5" AS "source"
    UNION ALL
    SELECT
        "source"."desktop_id" AS "product_id",
        "source"."desktop_id" AS "__reference_0"
    FROM "relation_6" AS "source"
    UNION ALL
    SELECT
        "source"."laptop_id" AS "product_id",
        "source"."laptop_id" AS "__reference_0"
    FROM "relation_7" AS "source"
    UNION ALL
    SELECT
        "source"."tablet_id" AS "product_id",
        "source"."tablet_id" AS "__reference_0"
    FROM "relation_8" AS "source"
    UNION ALL
    SELECT
        "source"."smartwatch_id" AS "product_id",
        "source"."smartwatch_id" AS "__reference_0"
    FROM "relation_9" AS "source"
    UNION ALL
    SELECT
        "source"."camera_id" AS "product_id",
        "source"."camera_id" AS "__reference_0"
    FROM "relation_10" AS "source"
    UNION ALL
    SELECT
        "source"."phone_id" AS "product_id",
        "source"."phone_id" AS "__reference_0"
    FROM "relation_11" AS "source"
    UNION ALL
    SELECT
        "source"."accessory_id" AS "product_id",
        "source"."accessory_id" AS "__reference_0"
    FROM "relation_12" AS "source"
    UNION ALL
    SELECT
        "source"."appliance_id" AS "product_id",
        "source"."appliance_id" AS "__reference_0"
    FROM "relation_13" AS "source"
    UNION ALL
    SELECT
        "source"."kitchenappliance_id" AS "product_id",
        "source"."kitchenappliance_id" AS "__reference_0"
    FROM "relation_14" AS "source"
    UNION ALL
    SELECT
        "source"."apparel_id" AS "product_id",
        "source"."apparel_id" AS "__reference_0"
    FROM "relation_15" AS "source"
    UNION ALL
    SELECT
        "source"."clothing_id" AS "product_id",
        "source"."clothing_id" AS "__reference_0"
    FROM "relation_16" AS "source"
    UNION ALL
    SELECT
        "source"."menclothing_id" AS "product_id",
        "source"."menclothing_id" AS "__reference_0"
    FROM "relation_17" AS "source"
    UNION ALL
    SELECT
        "source"."womenclothing_id" AS "product_id",
        "source"."womenclothing_id" AS "__reference_0"
    FROM "relation_18" AS "source"
    UNION ALL
    SELECT
        "source"."footwear_id" AS "product_id",
        "source"."footwear_id" AS "__reference_0"
    FROM "relation_19" AS "source"
    UNION ALL
    SELECT
        "source"."digitalproduct_id" AS "product_id",
        "source"."digitalproduct_id" AS "__reference_0"
    FROM "relation_3" AS "source"
    UNION ALL
    SELECT
        "source"."media_id" AS "product_id",
        "source"."media_id" AS "__reference_0"
    FROM "relation_20" AS "source"
    UNION ALL
    SELECT
        "source"."software_id" AS "product_id",
        "source"."software_id" AS "__reference_0"
    FROM "relation_21" AS "source"
)
SELECT 
    "b1"."product_name" AS "product_name",
    "b1"."quantity" AS "quantity",
    "b2"."product_id" AS "product_id"
FROM (("b0" INNER JOIN "b1" ON ("b0"."__endpoint_product_id_0" = "b1"."__reference_0")) INNER JOIN "b2" ON ("b0"."__endpoint_bought_together_product_id_0" = "b2"."__reference_0"))
WHERE ("b1"."quantity" >= 30);
                                                                      QUERY PLAN                                                                       
-------------------------------------------------------------------------------------------------------------------------------------------------------
 Hash Join  (cost=2024312.22..3692904.17 rows=34833101 width=42) (actual rows=6544940 loops=1)
   Hash Cond: (source_22.product_id = source.bought_together_product_product_id)
   Buffers: shared hit=45 read=708165, temp read=196575 written=196575
   ->  Append  (cost=0.29..606617.39 rows=16796474 width=8) (actual rows=16796782 loops=1)
         Buffers: shared hit=37 read=272087
         ->  Index Only Scan using relation_1_pkey on relation_1 source_22  (cost=0.29..1618.28 rows=61999 width=8) (actual rows=61999 loops=1)
               Heap Fetches: 0
               Buffers: shared hit=1 read=171
         ->  Index Only Scan using relation_2_pkey on relation_2 source_23  (cost=0.29..2236.27 rows=85865 width=8) (actual rows=85865 loops=1)
               Heap Fetches: 0
               Buffers: shared read=237
         ->  Seq Scan on relation_4 source_24  (cost=0.00..278724.44 rows=9003644 width=8) (actual rows=9004045 loops=1)
               Buffers: shared read=188688
         ->  Index Only Scan using relation_5_pkey on relation_5 source_25  (cost=0.29..2788.14 rows=107190 width=8) (actual rows=107190 loops=1)
               Heap Fetches: 0
               Buffers: shared read=295
         ->  Index Only Scan using relation_6_pkey on relation_6 source_26  (cost=0.43..61411.40 rows=1877798 width=8) (actual rows=1877778 loops=1)
               Heap Fetches: 0
               Buffers: shared hit=36 read=8280
         ->  Index Only Scan using relation_7_pkey on relation_7 source_27  (cost=0.29..3631.35 rows=139670 width=8) (actual rows=139670 loops=1)
               Heap Fetches: 0
               Buffers: shared read=384
         ->  Index Only Scan using relation_8_pkey on relation_8 source_28  (cost=0.29..2604.29 rows=100000 width=8) (actual rows=100000 loops=1)
               Heap Fetches: 0
               Buffers: shared read=276
         ->  Seq Scan on relation_9 source_29  (cost=0.00..14767.45 rows=469445 width=8) (actual rows=469445 loops=1)
               Buffers: shared read=10073
         ->  Index Only Scan using relation_10_pkey on relation_10 source_30  (cost=0.42..4399.44 rows=169001 width=8) (actual rows=169001 loops=1)
               Heap Fetches: 0
               Buffers: shared read=465
         ->  Index Only Scan using relation_11_pkey on relation_11 source_31  (cost=0.42..21784.44 rows=676001 width=8) (actual rows=676001 loops=1)
               Heap Fetches: 0
               Buffers: shared read=2900
         ->  Index Only Scan using relation_12_pkey on relation_12 source_32  (cost=0.29..3765.76 rows=144898 width=8) (actual rows=144898 loops=1)
               Heap Fetches: 0
               Buffers: shared read=398
         ->  Seq Scan on relation_13 source_33  (cost=0.00..1860.20 rows=60120 width=8) (actual rows=60120 loops=1)
               Buffers: shared read=1259
         ->  Index Only Scan using relation_14_pkey on relation_14 source_34  (cost=0.42..7729.37 rows=264063 width=8) (actual rows=264063 loops=1)
               Heap Fetches: 0
               Buffers: shared read=939
         ->  Seq Scan on relation_15 source_35  (cost=0.00..11329.62 rows=364762 width=8) (actual rows=364762 loops=1)
               Buffers: shared read=7682
         ->  Seq Scan on relation_16 source_36  (cost=0.00..9506.82 rows=297982 width=8) (actual rows=297982 loops=1)
               Buffers: shared read=6527
         ->  Seq Scan on relation_17 source_37  (cost=0.00..55500.73 rows=1690073 width=8) (actual rows=1690000 loops=1)
               Buffers: shared read=38600
         ->  Index Only Scan using relation_18_pkey on relation_18 source_38  (cost=0.29..3052.72 rows=117362 width=8) (actual rows=117362 loops=1)
               Heap Fetches: 0
               Buffers: shared read=323
         ->  Index Only Scan using relation_19_pkey on relation_19 source_39  (cost=0.29..753.92 rows=28642 width=8) (actual rows=28642 loops=1)
               Heap Fetches: 0
               Buffers: shared read=81
         ->  Index Only Scan using relation_3_pkey on relation_3 source_40  (cost=0.29..1740.93 rows=66709 width=8) (actual rows=66709 loops=1)
               Heap Fetches: 0
               Buffers: shared read=185
         ->  Index Only Scan using relation_20_pkey on relation_20 source_41  (cost=0.43..33032.18 rows=1056250 width=8) (actual rows=1056250 loops=1)
               Heap Fetches: 0
               Buffers: shared read=4281
         ->  Index Only Scan using relation_21_pkey on relation_21 source_42  (cost=0.29..397.29 rows=15000 width=8) (actual rows=15000 loops=1)
               Heap Fetches: 0
               Buffers: shared read=43
   ->  Hash  (cost=1630682.24..1630682.24 rows=18489735 width=42) (actual rows=6544940 loops=1)
         Buckets: 2097152  Batches: 16  Memory Usage: 46872kB
         Buffers: shared hit=8 read=436078, temp read=94840 written=142736
         ->  Hash Join  (cost=504949.66..1630682.24 rows=18489735 width=42) (actual rows=6544940 loops=1)
               Hash Cond: (source_1.product_id = source.product_id)
               Buffers: shared hit=8 read=436078, temp read=94840 written=94840
               ->  Append  (cost=0.00..607211.98 rows=6728011 width=42) (actual rows=6712212 loops=1)
                     Buffers: shared hit=8 read=363608
                     ->  Seq Scan on relation_1 source_1  (cost=0.00..2009.99 rows=24735 width=42) (actual rows=24735 loops=1)
                           Filter: (quantity >= 30)
                           Rows Removed by Filter: 37264
                           Buffers: shared hit=3 read=1232
                     ->  Seq Scan on relation_2 source_2  (cost=0.00..2830.31 rows=34085 width=42) (actual rows=34083 loops=1)
                           Filter: (quantity >= 30)
                           Rows Removed by Filter: 51782
                           Buffers: shared read=1757
                     ->  Seq Scan on relation_4 source_3  (cost=0.00..301233.55 rows=3621197 width=42) (actual rows=3595842 loops=1)
                           Filter: (quantity >= 30)
                           Rows Removed by Filter: 5408203
                           Buffers: shared hit=4 read=188684
                     ->  Seq Scan on relation_5 source_4  (cost=0.00..3749.88 rows=42986 width=42) (actual rows=42781 loops=1)
                           Filter: (quantity >= 30)
                           Rows Removed by Filter: 64409
                           Buffers: shared read=2410
                     ->  Seq Scan on relation_6 source_5  (cost=0.00..67945.48 rows=748790 width=42) (actual rows=751057 loops=1)
                           Filter: (quantity >= 30)
                           Rows Removed by Filter: 1126721
                           Buffers: shared hit=1 read=44472
                     ->  Seq Scan on relation_7 source_6  (cost=0.00..4955.88 rows=55471 width=42) (actual rows=55661 loops=1)
                           Filter: (quantity >= 30)
                           Rows Removed by Filter: 84009
                           Buffers: shared read=3210
                     ->  Seq Scan on relation_8 source_7  (cost=0.00..3396.00 rows=39889 width=42) (actual rows=40131 loops=1)
                           Filter: (quantity >= 30)
                           Rows Removed by Filter: 59869
                           Buffers: shared read=2146
                     ->  Seq Scan on relation_9 source_8  (cost=0.00..15941.06 rows=187947 width=42) (actual rows=188205 loops=1)
                           Filter: (quantity >= 30)
                           Rows Removed by Filter: 281240
                           Buffers: shared read=10073
                     ->  Seq Scan on relation_10 source_9  (cost=0.00..5740.51 rows=67379 width=42) (actual rows=67789 loops=1)
                           Filter: (quantity >= 30)
                           Rows Removed by Filter: 101212
                           Buffers: shared read=3628
                     ->  Seq Scan on relation_11 source_10  (cost=0.00..23528.01 rows=269561 width=42) (actual rows=270714 loops=1)
                           Filter: (quantity >= 30)
                           Rows Removed by Filter: 405287
                           Buffers: shared read=15078
                     ->  Seq Scan on relation_12 source_11  (cost=0.00..4993.23 rows=57649 width=42) (actual rows=58050 loops=1)
                           Filter: (quantity >= 30)
                           Rows Removed by Filter: 86848
                           Buffers: shared read=3182
                     ->  Seq Scan on relation_13 source_12  (cost=0.00..2010.50 rows=23957 width=42) (actual rows=23907 loops=1)
                           Filter: (quantity >= 30)
                           Rows Removed by Filter: 36213
                           Buffers: shared read=1259
                     ->  Seq Scan on relation_14 source_13  (cost=0.00..8962.79 rows=104497 width=42) (actual rows=105681 loops=1)
                           Filter: (quantity >= 30)
                           Rows Removed by Filter: 158382
                           Buffers: shared read=5662
                     ->  Seq Scan on relation_15 source_14  (cost=0.00..12241.53 rows=145039 width=42) (actual rows=145696 loops=1)
                           Filter: (quantity >= 30)
                           Rows Removed by Filter: 219066
                           Buffers: shared read=7682
                     ->  Seq Scan on relation_16 source_15  (cost=0.00..10251.77 rows=120124 width=42) (actual rows=118913 loops=1)
                           Filter: (quantity >= 30)
                           Rows Removed by Filter: 179069
                           Buffers: shared read=6527
                     ->  Seq Scan on relation_17 source_16  (cost=0.00..59725.91 rows=669763 width=42) (actual rows=675121 loops=1)
                           Filter: (quantity >= 30)
                           Rows Removed by Filter: 1014879
                           Buffers: shared read=38600
                     ->  Seq Scan on relation_18 source_17  (cost=0.00..4142.02 rows=47554 width=42) (actual rows=46936 loops=1)
                           Filter: (quantity >= 30)
                           Rows Removed by Filter: 70426
                           Buffers: shared read=2675
                     ->  Seq Scan on relation_19 source_18  (cost=0.00..985.03 rows=11363 width=42) (actual rows=11363 loops=1)
                           Filter: (quantity >= 30)
                           Rows Removed by Filter: 17279
                           Buffers: shared read=627
                     ->  Seq Scan on relation_3 source_19  (cost=0.00..2237.86 rows=26739 width=42) (actual rows=26769 loops=1)
                           Filter: (quantity >= 30)
                           Rows Removed by Filter: 39940
                           Buffers: shared read=1404
                     ->  Seq Scan on relation_20 source_20  (cost=0.00..36166.12 rows=423337 width=42) (actual rows=422829 loops=1)
                           Filter: (quantity >= 30)
                           Rows Removed by Filter: 633421
                           Buffers: shared read=22963
                     ->  Seq Scan on relation_21 source_21  (cost=0.00..524.50 rows=5949 width=42) (actual rows=5949 loops=1)
                           Filter: (quantity >= 30)
                           Rows Removed by Filter: 9051
                           Buffers: shared read=337
               ->  Hash  (cost=236248.96..236248.96 rows=16377896 width=8) (actual rows=16378086 loops=1)
                     Buckets: 4194304  Batches: 8  Memory Usage: 112810kB
                     Buffers: shared read=72470, temp written=48972
                     ->  Seq Scan on relation_50 source  (cost=0.00..236248.96 rows=16377896 width=8) (actual rows=16378086 loops=1)
                           Buffers: shared read=72470
 Planning Time: 0.488 ms
 JIT:
   Functions: 124
   Options: Inlining true, Optimization true, Expressions true, Deforming true
 Execution Time: 11831.453 ms
(164 rows)

-- Q066 [selection_projection] occurrence 1/1
-- Original E/R: SELECT e.sku, e.quantity, e.size_system FROM MenClothing e WHERE e.fit_type_men <= 'athletic';
EXPLAIN (ANALYZE, BUFFERS, TIMING OFF, SUMMARY ON, FORMAT TEXT)
WITH
"b0" AS (
    SELECT
        "source"."size_system" AS "size_system",
        "source"."fit_type_men" AS "fit_type_men",
        "source"."quantity" AS "quantity",
        "source"."sku" AS "sku"
    FROM "relation_17" AS "source"
)
SELECT 
    "b0"."sku" AS "sku",
    "b0"."quantity" AS "quantity",
    "b0"."size_system" AS "size_system"
FROM "b0"
WHERE ("b0"."fit_type_men" <= 'athletic');
                                               QUERY PLAN                                                
---------------------------------------------------------------------------------------------------------
 Seq Scan on relation_17 source  (cost=0.00..59725.91 rows=168444 width=25) (actual rows=169708 loops=1)
   Filter: ((fit_type_men)::text <= 'athletic'::text)
   Rows Removed by Filter: 1520292
   Buffers: shared hit=32 read=38568
 Planning:
   Buffers: shared hit=3 read=3
 Planning Time: 0.079 ms
 Execution Time: 178.266 ms
(8 rows)

-- Q067 [aggregation] occurrence 1/1
-- Original E/R: SELECT e1.sku, COUNT(DISTINCT REF(e2)) AS related_count FROM reviews r JOIN Product e1 ON ENDPOINT(r, Product) = REF(e1) JOIN Review e2 ON ENDPOINT(r, Review) = REF(e2) WHERE e1.quantity >= 30 GROUP BY REF(e1), e1.sku HAVING COUNT(DISTINCT REF(e2)) >= 3;
EXPLAIN (ANALYZE, BUFFERS, TIMING OFF, SUMMARY ON, FORMAT TEXT)
WITH
"b0" AS (
    SELECT
        "source"."reviews_product_id" AS "__endpoint_product_0",
        "source"."customer_id" AS "__endpoint_review_0",
        "source"."review_id" AS "__endpoint_review_1"
    FROM "relation_53" AS "source"
),
"b1" AS (
    SELECT
        "source"."quantity" AS "quantity",
        "source"."sku" AS "sku",
        "source"."product_id" AS "__reference_0"
    FROM "relation_1" AS "source"
    UNION ALL
    SELECT
        "source"."quantity" AS "quantity",
        "source"."sku" AS "sku",
        "source"."physicalproduct_id" AS "__reference_0"
    FROM "relation_2" AS "source"
    UNION ALL
    SELECT
        "source"."quantity" AS "quantity",
        "source"."sku" AS "sku",
        "source"."electronics_id" AS "__reference_0"
    FROM "relation_4" AS "source"
    UNION ALL
    SELECT
        "source"."quantity" AS "quantity",
        "source"."sku" AS "sku",
        "source"."computer_id" AS "__reference_0"
    FROM "relation_5" AS "source"
    UNION ALL
    SELECT
        "source"."quantity" AS "quantity",
        "source"."sku" AS "sku",
        "source"."desktop_id" AS "__reference_0"
    FROM "relation_6" AS "source"
    UNION ALL
    SELECT
        "source"."quantity" AS "quantity",
        "source"."sku" AS "sku",
        "source"."laptop_id" AS "__reference_0"
    FROM "relation_7" AS "source"
    UNION ALL
    SELECT
        "source"."quantity" AS "quantity",
        "source"."sku" AS "sku",
        "source"."tablet_id" AS "__reference_0"
    FROM "relation_8" AS "source"
    UNION ALL
    SELECT
        "source"."quantity" AS "quantity",
        "source"."sku" AS "sku",
        "source"."smartwatch_id" AS "__reference_0"
    FROM "relation_9" AS "source"
    UNION ALL
    SELECT
        "source"."quantity" AS "quantity",
        "source"."sku" AS "sku",
        "source"."camera_id" AS "__reference_0"
    FROM "relation_10" AS "source"
    UNION ALL
    SELECT
        "source"."quantity" AS "quantity",
        "source"."sku" AS "sku",
        "source"."phone_id" AS "__reference_0"
    FROM "relation_11" AS "source"
    UNION ALL
    SELECT
        "source"."quantity" AS "quantity",
        "source"."sku" AS "sku",
        "source"."accessory_id" AS "__reference_0"
    FROM "relation_12" AS "source"
    UNION ALL
    SELECT
        "source"."quantity" AS "quantity",
        "source"."sku" AS "sku",
        "source"."appliance_id" AS "__reference_0"
    FROM "relation_13" AS "source"
    UNION ALL
    SELECT
        "source"."quantity" AS "quantity",
        "source"."sku" AS "sku",
        "source"."kitchenappliance_id" AS "__reference_0"
    FROM "relation_14" AS "source"
    UNION ALL
    SELECT
        "source"."quantity" AS "quantity",
        "source"."sku" AS "sku",
        "source"."apparel_id" AS "__reference_0"
    FROM "relation_15" AS "source"
    UNION ALL
    SELECT
        "source"."quantity" AS "quantity",
        "source"."sku" AS "sku",
        "source"."clothing_id" AS "__reference_0"
    FROM "relation_16" AS "source"
    UNION ALL
    SELECT
        "source"."quantity" AS "quantity",
        "source"."sku" AS "sku",
        "source"."menclothing_id" AS "__reference_0"
    FROM "relation_17" AS "source"
    UNION ALL
    SELECT
        "source"."quantity" AS "quantity",
        "source"."sku" AS "sku",
        "source"."womenclothing_id" AS "__reference_0"
    FROM "relation_18" AS "source"
    UNION ALL
    SELECT
        "source"."quantity" AS "quantity",
        "source"."sku" AS "sku",
        "source"."footwear_id" AS "__reference_0"
    FROM "relation_19" AS "source"
    UNION ALL
    SELECT
        "source"."quantity" AS "quantity",
        "source"."sku" AS "sku",
        "source"."digitalproduct_id" AS "__reference_0"
    FROM "relation_3" AS "source"
    UNION ALL
    SELECT
        "source"."quantity" AS "quantity",
        "source"."sku" AS "sku",
        "source"."media_id" AS "__reference_0"
    FROM "relation_20" AS "source"
    UNION ALL
    SELECT
        "source"."quantity" AS "quantity",
        "source"."sku" AS "sku",
        "source"."software_id" AS "__reference_0"
    FROM "relation_21" AS "source"
),
"b2" AS (
    SELECT
        "source"."customer_id" AS "__reference_0",
        "source"."review_id" AS "__reference_1"
    FROM "relation_35" AS "source"
)
SELECT 
    "b1"."sku" AS "sku",
    COUNT(DISTINCT ROW("b2"."__reference_0", "b2"."__reference_1")) AS "related_count"
FROM (("b0" INNER JOIN "b1" ON ("b0"."__endpoint_product_0" = "b1"."__reference_0")) INNER JOIN "b2" ON ("b0"."__endpoint_review_0" = "b2"."__reference_0" AND "b0"."__endpoint_review_1" = "b2"."__reference_1"))
WHERE ("b1"."quantity" >= 30)
GROUP BY
    "b1"."__reference_0",
    "b1"."sku"
HAVING (COUNT(DISTINCT ROW("b2"."__reference_0", "b2"."__reference_1")) >= 3);
                                                                     QUERY PLAN                                                                      
-----------------------------------------------------------------------------------------------------------------------------------------------------
 GroupAggregate  (cost=573.12..579.20 rows=90 width=30) (actual rows=0 loops=1)
   Group Key: source_1.product_id, source_1.sku
   Filter: (count(DISTINCT (ROW(source_22.customer_id, source_22.review_id))) >= 3)
   Rows Removed by Filter: 101
   Buffers: shared hit=13192 read=728
   ->  Sort  (cost=573.12..573.80 rows=270 width=30) (actual rows=101 loops=1)
         Sort Key: source_1.product_id, source_1.sku, (ROW(source_22.customer_id, source_22.review_id))
         Sort Method: quicksort  Memory: 33kB
         Buffers: shared hit=13192 read=728
         ->  Nested Loop  (cost=0.58..562.22 rows=270 width=30) (actual rows=101 loops=1)
               Buffers: shared hit=13192 read=726
               ->  Nested Loop  (cost=0.29..410.33 rows=1 width=12) (actual rows=253 loops=1)
                     Buffers: shared hit=431 read=78
                     ->  Seq Scan on relation_53 source  (cost=0.00..4.53 rows=253 width=12) (actual rows=253 loops=1)
                           Buffers: shared read=2
                     ->  Index Only Scan using relation_35_pkey on relation_35 source_22  (cost=0.29..1.60 rows=1 width=8) (actual rows=1 loops=253)
                           Index Cond: ((customer_id = source.customer_id) AND (review_id = source.review_id))
                           Heap Fetches: 0
                           Buffers: shared hit=431 read=76
               ->  Append  (cost=0.29..151.68 rows=21 width=22) (actual rows=0 loops=253)
                     Buffers: shared hit=12761 read=648
                     ->  Index Scan using relation_1_pkey on relation_1 source_1  (cost=0.29..6.25 rows=1 width=22) (actual rows=0 loops=253)
                           Index Cond: (product_id = source.reviews_product_id)
                           Filter: (quantity >= 30)
                           Buffers: shared hit=504 read=2
                     ->  Index Scan using relation_2_pkey on relation_2 source_2  (cost=0.29..6.67 rows=1 width=22) (actual rows=0 loops=253)
                           Index Cond: (physicalproduct_id = source.reviews_product_id)
                           Filter: (quantity >= 30)
                           Buffers: shared hit=504 read=2
                     ->  Index Scan using relation_4_pkey on relation_4 source_3  (cost=0.43..8.46 rows=1 width=22) (actual rows=0 loops=253)
                           Index Cond: (electronics_id = source.reviews_product_id)
                           Filter: (quantity >= 30)
                           Rows Removed by Filter: 0
                           Buffers: shared hit=523 read=372
                     ->  Index Scan using relation_5_pkey on relation_5 source_4  (cost=0.29..6.94 rows=1 width=22) (actual rows=0 loops=253)
                           Index Cond: (computer_id = source.reviews_product_id)
                           Filter: (quantity >= 30)
                           Rows Removed by Filter: 0
                           Buffers: shared hit=499 read=11
                     ->  Index Scan using relation_6_pkey on relation_6 source_5  (cost=0.43..8.40 rows=1 width=22) (actual rows=0 loops=253)
                           Index Cond: (desktop_id = source.reviews_product_id)
                           Filter: (quantity >= 30)
                           Rows Removed by Filter: 0
                           Buffers: shared hit=725 read=58
                     ->  Index Scan using relation_7_pkey on relation_7 source_6  (cost=0.29..7.19 rows=1 width=22) (actual rows=0 loops=253)
                           Index Cond: (laptop_id = source.reviews_product_id)
                           Filter: (quantity >= 30)
                           Rows Removed by Filter: 0
                           Buffers: shared hit=506 read=4
                     ->  Index Scan using relation_8_pkey on relation_8 source_7  (cost=0.29..6.84 rows=1 width=22) (actual rows=0 loops=253)
                           Index Cond: (tablet_id = source.reviews_product_id)
                           Filter: (quantity >= 30)
                           Rows Removed by Filter: 0
                           Buffers: shared hit=506 read=3
                     ->  Index Scan using relation_9_pkey on relation_9 source_8  (cost=0.42..8.19 rows=1 width=22) (actual rows=0 loops=253)
                           Index Cond: (smartwatch_id = source.reviews_product_id)
                           Filter: (quantity >= 30)
                           Rows Removed by Filter: 0
                           Buffers: shared hit=741 read=27
                     ->  Index Scan using relation_10_pkey on relation_10 source_9  (cost=0.42..7.46 rows=1 width=22) (actual rows=0 loops=253)
                           Index Cond: (camera_id = source.reviews_product_id)
                           Filter: (quantity >= 30)
                           Rows Removed by Filter: 0
                           Buffers: shared hit=758 read=3
                     ->  Index Scan using relation_11_pkey on relation_11 source_10  (cost=0.42..8.26 rows=1 width=22) (actual rows=0 loops=253)
                           Index Cond: (phone_id = source.reviews_product_id)
                           Filter: (quantity >= 30)
                           Rows Removed by Filter: 0
                           Buffers: shared hit=753 read=13
                     ->  Index Scan using relation_12_pkey on relation_12 source_11  (cost=0.29..7.21 rows=1 width=22) (actual rows=0 loops=253)
                           Index Cond: (accessory_id = source.reviews_product_id)
                           Filter: (quantity >= 30)
                           Rows Removed by Filter: 0
                           Buffers: shared hit=506 read=4
                     ->  Index Scan using relation_13_pkey on relation_13 source_12  (cost=0.29..6.74 rows=1 width=22) (actual rows=0 loops=253)
                           Index Cond: (appliance_id = source.reviews_product_id)
                           Filter: (quantity >= 30)
                           Rows Removed by Filter: 0
                           Buffers: shared hit=503 read=6
                     ->  Index Scan using relation_14_pkey on relation_14 source_13  (cost=0.42..7.90 rows=1 width=22) (actual rows=0 loops=253)
                           Index Cond: (kitchenappliance_id = source.reviews_product_id)
                           Filter: (quantity >= 30)
                           Rows Removed by Filter: 0
                           Buffers: shared hit=756 read=7
                     ->  Index Scan using relation_15_pkey on relation_15 source_14  (cost=0.42..8.08 rows=1 width=22) (actual rows=0 loops=253)
                           Index Cond: (apparel_id = source.reviews_product_id)
                           Filter: (quantity >= 30)
                           Rows Removed by Filter: 0
                           Buffers: shared hit=741 read=27
                     ->  Index Scan using relation_16_pkey on relation_16 source_15  (cost=0.42..8.06 rows=1 width=22) (actual rows=0 loops=253)
                           Index Cond: (clothing_id = source.reviews_product_id)
                           Filter: (quantity >= 30)
                           Rows Removed by Filter: 0
                           Buffers: shared hit=747 read=17
                     ->  Index Scan using relation_17_pkey on relation_17 source_16  (cost=0.43..8.38 rows=1 width=22) (actual rows=0 loops=253)
                           Index Cond: (menclothing_id = source.reviews_product_id)
                           Filter: (quantity >= 30)
                           Rows Removed by Filter: 0
                           Buffers: shared hit=716 read=67
                     ->  Index Scan using relation_18_pkey on relation_18 source_17  (cost=0.29..7.02 rows=1 width=22) (actual rows=0 loops=253)
                           Index Cond: (womenclothing_id = source.reviews_product_id)
                           Filter: (quantity >= 30)
                           Rows Removed by Filter: 0
                           Buffers: shared hit=506 read=2
                     ->  Index Scan using relation_19_pkey on relation_19 source_18  (cost=0.29..4.92 rows=1 width=22) (actual rows=0 loops=253)
                           Index Cond: (footwear_id = source.reviews_product_id)
                           Filter: (quantity >= 30)
                           Buffers: shared hit=506
                     ->  Index Scan using relation_3_pkey on relation_3 source_19  (cost=0.29..6.38 rows=1 width=22) (actual rows=0 loops=253)
                           Index Cond: (digitalproduct_id = source.reviews_product_id)
                           Filter: (quantity >= 30)
                           Buffers: shared hit=506
                     ->  Index Scan using relation_20_pkey on relation_20 source_20  (cost=0.43..8.32 rows=1 width=22) (actual rows=0 loops=253)
                           Index Cond: (media_id = source.reviews_product_id)
                           Filter: (quantity >= 30)
                           Rows Removed by Filter: 0
                           Buffers: shared hit=749 read=23
                     ->  Index Scan using relation_21_pkey on relation_21 source_21  (cost=0.29..3.89 rows=1 width=22) (actual rows=0 loops=253)
                           Index Cond: (software_id = source.reviews_product_id)
                           Filter: (quantity >= 30)
                           Buffers: shared hit=506
 Planning:
   Buffers: shared hit=17 read=12
 Planning Time: 9.604 ms
 Execution Time: 7.381 ms
(125 rows)

-- Q068 [weak_owner] occurrence 1/1
-- Original E/R: SELECT w.cart_id, w.updated_at, o.user_id, o.loyalty_tier FROM Cart w JOIN Customer o ON OWNER(w) = REF(o) WHERE o.user_id >= 1111339;
EXPLAIN (ANALYZE, BUFFERS, TIMING OFF, SUMMARY ON, FORMAT TEXT)
WITH
"b0" AS (
    SELECT
        "source"."cart_id" AS "cart_id",
        "source"."updated_at" AS "updated_at",
        "source"."customer_id" AS "__owner_0"
    FROM "relation_33" AS "source"
),
"b1" AS (
    SELECT
        "source"."loyalty_tier" AS "loyalty_tier",
        "source"."customer_id" AS "user_id",
        "source"."customer_id" AS "__reference_0"
    FROM "relation_23" AS "source"
    UNION ALL
    SELECT
        "source"."loyalty_tier" AS "loyalty_tier",
        "source"."primecustomer_id" AS "user_id",
        "source"."primecustomer_id" AS "__reference_0"
    FROM "relation_24" AS "source"
    UNION ALL
    SELECT
        "source"."loyalty_tier" AS "loyalty_tier",
        "source"."businesscustomer_id" AS "user_id",
        "source"."businesscustomer_id" AS "__reference_0"
    FROM "relation_25" AS "source"
)
SELECT 
    "b0"."cart_id" AS "cart_id",
    "b0"."updated_at" AS "updated_at",
    "b1"."user_id" AS "user_id",
    "b1"."loyalty_tier" AS "loyalty_tier"
FROM ("b0" INNER JOIN "b1" ON ("b0"."__owner_0" = "b1"."__reference_0"))
WHERE ("b1"."user_id" >= 1111339);
                                                            QUERY PLAN                                                            
----------------------------------------------------------------------------------------------------------------------------------
 Hash Join  (cost=1227.38..41260.53 rows=209976 width=25) (actual rows=8431 loops=1)
   Hash Cond: (source_1.customer_id = source.customer_id)
   Buffers: shared hit=4 read=7323
   ->  Append  (cost=0.29..37167.17 rows=204402 width=14) (actual rows=204202 loops=1)
         Buffers: shared hit=4 read=7052
         ->  Index Scan using relation_23_pkey on relation_23 source_1  (cost=0.29..4.31 rows=1 width=14) (actual rows=0 loops=1)
               Index Cond: (customer_id >= 1111339)
               Buffers: shared hit=2
         ->  Index Scan using relation_24_pkey on relation_24 source_2  (cost=0.29..7.32 rows=1 width=14) (actual rows=0 loops=1)
               Index Cond: (primecustomer_id >= 1111339)
               Buffers: shared hit=2
         ->  Bitmap Heap Scan on relation_25 source_3  (cost=5128.53..36133.53 rows=204400 width=14) (actual rows=204202 loops=1)
               Recheck Cond: (businesscustomer_id >= 1111339)
               Heap Blocks: exact=6491
               Buffers: shared read=7052
               ->  Bitmap Index Scan on relation_25_pkey  (cost=0.00..5077.43 rows=204400 width=0) (actual rows=204202 loops=1)
                     Index Cond: (businesscustomer_id >= 1111339)
                     Buffers: shared read=561
   ->  Hash  (cost=695.93..695.93 rows=42493 width=19) (actual rows=42493 loops=1)
         Buckets: 65536  Batches: 1  Memory Usage: 2670kB
         Buffers: shared read=271
         ->  Seq Scan on relation_33 source  (cost=0.00..695.93 rows=42493 width=19) (actual rows=42493 loops=1)
               Buffers: shared read=271
 Planning:
   Buffers: shared read=6
 Planning Time: 0.259 ms
 Execution Time: 44.583 ms
(27 rows)

-- Q069 [complex_multi_join] occurrence 1/1
-- Original E/R: SELECT e1.wishlist_name, e2.product_id, e3.cart_id FROM wishlist_contains r1 JOIN Wishlist e1 ON ENDPOINT(r1, Wishlist) = REF(e1) JOIN Product e2 ON ENDPOINT(r1, Product) = REF(e2) JOIN cart_contains r2 ON ENDPOINT(r2, Product) = REF(e2) JOIN Cart e3 ON ENDPOINT(r2, Cart) = REF(e3) WHERE e3.cart_id > 5998881;
EXPLAIN (ANALYZE, BUFFERS, TIMING OFF, SUMMARY ON, FORMAT TEXT)
WITH
"b0" AS (
    SELECT
        "source"."product_id" AS "__endpoint_product_0",
        "source"."customer_id" AS "__endpoint_wishlist_0",
        "source"."wishlist_id" AS "__endpoint_wishlist_1"
    FROM "relation_52" AS "source"
),
"b1" AS (
    SELECT
        "source"."wishlist_name" AS "wishlist_name",
        "source"."customer_id" AS "__reference_0",
        "source"."wishlist_id" AS "__reference_1"
    FROM "relation_34" AS "source"
),
"b2" AS (
    SELECT
        "source"."product_id" AS "product_id",
        "source"."product_id" AS "__reference_0"
    FROM "relation_1" AS "source"
    UNION ALL
    SELECT
        "source"."physicalproduct_id" AS "product_id",
        "source"."physicalproduct_id" AS "__reference_0"
    FROM "relation_2" AS "source"
    UNION ALL
    SELECT
        "source"."electronics_id" AS "product_id",
        "source"."electronics_id" AS "__reference_0"
    FROM "relation_4" AS "source"
    UNION ALL
    SELECT
        "source"."computer_id" AS "product_id",
        "source"."computer_id" AS "__reference_0"
    FROM "relation_5" AS "source"
    UNION ALL
    SELECT
        "source"."desktop_id" AS "product_id",
        "source"."desktop_id" AS "__reference_0"
    FROM "relation_6" AS "source"
    UNION ALL
    SELECT
        "source"."laptop_id" AS "product_id",
        "source"."laptop_id" AS "__reference_0"
    FROM "relation_7" AS "source"
    UNION ALL
    SELECT
        "source"."tablet_id" AS "product_id",
        "source"."tablet_id" AS "__reference_0"
    FROM "relation_8" AS "source"
    UNION ALL
    SELECT
        "source"."smartwatch_id" AS "product_id",
        "source"."smartwatch_id" AS "__reference_0"
    FROM "relation_9" AS "source"
    UNION ALL
    SELECT
        "source"."camera_id" AS "product_id",
        "source"."camera_id" AS "__reference_0"
    FROM "relation_10" AS "source"
    UNION ALL
    SELECT
        "source"."phone_id" AS "product_id",
        "source"."phone_id" AS "__reference_0"
    FROM "relation_11" AS "source"
    UNION ALL
    SELECT
        "source"."accessory_id" AS "product_id",
        "source"."accessory_id" AS "__reference_0"
    FROM "relation_12" AS "source"
    UNION ALL
    SELECT
        "source"."appliance_id" AS "product_id",
        "source"."appliance_id" AS "__reference_0"
    FROM "relation_13" AS "source"
    UNION ALL
    SELECT
        "source"."kitchenappliance_id" AS "product_id",
        "source"."kitchenappliance_id" AS "__reference_0"
    FROM "relation_14" AS "source"
    UNION ALL
    SELECT
        "source"."apparel_id" AS "product_id",
        "source"."apparel_id" AS "__reference_0"
    FROM "relation_15" AS "source"
    UNION ALL
    SELECT
        "source"."clothing_id" AS "product_id",
        "source"."clothing_id" AS "__reference_0"
    FROM "relation_16" AS "source"
    UNION ALL
    SELECT
        "source"."menclothing_id" AS "product_id",
        "source"."menclothing_id" AS "__reference_0"
    FROM "relation_17" AS "source"
    UNION ALL
    SELECT
        "source"."womenclothing_id" AS "product_id",
        "source"."womenclothing_id" AS "__reference_0"
    FROM "relation_18" AS "source"
    UNION ALL
    SELECT
        "source"."footwear_id" AS "product_id",
        "source"."footwear_id" AS "__reference_0"
    FROM "relation_19" AS "source"
    UNION ALL
    SELECT
        "source"."digitalproduct_id" AS "product_id",
        "source"."digitalproduct_id" AS "__reference_0"
    FROM "relation_3" AS "source"
    UNION ALL
    SELECT
        "source"."media_id" AS "product_id",
        "source"."media_id" AS "__reference_0"
    FROM "relation_20" AS "source"
    UNION ALL
    SELECT
        "source"."software_id" AS "product_id",
        "source"."software_id" AS "__reference_0"
    FROM "relation_21" AS "source"
),
"b3" AS (
    SELECT
        "source"."customer_id" AS "__endpoint_cart_0",
        "source"."cart_id" AS "__endpoint_cart_1",
        "source"."product_id" AS "__endpoint_product_0"
    FROM "relation_51" AS "source"
),
"b4" AS (
    SELECT
        "source"."cart_id" AS "cart_id",
        "source"."customer_id" AS "__reference_0",
        "source"."cart_id" AS "__reference_1"
    FROM "relation_33" AS "source"
)
SELECT 
    "b1"."wishlist_name" AS "wishlist_name",
    "b2"."product_id" AS "product_id",
    "b4"."cart_id" AS "cart_id"
FROM (((("b0" INNER JOIN "b1" ON ("b0"."__endpoint_wishlist_0" = "b1"."__reference_0" AND "b0"."__endpoint_wishlist_1" = "b1"."__reference_1")) INNER JOIN "b2" ON ("b0"."__endpoint_product_0" = "b2"."__reference_0")) INNER JOIN "b3" ON ("b3"."__endpoint_product_0" = "b2"."__reference_0")) INNER JOIN "b4" ON ("b3"."__endpoint_cart_0" = "b4"."__reference_0" AND "b3"."__endpoint_cart_1" = "b4"."__reference_1"))
WHERE ("b4"."cart_id" > 5998881);
                                                                   QUERY PLAN                                                                    
-------------------------------------------------------------------------------------------------------------------------------------------------
 Nested Loop  (cost=1056.89..2353.91 rows=1 width=16) (actual rows=60 loops=1)
   Buffers: shared hit=5053142 read=719
   ->  Nested Loop  (cost=1056.60..2341.25 rows=1 width=20) (actual rows=60 loops=1)
         Buffers: shared hit=5050068 read=635
         ->  Nested Loop  (cost=1056.31..2340.92 rows=1 width=20) (actual rows=60 loops=1)
               Buffers: shared hit=5049995 read=528
               ->  Hash Join  (cost=1056.02..1890.63 rows=1 width=8) (actual rows=16186 loops=1)
                     Hash Cond: ((source_23.customer_id = source_24.customer_id) AND (source_23.cart_id = source_24.cart_id))
                     Buffers: shared hit=271 read=219
                     ->  Seq Scan on relation_51 source_23  (cost=0.00..622.68 rows=40368 width=12) (actual rows=40368 loops=1)
                           Buffers: shared read=219
                     ->  Hash  (cost=802.16..802.16 rows=16924 width=8) (actual rows=17025 loops=1)
                           Buckets: 32768  Batches: 1  Memory Usage: 922kB
                           Buffers: shared hit=271
                           ->  Seq Scan on relation_33 source_24  (cost=0.00..802.16 rows=16924 width=8) (actual rows=17025 loops=1)
                                 Filter: (cart_id > 5998881)
                                 Rows Removed by Filter: 25468
                                 Buffers: shared hit=271
               ->  Index Only Scan using relation_52_pkey on relation_52 source  (cost=0.29..450.27 rows=1 width=12) (actual rows=0 loops=16186)
                     Index Cond: (product_id = source_23.product_id)
                     Heap Fetches: 0
                     Buffers: shared hit=5049724 read=309
         ->  Index Scan using relation_34_pkey on relation_34 source_1  (cost=0.29..0.34 rows=1 width=16) (actual rows=1 loops=60)
               Index Cond: ((customer_id = source.customer_id) AND (wishlist_id = source.wishlist_id))
               Buffers: shared hit=73 read=107
   ->  Append  (cost=0.29..12.45 rows=21 width=8) (actual rows=1 loops=60)
         Buffers: shared hit=3074 read=84
         ->  Index Only Scan using relation_1_pkey on relation_1 source_2  (cost=0.29..0.32 rows=1 width=8) (actual rows=0 loops=60)
               Index Cond: (product_id = source.product_id)
               Heap Fetches: 0
               Buffers: shared hit=120
         ->  Index Only Scan using relation_2_pkey on relation_2 source_3  (cost=0.29..0.33 rows=1 width=8) (actual rows=0 loops=60)
               Index Cond: (physicalproduct_id = source.product_id)
               Heap Fetches: 0
               Buffers: shared hit=120
         ->  Index Only Scan using relation_4_pkey on relation_4 source_4  (cost=0.43..2.81 rows=1 width=8) (actual rows=1 loops=60)
               Index Cond: (electronics_id = source.product_id)
               Heap Fetches: 0
               Buffers: shared hit=158 read=50
         ->  Index Only Scan using relation_5_pkey on relation_5 source_5  (cost=0.29..0.33 rows=1 width=8) (actual rows=0 loops=60)
               Index Cond: (computer_id = source.product_id)
               Heap Fetches: 0
               Buffers: shared hit=120
         ->  Index Only Scan using relation_6_pkey on relation_6 source_6  (cost=0.43..1.00 rows=1 width=8) (actual rows=0 loops=60)
               Index Cond: (desktop_id = source.product_id)
               Heap Fetches: 0
               Buffers: shared hit=170 read=11
         ->  Index Only Scan using relation_7_pkey on relation_7 source_7  (cost=0.29..0.34 rows=1 width=8) (actual rows=0 loops=60)
               Index Cond: (laptop_id = source.product_id)
               Heap Fetches: 0
               Buffers: shared hit=120 read=1
         ->  Index Only Scan using relation_8_pkey on relation_8 source_8  (cost=0.29..0.33 rows=1 width=8) (actual rows=0 loops=60)
               Index Cond: (tablet_id = source.product_id)
               Heap Fetches: 0
               Buffers: shared hit=120
         ->  Index Only Scan using relation_9_pkey on relation_9 source_9  (cost=0.42..0.59 rows=1 width=8) (actual rows=0 loops=60)
               Index Cond: (smartwatch_id = source.product_id)
               Heap Fetches: 0
               Buffers: shared hit=179 read=2
         ->  Index Only Scan using relation_10_pkey on relation_10 source_10  (cost=0.42..0.47 rows=1 width=8) (actual rows=0 loops=60)
               Index Cond: (camera_id = source.product_id)
               Heap Fetches: 0
               Buffers: shared hit=180
         ->  Index Only Scan using relation_11_pkey on relation_11 source_11  (cost=0.42..0.64 rows=1 width=8) (actual rows=0 loops=60)
               Index Cond: (phone_id = source.product_id)
               Heap Fetches: 0
               Buffers: shared hit=180 read=1
         ->  Index Only Scan using relation_12_pkey on relation_12 source_12  (cost=0.29..0.34 rows=1 width=8) (actual rows=0 loops=60)
               Index Cond: (accessory_id = source.product_id)
               Heap Fetches: 0
               Buffers: shared hit=120
         ->  Index Only Scan using relation_13_pkey on relation_13 source_13  (cost=0.29..0.33 rows=1 width=8) (actual rows=0 loops=60)
               Index Cond: (appliance_id = source.product_id)
               Heap Fetches: 0
               Buffers: shared hit=120
         ->  Index Only Scan using relation_14_pkey on relation_14 source_14  (cost=0.42..0.50 rows=1 width=8) (actual rows=0 loops=60)
               Index Cond: (kitchenappliance_id = source.product_id)
               Heap Fetches: 0
               Buffers: shared hit=181
         ->  Index Only Scan using relation_15_pkey on relation_15 source_15  (cost=0.42..0.54 rows=1 width=8) (actual rows=0 loops=60)
               Index Cond: (apparel_id = source.product_id)
               Heap Fetches: 0
               Buffers: shared hit=177 read=4
         ->  Index Only Scan using relation_16_pkey on relation_16 source_16  (cost=0.42..0.53 rows=1 width=8) (actual rows=0 loops=60)
               Index Cond: (clothing_id = source.product_id)
               Heap Fetches: 0
               Buffers: shared hit=178 read=3
         ->  Index Only Scan using relation_17_pkey on relation_17 source_17  (cost=0.43..0.96 rows=1 width=8) (actual rows=0 loops=60)
               Index Cond: (menclothing_id = source.product_id)
               Heap Fetches: 0
               Buffers: shared hit=171 read=11
         ->  Index Only Scan using relation_18_pkey on relation_18 source_18  (cost=0.29..0.33 rows=1 width=8) (actual rows=0 loops=60)
               Index Cond: (womenclothing_id = source.product_id)
               Heap Fetches: 0
               Buffers: shared hit=120
         ->  Index Only Scan using relation_19_pkey on relation_19 source_19  (cost=0.29..0.31 rows=1 width=8) (actual rows=0 loops=60)
               Index Cond: (footwear_id = source.product_id)
               Heap Fetches: 0
               Buffers: shared hit=120
         ->  Index Only Scan using relation_3_pkey on relation_3 source_20  (cost=0.29..0.32 rows=1 width=8) (actual rows=0 loops=60)
               Index Cond: (digitalproduct_id = source.product_id)
               Heap Fetches: 0
               Buffers: shared hit=120
         ->  Index Only Scan using relation_20_pkey on relation_20 source_21  (cost=0.43..0.73 rows=1 width=8) (actual rows=0 loops=60)
               Index Cond: (media_id = source.product_id)
               Heap Fetches: 0
               Buffers: shared hit=180 read=1
         ->  Index Only Scan using relation_21_pkey on relation_21 source_22  (cost=0.29..0.31 rows=1 width=8) (actual rows=0 loops=60)
               Index Cond: (software_id = source.product_id)
               Heap Fetches: 0
               Buffers: shared hit=120
 Planning:
   Buffers: shared hit=8 read=16
 Planning Time: 0.704 ms
 Execution Time: 6317.949 ms
(115 rows)

-- Q070 [aggregation] occurrence 1/1
-- Original E/R: SELECT e1.is_active, COUNT(DISTINCT REF(e2)) AS related_count FROM bundle_phones r JOIN Phone e1 ON ENDPOINT(r, phone_id) = REF(e1) JOIN Phone e2 ON ENDPOINT(r, bundle_phone_id) = REF(e2) WHERE e2.base_price >= 245 GROUP BY REF(e1), e1.is_active HAVING COUNT(DISTINCT REF(e2)) >= 3;
EXPLAIN (ANALYZE, BUFFERS, TIMING OFF, SUMMARY ON, FORMAT TEXT)
WITH
"b0" AS (
    SELECT
        "source"."bundle_phone_phone_id" AS "__endpoint_bundle_phone_id_0",
        "source"."phone_id" AS "__endpoint_phone_id_0"
    FROM "relation_64" AS "source"
),
"b1" AS (
    SELECT
        "source"."is_active" AS "is_active",
        "source"."phone_id" AS "__reference_0"
    FROM "relation_11" AS "source"
),
"b2" AS (
    SELECT
        "source"."base_price" AS "base_price",
        "source"."phone_id" AS "__reference_0"
    FROM "relation_11" AS "source"
)
SELECT 
    "b1"."is_active" AS "is_active",
    COUNT(DISTINCT "b2"."__reference_0") AS "related_count"
FROM (("b0" INNER JOIN "b1" ON ("b0"."__endpoint_phone_id_0" = "b1"."__reference_0")) INNER JOIN "b2" ON ("b0"."__endpoint_bundle_phone_id_0" = "b2"."__reference_0"))
WHERE ("b2"."base_price" >= 245)
GROUP BY
    "b1"."__reference_0",
    "b1"."is_active"
HAVING (COUNT(DISTINCT "b2"."__reference_0") >= 3);
                                                                         QUERY PLAN                                                                         
------------------------------------------------------------------------------------------------------------------------------------------------------------
 GroupAggregate  (cost=62863.79..98166.64 rows=87840 width=16) (actual rows=1788 loops=1)
   Group Key: source_1.phone_id
   Filter: (count(DISTINCT source_2.phone_id) >= 3)
   Rows Removed by Filter: 225641
   Buffers: shared hit=46 read=35856
   ->  Gather Merge  (cost=62863.79..93555.04 rows=263520 width=12) (actual rows=260568 loops=1)
         Workers Planned: 2
         Workers Launched: 0
         Buffers: shared hit=46 read=35856
         ->  Sort  (cost=61863.77..62138.27 rows=109800 width=12) (actual rows=260568 loops=1)
               Sort Key: source_1.phone_id, source_2.phone_id
               Sort Method: quicksort  Memory: 16323kB
               Buffers: shared hit=46 read=35856
               ->  Parallel Hash Join  (cost=33262.60..52671.03 rows=109800 width=12) (actual rows=260568 loops=1)
                     Hash Cond: (source_1.phone_id = source.phone_id)
                     Buffers: shared hit=46 read=35856
                     ->  Parallel Seq Scan on relation_11 source_1  (cost=0.00..17894.67 rows=281667 width=8) (actual rows=676001 loops=1)
                           Buffers: shared hit=39 read=15039
                     ->  Parallel Hash  (cost=31890.10..31890.10 rows=109800 width=8) (actual rows=260568 loops=1)
                           Buckets: 524288  Batches: 1  Memory Usage: 14304kB
                           Buffers: shared hit=7 read=20817
                           ->  Parallel Hash Join  (cost=19313.35..31890.10 rows=109800 width=8) (actual rows=260568 loops=1)
                                 Hash Cond: (source.bundle_phone_phone_id = source_2.phone_id)
                                 Buffers: shared hit=7 read=20817
                                 ->  Parallel Seq Scan on relation_64 source  (cost=0.00..11156.49 rows=541049 width=8) (actual rows=1298517 loops=1)
                                       Buffers: shared read=5746
                                 ->  Parallel Hash  (cost=18598.84..18598.84 rows=57161 width=4) (actual rows=135475 loops=1)
                                       Buckets: 262144  Batches: 1  Memory Usage: 7360kB
                                       Buffers: shared hit=7 read=15071
                                       ->  Parallel Seq Scan on relation_11 source_2  (cost=0.00..18598.84 rows=57161 width=4) (actual rows=135475 loops=1)
                                             Filter: (base_price >= 245)
                                             Rows Removed by Filter: 540526
                                             Buffers: shared hit=7 read=15071
 Planning:
   Buffers: shared hit=18 read=9
 Planning Time: 0.270 ms
 Execution Time: 353.174 ms
(37 rows)

-- Q071 [weak_owner] occurrence 1/1
-- Original E/R: SELECT w.bin_id FROM WarehouseBin w WHERE w.bin_id >= 5974866;
EXPLAIN (ANALYZE, BUFFERS, TIMING OFF, SUMMARY ON, FORMAT TEXT)
WITH
"b0" AS (
    SELECT
        "source"."bin_id" AS "bin_id"
    FROM "relation_42" AS "source"
)
SELECT 
    "b0"."bin_id" AS "bin_id"
FROM "b0"
WHERE ("b0"."bin_id" >= 5974866);
                                            QUERY PLAN                                            
--------------------------------------------------------------------------------------------------
 Seq Scan on relation_42 source  (cost=0.00..215.60 rows=4576 width=4) (actual rows=4577 loops=1)
   Filter: (bin_id >= 5974866)
   Rows Removed by Filter: 6831
   Buffers: shared read=73
 Planning Time: 0.050 ms
 Execution Time: 0.483 ms
(6 rows)

-- Q072 [weak_owner] occurrence 1/1
-- Original E/R: SELECT w.exp_month, w.last4, o.user_id, o.loyalty_tier FROM PaymentMethod w JOIN Customer o ON OWNER(w) = REF(o) WHERE w.is_default > 'false';
EXPLAIN (ANALYZE, BUFFERS, TIMING OFF, SUMMARY ON, FORMAT TEXT)
WITH
"b0" AS (
    SELECT
        "source"."exp_month" AS "exp_month",
        "source"."is_default" AS "is_default",
        "source"."last4" AS "last4",
        "source"."customer_id" AS "__owner_0"
    FROM "relation_32" AS "source"
),
"b1" AS (
    SELECT
        "source"."loyalty_tier" AS "loyalty_tier",
        "source"."customer_id" AS "user_id",
        "source"."customer_id" AS "__reference_0"
    FROM "relation_23" AS "source"
    UNION ALL
    SELECT
        "source"."loyalty_tier" AS "loyalty_tier",
        "source"."primecustomer_id" AS "user_id",
        "source"."primecustomer_id" AS "__reference_0"
    FROM "relation_24" AS "source"
    UNION ALL
    SELECT
        "source"."loyalty_tier" AS "loyalty_tier",
        "source"."businesscustomer_id" AS "user_id",
        "source"."businesscustomer_id" AS "__reference_0"
    FROM "relation_25" AS "source"
)
SELECT 
    "b0"."exp_month" AS "exp_month",
    "b0"."last4" AS "last4",
    "b1"."user_id" AS "user_id",
    "b1"."loyalty_tier" AS "loyalty_tier"
FROM ("b0" INNER JOIN "b1" ON ("b0"."__owner_0" = "b1"."__reference_0"))
WHERE ("b0"."is_default" > 'false');
                                                      QUERY PLAN                                                       
-----------------------------------------------------------------------------------------------------------------------
 Hash Join  (cost=3274.19..58565.39 rows=259673 width=19) (actual rows=30697 loops=1)
   Hash Cond: (source_1.customer_id = source.customer_id)
   Buffers: shared hit=6491 read=27916
   ->  Append  (cost=0.00..48805.78 rows=1036985 width=14) (actual rows=1036985 loops=1)
         Buffers: shared hit=6491 read=26760
         ->  Seq Scan on relation_23 source_1  (cost=0.00..1457.85 rows=36985 width=14) (actual rows=36985 loops=1)
               Buffers: shared read=1088
         ->  Seq Scan on relation_24 source_2  (cost=0.00..4713.00 rows=100000 width=14) (actual rows=100000 loops=1)
               Buffers: shared read=3713
         ->  Seq Scan on relation_25 source_3  (cost=0.00..37450.00 rows=900000 width=14) (actual rows=900000 loops=1)
               Buffers: shared hit=6491 read=21959
   ->  Hash  (cost=2889.71..2889.71 rows=30758 width=13) (actual rows=30697 loops=1)
         Buckets: 32768  Batches: 1  Memory Usage: 1695kB
         Buffers: shared read=1156
         ->  Seq Scan on relation_32 source  (cost=0.00..2889.71 rows=30758 width=13) (actual rows=30697 loops=1)
               Filter: ((is_default)::text > 'false'::text)
               Rows Removed by Filter: 108000
               Buffers: shared read=1156
 Planning:
   Buffers: shared hit=5 read=1
 Planning Time: 0.139 ms
 Execution Time: 145.924 ms
(22 rows)

-- Q073 [selection_projection] occurrence 1/1
-- Original E/R: SELECT e.tag_id, e.tag_name FROM Tag e WHERE e.tag_name > 'sale';
EXPLAIN (ANALYZE, BUFFERS, TIMING OFF, SUMMARY ON, FORMAT TEXT)
WITH
"b0" AS (
    SELECT
        "source"."tag_id" AS "tag_id",
        "source"."tag_name" AS "tag_name"
    FROM "relation_30" AS "source"
)
SELECT 
    "b0"."tag_id" AS "tag_id",
    "b0"."tag_name" AS "tag_name"
FROM "b0"
WHERE ("b0"."tag_name" > 'sale');
                                              QUERY PLAN                                              
------------------------------------------------------------------------------------------------------
 Seq Scan on relation_30 source  (cost=0.00..2104.46 rows=10883 width=10) (actual rows=10830 loops=1)
   Filter: ((tag_name)::text > 'sale'::text)
   Rows Removed by Filter: 108327
   Buffers: shared read=615
 Planning:
   Buffers: shared hit=2 read=1
 Planning Time: 0.081 ms
 Execution Time: 7.309 ms
(8 rows)

-- Q074 [weak_owner] occurrence 1/1
-- Original E/R: SELECT w.city, w.kind, w.state, o.loyalty_tier, o.email FROM Address w JOIN Customer o ON OWNER(w) = REF(o) WHERE o.loyalty_tier <= 'bronze';
EXPLAIN (ANALYZE, BUFFERS, TIMING OFF, SUMMARY ON, FORMAT TEXT)
WITH
"b0" AS (
    SELECT
        "source"."city" AS "city",
        "source"."kind" AS "kind",
        "source"."state" AS "state",
        "source"."customer_id" AS "__owner_0"
    FROM "relation_31" AS "source"
),
"b1" AS (
    SELECT
        "source"."loyalty_tier" AS "loyalty_tier",
        "source"."email" AS "email",
        "source"."customer_id" AS "__reference_0"
    FROM "relation_23" AS "source"
    UNION ALL
    SELECT
        "source"."loyalty_tier" AS "loyalty_tier",
        "source"."email" AS "email",
        "source"."primecustomer_id" AS "__reference_0"
    FROM "relation_24" AS "source"
    UNION ALL
    SELECT
        "source"."loyalty_tier" AS "loyalty_tier",
        "source"."email" AS "email",
        "source"."businesscustomer_id" AS "__reference_0"
    FROM "relation_25" AS "source"
)
SELECT 
    "b0"."city" AS "city",
    "b0"."kind" AS "kind",
    "b0"."state" AS "state",
    "b1"."loyalty_tier" AS "loyalty_tier",
    "b1"."email" AS "email"
FROM ("b0" INNER JOIN "b1" ON ("b0"."__owner_0" = "b1"."__reference_0"))
WHERE ("b1"."loyalty_tier" <= 'bronze');
                                                      QUERY PLAN                                                       
-----------------------------------------------------------------------------------------------------------------------
 Hash Join  (cost=4255.88..60398.78 rows=554684 width=50) (actual rows=59828 loops=1)
   Hash Cond: (source_1.customer_id = source.customer_id)
   Buffers: shared hit=11324 read=23381
   ->  Append  (cost=0.00..48717.74 rows=500885 width=32) (actual rows=499250 loops=1)
         Buffers: shared hit=11324 read=21927
         ->  Seq Scan on relation_23 source_1  (cost=0.00..1550.31 rows=17785 width=32) (actual rows=17781 loops=1)
               Filter: ((loyalty_tier)::text <= 'bronze'::text)
               Rows Removed by Filter: 19204
               Buffers: shared hit=1088
         ->  Seq Scan on relation_24 source_2  (cost=0.00..4963.00 rows=48130 width=32) (actual rows=47992 loops=1)
               Filter: ((loyalty_tier)::text <= 'bronze'::text)
               Rows Removed by Filter: 52008
               Buffers: shared hit=3713
         ->  Seq Scan on relation_25 source_3  (cost=0.00..39700.00 rows=434970 width=32) (actual rows=433477 loops=1)
               Filter: ((loyalty_tier)::text <= 'bronze'::text)
               Rows Removed by Filter: 466523
               Buffers: shared hit=6523 read=21927
   ->  Hash  (cost=2699.28..2699.28 rows=124528 width=26) (actual rows=124528 loops=1)
         Buckets: 131072  Batches: 1  Memory Usage: 8365kB
         Buffers: shared read=1454
         ->  Seq Scan on relation_31 source  (cost=0.00..2699.28 rows=124528 width=26) (actual rows=124528 loops=1)
               Buffers: shared read=1454
 Planning:
   Buffers: shared hit=13 read=7
 Planning Time: 8.495 ms
 Execution Time: 160.870 ms
(26 rows)

-- Q075 [aggregation] occurrence 1/1
-- Original E/R: SELECT e2.created_at, COUNT(DISTINCT REF(e1)) AS related_count FROM supplier_pos r JOIN Supplier e1 ON ENDPOINT(r, Supplier) = REF(e1) JOIN PurchaseOrder e2 ON ENDPOINT(r, PurchaseOrder) = REF(e2) WHERE e2.purchaseorder_id > 106773 GROUP BY REF(e2), e2.created_at HAVING COUNT(DISTINCT REF(e1)) >= 2;
EXPLAIN (ANALYZE, BUFFERS, TIMING OFF, SUMMARY ON, FORMAT TEXT)
WITH
"b0" AS (
    SELECT
        "source"."purchaseorder_id" AS "__endpoint_purchaseorder_0",
        "source"."supplier_pos_supplier_id" AS "__endpoint_supplier_0"
    FROM "relation_61" AS "source"
),
"b1" AS (
    SELECT
        "source"."supplier_id" AS "__reference_0"
    FROM "relation_43" AS "source"
),
"b2" AS (
    SELECT
        "source"."created_at" AS "created_at",
        "source"."purchaseorder_id" AS "purchaseorder_id",
        "source"."purchaseorder_id" AS "__reference_0"
    FROM "relation_45" AS "source"
)
SELECT 
    "b2"."created_at" AS "created_at",
    COUNT(DISTINCT "b1"."__reference_0") AS "related_count"
FROM (("b0" INNER JOIN "b1" ON ("b0"."__endpoint_supplier_0" = "b1"."__reference_0")) INNER JOIN "b2" ON ("b0"."__endpoint_purchaseorder_0" = "b2"."__reference_0"))
WHERE ("b2"."purchaseorder_id" > 106773)
GROUP BY
    "b2"."__reference_0",
    "b2"."created_at"
HAVING (COUNT(DISTINCT "b1"."__reference_0") >= 2);
                                                                      QUERY PLAN                                                                      
------------------------------------------------------------------------------------------------------------------------------------------------------
 GroupAggregate  (cost=9106.40..9638.86 rows=8874 width=23) (actual rows=0 loops=1)
   Group Key: source_2.purchaseorder_id
   Filter: (count(DISTINCT source_1.supplier_id) >= 2)
   Rows Removed by Filter: 26273
   Buffers: shared hit=3 read=1507
   ->  Sort  (cost=9106.40..9172.96 rows=26623 width=19) (actual rows=26273 loops=1)
         Sort Key: source_2.purchaseorder_id, source_1.supplier_id
         Sort Method: quicksort  Memory: 2000kB
         Buffers: shared hit=3 read=1507
         ->  Hash Join  (cost=4765.78..7149.56 rows=26623 width=19) (actual rows=26273 loops=1)
               Hash Cond: (source_1.supplier_id = source.supplier_pos_supplier_id)
               Buffers: shared hit=3 read=1507
               ->  Seq Scan on relation_43 source_1  (cost=0.00..1725.49 rows=104549 width=4) (actual rows=104549 loops=1)
                     Buffers: shared read=680
               ->  Hash  (cost=4432.99..4432.99 rows=26623 width=19) (actual rows=26273 loops=1)
                     Buckets: 32768  Batches: 1  Memory Usage: 1591kB
                     Buffers: shared hit=3 read=827
                     ->  Hash Join  (cost=2236.64..4432.99 rows=26623 width=19) (actual rows=26273 loops=1)
                           Hash Cond: (source.purchaseorder_id = source_2.purchaseorder_id)
                           Buffers: shared hit=3 read=827
                           ->  Seq Scan on relation_61 source  (cost=0.00..1858.19 rows=128819 width=8) (actual rows=128819 loops=1)
                                 Buffers: shared read=570
                           ->  Hash  (cost=1889.99..1889.99 rows=27732 width=15) (actual rows=27413 loops=1)
                                 Buckets: 32768  Batches: 1  Memory Usage: 1541kB
                                 Buffers: shared hit=3 read=257
                                 ->  Bitmap Heap Scan on relation_45 source_2  (cost=659.34..1889.99 rows=27732 width=15) (actual rows=27413 loops=1)
                                       Recheck Cond: (purchaseorder_id > 106773)
                                       Heap Blocks: exact=182
                                       Buffers: shared hit=3 read=257
                                       ->  Bitmap Index Scan on relation_45_pkey  (cost=0.00..652.41 rows=27732 width=0) (actual rows=27413 loops=1)
                                             Index Cond: (purchaseorder_id > 106773)
                                             Buffers: shared hit=3 read=75
 Planning:
   Buffers: shared hit=9 read=16
 Planning Time: 0.201 ms
 Execution Time: 32.535 ms
(36 rows)

-- Q076 [relationship_join] occurrence 1/1
-- Original E/R: SELECT e1.cart_id, e1.updated_at, e2.base_price, e2.product_name FROM cart_contains r JOIN Cart e1 ON ENDPOINT(r, Cart) = REF(e1) JOIN Product e2 ON ENDPOINT(r, Product) = REF(e2) WHERE e2.is_active > 0;
EXPLAIN (ANALYZE, BUFFERS, TIMING OFF, SUMMARY ON, FORMAT TEXT)
WITH
"b0" AS (
    SELECT
        "source"."customer_id" AS "__endpoint_cart_0",
        "source"."cart_id" AS "__endpoint_cart_1",
        "source"."product_id" AS "__endpoint_product_0"
    FROM "relation_51" AS "source"
),
"b1" AS (
    SELECT
        "source"."cart_id" AS "cart_id",
        "source"."updated_at" AS "updated_at",
        "source"."customer_id" AS "__reference_0",
        "source"."cart_id" AS "__reference_1"
    FROM "relation_33" AS "source"
),
"b2" AS (
    SELECT
        "source"."base_price" AS "base_price",
        "source"."is_active" AS "is_active",
        "source"."product_name" AS "product_name",
        "source"."product_id" AS "__reference_0"
    FROM "relation_1" AS "source"
    UNION ALL
    SELECT
        "source"."base_price" AS "base_price",
        "source"."is_active" AS "is_active",
        "source"."product_name" AS "product_name",
        "source"."physicalproduct_id" AS "__reference_0"
    FROM "relation_2" AS "source"
    UNION ALL
    SELECT
        "source"."base_price" AS "base_price",
        "source"."is_active" AS "is_active",
        "source"."product_name" AS "product_name",
        "source"."electronics_id" AS "__reference_0"
    FROM "relation_4" AS "source"
    UNION ALL
    SELECT
        "source"."base_price" AS "base_price",
        "source"."is_active" AS "is_active",
        "source"."product_name" AS "product_name",
        "source"."computer_id" AS "__reference_0"
    FROM "relation_5" AS "source"
    UNION ALL
    SELECT
        "source"."base_price" AS "base_price",
        "source"."is_active" AS "is_active",
        "source"."product_name" AS "product_name",
        "source"."desktop_id" AS "__reference_0"
    FROM "relation_6" AS "source"
    UNION ALL
    SELECT
        "source"."base_price" AS "base_price",
        "source"."is_active" AS "is_active",
        "source"."product_name" AS "product_name",
        "source"."laptop_id" AS "__reference_0"
    FROM "relation_7" AS "source"
    UNION ALL
    SELECT
        "source"."base_price" AS "base_price",
        "source"."is_active" AS "is_active",
        "source"."product_name" AS "product_name",
        "source"."tablet_id" AS "__reference_0"
    FROM "relation_8" AS "source"
    UNION ALL
    SELECT
        "source"."base_price" AS "base_price",
        "source"."is_active" AS "is_active",
        "source"."product_name" AS "product_name",
        "source"."smartwatch_id" AS "__reference_0"
    FROM "relation_9" AS "source"
    UNION ALL
    SELECT
        "source"."base_price" AS "base_price",
        "source"."is_active" AS "is_active",
        "source"."product_name" AS "product_name",
        "source"."camera_id" AS "__reference_0"
    FROM "relation_10" AS "source"
    UNION ALL
    SELECT
        "source"."base_price" AS "base_price",
        "source"."is_active" AS "is_active",
        "source"."product_name" AS "product_name",
        "source"."phone_id" AS "__reference_0"
    FROM "relation_11" AS "source"
    UNION ALL
    SELECT
        "source"."base_price" AS "base_price",
        "source"."is_active" AS "is_active",
        "source"."product_name" AS "product_name",
        "source"."accessory_id" AS "__reference_0"
    FROM "relation_12" AS "source"
    UNION ALL
    SELECT
        "source"."base_price" AS "base_price",
        "source"."is_active" AS "is_active",
        "source"."product_name" AS "product_name",
        "source"."appliance_id" AS "__reference_0"
    FROM "relation_13" AS "source"
    UNION ALL
    SELECT
        "source"."base_price" AS "base_price",
        "source"."is_active" AS "is_active",
        "source"."product_name" AS "product_name",
        "source"."kitchenappliance_id" AS "__reference_0"
    FROM "relation_14" AS "source"
    UNION ALL
    SELECT
        "source"."base_price" AS "base_price",
        "source"."is_active" AS "is_active",
        "source"."product_name" AS "product_name",
        "source"."apparel_id" AS "__reference_0"
    FROM "relation_15" AS "source"
    UNION ALL
    SELECT
        "source"."base_price" AS "base_price",
        "source"."is_active" AS "is_active",
        "source"."product_name" AS "product_name",
        "source"."clothing_id" AS "__reference_0"
    FROM "relation_16" AS "source"
    UNION ALL
    SELECT
        "source"."base_price" AS "base_price",
        "source"."is_active" AS "is_active",
        "source"."product_name" AS "product_name",
        "source"."menclothing_id" AS "__reference_0"
    FROM "relation_17" AS "source"
    UNION ALL
    SELECT
        "source"."base_price" AS "base_price",
        "source"."is_active" AS "is_active",
        "source"."product_name" AS "product_name",
        "source"."womenclothing_id" AS "__reference_0"
    FROM "relation_18" AS "source"
    UNION ALL
    SELECT
        "source"."base_price" AS "base_price",
        "source"."is_active" AS "is_active",
        "source"."product_name" AS "product_name",
        "source"."footwear_id" AS "__reference_0"
    FROM "relation_19" AS "source"
    UNION ALL
    SELECT
        "source"."base_price" AS "base_price",
        "source"."is_active" AS "is_active",
        "source"."product_name" AS "product_name",
        "source"."digitalproduct_id" AS "__reference_0"
    FROM "relation_3" AS "source"
    UNION ALL
    SELECT
        "source"."base_price" AS "base_price",
        "source"."is_active" AS "is_active",
        "source"."product_name" AS "product_name",
        "source"."media_id" AS "__reference_0"
    FROM "relation_20" AS "source"
    UNION ALL
    SELECT
        "source"."base_price" AS "base_price",
        "source"."is_active" AS "is_active",
        "source"."product_name" AS "product_name",
        "source"."software_id" AS "__reference_0"
    FROM "relation_21" AS "source"
)
SELECT 
    "b1"."cart_id" AS "cart_id",
    "b1"."updated_at" AS "updated_at",
    "b2"."base_price" AS "base_price",
    "b2"."product_name" AS "product_name"
FROM (("b0" INNER JOIN "b1" ON ("b0"."__endpoint_cart_0" = "b1"."__reference_0" AND "b0"."__endpoint_cart_1" = "b1"."__reference_1")) INNER JOIN "b2" ON ("b0"."__endpoint_product_0" = "b2"."__reference_0"))
WHERE ("b2"."is_active" > 0);
                                                              QUERY PLAN                                                               
---------------------------------------------------------------------------------------------------------------------------------------
 Nested Loop  (cost=1333.62..2200.01 rows=355 width=53) (actual rows=34314 loops=1)
   Buffers: shared hit=2063582 read=76412
   ->  Hash Join  (cost=1333.33..2167.94 rows=1 width=19) (actual rows=40368 loops=1)
         Hash Cond: ((source.customer_id = source_1.customer_id) AND (source.cart_id = source_1.cart_id))
         Buffers: shared hit=271 read=219
         ->  Seq Scan on relation_51 source  (cost=0.00..622.68 rows=40368 width=12) (actual rows=40368 loops=1)
               Buffers: shared read=219
         ->  Hash  (cost=695.93..695.93 rows=42493 width=19) (actual rows=42493 loops=1)
               Buckets: 65536  Batches: 1  Memory Usage: 2670kB
               Buffers: shared hit=271
               ->  Seq Scan on relation_33 source_1  (cost=0.00..695.93 rows=42493 width=19) (actual rows=42493 loops=1)
                     Buffers: shared hit=271
   ->  Append  (cost=0.29..31.87 rows=21 width=42) (actual rows=1 loops=40368)
         Buffers: shared hit=2063311 read=76193
         ->  Index Scan using relation_1_pkey on relation_1 source_2  (cost=0.29..0.45 rows=1 width=42) (actual rows=0 loops=40368)
               Index Cond: (product_id = source.product_id)
               Filter: (is_active > 0)
               Rows Removed by Filter: 0
               Buffers: shared hit=80610 read=275
         ->  Index Scan using relation_2_pkey on relation_2 source_3  (cost=0.29..0.51 rows=1 width=42) (actual rows=0 loops=40368)
               Index Cond: (physicalproduct_id = source.product_id)
               Filter: (is_active > 0)
               Rows Removed by Filter: 0
               Buffers: shared hit=80569 read=378
         ->  Index Scan using relation_4_pkey on relation_4 source_4  (cost=0.43..6.79 rows=1 width=42) (actual rows=0 loops=40368)
               Index Cond: (electronics_id = source.product_id)
               Filter: (is_active > 0)
               Rows Removed by Filter: 0
               Buffers: shared hit=101684 read=41016
         ->  Index Scan using relation_5_pkey on relation_5 source_5  (cost=0.29..0.58 rows=1 width=42) (actual rows=0 loops=40368)
               Index Cond: (computer_id = source.product_id)
               Filter: (is_active > 0)
               Rows Removed by Filter: 0
               Buffers: shared hit=80541 read=435
         ->  Index Scan using relation_6_pkey on relation_6 source_6  (cost=0.43..4.02 rows=1 width=42) (actual rows=0 loops=40368)
               Index Cond: (desktop_id = source.product_id)
               Filter: (is_active > 0)
               Rows Removed by Filter: 0
               Buffers: shared hit=117035 read=8638
         ->  Index Scan using relation_7_pkey on relation_7 source_7  (cost=0.29..0.67 rows=1 width=42) (actual rows=0 loops=40368)
               Index Cond: (laptop_id = source.product_id)
               Filter: (is_active > 0)
               Rows Removed by Filter: 0
               Buffers: shared hit=80461 read=606
         ->  Index Scan using relation_8_pkey on relation_8 source_8  (cost=0.29..0.55 rows=1 width=42) (actual rows=0 loops=40368)
               Index Cond: (tablet_id = source.product_id)
               Filter: (is_active > 0)
               Rows Removed by Filter: 0
               Buffers: shared hit=80543 read=432
         ->  Index Scan using relation_9_pkey on relation_9 source_9  (cost=0.42..1.66 rows=1 width=42) (actual rows=0 loops=40368)
               Index Cond: (smartwatch_id = source.product_id)
               Filter: (is_active > 0)
               Rows Removed by Filter: 0
               Buffers: shared hit=120111 read=2113
         ->  Index Scan using relation_10_pkey on relation_10 source_10  (cost=0.42..0.85 rows=1 width=42) (actual rows=0 loops=40368)
               Index Cond: (camera_id = source.product_id)
               Filter: (is_active > 0)
               Rows Removed by Filter: 0
               Buffers: shared hit=120758 read=775
         ->  Index Scan using relation_11_pkey on relation_11 source_11  (cost=0.42..2.23 rows=1 width=42) (actual rows=0 loops=40368)
               Index Cond: (phone_id = source.product_id)
               Filter: (is_active > 0)
               Rows Removed by Filter: 0
               Buffers: shared hit=119680 read=3036
         ->  Index Scan using relation_12_pkey on relation_12 source_12  (cost=0.29..0.67 rows=1 width=42) (actual rows=0 loops=40368)
               Index Cond: (accessory_id = source.product_id)
               Filter: (is_active > 0)
               Rows Removed by Filter: 0
               Buffers: shared hit=80459 read=611
         ->  Index Scan using relation_13_pkey on relation_13 source_13  (cost=0.29..0.46 rows=1 width=42) (actual rows=0 loops=40368)
               Index Cond: (appliance_id = source.product_id)
               Filter: (is_active > 0)
               Rows Removed by Filter: 0
               Buffers: shared hit=80617 read=254
         ->  Index Scan using relation_14_pkey on relation_14 source_14  (cost=0.42..1.10 rows=1 width=42) (actual rows=0 loops=40368)
               Index Cond: (kitchenappliance_id = source.product_id)
               Filter: (is_active > 0)
               Rows Removed by Filter: 0
               Buffers: shared hit=120567 read=1175
         ->  Index Scan using relation_15_pkey on relation_15 source_15  (cost=0.42..1.35 rows=1 width=42) (actual rows=0 loops=40368)
               Index Cond: (apparel_id = source.product_id)
               Filter: (is_active > 0)
               Rows Removed by Filter: 0
               Buffers: shared hit=120323 read=1686
         ->  Index Scan using relation_16_pkey on relation_16 source_16  (cost=0.42..1.23 rows=1 width=42) (actual rows=0 loops=40368)
               Index Cond: (clothing_id = source.product_id)
               Filter: (is_active > 0)
               Rows Removed by Filter: 0
               Buffers: shared hit=120488 read=1314
         ->  Index Scan using relation_17_pkey on relation_17 source_17  (cost=0.43..3.84 rows=1 width=42) (actual rows=0 loops=40368)
               Index Cond: (menclothing_id = source.product_id)
               Filter: (is_active > 0)
               Rows Removed by Filter: 0
               Buffers: shared hit=117492 read=7672
         ->  Index Scan using relation_18_pkey on relation_18 source_18  (cost=0.29..0.61 rows=1 width=42) (actual rows=0 loops=40368)
               Index Cond: (womenclothing_id = source.product_id)
               Filter: (is_active > 0)
               Rows Removed by Filter: 0
               Buffers: shared hit=80506 read=529
         ->  Index Scan using relation_19_pkey on relation_19 source_19  (cost=0.29..0.38 rows=1 width=42) (actual rows=0 loops=40368)
               Index Cond: (footwear_id = source.product_id)
               Filter: (is_active > 0)
               Rows Removed by Filter: 0
               Buffers: shared hit=80680 read=122
         ->  Index Scan using relation_3_pkey on relation_3 source_20  (cost=0.29..0.47 rows=1 width=42) (actual rows=0 loops=40368)
               Index Cond: (digitalproduct_id = source.product_id)
               Filter: (is_active > 0)
               Rows Removed by Filter: 0
               Buffers: shared hit=80595 read=309
         ->  Index Scan using relation_20_pkey on relation_20 source_21  (cost=0.43..3.00 rows=1 width=42) (actual rows=0 loops=40368)
               Index Cond: (media_id = source.product_id)
               Filter: (is_active > 0)
               Rows Removed by Filter: 0
               Buffers: shared hit=118879 read=4766
         ->  Index Scan using relation_21_pkey on relation_21 source_22  (cost=0.29..0.34 rows=1 width=42) (actual rows=0 loops=40368)
               Index Cond: (software_id = source.product_id)
               Filter: (is_active > 0)
               Rows Removed by Filter: 0
               Buffers: shared hit=80713 read=51
 Planning:
   Buffers: shared hit=8 read=4
 Planning Time: 0.398 ms
 Execution Time: 572.905 ms
(123 rows)

-- Q077 [selection_projection] occurrence 1/1
-- Original E/R: SELECT e.purchaseorder_id, e.created_at FROM PurchaseOrder e WHERE e.purchaseorder_id >= 120363;
EXPLAIN (ANALYZE, BUFFERS, TIMING OFF, SUMMARY ON, FORMAT TEXT)
WITH
"b0" AS (
    SELECT
        "source"."created_at" AS "created_at",
        "source"."purchaseorder_id" AS "purchaseorder_id"
    FROM "relation_45" AS "source"
)
SELECT 
    "b0"."purchaseorder_id" AS "purchaseorder_id",
    "b0"."created_at" AS "created_at"
FROM "b0"
WHERE ("b0"."purchaseorder_id" >= 120363);
                                                   QUERY PLAN                                                    
-----------------------------------------------------------------------------------------------------------------
 Bitmap Heap Scan on relation_45 source  (cost=332.82..1391.66 rows=13987 width=15) (actual rows=13824 loops=1)
   Recheck Cond: (purchaseorder_id >= 120363)
   Heap Blocks: exact=92
   Buffers: shared read=133
   ->  Bitmap Index Scan on relation_45_pkey  (cost=0.00..329.32 rows=13987 width=0) (actual rows=13824 loops=1)
         Index Cond: (purchaseorder_id >= 120363)
         Buffers: shared read=41
 Planning Time: 0.043 ms
 Execution Time: 1.031 ms
(9 rows)

-- Q078 [complex_multi_join] occurrence 1/1
-- Original E/R: SELECT e1.purchaseorder_id, e2.is_active, e3.is_active FROM po_items r1 JOIN PurchaseOrder e1 ON ENDPOINT(r1, PurchaseOrder) = REF(e1) JOIN Product e2 ON ENDPOINT(r1, Product) = REF(e2) JOIN bought_together r2 ON ENDPOINT(r2, product_id) = REF(e2) JOIN Product e3 ON ENDPOINT(r2, bought_together_product_id) = REF(e3) WHERE e3.product_name < 'Object-based 3rdgeneration instruction set';
EXPLAIN (ANALYZE, BUFFERS, TIMING OFF, SUMMARY ON, FORMAT TEXT)
WITH
"b0" AS (
    SELECT
        "source"."product_id" AS "__endpoint_product_0",
        "source"."purchaseorder_id" AS "__endpoint_purchaseorder_0"
    FROM "relation_62" AS "source"
),
"b1" AS (
    SELECT
        "source"."purchaseorder_id" AS "purchaseorder_id",
        "source"."purchaseorder_id" AS "__reference_0"
    FROM "relation_45" AS "source"
),
"b2" AS (
    SELECT
        "source"."is_active" AS "is_active",
        "source"."product_id" AS "__reference_0"
    FROM "relation_1" AS "source"
    UNION ALL
    SELECT
        "source"."is_active" AS "is_active",
        "source"."physicalproduct_id" AS "__reference_0"
    FROM "relation_2" AS "source"
    UNION ALL
    SELECT
        "source"."is_active" AS "is_active",
        "source"."electronics_id" AS "__reference_0"
    FROM "relation_4" AS "source"
    UNION ALL
    SELECT
        "source"."is_active" AS "is_active",
        "source"."computer_id" AS "__reference_0"
    FROM "relation_5" AS "source"
    UNION ALL
    SELECT
        "source"."is_active" AS "is_active",
        "source"."desktop_id" AS "__reference_0"
    FROM "relation_6" AS "source"
    UNION ALL
    SELECT
        "source"."is_active" AS "is_active",
        "source"."laptop_id" AS "__reference_0"
    FROM "relation_7" AS "source"
    UNION ALL
    SELECT
        "source"."is_active" AS "is_active",
        "source"."tablet_id" AS "__reference_0"
    FROM "relation_8" AS "source"
    UNION ALL
    SELECT
        "source"."is_active" AS "is_active",
        "source"."smartwatch_id" AS "__reference_0"
    FROM "relation_9" AS "source"
    UNION ALL
    SELECT
        "source"."is_active" AS "is_active",
        "source"."camera_id" AS "__reference_0"
    FROM "relation_10" AS "source"
    UNION ALL
    SELECT
        "source"."is_active" AS "is_active",
        "source"."phone_id" AS "__reference_0"
    FROM "relation_11" AS "source"
    UNION ALL
    SELECT
        "source"."is_active" AS "is_active",
        "source"."accessory_id" AS "__reference_0"
    FROM "relation_12" AS "source"
    UNION ALL
    SELECT
        "source"."is_active" AS "is_active",
        "source"."appliance_id" AS "__reference_0"
    FROM "relation_13" AS "source"
    UNION ALL
    SELECT
        "source"."is_active" AS "is_active",
        "source"."kitchenappliance_id" AS "__reference_0"
    FROM "relation_14" AS "source"
    UNION ALL
    SELECT
        "source"."is_active" AS "is_active",
        "source"."apparel_id" AS "__reference_0"
    FROM "relation_15" AS "source"
    UNION ALL
    SELECT
        "source"."is_active" AS "is_active",
        "source"."clothing_id" AS "__reference_0"
    FROM "relation_16" AS "source"
    UNION ALL
    SELECT
        "source"."is_active" AS "is_active",
        "source"."menclothing_id" AS "__reference_0"
    FROM "relation_17" AS "source"
    UNION ALL
    SELECT
        "source"."is_active" AS "is_active",
        "source"."womenclothing_id" AS "__reference_0"
    FROM "relation_18" AS "source"
    UNION ALL
    SELECT
        "source"."is_active" AS "is_active",
        "source"."footwear_id" AS "__reference_0"
    FROM "relation_19" AS "source"
    UNION ALL
    SELECT
        "source"."is_active" AS "is_active",
        "source"."digitalproduct_id" AS "__reference_0"
    FROM "relation_3" AS "source"
    UNION ALL
    SELECT
        "source"."is_active" AS "is_active",
        "source"."media_id" AS "__reference_0"
    FROM "relation_20" AS "source"
    UNION ALL
    SELECT
        "source"."is_active" AS "is_active",
        "source"."software_id" AS "__reference_0"
    FROM "relation_21" AS "source"
),
"b3" AS (
    SELECT
        "source"."bought_together_product_product_id" AS "__endpoint_bought_together_product_id_0",
        "source"."product_id" AS "__endpoint_product_id_0"
    FROM "relation_50" AS "source"
),
"b4" AS (
    SELECT
        "source"."is_active" AS "is_active",
        "source"."product_name" AS "product_name",
        "source"."product_id" AS "__reference_0"
    FROM "relation_1" AS "source"
    UNION ALL
    SELECT
        "source"."is_active" AS "is_active",
        "source"."product_name" AS "product_name",
        "source"."physicalproduct_id" AS "__reference_0"
    FROM "relation_2" AS "source"
    UNION ALL
    SELECT
        "source"."is_active" AS "is_active",
        "source"."product_name" AS "product_name",
        "source"."electronics_id" AS "__reference_0"
    FROM "relation_4" AS "source"
    UNION ALL
    SELECT
        "source"."is_active" AS "is_active",
        "source"."product_name" AS "product_name",
        "source"."computer_id" AS "__reference_0"
    FROM "relation_5" AS "source"
    UNION ALL
    SELECT
        "source"."is_active" AS "is_active",
        "source"."product_name" AS "product_name",
        "source"."desktop_id" AS "__reference_0"
    FROM "relation_6" AS "source"
    UNION ALL
    SELECT
        "source"."is_active" AS "is_active",
        "source"."product_name" AS "product_name",
        "source"."laptop_id" AS "__reference_0"
    FROM "relation_7" AS "source"
    UNION ALL
    SELECT
        "source"."is_active" AS "is_active",
        "source"."product_name" AS "product_name",
        "source"."tablet_id" AS "__reference_0"
    FROM "relation_8" AS "source"
    UNION ALL
    SELECT
        "source"."is_active" AS "is_active",
        "source"."product_name" AS "product_name",
        "source"."smartwatch_id" AS "__reference_0"
    FROM "relation_9" AS "source"
    UNION ALL
    SELECT
        "source"."is_active" AS "is_active",
        "source"."product_name" AS "product_name",
        "source"."camera_id" AS "__reference_0"
    FROM "relation_10" AS "source"
    UNION ALL
    SELECT
        "source"."is_active" AS "is_active",
        "source"."product_name" AS "product_name",
        "source"."phone_id" AS "__reference_0"
    FROM "relation_11" AS "source"
    UNION ALL
    SELECT
        "source"."is_active" AS "is_active",
        "source"."product_name" AS "product_name",
        "source"."accessory_id" AS "__reference_0"
    FROM "relation_12" AS "source"
    UNION ALL
    SELECT
        "source"."is_active" AS "is_active",
        "source"."product_name" AS "product_name",
        "source"."appliance_id" AS "__reference_0"
    FROM "relation_13" AS "source"
    UNION ALL
    SELECT
        "source"."is_active" AS "is_active",
        "source"."product_name" AS "product_name",
        "source"."kitchenappliance_id" AS "__reference_0"
    FROM "relation_14" AS "source"
    UNION ALL
    SELECT
        "source"."is_active" AS "is_active",
        "source"."product_name" AS "product_name",
        "source"."apparel_id" AS "__reference_0"
    FROM "relation_15" AS "source"
    UNION ALL
    SELECT
        "source"."is_active" AS "is_active",
        "source"."product_name" AS "product_name",
        "source"."clothing_id" AS "__reference_0"
    FROM "relation_16" AS "source"
    UNION ALL
    SELECT
        "source"."is_active" AS "is_active",
        "source"."product_name" AS "product_name",
        "source"."menclothing_id" AS "__reference_0"
    FROM "relation_17" AS "source"
    UNION ALL
    SELECT
        "source"."is_active" AS "is_active",
        "source"."product_name" AS "product_name",
        "source"."womenclothing_id" AS "__reference_0"
    FROM "relation_18" AS "source"
    UNION ALL
    SELECT
        "source"."is_active" AS "is_active",
        "source"."product_name" AS "product_name",
        "source"."footwear_id" AS "__reference_0"
    FROM "relation_19" AS "source"
    UNION ALL
    SELECT
        "source"."is_active" AS "is_active",
        "source"."product_name" AS "product_name",
        "source"."digitalproduct_id" AS "__reference_0"
    FROM "relation_3" AS "source"
    UNION ALL
    SELECT
        "source"."is_active" AS "is_active",
        "source"."product_name" AS "product_name",
        "source"."media_id" AS "__reference_0"
    FROM "relation_20" AS "source"
    UNION ALL
    SELECT
        "source"."is_active" AS "is_active",
        "source"."product_name" AS "product_name",
        "source"."software_id" AS "__reference_0"
    FROM "relation_21" AS "source"
)
SELECT 
    "b1"."purchaseorder_id" AS "purchaseorder_id",
    "b2"."is_active" AS "is_active",
    "b4"."is_active" AS "is_active"
FROM (((("b0" INNER JOIN "b1" ON ("b0"."__endpoint_purchaseorder_0" = "b1"."__reference_0")) INNER JOIN "b2" ON ("b0"."__endpoint_product_0" = "b2"."__reference_0")) INNER JOIN "b3" ON ("b3"."__endpoint_product_id_0" = "b2"."__reference_0")) INNER JOIN "b4" ON ("b3"."__endpoint_bought_together_product_id_0" = "b4"."__reference_0"))
WHERE ("b4"."product_name" < 'Object-based 3rdgeneration instruction set');
                                                                                      QUERY PLAN                                                                                       
---------------------------------------------------------------------------------------------------------------------------------------------------------------------------------------
 Hash Join  (cost=699388.43..1858841.06 rows=43891073 width=12) (actual rows=74593 loops=1)
   Hash Cond: (source_2.product_id = source.product_id)
   Buffers: shared hit=411793 read=833893
   ->  Append  (cost=0.00..615563.11 rows=16796474 width=8) (actual rows=16796782 loops=1)
         Buffers: shared hit=6966 read=356650
         ->  Seq Scan on relation_1 source_2  (cost=0.00..1854.99 rows=61999 width=8) (actual rows=61999 loops=1)
               Buffers: shared read=1235
         ->  Seq Scan on relation_2 source_3  (cost=0.00..2615.65 rows=85865 width=8) (actual rows=85865 loops=1)
               Buffers: shared read=1757
         ->  Seq Scan on relation_4 source_4  (cost=0.00..278724.44 rows=9003644 width=8) (actual rows=9004045 loops=1)
               Buffers: shared hit=32 read=188656
         ->  Seq Scan on relation_5 source_5  (cost=0.00..3481.90 rows=107190 width=8) (actual rows=107190 loops=1)
               Buffers: shared read=2410
         ->  Seq Scan on relation_6 source_6  (cost=0.00..63250.98 rows=1877798 width=8) (actual rows=1877778 loops=1)
               Buffers: shared hit=32 read=44441
         ->  Seq Scan on relation_7 source_7  (cost=0.00..4606.70 rows=139670 width=8) (actual rows=139670 loops=1)
               Buffers: shared hit=3210
         ->  Seq Scan on relation_8 source_8  (cost=0.00..3146.00 rows=100000 width=8) (actual rows=100000 loops=1)
               Buffers: shared read=2146
         ->  Seq Scan on relation_9 source_9  (cost=0.00..14767.45 rows=469445 width=8) (actual rows=469445 loops=1)
               Buffers: shared hit=32 read=10041
         ->  Seq Scan on relation_10 source_10  (cost=0.00..5318.01 rows=169001 width=8) (actual rows=169001 loops=1)
               Buffers: shared hit=3628
         ->  Seq Scan on relation_11 source_11  (cost=0.00..21838.01 rows=676001 width=8) (actual rows=676001 loops=1)
               Buffers: shared hit=32 read=15046
         ->  Seq Scan on relation_12 source_12  (cost=0.00..4630.98 rows=144898 width=8) (actual rows=144898 loops=1)
               Buffers: shared read=3182
         ->  Seq Scan on relation_13 source_13  (cost=0.00..1860.20 rows=60120 width=8) (actual rows=60120 loops=1)
               Buffers: shared read=1259
         ->  Seq Scan on relation_14 source_14  (cost=0.00..8302.63 rows=264063 width=8) (actual rows=264063 loops=1)
               Buffers: shared read=5662
         ->  Seq Scan on relation_15 source_15  (cost=0.00..11329.62 rows=364762 width=8) (actual rows=364762 loops=1)
               Buffers: shared read=7682
         ->  Seq Scan on relation_16 source_16  (cost=0.00..9506.82 rows=297982 width=8) (actual rows=297982 loops=1)
               Buffers: shared read=6527
         ->  Seq Scan on relation_17 source_17  (cost=0.00..55500.73 rows=1690073 width=8) (actual rows=1690000 loops=1)
               Buffers: shared read=38600
         ->  Seq Scan on relation_18 source_18  (cost=0.00..3848.62 rows=117362 width=8) (actual rows=117362 loops=1)
               Buffers: shared read=2675
         ->  Seq Scan on relation_19 source_19  (cost=0.00..913.42 rows=28642 width=8) (actual rows=28642 loops=1)
               Buffers: shared read=627
         ->  Seq Scan on relation_3 source_20  (cost=0.00..2071.09 rows=66709 width=8) (actual rows=66709 loops=1)
               Buffers: shared read=1404
         ->  Seq Scan on relation_20 source_21  (cost=0.00..33525.50 rows=1056250 width=8) (actual rows=1056250 loops=1)
               Buffers: shared read=22963
         ->  Seq Scan on relation_21 source_22  (cost=0.00..487.00 rows=15000 width=8) (actual rows=15000 loops=1)
               Buffers: shared read=337
   ->  Hash  (cost=694426.05..694426.05 rows=396990 width=16) (actual rows=74593 loops=1)
         Buckets: 524288  Batches: 1  Memory Usage: 7593kB
         Buffers: shared hit=404827 read=477243
         ->  Gather  (cost=170860.83..694426.05 rows=396990 width=16) (actual rows=74593 loops=1)
               Workers Planned: 2
               Workers Launched: 0
               Buffers: shared hit=404827 read=477243
               ->  Parallel Hash Join  (cost=169860.83..653727.05 rows=165412 width=16) (actual rows=74593 loops=1)
                     Hash Cond: (source_26.electronics_id = source_23.bought_together_product_product_id)
                     Buffers: shared hit=404827 read=477243
                     ->  Parallel Append  (cost=0.00..470019.59 rows=3508643 width=8) (actual rows=8402830 loops=1)
                           Buffers: shared hit=1 read=363615
                           ->  Parallel Seq Scan on relation_4 source_26  (cost=0.00..235581.98 rows=1875755 width=8) (actual rows=4503209 loops=1)
                                 Filter: ((product_name)::text < 'Object-based 3rdgeneration instruction set'::text)
                                 Rows Removed by Filter: 4500836
                                 Buffers: shared read=188688
                           ->  Parallel Seq Scan on relation_6 source_28  (cost=0.00..54253.20 rows=391207 width=8) (actual rows=939053 loops=1)
                                 Filter: ((product_name)::text < 'Object-based 3rdgeneration instruction set'::text)
                                 Rows Removed by Filter: 938725
                                 Buffers: shared read=44473
                           ->  Parallel Seq Scan on relation_17 source_39  (cost=0.00..47402.46 rows=352098 width=8) (actual rows=845070 loops=1)
                                 Filter: ((product_name)::text < 'Object-based 3rdgeneration instruction set'::text)
                                 Rows Removed by Filter: 844930
                                 Buffers: shared read=38600
                           ->  Parallel Seq Scan on relation_20 source_43  (cost=0.00..28464.30 rows=224452 width=8) (actual rows=528500 loops=1)
                                 Filter: ((product_name)::text < 'Object-based 3rdgeneration instruction set'::text)
                                 Rows Removed by Filter: 527750
                                 Buffers: shared read=22963
                           ->  Parallel Seq Scan on relation_11 source_33  (cost=0.00..18598.84 rows=140833 width=8) (actual rows=338816 loops=1)
                                 Filter: ((product_name)::text < 'Object-based 3rdgeneration instruction set'::text)
                                 Rows Removed by Filter: 337185
                                 Buffers: shared read=15078
                           ->  Parallel Seq Scan on relation_9 source_31  (cost=0.00..12518.03 rows=97800 width=8) (actual rows=234802 loops=1)
                                 Filter: ((product_name)::text < 'Object-based 3rdgeneration instruction set'::text)
                                 Rows Removed by Filter: 234643
                                 Buffers: shared read=10073
                           ->  Parallel Seq Scan on relation_15 source_37  (cost=0.00..9581.80 rows=77511 width=8) (actual rows=182363 loops=1)
                                 Filter: ((product_name)::text < 'Object-based 3rdgeneration instruction set'::text)
                                 Rows Removed by Filter: 182399
                                 Buffers: shared read=7682
                           ->  Parallel Seq Scan on relation_16 source_38  (cost=0.00..8078.99 rows=63321 width=8) (actual rows=149674 loops=1)
                                 Filter: ((product_name)::text < 'Object-based 3rdgeneration instruction set'::text)
                                 Rows Removed by Filter: 148308
                                 Buffers: shared read=6527
                           ->  Parallel Seq Scan on relation_14 source_36  (cost=0.00..7037.33 rows=55012 width=8) (actual rows=132088 loops=1)
                                 Filter: ((product_name)::text < 'Object-based 3rdgeneration instruction set'::text)
                                 Rows Removed by Filter: 131975
                                 Buffers: shared read=5662
                           ->  Parallel Seq Scan on relation_10 source_32  (cost=0.00..4508.21 rows=35208 width=8) (actual rows=84827 loops=1)
                                 Filter: ((product_name)::text < 'Object-based 3rdgeneration instruction set'::text)
                                 Rows Removed by Filter: 84174
                                 Buffers: shared read=3628
                           ->  Parallel Seq Scan on relation_7 source_29  (cost=0.00..3937.45 rows=29680 width=8) (actual rows=70071 loops=1)
                                 Filter: ((product_name)::text < 'Object-based 3rdgeneration instruction set'::text)
                                 Rows Removed by Filter: 69599
                                 Buffers: shared read=3210
                           ->  Parallel Seq Scan on relation_12 source_34  (cost=0.00..3936.68 rows=30187 width=8) (actual rows=72241 loops=1)
                                 Filter: ((product_name)::text < 'Object-based 3rdgeneration instruction set'::text)
                                 Rows Removed by Filter: 72657
                                 Buffers: shared read=3182
                           ->  Parallel Seq Scan on relation_18 source_40  (cost=0.00..3537.96 rows=35208 width=8) (actual rows=58850 loops=1)
                                 Filter: ((product_name)::text < 'Object-based 3rdgeneration instruction set'::text)
                                 Rows Removed by Filter: 58512
                                 Buffers: shared read=2675
                           ->  Parallel Seq Scan on relation_5 source_27  (cost=0.00..3198.16 rows=32156 width=8) (actual rows=53810 loops=1)
                                 Filter: ((product_name)::text < 'Object-based 3rdgeneration instruction set'::text)
                                 Rows Removed by Filter: 53380
                                 Buffers: shared read=2410
                           ->  Parallel Seq Scan on relation_8 source_30  (cost=0.00..2881.29 rows=29411 width=8) (actual rows=50069 loops=1)
                                 Filter: ((product_name)::text < 'Object-based 3rdgeneration instruction set'::text)
                                 Rows Removed by Filter: 49931
                                 Buffers: shared read=2146
                           ->  Parallel Seq Scan on relation_2 source_25  (cost=0.00..2388.36 rows=25759 width=8) (actual rows=43072 loops=1)
                                 Filter: ((product_name)::text < 'Object-based 3rdgeneration instruction set'::text)
                                 Rows Removed by Filter: 42793
                                 Buffers: shared read=1757
                           ->  Parallel Seq Scan on relation_3 source_42  (cost=0.00..1894.51 rows=19619 width=8) (actual rows=33223 loops=1)
                                 Filter: ((product_name)::text < 'Object-based 3rdgeneration instruction set'::text)
                                 Rows Removed by Filter: 33486
                                 Buffers: shared read=1404
                           ->  Parallel Seq Scan on relation_13 source_35  (cost=0.00..1701.06 rows=18035 width=8) (actual rows=30215 loops=1)
                                 Filter: ((product_name)::text < 'Object-based 3rdgeneration instruction set'::text)
                                 Rows Removed by Filter: 29905
                                 Buffers: shared read=1259
                           ->  Parallel Seq Scan on relation_1 source_24  (cost=0.00..1690.88 rows=18234 width=8) (actual rows=30969 loops=1)
                                 Filter: ((product_name)::text < 'Object-based 3rdgeneration instruction set'::text)
                                 Rows Removed by Filter: 31030
                                 Buffers: shared hit=1 read=1234
                           ->  Parallel Seq Scan on relation_19 source_41  (cost=0.00..837.60 rows=8479 width=8) (actual rows=14384 loops=1)
                                 Filter: ((product_name)::text < 'Object-based 3rdgeneration instruction set'::text)
                                 Rows Removed by Filter: 14258
                                 Buffers: shared read=627
                           ->  Parallel Seq Scan on relation_21 source_44  (cost=0.00..447.29 rows=4504 width=8) (actual rows=7524 loops=1)
                                 Filter: ((product_name)::text < 'Object-based 3rdgeneration instruction set'::text)
                                 Rows Removed by Filter: 7476
                                 Buffers: shared read=337
                     ->  Parallel Hash  (cost=167671.64..167671.64 rows=175135 width=16) (actual rows=149136 loops=1)
                           Buckets: 524288  Batches: 1  Memory Usage: 11104kB
                           Buffers: shared hit=404826 read=113628
                           ->  Nested Loop  (cost=3904.04..167671.64 rows=175135 width=16) (actual rows=149136 loops=1)
                                 Buffers: shared hit=404826 read=113628
                                 ->  Hash Join  (cost=3903.61..7788.91 rows=63728 width=8) (actual rows=152947 loops=1)
                                       Hash Cond: (source.purchaseorder_id = source_1.purchaseorder_id)
                                       Buffers: shared hit=96 read=1366
                                       ->  Parallel Index Only Scan using relation_62_pkey on relation_62 source  (cost=0.42..3718.43 rows=63728 width=8) (actual rows=152947 loops=1)
                                             Heap Fetches: 0
                                             Buffers: shared hit=4 read=574
                                       ->  Hash  (cost=2225.86..2225.86 rows=134186 width=4) (actual rows=134186 loops=1)
                                             Buckets: 262144  Batches: 1  Memory Usage: 6766kB
                                             Buffers: shared hit=92 read=792
                                             ->  Seq Scan on relation_45 source_1  (cost=0.00..2225.86 rows=134186 width=4) (actual rows=134186 loops=1)
                                                   Buffers: shared hit=92 read=792
                                 ->  Index Only Scan using relation_50_pkey on relation_50 source_23  (cost=0.43..2.48 rows=3 width=8) (actual rows=1 loops=152947)
                                       Index Cond: (product_id = source.product_id)
                                       Heap Fetches: 0
                                       Buffers: shared hit=404730 read=112262
 Planning:
   Buffers: shared hit=9 read=15
 Planning Time: 1.069 ms
 JIT:
   Functions: 149
   Options: Inlining true, Optimization true, Expressions true, Deforming true
 Execution Time: 4773.019 ms
(170 rows)

-- Q079 [weak_owner] occurrence 1/1
-- Original E/R: SELECT w.shipped_at, o.custorder_id, o.status FROM Shipment w JOIN CustOrder o ON OWNER(w) = REF(o) WHERE w.shipped_at < '2022-07-08';
EXPLAIN (ANALYZE, BUFFERS, TIMING OFF, SUMMARY ON, FORMAT TEXT)
WITH
"b0" AS (
    SELECT
        "source"."shipped_at" AS "shipped_at",
        "source"."custorder_id" AS "__owner_0"
    FROM "relation_38" AS "source"
),
"b1" AS (
    SELECT
        "source"."custorder_id" AS "custorder_id",
        "source"."status" AS "status",
        "source"."custorder_id" AS "__reference_0"
    FROM "relation_37" AS "source"
)
SELECT 
    "b0"."shipped_at" AS "shipped_at",
    "b1"."custorder_id" AS "custorder_id",
    "b1"."status" AS "status"
FROM ("b0" INNER JOIN "b1" ON ("b0"."__owner_0" = "b1"."__reference_0"))
WHERE ("b0"."shipped_at" < '2022-07-08');
                                                  QUERY PLAN                                                   
---------------------------------------------------------------------------------------------------------------
 Hash Join  (cost=560.43..2657.26 rows=2496 width=24) (actual rows=2526 loops=1)
   Hash Cond: (source_1.custorder_id = source.custorder_id)
   Buffers: shared read=792
   ->  Seq Scan on relation_37 source_1  (cost=0.00..1369.60 rows=80260 width=13) (actual rows=80260 loops=1)
         Buffers: shared read=567
   ->  Hash  (cost=529.23..529.23 rows=2496 width=15) (actual rows=2526 loops=1)
         Buckets: 4096  Batches: 1  Memory Usage: 151kB
         Buffers: shared read=225
         ->  Seq Scan on relation_38 source  (cost=0.00..529.23 rows=2496 width=15) (actual rows=2526 loops=1)
               Filter: ((shipped_at)::text < '2022-07-08'::text)
               Rows Removed by Filter: 21812
               Buffers: shared read=225
 Planning:
   Buffers: shared hit=4 read=8
 Planning Time: 0.149 ms
 Execution Time: 7.279 ms
(16 rows)

-- Q080 [relationship_join] occurrence 1/1
-- Original E/R: SELECT e1.quantity, e1.dimensions, e2.accessory_type, e2.product_name FROM bundled_phone_accessory r JOIN Phone e1 ON ENDPOINT(r, Phone) = REF(e1) JOIN Accessory e2 ON ENDPOINT(r, Accessory) = REF(e2) WHERE e2.quantity > 22;
EXPLAIN (ANALYZE, BUFFERS, TIMING OFF, SUMMARY ON, FORMAT TEXT)
WITH
"b0" AS (
    SELECT
        "source"."accessory_id" AS "__endpoint_accessory_0",
        "source"."phone_id" AS "__endpoint_phone_0"
    FROM "relation_65" AS "source"
),
"b1" AS (
    SELECT
        "source"."dimensions" AS "dimensions",
        "source"."quantity" AS "quantity",
        "source"."phone_id" AS "__reference_0"
    FROM "relation_11" AS "source"
),
"b2" AS (
    SELECT
        "source"."accessory_type" AS "accessory_type",
        "source"."product_name" AS "product_name",
        "source"."quantity" AS "quantity",
        "source"."accessory_id" AS "__reference_0"
    FROM "relation_12" AS "source"
)
SELECT 
    "b1"."quantity" AS "quantity",
    "b1"."dimensions" AS "dimensions",
    "b2"."accessory_type" AS "accessory_type",
    "b2"."product_name" AS "product_name"
FROM (("b0" INNER JOIN "b1" ON ("b0"."__endpoint_phone_0" = "b1"."__reference_0")) INNER JOIN "b2" ON ("b0"."__endpoint_accessory_0" = "b2"."__reference_0"))
WHERE ("b2"."quantity" > 22);
                                                        QUERY PLAN                                                        
--------------------------------------------------------------------------------------------------------------------------
 Hash Join  (cost=36187.34..52321.38 rows=439526 width=50) (actual rows=440959 loops=1)
   Hash Cond: (source.phone_id = source_1.phone_id)
   Buffers: shared hit=3214 read=18934
   ->  Hash Join  (cost=5899.31..20879.59 rows=439526 width=44) (actual rows=440959 loops=1)
         Hash Cond: (source.accessory_id = source_2.accessory_id)
         Buffers: shared hit=3182 read=3888
         ->  Seq Scan on relation_65 source  (cost=0.00..12673.91 rows=878591 width=8) (actual rows=878591 loops=1)
               Buffers: shared read=3888
         ->  Hash  (cost=4993.23..4993.23 rows=72487 width=44) (actual rows=72620 loops=1)
               Buckets: 131072  Batches: 1  Memory Usage: 6605kB
               Buffers: shared hit=3182
               ->  Seq Scan on relation_12 source_2  (cost=0.00..4993.23 rows=72487 width=44) (actual rows=72620 loops=1)
                     Filter: (quantity > 22)
                     Rows Removed by Filter: 72278
                     Buffers: shared hit=3182
   ->  Hash  (cost=21838.01..21838.01 rows=676001 width=14) (actual rows=676001 loops=1)
         Buckets: 1048576  Batches: 1  Memory Usage: 40011kB
         Buffers: shared hit=32 read=15046
         ->  Seq Scan on relation_11 source_1  (cost=0.00..21838.01 rows=676001 width=14) (actual rows=676001 loops=1)
               Buffers: shared hit=32 read=15046
 Planning:
   Buffers: shared hit=6 read=16
 Planning Time: 0.607 ms
 Execution Time: 288.392 ms
(24 rows)

-- Q081 [relationship_join] occurrence 1/1
-- Original E/R: SELECT e1.custorder_id, e2.quantity, e2.product_name FROM order_returns r JOIN CustOrder e1 ON ENDPOINT(r, CustOrder) = REF(e1) JOIN Product e2 ON ENDPOINT(r, Product) = REF(e2) WHERE e2.base_price < 41;
EXPLAIN (ANALYZE, BUFFERS, TIMING OFF, SUMMARY ON, FORMAT TEXT)
WITH
"b0" AS (
    SELECT
        "source"."custorder_id" AS "__endpoint_custorder_0",
        "source"."product_id" AS "__endpoint_product_0"
    FROM "relation_57" AS "source"
),
"b1" AS (
    SELECT
        "source"."custorder_id" AS "custorder_id",
        "source"."custorder_id" AS "__reference_0"
    FROM "relation_37" AS "source"
),
"b2" AS (
    SELECT
        "source"."base_price" AS "base_price",
        "source"."product_name" AS "product_name",
        "source"."quantity" AS "quantity",
        "source"."product_id" AS "__reference_0"
    FROM "relation_1" AS "source"
    UNION ALL
    SELECT
        "source"."base_price" AS "base_price",
        "source"."product_name" AS "product_name",
        "source"."quantity" AS "quantity",
        "source"."physicalproduct_id" AS "__reference_0"
    FROM "relation_2" AS "source"
    UNION ALL
    SELECT
        "source"."base_price" AS "base_price",
        "source"."product_name" AS "product_name",
        "source"."quantity" AS "quantity",
        "source"."electronics_id" AS "__reference_0"
    FROM "relation_4" AS "source"
    UNION ALL
    SELECT
        "source"."base_price" AS "base_price",
        "source"."product_name" AS "product_name",
        "source"."quantity" AS "quantity",
        "source"."computer_id" AS "__reference_0"
    FROM "relation_5" AS "source"
    UNION ALL
    SELECT
        "source"."base_price" AS "base_price",
        "source"."product_name" AS "product_name",
        "source"."quantity" AS "quantity",
        "source"."desktop_id" AS "__reference_0"
    FROM "relation_6" AS "source"
    UNION ALL
    SELECT
        "source"."base_price" AS "base_price",
        "source"."product_name" AS "product_name",
        "source"."quantity" AS "quantity",
        "source"."laptop_id" AS "__reference_0"
    FROM "relation_7" AS "source"
    UNION ALL
    SELECT
        "source"."base_price" AS "base_price",
        "source"."product_name" AS "product_name",
        "source"."quantity" AS "quantity",
        "source"."tablet_id" AS "__reference_0"
    FROM "relation_8" AS "source"
    UNION ALL
    SELECT
        "source"."base_price" AS "base_price",
        "source"."product_name" AS "product_name",
        "source"."quantity" AS "quantity",
        "source"."smartwatch_id" AS "__reference_0"
    FROM "relation_9" AS "source"
    UNION ALL
    SELECT
        "source"."base_price" AS "base_price",
        "source"."product_name" AS "product_name",
        "source"."quantity" AS "quantity",
        "source"."camera_id" AS "__reference_0"
    FROM "relation_10" AS "source"
    UNION ALL
    SELECT
        "source"."base_price" AS "base_price",
        "source"."product_name" AS "product_name",
        "source"."quantity" AS "quantity",
        "source"."phone_id" AS "__reference_0"
    FROM "relation_11" AS "source"
    UNION ALL
    SELECT
        "source"."base_price" AS "base_price",
        "source"."product_name" AS "product_name",
        "source"."quantity" AS "quantity",
        "source"."accessory_id" AS "__reference_0"
    FROM "relation_12" AS "source"
    UNION ALL
    SELECT
        "source"."base_price" AS "base_price",
        "source"."product_name" AS "product_name",
        "source"."quantity" AS "quantity",
        "source"."appliance_id" AS "__reference_0"
    FROM "relation_13" AS "source"
    UNION ALL
    SELECT
        "source"."base_price" AS "base_price",
        "source"."product_name" AS "product_name",
        "source"."quantity" AS "quantity",
        "source"."kitchenappliance_id" AS "__reference_0"
    FROM "relation_14" AS "source"
    UNION ALL
    SELECT
        "source"."base_price" AS "base_price",
        "source"."product_name" AS "product_name",
        "source"."quantity" AS "quantity",
        "source"."apparel_id" AS "__reference_0"
    FROM "relation_15" AS "source"
    UNION ALL
    SELECT
        "source"."base_price" AS "base_price",
        "source"."product_name" AS "product_name",
        "source"."quantity" AS "quantity",
        "source"."clothing_id" AS "__reference_0"
    FROM "relation_16" AS "source"
    UNION ALL
    SELECT
        "source"."base_price" AS "base_price",
        "source"."product_name" AS "product_name",
        "source"."quantity" AS "quantity",
        "source"."menclothing_id" AS "__reference_0"
    FROM "relation_17" AS "source"
    UNION ALL
    SELECT
        "source"."base_price" AS "base_price",
        "source"."product_name" AS "product_name",
        "source"."quantity" AS "quantity",
        "source"."womenclothing_id" AS "__reference_0"
    FROM "relation_18" AS "source"
    UNION ALL
    SELECT
        "source"."base_price" AS "base_price",
        "source"."product_name" AS "product_name",
        "source"."quantity" AS "quantity",
        "source"."footwear_id" AS "__reference_0"
    FROM "relation_19" AS "source"
    UNION ALL
    SELECT
        "source"."base_price" AS "base_price",
        "source"."product_name" AS "product_name",
        "source"."quantity" AS "quantity",
        "source"."digitalproduct_id" AS "__reference_0"
    FROM "relation_3" AS "source"
    UNION ALL
    SELECT
        "source"."base_price" AS "base_price",
        "source"."product_name" AS "product_name",
        "source"."quantity" AS "quantity",
        "source"."media_id" AS "__reference_0"
    FROM "relation_20" AS "source"
    UNION ALL
    SELECT
        "source"."base_price" AS "base_price",
        "source"."product_name" AS "product_name",
        "source"."quantity" AS "quantity",
        "source"."software_id" AS "__reference_0"
    FROM "relation_21" AS "source"
)
SELECT 
    "b1"."custorder_id" AS "custorder_id",
    "b2"."quantity" AS "quantity",
    "b2"."product_name" AS "product_name"
FROM (("b0" INNER JOIN "b1" ON ("b0"."__endpoint_custorder_0" = "b1"."__reference_0")) INNER JOIN "b2" ON ("b0"."__endpoint_product_0" = "b2"."__reference_0"))
WHERE ("b2"."base_price" < 41);
                                                                           QUERY PLAN                                                                           
----------------------------------------------------------------------------------------------------------------------------------------------------------------
 Gather  (cost=1490.14..521821.41 rows=1694692 width=42) (actual rows=1816 loops=1)
   Workers Planned: 2
   Workers Launched: 0
   Buffers: shared hit=927671 read=35006
   ->  Nested Loop  (cost=490.14..351352.21 rows=706122 width=42) (actual rows=1816 loops=1)
         Buffers: shared hit=927671 read=35006
         ->  Hash Join  (cost=489.85..2356.43 rows=7566 width=8) (actual rows=18158 loops=1)
               Hash Cond: (source_1.custorder_id = source.custorder_id)
               Buffers: shared hit=3 read=300
               ->  Parallel Index Only Scan using relation_37_pkey on relation_37 source_1  (cost=0.29..1624.01 rows=33442 width=4) (actual rows=80260 loops=1)
                     Heap Fetches: 0
                     Buffers: shared hit=3 read=219
               ->  Hash  (cost=262.58..262.58 rows=18158 width=8) (actual rows=18158 loops=1)
                     Buckets: 32768  Batches: 1  Memory Usage: 966kB
                     Buffers: shared read=81
                     ->  Seq Scan on relation_57 source  (cost=0.00..262.58 rows=18158 width=8) (actual rows=18158 loops=1)
                           Buffers: shared read=81
         ->  Append  (cost=0.29..45.92 rows=21 width=42) (actual rows=0 loops=18158)
               Buffers: shared hit=927668 read=34706
               ->  Index Scan using relation_1_pkey on relation_1 source_2  (cost=0.29..0.62 rows=1 width=42) (actual rows=0 loops=18158)
                     Index Cond: (product_id = source.product_id)
                     Filter: (base_price < 41)
                     Rows Removed by Filter: 0
                     Buffers: shared hit=36257 read=136
               ->  Index Scan using relation_2_pkey on relation_2 source_3  (cost=0.29..0.75 rows=1 width=42) (actual rows=0 loops=18158)
                     Index Cond: (physicalproduct_id = source.product_id)
                     Filter: (base_price < 41)
                     Rows Removed by Filter: 0
                     Buffers: shared hit=36213 read=219
               ->  Index Scan using relation_4_pkey on relation_4 source_4  (cost=0.43..7.57 rows=1 width=42) (actual rows=0 loops=18158)
                     Index Cond: (electronics_id = source.product_id)
                     Filter: (base_price < 41)
                     Rows Removed by Filter: 0
                     Buffers: shared hit=45527 read=18619
               ->  Index Scan using relation_5_pkey on relation_5 source_5  (cost=0.29..0.91 rows=1 width=42) (actual rows=0 loops=18158)
                     Index Cond: (computer_id = source.product_id)
                     Filter: (base_price < 41)
                     Rows Removed by Filter: 0
                     Buffers: shared hit=36223 read=195
               ->  Index Scan using relation_6_pkey on relation_6 source_6  (cost=0.43..5.60 rows=1 width=42) (actual rows=0 loops=18158)
                     Index Cond: (desktop_id = source.product_id)
                     Filter: (base_price < 41)
                     Rows Removed by Filter: 0
                     Buffers: shared hit=52664 read=3796
               ->  Index Scan using relation_7_pkey on relation_7 source_7  (cost=0.29..1.11 rows=1 width=42) (actual rows=0 loops=18158)
                     Index Cond: (laptop_id = source.product_id)
                     Filter: (base_price < 41)
                     Rows Removed by Filter: 0
                     Buffers: shared hit=36180 read=283
               ->  Index Scan using relation_8_pkey on relation_8 source_8  (cost=0.29..0.85 rows=1 width=42) (actual rows=0 loops=18158)
                     Index Cond: (tablet_id = source.product_id)
                     Filter: (base_price < 41)
                     Rows Removed by Filter: 0
                     Buffers: shared hit=36229 read=183
               ->  Index Scan using relation_9_pkey on relation_9 source_9  (cost=0.42..3.03 rows=1 width=42) (actual rows=0 loops=18158)
                     Index Cond: (smartwatch_id = source.product_id)
                     Filter: (base_price < 41)
                     Rows Removed by Filter: 0
                     Buffers: shared hit=53994 read=1002
               ->  Index Scan using relation_10_pkey on relation_10 source_10  (cost=0.42..1.34 rows=1 width=42) (actual rows=0 loops=18158)
                     Index Cond: (camera_id = source.product_id)
                     Filter: (base_price < 41)
                     Rows Removed by Filter: 0
                     Buffers: shared hit=54319 read=328
               ->  Index Scan using relation_11_pkey on relation_11 source_11  (cost=0.42..3.58 rows=1 width=42) (actual rows=0 loops=18158)
                     Index Cond: (phone_id = source.product_id)
                     Filter: (base_price < 41)
                     Rows Removed by Filter: 0
                     Buffers: shared hit=53807 read=1415
               ->  Index Scan using relation_12_pkey on relation_12 source_12  (cost=0.29..1.10 rows=1 width=42) (actual rows=0 loops=18158)
                     Index Cond: (accessory_id = source.product_id)
                     Filter: (base_price < 41)
                     Rows Removed by Filter: 0
                     Buffers: shared hit=36228 read=239
               ->  Index Scan using relation_13_pkey on relation_13 source_13  (cost=0.29..0.65 rows=1 width=42) (actual rows=0 loops=18158)
                     Index Cond: (appliance_id = source.product_id)
                     Filter: (base_price < 41)
                     Rows Removed by Filter: 0
                     Buffers: shared hit=36264 read=119
               ->  Index Scan using relation_14_pkey on relation_14 source_14  (cost=0.42..1.90 rows=1 width=42) (actual rows=0 loops=18158)
                     Index Cond: (kitchenappliance_id = source.product_id)
                     Filter: (base_price < 41)
                     Rows Removed by Filter: 0
                     Buffers: shared hit=54221 read=533
               ->  Index Scan using relation_15_pkey on relation_15 source_15  (cost=0.42..2.47 rows=1 width=42) (actual rows=0 loops=18158)
                     Index Cond: (apparel_id = source.product_id)
                     Filter: (base_price < 41)
                     Rows Removed by Filter: 0
                     Buffers: shared hit=54085 read=813
               ->  Index Scan using relation_16_pkey on relation_16 source_16  (cost=0.42..2.19 rows=1 width=42) (actual rows=0 loops=18158)
                     Index Cond: (clothing_id = source.product_id)
                     Filter: (base_price < 41)
                     Rows Removed by Filter: 0
                     Buffers: shared hit=54175 read=624
               ->  Index Scan using relation_17_pkey on relation_17 source_17  (cost=0.43..5.39 rows=1 width=42) (actual rows=0 loops=18158)
                     Index Cond: (menclothing_id = source.product_id)
                     Filter: (base_price < 41)
                     Rows Removed by Filter: 0
                     Buffers: shared hit=52750 read=3586
               ->  Index Scan using relation_18_pkey on relation_18 source_18  (cost=0.29..0.97 rows=1 width=42) (actual rows=0 loops=18158)
                     Index Cond: (womenclothing_id = source.product_id)
                     Filter: (base_price < 41)
                     Rows Removed by Filter: 0
                     Buffers: shared hit=36227 read=213
               ->  Index Scan using relation_19_pkey on relation_19 source_19  (cost=0.29..0.46 rows=1 width=42) (actual rows=0 loops=18158)
                     Index Cond: (footwear_id = source.product_id)
                     Filter: (base_price < 41)
                     Rows Removed by Filter: 0
                     Buffers: shared hit=36300 read=40
               ->  Index Scan using relation_3_pkey on relation_3 source_20  (cost=0.29..0.66 rows=1 width=42) (actual rows=0 loops=18158)
                     Index Cond: (digitalproduct_id = source.product_id)
                     Filter: (base_price < 41)
                     Rows Removed by Filter: 0
                     Buffers: shared hit=36265 read=131
               ->  Index Scan using relation_20_pkey on relation_20 source_21  (cost=0.43..4.26 rows=1 width=42) (actual rows=0 loops=18158)
                     Index Cond: (media_id = source.product_id)
                     Filter: (base_price < 41)
                     Rows Removed by Filter: 0
                     Buffers: shared hit=53435 read=2207
               ->  Index Scan using relation_21_pkey on relation_21 source_22  (cost=0.29..0.39 rows=1 width=42) (actual rows=0 loops=18158)
                     Index Cond: (software_id = source.product_id)
                     Filter: (base_price < 41)
                     Rows Removed by Filter: 0
                     Buffers: shared hit=36305 read=25
 Planning:
   Buffers: shared hit=8 read=4
 Planning Time: 0.440 ms
 JIT:
   Functions: 155
   Options: Inlining true, Optimization true, Expressions true, Deforming true
 Execution Time: 876.164 ms
(131 rows)

-- Q082 [selection_projection] occurrence 1/1
-- Original E/R: SELECT e.delivery_type, e.product_name, e.product_id FROM Media e WHERE e.format >= 'video';
EXPLAIN (ANALYZE, BUFFERS, TIMING OFF, SUMMARY ON, FORMAT TEXT)
WITH
"b0" AS (
    SELECT
        "source"."delivery_type" AS "delivery_type",
        "source"."format" AS "format",
        "source"."media_id" AS "product_id",
        "source"."product_name" AS "product_name"
    FROM "relation_20" AS "source"
)
SELECT 
    "b0"."delivery_type" AS "delivery_type",
    "b0"."product_name" AS "product_name",
    "b0"."product_id" AS "product_id"
FROM "b0"
WHERE ("b0"."format" >= 'video');
                                               QUERY PLAN                                                
---------------------------------------------------------------------------------------------------------
 Seq Scan on relation_20 source  (cost=0.00..36166.12 rows=262513 width=48) (actual rows=264087 loops=1)
   Filter: ((format)::text >= 'video'::text)
   Rows Removed by Filter: 792163
   Buffers: shared hit=515 read=22448
 Planning:
   Buffers: shared read=3
 Planning Time: 0.070 ms
 Execution Time: 108.830 ms
(8 rows)

-- Q083 [selection_projection] occurrence 1/1
-- Original E/R: SELECT e.warehouse_name FROM Warehouse e WHERE e.warehouse_name > 'Lewis-Hartman';
EXPLAIN (ANALYZE, BUFFERS, TIMING OFF, SUMMARY ON, FORMAT TEXT)
WITH
"b0" AS (
    SELECT
        "source"."warehouse_name" AS "warehouse_name"
    FROM "relation_41" AS "source"
)
SELECT 
    "b0"."warehouse_name" AS "warehouse_name"
FROM "b0"
WHERE ("b0"."warehouse_name" > 'Lewis-Hartman');
                                              QUERY PLAN                                              
------------------------------------------------------------------------------------------------------
 Seq Scan on relation_41 source  (cost=0.00..1764.78 rows=43913 width=17) (actual rows=43876 loops=1)
   Filter: ((warehouse_name)::text > 'Lewis-Hartman'::text)
   Rows Removed by Filter: 44106
   Buffers: shared read=665
 Planning Time: 0.061 ms
 Execution Time: 7.520 ms
(6 rows)

-- Q084 [weak_owner] occurrence 1/1
-- Original E/R: SELECT w.wishlist_id, w.wishlist_name, o.loyalty_tier FROM Wishlist w JOIN Customer o ON OWNER(w) = REF(o) WHERE o.email < 'jeffreybryant@example.com';
EXPLAIN (ANALYZE, BUFFERS, TIMING OFF, SUMMARY ON, FORMAT TEXT)
WITH
"b0" AS (
    SELECT
        "source"."wishlist_id" AS "wishlist_id",
        "source"."wishlist_name" AS "wishlist_name",
        "source"."customer_id" AS "__owner_0"
    FROM "relation_34" AS "source"
),
"b1" AS (
    SELECT
        "source"."loyalty_tier" AS "loyalty_tier",
        "source"."email" AS "email",
        "source"."customer_id" AS "__reference_0"
    FROM "relation_23" AS "source"
    UNION ALL
    SELECT
        "source"."loyalty_tier" AS "loyalty_tier",
        "source"."email" AS "email",
        "source"."primecustomer_id" AS "__reference_0"
    FROM "relation_24" AS "source"
    UNION ALL
    SELECT
        "source"."loyalty_tier" AS "loyalty_tier",
        "source"."email" AS "email",
        "source"."businesscustomer_id" AS "__reference_0"
    FROM "relation_25" AS "source"
)
SELECT 
    "b0"."wishlist_id" AS "wishlist_id",
    "b0"."wishlist_name" AS "wishlist_name",
    "b1"."loyalty_tier" AS "loyalty_tier"
FROM ("b0" INNER JOIN "b1" ON ("b0"."__owner_0" = "b1"."__reference_0"))
WHERE ("b1"."email" < 'jeffreybryant@example.com');
                                                      QUERY PLAN                                                       
-----------------------------------------------------------------------------------------------------------------------
 Hash Join  (cost=1302.22..55430.98 rows=427889 width=18) (actual rows=18461 loops=1)
   Hash Cond: (source_1.customer_id = source.customer_id)
   Buffers: shared read=33513
   ->  Append  (cost=0.00..48291.35 rows=415607 width=10) (actual rows=415697 loops=1)
         Buffers: shared read=33251
         ->  Seq Scan on relation_23 source_1  (cost=0.00..1550.31 rows=14872 width=10) (actual rows=14636 loops=1)
               Filter: ((email)::text < 'jeffreybryant@example.com'::text)
               Rows Removed by Filter: 22349
               Buffers: shared read=1088
         ->  Seq Scan on relation_24 source_2  (cost=0.00..4963.00 rows=40955 width=10) (actual rows=40142 loops=1)
               Filter: ((email)::text < 'jeffreybryant@example.com'::text)
               Rows Removed by Filter: 59858
               Buffers: shared read=3713
         ->  Seq Scan on relation_25 source_3  (cost=0.00..39700.00 rows=359780 width=10) (actual rows=360919 loops=1)
               Filter: ((email)::text < 'jeffreybryant@example.com'::text)
               Rows Removed by Filter: 539081
               Buffers: shared read=28450
   ->  Hash  (cost=724.32..724.32 rows=46232 width=16) (actual rows=46232 loops=1)
         Buckets: 65536  Batches: 1  Memory Usage: 2725kB
         Buffers: shared read=262
         ->  Seq Scan on relation_34 source  (cost=0.00..724.32 rows=46232 width=16) (actual rows=46232 loops=1)
               Buffers: shared read=262
 Planning Time: 0.148 ms
 Execution Time: 150.563 ms
(24 rows)

-- Q085 [complex_multi_join] occurrence 1/1
-- Original E/R: SELECT e1.custorder_id, e2.product_id, e3.product_name FROM order_items r1 JOIN CustOrder e1 ON ENDPOINT(r1, CustOrder) = REF(e1) JOIN Product e2 ON ENDPOINT(r1, Product) = REF(e2) JOIN bought_together r2 ON ENDPOINT(r2, bought_together_product_id) = REF(e2) JOIN Product e3 ON ENDPOINT(r2, product_id) = REF(e3) WHERE e2.product_id >= 10098074;
EXPLAIN (ANALYZE, BUFFERS, TIMING OFF, SUMMARY ON, FORMAT TEXT)
WITH
"b0" AS (
    SELECT
        "source"."custorder_id" AS "__endpoint_custorder_0",
        "source"."product_id" AS "__endpoint_product_0"
    FROM "relation_55" AS "source"
),
"b1" AS (
    SELECT
        "source"."custorder_id" AS "custorder_id",
        "source"."custorder_id" AS "__reference_0"
    FROM "relation_37" AS "source"
),
"b2" AS (
    SELECT
        "source"."product_id" AS "product_id",
        "source"."product_id" AS "__reference_0"
    FROM "relation_1" AS "source"
    UNION ALL
    SELECT
        "source"."physicalproduct_id" AS "product_id",
        "source"."physicalproduct_id" AS "__reference_0"
    FROM "relation_2" AS "source"
    UNION ALL
    SELECT
        "source"."electronics_id" AS "product_id",
        "source"."electronics_id" AS "__reference_0"
    FROM "relation_4" AS "source"
    UNION ALL
    SELECT
        "source"."computer_id" AS "product_id",
        "source"."computer_id" AS "__reference_0"
    FROM "relation_5" AS "source"
    UNION ALL
    SELECT
        "source"."desktop_id" AS "product_id",
        "source"."desktop_id" AS "__reference_0"
    FROM "relation_6" AS "source"
    UNION ALL
    SELECT
        "source"."laptop_id" AS "product_id",
        "source"."laptop_id" AS "__reference_0"
    FROM "relation_7" AS "source"
    UNION ALL
    SELECT
        "source"."tablet_id" AS "product_id",
        "source"."tablet_id" AS "__reference_0"
    FROM "relation_8" AS "source"
    UNION ALL
    SELECT
        "source"."smartwatch_id" AS "product_id",
        "source"."smartwatch_id" AS "__reference_0"
    FROM "relation_9" AS "source"
    UNION ALL
    SELECT
        "source"."camera_id" AS "product_id",
        "source"."camera_id" AS "__reference_0"
    FROM "relation_10" AS "source"
    UNION ALL
    SELECT
        "source"."phone_id" AS "product_id",
        "source"."phone_id" AS "__reference_0"
    FROM "relation_11" AS "source"
    UNION ALL
    SELECT
        "source"."accessory_id" AS "product_id",
        "source"."accessory_id" AS "__reference_0"
    FROM "relation_12" AS "source"
    UNION ALL
    SELECT
        "source"."appliance_id" AS "product_id",
        "source"."appliance_id" AS "__reference_0"
    FROM "relation_13" AS "source"
    UNION ALL
    SELECT
        "source"."kitchenappliance_id" AS "product_id",
        "source"."kitchenappliance_id" AS "__reference_0"
    FROM "relation_14" AS "source"
    UNION ALL
    SELECT
        "source"."apparel_id" AS "product_id",
        "source"."apparel_id" AS "__reference_0"
    FROM "relation_15" AS "source"
    UNION ALL
    SELECT
        "source"."clothing_id" AS "product_id",
        "source"."clothing_id" AS "__reference_0"
    FROM "relation_16" AS "source"
    UNION ALL
    SELECT
        "source"."menclothing_id" AS "product_id",
        "source"."menclothing_id" AS "__reference_0"
    FROM "relation_17" AS "source"
    UNION ALL
    SELECT
        "source"."womenclothing_id" AS "product_id",
        "source"."womenclothing_id" AS "__reference_0"
    FROM "relation_18" AS "source"
    UNION ALL
    SELECT
        "source"."footwear_id" AS "product_id",
        "source"."footwear_id" AS "__reference_0"
    FROM "relation_19" AS "source"
    UNION ALL
    SELECT
        "source"."digitalproduct_id" AS "product_id",
        "source"."digitalproduct_id" AS "__reference_0"
    FROM "relation_3" AS "source"
    UNION ALL
    SELECT
        "source"."media_id" AS "product_id",
        "source"."media_id" AS "__reference_0"
    FROM "relation_20" AS "source"
    UNION ALL
    SELECT
        "source"."software_id" AS "product_id",
        "source"."software_id" AS "__reference_0"
    FROM "relation_21" AS "source"
),
"b3" AS (
    SELECT
        "source"."bought_together_product_product_id" AS "__endpoint_bought_together_product_id_0",
        "source"."product_id" AS "__endpoint_product_id_0"
    FROM "relation_50" AS "source"
),
"b4" AS (
    SELECT
        "source"."product_name" AS "product_name",
        "source"."product_id" AS "__reference_0"
    FROM "relation_1" AS "source"
    UNION ALL
    SELECT
        "source"."product_name" AS "product_name",
        "source"."physicalproduct_id" AS "__reference_0"
    FROM "relation_2" AS "source"
    UNION ALL
    SELECT
        "source"."product_name" AS "product_name",
        "source"."electronics_id" AS "__reference_0"
    FROM "relation_4" AS "source"
    UNION ALL
    SELECT
        "source"."product_name" AS "product_name",
        "source"."computer_id" AS "__reference_0"
    FROM "relation_5" AS "source"
    UNION ALL
    SELECT
        "source"."product_name" AS "product_name",
        "source"."desktop_id" AS "__reference_0"
    FROM "relation_6" AS "source"
    UNION ALL
    SELECT
        "source"."product_name" AS "product_name",
        "source"."laptop_id" AS "__reference_0"
    FROM "relation_7" AS "source"
    UNION ALL
    SELECT
        "source"."product_name" AS "product_name",
        "source"."tablet_id" AS "__reference_0"
    FROM "relation_8" AS "source"
    UNION ALL
    SELECT
        "source"."product_name" AS "product_name",
        "source"."smartwatch_id" AS "__reference_0"
    FROM "relation_9" AS "source"
    UNION ALL
    SELECT
        "source"."product_name" AS "product_name",
        "source"."camera_id" AS "__reference_0"
    FROM "relation_10" AS "source"
    UNION ALL
    SELECT
        "source"."product_name" AS "product_name",
        "source"."phone_id" AS "__reference_0"
    FROM "relation_11" AS "source"
    UNION ALL
    SELECT
        "source"."product_name" AS "product_name",
        "source"."accessory_id" AS "__reference_0"
    FROM "relation_12" AS "source"
    UNION ALL
    SELECT
        "source"."product_name" AS "product_name",
        "source"."appliance_id" AS "__reference_0"
    FROM "relation_13" AS "source"
    UNION ALL
    SELECT
        "source"."product_name" AS "product_name",
        "source"."kitchenappliance_id" AS "__reference_0"
    FROM "relation_14" AS "source"
    UNION ALL
    SELECT
        "source"."product_name" AS "product_name",
        "source"."apparel_id" AS "__reference_0"
    FROM "relation_15" AS "source"
    UNION ALL
    SELECT
        "source"."product_name" AS "product_name",
        "source"."clothing_id" AS "__reference_0"
    FROM "relation_16" AS "source"
    UNION ALL
    SELECT
        "source"."product_name" AS "product_name",
        "source"."menclothing_id" AS "__reference_0"
    FROM "relation_17" AS "source"
    UNION ALL
    SELECT
        "source"."product_name" AS "product_name",
        "source"."womenclothing_id" AS "__reference_0"
    FROM "relation_18" AS "source"
    UNION ALL
    SELECT
        "source"."product_name" AS "product_name",
        "source"."footwear_id" AS "__reference_0"
    FROM "relation_19" AS "source"
    UNION ALL
    SELECT
        "source"."product_name" AS "product_name",
        "source"."digitalproduct_id" AS "__reference_0"
    FROM "relation_3" AS "source"
    UNION ALL
    SELECT
        "source"."product_name" AS "product_name",
        "source"."media_id" AS "__reference_0"
    FROM "relation_20" AS "source"
    UNION ALL
    SELECT
        "source"."product_name" AS "product_name",
        "source"."software_id" AS "__reference_0"
    FROM "relation_21" AS "source"
)
SELECT 
    "b1"."custorder_id" AS "custorder_id",
    "b2"."product_id" AS "product_id",
    "b4"."product_name" AS "product_name"
FROM (((("b0" INNER JOIN "b1" ON ("b0"."__endpoint_custorder_0" = "b1"."__reference_0")) INNER JOIN "b2" ON ("b0"."__endpoint_product_0" = "b2"."__reference_0")) INNER JOIN "b3" ON ("b3"."__endpoint_bought_together_product_id_0" = "b2"."__reference_0")) INNER JOIN "b4" ON ("b3"."__endpoint_product_id_0" = "b4"."__reference_0"))
WHERE ("b2"."product_id" >= 10098074);
                                                                                             QUERY PLAN                                                                                             
----------------------------------------------------------------------------------------------------------------------------------------------------------------------------------------------------
 Hash Join  (cost=731085.79..1397018.38 rows=34743093 width=42) (actual rows=40575 loops=1)
   Hash Cond: (source_2.product_id = source.product_id)
   Buffers: shared hit=330 read=515536
   ->  Append  (cost=0.29..260003.08 rows=6685534 width=8) (actual rows=6698709 loops=1)
         Buffers: shared hit=198 read=78985
         ->  Index Only Scan using relation_1_pkey on relation_1 source_2  (cost=0.29..4.31 rows=1 width=8) (actual rows=0 loops=1)
               Index Cond: (product_id >= 10098074)
               Heap Fetches: 0
               Buffers: shared hit=2
         ->  Index Only Scan using relation_2_pkey on relation_2 source_3  (cost=0.29..4.31 rows=1 width=8) (actual rows=0 loops=1)
               Index Cond: (physicalproduct_id >= 10098074)
               Heap Fetches: 0
               Buffers: shared hit=2
         ->  Index Only Scan using relation_4_pkey on relation_4 source_4  (cost=0.43..4.45 rows=1 width=8) (actual rows=0 loops=1)
               Index Cond: (electronics_id >= 10098074)
               Heap Fetches: 0
               Buffers: shared hit=3
         ->  Index Only Scan using relation_5_pkey on relation_5 source_5  (cost=0.29..4.31 rows=1 width=8) (actual rows=0 loops=1)
               Index Cond: (computer_id >= 10098074)
               Heap Fetches: 0
               Buffers: shared hit=2
         ->  Index Only Scan using relation_6_pkey on relation_6 source_6  (cost=0.43..38454.98 rows=1092260 width=8) (actual rows=1105513 loops=1)
               Index Cond: (desktop_id >= 10098074)
               Heap Fetches: 0
               Buffers: shared hit=29 read=4912
         ->  Index Only Scan using relation_7_pkey on relation_7 source_7  (cost=0.29..3980.52 rows=139670 width=8) (actual rows=139670 loops=1)
               Index Cond: (laptop_id >= 10098074)
               Heap Fetches: 0
               Buffers: shared hit=3 read=381
         ->  Index Only Scan using relation_8_pkey on relation_8 source_8  (cost=0.29..2854.29 rows=100000 width=8) (actual rows=100000 loops=1)
               Index Cond: (tablet_id >= 10098074)
               Heap Fetches: 0
               Buffers: shared hit=3 read=273
         ->  Seq Scan on relation_9 source_9  (cost=0.00..15941.06 rows=469445 width=8) (actual rows=469445 loops=1)
               Filter: (smartwatch_id >= 10098074)
               Buffers: shared hit=32 read=10041
         ->  Index Only Scan using relation_10_pkey on relation_10 source_10  (cost=0.42..4821.94 rows=169001 width=8) (actual rows=169001 loops=1)
               Index Cond: (camera_id >= 10098074)
               Heap Fetches: 0
               Buffers: shared hit=4 read=461
         ->  Index Only Scan using relation_11_pkey on relation_11 source_11  (cost=0.42..23474.44 rows=676001 width=8) (actual rows=676001 loops=1)
               Index Cond: (phone_id >= 10098074)
               Heap Fetches: 0
               Buffers: shared hit=4 read=2896
         ->  Index Only Scan using relation_12_pkey on relation_12 source_12  (cost=0.29..4128.01 rows=144898 width=8) (actual rows=144898 loops=1)
               Index Cond: (accessory_id >= 10098074)
               Heap Fetches: 0
               Buffers: shared hit=3 read=395
         ->  Seq Scan on relation_13 source_13  (cost=0.00..2010.50 rows=60120 width=8) (actual rows=60120 loops=1)
               Filter: (appliance_id >= 10098074)
               Buffers: shared read=1259
         ->  Index Only Scan using relation_14_pkey on relation_14 source_14  (cost=0.42..8389.53 rows=264063 width=8) (actual rows=264063 loops=1)
               Index Cond: (kitchenappliance_id >= 10098074)
               Heap Fetches: 0
               Buffers: shared hit=4 read=935
         ->  Seq Scan on relation_15 source_15  (cost=0.00..12241.53 rows=364762 width=8) (actual rows=364762 loops=1)
               Filter: (apparel_id >= 10098074)
               Buffers: shared hit=32 read=7650
         ->  Seq Scan on relation_16 source_16  (cost=0.00..10251.77 rows=297982 width=8) (actual rows=297982 loops=1)
               Filter: (clothing_id >= 10098074)
               Buffers: shared hit=32 read=6495
         ->  Seq Scan on relation_17 source_17  (cost=0.00..59725.91 rows=1690073 width=8) (actual rows=1690000 loops=1)
               Filter: (menclothing_id >= 10098074)
               Buffers: shared hit=32 read=38568
         ->  Index Only Scan using relation_18_pkey on relation_18 source_18  (cost=0.29..3346.13 rows=117362 width=8) (actual rows=117362 loops=1)
               Index Cond: (womenclothing_id >= 10098074)
               Heap Fetches: 0
               Buffers: shared hit=3 read=320
         ->  Index Only Scan using relation_19_pkey on relation_19 source_19  (cost=0.29..825.52 rows=28642 width=8) (actual rows=28642 loops=1)
               Index Cond: (footwear_id >= 10098074)
               Heap Fetches: 0
               Buffers: shared hit=3 read=78
         ->  Index Only Scan using relation_3_pkey on relation_3 source_20  (cost=0.29..4.31 rows=1 width=8) (actual rows=0 loops=1)
               Index Cond: (digitalproduct_id >= 10098074)
               Heap Fetches: 0
               Buffers: shared hit=2
         ->  Index Only Scan using relation_20_pkey on relation_20 source_21  (cost=0.43..35672.80 rows=1056250 width=8) (actual rows=1056250 loops=1)
               Index Cond: (media_id >= 10098074)
               Heap Fetches: 0
               Buffers: shared hit=3 read=4278
         ->  Index Only Scan using relation_21_pkey on relation_21 source_22  (cost=0.29..434.79 rows=15000 width=8) (actual rows=15000 loops=1)
               Index Cond: (software_id >= 10098074)
               Heap Fetches: 0
               Buffers: shared read=43
   ->  Hash  (cost=724370.11..724370.11 rows=537231 width=46) (actual rows=101097 loops=1)
         Buckets: 1048576  Batches: 1  Memory Usage: 15943kB
         Buffers: shared hit=132 read=436551
         ->  Gather  (cost=173772.88..724370.11 rows=537231 width=46) (actual rows=101097 loops=1)
               Workers Planned: 2
               Workers Launched: 0
               Buffers: shared hit=132 read=436551
               ->  Parallel Hash Join  (cost=172772.88..669647.01 rows=223846 width=46) (actual rows=101097 loops=1)
                     Hash Cond: (source_26.electronics_id = source_23.product_id)
                     Buffers: shared hit=132 read=436551
                     ->  Parallel Append  (cost=0.00..469696.95 rows=6998530 width=38) (actual rows=16796782 loops=1)
                           Buffers: shared hit=65 read=363551
                           ->  Parallel Seq Scan on relation_4 source_26  (cost=0.00..226203.18 rows=3751518 width=38) (actual rows=9004045 loops=1)
                                 Buffers: shared read=188688
                           ->  Parallel Seq Scan on relation_6 source_28  (cost=0.00..52297.16 rows=782416 width=38) (actual rows=1877778 loops=1)
                                 Buffers: shared read=44473
                           ->  Parallel Seq Scan on relation_17 source_39  (cost=0.00..45641.97 rows=704197 width=38) (actual rows=1690000 loops=1)
                                 Buffers: shared read=38600
                           ->  Parallel Seq Scan on relation_20 source_43  (cost=0.00..27364.04 rows=440104 width=38) (actual rows=1056250 loops=1)
                                 Buffers: shared read=22963
                           ->  Parallel Seq Scan on relation_11 source_33  (cost=0.00..17894.67 rows=281667 width=38) (actual rows=676001 loops=1)
                                 Buffers: shared read=15078
                           ->  Parallel Seq Scan on relation_9 source_31  (cost=0.00..12029.02 rows=195602 width=38) (actual rows=469445 loops=1)
                                 Buffers: shared read=10073
                           ->  Parallel Seq Scan on relation_15 source_37  (cost=0.00..9201.84 rows=151984 width=38) (actual rows=364762 loops=1)
                                 Buffers: shared read=7682
                           ->  Parallel Seq Scan on relation_16 source_38  (cost=0.00..7768.59 rows=124159 width=38) (actual rows=297982 loops=1)
                                 Buffers: shared read=6527
                           ->  Parallel Seq Scan on relation_14 source_36  (cost=0.00..6762.26 rows=110026 width=38) (actual rows=264063 loops=1)
                                 Buffers: shared read=5662
                           ->  Parallel Seq Scan on relation_10 source_32  (cost=0.00..4332.17 rows=70417 width=38) (actual rows=169001 loops=1)
                                 Buffers: shared read=3628
                           ->  Parallel Seq Scan on relation_7 source_29  (cost=0.00..3791.96 rows=58196 width=38) (actual rows=139670 loops=1)
                                 Buffers: shared read=3210
                           ->  Parallel Seq Scan on relation_12 source_34  (cost=0.00..3785.74 rows=60374 width=38) (actual rows=144898 loops=1)
                                 Buffers: shared read=3182
                           ->  Parallel Seq Scan on relation_18 source_40  (cost=0.00..3365.36 rows=69036 width=38) (actual rows=117362 loops=1)
                                 Buffers: shared read=2675
                           ->  Parallel Seq Scan on relation_5 source_27  (cost=0.00..3040.53 rows=63053 width=38) (actual rows=107190 loops=1)
                                 Buffers: shared hit=1 read=2409
                           ->  Parallel Seq Scan on relation_8 source_30  (cost=0.00..2734.24 rows=58824 width=38) (actual rows=100000 loops=1)
                                 Buffers: shared hit=6 read=2140
                           ->  Parallel Seq Scan on relation_2 source_25  (cost=0.00..2262.09 rows=50509 width=38) (actual rows=85865 loops=1)
                                 Buffers: shared hit=9 read=1748
                           ->  Parallel Seq Scan on relation_3 source_42  (cost=0.00..1796.41 rows=39241 width=38) (actual rows=66709 loops=1)
                                 Buffers: shared hit=8 read=1396
                           ->  Parallel Seq Scan on relation_13 source_35  (cost=0.00..1612.65 rows=35365 width=38) (actual rows=60120 loops=1)
                                 Buffers: shared hit=13 read=1246
                           ->  Parallel Seq Scan on relation_1 source_24  (cost=0.00..1599.70 rows=36470 width=38) (actual rows=61999 loops=1)
                                 Buffers: shared hit=18 read=1217
                           ->  Parallel Seq Scan on relation_19 source_41  (cost=0.00..795.48 rows=16848 width=38) (actual rows=28642 loops=1)
                                 Buffers: shared hit=6 read=621
                           ->  Parallel Seq Scan on relation_21 source_44  (cost=0.00..425.24 rows=8824 width=38) (actual rows=15000 loops=1)
                                 Buffers: shared hit=4 read=333
                     ->  Parallel Hash  (cost=171780.10..171780.10 rows=79423 width=16) (actual rows=101097 loops=1)
                           Buckets: 262144  Batches: 1  Memory Usage: 6816kB
                           Buffers: shared hit=67 read=73000
                           ->  Parallel Hash Join  (cost=5147.47..171780.10 rows=79423 width=16) (actual rows=101097 loops=1)
                                 Hash Cond: (source_23.bought_together_product_product_id = source.product_id)
                                 Buffers: shared hit=67 read=73000
                                 ->  Parallel Seq Scan on relation_50 source_23  (cost=0.00..140711.23 rows=6824123 width=8) (actual rows=16378086 loops=1)
                                       Buffers: shared read=72470
                                 ->  Parallel Hash  (cost=4607.02..4607.02 rows=43236 width=8) (actual rows=103766 loops=1)
                                       Buckets: 131072  Batches: 1  Memory Usage: 5088kB
                                       Buffers: shared hit=67 read=530
                                       ->  Parallel Hash Join  (cost=2042.33..4607.02 rows=43236 width=8) (actual rows=103766 loops=1)
                                             Hash Cond: (source.custorder_id = source_1.custorder_id)
                                             Buffers: shared hit=67 read=530
                                             ->  Parallel Index Only Scan using relation_55_pkey on relation_55 source  (cost=0.29..2451.48 rows=43236 width=8) (actual rows=103766 loops=1)
                                                   Heap Fetches: 0
                                                   Buffers: shared hit=4 read=371
                                             ->  Parallel Hash  (cost=1624.01..1624.01 rows=33442 width=4) (actual rows=80260 loops=1)
                                                   Buckets: 131072  Batches: 1  Memory Usage: 4192kB
                                                   Buffers: shared hit=63 read=159
                                                   ->  Parallel Index Only Scan using relation_37_pkey on relation_37 source_1  (cost=0.29..1624.01 rows=33442 width=4) (actual rows=80260 loops=1)
                                                         Heap Fetches: 0
                                                         Buffers: shared hit=63 read=159
 Planning:
   Buffers: shared hit=55 read=26
 Planning Time: 1.157 ms
 JIT:
   Functions: 121
   Options: Inlining true, Optimization true, Expressions true, Deforming true
 Execution Time: 3925.969 ms
(168 rows)

-- Q086 [selection_projection] occurrence 1/1
-- Original E/R: SELECT e.ram_gb FROM Desktop e WHERE e.product_id > 10269581;
EXPLAIN (ANALYZE, BUFFERS, TIMING OFF, SUMMARY ON, FORMAT TEXT)
WITH
"b0" AS (
    SELECT
        "source"."ram_gb" AS "ram_gb",
        "source"."desktop_id" AS "product_id"
    FROM "relation_6" AS "source"
)
SELECT 
    "b0"."ram_gb" AS "ram_gb"
FROM "b0"
WHERE ("b0"."product_id" > 10269581);
                                              QUERY PLAN                                               
-------------------------------------------------------------------------------------------------------
 Seq Scan on relation_6 source  (cost=0.00..67945.48 rows=922925 width=4) (actual rows=934005 loops=1)
   Filter: (desktop_id > 10269581)
   Rows Removed by Filter: 943773
   Buffers: shared read=44473
 Planning:
   Buffers: shared read=3
 Planning Time: 0.061 ms
 Execution Time: 136.788 ms
(8 rows)

-- Q087 [selection_projection] occurrence 1/1
-- Original E/R: SELECT e.product_id, e.is_active FROM KitchenAppliance e WHERE e.product_id >= 13097966;
EXPLAIN (ANALYZE, BUFFERS, TIMING OFF, SUMMARY ON, FORMAT TEXT)
WITH
"b0" AS (
    SELECT
        "source"."is_active" AS "is_active",
        "source"."kitchenappliance_id" AS "product_id"
    FROM "relation_14" AS "source"
)
SELECT 
    "b0"."product_id" AS "product_id",
    "b0"."is_active" AS "is_active"
FROM "b0"
WHERE ("b0"."product_id" >= 13097966);
                                              QUERY PLAN                                               
-------------------------------------------------------------------------------------------------------
 Seq Scan on relation_14 source  (cost=0.00..8962.79 rows=129057 width=8) (actual rows=128819 loops=1)
   Filter: (kitchenappliance_id >= 13097966)
   Rows Removed by Filter: 135244
   Buffers: shared read=5662
 Planning Time: 0.043 ms
 Execution Time: 16.907 ms
(6 rows)

-- Q088 [weak_owner] occurrence 1/1
-- Original E/R: SELECT w.code, w.bin_id, o.warehouse_name FROM WarehouseBin w JOIN Warehouse o ON OWNER(w) = REF(o) WHERE o.warehouse_id <= 26870;
EXPLAIN (ANALYZE, BUFFERS, TIMING OFF, SUMMARY ON, FORMAT TEXT)
WITH
"b0" AS (
    SELECT
        "source"."bin_id" AS "bin_id",
        "source"."code" AS "code",
        "source"."warehouse_id" AS "__owner_0"
    FROM "relation_42" AS "source"
),
"b1" AS (
    SELECT
        "source"."warehouse_id" AS "warehouse_id",
        "source"."warehouse_name" AS "warehouse_name",
        "source"."warehouse_id" AS "__reference_0"
    FROM "relation_41" AS "source"
)
SELECT 
    "b0"."code" AS "code",
    "b0"."bin_id" AS "bin_id",
    "b1"."warehouse_name" AS "warehouse_name"
FROM ("b0" INNER JOIN "b1" ON ("b0"."__owner_0" = "b1"."__reference_0"))
WHERE ("b1"."warehouse_id" <= 26870);
                                                       QUERY PLAN                                                       
------------------------------------------------------------------------------------------------------------------------
 Hash Join  (cost=907.07..2146.65 rows=3498 width=31) (actual rows=3576 loops=1)
   Hash Cond: (source_1.warehouse_id = source.warehouse_id)
   Buffers: shared hit=2 read=408
   ->  Bitmap Heap Scan on relation_41 source_1  (cost=577.39..1579.64 rows=26980 width=21) (actual rows=26870 loops=1)
         Recheck Cond: (warehouse_id <= 26870)
         Heap Blocks: exact=206
         Buffers: shared hit=2 read=335
         ->  Bitmap Index Scan on relation_41_pkey  (cost=0.00..570.64 rows=26980 width=0) (actual rows=26870 loops=1)
               Index Cond: (warehouse_id <= 26870)
               Buffers: shared hit=2 read=129
   ->  Hash  (cost=187.08..187.08 rows=11408 width=18) (actual rows=11408 loops=1)
         Buckets: 16384  Batches: 1  Memory Usage: 708kB
         Buffers: shared read=73
         ->  Seq Scan on relation_42 source  (cost=0.00..187.08 rows=11408 width=18) (actual rows=11408 loops=1)
               Buffers: shared read=73
 Planning:
   Buffers: shared hit=4 read=8
 Planning Time: 0.117 ms
 Execution Time: 15.299 ms
(19 rows)

-- Q089 [selection_projection] occurrence 1/1
-- Original E/R: SELECT e.sku, e.base_price, e.is_active, e.product_id FROM Product e WHERE e.is_active >= 1;
EXPLAIN (ANALYZE, BUFFERS, TIMING OFF, SUMMARY ON, FORMAT TEXT)
WITH
"b0" AS (
    SELECT
        "source"."base_price" AS "base_price",
        "source"."is_active" AS "is_active",
        "source"."product_id" AS "product_id",
        "source"."sku" AS "sku"
    FROM "relation_1" AS "source"
    UNION ALL
    SELECT
        "source"."base_price" AS "base_price",
        "source"."is_active" AS "is_active",
        "source"."physicalproduct_id" AS "product_id",
        "source"."sku" AS "sku"
    FROM "relation_2" AS "source"
    UNION ALL
    SELECT
        "source"."base_price" AS "base_price",
        "source"."is_active" AS "is_active",
        "source"."electronics_id" AS "product_id",
        "source"."sku" AS "sku"
    FROM "relation_4" AS "source"
    UNION ALL
    SELECT
        "source"."base_price" AS "base_price",
        "source"."is_active" AS "is_active",
        "source"."computer_id" AS "product_id",
        "source"."sku" AS "sku"
    FROM "relation_5" AS "source"
    UNION ALL
    SELECT
        "source"."base_price" AS "base_price",
        "source"."is_active" AS "is_active",
        "source"."desktop_id" AS "product_id",
        "source"."sku" AS "sku"
    FROM "relation_6" AS "source"
    UNION ALL
    SELECT
        "source"."base_price" AS "base_price",
        "source"."is_active" AS "is_active",
        "source"."laptop_id" AS "product_id",
        "source"."sku" AS "sku"
    FROM "relation_7" AS "source"
    UNION ALL
    SELECT
        "source"."base_price" AS "base_price",
        "source"."is_active" AS "is_active",
        "source"."tablet_id" AS "product_id",
        "source"."sku" AS "sku"
    FROM "relation_8" AS "source"
    UNION ALL
    SELECT
        "source"."base_price" AS "base_price",
        "source"."is_active" AS "is_active",
        "source"."smartwatch_id" AS "product_id",
        "source"."sku" AS "sku"
    FROM "relation_9" AS "source"
    UNION ALL
    SELECT
        "source"."base_price" AS "base_price",
        "source"."is_active" AS "is_active",
        "source"."camera_id" AS "product_id",
        "source"."sku" AS "sku"
    FROM "relation_10" AS "source"
    UNION ALL
    SELECT
        "source"."base_price" AS "base_price",
        "source"."is_active" AS "is_active",
        "source"."phone_id" AS "product_id",
        "source"."sku" AS "sku"
    FROM "relation_11" AS "source"
    UNION ALL
    SELECT
        "source"."base_price" AS "base_price",
        "source"."is_active" AS "is_active",
        "source"."accessory_id" AS "product_id",
        "source"."sku" AS "sku"
    FROM "relation_12" AS "source"
    UNION ALL
    SELECT
        "source"."base_price" AS "base_price",
        "source"."is_active" AS "is_active",
        "source"."appliance_id" AS "product_id",
        "source"."sku" AS "sku"
    FROM "relation_13" AS "source"
    UNION ALL
    SELECT
        "source"."base_price" AS "base_price",
        "source"."is_active" AS "is_active",
        "source"."kitchenappliance_id" AS "product_id",
        "source"."sku" AS "sku"
    FROM "relation_14" AS "source"
    UNION ALL
    SELECT
        "source"."base_price" AS "base_price",
        "source"."is_active" AS "is_active",
        "source"."apparel_id" AS "product_id",
        "source"."sku" AS "sku"
    FROM "relation_15" AS "source"
    UNION ALL
    SELECT
        "source"."base_price" AS "base_price",
        "source"."is_active" AS "is_active",
        "source"."clothing_id" AS "product_id",
        "source"."sku" AS "sku"
    FROM "relation_16" AS "source"
    UNION ALL
    SELECT
        "source"."base_price" AS "base_price",
        "source"."is_active" AS "is_active",
        "source"."menclothing_id" AS "product_id",
        "source"."sku" AS "sku"
    FROM "relation_17" AS "source"
    UNION ALL
    SELECT
        "source"."base_price" AS "base_price",
        "source"."is_active" AS "is_active",
        "source"."womenclothing_id" AS "product_id",
        "source"."sku" AS "sku"
    FROM "relation_18" AS "source"
    UNION ALL
    SELECT
        "source"."base_price" AS "base_price",
        "source"."is_active" AS "is_active",
        "source"."footwear_id" AS "product_id",
        "source"."sku" AS "sku"
    FROM "relation_19" AS "source"
    UNION ALL
    SELECT
        "source"."base_price" AS "base_price",
        "source"."is_active" AS "is_active",
        "source"."digitalproduct_id" AS "product_id",
        "source"."sku" AS "sku"
    FROM "relation_3" AS "source"
    UNION ALL
    SELECT
        "source"."base_price" AS "base_price",
        "source"."is_active" AS "is_active",
        "source"."media_id" AS "product_id",
        "source"."sku" AS "sku"
    FROM "relation_20" AS "source"
    UNION ALL
    SELECT
        "source"."base_price" AS "base_price",
        "source"."is_active" AS "is_active",
        "source"."software_id" AS "product_id",
        "source"."sku" AS "sku"
    FROM "relation_21" AS "source"
)
SELECT 
    "b0"."sku" AS "sku",
    "b0"."base_price" AS "base_price",
    "b0"."is_active" AS "is_active",
    "b0"."product_id" AS "product_id"
FROM "b0"
WHERE ("b0"."is_active" >= 1);
                                                     QUERY PLAN                                                     
--------------------------------------------------------------------------------------------------------------------
 Append  (cost=0.00..645012.19 rows=14288053 width=30) (actual rows=14276122 loops=1)
   Buffers: shared hit=32 read=363584
   ->  Seq Scan on relation_1 source  (cost=0.00..2009.99 rows=52674 width=30) (actual rows=52823 loops=1)
         Filter: (is_active >= 1)
         Rows Removed by Filter: 9176
         Buffers: shared read=1235
   ->  Seq Scan on relation_2 source_1  (cost=0.00..2830.31 rows=72988 width=30) (actual rows=72955 loops=1)
         Filter: (is_active >= 1)
         Rows Removed by Filter: 12910
         Buffers: shared read=1757
   ->  Seq Scan on relation_4 source_2  (cost=0.00..301233.55 rows=7659100 width=30) (actual rows=7653575 loops=1)
         Filter: (is_active >= 1)
         Rows Removed by Filter: 1350470
         Buffers: shared read=188688
   ->  Seq Scan on relation_5 source_3  (cost=0.00..3749.88 rows=91001 width=30) (actual rows=91115 loops=1)
         Filter: (is_active >= 1)
         Rows Removed by Filter: 16075
         Buffers: shared read=2410
   ->  Seq Scan on relation_6 source_4  (cost=0.00..67945.48 rows=1596504 width=30) (actual rows=1594474 loops=1)
         Filter: (is_active >= 1)
         Rows Removed by Filter: 283304
         Buffers: shared hit=32 read=44441
   ->  Seq Scan on relation_7 source_5  (cost=0.00..4955.88 rows=118496 width=30) (actual rows=118485 loops=1)
         Filter: (is_active >= 1)
         Rows Removed by Filter: 21185
         Buffers: shared read=3210
   ->  Seq Scan on relation_8 source_6  (cost=0.00..3396.00 rows=84920 width=30) (actual rows=85185 loops=1)
         Filter: (is_active >= 1)
         Rows Removed by Filter: 14815
         Buffers: shared read=2146
   ->  Seq Scan on relation_9 source_7  (cost=0.00..15941.06 rows=400155 width=30) (actual rows=398598 loops=1)
         Filter: (is_active >= 1)
         Rows Removed by Filter: 70847
         Buffers: shared read=10073
   ->  Seq Scan on relation_10 source_8  (cost=0.00..5740.51 rows=143409 width=30) (actual rows=143537 loops=1)
         Filter: (is_active >= 1)
         Rows Removed by Filter: 25464
         Buffers: shared read=3628
   ->  Seq Scan on relation_11 source_9  (cost=0.00..23528.01 rows=575637 width=30) (actual rows=575193 loops=1)
         Filter: (is_active >= 1)
         Rows Removed by Filter: 100808
         Buffers: shared read=15078
   ->  Seq Scan on relation_12 source_10  (cost=0.00..4993.23 rows=123405 width=30) (actual rows=123263 loops=1)
         Filter: (is_active >= 1)
         Rows Removed by Filter: 21635
         Buffers: shared read=3182
   ->  Seq Scan on relation_13 source_11  (cost=0.00..2010.50 rows=51166 width=30) (actual rows=51149 loops=1)
         Filter: (is_active >= 1)
         Rows Removed by Filter: 8971
         Buffers: shared read=1259
   ->  Seq Scan on relation_14 source_12  (cost=0.00..8962.79 rows=224119 width=30) (actual rows=224507 loops=1)
         Filter: (is_active >= 1)
         Rows Removed by Filter: 39556
         Buffers: shared read=5662
   ->  Seq Scan on relation_15 source_13  (cost=0.00..12241.53 rows=309926 width=30) (actual rows=310107 loops=1)
         Filter: (is_active >= 1)
         Rows Removed by Filter: 54655
         Buffers: shared read=7682
   ->  Seq Scan on relation_16 source_14  (cost=0.00..10251.77 rows=252887 width=30) (actual rows=253275 loops=1)
         Filter: (is_active >= 1)
         Rows Removed by Filter: 44707
         Buffers: shared read=6527
   ->  Seq Scan on relation_17 source_15  (cost=0.00..59725.91 rows=1437463 width=30) (actual rows=1436177 loops=1)
         Filter: (is_active >= 1)
         Rows Removed by Filter: 253823
         Buffers: shared read=38600
   ->  Seq Scan on relation_18 source_16  (cost=0.00..4142.02 rows=99703 width=30) (actual rows=99587 loops=1)
         Filter: (is_active >= 1)
         Rows Removed by Filter: 17775
         Buffers: shared read=2675
   ->  Seq Scan on relation_19 source_17  (cost=0.00..985.03 rows=24349 width=30) (actual rows=24349 loops=1)
         Filter: (is_active >= 1)
         Rows Removed by Filter: 4293
         Buffers: shared read=627
   ->  Seq Scan on relation_3 source_18  (cost=0.00..2237.86 rows=56700 width=30) (actual rows=56691 loops=1)
         Filter: (is_active >= 1)
         Rows Removed by Filter: 10018
         Buffers: shared read=1404
   ->  Seq Scan on relation_20 source_19  (cost=0.00..36166.12 rows=900735 width=30) (actual rows=898361 loops=1)
         Filter: (is_active >= 1)
         Rows Removed by Filter: 157889
         Buffers: shared read=22963
   ->  Seq Scan on relation_21 source_20  (cost=0.00..524.50 rows=12716 width=30) (actual rows=12716 loops=1)
         Filter: (is_active >= 1)
         Rows Removed by Filter: 2284
         Buffers: shared read=337
 Planning Time: 0.157 ms
 JIT:
   Functions: 84
   Options: Inlining true, Optimization true, Expressions true, Deforming true
 Execution Time: 1668.664 ms
(91 rows)

-- Q090 [relationship_join] occurrence 1/1
-- Original E/R: SELECT e1.sku, e1.quantity, e2.bin_id, e2.code FROM stock r JOIN Product e1 ON ENDPOINT(r, Product) = REF(e1) JOIN WarehouseBin e2 ON ENDPOINT(r, WarehouseBin) = REF(e2) WHERE e1.product_id < 3392411;
EXPLAIN (ANALYZE, BUFFERS, TIMING OFF, SUMMARY ON, FORMAT TEXT)
WITH
"b0" AS (
    SELECT
        "source"."product_id" AS "__endpoint_product_0",
        "source"."warehouse_id" AS "__endpoint_warehousebin_0",
        "source"."bin_id" AS "__endpoint_warehousebin_1"
    FROM "relation_59" AS "source"
),
"b1" AS (
    SELECT
        "source"."product_id" AS "product_id",
        "source"."quantity" AS "quantity",
        "source"."sku" AS "sku",
        "source"."product_id" AS "__reference_0"
    FROM "relation_1" AS "source"
    UNION ALL
    SELECT
        "source"."physicalproduct_id" AS "product_id",
        "source"."quantity" AS "quantity",
        "source"."sku" AS "sku",
        "source"."physicalproduct_id" AS "__reference_0"
    FROM "relation_2" AS "source"
    UNION ALL
    SELECT
        "source"."electronics_id" AS "product_id",
        "source"."quantity" AS "quantity",
        "source"."sku" AS "sku",
        "source"."electronics_id" AS "__reference_0"
    FROM "relation_4" AS "source"
    UNION ALL
    SELECT
        "source"."computer_id" AS "product_id",
        "source"."quantity" AS "quantity",
        "source"."sku" AS "sku",
        "source"."computer_id" AS "__reference_0"
    FROM "relation_5" AS "source"
    UNION ALL
    SELECT
        "source"."desktop_id" AS "product_id",
        "source"."quantity" AS "quantity",
        "source"."sku" AS "sku",
        "source"."desktop_id" AS "__reference_0"
    FROM "relation_6" AS "source"
    UNION ALL
    SELECT
        "source"."laptop_id" AS "product_id",
        "source"."quantity" AS "quantity",
        "source"."sku" AS "sku",
        "source"."laptop_id" AS "__reference_0"
    FROM "relation_7" AS "source"
    UNION ALL
    SELECT
        "source"."tablet_id" AS "product_id",
        "source"."quantity" AS "quantity",
        "source"."sku" AS "sku",
        "source"."tablet_id" AS "__reference_0"
    FROM "relation_8" AS "source"
    UNION ALL
    SELECT
        "source"."smartwatch_id" AS "product_id",
        "source"."quantity" AS "quantity",
        "source"."sku" AS "sku",
        "source"."smartwatch_id" AS "__reference_0"
    FROM "relation_9" AS "source"
    UNION ALL
    SELECT
        "source"."camera_id" AS "product_id",
        "source"."quantity" AS "quantity",
        "source"."sku" AS "sku",
        "source"."camera_id" AS "__reference_0"
    FROM "relation_10" AS "source"
    UNION ALL
    SELECT
        "source"."phone_id" AS "product_id",
        "source"."quantity" AS "quantity",
        "source"."sku" AS "sku",
        "source"."phone_id" AS "__reference_0"
    FROM "relation_11" AS "source"
    UNION ALL
    SELECT
        "source"."accessory_id" AS "product_id",
        "source"."quantity" AS "quantity",
        "source"."sku" AS "sku",
        "source"."accessory_id" AS "__reference_0"
    FROM "relation_12" AS "source"
    UNION ALL
    SELECT
        "source"."appliance_id" AS "product_id",
        "source"."quantity" AS "quantity",
        "source"."sku" AS "sku",
        "source"."appliance_id" AS "__reference_0"
    FROM "relation_13" AS "source"
    UNION ALL
    SELECT
        "source"."kitchenappliance_id" AS "product_id",
        "source"."quantity" AS "quantity",
        "source"."sku" AS "sku",
        "source"."kitchenappliance_id" AS "__reference_0"
    FROM "relation_14" AS "source"
    UNION ALL
    SELECT
        "source"."apparel_id" AS "product_id",
        "source"."quantity" AS "quantity",
        "source"."sku" AS "sku",
        "source"."apparel_id" AS "__reference_0"
    FROM "relation_15" AS "source"
    UNION ALL
    SELECT
        "source"."clothing_id" AS "product_id",
        "source"."quantity" AS "quantity",
        "source"."sku" AS "sku",
        "source"."clothing_id" AS "__reference_0"
    FROM "relation_16" AS "source"
    UNION ALL
    SELECT
        "source"."menclothing_id" AS "product_id",
        "source"."quantity" AS "quantity",
        "source"."sku" AS "sku",
        "source"."menclothing_id" AS "__reference_0"
    FROM "relation_17" AS "source"
    UNION ALL
    SELECT
        "source"."womenclothing_id" AS "product_id",
        "source"."quantity" AS "quantity",
        "source"."sku" AS "sku",
        "source"."womenclothing_id" AS "__reference_0"
    FROM "relation_18" AS "source"
    UNION ALL
    SELECT
        "source"."footwear_id" AS "product_id",
        "source"."quantity" AS "quantity",
        "source"."sku" AS "sku",
        "source"."footwear_id" AS "__reference_0"
    FROM "relation_19" AS "source"
    UNION ALL
    SELECT
        "source"."digitalproduct_id" AS "product_id",
        "source"."quantity" AS "quantity",
        "source"."sku" AS "sku",
        "source"."digitalproduct_id" AS "__reference_0"
    FROM "relation_3" AS "source"
    UNION ALL
    SELECT
        "source"."media_id" AS "product_id",
        "source"."quantity" AS "quantity",
        "source"."sku" AS "sku",
        "source"."media_id" AS "__reference_0"
    FROM "relation_20" AS "source"
    UNION ALL
    SELECT
        "source"."software_id" AS "product_id",
        "source"."quantity" AS "quantity",
        "source"."sku" AS "sku",
        "source"."software_id" AS "__reference_0"
    FROM "relation_21" AS "source"
),
"b2" AS (
    SELECT
        "source"."bin_id" AS "bin_id",
        "source"."code" AS "code",
        "source"."warehouse_id" AS "__reference_0",
        "source"."bin_id" AS "__reference_1"
    FROM "relation_42" AS "source"
)
SELECT 
    "b1"."sku" AS "sku",
    "b1"."quantity" AS "quantity",
    "b2"."bin_id" AS "bin_id",
    "b2"."code" AS "code"
FROM (("b0" INNER JOIN "b1" ON ("b0"."__endpoint_product_0" = "b1"."__reference_0")) INNER JOIN "b2" ON ("b0"."__endpoint_warehousebin_0" = "b2"."__reference_0" AND "b0"."__endpoint_warehousebin_1" = "b2"."__reference_1"))
WHERE ("b1"."product_id" < 3392411);
                                                                   QUERY PLAN                                                                   
------------------------------------------------------------------------------------------------------------------------------------------------
 Gather  (cost=1358.49..159825.73 rows=1398 width=36) (actual rows=2644750 loops=1)
   Workers Planned: 2
   Workers Launched: 0
   Buffers: shared hit=138312220 read=1930415
   ->  Nested Loop  (cost=358.49..158685.93 rows=582 width=36) (actual rows=2644750 loops=1)
         Buffers: shared hit=138312220 read=1930415
         ->  Hash Join  (cost=358.20..154411.18 rows=514 width=18) (actual rows=13100150 loops=1)
               Hash Cond: ((source.warehouse_id = source_22.warehouse_id) AND (source.bin_id = source_22.bin_id))
               Buffers: shared read=70885
               ->  Parallel Seq Scan on relation_59 source  (cost=0.00..125396.25 rows=5458425 width=12) (actual rows=13100150 loops=1)
                     Buffers: shared read=70812
               ->  Hash  (cost=187.08..187.08 rows=11408 width=18) (actual rows=11408 loops=1)
                     Buckets: 16384  Batches: 1  Memory Usage: 708kB
                     Buffers: shared read=73
                     ->  Seq Scan on relation_42 source_22  (cost=0.00..187.08 rows=11408 width=18) (actual rows=11408 loops=1)
                           Buffers: shared read=73
         ->  Append  (cost=0.29..8.11 rows=21 width=26) (actual rows=0 loops=13100150)
               Buffers: shared hit=138312220 read=1859530
               ->  Index Scan using relation_1_pkey on relation_1 source_1  (cost=0.29..0.31 rows=1 width=26) (actual rows=0 loops=13100150)
                     Index Cond: ((product_id = source.product_id) AND (product_id < 3392411))
                     Buffers: shared hit=5309305 read=28606
               ->  Index Scan using relation_2_pkey on relation_2 source_2  (cost=0.29..0.31 rows=1 width=26) (actual rows=0 loops=13100150)
                     Index Cond: ((physicalproduct_id = source.product_id) AND (physicalproduct_id < 3392411))
                     Buffers: shared hit=5316600 read=39607
               ->  Index Scan using relation_4_pkey on relation_4 source_3  (cost=0.43..0.53 rows=1 width=26) (actual rows=0 loops=13100150)
                     Index Cond: ((electronics_id = source.product_id) AND (electronics_id < 3392411))
                     Buffers: shared hit=8651079 read=1760533
               ->  Index Scan using relation_5_pkey on relation_5 source_4  (cost=0.29..0.31 rows=1 width=26) (actual rows=0 loops=13100150)
                     Index Cond: ((computer_id = source.product_id) AND (computer_id < 3392411))
                     Buffers: shared hit=5289500
               ->  Index Scan using relation_6_pkey on relation_6 source_5  (cost=0.43..0.46 rows=1 width=26) (actual rows=0 loops=13100150)
                     Index Cond: ((desktop_id = source.product_id) AND (desktop_id < 3392411))
                     Buffers: shared hit=7934250
               ->  Index Scan using relation_7_pkey on relation_7 source_6  (cost=0.29..0.32 rows=1 width=26) (actual rows=0 loops=13100150)
                     Index Cond: ((laptop_id = source.product_id) AND (laptop_id < 3392411))
                     Buffers: shared hit=5289500
               ->  Index Scan using relation_8_pkey on relation_8 source_7  (cost=0.29..0.31 rows=1 width=26) (actual rows=0 loops=13100150)
                     Index Cond: ((tablet_id = source.product_id) AND (tablet_id < 3392411))
                     Buffers: shared hit=5289500
               ->  Index Scan using relation_9_pkey on relation_9 source_8  (cost=0.42..0.45 rows=1 width=26) (actual rows=0 loops=13100150)
                     Index Cond: ((smartwatch_id = source.product_id) AND (smartwatch_id < 3392411))
                     Buffers: shared hit=7934250
               ->  Index Scan using relation_10_pkey on relation_10 source_9  (cost=0.42..0.44 rows=1 width=26) (actual rows=0 loops=13100150)
                     Index Cond: ((camera_id = source.product_id) AND (camera_id < 3392411))
                     Buffers: shared hit=7934250
               ->  Index Scan using relation_11_pkey on relation_11 source_10  (cost=0.42..0.45 rows=1 width=26) (actual rows=0 loops=13100150)
                     Index Cond: ((phone_id = source.product_id) AND (phone_id < 3392411))
                     Buffers: shared hit=7934250
               ->  Index Scan using relation_12_pkey on relation_12 source_11  (cost=0.29..0.32 rows=1 width=26) (actual rows=0 loops=13100150)
                     Index Cond: ((accessory_id = source.product_id) AND (accessory_id < 3392411))
                     Buffers: shared hit=5289500
               ->  Index Scan using relation_13_pkey on relation_13 source_12  (cost=0.29..0.31 rows=1 width=26) (actual rows=0 loops=13100150)
                     Index Cond: ((appliance_id = source.product_id) AND (appliance_id < 3392411))
                     Buffers: shared hit=5289500
               ->  Index Scan using relation_14_pkey on relation_14 source_13  (cost=0.42..0.44 rows=1 width=26) (actual rows=0 loops=13100150)
                     Index Cond: ((kitchenappliance_id = source.product_id) AND (kitchenappliance_id < 3392411))
                     Buffers: shared hit=7934250
               ->  Index Scan using relation_15_pkey on relation_15 source_14  (cost=0.42..0.44 rows=1 width=26) (actual rows=0 loops=13100150)
                     Index Cond: ((apparel_id = source.product_id) AND (apparel_id < 3392411))
                     Buffers: shared hit=7934250
               ->  Index Scan using relation_16_pkey on relation_16 source_15  (cost=0.42..0.44 rows=1 width=26) (actual rows=0 loops=13100150)
                     Index Cond: ((clothing_id = source.product_id) AND (clothing_id < 3392411))
                     Buffers: shared hit=7934250
               ->  Index Scan using relation_17_pkey on relation_17 source_16  (cost=0.43..0.46 rows=1 width=26) (actual rows=0 loops=13100150)
                     Index Cond: ((menclothing_id = source.product_id) AND (menclothing_id < 3392411))
                     Buffers: shared hit=7934250
               ->  Index Scan using relation_18_pkey on relation_18 source_17  (cost=0.29..0.31 rows=1 width=26) (actual rows=0 loops=13100150)
                     Index Cond: ((womenclothing_id = source.product_id) AND (womenclothing_id < 3392411))
                     Buffers: shared hit=5289500
               ->  Index Scan using relation_19_pkey on relation_19 source_18  (cost=0.29..0.31 rows=1 width=26) (actual rows=0 loops=13100150)
                     Index Cond: ((footwear_id = source.product_id) AND (footwear_id < 3392411))
                     Buffers: shared hit=5289500
               ->  Index Scan using relation_3_pkey on relation_3 source_19  (cost=0.29..0.31 rows=1 width=26) (actual rows=0 loops=13100150)
                     Index Cond: ((digitalproduct_id = source.product_id) AND (digitalproduct_id < 3392411))
                     Buffers: shared hit=5310986 read=30784
               ->  Index Scan using relation_20_pkey on relation_20 source_20  (cost=0.43..0.46 rows=1 width=26) (actual rows=0 loops=13100150)
                     Index Cond: ((media_id = source.product_id) AND (media_id < 3392411))
                     Buffers: shared hit=7934250
               ->  Index Scan using relation_21_pkey on relation_21 source_21  (cost=0.29..0.31 rows=1 width=26) (actual rows=0 loops=13100150)
                     Index Cond: ((software_id = source.product_id) AND (software_id < 3392411))
                     Buffers: shared hit=5289500
 Planning:
   Buffers: shared hit=5 read=70
 Planning Time: 0.677 ms
 JIT:
   Functions: 120
   Options: Inlining false, Optimization false, Expressions true, Deforming true
 Execution Time: 58661.869 ms
(88 rows)

-- Q091 [complex_multi_join] occurrence 1/1
-- Original E/R: SELECT e1.parent, e2.sku, e3.tag_name FROM category_products r1 JOIN Category e1 ON ENDPOINT(r1, Category) = REF(e1) JOIN Product e2 ON ENDPOINT(r1, Product) = REF(e2) JOIN product_tags r2 ON ENDPOINT(r2, Product) = REF(e2) JOIN Tag e3 ON ENDPOINT(r2, Tag) = REF(e3) WHERE e2.is_active >= 1;
EXPLAIN (ANALYZE, BUFFERS, TIMING OFF, SUMMARY ON, FORMAT TEXT)
WITH
"b0" AS (
    SELECT
        "source"."category_products_category_id" AS "__endpoint_category_0",
        "source"."product_id" AS "__endpoint_product_0"
    FROM "relation_47" AS "source"
),
"b1" AS (
    SELECT
        "source"."parent" AS "parent",
        "source"."category_id" AS "__reference_0"
    FROM "relation_0" AS "source"
),
"b2" AS (
    SELECT
        "source"."is_active" AS "is_active",
        "source"."sku" AS "sku",
        "source"."product_id" AS "__reference_0"
    FROM "relation_1" AS "source"
    UNION ALL
    SELECT
        "source"."is_active" AS "is_active",
        "source"."sku" AS "sku",
        "source"."physicalproduct_id" AS "__reference_0"
    FROM "relation_2" AS "source"
    UNION ALL
    SELECT
        "source"."is_active" AS "is_active",
        "source"."sku" AS "sku",
        "source"."electronics_id" AS "__reference_0"
    FROM "relation_4" AS "source"
    UNION ALL
    SELECT
        "source"."is_active" AS "is_active",
        "source"."sku" AS "sku",
        "source"."computer_id" AS "__reference_0"
    FROM "relation_5" AS "source"
    UNION ALL
    SELECT
        "source"."is_active" AS "is_active",
        "source"."sku" AS "sku",
        "source"."desktop_id" AS "__reference_0"
    FROM "relation_6" AS "source"
    UNION ALL
    SELECT
        "source"."is_active" AS "is_active",
        "source"."sku" AS "sku",
        "source"."laptop_id" AS "__reference_0"
    FROM "relation_7" AS "source"
    UNION ALL
    SELECT
        "source"."is_active" AS "is_active",
        "source"."sku" AS "sku",
        "source"."tablet_id" AS "__reference_0"
    FROM "relation_8" AS "source"
    UNION ALL
    SELECT
        "source"."is_active" AS "is_active",
        "source"."sku" AS "sku",
        "source"."smartwatch_id" AS "__reference_0"
    FROM "relation_9" AS "source"
    UNION ALL
    SELECT
        "source"."is_active" AS "is_active",
        "source"."sku" AS "sku",
        "source"."camera_id" AS "__reference_0"
    FROM "relation_10" AS "source"
    UNION ALL
    SELECT
        "source"."is_active" AS "is_active",
        "source"."sku" AS "sku",
        "source"."phone_id" AS "__reference_0"
    FROM "relation_11" AS "source"
    UNION ALL
    SELECT
        "source"."is_active" AS "is_active",
        "source"."sku" AS "sku",
        "source"."accessory_id" AS "__reference_0"
    FROM "relation_12" AS "source"
    UNION ALL
    SELECT
        "source"."is_active" AS "is_active",
        "source"."sku" AS "sku",
        "source"."appliance_id" AS "__reference_0"
    FROM "relation_13" AS "source"
    UNION ALL
    SELECT
        "source"."is_active" AS "is_active",
        "source"."sku" AS "sku",
        "source"."kitchenappliance_id" AS "__reference_0"
    FROM "relation_14" AS "source"
    UNION ALL
    SELECT
        "source"."is_active" AS "is_active",
        "source"."sku" AS "sku",
        "source"."apparel_id" AS "__reference_0"
    FROM "relation_15" AS "source"
    UNION ALL
    SELECT
        "source"."is_active" AS "is_active",
        "source"."sku" AS "sku",
        "source"."clothing_id" AS "__reference_0"
    FROM "relation_16" AS "source"
    UNION ALL
    SELECT
        "source"."is_active" AS "is_active",
        "source"."sku" AS "sku",
        "source"."menclothing_id" AS "__reference_0"
    FROM "relation_17" AS "source"
    UNION ALL
    SELECT
        "source"."is_active" AS "is_active",
        "source"."sku" AS "sku",
        "source"."womenclothing_id" AS "__reference_0"
    FROM "relation_18" AS "source"
    UNION ALL
    SELECT
        "source"."is_active" AS "is_active",
        "source"."sku" AS "sku",
        "source"."footwear_id" AS "__reference_0"
    FROM "relation_19" AS "source"
    UNION ALL
    SELECT
        "source"."is_active" AS "is_active",
        "source"."sku" AS "sku",
        "source"."digitalproduct_id" AS "__reference_0"
    FROM "relation_3" AS "source"
    UNION ALL
    SELECT
        "source"."is_active" AS "is_active",
        "source"."sku" AS "sku",
        "source"."media_id" AS "__reference_0"
    FROM "relation_20" AS "source"
    UNION ALL
    SELECT
        "source"."is_active" AS "is_active",
        "source"."sku" AS "sku",
        "source"."software_id" AS "__reference_0"
    FROM "relation_21" AS "source"
),
"b3" AS (
    SELECT
        "source"."product_id" AS "__endpoint_product_0",
        "source"."tag_id" AS "__endpoint_tag_0"
    FROM "relation_48" AS "source"
),
"b4" AS (
    SELECT
        "source"."tag_name" AS "tag_name",
        "source"."tag_id" AS "__reference_0"
    FROM "relation_30" AS "source"
)
SELECT 
    "b1"."parent" AS "parent",
    "b2"."sku" AS "sku",
    "b4"."tag_name" AS "tag_name"
FROM (((("b0" INNER JOIN "b1" ON ("b0"."__endpoint_category_0" = "b1"."__reference_0")) INNER JOIN "b2" ON ("b0"."__endpoint_product_0" = "b2"."__reference_0")) INNER JOIN "b3" ON ("b3"."__endpoint_product_0" = "b2"."__reference_0")) INNER JOIN "b4" ON ("b3"."__endpoint_tag_0" = "b4"."__reference_0"))
WHERE ("b2"."is_active" >= 1);
                                                                  QUERY PLAN                                                                  
----------------------------------------------------------------------------------------------------------------------------------------------
 Hash Join  (cost=674432.25..2724552.89 rows=104805080 width=28) (actual rows=1061617 loops=1)
   Hash Cond: (source_2.product_id = source.product_id)
   Buffers: shared hit=4429 read=501815, temp read=61845 written=61845
   ->  Append  (cost=0.00..645012.19 rows=14288053 width=22) (actual rows=14276122 loops=1)
         Buffers: shared hit=4429 read=359187
         ->  Seq Scan on relation_1 source_2  (cost=0.00..2009.99 rows=52674 width=22) (actual rows=52823 loops=1)
               Filter: (is_active >= 1)
               Rows Removed by Filter: 9176
               Buffers: shared hit=106 read=1129
         ->  Seq Scan on relation_2 source_3  (cost=0.00..2830.31 rows=72988 width=22) (actual rows=72955 loops=1)
               Filter: (is_active >= 1)
               Rows Removed by Filter: 12910
               Buffers: shared hit=141 read=1616
         ->  Seq Scan on relation_4 source_4  (cost=0.00..301233.55 rows=7659100 width=22) (actual rows=7653575 loops=1)
               Filter: (is_active >= 1)
               Rows Removed by Filter: 1350470
               Buffers: shared hit=4180 read=184508
         ->  Seq Scan on relation_5 source_5  (cost=0.00..3749.88 rows=91001 width=22) (actual rows=91115 loops=1)
               Filter: (is_active >= 1)
               Rows Removed by Filter: 16075
               Buffers: shared read=2410
         ->  Seq Scan on relation_6 source_6  (cost=0.00..67945.48 rows=1596504 width=22) (actual rows=1594474 loops=1)
               Filter: (is_active >= 1)
               Rows Removed by Filter: 283304
               Buffers: shared read=44473
         ->  Seq Scan on relation_7 source_7  (cost=0.00..4955.88 rows=118496 width=22) (actual rows=118485 loops=1)
               Filter: (is_active >= 1)
               Rows Removed by Filter: 21185
               Buffers: shared read=3210
         ->  Seq Scan on relation_8 source_8  (cost=0.00..3396.00 rows=84920 width=22) (actual rows=85185 loops=1)
               Filter: (is_active >= 1)
               Rows Removed by Filter: 14815
               Buffers: shared read=2146
         ->  Seq Scan on relation_9 source_9  (cost=0.00..15941.06 rows=400155 width=22) (actual rows=398598 loops=1)
               Filter: (is_active >= 1)
               Rows Removed by Filter: 70847
               Buffers: shared read=10073
         ->  Seq Scan on relation_10 source_10  (cost=0.00..5740.51 rows=143409 width=22) (actual rows=143537 loops=1)
               Filter: (is_active >= 1)
               Rows Removed by Filter: 25464
               Buffers: shared read=3628
         ->  Seq Scan on relation_11 source_11  (cost=0.00..23528.01 rows=575637 width=22) (actual rows=575193 loops=1)
               Filter: (is_active >= 1)
               Rows Removed by Filter: 100808
               Buffers: shared read=15078
         ->  Seq Scan on relation_12 source_12  (cost=0.00..4993.23 rows=123405 width=22) (actual rows=123263 loops=1)
               Filter: (is_active >= 1)
               Rows Removed by Filter: 21635
               Buffers: shared read=3182
         ->  Seq Scan on relation_13 source_13  (cost=0.00..2010.50 rows=51166 width=22) (actual rows=51149 loops=1)
               Filter: (is_active >= 1)
               Rows Removed by Filter: 8971
               Buffers: shared read=1259
         ->  Seq Scan on relation_14 source_14  (cost=0.00..8962.79 rows=224119 width=22) (actual rows=224507 loops=1)
               Filter: (is_active >= 1)
               Rows Removed by Filter: 39556
               Buffers: shared read=5662
         ->  Seq Scan on relation_15 source_15  (cost=0.00..12241.53 rows=309926 width=22) (actual rows=310107 loops=1)
               Filter: (is_active >= 1)
               Rows Removed by Filter: 54655
               Buffers: shared read=7682
         ->  Seq Scan on relation_16 source_16  (cost=0.00..10251.77 rows=252887 width=22) (actual rows=253275 loops=1)
               Filter: (is_active >= 1)
               Rows Removed by Filter: 44707
               Buffers: shared read=6527
         ->  Seq Scan on relation_17 source_17  (cost=0.00..59725.91 rows=1437463 width=22) (actual rows=1436177 loops=1)
               Filter: (is_active >= 1)
               Rows Removed by Filter: 253823
               Buffers: shared read=38600
         ->  Seq Scan on relation_18 source_18  (cost=0.00..4142.02 rows=99703 width=22) (actual rows=99587 loops=1)
               Filter: (is_active >= 1)
               Rows Removed by Filter: 17775
               Buffers: shared read=2675
         ->  Seq Scan on relation_19 source_19  (cost=0.00..985.03 rows=24349 width=22) (actual rows=24349 loops=1)
               Filter: (is_active >= 1)
               Rows Removed by Filter: 4293
               Buffers: shared read=627
         ->  Seq Scan on relation_3 source_20  (cost=0.00..2237.86 rows=56700 width=22) (actual rows=56691 loops=1)
               Filter: (is_active >= 1)
               Rows Removed by Filter: 10018
               Buffers: shared hit=2 read=1402
         ->  Seq Scan on relation_20 source_21  (cost=0.00..36166.12 rows=900735 width=22) (actual rows=898361 loops=1)
               Filter: (is_active >= 1)
               Rows Removed by Filter: 157889
               Buffers: shared read=22963
         ->  Seq Scan on relation_21 source_22  (cost=0.00..524.50 rows=12716 width=22) (actual rows=12716 loops=1)
               Filter: (is_active >= 1)
               Rows Removed by Filter: 2284
               Buffers: shared read=337
   ->  Hash  (cost=583951.78..583951.78 rows=4928278 width=18) (actual rows=1248952 loops=1)
         Buckets: 2097152  Batches: 4  Memory Usage: 31680kB
         Buffers: shared read=142628, temp written=4345
         ->  Hash Join  (cost=25311.63..583951.78 rows=4928278 width=18) (actual rows=1248952 loops=1)
               Hash Cond: (source_23.tag_id = source_24.tag_id)
               Buffers: shared read=142628
               ->  Hash Join  (cost=22015.60..567718.56 rows=4928278 width=16) (actual rows=1248952 loops=1)
                     Hash Cond: (source.category_products_category_id = source_1.category_id)
                     Buffers: shared read=142013
                     ->  Hash Join  (cost=18090.10..550855.93 rows=4928278 width=16) (actual rows=1248952 loops=1)
                           Hash Cond: (source_23.product_id = source.product_id)
                           Buffers: shared read=141237
                           ->  Seq Scan on relation_48 source_23  (cost=0.00..450740.64 rows=31247664 width=8) (actual rows=31247588 loops=1)
                                 Buffers: shared read=138264
                           ->  Hash  (cost=9691.71..9691.71 rows=671871 width=8) (actual rows=671871 loops=1)
                                 Buckets: 1048576  Batches: 1  Memory Usage: 34437kB
                                 Buffers: shared read=2973
                                 ->  Seq Scan on relation_47 source  (cost=0.00..9691.71 rows=671871 width=8) (actual rows=671871 loops=1)
                                       Buffers: shared read=2973
                     ->  Hash  (cost=2175.78..2175.78 rows=139978 width=8) (actual rows=139978 loops=1)
                           Buckets: 262144  Batches: 1  Memory Usage: 7472kB
                           Buffers: shared read=776
                           ->  Seq Scan on relation_0 source_1  (cost=0.00..2175.78 rows=139978 width=8) (actual rows=139978 loops=1)
                                 Buffers: shared read=776
               ->  Hash  (cost=1806.57..1806.57 rows=119157 width=10) (actual rows=119157 loops=1)
                     Buckets: 131072  Batches: 1  Memory Usage: 6103kB
                     Buffers: shared read=615
                     ->  Seq Scan on relation_30 source_24  (cost=0.00..1806.57 rows=119157 width=10) (actual rows=119157 loops=1)
                           Buffers: shared read=615
 Planning:
   Buffers: shared hit=8 read=22
 Planning Time: 9.102 ms
 JIT:
   Functions: 117
   Options: Inlining true, Optimization true, Expressions true, Deforming true
 Execution Time: 7700.908 ms
(125 rows)

-- Q092 [relationship_join] occurrence 1/1
-- Original E/R: SELECT e1.is_active, e2.product_name, e2.dimensions FROM bundle_phones r JOIN Phone e1 ON ENDPOINT(r, phone_id) = REF(e1) JOIN Phone e2 ON ENDPOINT(r, bundle_phone_id) = REF(e2) WHERE e2.warranty_months > 12;
EXPLAIN (ANALYZE, BUFFERS, TIMING OFF, SUMMARY ON, FORMAT TEXT)
WITH
"b0" AS (
    SELECT
        "source"."bundle_phone_phone_id" AS "__endpoint_bundle_phone_id_0",
        "source"."phone_id" AS "__endpoint_phone_id_0"
    FROM "relation_64" AS "source"
),
"b1" AS (
    SELECT
        "source"."is_active" AS "is_active",
        "source"."phone_id" AS "__reference_0"
    FROM "relation_11" AS "source"
),
"b2" AS (
    SELECT
        "source"."warranty_months" AS "warranty_months",
        "source"."dimensions" AS "dimensions",
        "source"."product_name" AS "product_name",
        "source"."phone_id" AS "__reference_0"
    FROM "relation_11" AS "source"
)
SELECT 
    "b1"."is_active" AS "is_active",
    "b2"."product_name" AS "product_name",
    "b2"."dimensions" AS "dimensions"
FROM (("b0" INNER JOIN "b1" ON ("b0"."__endpoint_phone_id_0" = "b1"."__reference_0")) INNER JOIN "b2" ON ("b0"."__endpoint_bundle_phone_id_0" = "b2"."__reference_0"))
WHERE ("b2"."warranty_months" > 12);
                                                         QUERY PLAN                                                          
-----------------------------------------------------------------------------------------------------------------------------
 Hash Join  (cost=57049.30..80493.36 rows=496857 width=44) (actual rows=492488 loops=1)
   Hash Cond: (source.phone_id = source_1.phone_id)
   Buffers: shared hit=96 read=35806
   ->  Hash Join  (cost=26761.28..48901.07 rows=496857 width=44) (actual rows=492488 loops=1)
         Hash Cond: (source.bundle_phone_phone_id = source_2.phone_id)
         Buffers: shared hit=64 read=20760
         ->  Seq Scan on relation_64 source  (cost=0.00..18731.17 rows=1298517 width=8) (actual rows=1298517 loops=1)
               Buffers: shared read=5746
         ->  Hash  (cost=23528.01..23528.01 rows=258661 width=44) (actual rows=256510 loops=1)
               Buckets: 262144  Batches: 1  Memory Usage: 21733kB
               Buffers: shared hit=64 read=15014
               ->  Seq Scan on relation_11 source_2  (cost=0.00..23528.01 rows=258661 width=44) (actual rows=256510 loops=1)
                     Filter: (warranty_months > 12)
                     Rows Removed by Filter: 419491
                     Buffers: shared hit=64 read=15014
   ->  Hash  (cost=21838.01..21838.01 rows=676001 width=8) (actual rows=676001 loops=1)
         Buckets: 1048576  Batches: 1  Memory Usage: 34599kB
         Buffers: shared hit=32 read=15046
         ->  Seq Scan on relation_11 source_1  (cost=0.00..21838.01 rows=676001 width=8) (actual rows=676001 loops=1)
               Buffers: shared hit=32 read=15046
 Planning:
   Buffers: shared hit=15 read=9
 Planning Time: 0.248 ms
 Execution Time: 530.015 ms
(24 rows)

-- Q093 [aggregation] occurrence 1/1
-- Original E/R: SELECT e1.sku, COUNT(DISTINCT REF(e2)) AS related_count FROM reviews r JOIN Product e1 ON ENDPOINT(r, Product) = REF(e1) JOIN Review e2 ON ENDPOINT(r, Review) = REF(e2) WHERE e2.review_id <= 3997278 GROUP BY REF(e1), e1.sku HAVING COUNT(DISTINCT REF(e2)) >= 1;
EXPLAIN (ANALYZE, BUFFERS, TIMING OFF, SUMMARY ON, FORMAT TEXT)
WITH
"b0" AS (
    SELECT
        "source"."reviews_product_id" AS "__endpoint_product_0",
        "source"."customer_id" AS "__endpoint_review_0",
        "source"."review_id" AS "__endpoint_review_1"
    FROM "relation_53" AS "source"
),
"b1" AS (
    SELECT
        "source"."sku" AS "sku",
        "source"."product_id" AS "__reference_0"
    FROM "relation_1" AS "source"
    UNION ALL
    SELECT
        "source"."sku" AS "sku",
        "source"."physicalproduct_id" AS "__reference_0"
    FROM "relation_2" AS "source"
    UNION ALL
    SELECT
        "source"."sku" AS "sku",
        "source"."electronics_id" AS "__reference_0"
    FROM "relation_4" AS "source"
    UNION ALL
    SELECT
        "source"."sku" AS "sku",
        "source"."computer_id" AS "__reference_0"
    FROM "relation_5" AS "source"
    UNION ALL
    SELECT
        "source"."sku" AS "sku",
        "source"."desktop_id" AS "__reference_0"
    FROM "relation_6" AS "source"
    UNION ALL
    SELECT
        "source"."sku" AS "sku",
        "source"."laptop_id" AS "__reference_0"
    FROM "relation_7" AS "source"
    UNION ALL
    SELECT
        "source"."sku" AS "sku",
        "source"."tablet_id" AS "__reference_0"
    FROM "relation_8" AS "source"
    UNION ALL
    SELECT
        "source"."sku" AS "sku",
        "source"."smartwatch_id" AS "__reference_0"
    FROM "relation_9" AS "source"
    UNION ALL
    SELECT
        "source"."sku" AS "sku",
        "source"."camera_id" AS "__reference_0"
    FROM "relation_10" AS "source"
    UNION ALL
    SELECT
        "source"."sku" AS "sku",
        "source"."phone_id" AS "__reference_0"
    FROM "relation_11" AS "source"
    UNION ALL
    SELECT
        "source"."sku" AS "sku",
        "source"."accessory_id" AS "__reference_0"
    FROM "relation_12" AS "source"
    UNION ALL
    SELECT
        "source"."sku" AS "sku",
        "source"."appliance_id" AS "__reference_0"
    FROM "relation_13" AS "source"
    UNION ALL
    SELECT
        "source"."sku" AS "sku",
        "source"."kitchenappliance_id" AS "__reference_0"
    FROM "relation_14" AS "source"
    UNION ALL
    SELECT
        "source"."sku" AS "sku",
        "source"."apparel_id" AS "__reference_0"
    FROM "relation_15" AS "source"
    UNION ALL
    SELECT
        "source"."sku" AS "sku",
        "source"."clothing_id" AS "__reference_0"
    FROM "relation_16" AS "source"
    UNION ALL
    SELECT
        "source"."sku" AS "sku",
        "source"."menclothing_id" AS "__reference_0"
    FROM "relation_17" AS "source"
    UNION ALL
    SELECT
        "source"."sku" AS "sku",
        "source"."womenclothing_id" AS "__reference_0"
    FROM "relation_18" AS "source"
    UNION ALL
    SELECT
        "source"."sku" AS "sku",
        "source"."footwear_id" AS "__reference_0"
    FROM "relation_19" AS "source"
    UNION ALL
    SELECT
        "source"."sku" AS "sku",
        "source"."digitalproduct_id" AS "__reference_0"
    FROM "relation_3" AS "source"
    UNION ALL
    SELECT
        "source"."sku" AS "sku",
        "source"."media_id" AS "__reference_0"
    FROM "relation_20" AS "source"
    UNION ALL
    SELECT
        "source"."sku" AS "sku",
        "source"."software_id" AS "__reference_0"
    FROM "relation_21" AS "source"
),
"b2" AS (
    SELECT
        "source"."review_id" AS "review_id",
        "source"."customer_id" AS "__reference_0",
        "source"."review_id" AS "__reference_1"
    FROM "relation_35" AS "source"
)
SELECT 
    "b1"."sku" AS "sku",
    COUNT(DISTINCT ROW("b2"."__reference_0", "b2"."__reference_1")) AS "related_count"
FROM (("b0" INNER JOIN "b1" ON ("b0"."__endpoint_product_0" = "b1"."__reference_0")) INNER JOIN "b2" ON ("b0"."__endpoint_review_0" = "b2"."__reference_0" AND "b0"."__endpoint_review_1" = "b2"."__reference_1"))
WHERE ("b2"."review_id" <= 3997278)
GROUP BY
    "b1"."__reference_0",
    "b1"."sku"
HAVING (COUNT(DISTINCT ROW("b2"."__reference_0", "b2"."__reference_1")) >= 1);
                                                                     QUERY PLAN                                                                      
-----------------------------------------------------------------------------------------------------------------------------------------------------
 GroupAggregate  (cost=573.66..579.71 rows=90 width=30) (actual rows=98 loops=1)
   Group Key: source_1.product_id, source_1.sku
   Filter: (count(DISTINCT (ROW(source_22.customer_id, source_22.review_id))) >= 1)
   Buffers: shared hit=5071 read=322
   ->  Sort  (cost=573.66..574.33 rows=269 width=30) (actual rows=98 loops=1)
         Sort Key: source_1.product_id, source_1.sku, (ROW(source_22.customer_id, source_22.review_id))
         Sort Method: quicksort  Memory: 33kB
         Buffers: shared hit=5071 read=322
         ->  Nested Loop  (cost=0.58..562.80 rows=269 width=30) (actual rows=98 loops=1)
               Buffers: shared hit=5071 read=322
               ->  Nested Loop  (cost=0.29..410.96 rows=1 width=12) (actual rows=98 loops=1)
                     Buffers: shared hit=139 read=60
                     ->  Seq Scan on relation_53 source  (cost=0.00..4.53 rows=253 width=12) (actual rows=253 loops=1)
                           Buffers: shared read=2
                     ->  Index Only Scan using relation_35_pkey on relation_35 source_22  (cost=0.29..1.61 rows=1 width=8) (actual rows=0 loops=253)
                           Index Cond: ((customer_id = source.customer_id) AND (review_id = source.review_id) AND (review_id <= 3997278))
                           Heap Fetches: 0
                           Buffers: shared hit=139 read=58
               ->  Append  (cost=0.29..151.63 rows=21 width=22) (actual rows=1 loops=98)
                     Buffers: shared hit=4932 read=262
                     ->  Index Scan using relation_1_pkey on relation_1 source_1  (cost=0.29..6.25 rows=1 width=22) (actual rows=0 loops=98)
                           Index Cond: (product_id = source.reviews_product_id)
                           Buffers: shared hit=196
                     ->  Index Scan using relation_2_pkey on relation_2 source_2  (cost=0.29..6.67 rows=1 width=22) (actual rows=0 loops=98)
                           Index Cond: (physicalproduct_id = source.reviews_product_id)
                           Buffers: shared hit=196
                     ->  Index Scan using relation_4_pkey on relation_4 source_3  (cost=0.43..8.45 rows=1 width=22) (actual rows=0 loops=98)
                           Index Cond: (electronics_id = source.reviews_product_id)
                           Buffers: shared hit=227 read=109
                     ->  Index Scan using relation_5_pkey on relation_5 source_4  (cost=0.29..6.93 rows=1 width=22) (actual rows=0 loops=98)
                           Index Cond: (computer_id = source.reviews_product_id)
                           Buffers: shared hit=194 read=3
                     ->  Index Scan using relation_6_pkey on relation_6 source_5  (cost=0.43..8.40 rows=1 width=22) (actual rows=0 loops=98)
                           Index Cond: (desktop_id = source.reviews_product_id)
                           Buffers: shared hit=272 read=34
                     ->  Index Scan using relation_7_pkey on relation_7 source_6  (cost=0.29..7.19 rows=1 width=22) (actual rows=0 loops=98)
                           Index Cond: (laptop_id = source.reviews_product_id)
                           Buffers: shared hit=193 read=5
                     ->  Index Scan using relation_8_pkey on relation_8 source_7  (cost=0.29..6.84 rows=1 width=22) (actual rows=0 loops=98)
                           Index Cond: (tablet_id = source.reviews_product_id)
                           Buffers: shared hit=195 read=4
                     ->  Index Scan using relation_9_pkey on relation_9 source_8  (cost=0.42..8.19 rows=1 width=22) (actual rows=0 loops=98)
                           Index Cond: (smartwatch_id = source.reviews_product_id)
                           Buffers: shared hit=286 read=12
                     ->  Index Scan using relation_10_pkey on relation_10 source_9  (cost=0.42..7.46 rows=1 width=22) (actual rows=0 loops=98)
                           Index Cond: (camera_id = source.reviews_product_id)
                           Buffers: shared hit=292 read=3
                     ->  Index Scan using relation_11_pkey on relation_11 source_10  (cost=0.42..8.25 rows=1 width=22) (actual rows=0 loops=98)
                           Index Cond: (phone_id = source.reviews_product_id)
                           Buffers: shared hit=290 read=7
                     ->  Index Scan using relation_12_pkey on relation_12 source_11  (cost=0.29..7.21 rows=1 width=22) (actual rows=0 loops=98)
                           Index Cond: (accessory_id = source.reviews_product_id)
                           Buffers: shared hit=195 read=4
                     ->  Index Scan using relation_13_pkey on relation_13 source_12  (cost=0.29..6.74 rows=1 width=22) (actual rows=0 loops=98)
                           Index Cond: (appliance_id = source.reviews_product_id)
                           Buffers: shared hit=195 read=3
                     ->  Index Scan using relation_14_pkey on relation_14 source_13  (cost=0.42..7.90 rows=1 width=22) (actual rows=0 loops=98)
                           Index Cond: (kitchenappliance_id = source.reviews_product_id)
                           Buffers: shared hit=291 read=4
                     ->  Index Scan using relation_15_pkey on relation_15 source_14  (cost=0.42..8.08 rows=1 width=22) (actual rows=0 loops=98)
                           Index Cond: (apparel_id = source.reviews_product_id)
                           Buffers: shared hit=286 read=11
                     ->  Index Scan using relation_16_pkey on relation_16 source_15  (cost=0.42..8.06 rows=1 width=22) (actual rows=0 loops=98)
                           Index Cond: (clothing_id = source.reviews_product_id)
                           Buffers: shared hit=289 read=8
                     ->  Index Scan using relation_17_pkey on relation_17 source_16  (cost=0.43..8.38 rows=1 width=22) (actual rows=0 loops=98)
                           Index Cond: (menclothing_id = source.reviews_product_id)
                           Buffers: shared hit=272 read=33
                     ->  Index Scan using relation_18_pkey on relation_18 source_17  (cost=0.29..7.01 rows=1 width=22) (actual rows=0 loops=98)
                           Index Cond: (womenclothing_id = source.reviews_product_id)
                           Buffers: shared hit=195 read=1
                     ->  Index Scan using relation_19_pkey on relation_19 source_18  (cost=0.29..4.92 rows=1 width=22) (actual rows=0 loops=98)
                           Index Cond: (footwear_id = source.reviews_product_id)
                           Buffers: shared hit=195 read=1
                     ->  Index Scan using relation_3_pkey on relation_3 source_19  (cost=0.29..6.38 rows=1 width=22) (actual rows=0 loops=98)
                           Index Cond: (digitalproduct_id = source.reviews_product_id)
                           Buffers: shared hit=196
                     ->  Index Scan using relation_20_pkey on relation_20 source_20  (cost=0.43..8.32 rows=1 width=22) (actual rows=0 loops=98)
                           Index Cond: (media_id = source.reviews_product_id)
                           Buffers: shared hit=281 read=20
                     ->  Index Scan using relation_21_pkey on relation_21 source_21  (cost=0.29..3.89 rows=1 width=22) (actual rows=0 loops=98)
                           Index Cond: (software_id = source.reviews_product_id)
                           Buffers: shared hit=196
 Planning:
   Buffers: shared hit=4 read=6
 Planning Time: 0.402 ms
 Execution Time: 1.858 ms
(87 rows)

-- Q094 [weak_owner] occurrence 1/1
-- Original E/R: SELECT w.shipment_id, o.status FROM Shipment w JOIN CustOrder o ON OWNER(w) = REF(o) WHERE o.placed_at <= '2023-05-03';
EXPLAIN (ANALYZE, BUFFERS, TIMING OFF, SUMMARY ON, FORMAT TEXT)
WITH
"b0" AS (
    SELECT
        "source"."shipment_id" AS "shipment_id",
        "source"."custorder_id" AS "__owner_0"
    FROM "relation_38" AS "source"
),
"b1" AS (
    SELECT
        "source"."placed_at" AS "placed_at",
        "source"."status" AS "status",
        "source"."custorder_id" AS "__reference_0"
    FROM "relation_37" AS "source"
)
SELECT 
    "b0"."shipment_id" AS "shipment_id",
    "b1"."status" AS "status"
FROM ("b0" INNER JOIN "b1" ON ("b0"."__owner_0" = "b1"."__reference_0"))
WHERE ("b1"."placed_at" <= '2023-05-03');
                                                     QUERY PLAN                                                     
--------------------------------------------------------------------------------------------------------------------
 Hash Join  (cost=1873.61..2405.88 rows=7359 width=13) (actual rows=7125 loops=1)
   Hash Cond: (source.custorder_id = source_1.custorder_id)
   Buffers: shared read=792
   ->  Seq Scan on relation_38 source  (cost=0.00..468.38 rows=24338 width=8) (actual rows=24338 loops=1)
         Buffers: shared read=225
   ->  Hash  (cost=1570.25..1570.25 rows=24269 width=13) (actual rows=23613 loops=1)
         Buckets: 32768  Batches: 1  Memory Usage: 1340kB
         Buffers: shared read=567
         ->  Seq Scan on relation_37 source_1  (cost=0.00..1570.25 rows=24269 width=13) (actual rows=23613 loops=1)
               Filter: ((placed_at)::text <= '2023-05-03'::text)
               Rows Removed by Filter: 56647
               Buffers: shared read=567
 Planning:
   Buffers: shared hit=4 read=8
 Planning Time: 0.110 ms
 Execution Time: 13.117 ms
(16 rows)

-- Q095 [selection_projection] occurrence 1/1
-- Original E/R: SELECT DISTINCT e.password_hash, e.employee_no, e.user_id FROM Employee e WHERE e.employee_no <= 'EMP-09774576';
EXPLAIN (ANALYZE, BUFFERS, TIMING OFF, SUMMARY ON, FORMAT TEXT)
WITH
"b0" AS (
    SELECT
        "source"."employee_no" AS "employee_no",
        "source"."password_hash" AS "password_hash",
        "source"."employee_id" AS "user_id"
    FROM "relation_26" AS "source"
)
SELECT DISTINCT 
    "b0"."password_hash" AS "password_hash",
    "b0"."employee_no" AS "employee_no",
    "b0"."user_id" AS "user_id"
FROM "b0"
WHERE ("b0"."employee_no" <= 'EMP-09774576');
                                                 QUERY PLAN                                                 
------------------------------------------------------------------------------------------------------------
 HashAggregate  (cost=8259.50..8479.50 rows=22000 width=82) (actual rows=21880 loops=1)
   Group Key: source.password_hash, source.employee_no, source.employee_id
   Batches: 1  Memory Usage: 4881kB
   Buffers: shared read=5282
   ->  Seq Scan on relation_26 source  (cost=0.00..8094.50 rows=22000 width=82) (actual rows=21880 loops=1)
         Filter: ((employee_no)::text <= 'EMP-09774576'::text)
         Rows Removed by Filter: 203120
         Buffers: shared read=5282
 Planning:
   Buffers: shared read=3
 Planning Time: 0.051 ms
 Execution Time: 35.792 ms
(12 rows)

-- Q096 [aggregation] occurrence 1/1
-- Original E/R: SELECT e1.updated_at, COUNT(DISTINCT REF(e2)) AS related_count FROM cart_contains r JOIN Cart e1 ON ENDPOINT(r, Cart) = REF(e1) JOIN Product e2 ON ENDPOINT(r, Product) = REF(e2) WHERE e1.cart_id > 4994665 GROUP BY REF(e1), e1.updated_at HAVING COUNT(DISTINCT REF(e2)) >= 3;
EXPLAIN (ANALYZE, BUFFERS, TIMING OFF, SUMMARY ON, FORMAT TEXT)
WITH
"b0" AS (
    SELECT
        "source"."customer_id" AS "__endpoint_cart_0",
        "source"."cart_id" AS "__endpoint_cart_1",
        "source"."product_id" AS "__endpoint_product_0"
    FROM "relation_51" AS "source"
),
"b1" AS (
    SELECT
        "source"."cart_id" AS "cart_id",
        "source"."updated_at" AS "updated_at",
        "source"."customer_id" AS "__reference_0",
        "source"."cart_id" AS "__reference_1"
    FROM "relation_33" AS "source"
),
"b2" AS (
    SELECT
        "source"."product_id" AS "__reference_0"
    FROM "relation_1" AS "source"
    UNION ALL
    SELECT
        "source"."physicalproduct_id" AS "__reference_0"
    FROM "relation_2" AS "source"
    UNION ALL
    SELECT
        "source"."electronics_id" AS "__reference_0"
    FROM "relation_4" AS "source"
    UNION ALL
    SELECT
        "source"."computer_id" AS "__reference_0"
    FROM "relation_5" AS "source"
    UNION ALL
    SELECT
        "source"."desktop_id" AS "__reference_0"
    FROM "relation_6" AS "source"
    UNION ALL
    SELECT
        "source"."laptop_id" AS "__reference_0"
    FROM "relation_7" AS "source"
    UNION ALL
    SELECT
        "source"."tablet_id" AS "__reference_0"
    FROM "relation_8" AS "source"
    UNION ALL
    SELECT
        "source"."smartwatch_id" AS "__reference_0"
    FROM "relation_9" AS "source"
    UNION ALL
    SELECT
        "source"."camera_id" AS "__reference_0"
    FROM "relation_10" AS "source"
    UNION ALL
    SELECT
        "source"."phone_id" AS "__reference_0"
    FROM "relation_11" AS "source"
    UNION ALL
    SELECT
        "source"."accessory_id" AS "__reference_0"
    FROM "relation_12" AS "source"
    UNION ALL
    SELECT
        "source"."appliance_id" AS "__reference_0"
    FROM "relation_13" AS "source"
    UNION ALL
    SELECT
        "source"."kitchenappliance_id" AS "__reference_0"
    FROM "relation_14" AS "source"
    UNION ALL
    SELECT
        "source"."apparel_id" AS "__reference_0"
    FROM "relation_15" AS "source"
    UNION ALL
    SELECT
        "source"."clothing_id" AS "__reference_0"
    FROM "relation_16" AS "source"
    UNION ALL
    SELECT
        "source"."menclothing_id" AS "__reference_0"
    FROM "relation_17" AS "source"
    UNION ALL
    SELECT
        "source"."womenclothing_id" AS "__reference_0"
    FROM "relation_18" AS "source"
    UNION ALL
    SELECT
        "source"."footwear_id" AS "__reference_0"
    FROM "relation_19" AS "source"
    UNION ALL
    SELECT
        "source"."digitalproduct_id" AS "__reference_0"
    FROM "relation_3" AS "source"
    UNION ALL
    SELECT
        "source"."media_id" AS "__reference_0"
    FROM "relation_20" AS "source"
    UNION ALL
    SELECT
        "source"."software_id" AS "__reference_0"
    FROM "relation_21" AS "source"
)
SELECT 
    "b1"."updated_at" AS "updated_at",
    COUNT(DISTINCT "b2"."__reference_0") AS "related_count"
FROM (("b0" INNER JOIN "b1" ON ("b0"."__endpoint_cart_0" = "b1"."__reference_0" AND "b0"."__endpoint_cart_1" = "b1"."__reference_1")) INNER JOIN "b2" ON ("b0"."__endpoint_product_0" = "b2"."__reference_0"))
WHERE ("b1"."cart_id" > 4994665)
GROUP BY
    "b1"."__reference_0",
    "b1"."__reference_1",
    "b1"."updated_at"
HAVING (COUNT(DISTINCT "b2"."__reference_0") >= 3);
                                                                      QUERY PLAN                                                                       
-------------------------------------------------------------------------------------------------------------------------------------------------------
 GroupAggregate  (cost=1986.85..1996.23 rows=139 width=27) (actual rows=0 loops=1)
   Group Key: source_1.customer_id, source_1.cart_id
   Filter: (count(DISTINCT source_2.product_id) >= 3)
   Rows Removed by Filter: 20148
   Buffers: shared hit=1040347 read=18194
   ->  Sort  (cost=1986.85..1987.89 rows=417 width=23) (actual rows=20148 loops=1)
         Sort Key: source_1.customer_id, source_1.cart_id, source_2.product_id
         Sort Method: quicksort  Memory: 1713kB
         Buffers: shared hit=1040347 read=18194
         ->  Nested Loop  (cost=1120.30..1968.70 rows=417 width=23) (actual rows=20148 loops=1)
               Buffers: shared hit=1040347 read=18194
               ->  Hash Join  (cost=1120.01..1954.62 rows=1 width=23) (actual rows=20148 loops=1)
                     Hash Cond: ((source.customer_id = source_1.customer_id) AND (source.cart_id = source_1.cart_id))
                     Buffers: shared read=490
                     ->  Seq Scan on relation_51 source  (cost=0.00..622.68 rows=40368 width=12) (actual rows=40368 loops=1)
                           Buffers: shared read=219
                     ->  Hash  (cost=802.16..802.16 rows=21190 width=19) (actual rows=21222 loops=1)
                           Buckets: 32768  Batches: 1  Memory Usage: 1334kB
                           Buffers: shared read=271
                           ->  Seq Scan on relation_33 source_1  (cost=0.00..802.16 rows=21190 width=19) (actual rows=21222 loops=1)
                                 Filter: (cart_id > 4994665)
                                 Rows Removed by Filter: 21271
                                 Buffers: shared read=271
               ->  Append  (cost=0.29..13.87 rows=21 width=4) (actual rows=1 loops=20148)
                     Buffers: shared hit=1040347 read=17704
                     ->  Index Only Scan using relation_1_pkey on relation_1 source_2  (cost=0.29..0.32 rows=1 width=4) (actual rows=0 loops=20148)
                           Index Cond: (product_id = source.product_id)
                           Heap Fetches: 0
                           Buffers: shared hit=40230 read=67
                     ->  Index Only Scan using relation_2_pkey on relation_2 source_3  (cost=0.29..0.33 rows=1 width=4) (actual rows=0 loops=20148)
                           Index Cond: (physicalproduct_id = source.product_id)
                           Heap Fetches: 0
                           Buffers: shared hit=40209 read=88
                     ->  Index Only Scan using relation_4_pkey on relation_4 source_4  (cost=0.43..3.17 rows=1 width=4) (actual rows=1 loops=20148)
                           Index Cond: (electronics_id = source.product_id)
                           Heap Fetches: 0
                           Buffers: shared hit=59832 read=9528
                     ->  Index Only Scan using relation_5_pkey on relation_5 source_5  (cost=0.29..0.34 rows=1 width=4) (actual rows=0 loops=20148)
                           Index Cond: (computer_id = source.product_id)
                           Heap Fetches: 0
                           Buffers: shared hit=40195 read=102
                     ->  Index Only Scan using relation_6_pkey on relation_6 source_6  (cost=0.43..1.27 rows=1 width=4) (actual rows=0 loops=20148)
                           Index Cond: (desktop_id = source.product_id)
                           Heap Fetches: 0
                           Buffers: shared hit=59272 read=2048
                     ->  Index Only Scan using relation_7_pkey on relation_7 source_7  (cost=0.29..0.35 rows=1 width=4) (actual rows=0 loops=20148)
                           Index Cond: (laptop_id = source.product_id)
                           Heap Fetches: 0
                           Buffers: shared hit=40161 read=136
                     ->  Index Only Scan using relation_8_pkey on relation_8 source_8  (cost=0.29..0.34 rows=1 width=4) (actual rows=0 loops=20148)
                           Index Cond: (tablet_id = source.product_id)
                           Heap Fetches: 0
                           Buffers: shared hit=40197 read=100
                     ->  Index Only Scan using relation_9_pkey on relation_9 source_9  (cost=0.42..0.66 rows=1 width=4) (actual rows=0 loops=20148)
                           Index Cond: (smartwatch_id = source.product_id)
                           Heap Fetches: 0
                           Buffers: shared hit=59937 read=508
                     ->  Index Only Scan using relation_10_pkey on relation_10 source_10  (cost=0.42..0.48 rows=1 width=4) (actual rows=0 loops=20148)
                           Index Cond: (camera_id = source.product_id)
                           Heap Fetches: 0
                           Buffers: shared hit=60262 read=183
                     ->  Index Only Scan using relation_11_pkey on relation_11 source_11  (cost=0.42..0.73 rows=1 width=4) (actual rows=0 loops=20148)
                           Index Cond: (phone_id = source.product_id)
                           Heap Fetches: 0
                           Buffers: shared hit=59735 read=710
                     ->  Index Only Scan using relation_12_pkey on relation_12 source_12  (cost=0.29..0.35 rows=1 width=4) (actual rows=0 loops=20148)
                           Index Cond: (accessory_id = source.product_id)
                           Heap Fetches: 0
                           Buffers: shared hit=40176 read=121
                     ->  Index Only Scan using relation_13_pkey on relation_13 source_13  (cost=0.29..0.34 rows=1 width=4) (actual rows=0 loops=20148)
                           Index Cond: (appliance_id = source.product_id)
                           Heap Fetches: 0
                           Buffers: shared hit=40232 read=65
                     ->  Index Only Scan using relation_14_pkey on relation_14 source_14  (cost=0.42..0.53 rows=1 width=4) (actual rows=0 loops=20148)
                           Index Cond: (kitchenappliance_id = source.product_id)
                           Heap Fetches: 0
                           Buffers: shared hit=60176 read=269
                     ->  Index Only Scan using relation_15_pkey on relation_15 source_15  (cost=0.42..0.59 rows=1 width=4) (actual rows=0 loops=20148)
                           Index Cond: (apparel_id = source.product_id)
                           Heap Fetches: 0
                           Buffers: shared hit=60075 read=370
                     ->  Index Only Scan using relation_16_pkey on relation_16 source_16  (cost=0.42..0.58 rows=1 width=4) (actual rows=0 loops=20148)
                           Index Cond: (clothing_id = source.product_id)
                           Heap Fetches: 0
                           Buffers: shared hit=60143 read=302
                     ->  Index Only Scan using relation_17_pkey on relation_17 source_17  (cost=0.43..1.21 rows=1 width=4) (actual rows=0 loops=20148)
                           Index Cond: (menclothing_id = source.product_id)
                           Heap Fetches: 0
                           Buffers: shared hit=59196 read=1793
                     ->  Index Only Scan using relation_18_pkey on relation_18 source_18  (cost=0.29..0.34 rows=1 width=4) (actual rows=0 loops=20148)
                           Index Cond: (womenclothing_id = source.product_id)
                           Heap Fetches: 0
                           Buffers: shared hit=40165 read=132
                     ->  Index Only Scan using relation_19_pkey on relation_19 source_19  (cost=0.29..0.31 rows=1 width=4) (actual rows=0 loops=20148)
                           Index Cond: (footwear_id = source.product_id)
                           Heap Fetches: 0
                           Buffers: shared hit=40266 read=31
                     ->  Index Only Scan using relation_3_pkey on relation_3 source_20  (cost=0.29..0.33 rows=1 width=4) (actual rows=0 loops=20148)
                           Index Cond: (digitalproduct_id = source.product_id)
                           Heap Fetches: 0
                           Buffers: shared hit=40234 read=63
                     ->  Index Only Scan using relation_20_pkey on relation_20 source_21  (cost=0.43..0.87 rows=1 width=4) (actual rows=0 loops=20148)
                           Index Cond: (media_id = source.product_id)
                           Heap Fetches: 0
                           Buffers: shared hit=59366 read=1079
                     ->  Index Only Scan using relation_21_pkey on relation_21 source_22  (cost=0.29..0.31 rows=1 width=4) (actual rows=0 loops=20148)
                           Index Cond: (software_id = source.product_id)
                           Heap Fetches: 0
                           Buffers: shared hit=40288 read=9
 Planning:
   Buffers: shared hit=4 read=11
 Planning Time: 0.368 ms
 Execution Time: 260.436 ms
(113 rows)

-- Q097 [complex_multi_join] occurrence 1/1
-- Original E/R: SELECT e1.bin_id, e2.is_active, e3.quantity FROM stock r1 JOIN WarehouseBin e1 ON ENDPOINT(r1, WarehouseBin) = REF(e1) JOIN Product e2 ON ENDPOINT(r1, Product) = REF(e2) JOIN bought_together r2 ON ENDPOINT(r2, bought_together_product_id) = REF(e2) JOIN Product e3 ON ENDPOINT(r2, product_id) = REF(e3) WHERE e1.bin_id <= 4985556;
EXPLAIN (ANALYZE, BUFFERS, TIMING OFF, SUMMARY ON, FORMAT TEXT)
WITH
"b0" AS (
    SELECT
        "source"."product_id" AS "__endpoint_product_0",
        "source"."warehouse_id" AS "__endpoint_warehousebin_0",
        "source"."bin_id" AS "__endpoint_warehousebin_1"
    FROM "relation_59" AS "source"
),
"b1" AS (
    SELECT
        "source"."bin_id" AS "bin_id",
        "source"."warehouse_id" AS "__reference_0",
        "source"."bin_id" AS "__reference_1"
    FROM "relation_42" AS "source"
),
"b2" AS (
    SELECT
        "source"."is_active" AS "is_active",
        "source"."product_id" AS "__reference_0"
    FROM "relation_1" AS "source"
    UNION ALL
    SELECT
        "source"."is_active" AS "is_active",
        "source"."physicalproduct_id" AS "__reference_0"
    FROM "relation_2" AS "source"
    UNION ALL
    SELECT
        "source"."is_active" AS "is_active",
        "source"."electronics_id" AS "__reference_0"
    FROM "relation_4" AS "source"
    UNION ALL
    SELECT
        "source"."is_active" AS "is_active",
        "source"."computer_id" AS "__reference_0"
    FROM "relation_5" AS "source"
    UNION ALL
    SELECT
        "source"."is_active" AS "is_active",
        "source"."desktop_id" AS "__reference_0"
    FROM "relation_6" AS "source"
    UNION ALL
    SELECT
        "source"."is_active" AS "is_active",
        "source"."laptop_id" AS "__reference_0"
    FROM "relation_7" AS "source"
    UNION ALL
    SELECT
        "source"."is_active" AS "is_active",
        "source"."tablet_id" AS "__reference_0"
    FROM "relation_8" AS "source"
    UNION ALL
    SELECT
        "source"."is_active" AS "is_active",
        "source"."smartwatch_id" AS "__reference_0"
    FROM "relation_9" AS "source"
    UNION ALL
    SELECT
        "source"."is_active" AS "is_active",
        "source"."camera_id" AS "__reference_0"
    FROM "relation_10" AS "source"
    UNION ALL
    SELECT
        "source"."is_active" AS "is_active",
        "source"."phone_id" AS "__reference_0"
    FROM "relation_11" AS "source"
    UNION ALL
    SELECT
        "source"."is_active" AS "is_active",
        "source"."accessory_id" AS "__reference_0"
    FROM "relation_12" AS "source"
    UNION ALL
    SELECT
        "source"."is_active" AS "is_active",
        "source"."appliance_id" AS "__reference_0"
    FROM "relation_13" AS "source"
    UNION ALL
    SELECT
        "source"."is_active" AS "is_active",
        "source"."kitchenappliance_id" AS "__reference_0"
    FROM "relation_14" AS "source"
    UNION ALL
    SELECT
        "source"."is_active" AS "is_active",
        "source"."apparel_id" AS "__reference_0"
    FROM "relation_15" AS "source"
    UNION ALL
    SELECT
        "source"."is_active" AS "is_active",
        "source"."clothing_id" AS "__reference_0"
    FROM "relation_16" AS "source"
    UNION ALL
    SELECT
        "source"."is_active" AS "is_active",
        "source"."menclothing_id" AS "__reference_0"
    FROM "relation_17" AS "source"
    UNION ALL
    SELECT
        "source"."is_active" AS "is_active",
        "source"."womenclothing_id" AS "__reference_0"
    FROM "relation_18" AS "source"
    UNION ALL
    SELECT
        "source"."is_active" AS "is_active",
        "source"."footwear_id" AS "__reference_0"
    FROM "relation_19" AS "source"
    UNION ALL
    SELECT
        "source"."is_active" AS "is_active",
        "source"."digitalproduct_id" AS "__reference_0"
    FROM "relation_3" AS "source"
    UNION ALL
    SELECT
        "source"."is_active" AS "is_active",
        "source"."media_id" AS "__reference_0"
    FROM "relation_20" AS "source"
    UNION ALL
    SELECT
        "source"."is_active" AS "is_active",
        "source"."software_id" AS "__reference_0"
    FROM "relation_21" AS "source"
),
"b3" AS (
    SELECT
        "source"."bought_together_product_product_id" AS "__endpoint_bought_together_product_id_0",
        "source"."product_id" AS "__endpoint_product_id_0"
    FROM "relation_50" AS "source"
),
"b4" AS (
    SELECT
        "source"."quantity" AS "quantity",
        "source"."product_id" AS "__reference_0"
    FROM "relation_1" AS "source"
    UNION ALL
    SELECT
        "source"."quantity" AS "quantity",
        "source"."physicalproduct_id" AS "__reference_0"
    FROM "relation_2" AS "source"
    UNION ALL
    SELECT
        "source"."quantity" AS "quantity",
        "source"."electronics_id" AS "__reference_0"
    FROM "relation_4" AS "source"
    UNION ALL
    SELECT
        "source"."quantity" AS "quantity",
        "source"."computer_id" AS "__reference_0"
    FROM "relation_5" AS "source"
    UNION ALL
    SELECT
        "source"."quantity" AS "quantity",
        "source"."desktop_id" AS "__reference_0"
    FROM "relation_6" AS "source"
    UNION ALL
    SELECT
        "source"."quantity" AS "quantity",
        "source"."laptop_id" AS "__reference_0"
    FROM "relation_7" AS "source"
    UNION ALL
    SELECT
        "source"."quantity" AS "quantity",
        "source"."tablet_id" AS "__reference_0"
    FROM "relation_8" AS "source"
    UNION ALL
    SELECT
        "source"."quantity" AS "quantity",
        "source"."smartwatch_id" AS "__reference_0"
    FROM "relation_9" AS "source"
    UNION ALL
    SELECT
        "source"."quantity" AS "quantity",
        "source"."camera_id" AS "__reference_0"
    FROM "relation_10" AS "source"
    UNION ALL
    SELECT
        "source"."quantity" AS "quantity",
        "source"."phone_id" AS "__reference_0"
    FROM "relation_11" AS "source"
    UNION ALL
    SELECT
        "source"."quantity" AS "quantity",
        "source"."accessory_id" AS "__reference_0"
    FROM "relation_12" AS "source"
    UNION ALL
    SELECT
        "source"."quantity" AS "quantity",
        "source"."appliance_id" AS "__reference_0"
    FROM "relation_13" AS "source"
    UNION ALL
    SELECT
        "source"."quantity" AS "quantity",
        "source"."kitchenappliance_id" AS "__reference_0"
    FROM "relation_14" AS "source"
    UNION ALL
    SELECT
        "source"."quantity" AS "quantity",
        "source"."apparel_id" AS "__reference_0"
    FROM "relation_15" AS "source"
    UNION ALL
    SELECT
        "source"."quantity" AS "quantity",
        "source"."clothing_id" AS "__reference_0"
    FROM "relation_16" AS "source"
    UNION ALL
    SELECT
        "source"."quantity" AS "quantity",
        "source"."menclothing_id" AS "__reference_0"
    FROM "relation_17" AS "source"
    UNION ALL
    SELECT
        "source"."quantity" AS "quantity",
        "source"."womenclothing_id" AS "__reference_0"
    FROM "relation_18" AS "source"
    UNION ALL
    SELECT
        "source"."quantity" AS "quantity",
        "source"."footwear_id" AS "__reference_0"
    FROM "relation_19" AS "source"
    UNION ALL
    SELECT
        "source"."quantity" AS "quantity",
        "source"."digitalproduct_id" AS "__reference_0"
    FROM "relation_3" AS "source"
    UNION ALL
    SELECT
        "source"."quantity" AS "quantity",
        "source"."media_id" AS "__reference_0"
    FROM "relation_20" AS "source"
    UNION ALL
    SELECT
        "source"."quantity" AS "quantity",
        "source"."software_id" AS "__reference_0"
    FROM "relation_21" AS "source"
)
SELECT 
    "b1"."bin_id" AS "bin_id",
    "b2"."is_active" AS "is_active",
    "b4"."quantity" AS "quantity"
FROM (((("b0" INNER JOIN "b1" ON ("b0"."__endpoint_warehousebin_0" = "b1"."__reference_0" AND "b0"."__endpoint_warehousebin_1" = "b1"."__reference_1")) INNER JOIN "b2" ON ("b0"."__endpoint_product_0" = "b2"."__reference_0")) INNER JOIN "b3" ON ("b3"."__endpoint_bought_together_product_id_0" = "b2"."__reference_0")) INNER JOIN "b4" ON ("b3"."__endpoint_product_id_0" = "b4"."__reference_0"))
WHERE ("b1"."bin_id" <= 4985556);
                                                                        QUERY PLAN                                                                        
----------------------------------------------------------------------------------------------------------------------------------------------------------
 Gather  (cost=155357.55..458569.11 rows=17759 width=12) (actual rows=6358757 loops=1)
   Workers Planned: 2
   Workers Launched: 0
   Buffers: shared hit=657961523 read=16210074
   ->  Nested Loop  (cost=154357.55..455793.21 rows=7400 width=12) (actual rows=6358757 loops=1)
         Buffers: shared hit=657961523 read=16210074
         ->  Nested Loop  (cost=154357.26..356041.27 rows=1325 width=16) (actual rows=6358757 loops=1)
               Buffers: shared hit=329363310 read=7794166
               ->  Parallel Hash Join  (cost=154356.97..320660.62 rows=470 width=16) (actual rows=6358757 loops=1)
                     Hash Cond: (source_23.bought_together_product_product_id = source.product_id)
                     Buffers: shared read=143355
                     ->  Parallel Seq Scan on relation_50 source_23  (cost=0.00..140711.23 rows=6824123 width=8) (actual rows=16378086 loops=1)
                           Buffers: shared read=72470
                     ->  Parallel Hash  (cost=154353.77..154353.77 rows=256 width=8) (actual rows=6525876 loops=1)
                           Buckets: 8388608 (originally 1024)  Batches: 1 (originally 1)  Memory Usage: 386360kB
                           Buffers: shared read=70885
                           ->  Hash Join  (cost=300.78..154353.77 rows=256 width=8) (actual rows=6525876 loops=1)
                                 Hash Cond: ((source.warehouse_id = source_1.warehouse_id) AND (source.bin_id = source_1.bin_id))
                                 Buffers: shared read=70885
                                 ->  Parallel Seq Scan on relation_59 source  (cost=0.00..125396.25 rows=5458425 width=12) (actual rows=13100150 loops=1)
                                       Buffers: shared read=70812
                                 ->  Hash  (cost=215.60..215.60 rows=5679 width=8) (actual rows=5684 loops=1)
                                       Buckets: 8192  Batches: 1  Memory Usage: 287kB
                                       Buffers: shared read=73
                                       ->  Seq Scan on relation_42 source_1  (cost=0.00..215.60 rows=5679 width=8) (actual rows=5684 loops=1)
                                             Filter: (bin_id <= 4985556)
                                             Rows Removed by Filter: 5724
                                             Buffers: shared read=73
               ->  Append  (cost=0.29..75.07 rows=21 width=8) (actual rows=1 loops=6358757)
                     Buffers: shared hit=329363310 read=7650811
                     ->  Index Scan using relation_1_pkey on relation_1 source_24  (cost=0.29..3.48 rows=1 width=8) (actual rows=0 loops=6358757)
                           Index Cond: (product_id = source_23.product_id)
                           Buffers: shared hit=12713758 read=27558
                     ->  Index Scan using relation_2_pkey on relation_2 source_25  (cost=0.29..3.49 rows=1 width=8) (actual rows=0 loops=6358757)
                           Index Cond: (physicalproduct_id = source_23.product_id)
                           Buffers: shared hit=12712218 read=37720
                     ->  Index Scan using relation_4_pkey on relation_4 source_26  (cost=0.43..3.87 rows=1 width=8) (actual rows=1 loops=6358757)
                           Index Cond: (electronics_id = source_23.product_id)
                           Buffers: shared hit=18365811 read=4118667
                     ->  Index Scan using relation_5_pkey on relation_5 source_27  (cost=0.29..3.49 rows=1 width=8) (actual rows=0 loops=6358757)
                           Index Cond: (computer_id = source_23.product_id)
                           Buffers: shared hit=12710626 read=47225
                     ->  Index Scan using relation_6_pkey on relation_6 source_28  (cost=0.43..3.68 rows=1 width=8) (actual rows=0 loops=6358757)
                           Index Cond: (desktop_id = source_23.product_id)
                           Buffers: shared hit=18930721 read=857149
                     ->  Index Scan using relation_7_pkey on relation_7 source_29  (cost=0.29..3.49 rows=1 width=8) (actual rows=0 loops=6358757)
                           Index Cond: (laptop_id = source_23.product_id)
                           Buffers: shared hit=12708940 read=61986
                     ->  Index Scan using relation_8_pkey on relation_8 source_30  (cost=0.29..3.48 rows=1 width=8) (actual rows=0 loops=6358757)
                           Index Cond: (tablet_id = source_23.product_id)
                           Buffers: shared hit=12711542 read=43808
                     ->  Index Scan using relation_9_pkey on relation_9 source_31  (cost=0.42..3.63 rows=1 width=8) (actual rows=0 loops=6358757)
                           Index Cond: (smartwatch_id = source_23.product_id)
                           Buffers: shared hit=19039030 read=214570
                     ->  Index Scan using relation_10_pkey on relation_10 source_32  (cost=0.42..3.62 rows=1 width=8) (actual rows=0 loops=6358757)
                           Index Cond: (camera_id = source_23.product_id)
                           Buffers: shared hit=19065572 read=74218
                     ->  Index Scan using relation_11_pkey on relation_11 source_33  (cost=0.42..3.64 rows=1 width=8) (actual rows=0 loops=6358757)
                           Index Cond: (phone_id = source_23.product_id)
                           Buffers: shared hit=19025121 read=307161
                     ->  Index Scan using relation_12_pkey on relation_12 source_34  (cost=0.29..3.49 rows=1 width=8) (actual rows=0 loops=6358757)
                           Index Cond: (accessory_id = source_23.product_id)
                           Buffers: shared hit=12708580 read=63975
                     ->  Index Scan using relation_13_pkey on relation_13 source_35  (cost=0.29..3.48 rows=1 width=8) (actual rows=0 loops=6358757)
                           Index Cond: (appliance_id = source_23.product_id)
                           Buffers: shared hit=12712927 read=27425
                     ->  Index Scan using relation_14_pkey on relation_14 source_36  (cost=0.42..3.63 rows=1 width=8) (actual rows=0 loops=6358757)
                           Index Cond: (kitchenappliance_id = source_23.product_id)
                           Buffers: shared hit=19058207 read=118284
                     ->  Index Scan using relation_15_pkey on relation_15 source_37  (cost=0.42..3.63 rows=1 width=8) (actual rows=0 loops=6358757)
                           Index Cond: (apparel_id = source_23.product_id)
                           Buffers: shared hit=19049306 read=164973
                     ->  Index Scan using relation_16_pkey on relation_16 source_38  (cost=0.42..3.63 rows=1 width=8) (actual rows=0 loops=6358757)
                           Index Cond: (clothing_id = source_23.product_id)
                           Buffers: shared hit=19053006 read=136186
                     ->  Index Scan using relation_17_pkey on relation_17 source_39  (cost=0.43..3.67 rows=1 width=8) (actual rows=0 loops=6358757)
                           Index Cond: (menclothing_id = source_23.product_id)
                           Buffers: shared hit=18944304 read=770413
                     ->  Index Scan using relation_18_pkey on relation_18 source_40  (cost=0.29..3.49 rows=1 width=8) (actual rows=0 loops=6358757)
                           Index Cond: (womenclothing_id = source_23.product_id)
                           Buffers: shared hit=12710212 read=51657
                     ->  Index Scan using relation_19_pkey on relation_19 source_41  (cost=0.29..3.47 rows=1 width=8) (actual rows=0 loops=6358757)
                           Index Cond: (footwear_id = source_23.product_id)
                           Buffers: shared hit=12715728 read=12486
                     ->  Index Scan using relation_3_pkey on relation_3 source_42  (cost=0.29..3.48 rows=1 width=8) (actual rows=0 loops=6358757)
                           Index Cond: (digitalproduct_id = source_23.product_id)
                           Buffers: shared hit=12713424 read=29190
                     ->  Index Scan using relation_20_pkey on relation_20 source_43  (cost=0.43..3.65 rows=1 width=8) (actual rows=0 loops=6358757)
                           Index Cond: (media_id = source_23.product_id)
                           Buffers: shared hit=18997712 read=479711
                     ->  Index Scan using relation_21_pkey on relation_21 source_44  (cost=0.29..3.47 rows=1 width=8) (actual rows=0 loops=6358757)
                           Index Cond: (software_id = source_23.product_id)
                           Buffers: shared hit=12716565 read=6449
         ->  Append  (cost=0.29..75.07 rows=21 width=8) (actual rows=1 loops=6358757)
               Buffers: shared hit=328598213 read=8415908
               ->  Index Scan using relation_1_pkey on relation_1 source_2  (cost=0.29..3.48 rows=1 width=8) (actual rows=0 loops=6358757)
                     Index Cond: (product_id = source.product_id)
                     Buffers: shared hit=12711142 read=29780
               ->  Index Scan using relation_2_pkey on relation_2 source_3  (cost=0.29..3.49 rows=1 width=8) (actual rows=0 loops=6358757)
                     Index Cond: (physicalproduct_id = source.product_id)
                     Buffers: shared hit=12708624 read=41584
               ->  Index Scan using relation_4_pkey on relation_4 source_4  (cost=0.43..3.88 rows=1 width=8) (actual rows=1 loops=6358757)
                     Index Cond: (electronics_id = source.product_id)
                     Buffers: shared hit=17951921 read=4533124
               ->  Index Scan using relation_5_pkey on relation_5 source_5  (cost=0.29..3.49 rows=1 width=8) (actual rows=0 loops=6358757)
                     Index Cond: (computer_id = source.product_id)
                     Buffers: shared hit=12706119 read=52191
               ->  Index Scan using relation_6_pkey on relation_6 source_6  (cost=0.43..3.68 rows=1 width=8) (actual rows=0 loops=6358757)
                     Index Cond: (desktop_id = source.product_id)
                     Buffers: shared hit=18846198 read=941557
               ->  Index Scan using relation_7_pkey on relation_7 source_7  (cost=0.29..3.49 rows=1 width=8) (actual rows=0 loops=6358757)
                     Index Cond: (laptop_id = source.product_id)
                     Buffers: shared hit=12702620 read=67462
               ->  Index Scan using relation_8_pkey on relation_8 source_8  (cost=0.29..3.48 rows=1 width=8) (actual rows=0 loops=6358757)
                     Index Cond: (tablet_id = source.product_id)
                     Buffers: shared hit=12706656 read=48549
               ->  Index Scan using relation_9_pkey on relation_9 source_9  (cost=0.42..3.63 rows=1 width=8) (actual rows=0 loops=6358757)
                     Index Cond: (smartwatch_id = source.product_id)
                     Buffers: shared hit=19017189 read=237761
               ->  Index Scan using relation_10_pkey on relation_10 source_10  (cost=0.42..3.62 rows=1 width=8) (actual rows=0 loops=6358757)
                     Index Cond: (camera_id = source.product_id)
                     Buffers: shared hit=19057978 read=82158
               ->  Index Scan using relation_11_pkey on relation_11 source_11  (cost=0.42..3.64 rows=1 width=8) (actual rows=0 loops=6358757)
                     Index Cond: (phone_id = source.product_id)
                     Buffers: shared hit=18994978 read=336658
               ->  Index Scan using relation_12_pkey on relation_12 source_12  (cost=0.29..3.49 rows=1 width=8) (actual rows=0 loops=6358757)
                     Index Cond: (accessory_id = source.product_id)
                     Buffers: shared hit=12702003 read=70393
               ->  Index Scan using relation_13_pkey on relation_13 source_13  (cost=0.29..3.48 rows=1 width=8) (actual rows=0 loops=6358757)
                     Index Cond: (appliance_id = source.product_id)
                     Buffers: shared hit=12710166 read=30475
               ->  Index Scan using relation_14_pkey on relation_14 source_14  (cost=0.42..3.63 rows=1 width=8) (actual rows=0 loops=6358757)
                     Index Cond: (kitchenappliance_id = source.product_id)
                     Buffers: shared hit=19046224 read=129993
               ->  Index Scan using relation_15_pkey on relation_15 source_15  (cost=0.42..3.63 rows=1 width=8) (actual rows=0 loops=6358757)
                     Index Cond: (apparel_id = source.product_id)
                     Buffers: shared hit=19033007 read=181036
               ->  Index Scan using relation_16_pkey on relation_16 source_16  (cost=0.42..3.63 rows=1 width=8) (actual rows=0 loops=6358757)
                     Index Cond: (clothing_id = source.product_id)
                     Buffers: shared hit=19039981 read=149566
               ->  Index Scan using relation_17_pkey on relation_17 source_17  (cost=0.43..3.67 rows=1 width=8) (actual rows=0 loops=6358757)
                     Index Cond: (menclothing_id = source.product_id)
                     Buffers: shared hit=18866179 read=848943
               ->  Index Scan using relation_18_pkey on relation_18 source_18  (cost=0.29..3.49 rows=1 width=8) (actual rows=0 loops=6358757)
                     Index Cond: (womenclothing_id = source.product_id)
                     Buffers: shared hit=12705190 read=56033
               ->  Index Scan using relation_19_pkey on relation_19 source_19  (cost=0.29..3.47 rows=1 width=8) (actual rows=0 loops=6358757)
                     Index Cond: (footwear_id = source.product_id)
                     Buffers: shared hit=12714514 read=13765
               ->  Index Scan using relation_3_pkey on relation_3 source_20  (cost=0.29..3.48 rows=1 width=8) (actual rows=0 loops=6358757)
                     Index Cond: (digitalproduct_id = source.product_id)
                     Buffers: shared hit=12710417 read=32631
               ->  Index Scan using relation_20_pkey on relation_20 source_21  (cost=0.43..3.65 rows=1 width=8) (actual rows=0 loops=6358757)
                     Index Cond: (media_id = source.product_id)
                     Buffers: shared hit=18951112 read=525220
               ->  Index Scan using relation_21_pkey on relation_21 source_22  (cost=0.29..3.47 rows=1 width=8) (actual rows=0 loops=6358757)
                     Index Cond: (software_id = source.product_id)
                     Buffers: shared hit=12715995 read=7029
 Planning:
   Buffers: shared hit=3 read=11
 Planning Time: 0.961 ms
 JIT:
   Functions: 237
   Options: Inlining false, Optimization false, Expressions true, Deforming true
 Execution Time: 174631.370 ms
(165 rows)

-- Q098 [selection_projection] occurrence 1/1
-- Original E/R: SELECT e.user_id, e.password_hash FROM User e WHERE e.password_hash < '663fbac28ef983d2a9a257a1fdfe87d570db7cf21f735454baaba71abfbbe744';
EXPLAIN (ANALYZE, BUFFERS, TIMING OFF, SUMMARY ON, FORMAT TEXT)
WITH
"b0" AS (
    SELECT
        "source"."password_hash" AS "password_hash",
        "source"."user_id" AS "user_id"
    FROM "relation_22" AS "source"
    UNION ALL
    SELECT
        "source"."password_hash" AS "password_hash",
        "source"."customer_id" AS "user_id"
    FROM "relation_23" AS "source"
    UNION ALL
    SELECT
        "source"."password_hash" AS "password_hash",
        "source"."primecustomer_id" AS "user_id"
    FROM "relation_24" AS "source"
    UNION ALL
    SELECT
        "source"."password_hash" AS "password_hash",
        "source"."businesscustomer_id" AS "user_id"
    FROM "relation_25" AS "source"
    UNION ALL
    SELECT
        "source"."password_hash" AS "password_hash",
        "source"."employee_id" AS "user_id"
    FROM "relation_26" AS "source"
)
SELECT 
    "b0"."user_id" AS "user_id",
    "b0"."password_hash" AS "password_hash"
FROM "b0"
WHERE ("b0"."password_hash" < '663fbac28ef983d2a9a257a1fdfe87d570db7cf21f735454baaba71abfbbe744');
                                                     QUERY PLAN                                                     
--------------------------------------------------------------------------------------------------------------------
 Append  (cost=0.00..66966.16 rows=616483 width=69) (actual rows=615437 loops=1)
   Buffers: shared read=44627
   ->  Seq Scan on relation_22 source  (cost=0.00..9575.94 rows=111424 width=69) (actual rows=111171 loops=1)
         Filter: ((password_hash)::text < '663fbac28ef983d2a9a257a1fdfe87d570db7cf21f735454baaba71abfbbe744'::text)
         Rows Removed by Filter: 167384
         Buffers: shared read=6094
   ->  Seq Scan on relation_23 source_1  (cost=0.00..1550.31 rows=14977 width=69) (actual rows=14925 loops=1)
         Filter: ((password_hash)::text < '663fbac28ef983d2a9a257a1fdfe87d570db7cf21f735454baaba71abfbbe744'::text)
         Rows Removed by Filter: 22060
         Buffers: shared read=1088
   ->  Seq Scan on relation_24 source_2  (cost=0.00..4963.00 rows=39998 width=69) (actual rows=40057 loops=1)
         Filter: ((password_hash)::text < '663fbac28ef983d2a9a257a1fdfe87d570db7cf21f735454baaba71abfbbe744'::text)
         Rows Removed by Filter: 59943
         Buffers: shared read=3713
   ->  Seq Scan on relation_25 source_3  (cost=0.00..39700.00 rows=359432 width=69) (actual rows=359027 loops=1)
         Filter: ((password_hash)::text < '663fbac28ef983d2a9a257a1fdfe87d570db7cf21f735454baaba71abfbbe744'::text)
         Rows Removed by Filter: 540973
         Buffers: shared read=28450
   ->  Seq Scan on relation_26 source_4  (cost=0.00..8094.50 rows=90652 width=69) (actual rows=90257 loops=1)
         Filter: ((password_hash)::text < '663fbac28ef983d2a9a257a1fdfe87d570db7cf21f735454baaba71abfbbe744'::text)
         Rows Removed by Filter: 134743
         Buffers: shared read=5282
 Planning Time: 0.122 ms
 Execution Time: 167.088 ms
(24 rows)

-- Q099 [selection_projection] occurrence 1/1
-- Original E/R: SELECT DISTINCT e.sku FROM Apparel e WHERE e.is_active < 1;
EXPLAIN (ANALYZE, BUFFERS, TIMING OFF, SUMMARY ON, FORMAT TEXT)
WITH
"b0" AS (
    SELECT
        "source"."is_active" AS "is_active",
        "source"."sku" AS "sku"
    FROM "relation_15" AS "source"
    UNION ALL
    SELECT
        "source"."is_active" AS "is_active",
        "source"."sku" AS "sku"
    FROM "relation_16" AS "source"
    UNION ALL
    SELECT
        "source"."is_active" AS "is_active",
        "source"."sku" AS "sku"
    FROM "relation_17" AS "source"
    UNION ALL
    SELECT
        "source"."is_active" AS "is_active",
        "source"."sku" AS "sku"
    FROM "relation_18" AS "source"
    UNION ALL
    SELECT
        "source"."is_active" AS "is_active",
        "source"."sku" AS "sku"
    FROM "relation_19" AS "source"
)
SELECT DISTINCT 
    "b0"."sku" AS "sku"
FROM "b0"
WHERE ("b0"."is_active" < 1);
                                                                    QUERY PLAN                                                                    
--------------------------------------------------------------------------------------------------------------------------------------------------
 Unique  (cost=71668.39..71670.39 rows=200 width=18) (actual rows=375253 loops=1)
   Buffers: shared hit=579 read=55532
   ->  Sort  (cost=71668.39..71669.39 rows=400 width=18) (actual rows=375253 loops=1)
         Sort Key: source_2.sku
         Sort Method: quicksort  Memory: 24015kB
         Buffers: shared hit=579 read=55532
         ->  Gather  (cost=71609.11..71651.11 rows=400 width=18) (actual rows=375253 loops=1)
               Workers Planned: 2
               Workers Launched: 0
               Buffers: shared hit=579 read=55532
               ->  HashAggregate  (cost=70609.11..70611.11 rows=200 width=18) (actual rows=375253 loops=1)
                     Group Key: source_2.sku
                     Batches: 1  Memory Usage: 40993kB
                     Buffers: shared hit=579 read=55532
                     ->  Parallel Append  (cost=0.00..70219.01 rows=156039 width=18) (actual rows=375253 loops=1)
                           Buffers: shared hit=579 read=55532
                           ->  Parallel Seq Scan on relation_17 source_2  (cost=0.00..47402.46 rows=105254 width=18) (actual rows=253823 loops=1)
                                 Filter: (is_active < 1)
                                 Rows Removed by Filter: 1436177
                                 Buffers: shared hit=379 read=38221
                           ->  Parallel Seq Scan on relation_15 source  (cost=0.00..9581.80 rows=22848 width=18) (actual rows=54655 loops=1)
                                 Filter: (is_active < 1)
                                 Rows Removed by Filter: 310107
                                 Buffers: shared hit=87 read=7595
                           ->  Parallel Seq Scan on relation_16 source_1  (cost=0.00..8078.99 rows=18790 width=18) (actual rows=44707 loops=1)
                                 Filter: (is_active < 1)
                                 Rows Removed by Filter: 253275
                                 Buffers: shared hit=66 read=6461
                           ->  Parallel Seq Scan on relation_18 source_3  (cost=0.00..3537.96 rows=10388 width=18) (actual rows=17775 loops=1)
                                 Filter: (is_active < 1)
                                 Rows Removed by Filter: 99587
                                 Buffers: shared hit=37 read=2638
                           ->  Parallel Seq Scan on relation_19 source_4  (cost=0.00..837.60 rows=2525 width=18) (actual rows=4293 loops=1)
                                 Filter: (is_active < 1)
                                 Rows Removed by Filter: 24349
                                 Buffers: shared hit=10 read=617
 Planning Time: 0.090 ms
 Execution Time: 880.384 ms
(38 rows)

-- Q100 [weak_owner] occurrence 1/1
-- Original E/R: SELECT w.bin_id, w.code, o.warehouse_name FROM WarehouseBin w JOIN Warehouse o ON OWNER(w) = REF(o) WHERE w.code < 'Pl-104-pP';
EXPLAIN (ANALYZE, BUFFERS, TIMING OFF, SUMMARY ON, FORMAT TEXT)
WITH
"b0" AS (
    SELECT
        "source"."bin_id" AS "bin_id",
        "source"."code" AS "code",
        "source"."warehouse_id" AS "__owner_0"
    FROM "relation_42" AS "source"
),
"b1" AS (
    SELECT
        "source"."warehouse_name" AS "warehouse_name",
        "source"."warehouse_id" AS "__reference_0"
    FROM "relation_41" AS "source"
)
SELECT 
    "b0"."bin_id" AS "bin_id",
    "b0"."code" AS "code",
    "b1"."warehouse_name" AS "warehouse_name"
FROM ("b0" INNER JOIN "b1" ON ("b0"."__owner_0" = "b1"."__reference_0"))
WHERE ("b0"."code" < 'Pl-104-pP');
                                                  QUERY PLAN                                                   
---------------------------------------------------------------------------------------------------------------
 Hash Join  (cost=299.77..2571.80 rows=6734 width=31) (actual rows=6739 loops=1)
   Hash Cond: (source_1.warehouse_id = source.warehouse_id)
   Buffers: shared read=738
   ->  Seq Scan on relation_41 source_1  (cost=0.00..1544.82 rows=87982 width=21) (actual rows=87982 loops=1)
         Buffers: shared read=665
   ->  Hash  (cost=215.60..215.60 rows=6734 width=18) (actual rows=6739 loops=1)
         Buckets: 8192  Batches: 1  Memory Usage: 407kB
         Buffers: shared read=73
         ->  Seq Scan on relation_42 source  (cost=0.00..215.60 rows=6734 width=18) (actual rows=6739 loops=1)
               Filter: ((code)::text < 'Pl-104-pP'::text)
               Rows Removed by Filter: 4669
               Buffers: shared read=73
 Planning:
   Buffers: shared hit=4 read=8
 Planning Time: 0.153 ms
 Execution Time: 7.658 ms
(16 rows)

ROLLBACK;
ROLLBACK
