\set ON_ERROR_STOP on
\pset pager off
Pager usage is off.
-- CompileDB mapping-aware relational workload
-- Conceptual workload: example2_selectivity_aligned_100_w01
-- Mapping ID: fa68ce77642be474c0e91514ccfa5d29b037566d0f2e42ffd246fae48a9fc668
-- Query shapes: 100
-- Executed statements: 100
BEGIN TRANSACTION READ ONLY;
BEGIN
-- Q001 [selection_projection] occurrence 1/1
-- Original E/R: SELECT p.product_name, p.base_price FROM Product p WHERE p.base_price > 13 AND p.is_active = 1;
EXPLAIN (ANALYZE, BUFFERS, TIMING OFF, SUMMARY ON, FORMAT TEXT)
WITH
"b0" AS (
    SELECT
        "source"."base_price" AS "base_price",
        "source"."is_active" AS "is_active",
        "source"."product_name" AS "product_name"
    FROM "relation_1" AS "source"
)
SELECT 
    "b0"."product_name" AS "product_name",
    "b0"."base_price" AS "base_price"
FROM "b0"
WHERE (("b0"."base_price" > 13) AND ("b0"."is_active" = 1));
                                                 QUERY PLAN                                                  
-------------------------------------------------------------------------------------------------------------
 Seq Scan on relation_1 source  (cost=0.00..671279.86 rows=14192119 width=38) (actual rows=14203043 loops=1)
   Filter: ((base_price > 13) AND (is_active = 1))
   Rows Removed by Filter: 2593744
   Buffers: shared hit=388 read=418884 dirtied=1
 Planning:
   Buffers: shared hit=105
 Planning Time: 0.238 ms
 JIT:
   Functions: 4
   Options: Inlining true, Optimization true, Expressions true, Deforming true
 Execution Time: 1032.048 ms
(11 rows)

-- Q002 [selection_projection] occurrence 1/1
-- Original E/R: SELECT p.sku, p.product_name, p.quantity, p.mv_attributes FROM Product p WHERE p.quantity < 253;
EXPLAIN (ANALYZE, BUFFERS, TIMING OFF, SUMMARY ON, FORMAT TEXT)
WITH
"b0" AS (
    SELECT
        "source"."mv_attributes" AS "mv_attributes",
        "source"."product_name" AS "product_name",
        "source"."quantity" AS "quantity",
        "source"."sku" AS "sku"
    FROM "relation_1" AS "source"
)
SELECT 
    "b0"."sku" AS "sku",
    "b0"."product_name" AS "product_name",
    "b0"."quantity" AS "quantity",
    "b0"."mv_attributes" AS "mv_attributes"
FROM "b0"
WHERE ("b0"."quantity" < 253);
                                                  QUERY PLAN                                                  
--------------------------------------------------------------------------------------------------------------
 Seq Scan on relation_1 source  (cost=0.00..629278.55 rows=16652661 width=114) (actual rows=16636205 loops=1)
   Filter: (quantity < 253)
   Rows Removed by Filter: 160582
   Buffers: shared hit=420 read=418852
 Planning:
   Buffers: shared hit=12
 Planning Time: 0.056 ms
 JIT:
   Functions: 4
   Options: Inlining true, Optimization true, Expressions true, Deforming true
 Execution Time: 1039.444 ms
(11 rows)

-- Q003 [selection_projection] occurrence 1/1
-- Original E/R: SELECT DISTINCT p.product_name FROM Product p WHERE p.base_price IN (42, 57, 58);
EXPLAIN (ANALYZE, BUFFERS, TIMING OFF, SUMMARY ON, FORMAT TEXT)
WITH
"b0" AS (
    SELECT
        "source"."base_price" AS "base_price",
        "source"."product_name" AS "product_name"
    FROM "relation_1" AS "source"
)
SELECT DISTINCT 
    "b0"."product_name" AS "product_name"
FROM "b0"
WHERE ("b0"."base_price" IN (42, 57, 58));
                                                             QUERY PLAN                                                             
------------------------------------------------------------------------------------------------------------------------------------
 HashAggregate  (cost=541900.73..544234.13 rows=233340 width=34) (actual rows=242055 loops=1)
   Group Key: source.product_name
   Batches: 1  Memory Usage: 32785kB
   Buffers: shared hit=452 read=418820
   ->  Gather  (cost=516816.68..541317.38 rows=233340 width=34) (actual rows=242055 loops=1)
         Workers Planned: 2
         Workers Launched: 0
         Buffers: shared hit=452 read=418820
         ->  HashAggregate  (cost=515816.68..516983.38 rows=116670 width=34) (actual rows=242055 loops=1)
               Group Key: source.product_name
               Batches: 1  Memory Usage: 32785kB
               Buffers: shared hit=452 read=418820
               ->  Parallel Seq Scan on relation_1 source  (cost=0.00..515525.00 rows=116670 width=34) (actual rows=275463 loops=1)
                     Filter: (base_price = ANY ('{42,57,58}'::integer[]))
                     Rows Removed by Filter: 16521324
                     Buffers: shared hit=452 read=418820
 Planning:
   Buffers: shared hit=52
 Planning Time: 0.099 ms
 JIT:
   Functions: 11
   Options: Inlining true, Optimization true, Expressions true, Deforming true
 Execution Time: 1128.209 ms
(23 rows)

-- Q004 [selection_projection] occurrence 1/1
-- Original E/R: SELECT pp.product_name, pp.dimensions FROM PhysicalProduct pp WHERE pp.base_price >= 18;
EXPLAIN (ANALYZE, BUFFERS, TIMING OFF, SUMMARY ON, FORMAT TEXT)
WITH
"b0" AS (
    SELECT
        "source"."dimensions" AS "dimensions",
        "source"."base_price" AS "base_price",
        "source"."product_name" AS "product_name"
    FROM "relation_1" AS "source"
    WHERE ("source"."role" IN ('physicalproduct', 'apparel', 'clothing', 'menclothing', 'womenclothing', 'footwear', 'appliance', 'kitchenappliance', 'electronics', 'accessory', 'camera', 'computer', 'desktop', 'laptop', 'phone', 'smartwatch', 'tablet'))
)
SELECT 
    "b0"."product_name" AS "product_name",
    "b0"."dimensions" AS "dimensions"
FROM "b0"
WHERE ("b0"."base_price" >= 18);
                                                                                                                    QUERY PLAN                                                                                                                     
---------------------------------------------------------------------------------------------------------------------------------------------------------------------------------------------------------------------------------------------------
 Seq Scan on relation_1 source  (cost=0.04..713281.21 rows=15370578 width=40) (actual rows=15412407 loops=1)
   Filter: ((base_price >= 18) AND ((role)::text = ANY ('{physicalproduct,apparel,clothing,menclothing,womenclothing,footwear,appliance,kitchenappliance,electronics,accessory,camera,computer,desktop,laptop,phone,smartwatch,tablet}'::text[])))
   Rows Removed by Filter: 1384380
   Buffers: shared hit=484 read=418788
 Planning:
   Buffers: shared hit=55
 Planning Time: 0.099 ms
 JIT:
   Functions: 4
   Options: Inlining true, Optimization true, Expressions true, Deforming true
 Execution Time: 1403.851 ms
(11 rows)

-- Q005 [selection_projection] occurrence 1/1
-- Original E/R: SELECT dp.product_name, dp.delivery_type FROM DigitalProduct dp WHERE dp.is_active = 1;
EXPLAIN (ANALYZE, BUFFERS, TIMING OFF, SUMMARY ON, FORMAT TEXT)
WITH
"b0" AS (
    SELECT
        "source"."delivery_type" AS "delivery_type",
        "source"."is_active" AS "is_active",
        "source"."product_name" AS "product_name"
    FROM "relation_1" AS "source"
    WHERE ("source"."role" IN ('digitalproduct', 'media', 'software'))
)
SELECT 
    "b0"."product_name" AS "product_name",
    "b0"."delivery_type" AS "delivery_type"
FROM "b0"
WHERE ("b0"."is_active" = 1);
                                                       QUERY PLAN                                                       
------------------------------------------------------------------------------------------------------------------------
 Gather  (cost=1000.00..634354.65 rows=1003291 width=44) (actual rows=967768 loops=1)
   Workers Planned: 2
   Workers Launched: 0
   Buffers: shared hit=516 read=418756
   ->  Parallel Seq Scan on relation_1 source  (cost=0.00..533025.55 rows=418038 width=44) (actual rows=967768 loops=1)
         Filter: ((is_active = 1) AND ((role)::text = ANY ('{digitalproduct,media,software}'::text[])))
         Rows Removed by Filter: 15829019
         Buffers: shared hit=516 read=418756
 Planning:
   Buffers: shared hit=3
 Planning Time: 0.061 ms
 JIT:
   Functions: 4
   Options: Inlining true, Optimization true, Expressions true, Deforming true
 Execution Time: 1177.976 ms
(15 rows)

-- Q006 [selection_projection] occurrence 1/1
-- Original E/R: SELECT e.product_name, e.warranty_months FROM Electronics e WHERE e.warranty_months >= 6 AND e.base_price > 29;
EXPLAIN (ANALYZE, BUFFERS, TIMING OFF, SUMMARY ON, FORMAT TEXT)
WITH
"b0" AS (
    SELECT
        "source"."warranty_months" AS "warranty_months",
        "source"."base_price" AS "base_price",
        "source"."product_name" AS "product_name"
    FROM "relation_1" AS "source"
    WHERE ("source"."role" IN ('electronics', 'accessory', 'camera', 'computer', 'desktop', 'laptop', 'phone', 'smartwatch', 'tablet'))
)
SELECT 
    "b0"."product_name" AS "product_name",
    "b0"."warranty_months" AS "warranty_months"
FROM "b0"
WHERE (("b0"."warranty_months" >= 6) AND ("b0"."base_price" > 29));
                                                                                  QUERY PLAN                                                                                  
------------------------------------------------------------------------------------------------------------------------------------------------------------------------------
 Seq Scan on relation_1 source  (cost=0.02..755282.50 rows=8519456 width=38) (actual rows=11458741 loops=1)
   Filter: ((warranty_months >= 6) AND (base_price > 29) AND ((role)::text = ANY ('{electronics,accessory,camera,computer,desktop,laptop,phone,smartwatch,tablet}'::text[])))
   Rows Removed by Filter: 5338046
   Buffers: shared hit=548 read=418724
 Planning:
   Buffers: shared hit=3
 Planning Time: 0.096 ms
 JIT:
   Functions: 4
   Options: Inlining true, Optimization true, Expressions true, Deforming true
 Execution Time: 1306.418 ms
(11 rows)

-- Q007 [selection_projection] occurrence 1/1
-- Original E/R: SELECT c.product_name, c.cpu, c.ram_gb FROM Computer c WHERE c.ram_gb >= 8;
EXPLAIN (ANALYZE, BUFFERS, TIMING OFF, SUMMARY ON, FORMAT TEXT)
WITH
"b0" AS (
    SELECT
        "source"."cpu" AS "cpu",
        "source"."ram_gb" AS "ram_gb",
        "source"."product_name" AS "product_name"
    FROM "relation_1" AS "source"
    WHERE ("source"."role" IN ('computer', 'desktop', 'laptop'))
)
SELECT 
    "b0"."product_name" AS "product_name",
    "b0"."cpu" AS "cpu",
    "b0"."ram_gb" AS "ram_gb"
FROM "b0"
WHERE ("b0"."ram_gb" >= 8);
                                                       QUERY PLAN                                                        
-------------------------------------------------------------------------------------------------------------------------
 Gather  (cost=1000.00..559880.05 rows=258545 width=46) (actual rows=2040036 loops=1)
   Workers Planned: 2
   Workers Launched: 0
   Buffers: shared hit=580 read=418692
   ->  Parallel Seq Scan on relation_1 source  (cost=0.00..533025.55 rows=107727 width=46) (actual rows=2040036 loops=1)
         Filter: ((ram_gb >= 8) AND ((role)::text = ANY ('{computer,desktop,laptop}'::text[])))
         Rows Removed by Filter: 14756751
         Buffers: shared hit=580 read=418692
 Planning:
   Buffers: shared hit=6
 Planning Time: 0.065 ms
 JIT:
   Functions: 4
   Options: Inlining true, Optimization true, Expressions true, Deforming true
 Execution Time: 961.026 ms
(15 rows)

-- Q008 [selection_projection] occurrence 1/1
-- Original E/R: SELECT d.product_name, d.cpu, d.form_factor FROM Desktop d WHERE d.base_price > 17;
EXPLAIN (ANALYZE, BUFFERS, TIMING OFF, SUMMARY ON, FORMAT TEXT)
WITH
"b0" AS (
    SELECT
        "source"."cpu" AS "cpu",
        "source"."form_factor" AS "form_factor",
        "source"."base_price" AS "base_price",
        "source"."product_name" AS "product_name"
    FROM "relation_1" AS "source"
    WHERE ("source"."role" IN ('desktop'))
)
SELECT 
    "b0"."product_name" AS "product_name",
    "b0"."cpu" AS "cpu",
    "b0"."form_factor" AS "form_factor"
FROM "b0"
WHERE ("b0"."base_price" > 17);
                                                QUERY PLAN                                                 
-----------------------------------------------------------------------------------------------------------
 Seq Scan on relation_1 source  (cost=0.00..671279.86 rows=1855677 width=49) (actual rows=1855489 loops=1)
   Filter: ((base_price > 17) AND ((role)::text = 'desktop'::text))
   Rows Removed by Filter: 14941298
   Buffers: shared hit=612 read=418660
 Planning:
   Buffers: shared hit=3
 Planning Time: 0.055 ms
 JIT:
   Functions: 4
   Options: Inlining true, Optimization true, Expressions true, Deforming true
 Execution Time: 931.005 ms
(11 rows)

-- Q009 [selection_projection] occurrence 1/1
-- Original E/R: SELECT l.product_name, l.ram_gb, l.battery_wh FROM Laptop l WHERE l.battery_wh >= 46;
EXPLAIN (ANALYZE, BUFFERS, TIMING OFF, SUMMARY ON, FORMAT TEXT)
WITH
"b0" AS (
    SELECT
        "source"."ram_gb" AS "ram_gb",
        "source"."battery_wh" AS "battery_wh",
        "source"."product_name" AS "product_name"
    FROM "relation_1" AS "source"
    WHERE ("source"."role" IN ('laptop'))
)
SELECT 
    "b0"."product_name" AS "product_name",
    "b0"."ram_gb" AS "ram_gb",
    "b0"."battery_wh" AS "battery_wh"
FROM "b0"
WHERE ("b0"."battery_wh" >= 46);
                                                     QUERY PLAN                                                      
---------------------------------------------------------------------------------------------------------------------
 Gather  (cost=1000.00..525391.18 rows=1159 width=42) (actual rows=125994 loops=1)
   Workers Planned: 2
   Workers Launched: 0
   Buffers: shared hit=644 read=418628
   ->  Parallel Seq Scan on relation_1 source  (cost=0.00..524275.28 rows=483 width=42) (actual rows=125994 loops=1)
         Filter: ((battery_wh >= 46) AND ((role)::text = 'laptop'::text))
         Rows Removed by Filter: 16670793
         Buffers: shared hit=644 read=418628
 Planning:
   Buffers: shared hit=3
 Planning Time: 0.059 ms
 JIT:
   Functions: 4
   Options: Inlining true, Optimization true, Expressions true, Deforming true
 Execution Time: 876.647 ms
(15 rows)

-- Q010 [selection_projection] occurrence 1/1
-- Original E/R: SELECT t.product_name, t.screen_size_in FROM Tablet t WHERE t.screen_size_in IN (11, 10, 13);
EXPLAIN (ANALYZE, BUFFERS, TIMING OFF, SUMMARY ON, FORMAT TEXT)
WITH
"b0" AS (
    SELECT
        "source"."product_name" AS "product_name",
        "source"."screen_size_in" AS "screen_size_in"
    FROM "relation_1" AS "source"
    WHERE ("source"."role" IN ('tablet'))
)
SELECT 
    "b0"."product_name" AS "product_name",
    "b0"."screen_size_in" AS "screen_size_in"
FROM "b0"
WHERE ("b0"."screen_size_in" IN (11, 10, 13));
                                                     QUERY PLAN                                                     
--------------------------------------------------------------------------------------------------------------------
 Gather  (cost=1000.00..534094.65 rows=691 width=38) (actual rows=88027 loops=1)
   Workers Planned: 2
   Workers Launched: 0
   Buffers: shared hit=676 read=418596
   ->  Parallel Seq Scan on relation_1 source  (cost=0.00..533025.55 rows=288 width=38) (actual rows=88027 loops=1)
         Filter: (((role)::text = 'tablet'::text) AND (screen_size_in = ANY ('{11,10,13}'::integer[])))
         Rows Removed by Filter: 16708760
         Buffers: shared hit=676 read=418596
 Planning:
   Buffers: shared hit=3
 Planning Time: 0.065 ms
 JIT:
   Functions: 4
   Options: Inlining true, Optimization true, Expressions true, Deforming true
 Execution Time: 965.391 ms
(15 rows)

-- Q011 [selection_projection] occurrence 1/1
-- Original E/R: SELECT s.product_name, s.band_size FROM Smartwatch s WHERE s.is_active = 1;
EXPLAIN (ANALYZE, BUFFERS, TIMING OFF, SUMMARY ON, FORMAT TEXT)
WITH
"b0" AS (
    SELECT
        "source"."is_active" AS "is_active",
        "source"."product_name" AS "product_name",
        "source"."band_size" AS "band_size"
    FROM "relation_1" AS "source"
    WHERE ("source"."role" IN ('smartwatch'))
)
SELECT 
    "b0"."product_name" AS "product_name",
    "b0"."band_size" AS "band_size"
FROM "b0"
WHERE ("b0"."is_active" = 1);
                                                       QUERY PLAN                                                       
------------------------------------------------------------------------------------------------------------------------
 Gather  (cost=1000.00..563201.68 rows=379264 width=36) (actual rows=398599 loops=1)
   Workers Planned: 2
   Workers Launched: 0
   Buffers: shared hit=708 read=418564
   ->  Parallel Seq Scan on relation_1 source  (cost=0.00..524275.28 rows=158027 width=36) (actual rows=398599 loops=1)
         Filter: (((role)::text = 'smartwatch'::text) AND (is_active = 1))
         Rows Removed by Filter: 16398188
         Buffers: shared hit=708 read=418564
 Planning:
   Buffers: shared hit=3
 Planning Time: 0.055 ms
 JIT:
   Functions: 4
   Options: Inlining true, Optimization true, Expressions true, Deforming true
 Execution Time: 899.228 ms
(15 rows)

-- Q012 [selection_projection] occurrence 1/1
-- Original E/R: SELECT c.product_name, c.sensor_mp FROM Camera c WHERE c.sensor_mp >= 20;
EXPLAIN (ANALYZE, BUFFERS, TIMING OFF, SUMMARY ON, FORMAT TEXT)
WITH
"b0" AS (
    SELECT
        "source"."sensor_mp" AS "sensor_mp",
        "source"."product_name" AS "product_name"
    FROM "relation_1" AS "source"
    WHERE ("source"."role" IN ('camera'))
)
SELECT 
    "b0"."product_name" AS "product_name",
    "b0"."sensor_mp" AS "sensor_mp"
FROM "b0"
WHERE ("b0"."sensor_mp" >= 20);
                                                     QUERY PLAN                                                      
---------------------------------------------------------------------------------------------------------------------
 Gather  (cost=1000.00..525409.08 rows=1338 width=38) (actual rows=145316 loops=1)
   Workers Planned: 2
   Workers Launched: 0
   Buffers: shared hit=740 read=418532
   ->  Parallel Seq Scan on relation_1 source  (cost=0.00..524275.28 rows=558 width=38) (actual rows=145316 loops=1)
         Filter: ((sensor_mp >= 20) AND ((role)::text = 'camera'::text))
         Rows Removed by Filter: 16651471
         Buffers: shared hit=740 read=418532
 Planning:
   Buffers: shared hit=3
 Planning Time: 0.066 ms
 JIT:
   Functions: 4
   Options: Inlining true, Optimization true, Expressions true, Deforming true
 Execution Time: 897.033 ms
(15 rows)

-- Q013 [selection_projection] occurrence 1/1
-- Original E/R: SELECT p.product_name, p.carrier_lock FROM Phone p WHERE p.carrier_lock = 'unlocked';
EXPLAIN (ANALYZE, BUFFERS, TIMING OFF, SUMMARY ON, FORMAT TEXT)
WITH
"b0" AS (
    SELECT
        "source"."carrier_lock" AS "carrier_lock",
        "source"."product_name" AS "product_name"
    FROM "relation_1" AS "source"
    WHERE ("source"."role" IN ('phone'))
)
SELECT 
    "b0"."product_name" AS "product_name",
    "b0"."carrier_lock" AS "carrier_lock"
FROM "b0"
WHERE ("b0"."carrier_lock" = 'unlocked');
                                                      QUERY PLAN                                                      
----------------------------------------------------------------------------------------------------------------------
 Gather  (cost=1000.00..526924.88 rows=16496 width=42) (actual rows=473998 loops=1)
   Workers Planned: 2
   Workers Launched: 0
   Buffers: shared hit=772 read=418500
   ->  Parallel Seq Scan on relation_1 source  (cost=0.00..524275.28 rows=6873 width=42) (actual rows=473998 loops=1)
         Filter: (((role)::text = 'phone'::text) AND ((carrier_lock)::text = 'unlocked'::text))
         Rows Removed by Filter: 16322789
         Buffers: shared hit=772 read=418500
 Planning:
   Buffers: shared hit=3
 Planning Time: 0.056 ms
 JIT:
   Functions: 4
   Options: Inlining true, Optimization true, Expressions true, Deforming true
 Execution Time: 986.725 ms
(15 rows)

-- Q014 [selection_projection] occurrence 1/1
-- Original E/R: SELECT a.product_name, a.accessory_type FROM Accessory a WHERE a.base_price > 41;
EXPLAIN (ANALYZE, BUFFERS, TIMING OFF, SUMMARY ON, FORMAT TEXT)
WITH
"b0" AS (
    SELECT
        "source"."accessory_type" AS "accessory_type",
        "source"."base_price" AS "base_price",
        "source"."product_name" AS "product_name"
    FROM "relation_1" AS "source"
    WHERE ("source"."role" IN ('accessory'))
)
SELECT 
    "b0"."product_name" AS "product_name",
    "b0"."accessory_type" AS "accessory_type"
FROM "b0"
WHERE ("b0"."base_price" > 41);
                                                      QUERY PLAN                                                       
-----------------------------------------------------------------------------------------------------------------------
 Gather  (cost=1000.00..537738.18 rows=124629 width=40) (actual rows=129544 loops=1)
   Workers Planned: 2
   Workers Launched: 0
   Buffers: shared hit=804 read=418468
   ->  Parallel Seq Scan on relation_1 source  (cost=0.00..524275.28 rows=51929 width=40) (actual rows=129544 loops=1)
         Filter: ((base_price > 41) AND ((role)::text = 'accessory'::text))
         Rows Removed by Filter: 16667243
         Buffers: shared hit=804 read=418468
 Planning:
   Buffers: shared hit=3
 Planning Time: 0.058 ms
 JIT:
   Functions: 4
   Options: Inlining true, Optimization true, Expressions true, Deforming true
 Execution Time: 905.527 ms
(15 rows)

-- Q015 [selection_projection] occurrence 1/1
-- Original E/R: SELECT a.product_name, a.energy_rating FROM Appliance a WHERE a.energy_rating IN ('A', 'A+');
EXPLAIN (ANALYZE, BUFFERS, TIMING OFF, SUMMARY ON, FORMAT TEXT)
WITH
"b0" AS (
    SELECT
        "source"."energy_rating" AS "energy_rating",
        "source"."product_name" AS "product_name"
    FROM "relation_1" AS "source"
    WHERE ("source"."role" IN ('appliance', 'kitchenappliance'))
)
SELECT 
    "b0"."product_name" AS "product_name",
    "b0"."energy_rating" AS "energy_rating"
FROM "b0"
WHERE ("b0"."energy_rating" IN ('A', 'A+'));
                                                              QUERY PLAN                                                              
--------------------------------------------------------------------------------------------------------------------------------------
 Gather  (cost=1000.00..525661.08 rows=3858 width=36) (actual rows=172001 loops=1)
   Workers Planned: 2
   Workers Launched: 0
   Buffers: shared hit=836 read=418436
   ->  Parallel Seq Scan on relation_1 source  (cost=0.00..524275.28 rows=1608 width=36) (actual rows=172001 loops=1)
         Filter: (((role)::text = ANY ('{appliance,kitchenappliance}'::text[])) AND ((energy_rating)::text = ANY ('{A,A+}'::text[])))
         Rows Removed by Filter: 16624786
         Buffers: shared hit=836 read=418436
 Planning:
   Buffers: shared hit=3
 Planning Time: 0.062 ms
 JIT:
   Functions: 4
   Options: Inlining true, Optimization true, Expressions true, Deforming true
 Execution Time: 1275.809 ms
(15 rows)

-- Q016 [selection_projection] occurrence 1/1
-- Original E/R: SELECT k.product_name, k.energy_rating, k.warranty_years FROM KitchenAppliance k WHERE k.warranty_years >= 1;
EXPLAIN (ANALYZE, BUFFERS, TIMING OFF, SUMMARY ON, FORMAT TEXT)
WITH
"b0" AS (
    SELECT
        "source"."energy_rating" AS "energy_rating",
        "source"."warranty_years" AS "warranty_years",
        "source"."product_name" AS "product_name"
    FROM "relation_1" AS "source"
    WHERE ("source"."role" IN ('kitchenappliance'))
)
SELECT 
    "b0"."product_name" AS "product_name",
    "b0"."energy_rating" AS "energy_rating",
    "b0"."warranty_years" AS "warranty_years"
FROM "b0"
WHERE ("b0"."warranty_years" >= 1);
                                                      QUERY PLAN                                                      
----------------------------------------------------------------------------------------------------------------------
 Gather  (cost=1000.00..525732.68 rows=4574 width=40) (actual rows=264063 loops=1)
   Workers Planned: 2
   Workers Launched: 0
   Buffers: shared hit=868 read=418404
   ->  Parallel Seq Scan on relation_1 source  (cost=0.00..524275.28 rows=1906 width=40) (actual rows=264063 loops=1)
         Filter: ((warranty_years >= 1) AND ((role)::text = 'kitchenappliance'::text))
         Rows Removed by Filter: 16532724
         Buffers: shared hit=868 read=418404
 Planning:
   Buffers: shared hit=3
 Planning Time: 0.058 ms
 JIT:
   Functions: 4
   Options: Inlining true, Optimization true, Expressions true, Deforming true
 Execution Time: 945.203 ms
(15 rows)

-- Q017 [selection_projection] occurrence 1/1
-- Original E/R: SELECT a.product_name, a.size_system FROM Apparel a WHERE a.quantity > 3;
EXPLAIN (ANALYZE, BUFFERS, TIMING OFF, SUMMARY ON, FORMAT TEXT)
WITH
"b0" AS (
    SELECT
        "source"."size_system" AS "size_system",
        "source"."product_name" AS "product_name",
        "source"."quantity" AS "quantity"
    FROM "relation_1" AS "source"
    WHERE ("source"."role" IN ('apparel', 'clothing', 'menclothing', 'womenclothing', 'footwear'))
)
SELECT 
    "b0"."product_name" AS "product_name",
    "b0"."size_system" AS "size_system"
FROM "b0"
WHERE ("b0"."quantity" > 3);
                                                      QUERY PLAN                                                       
-----------------------------------------------------------------------------------------------------------------------
 Seq Scan on relation_1 source  (cost=0.00..734281.83 rows=2283656 width=37) (actual rows=2241983 loops=1)
   Filter: ((quantity > 3) AND ((role)::text = ANY ('{apparel,clothing,menclothing,womenclothing,footwear}'::text[])))
   Rows Removed by Filter: 14554804
   Buffers: shared hit=900 read=418372
 Planning:
   Buffers: shared hit=3
 Planning Time: 0.064 ms
 JIT:
   Functions: 4
   Options: Inlining true, Optimization true, Expressions true, Deforming true
 Execution Time: 1481.900 ms
(11 rows)

-- Q018 [selection_projection] occurrence 1/1
-- Original E/R: SELECT c.product_name, c.size_system, c.material FROM Clothing c WHERE c.material = 'cotton';
EXPLAIN (ANALYZE, BUFFERS, TIMING OFF, SUMMARY ON, FORMAT TEXT)
WITH
"b0" AS (
    SELECT
        "source"."size_system" AS "size_system",
        "source"."material" AS "material",
        "source"."product_name" AS "product_name"
    FROM "relation_1" AS "source"
    WHERE ("source"."role" IN ('clothing', 'menclothing', 'womenclothing'))
)
SELECT 
    "b0"."product_name" AS "product_name",
    "b0"."size_system" AS "size_system",
    "b0"."material" AS "material"
FROM "b0"
WHERE ("b0"."material" = 'cotton');
                                                           QUERY PLAN                                                            
---------------------------------------------------------------------------------------------------------------------------------
 Gather  (cost=1000.00..543214.95 rows=91894 width=44) (actual rows=651690 loops=1)
   Workers Planned: 2
   Workers Launched: 0
   Buffers: shared hit=932 read=418340
   ->  Parallel Seq Scan on relation_1 source  (cost=0.00..533025.55 rows=38289 width=44) (actual rows=651690 loops=1)
         Filter: (((material)::text = 'cotton'::text) AND ((role)::text = ANY ('{clothing,menclothing,womenclothing}'::text[])))
         Rows Removed by Filter: 16145097
         Buffers: shared hit=932 read=418340
 Planning:
   Buffers: shared hit=3
 Planning Time: 0.066 ms
 JIT:
   Functions: 4
   Options: Inlining true, Optimization true, Expressions true, Deforming true
 Execution Time: 1051.709 ms
(15 rows)

-- Q019 [selection_projection] occurrence 1/1
-- Original E/R: SELECT m.product_name, m.material, m.fit_type_men FROM MenClothing m WHERE m.base_price < 360;
EXPLAIN (ANALYZE, BUFFERS, TIMING OFF, SUMMARY ON, FORMAT TEXT)
WITH
"b0" AS (
    SELECT
        "source"."material" AS "material",
        "source"."fit_type_men" AS "fit_type_men",
        "source"."base_price" AS "base_price",
        "source"."product_name" AS "product_name"
    FROM "relation_1" AS "source"
    WHERE ("source"."role" IN ('menclothing'))
)
SELECT 
    "b0"."product_name" AS "product_name",
    "b0"."material" AS "material",
    "b0"."fit_type_men" AS "fit_type_men"
FROM "b0"
WHERE ("b0"."base_price" < 360);
                                                QUERY PLAN                                                 
-----------------------------------------------------------------------------------------------------------
 Seq Scan on relation_1 source  (cost=0.00..671279.86 rows=1553844 width=48) (actual rows=1523052 loops=1)
   Filter: ((base_price < 360) AND ((role)::text = 'menclothing'::text))
   Rows Removed by Filter: 15273735
   Buffers: shared hit=964 read=418308
 Planning:
   Buffers: shared hit=3
 Planning Time: 0.054 ms
 JIT:
   Functions: 4
   Options: Inlining true, Optimization true, Expressions true, Deforming true
 Execution Time: 983.598 ms
(11 rows)

-- Q020 [selection_projection] occurrence 1/1
-- Original E/R: SELECT w.product_name, w.material, w.fit_type_women FROM WomenClothing w WHERE w.is_active = 1;
EXPLAIN (ANALYZE, BUFFERS, TIMING OFF, SUMMARY ON, FORMAT TEXT)
WITH
"b0" AS (
    SELECT
        "source"."material" AS "material",
        "source"."is_active" AS "is_active",
        "source"."product_name" AS "product_name",
        "source"."fit_type_women" AS "fit_type_women"
    FROM "relation_1" AS "source"
    WHERE ("source"."role" IN ('womenclothing'))
)
SELECT 
    "b0"."product_name" AS "product_name",
    "b0"."material" AS "material",
    "b0"."fit_type_women" AS "fit_type_women"
FROM "b0"
WHERE ("b0"."is_active" = 1);
                                                      QUERY PLAN                                                      
----------------------------------------------------------------------------------------------------------------------
 Gather  (cost=1000.00..537489.68 rows=122144 width=47) (actual rows=99588 loops=1)
   Workers Planned: 2
   Workers Launched: 0
   Buffers: shared hit=996 read=418276
   ->  Parallel Seq Scan on relation_1 source  (cost=0.00..524275.28 rows=50893 width=47) (actual rows=99588 loops=1)
         Filter: (((role)::text = 'womenclothing'::text) AND (is_active = 1))
         Rows Removed by Filter: 16697199
         Buffers: shared hit=996 read=418276
 Planning:
   Buffers: shared hit=3
 Planning Time: 0.056 ms
 JIT:
   Functions: 4
   Options: Inlining true, Optimization true, Expressions true, Deforming true
 Execution Time: 902.842 ms
(15 rows)

-- Q021 [selection_projection] occurrence 1/1
-- Original E/R: SELECT f.product_name, f.size_system, f.sole_material FROM Footwear f WHERE f.quantity >= 4;
EXPLAIN (ANALYZE, BUFFERS, TIMING OFF, SUMMARY ON, FORMAT TEXT)
WITH
"b0" AS (
    SELECT
        "source"."size_system" AS "size_system",
        "source"."sole_material" AS "sole_material",
        "source"."product_name" AS "product_name",
        "source"."quantity" AS "quantity"
    FROM "relation_1" AS "source"
    WHERE ("source"."role" IN ('footwear'))
)
SELECT 
    "b0"."product_name" AS "product_name",
    "b0"."size_system" AS "size_system",
    "b0"."sole_material" AS "sole_material"
FROM "b0"
WHERE ("b0"."quantity" >= 4);
                                                     QUERY PLAN                                                      
---------------------------------------------------------------------------------------------------------------------
 Gather  (cost=1000.00..527641.47 rows=23662 width=43) (actual rows=25739 loops=1)
   Workers Planned: 2
   Workers Launched: 0
   Buffers: shared hit=1028 read=418244
   ->  Parallel Seq Scan on relation_1 source  (cost=0.00..524275.28 rows=9859 width=43) (actual rows=25739 loops=1)
         Filter: ((quantity >= 4) AND ((role)::text = 'footwear'::text))
         Rows Removed by Filter: 16771048
         Buffers: shared hit=1028 read=418244
 Planning:
   Buffers: shared hit=3
 Planning Time: 0.086 ms
 JIT:
   Functions: 4
   Options: Inlining true, Optimization true, Expressions true, Deforming true
 Execution Time: 918.525 ms
(15 rows)

-- Q022 [selection_projection] occurrence 1/1
-- Original E/R: SELECT m.product_name, m.delivery_type, m.format FROM Media m WHERE m.format IN ('ebook', 'video');
EXPLAIN (ANALYZE, BUFFERS, TIMING OFF, SUMMARY ON, FORMAT TEXT)
WITH
"b0" AS (
    SELECT
        "source"."delivery_type" AS "delivery_type",
        "source"."format" AS "format",
        "source"."product_name" AS "product_name"
    FROM "relation_1" AS "source"
    WHERE ("source"."role" IN ('media'))
)
SELECT 
    "b0"."product_name" AS "product_name",
    "b0"."delivery_type" AS "delivery_type",
    "b0"."format" AS "format"
FROM "b0"
WHERE ("b0"."format" IN ('ebook', 'video'));
                                                      QUERY PLAN                                                       
-----------------------------------------------------------------------------------------------------------------------
 Gather  (cost=1000.00..529007.47 rows=37322 width=50) (actual rows=560055 loops=1)
   Workers Planned: 2
   Workers Launched: 0
   Buffers: shared hit=1060 read=418212
   ->  Parallel Seq Scan on relation_1 source  (cost=0.00..524275.28 rows=15551 width=50) (actual rows=560055 loops=1)
         Filter: (((format)::text = ANY ('{ebook,video}'::text[])) AND ((role)::text = 'media'::text))
         Rows Removed by Filter: 16236732
         Buffers: shared hit=1060 read=418212
 Planning:
   Buffers: shared hit=3
 Planning Time: 0.064 ms
 JIT:
   Functions: 4
   Options: Inlining true, Optimization true, Expressions true, Deforming true
 Execution Time: 1140.179 ms
(15 rows)

-- Q023 [selection_projection] occurrence 1/1
-- Original E/R: SELECT s.product_name, s.delivery_type, s.license_type FROM Software s WHERE s.base_price <= 839;
EXPLAIN (ANALYZE, BUFFERS, TIMING OFF, SUMMARY ON, FORMAT TEXT)
WITH
"b0" AS (
    SELECT
        "source"."delivery_type" AS "delivery_type",
        "source"."base_price" AS "base_price",
        "source"."product_name" AS "product_name",
        "source"."license_type" AS "license_type"
    FROM "relation_1" AS "source"
    WHERE ("source"."role" IN ('software'))
)
SELECT 
    "b0"."product_name" AS "product_name",
    "b0"."delivery_type" AS "delivery_type",
    "b0"."license_type" AS "license_type"
FROM "b0"
WHERE ("b0"."base_price" <= 839);
                                                     QUERY PLAN                                                      
---------------------------------------------------------------------------------------------------------------------
 Gather  (cost=1000.00..527488.58 rows=22133 width=56) (actual rows=14857 loops=1)
   Workers Planned: 2
   Workers Launched: 0
   Buffers: shared hit=1092 read=418180
   ->  Parallel Seq Scan on relation_1 source  (cost=0.00..524275.28 rows=9222 width=56) (actual rows=14857 loops=1)
         Filter: ((base_price <= 839) AND ((role)::text = 'software'::text))
         Rows Removed by Filter: 16781930
         Buffers: shared hit=1092 read=418180
 Planning:
   Buffers: shared hit=6
 Planning Time: 0.055 ms
 JIT:
   Functions: 4
   Options: Inlining true, Optimization true, Expressions true, Deforming true
 Execution Time: 926.252 ms
(15 rows)

-- Q024 [selection_projection] occurrence 1/1
-- Original E/R: SELECT u.email, u.mv_user FROM User u WHERE u.password_hash IS NOT NULL;
EXPLAIN (ANALYZE, BUFFERS, TIMING OFF, SUMMARY ON, FORMAT TEXT)
WITH
"b0" AS (
    SELECT
        "source"."email" AS "email",
        "source"."mv_user" AS "mv_user",
        "source"."password_hash" AS "password_hash"
    FROM "relation_2" AS "source"
)
SELECT 
    "b0"."email" AS "email",
    "b0"."mv_user" AS "mv_user"
FROM "b0"
WHERE ("b0"."password_hash" IS NOT NULL);
                                                QUERY PLAN                                                
----------------------------------------------------------------------------------------------------------
 Seq Scan on relation_2 source  (cost=0.00..64007.52 rows=1539952 width=75) (actual rows=1540541 loops=1)
   Filter: (password_hash IS NOT NULL)
   Buffers: shared hit=10133 read=38475 dirtied=1
 Planning:
   Buffers: shared hit=34
 Planning Time: 0.092 ms
 Execution Time: 127.986 ms
(7 rows)

-- Q025 [selection_projection] occurrence 1/1
-- Original E/R: SELECT c.email, c.loyalty_tier, c.contact_no FROM Customer c WHERE c.loyalty_tier <> 'platinum';
EXPLAIN (ANALYZE, BUFFERS, TIMING OFF, SUMMARY ON, FORMAT TEXT)
WITH
"b0" AS (
    SELECT
        "source"."contact_no" AS "contact_no",
        "source"."loyalty_tier" AS "loyalty_tier",
        "source"."email" AS "email"
    FROM "relation_2" AS "source"
    WHERE ("source"."role" IN ('customer', 'businesscustomer', 'primecustomer'))
)
SELECT 
    "b0"."email" AS "email",
    "b0"."loyalty_tier" AS "loyalty_tier",
    "b0"."contact_no" AS "contact_no"
FROM "b0"
WHERE ("b0"."loyalty_tier" <> 'platinum');
                                                              QUERY PLAN                                                               
---------------------------------------------------------------------------------------------------------------------------------------
 Seq Scan on relation_2 source  (cost=0.00..73632.22 rows=670559 width=81) (actual rows=975141 loops=1)
   Filter: (((loyalty_tier)::text <> 'platinum'::text) AND ((role)::text = ANY ('{customer,businesscustomer,primecustomer}'::text[])))
   Rows Removed by Filter: 565400
   Buffers: shared hit=10165 read=38443
 Planning:
   Buffers: shared hit=12
 Planning Time: 0.066 ms
 Execution Time: 159.520 ms
(8 rows)

-- Q026 [selection_projection] occurrence 1/1
-- Original E/R: SELECT p.email, p.loyalty_tier, p.renewal_date, p.subscription_addons FROM PrimeCustomer p WHERE p.renewal_date IS NOT NULL;
EXPLAIN (ANALYZE, BUFFERS, TIMING OFF, SUMMARY ON, FORMAT TEXT)
WITH
"b0" AS (
    SELECT
        "source"."loyalty_tier" AS "loyalty_tier",
        "source"."renewal_date" AS "renewal_date",
        "source"."subscription_addons" AS "subscription_addons",
        "source"."email" AS "email"
    FROM "relation_2" AS "source"
    WHERE ("source"."role" IN ('primecustomer'))
)
SELECT 
    "b0"."email" AS "email",
    "b0"."loyalty_tier" AS "loyalty_tier",
    "b0"."renewal_date" AS "renewal_date",
    "b0"."subscription_addons" AS "subscription_addons"
FROM "b0"
WHERE ("b0"."renewal_date" IS NOT NULL);
                                                     QUERY PLAN                                                     
--------------------------------------------------------------------------------------------------------------------
 Gather  (cost=1000.00..58255.78 rows=6272 width=89) (actual rows=92069 loops=1)
   Workers Planned: 2
   Workers Launched: 0
   Buffers: shared hit=10197 read=38411
   ->  Parallel Seq Scan on relation_2 source  (cost=0.00..56628.58 rows=2613 width=89) (actual rows=92069 loops=1)
         Filter: ((renewal_date IS NOT NULL) AND ((role)::text = 'primecustomer'::text))
         Rows Removed by Filter: 1448472
         Buffers: shared hit=10197 read=38411
 Planning:
   Buffers: shared hit=6
 Planning Time: 0.053 ms
 Execution Time: 111.383 ms
(12 rows)

-- Q027 [selection_projection] occurrence 1/1
-- Original E/R: SELECT b.email, b.company_name FROM BusinessCustomer b WHERE b.company_name IS NOT NULL;
EXPLAIN (ANALYZE, BUFFERS, TIMING OFF, SUMMARY ON, FORMAT TEXT)
WITH
"b0" AS (
    SELECT
        "source"."company_name" AS "company_name",
        "source"."email" AS "email"
    FROM "relation_2" AS "source"
    WHERE ("source"."role" IN ('businesscustomer'))
)
SELECT 
    "b0"."email" AS "email",
    "b0"."company_name" AS "company_name"
FROM "b0"
WHERE ("b0"."company_name" IS NOT NULL);
                                               QUERY PLAN                                               
--------------------------------------------------------------------------------------------------------
 Seq Scan on relation_2 source  (cost=0.00..67857.40 rows=535452 width=39) (actual rows=900000 loops=1)
   Filter: ((company_name IS NOT NULL) AND ((role)::text = 'businesscustomer'::text))
   Rows Removed by Filter: 640541
   Buffers: shared hit=10229 read=38379
 Planning:
   Buffers: shared hit=6
 Planning Time: 0.060 ms
 Execution Time: 141.409 ms
(8 rows)

-- Q028 [selection_projection] occurrence 1/1
-- Original E/R: SELECT e.email, e.employee_no FROM Employee e WHERE e.employee_no IS NOT NULL;
EXPLAIN (ANALYZE, BUFFERS, TIMING OFF, SUMMARY ON, FORMAT TEXT)
WITH
"b0" AS (
    SELECT
        "source"."employee_no" AS "employee_no",
        "source"."email" AS "email"
    FROM "relation_2" AS "source"
    WHERE ("source"."role" IN ('employee'))
)
SELECT 
    "b0"."email" AS "email",
    "b0"."employee_no" AS "employee_no"
FROM "b0"
WHERE ("b0"."employee_no" IS NOT NULL);
                                                      QUERY PLAN                                                      
----------------------------------------------------------------------------------------------------------------------
 Gather  (cost=1000.00..60568.38 rows=29398 width=35) (actual rows=225001 loops=1)
   Workers Planned: 2
   Workers Launched: 0
   Buffers: shared hit=10261 read=38347
   ->  Parallel Seq Scan on relation_2 source  (cost=0.00..56628.58 rows=12249 width=35) (actual rows=225001 loops=1)
         Filter: ((employee_no IS NOT NULL) AND ((role)::text = 'employee'::text))
         Rows Removed by Filter: 1315540
         Buffers: shared hit=10261 read=38347
 Planning:
   Buffers: shared hit=3
 Planning Time: 0.053 ms
 Execution Time: 124.269 ms
(12 rows)

-- Q029 [selection_projection] occurrence 1/1
-- Original E/R: SELECT c.category_name, c.parent FROM Category c WHERE c.parent IS NOT NULL;
EXPLAIN (ANALYZE, BUFFERS, TIMING OFF, SUMMARY ON, FORMAT TEXT)
WITH
"b0" AS (
    SELECT
        "source"."category_name" AS "category_name",
        "source"."parent" AS "parent"
    FROM "relation_0" AS "source"
)
SELECT 
    "b0"."category_name" AS "category_name",
    "b0"."parent" AS "parent"
FROM "b0"
WHERE ("b0"."parent" IS NOT NULL);
                                              QUERY PLAN                                               
-------------------------------------------------------------------------------------------------------
 Seq Scan on relation_0 source  (cost=0.00..2199.78 rows=128672 width=10) (actual rows=128674 loops=1)
   Filter: (parent IS NOT NULL)
   Rows Removed by Filter: 11305
   Buffers: shared hit=1 read=799
 Planning:
   Buffers: shared hit=24
 Planning Time: 0.065 ms
 Execution Time: 7.135 ms
(8 rows)

-- Q030 [selection_projection] occurrence 1/1
-- Original E/R: SELECT o.placed_at, o.status FROM CustOrder o WHERE o.status IN ('delivered', 'shipped');
EXPLAIN (ANALYZE, BUFFERS, TIMING OFF, SUMMARY ON, FORMAT TEXT)
WITH
"b0" AS (
    SELECT
        "source"."placed_at" AS "placed_at",
        "source"."status" AS "status"
    FROM "relation_13" AS "source"
)
SELECT 
    "b0"."placed_at" AS "placed_at",
    "b0"."status" AS "status"
FROM "b0"
WHERE ("b0"."status" IN ('delivered', 'shipped'));
                                              QUERY PLAN                                              
------------------------------------------------------------------------------------------------------
 Seq Scan on relation_13 source  (cost=0.00..2659.25 rows=51506 width=20) (actual rows=51599 loops=1)
   Filter: ((status)::text = ANY ('{delivered,shipped}'::text[]))
   Rows Removed by Filter: 28661
   Buffers: shared read=1656
 Planning:
   Buffers: shared hit=24
 Planning Time: 0.057 ms
 Execution Time: 8.016 ms
(8 rows)

-- Q031 [weak_owner] occurrence 1/1
-- Original E/R: SELECT pi.url, pi.alt_text, pi.sort_order FROM ProductImage pi WHERE pi.sort_order <= 8;
EXPLAIN (ANALYZE, BUFFERS, TIMING OFF, SUMMARY ON, FORMAT TEXT)
WITH
"b0" AS (
    SELECT
        "source"."alt_text" AS "alt_text",
        "source"."sort_order" AS "sort_order",
        "source"."url" AS "url"
    FROM "relation_3" AS "source"
)
SELECT 
    "b0"."url" AS "url",
    "b0"."alt_text" AS "alt_text",
    "b0"."sort_order" AS "sort_order"
FROM "b0"
WHERE ("b0"."sort_order" <= 8);
                                             QUERY PLAN                                             
----------------------------------------------------------------------------------------------------
 Seq Scan on relation_3 source  (cost=0.00..646.44 rows=24195 width=70) (actual rows=24195 loops=1)
   Filter: (sort_order <= 8)
   Buffers: shared read=344
 Planning:
   Buffers: shared hit=37
 Planning Time: 0.085 ms
 Execution Time: 20.572 ms
(7 rows)

-- Q032 [weak_owner] occurrence 1/1
-- Original E/R: SELECT p.product_name, pi.url FROM ProductImage pi JOIN Product p ON OWNER(pi) = REF(p) WHERE p.is_active = 1;
EXPLAIN (ANALYZE, BUFFERS, TIMING OFF, SUMMARY ON, FORMAT TEXT)
WITH
"b0" AS (
    SELECT
        "source"."url" AS "url",
        "source"."product_id" AS "__owner_0"
    FROM "relation_3" AS "source"
),
"b1" AS (
    SELECT
        "source"."is_active" AS "is_active",
        "source"."product_name" AS "product_name",
        "source"."product_id" AS "__reference_0"
    FROM "relation_1" AS "source"
)
SELECT 
    "b1"."product_name" AS "product_name",
    "b0"."url" AS "url"
FROM ("b0" INNER JOIN "b1" ON ("b0"."__owner_0" = "b1"."__reference_0"))
WHERE ("b1"."is_active" = 1);
                                                          QUERY PLAN                                                          
------------------------------------------------------------------------------------------------------------------------------
 Nested Loop  (cost=0.44..189903.16 rows=20533 width=64) (actual rows=20472 loops=1)
   Buffers: shared hit=50416 read=46708 written=4
   ->  Seq Scan on relation_3 source  (cost=0.00..585.95 rows=24195 width=34) (actual rows=24195 loops=1)
         Buffers: shared hit=82 read=262
   ->  Index Scan using relation_1_pkey on relation_1 source_1  (cost=0.44..7.82 rows=1 width=38) (actual rows=1 loops=24195)
         Index Cond: (product_id = source.product_id)
         Filter: (is_active = 1)
         Rows Removed by Filter: 0
         Buffers: shared hit=50334 read=46446 written=4
 Planning:
   Buffers: shared hit=55
 Planning Time: 0.145 ms
 JIT:
   Functions: 8
   Options: Inlining false, Optimization false, Expressions true, Deforming true
 Execution Time: 106.587 ms
(16 rows)

-- Q033 [weak_owner] occurrence 1/1
-- Original E/R: SELECT pv.barcode, pv.price_override, pv.is_active_variant FROM ProductVariant pv WHERE pv.price_override IS NOT NULL;
EXPLAIN (ANALYZE, BUFFERS, TIMING OFF, SUMMARY ON, FORMAT TEXT)
WITH
"b0" AS (
    SELECT
        "source"."barcode" AS "barcode",
        "source"."is_active_variant" AS "is_active_variant",
        "source"."price_override" AS "price_override"
    FROM "relation_4" AS "source"
)
SELECT 
    "b0"."barcode" AS "barcode",
    "b0"."price_override" AS "price_override",
    "b0"."is_active_variant" AS "is_active_variant"
FROM "b0"
WHERE ("b0"."price_override" IS NOT NULL);
                                             QUERY PLAN                                             
----------------------------------------------------------------------------------------------------
 Seq Scan on relation_4 source  (cost=0.00..653.63 rows=24417 width=22) (actual rows=24410 loops=1)
   Filter: (price_override IS NOT NULL)
   Rows Removed by Filter: 13253
   Buffers: shared read=277
 Planning:
   Buffers: shared hit=19 read=11
 Planning Time: 0.086 ms
 Execution Time: 16.225 ms
(8 rows)

-- Q034 [weak_owner] occurrence 1/1
-- Original E/R: SELECT p.product_name, pv.barcode, pv.price_override FROM ProductVariant pv JOIN Product p ON OWNER(pv) = REF(p) WHERE pv.is_active_variant = 1;
EXPLAIN (ANALYZE, BUFFERS, TIMING OFF, SUMMARY ON, FORMAT TEXT)
WITH
"b0" AS (
    SELECT
        "source"."barcode" AS "barcode",
        "source"."is_active_variant" AS "is_active_variant",
        "source"."price_override" AS "price_override",
        "source"."product_id" AS "__owner_0"
    FROM "relation_4" AS "source"
),
"b1" AS (
    SELECT
        "source"."product_name" AS "product_name",
        "source"."product_id" AS "__reference_0"
    FROM "relation_1" AS "source"
)
SELECT 
    "b1"."product_name" AS "product_name",
    "b0"."barcode" AS "barcode",
    "b0"."price_override" AS "price_override"
FROM ("b0" INNER JOIN "b1" ON ("b0"."__owner_0" = "b1"."__reference_0"))
WHERE ("b0"."is_active_variant" = 1);
                                                          QUERY PLAN                                                          
------------------------------------------------------------------------------------------------------------------------------
 Nested Loop  (cost=0.44..252896.46 rows=33074 width=52) (actual rows=33115 loops=1)
   Buffers: shared hit=70170 read=62567
   ->  Seq Scan on relation_4 source  (cost=0.00..747.79 rows=33074 width=22) (actual rows=33115 loops=1)
         Filter: (is_active_variant = 1)
         Rows Removed by Filter: 4548
         Buffers: shared hit=68 read=209
   ->  Index Scan using relation_1_pkey on relation_1 source_1  (cost=0.44..7.62 rows=1 width=38) (actual rows=1 loops=33115)
         Index Cond: (product_id = source.product_id)
         Buffers: shared hit=70102 read=62358
 Planning:
   Buffers: shared hit=10 read=8
 Planning Time: 0.124 ms
 JIT:
   Functions: 8
   Options: Inlining false, Optimization false, Expressions true, Deforming true
 Execution Time: 133.269 ms
(16 rows)

-- Q035 [weak_owner] occurrence 1/1
-- Original E/R: SELECT ph.starts_at, ph.ends_at, ph.price FROM PriceHistory ph WHERE ph.price > 14;
EXPLAIN (ANALYZE, BUFFERS, TIMING OFF, SUMMARY ON, FORMAT TEXT)
WITH
"b0" AS (
    SELECT
        "source"."ends_at" AS "ends_at",
        "source"."price" AS "price",
        "source"."starts_at" AS "starts_at"
    FROM "relation_5" AS "source"
)
SELECT 
    "b0"."starts_at" AS "starts_at",
    "b0"."ends_at" AS "ends_at",
    "b0"."price" AS "price"
FROM "b0"
WHERE ("b0"."price" > 14);
                                             QUERY PLAN                                             
----------------------------------------------------------------------------------------------------
 Seq Scan on relation_5 source  (cost=0.00..243.79 rows=11790 width=26) (actual rows=11784 loops=1)
   Filter: (price > 14)
   Rows Removed by Filter: 119
   Buffers: shared read=95
 Planning:
   Buffers: shared hit=18 read=12
 Planning Time: 0.099 ms
 Execution Time: 10.242 ms
(8 rows)

-- Q036 [weak_owner] occurrence 1/1
-- Original E/R: SELECT p.product_name, ph.starts_at, ph.price FROM PriceHistory ph JOIN Product p ON OWNER(ph) = REF(p) WHERE ph.price < p.base_price;
EXPLAIN (ANALYZE, BUFFERS, TIMING OFF, SUMMARY ON, FORMAT TEXT)
WITH
"b0" AS (
    SELECT
        "source"."price" AS "price",
        "source"."starts_at" AS "starts_at",
        "source"."product_id" AS "__owner_0"
    FROM "relation_5" AS "source"
),
"b1" AS (
    SELECT
        "source"."base_price" AS "base_price",
        "source"."product_name" AS "product_name",
        "source"."product_id" AS "__reference_0"
    FROM "relation_1" AS "source"
)
SELECT 
    "b1"."product_name" AS "product_name",
    "b0"."starts_at" AS "starts_at",
    "b0"."price" AS "price"
FROM ("b0" INNER JOIN "b1" ON ("b0"."__owner_0" = "b1"."__reference_0"))
WHERE ("b0"."price" < "b1"."base_price");
                                                          QUERY PLAN                                                          
------------------------------------------------------------------------------------------------------------------------------
 Nested Loop  (cost=0.44..97074.68 rows=3968 width=49) (actual rows=6167 loops=1)
   Buffers: shared hit=25346 read=22361
   ->  Seq Scan on relation_5 source  (cost=0.00..214.03 rows=11903 width=19) (actual rows=11903 loops=1)
         Buffers: shared hit=66 read=29
   ->  Index Scan using relation_1_pkey on relation_1 source_1  (cost=0.44..8.13 rows=1 width=42) (actual rows=1 loops=11903)
         Index Cond: (product_id = source.product_id)
         Filter: (source.price < base_price)
         Rows Removed by Filter: 0
         Buffers: shared hit=25280 read=22332
 Planning:
   Buffers: shared hit=10 read=8
 Planning Time: 0.122 ms
 Execution Time: 48.211 ms
(13 rows)

-- Q037 [weak_owner] occurrence 1/1
-- Original E/R: SELECT a.kind, a.city, a.state, a.country FROM Address a WHERE a.country = 'US';
EXPLAIN (ANALYZE, BUFFERS, TIMING OFF, SUMMARY ON, FORMAT TEXT)
WITH
"b0" AS (
    SELECT
        "source"."city" AS "city",
        "source"."country" AS "country",
        "source"."kind" AS "kind",
        "source"."state" AS "state"
    FROM "relation_7" AS "source"
)
SELECT 
    "b0"."kind" AS "kind",
    "b0"."city" AS "city",
    "b0"."state" AS "state",
    "b0"."country" AS "country"
FROM "b0"
WHERE ("b0"."country" = 'US');
                                             QUERY PLAN                                              
-----------------------------------------------------------------------------------------------------
 Seq Scan on relation_7 source  (cost=0.00..3052.60 rows=56328 width=25) (actual rows=55944 loops=1)
   Filter: ((country)::text = 'US'::text)
   Rows Removed by Filter: 68584
   Buffers: shared read=1496
 Planning:
   Buffers: shared hit=26 read=10
 Planning Time: 0.113 ms
 Execution Time: 15.994 ms
(8 rows)

-- Q038 [weak_owner] occurrence 1/1
-- Original E/R: SELECT c.email, a.kind, a.city, a.postal_code FROM Address a JOIN Customer c ON OWNER(a) = REF(c) WHERE a.state = 'VA';
EXPLAIN (ANALYZE, BUFFERS, TIMING OFF, SUMMARY ON, FORMAT TEXT)
WITH
"b0" AS (
    SELECT
        "source"."city" AS "city",
        "source"."kind" AS "kind",
        "source"."postal_code" AS "postal_code",
        "source"."state" AS "state",
        "source"."user_id" AS "__owner_0"
    FROM "relation_7" AS "source"
),
"b1" AS (
    SELECT
        "source"."email" AS "email",
        "source"."user_id" AS "__reference_0"
    FROM "relation_2" AS "source"
    WHERE ("source"."role" IN ('customer', 'businesscustomer', 'primecustomer'))
)
SELECT 
    "b1"."email" AS "email",
    "b0"."kind" AS "kind",
    "b0"."city" AS "city",
    "b0"."postal_code" AS "postal_code"
FROM ("b0" INNER JOIN "b1" ON ("b0"."__owner_0" = "b1"."__reference_0"))
WHERE ("b0"."state" = 'VA');
                                                            QUERY PLAN                                                             
-----------------------------------------------------------------------------------------------------------------------------------
 Gather  (cost=1000.43..13339.77 rows=1443 width=47) (actual rows=2129 loops=1)
   Workers Planned: 1
   Workers Launched: 0
   Buffers: shared hit=6226 read=3786
   ->  Nested Loop  (cost=0.43..12195.47 rows=849 width=47) (actual rows=2129 loops=1)
         Buffers: shared hit=6226 read=3786
         ->  Parallel Seq Scan on relation_7 source  (cost=0.00..2411.65 rows=1248 width=29) (actual rows=2129 loops=1)
               Filter: ((state)::text = 'VA'::text)
               Rows Removed by Filter: 122399
               Buffers: shared hit=1496
         ->  Index Scan using relation_2_pkey on relation_2 source_1  (cost=0.43..7.84 rows=1 width=26) (actual rows=1 loops=2129)
               Index Cond: (user_id = source.user_id)
               Filter: ((role)::text = ANY ('{customer,businesscustomer,primecustomer}'::text[]))
               Buffers: shared hit=4730 read=3786
 Planning:
   Buffers: shared hit=8 read=9
 Planning Time: 0.138 ms
 Execution Time: 13.739 ms
(18 rows)

-- Q039 [weak_owner] occurrence 1/1
-- Original E/R: SELECT pm.brand, pm.last4, pm.exp_month, pm.exp_year FROM PaymentMethod pm WHERE pm.is_default = 'false';
EXPLAIN (ANALYZE, BUFFERS, TIMING OFF, SUMMARY ON, FORMAT TEXT)
WITH
"b0" AS (
    SELECT
        "source"."brand" AS "brand",
        "source"."exp_month" AS "exp_month",
        "source"."exp_year" AS "exp_year",
        "source"."is_default" AS "is_default",
        "source"."last4" AS "last4"
    FROM "relation_8" AS "source"
)
SELECT 
    "b0"."brand" AS "brand",
    "b0"."last4" AS "last4",
    "b0"."exp_month" AS "exp_month",
    "b0"."exp_year" AS "exp_year"
FROM "b0"
WHERE ("b0"."is_default" = 'false');
                                              QUERY PLAN                                               
-------------------------------------------------------------------------------------------------------
 Seq Scan on relation_8 source  (cost=0.00..2893.71 rows=107994 width=20) (actual rows=108000 loops=1)
   Filter: ((is_default)::text = 'false'::text)
   Rows Removed by Filter: 30697
   Buffers: shared read=1160
 Planning:
   Buffers: shared hit=34 read=2
 Planning Time: 0.070 ms
 Execution Time: 9.441 ms
(8 rows)

-- Q040 [weak_owner] occurrence 1/1
-- Original E/R: SELECT c.email, pm.brand, pm.last4 FROM PaymentMethod pm JOIN Customer c ON OWNER(pm) = REF(c) WHERE pm.exp_year >= 2026;
EXPLAIN (ANALYZE, BUFFERS, TIMING OFF, SUMMARY ON, FORMAT TEXT)
WITH
"b0" AS (
    SELECT
        "source"."brand" AS "brand",
        "source"."exp_year" AS "exp_year",
        "source"."last4" AS "last4",
        "source"."user_id" AS "__owner_0"
    FROM "relation_8" AS "source"
),
"b1" AS (
    SELECT
        "source"."email" AS "email",
        "source"."user_id" AS "__reference_0"
    FROM "relation_2" AS "source"
    WHERE ("source"."role" IN ('customer', 'businesscustomer', 'primecustomer'))
)
SELECT 
    "b1"."email" AS "email",
    "b0"."brand" AS "brand",
    "b0"."last4" AS "last4"
FROM ("b0" INNER JOIN "b1" ON ("b0"."__owner_0" = "b1"."__reference_0"))
WHERE ("b0"."exp_year" >= 2026);
                                                           QUERY PLAN                                                            
---------------------------------------------------------------------------------------------------------------------------------
 Gather  (cost=4199.66..72932.41 rows=94342 width=34) (actual rows=138697 loops=1)
   Workers Planned: 2
   Workers Launched: 0
   Buffers: shared hit=3231 read=46537
   ->  Parallel Hash Join  (cost=3199.66..62498.21 rows=39309 width=34) (actual rows=138697 loops=1)
         Hash Cond: (source_1.user_id = source.user_id)
         Buffers: shared hit=3231 read=46537
         ->  Parallel Seq Scan on relation_2 source_1  (cost=0.00..57430.64 rows=436448 width=26) (actual rows=1036985 loops=1)
               Filter: ((role)::text = ANY ('{customer,businesscustomer,primecustomer}'::text[]))
               Rows Removed by Filter: 503556
               Buffers: shared hit=2071 read=46537
         ->  Parallel Hash  (cost=2179.83..2179.83 rows=81586 width=16) (actual rows=138697 loops=1)
               Buckets: 262144  Batches: 1  Memory Usage: 8992kB
               Buffers: shared hit=1160
               ->  Parallel Seq Scan on relation_8 source  (cost=0.00..2179.83 rows=81586 width=16) (actual rows=138697 loops=1)
                     Filter: (exp_year >= 2026)
                     Buffers: shared hit=1160
 Planning:
   Buffers: shared hit=5 read=6
 Planning Time: 0.114 ms
 Execution Time: 243.567 ms
(21 rows)

-- Q041 [weak_owner] occurrence 1/1
-- Original E/R: SELECT c.updated_at, OWNER(c) AS customer_ref FROM Cart c WHERE c.updated_at IS NOT NULL;
EXPLAIN (ANALYZE, BUFFERS, TIMING OFF, SUMMARY ON, FORMAT TEXT)
WITH
"b0" AS (
    SELECT
        "source"."updated_at" AS "updated_at",
        "source"."user_id" AS "__owner_0"
    FROM "relation_9" AS "source"
)
SELECT 
    "b0"."updated_at" AS "updated_at",
    "b0"."__owner_0" AS "customer_ref"
FROM "b0"
WHERE ("b0"."updated_at" IS NOT NULL);
                                             QUERY PLAN                                             
----------------------------------------------------------------------------------------------------
 Seq Scan on relation_9 source  (cost=0.00..695.93 rows=42493 width=15) (actual rows=42493 loops=1)
   Filter: (updated_at IS NOT NULL)
   Buffers: shared read=271
 Planning:
   Buffers: shared hit=25 read=3
 Planning Time: 0.082 ms
 Execution Time: 2.137 ms
(7 rows)

-- Q042 [weak_owner] occurrence 1/1
-- Original E/R: SELECT w.wishlist_name, OWNER(w) AS customer_ref FROM Wishlist w WHERE w.wishlist_name IS NOT NULL;
EXPLAIN (ANALYZE, BUFFERS, TIMING OFF, SUMMARY ON, FORMAT TEXT)
WITH
"b0" AS (
    SELECT
        "source"."wishlist_name" AS "wishlist_name",
        "source"."user_id" AS "__owner_0"
    FROM "relation_10" AS "source"
)
SELECT 
    "b0"."wishlist_name" AS "wishlist_name",
    "b0"."__owner_0" AS "customer_ref"
FROM "b0"
WHERE ("b0"."wishlist_name" IS NOT NULL);
                                             QUERY PLAN                                              
-----------------------------------------------------------------------------------------------------
 Seq Scan on relation_10 source  (cost=0.00..724.32 rows=46232 width=12) (actual rows=46232 loops=1)
   Filter: (wishlist_name IS NOT NULL)
   Buffers: shared read=262
 Planning:
   Buffers: shared hit=26 read=1
 Planning Time: 0.050 ms
 Execution Time: 2.222 ms
(7 rows)

-- Q043 [weak_owner] occurrence 1/1
-- Original E/R: SELECT r.rating, r.title, r.created_at FROM Review r WHERE r.rating >= 1;
EXPLAIN (ANALYZE, BUFFERS, TIMING OFF, SUMMARY ON, FORMAT TEXT)
WITH
"b0" AS (
    SELECT
        "source"."created_at" AS "created_at",
        "source"."rating" AS "rating",
        "source"."title" AS "title"
    FROM "relation_11" AS "source"
)
SELECT 
    "b0"."rating" AS "rating",
    "b0"."title" AS "title",
    "b0"."created_at" AS "created_at"
FROM "b0"
WHERE ("b0"."rating" >= 1);
                                              QUERY PLAN                                              
------------------------------------------------------------------------------------------------------
 Seq Scan on relation_11 source  (cost=0.00..1035.94 rows=25275 width=52) (actual rows=25275 loops=1)
   Filter: (rating >= 1)
   Buffers: shared read=720
 Planning:
   Buffers: shared hit=31 read=2
 Planning Time: 0.061 ms
 Execution Time: 2.696 ms
(7 rows)

-- Q044 [weak_owner] occurrence 1/1
-- Original E/R: SELECT c.email, r.rating, r.title FROM Review r JOIN Customer c ON OWNER(r) = REF(c) WHERE r.rating <= 5;
EXPLAIN (ANALYZE, BUFFERS, TIMING OFF, SUMMARY ON, FORMAT TEXT)
WITH
"b0" AS (
    SELECT
        "source"."rating" AS "rating",
        "source"."title" AS "title",
        "source"."user_id" AS "__owner_0"
    FROM "relation_11" AS "source"
),
"b1" AS (
    SELECT
        "source"."email" AS "email",
        "source"."user_id" AS "__reference_0"
    FROM "relation_2" AS "source"
    WHERE ("source"."role" IN ('customer', 'businesscustomer', 'primecustomer'))
)
SELECT 
    "b1"."email" AS "email",
    "b0"."rating" AS "rating",
    "b0"."title" AS "title"
FROM ("b0" INNER JOIN "b1" ON ("b0"."__owner_0" = "b1"."__reference_0"))
WHERE ("b0"."rating" <= 5);
                                                           QUERY PLAN                                                           
--------------------------------------------------------------------------------------------------------------------------------
 Gather  (cost=2351.88..64301.15 rows=17192 width=63) (actual rows=25275 loops=1)
   Workers Planned: 2
   Workers Launched: 0
   Buffers: shared hit=2824 read=46504
   ->  Hash Join  (cost=1351.88..61581.95 rows=7163 width=63) (actual rows=25275 loops=1)
         Hash Cond: (source_1.user_id = source.user_id)
         Buffers: shared hit=2824 read=46504
         ->  Parallel Seq Scan on relation_2 source_1  (cost=0.00..57430.64 rows=436448 width=26) (actual rows=1036985 loops=1)
               Filter: ((role)::text = ANY ('{customer,businesscustomer,primecustomer}'::text[]))
               Rows Removed by Filter: 503556
               Buffers: shared hit=2104 read=46504
         ->  Hash  (cost=1035.94..1035.94 rows=25275 width=45) (actual rows=25275 loops=1)
               Buckets: 32768  Batches: 1  Memory Usage: 2196kB
               Buffers: shared hit=720
               ->  Seq Scan on relation_11 source  (cost=0.00..1035.94 rows=25275 width=45) (actual rows=25275 loops=1)
                     Filter: (rating <= 5)
                     Buffers: shared hit=720
 Planning:
   Buffers: shared hit=5 read=4
 Planning Time: 0.113 ms
 Execution Time: 203.220 ms
(21 rows)

-- Q045 [weak_owner] occurrence 1/1
-- Original E/R: SELECT s.started_at, s.device, OWNER(s) AS user_ref FROM BrowsingSession s WHERE s.device IN ('mobile', 'desktop');
EXPLAIN (ANALYZE, BUFFERS, TIMING OFF, SUMMARY ON, FORMAT TEXT)
WITH
"b0" AS (
    SELECT
        "source"."device" AS "device",
        "source"."started_at" AS "started_at",
        "source"."user_id" AS "__owner_0"
    FROM "relation_12" AS "source"
)
SELECT 
    "b0"."started_at" AS "started_at",
    "b0"."device" AS "device",
    "b0"."__owner_0" AS "user_ref"
FROM "b0"
WHERE ("b0"."device" IN ('mobile', 'desktop'));
                                             QUERY PLAN                                              
-----------------------------------------------------------------------------------------------------
 Seq Scan on relation_12 source  (cost=0.00..664.19 rows=29084 width=22) (actual rows=29077 loops=1)
   Filter: ((device)::text = ANY ('{mobile,desktop}'::text[]))
   Rows Removed by Filter: 3578
   Buffers: shared read=256
 Planning:
   Buffers: shared hit=27 read=3
 Planning Time: 0.087 ms
 Execution Time: 16.145 ms
(8 rows)

-- Q046 [weak_owner] occurrence 1/1
-- Original E/R: SELECT s.carrier, s.tracking_no, s.shipped_at, s.delivered_at FROM Shipment s WHERE s.delivered_at IS NULL;
EXPLAIN (ANALYZE, BUFFERS, TIMING OFF, SUMMARY ON, FORMAT TEXT)
WITH
"b0" AS (
    SELECT
        "source"."carrier" AS "carrier",
        "source"."delivered_at" AS "delivered_at",
        "source"."shipped_at" AS "shipped_at",
        "source"."tracking_no" AS "tracking_no"
    FROM "relation_14" AS "source"
)
SELECT 
    "b0"."carrier" AS "carrier",
    "b0"."tracking_no" AS "tracking_no",
    "b0"."shipped_at" AS "shipped_at",
    "b0"."delivered_at" AS "delivered_at"
FROM "b0"
WHERE ("b0"."delivered_at" IS NULL);
                                            QUERY PLAN                                             
---------------------------------------------------------------------------------------------------
 Seq Scan on relation_14 source  (cost=0.00..571.38 rows=6087 width=39) (actual rows=6087 loops=1)
   Filter: (delivered_at IS NULL)
   Rows Removed by Filter: 18252
   Buffers: shared read=328 dirtied=1
 Planning:
   Buffers: shared hit=30 read=4
 Planning Time: 0.052 ms
 Execution Time: 1.472 ms
(8 rows)

-- Q047 [weak_owner] occurrence 1/1
-- Original E/R: SELECT o.status, s.carrier, s.tracking_no FROM Shipment s JOIN CustOrder o ON OWNER(s) = REF(o) WHERE s.shipped_at IS NOT NULL;
EXPLAIN (ANALYZE, BUFFERS, TIMING OFF, SUMMARY ON, FORMAT TEXT)
WITH
"b0" AS (
    SELECT
        "source"."carrier" AS "carrier",
        "source"."shipped_at" AS "shipped_at",
        "source"."tracking_no" AS "tracking_no",
        "source"."custorder_id" AS "__owner_0"
    FROM "relation_14" AS "source"
),
"b1" AS (
    SELECT
        "source"."status" AS "status",
        "source"."custorder_id" AS "__reference_0"
    FROM "relation_13" AS "source"
)
SELECT 
    "b1"."status" AS "status",
    "b0"."carrier" AS "carrier",
    "b0"."tracking_no" AS "tracking_no"
FROM ("b0" INNER JOIN "b1" ON ("b0"."__owner_0" = "b1"."__reference_0"))
WHERE ("b0"."shipped_at" IS NOT NULL);
                                                     QUERY PLAN                                                     
--------------------------------------------------------------------------------------------------------------------
 Hash Join  (cost=3461.85..4092.07 rows=22414 width=26) (actual rows=22414 loops=1)
   Hash Cond: (source.custorder_id = source_1.custorder_id)
   Buffers: shared hit=328 read=1656
   ->  Seq Scan on relation_14 source  (cost=0.00..571.38 rows=22414 width=21) (actual rows=22414 loops=1)
         Filter: (shipped_at IS NOT NULL)
         Rows Removed by Filter: 1925
         Buffers: shared hit=328
   ->  Hash  (cost=2458.60..2458.60 rows=80260 width=13) (actual rows=80260 loops=1)
         Buckets: 131072  Batches: 1  Memory Usage: 4705kB
         Buffers: shared read=1656
         ->  Seq Scan on relation_13 source_1  (cost=0.00..2458.60 rows=80260 width=13) (actual rows=80260 loops=1)
               Buffers: shared read=1656
 Planning:
   Buffers: shared hit=9 read=11
 Planning Time: 0.115 ms
 Execution Time: 14.375 ms
(16 rows)

-- Q048 [weak_owner] occurrence 1/1
-- Original E/R: SELECT p.promo_name, c.max_uses, c.per_user_limit FROM Coupon c JOIN Promotion p ON OWNER(c) = REF(p) WHERE c.max_uses > 120;
EXPLAIN (ANALYZE, BUFFERS, TIMING OFF, SUMMARY ON, FORMAT TEXT)
WITH
"b0" AS (
    SELECT
        "source"."max_uses" AS "max_uses",
        "source"."per_user_limit" AS "per_user_limit",
        "source"."promotion_id" AS "__owner_0"
    FROM "relation_16" AS "source"
),
"b1" AS (
    SELECT
        "source"."promo_name" AS "promo_name",
        "source"."promotion_id" AS "__reference_0"
    FROM "relation_15" AS "source"
)
SELECT 
    "b1"."promo_name" AS "promo_name",
    "b0"."max_uses" AS "max_uses",
    "b0"."per_user_limit" AS "per_user_limit"
FROM ("b0" INNER JOIN "b1" ON ("b0"."__owner_0" = "b1"."__reference_0"))
WHERE ("b0"."max_uses" > 120);
                                                      QUERY PLAN                                                      
----------------------------------------------------------------------------------------------------------------------
 Hash Join  (cost=5321.11..6175.36 rows=36096 width=42) (actual rows=36213 loops=1)
   Hash Cond: (source.promotion_id = source_1.promotion_id)
   Buffers: shared read=2210 dirtied=1
   ->  Seq Scan on relation_16 source  (cost=0.00..759.50 rows=36096 width=12) (actual rows=36213 loops=1)
         Filter: (max_uses > 120)
         Rows Removed by Filter: 3907
         Buffers: shared read=258 dirtied=1
   ->  Hash  (cost=3449.38..3449.38 rows=149738 width=38) (actual rows=149738 loops=1)
         Buckets: 262144  Batches: 1  Memory Usage: 12574kB
         Buffers: shared read=1952
         ->  Seq Scan on relation_15 source_1  (cost=0.00..3449.38 rows=149738 width=38) (actual rows=149738 loops=1)
               Buffers: shared read=1952
 Planning:
   Buffers: shared hit=57 read=14
 Planning Time: 0.159 ms
 Execution Time: 27.028 ms
(16 rows)

-- Q049 [weak_owner] occurrence 1/1
-- Original E/R: SELECT w.warehouse_name, b.code FROM WarehouseBin b JOIN Warehouse w ON OWNER(b) = REF(w) WHERE w.region = 'West';
EXPLAIN (ANALYZE, BUFFERS, TIMING OFF, SUMMARY ON, FORMAT TEXT)
WITH
"b0" AS (
    SELECT
        "source"."code" AS "code",
        "source"."warehouse_id" AS "__owner_0"
    FROM "relation_18" AS "source"
),
"b1" AS (
    SELECT
        "source"."region" AS "region",
        "source"."warehouse_name" AS "warehouse_name",
        "source"."warehouse_id" AS "__reference_0"
    FROM "relation_17" AS "source"
)
SELECT 
    "b1"."warehouse_name" AS "warehouse_name",
    "b0"."code" AS "code"
FROM ("b0" INNER JOIN "b1" ON ("b0"."__owner_0" = "b1"."__reference_0"))
WHERE ("b1"."region" = 'West');
                                                     QUERY PLAN                                                     
--------------------------------------------------------------------------------------------------------------------
 Hash Join  (cost=2081.21..2298.24 rows=2878 width=27) (actual rows=2769 loops=1)
   Hash Cond: (source.warehouse_id = source_1.warehouse_id)
   Buffers: shared read=777
   ->  Seq Scan on relation_18 source  (cost=0.00..187.08 rows=11408 width=14) (actual rows=11408 loops=1)
         Buffers: shared read=73
   ->  Hash  (cost=1803.78..1803.78 rows=22195 width=21) (actual rows=22040 loops=1)
         Buckets: 32768  Batches: 1  Memory Usage: 1441kB
         Buffers: shared read=704
         ->  Seq Scan on relation_17 source_1  (cost=0.00..1803.78 rows=22195 width=21) (actual rows=22040 loops=1)
               Filter: ((region)::text = 'West'::text)
               Rows Removed by Filter: 65942
               Buffers: shared read=704
 Planning:
   Buffers: shared hit=58 read=11
 Planning Time: 0.215 ms
 Execution Time: 6.765 ms
(16 rows)

-- Q050 [weak_owner] occurrence 1/1
-- Original E/R: SELECT s.supplier_name, sc.email, sc.phone FROM SupplierContact sc JOIN Supplier s ON OWNER(sc) = REF(s) WHERE sc.email IS NOT NULL;
EXPLAIN (ANALYZE, BUFFERS, TIMING OFF, SUMMARY ON, FORMAT TEXT)
WITH
"b0" AS (
    SELECT
        "source"."email" AS "email",
        "source"."phone" AS "phone",
        "source"."supplier_id" AS "__owner_0"
    FROM "relation_20" AS "source"
),
"b1" AS (
    SELECT
        "source"."supplier_name" AS "supplier_name",
        "source"."supplier_id" AS "__reference_0"
    FROM "relation_19" AS "source"
)
SELECT 
    "b1"."supplier_name" AS "supplier_name",
    "b0"."email" AS "email",
    "b0"."phone" AS "phone"
FROM ("b0" INNER JOIN "b1" ON ("b0"."__owner_0" = "b1"."__reference_0"))
WHERE ("b0"."email" IS NOT NULL);
                                                      QUERY PLAN                                                      
----------------------------------------------------------------------------------------------------------------------
 Hash Join  (cost=3040.35..4084.90 rows=44145 width=56) (actual rows=44129 loops=1)
   Hash Cond: (source.supplier_id = source_1.supplier_id)
   Buffers: shared read=1152 dirtied=1
   ->  Seq Scan on relation_20 source  (cost=0.00..928.67 rows=44145 width=43) (actual rows=44129 loops=1)
         Filter: (email IS NOT NULL)
         Rows Removed by Filter: 2339
         Buffers: shared read=464 dirtied=1
   ->  Hash  (cost=1733.49..1733.49 rows=104549 width=21) (actual rows=104549 loops=1)
         Buckets: 131072  Batches: 1  Memory Usage: 6644kB
         Buffers: shared read=688
         ->  Seq Scan on relation_19 source_1  (cost=0.00..1733.49 rows=104549 width=21) (actual rows=104549 loops=1)
               Buffers: shared read=688
 Planning:
   Buffers: shared hit=59 read=13
 Planning Time: 0.161 ms
 Execution Time: 19.868 ms
(16 rows)

-- Q051 [relationship_join] occurrence 1/1
-- Original E/R: SELECT c.category_name, p.product_name FROM category_products cp JOIN Category c ON ENDPOINT(cp, Category) = REF(c) JOIN Product p ON ENDPOINT(cp, Product) = REF(p) WHERE p.is_active = 1;
EXPLAIN (ANALYZE, BUFFERS, TIMING OFF, SUMMARY ON, FORMAT TEXT)
WITH
"b0" AS (
    SELECT
        "source"."category_products_category_id" AS "__endpoint_category_0",
        "source"."product_id" AS "__endpoint_product_0"
    FROM "relation_1" AS "source"
    WHERE ("source"."category_products_category_id" IS NOT NULL)
),
"b1" AS (
    SELECT
        "source"."category_name" AS "category_name",
        "source"."category_id" AS "__reference_0"
    FROM "relation_0" AS "source"
),
"b2" AS (
    SELECT
        "source"."is_active" AS "is_active",
        "source"."product_name" AS "product_name",
        "source"."product_id" AS "__reference_0"
    FROM "relation_1" AS "source"
)
SELECT 
    "b1"."category_name" AS "category_name",
    "b2"."product_name" AS "product_name"
FROM (("b0" INNER JOIN "b1" ON ("b0"."__endpoint_category_0" = "b1"."__reference_0")) INNER JOIN "b2" ON ("b0"."__endpoint_product_0" = "b2"."__reference_0"))
WHERE ("b2"."is_active" = 1);
                                                             QUERY PLAN                                                              
-------------------------------------------------------------------------------------------------------------------------------------
 Gather  (cost=4949.94..537265.70 rows=17992 width=40) (actual rows=570824 loops=1)
   Workers Planned: 2
   Workers Launched: 0
   Buffers: shared hit=2593517 read=514039
   ->  Nested Loop  (cost=3949.94..534466.50 rows=7497 width=40) (actual rows=570824 loops=1)
         Buffers: shared hit=2593517 read=514039
         ->  Hash Join  (cost=3949.51..493945.24 rows=8833 width=10) (actual rows=671871 loops=1)
               Hash Cond: (source.category_products_category_id = source_1.category_id)
               Buffers: shared hit=10 read=420062
               ->  Parallel Seq Scan on relation_1 source  (cost=0.00..489274.18 rows=274875 width=8) (actual rows=671871 loops=1)
                     Filter: (category_products_category_id IS NOT NULL)
                     Rows Removed by Filter: 16124916
                     Buffers: shared hit=9 read=419263
               ->  Hash  (cost=2199.78..2199.78 rows=139978 width=10) (actual rows=139979 loops=1)
                     Buckets: 262144  Batches: 1  Memory Usage: 8086kB
                     Buffers: shared hit=1 read=799
                     ->  Seq Scan on relation_0 source_1  (cost=0.00..2199.78 rows=139978 width=10) (actual rows=139979 loops=1)
                           Buffers: shared hit=1 read=799
         ->  Index Scan using relation_1_pkey on relation_1 source_2  (cost=0.44..4.59 rows=1 width=38) (actual rows=1 loops=671871)
               Index Cond: (product_id = source.product_id)
               Filter: (is_active = 1)
               Rows Removed by Filter: 0
               Buffers: shared hit=2593507 read=93977
 Planning:
   Buffers: shared hit=20 read=11
 Planning Time: 0.178 ms
 JIT:
   Functions: 20
   Options: Inlining true, Optimization true, Expressions true, Deforming true
 Execution Time: 1900.465 ms
(30 rows)

-- Q052 [relationship_join] occurrence 1/1
-- Original E/R: SELECT p.product_name, t.tag_name FROM product_tags pt JOIN Product p ON ENDPOINT(pt, Product) = REF(p) JOIN Tag t ON ENDPOINT(pt, Tag) = REF(t) WHERE p.base_price > 40;
EXPLAIN (ANALYZE, BUFFERS, TIMING OFF, SUMMARY ON, FORMAT TEXT)
WITH
"b0" AS (
    SELECT
        "source"."product_id" AS "__endpoint_product_0",
        "source"."tag_id" AS "__endpoint_tag_0"
    FROM "relation_23" AS "source"
),
"b1" AS (
    SELECT
        "source"."base_price" AS "base_price",
        "source"."product_name" AS "product_name",
        "source"."product_id" AS "__reference_0"
    FROM "relation_1" AS "source"
),
"b2" AS (
    SELECT
        "source"."tag_name" AS "tag_name",
        "source"."tag_id" AS "__reference_0"
    FROM "relation_6" AS "source"
)
SELECT 
    "b1"."product_name" AS "product_name",
    "b2"."tag_name" AS "tag_name"
FROM (("b0" INNER JOIN "b1" ON ("b0"."__endpoint_product_0" = "b1"."__reference_0")) INNER JOIN "b2" ON ("b0"."__endpoint_tag_0" = "b2"."__reference_0"))
WHERE ("b1"."base_price" > 40);
                                                           QUERY PLAN                                                            
---------------------------------------------------------------------------------------------------------------------------------
 Hash Join  (cost=940523.62..1909887.41 rows=28195721 width=40) (actual rows=28103337 loops=1)
   Hash Cond: (source.tag_id = source_2.tag_id)
   Buffers: shared hit=33 read=558174, temp read=203799 written=203799
   ->  Hash Join  (cost=937227.59..1832574.98 rows=28195721 width=38) (actual rows=28103337 loops=1)
         Hash Cond: (source.product_id = source_1.product_id)
         Buffers: shared hit=33 read=557559, temp read=203799 written=203799
         ->  Seq Scan on relation_23 source  (cost=0.00..450777.32 rows=31245732 width=8) (actual rows=31247588 loops=1)
               Buffers: shared read=138320
         ->  Hash  (cost=629278.55..629278.55 rows=15160563 width=38) (actual rows=15107358 loops=1)
               Buckets: 2097152  Batches: 16  Memory Usage: 82901kB
               Buffers: shared hit=33 read=419239, temp written=103668
               ->  Seq Scan on relation_1 source_1  (cost=0.00..629278.55 rows=15160563 width=38) (actual rows=15107358 loops=1)
                     Filter: (base_price > 40)
                     Rows Removed by Filter: 1689429
                     Buffers: shared hit=33 read=419239
   ->  Hash  (cost=1806.57..1806.57 rows=119157 width=10) (actual rows=119157 loops=1)
         Buckets: 131072  Batches: 1  Memory Usage: 6103kB
         Buffers: shared read=615
         ->  Seq Scan on relation_6 source_2  (cost=0.00..1806.57 rows=119157 width=10) (actual rows=119157 loops=1)
               Buffers: shared read=615
 Planning:
   Buffers: shared hit=47 read=29
 Planning Time: 0.255 ms
 JIT:
   Functions: 21
   Options: Inlining true, Optimization true, Expressions true, Deforming true
 Execution Time: 12946.363 ms
(27 rows)

-- Q053 [relationship_join] occurrence 1/1
-- Original E/R: SELECT p.product_name AS bundle, c.product_name AS component FROM bundle_components bc JOIN Product p ON ENDPOINT(bc, product_id) = REF(p) JOIN Product c ON ENDPOINT(bc, bundle_product_id) = REF(c);
EXPLAIN (ANALYZE, BUFFERS, TIMING OFF, SUMMARY ON, FORMAT TEXT)
WITH
"b0" AS (
    SELECT
        "source"."bundle_product_product_id" AS "__endpoint_bundle_product_id_0",
        "source"."product_id" AS "__endpoint_product_id_0"
    FROM "relation_24" AS "source"
),
"b1" AS (
    SELECT
        "source"."product_name" AS "product_name",
        "source"."product_id" AS "__reference_0"
    FROM "relation_1" AS "source"
),
"b2" AS (
    SELECT
        "source"."product_name" AS "product_name",
        "source"."product_id" AS "__reference_0"
    FROM "relation_1" AS "source"
)
SELECT 
    "b1"."product_name" AS "bundle",
    "b2"."product_name" AS "component"
FROM (("b0" INNER JOIN "b1" ON ("b0"."__endpoint_product_id_0" = "b1"."__reference_0")) INNER JOIN "b2" ON ("b0"."__endpoint_bundle_product_id_0" = "b2"."__reference_0"));
                                                                   QUERY PLAN                                                                    
-------------------------------------------------------------------------------------------------------------------------------------------------
 Gather  (cost=586275.84..1443568.66 rows=3359356 width=68) (actual rows=3359356 loops=1)
   Workers Planned: 2
   Workers Launched: 0
   Buffers: shared hit=162 read=853310
   ->  Parallel Hash Join  (cost=585275.84..1106633.06 rows=1399732 width=68) (actual rows=3359356 loops=1)
         Hash Cond: (source_2.product_id = source.bundle_product_product_id)
         Buffers: shared hit=162 read=853310
         ->  Parallel Seq Scan on relation_1 source_2  (cost=0.00..489274.18 rows=7000218 width=38) (actual rows=16796787 loops=1)
               Buffers: shared hit=97 read=419175
         ->  Parallel Hash  (cost=567779.19..567779.19 rows=1399732 width=38) (actual rows=3359356 loops=1)
               Buckets: 4194304  Batches: 1  Memory Usage: 275968kB
               Buffers: shared hit=65 read=434135
               ->  Parallel Hash Join  (cost=46421.97..567779.19 rows=1399732 width=38) (actual rows=3359356 loops=1)
                     Hash Cond: (source_1.product_id = source.product_id)
                     Buffers: shared hit=65 read=434135
                     ->  Parallel Seq Scan on relation_1 source_1  (cost=0.00..489274.18 rows=7000218 width=38) (actual rows=16796787 loops=1)
                           Buffers: shared hit=65 read=419207
                     ->  Parallel Hash  (cost=28925.32..28925.32 rows=1399732 width=8) (actual rows=3359356 loops=1)
                           Buckets: 4194304  Batches: 1  Memory Usage: 164192kB
                           Buffers: shared read=14928
                           ->  Parallel Seq Scan on relation_24 source  (cost=0.00..28925.32 rows=1399732 width=8) (actual rows=3359356 loops=1)
                                 Buffers: shared read=14928
 Planning:
   Buffers: shared hit=45 read=8
 Planning Time: 0.254 ms
 JIT:
   Functions: 19
   Options: Inlining true, Optimization true, Expressions true, Deforming true
 Execution Time: 11340.736 ms
(29 rows)

-- Q054 [relationship_join] occurrence 1/1
-- Original E/R: SELECT p1.product_name AS product, p2.product_name AS related_product FROM bought_together bt JOIN Product p1 ON ENDPOINT(bt, product_id) = REF(p1) JOIN Product p2 ON ENDPOINT(bt, bought_together_product_id) = REF(p2) WHERE p1.is_active = 1 AND p2.is_active = 1;
EXPLAIN (ANALYZE, BUFFERS, TIMING OFF, SUMMARY ON, FORMAT TEXT)
WITH
"b0" AS (
    SELECT
        "source"."bought_together_product_product_id" AS "__endpoint_bought_together_product_id_0",
        "source"."product_id" AS "__endpoint_product_id_0"
    FROM "relation_25" AS "source"
),
"b1" AS (
    SELECT
        "source"."is_active" AS "is_active",
        "source"."product_name" AS "product_name",
        "source"."product_id" AS "__reference_0"
    FROM "relation_1" AS "source"
),
"b2" AS (
    SELECT
        "source"."is_active" AS "is_active",
        "source"."product_name" AS "product_name",
        "source"."product_id" AS "__reference_0"
    FROM "relation_1" AS "source"
)
SELECT 
    "b1"."product_name" AS "product",
    "b2"."product_name" AS "related_product"
FROM (("b0" INNER JOIN "b1" ON ("b0"."__endpoint_product_id_0" = "b1"."__reference_0")) INNER JOIN "b2" ON ("b0"."__endpoint_bought_together_product_id_0" = "b2"."__reference_0"))
WHERE (("b1"."is_active" = 1) AND ("b2"."is_active" = 1));
                                                           QUERY PLAN                                                            
---------------------------------------------------------------------------------------------------------------------------------
 Hash Join  (cost=1837790.23..2721558.12 rows=11797346 width=68) (actual rows=11832565 loops=1)
   Hash Cond: (source.bought_together_product_product_id = source_2.product_id)
   Buffers: shared hit=290 read=910782, temp read=341576 written=341576
   ->  Hash Join  (cost=918895.11..1437577.78 rows=13901036 width=38) (actual rows=13920555 loops=1)
         Hash Cond: (source.product_id = source_1.product_id)
         Buffers: shared hit=161 read=491639, temp read=150453 written=150453
         ->  Seq Scan on relation_25 source  (cost=0.00..236326.54 rows=16379854 width=8) (actual rows=16378086 loops=1)
               Buffers: shared read=72528
         ->  Hash  (cost=629278.55..629278.55 rows=14258045 width=38) (actual rows=14276126 loops=1)
               Buckets: 2097152  Batches: 16  Memory Usage: 79258kB
               Buffers: shared hit=161 read=419111, temp written=97957
               ->  Seq Scan on relation_1 source_1  (cost=0.00..629278.55 rows=14258045 width=38) (actual rows=14276126 loops=1)
                     Filter: (is_active = 1)
                     Rows Removed by Filter: 2520661
                     Buffers: shared hit=161 read=419111
   ->  Hash  (cost=629278.55..629278.55 rows=14258045 width=38) (actual rows=14276126 loops=1)
         Buckets: 2097152  Batches: 16  Memory Usage: 79258kB
         Buffers: shared hit=129 read=419143, temp written=97957
         ->  Seq Scan on relation_1 source_2  (cost=0.00..629278.55 rows=14258045 width=38) (actual rows=14276126 loops=1)
               Filter: (is_active = 1)
               Rows Removed by Filter: 2520661
               Buffers: shared hit=129 read=419143
 Planning:
   Buffers: shared hit=45 read=8
 Planning Time: 0.235 ms
 JIT:
   Functions: 23
   Options: Inlining true, Optimization true, Expressions true, Deforming true
 Execution Time: 14902.462 ms
(29 rows)

-- Q055 [relationship_join] occurrence 1/1
-- Original E/R: SELECT OWNER(c) AS customer_ref, p.product_name FROM cart_contains cc JOIN Cart c ON ENDPOINT(cc, Cart) = REF(c) JOIN Product p ON ENDPOINT(cc, Product) = REF(p) WHERE p.quantity > 3;
EXPLAIN (ANALYZE, BUFFERS, TIMING OFF, SUMMARY ON, FORMAT TEXT)
WITH
"b0" AS (
    SELECT
        "source"."customer_id" AS "__endpoint_cart_0",
        "source"."cart_id" AS "__endpoint_cart_1",
        "source"."product_id" AS "__endpoint_product_0"
    FROM "relation_26" AS "source"
),
"b1" AS (
    SELECT
        "source"."user_id" AS "__owner_0",
        "source"."user_id" AS "__reference_0",
        "source"."cart_id" AS "__reference_1"
    FROM "relation_9" AS "source"
),
"b2" AS (
    SELECT
        "source"."product_name" AS "product_name",
        "source"."quantity" AS "quantity",
        "source"."product_id" AS "__reference_0"
    FROM "relation_1" AS "source"
)
SELECT 
    "b1"."__owner_0" AS "customer_ref",
    "b2"."product_name" AS "product_name"
FROM (("b0" INNER JOIN "b1" ON ("b0"."__endpoint_cart_0" = "b1"."__reference_0" AND "b0"."__endpoint_cart_1" = "b1"."__reference_1")) INNER JOIN "b2" ON ("b0"."__endpoint_product_0" = "b2"."__reference_0"))
WHERE ("b2"."quantity" > 3);
                                                          QUERY PLAN                                                          
------------------------------------------------------------------------------------------------------------------------------
 Nested Loop  (cost=1333.76..2180.41 rows=1 width=38) (actual rows=36227 loops=1)
   Buffers: shared hit=85634 read=76333
   ->  Hash Join  (cost=1333.33..2172.94 rows=1 width=8) (actual rows=40368 loops=1)
         Hash Cond: ((source.customer_id = source_1.user_id) AND (source.cart_id = source_1.cart_id))
         Buffers: shared read=495
         ->  Seq Scan on relation_26 source  (cost=0.00..627.68 rows=40368 width=12) (actual rows=40368 loops=1)
               Buffers: shared read=224
         ->  Hash  (cost=695.93..695.93 rows=42493 width=8) (actual rows=42493 loops=1)
               Buckets: 65536  Batches: 1  Memory Usage: 2172kB
               Buffers: shared read=271
               ->  Seq Scan on relation_9 source_1  (cost=0.00..695.93 rows=42493 width=8) (actual rows=42493 loops=1)
                     Buffers: shared read=271
   ->  Index Scan using relation_1_pkey on relation_1 source_2  (cost=0.44..7.47 rows=1 width=38) (actual rows=1 loops=40368)
         Index Cond: (product_id = source.product_id)
         Filter: (quantity > 3)
         Rows Removed by Filter: 0
         Buffers: shared hit=85634 read=75838
 Planning:
   Buffers: shared hit=47 read=10
 Planning Time: 0.256 ms
 Execution Time: 174.627 ms
(21 rows)

-- Q056 [relationship_join] occurrence 1/1
-- Original E/R: SELECT w.wishlist_name, p.product_name FROM wishlist_contains wc JOIN Wishlist w ON ENDPOINT(wc, Wishlist) = REF(w) JOIN Product p ON ENDPOINT(wc, Product) = REF(p) WHERE p.base_price < 358;
EXPLAIN (ANALYZE, BUFFERS, TIMING OFF, SUMMARY ON, FORMAT TEXT)
WITH
"b0" AS (
    SELECT
        "source"."product_id" AS "__endpoint_product_0",
        "source"."customer_id" AS "__endpoint_wishlist_0",
        "source"."wishlist_id" AS "__endpoint_wishlist_1"
    FROM "relation_27" AS "source"
),
"b1" AS (
    SELECT
        "source"."wishlist_name" AS "wishlist_name",
        "source"."user_id" AS "__reference_0",
        "source"."wishlist_id" AS "__reference_1"
    FROM "relation_10" AS "source"
),
"b2" AS (
    SELECT
        "source"."base_price" AS "base_price",
        "source"."product_name" AS "product_name",
        "source"."product_id" AS "__reference_0"
    FROM "relation_1" AS "source"
)
SELECT 
    "b1"."wishlist_name" AS "wishlist_name",
    "b2"."product_name" AS "product_name"
FROM (("b0" INNER JOIN "b1" ON ("b0"."__endpoint_wishlist_0" = "b1"."__reference_0" AND "b0"."__endpoint_wishlist_1" = "b1"."__reference_1")) INNER JOIN "b2" ON ("b0"."__endpoint_product_0" = "b2"."__reference_0"))
WHERE ("b2"."base_price" < 358);
                                                          QUERY PLAN                                                          
------------------------------------------------------------------------------------------------------------------------------
 Nested Loop  (cost=1418.24..2664.79 rows=1 width=42) (actual rows=53934 loops=1)
   Buffers: shared hit=127262 read=113293
   ->  Hash Join  (cost=1417.80..2657.68 rows=1 width=12) (actual rows=59992 loops=1)
         Hash Cond: ((source.customer_id = source_1.user_id) AND (source.wishlist_id = source_1.wishlist_id))
         Buffers: shared read=587
         ->  Seq Scan on relation_27 source  (cost=0.00..924.92 rows=59992 width=12) (actual rows=59992 loops=1)
               Buffers: shared read=325
         ->  Hash  (cost=724.32..724.32 rows=46232 width=16) (actual rows=46232 loops=1)
               Buckets: 65536  Batches: 1  Memory Usage: 2725kB
               Buffers: shared read=262
               ->  Seq Scan on relation_10 source_1  (cost=0.00..724.32 rows=46232 width=16) (actual rows=46232 loops=1)
                     Buffers: shared read=262
   ->  Index Scan using relation_1_pkey on relation_1 source_2  (cost=0.44..7.11 rows=1 width=38) (actual rows=1 loops=59992)
         Index Cond: (product_id = source.product_id)
         Filter: (base_price < 358)
         Rows Removed by Filter: 0
         Buffers: shared hit=127262 read=112706
 Planning:
   Buffers: shared hit=34 read=23
 Planning Time: 0.270 ms
 Execution Time: 250.237 ms
(21 rows)

-- Q057 [relationship_join] occurrence 1/1
-- Original E/R: SELECT p.product_name, r.rating, r.title FROM reviews rv JOIN Product p ON ENDPOINT(rv, Product) = REF(p) JOIN Review r ON ENDPOINT(rv, Review) = REF(r) WHERE r.rating >= 1;
EXPLAIN (ANALYZE, BUFFERS, TIMING OFF, SUMMARY ON, FORMAT TEXT)
WITH
"b0" AS (
    SELECT
        "source"."reviews_product_id" AS "__endpoint_product_0",
        "source"."user_id" AS "__endpoint_review_0",
        "source"."review_id" AS "__endpoint_review_1"
    FROM "relation_11" AS "source"
    WHERE ("source"."reviews_product_id" IS NOT NULL)
),
"b1" AS (
    SELECT
        "source"."product_name" AS "product_name",
        "source"."product_id" AS "__reference_0"
    FROM "relation_1" AS "source"
),
"b2" AS (
    SELECT
        "source"."rating" AS "rating",
        "source"."title" AS "title",
        "source"."user_id" AS "__reference_0",
        "source"."review_id" AS "__reference_1"
    FROM "relation_11" AS "source"
)
SELECT 
    "b1"."product_name" AS "product_name",
    "b2"."rating" AS "rating",
    "b2"."title" AS "title"
FROM (("b0" INNER JOIN "b1" ON ("b0"."__endpoint_product_0" = "b1"."__reference_0")) INNER JOIN "b2" ON ("b0"."__endpoint_review_0" = "b2"."__reference_0" AND "b0"."__endpoint_review_1" = "b2"."__reference_1"))
WHERE ("b2"."rating" >= 1);
                                                         QUERY PLAN                                                         
----------------------------------------------------------------------------------------------------------------------------
 Nested Loop  (cost=976.98..2153.63 rows=1 width=75) (actual rows=253 loops=1)
   Buffers: shared hit=1263 read=1189
   ->  Hash Join  (cost=976.54..2145.18 rows=1 width=45) (actual rows=253 loops=1)
         Hash Cond: ((source_2.user_id = source.user_id) AND (source_2.review_id = source.review_id))
         Buffers: shared hit=720 read=720
         ->  Seq Scan on relation_11 source_2  (cost=0.00..1035.94 rows=25275 width=49) (actual rows=25275 loops=1)
               Filter: (rating >= 1)
               Buffers: shared hit=719 read=1
         ->  Hash  (cost=972.75..972.75 rows=253 width=12) (actual rows=253 loops=1)
               Buckets: 1024  Batches: 1  Memory Usage: 19kB
               Buffers: shared hit=1 read=719
               ->  Seq Scan on relation_11 source  (cost=0.00..972.75 rows=253 width=12) (actual rows=253 loops=1)
                     Filter: (reviews_product_id IS NOT NULL)
                     Rows Removed by Filter: 25022
                     Buffers: shared hit=1 read=719
   ->  Index Scan using relation_1_pkey on relation_1 source_1  (cost=0.44..8.46 rows=1 width=38) (actual rows=1 loops=253)
         Index Cond: (product_id = source.reviews_product_id)
         Buffers: shared hit=543 read=469
 Planning:
   Buffers: shared hit=12 read=11
 Planning Time: 0.201 ms
 Execution Time: 4.707 ms
(22 rows)

-- Q058 [relationship_join] occurrence 1/1
-- Original E/R: SELECT c.email, o.placed_at, o.status FROM customer_orders co JOIN Customer c ON ENDPOINT(co, Customer) = REF(c) JOIN CustOrder o ON ENDPOINT(co, CustOrder) = REF(o) WHERE o.status = 'delivered';
EXPLAIN (ANALYZE, BUFFERS, TIMING OFF, SUMMARY ON, FORMAT TEXT)
WITH
"b0" AS (
    SELECT
        "source"."customer_orders_customer_id" AS "__endpoint_customer_0",
        "source"."custorder_id" AS "__endpoint_custorder_0"
    FROM "relation_13" AS "source"
    WHERE ("source"."customer_orders_customer_id" IS NOT NULL)
),
"b1" AS (
    SELECT
        "source"."email" AS "email",
        "source"."user_id" AS "__reference_0"
    FROM "relation_2" AS "source"
    WHERE ("source"."role" IN ('customer', 'businesscustomer', 'primecustomer'))
),
"b2" AS (
    SELECT
        "source"."placed_at" AS "placed_at",
        "source"."status" AS "status",
        "source"."custorder_id" AS "__reference_0"
    FROM "relation_13" AS "source"
)
SELECT 
    "b1"."email" AS "email",
    "b2"."placed_at" AS "placed_at",
    "b2"."status" AS "status"
FROM (("b0" INNER JOIN "b1" ON ("b0"."__endpoint_customer_0" = "b1"."__reference_0")) INNER JOIN "b2" ON ("b0"."__endpoint_custorder_0" = "b2"."__reference_0"))
WHERE ("b2"."status" = 'delivered');
                                                                  QUERY PLAN                                                                   
-----------------------------------------------------------------------------------------------------------------------------------------------
 Gather  (cost=6059.46..67544.62 rows=23600 width=42) (actual rows=37234 loops=1)
   Workers Planned: 2
   Workers Launched: 0
   Buffers: shared hit=1656 read=50264
   ->  Parallel Hash Join  (cost=5059.46..64184.62 rows=9833 width=42) (actual rows=37234 loops=1)
         Hash Cond: (source_1.user_id = source.customer_orders_customer_id)
         Buffers: shared hit=1656 read=50264
         ->  Parallel Seq Scan on relation_2 source_1  (cost=0.00..57430.64 rows=436448 width=26) (actual rows=1036985 loops=1)
               Filter: ((role)::text = ANY ('{customer,businesscustomer,primecustomer}'::text[]))
               Rows Removed by Filter: 503556
               Buffers: shared read=48608
         ->  Parallel Hash  (cost=4784.91..4784.91 rows=21964 width=24) (actual rows=37234 loops=1)
               Buckets: 65536  Batches: 1  Memory Usage: 2848kB
               Buffers: shared hit=1656 read=1656
               ->  Parallel Hash Join  (cost=2541.62..4784.91 rows=21964 width=24) (actual rows=37234 loops=1)
                     Hash Cond: (source.custorder_id = source_2.custorder_id)
                     Buffers: shared hit=1656 read=1656
                     ->  Parallel Seq Scan on relation_13 source  (cost=0.00..2128.12 rows=43869 width=8) (actual rows=74642 loops=1)
                           Filter: (customer_orders_customer_id IS NOT NULL)
                           Rows Removed by Filter: 5618
                           Buffers: shared hit=1656
                     ->  Parallel Hash  (cost=2246.15..2246.15 rows=23638 width=24) (actual rows=40105 loops=1)
                           Buckets: 65536  Batches: 1  Memory Usage: 3040kB
                           Buffers: shared read=1656
                           ->  Parallel Seq Scan on relation_13 source_2  (cost=0.00..2246.15 rows=23638 width=24) (actual rows=40105 loops=1)
                                 Filter: ((status)::text = 'delivered'::text)
                                 Rows Removed by Filter: 40155
                                 Buffers: shared read=1656
 Planning:
   Buffers: shared hit=12 read=7
 Planning Time: 0.149 ms
 Execution Time: 231.529 ms
(32 rows)

-- Q059 [relationship_join] occurrence 1/1
-- Original E/R: SELECT o.status, p.product_name, p.base_price FROM order_items oi JOIN CustOrder o ON ENDPOINT(oi, CustOrder) = REF(o) JOIN Product p ON ENDPOINT(oi, Product) = REF(p) WHERE p.quantity > 0;
EXPLAIN (ANALYZE, BUFFERS, TIMING OFF, SUMMARY ON, FORMAT TEXT)
WITH
"b0" AS (
    SELECT
        "source"."custorder_id" AS "__endpoint_custorder_0",
        "source"."product_id" AS "__endpoint_product_0"
    FROM "relation_28" AS "source"
),
"b1" AS (
    SELECT
        "source"."status" AS "status",
        "source"."custorder_id" AS "__reference_0"
    FROM "relation_13" AS "source"
),
"b2" AS (
    SELECT
        "source"."base_price" AS "base_price",
        "source"."product_name" AS "product_name",
        "source"."quantity" AS "quantity",
        "source"."product_id" AS "__reference_0"
    FROM "relation_1" AS "source"
)
SELECT 
    "b1"."status" AS "status",
    "b2"."product_name" AS "product_name",
    "b2"."base_price" AS "base_price"
FROM (("b0" INNER JOIN "b1" ON ("b0"."__endpoint_custorder_0" = "b1"."__reference_0")) INNER JOIN "b2" ON ("b0"."__endpoint_product_0" = "b2"."__reference_0"))
WHERE ("b2"."quantity" > 0);
                                                                          QUERY PLAN                                                                           
---------------------------------------------------------------------------------------------------------------------------------------------------------------
 Gather  (cost=3719.00..294921.42 rows=95481 width=47) (actual rows=95471 loops=1)
   Workers Planned: 2
   Workers Launched: 0
   Buffers: shared hit=221040 read=196075
   ->  Parallel Hash Join  (cost=2719.00..284373.32 rows=39784 width=47) (actual rows=95471 loops=1)
         Hash Cond: (source.custorder_id = source_1.custorder_id)
         Buffers: shared hit=221040 read=196075
         ->  Nested Loop  (cost=0.73..281550.62 rows=39784 width=42) (actual rows=95471 loops=1)
               Buffers: shared hit=219384 read=196075
               ->  Parallel Index Only Scan using relation_28_pkey on relation_28 source  (cost=0.29..2547.48 rows=43236 width=8) (actual rows=103766 loops=1)
                     Heap Fetches: 0
                     Buffers: shared hit=3 read=392
               ->  Index Scan using relation_1_pkey on relation_1 source_2  (cost=0.44..6.45 rows=1 width=42) (actual rows=1 loops=103766)
                     Index Cond: (product_id = source.product_id)
                     Filter: (quantity > 0)
                     Rows Removed by Filter: 0
                     Buffers: shared hit=219381 read=195683
         ->  Parallel Hash  (cost=2128.12..2128.12 rows=47212 width=13) (actual rows=80260 loops=1)
               Buckets: 131072  Batches: 1  Memory Usage: 4800kB
               Buffers: shared hit=1656
               ->  Parallel Seq Scan on relation_13 source_1  (cost=0.00..2128.12 rows=47212 width=13) (actual rows=80260 loops=1)
                     Buffers: shared hit=1656
 Planning:
   Buffers: shared hit=37 read=13
 Planning Time: 0.221 ms
 JIT:
   Functions: 15
   Options: Inlining false, Optimization false, Expressions true, Deforming true
 Execution Time: 447.893 ms
(29 rows)

-- Q060 [relationship_join] occurrence 1/1
-- Original E/R: SELECT pm.brand, pm.last4, o.status FROM payment_order po JOIN PaymentMethod pm ON ENDPOINT(po, PaymentMethod) = REF(pm) JOIN CustOrder o ON ENDPOINT(po, CustOrder) = REF(o) WHERE pm.is_default = 'false';
EXPLAIN (ANALYZE, BUFFERS, TIMING OFF, SUMMARY ON, FORMAT TEXT)
WITH
"b0" AS (
    SELECT
        "source"."custorder_id" AS "__endpoint_custorder_0",
        "source"."payment_order_customer_id" AS "__endpoint_paymentmethod_0",
        "source"."payment_order_payment_method_id" AS "__endpoint_paymentmethod_1"
    FROM "relation_13" AS "source"
    WHERE ("source"."payment_order_customer_id" IS NOT NULL) AND ("source"."payment_order_payment_method_id" IS NOT NULL)
),
"b1" AS (
    SELECT
        "source"."brand" AS "brand",
        "source"."is_default" AS "is_default",
        "source"."last4" AS "last4",
        "source"."user_id" AS "__reference_0",
        "source"."payment_method_id" AS "__reference_1"
    FROM "relation_8" AS "source"
),
"b2" AS (
    SELECT
        "source"."status" AS "status",
        "source"."custorder_id" AS "__reference_0"
    FROM "relation_13" AS "source"
)
SELECT 
    "b1"."brand" AS "brand",
    "b1"."last4" AS "last4",
    "b2"."status" AS "status"
FROM (("b0" INNER JOIN "b1" ON ("b0"."__endpoint_paymentmethod_0" = "b1"."__reference_0" AND "b0"."__endpoint_paymentmethod_1" = "b1"."__reference_1")) INNER JOIN "b2" ON ("b0"."__endpoint_custorder_0" = "b2"."__reference_0"))
WHERE ("b1"."is_default" = 'false');
                                                                         QUERY PLAN                                                                         
------------------------------------------------------------------------------------------------------------------------------------------------------------
 Nested Loop  (cost=3676.50..6333.04 rows=1 width=21) (actual rows=55028 loops=1)
   Buffers: shared hit=219685 read=3243
   ->  Gather  (cost=3676.08..6332.47 rows=1 width=16) (actual rows=55028 loops=1)
         Workers Planned: 1
         Workers Launched: 0
         Buffers: shared read=2816
         ->  Parallel Hash Join  (cost=2676.08..5332.37 rows=1 width=16) (actual rows=55028 loops=1)
               Hash Cond: ((source_1.user_id = source.payment_order_customer_id) AND (source_1.payment_method_id = source.payment_order_payment_method_id))
               Buffers: shared read=2816
               ->  Parallel Seq Scan on relation_8 source_1  (cost=0.00..2179.83 rows=63526 width=20) (actual rows=108000 loops=1)
                     Filter: ((is_default)::text = 'false'::text)
                     Rows Removed by Filter: 30697
                     Buffers: shared read=1160
               ->  Parallel Hash  (cost=2128.12..2128.12 rows=36531 width=12) (actual rows=70629 loops=1)
                     Buckets: 131072 (originally 65536)  Batches: 1 (originally 1)  Memory Usage: 4864kB
                     Buffers: shared read=1656
                     ->  Parallel Seq Scan on relation_13 source  (cost=0.00..2128.12 rows=36531 width=12) (actual rows=70629 loops=1)
                           Filter: ((payment_order_customer_id IS NOT NULL) AND (payment_order_payment_method_id IS NOT NULL))
                           Rows Removed by Filter: 9631
                           Buffers: shared read=1656
   ->  Index Scan using relation_13_pkey on relation_13 source_2  (cost=0.42..0.57 rows=1 width=13) (actual rows=1 loops=55028)
         Index Cond: (custorder_id = source.custorder_id)
         Buffers: shared hit=219685 read=427
 Planning:
   Buffers: shared hit=17 read=16
 Planning Time: 0.195 ms
 Execution Time: 107.662 ms
(27 rows)

-- Q061 [relationship_join] occurrence 1/1
-- Original E/R: SELECT o.placed_at, p.product_name FROM order_returns r JOIN CustOrder o ON ENDPOINT(r, CustOrder) = REF(o) JOIN Product p ON ENDPOINT(r, Product) = REF(p) WHERE o.status = 'delivered';
EXPLAIN (ANALYZE, BUFFERS, TIMING OFF, SUMMARY ON, FORMAT TEXT)
WITH
"b0" AS (
    SELECT
        "source"."custorder_id" AS "__endpoint_custorder_0",
        "source"."product_id" AS "__endpoint_product_0"
    FROM "relation_29" AS "source"
),
"b1" AS (
    SELECT
        "source"."placed_at" AS "placed_at",
        "source"."status" AS "status",
        "source"."custorder_id" AS "__reference_0"
    FROM "relation_13" AS "source"
),
"b2" AS (
    SELECT
        "source"."product_name" AS "product_name",
        "source"."product_id" AS "__reference_0"
    FROM "relation_1" AS "source"
)
SELECT 
    "b1"."placed_at" AS "placed_at",
    "b2"."product_name" AS "product_name"
FROM (("b0" INNER JOIN "b1" ON ("b0"."__endpoint_custorder_0" = "b1"."__reference_0")) INNER JOIN "b2" ON ("b0"."__endpoint_product_0" = "b2"."__reference_0"))
WHERE ("b1"."status" = 'delivered');
                                                            QUERY PLAN                                                             
-----------------------------------------------------------------------------------------------------------------------------------
 Gather  (cost=1489.99..47420.78 rows=9091 width=45) (actual rows=9030 loops=1)
   Workers Planned: 1
   Workers Launched: 0
   Buffers: shared hit=20593 read=17264
   ->  Nested Loop  (cost=489.99..45511.68 rows=5348 width=45) (actual rows=9030 loops=1)
         Buffers: shared hit=20593 read=17264
         ->  Hash Join  (cost=489.56..2907.37 rows=5348 width=15) (actual rows=9030 loops=1)
               Hash Cond: (source_1.custorder_id = source.custorder_id)
               Buffers: shared hit=1656 read=81
               ->  Parallel Seq Scan on relation_13 source_1  (cost=0.00..2246.15 rows=23638 width=15) (actual rows=40105 loops=1)
                     Filter: ((status)::text = 'delivered'::text)
                     Rows Removed by Filter: 40155
                     Buffers: shared hit=1656
               ->  Hash  (cost=262.58..262.58 rows=18158 width=8) (actual rows=18158 loops=1)
                     Buckets: 32768  Batches: 1  Memory Usage: 966kB
                     Buffers: shared read=81
                     ->  Seq Scan on relation_29 source  (cost=0.00..262.58 rows=18158 width=8) (actual rows=18158 loops=1)
                           Buffers: shared read=81
         ->  Index Scan using relation_1_pkey on relation_1 source_2  (cost=0.44..7.97 rows=1 width=38) (actual rows=1 loops=9030)
               Index Cond: (product_id = source.product_id)
               Buffers: shared hit=18937 read=17183
 Planning:
   Buffers: shared hit=33 read=17
 Planning Time: 0.234 ms
 Execution Time: 46.840 ms
(25 rows)

-- Q062 [relationship_join] occurrence 1/1
-- Original E/R: SELECT o.status, c.max_uses, c.per_user_limit FROM order_coupons oc JOIN CustOrder o ON ENDPOINT(oc, CustOrder) = REF(o) JOIN Coupon c ON ENDPOINT(oc, Coupon) = REF(c) WHERE c.per_user_limit > 1;
EXPLAIN (ANALYZE, BUFFERS, TIMING OFF, SUMMARY ON, FORMAT TEXT)
WITH
"b0" AS (
    SELECT
        "source"."promotion_id" AS "__endpoint_coupon_0",
        "source"."coupon_code" AS "__endpoint_coupon_1",
        "source"."order_coupons_custorder_id" AS "__endpoint_custorder_0"
    FROM "relation_16" AS "source"
    WHERE ("source"."order_coupons_custorder_id" IS NOT NULL)
),
"b1" AS (
    SELECT
        "source"."status" AS "status",
        "source"."custorder_id" AS "__reference_0"
    FROM "relation_13" AS "source"
),
"b2" AS (
    SELECT
        "source"."max_uses" AS "max_uses",
        "source"."per_user_limit" AS "per_user_limit",
        "source"."promotion_id" AS "__reference_0",
        "source"."coupon_code" AS "__reference_1"
    FROM "relation_16" AS "source"
)
SELECT 
    "b1"."status" AS "status",
    "b2"."max_uses" AS "max_uses",
    "b2"."per_user_limit" AS "per_user_limit"
FROM (("b0" INNER JOIN "b1" ON ("b0"."__endpoint_custorder_0" = "b1"."__reference_0")) INNER JOIN "b2" ON ("b0"."__endpoint_coupon_0" = "b2"."__reference_0" AND "b0"."__endpoint_coupon_1" = "b2"."__reference_1"))
WHERE ("b2"."per_user_limit" > 1);
                                                          QUERY PLAN                                                           
-------------------------------------------------------------------------------------------------------------------------------
 Nested Loop  (cost=755.36..1611.43 rows=1 width=17) (actual rows=2892 loops=1)
   Buffers: shared hit=11826 read=258
   ->  Hash Join  (cost=754.95..1609.69 rows=1 width=12) (actual rows=2892 loops=1)
         Hash Cond: ((source_2.promotion_id = source.promotion_id) AND (source_2.coupon_code = source.coupon_code))
         Buffers: shared hit=258 read=258
         ->  Seq Scan on relation_16 source_2  (cost=0.00..759.50 rows=18141 width=16) (actual rows=18100 loops=1)
               Filter: (per_user_limit > 1)
               Rows Removed by Filter: 22020
               Buffers: shared hit=257 read=1
         ->  Hash  (cost=659.20..659.20 rows=6383 width=12) (actual rows=6420 loops=1)
               Buckets: 8192  Batches: 1  Memory Usage: 340kB
               Buffers: shared hit=1 read=257
               ->  Seq Scan on relation_16 source  (cost=0.00..659.20 rows=6383 width=12) (actual rows=6420 loops=1)
                     Filter: (order_coupons_custorder_id IS NOT NULL)
                     Rows Removed by Filter: 33700
                     Buffers: shared hit=1 read=257
   ->  Index Scan using relation_13_pkey on relation_13 source_1  (cost=0.42..1.74 rows=1 width=13) (actual rows=1 loops=2892)
         Index Cond: (custorder_id = source.order_coupons_custorder_id)
         Buffers: shared hit=11568
 Planning:
   Buffers: shared hit=21 read=5
 Planning Time: 0.206 ms
 Execution Time: 6.616 ms
(23 rows)

-- Q063 [relationship_join] occurrence 1/1
-- Original E/R: SELECT p.product_name, b.code FROM stock st JOIN Product p ON ENDPOINT(st, Product) = REF(p) JOIN WarehouseBin b ON ENDPOINT(st, WarehouseBin) = REF(b) WHERE p.quantity < 253;
EXPLAIN (ANALYZE, BUFFERS, TIMING OFF, SUMMARY ON, FORMAT TEXT)
WITH
"b0" AS (
    SELECT
        "source"."product_id" AS "__endpoint_product_0",
        "source"."warehouse_id" AS "__endpoint_warehousebin_0",
        "source"."bin_id" AS "__endpoint_warehousebin_1"
    FROM "relation_30" AS "source"
),
"b1" AS (
    SELECT
        "source"."product_name" AS "product_name",
        "source"."quantity" AS "quantity",
        "source"."product_id" AS "__reference_0"
    FROM "relation_1" AS "source"
),
"b2" AS (
    SELECT
        "source"."code" AS "code",
        "source"."warehouse_id" AS "__reference_0",
        "source"."bin_id" AS "__reference_1"
    FROM "relation_18" AS "source"
)
SELECT 
    "b1"."product_name" AS "product_name",
    "b2"."code" AS "code"
FROM (("b0" INNER JOIN "b1" ON ("b0"."__endpoint_product_0" = "b1"."__reference_0")) INNER JOIN "b2" ON ("b0"."__endpoint_warehousebin_0" = "b2"."__reference_0" AND "b0"."__endpoint_warehousebin_1" = "b2"."__reference_1"))
WHERE ("b1"."quantity" < 253);
                                                               QUERY PLAN                                                               
----------------------------------------------------------------------------------------------------------------------------------------
 Gather  (cost=1358.64..156169.04 rows=1222 width=44) (actual rows=12974145 loops=1)
   Workers Planned: 2
   Workers Launched: 0
   Buffers: shared hit=40075044 read=12396445
   ->  Nested Loop  (cost=358.64..155046.84 rows=509 width=44) (actual rows=12974145 loops=1)
         Buffers: shared hit=40075044 read=12396445
         ->  Hash Join  (cost=358.20..154414.34 rows=514 width=14) (actual rows=13100150 loops=1)
               Hash Cond: ((source.warehouse_id = source_2.warehouse_id) AND (source.bin_id = source_2.bin_id))
               Buffers: shared read=70889
               ->  Parallel Seq Scan on relation_30 source  (cost=0.00..125399.70 rows=5458370 width=12) (actual rows=13100150 loops=1)
                     Buffers: shared read=70816
               ->  Hash  (cost=187.08..187.08 rows=11408 width=18) (actual rows=11408 loops=1)
                     Buckets: 16384  Batches: 1  Memory Usage: 708kB
                     Buffers: shared read=73
                     ->  Seq Scan on relation_18 source_2  (cost=0.00..187.08 rows=11408 width=18) (actual rows=11408 loops=1)
                           Buffers: shared read=73
         ->  Index Scan using relation_1_pkey on relation_1 source_1  (cost=0.44..1.23 rows=1 width=38) (actual rows=1 loops=13100150)
               Index Cond: (product_id = source.product_id)
               Filter: (quantity < 253)
               Rows Removed by Filter: 0
               Buffers: shared hit=40075044 read=12325556
 Planning:
   Buffers: shared hit=37 read=22
 Planning Time: 0.241 ms
 JIT:
   Functions: 21
   Options: Inlining false, Optimization false, Expressions true, Deforming true
 Execution Time: 33328.257 ms
(28 rows)

-- Q064 [relationship_join] occurrence 1/1
-- Original E/R: SELECT s.supplier_name, p.product_name FROM supplier_products sp JOIN Supplier s ON ENDPOINT(sp, Supplier) = REF(s) JOIN Product p ON ENDPOINT(sp, Product) = REF(p) WHERE p.is_active = 1;
EXPLAIN (ANALYZE, BUFFERS, TIMING OFF, SUMMARY ON, FORMAT TEXT)
WITH
"b0" AS (
    SELECT
        "source"."product_id" AS "__endpoint_product_0",
        "source"."supplier_id" AS "__endpoint_supplier_0"
    FROM "relation_31" AS "source"
),
"b1" AS (
    SELECT
        "source"."supplier_name" AS "supplier_name",
        "source"."supplier_id" AS "__reference_0"
    FROM "relation_19" AS "source"
),
"b2" AS (
    SELECT
        "source"."is_active" AS "is_active",
        "source"."product_name" AS "product_name",
        "source"."product_id" AS "__reference_0"
    FROM "relation_1" AS "source"
)
SELECT 
    "b1"."supplier_name" AS "supplier_name",
    "b2"."product_name" AS "product_name"
FROM (("b0" INNER JOIN "b1" ON ("b0"."__endpoint_supplier_0" = "b1"."__reference_0")) INNER JOIN "b2" ON ("b0"."__endpoint_product_0" = "b2"."__reference_0"))
WHERE ("b2"."is_active" = 1);
                                                                          QUERY PLAN                                                                          
--------------------------------------------------------------------------------------------------------------------------------------------------------------
 Gather  (cost=4041.08..179245.09 rows=32829 width=51) (actual rows=32854 loops=1)
   Workers Planned: 1
   Workers Launched: 0
   Buffers: shared hit=81973 read=73594
   ->  Hash Join  (cost=3041.08..174962.19 rows=19311 width=51) (actual rows=32854 loops=1)
         Hash Cond: (source.supplier_id = source_1.supplier_id)
         Buffers: shared hit=81973 read=73594
         ->  Nested Loop  (cost=0.73..171871.15 rows=19311 width=38) (actual rows=32854 loops=1)
               Buffers: shared hit=81973 read=72906
               ->  Parallel Index Only Scan using relation_31_pkey on relation_31 source  (cost=0.29..1009.25 rows=22755 width=8) (actual rows=38683 loops=1)
                     Heap Fetches: 0
                     Buffers: shared hit=3 read=144
               ->  Index Scan using relation_1_pkey on relation_1 source_2  (cost=0.44..7.51 rows=1 width=38) (actual rows=1 loops=38683)
                     Index Cond: (product_id = source.product_id)
                     Filter: (is_active = 1)
                     Rows Removed by Filter: 0
                     Buffers: shared hit=81970 read=72762
         ->  Hash  (cost=1733.49..1733.49 rows=104549 width=21) (actual rows=104549 loops=1)
               Buckets: 131072  Batches: 1  Memory Usage: 6644kB
               Buffers: shared read=688
               ->  Seq Scan on relation_19 source_1  (cost=0.00..1733.49 rows=104549 width=21) (actual rows=104549 loops=1)
                     Buffers: shared read=688
 Planning:
   Buffers: shared hit=27 read=21
 Planning Time: 0.226 ms
 JIT:
   Functions: 15
   Options: Inlining false, Optimization false, Expressions true, Deforming true
 Execution Time: 177.855 ms
(29 rows)

-- Q065 [relationship_join] occurrence 1/1
-- Original E/R: SELECT s.supplier_name, po.created_at, po.status FROM supplier_pos r JOIN Supplier s ON ENDPOINT(r, Supplier) = REF(s) JOIN PurchaseOrder po ON ENDPOINT(r, PurchaseOrder) = REF(po) WHERE po.status <> 'cancelled';
EXPLAIN (ANALYZE, BUFFERS, TIMING OFF, SUMMARY ON, FORMAT TEXT)
WITH
"b0" AS (
    SELECT
        "source"."purchaseorder_id" AS "__endpoint_purchaseorder_0",
        "source"."supplier_pos_supplier_id" AS "__endpoint_supplier_0"
    FROM "relation_21" AS "source"
    WHERE ("source"."supplier_pos_supplier_id" IS NOT NULL)
),
"b1" AS (
    SELECT
        "source"."supplier_name" AS "supplier_name",
        "source"."supplier_id" AS "__reference_0"
    FROM "relation_19" AS "source"
),
"b2" AS (
    SELECT
        "source"."created_at" AS "created_at",
        "source"."status" AS "status",
        "source"."purchaseorder_id" AS "__reference_0"
    FROM "relation_21" AS "source"
)
SELECT 
    "b1"."supplier_name" AS "supplier_name",
    "b2"."created_at" AS "created_at",
    "b2"."status" AS "status"
FROM (("b0" INNER JOIN "b1" ON ("b0"."__endpoint_supplier_0" = "b1"."__reference_0")) INNER JOIN "b2" ON ("b0"."__endpoint_purchaseorder_0" = "b2"."__reference_0"))
WHERE ("b2"."status" <> 'cancelled');
                                                       QUERY PLAN                                                        
-------------------------------------------------------------------------------------------------------------------------
 Hash Join  (cost=7822.44..11972.32 rows=114807 width=36) (actual rows=119721 loops=1)
   Hash Cond: (source.supplier_pos_supplier_id = source_1.supplier_id)
   Buffers: shared hit=1832 read=2518
   ->  Hash Join  (cost=4782.09..8617.84 rows=119666 width=23) (actual rows=119721 loops=1)
         Hash Cond: (source_2.purchaseorder_id = source.purchaseorder_id)
         Buffers: shared hit=1832 read=1830
         ->  Seq Scan on relation_21 source_2  (cost=0.00..3508.32 rows=124730 width=23) (actual rows=124719 loops=1)
               Filter: ((status)::text <> 'cancelled'::text)
               Rows Removed by Filter: 9468
               Buffers: shared hit=1831
         ->  Hash  (cost=3172.86..3172.86 rows=128738 width=8) (actual rows=128819 loops=1)
               Buckets: 131072  Batches: 1  Memory Usage: 6056kB
               Buffers: shared hit=1 read=1830
               ->  Seq Scan on relation_21 source  (cost=0.00..3172.86 rows=128738 width=8) (actual rows=128819 loops=1)
                     Filter: (supplier_pos_supplier_id IS NOT NULL)
                     Rows Removed by Filter: 5368
                     Buffers: shared hit=1 read=1830
   ->  Hash  (cost=1733.49..1733.49 rows=104549 width=21) (actual rows=104549 loops=1)
         Buckets: 131072  Batches: 1  Memory Usage: 6644kB
         Buffers: shared read=688
         ->  Seq Scan on relation_19 source_1  (cost=0.00..1733.49 rows=104549 width=21) (actual rows=104549 loops=1)
               Buffers: shared read=688
 Planning:
   Buffers: shared hit=31 read=23
 Planning Time: 0.224 ms
 Execution Time: 55.672 ms
(26 rows)

-- Q066 [relationship_join] occurrence 1/1
-- Original E/R: SELECT po.status, p.product_name FROM po_items pi JOIN PurchaseOrder po ON ENDPOINT(pi, PurchaseOrder) = REF(po) JOIN Product p ON ENDPOINT(pi, Product) = REF(p) WHERE p.base_price >= 41;
EXPLAIN (ANALYZE, BUFFERS, TIMING OFF, SUMMARY ON, FORMAT TEXT)
WITH
"b0" AS (
    SELECT
        "source"."product_id" AS "__endpoint_product_0",
        "source"."purchaseorder_id" AS "__endpoint_purchaseorder_0"
    FROM "relation_32" AS "source"
),
"b1" AS (
    SELECT
        "source"."status" AS "status",
        "source"."purchaseorder_id" AS "__reference_0"
    FROM "relation_21" AS "source"
),
"b2" AS (
    SELECT
        "source"."base_price" AS "base_price",
        "source"."product_name" AS "product_name",
        "source"."product_id" AS "__reference_0"
    FROM "relation_1" AS "source"
)
SELECT 
    "b1"."status" AS "status",
    "b2"."product_name" AS "product_name"
FROM (("b0" INNER JOIN "b1" ON ("b0"."__endpoint_purchaseorder_0" = "b1"."__reference_0")) INNER JOIN "b2" ON ("b0"."__endpoint_product_0" = "b2"."__reference_0"))
WHERE ("b2"."base_price" >= 41);
                                                                          QUERY PLAN                                                                           
---------------------------------------------------------------------------------------------------------------------------------------------------------------
 Gather  (cost=4607.85..398177.27 rows=138088 width=42) (actual rows=137572 loops=1)
   Workers Planned: 2
   Workers Launched: 0
   Buffers: shared hit=325678 read=288519
   ->  Parallel Hash Join  (cost=3607.85..383368.47 rows=57537 width=42) (actual rows=137572 loops=1)
         Hash Cond: (source.purchaseorder_id = source_1.purchaseorder_id)
         Buffers: shared hit=325678 read=288519
         ->  Nested Loop  (cost=0.86..379610.45 rows=57537 width=38) (actual rows=137572 loops=1)
               Buffers: shared hit=323847 read=288519
               ->  Parallel Index Only Scan using relation_32_pkey on relation_32 source  (cost=0.42..3894.43 rows=63728 width=8) (actual rows=152947 loops=1)
                     Heap Fetches: 0
                     Buffers: shared hit=4 read=574
               ->  Index Scan using relation_1_pkey on relation_1 source_2  (cost=0.44..5.90 rows=1 width=38) (actual rows=1 loops=152947)
                     Index Cond: (product_id = source.product_id)
                     Filter: (base_price >= 41)
                     Rows Removed by Filter: 0
                     Buffers: shared hit=323843 read=287945
         ->  Parallel Hash  (cost=2620.33..2620.33 rows=78933 width=12) (actual rows=134187 loops=1)
               Buckets: 262144  Batches: 1  Memory Usage: 8352kB
               Buffers: shared hit=1831
               ->  Parallel Seq Scan on relation_21 source_1  (cost=0.00..2620.33 rows=78933 width=12) (actual rows=134187 loops=1)
                     Buffers: shared hit=1831
 Planning:
   Buffers: shared hit=39 read=14
 Planning Time: 0.294 ms
 JIT:
   Functions: 15
   Options: Inlining false, Optimization false, Expressions true, Deforming true
 Execution Time: 669.788 ms
(29 rows)

-- Q067 [relationship_join] occurrence 1/1
-- Original E/R: SELECT cp.carrier_code, s.tracking_no, s.delivered_at FROM courier_shipments cs JOIN CourierPartner cp ON ENDPOINT(cs, CourierPartner) = REF(cp) JOIN Shipment s ON ENDPOINT(cs, Shipment) = REF(s) WHERE s.shipped_at IS NOT NULL;
EXPLAIN (ANALYZE, BUFFERS, TIMING OFF, SUMMARY ON, FORMAT TEXT)
WITH
"b0" AS (
    SELECT
        "source"."courier_shipments_courierpartner_id" AS "__endpoint_courierpartner_0",
        "source"."custorder_id" AS "__endpoint_shipment_0",
        "source"."shipment_id" AS "__endpoint_shipment_1"
    FROM "relation_14" AS "source"
    WHERE ("source"."courier_shipments_courierpartner_id" IS NOT NULL)
),
"b1" AS (
    SELECT
        "source"."carrier_code" AS "carrier_code",
        "source"."courierpartner_id" AS "__reference_0"
    FROM "relation_22" AS "source"
),
"b2" AS (
    SELECT
        "source"."delivered_at" AS "delivered_at",
        "source"."shipped_at" AS "shipped_at",
        "source"."tracking_no" AS "tracking_no",
        "source"."custorder_id" AS "__reference_0",
        "source"."shipment_id" AS "__reference_1"
    FROM "relation_14" AS "source"
)
SELECT 
    "b1"."carrier_code" AS "carrier_code",
    "b2"."tracking_no" AS "tracking_no",
    "b2"."delivered_at" AS "delivered_at"
FROM (("b0" INNER JOIN "b1" ON ("b0"."__endpoint_courierpartner_0" = "b1"."__reference_0")) INNER JOIN "b2" ON ("b0"."__endpoint_shipment_0" = "b2"."__reference_0" AND "b0"."__endpoint_shipment_1" = "b2"."__reference_1"))
WHERE ("b2"."shipped_at" IS NOT NULL);
                                                          QUERY PLAN                                                           
-------------------------------------------------------------------------------------------------------------------------------
 Nested Loop  (cost=728.64..1417.99 rows=1 width=33) (actual rows=9623 loops=1)
   Buffers: shared hit=28494 read=1031
   ->  Hash Join  (cost=728.36..1417.41 rows=1 width=28) (actual rows=9623 loops=1)
         Hash Cond: ((source_2.custorder_id = source.custorder_id) AND (source_2.shipment_id = source.shipment_id))
         Buffers: shared hit=328 read=328
         ->  Seq Scan on relation_14 source_2  (cost=0.00..571.38 rows=22414 width=32) (actual rows=22414 loops=1)
               Filter: (shipped_at IS NOT NULL)
               Rows Removed by Filter: 1925
               Buffers: shared hit=327 read=1
         ->  Hash  (cost=571.38..571.38 rows=10465 width=12) (actual rows=10465 loops=1)
               Buckets: 16384  Batches: 1  Memory Usage: 578kB
               Buffers: shared hit=1 read=327
               ->  Seq Scan on relation_14 source  (cost=0.00..571.38 rows=10465 width=12) (actual rows=10465 loops=1)
                     Filter: (courier_shipments_courierpartner_id IS NOT NULL)
                     Rows Removed by Filter: 13874
                     Buffers: shared hit=1 read=327
   ->  Index Scan using relation_22_pkey on relation_22 source_1  (cost=0.29..0.58 rows=1 width=13) (actual rows=1 loops=9623)
         Index Cond: (courierpartner_id = source.courier_shipments_courierpartner_id)
         Buffers: shared hit=28166 read=703
 Planning:
   Buffers: shared hit=28 read=20
 Planning Time: 0.244 ms
 Execution Time: 30.587 ms
(23 rows)

-- Q068 [relationship_join] occurrence 1/1
-- Original E/R: SELECT p1.product_name AS phone, p2.product_name AS bundled_phone FROM bundle_phones bp JOIN Phone p1 ON ENDPOINT(bp, phone_id) = REF(p1) JOIN Phone p2 ON ENDPOINT(bp, bundle_phone_id) = REF(p2) WHERE p1.carrier_lock = 'unlocked';
EXPLAIN (ANALYZE, BUFFERS, TIMING OFF, SUMMARY ON, FORMAT TEXT)
WITH
"b0" AS (
    SELECT
        "source"."bundle_phone_phone_id" AS "__endpoint_bundle_phone_id_0",
        "source"."phone_id" AS "__endpoint_phone_id_0"
    FROM "relation_33" AS "source"
),
"b1" AS (
    SELECT
        "source"."carrier_lock" AS "carrier_lock",
        "source"."product_name" AS "product_name",
        "source"."product_id" AS "__reference_0"
    FROM "relation_1" AS "source"
    WHERE ("source"."role" IN ('phone'))
),
"b2" AS (
    SELECT
        "source"."product_name" AS "product_name",
        "source"."product_id" AS "__reference_0"
    FROM "relation_1" AS "source"
    WHERE ("source"."role" IN ('phone'))
)
SELECT 
    "b1"."product_name" AS "phone",
    "b2"."product_name" AS "bundled_phone"
FROM (("b0" INNER JOIN "b1" ON ("b0"."__endpoint_phone_id_0" = "b1"."__reference_0")) INNER JOIN "b2" ON ("b0"."__endpoint_bundle_phone_id_0" = "b2"."__reference_0"))
WHERE ("b1"."carrier_lock" = 'unlocked');
                                                                QUERY PLAN                                                                
------------------------------------------------------------------------------------------------------------------------------------------
 Gather  (cost=525361.62..540239.52 rows=48 width=68) (actual rows=910969 loops=1)
   Workers Planned: 2
   Workers Launched: 0
   Buffers: shared hit=3421037 read=647887
   ->  Nested Loop  (cost=524361.62..539234.72 rows=20 width=68) (actual rows=910969 loops=1)
         Buffers: shared hit=3421037 read=647887
         ->  Parallel Hash Join  (cost=524361.19..536967.93 rows=531 width=38) (actual rows=910969 loops=1)
               Hash Cond: (source.phone_id = source_1.product_id)
               Buffers: shared hit=7589 read=417459
               ->  Parallel Seq Scan on relation_33 source  (cost=0.00..11186.49 rows=541049 width=8) (actual rows=1298517 loops=1)
                     Buffers: shared read=5776
               ->  Parallel Hash  (cost=524275.28..524275.28 rows=6873 width=38) (actual rows=473998 loops=1)
                     Buckets: 524288 (originally 32768)  Batches: 1 (originally 1)  Memory Usage: 42272kB
                     Buffers: shared hit=7589 read=411683
                     ->  Parallel Seq Scan on relation_1 source_1  (cost=0.00..524275.28 rows=6873 width=38) (actual rows=473998 loops=1)
                           Filter: (((role)::text = 'phone'::text) AND ((carrier_lock)::text = 'unlocked'::text))
                           Rows Removed by Filter: 16322789
                           Buffers: shared hit=7589 read=411683
         ->  Index Scan using relation_1_pkey on relation_1 source_2  (cost=0.44..4.27 rows=1 width=38) (actual rows=1 loops=910969)
               Index Cond: (product_id = source.bundle_phone_phone_id)
               Filter: ((role)::text = 'phone'::text)
               Buffers: shared hit=3413448 read=230428
 Planning:
   Buffers: shared hit=26 read=9
 Planning Time: 0.258 ms
 JIT:
   Functions: 20
   Options: Inlining true, Optimization true, Expressions true, Deforming true
 Execution Time: 2849.313 ms
(29 rows)

-- Q069 [relationship_join] occurrence 1/1
-- Original E/R: SELECT p.product_name AS phone, a.product_name AS accessory FROM bundled_phone_accessory bpa JOIN Phone p ON ENDPOINT(bpa, Phone) = REF(p) JOIN Accessory a ON ENDPOINT(bpa, Accessory) = REF(a) WHERE a.base_price < 914;
EXPLAIN (ANALYZE, BUFFERS, TIMING OFF, SUMMARY ON, FORMAT TEXT)
WITH
"b0" AS (
    SELECT
        "source"."accessory_id" AS "__endpoint_accessory_0",
        "source"."phone_id" AS "__endpoint_phone_0"
    FROM "relation_34" AS "source"
),
"b1" AS (
    SELECT
        "source"."product_name" AS "product_name",
        "source"."product_id" AS "__reference_0"
    FROM "relation_1" AS "source"
    WHERE ("source"."role" IN ('phone'))
),
"b2" AS (
    SELECT
        "source"."base_price" AS "base_price",
        "source"."product_name" AS "product_name",
        "source"."product_id" AS "__reference_0"
    FROM "relation_1" AS "source"
    WHERE ("source"."role" IN ('accessory'))
)
SELECT 
    "b1"."product_name" AS "phone",
    "b2"."product_name" AS "accessory"
FROM (("b0" INNER JOIN "b1" ON ("b0"."__endpoint_phone_0" = "b1"."__reference_0")) INNER JOIN "b2" ON ("b0"."__endpoint_accessory_0" = "b2"."__reference_0"))
WHERE ("b2"."base_price" < 914);
                                                                QUERY PLAN                                                                 
-------------------------------------------------------------------------------------------------------------------------------------------
 Gather  (cost=525992.03..547828.89 rows=271 width=68) (actual rows=871230 loops=1)
   Workers Planned: 2
   Workers Launched: 0
   Buffers: shared hit=3386301 read=521811
   ->  Nested Loop  (cost=524992.03..546801.79 rows=113 width=68) (actual rows=871230 loops=1)
         Buffers: shared hit=3386301 read=521811
         ->  Parallel Hash Join  (cost=524991.59..533533.34 rows=2997 width=38) (actual rows=871230 loops=1)
               Hash Cond: (source.accessory_id = source_2.product_id)
               Buffers: shared hit=12947 read=410245
               ->  Parallel Seq Scan on relation_34 source  (cost=0.00..7580.80 rows=366080 width=8) (actual rows=878591 loops=1)
                     Buffers: shared read=3920
               ->  Parallel Hash  (cost=524275.28..524275.28 rows=57305 width=38) (actual rows=143668 loops=1)
                     Buckets: 262144  Batches: 1  Memory Usage: 12480kB
                     Buffers: shared hit=12947 read=406325
                     ->  Parallel Seq Scan on relation_1 source_2  (cost=0.00..524275.28 rows=57305 width=38) (actual rows=143668 loops=1)
                           Filter: ((base_price < 914) AND ((role)::text = 'accessory'::text))
                           Rows Removed by Filter: 16653119
                           Buffers: shared hit=12947 read=406325
         ->  Index Scan using relation_1_pkey on relation_1 source_1  (cost=0.44..4.43 rows=1 width=38) (actual rows=1 loops=871230)
               Index Cond: (product_id = source.phone_id)
               Filter: ((role)::text = 'phone'::text)
               Buffers: shared hit=3373354 read=111566
 Planning:
   Buffers: shared hit=19 read=16
 Planning Time: 0.221 ms
 JIT:
   Functions: 20
   Options: Inlining true, Optimization true, Expressions true, Deforming true
 Execution Time: 2251.759 ms
(29 rows)

-- Q070 [relationship_join] occurrence 1/1
-- Original E/R: SELECT s.product_name, c.email FROM software_downloads sd JOIN Software s ON ENDPOINT(sd, Software) = REF(s) JOIN Customer c ON ENDPOINT(sd, Customer) = REF(c) WHERE s.is_active = 1;
EXPLAIN (ANALYZE, BUFFERS, TIMING OFF, SUMMARY ON, FORMAT TEXT)
WITH
"b0" AS (
    SELECT
        "source"."customer_id" AS "__endpoint_customer_0",
        "source"."software_id" AS "__endpoint_software_0"
    FROM "relation_35" AS "source"
),
"b1" AS (
    SELECT
        "source"."is_active" AS "is_active",
        "source"."product_name" AS "product_name",
        "source"."product_id" AS "__reference_0"
    FROM "relation_1" AS "source"
    WHERE ("source"."role" IN ('software'))
),
"b2" AS (
    SELECT
        "source"."email" AS "email",
        "source"."user_id" AS "__reference_0"
    FROM "relation_2" AS "source"
    WHERE ("source"."role" IN ('customer', 'businesscustomer', 'primecustomer'))
)
SELECT 
    "b1"."product_name" AS "product_name",
    "b2"."email" AS "email"
FROM (("b0" INNER JOIN "b1" ON ("b0"."__endpoint_software_0" = "b1"."__reference_0")) INNER JOIN "b2" ON ("b0"."__endpoint_customer_0" = "b2"."__reference_0"))
WHERE ("b1"."is_active" = 1);
                                                                QUERY PLAN                                                                
------------------------------------------------------------------------------------------------------------------------------------------
 Nested Loop  (cost=0.88..111368.67 rows=22 width=56) (actual rows=24245 loops=1)
   Buffers: shared hit=128128 read=25979
   ->  Nested Loop  (cost=0.45..111224.11 rows=32 width=38) (actual rows=24245 loops=1)
         Buffers: shared hit=56569 read=558
         ->  Seq Scan on relation_35 source  (cost=0.00..413.51 rows=28651 width=8) (actual rows=28651 loops=1)
               Buffers: shared read=127
         ->  Memoize  (cost=0.45..7.74 rows=1 width=38) (actual rows=1 loops=28651)
               Cache Key: source.software_id
               Cache Mode: logical
               Hits: 14401  Misses: 14250  Evictions: 0  Overflows: 0  Memory Usage: 1796kB
               Buffers: shared hit=56569 read=431
               ->  Index Scan using relation_1_pkey on relation_1 source_1  (cost=0.44..7.73 rows=1 width=38) (actual rows=1 loops=14250)
                     Index Cond: (product_id = source.software_id)
                     Filter: (((role)::text = 'software'::text) AND (is_active = 1))
                     Rows Removed by Filter: 0
                     Buffers: shared hit=56569 read=431
   ->  Index Scan using relation_2_pkey on relation_2 source_2  (cost=0.43..4.52 rows=1 width=26) (actual rows=1 loops=24245)
         Index Cond: (user_id = source.customer_id)
         Filter: ((role)::text = ANY ('{customer,businesscustomer,primecustomer}'::text[]))
         Buffers: shared hit=71559 read=25421
 Planning:
   Buffers: shared hit=24 read=19
 Planning Time: 0.246 ms
 JIT:
   Functions: 20
   Options: Inlining false, Optimization false, Expressions true, Deforming true
 Execution Time: 97.178 ms
(27 rows)

-- Q071 [aggregation] occurrence 1/1
-- Original E/R: SELECT c.category_name, COUNT(DISTINCT REF(p)) AS product_count FROM category_products cp JOIN Category c ON ENDPOINT(cp, Category) = REF(c) JOIN Product p ON ENDPOINT(cp, Product) = REF(p) GROUP BY REF(c), c.category_name HAVING COUNT(DISTINCT REF(p)) >= 2;
EXPLAIN (ANALYZE, BUFFERS, TIMING OFF, SUMMARY ON, FORMAT TEXT)
WITH
"b0" AS (
    SELECT
        "source"."category_products_category_id" AS "__endpoint_category_0",
        "source"."product_id" AS "__endpoint_product_0"
    FROM "relation_1" AS "source"
    WHERE ("source"."category_products_category_id" IS NOT NULL)
),
"b1" AS (
    SELECT
        "source"."category_name" AS "category_name",
        "source"."category_id" AS "__reference_0"
    FROM "relation_0" AS "source"
),
"b2" AS (
    SELECT
        "source"."product_id" AS "__reference_0"
    FROM "relation_1" AS "source"
)
SELECT 
    "b1"."category_name" AS "category_name",
    COUNT(DISTINCT "b2"."__reference_0") AS "product_count"
FROM (("b0" INNER JOIN "b1" ON ("b0"."__endpoint_category_0" = "b1"."__reference_0")) INNER JOIN "b2" ON ("b0"."__endpoint_product_0" = "b2"."__reference_0"))
GROUP BY
    "b1"."__reference_0",
    "b1"."category_name"
HAVING (COUNT(DISTINCT "b2"."__reference_0") >= 2);
                                                                     QUERY PLAN                                                                      
-----------------------------------------------------------------------------------------------------------------------------------------------------
 GroupAggregate  (cost=515725.73..518565.81 rows=7067 width=18) (actual rows=133291 loops=1)
   Group Key: source_1.category_id
   Filter: (count(DISTINCT source_2.product_id) >= 2)
   Rows Removed by Filter: 5527
   Buffers: shared hit=1921535 read=514163
   ->  Gather Merge  (cost=515725.73..518194.81 rows=21200 width=14) (actual rows=671871 loops=1)
         Workers Planned: 2
         Workers Launched: 0
         Buffers: shared hit=1921535 read=514163
         ->  Sort  (cost=514725.70..514747.78 rows=8833 width=14) (actual rows=671871 loops=1)
               Sort Key: source_1.category_id, source_2.product_id
               Sort Method: quicksort  Memory: 51185kB
               Buffers: shared hit=1921535 read=514163
               ->  Nested Loop  (cost=3949.94..514146.76 rows=8833 width=14) (actual rows=671871 loops=1)
                     Buffers: shared hit=1921535 read=514163
                     ->  Hash Join  (cost=3949.51..493945.24 rows=8833 width=14) (actual rows=671871 loops=1)
                           Hash Cond: (source.category_products_category_id = source_1.category_id)
                           Buffers: shared hit=371 read=419701
                           ->  Parallel Seq Scan on relation_1 source  (cost=0.00..489274.18 rows=274875 width=8) (actual rows=671871 loops=1)
                                 Filter: (category_products_category_id IS NOT NULL)
                                 Rows Removed by Filter: 16124916
                                 Buffers: shared hit=370 read=418902
                           ->  Hash  (cost=2199.78..2199.78 rows=139978 width=10) (actual rows=139979 loops=1)
                                 Buckets: 262144  Batches: 1  Memory Usage: 8086kB
                                 Buffers: shared hit=1 read=799
                                 ->  Seq Scan on relation_0 source_1  (cost=0.00..2199.78 rows=139978 width=10) (actual rows=139979 loops=1)
                                       Buffers: shared hit=1 read=799
                     ->  Index Only Scan using relation_1_pkey on relation_1 source_2  (cost=0.44..2.29 rows=1 width=4) (actual rows=1 loops=671871)
                           Index Cond: (product_id = source.product_id)
                           Heap Fetches: 0
                           Buffers: shared hit=1921164 read=94462
 Planning:
   Buffers: shared hit=26 read=29
 Planning Time: 0.311 ms
 JIT:
   Functions: 20
   Options: Inlining true, Optimization true, Expressions true, Deforming true
 Execution Time: 2129.472 ms
(38 rows)

-- Q072 [aggregation] occurrence 1/1
-- Original E/R: SELECT t.tag_name, COUNT(DISTINCT REF(p)) AS product_count FROM product_tags pt JOIN Product p ON ENDPOINT(pt, Product) = REF(p) JOIN Tag t ON ENDPOINT(pt, Tag) = REF(t) GROUP BY REF(t), t.tag_name HAVING COUNT(DISTINCT REF(p)) > 5;
EXPLAIN (ANALYZE, BUFFERS, TIMING OFF, SUMMARY ON, FORMAT TEXT)
WITH
"b0" AS (
    SELECT
        "source"."product_id" AS "__endpoint_product_0",
        "source"."tag_id" AS "__endpoint_tag_0"
    FROM "relation_23" AS "source"
),
"b1" AS (
    SELECT
        "source"."product_id" AS "__reference_0"
    FROM "relation_1" AS "source"
),
"b2" AS (
    SELECT
        "source"."tag_name" AS "tag_name",
        "source"."tag_id" AS "__reference_0"
    FROM "relation_6" AS "source"
)
SELECT 
    "b2"."tag_name" AS "tag_name",
    COUNT(DISTINCT "b1"."__reference_0") AS "product_count"
FROM (("b0" INNER JOIN "b1" ON ("b0"."__endpoint_product_0" = "b1"."__reference_0")) INNER JOIN "b2" ON ("b0"."__endpoint_tag_0" = "b2"."__reference_0"))
GROUP BY
    "b2"."__reference_0",
    "b2"."tag_name"
HAVING (COUNT(DISTINCT "b1"."__reference_0") > 5);
                                                                               QUERY PLAN                                                                                
-------------------------------------------------------------------------------------------------------------------------------------------------------------------------
 GroupAggregate  (cost=6202364.52..6438196.97 rows=39719 width=18) (actual rows=119157 loops=1)
   Group Key: source_2.tag_id
   Filter: (count(DISTINCT source_1.product_id) > 5)
   Buffers: shared hit=1230674 read=219390, temp read=234512 written=234543
   ->  Sort  (cost=6202364.52..6280478.85 rows=31245732 width=14) (actual rows=31247588 loops=1)
         Sort Key: source_2.tag_id, source_1.product_id
         Sort Method: external merge  Disk: 784176kB
         Buffers: shared hit=1230674 read=219390, temp read=234512 written=234543
         ->  Hash Join  (cost=854170.88..1778727.23 rows=31245732 width=14) (actual rows=31247588 loops=1)
               Hash Cond: (source.tag_id = source_2.tag_id)
               Buffers: shared hit=1230674 read=219390, temp read=136490 written=136490
               ->  Hash Join  (cost=850874.85..1693408.24 rows=31245732 width=8) (actual rows=31247588 loops=1)
                     Hash Cond: (source.product_id = source_1.product_id)
                     Buffers: shared hit=1230674 read=218775, temp read=136490 written=136490
                     ->  Seq Scan on relation_23 source  (cost=0.00..450777.32 rows=31245732 width=8) (actual rows=31247588 loops=1)
                           Buffers: shared read=138320
                     ->  Hash  (cost=575240.30..575240.30 rows=16800524 width=4) (actual rows=16796787 loops=1)
                           Buckets: 4194304  Batches: 8  Memory Usage: 106678kB
                           Buffers: shared hit=1230674 read=80455, temp written=43048
                           ->  Index Only Scan using relation_1_pkey on relation_1 source_1  (cost=0.44..575240.30 rows=16800524 width=4) (actual rows=16796787 loops=1)
                                 Heap Fetches: 83
                                 Buffers: shared hit=1230674 read=80455
               ->  Hash  (cost=1806.57..1806.57 rows=119157 width=10) (actual rows=119157 loops=1)
                     Buckets: 131072  Batches: 1  Memory Usage: 6103kB
                     Buffers: shared read=615
                     ->  Seq Scan on relation_6 source_2  (cost=0.00..1806.57 rows=119157 width=10) (actual rows=119157 loops=1)
                           Buffers: shared read=615
 Planning:
   Buffers: shared hit=8 read=20
 Planning Time: 0.245 ms
 JIT:
   Functions: 23
   Options: Inlining true, Optimization true, Expressions true, Deforming true
 Execution Time: 29387.916 ms
(34 rows)

-- Q073 [aggregation] occurrence 1/1
-- Original E/R: SELECT c.category_name, AVG(p.base_price) AS average_price, MAX(p.base_price) AS maximum_price FROM category_products cp JOIN Category c ON ENDPOINT(cp, Category) = REF(c) JOIN Product p ON ENDPOINT(cp, Product) = REF(p) WHERE p.is_active = 1 GROUP BY REF(c), c.category_name HAVING AVG(p.base_price) > 50;
EXPLAIN (ANALYZE, BUFFERS, TIMING OFF, SUMMARY ON, FORMAT TEXT)
WITH
"b0" AS (
    SELECT
        "source"."category_products_category_id" AS "__endpoint_category_0",
        "source"."product_id" AS "__endpoint_product_0"
    FROM "relation_1" AS "source"
    WHERE ("source"."category_products_category_id" IS NOT NULL)
),
"b1" AS (
    SELECT
        "source"."category_name" AS "category_name",
        "source"."category_id" AS "__reference_0"
    FROM "relation_0" AS "source"
),
"b2" AS (
    SELECT
        "source"."base_price" AS "base_price",
        "source"."is_active" AS "is_active",
        "source"."product_id" AS "__reference_0"
    FROM "relation_1" AS "source"
)
SELECT 
    "b1"."category_name" AS "category_name",
    AVG("b2"."base_price") AS "average_price",
    MAX("b2"."base_price") AS "maximum_price"
FROM (("b0" INNER JOIN "b1" ON ("b0"."__endpoint_category_0" = "b1"."__reference_0")) INNER JOIN "b2" ON ("b0"."__endpoint_product_0" = "b2"."__reference_0"))
WHERE ("b2"."is_active" = 1)
GROUP BY
    "b1"."__reference_0",
    "b1"."category_name"
HAVING (AVG("b2"."base_price") > 50);
                                                                      QUERY PLAN                                                                      
------------------------------------------------------------------------------------------------------------------------------------------------------
 Finalize GroupAggregate  (cost=535949.04..538211.99 rows=5997 width=46) (actual rows=134449 loops=1)
   Group Key: source_1.category_id
   Filter: (avg(source_2.base_price) > '50'::numeric)
   Rows Removed by Filter: 3219
   Buffers: shared hit=2594030 read=513526
   ->  Gather Merge  (cost=535949.04..537829.66 rows=14994 width=46) (actual rows=137668 loops=1)
         Workers Planned: 2
         Workers Launched: 0
         Buffers: shared hit=2594030 read=513526
         ->  Partial GroupAggregate  (cost=534949.01..535098.95 rows=7497 width=46) (actual rows=137668 loops=1)
               Group Key: source_1.category_id
               Buffers: shared hit=2594030 read=513526
               ->  Sort  (cost=534949.01..534967.76 rows=7497 width=14) (actual rows=570824 loops=1)
                     Sort Key: source_1.category_id
                     Sort Method: quicksort  Memory: 47110kB
                     Buffers: shared hit=2594030 read=513526
                     ->  Nested Loop  (cost=3949.94..534466.50 rows=7497 width=14) (actual rows=570824 loops=1)
                           Buffers: shared hit=2594030 read=513526
                           ->  Hash Join  (cost=3949.51..493945.24 rows=8833 width=14) (actual rows=671871 loops=1)
                                 Hash Cond: (source.category_products_category_id = source_1.category_id)
                                 Buffers: shared hit=3 read=420069
                                 ->  Parallel Seq Scan on relation_1 source  (cost=0.00..489274.18 rows=274875 width=8) (actual rows=671871 loops=1)
                                       Filter: (category_products_category_id IS NOT NULL)
                                       Rows Removed by Filter: 16124916
                                       Buffers: shared hit=2 read=419270
                                 ->  Hash  (cost=2199.78..2199.78 rows=139978 width=10) (actual rows=139979 loops=1)
                                       Buckets: 262144  Batches: 1  Memory Usage: 8086kB
                                       Buffers: shared hit=1 read=799
                                       ->  Seq Scan on relation_0 source_1  (cost=0.00..2199.78 rows=139978 width=10) (actual rows=139979 loops=1)
                                             Buffers: shared hit=1 read=799
                           ->  Index Scan using relation_1_pkey on relation_1 source_2  (cost=0.44..4.59 rows=1 width=8) (actual rows=1 loops=671871)
                                 Index Cond: (product_id = source.product_id)
                                 Filter: (is_active = 1)
                                 Rows Removed by Filter: 0
                                 Buffers: shared hit=2594027 read=93457
 Planning:
   Buffers: shared hit=24 read=19
 Planning Time: 0.238 ms
 JIT:
   Functions: 29
   Options: Inlining true, Optimization true, Expressions true, Deforming true
 Execution Time: 2167.089 ms
(42 rows)

-- Q074 [aggregation] occurrence 1/1
-- Original E/R: SELECT s.supplier_name, COUNT(DISTINCT REF(p)) AS supplied_products FROM supplier_products sp JOIN Supplier s ON ENDPOINT(sp, Supplier) = REF(s) JOIN Product p ON ENDPOINT(sp, Product) = REF(p) GROUP BY REF(s), s.supplier_name HAVING COUNT(DISTINCT REF(p)) >= 3;
EXPLAIN (ANALYZE, BUFFERS, TIMING OFF, SUMMARY ON, FORMAT TEXT)
WITH
"b0" AS (
    SELECT
        "source"."product_id" AS "__endpoint_product_0",
        "source"."supplier_id" AS "__endpoint_supplier_0"
    FROM "relation_31" AS "source"
),
"b1" AS (
    SELECT
        "source"."supplier_name" AS "supplier_name",
        "source"."supplier_id" AS "__reference_0"
    FROM "relation_19" AS "source"
),
"b2" AS (
    SELECT
        "source"."product_id" AS "__reference_0"
    FROM "relation_1" AS "source"
)
SELECT 
    "b1"."supplier_name" AS "supplier_name",
    COUNT(DISTINCT "b2"."__reference_0") AS "supplied_products"
FROM (("b0" INNER JOIN "b1" ON ("b0"."__endpoint_supplier_0" = "b1"."__reference_0")) INNER JOIN "b2" ON ("b0"."__endpoint_product_0" = "b2"."__reference_0"))
GROUP BY
    "b1"."__reference_0",
    "b1"."supplier_name"
HAVING (COUNT(DISTINCT "b2"."__reference_0") >= 3);
                                                                                QUERY PLAN                                                                                
--------------------------------------------------------------------------------------------------------------------------------------------------------------------------
 GroupAggregate  (cost=90552.94..95638.62 rows=12894 width=29) (actual rows=0 loops=1)
   Group Key: source_1.supplier_id
   Filter: (count(DISTINCT source_2.product_id) >= 3)
   Rows Removed by Filter: 38683
   Buffers: shared hit=120504 read=32042
   ->  Gather Merge  (cost=90552.94..94961.67 rows=38683 width=25) (actual rows=38683 loops=1)
         Workers Planned: 1
         Workers Launched: 0
         Buffers: shared hit=120504 read=32042
         ->  Sort  (cost=89552.93..89609.82 rows=22755 width=25) (actual rows=38683 loops=1)
               Sort Key: source_1.supplier_id, source_2.product_id
               Sort Method: quicksort  Memory: 3546kB
               Buffers: shared hit=120504 read=32042
               ->  Hash Join  (cost=3041.08..87906.16 rows=22755 width=25) (actual rows=38683 loops=1)
                     Hash Cond: (source.supplier_id = source_1.supplier_id)
                     Buffers: shared hit=120504 read=32042
                     ->  Nested Loop  (cost=0.73..84806.08 rows=22755 width=8) (actual rows=38683 loops=1)
                           Buffers: shared hit=120504 read=31354
                           ->  Parallel Index Only Scan using relation_31_pkey on relation_31 source  (cost=0.29..1009.25 rows=22755 width=8) (actual rows=38683 loops=1)
                                 Heap Fetches: 0
                                 Buffers: shared hit=3 read=144
                           ->  Index Only Scan using relation_1_pkey on relation_1 source_2  (cost=0.44..3.68 rows=1 width=4) (actual rows=1 loops=38683)
                                 Index Cond: (product_id = source.product_id)
                                 Heap Fetches: 1
                                 Buffers: shared hit=120501 read=31210
                     ->  Hash  (cost=1733.49..1733.49 rows=104549 width=21) (actual rows=104549 loops=1)
                           Buckets: 131072  Batches: 1  Memory Usage: 6644kB
                           Buffers: shared read=688
                           ->  Seq Scan on relation_19 source_1  (cost=0.00..1733.49 rows=104549 width=21) (actual rows=104549 loops=1)
                                 Buffers: shared read=688
 Planning:
   Buffers: shared hit=9 read=15
 Planning Time: 0.214 ms
 Execution Time: 116.401 ms
(34 rows)

-- Q075 [aggregation] occurrence 1/1
-- Original E/R: SELECT w.warehouse_name, COUNT(DISTINCT REF(p)) AS stocked_products FROM stock st JOIN Product p ON ENDPOINT(st, Product) = REF(p) JOIN WarehouseBin b ON ENDPOINT(st, WarehouseBin) = REF(b) JOIN Warehouse w ON OWNER(b) = REF(w) GROUP BY REF(w), w.warehouse_name HAVING COUNT(DISTINCT REF(p)) > 10;
EXPLAIN (ANALYZE, BUFFERS, TIMING OFF, SUMMARY ON, FORMAT TEXT)
WITH
"b0" AS (
    SELECT
        "source"."product_id" AS "__endpoint_product_0",
        "source"."warehouse_id" AS "__endpoint_warehousebin_0",
        "source"."bin_id" AS "__endpoint_warehousebin_1"
    FROM "relation_30" AS "source"
),
"b1" AS (
    SELECT
        "source"."product_id" AS "__reference_0"
    FROM "relation_1" AS "source"
),
"b2" AS (
    SELECT
        "source"."warehouse_id" AS "__owner_0",
        "source"."warehouse_id" AS "__reference_0",
        "source"."bin_id" AS "__reference_1"
    FROM "relation_18" AS "source"
),
"b3" AS (
    SELECT
        "source"."warehouse_name" AS "warehouse_name",
        "source"."warehouse_id" AS "__reference_0"
    FROM "relation_17" AS "source"
)
SELECT 
    "b3"."warehouse_name" AS "warehouse_name",
    COUNT(DISTINCT "b1"."__reference_0") AS "stocked_products"
FROM ((("b0" INNER JOIN "b1" ON ("b0"."__endpoint_product_0" = "b1"."__reference_0")) INNER JOIN "b2" ON ("b0"."__endpoint_warehousebin_0" = "b2"."__reference_0" AND "b0"."__endpoint_warehousebin_1" = "b2"."__reference_1")) INNER JOIN "b3" ON ("b2"."__owner_0" = "b3"."__reference_0"))
GROUP BY
    "b3"."__reference_0",
    "b3"."warehouse_name"
HAVING (COUNT(DISTINCT "b1"."__reference_0") > 10);
                                                                         QUERY PLAN                                                                          
-------------------------------------------------------------------------------------------------------------------------------------------------------------
 GroupAggregate  (cost=156011.14..156176.32 rows=411 width=29) (actual rows=10694 loops=1)
   Group Key: source_3.warehouse_id
   Filter: (count(DISTINCT source_1.product_id) > 10)
   Buffers: shared hit=79335294 read=5382572, temp read=59354 written=59369
   ->  Gather Merge  (cost=156011.14..156154.75 rows=1233 width=25) (actual rows=13100150 loops=1)
         Workers Planned: 2
         Workers Launched: 0
         Buffers: shared hit=79335294 read=5382572, temp read=59354 written=59369
         ->  Sort  (cost=155011.12..155012.40 rows=514 width=25) (actual rows=13100150 loops=1)
               Sort Key: source_3.warehouse_id, source_1.product_id
               Sort Method: external merge  Disk: 474832kB
               Buffers: shared hit=79335294 read=5382572, temp read=59354 written=59369
               ->  Nested Loop  (cost=358.93..154987.97 rows=514 width=25) (actual rows=13100150 loops=1)
                     Buffers: shared hit=79335294 read=5382572
                     ->  Nested Loop  (cost=358.64..154828.48 rows=514 width=12) (actual rows=13100150 loops=1)
                           Buffers: shared hit=40035804 read=5381612
                           ->  Hash Join  (cost=358.20..154414.34 rows=514 width=12) (actual rows=13100150 loops=1)
                                 Hash Cond: ((source.warehouse_id = source_2.warehouse_id) AND (source.bin_id = source_2.bin_id))
                                 Buffers: shared read=70889
                                 ->  Parallel Seq Scan on relation_30 source  (cost=0.00..125399.70 rows=5458370 width=12) (actual rows=13100150 loops=1)
                                       Buffers: shared read=70816
                                 ->  Hash  (cost=187.08..187.08 rows=11408 width=8) (actual rows=11408 loops=1)
                                       Buckets: 16384  Batches: 1  Memory Usage: 574kB
                                       Buffers: shared read=73
                                       ->  Seq Scan on relation_18 source_2  (cost=0.00..187.08 rows=11408 width=8) (actual rows=11408 loops=1)
                                             Buffers: shared read=73
                           ->  Index Only Scan using relation_1_pkey on relation_1 source_1  (cost=0.44..0.81 rows=1 width=4) (actual rows=1 loops=13100150)
                                 Index Cond: (product_id = source.product_id)
                                 Heap Fetches: 71
                                 Buffers: shared hit=40035804 read=5310723
                     ->  Index Scan using relation_17_pkey on relation_17 source_3  (cost=0.29..0.31 rows=1 width=21) (actual rows=1 loops=13100150)
                           Index Cond: (warehouse_id = source.warehouse_id)
                           Buffers: shared hit=39299490 read=960
 Planning:
   Buffers: shared hit=23 read=21
 Planning Time: 0.475 ms
 JIT:
   Functions: 26
   Options: Inlining false, Optimization false, Expressions true, Deforming true
 Execution Time: 40906.267 ms
(40 rows)

-- Q076 [aggregation] occurrence 1/1
-- Original E/R: SELECT c.email, COUNT(DISTINCT REF(o)) AS order_count FROM customer_orders co JOIN Customer c ON ENDPOINT(co, Customer) = REF(c) JOIN CustOrder o ON ENDPOINT(co, CustOrder) = REF(o) GROUP BY REF(c), c.email HAVING COUNT(DISTINCT REF(o)) >= 2;
EXPLAIN (ANALYZE, BUFFERS, TIMING OFF, SUMMARY ON, FORMAT TEXT)
WITH
"b0" AS (
    SELECT
        "source"."customer_orders_customer_id" AS "__endpoint_customer_0",
        "source"."custorder_id" AS "__endpoint_custorder_0"
    FROM "relation_13" AS "source"
    WHERE ("source"."customer_orders_customer_id" IS NOT NULL)
),
"b1" AS (
    SELECT
        "source"."email" AS "email",
        "source"."user_id" AS "__reference_0"
    FROM "relation_2" AS "source"
    WHERE ("source"."role" IN ('customer', 'businesscustomer', 'primecustomer'))
),
"b2" AS (
    SELECT
        "source"."custorder_id" AS "__reference_0"
    FROM "relation_13" AS "source"
)
SELECT 
    "b1"."email" AS "email",
    COUNT(DISTINCT "b2"."__reference_0") AS "order_count"
FROM (("b0" INNER JOIN "b1" ON ("b0"."__endpoint_customer_0" = "b1"."__reference_0")) INNER JOIN "b2" ON ("b0"."__endpoint_custorder_0" = "b2"."__reference_0"))
GROUP BY
    "b1"."__reference_0",
    "b1"."email"
HAVING (COUNT(DISTINCT "b2"."__reference_0") >= 2);
                                                                       QUERY PLAN                                                                       
--------------------------------------------------------------------------------------------------------------------------------------------------------
 GroupAggregate  (cost=67571.65..73768.65 rows=15712 width=34) (actual rows=2611 loops=1)
   Group Key: source_1.user_id
   Filter: (count(DISTINCT source_2.custorder_id) >= 2)
   Rows Removed by Filter: 69354
   Buffers: shared hit=1656 read=50264
   ->  Gather Merge  (cost=67571.65..72943.77 rows=47136 width=30) (actual rows=74642 loops=1)
         Workers Planned: 1
         Workers Launched: 0
         Buffers: shared hit=1656 read=50264
         ->  Sort  (cost=66571.64..66640.96 rows=27727 width=30) (actual rows=74642 loops=1)
               Sort Key: source_1.user_id, source_2.custorder_id
               Sort Method: quicksort  Memory: 7331kB
               Buffers: shared hit=1656 read=50264
               ->  Parallel Hash Join  (cost=62104.83..64525.52 rows=27727 width=30) (actual rows=74642 loops=1)
                     Hash Cond: (source_2.custorder_id = source.custorder_id)
                     Buffers: shared hit=1656 read=50264
                     ->  Parallel Seq Scan on relation_13 source_2  (cost=0.00..2128.12 rows=47212 width=4) (actual rows=80260 loops=1)
                           Buffers: shared hit=1656
                     ->  Parallel Hash  (cost=61859.33..61859.33 rows=19640 width=30) (actual rows=74642 loops=1)
                           Buckets: 131072 (originally 65536)  Batches: 1 (originally 1)  Memory Usage: 6400kB
                           Buffers: shared read=50264
                           ->  Parallel Hash Join  (cost=2676.48..61859.33 rows=19640 width=30) (actual rows=74642 loops=1)
                                 Hash Cond: (source_1.user_id = source.customer_orders_customer_id)
                                 Buffers: shared read=50264
                                 ->  Parallel Seq Scan on relation_2 source_1  (cost=0.00..57430.64 rows=436448 width=26) (actual rows=1036985 loops=1)
                                       Filter: ((role)::text = ANY ('{customer,businesscustomer,primecustomer}'::text[]))
                                       Rows Removed by Filter: 503556
                                       Buffers: shared read=48608
                                 ->  Parallel Hash  (cost=2128.12..2128.12 rows=43869 width=8) (actual rows=74642 loops=1)
                                       Buckets: 131072  Batches: 1  Memory Usage: 3968kB
                                       Buffers: shared read=1656
                                       ->  Parallel Seq Scan on relation_13 source  (cost=0.00..2128.12 rows=43869 width=8) (actual rows=74642 loops=1)
                                             Filter: (customer_orders_customer_id IS NOT NULL)
                                             Rows Removed by Filter: 5618
                                             Buffers: shared read=1656
 Planning:
   Buffers: shared hit=10 read=9
 Planning Time: 0.195 ms
 Execution Time: 268.170 ms
(39 rows)

-- Q077 [aggregation] occurrence 1/1
-- Original E/R: SELECT o.status, COUNT(DISTINCT REF(p)) AS item_count, SUM(p.base_price) AS item_value FROM order_items oi JOIN CustOrder o ON ENDPOINT(oi, CustOrder) = REF(o) JOIN Product p ON ENDPOINT(oi, Product) = REF(p) GROUP BY REF(o), o.status HAVING SUM(p.base_price) > 200;
EXPLAIN (ANALYZE, BUFFERS, TIMING OFF, SUMMARY ON, FORMAT TEXT)
WITH
"b0" AS (
    SELECT
        "source"."custorder_id" AS "__endpoint_custorder_0",
        "source"."product_id" AS "__endpoint_product_0"
    FROM "relation_28" AS "source"
),
"b1" AS (
    SELECT
        "source"."status" AS "status",
        "source"."custorder_id" AS "__reference_0"
    FROM "relation_13" AS "source"
),
"b2" AS (
    SELECT
        "source"."base_price" AS "base_price",
        "source"."product_id" AS "__reference_0"
    FROM "relation_1" AS "source"
)
SELECT 
    "b1"."status" AS "status",
    COUNT(DISTINCT "b2"."__reference_0") AS "item_count",
    SUM("b2"."base_price") AS "item_value"
FROM (("b0" INNER JOIN "b1" ON ("b0"."__endpoint_custorder_0" = "b1"."__reference_0")) INNER JOIN "b2" ON ("b0"."__endpoint_product_0" = "b2"."__reference_0"))
GROUP BY
    "b1"."__reference_0",
    "b1"."status"
HAVING (SUM("b2"."base_price") > 200);
                                                                                QUERY PLAN                                                                                 
---------------------------------------------------------------------------------------------------------------------------------------------------------------------------
 GroupAggregate  (cost=288603.48..302470.24 rows=26753 width=29) (actual rows=33819 loops=1)
   Group Key: source_1.custorder_id
   Filter: (sum(source_2.base_price) > 200)
   Rows Removed by Filter: 35205
   Buffers: shared hit=221316 read=195799
   ->  Gather Merge  (cost=288603.48..300688.75 rows=103766 width=21) (actual rows=103766 loops=1)
         Workers Planned: 2
         Workers Launched: 0
         Buffers: shared hit=221316 read=195799
         ->  Sort  (cost=287603.46..287711.55 rows=43236 width=21) (actual rows=103766 loops=1)
               Sort Key: source_1.custorder_id, source_2.product_id
               Sort Method: quicksort  Memory: 7937kB
               Buffers: shared hit=221316 read=195799
               ->  Parallel Hash Join  (cost=2719.00..284274.30 rows=43236 width=21) (actual rows=103766 loops=1)
                     Hash Cond: (source.custorder_id = source_1.custorder_id)
                     Buffers: shared hit=221316 read=195799
                     ->  Nested Loop  (cost=0.73..281442.53 rows=43236 width=12) (actual rows=103766 loops=1)
                           Buffers: shared hit=219660 read=195799
                           ->  Parallel Index Only Scan using relation_28_pkey on relation_28 source  (cost=0.29..2547.48 rows=43236 width=8) (actual rows=103766 loops=1)
                                 Heap Fetches: 0
                                 Buffers: shared hit=3 read=392
                           ->  Index Scan using relation_1_pkey on relation_1 source_2  (cost=0.44..6.45 rows=1 width=8) (actual rows=1 loops=103766)
                                 Index Cond: (product_id = source.product_id)
                                 Buffers: shared hit=219657 read=195407
                     ->  Parallel Hash  (cost=2128.12..2128.12 rows=47212 width=13) (actual rows=80260 loops=1)
                           Buckets: 131072  Batches: 1  Memory Usage: 4800kB
                           Buffers: shared hit=1656
                           ->  Parallel Seq Scan on relation_13 source_1  (cost=0.00..2128.12 rows=47212 width=13) (actual rows=80260 loops=1)
                                 Buffers: shared hit=1656
 Planning:
   Buffers: shared hit=23 read=6
 Planning Time: 0.213 ms
 JIT:
   Functions: 17
   Options: Inlining false, Optimization false, Expressions true, Deforming true
 Execution Time: 476.219 ms
(36 rows)

-- Q078 [aggregation] occurrence 1/1
-- Original E/R: SELECT p.product_name, COUNT(DISTINCT REF(r)) AS review_count, AVG(r.rating) AS average_rating FROM reviews rv JOIN Product p ON ENDPOINT(rv, Product) = REF(p) JOIN Review r ON ENDPOINT(rv, Review) = REF(r) GROUP BY REF(p), p.product_name HAVING AVG(r.rating) >= 3;
EXPLAIN (ANALYZE, BUFFERS, TIMING OFF, SUMMARY ON, FORMAT TEXT)
WITH
"b0" AS (
    SELECT
        "source"."reviews_product_id" AS "__endpoint_product_0",
        "source"."user_id" AS "__endpoint_review_0",
        "source"."review_id" AS "__endpoint_review_1"
    FROM "relation_11" AS "source"
    WHERE ("source"."reviews_product_id" IS NOT NULL)
),
"b1" AS (
    SELECT
        "source"."product_name" AS "product_name",
        "source"."product_id" AS "__reference_0"
    FROM "relation_1" AS "source"
),
"b2" AS (
    SELECT
        "source"."rating" AS "rating",
        "source"."user_id" AS "__reference_0",
        "source"."review_id" AS "__reference_1"
    FROM "relation_11" AS "source"
)
SELECT 
    "b1"."product_name" AS "product_name",
    COUNT(DISTINCT ROW("b2"."__reference_0", "b2"."__reference_1")) AS "review_count",
    AVG("b2"."rating") AS "average_rating"
FROM (("b0" INNER JOIN "b1" ON ("b0"."__endpoint_product_0" = "b1"."__reference_0")) INNER JOIN "b2" ON ("b0"."__endpoint_review_0" = "b2"."__reference_0" AND "b0"."__endpoint_review_1" = "b2"."__reference_1"))
GROUP BY
    "b1"."__reference_0",
    "b1"."product_name"
HAVING (AVG("b2"."rating") >= 3);
                                                               QUERY PLAN                                                               
----------------------------------------------------------------------------------------------------------------------------------------
 GroupAggregate  (cost=2090.45..2090.48 rows=1 width=78) (actual rows=216 loops=1)
   Group Key: source_1.product_id
   Filter: (avg(source_2.rating) >= '3'::numeric)
   Rows Removed by Filter: 37
   Buffers: shared hit=1256 read=1201
   ->  Sort  (cost=2090.45..2090.46 rows=1 width=50) (actual rows=253 loops=1)
         Sort Key: source_1.product_id, (ROW(source_2.user_id, source_2.review_id))
         Sort Method: quicksort  Memory: 52kB
         Buffers: shared hit=1256 read=1201
         ->  Nested Loop  (cost=976.98..2090.44 rows=1 width=50) (actual rows=253 loops=1)
               Buffers: shared hit=1253 read=1199
               ->  Hash Join  (cost=976.54..2081.99 rows=1 width=16) (actual rows=253 loops=1)
                     Hash Cond: ((source_2.user_id = source.user_id) AND (source_2.review_id = source.review_id))
                     Buffers: shared hit=720 read=720
                     ->  Seq Scan on relation_11 source_2  (cost=0.00..972.75 rows=25275 width=12) (actual rows=25275 loops=1)
                           Buffers: shared hit=719 read=1
                     ->  Hash  (cost=972.75..972.75 rows=253 width=12) (actual rows=253 loops=1)
                           Buckets: 1024  Batches: 1  Memory Usage: 19kB
                           Buffers: shared hit=1 read=719
                           ->  Seq Scan on relation_11 source  (cost=0.00..972.75 rows=253 width=12) (actual rows=253 loops=1)
                                 Filter: (reviews_product_id IS NOT NULL)
                                 Rows Removed by Filter: 25022
                                 Buffers: shared hit=1 read=719
               ->  Index Scan using relation_1_pkey on relation_1 source_1  (cost=0.44..8.46 rows=1 width=38) (actual rows=1 loops=253)
                     Index Cond: (product_id = source.reviews_product_id)
                     Buffers: shared hit=533 read=479
 Planning:
   Buffers: shared hit=15 read=12
 Planning Time: 0.289 ms
 Execution Time: 5.318 ms
(30 rows)

-- Q079 [aggregation] occurrence 1/1
-- Original E/R: SELECT OWNER(c) AS customer_ref, COUNT(DISTINCT REF(p)) AS cart_products FROM cart_contains cc JOIN Cart c ON ENDPOINT(cc, Cart) = REF(c) JOIN Product p ON ENDPOINT(cc, Product) = REF(p) GROUP BY REF(c), OWNER(c) HAVING COUNT(DISTINCT REF(p)) >= 1;
EXPLAIN (ANALYZE, BUFFERS, TIMING OFF, SUMMARY ON, FORMAT TEXT)
WITH
"b0" AS (
    SELECT
        "source"."customer_id" AS "__endpoint_cart_0",
        "source"."cart_id" AS "__endpoint_cart_1",
        "source"."product_id" AS "__endpoint_product_0"
    FROM "relation_26" AS "source"
),
"b1" AS (
    SELECT
        "source"."user_id" AS "__owner_0",
        "source"."user_id" AS "__reference_0",
        "source"."cart_id" AS "__reference_1"
    FROM "relation_9" AS "source"
),
"b2" AS (
    SELECT
        "source"."product_id" AS "__reference_0"
    FROM "relation_1" AS "source"
)
SELECT 
    "b1"."__owner_0" AS "customer_ref",
    COUNT(DISTINCT "b2"."__reference_0") AS "cart_products"
FROM (("b0" INNER JOIN "b1" ON ("b0"."__endpoint_cart_0" = "b1"."__reference_0" AND "b0"."__endpoint_cart_1" = "b1"."__reference_1")) INNER JOIN "b2" ON ("b0"."__endpoint_product_0" = "b2"."__reference_0"))
GROUP BY
    "b1"."__reference_0",
    "b1"."__reference_1",
    "b1"."__owner_0"
HAVING (COUNT(DISTINCT "b2"."__reference_0") >= 1);
                                                                  QUERY PLAN                                                                  
----------------------------------------------------------------------------------------------------------------------------------------------
 GroupAggregate  (cost=2176.60..2176.63 rows=1 width=20) (actual rows=40368 loops=1)
   Group Key: source_1.user_id, source_1.cart_id
   Filter: (count(DISTINCT source_2.product_id) >= 1)
   Buffers: shared hit=124980 read=33902
   ->  Sort  (cost=2176.60..2176.61 rows=1 width=12) (actual rows=40368 loops=1)
         Sort Key: source_1.user_id, source_1.cart_id, source_2.product_id
         Sort Method: quicksort  Memory: 3113kB
         Buffers: shared hit=124980 read=33902
         ->  Nested Loop  (cost=1333.76..2176.59 rows=1 width=12) (actual rows=40368 loops=1)
               Buffers: shared hit=124980 read=33902
               ->  Hash Join  (cost=1333.33..2172.94 rows=1 width=12) (actual rows=40368 loops=1)
                     Hash Cond: ((source.customer_id = source_1.user_id) AND (source.cart_id = source_1.cart_id))
                     Buffers: shared read=495
                     ->  Seq Scan on relation_26 source  (cost=0.00..627.68 rows=40368 width=12) (actual rows=40368 loops=1)
                           Buffers: shared read=224
                     ->  Hash  (cost=695.93..695.93 rows=42493 width=8) (actual rows=42493 loops=1)
                           Buckets: 65536  Batches: 1  Memory Usage: 2172kB
                           Buffers: shared read=271
                           ->  Seq Scan on relation_9 source_1  (cost=0.00..695.93 rows=42493 width=8) (actual rows=42493 loops=1)
                                 Buffers: shared read=271
               ->  Index Only Scan using relation_1_pkey on relation_1 source_2  (cost=0.44..3.66 rows=1 width=4) (actual rows=1 loops=40368)
                     Index Cond: (product_id = source.product_id)
                     Heap Fetches: 0
                     Buffers: shared hit=124980 read=33407
 Planning:
   Buffers: shared hit=15 read=9
 Planning Time: 0.174 ms
 Execution Time: 114.867 ms
(28 rows)

-- Q080 [aggregation] occurrence 1/1
-- Original E/R: SELECT w.wishlist_name, COUNT(DISTINCT REF(p)) AS wishlist_products FROM wishlist_contains wc JOIN Wishlist w ON ENDPOINT(wc, Wishlist) = REF(w) JOIN Product p ON ENDPOINT(wc, Product) = REF(p) GROUP BY REF(w), w.wishlist_name HAVING COUNT(DISTINCT REF(p)) >= 2;
EXPLAIN (ANALYZE, BUFFERS, TIMING OFF, SUMMARY ON, FORMAT TEXT)
WITH
"b0" AS (
    SELECT
        "source"."product_id" AS "__endpoint_product_0",
        "source"."customer_id" AS "__endpoint_wishlist_0",
        "source"."wishlist_id" AS "__endpoint_wishlist_1"
    FROM "relation_27" AS "source"
),
"b1" AS (
    SELECT
        "source"."wishlist_name" AS "wishlist_name",
        "source"."user_id" AS "__reference_0",
        "source"."wishlist_id" AS "__reference_1"
    FROM "relation_10" AS "source"
),
"b2" AS (
    SELECT
        "source"."product_id" AS "__reference_0"
    FROM "relation_1" AS "source"
)
SELECT 
    "b1"."wishlist_name" AS "wishlist_name",
    COUNT(DISTINCT "b2"."__reference_0") AS "wishlist_products"
FROM (("b0" INNER JOIN "b1" ON ("b0"."__endpoint_wishlist_0" = "b1"."__reference_0" AND "b0"."__endpoint_wishlist_1" = "b1"."__reference_1")) INNER JOIN "b2" ON ("b0"."__endpoint_product_0" = "b2"."__reference_0"))
GROUP BY
    "b1"."__reference_0",
    "b1"."__reference_1",
    "b1"."wishlist_name"
HAVING (COUNT(DISTINCT "b2"."__reference_0") >= 2);
                                                                  QUERY PLAN                                                                  
----------------------------------------------------------------------------------------------------------------------------------------------
 GroupAggregate  (cost=2661.06..2661.09 rows=1 width=24) (actual rows=20002 loops=1)
   Group Key: source_1.user_id, source_1.wishlist_id
   Filter: (count(DISTINCT source_2.product_id) >= 2)
   Rows Removed by Filter: 10049
   Buffers: shared hit=187549 read=48397
   ->  Sort  (cost=2661.06..2661.07 rows=1 width=20) (actual rows=59992 loops=1)
         Sort Key: source_1.user_id, source_1.wishlist_id, source_2.product_id
         Sort Method: quicksort  Memory: 4349kB
         Buffers: shared hit=187549 read=48397
         ->  Nested Loop  (cost=1418.24..2661.05 rows=1 width=20) (actual rows=59992 loops=1)
               Buffers: shared hit=187549 read=48397
               ->  Hash Join  (cost=1417.80..2657.68 rows=1 width=20) (actual rows=59992 loops=1)
                     Hash Cond: ((source.customer_id = source_1.user_id) AND (source.wishlist_id = source_1.wishlist_id))
                     Buffers: shared read=587
                     ->  Seq Scan on relation_27 source  (cost=0.00..924.92 rows=59992 width=12) (actual rows=59992 loops=1)
                           Buffers: shared read=325
                     ->  Hash  (cost=724.32..724.32 rows=46232 width=16) (actual rows=46232 loops=1)
                           Buckets: 65536  Batches: 1  Memory Usage: 2725kB
                           Buffers: shared read=262
                           ->  Seq Scan on relation_10 source_1  (cost=0.00..724.32 rows=46232 width=16) (actual rows=46232 loops=1)
                                 Buffers: shared read=262
               ->  Index Only Scan using relation_1_pkey on relation_1 source_2  (cost=0.44..3.37 rows=1 width=4) (actual rows=1 loops=59992)
                     Index Cond: (product_id = source.product_id)
                     Heap Fetches: 1
                     Buffers: shared hit=187549 read=47810
 Planning:
   Buffers: shared hit=10 read=14
 Planning Time: 0.221 ms
 Execution Time: 170.051 ms
(29 rows)

-- Q081 [aggregation] occurrence 1/1
-- Original E/R: SELECT s.product_name, COUNT(DISTINCT REF(c)) AS download_customers FROM software_downloads sd JOIN Software s ON ENDPOINT(sd, Software) = REF(s) JOIN Customer c ON ENDPOINT(sd, Customer) = REF(c) GROUP BY REF(s), s.product_name HAVING COUNT(DISTINCT REF(c)) > 10;
EXPLAIN (ANALYZE, BUFFERS, TIMING OFF, SUMMARY ON, FORMAT TEXT)
WITH
"b0" AS (
    SELECT
        "source"."customer_id" AS "__endpoint_customer_0",
        "source"."software_id" AS "__endpoint_software_0"
    FROM "relation_35" AS "source"
),
"b1" AS (
    SELECT
        "source"."product_name" AS "product_name",
        "source"."product_id" AS "__reference_0"
    FROM "relation_1" AS "source"
    WHERE ("source"."role" IN ('software'))
),
"b2" AS (
    SELECT
        "source"."user_id" AS "__reference_0"
    FROM "relation_2" AS "source"
    WHERE ("source"."role" IN ('customer', 'businesscustomer', 'primecustomer'))
)
SELECT 
    "b1"."product_name" AS "product_name",
    COUNT(DISTINCT "b2"."__reference_0") AS "download_customers"
FROM (("b0" INNER JOIN "b1" ON ("b0"."__endpoint_software_0" = "b1"."__reference_0")) INNER JOIN "b2" ON ("b0"."__endpoint_customer_0" = "b2"."__reference_0"))
GROUP BY
    "b1"."__reference_0",
    "b1"."product_name"
HAVING (COUNT(DISTINCT "b2"."__reference_0") > 10);
                                                                     QUERY PLAN                                                                     
----------------------------------------------------------------------------------------------------------------------------------------------------
 GroupAggregate  (cost=1.16..111837.14 rows=9 width=46) (actual rows=0 loops=1)
   Group Key: source_1.product_id
   Filter: (count(DISTINCT source_2.user_id) > 10)
   Rows Removed by Filter: 14250
   Buffers: shared hit=144271 read=27448
   ->  Nested Loop  (cost=1.16..111836.69 rows=26 width=42) (actual rows=28651 loops=1)
         Buffers: shared hit=144271 read=27448
         ->  Nested Loop  (cost=0.73..111665.02 rows=38 width=42) (actual rows=28651 loops=1)
               Buffers: shared hit=56581 read=534
               ->  Index Only Scan using relation_35_pkey on relation_35 source  (cost=0.29..890.05 rows=28651 width=8) (actual rows=28651 loops=1)
                     Heap Fetches: 0
                     Buffers: shared hit=3 read=112
               ->  Memoize  (cost=0.45..7.73 rows=1 width=38) (actual rows=1 loops=28651)
                     Cache Key: source.software_id
                     Cache Mode: logical
                     Hits: 14401  Misses: 14250  Evictions: 0  Overflows: 0  Memory Usage: 1949kB
                     Buffers: shared hit=56578 read=422
                     ->  Index Scan using relation_1_pkey on relation_1 source_1  (cost=0.44..7.72 rows=1 width=38) (actual rows=1 loops=14250)
                           Index Cond: (product_id = source.software_id)
                           Filter: ((role)::text = 'software'::text)
                           Buffers: shared hit=56578 read=422
         ->  Index Scan using relation_2_pkey on relation_2 source_2  (cost=0.43..4.52 rows=1 width=4) (actual rows=1 loops=28651)
               Index Cond: (user_id = source.customer_id)
               Filter: ((role)::text = ANY ('{customer,businesscustomer,primecustomer}'::text[]))
               Buffers: shared hit=87690 read=26914
 Planning:
   Buffers: shared hit=10 read=9
 Planning Time: 0.222 ms
 JIT:
   Functions: 23
   Options: Inlining false, Optimization false, Expressions true, Deforming true
 Execution Time: 142.024 ms
(32 rows)

-- Q082 [aggregation] occurrence 1/1
-- Original E/R: SELECT p.product_name, MIN(ph.price) AS minimum_price, MAX(ph.price) AS maximum_price, AVG(ph.price) AS average_price FROM PriceHistory ph JOIN Product p ON OWNER(ph) = REF(p) GROUP BY REF(p), p.product_name HAVING MIN(ph.price) < MAX(ph.price);
EXPLAIN (ANALYZE, BUFFERS, TIMING OFF, SUMMARY ON, FORMAT TEXT)
WITH
"b0" AS (
    SELECT
        "source"."price" AS "price",
        "source"."product_id" AS "__owner_0"
    FROM "relation_5" AS "source"
),
"b1" AS (
    SELECT
        "source"."product_name" AS "product_name",
        "source"."product_id" AS "__reference_0"
    FROM "relation_1" AS "source"
)
SELECT 
    "b1"."product_name" AS "product_name",
    MIN("b0"."price") AS "minimum_price",
    MAX("b0"."price") AS "maximum_price",
    AVG("b0"."price") AS "average_price"
FROM ("b0" INNER JOIN "b1" ON ("b0"."__owner_0" = "b1"."__reference_0"))
GROUP BY
    "b1"."__reference_0",
    "b1"."product_name"
HAVING (MIN("b0"."price") < MAX("b0"."price"));
                                                              QUERY PLAN                                                               
---------------------------------------------------------------------------------------------------------------------------------------
 GroupAggregate  (cost=0.72..97724.27 rows=3968 width=78) (actual rows=2 loops=1)
   Group Key: source_1.product_id
   Filter: (min(source.price) < max(source.price))
   Rows Removed by Filter: 11899
   Buffers: shared hit=36284 read=23159
   ->  Nested Loop  (cost=0.72..97426.69 rows=11903 width=42) (actual rows=11903 loops=1)
         Buffers: shared hit=36284 read=23159
         ->  Index Scan using relation_5_pkey on relation_5 source  (cost=0.29..714.83 rows=11903 width=8) (actual rows=11903 loops=1)
               Buffers: shared hit=11700 read=131
         ->  Index Scan using relation_1_pkey on relation_1 source_1  (cost=0.44..8.12 rows=1 width=38) (actual rows=1 loops=11903)
               Index Cond: (product_id = source.product_id)
               Buffers: shared hit=24584 read=23028
 Planning:
   Buffers: shared hit=10 read=11
 Planning Time: 0.156 ms
 Execution Time: 59.182 ms
(16 rows)

-- Q083 [aggregation] occurrence 1/1
-- Original E/R: SELECT c.email, COUNT(DISTINCT REF(r)) AS review_count, AVG(r.rating) AS average_rating FROM Review r JOIN Customer c ON OWNER(r) = REF(c) GROUP BY REF(c), c.email HAVING COUNT(DISTINCT REF(r)) >= 2;
EXPLAIN (ANALYZE, BUFFERS, TIMING OFF, SUMMARY ON, FORMAT TEXT)
WITH
"b0" AS (
    SELECT
        "source"."rating" AS "rating",
        "source"."user_id" AS "__owner_0",
        "source"."user_id" AS "__reference_0",
        "source"."review_id" AS "__reference_1"
    FROM "relation_11" AS "source"
),
"b1" AS (
    SELECT
        "source"."email" AS "email",
        "source"."user_id" AS "__reference_0"
    FROM "relation_2" AS "source"
    WHERE ("source"."role" IN ('customer', 'businesscustomer', 'primecustomer'))
)
SELECT 
    "b1"."email" AS "email",
    COUNT(DISTINCT ROW("b0"."__reference_0", "b0"."__reference_1")) AS "review_count",
    AVG("b0"."rating") AS "average_rating"
FROM ("b0" INNER JOIN "b1" ON ("b0"."__owner_0" = "b1"."__reference_0"))
GROUP BY
    "b1"."__reference_0",
    "b1"."email"
HAVING (COUNT(DISTINCT ROW("b0"."__reference_0", "b0"."__reference_1")) >= 2);
                                                                 QUERY PLAN                                                                 
--------------------------------------------------------------------------------------------------------------------------------------------
 GroupAggregate  (cost=62977.44..65366.55 rows=5731 width=66) (actual rows=295 loops=1)
   Group Key: source_1.user_id
   Filter: (count(DISTINCT ROW(source.user_id, source.review_id)) >= 2)
   Rows Removed by Filter: 24684
   Buffers: shared hit=7 read=49324
   ->  Gather Merge  (cost=62977.44..64979.73 rows=17192 width=38) (actual rows=25275 loops=1)
         Workers Planned: 2
         Workers Launched: 0
         Buffers: shared hit=7 read=49324
         ->  Sort  (cost=61977.42..61995.33 rows=7163 width=38) (actual rows=25275 loops=1)
               Sort Key: source_1.user_id, (ROW(source.user_id, source.review_id))
               Sort Method: quicksort  Memory: 3198kB
               Buffers: shared hit=7 read=49324
               ->  Hash Join  (cost=1288.69..61518.76 rows=7163 width=38) (actual rows=25275 loops=1)
                     Hash Cond: (source_1.user_id = source.user_id)
                     Buffers: shared hit=7 read=49321
                     ->  Parallel Seq Scan on relation_2 source_1  (cost=0.00..57430.64 rows=436448 width=26) (actual rows=1036985 loops=1)
                           Filter: ((role)::text = ANY ('{customer,businesscustomer,primecustomer}'::text[]))
                           Rows Removed by Filter: 503556
                           Buffers: shared hit=7 read=48601
                     ->  Hash  (cost=972.75..972.75 rows=25275 width=12) (actual rows=25275 loops=1)
                           Buckets: 32768  Batches: 1  Memory Usage: 1343kB
                           Buffers: shared read=720
                           ->  Seq Scan on relation_11 source  (cost=0.00..972.75 rows=25275 width=12) (actual rows=25275 loops=1)
                                 Buffers: shared read=720
 Planning:
   Buffers: shared hit=2 read=7
 Planning Time: 0.166 ms
 Execution Time: 221.468 ms
(29 rows)

-- Q084 [aggregation] occurrence 1/1
-- Original E/R: SELECT p.promo_name, COUNT(DISTINCT REF(c)) AS coupon_count, MAX(c.max_uses) AS largest_limit FROM Coupon c JOIN Promotion p ON OWNER(c) = REF(p) GROUP BY REF(p), p.promo_name HAVING COUNT(DISTINCT REF(c)) > 1;
EXPLAIN (ANALYZE, BUFFERS, TIMING OFF, SUMMARY ON, FORMAT TEXT)
WITH
"b0" AS (
    SELECT
        "source"."max_uses" AS "max_uses",
        "source"."promotion_id" AS "__owner_0",
        "source"."promotion_id" AS "__reference_0",
        "source"."coupon_code" AS "__reference_1"
    FROM "relation_16" AS "source"
),
"b1" AS (
    SELECT
        "source"."promo_name" AS "promo_name",
        "source"."promotion_id" AS "__reference_0"
    FROM "relation_15" AS "source"
)
SELECT 
    "b1"."promo_name" AS "promo_name",
    COUNT(DISTINCT ROW("b0"."__reference_0", "b0"."__reference_1")) AS "coupon_count",
    MAX("b0"."max_uses") AS "largest_limit"
FROM ("b0" INNER JOIN "b1" ON ("b0"."__owner_0" = "b1"."__reference_0"))
GROUP BY
    "b1"."__reference_0",
    "b1"."promo_name"
HAVING (COUNT(DISTINCT ROW("b0"."__reference_0", "b0"."__reference_1")) > 1);
                                                            QUERY PLAN                                                            
----------------------------------------------------------------------------------------------------------------------------------
 GroupAggregate  (cost=9153.20..10055.90 rows=13373 width=50) (actual rows=4523 loops=1)
   Group Key: source_1.promotion_id
   Filter: (count(DISTINCT (ROW(source.promotion_id, source.coupon_code))) > 1)
   Rows Removed by Filter: 30660
   Buffers: shared read=2210
   ->  Sort  (cost=9153.20..9253.50 rows=40120 width=50) (actual rows=40120 loops=1)
         Sort Key: source_1.promotion_id, (ROW(source.promotion_id, source.coupon_code))
         Sort Method: quicksort  Memory: 5846kB
         Buffers: shared read=2210
         ->  Hash Join  (cost=5321.11..6085.62 rows=40120 width=50) (actual rows=40120 loops=1)
               Hash Cond: (source.promotion_id = source_1.promotion_id)
               Buffers: shared read=2210
               ->  Seq Scan on relation_16 source  (cost=0.00..659.20 rows=40120 width=12) (actual rows=40120 loops=1)
                     Buffers: shared read=258
               ->  Hash  (cost=3449.38..3449.38 rows=149738 width=38) (actual rows=149738 loops=1)
                     Buckets: 262144  Batches: 1  Memory Usage: 12574kB
                     Buffers: shared read=1952
                     ->  Seq Scan on relation_15 source_1  (cost=0.00..3449.38 rows=149738 width=38) (actual rows=149738 loops=1)
                           Buffers: shared read=1952
 Planning:
   Buffers: shared hit=7 read=10
 Planning Time: 0.164 ms
 Execution Time: 44.907 ms
(23 rows)

-- Q085 [aggregation] occurrence 1/1
-- Original E/R: SELECT cp.carrier_code, COUNT(DISTINCT REF(s)) AS shipment_count FROM courier_shipments cs JOIN CourierPartner cp ON ENDPOINT(cs, CourierPartner) = REF(cp) JOIN Shipment s ON ENDPOINT(cs, Shipment) = REF(s) GROUP BY REF(cp), cp.carrier_code HAVING COUNT(DISTINCT REF(s)) >= 5;
EXPLAIN (ANALYZE, BUFFERS, TIMING OFF, SUMMARY ON, FORMAT TEXT)
WITH
"b0" AS (
    SELECT
        "source"."courier_shipments_courierpartner_id" AS "__endpoint_courierpartner_0",
        "source"."custorder_id" AS "__endpoint_shipment_0",
        "source"."shipment_id" AS "__endpoint_shipment_1"
    FROM "relation_14" AS "source"
    WHERE ("source"."courier_shipments_courierpartner_id" IS NOT NULL)
),
"b1" AS (
    SELECT
        "source"."carrier_code" AS "carrier_code",
        "source"."courierpartner_id" AS "__reference_0"
    FROM "relation_22" AS "source"
),
"b2" AS (
    SELECT
        "source"."custorder_id" AS "__reference_0",
        "source"."shipment_id" AS "__reference_1"
    FROM "relation_14" AS "source"
)
SELECT 
    "b1"."carrier_code" AS "carrier_code",
    COUNT(DISTINCT ROW("b2"."__reference_0", "b2"."__reference_1")) AS "shipment_count"
FROM (("b0" INNER JOIN "b1" ON ("b0"."__endpoint_courierpartner_0" = "b1"."__reference_0")) INNER JOIN "b2" ON ("b0"."__endpoint_shipment_0" = "b2"."__reference_0" AND "b0"."__endpoint_shipment_1" = "b2"."__reference_1"))
GROUP BY
    "b1"."__reference_0",
    "b1"."carrier_code"
HAVING (COUNT(DISTINCT ROW("b2"."__reference_0", "b2"."__reference_1")) >= 5);
                                                                 QUERY PLAN                                                                 
--------------------------------------------------------------------------------------------------------------------------------------------
 GroupAggregate  (cost=1428.10..1428.12 rows=1 width=21) (actual rows=0 loops=1)
   Group Key: source_1.courierpartner_id
   Filter: (count(DISTINCT (ROW(source_2.custorder_id, source_2.shipment_id))) >= 5)
   Rows Removed by Filter: 9647
   Buffers: shared hit=31020 read=1031
   ->  Sort  (cost=1428.10..1428.10 rows=1 width=21) (actual rows=10465 loops=1)
         Sort Key: source_1.courierpartner_id, (ROW(source_2.custorder_id, source_2.shipment_id))
         Sort Method: quicksort  Memory: 1202kB
         Buffers: shared hit=31020 read=1031
         ->  Nested Loop  (cost=728.64..1428.09 rows=1 width=21) (actual rows=10465 loops=1)
               Buffers: shared hit=31020 read=1031
               ->  Hash Join  (cost=728.36..1427.51 rows=1 width=12) (actual rows=10465 loops=1)
                     Hash Cond: ((source_2.custorder_id = source.custorder_id) AND (source_2.shipment_id = source.shipment_id))
                     Buffers: shared hit=328 read=328
                     ->  Seq Scan on relation_14 source_2  (cost=0.00..571.38 rows=24338 width=8) (actual rows=24339 loops=1)
                           Buffers: shared hit=327 read=1
                     ->  Hash  (cost=571.38..571.38 rows=10465 width=12) (actual rows=10465 loops=1)
                           Buckets: 16384  Batches: 1  Memory Usage: 578kB
                           Buffers: shared hit=1 read=327
                           ->  Seq Scan on relation_14 source  (cost=0.00..571.38 rows=10465 width=12) (actual rows=10465 loops=1)
                                 Filter: (courier_shipments_courierpartner_id IS NOT NULL)
                                 Rows Removed by Filter: 13874
                                 Buffers: shared hit=1 read=327
               ->  Index Scan using relation_22_pkey on relation_22 source_1  (cost=0.29..0.58 rows=1 width=13) (actual rows=1 loops=10465)
                     Index Cond: (courierpartner_id = source.courier_shipments_courierpartner_id)
                     Buffers: shared hit=30692 read=703
 Planning:
   Buffers: shared hit=13 read=8
 Planning Time: 0.271 ms
 Execution Time: 17.151 ms
(30 rows)

-- Q086 [complex_multi_join] occurrence 1/1
-- Original E/R: SELECT c.category_name, p.product_name, t.tag_name FROM category_products cp JOIN Category c ON ENDPOINT(cp, Category) = REF(c) JOIN Product p ON ENDPOINT(cp, Product) = REF(p) JOIN product_tags pt ON ENDPOINT(pt, Product) = REF(p) JOIN Tag t ON ENDPOINT(pt, Tag) = REF(t) WHERE p.is_active = 1;
EXPLAIN (ANALYZE, BUFFERS, TIMING OFF, SUMMARY ON, FORMAT TEXT)
WITH
"b0" AS (
    SELECT
        "source"."category_products_category_id" AS "__endpoint_category_0",
        "source"."product_id" AS "__endpoint_product_0"
    FROM "relation_1" AS "source"
    WHERE ("source"."category_products_category_id" IS NOT NULL)
),
"b1" AS (
    SELECT
        "source"."category_name" AS "category_name",
        "source"."category_id" AS "__reference_0"
    FROM "relation_0" AS "source"
),
"b2" AS (
    SELECT
        "source"."is_active" AS "is_active",
        "source"."product_name" AS "product_name",
        "source"."product_id" AS "__reference_0"
    FROM "relation_1" AS "source"
),
"b3" AS (
    SELECT
        "source"."product_id" AS "__endpoint_product_0",
        "source"."tag_id" AS "__endpoint_tag_0"
    FROM "relation_23" AS "source"
),
"b4" AS (
    SELECT
        "source"."tag_name" AS "tag_name",
        "source"."tag_id" AS "__reference_0"
    FROM "relation_6" AS "source"
)
SELECT 
    "b1"."category_name" AS "category_name",
    "b2"."product_name" AS "product_name",
    "b4"."tag_name" AS "tag_name"
FROM (((("b0" INNER JOIN "b1" ON ("b0"."__endpoint_category_0" = "b1"."__reference_0")) INNER JOIN "b2" ON ("b0"."__endpoint_product_0" = "b2"."__reference_0")) INNER JOIN "b3" ON ("b3"."__endpoint_product_0" = "b2"."__reference_0")) INNER JOIN "b4" ON ("b3"."__endpoint_tag_0" = "b4"."__reference_0"))
WHERE ("b2"."is_active" = 1);
                                                                   QUERY PLAN                                                                    
-------------------------------------------------------------------------------------------------------------------------------------------------
 Gather  (cost=8246.41..566313.33 rows=33462 width=46) (actual rows=1061617 loops=1)
   Workers Planned: 2
   Workers Launched: 0
   Buffers: shared hit=4586989 read=644633
   ->  Hash Join  (cost=7246.41..561967.13 rows=13942 width=46) (actual rows=1061617 loops=1)
         Hash Cond: (source_3.tag_id = source_4.tag_id)
         Buffers: shared hit=4586989 read=644633
         ->  Nested Loop  (cost=3950.38..558634.50 rows=13942 width=44) (actual rows=1061617 loops=1)
               Join Filter: (source.product_id = source_3.product_id)
               Buffers: shared hit=4586989 read=644018
               ->  Nested Loop  (cost=3949.94..538029.86 rows=7497 width=48) (actual rows=570824 loops=1)
                     Buffers: shared hit=2592593 read=514963
                     ->  Hash Join  (cost=3949.51..493945.24 rows=8833 width=10) (actual rows=671871 loops=1)
                           Hash Cond: (source.category_products_category_id = source_1.category_id)
                           Buffers: shared hit=669 read=419403
                           ->  Parallel Seq Scan on relation_1 source  (cost=0.00..489274.18 rows=274875 width=8) (actual rows=671871 loops=1)
                                 Filter: (category_products_category_id IS NOT NULL)
                                 Rows Removed by Filter: 16124916
                                 Buffers: shared hit=668 read=418604
                           ->  Hash  (cost=2199.78..2199.78 rows=139978 width=10) (actual rows=139979 loops=1)
                                 Buckets: 262144  Batches: 1  Memory Usage: 8086kB
                                 Buffers: shared hit=1 read=799
                                 ->  Seq Scan on relation_0 source_1  (cost=0.00..2199.78 rows=139978 width=10) (actual rows=139979 loops=1)
                                       Buffers: shared hit=1 read=799
                     ->  Index Scan using relation_1_pkey on relation_1 source_2  (cost=0.44..4.99 rows=1 width=38) (actual rows=1 loops=671871)
                           Index Cond: (product_id = source.product_id)
                           Filter: (is_active = 1)
                           Rows Removed by Filter: 0
                           Buffers: shared hit=2591924 read=95560
               ->  Index Only Scan using relation_23_pkey on relation_23 source_3  (cost=0.44..2.66 rows=7 width=8) (actual rows=2 loops=570824)
                     Index Cond: (product_id = source_2.product_id)
                     Heap Fetches: 0
                     Buffers: shared hit=1994396 read=129055
         ->  Hash  (cost=1806.57..1806.57 rows=119157 width=10) (actual rows=119157 loops=1)
               Buckets: 131072  Batches: 1  Memory Usage: 6103kB
               Buffers: shared read=615
               ->  Seq Scan on relation_6 source_4  (cost=0.00..1806.57 rows=119157 width=10) (actual rows=119157 loops=1)
                     Buffers: shared read=615
 Planning:
   Buffers: shared hit=46 read=21
 Planning Time: 0.518 ms
 JIT:
   Functions: 32
   Options: Inlining true, Optimization true, Expressions true, Deforming true
 Execution Time: 3384.691 ms
(45 rows)

-- Q087 [complex_multi_join] occurrence 1/1
-- Original E/R: SELECT s.supplier_name, p.product_name, c.category_name FROM supplier_products sp JOIN Supplier s ON ENDPOINT(sp, Supplier) = REF(s) JOIN Product p ON ENDPOINT(sp, Product) = REF(p) JOIN category_products cp ON ENDPOINT(cp, Product) = REF(p) JOIN Category c ON ENDPOINT(cp, Category) = REF(c) WHERE p.base_price > 40;
EXPLAIN (ANALYZE, BUFFERS, TIMING OFF, SUMMARY ON, FORMAT TEXT)
WITH
"b0" AS (
    SELECT
        "source"."product_id" AS "__endpoint_product_0",
        "source"."supplier_id" AS "__endpoint_supplier_0"
    FROM "relation_31" AS "source"
),
"b1" AS (
    SELECT
        "source"."supplier_name" AS "supplier_name",
        "source"."supplier_id" AS "__reference_0"
    FROM "relation_19" AS "source"
),
"b2" AS (
    SELECT
        "source"."base_price" AS "base_price",
        "source"."product_name" AS "product_name",
        "source"."product_id" AS "__reference_0"
    FROM "relation_1" AS "source"
),
"b3" AS (
    SELECT
        "source"."category_products_category_id" AS "__endpoint_category_0",
        "source"."product_id" AS "__endpoint_product_0"
    FROM "relation_1" AS "source"
    WHERE ("source"."category_products_category_id" IS NOT NULL)
),
"b4" AS (
    SELECT
        "source"."category_name" AS "category_name",
        "source"."category_id" AS "__reference_0"
    FROM "relation_0" AS "source"
)
SELECT 
    "b1"."supplier_name" AS "supplier_name",
    "b2"."product_name" AS "product_name",
    "b4"."category_name" AS "category_name"
FROM (((("b0" INNER JOIN "b1" ON ("b0"."__endpoint_supplier_0" = "b1"."__reference_0")) INNER JOIN "b2" ON ("b0"."__endpoint_product_0" = "b2"."__reference_0")) INNER JOIN "b3" ON ("b3"."__endpoint_product_0" = "b2"."__reference_0")) INNER JOIN "b4" ON ("b3"."__endpoint_category_0" = "b4"."__reference_0"))
WHERE ("b2"."base_price" > 40);
                                                                                QUERY PLAN                                                                                
--------------------------------------------------------------------------------------------------------------------------------------------------------------------------
 Gather  (cost=1001.75..176003.26 rows=44 width=57) (actual rows=1399 loops=1)
   Workers Planned: 1
   Workers Launched: 0
   Buffers: shared hit=93720 read=76311
   ->  Nested Loop  (cost=1.75..174998.86 rows=26 width=57) (actual rows=1399 loops=1)
         Buffers: shared hit=93720 read=76311
         ->  Nested Loop  (cost=1.46..174911.93 rows=26 width=44) (actual rows=1399 loops=1)
               Join Filter: (source.product_id = source_2.product_id)
               Buffers: shared hit=90440 read=75394
               ->  Nested Loop  (cost=1.02..174778.45 rows=29 width=18) (actual rows=1565 loops=1)
                     Buffers: shared hit=84180 read=75394
                     ->  Nested Loop  (cost=0.73..171814.26 rows=894 width=16) (actual rows=1565 loops=1)
                           Buffers: shared hit=81361 read=73518
                           ->  Parallel Index Only Scan using relation_31_pkey on relation_31 source  (cost=0.29..1009.25 rows=22755 width=8) (actual rows=38683 loops=1)
                                 Heap Fetches: 0
                                 Buffers: shared hit=3 read=144
                           ->  Index Scan using relation_1_pkey on relation_1 source_3  (cost=0.44..7.51 rows=1 width=8) (actual rows=0 loops=38683)
                                 Index Cond: (product_id = source.product_id)
                                 Filter: (category_products_category_id IS NOT NULL)
                                 Rows Removed by Filter: 1
                                 Buffers: shared hit=81358 read=73374
                     ->  Index Scan using relation_0_pkey on relation_0 source_4  (cost=0.29..3.32 rows=1 width=10) (actual rows=1 loops=1565)
                           Index Cond: (category_id = source_3.category_products_category_id)
                           Buffers: shared hit=2819 read=1876
               ->  Index Scan using relation_1_pkey on relation_1 source_2  (cost=0.44..4.59 rows=1 width=38) (actual rows=1 loops=1565)
                     Index Cond: (product_id = source_3.product_id)
                     Filter: (base_price > 40)
                     Rows Removed by Filter: 0
                     Buffers: shared hit=6260
         ->  Index Scan using relation_19_pkey on relation_19 source_1  (cost=0.29..3.34 rows=1 width=21) (actual rows=1 loops=1399)
               Index Cond: (supplier_id = source.supplier_id)
               Buffers: shared hit=3280 read=917
 Planning:
   Buffers: shared hit=38 read=17
 Planning Time: 0.433 ms
 JIT:
   Functions: 26
   Options: Inlining false, Optimization false, Expressions true, Deforming true
 Execution Time: 203.578 ms
(39 rows)

-- Q088 [complex_multi_join] occurrence 1/1
-- Original E/R: SELECT p.product_name, r.rating, r.title, c.email FROM reviews rv JOIN Product p ON ENDPOINT(rv, Product) = REF(p) JOIN Review r ON ENDPOINT(rv, Review) = REF(r) JOIN Customer c ON OWNER(r) = REF(c) WHERE r.rating >= 2;
EXPLAIN (ANALYZE, BUFFERS, TIMING OFF, SUMMARY ON, FORMAT TEXT)
WITH
"b0" AS (
    SELECT
        "source"."reviews_product_id" AS "__endpoint_product_0",
        "source"."user_id" AS "__endpoint_review_0",
        "source"."review_id" AS "__endpoint_review_1"
    FROM "relation_11" AS "source"
    WHERE ("source"."reviews_product_id" IS NOT NULL)
),
"b1" AS (
    SELECT
        "source"."product_name" AS "product_name",
        "source"."product_id" AS "__reference_0"
    FROM "relation_1" AS "source"
),
"b2" AS (
    SELECT
        "source"."rating" AS "rating",
        "source"."title" AS "title",
        "source"."user_id" AS "__owner_0",
        "source"."user_id" AS "__reference_0",
        "source"."review_id" AS "__reference_1"
    FROM "relation_11" AS "source"
),
"b3" AS (
    SELECT
        "source"."email" AS "email",
        "source"."user_id" AS "__reference_0"
    FROM "relation_2" AS "source"
    WHERE ("source"."role" IN ('customer', 'businesscustomer', 'primecustomer'))
)
SELECT 
    "b1"."product_name" AS "product_name",
    "b2"."rating" AS "rating",
    "b2"."title" AS "title",
    "b3"."email" AS "email"
FROM ((("b0" INNER JOIN "b1" ON ("b0"."__endpoint_product_0" = "b1"."__reference_0")) INNER JOIN "b2" ON ("b0"."__endpoint_review_0" = "b2"."__reference_0" AND "b0"."__endpoint_review_1" = "b2"."__reference_1")) INNER JOIN "b3" ON ("b2"."__owner_0" = "b3"."__reference_0"))
WHERE ("b2"."rating" >= 2);
                                                            QUERY PLAN                                                            
----------------------------------------------------------------------------------------------------------------------------------
 Nested Loop  (cost=977.41..2150.44 rows=1 width=97) (actual rows=241 loops=1)
   Join Filter: (source.user_id = source_3.user_id)
   Buffers: shared hit=1691 read=1677
   ->  Nested Loop  (cost=976.98..2145.58 rows=1 width=83) (actual rows=241 loops=1)
         Buffers: shared hit=1224 read=1180
         ->  Hash Join  (cost=976.54..2137.12 rows=1 width=53) (actual rows=241 loops=1)
               Hash Cond: ((source_2.user_id = source.user_id) AND (source_2.review_id = source.review_id))
               Buffers: shared hit=720 read=720
               ->  Seq Scan on relation_11 source_2  (cost=0.00..1035.94 rows=23741 width=49) (actual rows=23741 loops=1)
                     Filter: (rating >= 2)
                     Rows Removed by Filter: 1534
                     Buffers: shared hit=719 read=1
               ->  Hash  (cost=972.75..972.75 rows=253 width=12) (actual rows=253 loops=1)
                     Buckets: 1024  Batches: 1  Memory Usage: 19kB
                     Buffers: shared hit=1 read=719
                     ->  Seq Scan on relation_11 source  (cost=0.00..972.75 rows=253 width=12) (actual rows=253 loops=1)
                           Filter: (reviews_product_id IS NOT NULL)
                           Rows Removed by Filter: 25022
                           Buffers: shared hit=1 read=719
         ->  Index Scan using relation_1_pkey on relation_1 source_1  (cost=0.44..8.46 rows=1 width=38) (actual rows=1 loops=241)
               Index Cond: (product_id = source.reviews_product_id)
               Buffers: shared hit=504 read=460
   ->  Index Scan using relation_2_pkey on relation_2 source_3  (cost=0.43..4.85 rows=1 width=26) (actual rows=1 loops=241)
         Index Cond: (user_id = source_2.user_id)
         Filter: ((role)::text = ANY ('{customer,businesscustomer,primecustomer}'::text[]))
         Buffers: shared hit=467 read=497
 Planning:
   Buffers: shared hit=22 read=7
 Planning Time: 0.291 ms
 Execution Time: 5.634 ms
(30 rows)

-- Q089 [complex_multi_join] occurrence 1/1
-- Original E/R: SELECT c.email, o.status, p.product_name FROM customer_orders co JOIN Customer c ON ENDPOINT(co, Customer) = REF(c) JOIN CustOrder o ON ENDPOINT(co, CustOrder) = REF(o) JOIN order_items oi ON ENDPOINT(oi, CustOrder) = REF(o) JOIN Product p ON ENDPOINT(oi, Product) = REF(p) WHERE o.status = 'delivered';
EXPLAIN (ANALYZE, BUFFERS, TIMING OFF, SUMMARY ON, FORMAT TEXT)
WITH
"b0" AS (
    SELECT
        "source"."customer_orders_customer_id" AS "__endpoint_customer_0",
        "source"."custorder_id" AS "__endpoint_custorder_0"
    FROM "relation_13" AS "source"
    WHERE ("source"."customer_orders_customer_id" IS NOT NULL)
),
"b1" AS (
    SELECT
        "source"."email" AS "email",
        "source"."user_id" AS "__reference_0"
    FROM "relation_2" AS "source"
    WHERE ("source"."role" IN ('customer', 'businesscustomer', 'primecustomer'))
),
"b2" AS (
    SELECT
        "source"."status" AS "status",
        "source"."custorder_id" AS "__reference_0"
    FROM "relation_13" AS "source"
),
"b3" AS (
    SELECT
        "source"."custorder_id" AS "__endpoint_custorder_0",
        "source"."product_id" AS "__endpoint_product_0"
    FROM "relation_28" AS "source"
),
"b4" AS (
    SELECT
        "source"."product_name" AS "product_name",
        "source"."product_id" AS "__reference_0"
    FROM "relation_1" AS "source"
)
SELECT 
    "b1"."email" AS "email",
    "b2"."status" AS "status",
    "b4"."product_name" AS "product_name"
FROM (((("b0" INNER JOIN "b1" ON ("b0"."__endpoint_customer_0" = "b1"."__reference_0")) INNER JOIN "b2" ON ("b0"."__endpoint_custorder_0" = "b2"."__reference_0")) INNER JOIN "b3" ON ("b3"."__endpoint_custorder_0" = "b2"."__reference_0")) INNER JOIN "b4" ON ("b3"."__endpoint_product_0" = "b4"."__reference_0"))
WHERE ("b2"."status" = 'delivered');
                                                                           QUERY PLAN                                                                            
-----------------------------------------------------------------------------------------------------------------------------------------------------------------
 Gather  (cost=65308.26..153126.88 rows=30512 width=65) (actual rows=48084 loops=1)
   Workers Planned: 2
   Workers Launched: 0
   Buffers: shared hit=103554 read=141097
   ->  Nested Loop  (cost=64308.26..149075.68 rows=12713 width=65) (actual rows=48084 loops=1)
         Buffers: shared hit=103554 read=141097
         ->  Parallel Hash Join  (cost=64307.82..67070.12 rows=12713 width=35) (actual rows=48084 loops=1)
               Hash Cond: (source_3.custorder_id = source.custorder_id)
               Buffers: shared hit=1900 read=50415
               ->  Parallel Index Only Scan using relation_28_pkey on relation_28 source_3  (cost=0.29..2547.48 rows=43236 width=8) (actual rows=103766 loops=1)
                     Heap Fetches: 0
                     Buffers: shared hit=3 read=392
               ->  Parallel Hash  (cost=64184.62..64184.62 rows=9833 width=39) (actual rows=37234 loops=1)
                     Buckets: 65536 (originally 32768)  Batches: 1 (originally 1)  Memory Usage: 3552kB
                     Buffers: shared hit=1897 read=50023
                     ->  Parallel Hash Join  (cost=5059.46..64184.62 rows=9833 width=39) (actual rows=37234 loops=1)
                           Hash Cond: (source_1.user_id = source.customer_orders_customer_id)
                           Buffers: shared hit=1897 read=50023
                           ->  Parallel Seq Scan on relation_2 source_1  (cost=0.00..57430.64 rows=436448 width=26) (actual rows=1036985 loops=1)
                                 Filter: ((role)::text = ANY ('{customer,businesscustomer,primecustomer}'::text[]))
                                 Rows Removed by Filter: 503556
                                 Buffers: shared hit=241 read=48367
                           ->  Parallel Hash  (cost=4784.91..4784.91 rows=21964 width=21) (actual rows=37234 loops=1)
                                 Buckets: 65536  Batches: 1  Memory Usage: 2560kB
                                 Buffers: shared hit=1656 read=1656
                                 ->  Parallel Hash Join  (cost=2541.62..4784.91 rows=21964 width=21) (actual rows=37234 loops=1)
                                       Hash Cond: (source.custorder_id = source_2.custorder_id)
                                       Buffers: shared hit=1656 read=1656
                                       ->  Parallel Seq Scan on relation_13 source  (cost=0.00..2128.12 rows=43869 width=8) (actual rows=74642 loops=1)
                                             Filter: (customer_orders_customer_id IS NOT NULL)
                                             Rows Removed by Filter: 5618
                                             Buffers: shared hit=1656
                                       ->  Parallel Hash  (cost=2246.15..2246.15 rows=23638 width=13) (actual rows=40105 loops=1)
                                             Buckets: 65536  Batches: 1  Memory Usage: 2400kB
                                             Buffers: shared read=1656
                                             ->  Parallel Seq Scan on relation_13 source_2  (cost=0.00..2246.15 rows=23638 width=13) (actual rows=40105 loops=1)
                                                   Filter: ((status)::text = 'delivered'::text)
                                                   Rows Removed by Filter: 40155
                                                   Buffers: shared read=1656
         ->  Index Scan using relation_1_pkey on relation_1 source_4  (cost=0.44..6.45 rows=1 width=38) (actual rows=1 loops=48084)
               Index Cond: (product_id = source_3.product_id)
               Buffers: shared hit=101654 read=90682
 Planning:
   Buffers: shared hit=42 read=11
 Planning Time: 0.429 ms
 JIT:
   Functions: 37
   Options: Inlining false, Optimization false, Expressions true, Deforming true
 Execution Time: 452.394 ms
(49 rows)

-- Q090 [complex_multi_join] occurrence 1/1
-- Original E/R: SELECT c.email, o.status, pm.brand, pm.last4 FROM customer_orders co JOIN Customer c ON ENDPOINT(co, Customer) = REF(c) JOIN CustOrder o ON ENDPOINT(co, CustOrder) = REF(o) JOIN payment_order po ON ENDPOINT(po, CustOrder) = REF(o) JOIN PaymentMethod pm ON ENDPOINT(po, PaymentMethod) = REF(pm) WHERE pm.is_default = 'false';
EXPLAIN (ANALYZE, BUFFERS, TIMING OFF, SUMMARY ON, FORMAT TEXT)
WITH
"b0" AS (
    SELECT
        "source"."customer_orders_customer_id" AS "__endpoint_customer_0",
        "source"."custorder_id" AS "__endpoint_custorder_0"
    FROM "relation_13" AS "source"
    WHERE ("source"."customer_orders_customer_id" IS NOT NULL)
),
"b1" AS (
    SELECT
        "source"."email" AS "email",
        "source"."user_id" AS "__reference_0"
    FROM "relation_2" AS "source"
    WHERE ("source"."role" IN ('customer', 'businesscustomer', 'primecustomer'))
),
"b2" AS (
    SELECT
        "source"."status" AS "status",
        "source"."custorder_id" AS "__reference_0"
    FROM "relation_13" AS "source"
),
"b3" AS (
    SELECT
        "source"."custorder_id" AS "__endpoint_custorder_0",
        "source"."payment_order_customer_id" AS "__endpoint_paymentmethod_0",
        "source"."payment_order_payment_method_id" AS "__endpoint_paymentmethod_1"
    FROM "relation_13" AS "source"
    WHERE ("source"."payment_order_customer_id" IS NOT NULL) AND ("source"."payment_order_payment_method_id" IS NOT NULL)
),
"b4" AS (
    SELECT
        "source"."brand" AS "brand",
        "source"."is_default" AS "is_default",
        "source"."last4" AS "last4",
        "source"."user_id" AS "__reference_0",
        "source"."payment_method_id" AS "__reference_1"
    FROM "relation_8" AS "source"
)
SELECT 
    "b1"."email" AS "email",
    "b2"."status" AS "status",
    "b4"."brand" AS "brand",
    "b4"."last4" AS "last4"
FROM (((("b0" INNER JOIN "b1" ON ("b0"."__endpoint_customer_0" = "b1"."__reference_0")) INNER JOIN "b2" ON ("b0"."__endpoint_custorder_0" = "b2"."__reference_0")) INNER JOIN "b3" ON ("b3"."__endpoint_custorder_0" = "b2"."__reference_0")) INNER JOIN "b4" ON ("b3"."__endpoint_paymentmethod_0" = "b4"."__reference_0" AND "b3"."__endpoint_paymentmethod_1" = "b4"."__reference_1"))
WHERE ("b4"."is_default" = 'false');
                                                                                 QUERY PLAN                                                                                 
----------------------------------------------------------------------------------------------------------------------------------------------------------------------------
 Nested Loop  (cost=3677.35..6336.67 rows=1 width=43) (actual rows=51201 loops=1)
   Buffers: shared hit=599376 read=48468
   ->  Nested Loop  (cost=3676.92..6333.58 rows=1 width=25) (actual rows=51201 loops=1)
         Buffers: shared hit=439285 read=3755
         ->  Nested Loop  (cost=3676.50..6333.04 rows=1 width=29) (actual rows=55028 loops=1)
               Buffers: shared hit=219173 read=3755
               ->  Gather  (cost=3676.08..6332.47 rows=1 width=16) (actual rows=55028 loops=1)
                     Workers Planned: 1
                     Workers Launched: 0
                     Buffers: shared read=2816
                     ->  Parallel Hash Join  (cost=2676.08..5332.37 rows=1 width=16) (actual rows=55028 loops=1)
                           Hash Cond: ((source_4.user_id = source_3.payment_order_customer_id) AND (source_4.payment_method_id = source_3.payment_order_payment_method_id))
                           Buffers: shared read=2816
                           ->  Parallel Seq Scan on relation_8 source_4  (cost=0.00..2179.83 rows=63526 width=20) (actual rows=108000 loops=1)
                                 Filter: ((is_default)::text = 'false'::text)
                                 Rows Removed by Filter: 30697
                                 Buffers: shared read=1160
                           ->  Parallel Hash  (cost=2128.12..2128.12 rows=36531 width=12) (actual rows=70629 loops=1)
                                 Buckets: 131072 (originally 65536)  Batches: 1 (originally 1)  Memory Usage: 4864kB
                                 Buffers: shared read=1656
                                 ->  Parallel Seq Scan on relation_13 source_3  (cost=0.00..2128.12 rows=36531 width=12) (actual rows=70629 loops=1)
                                       Filter: ((payment_order_customer_id IS NOT NULL) AND (payment_order_payment_method_id IS NOT NULL))
                                       Rows Removed by Filter: 9631
                                       Buffers: shared read=1656
               ->  Index Scan using relation_13_pkey on relation_13 source_2  (cost=0.42..0.57 rows=1 width=13) (actual rows=1 loops=55028)
                     Index Cond: (custorder_id = source_3.custorder_id)
                     Buffers: shared hit=219173 read=939
         ->  Index Scan using relation_13_pkey on relation_13 source  (cost=0.42..0.54 rows=1 width=8) (actual rows=1 loops=55028)
               Index Cond: (custorder_id = source_2.custorder_id)
               Filter: (customer_orders_customer_id IS NOT NULL)
               Rows Removed by Filter: 0
               Buffers: shared hit=220112
   ->  Index Scan using relation_2_pkey on relation_2 source_1  (cost=0.43..3.09 rows=1 width=26) (actual rows=1 loops=51201)
         Index Cond: (user_id = source.customer_orders_customer_id)
         Filter: ((role)::text = ANY ('{customer,businesscustomer,primecustomer}'::text[]))
         Buffers: shared hit=160091 read=44713
 Planning:
   Buffers: shared hit=44 read=12
 Planning Time: 0.395 ms
 Execution Time: 293.033 ms
(40 rows)

-- Q091 [complex_multi_join] occurrence 1/1
-- Original E/R: SELECT o.status, p.promo_name, c.max_uses FROM order_coupons oc JOIN CustOrder o ON ENDPOINT(oc, CustOrder) = REF(o) JOIN Coupon c ON ENDPOINT(oc, Coupon) = REF(c) JOIN Promotion p ON OWNER(c) = REF(p) WHERE p.discount_value IS NOT NULL;
EXPLAIN (ANALYZE, BUFFERS, TIMING OFF, SUMMARY ON, FORMAT TEXT)
WITH
"b0" AS (
    SELECT
        "source"."promotion_id" AS "__endpoint_coupon_0",
        "source"."coupon_code" AS "__endpoint_coupon_1",
        "source"."order_coupons_custorder_id" AS "__endpoint_custorder_0"
    FROM "relation_16" AS "source"
    WHERE ("source"."order_coupons_custorder_id" IS NOT NULL)
),
"b1" AS (
    SELECT
        "source"."status" AS "status",
        "source"."custorder_id" AS "__reference_0"
    FROM "relation_13" AS "source"
),
"b2" AS (
    SELECT
        "source"."max_uses" AS "max_uses",
        "source"."promotion_id" AS "__owner_0",
        "source"."promotion_id" AS "__reference_0",
        "source"."coupon_code" AS "__reference_1"
    FROM "relation_16" AS "source"
),
"b3" AS (
    SELECT
        "source"."discount_value" AS "discount_value",
        "source"."promo_name" AS "promo_name",
        "source"."promotion_id" AS "__reference_0"
    FROM "relation_15" AS "source"
)
SELECT 
    "b1"."status" AS "status",
    "b3"."promo_name" AS "promo_name",
    "b2"."max_uses" AS "max_uses"
FROM ((("b0" INNER JOIN "b1" ON ("b0"."__endpoint_custorder_0" = "b1"."__reference_0")) INNER JOIN "b2" ON ("b0"."__endpoint_coupon_0" = "b2"."__reference_0" AND "b0"."__endpoint_coupon_1" = "b2"."__reference_1")) INNER JOIN "b3" ON ("b2"."__owner_0" = "b3"."__reference_0"))
WHERE ("b3"."discount_value" IS NOT NULL);
                                                             QUERY PLAN                                                              
-------------------------------------------------------------------------------------------------------------------------------------
 Nested Loop  (cost=755.78..1627.23 rows=1 width=47) (actual rows=6420 loops=1)
   Join Filter: (source.promotion_id = source_3.promotion_id)
   Buffers: shared hit=48645 read=3231
   ->  Nested Loop  (cost=755.36..1626.52 rows=1 width=21) (actual rows=6420 loops=1)
         Buffers: shared hit=25477 read=719
         ->  Hash Join  (cost=754.95..1624.78 rows=1 width=16) (actual rows=6420 loops=1)
               Hash Cond: ((source_2.promotion_id = source.promotion_id) AND (source_2.coupon_code = source.coupon_code))
               Buffers: shared hit=258 read=258
               ->  Seq Scan on relation_16 source_2  (cost=0.00..659.20 rows=40120 width=12) (actual rows=40120 loops=1)
                     Buffers: shared hit=257 read=1
               ->  Hash  (cost=659.20..659.20 rows=6383 width=12) (actual rows=6420 loops=1)
                     Buckets: 8192  Batches: 1  Memory Usage: 340kB
                     Buffers: shared hit=1 read=257
                     ->  Seq Scan on relation_16 source  (cost=0.00..659.20 rows=6383 width=12) (actual rows=6420 loops=1)
                           Filter: (order_coupons_custorder_id IS NOT NULL)
                           Rows Removed by Filter: 33700
                           Buffers: shared hit=1 read=257
         ->  Index Scan using relation_13_pkey on relation_13 source_1  (cost=0.42..1.74 rows=1 width=13) (actual rows=1 loops=6420)
               Index Cond: (custorder_id = source.order_coupons_custorder_id)
               Buffers: shared hit=25219 read=461
   ->  Index Scan using relation_15_pkey on relation_15 source_3  (cost=0.42..0.70 rows=1 width=38) (actual rows=1 loops=6420)
         Index Cond: (promotion_id = source_2.promotion_id)
         Filter: (discount_value IS NOT NULL)
         Buffers: shared hit=23168 read=2512
 Planning:
   Buffers: shared hit=37 read=14
 Planning Time: 0.328 ms
 Execution Time: 23.238 ms
(28 rows)

-- Q092 [complex_multi_join] occurrence 1/1
-- Original E/R: SELECT w.warehouse_name, b.code, p.product_name, c.category_name FROM stock st JOIN Product p ON ENDPOINT(st, Product) = REF(p) JOIN WarehouseBin b ON ENDPOINT(st, WarehouseBin) = REF(b) JOIN Warehouse w ON OWNER(b) = REF(w) JOIN category_products cp ON ENDPOINT(cp, Product) = REF(p) JOIN Category c ON ENDPOINT(cp, Category) = REF(c) WHERE w.region = 'West';
EXPLAIN (ANALYZE, BUFFERS, TIMING OFF, SUMMARY ON, FORMAT TEXT)
WITH
"b0" AS (
    SELECT
        "source"."product_id" AS "__endpoint_product_0",
        "source"."warehouse_id" AS "__endpoint_warehousebin_0",
        "source"."bin_id" AS "__endpoint_warehousebin_1"
    FROM "relation_30" AS "source"
),
"b1" AS (
    SELECT
        "source"."product_name" AS "product_name",
        "source"."product_id" AS "__reference_0"
    FROM "relation_1" AS "source"
),
"b2" AS (
    SELECT
        "source"."code" AS "code",
        "source"."warehouse_id" AS "__owner_0",
        "source"."warehouse_id" AS "__reference_0",
        "source"."bin_id" AS "__reference_1"
    FROM "relation_18" AS "source"
),
"b3" AS (
    SELECT
        "source"."region" AS "region",
        "source"."warehouse_name" AS "warehouse_name",
        "source"."warehouse_id" AS "__reference_0"
    FROM "relation_17" AS "source"
),
"b4" AS (
    SELECT
        "source"."category_products_category_id" AS "__endpoint_category_0",
        "source"."product_id" AS "__endpoint_product_0"
    FROM "relation_1" AS "source"
    WHERE ("source"."category_products_category_id" IS NOT NULL)
),
"b5" AS (
    SELECT
        "source"."category_name" AS "category_name",
        "source"."category_id" AS "__reference_0"
    FROM "relation_0" AS "source"
)
SELECT 
    "b3"."warehouse_name" AS "warehouse_name",
    "b2"."code" AS "code",
    "b1"."product_name" AS "product_name",
    "b5"."category_name" AS "category_name"
FROM ((((("b0" INNER JOIN "b1" ON ("b0"."__endpoint_product_0" = "b1"."__reference_0")) INNER JOIN "b2" ON ("b0"."__endpoint_warehousebin_0" = "b2"."__reference_0" AND "b0"."__endpoint_warehousebin_1" = "b2"."__reference_1")) INNER JOIN "b3" ON ("b2"."__owner_0" = "b3"."__reference_0")) INNER JOIN "b4" ON ("b4"."__endpoint_product_0" = "b1"."__reference_0")) INNER JOIN "b5" ON ("b4"."__endpoint_category_0" = "b5"."__reference_0"))
WHERE ("b3"."region" = 'West');
                                                                        QUERY PLAN                                                                        
----------------------------------------------------------------------------------------------------------------------------------------------------------
 Nested Loop  (cost=3440.58..150973.09 rows=1 width=67) (actual rows=127665 loops=1)
   Buffers: shared hit=8418810 read=5271086
   ->  Gather  (cost=3440.14..150968.84 rows=1 width=41) (actual rows=127665 loops=1)
         Workers Planned: 2
         Workers Launched: 0
         Buffers: shared hit=7908150 read=5271086
         ->  Nested Loop  (cost=2440.14..149968.74 rows=1 width=41) (actual rows=127665 loops=1)
               Buffers: shared hit=7908150 read=5271086
               ->  Nested Loop  (cost=2439.85..149950.22 rows=5 width=39) (actual rows=127665 loops=1)
                     Buffers: shared hit=7639771 read=5156470
                     ->  Hash Join  (cost=2439.41..149397.11 rows=130 width=31) (actual rows=3181162 loops=1)
                           Hash Cond: ((source.warehouse_id = source_2.warehouse_id) AND (source.bin_id = source_2.bin_id))
                           Buffers: shared read=71593
                           ->  Hash Join  (cost=2081.21..141809.82 rows=1376969 width=33) (actual rows=3181162 loops=1)
                                 Hash Cond: (source.warehouse_id = source_3.warehouse_id)
                                 Buffers: shared read=71520
                                 ->  Parallel Seq Scan on relation_30 source  (cost=0.00..125399.70 rows=5458370 width=12) (actual rows=13100150 loops=1)
                                       Buffers: shared read=70816
                                 ->  Hash  (cost=1803.78..1803.78 rows=22195 width=21) (actual rows=22040 loops=1)
                                       Buckets: 32768  Batches: 1  Memory Usage: 1441kB
                                       Buffers: shared read=704
                                       ->  Seq Scan on relation_17 source_3  (cost=0.00..1803.78 rows=22195 width=21) (actual rows=22040 loops=1)
                                             Filter: ((region)::text = 'West'::text)
                                             Rows Removed by Filter: 65942
                                             Buffers: shared read=704
                           ->  Hash  (cost=187.08..187.08 rows=11408 width=18) (actual rows=11408 loops=1)
                                 Buckets: 16384  Batches: 1  Memory Usage: 708kB
                                 Buffers: shared read=73
                                 ->  Seq Scan on relation_18 source_2  (cost=0.00..187.08 rows=11408 width=18) (actual rows=11408 loops=1)
                                       Buffers: shared read=73
                     ->  Index Scan using relation_1_pkey on relation_1 source_4  (cost=0.44..4.25 rows=1 width=8) (actual rows=0 loops=3181162)
                           Index Cond: (product_id = source.product_id)
                           Filter: (category_products_category_id IS NOT NULL)
                           Rows Removed by Filter: 1
                           Buffers: shared hit=7639771 read=5084877
               ->  Index Scan using relation_0_pkey on relation_0 source_5  (cost=0.29..3.70 rows=1 width=10) (actual rows=1 loops=127665)
                     Index Cond: (category_id = source_4.category_products_category_id)
                     Buffers: shared hit=268379 read=114616
   ->  Index Scan using relation_1_pkey on relation_1 source_1  (cost=0.44..4.25 rows=1 width=38) (actual rows=1 loops=127665)
         Index Cond: (product_id = source.product_id)
         Buffers: shared hit=510660
 Planning:
   Buffers: shared hit=56 read=27
 Planning Time: 1.026 ms
 JIT:
   Functions: 40
   Options: Inlining false, Optimization false, Expressions true, Deforming true
 Execution Time: 13932.691 ms
(48 rows)

-- Q093 [complex_multi_join] occurrence 1/1
-- Original E/R: SELECT s.supplier_name, po.status, p.product_name FROM supplier_pos sp JOIN Supplier s ON ENDPOINT(sp, Supplier) = REF(s) JOIN PurchaseOrder po ON ENDPOINT(sp, PurchaseOrder) = REF(po) JOIN po_items pi ON ENDPOINT(pi, PurchaseOrder) = REF(po) JOIN Product p ON ENDPOINT(pi, Product) = REF(p) WHERE po.status = 'received';
EXPLAIN (ANALYZE, BUFFERS, TIMING OFF, SUMMARY ON, FORMAT TEXT)
WITH
"b0" AS (
    SELECT
        "source"."purchaseorder_id" AS "__endpoint_purchaseorder_0",
        "source"."supplier_pos_supplier_id" AS "__endpoint_supplier_0"
    FROM "relation_21" AS "source"
    WHERE ("source"."supplier_pos_supplier_id" IS NOT NULL)
),
"b1" AS (
    SELECT
        "source"."supplier_name" AS "supplier_name",
        "source"."supplier_id" AS "__reference_0"
    FROM "relation_19" AS "source"
),
"b2" AS (
    SELECT
        "source"."status" AS "status",
        "source"."purchaseorder_id" AS "__reference_0"
    FROM "relation_21" AS "source"
),
"b3" AS (
    SELECT
        "source"."product_id" AS "__endpoint_product_0",
        "source"."purchaseorder_id" AS "__endpoint_purchaseorder_0"
    FROM "relation_32" AS "source"
),
"b4" AS (
    SELECT
        "source"."product_name" AS "product_name",
        "source"."product_id" AS "__reference_0"
    FROM "relation_1" AS "source"
)
SELECT 
    "b1"."supplier_name" AS "supplier_name",
    "b2"."status" AS "status",
    "b4"."product_name" AS "product_name"
FROM (((("b0" INNER JOIN "b1" ON ("b0"."__endpoint_supplier_0" = "b1"."__reference_0")) INNER JOIN "b2" ON ("b0"."__endpoint_purchaseorder_0" = "b2"."__reference_0")) INNER JOIN "b3" ON ("b3"."__endpoint_purchaseorder_0" = "b2"."__reference_0")) INNER JOIN "b4" ON ("b3"."__endpoint_product_0" = "b4"."__reference_0"))
WHERE ("b2"."status" = 'received');
                                                                                 QUERY PLAN                                                                                  
-----------------------------------------------------------------------------------------------------------------------------------------------------------------------------
 Hash Join  (cost=12186.88..232936.91 rows=77894 width=59) (actual rows=80503 loops=1)
   Hash Cond: (source.supplier_pos_supplier_id = source_1.supplier_id)
   Buffers: shared hit=179343 read=161041
   ->  Hash Join  (cost=9146.53..229683.42 rows=81190 width=46) (actual rows=80503 loops=1)
         Hash Cond: (source_2.purchaseorder_id = source.purchaseorder_id)
         Buffers: shared hit=179343 read=160353
         ->  Gather  (cost=4364.44..224679.19 rows=84625 width=50) (actual rows=83864 loops=1)
               Workers Planned: 2
               Workers Launched: 0
               Buffers: shared hit=179342 read=158523
               ->  Nested Loop  (cost=3364.44..215216.69 rows=35260 width=50) (actual rows=83864 loops=1)
                     Buffers: shared hit=179342 read=158523
                     ->  Parallel Hash Join  (cost=3364.01..7425.31 rows=35260 width=20) (actual rows=83864 loops=1)
                           Hash Cond: (source_3.purchaseorder_id = source_2.purchaseorder_id)
                           Buffers: shared hit=1835 read=574
                           ->  Parallel Index Only Scan using relation_32_pkey on relation_32 source_3  (cost=0.42..3894.43 rows=63728 width=8) (actual rows=152947 loops=1)
                                 Heap Fetches: 0
                                 Buffers: shared hit=4 read=574
                           ->  Parallel Hash  (cost=2817.66..2817.66 rows=43674 width=12) (actual rows=73709 loops=1)
                                 Buckets: 131072  Batches: 1  Memory Usage: 4512kB
                                 Buffers: shared hit=1831
                                 ->  Parallel Seq Scan on relation_21 source_2  (cost=0.00..2817.66 rows=43674 width=12) (actual rows=73709 loops=1)
                                       Filter: ((status)::text = 'received'::text)
                                       Rows Removed by Filter: 60478
                                       Buffers: shared hit=1831
                     ->  Index Scan using relation_1_pkey on relation_1 source_4  (cost=0.44..5.89 rows=1 width=38) (actual rows=1 loops=83864)
                           Index Cond: (product_id = source_3.product_id)
                           Buffers: shared hit=177507 read=157949
         ->  Hash  (cost=3172.86..3172.86 rows=128738 width=8) (actual rows=128819 loops=1)
               Buckets: 131072  Batches: 1  Memory Usage: 6056kB
               Buffers: shared hit=1 read=1830
               ->  Seq Scan on relation_21 source  (cost=0.00..3172.86 rows=128738 width=8) (actual rows=128819 loops=1)
                     Filter: (supplier_pos_supplier_id IS NOT NULL)
                     Rows Removed by Filter: 5368
                     Buffers: shared hit=1 read=1830
   ->  Hash  (cost=1733.49..1733.49 rows=104549 width=21) (actual rows=104549 loops=1)
         Buckets: 131072  Batches: 1  Memory Usage: 6644kB
         Buffers: shared read=688
         ->  Seq Scan on relation_19 source_1  (cost=0.00..1733.49 rows=104549 width=21) (actual rows=104549 loops=1)
               Buffers: shared read=688
 Planning:
   Buffers: shared hit=47 read=20
 Planning Time: 0.406 ms
 JIT:
   Functions: 33
   Options: Inlining false, Optimization false, Expressions true, Deforming true
 Execution Time: 447.440 ms
(47 rows)

-- Q094 [complex_multi_join] occurrence 1/1
-- Original E/R: SELECT cp.carrier_code, s.tracking_no, o.status FROM courier_shipments cs JOIN CourierPartner cp ON ENDPOINT(cs, CourierPartner) = REF(cp) JOIN Shipment s ON ENDPOINT(cs, Shipment) = REF(s) JOIN CustOrder o ON OWNER(s) = REF(o) WHERE s.delivered_at IS NULL;
EXPLAIN (ANALYZE, BUFFERS, TIMING OFF, SUMMARY ON, FORMAT TEXT)
WITH
"b0" AS (
    SELECT
        "source"."courier_shipments_courierpartner_id" AS "__endpoint_courierpartner_0",
        "source"."custorder_id" AS "__endpoint_shipment_0",
        "source"."shipment_id" AS "__endpoint_shipment_1"
    FROM "relation_14" AS "source"
    WHERE ("source"."courier_shipments_courierpartner_id" IS NOT NULL)
),
"b1" AS (
    SELECT
        "source"."carrier_code" AS "carrier_code",
        "source"."courierpartner_id" AS "__reference_0"
    FROM "relation_22" AS "source"
),
"b2" AS (
    SELECT
        "source"."delivered_at" AS "delivered_at",
        "source"."tracking_no" AS "tracking_no",
        "source"."custorder_id" AS "__owner_0",
        "source"."custorder_id" AS "__reference_0",
        "source"."shipment_id" AS "__reference_1"
    FROM "relation_14" AS "source"
),
"b3" AS (
    SELECT
        "source"."status" AS "status",
        "source"."custorder_id" AS "__reference_0"
    FROM "relation_13" AS "source"
)
SELECT 
    "b1"."carrier_code" AS "carrier_code",
    "b2"."tracking_no" AS "tracking_no",
    "b3"."status" AS "status"
FROM ((("b0" INNER JOIN "b1" ON ("b0"."__endpoint_courierpartner_0" = "b1"."__reference_0")) INNER JOIN "b2" ON ("b0"."__endpoint_shipment_0" = "b2"."__reference_0" AND "b0"."__endpoint_shipment_1" = "b2"."__reference_1")) INNER JOIN "b3" ON ("b2"."__owner_0" = "b3"."__reference_0"))
WHERE ("b2"."delivered_at" IS NULL);
                                                             QUERY PLAN                                                              
-------------------------------------------------------------------------------------------------------------------------------------
 Nested Loop  (cost=663.39..1290.82 rows=1 width=31) (actual rows=2609 loops=1)
   Buffers: shared hit=16564 read=2355
   ->  Nested Loop  (cost=662.97..1289.58 rows=1 width=30) (actual rows=2609 loops=1)
         Buffers: shared hit=7455 read=1028
         ->  Hash Join  (cost=662.68..1289.01 rows=1 width=25) (actual rows=2609 loops=1)
               Hash Cond: ((source.custorder_id = source_2.custorder_id) AND (source.shipment_id = source_2.shipment_id))
               Buffers: shared hit=328 read=328
               ->  Seq Scan on relation_14 source  (cost=0.00..571.38 rows=10465 width=12) (actual rows=10465 loops=1)
                     Filter: (courier_shipments_courierpartner_id IS NOT NULL)
                     Rows Removed by Filter: 13874
                     Buffers: shared hit=310 read=18
               ->  Hash  (cost=571.38..571.38 rows=6087 width=21) (actual rows=6087 loops=1)
                     Buckets: 8192  Batches: 1  Memory Usage: 397kB
                     Buffers: shared hit=18 read=310
                     ->  Seq Scan on relation_14 source_2  (cost=0.00..571.38 rows=6087 width=21) (actual rows=6087 loops=1)
                           Filter: (delivered_at IS NULL)
                           Rows Removed by Filter: 18252
                           Buffers: shared hit=18 read=310
         ->  Index Scan using relation_22_pkey on relation_22 source_1  (cost=0.29..0.58 rows=1 width=13) (actual rows=1 loops=2609)
               Index Cond: (courierpartner_id = source.courier_shipments_courierpartner_id)
               Buffers: shared hit=7127 read=700
   ->  Index Scan using relation_13_pkey on relation_13 source_3  (cost=0.42..1.23 rows=1 width=13) (actual rows=1 loops=2609)
         Index Cond: (custorder_id = source.custorder_id)
         Buffers: shared hit=9109 read=1327
 Planning:
   Buffers: shared hit=32 read=14
 Planning Time: 0.293 ms
 Execution Time: 11.592 ms
(28 rows)

-- Q095 [complex_multi_join] occurrence 1/1
-- Original E/R: SELECT p.product_name AS phone, a.product_name AS accessory, ph.price FROM bundled_phone_accessory bpa JOIN Phone p ON ENDPOINT(bpa, Phone) = REF(p) JOIN Accessory a ON ENDPOINT(bpa, Accessory) = REF(a) JOIN PriceHistory ph ON OWNER(ph) = REF(a) WHERE ph.price < a.base_price;
EXPLAIN (ANALYZE, BUFFERS, TIMING OFF, SUMMARY ON, FORMAT TEXT)
WITH
"b0" AS (
    SELECT
        "source"."accessory_id" AS "__endpoint_accessory_0",
        "source"."phone_id" AS "__endpoint_phone_0"
    FROM "relation_34" AS "source"
),
"b1" AS (
    SELECT
        "source"."product_name" AS "product_name",
        "source"."product_id" AS "__reference_0"
    FROM "relation_1" AS "source"
    WHERE ("source"."role" IN ('phone'))
),
"b2" AS (
    SELECT
        "source"."base_price" AS "base_price",
        "source"."product_name" AS "product_name",
        "source"."product_id" AS "__reference_0"
    FROM "relation_1" AS "source"
    WHERE ("source"."role" IN ('accessory'))
),
"b3" AS (
    SELECT
        "source"."price" AS "price",
        "source"."product_id" AS "__owner_0"
    FROM "relation_5" AS "source"
)
SELECT 
    "b1"."product_name" AS "phone",
    "b2"."product_name" AS "accessory",
    "b3"."price" AS "price"
FROM ((("b0" INNER JOIN "b1" ON ("b0"."__endpoint_phone_0" = "b1"."__reference_0")) INNER JOIN "b2" ON ("b0"."__endpoint_accessory_0" = "b2"."__reference_0")) INNER JOIN "b3" ON ("b3"."__owner_0" = "b2"."__reference_0"))
WHERE ("b3"."price" < "b2"."base_price");
                                                                      QUERY PLAN                                                                      
------------------------------------------------------------------------------------------------------------------------------------------------------
 Gather  (cost=98105.29..107488.84 rows=9 width=72) (actual rows=343 loops=1)
   Workers Planned: 2
   Workers Launched: 0
   Buffers: shared hit=25782 read=27217
   ->  Nested Loop  (cost=97105.29..106487.94 rows=4 width=72) (actual rows=343 loops=1)
         Buffers: shared hit=25782 read=27217
         ->  Hash Join  (cost=97104.85..106058.46 rows=97 width=42) (actual rows=343 loops=1)
               Hash Cond: (source.accessory_id = source_2.product_id)
               Buffers: shared hit=25038 read=26589
               ->  Parallel Seq Scan on relation_34 source  (cost=0.00..7580.80 rows=366080 width=8) (actual rows=878591 loops=1)
                     Buffers: shared read=3920
               ->  Hash  (cost=97104.44..97104.44 rows=33 width=46) (actual rows=59 loops=1)
                     Buckets: 1024  Batches: 1  Memory Usage: 13kB
                     Buffers: shared hit=25038 read=22669
                     ->  Nested Loop  (cost=0.44..97104.44 rows=33 width=46) (actual rows=59 loops=1)
                           Buffers: shared hit=25038 read=22669
                           ->  Seq Scan on relation_5 source_3  (cost=0.00..214.03 rows=11903 width=8) (actual rows=11903 loops=1)
                                 Buffers: shared read=95
                           ->  Index Scan using relation_1_pkey on relation_1 source_2  (cost=0.44..8.13 rows=1 width=42) (actual rows=0 loops=11903)
                                 Index Cond: (product_id = source_3.product_id)
                                 Filter: (((role)::text = 'accessory'::text) AND (source_3.price < base_price))
                                 Rows Removed by Filter: 1
                                 Buffers: shared hit=25038 read=22574
         ->  Index Scan using relation_1_pkey on relation_1 source_1  (cost=0.44..4.43 rows=1 width=38) (actual rows=1 loops=343)
               Index Cond: (product_id = source.phone_id)
               Filter: ((role)::text = 'phone'::text)
               Buffers: shared hit=744 read=628
 Planning:
   Buffers: shared hit=10 read=13
 Planning Time: 0.357 ms
 JIT:
   Functions: 24
   Options: Inlining false, Optimization false, Expressions true, Deforming true
 Execution Time: 100.371 ms
(34 rows)

-- Q096 [complex_multi_join] occurrence 1/1
-- Original E/R: SELECT c.email, s.product_name, o.status FROM software_downloads sd JOIN Software s ON ENDPOINT(sd, Software) = REF(s) JOIN Customer c ON ENDPOINT(sd, Customer) = REF(c) LEFT JOIN customer_orders co ON ENDPOINT(co, Customer) = REF(c) LEFT JOIN CustOrder o ON ENDPOINT(co, CustOrder) = REF(o) WHERE s.is_active = 1;
EXPLAIN (ANALYZE, BUFFERS, TIMING OFF, SUMMARY ON, FORMAT TEXT)
WITH
"b0" AS (
    SELECT
        "source"."customer_id" AS "__endpoint_customer_0",
        "source"."software_id" AS "__endpoint_software_0"
    FROM "relation_35" AS "source"
),
"b1" AS (
    SELECT
        "source"."is_active" AS "is_active",
        "source"."product_name" AS "product_name",
        "source"."product_id" AS "__reference_0"
    FROM "relation_1" AS "source"
    WHERE ("source"."role" IN ('software'))
),
"b2" AS (
    SELECT
        "source"."email" AS "email",
        "source"."user_id" AS "__reference_0"
    FROM "relation_2" AS "source"
    WHERE ("source"."role" IN ('customer', 'businesscustomer', 'primecustomer'))
),
"b3" AS (
    SELECT
        "source"."customer_orders_customer_id" AS "__endpoint_customer_0",
        "source"."custorder_id" AS "__endpoint_custorder_0"
    FROM "relation_13" AS "source"
    WHERE ("source"."customer_orders_customer_id" IS NOT NULL)
),
"b4" AS (
    SELECT
        "source"."status" AS "status",
        "source"."custorder_id" AS "__reference_0"
    FROM "relation_13" AS "source"
)
SELECT 
    "b2"."email" AS "email",
    "b1"."product_name" AS "product_name",
    "b4"."status" AS "status"
FROM (((("b0" INNER JOIN "b1" ON ("b0"."__endpoint_software_0" = "b1"."__reference_0")) INNER JOIN "b2" ON ("b0"."__endpoint_customer_0" = "b2"."__reference_0")) LEFT JOIN "b3" ON ("b3"."__endpoint_customer_0" = "b2"."__reference_0")) LEFT JOIN "b4" ON ("b3"."__endpoint_custorder_0" = "b4"."__reference_0"))
WHERE ("b1"."is_active" = 1);
                                                                      QUERY PLAN                                                                      
------------------------------------------------------------------------------------------------------------------------------------------------------
 Nested Loop Left Join  (cost=3392.12..114771.62 rows=22 width=65) (actual rows=24307 loops=1)
   Buffers: shared hit=136276 read=26387
   ->  Hash Left Join  (cost=3391.70..114759.58 rows=22 width=60) (actual rows=24307 loops=1)
         Hash Cond: (source_2.user_id = source_3.customer_orders_customer_id)
         Buffers: shared hit=129794 read=25969
         ->  Nested Loop  (cost=0.88..111368.67 rows=22 width=60) (actual rows=24245 loops=1)
               Buffers: shared hit=129488 read=24619
               ->  Nested Loop  (cost=0.45..111224.11 rows=32 width=38) (actual rows=24245 loops=1)
                     Buffers: shared hit=56588 read=539
                     ->  Seq Scan on relation_35 source  (cost=0.00..413.51 rows=28651 width=8) (actual rows=28651 loops=1)
                           Buffers: shared read=127
                     ->  Memoize  (cost=0.45..7.74 rows=1 width=38) (actual rows=1 loops=28651)
                           Cache Key: source.software_id
                           Cache Mode: logical
                           Hits: 14401  Misses: 14250  Evictions: 0  Overflows: 0  Memory Usage: 1796kB
                           Buffers: shared hit=56588 read=412
                           ->  Index Scan using relation_1_pkey on relation_1 source_1  (cost=0.44..7.73 rows=1 width=38) (actual rows=1 loops=14250)
                                 Index Cond: (product_id = source.software_id)
                                 Filter: (((role)::text = 'software'::text) AND (is_active = 1))
                                 Rows Removed by Filter: 0
                                 Buffers: shared hit=56588 read=412
               ->  Index Scan using relation_2_pkey on relation_2 source_2  (cost=0.43..4.52 rows=1 width=26) (actual rows=1 loops=24245)
                     Index Cond: (user_id = source.customer_id)
                     Filter: ((role)::text = ANY ('{customer,businesscustomer,primecustomer}'::text[]))
                     Buffers: shared hit=72900 read=24080
         ->  Hash  (cost=2458.60..2458.60 rows=74578 width=8) (actual rows=74642 loops=1)
               Buckets: 131072  Batches: 1  Memory Usage: 3940kB
               Buffers: shared hit=306 read=1350
               ->  Seq Scan on relation_13 source_3  (cost=0.00..2458.60 rows=74578 width=8) (actual rows=74642 loops=1)
                     Filter: (customer_orders_customer_id IS NOT NULL)
                     Rows Removed by Filter: 5618
                     Buffers: shared hit=306 read=1350
   ->  Index Scan using relation_13_pkey on relation_13 source_4  (cost=0.42..0.55 rows=1 width=13) (actual rows=0 loops=24307)
         Index Cond: (custorder_id = source_3.custorder_id)
         Buffers: shared hit=6482 read=418
 Planning:
   Buffers: shared hit=33 read=7
 Planning Time: 0.341 ms
 JIT:
   Functions: 35
   Options: Inlining false, Optimization false, Expressions true, Deforming true
 Execution Time: 117.891 ms
(42 rows)

-- Q097 [complex_multi_join] occurrence 1/1
-- Original E/R: SELECT p.product_name AS bundle, c.product_name AS component, t.tag_name FROM bundle_components bc JOIN Product p ON ENDPOINT(bc, product_id) = REF(p) JOIN Product c ON ENDPOINT(bc, bundle_product_id) = REF(c) JOIN product_tags pt ON ENDPOINT(pt, Product) = REF(c) JOIN Tag t ON ENDPOINT(pt, Tag) = REF(t) WHERE c.is_active = 1;
EXPLAIN (ANALYZE, BUFFERS, TIMING OFF, SUMMARY ON, FORMAT TEXT)
WITH
"b0" AS (
    SELECT
        "source"."bundle_product_product_id" AS "__endpoint_bundle_product_id_0",
        "source"."product_id" AS "__endpoint_product_id_0"
    FROM "relation_24" AS "source"
),
"b1" AS (
    SELECT
        "source"."product_name" AS "product_name",
        "source"."product_id" AS "__reference_0"
    FROM "relation_1" AS "source"
),
"b2" AS (
    SELECT
        "source"."is_active" AS "is_active",
        "source"."product_name" AS "product_name",
        "source"."product_id" AS "__reference_0"
    FROM "relation_1" AS "source"
),
"b3" AS (
    SELECT
        "source"."product_id" AS "__endpoint_product_0",
        "source"."tag_id" AS "__endpoint_tag_0"
    FROM "relation_23" AS "source"
),
"b4" AS (
    SELECT
        "source"."tag_name" AS "tag_name",
        "source"."tag_id" AS "__reference_0"
    FROM "relation_6" AS "source"
)
SELECT 
    "b1"."product_name" AS "bundle",
    "b2"."product_name" AS "component",
    "b4"."tag_name" AS "tag_name"
FROM (((("b0" INNER JOIN "b1" ON ("b0"."__endpoint_product_id_0" = "b1"."__reference_0")) INNER JOIN "b2" ON ("b0"."__endpoint_bundle_product_id_0" = "b2"."__reference_0")) INNER JOIN "b3" ON ("b3"."__endpoint_product_0" = "b2"."__reference_0")) INNER JOIN "b4" ON ("b3"."__endpoint_tag_0" = "b4"."__reference_0"))
WHERE ("b2"."is_active" = 1);
                                                                            QUERY PLAN                                                                             
-------------------------------------------------------------------------------------------------------------------------------------------------------------------
 Hash Join  (cost=1476973.54..2639710.16 rows=18722275 width=74) (actual rows=5307643 loops=1)
   Hash Cond: (source_3.tag_id = source_4.tag_id)
   Buffers: shared hit=806 read=991601, temp read=105785 written=105785
   ->  Hash Join  (cost=1473677.51..2587266.41 rows=18722275 width=72) (actual rows=5307643 loops=1)
         Hash Cond: (source_3.product_id = source.bundle_product_product_id)
         Buffers: shared hit=806 read=990986, temp read=105785 written=105785
         ->  Seq Scan on relation_23 source_3  (cost=0.00..450777.32 rows=31245732 width=8) (actual rows=31247588 loops=1)
               Buffers: shared read=138320
         ->  Hash  (cost=1401845.34..1401845.34 rows=2850974 width=76) (actual rows=2853775 loops=1)
               Buckets: 2097152  Batches: 4  Memory Usage: 93585kB
               Buffers: shared hit=806 read=852666, temp written=25694
               ->  Gather  (cost=596273.33..1401845.34 rows=2850974 width=76) (actual rows=2853775 loops=1)
                     Workers Planned: 2
                     Workers Launched: 0
                     Buffers: shared hit=806 read=852666
                     ->  Parallel Hash Join  (cost=595273.33..1115747.94 rows=1187906 width=76) (actual rows=2853775 loops=1)
                           Hash Cond: (source_1.product_id = source.product_id)
                           Buffers: shared hit=806 read=852666
                           ->  Parallel Seq Scan on relation_1 source_1  (cost=0.00..489274.18 rows=7000218 width=38) (actual rows=16796787 loops=1)
                                 Buffers: shared hit=419 read=418853
                           ->  Parallel Hash  (cost=580424.50..580424.50 rows=1187906 width=46) (actual rows=2853775 loops=1)
                                 Buckets: 4194304  Batches: 1  Memory Usage: 261760kB
                                 Buffers: shared hit=387 read=433813
                                 ->  Parallel Hash Join  (cost=46421.97..580424.50 rows=1187906 width=46) (actual rows=2853775 loops=1)
                                       Hash Cond: (source_2.product_id = source.bundle_product_product_id)
                                       Buffers: shared hit=387 read=433813
                                       ->  Parallel Seq Scan on relation_1 source_2  (cost=0.00..506774.73 rows=5940852 width=38) (actual rows=14276126 loops=1)
                                             Filter: (is_active = 1)
                                             Rows Removed by Filter: 2520661
                                             Buffers: shared hit=387 read=418885
                                       ->  Parallel Hash  (cost=28925.32..28925.32 rows=1399732 width=8) (actual rows=3359356 loops=1)
                                             Buckets: 4194304  Batches: 1  Memory Usage: 164192kB
                                             Buffers: shared read=14928
                                             ->  Parallel Seq Scan on relation_24 source  (cost=0.00..28925.32 rows=1399732 width=8) (actual rows=3359356 loops=1)
                                                   Buffers: shared read=14928
   ->  Hash  (cost=1806.57..1806.57 rows=119157 width=10) (actual rows=119157 loops=1)
         Buckets: 131072  Batches: 1  Memory Usage: 6103kB
         Buffers: shared read=615
         ->  Seq Scan on relation_6 source_4  (cost=0.00..1806.57 rows=119157 width=10) (actual rows=119157 loops=1)
               Buffers: shared read=615
 Planning:
   Buffers: shared hit=37 read=22
 Planning Time: 0.508 ms
 JIT:
   Functions: 38
   Options: Inlining true, Optimization true, Expressions true, Deforming true
 Execution Time: 16331.461 ms
(47 rows)

-- Q098 [complex_multi_join] occurrence 1/1
-- Original E/R: SELECT p1.product_name, c1.category_name, p2.product_name, c2.category_name FROM bought_together bt JOIN Product p1 ON ENDPOINT(bt, product_id) = REF(p1) JOIN Product p2 ON ENDPOINT(bt, bought_together_product_id) = REF(p2) JOIN category_products cp1 ON ENDPOINT(cp1, Product) = REF(p1) JOIN Category c1 ON ENDPOINT(cp1, Category) = REF(c1) JOIN category_products cp2 ON ENDPOINT(cp2, Product) = REF(p2) JOIN Category c2 ON ENDPOINT(cp2, Category) = REF(c2);
EXPLAIN (ANALYZE, BUFFERS, TIMING OFF, SUMMARY ON, FORMAT TEXT)
WITH
"b0" AS (
    SELECT
        "source"."bought_together_product_product_id" AS "__endpoint_bought_together_product_id_0",
        "source"."product_id" AS "__endpoint_product_id_0"
    FROM "relation_25" AS "source"
),
"b1" AS (
    SELECT
        "source"."product_name" AS "product_name",
        "source"."product_id" AS "__reference_0"
    FROM "relation_1" AS "source"
),
"b2" AS (
    SELECT
        "source"."product_name" AS "product_name",
        "source"."product_id" AS "__reference_0"
    FROM "relation_1" AS "source"
),
"b3" AS (
    SELECT
        "source"."category_products_category_id" AS "__endpoint_category_0",
        "source"."product_id" AS "__endpoint_product_0"
    FROM "relation_1" AS "source"
    WHERE ("source"."category_products_category_id" IS NOT NULL)
),
"b4" AS (
    SELECT
        "source"."category_name" AS "category_name",
        "source"."category_id" AS "__reference_0"
    FROM "relation_0" AS "source"
),
"b5" AS (
    SELECT
        "source"."category_products_category_id" AS "__endpoint_category_0",
        "source"."product_id" AS "__endpoint_product_0"
    FROM "relation_1" AS "source"
    WHERE ("source"."category_products_category_id" IS NOT NULL)
),
"b6" AS (
    SELECT
        "source"."category_name" AS "category_name",
        "source"."category_id" AS "__reference_0"
    FROM "relation_0" AS "source"
)
SELECT 
    "b1"."product_name" AS "product_name",
    "b4"."category_name" AS "category_name",
    "b2"."product_name" AS "product_name",
    "b6"."category_name" AS "category_name"
FROM (((((("b0" INNER JOIN "b1" ON ("b0"."__endpoint_product_id_0" = "b1"."__reference_0")) INNER JOIN "b2" ON ("b0"."__endpoint_bought_together_product_id_0" = "b2"."__reference_0")) INNER JOIN "b3" ON ("b3"."__endpoint_product_0" = "b1"."__reference_0")) INNER JOIN "b4" ON ("b3"."__endpoint_category_0" = "b4"."__reference_0")) INNER JOIN "b5" ON ("b5"."__endpoint_product_0" = "b2"."__reference_0")) INNER JOIN "b6" ON ("b5"."__endpoint_category_0" = "b6"."__reference_0"));
                                                                           QUERY PLAN                                                                            
-----------------------------------------------------------------------------------------------------------------------------------------------------------------
 Gather  (cost=4951.55..579866.06 rows=26 width=80) (actual rows=26100 loops=1)
   Workers Planned: 2
   Workers Launched: 0
   Buffers: shared hit=3808388 read=1782325
   ->  Nested Loop  (cost=3951.55..578863.46 rows=11 width=80) (actual rows=26100 loops=1)
         Buffers: shared hit=3808388 read=1782325
         ->  Nested Loop  (cost=3951.11..578795.57 rows=11 width=54) (actual rows=26100 loops=1)
               Buffers: shared hit=3703988 read=1782325
               ->  Nested Loop  (cost=3950.67..578727.69 rows=11 width=28) (actual rows=26100 loops=1)
                     Buffers: shared hit=3619942 read=1761971
                     ->  Nested Loop  (cost=3950.38..576730.89 rows=338 width=26) (actual rows=26100 loops=1)
                           Buffers: shared hit=3572347 read=1731266
                           ->  Nested Loop  (cost=3949.94..523583.04 rows=8612 width=18) (actual rows=653334 loops=1)
                                 Buffers: shared hit=2199031 read=491246
                                 ->  Hash Join  (cost=3949.51..493945.24 rows=8833 width=10) (actual rows=671871 loops=1)
                                       Hash Cond: (source_3.category_products_category_id = source_4.category_id)
                                       Buffers: shared hit=4662 read=415410
                                       ->  Parallel Seq Scan on relation_1 source_3  (cost=0.00..489274.18 rows=274875 width=8) (actual rows=671871 loops=1)
                                             Filter: (category_products_category_id IS NOT NULL)
                                             Rows Removed by Filter: 16124916
                                             Buffers: shared hit=4661 read=414611
                                       ->  Hash  (cost=2199.78..2199.78 rows=139978 width=10) (actual rows=139979 loops=1)
                                             Buckets: 262144  Batches: 1  Memory Usage: 8086kB
                                             Buffers: shared hit=1 read=799
                                             ->  Seq Scan on relation_0 source_4  (cost=0.00..2199.78 rows=139978 width=10) (actual rows=139979 loops=1)
                                                   Buffers: shared hit=1 read=799
                                 ->  Index Only Scan using relation_25_pkey on relation_25 source  (cost=0.43..3.34 rows=2 width=8) (actual rows=1 loops=671871)
                                       Index Cond: (product_id = source_3.product_id)
                                       Heap Fetches: 0
                                       Buffers: shared hit=2194369 read=75836
                           ->  Index Scan using relation_1_pkey on relation_1 source_5  (cost=0.44..6.17 rows=1 width=8) (actual rows=0 loops=653334)
                                 Index Cond: (product_id = source.bought_together_product_product_id)
                                 Filter: (category_products_category_id IS NOT NULL)
                                 Rows Removed by Filter: 1
                                 Buffers: shared hit=1373316 read=1240020
                     ->  Index Scan using relation_0_pkey on relation_0 source_6  (cost=0.29..5.91 rows=1 width=10) (actual rows=1 loops=26100)
                           Index Cond: (category_id = source_5.category_products_category_id)
                           Buffers: shared hit=47595 read=30705
               ->  Index Scan using relation_1_pkey on relation_1 source_1  (cost=0.44..6.17 rows=1 width=38) (actual rows=1 loops=26100)
                     Index Cond: (product_id = source.product_id)
                     Buffers: shared hit=84046 read=20354
         ->  Index Scan using relation_1_pkey on relation_1 source_2  (cost=0.44..6.17 rows=1 width=38) (actual rows=1 loops=26100)
               Index Cond: (product_id = source.bought_together_product_product_id)
               Buffers: shared hit=104400
 Planning:
   Buffers: shared hit=90 read=12
 Planning Time: 1.264 ms
 JIT:
   Functions: 38
   Options: Inlining true, Optimization true, Expressions true, Deforming true
 Execution Time: 5568.293 ms
(51 rows)

-- Q099 [complex_multi_join] occurrence 1/1
-- Original E/R: SELECT c.email, cart.updated_at, p.product_name, pv.barcode FROM Cart cart JOIN Customer c ON OWNER(cart) = REF(c) JOIN cart_contains cc ON ENDPOINT(cc, Cart) = REF(cart) JOIN Product p ON ENDPOINT(cc, Product) = REF(p) LEFT JOIN ProductVariant pv ON OWNER(pv) = REF(p) WHERE p.quantity > 3;
EXPLAIN (ANALYZE, BUFFERS, TIMING OFF, SUMMARY ON, FORMAT TEXT)
WITH
"b0" AS (
    SELECT
        "source"."updated_at" AS "updated_at",
        "source"."user_id" AS "__owner_0",
        "source"."user_id" AS "__reference_0",
        "source"."cart_id" AS "__reference_1"
    FROM "relation_9" AS "source"
),
"b1" AS (
    SELECT
        "source"."email" AS "email",
        "source"."user_id" AS "__reference_0"
    FROM "relation_2" AS "source"
    WHERE ("source"."role" IN ('customer', 'businesscustomer', 'primecustomer'))
),
"b2" AS (
    SELECT
        "source"."customer_id" AS "__endpoint_cart_0",
        "source"."cart_id" AS "__endpoint_cart_1",
        "source"."product_id" AS "__endpoint_product_0"
    FROM "relation_26" AS "source"
),
"b3" AS (
    SELECT
        "source"."product_name" AS "product_name",
        "source"."quantity" AS "quantity",
        "source"."product_id" AS "__reference_0"
    FROM "relation_1" AS "source"
),
"b4" AS (
    SELECT
        "source"."barcode" AS "barcode",
        "source"."product_id" AS "__owner_0"
    FROM "relation_4" AS "source"
)
SELECT 
    "b1"."email" AS "email",
    "b0"."updated_at" AS "updated_at",
    "b3"."product_name" AS "product_name",
    "b4"."barcode" AS "barcode"
FROM (((("b0" INNER JOIN "b1" ON ("b0"."__owner_0" = "b1"."__reference_0")) INNER JOIN "b2" ON ("b2"."__endpoint_cart_0" = "b0"."__reference_0" AND "b2"."__endpoint_cart_1" = "b0"."__reference_1")) INNER JOIN "b3" ON ("b2"."__endpoint_product_0" = "b3"."__reference_0")) LEFT JOIN "b4" ON ("b4"."__owner_0" = "b3"."__reference_0"))
WHERE ("b3"."quantity" > 3);
                                                                QUERY PLAN                                                                
------------------------------------------------------------------------------------------------------------------------------------------
 Nested Loop Left Join  (cost=1334.48..2184.62 rows=1 width=81) (actual rows=36227 loops=1)
   Buffers: shared hit=265708 read=130259
   ->  Nested Loop  (cost=1334.19..2184.30 rows=1 width=71) (actual rows=36227 loops=1)
         Buffers: shared hit=193394 read=130045
         ->  Nested Loop  (cost=1333.75..2176.83 rows=1 width=37) (actual rows=40368 loops=1)
               Buffers: shared hit=110036 read=51931
               ->  Hash Join  (cost=1333.33..2172.94 rows=1 width=23) (actual rows=40368 loops=1)
                     Hash Cond: ((source_2.customer_id = source.user_id) AND (source_2.cart_id = source.cart_id))
                     Buffers: shared read=495
                     ->  Seq Scan on relation_26 source_2  (cost=0.00..627.68 rows=40368 width=12) (actual rows=40368 loops=1)
                           Buffers: shared read=224
                     ->  Hash  (cost=695.93..695.93 rows=42493 width=19) (actual rows=42493 loops=1)
                           Buckets: 65536  Batches: 1  Memory Usage: 2670kB
                           Buffers: shared read=271
                           ->  Seq Scan on relation_9 source  (cost=0.00..695.93 rows=42493 width=19) (actual rows=42493 loops=1)
                                 Buffers: shared read=271
               ->  Index Scan using relation_2_pkey on relation_2 source_1  (cost=0.43..3.89 rows=1 width=26) (actual rows=1 loops=40368)
                     Index Cond: (user_id = source.user_id)
                     Filter: ((role)::text = ANY ('{customer,businesscustomer,primecustomer}'::text[]))
                     Buffers: shared hit=110036 read=51436
         ->  Index Scan using relation_1_pkey on relation_1 source_3  (cost=0.44..7.47 rows=1 width=38) (actual rows=1 loops=40368)
               Index Cond: (product_id = source_2.product_id)
               Filter: (quantity > 3)
               Rows Removed by Filter: 0
               Buffers: shared hit=83358 read=78114
   ->  Index Scan using relation_4_pkey on relation_4 source_4  (cost=0.29..0.31 rows=1 width=18) (actual rows=0 loops=36227)
         Index Cond: (product_id = source_3.product_id)
         Buffers: shared hit=72314 read=214
 Planning:
   Buffers: shared hit=33 read=15
 Planning Time: 0.431 ms
 Execution Time: 341.169 ms
(32 rows)

-- Q100 [complex_multi_join] occurrence 1/1
-- Original E/R: SELECT c.email, COUNT(DISTINCT REF(o)) AS order_count, COUNT(DISTINCT REF(p)) AS product_count, AVG(p.base_price) AS average_product_price FROM customer_orders co JOIN Customer c ON ENDPOINT(co, Customer) = REF(c) JOIN CustOrder o ON ENDPOINT(co, CustOrder) = REF(o) JOIN order_items oi ON ENDPOINT(oi, CustOrder) = REF(o) JOIN Product p ON ENDPOINT(oi, Product) = REF(p) WHERE o.status <> 'pending' GROUP BY REF(c), c.email HAVING COUNT(DISTINCT REF(o)) >= 2 AND AVG(p.base_price) > 50;
EXPLAIN (ANALYZE, BUFFERS, TIMING OFF, SUMMARY ON, FORMAT TEXT)
WITH
"b0" AS (
    SELECT
        "source"."customer_orders_customer_id" AS "__endpoint_customer_0",
        "source"."custorder_id" AS "__endpoint_custorder_0"
    FROM "relation_13" AS "source"
    WHERE ("source"."customer_orders_customer_id" IS NOT NULL)
),
"b1" AS (
    SELECT
        "source"."email" AS "email",
        "source"."user_id" AS "__reference_0"
    FROM "relation_2" AS "source"
    WHERE ("source"."role" IN ('customer', 'businesscustomer', 'primecustomer'))
),
"b2" AS (
    SELECT
        "source"."status" AS "status",
        "source"."custorder_id" AS "__reference_0"
    FROM "relation_13" AS "source"
),
"b3" AS (
    SELECT
        "source"."custorder_id" AS "__endpoint_custorder_0",
        "source"."product_id" AS "__endpoint_product_0"
    FROM "relation_28" AS "source"
),
"b4" AS (
    SELECT
        "source"."base_price" AS "base_price",
        "source"."product_id" AS "__reference_0"
    FROM "relation_1" AS "source"
)
SELECT 
    "b1"."email" AS "email",
    COUNT(DISTINCT "b2"."__reference_0") AS "order_count",
    COUNT(DISTINCT "b4"."__reference_0") AS "product_count",
    AVG("b4"."base_price") AS "average_product_price"
FROM (((("b0" INNER JOIN "b1" ON ("b0"."__endpoint_customer_0" = "b1"."__reference_0")) INNER JOIN "b2" ON ("b0"."__endpoint_custorder_0" = "b2"."__reference_0")) INNER JOIN "b3" ON ("b3"."__endpoint_custorder_0" = "b2"."__reference_0")) INNER JOIN "b4" ON ("b3"."__endpoint_product_0" = "b4"."__reference_0"))
WHERE ("b2"."status" <> 'pending')
GROUP BY
    "b1"."__reference_0",
    "b1"."email"
HAVING ((COUNT(DISTINCT "b2"."__reference_0") >= 2) AND (AVG("b4"."base_price") > 50));
                                                                                    QUERY PLAN                                                                                     
-----------------------------------------------------------------------------------------------------------------------------------------------------------------------------------
 GroupAggregate  (cost=226050.90..234380.36 rows=6429 width=74) (actual rows=1699 loops=1)
   Group Key: source_1.user_id
   Filter: ((count(DISTINCT source_2.custorder_id) >= 2) AND (avg(source_4.base_price) > '50'::numeric))
   Rows Removed by Filter: 57492
   Buffers: shared hit=199051 read=219880
   ->  Gather Merge  (cost=226050.90..232789.30 rows=57857 width=38) (actual rows=91654 loops=1)
         Workers Planned: 2
         Workers Launched: 0
         Buffers: shared hit=199051 read=219880
         ->  Sort  (cost=225050.87..225111.14 rows=24107 width=38) (actual rows=91654 loops=1)
               Sort Key: source_1.user_id, source_2.custorder_id
               Sort Method: quicksort  Memory: 9018kB
               Buffers: shared hit=199051 read=219880
               ->  Nested Loop  (cost=64912.00..223296.22 rows=24107 width=38) (actual rows=91654 loops=1)
                     Buffers: shared hit=199051 read=219880
                     ->  Parallel Hash Join  (cost=64911.56..67793.34 rows=24107 width=34) (actual rows=91654 loops=1)
                           Hash Cond: (source.custorder_id = source_2.custorder_id)
                           Buffers: shared hit=5352 read=46963
                           ->  Parallel Hash Join  (cost=62105.12..64920.25 rows=25392 width=38) (actual rows=96490 loops=1)
                                 Hash Cond: (source_3.custorder_id = source.custorder_id)
                                 Buffers: shared hit=5352 read=45307
                                 ->  Parallel Index Only Scan using relation_28_pkey on relation_28 source_3  (cost=0.29..2547.48 rows=43236 width=8) (actual rows=103766 loops=1)
                                       Heap Fetches: 0
                                       Buffers: shared hit=3 read=392
                                 ->  Parallel Hash  (cost=61859.33..61859.33 rows=19640 width=30) (actual rows=74642 loops=1)
                                       Buckets: 131072 (originally 65536)  Batches: 1 (originally 1)  Memory Usage: 6400kB
                                       Buffers: shared hit=5349 read=44915
                                       ->  Parallel Hash Join  (cost=2676.48..61859.33 rows=19640 width=30) (actual rows=74642 loops=1)
                                             Hash Cond: (source_1.user_id = source.customer_orders_customer_id)
                                             Buffers: shared hit=5349 read=44915
                                             ->  Parallel Seq Scan on relation_2 source_1  (cost=0.00..57430.64 rows=436448 width=26) (actual rows=1036985 loops=1)
                                                   Filter: ((role)::text = ANY ('{customer,businesscustomer,primecustomer}'::text[]))
                                                   Rows Removed by Filter: 503556
                                                   Buffers: shared hit=3693 read=44915
                                             ->  Parallel Hash  (cost=2128.12..2128.12 rows=43869 width=8) (actual rows=74642 loops=1)
                                                   Buckets: 131072  Batches: 1  Memory Usage: 3968kB
                                                   Buffers: shared hit=1656
                                                   ->  Parallel Seq Scan on relation_13 source  (cost=0.00..2128.12 rows=43869 width=8) (actual rows=74642 loops=1)
                                                         Filter: (customer_orders_customer_id IS NOT NULL)
                                                         Rows Removed by Filter: 5618
                                                         Buffers: shared hit=1656
                           ->  Parallel Hash  (cost=2246.15..2246.15 rows=44823 width=4) (actual rows=76295 loops=1)
                                 Buckets: 131072  Batches: 1  Memory Usage: 4032kB
                                 Buffers: shared read=1656
                                 ->  Parallel Seq Scan on relation_13 source_2  (cost=0.00..2246.15 rows=44823 width=4) (actual rows=76295 loops=1)
                                       Filter: ((status)::text <> 'pending'::text)
                                       Rows Removed by Filter: 3965
                                       Buffers: shared read=1656
                     ->  Index Scan using relation_1_pkey on relation_1 source_4  (cost=0.44..6.45 rows=1 width=8) (actual rows=1 loops=91654)
                           Index Cond: (product_id = source_3.product_id)
                           Buffers: shared hit=193699 read=172917
 Planning:
   Buffers: shared hit=39 read=17
 Planning Time: 0.566 ms
 JIT:
   Functions: 40
   Options: Inlining false, Optimization false, Expressions true, Deforming true
 Execution Time: 705.264 ms
(58 rows)

ROLLBACK;
ROLLBACK
