11032,639,school,pay,332,360,just
16235,798,whom,identify,539,661,would
15509,13,fast,quality,942,332,defense
17409,579,another,community,888,979,apply
13719,278,represent,growth,567,26,sea
13483,33,anything,lead,879,668,media
9078,662,know,chair,774,911,rather
17604,663,view,offer,57,841,ground
16151,726,wait,law,510,271,rich
14476,855,fire,full,580,377,both
15237,662,offer,surface,827,437,foot
16406,830,high,particular,978,547,actually
16085,2,surface,marriage,173,565,different
17721,193,prepare,surface,349,351,very
16576,917,ground,floor,160,894,attack
14234,10,ready,she,268,316,quality
12017,924,heart,remember,991,381,mention
16639,850,she,strong,157,229,safe
11243,829,maybe,all,694,659,long
9719,583,suddenly,modern,796,260,floor
16825,843,those,wind,409,778,reduce
11703,228,reason,teacher,438,827,majority
10911,49,yeah,strong,5,247,develop
15747,793,knowledge,determine,917,590,investment
16900,330,always,visit,940,166,nice
17113,339,form,activity,519,636,total
12733,254,heart,truth,236,833,try
11313,150,none,production,178,554,wife
10277,933,entire,forward,694,305,look
11867,443,fear,seek,157,845,western
16379,82,technology,until,644,592,together
10031,1,level,seek,9,584,lawyer
10011,675,table,computer,345,312,think
9977,8,full,rich,104,548,best
9022,646,tough,necessary,938,63,impact
15888,886,over,think,627,621,kitchen
17699,442,television,eight,265,229,lead
11289,647,amount,establish,176,50,admit
16012,410,style,discover,582,413,second
17207,927,thousand,education,259,956,plan
9465,884,a,reflect,552,315,measure
9610,261,end,travel,996,938,address
10382,156,camera,energy,474,845,together
16990,152,perhaps,media,650,550,sometimes
11364,851,soon,impact,426,4,address
11287,61,hand,teacher,214,150,certainly
9491,145,training,adult,305,876,newspaper
11015,479,could,actually,437,487,suddenly
16637,934,about,answer,423,862,loss
14014,89,year,nearly,82,674,interesting
15699,150,how,town,750,357,north
16536,459,everybody,participant,968,453,nearly
15936,84,member,which,114,968,officer
9828,704,couple,everybody,50,901,forward
14237,585,common,somebody,514,877,chance
15887,560,these,capital,301,339,mean
13433,188,positive,talk,465,788,prepare
10800,315,cold,already,814,792,read
9063,876,hundred,another,129,405,college
12498,325,matter,television,443,928,note
17570,357,require,century,702,444,audience
9539,81,audience,we,178,641,sense
10213,238,those,among,979,997,blood
11254,626,degree,across,416,866,ground
14130,844,military,common,849,449,play
13210,302,what,employee,627,826,few
14293,905,service,bar,220,371,wide
11394,305,event,moment,972,632,region
15491,286,cause,behavior,178,934,should
11592,424,store,worker,510,830,season
15863,482,poor,able,479,112,option
11184,212,weight,recent,852,346,carry
15992,433,build,instead,310,453,glass
14600,218,ago,or,664,554,collection
13215,234,return,rock,484,271,if
10975,758,challenge,consider,237,369,knowledge
10659,592,myself,attack,647,854,market
13395,789,ten,science,123,705,discuss
16551,219,war,another,437,208,activity
13007,217,him,four,952,571,mission
16576,231,change,billion,350,537,deal
14032,143,peace,nation,483,926,under
11845,191,near,main,1000,662,choose
12217,451,newspaper,billion,499,57,wide
13060,695,professor,take,174,796,like
16291,965,medical,purpose,884,589,notice
16581,397,produce,man,362,399,my
12982,806,than,sound,255,537,avoid
9130,147,seven,hair,310,760,throw
12363,954,entire,run,311,733,trip
13876,1,eat,evening,751,791,night
12246,404,operation,important,934,202,beat
11839,607,common,clear,703,479,go
16621,34,product,relationship,233,937,size
9733,718,modern,best,528,950,memory
14530,86,bit,responsibility,605,895,rise
13818,779,just,TV,895,198,little
15949,79,scene,fish,664,28,serve
12905,890,however,management,96,568,upon
11544,464,indeed,must,910,283,wear
17940,878,science,final,963,968,pattern
14253,55,question,two,830,73,movie
13236,493,run,total,717,997,age
15835,953,help,them,911,60,read
17574,423,out,response,905,931,far
15047,3,different,should,471,803,everybody
14621,597,large,fight,665,182,character
9578,856,science,cell,529,132,close
16123,10,night,toward,368,618,realize
12315,207,important,agency,632,475,realize
11386,85,much,black,419,310,three
12549,845,life,forget,387,826,indicate
8932,223,though,describe,468,400,behavior
9745,448,themselves,inside,534,534,stay
10685,230,respond,specific,117,678,PM
17829,536,world,mission,850,159,including
9570,584,tonight,lay,4,834,collection
9339,9,catch,hospital,832,127,everything
16089,695,ready,born,465,544,deep
13085,334,morning,effect,924,51,plan
15759,570,Mrs,message,677,462,today
9630,25,start,child,895,179,tough
16217,367,concern,nation,727,811,group
9946,658,significant,chair,164,190,expert
11309,330,range,design,869,537,her
12082,656,mission,whatever,221,244,start
14723,682,yes,give,10,695,series
9441,546,compare,sit,676,337,hour
17589,544,simply,less,382,763,her
11010,235,gun,but,856,573,trip
11321,218,pattern,travel,357,27,set
9067,9,significant,here,499,704,home
16879,260,often,ok,129,894,exist
15876,112,water,dinner,802,301,responsibility
16374,999,difference,concern,924,879,direction
13251,516,record,truth,893,288,ago
15946,162,computer,figure,708,400,rock
12460,54,or,partner,474,972,role
17852,82,represent,push,925,603,drug
14684,70,country,reveal,516,656,continue
15422,495,response,create,534,71,crime
17713,143,speak,control,704,745,usually
16409,766,behind,usually,185,581,expect
9548,623,until,take,580,278,drug
11635,170,message,sing,661,412,station
15223,243,page,actually,987,978,fly
16070,603,worker,likely,134,734,room
15005,453,itself,let,462,664,owner
9531,454,would,admit,898,886,young
16351,366,whether,compare,968,740,game
17079,214,professional,story,793,240,box
16927,129,budget,defense,609,447,bill
10791,654,avoid,structure,578,329,modern
11655,124,discover,need,818,291,deal
13267,833,religious,stop,705,467,oil
16676,479,practice,blood,244,494,lot
12831,814,thousand,house,588,298,sport
10828,238,street,someone,418,19,hard
17344,25,score,break,204,815,interesting
10464,547,be,woman,771,935,dog
16589,673,development,according,143,643,exist
17155,977,occur,network,254,722,race
16400,766,little,administration,186,543,but
15426,236,product,once,995,798,us
15101,422,without,increase,869,502,story
12610,73,fact,chair,725,863,fill
13850,313,wish,issue,167,282,cost
16550,844,walk,citizen,429,697,on
10351,110,step,account,407,625,again
11625,522,early,write,403,564,score
17391,847,dinner,tell,285,214,campaign
11401,369,wear,able,265,68,opportunity
13814,791,eat,claim,956,342,note
11187,33,where,explain,991,798,difference
12293,960,yourself,need,83,389,international
9980,577,so,office,518,550,report
16696,309,yes,white,563,798,idea
11735,860,yeah,stock,277,337,perform
9820,77,police,herself,237,791,arrive
16598,121,let,none,547,364,truth
9546,649,before,product,517,344,sing
17892,910,with,kid,893,418,forget
16920,253,customer,place,13,391,growth
12381,6,young,past,938,418,reach
14322,321,people,more,289,428,begin
17645,514,available,forget,724,465,break
16459,147,each,particular,692,388,whom
16986,378,itself,cell,532,440,security
10115,600,them,simply,878,118,officer
15566,955,us,great,479,65,these
11494,60,million,not,263,372,size
9286,14,society,glass,731,982,kitchen
15175,354,throughout,dream,82,959,single
13528,582,around,arrive,563,804,street
11554,710,someone,interview,949,233,kid
11497,115,there,spring,973,494,decision
14012,78,spring,security,559,776,food
10294,713,attention,image,693,623,remember
17629,510,guy,find,372,962,class
10186,650,water,director,756,720,time
15352,704,economic,church,883,709,hotel
12858,115,speech,suffer,861,475,chance
10025,532,site,remember,153,743,air
14000,598,have,reason,553,436,but
10503,753,field,because,954,91,have
14095,631,recently,leader,296,101,never
12156,736,reflect,compare,492,284,agree
13190,474,news,conference,740,230,century
16373,779,sometimes,across,652,375,skill
13862,771,call,of,480,867,how
17911,90,true,over,729,676,walk
15031,411,join,project,168,839,social
16796,957,ready,American,665,236,account
12151,606,red,sing,554,576,organization
17760,777,audience,peace,700,284,watch
17747,680,exist,tend,677,4,last
12797,805,war,paper,978,675,seem
11925,261,itself,effect,301,208,most
16259,773,action,key,827,185,box
10817,141,hundred,amount,901,345,participant
14043,955,offer,a,383,218,six
9343,18,hand,attorney,872,447,research
11047,491,culture,rule,706,281,describe
11586,976,clearly,tax,236,903,sense
10756,714,city,reality,36,629,treatment
13762,537,different,believe,684,180,lawyer
10875,668,think,hot,6,329,increase
17728,449,push,adult,777,462,finish
9356,118,ask,why,261,457,fill
10247,140,brother,of,261,771,sure
16960,520,popular,three,126,321,people
9927,191,card,forward,865,534,choice
8931,669,nation,increase,848,228,see
13112,912,business,some,506,320,that
15149,319,bit,quickly,877,121,old
12770,840,rule,mention,19,496,skill
14816,736,from,student,816,836,finally
10483,414,on,personal,496,229,address
12972,122,personal,contain,7,858,southern
14861,254,last,floor,145,669,us
10889,995,you,amount,731,734,wife
9487,159,dinner,ask,902,880,this
16338,707,pattern,lose,884,390,right
11368,481,consumer,can,303,181,long
16933,142,name,out,889,628,short
16956,606,big,if,893,327,hospital
12503,891,Congress,tough,158,381,than
8852,778,school,summer,84,372,oil
17060,281,its,view,120,636,ten
15978,327,teach,certain,216,613,significant
10042,409,nearly,past,146,464,bring
9774,943,question,road,440,532,former
13089,529,sign,red,317,609,according
16795,764,movement,know,829,89,near
17040,610,finally,since,928,499,world
17944,386,under,American,879,349,mention
11306,641,age,real,566,525,mission
15430,271,win,instead,151,232,open
9154,564,approach,adult,78,511,like
11371,113,west,read,207,175,certain
9375,197,sense,increase,69,956,who
16170,356,keep,speech,168,130,film
16268,985,will,across,527,447,consider
11827,41,out,material,645,628,town
9562,593,of,to,624,222,will
12977,219,project,success,608,516,great
9823,595,receive,forget,572,301,power
17120,264,news,moment,847,512,computer
12988,704,another,interest,823,182,gun
10001,75,everything,town,907,95,music
12020,576,purpose,accept,761,799,activity
10964,187,shake,beautiful,417,673,her
15555,29,middle,question,630,219,bag
14033,715,fly,same,536,795,suffer
17569,862,simply,leave,441,84,everything
16848,297,star,call,438,209,four
15605,196,front,this,538,249,those
15272,209,open,red,301,210,final
14763,737,provide,sing,714,873,by
13262,309,section,rate,45,65,traditional
15758,482,data,suggest,774,116,place
9955,418,reflect,fire,686,772,hit
12272,455,how,security,70,376,require
15583,87,trouble,just,99,464,American
10170,417,notice,see,225,740,meeting
15855,63,however,party,624,810,man
14173,693,can,deal,702,277,around
11133,830,college,often,626,225,big
8849,570,likely,interesting,410,595,most
16865,531,brother,policy,359,644,front
16090,873,add,this,400,672,list
10089,474,set,experience,699,491,health
16496,361,modern,professor,580,849,could
14571,98,seven,radio,639,314,catch
17066,90,economic,administration,784,278,hot
13509,972,real,manager,253,653,campaign
9737,6,firm,must,433,429,would
17443,331,student,listen,325,584,president
9751,519,sea,word,512,124,case
13885,12,station,time,953,236,window
17956,43,open,nation,197,240,above
17525,107,ready,fire,279,641,themselves
12388,422,explain,guy,171,71,charge
17770,778,can,improve,434,950,office
11233,998,success,office,250,875,hand
15840,388,live,point,269,474,question
9591,654,entire,perhaps,87,995,smile
12361,857,market,garden,932,375,name
16142,32,expect,keep,207,956,someone
17668,77,smile,television,764,476,near
16517,720,anyone,author,244,268,off
9453,70,commercial,attorney,90,884,culture
12878,625,early,expect,797,892,drop
11521,191,data,step,770,354,notice
11780,691,news,fund,131,901,itself
8946,861,rule,present,618,830,pretty
12786,85,party,level,306,193,drop
14387,553,seek,beautiful,965,841,recently
9627,922,myself,administration,523,769,others
14801,91,south,moment,75,76,raise
13544,427,far,worker,524,721,tonight
17538,10,raise,child,48,927,crime
16660,138,third,first,323,552,stuff
17304,743,visit,training,706,773,trial
16588,837,property,term,65,739,throw
10794,493,soon,early,260,754,outside
8911,193,pick,sound,481,342,drug
12278,786,buy,social,149,656,hand
16117,720,what,per,878,23,respond
10414,474,everybody,compare,924,837,study
11014,572,situation,shoulder,324,900,security
11778,745,bring,measure,362,805,it
13330,501,own,run,628,208,want
17022,123,sort,phone,706,457,pass
17858,93,develop,why,567,147,security
9637,351,six,fund,481,528,short
10634,891,education,know,24,451,public
17843,171,improve,range,715,584,fly
10583,503,majority,budget,798,383,seek
17365,711,reality,economy,819,792,ball
10595,246,various,happen,719,50,girl
10987,530,career,child,299,177,against
17414,268,word,oil,736,683,wrong
17606,347,growth,why,690,751,open
10684,32,think,country,919,92,direction
13612,576,military,door,828,635,pattern
9728,312,glass,police,685,740,future
10475,356,five,cup,398,27,candidate
17270,973,low,evidence,489,497,herself
13846,792,lose,new,463,4,provide
13617,412,whom,purpose,551,830,loss
14289,645,scientist,seven,758,488,film
12809,409,national,station,835,310,long
17219,263,born,learn,710,322,executive
17107,6,practice,debate,800,758,man
11167,454,realize,add,538,600,answer
15443,952,administration,opportunity,334,212,since
10842,358,laugh,yard,763,65,pattern
10507,444,bad,yeah,389,563,off
9696,463,staff,ready,950,617,appear
9847,622,popular,school,774,132,have
8962,124,special,edge,772,760,song
14015,509,oil,order,102,248,begin
9169,393,east,five,857,976,forget
16274,929,student,knowledge,179,248,party
15422,786,decide,if,698,370,first
11514,231,relationship,us,486,839,attention
11624,340,Mr,color,137,916,around
12423,331,marriage,believe,97,102,learn
9151,754,contain,crime,544,483,consumer
15633,474,behind,really,769,732,happen
12748,304,trouble,leader,539,264,image
11079,974,purpose,civil,139,760,possible
14577,933,claim,foot,231,741,environment
17024,763,realize,couple,302,873,travel
11031,867,fish,drug,786,68,language
15457,641,pick,do,125,762,wrong
10372,592,news,to,570,7,cover
9167,955,road,size,754,394,enough
17722,133,anything,security,59,8,much
14211,36,order,assume,991,644,investment
9910,646,discuss,art,949,58,compare
11989,144,area,reflect,807,265,trip
9941,953,modern,through,155,142,risk
16646,336,student,or,744,445,election
15233,14,any,significant,744,587,base
17112,422,forget,support,87,675,room
16279,873,between,then,476,996,also
13154,713,young,thus,567,590,loss
8954,468,see,show,635,644,ok
16541,960,recent,baby,127,898,why
9177,669,toward,certainly,899,391,seek
16837,352,realize,great,357,168,their
15576,267,arrive,stuff,846,628,benefit
14199,770,white,his,836,835,north
9333,472,people,career,887,523,wall
16977,511,it,room,703,403,message
15892,170,past,conference,590,209,customer
16631,965,close,moment,374,212,line
12485,202,mention,ok,195,17,loss
16404,273,card,accept,186,55,father
17863,911,toward,start,962,116,identify
16424,721,question,stage,301,996,you
14044,420,choice,man,487,513,large
12744,438,win,represent,946,5,among
13554,254,quality,girl,749,212,us
11926,442,country,away,813,247,blood
11891,806,fear,interesting,793,347,discuss
15268,541,turn,question,97,794,sometimes
13592,848,sea,someone,106,138,term
11585,922,back,anyone,293,90,indeed
9338,864,staff,along,578,625,seem
15599,785,how,computer,308,474,produce
17352,359,herself,during,112,9,behavior
9913,732,visit,professor,919,664,approach
13487,186,general,hear,138,49,move
10246,878,simply,special,81,736,fish
16670,781,choice,occur,728,71,speech
13676,739,painting,number,903,148,list
11527,329,pull,affect,732,152,old
9498,372,explain,tax,217,471,home
10593,163,director,identify,737,900,owner
15677,712,analysis,though,169,166,behavior
12944,960,simple,tonight,823,131,here
16589,391,behavior,stage,230,895,foreign
17180,907,such,experience,663,844,between
10816,334,him,hit,986,266,key
15131,163,from,usually,41,726,cultural
14361,585,community,tough,596,372,industry
16199,334,summer,different,568,603,bar
13499,497,care,policy,239,738,summer
11973,107,consider,stock,51,639,station
12978,452,thank,amount,247,327,yes
10867,757,toward,partner,99,238,approach
17791,912,attention,remember,513,778,policy
14085,3,sell,his,649,304,adult
16712,449,direction,himself,572,956,receive
9231,235,whatever,rise,9,905,base
14661,555,standard,oil,727,935,each
14556,107,positive,nation,318,50,all
12153,659,environmental,place,830,59,bar
14419,442,drug,red,23,341,operation
13509,547,daughter,represent,197,297,national
14297,616,physical,community,629,914,garden
15548,776,once,describe,662,897,term
11424,615,left,class,227,638,reality
10464,966,present,right,227,256,same
11264,779,life,responsibility,608,544,accept
13947,13,impact,particularly,146,550,prepare
10375,717,eye,by,128,327,themselves
16601,532,support,trouble,320,922,word
15559,817,protect,change,853,564,left
17304,196,writer,plant,206,841,enough
17277,811,task,laugh,68,829,back
12435,162,inside,material,792,217,generation
11359,214,all,fear,132,986,may
16721,27,security,nice,749,970,leave
16403,981,matter,fall,84,699,speech
12501,598,later,beyond,846,535,rise
9053,92,movie,son,294,853,many
16446,123,tend,write,678,994,send
15068,250,same,how,167,654,hair
13610,645,series,way,594,796,style
11747,389,fish,among,770,422,listen
9307,552,see,whether,794,689,loss
16729,71,stock,speech,200,79,economy
17865,132,improve,pattern,279,265,plan
15859,970,not,detail,848,928,movement
13531,526,option,sell,13,782,be
12236,454,heart,meet,773,530,run
13815,871,environmental,leg,682,102,particular
12900,556,easy,raise,580,703,these
9279,828,watch,difference,922,749,all
17029,687,meet,book,855,793,plan
10743,355,else,firm,701,643,manage
9816,440,hope,pay,858,996,place
15780,553,bill,price,24,858,rise
10700,498,now,player,503,849,us
15059,773,us,population,487,922,those
15595,129,all,debate,97,890,economy
11971,324,executive,forward,319,983,well
9396,110,executive,former,457,60,tonight
14818,16,seat,difference,905,844,case
10824,83,charge,mouth,38,512,price
9313,463,field,direction,351,419,course
11944,349,itself,reveal,658,140,sort
15502,877,how,them,460,424,growth
12456,838,meeting,either,712,464,attorney
15127,830,apply,owner,569,298,type
14893,31,week,onto,799,952,father
10682,592,stay,compare,949,825,top
10158,419,road,first,552,760,him
17597,981,myself,what,717,802,sing
14247,425,whom,job,348,493,miss
13684,831,hit,owner,136,528,without
9988,525,hair,card,71,806,scientist
15570,939,teach,old,175,236,young
13125,514,charge,land,179,501,treat
11410,726,language,growth,382,81,when
16814,830,rate,during,655,592,many
16889,376,house,trade,119,238,law
14631,216,establish,reason,891,100,quite
10841,895,car,theory,464,948,scene
9706,616,management,anyone,882,926,happy
15480,316,notice,star,989,159,political
13278,317,win,under,578,10,read
15255,850,feeling,majority,264,488,success
17042,766,outside,human,170,763,head
10485,76,possible,up,794,894,bill
16329,167,alone,morning,825,574,much
14651,894,anyone,boy,116,737,structure
13022,829,adult,decade,619,703,me
9241,817,art,big,375,423,short
10636,62,thought,report,636,294,better
10002,507,clear,quality,534,228,those
11871,560,table,receive,677,361,this
12610,767,office,view,237,46,also
9272,57,nature,nothing,363,298,specific
9201,603,movie,foreign,505,619,figure
17156,33,walk,to,716,396,effect
14110,372,clearly,far,557,715,term
12890,569,produce,week,30,432,easy
15948,776,effect,second,149,812,heart
16324,837,smile,remain,734,390,rather
9405,536,be,police,987,193,quality
12616,709,war,ask,762,223,eight
10027,541,save,some,770,29,front
11835,929,painting,reveal,160,139,she
13376,415,crime,act,307,673,example
12613,848,think,they,958,21,similar
16563,915,think,grow,191,810,theory
13778,400,contain,together,890,399,activity
16494,678,serious,baby,336,180,someone
11875,432,hair,note,883,350,shake
9891,268,understand,kitchen,833,256,into
16346,249,everyone,star,882,896,budget
14814,973,group,father,557,15,mind
9853,421,continue,job,756,951,audience
13826,839,citizen,event,38,13,mention
10037,32,finally,reach,286,317,detail
12073,415,another,thank,180,685,money
10192,468,project,quite,877,451,health
13595,740,result,seek,577,370,affect
13670,412,attorney,herself,846,746,hour
9459,257,gas,add,124,938,rock
11428,932,Republican,offer,665,499,great
11381,736,stock,Democrat,332,801,century
15182,648,early,today,122,228,across
12440,534,young,parent,411,708,western
17394,122,imagine,environment,553,450,for
8981,221,beyond,indicate,856,434,nor
17972,919,eat,say,753,845,century
14849,209,go,hour,182,804,age
10595,775,feel,next,237,173,example
14187,524,do,specific,475,455,charge
10498,149,over,voice,852,884,public
16697,149,kitchen,easy,841,700,family
11807,864,story,always,58,602,institution
11293,172,close,history,211,837,dog
12705,600,material,both,588,694,class
15074,928,again,investment,39,954,tough
11678,512,sometimes,financial,724,948,support
11653,4,brother,line,2,239,effect
15031,231,speech,throw,729,922,treat
9813,436,grow,blue,719,99,music
12178,286,site,various,244,886,view
13363,719,report,executive,689,267,chair
11217,777,control,writer,140,358,exist
10248,387,shake,base,393,820,teach
10218,186,save,bank,652,460,season
9517,786,deal,learn,605,941,picture
14305,701,environment,present,444,444,with
14700,82,dream,vote,683,137,up
17746,772,house,his,294,463,onto
16035,528,significant,those,857,599,movie
12897,206,where,message,541,146,late
13476,592,change,speech,764,798,include
13500,17,firm,at,535,206,once
12647,607,hospital,continue,629,483,base
13860,593,manage,move,96,73,avoid
14893,493,her,peace,789,293,brother
10535,65,kitchen,knowledge,498,747,structure
17817,656,impact,hard,987,897,week
17448,829,leg,pick,637,942,degree
9168,385,citizen,chair,556,106,parent
15385,521,physical,tax,59,175,world
12127,698,site,make,792,718,as
12619,601,bar,must,395,365,lot
15395,599,you,yet,18,756,will
8965,593,then,skin,238,623,not
14655,169,listen,certain,314,842,edge
12306,587,clear,stock,568,506,speech
17471,117,class,you,520,131,evening
11916,113,trade,court,716,839,inside
14182,95,almost,act,559,675,may
10364,707,same,first,89,357,summer
14700,581,catch,develop,425,963,pull
16076,608,series,way,769,325,hour
10607,671,half,trouble,675,458,pull
17876,932,can,so,306,62,out
13534,991,late,seem,127,368,little
14909,139,far,they,762,754,seven
16254,850,hit,away,422,793,hold
14777,450,for,city,939,29,size
9590,116,of,last,615,837,either
11132,487,get,three,110,64,television
15044,272,understand,old,337,730,final
12177,813,describe,case,597,73,second
9297,641,return,move,843,804,east
15925,503,issue,ahead,61,288,raise
10914,157,page,mouth,359,885,hotel
16297,448,together,sea,696,441,enter
12483,182,police,brother,549,649,simple
11296,196,move,however,825,105,stop
12642,181,particularly,somebody,534,648,my
8965,30,ball,interesting,272,205,apply
13806,427,yourself,water,405,607,national
14980,246,impact,none,802,360,type
17412,837,floor,itself,277,210,story
9349,549,message,smile,385,804,magazine
10251,389,seven,around,476,61,avoid
9022,590,culture,choice,925,789,character
9072,917,land,need,38,356,son
14203,358,standard,market,357,920,production
9296,482,increase,out,777,246,book
11561,444,other,bring,875,436,gun
9787,580,senior,fight,537,799,kid
16977,725,while,everybody,178,552,sometimes
12148,986,decision,south,780,747,class
15665,745,particular,anything,640,10,civil
12418,784,turn,star,869,170,find
14177,94,reach,protect,631,293,sound
13999,203,study,allow,551,618,senior
14532,93,pull,ready,66,187,leg
11543,428,deep,far,498,335,chance
17884,633,face,until,345,849,large
17295,177,nation,around,894,329,education
15512,976,what,rich,658,308,exactly
9416,178,tend,child,409,780,strong
10837,438,born,or,537,615,small
11709,151,evidence,free,820,300,customer
10386,84,from,as,483,495,scene
9491,515,mission,stand,346,724,nation
9518,313,adult,every,598,591,official
15958,105,mean,particularly,729,466,note
12829,100,special,finally,897,44,discover
17196,638,consumer,between,353,370,conference
10369,571,south,blue,87,829,eat
11256,158,able,player,579,356,watch
11125,505,avoid,budget,776,785,study
10505,802,employee,often,232,79,else
17230,366,probably,tough,646,570,discussion
11688,881,professional,will,892,743,almost
9658,235,house,machine,838,368,pretty
14139,478,treat,both,266,374,through
15273,726,discover,herself,704,430,pick
16330,233,prove,up,407,170,picture
13058,864,quite,edge,551,929,reach
10371,412,free,shake,526,373,agree
10755,301,suddenly,over,285,267,main
11881,437,gas,brother,372,708,this
9263,989,game,can,207,626,increase
12026,292,color,Mrs,30,109,energy
11806,536,teacher,white,539,42,car
14419,584,skill,brother,324,968,year
17252,325,responsibility,door,65,731,arm
11951,402,but,however,211,305,process
15667,386,participant,inside,41,958,suggest
11528,790,catch,determine,243,460,help
11391,150,look,wish,488,448,operation
10379,138,everyone,check,294,249,season
11707,734,camera,TV,590,161,term
12125,487,raise,market,15,487,with
14970,91,message,agreement,905,217,wear
16769,517,about,listen,196,855,so
14696,890,development,industry,780,858,western
12012,813,site,campaign,93,640,law
16094,449,out,professor,325,740,whose
13041,57,camera,front,282,653,however
13248,677,address,population,481,78,your
14645,276,system,friend,695,130,think
11338,491,here,bar,82,996,turn
11543,373,blood,traditional,550,321,moment
14100,213,seek,example,668,912,north
14961,191,voice,until,804,1,any
12397,981,throw,language,920,470,whose
12843,143,everybody,region,952,161,skill
9329,442,ahead,sound,844,124,quite
17966,446,admit,bar,748,256,deal
15406,610,resource,draw,934,213,impact
12485,902,actually,among,105,53,deep
16411,670,hold,sit,608,441,result
17155,785,voice,discover,55,995,information
17875,338,campaign,computer,561,950,physical
9080,152,task,majority,187,361,movement
11044,739,space,miss,989,434,also
11374,152,find,current,53,2,color
13395,823,will,floor,424,779,court
10238,986,share,day,255,927,argue
11881,616,go,thought,767,611,read
16923,439,believe,type,599,828,open
16563,496,significant,produce,589,628,forget
11808,676,then,body,859,930,ten
8827,777,stand,develop,507,120,continue
15733,893,whatever,single,685,754,lawyer
17065,575,team,sport,191,699,high
9134,551,whom,event,825,900,return
14312,200,also,vote,312,113,military
15109,973,cause,science,322,28,money
13203,865,easy,although,359,458,store
15900,131,describe,media,947,634,himself
16339,400,capital,help,517,505,century
11316,469,world,company,517,196,participant
12229,203,would,girl,358,470,take
17838,889,doctor,rule,924,81,head
11348,3,down,compare,158,202,spend
13903,153,continue,painting,976,190,really
16964,132,learn,risk,735,198,require
10833,184,culture,where,946,628,and
12978,180,draw,girl,162,383,accept
11131,980,modern,child,956,352,support
10626,604,wait,hour,323,154,now
12242,27,item,loss,851,493,customer
17272,257,civil,game,414,480,research
12211,203,miss,perhaps,442,26,statement
8837,315,let,weight,728,473,face
16884,423,including,worker,910,23,into
13763,110,different,certainly,193,480,none
16791,643,under,window,789,280,control
15123,467,in,environment,772,380,community
14716,929,decide,light,983,317,soldier
12745,158,social,quite,730,334,leader
10986,105,magazine,wide,67,876,position
9747,614,compare,key,221,753,hair
17449,507,food,for,306,226,prepare
13289,666,manage,clearly,336,548,scene
16189,687,paper,health,296,468,visit
13532,461,short,cultural,843,31,tough
10822,474,society,should,369,192,score
12098,281,office,order,733,86,million
10144,385,ahead,try,172,922,might
13130,862,watch,travel,270,331,foot
9925,244,out,explain,959,406,open
17263,843,scene,available,793,660,public
12849,94,eye,practice,415,518,true
12223,615,age,us,109,540,concern
16584,24,single,walk,484,990,play
8920,52,spend,dark,653,519,group
16819,46,mean,reveal,137,769,accept
13710,14,help,already,264,234,hundred
17699,411,across,clearly,115,235,western
10153,183,possible,clear,359,594,in
9226,571,establish,institution,427,537,green
15974,502,goal,deal,235,833,play
12784,711,local,bring,809,152,position
16164,849,leg,detail,347,576,movie
16501,493,natural,them,278,863,whom
16392,310,build,long,283,292,enter
15214,785,later,find,378,524,father
16201,24,interest,tree,809,626,not
13426,916,this,enough,876,655,a
10757,36,four,cultural,318,420,floor
17383,3,training,require,415,254,hotel
9906,708,system,trouble,245,303,from
15100,42,today,once,533,757,term
11108,752,bar,ahead,328,342,policy
12265,489,policy,avoid,475,965,fill
11189,571,development,room,673,763,unit
11626,144,member,in,816,144,huge
11298,521,employee,son,674,731,life
15588,501,place,be,942,977,live
17689,817,sell,power,944,184,walk
10900,174,edge,decision,566,269,special
17328,436,growth,phone,262,451,policy
15048,368,family,role,47,469,her
11610,664,success,daughter,521,93,really
15456,785,occur,bit,46,224,military
12138,840,game,college,973,119,draw
11043,107,television,politics,601,122,this
11812,25,difficult,street,24,121,traditional
13780,344,be,similar,614,86,he
17072,447,affect,create,118,954,floor
11392,794,act,source,51,719,not
9475,692,strategy,name,141,249,little
9177,885,production,son,115,754,under
11875,102,nothing,dinner,928,585,smile
13604,567,value,eye,822,204,hotel
15830,380,west,director,607,570,challenge
13983,54,analysis,whose,859,160,interesting
16917,311,current,well,356,626,into
9613,505,factor,each,451,747,dream
10004,364,final,consumer,295,731,final
15424,484,expert,until,670,628,after
11024,992,thing,nation,721,157,since
11914,899,design,apply,604,780,could
14981,799,strong,meet,51,838,for
15557,1000,matter,firm,621,243,in
16171,137,nor,job,319,862,main
15010,802,finish,political,39,412,adult
17453,49,beyond,music,626,756,where
16166,309,behind,continue,196,18,anyone
11120,480,subject,listen,995,625,air
16848,684,teacher,affect,802,602,deep
13106,810,school,school,787,825,fear
16526,463,war,bill,210,743,treat
10824,28,community,both,163,720,be
12325,187,leave,top,725,884,thought
13811,791,force,moment,538,179,everyone
11684,616,however,gas,767,197,travel
17017,24,carry,toward,168,96,television
9237,729,tree,sister,281,844,ball
12316,143,way,rate,808,234,design
10964,840,technology,move,28,469,people
14719,809,gun,south,940,947,body
10111,269,reality,money,165,56,above
13616,470,management,ever,674,47,scientist
15800,908,sport,focus,270,273,back
9781,923,office,far,380,417,country
11963,208,way,simple,154,48,past
14824,331,family,traditional,391,323,cold
17715,281,small,direction,52,408,score
11072,579,into,research,545,374,admit
9136,448,possible,natural,207,541,let
14468,479,risk,property,906,518,nothing
11069,576,heavy,either,916,719,agree
16482,657,detail,accept,594,531,Mrs
14381,138,drug,gas,855,562,direction
8926,306,later,reveal,545,245,religious
16619,777,ok,gas,70,332,response
11186,52,citizen,most,64,363,fish
10324,628,arrive,left,624,245,apply
12778,579,pass,say,611,714,standard
12104,142,go,expert,567,588,than
17199,971,fast,especially,280,252,protect
16989,976,face,everybody,706,109,shoulder
14925,683,school,mind,974,217,nor
13496,533,language,Democrat,330,294,offer
11838,613,camera,large,296,402,degree
11838,313,likely,main,873,600,true
11710,475,dream,market,618,642,here
11204,820,hour,throw,617,650,born
11268,902,artist,night,917,25,industry
17703,668,lead,paper,739,444,per
14497,777,current,party,958,216,charge
13822,147,mother,require,877,924,finish
16369,212,from,amount,219,980,author
16741,901,control,house,950,775,long
13565,283,machine,rock,632,704,no
17596,793,bank,increase,123,179,game
14737,791,rate,month,174,910,whether
9091,397,move,fly,866,474,special
12092,553,play,two,713,973,would
9635,976,may,same,94,151,easy
17725,123,idea,major,988,555,time
16100,131,idea,maintain,12,865,during
13010,906,usually,next,42,364,issue
16460,566,two,close,684,58,many
14295,438,plan,less,666,346,lay
14353,182,enough,reason,163,646,well
9328,58,case,arm,419,282,whatever
11586,501,try,from,705,667,Democrat
14009,161,model,represent,455,811,reflect
10240,93,describe,live,10,240,cultural
17287,986,apply,front,183,672,Democrat
11635,529,where,view,157,126,live
11610,531,morning,any,546,461,draw
10986,375,great,summer,573,58,tough
11156,27,low,research,113,69,though
11363,163,study,way,540,838,look
10522,866,time,social,532,626,present
11509,881,not,pass,80,696,this
14085,237,owner,least,873,811,in
12634,731,full,ability,227,114,voice
15553,84,data,reach,287,127,front
15719,503,threat,particular,783,714,south
13500,316,tough,artist,996,198,prove
14440,183,social,left,820,475,design
9276,542,training,production,801,945,left
15004,682,loss,enjoy,371,959,return
15024,105,near,through,665,5,particularly
13855,166,claim,traditional,878,911,day
11108,236,bad,television,472,761,successful
9825,333,claim,position,966,749,describe
11957,247,crime,sense,580,996,increase
15063,928,tend,father,83,190,close
14756,332,magazine,pull,84,236,one
9758,885,similar,art,548,139,federal
10519,302,return,carry,715,672,record
11085,612,entire,role,634,930,nothing
9573,95,down,business,685,174,find
13753,768,today,investment,211,336,situation
9279,747,remember,population,627,457,expect
8991,898,total,sound,858,232,similar
16407,327,collection,affect,128,873,major
10105,1,himself,hot,112,720,audience
17227,639,fill,food,20,200,news
15741,588,throw,then,384,651,energy
17409,885,once,ready,660,630,source
16218,639,difficult,trouble,600,117,idea
11526,222,need,million,573,939,from
17040,266,size,certain,150,737,compare
16255,123,reach,southern,625,975,note
16665,745,likely,garden,995,501,imagine
11724,554,practice,east,697,556,best
11712,927,activity,hard,30,171,response
15045,277,painting,scientist,723,189,partner
14528,925,size,tell,310,47,mind
9188,191,join,build,20,810,guy
16466,813,away,business,390,131,page
15898,39,research,despite,430,754,left
14475,251,east,sell,674,188,doctor
12386,219,performance,clearly,729,149,treatment
10632,207,a,under,868,742,bank
17784,996,himself,process,995,396,wait
10327,845,despite,marriage,111,51,enter
11098,212,mind,floor,151,817,live
10239,417,nice,executive,579,752,oil
15150,989,ground,expert,59,281,write
16388,952,happy,necessary,772,506,particular
9122,212,tonight,course,221,87,she
12531,973,poor,wonder,996,458,where
13391,886,majority,important,349,652,choice
10321,139,sit,few,713,491,success
14050,425,contain,energy,481,415,couple
17531,9,raise,particular,597,107,purpose
10592,14,available,different,405,745,build
17821,490,lawyer,paper,605,341,maybe
16766,177,help,space,419,110,agree
11668,377,play,large,417,128,sound
11596,446,social,TV,894,815,tree
13816,832,happy,never,551,502,beautiful
14598,746,remember,have,68,789,since
17021,780,decade,seven,292,185,their
11943,676,part,thought,815,583,enough
11640,289,imagine,skill,592,936,line
12399,80,always,investment,540,380,network
10772,961,his,sister,979,345,allow
8893,672,score,the,174,467,fast
13190,939,role,right,287,648,west
9119,285,some,style,603,717,class
13294,238,think,body,266,928,appear
12818,378,hold,quite,744,785,response
14455,435,computer,report,970,150,direction
12583,627,design,Congress,662,689,leave
11277,376,court,base,526,663,else
15729,254,expect,of,616,901,office
12168,621,how,need,457,711,director
9037,334,interesting,meet,790,199,enter
9189,287,week,here,335,857,situation
12141,661,series,agreement,157,257,would
16475,300,as,send,568,93,create
12926,243,say,entire,957,895,late
14309,623,true,feel,172,693,clearly
11310,212,early,Republican,822,119,interesting
12645,119,beat,reach,167,931,blood
17321,768,defense,training,241,134,office
15893,378,offer,require,502,561,book
12831,286,same,year,853,583,check
14853,886,street,bit,604,349,where
16209,928,bag,performance,688,668,American
17556,981,main,imagine,148,232,film
13002,472,real,and,187,412,your
13802,618,husband,community,58,989,half
14134,499,responsibility,public,749,832,suggest
14124,822,seven,a,549,53,foreign
16510,602,industry,military,276,270,for
17406,344,join,its,640,154,continue
11998,292,garden,read,509,734,public
17083,473,fly,goal,573,205,himself
13123,119,owner,national,850,799,century
14976,415,little,before,456,879,mention
12810,850,both,social,593,843,cold
10922,505,market,foot,886,101,three
15847,809,sell,discussion,526,319,parent
9942,437,section,set,147,749,purpose
9383,108,happy,memory,564,734,fact
10918,534,general,test,230,608,professional
14804,805,yourself,practice,367,489,bed
13025,241,go,ever,44,949,support
10610,837,serve,break,744,843,across
16293,763,debate,few,79,735,five
17564,130,experience,size,112,919,herself
13620,384,series,adult,646,632,rule
16669,263,election,other,179,451,owner
9963,691,just,civil,651,887,model
12845,533,serve,none,521,216,clearly
17174,463,mind,watch,10,933,political
10377,633,pay,so,555,506,argue
13915,823,character,trouble,602,149,exist
16629,842,section,education,292,293,this
11984,823,floor,young,327,446,talk
9482,738,deal,over,69,589,rich
13909,146,interesting,despite,443,673,dinner
14478,261,under,this,524,148,each
14352,108,vote,report,636,788,fund
11063,102,join,natural,435,902,wide
14880,140,reality,buy,807,808,happen
14516,28,my,hand,344,580,student
9698,637,current,check,873,694,maybe
8852,538,food,manage,334,507,street
17891,176,yes,our,918,46,once
9151,750,something,it,160,697,season
12694,734,contain,security,653,84,point
16093,892,get,federal,455,504,watch
9028,979,every,church,682,762,its
16203,143,lawyer,role,461,610,check
10061,720,strategy,team,640,306,reduce
13622,525,Republican,development,980,789,year
11024,18,almost,provide,762,84,bit
17872,926,near,budget,531,304,police
12487,354,respond,evidence,800,733,reveal
12582,19,health,plan,380,449,direction
11113,516,event,teacher,298,211,time
15866,66,yourself,eat,791,63,who
17352,401,skin,game,66,959,hot
12547,216,view,measure,708,579,important
13048,12,discuss,area,993,686,final
15550,50,everything,significant,436,956,view
14810,495,material,team,282,241,season
8871,118,responsibility,away,549,456,exactly
9797,142,laugh,which,863,782,bar
9939,89,bar,record,327,159,research
11869,286,what,cell,242,490,really
14223,970,cold,last,871,109,give
17070,729,happen,individual,770,626,threat
9793,674,concern,strong,570,982,station
17388,286,method,manage,257,578,price
11587,310,generation,amount,182,73,voice
10586,90,institution,agreement,524,559,while
14051,161,office,after,913,874,like
12319,626,community,director,581,971,space
13713,55,four,war,424,752,war
12621,668,father,indicate,252,252,far
15260,58,half,statement,46,850,skill
17682,273,join,identify,19,948,another
17557,287,them,north,26,115,main
16521,350,capital,court,265,27,people
16549,55,western,officer,158,121,agree
9791,464,do,skill,616,446,forward
15085,22,water,policy,478,112,history
11339,76,unit,already,394,313,coach
10419,602,democratic,imagine,389,699,which
15334,776,arrive,task,800,291,in
14313,354,significant,relate,148,219,even
12515,273,per,key,127,313,no
10494,52,provide,enjoy,32,908,read
17269,910,new,watch,876,689,high
15078,100,style,natural,385,514,first
9468,629,service,for,483,341,second
14084,732,bring,beyond,73,650,sport
17467,989,condition,institution,132,75,sure
15368,871,contain,see,72,217,continue
10646,900,simply,someone,381,533,news
15455,854,music,prevent,610,10,stay
9820,956,most,rise,292,990,development
14889,535,store,support,55,340,serve
11223,968,not,industry,542,687,speak
10636,202,whom,but,270,573,thought
12184,108,nature,enjoy,183,814,opportunity
14766,823,letter,close,580,178,recognize
11519,356,report,long,78,199,huge
17405,44,of,drug,309,236,wrong
8891,20,full,talk,395,168,all
16859,235,represent,between,770,52,wonder
13325,693,crime,single,572,486,so
13596,554,another,himself,474,763,wall
11056,437,close,collection,484,975,appear
9631,101,organization,computer,390,248,conference
11927,388,draw,final,438,432,such
10148,906,issue,experience,610,770,wind
15453,420,scene,project,637,573,up
14407,75,by,site,308,565,similar
14363,890,media,foot,610,672,left
17025,227,he,list,10,468,view
11768,629,behavior,appear,851,10,threat
14737,837,benefit,increase,375,435,although
9913,127,strategy,present,775,575,sit
15116,650,instead,member,603,531,either
12493,377,various,lead,955,81,market
15599,457,above,green,192,819,prepare
15701,460,send,reveal,927,646,onto
17796,867,civil,behind,537,903,body
13454,413,leg,five,437,701,partner
14493,452,rest,education,261,738,evening
9604,773,local,technology,18,310,time
12101,628,friend,draw,248,354,force
10634,140,its,fine,10,789,hand
10443,610,bar,shoulder,326,669,suddenly
14724,982,exist,against,75,531,standard
11897,631,difficult,between,653,613,year
11664,847,take,office,724,466,worry
11531,892,anyone,book,428,1,later
12740,48,stage,current,980,641,pay
12821,683,measure,accept,224,921,management
10121,678,number,question,476,10,just
12438,505,rich,defense,936,847,general
17678,54,student,capital,384,711,several
11331,762,nothing,could,424,608,really
13581,804,region,successful,157,454,perhaps
13147,120,follow,sea,548,185,best
14906,104,concern,mind,805,429,set
8827,680,position,discuss,563,263,cultural
12815,446,memory,involve,332,786,manage
14069,874,base,third,164,260,material
11130,68,condition,someone,860,645,arrive
17661,662,these,us,5,992,everybody
15084,639,tree,something,269,366,apply
9836,558,development,science,908,857,indeed
13197,246,generation,bill,922,795,wind
15690,299,reason,even,657,483,believe
16530,930,fear,growth,755,650,scene
15086,883,watch,decision,896,304,side
17899,763,return,rule,910,124,truth
11030,192,door,plan,713,841,get
11063,26,local,range,302,919,draw
9139,952,girl,fine,785,394,still
11660,481,away,fill,65,725,performance
11912,728,tax,door,920,194,project
17020,498,Republican,site,637,547,ask
15953,979,bar,indicate,882,252,price
12386,177,today,upon,921,315,wife
16368,727,so,if,17,824,tend
11576,615,suggest,service,604,838,current
10118,903,law,build,796,383,stuff
12621,47,someone,within,914,606,technology
8993,92,executive,meet,250,500,eight
12428,870,home,officer,878,196,ago
15964,321,eight,state,779,504,prove
14471,312,player,hard,706,396,economic
13429,79,future,some,438,304,upon
15540,892,lawyer,record,90,894,major
17881,464,think,former,995,402,front
12648,639,everybody,environment,408,714,expert
16148,314,election,skill,348,785,worker
10587,987,summer,body,185,537,age
11551,131,name,share,910,223,direction
15174,39,produce,who,365,620,land
13406,633,side,time,271,313,contain
14243,526,describe,parent,274,201,popular
15692,421,itself,protect,149,640,resource
14078,816,next,here,807,408,range
11770,668,wait,mother,206,200,participant
10694,933,wife,improve,531,134,American
11479,615,night,poor,969,846,teacher
14200,405,relate,charge,321,717,fact
10441,706,more,throw,380,271,quality
16496,296,visit,necessary,84,326,wish
14797,453,factor,growth,45,199,individual
15566,106,entire,notice,50,194,few
13983,359,tell,history,503,916,listen
16247,358,evidence,plant,194,498,remain
15557,775,responsibility,know,120,465,miss
10743,401,out,now,833,815,price
9701,718,single,happy,512,645,political
11282,696,officer,bank,792,602,their
13397,59,role,defense,195,685,table
11322,758,show,west,971,276,can
16191,300,federal,evening,924,666,key
15394,76,stay,employee,33,852,everybody
17569,112,quickly,point,436,780,big
14210,403,outside,feel,894,358,since
12691,3,remember,young,644,26,young
9935,650,respond,deal,478,283,say
10056,800,color,where,358,217,alone
13426,475,any,often,869,297,me
9039,695,every,side,759,364,too
10857,6,focus,production,9,915,ten
14141,274,act,main,40,724,fast
16170,306,ok,officer,192,80,vote
16738,697,especially,among,860,401,of
13258,781,cup,reduce,617,980,yes
13892,978,exactly,about,139,316,base
15337,764,eye,explain,212,514,matter
11164,372,minute,spend,972,791,plan
14337,366,long,live,892,642,common
11301,538,college,without,883,535,member
12256,943,safe,first,733,59,meet
12942,389,movie,benefit,673,823,thus
10201,476,show,book,908,643,control
12146,384,leave,food,35,593,one
12137,84,eight,feel,169,5,how
15194,758,today,attorney,511,820,reach
11039,698,trouble,paper,562,202,you
16001,600,address,individual,460,342,recognize
13537,546,performance,happen,351,563,little
15451,410,east,mean,764,649,watch
16892,503,those,executive,999,663,like
17280,212,radio,be,460,887,deal
14188,639,care,ball,29,667,rise
9871,176,official,school,946,46,per
16586,628,draw,structure,574,994,who
10506,221,old,local,642,348,score
13061,532,civil,memory,680,985,score
17231,780,wind,foreign,379,609,outside
17664,965,almost,special,225,399,send
17734,723,choice,else,628,462,conference
16309,534,benefit,art,50,328,majority
9060,751,strong,almost,437,291,avoid
13450,309,sit,light,376,440,easy
17793,670,community,pay,75,336,television
10977,352,strong,everybody,491,671,child
15421,715,travel,green,443,624,those
16954,505,condition,high,919,921,support
17146,955,social,heart,832,478,health
15955,916,director,during,900,153,act
16916,129,agent,stay,937,448,interview
12217,635,table,dog,961,643,article
10714,810,room,strategy,678,707,drive
11206,810,enough,spend,166,470,pretty
12154,544,high,short,579,778,their
17002,336,officer,magazine,229,691,opportunity
15096,179,similar,good,538,659,each
13259,813,letter,many,906,578,teacher
12497,799,art,all,669,342,discuss
9076,935,effect,company,319,157,road
15514,484,arrive,discuss,747,841,American
13386,582,environmental,trouble,972,144,my
11148,964,through,peace,361,641,cold
13169,347,join,should,742,730,appear
10884,132,set,suffer,886,327,direction
13548,185,artist,few,625,698,read
12128,276,fish,add,609,853,phone
9060,287,matter,put,900,178,color
13532,498,choose,we,864,782,test
15944,640,movement,offer,762,257,finish
15990,788,part,south,786,969,officer
12415,393,spend,million,728,913,ask
13635,982,light,radio,781,881,difference
16730,713,read,room,111,488,bring
13211,968,else,yet,651,786,owner
12643,750,bag,this,219,482,always
8905,188,north,smile,636,208,space
13285,471,no,tonight,132,630,save
10887,464,serious,health,324,563,poor
17634,762,maybe,service,174,700,recently
15620,99,without,begin,403,85,suggest
9434,826,want,miss,485,807,here
9790,281,doctor,father,759,883,really
14718,625,perhaps,when,977,804,dinner
17631,320,energy,worry,163,934,perform
9412,53,education,difference,359,597,task
16103,731,middle,sense,659,177,field
15130,653,attack,real,452,593,professional
10826,784,also,above,490,6,industry
10966,1,image,college,528,928,room
12047,632,know,herself,470,591,another
16232,270,hard,every,307,804,discuss
13678,144,safe,your,266,877,Mr
15782,403,song,consider,732,549,participant
11553,954,about,of,982,950,door
14235,690,cause,dark,583,360,alone
9167,590,age,student,630,742,note
13138,590,cultural,smile,580,156,window
16852,50,note,arrive,584,359,natural
16472,181,may,social,514,884,town
16858,703,wide,among,273,592,official
10904,312,structure,PM,861,502,black
14447,720,step,save,9,487,great
9791,997,say,this,314,241,different
11238,458,great,deep,951,810,life
11203,820,mention,once,499,182,perhaps
9755,481,themselves,social,23,258,coach
17571,112,hear,require,187,608,true
16497,150,not,company,510,809,continue
14495,753,almost,fact,370,946,meet
15838,827,science,report,308,900,enter
12824,984,professor,fly,187,333,paper
12895,339,employee,condition,185,347,rock
11298,65,among,type,92,60,say
12785,706,its,size,201,968,mission
14814,976,forget,account,148,831,rich
13864,824,establish,their,527,928,floor
13833,183,later,remain,896,659,pick
11933,274,lawyer,consumer,378,170,read
12596,172,particular,eat,250,690,oil
14447,932,southern,capital,237,622,summer
9009,888,low,return,801,79,manage
16732,922,high,week,460,642,despite
15718,548,dream,red,299,231,may
15949,973,whom,effect,630,386,somebody
9142,692,poor,movie,214,276,price
17593,705,reason,recent,699,255,design
9221,206,state,agency,342,557,where
13017,806,see,large,806,677,yard
14668,728,learn,without,131,8,tend
17909,822,perhaps,there,359,841,human
16564,318,never,tree,658,214,girl
17206,542,around,heart,269,751,effect
9748,921,war,though,886,486,daughter
11906,450,bar,range,382,258,support
13626,768,election,film,530,929,onto
13594,208,hear,draw,316,817,still
12488,384,much,result,501,220,possible
16484,724,simple,yourself,646,474,central
15631,67,write,he,409,782,kind
12967,752,letter,mention,908,83,answer
13521,260,line,note,227,711,best
10396,749,live,should,758,866,both
15309,241,opportunity,seem,532,488,administration
9002,131,idea,week,586,513,kitchen
15154,774,general,what,767,447,old
11530,309,purpose,during,430,522,eight
16664,315,people,plan,810,932,structure
16923,213,Mrs,message,267,503,brother
14704,242,training,spend,824,983,before
10182,775,increase,special,103,752,protect
9150,986,art,safe,26,540,guess
15556,545,road,television,839,513,audience
14309,843,nature,expert,232,792,perform
10730,625,charge,just,620,216,next
17671,802,run,recognize,374,907,rate
14053,143,poor,less,35,306,we
14720,628,not,fear,76,615,call
9314,829,character,world,481,754,laugh
17539,312,take,television,221,44,type
14312,374,prevent,who,167,46,much
10265,945,material,success,304,466,month
16885,765,war,help,469,95,garden
16836,414,he,teacher,870,157,none
17304,476,start,same,782,179,entire
11316,449,wish,through,770,676,rock
12641,198,its,away,414,126,pay
17610,874,production,require,348,858,want
13039,538,friend,seem,636,341,inside
12227,893,herself,seven,702,907,seat
10523,637,leader,our,472,812,something
10338,473,same,develop,596,10,any
16284,162,team,law,976,455,cut
17558,760,likely,off,991,365,help
13950,654,marriage,send,981,330,of
13195,253,section,career,193,429,eat
11792,662,owner,attention,706,999,inside
15818,453,happy,develop,610,1000,draw
13888,158,even,may,8,679,case
16927,817,how,mind,328,210,against
13246,927,article,doctor,203,308,staff
11015,128,ten,exist,336,772,miss
13499,242,include,enter,27,436,section
16122,161,Congress,agreement,312,391,mother
13791,408,sport,million,174,385,win
13237,968,hard,several,589,302,need
12591,617,ten,suddenly,868,368,peace
17695,457,special,might,769,694,seven
9947,473,north,somebody,291,961,material
15906,151,member,visit,929,718,total
10307,681,performance,participant,178,457,brother
14263,608,teach,work,779,904,research
10212,235,between,painting,101,75,physical
17810,66,first,office,48,733,arm
14271,905,claim,may,852,305,whole
11140,109,wide,tree,863,696,leader
14767,789,let,daughter,382,317,treatment
14905,838,daughter,ago,678,711,be
15891,81,budget,play,404,221,return
12027,580,station,themselves,517,655,whole
15300,579,executive,growth,455,749,particularly
10428,177,sell,knowledge,492,682,the
9321,637,part,kid,505,330,five
13225,443,above,issue,159,258,set
15287,899,child,space,260,351,population
12043,536,seek,away,909,840,home
15972,456,happy,trial,773,712,teach
14854,221,despite,position,859,571,woman
14078,309,something,middle,453,717,paper
14622,173,more,wife,909,320,mission
14064,332,away,population,949,217,institution
11747,233,main,prepare,863,194,success
13915,932,themselves,on,555,963,team
15142,186,how,education,943,59,it
16952,497,economy,two,745,377,no
14387,202,draw,measure,404,799,man
12943,200,person,research,367,272,make
9874,1000,buy,author,6,99,trade
9251,151,well,second,467,328,simply
17784,155,miss,pay,592,456,western
17073,869,capital,time,606,210,dinner
17391,489,outside,describe,98,460,involve
13296,603,often,already,808,356,must
12765,118,away,opportunity,310,100,happen
16796,157,major,sing,68,638,large
11853,169,power,law,681,686,lose
11137,227,left,appear,826,699,special
10116,627,say,with,262,282,floor
15965,282,across,do,454,757,as
12752,175,world,animal,493,984,capital
16296,579,of,including,514,568,ten
17869,793,tough,guy,968,746,single
10480,618,sort,hard,325,621,feel
15524,696,every,member,706,744,according
11524,444,change,around,214,289,here
16493,894,style,movie,341,746,lay
17273,307,body,along,715,307,present
15823,615,player,relationship,815,952,center
9238,839,alone,sort,721,795,morning
13448,102,support,drug,309,591,leave
11164,775,beyond,green,130,518,include
14540,878,many,machine,343,576,minute
15545,91,skin,conference,868,534,fear
16104,592,language,behind,254,311,carry
16621,115,woman,white,202,847,property
8990,361,him,president,782,116,kid
11175,915,road,beautiful,750,133,himself
12891,846,south,artist,23,687,western
15664,474,own,Mrs,619,470,wear
8849,42,surface,town,522,67,wrong
15265,795,body,others,93,255,sound
13096,674,go,contain,763,385,water
12682,199,method,close,617,901,spend
10375,108,statement,must,110,417,you
12774,464,pressure,simple,959,191,guy
12675,383,body,full,562,772,represent
12052,676,foot,before,481,859,less
11020,274,in,leader,147,520,message
14844,109,consumer,full,549,735,serious
11298,801,million,trade,627,64,finally
9910,497,identify,drop,514,979,change
9077,114,citizen,place,426,893,see
9496,764,find,writer,748,136,operation
16191,475,up,PM,515,100,expect
16883,312,control,if,885,128,data
10019,158,themselves,defense,615,44,major
17498,204,image,local,490,812,discuss
16530,991,cell,hard,51,993,perhaps
15721,621,manage,lead,733,9,personal
12390,984,join,rock,384,777,help
16071,564,herself,management,267,27,rise
10077,442,language,lead,265,170,risk
12676,872,executive,claim,163,957,behavior
14112,470,teach,fish,298,580,often
17668,372,price,political,493,732,social
9468,27,story,situation,103,74,now
16717,797,generation,structure,84,600,could
8846,452,now,material,162,343,special
13914,53,close,receive,755,818,if
11039,732,make,sell,154,252,maintain
13268,948,low,not,243,466,parent
15787,333,wall,food,683,861,various
11329,733,church,development,236,902,speech
13454,879,area,great,704,715,chair
14825,479,both,whether,404,625,picture
14412,776,assume,population,274,214,enjoy
17651,210,smile,structure,870,434,security
10068,632,ready,any,435,52,news
15923,673,front,career,105,557,mission
16837,162,of,friend,909,5,back
9522,7,purpose,top,942,768,list
11824,805,large,side,392,510,key
11246,667,increase,whose,283,595,computer
17158,535,statement,expert,294,622,walk
14791,871,drive,born,498,786,table
9483,544,ground,moment,397,765,administration
12523,978,audience,bit,977,688,detail
14608,852,generation,star,127,371,alone
16663,572,despite,hour,603,580,religious
8971,134,gun,his,561,230,side
15906,503,sometimes,discussion,203,714,as
15444,80,effect,safe,664,505,would
17324,58,test,indicate,502,29,specific
17357,803,exactly,financial,697,558,either
10911,757,store,always,641,515,town
16900,985,six,yourself,632,188,yet
15499,382,could,both,385,379,provide
12430,648,night,site,310,205,idea
13867,610,focus,gas,701,357,read
13795,838,long,usually,682,239,seek
15612,367,run,cup,158,480,guy
9695,811,while,friend,869,697,through
14988,396,Mr,week,663,591,girl
16380,373,home,brother,102,926,American
17813,834,until,friend,1000,98,real
16504,935,whose,common,892,787,trial
15140,128,use,fear,292,519,public
12967,133,arrive,according,661,329,skin
14346,229,politics,audience,942,698,join
16367,801,nature,natural,479,566,visit
10472,797,order,difficult,1,626,generation
10081,35,inside,reason,701,458,practice
13228,146,eight,east,51,166,throw
16869,762,water,the,26,659,TV
11878,413,standard,popular,832,894,special
10875,693,agreement,range,735,979,traditional
10492,849,mission,develop,197,615,deep
12044,140,lose,sure,610,410,carry
17961,598,test,well,604,336,quite
9178,669,material,stuff,278,769,government
13460,774,keep,sign,669,691,soldier
13572,179,wife,lot,702,919,later
12096,16,doctor,discussion,6,633,movie
16615,761,gas,participant,675,707,common
15514,908,director,author,671,56,almost
12067,40,prove,less,862,152,loss
14664,997,instead,really,423,610,born
9279,896,protect,central,330,427,case
15207,915,example,those,225,801,action
16894,702,peace,attorney,901,395,television
12511,826,painting,describe,299,498,foot
14718,556,foreign,student,348,444,upon
10312,836,face,oil,633,286,hot
15533,427,yourself,Republican,559,524,camera
13620,117,put,certain,747,797,office
10932,553,community,worry,188,743,apply
13714,874,these,whole,224,503,herself
11458,787,measure,cut,306,211,west
17294,949,report,wish,184,999,view
17614,640,give,central,75,468,we
15270,925,issue,sound,684,705,or
11820,898,test,white,499,463,between
12063,971,strategy,Congress,100,704,wrong
16303,492,civil,inside,134,164,too
10764,676,drop,claim,338,881,television
12127,499,include,across,46,975,worry
10898,429,start,design,245,853,recently
15445,572,case,young,263,788,series
13859,206,really,run,885,690,loss
17068,517,wall,down,307,725,evidence
14586,28,skin,less,953,89,include
14838,992,fund,cell,522,798,us
17378,445,everybody,garden,584,510,business
9584,595,discussion,thank,645,315,gun
9980,512,serious,agreement,696,85,small
10096,75,level,fine,727,574,receive
16080,498,more,knowledge,895,404,local
8915,530,little,she,200,7,we
14679,597,agree,per,88,61,although
15082,530,center,street,463,249,evidence
10825,2,star,along,715,277,trip
13676,324,rise,property,560,597,forward
17633,205,would,memory,870,61,break
12345,514,direction,professional,48,555,perhaps
12429,42,report,whether,313,450,sign
11970,176,religious,guy,474,417,leader
14724,919,design,likely,268,792,firm
14131,478,left,show,708,339,floor
17682,826,yard,activity,910,211,determine
17051,402,garden,large,248,394,him
14179,116,end,third,418,973,kitchen
9894,872,sometimes,husband,884,230,sing
11368,195,always,by,119,567,TV
9468,650,owner,price,970,428,pressure
16555,840,move,cup,125,634,believe
13612,240,sport,reduce,105,388,family
17870,221,vote,research,553,471,behavior
14551,254,again,book,218,195,top
12660,345,surface,suffer,611,249,simply
9386,961,kitchen,property,307,402,growth
12584,94,break,student,148,53,fill
12692,837,short,quality,746,375,say
12659,130,win,who,403,201,be
13925,814,tend,he,827,161,man
14944,995,indicate,idea,284,855,protect
17051,252,agent,management,968,878,strategy
13969,458,lose,course,304,4,important
9826,64,leader,feeling,543,110,for
17190,343,drive,wife,785,829,should
14853,524,show,worker,668,619,strategy
14420,63,Congress,author,699,94,bag
16384,82,card,movement,779,547,we
13482,827,respond,agreement,452,203,alone
14400,896,exactly,race,601,724,agreement
14073,185,behind,wife,212,896,child
15601,510,expect,oil,634,866,visit
13987,717,not,Congress,637,856,matter
14164,251,great,risk,782,993,professor
9362,967,executive,clear,301,701,that
9300,573,address,speak,124,721,carry
14836,795,treatment,certain,509,330,girl
10003,340,view,offer,2,807,will
13192,118,under,send,452,998,move
13993,618,the,great,878,890,hear
16022,4,positive,next,796,416,total
15963,109,knowledge,senior,16,892,girl
11652,439,fund,somebody,121,447,away
16552,167,write,nation,858,582,animal
17867,808,lay,hot,733,409,build
9198,367,summer,similar,604,848,eight
16875,386,black,international,755,970,college
11584,733,success,kid,511,205,produce
17133,252,health,build,564,727,race
17926,199,your,walk,589,352,life
17426,470,eat,woman,257,769,think
9014,742,read,current,288,100,enough
16216,20,set,measure,142,549,report
13626,351,line,pretty,570,544,before
9174,847,have,yard,31,501,thing
15773,237,edge,care,698,706,thousand
10159,663,senior,long,848,369,front
11778,103,section,think,381,723,direction
9696,581,manager,nearly,5,559,specific
13213,817,loss,goal,233,670,south
9355,438,entire,society,58,457,call
11897,607,amount,piece,807,657,address
14107,93,training,drop,45,188,person
12367,711,even,from,910,217,three
17791,764,place,change,988,324,someone
12547,297,than,forget,979,109,mission
12741,557,reality,bar,814,358,would
12298,81,hit,your,427,663,system
14355,202,there,around,700,362,back
9335,351,out,free,743,591,court
9936,461,buy,fish,556,985,machine
11787,964,office,treatment,33,621,customer
11566,769,pass,significant,85,60,chance
15929,23,now,treatment,884,613,life
12408,83,senior,network,628,868,turn
11082,947,measure,seven,243,50,raise
9211,741,their,think,297,215,food
15979,541,action,whatever,635,412,tend
14579,29,spring,my,487,746,trade
10223,170,pay,security,414,654,them
16442,602,office,especially,543,9,television
14483,488,case,doctor,697,680,candidate
13669,313,word,contain,844,393,mouth
15110,749,front,civil,911,650,each
11739,307,serious,beat,636,390,security
17256,694,better,cost,933,269,despite
13479,359,officer,family,821,675,stay
14047,319,television,this,748,799,realize
9814,714,TV,wind,811,830,democratic
15898,740,plant,foot,596,396,most
10026,185,goal,window,965,912,state
17239,515,full,economic,691,595,American
11836,96,well,material,845,399,two
16407,615,dog,wonder,549,909,force
11549,237,son,fall,756,315,could
17671,556,plan,Congress,828,634,environment
17522,437,condition,design,611,93,resource
10356,451,own,fill,755,843,cost
12492,250,but,pressure,854,354,magazine
11938,52,safe,face,494,307,fly
16215,356,live,president,143,409,boy
13874,168,memory,happen,58,629,season
17387,189,final,wrong,897,580,trip
17824,161,wrong,necessary,738,102,artist
14511,713,authority,organization,175,858,soon
11037,38,few,kind,937,450,increase
13635,334,mind,sea,821,701,bad
11390,728,hand,talk,534,779,investment
13747,592,against,school,823,571,goal
14532,970,garden,take,708,986,behavior
15817,260,plant,magazine,122,660,television
9634,283,life,tonight,73,440,positive
9897,623,mention,traditional,97,253,book
13966,90,building,cold,776,738,red
11202,986,power,network,738,935,order
9154,613,always,after,640,36,never
16773,199,sure,dream,56,165,pay
11349,91,chance,realize,183,733,many
9224,931,use,become,200,235,clearly
12141,292,conference,relate,146,80,article
8829,298,beyond,staff,739,378,outside
14889,963,recognize,center,450,841,song
17700,864,international,beat,324,190,perhaps
15409,463,million,rather,128,756,history
16730,1000,local,receive,330,929,scientist
9951,862,short,level,290,587,information
11003,647,poor,strategy,494,333,sport
15702,589,ready,effort,958,452,culture
12117,217,language,program,253,237,large
16693,570,I,say,70,950,past
9683,658,debate,way,413,541,activity
17160,519,somebody,land,564,45,early
14726,742,majority,use,940,990,raise
13694,205,trip,religious,989,591,throw
12202,249,star,upon,792,151,page
10372,839,real,ago,898,107,could
15740,993,mention,carry,338,46,company
11248,970,reach,whether,97,891,management
16935,922,image,responsibility,669,799,second
14244,718,so,six,133,199,Congress
14898,282,top,say,668,926,listen
9669,624,method,hold,815,889,relate
17337,464,face,so,253,365,study
11759,719,white,lawyer,952,878,range
13232,202,near,particularly,483,933,reality
13169,377,no,many,453,656,matter
17414,76,data,change,408,396,already
12971,447,keep,not,847,460,onto
16041,895,huge,civil,795,41,huge
16067,851,month,green,416,19,glass
16956,913,candidate,future,465,45,science
15219,7,majority,sing,751,784,visit
10374,956,arm,commercial,949,495,century
16315,587,long,them,134,453,area
16780,333,condition,race,414,272,board
11167,339,partner,market,183,624,thousand
10137,274,entire,research,715,362,address
15087,116,modern,clear,151,421,gas
9850,207,message,chair,316,1,record
12349,1000,teach,PM,150,534,trial
17709,731,relationship,involve,313,675,black
14265,264,wish,role,464,516,laugh
10546,248,look,bring,517,729,money
16265,661,resource,degree,92,191,increase
16399,342,able,company,232,647,sound
13406,884,sport,particularly,967,540,claim
14713,575,ball,leader,50,693,hit
15766,180,him,continue,839,854,fast
9858,69,staff,field,229,412,catch
16645,541,prove,little,367,240,all
13560,625,society,ago,327,234,without
13147,64,successful,vote,219,948,pressure
13730,646,well,whole,3,992,remain
17585,35,rock,open,743,800,why
15015,266,possible,fire,561,301,medical
16364,881,husband,enjoy,821,875,system
15615,577,development,eye,155,203,whatever
12950,228,program,data,712,302,question
15328,400,off,nation,671,638,fly
12535,130,door,white,238,255,summer
14218,930,hair,off,385,848,beautiful
12846,557,experience,join,262,161,west
14934,850,build,build,383,284,type
8866,629,through,individual,773,28,himself
15857,303,example,require,741,622,approach
13512,162,surface,sister,842,595,traditional
10940,883,avoid,science,16,357,lead
11698,584,option,bag,265,585,age
15588,815,enter,itself,179,981,concern
10578,642,cell,necessary,869,948,official
12570,178,behind,president,752,719,draw
16796,709,same,bad,677,876,whom
15015,379,build,until,305,571,not
16698,358,else,provide,301,749,scene
9505,983,car,second,547,209,how
11637,504,west,loss,631,607,language
16867,766,himself,bill,289,656,page
13510,681,take,choice,401,515,west
11390,20,administration,when,50,841,century
13152,990,suffer,provide,98,256,somebody
16620,195,president,when,900,439,knowledge
13378,200,live,sit,37,544,edge
14542,210,lay,individual,90,267,course
10858,934,catch,you,99,110,whose
15178,976,goal,voice,170,178,while
17475,899,court,most,554,688,suffer
10447,327,hope,example,713,100,fact
16365,757,enjoy,arm,585,304,above
14377,435,glass,recognize,765,493,child
12271,733,group,little,91,249,subject
14560,380,measure,sister,543,248,movement
17184,49,large,training,301,433,process
12591,585,personal,responsibility,378,792,whole
9503,332,bank,establish,590,375,beyond
15584,319,step,meet,918,858,system
13250,600,call,together,15,517,walk
12609,648,produce,establish,187,617,teach
9439,357,sometimes,onto,901,139,other
11996,153,dream,every,504,166,view
17185,886,teach,like,477,625,seven
11398,767,arrive,lose,829,347,newspaper
16711,53,middle,provide,655,18,interest
16035,755,have,result,342,178,religious
13222,543,degree,no,675,480,discuss
12256,552,school,their,666,852,use
10825,187,parent,national,646,531,in
15044,445,stand,minute,560,558,open
9595,446,rich,sense,678,756,include
9285,205,so,south,869,594,challenge
11152,457,data,cause,170,650,nature
15908,986,trade,store,705,356,bad
9183,475,control,exist,74,384,ago
15107,468,require,answer,798,415,degree
12869,19,girl,very,411,828,learn
15723,924,great,yard,829,448,deep
13295,970,oil,fly,138,311,course
11879,493,doctor,report,285,458,station
12154,370,evidence,phone,496,806,role
14397,767,make,second,759,685,stand
12720,720,think,resource,26,170,factor
11583,9,Democrat,imagine,437,577,cell
12327,147,western,community,691,969,receive
13985,249,quickly,push,518,923,reach
15532,501,character,budget,806,704,increase
17461,240,risk,what,83,338,than
9728,113,position,himself,174,426,fall
17406,770,cup,tell,244,591,month
14082,30,within,yeah,660,617,environmental
13884,458,three,book,965,187,nation
9027,583,control,your,720,985,news
15523,728,figure,lead,950,862,our
11156,401,candidate,left,996,285,them
12577,326,specific,talk,571,916,brother
15170,315,member,purpose,388,941,southern
15456,149,someone,group,366,619,side
16180,59,together,accept,206,524,good
17344,539,wife,bring,364,217,pressure
12556,991,really,hundred,587,644,nature
13810,838,it,reflect,897,347,born
16304,831,note,discussion,218,720,yard
11667,410,former,accept,460,1,main
14621,136,quickly,affect,654,840,appear
10696,868,and,wait,12,597,dinner
11223,609,off,suggest,624,54,agree
15772,366,goal,close,193,20,religious
15864,850,at,new,461,725,than
17597,58,woman,charge,52,998,task
15802,69,understand,direction,437,620,recently
12712,825,start,for,538,255,then
15389,737,whole,recognize,518,200,test
13792,709,live,he,807,427,bed
8860,652,something,guy,946,97,eye
9371,685,toward,according,147,101,contain
15840,941,court,close,619,867,adult
9519,385,raise,ask,121,564,part
9362,363,sense,remain,405,420,pretty
10046,953,area,year,600,871,room
12444,709,lose,prepare,168,863,do
12990,305,like,role,552,700,minute
16188,179,help,listen,398,293,know
9954,601,into,management,428,326,capital
17685,972,chance,institution,146,15,standard
16488,480,then,allow,326,763,human
11157,902,surface,follow,171,359,few
13728,778,require,take,558,898,nothing
15724,668,member,very,993,68,but
9887,326,hold,happy,274,250,own
13439,844,special,five,31,574,environment
11083,523,rest,wide,77,133,least
11455,260,effort,follow,857,214,guy
15748,146,compare,American,283,553,among
13102,339,radio,explain,549,876,fear
13464,162,bring,along,915,647,shoulder
9570,824,find,brother,634,448,image
8924,810,back,rather,365,462,involve
12368,416,keep,physical,647,892,small
11693,472,about,bad,860,647,few
17380,715,local,any,239,830,impact
13589,569,billion,firm,280,499,property
11184,835,morning,simply,9,266,full
9022,147,reflect,push,722,696,race
9980,75,dream,media,419,542,color
10513,941,Congress,development,106,590,our
10154,881,cost,mind,792,252,billion
11547,763,everyone,much,782,13,them
9083,825,all,rich,53,90,worry
15670,547,trip,hour,622,122,foreign
13442,600,collection,relationship,824,556,under
13684,419,family,myself,568,938,reduce
13296,833,by,father,522,681,smile
10682,239,story,issue,746,268,report
14199,410,billion,cultural,538,421,miss
11930,224,work,according,562,983,science
10710,863,glass,create,823,996,federal
16901,762,society,sit,436,918,something
9604,240,behavior,a,394,538,wonder
11983,83,from,heavy,748,963,line
10900,689,only,decade,164,757,test
14143,774,relate,fill,301,752,behavior
16383,683,reality,sort,981,378,specific
12435,548,fly,claim,240,401,degree
8869,773,minute,business,945,261,until
14600,869,exist,television,665,467,keep
9932,243,fly,memory,628,585,age
13184,87,most,out,374,817,current
16092,80,network,institution,989,677,thought
11780,605,action,own,939,242,air
12873,188,top,against,364,104,fact
11700,712,memory,argue,934,44,above
10320,682,value,quality,431,351,situation
12502,780,focus,tend,745,635,knowledge
10441,47,space,travel,527,415,know
15829,137,network,can,660,386,old
13948,884,trial,campaign,560,223,son
13270,371,discussion,that,224,464,marriage
12066,30,smile,difficult,685,156,first
11802,931,recently,suffer,626,547,ten
14528,119,skill,simple,474,973,only
14905,917,those,mean,524,471,more
12345,766,little,black,398,627,church
12196,654,father,man,606,783,same
11995,412,growth,employee,638,153,home
17096,598,control,already,627,744,issue
11926,170,media,sport,944,853,church
13092,187,instead,both,599,115,director
9944,557,believe,star,425,367,campaign
17415,531,interview,I,10,873,skin
17939,863,movie,turn,907,619,remain
15487,338,might,once,713,65,manage
11491,141,such,fight,130,791,who
16395,6,operation,value,657,629,age
17362,635,all,protect,365,444,action
16527,401,charge,not,873,971,guess
11804,363,week,fly,405,605,today
11179,666,cultural,truth,58,761,activity
14234,48,general,itself,245,479,history
15884,845,discussion,recognize,711,83,recent
12743,694,middle,tax,121,257,nearly
9352,821,growth,third,690,865,car
13207,177,from,day,759,51,them
14148,430,increase,provide,701,532,usually
14321,652,speak,a,336,164,day
14527,186,draw,to,105,626,hospital
10990,876,minute,have,541,214,population
10969,544,evidence,six,976,754,voice
17570,572,no,shake,5,57,southern
12045,111,animal,trip,710,754,senior
9937,9,thousand,carry,894,559,knowledge
11968,249,beat,join,964,896,break
10354,125,action,edge,140,15,consumer
16579,19,seven,program,339,585,high
16289,391,but,growth,166,556,often
15090,23,picture,return,402,438,operation
12445,24,picture,anything,618,413,teacher
10798,755,participant,support,38,984,world
11517,215,work,spend,159,175,mouth
9920,881,late,style,238,827,another
17064,522,whatever,threat,696,153,task
12389,638,accept,leader,262,344,method
12468,194,job,different,565,123,cold
12719,596,suggest,feel,82,784,fund
9953,38,group,or,441,216,include
16266,463,peace,contain,436,646,rise
16868,483,wrong,particular,677,258,and
15946,612,weight,especially,881,335,process
14751,540,student,administration,440,219,pick
13402,430,hard,weight,234,589,certainly
10235,465,property,really,605,273,deep
15497,912,red,speak,702,352,quality
12355,469,authority,arm,31,219,art
9956,554,design,into,693,923,ever
16671,240,on,throughout,764,870,really
15538,756,fish,hear,32,897,environment
12580,477,board,every,582,672,color
9589,826,onto,adult,488,667,will
16525,900,morning,decade,779,355,dream
15905,462,heavy,table,128,110,road
14864,622,however,particular,509,408,money
13678,7,quickly,increase,380,158,realize
16276,225,black,city,189,578,beat
10597,413,rich,wonder,963,78,news
14696,805,between,marriage,570,423,skill
13048,453,check,role,798,739,high
9226,201,reduce,make,524,599,control
13563,190,visit,apply,769,891,far
9386,168,west,eye,498,670,stock
15061,974,table,rise,14,864,hear
17072,85,one,break,754,879,develop
11596,965,eight,computer,472,386,decide
11453,603,near,say,588,567,play
12802,288,firm,sense,412,208,effect
15391,330,American,quality,307,658,send
10493,373,throughout,number,800,717,woman
11701,426,be,political,883,103,pull
9537,982,kid,six,901,590,third
16969,811,course,few,153,408,business
14186,389,general,sport,230,291,woman
12883,619,stand,sometimes,154,203,fall
17494,631,rich,of,278,670,either
13799,919,culture,check,378,246,area
9600,866,letter,add,242,270,sell
16398,423,rather,ability,544,323,entire
14224,923,away,likely,463,675,occur
8991,44,save,what,879,795,she
15604,683,early,machine,924,983,spend
12354,116,Mrs,sport,957,268,through
9658,785,worker,hundred,356,171,business
17244,270,federal,measure,250,422,pay
13132,970,marriage,receive,790,757,because
15053,4,against,nearly,220,884,be
12502,603,we,outside,20,384,indeed
9596,288,whole,believe,494,581,chance
15669,223,close,human,396,207,decade
16120,664,way,matter,915,466,challenge
11446,949,wall,show,799,750,decision
17170,245,heart,step,958,711,local
15146,72,along,sing,727,30,community
14374,636,build,role,534,601,dog
17621,113,happen,probably,447,77,production
14099,59,choose,rich,847,766,onto
9343,306,already,ground,56,458,different
16135,104,including,which,357,771,have
16751,399,can,various,247,722,sure
10921,124,hand,out,371,399,win
11683,319,trade,white,499,236,represent
15948,841,believe,inside,895,521,partner
11800,947,watch,these,156,810,century
14095,694,street,walk,509,795,forward
10248,51,what,special,931,821,industry
17498,965,radio,page,499,489,writer
15608,674,smile,white,780,441,season
17751,662,help,together,961,611,explain
11213,77,question,month,416,292,scientist
13933,981,none,strong,380,883,senior
14330,359,writer,tough,603,716,collection
14225,204,structure,market,39,852,beautiful
17042,821,reflect,prevent,608,668,go
10657,617,direction,mind,938,886,woman
9089,746,hot,teacher,484,57,without
17910,653,dream,trip,839,406,forget
11914,718,offer,enter,974,596,rate
12772,26,kind,seem,394,948,choose
13712,580,economic,sign,75,522,military
12612,31,summer,wide,836,709,history
17352,877,region,money,382,735,military
13804,480,source,important,319,410,well
15625,701,however,significant,5,72,present
12336,209,benefit,lawyer,441,709,actually
15231,449,out,history,528,244,find
12412,733,share,well,107,47,institution
12778,472,fact,leg,352,567,newspaper
9386,804,no,size,797,622,movement
9413,892,discuss,entire,645,716,others
16638,887,soon,sense,258,329,less
14893,374,drug,federal,334,421,than
11188,359,its,economy,487,68,sing
15626,492,despite,power,509,563,situation
9803,30,skin,fire,169,453,country
9082,351,room,money,953,235,issue
17784,410,analysis,this,410,116,want
11675,309,in,memory,766,256,far
15656,337,detail,hold,276,820,fly
15506,141,game,indicate,891,595,else
10772,238,along,local,12,363,end
11050,692,company,claim,680,788,base
9236,985,media,city,247,470,important
15651,244,respond,miss,800,171,than
11139,816,new,him,846,453,meet
10864,563,leader,imagine,714,927,bag
12300,448,city,its,492,426,city
10458,713,movement,world,637,386,product
14343,148,such,set,328,747,month
14097,966,three,make,761,478,now
14126,821,long,offer,133,303,tonight
10860,359,senior,station,490,361,little
11790,475,worry,ever,981,854,wide
17435,509,ahead,free,953,200,kitchen
11054,638,as,talk,77,455,any
16589,585,recent,wall,880,197,compare
14227,375,father,age,191,497,moment
10792,929,yourself,two,801,478,provide
10265,866,result,difference,635,924,somebody
13959,848,news,bar,922,32,color
14475,767,would,can,136,866,concern
17793,500,rest,budget,170,239,last
13701,462,state,live,328,973,side
14840,994,increase,day,308,10,beautiful
13537,319,most,million,378,486,agree
15114,391,tell,campaign,147,920,reveal
15385,673,policy,until,71,149,man
15874,943,because,mention,460,885,probably
13270,299,point,will,269,415,purpose
13438,69,deep,officer,915,958,less
17960,617,protect,indeed,279,143,huge
17493,728,stop,house,429,948,least
9947,764,drop,sure,730,441,trial
10579,4,voice,beat,767,547,over
12185,819,heavy,out,355,633,especially
10914,50,say,manager,151,967,reason
14745,221,compare,too,834,581,process
13682,145,design,usually,647,757,stop
11085,402,former,mother,418,277,those
12981,872,young,interest,248,978,plan
17430,424,price,into,564,946,lawyer
16670,210,five,maybe,23,752,wall
8953,489,tree,ask,437,617,public
14484,177,head,meeting,590,923,issue
9071,128,bank,Congress,594,472,perform
9057,179,according,far,717,58,assume
12355,836,detail,face,720,382,skin
9576,837,magazine,drop,871,308,stuff
17662,930,would,week,838,529,television
15902,439,free,material,404,659,spend
9417,884,room,impact,653,827,second
13046,36,keep,hard,284,846,side
10605,343,great,cover,138,945,others
10716,107,maybe,right,103,169,response
10005,576,training,town,313,489,although
12874,477,human,into,835,565,wide
15424,420,truth,book,353,149,past
10332,424,morning,conference,337,506,similar
15077,533,mention,discover,548,170,push
17840,913,suddenly,stay,561,165,guy
12225,308,actually,everyone,98,611,region
11961,651,most,effect,571,195,simply
17558,869,lose,court,100,116,debate
16139,776,fill,weight,16,113,interest
14198,167,green,ask,818,403,across
15482,740,amount,list,30,247,high
12644,842,response,fill,825,550,crime
14178,281,special,know,918,140,car
11063,901,nature,identify,813,914,own
12899,743,alone,floor,515,203,yeah
12891,407,beyond,drop,212,440,single
10989,2,why,thank,1000,396,black
11565,881,church,stop,231,583,attention
15931,274,thing,spring,963,476,drug
16475,361,Republican,scientist,906,431,nor
17186,257,house,ask,919,20,total
13639,306,as,involve,520,12,decide
15647,355,explain,hit,373,155,black
14428,615,three,report,885,683,if
13748,968,least,behind,321,564,store
12512,380,meet,water,877,398,upon
9702,453,finish,your,556,822,record
11456,635,time,how,213,417,affect
10768,271,security,out,317,947,message
12354,765,for,sing,42,341,investment
9762,841,claim,tough,646,759,everyone
12327,130,country,key,718,366,say
16721,452,million,official,946,916,term
14233,323,once,authority,473,47,prevent
9481,555,fish,just,503,863,until
9152,8,whatever,dream,411,617,investment
12806,953,similar,civil,920,457,nor
14273,269,keep,compare,257,115,speak
10465,75,least,often,204,825,home
17444,951,onto,travel,759,782,back
13821,96,cut,body,768,514,image
13848,818,ability,tell,820,436,road
9115,191,market,sing,244,503,myself
16651,984,attorney,next,762,844,reach
16357,886,born,so,489,937,cold
10308,131,stop,memory,664,751,then
16873,853,behind,life,778,435,interesting
11259,244,today,owner,733,622,middle
14802,655,see,choose,417,665,media
13934,872,million,whole,607,871,chair
11406,928,big,during,36,272,hospital
12376,185,happy,direction,478,654,per
11701,763,give,after,370,292,among
14140,864,interesting,air,300,734,law
17795,268,answer,nothing,566,73,radio
11297,363,behind,production,216,727,relate
11268,80,face,month,139,539,leader
13817,178,statement,throw,294,145,or
9565,20,represent,say,817,846,western
10394,979,any,Republican,854,924,child
9581,404,soon,off,15,71,staff
11317,864,simply,enter,396,981,choice
15956,819,item,medical,334,310,already
10697,565,art,heavy,684,216,seem
15796,992,play,group,98,654,raise
13168,780,phone,between,14,625,find
12822,879,so,themselves,321,876,indeed
13058,352,ago,table,41,236,suggest
16305,893,next,whole,200,355,must
17222,845,imagine,smile,734,14,official
9532,562,popular,growth,642,581,pass
11502,829,unit,dream,588,427,example
13705,55,city,office,25,245,so
13630,854,study,board,819,836,option
17088,835,house,police,627,508,physical
15294,728,head,purpose,929,831,ready
10298,82,expect,loss,60,928,agency
13921,94,finish,fish,919,94,same
10261,613,change,wide,761,480,detail
10809,453,generation,here,659,403,central
13088,928,data,reach,969,60,traditional
15305,621,protect,great,253,418,may
12225,241,within,no,565,243,region
10725,636,resource,crime,117,720,believe
15093,980,difference,human,303,764,kind
16684,696,investment,measure,653,166,share
16998,877,feeling,adult,995,29,condition
17232,874,ability,structure,209,716,name
10937,710,stop,amount,9,865,inside
8853,977,trade,however,2,801,best
13495,199,water,another,628,311,cause
14523,345,alone,manage,893,914,off
12861,439,local,much,883,896,owner
16914,621,view,firm,805,735,power
13083,719,edge,minute,315,46,remain
9350,899,ever,attorney,644,842,left
13058,355,too,amount,834,138,apply
12253,94,stock,sometimes,752,691,political
11780,23,education,must,657,401,election
16940,475,open,rich,423,826,growth
9601,111,same,table,140,445,experience
9897,397,theory,provide,687,63,prepare
12984,835,hope,analysis,174,336,property
10382,347,building,us,5,821,find
11735,258,tend,miss,24,431,look
11758,705,in,suddenly,796,571,relate
10852,123,color,method,458,430,develop
14069,988,firm,foot,913,285,water
17325,621,five,participant,393,528,happy
12392,75,politics,someone,894,786,bad
17051,200,feeling,section,351,765,pay
9224,287,sit,perform,331,718,to
11739,627,themselves,most,772,341,policy
10748,938,like,time,604,560,magazine
11281,934,laugh,like,775,419,stop
16746,532,across,red,209,851,he
16988,644,candidate,skill,338,858,couple
13428,638,site,long,69,763,continue
9606,738,improve,month,396,276,discuss
16627,332,view,painting,45,379,memory
16703,141,clearly,change,423,720,listen
11210,501,receive,system,494,202,challenge
10344,830,citizen,two,795,232,current
11530,644,approach,benefit,309,683,later
10662,3,east,campaign,886,646,yes
9856,111,somebody,join,895,657,each
10241,348,only,animal,26,874,power
13139,731,camera,indicate,395,928,necessary
11443,52,skin,yard,185,562,especially
17205,905,reason,rate,862,263,top
16994,462,into,issue,572,106,test
17714,329,than,sister,364,295,summer
15179,822,during,top,931,403,cultural
8977,686,cost,senior,93,228,hope
16321,430,right,capital,615,650,candidate
14288,367,approach,build,632,356,always
11594,798,reduce,listen,641,492,bill
16948,2,speak,toward,306,233,attention
13622,848,less,different,150,992,ten
13253,287,line,join,442,793,fact
16925,670,our,even,321,767,late
16964,505,edge,spring,900,507,leg
11152,420,give,this,56,968,go
16450,211,kitchen,fall,166,91,whole
15719,383,before,animal,169,432,parent
17346,375,start,task,342,774,music
15881,992,seem,attention,576,511,current
13185,825,that,leave,967,79,building
17823,857,sure,campaign,556,869,responsibility
17179,306,rule,hold,665,800,civil
11915,155,sea,consumer,763,404,two
16319,542,above,account,698,613,this
16296,909,hold,race,514,777,notice
14188,905,floor,foreign,631,130,tax
15834,227,senior,teacher,506,845,movie
16798,86,brother,short,771,272,dog
17066,417,public,issue,731,499,break
12636,999,interview,arm,511,192,drive
16195,620,life,east,869,692,establish
10097,284,strong,rich,88,261,blue
13022,167,authority,though,144,825,move
13014,387,run,state,872,510,arrive
15967,814,either,need,216,97,country
14362,259,attention,exist,652,215,book
9673,729,he,reveal,88,956,significant
13684,524,wear,financial,608,665,leave
11229,366,just,painting,975,874,through
13240,939,dream,business,747,959,data
15902,307,detail,teach,952,758,beat
10032,10,beat,reflect,760,169,parent
14876,413,body,notice,945,293,stage
10656,677,both,least,927,758,time
17546,651,popular,how,965,848,evening
8943,65,today,organization,529,957,get
17741,12,individual,dream,537,424,foot
12234,268,senior,create,707,514,collection
17466,62,their,money,690,40,today
15064,935,deep,citizen,507,189,hope
11669,331,foot,until,955,53,walk
15060,163,light,morning,627,448,majority
11611,152,method,particularly,511,881,often
11315,770,first,gas,690,138,letter
16262,413,enjoy,attorney,83,760,various
15121,943,pass,director,758,343,after
17689,555,church,capital,1,810,water
17864,735,effect,information,142,826,market
11849,570,reason,blood,809,662,lose
16867,581,present,fill,921,352,some
9658,988,sister,report,713,500,various
8833,504,federal,detail,980,579,several
9715,607,talk,ball,413,252,pick
9821,870,suffer,age,243,135,remain
15366,756,activity,offer,117,743,finally
17251,709,with,represent,422,712,before
14044,823,agent,soon,876,940,lot
9243,1,none,institution,886,91,kind
15085,727,idea,health,506,257,provide
11874,779,different,box,100,895,speech
16324,481,oil,ten,585,3,structure
11774,875,hour,article,220,592,win
15964,171,important,yes,323,446,before
17018,201,trade,stage,817,4,alone
11328,804,year,media,953,605,yard
13056,193,impact,official,264,605,understand
17263,379,kind,out,139,959,forget
15027,959,wall,prevent,903,991,forget
16410,772,moment,wait,584,238,defense
11004,918,discover,job,765,431,share
17589,619,same,involve,781,292,on
11943,916,join,agency,504,10,within
13174,276,hotel,maintain,439,37,sometimes
11517,932,hospital,mind,651,181,conference
12451,472,place,expert,723,197,so
12342,887,sometimes,water,85,149,prove
9433,933,power,recognize,867,202,south
8976,499,seat,value,960,134,seat
17272,806,baby,hour,458,631,successful
10111,804,manager,many,606,870,statement
17090,393,start,significant,54,948,Mr
15986,812,blue,garden,437,876,owner
8966,710,these,doctor,201,409,head
10296,119,tend,vote,550,972,artist
13368,628,before,the,487,349,agency
11155,476,white,draw,263,69,line
13402,514,perform,do,161,60,race
11154,317,another,nature,862,537,last
14553,921,when,line,633,135,usually
16212,992,one,believe,833,145,over
14023,166,doctor,medical,579,971,listen
14603,556,whether,in,895,212,series
13847,857,exist,responsibility,600,914,resource
10514,522,far,history,434,103,bring
13406,543,nearly,tax,473,782,explain
15998,708,fine,generation,430,620,whom
9093,179,feel,talk,155,15,cell
13505,257,also,protect,130,330,quickly
10097,710,land,official,69,675,far
17947,412,carry,run,50,939,bar
13579,202,really,line,615,848,behavior
14250,745,give,fall,15,655,red
11037,87,see,product,358,69,laugh
13459,752,woman,ten,90,471,voice
9490,544,particularly,phone,552,866,remain
12511,146,fly,concern,629,767,our
10505,653,last,boy,314,324,perform
10456,45,interview,him,300,978,on
9101,95,prevent,role,691,62,history
17404,559,manage,top,225,39,fight
12432,672,section,Democrat,113,928,sure
10927,173,study,form,660,674,happen
15521,867,key,central,355,148,office
12666,786,draw,follow,519,266,hard
10140,765,factor,view,123,409,discussion
9981,576,pay,guy,150,736,upon
9070,717,candidate,Mrs,800,438,accept
12234,320,new,want,449,688,rich
11987,449,citizen,eye,164,192,last
14671,442,rich,financial,530,854,young
10768,931,husband,enough,675,235,dark
14147,505,interest,keep,580,918,require
13129,224,box,similar,459,234,piece
17907,899,chair,whether,536,706,environment
11626,346,on,create,635,5,truth
13261,492,maintain,though,510,67,notice
10298,173,TV,husband,678,776,could
10793,567,month,staff,813,606,civil
11151,175,become,buy,416,383,term
14172,848,war,senior,904,801,budget
9546,924,respond,class,322,502,lawyer
11616,900,will,blue,95,714,power
11373,148,run,out,442,168,join
12021,89,certainly,official,174,422,itself
10064,249,never,show,496,297,knowledge
12813,196,all,whether,260,319,because
15605,529,science,under,842,705,try
15358,455,time,about,478,712,have
17711,422,house,just,191,886,worker
15146,144,back,past,171,406,source
10258,39,situation,away,77,873,blue
15481,675,federal,word,608,160,spring
13599,112,personal,final,182,334,surface
11650,462,building,oil,609,50,back
11698,555,issue,official,740,199,brother
11255,677,computer,popular,87,906,image
15964,909,central,spend,67,163,approach
9187,30,simply,long,603,134,easy
15764,754,water,son,578,771,activity
11343,766,trip,TV,947,738,why
16459,530,tree,always,164,429,leave
15679,317,people,prove,57,50,maintain
12834,544,herself,reach,868,543,feel
17550,618,tell,argue,507,834,walk
17251,233,member,mission,570,239,place
13260,781,education,issue,445,66,as
10334,230,money,worker,424,957,animal
10439,167,score,commercial,346,611,big
14452,186,reduce,often,382,472,Mr
11100,631,thing,however,202,26,can
11060,948,professor,surface,826,941,leg
13705,127,home,read,727,908,method
13923,29,today,mind,683,114,certain
17460,6,tend,model,17,952,throw
15540,660,safe,many,828,102,about
10801,586,drop,growth,273,551,be
13998,267,worker,among,292,781,choose
10707,549,expect,PM,181,907,minute
9909,396,third,like,873,735,whom
9856,668,kitchen,season,278,888,wall
11828,160,us,dream,484,209,girl
14760,867,total,whatever,802,186,next
17009,28,personal,part,386,64,stay
11181,913,activity,majority,997,299,success
9136,671,remain,I,23,568,quality
10013,914,despite,thing,140,201,with
13570,357,store,near,866,705,none
12916,837,administration,firm,42,930,others
11125,111,follow,performance,839,969,church
17451,874,fall,decision,129,701,computer
10439,711,chance,at,636,423,leave
8850,313,type,ever,637,21,sure
16986,25,husband,trip,178,875,explain
10281,857,develop,young,813,615,explain
16568,369,number,city,775,760,possible
13157,318,fact,radio,883,819,room
9976,103,sing,hospital,348,822,front
16076,881,room,area,977,227,green
13963,118,show,direction,370,775,increase
17482,871,space,particular,259,577,whatever
15923,386,exist,especially,433,938,right
8869,360,follow,me,301,14,floor
11485,140,theory,anything,572,485,when
12428,35,reveal,subject,32,491,continue
14722,874,son,art,842,822,dark
9248,578,couple,store,250,836,lose
10028,468,college,measure,644,864,some
10321,38,list,including,778,854,quickly
13434,326,through,the,899,923,ok
13548,907,expert,official,573,197,consider
10646,512,value,note,353,423,else
10445,62,language,PM,693,406,score
11053,657,phone,four,383,452,left
15739,29,present,camera,194,390,ever
13271,469,manage,together,224,962,also
10586,459,understand,yet,535,121,court
10763,930,property,money,240,102,like
17953,680,we,between,985,578,evening
16550,215,different,another,544,464,ahead
12058,222,miss,summer,897,377,reveal
16856,326,final,morning,387,388,art
14944,472,dark,large,878,37,a
16216,923,long,community,974,869,family
11662,713,industry,air,568,123,Republican
12081,871,professional,toward,703,745,natural
13242,390,site,me,195,751,during
17757,947,people,scientist,333,320,decision
16321,104,treat,candidate,622,754,official
12389,332,remember,bill,277,796,they
15166,124,science,rich,429,201,magazine
10181,598,thought,season,401,803,include
16455,221,everything,can,994,288,buy
12457,268,glass,late,594,81,walk
15676,197,again,beautiful,502,524,give
14714,896,miss,reality,174,699,look
9817,520,story,physical,564,887,yeah
14571,366,walk,television,633,814,herself
12247,72,many,experience,539,261,more
10266,945,attack,young,178,910,around
11365,405,design,become,584,189,candidate
12393,372,however,resource,571,973,difference
15500,690,offer,design,995,284,believe
13474,365,somebody,significant,8,704,effect
15745,652,down,then,714,651,nature
15641,977,level,group,622,172,build
14156,938,form,down,430,478,note
11110,549,industry,create,365,667,why
8935,39,television,available,27,699,rich
11253,674,down,away,556,717,onto
11018,393,war,center,941,116,each
15360,179,night,shake,272,143,only
9483,118,career,possible,167,344,method
9024,341,where,analysis,978,482,partner
9329,464,travel,explain,409,192,contain
9123,863,boy,low,463,72,north
11285,191,administration,actually,238,477,turn
16995,978,money,affect,495,714,scene
17410,410,lose,here,724,33,area
12832,639,dark,above,578,595,true
13281,995,option,hundred,640,457,around
15742,908,seat,edge,458,75,study
11620,746,a,which,852,725,herself
9690,233,group,and,453,83,career
16855,859,difference,need,341,140,debate
8913,629,social,rest,831,657,decide
12090,561,hair,style,162,821,news
17856,716,develop,under,60,635,language
12177,46,beyond,tonight,224,56,rule
14151,721,support,understand,1,580,very
14704,578,grow,arrive,479,741,herself
15181,563,much,report,541,863,effort
12474,962,production,pattern,546,473,good
8832,172,book,soon,41,335,push
10227,424,American,reality,865,261,kitchen
15576,100,study,sense,436,736,prevent
14932,69,everything,ground,335,796,store
10549,324,start,artist,40,55,face
9069,379,international,student,942,641,ball
9359,959,parent,throw,241,829,development
9828,914,official,teach,437,644,five
14960,469,wonder,thus,531,710,generation
14000,394,miss,perform,223,156,staff
11726,609,specific,those,601,612,teacher
11758,698,no,another,628,865,political
11635,916,rest,popular,591,915,them
14047,768,cut,people,936,388,outside
12300,858,five,event,881,306,likely
15328,493,clear,politics,9,840,small
9348,528,federal,fund,847,264,next
15073,72,movement,friend,469,329,hair
10735,596,practice,language,22,700,might
12057,117,design,structure,892,525,election
15217,645,think,hear,618,720,pretty
17573,671,red,top,1000,146,degree
9182,624,level,able,760,602,positive
10175,200,hope,network,306,12,will
14205,989,option,head,105,669,book
17550,929,although,order,373,409,open
12056,570,history,bit,340,131,option
17004,815,sister,expert,738,992,focus
13925,687,common,safe,465,374,career
14379,767,billion,challenge,815,46,enter
14292,807,after,work,589,419,easy
10246,910,bad,weight,76,454,clearly
17241,42,them,hundred,403,880,bed
16498,246,easy,player,738,911,foot
12604,114,itself,game,639,242,general
16887,207,movie,personal,625,15,cost
14415,791,likely,nice,601,210,mouth
13295,772,cover,especially,836,791,Mrs
11526,182,increase,toward,207,608,toward
13470,642,until,issue,720,452,almost
9413,766,may,say,217,741,need
10766,113,place,although,173,550,half
10269,312,town,note,307,675,could
10564,116,democratic,must,773,399,shoulder
17568,887,cultural,each,511,916,official
11216,846,professor,find,221,52,five
10072,48,opportunity,treatment,967,439,focus
10677,310,Republican,fall,566,901,full
9440,916,travel,treatment,783,415,contain
13876,24,hotel,challenge,182,272,future
9267,736,agree,office,429,934,stage
17071,771,sell,will,933,13,bring
17649,469,generation,test,385,754,in
17946,96,large,prevent,457,611,several
15780,532,source,especially,260,962,manager
16454,373,daughter,exactly,259,837,religious
10646,134,middle,tough,444,392,local
16096,448,spring,what,255,10,fall
16321,825,particularly,red,284,597,economic
9655,228,policy,animal,95,110,loss
15208,382,budget,indicate,992,582,health
11537,244,computer,trial,312,409,single
8897,988,thing,school,33,244,spring
11813,888,billion,everyone,309,399,factor
11987,214,after,growth,933,521,work
15934,473,walk,indeed,756,83,ten
9637,323,feeling,get,793,229,room
14051,740,guy,court,601,74,important
10166,379,road,cover,530,968,control
17724,71,successful,interview,475,515,minute
14403,618,commercial,once,291,764,manager
11313,846,attorney,stop,772,959,stand
12290,555,race,perhaps,771,210,than
12634,42,history,although,404,190,special
17416,801,order,act,404,126,full
17707,312,others,anyone,470,662,star
11038,466,green,deep,609,985,reality
9956,955,chance,wide,737,189,process
14929,311,yeah,interesting,906,827,visit
12721,404,enter,central,535,14,fall
15052,398,movie,account,312,619,author
9083,979,there,friend,98,941,bad
10891,841,area,never,433,291,last
10735,988,watch,consider,757,179,we
11754,530,buy,although,368,186,church
10571,224,government,laugh,284,947,skin
16678,174,low,feel,96,160,military
9262,588,interview,poor,269,904,threat
13876,123,shoulder,those,694,412,special
14346,374,successful,wrong,76,46,arrive
11663,793,evening,do,627,425,tell
14599,593,seven,parent,566,313,suddenly
9235,971,act,some,185,250,food
16838,382,expert,child,561,789,learn
12021,383,city,director,318,201,out
13921,815,tree,that,566,114,politics
13953,245,within,tell,286,53,forget
11054,19,different,minute,424,825,exist
16292,956,section,large,419,663,hope
16528,414,debate,side,496,321,candidate
10043,158,always,own,1,728,hot
17622,986,for,medical,563,182,both
12930,617,stop,pick,438,888,very
17195,382,enjoy,tax,958,84,develop
11052,342,national,boy,135,146,eye
15532,206,analysis,plant,197,241,red
17451,595,news,understand,970,879,energy
10771,312,forget,because,786,12,inside
17109,203,recently,seven,433,182,successful
16910,284,dog,like,147,878,per
12526,472,cost,kind,388,519,start
17517,224,ahead,call,849,263,pass
12010,469,focus,stage,233,318,poor
17583,539,point,never,834,681,if
17246,74,however,choose,752,750,be
17503,48,we,none,5,265,sport
13284,856,concern,shoulder,897,925,second
10955,699,long,truth,716,460,improve
8979,906,center,it,282,171,crime
16894,759,country,consumer,985,770,real
15819,837,just,mother,763,440,doctor
13497,3,general,type,230,394,like
16058,631,weight,red,594,119,some
13409,735,left,good,359,652,rather
11700,783,whatever,knowledge,943,888,pay
9658,362,sport,check,125,880,civil
15508,28,article,door,983,809,thing
12958,970,commercial,receive,341,57,shake
12921,656,side,recognize,163,537,from
12469,314,oil,traditional,779,580,red
11708,865,place,race,845,897,live
16650,121,population,quickly,908,527,now
16033,167,son,TV,791,430,hit
16435,442,seven,term,348,764,personal
11395,661,capital,picture,779,753,best
13880,520,institution,medical,733,692,moment
9677,741,sign,add,100,325,away
9531,17,modern,media,137,558,reflect
10867,60,born,prove,985,228,represent
16197,224,major,conference,295,283,there
17734,935,attack,serve,263,316,executive
14329,239,what,him,298,993,speak
10197,167,school,cut,88,720,certainly
12753,395,chair,describe,868,279,all
11034,633,fear,somebody,536,637,interest
11577,190,example,rest,514,189,job
10968,922,forget,among,318,170,chance
16021,486,ball,instead,727,347,check
9054,959,receive,stop,657,407,culture
13413,746,page,change,91,58,create
13562,584,at,foot,587,832,environment
16972,940,suffer,wide,697,600,town
9170,632,trip,raise,700,132,perhaps
12415,701,everyone,throw,42,485,lead
14477,364,apply,remember,444,191,newspaper
17515,116,change,three,114,974,since
17811,648,city,activity,356,90,age
10817,921,green,believe,729,419,provide
10985,509,add,peace,710,493,could
9954,501,help,gas,392,577,detail
15729,148,necessary,gun,897,373,where
14177,724,garden,senior,847,141,especially
11438,992,become,player,973,392,market
15444,238,Democrat,late,958,782,us
12233,665,her,than,642,997,indeed
14523,627,value,senior,357,826,something
16137,211,enjoy,yard,800,146,meeting
10536,123,on,however,43,870,student
13889,12,hot,service,982,546,institution
17660,482,their,serious,475,319,leave
10570,198,tax,race,600,695,past
12104,465,necessary,summer,635,115,open
9411,154,seven,focus,474,762,enter
17204,184,minute,minute,664,560,man
14619,700,involve,game,918,927,leader
17280,141,along,where,949,179,goal
12030,100,politics,compare,295,241,produce
11124,881,wind,yes,82,201,rich
17046,414,exactly,appear,946,526,have
11844,939,clearly,trade,649,106,southern
16852,144,method,her,339,476,reveal
14143,575,student,city,183,736,always
14518,573,degree,agreement,343,214,when
15322,714,vote,land,228,653,nor
10164,698,sing,safe,103,307,clear
16673,851,particularly,during,754,188,put
17160,99,push,head,545,796,decide
15185,454,official,institution,383,421,baby
16983,376,design,others,228,781,set
13308,73,look,minute,881,293,themselves
10375,112,office,key,41,446,magazine
17355,300,available,although,316,763,letter
14618,661,argue,home,276,636,movie
16186,218,detail,too,276,671,especially
11111,214,send,answer,560,43,own
14063,392,morning,listen,38,886,fine
9524,40,loss,wonder,132,987,be
13781,636,his,born,577,468,difference
17367,311,any,sea,9,675,data
14291,621,sit,organization,333,378,which
12932,299,receive,represent,704,658,white
14723,273,born,usually,815,565,edge
16433,82,population,week,133,684,century
15668,228,person,interesting,419,202,human
12311,660,responsibility,care,799,663,form
8978,411,board,well,421,290,cover
11476,720,agreement,lose,389,493,series
13520,948,month,shoulder,18,198,five
16414,709,bar,thus,175,434,house
11317,559,old,than,927,516,store
13907,157,rich,she,66,779,most
9756,987,customer,expect,170,927,law
14569,988,budget,yeah,680,116,defense
12996,489,position,president,90,402,whatever
12483,130,data,anything,965,3,political
15078,981,full,however,751,794,southern
15105,501,family,care,660,760,take
13902,525,development,minute,436,971,of
17395,295,campaign,recent,955,456,size
13164,783,entire,full,663,703,purpose
11560,283,nor,ahead,602,934,method
16804,637,someone,give,56,805,rate
15927,992,office,fall,514,57,message
10671,156,chance,begin,699,985,someone
9143,813,exist,structure,156,644,picture
13307,135,man,whatever,775,872,experience
15314,942,onto,until,769,784,wait
11073,768,people,price,266,512,gun
9546,459,camera,but,690,971,interesting
13921,66,care,economic,648,918,coach
12430,354,claim,interest,988,989,this
16153,165,scene,though,440,577,poor
16415,712,cause,anyone,819,172,dinner
15252,79,rest,position,277,170,including
13227,845,federal,cold,549,488,movement
17493,679,back,five,769,485,population
16972,769,I,exactly,806,631,to
13015,167,trial,edge,952,48,rate
9229,111,bring,rather,349,302,gas
10811,848,put,draw,563,815,something
14387,514,all,can,714,929,recognize
11052,587,bag,the,563,311,pattern
11651,526,whether,example,285,352,however
16054,316,however,son,849,572,argue
13338,641,improve,responsibility,919,765,bring
10141,298,eight,six,422,329,so
17970,605,dinner,most,71,845,discussion
11464,242,wrong,yard,86,960,memory
15787,185,me,wonder,31,140,somebody
16842,332,after,this,71,703,fire
14173,985,security,own,555,465,structure
11023,748,tough,cell,268,939,believe
14398,74,person,state,442,33,various
9396,471,follow,left,252,66,century
17289,883,ready,structure,657,721,budget
15775,604,treat,see,730,24,maybe
16196,449,sell,light,828,227,hit
14663,913,city,accept,43,770,fight
15657,975,appear,short,531,605,check
10602,662,concern,chair,511,839,growth
15921,344,hand,race,448,437,number
9849,826,eat,writer,338,329,social
12010,894,seat,mouth,790,74,fast
9897,619,right,line,273,630,finish
9780,630,more,coach,564,361,general
9552,115,his,hard,131,1,do
16831,853,room,possible,501,352,business
10429,511,ground,along,434,964,hospital
13503,28,anyone,usually,382,584,half
16553,433,activity,truth,809,398,everybody
17137,82,finally,determine,229,123,bag
12242,388,series,that,523,802,opportunity
16755,641,attack,candidate,326,988,subject
10015,275,personal,account,903,779,minute
14564,392,participant,then,134,229,public
12953,286,investment,cause,165,201,school
12514,625,large,response,642,794,white
9535,829,black,career,567,620,also
13880,763,phone,practice,919,874,its
16549,653,act,just,763,716,per
11228,778,then,relate,132,109,effort
8839,267,task,prepare,202,176,pressure
10828,787,design,respond,8,231,suffer
14001,610,somebody,investment,100,763,bag
16965,83,maintain,wrong,254,418,memory
11315,442,rise,use,162,736,across
11325,769,public,though,534,844,food
10283,58,consider,suffer,60,212,eye
11954,721,available,must,597,464,take
16280,634,produce,want,88,747,level
9561,87,court,west,407,146,term
16579,300,be,thus,381,686,hair
11502,644,from,discussion,608,751,reveal
9227,867,break,practice,546,251,region
17464,359,visit,low,409,715,image
17060,922,test,media,323,253,quite
16678,60,want,total,174,382,heavy
9192,900,government,case,532,875,pull
9161,668,organization,state,213,179,significant
13701,44,north,indeed,77,930,for
9325,987,college,than,809,382,task
13397,177,him,his,89,880,sell
9784,815,use,check,916,362,training
11354,680,ask,successful,665,228,administration
17689,453,myself,theory,126,333,generation
16185,231,wish,speak,189,230,different
13803,900,affect,investment,701,904,beautiful
17268,134,so,population,399,709,respond
17691,842,message,score,830,512,avoid
17433,184,nation,return,440,862,type
14087,574,base,third,299,896,Democrat
12336,906,discuss,position,615,279,someone
17196,734,civil,main,683,318,seat
13680,750,central,arrive,428,4,heavy
15712,330,station,including,631,338,true
12796,294,attention,degree,740,805,record
8962,842,kind,could,699,159,assume
13342,554,mind,contain,160,877,page
16921,609,source,question,384,14,situation
10353,514,ability,place,894,769,there
9612,424,knowledge,offer,520,426,green
13859,972,you,father,76,84,former
15574,97,left,number,296,885,former
9001,415,history,view,395,913,mind
12974,673,TV,property,988,411,go
13002,871,reveal,nearly,522,439,people
16303,618,beyond,call,334,90,realize
14735,17,more,far,370,953,service
9301,498,lawyer,decide,780,751,word
10192,804,international,strong,114,953,manage
11492,159,give,gun,905,515,myself
11613,341,figure,investment,191,884,plant
11558,95,shoulder,soldier,158,713,TV
11079,619,authority,common,973,345,top
16480,394,end,project,851,605,generation
9716,449,per,century,583,3,require
12753,226,party,meeting,291,590,its
16262,140,sing,prepare,682,291,consider
8867,356,beyond,religious,618,646,nation
16312,599,daughter,rest,969,953,begin
9037,187,around,listen,434,840,thus
17014,283,receive,state,154,647,add
13157,4,indeed,end,291,252,thousand
10413,860,production,once,498,588,serve
10218,993,baby,strong,89,227,exactly
15481,380,board,last,150,285,happen
14077,1,wonder,wear,285,794,final
13262,246,than,some,665,351,college
12952,321,agreement,remember,340,679,month
9715,907,son,agree,848,447,break
10289,193,work,respond,109,279,visit
12606,88,clear,such,843,285,usually
14231,755,security,might,204,594,while
13085,31,cut,heart,543,70,everybody
8821,758,nor,book,660,1000,commercial
10440,2,figure,contain,575,425,approach
13198,340,allow,perhaps,861,260,she
10749,230,process,discussion,945,552,middle
16985,68,father,wish,51,693,player
13816,685,size,yet,536,967,bit
15503,269,project,plant,68,400,growth
12070,736,positive,ten,378,121,enjoy
9354,3,far,show,967,520,out
17245,427,language,anything,70,725,he
14475,442,trial,anything,59,273,trade
13083,99,during,he,396,715,partner
9039,593,them,rich,615,210,I
13684,197,here,where,79,359,nation
12271,760,another,cold,824,539,police
10157,589,want,party,466,954,ahead
16230,344,fund,science,745,304,building
12496,892,whether,environment,4,298,matter
17370,517,music,a,853,10,another
16224,849,song,true,508,129,child
13445,572,think,subject,889,31,film
13337,827,employee,he,752,47,boy
10678,657,budget,civil,47,908,school
17430,816,look,brother,327,630,town
13446,368,top,mouth,57,708,look
14393,110,read,health,487,118,charge
16201,135,quickly,company,458,802,interview
8997,869,hope,total,7,582,until
14665,471,blood,west,159,238,a
8910,220,suddenly,could,592,717,space
10373,840,policy,white,539,71,stop
14428,353,voice,society,243,336,stop
10565,43,little,bill,242,748,best
17636,301,show,heavy,746,588,among
12982,759,opportunity,policy,640,892,significant
17504,739,daughter,enjoy,403,343,half
13540,237,view,article,863,21,game
16988,840,feeling,foreign,623,828,area
17019,725,create,piece,215,778,section
8944,666,which,I,801,849,Democrat
14988,490,skill,third,594,968,wall
11471,847,those,commercial,571,722,central
17719,374,experience,a,560,86,give
9216,968,sense,every,229,433,relationship
10447,191,recognize,exist,570,315,plan
13029,288,both,policy,649,806,although
11943,651,movement,south,164,499,claim
15201,815,look,measure,102,621,raise
8936,302,it,treatment,243,702,along
15249,755,two,reveal,438,186,sister
11288,933,trip,nor,779,88,them
12724,711,reflect,community,96,34,challenge
13975,904,test,exactly,732,963,brother
11011,466,we,itself,510,381,your
15558,116,visit,who,780,465,section
14616,2,large,this,494,776,response
14460,348,bed,side,541,794,political
12467,244,property,safe,12,81,rather
17730,428,technology,window,739,672,style
13584,829,fish,American,519,205,yet
16696,687,development,able,93,137,hope
11239,633,hand,draw,164,363,admit
11822,763,training,course,230,729,assume
16607,89,reason,public,174,843,visit
14035,777,out,amount,755,31,company
16914,671,turn,economic,486,366,ten
16062,483,college,then,299,337,me
14174,681,beyond,production,644,585,attack
10733,854,administration,move,494,12,industry
12965,689,unit,employee,358,275,behavior
9523,98,later,fear,379,193,rest
13623,804,price,campaign,738,110,line
9688,466,serve,eight,774,760,commercial
15123,429,cost,bad,947,46,democratic
9202,956,them,onto,692,944,say
14836,65,sea,view,237,685,reality
9757,605,trouble,avoid,797,943,message
15129,273,leg,medical,482,46,across
13447,954,who,star,577,746,occur
14904,346,care,top,307,689,challenge
9324,612,expect,miss,107,990,expect
13969,580,keep,industry,506,36,prove
17907,366,north,skin,897,586,while
9671,222,whom,challenge,777,609,student
12423,816,break,music,306,300,college
11010,628,have,between,16,561,entire
13526,244,free,travel,755,910,important
16521,641,soon,every,119,680,answer
12775,989,project,article,456,807,wide
14760,770,would,under,413,549,social
15727,848,trial,plan,826,511,without
11701,918,space,hospital,53,382,interesting
12700,165,light,open,843,886,laugh
17653,530,continue,parent,998,470,enjoy
9492,612,senior,watch,338,152,prepare
10159,397,want,chance,262,703,around
13205,227,parent,eight,34,826,about
8844,618,walk,everyone,152,99,college
13562,197,poor,stop,963,866,new
15471,24,road,day,516,726,form
10284,60,rule,serve,217,921,cost
17477,450,movie,or,117,659,article
16744,336,economy,lot,329,226,real
11181,767,skin,focus,903,267,notice
13503,613,return,indeed,179,538,be
17335,788,line,family,208,217,if
9231,920,upon,cover,198,793,you
14791,761,marriage,modern,783,562,heavy
17782,473,determine,test,54,882,fly
13378,911,know,miss,782,759,day
14385,431,offer,might,477,230,rather
16808,83,serious,happen,611,45,point
10048,255,support,until,259,206,near
15930,768,since,return,801,182,with
17134,579,former,area,187,767,find
13767,173,performance,house,757,557,receive
16570,74,admit,local,578,104,technology
15254,259,simple,despite,485,248,level
10412,198,speak,father,424,49,rule
16378,716,report,against,753,999,new
10410,571,article,baby,217,82,establish
10286,938,employee,college,304,584,design
16756,495,people,them,766,665,year
11321,437,participant,security,442,637,central
11479,741,candidate,machine,550,999,end
9513,484,training,medical,806,900,must
13189,230,a,choice,131,838,third
11650,511,throw,rule,621,705,hit
17116,13,about,race,146,609,oil
11782,168,because,teacher,29,284,summer
11124,358,seem,member,435,268,idea
16455,594,energy,draw,970,72,religious
14042,588,couple,arm,986,213,benefit
16443,113,economy,value,878,596,produce
15500,79,me,ready,288,90,concern
16628,962,high,low,237,290,dinner
12441,736,course,lot,28,965,world
13609,141,throughout,between,889,360,test
13987,892,age,team,135,501,choose
9609,733,window,run,604,372,carry
9271,595,adult,yet,972,360,left
12038,386,training,go,963,26,raise
17750,115,bed,just,830,653,bank
11603,360,fish,modern,753,290,quickly
17363,162,successful,perhaps,76,752,down
11603,686,state,land,608,766,focus
10941,508,rest,check,182,23,me
9845,698,when,foot,120,565,I
17645,95,size,find,566,271,cut
17314,388,often,hit,934,212,similar
16150,930,threat,letter,919,928,wind
9271,233,health,simply,425,462,PM
10274,208,head,care,517,679,actually
12246,551,player,someone,854,692,charge
17908,744,end,activity,229,607,modern
15918,53,offer,health,754,509,field
16850,155,approach,firm,482,524,decide
10412,785,rate,when,801,755,memory
9997,825,power,plan,290,616,key
11585,139,from,effect,645,542,as
10608,353,medical,natural,266,310,here
16065,247,chance,recent,890,533,relationship
15160,876,reflect,husband,659,93,know
10019,178,according,check,977,754,traditional
15649,108,can,month,310,619,short
8839,5,bad,should,7,718,though
12726,393,production,claim,736,800,across
14486,177,myself,street,845,253,hundred
14361,358,itself,particular,421,386,interest
8825,22,firm,likely,842,847,southern
12117,384,move,sell,880,82,interest
12771,249,no,poor,280,676,ready
16345,257,doctor,number,822,58,ready
14910,415,before,enter,168,580,fish
13086,192,hear,free,583,31,material
17126,152,parent,five,132,639,fast
14955,16,finish,war,811,846,keep
16779,363,nearly,expect,621,767,choose
10332,111,draw,support,425,125,dinner
14928,482,style,personal,821,531,around
10963,29,teacher,can,616,901,thought
12881,282,kid,full,953,889,movie
15875,815,team,a,322,952,far
12903,1000,feeling,part,448,670,job
13317,206,prepare,sound,259,829,service
16480,278,sort,bag,428,124,send
14967,63,create,dream,696,737,win
9548,537,detail,common,839,199,wind
13318,707,process,type,473,337,could
11392,253,former,take,41,720,value
16829,833,next,book,119,255,expert
17177,904,man,still,298,776,move
11092,335,current,yet,66,882,without
15171,667,bar,through,84,808,minute
16681,263,raise,address,157,308,board
17906,631,themselves,late,345,878,also
10857,473,local,church,840,45,end
10806,662,day,senior,76,495,service
16254,767,total,girl,640,91,build
16089,749,data,long,273,780,foreign
16447,871,truth,hear,627,861,travel
14138,934,give,course,675,31,before
8942,590,go,official,356,940,himself
12454,960,environmental,sea,749,157,if
15612,778,try,sister,183,669,listen
15600,70,team,time,546,843,lawyer
12533,342,television,pattern,932,767,left
10309,172,sense,team,312,320,TV
10939,102,sing,information,837,270,so
17097,618,media,role,552,966,language
16862,338,movement,beat,815,312,these
14290,843,answer,reality,612,92,wait
16334,236,standard,smile,343,116,check
15392,584,admit,role,175,498,similar
16062,904,financial,against,140,407,see
9307,551,citizen,practice,521,452,until
14598,13,girl,respond,637,813,rock
9121,618,another,movement,426,40,main
15544,64,range,whose,505,649,information
16310,378,work,ahead,156,667,season
10617,574,international,sign,898,470,doctor
8823,604,north,across,914,485,agent
11840,716,national,fly,149,495,life
13150,447,choice,alone,536,520,should
13018,367,year,create,83,214,computer
15567,668,so,morning,24,449,arm
12180,515,box,training,481,63,father
14361,365,small,from,851,170,according
17744,557,into,line,554,840,specific
10239,430,wonder,day,932,574,fight
15640,829,water,north,727,614,wonder
17892,459,seat,year,39,816,hotel
16659,51,join,structure,953,326,themselves
17609,880,upon,well,533,221,four
12116,951,a,cut,48,736,himself
14399,469,person,bring,851,440,condition
12080,504,third,positive,159,54,mind
13382,569,after,affect,681,684,skill
16830,638,what,spend,973,492,sure
14924,786,after,dark,218,31,cover
14838,723,year,fund,970,282,situation
11101,992,official,sound,532,956,real
10849,811,street,than,188,327,writer
11998,368,animal,easy,455,404,skill
10355,192,investment,coach,819,365,have
17956,778,big,meeting,287,711,require
15875,950,see,environment,309,395,wear
15635,813,ok,dinner,399,143,create
10076,575,indicate,important,988,990,physical
12604,238,make,manage,382,940,behind
13871,463,light,Republican,843,847,fine
9055,98,majority,media,462,885,compare
16835,930,score,almost,55,162,admit
15814,932,body,picture,495,549,gas
10946,574,ago,much,450,689,different
13520,885,own,security,843,64,year
10262,82,product,hear,120,392,receive
14940,820,least,man,380,262,approach
12999,512,thus,whom,770,28,suddenly
15127,158,speech,only,9,376,scientist
15980,409,blue,military,724,357,color
10718,777,true,born,815,329,full
10015,345,beyond,similar,481,760,factor
11731,211,seven,interview,502,785,over
13355,681,ahead,prepare,672,666,good
17692,49,reveal,same,940,905,news
13534,935,cold,five,403,619,defense
13440,688,best,worker,700,79,story
17388,33,seem,need,394,489,present
8876,998,officer,must,330,350,first
12509,765,PM,meeting,40,446,instead
9494,113,prepare,staff,187,939,improve
9017,899,short,care,720,886,decade
9317,356,rate,from,86,563,deep
16495,634,back,this,683,672,million
14164,246,leave,memory,121,992,benefit
11840,498,member,then,734,894,government
16443,456,generation,until,555,2,miss
13043,630,seat,safe,917,301,ok
12113,337,now,much,475,778,nothing
10122,555,song,attack,842,580,almost
12262,779,have,smile,170,230,my
17486,763,husband,least,579,295,practice
11708,16,with,explain,645,997,deal
9435,511,response,field,592,716,seem
9957,235,idea,north,477,752,score
15654,263,throughout,challenge,896,736,important
9915,537,the,plant,475,616,explain
15493,300,ten,within,104,765,nearly
17428,117,ready,mother,614,61,yet
17757,104,no,rather,168,856,two
12861,639,western,fish,889,386,camera
13681,669,exist,involve,164,630,quite
16251,686,mind,power,980,389,within
9475,314,try,eight,473,973,Democrat
17244,365,seek,what,257,793,him
10197,858,writer,growth,441,809,state
15234,996,idea,lay,496,119,audience
16046,223,science,happy,481,225,participant
9025,93,near,however,65,149,whatever
14950,464,actually,employee,724,488,protect
12348,463,war,simply,862,257,scene
16592,562,surface,red,853,538,black
12490,520,type,beautiful,224,700,investment
14026,558,so,stop,342,134,process
11168,137,between,clearly,731,506,week
17633,454,else,message,355,866,human
10685,680,may,when,553,563,back
16763,499,themselves,water,952,14,college
10365,860,as,what,965,136,seek
9944,236,cultural,effect,158,666,push
16425,924,reach,none,569,587,under
9970,864,available,run,14,632,message
9073,307,could,because,557,292,minute
17431,303,democratic,American,973,156,shake
15978,930,garden,make,322,330,finish
9041,447,white,heart,720,527,care
16366,584,little,soldier,254,408,network
14242,720,power,alone,767,976,court
14972,22,return,exist,964,942,detail
11005,417,treat,dream,231,797,lay
12115,298,point,music,869,190,wife
11301,79,newspaper,sign,291,92,direction
9681,650,admit,include,460,990,subject
9080,347,suddenly,much,504,500,produce
16229,567,source,decision,344,628,ground
11962,447,ever,still,875,352,on
13040,259,degree,election,741,443,close
17074,707,thank,born,738,636,center
16979,955,body,thank,481,913,show
12169,147,candidate,coach,771,532,window
10219,648,health,nice,848,837,weight
17751,775,onto,generation,591,895,now
8827,235,me,offer,783,202,open
12429,798,religious,behind,964,440,each
8877,166,buy,American,877,213,pick
17076,611,live,area,537,698,change
9800,386,might,federal,884,104,owner
15309,658,arm,about,698,423,central
15915,54,company,heart,6,195,really
15767,120,ever,along,182,910,common
16420,251,cultural,travel,960,683,study
12749,389,seek,situation,322,69,defense
11404,206,maintain,job,587,359,join
14821,476,probably,performance,544,531,us
11521,871,voice,sense,978,714,leave
9671,662,adult,some,655,314,rule
10259,778,herself,heart,531,551,gun
12120,954,nation,set,547,361,voice
16966,369,reality,answer,954,570,past
11594,893,but,care,870,508,medical
14206,487,lead,wind,309,682,matter
11074,309,yard,sea,581,711,suggest
10300,50,natural,avoid,561,494,but
9764,635,hour,month,156,585,color
12559,366,page,line,689,499,market
11768,463,force,degree,666,335,television
14000,537,happy,decade,802,536,recent
15522,745,cover,director,734,15,modern
17145,177,church,expert,473,835,meeting
14686,479,he,pass,740,522,me
17257,418,general,add,202,42,important
15916,887,agent,ago,190,551,happy
15303,92,food,road,167,136,computer
11080,600,same,record,403,785,economy
15630,559,major,thus,207,309,clearly
16330,800,rock,fly,903,735,way
13347,969,over,operation,694,128,various
12636,11,blood,opportunity,817,140,rule
13598,576,this,hot,791,988,forget
10751,398,church,much,199,565,the
12452,171,factor,soon,57,97,yes
10153,731,type,which,391,574,data
12578,413,office,sign,218,818,theory
13368,240,thought,stage,438,874,three
10594,329,least,the,861,724,final
16969,398,court,interest,308,647,community
9913,93,line,time,606,333,seven
15049,724,choose,simple,405,249,oil
12812,794,option,future,958,519,month
17555,275,product,offer,616,242,art
9539,325,reveal,feel,154,231,professional
16593,612,education,form,544,529,citizen
12982,642,employee,brother,944,439,sometimes
10058,860,democratic,mother,614,740,suggest
9909,761,enter,identify,780,39,someone
10306,821,trade,size,358,991,at
10930,793,body,strong,288,469,health
10022,483,name,sing,90,20,still
14603,72,up,too,356,447,chair
14438,26,trip,contain,170,690,kitchen
10316,358,benefit,wear,67,78,table
12528,664,wonder,some,421,658,different
10567,926,himself,early,437,633,owner
14813,667,production,hit,687,679,nor
14075,171,they,step,538,492,everything
17283,444,low,forward,487,72,dream
12363,268,peace,camera,941,246,wall
9620,440,daughter,later,225,207,as
10507,276,whom,cause,525,372,determine
14798,497,strategy,level,119,362,scene
11685,481,keep,recent,102,429,serious
14605,351,student,Democrat,58,755,you
17647,55,in,soldier,832,660,reveal
17843,357,talk,heavy,702,976,southern
11615,997,fish,poor,349,172,star
11569,480,part,hand,252,977,drive
13635,392,try,world,469,990,and
16149,891,clear,apply,496,652,quite
9781,788,nature,impact,984,518,including
10013,369,way,pick,791,899,seven
17730,276,level,structure,993,357,picture
12717,612,population,commercial,389,555,need
16725,129,good,kind,732,898,assume
17261,344,staff,surface,263,6,so
13403,204,hundred,old,706,974,civil
13944,244,something,involve,478,862,instead
9326,38,person,fine,69,896,box
14256,928,partner,job,30,713,thousand
17418,484,game,whatever,405,61,important
9728,261,shoulder,city,791,280,machine
11307,146,region,until,223,756,enough
11861,662,down,large,246,314,able
12637,654,enter,create,812,778,finally
13297,261,life,will,348,711,again
11216,982,ask,film,734,442,last
10212,781,character,factor,66,223,anyone
15826,608,her,finally,903,809,win
9370,475,practice,product,239,158,force
17391,484,down,market,561,27,fund
16029,76,rate,east,625,381,become
11036,248,standard,try,910,418,must
10366,430,group,these,118,454,start
13623,954,these,wide,481,519,treat
9122,234,interest,miss,782,943,arm
13796,504,medical,condition,448,586,analysis
14512,760,skill,throw,986,117,him
13026,944,cold,only,27,289,wide
11060,755,while,art,138,740,research
15286,864,offer,section,671,845,will
10173,684,money,only,381,11,toward
11370,858,though,so,565,876,will
11713,566,try,within,867,718,southern
13889,893,individual,begin,75,533,method
15194,45,best,mouth,845,326,wish
12066,191,couple,Mrs,406,634,listen
10878,240,set,public,397,284,its
14765,332,blood,kid,588,326,yet
10428,758,certainly,call,903,307,tell
17401,272,else,hit,537,569,central
9756,723,ago,major,75,456,provide
13157,273,structure,ago,78,27,letter
15935,373,campaign,as,674,840,its
8927,203,myself,player,700,533,behavior
9648,882,well,people,480,204,continue
14587,982,boy,now,600,977,also
17518,24,decision,myself,551,683,hospital
17724,191,everybody,by,521,376,foot
11187,335,issue,school,116,981,relate
17357,633,individual,need,808,269,arm
15084,105,beyond,adult,525,107,again
11628,618,dark,look,895,609,back
14866,768,exactly,goal,869,965,respond
8966,872,weight,performance,825,797,modern
9231,753,join,believe,981,254,marriage
17898,938,do,crime,504,129,degree
10998,271,director,trip,611,656,experience
11383,557,key,wait,237,656,hit
13820,572,listen,food,94,405,true
11378,235,artist,send,440,289,man
14727,610,change,choose,318,826,hour
16479,515,sport,reason,866,341,evening
17267,52,factor,keep,235,990,different
9730,13,by,short,348,729,sort
13557,374,consider,force,301,429,mission
13680,108,say,bag,298,759,certain
13805,960,to,tend,833,117,would
10744,568,week,fish,404,808,including
9122,734,society,PM,516,104,again
11316,966,away,short,584,591,seem
16506,695,together,glass,974,867,mind
12953,893,administration,best,674,168,fear
11264,782,fact,how,139,414,interview
17420,874,simply,hard,575,238,ever
17252,191,research,wonder,630,830,beat
11573,711,teacher,good,158,588,so
15491,995,however,although,554,67,pressure
11434,698,include,we,168,35,term
11135,437,be,policy,19,603,their
15615,7,decide,later,447,969,remember
14226,828,adult,season,987,667,these
15306,225,data,budget,94,921,quite
13091,297,resource,discussion,786,336,must
16112,417,wall,back,7,718,successful
13610,643,management,American,658,229,society
17118,563,summer,air,305,183,site
16631,299,individual,open,599,954,though
11619,775,method,rather,27,789,scene
9038,970,reflect,safe,302,997,another
12029,812,effect,nearly,744,58,environment
15816,940,wide,cultural,312,198,animal
16054,184,defense,six,358,692,resource
16286,1,along,vote,581,594,station
9552,774,say,citizen,831,1000,service
16960,6,still,another,915,512,ask
14051,599,maintain,reason,485,740,room
17823,83,true,be,278,334,fast
14864,57,especially,professional,351,545,push
11890,51,room,city,617,821,assume
10377,977,mouth,source,431,845,item
14882,440,myself,effect,983,164,possible
16560,394,force,film,281,251,try
9640,176,lose,deep,9,690,make
