120325,31,feeling,expert,884
28336,872,site,care,618
27646,170,catch,product,488
122622,46,every,still,409
134311,546,yeah,attack,958
113104,440,ground,Democrat,171
112938,914,sort,energy,749
57210,256,others,only,350
112567,430,here,road,678
20854,337,example,travel,13
130864,651,tough,nice,448
141021,59,would,animal,641
112097,349,maintain,describe,661
20039,465,buy,site,208
99652,308,crime,heavy,881
84996,544,reveal,I,499
110361,488,door,religious,179
118324,419,recognize,reality,789
132910,936,president,director,683
82231,531,account,education,323
92158,602,whether,employee,801
69954,69,help,sign,694
112730,119,book,our,921
135851,4,management,according,689
138273,77,for,full,554
75994,392,can,prevent,591
32117,709,trip,traditional,421
101129,269,laugh,half,674
114370,295,military,window,915
148339,348,middle,second,740
147768,544,certain,quality,151
151338,324,born,against,888
119193,80,avoid,management,91
3164,649,chair,far,902
147596,350,organization,discussion,886
28130,187,talk,consumer,106
23686,873,onto,heart,739
148240,764,others,degree,754
89296,326,fact,attention,119
110024,623,center,ground,962
31935,433,finish,a,791
108719,48,girl,finally,152
128766,822,before,old,928
25287,506,future,surface,723
31879,743,nor,laugh,990
69271,419,stuff,source,553
71871,888,every,me,987
72751,337,half,student,674
52280,183,institution,lay,525
150157,676,type,red,648
45455,312,movie,administration,95
137633,77,Mr,maybe,672
34173,542,across,manager,997
66127,903,skill,beautiful,148
63244,698,word,perhaps,386
121754,535,sign,adult,323
139631,216,page,house,327
87808,66,store,within,351
85461,828,notice,field,773
136568,447,lawyer,some,929
147084,740,strategy,leader,875
43001,377,film,traditional,690
20599,658,yard,officer,251
128374,149,administration,improve,881
96137,281,remember,reality,749
86704,712,knowledge,grow,800
133601,346,beyond,yard,788
29024,952,popular,long,272
42792,601,media,without,612
71667,938,technology,source,330
56549,678,adult,rate,261
115891,284,commercial,national,809
35678,202,draw,next,242
54269,468,never,represent,827
8557,906,painting,other,752
60351,863,wait,successful,220
126638,450,better,population,158
99200,321,try,shoulder,116
43456,925,financial,month,379
131084,697,prove,start,946
37642,514,newspaper,magazine,343
18097,565,half,or,859
9136,47,health,cost,236
64410,660,development,ten,780
57107,413,need,always,138
57261,242,wide,security,563
22268,966,improve,even,73
5481,98,pressure,level,680
98222,434,ground,agreement,99
35151,131,garden,agree,477
50072,472,customer,fall,314
105434,398,note,weight,237
16642,490,movement,never,120
1951,598,believe,truth,242
82201,643,trial,create,307
10909,754,campaign,itself,305
93217,693,successful,north,938
47279,774,street,effort,317
90531,20,popular,build,789
147558,962,home,hold,859
66523,272,daughter,radio,171
19472,496,eat,future,522
85892,437,low,speech,628
127866,712,side,country,448
150889,898,certainly,while,230
72318,674,property,could,588
79420,785,play,opportunity,826
18557,878,too,cultural,907
2943,32,month,simple,602
70852,752,wonder,white,65
101664,427,why,customer,870
5780,743,particularly,choose,278
54797,45,military,create,769
112443,129,involve,low,13
86672,781,before,prevent,594
70417,962,this,similar,931
67370,940,bill,fine,828
8299,316,still,usually,730
123088,251,admit,require,612
126682,350,evening,position,845
141874,985,decade,usually,429
63837,271,brother,kid,772
3662,751,ago,general,383
88667,760,Congress,actually,682
32718,460,politics,assume,730
125303,154,where,every,585
24100,458,local,plan,909
46213,441,total,marriage,634
74241,360,clear,despite,865
65395,246,wrong,Mr,54
97816,529,write,have,957
52727,284,magazine,clearly,849
139785,834,hour,improve,798
69419,894,southern,land,945
59701,282,western,mean,53
118709,630,statement,everybody,408
132763,494,recognize,identify,801
20174,53,able,participant,687
131334,878,official,ready,432
72677,226,song,word,716
11911,618,tonight,environmental,477
134887,79,party,among,738
127137,467,later,many,141
73648,556,religious,public,884
3815,16,call,everyone,93
70944,619,space,little,176
62080,77,reflect,provide,214
69102,473,indicate,outside,21
20413,468,catch,style,32
127603,346,direction,maintain,795
19749,342,receive,man,356
79905,514,fast,as,881
27505,526,house,sign,812
141297,9,challenge,find,809
151129,967,majority,perform,53
101174,383,yes,manager,375
140650,650,north,seem,775
13588,953,true,south,176
21632,70,I,pay,721
103402,803,other,situation,751
99226,402,plan,sense,71
58458,324,wind,enter,828
62128,515,pull,stand,180
147682,264,player,partner,485
143448,39,kind,door,895
69122,570,drive,southern,336
58924,411,address,population,59
148839,601,year,air,676
47724,725,hundred,world,172
127016,678,artist,successful,10
40405,458,day,special,54
50325,257,region,kind,445
2811,473,during,prepare,123
92622,456,decide,administration,312
98303,154,worker,end,138
123071,905,set,will,879
133585,151,listen,whether,390
21532,816,add,simple,125
138928,545,property,sure,135
12206,724,yourself,off,484
131059,849,she,professional,459
36379,540,draw,option,531
37902,29,both,surface,309
35232,253,long,choice,48
31847,332,out,during,241
40014,683,difficult,strategy,364
80750,399,state,music,906
76595,373,pretty,right,489
110711,768,career,such,281
95617,544,production,rather,219
23479,707,benefit,woman,977
79361,776,wall,foreign,377
4913,651,without,during,584
82852,6,later,ahead,952
137453,609,course,operation,383
78885,432,beautiful,remember,765
119272,121,she,growth,812
57302,987,book,reach,813
32469,448,role,pull,77
62031,297,particular,source,119
63524,936,growth,clear,228
5035,624,guy,effort,411
132145,369,person,enough,220
119263,893,sense,official,685
137773,176,scene,situation,507
124069,854,card,newspaper,288
18963,183,model,economy,235
107841,932,forward,around,907
38165,834,senior,large,453
13683,160,likely,method,798
117673,810,possible,the,257
19264,765,program,show,358
82973,326,later,act,34
51872,12,herself,attention,591
138976,755,through,marriage,879
108771,899,ask,avoid,772
48499,673,become,Republican,443
134855,760,fact,picture,526
70922,662,toward,wind,364
130212,295,town,nothing,450
128006,515,protect,rule,46
45382,65,sport,possible,852
27253,705,yes,pattern,26
55392,212,message,away,343
77698,488,three,next,871
66177,785,occur,material,840
109212,337,parent,more,881
122173,444,opportunity,ball,728
25767,771,add,color,684
20022,543,field,service,954
137826,993,high,amount,933
11046,10,relationship,pick,373
12333,62,pretty,sure,332
57448,802,senior,research,128
149830,124,left,environment,351
84728,70,visit,them,895
100932,824,else,thought,140
46717,640,trade,without,845
31751,932,less,sing,304
79216,525,to,its,296
130840,544,owner,act,418
23492,116,indicate,size,617
56,129,subject,letter,45
84735,663,company,factor,453
133750,199,quite,difficult,557
146449,409,place,whole,72
122706,48,new,end,522
139933,44,size,sing,433
6502,402,such,road,135
85268,923,ok,occur,618
139182,118,now,activity,523
61605,56,pretty,school,629
53220,149,respond,treatment,499
55995,178,help,person,558
70132,459,thus,this,515
37553,189,coach,local,294
81968,423,forget,defense,151
147863,17,time,nation,518
132745,323,around,family,170
34154,538,computer,member,68
24694,208,art,until,136
137534,406,occur,skin,991
14213,695,field,chance,34
72192,830,now,we,33
137486,183,or,international,551
18774,778,gun,could,235
3307,644,seek,performance,228
87503,209,professor,letter,395
63939,579,pressure,dark,56
27072,842,management,ten,429
51444,177,from,tax,337
118747,777,box,lay,778
87183,433,never,a,964
71822,938,expect,few,718
29992,138,write,important,824
16079,819,to,matter,289
61573,560,difference,issue,89
113100,222,newspaper,heavy,852
90096,50,too,model,31
70351,870,size,both,808
101379,337,laugh,conference,478
89901,231,practice,onto,803
101154,93,Mrs,travel,85
50340,185,impact,bring,409
147934,653,family,offer,217
35218,98,way,again,825
23051,153,up,leg,170
1859,2,eye,since,3
149331,203,suffer,left,46
52388,797,art,sign,65
36951,758,argue,attack,534
149668,863,model,wish,821
75915,75,understand,truth,146
28322,516,recent,perform,646
109149,123,side,drive,727
120446,161,political,down,534
82928,32,night,husband,285
56520,140,left,will,141
37856,44,impact,political,589
84539,304,hear,debate,332
133104,602,cold,attack,654
45732,469,table,culture,542
18531,697,painting,artist,30
24294,621,watch,hear,385
112476,470,serve,participant,754
33618,728,point,three,809
12489,754,edge,agreement,957
126211,267,figure,phone,291
27670,252,task,training,65
97727,68,series,green,406
15839,227,four,staff,513
61264,63,major,federal,620
40675,395,force,minute,98
117888,306,decade,scene,407
28352,792,if,size,764
8155,199,magazine,market,592
116909,875,owner,catch,899
119381,790,student,buy,753
150097,954,fact,election,714
55845,504,something,authority,937
32402,499,catch,wear,679
124075,65,control,travel,411
117629,203,ask,control,380
46708,694,trade,expect,165
11520,966,around,take,361
98571,860,Mrs,statement,370
79252,870,inside,now,590
45577,341,per,house,31
122750,54,and,star,442
60061,690,main,seem,5
26176,568,student,behind,346
38467,763,work,ball,622
19515,977,day,remember,986
53583,49,necessary,sea,291
126416,539,get,man,657
147899,789,whom,suggest,194
14098,98,raise,simply,519
134051,621,score,add,386
21625,790,old,institution,818
53141,623,hour,doctor,225
40056,685,church,important,641
64560,400,two,part,397
32415,229,song,paper,971
53675,636,keep,capital,645
66260,633,medical,many,811
48951,757,our,seat,328
17955,841,material,fight,382
134664,681,fact,pull,301
42361,17,student,itself,49
18012,741,security,class,765
94103,103,wife,heart,283
29572,485,develop,effort,207
104380,591,somebody,over,185
4625,152,choice,executive,524
59875,44,certainly,approach,265
21002,657,TV,trip,71
68318,162,example,production,229
14912,530,forward,expect,536
20879,398,over,school,381
55613,503,nature,window,297
119925,264,strong,media,369
62531,628,PM,Democrat,184
64090,372,own,ahead,39
18694,989,experience,husband,407
20277,954,recently,who,627
97425,346,office,water,989
36044,578,hand,fire,807
111950,114,parent,avoid,34
47484,458,during,believe,613
1434,357,what,finally,147
54279,111,nor,again,579
54937,434,light,prove,611
83786,929,money,remain,532
134091,205,international,husband,9
120520,722,actually,possible,506
148255,116,very,practice,65
8215,408,brother,consider,743
136427,690,nation,pretty,764
55600,830,describe,staff,527
4578,403,challenge,course,379
69088,644,a,born,595
1933,646,meet,standard,718
101687,783,war,tree,466
108226,831,a,threat,674
51361,787,my,also,839
23543,419,cell,lawyer,733
48585,722,daughter,seek,99
38165,182,high,nearly,745
64200,326,author,partner,89
33117,42,bank,part,652
130419,350,law,member,563
118558,363,popular,make,883
75648,448,former,hospital,980
70389,875,wide,your,716
93180,418,eight,far,758
70468,161,position,memory,296
34381,613,spring,cup,440
127160,920,task,perform,771
67677,170,meet,voice,242
143834,286,investment,certainly,105
71011,301,a,already,118
111931,611,evening,population,240
142629,862,for,issue,231
47834,225,nor,seven,562
117948,648,activity,during,607
66565,994,strong,song,480
121627,972,exactly,she,740
86503,982,involve,manage,115
149975,1000,community,hit,461
14092,639,music,would,104
70411,983,keep,two,465
53188,94,place,foreign,590
114236,305,both,agree,149
132753,96,herself,I,224
127641,233,wide,rock,802
91304,244,though,off,47
25468,522,place,put,49
145230,457,team,during,190
150065,907,front,camera,269
94222,807,TV,movement,215
93002,849,start,parent,295
25353,166,detail,simple,624
80285,445,star,heart,886
61558,168,fire,answer,772
135003,369,more,unit,524
117113,855,worker,agency,768
21607,115,modern,one,401
141000,821,already,figure,198
73248,874,ground,hear,849
33795,283,camera,evidence,416
65835,1,sell,what,111
45570,327,white,today,547
107463,619,off,southern,564
38034,724,eight,large,49
67278,337,population,president,948
110276,171,everyone,natural,539
144049,10,that,article,471
128832,259,property,choice,226
142900,895,traditional,lay,225
117470,293,election,I,761
25118,564,easy,case,976
3329,300,line,treat,157
61040,146,work,research,698
125590,776,should,skill,835
151198,437,professional,investment,421
19447,271,fight,side,307
75120,535,the,society,229
110335,531,board,from,760
120609,873,exist,policy,584
109767,561,free,expert,711
136238,653,beautiful,item,16
13868,307,program,hospital,810
18817,500,Mrs,wish,897
14946,510,reach,left,358
16449,149,adult,there,755
77408,897,mean,whom,53
53539,233,after,page,964
86270,521,admit,talk,890
76993,85,kitchen,four,496
16173,677,authority,up,831
60646,784,accept,this,565
79103,1000,try,clearly,370
52316,779,push,sport,239
17639,820,nothing,according,278
21322,881,pick,right,283
76282,308,force,season,895
10267,595,sing,easy,533
87872,343,and,focus,181
28206,560,investment,option,271
58850,72,paper,tell,860
89491,634,theory,television,816
23992,520,artist,personal,795
75747,263,front,record,390
119525,507,race,figure,841
44414,718,know,without,320
83531,230,woman,red,330
20454,482,outside,interview,99
126788,512,room,morning,650
113486,154,price,onto,966
105713,939,support,gun,591
60973,108,benefit,local,816
130034,74,black,meet,552
133455,198,music,season,404
139765,475,ask,develop,777
143179,619,organization,wall,272
79577,934,spring,forget,831
63339,47,development,improve,1000
32431,733,single,environmental,724
993,392,plant,someone,188
61693,464,type,option,87
50708,345,computer,point,271
78364,640,role,success,676
44414,21,fund,hand,636
36771,688,or,film,73
98245,930,ago,I,756
94163,758,option,discussion,648
114665,120,measure,beautiful,189
71328,803,daughter,light,214
121332,8,movie,at,750
32408,248,wide,up,249
94415,100,expert,more,290
113453,888,either,nation,450
117939,759,common,agreement,170
72331,541,produce,structure,427
109539,155,start,which,867
126752,535,successful,together,756
17432,330,agency,area,450
3967,731,camera,past,935
143180,283,base,husband,628
41474,389,value,positive,975
91016,670,ago,wife,648
141020,904,heart,body,893
141979,629,see,story,922
45827,164,admit,sense,52
54644,480,present,simple,739
15977,497,ahead,during,223
103701,760,account,agreement,862
21737,164,raise,second,430
9671,650,media,last,396
56080,11,result,move,643
68041,302,surface,fish,381
83079,279,prove,organization,930
90890,106,up,key,491
92883,757,international,pay,128
9582,121,amount,prevent,48
41338,408,smile,share,365
66535,54,behind,better,707
14214,721,system,peace,3
69275,883,woman,unit,789
120782,752,statement,number,302
49416,992,science,deal,388
106888,205,continue,huge,16
30850,217,turn,local,395
66476,225,shake,now,428
150346,766,baby,trial,771
6188,153,Congress,few,475
18418,895,pressure,defense,613
66639,11,main,himself,192
85705,920,itself,whether,474
63551,464,until,research,675
58696,357,myself,individual,495
34200,638,site,worry,93
60845,315,when,itself,652
90867,190,threat,step,836
19161,465,walk,group,775
65114,467,go,challenge,570
75852,732,language,national,738
120401,938,ask,cause,727
624,335,contain,be,887
116989,805,about,last,639
60304,803,interesting,off,947
111228,440,fear,time,453
114089,662,art,today,266
83114,628,until,relate,356
142692,337,ask,mention,864
138817,199,share,up,249
117986,266,deal,which,399
142006,340,nearly,address,642
13257,457,look,huge,968
62986,626,better,responsibility,537
84197,268,hope,risk,983
25492,462,difference,health,363
34949,8,join,bring,246
44232,589,evening,apply,669
129409,450,political,remain,761
27545,130,Mrs,site,917
65995,621,church,money,614
96617,441,difference,live,120
1952,534,purpose,owner,785
134697,293,ok,whatever,89
65826,517,true,training,590
125353,946,either,goal,94
12344,16,lawyer,national,211
12740,187,decade,despite,954
139668,150,leader,fire,757
101312,422,arrive,onto,893
99708,100,ball,marriage,137
106358,73,oil,wrong,655
40008,713,owner,international,275
119309,593,attack,end,49
6901,189,performance,often,734
91325,259,customer,season,674
27016,669,you,them,238
106632,598,want,subject,103
36993,302,throw,our,906
122145,23,field,return,416
114512,155,quickly,face,409
89684,75,level,tree,909
69160,438,simply,talk,929
92931,387,message,would,663
65273,647,stand,even,193
115157,430,political,suddenly,776
58206,255,kitchen,certainly,621
56899,573,maybe,none,233
38048,66,toward,ability,201
15537,373,free,factor,144
125155,647,police,who,157
126966,211,to,lawyer,329
132433,914,science,family,152
24775,594,born,consumer,70
34788,526,peace,before,30
62192,634,fact,around,348
2530,902,store,ask,83
36358,998,account,subject,99
4511,732,social,brother,713
30426,20,attack,food,26
80656,162,top,in,764
1594,937,dream,any,428
20735,609,course,order,543
22746,913,level,rock,138
94911,449,account,exist,457
33187,156,too,during,703
91792,170,among,analysis,943
101671,5,peace,voice,713
58729,941,identify,behavior,362
107447,644,discussion,community,595
39337,366,who,mother,886
56888,271,sense,decide,791
52449,320,see,music,81
3689,273,former,same,383
78135,977,news,enjoy,147
147810,270,occur,become,592
30247,40,benefit,firm,879
54812,197,woman,apply,546
113542,1,happen,hotel,846
21926,738,hit,blood,963
149508,736,catch,where,981
102594,776,whose,son,847
148076,258,reason,site,659
41025,398,stay,draw,546
15144,162,hope,college,557
81561,207,pattern,pressure,12
109007,403,along,long,978
1289,238,my,economy,261
56644,727,similar,deep,345
64937,336,lay,identify,949
104949,473,stage,argue,446
52628,878,brother,news,903
97232,275,energy,throw,938
31148,118,music,act,742
30880,984,begin,color,101
63810,312,these,recently,375
133777,978,control,four,58
32700,73,sell,property,62
86909,590,reveal,senior,744
19600,48,evening,father,425
78026,642,fight,between,805
30045,171,within,prove,89
38760,268,nature,she,928
140538,943,material,network,12
100058,993,challenge,rise,803
2898,778,require,wind,13
47990,443,high,serve,66
126809,154,spring,quickly,362
134972,683,decade,girl,560
120380,925,argue,until,98
27101,557,than,program,889
100682,783,young,detail,813
61996,554,them,clear,168
133928,465,firm,particular,825
2147,456,five,likely,16
96191,827,statement,population,406
55176,403,owner,bank,403
50198,747,good,check,144
119344,693,head,arrive,32
130736,316,bit,modern,703
136435,414,service,factor,828
29403,310,hard,play,996
90218,368,name,type,393
54950,500,case,budget,304
113784,707,back,test,110
6709,302,let,tend,460
13889,198,usually,brother,456
149146,758,plant,environmental,440
49180,290,young,citizen,680
91458,716,happy,analysis,711
81216,895,those,across,279
125871,942,new,road,919
143647,315,all,size,879
115159,24,life,week,725
33450,253,wide,theory,708
20499,537,without,amount,353
47752,131,ago,until,21
44095,89,treatment,down,817
4718,351,baby,plan,869
136651,559,opportunity,kid,369
88511,766,eight,and,725
72777,7,hundred,hit,325
68989,138,development,scene,729
115898,930,history,television,693
55071,26,foreign,address,70
5047,595,him,dinner,738
123289,882,eye,system,543
64399,676,after,parent,48
36781,504,record,focus,134
57435,100,half,hold,329
121934,935,process,ability,271
34301,79,always,left,787
85775,284,skill,consumer,758
55759,368,friend,onto,281
111020,7,deal,democratic,615
24713,193,sort,poor,257
52550,353,care,near,487
120122,109,compare,mission,224
90635,664,ever,happy,291
33588,564,answer,man,230
24198,896,lay,decade,470
4865,48,including,develop,62
108991,729,piece,alone,76
86481,622,first,back,867
30110,779,and,election,238
46128,547,say,meeting,470
44874,523,recently,toward,290
115789,790,agent,way,31
111483,315,organization,push,1
144953,954,power,few,169
69669,412,data,education,685
59973,276,difference,call,781
28198,264,enter,man,352
63542,712,measure,change,737
80500,901,wish,better,16
110259,231,quickly,light,132
35410,275,dog,during,327
74946,55,Mrs,former,547
47173,496,around,right,145
90380,762,TV,like,419
14168,740,mission,themselves,518
140767,397,in,red,504
81855,311,describe,smile,937
73553,172,compare,line,441
85281,678,care,hotel,532
94885,140,answer,other,927
226,125,more,front,396
97367,55,mention,rock,497
94318,790,wind,say,110
102203,771,move,thank,195
122445,643,include,speak,762
83741,534,attack,democratic,724
28265,121,cover,together,661
151122,898,growth,hard,448
21017,20,whether,resource,628
95933,142,Republican,dream,710
76101,767,end,call,354
104936,334,less,environmental,677
9628,745,theory,wrong,184
2671,706,decide,leg,304
40610,522,situation,organization,439
76086,462,country,six,124
82080,476,young,out,484
149307,945,mind,hot,172
17228,525,necessary,that,62
133431,574,like,important,416
92646,566,small,we,363
107533,931,question,ability,302
76018,874,sometimes,sell,42
115798,881,or,activity,383
96480,937,food,life,363
28083,543,research,street,44
45125,611,international,skill,254
78373,987,blue,forward,267
68955,547,wide,author,322
61745,972,subject,close,586
138746,701,middle,keep,818
92990,128,author,energy,867
131394,721,design,music,315
38060,237,newspaper,couple,917
35448,101,rise,professional,238
64743,94,agree,yes,107
109934,969,current,admit,200
102448,717,our,idea,459
123301,31,paper,phone,167
128245,694,democratic,about,838
130798,426,produce,new,781
56878,564,church,experience,212
28707,28,there,one,27
443,777,mean,against,861
108339,28,project,military,894
50100,440,reach,name,812
101504,940,sign,appear,406
88066,107,report,plant,372
36020,667,risk,its,222
61033,927,within,training,520
78466,550,language,we,903
76507,871,foreign,fear,441
29361,964,popular,cover,582
140809,107,really,still,896
56517,331,term,field,224
28076,929,amount,rock,264
122650,395,energy,cultural,26
122657,181,above,perform,648
26018,321,interesting,good,863
139016,201,ready,direction,116
19024,616,PM,theory,291
128661,854,analysis,along,203
92577,828,street,admit,365
44407,745,everyone,letter,378
70439,605,not,speak,161
136939,841,tend,happen,942
19713,750,provide,relationship,700
18078,147,model,way,925
80114,521,letter,task,219
132869,402,suggest,executive,774
14705,287,pick,sister,918
20580,121,bring,media,197
124899,789,begin,doctor,448
92076,394,someone,consider,18
142141,6,future,miss,277
16647,541,off,such,493
53332,898,trip,physical,762
31853,989,goal,tend,962
17518,923,animal,last,616
21672,481,including,else,788
112261,938,Mrs,edge,775
32022,72,say,each,598
128325,475,amount,fear,103
135601,515,here,six,745
89248,774,marriage,benefit,987
20503,562,leg,seat,539
131884,579,fly,understand,105
24434,724,energy,structure,914
93763,33,floor,many,538
129680,780,leader,water,588
12239,870,wrong,usually,229
74955,253,response,institution,447
24314,519,however,any,332
58552,674,full,contain,561
11944,82,garden,garden,816
79141,125,nor,yard,833
145091,725,personal,notice,611
107788,885,check,center,646
17513,272,hot,science,33
106764,306,billion,financial,570
121227,189,may,join,895
70595,186,over,like,963
51031,541,quality,space,994
63937,372,morning,necessary,136
54399,537,dinner,event,349
105396,845,system,imagine,799
70901,966,listen,these,3
106079,965,student,avoid,574
131420,825,down,response,417
42821,15,writer,kitchen,561
65812,431,also,newspaper,214
90411,811,sometimes,customer,114
52643,332,difference,trip,851
65083,390,good,employee,724
8545,482,audience,involve,65
134072,498,evidence,hand,286
105660,115,adult,once,906
133106,723,particularly,share,649
123077,46,notice,middle,859
49467,337,a,impact,28
85442,184,politics,in,53
90515,677,side,begin,133
26753,270,two,sometimes,535
76360,284,each,institution,711
103347,756,scene,trouble,708
23574,532,assume,he,664
49796,855,the,walk,398
13762,958,under,represent,452
107448,967,blue,daughter,301
148840,958,particularly,whatever,324
4977,324,protect,television,206
106206,248,defense,reason,284
26040,628,become,meet,140
105076,178,already,film,762
35900,114,land,put,902
110592,804,could,laugh,308
63583,908,product,east,941
30608,397,maybe,husband,671
44765,822,within,we,423
106745,772,unit,behind,323
134109,109,single,charge,462
136985,545,serious,federal,794
61111,704,factor,meeting,414
135289,907,arm,would,516
103596,284,fine,throw,569
145413,304,ago,possible,692
38631,954,increase,land,831
82221,481,anyone,strategy,366
66331,555,kitchen,various,945
103374,761,cause,book,586
8420,624,management,never,997
121243,344,spring,eat,955
61604,122,well,authority,94
39348,755,government,concern,446
56067,78,head,operation,862
81135,752,law,left,336
11567,978,easy,throw,567
130154,126,safe,per,723
118244,440,skin,wish,529
125240,247,pull,crime,609
143543,934,under,cell,74
73440,586,population,suddenly,620
126447,513,pressure,main,988
30656,300,dog,adult,770
97612,615,threat,foot,614
134368,917,light,opportunity,999
138892,945,interesting,bank,406
9190,82,actually,note,54
57368,254,price,total,81
109269,189,employee,despite,955
48267,189,likely,fire,736
130476,269,will,much,329
149814,309,spring,fish,307
125399,775,option,participant,991
122753,604,example,agency,355
53991,782,citizen,without,514
146231,583,Republican,over,389
147143,904,campaign,yet,17
39833,406,the,single,93
50375,48,imagine,agree,369
118551,447,international,expect,806
2756,90,defense,between,774
110349,678,school,purpose,251
58283,715,herself,together,842
75230,570,everyone,language,974
53004,744,too,around,505
7657,496,often,ground,278
68723,22,audience,better,4
121225,733,bag,yard,802
20102,285,I,car,661
108073,59,adult,dream,852
42589,648,American,west,435
88898,511,usually,baby,635
67342,374,body,he,561
71656,375,something,adult,804
133086,878,view,son,21
141243,506,able,position,167
30854,524,answer,take,549
124244,195,serve,night,889
92737,440,history,heavy,148
43800,380,us,peace,334
148530,162,ahead,everything,790
141631,866,positive,little,935
135123,82,style,meet,240
95683,382,something,population,564
48045,66,necessary,notice,703
115910,253,street,wish,531
90321,988,shoulder,surface,630
83057,961,any,reach,672
86416,341,stop,discover,517
62115,763,building,difficult,776
6813,837,through,something,243
120524,867,option,feel,856
125947,534,road,main,857
13351,450,suggest,tough,326
119007,204,radio,region,885
109861,576,list,kind,565
49114,279,where,girl,398
119009,507,us,bad,795
12132,261,to,rate,711
80664,115,all,drive,155
22733,688,shoulder,hold,413
44096,636,ever,when,170
64226,643,lay,explain,809
94902,730,across,million,341
96906,684,possible,walk,187
690,621,movie,long,231
70956,284,woman,hear,129
5854,95,get,training,721
77358,113,college,there,317
114144,587,drive,stage,919
93017,463,find,claim,107
130695,485,never,including,288
120837,343,event,pull,433
57881,666,who,respond,633
61417,24,effect,off,538
91402,651,commercial,practice,761
15172,540,five,defense,902
22872,321,service,anything,276
114885,782,special,camera,670
9553,242,fine,sit,900
82283,556,discuss,recent,47
29472,952,return,meet,104
144306,803,mouth,visit,168
109092,917,southern,growth,862
55536,378,television,guess,443
106586,539,economy,summer,410
145816,287,boy,person,833
121803,1,spring,these,551
2080,924,wish,recent,642
13029,541,deep,team,176
44465,616,organization,popular,696
95717,44,new,return,865
47956,176,surface,wide,23
26240,357,drug,despite,774
97503,403,we,hope,525
96039,535,drug,official,385
16702,443,civil,community,897
139405,82,power,defense,892
19995,573,hotel,type,637
72180,724,billion,approach,440
109755,170,international,treatment,112
48654,161,director,expert,88
13977,966,western,building,430
45987,648,drive,shoulder,376
55706,520,least,almost,605
104823,310,than,wear,5
74458,990,us,deal,783
36222,18,still,power,176
131122,743,gas,American,857
71828,919,he,part,111
69693,157,scene,bad,146
100380,379,happen,loss,514
38726,458,break,bar,521
21430,334,which,just,167
102137,184,big,Democrat,795
2973,8,house,traditional,640
138253,219,early,movement,472
74148,63,usually,hour,135
72309,502,drive,street,707
12860,591,my,check,471
82667,291,interview,begin,916
72833,436,standard,himself,878
87987,445,significant,place,531
7943,378,crime,item,664
14921,747,tax,ball,240
71328,811,short,win,18
109879,772,sometimes,ever,286
100611,260,address,according,246
24645,697,degree,say,399
51858,799,inside,state,403
95878,162,medical,reflect,578
30554,19,down,book,273
124036,802,tough,serious,773
123384,949,husband,night,313
97364,247,body,minute,182
46472,116,institution,court,702
103809,613,quality,generation,646
113917,81,never,listen,431
41687,128,something,good,367
23747,641,consider,similar,672
71309,102,top,thousand,210
70973,814,deal,candidate,925
130114,741,health,example,301
44671,71,street,source,167
136532,830,within,more,751
67604,880,hard,watch,78
23166,390,look,focus,373
90154,91,not,before,146
115785,312,minute,perhaps,719
101720,577,performance,conference,178
89099,915,ago,player,160
12546,768,tax,pull,693
127231,131,book,sit,902
75009,506,song,can,317
64096,580,discover,range,213
17645,790,above,central,161
135737,547,west,good,925
116809,555,compare,agency,134
79607,752,travel,amount,767
21654,602,language,large,562
137423,108,fly,against,492
16294,936,year,performance,960
83897,416,this,later,178
111110,603,edge,western,477
52463,260,woman,continue,869
9375,190,new,generation,439
133382,4,candidate,TV,265
56370,856,same,shoulder,736
44595,405,senior,he,674
9725,763,help,meet,776
133278,837,town,process,207
51670,448,future,agency,236
109585,536,speak,clearly,845
76509,260,bill,interview,57
45147,544,law,even,233
48277,752,recent,far,212
55934,712,decade,probably,23
13386,638,PM,seat,731
28602,887,soldier,condition,638
148925,745,possible,less,804
84605,930,thought,music,32
98868,583,cell,bed,599
124701,934,strong,down,316
69640,231,hotel,indicate,685
54392,246,cup,specific,463
101955,753,lose,image,878
7502,660,deep,fact,79
106633,795,much,eight,212
91063,547,receive,PM,385
100026,308,change,study,133
120820,492,buy,specific,67
25669,846,almost,occur,559
133311,71,successful,situation,244
148006,122,simply,bag,32
42191,294,agree,official,152
99687,554,environment,of,608
138606,902,young,score,430
136939,295,air,power,892
128907,859,everything,trade,67
41360,997,cause,benefit,372
127690,764,continue,next,171
103817,428,series,experience,924
105210,497,organization,reflect,377
44241,813,ok,control,142
131777,709,under,own,41
150079,758,turn,hit,132
28027,719,guy,local,309
122852,708,idea,career,843
16661,200,night,year,313
57624,151,research,both,796
37674,183,support,share,60
113168,569,safe,total,535
30276,398,remain,different,829
49949,23,fish,Democrat,823
6976,198,skill,police,554
108075,12,claim,like,304
135657,252,goal,seat,926
80258,903,firm,free,484
41174,37,relationship,throw,530
113894,930,who,form,388
52175,251,past,concern,617
102823,771,measure,claim,912
141892,459,produce,capital,99
14148,404,foot,majority,910
83794,314,decide,somebody,189
144341,502,red,mouth,501
53164,691,road,under,587
26056,445,generation,person,257
98923,489,base,impact,786
56670,17,shake,dog,701
33739,787,I,beautiful,683
150729,554,hot,identify,221
40174,122,detail,goal,150
60062,732,say,sort,136
145963,71,stage,much,313
57382,226,morning,politics,491
13252,488,clear,strong,492
8199,979,meet,real,668
78715,811,increase,glass,171
70062,723,respond,method,440
136999,694,she,water,557
85362,381,interview,finally,586
125790,12,theory,interesting,715
94202,350,recently,evening,352
67085,389,myself,decade,890
5797,268,site,consumer,476
110451,450,along,wear,532
90839,841,enter,strong,372
107656,521,phone,return,983
57330,395,staff,here,399
11636,376,movement,really,656
60344,686,future,education,25
3886,360,year,store,259
5572,998,seek,anything,369
103357,957,set,attorney,517
61399,303,course,organization,364
140577,353,no,western,548
45487,263,success,away,854
84917,874,fine,he,318
40790,337,technology,new,935
29270,566,fight,address,169
53507,122,go,lose,609
90237,330,significant,finish,286
86339,672,drive,surface,262
66014,940,arrive,some,562
85942,688,job,ready,422
3173,645,six,tax,792
114768,623,dream,necessary,857
33035,755,before,central,462
37104,684,money,important,661
145927,292,keep,shoulder,412
32849,67,miss,tell,746
76317,954,performance,serve,50
62787,183,say,miss,894
84947,403,discuss,near,291
93337,540,hair,also,231
50376,863,behavior,before,414
25854,759,believe,capital,13
29547,879,since,serious,150
112765,269,six,reason,830
44409,137,fear,teacher,109
74898,236,character,work,277
81383,686,sign,her,750
64337,327,yes,information,640
10779,787,with,recently,825
118317,360,apply,lose,118
118910,354,window,economy,133
148899,426,what,enjoy,624
11814,582,impact,herself,26
56817,891,sense,result,454
16659,254,nature,structure,867
141484,950,free,hot,392
87848,198,better,summer,585
106610,971,factor,tax,382
105763,88,put,southern,887
137939,428,level,pattern,145
130058,760,military,our,219
98253,187,consumer,major,414
93975,226,require,thing,4
35374,402,resource,become,561
282,729,friend,mother,918
55802,571,my,drop,744
96554,25,move,approach,986
95142,656,sign,produce,41
57364,628,wear,region,575
49441,650,single,test,359
11950,478,piece,such,985
86710,684,shoulder,movement,671
67583,433,mother,culture,331
10621,771,class,help,890
117804,830,note,necessary,769
33935,983,sure,rule,653
134416,282,reveal,everyone,663
29794,770,sport,discussion,687
130076,322,research,five,448
114835,171,part,surface,724
148449,828,any,man,32
134607,748,customer,produce,118
141018,730,positive,reveal,682
121884,408,avoid,religious,722
126154,198,evidence,later,763
75940,559,range,market,536
24391,173,certainly,age,319
140840,284,animal,bed,825
71017,842,rich,seem,332
83420,621,avoid,cause,848
99864,256,travel,hope,660
6192,577,child,protect,386
137437,643,support,international,178
123094,327,approach,job,817
89837,414,challenge,life,141
728,713,because,say,870
111807,320,size,worker,198
105506,675,guess,prevent,357
28295,537,for,condition,969
102564,626,might,whole,792
144432,855,brother,threat,167
31072,688,town,difference,699
143850,206,short,culture,584
58215,406,decide,commercial,320
8548,146,anything,bed,7
129882,818,field,year,506
145405,831,whole,leave,667
74538,272,she,power,179
132284,820,summer,very,146
68770,837,kind,ground,613
115943,338,lawyer,moment,861
115234,822,minute,little,149
147735,113,seat,carry,527
41616,340,somebody,strategy,954
96645,618,southern,me,688
12319,377,entire,toward,206
61697,95,child,upon,724
132482,600,technology,among,848
127628,478,statement,structure,268
47672,803,performance,continue,30
113599,772,drop,commercial,848
31502,941,bill,particular,594
120762,192,rich,on,97
12714,89,run,over,632
80400,95,admit,forget,344
19103,363,attorney,decade,470
13396,512,several,human,714
35018,357,around,often,506
14907,992,wonder,art,79
128445,439,activity,economy,86
86640,336,together,control,527
31900,674,however,minute,87
82623,506,pass,series,983
44453,193,society,teach,49
43153,233,such,buy,704
22234,981,reason,cover,643
88375,641,which,process,580
79054,759,us,well,684
123082,674,whatever,well,490
801,5,win,level,940
53104,798,challenge,between,710
113570,472,protect,consumer,454
36299,633,after,bring,680
119634,426,stage,morning,429
87917,257,cup,short,444
91525,546,how,seem,648
115242,916,price,approach,723
14717,346,approach,clear,879
131248,286,policy,huge,275
131909,9,figure,thousand,68
99664,663,animal,exactly,211
4919,247,thank,new,387
124633,872,the,vote,785
1794,196,add,cut,286
112032,904,indicate,perform,769
116813,809,poor,hit,159
120978,689,however,wide,554
51463,356,from,green,56
92553,796,unit,close,750
122923,722,church,issue,480
76743,774,doctor,process,649
126430,731,possible,leave,662
34863,946,determine,mouth,324
6584,369,success,indicate,956
149247,473,another,understand,504
2683,966,human,college,763
64465,927,pretty,project,611
79454,708,strategy,leg,696
5001,255,rich,protect,389
93,773,international,responsibility,694
54493,649,would,want,855
86053,467,southern,small,101
68965,400,gas,recognize,233
65870,165,nice,material,108
128216,864,film,remember,21
20707,860,them,mouth,203
45631,868,local,interesting,814
18050,576,response,reveal,265
32302,547,whom,great,388
126641,414,out,become,857
138964,719,ahead,product,519
88960,640,give,food,136
116507,746,stop,discover,663
75430,445,mean,though,317
20466,585,method,treatment,713
128475,638,dream,shoulder,292
62573,169,become,store,108
150640,356,experience,production,711
35001,803,the,morning,193
1581,850,audience,open,402
81333,897,better,hold,376
144754,573,economy,service,574
131833,382,interesting,leave,79
146982,184,increase,town,28
99547,10,play,decade,754
133629,871,point,career,106
151242,14,science,question,702
10348,91,team,growth,686
44277,707,good,protect,934
30090,627,opportunity,off,334
103885,307,practice,do,502
33863,771,every,teach,679
81478,154,quality,south,774
118117,825,just,feel,512
41379,770,study,condition,751
7087,226,property,theory,387
67294,746,name,may,235
10450,516,teach,stock,543
49738,552,through,beautiful,341
149637,824,vote,give,526
95492,692,six,total,448
18851,15,remain,financial,740
74723,506,win,girl,559
103735,746,against,task,470
123445,921,soon,cultural,856
129891,55,matter,arm,956
2855,272,international,side,221
138686,536,prevent,resource,666
115067,421,name,difference,347
107902,510,spend,general,656
28427,904,market,by,287
123279,837,down,rock,211
23837,133,professional,coach,25
7916,45,foreign,every,637
68676,211,city,reason,578
92211,294,future,audience,657
74609,755,condition,class,424
23680,598,serious,night,787
629,851,lead,my,345
32706,258,structure,history,236
127346,946,official,discuss,317
57061,470,save,vote,906
138085,995,yard,base,349
592,899,team,remember,453
129745,5,themselves,scene,939
54034,77,ten,there,230
134054,781,read,often,578
7929,16,pressure,former,66
62613,451,call,officer,823
134516,869,far,civil,74
124368,381,middle,understand,69
75771,524,specific,stand,493
132208,859,especially,with,513
52253,249,difference,whom,371
144632,774,music,bring,661
21917,342,range,know,889
73134,801,office,gas,118
18602,996,office,alone,446
17063,982,truth,conference,996
121427,964,company,smile,256
67134,494,before,expert,328
40631,335,job,within,378
129151,971,source,poor,762
59915,559,condition,recent,174
32993,711,democratic,color,287
46406,766,stuff,safe,772
48833,460,she,campaign,723
144332,934,relationship,why,267
87391,944,student,it,570
12348,354,suggest,than,686
79394,301,shake,someone,577
144388,122,mother,goal,888
90497,179,ok,how,3
101898,633,economy,minute,859
88037,885,beat,girl,392
30720,95,for,here,211
45260,951,alone,remain,917
3952,904,of,recently,868
72818,871,travel,music,783
62497,250,tonight,red,61
47160,524,care,opportunity,771
43876,604,loss,great,915
97243,872,however,until,367
51149,787,everybody,according,896
77025,356,wife,artist,827
4463,455,tree,officer,505
7609,694,environment,energy,367
53165,520,focus,dinner,515
136351,618,research,necessary,747
443,47,million,loss,259
98221,838,wife,remain,103
124798,518,town,garden,141
114509,699,difference,per,424
50323,180,local,with,90
116086,584,phone,lose,696
75446,29,half,see,281
127930,956,firm,oil,582
25614,312,method,fund,652
53278,257,this,film,77
95261,38,improve,environmental,502
121609,405,year,interest,779
94375,108,western,recent,359
143398,662,marriage,before,514
126496,756,though,feel,147
66006,548,one,save,433
93436,970,direction,beautiful,195
54836,697,religious,eye,362
130692,545,particular,citizen,183
117407,451,identify,range,768
61222,234,could,usually,173
100369,960,term,research,993
93916,958,rate,throw,481
102830,455,week,to,10
67316,286,believe,return,604
23922,843,myself,employee,270
32145,214,offer,music,117
100112,158,town,sound,729
78858,190,performance,get,29
115254,92,eight,person,238
65857,489,clearly,field,799
80332,31,smile,arm,339
106614,687,difficult,Mrs,339
94408,905,speak,prepare,349
81674,919,why,result,959
12804,705,morning,themselves,512
68080,23,true,national,879
5958,702,fly,read,376
28062,327,impact,itself,896
105938,236,daughter,similar,462
38331,56,case,report,826
23991,131,south,chance,8
112076,956,school,blue,370
5559,704,simply,prevent,209
5917,608,system,national,256
71214,627,leave,couple,242
141575,576,specific,affect,481
99251,287,price,final,196
34198,534,current,blue,443
92162,961,travel,defense,762
121771,830,employee,prepare,827
32997,343,throughout,color,819
140698,567,century,career,853
124566,863,exist,carry,669
65582,92,power,ago,978
75255,645,ability,better,597
58931,363,north,in,227
123737,49,plant,party,153
143093,956,most,reflect,737
53943,944,gas,car,625
3198,65,vote,view,848
54884,102,hotel,teach,798
142961,100,physical,mouth,24
72232,924,crime,customer,652
134529,76,success,would,930
37282,666,last,possible,609
74301,192,bag,building,152
69980,891,activity,PM,76
4037,255,best,before,700
133073,86,set,believe,259
49215,984,power,should,575
134955,929,cultural,consumer,499
142475,151,idea,study,793
39927,20,piece,draw,608
44618,123,technology,suggest,792
141485,39,interview,eight,508
88005,67,garden,capital,682
110559,468,address,contain,484
94320,651,impact,every,456
9836,951,responsibility,increase,868
6093,642,star,important,967
49439,49,carry,behavior,464
1048,400,put,arrive,907
52522,396,project,region,347
34402,553,those,article,812
5934,801,building,white,373
128323,512,fish,heavy,478
146998,107,participant,add,488
142363,19,government,toward,310
62623,455,service,modern,803
58127,169,such,art,629
135523,511,baby,win,897
29572,490,myself,affect,616
28424,296,beautiful,beyond,360
121448,802,born,treat,648
130929,150,design,in,387
137026,979,institution,what,710
105431,319,newspaper,think,77
113433,635,meeting,too,239
136080,574,enough,power,955
71520,752,me,nice,812
86947,969,national,include,280
31793,800,street,foot,214
80774,607,pattern,television,322
14695,213,if,not,493
109373,622,place,movie,656
125146,28,hotel,toward,652
2001,763,where,attack,475
110532,346,international,draw,734
64788,203,education,set,509
110534,813,then,watch,464
56480,492,same,help,244
2460,658,it,north,371
115821,886,on,see,455
82730,959,history,tonight,134
13143,195,address,claim,997
81719,616,computer,however,322
31831,532,action,party,546
31879,731,bed,right,676
121754,706,sister,others,888
137099,383,mean,senior,533
485,104,middle,very,61
71643,812,anything,phone,276
79521,816,others,nothing,374
28175,449,improve,successful,225
18044,482,environmental,down,235
22410,911,in,total,999
39820,112,significant,bill,493
43353,352,case,ahead,325
2068,47,else,common,403
26287,508,political,PM,892
120667,619,Democrat,water,312
142812,150,back,on,797
132530,620,deep,focus,562
34773,960,will,budget,410
96361,890,past,which,876
146964,942,and,stock,486
145518,484,relate,enjoy,431
14983,622,carry,budget,495
104594,771,of,season,159
105678,818,machine,couple,30
102464,591,specific,show,941
65931,995,second,against,694
2383,623,learn,true,726
16491,611,answer,increase,94
21146,764,for,attorney,624
141946,497,later,policy,6
114397,880,term,those,82
90777,809,although,often,648
130258,906,program,cell,400
55585,768,reduce,day,432
92528,976,probably,life,456
102537,799,reduce,debate,300
66627,988,end,happy,651
127029,710,body,cover,600
119414,381,nature,parent,282
94984,173,of,home,302
150698,534,million,coach,513
73062,504,matter,nation,973
108197,892,a,whether,563
135607,563,lawyer,push,15
24758,793,maybe,simple,341
36401,148,history,weight,647
48137,248,measure,range,437
950,160,vote,south,536
86330,414,quality,member,920
34428,324,here,three,132
116127,636,trouble,matter,349
63082,477,great,seven,462
37685,284,again,according,680
135880,432,size,between,395
11370,91,store,road,806
56518,295,newspaper,blue,434
116418,318,rule,image,577
136234,904,soldier,stuff,963
74664,421,again,avoid,967
22215,492,financial,somebody,565
50615,96,how,become,363
10419,485,industry,with,27
82670,867,ground,break,34
32291,493,share,heavy,609
79305,417,from,order,358
99640,760,teacher,piece,502
113437,196,child,question,402
128194,150,experience,all,544
45290,858,manage,attorney,1
9239,947,new,race,233
83879,610,school,side,428
62383,961,return,yourself,585
60488,921,practice,prevent,137
13168,144,human,measure,781
131690,403,marriage,lot,13
103785,188,see,unit,568
63043,924,nature,physical,529
93083,117,kitchen,four,634
137326,130,research,Congress,942
46185,153,until,poor,681
85694,427,hair,single,133
54561,880,part,teach,23
141280,759,stage,democratic,524
139182,226,show,fight,943
69864,664,team,try,615
87963,481,respond,measure,898
117491,618,listen,ever,271
70671,778,organization,moment,705
48987,666,structure,act,642
83810,465,because,bad,532
105397,400,hope,personal,884
12306,329,represent,room,419
133459,700,conference,remain,978
106676,323,quickly,goal,374
39047,434,available,early,431
75723,719,cup,mother,660
69762,753,prevent,book,589
94586,515,model,use,152
115580,227,most,often,722
23180,732,per,general,653
23763,425,space,plan,757
112482,524,boy,player,8
68428,50,page,right,514
114478,163,six,class,227
78992,335,central,cold,216
79547,322,if,lead,870
112704,814,relate,fast,487
86899,619,music,more,688
95672,989,special,oil,262
71920,512,authority,nation,457
54817,482,business,body,886
24868,13,five,top,929
33295,310,similar,none,853
127728,333,garden,leg,571
107546,763,black,ten,711
63265,142,recent,capital,854
72973,536,operation,remain,450
78713,666,three,environment,946
117964,473,dinner,person,59
13230,661,tonight,common,732
39541,587,his,trial,248
101294,386,relationship,rich,77
93133,668,plan,debate,829
129127,265,customer,front,925
136785,244,result,situation,668
126338,78,soldier,inside,51
147410,715,collection,particularly,472
92420,941,race,cover,489
51153,715,sound,minute,224
150354,610,similar,above,307
129443,462,significant,since,496
11463,171,where,minute,346
74815,818,determine,writer,191
132660,657,know,together,751
149268,384,along,red,986
132542,129,there,mean,283
139053,191,because,either,100
34716,576,keep,usually,638
72639,679,argue,interview,69
54592,197,hope,sport,50
73596,537,star,enjoy,953
102743,262,number,kitchen,957
3743,78,way,could,985
46534,848,hard,surface,795
97813,111,option,anything,729
19178,225,threat,mother,245
30677,920,debate,house,920
5723,924,issue,where,332
74371,399,manager,official,598
20524,872,since,important,810
91912,27,fall,entire,973
146141,363,control,election,92
92610,445,deep,understand,946
100694,56,religious,cell,481
67460,793,player,heart,517
120585,624,himself,rule,137
109111,582,tough,free,624
55069,445,important,interview,459
5439,736,nature,growth,348
78013,382,provide,hope,272
128546,188,seat,those,167
100787,562,buy,recent,306
115836,573,base,himself,374
58143,269,easy,reason,312
45875,242,year,in,979
79991,747,magazine,project,464
66445,543,current,nearly,385
148999,812,bit,in,379
5253,511,thing,eight,5
41790,1,clearly,kind,532
52856,719,unit,want,191
79052,768,eight,image,388
34794,64,where,approach,124
66655,694,eye,follow,411
74957,161,collection,information,509
107739,614,space,white,742
117937,719,surface,evening,396
14601,887,notice,thought,220
128140,982,artist,benefit,405
145724,856,enter,hear,271
120795,567,push,mean,165
6913,537,hour,real,195
58317,660,improve,eye,341
49521,857,short,alone,110
116108,202,easy,role,379
8521,181,everybody,medical,916
21472,207,live,do,909
2771,850,wrong,everybody,200
135212,608,partner,his,157
43035,557,fund,card,249
131691,723,fight,performance,45
66875,189,from,protect,451
118544,575,evening,and,994
29108,631,positive,so,725
64879,974,car,notice,710
115993,933,painting,represent,917
4988,857,size,may,555
49864,941,part,item,79
60477,527,among,field,202
2327,836,most,director,144
53289,92,kind,paper,785
139489,857,and,key,225
74244,880,modern,allow,566
83898,655,sister,fact,320
60676,677,expect,white,576
133485,619,common,nature,598
85796,143,how,opportunity,370
8380,350,artist,message,977
58827,101,all,sound,574
99993,41,cup,start,824
2262,460,big,data,959
35107,419,fast,somebody,725
80127,339,instead,from,206
36363,507,somebody,ever,821
83290,604,hit,building,884
139732,363,fine,address,330
65298,976,create,available,284
103863,448,else,foreign,707
15296,45,force,sister,840
103141,426,meet,end,86
43871,396,morning,family,192
68217,785,thought,step,820
125822,889,city,change,342
16399,333,investment,entire,215
126767,451,product,one,585
27142,890,time,former,159
86133,628,change,between,56
44050,902,serve,yard,520
48125,596,message,decade,20
128705,546,a,tell,198
72026,374,than,claim,555
112637,77,strong,themselves,711
124383,548,little,despite,547
21309,677,imagine,office,707
23834,480,audience,available,179
74134,303,he,certain,822
37076,170,stand,when,716
107402,100,sell,dog,735
26408,479,relate,each,355
102508,313,would,role,840
104932,744,green,light,534
14072,150,possible,continue,842
113539,747,agreement,face,299
22434,151,cell,movie,260
145438,442,high,accept,393
37575,958,marriage,politics,856
61130,767,exactly,onto,678
16028,651,cut,mission,41
116101,946,ability,see,162
38112,24,weight,again,443
28644,872,opportunity,citizen,399
141003,283,gas,political,858
45079,686,theory,coach,699
5495,95,under,perhaps,142
111634,833,term,ago,461
147752,334,single,manage,39
92617,296,white,growth,210
56544,680,tree,field,170
48131,452,top,win,93
51907,736,condition,push,87
41039,457,billion,itself,88
80510,231,stock,few,899
131163,628,no,friend,230
118419,768,onto,of,120
49256,968,soldier,election,640
27806,288,father,people,866
137481,33,follow,almost,978
109414,395,three,company,602
46527,24,something,director,428
77041,330,sell,nothing,189
113052,989,role,later,23
16786,733,today,car,521
41176,496,same,discussion,98
5872,979,weight,tend,743
101293,363,wide,white,607
11738,722,on,however,757
125107,284,movie,also,611
109268,36,appear,night,891
88839,150,light,science,25
8278,593,issue,side,472
105130,768,around,beautiful,531
49505,527,west,list,169
21211,760,save,major,674
140588,399,role,food,100
50478,836,admit,address,516
18323,65,democratic,suddenly,415
20023,360,people,war,512
35125,515,conference,water,946
48016,566,case,rock,813
2255,47,about,admit,172
34003,100,check,billion,823
96654,288,alone,two,355
146530,312,population,listen,833
132353,500,firm,alone,74
12837,963,contain,economic,969
145027,925,indicate,administration,695
49189,919,place,available,458
1961,835,lose,visit,306
68984,886,each,newspaper,783
72924,659,professional,city,801
30112,865,free,look,850
6233,230,west,poor,177
102224,619,us,leave,590
73689,65,institution,where,817
112803,489,outside,finally,279
44211,872,why,doctor,649
13813,345,true,assume,986
60906,185,deal,lose,519
2275,518,then,huge,690
17021,600,course,suffer,381
11680,475,college,movie,27
35591,917,analysis,suffer,561
70835,833,brother,power,500
100817,564,draw,month,329
40159,918,tonight,get,360
109237,150,approach,evidence,609
70294,910,real,society,737
67975,741,identify,star,802
122717,128,subject,rather,43
55902,155,report,whatever,96
95670,653,sing,property,486
4941,134,identify,night,230
120679,78,not,morning,641
138948,655,history,throw,791
41757,865,main,exactly,929
137069,491,nice,support,813
137816,556,affect,sometimes,734
118542,225,from,avoid,956
25266,778,various,pick,243
104241,952,crime,exactly,492
27339,813,much,serious,750
107776,222,when,minute,240
149662,184,adult,party,39
25450,126,morning,measure,957
72152,417,key,job,972
93509,773,back,study,682
131565,815,ever,agreement,764
87873,306,country,wrong,121
59871,330,play,outside,267
138582,996,four,page,663
32411,316,something,head,662
47184,707,much,tend,62
66101,110,national,always,301
43855,999,Congress,federal,523
60685,850,consumer,themselves,535
18874,945,hundred,himself,775
37257,414,remember,yard,238
123566,923,manager,let,6
134435,783,she,want,315
127639,78,arm,color,800
49605,199,she,I,288
123024,547,PM,outside,8
31786,808,bill,successful,501
136249,857,mean,much,266
131906,913,remember,series,492
72590,474,suddenly,close,450
66096,315,seat,recognize,643
53657,797,decade,expert,79
97825,923,model,follow,934
32579,276,game,reflect,524
80856,45,manage,indeed,297
116049,888,feel,reality,400
22812,471,yourself,special,943
20821,382,red,kind,726
70181,400,not,allow,968
19255,782,reach,produce,175
137469,780,kitchen,try,537
11444,514,third,something,905
34229,130,development,third,11
87783,424,dinner,continue,162
101546,22,science,relate,532
62233,498,either,himself,300
98663,808,wife,figure,924
75768,566,onto,whose,515
118895,658,set,bring,906
135965,772,region,place,425
85758,112,go,treatment,779
123999,741,television,result,625
46860,777,itself,company,788
19044,589,letter,force,204
129929,114,protect,build,914
80073,251,board,year,944
14318,691,could,include,714
30843,824,country,star,746
39557,194,your,section,728
75859,444,something,season,87
68643,927,enter,stuff,569
149642,388,another,democratic,428
123124,385,catch,citizen,746
92967,406,word,wait,60
78315,775,under,tough,695
76553,390,hair,body,353
27711,1000,author,help,537
28051,77,section,laugh,103
148595,70,important,always,1
86355,963,church,difficult,75
149092,911,develop,case,218
28988,294,hour,animal,939
79338,604,section,town,346
77545,483,role,possible,771
116468,452,relationship,fly,956
73406,187,study,most,228
18539,463,past,travel,988
102654,232,type,chair,942
120982,576,whom,PM,532
104320,279,significant,action,1
33744,300,sound,various,771
13694,717,cold,glass,3
119594,19,newspaper,analysis,985
45624,797,give,learn,489
23069,117,case,appear,84
104329,617,generation,price,190
17678,13,can,them,245
114775,681,another,front,928
4888,469,cultural,believe,596
22415,140,chair,own,981
69234,475,whole,believe,980
23306,694,there,play,39
36620,309,public,career,80
106617,924,PM,price,849
28192,799,large,trial,375
151045,821,argue,citizen,189
126688,348,free,suffer,698
143311,12,serve,compare,510
74634,360,she,share,875
10053,186,science,thought,822
92116,572,either,civil,690
139541,400,course,behind,510
14192,977,front,become,528
38772,473,financial,culture,678
99282,719,price,well,471
88803,512,performance,reality,845
81143,566,this,worry,450
85433,20,must,five,189
96744,347,nearly,mission,967
56208,256,tend,end,449
19731,508,soldier,defense,419
15525,8,now,car,809
126423,871,put,road,412
29874,321,threat,after,497
4461,158,hear,explain,509
100314,392,affect,whether,135
151054,376,best,year,922
6372,804,although,training,915
120655,92,others,rock,530
111261,559,cup,trouble,931
51810,698,next,happy,195
39394,700,to,decade,436
9876,743,just,into,46
17564,544,would,type,436
24848,392,total,message,467
133145,657,natural,miss,845
30595,295,pretty,office,368
21620,969,relationship,off,572
12213,213,behind,common,475
27707,998,be,attorney,978
9901,601,remain,look,849
51331,594,actually,sort,511
103643,470,friend,without,421
132564,952,anything,but,519
84517,744,toward,step,567
41478,871,apply,cost,147
16286,126,use,pretty,248
143422,253,he,me,593
29501,721,less,life,944
134804,629,agency,economic,687
132131,466,mean,teach,12
57059,16,month,sure,119
135168,14,majority,response,272
118035,173,especially,state,150
128438,190,high,remember,834
77592,241,site,threat,912
140433,93,cut,story,806
72379,204,someone,PM,596
50986,623,my,miss,669
20604,234,kid,those,451
17348,141,site,light,548
104303,216,reality,firm,895
58229,754,hold,leave,371
138752,389,president,drug,481
84046,142,station,even,218
105152,599,pay,answer,311
73517,767,contain,western,415
77917,628,food,interesting,438
35980,191,ok,these,129
28510,65,score,put,451
26583,353,book,people,254
59070,283,process,phone,635
120011,882,whole,well,246
20834,341,born,worker,431
100396,917,opportunity,light,29
6814,616,on,thus,271
41381,185,reveal,stock,940
109209,980,cold,decision,165
38985,544,interesting,dinner,328
37319,326,still,beat,49
86645,223,field,left,343
129026,887,administration,season,998
136379,937,total,adult,274
13629,655,letter,table,263
6796,839,current,management,959
8679,559,occur,none,548
12470,859,happy,against,738
60549,202,worker,every,480
73935,665,leg,Mrs,181
78058,154,most,result,502
6481,536,such,stay,199
151186,513,much,show,156
146383,555,no,conference,182
44633,411,purpose,TV,339
130157,521,player,exist,272
96753,329,customer,put,885
64988,301,partner,friend,876
119521,785,pay,food,742
19037,766,agent,if,356
136609,539,view,also,203
5781,649,build,program,330
31545,838,ready,wait,954
38116,701,lawyer,plan,991
121797,668,coach,gas,570
122037,163,receive,system,28
88885,242,admit,age,803
119837,973,husband,scene,510
2282,923,market,poor,701
119311,837,reality,ever,105
94021,432,ball,now,669
127983,195,bit,likely,149
41046,890,eight,study,989
41756,587,whole,treatment,267
1291,791,compare,fire,922
51883,751,wall,couple,666
59062,871,value,term,921
141296,655,adult,hour,683
10053,572,reality,develop,748
24838,646,assume,anything,353
53057,347,difficult,need,935
19750,282,piece,minute,51
6951,708,song,each,918
121123,371,however,one,300
32847,606,lose,other,469
7820,712,so,lay,108
42238,8,pattern,rather,267
48899,776,room,opportunity,994
67459,109,old,evening,788
60899,429,official,our,17
70254,848,partner,ball,113
24662,260,sport,although,57
11764,907,if,PM,555
7637,135,need,hit,711
6733,723,ever,budget,798
62554,27,upon,foreign,682
84701,356,a,side,670
35510,477,compare,white,8
108733,730,but,national,27
125806,597,indicate,involve,723
114392,28,spring,force,633
143798,286,serious,address,199
40911,16,ability,pick,127
28902,863,from,son,863
12488,330,letter,nor,856
47365,248,role,good,822
147079,449,affect,meet,485
148088,417,lay,energy,672
56601,183,heavy,picture,190
20963,861,rich,interest,62
97125,106,beautiful,write,234
57838,287,try,fast,700
6973,440,anything,chair,54
110704,352,scientist,some,150
17408,164,road,seat,370
111627,784,actually,off,334
124926,354,mission,although,565
112157,211,far,investment,617
105935,51,woman,impact,816
109795,108,process,market,319
63916,337,sell,hit,414
36017,508,wait,or,626
28354,571,none,Mr,324
138497,709,center,lose,520
119660,196,like,property,685
85176,267,eight,drive,803
87049,887,quality,court,263
27467,233,issue,management,81
93872,616,leg,baby,745
41392,597,discover,possible,425
124711,491,buy,nature,744
69306,569,from,then,685
115990,115,agent,our,647
110938,873,green,difference,948
26295,965,century,research,777
110056,512,none,three,830
113216,25,hold,apply,172
9120,430,against,Congress,668
24992,6,paper,never,208
85133,190,only,along,681
77305,728,condition,effort,39
16769,112,clearly,above,73
92756,338,gun,surface,372
37517,288,should,although,301
73911,780,individual,day,156
23030,999,happy,blood,280
99442,752,may,alone,837
143832,764,wait,season,225
118453,699,white,finish,579
27950,350,authority,receive,576
24508,105,city,upon,880
43345,574,land,poor,422
83092,914,measure,Mrs,721
121294,917,whom,house,697
4792,689,medical,down,174
79893,651,leave,about,561
115040,666,against,just,386
93281,346,capital,particularly,649
84134,840,window,southern,717
76059,239,important,fire,187
109354,837,study,skill,364
148136,712,structure,show,818
86722,854,entire,girl,109
41919,632,bag,perhaps,534
144410,5,foot,true,813
18712,595,right,manager,142
5469,719,citizen,college,730
127162,339,south,machine,326
20238,516,stand,own,645
93670,175,budget,what,579
100570,571,manage,consumer,253
135287,269,soon,share,629
143739,920,effect,into,85
34241,757,positive,tell,69
63779,995,father,mouth,632
65633,552,identify,you,669
98574,465,job,personal,251
111479,555,catch,worry,581
74549,78,agreement,all,389
70426,60,ball,couple,14
57772,893,language,night,599
130819,811,mind,authority,200
2024,339,determine,home,213
119194,625,stuff,it,864
41488,437,true,far,106
136158,663,capital,another,94
62047,244,history,research,71
129367,541,drive,full,710
136975,506,dream,government,525
9406,996,than,for,664
85084,541,drop,project,54
96976,918,institution,nothing,278
20068,396,interest,process,707
144150,984,decade,standard,415
77664,586,smile,begin,542
118088,514,approach,animal,13
115122,226,rest,social,740
51965,784,girl,performance,427
17739,294,reach,stand,739
54522,43,degree,attack,502
3432,276,window,career,784
83018,355,science,machine,613
38279,524,money,only,337
74200,992,smile,cost,434
25786,378,politics,conference,209
48923,281,serious,final,801
115235,219,contain,week,616
144664,702,popular,thought,75
114294,602,near,down,299
116342,953,single,long,860
41544,905,result,usually,317
20553,894,attack,discover,544
16115,890,reflect,according,293
72534,485,fill,live,410
139255,923,yes,smile,856
79699,617,dog,ten,438
96284,161,simple,wide,459
131736,310,well,maybe,150
97602,577,cost,pattern,500
129844,464,product,TV,615
1690,171,standard,might,483
27937,115,talk,product,221
125825,402,western,prove,451
34750,214,ask,administration,620
109951,257,her,thing,515
118218,134,clear,religious,587
116193,76,ground,public,922
125612,962,save,expect,261
73735,389,poor,nor,299
60984,562,know,property,868
3535,530,ago,end,954
13793,630,stuff,forget,442
95428,491,before,reason,286
101634,979,after,field,324
89983,497,everyone,customer,101
15290,619,party,eat,244
99835,302,between,article,760
104261,30,off,worry,522
108807,764,sound,up,537
58176,760,property,edge,640
62998,576,choose,raise,757
149532,959,return,movie,941
84253,492,health,image,435
134707,936,expect,rise,163
58353,665,father,career,226
43590,570,eight,turn,642
67560,47,a,wall,905
62985,236,car,enjoy,804
56138,15,office,news,64
76563,67,system,age,175
117460,918,other,similar,418
3258,172,reveal,bank,236
112270,74,daughter,world,843
31052,552,available,take,525
136596,504,sit,national,592
4884,751,each,old,915
45108,786,peace,season,987
134309,425,laugh,authority,149
45598,904,since,away,902
69610,631,generation,within,46
140935,459,Democrat,fall,118
109831,738,north,next,746
144414,429,general,stock,157
51472,129,pick,less,273
58459,152,image,for,481
117686,58,attention,wrong,730
148293,174,Republican,say,112
20914,105,tax,green,669
59960,6,heavy,beautiful,69
143513,545,important,from,321
94687,836,concern,somebody,460
9444,555,move,large,837
78610,767,four,majority,672
44825,735,green,product,379
89854,713,democratic,doctor,88
105040,886,mention,suggest,774
35159,194,visit,feeling,182
43610,830,his,fight,162
3104,675,attorney,writer,847
83222,149,stage,control,397
76120,505,now,population,432
62912,415,born,interest,632
129248,79,born,offer,239
93449,286,turn,expect,652
60621,533,begin,early,573
143606,138,budget,enjoy,106
123068,777,manager,seat,765
73967,191,include,country,222
110611,114,item,religious,85
88313,755,hair,order,610
107383,59,thought,my,729
48713,746,near,risk,354
92049,457,realize,cup,832
92602,966,rise,front,373
95875,95,sport,really,574
16622,6,choice,buy,559
14515,226,tend,peace,575
141548,220,Mrs,federal,91
10581,116,media,day,114
75307,231,everyone,claim,833
62031,260,investment,stand,309
90679,806,according,these,802
79877,665,response,the,593
53650,297,book,art,659
20343,766,inside,leader,484
62573,80,he,door,272
59453,412,easy,discover,993
137663,463,computer,politics,206
65433,234,change,already,105
13975,538,guess,treat,614
116560,102,public,ask,408
83672,242,rule,road,992
97117,588,need,door,29
112664,363,picture,they,282
49312,355,six,room,804
106720,681,many,computer,199
121221,762,quickly,focus,941
16855,794,general,store,938
130035,765,skill,rule,752
88601,633,life,law,395
14764,467,sense,whose,686
85218,998,why,building,710
848,557,purpose,old,502
24408,659,television,local,192
49869,667,couple,heavy,452
85678,382,career,throw,30
102429,30,real,century,753
73264,521,six,step,245
122981,47,involve,understand,222
61488,695,decision,along,476
54047,688,what,civil,248
134491,576,quickly,economy,663
68127,238,green,whether,857
50817,210,current,right,160
141374,927,them,color,695
28226,943,citizen,technology,34
27652,318,against,send,411
27725,946,follow,follow,697
95305,162,rich,say,264
87522,469,recently,able,650
17043,586,treatment,gun,245
30699,426,miss,sing,563
88137,227,Democrat,certain,814
18198,81,dog,current,704
60039,191,forget,lay,712
110680,319,election,policy,867
5030,410,attack,physical,680
7897,537,management,speak,562
102834,841,six,receive,244
17068,523,produce,measure,734
35930,254,hand,board,843
33862,471,policy,than,326
17462,1000,answer,sell,508
14137,220,we,impact,362
123292,92,almost,stock,294
83008,490,medical,push,414
11399,696,foreign,that,550
92657,896,catch,really,988
107953,942,find,three,233
106679,12,long,usually,944
140516,844,agree,out,228
126163,116,energy,bar,329
35797,623,strong,area,206
80966,541,wait,moment,963
145495,157,trip,program,574
27980,820,actually,early,264
20420,468,before,agent,924
36639,745,determine,maybe,562
17429,861,before,that,841
142077,246,yourself,truth,602
151369,639,teacher,oil,51
10665,208,week,six,61
20794,370,health,open,288
89473,660,better,science,109
5141,983,seven,marriage,640
25891,609,all,onto,689
70321,556,also,turn,83
27798,208,fight,whole,579
142488,565,behind,majority,37
15367,720,treatment,water,172
47050,452,arrive,sister,412
35871,443,white,good,936
102551,529,great,system,790
123962,412,democratic,also,475
132105,384,cause,foreign,922
72868,76,himself,east,251
115880,229,hundred,goal,468
148393,586,trip,arrive,903
91762,966,important,happen,447
46122,180,open,always,339
21619,746,police,above,110
141290,67,job,moment,17
83191,823,five,out,359
88084,334,deal,enjoy,411
75895,36,season,western,661
106342,133,ball,collection,374
105379,127,then,quality,920
78059,182,fact,interesting,673
102656,606,son,cause,700
105519,911,floor,nothing,890
115182,292,raise,indicate,547
43918,41,according,morning,250
114175,615,despite,raise,413
96213,192,gas,pay,592
115107,528,learn,degree,421
141877,529,drug,education,943
95970,768,speech,call,382
96070,81,wrong,raise,498
141157,989,today,push,989
140209,700,least,suffer,906
99930,637,one,thing,686
121166,861,wish,night,285
146284,555,above,must,23
87877,851,guess,evidence,759
115365,725,prepare,throw,550
2292,378,green,leader,292
17608,760,lead,around,216
113026,939,everybody,each,739
35932,325,produce,stage,986
83140,703,here,professor,139
8978,368,short,hot,90
64705,649,card,we,84
138339,748,score,item,405
75823,764,discussion,lot,287
18297,689,yard,have,21
139048,55,cup,born,620
40378,828,difficult,event,865
135921,171,involve,now,944
95821,480,stock,player,74
100236,892,today,popular,899
2044,657,perform,as,132
109293,359,west,road,157
63384,227,tonight,treatment,501
17379,15,herself,light,159
19555,758,beautiful,air,933
38679,284,including,room,32
33567,970,eight,sound,199
12600,671,old,someone,494
50440,359,tell,tax,204
119308,865,product,majority,274
76808,481,product,financial,92
67002,667,pull,year,990
111643,658,professor,summer,286
88213,549,nor,push,594
41719,757,record,policy,902
119259,558,test,wrong,328
89331,432,federal,ever,902
28131,561,old,most,569
8285,270,democratic,window,210
38506,90,increase,memory,617
48573,229,too,image,525
42149,993,player,speech,60
30436,918,staff,much,497
43545,781,western,together,802
106407,278,guess,drive,956
138009,241,store,present,252
49629,546,happen,position,735
26562,472,yourself,up,216
63627,68,area,only,68
128830,46,poor,reduce,669
143401,780,glass,beyond,576
92386,529,something,popular,526
21253,370,music,citizen,573
44122,619,spend,me,137
147531,265,skill,indicate,226
117965,403,better,mean,552
85492,280,dinner,product,232
26067,188,particularly,leg,564
6,352,beautiful,might,102
47287,404,occur,western,538
92356,919,world,choice,236
88567,424,early,free,683
57333,654,possible,accept,944
27478,675,from,some,57
106844,393,total,gas,847
114791,624,despite,agreement,605
24127,109,firm,quality,886
61828,747,any,enter,790
85244,347,commercial,available,931
87873,951,begin,generation,558
8834,29,news,term,320
14939,375,protect,represent,577
45375,343,glass,another,448
68607,363,child,dark,907
100409,618,exactly,drug,149
52640,253,short,son,105
103285,504,spend,set,948
105745,366,woman,national,624
103375,47,fall,can,596
73940,729,necessary,book,341
143587,352,news,idea,959
76275,12,than,family,799
65815,945,parent,manage,276
53151,163,anything,technology,655
76086,16,loss,owner,751
38301,581,season,recently,603
148088,726,difficult,do,350
2552,610,TV,of,611
51350,220,magazine,fall,478
59485,226,son,staff,441
96621,330,spend,direction,231
137748,30,energy,surface,342
21795,274,month,all,295
70335,87,mother,hold,91
17454,177,Mrs,indicate,69
10370,414,ago,look,926
136229,422,back,main,960
118016,766,who,yard,592
104194,720,no,beyond,774
44501,695,current,third,248
92293,433,phone,research,525
143123,370,image,war,155
79954,825,serious,former,90
14668,994,true,foot,333
148420,368,spend,down,189
18235,171,new,point,431
29515,102,store,various,636
66713,892,ok,free,738
20732,94,check,watch,678
38184,668,community,I,704
78128,132,thing,ago,867
66375,601,effort,since,594
71737,38,attorney,never,473
68113,183,set,cultural,38
126851,599,never,season,309
61155,21,season,imagine,74
14475,716,collection,new,577
55562,904,majority,improve,207
23382,130,hour,according,585
95472,240,through,full,371
108029,613,course,able,742
64985,766,stuff,position,231
10274,544,respond,imagine,824
47682,428,exist,hotel,649
49266,843,least,million,814
98324,4,cost,notice,968
130692,799,help,author,63
108810,31,technology,game,224
74816,220,enter,return,11
115957,730,skin,road,613
90864,778,house,buy,796
148582,15,crime,yourself,117
113625,830,case,show,940
47089,730,thing,class,334
108896,735,myself,at,420
143189,290,hotel,system,939
146357,920,century,reveal,14
120241,17,staff,international,680
18254,999,right,pay,887
64366,973,answer,simple,21
82585,109,degree,million,605
26133,907,cultural,change,286
16933,131,inside,marriage,541
37445,316,area,call,227
121382,462,may,would,678
43696,675,age,painting,610
57919,728,system,even,200
30147,989,though,bank,731
123100,194,too,morning,559
67016,163,ball,learn,446
131172,951,easy,religious,500
67440,661,light,star,73
74265,812,human,either,213
86692,658,arm,knowledge,403
121581,948,require,push,932
126382,250,line,pattern,69
134861,575,radio,follow,620
39515,950,activity,doctor,470
18940,881,I,media,97
102229,74,heavy,foot,171
90530,666,develop,individual,40
9272,351,power,rather,741
65434,762,movie,through,256
128196,304,sea,build,472
111604,489,TV,food,579
94837,646,apply,standard,607
100599,350,future,provide,988
51606,792,beautiful,method,236
72717,633,parent,ask,763
34164,975,help,view,4
17699,719,month,marriage,115
44113,716,wall,network,183
116619,181,test,group,442
38816,237,cover,news,473
64888,962,buy,forward,73
32923,988,ten,light,936
4343,623,room,forget,155
136994,402,visit,consider,776
70705,502,boy,sing,861
71644,180,write,network,880
123617,502,present,talk,91
85838,805,need,include,422
17546,203,together,manager,302
79107,265,agency,federal,477
94362,106,successful,white,356
31986,150,total,agreement,208
123618,680,know,sometimes,693
103873,141,open,subject,359
134295,751,amount,so,798
43242,875,able,new,615
2066,551,her,Congress,373
103945,3,too,place,747
130427,682,whatever,current,164
70942,21,near,expert,372
137733,33,truth,list,384
27241,248,main,among,585
145457,467,along,end,72
14368,417,reduce,four,716
20161,785,exactly,to,75
97523,331,glass,traditional,917
34466,731,explain,visit,180
74501,795,century,since,261
99425,827,necessary,black,720
12467,846,director,black,167
98108,871,energy,actually,273
106785,376,begin,set,3
143120,57,officer,college,628
12446,727,him,guess,514
127088,375,tree,executive,641
60707,920,state,full,435
139124,993,perform,maintain,548
17876,557,building,century,806
104934,506,course,fall,485
138894,134,catch,cost,211
42247,738,score,decision,532
44829,873,world,mention,912
41315,306,gas,require,979
65839,327,environment,arrive,678
20383,613,consumer,many,399
109658,549,lead,major,116
79124,276,man,should,444
11937,358,see,early,129
87574,527,argue,southern,869
20995,758,see,off,823
128387,157,per,standard,929
40413,900,left,newspaper,910
71655,294,PM,so,474
15386,581,southern,bit,697
3438,35,education,sure,145
36000,70,tax,specific,546
12771,936,south,affect,981
39985,246,age,ever,250
54358,388,agree,hotel,930
454,337,issue,once,853
51671,821,east,which,360
43658,670,lay,large,6
26122,951,difficult,race,173
69295,166,team,we,198
24065,309,trip,tax,429
142847,235,prevent,administration,590
27767,848,much,responsibility,629
64169,192,after,talk,73
37722,740,various,together,120
107407,299,necessary,gun,491
69196,86,low,second,108
120125,726,shake,entire,873
127394,98,eight,federal,988
136150,48,city,which,209
70689,246,fast,money,287
149748,352,there,morning,505
25702,872,power,assume,589
41637,159,scene,their,270
71022,946,religious,open,235
57530,832,himself,million,36
107909,134,law,structure,671
109225,249,politics,how,730
83147,940,sure,whether,614
3939,156,difficult,forget,956
126111,477,hope,throw,212
77365,902,past,research,259
45897,643,drive,compare,168
91327,766,prepare,answer,830
106578,989,new,history,519
89271,744,close,group,509
138851,567,action,stuff,650
39517,660,science,three,197
113278,734,development,middle,411
61928,823,get,day,842
119065,187,address,financial,289
57866,619,network,could,463
151178,573,car,plan,313
116912,796,according,respond,288
32229,596,material,type,760
67065,447,very,mention,173
109458,538,join,act,745
28635,511,financial,amount,902
28809,493,process,Congress,397
147177,707,risk,paper,163
117886,37,own,decision,719
103829,831,would,in,223
9528,139,time,policy,226
120840,140,argue,president,493
66883,198,information,since,265
104559,971,themselves,parent,747
58771,787,instead,think,669
114222,254,similar,very,450
141473,520,campaign,both,196
101481,327,sea,no,649
11788,934,mouth,rate,54
74388,293,police,consumer,909
63888,853,play,reduce,600
66495,241,former,itself,398
143940,685,strategy,more,907
53522,135,weight,reach,938
20668,172,these,among,265
26531,393,share,seven,189
84469,501,account,partner,651
30586,295,improve,step,235
74215,702,individual,water,449
38678,41,lead,participant,1
89067,167,friend,policy,795
25042,567,way,opportunity,829
127924,790,significant,night,240
32324,727,themselves,official,45
19069,541,artist,conference,221
12174,748,mention,begin,207
39852,707,toward,season,511
78751,934,name,risk,295
77112,597,suggest,institution,496
94352,163,group,international,849
65187,911,cup,site,54
21999,938,sea,cell,264
119998,800,issue,must,3
139981,116,look,notice,283
18795,659,reach,hair,741
129105,737,Mr,fire,661
17841,579,trial,charge,223
72617,362,the,social,568
53303,524,strategy,eye,733
119358,714,indicate,seat,174
2158,815,study,three,674
140712,108,picture,many,660
21589,673,relationship,nor,405
113973,859,section,space,232
57997,780,meet,think,908
130565,22,as,far,582
59820,761,she,national,454
94610,556,feel,ground,799
84519,317,dark,job,335
106032,378,professor,south,647
32145,604,than,society,562
12097,854,successful,particular,496
56612,640,phone,black,899
37617,726,without,cold,963
39989,436,stuff,thank,320
75719,960,play,night,302
134618,409,behind,including,123
90254,47,plant,really,567
97024,187,visit,page,805
77164,601,boy,include,15
86995,858,bring,something,700
67137,560,table,ready,284
119602,204,able,wish,898
57030,816,but,today,512
81461,953,tell,against,799
49166,683,only,hard,529
36917,434,prove,number,996
79219,620,public,student,247
33910,229,term,worker,26
92477,760,interesting,set,797
34307,433,eat,point,631
52414,975,wonder,cultural,756
39805,512,show,my,327
17746,21,fight,city,77
62924,381,service,onto,432
69164,997,century,including,567
23411,572,ago,often,124
133547,994,structure,yard,158
92120,557,appear,beautiful,445
76263,393,everybody,skin,182
117873,779,vote,majority,621
13747,32,until,author,996
77647,699,before,situation,13
50044,885,southern,their,568
81173,479,I,traditional,129
109869,276,situation,play,948
57350,304,unit,go,939
19953,590,bad,go,882
40660,178,research,oil,889
94810,324,purpose,discussion,674
136765,99,be,system,305
78488,315,sing,natural,142
23452,859,west,present,70
15257,493,who,beat,858
105826,998,financial,so,214
143986,928,stuff,perhaps,428
46042,477,where,unit,327
113707,744,debate,risk,607
35851,737,tough,stand,663
3384,304,better,computer,979
73054,27,under,take,80
37271,781,late,evidence,291
21805,762,author,simply,523
28476,902,card,memory,59
116666,431,husband,board,252
37399,103,life,exactly,976
43041,993,few,debate,72
41001,570,issue,wait,519
45706,500,quality,cold,740
121216,887,race,expert,833
112797,765,phone,high,197
133028,901,exist,cover,16
40834,405,whether,suddenly,954
15296,267,result,wrong,752
94408,366,pick,indicate,32
98605,45,build,Mrs,503
68624,498,entire,within,482
80677,269,here,white,909
34939,362,no,approach,715
83695,651,research,industry,996
131774,453,sound,both,47
67352,605,person,white,184
112584,226,each,another,753
87744,548,course,despite,989
5559,573,knowledge,condition,931
17924,324,design,likely,817
140963,223,hard,the,212
122453,38,though,nation,272
126577,527,kid,themselves,801
148453,245,share,political,124
73310,356,bit,official,934
138130,932,itself,physical,876
63176,141,unit,stand,607
70665,263,suddenly,idea,5
68858,922,scene,that,839
54033,926,care,spend,591
58087,266,agreement,safe,679
89882,226,key,win,89
140017,820,accept,agree,79
135662,701,talk,tend,487
41789,994,wish,movie,59
36475,138,ball,little,241
145215,914,social,dream,312
24677,915,quickly,message,769
147440,850,important,page,915
6468,84,majority,pick,554
102606,993,set,agent,881
3782,930,suffer,seem,604
146310,640,note,treatment,90
79131,462,letter,play,534
146822,811,stay,attack,639
123504,259,subject,benefit,624
25208,777,billion,front,706
134294,12,feeling,democratic,477
145072,308,certainly,size,616
94403,728,project,stage,769
41264,851,way,across,882
2099,585,help,single,968
86276,779,president,require,86
25267,178,argue,conference,820
101172,498,operation,thank,676
123266,793,cause,various,514
60467,503,pretty,us,149
57505,404,own,include,147
23157,996,thought,find,638
49679,461,certainly,employee,847
89757,119,partner,lay,889
43788,205,letter,stage,252
24056,840,degree,end,254
40026,469,citizen,you,833
91753,365,reach,three,775
116208,478,career,he,478
149716,396,concern,husband,869
49184,494,garden,fly,805
49064,675,site,financial,125
40713,25,ready,so,887
52537,395,international,yourself,914
118837,856,help,cover,827
95904,51,who,six,763
90081,112,garden,discuss,618
76185,367,yet,I,624
129403,306,half,employee,387
151155,195,red,friend,803
102015,22,can,home,72
36634,944,goal,Republican,749
32846,200,party,prevent,259
126438,787,keep,customer,151
20085,630,decision,turn,831
79708,518,major,particularly,548
110397,446,education,raise,714
48401,647,carry,system,466
2843,106,throughout,painting,766
82,229,themselves,yourself,298
26753,111,today,over,459
13454,195,build,discover,917
9223,267,listen,personal,861
133161,262,mention,old,648
16061,143,analysis,human,312
72313,610,while,strong,773
1002,443,situation,carry,649
114880,354,hour,research,596
138844,369,own,from,948
8681,90,draw,sound,382
19738,616,compare,western,708
64568,700,green,far,992
81264,838,spring,mind,797
4886,644,many,reach,675
49026,511,particular,build,918
60442,675,social,rate,943
25657,158,yourself,picture,954
18581,542,well,person,712
128290,327,itself,money,166
3514,910,turn,have,845
127966,855,west,likely,713
86018,27,special,one,780
118557,548,wait,wife,615
46355,156,mission,team,656
81976,679,structure,benefit,782
60288,166,I,whole,284
47715,505,low,chance,624
147396,489,wall,so,961
66158,407,organization,Mr,166
93056,586,decade,describe,10
37670,913,box,to,512
105447,581,actually,fight,861
112715,177,role,including,820
17018,641,work,again,147
115488,266,worry,bill,548
70630,741,like,expect,893
107391,244,through,drop,499
34290,208,personal,his,780
114152,846,player,before,68
127786,219,officer,support,607
59160,31,nice,before,418
22293,357,nature,four,729
51629,304,our,first,165
32621,502,have,grow,620
148388,414,pattern,course,6
108131,47,mother,daughter,911
26429,323,bring,most,292
5239,488,condition,model,422
132948,182,decision,debate,614
27716,238,station,trade,294
5070,912,six,very,877
39155,51,station,do,768
78176,916,yes,discuss,605
50535,784,writer,tough,42
42633,539,her,hundred,240
146072,675,travel,study,581
12831,248,subject,keep,83
68214,272,view,discussion,573
129121,782,describe,example,48
50733,171,decide,house,127
108515,863,seat,center,638
79779,478,enjoy,store,20
118866,388,clearly,me,53
118306,749,woman,crime,13
20297,503,minute,also,629
17986,930,Mrs,positive,432
70461,235,argue,much,636
139169,466,life,individual,613
20575,514,sense,party,828
149903,633,later,something,39
139792,736,ahead,white,988
43095,86,boy,student,1000
118756,139,off,nation,856
139681,44,full,fill,953
73917,654,model,guess,926
67445,953,make,once,271
120432,586,say,choose,349
92166,199,marriage,back,633
93305,224,fine,until,262
134168,535,son,pay,616
114946,411,office,interesting,346
51908,617,almost,may,288
38915,416,move,base,907
113311,497,who,word,633
86250,468,nature,summer,764
130510,620,free,see,513
82593,244,time,air,668
84042,345,year,direction,908
24471,972,save,song,499
69201,590,fact,almost,340
2022,60,finally,us,584
66574,802,cost,behind,58
56093,759,enter,provide,88
120527,591,hotel,which,417
43896,516,long,year,670
149009,591,reduce,type,839
107668,123,better,through,761
81473,945,southern,Republican,689
97780,701,wind,management,137
33082,722,know,increase,538
90901,404,chance,improve,741
13308,939,town,method,626
95568,713,billion,west,54
15469,719,item,bring,311
78233,501,growth,hear,452
9280,466,class,rate,253
99874,392,century,expert,430
107762,683,compare,success,753
53568,84,interesting,face,229
129519,122,bank,shake,992
145063,344,sea,leg,175
83305,432,fast,brother,671
129865,69,fish,service,631
48626,415,account,here,113
59467,957,political,which,539
16467,78,writer,late,196
73599,906,system,which,660
83782,218,into,film,509
50467,72,man,talk,189
106156,115,end,far,70
116860,387,eye,type,277
107362,654,one,water,20
84040,31,key,buy,56
55530,183,play,center,140
15859,519,modern,send,582
117822,323,mind,paper,589
143467,782,religious,clear,749
131718,747,him,month,363
107379,10,wait,any,690
97385,853,to,hour,551
143059,459,trouble,a,54
124926,372,after,much,816
43415,293,ahead,race,767
71436,517,national,moment,395
112980,814,since,indeed,615
109907,725,require,you,219
84142,799,call,weight,458
142473,499,speak,last,243
80982,2,those,red,762
14461,561,over,usually,750
8700,534,senior,indeed,915
136238,145,wrong,wait,752
138260,356,for,close,753
42581,320,media,five,347
33756,951,buy,measure,613
150481,484,occur,stock,540
80106,118,coach,suffer,580
120893,836,resource,lay,949
99277,774,trouble,choice,861
88389,609,surface,heart,583
40000,586,sign,occur,474
66066,802,send,office,946
72426,721,idea,plant,146
27967,310,back,book,966
92788,602,wish,probably,28
143848,524,time,early,472
87632,512,song,change,991
132538,680,standard,entire,997
15138,111,road,remember,576
121316,743,government,should,734
76242,943,key,begin,170
95116,730,later,leg,267
96652,559,if,same,425
114642,415,use,generation,118
135280,883,church,after,196
29771,237,respond,wide,781
83258,504,camera,parent,691
84280,383,training,piece,324
44040,764,boy,travel,940
101433,49,change,safe,336
140384,372,memory,attack,714
85595,528,decide,hand,208
131716,314,head,everyone,319
5263,680,guy,general,157
88103,318,trouble,shake,440
118238,750,sport,structure,873
55094,273,alone,fast,789
8764,855,bar,century,751
89350,598,court,cost,877
77597,343,watch,state,961
24463,507,himself,ball,371
129690,686,discussion,property,910
63575,533,week,defense,77
12052,577,talk,down,433
147573,326,draw,nor,486
128899,95,daughter,agree,264
82729,749,for,college,137
145649,591,federal,language,299
111032,631,major,contain,466
137106,500,stand,degree,395
87024,254,similar,support,79
67872,481,form,material,932
122194,526,drop,protect,409
23481,571,area,door,367
6014,710,experience,walk,815
74,875,do,right,206
143602,957,laugh,well,105
143113,181,close,table,920
4801,844,name,impact,935
138196,628,high,accept,101
140269,365,move,model,412
111467,501,cost,maintain,740
119004,697,significant,short,189
56154,117,wear,concern,59
111504,609,artist,knowledge,328
54881,603,project,build,199
83842,842,tell,wear,191
59717,697,only,marriage,910
18583,965,many,nice,613
101765,801,red,strong,782
51124,106,and,page,58
43271,999,base,part,481
109754,122,suggest,second,38
45081,759,international,day,635
117200,373,can,suggest,689
91913,739,seem,clear,253
8052,245,case,way,285
31866,451,eye,contain,45
134020,718,with,success,451
144871,564,place,best,755
32003,256,response,administration,981
141790,210,fire,everyone,540
44779,582,top,teacher,259
73664,266,politics,feeling,178
40890,843,here,range,980
60288,431,rather,wide,934
44670,567,goal,from,424
146964,77,upon,buy,648
28121,189,walk,those,880
31154,891,behavior,measure,367
80512,973,blood,play,454
47820,852,they,approach,640
92665,691,particularly,reflect,35
132308,297,arrive,team,901
144216,909,key,eight,476
95463,222,there,recent,50
51539,568,specific,himself,242
130717,406,trouble,year,103
48236,517,by,specific,554
29043,830,wife,meet,278
54341,88,bad,air,340
90585,593,establish,economic,828
124403,665,power,return,755
114104,984,history,trial,114
105800,563,long,company,454
11494,912,could,which,728
87252,799,travel,lot,784
6774,483,sort,clearly,598
43233,283,century,style,750
48960,472,production,Democrat,392
9471,421,heart,develop,23
81743,469,network,role,87
19047,827,position,another,995
138269,716,nature,partner,771
96871,155,argue,lay,634
78984,681,head,leave,295
91722,100,around,win,612
55983,814,operation,first,239
51725,493,anything,including,324
30246,774,act,speech,946
2036,564,exist,white,412
94753,264,moment,old,465
66545,341,indeed,who,206
36244,372,later,toward,171
7508,407,pick,study,570
148705,185,history,popular,320
22305,57,when,six,630
19853,973,especially,light,738
148068,674,send,situation,286
15290,449,analysis,discover,513
54767,359,practice,both,762
59269,954,media,such,42
114683,355,say,foreign,656
135321,929,center,expect,329
38270,342,open,question,57
102828,401,significant,table,689
120110,542,his,teacher,394
129049,31,pay,for,185
94060,575,game,subject,742
150637,448,weight,also,818
143058,909,responsibility,far,541
44213,238,life,address,735
103741,996,beyond,level,713
119630,977,trouble,family,611
91963,711,side,who,126
14040,175,person,he,321
112189,331,find,consumer,462
127719,616,measure,range,121
14651,835,test,military,406
88295,895,each,simple,135
109348,631,its,only,877
83266,85,cell,those,493
95638,13,best,day,390
29329,142,late,lose,48
42679,367,inside,thing,519
18862,451,expect,personal,998
52070,218,laugh,air,199
85413,313,last,thing,935
124820,750,democratic,response,317
19375,306,relate,if,339
21474,692,white,from,636
36352,527,happy,treatment,71
138157,851,country,language,97
21271,637,teacher,allow,526
89223,790,speak,listen,290
10394,85,soldier,somebody,375
125397,609,example,wonder,641
115159,273,approach,buy,358
133275,813,room,compare,46
103194,835,dream,perhaps,985
121909,254,understand,writer,792
137730,335,anyone,some,817
113736,177,possible,against,980
66311,596,usually,case,732
84054,182,agree,deep,265
112206,644,piece,research,400
30903,851,seem,Republican,29
13792,360,political,thought,467
134884,792,local,use,553
19521,807,peace,level,868
55863,227,property,director,345
116154,902,yourself,personal,163
27230,579,and,agency,606
131422,604,opportunity,fall,181
126901,145,game,together,978
119705,437,lot,even,561
84194,188,his,range,94
130239,804,city,research,314
2455,104,reach,put,458
26878,920,hair,understand,462
49909,817,expert,program,890
141761,452,mention,concern,632
69680,733,candidate,offer,538
60226,757,improve,international,527
5401,646,night,catch,409
23036,378,family,financial,647
18203,84,herself,offer,670
42713,766,process,of,541
24922,91,age,situation,323
147519,792,choose,task,976
40392,912,heavy,phone,222
150678,513,page,simply,689
18386,30,four,box,5
27801,864,current,keep,770
62869,863,stage,believe,802
138903,97,country,ball,242
91895,477,one,situation,565
146892,187,realize,ten,143
79117,57,will,drive,321
91060,239,alone,decade,666
118189,980,station,eat,163
109660,870,set,whose,714
5746,716,box,age,396
47838,44,house,owner,589
124820,163,under,fish,283
31684,795,stand,difficult,764
63522,579,station,particularly,347
137921,999,could,treat,509
103209,738,their,while,94
39112,549,weight,section,805
7039,484,speak,sure,104
19160,281,kid,draw,344
39167,866,why,officer,790
130375,620,four,trip,726
20489,431,whatever,business,885
31814,132,impact,crime,580
20550,694,half,drive,293
106425,956,stuff,maybe,739
148538,225,including,center,685
66835,342,life,see,762
114729,560,finish,democratic,727
119020,681,southern,space,989
44771,273,health,less,414
68783,123,Mr,plant,564
83711,739,tax,discuss,707
61271,533,allow,operation,818
89926,886,write,seem,296
131405,942,marriage,parent,751
102453,343,and,easy,631
128019,698,how,father,159
52473,509,send,black,258
113360,861,company,teacher,904
36510,414,mouth,maybe,271
99795,244,goal,science,688
123798,823,learn,human,155
8191,210,voice,off,929
76943,148,right,whole,265
101537,539,trouble,first,364
54223,857,race,three,780
102787,131,cup,which,262
126799,778,gun,learn,526
133094,695,fill,girl,375
64670,440,particularly,our,639
112206,64,idea,man,104
18525,523,structure,beat,170
145726,110,be,keep,76
105908,53,agreement,image,391
117881,716,audience,factor,3
93248,59,race,policy,776
63959,504,century,whether,672
18720,202,size,name,741
91067,28,war,most,481
112420,971,citizen,success,184
94887,916,direction,lay,757
19852,845,star,by,725
23674,301,so,rest,416
36847,226,occur,new,584
12566,895,past,blood,957
52000,595,dream,far,746
50671,435,claim,hospital,718
82401,318,food,mouth,183
69895,917,rest,on,617
39199,60,agency,inside,71
129174,723,writer,without,76
115234,346,protect,character,578
108396,908,treat,town,877
83710,690,better,million,200
41408,592,middle,skill,25
19893,810,affect,produce,594
28268,831,process,wide,957
79954,653,message,necessary,497
47824,953,moment,water,766
66282,843,so,project,159
112122,24,responsibility,place,158
12454,196,between,type,574
106246,771,series,perhaps,296
77423,25,write,own,355
138862,459,before,experience,448
150739,219,floor,history,507
46804,317,decide,of,461
2532,439,activity,growth,756
121265,831,professional,bring,857
92286,220,hotel,quite,270
6534,248,able,seven,403
57718,249,place,act,495
68984,183,member,draw,10
85119,995,door,general,600
6636,878,red,six,249
97994,326,everybody,today,836
25024,180,quality,federal,102
93052,972,college,and,754
60832,688,he,executive,478
93041,784,perhaps,what,629
130156,765,note,newspaper,658
100225,465,allow,fire,191
122670,777,television,where,27
77913,219,model,let,87
41099,281,break,ten,620
89107,491,the,smile,538
96877,175,find,with,293
89222,412,away,the,754
106749,283,student,eye,681
88614,449,itself,top,899
124642,100,catch,early,161
98541,85,whether,mean,119
14659,567,several,sort,104
33167,917,executive,order,121
134969,493,risk,activity,884
88769,363,player,too,185
80927,544,sense,south,666
138342,167,rise,agency,50
68806,207,face,mention,84
79431,61,campaign,challenge,266
58488,452,whatever,politics,496
48224,407,significant,allow,798
109585,984,look,ever,907
39471,606,story,defense,417
124774,132,wide,different,3
58314,854,finish,adult,739
35556,4,or,range,503
129870,106,ground,finish,240
23764,67,mind,himself,855
86290,441,husband,affect,117
66368,445,action,involve,169
93570,971,physical,benefit,572
2242,481,property,wife,48
105746,620,best,carry,521
128670,494,leave,chair,101
100204,606,way,decade,413
94583,900,listen,up,807
84353,580,daughter,five,245
23925,810,participant,with,64
115808,7,central,coach,738
78613,577,four,ten,442
36674,757,structure,face,395
88966,322,law,professional,493
31321,846,through,those,963
72185,847,small,would,353
63573,917,down,claim,233
149714,533,live,rock,607
100883,822,policy,dinner,641
140231,797,child,seem,205
95694,166,here,investment,803
33853,978,maintain,computer,772
27972,78,skill,before,363
109504,175,ability,arm,166
15681,925,TV,media,425
98012,87,simple,high,242
143031,311,small,whose,438
51103,490,pass,share,852
109398,926,within,with,131
37907,682,mouth,Democrat,138
120977,338,section,under,59
117201,329,end,would,494
23303,423,center,throw,694
11288,593,language,poor,239
121607,965,business,church,966
36504,961,expert,free,776
120780,45,let,cover,811
138025,298,speak,future,376
8245,514,arrive,show,418
95071,361,certainly,your,769
12940,230,sing,ok,880
30825,108,not,nothing,500
1153,418,like,detail,619
121432,88,now,our,695
73330,244,pressure,military,567
106023,33,figure,side,945
134866,511,camera,police,247
36986,90,task,house,233
149493,5,other,toward,574
18782,944,PM,collection,119
103424,261,occur,material,625
52948,234,mission,trouble,147
47915,475,work,radio,38
440,271,study,find,811
36741,304,cell,though,510
64703,639,reality,become,595
46693,102,occur,drop,146
112334,317,affect,need,79
48781,337,care,news,28
42850,330,including,choice,335
30613,197,friend,sit,200
66482,629,necessary,study,379
9252,473,player,image,97
132873,440,power,get,814
101942,989,development,second,467
17510,625,ok,the,125
105126,602,citizen,deal,753
34271,51,nor,spend,348
126845,356,area,brother,727
141699,869,various,investment,84
13111,664,without,home,916
131600,630,standard,military,817
29891,700,discuss,production,872
113654,346,baby,fact,821
146690,112,task,word,979
10790,518,capital,popular,493
148132,303,suffer,whatever,971
50802,981,resource,wrong,661
625,790,minute,sport,153
59551,68,around,force,542
143004,655,figure,sit,521
53521,756,pull,produce,815
19870,349,bad,young,365
61153,541,hot,can,897
74811,505,time,perhaps,48
115329,972,bit,force,606
108672,428,second,ready,325
47491,568,senior,bit,258
136070,349,artist,machine,945
64657,195,camera,woman,815
127514,264,claim,prepare,55
90468,326,customer,throughout,701
39351,696,trial,foot,690
68231,96,home,bar,761
110218,586,friend,doctor,43
72211,848,computer,popular,245
46519,77,more,reason,395
141748,701,raise,join,7
45181,999,establish,watch,88
14256,667,office,off,46
6936,167,your,success,701
96860,974,ground,keep,200
48037,875,some,home,862
136302,713,member,allow,949
14684,642,detail,avoid,274
118400,759,skill,cup,857
39539,43,hope,you,414
99647,796,establish,three,348
96092,62,last,huge,294
137797,412,black,senior,337
26093,379,away,live,915
4502,440,defense,enough,801
137124,38,site,mission,938
116539,462,animal,section,531
64376,430,nation,father,469
14602,730,purpose,lose,507
90396,962,up,call,254
101342,168,partner,truth,492
125557,689,race,edge,869
31225,522,kitchen,real,184
60273,954,card,election,82
10507,321,a,ok,818
74007,992,education,attention,586
5511,86,pass,church,586
84667,196,bill,protect,261
118520,88,unit,child,393
65807,244,memory,your,27
100454,93,increase,receive,128
16449,349,no,according,996
108245,882,win,scene,733
99344,538,practice,however,843
9157,654,myself,simple,171
127803,253,tough,let,936
33617,158,move,nature,855
72121,92,meet,her,94
52267,135,write,material,725
117050,661,sport,level,729
131151,67,common,audience,102
149634,49,history,evidence,954
148391,431,visit,off,977
73075,755,water,attention,303
95482,130,authority,author,649
139928,579,road,above,436
125070,802,first,me,769
131274,756,strategy,reason,906
48032,544,commercial,lead,277
129834,576,thousand,top,179
142311,618,career,it,218
140430,896,option,particularly,234
59190,354,western,executive,625
112824,799,whole,serve,226
4912,521,develop,soldier,428
1958,509,save,what,119
122747,438,administration,what,937
145464,235,spend,expect,317
58606,50,fact,far,298
140983,767,model,parent,786
66780,701,artist,outside,177
25693,547,our,order,809
20005,352,entire,whether,325
74118,897,along,type,27
44608,520,network,ask,836
29445,13,idea,mother,891
28644,848,Republican,media,22
97745,407,soldier,accept,808
115420,652,mean,certainly,344
68790,520,design,blue,609
104372,114,black,answer,736
117204,62,law,family,224
78012,858,stuff,drive,80
77835,429,north,research,64
142501,344,there,position,279
102416,450,carry,measure,299
96476,1,fight,report,200
15647,603,never,idea,552
142748,981,group,market,400
83096,656,as,record,265
43894,926,control,position,690
108892,678,leave,body,777
99598,739,however,oil,235
4362,700,enough,sister,295
41855,130,computer,meeting,810
100147,863,information,city,280
96332,458,floor,several,822
138511,19,sell,space,70
132324,679,yes,administration,656
122043,26,he,concern,10
55870,929,attention,floor,620
144103,958,significant,here,824
34787,686,poor,pull,845
64370,918,deal,far,514
137605,513,everybody,scene,222
115734,792,drive,partner,772
2194,681,establish,news,566
34973,6,finally,yeah,917
26025,705,upon,bag,25
62127,630,resource,pick,83
132517,394,husband,political,272
17674,282,series,from,218
15744,440,human,red,164
100687,679,later,face,418
115560,409,treatment,scientist,894
13105,522,team,agree,530
108902,763,happen,sister,784
90898,213,into,cup,406
17871,723,seek,my,707
31351,386,class,standard,718
111310,627,worker,democratic,403
89953,899,company,send,632
119263,449,project,safe,136
108730,279,finally,thing,979
123970,711,economy,hold,296
82393,411,pressure,although,284
47823,450,simply,phone,609
94273,560,worker,real,992
6537,225,perhaps,Mrs,705
119162,798,hot,voice,81
18682,593,stop,firm,425
104797,13,relationship,way,28
138503,692,practice,arm,346
15443,915,enough,TV,464
141543,385,enjoy,mouth,263
6542,691,risk,here,147
66127,275,example,draw,36
26466,47,she,study,818
77683,384,such,case,784
121068,494,resource,hot,269
22345,330,leader,best,165
141271,340,another,during,395
65115,180,door,since,419
1045,82,among,news,413
13888,937,friend,today,757
9438,298,cause,since,108
100304,100,today,response,84
76435,591,fine,idea,610
11169,700,scene,find,659
53849,140,feel,determine,927
51067,126,garden,president,34
19374,809,hit,laugh,937
5087,837,among,area,581
63873,136,study,include,560
144381,176,enough,test,649
102078,189,clear,vote,800
131216,899,say,rather,399
72334,364,example,thought,886
79573,281,computer,possible,320
91446,177,plan,long,153
32662,65,action,room,267
54340,827,bag,skill,410
58906,542,lawyer,stand,719
38763,676,whom,party,732
63847,525,various,step,819
103248,608,tend,laugh,217
99779,197,gun,nature,829
22697,264,change,four,490
7846,413,chair,group,852
3272,537,both,ask,709
149726,354,road,occur,641
77628,177,ready,person,947
32101,286,simply,political,983
59988,787,minute,tough,441
37409,324,bit,do,705
39205,972,who,citizen,275
120120,290,represent,guess,757
64318,317,all,specific,827
142143,692,road,understand,631
127186,257,his,win,156
18468,259,window,matter,249
121283,305,majority,beyond,871
92503,956,rise,major,628
79398,892,benefit,firm,958
4646,306,billion,drive,972
68540,84,risk,throw,115
51736,175,find,control,32
14457,885,ability,media,750
54780,634,mission,personal,431
72095,142,cold,former,955
12544,470,yes,name,648
75391,570,quite,forward,425
83695,936,per,difference,94
143616,985,strategy,arrive,555
126440,310,page,but,419
124774,985,year,food,711
141579,509,with,north,469
27859,664,office,national,701
101502,807,ago,focus,948
148818,786,amount,woman,133
58989,155,sell,that,558
148677,64,risk,identify,953
109158,647,forget,avoid,670
65954,902,standard,record,548
134815,724,federal,every,724
32847,126,near,live,577
109031,126,officer,focus,882
26238,895,real,dream,257
141022,493,several,carry,226
38097,490,notice,senior,606
52819,9,follow,responsibility,407
28115,332,act,whose,328
97045,559,through,bank,222
63960,940,set,other,228
24920,492,note,star,140
131803,201,act,may,833
78977,203,operation,Republican,395
123168,33,certainly,low,772
6794,599,southern,common,122
56971,184,past,maintain,923
63238,685,play,everyone,623
128137,856,section,hard,142
11712,57,seat,direction,849
67137,159,firm,else,723
15206,831,push,computer,29
150149,616,general,major,33
113964,466,live,never,862
86581,646,do,live,575
121454,953,age,occur,924
54149,27,president,respond,943
68145,588,eight,college,701
53800,818,bed,say,79
19880,969,first,born,433
73312,708,once,knowledge,589
16272,486,team,window,571
136403,918,too,get,223
56018,141,pretty,most,828
102970,302,choice,run,342
67576,748,let,school,90
93968,68,rich,special,495
9285,379,sound,not,330
18217,649,southern,as,838
96779,523,bring,stand,129
61191,452,study,including,390
128872,117,home,hope,533
145465,14,condition,occur,838
81279,550,discussion,may,465
134564,68,because,rate,723
135925,601,everything,industry,64
77572,332,full,music,34
2396,936,take,out,25
14960,216,more,social,267
12244,296,offer,his,286
37764,326,already,machine,433
148748,276,hotel,truth,16
47904,25,must,company,539
76800,965,seven,image,766
49919,163,without,maintain,577
149211,270,art,environment,111
100392,984,everything,five,133
92356,394,letter,himself,954
84827,830,work,under,169
115126,236,heart,to,659
22760,992,heavy,public,542
49648,54,loss,kitchen,152
85842,209,nation,officer,32
72775,394,son,card,382
71606,557,raise,what,320
13263,852,room,thought,376
11947,668,matter,collection,343
140680,905,environmental,beat,740
56600,739,white,type,708
70778,348,build,even,718
37592,164,me,among,419
60077,781,ok,put,359
148737,393,keep,all,641
21915,866,avoid,firm,635
4125,251,seek,law,694
13987,66,whom,learn,856
66903,650,drop,degree,216
94073,486,parent,skin,828
138118,588,throw,yourself,393
120923,817,answer,garden,88
107063,581,detail,card,909
108606,535,price,bank,434
5231,349,since,power,639
125239,876,of,with,676
77832,511,simple,stock,115
126383,576,understand,among,109
146978,23,project,break,616
32787,783,mission,among,761
68536,92,education,along,532
13056,933,decade,particularly,474
1559,607,eat,suggest,780
16576,670,assume,door,772
76827,350,military,bad,221
90068,814,note,time,654
51770,459,thought,peace,985
105045,706,group,ground,780
28025,536,me,president,236
147776,416,you,stock,116
28832,53,hand,happen,369
3152,601,beat,miss,954
38392,418,about,mention,830
97929,241,nothing,about,624
73843,15,senior,evening,286
148247,399,against,represent,986
129999,355,now,education,858
115816,230,national,whatever,565
55144,933,huge,exist,820
47309,765,pull,key,37
15969,920,different,star,732
58575,363,pull,admit,453
51234,29,letter,task,940
21062,101,state,cut,37
134097,142,stop,or,981
567,462,get,air,678
87753,504,name,notice,592
98705,479,down,able,469
19718,925,study,shoulder,616
97939,896,what,not,862
14021,738,too,laugh,541
78532,569,rather,better,395
39536,888,group,book,258
147478,554,source,rich,292
14370,722,book,leader,56
12389,150,pass,seem,958
16718,753,build,hard,809
74203,180,ready,alone,190
151199,80,lead,smile,533
76677,501,nothing,theory,137
100395,261,politics,chance,884
90629,816,store,knowledge,169
141406,168,every,few,173
31958,232,collection,statement,995
75975,113,kind,them,643
119779,543,nearly,skin,658
126580,51,of,part,419
44342,818,middle,father,675
112497,325,any,arrive,945
92178,635,one,central,350
144627,402,claim,off,974
98357,344,call,response,500
61876,371,expect,magazine,560
27594,881,easy,never,652
65432,250,buy,agent,781
43099,475,him,campaign,939
68982,28,material,answer,362
85025,481,wife,power,430
94397,521,behind,marriage,832
115774,243,top,culture,253
104089,707,someone,old,611
59239,342,current,miss,292
129422,941,weight,activity,524
94110,492,lot,sound,112
92687,288,me,civil,162
46773,136,take,commercial,275
101758,368,study,own,759
38429,431,contain,according,962
85305,939,purpose,poor,94
17627,238,approach,money,317
53193,623,miss,approach,929
3978,129,card,little,712
122321,908,recently,around,897
18047,831,room,thought,875
38958,195,if,provide,436
141656,699,suggest,professional,367
95180,12,degree,management,881
32198,832,guess,remember,660
63987,704,there,turn,746
21484,730,hold,focus,953
150162,26,whatever,first,821
121677,758,scene,know,667
36392,831,simple,southern,73
13772,802,we,read,271
102101,803,mean,gun,202
88274,50,shoulder,card,454
36330,327,there,important,485
68307,977,hair,factor,500
42181,950,point,us,487
125789,868,choose,that,59
114680,556,include,picture,599
93739,430,world,father,910
3479,991,society,remember,295
117959,54,with,theory,525
2174,142,dinner,task,57
89555,800,number,daughter,98
9240,496,culture,yourself,116
113464,461,other,difficult,849
150772,493,much,system,125
103482,906,interest,understand,232
23427,176,identify,drive,315
30543,240,chair,wall,387
86571,162,rate,dream,621
11412,297,western,after,725
85509,196,most,son,386
115445,424,stuff,officer,984
17693,863,her,political,814
26601,305,later,open,67
55458,616,language,able,353
123410,886,system,well,920
144311,470,stay,too,570
79495,525,executive,lawyer,958
150970,156,science,recently,110
147015,937,network,carry,98
51908,772,six,relationship,5
58481,613,on,value,836
105223,999,bar,paper,894
24595,268,receive,power,431
148271,661,during,sign,376
76272,568,suffer,involve,953
18451,124,point,share,165
2943,625,eye,attention,790
57347,470,rather,mouth,748
55363,150,condition,city,571
28097,404,space,late,260
27287,743,believe,character,99
27397,701,threat,how,547
71157,181,board,effect,785
11093,188,term,a,46
133027,931,fly,where,589
119994,988,fund,large,335
43309,672,be,lead,901
80965,688,those,grow,327
71419,513,mind,cup,346
136681,864,alone,serve,342
1430,612,turn,mouth,390
37679,808,show,art,584
17896,46,situation,theory,84
78222,998,could,help,87
7508,525,although,myself,585
54081,602,force,knowledge,592
140137,585,system,talk,384
30582,692,friend,fund,109
85437,23,minute,purpose,893
97132,605,focus,reveal,449
36752,659,consider,fire,707
50903,13,prove,action,401
28494,503,effort,attack,715
12135,470,risk,change,193
13558,556,find,offer,255
32876,142,campaign,occur,592
8994,93,use,know,470
47625,441,piece,question,448
33911,158,prepare,the,524
79407,543,paper,difference,598
56746,520,send,trouble,601
59486,508,find,could,813
48050,726,return,up,133
80679,986,information,call,97
135143,4,in,forward,976
79302,550,when,law,876
94788,856,spend,meeting,479
5493,398,right,bed,226
10482,95,wind,single,761
86878,394,billion,yeah,168
45174,633,end,well,417
138096,355,certain,environment,965
51346,501,past,why,156
40230,648,hand,baby,683
101913,130,film,range,629
64715,171,than,relate,284
138379,511,senior,teacher,697
148391,356,someone,however,1
131767,390,standard,beat,518
25131,761,plan,stand,906
119942,405,city,work,274
24869,331,involve,past,890
6087,985,performance,affect,570
75893,386,own,kid,657
134007,546,process,even,240
131714,636,no,white,637
17296,669,raise,push,664
113253,198,vote,task,425
151224,76,into,yeah,518
81161,367,office,himself,722
33291,765,responsibility,trial,5
118707,834,soldier,member,89
85644,582,skill,out,379
29996,269,risk,century,308
129254,820,new,science,542
138424,459,year,forward,743
80349,461,because,option,533
38544,111,school,door,596
141138,676,sure,apply,101
35738,783,no,receive,379
123458,794,security,play,896
132373,917,specific,physical,146
151298,314,citizen,country,961
119898,301,computer,spend,41
49657,778,today,send,487
93827,634,put,modern,267
24740,915,decide,mission,395
22534,133,story,third,417
106808,828,clearly,often,278
138010,244,establish,offer,543
133910,158,beyond,share,418
50236,907,well,none,366
142795,926,rather,discover,670
18628,752,simply,simple,978
86092,467,someone,beat,455
62253,243,radio,trouble,344
62611,280,wind,child,910
33000,674,might,state,509
29619,384,light,others,266
55655,229,at,could,215
138567,331,seven,personal,785
63378,351,rule,ago,88
6692,971,project,central,510
10405,428,include,store,788
64727,530,tax,thank,279
41313,196,serious,church,56
140226,395,ago,any,986
89848,590,character,guess,549
41588,855,ask,miss,502
82609,24,loss,little,803
114023,911,tend,stand,103
120300,304,risk,hundred,242
56735,384,argue,arm,643
116473,242,rule,high,190
150682,485,whom,Republican,661
66587,261,special,standard,521
33924,678,generation,current,771
50692,262,usually,around,788
11706,71,politics,hundred,673
97703,945,tonight,fine,103
44992,225,couple,good,628
125871,251,fill,soon,901
146497,29,this,magazine,210
133562,224,none,around,875
120656,695,near,billion,460
81979,284,worry,fear,667
391,602,choose,deep,153
122166,957,federal,half,931
17374,33,class,wall,371
30775,312,plan,story,853
57661,428,foreign,front,234
88893,797,they,space,972
141521,512,and,smile,76
19109,156,according,voice,22
89582,954,attack,else,483
117105,734,already,simple,792
19898,579,agreement,others,730
145808,778,part,spring,378
26115,469,member,investment,241
81969,190,air,prove,622
81231,792,fight,new,880
132580,162,various,southern,14
69962,673,again,because,544
149551,173,culture,record,842
104155,257,simply,leave,928
112102,375,leg,let,28
115665,587,word,middle,602
49498,958,art,democratic,761
86319,814,rise,body,170
123502,518,life,young,255
64207,316,language,education,398
20055,422,recent,financial,968
83892,361,box,system,233
104089,69,need,public,466
119202,969,senior,fall,530
46399,508,rather,ago,439
27215,437,best,this,212
72519,253,or,edge,612
67995,303,possible,market,164
54372,146,even,treatment,308
86718,806,discussion,write,709
151248,763,natural,event,484
130916,135,either,nice,207
63284,556,similar,walk,618
75843,491,wish,citizen,754
96678,805,example,speech,8
18012,596,skin,thousand,793
72571,255,four,few,184
135985,839,their,relate,111
68377,201,per,often,586
59909,753,start,change,376
57447,292,against,right,737
132588,136,when,door,907
35429,331,under,perform,406
25142,614,analysis,debate,312
49358,423,must,conference,986
62092,693,Congress,physical,751
37462,24,nice,firm,739
136742,599,phone,television,872
33305,538,article,organization,76
8694,544,old,someone,746
14776,917,collection,learn,762
28732,246,hair,small,194
147838,447,art,never,33
16760,930,care,prove,829
5763,830,sign,fill,268
6740,626,price,direction,485
15882,257,choose,knowledge,586
29263,625,age,newspaper,332
148821,479,market,bit,971
129120,964,election,case,39
56877,943,red,keep,17
34028,636,culture,wide,334
128027,88,center,light,385
14334,182,soldier,realize,616
128288,410,fish,need,722
6696,111,brother,individual,262
55074,771,test,we,142
98954,568,movie,nation,13
44399,608,officer,soldier,440
32379,60,attention,blood,943
131697,23,play,woman,984
104168,304,open,card,252
2538,3,later,at,121
128009,228,husband,develop,971
39646,957,blood,sister,345
15525,837,the,finally,362
83555,788,that,executive,699
38393,755,hospital,wear,477
93676,336,miss,husband,685
33735,687,theory,light,67
148740,158,too,example,412
7437,476,her,son,888
22882,778,protect,yeah,573
99056,145,their,fact,139
111287,583,hand,fear,82
100529,139,responsibility,trouble,82
87901,592,play,before,64
42370,423,choose,street,114
133108,895,image,around,883
131127,389,fast,indeed,435
109638,349,player,single,988
80768,688,mouth,identify,471
65677,251,reason,film,625
45145,903,across,bill,544
98817,467,part,wind,958
117897,408,ask,measure,75
88357,57,difference,ready,663
102975,110,property,food,636
82770,297,up,hear,164
141230,393,hot,task,134
85182,309,note,never,882
46662,37,medical,child,539
104385,435,more,majority,845
72188,515,talk,according,10
118595,305,system,current,397
116169,174,relationship,later,351
122529,852,data,very,204
115051,738,computer,upon,317
125693,965,environment,manager,46
22700,127,sister,economic,843
70604,646,partner,close,332
80820,333,product,hit,363
33222,287,difficult,family,814
68959,800,success,life,830
27631,899,your,serve,905
21343,719,result,ball,543
34026,241,believe,spring,304
106033,169,field,international,219
1857,628,person,once,89
66024,647,learn,kitchen,258
14987,938,job,end,922
61155,963,toward,put,376
88493,485,company,sing,397
52696,251,measure,think,237
61818,22,significant,western,124
84767,636,on,just,506
75134,284,never,strategy,206
47982,720,land,job,382
124245,931,baby,popular,423
36291,934,growth,memory,582
47612,387,far,every,462
41160,633,thought,personal,920
146977,288,throw,development,790
146361,636,none,possible,730
87671,829,stage,expect,791
67461,610,increase,never,714
87726,39,model,avoid,419
45769,23,sell,chance,513
117758,512,research,suddenly,545
59498,735,than,whom,335
124397,602,real,tax,387
93251,870,sit,into,89
37051,619,form,determine,170
17455,687,fight,learn,641
61893,531,according,girl,28
38959,853,rock,record,409
38871,532,what,oil,154
10915,442,kitchen,rather,485
133893,384,city,message,490
27086,559,foreign,some,940
142256,230,member,around,420
121079,157,involve,but,146
52851,897,quickly,economic,500
23929,383,administration,research,259
88499,79,argue,culture,575
70097,728,apply,growth,768
140029,827,leave,wish,639
30394,910,place,fund,183
115339,126,public,student,37
41947,854,system,help,28
24102,533,blood,development,879
8834,412,threat,expect,699
151337,14,wide,any,40
43260,489,religious,service,51
99174,296,air,word,839
151329,556,institution,time,722
12296,21,end,local,406
38120,875,front,clear,740
3539,597,father,painting,854
131935,166,say,individual,319
142856,37,particularly,until,50
128216,431,tell,water,750
134144,387,you,need,661
89086,729,improve,sea,235
63392,51,however,management,93
16420,42,including,throughout,211
114058,553,might,defense,588
40542,110,determine,process,966
40789,600,admit,another,586
138373,731,join,individual,492
117019,998,yeah,your,642
54206,649,stock,class,320
88112,162,newspaper,know,549
82883,234,skin,turn,365
107208,843,attack,billion,273
19558,842,simply,federal,717
67594,368,significant,compare,656
135316,759,pattern,important,654
11027,356,century,need,361
98606,628,data,return,684
117562,283,or,series,42
117069,748,party,law,395
1569,435,system,any,344
105394,366,actually,realize,632
104737,908,government,how,170
101547,504,long,civil,439
107642,913,what,adult,992
149706,104,debate,study,767
93552,703,structure,candidate,651
150003,178,score,full,457
35339,927,produce,him,17
93501,387,a,myself,745
7153,689,information,commercial,2
145491,666,reach,clear,732
147761,218,she,without,413
125695,852,beat,factor,462
30823,323,most,believe,281
148699,820,describe,night,495
1810,281,certainly,black,649
88100,431,she,defense,288
105165,449,worry,international,614
112727,391,list,cup,788
30631,390,lawyer,cold,126
129398,157,fact,ever,666
148491,907,former,near,182
10243,431,wait,anyone,411
34104,874,down,thank,405
25542,391,conference,item,694
13418,68,subject,war,802
135215,775,year,simple,987
111737,30,off,music,737
87170,542,rather,building,583
102630,284,because,table,516
99949,266,health,where,495
2892,766,those,right,564
59963,426,hard,commercial,332
79087,83,prove,huge,24
41385,803,land,relationship,281
149333,56,probably,husband,474
16580,625,politics,mean,674
33159,694,politics,threat,222
62046,792,design,contain,660
125975,452,strong,interest,396
5903,904,receive,blood,304
45222,537,television,line,77
15673,239,not,sense,26
133050,639,assume,prepare,998
59441,73,serve,party,931
9875,83,daughter,century,980
47894,179,discussion,interest,493
56251,422,decade,seek,806
58935,987,society,firm,450
52451,301,sport,involve,804
26241,890,Republican,free,307
72709,906,feel,guy,390
8735,350,writer,discover,119
138234,90,quite,one,185
76699,828,memory,suffer,754
34883,14,window,finish,50
133153,434,experience,tend,523
57210,897,sound,benefit,548
141980,154,compare,agent,246
78156,672,service,score,569
84443,914,seat,generation,973
116765,263,family,hit,5
137839,909,top,pull,615
138559,631,sure,task,996
117581,984,much,car,24
252,126,worry,boy,505
147120,841,image,although,317
127443,315,management,politics,584
120914,784,anything,poor,432
141797,119,recently,relate,914
60065,165,city,poor,961
123666,420,TV,source,216
123963,180,author,officer,645
138689,798,so,bed,439
144420,403,enjoy,book,650
4791,916,tough,mean,923
62307,462,measure,fish,639
44198,488,official,discuss,667
141179,833,plant,point,944
87145,43,bit,beautiful,900
27699,919,arrive,line,325
112063,344,TV,consider,157
147993,668,include,might,370
9909,81,election,industry,977
7908,17,safe,book,641
2686,272,pressure,beyond,777
85993,37,agency,state,122
126120,99,upon,weight,140
1751,135,certainly,level,661
80358,643,difficult,mention,931
125645,781,clearly,small,483
30713,468,along,positive,605
108482,974,clear,car,835
34281,807,record,cell,997
65261,592,good,shake,971
42838,714,spring,score,253
54080,45,nearly,food,898
49407,240,important,return,771
110929,27,nature,term,150
143991,477,send,force,747
80236,329,yes,argue,269
69441,705,itself,approach,722
58483,316,media,none,558
64339,174,all,can,416
115192,351,edge,their,643
149944,284,product,happy,705
36702,189,single,box,196
119032,946,participant,collection,554
1271,637,market,again,471
124050,351,start,drop,415
123102,356,I,result,95
40819,118,knowledge,child,989
94316,109,gun,use,170
9370,184,fill,seat,912
32906,973,reveal,follow,513
29887,59,traditional,exist,689
57010,345,home,whose,805
34249,84,begin,ago,192
19353,646,quite,work,592
72752,577,keep,officer,387
7623,648,fly,those,929
34282,961,knowledge,nothing,407
89986,51,her,help,763
68770,872,actually,idea,618
104900,169,foot,film,211
148276,550,score,imagine,76
78593,215,land,reduce,143
82496,152,agreement,court,671
124347,564,child,especially,747
27192,103,star,activity,431
64568,496,performance,total,55
77110,634,cup,oil,837
126245,120,know,evidence,51
90446,885,rate,pick,59
86000,381,little,whom,979
107671,92,begin,enter,639
147035,686,structure,hold,191
54741,57,according,return,742
89135,746,race,part,425
5752,126,determine,against,929
39111,974,imagine,success,100
20200,45,fast,teach,469
35640,676,focus,on,608
76395,791,say,skin,330
48938,985,writer,environment,720
29123,170,around,movement,700
45762,948,suddenly,management,167
123737,812,factor,return,852
5885,545,charge,himself,333
87635,160,ask,dream,222
115082,566,civil,run,673
10353,455,light,upon,50
2615,223,cause,painting,188
14735,373,message,Congress,672
5024,788,central,serve,451
101904,726,last,thing,176
39972,147,sister,piece,830
135683,150,their,could,612
123314,992,late,great,208
76117,464,strategy,huge,188
72193,980,general,miss,187
99867,624,near,argue,866
2081,486,war,store,566
39208,297,agreement,recognize,864
116594,655,attention,capital,356
62462,130,really,lawyer,603
92224,27,participant,government,553
91180,401,professor,everybody,149
114509,4,both,such,905
86804,914,center,sport,662
87780,278,child,time,178
35113,134,thing,future,741
40650,827,consumer,pay,817
105991,684,strategy,record,30
56917,756,politics,type,440
49469,257,bar,state,851
14754,28,before,painting,132
138973,989,increase,game,777
105586,613,while,condition,636
72062,857,sport,summer,485
123766,424,lot,they,361
106195,574,put,fast,674
101056,349,see,increase,994
79583,915,industry,speech,316
125331,933,recently,assume,800
146959,161,likely,someone,958
121207,87,fight,become,329
113131,990,up,leg,934
136034,948,figure,they,793
108010,3,physical,shoulder,292
13778,268,nearly,actually,861
79654,669,home,little,881
47049,828,store,would,892
150010,23,kind,include,35
122765,229,record,top,954
30113,72,station,set,24
28819,20,federal,anyone,166
6788,942,middle,international,573
139718,742,pattern,toward,869
86087,813,own,result,423
77343,740,effect,same,180
97890,271,investment,issue,263
63847,904,wall,approach,70
77782,987,manager,all,977
43569,733,true,hot,83
62058,496,drop,yet,176
97195,537,man,walk,604
16299,662,news,manager,239
16157,103,point,determine,706
30767,509,staff,camera,343
65802,48,dark,off,584
21525,627,indicate,really,946
142135,942,course,nor,983
144965,524,care,kitchen,155
85929,677,seem,report,493
56618,531,those,standard,414
12402,130,which,much,686
399,225,either,these,726
123139,7,worry,sure,972
126234,195,newspaper,ahead,830
111823,560,guess,stand,708
117691,175,push,think,907
20815,99,piece,happen,623
26302,746,race,analysis,992
66412,15,family,long,244
87509,839,job,later,572
125829,951,return,important,960
62520,726,trip,remain,557
43976,655,beyond,open,164
147532,790,already,family,669
131307,60,million,certainly,623
145360,775,property,full,30
89551,57,across,international,595
20622,498,carry,just,610
8318,411,language,clear,799
33966,125,better,loss,17
125218,997,painting,build,112
33340,175,on,meet,919
24536,142,hold,style,84
104,798,rather,continue,387
12873,986,vote,head,436
78657,215,apply,meet,279
16728,1,leave,school,749
47410,192,boy,also,911
140014,790,to,six,900
11375,798,painting,matter,580
22428,410,choice,true,103
29966,957,situation,hold,458
101790,959,seem,join,784
53111,885,whatever,raise,747
123176,116,new,boy,238
76741,880,low,beyond,468
102081,763,source,police,88
133441,863,argue,pass,330
54880,898,wish,ten,703
74540,807,baby,yard,803
64865,982,always,brother,734
27879,992,sure,list,308
9772,678,style,decide,362
56308,457,sea,development,8
72030,650,strong,maintain,64
139496,327,listen,step,934
31080,401,individual,threat,375
17936,169,law,let,164
99368,677,trip,they,77
86687,757,camera,eat,388
91522,688,then,no,872
83618,160,wide,such,57
128,147,draw,property,860
87197,402,provide,notice,924
80119,498,move,special,132
23765,136,feeling,left,901
38755,585,half,north,334
50837,518,energy,center,838
5503,679,laugh,suffer,27
63990,902,task,down,382
33021,713,vote,research,533
93251,839,since,serve,189
14368,544,relate,cover,295
131943,389,purpose,TV,250
89618,964,among,responsibility,780
47598,865,though,individual,886
133304,857,firm,oil,233
150755,688,ball,rock,975
21034,179,buy,idea,32
85324,752,whole,very,805
39773,614,attack,probably,146
86735,912,find,morning,380
95113,610,try,view,456
48174,244,stock,ok,557
56369,191,out,among,986
73677,40,significant,here,633
91785,8,large,join,794
57568,994,your,total,171
15168,955,realize,let,730
9536,315,thank,picture,880
101431,658,hotel,make,448
128583,153,born,shake,422
145427,523,ok,fall,259
14264,467,special,summer,342
53739,491,even,model,1000
74331,987,art,image,677
63264,726,should,health,369
41400,4,save,wall,867
24821,677,avoid,account,331
80227,513,strong,fear,40
9391,954,team,animal,224
3115,853,ball,out,599
43307,837,at,onto,676
103482,548,should,rule,495
118484,831,value,still,587
63817,483,professional,his,667
103296,991,people,sign,963
80276,460,instead,owner,787
18552,45,share,him,657
144161,654,discussion,hot,283
11040,555,realize,mind,723
37763,752,whatever,firm,454
78333,598,black,customer,970
48011,89,head,particularly,702
51116,502,oil,factor,253
7057,443,build,time,825
85672,593,common,past,946
140189,651,shoulder,win,418
76739,582,little,daughter,407
