729,696,michaelchen@example.net,individual
956,632,connieedwards@example.net,design
640,137,lindsay63@example.org,movement
626,379,lisasandoval@example.net,who
367,306,khanson@example.net,stock
25,45,sarah78@example.net,have
565,202,benjaminbartlett@example.com,affect
568,887,carla66@example.com,night
410,187,william86@example.net,likely
624,997,zcastillo@example.org,within
502,516,bcox@example.org,mother
601,757,kristin80@example.com,cold
606,140,kgraham@example.net,game
701,760,durhamashley@example.com,fund
402,193,nsingleton@example.org,number
313,616,melissascott@example.net,share
864,840,farmernatalie@example.org,her
792,786,wesley62@example.com,care
844,673,pjones@example.com,them
7,473,vliu@example.org,participant
48,774,fcampbell@example.net,although
855,761,gregg50@example.com,character
745,290,kcarroll@example.net,yard
266,561,milesharold@example.net,agency
309,53,susan31@example.com,group
545,860,richard66@example.net,mean
127,150,rgarcia@example.com,news
760,421,anne77@example.org,specific
958,602,tboyer@example.org,recognize
863,405,ksmith@example.com,during
333,726,tiffanycoffey@example.com,young
238,789,caitlinadams@example.com,front
79,175,jameswalker@example.org,under
636,736,jennifer49@example.net,vote
18,491,stephenlittle@example.com,these
53,413,wmartinez@example.net,could
691,504,georgecunningham@example.com,carry
628,404,brennandominic@example.com,but
301,605,russellgary@example.org,society
710,588,rturner@example.net,role
599,238,uwalsh@example.org,nor
636,878,wdavies@example.org,western
715,985,davidjohnston@example.net,alone
656,949,eringray@example.com,represent
891,137,stephenpark@example.com,again
427,772,scottsherman@example.net,first
867,898,ashleybrown@example.com,involve
24,484,ruizlawrence@example.net,necessary
775,771,corytucker@example.org,toward
751,775,katherinepreston@example.net,onto
313,790,collinslaura@example.net,watch
837,224,wisevictor@example.net,interest
186,722,justinvargas@example.net,sea
670,599,mmorales@example.com,movement
852,303,anna71@example.net,day
356,80,amurray@example.net,window
398,484,jcastaneda@example.net,action
162,172,charlesmorales@example.com,issue
214,331,ghays@example.net,certain
924,710,kellyjohnson@example.net,establish
223,407,gmurray@example.org,personal
327,862,steven73@example.net,identify
326,509,matthewadams@example.net,data
983,970,navarronathan@example.org,myself
262,946,sgrimes@example.com,player
747,652,kimberly09@example.net,art
58,883,morrisstephanie@example.com,apply
950,213,victoriastokes@example.com,value
734,720,leon61@example.com,tend
640,810,joneslaura@example.com,blood
142,252,vthomas@example.com,become
523,434,melinda85@example.net,federal
674,36,anthonyrios@example.com,there
38,668,jaredfrost@example.net,minute
654,29,qsmith@example.org,down
778,188,farmermario@example.com,ever
416,238,corteztyler@example.org,very
921,474,hstewart@example.org,easy
196,539,mattheworozco@example.org,time
228,141,johnsonmarvin@example.com,assume
848,159,russell27@example.org,carry
306,127,cynthiacummings@example.org,other
949,695,liuaustin@example.net,fill
351,965,dunlaptanya@example.org,check
911,62,prichards@example.org,teacher
756,243,charleseaton@example.com,player
835,638,pgray@example.com,do
768,719,qfreeman@example.org,develop
495,987,phyllis91@example.org,which
981,793,lauracochran@example.net,now
69,548,iwillis@example.net,perform
919,971,michael82@example.com,energy
882,480,ramseyroberto@example.net,until
143,887,jeremy31@example.net,yard
216,593,amy51@example.com,director
473,41,brownanthony@example.org,whatever
790,784,deanna14@example.com,so
778,173,jasmine84@example.com,policy
388,732,dawn00@example.com,under
375,933,hcrawford@example.net,plan
423,224,perezjoann@example.com,value
473,859,wgomez@example.org,natural
179,743,jerry42@example.org,ball
340,798,norrischristopher@example.com,allow
353,14,khuerta@example.org,material
80,239,millervirginia@example.net,investment
984,83,tuckerbrent@example.com,company
264,124,amanda42@example.net,along
177,337,cynthiaballard@example.com,fish
308,680,michele02@example.com,information
244,717,fcolon@example.com,culture
271,141,stephanieoliver@example.org,nor
781,651,lhopkins@example.org,suffer
2,90,ericwest@example.net,within
719,468,jacob66@example.net,through
905,947,griffitholivia@example.net,art
783,454,lloydsamuel@example.com,remember
854,697,heidi89@example.net,including
303,354,davidthomas@example.net,month
631,269,marshallrichard@example.net,son
65,339,fischerdavid@example.com,southern
872,291,robertherrera@example.net,bar
686,966,andreafranklin@example.net,sea
472,718,sarahcain@example.net,sign
847,52,oscar11@example.net,likely
598,873,leeamy@example.net,she
751,741,wgreen@example.net,yeah
808,29,mollycardenas@example.org,as
253,763,webballen@example.com,on
329,461,jsmith@example.net,him
844,307,richard22@example.com,thus
97,735,paul95@example.org,arrive
975,857,vhopkins@example.net,sit
14,618,mmartin@example.com,travel
236,936,annettemitchell@example.org,space
334,685,flemingjesse@example.com,I
299,939,craigtaylor@example.org,in
713,657,jonathanreed@example.com,social
10,34,amandasimon@example.org,check
828,933,daniel04@example.com,exist
723,736,braunjohn@example.org,fund
276,236,tuckerchristopher@example.net,condition
287,756,williamsjoshua@example.net,single
812,901,omcguire@example.com,adult
309,915,simonkaitlyn@example.net,many
692,189,qallen@example.net,take
434,251,csmith@example.org,never
819,23,murphydonald@example.com,accept
752,628,elizabeth06@example.com,she
295,782,fisherdrew@example.org,always
54,404,itorres@example.org,popular
252,462,wilsonryan@example.org,fall
406,568,jarvisangela@example.net,decade
824,653,christopher20@example.com,past
589,322,dominique69@example.net,agency
205,417,xmcdowell@example.net,any
545,325,qcoleman@example.org,score
458,527,mjacobson@example.net,popular
978,336,ihayden@example.net,address
10,60,mejiadavid@example.com,speak
697,288,medinaanna@example.com,every
563,974,tylermartin@example.org,full
558,987,mcdonaldalisha@example.net,natural
65,331,jgonzales@example.net,inside
731,664,gina68@example.net,music
569,432,coreyrojas@example.org,around
597,733,andrea15@example.net,fire
200,725,vtucker@example.com,born
448,685,obrown@example.org,artist
553,990,dylan43@example.org,be
941,872,harrissavannah@example.org,with
299,636,elizabeth68@example.net,west
635,163,kathleen98@example.org,whom
189,595,brownmarilyn@example.net,at
709,194,wharrison@example.net,wall
568,55,wlewis@example.com,candidate
959,507,mnavarro@example.org,could
162,755,wcampbell@example.com,stage
414,725,hendersonleslie@example.net,explain
319,597,xramirez@example.net,cold
293,631,joseph46@example.com,whom
153,122,xayala@example.org,glass
859,719,dominique46@example.net,like
575,413,ojenkins@example.net,nothing
456,806,christina62@example.com,region
877,792,jacob39@example.org,such
670,122,michellegonzalez@example.net,style
875,564,crichardson@example.net,list
781,889,heather56@example.org,administration
850,33,brandon33@example.com,sea
92,760,mahoneynatasha@example.com,lead
103,554,colekevin@example.net,himself
282,838,cooleykimberly@example.com,door
448,196,julie08@example.net,language
50,290,cherryamy@example.net,just
561,225,dylan34@example.com,camera
33,719,teresacampbell@example.org,according
436,77,aliciaferguson@example.com,option
684,345,johnsonjared@example.net,idea
572,785,andrew82@example.net,network
92,736,brownwhitney@example.com,join
180,747,jeremyperez@example.net,painting
605,802,sampsonmark@example.com,would
805,722,samanthapatrick@example.org,theory
814,255,bensondennis@example.net,once
287,799,allison11@example.net,interesting
854,568,joseph71@example.net,boy
744,487,santanaheather@example.net,concern
896,825,kathrynsloan@example.net,add
76,605,gomezelizabeth@example.net,environment
703,745,careycolleen@example.org,financial
907,225,christian93@example.net,have
861,846,terri43@example.net,letter
670,552,sedwards@example.com,mention
617,721,swalker@example.org,sign
774,865,kennethshort@example.net,recently
144,339,rhondawhite@example.org,difference
123,479,simmonspatrick@example.com,current
406,851,jamesmiller@example.net,American
830,144,ycasey@example.org,campaign
934,972,gjones@example.org,assume
158,507,yolandaclark@example.com,door
132,956,angelaramos@example.net,two
775,480,fosterkim@example.net,impact
769,484,judithwilson@example.net,enjoy
573,986,romanlindsey@example.org,political
981,184,jenniferdavis@example.org,control
361,729,qjones@example.net,significant
858,320,huertakimberly@example.org,information
797,597,aalexander@example.org,enter
783,650,garzaangela@example.org,boy
483,84,ebowers@example.org,seven
984,344,jacquelinekeller@example.net,many
34,415,crystaldavis@example.org,western
344,204,contreraskatie@example.org,different
348,126,dedwards@example.net,start
875,686,lgutierrez@example.org,herself
720,48,larry14@example.net,program
35,416,justinmurphy@example.net,example
133,501,donnacarlson@example.org,former
309,448,florestracy@example.org,commercial
747,375,wblankenship@example.org,local
440,994,michaelwong@example.org,language
312,467,jennifer02@example.net,open
213,75,jacobgarza@example.com,feel
970,393,iking@example.net,will
705,175,kjames@example.com,clear
691,14,adrake@example.com,against
709,870,ramseymegan@example.com,option
533,312,jason13@example.com,across
898,621,rebeccasherman@example.com,drop
219,291,johnbrown@example.com,cut
599,681,seanyoung@example.com,write
219,925,vjones@example.com,sport
428,608,kim95@example.net,less
782,659,timothyramirez@example.com,herself
446,933,kevin89@example.org,industry
489,175,gregory38@example.net,play
15,819,palmerdawn@example.com,reason
569,31,amanda72@example.org,able
941,547,vvaughan@example.com,coach
233,254,rebeccabarry@example.org,fact
195,29,lisamann@example.com,vote
228,458,tony00@example.com,scene
97,791,kevin32@example.net,management
544,868,reynoldsalan@example.net,effect
574,104,ayerskyle@example.net,use
605,820,andersonjames@example.org,prevent
477,576,crystaldavis@example.net,item
361,378,thomasthomas@example.org,career
284,440,rebeccalyons@example.org,rate
177,66,muellercharles@example.org,entire
281,33,dana38@example.net,try
150,217,mark22@example.org,million
977,130,austin30@example.org,school
123,732,joanne66@example.org,recognize
76,225,brian56@example.com,back
90,185,richardgonzalez@example.com,understand
456,619,david68@example.com,score
562,871,daniel32@example.org,manage
535,383,ofrazier@example.org,them
746,801,daniellewang@example.org,money
222,661,yfowler@example.com,future
915,576,mario72@example.org,actually
531,838,anitawillis@example.net,national
763,830,chris44@example.net,we
44,385,staylor@example.com,table
648,906,mcurtis@example.org,about
456,511,scottparker@example.org,kitchen
304,413,qbenitez@example.org,your
281,213,crawfordnicole@example.net,sometimes
46,610,victoria01@example.net,training
511,543,shawnmccullough@example.net,sure
85,104,jerrysingh@example.org,both
868,213,janetbarton@example.net,bad
804,489,hansonstephanie@example.org,talk
550,87,paulmcgrath@example.net,adult
147,849,michaeljones@example.net,throughout
588,524,danielleparks@example.org,than
413,545,robertkeller@example.net,find
198,509,whitefranklin@example.org,although
370,672,istewart@example.com,cold
144,440,michaelwolf@example.org,measure
231,203,woodana@example.com,medical
268,226,nancymartinez@example.net,resource
351,767,kendraduncan@example.net,win
571,97,shawnmcdonald@example.net,member
11,10,thompsonlaura@example.com,address
589,124,amoore@example.net,class
138,690,garzahunter@example.org,dinner
501,930,jonathoncampbell@example.net,person
636,469,kbolton@example.com,theory
148,54,jreeves@example.org,change
72,449,cbailey@example.org,avoid
472,960,david72@example.com,have
457,757,chelseacooper@example.com,anyone
68,975,vhardin@example.com,suffer
663,103,lewisamy@example.org,buy
289,357,denise27@example.com,although
27,952,michelle03@example.com,long
438,524,grayricky@example.com,understand
115,207,jyang@example.com,since
99,463,adamrussell@example.net,occur
345,415,gravesdaniel@example.com,although
33,552,fbullock@example.org,role
201,710,chad73@example.net,thus
978,707,benjamin79@example.com,radio
60,836,wandamccullough@example.net,half
140,164,ryan16@example.net,political
275,577,gscott@example.net,machine
825,469,david02@example.org,water
856,573,lcox@example.com,evening
79,795,annpadilla@example.com,eight
889,185,herrerajackie@example.org,control
253,199,mendozafrank@example.com,trip
379,230,meltonjennifer@example.org,democratic
428,282,barberjennifer@example.net,run
79,556,sheryl31@example.com,yard
154,337,shannon55@example.com,indeed
914,387,gregory77@example.com,herself
522,606,matthewgonzales@example.org,across
27,285,robert03@example.org,total
467,403,barneszachary@example.org,range
381,541,djordan@example.com,hope
365,712,spearstammy@example.org,owner
744,805,dwright@example.net,certain
546,936,tabitha86@example.net,child
474,40,gardnerthomas@example.com,operation
747,791,smithemily@example.com,heavy
519,173,williammendoza@example.org,age
261,915,sharonpalmer@example.net,live
645,896,jbruce@example.com,information
128,56,samantha17@example.com,that
289,519,rachel22@example.net,stock
438,400,amberanderson@example.com,nation
225,791,jameshubbard@example.net,end
351,954,serranoluis@example.com,media
550,602,john34@example.org,stock
329,40,marybrock@example.com,economy
643,906,leelisa@example.org,role
433,83,robert49@example.net,trade
470,501,jaredrodriguez@example.com,kind
356,350,lindsay80@example.org,yourself
942,68,alec26@example.com,size
738,640,derrick89@example.com,where
978,714,anngarcia@example.com,southern
701,444,robertschwartz@example.net,morning
107,820,gdavis@example.org,statement
330,967,aowens@example.com,maybe
721,407,smithanthony@example.org,wait
470,70,cthomas@example.com,nor
524,315,courtney33@example.net,each
798,480,julia69@example.net,during
922,61,nrice@example.com,else
892,460,kelly52@example.com,so
693,250,caroline31@example.org,expert
252,998,qbrown@example.net,cause
417,569,samantha26@example.org,try
93,892,gregory83@example.com,leg
516,407,rolson@example.net,over
627,833,sharonmckinney@example.org,carry
736,378,annasmith@example.org,avoid
925,535,denise15@example.org,lot
926,533,allison95@example.org,same
688,101,raymartin@example.com,check
2,768,john58@example.org,then
482,558,bryangoodman@example.net,upon
818,129,thorntonrobert@example.com,hospital
52,881,combslisa@example.org,last
790,511,mary07@example.org,concern
349,108,allison85@example.com,hand
289,21,davery@example.net,ground
499,511,christina12@example.net,least
528,972,paynesavannah@example.net,more
439,163,angela45@example.net,whole
492,383,austinbanks@example.net,adult
97,312,ericlee@example.com,country
52,133,haroldwells@example.org,avoid
62,915,ksummers@example.com,TV
397,7,mwilliams@example.org,pull
576,214,tlloyd@example.net,project
832,290,tjackson@example.com,third
220,995,vincent14@example.com,price
871,349,huynhjeffrey@example.com,between
203,110,dominiquehaney@example.org,out
262,813,johnfoley@example.com,property
706,917,dianawalker@example.net,whole
197,606,stephanie67@example.net,threat
762,22,kyle66@example.com,interesting
255,872,christopherroberson@example.net,American
717,155,monica49@example.org,night
295,508,andrewschristine@example.com,employee
213,459,amandajackson@example.net,baby
876,609,mario01@example.net,receive
459,208,dakota35@example.com,have
167,479,joannabennett@example.net,reason
904,481,amy02@example.com,today
919,710,jason17@example.net,need
178,30,yjohnson@example.com,south
705,322,ortizdavid@example.net,television
225,245,hurleypeter@example.org,station
291,369,courtneywang@example.net,issue
584,841,erikdavis@example.com,policy
746,97,jesus39@example.org,leave
912,614,bakerdarin@example.com,lawyer
660,73,nanderson@example.com,walk
199,381,areid@example.com,bar
925,163,paulamata@example.org,prove
785,859,kfuller@example.org,suffer
938,122,taylorrivas@example.net,drop
250,148,willie32@example.org,make
816,222,zturner@example.com,agent
740,377,jacobhamilton@example.com,nature
673,479,osmith@example.com,full
68,111,kristingarcia@example.org,particularly
475,291,xharris@example.org,require
314,231,christopherwoods@example.com,time
58,164,hstewart@example.com,toward
723,130,qprice@example.com,involve
590,818,andersonjason@example.com,half
749,620,dwolf@example.com,assume
540,303,vanessa46@example.com,Mr
823,343,salinasmiranda@example.net,player
181,563,baileythomas@example.net,bed
392,935,erin36@example.com,because
385,343,cheryl55@example.net,first
981,902,martin30@example.com,usually
454,869,robinevans@example.net,early
131,378,stephanieyu@example.com,size
307,352,ashley65@example.org,term
944,252,huffdanny@example.net,attention
546,896,hollythomas@example.org,wish
970,357,elizabethyates@example.net,trial
264,726,plowe@example.net,bag
917,342,xhayes@example.org,enough
759,998,sbarr@example.org,phone
110,380,carolynbrown@example.com,carry
848,259,vargaskaren@example.net,the
127,305,jon65@example.net,bar
136,203,wanda10@example.net,design
705,430,millermatthew@example.org,but
568,771,nsmith@example.com,write
846,721,stephen85@example.com,card
512,708,salazarsamuel@example.net,job
865,335,kcantrell@example.org,new
790,864,donna05@example.net,accept
924,114,heatherrussell@example.com,necessary
456,558,wardgregory@example.org,field
124,510,christopherdillon@example.com,institution
249,481,conniesimmons@example.com,fine
398,263,toddhuffman@example.com,spring
664,63,karagraham@example.com,current
35,608,frank45@example.net,development
458,853,mary30@example.net,blue
651,537,cchen@example.net,product
814,706,mwoods@example.org,hand
131,351,pamela83@example.org,nation
742,344,andrew72@example.org,top
707,420,briannairwin@example.org,table
64,820,maryjones@example.org,her
771,164,austin79@example.org,young
728,696,zhangriley@example.com,church
390,874,randall44@example.net,next
802,645,rachellittle@example.org,number
838,124,imurphy@example.com,party
646,813,lisa71@example.org,home
368,47,tsimmons@example.org,production
263,191,jonathan32@example.net,specific
504,65,harold41@example.net,for
848,345,evansrobin@example.org,marriage
979,73,mark56@example.net,like
95,770,donaldwong@example.com,skill
835,101,craighughes@example.com,will
380,15,kimberlyjones@example.com,person
262,760,taylorhenderson@example.com,why
545,669,flemingerica@example.org,despite
924,360,wilsonjoseph@example.org,these
764,423,kimberly89@example.net,play
354,530,xbrown@example.net,cut
109,866,fieldsryan@example.org,again
325,150,roger06@example.org,stand
775,650,marywatkins@example.com,station
380,224,selena72@example.net,us
762,866,xsanchez@example.net,event
984,707,rjohnson@example.com,act
12,543,shill@example.com,money
688,185,terrencecampbell@example.org,general
649,797,alicia13@example.net,while
284,935,hmiller@example.com,two
747,413,jasonharvey@example.net,practice
240,402,yjones@example.net,we
570,420,delliott@example.net,maintain
353,183,christinaglover@example.org,past
394,402,jporter@example.com,operation
375,239,morenodavid@example.org,president
690,406,adam25@example.org,husband
379,203,weaverlauren@example.com,relationship
525,751,candacesanchez@example.org,tonight
45,251,bhenry@example.org,only
644,289,michael38@example.com,reduce
883,217,thomaswilson@example.net,fill
502,87,frank83@example.net,seem
234,797,michaelrogers@example.org,catch
609,817,phampatricia@example.com,product
590,142,vhenry@example.net,present
882,458,pmason@example.net,peace
652,133,denise88@example.net,himself
590,647,alexanderjoshua@example.org,agreement
682,155,brad10@example.org,action
173,33,ericwalton@example.net,physical
733,633,woodwardashley@example.org,when
466,195,oneillmark@example.com,season
520,167,maria27@example.net,one
662,86,garycortez@example.org,account
627,71,aliciasmith@example.net,real
700,43,courtney69@example.net,dark
58,353,travisstephanie@example.com,memory
199,97,jasminemorris@example.net,once
796,20,ewilliams@example.org,listen
669,756,jonespatty@example.com,entire
595,17,timothyhancock@example.org,what
566,875,moorepaul@example.net,list
129,849,annabarnes@example.com,maintain
231,585,rgeorge@example.net,line
962,26,milleramber@example.com,stop
937,107,dylanvalenzuela@example.com,campaign
195,865,williamgriffin@example.com,trouble
931,562,margaretlopez@example.net,husband
418,590,cannoncasey@example.com,brother
247,511,stewartmichelle@example.net,partner
276,879,odelgado@example.org,hard
680,165,danielletaylor@example.org,building
158,200,danielcombs@example.org,specific
147,86,burtonsarah@example.com,role
354,219,lmorales@example.org,expect
276,690,michelle68@example.net,institution
783,897,jamesreeves@example.net,peace
801,95,crystalphillips@example.org,billion
319,727,petersonsusan@example.org,home
918,254,mhanna@example.net,compare
496,177,frankherman@example.com,participant
842,741,brandonnorman@example.org,live
175,308,john34@example.net,keep
14,697,matthewclark@example.net,maybe
30,432,qpeck@example.net,describe
166,147,sarah34@example.org,society
947,80,iyoung@example.com,me
8,693,orichardson@example.com,sound
270,743,erodriguez@example.com,street
807,139,zware@example.net,fall
321,777,leviwilliams@example.com,however
348,328,amy62@example.net,teacher
933,613,qhernandez@example.net,arrive
353,826,imartinez@example.com,exist
646,763,powersnathan@example.net,staff
139,485,operez@example.org,level
525,904,arnoldamanda@example.net,region
932,359,istrong@example.com,level
313,134,zgarcia@example.com,example
911,791,lauren03@example.net,girl
29,942,timothy43@example.com,into
530,369,wardjason@example.com,identify
797,635,travismeyer@example.net,break
433,899,morenocalvin@example.net,couple
760,317,joshuahudson@example.com,report
127,407,xjohnson@example.org,send
247,120,diazstefanie@example.net,whom
806,958,ddonovan@example.com,no
174,263,brownkara@example.com,able
253,324,tony82@example.org,relate
139,26,walterdawn@example.com,down
241,384,susan87@example.com,upon
17,637,taylorerika@example.com,market
214,179,thaynes@example.net,up
888,971,gibbselizabeth@example.net,area
561,292,seanvang@example.org,we
618,374,christianperez@example.com,civil
346,137,matthewkeller@example.net,newspaper
446,980,robert73@example.net,line
977,783,matthewmccall@example.org,can
195,827,philip37@example.org,language
35,154,mossshelly@example.com,energy
405,915,fgraves@example.com,threat
240,999,dmarks@example.com,political
173,216,doyleconnie@example.org,trade
285,848,hernandezwendy@example.org,find
625,565,martinbrittney@example.net,full
305,40,jessica11@example.com,single
846,239,eellis@example.net,also
898,29,christopher36@example.org,bag
783,388,richard56@example.com,through
144,504,nicolewilson@example.com,Congress
733,144,kellis@example.org,major
706,109,nelsonkatherine@example.net,environment
585,496,brianathomas@example.com,successful
924,800,lphillips@example.org,star
285,840,adamsamanda@example.org,agree
239,908,hpacheco@example.net,sort
35,989,kelly62@example.net,everyone
386,311,kimberly16@example.org,computer
728,65,matthew59@example.org,early
836,272,phernandez@example.net,some
523,33,cynthia80@example.org,there
198,298,westmichelle@example.net,fast
45,224,brendabennett@example.org,power
512,386,benjamin67@example.net,serve
324,206,rhodeslance@example.org,stuff
734,134,anna11@example.org,change
141,932,tracey29@example.org,instead
539,5,bradleyhamilton@example.org,exactly
505,750,jerrygibbs@example.com,capital
158,572,jonathan03@example.org,name
573,470,alicia36@example.net,imagine
677,408,yvette14@example.net,south
316,213,tbest@example.org,blood
412,97,mrobinson@example.org,style
201,13,smithjustin@example.org,face
152,866,george37@example.com,agent
182,537,dknapp@example.com,present
707,738,garciashelly@example.org,newspaper
664,981,kevinmcpherson@example.org,first
592,144,amandawong@example.org,door
591,637,jacob28@example.org,natural
816,847,dbowman@example.net,their
152,119,valenciavirginia@example.com,single
695,574,reyessabrina@example.org,require
466,793,sarahsimmons@example.org,commercial
780,950,steven89@example.org,baby
135,646,laurapowell@example.com,cost
838,352,lmartinez@example.org,here
857,468,hollyjohnson@example.net,attorney
647,690,gwendolynmorris@example.org,compare
675,919,baxteradam@example.org,enough
817,632,gvargas@example.com,picture
181,469,drodriguez@example.com,program
58,602,yhanson@example.net,west
12,677,matthewsmartin@example.org,dinner
15,625,melissa53@example.net,loss
667,761,james02@example.net,old
938,245,christopher72@example.org,our
640,782,ortizaustin@example.org,board
165,335,michaelcummings@example.com,worker
925,704,maynardbrad@example.net,why
196,641,michellefrost@example.org,school
634,726,willisbethany@example.net,page
683,668,marthasanchez@example.com,find
201,524,brendawoods@example.net,never
227,175,leonarddennis@example.org,off
848,71,kgonzales@example.com,collection
781,864,amanda35@example.net,green
217,503,cferguson@example.net,center
27,134,voconnor@example.org,part
970,928,ayerskathleen@example.org,method
16,739,mariapalmer@example.com,miss
254,720,brittney62@example.net,technology
495,651,rkelley@example.org,yes
76,868,nanderson@example.org,leave
736,546,fernando26@example.net,writer
112,419,strongjessica@example.net,information
335,737,chunt@example.com,kind
466,715,prestonheidi@example.org,even
157,769,christiebryan@example.com,can
31,622,matthew74@example.org,edge
743,24,leejoseph@example.com,read
75,423,lewismichael@example.com,with
339,469,hernandezteresa@example.net,group
918,872,shelly36@example.org,color
31,344,tfoster@example.org,staff
100,597,hreynolds@example.com,present
493,852,chenmelissa@example.com,certain
251,305,garrettsarah@example.com,still
964,658,victor42@example.net,gas
793,981,tiffanywalker@example.org,those
786,705,leverett@example.org,risk
326,350,harry24@example.org,play
736,246,grant47@example.com,history
654,381,julie51@example.com,story
407,201,cheryl09@example.net,hold
35,123,qfreeman@example.net,agent
795,358,imiller@example.net,others
188,181,myersanthony@example.net,third
354,439,qgomez@example.net,many
865,304,joseph86@example.com,industry
900,438,alvarezerin@example.org,account
629,388,thomas13@example.com,hear
149,781,felicia51@example.com,day
575,274,william43@example.org,together
317,633,bburns@example.com,defense
983,697,barnesedward@example.com,maybe
514,589,kgonzales@example.com,for
133,857,wallerkathleen@example.com,yet
60,661,clarkbradley@example.org,young
222,929,michael50@example.org,resource
757,113,lwilson@example.com,cell
39,670,davidcohen@example.net,road
331,58,nancy53@example.net,office
623,282,sweeneyemily@example.org,try
213,511,danielsherry@example.org,another
707,744,fieldscarrie@example.com,idea
901,962,qgreen@example.com,whose
105,972,thomasmooney@example.net,camera
937,4,yolanda35@example.com,item
755,922,davispatricia@example.com,star
84,396,gardnergregory@example.com,half
73,451,stricklandjoshua@example.com,interesting
158,592,torresrobert@example.net,specific
293,378,allenderrick@example.com,deep
573,712,gabriella99@example.com,receive
918,538,jonathanwalker@example.net,discuss
703,978,franklinclarke@example.org,hand
782,322,wesleybaker@example.net,eight
676,229,ekim@example.net,billion
353,823,gsoto@example.net,level
42,921,taylorflores@example.org,two
757,377,dereksanders@example.com,nation
497,520,christopherbaker@example.net,force
946,221,mckinneybrandon@example.com,manager
839,854,ypadilla@example.org,leg
584,189,tracy99@example.com,get
945,409,fhernandez@example.net,bill
329,38,brittanygreer@example.org,fish
197,75,katie55@example.net,citizen
623,859,josephrichards@example.org,national
458,293,adam05@example.net,themselves
184,684,davidchapman@example.org,home
65,489,brian08@example.com,them
195,451,moorechristian@example.net,environmental
414,654,morganjaime@example.org,speak
6,603,turnermelanie@example.com,recent
358,348,kbowers@example.org,shake
782,643,michaelburgess@example.org,threat
646,688,daniel89@example.net,do
393,471,pbullock@example.org,fire
476,893,kwhite@example.org,add
616,931,harryvaughan@example.com,second
853,683,woodamanda@example.com,fish
400,619,kimberlyjohnson@example.net,approach
508,212,johnsonsherry@example.com,religious
39,960,xward@example.org,join
61,543,caitlincunningham@example.org,time
898,215,williamstimothy@example.net,artist
267,48,jonathanmurphy@example.com,positive
57,236,mcollins@example.org,magazine
426,969,randy32@example.com,sit
105,295,johnsonchristopher@example.net,rich
399,953,hopkinschristopher@example.org,list
490,948,kristen54@example.org,former
710,119,vanessa71@example.net,follow
404,525,dware@example.com,quickly
759,784,melissajoseph@example.com,describe
335,721,danielsnicholas@example.com,admit
108,169,marquezfelicia@example.net,walk
19,933,rebeccamartin@example.net,opportunity
244,762,ggregory@example.com,seven
91,141,chad95@example.com,to
646,484,tonya02@example.net,with
249,611,weeksmariah@example.org,father
319,786,williemoore@example.org,sister
241,599,bmendoza@example.com,can
361,351,golson@example.net,lose
91,464,terrigarner@example.com,measure
95,809,michelecraig@example.com,ability
276,494,christopher99@example.com,land
546,26,stephenskathleen@example.org,Mr
889,16,browngeorge@example.net,per
623,42,tonibrown@example.net,do
854,667,robertcobb@example.com,professional
605,362,rrobertson@example.com,alone
932,220,moorespencer@example.org,along
717,618,kylegriffith@example.com,cut
142,357,casesarah@example.net,remember
717,235,kimberly81@example.org,tonight
695,838,kelly50@example.com,record
139,596,thomasdaniel@example.org,teacher
225,776,katherine55@example.net,so
214,707,vwalker@example.com,wind
523,777,annsmith@example.net,subject
263,14,tlee@example.net,two
35,38,ryanpope@example.com,commercial
74,217,rachel73@example.net,mission
189,606,michael79@example.com,enjoy
502,66,larry41@example.com,draw
360,110,jenkinswilliam@example.com,task
62,94,janderson@example.net,reveal
54,840,gabriellefitzpatrick@example.net,share
784,621,blakerivas@example.net,tax
194,466,heatherdominguez@example.com,generation
494,845,brianpowell@example.org,product
948,436,pattersonkenneth@example.net,paper
690,534,kellydixon@example.com,military
509,63,phillipsnicole@example.net,stage
585,769,matthewlyons@example.org,compare
984,109,cartermason@example.org,mother
410,659,wendy06@example.com,room
330,610,anna54@example.net,trade
427,170,lauren17@example.com,think
919,870,zachary28@example.org,party
501,513,fuenteskelly@example.com,likely
242,796,sharon98@example.com,through
875,200,eileen15@example.org,western
407,946,mitchell88@example.net,side
760,417,alee@example.org,table
540,871,nelsonsharon@example.com,affect
677,936,bryantmichael@example.com,charge
692,923,kfoster@example.org,growth
215,525,sabrina23@example.com,network
649,847,lcarey@example.com,language
535,72,jeffreyarmstrong@example.org,learn
224,707,george11@example.org,believe
588,168,millerjose@example.com,well
97,14,wendy19@example.org,chair
370,120,cooktara@example.net,lose
443,581,michaeljones@example.org,enjoy
313,196,victoria56@example.org,statement
149,689,hsmith@example.com,relationship
295,546,lesliebradford@example.com,truth
91,65,john45@example.com,she
72,839,belinda17@example.net,more
590,959,morgansteve@example.com,market
216,904,pbyrd@example.com,former
775,321,zacharysimmons@example.com,carry
800,281,jenkinsstephanie@example.org,drug
358,713,pdavis@example.com,glass
74,542,jacob69@example.com,show
343,593,squinn@example.net,hour
796,533,ryanmelton@example.org,weight
171,652,jeremy42@example.net,effect
37,11,xmcneil@example.net,budget
851,47,edwardrussell@example.net,reveal
879,134,emily96@example.net,middle
186,60,gmiller@example.net,stand
379,802,hernandezrobert@example.net,matter
131,308,asimpson@example.org,available
428,169,dorothymayer@example.org,old
890,705,livingstoncorey@example.com,decide
161,394,singletonchristian@example.org,cost
918,817,xmiller@example.org,information
305,736,glucero@example.com,phone
900,758,alexislopez@example.com,production
745,798,ivillanueva@example.com,once
48,624,ophillips@example.net,music
198,921,michael12@example.net,spend
339,892,francismartinez@example.org,industry
144,15,kimberly98@example.org,present
193,877,ajohnson@example.net,model
833,433,elizabeth49@example.com,employee
479,120,gmoreno@example.net,teach
664,821,stephaniehall@example.net,specific
887,289,dwoodward@example.org,behavior
843,107,qhernandez@example.org,ago
17,75,gloriarowland@example.org,party
750,578,pthompson@example.com,trial
533,253,lwillis@example.com,Democrat
650,11,bbray@example.com,whose
36,616,kathrynmartin@example.org,including
377,225,angela44@example.com,common
723,725,amberryan@example.org,step
401,160,jonathan64@example.net,effect
311,261,nguyengregory@example.org,why
520,36,khenson@example.com,image
430,812,wilsonaaron@example.org,movie
617,838,sheppardchristina@example.com,knowledge
290,592,stephen92@example.net,society
367,9,rbyrd@example.org,partner
571,288,dharris@example.org,thing
308,954,henryjeffrey@example.net,over
245,582,mtucker@example.com,condition
149,511,zpayne@example.org,up
355,250,jharvey@example.net,growth
933,980,mpatterson@example.net,voice
385,492,david60@example.com,street
538,684,torresgina@example.net,chance
441,329,jackie85@example.net,follow
426,11,garciadonald@example.org,hotel
139,396,lanceanderson@example.net,energy
380,761,shannonmorton@example.org,develop
624,17,esmith@example.com,some
31,292,johnsoncindy@example.net,ten
522,796,greenlaura@example.org,happen
273,644,ingrammatthew@example.net,agency
244,83,annette31@example.com,we
728,739,amiles@example.org,computer
132,485,oreed@example.org,television
828,727,brittany14@example.com,place
579,939,alyssasmith@example.net,happy
82,66,george03@example.com,common
472,574,jennifer19@example.org,director
509,204,lwilliams@example.org,necessary
315,662,vanessawarren@example.org,three
269,855,lcarpenter@example.com,school
851,1,kbowman@example.com,behind
698,40,thawkins@example.net,impact
631,387,justinrogers@example.com,interest
687,314,iball@example.org,trip
56,852,richardmontes@example.net,actually
656,796,amy65@example.com,once
674,802,mccormickhoward@example.com,risk
808,174,brian83@example.com,way
965,840,vtorres@example.org,I
619,247,joseph96@example.org,when
536,211,kristinhunt@example.com,training
430,330,samantha32@example.com,edge
159,662,youngjennifer@example.org,edge
960,195,reneewinters@example.org,market
722,849,qjohnson@example.org,character
886,493,orivera@example.org,sea
320,558,kherrera@example.net,ever
120,678,vballard@example.com,listen
845,308,tonya09@example.org,trial
73,808,vrios@example.com,apply
158,758,vargasjeffrey@example.net,remember
521,969,jason87@example.net,must
265,711,thorntoncrystal@example.net,month
531,156,marklopez@example.org,case
376,308,arnoldanita@example.com,sit
802,691,morriswalter@example.net,friend
12,523,osparks@example.net,trial
564,864,krameromar@example.net,debate
96,958,petersonlevi@example.net,stop
757,71,sheila15@example.net,visit
907,510,zroman@example.com,speech
903,565,oconnorjohn@example.net,college
115,755,pinedasusan@example.com,management
285,163,rspencer@example.net,college
625,156,chapmanrobert@example.com,might
880,389,mikaylabowers@example.net,new
158,810,gregory93@example.com,data
663,18,danielbrady@example.com,hand
311,915,jennifervazquez@example.com,administration
427,265,dmiller@example.org,vote
765,169,zsmith@example.org,animal
391,796,maxwell22@example.net,we
890,840,liudavid@example.net,six
817,833,kendra65@example.com,arm
110,131,lawrencematthew@example.com,democratic
850,580,leedavid@example.com,billion
856,226,tanya63@example.org,toward
195,402,espinozacarlos@example.org,shoulder
864,974,ucarpenter@example.com,all
22,4,gallen@example.net,require
26,647,kimberly16@example.net,official
11,109,conniemeyers@example.net,strong
293,529,ashley79@example.org,significant
328,389,mitchell53@example.net,they
59,83,wilsondanielle@example.net,wind
509,850,gdunn@example.org,game
430,557,cherylclayton@example.org,dream
430,986,jessica04@example.org,where
700,347,mariosalazar@example.com,indeed
967,430,swoods@example.net,short
912,851,bgarcia@example.org,town
341,421,jefferyshelton@example.org,now
952,3,kristenmorrison@example.org,yourself
757,839,pamelafernandez@example.com,level
50,410,juliawalsh@example.com,try
78,702,april84@example.net,listen
402,339,cookegeoffrey@example.org,organization
466,126,johnweeks@example.com,outside
365,42,chris80@example.org,small
702,491,brian22@example.org,happen
682,106,wendy40@example.org,more
274,781,karen90@example.com,hot
931,123,robert91@example.com,kitchen
282,91,denise59@example.org,this
55,649,jasononeill@example.net,close
349,615,weaverbrandon@example.com,someone
537,886,qmendoza@example.net,wrong
183,245,chad46@example.org,so
465,784,craigbauer@example.com,budget
588,445,jasmine02@example.net,personal
372,871,brittney99@example.net,finally
331,538,colin69@example.net,clear
555,664,harristammy@example.net,huge
642,343,hbenjamin@example.net,future
835,576,john06@example.net,candidate
966,913,xarias@example.com,east
505,587,nancybanks@example.net,stuff
341,301,zmedina@example.org,total
699,588,wilcoxjohnathan@example.org,reflect
611,785,larry34@example.net,bring
618,373,keith65@example.com,PM
131,340,jeffrey02@example.com,drop
326,621,danielzachary@example.net,brother
74,362,glassmichelle@example.com,past
841,577,adam15@example.com,almost
69,105,xdavis@example.net,side
721,657,ocarlson@example.com,mission
863,501,maxwell12@example.org,pretty
138,988,haileycharles@example.com,not
465,442,margaretphillips@example.net,treatment
284,323,ohuang@example.org,in
413,529,hcastro@example.net,live
239,356,gjackson@example.net,memory
953,702,aguilarthomas@example.net,heavy
488,575,mccalljuan@example.org,fish
252,57,omiller@example.com,stage
559,204,dwilkins@example.net,yeah
366,449,lwilliams@example.com,political
328,181,donaldporter@example.com,consider
860,455,nathan42@example.org,bill
319,646,kelleydavid@example.com,commercial
619,410,heatherharrington@example.net,view
889,667,alexanderdavis@example.com,beyond
121,31,guzmanjoan@example.com,owner
483,2,christian47@example.net,next
154,944,robertbarnes@example.com,part
48,25,matthewmaldonado@example.org,enter
662,239,lideanna@example.com,past
740,797,tonycasey@example.net,firm
655,116,michael91@example.com,large
371,523,jessica85@example.net,director
784,482,scottthompson@example.org,wait
242,214,andrew67@example.net,six
983,919,laura54@example.net,reflect
282,783,ygraham@example.com,green
722,576,jstone@example.org,raise
858,696,nkane@example.com,model
488,40,tjohnston@example.com,speech
640,475,alvaradopaula@example.com,we
807,365,joseph60@example.net,wait
598,144,jonesjeffrey@example.org,too
542,152,kfisher@example.com,once
565,830,davidoliver@example.org,appear
4,139,nicholemills@example.com,purpose
567,358,gcarroll@example.org,former
463,324,amymartin@example.org,buy
149,720,matthewpowell@example.net,own
900,824,sandrarussell@example.org,arrive
127,398,dhowe@example.com,people
925,714,tracyochoa@example.org,culture
168,288,suzannerose@example.net,break
19,296,kelsey95@example.org,political
777,472,woodschristopher@example.com,itself
773,881,cmorris@example.com,difficult
541,514,ltaylor@example.com,chair
653,729,olsonmike@example.com,force
294,503,wmoreno@example.com,relate
192,833,rharris@example.net,term
172,773,rebecca18@example.com,task
889,58,pjenkins@example.net,usually
130,993,ryan76@example.org,offer
964,544,vhenderson@example.org,goal
613,432,jose53@example.net,raise
603,475,kaguilar@example.com,girl
287,808,wendy75@example.org,pattern
22,681,christiandavis@example.org,actually
99,639,marisanielsen@example.com,current
870,469,aprice@example.com,certainly
568,321,phillipskelsey@example.org,key
495,149,mthomas@example.org,huge
75,148,donald71@example.org,become
76,175,dgay@example.org,hold
735,862,phillipsjoseph@example.org,front
186,764,cassandra52@example.org,room
943,977,uballard@example.org,leader
283,220,susan06@example.org,sense
367,495,whiteluke@example.org,threat
915,907,linda80@example.net,poor
925,740,amandawells@example.net,school
748,259,toddjulie@example.net,huge
455,487,michaelkaiser@example.net,back
718,173,lopezamy@example.net,get
910,277,christina14@example.org,charge
237,579,zgarcia@example.org,situation
952,124,tracy49@example.net,that
301,952,solomonlinda@example.net,address
486,712,larry16@example.net,medical
221,210,holtjennifer@example.org,culture
208,570,joseph59@example.org,not
51,164,piercelawrence@example.org,often
27,619,svargas@example.net,early
894,171,nicole85@example.net,note
293,599,logan82@example.net,idea
313,386,stacyramos@example.net,direction
431,145,bkennedy@example.org,ago
316,133,courtneykaufman@example.com,decide
182,416,nelsondouglas@example.com,factor
11,203,sue20@example.com,nature
165,839,janetwilliams@example.com,doctor
278,370,stantonrachel@example.org,hope
389,726,abigail19@example.net,mention
59,200,reillythomas@example.org,bar
977,728,jonathan83@example.org,authority
785,447,edoyle@example.com,writer
367,202,zacharywalker@example.net,less
414,4,josephmartinez@example.com,agree
6,110,jessicafletcher@example.org,nor
311,219,angelabrown@example.org,station
761,639,gwilliams@example.org,Mrs
948,248,kelly62@example.net,feeling
136,982,jenniferodonnell@example.net,few
113,247,rolsen@example.com,easy
94,102,pwagner@example.org,author
577,150,idominguez@example.com,two
259,10,christine81@example.org,avoid
234,600,bbonilla@example.net,sign
718,601,jdean@example.com,risk
98,971,daniellarson@example.org,personal
662,223,fostersandra@example.com,ten
374,377,christinaedwards@example.com,difficult
18,685,pglenn@example.org,environment
402,255,michaelsanders@example.com,color
45,515,jessicarichards@example.com,fire
504,190,rosalesnatalie@example.net,always
754,340,edixon@example.com,have
25,555,qellis@example.org,free
552,66,diazkim@example.org,once
720,512,kelly38@example.org,create
194,678,hstuart@example.com,story
263,12,weaverjim@example.com,rock
727,68,sarahlopez@example.com,himself
110,500,julia36@example.net,dinner
712,323,james47@example.com,professor
844,104,caldwellvanessa@example.org,his
945,638,jasonnovak@example.com,capital
775,565,gabrieljohnson@example.org,official
76,584,jameswalsh@example.com,specific
757,72,henry96@example.net,reason
147,304,alison01@example.net,white
837,116,sarah68@example.net,watch
54,91,lewiserin@example.org,impact
129,125,hoodelizabeth@example.org,authority
557,727,allendiane@example.com,whether
463,519,katherine37@example.net,opportunity
39,203,laurie18@example.com,for
781,706,crosselizabeth@example.com,person
584,994,wagnerleah@example.com,each
571,337,jack96@example.net,well
692,109,heidi21@example.org,contain
757,450,maryblake@example.net,since
854,319,pamela35@example.com,former
382,383,audreyhernandez@example.com,since
578,775,phillip46@example.com,campaign
371,693,gregory84@example.org,art
67,682,apeterson@example.net,role
672,143,tammy74@example.net,total
694,132,kdean@example.com,big
763,118,blakepaul@example.org,development
686,983,george50@example.org,style
807,663,ortizamy@example.org,unit
403,608,dward@example.com,maybe
640,628,salinasryan@example.com,individual
574,601,chelsea77@example.net,song
34,959,matthewbarber@example.org,candidate
392,787,garciajames@example.org,impact
261,384,ibrown@example.org,single
574,731,powelldarlene@example.net,reason
255,239,john14@example.com,total
756,595,hollyjones@example.org,hit
21,665,bcole@example.org,human
845,581,oliverjennifer@example.net,company
267,269,gfoster@example.com,part
827,387,leroywilson@example.com,professor
265,243,carneypatricia@example.com,friend
650,50,walkerlisa@example.com,none
285,246,ipowell@example.com,yet
839,123,villegascatherine@example.com,garden
579,757,sfowler@example.com,professional
453,834,charlesashley@example.org,environment
751,945,plopez@example.net,have
412,784,amanda79@example.net,lose
198,466,ronaldgreene@example.org,idea
411,443,whitejessica@example.org,available
687,760,andrew84@example.org,organization
388,131,brent31@example.com,someone
594,66,atkinsoncynthia@example.org,soon
194,901,fchung@example.org,million
809,388,johnsondavid@example.org,officer
823,785,dmaldonado@example.net,finally
92,345,james59@example.net,whether
98,183,mariathomas@example.net,discuss
504,378,robert03@example.org,everyone
653,843,jameschang@example.net,exist
26,395,jon42@example.net,goal
559,561,jonessherri@example.net,hour
826,154,warmstrong@example.net,policy
746,134,nancyjohnson@example.net,current
874,281,anthony33@example.net,miss
856,846,cookjeffrey@example.com,lay
201,997,valdezjohn@example.org,kind
305,230,petermann@example.net,source
140,520,oroberts@example.net,likely
117,738,gregoryreynolds@example.org,name
53,452,stephaniebennett@example.com,blue
278,733,jamesreed@example.org,size
656,370,kathryn00@example.org,body
427,740,fallen@example.com,summer
425,882,znorton@example.com,head
612,211,sampsonkaitlyn@example.com,event
683,170,browncrystal@example.net,sing
597,199,philip02@example.org,page
709,536,dnicholson@example.com,century
760,363,jimenezjennifer@example.net,that
582,837,jimenezjoshua@example.com,use
328,970,randallphillips@example.org,cultural
19,755,wilsonmichael@example.net,anyone
707,300,hreyes@example.net,realize
705,58,patrickhudson@example.org,follow
832,118,jnelson@example.com,expect
449,18,yesenia82@example.org,each
694,887,claire59@example.net,population
57,602,jenniferbryant@example.net,care
695,394,hshaw@example.com,in
877,941,pgardner@example.net,enough
570,470,jonesaaron@example.net,plant
559,200,fdrake@example.net,community
476,540,fergusonchris@example.com,focus
283,466,joneshenry@example.net,artist
553,784,onealaaron@example.com,model
700,645,hannah70@example.org,company
980,373,rogersdiana@example.org,for
352,815,megan16@example.net,young
471,488,ballbreanna@example.com,indeed
388,88,aaron66@example.org,institution
911,189,sgraham@example.org,always
699,607,joshua86@example.com,for
540,141,brooksbrian@example.net,very
978,980,rharvey@example.com,plan
212,24,james60@example.com,answer
514,425,whitelisa@example.org,bag
304,304,gjohnson@example.com,present
501,20,austinclark@example.com,yeah
82,724,joshua74@example.net,simply
275,503,ian18@example.com,energy
112,154,btodd@example.com,then
123,711,caitlinfranco@example.com,role
232,949,kwilliams@example.com,American
790,720,boydjeffrey@example.net,get
109,552,stephanie37@example.org,future
724,551,vanderson@example.com,expect
912,903,johnsonwilliam@example.org,kitchen
326,707,carrillocody@example.net,example
629,851,pamelasantos@example.org,third
401,42,angela57@example.com,phone
223,383,claudia31@example.org,difference
31,782,holly34@example.com,technology
666,395,keith32@example.net,democratic
172,118,kshepherd@example.org,research
915,37,edwardsdebra@example.org,process
104,763,darlenephillips@example.net,ten
230,489,rhonda59@example.org,individual
88,417,pattersonshelby@example.net,page
336,940,ndrake@example.net,next
272,95,bakertodd@example.net,own
180,7,shelly30@example.org,strategy
517,928,laurie85@example.org,east
252,880,anitabutler@example.com,author
220,269,nbarajas@example.com,understand
195,361,katherine17@example.org,discover
859,723,nina95@example.org,development
34,3,shannoncynthia@example.net,trouble
431,838,michaelday@example.net,detail
925,783,williamsnyder@example.com,these
204,701,michaelperez@example.org,interesting
571,63,lcurtis@example.org,six
915,213,michellehayes@example.com,democratic
863,223,joseph42@example.org,reason
344,183,margaretbeasley@example.com,focus
878,809,christine02@example.org,floor
237,932,thompsonjohn@example.com,common
756,218,turnerlauren@example.com,young
615,602,palmerthomas@example.com,hope
362,906,mary27@example.com,hotel
15,51,houstonanthony@example.net,father
851,930,dharmon@example.net,sport
369,725,blairhenry@example.com,sign
69,758,coxevelyn@example.net,find
708,731,jill94@example.org,sport
314,609,rossmichael@example.com,dinner
210,684,crystalreid@example.org,tax
925,169,mercedes95@example.com,choose
845,450,dgonzalez@example.net,read
10,729,qwilliams@example.net,work
442,922,janettaylor@example.com,certainly
490,951,sanchezkatie@example.org,war
830,593,angelacontreras@example.com,collection
808,445,farias@example.com,cut
967,22,wallacejames@example.com,near
418,387,jessetaylor@example.org,true
611,764,jasontaylor@example.net,why
956,403,pramsey@example.org,Mr
414,359,darrenzimmerman@example.com,break
542,64,guerrerokenneth@example.net,democratic
724,713,jessica44@example.com,turn
71,637,johnsonmatthew@example.org,drug
687,503,duncanrobert@example.com,high
513,329,rwhite@example.com,president
984,629,pmaddox@example.com,audience
417,937,antonio20@example.org,maintain
713,208,phillipselizabeth@example.net,ever
844,236,christian50@example.com,hope
179,410,penningtonjennifer@example.net,student
639,243,jacksonbrenda@example.net,stage
365,300,kathleen86@example.com,buy
505,68,reedjennifer@example.net,grow
103,157,gregorypark@example.com,role
5,190,sean48@example.org,some
85,443,zoethompson@example.com,list
383,480,xayers@example.net,be
698,822,heathermiles@example.net,fall
863,990,cameron30@example.com,just
791,269,makaylabrown@example.com,treat
931,610,ginahernandez@example.net,race
79,589,brittneytorres@example.net,investment
101,950,maria53@example.net,spend
845,19,mitchellroberts@example.com,but
155,26,peter05@example.org,message
186,377,ronaldanderson@example.com,study
433,170,smithjohn@example.net,structure
582,321,brandon91@example.com,remain
773,643,patriciabrown@example.org,husband
238,527,bowerselaine@example.com,yeah
450,164,brandi14@example.com,agency
328,628,diana39@example.com,everything
620,374,megan47@example.com,sort
140,136,robert80@example.net,significant
481,1,morrisedwin@example.org,whom
106,308,darlene11@example.net,everything
6,577,kathleen92@example.com,push
654,367,hrogers@example.org,pick
695,233,kaylaanderson@example.com,hospital
445,780,coxpamela@example.com,effect
44,674,villegassarah@example.org,example
813,784,brendan75@example.com,friend
913,740,yolanda20@example.org,debate
658,977,stevengutierrez@example.net,over
487,741,dcopeland@example.org,level
140,958,austincody@example.com,occur
596,849,owalker@example.org,ahead
690,492,johnsonjames@example.org,put
784,790,ssanchez@example.org,mind
333,369,ysilva@example.org,push
633,974,david85@example.net,water
606,909,alisha54@example.net,participant
525,295,sfrey@example.com,what
428,355,castrostephen@example.net,charge
845,425,anthonyruiz@example.com,government
124,296,rgarcia@example.com,ready
528,667,kinglindsey@example.org,close
779,762,michelle15@example.org,try
182,72,leslieodonnell@example.org,like
595,764,dmiller@example.net,identify
491,954,andersonalison@example.com,step
810,176,janet49@example.org,its
361,719,burtonjoe@example.com,forget
434,100,matthewmcknight@example.org,several
262,847,fjohns@example.org,table
550,494,brose@example.com,in
235,20,mooreemily@example.org,military
696,79,clementsmichelle@example.com,information
4,112,ipadilla@example.net,page
57,353,christopher66@example.com,environment
573,2,vblack@example.com,news
517,589,ohughes@example.org,population
321,595,gbell@example.net,possible
711,640,robertamorgan@example.org,individual
891,645,staceyward@example.org,watch
615,610,jeffreysuarez@example.net,long
101,994,crichardson@example.org,provide
790,874,alexandria97@example.net,camera
430,181,brentlee@example.com,whose
300,758,watsonjohn@example.net,six
49,714,mcleanashley@example.com,activity
727,532,rebecca82@example.com,daughter
35,646,awalker@example.org,board
720,365,tjohnson@example.org,future
256,312,sandra17@example.net,quite
850,138,monroebenjamin@example.net,baby
688,833,keith84@example.com,including
797,971,nancymoody@example.com,very
272,938,martinjasmine@example.net,writer
668,172,sandra88@example.org,girl
919,542,odiaz@example.org,new
176,614,waltersantonio@example.com,several
78,659,sfuller@example.org,Mrs
415,72,jessica09@example.org,market
190,245,tinazamora@example.com,certain
670,936,ericamorgan@example.org,time
240,623,kristenaguilar@example.net,buy
354,47,syoung@example.net,owner
299,323,hayesamber@example.net,trip
268,363,klarson@example.com,reveal
909,505,kariwilkinson@example.com,also
773,571,ckent@example.net,see
479,438,carl48@example.org,since
34,164,collinstammy@example.net,local
818,239,arnoldkatherine@example.net,firm
852,606,gallegoskim@example.com,raise
226,133,hatfieldjose@example.org,forget
228,465,cprice@example.com,eye
45,908,patricia15@example.net,community
513,415,pfreeman@example.net,last
864,610,joe40@example.net,current
292,989,briannamoore@example.org,just
227,494,jacksonmichelle@example.net,carry
610,554,eortiz@example.com,contain
165,900,amysims@example.com,station
588,516,droberts@example.com,three
977,232,william03@example.org,high
26,895,nsanders@example.org,final
731,387,lauramorris@example.com,media
9,673,fishernicholas@example.com,light
589,853,terryjanice@example.net,song
877,122,brianscott@example.net,task
317,460,derek32@example.com,source
899,338,barbara77@example.com,remain
460,247,hstevens@example.net,popular
620,537,gonzaleskim@example.org,feel
235,32,speterson@example.org,happy
930,23,thomassuzanne@example.org,hope
721,212,jennifer74@example.org,last
466,343,william57@example.net,natural
39,119,wolferobert@example.org,end
822,10,walkerjohn@example.net,note
183,841,xmendoza@example.com,society
561,171,rhopkins@example.org,down
547,302,kelseysmith@example.com,operation
779,576,alyssasawyer@example.com,expect
598,866,julie90@example.org,second
760,545,smcclure@example.com,fast
922,828,coreymejia@example.com,continue
474,179,jennifer42@example.net,act
744,773,blakenichole@example.com,past
395,867,andre20@example.org,civil
23,376,bakeramber@example.net,trouble
843,660,michaelcampbell@example.org,focus
474,570,taylorboone@example.org,two
826,481,jonathan75@example.net,star
474,265,halltravis@example.net,pressure
366,231,greenzachary@example.org,woman
325,864,aguilarkeith@example.com,general
747,480,sanchezfernando@example.net,find
513,287,andrew04@example.net,lawyer
385,777,orrgregory@example.com,by
445,159,brian43@example.org,send
632,990,rodriguezbrandon@example.net,resource
77,249,jonvance@example.net,by
279,337,rodneybarrera@example.org,different
964,81,jasonwright@example.org,girl
457,620,melissa98@example.net,own
713,803,xknox@example.org,road
640,886,popesamantha@example.net,mind
284,14,zfrye@example.net,agency
556,341,garciajohn@example.org,too
725,645,osbornekatie@example.org,thought
836,482,zwilliams@example.org,forward
845,198,davidlittle@example.org,without
690,41,christina04@example.net,security
208,349,henryjones@example.com,role
846,786,rosegreene@example.net,imagine
448,625,owensjohn@example.com,choose
790,925,jasminepayne@example.org,unit
910,481,monicapatterson@example.org,speech
435,963,fwelch@example.com,soldier
399,797,karenbailey@example.net,paper
35,272,amanda15@example.net,everybody
237,233,ocarter@example.org,place
189,482,stephanielong@example.com,speech
977,658,tcoleman@example.org,fight
241,243,rgordon@example.com,realize
884,955,jamespierce@example.net,only
408,19,mgordon@example.org,growth
156,157,epeters@example.org,together
478,504,mking@example.org,believe
602,964,joshuaboyer@example.net,must
715,725,caldwellana@example.org,suggest
564,516,comptonmelanie@example.org,discuss
537,188,sara71@example.com,fly
189,526,debraolson@example.com,according
94,242,allensean@example.net,resource
236,352,dennis53@example.net,first
576,563,orrrichard@example.com,despite
277,586,idixon@example.com,girl
848,139,valenciamichele@example.org,simply
473,435,hmorgan@example.com,end
73,204,treyes@example.org,itself
466,977,sstewart@example.net,cause
794,332,cindyroberts@example.net,magazine
728,758,baileykristin@example.com,everyone
621,387,harrellamber@example.com,north
503,954,robert57@example.com,radio
140,62,donovansteven@example.com,mind
444,606,jasmine36@example.com,under
117,236,vdunn@example.com,human
502,378,perezsteven@example.com,pay
710,370,madison53@example.com,have
203,173,cjones@example.com,water
387,586,cameron57@example.net,consumer
585,964,butlersusan@example.org,investment
980,82,lisa28@example.net,case
258,526,coxanthony@example.com,fact
142,78,valdezjessica@example.org,name
2,54,david05@example.net,firm
679,579,williammontgomery@example.net,shoulder
710,747,slee@example.org,perhaps
235,224,bishopamy@example.com,statement
967,974,floresnicole@example.com,offer
331,183,ronald16@example.net,provide
967,168,underwoodheidi@example.org,reason
760,525,rwilliamson@example.org,federal
267,781,lschneider@example.com,news
671,789,jeffrey84@example.net,benefit
750,442,danielgomez@example.com,everyone
177,708,bnelson@example.com,front
169,31,trankatherine@example.com,yeah
244,342,njames@example.org,authority
210,231,gmendoza@example.com,serious
444,13,kristi11@example.org,war
223,309,melissawilliams@example.net,lawyer
341,315,mvaughn@example.org,animal
807,804,mtaylor@example.org,cup
578,943,rbarry@example.org,office
370,113,georgechristine@example.org,weight
768,333,gsolomon@example.com,change
58,302,rodney63@example.com,finally
120,76,christinepatel@example.net,order
232,216,lowecatherine@example.net,tax
818,752,vhernandez@example.net,room
665,206,bennettashley@example.com,matter
376,616,roblesmatthew@example.org,young
335,196,steven08@example.org,what
884,487,dustin31@example.com,instead
25,85,kevinrodriguez@example.org,life
863,16,burnswilliam@example.net,really
949,97,christinamoon@example.net,focus
33,84,simsdakota@example.org,maybe
237,695,amy66@example.com,recent
619,978,brian67@example.org,country
425,655,wesley44@example.com,modern
549,17,ehaley@example.net,place
3,798,efitzgerald@example.org,house
338,950,tmartinez@example.com,theory
87,941,bradleytaylor@example.com,stop
959,119,proth@example.org,hundred
974,521,melissa95@example.org,order
300,110,stephanie09@example.net,piece
921,866,wpope@example.com,matter
612,880,marie36@example.com,while
222,745,colecatherine@example.org,son
733,604,llloyd@example.net,room
811,233,randallclayton@example.com,game
206,304,timothymoore@example.org,recent
347,51,ymathis@example.org,analysis
561,783,kristen64@example.com,special
140,208,smithfrank@example.net,soldier
976,652,tammy38@example.net,song
237,902,joyross@example.net,how
177,254,william12@example.com,seek
489,310,masonmichael@example.org,floor
399,588,mosborn@example.org,off
934,70,nicoleshaw@example.net,some
710,949,markbeard@example.com,church
912,242,nrios@example.org,traditional
62,549,hoffmanderrick@example.com,every
209,902,moralesmichael@example.org,hope
238,899,susanward@example.net,majority
99,631,ihughes@example.net,law
704,877,rodney58@example.org,company
398,132,ostevens@example.net,way
693,769,robertwolfe@example.net,other
783,78,aburke@example.com,season
306,870,hillryan@example.net,military
783,98,smithconnie@example.org,usually
58,843,plyons@example.com,drive
573,253,zwalker@example.org,crime
446,523,danielsamuel@example.net,ability
275,214,crodriguez@example.net,employee
229,111,annerowland@example.net,able
124,2,kingjohn@example.org,beyond
656,490,burchandrew@example.org,exactly
740,650,qrodriguez@example.net,new
9,125,dnolan@example.com,sort
591,435,susan06@example.net,increase
409,421,vargasscott@example.com,save
899,265,dan09@example.org,should
645,32,palmeranthony@example.org,suddenly
845,733,craigperez@example.net,task
478,891,cgriffin@example.org,friend
886,766,fosterjames@example.net,different
35,239,leah75@example.org,so
520,48,taylorpearson@example.com,not
176,91,cherylrobles@example.com,fly
754,20,sotoerica@example.org,century
712,894,alvarezmichael@example.net,discussion
869,335,jeffreywolfe@example.net,manager
572,975,xblankenship@example.net,whom
135,822,george39@example.org,decide
60,486,alexandergarza@example.com,here
519,65,jameschad@example.net,air
809,411,pwilliams@example.net,face
679,780,freyes@example.com,statement
673,722,golsen@example.net,floor
25,910,ashleywilson@example.net,color
422,696,bradydanielle@example.net,professional
545,85,ufloyd@example.net,attack
500,576,bakermatthew@example.org,theory
170,675,matthewcooper@example.com,pressure
621,581,ahicks@example.net,change
921,528,cartertammy@example.net,region
37,101,dawngordon@example.com,evening
629,313,qsanders@example.org,box
896,818,timothy48@example.net,central
655,43,dhorne@example.org,window
468,19,delgadodiana@example.com,remain
129,67,zsmall@example.org,participant
440,738,nhowell@example.net,option
785,180,allen76@example.net,determine
693,768,ycabrera@example.net,goal
977,188,uspencer@example.org,pass
505,801,smithjoseph@example.net,yes
933,665,anthony28@example.com,though
466,138,cjohnson@example.net,ten
523,721,mwest@example.net,father
354,785,sethbates@example.com,choose
316,424,wobrien@example.org,leave
514,499,katherine20@example.net,hard
44,61,james13@example.net,affect
350,17,christian12@example.com,pressure
245,365,david23@example.net,without
554,234,alexhill@example.com,build
826,461,smithalexa@example.org,state
520,186,lopezronald@example.org,skill
64,716,olopez@example.net,increase
828,732,michaelconrad@example.net,wrong
860,514,hector81@example.com,production
103,631,patriciamcdowell@example.org,structure
841,684,xrasmussen@example.net,study
397,863,brent59@example.com,as
524,578,trogers@example.net,girl
278,684,amy66@example.net,in
550,370,michellewelch@example.net,they
115,596,mallen@example.com,free
225,169,ydavis@example.com,make
793,826,vgray@example.com,speech
909,492,dixonmarcus@example.com,activity
61,982,lance85@example.org,suddenly
423,117,walter68@example.org,cause
287,338,pamelastone@example.com,beyond
261,43,emily88@example.org,rock
131,476,psanchez@example.net,new
141,723,kristinphillips@example.org,growth
815,642,mary28@example.org,beat
73,501,ddelgado@example.com,way
96,432,manninglawrence@example.net,director
954,765,ashleytapia@example.com,smile
330,334,newtonricky@example.com,itself
710,886,patrickwilliams@example.net,through
459,431,twright@example.com,loss
529,497,garrett50@example.com,source
47,407,holly40@example.com,billion
662,710,allenbrian@example.org,song
719,3,vhansen@example.org,choice
406,78,webstertravis@example.org,arm
96,405,evelyn59@example.net,test
699,462,bryanmaddox@example.org,evidence
3,208,christian70@example.org,some
966,999,kimberlyclayton@example.org,middle
603,294,bradychris@example.com,material
252,296,rodney72@example.net,even
676,325,barbarawelch@example.net,perhaps
447,176,michaelhorn@example.com,listen
730,763,ericdorsey@example.net,cover
796,666,nhines@example.org,rate
492,445,markgonzalez@example.com,baby
843,277,fjones@example.org,smile
614,799,xwhite@example.com,have
51,677,jonestiffany@example.org,generation
586,374,bcook@example.net,understand
293,520,egarrett@example.com,the
546,872,ddixon@example.com,involve
867,112,manuelwade@example.com,over
304,934,christopherkramer@example.net,issue
745,702,cherylsexton@example.net,follow
271,903,vjohnson@example.org,this
670,309,ncherry@example.com,realize
605,267,vmartin@example.com,partner
692,633,gonzalezallison@example.org,should
309,135,clementspeter@example.com,short
467,427,walkerclinton@example.org,myself
134,620,john98@example.net,the
24,390,toddvega@example.com,only
35,546,kimberlyrivera@example.org,number
475,220,youngmichael@example.com,energy
373,579,dwaynejohnson@example.net,source
724,143,kentolsen@example.com,until
245,916,vicki31@example.org,walk
686,233,dbaker@example.org,sure
714,929,iknight@example.org,later
786,646,carol28@example.com,imagine
843,879,patricia36@example.com,recently
468,582,davidjohnson@example.com,indeed
921,754,friedmansamantha@example.org,act
499,160,bowerscourtney@example.com,school
524,556,danielle03@example.org,Mrs
97,959,rodrigueztimothy@example.net,stuff
184,69,carlosjohnson@example.net,various
200,982,martinezashley@example.org,thank
460,882,ecobb@example.net,direction
492,441,mwilson@example.org,agree
698,345,bmcbride@example.net,baby
654,635,rmartin@example.net,total
490,862,kenneth46@example.com,look
335,987,vanessalong@example.net,describe
207,730,jeffrey11@example.org,someone
948,540,lindsey40@example.org,season
941,828,mdickson@example.org,speak
21,879,sarah50@example.org,conference
607,703,ksingh@example.com,truth
914,441,strongsteven@example.com,market
182,909,arogers@example.org,send
659,47,tyork@example.org,eat
54,803,marcus06@example.org,under
120,576,albertroberts@example.org,phone
813,625,jay74@example.com,would
918,605,ashleymartin@example.net,many
980,778,gary85@example.org,own
450,718,james44@example.com,daughter
192,658,twright@example.com,different
455,718,davidsonjessica@example.com,seem
393,516,stephanie85@example.com,thank
424,508,carriecox@example.org,meet
184,554,danny11@example.net,trouble
884,650,brookskaitlyn@example.com,cause
909,404,lori07@example.com,near
498,896,bradleylester@example.org,film
31,612,goodpatricia@example.com,sell
380,131,nathan08@example.com,administration
103,853,elliscameron@example.net,hour
483,206,gmiller@example.net,small
185,292,tyronecaldwell@example.net,authority
474,803,jasminefletcher@example.org,like
249,466,tammiewells@example.org,firm
890,698,jameskennedy@example.net,bag
121,326,williamsdeborah@example.org,lay
54,389,matthew67@example.net,serve
848,774,shawjames@example.net,plant
248,593,zvaughan@example.net,score
945,498,jonathan73@example.com,support
894,676,cpowell@example.org,themselves
184,419,davidbeasley@example.com,gas
553,474,amandahawkins@example.org,card
156,291,michael55@example.com,clear
404,715,srobles@example.com,our
284,834,markmills@example.net,power
38,419,sfrancis@example.com,coach
507,519,contrerasbrian@example.com,weight
350,286,michaeltucker@example.net,score
753,533,domingueznicholas@example.net,building
741,683,kelleyannette@example.com,writer
305,429,jonathanruiz@example.org,off
85,183,georgeolivia@example.org,police
125,762,phamjoshua@example.com,anything
361,837,antoniobenitez@example.net,never
206,645,yfarmer@example.org,later
347,288,ofriedman@example.org,particularly
57,88,agarcia@example.net,eye
876,25,byrdtina@example.com,remember
160,895,karenunderwood@example.org,third
451,544,omullen@example.com,difficult
122,660,browntiffany@example.org,future
398,474,qgonzalez@example.net,during
399,303,damonyates@example.net,peace
26,188,russell97@example.org,talk
708,170,brandon13@example.org,herself
48,891,amyrodriguez@example.net,side
241,753,melissaperez@example.com,lose
39,444,jenniferpena@example.com,field
125,722,rita90@example.com,family
372,391,pconner@example.net,catch
733,510,catherinebernard@example.net,support
866,56,nixonjacqueline@example.com,ready
530,837,davidmclaughlin@example.org,discover
751,704,patrickacosta@example.net,onto
548,788,gchapman@example.com,heavy
84,923,pamelamiller@example.org,attorney
407,623,jasminelane@example.net,ever
557,167,aprilharvey@example.org,line
803,800,bethstewart@example.net,degree
448,458,gutierrezjennifer@example.org,believe
509,736,ajohnson@example.net,especially
3,191,robert24@example.org,crime
367,769,jenniferjohnson@example.org,put
873,735,frostkevin@example.net,foreign
424,44,wjones@example.net,through
331,202,sarah75@example.com,hold
281,539,gilbertgarcia@example.net,agent
139,400,bartonchristopher@example.org,want
260,945,richardwiggins@example.net,service
675,137,diana88@example.com,evening
656,126,lewisjustin@example.org,campaign
506,494,johnclark@example.com,couple
891,391,proman@example.org,sing
806,772,stephenmiller@example.com,staff
173,6,glenda28@example.org,then
287,148,njames@example.org,big
414,21,ddelacruz@example.com,performance
177,262,milesamber@example.com,crime
703,277,sarahbennett@example.com,group
941,903,craig34@example.net,hair
645,680,michelle29@example.org,role
451,511,kristin54@example.org,rise
286,261,keyjames@example.com,lose
254,362,perezmark@example.org,try
394,931,stewartrobert@example.org,state
358,206,david29@example.org,draw
179,210,raymondalvarez@example.com,team
577,461,martinkathy@example.net,industry
458,338,pelliott@example.org,star
451,86,laurenlin@example.net,social
832,647,katherine86@example.net,especially
847,405,baguilar@example.com,town
265,432,smithchristina@example.net,green
841,617,alejandra06@example.com,half
433,688,andradeyvonne@example.net,interesting
99,358,torresdavid@example.net,action
576,765,uwilson@example.net,future
555,773,woodsmartha@example.org,close
307,623,oliverjoseph@example.org,student
952,127,manningscott@example.net,eye
35,175,singletonamanda@example.net,writer
626,186,petersonlisa@example.net,look
679,661,vturner@example.net,rule
494,811,christian64@example.org,could
791,933,johndavis@example.com,difference
729,185,sharonlambert@example.net,interesting
148,555,ajohnson@example.com,her
716,513,gsavage@example.net,cup
119,964,vargasandre@example.org,discover
723,862,mckenzie59@example.net,month
381,2,christopher48@example.com,seem
239,90,carriesimon@example.org,so
564,813,kelli48@example.net,section
236,84,danielle35@example.com,notice
301,185,jenniferrobertson@example.net,yes
2,844,bradfordcameron@example.com,place
905,991,myersdonna@example.com,decade
768,494,jim58@example.com,amount
140,739,catherine46@example.net,move
434,565,erinreynolds@example.net,adult
705,992,julie78@example.org,even
151,529,wanda37@example.net,put
720,520,david71@example.net,several
747,450,bburke@example.org,begin
258,567,sarah88@example.net,civil
311,262,ynguyen@example.com,kitchen
472,240,brookstracy@example.com,despite
645,278,dcruz@example.net,goal
136,230,barkerlatasha@example.com,where
897,229,williamsmichael@example.com,lawyer
637,590,ryan41@example.net,less
736,471,daniel09@example.org,friend
127,121,myersbrian@example.com,seat
663,62,mjohnson@example.com,other
322,532,iharris@example.com,kind
58,674,brianterrell@example.org,whose
450,693,douglasbird@example.org,anything
262,493,keith36@example.net,put
99,45,pswanson@example.com,box
396,850,aliciachavez@example.org,offer
611,860,marco01@example.net,spend
627,441,suzannemiller@example.net,ask
625,32,ygarcia@example.org,home
6,28,juan89@example.org,month
41,130,robert02@example.com,matter
196,492,cherylsweeney@example.org,join
309,322,gravesheather@example.org,share
146,878,amy01@example.com,son
810,905,raymond03@example.net,authority
233,410,nathanroman@example.org,position
244,47,ruthjohnson@example.net,cold
87,545,jamie83@example.com,during
886,463,jenkinskenneth@example.net,finally
827,596,cheryl36@example.com,stock
254,411,briannadrake@example.com,listen
45,275,jennygross@example.net,feel
337,421,tjennings@example.com,former
458,484,sawyerkelly@example.org,bar
393,333,karenjohnson@example.net,film
436,250,michelle66@example.org,character
93,907,wilsonkristin@example.org,kid
17,855,collinsmatthew@example.org,red
352,593,choigeorge@example.net,former
785,373,morgan22@example.net,than
601,170,xbennett@example.com,activity
398,172,sandersjames@example.org,modern
307,859,evansjaclyn@example.org,all
598,898,sherrihart@example.net,discuss
704,361,tinabaker@example.com,within
199,984,parkerbreanna@example.com,budget
757,308,david34@example.com,view
857,672,gina72@example.org,development
715,580,fritzrachael@example.net,surface
540,535,fnguyen@example.org,determine
411,43,johnsonmeghan@example.org,middle
972,162,heidi81@example.net,condition
274,668,jessica93@example.com,food
360,577,martinevan@example.net,town
469,514,sproctor@example.org,page
254,794,gbrowning@example.net,whether
772,481,robert27@example.org,practice
956,464,daniel39@example.com,person
910,914,jessica98@example.com,adult
908,625,zwhite@example.org,can
467,194,dillonmartinez@example.com,adult
393,668,ebrown@example.org,local
724,557,owenslauren@example.org,summer
51,114,guzmankathy@example.net,compare
464,737,nicole46@example.org,collection
518,810,hicksmichelle@example.org,never
180,368,jlane@example.com,seven
828,41,ericanderson@example.net,support
518,93,rachel21@example.org,degree
846,630,warnold@example.net,throughout
144,658,hannahturner@example.org,can
532,766,wangsamantha@example.net,attorney
756,945,tclark@example.net,around
948,720,claudia25@example.com,wear
741,749,stevenolson@example.org,town
968,535,nrivera@example.org,say
766,831,tmorgan@example.com,skill
62,83,harrisonaustin@example.com,upon
50,531,bmorrison@example.com,fact
443,532,fernandezsamuel@example.org,save
246,692,webbkrystal@example.org,career
828,952,xvasquez@example.com,machine
713,547,barrettcarlos@example.org,happy
102,245,tina80@example.com,commercial
163,155,erinlewis@example.org,many
639,177,christopher76@example.net,develop
743,12,jenniferduran@example.org,from
982,248,caitlin14@example.org,measure
532,998,yhurley@example.com,pretty
251,307,andrewingram@example.org,nice
199,763,swest@example.org,idea
882,900,stanleyanderson@example.com,property
45,552,wyattsandra@example.org,style
336,172,johnny40@example.org,its
850,269,jessicasmith@example.net,peace
411,843,laurenrodriguez@example.net,hand
976,59,darrenbrown@example.net,order
65,98,stonesarah@example.net,attention
784,988,troybarnes@example.org,buy
666,55,tonymclean@example.net,professor
733,873,dharrell@example.com,four
285,572,valeriebowman@example.org,north
278,28,ameyer@example.com,sense
784,55,vdudley@example.org,share
338,673,robert31@example.com,scientist
607,176,daniellejohnson@example.com,matter
447,69,qcraig@example.net,vote
830,693,wheelerjonathan@example.org,how
313,359,amanda23@example.net,chair
252,739,miguel98@example.net,according
662,697,annerowe@example.com,store
457,972,kellymorales@example.org,push
881,739,chapmancarl@example.net,quite
77,805,avelazquez@example.net,nature
391,201,jramirez@example.org,somebody
427,987,sullivanjessica@example.com,environmental
95,315,xlynn@example.com,former
430,532,rhernandez@example.net,officer
556,244,marcus81@example.org,seat
879,434,cerickson@example.com,year
459,567,nhogan@example.com,push
588,472,erin02@example.org,pass
783,746,wesley82@example.com,family
92,640,joansutton@example.org,stop
651,183,justinrodriguez@example.com,current
745,760,otaylor@example.org,million
806,382,jay35@example.net,market
163,376,otaylor@example.net,month
472,440,scott11@example.org,report
370,231,xjordan@example.org,minute
827,499,tatesabrina@example.org,feeling
837,130,wrightjohn@example.net,maintain
266,460,melissamadden@example.org,take
679,901,sean71@example.org,else
406,902,denisemills@example.com,home
505,876,vasquezrobert@example.com,usually
298,816,pachecojessica@example.com,positive
269,540,petersonmichael@example.net,another
26,783,schmidtandrew@example.org,remember
531,773,qmorales@example.org,simply
556,807,rballard@example.com,reveal
677,428,craig32@example.com,arm
177,574,janet03@example.net,believe
368,622,thompsonapril@example.net,amount
763,598,omarcarter@example.com,everybody
515,295,fergusonbrittany@example.net,form
613,4,blee@example.net,true
128,649,bedwards@example.net,into
827,571,joycestephen@example.net,building
825,632,brett44@example.org,front
884,265,kevin53@example.org,indicate
613,188,lmckee@example.net,as
234,395,fmayer@example.com,cut
66,326,alexandrafoley@example.com,camera
533,952,randall06@example.net,generation
940,297,michaeloconnor@example.net,understand
648,782,mmercer@example.com,value
4,788,wconrad@example.com,sense
278,521,henrywebster@example.net,movie
210,805,ugibbs@example.com,these
714,540,gregorywilliamson@example.org,record
599,173,dramirez@example.org,investment
43,750,billymorales@example.org,senior
784,986,reidcatherine@example.net,machine
233,808,sherry26@example.org,watch
174,358,dcastaneda@example.com,young
646,536,wbrown@example.net,already
429,87,alicia38@example.net,page
646,952,brownkyle@example.org,mention
519,489,nicole86@example.org,safe
204,730,elarson@example.org,than
951,414,pscott@example.net,commercial
951,270,stephanie08@example.org,level
49,623,kevin00@example.net,forward
730,958,marshthomas@example.com,share
797,22,qcruz@example.org,reason
945,711,nancy73@example.net,usually
317,804,molinarobert@example.net,whatever
340,173,escott@example.org,population
64,832,morrisbeth@example.net,truth
960,231,caitlinmartinez@example.org,center
876,227,randy83@example.net,later
76,71,ashley78@example.com,act
208,527,reynoldsemily@example.net,perform
325,426,knapprebecca@example.net,tonight
130,760,xadams@example.net,heavy
152,279,clarkryan@example.net,exist
29,269,paigemoore@example.com,from
450,523,choisarah@example.org,situation
112,739,michaelmorrison@example.com,dream
8,435,garrett36@example.org,detail
908,831,jessicalara@example.net,physical
939,683,brenda40@example.org,institution
781,10,uwilliams@example.com,cut
292,923,bethanydavis@example.net,since
263,297,glucas@example.org,short
397,12,wellsbrenda@example.com,whether
449,215,davisangela@example.com,north
645,386,susanmitchell@example.com,training
661,363,patrickwilson@example.com,response
167,256,andrew81@example.org,fish
350,485,hamptonjuan@example.com,writer
287,842,hgarcia@example.net,road
874,129,harrisonsamantha@example.net,exist
366,812,martinmaureen@example.com,sometimes
93,373,faithwatson@example.net,especially
230,405,phernandez@example.org,effort
600,942,david79@example.com,song
861,48,mitchelldanielle@example.org,worry
56,241,crios@example.com,conference
882,699,kathleen93@example.org,free
234,307,jforbes@example.net,degree
152,539,ngreen@example.net,ten
668,617,sandy36@example.com,car
347,212,bridget28@example.net,my
955,174,jonathan91@example.org,civil
229,436,christopherpham@example.org,work
701,573,ymartinez@example.net,stand
201,620,jill08@example.net,company
612,210,jessica52@example.com,story
618,128,richard98@example.org,next
750,480,pbailey@example.com,lose
697,642,tjohnson@example.org,interest
606,225,rangeljames@example.net,yet
29,689,jason66@example.org,represent
654,963,howardjeffrey@example.net,activity
358,221,maciasalexandra@example.com,everyone
720,82,smithmelissa@example.org,after
671,946,tamarafreeman@example.net,cup
617,585,russellsamuel@example.net,position
519,61,krobinson@example.org,any
326,863,benitezkaitlyn@example.org,scene
352,357,johnblake@example.org,blue
290,656,morrowcarolyn@example.org,may
755,41,samanthasnyder@example.net,discover
729,525,cynthiawilliams@example.org,though
660,358,steven11@example.org,big
679,39,amanda32@example.org,front
76,800,hernandezcarol@example.net,win
889,789,maryhudson@example.net,work
842,830,amy35@example.net,politics
579,100,johnsonanthony@example.com,thing
14,336,spearson@example.com,central
863,247,bryantmanuel@example.net,parent
409,948,cathy50@example.net,music
847,965,fpayne@example.com,happen
697,380,pmartin@example.net,fast
60,505,wmiller@example.net,radio
46,344,hansenthomas@example.com,describe
801,281,heidi76@example.org,Mr
642,905,michelleevans@example.net,cause
697,349,taylornicole@example.org,take
508,105,barrydavis@example.net,last
714,127,scott04@example.net,better
42,607,robert86@example.org,break
793,351,pauldavis@example.org,statement
305,692,eking@example.org,half
776,380,andrew34@example.com,avoid
328,335,grimesamanda@example.net,already
549,899,fbowen@example.com,to
28,754,leesarah@example.com,interview
940,62,xwhite@example.net,catch
355,732,branditapia@example.net,west
708,406,ricardo86@example.com,lay
658,758,jennifercarter@example.com,able
454,549,bettyhoward@example.net,if
200,778,hortondustin@example.org,first
896,61,destinydonaldson@example.com,play
296,359,jamesswanson@example.org,sing
245,941,christine99@example.com,actually
831,84,jasonhinton@example.com,city
916,435,robertspatrick@example.org,very
171,679,michele57@example.net,believe
323,672,brandon50@example.org,forward
529,361,jenniferturner@example.org,food
237,487,garrett98@example.net,range
883,613,michaellewis@example.com,one
947,679,jonesmark@example.org,accept
685,844,ricedanny@example.net,lawyer
717,583,adrian92@example.net,concern
537,378,salinaseric@example.org,sell
345,571,johnvang@example.org,determine
292,426,nancy61@example.com,sell
260,453,dwalter@example.com,face
252,41,ycampos@example.org,everybody
731,765,melissa84@example.org,thousand
327,153,micheleturner@example.org,once
725,166,boonenicole@example.org,key
37,461,gabrielturner@example.net,forget
559,249,hahnricardo@example.net,quite
642,290,shelleymercer@example.com,bank
823,97,dianefuentes@example.com,drive
324,22,oshort@example.net,middle
191,985,christopherglass@example.org,and
702,254,ewilliams@example.com,prepare
33,38,allison64@example.com,rock
318,254,greynolds@example.com,provide
545,33,leetiffany@example.com,risk
913,998,dorothymedina@example.com,push
397,401,edurham@example.org,idea
180,621,carrillotimothy@example.net,administration
248,528,hclark@example.net,central
322,629,rkelley@example.org,ball
690,870,jamie96@example.com,thousand
447,66,georgerusso@example.com,here
539,540,christopher51@example.net,perform
555,166,abass@example.org,take
418,234,wallaceroger@example.org,cost
853,814,kwright@example.net,between
173,939,john34@example.net,open
872,26,ryanwiggins@example.com,thing
821,271,bobbyobrien@example.net,paper
666,256,stevensmith@example.org,commercial
107,763,roger25@example.org,half
157,463,edward39@example.org,support
341,33,nina35@example.org,say
509,507,jasonfuller@example.net,game
662,803,wlee@example.com,authority
436,92,xflores@example.net,degree
352,90,navarrosteven@example.net,window
907,584,wagnertiffany@example.net,despite
449,711,oliviarodriguez@example.com,meet
929,191,gilmorematthew@example.com,finally
716,876,reynoldsrebecca@example.net,say
218,166,richardsimmons@example.org,low
97,729,whitney85@example.com,hundred
27,746,fernandezthomas@example.org,modern
855,12,davidmosley@example.net,agreement
354,205,lsilva@example.org,election
835,872,timothyjimenez@example.org,care
764,125,brandy31@example.net,southern
679,315,uking@example.net,weight
628,301,robert64@example.com,single
950,85,amandabenson@example.net,various
969,297,lorimartin@example.net,card
447,206,katieguzman@example.org,I
176,782,smithregina@example.net,fund
273,735,thaynes@example.net,quite
76,746,michaeljulie@example.com,truth
724,462,jayshelton@example.org,forward
893,297,brownryan@example.com,himself
523,402,bakerrichard@example.org,need
36,531,gary15@example.org,voice
112,461,iware@example.org,beyond
503,287,christopher89@example.net,away
187,210,james13@example.com,four
549,186,adamstodd@example.org,stock
37,505,sylvia63@example.org,finally
924,568,lucasreed@example.net,way
242,430,pittmanangela@example.net,shake
521,7,dfranklin@example.com,never
225,637,kimberlybrown@example.org,until
911,636,wyatt57@example.net,prepare
704,317,scottashley@example.org,me
773,835,christinastokes@example.org,sign
784,491,christopherpayne@example.org,determine
763,225,bartonpatricia@example.org,argue
311,186,oparks@example.com,drive
950,708,brittany08@example.com,door
342,947,jennifer27@example.com,newspaper
488,528,johnstonheather@example.com,amount
976,964,amiller@example.net,two
939,881,nelsonjustin@example.net,name
472,359,ycampbell@example.org,friend
536,307,duncanjoseph@example.org,reveal
535,266,shermanmichael@example.com,black
622,10,kylehouse@example.net,sign
467,983,kimberly19@example.com,material
221,710,cwalker@example.com,fast
493,326,zachary45@example.org,billion
893,362,jerrymedina@example.net,feel
42,489,hbrandt@example.org,staff
333,636,robert40@example.org,his
320,927,rgriffin@example.org,market
739,586,bradley09@example.net,moment
23,255,oporter@example.org,produce
766,532,trevorbell@example.net,north
316,96,xwoods@example.net,subject
110,721,stewartkathleen@example.com,with
908,31,julie06@example.org,shake
116,610,chandlermary@example.com,kid
404,376,nataliehiggins@example.com,person
680,140,heather91@example.org,audience
425,229,cgeorge@example.org,guess
353,909,rosenelson@example.net,baby
68,755,nathan84@example.org,economic
206,279,arnoldhannah@example.com,social
104,336,brent05@example.com,become
615,533,acarroll@example.com,administration
281,56,hfarrell@example.com,money
846,593,rwatson@example.net,image
503,1,bernard04@example.com,black
983,397,kevinortega@example.net,pattern
39,187,psmith@example.org,seat
86,184,alexandragonzalez@example.com,PM
409,767,johnestes@example.net,fire
39,174,matthewperez@example.com,that
21,333,james90@example.org,wall
275,438,mackkatherine@example.com,control
113,403,allenmathew@example.net,according
480,91,frankhill@example.net,really
872,925,sherri15@example.com,but
268,867,ashley06@example.com,organization
749,394,changstephanie@example.net,either
500,681,jonesmichael@example.com,leave
316,132,vhenry@example.net,unit
437,854,imathis@example.net,consider
153,119,dvelez@example.org,during
542,135,umorales@example.net,strong
461,406,petersensteven@example.com,blue
732,994,abigailleon@example.org,prevent
417,993,dean25@example.org,any
201,53,bclark@example.org,enjoy
639,396,kelly07@example.com,paper
580,443,angelarivera@example.org,anything
806,791,rnguyen@example.org,another
732,13,john16@example.org,officer
152,854,jbarton@example.net,mission
826,694,torressharon@example.org,court
975,712,wheelereric@example.net,born
130,912,austinlewis@example.com,feel
894,803,emily74@example.net,many
451,495,jameslawrence@example.com,why
538,24,thomas11@example.net,me
416,679,cherylwilliams@example.com,bad
524,842,samantha31@example.org,perhaps
811,793,heather22@example.com,foreign
889,625,thompsonthomas@example.org,explain
903,464,nicoleadams@example.org,position
503,656,katelynhuff@example.com,radio
418,143,daniellejacobs@example.org,cultural
323,285,codyrobbins@example.org,woman
386,354,fieldsrichard@example.net,race
64,543,ysmith@example.net,different
147,903,richardsonrebecca@example.net,field
759,260,castilloharry@example.org,key
817,342,ramosmichael@example.net,everybody
178,647,alvaradogabriella@example.org,various
920,314,grace99@example.org,region
288,705,davidodom@example.net,attorney
655,384,ronniehernandez@example.org,clear
932,459,judithmueller@example.com,industry
70,289,collinanderson@example.net,budget
261,355,amanda12@example.com,medical
798,758,josephrivera@example.com,mouth
696,944,brichardson@example.org,wear
472,619,istewart@example.net,remain
141,96,russellmisty@example.org,late
721,664,joseph31@example.org,its
326,627,zsantiago@example.com,group
776,815,jacksonbradley@example.com,often
260,135,john50@example.com,entire
887,282,dpatrick@example.net,tell
557,462,hwalker@example.com,Congress
513,675,matthew67@example.com,its
197,689,george89@example.org,check
180,889,tsanchez@example.org,it
636,475,wsimmons@example.org,year
284,301,msmith@example.com,during
920,313,marclamb@example.com,enjoy
461,280,bakerjenna@example.net,out
226,188,mcdanielmargaret@example.org,election
225,934,lsmith@example.net,only
813,367,tinakim@example.org,in
844,173,mjenkins@example.net,change
563,856,jason77@example.com,imagine
861,718,hallmargaret@example.org,soon
251,538,kjones@example.com,tend
237,238,roybrown@example.com,once
668,667,derek78@example.net,country
188,677,mbutler@example.com,those
506,42,valerie71@example.net,time
85,421,znavarro@example.org,position
665,273,hherring@example.org,decide
217,16,parkssandy@example.net,why
785,949,danthony@example.com,talk
345,83,gregory05@example.net,collection
457,557,ybuchanan@example.org,sea
61,497,diazclaudia@example.net,would
268,874,sjones@example.net,almost
929,373,michaelmckinney@example.org,push
667,742,ian82@example.net,same
534,711,wongchelsea@example.net,article
194,134,schwartzmelissa@example.net,receive
131,56,david20@example.net,form
784,763,michelle87@example.com,population
514,998,dmiller@example.net,chance
488,847,melanie14@example.net,first
838,195,diana41@example.com,article
244,148,john89@example.com,color
60,173,qfernandez@example.net,clear
858,117,mevans@example.org,traditional
219,954,coreybrown@example.net,enter
11,755,charlesmontes@example.com,evening
487,607,josephferrell@example.net,standard
316,425,keithbrown@example.net,theory
609,479,georgemelody@example.org,stop
569,583,nancy27@example.com,over
474,223,kimberly00@example.com,realize
537,570,colin59@example.org,less
736,931,shafferrobert@example.com,interest
459,640,jessica39@example.net,health
108,235,mrivera@example.net,will
709,593,christensenrobert@example.org,tell
952,161,jessica88@example.com,lose
366,34,david76@example.net,writer
616,392,bcrawford@example.org,detail
838,559,samanthanguyen@example.com,throw
457,487,steelerussell@example.org,maintain
95,104,derekyu@example.net,among
633,604,kjones@example.org,pattern
731,286,carriebrown@example.com,color
60,183,obullock@example.com,financial
814,656,carla91@example.net,there
69,85,rodney98@example.org,occur
150,467,evan47@example.com,nearly
713,286,wujames@example.net,artist
729,174,wendymeyers@example.com,remain
755,653,christopher86@example.org,cut
295,315,taylortimothy@example.com,choice
822,622,jermaine79@example.org,similar
411,981,jilliansanders@example.org,education
110,964,ronnie37@example.net,stock
167,659,qthomas@example.net,possible
391,630,benjamin31@example.net,have
454,123,myerslisa@example.com,authority
710,24,ppotts@example.org,shoulder
865,717,kimbrooke@example.com,bring
733,207,tinaedwards@example.com,expert
837,662,wilsonjeanne@example.com,audience
351,723,campbellkenneth@example.net,buy
757,163,bethanycoleman@example.org,name
668,401,brianthompson@example.com,material
467,100,robin66@example.net,away
621,530,rmartinez@example.net,whom
878,992,kimberlyhicks@example.com,customer
327,993,petergraves@example.com,measure
610,82,knightjohn@example.net,catch
206,623,brent50@example.org,similar
194,366,harriselizabeth@example.org,avoid
296,197,lmitchell@example.com,improve
141,793,dduke@example.org,on
10,865,sheila47@example.org,ever
861,477,kellytodd@example.org,page
106,956,oenglish@example.org,music
895,572,karenthompson@example.com,sea
484,951,umoody@example.net,rate
595,526,gentrythomas@example.net,student
605,632,samuel49@example.com,voice
279,544,shermancindy@example.com,travel
506,120,cgamble@example.com,indeed
934,729,usmith@example.com,hard
128,12,melissaramsey@example.org,community
854,242,howard97@example.net,choice
743,238,dawnaustin@example.com,message
722,626,nathanlyons@example.org,agree
196,345,luis55@example.org,inside
913,760,gilbertadrian@example.com,understand
157,841,raymondsnyder@example.com,nature
828,809,rbarrera@example.org,need
894,635,harrisonsusan@example.com,hair
41,981,frankserrano@example.com,away
907,354,todd32@example.net,full
331,327,shepardalice@example.net,baby
473,374,campbelljennifer@example.net,their
594,119,amanda18@example.org,before
809,868,ganderson@example.org,amount
679,915,ryanconley@example.com,still
356,977,sanchezlaura@example.com,policy
39,76,duane32@example.net,size
591,792,pamela19@example.net,management
474,860,wardricardo@example.org,animal
182,759,joserogers@example.com,finish
843,539,hoffmankimberly@example.org,when
627,632,youngalyssa@example.org,benefit
822,371,catherineallen@example.org,glass
460,951,alyssalewis@example.org,president
188,86,sandersleslie@example.net,collection
725,62,zachary13@example.com,perform
283,323,ericvillanueva@example.org,style
949,788,crosbyashley@example.org,lawyer
559,146,maria82@example.com,usually
306,395,regina47@example.org,page
583,310,kelsey73@example.com,explain
70,194,jerrywarren@example.org,anything
878,632,dixondonna@example.net,director
300,504,brandon69@example.net,art
688,29,brianwright@example.net,write
697,660,shieldscassie@example.org,process
485,990,gperez@example.com,pick
252,220,owenstephen@example.com,year
135,591,kwilson@example.org,front
599,637,tina80@example.com,probably
265,409,epugh@example.net,region
773,371,theodoreperry@example.org,enough
236,950,wangmaurice@example.com,avoid
525,650,trevor78@example.net,subject
651,951,uramos@example.com,above
446,299,coxjennifer@example.net,nature
190,366,nicholas30@example.com,security
12,65,bkelly@example.net,size
974,108,jason16@example.net,tend
797,601,haroldstokes@example.com,final
444,939,danielknox@example.com,call
362,296,bergaudrey@example.org,expert
685,609,rodriguezlauren@example.net,agreement
198,597,tuckerrobert@example.net,prove
230,202,millsmichelle@example.com,or
436,732,smithcharles@example.com,cost
203,876,lisa34@example.com,per
788,672,diazcathy@example.org,section
848,896,escobartheresa@example.org,series
663,430,patriciadelgado@example.net,story
568,227,vbutler@example.net,seem
856,80,milleramber@example.org,course
356,61,cummingsmark@example.org,run
401,516,patrick29@example.com,list
964,224,darlenebailey@example.net,model
27,344,ffoley@example.com,to
254,395,martinezjulia@example.com,back
564,241,michael62@example.net,approach
224,255,cindyknight@example.org,road
177,384,kevin32@example.com,talk
221,588,juan34@example.net,child
779,449,marcusthompson@example.net,carry
973,704,richard75@example.net,we
955,952,anthonypowell@example.org,reflect
683,773,hickmankaren@example.net,others
754,800,gainesrandy@example.org,suddenly
61,326,russojanice@example.com,travel
139,873,anitawong@example.org,number
781,188,erin49@example.com,myself
979,425,ageorge@example.net,avoid
1,862,anthony79@example.com,population
702,185,lanecheryl@example.net,interview
446,918,irobinson@example.org,officer
646,779,rachel54@example.net,network
257,499,timothy15@example.net,all
49,198,rogerssabrina@example.org,live
31,246,martinezvictor@example.net,ahead
761,184,romeropamela@example.com,early
682,496,turneredward@example.net,across
688,474,alejandrothompson@example.net,never
221,810,vpearson@example.org,money
887,423,xharris@example.com,office
117,298,joseochoa@example.com,drive
804,335,vedwards@example.com,strategy
578,802,djenkins@example.net,report
821,835,preston42@example.net,poor
928,946,smithjeff@example.org,worker
310,677,rsanchez@example.org,film
278,699,stephanielang@example.net,miss
879,834,fvance@example.com,style
258,216,ppatterson@example.com,read
708,456,djohnson@example.net,wide
476,73,andersonamanda@example.net,remain
865,410,qlee@example.org,one
764,780,olivia12@example.com,order
975,140,williamsalyssa@example.com,during
132,815,floresvickie@example.com,figure
561,889,jessicamartin@example.com,feel
960,383,mrivas@example.net,assume
32,828,david39@example.com,security
677,472,adamstiffany@example.net,arrive
95,195,galvanmichelle@example.org,fill
442,705,reyesrichard@example.org,trial
894,837,ccuevas@example.net,lot
340,666,zbrown@example.com,thought
937,183,devin86@example.com,popular
937,475,qdickson@example.org,long
971,372,alexistaylor@example.com,key
934,134,escott@example.com,how
697,569,mcgeethomas@example.net,pay
531,284,edwardsalbert@example.com,tough
67,121,hbrennan@example.com,suffer
258,217,harrisongregory@example.net,character
211,909,iwright@example.net,instead
108,268,wheelerlaura@example.net,others
614,99,patrick19@example.com,watch
907,43,laurie19@example.org,candidate
63,110,nicolegordon@example.com,above
498,893,wallen@example.net,your
287,658,john98@example.com,reach
607,284,jeandixon@example.net,return
45,602,pgardner@example.com,shake
931,502,jallen@example.com,might
131,647,justinbuchanan@example.org,sister
519,904,mjuarez@example.org,president
6,749,donald40@example.net,bank
322,171,lisa68@example.com,participant
165,520,kingemily@example.org,even
450,780,deborah38@example.org,investment
24,407,mdavis@example.com,skin
827,716,sberry@example.com,create
805,432,allison52@example.org,nature
319,771,ericamcclain@example.com,kind
628,567,jalexander@example.net,evidence
443,527,dwilson@example.org,organization
422,864,brianbrown@example.net,music
578,910,vtran@example.com,pull
310,870,david09@example.net,give
978,891,melissabennett@example.net,yard
228,840,jasonharris@example.org,rule
220,97,jennifer64@example.com,place
110,423,danielle22@example.com,speak
899,44,perezsarah@example.net,east
575,599,emilyramirez@example.com,option
941,927,mary46@example.com,open
924,110,jonathan92@example.net,once
557,836,tblair@example.net,sign
857,589,lmoore@example.com,option
683,529,kimberlycole@example.org,thousand
585,853,jacob17@example.com,member
548,822,william35@example.com,chair
20,717,ashleydavis@example.org,public
141,859,ryan33@example.net,she
589,930,eddie57@example.net,toward
28,286,acannon@example.net,draw
749,102,jonescharlene@example.net,another
51,42,ntucker@example.org,including
425,495,deborah79@example.com,base
178,66,jstevens@example.org,voice
861,608,michael68@example.com,because
158,205,tsanchez@example.com,ok
19,875,andrea19@example.org,kid
389,403,xbarker@example.net,professor
278,788,zsmith@example.net,drop
158,561,brookecowan@example.org,with
833,996,amandalopez@example.net,respond
365,288,hendersonmiguel@example.net,available
416,413,robert96@example.org,arm
744,746,kelleymelinda@example.net,his
49,606,ovalentine@example.org,risk
146,681,wagnerkenneth@example.org,door
266,524,smithapril@example.org,teach
965,294,jonesveronica@example.net,type
796,808,stacy92@example.org,health
558,266,nlewis@example.com,hope
923,942,nathanoconnell@example.org,collection
107,229,michaelgiles@example.org,data
275,32,brownpaige@example.com,nation
646,704,xdaniel@example.com,free
772,745,browneugene@example.com,more
198,337,eric98@example.net,piece
900,479,teresa20@example.net,its
403,414,nstevenson@example.com,enjoy
431,391,smorgan@example.net,population
687,348,ericpeck@example.net,carry
279,352,tduncan@example.net,top
634,774,kayla03@example.net,charge
634,393,morgan78@example.net,benefit
865,751,brownmeghan@example.org,investment
613,78,cdean@example.net,nation
392,296,arnolddon@example.org,take
161,964,reedroger@example.net,positive
286,562,hannah86@example.org,middle
609,331,dvance@example.org,describe
888,149,johnlynch@example.net,turn
224,480,alicia28@example.net,performance
256,161,johnsonwilliam@example.com,lead
813,677,kimberly89@example.com,through
629,853,cclark@example.net,arm
650,541,schmidtpaul@example.org,box
812,511,royknight@example.com,scene
44,280,joshua95@example.org,computer
575,373,amber88@example.com,team
169,189,sharon12@example.org,low
146,990,vincent75@example.org,medical
420,359,davidgolden@example.org,stand
6,674,rlindsey@example.com,expert
797,727,brownjulie@example.com,face
790,473,yclayton@example.org,support
27,724,daniel35@example.com,issue
845,574,sherylcarter@example.org,message
761,28,tranpamela@example.org,particular
949,78,robert16@example.org,station
983,678,jennifer20@example.com,reduce
474,674,leviwu@example.net,woman
537,133,tammy09@example.com,direction
450,858,djohnson@example.com,hour
698,505,roy04@example.net,push
540,729,lisa93@example.com,reach
392,981,brittany97@example.net,maintain
767,433,donaldblack@example.net,knowledge
144,528,nhamilton@example.net,station
434,920,sosawilliam@example.org,place
559,215,susanrodriguez@example.com,become
662,612,mckenziegarcia@example.org,share
34,505,mauricewest@example.org,often
48,661,kristen76@example.org,collection
285,892,richard12@example.com,parent
873,894,mpierce@example.org,music
40,882,ryancruz@example.com,yes
939,340,sarah47@example.net,probably
693,764,sanchezhannah@example.com,friend
811,64,james87@example.net,both
290,736,zromero@example.com,that
505,699,brookebrooks@example.com,member
885,546,rbrown@example.net,shoulder
641,234,moorechad@example.com,international
68,738,anthony21@example.net,sort
352,854,wmcdonald@example.net,cost
655,172,rodriguezlaura@example.org,economic
380,794,colesara@example.net,property
30,796,crystalsandoval@example.com,what
196,541,isaac24@example.com,his
699,472,hallamy@example.com,tonight
667,968,bishopashley@example.net,enjoy
960,786,ellisjohn@example.net,detail
839,580,hollyblackwell@example.net,not
810,290,melissa65@example.net,benefit
184,506,ssampson@example.org,create
608,952,marycole@example.com,them
795,359,alexanderhenry@example.net,long
761,984,tgonzalez@example.net,billion
608,882,hillrobert@example.org,significant
839,825,tbond@example.com,bad
491,62,zfernandez@example.com,front
367,81,dalelewis@example.net,any
783,571,matthewssandra@example.org,west
952,556,spearskathleen@example.net,poor
550,216,kathleenraymond@example.com,follow
388,790,ramoswanda@example.com,you
303,345,johnsonanna@example.com,medical
326,821,christinahall@example.com,her
269,21,wyattkathryn@example.com,available
223,58,jenniferspence@example.net,recently
686,383,marshalljeffrey@example.com,about
121,85,chase25@example.org,on
835,98,ganderson@example.net,forward
768,244,flemingnicole@example.net,new
167,616,fmorales@example.net,tough
414,826,brownstephanie@example.net,somebody
549,990,estradagary@example.net,both
787,206,aperry@example.org,rich
566,880,miguel76@example.org,father
473,660,gjacobs@example.com,loss
922,970,holly19@example.org,window
568,41,kristina60@example.net,somebody
304,893,kristenthomas@example.net,tree
917,317,mhill@example.net,bed
855,980,christinamclaughlin@example.com,eat
186,146,sarahgonzalez@example.org,eat
625,741,traci86@example.com,production
867,977,maxwellcynthia@example.net,hand
346,735,agentry@example.net,standard
168,321,andrearamos@example.org,really
781,710,newtonmichelle@example.com,establish
555,947,xyoung@example.net,exist
914,50,ecline@example.org,last
392,691,samantha13@example.org,audience
829,170,garrettnelson@example.org,up
18,63,maryfields@example.net,none
896,565,jonmosley@example.com,way
87,687,walter25@example.com,history
301,719,parktimothy@example.net,prevent
760,254,michelle61@example.org,evidence
308,109,paulmartin@example.org,maintain
463,350,ericjohnson@example.net,have
617,9,mfox@example.org,soon
554,682,jamesmorales@example.com,while
146,641,hernandezjessica@example.org,thank
716,125,rhodesrobert@example.net,himself
244,619,morrisadam@example.org,toward
164,179,amberhaney@example.org,face
980,199,rnielsen@example.net,after
908,893,anne20@example.net,send
608,36,miguelwhite@example.org,whatever
682,514,schultzcaitlin@example.org,own
440,534,kstark@example.net,take
537,601,ericjohnson@example.org,but
442,32,emilyedwards@example.com,get
940,543,taylorbeth@example.net,develop
860,245,molinatroy@example.org,economic
625,118,stephaniebaldwin@example.org,hotel
980,31,natashaglover@example.org,why
514,131,meganfreeman@example.com,easy
569,861,derek69@example.net,statement
646,725,steven38@example.net,attorney
584,518,khale@example.org,help
778,852,sullivanmisty@example.net,itself
231,522,imccullough@example.com,area
949,943,samanthatorres@example.net,natural
611,967,jennifer57@example.com,participant
56,842,simondavid@example.com,pretty
736,943,garymartinez@example.com,cause
529,203,johnbarker@example.net,chance
275,280,ricefelicia@example.com,media
601,851,amyrosario@example.net,debate
521,22,kathryn33@example.org,administration
731,755,qtran@example.org,politics
451,610,graykristin@example.com,education
626,809,christopher16@example.com,whole
821,658,williamskaren@example.org,add
119,35,whopkins@example.net,voice
572,189,andrewallen@example.org,court
880,314,jennifer48@example.org,unit
758,294,laurengonzalez@example.org,computer
374,428,znguyen@example.net,skin
892,411,lauradillon@example.net,central
588,32,wrightmercedes@example.net,rather
222,521,tonyastewart@example.net,tough
721,907,casey26@example.net,shoulder
199,396,mercadostephanie@example.net,rate
562,597,nicholasclark@example.net,low
972,557,sarahjohnson@example.org,continue
950,780,jennifer21@example.com,offer
367,119,henrycolon@example.org,resource
693,862,isaiah50@example.org,organization
572,499,holly18@example.net,particularly
152,828,matthewingram@example.net,central
497,332,anthony28@example.com,party
118,272,williamsondawn@example.com,attack
873,214,jacquelinecobb@example.com,wear
2,208,colinmorris@example.net,subject
878,306,blevinsrichard@example.com,indeed
629,670,johncombs@example.com,somebody
108,886,cfigueroa@example.com,season
492,236,friedmanashley@example.com,identify
843,716,saradecker@example.com,strong
342,52,lisa69@example.net,blood
577,916,sandovalmarc@example.net,young
129,797,johnbarrett@example.net,stuff
386,148,clarksarah@example.net,arrive
824,9,michael61@example.org,live
89,588,tammyhaney@example.org,large
491,611,mlawson@example.net,part
314,84,lmercer@example.net,eight
92,10,seanmartin@example.org,else
138,498,alison45@example.net,light
939,934,colin65@example.net,bed
686,452,ysmith@example.org,majority
42,294,carsontonya@example.com,impact
11,587,jill01@example.org,total
61,658,aspencer@example.com,resource
566,37,thomasscott@example.net,west
572,701,douglasjohnson@example.com,cover
190,497,brooke28@example.net,significant
494,295,dyoung@example.org,myself
686,780,tracyanderson@example.net,environment
902,883,nduke@example.com,listen
846,726,nhuffman@example.org,woman
253,104,sstewart@example.com,agree
288,121,annette53@example.org,it
386,788,walkerjose@example.com,imagine
230,408,vstanley@example.net,leave
72,586,david94@example.net,compare
498,903,michael42@example.com,point
432,475,icarter@example.com,energy
445,201,marywilliamson@example.net,force
590,980,torresroy@example.com,would
893,452,umitchell@example.net,stock
146,774,washingtontravis@example.com,quality
921,222,adamswendy@example.org,point
2,668,ljackson@example.org,receive
499,497,osbornemitchell@example.org,section
686,299,burnskaren@example.org,drop
840,848,larryswanson@example.com,represent
839,960,bethanybush@example.org,standard
243,657,debbiegray@example.org,do
229,281,pamelahebert@example.com,wall
970,238,jacksonbrent@example.net,administration
870,816,clarksteven@example.com,cell
544,264,foliver@example.net,laugh
639,837,hansensarah@example.com,either
315,99,bayala@example.org,score
77,597,mturner@example.com,try
169,423,leediane@example.net,almost
258,717,danielwhitehead@example.org,force
953,227,matthew24@example.org,note
294,403,tgutierrez@example.com,large
453,923,gilbertaaron@example.net,that
797,74,barrydodson@example.com,possible
631,290,amandafrazier@example.net,industry
930,142,charles37@example.net,American
257,656,ericcarpenter@example.org,easy
959,79,atkinstyler@example.net,cover
841,606,marissa94@example.org,pick
931,237,rhodesanthony@example.net,find
163,331,gomezkevin@example.net,organization
375,193,jeromeferguson@example.net,single
403,656,hlopez@example.org,toward
970,161,james04@example.org,of
380,968,parksylvia@example.org,woman
229,837,julie40@example.net,risk
56,501,john65@example.com,describe
840,995,underwoodjonathan@example.org,deal
595,678,allisonburton@example.org,approach
241,995,gbest@example.net,mission
438,178,april22@example.com,hear
438,609,harterica@example.net,which
955,818,williamgrimes@example.com,fine
405,305,ryannorris@example.net,cost
761,767,qhubbard@example.com,professional
198,842,lucerodebbie@example.net,cell
248,844,norrisjulie@example.com,ever
792,329,wterry@example.org,work
627,972,michelle29@example.org,military
683,816,brianmcclure@example.org,information
352,443,pyoder@example.org,add
406,290,barbara93@example.org,practice
469,162,ortizjulie@example.net,discussion
844,973,qwalker@example.org,heavy
847,968,edward21@example.com,hit
849,763,larry47@example.com,throughout
765,335,scolon@example.net,boy
372,963,toddnguyen@example.org,life
842,754,oliviabrown@example.com,party
212,371,garciakenneth@example.net,scene
598,452,atkinswilliam@example.com,student
163,61,smithrebecca@example.org,age
456,72,evanstracey@example.com,themselves
147,509,agarcia@example.org,box
260,433,joshua73@example.net,gun
51,796,kyle33@example.net,sort
652,366,jodi57@example.net,seem
459,41,richardlong@example.com,technology
551,523,ithompson@example.org,ask
608,782,stonelisa@example.net,some
525,237,steven00@example.org,improve
506,314,timothy83@example.net,remember
338,179,martinezeric@example.com,newspaper
541,88,cynthia40@example.com,attack
424,254,aliciathompson@example.com,leader
132,314,marycox@example.com,able
573,217,dmaldonado@example.net,interesting
326,934,rhernandez@example.com,because
675,332,flynnterrance@example.net,guess
549,922,tammy26@example.com,finally
298,848,rclay@example.org,future
904,811,smithrobert@example.net,issue
482,415,ustone@example.com,whether
342,665,tbrown@example.com,put
477,283,acase@example.com,third
415,903,velezangel@example.org,century
200,37,josephmelendez@example.com,financial
319,583,amaynard@example.org,easy
871,724,groberts@example.org,hear
581,354,dduran@example.org,crime
613,208,elizabeth02@example.net,probably
373,65,mariah29@example.net,outside
589,261,rbrown@example.org,plant
904,710,shawbenjamin@example.net,generation
7,400,daniel75@example.org,interest
221,175,johnsonjerome@example.org,health
798,525,plong@example.com,ok
443,680,mccoycaitlin@example.com,them
934,776,sfox@example.com,war
890,192,nrodriguez@example.com,name
587,532,bmiller@example.org,tell
68,879,brennantaylor@example.com,fact
222,269,fcohen@example.net,describe
326,93,odomthomas@example.org,serve
414,76,wardmark@example.net,reflect
547,936,amber01@example.com,forget
872,896,hunterwilliam@example.org,ten
213,724,amanda31@example.net,through
585,680,reverett@example.org,hope
529,631,kathleenperez@example.org,talk
799,227,christopherbrown@example.com,wife
430,420,travisruiz@example.com,officer
551,653,usmith@example.net,in
204,851,alexdavis@example.com,control
637,797,trevor78@example.net,defense
367,552,kingjillian@example.net,use
632,609,michaelmichael@example.com,down
835,47,lbeltran@example.org,crime
866,808,ncontreras@example.org,both
11,813,yscott@example.net,nice
603,285,carrollangel@example.org,theory
822,316,roachbailey@example.com,activity
268,968,laceyjohnson@example.com,forget
137,894,briansmith@example.org,financial
920,215,zwarren@example.com,look
432,952,robinsoncolleen@example.org,manager
689,499,kburgess@example.net,free
256,64,randyhawkins@example.com,camera
678,648,rodriguezbrandon@example.com,thousand
974,609,kali@example.net,term
78,979,rodriguezmelissa@example.com,class
474,151,awood@example.net,fight
451,447,deborahfoster@example.org,challenge
849,839,jennifer70@example.org,gas
93,153,slyons@example.net,address
200,568,mtodd@example.net,several
341,772,ryangriffith@example.org,simple
65,521,egarcia@example.org,audience
652,245,tiffany81@example.com,southern
320,900,markbowman@example.org,about
474,547,castilloamanda@example.com,fight
827,399,nicole40@example.org,feeling
356,669,matthew64@example.net,middle
663,835,boconnor@example.net,field
681,912,lucaslisa@example.org,figure
970,205,franceshicks@example.net,figure
145,502,smccarthy@example.org,truth
861,25,lfernandez@example.net,everything
868,948,floresdennis@example.com,travel
335,543,ysparks@example.org,benefit
19,538,walkerpatricia@example.net,ask
398,992,emily73@example.org,method
400,491,kingtiffany@example.com,build
958,266,robertparker@example.net,time
449,154,tylerramos@example.net,couple
164,466,gibsonandrew@example.net,identify
90,900,heatherreynolds@example.com,produce
86,170,ashley03@example.org,contain
398,139,barronbrandon@example.org,around
70,252,jessica80@example.net,successful
919,146,williamwood@example.net,my
369,786,millerana@example.net,food
553,782,mathisjames@example.net,result
579,400,ronniejohnston@example.com,animal
43,487,williamelliott@example.com,memory
149,745,wboone@example.org,including
849,290,christinerice@example.org,carry
504,263,courtney83@example.net,finish
672,555,fergusonkathryn@example.com,style
238,399,colemanchristopher@example.com,left
855,530,fergusonholly@example.net,citizen
142,657,kevinchen@example.com,save
637,185,tjones@example.net,research
569,898,ethomas@example.com,discussion
566,637,richardsryan@example.net,performance
484,467,mmercer@example.com,air
800,102,amy08@example.net,church
222,498,zperkins@example.org,hear
434,550,marciawebb@example.net,line
137,592,jesseclark@example.org,man
23,752,ythompson@example.org,anything
793,851,garciapeter@example.net,my
552,383,eedwards@example.net,somebody
211,434,cabreramadison@example.com,open
864,359,eharris@example.org,attorney
81,925,jamespotter@example.org,affect
773,191,tony41@example.com,author
769,953,rcole@example.net,act
849,966,pughlaura@example.org,consider
929,439,frank43@example.com,those
354,868,tracyburnett@example.com,film
294,489,diamondmann@example.com,recognize
480,994,victor24@example.org,than
160,825,deborah74@example.net,rich
42,209,opark@example.com,stay
559,432,kristenortega@example.net,baby
351,142,andersonrandy@example.com,head
659,937,wmay@example.net,major
540,917,taylorhannah@example.org,interest
393,56,hensleydarryl@example.net,various
514,820,charles81@example.net,assume
212,41,qdavidson@example.net,country
872,426,heather01@example.net,pay
796,44,youngmelinda@example.net,vote
641,594,barrondeborah@example.com,station
139,708,emitchell@example.org,almost
960,307,shawalexander@example.net,fly
286,38,breweradrienne@example.org,decide
71,344,jenna81@example.org,half
689,136,kristylee@example.org,of
501,544,timothy98@example.com,particular
114,915,arthur95@example.net,understand
828,433,jpatterson@example.net,allow
582,918,thomasdavid@example.net,page
612,630,uholt@example.net,deal
673,774,alutz@example.org,third
498,887,lwilson@example.net,newspaper
357,877,andrewspatrick@example.org,share
849,74,danielcortez@example.net,today
343,777,johnweiss@example.com,sport
40,102,ochoaphillip@example.net,start
925,285,luis67@example.org,far
468,636,lisa06@example.com,chair
287,131,stephenkeller@example.com,win
950,472,rgarcia@example.org,coach
664,934,sroberts@example.org,structure
333,7,emily67@example.org,magazine
315,985,carlshaffer@example.net,education
452,422,brookegray@example.com,work
329,820,sean17@example.com,chance
515,484,woodsclaudia@example.org,sport
252,97,rodriguezjulia@example.net,discussion
219,333,umoore@example.net,sometimes
549,522,cristina41@example.com,control
695,184,courtneykane@example.org,under
50,788,kevin38@example.org,account
618,917,reneegarrison@example.net,behind
379,924,jmiller@example.org,spring
514,846,michaeladams@example.com,between
810,365,dmartinez@example.org,about
412,583,erinreynolds@example.org,kind
511,775,nelsonjack@example.net,born
646,423,lhart@example.org,fly
583,830,gonzalezcarrie@example.com,right
191,721,williamselizabeth@example.com,short
130,762,sherry06@example.org,ability
517,652,xpacheco@example.org,rest
955,422,lbrown@example.com,go
973,822,gjones@example.org,body
508,317,lopezmichael@example.net,imagine
437,706,pecktheresa@example.org,bring
487,866,charlesgregory@example.net,than
875,432,ureyes@example.net,spring
540,124,kyle56@example.com,born
898,791,gallowaychristina@example.net,painting
752,630,sandra72@example.net,theory
676,608,jordanchristina@example.org,truth
950,339,znelson@example.net,citizen
748,177,kellycoleman@example.net,could
974,122,julia99@example.com,marriage
484,507,clove@example.com,scientist
303,927,richarddixon@example.com,fill
515,186,cbrown@example.com,form
473,442,david12@example.com,activity
877,278,osanders@example.net,town
451,657,sarabaker@example.com,could
211,675,andersonapril@example.com,which
186,141,melissawoods@example.org,plant
541,538,chernandez@example.org,themselves
208,610,david34@example.org,throughout
399,899,edward81@example.com,themselves
589,103,katelyn18@example.org,performance
895,178,mckenzieprince@example.com,choice
890,621,fstephens@example.com,red
874,745,regina64@example.net,wife
331,582,jacobscourtney@example.net,type
289,602,david18@example.com,again
417,636,hbarber@example.net,media
288,156,gregramirez@example.net,world
843,53,kimberlyhenderson@example.org,sport
421,681,wrivera@example.net,month
595,107,kelly96@example.net,usually
410,12,connie66@example.org,simple
775,702,philipmata@example.com,baby
167,376,salazarmiguel@example.net,general
821,376,thomashowe@example.net,world
955,107,kholland@example.org,its
194,590,shannon97@example.net,beautiful
318,40,zcampbell@example.net,field
451,72,billyjones@example.net,decision
224,710,carlsonstephanie@example.com,number
661,289,mhendricks@example.com,society
281,649,romanrobert@example.net,total
758,45,kevin08@example.org,left
510,128,vlevine@example.net,put
505,39,vmoore@example.com,record
772,440,reedmicheal@example.net,nice
135,882,ramirezcrystal@example.com,year
364,68,derrick34@example.org,box
845,835,matthew67@example.com,table
689,580,judy77@example.org,may
459,989,broberts@example.net,environmental
260,113,summercooper@example.com,author
255,542,varellano@example.org,race
947,574,yrodriguez@example.org,give
686,670,ashley96@example.com,scene
98,4,rodriguezwilliam@example.net,visit
444,963,nicholas52@example.net,interesting
586,399,edwardsjeffrey@example.org,run
889,644,katherinesnow@example.net,morning
12,357,boydthomas@example.org,again
926,741,trevor82@example.net,describe
748,645,stephaniearcher@example.org,enough
490,718,rlee@example.com,during
570,599,lhernandez@example.net,debate
83,349,carmen83@example.com,director
937,884,monicamendoza@example.org,door
247,518,paulhernandez@example.net,decade
467,106,nwalters@example.com,when
477,226,allenmatthew@example.org,necessary
629,698,stephanie26@example.net,study
816,562,laurenmorse@example.net,deep
522,338,wolfeshannon@example.org,thousand
192,814,shannonbowers@example.org,without
702,53,mark65@example.com,evidence
603,739,dbaker@example.net,marriage
137,523,wheelerandrew@example.com,travel
317,128,leealyssa@example.org,senior
267,178,jandrade@example.net,type
278,338,melissa73@example.net,ball
804,23,carlafletcher@example.org,enjoy
973,480,john82@example.net,season
865,141,jenniferescobar@example.net,still
599,883,craigbailey@example.com,important
198,565,aimee75@example.com,certainly
689,874,wromero@example.com,new
425,450,michael18@example.org,along
627,534,dustin39@example.net,little
630,820,amorris@example.com,white
59,597,wrighttimothy@example.org,their
860,330,andrearodriguez@example.org,future
982,689,douglas86@example.net,itself
415,940,michael18@example.org,anything
379,66,jonesjames@example.com,truth
580,953,nathan40@example.org,response
402,362,rdelacruz@example.net,mind
110,962,dawnsilva@example.org,push
339,871,gmartin@example.net,everybody
745,496,cwilliams@example.com,wrong
110,613,johnsongregory@example.com,structure
423,428,ashley37@example.com,heart
574,772,murphybobby@example.org,machine
822,645,victor68@example.net,if
547,591,bhernandez@example.com,win
809,265,paulablack@example.com,pick
253,603,elizabethdavenport@example.net,information
777,384,lisamorse@example.net,thousand
894,409,samanthawells@example.net,report
747,412,dalton70@example.net,success
600,547,gilbertmark@example.com,girl
920,640,frederick13@example.net,tax
252,580,amiranda@example.net,life
272,114,ngonzalez@example.org,trouble
725,153,djones@example.net,blue
266,60,edwindoyle@example.net,nearly
555,129,julie06@example.net,bank
150,330,rwang@example.com,mean
108,938,nrandall@example.com,throughout
252,130,earnold@example.net,model
387,182,carolynvaldez@example.net,company
825,328,millscindy@example.com,girl
823,833,dennis59@example.org,feel
237,128,yblake@example.org,well
535,46,savannahjohnson@example.org,thank
185,699,brownwilliam@example.org,however
571,259,smadden@example.net,modern
736,213,steve75@example.org,key
159,332,bmiller@example.net,financial
173,885,gregory86@example.com,visit
228,212,daniel55@example.org,test
740,665,joseromero@example.com,time
274,957,mark69@example.com,authority
260,626,james88@example.org,method
689,268,francisco52@example.com,charge
267,813,matthewmoore@example.org,tell
91,138,racheldawson@example.net,home
869,96,williamlozano@example.net,foreign
499,387,devinmooney@example.com,style
367,567,garyrobinson@example.net,likely
954,893,james20@example.org,mother
485,36,joserubio@example.org,seek
590,184,rebeccawright@example.org,all
367,52,david61@example.org,talk
851,589,julie03@example.com,whether
55,951,robert05@example.net,before
333,64,tjohnson@example.org,break
175,919,jaclyn64@example.com,according
559,586,wheelerkeith@example.net,hear
493,80,brandihorton@example.com,citizen
693,799,tylerhall@example.com,change
120,92,johnsoncourtney@example.com,north
670,522,iadams@example.org,professional
224,571,glennroberson@example.com,material
480,267,spencertravis@example.com,response
931,352,samantha04@example.com,dinner
434,397,choibenjamin@example.org,issue
172,581,richard62@example.net,attack
700,229,davidsawyer@example.org,new
54,753,whiteallison@example.net,give
125,957,wheelerkimberly@example.com,this
397,665,hallison@example.net,bit
82,982,chloe70@example.com,office
871,732,shaunallen@example.com,they
971,289,kgordon@example.com,among
730,361,spenceredwin@example.org,wind
583,457,qtodd@example.com,fine
190,569,kevin04@example.com,possible
113,64,tiffany38@example.org,half
327,121,vmendez@example.net,nice
122,246,qbowen@example.org,by
864,782,allison69@example.com,environment
176,640,russelljohnson@example.org,very
7,304,cnolan@example.org,debate
336,271,brent25@example.com,family
350,229,mdavis@example.com,that
880,978,boydamber@example.net,instead
604,673,montgomeryandrea@example.com,week
439,908,robert76@example.net,player
245,716,steven81@example.org,gas
954,696,caitlinward@example.net,suggest
529,429,mrice@example.org,affect
436,67,slittle@example.net,seven
95,828,mark19@example.net,approach
111,312,aellis@example.com,the
108,602,eatonsandra@example.org,suddenly
754,636,clong@example.net,long
546,11,mark30@example.org,capital
60,429,taylorjenna@example.org,west
716,239,caitlinbrown@example.net,ago
658,492,lloydjoe@example.org,positive
217,953,fburton@example.net,buy
510,581,hansenandrea@example.org,these
263,253,stephensgabrielle@example.com,cost
978,396,jimmyphillips@example.org,my
156,258,pattersonpaul@example.org,after
870,304,wardtyler@example.com,production
773,14,amywarren@example.com,it
103,489,harpermichael@example.com,wall
210,572,sara78@example.com,road
838,58,michaelgonzalez@example.net,form
381,960,gmorse@example.com,past
618,839,teresa86@example.net,total
42,320,hperez@example.com,against
93,942,peter50@example.com,state
709,772,dhunt@example.com,interesting
482,746,hernandezbrent@example.org,through
119,61,chandlerwendy@example.com,set
854,422,andersonchristopher@example.org,offer
466,893,josephortiz@example.org,win
721,614,eandrade@example.com,million
310,312,robertsonmonica@example.com,conference
2,951,khouston@example.org,despite
814,788,carolynsmith@example.org,forward
983,109,cindyhughes@example.com,population
800,347,dawn82@example.org,occur
87,400,millerdale@example.net,each
38,276,thomaslatasha@example.com,firm
711,278,nicole33@example.com,fine
539,308,craigangel@example.com,town
34,845,huntmorgan@example.org,old
632,733,ebryan@example.org,think
183,195,patrickmills@example.net,prevent
913,749,ismith@example.org,check
718,946,bradleycarroll@example.com,hundred
46,785,daniel33@example.com,write
236,125,angelabooker@example.org,wind
693,673,sarah46@example.com,police
490,619,gmcdonald@example.com,dream
529,276,franklinmichael@example.org,fish
81,915,benjamin28@example.org,over
466,56,hugheschristina@example.org,maybe
782,325,desiree28@example.net,president
129,526,susanrobles@example.com,within
909,66,jphillips@example.com,record
112,983,nicholeperkins@example.com,leader
810,692,john54@example.net,road
133,57,pmarsh@example.com,our
75,668,crystalgraham@example.org,although
197,372,martin58@example.org,money
748,867,tanya07@example.net,baby
75,284,qalvarado@example.com,role
806,435,shepardpamela@example.org,model
666,425,lisapollard@example.net,window
565,642,romanrodney@example.net,kid
878,837,ruth56@example.org,bring
307,913,crystalhiggins@example.com,direction
868,503,xcarlson@example.org,you
543,382,davisrebecca@example.com,forget
927,824,mcneilrachel@example.com,resource
621,716,kmiller@example.org,green
546,771,plogan@example.org,environmental
293,504,turnerpaul@example.net,movie
375,207,alexanderthomas@example.com,court
196,144,michaelrodriguez@example.org,time
358,417,joshua73@example.net,require
105,578,kelli70@example.net,fund
43,640,smithpatrick@example.org,see
75,188,michelle96@example.com,audience
269,371,epotter@example.net,boy
264,329,dukejames@example.org,hard
351,264,kerri95@example.org,improve
895,173,harrelljonathan@example.org,to
160,680,gingram@example.com,magazine
920,573,kaitlynscott@example.org,nation
425,386,amanda41@example.net,like
133,220,lisabailey@example.net,mission
594,950,kristopher21@example.net,hear
69,799,twilcox@example.com,place
540,528,ccampbell@example.net,carry
678,390,haydendavid@example.com,board
626,11,robertslinda@example.com,successful
937,846,mcleandaniel@example.org,notice
872,23,fhernandez@example.org,out
331,251,wyattmccall@example.net,rather
218,820,andrew79@example.com,well
375,481,kirbychristine@example.org,dog
596,707,perezraymond@example.org,defense
46,30,patrickwest@example.com,everyone
436,258,lnguyen@example.com,once
535,779,vjenkins@example.net,thought
512,241,frank93@example.net,study
340,32,xclay@example.net,their
516,672,marshallpriscilla@example.com,article
475,360,xguerrero@example.org,itself
320,860,martinezrebecca@example.net,action
95,389,eflores@example.org,bill
213,64,umccann@example.net,data
81,637,jacobcarpenter@example.com,suggest
929,236,allison74@example.com,dog
101,522,jessicahale@example.net,despite
736,553,hernandezapril@example.com,me
364,412,hamptonmichelle@example.net,message
534,296,bbennett@example.org,herself
840,872,billyblanchard@example.com,young
786,411,stephensnyder@example.com,economy
799,963,roy98@example.com,wind
637,329,paul34@example.net,compare
729,528,evansevan@example.com,old
2,459,gerald00@example.net,something
154,827,twalker@example.net,current
864,808,macdonaldmaxwell@example.com,scene
239,832,harrissylvia@example.net,role
202,149,kyle67@example.com,opportunity
581,670,bullockmark@example.org,at
580,124,davidadams@example.com,future
340,385,briantorres@example.org,crime
601,388,whitevictoria@example.net,performance
857,188,fostermichael@example.org,list
973,92,kentaimee@example.org,recently
641,518,keyjessica@example.org,teacher
626,472,sbell@example.com,provide
443,695,freemandaniel@example.net,feeling
843,191,frivera@example.com,all
930,894,jodiwheeler@example.org,daughter
796,422,ronald16@example.net,although
656,235,michaelgonzalez@example.net,fine
742,577,shepardmonica@example.org,impact
901,564,whitetracy@example.net,son
753,261,christine23@example.net,arrive
785,514,fbryant@example.com,similar
672,745,alexcook@example.com,community
708,63,robertstyrone@example.net,value
690,571,jesushill@example.net,surface
146,112,cynthia89@example.org,style
220,956,zclay@example.net,difference
17,449,sellerschristina@example.net,husband
211,442,lisa58@example.net,general
754,452,morganlynn@example.com,threat
727,911,molinajonathan@example.net,if
698,195,qedwards@example.net,sound
355,75,fletcherjacqueline@example.net,southern
486,73,ysingleton@example.org,read
564,451,sarahwhite@example.org,what
746,488,larsonkendra@example.com,something
742,828,joseph18@example.com,idea
959,738,bryan90@example.net,series
68,796,smithshirley@example.org,democratic
192,359,troysnow@example.net,feel
747,641,williamsummers@example.net,board
726,836,toddstephens@example.com,lay
799,89,brittany92@example.com,three
528,159,uhull@example.org,young
185,598,tracey14@example.com,begin
964,563,michael43@example.org,why
909,998,yestrada@example.com,especially
205,394,ellisonjamie@example.com,up
854,396,mariahortega@example.com,offer
494,128,vperry@example.com,practice
838,37,athompson@example.net,wide
187,279,linda82@example.org,guy
816,598,nphillips@example.net,available
666,27,qshepard@example.com,line
881,558,ingramlauren@example.com,quickly
624,865,robert30@example.org,analysis
528,564,shannongreen@example.com,actually
820,359,mclaughlinkevin@example.net,bar
505,981,lpotter@example.org,I
825,506,lwagner@example.net,down
386,185,millerkimberly@example.net,know
389,634,kgonzales@example.org,style
50,942,rebecca77@example.net,structure
210,946,fhernandez@example.net,call
719,208,cheryl14@example.net,contain
940,526,burnsrichard@example.net,try
357,598,victoria23@example.org,sell
591,394,alexandrapatel@example.com,race
408,238,xjohnson@example.net,arm
457,734,brandon95@example.com,book
351,39,ihumphrey@example.com,bank
734,692,chadjohnson@example.org,work
83,739,harriskeith@example.net,natural
796,714,john59@example.com,again
799,554,candicejones@example.com,she
554,388,danielmartinez@example.com,magazine
465,149,teresa57@example.com,which
14,696,williamslinda@example.com,interesting
295,963,andrearobinson@example.net,baby
273,885,moorelarry@example.net,western
91,302,cmerritt@example.com,science
634,159,markwatson@example.net,century
374,135,harringtonmelissa@example.org,themselves
461,129,raymonddaniels@example.com,finish
121,28,kdickerson@example.org,toward
240,202,cromero@example.net,movie
15,886,evelynsmith@example.com,work
542,972,heatherhoward@example.net,return
442,762,jennifer69@example.net,until
205,309,pachecomark@example.net,set
463,598,edwardwebster@example.com,fact
195,820,victoriacooper@example.net,serve
580,717,garciajay@example.net,how
687,371,gregoryscott@example.org,quality
748,260,cdillon@example.org,hear
694,134,cynthiacruz@example.net,guy
778,85,nsherman@example.net,interesting
76,88,khughes@example.net,team
203,89,gabriel33@example.net,leg
818,449,navarrodaniel@example.net,successful
389,828,brian36@example.com,what
173,39,philipmontes@example.net,most
872,616,davidhogan@example.com,garden
139,804,pmontoya@example.net,exactly
246,190,friedmanmonica@example.com,culture
148,127,carriewalker@example.org,over
244,518,hernandezjacqueline@example.com,address
621,617,montoyawilliam@example.org,beyond
284,902,roachmegan@example.net,hard
250,466,michaelwood@example.net,top
258,190,stacey87@example.net,million
309,777,larry97@example.com,value
344,373,millerlauren@example.net,fill
8,229,joshuabarker@example.net,respond
157,347,tiffanyreyes@example.org,material
97,850,paulanewton@example.org,wife
699,55,johnbailey@example.org,consumer
528,307,kristen90@example.com,ahead
81,263,nathanmoreno@example.org,everything
87,780,matthewjohnston@example.net,southern
206,440,mosszachary@example.net,cost
766,505,saragarcia@example.com,interesting
480,491,cgreen@example.org,hand
612,932,robertsdylan@example.com,over
968,872,christopher22@example.net,alone
466,331,rodney25@example.org,standard
48,544,renee03@example.com,adult
903,766,tbrady@example.net,fall
424,450,eric73@example.net,once
60,209,colleen19@example.net,magazine
866,218,ywallace@example.net,avoid
636,715,christinesmall@example.com,turn
898,271,kylecruz@example.org,black
609,999,stanleydouglas@example.com,turn
633,683,tbowman@example.com,say
597,145,nathan70@example.com,group
779,929,russellhall@example.net,condition
772,230,frenchmichelle@example.org,would
722,386,rhonda93@example.net,effect
639,295,michael91@example.com,become
850,616,jennifercantrell@example.com,behind
62,999,haynesgwendolyn@example.org,third
508,759,asmith@example.com,box
133,834,wrobinson@example.org,modern
638,905,andersonlarry@example.com,church
452,913,krystal62@example.com,sometimes
928,447,linda46@example.org,character
979,86,meghan07@example.org,interesting
574,376,sean74@example.org,financial
636,942,daniel13@example.org,attention
277,289,antonioedwards@example.net,through
605,379,destinybennett@example.com,hot
951,659,brennanjeffrey@example.net,standard
505,549,isilva@example.com,win
557,104,danielphillips@example.com,performance
546,706,walkeremily@example.org,modern
538,214,kgreen@example.com,total
799,176,kimberly66@example.com,style
799,340,laurabowen@example.org,factor
216,652,birdstacey@example.com,whatever
453,652,ystafford@example.org,popular
26,961,melvinwilliams@example.com,five
265,366,darrenstevens@example.net,pass
635,281,joneserin@example.com,professor
835,22,sancheznicole@example.net,part
77,296,elizabeth03@example.com,brother
472,706,lorisalazar@example.org,Congress
735,6,steven89@example.org,understand
943,899,chambersmatthew@example.net,himself
262,20,crossapril@example.net,long
813,708,gwilliams@example.net,candidate
473,127,qmassey@example.org,last
206,660,jamie72@example.net,summer
41,879,john13@example.org,while
432,846,kbright@example.net,trouble
980,879,duncankimberly@example.com,figure
81,888,paula25@example.com,goal
393,876,robert31@example.org,establish
393,285,jenniferwhite@example.net,through
695,916,christopherfisher@example.net,tree
805,641,garcianatalie@example.org,final
846,839,michael40@example.net,space
44,793,marisarichardson@example.net,common
306,689,sara18@example.net,toward
259,541,cjohnson@example.org,court
406,152,hharris@example.org,several
612,129,leonardphillips@example.com,audience
836,561,zdouglas@example.com,one
867,946,huynhemily@example.net,than
681,223,krogers@example.net,door
805,166,charles78@example.org,price
982,507,barbara27@example.net,natural
528,241,arnoldjennifer@example.com,Congress
364,240,gfisher@example.net,former
117,296,kmullen@example.net,much
184,932,rodriguezkelly@example.net,professor
455,713,angela29@example.org,major
826,116,jeffrey12@example.net,parent
72,439,alvarezsandy@example.org,understand
396,465,ariana90@example.net,cell
265,104,matthewjohnson@example.net,oil
838,78,martinbrown@example.com,anything
973,150,robert15@example.com,improve
632,849,cynthia27@example.org,past
544,732,jacobcamacho@example.net,shake
187,493,rharris@example.org,guy
250,152,beverly90@example.com,key
97,453,rhuff@example.net,office
50,397,yclark@example.net,hit
353,90,johnharrell@example.org,if
193,501,sbarr@example.org,turn
181,533,tonya13@example.com,everybody
11,345,nguyenkayla@example.org,pick
85,301,singhalison@example.org,piece
695,703,randyparks@example.net,onto
336,932,dianaortiz@example.org,serious
802,65,johnsontamara@example.org,interest
258,641,maddenscott@example.net,try
347,759,melinda74@example.org,common
472,71,hallamanda@example.com,purpose
476,1000,anthonyking@example.org,learn
873,102,jessegoodwin@example.net,single
407,646,graychristy@example.org,week
950,774,tina47@example.org,crime
286,597,bowenheather@example.net,appear
42,254,vjones@example.org,community
235,52,youngkatelyn@example.net,wrong
531,697,candacebarrett@example.net,move
63,836,zthornton@example.org,amount
654,941,benjaminramirez@example.net,situation
610,5,efoley@example.net,song
597,535,tracey48@example.net,team
495,284,yjames@example.org,system
48,548,qmedina@example.net,build
676,792,johncooper@example.net,become
739,301,lindseycharles@example.net,worker
403,696,imullen@example.com,travel
567,599,andrew14@example.com,seem
146,825,ericfrancis@example.net,center
147,29,carol28@example.net,painting
421,804,jjackson@example.org,figure
515,959,jason79@example.com,someone
424,80,fernando12@example.com,this
297,748,vliu@example.com,participant
677,825,weeksmatthew@example.net,Mr
19,16,brent97@example.org,character
689,691,vbennett@example.org,him
872,100,danielblack@example.net,add
767,342,gregory02@example.org,new
219,398,iquinn@example.org,matter
71,812,eric58@example.com,young
888,602,mclark@example.org,year
538,896,toddfleming@example.com,past
760,988,khicks@example.com,past
712,500,moranbrian@example.org,talk
9,666,millerjonathan@example.com,inside
39,96,wjohnson@example.com,new
411,80,antonio18@example.com,this
599,264,wintersdenise@example.net,any
717,997,russelldavis@example.net,cover
312,22,pattersongrace@example.org,former
460,542,olsonmaria@example.com,traditional
138,476,bgreen@example.net,sense
7,814,karenchurch@example.net,run
497,900,lisa59@example.net,themselves
897,319,smithhaley@example.net,military
134,102,cheryl37@example.net,and
443,372,lharris@example.com,because
837,730,chunter@example.net,hear
507,362,kgraham@example.org,cup
244,214,briannunez@example.org,animal
772,612,blong@example.org,dog
264,638,meadowslori@example.net,country
483,859,yreilly@example.org,walk
236,100,brownjose@example.net,as
525,471,lauren08@example.net,voice
948,905,lsalinas@example.org,tonight
713,982,maria45@example.com,TV
9,777,harveybrandon@example.com,score
77,100,theresa74@example.com,Republican
577,667,sarahcohen@example.net,economic
48,329,carolynfrye@example.org,month
132,275,andrewsnyder@example.net,want
237,935,lkim@example.org,week
387,978,michael92@example.net,stay
839,103,sandra51@example.org,friend
145,162,christina77@example.org,prevent
844,667,jeffrey38@example.com,pull
545,931,vmonroe@example.net,front
196,330,josebuchanan@example.com,never
144,771,kathleen32@example.org,company
92,162,fclark@example.net,place
962,685,stephaniewalker@example.com,already
351,897,josephallen@example.org,popular
728,701,ftaylor@example.org,back
645,982,williamstracy@example.org,site
438,113,kathleen81@example.com,far
742,657,fernandojenkins@example.net,artist
500,230,xcosta@example.com,speech
433,237,derek28@example.net,point
754,664,cadams@example.org,clearly
78,64,brandyconner@example.net,sort
552,445,warrensabrina@example.net,part
81,913,rstrickland@example.org,policy
822,114,vstanley@example.org,night
292,318,mitchellashley@example.org,type
611,756,steven25@example.com,western
780,452,dawnallen@example.com,about
624,689,xhurley@example.net,project
763,552,kevinhubbard@example.org,education
403,924,phernandez@example.net,hour
853,620,todd14@example.org,at
455,942,davidtate@example.net,threat
199,617,iking@example.net,figure
742,151,andrewshea@example.com,protect
570,19,john61@example.org,discussion
431,80,unichols@example.org,another
463,679,hobbsmichelle@example.net,general
73,596,lisawilliams@example.com,expect
415,916,mholland@example.org,guy
502,444,shannonnelson@example.net,million
653,268,daniel79@example.com,energy
133,933,alexandra39@example.com,difficult
326,182,wfuller@example.com,least
750,958,mcmillansusan@example.org,turn
137,355,mcknightjoshua@example.net,expert
473,400,murphyjustin@example.org,society
911,91,qdunn@example.net,class
349,80,olee@example.org,fear
130,377,averypeter@example.org,hand
765,610,roynorton@example.net,much
690,115,georgeroth@example.com,north
208,11,wendy86@example.net,nearly
847,946,priscillabradley@example.com,detail
404,753,isabella81@example.net,who
925,56,sharongonzalez@example.org,about
203,948,markowens@example.net,painting
583,827,jennifer27@example.com,of
786,535,michelle15@example.com,someone
52,376,michaelharris@example.net,size
593,644,jenningsreginald@example.net,west
887,855,johnjackson@example.net,bad
414,821,shirley97@example.com,office
89,220,ogarrett@example.org,interest
933,150,obaker@example.com,food
678,627,dawn75@example.com,push
160,831,traceysmith@example.org,open
234,449,andrew43@example.net,join
85,930,jeremycruz@example.org,prepare
758,220,hendrixjessica@example.net,speech
498,321,russellfields@example.org,term
189,445,phillipsrachel@example.com,power
44,311,peter40@example.net,produce
52,658,katrina17@example.com,save
729,580,bridget32@example.org,news
788,414,ryanhenson@example.com,ready
459,454,cparker@example.org,never
929,572,sharon72@example.net,wind
762,607,robertwhite@example.net,race
769,262,mariarojas@example.org,concern
866,13,jeffreygarcia@example.com,age
385,198,waynebarnes@example.net,leave
618,531,johnnywest@example.com,these
903,547,wcarr@example.com,policy
122,334,smithkaren@example.org,fire
751,187,christopher13@example.net,theory
222,440,yalexander@example.net,game
392,115,johnwilliams@example.net,hold
726,100,deanchristopher@example.org,article
921,607,heather17@example.com,process
328,657,hayden89@example.org,country
571,116,garrettmitchell@example.com,picture
507,428,wattstyler@example.net,effort
369,604,ramoscindy@example.com,pass
119,14,bakertracy@example.com,positive
206,10,sjones@example.com,watch
661,400,jeremy03@example.com,improve
196,775,collieramanda@example.org,month
945,50,laurenboone@example.org,trip
582,298,kevinhardy@example.net,age
519,943,noconnor@example.com,home
883,783,joshua82@example.org,game
905,197,stanleymaria@example.org,write
623,861,drew13@example.com,rock
225,852,jonathan09@example.net,save
706,163,charlesbanks@example.net,trade
341,863,navarrokatelyn@example.org,visit
719,351,robinsonroberta@example.org,myself
86,942,reillyjames@example.net,major
501,570,danielle65@example.net,usually
572,187,micheal88@example.net,she
128,32,ogriffin@example.org,member
129,416,michaelnguyen@example.net,thousand
538,917,reyespaul@example.org,term
826,46,derekwarner@example.org,hundred
952,917,william07@example.net,name
833,510,xkennedy@example.org,factor
783,231,michealwright@example.net,important
109,559,smithcharles@example.org,free
191,164,rdelacruz@example.com,us
67,941,stevenross@example.org,bank
262,975,jbauer@example.org,rather
859,218,joejacobs@example.net,price
982,56,riossusan@example.com,week
779,370,dawn91@example.com,network
54,374,timothylopez@example.net,model
227,241,zrogers@example.com,service
17,807,pdavis@example.com,provide
913,796,hollandjanet@example.net,information
978,730,beverly27@example.com,room
303,425,thall@example.org,enough
789,390,derrick82@example.net,lawyer
392,207,djones@example.net,find
66,76,austinrivera@example.com,really
704,722,ashley10@example.net,whose
759,17,jonesrenee@example.org,than
173,185,ashleywalsh@example.com,church
668,780,kimberlyshaw@example.org,general
508,328,smithjoshua@example.com,exactly
342,582,sharonbond@example.org,up
817,925,xware@example.com,yet
551,138,benderjennifer@example.net,work
743,166,qmatthews@example.org,hundred
208,309,jeananderson@example.org,some
305,543,kthomas@example.com,play
19,718,qavery@example.net,finally
332,130,vegaashley@example.net,include
865,845,cabreracarlos@example.org,computer
945,718,powellthomas@example.net,fine
846,824,karenjohnson@example.net,culture
560,406,hickmanjennifer@example.net,team
8,150,lucasashley@example.net,adult
138,319,cadams@example.com,question
778,179,kaiserangela@example.net,oil
243,730,jamescowan@example.org,pick
849,605,wilsonrachel@example.org,mouth
643,609,wjames@example.net,kitchen
2,607,brittanywhitney@example.org,rock
640,64,chanelizabeth@example.net,way
680,412,michelle56@example.net,billion
937,212,qadkins@example.net,agency
955,598,collinpatel@example.net,religious
653,818,mark51@example.org,win
610,237,tyleranderson@example.net,yeah
318,143,rebecca65@example.com,cultural
355,150,richard15@example.net,relate
752,303,mrogers@example.com,election
190,773,larsonmatthew@example.org,eat
888,560,eric96@example.org,condition
458,222,donnabaker@example.net,thank
349,151,james37@example.com,prepare
554,343,robertcarney@example.net,store
478,304,thomas58@example.org,pressure
612,679,zhoffman@example.org,take
674,1000,richardann@example.net,serve
487,618,morenoalbert@example.com,between
915,238,michael51@example.com,little
147,34,hayesteresa@example.org,team
27,386,richard03@example.com,back
731,325,zmcdonald@example.com,professional
128,139,erica03@example.com,education
951,388,elizabeth67@example.org,hotel
129,858,nvelasquez@example.net,century
590,517,misty28@example.com,kid
34,816,tracyjuarez@example.net,put
894,376,daniellopez@example.com,day
220,447,joshua64@example.net,all
480,120,susan43@example.net,person
642,961,georgelarry@example.com,certainly
300,613,barrnoah@example.com,herself
642,366,vcox@example.org,investment
723,351,chase02@example.net,never
299,528,ebell@example.com,next
277,496,allison08@example.net,above
625,481,jvilla@example.net,figure
232,229,stephaniehale@example.com,newspaper
755,966,ujames@example.org,hear
834,539,sheilajones@example.net,investment
366,803,mlin@example.org,arm
833,855,wmann@example.com,pass
730,866,banksalexander@example.org,better
2,144,angelamiranda@example.net,also
637,94,kennethwalker@example.com,red
322,637,brollins@example.com,out
511,629,rollinsalyssa@example.org,section
538,208,brian16@example.com,white
834,100,vmoore@example.com,weight
632,583,oortiz@example.org,trouble
587,745,rbowen@example.com,rate
703,600,lisathompson@example.net,risk
419,307,carolyn21@example.com,dog
874,827,charlescollins@example.org,throw
63,482,pcole@example.com,might
688,476,bianca91@example.net,certainly
881,296,romerogarrett@example.com,deep
372,40,gregorythomas@example.net,give
416,609,pbrown@example.com,detail
94,175,jbernard@example.com,one
578,585,hporter@example.net,important
523,792,craighill@example.net,although
553,773,glennmonica@example.net,hold
679,378,iroach@example.com,bar
241,102,randalljones@example.net,easy
792,236,samantha81@example.net,four
137,69,nancyramirez@example.org,nice
876,105,maysamanda@example.org,attack
118,937,andrew63@example.org,order
395,236,gregoryvaughan@example.com,movement
661,808,qmoyer@example.net,network
327,350,trussell@example.org,institution
173,202,njones@example.net,decide
868,303,lori65@example.com,learn
322,395,olivia69@example.org,create
473,948,stephensjames@example.net,most
515,280,sarah56@example.net,relationship
903,134,walkerjonathan@example.net,hear
303,709,charlesallen@example.com,thus
469,859,adecker@example.com,argue
784,468,igutierrez@example.org,person
760,925,anthonyhiggins@example.net,return
278,815,nathan90@example.com,big
189,157,william20@example.org,operation
931,692,djohnson@example.com,range
748,916,ddavidson@example.net,different
2,652,sheilasmith@example.com,old
386,309,howardjoshua@example.org,factor
248,20,thomas21@example.org,along
779,40,rtrujillo@example.net,car
195,857,pamela69@example.net,book
415,928,kelseyjones@example.org,ability
520,982,hicksmiguel@example.com,station
137,178,sanderson@example.org,decade
136,938,murphytyler@example.com,inside
738,946,melodybates@example.com,carry
819,153,perryjoseph@example.org,appear
38,710,amanda73@example.org,believe
804,992,dillon28@example.com,nor
153,853,jwalker@example.net,north
933,148,robert38@example.com,individual
195,602,james27@example.com,consumer
576,982,dawnsanchez@example.org,director
826,59,youngtroy@example.com,news
60,422,henrytammy@example.org,else
473,72,jill91@example.net,military
626,358,michelle78@example.net,there
650,494,sarahmendoza@example.com,marriage
983,484,atkinskimberly@example.org,position
343,753,tracychristensen@example.org,beautiful
335,637,simonmaxwell@example.org,approach
266,463,anthony60@example.com,choose
542,877,angela22@example.net,might
690,798,mendezsusan@example.org,letter
920,726,stacy39@example.com,turn
347,578,tiffany60@example.org,sea
697,872,leachmario@example.com,several
926,524,michaeltapia@example.com,he
391,499,ayoung@example.com,later
866,235,zbradley@example.com,happen
742,768,moorejames@example.org,more
367,15,vpitts@example.net,light
296,480,angelacamacho@example.org,class
597,656,dyerzachary@example.net,these
469,298,michael44@example.com,worker
562,507,glopez@example.com,cold
896,901,patrickcalhoun@example.net,drop
27,896,marymyers@example.net,laugh
452,914,thompsonmindy@example.org,story
264,658,sarah55@example.org,leg
785,229,catherinejones@example.org,green
678,365,ecoleman@example.org,hundred
659,766,richardwaters@example.net,matter
473,489,gporter@example.com,experience
220,255,hodgesshannon@example.net,fire
545,777,christysalas@example.com,I
89,366,dustinwyatt@example.org,home
777,577,daniel22@example.org,his
218,172,calderonrachel@example.net,for
455,475,tandrews@example.net,house
60,335,kevin72@example.org,bad
660,952,cramirez@example.com,fire
755,394,cohenalexandria@example.com,baby
705,856,william10@example.net,think
5,60,allison93@example.org,itself
245,626,rushjeffrey@example.net,cup
614,458,jessicajohnson@example.org,because
796,956,shawn08@example.com,agency
224,511,marythomas@example.org,politics
769,521,maldonadonicholas@example.com,performance
286,314,patrickmisty@example.net,tonight
767,106,cherylrobles@example.com,notice
26,319,smithkimberly@example.com,parent
170,134,ysellers@example.net,effort
553,625,barkeranthony@example.net,than
302,563,scott83@example.com,between
435,356,jdelacruz@example.org,you
628,379,garciakathryn@example.com,body
562,836,keithscott@example.org,example
560,295,richardbeasley@example.net,plant
185,443,stacey22@example.org,hard
940,751,brian89@example.com,wall
1,453,bennetterica@example.com,dream
656,433,john80@example.com,close
472,878,paul00@example.net,option
925,133,bvaughn@example.net,share
423,831,ronald98@example.net,itself
16,29,hudsonmichael@example.net,stock
209,241,jeffreyweaver@example.org,white
319,563,thompsonjohn@example.com,concern
703,761,heather84@example.com,manager
655,920,jonescolleen@example.org,tonight
974,12,denise30@example.com,fish
954,364,christopherklein@example.org,financial
325,522,ftaylor@example.org,ok
307,333,qgomez@example.net,minute
73,841,jacobssamantha@example.org,father
923,6,coxmichelle@example.com,with
755,34,daniellesingh@example.net,goal
719,453,dale97@example.com,skill
904,500,heidivalenzuela@example.net,quickly
783,844,luis13@example.org,charge
25,370,figueroamichael@example.net,include
253,505,nicolelopez@example.com,order
784,77,wilsonsusan@example.net,health
809,319,jesus20@example.org,heavy
910,468,tnorris@example.org,of
892,699,scook@example.com,country
438,481,oramirez@example.net,yes
432,306,despinoza@example.com,administration
725,775,ogoodman@example.com,upon
31,297,elijah13@example.net,fear
837,229,amyduran@example.com,movement
750,131,freynolds@example.com,stand
555,767,steven83@example.net,say
570,506,fwatson@example.net,design
342,888,yanderson@example.org,set
604,848,luis39@example.net,cold
857,155,qmora@example.com,support
255,387,rileyamanda@example.com,get
15,933,mendozadennis@example.net,ability
85,389,brandidominguez@example.org,data
744,479,amyguzman@example.net,whose
714,14,trevinobonnie@example.com,finally
87,641,glee@example.net,help
419,831,douglasdyer@example.com,dinner
101,787,michael11@example.net,cultural
758,483,rjones@example.net,paper
462,769,wlee@example.net,agency
6,300,tiffanyharrison@example.net,on
974,750,dgarcia@example.org,also
551,129,qdodson@example.org,happen
743,702,emiller@example.net,east
857,657,chall@example.org,current
90,954,stephaniegreen@example.org,past
623,437,tharper@example.com,good
241,93,evanstara@example.com,front
128,611,jacquelinestanley@example.net,present
388,931,kross@example.net,most
431,236,brooksmary@example.com,fall
522,551,audreyholt@example.org,agreement
394,342,wingram@example.com,fear
814,764,chriscowan@example.com,close
285,117,kmiller@example.org,south
160,31,rsanford@example.net,identify
529,5,elizabeth18@example.com,physical
888,409,monicacarlson@example.net,lead
523,273,phahn@example.com,common
705,128,darrell28@example.org,store
42,166,rachael17@example.com,whose
206,900,brian27@example.net,believe
698,204,hlee@example.net,stay
789,694,scott54@example.net,board
111,533,simpsonluke@example.net,product
119,925,warrendonald@example.com,paper
416,806,daniel33@example.com,between
7,80,zparks@example.org,program
95,460,eric11@example.net,often
540,691,timothymartinez@example.org,face
653,371,jdickson@example.com,along
546,400,lbauer@example.net,general
541,299,gallegosjoshua@example.org,leg
459,844,noahgoodman@example.net,treat
541,450,jamesalvarez@example.com,radio
319,615,jody52@example.com,network
720,779,ryan90@example.com,plan
637,529,chood@example.com,truth
441,557,dflowers@example.org,less
112,372,frostalicia@example.com,establish
865,70,mmiller@example.net,second
761,369,allisonangela@example.com,focus
662,906,deandavid@example.com,add
267,328,cpeters@example.org,wall
666,199,hunterstephanie@example.com,experience
284,707,zpeterson@example.net,return
858,148,debbiestevens@example.org,why
766,300,dianesullivan@example.org,strong
631,831,reedmelissa@example.net,concern
756,668,christinaharvey@example.com,another
474,222,youngamy@example.net,clear
65,972,woodscraig@example.com,through
803,730,wigginsvanessa@example.com,or
901,376,daviskeith@example.net,often
928,223,carias@example.net,large
192,959,belldouglas@example.com,end
775,152,robert07@example.com,project
720,566,wendyblevins@example.com,age
588,375,youngleslie@example.org,certain
256,405,edwardcollins@example.com,find
819,536,weissdavid@example.com,job
241,294,duncanandrew@example.net,investment
309,749,tdavis@example.com,them
735,336,afowler@example.org,phone
640,455,davidsimmons@example.com,top
977,39,zward@example.com,mention
518,805,louis98@example.net,involve
698,488,martinezashley@example.net,environmental
516,525,cervantesrussell@example.net,term
564,705,erinmontgomery@example.com,best
533,643,carlsonstephanie@example.org,suffer
848,738,martinezruben@example.com,system
278,80,velezrebecca@example.org,wear
55,816,kanedennis@example.com,daughter
108,809,kevinli@example.org,perform
547,303,jenniferfields@example.net,leave
907,442,hamiltonrebecca@example.org,name
951,879,youngjennifer@example.com,we
868,199,wmoore@example.com,culture
6,847,jenniferrodriguez@example.org,arm
950,168,hilllauren@example.com,magazine
406,831,kharris@example.net,conference
874,714,douglasfletcher@example.org,then
187,954,robbinskimberly@example.net,him
217,989,crosbyroy@example.org,end
634,495,mallen@example.org,local
220,279,valerie37@example.com,ok
574,990,qlam@example.com,open
399,305,joshua18@example.com,them
555,722,erica01@example.net,situation
395,715,mitchellpham@example.com,collection
854,320,ybryant@example.net,run
157,254,coreycoleman@example.com,work
725,484,mariagarcia@example.com,financial
188,563,williamsonmatthew@example.com,pull
879,866,nvillarreal@example.net,begin
752,688,milesbrittany@example.com,want
761,684,donaldsmith@example.net,seven
300,637,michellecharles@example.net,defense
903,277,lynchmorgan@example.net,budget
694,489,desiree55@example.com,current
169,167,jesus13@example.org,chance
692,449,goldennatalie@example.org,finally
356,108,fhernandez@example.com,matter
53,84,garciaangela@example.net,himself
807,496,ichen@example.net,area
711,931,davisrachel@example.net,tree
95,972,annetteshelton@example.net,fall
707,326,paynekelly@example.org,individual
157,894,clarson@example.net,executive
269,18,lauraalexander@example.org,seem
18,742,jessicawalker@example.net,executive
810,222,bwilson@example.net,class
747,860,elliottcindy@example.com,sign
682,946,thomasmiguel@example.net,company
603,457,jacksonricky@example.org,voice
531,953,justin84@example.net,final
36,566,victor00@example.com,quickly
607,99,qdavis@example.org,style
86,53,bbarnett@example.com,may
590,74,dawn91@example.net,model
530,87,christine26@example.net,minute
140,469,jeremybowman@example.net,factor
960,302,chavezdaniel@example.com,special
543,762,raymondbowers@example.org,either
93,828,apearson@example.net,good
177,739,gomezsheri@example.org,cause
447,742,keyeric@example.org,strategy
18,174,swilliams@example.org,authority
699,818,gregory39@example.net,follow
333,749,blakegordon@example.org,total
259,211,anunez@example.org,if
197,398,omcguire@example.com,catch
268,102,xphillips@example.net,improve
923,219,moneal@example.com,bag
586,244,brittanyperez@example.org,race
636,433,crystal00@example.com,still
916,177,thomasgomez@example.com,first
579,693,cynthiasmith@example.net,view
402,68,sonia06@example.net,culture
272,621,scottshawn@example.net,news
875,5,lcox@example.org,check
404,193,james47@example.org,everything
541,502,cartercarl@example.org,who
769,917,lisahill@example.net,soon
16,966,ggeorge@example.com,by
366,440,feliciadonaldson@example.com,really
245,880,sarah63@example.org,let
56,462,antoniohernandez@example.org,if
418,69,arnoldann@example.com,science
130,422,troysloan@example.net,seem
55,578,holly16@example.net,mother
387,217,jacob48@example.net,fast
457,330,kristi00@example.com,card
744,687,millerthomas@example.com,many
18,97,erinsexton@example.org,door
464,623,bgreen@example.com,young
222,823,nancy76@example.net,movement
9,305,bryantran@example.org,movie
114,141,gcarroll@example.net,build
586,170,lisa08@example.org,soon
241,882,tyrone72@example.net,quality
114,512,james14@example.com,market
4,175,christineharvey@example.net,why
713,182,bethbridges@example.org,want
808,92,thomasjamie@example.com,yourself
444,782,qnguyen@example.com,interesting
803,120,kennethjohnson@example.org,indicate
545,22,joshua28@example.net,employee
484,627,joshuahall@example.org,and
181,819,markblack@example.net,mission
689,94,nvalenzuela@example.org,glass
685,508,georgeschwartz@example.org,three
779,88,matthewslisa@example.com,become
739,681,carlsonjulie@example.net,finish
288,856,allen50@example.com,very
955,863,sheila98@example.org,avoid
19,599,patrick30@example.com,himself
366,5,justinbrooks@example.com,quality
552,530,shanewiley@example.org,college
238,87,angeldudley@example.org,rate
752,55,frederickfitzgerald@example.com,get
251,304,christopher85@example.com,defense
512,536,xdaniels@example.com,various
19,780,millereric@example.com,sister
634,969,staceytran@example.com,trade
238,315,hannahjones@example.com,today
32,105,uware@example.com,reality
789,619,tdavis@example.com,radio
30,895,donnaroth@example.net,weight
99,159,millerleslie@example.com,form
327,819,rebecca47@example.com,military
326,845,martinwhite@example.net,pay
787,159,lisanoble@example.org,health
228,202,melinda91@example.com,sing
846,676,lindsaywallace@example.org,letter
418,585,christopher96@example.com,now
952,82,donnashaffer@example.net,big
197,626,johnsonchristina@example.com,increase
408,783,schultzsara@example.com,eat
13,340,veronicawoods@example.net,resource
871,995,stephaniemurphy@example.org,bed
164,342,joseph83@example.net,institution
754,170,timothy20@example.net,consider
849,186,francis16@example.com,tell
64,257,fhenson@example.net,small
536,413,deborahgibson@example.net,mission
106,699,lisamunoz@example.net,race
829,50,kennethmartin@example.com,shoulder
834,515,brian89@example.com,forward
585,12,poconnell@example.org,center
106,509,rcantrell@example.com,page
664,689,nlee@example.com,prove
501,937,marissa23@example.com,lay
555,899,harrisrobert@example.org,important
505,180,dawn66@example.net,factor
321,141,austinwilson@example.org,condition
811,81,jessica27@example.org,open
725,450,foxricky@example.org,consumer
168,10,bridgescathy@example.net,go
405,620,alexanderadam@example.com,meeting
429,334,erikagamble@example.com,theory
682,599,meaganblair@example.com,southern
920,366,franksimmons@example.net,several
364,783,yshelton@example.com,hotel
292,199,jcamacho@example.com,among
337,907,dennisjohnson@example.org,foreign
726,224,srandolph@example.net,able
241,496,ecarroll@example.com,business
775,821,patricia28@example.net,both
833,358,karen50@example.com,watch
605,729,brian18@example.com,laugh
911,773,mnorton@example.org,hand
46,960,gregory14@example.net,available
409,763,calderonaustin@example.net,road
535,841,moorejames@example.net,factor
750,191,wpatton@example.net,PM
738,247,brandonbeasley@example.org,culture
573,83,deannachang@example.com,race
655,967,lfreeman@example.org,peace
684,780,cole60@example.com,your
364,313,jennifer33@example.com,build
840,493,rowetasha@example.com,pass
420,632,evanskylie@example.net,possible
161,295,whitejohn@example.org,part
412,792,rogerspeter@example.org,shoulder
51,684,ogray@example.com,newspaper
134,92,parkerdeborah@example.com,other
244,491,nmartinez@example.net,raise
883,802,robinkelley@example.org,get
639,289,jyoung@example.com,investment
45,352,petersonpedro@example.net,feeling
972,978,bethsnyder@example.org,the
698,294,meagan12@example.org,whole
33,277,russelldeanna@example.net,quickly
68,63,qyoung@example.net,fall
848,389,alisha49@example.com,measure
324,294,qswanson@example.org,gas
602,311,santossusan@example.org,service
899,136,nmendez@example.org,short
522,904,collinsanthony@example.org,expert
925,682,sharon13@example.net,election
168,952,kleinedward@example.net,decide
663,781,jhayes@example.org,act
940,79,sharon38@example.net,end
605,649,ccruz@example.com,grow
579,27,yfowler@example.org,green
466,153,awilson@example.net,ball
234,1000,davidbailey@example.net,front
786,61,evanskathleen@example.com,fight
660,675,qmartinez@example.net,administration
681,888,emily19@example.net,keep
434,109,ncunningham@example.com,cost
167,987,loriaustin@example.com,growth
533,843,jeremy25@example.com,cut
352,530,steven92@example.org,huge
307,812,rrivas@example.org,player
759,388,jeremytodd@example.org,city
402,901,psanders@example.org,line
562,945,julie92@example.net,state
312,945,tammy95@example.net,per
668,5,hawkinsmatthew@example.net,strong
573,323,rebeccajohnson@example.com,such
246,782,amanda99@example.org,capital
73,650,nancyflowers@example.org,our
308,352,obates@example.com,success
324,269,leah76@example.org,lawyer
343,433,guzmanrachel@example.org,maintain
494,667,kellychavez@example.net,fire
420,70,ochoamarc@example.net,charge
718,696,daisy79@example.org,different
133,648,markrivas@example.com,deal
386,228,sandra39@example.org,despite
605,424,cdalton@example.org,sound
278,121,tammy49@example.org,arm
871,615,gloriayoung@example.org,reality
152,126,zamorasteven@example.net,provide
60,207,barrlisa@example.org,truth
498,482,davidingram@example.net,city
415,909,hernandezedwin@example.org,condition
236,377,hblack@example.net,take
188,826,ericbriggs@example.net,song
805,739,coryrichardson@example.org,sort
275,638,hrowland@example.net,country
24,204,michaelreid@example.com,cause
577,857,traciramos@example.com,relate
868,479,dtate@example.org,grow
856,297,daniellechristian@example.net,agent
978,711,shawnporter@example.net,like
62,777,justin53@example.com,morning
851,461,conneramy@example.com,door
380,595,jessica49@example.com,game
807,720,bmiller@example.com,sea
969,152,rmyers@example.org,energy
208,380,robert01@example.com,center
273,555,bobby77@example.com,future
254,199,jason78@example.org,certain
363,664,mullinsdiana@example.com,people
549,651,mmclean@example.org,brother
329,834,william45@example.org,seek
166,646,johnathanvelasquez@example.org,force
357,516,kim78@example.com,board
984,174,jenniferroth@example.com,he
942,860,twilson@example.org,hard
924,88,alexanderdestiny@example.org,by
704,594,jake83@example.org,fill
821,902,smithashlee@example.org,clearly
248,530,porteralice@example.net,section
370,19,robinsims@example.org,tree
354,316,fordchelsea@example.net,degree
929,887,amy23@example.org,believe
175,183,ythomas@example.org,continue
844,348,qturner@example.net,choose
596,563,tcarney@example.net,trade
867,46,amandagay@example.org,deep
436,694,gsanders@example.com,region
940,929,petersonedwin@example.org,offer
53,91,jimenezthomas@example.org,particularly
478,640,vasquezcheryl@example.net,various
245,21,ovasquez@example.org,they
969,644,marycox@example.org,room
638,537,sarahtaylor@example.net,since
535,394,michael59@example.net,answer
435,325,mitchellbrandon@example.net,trade
652,862,ceaton@example.net,action
693,227,lauren14@example.org,camera
742,871,kristamullins@example.net,work
243,498,crystalstrickland@example.net,single
639,483,lisabrown@example.com,customer
384,982,stokeskatie@example.org,might
396,120,margaretfarley@example.org,western
648,605,davidpena@example.org,positive
759,478,xjackson@example.com,sport
38,30,rthompson@example.org,street
82,910,vwilkins@example.com,son
865,435,hjohnson@example.org,this
517,106,michael44@example.net,during
777,266,carrillovalerie@example.net,cultural
884,16,xkelley@example.org,through
348,163,kevin02@example.com,approach
441,280,juliatrevino@example.net,laugh
683,179,vanessa30@example.com,almost
317,2,barry46@example.net,wind
123,528,jessica47@example.com,wife
765,268,racheldoyle@example.com,land
25,38,yparrish@example.net,if
805,886,matthewavila@example.org,growth
327,788,jessicaperkins@example.com,send
771,975,weaverglenda@example.net,in
496,507,emily89@example.org,relationship
135,393,robert05@example.org,question
311,904,danielgonzales@example.net,heart
472,224,erin72@example.com,statement
634,382,nicholas45@example.com,include
768,316,bwalker@example.org,catch
27,141,martinezemily@example.com,citizen
769,426,hendersongabrielle@example.org,answer
184,765,zrichardson@example.org,education
350,774,laura88@example.net,professor
960,345,vpierce@example.org,quite
347,556,qwise@example.org,their
337,45,uclayton@example.net,important
59,525,harperallen@example.net,special
463,123,joneschristopher@example.net,series
561,174,alejandro12@example.net,capital
317,52,troy54@example.com,identify
178,60,chall@example.org,these
57,699,apalmer@example.net,night
969,224,victoria84@example.org,so
207,67,sean21@example.com,close
12,299,oolsen@example.com,all
742,29,luke23@example.com,say
933,714,brookselizabeth@example.org,factor
38,219,brownpatricia@example.org,fast
12,614,richardgarza@example.org,table
595,408,millerandrea@example.com,lay
805,224,ariasrodney@example.org,campaign
847,663,matthew72@example.com,may
142,785,pwillis@example.com,a
560,845,sean53@example.net,baby
678,527,jason46@example.net,future
942,562,alvarezkellie@example.net,building
716,414,bakerrobert@example.org,least
617,127,natalieblackwell@example.org,position
597,186,jacqueline72@example.org,threat
553,55,hardybrittany@example.org,show
876,66,edgar80@example.com,chair
511,618,kingcarlos@example.net,business
364,900,mbecker@example.net,establish
433,55,steelerichard@example.com,drive
513,341,jacksoncarl@example.net,beyond
969,919,iwalker@example.com,sing
509,351,alfredtaylor@example.net,mother
489,30,kim97@example.com,cultural
969,970,mckaychristina@example.org,truth
498,570,lamberin@example.net,seek
331,811,rogerscory@example.org,service
686,422,jhill@example.net,well
768,588,michellemcdonald@example.net,many
752,279,ctorres@example.org,detail
620,459,gloriarhodes@example.org,event
83,523,rhonda26@example.net,simple
248,83,michael38@example.net,find
271,270,cody99@example.net,garden
797,162,smithjohn@example.com,heart
54,485,petersonmichelle@example.org,test
254,450,ginacochran@example.net,marriage
924,765,webbwilliam@example.net,social
951,931,autumn73@example.com,as
979,284,nicholas34@example.org,candidate
720,122,sotosydney@example.org,find
130,756,curtis75@example.org,scientist
309,761,dylanwilson@example.net,those
783,869,dustin23@example.org,nature
832,471,gonzalezchristopher@example.net,always
777,765,jenniferjuarez@example.net,everyone
596,540,kurtbrown@example.org,less
556,483,stevenmcintosh@example.org,debate
664,412,icase@example.com,serious
62,288,lgonzalez@example.net,rich
266,413,angelarodriguez@example.net,easy
120,285,millerstephanie@example.org,central
837,817,xmorgan@example.net,suffer
917,736,amylee@example.com,strong
941,627,marcomartinez@example.net,factor
249,830,anthonyford@example.org,mention
923,585,timothyrodriguez@example.org,weight
911,238,daniel72@example.com,action
787,222,jeffrey67@example.net,sound
445,907,vharris@example.org,friend
450,202,acastro@example.com,drop
92,225,andrea70@example.org,carry
219,22,emilyarnold@example.org,reduce
325,315,joshua75@example.org,reflect
99,792,kellyjohn@example.net,behavior
814,25,meghan20@example.com,majority
75,477,ysmith@example.org,recognize
898,866,mwest@example.com,south
916,329,jramirez@example.com,candidate
544,581,zmorris@example.org,half
252,586,qjohnson@example.com,admit
853,928,allisonyoung@example.com,close
137,487,johnsonkristin@example.com,visit
553,745,corey66@example.org,detail
878,517,jeremy04@example.com,occur
356,824,penny02@example.com,like
815,421,brooksamber@example.net,job
812,643,james81@example.com,behind
238,196,gharris@example.org,open
376,141,klynn@example.net,certain
51,112,nathanielmelendez@example.net,body
212,965,garciastephanie@example.com,memory
467,540,hannah32@example.org,argue
331,222,daniellehudson@example.com,someone
746,531,markkhan@example.org,night
299,73,ucummings@example.com,wind
235,3,aaroncobb@example.net,worry
150,931,chelsea98@example.net,age
515,85,williamlawrence@example.com,individual
26,822,esparzakelly@example.net,to
513,134,ian43@example.org,last
638,238,aaronlopez@example.com,bad
777,673,rodney90@example.com,figure
656,69,kristenroman@example.org,test
160,710,amy24@example.com,most
425,128,michael88@example.net,today
873,228,uyoung@example.org,beyond
245,53,colemanmelissa@example.net,meeting
445,577,qpage@example.net,star
228,92,hudsonjoshua@example.org,later
764,918,yatestammy@example.com,message
981,77,ericcarey@example.org,professor
780,934,salazarteresa@example.com,safe
253,229,jessicashepard@example.com,however
265,865,trevinodarrell@example.org,wrong
249,79,andrea73@example.net,rest
285,756,hholmes@example.org,conference
404,949,tabithaquinn@example.net,result
257,665,thomas19@example.net,travel
866,213,brianhamilton@example.org,TV
344,412,dillon02@example.com,house
328,659,hbrown@example.net,well
93,359,kimberly30@example.com,question
721,383,elizabethphillips@example.com,though
963,493,rileyamy@example.com,improve
55,442,jeffery28@example.org,create
433,515,rbradford@example.com,ago
394,630,danny82@example.net,lead
588,433,corey17@example.net,example
939,688,sarah57@example.com,stuff
10,96,phatfield@example.org,score
919,585,michael50@example.com,person
430,45,kkelly@example.org,group
66,986,harrywalker@example.net,your
774,974,wcook@example.com,name
907,190,ulindsey@example.org,win
603,541,carolsmith@example.net,collection
79,59,sarah52@example.org,especially
630,516,ianfrancis@example.com,network
808,464,riveramark@example.net,ok
177,327,harrisdavid@example.com,guy
777,268,jennifer11@example.com,first
370,258,ylopez@example.org,right
793,980,pcain@example.net,military
979,810,ajohnson@example.com,civil
223,799,ulara@example.com,common
816,37,escott@example.com,argue
423,161,katienelson@example.com,another
123,438,johnsonchloe@example.org,possible
633,689,martinstacy@example.org,certainly
232,530,brian89@example.org,join
329,342,ryanstanley@example.com,health
871,335,madison01@example.org,create
514,958,christina19@example.net,option
389,811,wilsonsamantha@example.org,religious
91,458,courtneynelson@example.org,myself
637,528,jasonjones@example.net,not
249,178,juliecannon@example.net,program
315,978,frankparker@example.net,follow
74,180,sarah54@example.net,himself
571,125,gabrielleallen@example.com,send
189,144,janicestein@example.com,soldier
881,270,weissmaria@example.net,box
590,356,rachel73@example.net,board
745,861,alyssagarner@example.net,get
253,308,nathan28@example.org,culture
389,595,jonesrobin@example.net,something
596,171,brownjillian@example.com,save
850,254,beckerrobin@example.com,same
489,282,williamstrickland@example.com,next
457,188,haydenjessica@example.net,party
294,924,pinedaderrick@example.com,behavior
711,409,brianellison@example.com,specific
325,614,weberchristopher@example.com,address
409,220,michelle53@example.net,walk
939,893,torreslauren@example.com,sing
182,934,stephaniehart@example.net,clearly
675,893,ytrujillo@example.com,house
215,679,angela17@example.net,majority
121,508,raymondtammie@example.com,campaign
854,729,pmorse@example.com,power
201,49,kmcbride@example.org,rule
275,736,yolandafoster@example.net,particular
493,251,georgethomas@example.org,look
229,599,max03@example.net,few
781,575,matthew65@example.net,record
940,12,mmoore@example.com,keep
119,769,sanchezroger@example.net,shake
587,188,huntermeagan@example.net,model
178,49,reyeswilliam@example.net,describe
521,362,myang@example.org,look
270,116,jeffrey17@example.org,how
3,327,jocelyn48@example.com,training
858,530,alyssanewton@example.com,address
716,634,thomas47@example.org,security
272,267,jenniferspence@example.org,any
529,539,chenkimberly@example.org,attorney
867,916,tmontgomery@example.org,wide
715,74,matthew39@example.net,article
671,623,hpierce@example.net,tax
373,909,nturner@example.com,southern
385,127,chadrobinson@example.org,audience
145,749,amber49@example.org,amount
374,168,michael09@example.org,sell
722,702,chart@example.com,assume
754,219,zgross@example.net,through
165,35,yatesjoshua@example.net,radio
709,442,stevenanderson@example.org,lose
354,571,carolinemercado@example.net,between
716,688,sallen@example.net,indeed
422,405,glennmariah@example.net,manage
537,703,jacobsonjorge@example.org,on
577,479,lfields@example.org,site
341,793,garciaanthony@example.org,general
31,780,ygraham@example.com,as
105,122,markmiller@example.org,moment
210,479,lopeztravis@example.com,catch
736,793,frededwards@example.com,long
159,73,laura67@example.com,nature
713,32,reneeberry@example.com,better
732,652,rspencer@example.net,smile
946,739,danieldavidson@example.org,very
583,594,andersontina@example.com,collection
899,178,jessicagrant@example.com,marriage
716,919,connie81@example.com,investment
906,811,bthompson@example.net,can
958,459,michelle85@example.com,director
788,351,yolandasnyder@example.org,entire
171,891,carlos30@example.org,tough
414,731,sarajensen@example.net,idea
73,399,samuel55@example.net,off
457,132,tanyahernandez@example.net,clearly
475,509,clarkmichelle@example.org,notice
850,418,toddhorne@example.com,effort
82,854,johnsongilbert@example.com,improve
202,653,heathergiles@example.com,news
289,860,karenkelly@example.org,lay
764,720,paultaylor@example.org,commercial
417,561,welchkaren@example.org,tend
296,965,nancymiller@example.org,material
702,418,ericjohnson@example.org,paper
792,485,douglas48@example.com,you
934,601,mcmillanjulie@example.com,night
966,343,annehill@example.com,set
640,953,keith17@example.org,be
77,916,moralestommy@example.net,not
814,432,michellesmith@example.com,site
453,664,julian81@example.org,process
10,303,efleming@example.net,seek
389,666,mullinsmartha@example.com,great
242,88,pthornton@example.org,discuss
67,347,kelly79@example.net,term
227,318,daviskatrina@example.com,whether
113,799,haroldjones@example.com,century
829,733,phamjon@example.net,collection
26,874,kenneth38@example.com,respond
115,113,ryoung@example.com,opportunity
713,525,nrobertson@example.com,bit
80,813,andrew86@example.com,a
155,891,jamesmorrow@example.org,look
506,728,susan27@example.net,only
687,975,jonathanhull@example.net,fine
700,654,jenkinsolivia@example.net,close
561,670,dominguezbrandon@example.net,for
869,610,brandon76@example.org,lot
139,424,adamsspencer@example.net,stop
364,86,erika32@example.com,usually
47,486,abush@example.net,difference
572,834,alexanderphillips@example.net,ask
943,923,andrewanderson@example.org,away
562,202,lfry@example.org,education
275,647,christinamedina@example.com,them
456,499,dbarr@example.net,girl
908,648,hwoodard@example.net,feeling
875,716,sandracook@example.org,baby
889,874,bjones@example.com,chance
472,753,robertpatrick@example.net,short
455,385,juarezkevin@example.com,loss
825,445,michaeldiaz@example.net,sister
625,460,bsingleton@example.com,get
363,168,brittanyprice@example.org,cultural
435,41,thomasgray@example.net,other
310,217,bautistathomas@example.com,common
362,74,barbarawalsh@example.com,what
337,497,gleach@example.org,fight
900,797,patrick47@example.net,provide
414,281,pbrown@example.com,maintain
114,870,sjackson@example.org,race
67,640,yhill@example.org,ground
185,913,owenserika@example.org,dream
390,70,davidsonelizabeth@example.net,worker
168,971,bschroeder@example.com,mean
229,465,qmcgee@example.com,family
176,593,spencer45@example.org,skin
267,414,hernandezamy@example.org,who
646,266,paulamy@example.com,protect
481,420,mwilkinson@example.net,friend
113,893,tyler70@example.org,sort
750,473,liurichard@example.net,paper
226,126,mcbridejessica@example.net,number
155,654,bmills@example.com,go
480,595,wilkinsongina@example.org,film
264,373,xowens@example.net,usually
13,419,umills@example.com,manage
12,101,john09@example.net,whose
115,486,john73@example.org,than
561,503,catherine54@example.net,rock
231,80,kristina60@example.net,more
688,468,joshuareed@example.org,key
554,395,rebekahhays@example.org,fine
478,493,johnsonnathaniel@example.com,between
865,812,riceana@example.net,off
742,177,tanthony@example.org,important
201,611,bramos@example.org,already
339,919,davidwarren@example.com,under
852,815,hobbsjoel@example.com,pull
166,216,lynchjoshua@example.net,former
812,713,debra97@example.com,I
773,88,sabrina03@example.com,like
969,616,crandall@example.net,statement
8,233,sandersrhonda@example.net,face
264,98,npruitt@example.com,partner
592,851,rachelhall@example.com,move
873,860,newtonsandra@example.org,century
407,289,anelson@example.org,vote
285,592,ajohnston@example.net,gun
913,312,gstevenson@example.net,western
622,738,samanthaparks@example.com,doctor
173,46,garcialindsey@example.net,party
898,293,amandajenkins@example.org,whether
734,437,ihamilton@example.org,debate
465,649,kaylajackson@example.org,term
654,111,marcus05@example.org,charge
934,15,sheilagomez@example.org,according
269,998,nicolemendoza@example.com,about
435,375,mikaylaperkins@example.com,group
564,774,ray34@example.net,skill
687,875,emartin@example.org,story
401,608,kelly08@example.org,language
682,555,sarahsimpson@example.org,tree
949,277,kellyjamie@example.com,together
42,619,juan67@example.com,address
300,988,jonathanhoover@example.com,care
820,683,henryshawn@example.org,direction
263,143,williamsthomas@example.org,trial
794,582,rwilson@example.org,thank
466,170,courtneycooper@example.net,to
669,981,thomasli@example.net,phone
116,380,byoung@example.com,which
824,149,jonesdaniel@example.net,theory
956,865,vincent29@example.com,sense
929,117,hphillips@example.org,interesting
589,406,curtis17@example.com,mind
90,318,richardperry@example.com,mention
174,722,johnlewis@example.org,ask
150,634,kjensen@example.com,so
957,865,moorelynn@example.com,star
424,11,dawnhoffman@example.org,thus
294,220,heather15@example.net,base
739,51,randy96@example.org,him
395,247,samuel74@example.net,at
537,777,brandy44@example.org,early
974,497,dfuller@example.org,just
897,620,xhernandez@example.com,discussion
374,193,ygibson@example.org,race
972,964,lewistony@example.com,meet
376,301,michealmullen@example.com,three
903,176,matthew51@example.net,culture
408,600,gallowaymichelle@example.com,among
978,434,zfox@example.org,same
179,391,natalieperez@example.org,song
953,254,ibarrett@example.org,money
894,89,coopermichael@example.org,modern
469,140,ashley09@example.com,mind
588,399,carolyn75@example.com,discussion
718,580,wellsmonica@example.com,national
374,160,lanejean@example.org,group
820,758,steven32@example.net,chance
862,146,marynewton@example.org,manager
696,848,dustinpayne@example.net,ahead
461,30,christopher38@example.org,health
30,489,charlescombs@example.org,support
307,383,bob72@example.net,any
607,461,amcconnell@example.com,authority
806,868,wonggabriel@example.org,space
328,743,ucook@example.net,heavy
720,832,bonnieosborn@example.org,magazine
760,326,nicole01@example.org,dream
402,289,zmorales@example.net,effort
773,688,benderaaron@example.org,prevent
36,689,hcooper@example.net,kid
185,517,beckerdean@example.net,hundred
129,594,rogersrandall@example.com,party
270,875,watsongarrett@example.org,over
869,488,rwilliams@example.net,capital
441,479,orose@example.com,ask
830,951,qconner@example.org,author
205,990,durantamara@example.com,deep
154,953,michaelgonzalez@example.org,old
413,992,sstanley@example.net,effort
488,866,reyesdavid@example.org,once
58,789,charleshicks@example.net,as
527,173,vwaller@example.com,say
511,165,david41@example.org,live
5,405,trujillojames@example.org,special
725,783,jrhodes@example.org,their
184,364,monica96@example.com,base
39,616,jking@example.org,however
830,177,oaustin@example.net,before
454,665,jamestucker@example.com,focus
852,210,lindsay64@example.com,learn
136,254,linda70@example.net,occur
32,559,shelley34@example.net,do
770,998,howardrandy@example.org,administration
133,158,mitchelllozano@example.net,worry
507,659,russelljames@example.net,article
454,895,jessicabowers@example.net,end
900,665,joanna62@example.net,economy
897,603,johnsonjack@example.org,explain
941,969,nphillips@example.org,just
686,848,renee20@example.com,detail
920,525,nelsonkatherine@example.net,yourself
468,176,hholland@example.net,cold
569,91,donalddixon@example.org,check
831,287,monicapotter@example.com,data
172,378,nmadden@example.net,together
564,750,timothycurtis@example.com,population
783,722,kirstencollins@example.org,serve
340,959,megan39@example.com,focus
433,696,wilkersonjoseph@example.org,same
513,761,edwardssamuel@example.org,government
189,801,rebecca40@example.net,successful
26,326,richardtrevino@example.net,thought
213,354,villarrealdaniel@example.com,those
776,435,jcox@example.org,bank
221,762,cbuchanan@example.net,fall
401,536,mendezmichelle@example.net,happy
121,907,andrea22@example.com,beat
631,667,djohns@example.org,return
906,239,donnasmith@example.com,interview
644,764,michaelgonzalez@example.org,later
690,821,campbellandrea@example.org,series
265,235,burnettandrea@example.org,develop
514,753,angela78@example.com,low
120,822,craigsmith@example.net,let
637,68,waltonsydney@example.com,heart
269,845,aharmon@example.net,actually
214,893,jasminecherry@example.org,final
154,753,vfowler@example.org,send
63,952,chadadams@example.org,difference
86,856,ssanchez@example.com,owner
135,239,bianca67@example.org,international
511,256,brownrichard@example.com,three
704,896,chanjenna@example.org,especially
697,100,mitchellfrank@example.org,box
948,237,richardmccarthy@example.org,gun
714,229,tasha52@example.net,night
277,419,wscott@example.net,old
961,875,richardschristine@example.net,figure
695,795,nwilson@example.net,manager
90,62,wilsonsusan@example.net,message
255,459,gmarsh@example.net,few
587,919,kdaugherty@example.com,trial
617,384,valeriewolfe@example.org,view
509,849,livingstonelizabeth@example.com,teacher
341,653,danielthompson@example.com,study
657,977,amber65@example.net,building
684,176,aaronprice@example.net,thank
829,371,lynnbates@example.org,choose
729,768,tuckerlindsay@example.net,throughout
369,313,brittanydavis@example.com,food
170,683,thomas03@example.net,new
209,172,ofisher@example.org,attention
652,891,donald98@example.net,hand
223,134,mathewssteven@example.net,book
193,108,thomas33@example.org,reduce
209,595,michael87@example.org,interview
877,874,corey68@example.org,rather
776,134,amynorman@example.com,fill
319,840,adamnixon@example.org,prepare
540,575,williamsjennifer@example.com,work
916,798,kathryn61@example.net,recent
341,450,erik19@example.org,three
133,579,ycampbell@example.net,deal
503,950,josephmontgomery@example.net,explain
576,720,icardenas@example.com,old
196,508,moranshawna@example.net,impact
534,578,michellerivera@example.com,check
739,778,harriskenneth@example.org,shake
172,83,markhartman@example.com,kitchen
513,252,gonzalezjulia@example.org,next
538,361,owalker@example.net,turn
603,990,qmendez@example.net,public
735,1000,pbooth@example.org,such
73,784,cherylalvarado@example.org,center
280,486,mark28@example.net,wife
566,655,lindaharrison@example.org,tell
562,712,williamedwards@example.com,cover
783,236,aprilwagner@example.com,bring
520,275,rebeccamitchell@example.org,less
177,578,pcampbell@example.net,local
183,518,hatfieldjordan@example.net,technology
126,318,oliviamatthews@example.org,increase
49,207,ohoward@example.com,low
310,167,ryanli@example.com,spend
424,995,lopezjerry@example.com,though
600,509,dtaylor@example.net,teach
45,114,robertselizabeth@example.com,kid
483,482,hilllaurie@example.com,note
289,745,owensluke@example.com,tell
369,607,gilesmelissa@example.org,character
29,88,vhudson@example.net,power
667,93,williamssamantha@example.net,certainly
162,953,john89@example.net,stuff
154,334,smercado@example.net,who
866,584,lindseyanderson@example.net,they
63,275,tuckerjacob@example.com,yourself
302,995,gravessarah@example.net,up
572,118,zachary07@example.org,believe
365,268,jonesholly@example.net,look
427,283,jennifercooper@example.net,expect
645,781,russelllogan@example.com,reason
277,509,kelsey18@example.net,notice
846,797,melissaburch@example.com,once
471,747,norrisroger@example.org,trial
511,867,hkemp@example.org,question
177,751,iperez@example.org,president
803,891,anguyen@example.com,course
256,22,boothdavid@example.org,investment
590,680,christina50@example.org,material
354,130,teresa25@example.net,scientist
630,408,pamela09@example.org,management
596,516,scottgallegos@example.org,night
451,253,sandy57@example.org,degree
556,53,alexander20@example.org,any
228,59,jonathan35@example.org,woman
812,770,traceywilliams@example.org,themselves
61,728,tmacias@example.net,reason
435,216,daniel70@example.net,wear
267,596,geraldwheeler@example.com,people
133,372,nicholas31@example.org,miss
516,198,christopher31@example.net,when
664,142,justin53@example.net,let
373,903,tmerritt@example.com,worker
132,365,xgibson@example.org,suddenly
825,339,kellybradley@example.org,career
826,823,heathergarza@example.org,now
793,654,ibrown@example.org,four
199,966,ambermcclain@example.com,while
350,675,donna72@example.com,realize
952,415,jasoncameron@example.org,appear
149,634,james08@example.com,light
952,155,valerieanderson@example.org,more
652,404,nicole23@example.net,born
72,324,izamora@example.org,job
374,701,ricardonorton@example.net,those
708,43,allenjustin@example.com,manage
159,958,mcguirejennifer@example.com,this
595,501,dylan82@example.com,matter
505,959,christopher72@example.org,others
650,829,schultzandrea@example.org,red
963,412,donaldphillips@example.com,phone
824,661,richardbarnes@example.net,accept
53,115,dana48@example.com,have
184,488,courtney47@example.com,choose
491,123,peggy52@example.net,their
193,872,christinawilliamson@example.net,sit
680,178,jonathan48@example.com,candidate
939,696,stephen18@example.net,employee
45,994,talvarez@example.com,section
924,407,beckerdonna@example.com,direction
944,74,kathy91@example.org,teacher
67,676,beverlywillis@example.org,reach
739,130,petermurphy@example.org,black
306,615,susan75@example.net,interview
726,999,eduardo21@example.org,wrong
126,417,alexabecker@example.com,security
212,600,scottjessica@example.com,stage
173,609,jmyers@example.org,myself
587,546,lrollins@example.com,find
161,492,ykeith@example.org,to
691,794,uharmon@example.org,as
974,565,kimberly52@example.org,realize
425,940,woodsashley@example.com,money
820,973,shelbysmith@example.org,build
848,735,burkebrian@example.net,glass
452,968,patricia65@example.net,glass
168,524,boydlinda@example.org,talk
379,190,rowlandchristina@example.com,treat
837,38,gallowaycarlos@example.com,so
722,672,smithchad@example.org,sport
561,630,derek81@example.net,add
427,487,jamesmoore@example.org,strong
35,468,kimberly60@example.org,thank
277,171,linroger@example.net,against
916,299,jessicamedina@example.com,it
402,466,christophersimon@example.com,rule
329,77,kbarnes@example.org,up
750,158,brandon26@example.org,technology
193,430,justinbaird@example.net,including
13,89,bsmith@example.org,book
100,214,tjohnson@example.net,husband
645,855,jose78@example.org,join
846,691,cassandra27@example.com,wall
137,514,wallschristopher@example.org,phone
448,153,lopezalexandria@example.org,ready
62,418,zgillespie@example.com,pressure
652,204,umays@example.org,scientist
379,364,mariahoward@example.com,billion
573,947,suzannealvarez@example.com,positive
116,71,allison14@example.net,seven
94,965,cmiranda@example.org,fact
848,171,hartdavid@example.org,recognize
616,323,fbaker@example.net,day
793,726,nunezanthony@example.org,person
558,976,georgealexandra@example.com,play
257,889,manuelmcclain@example.net,keep
569,860,vanessa38@example.com,mind
520,722,sjohnson@example.net,price
929,212,dcompton@example.com,school
471,958,sarahmartin@example.org,strong
95,816,hilljill@example.org,recognize
193,660,hamiltonbrian@example.org,significant
653,81,bcrane@example.net,me
171,683,davisnicholas@example.com,cultural
269,974,william16@example.com,including
349,908,susan14@example.com,image
674,355,kenneth60@example.org,fill
331,176,charles25@example.net,clearly
922,597,gary22@example.org,tell
367,370,pbean@example.com,study
852,339,joneslisa@example.org,some
502,250,michaelhunt@example.com,stand
569,813,eugene67@example.org,fund
128,486,ramirezchristopher@example.net,bad
754,513,karen71@example.org,company
613,906,kshelton@example.org,include
786,65,barbara94@example.net,tax
730,209,vnelson@example.org,them
35,762,ayalaana@example.net,control
410,652,barbermelinda@example.com,series
879,468,brett10@example.org,east
418,696,jordan76@example.net,southern
509,879,brittany17@example.org,enter
104,852,mayoandrew@example.com,moment
778,864,woodardashley@example.com,call
782,961,lgordon@example.com,market
469,949,ericbenjamin@example.com,glass
522,629,taylorlinda@example.com,again
150,129,jphillips@example.com,remain
818,262,rmontes@example.com,lot
773,907,christensenkyle@example.com,sign
817,628,vgriffin@example.com,size
210,264,marywilkinson@example.com,late
140,172,jeffreypadilla@example.net,specific
342,706,parkerkimberly@example.net,measure
688,492,garciadenise@example.org,brother
537,406,jacobvance@example.org,relationship
825,514,nicolejones@example.org,partner
909,394,longmarcus@example.net,public
810,513,mathew80@example.net,image
903,4,david26@example.net,subject
126,971,perezamy@example.net,fear
652,654,ashleyjohnson@example.net,word
143,519,nicole86@example.com,win
69,796,psmith@example.net,discover
809,790,riveramiguel@example.net,window
288,852,christy28@example.org,adult
161,8,ariel57@example.org,need
961,985,lori43@example.net,chance
309,93,mooreantonio@example.net,fish
497,642,vincent14@example.org,painting
314,327,emily40@example.net,only
737,275,jenny92@example.com,add
34,669,shawn40@example.com,civil
870,578,lopezmichael@example.net,within
458,60,blove@example.net,hear
429,887,ochoaerika@example.com,rich
609,381,darren41@example.com,pass
83,114,briannicholson@example.net,yourself
319,276,matthew05@example.org,certainly
32,870,kerrinelson@example.com,attack
843,781,andrea36@example.org,send
569,241,hallshawn@example.org,name
130,527,kaitlyn70@example.com,manager
312,749,nmcdonald@example.org,us
912,414,sandrabrennan@example.net,appear
836,365,andrewcampbell@example.com,light
187,757,pearsonkristina@example.org,despite
203,325,njohnson@example.net,him
407,216,jody75@example.com,bag
274,314,wendymclaughlin@example.org,that
777,233,vanessaelliott@example.net,likely
831,666,xhubbard@example.net,look
57,520,dalereynolds@example.net,man
645,672,laura35@example.com,accept
967,950,baileymoody@example.net,account
544,606,morganbrian@example.net,order
877,686,hendersonchad@example.net,only
360,137,tkelly@example.org,worry
230,715,salazarmanuel@example.net,standard
591,929,clarkrebecca@example.com,imagine
394,272,rodneyhester@example.org,travel
799,693,jacobsjames@example.com,ok
939,244,nreeves@example.org,discussion
741,221,charlesmaurice@example.org,discuss
503,244,keithsmith@example.net,myself
120,427,crawfordthomas@example.net,medical
793,708,bryanzimmerman@example.net,likely
451,90,kristiemorse@example.net,instead
159,205,drakedan@example.org,ground
709,302,donnacameron@example.com,notice
463,121,andrea12@example.com,total
574,918,stewartamy@example.net,conference
532,995,kennethsalas@example.org,century
842,442,mary76@example.net,couple
122,983,hillsharon@example.org,movie
585,779,jasoncisneros@example.org,business
833,429,castronancy@example.net,very
724,911,curtis39@example.org,identify
138,791,jessesmith@example.net,kind
929,966,dlane@example.org,glass
461,432,alan24@example.net,apply
216,953,calhounmargaret@example.net,ready
293,915,icole@example.com,place
452,809,donna36@example.com,smile
133,770,rmartinez@example.org,simple
611,651,saundersmathew@example.net,talk
890,307,rscott@example.com,feel
688,455,douglas85@example.net,hope
310,314,robinsonfrank@example.net,among
870,390,candace24@example.org,lawyer
915,999,gilbertalexis@example.net,information
307,465,martinrobert@example.com,very
617,124,fisherjennifer@example.org,detail
677,949,irivera@example.net,such
925,590,yhall@example.com,condition
121,236,stephenpreston@example.org,evidence
644,191,markwalter@example.org,watch
701,993,idavis@example.org,pretty
752,401,audreyjohnson@example.org,something
37,347,douglasfitzgerald@example.org,far
384,428,angelalove@example.net,choice
145,918,fjohnson@example.org,hit
489,142,rbrown@example.com,seven
265,946,jamesmckay@example.com,us
370,668,kimjohn@example.org,central
262,610,everettthomas@example.net,start
298,999,tsosa@example.com,always
927,316,jamesjohnson@example.org,raise
576,659,steven55@example.net,industry
663,482,keaton@example.com,tell
301,945,mbarber@example.org,capital
344,135,starkbrandon@example.com,you
771,914,jgallagher@example.net,spend
474,848,troy13@example.org,color
487,587,jeffrey50@example.net,dinner
969,16,johnsontravis@example.com,himself
42,609,scottthomas@example.net,American
290,486,bobby79@example.org,society
970,343,millerrenee@example.com,brother
492,60,christy67@example.org,human
482,505,erin44@example.org,everyone
447,142,kellymargaret@example.net,look
512,7,mullinsadam@example.com,modern
570,528,jacob17@example.net,put
400,252,uquinn@example.net,mouth
881,133,vlucero@example.com,who
518,17,brandyhill@example.org,list
716,879,laurenbean@example.com,technology
876,829,matthew35@example.com,green
24,665,tinasmith@example.org,group
925,522,david96@example.org,economy
654,425,donnawebb@example.com,miss
74,364,lyonspaul@example.com,gun
173,626,carlarobles@example.net,brother
214,203,randy87@example.net,country
485,862,bassangela@example.org,red
368,802,taylormckinney@example.org,eight
192,571,kimberlyharrington@example.org,above
956,624,wanda45@example.org,few
49,831,brandon10@example.net,seat
138,648,xmayer@example.net,beat
264,915,chloehanson@example.org,miss
789,750,brownann@example.com,teacher
294,388,mhodges@example.com,feel
525,152,nrobinson@example.org,writer
549,41,frank49@example.com,yes
451,460,cbutler@example.org,analysis
802,365,aedwards@example.org,matter
296,441,coreythomas@example.org,traditional
957,738,bmontgomery@example.net,up
642,261,amystein@example.com,change
55,236,ksanford@example.org,activity
425,257,corybenjamin@example.com,movie
173,826,nsimmons@example.com,herself
928,442,stephen98@example.org,TV
914,804,ofigueroa@example.org,amount
383,620,chavezalexandra@example.org,pull
703,88,sancheznicholas@example.net,former
78,544,gcurtis@example.net,buy
26,621,hoganashlee@example.com,feel
582,449,garyjohnson@example.net,prepare
725,888,pbrewer@example.org,cell
423,585,andersonantonio@example.org,pass
355,980,scott70@example.org,identify
341,602,upruitt@example.org,pattern
959,325,jamesscott@example.net,alone
435,275,katrinacook@example.net,market
16,242,jenniferroberts@example.net,ago
738,575,curryfrank@example.com,control
107,382,karen37@example.net,idea
202,931,kim09@example.net,investment
436,377,sford@example.org,somebody
214,384,alisonsmith@example.com,see
97,935,huntsabrina@example.com,almost
936,887,dianaramirez@example.net,speak
818,804,davenportglenn@example.com,company
840,980,alexis64@example.net,enjoy
176,476,erin09@example.org,international
254,728,kjohnson@example.net,executive
930,182,ryan89@example.org,pick
156,642,julie04@example.com,foreign
784,674,uoneal@example.com,truth
789,885,jessica18@example.net,system
984,2,vorr@example.org,likely
948,14,curtis74@example.org,wide
901,483,eatonkathleen@example.net,history
103,325,dlittle@example.com,crime
139,528,tcasey@example.org,senior
720,337,ttorres@example.com,beat
132,154,gzuniga@example.org,fact
357,300,oliviamadden@example.net,use
487,554,joseph30@example.org,style
123,293,stephanienovak@example.org,feel
749,585,taylorstephanie@example.net,line
148,798,wshelton@example.org,lay
326,765,smitherin@example.net,operation
847,35,griffinbrandy@example.org,total
302,347,twilliams@example.net,hear
208,967,riddlenatalie@example.net,situation
338,959,wrightjames@example.net,talk
399,754,natkinson@example.org,story
445,657,doyledeanna@example.org,ground
383,454,xvillarreal@example.net,somebody
58,460,thompsonjohn@example.org,data
17,133,gabriel35@example.org,resource
667,632,stephensstephanie@example.com,goal
154,262,qbarry@example.com,base
39,741,elizabethgutierrez@example.net,interest
930,161,walljason@example.net,up
153,476,walkerherbert@example.net,will
952,4,christine04@example.org,its
441,272,grahamjeffery@example.com,board
646,877,nvillarreal@example.net,modern
106,708,sgilmore@example.org,check
643,406,elizabeth01@example.org,arm
885,618,oyoung@example.com,option
219,322,trodriguez@example.org,daughter
548,148,simonana@example.org,then
264,346,ufrazier@example.net,executive
495,157,brownnathan@example.net,whose
356,656,jacksoncynthia@example.com,tax
693,805,xdelgado@example.org,sister
891,838,nguyenvincent@example.com,realize
576,443,warrenwesley@example.com,discover
748,520,tammy47@example.org,later
393,706,fjohnson@example.net,movie
624,752,xduncan@example.net,option
827,449,brendafrench@example.com,arrive
494,499,lmitchell@example.com,partner
227,783,teresa16@example.org,each
386,387,jasmine02@example.org,thank
821,330,ssellers@example.net,among
147,39,npeterson@example.net,kind
964,28,amanda31@example.net,provide
152,933,benjaminbrown@example.net,during
64,66,kathleenthomas@example.org,different
483,99,jennifer96@example.com,shoulder
236,170,gcamacho@example.org,country
713,452,jacquelineperry@example.org,few
886,80,taylor99@example.com,near
647,133,mharris@example.com,kid
419,119,james50@example.net,likely
906,639,pharmon@example.org,than
53,180,gnorman@example.com,memory
668,324,bjones@example.com,start
482,116,smithpatrick@example.net,happen
9,879,amcbride@example.net,material
664,631,baileyalexis@example.com,charge
635,169,smithrebecca@example.net,seem
785,505,michaellee@example.org,tax
560,213,ramirezmicheal@example.org,environment
900,365,hardymichelle@example.org,participant
186,316,mwilliams@example.org,claim
950,890,nancy50@example.net,name
236,21,suzanne91@example.net,operation
834,810,laurabennett@example.com,must
605,104,parkswilliam@example.net,feel
50,458,bartlettstephanie@example.org,finish
849,65,matthewpeters@example.org,ever
40,534,zacharyedwards@example.net,ask
490,738,pmorton@example.org,cultural
853,796,fzimmerman@example.net,report
694,505,swilson@example.net,idea
289,863,christopher52@example.org,executive
146,958,dianetran@example.com,want
53,102,alyssa83@example.org,project
291,581,heathchelsea@example.org,treat
984,840,rjenkins@example.com,take
228,533,rgallagher@example.com,again
79,701,sheilamartinez@example.com,window
526,344,robin44@example.org,center
552,587,christinaortega@example.net,book
8,883,donnaolson@example.org,make
180,873,jessica60@example.com,manage
418,709,johnsonashley@example.org,PM
848,984,anthonystephen@example.org,although
13,201,schwartzstephen@example.com,about
393,881,espinozaconnie@example.org,total
138,111,hoovermatthew@example.com,red
579,598,trojas@example.org,around
945,417,armstrongamber@example.com,dinner
690,300,charlesklein@example.net,ask
594,411,smithtracy@example.com,serious
232,849,jeffunderwood@example.org,wonder
210,567,christophersilva@example.org,key
661,549,mitchellsarah@example.org,bed
802,144,john88@example.org,view
151,470,ihebert@example.org,myself
102,254,benjamin30@example.net,side
942,632,qfox@example.com,product
425,148,jesus54@example.org,apply
837,505,ashleyberry@example.org,detail
205,457,vperez@example.org,score
530,590,victoriamurphy@example.org,learn
653,740,ybrown@example.org,cultural
763,709,christopher99@example.net,describe
133,9,moodywilliam@example.org,hotel
689,41,ann48@example.com,check
798,625,grahamashley@example.org,guy
87,564,qflynn@example.com,officer
325,424,traceyharris@example.com,task
843,991,wmeyers@example.org,base
462,845,allen68@example.com,worry
638,273,michaelnewman@example.net,realize
729,349,rodriguezalexandria@example.com,recognize
465,563,kelleycindy@example.org,walk
712,277,brendameyer@example.org,push
926,502,turnerscott@example.com,stop
701,821,melanie15@example.net,claim
675,698,cramsey@example.com,challenge
726,242,ymiller@example.org,worry
491,768,hilladrian@example.org,do
591,186,yzavala@example.net,fight
111,48,robinsonnicholas@example.net,firm
103,751,lindsey07@example.net,enough
432,987,bobbyjohnson@example.net,pay
654,50,gibsonmichael@example.com,significant
566,307,olivermichael@example.org,word
535,725,rmontgomery@example.org,would
843,842,ycabrera@example.org,agreement
402,462,tdavila@example.org,ready
360,575,operkins@example.com,close
419,145,ashleyvasquez@example.org,join
198,350,tinasmith@example.net,hand
365,523,mayoandrea@example.net,protect
522,76,scottmaria@example.com,make
177,109,christine88@example.com,friend
143,137,ericanderson@example.org,girl
179,984,stephanie11@example.net,increase
386,152,micheal14@example.net,week
314,894,hsanders@example.net,ahead
853,680,krista56@example.org,policy
937,336,yperez@example.org,future
345,885,mariah14@example.net,admit
828,687,clifford14@example.com,thousand
197,743,clarkebrandon@example.com,building
70,323,elizabethwilliams@example.net,available
731,47,xruiz@example.com,area
13,671,kristi65@example.com,value
642,493,bortiz@example.org,enjoy
347,770,barbarafernandez@example.org,feeling
420,572,sethharrison@example.net,option
496,145,patricia68@example.org,successful
117,850,ebony33@example.org,plan
639,880,debragrimes@example.com,medical
673,976,odawson@example.net,night
974,430,martintrevor@example.org,reason
953,844,lovejames@example.org,herself
898,73,sanchezlori@example.net,home
165,299,walshlindsay@example.net,box
223,925,james43@example.org,move
165,434,kendra52@example.com,almost
795,958,woodjose@example.org,specific
295,463,emmahenderson@example.org,series
954,544,brian52@example.org,food
156,892,evansrebecca@example.net,end
249,391,sandracarter@example.org,sign
110,882,william89@example.org,music
951,120,chris19@example.net,hour
536,220,msimpson@example.org,scene
957,411,paige66@example.net,leave
524,854,anthony39@example.com,few
138,470,lunakristina@example.org,such
764,212,mbird@example.net,discussion
891,851,rhondaryan@example.org,ok
856,525,jonesthomas@example.com,particular
725,906,kennethscott@example.net,term
545,249,mariamiller@example.org,because
982,10,powellchristopher@example.net,director
582,287,robert49@example.com,goal
211,56,ptrujillo@example.net,receive
982,776,robert01@example.org,campaign
407,119,qwilson@example.com,visit
749,110,fcox@example.org,above
9,294,tdaniels@example.com,approach
949,934,amanda64@example.org,throw
979,999,jilldavis@example.com,nation
220,810,rebeccaward@example.org,inside
499,251,xcarter@example.net,strategy
571,490,josephwhitney@example.com,business
715,598,martinezoscar@example.net,cut
98,467,rgardner@example.org,provide
276,249,asalas@example.org,goal
114,564,alexandrabell@example.org,might
491,675,juliecrawford@example.net,school
899,364,lamkimberly@example.com,yourself
40,421,kwilson@example.net,radio
614,991,rebecca37@example.net,interview
797,271,millerjohn@example.com,face
534,56,tyler79@example.com,collection
345,694,brianmolina@example.com,teach
779,675,kellywyatt@example.com,see
941,663,gdelgado@example.com,Congress
319,509,greenmichael@example.org,spring
676,581,richardschneider@example.org,face
591,183,frodriguez@example.com,six
713,853,jason97@example.net,interesting
891,708,donnaallen@example.com,key
370,325,daniel56@example.org,also
2,428,michelle98@example.net,TV
283,1,ferrellgregory@example.net,over
821,929,jillsalinas@example.org,they
629,878,phays@example.net,these
928,449,morrisoneric@example.com,relationship
843,258,kelly47@example.net,finally
915,166,destiny69@example.org,can
651,195,ferrelltimothy@example.com,final
597,637,jeffrey64@example.org,nearly
838,371,douglaschristina@example.net,avoid
404,135,jmitchell@example.net,few
973,642,natalieballard@example.net,red
590,437,nwatson@example.com,war
952,467,rowlandtraci@example.net,just
223,729,longcathy@example.org,box
451,833,brandonbrown@example.net,less
884,483,briancoffey@example.com,rock
747,330,ogray@example.net,your
737,301,cassandra38@example.com,purpose
215,446,yramsey@example.net,fact
169,23,collierjessica@example.com,indicate
119,490,mooremelanie@example.com,film
39,700,russellthomas@example.net,state
974,960,arodgers@example.org,first
352,800,kristihernandez@example.org,full
516,997,connormontoya@example.org,finally
430,306,roselisa@example.com,president
423,150,groth@example.org,people
8,613,stricklandcory@example.com,property
792,807,diane27@example.org,color
574,783,csandoval@example.com,eye
640,757,jessejones@example.com,blood
846,514,hartdesiree@example.org,candidate
50,286,mariasmith@example.org,couple
841,207,michaelking@example.org,opportunity
70,426,petersdaryl@example.org,maintain
397,779,kathleenmontes@example.com,bring
204,992,burgesssandra@example.net,art
6,675,tduran@example.com,mission
621,429,arielball@example.com,than
852,820,fuentesstephanie@example.com,front
459,289,raymond29@example.org,current
155,365,tony60@example.com,pay
840,608,christineward@example.net,very
750,113,greenemichael@example.net,experience
894,114,chernandez@example.org,loss
198,162,brian20@example.net,article
813,434,sandrarich@example.org,medical
727,654,zbowen@example.net,computer
672,303,matthew19@example.com,commercial
203,430,kristinnelson@example.com,small
657,115,mariamejia@example.com,particularly
121,720,christopherspencer@example.org,pull
332,953,rodriguezjanet@example.com,apply
320,993,smithheather@example.org,lot
780,711,smithrobin@example.org,issue
432,542,austinmckenzie@example.net,might
317,336,alan99@example.org,above
615,378,susanedwards@example.com,adult
550,400,marksutton@example.org,other
675,136,meyeralice@example.com,could
412,926,campbellrobin@example.org,job
271,477,vicki98@example.org,threat
340,829,umcdonald@example.org,several
835,179,rjuarez@example.net,message
739,222,hvaughan@example.com,time
689,27,trevor86@example.net,stop
342,132,stephen15@example.org,voice
122,255,karenspence@example.net,mouth
726,413,matthewanderson@example.net,until
326,824,carrshelley@example.com,cup
164,359,salvarez@example.org,would
605,242,westheather@example.org,thank
72,463,vrodgers@example.com,campaign
5,155,james50@example.org,keep
171,788,patriciamartinez@example.net,growth
856,577,wanderson@example.org,everybody
912,146,richard13@example.org,site
856,251,jason75@example.com,boy
427,248,justin65@example.com,garden
78,910,bradleyhaley@example.net,human
360,824,rrogers@example.com,rest
537,818,linda25@example.org,radio
344,702,steven28@example.net,body
236,348,hamiltonandre@example.org,pay
196,13,edavis@example.com,general
809,288,oscarbennett@example.com,travel
40,413,michael28@example.com,easy
757,618,msmith@example.org,hour
154,529,laguilar@example.org,eat
413,654,kshelton@example.org,certain
129,25,joshua70@example.com,prevent
171,64,steven62@example.com,customer
513,588,zwest@example.com,great
284,620,hartdaniel@example.net,water
830,103,billyayala@example.com,picture
156,710,joshua03@example.net,trip
239,485,terri12@example.org,hotel
947,310,marthapierce@example.org,whatever
846,359,davidcarter@example.com,officer
349,685,abarron@example.org,course
198,966,michaelrebecca@example.org,dog
883,419,lewiskimberly@example.com,suffer
768,724,joseph59@example.org,radio
442,968,butlermelanie@example.net,recently
4,613,lmontes@example.org,how
21,59,ryan41@example.net,economy
524,275,charleneleonard@example.net,concern
889,799,williamsjoseph@example.com,out
63,319,howelljessica@example.com,interesting
258,324,ryanstewart@example.net,fine
257,942,cynthia64@example.com,develop
245,281,jasonlong@example.com,enough
357,147,jeffreysmith@example.com,general
809,350,ymartinez@example.com,wish
396,960,garrettjeffrey@example.org,less
43,765,bryan69@example.org,sign
728,886,yrichards@example.com,especially
241,724,crystalmartin@example.com,final
445,918,rogersjordan@example.com,stand
739,543,warrenchristy@example.com,dark
303,247,kristinelee@example.com,final
620,773,nrobinson@example.net,they
818,270,joe91@example.com,light
751,522,emma70@example.net,receive
610,576,rubenjenkins@example.org,case
710,733,barnespamela@example.org,know
829,207,garrettbrown@example.com,up
115,900,aaron51@example.com,us
417,311,millsgreg@example.com,measure
564,758,shawchristopher@example.com,drive
331,586,ramirezmatthew@example.net,across
40,435,james07@example.net,yet
468,808,emily73@example.org,road
288,212,amyjackson@example.net,popular
755,271,cross@example.net,beautiful
6,109,joannemartinez@example.com,claim
777,206,adamrivera@example.com,far
207,384,danielcameron@example.com,development
761,459,clarkjeffrey@example.com,nor
384,713,caitlinrojas@example.net,system
770,631,thomas39@example.org,few
132,28,isabelgalloway@example.com,use
887,218,pfernandez@example.net,rule
662,774,steven36@example.net,hear
22,506,iwalsh@example.org,commercial
25,68,sbrown@example.com,stay
787,985,daniel81@example.com,thousand
384,112,gmiller@example.net,first
393,186,annejones@example.com,opportunity
339,765,ucooley@example.net,ten
497,213,dukematthew@example.org,machine
113,865,twolfe@example.org,by
15,914,brianconley@example.com,especially
124,823,forbesmark@example.net,most
856,68,charlesgreen@example.org,sense
711,541,nhicks@example.net,its
174,715,lauren64@example.net,raise
393,567,james91@example.com,such
597,783,katherinecole@example.org,allow
869,317,wendy02@example.org,customer
573,755,zacharyjames@example.net,easy
377,715,yshelton@example.net,list
272,282,aspencer@example.com,establish
454,352,roberthines@example.org,watch
289,297,bettyharrison@example.org,develop
616,40,frogers@example.org,reason
841,148,millsgwendolyn@example.com,home
604,439,nathan53@example.org,hotel
170,812,matthew72@example.org,factor
130,63,paige72@example.com,heart
191,518,kelseywright@example.net,year
411,374,martinezrebecca@example.org,design
154,482,brian87@example.org,set
830,856,melissa78@example.net,boy
321,666,katiedavis@example.org,new
697,386,jeffreyharper@example.net,party
56,69,roywhite@example.org,debate
648,553,virginia04@example.net,environment
664,397,fhernandez@example.com,foot
151,913,princejennifer@example.net,while
198,571,obrewer@example.com,choose
735,562,smithlori@example.com,near
34,638,tylerreid@example.org,continue
787,758,dfoley@example.net,factor
948,518,andrea64@example.com,decade
594,152,bradleyeric@example.com,card
133,334,pagedawn@example.org,suffer
642,191,jillhall@example.net,energy
12,642,brandontucker@example.com,seem
390,53,kellycoleman@example.org,as
838,351,waynejones@example.com,reason
647,270,williamlara@example.org,theory
54,988,casey86@example.com,worry
164,757,samanthawatkins@example.com,eye
71,861,duffyray@example.org,establish
211,583,singram@example.net,brother
722,754,xbeard@example.net,city
569,296,jonessherry@example.org,growth
596,684,leesmith@example.com,school
914,650,christineguerrero@example.net,hope
740,585,wangashley@example.org,yard
215,401,lmccoy@example.net,get
214,194,michaelhopkins@example.org,each
501,993,lauraflores@example.net,whose
402,637,vincenthaney@example.org,democratic
385,746,kingmegan@example.net,along
736,902,cassandra04@example.org,big
820,467,qgraves@example.com,reason
52,337,danielsjoshua@example.org,drive
432,740,mariamay@example.net,officer
85,673,olsonleslie@example.com,treatment
862,539,christiecannon@example.net,myself
419,188,megansantiago@example.org,social
476,949,tonya66@example.net,manage
801,657,antonio65@example.net,structure
670,209,matthew80@example.net,well
331,907,stephanieyang@example.net,choice
554,184,ymaxwell@example.net,plant
458,247,hannahmcdaniel@example.com,spend
208,637,rcrane@example.com,common
291,725,adamsannette@example.org,different
32,517,gregorysexton@example.org,improve
73,343,palmermike@example.org,should
961,699,schmidtmichael@example.net,anything
935,25,cathycardenas@example.org,couple
530,761,alexisbutler@example.com,who
621,663,nelsondarius@example.org,save
640,246,gabrielbarnes@example.net,employee
958,951,webermelissa@example.com,leave
883,228,chasewolf@example.net,give
688,949,eboyd@example.org,address
652,401,claytondonna@example.net,central
605,836,jordan34@example.org,see
75,651,susancarroll@example.org,now
708,218,rebeccasalinas@example.net,there
781,446,christophermacdonald@example.com,your
915,321,christopher43@example.com,store
377,618,pochoa@example.com,spend
961,270,xsanders@example.net,social
304,450,cassie21@example.net,the
360,552,thomasanthony@example.com,school
792,118,batesmary@example.com,society
215,762,nathanschroeder@example.net,agency
932,467,davidgentry@example.org,near
437,311,weaverkimberly@example.org,author
496,400,micheal69@example.net,already
206,42,jhamilton@example.com,both
856,427,progers@example.net,sea
881,478,awalker@example.net,recently
802,402,louis61@example.com,support
488,457,norman78@example.com,day
326,935,lewismike@example.net,research
422,821,chadgomez@example.com,black
228,705,vmills@example.net,back
32,76,duffyvanessa@example.org,put
882,2,vgalvan@example.net,space
84,240,davidkim@example.org,worry
633,649,medinajeremiah@example.org,do
811,377,gonzalezsusan@example.com,start
570,27,nwebb@example.org,whose
824,210,kathythomas@example.com,Mr
408,985,danielberg@example.com,war
522,114,hickscarla@example.com,peace
89,238,dennis84@example.org,attorney
510,944,tracywilliams@example.org,forget
606,305,whitedebra@example.org,right
234,663,piercemichelle@example.org,talk
811,397,zsolis@example.org,form
707,203,kristensherman@example.net,artist
874,629,feliciarussell@example.net,conference
176,475,nfreeman@example.net,whom
387,312,stanley91@example.net,chance
144,261,samanthahull@example.org,agree
822,381,ryan01@example.net,candidate
276,647,gholland@example.com,modern
557,2,ehoward@example.org,ago
584,646,maria34@example.net,nor
866,773,christyalexander@example.net,style
589,102,atkinsongail@example.com,organization
893,196,rmurray@example.net,group
967,286,aholt@example.com,model
573,50,christopher48@example.org,professional
548,202,barbararogers@example.net,carry
155,179,robertlee@example.com,member
380,134,maureen69@example.org,now
314,324,jesus91@example.com,court
573,758,tiffanybell@example.net,general
980,381,clarkdaniel@example.net,significant
784,514,codymiller@example.net,white
739,193,ajoseph@example.com,authority
360,372,riverajennifer@example.net,help
876,873,briansalas@example.com,rather
623,563,rsmith@example.org,environment
577,894,jade99@example.com,house
351,652,margaret10@example.com,contain
852,263,bryanchristine@example.com,any
99,149,stephenmartinez@example.org,hit
908,310,brandon96@example.com,office
295,74,rodney02@example.net,tell
643,685,dawn04@example.net,order
413,124,elaine27@example.org,fund
92,69,danielle91@example.net,medical
747,439,tammy85@example.com,bed
652,207,qwilliams@example.org,say
436,161,lindsey46@example.net,challenge
347,28,cnelson@example.com,large
792,145,michaeldavis@example.net,moment
730,333,ashleycherry@example.org,effort
558,19,druiz@example.net,show
12,643,rachelreilly@example.org,current
373,796,kmiller@example.net,several
781,336,froberts@example.com,foreign
720,641,lopezjoshua@example.net,crime
615,444,adamwarren@example.com,prevent
679,6,gardnernathan@example.org,issue
808,679,fischerkelli@example.org,whether
616,276,rachel06@example.com,prove
768,69,johnstongavin@example.com,lose
603,414,terrypayne@example.org,politics
912,265,garrettmcbride@example.org,strategy
259,288,troberts@example.net,church
861,7,whitejody@example.net,administration
271,133,robertgordon@example.com,what
745,322,dawntaylor@example.com,charge
848,241,qhernandez@example.org,thing
25,779,jmueller@example.org,thus
981,162,duncancasey@example.com,back
808,477,michellehill@example.org,magazine
919,571,leahhull@example.org,fact
579,128,courtney24@example.com,election
906,340,harmonrodney@example.com,start
775,504,gatesanna@example.org,head
628,962,jeremypierce@example.org,collection
661,623,tristan63@example.com,able
729,268,gadams@example.net,available
264,543,josephturner@example.com,item
917,238,cynthia62@example.com,great
158,356,thompsontina@example.com,movie
270,922,claudia93@example.org,manage
158,617,mark27@example.net,certain
550,777,sarathompson@example.org,individual
534,200,longjulie@example.org,add
162,397,carlosallison@example.org,arm
75,723,crobinson@example.org,term
382,46,craigramos@example.net,player
480,229,sherilewis@example.org,chance
698,97,jeffreypeters@example.net,camera
938,258,hclayton@example.net,from
219,96,zstephens@example.com,century
859,165,rebecca04@example.com,account
466,436,kfranklin@example.com,central
638,825,onewman@example.com,Congress
841,943,deleondonald@example.org,him
344,932,ujimenez@example.net,eat
867,95,kcampbell@example.net,all
388,488,dcardenas@example.org,wife
736,105,matthewblack@example.com,sense
332,281,kimberly13@example.com,before
30,40,kmiller@example.net,yeah
858,192,williammoore@example.org,check
826,153,youngdavid@example.com,would
375,411,mackenziemoore@example.net,firm
582,118,thorntonjohn@example.net,hundred
490,771,matthewchen@example.org,source
262,18,martinelizabeth@example.com,response
486,415,chadclements@example.com,member
285,236,kpitts@example.com,white
91,21,caleb87@example.net,consider
814,495,zacharybrooks@example.net,true
602,981,bianca16@example.com,stuff
292,660,jasonsanchez@example.com,despite
880,777,ischaefer@example.com,for
32,207,walterkeller@example.net,approach
616,116,paulaclark@example.org,research
702,515,troywood@example.com,pull
709,329,cynthia58@example.net,new
426,246,markedwards@example.com,too
515,264,brownjennifer@example.net,specific
757,46,zfranco@example.org,rather
558,831,suzannegutierrez@example.net,long
894,303,zperry@example.org,green
647,717,deborah30@example.org,employee
888,566,joneselizabeth@example.com,want
777,102,christopher85@example.com,middle
497,723,daniel57@example.com,ability
686,609,jillandrews@example.net,face
531,579,milleryvette@example.com,pay
576,126,zunigaluis@example.net,its
864,939,brooke39@example.org,degree
515,425,krivera@example.net,deal
420,391,mcook@example.org,section
818,150,thomaslisa@example.net,development
634,605,jeffrey75@example.org,have
137,329,josephweber@example.org,fact
407,598,lori25@example.net,rule
171,373,hillcarl@example.org,prepare
110,690,kayla08@example.org,simply
156,834,ryantownsend@example.org,play
465,975,amanda51@example.net,middle
706,244,annette67@example.com,upon
606,955,charlesjason@example.org,figure
961,367,ymann@example.com,single
5,518,bennettwhitney@example.com,day
328,127,tamihoffman@example.com,yes
168,1,angelica42@example.net,reality
492,399,moonlori@example.com,happy
552,509,cainrandy@example.com,behind
272,743,eric37@example.net,medical
841,622,drodriguez@example.com,also
716,687,meganmartin@example.com,rise
305,924,markhamilton@example.net,organization
726,956,wperez@example.com,parent
335,730,zsmith@example.com,finally
957,482,brian67@example.net,away
518,927,moranstephanie@example.net,activity
139,943,ctaylor@example.org,pretty
871,695,david21@example.org,good
958,881,anaguerra@example.com,improve
515,260,andrewmcintyre@example.com,culture
59,980,laura60@example.org,government
591,633,hunter80@example.com,strategy
392,108,carteralex@example.com,door
953,352,michael61@example.com,institution
508,592,fsanchez@example.net,mother
343,383,ethompson@example.com,political
404,657,kennethmcdaniel@example.com,his
615,42,amanda69@example.com,dark
277,298,halleric@example.net,hotel
41,182,spencejessica@example.net,stock
965,425,qfowler@example.net,cold
248,291,elizabeth13@example.net,scene
889,945,kaylajackson@example.com,gun
110,326,larachristopher@example.org,design
776,855,rodriguezkathryn@example.net,wall
211,897,robinsanchez@example.com,what
724,420,herrerarichard@example.net,special
321,474,angela86@example.org,left
201,827,wstephenson@example.org,understand
557,570,davidward@example.net,even
881,711,hwilson@example.com,pull
919,904,reedtrevor@example.com,agree
766,618,andrea75@example.net,positive
279,348,craigcombs@example.com,career
800,185,yallen@example.org,than
588,70,reevesian@example.net,never
246,632,uibarra@example.org,whether
323,218,matthewreese@example.net,quickly
82,964,luis39@example.com,friend
542,79,cunninghamheather@example.net,professor
601,861,mdickerson@example.com,bar
653,647,michaelortiz@example.com,take
644,712,higginsbetty@example.com,various
8,230,jerryrobertson@example.com,without
694,305,janetsmith@example.com,too
417,575,pjones@example.com,language
169,932,leah30@example.org,involve
861,689,jacksonlisa@example.org,free
608,883,egarcia@example.org,produce
533,699,mariaarellano@example.com,half
941,118,kevin56@example.com,worker
820,862,emilyhart@example.com,now
805,933,jacksonrobert@example.com,staff
905,14,perkinstimothy@example.com,him
977,597,colemandouglas@example.net,his
267,297,alicia88@example.net,let
203,668,jenniferjones@example.net,eight
891,132,apowell@example.com,executive
763,292,tracy50@example.org,throughout
854,325,hvang@example.com,box
103,216,rpeterson@example.org,middle
611,284,tamarapowell@example.com,great
843,943,ronald64@example.org,parent
191,523,cherylmarshall@example.com,serve
710,232,christopherarmstrong@example.org,she
967,844,sarah93@example.org,within
560,719,brownbilly@example.com,same
168,359,catherinewhite@example.org,can
52,102,jonathanhays@example.org,ahead
26,480,davidstanley@example.net,painting
813,507,jonesvalerie@example.com,bring
829,487,qgray@example.com,throw
341,702,clarkbrooke@example.org,official
151,52,mark73@example.com,box
178,808,john32@example.org,seat
422,909,christophermoran@example.com,such
199,292,johnstondavid@example.com,part
336,372,noblesamuel@example.org,argue
29,9,jsilva@example.org,maintain
820,761,ymerritt@example.com,me
831,184,santosevan@example.net,against
601,362,gallaghereric@example.org,conference
896,424,nolanaaron@example.net,ahead
505,231,youngrachel@example.org,participant
690,818,dennis54@example.net,wall
570,138,lauren99@example.com,not
778,349,qbowers@example.com,either
817,653,josephmeyers@example.com,court
538,503,alexander17@example.com,certain
370,444,qwhite@example.org,question
824,494,benjaminsweeney@example.com,Mrs
946,539,ryan33@example.com,southern
657,927,amandanguyen@example.org,option
325,574,cmills@example.net,PM
214,758,danielrowe@example.org,last
541,944,fosteramy@example.net,bring
421,75,ejackson@example.org,scientist
417,158,alejandro21@example.net,skin
250,379,alexandershaffer@example.org,despite
881,528,dlittle@example.org,fast
185,768,joshuaestes@example.org,pass
606,868,margaret71@example.net,more
58,107,melissaschmidt@example.com,customer
237,608,richard86@example.org,feel
88,580,gmosley@example.org,whose
159,558,kelsey09@example.net,return
981,456,toddbrown@example.com,world
31,492,nsingh@example.net,week
292,352,nicolerobinson@example.org,decade
65,962,tonyobrien@example.net,share
887,219,piercemartin@example.net,same
229,24,megankent@example.net,during
141,545,zhicks@example.com,grow
356,562,ttaylor@example.org,participant
236,900,amy69@example.net,appear
509,579,christine44@example.net,according
173,913,laurafrancis@example.org,girl
846,956,bryantnichole@example.org,put
264,88,ohill@example.com,resource
36,865,lrivas@example.com,partner
404,204,christinawhite@example.org,director
610,692,ruthsmith@example.net,center
821,124,tylernorton@example.com,author
235,197,marciacampbell@example.com,third
976,972,kspencer@example.net,billion
427,582,itrujillo@example.net,time
592,373,cmurphy@example.org,talk
859,699,michael83@example.com,everybody
360,855,zrobinson@example.net,traditional
843,268,skinnerjamie@example.com,form
781,490,rossrenee@example.org,build
601,997,greenepeter@example.org,ok
715,849,solisjamie@example.net,she
924,687,michaeljohnson@example.org,now
477,249,kevin72@example.com,service
295,262,deborahpayne@example.org,trade
118,607,sarahhernandez@example.org,beyond
803,962,robert07@example.org,father
953,522,rebeccaromero@example.com,after
696,927,thuynh@example.net,new
614,149,briannaturner@example.org,voice
60,301,vfloyd@example.com,represent
823,233,winterstheresa@example.org,themselves
296,376,laurennunez@example.net,rule
929,67,vasquezchristine@example.com,task
76,882,christopher26@example.org,marriage
347,604,masseytracy@example.net,energy
820,525,marycampbell@example.net,land
842,486,julia38@example.net,dark
730,622,vtaylor@example.org,best
286,931,amandataylor@example.net,than
80,833,kparker@example.com,open
75,795,tsmith@example.net,material
235,521,lovecameron@example.org,ago
285,625,bradleygarcia@example.com,kind
975,866,zbrady@example.com,wrong
615,916,chavezangela@example.org,occur
472,737,ihernandez@example.com,west
925,489,rileyantonio@example.com,specific
877,709,mle@example.net,next
407,988,rosscrystal@example.net,rich
460,936,aaron06@example.net,between
361,3,joshuacruz@example.net,create
621,612,timothy72@example.net,court
50,900,uortega@example.org,cause
141,863,matthewwells@example.net,degree
878,797,matthew20@example.net,our
339,305,snydertracey@example.org,image
863,960,james56@example.com,set
448,709,amcconnell@example.net,usually
896,843,leejohn@example.org,easy
377,834,howardsherry@example.org,institution
655,878,allisonmarshall@example.net,computer
470,426,thomasmcbride@example.org,PM
630,108,rosalesdavid@example.com,artist
883,359,toddperry@example.net,part
56,168,bscott@example.com,author
135,112,bwatts@example.org,food
825,270,xlarson@example.com,fund
383,823,susansmith@example.com,bring
953,403,joseph32@example.com,party
748,156,robertsonjohn@example.com,author
449,129,robertyoung@example.com,arm
962,478,michael72@example.com,education
573,440,michelesmith@example.com,to
758,233,stricklandcassandra@example.org,many
411,837,aaron35@example.net,situation
982,553,kylelopez@example.com,especially
503,354,cunninghamchristopher@example.org,go
174,397,heathercampbell@example.net,attorney
715,463,smithtimothy@example.org,interesting
841,284,rkim@example.com,media
433,159,melaniesimpson@example.net,work
23,963,aprilhayden@example.com,operation
645,321,ashley50@example.net,my
254,251,johnsonjennifer@example.org,available
221,266,heather29@example.org,help
118,66,moorekayla@example.com,point
638,670,graycandace@example.org,today
413,579,burnsgarrett@example.org,exist
343,606,alicia04@example.org,who
398,708,larsonstephanie@example.org,inside
555,413,cochranmark@example.net,official
625,170,claudia50@example.com,woman
275,316,iflowers@example.org,respond
177,509,melissaellis@example.net,quickly
190,966,evanskenneth@example.com,chance
558,103,jacob57@example.com,our
254,906,lisadavis@example.net,only
714,165,moraleslisa@example.org,model
264,540,shirleynelson@example.com,important
356,952,zachary83@example.net,scene
99,615,carolyn21@example.org,year
28,889,timothy92@example.net,sound
854,618,hclements@example.com,stand
184,644,athomas@example.org,song
788,827,atkinsdavid@example.com,American
917,455,michael83@example.net,under
63,567,lewisgabriel@example.org,year
968,678,melanie85@example.com,fish
954,311,jennifer94@example.org,magazine
251,975,jjames@example.com,that
742,264,bradley69@example.net,after
387,448,darren12@example.net,onto
577,311,ricepatrick@example.org,dream
76,337,angelawilkerson@example.com,each
129,395,troy@example.com,not
420,468,marccarlson@example.com,international
489,220,jenniferrosario@example.com,admit
757,60,ramirezdaniel@example.org,foreign
98,139,sosadana@example.net,why
167,842,melissa93@example.com,lose
878,747,qsanchez@example.net,represent
672,944,jaderodriguez@example.com,doctor
753,312,victorchung@example.net,recognize
67,550,coffeysamantha@example.com,realize
641,61,rothronald@example.com,cut
886,994,brentmcdonald@example.com,leave
350,655,brandon59@example.net,figure
681,221,yguzman@example.org,today
969,411,thomasandrew@example.net,day
944,587,aflores@example.net,adult
16,351,nbennett@example.com,simple
786,284,melanie82@example.com,enough
397,688,robertsonbrandy@example.net,seem
825,612,xstone@example.net,impact
883,300,moodyjohn@example.com,hold
646,715,cfreeman@example.org,business
148,769,jasonhuynh@example.org,himself
405,25,avega@example.org,interview
658,748,jcarroll@example.com,billion
37,440,melaniewhite@example.org,black
93,191,donald96@example.com,ability
341,191,freemanchristopher@example.org,clear
741,828,frazierdebbie@example.org,spend
946,899,robert83@example.com,write
95,680,misty59@example.com,oil
635,467,alexis85@example.org,recent
950,889,myershenry@example.com,pick
33,269,astone@example.net,ask
382,213,gbarrett@example.com,edge
258,908,oroberson@example.net,second
958,540,robin91@example.org,it
838,665,rebeccapearson@example.org,professional
697,416,matthew62@example.com,recognize
440,36,iwilliams@example.net,on
209,263,lisa73@example.net,drug
947,977,albert04@example.net,central
813,245,danny91@example.org,lawyer
367,455,ylee@example.com,heart
553,279,wilsonlarry@example.com,board
9,78,chandlerkathleen@example.org,you
859,792,pottertracy@example.com,maintain
53,614,rachel21@example.org,argue
765,232,qperez@example.net,hospital
928,986,susan50@example.org,teach
410,712,christopher36@example.org,Republican
796,911,paulharris@example.net,moment
834,160,maciasvictor@example.net,figure
475,359,diana24@example.org,think
651,569,heather89@example.org,fight
308,795,matthew20@example.net,case
657,694,jhouse@example.com,spend
274,220,patricia05@example.net,total
150,78,ishepherd@example.org,as
11,773,stephen88@example.net,black
595,767,carpentereric@example.com,recent
446,601,sanchezmark@example.com,training
489,8,tsanders@example.net,wear
382,479,william59@example.com,drive
677,504,michellefowler@example.net,everything
440,300,kevinthomas@example.org,air
861,177,jeremy10@example.com,fire
774,539,vbaker@example.com,open
86,481,savannah98@example.com,pick
529,958,bcunningham@example.com,college
217,278,hgreene@example.com,throw
739,368,robinkelley@example.org,hair
124,428,brenda26@example.org,summer
51,109,millsjeremy@example.org,major
672,136,austinallen@example.org,number
852,738,ymiddleton@example.com,action
741,883,grantbradley@example.org,during
595,354,rwilliams@example.org,themselves
752,864,lynneric@example.org,side
877,268,michelle89@example.org,price
363,844,stewartlaurie@example.net,take
886,142,yhumphrey@example.com,interview
860,740,caseykim@example.net,piece
144,926,owells@example.net,occur
759,339,xfrench@example.org,stuff
251,118,williamsdaniel@example.com,many
109,796,dennisallison@example.com,surface
96,380,pmacias@example.com,choose
941,286,smithkimberly@example.org,sometimes
664,27,stewartsamantha@example.net,think
604,584,krauselarry@example.net,according
148,604,tcarson@example.net,memory
339,970,lmiller@example.org,Mr
933,649,toddvillanueva@example.org,garden
913,24,amy18@example.com,understand
894,959,nancy80@example.org,sell
962,488,carlosperkins@example.com,between
677,942,clarkjennifer@example.com,better
476,675,david01@example.org,boy
65,622,teresawilliams@example.org,relate
348,376,lopeztammy@example.com,music
289,947,ashleyhenderson@example.net,thank
644,847,pboyd@example.org,lawyer
99,25,christensenmonica@example.net,since
478,253,melindacastaneda@example.com,out
890,575,christopher14@example.com,pick
742,658,josephdavis@example.com,arrive
288,426,yprince@example.com,bad
337,870,ryangreene@example.net,himself
172,855,james48@example.net,suffer
135,88,alexander05@example.net,wait
792,730,adam94@example.net,bring
755,585,kimberly50@example.org,ability
778,278,daniel05@example.org,financial
854,3,richardtracy@example.com,government
295,950,drios@example.com,protect
587,750,burtonbradley@example.net,for
322,630,vrobinson@example.org,understand
786,125,stephaniegomez@example.net,cold
280,198,johnsondiana@example.com,drive
316,287,wallen@example.com,much
650,552,smithdouglas@example.com,newspaper
971,66,christyconley@example.org,still
844,97,ireed@example.com,sing
782,686,anthony21@example.com,assume
616,907,lweiss@example.com,consumer
894,999,benderrobert@example.org,size
854,514,daviscorey@example.net,against
184,679,richard38@example.org,individual
453,861,sbrooks@example.com,gas
98,704,frankholly@example.net,product
541,362,michellefleming@example.com,tonight
491,415,ibrown@example.org,thank
898,12,amberporter@example.net,recently
416,170,rodney38@example.org,herself
81,823,brendamarshall@example.com,least
460,355,melissa65@example.net,second
133,361,melissakennedy@example.com,bar
637,174,ariana08@example.net,but
967,498,jessicadyer@example.org,finish
657,870,tracyjohnson@example.org,term
5,442,kennethchen@example.com,alone
84,280,teresaschneider@example.net,any
433,211,cmaldonado@example.org,meeting
401,739,edward50@example.net,white
561,512,browndana@example.com,exist
611,952,huntermoreno@example.org,rich
539,434,amyflores@example.net,image
240,148,allenmiller@example.net,student
613,77,dgutierrez@example.com,describe
893,646,gibsonronald@example.org,beautiful
211,670,iyoung@example.net,than
435,708,mikemoran@example.com,occur
709,833,denisejones@example.net,sound
765,481,jenniferriley@example.org,yet
694,316,matthewdavila@example.com,we
783,804,juanjohnston@example.net,gas
58,145,rileychristopher@example.org,nearly
327,310,brian01@example.org,leg
280,425,sherry08@example.net,water
728,157,gambleandres@example.com,determine
502,419,richard19@example.org,trip
921,346,bentonsusan@example.com,question
409,727,jonathan52@example.com,spend
884,484,lopeztodd@example.org,partner
33,172,rebecca52@example.org,their
648,674,marcus58@example.net,not
795,419,ashleycarter@example.net,not
413,193,ehawkins@example.net,source
890,515,ricechristopher@example.org,sing
710,867,smurphy@example.com,prepare
980,880,lisa11@example.net,whole
861,975,coxbrenda@example.com,meeting
266,218,bduncan@example.com,word
293,198,lcollins@example.com,worry
534,220,dadams@example.org,day
52,705,mercermichael@example.org,wall
373,387,dyoung@example.net,hotel
696,252,fischeryolanda@example.net,team
25,524,louis34@example.com,which
561,562,lloydtina@example.net,question
18,29,qmoreno@example.com,then
901,304,allenpaul@example.org,state
830,902,justin29@example.com,what
950,740,friedmanvictoria@example.org,suggest
722,992,kathyjames@example.org,mission
871,298,lsmith@example.com,effort
93,502,drewjohnson@example.net,star
387,517,ogutierrez@example.org,prevent
482,105,fernandezchristian@example.net,future
718,659,heather44@example.com,college
853,559,millermary@example.com,follow
75,636,pgray@example.net,by
492,247,schultzdustin@example.org,for
357,58,amcneil@example.org,well
138,846,stonesara@example.com,gun
349,199,freemanamanda@example.org,use
532,789,charleshernandez@example.com,cost
612,398,mcintyremadison@example.org,team
387,189,johnhill@example.com,design
803,314,justin94@example.net,explain
234,251,pfitzgerald@example.org,unit
970,757,micheal68@example.org,already
892,509,walkerkristen@example.com,figure
122,107,matthewsariel@example.org,none
801,583,fieldsjuan@example.org,family
47,186,jacobrangel@example.org,pass
876,363,sjackson@example.org,daughter
101,685,matthew21@example.net,data
603,99,gcruz@example.net,for
439,298,nathanhamilton@example.net,push
767,541,tsullivan@example.org,resource
771,117,michael02@example.com,also
560,737,stephanie65@example.com,family
945,21,langjeff@example.net,agent
817,192,thernandez@example.com,professor
36,678,nmurphy@example.com,spend
344,966,amy79@example.org,social
628,562,andrea85@example.net,deep
252,108,sandersjennifer@example.net,coach
953,723,brian03@example.org,kind
917,773,john25@example.org,several
885,421,jenniferwilliams@example.com,new
159,18,sheila62@example.net,town
357,551,lesliestephens@example.net,police
653,789,larry15@example.com,employee
969,357,jonathan80@example.com,campaign
174,286,lisajohnson@example.com,right
807,629,johnscott@example.net,rich
872,552,diazdavid@example.net,civil
404,963,angelawatts@example.net,dark
415,89,kelly81@example.com,president
315,46,williamsrobert@example.org,inside
924,620,jessicabrown@example.org,keep
250,420,joseph21@example.com,mind
390,338,johnsonfrederick@example.net,forget
57,627,holmessabrina@example.org,than
131,325,paceallison@example.com,way
740,677,george39@example.net,future
746,964,joshuagarcia@example.net,sea
632,939,tlane@example.org,direction
904,505,bjames@example.net,painting
676,333,collinssarah@example.net,family
334,246,owebb@example.com,political
144,463,smithbarbara@example.org,long
932,806,lestersteven@example.com,ago
944,205,nunezlinda@example.net,chance
545,308,williamjohnson@example.net,who
727,884,lwells@example.org,store
520,122,baileymckee@example.org,dark
883,465,feliciaclark@example.org,clear
236,338,hendersonzachary@example.com,attorney
52,450,daniellemiller@example.org,court
276,535,michaelacevedo@example.com,skin
942,600,brownjennifer@example.net,treat
342,807,patriciagonzalez@example.org,stage
945,779,williamcohen@example.net,whole
232,113,ralph66@example.net,name
909,454,millerjeffrey@example.org,someone
39,947,douglasdixon@example.com,drive
446,113,owensdeborah@example.net,person
700,879,pamela43@example.org,position
63,64,cody28@example.net,language
974,502,kathleen90@example.com,company
274,548,croberson@example.org,push
322,223,ngonzalez@example.org,would
400,961,gholloway@example.org,difficult
619,153,john51@example.net,clearly
388,714,hspencer@example.org,simple
409,289,steven49@example.net,without
640,13,mkane@example.net,set
120,196,taylorbrian@example.org,reveal
618,42,penningtonkyle@example.org,this
347,627,stran@example.net,increase
618,223,vasquezricardo@example.com,talk
501,549,amy91@example.org,rise
320,978,cohenbrian@example.com,hour
880,285,codylopez@example.com,benefit
939,589,nmoore@example.org,would
344,531,latoyamartinez@example.net,walk
176,673,patrick50@example.net,shoulder
727,456,margaretcarter@example.com,accept
413,947,ortegavincent@example.com,television
10,335,jonessamantha@example.net,these
204,834,melissa05@example.org,across
963,927,bshaffer@example.net,condition
389,849,maryvargas@example.com,open
315,502,cynthiaparker@example.org,receive
174,609,hutchinsonjennifer@example.com,identify
884,427,sara66@example.net,modern
811,939,dfinley@example.net,system
608,838,hooversarah@example.com,off
109,928,bakersabrina@example.com,protect
428,378,jean31@example.net,pass
194,541,bjackson@example.com,contain
815,453,michaelsimon@example.com,author
421,464,lancemoore@example.org,owner
764,506,johndavis@example.com,agent
649,411,james48@example.com,marriage
844,171,melissa66@example.org,week
232,743,mariegardner@example.com,offer
927,978,stephenwilliams@example.net,ago
90,591,kevin99@example.org,guy
698,765,briancole@example.com,reach
100,877,adamsjimmy@example.net,sure
932,499,johnsilva@example.com,where
166,880,boydlisa@example.com,between
20,728,kurt14@example.org,many
560,619,carlos56@example.org,kid
322,428,fhernandez@example.com,couple
68,581,victorpeterson@example.com,natural
823,298,bphillips@example.com,present
121,113,rodriguezmargaret@example.net,take
653,114,nmclean@example.com,different
802,123,lisa29@example.org,billion
884,671,shellyfrederick@example.org,American
76,491,osmith@example.net,increase
856,811,kimberlystrickland@example.net,away
432,622,naustin@example.org,cut
673,172,heatherwilliamson@example.org,chair
285,947,washingtonemily@example.net,practice
283,434,tracy20@example.org,fear
94,934,zcoleman@example.com,pay
85,752,mpatrick@example.net,treat
80,203,marvin46@example.org,recently
561,822,james66@example.org,who
607,408,sgarcia@example.com,week
861,703,veronicamontoya@example.org,author
896,632,howardbrian@example.org,new
742,223,vunderwood@example.net,forget
442,987,monica32@example.org,available
541,468,ellen16@example.org,well
598,858,vdickson@example.org,lead
349,393,wwinters@example.com,another
69,853,kimberlycoffey@example.com,result
483,760,manueldavis@example.com,fly
615,280,thomaslindsay@example.net,little
395,516,knightjohn@example.com,play
679,575,cblair@example.com,society
681,738,randallmiller@example.net,better
617,242,cynthia62@example.com,long
892,853,timothyvalencia@example.org,design
378,565,dawn28@example.org,often
48,713,lorimyers@example.org,believe
776,52,john78@example.org,wind
88,689,oboyle@example.net,happen
702,104,kevin25@example.com,test
547,151,jamiehill@example.org,need
81,383,gharmon@example.org,understand
420,435,ccooper@example.com,discuss
67,400,austinharris@example.org,nice
65,696,mitchellpatricia@example.org,draw
511,459,casematthew@example.com,drop
887,403,barnesjohn@example.net,clear
331,212,lisaburns@example.org,make
974,492,dhawkins@example.org,black
192,420,andreaprince@example.org,enough
872,553,amcdonald@example.net,Mr
324,515,robert43@example.org,lot
807,557,potterkenneth@example.org,media
945,372,michael47@example.org,themselves
542,956,moyerjames@example.com,speech
633,499,wendyholloway@example.net,shake
478,402,christinapeters@example.com,yard
282,526,cassandraluna@example.org,night
345,963,victoriaibarra@example.com,information
525,602,holdenfrancisco@example.com,at
933,936,sjordan@example.com,maintain
756,329,rodriguezsamuel@example.net,bag
669,40,amandamoore@example.com,model
87,128,paigemills@example.org,science
410,866,rwilson@example.com,arm
538,249,shart@example.org,technology
211,142,jeffreycompton@example.org,discussion
309,185,bstrickland@example.com,behind
638,638,kingaustin@example.org,conference
171,371,shawn02@example.org,throw
99,276,andrewtaylor@example.net,federal
603,518,john87@example.com,election
618,416,paul27@example.net,large
128,281,reyesmikayla@example.org,they
100,96,lisamiller@example.net,add
856,837,bwhite@example.net,film
215,278,adam79@example.org,run
203,117,petersonkaren@example.org,near
645,413,james84@example.org,conference
580,282,zowens@example.org,trade
808,568,christopher47@example.com,seem
961,966,tmontoya@example.com,bit
75,444,hcastillo@example.org,fall
318,384,williamfields@example.net,friend
185,104,woodamanda@example.com,appear
442,248,leejill@example.org,thought
777,383,icross@example.net,already
267,725,mirandalin@example.org,describe
377,820,schmidtcarolyn@example.com,senior
181,138,opalmer@example.net,approach
165,842,smithmichael@example.org,heavy
551,783,ramirezbrandon@example.org,effort
781,827,tblackwell@example.org,pay
114,52,dustin00@example.org,career
520,255,jermaineharrison@example.com,decade
823,352,jdavis@example.net,season
274,749,cmarsh@example.com,minute
913,532,courtneybenjamin@example.net,fear
872,909,pagejames@example.com,she
38,794,fjennings@example.org,become
334,443,caitlyn82@example.org,rule
699,514,donald69@example.net,law
32,267,hernandezlinda@example.com,contain
546,960,david96@example.com,door
369,252,david89@example.org,senior
53,652,jaredwilson@example.net,skill
775,102,amy00@example.org,line
646,689,flynngregory@example.com,less
811,142,jason58@example.net,cost
745,58,lozanowilliam@example.com,face
477,35,moralesvincent@example.org,pattern
506,229,fschultz@example.net,soon
729,169,alexis36@example.org,great
596,296,madisonjones@example.org,impact
41,607,jennifer56@example.com,concern
181,618,dkelley@example.com,pick
426,307,zacharymills@example.org,chair
189,19,sandraaustin@example.net,great
226,864,anthony65@example.net,down
718,195,ruizrandy@example.com,woman
803,776,valentinejohnny@example.org,big
671,775,chutchinson@example.net,scene
415,684,ipierce@example.com,today
164,152,chelsea25@example.com,military
709,112,jordanchristopher@example.org,discover
414,688,cynthia01@example.net,general
478,313,davidthompson@example.org,part
278,433,jcoleman@example.org,expert
622,242,ejordan@example.net,question
808,666,smithivan@example.com,prevent
610,721,james51@example.org,Mr
154,400,nvazquez@example.net,summer
937,697,garciastephanie@example.com,win
660,313,tproctor@example.org,argue
677,774,stefaniejackson@example.net,probably
442,567,qshaw@example.com,great
294,89,vmitchell@example.com,media
277,973,robertgreen@example.net,reveal
243,239,michaelmcfarland@example.org,yard
901,117,brent46@example.com,feeling
432,683,josephblanchard@example.org,support
117,443,robinsonthomas@example.com,expert
131,982,susanlopez@example.net,box
498,412,richardsonveronica@example.com,specific
252,568,mossbrandon@example.org,simple
287,387,tammyperez@example.com,doctor
11,457,llee@example.com,size
680,457,janiceross@example.org,realize
182,639,nwilliams@example.com,society
455,855,heatherthornton@example.org,local
505,157,zspears@example.org,story
551,469,melissa64@example.com,picture
383,38,lambertbenjamin@example.net,wife
891,940,ryan44@example.net,begin
873,998,mark09@example.net,within
667,614,grace86@example.net,some
665,873,steven08@example.net,federal
893,731,kelleyanna@example.net,stage
96,451,vstephens@example.net,goal
109,843,coloncharles@example.com,box
261,330,michelle96@example.com,spring
78,845,christophertaylor@example.com,newspaper
679,964,sethortega@example.com,report
891,639,mossderek@example.com,them
303,500,walkerjohn@example.org,each
101,179,petergreen@example.org,evening
7,705,jgriffith@example.org,main
937,944,lisa41@example.com,last
801,386,alyssa11@example.org,blue
87,315,huntjoshua@example.org,environment
746,335,jreyes@example.net,contain
933,717,melaniefitzgerald@example.org,language
65,813,prich@example.net,beat
32,566,thomasdougherty@example.com,consider
672,721,rileyjeffrey@example.org,wish
757,613,elizabethfranco@example.net,anything
183,689,sean63@example.org,hundred
156,668,jason38@example.org,they
83,429,shaun38@example.net,spring
22,501,zklein@example.net,general
806,969,djenkins@example.com,big
480,974,rioskenneth@example.com,side
536,455,karen08@example.org,first
354,667,romerosharon@example.org,service
761,633,xjensen@example.net,more
810,444,youngadam@example.net,enough
561,934,caitlingomez@example.org,each
544,97,plee@example.org,industry
876,895,samuel84@example.com,break
936,841,michaelolson@example.net,herself
899,105,marissa53@example.com,north
920,923,wesleymiranda@example.net,bed
83,427,michaelthompson@example.org,imagine
192,573,rhondawheeler@example.org,agent
254,627,jamespaul@example.org,story
170,394,david64@example.net,summer
61,642,kyleshannon@example.org,good
512,376,reevesgregory@example.net,laugh
335,859,jacobmartinez@example.org,open
88,697,lewisanthony@example.net,force
665,208,fuentesphillip@example.net,road
537,873,thorntonjames@example.com,respond
846,251,sue29@example.net,road
542,415,raymond97@example.com,institution
980,326,bryan27@example.net,appear
159,93,alex71@example.net,writer
808,411,sotomichael@example.com,plan
727,55,carolyn04@example.net,already
67,486,lauramartinez@example.net,baby
207,378,williamsdavid@example.org,type
813,162,natasha13@example.net,name
842,573,wdavis@example.com,which
721,768,smithgary@example.com,Congress
971,133,ostuart@example.net,situation
573,138,brenda50@example.com,us
635,267,qkelly@example.org,share
118,335,jacobsonkayla@example.net,local
800,513,beth82@example.org,sister
711,947,samantha06@example.org,notice
972,755,aprildiaz@example.org,field
780,406,robert54@example.org,throughout
232,416,yroberts@example.net,specific
82,444,mistyscott@example.com,hard
829,652,tinalopez@example.com,should
587,165,walshjames@example.net,nor
34,141,yangkaren@example.org,bed
102,934,jonathanwilliams@example.com,teacher
379,860,sydneyfrank@example.org,couple
602,209,raymond13@example.org,although
462,597,ehoffman@example.org,law
85,646,leslieroberts@example.net,world
967,250,felicia27@example.com,get
942,92,ubonilla@example.net,practice
30,270,nhammond@example.org,certain
697,223,alexandracastro@example.org,continue
776,291,clementsian@example.org,little
355,258,robertleon@example.net,however
820,247,debraperry@example.org,dog
407,712,castilloanthony@example.net,story
411,299,patricia81@example.org,call
402,950,spearsangela@example.com,network
152,976,hsmith@example.net,best
620,96,ahoover@example.org,choose
182,307,beth85@example.org,mouth
728,85,ryanreynolds@example.org,these
273,771,petervillarreal@example.com,another
780,289,rebeccaward@example.net,cultural
189,194,hayesjacob@example.net,red
93,442,rebecca35@example.net,record
208,92,katrinaponce@example.com,early
393,901,harry58@example.com,them
839,699,timothyschwartz@example.com,southern
181,760,martingreene@example.com,build
431,461,mhayes@example.com,positive
58,621,lindsey21@example.net,everything
175,243,juliemercado@example.com,attention
462,30,crystal49@example.com,through
234,147,karenjackson@example.net,kind
868,452,eric02@example.net,mention
218,509,williamsbrandon@example.net,people
156,141,karla80@example.com,sense
784,322,bakerderek@example.net,run
780,126,alisonlarson@example.net,head
699,844,tonyacochran@example.com,song
793,858,christopher14@example.org,case
353,331,brittanyhansen@example.com,teach
665,738,whitemichael@example.org,answer
140,539,omarclark@example.com,a
783,444,patrickcalderon@example.net,lot
667,435,amymathews@example.net,cause
980,448,anthony07@example.net,able
952,223,claire89@example.com,continue
430,79,frankcole@example.net,medical
770,291,oreyes@example.net,fine
413,215,wcherry@example.net,investment
316,828,ryanjessica@example.org,end
121,747,gcastro@example.net,miss
580,755,jenniferreid@example.com,when
164,720,robertmoore@example.org,leader
638,583,josephlopez@example.org,station
135,601,tina25@example.net,process
304,403,luis09@example.net,watch
837,699,julievang@example.net,radio
201,180,harveywilliam@example.com,instead
250,449,vasquezjoanna@example.net,national
553,555,theresamorris@example.org,political
269,641,howardjeremy@example.org,team
24,164,fewing@example.net,determine
256,891,howardbecky@example.org,none
501,829,daniel10@example.com,arrive
437,915,christinewood@example.org,involve
29,893,nwalker@example.net,later
672,653,john71@example.org,see
174,25,jlambert@example.net,church
776,871,laura87@example.com,large
201,195,jakefletcher@example.com,computer
14,9,fhines@example.org,speak
691,284,drakemelissa@example.com,may
172,678,michael94@example.com,responsibility
640,617,jenniferleon@example.net,represent
394,756,bpham@example.net,according
4,950,acarter@example.org,somebody
184,737,imiller@example.com,modern
889,905,adriana83@example.com,feeling
708,287,jimmy67@example.net,describe
935,831,amandahorton@example.org,again
836,199,deborah60@example.org,everyone
233,398,smithmatthew@example.com,deep
288,393,catherine31@example.com,kid
290,150,crystalherrera@example.org,how
596,820,manueljordan@example.org,measure
626,759,davenportgregory@example.com,sometimes
126,144,jacquelinetaylor@example.org,meet
529,468,johnjoseph@example.net,move
466,732,lesterdonald@example.net,tend
206,223,jeremyodom@example.org,give
709,645,mcrawford@example.net,push
792,861,qstuart@example.net,better
125,810,dennisjefferson@example.net,fact
139,310,kellerpamela@example.net,list
603,18,lori25@example.com,production
463,48,stewartlawrence@example.net,bring
683,634,okane@example.com,if
355,210,coltonsmith@example.net,clearly
345,962,kevinhenry@example.org,agency
62,45,nvargas@example.net,cup
886,322,daybianca@example.com,exactly
629,312,rquinn@example.org,decision
350,137,schmidtjeremy@example.com,stuff
199,559,mendozajoshua@example.org,company
289,976,gutierrezdonald@example.org,school
939,991,johnharris@example.org,real
886,508,robert69@example.com,new
883,319,gelliott@example.net,unit
368,966,andrewhuang@example.com,play
203,996,angela21@example.net,ball
149,596,andrewcraig@example.org,determine
392,472,thompsondaniel@example.org,a
408,837,alicia17@example.com,drug
435,541,jodiryan@example.net,hair
820,934,gchen@example.net,community
949,906,andrewjuarez@example.org,answer
449,54,linda38@example.org,our
607,938,deborahhunt@example.net,common
27,197,edwardbranch@example.net,provide
868,222,bakerdillon@example.com,save
162,682,lewisanthony@example.net,successful
798,884,russellramirez@example.com,rich
953,761,rodriguezamber@example.com,officer
87,399,pottsmichael@example.com,national
66,906,jeff10@example.org,half
33,881,charlesmichael@example.net,who
454,214,hernandezpaula@example.org,eye
106,996,zstout@example.com,senior
481,415,jeffrey08@example.org,lose
380,63,lward@example.com,leader
432,569,fernandezjay@example.net,per
444,102,davidfritz@example.com,him
476,309,leahkelly@example.com,share
623,791,terri93@example.org,stock
715,791,zimmermansamantha@example.net,trouble
551,619,jessica77@example.com,attention
792,338,jchambers@example.net,million
260,530,tracy55@example.net,bag
92,873,yolanda95@example.org,allow
753,603,parklee@example.net,trip
963,284,tkennedy@example.com,person
117,697,stephanie94@example.org,whom
703,981,ylove@example.net,senior
651,824,wbrown@example.net,agreement
678,735,wintersbryan@example.net,worker
911,506,lewisross@example.com,experience
828,305,joshuaswanson@example.org,eight
140,715,brian07@example.net,particularly
130,790,torresalex@example.com,especially
799,175,staceyramos@example.com,certainly
489,42,kristinmendoza@example.org,nature
620,30,cardenascynthia@example.net,center
229,586,kristenwood@example.net,event
718,668,gclay@example.com,like
132,426,guzmanronald@example.org,type
588,31,michael73@example.com,test
345,726,pattersonbonnie@example.net,city
736,36,richard20@example.com,religious
731,650,katie56@example.org,health
786,230,jennifer86@example.com,last
609,823,hannah97@example.org,service
705,7,amanda78@example.org,maybe
23,326,vmiranda@example.net,audience
920,686,benjaminbrown@example.org,sure
707,870,millerjason@example.net,point
654,946,lauramarshall@example.com,whatever
946,715,traceybrown@example.net,meet
853,567,wilsonwilliam@example.net,former
695,287,timothy51@example.com,against
435,181,rachellucero@example.org,hundred
451,881,jmorton@example.com,human
964,979,haleywilliam@example.org,worker
570,971,edavis@example.org,under
78,686,johncraig@example.com,player
289,47,johnnygarcia@example.com,move
40,38,chadpittman@example.com,hot
279,168,sethsmith@example.net,build
443,359,harrisontiffany@example.net,bed
315,910,ztaylor@example.net,meeting
582,892,vpadilla@example.com,include
589,357,ruizgina@example.net,politics
689,290,parkbryan@example.com,value
753,120,wilkinsonsusan@example.net,view
856,365,cynthia83@example.org,this
277,470,samantha37@example.org,reason
902,382,hshepherd@example.org,voice
37,804,coleleonard@example.org,letter
83,59,aprilmarquez@example.org,throughout
170,709,jerry86@example.org,still
863,458,stevenmercer@example.net,red
416,418,marymckinney@example.net,able
952,207,carolynhall@example.org,like
587,567,meghan83@example.org,entire
701,791,alexanderbrady@example.net,example
121,286,parksjoel@example.com,option
263,451,nicolecollins@example.org,appear
824,807,smithlarry@example.org,part
21,118,tsmith@example.com,represent
502,513,melanielynch@example.com,seem
162,648,megangonzalez@example.com,road
135,53,williamscharles@example.net,morning
947,106,trevordaniel@example.org,travel
320,907,graynicholas@example.com,service
897,656,hayley88@example.org,analysis
834,955,kimberly57@example.org,skin
899,779,lgolden@example.net,service
825,874,nelsonjenny@example.com,guess
110,221,darlenecoleman@example.net,around
896,871,wsmith@example.net,story
823,55,burnsjoshua@example.org,matter
818,121,nskinner@example.org,crime
227,314,oliverjill@example.org,glass
853,274,carlosatkins@example.com,and
138,756,christopher05@example.net,determine
914,132,qrodriguez@example.net,move
435,266,kevin16@example.org,hit
421,826,mcdowellkristen@example.org,various
938,912,charles39@example.com,evidence
506,303,teresasmith@example.com,manager
253,992,erobinson@example.org,check
172,48,sabrinathomas@example.com,sing
655,689,peterjohnson@example.org,then
118,903,angel07@example.com,mother
605,950,pkane@example.org,democratic
955,684,brad97@example.net,feel
424,576,manderson@example.net,dark
307,567,smithkatie@example.net,cold
269,753,mmartinez@example.net,TV
226,266,arivera@example.org,great
107,72,tranrobert@example.org,environment
766,631,aaron29@example.com,rule
929,95,juliadillon@example.net,serve
845,140,bsmith@example.com,need
771,497,andersonlaura@example.org,so
173,652,harveyrobert@example.org,report
292,996,maycharles@example.net,stay
643,336,richard96@example.org,man
700,266,smithjulia@example.com,ability
255,90,wendymartin@example.net,fine
596,453,robertglass@example.org,American
620,16,brandyscott@example.com,lot
166,285,smithkelly@example.net,manage
642,108,casey41@example.com,ago
720,577,williamsjeffrey@example.net,what
683,704,qmercer@example.com,doctor
281,196,plewis@example.net,hit
497,455,chad82@example.net,either
114,218,theresa81@example.org,level
779,783,gary67@example.net,serve
869,31,vgates@example.net,next
343,459,janice62@example.org,use
273,421,darrell44@example.org,whom
45,959,osanders@example.org,get
418,132,wongdaniel@example.net,will
78,789,toddkatelyn@example.com,smile
176,278,xhenderson@example.com,sure
971,704,juliewalker@example.org,culture
140,915,enielsen@example.net,continue
485,213,heathersanchez@example.org,pick
463,755,rebeccacrawford@example.com,media
23,615,jaredwilson@example.com,need
860,97,cervantesseth@example.net,record
309,978,sandersdevon@example.org,president
349,586,michelle36@example.org,require
425,357,andrea97@example.com,few
559,523,jacobsmith@example.com,help
473,569,rachael25@example.com,a
925,227,sharonthompson@example.net,population
562,563,aschmitt@example.net,area
71,987,grayanthony@example.org,positive
136,59,ruizchristopher@example.com,choose
927,391,fvance@example.net,church
896,409,shaun15@example.net,thought
413,404,xbarr@example.com,occur
879,638,holderrachel@example.net,as
555,317,david56@example.org,investment
389,903,margaret80@example.com,beyond
695,691,rhowell@example.com,practice
409,262,matthew98@example.com,seat
553,238,armstrongeric@example.org,poor
197,15,jeremy20@example.net,suffer
652,721,kfrazier@example.org,city
911,784,fmosley@example.net,peace
851,221,hnguyen@example.org,organization
269,670,mhowe@example.net,mind
829,238,ecallahan@example.net,work
295,709,haroldmaldonado@example.org,hotel
61,94,jennifer36@example.com,herself
29,993,harmoncarlos@example.net,power
94,361,btrevino@example.com,analysis
8,772,mark62@example.org,marriage
282,893,kimfitzgerald@example.net,safe
669,106,millernicole@example.org,professor
472,125,marie12@example.net,first
664,371,david47@example.org,general
476,44,ymarks@example.com,ball
818,514,icabrera@example.org,our
426,457,jessicaallen@example.org,least
411,340,jennifer02@example.org,third
659,445,jaredwatson@example.org,half
200,29,edward01@example.com,wrong
716,519,raymondamanda@example.com,financial
494,405,andrew84@example.org,day
311,223,pattersonchristine@example.org,short
87,188,arodriguez@example.org,Democrat
981,159,dawnphillips@example.net,cup
776,816,susanedwards@example.com,ten
388,45,sburton@example.org,whole
737,477,garybarnes@example.com,institution
383,715,agriffin@example.com,system
950,876,brianmaxwell@example.com,answer
940,381,rmendoza@example.net,save
354,860,kellygordon@example.com,certainly
375,223,montgomeryandrew@example.com,not
434,551,smithalex@example.net,smile
174,798,sean06@example.net,public
542,81,downsjoseph@example.com,start
914,542,torresaaron@example.net,light
199,92,martinmichael@example.org,around
516,562,santiagojennifer@example.net,finally
783,413,mariethompson@example.org,ability
201,617,martha68@example.com,yes
848,999,jromero@example.org,citizen
334,918,gregorymoore@example.org,realize
305,756,bhoward@example.com,instead
95,344,zperez@example.org,factor
10,955,susancampbell@example.org,car
942,710,tasharowe@example.org,east
898,339,fitzpatrickstephanie@example.org,production
763,671,edward58@example.net,people
800,239,cruzsara@example.org,and
605,498,zcarpenter@example.com,write
847,260,john31@example.com,manager
834,833,jsmith@example.net,measure
879,279,ecordova@example.org,difficult
582,859,mneal@example.com,detail
143,380,mark18@example.com,husband
923,660,brittanysoto@example.net,clear
719,817,tvargas@example.org,least
274,773,nathanielrios@example.net,win
540,494,johnsonandrea@example.org,dark
228,430,angelawhite@example.net,run
134,418,ejackson@example.net,nor
458,764,mitchellmichael@example.org,miss
546,111,kelly44@example.com,why
9,612,iburns@example.org,change
808,407,joshualambert@example.com,capital
281,564,anthony90@example.org,others
283,869,geraldstewart@example.net,get
355,863,david05@example.net,resource
687,435,patricia75@example.com,parent
5,546,lmills@example.org,dog
924,563,heatherholmes@example.net,those
344,541,martinezjoshua@example.com,bag
119,699,hartgregory@example.net,only
324,87,cgonzales@example.net,law
332,86,susan31@example.net,big
617,32,owheeler@example.net,imagine
895,931,shannon57@example.org,truth
615,123,aaron52@example.net,some
608,636,kurtoliver@example.net,turn
473,929,austincooper@example.net,each
746,245,ocastro@example.com,common
7,638,ramireztracy@example.net,election
366,276,oanderson@example.org,protect
798,658,chavezamber@example.org,across
875,773,kristy36@example.net,even
627,603,jenniferwyatt@example.net,tonight
911,481,orodriguez@example.net,ahead
278,540,gonzalezsandra@example.org,sport
277,834,qhobbs@example.org,major
170,511,benjamin15@example.net,gas
219,595,hrivas@example.net,author
523,956,mmcgee@example.com,politics
215,899,terrylori@example.net,rest
506,726,curryrebecca@example.net,project
383,605,thomasmiranda@example.com,themselves
763,923,shernandez@example.net,institution
740,850,andrew46@example.org,door
939,621,paulhays@example.net,foreign
604,836,bfranklin@example.net,black
44,530,patricia11@example.net,quickly
883,706,trevor40@example.net,pressure
315,279,taraalvarez@example.net,color
728,730,hduran@example.org,section
884,383,christopher57@example.com,box
21,377,bonilladavid@example.com,right
116,493,sabrina67@example.org,trouble
141,228,alexarmstrong@example.org,management
597,211,mitchelldebra@example.com,star
218,407,john38@example.net,although
376,486,kingemily@example.net,size
627,830,nbrown@example.net,through
629,401,aliciajohnson@example.org,these
388,266,michaelanderson@example.net,one
548,388,shellymacias@example.net,travel
256,421,hannah95@example.org,computer
78,127,rholloway@example.com,either
388,841,benjamin43@example.org,drug
542,519,millernatalie@example.com,information
243,878,thomasgarcia@example.org,other
509,861,lauraholt@example.net,water
380,110,stephaniemccormick@example.org,work
135,538,samueljones@example.net,stock
413,58,april43@example.com,religious
746,598,johnlloyd@example.com,action
58,380,jameschase@example.com,create
733,505,patricia55@example.com,agent
847,194,brian49@example.net,allow
396,753,ashley69@example.org,rest
838,925,kevin57@example.com,every
143,536,thomaslisa@example.com,fund
879,928,balljennifer@example.net,alone
963,623,rhonda19@example.org,they
122,729,waltersnichole@example.net,team
828,304,richardstracy@example.org,describe
696,314,gsmith@example.net,beyond
711,734,casemanuel@example.net,ten
588,748,rangelgregory@example.org,name
790,336,brett75@example.org,institution
507,868,nealsara@example.net,rock
203,656,rodriguezchloe@example.org,plan
749,718,gloverstephanie@example.org,spend
645,472,rita92@example.com,southern
524,308,hpowell@example.org,run
864,681,foleytravis@example.com,assume
953,469,zjuarez@example.org,can
168,892,hfernandez@example.com,represent
590,839,cberg@example.net,game
180,503,christopher95@example.org,mission
108,678,tonyalucero@example.net,beautiful
720,714,annflores@example.org,lose
349,105,larrymcfarland@example.org,hand
201,802,rachelweaver@example.org,energy
536,66,michael03@example.org,matter
929,983,chapmansean@example.org,sound
170,309,smithrhonda@example.org,here
585,309,xgould@example.net,happy
625,704,owilliamson@example.com,same
642,745,rogersjames@example.com,will
183,571,hthompson@example.net,begin
448,185,anthonyfrench@example.net,western
74,933,robert17@example.net,generation
836,707,paul38@example.com,analysis
682,75,smithjessica@example.net,allow
611,708,stewartrebekah@example.com,anyone
335,818,travis79@example.net,course
887,934,bassmichael@example.com,speech
137,650,jeremy51@example.net,impact
151,814,oferguson@example.com,thus
773,888,stephaniejones@example.com,letter
10,354,brian26@example.org,agreement
214,471,pagetamara@example.net,half
503,598,hjohnson@example.com,represent
348,253,aimee59@example.com,Republican
31,45,callahandavid@example.net,place
472,173,csmith@example.net,cold
274,857,fhill@example.org,old
221,93,savannahnelson@example.net,maintain
851,965,carrvincent@example.org,manager
85,281,simmonsalejandro@example.net,start
108,90,herrerapatricia@example.net,set
489,853,cooklaurie@example.com,eye
676,382,ricewilliam@example.net,guess
334,866,jessicaross@example.net,evidence
799,645,rodneygregory@example.com,everything
770,614,tammyrogers@example.com,see
308,69,alittle@example.net,somebody
635,678,rebeccabrown@example.net,bit
921,434,katherine58@example.net,why
924,542,cmurray@example.net,suggest
406,53,shelby16@example.net,gun
314,88,ysanchez@example.org,job
121,500,qmelendez@example.com,nice
63,643,laura43@example.net,director
754,607,virginia10@example.org,get
57,368,youngfrank@example.com,exactly
614,913,wbeard@example.com,mention
374,930,maria27@example.net,down
823,898,stephanie68@example.net,cut
611,996,cantrellangela@example.com,increase
747,608,wcooper@example.org,key
390,271,williamsonmaurice@example.com,drive
870,346,valenciajeremy@example.net,fly
887,872,hwilson@example.com,like
784,472,sarah10@example.net,get
89,354,zmunoz@example.com,recent
50,145,hcarter@example.net,apply
845,591,emoore@example.com,step
762,656,mckenzie20@example.org,final
15,604,gchapman@example.com,song
228,175,tannerwhitaker@example.com,win
52,736,christophercabrera@example.net,take
180,181,benjamin34@example.org,hold
57,580,tiffany58@example.net,concern
759,65,dominguezrobert@example.net,husband
410,152,jessica79@example.org,soldier
217,6,lopezpaul@example.org,good
359,620,andersonrobert@example.com,figure
251,455,elizabethgriffin@example.org,imagine
872,804,johnsparks@example.net,avoid
445,471,morganmichael@example.net,minute
30,179,michaeljohnson@example.org,end
425,902,robert00@example.net,site
267,721,cassandrapalmer@example.org,clearly
166,136,jaclyn02@example.net,window
654,401,collinstiffany@example.org,opportunity
200,349,jacobholmes@example.com,until
912,524,jacquelinewilliams@example.com,less
905,53,jared45@example.com,threat
802,36,carterjustin@example.com,off
555,910,flowershannah@example.net,well
33,775,burkecandice@example.org,carry
18,329,ihardy@example.com,traditional
736,530,jacqueline50@example.com,appear
856,296,tararyan@example.com,despite
669,207,egarcia@example.org,executive
246,588,michelemeadows@example.net,mouth
163,460,williamshaw@example.net,detail
598,21,troy77@example.com,avoid
879,415,jayhall@example.org,hard
90,207,hancockkyle@example.org,near
851,314,carolynfrank@example.org,here
535,797,sierrafranklin@example.com,system
175,169,elizabethsanchez@example.com,east
229,964,dpitts@example.net,husband
556,961,wongashley@example.com,but
274,958,nherman@example.com,idea
733,261,wweaver@example.com,computer
401,500,fwilliams@example.com,hotel
966,901,chamberschase@example.com,no
459,678,dawn38@example.com,business
171,499,jsanford@example.net,provide
811,222,travis40@example.net,require
588,136,bradleykathleen@example.net,oil
424,917,kali@example.org,recent
606,349,acooper@example.org,must
622,616,lopezlee@example.com,agree
344,17,ewright@example.net,or
228,64,ashleywashington@example.org,environmental
508,824,xfitzpatrick@example.net,easy
200,909,dyerkevin@example.org,so
959,884,ndaniels@example.org,finish
958,852,cunninghamlogan@example.com,against
363,102,fernandezgina@example.org,game
626,139,kochmark@example.org,piece
445,511,sandra22@example.com,other
216,286,andrea82@example.net,film
245,288,bblake@example.org,decision
163,379,karen04@example.net,together
781,636,suarezelizabeth@example.net,add
829,253,fisherana@example.net,choose
683,611,dawnduncan@example.com,represent
974,191,jeffreywright@example.org,show
608,910,eric47@example.net,should
282,861,ahester@example.org,beat
123,593,davidjuarez@example.net,task
730,157,alison01@example.org,list
849,446,randallvaughn@example.net,goal
299,519,anthonyhernandez@example.net,maintain
969,271,daughertybrian@example.net,enough
158,168,jesusmelton@example.org,draw
266,254,lisadavis@example.net,build
420,954,zbell@example.com,late
184,453,taguilar@example.org,who
955,960,donna48@example.net,century
584,491,bowersdwayne@example.com,someone
738,133,jacob81@example.net,ever
897,678,johnsongerald@example.net,cost
343,157,murphymary@example.org,position
585,944,sandovalandrew@example.com,yet
90,65,quinnjames@example.net,heart
293,482,hwilliamson@example.com,house
852,148,cheryladams@example.net,pressure
406,710,crystal84@example.com,have
941,523,coxmatthew@example.net,bed
356,134,susan14@example.net,push
383,192,brandy13@example.org,scene
471,621,erinsalinas@example.net,product
469,420,robert36@example.net,same
327,106,mccartysteven@example.com,fast
342,235,gilbertangelica@example.net,southern
419,65,emerritt@example.com,exist
719,467,nfleming@example.org,ago
780,194,josemartinez@example.org,drop
61,315,deannanelson@example.org,new
76,295,audreynelson@example.com,company
178,54,samanthahowe@example.org,often
969,687,nelsoncynthia@example.org,marriage
755,743,alexanderandrea@example.com,smile
217,396,wandapatterson@example.net,above
511,490,bryanbradshaw@example.org,professional
898,824,patty20@example.org,high
423,834,corysanders@example.com,specific
406,83,burnstimothy@example.net,few
646,2,pdavis@example.net,federal
506,486,terickson@example.net,lose
708,780,whitneylopez@example.net,because
534,499,thompsonsarah@example.net,section
902,500,blee@example.org,industry
548,355,dillonjones@example.org,age
435,561,austingreene@example.net,house
550,430,dsilva@example.com,agree
279,952,cuevaslaurie@example.net,eight
406,54,mcfarlanddawn@example.org,win
471,212,wanda98@example.org,accept
269,215,kingkaitlin@example.net,goal
75,222,qchambers@example.org,quickly
430,626,victoria82@example.net,best
745,824,walkeramber@example.org,choice
748,45,hubbardwanda@example.org,before
853,52,ybradshaw@example.com,wish
499,333,hholt@example.org,low
181,394,allison71@example.org,environment
425,382,nthomas@example.net,stage
322,525,calexander@example.net,care
295,672,michael37@example.net,common
695,30,edwardyoung@example.org,nearly
25,404,luis36@example.com,history
223,17,scottspencer@example.org,feel
714,494,williamscarrie@example.org,water
709,725,melissawhite@example.org,whatever
726,570,brandon91@example.org,cell
406,466,zallen@example.net,score
509,898,judith01@example.org,indeed
518,394,ukoch@example.net,benefit
524,844,millerlisa@example.org,work
848,213,wilsonmichelle@example.net,our
901,88,whitedonald@example.com,author
588,559,steven98@example.com,popular
220,411,mjames@example.com,hour
320,737,paul24@example.net,himself
487,178,rogersmakayla@example.org,sure
137,33,gfaulkner@example.net,almost
252,996,morgansabrina@example.net,fight
133,762,josephsmith@example.net,likely
901,900,megangill@example.com,memory
793,459,danieltyler@example.com,cause
224,941,rebecca06@example.org,study
889,477,robertwhite@example.org,fear
270,831,paul24@example.org,sort
619,182,oroach@example.org,with
236,807,phamcheryl@example.net,authority
61,215,williammack@example.net,heart
928,370,jennycarter@example.com,if
524,503,david98@example.org,hot
724,135,john84@example.net,mother
115,405,crodriguez@example.org,popular
444,625,gregorywhite@example.com,choice
914,834,garyortiz@example.net,fish
209,610,melinda11@example.com,partner
112,855,amanda36@example.net,stuff
388,259,svillanueva@example.net,three
591,833,larrybean@example.com,special
791,922,mariawheeler@example.com,animal
622,573,dawn83@example.net,fill
725,260,christopherbrown@example.com,technology
603,673,donovanricardo@example.net,whether
784,604,meyerchad@example.net,wind
387,350,rachel05@example.com,rate
12,822,howesara@example.net,attention
855,325,leallison@example.org,station
817,936,mary89@example.com,go
706,703,abrown@example.com,event
783,387,williamsmith@example.org,theory
230,778,harrisspencer@example.net,thousand
224,409,mary90@example.org,physical
450,152,rodriguezanthony@example.com,experience
267,570,ereynolds@example.com,population
732,308,osimmons@example.net,imagine
661,957,james07@example.com,around
344,446,george51@example.net,nice
543,167,vcarr@example.org,recognize
418,328,hingram@example.net,realize
316,30,fostercheryl@example.net,despite
690,287,heatherbarnes@example.org,certain
730,758,tracybrown@example.org,high
290,994,aclayton@example.com,travel
104,658,anthonyjacobs@example.org,option
409,737,juan29@example.org,reality
378,275,anthonysanchez@example.com,particular
3,65,sgardner@example.net,reality
534,79,nicole82@example.net,hard
359,399,mbaldwin@example.org,improve
1,567,abrock@example.com,participant
299,176,xburton@example.com,which
34,317,benderhannah@example.org,turn
204,884,samuel01@example.com,eye
573,267,banksanthony@example.com,bank
970,13,granttravis@example.org,night
905,517,morganronald@example.net,customer
813,398,fwashington@example.net,woman
234,167,nicholasbird@example.org,ask
764,194,larry69@example.com,worry
358,373,jasongordon@example.com,back
467,63,eric01@example.com,first
841,880,bethanypadilla@example.com,almost
344,937,jhoward@example.com,state
960,854,alee@example.com,while
258,224,reillyalicia@example.com,garden
186,459,diazheather@example.org,grow
903,12,roycarl@example.org,career
972,405,jessicamercado@example.net,major
597,574,owilliams@example.net,century
75,49,michaelgonzales@example.com,travel
542,490,bergchristina@example.com,environment
233,969,jwilliams@example.org,know
716,77,davisapril@example.org,citizen
317,748,nicholas11@example.com,Republican
320,42,katiedennis@example.org,dream
116,87,kristiharrington@example.com,watch
321,768,mark20@example.com,wait
397,224,johnsonpamela@example.com,tax
947,162,tyler16@example.org,occur
689,396,cameron39@example.net,suggest
218,72,dave32@example.net,participant
665,728,coxsean@example.net,particularly
686,689,wbuchanan@example.org,make
950,120,stephensrobert@example.net,thus
243,550,vanessawolf@example.org,couple
11,841,reedjonathan@example.com,nature
555,594,joshua04@example.org,prepare
876,84,brooksann@example.org,senior
130,778,brendaleonard@example.net,only
150,576,vernonfreeman@example.org,happen
525,988,raymondsarah@example.com,resource
517,35,hinesjared@example.com,bring
934,905,elevy@example.org,billion
626,280,rmarshall@example.net,usually
916,673,eric80@example.org,develop
937,396,hammondrichard@example.net,maintain
167,127,martha99@example.org,data
608,51,eric43@example.org,different
969,633,rodriguezcrystal@example.com,live
201,921,danielle93@example.net,reason
460,827,james80@example.com,scene
332,752,johnho@example.net,the
63,799,ronald78@example.net,thought
670,815,thomasbridget@example.com,piece
421,955,pharrison@example.org,west
551,677,ksherman@example.org,reality
373,355,matthewchambers@example.net,research
190,507,greynolds@example.org,listen
520,613,stephen54@example.com,decision
590,431,davisruth@example.net,explain
104,662,joshua43@example.org,either
398,528,amyjackson@example.com,Democrat
900,644,jnelson@example.org,low
263,128,rickybrennan@example.net,always
792,525,rwilson@example.com,grow
812,793,farmereric@example.net,computer
232,557,youngdaniel@example.com,them
478,943,douglas38@example.net,baby
266,824,brownmonica@example.org,adult
761,130,kgross@example.net,maybe
26,555,ronald46@example.net,service
351,318,ericksondavid@example.org,owner
129,850,hgarcia@example.com,be
631,339,ptate@example.org,culture
844,655,roger76@example.com,evening
318,389,heatherwashington@example.com,while
817,968,nicoledaugherty@example.net,throughout
573,640,nwhite@example.org,husband
595,276,staciestout@example.com,list
720,229,briannabryant@example.com,huge
706,492,richardkelly@example.net,agreement
687,429,qwu@example.org,value
351,444,sandersmichael@example.net,few
424,809,therrera@example.org,out
902,700,brian40@example.com,whether
128,714,karenberry@example.org,group
897,556,loriboyd@example.net,agree
884,207,freemanjason@example.com,eye
120,192,david42@example.com,floor
399,885,cward@example.org,recent
72,929,rhodesvicki@example.org,someone
165,48,nwolf@example.com,set
398,13,karen04@example.net,television
655,209,djones@example.com,rate
138,741,faulknerjanet@example.net,understand
126,831,morrissamuel@example.net,well
680,921,paul88@example.net,sister
831,913,amyclark@example.org,process
918,107,andrewells@example.net,number
606,645,libarra@example.org,source
717,910,chelsea91@example.org,town
227,179,vasquezjeremy@example.com,affect
650,214,justinbullock@example.com,view
96,197,gsantiago@example.org,owner
626,184,tylerschwartz@example.org,necessary
242,43,logangardner@example.org,outside
801,298,andreahines@example.com,form
612,907,cervantesderek@example.net,Democrat
153,605,jeffreyconley@example.com,money
767,832,julialittle@example.net,production
216,240,norma77@example.net,hair
951,978,melanie84@example.org,crime
7,748,megan79@example.org,middle
668,321,qgonzales@example.org,pull
347,613,tjones@example.com,cell
842,636,sjohnson@example.net,laugh
873,321,ccarr@example.org,attention
276,852,rebekah96@example.org,well
67,889,nathanstark@example.com,spring
540,853,ncunningham@example.com,second
573,232,dle@example.com,sort
697,433,david96@example.com,floor
117,25,kevans@example.org,sort
850,694,farrellwilliam@example.com,other
904,76,eraymond@example.net,talk
84,431,donald67@example.org,type
569,723,anthony02@example.com,style
348,960,burkejanet@example.net,experience
914,383,vdavis@example.org,between
58,17,hollandangela@example.net,hold
585,673,bbeck@example.org,about
265,611,chad05@example.org,story
563,505,suarezrobert@example.org,us
144,640,meganfox@example.com,south
25,728,snyderzachary@example.net,small
210,194,michael98@example.org,up
946,189,wgarcia@example.net,key
383,279,vmunoz@example.net,especially
703,386,dorothybarrett@example.org,true
498,240,wavila@example.net,anyone
415,975,sliu@example.net,eight
819,620,jasminefox@example.com,reach
185,415,kimberly04@example.org,yet
688,112,spencer77@example.com,together
546,142,christopher62@example.com,hair
952,673,daniel61@example.net,remember
31,813,craig40@example.org,I
590,924,xproctor@example.org,after
20,916,esmith@example.org,pattern
594,36,gallagherbobby@example.org,interesting
490,241,nperez@example.com,current
253,442,kennethwright@example.com,result
735,293,lsloan@example.com,car
319,626,bradley11@example.org,knowledge
646,638,rachelreyes@example.net,from
915,896,butlerchristopher@example.com,great
825,417,martinezcynthia@example.com,visit
110,587,alewis@example.org,most
49,181,sarahmorgan@example.org,create
219,211,andrew55@example.com,wife
674,584,alexisthompson@example.net,size
368,248,laurencummings@example.net,near
160,513,jacquelinewyatt@example.org,couple
337,254,lucasdickerson@example.org,health
682,535,dwhite@example.org,anyone
701,759,erinbennett@example.org,eight
637,227,owhitaker@example.com,method
839,20,xschneider@example.com,win
175,950,tracy28@example.org,edge
566,757,lisa19@example.net,between
164,442,brownthomas@example.com,loss
314,172,natalie01@example.org,build
475,641,mcdonaldjames@example.com,health
640,368,mendozagrace@example.net,second
832,743,kaitlingonzales@example.org,yourself
793,318,lgood@example.com,government
944,452,rachel99@example.net,important
482,620,rachel12@example.net,person
781,406,callahanrobert@example.net,remain
74,142,janetmiller@example.net,give
37,154,ewhite@example.org,speech
390,918,tiffanyreyes@example.net,couple
930,50,jessica42@example.com,others
410,626,chad24@example.com,three
59,255,hillkendra@example.com,trip
754,949,ryanyang@example.net,prepare
836,767,jasonwagner@example.com,tell
651,714,chadmurphy@example.org,least
376,536,bcoleman@example.com,join
721,179,katherineochoa@example.net,could
289,671,longwilliam@example.net,follow
722,616,fcampos@example.org,now
248,310,watsonmadison@example.org,become
198,768,fnelson@example.com,cost
813,415,michelelee@example.com,data
344,999,davidallen@example.com,million
232,521,jacksondavid@example.com,PM
936,922,owhite@example.com,charge
542,368,melissamedina@example.net,recently
267,250,sawyerangela@example.org,we
851,529,madisonthomas@example.net,produce
864,319,johnsoto@example.org,dog
876,712,ubowen@example.org,really
983,572,wuwanda@example.net,defense
9,287,nelsonpatricia@example.org,before
525,28,henrylarry@example.org,less
628,154,olsonbarbara@example.net,door
301,666,bradleythompson@example.org,full
376,641,margaret18@example.com,be
195,572,joseph97@example.com,point
63,994,oscar49@example.net,deep
666,351,ncollins@example.net,laugh
105,158,nsmith@example.net,cost
524,365,keith51@example.com,letter
395,908,huberstephanie@example.net,recently
587,351,frankamy@example.org,public
48,470,harriscynthia@example.net,find
757,368,josestewart@example.net,structure
430,862,gregoryrobinson@example.com,out
625,418,kathleen24@example.com,career
760,928,michael45@example.org,film
302,994,aadams@example.net,improve
177,165,taylorvictoria@example.net,better
505,316,elizabeth53@example.com,leader
939,728,elizabethvega@example.com,stock
962,912,ocurry@example.net,contain
748,779,michaeljones@example.net,ask
115,695,kevin05@example.net,worker
976,750,danielalvarado@example.com,word
588,834,mackenzie55@example.org,outside
170,294,sara09@example.com,firm
32,320,solischristopher@example.com,discussion
447,76,seanrobertson@example.net,price
397,880,oharris@example.net,quality
645,376,jacob04@example.org,interest
474,411,caseyjoshua@example.org,structure
541,722,smithjeffrey@example.com,day
400,74,richardjackson@example.net,discover
66,414,ahall@example.net,be
876,519,dsanders@example.com,evidence
79,336,catherineadkins@example.org,onto
111,124,gillshawn@example.net,contain
396,410,gwalker@example.com,discover
608,497,raymondthompson@example.com,may
39,832,william26@example.net,sing
86,362,adamskatherine@example.net,I
193,359,morriskara@example.com,become
481,289,john94@example.org,available
306,682,smithcharles@example.org,front
597,775,bettyrusso@example.org,light
356,128,tstuart@example.org,follow
874,179,tfoley@example.org,yeah
341,903,bethwilson@example.com,face
319,464,joshuamclaughlin@example.net,his
662,144,jesuscampbell@example.com,accept
212,567,richardsonjacob@example.net,from
137,79,lambertgabriel@example.net,run
271,290,michael83@example.com,respond
654,348,htorres@example.com,order
364,416,laurajones@example.net,dinner
188,739,biancabailey@example.com,as
146,606,mitchellmichael@example.com,another
297,539,sarah93@example.net,if
732,469,ygarcia@example.net,accept
286,68,kendraturner@example.net,seat
146,855,derek95@example.net,memory
443,545,monica03@example.org,night
403,909,jessica49@example.org,common
489,468,btodd@example.com,pay
357,71,yhood@example.org,realize
699,953,morrowjoe@example.org,prepare
793,761,xgarcia@example.com,home
902,858,tinaschwartz@example.org,four
623,648,james04@example.org,even
55,645,buchanantrevor@example.org,bad
896,326,lopezkevin@example.com,expect
16,421,rebecca20@example.org,involve
110,824,amanda37@example.com,player
417,287,dshepherd@example.com,especially
958,759,chandlerjimmy@example.com,environmental
488,289,greg34@example.net,factor
60,256,nunezlori@example.com,how
294,129,rossmichelle@example.org,time
830,389,brandonbaker@example.org,treatment
180,454,juliagonzales@example.org,term
573,505,robersonmatthew@example.com,be
351,432,courtney64@example.org,know
219,144,larry99@example.net,painting
417,571,vharrison@example.org,determine
204,777,courtney79@example.org,avoid
67,482,alexanderpatel@example.com,yeah
169,401,donna68@example.org,million
165,106,ryanwise@example.com,organization
93,883,mosesjim@example.net,manage
816,481,alex25@example.com,door
417,73,amymurillo@example.com,traditional
765,811,marymartinez@example.org,question
439,273,ykelly@example.net,staff
527,721,jonestina@example.net,choice
208,14,smithpeter@example.net,fish
644,806,rmorales@example.com,order
380,907,kellycampbell@example.com,send
839,297,iwilliams@example.net,likely
103,685,sharper@example.org,each
103,537,kbrown@example.org,east
893,310,nbruce@example.org,chance
21,272,christinamorse@example.org,help
928,89,valenzuelacharles@example.net,focus
689,424,castrobrian@example.net,everything
891,231,frank28@example.net,history
482,112,lijessica@example.net,moment
809,734,thompsondavid@example.org,place
297,127,jessica60@example.com,some
788,888,michaelbailey@example.org,suggest
479,383,reginagriffin@example.net,however
430,710,jthomas@example.org,crime
279,925,hughesamber@example.org,size
788,129,lisabrown@example.org,no
550,520,thompsonkatherine@example.com,purpose
591,366,danadavis@example.com,agreement
631,500,hvincent@example.net,weight
927,152,allisonjordan@example.com,position
255,710,william70@example.com,very
584,752,stephanie68@example.net,especially
624,122,fordkayla@example.org,foreign
464,305,debrahuber@example.net,manage
725,827,gloria09@example.org,teach
511,287,jenniferryan@example.net,thing
74,425,jessica43@example.com,human
471,702,michael76@example.com,team
787,576,amy10@example.org,listen
867,295,jeffrey44@example.net,serious
355,387,breannadawson@example.org,bank
216,521,michaelhill@example.net,person
232,760,johnsonchristopher@example.net,but
543,248,chad51@example.org,firm
18,660,jamesgray@example.net,how
665,494,adrian79@example.com,heavy
264,27,charles32@example.net,name
357,29,davissusan@example.org,land
873,225,tnicholson@example.org,game
849,330,elizabethfowler@example.org,bring
183,414,misty06@example.net,pattern
145,415,hhaley@example.net,others
408,795,kevinsmith@example.net,season
497,481,qmills@example.org,environmental
248,271,umiller@example.net,expect
417,56,reyesgloria@example.com,child
215,116,andreastewart@example.org,laugh
446,29,hollandsteven@example.net,single
283,632,mrobinson@example.com,trade
545,959,stephanie33@example.com,carry
803,256,eleblanc@example.net,large
56,31,kelly99@example.org,still
478,839,teresa88@example.org,avoid
465,687,vvilla@example.org,serious
150,737,andrew28@example.com,speak
561,727,nmiller@example.com,anyone
803,237,davidflores@example.net,throughout
55,805,lisahenson@example.com,property
184,588,williamsjoshua@example.org,wide
179,859,stevenrodriguez@example.com,magazine
895,718,crystallane@example.org,stage
554,641,donnagreen@example.org,factor
143,694,shortashley@example.net,professional
276,348,lamberica@example.com,industry
759,579,sandrasnyder@example.com,price
121,919,conniegordon@example.net,respond
780,246,vmartin@example.org,exactly
364,400,ashleyshepard@example.com,medical
14,257,ldelgado@example.com,third
655,216,donald43@example.org,bill
636,707,samanthaluna@example.org,which
890,391,keithjohnson@example.com,quite
171,325,roymitchell@example.org,hold
875,59,gregorywilliams@example.com,citizen
95,291,renee22@example.net,almost
601,475,fergusonharold@example.com,still
894,674,shannontorres@example.org,letter
364,715,saramitchell@example.net,finally
690,40,hernandezjulie@example.org,both
968,407,johnsonbrandon@example.com,house
817,979,brookepeterson@example.org,onto
393,951,nicholecurry@example.com,again
866,359,tfarrell@example.com,several
94,996,schneiderjohn@example.com,five
934,395,tamara38@example.org,reality
625,511,amanda51@example.com,this
962,38,upeterson@example.net,ever
340,164,woodapril@example.org,dog
406,988,zhernandez@example.org,all
172,993,ystrickland@example.com,baby
355,749,jacobsonrose@example.com,speech
850,791,matthew65@example.com,play
769,824,erin40@example.com,ready
409,404,robinsonalyssa@example.com,describe
491,196,chamilton@example.com,offer
158,82,susan54@example.com,of
707,844,jacobsmatthew@example.org,option
75,686,daniel63@example.net,inside
637,920,rebecca35@example.org,watch
536,52,calvin29@example.org,whose
948,837,johnsonrichard@example.org,necessary
230,859,jenniferknight@example.com,high
843,138,walterlopez@example.org,movement
595,585,jane04@example.net,suddenly
582,301,melaniesmith@example.net,ever
250,962,cwilson@example.org,include
893,615,ericsmith@example.net,want
634,352,brandi08@example.org,language
543,205,alexis33@example.com,main
727,122,mkaiser@example.org,often
275,443,joanchapman@example.com,maybe
283,386,mhoover@example.org,defense
226,751,beckervictoria@example.net,those
862,973,heatherbryan@example.net,enjoy
958,412,michele30@example.org,information
456,341,codymartin@example.net,her
662,330,nicholas74@example.net,same
672,813,llawson@example.com,partner
731,541,elizabethfaulkner@example.com,together
12,767,ashleyjohn@example.org,professional
133,463,nicolegarcia@example.com,former
247,292,qjones@example.net,manage
483,222,ktyler@example.net,themselves
506,405,davisraven@example.net,yes
602,781,wesleyedwards@example.net,her
306,885,valeriedixon@example.net,outside
861,311,christopher72@example.com,boy
529,416,mrocha@example.com,north
176,271,ashley78@example.com,model
901,365,meredith47@example.net,stuff
873,115,dana75@example.com,product
896,339,robertsaaron@example.com,campaign
726,939,rodriguezrebecca@example.net,else
456,696,joshuacarrillo@example.com,national
439,955,kenneth91@example.com,fire
515,999,christinawashington@example.net,voice
860,284,karen40@example.net,full
598,627,brownedward@example.org,bar
603,922,lovekristine@example.org,which
602,939,heather41@example.net,yard
87,909,dixonbenjamin@example.com,TV
725,301,mjames@example.net,couple
13,666,dawsondebra@example.org,meet
954,971,festes@example.org,some
102,264,jodiolsen@example.org,either
897,624,cody04@example.com,marriage
519,404,torrescraig@example.org,safe
321,616,drich@example.net,issue
421,129,hartwilliam@example.org,remain
526,317,williambrown@example.net,traditional
445,463,rhurley@example.com,off
91,269,dgutierrez@example.com,debate
148,978,darrenbarton@example.net,suffer
529,884,eric96@example.net,four
131,728,hmcconnell@example.org,page
215,809,rodriguezmichael@example.com,name
982,767,tinasmith@example.org,two
11,527,allenwatson@example.net,black
635,812,anthony40@example.org,then
678,316,kpope@example.org,century
559,272,valenzuelaphillip@example.net,write
269,71,bdelgado@example.com,also
228,869,johnsontonya@example.com,quite
152,910,zewing@example.org,themselves
981,378,monique81@example.net,forward
607,969,georgeross@example.org,speak
167,467,fulleramanda@example.com,discover
931,267,iwilliams@example.net,win
822,312,vrichardson@example.com,become
9,837,christophermiles@example.org,give
801,38,rkelly@example.com,feel
536,4,rebeccaoliver@example.org,whom
449,230,david10@example.org,experience
834,257,justinedwards@example.com,well
18,370,john57@example.com,range
970,623,dillonschroeder@example.com,style
552,348,jonestammy@example.org,ten
786,346,collinsjames@example.net,seek
793,512,mcintyremax@example.net,of
3,773,delgadosamantha@example.org,expert
353,49,mtaylor@example.net,check
952,757,gregorysmith@example.net,bit
411,92,espence@example.net,approach
345,663,schultzchristopher@example.net,worry
229,198,devin18@example.org,ahead
213,299,mfox@example.org,standard
34,91,georgesmith@example.com,away
814,269,erica52@example.com,product
674,53,duffysteven@example.org,thousand
934,381,susan08@example.org,across
97,950,lopezjerry@example.com,take
787,843,kruiz@example.net,onto
252,566,laura98@example.com,deal
83,346,eobrien@example.org,several
122,883,sararodriguez@example.com,focus
281,514,yhardy@example.net,turn
21,939,sandersaaron@example.com,race
333,130,adkinspamela@example.org,fall
11,735,westeugene@example.net,score
184,602,qsmith@example.net,economic
31,671,egross@example.net,star
715,498,anthonytran@example.net,away
285,43,duncandeborah@example.com,she
296,408,colleen63@example.com,four
306,158,iobrien@example.org,little
974,73,leesara@example.org,thing
624,875,anthony55@example.com,agree
872,264,omartinez@example.org,story
480,428,eortega@example.com,wall
184,15,blevinstimothy@example.org,if
779,793,kaylabrown@example.com,deal
204,824,william01@example.org,interesting
224,201,hsmith@example.org,open
41,615,nicolewoods@example.org,any
16,44,krivas@example.net,cell
918,813,itrevino@example.com,institution
940,742,jeffrey54@example.net,individual
863,668,gerald60@example.com,theory
465,468,jonesgregg@example.org,analysis
102,366,judy97@example.com,race
152,284,marissamills@example.com,far
848,155,nwilliams@example.org,out
503,500,elizabeth67@example.org,on
310,377,dylan52@example.org,think
628,948,andrew68@example.net,modern
802,64,scott55@example.net,by
498,549,bianca03@example.com,production
48,820,stephaniewilliams@example.net,card
453,483,chad47@example.org,air
621,319,rogersmith@example.com,sit
384,44,ygarcia@example.com,protect
515,814,csmith@example.org,staff
635,27,cbrandt@example.com,short
327,356,dhernandez@example.net,serve
961,326,moorepatricia@example.net,each
157,427,christina75@example.net,pattern
908,189,patrick85@example.org,source
879,506,hendricksstacy@example.net,act
269,167,michele24@example.com,job
748,823,joshua50@example.com,foreign
913,550,christineguerra@example.com,difficult
621,764,briannaarias@example.org,behind
232,773,keith76@example.org,pay
982,28,rodney15@example.org,only
97,833,jacob75@example.com,tough
766,4,barbaraedwards@example.com,decade
339,783,thomasjoseph@example.com,win
970,874,davidlittle@example.org,both
567,930,zcruz@example.com,simple
183,64,marisa42@example.com,view
571,132,ujones@example.org,happy
49,893,robert68@example.com,begin
778,348,reginawilliams@example.org,unit
865,180,anthony37@example.com,present
598,518,boydmichael@example.net,detail
629,73,collinspatricia@example.com,old
555,609,clarkjamie@example.org,sing
570,433,jacksonjeremy@example.com,maybe
756,787,joelreed@example.net,whether
205,430,ruthford@example.net,economic
112,5,brandonmyers@example.net,parent
568,621,carteralejandra@example.com,different
933,760,jonathanbarton@example.org,possible
146,159,qkent@example.net,model
728,734,smithsusan@example.com,main
593,481,jennifer21@example.com,challenge
727,616,brandonramirez@example.org,although
442,815,david67@example.net,certain
13,532,sbooker@example.org,try
814,167,operez@example.com,technology
241,959,victoria38@example.org,but
60,436,alangarcia@example.net,need
13,1000,josepholson@example.net,manage
957,410,mbanks@example.org,several
101,856,ffloyd@example.net,bed
749,350,thompsontheresa@example.org,war
351,426,gshepherd@example.com,around
793,877,brianburnett@example.org,but
12,331,yalexander@example.org,cover
154,788,tararogers@example.com,question
612,984,katiemercer@example.com,morning
939,348,lyonsjuan@example.org,order
531,378,yatkinson@example.com,strategy
404,196,jeffrey55@example.com,door
562,487,teresaanderson@example.org,wind
388,374,debrahale@example.net,hair
583,579,harrisbrian@example.org,western
464,882,michael78@example.org,reach
845,603,josephmiller@example.net,science
41,473,olivermaria@example.net,move
623,626,josephyoder@example.org,inside
139,439,josephwade@example.org,parent
611,689,markpatterson@example.net,chair
796,402,owebb@example.com,unit
623,541,angela36@example.com,fill
7,207,kwelch@example.org,central
931,803,xhouston@example.net,open
135,796,melaniewright@example.net,dream
694,431,sfrench@example.com,officer
917,206,amy82@example.net,summer
306,744,jesseguerrero@example.com,explain
783,719,rose63@example.org,nearly
613,564,kparsons@example.com,other
680,23,michele32@example.net,will
319,459,bgardner@example.net,win
160,847,acortez@example.net,establish
123,413,chadjohnson@example.net,cut
171,174,lisarodriguez@example.org,choice
225,188,bryandavis@example.net,responsibility
497,83,sroberts@example.net,own
960,890,lisawilcox@example.org,college
389,107,sherri76@example.net,focus
795,800,ambermiller@example.com,that
654,16,rebecca23@example.net,consumer
222,805,baileykarl@example.net,wish
308,204,woodsemily@example.org,us
129,266,hyoung@example.com,officer
155,568,kgarrett@example.org,authority
355,683,rogersstephen@example.com,smile
222,373,ethan50@example.net,deal
701,990,ashort@example.com,scientist
84,881,andrew99@example.org,follow
386,988,joserodriguez@example.org,team
652,940,flemingmegan@example.net,country
65,579,austinvillegas@example.net,several
108,368,hyu@example.org,movie
7,320,anthony16@example.com,fly
96,268,irivera@example.net,to
126,285,scontreras@example.net,toward
476,819,pierceandrew@example.com,free
537,178,claudia98@example.com,individual
174,642,deanbrenda@example.com,compare
84,702,michaelwashington@example.net,see
906,652,wrightdaniel@example.com,case
678,110,escott@example.com,cut
511,741,stephaniebonilla@example.net,degree
148,857,blopez@example.org,why
887,626,danielsjessica@example.org,spend
216,181,alyssadouglas@example.net,attack
520,977,ylee@example.com,record
769,99,ray15@example.com,suddenly
316,418,tiffanyjohnson@example.org,source
304,715,yjones@example.com,various
253,257,rodney53@example.net,they
740,417,jennifermurray@example.org,consumer
415,133,angelarichardson@example.net,government
357,803,davidho@example.org,against
575,976,william95@example.net,election
216,560,christopher49@example.com,cover
354,880,danielhayes@example.com,after
437,161,smithtyler@example.org,indicate
668,910,shaffersara@example.net,safe
715,268,lori39@example.com,whose
341,728,jwarner@example.org,raise
733,88,coryhopkins@example.net,it
199,107,mmonroe@example.org,common
195,195,waltersbrooke@example.com,crime
894,618,henry73@example.com,boy
317,287,dawn17@example.net,fear
548,473,christopherblackwell@example.net,value
102,810,ryanhicks@example.org,party
78,187,zreese@example.org,young
22,673,vvasquez@example.net,apply
386,263,rhogan@example.net,effort
316,870,cooktonya@example.net,movement
76,558,nharris@example.com,detail
926,692,psmith@example.com,professor
469,576,fryjesus@example.net,hundred
880,119,egriffith@example.com,media
38,834,gtran@example.org,real
6,850,latasha97@example.net,song
77,5,ggarza@example.org,management
265,693,nicole45@example.org,writer
245,364,jamesestrada@example.org,generation
973,306,bwilliams@example.net,along
151,908,hamptonadam@example.net,station
809,653,danderson@example.org,too
244,781,emmamoore@example.org,decade
282,385,coreyfloyd@example.com,medical
597,990,mitchelljacqueline@example.net,enter
140,357,samuelreeves@example.net,suggest
131,148,rodriguezedward@example.com,mention
85,758,moranjames@example.net,beyond
16,854,dperez@example.net,information
159,270,garyjohnson@example.net,technology
155,150,anna92@example.org,collection
255,345,mooreamber@example.net,any
340,246,lisa26@example.org,recent
187,725,burgessnatalie@example.org,bag
843,731,lauriemurphy@example.org,positive
373,554,jacksonholly@example.com,over
757,268,martinezchristopher@example.com,skill
10,713,jonathan95@example.net,avoid
863,200,kayla15@example.net,keep
423,554,smithstephanie@example.net,push
484,68,peterstevens@example.net,easy
953,420,wdunlap@example.org,forward
289,843,melissabraun@example.org,address
173,476,rtorres@example.com,pull
267,366,ronaldyoung@example.org,good
525,644,ahayes@example.com,social
817,583,jo70@example.org,actually
623,360,woodchristopher@example.net,produce
61,915,steinmichael@example.com,either
924,882,hamiltonrachel@example.com,fund
66,857,bwalker@example.org,number
640,986,gonzalezdave@example.com,star
510,646,briannastephens@example.com,measure
869,989,perkinskathleen@example.org,suddenly
956,483,jcrawford@example.net,create
346,187,christine31@example.org,source
353,894,xfoster@example.org,important
10,255,gregory19@example.com,black
931,194,debbie89@example.net,report
720,347,williamjohnson@example.com,benefit
914,683,cohenerika@example.net,consider
973,502,nicole24@example.org,instead
723,726,lisastokes@example.org,all
59,830,pam42@example.org,music
886,765,brandonrivera@example.net,me
754,212,alopez@example.org,fine
278,117,amywest@example.com,level
442,281,amanda81@example.org,hospital
575,292,pbray@example.com,plant
129,315,fknapp@example.net,really
79,238,fwood@example.org,produce
76,327,leachlee@example.net,increase
198,933,iwhite@example.org,these
61,168,huntdavid@example.com,we
462,648,howardhannah@example.com,technology
409,270,nicole41@example.net,cover
127,468,coltongibbs@example.org,start
745,796,bryan@example.org,activity
392,999,paulmccarty@example.net,outside
772,106,changmichael@example.org,tonight
12,286,johnsonbrenda@example.org,benefit
308,926,jennifer08@example.net,Mr
807,761,hglover@example.net,admit
189,49,lorettajohnson@example.net,yes
674,773,donnadavis@example.net,nearly
56,618,conwaychristine@example.com,rate
607,934,rebeccaking@example.net,wide
452,536,gregory79@example.com,place
313,524,whiterick@example.org,market
56,339,ramseychelsea@example.com,worry
671,580,kennethramirez@example.org,phone
1,908,rodneysaunders@example.com,floor
657,617,nstanley@example.org,run
666,287,heather70@example.org,score
814,705,jweaver@example.com,future
705,337,katelynscott@example.org,contain
449,724,cameron54@example.net,make
453,79,william97@example.net,peace
964,747,spencerjoseph@example.org,speech
806,33,moorepaul@example.org,industry
553,74,prattjason@example.org,film
515,439,pattycastillo@example.net,determine
16,513,taylortracey@example.net,can
29,758,douglaswilliams@example.org,card
661,779,beckyday@example.com,chance
630,791,jhawkins@example.org,cup
672,31,gsimpson@example.com,enjoy
820,367,xgreen@example.net,sport
356,571,john46@example.net,realize
960,867,erin02@example.com,than
47,638,tonya44@example.net,technology
718,675,philiprodriguez@example.org,per
632,33,ftorres@example.com,majority
974,794,elopez@example.net,fill
684,227,lindseyjacob@example.com,central
643,459,pgeorge@example.org,activity
66,442,crichmond@example.com,share
967,942,summersdakota@example.net,already
733,686,jennifer66@example.org,event
344,119,palmeremily@example.org,our
840,711,cthompson@example.net,join
717,46,ryan13@example.com,data
838,137,juliemiller@example.net,reason
552,269,brandygordon@example.net,space
913,57,joannbryant@example.com,minute
290,463,patelbrian@example.org,market
678,515,matthewsgregory@example.org,nature
403,303,zgrant@example.org,might
364,625,phillip11@example.com,last
722,561,tiffanygross@example.org,stuff
73,682,melvin42@example.org,guess
447,780,marilyn68@example.net,anyone
426,158,curtis93@example.net,sort
649,743,rhonda91@example.org,society
490,888,reneetodd@example.org,after
697,335,markbowers@example.net,force
846,447,nbaker@example.net,he
732,171,dana13@example.com,human
272,857,wyattkylie@example.net,majority
767,846,jennifer27@example.com,full
893,358,marcia42@example.net,process
404,240,brandonmelendez@example.com,safe
553,576,isantos@example.net,view
565,667,kimberly12@example.net,accept
46,675,kristenhernandez@example.com,direction
821,860,veronicavalentine@example.org,wait
942,154,ramirezrobert@example.com,effect
260,587,mirandafarmer@example.net,operation
415,369,gcabrera@example.net,voice
698,749,elynch@example.com,drug
241,425,nicolemcguire@example.org,enjoy
25,140,ymartin@example.com,color
500,303,carterjames@example.com,support
71,506,mannandrew@example.net,newspaper
713,493,hamptonmaria@example.org,trip
655,870,brendamoore@example.net,care
809,31,morrismatthew@example.com,water
559,699,ajohnson@example.net,administration
264,549,harrisdale@example.com,town
255,45,smithjason@example.com,sound
531,263,armstrongjason@example.com,rest
891,488,susanmunoz@example.net,despite
41,100,brockgina@example.com,expect
551,528,fwhite@example.org,say
374,65,rgutierrez@example.com,camera
439,100,jlawson@example.com,world
919,953,andersongrace@example.com,item
624,188,uhuffman@example.net,other
934,948,ibryant@example.net,second
838,735,craig92@example.net,fight
640,625,harrisdestiny@example.org,simply
726,930,rogersangela@example.com,business
98,142,wlee@example.net,chair
350,96,mccarthysteven@example.net,deal
98,458,erica55@example.net,energy
602,414,saundersmicheal@example.net,sign
945,12,joshuasandoval@example.org,open
739,9,martinezlisa@example.org,day
623,182,ogordon@example.org,president
427,376,dlambert@example.com,they
515,249,jbishop@example.org,speak
925,296,michaelcaldwell@example.net,face
289,10,mortonjessica@example.net,long
653,72,jason41@example.org,movement
190,306,maria74@example.org,continue
234,942,kennethstewart@example.com,away
60,953,david23@example.net,possible
863,27,joshuabyrd@example.com,box
143,237,hharper@example.com,water
623,739,millercole@example.org,source
486,188,wphillips@example.com,million
395,485,alexanderallison@example.net,economic
125,996,danielle03@example.com,already
14,254,iowens@example.org,begin
501,873,markdennis@example.org,save
175,659,stephen81@example.org,college
939,679,ehubbard@example.com,enter
60,934,kristenmercer@example.net,about
460,206,xwright@example.net,present
736,615,barneswesley@example.com,join
560,534,michaelnguyen@example.net,approach
33,43,shansen@example.org,yes
779,137,smithscott@example.net,become
168,547,lindseybenjamin@example.com,I
741,664,reginaldstephens@example.org,leader
557,385,dawn59@example.org,wrong
320,909,jenna62@example.org,situation
934,769,john29@example.org,key
239,186,chaveztravis@example.net,Mr
370,229,stephanie36@example.org,opportunity
432,512,daniel15@example.net,thing
246,581,carriemathews@example.org,property
544,905,marissa38@example.net,special
811,356,nathannixon@example.com,table
319,457,evillarreal@example.com,fly
60,735,mollyparker@example.org,service
716,263,melissa59@example.org,because
226,342,emily88@example.com,girl
926,904,arnoldwesley@example.com,see
968,347,ofleming@example.com,term
916,109,jenny33@example.org,feeling
491,486,cliffordburton@example.net,parent
899,384,smithemily@example.com,group
204,564,valerie77@example.net,bill
110,841,rodneyheath@example.net,tell
29,147,wmccormick@example.net,easy
733,430,zhubbard@example.net,tax
240,968,rperez@example.net,remain
149,476,barbaraharris@example.com,father
932,842,ftaylor@example.net,decade
820,304,josephjohnson@example.org,week
418,631,derek63@example.net,listen
276,882,davidwalker@example.com,threat
495,206,snydertammy@example.org,difficult
267,571,ocastaneda@example.net,money
453,320,nicholasscott@example.com,difference
719,919,crystalhill@example.com,commercial
828,949,shannoncampbell@example.com,property
317,570,ambermora@example.net,take
590,763,yingram@example.net,would
789,763,robert04@example.org,prevent
897,511,ulambert@example.net,other
222,573,tara47@example.com,wrong
140,987,thompsonanita@example.com,medical
202,99,sbarrett@example.com,own
514,988,whitelarry@example.org,crime
32,748,butlermatthew@example.net,her
124,663,jeff00@example.net,mind
195,342,lindsaymiller@example.org,country
970,709,walkertiffany@example.com,travel
