1422,87,833,357,null
2691,617,473,110,null
3048,943,560,442,null
859,222,824,53,null
1706,177,529,978,null
145,885,807,79,null
1655,409,952,848,null
1817,74,190,154,null
2603,902,393,385,null
893,47,566,184,null
2268,572,226,888,null
1447,655,277,811,null
1294,403,335,805,null
2803,927,848,772,null
235,171,644,993,null
1382,903,82,616,null
1592,480,333,929,null
1773,474,889,860,null
1703,980,927,431,null
2199,467,502,471,null
482,315,688,90,null
1080,764,996,487,null
483,971,660,427,null
1622,127,968,160,null
1378,342,524,240,null
2012,218,35,760,null
250,559,984,39,null
711,57,870,72,null
2080,525,419,916,null
2285,243,844,477,null
74,984,894,267,null
439,301,891,407,null
2993,32,250,138,null
538,32,267,203,null
2586,923,63,209,null
3103,509,438,223,null
1528,638,581,919,null
2973,535,190,486,null
667,779,351,856,null
2235,668,89,649,null
412,933,250,716,null
466,753,528,449,null
3121,245,211,281,null
1363,867,398,85,null
1511,922,131,771,null
1435,42,531,472,null
1224,386,146,744,null
2796,432,532,82,null
1987,151,329,440,null
786,276,764,670,null
1926,933,537,518,null
1047,993,957,499,null
1891,488,746,168,null
2587,183,514,485,null
486,571,549,600,null
1088,86,561,796,null
747,782,833,617,null
458,702,712,143,null
1989,93,695,871,null
1888,181,510,33,null
2619,829,736,692,null
1508,943,300,382,null
1609,799,338,434,null
169,424,19,951,null
2408,93,29,198,null
3081,645,958,861,null
2727,293,336,506,null
475,738,75,398,null
2662,663,398,751,null
705,527,690,655,null
365,892,241,611,null
2105,65,154,768,null
1097,69,778,436,null
1292,482,911,367,null
985,443,270,135,null
2915,913,782,140,null
1227,491,593,795,null
2051,906,874,122,null
156,190,532,3,null
602,997,761,337,null
1335,368,787,659,null
2607,990,926,999,null
2058,30,796,480,null
1335,145,232,152,null
1067,459,544,188,null
1089,68,359,954,null
1091,678,898,714,null
424,296,697,857,null
181,680,630,746,null
2775,560,495,798,null
175,871,813,806,null
1937,288,754,103,null
33,934,903,232,null
579,880,682,923,null
612,534,214,923,null
2920,696,988,528,null
2085,543,882,26,null
2242,12,311,341,null
125,343,405,58,null
2038,906,223,831,null
337,950,243,267,null
2273,239,24,428,null
2447,453,341,968,null
2443,530,917,425,null
1528,257,281,917,null
2640,36,609,440,null
68,622,616,948,null
1404,951,800,876,null
2072,661,715,855,null
2705,440,712,125,null
2813,828,494,131,null
1263,40,301,983,null
1780,759,335,832,null
391,799,484,933,null
843,285,576,562,null
3063,835,934,907,null
1585,538,808,478,null
782,523,86,638,null
1876,465,119,410,null
15,432,626,572,null
1933,539,72,943,null
2234,482,677,811,null
1431,478,933,866,null
956,810,284,419,null
3113,150,463,502,null
2739,344,112,562,null
2539,184,337,868,null
3175,521,328,313,null
2074,790,328,247,null
2399,123,916,684,null
2368,47,445,47,null
775,321,894,504,null
1521,613,760,788,null
1029,295,744,290,null
2112,88,402,118,null
2746,477,81,543,null
3049,630,237,516,null
764,456,123,499,null
2278,688,148,105,null
1002,351,372,496,null
2372,105,341,209,null
272,620,85,182,null
146,613,828,769,null
3152,939,151,523,null
972,621,551,320,null
3092,762,225,599,null
2938,268,268,239,null
2652,982,768,21,null
2449,647,792,155,null
3123,197,88,362,null
1040,205,257,986,null
1067,153,874,720,null
2120,288,97,335,null
303,226,811,312,null
2666,340,80,213,null
140,134,979,734,null
2691,670,571,997,null
1871,257,259,663,null
3025,615,273,409,null
752,504,435,83,null
1828,405,644,271,null
3173,508,460,928,null
2636,92,492,779,null
1195,940,26,726,null
2953,737,41,625,null
1901,972,606,946,null
2722,839,123,960,null
1642,33,88,231,null
19,914,444,940,null
1124,441,400,727,null
2834,628,743,127,null
195,165,684,918,null
1952,78,922,522,null
2655,828,718,668,null
755,586,393,236,null
398,790,297,42,null
2422,86,86,117,null
2748,971,36,532,null
1961,672,447,208,null
2156,887,914,160,null
1498,72,51,175,null
683,645,243,604,null
2773,544,671,903,null
1462,105,524,505,null
523,975,330,806,null
2362,764,569,241,null
1186,68,467,477,null
1638,864,427,865,null
2857,668,667,238,null
1131,729,32,734,null
973,354,658,541,null
2771,940,702,607,null
2151,439,826,520,null
241,606,859,722,null
2188,9,172,81,null
2308,303,793,131,null
296,50,928,900,null
2205,333,416,60,null
3073,192,85,864,null
1766,686,352,165,null
1977,274,490,242,null
2205,660,86,963,null
822,700,217,777,null
1485,153,796,878,null
2480,19,744,762,null
1605,678,164,562,null
1294,782,126,477,null
2167,187,154,804,null
1921,961,231,4,null
1432,484,545,341,null
2436,246,488,170,null
2837,16,497,47,null
825,852,620,72,null
1792,981,352,128,null
1789,692,573,569,null
1643,884,897,148,null
2343,711,371,894,null
549,384,422,525,null
733,951,277,537,null
386,626,784,72,null
2605,79,242,392,null
463,253,841,450,null
109,454,834,92,null
335,448,498,476,null
2047,919,780,629,null
2239,736,458,460,null
1428,260,387,813,null
3132,605,853,55,null
2114,849,307,96,null
2067,404,549,686,null
1838,502,968,743,null
2056,448,546,745,null
2781,850,238,304,null
896,774,545,524,null
1198,971,802,379,null
1838,607,777,224,null
892,508,717,737,null
953,218,108,152,null
2554,140,750,542,null
1243,644,770,927,null
2849,52,418,37,null
2407,292,907,312,null
660,318,974,174,null
1280,359,499,967,null
858,521,720,335,null
2896,618,380,214,null
2939,372,793,837,null
2429,959,368,643,null
1325,720,52,681,null
2758,483,454,782,null
716,730,512,495,null
1912,254,705,266,null
2872,273,469,719,null
1739,335,638,726,null
1317,480,737,233,null
1381,688,153,798,null
2427,89,367,446,null
2878,605,318,570,null
967,375,869,604,null
247,845,304,890,null
284,394,985,270,null
1897,200,70,538,null
2609,814,138,424,null
1031,566,639,450,null
2677,456,182,862,null
2767,94,732,29,null
1260,871,817,688,null
14,435,156,560,null
2429,594,592,629,null
2725,655,432,983,null
3037,463,258,764,null
2272,855,38,225,null
1682,190,440,982,null
833,951,940,374,null
810,658,443,271,null
1582,829,42,91,null
2236,717,436,909,null
588,227,617,299,null
238,757,56,833,null
2890,548,855,96,null
888,553,782,152,null
2430,693,276,76,null
2692,543,541,862,null
605,934,165,469,null
196,533,388,220,null
1929,158,464,857,null
355,446,434,464,null
936,686,662,406,null
99,205,924,229,null
1570,409,647,844,null
1199,300,764,679,null
933,458,950,988,null
2100,433,615,302,null
1563,264,155,257,null
321,789,672,142,null
1279,995,993,376,null
94,444,709,274,null
507,843,58,683,null
2224,564,711,859,null
2693,332,37,195,null
1903,723,536,407,null
1771,955,987,889,null
2947,878,296,595,null
2669,183,935,190,null
2237,851,210,816,null
1195,832,451,296,null
1739,974,820,749,null
2312,812,603,236,null
2270,622,504,336,null
1157,353,279,451,null
1762,937,970,691,null
1142,70,784,650,null
864,916,97,995,null
1935,150,339,966,null
1488,406,304,838,null
865,623,246,771,null
774,690,488,280,null
2407,859,692,26,null
2645,884,119,829,null
2914,500,297,655,null
1053,481,715,819,null
1153,884,605,151,null
2945,783,812,657,null
2561,997,738,482,null
2672,983,591,625,null
1731,744,950,696,null
1142,253,431,613,null
438,808,214,117,null
1067,991,358,310,null
1755,2,241,651,null
1966,104,987,969,null
2351,565,382,686,null
1157,84,311,785,null
3025,141,820,485,null
2641,915,317,434,null
82,15,879,407,null
2259,219,390,969,null
3143,806,548,492,null
1710,184,589,142,null
1635,484,733,461,null
472,486,124,65,null
2482,342,306,812,null
1882,236,163,851,null
2939,445,552,235,null
2266,15,340,817,null
2140,491,461,461,null
199,460,251,663,null
1854,669,133,671,null
2639,288,346,919,null
1133,23,975,873,null
2358,771,339,927,null
2250,594,140,781,null
1857,236,385,974,null
637,309,434,692,null
174,857,433,762,null
2386,448,402,707,null
2187,687,156,51,null
740,938,977,468,null
277,464,742,513,null
125,63,810,992,null
2401,859,497,971,null
2705,48,591,320,null
1505,429,66,419,null
3173,247,296,569,null
2523,602,103,606,null
734,492,557,58,null
2841,805,563,568,null
2395,122,573,679,null
1952,942,360,382,null
2766,282,155,272,null
763,586,352,566,null
2876,365,334,7,null
328,980,35,229,null
410,154,548,497,null
2748,294,326,482,null
1911,107,41,626,null
549,319,656,784,null
1707,215,141,544,null
2093,135,774,70,null
1296,825,139,103,null
3102,205,989,883,null
285,869,386,876,null
775,27,505,29,null
1725,396,253,430,null
112,515,780,303,null
1026,800,195,869,null
207,679,831,756,null
2917,8,116,306,null
2655,439,128,654,null
2979,96,220,236,null
487,698,158,53,null
617,419,157,573,null
208,200,363,250,null
2527,605,830,839,null
2501,489,55,135,null
350,28,576,495,null
1970,910,103,535,null
2806,339,25,732,null
2173,465,65,98,null
850,64,39,575,null
136,1,417,948,null
1249,746,975,153,null
155,146,426,399,null
2438,601,897,62,null
2212,686,112,886,null
1202,781,708,495,null
1689,775,66,359,null
2437,899,84,842,null
2449,995,977,962,null
232,74,167,859,null
999,444,269,327,null
199,373,943,838,null
2460,345,654,124,null
673,557,530,325,null
610,192,225,345,null
1086,259,188,264,null
1001,934,572,503,null
2377,888,499,972,null
2492,525,756,45,null
1718,128,519,983,null
2169,677,961,740,null
519,876,387,190,null
1488,389,209,460,null
687,754,130,800,null
2753,73,140,814,null
63,117,807,736,null
2668,3,748,380,null
434,841,372,754,null
733,943,745,782,null
1334,324,372,936,null
2194,875,596,892,null
1616,36,693,824,null
2890,986,986,490,null
1437,166,651,5,null
1391,837,518,960,null
1717,500,790,533,null
2024,368,536,746,null
1408,730,467,828,null
613,992,198,119,null
1718,125,489,741,null
187,354,447,520,null
448,193,804,125,null
2544,86,79,164,null
184,43,446,638,null
2132,456,274,288,null
1836,615,991,413,null
2309,192,20,842,null
2747,492,953,57,null
3166,845,297,669,null
2205,17,988,729,null
1391,521,857,843,null
1257,815,320,839,null
2854,51,966,93,null
114,826,504,647,null
1549,346,678,820,null
2288,195,31,193,null
3062,859,316,905,null
2793,844,554,161,null
1407,495,406,985,null
1419,564,321,129,null
718,253,489,571,null
379,427,806,281,null
1158,343,573,546,null
2144,436,1000,886,null
736,486,398,99,null
1689,228,894,699,null
625,108,245,302,null
2378,727,712,939,null
2086,393,185,45,null
303,825,545,193,null
2283,87,501,347,null
181,207,491,365,null
1258,793,46,540,null
1817,510,136,18,null
2288,103,81,940,null
1484,15,269,576,null
926,884,729,792,null
209,767,877,485,null
884,418,68,92,null
2508,874,137,727,null
1806,954,3,793,null
2318,963,533,256,null
1722,532,859,824,null
721,77,719,491,null
2774,256,389,821,null
1812,185,806,846,null
1059,7,418,518,null
1252,610,947,808,null
1940,6,3,681,null
75,51,977,993,null
149,950,439,261,null
2645,850,460,777,null
2106,722,539,696,null
531,167,427,379,null
3121,182,592,694,null
3028,675,113,204,null
2491,789,428,405,null
28,844,19,806,null
52,991,353,59,null
2738,680,455,230,null
2911,553,429,727,null
2110,398,735,120,null
2128,538,632,455,null
3026,594,343,611,null
2734,552,505,175,null
1941,245,176,666,null
2427,122,446,33,null
2768,346,270,19,null
3160,326,201,176,null
904,210,330,753,null
189,773,714,908,null
203,951,976,317,null
1221,504,38,103,null
3044,764,108,249,null
1883,809,95,272,null
2175,90,867,279,null
2218,937,818,707,null
771,836,955,96,null
1413,698,874,815,null
34,529,254,503,null
11,164,956,702,null
1052,784,385,927,null
2146,137,261,104,null
1078,888,479,577,null
2894,357,443,315,null
1656,271,53,373,null
1703,179,289,305,null
1947,106,571,298,null
1130,654,726,314,null
837,796,585,792,null
632,229,581,424,null
608,517,567,313,null
2472,535,660,699,null
2750,288,199,174,null
2116,464,713,645,null
1476,923,614,573,null
347,97,265,503,null
651,600,412,176,null
2382,235,829,587,null
1683,836,204,689,null
911,231,451,540,null
874,393,897,302,null
2248,422,501,485,null
1646,67,539,48,null
1530,430,551,200,null
26,999,650,869,null
1278,313,626,893,null
834,28,671,893,null
170,141,506,330,null
2987,855,111,597,null
2219,557,778,331,null
2866,452,88,680,null
2780,350,153,595,null
2421,654,45,502,null
2769,149,784,519,null
2984,546,697,986,null
145,847,247,996,null
699,579,725,304,null
2302,681,617,97,null
661,326,45,566,null
492,661,165,533,null
1061,303,89,833,null
2169,385,80,197,null
1324,929,588,216,null
2575,900,632,467,null
2104,336,43,305,null
783,937,400,808,null
361,400,600,710,null
863,151,721,590,null
655,431,884,393,null
1150,97,446,667,null
77,705,636,797,null
2467,285,80,108,null
2114,371,685,991,null
476,366,543,234,null
2167,8,191,894,null
2015,989,303,315,null
632,559,703,266,null
1801,417,699,943,null
929,361,521,470,null
3137,793,544,175,null
1702,86,794,609,null
2676,597,253,736,null
3088,268,487,483,null
83,643,24,654,null
2464,585,442,848,null
1197,663,403,70,null
98,125,258,460,null
12,120,382,793,null
274,750,537,559,null
64,98,500,167,null
1572,128,569,919,null
661,585,82,434,null
1307,474,548,780,null
1970,82,315,764,null
1724,859,962,488,null
1773,597,971,209,null
2424,624,978,691,null
2355,580,775,553,null
2039,798,348,182,null
2267,903,630,355,null
762,803,17,190,null
1235,936,912,250,null
1225,623,210,930,null
2059,386,790,176,null
1592,67,333,393,null
3152,824,63,299,null
2236,346,943,112,null
3073,748,830,919,null
421,327,248,904,null
158,875,521,470,null
2895,108,814,910,null
1582,721,196,862,null
2295,966,827,231,null
3076,428,837,358,null
1166,104,752,400,null
95,894,582,635,null
2351,73,844,687,null
1855,580,780,145,null
724,124,25,107,null
627,603,602,490,null
1834,793,958,886,null
1808,784,899,205,null
1258,651,66,386,null
1055,867,131,845,null
979,510,813,451,null
2236,431,438,985,null
1656,877,179,152,null
1813,137,166,146,null
1172,741,267,280,null
1236,839,37,690,null
2568,143,492,802,null
209,437,124,681,null
348,869,642,381,null
376,36,240,311,null
452,503,823,374,null
3167,610,462,45,null
2150,579,786,670,null
76,520,336,748,null
1083,151,237,735,null
3018,837,72,381,null
985,585,472,166,null
38,749,489,478,null
1486,489,292,16,null
2719,63,844,292,null
774,841,545,114,null
408,192,93,739,null
1226,287,607,235,null
875,971,864,126,null
1349,487,825,183,null
1545,671,822,689,null
332,29,589,110,null
675,256,554,840,null
2099,810,231,797,null
35,21,821,754,null
389,570,365,514,null
843,337,143,459,null
1884,289,888,911,null
1698,483,81,854,null
2005,558,222,995,null
396,850,859,587,null
2171,767,590,905,null
1782,834,49,145,null
586,502,290,170,null
1360,310,380,394,null
2635,166,586,553,null
20,296,739,963,null
1071,992,870,493,null
1502,423,220,156,null
1012,577,358,901,null
1610,578,107,198,null
1398,919,683,660,null
1074,778,991,442,null
1329,733,438,835,null
1919,958,135,688,null
2326,972,360,929,null
1732,94,853,452,null
2988,765,262,933,null
354,805,930,366,null
521,473,450,752,null
158,335,5,949,null
2805,883,175,832,null
1038,472,999,519,null
3070,115,996,453,null
2780,239,598,132,null
336,69,484,137,null
526,797,567,216,null
503,891,319,992,null
1201,682,342,560,null
215,345,449,5,null
2657,312,946,963,null
3105,45,49,248,null
1817,453,890,351,null
1397,774,144,894,null
1998,58,259,936,null
2688,543,761,212,null
2562,21,944,75,null
2987,565,66,187,null
1926,887,91,760,null
1048,43,217,207,null
335,251,424,651,null
568,41,781,310,null
1208,286,105,447,null
865,934,41,872,null
702,338,517,424,null
287,37,871,374,null
1855,825,873,958,null
1335,299,318,357,null
1437,108,544,413,null
774,575,6,692,null
1439,281,651,7,null
3074,228,603,228,null
674,808,862,569,null
1223,292,480,483,null
3056,258,737,317,null
3114,227,750,589,null
1180,371,98,106,null
2180,264,798,346,null
2462,12,590,478,null
1103,192,168,200,null
3012,958,718,567,null
1753,511,802,777,null
2894,601,192,250,null
1206,49,223,988,null
131,474,566,332,null
94,63,336,267,null
2669,846,879,736,null
2865,453,734,8,null
2599,277,23,237,null
1943,926,900,723,null
2575,285,137,254,null
545,541,388,636,null
2529,116,674,418,null
175,157,752,466,null
305,171,97,444,null
1108,858,447,901,null
3123,839,675,460,null
2137,422,602,791,null
229,84,432,268,null
1670,498,620,781,null
548,679,672,974,null
1473,938,397,71,null
2474,974,359,56,null
2951,182,462,642,null
55,170,80,509,null
1476,482,278,462,null
2939,435,722,913,null
1500,290,692,6,null
407,848,747,375,null
2532,175,987,602,null
1497,517,844,273,null
516,908,715,363,null
2225,606,543,172,null
1395,464,958,990,null
2254,202,199,952,null
2312,57,227,274,null
544,560,710,411,null
2073,704,380,942,null
2688,886,176,706,null
2764,358,56,111,null
2440,28,457,826,null
2004,401,218,980,null
732,407,700,637,null
1171,125,259,228,null
1218,693,284,633,null
2839,147,273,97,null
1066,763,431,894,null
275,250,688,646,null
1985,546,208,308,null
668,872,219,937,null
2974,342,201,438,null
2388,351,245,375,null
2045,722,939,445,null
2717,258,723,780,null
2860,884,650,246,null
2713,211,481,686,null
1153,34,594,612,null
2504,152,478,503,null
136,961,550,223,null
2064,174,183,524,null
1273,669,275,804,null
1617,656,922,486,null
2987,806,88,852,null
173,195,692,476,null
2953,140,997,76,null
807,881,111,638,null
272,174,787,319,null
2499,168,951,860,null
2466,841,221,774,null
2501,584,316,654,null
1514,188,101,250,null
581,947,395,423,null
1800,143,580,137,null
3168,161,295,92,null
2824,335,409,642,null
1586,515,819,457,null
1063,214,959,65,null
1649,429,472,670,null
1321,555,587,817,null
1650,492,844,784,null
892,640,130,745,null
2223,877,435,435,null
2377,567,983,131,null
1304,580,563,102,null
53,471,59,31,null
2590,929,254,992,null
2881,787,351,101,null
2005,63,151,163,null
557,778,202,827,null
2411,865,949,890,null
1600,836,991,672,null
2226,565,186,722,null
3051,684,142,119,null
1453,784,830,330,null
897,139,523,85,null
166,837,469,387,null
138,415,847,584,null
2411,455,555,108,null
1916,675,738,917,null
1719,660,971,35,null
385,393,919,816,null
2395,149,364,261,null
2364,590,218,648,null
1649,512,778,780,null
2403,209,106,872,null
543,668,74,139,null
1552,834,1000,260,null
1411,154,358,850,null
2770,225,236,229,null
992,442,253,723,null
2217,681,887,996,null
137,657,923,186,null
2201,547,468,710,null
1899,225,978,750,null
1492,476,326,244,null
250,754,771,118,null
1392,159,143,192,null
1834,353,678,223,null
1724,826,756,909,null
3071,285,860,355,null
2608,380,313,671,null
980,929,716,438,null
1482,350,19,806,null
2932,319,502,117,null
2315,487,227,192,null
2312,1,340,831,null
652,348,59,320,null
471,496,637,193,null
884,472,249,159,null
102,860,631,172,null
1354,490,422,449,null
652,807,616,515,null
2161,728,814,99,null
1183,798,428,843,null
222,582,930,545,null
2282,163,105,227,null
2304,428,209,612,null
1478,765,39,904,null
1036,184,141,213,null
155,909,754,613,null
3119,250,610,38,null
2586,431,821,47,null
203,889,365,989,null
1260,758,788,767,null
1853,408,729,873,null
1157,434,590,184,null
135,542,374,880,null
2866,264,755,759,null
1277,138,622,957,null
2569,41,937,851,null
252,248,881,350,null
3091,486,840,674,null
1462,256,106,755,null
764,887,567,770,null
2757,569,40,429,null
1554,445,251,599,null
2457,354,423,717,null
1850,633,86,254,null
2152,854,990,710,null
1842,636,720,580,null
2675,355,428,449,null
22,43,569,255,null
2018,44,314,129,null
2756,17,174,373,null
179,989,799,957,null
1285,89,697,545,null
611,285,182,878,null
752,839,708,258,null
2088,899,305,975,null
2071,176,777,322,null
951,600,455,915,null
2756,122,154,627,null
631,990,583,495,null
807,654,543,901,null
622,93,963,86,null
601,66,164,322,null
73,769,31,7,null
938,365,192,470,null
2476,277,517,382,null
571,10,734,19,null
1028,406,853,141,null
2921,910,662,101,null
3009,653,639,85,null
2615,470,768,279,null
1310,890,301,566,null
1566,642,314,501,null
80,832,572,43,null
2543,27,941,810,null
943,455,731,861,null
1319,923,398,32,null
1623,374,967,453,null
2689,809,132,87,null
1490,118,142,744,null
1283,32,874,454,null
1563,396,344,840,null
1513,751,385,36,null
2017,455,170,723,null
522,833,280,844,null
2725,966,201,514,null
2293,229,921,669,null
257,79,697,505,null
1090,239,34,484,null
436,45,796,899,null
1349,740,170,795,null
2082,333,62,788,null
1357,451,397,511,null
1682,840,813,305,null
954,460,124,549,null
2216,890,812,192,null
2137,772,267,860,null
749,763,810,254,null
46,822,796,541,null
3089,495,714,463,null
736,633,273,803,null
1832,284,513,823,null
1755,544,445,102,null
1379,980,985,601,null
3177,47,442,349,null
2990,811,529,437,null
2553,91,328,814,null
786,78,81,136,null
2820,398,538,97,null
1012,719,876,989,null
2195,345,401,712,null
619,571,475,762,null
1670,97,728,732,null
2177,704,256,778,null
446,444,596,245,null
132,497,765,502,null
642,642,709,420,null
613,530,811,384,null
2015,348,916,380,null
1283,594,600,525,null
2113,764,35,327,null
2684,274,217,127,null
1792,427,600,215,null
376,350,396,599,null
893,280,846,535,null
1653,428,649,902,null
1125,262,155,108,null
648,782,4,720,null
2164,80,854,44,null
2047,857,349,355,null
2923,536,712,167,null
932,493,802,103,null
2252,886,227,629,null
1096,230,63,272,null
2248,869,417,227,null
871,196,310,416,null
574,764,649,325,null
834,796,205,107,null
870,784,975,218,null
2533,402,791,88,null
2538,108,601,660,null
1556,567,689,510,null
2197,584,50,126,null
2417,308,692,519,null
1191,959,624,44,null
2947,140,813,157,null
188,401,862,255,null
396,87,38,748,null
697,109,264,619,null
2059,687,766,792,null
1662,109,955,316,null
1824,378,528,578,null
1082,352,619,471,null
2640,711,637,696,null
1731,908,256,740,null
2932,879,183,754,null
2898,139,567,697,null
2429,215,884,397,null
2723,96,797,637,null
97,159,803,903,null
154,622,555,513,null
2199,717,223,167,null
2102,734,778,548,null
2357,888,27,323,null
2702,301,214,91,null
2592,969,818,601,null
544,496,732,492,null
1158,44,380,824,null
688,230,555,656,null
841,17,659,410,null
236,676,658,67,null
1581,206,49,790,null
915,199,627,847,null
2321,248,462,994,null
1979,12,302,715,null
219,770,484,982,null
1958,9,66,808,null
1219,200,155,492,null
896,182,707,397,null
2261,885,219,392,null
1656,698,743,316,null
637,87,582,749,null
2495,642,759,572,null
2641,173,348,708,null
248,514,935,261,null
1222,74,473,816,null
2795,591,159,412,null
2021,178,264,787,null
991,157,762,66,null
2332,796,432,593,null
700,906,265,366,null
1677,435,910,296,null
2041,908,657,804,null
677,221,677,306,null
2622,800,946,889,null
1274,758,773,470,null
1206,643,918,81,null
479,980,862,604,null
197,383,812,249,null
298,820,680,15,null
2511,688,254,279,null
2733,278,369,283,null
2826,518,241,651,null
2779,584,460,181,null
2754,810,132,672,null
1795,444,497,484,null
1901,454,954,217,null
750,518,769,512,null
916,991,40,687,null
1162,253,348,253,null
1216,560,499,952,null
857,112,900,673,null
640,822,152,193,null
2142,974,7,950,null
2185,803,219,886,null
3114,642,578,763,null
948,626,995,735,null
338,912,236,769,null
2882,425,907,642,null
2358,677,552,681,null
1653,354,254,103,null
1614,712,430,6,null
1411,142,775,957,null
259,360,298,648,null
1661,981,443,769,null
751,810,862,916,null
1276,292,543,996,null
9,100,951,553,null
2434,415,132,48,null
2488,764,187,674,null
1205,798,110,12,null
704,680,274,78,null
1031,806,649,471,null
2050,58,599,938,null
2513,606,900,79,null
183,127,678,676,null
713,598,811,377,null
333,155,974,585,null
395,671,30,724,null
2502,380,817,860,null
2610,447,670,438,null
843,260,21,532,null
2732,737,632,495,null
2146,208,754,268,null
2841,492,696,688,null
2080,878,771,566,null
2295,729,994,990,null
2538,966,450,978,null
3158,345,399,148,null
1980,70,670,774,null
1844,751,85,267,null
2179,635,353,951,null
1534,769,920,826,null
2834,814,388,97,null
1875,12,793,65,null
1250,341,236,849,null
2145,140,573,319,null
1174,671,123,407,null
1343,803,404,137,null
2739,705,924,156,null
2247,925,428,483,null
1413,576,213,520,null
57,988,212,477,null
2306,869,457,269,null
717,617,734,995,null
2502,154,90,29,null
194,135,5,921,null
2843,206,625,881,null
1700,816,56,146,null
3050,701,161,116,null
2119,62,360,294,null
1733,531,655,164,null
2046,131,61,41,null
1607,221,133,302,null
2553,661,838,111,null
1213,498,156,677,null
1204,158,541,942,null
140,235,942,49,null
1708,690,277,932,null
2648,678,429,403,null
1497,901,556,258,null
3069,511,263,324,null
688,237,15,334,null
2059,313,838,459,null
1204,655,287,318,null
1174,951,496,621,null
731,495,344,29,null
1225,787,785,420,null
865,944,879,155,null
112,244,121,169,null
761,294,704,589,null
3167,360,833,889,null
2723,539,467,778,null
819,233,762,321,null
2522,479,122,239,null
43,247,824,85,null
2875,499,1000,848,null
2329,5,182,581,null
2487,460,300,470,null
55,681,950,655,null
2427,174,124,422,null
578,44,624,218,null
1556,430,934,621,null
3109,96,97,891,null
2106,80,83,216,null
3079,247,712,515,null
184,154,16,670,null
41,348,453,914,null
2069,160,653,554,null
658,125,900,205,null
2715,881,407,120,null
2378,521,412,696,null
1094,950,341,865,null
1763,404,481,452,null
2684,187,884,412,null
422,939,394,488,null
550,388,573,505,null
57,576,54,861,null
709,289,283,165,null
420,562,148,697,null
3009,867,664,736,null
2634,369,360,957,null
835,776,321,597,null
373,147,627,465,null
2631,359,796,629,null
805,48,948,339,null
2610,180,443,595,null
1978,874,182,741,null
980,458,563,12,null
601,819,788,287,null
965,954,290,378,null
3054,936,734,261,null
1985,353,155,978,null
83,774,842,187,null
1399,370,160,329,null
2328,636,828,874,null
1368,379,178,412,null
3182,531,12,873,null
3137,110,72,363,null
992,482,983,198,null
537,884,270,354,null
2675,313,714,72,null
2878,188,362,8,null
2553,700,195,387,null
775,638,403,101,null
2391,387,14,184,null
1383,371,57,16,null
1154,582,346,254,null
62,477,585,296,null
2341,242,648,177,null
366,489,248,931,null
558,451,436,733,null
872,316,424,703,null
1083,478,599,676,null
107,316,437,561,null
1413,213,356,981,null
1177,514,378,679,null
667,981,221,537,null
1419,324,785,311,null
2222,266,566,901,null
3124,10,552,534,null
2097,949,272,458,null
1480,711,367,831,null
29,753,851,561,null
1078,230,183,534,null
947,401,338,353,null
2192,92,56,639,null
2873,154,752,317,null
3120,922,138,345,null
360,898,575,253,null
2797,381,511,651,null
1062,547,167,571,null
2078,455,517,263,null
957,365,677,90,null
2136,814,162,646,null
1480,326,56,538,null
1824,808,491,23,null
631,430,907,528,null
684,753,767,455,null
2878,299,166,843,null
1416,572,548,199,null
1341,793,814,621,null
3152,327,124,519,null
3151,262,721,616,null
2344,601,936,199,null
1784,12,479,35,null
2026,891,981,224,null
1615,45,955,549,null
95,278,580,255,null
956,679,536,352,null
2824,488,548,914,null
2656,418,571,137,null
407,375,693,659,null
1451,85,785,465,null
1538,687,936,82,null
2146,642,934,681,null
1443,632,610,215,null
1457,276,200,653,null
307,72,568,26,null
322,733,220,273,null
2188,99,546,680,null
394,647,88,70,null
344,690,732,242,null
1360,132,198,918,null
538,446,552,623,null
1802,543,370,295,null
2686,655,55,527,null
788,569,835,212,null
101,926,143,894,null
1538,706,620,735,null
1221,307,715,260,null
2853,71,698,925,null
62,450,125,23,null
1192,211,724,898,null
2241,795,487,709,null
1158,445,409,564,null
736,705,359,235,null
1599,272,795,88,null
2138,970,983,757,null
265,408,442,937,null
449,775,592,321,null
468,121,372,726,null
2907,261,951,921,null
1170,49,735,552,null
2364,767,32,380,null
331,813,939,165,null
430,601,172,973,null
1803,111,50,483,null
974,941,523,88,null
2338,651,893,12,null
1962,624,472,118,null
1419,846,750,395,null
243,517,712,953,null
49,366,405,839,null
700,135,494,902,null
722,165,857,681,null
2763,255,640,709,null
1336,481,322,68,null
1008,288,12,75,null
691,660,60,510,null
721,83,171,349,null
2599,973,601,843,null
1923,351,376,889,null
99,897,98,378,null
617,612,482,130,null
806,486,35,192,null
2642,876,654,834,null
789,787,872,239,null
335,399,378,359,null
1235,186,717,381,null
357,966,926,527,null
2007,857,510,293,null
485,757,924,301,null
2885,400,473,765,null
3179,754,324,172,null
278,669,393,68,null
2101,859,126,516,null
1561,123,156,987,null
684,770,322,547,null
758,816,151,80,null
222,545,334,877,null
1871,596,923,965,null
2102,114,104,366,null
2906,975,16,321,null
314,635,725,800,null
2198,965,215,142,null
1637,502,410,609,null
189,442,15,915,null
1665,220,553,104,null
805,107,594,5,null
1482,481,524,770,null
1333,853,286,153,null
1638,318,649,1000,null
2019,211,220,758,null
776,763,717,678,null
2685,498,94,629,null
546,815,624,728,null
2336,697,152,982,null
1374,6,894,592,null
3169,747,701,197,null
836,877,838,473,null
2447,285,47,973,null
949,658,701,643,null
640,94,598,677,null
1845,914,611,259,null
3144,21,903,430,null
2970,148,542,465,null
1935,30,733,769,null
630,316,155,510,null
2562,693,436,304,null
3097,104,546,573,null
2577,563,804,729,null
1767,167,471,726,null
1893,340,877,53,null
1132,102,852,713,null
2648,416,989,999,null
2256,89,467,905,null
1279,33,158,763,null
632,590,255,262,null
1959,450,183,680,null
1254,904,853,550,null
2893,154,474,496,null
530,508,172,506,null
1674,491,63,836,null
3118,337,952,819,null
142,10,773,891,null
2131,45,506,288,null
1327,314,154,997,null
119,198,135,703,null
850,453,519,737,null
671,991,522,355,null
1740,514,927,104,null
2836,118,704,484,null
2347,802,715,296,null
1094,802,19,626,null
2770,675,414,768,null
1834,351,490,649,null
2352,239,749,652,null
1949,342,48,64,null
355,2,146,862,null
198,981,189,208,null
739,121,572,592,null
826,719,537,367,null
2428,626,883,633,null
679,401,279,213,null
3052,883,9,514,null
336,724,179,197,null
1879,344,994,370,null
3024,607,523,332,null
1830,121,643,642,null
1067,799,20,839,null
2643,452,188,102,null
2622,578,233,909,null
440,142,663,565,null
837,694,394,683,null
3129,693,129,720,null
2694,777,213,969,null
405,576,906,871,null
590,633,293,494,null
1719,15,684,877,null
2260,15,338,701,null
236,721,360,305,null
1496,278,913,438,null
2717,574,441,814,null
1305,260,889,281,null
1121,925,106,973,null
1442,433,520,691,null
526,154,665,147,null
3089,736,125,941,null
110,715,251,343,null
801,677,330,999,null
204,159,381,918,null
336,10,170,696,null
459,749,252,881,null
2623,499,181,760,null
1728,635,372,355,null
1902,77,586,731,null
669,950,955,879,null
2614,114,688,442,null
1543,293,537,727,null
2758,672,538,470,null
2693,553,856,316,null
1861,574,202,781,null
2314,202,45,202,null
1645,311,397,504,null
1557,441,844,304,null
2082,847,389,145,null
179,1000,770,207,null
2703,93,454,745,null
1430,802,831,523,null
496,886,56,313,null
251,232,53,435,null
2463,935,26,288,null
2366,840,665,689,null
357,1000,86,49,null
664,362,656,673,null
850,520,378,28,null
1730,425,822,343,null
2170,722,828,287,null
382,104,787,781,null
1836,289,758,935,null
2382,724,205,513,null
1068,280,684,232,null
1888,785,812,799,null
1861,378,482,244,null
2615,414,814,478,null
2936,946,998,540,null
3033,369,710,524,null
854,502,329,605,null
1612,901,836,396,null
89,334,557,720,null
1230,54,105,390,null
2199,864,12,170,null
2148,666,346,764,null
144,606,383,58,null
1587,589,569,67,null
135,282,656,637,null
2501,513,747,192,null
2873,749,893,131,null
2070,468,477,270,null
638,964,804,950,null
789,95,219,970,null
87,786,283,226,null
2254,23,168,954,null
2050,556,540,133,null
940,897,533,862,null
1065,761,986,113,null
1871,232,297,281,null
1808,520,791,212,null
2756,385,439,145,null
2929,997,980,446,null
1960,860,326,86,null
199,809,767,157,null
2721,890,90,484,null
1923,274,458,488,null
1189,771,297,106,null
1783,887,23,910,null
1339,221,731,222,null
2995,884,746,198,null
2500,132,104,143,null
2635,498,272,930,null
404,773,779,163,null
1580,783,644,974,null
2946,580,202,947,null
1595,313,249,617,null
866,186,126,916,null
994,687,782,18,null
2691,534,363,764,null
2995,290,299,799,null
2711,136,930,837,null
819,683,44,286,null
943,283,123,983,null
1921,363,93,789,null
654,957,39,186,null
2313,939,47,775,null
1848,622,300,245,null
414,766,32,355,null
922,261,394,817,null
1954,494,362,756,null
346,820,704,662,null
778,366,900,563,null
2487,337,883,772,null
2418,115,961,831,null
2500,675,517,995,null
849,608,496,309,null
2418,48,397,71,null
62,292,517,656,null
717,69,950,728,null
1404,501,428,864,null
2840,269,394,967,null
2037,768,328,181,null
1880,137,940,574,null
93,529,63,420,null
500,572,495,893,null
732,747,468,776,null
1665,73,612,56,null
512,425,819,563,null
1113,905,264,445,null
1636,250,228,480,null
539,939,293,143,null
1164,397,339,972,null
2811,422,703,869,null
2756,991,75,370,null
1424,571,644,636,null
2172,378,359,38,null
2824,961,153,999,null
1331,15,284,358,null
3010,811,26,112,null
2999,554,392,270,null
472,395,515,903,null
2459,7,543,741,null
895,747,72,695,null
2602,325,189,355,null
259,43,182,635,null
506,433,826,705,null
2339,285,199,467,null
2226,266,247,187,null
2609,76,441,119,null
2785,146,414,448,null
149,396,793,422,null
129,869,992,732,null
28,534,102,546,null
261,121,75,715,null
2061,110,899,556,null
1192,236,755,376,null
81,801,108,560,null
2111,652,611,254,null
49,90,497,226,null
1785,937,601,96,null
2143,663,415,56,null
2394,799,66,595,null
496,78,344,989,null
1933,551,426,897,null
492,748,730,199,null
251,834,334,904,null
1455,850,613,762,null
1855,97,429,167,null
478,25,540,787,null
1677,15,24,17,null
1432,194,25,696,null
2294,484,583,96,null
2026,909,325,361,null
1592,554,346,70,null
1693,715,103,245,null
244,883,268,538,null
3108,126,285,591,null
265,845,543,202,null
824,619,147,816,null
2826,418,906,778,null
602,625,347,359,null
537,733,884,981,null
776,400,847,521,null
1070,919,875,948,null
3038,908,627,840,null
2947,173,895,403,null
405,512,406,788,null
10,175,345,732,null
2560,711,985,584,null
2234,643,889,572,null
501,130,910,738,null
1650,684,682,689,null
2266,259,96,444,null
1645,891,212,861,null
607,968,294,933,null
2411,753,111,319,null
1933,608,674,375,null
2,473,761,294,null
2506,668,215,558,null
2387,59,364,779,null
1065,825,907,970,null
2154,714,830,489,null
2279,960,57,394,null
2270,17,64,739,null
1314,341,573,377,null
970,577,560,642,null
2237,761,720,508,null
1552,647,229,643,null
1014,481,938,535,null
1609,276,745,664,null
2826,446,23,992,null
517,98,134,630,null
1629,949,681,78,null
198,777,302,582,null
1922,865,775,487,null
282,680,463,99,null
1139,805,416,68,null
386,620,413,719,null
480,897,146,564,null
2784,200,803,343,null
2547,954,13,861,null
2341,487,458,744,null
1991,83,112,52,null
962,643,58,708,null
2659,421,418,868,null
2982,887,490,8,null
2820,544,508,319,null
1037,171,860,227,null
1168,810,825,236,null
1464,409,973,164,null
2758,662,131,122,null
811,79,43,165,null
2988,788,126,542,null
180,285,5,52,null
1678,989,816,749,null
2714,886,372,823,null
2300,943,718,703,null
2206,157,68,216,null
1042,525,600,266,null
3027,46,856,215,null
1959,510,67,568,null
249,808,280,664,null
574,37,61,240,null
908,351,577,452,null
254,154,353,683,null
756,575,513,841,null
1407,937,195,916,null
966,597,262,518,null
1355,85,800,145,null
2370,527,85,978,null
3051,731,711,872,null
271,386,836,216,null
1313,26,217,588,null
2349,52,611,560,null
2605,490,28,796,null
2113,275,952,106,null
1674,488,842,300,null
2771,737,185,333,null
340,475,177,882,null
896,295,859,372,null
173,933,608,19,null
1340,885,794,792,null
2635,145,576,385,null
1105,541,909,928,null
563,794,490,381,null
137,893,805,524,null
300,202,743,743,null
1661,41,734,673,null
110,118,871,153,null
987,602,961,181,null
3110,555,866,219,null
161,216,588,575,null
463,146,897,850,null
3018,985,331,321,null
2204,468,800,1000,null
980,345,298,398,null
1766,860,91,138,null
2589,231,655,377,null
128,327,365,768,null
525,434,790,165,null
2680,333,678,133,null
2113,480,644,176,null
557,440,847,602,null
2577,739,139,292,null
679,152,310,893,null
2418,915,675,975,null
2183,234,528,777,null
44,38,678,267,null
1649,61,429,313,null
1239,105,139,399,null
1378,640,600,642,null
1744,117,798,256,null
536,441,203,354,null
479,153,114,827,null
1635,989,743,313,null
2673,404,576,642,null
1845,846,702,516,null
502,775,433,453,null
3062,626,343,615,null
3016,634,81,916,null
76,603,946,209,null
2053,959,589,573,null
175,188,789,162,null
2887,892,762,281,null
157,785,587,327,null
3098,629,553,954,null
280,123,642,330,null
1561,899,340,180,null
2004,531,253,736,null
2316,105,687,384,null
2431,471,55,872,null
92,951,965,183,null
2535,220,884,110,null
3165,63,679,788,null
1185,251,243,889,null
2312,488,320,897,null
1874,444,836,815,null
2614,398,236,245,null
2149,359,14,331,null
298,933,358,151,null
1800,700,450,977,null
1605,281,733,217,null
2943,648,132,544,null
2712,378,284,266,null
74,363,346,103,null
1320,712,41,344,null
1290,721,568,904,null
484,906,673,749,null
1936,158,299,188,null
2915,189,306,536,null
2787,594,615,599,null
843,443,781,320,null
2101,583,976,831,null
2865,107,327,174,null
2856,99,373,572,null
1723,272,150,690,null
1925,360,144,757,null
2759,849,310,685,null
2872,580,771,642,null
2134,281,128,595,null
565,379,262,953,null
2343,867,436,553,null
3104,244,224,660,null
2577,899,422,484,null
1029,172,111,559,null
2826,451,651,122,null
627,341,500,28,null
2607,674,458,788,null
205,675,315,865,null
2004,353,565,104,null
1530,785,525,822,null
1180,661,755,907,null
958,356,201,587,null
15,940,73,228,null
2388,337,86,233,null
789,800,256,473,null
1133,121,719,466,null
298,561,792,169,null
1185,835,213,257,null
2090,648,855,207,null
2223,616,36,304,null
2352,142,359,428,null
1551,963,11,413,null
1955,294,548,716,null
711,481,195,949,null
158,346,279,742,null
2842,485,78,437,null
46,364,709,620,null
898,562,501,69,null
771,950,246,531,null
1607,307,395,755,null
2915,301,699,941,null
3019,528,19,327,null
131,354,457,315,null
2719,968,438,908,null
483,481,142,71,null
2455,393,295,736,null
1054,234,51,914,null
513,449,355,888,null
1774,776,119,427,null
693,332,119,342,null
1202,620,633,347,null
2618,225,846,510,null
2626,134,263,977,null
1649,127,904,472,null
1872,574,775,488,null
1555,437,548,474,null
1037,716,238,2,null
1028,161,772,449,null
925,16,92,24,null
1061,21,212,677,null
2631,110,669,58,null
2017,387,813,564,null
1591,682,616,34,null
179,198,131,330,null
2603,398,532,39,null
669,791,881,498,null
3048,825,876,210,null
394,612,908,991,null
2144,31,571,681,null
611,168,309,383,null
451,262,848,953,null
2672,595,113,904,null
2223,271,723,511,null
951,682,54,85,null
1636,727,378,38,null
1685,405,677,927,null
2223,76,833,391,null
1616,515,868,224,null
2432,983,745,756,null
1715,76,839,775,null
2665,207,996,629,null
2801,593,564,356,null
1756,434,715,211,null
443,884,973,998,null
1326,781,810,653,null
93,765,68,677,null
1904,399,777,441,null
2264,403,492,987,null
2413,683,351,789,null
1591,142,189,455,null
1285,581,165,445,null
1188,162,884,419,null
946,213,853,500,null
1647,717,787,742,null
1538,703,846,253,null
1763,900,434,482,null
1045,606,791,699,null
3079,649,684,992,null
1293,242,554,233,null
1981,316,287,196,null
1249,48,768,51,null
1697,745,290,661,null
1979,45,470,738,null
2267,319,292,906,null
1909,100,471,777,null
3080,418,946,172,null
2911,257,171,767,null
1330,729,775,348,null
3001,339,604,467,null
2614,797,512,503,null
546,745,104,985,null
1862,889,113,384,null
1159,455,857,436,null
2233,162,359,22,null
603,289,927,731,null
298,971,275,296,null
274,686,382,385,null
556,404,204,647,null
1011,664,909,867,null
2157,518,772,137,null
2394,505,23,309,null
559,938,644,597,null
2519,825,124,839,null
1913,206,634,621,null
2310,135,857,529,null
2185,577,563,249,null
2388,354,380,975,null
1908,711,706,422,null
2544,214,916,774,null
52,615,665,279,null
2740,88,144,906,null
3152,858,288,999,null
448,472,264,753,null
2134,443,830,321,null
117,735,281,390,null
2940,757,565,99,null
483,12,870,192,null
795,785,530,218,null
1314,742,670,942,null
1154,820,365,7,null
284,872,471,714,null
31,255,966,197,null
2970,337,670,61,null
1132,659,687,353,null
1628,205,658,77,null
1683,517,729,346,null
413,427,998,124,null
2382,200,238,575,null
756,349,242,155,null
125,159,940,412,null
403,196,517,287,null
74,307,1,319,null
1575,515,416,689,null
149,693,877,231,null
2737,80,749,666,null
465,822,689,244,null
1809,19,722,508,null
1134,120,906,903,null
2131,633,257,58,null
1758,962,867,978,null
1131,560,543,328,null
2487,239,421,969,null
1697,275,730,598,null
3180,261,884,811,null
56,803,160,163,null
1376,775,729,410,null
3089,139,47,603,null
1074,814,166,18,null
548,974,964,420,null
1454,722,70,157,null
1022,773,871,108,null
1164,732,338,671,null
3058,718,145,864,null
1349,3,524,673,null
2343,552,569,637,null
2164,412,1,881,null
3074,962,768,643,null
3104,889,264,198,null
2171,32,761,115,null
2178,886,68,602,null
3053,320,531,28,null
2803,348,278,265,null
1412,590,761,850,null
2456,982,820,16,null
2748,598,78,478,null
2360,197,636,662,null
2795,211,186,172,null
1433,15,1,257,null
1404,138,783,891,null
34,977,385,963,null
422,592,685,179,null
1870,956,759,120,null
2221,75,191,569,null
2263,240,308,473,null
1401,927,735,497,null
1843,455,926,958,null
77,344,5,352,null
3080,796,457,888,null
2546,579,461,290,null
566,744,769,65,null
1258,873,598,762,null
1192,847,83,312,null
2289,242,428,805,null
2767,945,745,146,null
221,544,400,596,null
3056,814,235,60,null
415,684,821,653,null
1138,245,873,365,null
2943,711,98,79,null
1209,273,121,951,null
1846,292,324,587,null
2252,91,992,775,null
349,98,673,885,null
1379,968,527,229,null
1450,276,51,509,null
1878,184,299,148,null
856,645,894,945,null
1685,835,712,824,null
346,245,148,806,null
430,719,612,746,null
2099,993,197,716,null
2902,45,965,313,null
1856,7,618,657,null
874,882,313,319,null
1512,410,462,351,null
2064,345,462,778,null
2474,200,386,626,null
3104,684,782,945,null
1236,665,810,828,null
3102,331,850,517,null
1530,358,26,813,null
2289,464,82,573,null
2523,789,617,371,null
991,122,927,933,null
3032,821,764,386,null
1130,382,455,590,null
1622,372,65,147,null
2715,194,439,583,null
278,720,529,427,null
2243,708,547,492,null
2748,549,936,275,null
1950,567,726,985,null
525,677,708,943,null
506,202,857,885,null
2443,53,753,192,null
1059,560,230,728,null
2077,995,380,733,null
1457,213,744,348,null
2607,882,425,755,null
1777,4,449,243,null
825,268,563,17,null
2557,306,429,241,null
2611,961,99,134,null
1223,419,623,998,null
1075,763,114,960,null
3056,546,217,598,null
816,1,122,627,null
1939,543,516,654,null
3056,140,57,628,null
1161,219,889,842,null
1079,223,436,466,null
3100,596,498,425,null
2834,244,534,620,null
334,38,85,663,null
862,673,99,413,null
1788,772,86,185,null
2369,448,992,578,null
2263,494,370,745,null
297,642,88,985,null
2346,581,871,50,null
133,614,643,360,null
3082,633,663,879,null
2836,856,460,60,null
2600,781,688,856,null
1641,231,213,376,null
665,478,563,570,null
3091,405,711,846,null
2612,196,460,724,null
1081,664,402,805,null
2961,346,657,563,null
2818,217,435,578,null
2070,616,994,969,null
229,678,576,742,null
686,509,774,545,null
1686,576,171,733,null
481,765,774,666,null
86,343,870,478,null
2336,713,655,815,null
3165,364,641,671,null
2929,953,131,162,null
924,779,883,938,null
820,108,472,402,null
1095,923,606,46,null
2494,430,322,113,null
2238,216,869,640,null
2852,364,450,760,null
309,999,35,601,null
1745,994,470,974,null
1269,818,40,111,null
1668,246,489,502,null
1131,690,703,806,null
1084,400,533,249,null
2999,402,336,298,null
2717,79,130,873,null
736,231,126,24,null
2783,542,662,251,null
1168,783,48,231,null
3010,522,48,421,null
2985,833,822,746,null
2559,335,622,791,null
343,17,714,573,null
2840,913,643,1000,null
1983,449,522,631,null
2072,944,193,581,null
965,636,138,387,null
253,78,789,192,null
59,935,783,319,null
2760,788,109,776,null
1632,9,685,754,null
2294,401,952,516,null
2664,779,967,260,null
802,331,93,548,null
1080,601,577,966,null
2178,332,851,634,null
672,139,51,601,null
1600,129,689,127,null
2692,106,782,959,null
1438,933,191,642,null
140,92,211,755,null
731,64,739,37,null
999,940,226,275,null
1310,348,328,159,null
1742,846,169,638,null
33,930,186,432,null
489,471,698,565,null
2201,169,922,834,null
282,244,497,356,null
1858,253,764,510,null
401,371,908,878,null
1655,918,986,807,null
483,754,535,462,null
754,325,464,379,null
206,470,610,623,null
2014,496,567,574,null
606,247,911,381,null
529,674,449,3,null
2138,48,910,60,null
1030,429,453,776,null
168,202,460,820,null
811,909,424,991,null
1789,259,166,29,null
1970,814,491,919,null
2743,71,277,643,null
1869,636,918,367,null
985,126,241,650,null
1634,869,922,390,null
1313,664,5,122,null
1275,827,892,774,null
1027,678,727,955,null
893,638,354,372,null
1734,452,484,148,null
619,797,871,344,null
1345,241,223,541,null
2597,929,493,83,null
1684,249,489,320,null
425,161,806,636,null
1149,813,99,973,null
453,766,317,72,null
332,614,558,260,null
2942,462,874,705,null
1357,322,287,649,null
365,530,976,279,null
1676,261,110,297,null
231,793,7,202,null
1691,597,100,380,null
193,775,766,787,null
1997,146,537,636,null
3057,869,74,509,null
1359,491,253,346,null
1875,285,383,515,null
2462,317,382,215,null
3121,502,506,445,null
621,476,992,942,null
1290,819,513,700,null
88,925,612,669,null
2336,945,25,496,null
1975,1000,981,740,null
2404,737,371,850,null
2005,631,796,974,null
919,129,895,86,null
2531,617,196,255,null
405,62,848,908,null
616,593,897,609,null
473,16,147,488,null
2330,676,688,148,null
202,811,118,561,null
521,57,465,642,null
658,101,348,728,null
3080,553,516,686,null
548,220,911,338,null
2615,359,155,489,null
1200,779,675,535,null
712,850,602,486,null
2945,718,866,166,null
2136,125,244,811,null
19,388,562,356,null
2915,335,348,824,null
808,500,232,552,null
195,230,75,125,null
2600,834,374,806,null
2555,17,443,723,null
350,735,978,812,null
3040,153,658,734,null
1585,652,130,710,null
2815,645,550,470,null
1738,835,195,826,null
55,553,146,781,null
1378,604,527,769,null
2095,751,851,322,null
573,364,198,520,null
2797,249,253,615,null
3083,100,980,978,null
2104,97,319,623,null
1731,299,628,211,null
1699,190,806,266,null
536,256,533,648,null
864,192,319,504,null
1226,997,315,956,null
2178,164,119,576,null
1092,521,642,607,null
1315,941,749,521,null
488,370,351,292,null
220,101,404,528,null
914,83,808,565,null
230,570,589,532,null
761,817,246,918,null
2874,518,2,232,null
1157,964,400,816,null
1288,119,97,732,null
2463,333,414,863,null
2285,526,191,926,null
2114,285,302,414,null
1593,117,824,671,null
2910,5,632,88,null
354,281,713,778,null
118,743,147,251,null
523,225,397,539,null
1031,31,981,277,null
1301,163,817,201,null
433,973,884,780,null
2987,825,555,623,null
898,853,241,456,null
22,970,103,333,null
2006,828,182,433,null
68,149,697,636,null
640,500,666,468,null
779,559,677,664,null
152,299,298,360,null
624,655,407,552,null
536,677,50,640,null
1908,931,634,957,null
946,189,948,700,null
1058,866,675,164,null
990,194,945,956,null
53,101,817,739,null
1192,150,957,153,null
1313,262,341,485,null
998,517,597,438,null
3173,225,895,750,null
1219,802,570,947,null
2764,270,718,290,null
1295,851,534,135,null
919,875,634,147,null
2429,530,492,724,null
1581,84,644,327,null
1476,190,915,852,null
195,380,792,690,null
2980,813,252,952,null
1180,529,775,423,null
1280,327,429,317,null
1687,972,988,275,null
1003,587,445,514,null
2671,998,868,840,null
1090,276,958,375,null
134,409,852,665,null
1238,583,829,569,null
2471,817,125,299,null
2904,807,356,80,null
486,686,239,268,null
2846,882,560,643,null
2101,384,986,60,null
334,532,196,954,null
411,869,245,14,null
162,227,368,908,null
898,103,244,469,null
2748,986,726,139,null
26,85,978,906,null
528,374,376,855,null
977,572,336,721,null
619,658,869,211,null
2587,824,641,977,null
1777,454,700,355,null
218,380,844,885,null
1146,550,408,406,null
363,436,592,678,null
1325,709,222,776,null
1894,801,323,434,null
198,70,452,495,null
3160,779,656,375,null
421,259,78,182,null
2584,590,978,621,null
858,911,946,899,null
249,738,784,316,null
2867,72,314,308,null
2600,89,471,935,null
1072,817,394,949,null
3105,137,360,791,null
1318,61,406,288,null
845,334,611,889,null
1731,28,391,512,null
2865,301,362,508,null
1891,734,572,513,null
2637,874,933,771,null
1025,318,247,204,null
890,238,627,426,null
1175,23,447,461,null
2541,730,555,71,null
3098,152,956,140,null
2232,628,507,990,null
3141,787,434,868,null
613,474,287,152,null
700,864,657,843,null
709,501,442,476,null
1031,515,14,581,null
2138,685,193,252,null
157,489,89,146,null
1470,482,552,177,null
3062,159,36,823,null
483,77,460,945,null
1270,660,937,111,null
2757,473,421,25,null
83,945,770,810,null
2673,808,174,695,null
2081,901,281,103,null
1584,971,253,891,null
745,887,873,18,null
979,597,515,579,null
672,100,799,614,null
1780,55,355,856,null
2776,138,636,684,null
842,157,161,15,null
3105,845,904,538,null
1841,276,583,665,null
1154,709,754,626,null
2979,888,987,912,null
694,327,871,181,null
583,876,909,409,null
2248,129,331,986,null
812,679,428,962,null
604,608,431,412,null
157,538,182,569,null
1887,64,99,28,null
1832,424,406,53,null
1596,167,786,737,null
2110,868,954,220,null
2518,748,281,477,null
1652,819,397,15,null
2825,66,58,117,null
2162,384,153,126,null
1511,885,378,510,null
2245,668,494,858,null
2761,772,129,641,null
2282,642,362,187,null
1511,75,512,31,null
198,51,513,876,null
1521,761,170,556,null
1963,806,195,421,null
2812,135,953,108,null
864,853,227,57,null
3138,347,25,423,null
192,890,623,50,null
3176,996,7,55,null
2939,792,929,236,null
2355,619,142,784,null
622,825,853,985,null
2201,769,93,754,null
1785,933,392,488,null
134,676,712,926,null
2405,484,224,839,null
1182,235,47,601,null
2100,401,813,506,null
2494,375,478,448,null
442,263,705,233,null
2708,187,400,727,null
945,493,732,325,null
1883,612,598,690,null
188,631,459,149,null
261,962,51,219,null
581,10,936,880,null
2095,541,154,552,null
1091,157,681,117,null
2013,570,899,787,null
907,92,3,80,null
8,829,839,397,null
2420,662,147,872,null
2733,976,192,519,null
1724,364,460,215,null
2076,311,404,605,null
2522,997,229,633,null
652,730,237,447,null
1609,603,653,613,null
714,57,580,62,null
663,57,469,741,null
2086,693,105,780,null
2912,758,751,76,null
844,772,973,309,null
1846,251,455,492,null
1720,693,182,778,null
3065,972,500,827,null
2219,513,895,776,null
450,41,633,28,null
456,191,306,694,null
916,117,150,552,null
1567,739,259,201,null
2914,437,423,596,null
1248,255,197,165,null
134,791,892,863,null
91,910,657,768,null
1111,471,409,460,null
2921,674,579,217,null
742,614,614,616,null
348,413,58,798,null
1912,889,948,637,null
3095,95,472,270,null
1838,779,506,769,null
2632,452,720,672,null
869,307,371,459,null
3011,391,894,820,null
1192,189,648,262,null
606,52,651,617,null
2653,144,64,645,null
2930,406,584,698,null
1146,372,740,918,null
518,917,230,617,null
1290,751,294,585,null
714,989,477,55,null
544,377,336,565,null
172,72,636,985,null
897,437,896,670,null
107,873,670,523,null
2698,522,963,18,null
193,664,677,980,null
2494,176,793,853,null
693,472,830,151,null
2436,758,322,621,null
3067,243,44,983,null
2856,719,565,288,null
873,838,142,943,null
2678,752,329,248,null
1015,990,328,739,null
916,29,281,137,null
1708,41,949,379,null
2458,717,96,230,null
2874,525,481,830,null
533,208,900,71,null
2918,530,900,225,null
2568,501,120,281,null
833,670,417,443,null
1145,333,833,999,null
3126,291,629,989,null
2606,743,297,929,null
1339,499,579,131,null
2381,11,233,38,null
3165,618,471,256,null
418,281,496,149,null
1223,162,9,660,null
2771,795,649,61,null
1368,674,500,769,null
880,696,86,530,null
2066,461,821,679,null
900,692,126,420,null
2364,53,639,746,null
1144,931,938,337,null
1374,601,473,297,null
226,964,417,992,null
947,690,434,341,null
2106,497,463,730,null
1056,690,711,245,null
409,58,625,247,null
1636,97,781,295,null
491,269,846,567,null
2449,622,689,271,null
399,643,243,264,null
973,772,710,986,null
2358,544,539,410,null
1914,968,579,193,null
2470,300,960,394,null
1129,333,219,209,null
1650,899,988,371,null
1733,204,905,167,null
912,397,533,234,null
2142,400,380,113,null
2558,418,160,99,null
1543,843,810,551,null
1854,274,810,264,null
1306,115,229,160,null
1172,450,465,274,null
2662,899,864,536,null
2088,46,129,573,null
1257,759,177,385,null
1732,945,199,181,null
1729,909,437,179,null
1291,490,466,772,null
1198,940,869,765,null
417,910,693,965,null
2706,63,485,406,null
1569,388,274,883,null
2347,396,751,449,null
3138,815,933,845,null
1026,666,130,743,null
652,978,807,294,null
2620,548,419,263,null
1011,135,447,771,null
164,77,646,785,null
2595,927,40,504,null
1996,988,20,9,null
3050,154,81,155,null
736,736,418,234,null
1894,57,408,395,null
2425,287,958,231,null
2931,60,239,78,null
2257,58,863,244,null
641,867,11,89,null
3175,173,700,208,null
1046,963,377,799,null
638,908,843,578,null
240,10,947,549,null
430,147,99,407,null
62,210,396,253,null
1555,638,188,473,null
1785,556,868,590,null
2070,274,758,275,null
119,189,983,888,null
1586,649,616,876,null
22,2,605,620,null
2206,537,133,122,null
1386,298,481,370,null
2772,536,681,116,null
882,847,780,37,null
1417,215,704,664,null
2821,508,884,644,null
607,118,339,636,null
557,971,214,987,null
498,676,559,770,null
1353,699,352,467,null
2397,671,36,356,null
572,97,865,389,null
297,773,964,314,null
2695,302,846,224,null
1808,892,245,194,null
3016,856,952,182,null
1007,220,870,622,null
2786,613,670,750,null
1934,585,319,781,null
2849,356,941,93,null
1792,872,708,523,null
2677,567,635,704,null
2789,862,135,479,null
989,963,545,54,null
808,667,409,272,null
1304,450,149,236,null
2200,857,925,83,null
1553,91,498,608,null
330,965,874,625,null
2871,479,906,982,null
898,529,81,132,null
594,378,518,350,null
150,599,552,388,null
1167,329,69,882,null
3126,121,6,455,null
1843,754,903,293,null
30,472,628,598,null
767,231,707,404,null
372,593,701,876,null
1000,33,920,28,null
127,147,262,11,null
2469,589,383,779,null
2087,549,923,862,null
2883,129,555,809,null
1138,42,71,132,null
1801,707,481,202,null
3144,471,756,558,null
1558,544,668,301,null
1819,219,868,712,null
2440,430,825,947,null
2049,593,703,175,null
1177,121,327,918,null
2843,665,369,579,null
2008,408,952,476,null
1039,149,588,356,null
1152,830,619,250,null
2732,521,683,442,null
2738,895,237,768,null
3102,294,532,246,null
3073,728,877,494,null
2583,519,59,597,null
1830,898,552,411,null
208,34,618,968,null
350,535,453,363,null
833,617,509,452,null
2452,40,951,611,null
2198,936,530,688,null
975,35,812,381,null
2841,950,301,861,null
2113,616,406,496,null
1173,788,140,497,null
702,36,474,849,null
974,428,978,811,null
501,162,804,233,null
2937,137,153,428,null
2507,457,647,453,null
419,177,244,899,null
2127,852,261,440,null
1953,241,10,345,null
814,123,488,796,null
1990,127,633,871,null
1078,29,930,272,null
1893,440,701,77,null
2073,170,160,95,null
94,330,603,670,null
187,155,691,681,null
1868,974,225,376,null
1158,392,627,282,null
3179,670,264,454,null
2670,896,428,779,null
2752,307,416,364,null
2846,351,947,288,null
807,401,914,48,null
2392,907,737,707,null
1068,927,524,34,null
80,526,761,807,null
215,919,121,147,null
2639,913,31,478,null
2682,477,571,464,null
864,978,600,962,null
1409,307,958,167,null
1504,369,378,345,null
1777,963,137,431,null
3007,26,677,832,null
3061,365,510,302,null
1794,659,428,971,null
957,960,965,45,null
1027,784,135,210,null
852,460,449,44,null
1293,915,828,466,null
2199,665,452,491,null
304,231,228,298,null
2206,958,396,184,null
2209,138,810,235,null
642,160,716,496,null
2504,642,792,897,null
151,997,132,105,null
3024,150,743,338,null
107,404,303,619,null
853,112,776,559,null
1308,668,754,62,null
2792,731,416,496,null
1530,110,81,396,null
2374,724,272,632,null
2712,410,336,410,null
82,928,248,862,null
2017,756,468,397,null
3103,428,886,148,null
998,849,473,929,null
1217,787,299,203,null
1289,449,822,535,null
1282,240,310,946,null
2442,903,821,241,null
1435,389,588,452,null
2658,134,211,68,null
499,614,42,187,null
2100,20,427,495,null
797,846,535,415,null
1270,124,377,255,null
631,686,871,907,null
929,403,843,214,null
3139,453,442,436,null
2779,420,323,692,null
2381,63,150,35,null
1849,179,132,612,null
336,177,639,401,null
3045,735,426,529,null
589,689,492,348,null
2188,223,147,146,null
1259,849,80,454,null
394,195,670,508,null
1512,607,226,242,null
1804,478,376,304,null
288,510,151,273,null
2245,976,258,700,null
2469,413,221,538,null
3146,525,677,945,null
1429,419,597,19,null
2737,86,989,511,null
683,259,997,664,null
734,679,576,889,null
571,777,887,878,null
2948,510,194,849,null
2919,805,686,752,null
1178,459,760,420,null
1595,891,98,379,null
1038,287,7,715,null
108,265,272,482,null
506,110,514,405,null
1274,970,909,303,null
1203,776,477,432,null
836,91,491,213,null
1001,472,534,192,null
85,394,960,412,null
552,844,430,340,null
1881,379,799,499,null
2432,438,555,224,null
370,645,919,538,null
1978,790,412,972,null
194,804,192,278,null
2087,65,202,38,null
1728,981,655,799,null
1894,180,885,991,null
2606,68,325,868,null
1263,71,687,580,null
1706,486,758,338,null
2905,674,914,907,null
543,616,386,102,null
2687,597,814,841,null
756,587,373,614,null
2941,795,358,476,null
1875,105,634,15,null
2211,550,484,426,null
1585,903,920,534,null
1903,813,81,659,null
257,978,325,536,null
2431,19,732,610,null
2166,594,666,62,null
2784,78,366,126,null
1695,652,628,179,null
3139,636,566,294,null
430,635,380,719,null
673,786,261,440,null
2184,996,556,691,null
2994,978,605,657,null
2084,769,183,667,null
598,813,427,640,null
396,366,348,326,null
1438,698,664,186,null
1034,277,947,334,null
147,68,815,438,null
1340,623,205,400,null
898,904,356,87,null
346,960,934,990,null
992,208,135,437,null
1132,832,693,118,null
210,504,661,671,null
2954,315,204,305,null
2080,756,799,591,null
1949,149,49,197,null
816,719,923,351,null
2603,328,435,656,null
1727,219,901,199,null
2437,373,671,136,null
2275,336,37,144,null
63,142,947,728,null
570,857,533,467,null
2409,79,259,635,null
2644,317,65,766,null
1574,15,666,862,null
986,913,752,746,null
356,922,265,965,null
980,82,198,91,null
764,971,274,296,null
876,238,318,710,null
310,352,311,20,null
364,11,163,888,null
61,104,126,244,null
2496,46,722,376,null
187,152,479,149,null
2507,565,295,91,null
1181,743,870,97,null
3150,708,591,241,null
249,479,903,62,null
124,829,382,507,null
156,448,146,491,null
1022,226,653,943,null
2985,637,175,183,null
967,142,555,841,null
508,253,832,985,null
12,517,604,104,null
3149,452,717,81,null
666,84,910,165,null
1735,972,375,139,null
58,321,220,880,null
2667,557,899,599,null
2086,29,244,10,null
2637,328,433,796,null
2568,839,919,139,null
2742,835,956,754,null
1227,321,870,923,null
68,788,6,43,null
302,181,559,411,null
2674,678,582,529,null
1701,907,106,937,null
1592,881,314,269,null
1656,62,19,965,null
2652,470,160,61,null
48,840,537,643,null
494,483,374,475,null
2313,169,659,978,null
1548,211,691,50,null
778,171,112,921,null
2959,124,109,115,null
2359,865,470,586,null
71,496,155,536,null
2069,304,120,655,null
1136,955,364,590,null
2927,736,404,78,null
583,596,309,471,null
2808,899,814,983,null
2216,18,245,262,null
1738,987,197,80,null
1224,187,170,783,null
2780,884,791,214,null
520,629,178,787,null
2553,477,766,464,null
1885,406,598,155,null
317,46,412,552,null
424,196,683,990,null
208,772,346,1000,null
1899,581,783,806,null
2483,525,30,667,null
2691,9,710,118,null
2088,309,645,628,null
2595,295,431,49,null
548,596,949,723,null
2113,256,309,777,null
2197,781,44,298,null
2432,893,308,111,null
901,102,903,485,null
369,715,20,1,null
2084,687,529,559,null
1204,800,247,654,null
2091,520,426,626,null
2769,730,809,727,null
2201,386,2,324,null
2227,331,18,538,null
362,177,547,834,null
2980,147,383,289,null
3093,40,967,661,null
1349,104,985,199,null
186,968,602,438,null
727,493,440,60,null
805,404,807,62,null
781,811,137,452,null
544,439,34,389,null
1985,925,728,114,null
326,933,752,203,null
507,683,924,828,null
1221,77,400,255,null
1704,176,5,33,null
290,812,271,540,null
1594,542,678,613,null
2061,69,383,631,null
697,507,457,173,null
2809,157,477,437,null
1728,342,874,853,null
561,254,110,171,null
1603,917,703,866,null
2783,692,979,82,null
1145,819,878,70,null
2249,72,206,269,null
2788,835,182,509,null
853,821,522,848,null
2038,160,307,276,null
1304,560,622,249,null
1512,7,82,926,null
3106,796,24,163,null
2933,745,854,51,null
919,679,963,780,null
668,189,956,281,null
1167,622,308,241,null
1500,955,246,578,null
977,839,946,151,null
137,476,569,285,null
797,244,72,775,null
2065,24,662,248,null
3031,193,808,9,null
2070,785,96,60,null
2519,518,955,635,null
340,653,789,973,null
255,876,534,860,null
1046,564,294,738,null
97,960,585,719,null
2129,835,646,552,null
359,263,370,168,null
2801,198,600,429,null
103,627,241,238,null
2749,535,42,701,null
1540,927,913,775,null
2337,654,795,834,null
3068,673,176,65,null
209,186,209,524,null
804,532,506,482,null
116,575,984,716,null
1189,516,596,232,null
1431,583,702,593,null
2077,467,230,484,null
1718,141,652,970,null
1263,567,861,806,null
1968,901,500,846,null
2325,834,680,396,null
523,482,64,234,null
2380,143,147,649,null
1365,994,638,460,null
2797,311,1,802,null
768,16,522,957,null
683,881,641,64,null
1942,109,752,587,null
1242,735,374,188,null
2796,290,769,688,null
2847,421,811,228,null
287,831,559,588,null
803,322,140,917,null
2456,56,958,776,null
1746,704,364,777,null
286,727,641,682,null
1101,154,234,150,null
2762,118,378,587,null
1630,628,598,573,null
2898,203,927,268,null
542,498,938,561,null
899,827,405,253,null
711,559,386,267,null
1660,582,640,115,null
775,633,863,873,null
3092,847,657,399,null
695,599,224,893,null
699,40,65,142,null
2004,714,639,133,null
1898,614,218,573,null
1697,739,849,402,null
1279,668,419,552,null
1751,223,21,314,null
3045,992,141,544,null
1536,829,282,111,null
313,636,153,497,null
1406,805,440,477,null
618,422,958,760,null
1419,871,234,45,null
1779,347,18,418,null
1918,233,154,496,null
1153,815,284,692,null
3037,229,938,299,null
1729,914,197,1,null
1739,863,465,507,null
2327,956,667,435,null
510,362,787,519,null
2178,60,338,385,null
1309,468,191,786,null
2366,158,175,732,null
1884,149,356,41,null
1686,366,271,158,null
823,689,814,845,null
240,649,263,406,null
2592,518,12,918,null
2798,153,359,24,null
583,295,308,786,null
2915,402,618,537,null
2870,453,375,329,null
665,424,90,815,null
1204,484,715,582,null
1020,505,355,470,null
2815,202,385,565,null
3055,277,636,700,null
196,474,505,650,null
490,591,384,484,null
2169,639,71,11,null
2366,875,276,387,null
3062,717,867,30,null
1004,170,303,849,null
763,205,278,922,null
2294,141,373,645,null
362,815,469,470,null
699,965,844,952,null
593,716,629,222,null
694,793,715,961,null
1858,607,220,803,null
3087,796,291,772,null
2914,259,127,263,null
2559,67,771,515,null
629,32,864,485,null
2190,973,917,920,null
3108,395,225,756,null
1135,575,783,701,null
610,52,811,312,null
390,28,376,149,null
2017,266,449,853,null
327,835,888,391,null
1941,815,108,289,null
2725,187,810,736,null
611,489,757,57,null
2762,940,588,962,null
1351,119,965,153,null
593,363,58,483,null
2577,207,808,820,null
841,771,400,905,null
1596,60,890,201,null
1661,957,654,409,null
1036,682,666,879,null
2251,323,909,516,null
1004,932,212,753,null
2163,861,382,23,null
2266,516,983,594,null
1187,255,715,654,null
3009,279,792,52,null
691,284,647,791,null
795,607,986,841,null
1185,482,90,672,null
1176,599,490,531,null
3094,337,667,800,null
1754,208,101,440,null
137,822,791,21,null
1188,562,933,886,null
2250,31,249,860,null
1675,979,529,344,null
1823,479,225,597,null
1325,371,530,133,null
664,849,139,936,null
480,884,640,272,null
2506,464,704,985,null
1832,951,463,709,null
2408,75,458,333,null
329,781,635,971,null
2727,799,965,75,null
1732,530,126,538,null
3055,867,908,951,null
351,211,554,411,null
414,224,89,385,null
1855,313,62,545,null
2694,37,31,319,null
421,224,915,507,null
680,617,849,453,null
710,818,811,212,null
2244,242,81,945,null
802,152,864,222,null
931,127,851,194,null
1266,990,655,773,null
2773,218,152,736,null
2631,90,388,222,null
1886,488,703,292,null
827,965,239,156,null
3061,102,736,632,null
2341,630,932,863,null
1828,552,947,753,null
1620,332,968,855,null
1785,37,980,52,null
234,528,211,88,null
1393,905,544,246,null
1231,722,351,433,null
2381,190,240,712,null
320,437,4,425,null
2321,468,176,983,null
318,260,861,81,null
1996,969,961,103,null
501,126,349,56,null
2135,775,639,256,null
2262,605,862,658,null
3118,391,472,587,null
1465,448,80,97,null
342,828,515,785,null
2335,458,319,438,null
1186,94,243,831,null
2038,787,582,799,null
552,124,422,577,null
1185,296,250,543,null
2113,567,301,176,null
2269,402,115,448,null
1237,610,978,855,null
1484,971,81,875,null
745,102,82,617,null
1506,207,975,834,null
1369,274,319,171,null
1144,426,955,921,null
3028,587,384,582,null
1738,891,656,197,null
3047,594,823,29,null
541,726,200,450,null
855,76,892,983,null
173,412,699,920,null
2692,931,233,179,null
878,423,231,845,null
2565,52,366,711,null
2340,414,807,982,null
3034,322,692,764,null
1174,707,65,170,null
1709,933,119,776,null
137,38,556,927,null
2973,896,546,998,null
2992,346,689,301,null
1159,999,378,330,null
299,751,410,413,null
399,920,424,896,null
1392,207,266,596,null
2931,535,573,769,null
357,728,953,610,null
1933,352,311,419,null
2824,761,51,947,null
574,427,171,643,null
680,184,720,270,null
557,341,628,720,null
2856,273,469,860,null
1438,858,200,413,null
2392,35,943,545,null
1093,219,862,960,null
1163,599,293,855,null
2407,327,104,524,null
874,492,97,193,null
3180,127,326,590,null
1780,45,803,282,null
863,923,478,626,null
2208,818,466,484,null
2966,944,187,834,null
624,826,799,233,null
2461,486,557,295,null
2763,24,505,117,null
3181,38,233,232,null
1422,823,465,859,null
411,368,915,343,null
664,435,16,86,null
2516,353,869,880,null
3151,383,466,218,null
1245,603,115,990,null
2978,345,543,56,null
2237,469,701,398,null
1944,707,560,571,null
1651,135,792,978,null
2384,479,327,588,null
2602,39,936,843,null
2062,928,947,167,null
3087,216,874,151,null
406,520,578,323,null
1483,91,50,379,null
1715,23,874,606,null
720,27,376,490,null
1231,328,803,263,null
2322,434,80,524,null
2020,40,86,389,null
1171,53,60,516,null
2166,425,703,490,null
480,648,694,518,null
25,318,71,906,null
878,289,90,680,null
1006,445,633,689,null
1779,903,894,468,null
485,185,233,460,null
1105,267,985,305,null
1677,243,790,421,null
955,685,753,282,null
3133,59,917,996,null
1471,875,723,598,null
320,287,194,251,null
1806,128,851,525,null
160,777,531,806,null
344,337,286,395,null
2930,748,228,920,null
3134,887,802,647,null
2909,140,581,762,null
2442,45,25,263,null
1598,906,140,281,null
708,657,483,127,null
2474,97,219,217,null
2609,344,635,439,null
1277,761,829,751,null
333,534,303,523,null
259,28,510,236,null
2437,607,134,234,null
169,95,748,968,null
2032,629,913,641,null
1216,975,584,405,null
1459,544,453,940,null
1844,400,582,587,null
171,161,169,251,null
2348,921,259,31,null
437,955,963,35,null
1132,535,608,493,null
907,754,159,779,null
1097,786,593,861,null
1576,622,524,221,null
898,110,55,965,null
985,601,443,677,null
2109,321,870,675,null
2909,109,525,139,null
1182,424,661,82,null
1603,889,310,806,null
1403,451,696,642,null
1718,368,472,76,null
2228,508,67,630,null
1948,492,108,907,null
442,858,743,54,null
193,752,302,352,null
1468,213,837,56,null
1868,979,764,964,null
2242,162,376,636,null
2516,987,263,477,null
1760,612,754,665,null
2324,769,473,1,null
1629,14,262,843,null
1038,80,306,456,null
2072,114,80,406,null
56,841,507,765,null
725,487,619,834,null
759,674,292,399,null
428,634,422,917,null
2744,634,92,664,null
2949,468,502,181,null
1819,81,628,190,null
673,369,733,11,null
784,214,152,574,null
3168,163,62,919,null
1649,654,148,285,null
2057,221,162,442,null
3157,680,664,77,null
2543,943,440,949,null
1944,513,644,362,null
1310,839,625,988,null
2487,16,183,607,null
2015,453,811,788,null
3040,750,690,969,null
2329,699,25,84,null
1604,303,708,775,null
2632,767,696,261,null
1698,281,820,862,null
1179,675,593,126,null
2920,786,865,435,null
2746,728,309,496,null
586,840,631,904,null
998,197,350,435,null
209,525,167,985,null
1186,270,236,560,null
1998,779,577,817,null
2078,856,72,895,null
2373,651,25,406,null
2037,74,258,838,null
2016,677,595,899,null
2060,7,658,529,null
2355,713,52,253,null
2776,47,176,807,null
2161,807,226,657,null
2481,721,232,359,null
1993,745,666,491,null
2333,13,421,205,null
269,878,97,912,null
1497,432,995,176,null
3119,261,777,334,null
2707,403,674,764,null
1879,967,416,990,null
2400,281,625,206,null
1785,973,904,937,null
802,633,183,820,null
210,277,712,725,null
1976,869,100,243,null
1087,361,828,84,null
2831,791,714,418,null
2227,348,711,301,null
2034,994,403,376,null
643,363,555,958,null
2131,369,941,254,null
353,114,758,619,null
2879,924,62,585,null
870,633,547,275,null
198,848,242,836,null
585,152,965,829,null
351,508,184,171,null
2847,23,540,908,null
734,76,179,458,null
1275,362,640,60,null
2191,160,204,805,null
1687,283,428,966,null
332,503,980,710,null
1233,609,641,577,null
470,668,430,491,null
75,482,821,329,null
1310,695,743,755,null
3151,910,697,22,null
2965,886,66,471,null
2311,870,42,336,null
1126,50,477,669,null
1154,325,200,950,null
2825,44,938,993,null
2392,513,791,883,null
155,604,69,237,null
155,458,147,705,null
2860,259,303,358,null
12,66,37,624,null
625,823,747,681,null
298,166,422,630,null
2904,754,56,490,null
451,181,890,593,null
3073,183,841,741,null
1873,466,275,604,null
331,727,892,523,null
2259,144,95,977,null
2063,142,643,31,null
765,508,785,567,null
1648,358,771,886,null
2113,203,43,993,null
2462,672,83,10,null
2620,764,513,972,null
517,414,527,526,null
681,476,609,611,null
901,845,840,182,null
405,604,693,910,null
546,253,957,536,null
2151,874,494,101,null
2134,847,515,683,null
2477,533,49,336,null
1642,800,221,213,null
1437,898,598,405,null
1503,287,425,32,null
2701,974,318,158,null
1318,754,580,60,null
1649,711,583,636,null
759,264,19,87,null
3042,769,873,564,null
937,367,733,723,null
2451,701,68,355,null
3173,474,17,634,null
2388,86,680,201,null
2639,118,887,704,null
71,645,17,853,null
2917,995,509,680,null
2458,291,103,715,null
1333,280,880,242,null
1843,915,778,560,null
996,892,366,931,null
556,721,712,809,null
1407,619,106,444,null
370,771,297,985,null
1534,677,990,458,null
2220,31,305,929,null
836,796,776,995,null
2960,934,197,449,null
1640,600,91,288,null
3085,112,610,795,null
386,274,626,94,null
277,540,117,391,null
2669,997,215,390,null
622,408,483,28,null
2044,615,433,428,null
1145,427,542,831,null
1568,31,62,148,null
2403,180,782,423,null
2481,548,878,325,null
987,519,380,801,null
2848,150,547,973,null
979,831,959,628,null
2444,64,381,265,null
120,181,766,119,null
898,812,433,388,null
1750,639,545,764,null
1868,764,993,195,null
1796,295,96,436,null
2674,337,249,75,null
2326,139,312,403,null
2070,683,542,504,null
2362,877,406,968,null
1796,495,973,27,null
2829,835,795,350,null
945,283,456,504,null
930,850,311,933,null
1750,286,398,937,null
2259,972,148,112,null
521,335,506,190,null
574,578,778,636,null
571,590,514,924,null
2870,132,988,962,null
830,770,188,353,null
1870,876,496,2,null
1635,716,707,94,null
1743,93,511,354,null
2673,67,234,390,null
848,965,295,646,null
1865,932,26,211,null
903,780,374,375,null
408,497,145,465,null
3110,480,472,140,null
1872,425,165,994,null
1481,314,381,172,null
980,326,620,15,null
2857,152,893,13,null
1107,493,496,553,null
2378,59,342,186,null
941,174,350,393,null
2577,772,286,443,null
2990,494,315,914,null
1055,248,915,988,null
2365,778,995,519,null
2100,299,217,622,null
2994,786,316,698,null
3067,580,91,935,null
1005,241,523,426,null
1280,879,771,941,null
2667,125,818,392,null
2421,445,726,834,null
1905,807,326,469,null
2559,543,399,372,null
989,869,235,910,null
495,468,126,227,null
2110,393,760,873,null
998,162,757,795,null
469,830,279,757,null
855,202,971,183,null
2805,21,365,520,null
2304,125,423,863,null
252,589,76,977,null
1127,577,686,977,null
1436,919,561,623,null
893,491,566,900,null
646,790,642,92,null
1939,135,933,861,null
242,934,820,81,null
139,638,981,567,null
717,588,8,610,null
808,331,146,380,null
2588,246,487,871,null
1276,990,2,328,null
3169,788,194,561,null
1994,168,986,648,null
2403,965,837,491,null
2445,858,800,592,null
1927,320,346,352,null
2825,136,552,536,null
277,62,888,503,null
2818,128,963,478,null
2683,418,399,810,null
2793,131,433,4,null
940,228,456,726,null
807,736,176,716,null
1241,526,189,368,null
3098,194,970,143,null
560,400,817,753,null
1272,815,665,624,null
2460,994,599,129,null
741,21,437,492,null
1592,178,179,475,null
1096,997,41,259,null
3157,775,668,655,null
1541,562,371,14,null
26,795,4,978,null
526,134,57,93,null
503,755,616,824,null
1745,508,951,66,null
820,509,88,595,null
598,124,222,712,null
727,574,814,517,null
3084,602,775,133,null
2739,531,13,21,null
349,236,549,130,null
2650,845,867,966,null
2640,499,375,626,null
636,952,111,915,null
2308,31,703,490,null
2015,79,975,601,null
1423,827,261,338,null
862,716,451,209,null
769,820,258,18,null
2620,318,41,833,null
91,483,438,976,null
1322,345,45,947,null
1521,300,562,140,null
1151,240,123,80,null
362,326,864,683,null
2093,1,639,314,null
2726,417,477,569,null
2909,492,872,863,null
2591,102,80,790,null
2902,351,410,167,null
599,863,974,546,null
1094,307,547,726,null
891,981,791,876,null
195,49,362,701,null
2765,502,156,758,null
2817,554,228,566,null
1571,399,587,299,null
163,186,271,243,null
244,542,970,665,null
213,221,556,231,null
2307,613,377,923,null
1634,218,589,542,null
2009,954,733,827,null
2422,142,275,966,null
441,728,869,334,null
1360,919,466,664,null
528,941,508,312,null
2388,365,507,310,null
2324,319,679,761,null
21,657,173,790,null
312,937,657,242,null
856,942,341,683,null
2999,396,12,466,null
2254,505,497,528,null
1324,847,698,613,null
1149,365,148,303,null
100,202,116,313,null
1571,106,596,787,null
2485,163,121,816,null
25,94,103,336,null
3094,496,167,353,null
2689,453,973,503,null
41,498,381,285,null
1897,518,713,925,null
263,195,783,953,null
44,437,984,499,null
753,815,31,546,null
214,789,325,5,null
2015,766,346,6,null
45,175,654,851,null
1391,532,883,775,null
1537,93,130,733,null
2967,135,878,880,null
2869,558,769,334,null
2831,342,370,907,null
1420,863,273,432,null
2066,521,525,532,null
1129,400,589,278,null
1939,950,262,102,null
2599,968,949,281,null
1229,150,901,556,null
1020,739,123,37,null
1229,189,248,279,null
724,65,666,270,null
2883,812,875,489,null
825,347,34,25,null
1391,446,862,742,null
2781,313,709,623,null
874,997,483,700,null
2954,976,966,586,null
1057,381,107,715,null
829,209,719,381,null
2654,354,339,487,null
2580,630,891,580,null
111,98,509,640,null
67,513,721,420,null
2946,298,914,191,null
1260,115,441,527,null
37,195,570,276,null
1205,165,644,407,null
305,997,760,40,null
2209,915,118,741,null
2805,792,376,235,null
1236,397,18,554,null
512,937,140,163,null
2754,79,707,97,null
3093,190,397,776,null
2922,653,999,764,null
160,492,901,978,null
2362,889,659,354,null
2932,750,494,858,null
465,445,837,245,null
1550,509,866,358,null
3020,919,188,19,null
1041,742,284,269,null
1723,388,179,61,null
608,761,152,643,null
2689,888,171,883,null
1760,874,764,929,null
3135,32,248,132,null
2173,96,84,566,null
2336,109,225,635,null
931,965,110,931,null
504,101,341,840,null
3149,973,723,596,null
2612,249,328,649,null
2072,629,57,954,null
1221,959,466,647,null
1871,59,141,334,null
608,75,961,56,null
3007,662,755,882,null
91,876,461,629,null
2010,944,136,527,null
1711,585,47,7,null
824,800,284,879,null
1453,851,942,17,null
2768,920,716,781,null
794,209,647,801,null
2193,864,648,242,null
565,58,558,699,null
2798,422,313,844,null
909,542,676,901,null
3060,754,174,202,null
727,270,318,310,null
241,551,400,266,null
1446,882,47,348,null
1780,414,192,814,null
2474,49,775,265,null
1014,933,572,992,null
191,207,33,868,null
3017,655,720,23,null
673,706,720,730,null
1805,419,691,26,null
2349,389,879,604,null
3064,91,547,171,null
2994,871,566,821,null
829,14,405,678,null
507,301,930,332,null
778,826,123,191,null
2881,352,765,210,null
1068,667,330,424,null
565,850,172,626,null
2912,904,762,633,null
2216,21,564,661,null
187,821,992,679,null
1009,863,560,895,null
843,815,805,549,null
107,85,274,346,null
602,773,17,874,null
659,44,486,785,null
3024,892,274,841,null
2166,830,518,304,null
172,857,481,94,null
2610,473,819,777,null
1848,135,266,911,null
717,919,760,375,null
2739,87,860,750,null
2353,918,616,853,null
185,462,728,181,null
2527,817,826,162,null
3113,951,355,164,null
1138,460,842,574,null
2596,448,883,935,null
2469,939,353,337,null
1381,472,296,834,null
2954,422,568,510,null
2989,406,423,346,null
1646,889,216,364,null
2811,182,161,581,null
2902,112,53,635,null
294,769,72,961,null
3150,334,75,118,null
1929,558,983,358,null
1397,383,166,222,null
966,972,237,996,null
536,519,322,395,null
3091,308,450,549,null
1004,172,689,962,null
2870,961,169,211,null
2437,338,978,17,null
1678,360,197,99,null
1350,897,650,323,null
999,236,75,225,null
213,184,328,270,null
1015,801,549,15,null
2376,863,513,293,null
3080,353,526,738,null
615,979,478,282,null
808,77,684,672,null
3045,633,562,849,null
2885,350,298,1000,null
2231,40,227,730,null
1354,922,210,294,null
447,887,655,541,null
2116,364,399,823,null
986,529,711,663,null
2056,340,274,896,null
204,168,348,965,null
371,534,710,754,null
1212,584,508,402,null
15,155,58,108,null
1440,38,347,441,null
2687,884,372,403,null
2511,985,12,707,null
2504,130,465,46,null
289,812,841,925,null
371,44,505,579,null
2344,85,21,430,null
2038,825,639,229,null
874,864,452,214,null
627,616,210,808,null
383,746,334,511,null
1574,391,430,769,null
907,798,224,488,null
2610,603,59,279,null
2097,86,725,901,null
2435,114,480,590,null
169,227,311,576,null
1476,645,969,77,null
2592,83,773,611,null
959,830,702,876,null
1787,765,30,758,null
1126,583,429,487,null
2252,503,719,436,null
2676,810,644,405,null
546,599,960,395,null
1439,725,375,926,null
676,170,165,445,null
249,848,998,614,null
2432,451,771,25,null
2939,662,44,27,null
523,536,709,306,null
259,239,942,697,null
210,354,634,360,null
1920,553,373,941,null
2074,923,159,376,null
1836,696,324,354,null
2264,461,123,131,null
2948,655,10,793,null
1110,581,392,602,null
576,952,28,711,null
1372,719,592,367,null
1658,972,29,644,null
2425,349,607,523,null
2479,124,208,681,null
2211,708,627,882,null
1557,118,1000,762,null
1058,269,890,316,null
10,753,644,827,null
2234,907,12,214,null
661,810,387,273,null
2142,38,930,688,null
2712,422,30,349,null
1727,264,474,909,null
905,999,452,671,null
2101,96,924,485,null
656,996,413,669,null
570,475,322,800,null
2431,942,27,188,null
257,730,750,204,null
2503,639,293,720,null
2119,763,773,235,null
559,857,895,944,null
1006,181,659,238,null
1398,25,394,687,null
1101,245,921,813,null
361,375,389,886,null
2892,378,932,100,null
941,523,723,618,null
1547,209,966,354,null
109,354,801,681,null
1821,192,22,683,null
1574,761,870,393,null
1111,281,625,258,null
2618,808,9,184,null
301,927,422,1000,null
2914,614,164,626,null
3100,877,934,585,null
2328,63,327,618,null
1845,231,856,487,null
1358,207,220,711,null
1114,517,702,73,null
2157,255,674,978,null
1967,29,170,399,null
2469,14,754,574,null
295,415,823,778,null
772,330,741,57,null
2105,124,790,93,null
2792,523,143,455,null
879,255,252,931,null
1175,478,787,281,null
154,135,962,605,null
2283,994,940,653,null
2337,472,404,73,null
1262,773,629,242,null
578,133,341,715,null
1523,199,601,95,null
2789,750,149,331,null
1647,565,693,700,null
629,719,979,540,null
3069,705,335,950,null
511,79,291,984,null
1573,257,267,35,null
2125,790,199,912,null
81,452,556,604,null
2541,1,806,617,null
461,340,616,128,null
178,919,962,496,null
1734,477,691,49,null
526,123,165,693,null
1243,213,499,873,null
411,116,574,455,null
2352,528,810,913,null
1483,626,689,326,null
2149,999,630,760,null
3043,34,18,56,null
2888,670,22,101,null
1788,534,513,154,null
1853,242,921,56,null
582,105,714,755,null
1218,824,898,805,null
487,962,576,432,null
603,109,592,301,null
1980,783,12,844,null
1525,501,528,481,null
1143,264,55,150,null
426,323,287,242,null
598,471,5,305,null
2010,732,263,774,null
3076,970,480,951,null
3127,360,830,572,null
2664,5,932,461,null
2939,186,350,440,null
2054,865,54,606,null
1099,932,861,374,null
2901,935,168,422,null
1984,275,111,901,null
2032,687,684,906,null
477,733,223,507,null
1989,833,10,372,null
244,397,641,801,null
1503,357,550,250,null
2498,301,558,912,null
2802,783,162,163,null
276,980,894,327,null
2291,286,845,715,null
1950,222,810,668,null
1275,310,790,952,null
1862,646,788,999,null
1605,744,842,229,null
332,654,308,577,null
3017,652,946,509,null
584,597,49,915,null
2041,502,237,638,null
2025,72,925,958,null
79,708,866,416,null
1615,996,57,13,null
1752,377,454,223,null
538,396,944,17,null
774,165,537,829,null
2435,191,810,972,null
2451,671,394,596,null
2009,913,206,458,null
1941,506,731,180,null
1728,991,728,363,null
182,446,266,163,null
514,721,693,989,null
99,515,239,325,null
470,240,354,655,null
76,667,866,69,null
1224,351,887,814,null
188,35,260,606,null
3102,497,577,25,null
1463,628,882,471,null
920,419,643,641,null
1393,790,431,126,null
1917,780,909,873,null
371,985,692,129,null
2446,242,2,132,null
19,87,169,690,null
77,524,751,716,null
2159,707,535,324,null
2054,345,92,357,null
1345,52,395,405,null
1006,941,320,908,null
1619,46,934,91,null
2322,548,527,859,null
978,242,567,498,null
1541,839,275,999,null
2275,663,780,852,null
2686,404,702,100,null
1047,538,744,754,null
1473,714,566,869,null
2428,114,450,233,null
1677,554,306,956,null
2382,538,777,404,null
903,891,429,641,null
1214,958,227,605,null
1069,775,403,699,null
1532,812,679,455,null
1388,55,406,672,null
2444,318,631,133,null
274,326,91,504,null
1825,554,947,125,null
1383,103,470,630,null
480,711,645,619,null
729,612,193,470,null
2214,628,102,840,null
1398,151,698,842,null
1761,697,919,613,null
1756,274,176,847,null
2322,863,358,247,null
2967,114,992,429,null
26,269,681,722,null
2688,612,241,658,null
2348,468,139,450,null
1521,123,717,894,null
1194,109,857,259,null
540,746,797,691,null
53,877,1000,597,null
756,49,674,893,null
636,936,145,886,null
1148,502,57,156,null
3155,60,788,851,null
1862,168,352,615,null
924,759,503,697,null
2950,18,731,651,null
1818,948,396,103,null
2467,35,776,947,null
1244,177,118,685,null
193,941,725,319,null
746,795,137,383,null
573,461,383,915,null
2559,834,829,726,null
406,138,28,459,null
964,310,320,622,null
1434,110,478,126,null
1613,72,535,289,null
2216,311,271,186,null
1957,478,736,149,null
983,191,806,664,null
2415,51,463,565,null
1098,958,136,450,null
2318,898,943,230,null
755,92,85,462,null
848,675,264,751,null
1057,658,107,772,null
2500,488,163,613,null
749,852,258,797,null
1860,738,338,765,null
2784,995,130,455,null
432,187,477,454,null
3179,823,256,574,null
2028,605,763,640,null
2303,165,886,568,null
1062,692,640,354,null
665,161,931,630,null
2237,813,877,217,null
2187,591,900,119,null
1923,791,132,621,null
830,670,707,229,null
1075,925,952,375,null
2880,539,472,32,null
216,730,104,23,null
1343,543,985,220,null
2183,61,68,105,null
1710,627,411,466,null
890,698,715,754,null
804,500,520,333,null
2984,428,900,7,null
3038,281,366,463,null
1638,408,886,818,null
1222,279,912,616,null
696,908,562,98,null
2557,852,227,245,null
1949,261,371,357,null
78,412,417,930,null
581,264,451,253,null
201,928,492,275,null
686,712,93,614,null
948,373,215,376,null
1345,134,843,835,null
2661,452,552,50,null
1450,609,690,539,null
491,796,510,632,null
2603,87,984,870,null
2662,411,425,481,null
1618,544,451,184,null
1896,290,788,311,null
61,911,466,923,null
2977,836,657,208,null
1721,74,654,36,null
350,788,31,919,null
2127,438,253,575,null
358,327,279,971,null
1065,82,891,110,null
1392,92,167,348,null
3026,760,124,842,null
2004,789,385,702,null
136,262,172,438,null
2687,636,168,538,null
3148,766,717,86,null
833,987,383,378,null
13,876,447,453,null
2104,682,798,978,null
629,751,294,150,null
2581,619,116,958,null
235,129,469,505,null
1962,174,885,887,null
2373,785,664,476,null
2840,553,73,559,null
482,603,509,932,null
218,488,474,450,null
448,675,51,254,null
505,17,432,69,null
2012,220,206,755,null
3141,528,948,91,null
485,452,577,763,null
2739,997,771,342,null
2166,472,334,259,null
2249,288,306,967,null
1052,86,146,513,null
1898,252,802,564,null
794,519,535,166,null
2647,543,940,193,null
207,946,423,977,null
2934,578,202,546,null
1218,4,200,131,null
2156,363,53,92,null
225,632,415,762,null
1037,104,504,318,null
541,732,740,725,null
2326,568,767,6,null
1635,507,93,769,null
3021,623,572,812,null
2407,502,85,626,null
2269,990,385,565,null
1247,967,482,531,null
2217,987,538,421,null
116,622,829,127,null
1585,846,914,909,null
321,287,63,311,null
2622,62,13,240,null
1826,834,263,606,null
2803,87,364,619,null
2068,226,157,236,null
2234,925,912,999,null
760,397,37,44,null
1387,696,724,961,null
1373,171,857,744,null
2341,190,619,492,null
3097,613,90,321,null
2465,211,59,227,null
855,95,843,818,null
2224,288,29,401,null
174,423,495,228,null
458,899,301,221,null
986,171,407,583,null
1540,18,517,836,null
261,266,272,766,null
358,264,936,544,null
1195,779,579,417,null
108,749,84,453,null
2335,40,231,924,null
1770,379,745,807,null
1930,946,7,96,null
1169,625,798,964,null
2792,316,957,1,null
2067,216,151,342,null
2759,688,154,266,null
2596,537,908,673,null
154,450,115,883,null
35,879,864,496,null
1615,68,15,797,null
289,495,220,565,null
1171,660,302,185,null
2792,738,671,328,null
1308,777,316,866,null
789,290,576,267,null
450,806,180,536,null
2123,823,288,137,null
412,121,774,885,null
2369,716,664,715,null
2003,80,376,805,null
3133,147,425,204,null
126,477,470,983,null
3065,746,215,835,null
2433,638,432,965,null
274,914,863,306,null
2702,56,439,958,null
1662,231,115,133,null
2453,566,843,2,null
20,157,336,75,null
2173,334,959,707,null
2978,344,528,359,null
1257,518,474,801,null
1943,578,180,198,null
420,381,39,299,null
518,111,69,11,null
1915,217,199,418,null
1957,746,654,691,null
1642,212,252,224,null
2039,713,293,976,null
2139,860,691,345,null
1175,524,100,238,null
1703,789,885,710,null
1319,674,441,353,null
823,310,371,678,null
295,39,424,424,null
2667,921,602,782,null
478,393,249,669,null
2347,562,426,694,null
1624,164,815,713,null
1117,396,564,620,null
911,189,50,273,null
3149,725,831,921,null
2288,764,888,799,null
1880,111,936,912,null
1434,997,422,268,null
995,172,924,148,null
1325,286,458,684,null
1366,787,944,907,null
1239,54,233,487,null
1692,320,304,841,null
322,335,783,972,null
453,444,273,727,null
2830,356,80,168,null
311,379,570,876,null
2776,588,112,652,null
427,383,897,704,null
148,934,580,288,null
688,750,266,632,null
3170,148,213,402,null
842,292,894,200,null
2640,87,149,755,null
2285,88,502,974,null
977,11,821,764,null
2002,354,447,350,null
2304,930,68,396,null
539,202,961,231,null
617,955,781,66,null
1132,938,415,91,null
1345,688,481,828,null
1157,690,584,552,null
2637,471,165,803,null
2725,647,280,579,null
1452,857,739,181,null
1266,944,335,302,null
117,634,782,775,null
2486,161,668,392,null
379,557,102,424,null
2837,141,732,886,null
2626,466,290,972,null
2209,554,236,690,null
2436,519,48,715,null
491,413,959,610,null
2974,211,488,14,null
2559,459,622,26,null
865,735,662,830,null
1470,525,413,267,null
1976,883,975,1000,null
2170,388,613,841,null
2408,833,205,1,null
1911,116,973,27,null
2956,902,850,866,null
769,656,868,1000,null
336,633,299,135,null
2629,618,544,890,null
2245,355,628,189,null
2353,37,180,887,null
1595,138,640,152,null
2474,349,6,905,null
579,621,847,136,null
1739,528,568,657,null
864,117,638,873,null
2276,444,624,954,null
3112,51,749,383,null
429,527,20,118,null
2822,21,43,120,null
48,841,548,872,null
1071,944,256,121,null
2761,490,349,452,null
1656,686,384,783,null
29,789,639,118,null
1609,766,412,333,null
855,662,656,579,null
479,544,222,11,null
2270,259,159,374,null
3121,4,268,599,null
923,383,33,775,null
412,7,177,673,null
327,483,678,738,null
724,46,158,804,null
1648,488,711,456,null
1225,227,507,135,null
1269,435,855,16,null
2030,989,164,133,null
833,834,902,936,null
2375,457,820,31,null
2239,854,85,171,null
1156,950,404,990,null
2139,585,690,382,null
2414,932,808,98,null
3101,636,579,502,null
824,734,831,839,null
1487,998,810,386,null
2183,924,50,804,null
3131,264,816,373,null
3022,329,356,798,null
1122,19,397,774,null
1049,285,692,515,null
2303,610,139,72,null
1600,234,932,289,null
1015,828,123,513,null
1578,393,963,167,null
2038,16,997,249,null
1962,963,915,554,null
2956,662,755,177,null
2038,817,98,76,null
2781,195,635,904,null
2744,741,481,517,null
2324,328,972,204,null
469,897,290,706,null
324,870,29,450,null
2076,608,62,630,null
1372,737,334,888,null
377,493,503,529,null
1472,988,46,825,null
1524,489,210,729,null
1792,203,531,551,null
2066,71,364,668,null
1662,603,861,22,null
1361,991,781,181,null
209,976,833,705,null
2465,881,110,491,null
2420,461,92,75,null
1081,30,426,865,null
1407,873,214,722,null
1192,803,676,456,null
2942,937,469,373,null
890,801,486,571,null
3073,938,952,356,null
2725,323,593,555,null
566,120,840,961,null
2386,853,816,333,null
1566,878,95,156,null
3161,273,272,415,null
58,535,61,328,null
1539,92,721,999,null
2201,619,352,155,null
3121,797,869,367,null
2064,729,88,673,null
2866,438,844,689,null
473,639,640,487,null
1115,306,771,972,null
851,802,304,947,null
1103,889,806,445,null
1976,769,167,499,null
1201,637,872,199,null
1443,116,922,935,null
1851,682,695,993,null
880,293,616,835,null
487,219,634,3,null
2878,998,737,811,null
504,822,972,238,null
2230,275,912,877,null
156,386,698,900,null
428,859,676,207,null
2519,575,492,371,null
623,1000,997,42,null
906,790,522,969,null
597,689,63,655,null
1511,790,185,110,null
2251,606,196,420,null
1728,754,244,867,null
73,639,227,907,null
2976,707,563,952,null
165,699,872,646,null
1563,664,700,596,null
2648,320,116,709,null
3084,313,277,394,null
1654,770,593,402,null
1999,49,554,531,null
796,790,381,1000,null
2009,183,280,178,null
226,709,250,565,null
923,524,30,995,null
1683,383,406,396,null
2574,300,246,837,null
1430,294,40,864,null
2549,791,476,87,null
58,159,46,837,null
2593,987,129,936,null
690,546,682,464,null
2201,819,308,119,null
1602,946,555,98,null
580,331,638,986,null
2903,120,82,571,null
641,715,630,558,null
2894,509,565,896,null
2879,339,428,235,null
1236,398,659,63,null
940,996,169,794,null
2188,300,605,722,null
2321,986,758,307,null
1606,326,312,85,null
2630,662,958,195,null
2816,868,214,149,null
1769,874,597,469,null
576,194,704,595,null
1753,352,146,999,null
1397,824,690,720,null
964,808,91,236,null
568,646,651,337,null
3102,521,586,487,null
1211,646,769,189,null
2023,108,745,513,null
43,159,465,987,null
1958,370,230,866,null
3075,45,56,698,null
2034,240,495,746,null
1749,814,146,334,null
1842,518,623,242,null
697,234,135,973,null
3126,938,44,265,null
524,742,587,434,null
1071,283,153,540,null
658,100,621,359,null
133,260,382,695,null
2901,897,893,457,null
1899,221,361,777,null
1133,833,331,867,null
1851,829,139,109,null
2777,813,886,997,null
1158,865,404,681,null
1112,334,985,38,null
1229,748,765,634,null
1833,281,989,841,null
1832,702,771,148,null
2257,332,93,521,null
553,746,961,141,null
151,884,873,613,null
553,422,959,251,null
104,192,246,341,null
2508,184,307,496,null
313,167,866,798,null
1157,801,752,328,null
919,333,44,263,null
1172,495,763,421,null
1703,116,1000,572,null
1409,633,11,202,null
458,397,814,38,null
2616,391,731,748,null
629,912,647,46,null
135,788,929,648,null
2015,92,407,485,null
2241,406,948,591,null
1942,797,294,148,null
444,280,988,742,null
220,148,778,819,null
757,776,530,674,null
3049,176,963,737,null
561,134,776,952,null
2832,187,430,295,null
920,439,899,280,null
2310,184,128,945,null
22,685,323,970,null
3114,532,966,450,null
2882,63,324,582,null
2116,75,744,263,null
2095,15,88,631,null
1991,135,907,970,null
1927,308,850,645,null
1896,776,563,845,null
1691,127,629,510,null
1957,597,830,66,null
2328,189,843,522,null
1671,24,848,922,null
1823,345,474,838,null
2775,712,79,877,null
2679,62,45,518,null
1658,67,323,836,null
1403,773,36,98,null
2025,139,489,672,null
1181,634,608,178,null
3167,949,252,786,null
311,67,845,450,null
3005,442,912,873,null
980,268,215,897,null
3140,389,802,996,null
2415,719,70,11,null
495,515,316,889,null
1041,753,945,311,null
1448,838,263,279,null
1792,755,83,96,null
3090,851,599,287,null
1757,197,734,286,null
1699,343,587,679,null
30,857,350,171,null
674,581,552,538,null
581,615,418,291,null
1554,250,180,556,null
716,979,276,50,null
2425,368,981,346,null
81,476,305,936,null
907,437,574,66,null
3065,230,258,145,null
189,373,845,300,null
2892,98,255,888,null
2365,955,205,609,null
1156,2,861,792,null
58,957,771,333,null
3073,288,474,906,null
1863,396,128,787,null
1900,576,338,589,null
496,79,415,100,null
3178,874,514,504,null
2930,688,464,851,null
209,838,342,688,null
1589,342,305,915,null
1695,219,90,427,null
1946,452,187,939,null
371,183,801,214,null
2185,425,250,186,null
1821,930,914,945,null
1789,917,942,631,null
1536,605,950,713,null
2044,578,675,452,null
2109,426,612,119,null
1689,37,997,181,null
2822,17,552,256,null
1126,416,988,223,null
2571,461,349,97,null
1551,196,481,764,null
1386,132,36,567,null
1844,574,843,109,null
2347,267,960,180,null
1572,728,712,866,null
2474,626,120,241,null
3094,780,737,521,null
406,978,630,269,null
52,835,979,228,null
1198,427,15,875,null
1850,210,68,836,null
2365,583,793,380,null
715,125,710,526,null
2829,219,785,89,null
1765,75,320,757,null
1929,333,714,83,null
868,473,105,785,null
2990,500,740,166,null
2541,782,571,640,null
2069,205,760,29,null
707,577,186,693,null
2082,535,294,880,null
562,629,671,907,null
1721,245,644,379,null
293,496,124,108,null
1210,844,155,347,null
2758,752,986,879,null
770,793,716,219,null
387,473,475,266,null
1995,406,618,927,null
2242,371,688,572,null
503,15,290,64,null
2039,119,777,721,null
2884,1,728,617,null
2796,248,188,501,null
2202,803,353,387,null
569,94,65,874,null
2032,146,390,621,null
1785,862,425,675,null
1414,213,510,991,null
794,303,769,225,null
2520,979,883,337,null
295,318,417,438,null
3054,290,73,801,null
2463,400,357,816,null
1502,580,787,497,null
496,989,358,624,null
1044,785,479,709,null
1219,777,642,653,null
2178,416,963,944,null
1492,930,390,181,null
302,717,186,267,null
1309,69,368,184,null
14,981,673,679,null
2367,968,991,832,null
1552,855,268,723,null
1469,807,626,499,null
2858,918,570,263,null
1318,917,480,649,null
2302,746,286,859,null
999,405,860,215,null
2762,967,985,70,null
2631,877,164,655,null
2267,355,408,292,null
885,707,694,450,null
433,477,597,158,null
853,563,322,742,null
1806,972,67,139,null
2265,667,800,907,null
916,149,613,120,null
2089,309,413,602,null
329,134,328,29,null
2827,692,698,528,null
883,836,227,724,null
606,746,495,568,null
2848,603,69,196,null
121,555,388,433,null
1082,322,42,133,null
880,252,51,807,null
720,685,115,532,null
1114,336,803,238,null
642,818,628,549,null
1018,723,776,784,null
651,131,749,35,null
685,943,286,159,null
74,29,660,883,null
1869,653,114,54,null
1252,866,172,264,null
1978,576,912,971,null
1000,780,141,133,null
2659,316,937,920,null
1643,290,877,525,null
1218,852,559,314,null
1308,592,958,78,null
1857,46,402,829,null
860,740,684,464,null
2345,203,516,832,null
368,993,781,159,null
604,908,585,250,null
2591,512,423,510,null
674,542,661,110,null
3089,577,817,97,null
2186,777,268,13,null
2425,166,188,183,null
2682,937,947,753,null
2202,35,933,55,null
1161,566,367,221,null
3166,266,303,379,null
3003,198,969,565,null
173,662,260,830,null
1396,626,333,863,null
1500,809,962,550,null
356,250,344,477,null
237,815,637,141,null
2821,589,854,186,null
178,401,595,574,null
86,276,633,12,null
1933,388,239,475,null
45,184,894,676,null
800,954,359,940,null
977,37,932,859,null
2148,644,781,233,null
2122,624,489,187,null
2024,879,975,745,null
544,289,367,316,null
3095,284,433,459,null
448,157,384,427,null
2712,582,987,739,null
1509,513,210,928,null
555,980,879,968,null
2806,528,311,491,null
92,593,88,65,null
1988,5,411,925,null
331,282,168,320,null
1570,806,724,949,null
1682,197,430,723,null
1108,530,483,472,null
1649,884,528,87,null
2823,961,771,965,null
1749,459,698,699,null
1417,621,145,963,null
1335,38,468,832,null
2619,884,24,124,null
2492,359,511,48,null
2573,573,375,360,null
2713,64,714,233,null
2659,88,497,555,null
1055,159,676,507,null
551,302,266,533,null
912,291,720,671,null
2194,662,198,522,null
431,768,814,794,null
1129,31,492,608,null
577,462,242,853,null
2019,81,536,736,null
648,51,76,221,null
517,624,561,501,null
2348,371,899,894,null
478,451,30,492,null
1672,556,500,798,null
566,296,181,146,null
3114,546,913,810,null
2313,450,119,244,null
2303,683,331,698,null
2560,96,396,770,null
2588,411,600,240,null
379,35,927,243,null
1777,346,753,268,null
3141,952,781,944,null
799,208,849,559,null
1040,30,803,962,null
1571,115,840,490,null
983,952,275,145,null
898,138,454,78,null
2141,229,413,390,null
450,955,843,537,null
2686,872,787,687,null
2880,840,924,154,null
1111,593,665,277,null
2907,789,880,249,null
49,115,260,37,null
1466,646,532,420,null
1025,774,859,330,null
2671,482,130,185,null
2769,566,788,552,null
3103,826,316,344,null
2961,363,841,396,null
3099,941,630,646,null
121,681,266,789,null
98,884,192,310,null
2045,836,306,927,null
2835,356,127,608,null
1431,52,477,653,null
2865,342,786,381,null
988,410,387,948,null
2075,872,214,83,null
2288,825,395,597,null
2944,867,694,77,null
2967,184,453,785,null
436,483,50,284,null
1432,668,930,600,null
2565,283,352,737,null
966,753,130,487,null
628,231,149,220,null
2715,187,515,299,null
1812,381,438,988,null
2238,432,59,778,null
2436,409,230,852,null
1229,425,766,133,null
1530,288,976,268,null
633,566,966,265,null
1712,594,667,586,null
2852,594,967,822,null
960,328,841,235,null
2962,773,849,50,null
2280,551,233,138,null
2379,210,145,604,null
1384,364,465,234,null
1838,523,206,799,null
937,836,621,205,null
422,797,70,291,null
1913,216,800,174,null
2832,120,50,266,null
2011,138,678,840,null
1001,796,682,344,null
2163,786,775,821,null
74,702,520,45,null
1049,296,954,736,null
472,326,145,659,null
2746,255,476,91,null
1662,950,560,695,null
1468,688,289,317,null
2933,71,531,549,null
2911,280,766,373,null
2026,482,16,479,null
702,498,193,644,null
2848,978,888,705,null
697,74,110,709,null
1689,809,929,303,null
505,643,861,638,null
1109,992,549,705,null
2992,601,435,783,null
1141,201,791,118,null
1949,296,985,248,null
2137,994,127,324,null
1328,979,987,971,null
2729,576,842,112,null
2751,235,779,407,null
3104,287,347,82,null
2141,818,904,659,null
1908,938,709,430,null
2555,62,955,997,null
2911,618,360,573,null
1593,205,491,880,null
363,508,391,584,null
1352,998,373,761,null
2788,794,36,15,null
232,816,627,107,null
920,575,264,765,null
751,865,749,726,null
313,663,410,391,null
440,606,765,603,null
1572,8,202,946,null
1350,314,438,606,null
2299,697,769,280,null
436,558,761,318,null
886,696,112,156,null
1340,410,75,44,null
726,98,608,265,null
711,175,420,355,null
1131,563,953,656,null
1571,663,930,342,null
2929,43,300,432,null
349,527,90,417,null
286,195,187,52,null
3057,656,805,498,null
2687,952,974,652,null
637,788,30,810,null
1794,235,618,474,null
2600,90,81,597,null
407,539,211,686,null
2254,151,183,560,null
1948,526,299,632,null
1633,368,760,113,null
1057,528,199,811,null
729,134,212,900,null
1082,960,674,509,null
984,798,389,841,null
2637,82,567,247,null
1410,303,584,304,null
1451,664,556,833,null
1457,719,524,165,null
791,194,955,154,null
2423,731,85,596,null
1391,78,38,251,null
1275,479,47,190,null
1155,318,632,633,null
627,739,334,630,null
2831,300,175,102,null
1101,743,509,228,null
817,247,395,759,null
409,683,147,228,null
562,21,610,458,null
3011,987,250,187,null
1980,179,99,877,null
1600,333,333,342,null
2028,341,201,224,null
3166,626,875,201,null
566,336,912,709,null
1982,258,551,164,null
430,790,678,204,null
432,58,664,118,null
2637,911,915,622,null
535,85,871,987,null
88,723,148,374,null
247,528,746,71,null
770,63,871,347,null
1884,832,969,750,null
2958,153,740,334,null
3100,669,776,185,null
2514,132,819,407,null
2600,285,219,411,null
35,55,947,197,null
279,721,890,859,null
2564,864,803,643,null
2841,956,744,923,null
1765,318,709,355,null
2398,281,643,55,null
1058,526,935,773,null
1200,860,913,235,null
2230,606,831,847,null
2414,97,133,425,null
1455,791,177,897,null
2247,971,62,633,null
1534,306,578,798,null
1290,73,640,383,null
2902,708,570,869,null
2039,537,715,772,null
2424,768,555,441,null
871,578,573,820,null
1276,886,640,978,null
2739,345,926,773,null
1081,452,744,847,null
558,439,200,461,null
907,796,417,865,null
1421,33,136,977,null
189,580,358,625,null
2649,31,249,409,null
1610,621,320,959,null
2599,388,140,51,null
1355,339,478,683,null
430,941,222,884,null
1421,528,656,746,null
881,109,813,29,null
2873,262,695,427,null
2475,677,587,312,null
1718,829,39,1000,null
645,348,164,389,null
2917,632,913,347,null
2386,543,91,652,null
1457,121,660,193,null
2245,911,132,954,null
2241,732,836,806,null
2132,702,163,330,null
2111,993,889,90,null
355,275,880,457,null
587,60,809,817,null
108,614,460,128,null
2222,8,666,694,null
2621,410,933,180,null
2836,960,117,471,null
428,675,802,179,null
1584,620,843,225,null
2306,219,19,854,null
2575,536,472,560,null
2711,24,548,748,null
1035,209,534,515,null
1303,176,72,909,null
1486,654,623,779,null
120,173,676,941,null
1391,37,381,461,null
1315,594,542,758,null
2728,486,348,885,null
3003,836,277,79,null
2481,771,756,290,null
1154,288,248,315,null
733,888,756,153,null
2517,901,773,352,null
193,972,450,501,null
219,886,491,586,null
905,205,815,645,null
664,153,761,271,null
1336,231,726,90,null
2728,624,449,845,null
1591,794,985,799,null
347,77,97,513,null
1182,440,58,309,null
235,375,434,272,null
1400,74,647,156,null
2936,251,870,161,null
2159,476,767,407,null
1046,779,550,469,null
891,495,918,549,null
1145,508,298,51,null
3164,616,544,264,null
3122,108,300,267,null
393,974,594,499,null
2960,974,225,152,null
221,948,931,231,null
2306,176,31,40,null
2869,835,816,581,null
36,69,183,663,null
3071,825,649,99,null
1472,525,254,898,null
1930,754,235,33,null
1184,503,401,122,null
1700,460,269,474,null
816,929,30,722,null
1081,541,732,427,null
1971,543,996,709,null
2729,796,545,514,null
1866,30,479,653,null
1330,216,167,131,null
1225,839,905,219,null
1278,379,909,591,null
686,938,888,597,null
1769,734,185,447,null
1186,613,94,362,null
364,254,876,366,null
1714,275,183,720,null
2353,728,796,645,null
718,687,95,169,null
5,147,610,111,null
1698,357,402,662,null
2683,442,148,665,null
1794,155,145,186,null
476,603,881,198,null
1560,124,677,248,null
2904,888,31,889,null
2139,137,847,712,null
841,643,757,333,null
986,342,281,555,null
1448,398,414,780,null
292,103,142,356,null
819,888,923,371,null
1994,20,369,221,null
1468,478,915,540,null
1211,133,763,337,null
2918,299,442,605,null
2570,598,47,834,null
2970,244,762,69,null
986,407,565,556,null
840,370,996,226,null
2044,734,841,363,null
1607,435,845,835,null
2367,763,175,167,null
694,285,667,674,null
352,781,191,38,null
2646,58,440,705,null
2933,359,293,262,null
784,625,152,227,null
190,948,259,275,null
1874,409,882,271,null
2235,956,367,524,null
390,222,333,19,null
2672,56,318,227,null
2527,539,273,158,null
2129,432,144,361,null
1934,296,445,303,null
1524,650,230,300,null
2412,218,901,449,null
1117,569,168,218,null
3088,335,545,74,null
1690,307,70,721,null
1145,247,700,390,null
2309,307,417,323,null
259,431,528,52,null
1411,959,228,558,null
1072,963,194,794,null
856,589,914,817,null
2354,148,301,871,null
577,333,177,150,null
3124,44,924,380,null
765,25,566,530,null
2492,981,308,758,null
367,658,627,299,null
2471,72,786,962,null
3088,965,134,997,null
2238,631,982,625,null
2531,446,843,732,null
402,291,502,192,null
1275,206,752,186,null
414,528,124,654,null
1969,616,393,57,null
65,480,580,338,null
1418,872,788,898,null
272,694,819,165,null
2024,574,45,682,null
2699,724,142,449,null
2802,640,628,179,null
45,568,24,59,null
970,27,220,981,null
2337,320,141,690,null
631,911,864,917,null
2702,36,26,258,null
1433,857,97,226,null
3021,213,1000,778,null
1959,562,178,77,null
694,324,428,988,null
1578,267,890,712,null
1802,971,961,802,null
2668,160,334,922,null
1647,150,457,740,null
897,661,797,734,null
1729,397,996,950,null
2543,33,922,111,null
2953,250,62,555,null
2801,916,824,939,null
1106,489,366,738,null
1668,732,175,843,null
122,282,175,35,null
1301,330,558,832,null
50,559,508,859,null
1033,425,948,562,null
2338,433,392,501,null
1822,612,148,956,null
2280,906,153,385,null
343,217,939,500,null
916,9,780,182,null
1957,86,192,347,null
1165,262,45,324,null
820,709,762,729,null
1113,542,354,882,null
2013,907,47,974,null
482,451,165,417,null
1060,99,189,678,null
2627,542,875,941,null
333,845,10,409,null
1891,384,601,65,null
3091,859,701,133,null
137,394,406,215,null
1376,933,111,780,null
430,695,715,267,null
353,478,465,544,null
1166,552,155,745,null
2160,428,51,792,null
1972,618,629,906,null
772,182,827,763,null
1025,338,70,553,null
1611,168,163,696,null
2841,856,404,521,null
1185,65,909,836,null
2063,288,396,870,null
513,205,484,514,null
1964,930,197,348,null
1364,51,487,1,null
2917,146,109,422,null
1724,63,580,149,null
596,391,734,412,null
2640,71,263,438,null
1748,293,293,251,null
921,531,822,303,null
989,966,752,787,null
388,206,771,323,null
1051,581,849,994,null
475,169,567,802,null
3021,919,278,881,null
2059,191,314,98,null
2095,581,318,705,null
588,840,577,240,null
910,576,92,420,null
1229,723,19,685,null
1992,666,793,897,null
2523,425,439,512,null
265,897,47,93,null
1816,551,610,126,null
955,219,254,394,null
1776,567,539,641,null
3119,523,240,415,null
2532,134,273,769,null
887,513,537,516,null
222,495,910,802,null
1237,181,448,865,null
1352,545,79,701,null
1879,692,192,463,null
1314,497,237,757,null
3144,839,272,781,null
2688,751,383,569,null
294,508,249,892,null
241,511,83,982,null
277,472,950,379,null
2023,37,962,314,null
1328,858,803,324,null
489,843,725,600,null
2867,221,147,189,null
1955,712,144,717,null
1921,628,3,528,null
3069,320,276,47,null
1203,685,959,744,null
709,891,594,122,null
3109,367,832,950,null
1738,361,64,275,null
3155,103,327,583,null
572,383,627,387,null
2389,590,683,182,null
2431,332,304,227,null
504,573,401,338,null
48,480,205,518,null
2999,432,139,840,null
257,377,675,457,null
2622,366,705,178,null
1882,172,365,968,null
678,237,166,49,null
2020,441,123,777,null
1383,882,203,360,null
671,263,620,764,null
1783,224,338,661,null
1575,370,218,302,null
2299,42,841,442,null
2499,220,547,599,null
2644,514,989,471,null
1806,969,826,591,null
1136,951,832,614,null
2557,523,240,190,null
3002,348,490,99,null
1599,802,422,428,null
1998,943,373,349,null
1785,852,128,893,null
2239,661,830,249,null
203,403,964,704,null
1126,921,415,509,null
1407,374,749,814,null
2189,341,595,845,null
2284,830,625,117,null
781,498,248,574,null
976,90,149,765,null
876,416,771,752,null
1828,290,140,565,null
732,190,177,36,null
51,711,110,871,null
1742,704,627,841,null
983,476,982,864,null
2593,113,278,709,null
65,827,390,57,null
1027,136,939,781,null
2819,219,863,725,null
2369,557,362,600,null
2955,628,928,158,null
2466,171,492,795,null
159,348,471,864,null
2814,364,1000,186,null
966,40,711,375,null
1715,258,338,147,null
1965,662,370,251,null
456,891,899,252,null
1156,866,205,535,null
742,364,711,822,null
1679,474,418,801,null
311,721,997,584,null
1759,708,121,389,null
3084,655,306,553,null
2043,893,428,710,null
131,909,388,799,null
1647,799,926,770,null
3081,329,802,623,null
691,888,842,172,null
1839,991,252,451,null
2460,822,343,447,null
3115,342,689,184,null
2930,600,916,906,null
1397,320,622,973,null
1982,764,107,323,null
2672,854,21,603,null
3120,160,830,366,null
2484,774,339,990,null
690,641,556,877,null
2271,53,63,92,null
149,644,155,550,null
2445,816,914,549,null
1083,436,532,157,null
1240,952,292,80,null
410,165,15,987,null
1147,20,133,854,null
936,379,783,880,null
2415,877,991,618,null
65,236,90,17,null
2971,328,204,129,null
206,921,66,138,null
830,211,901,535,null
1685,876,884,293,null
15,196,600,837,null
2097,88,194,757,null
376,316,901,720,null
282,397,175,27,null
1223,508,765,255,null
109,930,574,690,null
581,857,684,649,null
1962,792,473,771,null
2118,565,435,38,null
1571,457,239,184,null
2542,758,464,372,null
2861,772,640,252,null
526,168,297,547,null
888,58,397,767,null
920,934,783,15,null
346,227,174,28,null
186,166,859,359,null
649,845,201,621,null
1175,145,510,964,null
1785,920,525,83,null
3069,926,440,662,null
241,296,476,59,null
36,892,145,705,null
1949,850,711,474,null
348,14,284,201,null
3045,494,151,102,null
1773,230,773,98,null
116,838,332,742,null
1798,410,500,140,null
3148,3,370,539,null
866,180,208,980,null
1786,62,131,575,null
119,884,669,225,null
1754,113,933,118,null
139,683,281,622,null
137,363,601,283,null
918,588,25,917,null
770,949,811,159,null
1117,75,417,889,null
165,299,408,769,null
2872,884,749,975,null
537,665,223,885,null
2274,88,798,75,null
1993,774,168,192,null
1254,430,716,58,null
3044,864,80,913,null
2550,216,91,916,null
1659,932,218,973,null
1161,262,662,26,null
2383,794,405,343,null
1335,839,292,560,null
2074,365,559,202,null
1936,266,863,377,null
2693,600,922,448,null
2973,462,523,544,null
211,348,31,929,null
2437,157,998,952,null
281,107,163,30,null
865,145,580,887,null
980,470,541,443,null
1072,412,543,641,null
383,740,92,109,null
2319,294,13,753,null
2659,979,96,649,null
352,755,970,245,null
1736,399,807,223,null
43,218,139,298,null
1901,526,357,120,null
1877,545,679,315,null
1885,912,357,929,null
3118,299,850,456,null
1105,612,268,743,null
1003,777,872,116,null
1071,585,424,117,null
418,302,147,536,null
2694,810,27,187,null
2276,108,454,741,null
2744,287,841,408,null
2361,775,323,154,null
2095,658,664,233,null
2012,378,339,525,null
2553,581,575,608,null
2018,415,943,178,null
2538,826,452,110,null
768,779,243,337,null
2485,938,252,46,null
558,306,15,735,null
837,517,303,280,null
1458,976,577,41,null
425,607,246,895,null
2711,310,812,440,null
151,608,622,264,null
231,521,577,131,null
1871,233,220,401,null
251,129,15,991,null
2796,847,81,473,null
2752,911,948,983,null
59,391,644,547,null
2726,652,738,795,null
1637,641,76,624,null
2921,230,402,7,null
20,530,552,246,null
1169,322,941,884,null
440,362,417,174,null
1246,595,386,362,null
529,653,199,848,null
481,885,216,640,null
292,76,778,435,null
2464,232,589,881,null
1735,660,684,805,null
2594,748,946,192,null
1621,702,837,858,null
1035,310,82,814,null
1043,166,663,597,null
674,473,399,844,null
930,370,93,781,null
2612,242,75,708,null
3181,502,550,670,null
159,991,616,118,null
2062,61,225,146,null
180,344,919,765,null
2812,986,886,938,null
404,887,938,7,null
1784,674,26,191,null
2903,741,69,7,null
944,779,644,808,null
140,809,144,675,null
1452,897,834,860,null
1664,206,669,681,null
2962,818,639,925,null
2843,841,340,665,null
9,165,675,294,null
1237,681,805,110,null
2048,139,557,836,null
1029,456,129,712,null
1099,348,477,77,null
420,857,641,961,null
2623,48,244,144,null
1669,957,159,958,null
2647,978,577,104,null
1257,400,217,630,null
81,994,176,122,null
249,164,418,996,null
40,302,485,468,null
3090,67,855,136,null
3010,763,129,784,null
2664,25,225,742,null
305,264,85,510,null
821,50,929,79,null
686,968,77,514,null
365,423,324,106,null
1369,485,223,232,null
638,166,777,612,null
818,732,756,275,null
2335,549,945,307,null
2244,591,819,671,null
967,818,331,753,null
185,623,975,444,null
1113,224,535,204,null
2351,574,379,588,null
1519,888,323,895,null
2724,266,186,522,null
1035,470,998,272,null
1303,520,17,250,null
2547,272,1,318,null
167,99,76,414,null
1128,481,354,352,null
2212,57,4,54,null
136,254,244,633,null
1806,6,950,204,null
2833,662,832,230,null
3051,948,288,982,null
2900,636,34,860,null
425,246,921,412,null
971,443,227,138,null
348,216,344,384,null
1537,864,465,919,null
2272,399,961,834,null
1184,420,225,57,null
2896,583,773,1000,null
1492,336,383,997,null
1403,112,772,692,null
3157,313,829,267,null
1329,855,487,216,null
578,953,871,588,null
965,117,797,939,null
2275,350,636,882,null
1356,512,806,947,null
39,695,769,971,null
268,543,690,66,null
1489,139,190,832,null
1265,76,664,706,null
2961,528,248,875,null
103,407,836,722,null
1318,344,442,917,null
2864,555,578,812,null
2503,824,681,827,null
996,641,425,754,null
2902,834,527,694,null
619,394,763,164,null
2231,216,241,600,null
2553,102,338,720,null
778,147,929,31,null
2786,939,519,40,null
857,71,104,587,null
3023,292,628,10,null
520,211,219,134,null
2830,506,392,831,null
1711,381,190,614,null
2905,65,196,457,null
1379,508,412,456,null
2565,230,624,379,null
1220,443,720,587,null
335,518,411,514,null
2679,935,748,298,null
872,640,692,120,null
2353,881,211,869,null
793,710,794,332,null
820,397,519,981,null
1867,744,304,65,null
2677,461,901,589,null
1104,708,96,296,null
96,948,598,152,null
1133,157,877,481,null
1266,255,186,835,null
1019,375,943,264,null
563,716,60,529,null
2314,265,868,976,null
520,381,13,871,null
3053,934,720,711,null
729,629,616,737,null
2614,334,831,916,null
2596,538,622,759,null
2479,352,588,468,null
2081,593,10,169,null
2095,997,813,5,null
1448,322,341,474,null
376,691,419,403,null
2674,177,156,440,null
2635,712,390,932,null
3120,693,621,396,null
586,864,200,580,null
2512,155,408,142,null
1463,953,831,426,null
643,164,387,289,null
1625,825,841,713,null
164,442,517,442,null
1058,90,988,299,null
2399,671,50,821,null
2926,983,767,764,null
830,550,374,871,null
519,196,517,243,null
2143,352,980,71,null
2121,541,14,540,null
283,975,828,267,null
344,402,274,158,null
856,200,644,497,null
2522,734,773,977,null
167,771,597,499,null
587,995,337,81,null
2895,71,933,860,null
494,508,586,973,null
1600,847,364,282,null
1882,753,232,144,null
1003,12,792,159,null
1847,79,996,34,null
2629,137,252,832,null
1540,624,256,169,null
744,423,256,903,null
2375,936,373,123,null
1309,349,358,768,null
3040,933,148,102,null
834,303,134,219,null
1713,637,928,616,null
1112,524,297,304,null
1957,870,698,592,null
316,70,771,478,null
506,973,786,861,null
132,893,694,673,null
23,747,493,918,null
460,193,663,597,null
1387,339,321,565,null
888,282,10,799,null
2416,166,681,434,null
2954,245,626,310,null
1570,447,968,723,null
3113,770,462,856,null
3067,308,324,518,null
1027,260,947,52,null
789,501,875,245,null
1663,715,993,889,null
1035,121,774,688,null
212,218,371,959,null
2533,839,60,316,null
586,135,746,704,null
266,460,538,142,null
1434,226,990,435,null
1835,513,786,256,null
333,10,45,364,null
744,915,391,211,null
2613,964,348,542,null
1610,150,600,625,null
1427,748,926,423,null
1688,704,110,317,null
837,751,966,839,null
1000,833,850,951,null
281,483,524,394,null
2520,130,266,214,null
2014,124,286,688,null
1205,151,271,11,null
1373,296,965,457,null
3174,870,889,642,null
223,621,887,886,null
985,544,557,70,null
458,227,740,936,null
1479,162,839,560,null
2395,860,141,303,null
2016,540,441,286,null
1329,659,2,363,null
2402,898,538,915,null
329,827,753,791,null
2552,175,122,55,null
2782,734,485,595,null
2836,512,846,474,null
2128,732,287,816,null
2742,444,503,943,null
1012,22,39,774,null
1446,874,40,352,null
2265,628,258,378,null
1672,18,29,612,null
933,982,11,395,null
1595,755,202,46,null
2936,3,298,820,null
2287,438,393,991,null
1823,823,131,148,null
1052,525,102,329,null
3133,578,626,216,null
3091,775,898,355,null
1950,624,511,635,null
27,776,362,418,null
1952,630,91,692,null
426,611,340,226,null
2813,889,135,692,null
275,135,314,260,null
412,980,439,596,null
1955,683,522,30,null
786,526,884,899,null
1714,479,667,746,null
308,509,442,638,null
621,238,715,601,null
1657,684,800,690,null
1922,296,981,337,null
713,942,743,16,null
719,382,477,480,null
1222,640,148,573,null
370,58,820,612,null
3157,662,371,583,null
1477,977,313,564,null
1970,402,443,47,null
1448,419,912,583,null
1354,409,250,37,null
2135,207,567,214,null
438,270,138,975,null
605,408,101,622,null
2439,228,443,341,null
2673,804,161,697,null
2331,749,984,463,null
1093,452,540,979,null
1424,724,353,339,null
2835,664,953,161,null
388,560,10,201,null
2833,653,806,179,null
2681,343,929,60,null
1595,618,229,751,null
2165,434,905,523,null
3181,577,623,786,null
522,12,287,567,null
2081,429,995,369,null
536,328,327,338,null
2329,708,429,830,null
1079,321,276,271,null
316,51,593,107,null
110,520,637,196,null
976,218,268,582,null
1152,802,929,613,null
278,576,644,644,null
252,246,316,247,null
1729,275,894,979,null
3179,340,122,961,null
1164,64,564,523,null
1947,856,374,698,null
184,589,681,391,null
916,438,951,815,null
1064,777,838,318,null
493,425,257,17,null
1898,788,72,704,null
1050,514,91,178,null
2991,154,911,449,null
266,694,9,752,null
1491,98,451,985,null
1289,607,920,658,null
2500,934,201,127,null
584,330,819,667,null
980,381,38,621,null
1734,811,934,84,null
1317,610,774,815,null
2731,68,717,341,null
169,103,191,544,null
1859,770,589,63,null
806,994,152,578,null
67,750,17,514,null
1865,2,884,909,null
1739,350,697,276,null
2273,228,717,676,null
3157,423,781,232,null
1935,780,209,549,null
1943,670,235,423,null
2929,338,560,849,null
328,956,581,944,null
2906,89,509,766,null
2464,109,52,843,null
2184,138,702,966,null
1740,503,370,29,null
378,285,405,732,null
886,816,459,519,null
315,475,163,978,null
2225,66,573,245,null
115,667,20,415,null
502,919,621,837,null
1016,766,42,308,null
1737,274,532,966,null
1203,758,501,997,null
342,891,799,392,null
55,470,46,280,null
2508,806,447,574,null
2527,810,131,180,null
2091,506,922,863,null
255,484,73,412,null
1622,295,750,315,null
1158,739,526,220,null
2843,502,669,249,null
2420,521,660,97,null
2725,600,942,822,null
3084,952,986,694,null
2369,572,892,548,null
2657,671,910,846,null
916,842,776,351,null
2899,328,232,865,null
1225,310,829,12,null
2233,813,627,822,null
1040,241,348,283,null
2889,850,885,895,null
2544,252,112,313,null
716,418,854,734,null
1946,643,570,79,null
1995,575,918,700,null
2199,834,944,759,null
228,568,817,325,null
2107,758,178,506,null
2797,563,179,193,null
952,552,101,786,null
2512,94,698,672,null
2401,851,848,140,null
870,802,986,145,null
2389,888,490,33,null
122,330,367,498,null
2336,57,663,100,null
1602,633,219,504,null
1726,544,143,52,null
1665,302,136,951,null
733,125,847,218,null
97,80,933,790,null
444,994,574,61,null
758,881,153,721,null
426,443,863,307,null
2408,10,473,929,null
2683,295,869,845,null
1674,346,622,988,null
1928,509,864,262,null
2865,637,885,178,null
759,65,836,45,null
2531,778,874,226,null
1342,449,46,660,null
289,715,223,413,null
1712,723,499,817,null
2923,1000,754,664,null
3106,678,22,754,null
2966,508,812,180,null
1036,269,424,783,null
96,603,68,127,null
2752,247,114,209,null
2518,825,359,536,null
2772,91,89,435,null
2882,893,189,891,null
1557,453,197,466,null
554,464,476,845,null
1688,32,56,774,null
414,600,868,337,null
2398,472,604,40,null
1766,794,147,586,null
1907,317,506,993,null
95,951,868,607,null
1075,224,472,664,null
1287,701,478,135,null
1320,883,478,893,null
2224,733,112,950,null
1777,325,302,698,null
2951,326,610,723,null
273,567,135,124,null
246,775,189,50,null
365,608,287,421,null
2319,274,907,77,null
233,225,806,884,null
1285,31,519,566,null
2913,629,285,45,null
2341,622,560,617,null
2763,887,52,494,null
478,22,32,763,null
801,473,688,973,null
1935,301,331,933,null
267,404,655,57,null
544,292,897,960,null
1691,654,695,265,null
1898,274,136,102,null
2783,843,955,111,null
2743,93,883,777,null
2071,328,354,934,null
1379,899,712,789,null
1896,195,274,951,null
3088,71,642,212,null
1184,647,817,997,null
3157,693,303,225,null
1276,920,573,687,null
2937,389,630,9,null
303,114,33,836,null
2042,120,445,404,null
1828,846,345,238,null
2117,100,905,333,null
1692,726,242,387,null
2810,248,538,982,null
2189,758,132,550,null
2261,672,547,60,null
1391,528,138,75,null
1928,217,145,689,null
219,453,340,976,null
3111,324,260,115,null
1089,491,75,846,null
2840,349,410,456,null
2779,817,223,433,null
2030,134,343,391,null
1622,52,952,627,null
1574,647,241,880,null
945,796,818,19,null
2036,358,641,131,null
32,38,216,679,null
2002,35,883,502,null
1632,208,432,979,null
1907,945,673,363,null
1380,174,298,668,null
273,916,725,530,null
1751,758,423,653,null
2243,825,84,201,null
314,632,847,217,null
2812,108,733,209,null
596,676,483,536,null
511,454,121,717,null
880,58,455,307,null
661,968,452,60,null
1204,902,508,40,null
515,975,560,545,null
1142,627,721,97,null
2938,106,864,408,null
1041,340,71,3,null
755,301,131,41,null
2975,360,537,615,null
2893,706,853,59,null
2829,54,664,691,null
2051,501,104,383,null
1293,5,1,24,null
2123,283,907,402,null
481,550,418,43,null
2918,536,635,161,null
224,140,470,34,null
2771,901,220,730,null
498,568,513,142,null
2030,460,797,903,null
1284,192,225,43,null
1713,601,266,334,null
1546,552,297,492,null
1816,550,651,405,null
2042,790,76,99,null
3042,928,9,872,null
2205,236,609,492,null
1647,199,643,617,null
1342,422,138,283,null
2715,907,925,154,null
2496,39,866,886,null
180,792,76,183,null
265,94,131,376,null
2197,350,589,215,null
398,323,395,293,null
1576,780,691,845,null
2690,879,179,906,null
2249,504,801,458,null
176,280,303,431,null
1062,611,49,74,null
3137,374,241,115,null
2746,133,693,330,null
1474,47,863,724,null
2364,136,791,911,null
3132,694,545,366,null
2629,439,142,45,null
281,754,735,361,null
3054,447,101,575,null
1218,102,753,989,null
1950,542,33,25,null
849,485,458,934,null
1328,497,364,532,null
2722,345,183,591,null
2305,200,445,268,null
2273,470,232,909,null
2659,149,166,467,null
2626,532,508,328,null
2387,386,567,562,null
256,971,362,939,null
1285,177,152,701,null
3,17,139,545,null
3078,850,950,53,null
1262,118,10,887,null
2583,663,212,718,null
2857,483,172,93,null
1667,266,151,523,null
720,913,318,892,null
2443,490,498,451,null
807,413,970,448,null
2093,82,116,168,null
1454,689,790,131,null
937,892,280,371,null
344,904,857,451,null
1070,612,324,119,null
198,747,79,137,null
2436,670,5,357,null
2877,119,516,2,null
1641,154,614,728,null
1682,339,613,327,null
77,333,981,471,null
1307,14,946,973,null
552,12,877,451,null
1239,44,468,137,null
576,209,606,31,null
1328,491,815,466,null
1107,731,968,838,null
864,443,734,546,null
186,404,236,354,null
1048,77,815,666,null
2116,381,166,776,null
185,737,143,934,null
1538,363,898,1,null
2711,410,728,625,null
2071,858,893,838,null
2364,82,220,439,null
1797,528,32,287,null
496,925,921,288,null
2844,946,461,395,null
359,25,128,38,null
1400,214,581,357,null
1516,311,4,862,null
1177,928,268,18,null
1099,180,445,315,null
968,3,701,352,null
3108,416,77,633,null
1099,698,717,933,null
770,903,180,980,null
818,662,944,185,null
422,795,578,194,null
1520,612,426,798,null
2826,326,574,640,null
1637,370,464,110,null
1649,831,861,119,null
2526,668,921,927,null
716,480,608,739,null
2160,972,904,830,null
1429,431,524,750,null
1202,223,839,390,null
2440,738,868,269,null
77,187,375,278,null
2074,762,78,403,null
923,707,487,478,null
559,314,247,908,null
1779,89,886,83,null
243,313,533,789,null
1842,974,816,10,null
259,838,271,275,null
281,909,855,348,null
1737,338,477,725,null
1260,103,956,705,null
1726,246,722,604,null
905,53,879,15,null
1237,146,744,704,null
916,765,376,29,null
1824,761,568,835,null
2292,734,606,575,null
2077,239,353,332,null
769,259,694,158,null
2414,61,733,818,null
3018,417,846,743,null
751,980,727,728,null
2083,656,848,562,null
2784,895,704,640,null
468,372,470,525,null
291,958,1000,543,null
700,57,33,479,null
2381,366,133,523,null
2330,24,259,823,null
646,176,402,754,null
2461,337,618,515,null
1120,407,496,515,null
1970,364,202,771,null
462,475,487,112,null
2886,468,753,272,null
86,233,636,155,null
2227,525,931,9,null
1455,941,140,308,null
1294,80,161,782,null
2777,248,558,466,null
240,609,24,71,null
2694,463,538,707,null
2027,4,319,913,null
859,390,10,414,null
536,180,100,228,null
2072,57,344,538,null
2445,87,735,816,null
416,158,290,782,null
1432,278,163,185,null
425,373,587,682,null
927,23,685,349,null
2593,248,741,291,null
506,26,426,731,null
2661,739,923,744,null
1356,586,849,527,null
140,187,298,778,null
770,907,547,248,null
486,93,432,346,null
2481,525,490,332,null
2232,446,245,91,null
1634,867,22,779,null
2365,559,240,893,null
2324,334,49,71,null
2350,548,637,778,null
2410,821,725,149,null
2976,740,549,908,null
2206,349,2,400,null
2963,247,62,523,null
685,642,482,287,null
733,297,37,255,null
2772,656,770,890,null
1265,188,680,132,null
616,579,32,489,null
2324,648,678,131,null
1189,747,385,785,null
1060,340,412,659,null
1566,319,260,247,null
2129,190,71,937,null
855,234,12,713,null
164,578,584,721,null
403,991,986,2,null
3045,684,709,758,null
15,737,88,733,null
315,984,939,730,null
1934,924,581,399,null
2377,105,231,245,null
2386,862,548,376,null
1892,800,627,477,null
31,933,848,68,null
2977,130,343,110,null
2000,745,676,518,null
1017,33,595,319,null
1808,83,150,108,null
1800,426,162,731,null
583,546,397,843,null
574,162,12,840,null
1879,673,283,514,null
922,163,431,23,null
1232,908,584,386,null
2561,849,276,815,null
2100,230,555,503,null
240,170,752,462,null
2571,155,758,327,null
2912,948,913,293,null
1948,872,465,770,null
2459,553,2,267,null
827,114,514,354,null
2635,565,924,69,null
1590,115,267,5,null
851,49,724,762,null
2638,205,244,680,null
1335,329,385,651,null
1996,628,757,466,null
129,399,978,193,null
167,585,463,475,null
2294,67,255,857,null
2882,543,611,469,null
1630,982,803,456,null
1460,384,58,225,null
712,146,497,239,null
1651,881,948,406,null
3026,649,944,735,null
2336,458,68,47,null
1430,631,5,87,null
511,173,154,778,null
2339,387,17,407,null
679,650,329,472,null
262,45,244,778,null
1973,797,129,533,null
2935,969,368,502,null
2306,610,857,152,null
2154,606,135,284,null
3122,352,506,489,null
1195,302,981,892,null
2488,304,592,29,null
1047,664,96,930,null
680,12,951,856,null
598,109,796,581,null
839,626,761,452,null
1968,54,502,124,null
2321,948,91,94,null
1613,224,618,742,null
1048,796,359,968,null
1057,559,94,531,null
2743,542,731,888,null
1872,80,746,370,null
572,177,333,97,null
2912,429,892,228,null
221,193,590,469,null
3177,931,160,753,null
896,547,990,441,null
1140,309,779,260,null
540,326,822,345,null
358,284,572,979,null
1348,439,459,863,null
1296,760,142,147,null
2752,192,724,193,null
2410,947,888,883,null
1854,475,367,79,null
479,219,79,310,null
2675,467,539,986,null
1294,471,754,934,null
2613,52,523,488,null
313,942,647,396,null
1626,621,46,765,null
760,388,885,767,null
438,856,997,489,null
2971,216,979,51,null
2761,655,530,278,null
1263,484,952,917,null
1094,131,618,772,null
2187,745,586,452,null
210,750,859,978,null
506,338,390,549,null
1656,905,446,669,null
1673,901,659,642,null
960,627,621,642,null
726,443,862,740,null
1602,781,32,273,null
885,595,57,868,null
2361,1000,555,716,null
1121,964,853,829,null
350,505,873,940,null
2726,477,20,507,null
951,130,974,685,null
2940,283,403,397,null
708,589,721,167,null
1367,269,429,312,null
1336,621,693,614,null
1540,395,627,571,null
1899,214,601,297,null
1636,565,295,230,null
722,520,724,229,null
754,929,976,170,null
740,142,386,203,null
11,113,1,364,null
1764,518,597,769,null
751,215,407,646,null
1821,829,181,123,null
1574,298,345,15,null
1353,21,334,660,null
1636,623,892,647,null
2699,963,747,72,null
1485,729,101,390,null
1452,69,585,636,null
2096,705,229,314,null
603,360,845,849,null
169,681,523,644,null
1622,161,39,780,null
2989,123,258,929,null
1108,810,10,964,null
793,973,507,855,null
279,572,590,261,null
1405,855,860,14,null
1705,253,805,752,null
957,433,593,449,null
1874,458,519,105,null
2766,98,290,117,null
2358,691,759,879,null
3170,459,592,845,null
2798,929,725,709,null
1041,309,358,256,null
359,287,113,917,null
2880,97,282,238,null
1818,130,34,338,null
828,162,595,264,null
2229,839,713,393,null
546,473,617,516,null
1396,791,105,314,null
1220,158,439,410,null
2189,73,180,41,null
623,95,873,140,null
339,790,959,898,null
482,472,346,398,null
487,294,210,624,null
2486,85,5,880,null
2152,638,329,383,null
903,577,442,422,null
360,388,620,998,null
490,670,202,495,null
932,689,339,37,null
593,689,526,623,null
2495,619,493,505,null
1835,439,948,215,null
1308,880,16,900,null
430,677,501,776,null
2919,989,122,412,null
1852,238,946,397,null
2315,441,507,870,null
2132,744,911,499,null
472,443,433,889,null
1053,197,77,691,null
2417,992,269,673,null
304,414,436,626,null
1965,196,260,975,null
2904,411,447,844,null
1113,706,15,552,null
2383,608,872,377,null
2548,47,536,526,null
1215,257,104,147,null
2647,987,599,370,null
2516,335,896,470,null
2326,512,910,937,null
1052,921,791,954,null
1401,98,485,517,null
2818,461,306,889,null
677,617,652,31,null
2258,486,229,97,null
2725,977,966,345,null
1239,228,788,708,null
2751,3,377,580,null
3045,369,591,61,null
48,818,737,846,null
992,73,60,469,null
3012,485,326,723,null
3180,11,405,543,null
812,622,379,832,null
2610,247,482,753,null
2926,379,669,759,null
1054,450,366,446,null
2085,772,546,146,null
1952,552,78,131,null
2299,644,328,529,null
1714,146,728,132,null
3136,306,687,476,null
2777,998,55,802,null
571,9,76,688,null
1740,621,439,21,null
2384,137,616,370,null
2863,21,152,663,null
1333,146,78,638,null
413,80,361,657,null
2552,342,464,47,null
1284,208,185,519,null
2941,578,692,770,null
1761,272,224,769,null
2557,331,879,857,null
509,568,834,613,null
822,777,407,767,null
788,631,232,590,null
1226,471,35,17,null
954,642,918,665,null
1084,363,522,517,null
353,284,642,799,null
2493,602,317,939,null
2491,862,98,550,null
1640,78,241,247,null
841,345,814,766,null
650,429,551,327,null
1398,645,510,303,null
1771,498,436,850,null
1750,415,994,359,null
558,935,578,916,null
2422,233,263,854,null
2836,199,167,503,null
1623,711,218,81,null
2493,547,701,25,null
2994,151,985,869,null
256,861,535,375,null
1116,818,372,418,null
1457,746,164,635,null
954,118,231,769,null
682,773,394,802,null
2983,331,510,653,null
2817,288,674,335,null
70,842,391,783,null
1872,68,282,290,null
1782,586,676,99,null
851,972,160,563,null
620,279,990,131,null
479,173,727,420,null
596,90,580,148,null
892,353,744,62,null
2227,981,181,732,null
209,659,561,560,null
1320,253,529,34,null
2642,705,229,48,null
134,168,987,529,null
400,892,990,703,null
46,878,340,512,null
2374,252,726,516,null
852,334,55,465,null
2386,573,313,121,null
1774,641,806,376,null
2143,635,432,517,null
922,561,335,981,null
1737,983,473,997,null
2899,143,906,823,null
2133,164,170,835,null
2211,130,615,686,null
389,771,567,700,null
1749,160,592,313,null
3128,587,703,236,null
2539,814,421,369,null
90,619,751,542,null
2163,325,980,70,null
169,892,383,960,null
709,166,163,541,null
1243,206,7,666,null
2350,649,967,412,null
1253,419,95,458,null
425,563,465,275,null
1818,119,105,411,null
2901,232,57,174,null
1617,757,201,824,null
98,721,897,589,null
2012,797,129,797,null
1213,84,390,65,null
2563,484,41,206,null
3093,938,246,186,null
2791,312,211,808,null
2907,288,725,283,null
1733,61,585,469,null
167,33,640,71,null
1496,422,677,948,null
2443,521,541,864,null
109,139,769,446,null
2257,976,217,160,null
1251,457,79,84,null
630,800,573,59,null
1642,784,753,450,null
2541,753,888,465,null
2845,362,987,750,null
360,89,747,761,null
868,840,592,102,null
1892,590,746,352,null
2101,564,561,824,null
288,104,2,34,null
780,488,343,854,null
2461,9,452,516,null
2672,297,205,269,null
2242,756,935,819,null
1535,870,158,658,null
2633,622,826,56,null
793,542,489,890,null
3089,685,460,481,null
2170,100,829,787,null
3074,19,440,758,null
234,300,108,633,null
2909,500,319,927,null
1024,180,573,421,null
176,473,798,799,null
1527,534,518,664,null
1300,670,391,284,null
1185,533,894,625,null
2839,800,195,486,null
1260,341,272,126,null
1382,587,724,268,null
1831,55,668,790,null
2064,152,560,128,null
3179,432,847,355,null
2937,585,390,604,null
2945,298,854,765,null
650,915,641,613,null
1256,6,617,765,null
22,274,561,755,null
782,151,261,502,null
1213,421,293,871,null
1565,591,38,630,null
40,33,87,381,null
2425,713,294,57,null
1084,99,376,56,null
1291,167,468,701,null
1720,894,574,25,null
2998,311,954,225,null
1610,147,476,503,null
2635,952,272,809,null
1426,682,982,399,null
1792,862,527,600,null
1259,332,76,939,null
2892,502,906,116,null
2753,464,466,822,null
530,383,130,535,null
194,640,964,89,null
2486,490,254,266,null
1327,19,526,753,null
2507,861,791,43,null
701,312,805,971,null
2558,293,326,579,null
1514,394,323,124,null
1011,219,176,422,null
465,768,767,622,null
436,346,971,843,null
490,557,732,942,null
1869,78,817,182,null
2882,498,585,335,null
719,872,286,739,null
1030,608,80,600,null
1934,909,343,269,null
622,388,376,602,null
350,944,835,824,null
2651,472,28,11,null
2244,356,762,913,null
2541,304,561,172,null
2868,200,688,804,null
1690,750,910,612,null
2974,692,567,951,null
2538,676,909,673,null
2217,138,438,456,null
2704,464,577,289,null
2898,779,99,369,null
34,521,427,289,null
3088,658,492,270,null
2936,421,632,469,null
3043,579,104,872,null
2582,869,844,232,null
1320,750,635,498,null
509,567,559,935,null
1481,652,341,890,null
233,30,683,270,null
397,653,907,646,null
133,515,512,882,null
1886,498,246,682,null
319,123,116,924,null
752,469,198,805,null
3028,261,621,513,null
1412,460,134,416,null
1414,134,472,32,null
871,207,529,408,null
1224,150,688,450,null
404,332,89,775,null
1581,88,760,516,null
855,797,317,293,null
1392,637,933,420,null
1914,423,96,307,null
51,650,751,189,null
1596,69,837,780,null
2557,213,758,881,null
2887,194,415,841,null
1150,648,692,715,null
2883,435,693,207,null
402,144,228,118,null
1280,642,386,13,null
21,971,769,510,null
655,604,576,765,null
2445,697,593,941,null
1170,946,197,335,null
3157,55,167,121,null
1954,120,811,786,null
1755,424,990,525,null
2019,752,439,777,null
2682,23,282,390,null
2501,889,575,166,null
2007,972,828,277,null
950,998,295,384,null
2465,360,80,427,null
1116,711,417,698,null
65,36,865,71,null
234,844,93,682,null
918,388,309,828,null
248,316,419,831,null
84,856,823,932,null
126,499,435,49,null
1680,529,518,763,null
863,813,720,157,null
1029,669,23,521,null
871,907,14,221,null
3073,556,769,967,null
1413,184,898,627,null
575,153,551,761,null
2885,811,306,504,null
2927,338,786,695,null
1094,763,254,673,null
960,585,580,100,null
1897,853,636,38,null
2608,257,745,706,null
2471,520,936,814,null
2988,464,269,223,null
385,245,394,972,null
2995,357,244,225,null
574,967,602,283,null
2312,804,523,636,null
2475,655,691,346,null
2553,811,797,83,null
648,125,381,653,null
1911,90,433,200,null
2440,901,531,407,null
675,83,377,408,null
127,873,836,52,null
1022,509,411,298,null
2480,798,406,179,null
1042,931,77,250,null
1020,432,423,428,null
425,768,990,181,null
2146,723,962,423,null
2030,584,521,171,null
1089,629,450,863,null
1684,839,398,795,null
2873,925,28,662,null
1240,247,872,852,null
2405,461,457,811,null
2114,726,581,417,null
2721,131,358,971,null
2650,257,215,943,null
2938,456,377,737,null
2660,999,235,474,null
1908,618,933,148,null
950,583,946,112,null
726,100,839,113,null
1696,952,822,280,null
2617,972,829,222,null
2533,689,182,577,null
1822,614,311,670,null
2033,528,961,525,null
2350,171,35,734,null
531,574,361,199,null
2829,895,25,949,null
1000,868,762,632,null
379,296,942,495,null
1486,679,474,745,null
3023,615,482,512,null
485,720,40,939,null
601,311,556,831,null
2399,33,172,530,null
2286,126,951,565,null
1663,844,235,621,null
1359,942,360,206,null
534,556,519,765,null
3141,273,924,946,null
2007,262,791,969,null
1407,781,406,928,null
1377,282,266,179,null
1855,471,745,117,null
1758,131,7,208,null
658,807,41,474,null
2750,280,864,965,null
1587,4,454,217,null
826,612,593,646,null
3085,55,839,517,null
997,197,761,579,null
569,974,630,480,null
373,719,794,414,null
1234,581,970,883,null
108,164,42,120,null
989,152,173,605,null
1900,886,859,656,null
1041,994,134,283,null
293,41,398,691,null
2587,243,509,318,null
2368,948,800,708,null
1333,291,67,718,null
168,567,481,108,null
1627,255,391,884,null
3146,154,784,182,null
415,611,724,907,null
2607,135,545,723,null
1423,84,684,239,null
1740,59,166,54,null
2028,412,564,865,null
778,316,866,259,null
824,88,153,871,null
1817,838,442,28,null
2818,509,761,485,null
2501,394,268,266,null
2165,835,941,656,null
1269,805,810,746,null
2900,84,693,628,null
1424,501,804,777,null
2232,378,391,922,null
94,898,308,477,null
107,733,670,724,null
2745,497,295,340,null
2962,977,260,465,null
824,946,483,443,null
1055,397,345,714,null
1165,819,657,937,null
2263,774,8,473,null
1510,666,746,516,null
2558,526,682,79,null
3092,883,358,371,null
1019,278,540,230,null
861,36,203,718,null
716,377,28,430,null
2324,947,864,598,null
235,957,843,481,null
592,807,971,502,null
2328,794,972,373,null
1000,130,237,630,null
2329,391,318,543,null
1961,4,903,3,null
2320,797,564,399,null
692,528,461,548,null
181,116,322,763,null
2325,174,409,939,null
2738,34,440,988,null
3173,637,236,73,null
2497,778,996,511,null
697,753,374,888,null
2918,732,366,368,null
2213,1000,269,65,null
2527,310,499,637,null
1226,15,612,330,null
624,211,950,604,null
2250,104,287,367,null
430,913,379,287,null
9,860,442,423,null
1795,924,916,970,null
668,97,869,277,null
359,659,509,963,null
709,907,34,165,null
2746,619,491,846,null
3005,929,675,866,null
1308,87,636,213,null
753,801,689,812,null
892,605,382,514,null
2839,526,544,952,null
2347,889,694,35,null
1174,426,36,90,null
2012,922,5,273,null
662,62,878,627,null
1200,464,632,524,null
1025,304,448,548,null
2265,48,409,777,null
60,890,802,703,null
2919,51,212,484,null
2977,303,437,618,null
2687,289,910,499,null
2888,44,534,163,null
1380,178,634,357,null
3015,110,926,232,null
213,425,114,151,null
2650,965,266,948,null
1993,88,661,330,null
668,498,4,483,null
1072,132,425,158,null
571,832,931,365,null
2600,813,461,312,null
399,438,273,833,null
1834,927,709,512,null
1519,968,742,868,null
2869,328,700,919,null
1144,761,613,187,null
2901,449,467,45,null
2013,167,432,434,null
1164,96,436,665,null
466,20,699,25,null
1943,977,472,631,null
793,838,287,706,null
404,604,214,968,null
1519,857,168,980,null
191,516,162,484,null
2674,700,787,274,null
3070,294,201,335,null
661,8,582,250,null
68,720,684,398,null
1975,279,356,580,null
2528,962,565,579,null
874,494,803,662,null
469,399,818,994,null
1712,921,445,600,null
1949,607,775,438,null
819,595,511,589,null
1125,711,529,805,null
577,961,674,446,null
1974,103,82,196,null
2559,37,567,260,null
2364,984,208,230,null
1049,51,278,179,null
2361,682,82,905,null
2848,532,662,99,null
943,503,622,386,null
971,604,480,528,null
2840,629,81,985,null
1855,141,140,542,null
133,159,524,12,null
508,268,912,238,null
1766,541,38,623,null
2255,587,115,779,null
2571,192,206,295,null
480,457,542,713,null
1152,424,122,339,null
2997,737,253,703,null
379,961,701,97,null
1331,561,400,481,null
435,527,762,215,null
1330,824,904,965,null
1027,845,292,182,null
78,635,119,889,null
494,46,888,6,null
2955,755,542,999,null
1767,885,851,701,null
2838,469,698,927,null
670,675,386,797,null
1469,861,529,291,null
2096,785,216,529,null
1924,232,559,292,null
953,656,677,447,null
2131,503,759,126,null
408,620,696,180,null
1387,254,902,916,null
858,998,268,63,null
2045,944,424,847,null
2861,404,518,935,null
1764,36,931,374,null
181,522,536,257,null
726,389,26,36,null
2416,564,220,982,null
1499,468,453,219,null
957,386,565,622,null
43,721,639,258,null
3115,205,553,563,null
2323,459,772,435,null
1871,117,26,501,null
1186,140,850,249,null
2712,747,489,787,null
1590,352,892,358,null
209,922,812,718,null
636,854,204,242,null
1162,158,372,492,null
2948,534,721,69,null
859,235,446,390,null
2536,236,192,538,null
516,12,359,119,null
4,698,823,113,null
2909,684,223,524,null
2101,166,791,895,null
1562,462,17,346,null
1881,966,274,824,null
431,721,445,527,null
461,322,814,662,null
2149,812,784,571,null
160,803,258,196,null
2730,271,868,765,null
2149,360,238,508,null
146,850,22,460,null
368,778,705,154,null
2874,918,794,654,null
1178,764,893,238,null
1748,569,308,261,null
1948,848,231,787,null
3065,870,450,593,null
1721,802,199,58,null
2299,441,398,584,null
2839,642,321,676,null
2692,80,374,798,null
2824,636,516,53,null
1899,44,13,275,null
2477,389,639,604,null
1923,647,455,374,null
780,602,587,698,null
2595,888,601,732,null
679,866,637,456,null
685,934,865,302,null
2906,992,406,777,null
2307,103,434,582,null
428,711,371,339,null
2649,949,214,239,null
2407,376,447,694,null
1107,570,519,713,null
1275,922,978,773,null
1919,711,40,790,null
2124,886,965,438,null
919,575,478,175,null
1557,522,882,919,null
1288,573,237,712,null
2108,710,438,384,null
1831,744,721,188,null
1041,177,93,909,null
197,746,202,458,null
2499,142,85,854,null
2601,20,554,66,null
825,154,524,437,null
2620,242,937,330,null
2254,462,89,428,null
1650,573,670,954,null
2123,438,951,417,null
2010,380,744,285,null
842,799,630,301,null
1746,487,58,563,null
1710,743,383,331,null
846,893,339,340,null
350,329,630,523,null
1017,344,886,183,null
1789,811,184,126,null
165,507,602,708,null
1953,639,3,723,null
595,484,125,658,null
1466,222,257,892,null
2874,122,167,888,null
2892,34,38,111,null
1875,615,159,416,null
2636,479,980,561,null
2778,547,154,516,null
1461,95,282,594,null
1214,196,584,730,null
2434,543,556,119,null
321,830,764,78,null
865,365,376,575,null
2043,852,59,966,null
1704,280,687,66,null
625,91,699,904,null
2891,224,48,550,null
1131,67,962,459,null
1388,379,631,763,null
666,104,994,241,null
1943,973,401,637,null
2033,790,657,896,null
1491,781,919,92,null
472,890,687,78,null
3003,212,987,92,null
1165,750,312,731,null
870,319,970,369,null
1079,205,461,242,null
2345,459,503,597,null
439,874,611,331,null
132,711,366,586,null
2987,226,587,506,null
2385,519,256,898,null
21,730,163,447,null
529,626,163,404,null
1393,854,40,268,null
1580,303,192,656,null
1194,5,364,722,null
2572,718,728,222,null
2312,793,770,577,null
106,46,194,428,null
77,202,863,30,null
1760,592,835,140,null
1164,76,206,277,null
2075,518,320,910,null
1085,697,135,539,null
2327,280,944,528,null
2366,127,879,413,null
1476,581,409,665,null
1634,66,88,347,null
1927,466,659,617,null
220,886,693,285,null
3134,389,659,94,null
343,847,568,591,null
2384,179,631,99,null
2837,492,998,307,null
2458,333,93,282,null
304,903,409,864,null
3,567,799,254,null
226,502,614,92,null
2728,928,555,798,null
2333,154,826,640,null
759,883,230,263,null
1382,280,268,440,null
863,984,471,109,null
797,674,140,853,null
2413,42,492,948,null
2282,381,479,796,null
1718,81,202,422,null
3119,752,889,466,null
2239,50,805,470,null
2028,938,149,908,null
246,537,799,278,null
1982,613,443,391,null
2348,788,79,376,null
2413,46,584,433,null
1124,309,166,785,null
3165,204,817,265,null
3009,891,473,543,null
707,654,898,253,null
2112,167,286,961,null
674,755,975,129,null
1027,332,586,986,null
1639,612,254,516,null
1735,289,377,48,null
1877,317,315,353,null
2052,757,649,348,null
611,425,276,226,null
1424,217,941,992,null
461,710,615,561,null
1145,491,272,213,null
338,448,661,762,null
535,908,654,462,null
2499,684,25,329,null
343,899,349,1,null
1629,523,78,21,null
2271,709,234,308,null
2407,867,873,462,null
1210,651,313,205,null
441,997,505,158,null
1000,149,601,839,null
1349,535,924,68,null
2909,644,731,413,null
1475,426,355,579,null
109,880,459,320,null
959,83,173,375,null
965,881,871,987,null
2101,68,413,207,null
2824,642,921,478,null
1424,380,660,228,null
3080,908,203,981,null
2346,483,136,200,null
2770,418,950,393,null
2593,121,627,367,null
2357,848,469,306,null
213,288,967,870,null
3125,365,492,1000,null
94,516,393,378,null
1355,948,821,947,null
437,745,514,53,null
1433,833,801,844,null
834,626,631,874,null
2789,279,680,560,null
1234,226,65,304,null
302,4,594,923,null
1876,885,143,272,null
980,282,583,701,null
2906,826,821,569,null
2513,314,475,302,null
1697,87,385,571,null
31,460,864,173,null
2508,785,389,797,null
892,77,343,196,null
3141,383,566,43,null
1599,258,864,607,null
2325,583,272,891,null
1664,529,205,835,null
1629,614,835,729,null
346,984,711,749,null
984,287,936,62,null
983,561,543,882,null
678,450,179,802,null
791,178,591,570,null
1896,246,692,410,null
2365,884,796,808,null
2325,926,799,797,null
3022,122,786,25,null
780,53,828,397,null
902,194,118,921,null
535,619,604,175,null
2012,655,820,958,null
322,30,56,72,null
1199,898,5,910,null
1900,160,729,111,null
2900,301,545,374,null
2280,613,382,411,null
2212,533,134,952,null
2028,678,90,661,null
2029,757,380,755,null
954,743,821,678,null
2972,856,672,229,null
1916,568,423,321,null
1781,964,434,406,null
199,966,229,272,null
1499,519,720,963,null
1751,902,866,660,null
1274,228,877,152,null
460,343,802,289,null
1091,893,765,649,null
110,978,719,743,null
903,582,44,25,null
848,421,250,714,null
2721,456,332,135,null
2753,473,361,298,null
1986,928,515,314,null
2807,64,48,291,null
1681,226,326,465,null
2796,529,628,146,null
327,339,584,10,null
136,401,762,909,null
2882,209,934,773,null
537,138,209,235,null
1260,376,866,475,null
1996,677,950,562,null
2208,238,308,898,null
1675,803,513,555,null
1120,173,181,308,null
2503,63,713,770,null
1737,183,674,459,null
1360,609,566,265,null
1143,847,732,474,null
1888,838,986,56,null
2775,285,274,46,null
2741,667,631,202,null
3148,716,96,905,null
1341,120,12,490,null
3005,753,596,289,null
891,995,956,942,null
1794,948,663,948,null
1747,529,711,240,null
1769,106,288,629,null
258,523,93,962,null
877,628,789,614,null
1851,31,865,474,null
50,783,324,532,null
81,860,835,545,null
916,912,526,712,null
809,999,509,19,null
611,399,788,775,null
2719,489,595,872,null
519,568,588,641,null
2597,817,582,774,null
2296,79,133,798,null
2093,911,677,819,null
2569,583,98,161,null
2365,155,688,54,null
2790,639,698,627,null
2612,445,514,18,null
372,312,519,303,null
1390,302,970,289,null
485,146,111,305,null
2543,102,716,338,null
2795,214,848,906,null
1580,944,1,389,null
1313,727,518,777,null
2622,733,824,971,null
486,767,635,639,null
726,140,329,793,null
2107,623,731,44,null
2785,207,913,977,null
3091,532,567,938,null
2798,132,488,697,null
1378,296,276,724,null
48,255,364,902,null
1866,250,190,859,null
2444,777,134,10,null
1319,519,902,943,null
2858,632,170,741,null
2579,665,735,416,null
723,879,529,375,null
1269,896,290,396,null
341,185,233,98,null
2990,279,197,28,null
2700,854,695,187,null
3076,611,688,700,null
2318,511,10,413,null
653,78,92,675,null
1922,680,642,302,null
2463,845,945,950,null
2650,507,745,417,null
2102,405,950,757,null
1868,614,384,802,null
1962,911,457,601,null
353,385,890,637,null
2586,234,176,830,null
52,621,959,588,null
522,250,699,234,null
318,494,511,421,null
1672,301,943,282,null
614,601,914,817,null
976,743,282,913,null
3098,109,519,372,null
3174,95,198,174,null
1138,721,415,173,null
677,527,174,937,null
2796,287,8,528,null
2948,823,114,705,null
743,174,132,256,null
1449,841,74,9,null
1833,45,66,309,null
90,712,877,110,null
1085,324,815,99,null
2398,464,66,443,null
507,795,360,971,null
1932,644,521,402,null
2593,101,598,428,null
900,402,578,870,null
1947,728,316,29,null
192,18,841,973,null
3102,169,727,776,null
240,85,16,394,null
3069,765,123,920,null
1853,592,395,771,null
9,99,144,285,null
1697,409,897,440,null
3154,151,388,91,null
2276,846,277,862,null
1769,414,121,620,null
1562,128,339,849,null
2957,491,117,93,null
199,247,761,982,null
1375,777,72,780,null
1315,831,419,364,null
1801,490,787,973,null
516,37,354,760,null
2648,46,498,19,null
124,389,46,841,null
2419,396,91,500,null
486,376,839,813,null
2536,907,626,585,null
2111,460,196,216,null
2316,128,311,577,null
2540,643,750,986,null
71,696,826,915,null
2603,666,503,194,null
2385,207,684,500,null
1456,386,502,412,null
2611,207,345,828,null
2982,588,215,394,null
70,648,509,464,null
1023,517,841,664,null
2176,412,689,102,null
1835,232,105,872,null
496,810,829,409,null
685,47,980,496,null
1901,103,293,679,null
2335,582,105,163,null
1293,930,680,422,null
2981,340,4,818,null
3088,387,201,894,null
1235,499,650,362,null
2455,575,565,571,null
3163,510,466,563,null
2213,138,710,588,null
2255,687,1000,959,null
1539,398,412,813,null
790,84,362,665,null
221,8,279,503,null
1355,578,719,735,null
2669,19,524,514,null
2531,787,814,591,null
1114,826,365,585,null
2689,528,709,556,null
51,417,334,584,null
2909,307,628,832,null
27,647,908,729,null
369,498,893,608,null
203,659,353,318,null
809,493,503,172,null
1523,764,726,917,null
2706,596,88,328,null
2749,194,793,789,null
1648,865,142,657,null
1143,710,256,516,null
2907,825,526,12,null
641,804,195,363,null
1690,944,183,814,null
1643,642,881,812,null
2105,23,218,555,null
857,712,335,59,null
2898,931,28,728,null
1975,878,573,680,null
33,358,40,726,null
1822,240,190,538,null
2160,654,83,463,null
1150,831,648,666,null
1273,318,299,847,null
2446,276,170,8,null
1078,214,66,390,null
1453,63,113,530,null
1905,742,898,533,null
310,145,207,797,null
1923,735,590,325,null
1882,174,119,323,null
323,1000,682,387,null
3005,696,218,652,null
2292,527,614,50,null
152,110,43,700,null
2370,838,744,940,null
1430,622,614,384,null
1373,992,665,957,null
3156,70,181,627,null
2454,443,924,570,null
1210,722,713,525,null
3089,342,209,884,null
2016,834,899,315,null
80,445,314,826,null
739,112,133,661,null
721,514,643,157,null
1620,785,166,776,null
2709,175,59,656,null
3122,215,818,146,null
2140,650,548,827,null
2219,517,139,339,null
3012,672,101,215,null
1449,539,820,203,null
3104,347,691,655,null
3110,742,876,104,null
1273,747,567,667,null
3085,128,240,427,null
825,374,165,19,null
2555,491,635,939,null
2062,971,963,25,null
2584,306,167,532,null
1581,274,226,136,null
1192,846,679,287,null
1803,959,197,966,null
2107,380,193,352,null
2142,36,187,759,null
2405,731,750,927,null
2542,843,252,214,null
733,602,796,272,null
3143,68,747,85,null
2327,732,73,384,null
1613,463,38,454,null
2195,824,510,144,null
3106,220,855,66,null
1050,170,488,100,null
522,258,888,776,null
3120,728,664,116,null
1973,182,169,188,null
2951,506,82,613,null
2533,132,902,511,null
2327,727,394,878,null
1410,396,951,786,null
274,687,98,324,null
1406,352,518,252,null
70,155,257,102,null
2490,494,464,15,null
835,983,887,916,null
448,999,637,62,null
2384,203,864,448,null
300,860,121,289,null
2353,906,183,556,null
176,13,165,301,null
715,218,100,296,null
1855,737,924,539,null
186,809,895,236,null
2824,675,708,506,null
280,479,534,153,null
1174,604,78,632,null
380,758,478,301,null
2196,704,127,683,null
