10927,5
1610,5
1610,14
2238,12
2238,8
16933,1
16933,11
16933,17
10056,9
10056,6
10056,12
12176,9
12176,2
12176,14
2620,10
6495,17
6495,15
10328,6
10328,4
3283,1
3283,17
6959,3
6959,9
1975,16
1975,7
1975,13
15105,17
15105,4
12137,2
12137,1
12137,7
10293,4
10293,17
10293,8
15143,7
15143,4
15143,11
5305,1
5305,14
5305,17
10228,15
10228,9
5815,15
5815,14
5815,10
4926,9
4926,5
4926,12
10548,6
10548,1
14186,15
14186,8
14186,17
12940,4
2734,13
2734,10
2734,12
2243,17
4802,2
4802,3
4802,5
5790,11
5790,3
5790,5
14355,2
14355,3
4276,4
4276,13
16290,4
16290,2
16290,16
6763,16
6763,15
14819,15
14819,6
14819,10
12091,16
2847,16
2847,9
2847,6
15023,9
16924,8
16924,7
16924,16
12595,10
12595,14
12595,7
3999,13
3999,8
3999,10
10392,13
10392,10
10392,3
13107,7
16915,3
16915,7
16915,12
10830,13
6320,5
6320,10
9148,7
2331,3
2331,4
17952,5
17952,12
1967,9
3750,1
12867,11
12867,3
12867,7
6385,11
7703,6
7703,9
16312,6
16838,2
16838,5
641,6
641,14
641,13
12920,10
2206,14
2206,2
2206,11
14512,5
14512,14
5642,8
6835,17
6835,4
6835,2
15954,1
15954,4
3869,13
14285,13
14285,17
14285,14
16875,15
16875,5
16875,4
16531,12
15705,4
15705,10
7316,11
7316,13
18117,13
17271,12
17271,4
17271,5
154,14
154,7
154,17
14284,17
14284,9
14284,7
10247,17
10247,9
10247,15
9833,1
9833,9
9833,11
1646,5
1646,12
1646,14
10858,1
10858,6
10858,12
2981,16
2981,14
14756,12
7890,5
7890,9
7890,12
731,17
731,10
7289,3
7289,6
6661,15
6661,10
2507,12
2507,15
15211,7
15657,2
15657,16
15657,5
11107,9
11107,13
11107,2
15878,16
4488,4
4488,10
4488,13
16990,15
16990,8
5495,16
5495,6
409,14
409,15
498,10
498,9
498,7
1077,10
1077,13
1077,5
10410,16
10410,7
10410,9
2012,10
2012,9
2012,17
13828,13
13828,1
1263,10
1263,1
1263,11
2259,11
5691,16
5691,8
7803,7
9166,4
9166,2
8331,11
4860,14
8234,14
8234,15
8234,13
11864,2
11864,5
11864,4
10891,10
10891,12
10891,3
13901,7
719,7
14303,3
14303,17
14303,4
16367,9
16367,11
16367,16
1696,7
1696,6
1696,11
9546,1
9546,3
13788,2
13788,7
12960,13
12960,2
14112,6
4784,11
4784,6
16662,1
16662,10
16662,4
13455,5
13455,17
16792,15
15358,13
15358,6
6286,11
6286,7
16281,15
11742,5
7131,17
8369,3
8369,17
11787,3
11787,9
11612,13
11612,5
12247,4
4487,11
10647,15
10647,10
6331,14
6331,9
6331,6
16936,3
11495,2
11495,9
8653,16
8653,2
8653,7
2142,3
14291,13
14291,17
14291,5
10321,1
10321,10
10321,12
5231,8
5231,2
5231,12
1309,4
1309,2
1309,11
166,2
16135,8
16135,16
10383,6
10383,11
12609,4
18258,16
18258,10
13510,10
13510,3
13510,2
15062,1
2442,16
2442,9
2442,14
10458,17
2124,11
2124,9
2124,12
13577,17
13577,10
13577,8
698,17
698,3
15681,3
12387,4
12387,10
12387,1
1702,17
1702,1
4194,3
4194,9
4194,11
14480,4
14480,1
8691,4
14636,2
10130,1
10130,2
15905,1
15905,15
2004,3
2004,6
10631,6
1149,16
1149,3
1149,12
15694,12
15694,16
15694,9
14705,5
14773,17
14773,9
5452,8
5452,9
1490,14
1490,1
1490,5
1344,1
1344,17
1344,4
14956,13
12206,7
9199,11
9199,3
917,11
917,9
917,4
541,15
541,17
16037,9
4985,14
4985,8
8248,6
8248,3
8248,5
8914,6
8914,8
8914,12
14441,10
14441,17
14441,9
8815,5
15267,4
6334,12
6334,13
6334,4
9212,1
9212,9
12179,17
16629,7
16629,10
16029,15
16029,3
12010,5
12010,12
12010,17
13385,9
13385,7
15949,16
8844,11
8844,16
8844,6
4063,15
4063,16
18182,11
18182,8
18182,13
11383,6
9956,13
9956,6
9956,14
8897,17
8897,8
8897,3
6785,2
12529,16
12529,12
15699,1
15699,5
15699,17
12583,11
12583,4
9732,4
9133,2
9133,13
9133,12
8336,6
8336,8
8336,9
3202,6
1980,1
7242,15
7242,13
16369,8
16369,3
16369,16
11012,11
928,10
7494,5
7494,10
199,16
199,10
6993,7
6993,11
11804,11
16184,1
16184,6
2579,3
2821,5
2821,8
2821,13
5872,6
5872,8
15326,11
3484,3
3484,6
2210,14
2210,5
2210,9
12978,5
12978,1
12978,12
9295,16
9295,8
9295,5
15841,2
15841,3
15841,10
18037,13
18037,9
12575,17
12575,9
16343,4
16343,14
16343,8
5399,15
6731,15
6731,3
9708,8
9708,10
11775,3
11775,8
1441,1
1441,9
13876,11
1458,6
1458,7
1458,17
14124,5
5520,9
11667,14
11667,3
11667,13
11305,2
11305,17
11305,10
2742,2
2742,3
2742,12
6283,4
6283,11
1393,11
2224,11
2224,10
2224,12
9755,2
9755,10
15133,2
4659,3
6279,3
6279,1
7946,15
7946,8
12434,5
4615,11
4615,6
4615,5
6853,11
14171,5
16575,17
16575,14
12351,10
7340,14
7340,10
7202,4
7202,3
4525,11
4525,3
4525,10
17443,13
17443,8
17443,6
4640,1
4640,16
3413,14
11148,12
11148,13
11148,6
17043,7
17043,14
17043,10
403,15
403,4
403,2
4264,14
4264,4
4264,5
5924,6
5924,9
5924,4
4471,17
439,17
439,5
17551,14
17551,15
16994,5
16994,13
16762,1
16762,11
475,11
475,7
4442,7
7888,14
382,16
382,8
4747,5
4747,4
17691,15
17691,12
17691,13
685,6
685,13
8427,2
4835,3
555,16
555,14
555,9
1094,10
1094,15
16187,10
12689,17
12689,14
12689,11
6950,9
6950,5
6950,16
11027,12
11027,10
11027,4
8191,16
8191,3
8191,10
10173,5
10173,15
15243,9
15243,13
9937,5
9937,6
9937,7
11849,16
2167,1
2167,9
2167,4
5901,2
5901,13
13171,5
13171,11
9775,14
9775,15
9775,7
5884,3
696,17
18198,1
18198,10
18198,4
4318,3
2384,8
11690,8
15135,17
3271,7
3271,15
11922,1
11922,14
11922,8
1258,17
14531,7
17027,13
17027,16
12605,4
12432,8
4737,5
5636,1
1056,6
1056,12
7106,2
7106,13
10047,7
1065,10
417,10
417,8
16790,17
16790,3
13023,14
13023,8
12156,4
12156,16
12156,5
113,1
113,15
1085,5
13926,4
7807,1
167,12
167,5
167,13
8781,17
8781,14
8781,12
14791,12
2883,14
14733,4
14733,1
14733,17
16709,1
16709,6
6158,3
17815,9
17815,7
577,10
577,7
12203,8
12203,10
12203,13
6011,11
6011,6
6011,8
8669,1
8669,17
8669,16
1164,5
1164,16
4397,10
4397,5
4397,3
8833,1
12077,3
11209,12
11209,2
11209,15
7471,12
11995,9
11995,6
11995,17
10060,5
12994,16
12994,2
13529,3
16460,13
13596,13
16679,4
16679,14
3756,11
6038,9
6038,8
8671,12
10823,15
10823,16
10823,12
804,16
804,9
804,11
6516,12
6516,11
2145,9
2145,8
2145,13
11993,1
11993,9
11993,17
10809,4
10809,6
10809,5
7614,14
7614,13
7614,7
13594,9
9041,4
9041,9
9041,5
14268,7
14268,2
14268,8
5795,3
5795,17
4025,10
4025,8
4025,15
13721,9
16022,1
16022,13
10832,9
10832,17
10832,5
1365,5
1365,12
16581,15
16581,14
13260,7
13260,12
13260,11
883,16
883,1
10908,6
10908,2
9482,15
9482,17
11191,17
10724,7
9227,1
9227,2
7114,3
2441,7
8527,3
9747,17
9747,6
10316,16
10316,2
10316,8
3957,8
3957,9
17440,15
3435,8
1997,15
1997,12
4820,6
4820,11
13579,7
13579,4
12017,6
8181,12
8181,2
8181,9
16148,15
16148,13
16148,1
2234,12
13698,9
13698,15
17696,3
16351,16
16351,14
16351,12
906,9
3410,4
8057,5
8057,3
6474,17
10162,3
10162,7
4609,3
4609,14
14651,3
14651,9
14651,4
4827,7
14258,4
14258,14
14258,11
15997,4
17594,9
17594,14
17594,6
11869,9
11869,12
10677,1
10677,4
17305,6
17305,1
17305,8
8951,4
13564,2
13564,6
4903,11
4903,15
4903,2
5529,12
5529,1
5529,2
8259,15
9322,7
9322,17
9322,2
7960,7
7960,10
7960,5
13358,10
13358,14
3045,5
3045,8
14562,16
1486,10
4984,12
4984,9
10532,16
6907,1
6907,14
5233,17
5233,2
7332,12
7332,14
7332,7
11318,9
3099,9
1128,4
10569,13
9782,7
12974,3
12974,7
12974,11
5614,8
13303,13
3550,15
3550,16
7707,6
7707,11
9247,7
5039,5
5039,9
6268,17
15526,17
15526,2
5740,1
5740,17
13380,4
9127,15
9127,9
1544,5
1544,15
14304,13
1043,1
1043,7
1043,14
2156,7
4773,6
13671,7
13671,17
13671,3
11483,4
11483,9
11483,11
13318,16
17152,8
6949,5
9099,6
9099,9
14090,1
231,10
231,5
14677,16
14677,8
14677,5
14845,15
14845,5
14845,17
5327,17
16323,8
16323,12
17901,9
17901,10
14746,14
14746,13
10389,5
15302,1
15302,9
15302,4
9516,7
9516,1
14359,9
5747,1
5747,11
9327,16
9327,3
12045,7
12045,4
12045,16
2560,5
12405,6
12405,4
12405,12
8087,13
8087,10
8087,11
14628,3
10044,13
10044,10
10044,9
668,1
9604,7
9604,11
9604,9
6819,6
6819,12
11756,9
8157,9
14223,13
14223,7
12066,3
12066,4
6039,2
6039,4
17990,2
11655,9
11655,16
370,12
15315,8
6627,10
6627,15
6627,1
6095,3
6095,4
10606,15
10606,5
10606,6
7968,17
4511,16
4511,17
4511,5
7765,13
7765,3
7765,17
9580,10
9580,9
12907,13
12907,10
12907,6
8836,2
8836,3
8836,5
8750,15
8750,2
7977,6
7977,16
17362,2
2018,14
2018,8
2018,11
15123,5
15123,16
15123,13
8450,14
8450,15
8450,9
828,4
828,1
828,13
12870,8
11334,8
11334,11
18096,17
18096,1
18096,2
10702,8
4907,5
4907,14
8294,10
11195,17
8602,5
8602,9
14640,12
14640,2
14640,7
2183,5
2183,7
2183,12
14993,4
14993,10
14993,3
12551,11
12551,4
12551,7
288,5
9415,1
9415,3
13757,15
13757,9
13757,7
108,3
108,5
11889,16
15483,2
6976,5
6976,3
6976,2
8657,14
8657,11
14391,14
7027,8
7027,4
7027,1
1180,16
1180,9
5935,6
5935,9
17085,8
13878,12
13878,7
13878,15
15494,4
15494,17
15494,8
3701,7
7883,6
16905,14
16905,7
17385,12
17385,2
4800,7
4800,16
6642,10
6642,1
6642,9
16858,15
16858,16
16170,11
16170,14
9014,7
9014,3
9014,6
1378,16
1378,9
1378,3
12908,13
12908,9
10776,2
10776,13
10776,10
11647,7
11647,5
1058,1
9122,11
9122,5
4128,12
4128,16
12109,15
12001,3
12001,12
12001,14
14241,1
14241,3
14241,9
12330,13
12330,17
12330,3
15658,5
15658,8
15658,2
16995,10
16995,14
16995,4
12651,9
12651,4
1141,12
12462,11
9409,4
1268,12
1268,6
14901,10
1970,1
1970,3
1970,5
14543,4
14543,1
14543,10
7380,15
11314,17
11314,5
6346,5
17817,13
17817,9
12314,4
12314,14
4923,14
4923,8
1262,2
1262,15
1262,14
10990,17
5308,16
5308,10
5308,2
10799,1
10799,11
12164,14
9417,11
9417,15
9417,9
9882,6
18022,5
18022,17
5435,8
5435,15
5435,11
9814,6
9814,15
9814,16
613,1
613,12
613,6
17187,16
17187,10
17187,17
2862,6
2862,8
2862,10
5879,10
8949,17
8949,11
17764,11
9272,14
9272,5
3995,6
3995,10
3995,17
9641,5
9641,4
9641,10
9350,9
9350,6
3784,11
3784,7
704,14
704,5
16020,5
3894,15
3894,10
3894,3
5499,11
5499,3
5499,16
13350,17
13350,7
11200,7
6789,3
6789,9
7092,16
12008,8
1041,14
15889,12
15889,10
13775,12
12617,2
12617,9
13282,5
13282,10
4750,15
4750,12
7986,16
7986,4
1023,11
2348,9
2348,11
11505,17
9396,15
9526,12
9526,3
9526,10
14766,17
14766,2
2212,10
13800,16
13800,10
13800,7
1510,11
1510,1
1510,3
6825,5
6825,1
6825,8
13223,16
13223,11
9101,17
9101,14
15496,11
15496,9
15496,15
1249,5
1249,9
1249,10
9019,10
9019,14
11959,2
11959,14
11959,11
17786,12
17786,3
17786,4
4627,2
4627,7
7662,10
8193,16
4593,1
4593,15
17369,17
17369,4
17369,9
2747,4
2747,12
1483,2
1483,6
1483,8
2720,17
2434,9
2434,1
11,16
13843,6
13843,14
13843,5
12294,2
159,3
16284,5
16284,13
12297,11
12460,17
12460,11
11706,9
3620,5
14715,13
14715,14
5574,11
5574,13
5574,16
8899,15
8899,1
8899,11
10983,17
10983,14
1740,14
8373,11
8373,5
2267,8
2267,11
8148,2
8148,15
8148,5
14327,16
5605,5
5952,15
5952,1
5952,10
5115,12
5115,8
5115,1
17148,15
17148,2
12469,5
12469,3
12469,7
2641,16
2641,10
14831,16
14831,5
6886,1
3020,15
3020,8
3020,4
11990,8
2433,4
2433,17
4560,3
14323,17
14323,4
397,14
397,9
397,17
2608,6
2608,11
13930,9
13930,16
13930,7
3761,13
17944,11
2983,8
2983,17
2983,10
9027,10
9027,7
4072,14
4072,7
10469,15
10469,7
10469,10
17912,6
6159,16
12083,8
12083,12
12083,14
15880,15
15880,3
2269,17
2269,4
10681,17
10681,2
5208,13
5026,17
11440,6
11440,14
11440,3
6173,15
6173,10
6173,1
14496,5
14496,9
14496,16
12221,5
12221,7
458,15
458,1
200,15
2230,14
12495,3
12495,5
12495,4
9339,2
9339,12
9339,1
17716,5
9823,15
9823,5
9823,14
9416,5
5391,14
5391,11
3145,14
11606,10
11606,3
391,3
1817,6
8659,4
4772,7
4772,13
4772,9
14379,3
14379,13
14379,16
3259,4
3259,8
3259,3
13427,9
13427,4
13427,8
7822,8
7822,9
2086,16
2086,11
7243,3
7243,5
7243,1
10759,3
10759,12
7147,2
7147,13
5474,6
5474,7
8216,9
5328,2
5328,4
17735,9
5379,9
1456,6
1456,9
17206,8
2011,2
12606,17
12606,4
10272,3
2468,14
2468,1
17834,17
13556,6
4633,3
4633,17
4633,14
5840,5
5840,2
5840,1
14077,13
2315,12
2315,8
2768,1
2187,12
10217,13
10217,8
16781,13
16781,2
11233,2
11233,9
17845,14
17845,13
16487,4
16487,11
16487,17
6131,8
6131,10
16282,9
12070,12
12070,11
9442,15
9442,4
9442,8
13,7
9273,13
9273,4
9273,11
10721,5
10721,16
9132,6
9132,10
3551,16
3551,7
3551,1
5201,7
17722,5
17722,13
17722,12
8706,17
8706,1
13606,6
13606,16
14596,17
4336,3
1341,16
1341,11
1341,6
17180,13
17180,4
7592,10
7592,3
7592,5
15686,4
15686,1
15686,6
1557,7
15357,2
15357,4
15357,12
5601,12
5601,5
5601,10
5133,1
5133,15
5133,12
3885,4
3885,9
3885,14
14841,6
14841,14
14841,4
4537,3
4537,4
4537,12
3607,14
3607,11
3607,8
14003,15
16015,1
14595,15
15995,2
15995,16
14724,8
17334,17
13275,15
13275,8
13275,11
12620,6
12620,14
1929,6
3896,1
3896,2
7468,17
15244,1
15244,2
4893,17
4893,7
4893,14
11603,6
12329,4
12329,3
5398,6
7506,12
8732,17
8732,9
8366,16
8366,13
8366,9
16234,5
16234,11
16234,4
16484,3
16484,6
8025,14
8025,2
8025,12
16711,7
16711,10
135,10
8558,9
8558,11
7263,7
5837,5
5837,17
5837,10
10554,15
1968,6
1968,14
10354,12
10354,13
13387,12
15838,16
15838,3
14105,8
14105,11
16035,14
16035,15
8534,10
14399,1
5980,13
16836,7
16836,5
16836,17
5479,16
5517,6
2323,9
2323,10
2323,17
9955,15
1559,14
1559,10
3537,2
3537,3
3537,1
5564,6
5564,14
14132,1
14132,15
14132,6
4362,2
4362,10
4362,13
4743,16
14311,14
14311,16
14311,7
6606,11
6606,3
14815,14
7740,17
7740,15
7740,3
6319,15
8050,4
8050,15
8050,17
17371,1
17371,17
17371,16
4995,7
4995,11
4995,2
4510,2
4510,8
4510,1
15210,3
15210,16
2421,16
2421,2
3061,2
3061,6
3061,14
9348,13
4365,17
4365,7
4365,4
10099,11
10099,10
11559,5
11559,3
11559,15
7474,13
9256,8
9256,4
9256,15
2914,16
272,2
272,1
272,8
14043,15
14043,10
7105,6
5033,10
5033,1
5033,4
17246,16
11556,5
5178,3
5178,11
5178,13
2245,10
2245,1
2245,12
2610,5
3248,7
3810,5
3810,7
3810,1
15139,1
15139,4
15139,3
201,16
201,12
13144,13
13144,7
17839,11
17839,10
3302,12
3302,16
12301,8
12301,12
1242,1
1242,13
16731,4
16731,11
11983,17
11983,7
11983,14
14402,6
14402,5
18063,11
3523,15
18091,11
18091,6
18091,13
11183,6
2253,8
2253,7
4236,1
16223,16
16223,8
16223,5
585,12
585,8
585,1
6778,8
6778,5
6778,17
17662,16
8824,14
10675,3
10675,14
7953,3
1315,4
9421,15
9421,3
13982,1
13982,8
13982,17
1753,14
17571,13
9923,7
9923,8
14021,12
14021,6
14021,13
11441,7
11441,17
11441,5
4045,3
4045,14
3798,7
3798,1
11676,5
11676,7
11676,10
3926,14
3926,10
3926,8
12720,11
12720,8
12720,5
8423,9
8423,17
8423,8
13368,14
14363,4
12590,6
12590,4
12590,8
12844,15
12844,6
5831,2
12033,6
12033,3
12033,9
2274,5
2274,4
2274,10
9751,17
9751,11
9751,1
542,14
542,17
542,11
10012,11
10012,10
10012,5
6948,8
659,9
659,17
10743,3
10743,7
10743,2
17403,15
13422,17
13422,14
16014,8
16014,6
15762,7
15762,11
15762,9
5880,1
5880,5
3173,6
1160,17
1160,6
1160,14
18187,4
13182,11
13182,8
13182,15
11093,12
11745,2
11745,15
11745,14
9484,2
9484,8
9090,13
3158,5
7599,3
7599,2
11102,10
11102,11
9142,2
14660,12
13914,9
13914,12
10583,6
10583,2
14550,15
16618,6
16618,14
15723,4
15723,8
14135,5
726,13
726,14
726,2
12197,5
17126,17
16539,4
16539,8
16539,11
7675,13
7675,16
6964,12
6964,8
6964,15
6786,9
10278,1
10278,8
16820,8
16820,16
14656,9
13029,9
13029,17
5278,1
6839,10
24,15
16934,11
4412,11
9793,8
9793,4
9793,6
17898,4
17898,9
4402,6
4402,17
14752,11
14752,12
16750,9
3619,10
3619,5
11755,9
11356,11
303,17
303,1
5876,10
9683,5
9683,2
9683,9
3289,1
11424,17
11424,4
9206,17
9206,9
13702,14
13702,3
13702,2
12754,5
1046,1
1046,13
14092,5
14092,8
12263,3
12263,16
12263,13
4425,10
8624,7
5638,2
5638,13
1903,17
1903,15
1903,12
7221,2
7900,17
7900,16
2650,15
2650,13
10780,7
16569,6
16569,11
15453,11
15453,2
8358,4
8358,5
12935,6
12935,13
12935,3
7079,9
7079,3
7079,4
16359,12
10843,9
10843,14
5523,1
5523,3
5523,8
16968,17
16968,2
12313,4
12313,1
11474,2
1067,10
1067,14
5779,8
6633,7
6633,6
3662,5
3662,6
1714,17
11865,17
11865,6
11865,15
6041,13
6041,5
13245,8
13756,4
609,10
609,13
609,11
2105,17
13425,6
13425,4
13425,9
15927,12
15927,1
9589,8
9589,9
394,4
394,1
394,3
384,12
384,3
384,16
2584,11
2584,12
17692,14
17692,6
17692,17
13465,16
16953,17
16953,9
16953,5
4034,4
4034,6
4034,13
6715,17
6715,13
5608,5
11228,11
11228,4
11228,16
14248,11
15415,6
15415,12
15415,13
5776,12
5776,14
5776,6
10409,11
15,10
10109,9
10109,12
5056,8
11917,8
11917,4
12642,15
12642,6
12642,1
9948,17
10231,1
10231,13
10231,9
13328,4
13328,15
13328,5
8779,17
8779,3
4513,15
11758,8
11758,12
11758,1
14385,3
14385,8
14385,4
17260,13
9089,14
12148,16
12148,9
12148,2
11097,3
17899,15
17899,13
7714,1
7714,11
7714,13
7857,8
7857,16
7857,1
14344,8
14344,6
15218,2
15218,13
5596,8
13015,5
13015,3
13015,17
5086,8
5086,12
6406,11
15063,6
14529,4
14529,11
9124,10
9124,12
11418,17
993,2
42,17
42,8
42,15
8705,16
4468,13
4468,10
15907,12
15907,2
11898,7
3641,11
3641,4
3641,9
12041,9
12041,12
12041,3
15589,15
5859,10
15507,16
15507,17
8000,9
8000,6
8000,15
6476,10
6476,12
9912,7
9912,2
9912,8
14520,6
14520,15
6917,6
6917,9
6365,16
12080,3
17701,17
17701,16
1150,13
16959,8
4197,8
12482,10
12482,13
709,6
6564,7
8341,2
13002,6
13002,4
13002,1
12523,12
12523,6
10135,12
10135,7
10135,10
14519,5
15058,2
13839,15
13839,4
13839,6
13323,12
13323,13
12748,16
12748,1
12748,8
12339,10
17419,14
5549,7
5549,16
17682,6
17682,10
17682,17
10031,6
10031,9
11497,8
11497,10
5341,7
5341,13
5341,5
3458,3
3458,1
969,12
7886,7
13921,8
13921,4
13921,12
7284,11
7284,1
16784,11
16784,5
16784,13
18210,5
18210,10
15714,8
15714,7
5533,9
7711,16
611,6
611,4
11749,11
13915,5
14256,3
14256,16
14256,1
15779,8
15779,9
2024,17
4605,12
4605,11
4605,1
8168,2
8168,9
15853,3
15853,2
3008,3
3555,3
3555,8
1030,15
1250,6
1250,15
6537,7
12231,7
15777,7
15777,14
15777,10
10271,2
10271,5
10271,17
10146,16
10146,11
16604,14
16604,5
15523,6
15523,3
3479,11
4272,11
4272,1
11512,16
11512,3
11512,14
5667,3
5667,8
5667,17
8847,6
8847,12
12485,1
12485,7
12485,2
12756,16
12756,10
16075,11
16075,4
16075,9
13688,11
13688,14
2951,1
2951,4
2951,2
13760,7
2854,16
2854,5
2854,6
14004,14
14004,12
14004,6
9857,2
2632,17
2632,9
8630,6
8630,2
8630,10
4766,12
4766,17
16765,1
16765,16
16765,9
7879,15
7879,6
7879,12
3948,12
3948,9
3948,7
4801,2
4801,17
4801,12
13239,14
2355,13
2355,14
2355,7
6988,11
6988,15
6988,8
10433,12
13777,14
13777,7
13139,11
13139,15
13139,17
6258,16
6258,1
6258,12
4139,12
4139,6
4139,1
15929,2
5593,17
5593,10
5593,16
7303,6
13386,17
13386,1
14027,15
14027,2
8437,13
8437,9
8437,3
11405,9
11405,11
5190,7
10106,10
10106,3
10106,14
17570,15
17570,5
17570,2
11558,10
10073,10
3729,1
3729,8
5562,3
5562,7
5562,5
15481,12
15481,16
15481,13
3700,16
3700,7
9137,9
9137,16
9137,13
2520,13
2520,6
2520,4
13683,5
18139,4
18139,7
18139,17
2117,2
2117,11
2117,17
17113,1
17521,13
8006,3
8006,6
8006,7
2272,10
9382,9
9382,15
9382,2
15381,11
15381,12
15381,10
7081,11
7081,1
14219,15
4629,15
4629,6
4629,2
7503,14
12707,3
12707,4
12707,11
14481,7
14481,14
14481,3
12537,17
12537,2
12537,7
2582,16
2582,9
2582,11
16818,5
16818,14
16818,8
11969,5
11969,15
11969,12
6050,4
6050,6
6050,8
1475,8
1475,14
1475,13
16925,17
16925,12
16925,14
17021,9
7264,3
7264,13
2648,1
16138,7
8851,9
8851,1
292,9
12157,13
10196,5
10196,2
10196,15
7003,11
7003,16
6864,9
15642,11
15642,15
17610,9
11436,8
11436,11
3905,15
3905,16
3905,10
12677,13
3728,17
3728,3
14126,5
9777,1
9777,13
18079,9
18079,17
18079,15
5632,9
5632,7
9525,6
9525,12
9525,7
3661,11
3661,2
3661,9
4726,7
4726,17
18179,12
795,3
795,17
795,4
5848,13
1647,13
9479,6
9479,16
9479,8
9566,6
9566,10
5244,4
9293,11
848,6
848,1
848,16
15916,7
15916,10
5240,3
14571,17
14571,12
6578,3
6578,15
3401,3
3401,6
3401,9
11142,5
12723,6
14776,10
17412,6
17412,4
17412,11
8618,16
11511,11
11511,3
11511,4
332,14
332,9
8115,11
13034,4
5440,17
5440,14
5440,4
6972,7
5451,13
5451,14
5193,10
160,6
7817,5
7817,14
7817,16
17097,14
12076,4
7779,17
7779,3
7779,4
14165,12
14165,9
14165,2
3615,16
3615,11
3615,2
10698,16
10698,5
8968,2
8968,9
12858,13
12858,3
8204,14
10379,13
10379,16
17146,15
17146,11
17146,4
3489,7
2446,3
2446,1
11713,2
11713,7
11713,6
15291,10
15291,1
15291,16
4728,9
4728,5
11420,6
8316,7
8316,8
8316,1
16871,8
8292,17
8292,15
13398,13
13398,12
14979,11
14979,17
14979,9
13082,1
14866,9
14866,10
16758,3
16758,1
1960,3
9873,4
3815,10
14332,6
14332,5
14332,10
12833,1
12833,7
12833,16
578,4
578,12
2705,6
2705,14
2705,2
776,1
776,9
7200,16
7200,11
7200,6
14684,11
14684,6
14684,17
13301,14
13301,7
13301,12
6664,7
13035,9
13035,5
2276,10
2276,12
3663,12
1519,16
1519,12
4279,11
4279,1
15361,15
15361,16
15361,4
673,2
673,8
673,6
735,12
735,13
13603,3
13603,6
9359,7
4185,15
4185,9
15985,9
258,4
258,13
258,16
12092,6
12092,13
12092,5
12823,17
12823,12
6569,6
3402,6
1426,14
1426,7
2204,4
2204,2
4388,5
4388,10
4454,1
4454,17
4454,6
11011,7
7746,10
7746,3
4558,13
4558,10
11854,14
11854,16
11854,6
4297,14
4297,1
4297,15
7123,10
7123,7
7123,2
14242,13
16358,10
18000,11
12902,14
12902,17
4547,12
15370,14
15370,3
15370,11
859,3
859,5
859,1
11827,17
17728,2
2341,15
2341,10
800,8
800,3
800,2
16845,4
16845,10
16845,13
15474,3
15474,15
15474,8
6916,9
6916,2
13715,9
13715,14
9914,16
9914,2
9914,15
13095,10
13095,13
6597,15
13268,5
7318,14
7564,5
7353,15
7353,13
9246,8
9246,15
14566,2
13819,2
13819,10
13819,13
16597,11
16597,13
16597,14
4458,12
4458,16
4458,7
9569,8
9569,6
13866,15
7578,13
7578,5
7578,10
14306,12
2515,9
2515,3
2515,2
15525,7
15525,16
15525,10
14602,3
14602,13
14602,15
18227,17
18227,2
12512,1
2943,10
2943,16
7626,13
10182,13
7507,13
11715,16
11715,3
7294,9
7294,8
7294,15
7226,4
7226,5
7226,6
12430,1
12430,4
12430,13
13266,8
13266,1
2916,5
2916,8
13605,4
13605,6
13605,12
13016,15
13016,3
14326,3
14326,7
14326,5
1565,13
1565,11
10459,2
10459,6
8667,3
8667,7
8667,6
14892,13
14892,7
14892,9
4549,17
4549,6
4549,2
2801,15
2801,11
2801,8
15945,7
15945,13
15945,2
10255,2
8539,9
8539,8
14203,1
12647,2
16114,10
16114,14
16114,16
11563,14
2876,9
2876,5
12926,15
14255,3
15754,8
9249,1
9249,17
6858,5
6858,9
6858,11
8125,2
8125,1
8125,3
16945,17
16945,1
16945,13
8881,2
8881,3
6092,15
14032,6
14032,10
10116,14
10116,11
13267,11
1579,9
1579,14
14036,12
14036,8
14036,3
17279,12
1385,9
1385,16
1385,8
81,15
81,2
81,13
15054,14
15054,12
15054,1
13761,15
13761,3
1414,11
1414,5
6102,16
6102,8
6102,5
5143,14
5143,5
9803,9
9803,15
9803,6
16676,1
16676,16
13390,15
17575,4
17575,10
17575,8
8455,12
5266,10
5266,8
1245,12
7442,11
7442,14
7442,3
1353,13
1353,12
1353,3
8943,3
8943,4
8943,13
12910,12
12910,11
14809,1
14809,5
14809,15
18155,10
18155,2
18155,11
6227,10
5337,14
7681,8
4551,17
4551,14
4551,2
16449,12
16449,9
4221,10
4221,17
8311,14
8988,4
13623,11
13623,8
3542,16
15548,10
15548,15
3730,6
5477,10
15365,13
15365,4
8904,16
8904,4
8904,9
10390,2
11395,5
10508,15
10508,3
10508,9
6344,16
6344,5
6344,8
16865,9
16424,1
16424,5
17618,16
2667,3
2667,8
2667,11
1890,14
1890,17
5634,10
5634,14
5634,4
7269,17
7269,15
7269,7
12981,15
12981,17
12981,4
5196,11
5196,4
5196,13
6801,7
17790,17
4131,3
4131,15
4131,13
14594,16
14594,8
6539,8
6539,5
10595,16
10595,12
4486,10
4486,17
4486,12
3389,2
2583,13
2583,8
2583,1
614,10
614,3
614,9
2318,3
15685,14
5031,1
5031,14
5031,10
11347,5
18003,15
18003,4
11089,8
11089,15
8631,7
8631,3
18153,6
18153,1
18153,16
1748,8
1748,1
4662,4
4662,6
6444,17
6444,16
12618,4
12618,14
12618,16
15197,16
10339,14
10339,12
10339,4
3137,1
3137,13
3137,2
11460,6
11460,7
11460,4
17930,17
15575,2
15575,9
14592,8
3686,6
3686,5
3702,4
3702,8
3702,9
5038,14
5038,2
11905,12
16697,4
12184,13
2174,8
11892,13
11892,17
11892,11
8937,13
8937,9
9178,14
703,7
703,16
703,13
8948,10
12820,2
12820,15
14498,5
14498,8
14341,8
14341,17
14341,16
6931,4
6931,9
7469,1
7469,2
7469,14
10436,4
12919,10
12919,12
12919,14
6914,3
6914,16
6914,7
7551,14
7551,16
16850,6
16850,1
1679,9
3964,15
3964,5
6479,17
9639,3
9639,6
14438,13
4637,14
11407,10
2262,12
2262,6
9390,16
9390,1
9390,6
1935,2
1935,10
1935,9
3470,10
3470,13
3470,1
17772,12
17772,4
5854,11
5854,3
5854,6
14932,7
4386,1
4386,8
13474,11
2684,8
2684,7
2684,2
82,11
82,2
82,7
1032,17
17943,1
10417,8
12628,9
12628,12
12628,13
7660,11
7660,13
4102,16
16476,7
8837,4
8837,13
13347,7
13347,13
17319,9
17319,16
17319,5
16880,11
16880,2
16880,12
3426,17
3426,8
3426,10
17289,17
17289,4
17289,2
11260,10
11260,12
3397,16
8821,17
8821,2
9323,8
10593,2
10593,16
17971,11
17971,1
17971,17
10234,12
10234,8
10234,10
15390,8
15390,7
15390,3
9608,11
9608,1
14085,17
14085,16
3392,8
3392,15
3392,17
17020,12
2422,9
2422,5
2422,16
309,2
309,8
13626,5
3534,15
3534,3
3534,16
4818,3
4818,15
4818,13
8241,13
8241,14
8241,5
4790,3
3386,2
3386,1
3604,14
6066,14
9173,4
13188,4
13188,10
13188,17
5557,15
5557,12
5557,4
4900,11
4900,17
4900,4
2023,2
2023,10
2023,6
12666,17
12666,2
14960,12
14960,10
9260,6
9260,5
17675,13
5468,15
5468,4
5468,12
15253,12
535,17
8046,15
5899,16
5899,12
5899,2
3872,17
16229,13
16229,2
16229,5
8660,12
14561,16
14561,9
12788,17
12788,14
12788,5
18049,3
18049,15
18049,7
5768,9
5768,5
5768,8
13119,15
13753,6
13753,14
4387,9
12168,1
12168,8
5254,12
5254,10
5254,11
7213,2
7213,10
14517,17
4648,13
8461,11
8461,2
2550,13
2550,1
2550,14
10950,9
10950,15
13376,14
13376,15
5222,13
5222,7
10550,4
15966,15
15966,3
8245,4
8245,10
6374,17
6374,15
17227,15
17227,12
15797,4
15797,6
15797,5
9353,6
9353,2
17823,11
17823,3
11545,4
10355,14
10355,7
10355,10
5670,13
5670,4
5670,10
15509,14
15509,5
15509,9
4186,16
4186,13
4186,14
13367,4
4010,13
10484,12
10484,7
10484,16
4915,4
9603,15
53,5
53,14
53,16
5401,7
5401,16
5401,3
6231,12
16584,5
16584,14
16584,11
10332,7
10332,11
10332,13
15701,10
15701,4
17730,2
17730,11
17730,17
13572,10
13572,1
3409,11
3409,17
9102,16
679,9
679,13
13292,6
13292,12
13292,16
1503,5
1503,2
1503,14
13769,12
13769,17
6467,12
6467,2
6467,15
15944,5
15944,11
15944,2
6693,15
6693,7
6693,9
9069,16
6390,2
6390,15
17313,16
17313,1
13189,13
13189,14
13189,4
10537,1
10537,13
5262,5
5262,17
4407,10
4407,3
4407,8
1425,16
1425,2
1425,1
8096,16
8096,9
8096,15
6134,7
6134,11
1157,13
7464,8
9597,8
9597,17
9597,12
4237,10
4237,11
18062,3
18062,9
13254,3
13254,1
13254,16
5682,8
5682,5
5682,6
17374,14
17374,4
17374,15
6920,5
6920,4
6920,1
252,17
62,3
62,4
62,11
749,7
7666,17
7666,13
16488,7
16488,11
2472,4
2472,8
2472,14
7330,9
7330,12
7330,4
12646,13
12646,2
4670,8
4670,4
12669,1
12669,5
9812,11
9812,6
16828,5
16828,2
16828,4
2600,13
2600,16
2600,10
17982,11
17982,5
11728,17
9287,2
9287,7
9287,10
11237,12
7496,15
7496,17
15100,1
3255,16
3255,4
3255,12
4849,7
4849,14
3053,15
3053,3
3053,5
9883,9
9883,15
9883,6
12355,9
16783,14
16783,8
16783,1
6834,2
6834,8
3282,12
17595,17
17595,1
8169,6
8169,17
8169,14
10995,11
10995,16
10995,1
5541,8
5541,9
5541,5
6999,5
6999,3
6999,7
2976,7
5297,6
5297,11
17720,8
17720,1
17720,16
1779,11
1779,17
1779,15
3540,12
3540,1
3540,14
6492,12
6492,17
6492,4
2394,14
5454,5
12442,13
12442,6
12442,11
7117,12
12042,17
16805,5
14329,17
14329,8
8875,17
10641,3
2716,7
2716,3
2716,2
1248,16
1248,4
11127,13
11127,17
11127,5
13747,8
13747,17
14453,14
14453,16
11023,11
7369,14
7369,6
7369,5
6203,3
6203,5
2756,11
8571,9
8163,2
277,15
277,7
7865,4
6951,12
6951,7
6951,2
14854,8
14854,16
6776,16
6776,4
6776,10
3962,1
3962,14
3962,7
16665,13
16665,4
17501,10
17501,5
6696,9
6696,10
6696,15
12929,15
12929,2
14296,8
13966,11
13966,7
12713,16
12713,6
14825,11
14825,7
1913,7
10551,17
5741,13
5741,3
9958,6
9958,3
9958,1
6055,15
6055,7
6055,4
4028,17
4028,7
4028,2
3881,11
3881,7
6143,13
14179,2
14179,9
16996,1
992,15
992,3
992,4
11223,4
11223,9
10618,2
9084,5
14888,15
14888,13
14888,3
18246,9
18246,6
18246,1
6913,15
6913,2
8036,13
10281,13
1653,5
1653,6
1653,4
1173,16
9105,14
11073,14
854,13
6567,11
6567,7
4561,2
4561,1
14263,1
14263,7
10808,16
10808,7
10808,8
948,17
2999,3
590,17
590,7
16668,2
16668,1
6209,17
6209,13
12987,16
10945,7
10945,16
10945,1
2777,9
2777,13
5972,12
4742,7
8393,9
8393,11
593,10
593,9
593,12
7789,12
7789,7
7789,1
7981,11
7981,3
8417,8
16503,1
16503,17
16503,16
7908,12
7908,13
599,3
14236,1
14236,10
14236,5
3974,5
14933,2
14933,8
5631,4
5631,2
5631,7
18057,12
18057,11
18057,9
12395,16
12395,6
15820,6
3585,6
3585,12
12331,11
12331,9
2041,4
2041,10
17191,4
6826,10
10931,13
518,17
518,4
14041,6
14041,8
14041,9
14755,3
14755,13
14755,16
10471,6
2299,14
17659,6
17659,4
14867,4
13804,17
16543,7
6216,1
6216,6
12095,3
12095,12
1388,12
18103,12
18103,10
18103,8
8150,8
4683,7
4683,3
10192,9
10192,16
10192,13
11693,7
11693,12
10249,4
4371,13
4371,11
4371,1
10783,11
10783,13
1534,17
3844,14
9242,11
9242,10
12921,3
3445,4
3445,12
6213,14
6213,5
1710,14
15615,6
15615,1
15615,9
3565,13
3565,12
8859,3
9846,9
9846,15
9846,3
1449,15
1449,7
15891,8
15891,9
15891,14
14418,14
14418,11
3593,11
15653,4
15234,12
8769,6
18076,5
15463,14
12752,17
12752,9
12752,13
14971,9
3577,17
3577,7
3577,14
1174,16
9691,16
9691,17
9691,13
11422,1
11422,2
11422,16
5014,1
5014,14
12900,10
12900,16
12579,17
12579,14
12579,11
9000,11
9000,12
17557,11
3459,10
3459,8
3459,15
10767,17
5615,6
412,4
412,17
11182,12
11182,9
16863,3
16863,14
4568,4
4568,12
4568,8
9239,5
7917,17
9489,8
9489,7
9489,10
14298,1
14298,14
14298,11
16923,16
10515,14
10515,2
10515,13
17466,7
17466,9
13535,3
13535,6
13535,2
5139,15
5139,14
5139,2
5722,12
13279,12
13279,2
13279,4
14478,13
14478,11
6749,4
6749,7
5572,5
16721,12
16721,9
16136,7
16136,17
10649,3
3106,2
1953,12
14144,8
14144,5
14144,14
1906,6
14573,16
5929,17
5929,9
5929,10
13056,6
13056,3
13056,4
940,9
8689,5
15478,4
15478,8
4555,3
10930,10
17705,3
17705,7
2164,6
2164,2
2164,11
11355,7
11355,9
2366,1
11579,17
12952,1
12952,10
12952,9
4069,9
4069,7
220,14
10986,7
10986,13
10986,5
4997,17
4997,2
4997,6
14376,6
14376,3
17056,17
4159,13
4159,14
4159,9
11638,13
11638,10
11638,15
13894,6
5237,8
5237,11
17600,13
17600,12
6593,8
6593,7
1053,14
1053,5
1053,17
15839,9
15839,1
15839,14
7068,13
7068,7
7068,2
15174,2
15174,1
15174,7
8329,1
8329,4
8329,12
11942,11
5112,2
5112,16
3975,5
16723,9
1541,12
1541,15
1541,2
968,7
16101,4
16101,10
2113,15
10101,14
10101,12
12147,12
12147,15
12147,7
18152,16
3631,16
11348,10
11348,8
11348,16
5192,15
5192,4
14046,5
1905,2
1905,11
290,15
290,4
290,14
17604,8
5287,16
5287,10
5287,3
2623,14
2623,10
2623,3
8310,4
8310,7
8310,8
13532,4
13532,10
13832,6
13832,16
7950,11
7950,2
7950,12
2656,12
2656,17
2656,15
6525,3
6525,14
17390,11
8139,3
11321,10
11321,15
3453,13
3453,17
13451,8
13451,1
581,10
581,16
14134,3
13038,10
13038,13
3981,1
1222,16
1222,10
15059,14
15059,17
13232,9
15809,3
15809,17
7585,8
7585,2
16355,15
4382,3
11240,16
11240,8
12753,8
17254,5
17254,3
11234,11
11234,14
9451,6
10536,12
10536,5
8563,17
8563,1
8563,13
6291,6
6291,16
6291,4
14907,11
9953,1
9953,15
9953,14
17813,2
17813,4
16044,16
17676,13
139,10
139,5
13065,9
14102,9
14102,7
1347,14
1347,10
1347,9
15717,17
2828,14
2828,16
5714,16
4583,17
4583,1
4583,7
15683,3
7502,6
7502,8
18034,12
4364,13
12905,5
18200,16
18200,4
4978,9
4978,8
9309,12
9309,7
9309,15
13136,1
13136,13
6983,13
12544,16
4476,9
4476,12
4476,8
261,10
3580,3
3580,17
3580,10
6276,15
11413,10
14434,1
14434,3
5336,8
5336,11
5336,3
4492,12
17707,13
17707,11
11163,4
11163,9
11163,1
6280,11
6280,10
3111,11
3111,3
3111,10
5674,12
8402,11
8402,7
7750,1
7750,5
7750,12
13816,12
1862,14
1862,15
1862,6
17174,9
16536,17
16536,16
13563,4
13563,5
12334,13
12334,9
13439,15
13439,7
13439,17
4243,7
4243,6
4243,14
11867,6
11867,13
11867,10
13221,3
7395,14
9004,12
17973,13
17973,16
17973,11
8569,15
8569,12
8569,3
5225,15
5225,12
11463,1
11463,16
9984,10
9984,5
16689,2
16689,8
16689,6
718,5
718,9
718,8
16806,15
13552,2
1790,17
14707,16
14707,11
3618,1
3618,5
962,11
962,10
962,1
12058,1
12058,8
12058,6
17664,6
16455,2
16455,9
13452,17
13452,4
13452,1
1888,8
2878,5
2878,9
2878,11
14560,2
6172,16
6172,8
6172,12
3021,15
3021,16
13545,14
13545,6
13545,5
15452,9
17017,2
17017,11
17017,6
2444,14
2444,2
15992,2
15992,14
15958,6
7398,4
7398,3
9253,8
3561,8
17597,4
17597,6
17597,9
8370,15
8370,3
8370,6
10687,4
10687,5
10687,11
9147,1
9147,2
6182,7
6182,1
6182,4
9335,10
9335,3
9335,6
5497,2
5497,12
4666,2
4666,14
2443,10
2443,14
2443,2
17357,2
17357,13
3835,17
3835,15
3835,9
5001,11
5001,14
5001,15
11901,14
7667,13
7667,16
9507,17
16534,17
16534,15
16534,2
16956,11
16956,5
16956,9
5314,1
5314,11
5314,13
18002,9
18002,8
18002,14
17423,4
12555,16
4329,2
4329,9
8518,3
3254,8
3612,1
3612,16
6613,11
9006,5
6814,14
17621,15
17621,2
17621,1
13493,7
13493,12
13493,9
1659,15
4671,12
7677,4
7677,12
7677,6
2757,11
2790,16
10916,7
10828,11
10828,15
8081,16
8081,10
15042,9
15042,17
3356,8
3356,10
3356,17
2750,11
2750,7
2037,2
2037,14
13253,5
13253,9
4346,4
7121,10
7121,4
14176,17
14176,8
11333,8
11333,12
11333,14
12113,4
12113,12
12113,3
9865,6
9865,14
7155,5
15029,12
2867,9
3594,8
3594,12
15471,14
15169,14
15169,7
2297,5
2297,9
2297,6
11285,15
11285,2
11462,3
11462,1
11462,12
14938,2
13911,14
11086,3
11086,9
11086,8
143,3
143,4
8728,4
8728,10
8728,9
6758,10
6758,12
6758,2
675,9
9024,3
5513,3
5513,7
6534,3
6534,16
6534,1
9897,5
9897,15
9897,13
8326,5
12602,1
4925,9
4925,16
2592,3
2592,7
2592,4
1766,14
7022,9
7022,1
6932,1
6932,10
6932,2
12281,16
12281,5
5827,11
5827,7
17846,3
6372,11
6372,1
12444,5
12444,17
12444,3
5259,13
15280,17
9406,7
9406,3
9406,10
13668,7
13668,17
13668,13
13442,4
13442,7
13442,16
16285,17
3339,9
3339,13
2416,6
15785,10
15785,15
11724,16
11724,9
11724,3
2359,17
2359,3
5349,16
15108,1
37,14
2414,10
17795,15
17795,14
10628,6
10940,14
10940,11
2523,11
2523,8
6169,16
2356,15
2356,8
2356,1
7495,14
7495,3
9710,9
9710,8
9710,5
11695,15
11695,3
2372,6
15311,7
7297,15
7297,7
7297,4
16568,5
16568,15
14800,14
14495,7
14495,3
14495,16
3361,4
3361,6
4934,2
4934,13
5098,17
5098,9
5098,8
5053,15
5053,1
5053,7
5171,9
5171,16
5171,17
2090,7
2090,10
2090,14
16938,5
16938,4
16938,10
1635,12
1635,14
9086,12
12202,13
12202,3
14069,8
14069,12
14069,2
3499,6
3499,5
12414,8
12738,5
12738,14
15729,12
6410,17
6410,15
6410,6
14692,13
8339,14
8339,2
4017,7
4017,1
279,1
279,3
279,4
2722,4
2722,12
2722,7
1096,7
5784,2
5784,7
5784,12
5002,5
5002,3
5002,10
7537,2
7537,1
1952,8
1952,7
920,5
920,17
920,7
17155,4
17155,11
17155,2
10700,17
14148,15
14148,1
14148,2
6166,16
12040,2
12040,10
11683,12
11683,7
11683,4
13737,15
13737,8
13631,12
13631,2
13631,9
9123,13
3454,4
3454,5
12513,7
10758,17
10758,14
10758,15
7535,14
14808,14
14808,4
7834,1
16153,6
16153,17
7122,11
7122,7
3104,9
239,4
7593,9
7593,10
7593,13
16557,12
8333,12
8333,11
773,11
9097,17
9097,11
7326,15
7326,1
10269,10
10269,9
7785,12
7785,5
15428,13
15428,10
15428,17
3411,11
3411,6
14769,10
14769,14
14769,1
187,10
187,13
11273,10
11273,6
11273,2
11099,9
11099,13
15508,9
15508,11
15508,4
6178,15
5641,2
5641,9
5641,11
3525,8
7039,9
6653,16
6653,12
6653,7
3708,16
3708,7
3708,1
15951,4
15951,14
15951,7
2788,2
2788,12
2788,16
1138,15
1138,3
3515,14
10013,3
331,14
331,7
16825,15
16825,7
16825,1
14206,5
14206,15
14335,12
14335,9
14335,4
7620,4
15604,6
2557,5
12079,2
17499,6
4475,5
4475,2
4475,6
7152,16
7152,6
3089,8
3089,10
3089,2
2958,8
2958,4
1555,10
11594,6
11594,3
1011,12
1011,4
1011,3
16206,5
16206,3
7260,17
7260,4
3873,1
3873,9
3873,7
3890,16
1912,12
16760,2
16760,6
16760,15
5230,9
8275,9
8275,1
6121,4
6121,1
1485,15
1485,8
14023,11
14023,6
14023,9
1866,7
1866,12
16240,10
16240,5
10978,7
10978,17
10174,3
12479,11
12479,4
11986,17
11986,14
11986,7
17933,8
17933,11
17933,13
3849,1
3849,5
16459,7
16459,16
16459,1
944,7
944,1
944,16
14958,13
6628,9
6628,2
10576,11
2358,11
2358,15
2358,10
13647,15
13647,16
612,14
5866,14
5866,9
5866,12
16149,14
16149,2
12450,3
12450,1
2466,7
8801,11
13717,17
8007,10
2539,8
2539,12
1083,9
1083,4
1083,7
9875,1
2219,7
2219,14
3541,15
3541,14
3541,6
12129,13
12129,17
17101,8
17101,14
6088,16
6088,3
6088,2
5902,17
5902,15
6863,17
6863,11
4154,15
4154,10
4154,5
11972,3
11972,4
11972,17
6782,17
6782,1
6782,16
1044,4
4535,6
9158,14
1134,3
7964,16
7964,13
7964,8
17318,2
17318,11
17318,12
1558,10
1558,12
1558,14
10568,12
10568,10
10568,6
8288,5
8288,4
8288,3
11768,10
11987,2
11987,7
5543,11
17002,9
17002,8
15445,14
724,12
724,9
724,3
8693,10
7972,17
7972,9
6187,15
6187,13
6187,10
5131,8
5131,13
13229,15
12425,13
12991,1
12991,5
2622,9
2622,14
2622,16
12741,17
12741,7
11458,8
11458,17
11458,4
7017,12
7017,10
7017,13
2413,6
6741,7
6741,1
6741,5
6112,12
6112,10
9194,9
9194,1
9194,6
9792,4
1049,15
16770,4
5374,12
1777,10
1777,2
1777,4
8273,7
7285,4
7285,3
7285,9
16483,10
921,4
16696,2
4641,17
4641,14
6089,8
6089,3
7603,2
5987,12
5987,13
5987,2
17415,7
17415,4
17415,14
11397,8
11397,10
11397,6
12557,4
6321,9
6321,10
6321,5
14049,16
15434,9
15434,12
15434,14
17239,6
6816,11
15698,15
15698,11
5886,12
5886,14
5886,16
13913,6
13913,7
3303,16
3303,13
3303,7
11296,2
11296,14
11443,5
13022,1
2377,6
2377,11
3941,8
3941,5
8565,3
8565,6
8565,10
8078,15
15799,10
15799,9
15799,17
2647,4
1830,6
1830,9
1830,11
10338,14
10338,16
4241,7
4241,1
11174,14
11174,8
11174,5
6245,2
6245,1
6245,8
6977,2
6977,15
6977,4
17366,3
1178,2
1178,11
1221,14
2140,5
8718,17
8718,8
8718,6
16628,10
16628,2
16628,6
12610,12
12610,3
12610,8
6838,7
6838,10
6838,4
2453,4
2453,7
2453,5
4105,7
4105,13
4105,4
16518,3
16518,2
16518,9
7473,3
7473,12
15447,6
15447,4
1143,13
1143,3
1143,10
1474,8
1474,12
1474,3
12899,14
12792,4
12792,9
7912,11
11255,7
1216,13
1216,17
1216,10
681,16
116,12
116,7
3861,15
3861,3
3861,12
10464,15
10464,5
10464,12
3687,2
3687,9
15382,5
14941,9
14941,8
14941,10
18100,12
18100,4
18100,9
12133,15
12133,7
2191,15
2191,1
6927,10
14585,3
17424,17
16680,14
17221,3
17221,2
17221,16
1584,17
12671,13
12671,9
12671,7
8579,7
8789,15
8789,6
8789,10
570,11
570,2
570,5
4023,11
4023,12
4023,8
2873,10
2873,3
2873,4
4810,4
4810,3
4810,1
12578,4
7094,8
7094,7
13150,5
13150,1
15824,9
15824,3
15824,7
15025,4
15025,10
17310,15
17310,6
17310,12
13295,10
3292,12
11366,1
11366,13
393,14
12716,7
12716,17
12716,11
5331,6
14187,9
14187,8
14187,3
17301,7
18023,14
18023,2
18023,13
13435,10
13435,7
9393,15
9393,11
9393,8
13898,2
14413,1
14413,8
14413,13
13965,12
13965,13
14409,17
14409,13
4779,7
4779,15
13075,12
13075,2
14198,16
14198,4
14198,7
15865,11
15865,13
8811,17
8811,9
8811,3
3963,8
3963,14
3963,6
7203,11
7203,5
7203,13
2397,16
2397,17
2397,12
15596,9
15596,6
15596,3
3425,10
1421,7
7154,11
7154,3
7154,1
5540,16
8703,11
8703,2
8703,16
14157,6
14157,16
14157,12
11644,9
11644,1
11644,3
16592,7
16592,13
16592,14
10300,2
13655,15
17363,1
17363,16
5531,4
5531,17
2606,2
12420,11
12420,1
12420,15
12947,1
12947,7
12947,4
16070,7
16070,14
18004,3
18004,10
10055,10
10055,14
1406,14
1406,4
15930,16
15930,2
9927,11
9927,1
9927,10
12044,4
12044,11
12044,12
5511,16
5511,9
5511,5
2389,17
2389,15
2389,11
11310,14
11310,2
11310,9
9257,17
11468,1
11468,8
11468,13
1120,7
15468,10
15468,3
5319,8
6032,8
6032,4
6032,1
14925,3
14925,5
4873,15
15485,1
15485,7
7463,17
7463,1
2112,6
17774,8
17774,10
17774,7
7207,10
7207,9
7207,17
8465,17
8465,13
8465,16
7760,5
7760,2
13580,15
5117,4
3944,6
3944,14
3944,11
15426,7
15426,16
15707,1
15903,1
15903,17
841,13
841,5
841,14
5503,5
5503,2
5503,3
14989,15
14989,3
7874,17
7874,9
7874,1
9906,7
9906,5
9906,4
3993,13
2685,16
2685,5
2765,1
2765,16
2765,17
2587,8
2587,7
11600,15
11600,8
11600,12
381,11
381,10
381,15
5508,12
5508,16
5508,7
3281,10
3281,1
5154,3
13657,5
13657,7
12821,4
18192,16
18192,8
9786,12
994,17
994,13
994,7
247,14
247,6
2585,9
2585,5
7314,17
7314,11
17999,16
17999,10
17999,4
14767,7
14767,11
14767,15
12986,3
6010,5
6010,7
7997,5
4567,5
4567,14
12219,9
18167,11
18167,13
4283,4
4283,9
7558,15
7558,11
17029,3
17029,16
8544,3
13674,9
13674,5
1820,5
10689,1
10689,13
10689,9
10863,3
10863,6
11743,2
11743,16
11005,17
11005,5
11115,17
11115,16
1681,1
2559,14
2559,16
3820,1
3820,5
16445,11
5246,3
5246,15
5246,7
6222,5
6222,7
6222,6
6299,10
6299,7
10361,2
10361,3
10067,10
10067,17
825,12
825,7
825,8
653,6
653,15
653,14
15551,7
18001,11
9716,14
9716,4
9716,1
3241,4
3241,2
3241,12
2412,14
2412,12
16085,11
16085,10
16085,13
4099,9
946,8
18093,8
18093,12
18093,13
13414,15
13414,9
13414,8
6031,3
4908,1
6940,14
14975,17
14975,9
13598,13
15489,4
15489,8
15489,10
4928,16
16530,8
5276,13
5276,9
5276,2
12451,10
15913,4
15913,12
15913,8
8290,17
9175,6
9175,14
9175,2
2427,2
2427,6
11517,9
5699,16
5699,2
5699,10
1003,12
1003,6
2203,6
2203,16
11325,5
11325,13
3238,1
3238,13
3238,3
14873,16
14873,2
14873,5
12198,9
7166,4
7166,12
11573,2
11573,13
422,6
4825,14
4825,5
2769,4
9174,16
9174,8
11193,5
11193,1
14645,8
15320,1
15320,2
9987,3
9987,9
9987,10
1709,3
1709,8
1709,14
6499,6
5045,14
606,4
606,17
606,6
15425,8
15425,13
15425,4
14458,8
14458,4
3326,2
12759,1
12759,13
4566,16
4566,5
4566,4
870,16
15297,9
15297,7
6148,4
9816,16
17401,5
17401,9
17401,4
17214,9
17214,1
13842,10
13842,2
3293,9
8032,15
9463,4
9463,13
13469,9
5627,6
6783,16
5445,1
5445,17
3774,6
3774,12
10668,8
10668,11
10668,10
5968,15
9536,13
16716,9
16716,17
16716,1
5380,3
5380,4
5380,2
14829,2
14829,3
14829,9
10538,8
9141,1
9141,4
9141,9
13378,9
12144,13
15981,7
13974,4
13974,9
13974,10
7701,5
7701,16
1029,12
1029,8
1029,4
6328,7
18009,11
11171,15
11224,17
9533,5
9533,17
7187,4
7187,15
3217,13
3217,9
3217,1
16935,13
16935,8
16935,12
2045,12
2045,3
832,4
832,2
832,3
11669,7
16702,3
16702,8
16702,13
6138,17
6138,13
8194,11
8194,2
6549,3
6549,4
6549,16
7382,5
7382,8
7382,15
11328,13
12491,6
12491,9
6051,15
6051,14
17255,9
17255,15
17255,8
14264,16
16139,1
16139,13
680,14
680,17
680,5
136,8
136,11
136,9
5906,14
5906,15
5906,11
12972,3
12972,5
12972,14
11294,4
11294,16
8572,6
8572,3
8572,16
5174,7
5174,10
5174,8
16839,2
16839,17
1803,12
1803,3
2295,1
2295,6
6338,10
6338,3
12014,11
17986,16
17986,12
8161,1
8161,3
8161,17
1543,1
1543,15
1543,2
12050,6
12050,13
12050,10
365,7
365,13
365,16
14084,6
16403,9
2820,9
14697,10
14877,3
14877,9
10396,17
7881,15
7881,9
7881,14
8700,3
5144,10
5144,8
5144,17
11926,10
6022,14
6022,2
12750,8
12750,16
6908,13
6908,2
3324,4
3324,10
3324,12
7448,10
7448,14
7448,11
8759,8
496,9
496,14
4661,17
4661,2
4661,14
791,3
791,13
10357,6
10357,11
10357,15
335,4
13199,12
13199,3
11871,1
11871,5
11871,11
8454,2
8454,15
8454,10
14649,8
17761,4
14028,15
14028,5
6706,13
9720,2
9720,9
312,1
945,13
2470,15
2470,10
2470,12
2149,8
2149,9
2149,14
17995,6
7567,7
7567,3
7567,1
13500,13
13500,3
4630,16
4630,10
4630,11
11194,9
11194,13
11194,8
10447,15
10447,9
16846,17
8842,9
8842,12
8842,10
13159,8
13159,6
13159,13
2431,3
2431,12
12030,4
12030,9
12030,15
12901,5
12901,6
11821,14
11821,11
17861,13
17861,9
17861,17
4866,4
7720,6
11335,8
11335,2
6152,5
6152,7
12195,17
5421,4
43,17
43,4
1127,5
1127,1
1405,14
1405,7
9283,15
9283,7
9283,3
7171,9
13766,6
13766,5
13766,2
6792,4
6792,7
14667,11
14667,6
12124,2
12124,12
12124,15
13345,1
13345,8
13345,2
2731,3
2731,17
2950,5
2950,3
2950,1
16774,4
16774,16
16774,3
10320,9
10320,1
10320,5
6550,13
6550,10
6550,15
7047,3
5969,10
5969,8
5588,7
319,11
319,1
319,10
11720,7
11720,1
11720,3
9730,5
9730,16
9730,15
16305,13
16305,11
16305,1
5275,13
7360,2
7360,6
7360,1
18030,10
18030,6
14079,14
14079,12
2909,12
2909,2
6986,4
6986,2
6986,9
14946,15
14946,17
14946,2
13097,9
13097,15
5573,12
5573,7
14396,15
12988,17
6643,10
6643,8
6643,5
10312,3
10312,6
10312,11
2802,9
16897,12
16897,1
13746,14
13746,11
13746,6
14014,5
14014,15
14014,14
13280,15
13280,12
15162,5
17758,11
17758,6
17758,1
7391,7
7391,8
10559,3
10559,9
18235,11
18235,9
4088,5
14159,17
16175,13
16175,3
11155,13
3319,16
1185,1
1185,14
1185,10
7343,17
7343,14
15013,7
15013,12
15013,9
865,3
865,11
865,4
17225,7
17225,13
1495,14
6493,7
6493,16
6493,2
12624,4
12624,11
17805,14
15160,13
15160,4
15160,6
16086,16
16086,14
8503,7
8503,4
2851,6
4723,16
4723,9
31,2
31,13
10386,8
10386,1
10386,7
1850,7
1850,4
1850,6
17285,17
9244,10
9244,15
9244,7
7638,9
7638,12
7638,3
7891,4
7891,9
7891,13
12100,14
12100,17
14837,14
14837,12
14837,8
10108,2
10108,12
6288,3
3286,1
3286,12
3286,9
7379,2
9443,8
9443,7
9443,5
5429,11
5429,17
5429,14
12701,10
12701,12
10490,3
10490,6
10490,9
12150,4
12150,11
13259,17
13762,15
13762,12
13762,16
8804,9
8804,13
8804,15
13025,4
13025,14
10996,3
4710,17
6165,7
6165,17
6165,2
15329,12
15329,14
15329,17
6237,11
3938,17
8267,6
8267,8
8267,16
8827,13
8827,16
13277,6
13277,15
5271,8
14249,11
14249,15
14249,4
15416,16
15416,3
15416,7
8768,15
8768,6
8768,10
11964,16
11964,10
4049,11
4049,16
17538,2
16565,14
16565,9
16565,7
5783,14
15190,15
15190,12
1019,8
1019,6
17760,8
17760,2
1308,7
1308,9
1308,13
4395,14
1745,4
1745,3
13258,8
13258,7
11344,17
3482,1
17783,1
17783,2
17783,7
15940,10
4398,2
1153,10
1153,5
1153,3
15700,16
15700,9
15700,10
4247,13
4247,9
4247,10
2682,4
2682,3
17500,6
17500,7
15202,6
15202,9
12885,17
12885,8
4815,10
4815,7
4201,3
4201,11
5105,14
5105,1
5105,4
4177,9
4177,11
4177,17
12382,13
12032,10
12032,13
14850,7
14850,12
14850,9
5394,15
5394,3
9976,3
14872,16
14872,15
14872,2
3518,16
3518,14
6558,7
6558,12
747,11
747,4
14814,13
7763,14
7763,16
7763,12
7049,9
7049,4
7049,8
12856,16
1868,6
6265,12
6265,9
7508,16
7508,2
15144,4
15144,3
12765,4
13773,3
13773,1
5485,4
5485,1
5485,12
17413,15
17413,11
3843,6
3843,16
3843,17
12504,5
12504,10
12504,8
5385,2
5385,16
8843,16
8843,17
8843,2
3336,5
3336,15
5392,17
5392,8
4294,17
7361,7
7361,10
10963,2
10963,17
10963,10
5277,16
13738,15
13738,14
1195,12
1195,13
1195,11
11732,3
11732,2
4366,15
4366,10
4366,1
5128,8
6217,1
6217,4
11002,15
11002,17
11002,11
4732,14
11938,1
11938,5
10818,6
10818,17
6301,14
13226,11
13226,3
13226,17
7715,9
7715,12
7715,6
9116,17
13112,6
2662,17
2662,4
2662,9
16048,15
16048,12
16048,6
4156,2
4156,14
4156,8
11270,7
11270,1
13030,17
13030,13
13030,5
2809,10
2809,8
2809,16
16432,7
16432,3
880,1
880,2
13887,10
13887,15
13887,1
9787,1
15498,10
340,8
17426,14
17426,12
17426,9
12006,6
12006,5
12006,17
8142,15
8142,1
8142,12
3189,1
484,11
484,6
484,3
11452,11
11452,5
14962,17
14962,10
14962,3
17343,12
17343,4
17343,17
824,4
9,2
9,17
9,10
10025,15
10025,4
18137,15
8584,10
8584,8
2793,5
2793,7
2793,2
6678,7
6773,4
6773,10
15582,4
15582,1
11152,12
6247,16
6247,5
6247,3
15511,17
15511,1
817,12
817,5
4004,4
4004,3
4004,5
8996,12
8996,16
8996,10
12576,6
12576,4
12576,7
9172,13
9172,12
12046,8
10824,3
10824,10
10824,2
17268,2
17268,5
1272,14
1272,5
12809,7
12809,15
5730,7
14574,13
4788,2
4788,4
12375,5
12375,8
8566,6
8566,2
8566,10
9830,7
11220,1
11220,10
13614,3
3899,11
3899,14
17645,11
13907,13
13907,3
16318,3
16318,10
15282,8
15282,3
15282,5
3851,14
6566,12
4639,12
1296,17
1296,15
1296,11
8097,16
17706,4
17706,3
17706,1
2625,1
2625,6
2625,14
17392,10
17392,4
17392,6
9535,6
9535,8
10854,4
10854,1
10854,6
683,14
10779,3
10259,14
10259,8
10259,11
11380,15
11380,10
11380,6
7186,15
7186,14
4958,9
4958,5
10634,15
10634,11
10634,17
6587,1
6587,11
10395,3
10395,5
3109,15
1202,8
1202,1
1202,2
7717,16
7717,1
3712,17
3712,15
3712,3
12240,17
12240,8
12240,11
9300,6
9300,3
4765,12
4765,14
5381,9
5381,17
5381,7
764,13
764,8
8981,6
7374,14
7374,17
6918,5
6918,14
12589,6
12589,3
16883,2
16883,10
16883,9
4862,10
4862,15
682,2
682,14
13361,13
13361,11
12069,13
12069,12
35,9
10690,3
2258,10
2258,16
2087,6
2087,16
11298,6
11298,12
18261,9
18261,1
3448,8
3448,6
3448,4
2982,3
5377,14
16533,7
16533,14
16533,8
10211,11
17229,2
17229,13
17229,14
13639,1
13639,5
13639,17
1459,15
6698,12
6698,6
4809,6
17194,15
17194,8
17194,7
8874,10
8874,15
16356,3
1039,2
13745,1
14342,14
14342,11
14342,4
1909,17
1909,2
1909,15
2078,17
2078,9
3026,4
3026,1
3026,5
7955,14
7955,9
7955,7
8917,8
8917,10
8917,15
1720,6
1720,16
6557,14
6557,13
14473,5
14473,4
11660,15
11660,2
7075,8
7918,11
7918,2
12400,1
12400,7
8969,5
8969,16
656,3
656,1
656,12
11045,5
11045,14
7183,5
16567,15
11214,3
11214,17
11214,6
8044,7
11759,7
6120,13
6120,1
6120,5
9010,3
9010,5
12392,15
12392,11
12392,9
1278,17
1278,11
1278,9
10570,11
10570,16
10570,4
13372,9
13372,5
16371,1
16371,2
16371,6
7696,5
7837,15
7837,3
7837,2
9278,16
481,9
9709,9
10772,7
10772,13
2761,8
2761,13
11955,16
9949,12
3646,9
9542,10
9542,8
9542,3
4548,2
253,16
253,9
12142,7
16496,14
16496,4
5472,12
5472,14
5472,4
61,1
61,9
61,13
5545,2
11401,16
12336,11
12336,3
12336,12
14986,4
41,13
13551,10
13551,4
7322,4
7322,3
7322,16
1383,6
1383,2
1383,5
1864,1
8884,15
8884,17
8884,8
5810,13
3978,11
68,5
68,16
68,12
111,4
111,1
111,12
13600,13
13600,4
13600,10
16589,5
8494,17
8494,9
13602,10
13602,6
15606,2
15606,10
15606,7
10693,10
9167,2
9167,16
14290,10
14290,3
12384,14
7793,1
7793,10
7793,14
3087,11
3087,2
16096,10
16096,15
16096,16
17350,3
8529,16
8529,13
8529,17
12519,9
12519,10
12519,12
13477,15
4473,7
4473,8
9314,13
16922,11
16922,8
6045,4
2096,11
2096,10
2096,16
9706,9
9706,3
9706,13
15488,1
15488,16
15488,9
18270,11
18270,10
18270,16
11066,9
11066,5
12486,17
13162,1
13162,12
13162,5
9040,8
13211,8
8226,8
3913,11
3913,9
17449,2
17449,1
17449,13
17611,1
3183,16
3183,8
3183,10
4053,8
4053,4
4053,7
14247,6
4467,2
4467,3
4467,14
3383,1
3383,6
4749,4
4749,12
4749,10
145,13
145,3
3628,2
4806,1
4806,17
8351,7
13122,2
5416,13
5416,8
5416,2
3205,3
3205,9
3205,15
9550,6
9550,8
13176,3
15213,10
15213,16
14307,15
14307,12
9847,9
12725,7
4466,8
1234,9
13300,16
13300,11
13300,8
196,7
9366,15
14237,11
14237,14
15906,1
6647,13
6647,17
6647,7
5914,14
5914,5
2251,7
9776,16
13270,16
13270,5
13270,9
17299,6
17299,7
6491,2
6491,7
15378,1
15378,9
15378,8
12018,8
12018,7
12018,9
12059,1
12059,6
12059,8
16095,7
16095,4
3602,16
3602,6
3602,9
10998,14
10998,17
9259,5
3375,5
15071,6
926,2
926,9
926,10
12835,5
10258,17
2418,5
2418,14
2418,2
11506,3
11506,11
782,14
782,8
782,3
11800,1
12795,4
12795,8
12795,3
10340,5
17332,7
17332,14
6354,1
6354,15
5753,1
13363,3
13363,13
16979,1
16979,10
163,11
163,16
163,5
2624,17
2624,13
2624,4
5092,7
5092,8
8592,11
5865,14
5865,7
5865,8
12719,13
12719,10
5794,13
5794,5
9392,15
8550,3
8550,6
8550,8
7556,14
7556,16
7556,9
7423,14
7423,13
7423,8
3172,8
3172,14
3172,2
8858,14
12413,8
12413,13
12413,2
17797,2
17797,8
17797,5
14454,15
14454,9
14454,2
10397,17
2205,9
13111,14
13111,11
13111,6
4252,7
4252,5
4252,17
8645,15
8645,14
12493,14
12493,3
12493,16
9871,13
9871,4
9871,1
15335,11
3584,17
3584,1
3584,3
9754,1
9754,16
9754,13
17552,15
17552,3
17552,8
6116,11
6116,12
12191,7
13590,1
13590,5
15904,2
15904,3
4029,3
17562,15
17562,7
6594,2
6728,3
14163,10
8069,1
8069,13
13499,3
13499,5
13499,1
18089,12
12409,11
12409,5
12409,13
10530,5
14260,3
15393,11
15393,8
15594,10
17673,15
17673,2
17673,1
12300,4
12300,12
12300,1
4449,10
4449,16
4449,9
7808,4
7808,14
7808,6
7023,5
7023,6
7023,10
6618,11
6618,8
7481,14
7481,6
11980,2
11980,12
16084,15
16084,7
17866,16
17866,14
17866,2
17058,17
17058,13
17058,4
4255,13
4255,4
7995,14
7995,8
7995,5
15630,16
15630,3
15630,13
4215,12
10165,8
10165,10
10165,9
2398,9
974,14
4073,11
4073,2
8038,11
8038,2
16980,5
16980,9
16980,1
15557,11
15557,7
15557,10
6888,1
6888,10
6888,7
9008,15
9436,12
7598,1
7598,7
12262,17
11216,10
12782,2
12782,11
12782,16
18108,9
18108,5
7903,16
10444,16
10444,2
10444,7
3032,9
3032,2
16226,3
16226,14
17116,1
17116,3
7619,3
3151,4
4098,15
1229,15
6771,12
2681,11
2681,9
2681,14
14838,5
14838,17
14838,16
3827,17
3827,8
3827,10
6426,4
6426,1
6426,7
6395,11
6395,12
6395,9
3831,4
1678,10
1678,16
17507,7
17195,4
12913,12
12913,3
6869,4
6869,17
9310,15
9310,10
9513,16
17776,10
17776,8
16375,17
16375,8
16375,9
11439,15
11079,12
6497,10
6497,11
6497,12
6881,12
3629,4
6457,13
6457,1
13874,16
7394,3
7394,13
8935,5
13758,4
13758,1
13758,14
16395,15
16395,8
8202,3
13190,8
13190,13
5260,2
5260,9
6463,2
6463,9
6463,17
10002,11
10002,10
7456,1
7456,8
15901,16
15901,14
12751,13
12751,1
12751,5
17359,15
5860,12
5177,4
5177,2
11386,1
11176,9
11176,3
11176,14
3787,11
12268,9
16740,7
11297,5
11297,9
11297,2
12573,17
12573,14
12573,16
9896,11
9896,16
12559,16
12559,14
12559,12
18202,7
18202,6
3802,12
3802,5
14568,9
14568,5
7999,16
10289,1
10289,9
10289,3
14213,7
14213,15
1919,2
1919,5
1919,12
11494,16
11494,14
18271,11
13178,10
13178,1
5122,13
5122,3
5122,1
5898,13
5898,10
5898,2
14653,12
17665,3
17665,6
17665,7
222,13
2081,12
10738,11
10738,14
911,6
4921,3
4921,9
4921,1
5362,2
6186,3
1437,7
15817,8
7761,9
6056,12
12674,6
12674,16
12674,1
13795,4
13795,5
3023,15
11239,16
16535,9
3296,1
11596,4
12672,2
12672,16
12672,11
4942,6
4942,7
4613,11
4613,10
4613,14
1500,14
1500,17
2526,8
2526,4
2526,7
10202,12
2435,5
2435,7
3441,6
3441,8
2586,10
2586,1
8754,7
8754,5
8754,1
14616,7
14616,10
4967,10
4967,1
4967,16
16389,6
16389,16
16389,1
15391,8
15391,16
15391,4
16627,9
984,6
4618,12
4618,10
11428,2
8516,5
7342,13
7342,7
7342,10
79,10
79,8
3009,6
3009,14
2089,10
2089,3
2089,6
7869,2
17405,2
17405,13
7036,6
12038,17
8882,13
8882,17
8882,6
1941,12
1941,11
1941,13
4556,6
16055,5
10802,14
10802,4
14584,11
14584,2
8676,13
8676,1
8676,14
2197,1
6544,1
6544,11
6544,13
18216,10
18216,12
7815,12
7815,10
7815,15
14642,4
14642,5
4777,11
4777,17
8045,9
8045,2
8045,12
11627,3
18097,10
18097,6
18097,7
15031,6
15031,10
16034,11
16034,10
16034,16
7298,10
17386,13
17386,11
17386,2
17628,11
13744,8
13744,16
13744,5
13108,12
1729,12
12965,6
14544,3
14544,15
14544,13
10680,11
10680,2
10680,4
15148,10
15148,11
15148,8
14328,4
14328,6
13865,16
13865,10
13865,3
14555,12
14555,5
13854,8
13854,2
13854,4
8946,17
16009,9
12361,8
10849,15
10849,12
10849,5
16295,8
2346,17
2346,15
14448,7
14448,2
14448,6
1482,15
1482,9
1482,13
11394,11
14797,9
14797,13
14797,1
9738,17
6153,13
7674,2
7674,4
7674,7
2046,12
7060,17
7060,3
7060,7
15735,2
15735,10
13783,2
13783,12
13783,14
3685,8
3685,10
3685,15
186,2
14929,9
4463,15
4027,14
4027,16
4027,9
11085,10
12122,2
12122,14
12122,5
16889,13
16889,3
17825,17
17825,16
17825,7
1028,11
1028,9
1028,4
11887,10
11887,11
2870,16
2870,13
2870,15
14884,9
14884,8
14884,1
12977,16
12977,12
17474,2
17474,4
950,1
950,16
950,4
9779,1
9779,7
9197,2
9197,9
9197,13
17461,8
17461,1
5258,13
5258,7
5258,17
10184,1
10184,15
10215,1
10215,13
13521,15
13521,17
13521,13
10112,7
10112,16
10112,13
5019,14
1898,16
1898,8
1898,10
2001,10
2001,15
2001,3
7271,1
7271,11
7271,16
7970,8
17792,8
17792,2
17792,14
8854,6
8854,11
8264,7
8264,11
13304,3
3916,17
3916,11
8247,11
8247,6
5649,1
5649,11
5649,2
10163,12
10163,3
17854,7
17854,2
15479,12
7573,3
7573,17
17030,3
17030,10
2043,11
1045,10
1045,17
7727,10
7727,16
822,11
822,9
10127,17
5459,6
10751,5
10751,7
10751,1
5096,11
5096,12
5096,13
2344,7
9185,1
9185,17
9185,14
9880,13
9880,9
9880,11
6293,17
6293,13
12394,10
12394,12
12394,13
8039,11
12246,7
12246,5
14349,12
14349,13
7324,9
14073,2
11610,6
8922,14
8922,7
8922,9
16189,6
16189,11
16189,13
2365,4
4741,15
4741,3
12248,16
12248,14
12248,15
9243,6
9243,3
1760,5
1760,12
1760,9
10141,10
10141,6
10141,7
8966,8
12876,15
12876,2
16216,17
6570,7
6570,1
6570,10
7824,10
7824,2
16913,13
9262,11
9262,3
1693,2
13417,9
13417,13
13482,14
13482,4
4146,2
4146,1
4146,11
4396,13
2556,13
8520,3
8520,9
8520,6
7930,10
2479,17
2479,7
2479,6
7838,10
7838,4
6145,5
6145,15
6145,11
3888,4
3888,12
3888,1
4035,16
4035,14
4035,2
2561,3
2561,6
2561,9
10535,6
4261,4
4261,16
7555,13
7555,10
15868,7
15868,11
5368,6
5368,13
5368,16
15230,8
15230,2
7647,13
12973,1
12973,15
12973,13
18263,5
18263,1
13956,4
497,15
17518,10
17518,14
17518,3
7292,9
7292,3
1682,17
1471,4
1471,13
1471,9
13165,5
8015,8
10294,12
4769,11
4769,2
4769,13
1265,14
9917,12
14623,17
14623,2
6478,2
6478,15
6478,6
6238,17
6238,8
6830,4
6830,14
6830,15
211,7
211,6
211,13
14686,8
6356,7
6356,9
7216,15
7216,14
9552,11
16451,17
2753,13
2753,3
14404,7
14404,10
14404,8
6862,17
6862,7
6862,15
1012,17
11649,15
11649,14
11649,4
12958,15
12958,8
12958,12
17425,2
17425,9
6470,1
6470,16
6470,7
3630,12
3630,6
11653,16
15821,8
15821,1
1013,9
11038,14
11038,7
14937,13
14362,1
8033,5
3247,6
3247,14
3247,15
14466,1
14466,2
14466,3
4248,5
4248,11
5568,9
9759,2
9759,1
9759,6
8737,14
8737,6
10935,1
10935,10
10935,8
14489,9
10261,1
14840,4
14840,2
7402,1
7402,12
7402,3
13317,12
13317,15
15041,4
15041,1
12105,9
12105,4
12105,16
5048,14
15164,12
15164,3
15164,15
15597,3
15597,17
15597,2
16065,6
16065,13
16065,10
7616,7
7616,14
7616,16
17534,15
7024,4
7024,13
7024,17
7465,13
7465,8
9087,17
6900,13
17510,9
17510,7
17510,12
8736,15
8736,9
5216,9
5216,3
5216,5
8895,3
8895,7
10403,13
10403,11
17942,8
17942,4
7505,4
7505,16
7505,15
8694,16
8694,8
16961,6
17723,2
9125,3
10398,6
10398,17
1186,12
1186,5
1186,11
17345,14
17345,6
17345,7
5185,13
3344,12
3344,11
6363,6
6363,7
6363,3
1151,1
1151,13
1151,14
3516,6
15325,1
15325,13
4207,2
4207,13
4207,3
9667,5
9667,13
10286,8
10286,9
10286,10
3838,11
3838,10
3838,15
4220,10
4220,12
10380,6
15345,16
15345,7
15345,17
13871,11
13871,6
13871,5
3405,11
11829,11
11829,7
11829,13
8665,16
8665,12
7054,10
10230,6
8803,14
8803,3
8803,7
13120,15
13120,7
15605,11
15605,2
1354,2
1354,1
12347,14
12347,10
17188,11
17188,16
18238,17
18238,2
96,15
96,4
14502,17
13046,10
12158,17
12158,12
9216,13
9216,3
11432,10
11432,8
11432,7
7247,14
7247,7
4826,7
8936,10
807,7
6601,13
8215,15
8215,16
14696,2
8031,11
8031,4
4360,8
9190,4
12670,7
12670,9
12670,4
14479,11
14479,3
14479,8
8028,12
5243,7
5243,9
6794,6
12284,7
12284,13
4001,17
10502,15
14572,5
14572,9
1335,13
3327,8
10903,10
847,15
847,11
847,7
17143,11
17143,1
17143,3
808,1
808,14
5404,7
10005,1
10005,11
11746,13
3603,16
3603,2
13137,15
13137,17
13137,7
5881,6
5881,3
10280,6
10280,1
10928,1
10928,4
5251,17
15993,16
15993,5
9169,4
9169,14
9169,16
6126,12
6126,8
6126,14
15543,8
15543,3
12781,1
12781,12
156,5
156,4
16587,9
16587,11
16587,17
11978,9
4896,6
10844,15
10844,9
10844,16
4219,17
4219,5
4219,9
3351,17
3351,6
3351,13
3266,3
18199,5
18199,2
3000,5
3000,2
3000,8
15611,16
15611,10
13512,11
6446,4
6446,10
6446,16
14182,10
14182,11
15110,9
15110,8
5011,4
5011,10
11170,14
10448,16
10448,12
10448,2
4430,17
15793,4
15793,5
15793,9
4110,6
4110,1
4110,4
3508,11
3508,3
3508,6
10958,15
10958,13
16126,11
16126,17
16126,9
9076,15
9076,11
9076,5
10236,16
10236,3
10236,12
6996,11
6996,8
8487,6
8487,1
17104,16
7129,17
7129,13
2827,3
2827,2
2827,17
12318,17
12957,16
12957,8
12957,10
3600,17
3600,10
3600,8
4368,7
6391,5
6391,17
6391,2
18197,17
18197,11
18197,16
17658,2
17658,1
2209,4
2209,2
2209,14
2613,14
2613,9
16826,4
9203,9
9203,14
4580,8
17822,2
17822,6
4932,14
4582,2
1104,14
6810,9
6810,16
9296,6
9593,7
9593,16
7590,9
7590,5
7255,15
7255,12
7255,11
8690,10
8690,15
7275,12
7275,6
5911,14
5911,15
5911,9
16001,8
16001,15
11021,7
11021,4
4302,6
4844,1
4844,17
4844,11
5378,4
5378,14
5378,2
12290,6
6874,6
175,12
175,16
175,14
6199,1
6199,4
6199,13
1196,6
12733,15
6700,4
10648,16
2467,10
2467,2
7569,17
10572,12
12258,16
12258,10
12258,8
21,7
21,6
21,2
17106,7
17106,12
13830,11
13830,7
10575,11
10575,9
8055,10
2707,16
2707,14
7733,8
7733,16
7733,15
9807,7
9807,8
9807,2
6941,16
6941,4
14981,11
14981,16
5974,17
5974,12
2933,8
2933,7
2933,2
8947,4
8947,8
8947,9
9783,4
10219,13
13524,4
18087,2
18087,3
18087,5
4250,2
4250,16
8185,13
1497,15
16003,11
13093,14
3348,14
3348,15
15622,5
15622,3
6548,1
2083,1
2083,12
2083,16
14389,10
14389,5
14389,4
13078,13
13078,16
14638,9
14638,2
7044,14
7044,5
66,7
66,12
9369,17
11527,15
11527,11
8117,2
8117,6
14693,17
14693,2
14693,16
14097,8
15709,12
13194,13
13194,1
12854,3
15111,1
15111,10
9947,16
9288,4
9288,10
14811,2
14811,6
13204,11
13204,3
5072,12
5072,11
18240,6
6267,1
14133,8
5514,8
13516,6
13516,2
321,1
321,12
398,14
398,7
398,1
9049,9
12093,13
12093,14
12093,4
4367,1
4367,17
16313,11
16313,17
8551,4
13989,1
13989,16
10976,15
10976,3
11487,12
11487,16
11487,8
13565,10
13565,12
455,4
455,6
455,13
13394,17
13394,5
2739,11
2739,13
18050,3
5118,6
5118,4
2403,10
2403,1
2403,3
10183,12
9828,12
9828,14
9828,4
2991,14
2991,12
701,13
701,2
701,1
4875,16
4875,8
4875,15
12563,16
12563,5
12563,8
13784,6
13784,3
13784,16
12667,12
7321,13
7321,1
7321,7
4097,12
10375,5
10375,13
10375,17
14184,15
14184,11
14184,14
16583,9
16583,3
12796,2
12796,10
12796,7
2378,2
10523,4
10523,11
17051,11
17051,5
4432,5
6978,4
6978,15
6978,3
2618,3
2618,13
2454,2
12391,13
11843,1
11843,15
9281,12
8480,14
8480,1
8480,6
7902,16
7902,4
7902,1
3862,6
3862,17
3779,4
13332,9
13332,3
1367,2
13855,16
14423,7
14423,15
14423,13
10564,14
10564,5
10564,13
13964,2
13964,7
13964,9
15022,3
14024,6
14024,12
13567,4
13567,2
13567,12
13541,16
2848,2
6529,7
9501,10
9501,11
9501,8
17066,1
17066,8
17066,7
4480,13
4480,11
4480,16
13371,10
13371,1
13371,8
11360,8
17119,4
17119,3
17119,15
14316,7
13152,7
16038,17
352,16
352,1
352,9
14726,4
14726,8
16640,9
16640,4
13408,14
5506,5
5506,13
11319,7
11319,9
11753,17
10487,3
10487,16
10487,1
7491,4
3167,8
3167,14
3167,17
14064,5
14064,7
14064,1
10857,11
10857,15
10857,8
9951,5
9951,13
12815,14
12815,3
8682,15
8682,17
8682,11
9165,1
9165,17
9165,7
9299,6
9299,15
9299,4
9075,14
9075,2
9860,4
8961,2
8961,14
13305,5
13305,9
13305,7
7920,9
7920,11
3740,6
8765,1
300,9
300,10
991,17
991,9
991,5
13113,12
4117,3
4117,1
4117,9
12039,12
15076,6
15076,15
2385,2
8128,4
8128,15
5600,7
8717,13
1188,6
10298,5
10298,17
6717,2
6717,13
13525,5
13525,11
9017,17
9017,4
14868,4
14868,1
17699,2
17699,8
17941,14
13334,16
13334,14
16547,13
16547,9
16547,10
10473,12
10473,4
10473,13
4632,8
4632,3
4632,7
14011,3
14011,16
14011,14
10072,16
10072,7
9329,5
4448,8
4448,17
310,3
310,5
310,17
18260,12
18260,8
12216,16
12216,7
9351,8
8830,10
8830,8
13103,11
13103,2
17484,10
10739,17
10739,6
17968,6
17968,8
17968,9
14459,16
17340,3
16529,13
3863,1
3863,14
3863,6
11531,11
11531,14
11531,1
10371,8
10371,15
2077,1
17080,12
17080,2
17080,8
17367,13
618,11
5654,17
8982,6
8982,10
16378,14
16378,6
16378,16
8530,5
954,8
954,3
3918,5
13704,11
7818,8
7818,4
10227,12
10227,6
10227,7
12924,12
12924,14
17782,1
17782,14
17782,6
7643,6
7643,9
7643,17
15146,13
15146,3
15146,12
7057,4
9981,15
8668,3
8668,2
3105,9
3105,14
3134,7
3134,2
3134,16
13169,17
13169,6
598,12
598,8
17954,16
17954,2
17954,7
13198,1
13198,2
13198,15
13468,12
13468,11
7561,2
7561,3
7561,12
4954,6
13060,4
13060,16
13060,6
6915,3
6915,6
6915,1
14245,4
13617,11
13617,4
13617,2
503,17
3579,11
3579,10
14287,10
14287,12
14287,3
9291,10
9291,6
9291,17
1570,2
1570,5
780,12
780,9
11015,8
11015,2
5582,5
5582,13
603,1
603,2
8795,13
9347,16
9347,12
9347,13
5250,3
5250,5
5250,10
12571,1
12571,6
12052,6
12052,15
1847,11
1847,16
11830,7
11830,14
8998,9
8998,4
3249,7
2725,1
4039,17
4039,10
4039,2
9791,1
9791,6
2116,6
2116,10
16878,16
16878,8
17247,8
13815,1
13815,3
13815,14
1479,15
4974,4
4974,6
9115,14
9115,16
9115,7
8075,10
8075,15
6808,4
16844,11
379,9
379,15
379,12
13726,14
147,3
4824,2
16374,8
5773,9
5773,11
16212,3
16212,2
8651,6
8651,1
16491,5
16491,16
16491,12
6554,13
6554,7
10074,6
10074,10
6649,3
6649,16
14579,14
14579,7
2034,8
2034,2
2034,7
18016,7
3803,9
3803,1
3803,4
1660,15
1660,5
1660,6
18088,1
18088,7
14274,2
14274,10
3325,17
530,2
15178,9
9061,14
9061,17
12328,13
12013,17
2289,7
2289,3
10875,6
10875,3
11282,8
11282,12
11282,15
3517,2
3517,9
2483,4
2483,10
6840,8
6840,2
6840,7
11852,8
7961,2
7961,12
7961,9
10283,13
757,8
12746,5
12746,3
8124,16
8124,3
4009,8
4009,10
3875,2
12736,10
12736,11
15956,12
1468,8
1468,7
1468,15
13296,17
13296,9
13296,16
5025,7
5025,3
5025,9
17947,16
17947,7
13962,2
13962,16
14670,3
14670,12
14670,15
8445,14
6860,17
12884,9
12884,16
14138,9
14138,16
14138,10
1799,3
1799,13
6523,11
6523,6
6523,7
47,1
11108,1
11108,14
3818,4
3818,13
13799,8
13799,3
322,4
3920,7
3920,12
3920,3
2342,1
11994,3
11404,5
11404,12
11404,2
13542,13
6714,9
6714,14
6714,13
7985,8
7985,1
7985,5
7884,5
7884,6
15457,8
9182,14
9182,6
16163,15
16163,6
8389,10
18015,7
18015,16
18015,11
401,9
401,7
4592,7
4592,15
3911,4
3911,15
3911,14
6857,5
6857,14
6857,17
17303,3
17303,8
17303,7
9410,11
14737,16
14737,5
14737,14
4381,4
4381,10
16902,17
16902,4
15499,13
15499,3
9831,8
3778,16
3778,8
16910,12
11508,15
11508,9
2512,12
2512,11
2512,3
2839,1
2839,11
2839,4
6805,17
6805,10
6805,11
501,5
501,3
3427,1
3427,17
11734,7
11734,10
12791,13
1014,10
1014,7
16859,11
16859,9
16859,14
4572,5
9920,8
1598,6
14654,13
14654,14
14654,3
676,14
676,17
8063,12
6272,11
6272,1
1357,9
5104,5
5104,6
5104,12
1125,1
10095,8
10095,12
11574,7
11574,2
11598,14
16545,15
16545,8
130,10
6945,14
6945,8
6061,9
6061,8
6061,6
9822,5
9822,15
6889,17
6889,5
6889,2
18070,11
579,4
579,3
2457,1
14905,1
14905,14
17648,3
17648,11
17648,16
2388,4
2388,9
2388,14
9164,15
9164,14
9164,8
15763,16
13264,17
13264,3
13264,8
8591,14
13765,6
13765,1
13765,10
9739,17
10833,14
10905,1
6117,3
16146,6
16146,15
16146,3
5199,11
5199,16
16694,10
3718,15
3718,3
1605,8
1605,10
13711,1
11131,5
11131,6
17910,15
17910,5
8625,5
8625,4
8625,10
16639,4
16639,6
16639,14
2660,16
2660,17
16751,10
16751,11
3407,17
13690,9
13690,13
13064,17
14553,8
14553,2
14553,6
11541,3
11541,9
16113,13
16113,6
3908,12
3908,6
3908,9
2995,3
2995,1
2995,9
834,9
834,2
834,13
6277,9
6277,4
6277,12
350,17
350,15
3650,16
3650,15
1872,9
1872,3
1872,15
15314,1
15314,2
6897,2
6897,12
6897,5
10076,7
10076,2
9657,11
9434,9
9230,8
9230,12
9230,3
15957,14
5253,17
5253,13
5253,14
17994,17
643,6
643,9
643,1
18162,7
18162,4
4758,2
4758,16
16733,1
16733,12
16733,5
13654,15
5170,10
5170,7
5170,4
15226,2
15226,4
3520,15
3520,6
3520,11
11812,6
11812,10
9233,2
6096,1
6096,6
6096,11
7522,4
7522,5
7522,9
8603,5
8642,14
8642,3
8642,6
4524,3
4524,9
4524,13
6100,13
6100,10
9889,14
9613,2
4846,5
7819,17
7819,13
12787,16
12787,17
9567,15
9567,8
9567,7
12704,9
12704,15
12704,14
17938,8
17938,5
16092,6
11949,15
11949,8
11949,9
3496,5
3496,16
15167,1
15167,9
15167,6
317,3
10356,16
10356,14
10356,9
10979,7
10979,1
12962,16
9499,14
9499,1
9499,5
7829,14
7829,13
10008,5
7358,4
7358,13
12761,8
11619,7
11619,10
11619,14
8240,3
4887,4
2723,5
2723,12
14432,1
6519,15
6519,6
6519,13
14657,8
14657,17
14657,10
9005,15
104,12
8607,4
12026,12
9879,10
9879,6
15279,12
15279,4
15279,3
1831,13
1831,6
1831,17
17216,14
17216,15
17216,3
4437,16
17743,5
17743,14
14754,17
4701,11
4701,15
4701,9
5111,7
5111,2
5111,14
13472,16
13472,8
13472,15
5427,17
5427,10
3644,3
1733,10
9418,17
9418,12
12225,12
11974,17
16418,16
16418,1
17018,7
17018,14
10083,5
10083,6
10193,14
10193,1
10193,12
2047,4
2047,8
2047,7
10199,3
10199,5
5993,6
5993,17
5993,10
10029,2
10029,17
10029,7
8929,15
8929,7
16896,5
6588,6
7455,7
7455,2
336,5
8585,1
8585,17
9784,3
8020,5
8020,10
3188,12
3188,2
12196,4
12196,2
12196,1
17565,9
17565,10
17565,7
10573,6
10573,10
10573,2
2458,7
2458,4
2458,12
8986,7
8986,11
8986,12
70,4
70,5
15628,7
15628,5
8102,17
8102,9
17076,9
8877,15
8877,4
8877,16
8697,7
803,12
803,1
803,10
387,13
387,15
15236,6
9433,1
9433,10
9433,16
16172,8
16172,7
16172,17
16384,8
16384,10
16384,9
8696,7
11583,12
12852,6
12852,10
4175,1
2558,15
9496,13
9496,7
2042,13
2042,6
2042,16
8809,3
13669,15
13669,13
16467,12
16467,17
16467,16
17235,3
17235,11
3954,2
3954,11
3954,6
3044,3
3044,7
3044,15
2271,6
2271,1
5613,4
5613,1
13724,8
13724,6
8967,3
1101,2
1101,3
9144,16
9144,13
4999,7
4999,14
4999,1
14411,8
15369,5
308,12
308,1
308,9
16857,10
16857,6
16857,11
13890,13
9025,16
9025,7
10437,12
10437,6
10437,14
8229,17
8229,15
8229,6
4455,6
4455,8
4455,13
14739,2
14739,14
10405,1
14708,14
14708,1
9285,9
4848,1
4848,3
4848,16
4411,9
4411,5
4411,1
9092,10
9092,4
9092,17
18098,12
18098,14
7384,13
7384,16
7384,6
12422,16
276,6
276,9
15835,16
15835,13
15127,8
15127,14
15127,5
6091,1
6091,9
6091,2
14904,8
17090,4
17090,10
10160,16
10160,10
10160,6
813,17
813,5
813,14
6417,11
8360,12
8360,11
6418,9
6919,4
6919,16
6919,9
15827,10
15827,11
887,1
887,10
4502,4
4502,13
9228,2
9228,7
9228,4
1782,10
1782,16
8704,1
8704,12
4459,10
4459,3
4459,14
6183,10
6183,15
11390,2
11390,6
11390,9
3051,16
8848,11
8848,14
6506,17
9705,8
4693,17
46,17
46,16
17163,11
17163,17
17996,10
11121,9
11121,5
11121,7
3857,1
3857,7
3857,9
8059,9
8059,2
1582,4
1582,13
1582,2
9931,5
9931,16
9931,14
15007,10
15007,15
15007,3
10440,5
6275,2
6275,4
10539,3
10539,14
6756,11
6756,1
8890,5
5820,17
5820,9
3209,15
8281,9
1026,6
5202,6
5202,10
5202,8
1400,6
1400,15
3652,17
16666,3
16666,8
1979,17
1979,4
1979,10
7858,7
9780,4
12586,2
3912,11
3912,5
2337,2
2337,4
2337,7
5609,6
5609,16
5609,8
4438,4
4438,12
4438,1
2604,3
15309,15
15309,14
15309,5
8239,17
1260,17
10087,10
10087,9
3073,12
3073,4
634,14
634,2
634,5
2029,4
2029,7
2029,9
16260,16
2993,16
10145,14
10145,9
9577,11
9577,14
5051,15
5051,14
16901,13
1859,5
1859,4
7401,17
7401,7
17275,6
8903,12
17503,9
8307,6
8307,8
3814,15
3814,1
7450,4
7450,11
16861,17
16861,14
16861,7
7276,16
9468,5
9468,9
16052,3
17671,8
7412,7
14380,11
14380,1
14380,17
18174,6
5863,12
5863,8
11227,5
11227,1
11227,8
11080,13
11080,3
2273,4
17731,7
9965,12
9965,11
9011,12
9011,10
7308,11
7308,8
2816,3
2816,4
2816,5
3841,1
8398,15
8398,10
8398,17
4331,2
4331,14
8927,8
18029,5
18029,6
18029,12
15410,7
15410,4
15410,2
3898,11
3898,7
3110,8
3110,2
9666,17
9666,16
9570,17
9570,2
9570,13
10411,2
10411,6
10411,17
15569,16
15569,11
15569,2
4706,10
4706,14
4706,5
2808,7
2808,13
6739,2
2845,13
2845,16
2845,9
10895,11
10895,10
15273,1
15273,4
2361,11
10499,13
10499,1
10499,2
11109,15
7222,15
7222,17
16017,17
15360,13
15360,3
15360,16
6828,5
6828,9
6828,11
1314,1
16093,7
16093,13
16093,9
632,4
4539,17
4539,5
16619,7
16619,3
10218,11
10218,9
537,16
17109,7
10988,8
5527,2
5527,3
2405,3
13396,4
17749,6
17749,17
17749,11
565,14
565,8
12743,5
11692,9
11692,13
11692,17
17435,1
9332,8
9332,11
13252,2
17010,14
17010,13
16024,1
7935,2
7935,13
7935,12
243,11
243,2
243,15
9813,3
2957,1
2957,6
5812,6
5812,12
5812,2
6160,11
6160,15
6160,2
16554,17
16554,12
16554,13
10962,10
10962,17
10962,5
4738,14
4738,7
4738,16
14170,14
5819,5
810,7
810,15
810,13
4892,15
4892,4
14210,10
2093,6
2093,15
2093,10
17074,5
17074,12
17074,15
11464,9
11464,11
11464,3
1274,11
1274,6
1274,17
14251,10
14251,5
5093,3
18048,14
18048,6
18048,8
12228,11
7994,4
11004,5
2890,2
8206,10
8206,17
13494,5
13494,13
8617,1
8617,10
2051,11
2051,14
2051,16
8208,5
13062,13
13062,2
6036,4
6036,16
6036,9
7173,1
7173,4
7173,17
16998,11
16998,2
16998,7
3605,3
3605,13
3605,5
15057,11
15057,10
12886,13
12886,14
8232,5
8232,10
17875,12
5318,1
5318,3
14533,17
14533,10
17197,15
17197,17
5186,10
5108,1
5108,13
5108,17
8362,11
8362,1
8362,6
16789,16
16262,14
16262,10
16262,17
8761,3
8761,7
8761,6
18239,13
18239,7
8857,2
8857,16
13501,2
13501,3
13501,6
5456,13
3362,8
3362,1
3362,3
14181,13
14181,12
2970,13
8953,7
8953,14
14786,10
8919,5
8919,15
8919,16
11349,8
11349,17
11349,11
13286,8
9645,6
9645,10
7424,2
4260,14
4260,12
12492,9
1776,2
2923,11
2923,17
5782,3
1093,1
1093,7
741,9
741,7
2158,9
6770,11
6770,5
10485,2
10485,4
5522,4
5522,13
14045,16
14045,6
3164,16
3164,12
5106,16
6151,16
6151,11
1736,12
10741,4
5090,5
5090,8
5090,2
15132,16
15132,6
17983,7
13648,13
13648,14
15170,15
15170,9
15170,17
11490,1
12785,16
12785,9
7678,6
7678,9
13473,12
5309,15
5309,10
16197,5
16197,8
16197,7
16516,14
12989,15
12989,3
12989,2
4652,12
898,17
898,7
14299,11
17890,8
17890,14
13767,17
13767,12
5666,10
15850,2
15850,14
15850,6
17522,12
17522,1
3063,10
11717,4
17750,15
17750,1
10313,14
852,9
852,4
6656,3
6656,15
8263,6
15454,9
12883,12
12883,13
12883,10
14682,4
7605,1
7605,16
2903,13
2903,10
10656,2
10656,14
10656,5
7700,15
7700,9
12843,6
17055,13
17055,14
17055,6
7416,4
3813,14
17877,5
17877,7
17877,17
4326,3
4326,9
4326,16
2313,11
2313,13
6596,10
6596,6
9107,7
8519,6
8519,15
8519,17
2727,2
2727,16
6195,13
6195,3
2829,1
2829,17
6590,4
6590,9
9701,12
8442,1
8442,12
8442,9
18135,11
18135,8
1996,5
1996,12
1996,6
2710,8
2710,11
2710,16
14619,1
14619,10
12304,2
12304,9
12304,13
536,3
536,9
26,9
26,8
26,17
8467,17
8467,4
8467,16
14002,1
14002,15
18232,16
18232,8
16814,3
16814,5
17585,9
17585,10
7041,12
7041,4
12515,17
12209,6
12209,5
13140,15
13140,16
13140,8
1452,16
1452,8
1452,10
16671,4
16671,15
14371,3
14371,17
14371,5
1281,5
1281,13
6954,9
6954,2
6954,14
11831,11
11831,1
11831,17
13672,2
13447,7
8340,4
8340,5
8340,17
13858,7
13858,17
13858,12
14999,10
14999,17
12845,6
12845,15
17718,12
17718,14
4190,15
4190,3
4190,13
9356,6
9356,16
8438,15
16948,6
11338,10
11338,14
11338,15
242,12
12892,16
7513,6
7513,13
15241,7
15241,11
13902,16
15199,12
16827,13
16827,10
1168,7
1168,10
9404,9
9404,1
9404,5
6867,11
6867,7
10560,1
10560,7
10560,9
5491,9
5491,8
5491,14
6400,2
6400,16
6400,17
10156,15
10156,2
17765,8
8433,4
8433,2
11575,2
11575,1
11575,4
11928,14
14558,2
14558,14
6451,7
16,3
8515,4
8515,7
8515,6
5130,15
5130,5
4700,4
4700,15
4700,11
13339,7
13339,3
13339,6
14354,4
14354,17
14354,8
4830,7
1705,15
17335,5
4667,17
3399,12
3399,5
3399,3
1227,2
1227,9
12307,1
12307,4
9797,8
1463,9
16407,3
16407,15
16407,7
284,7
284,13
284,12
15724,13
15724,7
18042,7
15073,5
15073,16
17265,11
13649,10
8219,2
8219,15
14001,15
14001,12
14001,14
7138,11
1982,15
1982,7
3614,4
3614,3
3614,14
7309,15
7309,4
7309,13
14927,8
14927,11
14927,12
16864,1
16864,3
16864,13
14559,1
14559,14
14559,8
16102,14
16102,11
16102,1
8132,12
8878,16
8878,10
8878,12
14672,3
14672,15
17745,5
17745,3
18039,13
18039,10
18039,2
15225,12
15225,4
15225,10
17717,5
17564,3
11030,13
17724,9
17724,5
17724,7
11501,4
17781,2
17781,14
17781,15
13151,17
13151,8
13151,5
9621,14
17625,14
5725,3
5725,15
5725,2
13549,14
6800,13
6800,4
6800,2
3149,6
3149,10
3149,4
17370,9
17370,5
17370,2
17785,15
6127,5
6127,17
3500,9
3500,14
3500,12
14483,17
14483,4
8140,11
8140,14
4585,1
4585,2
7646,8
2438,1
2438,10
2438,6
11904,11
11904,9
11904,5
299,4
299,3
299,15
14639,2
14639,1
369,7
369,3
369,10
5089,14
5089,5
10121,4
10121,13
4514,1
13057,17
13057,7
14295,7
14295,15
16991,7
16991,10
16991,16
1824,7
1824,4
1824,1
7794,17
2396,9
14151,5
14151,1
13003,1
11484,11
11484,17
11761,5
11761,6
14393,8
14393,6
8030,2
8030,16
972,1
10303,16
13973,16
13973,8
13973,14
17144,11
8374,3
9556,17
9556,2
9556,11
4352,13
438,1
438,5
438,6
11032,14
16243,7
16243,15
16243,3
14688,2
2787,9
5097,1
5097,6
5097,9
13331,7
7959,13
7959,12
10691,15
10691,16
10691,10
78,6
78,2
13805,15
13805,16
13805,14
16412,10
16412,8
10577,1
10577,5
10577,8
9503,12
9503,8
9503,15
9453,16
13026,1
16914,1
16914,13
16914,2
7944,11
15303,9
9637,3
9637,5
3017,9
3017,12
3017,6
3423,11
3423,13
2347,8
2347,13
2347,2
2305,4
2305,12
14681,7
14681,11
12480,6
12480,3
12480,5
14587,17
14587,6
7372,1
16040,6
4696,13
13938,8
13938,12
11392,6
11392,2
11392,14
12019,12
4703,9
4703,5
4703,15
17694,7
17694,6
9026,7
8799,11
8799,9
8799,5
2469,3
2469,6
896,1
896,10
896,15
5145,15
8367,15
8367,9
8367,1
10771,14
10771,17
18194,11
15060,3
6473,10
1746,14
1746,10
12136,8
12136,1
12136,9
1080,11
1080,1
1080,9
14944,15
14944,11
6190,10
9284,14
9284,8
9284,5
2689,12
9861,11
9861,9
9861,12
12724,13
12724,1
12724,16
5265,11
5265,5
5265,13
12065,16
12065,7
4046,10
13801,8
13801,7
2850,2
7963,8
7963,13
9894,6
9894,11
14895,13
9983,4
9983,6
9983,15
5684,4
15333,7
15333,15
15333,4
17593,1
17593,15
10596,13
10596,3
10596,12
12612,14
12612,13
16799,3
16799,16
16799,5
4274,16
4274,13
10665,10
10665,8
11642,7
11642,14
11642,1
2904,14
2904,1
866,12
866,4
866,6
13098,14
13098,2
15756,17
15756,15
15756,9
16330,16
16330,12
9992,5
9992,9
9992,8
14611,10
11455,13
11455,14
2810,10
2810,11
2810,17
15669,17
15669,14
15669,2
4084,6
4084,2
4084,1
16937,6
11094,12
11094,14
11094,7
14318,13
14318,11
14318,7
7390,6
7390,4
7390,7
1095,5
17248,12
10894,10
10894,15
16646,7
16646,6
12925,16
9843,16
18254,12
18254,15
18254,2
12744,3
13953,7
13953,9
13953,17
11630,17
11630,13
15015,4
15015,11
4349,17
543,15
543,2
10144,15
10144,9
10144,1
8027,14
13009,12
13009,7
9850,4
9850,15
9850,16
7257,6
7257,4
15082,1
15082,6
2220,8
2220,9
2220,15
15072,15
17581,6
17581,16
11346,2
3578,3
3772,2
10080,17
10080,1
10080,7
15277,13
15277,10
15277,12
5565,17
5565,11
5772,10
5772,7
5772,15
3480,6
3480,7
6147,7
6147,16
1070,3
1070,4
1070,14
1348,14
1348,7
10662,15
10662,13
10662,17
18115,6
18115,3
10829,13
11985,3
11985,15
12517,8
12517,15
14992,13
14992,6
3876,5
10204,9
18257,8
18257,12
18257,6
430,12
18107,11
11187,1
13849,16
13849,15
13849,17
5748,11
5748,5
2964,14
2964,5
10132,16
10132,14
3659,14
3659,12
16080,1
16080,11
3272,14
730,6
730,5
730,15
2706,16
16294,9
16294,14
13537,13
6947,8
6947,14
5965,8
3305,3
3305,5
11339,8
11339,9
11339,3
8424,17
8424,7
8424,14
10229,6
547,12
547,7
9656,3
9656,16
5383,4
5383,10
5383,9
8994,6
17959,17
17959,5
17959,14
2155,11
2155,12
2155,14
9890,2
15988,10
15988,6
2581,5
11549,12
11549,16
11549,9
13146,9
13146,3
10716,12
10716,9
10716,11
10266,15
17421,12
17421,14
17421,5
6884,2
6884,3
876,10
10500,9
10500,13
10500,14
6193,7
6193,6
6955,6
8962,11
8962,7
8962,8
15079,10
2786,1
14397,16
14397,8
11846,9
12552,14
12552,12
2989,8
2989,16
2989,9
14537,5
14537,8
324,5
324,13
324,14
17431,17
17431,7
17431,14
11810,6
8997,15
8997,10
8997,5
5065,15
5065,4
5065,2
10846,16
10846,10
10846,3
9471,10
9471,6
1594,2
1594,8
5269,4
5269,12
16930,2
11442,17
11442,6
2701,10
2701,4
2701,1
6997,8
6997,11
8252,2
6077,7
6077,4
5597,7
5597,1
7515,9
6162,14
6162,3
576,7
576,9
576,11
12438,4
4414,14
8978,16
8978,7
8978,17
38,1
9156,11
9156,13
7695,7
7695,17
16802,1
16802,7
17633,16
17633,4
17633,9
240,9
5363,8
5871,6
5871,8
15581,11
15581,14
15581,1
10704,7
10704,16
14013,15
14013,17
1386,7
1386,17
9788,14
7059,13
7059,15
7059,4
12110,10
8284,15
8284,12
13228,17
13228,14
13228,13
17751,13
17751,2
10308,7
12049,14
12049,1
15047,13
8561,15
8561,9
4811,3
11599,5
11599,9
9462,6
9462,13
1785,9
1785,4
524,11
4313,13
4313,15
1719,5
15679,1
3251,9
3251,2
4910,4
4910,15
4910,11
13218,5
7877,2
7364,10
7364,17
1916,8
1590,7
1590,11
1590,10
7239,10
7239,7
7239,11
11151,11
11151,17
11151,14
8023,7
8023,17
8023,10
10873,17
10873,7
14415,8
14415,13
14675,8
14675,7
3095,7
17956,6
17956,9
2111,14
1586,15
1586,13
11566,3
11566,5
15731,14
14382,12
14382,11
8898,8
8898,7
3297,11
3297,13
9769,1
6909,12
6909,4
6909,15
9465,2
9465,1
9465,10
11664,12
11664,5
11664,13
11473,14
11473,8
17827,5
14366,6
14366,13
14366,5
14711,15
14711,12
14711,13
10454,6
10454,9
11337,13
11337,5
13776,10
13776,2
13776,17
7480,13
7480,7
8580,4
16402,11
16402,10
16402,16
17284,14
17284,16
17284,1
11833,15
11833,14
16775,10
16775,3
15814,12
13467,16
13467,11
17889,4
14736,6
1008,13
1999,6
3775,15
2518,16
2518,6
15235,12
11778,1
11778,11
11778,2
14300,16
14300,14
3789,8
3789,17
3789,6
3391,9
3391,10
5624,16
5624,7
5624,12
6060,8
1592,9
1592,5
4377,15
4377,14
11774,12
11774,7
11774,10
8867,13
8867,2
12463,14
12463,13
12463,12
7347,3
895,6
895,10
895,12
3758,15
14310,4
14310,8
14310,1
14580,11
14580,17
14580,7
11446,16
16552,3
16552,16
16552,14
6083,15
6083,14
13730,6
13730,5
9053,4
9053,17
9053,14
16706,9
14357,9
12111,10
9804,16
9804,2
12603,15
12603,5
16960,1
16960,8
16960,17
6709,10
6709,11
7889,16
7889,7
1287,3
10004,8
10004,15
5077,2
5077,9
5077,3
10598,11
10598,10
10598,14
7313,15
16408,12
16408,16
16408,3
9622,14
9622,9
9622,12
4922,16
12648,5
2399,10
14725,14
14725,13
9425,17
10565,1
10565,13
10565,12
987,14
6059,10
8979,9
5855,10
5855,7
5855,17
14222,2
13689,16
13689,8
5921,15
9258,10
9258,9
9258,15
4950,2
4950,3
4950,10
266,15
266,4
266,3
13687,13
5986,16
5986,15
5986,10
10406,12
18084,15
12917,7
12917,8
5774,15
5774,10
5998,12
5998,15
5998,13
2602,8
3429,8
3429,15
8555,17
15946,4
15946,7
11116,5
2222,4
2222,7
2222,5
5630,14
5630,3
5630,8
14227,8
14227,4
3154,8
11607,6
11607,12
2150,8
10170,2
10170,8
5584,12
5584,9
1826,7
1826,15
5326,8
5326,15
5326,17
1655,14
1655,8
1655,9
15270,9
15270,17
15270,14
178,6
178,2
13041,1
9540,7
9540,8
9540,13
5934,3
16920,15
188,9
188,6
188,1
8312,4
8312,12
16100,13
13209,10
13209,11
13209,7
10373,17
16255,3
16255,13
15310,17
15310,7
8868,11
16257,8
16257,4
3587,3
12832,6
12832,13
11241,15
11241,16
11241,6
8553,6
8553,5
12772,7
1103,5
6922,4
6922,5
12051,2
12051,5
12051,14
5087,2
5087,4
871,15
871,7
6608,7
244,6
244,11
17376,5
17376,16
8730,10
15343,16
4491,15
4491,17
4491,8
15458,14
15458,5
15458,12
7405,7
7405,17
7405,5
3755,11
3755,8
3755,12
6971,6
6971,5
6971,9
6234,3
9343,16
9343,3
7914,16
7914,8
17874,17
7682,13
7682,9
7682,5
10226,3
10226,9
10226,14
14771,15
3213,16
3213,17
10492,4
12127,9
12127,11
12127,3
8283,2
8283,4
6396,13
17059,12
17059,14
5478,12
5478,9
3133,11
3133,3
3133,16
13365,7
13365,6
13365,10
5062,5
10981,1
10981,13
7782,1
7782,3
7782,14
12458,10
12458,8
480,14
480,17
3093,15
3093,2
13971,10
16350,2
16350,7
16350,14
4155,7
4155,17
4155,5
7444,15
2605,11
13607,3
5945,3
5945,4
3754,2
3754,1
3754,10
6241,15
15806,5
3809,2
3809,6
3930,4
11156,6
15341,14
15341,12
15341,13
5521,2
5521,15
5521,6
206,2
3672,9
3672,8
3672,7
4771,10
5602,3
5602,1
5602,8
11657,6
11657,4
14998,13
4450,9
4450,16
4450,4
8390,12
8390,16
8390,17
6520,12
15077,15
15077,3
15077,11
17205,6
13790,9
13790,12
13790,17
12676,8
12676,3
12676,10
3070,1
3070,10
7922,2
7015,11
8003,15
7894,2
10026,2
10026,1
9867,11
9867,10
10024,4
16471,15
16471,1
16471,13
17871,6
17871,10
17871,9
15555,11
9152,6
9152,11
9152,1
1220,11
1220,12
1220,10
8715,1
8715,6
13024,15
3485,9
12652,16
1780,6
1780,15
1780,12
6367,1
792,4
792,2
6225,15
6225,4
6225,11
2214,8
6872,4
6872,10
16376,15
16376,5
16376,9
9030,9
9030,1
11396,8
9815,2
9815,8
9815,12
6456,1
6456,4
6456,6
13515,6
13515,4
13515,14
14532,1
14532,2
14532,10
12186,9
12186,16
12186,7
16444,2
16444,7
5083,7
3526,6
3526,14
1989,2
17429,5
17429,2
6171,3
6171,16
6171,6
5100,16
5100,6
5100,7
4376,13
4376,15
4376,3
3990,17
3990,5
3990,4
9470,10
9470,13
9470,5
523,13
523,15
12914,1
12914,15
12320,12
12320,3
1560,17
1560,10
1560,8
10907,1
10907,14
10907,7
11125,5
16559,17
10287,16
10287,15
10287,12
4390,2
4390,11
16735,5
17496,5
2010,13
10304,7
10304,10
10304,17
14978,17
3204,11
3204,15
3131,11
3131,8
3131,10
17264,17
17264,2
17264,1
7403,8
7403,15
7403,12
12866,7
12866,15
17791,4
17791,11
11370,13
11370,15
1926,10
12992,17
12992,9
10742,14
10742,17
10742,13
18269,13
18269,3
18269,5
1461,10
134,1
134,13
134,7
4888,12
4888,10
1025,10
1025,8
1025,5
805,8
4319,11
4319,4
7040,13
7040,9
5766,1
5766,5
13503,2
13503,9
4767,4
4767,6
4767,14
708,3
11084,16
15939,15
15939,17
219,10
219,16
219,1
8746,1
12475,6
12475,4
9176,1
9176,6
11110,8
11110,10
11110,16
6939,2
6939,17
6939,7
17024,9
17024,7
17024,3
9588,5
9588,2
11236,11
16361,15
16361,5
2063,8
2063,10
2063,15
9595,1
9595,16
9595,6
8471,9
8471,16
7591,12
7591,3
3792,7
7628,4
7628,1
7628,2
17322,3
15718,10
15718,9
15718,1
14716,5
14716,13
14716,15
14233,7
14233,3
14233,12
12086,15
12086,13
1146,4
1146,6
423,1
423,9
423,6
2016,16
2016,15
2016,10
3564,9
3564,11
3564,5
1005,16
17566,15
1589,13
1589,10
1589,9
16363,12
13873,15
13873,10
13873,13
1662,7
1662,6
10143,15
10143,5
10143,7
13080,7
11300,6
11300,15
11300,5
9048,8
9048,14
17949,14
13990,6
13990,12
13990,2
18151,5
18151,10
18151,8
233,9
233,3
233,2
7526,1
14361,12
14361,7
10617,10
10617,3
10865,14
13168,6
6105,12
404,6
404,4
404,12
3263,16
3263,11
10276,16
10276,7
10276,9
15877,5
17674,7
5512,13
5512,7
5512,14
94,2
17125,14
17125,12
15259,11
7856,8
7856,11
7856,14
5473,3
15872,9
15872,13
6562,5
2775,17
2775,10
2775,2
16115,8
16115,1
16115,4
11341,10
11341,5
11341,17
8058,2
8058,16
8058,5
11632,15
11632,5
2546,4
17681,2
17681,1
2194,8
2194,15
14482,13
14482,10
14482,7
5405,7
5405,1
7905,4
7905,10
15322,15
15322,11
16217,13
7577,17
7577,8
7577,6
3705,6
3705,2
9658,3
9658,7
9658,17
7613,12
7613,15
7613,13
684,8
684,15
13793,10
2254,12
2254,1
15743,4
8005,4
8005,3
8005,2
4446,7
4446,2
11783,10
11783,14
11783,8
11567,8
11567,11
11567,4
5580,14
5580,15
5580,17
4870,16
4870,11
739,11
739,16
739,9
9601,7
9601,3
345,12
1568,6
1568,11
9728,13
16830,17
16830,12
16830,2
14051,16
14051,13
14051,12
2052,9
2052,11
7939,8
7939,12
6804,1
6804,8
5489,5
5489,10
5489,4
15406,3
15406,1
15406,12
17524,2
13919,13
13919,8
13919,7
6682,11
6787,6
6787,4
6787,10
117,11
117,4
5845,10
5845,6
12655,3
8304,13
17394,10
17394,8
17394,4
3299,9
7498,3
12982,2
2654,11
2654,17
9808,7
9808,17
9808,12
3859,2
3859,5
6571,7
6571,4
6571,16
1346,12
15293,15
15293,11
10552,14
10552,1
10552,12
15761,17
15761,3
16482,15
10157,1
9886,12
9886,17
9886,3
3169,11
3169,3
4917,1
4917,5
15819,5
5995,9
5995,12
5995,10
9933,5
9933,17
9933,2
16791,15
13954,7
13954,10
3025,14
4057,4
9973,17
9973,4
8545,9
8545,6
8545,7
10670,2
10670,15
10670,12
17067,10
17067,2
17067,15
12002,11
9267,14
9267,9
11277,15
16315,8
16315,7
5256,5
5256,14
5256,15
2406,9
9902,17
9902,15
9902,3
9431,10
8707,17
7753,3
8513,9
8513,14
1016,1
1016,6
14943,12
14943,10
14943,2
1879,8
1879,17
1879,7
4361,14
8452,10
8452,11
9066,1
14094,10
3538,1
3538,17
1513,14
1513,9
14865,9
14865,3
6114,2
6114,15
6530,1
6530,9
15501,5
15501,14
6803,3
6803,1
6803,12
4503,4
4503,10
4503,14
17590,2
162,10
162,7
6542,9
12233,17
9979,9
9979,8
5239,3
2123,6
2123,4
12997,6
12997,13
2102,13
2102,3
4228,3
7690,11
17226,4
8291,10
11675,7
17178,15
323,16
323,9
323,12
1086,16
1086,15
16386,2
16386,4
16386,8
11615,16
11615,8
14947,13
14947,16
14947,2
11738,6
11738,17
11738,12
15976,17
11890,14
11890,16
11890,4
2497,11
2497,5
2497,13
16457,1
8074,14
2514,15
2514,3
1197,13
1197,6
1197,10
14334,2
14334,11
14125,1
17402,16
17402,13
17402,4
15036,3
15036,5
15036,4
13324,6
4091,7
4091,9
4091,6
15822,9
17870,11
17870,8
6925,3
6925,13
6925,10
17829,5
1018,2
1018,5
1018,14
11054,6
11054,11
11054,8
956,7
4901,9
4901,7
4901,10
10240,16
10240,13
383,16
9651,16
16777,12
4987,4
9610,7
9610,4
407,17
407,16
407,2
16196,17
5752,6
12427,17
12427,5
9506,9
9506,13
9506,7
2383,13
2383,17
12279,10
12279,11
18163,7
9841,16
9841,6
9841,7
10836,5
10836,15
183,16
3270,13
14364,15
10541,13
10541,17
13680,1
10632,14
7462,3
7462,17
7462,14
12376,10
12376,4
12376,14
13460,4
13460,3
9678,1
9678,9
9678,8
14930,5
14930,4
17159,7
17159,16
17159,4
6640,2
6640,4
6640,7
10999,3
10999,9
16736,11
16736,15
14957,15
14957,7
13976,15
13976,4
8187,4
8187,9
8187,6
4044,4
9746,17
11166,12
15134,6
14821,7
14821,3
7489,1
10113,9
10113,8
16649,15
16649,7
4080,10
9659,15
9659,3
3567,10
17154,16
11886,10
11886,5
10364,17
5142,11
5142,13
8905,11
8905,6
8905,14
1597,4
5696,14
17044,8
17044,11
1718,6
16926,17
16926,3
17278,6
17278,15
17278,9
10782,10
10782,17
3824,16
3824,14
3824,10
1742,10
1742,12
17514,12
17514,13
17514,10
17204,9
15098,11
16304,14
11950,11
2408,7
1228,12
3048,4
3048,12
5198,5
13560,14
13560,8
13560,9
6521,14
6521,6
15654,11
15654,3
6219,1
4541,10
4541,1
10412,17
10412,11
10412,9
17095,16
17095,1
9486,15
9486,5
14551,9
14551,2
14551,13
12118,12
4961,12
4961,14
4961,17
3422,9
3422,1
1650,16
1650,17
1650,15
11958,7
11958,2
11958,1
2376,2
2376,12
2376,14
9447,16
9447,1
9447,12
6726,12
6726,17
13857,1
13857,13
13857,4
3360,6
3360,14
3360,11
1683,11
1078,1
5643,4
5643,11
6113,3
7780,9
7780,17
7780,6
10614,16
10614,11
7082,15
5849,15
5849,10
7806,17
7806,1
4307,5
4307,6
4307,9
1489,7
1489,9
16391,1
960,10
2713,12
2713,8
371,2
13507,16
13507,15
13507,10
783,7
783,4
783,10
18008,2
18008,15
18008,12
8562,4
8562,15
2935,10
2935,4
2935,13
15617,14
15617,9
15617,3
5080,2
5080,10
5080,16
8893,16
9650,14
9650,13
9650,17
13986,11
13986,9
13986,4
14822,1
14822,6
18043,7
12824,6
12824,3
12824,13
17931,5
17931,6
14231,14
14231,7
14231,1
12364,5
12364,4
12364,8
5550,16
5550,15
5550,13
1747,7
3643,12
4905,5
560,17
560,9
1585,17
1585,14
5286,17
5286,6
5286,4
13463,17
15935,6
15935,13
15935,2
12027,2
12027,13
12027,16
14534,16
372,6
891,7
891,12
891,15
5732,8
5732,12
5732,6
13923,13
13923,16
13923,8
1628,2
1628,11
1628,7
15747,4
15747,3
18028,13
18028,1
18028,2
8466,9
8466,13
8466,1
8236,2
8236,9
17019,10
6614,3
6614,12
16059,16
12358,15
3117,6
3117,3
3117,5
13904,6
13904,16
14669,9
14669,6
15179,1
15179,14
4211,17
4211,16
532,7
532,1
532,17
7071,13
11836,5
11836,6
2279,1
2279,13
4244,5
4244,16
4244,7
16440,8
2146,14
2146,1
2146,11
2463,1
5242,6
5242,2
4752,6
15965,11
15965,9
15965,2
11648,15
5382,15
5382,10
14664,3
14664,13
5390,1
583,17
583,14
583,11
4173,8
3466,12
3466,4
3466,6
8448,10
8448,17
8448,11
4943,1
4943,4
4943,15
3574,13
10488,13
10488,4
10488,10
15672,7
15672,13
11555,10
11555,2
11555,4
11290,9
11290,4
1371,6
1371,15
1371,5
6262,4
6262,8
8509,5
8509,14
15189,5
15189,13
15189,14
5167,10
2683,10
2683,14
2683,8
17439,15
17439,4
17439,13
12755,17
12755,9
2519,11
2519,7
2519,9
16965,4
3679,11
7602,1
7602,15
3310,10
9528,17
9528,15
13610,5
13610,3
13936,7
13936,4
10495,5
10495,9
10495,4
15092,6
15092,2
15092,11
10071,16
10071,14
10071,17
10460,1
14762,10
14762,9
14762,1
14613,7
14613,2
10358,14
10358,7
10358,16
11459,4
7169,5
7169,2
4310,7
4310,14
4310,2
5757,11
1955,10
1955,16
2036,15
2036,6
2036,17
11280,14
4688,4
4688,6
661,3
661,16
661,12
2417,16
2417,17
3739,5
8593,8
8593,3
8041,9
8041,15
8041,17
10114,15
10114,1
13227,8
13227,17
3036,2
3036,12
3036,5
11364,8
17467,5
16919,5
16919,10
16919,15
10248,9
17168,14
17168,5
6133,17
6133,12
11185,7
16311,14
12317,1
17863,13
17863,11
15834,15
8984,16
8984,1
9899,3
9899,5
9274,15
9274,10
9274,11
1172,7
3768,4
8309,16
12488,7
12488,14
4108,2
4108,15
9764,11
9764,14
9764,8
18066,14
18066,1
18071,9
14629,15
17869,1
18264,4
18264,12
18264,6
13723,12
13723,11
13723,10
8443,12
8443,10
14878,5
11633,17
7165,8
7165,1
7165,10
9352,4
9352,3
863,2
14150,15
14150,7
14150,14
14547,11
14547,7
3100,3
3100,8
3100,5
16941,9
12535,10
12535,8
12535,15
10512,16
8832,6
8832,10
8832,3
15556,14
15556,15
15556,17
11117,3
4544,16
4544,2
7966,10
7738,11
7738,13
1918,9
1918,14
1918,7
5938,4
17320,4
17320,6
17320,2
7633,5
7633,7
7919,13
7919,8
14497,17
8784,9
8784,7
6438,7
15910,13
15910,17
3395,4
5683,5
11006,1
15399,6
15399,16
11010,10
17004,2
16776,2
16776,1
16776,5
11076,1
11076,9
11076,4
8957,11
8957,7
8957,13
5447,11
5447,3
5447,17
1528,16
7525,17
7525,16
7525,10
13585,13
13585,5
13585,6
4780,1
4780,12
873,5
873,12
4836,2
4836,15
4836,13
15746,2
15746,4
15746,12
6053,6
6053,16
15145,6
15145,8
15145,5
8543,5
8543,14
9456,1
9456,14
9456,7
17003,16
17003,7
17003,17
16194,1
16194,9
10965,3
10965,12
10965,6
12332,13
12332,8
12332,14
6257,7
6257,17
17960,11
17960,6
3883,9
3883,16
3883,12
17515,5
17515,15
17515,12
16524,2
16524,11
16524,10
13426,2
12454,1
12454,9
12454,6
15696,8
15696,6
15696,13
18146,13
16691,11
8726,4
8726,11
12340,1
12340,17
2978,6
2978,9
6906,17
6906,10
6777,15
6777,8
1648,11
1648,14
12496,2
6655,2
6655,13
10805,9
396,9
396,11
396,6
7174,4
123,11
14464,10
13891,2
13891,4
10676,6
17939,14
5729,8
5729,2
14803,16
14803,6
7623,9
7623,14
1910,4
3306,9
3306,16
3306,10
9383,12
9383,1
1116,3
1116,14
1116,4
14874,15
14874,5
14874,14
1781,5
1781,9
16324,17
8116,15
8896,7
8896,15
8896,6
17586,6
4137,15
4137,4
4137,1
15469,15
7915,11
7915,9
7915,14
7885,11
7885,4
7885,5
2387,7
2387,15
2387,12
15435,16
15435,10
5402,4
5402,13
16593,4
12342,7
12342,12
12342,8
17270,9
17270,8
17270,1
11279,9
7083,3
8383,7
8383,11
8383,16
5923,13
5923,17
5923,14
17092,16
2865,9
10480,12
10480,6
1450,1
1450,17
7136,10
7136,14
7136,15
8484,7
8484,4
16984,13
12841,14
12841,1
17446,10
17446,8
17446,15
2949,14
2949,2
2949,13
8609,13
8609,17
8609,7
5310,3
5310,16
5310,10
14059,6
9225,9
9225,14
16566,11
16704,8
16704,3
12567,2
12567,1
12567,7
14324,8
14324,2
4729,16
4729,13
4729,10
11622,14
11622,12
11622,17
3589,5
10590,14
3532,12
3532,14
16734,17
3275,6
3275,12
13175,1
13175,9
13175,12
7445,6
7445,10
10744,13
705,4
705,7
705,2
14142,5
14142,1
14142,4
17811,16
17811,15
17811,9
6644,14
6644,15
13409,12
13409,11
13409,7
588,14
588,17
588,8
8460,17
8460,7
8460,10
12553,6
12553,17
12553,9
12711,6
12711,14
12711,12
13410,14
13410,17
13410,13
15971,6
15971,5
15971,7
12607,15
12607,4
10798,3
15103,13
12088,4
7542,5
7542,11
7290,11
11999,17
639,6
639,10
639,5
1300,14
1300,16
16549,17
16549,8
13054,7
13054,17
1362,3
13652,15
13652,3
18237,3
18237,1
5505,8
5505,11
6130,8
6130,4
6130,12
4123,10
4123,3
4123,7
6849,17
6295,11
15938,4
15938,15
6181,14
12166,5
12166,9
4635,11
4635,16
4635,3
6671,3
6671,16
16977,8
16977,13
16977,2
17007,1
9571,10
9571,2
9571,16
6734,8
6734,12
6734,11
14215,4
14215,10
16266,11
5071,17
5071,9
13125,12
13125,5
13125,7
16607,1
16607,12
10463,13
10463,16
10463,9
16129,4
16658,10
16658,14
16658,1
9184,5
9184,10
9184,16
2165,7
2165,8
2165,9
13768,4
13768,5
508,13
16821,14
16821,16
16821,10
16701,14
7698,9
12239,12
12239,11
10520,9
10520,2
17013,11
17013,9
8149,4
8149,8
8149,6
10254,1
10254,12
4668,14
13824,4
13824,1
13824,6
10176,5
4597,14
4597,6
7478,6
7478,14
7478,4
17212,15
17212,1
15948,4
15948,13
4924,4
4924,13
12826,5
10666,3
10666,1
10666,8
11552,2
11552,10
11552,14
5592,13
5592,6
4317,6
7160,9
7160,10
8145,13
8145,9
8145,10
10703,8
14564,16
6502,4
6502,7
17917,7
17917,6
11444,2
11444,15
14465,11
14465,14
14465,10
3452,10
2671,13
9384,5
9384,14
83,14
83,10
2806,16
2806,5
2806,3
12763,5
12763,13
12763,17
15649,3
15649,5
15649,17
4348,12
4348,1
1711,4
1711,13
2591,7
2591,6
2766,14
11014,9
11014,7
8146,6
8146,11
8146,14
6477,8
6477,15
6477,7
2257,2
867,8
7339,6
7339,12
7339,8
15323,1
15323,12
15323,11
7758,15
8258,5
1389,9
995,16
995,8
8129,9
8129,4
8129,7
918,9
918,14
918,2
8733,5
6087,10
7669,4
57,8
57,10
57,14
10912,13
17833,10
17833,2
1863,4
1863,13
1863,7
17120,6
17120,7
17120,10
13972,2
13972,5
9268,1
9268,2
12062,14
12062,11
12062,16
9344,9
9344,4
9344,3
15524,15
15524,3
15524,10
761,6
761,8
761,7
248,6
9341,7
8349,4
8349,3
8349,15
3879,3
3879,16
3879,9
9289,10
9289,11
9289,6
18060,15
18060,10
18060,12
10778,7
9120,9
9120,7
9120,3
15922,3
15922,9
15922,10
7841,11
7841,9
473,12
14514,6
14514,10
5673,10
5673,12
5673,1
5742,2
5742,14
6609,15
6609,10
9405,12
6750,1
6750,9
2936,3
2936,6
3232,8
3232,1
3232,11
8138,11
8138,8
8138,14
9114,9
7799,3
7799,17
5970,7
5970,11
5970,17
10720,2
10720,13
6953,17
6953,1
13470,4
13470,1
13470,7
7030,4
7030,3
5388,2
17469,13
17469,5
1673,11
15476,4
15476,17
15476,12
18169,1
18169,5
18169,7
14974,1
14974,13
14974,11
3120,2
3120,10
3120,17
14216,7
14216,10
12282,1
5502,9
11929,17
5102,17
5102,14
5102,7
16782,9
10096,1
10096,3
15307,3
17124,16
5941,9
8747,3
8747,13
8747,15
17778,14
17778,17
14673,4
14673,13
14673,6
9250,6
2065,11
2065,15
15937,10
6880,4
6880,2
6880,11
5616,9
5616,17
5616,11
8594,12
8594,10
4540,10
4540,5
4540,8
10413,8
10413,14
10413,7
16595,9
16595,6
16595,10
9435,11
9435,9
6733,11
7196,3
14770,15
14770,2
9810,14
16263,9
16263,7
1254,15
1254,12
1254,14
11017,1
17777,2
12025,6
12025,13
8277,3
8277,17
8277,8
16275,1
16275,7
16275,6
5248,14
5248,13
922,2
922,17
922,13
12446,15
2534,16
2534,7
8196,14
8196,5
11805,1
11805,14
6150,8
15924,2
15924,7
11504,11
11504,7
2965,5
11288,11
11288,9
11288,15
13908,5
13908,7
13908,8
8203,11
8203,17
8203,12
9694,4
9694,6
5646,3
16964,11
16964,2
16964,10
17702,3
17702,8
17702,12
10543,15
12967,13
12967,15
2270,7
2270,17
12072,4
12072,14
12072,2
2642,9
8453,1
8453,6
8453,3
16748,8
16748,11
16748,2
11057,10
11057,14
11100,15
11100,4
11100,6
9967,2
9967,11
9967,12
16505,3
16505,10
5905,4
5905,1
5905,14
3950,15
3950,11
9572,15
9572,1
9572,4
7229,11
11899,2
11899,5
11899,12
10807,13
8810,15
8810,9
9207,13
9207,3
843,12
232,3
232,7
232,13
11042,9
11042,4
6929,2
6929,13
6929,6
8889,8
4312,14
4312,13
4312,1
4941,7
4941,13
4941,17
4293,9
4517,12
4517,9
4517,13
12261,17
12261,13
12261,15
11188,9
11188,16
11188,6
16300,7
806,14
17000,2
17000,8
17000,16
5022,15
6455,17
6455,9
10223,4
10223,9
92,5
12880,12
12880,13
12880,7
12594,8
13640,4
13640,9
13640,16
644,16
10671,17
3530,2
3530,3
10859,7
10859,12
1552,9
9968,13
9968,14
9968,5
10214,10
13432,16
13432,15
4306,16
4306,8
3329,4
13117,1
13117,10
10948,2
10948,6
12784,8
12784,6
12784,7
17032,10
17032,9
17032,3
1896,5
16150,5
16150,4
16150,2
2263,16
2263,4
15292,10
15292,13
15292,6
13116,15
13116,16
470,13
470,12
8401,8
8401,1
8401,3
4328,3
4328,12
16413,4
13343,1
13343,3
5315,16
5315,15
6482,16
6482,1
12277,4
14582,16
14582,6
4715,6
6434,12
11169,4
11169,3
11169,8
1156,13
14221,2
286,17
286,15
7929,2
15879,16
15879,14
15879,2
18075,4
12893,17
12893,4
12893,12
14823,14
14823,16
14823,15
11751,16
11751,3
11751,6
14035,2
4296,13
4296,6
13786,3
10970,7
10970,4
4327,15
4327,9
4327,11
16928,8
3001,17
3001,5
3001,16
4828,3
4828,16
16816,16
5904,9
5904,16
8492,1
8492,3
14062,10
14062,15
4140,6
4140,8
2232,2
2232,3
10142,6
10142,8
10142,16
142,1
142,13
11070,13
6921,11
6921,1
6921,10
11371,13
11371,4
15520,5
15520,15
15520,8
1857,14
1857,15
1857,2
12064,6
12064,14
12296,1
12296,2
758,11
758,3
758,12
16550,5
16550,14
1848,7
1848,8
16456,6
16456,1
3882,17
15749,15
15749,11
15749,16
16028,1
16771,3
16771,6
16771,12
1651,13
1651,5
10653,4
6329,9
3719,9
5723,14
5723,6
13749,1
13749,8
13749,5
10584,9
5996,11
5996,16
8970,2
9224,7
274,14
274,17
274,1
10781,2
10781,13
10781,11
2915,6
4040,10
4040,16
4040,9
13508,3
15233,17
15233,14
15233,15
17935,6
17935,5
17053,14
17809,14
17809,3
17809,11
18191,13
11863,10
11863,8
12098,3
12098,12
13246,13
13246,7
13246,10
1423,10
1423,4
1423,15
17549,7
14922,10
14922,12
8177,4
8177,1
8177,15
11087,14
11087,8
11087,15
15562,13
15562,11
17661,17
17661,2
17661,9
3019,11
1566,16
1566,2
12302,12
12302,8
6298,10
6298,6
3015,1
3015,11
13929,8
1724,5
1724,15
7519,11
9881,11
9881,9
10861,10
14501,7
14501,15
12895,17
12895,2
11074,17
16621,10
16621,3
9324,5
9420,11
9420,4
15461,16
15461,13
15461,6
2920,9
2920,15
10479,8
10479,15
10479,3
10117,2
7586,12
14856,4
14856,8
8164,8
7338,1
7338,17
9733,1
1722,5
1722,16
18024,1
18024,11
18024,3
8828,6
8828,16
8828,12
1298,6
3667,6
3667,1
8749,13
8749,1
8749,2
17001,15
17001,17
17001,11
18068,3
18068,9
6836,17
6836,4
6836,9
17077,3
4606,12
4606,4
15188,8
17417,5
17417,3
17417,4
10387,8
14887,14
14887,3
17483,12
17483,15
17483,3
2680,14
13999,4
8230,13
8230,9
8499,6
8499,11
14663,9
14663,6
14663,10
11533,15
12692,17
12692,7
12692,11
74,12
74,11
74,16
5367,2
8498,12
8498,3
358,17
358,9
358,12
4577,6
4577,5
4577,1
11322,2
11322,13
8411,17
8411,1
8411,5
16165,9
16165,11
9796,11
9796,16
4273,1
9916,15
9916,8
4851,16
4851,8
2175,6
2175,11
2175,17
711,8
11548,6
11548,4
11548,3
10760,3
4375,17
4375,16
17065,12
6563,9
6563,17
6563,6
2338,11
2338,1
2338,6
17069,16
17069,13
17241,6
1685,1
1685,11
11859,8
11859,14
15537,12
15537,13
15537,1
14964,6
14964,9
14964,12
3497,2
17068,8
17068,7
17068,6
15249,15
15249,5
15249,13
14772,14
6132,15
6132,16
6132,4
14691,17
14691,12
14691,7
6859,3
6859,16
6859,10
17981,13
17757,7
4935,2
4935,15
4935,16
425,7
425,6
10902,1
9118,2
9118,16
9118,13
11992,9
10501,17
10501,4
10501,2
15818,13
15818,6
15818,17
14250,5
13149,7
13149,5
13149,3
15395,5
16314,1
16314,14
16314,6
16900,13
9423,13
9423,9
9423,16
3887,2
3887,16
3887,1
15855,2
15855,13
12731,16
12350,9
3940,9
3940,6
10754,10
15106,4
17071,14
7843,17
5883,12
2104,3
2860,3
2860,14
2860,17
3216,15
3216,3
6963,11
6963,3
6963,10
860,6
2535,11
2535,3
2535,8
15374,10
15374,8
7974,12
7974,2
13543,6
16695,13
13584,6
13584,10
6101,2
6101,5
10768,7
10768,15
11988,5
9544,9
17269,6
17269,1
17269,13
8505,11
8505,4
8505,17
11572,2
11572,11
2912,13
7927,2
11832,5
11832,16
14545,3
14545,17
14545,13
13067,10
13067,13
13067,17
8391,2
8391,16
4996,15
4996,3
5124,11
5124,8
4419,6
2643,12
2643,4
10111,15
10111,4
3653,15
3653,3
3653,13
11167,11
11167,17
11167,9
8623,3
8623,17
8623,12
3747,13
3747,7
3747,3
8260,8
10777,13
10777,4
10777,7
14305,2
14305,12
8313,10
8313,5
8313,16
5693,6
5693,9
5693,11
3535,1
3535,6
3535,12
11184,17
11184,1
12123,3
12123,15
6599,8
8302,8
8302,1
8302,6
11916,1
11916,12
14855,4
8426,3
17038,10
17038,1
17038,8
15620,17
15130,9
8578,3
8578,8
11795,7
11795,4
11795,14
4090,17
4090,4
10206,8
12640,6
12640,11
16703,13
16703,8
4571,2
4571,16
17589,12
3651,16
3651,7
6797,11
6797,5
13676,4
13676,9
16054,12
16054,17
2987,17
2987,14
14552,8
14552,14
14552,9
6404,13
6404,12
12298,5
12298,4
8111,14
8111,2
2316,8
2316,1
1226,15
1226,9
1226,8
17082,13
17082,17
2696,4
3522,2
3522,12
14348,3
14348,6
14348,7
14556,5
14556,4
15812,12
15812,16
15812,2
8220,15
1818,1
1818,4
1818,16
170,13
170,2
316,4
11409,6
11409,5
14229,1
16982,6
16982,5
16982,15
16122,16
16122,2
16122,9
1334,11
1334,1
2857,16
2857,14
2857,3
6403,2
6403,17
6403,9
4152,1
4152,14
4152,16
4792,15
426,4
17408,4
17408,6
17408,15
999,16
999,12
999,13
3307,9
3307,3
3307,7
7127,17
7127,4
1687,17
1687,4
1687,1
2564,2
2564,14
221,6
221,1
2925,14
2925,5
17642,7
17642,13
17642,3
937,7
937,2
17237,3
4195,6
4195,7
4195,5
4981,15
4981,17
4981,4
12183,17
12183,10
16715,1
16715,4
16715,6
5887,16
5887,14
9652,16
9652,7
5393,5
5393,7
5393,8
1436,5
1436,11
1436,16
14569,13
16528,9
16528,14
15068,3
10603,9
10603,13
13338,10
69,6
69,3
69,5
827,14
827,3
6314,13
6314,3
373,14
373,3
13040,7
13040,9
13040,11
180,4
180,6
9839,12
9839,4
9839,9
9155,3
18041,15
18041,11
8546,15
10253,10
3428,8
3317,14
3317,3
7144,14
7144,11
7144,2
12814,11
8692,3
8692,16
4805,7
4805,14
4805,13
6229,5
6229,10
9003,16
9003,13
13859,6
13859,12
13859,8
9944,10
9944,3
1337,12
1337,3
3608,14
3608,9
14494,1
14494,8
4624,2
16601,16
4259,3
4259,5
3509,8
3509,2
3509,16
11190,4
11190,9
2181,2
2181,12
10864,8
10864,3
2370,6
2370,8
2370,17
11931,4
11931,7
3166,11
3166,4
5885,11
5885,17
5885,5
3262,14
3262,2
1327,15
1327,11
7408,17
3122,2
4853,9
1915,4
17684,9
17684,16
1282,9
1282,14
1282,2
13315,8
13315,1
13315,3
7956,10
7956,1
9031,2
15804,7
11939,13
3732,16
3732,17
3732,7
3655,16
1692,6
1692,14
1692,5
10347,17
10347,9
10347,14
16439,7
16439,6
1469,1
7992,3
7992,10
7992,1
16690,7
15131,14
15131,16
10462,12
10462,9
8425,9
8425,13
8425,4
2509,7
2509,9
2509,6
5971,10
5971,13
12483,14
12483,17
6938,10
6938,12
14536,11
14536,12
19,6
12737,16
12737,4
2326,3
2326,6
9840,1
9840,11
6212,13
6630,1
6630,13
13774,1
13774,4
12847,11
5903,4
5903,5
5903,17
15255,16
15255,10
9524,12
9524,13
9524,7
2189,8
2189,3
2189,1
7199,14
7199,8
7199,3
1112,11
1112,16
1112,7
12368,6
12368,8
3393,1
3393,12
888,12
888,11
15552,9
9029,4
9029,2
5095,9
4245,2
4245,1
6716,3
6716,16
6716,7
12146,9
12146,10
12146,5
3467,10
3467,5
4111,10
4111,16
14627,1
692,5
3483,6
3483,7
17660,4
4385,2
4385,1
4385,5
5537,12
16365,7
16365,5
16365,12
12780,17
12780,6
12780,13
17420,3
7421,6
5085,12
9599,1
5229,16
5229,6
9696,1
9696,8
9696,5
10775,9
6115,13
6115,14
5960,16
5960,13
8525,6
8525,7
8525,9
13134,17
6003,12
6003,13
6003,1
16779,1
16779,3
16779,8
13604,15
13604,16
13604,2
13480,11
16236,10
7162,8
11283,11
11283,15
15437,7
15437,6
17630,17
17630,13
7938,13
7938,4
831,1
831,9
1169,11
1169,15
1169,16
7948,9
7948,1
17300,2
17300,4
17300,11
11817,8
11817,14
11817,11
16683,9
16683,7
16683,17
7768,4
11261,14
11261,12
13693,5
1774,10
1774,13
2941,4
2941,7
2941,6
17127,15
17127,5
17127,9
5689,3
5689,17
7265,3
2782,4
2782,6
10664,4
17714,10
17714,11
10426,9
10826,6
10826,14
450,9
450,12
3949,10
4166,1
2345,11
11685,11
11685,9
1266,8
1266,12
9664,9
9664,11
9664,13
7679,4
7679,11
14238,9
14238,3
14238,16
5620,13
5620,15
5620,12
7135,4
11485,3
11485,16
9270,9
9270,4
13302,14
13302,13
13302,3
4015,12
4015,15
4015,2
16578,13
6837,13
11700,17
12927,11
7120,4
7120,5
16495,3
16495,14
5032,4
5032,10
11034,12
11034,10
11772,12
11772,2
2250,15
16436,8
16436,12
16436,3
16463,16
16463,6
2822,10
8386,6
8386,10
10900,17
10900,5
9022,9
5988,12
5988,17
7582,8
7582,11
7582,9
14909,17
14909,14
11550,9
11550,17
11550,11
17307,17
17307,6
17307,11
17123,11
17123,5
17123,16
1886,6
1886,4
1886,5
2927,6
2927,11
2927,10
16651,17
16651,2
4506,14
4506,9
13740,5
13740,9
2138,3
13013,12
16178,16
16178,13
16178,7
14680,11
14680,9
14680,3
3601,12
3601,14
10715,3
8410,4
15800,13
15800,2
13096,7
6565,12
13132,12
13132,3
12712,6
12712,2
9929,12
9929,6
15251,5
3242,15
3242,16
1289,12
7099,8
7099,6
7099,3
15129,7
3699,15
3699,7
3699,5
10890,2
10890,1
10890,13
17654,5
17654,7
17654,2
1505,17
1505,14
8350,12
8350,13
8350,7
12764,16
12764,17
13925,3
13925,16
13925,2
17231,9
17231,3
17231,14
707,4
12292,4
12292,5
12292,6
10555,6
10555,11
10555,14
9686,4
9686,10
9686,3
3808,10
3808,6
3808,3
7211,11
5932,4
5932,17
15547,10
15547,16
6080,7
10382,16
10382,3
10382,13
17989,5
17989,10
17989,8
7875,13
7875,8
18047,1
18047,4
18047,15
105,8
105,11
105,5
8507,16
8507,2
10600,17
6270,3
6270,17
5698,7
1232,7
1232,17
1232,9
961,5
961,6
9121,6
10428,16
10428,12
10428,15
3683,15
3683,9
3683,2
8995,13
8995,15
8995,16
15911,8
15911,7
15911,4
11450,17
11450,5
11450,16
7867,15
7867,10
6902,2
6902,15
6902,17
4199,1
4199,14
17631,2
17631,11
16916,17
16916,2
1037,15
1037,6
1037,5
1416,13
1416,3
15433,9
15433,6
15433,3
8404,9
8404,12
17536,12
17536,10
6189,7
13860,5
13860,15
15538,12
13980,11
12687,9
12687,13
3005,3
3005,6
3005,10
15643,17
15643,7
12421,14
12421,2
12421,5
8540,12
963,7
963,17
963,5
14982,17
14982,3
14982,5
7410,9
11391,1
11391,3
11391,12
2100,13
5700,16
5700,10
1983,2
1983,9
1983,4
11379,13
11379,16
8883,3
8883,8
8883,16
15964,15
15964,12
9647,15
9647,9
80,15
3243,5
3243,15
1155,7
3958,15
3958,3
3958,13
12503,2
7629,2
3180,10
3180,9
3037,12
3037,10
3037,1
2728,14
2728,15
5973,14
14604,10
14604,13
4343,2
903,4
15086,5
15086,11
15086,6
14340,14
14340,2
13882,7
13882,8
9908,17
9908,8
9908,6
13434,14
13751,16
4184,2
4184,10
4315,6
8328,8
8328,16
1117,17
1117,9
1117,6
4470,1
4470,8
4470,12
17036,9
17036,12
3072,10
5352,6
15578,11
15578,16
15578,1
10497,6
2572,11
2572,12
2572,16
4516,8
4516,5
4516,9
10326,11
14018,5
14018,11
14018,4
10736,8
14689,13
14589,7
14589,10
2419,10
2419,3
2419,6
17042,5
13530,9
13530,2
13530,8
8959,13
8959,11
8959,17
5556,9
7274,4
7274,14
4050,7
4050,4
18215,10
18215,14
402,3
402,7
13123,3
13123,16
13123,5
15521,13
15521,1
15521,16
3553,14
18230,12
18230,10
6650,8
11982,15
11982,12
11982,7
4812,2
4812,14
4812,17
699,13
699,6
6214,11
6214,8
3225,1
2382,2
6207,6
6207,16
6207,5
3586,1
3586,15
3586,16
3539,8
13820,8
13820,12
3801,13
5953,3
5953,13
7032,12
7032,10
7032,3
533,11
1772,11
1772,8
1772,17
17416,15
3331,17
3331,4
7385,16
7385,14
2393,8
2393,12
622,3
6461,15
6461,3
7559,11
11267,16
11267,8
11267,5
9094,8
5598,8
5598,10
10016,14
10016,6
9504,10
9504,17
6856,14
6856,8
6856,13
1852,3
16396,3
10363,14
15977,10
15977,1
2730,13
2730,7
8043,7
4949,14
4949,13
4949,5
16076,15
16076,6
14488,5
9095,9
3412,14
3412,16
3412,15
10966,9
14750,3
14750,15
2103,6
2103,16
15352,3
15288,9
15288,15
15288,1
6790,3
11408,6
11408,5
7608,15
7608,10
7608,2
1324,1
1324,14
10733,15
10733,3
10733,2
16264,16
16264,17
16264,8
3684,4
3684,12
3766,15
3766,14
4675,13
4675,16
3235,15
16011,5
3436,3
3436,16
2823,7
2823,13
2823,17
8590,16
8590,4
17384,4
17384,9
17384,1
8105,7
8105,12
8105,14
15102,5
15102,10
15102,4
6049,7
16787,15
16787,14
16787,1
11513,10
11513,7
11513,1
688,11
16755,6
16755,2
7086,2
7086,4
11944,4
11944,6
11944,11
1198,4
1198,6
1198,16
8365,8
4695,8
4695,6
7962,9
7962,13
7962,7
17471,14
17471,6
17471,10
8841,6
8841,10
8841,7
15998,10
15998,14
990,9
990,7
14146,8
14146,5
14146,2
573,17
16870,11
16870,14
6224,14
6224,6
15045,14
15045,2
12654,1
12654,16
12654,12
15766,11
15796,14
2652,8
988,17
2114,15
768,7
768,17
16380,4
16380,8
16380,17
10679,5
10679,13
14214,11
9488,5
9488,8
765,2
765,1
4158,4
7317,6
7317,16
8272,4
9801,5
1914,1
2201,14
9834,15
5686,13
5686,3
12242,2
12242,10
12242,1
8406,2
8406,1
5376,10
5376,16
4403,13
8735,9
13001,7
13001,6
4133,1
4133,17
4871,13
4871,6
5990,6
1526,16
1526,6
138,13
3576,16
3576,4
3576,2
3725,11
3725,10
14915,17
14915,4
3568,8
5084,14
5084,15
9785,11
9785,16
16214,16
4036,9
4036,2
4036,16
13037,3
13955,8
13955,17
6552,12
6552,7
50,15
1454,15
1454,6
1454,10
1126,4
1126,5
17511,14
17511,10
17511,17
9952,16
881,3
881,6
881,12
4951,9
4951,10
4951,11
6822,15
8748,7
759,12
17257,5
17257,10
5261,9
5261,7
5261,15
6373,7
6373,8
6373,4
1162,3
1162,2
1162,17
14920,10
14920,7
14920,16
410,4
410,2
11544,8
13586,7
9962,8
789,6
6033,4
6033,13
132,4
9321,1
9321,10
14764,8
12192,7
17236,2
17236,9
17236,13
2553,1
13797,13
14392,12
14392,3
5353,9
5353,3
3744,11
13975,8
13975,10
13975,3
3340,13
3174,13
10084,4
10084,2
10084,1
14266,17
5238,16
5238,5
8980,10
8980,15
428,13
1856,9
1856,15
1856,4
3979,9
17009,10
17009,5
17009,14
3675,2
3675,13
7718,10
7718,5
7718,13
15026,10
15026,11
15026,17
2711,8
2711,16
2711,4
17520,12
12734,3
12734,12
15387,10
4235,11
4235,4
4235,17
12443,10
12443,1
13403,8
5436,7
5037,10
5037,11
14634,7
16477,9
16477,16
16477,1
14995,4
14995,13
14729,12
14729,13
14729,5
12426,5
12426,7
8621,13
17073,11
17073,2
17073,4
13796,7
13796,2
17347,11
17347,9
1701,5
1701,14
1701,3
1606,13
1606,10
1814,11
1814,4
3521,4
3521,7
3521,13
10892,15
6974,7
6974,6
6974,5
12171,2
3554,13
3554,9
3554,14
13429,10
13429,8
15239,3
15239,4
15239,9
5221,4
5221,10
5221,13
3591,12
3591,8
3591,2
7400,1
1611,12
1611,3
1611,2
10124,11
10124,6
7706,1
10451,17
333,16
10273,4
10273,16
10273,14
13110,1
10701,11
10701,17
4127,11
4127,12
17192,2
9681,14
9711,10
12428,3
12428,4
6215,17
6215,5
6215,16
14166,14
715,10
715,11
715,7
10971,7
10971,15
10971,10
16349,14
4602,10
4602,16
4602,8
12035,7
9060,9
1238,12
1238,15
16468,5
16468,3
10498,5
10498,13
10498,4
11608,14
11608,11
11608,13
98,5
98,6
98,2
1802,8
1802,5
2353,10
2426,12
1562,4
14439,3
14439,10
6934,9
6934,2
3030,11
3030,2
90,11
90,10
11570,17
11570,15
11570,12
4169,3
4169,13
4169,16
5846,4
5846,15
5846,7
30,11
30,12
30,14
106,4
106,5
17945,16
17945,4
17945,2
9974,13
9974,17
3298,6
3298,3
2789,1
2789,10
11553,3
11553,15
5658,9
5658,13
3919,14
11274,8
11274,6
11274,4
17276,10
17276,2
2486,6
2486,9
489,1
17281,16
17281,8
17281,12
5798,16
5798,14
306,1
17644,11
9885,1
9885,2
9885,4
6668,8
6668,10
15161,9
15161,13
14719,14
15356,14
15356,16
15356,3
4101,6
16106,5
15635,17
17060,5
17060,9
7644,4
7644,15
9020,9
2171,12
2171,10
185,10
4938,13
4938,5
777,10
1756,1
6200,13
15359,10
15359,5
4601,15
285,13
10362,4
10362,1
10362,13
2240,5
2240,9
9016,14
264,15
14817,5
14817,14
14817,7
6755,14
6755,17
17872,16
17872,4
15730,4
15730,5
15730,6
13283,17
13283,7
13283,3
2386,5
2386,6
7025,6
7025,2
7025,10
4813,1
8939,14
8939,10
8939,3
2247,5
2247,9
2247,17
15367,14
15566,9
15566,1
15566,14
2988,6
2988,7
13634,8
13634,4
13634,1
9219,11
9219,3
5814,14
5814,12
5814,1
16309,3
16309,12
16309,1
4936,2
4936,13
16804,16
5547,10
5547,7
15753,16
15753,10
15871,12
15871,10
13115,10
13115,1
8517,11
8517,9
8517,6
519,7
6019,6
6019,7
7254,6
4171,1
4171,3
9138,3
16642,17
16642,8
13840,17
13840,16
6198,13
265,15
265,13
3385,1
3385,9
1359,5
1359,12
1359,14
1580,2
1580,8
4939,16
4939,13
4939,9
7798,7
7798,2
18190,14
18190,10
18190,7
8643,15
14426,13
14426,15
14426,11
14244,3
14244,16
14244,4
9826,6
8626,14
4379,9
4379,15
15248,9
15533,6
15533,7
15533,17
8359,3
8359,12
17242,10
9189,10
10678,12
10678,17
10678,9
12431,5
12431,17
12979,15
12979,4
8945,11
8945,9
8945,6
14474,1
14474,6
14474,5
5302,4
5302,3
10504,6
5824,17
5824,7
5824,13
8400,9
8400,4
8400,3
5645,7
5645,6
5645,1
10180,17
931,17
11312,17
11312,8
14678,7
4707,3
4707,13
4280,3
4280,17
4280,5
11088,12
11088,10
9238,1
9238,17
9238,16
11841,9
9448,13
9448,15
9448,2
11874,16
11874,1
12108,13
8377,4
8377,2
8377,11
8303,8
8303,15
9866,9
15936,14
15936,8
16682,11
16682,5
6724,6
12081,16
11342,16
16869,11
16869,12
11061,6
3313,1
3313,17
15163,7
4391,1
4391,5
571,17
9391,9
9391,12
13661,6
6142,7
6142,8
6667,12
6667,13
17167,10
17167,2
631,10
11860,10
11860,12
67,3
67,2
7899,16
18116,14
18116,15
14347,12
14347,16
12644,4
10443,4
10443,14
15125,14
17061,6
12509,9
16473,16
16473,9
16012,8
756,5
756,1
756,13
949,10
949,13
377,13
10868,7
10868,5
10868,2
13428,10
13428,1
13428,3
3353,10
3353,6
11302,5
14224,1
14224,7
7493,14
9628,4
9628,9
10748,9
13883,15
25,3
1578,8
13012,8
15109,14
15109,4
1363,15
10431,16
11124,10
11124,15
11124,1
17502,8
17502,11
17039,1
17039,2
17039,6
16793,12
16793,17
16793,10
11897,9
7575,11
7575,5
15813,17
1925,16
1925,13
1925,15
17232,16
17232,4
13406,11
13406,2
13406,14
15612,5
15736,8
15736,14
15736,3
6416,4
9574,17
9574,12
9574,14
13852,14
10718,2
12912,17
12912,16
9180,10
9180,7
1938,10
1938,7
1938,17
15338,9
18134,3
18134,9
1825,5
1825,9
8167,16
8167,1
4433,13
4433,12
4433,9
11250,2
11250,11
11250,6
13130,1
13130,9
5291,9
8853,11
8853,3
7947,17
11147,10
11147,7
11147,12
3244,6
3244,10
3244,13
5338,10
5338,9
5338,16
328,16
328,14
328,15
7749,3
7749,14
7749,5
3563,2
3563,13
3563,9
18080,2
18080,15
18080,5
9531,7
9531,3
9531,15
3697,13
13241,1
13241,11
13241,6
2436,12
2436,11
2436,5
5780,15
5780,8
10225,9
10225,2
10225,17
2543,14
2543,9
5567,15
11256,4
4227,2
4227,9
4227,1
2871,8
7676,4
7676,1
122,10
122,14
482,3
482,5
6168,3
13393,14
13393,6
13393,17
8891,10
8891,6
8891,16
10489,15
10489,16
13167,9
13167,5
13167,1
16907,2
16907,5
16907,16
5890,6
5890,12
1758,1
1758,16
1758,14
10264,8
10264,4
10264,17
8644,15
11246,17
6383,16
15137,1
15137,3
11522,5
18183,7
2506,3
2506,1
2506,14
2459,14
9997,1
14270,13
14270,11
14270,2
9221,2
9221,1
17537,7
17537,5
17537,13
16338,17
16338,12
16338,9
18120,14
18120,2
18120,7
635,2
635,8
635,5
18085,16
18085,5
18085,17
8942,1
8942,3
12533,14
4370,9
16599,3
16599,5
16599,15
5168,15
5168,11
5168,3
16027,14
16027,2
16027,17
7942,16
14240,2
14240,5
14240,16
17457,15
17457,11
12500,9
12500,10
12500,15
17455,6
17455,3
17455,4
1773,3
1773,6
1773,17
12218,6
12218,7
12306,7
12306,2
12306,8
17328,15
10851,17
16141,4
6844,8
6844,15
6844,11
15684,17
15684,7
6720,1
6720,15
12665,4
12665,2
12547,14
12547,15
12547,7
93,7
93,1
18092,4
18092,14
18092,13
2064,4
2064,2
2064,16
13045,15
13045,11
13045,12
9106,1
4231,13
3007,15
3007,7
9441,3
9441,12
9862,10
9862,1
17228,5
691,6
12530,8
12530,1
14374,14
13735,15
13735,5
13735,1
2599,7
2599,4
5792,13
5792,3
11947,14
11947,12
11947,5
14504,7
12934,14
12934,7
12934,10
6944,3
6944,14
5555,6
11398,11
11398,7
12798,13
1617,12
17508,4
4647,7
4647,17
4647,2
54,12
54,14
5799,8
5799,7
2666,3
2666,11
17210,17
9402,17
9402,4
10651,13
16501,2
8397,8
8397,13
6388,4
6388,10
6388,6
16489,9
15862,6
15862,1
2277,17
8083,12
8083,8
8083,4
3623,12
5317,5
5317,17
9911,10
9911,12
4497,5
4497,12
4497,10
12130,3
12130,8
16544,12
18168,10
18168,11
18168,9
8483,13
12060,8
842,15
842,14
842,13
16812,11
16812,4
16812,13
11033,11
11033,6
1434,7
15020,9
15020,4
16387,8
13294,10
14089,8
14089,15
16605,8
16605,6
16605,15
2320,1
2320,6
2320,12
4940,7
4940,9
4940,8
7287,3
7287,5
11477,8
10925,1
10925,10
12003,17
12003,5
12003,15
2979,14
2979,4
2979,6
18011,3
8776,10
12514,6
13346,9
13346,6
13346,15
2629,5
9315,12
12661,3
12661,5
12661,9
10415,3
1754,1
1754,4
1754,2
17584,12
17584,11
17584,15
7705,8
7705,15
7163,2
7163,9
7163,12
17196,15
12599,14
6487,7
6487,4
6487,12
5375,3
16208,8
16026,10
16026,5
16026,16
6106,6
6106,15
13118,16
13118,13
1372,17
13399,3
8716,3
14468,15
14468,7
14468,9
1805,6
9829,11
9829,14
9829,5
5847,17
733,6
733,16
733,13
5518,13
5518,6
5518,2
7375,6
7375,14
7375,16
10734,4
4785,9
4785,1
4785,10
3042,13
3042,17
9495,17
4507,17
4507,13
4507,16
2336,1
17377,6
17377,12
13109,7
13109,16
10445,3
10445,14
10445,6
18253,8
18253,6
6760,16
6760,11
7113,16
14511,11
13200,16
17882,13
17882,15
15449,4
15449,11
36,14
13153,6
13153,8
13153,17
15656,1
17808,5
17808,14
17808,3
17079,9
17079,10
17079,14
12237,9
12237,12
17337,15
6527,9
6659,10
6659,14
5639,7
5639,14
14422,10
8462,8
8462,12
15456,1
15456,15
10977,4
18259,7
18259,17
18259,1
14576,6
14576,2
4067,16
14060,2
14060,8
17266,3
17266,6
16252,12
7527,13
7527,3
10774,5
10774,15
11878,3
11878,2
11878,10
4498,6
10210,11
6266,12
6266,17
6266,16
15564,4
12969,10
4495,16
4495,10
12211,3
1087,4
1087,12
1087,10
10314,8
10314,11
10314,16
16033,7
16033,6
2061,14
14072,13
14072,11
14072,6
16327,2
16327,17
18206,10
15987,17
15987,9
14226,8
14226,7
14508,3
14508,4
14508,8
10212,5
5873,16
13490,13
7846,11
7846,9
16341,10
16341,15
16341,16
8605,12
8605,6
8972,1
8485,9
8485,14
8485,16
10821,16
10821,5
10821,14
7209,15
4359,3
5365,14
8026,5
1751,15
1751,11
1751,3
7641,17
7641,6
7641,11
14030,12
14030,13
14030,11
8285,14
8285,5
8285,8
4694,16
4694,2
4694,15
12287,1
12287,12
5488,8
5488,17
5488,9
17465,17
17465,4
7925,15
7925,6
16124,11
16124,10
16124,9
7648,6
7648,2
7648,4
1703,10
9925,13
9925,17
9925,11
4065,4
15769,16
15769,17
18148,16
18148,17
1530,4
1530,6
1530,2
10586,12
10586,13
10586,11
6428,11
6428,3
6428,6
14751,15
14751,6
16190,4
16190,10
5717,9
5717,7
5717,12
15573,16
15573,8
3194,15
3194,5
8330,12
8330,11
8330,2
11991,15
11991,3
8888,8
16447,6
5146,14
5146,3
12714,9
2704,1
2704,4
15097,13
15097,14
15097,12
14390,9
11562,14
11562,15
3350,9
3350,15
3350,16
446,12
446,5
446,1
14880,14
14880,3
14880,9
17035,5
17035,15
17035,13
4969,9
4969,13
13307,10
13307,5
10136,15
10136,12
10136,13
2076,10
2076,2
2076,1
15712,17
15712,9
6037,10
6037,14
6037,3
4342,1
4342,5
4342,2
4526,5
17406,15
8342,1
8342,9
9907,10
9907,4
1599,6
1599,3
4595,7
4595,10
4595,11
14549,3
14549,12
14549,5
18203,7
18203,6
18203,8
1182,10
1182,5
471,7
5332,9
5332,3
3140,1
18006,15
13288,10
3366,11
3566,10
3566,1
6375,9
3343,1
3273,14
3273,15
2764,1
2107,14
2107,15
13430,2
13430,6
13430,15
1619,4
1619,16
73,4
73,12
73,6
12963,10
12963,16
12963,15
11249,11
11249,12
11249,4
7945,9
7945,10
7945,16
1081,15
16414,11
16414,15
16414,4
9007,17
14506,10
14506,9
569,7
18033,13
11130,17
17708,17
17708,1
17708,4
6752,6
18099,1
18099,12
18099,16
11718,15
11718,11
12932,9
12932,2
13950,12
13950,7
13950,4
8684,1
8684,11
8684,16
13320,13
72,3
72,12
2792,4
2792,15
16176,14
1297,13
6104,4
5066,4
5066,14
5066,11
6896,16
6896,10
6896,5
11199,6
11199,2
11199,15
3668,5
3668,12
2169,1
2169,5
17222,17
5989,13
5989,6
6970,15
7409,11
7409,6
7409,8
347,13
14583,6
14583,13
3365,15
3365,10
9368,7
7757,13
7757,9
7757,15
10961,9
10961,14
10961,11
11457,13
11457,17
17458,7
17458,8
17458,12
5692,17
5692,11
5692,14
14914,4
14914,11
14914,2
12097,17
12097,2
12097,4
4178,13
7164,6
7164,3
7164,10
15386,7
15386,1
15386,6
15193,11
15193,12
15193,10
8913,6
8913,4
16394,5
16394,12
5232,16
5232,2
9346,4
4823,7
6687,11
6687,12
6687,2
7893,17
7893,11
7893,7
5949,6
5949,15
5949,9
6788,14
6788,3
6788,5
17768,8
17768,17
17768,13
15005,9
10887,5
10887,14
10887,10
16813,11
16813,5
11139,16
11354,2
11354,7
11354,16
7516,12
7516,4
13250,3
13250,15
13250,2
15864,11
15864,9
15864,6
4722,1
4722,6
4722,10
7307,13
9302,2
6890,4
14016,7
996,15
996,11
996,2
16617,7
16617,15
12402,6
12402,8
8673,12
10478,6
10478,16
10478,10
10982,13
17858,14
17858,5
16886,17
3112,11
3112,8
650,16
650,10
11359,16
11359,4
11359,9
6603,10
6603,1
5665,7
1539,7
1539,2
1539,16
6998,3
8261,15
1057,4
14893,16
14893,13
14893,9
3175,13
3175,11
3175,14
10207,9
10207,1
10207,3
9989,1
9989,12
9989,16
2852,11
2852,2
2852,17
5300,5
2891,4
13285,4
13285,10
13285,5
2186,8
10423,17
10423,1
3421,7
3421,14
4803,15
4803,4
14973,4
7539,1
9523,14
126,11
126,17
126,8
9743,13
9743,16
9743,3
6335,6
6335,11
7855,12
12790,7
12790,1
13764,9
13764,7
5176,17
5176,6
5176,5
8073,14
8073,9
8073,6
15950,8
12249,16
12249,11
12249,3
5796,2
15350,1
15350,9
15350,15
1291,14
1291,3
1291,7
4931,4
4931,10
12613,12
12613,3
12464,1
12417,12
12417,15
8198,10
8198,6
7833,3
7833,4
4864,15
4864,5
4864,7
486,8
15972,13
15972,7
14527,7
11785,10
11785,3
11785,17
13621,11
13621,14
9264,11
13484,12
13484,4
13484,10
15194,8
8720,1
8720,13
8720,10
12151,3
12151,7
13629,14
13629,16
13629,6
2928,9
2928,15
5076,10
2003,14
2003,1
2003,2
8135,16
10061,12
10061,1
10061,7
7943,17
7943,7
2373,5
2373,1
2373,6
17475,2
17475,14
13520,15
7823,8
7823,7
7823,12
4124,8
11971,2
11971,12
9985,16
9985,15
12916,3
14257,4
14727,12
14727,8
14727,13
10092,1
10092,14
3274,7
3274,11
15053,9
15053,6
11323,8
11323,9
11740,16
11740,6
11740,15
11764,6
11764,5
11106,2
13488,3
13488,1
13488,6
11113,13
11113,17
11113,2
2675,5
17160,16
17160,5
6691,5
6691,12
14879,16
14301,15
14301,12
10901,5
1904,16
1904,10
1904,6
11796,16
5967,7
16672,12
16672,7
1082,5
1082,10
1082,1
5067,14
5067,12
5067,2
12223,14
12223,8
12223,12
6278,7
6278,5
15354,13
10955,13
10955,2
10955,17
2908,13
2908,9
11930,12
11930,9
742,9
742,15
742,7
10324,2
10324,7
10324,11
3895,15
3895,14
3895,13
3769,10
10599,8
18207,10
17830,15
511,15
3191,15
3191,16
3191,13
12012,13
1512,8
2527,15
5663,7
5663,4
18101,12
18101,9
15973,1
10450,15
10607,13
10607,5
10607,7
11205,3
6123,6
6123,7
6123,8
16265,12
16265,17
3806,2
11823,7
7510,6
7510,15
7510,11
5212,11
4797,2
7377,7
15208,10
15208,3
15208,4
9538,6
9538,13
9538,9
12898,1
12898,11
12898,6
3185,7
3185,9
5407,9
5407,12
8622,9
10262,2
17653,6
17653,8
4452,3
4452,4
4452,13
2544,9
16382,11
16382,3
10509,3
2984,12
2984,14
2984,2
5487,14
5487,3
11903,8
11903,14
2020,4
2502,7
7607,9
7607,2
2032,8
14444,8
6175,7
6175,5
6175,15
4623,6
4623,13
4623,5
9676,16
9676,7
9676,4
10872,13
10872,16
10872,11
5359,2
5359,7
5359,10
18056,2
18056,1
18056,17
8171,7
15708,10
15708,13
15708,12
17272,15
17272,16
10643,2
10643,4
10643,10
3388,7
539,5
539,4
13212,4
13212,17
1958,14
386,16
386,12
7452,12
7452,13
256,17
256,6
256,4
9870,5
9870,6
4208,15
4208,11
11912,11
11912,10
11912,6
11309,5
11309,14
11309,15
5412,4
5412,12
5412,1
15450,1
15450,5
15450,3
16398,17
16398,13
13195,16
13195,2
12621,17
12621,3
12621,4
11363,12
16249,2
16249,7
16249,5
9072,9
9072,12
9072,7
16700,4
11120,5
11120,7
12007,17
1210,2
1210,1
1210,4
17902,5
13141,6
10175,13
10175,4
11970,4
11970,2
14280,13
14280,3
14280,15
4890,2
4890,4
4890,13
15376,10
15376,3
15376,6
17428,2
17428,11
17428,10
4746,6
8089,12
8089,7
4994,16
4994,11
4994,6
10897,1
10897,14
8211,2
8211,4
7141,5
5532,13
2097,15
2097,17
13487,12
14812,2
8325,6
8325,16
15989,1
15989,2
15989,10
11941,8
11941,17
11941,2
13192,15
13192,13
4643,12
12710,5
313,5
313,8
313,4
9799,4
9799,5
9799,11
1154,3
5295,1
5295,6
13918,11
13918,7
15634,12
15634,4
15634,8
13558,4
13357,11
13357,7
13357,10
17592,4
17592,12
15690,14
11621,3
11621,11
11621,16
7552,17
829,1
829,12
829,5
6164,15
6164,11
414,7
17688,10
14314,13
14314,10
3511,17
18051,13
18051,8
11515,1
11515,4
11515,7
4509,4
4509,7
4509,17
10612,5
5135,3
5135,15
5135,13
7238,17
6968,12
15527,1
15527,9
17613,4
14325,8
6555,11
630,5
5721,16
9573,16
9573,2
9573,13
1358,3
15296,4
15296,8
4344,7
4344,6
4344,10
1603,2
1603,10
1603,14
12253,6
15011,2
15011,10
15011,3
10852,1
10852,13
13440,10
13440,15
13440,17
7476,12
7476,9
8134,13
8134,12
8134,15
11406,8
11406,3
11406,10
457,4
457,16
17663,5
17663,11
7826,14
7826,16
7826,15
12267,17
12267,8
9800,14
9800,17
9800,12
15849,2
6002,1
6002,10
3424,15
3424,3
3424,9
13102,11
13102,14
12909,5
16571,9
15645,2
17091,17
17091,8
13885,17
13885,16
13885,3
7168,2
7168,6
7168,15
516,1
516,14
778,11
12385,6
16656,7
16121,1
12588,15
16660,7
7281,6
7281,7
18219,15
18219,8
18219,12
930,5
15388,10
1333,9
1333,2
1333,5
3677,5
15601,14
15601,13
8930,4
12891,5
12891,13
12891,14
8317,14
8317,17
8317,3
10171,15
10171,2
10171,1
3914,14
3914,16
4474,4
4474,17
11129,1
11129,7
11591,5
11591,14
11591,3
18074,3
18074,9
11799,8
11799,4
4972,12
4972,9
4972,8
11206,11
11206,14
11206,17
8764,7
8764,15
10250,13
10250,17
10250,5
4857,3
4857,8
4857,2
6465,16
6465,10
10581,12
2173,3
15477,9
11807,17
11807,4
11807,12
6595,15
6595,14
4006,11
11771,2
11771,6
11771,8
8296,13
8296,12
8296,5
7601,11
15783,7
15783,13
15783,2
15321,17
15321,14
13210,3
13210,1
1614,4
14351,16
14351,1
12153,14
1364,10
1364,16
1364,13
14442,2
14442,1
14442,11
14156,15
14156,13
12295,10
2478,1
12315,16
12315,7
17172,3
17172,17
7115,6
7115,8
7115,5
7301,11
13506,10
13506,5
7830,12
7830,1
11997,13
11997,1
11997,10
9509,3
9509,5
9509,2
4143,10
2621,7
2621,2
2621,3
1833,11
12574,15
12574,2
12574,4
1900,4
1900,10
10795,17
56,11
56,5
56,8
14959,12
14959,9
320,8
14368,15
13237,6
13237,2
11068,13
11068,8
11068,1
14302,12
14302,3
14302,16
6685,5
6685,16
6685,8
13837,10
13837,14
13837,8
2593,3
2593,10
10549,8
10549,14
2990,10
2990,15
10822,16
3460,13
3460,16
3460,10
4793,2
4793,8
4793,1
11961,2
11961,10
552,2
552,13
488,10
488,15
488,17
16757,8
16757,4
16757,13
16943,10
7880,1
7880,10
6433,4
6433,6
13066,8
13066,3
1213,1
1213,7
7500,1
7500,7
7500,16
6616,12
6616,5
6616,11
7035,11
13020,11
16714,14
16714,15
16714,2
3762,6
3762,8
3762,4
3219,4
14491,14
14491,3
12757,15
11802,12
2308,17
12116,3
12116,16
419,3
419,5
1792,13
15403,14
7805,2
7805,7
5003,4
5003,13
5003,14
8421,8
8421,3
3588,15
2448,7
3040,12
3040,13
3029,16
3029,13
1547,15
9900,13
5940,8
5940,3
5940,9
584,7
584,11
584,10
9336,2
9336,10
8688,15
8688,9
8688,1
8709,12
6454,12
6454,13
10831,15
10831,4
10831,9
17283,1
17283,2
1694,1
1694,3
3277,2
3277,6
2601,4
2601,3
12189,17
10129,8
10129,1
13675,10
11927,8
11927,7
1444,16
1444,1
2335,15
2335,9
2335,7
6413,8
6413,2
6903,12
15204,4
15204,11
17012,4
17012,15
4993,9
4993,15
4993,16
16551,13
16551,15
2691,10
2691,13
15305,12
15305,5
7957,12
7957,13
7957,6
1783,3
9904,8
9904,5
9904,12
17442,16
17442,8
17442,4
10709,11
10709,5
4916,3
4916,13
4916,7
6967,13
6967,8
1800,1
1800,6
1800,10
2844,13
1556,5
1556,11
2717,2
2717,10
2717,13
5625,8
13847,8
13847,12
13847,5
15703,5
8646,5
8646,3
86,9
86,12
12073,9
12073,8
12073,5
528,15
528,8
11062,4
3860,17
3860,14
3860,8
6802,13
6802,10
6802,12
858,1
858,2
17456,14
17456,3
17456,12
10729,6
14760,11
9429,1
9429,8
9429,5
13191,11
13191,14
13191,9
5808,6
5808,13
5526,7
15121,12
12511,3
12511,16
12511,11
4829,11
12021,17
12021,13
12021,7
12424,11
12424,12
12424,17
11861,3
11861,14
9564,8
9564,6
9564,1
5074,11
5074,1
2080,8
11652,1
11652,14
17687,15
17687,2
1787,4
1787,5
1787,13
2956,17
10816,9
10446,16
10446,3
10957,3
10957,17
10957,15
3575,10
3575,15
4278,9
4278,5
4278,1
9868,12
4964,4
4964,13
7280,5
2231,9
2231,1
1212,4
1212,17
1212,9
8413,9
14338,1
9492,9
9492,7
11673,16
11673,10
11673,7
4189,11
4189,17
4189,1
7414,14
7414,11
7414,1
1239,13
1239,9
1239,7
10449,3
10449,6
15845,15
15845,1
448,17
15122,14
15122,11
16884,7
16884,6
16884,1
4024,17
17048,4
17048,1
8992,2
8355,8
8355,13
16373,17
16373,13
16373,6
1280,17
1280,9
1280,1
2657,17
2657,14
2657,4
4016,3
4016,15
10764,12
10764,4
14475,14
14475,7
14475,10
3886,16
3886,12
16168,12
16168,1
13086,12
13086,7
8002,16
8002,14
8002,5
12565,11
5685,6
5685,9
16873,4
16873,7
13053,6
13053,9
13053,5
13792,14
13792,6
15088,8
14457,3
14457,5
1891,4
1891,13
4673,6
4420,1
5012,11
5012,3
1443,8
1443,5
1443,11
1413,12
13582,4
13582,15
13582,5
12889,8
8910,7
8910,11
8910,5
1255,14
13344,1
15340,4
15340,3
12818,13
12818,16
11629,10
728,11
10964,12
10964,8
15539,17
15539,10
1235,7
1235,5
1235,8
10855,13
10855,8
10855,9
538,12
4263,6
4263,9
16329,13
16494,16
2381,11
15919,2
15919,16
2575,3
2575,9
8924,16
8924,4
8924,1
16895,14
16895,4
16895,3
16585,12
17476,7
17476,1
17476,3
101,2
101,13
101,1
9052,7
6757,13
6757,6
6757,4
3583,16
3642,15
3642,9
3642,6
5042,12
5042,5
5042,10
13007,9
2805,14
2805,15
8635,14
8635,15
8635,4
16074,2
16074,15
15383,3
7730,16
6242,12
6242,15
6242,7
5918,5
5918,6
5918,13
17884,9
17884,8
10195,14
10195,17
10195,3
6141,11
17311,5
17311,15
129,14
129,17
129,9
981,5
981,10
981,11
10296,12
4104,11
8928,3
2568,3
2568,6
3716,10
18095,9
18095,16
9761,17
9761,3
13187,1
13187,15
13187,7
529,7
529,2
529,8
14747,14
14747,17
14747,12
7987,10
7987,5
7987,15
17725,4
17354,14
17354,4
17354,15
15238,3
15238,11
15238,17
8120,16
17650,11
17650,7
10107,2
10107,6
10107,3
13369,4
13369,7
13369,17
9649,5
9649,12
14926,2
14926,10
9325,17
8094,2
8094,8
8094,3
10284,1
13928,17
13928,15
4224,14
4224,13
4224,4
12673,7
12673,8
9767,4
9767,9
16008,14
16008,3
15232,6
15232,2
14083,6
14816,4
14816,16
14816,12
6543,8
6543,13
6543,14
13752,1
13752,10
13752,11
15608,15
15608,17
7008,14
4427,12
4427,10
4427,16
14015,9
14015,2
14015,10
9821,12
9821,9
9821,4
13961,11
7305,11
7305,15
7305,1
237,17
451,9
451,12
451,5
15298,10
15298,1
2832,4
2832,10
2832,11
5669,1
191,2
191,9
11885,15
11885,11
6625,17
6625,8
6625,7
9490,3
9490,17
12776,17
12776,15
14548,7
8324,6
8324,5
16368,8
16368,4
11888,9
11888,13
14279,2
16686,5
16686,1
16686,8
5191,2
5191,6
7212,2
7212,12
7212,7
9585,3
9585,1
4578,14
4578,9
13714,5
2322,2
2322,11
2322,7
8368,3
8368,17
8368,13
12101,14
17937,15
2066,14
8022,6
8022,3
902,17
902,13
7967,3
7967,11
7967,12
7665,14
7665,12
7665,11
2229,14
2229,8
2229,13
15046,10
15046,14
15046,5
8831,3
8831,15
8407,12
15567,1
15567,5
15567,4
2141,14
2141,13
2141,10
3524,7
3524,1
3524,16
2237,15
2237,5
13443,6
13443,8
1419,11
9103,2
9103,15
9103,1
11651,12
11651,17
18251,2
18251,6
18251,10
9469,11
9469,3
9469,10
1951,8
1951,17
8070,10
14026,7
14026,17
17464,9
17464,5
7784,4
12936,17
12936,7
9372,6
12700,13
2770,17
2770,12
2770,2
2980,3
3075,15
3075,7
11722,13
11722,2
11722,15
399,12
399,7
8892,1
8892,8
14315,14
14315,1
2352,11
5939,11
3680,4
3680,3
12291,1
13716,9
13716,2
13716,5
8587,16
17251,13
4394,9
8780,15
8780,13
8780,9
4716,15
16064,9
16064,13
16064,1
11202,8
16988,1
15815,5
15815,9
15815,17
6712,4
6712,12
6712,16
15664,2
10066,15
5299,4
15586,17
15586,11
15586,12
8080,16
8080,11
8080,10
28,2
28,11
28,10
514,5
514,2
295,11
295,4
4061,7
16874,1
16874,17
16874,6
14597,2
14597,12
14597,3
11112,7
10345,9
10345,14
10345,15
16985,5
16985,16
16985,10
4869,2
9331,5
9331,4
9331,10
3010,16
3010,8
8476,7
8476,12
5830,2
5830,13
5830,16
11419,4
11419,8
11419,7
4226,4
4226,8
4226,7
14388,13
7240,6
7240,15
7766,14
11189,11
11189,5
11189,1
10624,4
10624,17
11507,13
12508,7
1771,1
1771,11
1771,17
7034,3
7034,1
14703,4
14703,12
14703,13
16879,10
15177,17
5490,14
5490,16
5490,5
7190,2
7190,8
14485,5
14485,11
14485,10
13155,15
16091,5
16091,4
14546,15
14792,11
14792,7
14792,9
13867,6
8683,6
8683,5
1902,17
14117,13
16854,1
16854,14
13659,9
13659,1
17998,11
17998,10
8065,1
8065,8
8785,16
10059,8
17344,14
1133,10
1133,1
1133,9
5591,2
4856,15
1004,9
15861,2
15861,4
15861,6
11232,12
11232,15
11232,11
11765,4
11765,3
5916,3
5916,2
5916,5
45,9
45,2
45,17
8084,16
8084,4
8256,13
10323,17
6581,4
6581,1
6581,2
2049,3
2049,4
12990,6
14375,1
14375,16
671,8
671,9
671,1
17803,12
2986,2
169,12
5579,1
5579,13
13557,1
13557,10
3797,6
3797,14
1775,11
1775,10
17327,17
17327,5
17327,6
5813,14
5813,12
6204,12
6204,14
6204,15
2947,8
2947,4
8190,11
8190,7
8190,6
885,2
885,9
885,12
9819,3
9819,16
4165,8
4165,6
1275,3
1275,17
1275,14
13257,8
13257,6
16810,3
16810,6
11498,6
11498,8
11498,10
4125,17
4125,10
4125,15
8085,11
8085,12
8085,2
5389,14
5389,16
9018,12
9018,17
830,11
1809,15
1809,3
1796,15
7984,6
7984,12
7984,17
16438,7
16438,13
4210,6
4210,13
12305,7
12305,11
2044,6
2044,3
2044,13
16112,3
16112,13
10133,6
11674,17
16962,4
5936,3
5936,7
5936,12
10037,2
10037,8
17297,13
17297,11
17297,17
4393,11
4393,2
4393,7
3828,6
11311,13
11311,12
8725,16
249,7
3495,10
3495,7
3495,3
6071,6
6071,14
654,3
654,14
17108,7
17108,17
17108,3
7051,5
5930,5
5930,15
5937,12
5937,4
4529,11
4529,5
4529,2
5745,12
5745,16
13342,2
13342,7
13342,10
9957,14
9957,2
4142,13
4206,8
16768,15
5273,14
5273,7
5273,15
11957,2
11957,14
15758,6
15758,16
3192,16
3192,8
6820,7
6820,10
6820,3
16169,7
16169,11
2785,16
452,17
12094,4
12094,9
16591,16
17072,12
17072,2
17072,16
1853,13
2521,13
2521,4
3783,5
3783,13
2772,4
10650,10
10650,8
10650,16
4894,9
4894,10
15327,12
15327,5
18121,1
18121,13
18121,9
9340,13
9340,8
7764,3
8457,9
8457,10
8457,1
16427,16
16427,10
16427,13
6681,3
6681,2
3150,1
3150,10
3150,17
5211,5
5211,4
8166,8
8166,11
3690,7
15870,4
5662,11
5882,12
820,10
6705,8
7042,15
7042,12
15767,5
15767,10
15767,2
11331,2
11331,7
11331,14
5664,13
5664,1
9529,12
18176,16
10812,15
10812,7
10755,8
10755,2
9508,6
9508,13
5284,3
5284,15
5284,8
12468,12
6759,3
6759,11
15875,4
18217,13
13754,4
2163,7
1881,7
1881,4
1881,6
7300,15
7300,6
844,12
844,3
9475,1
9475,8
9475,3
16280,1
16280,10
16280,4
9950,1
9950,11
16725,8
16725,1
16725,15
1370,3
16267,6
16267,10
16267,5
3507,6
3507,17
11218,2
6809,4
6809,5
6809,13
7483,5
8300,8
7217,16
12608,17
12608,10
12608,5
13359,6
13359,8
13359,1
2598,16
2598,5
2598,10
16207,1
16207,5
4354,16
4354,4
4354,12
16211,1
16211,15
4533,1
4533,3
4533,9
952,17
11177,11
3444,1
2517,10
2517,6
2517,13
8557,10
8557,12
8557,7
18031,5
18031,7
18031,13
13856,5
2482,6
2482,1
1472,5
9635,1
9514,4
9514,16
15065,12
15065,8
15065,5
16322,3
16322,12
1417,3
3047,6
6989,11
6989,16
10803,2
10803,8
7116,2
7116,6
7116,16
5324,11
2392,4
2392,15
6305,2
6305,1
6305,13
18195,4
10749,13
10749,15
16192,3
16192,17
16192,5
7640,4
7640,14
7640,16
14894,9
17189,13
17189,7
15671,1
15671,7
15671,14
2321,14
16147,9
4679,8
4679,1
4679,2
16299,5
7933,1
10351,15
10351,13
4481,5
4481,6
4481,10
16675,17
16675,2
16675,4
14765,16
11007,9
11007,1
3933,5
3933,2
3933,9
16794,6
16794,10
9534,7
9534,12
5553,16
5553,6
8441,6
16590,15
16590,13
775,4
775,17
775,2
9618,6
9618,1
2039,12
2039,2
227,10
227,15
227,11
17710,17
17710,16
5604,10
15260,3
15260,13
15260,10
1841,15
770,13
770,7
770,10
15641,10
15641,8
5415,17
16401,10
9088,5
16010,7
7102,2
7102,6
7102,10
11417,10
11417,8
6503,9
6503,13
7,1
7,17
11910,11
11910,3
238,5
3836,14
3836,17
6952,11
4522,3
4522,7
9557,4
9557,16
9557,1
13415,15
13415,9
8255,9
8255,10
3694,9
3694,5
3694,6
4611,5
4611,14
6427,17
13692,15
13692,16
13692,11
4083,17
4083,15
4083,3
4168,10
4168,9
4796,15
1089,11
1089,7
5833,11
5833,14
5833,15
5991,8
5991,15
5991,2
3658,17
7484,9
10152,7
10152,6
6260,15
6965,3
6965,13
5861,6
5861,4
3323,7
3323,9
3323,6
15603,15
3998,6
10735,15
10735,13
10735,2
52,11
52,10
10622,15
10622,2
10622,13
13998,10
13998,11
12568,10
7486,14
7486,11
11410,4
11410,10
13247,7
13247,8
13247,13
3039,3
3039,12
3039,13
6670,15
6670,16
6670,11
10052,5
1984,2
1984,16
255,16
255,6
255,9
10540,15
10540,8
10540,4
3085,7
3085,16
3085,13
13431,5
13431,3
13431,17
5346,10
17252,12
6524,2
6524,6
6524,8
7329,12
7329,1
7329,9
6975,11
6975,15
3635,7
17165,2
17165,3
1867,15
11180,2
12817,8
76,15
76,6
5907,6
6074,9
6074,8
6074,16
1971,11
1971,17
17891,6
11951,6
11951,17
11951,4
6870,15
6870,4
10274,5
10274,17
10274,16
6021,2
12162,15
12162,6
12162,8
7721,12
7721,1
17927,2
17927,13
16860,6
11358,17
11358,7
11358,11
190,12
190,8
8396,11
16296,4
16296,6
1189,14
11055,7
11055,14
184,3
184,16
5091,8
5091,5
520,7
520,5
520,13
2485,13
9770,11
9770,15
9770,10
7754,6
7754,1
7754,4
16256,13
16256,17
16256,11
12149,5
12149,4
1652,5
1652,9
596,8
596,5
596,16
15290,3
15290,9
15760,15
15760,14
15760,1
1883,11
1883,4
1883,2
3854,12
3854,15
3854,4
11047,9
11047,5
268,1
268,12
268,10
14676,9
15201,5
13977,2
13977,12
2946,17
11966,1
16018,3
2480,11
11138,13
16616,1
16616,15
16616,11
15009,12
15009,4
15009,9
7797,13
7797,14
16972,6
16972,9
16972,1
6263,1
6263,5
6263,4
8418,5
8418,9
8418,1
12036,16
5422,7
3092,14
8414,8
8414,2
8414,5
16727,5
2536,8
2536,16
1059,14
1059,6
7597,10
7597,14
7597,4
12000,13
12000,3
12000,1
17713,6
17427,14
17427,16
14469,10
14469,4
14469,8
6149,13
6149,11
6149,6
16023,16
16023,6
15934,9
17253,8
9842,12
9842,16
9842,13
13963,15
13963,3
13963,4
2464,4
2464,12
5292,9
13763,17
4867,13
6619,5
15585,8
15585,14
15585,1
5611,8
5611,13
5611,9
1144,11
5103,5
5103,13
12834,15
12834,13
12834,2
10453,11
10867,15
10867,11
9307,9
9307,17
8430,5
7772,2
7772,8
14618,13
14618,4
14618,14
16242,7
16242,11
14955,7
14955,8
5157,2
5157,7
15049,6
15049,8
5009,3
15859,11
4054,3
4054,13
4054,8
6327,15
6327,7
6327,17
7073,6
10081,12
745,16
745,13
745,12
1932,7
1932,11
13523,14
7642,12
4692,11
4692,3
4692,9
9919,14
9919,7
14055,9
14055,2
14158,8
7194,3
14990,6
11069,7
11069,9
8973,16
8973,8
9399,11
9399,1
5915,11
2241,5
2241,14
2241,13
3800,14
3800,3
8615,10
8615,15
14436,11
14859,4
14859,16
10085,2
10085,1
10085,17
15631,13
15631,1
12229,1
17531,7
17531,14
7111,4
4927,13
4927,17
17200,14
17200,10
17200,1
6946,12
14243,7
10023,11
10023,1
10023,2
15150,17
58,7
58,17
10561,13
11532,4
11532,3
4586,9
14204,5
14204,1
14204,3
8879,11
8879,16
8879,6
11797,3
11578,2
13869,3
13869,10
8522,12
8522,8
2221,2
2221,1
16466,11
16630,8
4416,3
4416,7
13988,13
13988,11
5610,14
15805,5
1860,4
1860,16
14985,1
908,7
6420,3
591,5
591,7
14400,10
11382,9
13937,17
13937,10
13937,16
6210,3
6210,7
2616,14
3153,11
3153,6
7664,6
7664,1
7664,14
6592,16
6592,14
6592,11
7812,9
7812,16
7363,12
7363,14
6538,16
3320,10
3320,15
3320,12
5504,12
5504,9
9251,4
9251,7
6813,11
7282,5
7282,10
7282,13
6065,17
6065,11
16801,4
16801,9
16801,1
9713,13
3415,13
3415,9
3415,10
1336,8
9734,1
9734,9
6512,2
2038,14
2038,16
2038,15
15351,16
15351,14
12251,5
12251,6
574,8
574,2
7425,6
7800,10
7800,3
1986,7
1986,9
14704,1
14704,11
14704,9
1137,7
1137,17
6513,9
6513,12
6513,8
454,12
454,5
454,8
17703,10
17703,15
9136,7
9136,2
9136,9
432,6
432,17
432,9
314,15
314,8
314,3
18184,7
18184,5
18184,14
7157,11
7157,4
7157,2
12470,12
270,7
4638,11
4638,14
3240,15
3240,8
3240,14
17259,17
5169,4
5169,11
736,1
3493,8
12857,2
12857,7
5535,4
5535,13
5535,3
8597,7
8597,11
8597,17
16797,11
16797,3
674,8
15947,16
15947,9
14172,12
14172,4
13333,14
13333,6
13333,4
819,5
819,6
6349,16
6349,9
6349,15
8974,10
8974,3
8974,6
4071,4
4071,13
1108,14
13638,17
4554,11
4554,3
2127,8
2127,15
17083,5
5372,1
5372,10
16342,6
16342,16
16342,2
9077,16
9077,11
8268,4
8268,15
14963,7
14963,12
7441,8
16335,4
5015,10
16761,15
16761,11
16761,7
11984,3
11984,9
10974,5
10974,11
10974,12
7658,16
7658,12
1118,6
1118,8
1118,7
2968,7
2968,10
2968,6
16442,3
769,3
769,1
769,15
3318,3
3318,13
6008,12
6008,15
6008,8
17383,3
17383,1
17383,15
12207,1
12207,11
12207,16
16610,11
7095,13
7095,10
11230,4
11230,2
11230,17
10194,8
10194,3
10194,6
6337,13
6337,14
6485,15
6485,9
6485,6
7133,1
7133,15
7293,17
10123,12
10123,5
3819,14
3819,8
17479,1
17479,12
17479,3
2195,5
2195,17
8106,1
16317,4
16317,10
348,16
348,10
1179,15
1179,1
18119,3
18119,11
17453,4
12543,15
16058,2
16058,17
16058,10
14017,5
161,12
161,16
161,13
12682,11
12682,8
6861,1
6861,6
6861,12
10306,13
6781,1
6781,8
6901,11
6901,17
6901,3
14078,5
14078,10
9491,2
11611,9
11611,17
3951,10
3951,1
3951,9
18248,8
9063,14
6829,1
2603,15
2603,5
2603,10
9598,6
9598,17
11963,16
11963,3
11963,9
6284,6
6284,16
9454,4
9454,1
17779,12
15389,5
15389,10
15389,11
4748,6
14609,7
1465,14
1465,10
857,10
857,17
857,11
1206,12
16893,4
3552,1
3552,12
10980,4
5245,8
5245,13
13952,13
2975,13
2975,17
2975,9
11154,4
11154,15
11154,2
14262,16
14262,8
13591,6
13591,17
16600,12
16600,11
16600,5
17358,9
17358,13
17358,10
3976,14
11582,8
11582,1
11361,13
11361,10
16510,12
16510,3
7327,16
7327,12
7327,2
14207,5
14207,17
6510,6
6510,15
6510,10
2799,12
12993,12
12993,8
17550,17
17550,8
812,12
9363,9
9363,16
4753,7
4753,16
4753,15
13994,7
17084,12
17084,3
17084,7
9682,14
11895,9
11895,13
8950,6
10010,11
10010,8
10010,2
5140,4
5140,6
5140,9
11049,16
10505,5
16899,6
16899,11
16899,4
10131,16
6310,16
6310,3
6310,5
5034,3
5034,4
12635,3
5788,5
8514,11
17110,3
17110,10
17110,11
11786,10
11786,14
11786,1
8501,4
8501,10
5750,16
3038,4
3038,17
3038,15
9269,7
9269,8
9269,15
6904,6
6904,4
12357,8
12357,7
8790,16
8790,13
8790,8
12656,5
12656,6
12656,13
8916,13
6725,8
6725,2
15982,5
15982,17
15982,12
9644,6
9644,11
9644,9
14961,7
14961,15
14961,11
15752,10
14761,8
14761,5
14761,11
13379,14
16652,8
16652,16
16652,11
6806,5
6806,2
6806,4
8017,4
8017,12
9579,15
9579,9
9579,8
788,11
5476,15
5476,8
15545,1
15545,2
1684,11
1684,4
3931,10
3931,12
18138,17
9559,5
9559,6
4610,14
4610,6
4610,15
9337,3
16625,13
16625,4
16625,15
13156,6
9541,10
9541,1
13533,12
5164,11
5164,15
5164,9
14897,1
4130,2
4130,12
7588,10
7588,5
7588,14
5875,5
5875,16
16478,6
16478,5
3528,15
3528,1
7861,16
7861,17
5442,16
16653,10
16653,5
7108,17
7108,4
7108,12
16188,6
16188,5
16188,16
15854,1
15854,3
11915,14
11915,15
6442,10
6442,6
4713,1
13061,7
13061,12
5961,6
15716,10
16228,13
13895,17
13895,9
13895,14
16298,6
7863,6
17145,5
17145,12
15571,16
3469,16
655,7
655,6
11873,7
11873,16
1695,7
6170,16
6170,10
12004,12
12004,8
8606,5
8606,1
8606,10
9109,7
15287,2
15287,17
13909,10
11665,14
11665,15
8162,8
3689,16
3689,15
10391,14
10391,12
10391,5
11276,8
11276,5
11276,3
3510,8
3510,5
5285,4
5285,7
5285,11
3024,11
3024,7
3674,1
3674,2
3674,7
17851,5
17851,12
17851,3
16069,7
16069,16
2894,16
297,13
297,9
14987,5
14987,6
10006,2
10006,3
10006,16
3917,10
3917,12
5101,16
5101,9
10975,10
10975,2
8855,16
8855,9
13412,4
13412,17
13412,11
6464,14
6464,6
5303,15
13274,1
15678,2
15678,16
14668,7
14668,8
6253,9
6253,13
14923,11
14923,10
11554,17
11554,16
11554,1
9162,13
9162,2
9162,15
13382,13
11491,8
11491,17
11491,12
15118,13
11448,1
11448,16
2196,9
14784,16
14784,13
14784,11
17794,10
17794,6
2609,17
2609,10
2609,15
970,4
10001,1
10001,9
10001,5
13121,4
13121,17
13121,5
15116,1
15116,14
15116,16
713,13
6498,1
7228,5
7228,15
4322,4
4322,13
4322,2
3090,4
13870,9
13870,2
1062,13
1062,10
1062,3
8774,13
8774,10
8774,9
15974,13
12436,9
12436,6
12436,12
16156,1
2627,1
2627,7
2627,12
9354,14
9354,2
9354,13
1855,10
1855,17
1855,2
16521,7
16521,12
12690,9
12690,12
12690,5
16056,17
14757,14
14757,5
14757,4
15263,10
15263,8
15263,1
14099,17
14099,4
10038,11
10038,8
1119,11
1119,6
17736,6
7299,17
7299,1
5339,12
16193,17
16193,15
553,15
553,16
553,17
10746,17
15810,10
15810,6
2053,8
16582,7
16582,6
9724,6
13720,5
13720,15
17525,10
17525,2
15136,12
15136,8
4863,6
4863,10
11935,1
11935,10
14734,5
13889,9
13889,14
13889,12
11790,10
11790,9
12941,17
12941,2
12941,9
4542,1
17548,4
17548,15
15347,2
3176,14
11330,4
11330,12
11330,14
3418,16
3418,11
3418,17
9832,5
9832,12
9832,3
3664,11
3664,1
3664,16
18234,13
3442,10
3442,17
3442,9
2166,12
1007,5
1007,11
1007,9
4285,17
4285,9
11650,2
11650,17
11650,6
463,6
463,9
4316,6
4316,1
4316,2
13131,7
790,16
790,9
12918,12
12918,1
7871,16
7871,11
273,2
273,15
14722,3
4338,11
15563,13
15563,1
15563,6
11641,2
11641,3
11641,6
6631,5
6631,1
8199,14
8199,11
12182,6
12182,7
11857,15
11857,2
8060,14
8060,17
8060,4
12633,8
12633,13
16346,5
16346,11
1184,16
1184,13
18038,16
18038,5
5288,11
5288,4
5288,6
7472,16
8136,15
8136,3
15299,16
16392,1
5340,16
8099,4
8099,15
15506,14
15506,12
7600,1
2565,1
2565,17
2565,15
6887,6
6887,15
6887,10
9058,3
9068,2
9068,7
9068,12
131,15
131,8
13729,5
13729,13
3832,1
3832,9
3832,5
15400,10
15400,11
15400,14
4795,3
4795,14
16523,2
16523,9
12691,4
9305,15
9305,8
1533,4
17452,15
17452,2
17452,14
8701,2
8701,14
8701,4
12452,1
6046,14
5322,13
8243,5
8243,16
13850,6
13850,1
13850,12
1865,3
4687,11
4687,3
4687,5
16853,9
16853,15
11475,15
11475,12
11475,7
1069,14
1069,3
587,15
587,8
5755,10
5755,9
1744,4
1744,9
1744,11
8537,9
8537,7
8537,5
14317,17
14317,4
14317,6
7311,17
453,4
453,7
11048,1
11048,15
6208,4
6208,5
13742,10
13742,7
9805,4
2889,11
2889,7
5823,16
5823,9
5147,10
5147,3
16685,8
16685,13
6568,4
15140,15
2969,15
2969,5
18145,4
18145,14
18145,17
10574,5
11287,12
5458,17
12740,10
12740,6
4909,1
4909,6
4909,14
5751,10
9844,13
9844,3
7419,4
7419,11
14230,12
14230,11
14230,2
3354,17
3354,10
2795,4
2795,11
2795,10
18014,13
8552,10
8552,8
16157,16
16157,3
2202,7
16927,9
16927,5
7497,14
7497,12
10904,17
9035,3
9035,14
9661,13
16623,9
16623,7
2283,2
2283,14
13794,13
13794,10
3056,17
3056,8
15770,5
15770,11
3163,1
3163,13
11172,16
9959,14
9959,7
9959,2
3065,17
10800,15
16743,13
16743,9
9703,5
9703,14
9703,13
466,7
466,1
16159,16
4528,16
4528,6
4528,7
4684,14
2255,4
2255,10
2255,13
5744,1
15206,2
15206,17
16780,10
17532,3
798,4
8482,16
11389,8
11389,16
11389,14
11520,16
11520,5
4246,3
5760,6
4163,8
4163,3
8925,5
17895,12
17895,4
1244,9
1244,2
1564,14
1564,4
9001,1
6753,4
6753,8
1602,8
1602,14
13798,8
13798,1
15896,2
15896,7
15896,4
6324,3
6674,4
6674,16
6674,8
49,11
49,2
49,13
9345,1
11025,11
11025,6
11025,15
2364,3
2364,6
2364,1
14185,16
15424,10
8012,12
8012,15
10350,4
17579,6
17579,15
6376,10
6376,17
6376,14
7126,3
7126,5
4914,12
4914,14
4914,11
15472,7
15472,16
15472,9
9615,8
9615,12
9615,13
17915,13
11788,17
11788,13
11788,12
10057,17
7085,4
7085,10
7085,13
9195,5
9195,6
10587,5
10587,15
10587,17
2577,15
2577,4
2577,11
6081,8
6081,12
6081,9
2147,8
2147,10
9980,3
9980,6
12208,7
12208,9
9673,10
9673,9
9673,14
18081,7
18081,8
2213,5
2213,3
8253,6
8253,17
8253,12
12466,4
12466,3
15012,9
15012,1
15012,10
2369,13
4759,10
4759,16
4759,1
6824,9
2235,1
2235,14
2235,9
10699,12
10699,5
1569,5
14567,14
14567,7
14567,9
10482,4
10482,2
10482,11
15432,17
13448,12
13448,15
13448,5
17726,13
17726,11
18181,5
6669,4
3915,2
9241,2
9241,6
3989,5
3989,17
16469,12
16469,4
1009,12
4653,11
4653,5
17273,17
16073,11
16073,6
8675,16
8675,3
8675,14
16410,2
9119,13
9119,6
10378,4
10378,10
10378,2
8315,6
8315,1
924,17
924,7
924,14
2703,12
3258,11
6855,17
14890,5
14890,14
210,2
9316,3
9316,16
13834,14
5690,2
14601,16
14601,10
15979,4
15979,11
15979,8
7543,9
6407,10
7437,1
3478,13
3478,7
17219,16
17219,13
8428,9
13550,2
13550,8
17137,12
17137,16
12561,1
12561,4
12561,5
11029,6
11029,9
18221,2
13352,3
13352,1
13352,13
13588,10
13588,1
13588,6
10331,15
2048,15
5059,8
293,5
293,6
293,13
1392,5
7346,9
7346,3
7346,13
18035,15
18035,6
18035,11
17326,12
17326,17
17326,15
14308,7
14308,6
14308,2
127,9
2050,3
2050,8
2050,13
12252,16
12377,11
16241,14
16241,9
16241,4
17619,12
17619,4
8722,8
8722,3
8722,14
15284,8
1845,1
1845,5
1845,15
9140,15
9140,17
9140,6
1424,8
1424,3
1424,11
714,1
8656,5
3953,10
3953,4
3953,9
15926,15
15926,7
15926,13
2070,9
4052,7
4052,6
17395,1
17395,9
13803,5
13803,11
17734,17
17734,5
2026,17
2026,9
15048,11
15048,1
15048,9
1542,9
1542,5
10476,13
10476,4
10476,16
17836,14
17836,10
17836,13
4333,11
4333,8
4333,3
5896,11
5896,17
5507,10
13951,14
13951,1
13951,3
1661,5
10000,8
1310,10
1310,14
1310,17
3994,11
16615,6
16615,2
16615,8
5420,3
5420,13
5420,16
10726,2
10726,16
10726,12
2596,17
17748,6
17748,15
17748,16
8308,15
8308,2
8308,3
5449,4
5449,16
5449,5
11019,13
11019,3
11019,6
15093,7
15093,9
15093,2
1048,11
3309,17
13505,3
13505,8
13505,17
11617,4
11617,10
11617,17
16475,7
6604,5
8549,7
8549,10
8549,15
7453,2
7453,6
7453,15
16800,2
2133,7
13912,10
23,1
23,16
11434,7
2152,6
2152,13
12170,1
12170,14
12170,8
4599,13
10220,14
10220,10
636,6
636,9
636,15
7685,4
7501,16
7501,11
7501,1
3322,1
3322,16
2106,6
2106,16
6639,9
6639,17
6639,7
5594,3
13310,5
13310,7
3229,15
17015,10
17015,13
17015,3
6332,5
6332,1
6332,13
14804,11
14804,16
14804,17
11893,13
11893,11
2082,2
16882,4
16882,3
4334,3
15616,11
15616,10
12838,16
12838,4
12838,6
10432,17
10432,6
942,14
942,11
9942,8
9942,17
9942,1
12494,11
12494,9
6221,12
9745,2
9745,3
2797,5
2797,3
2225,9
2225,17
3220,9
3220,12
3220,4
5195,5
12955,17
12955,13
4323,4
4323,16
4323,1
10951,15
2861,4
2861,1
3128,15
3128,2
3128,11
12117,6
12117,5
12117,15
14139,13
7267,8
7267,2
10516,11
14674,7
14674,6
17135,7
17135,10
12773,6
12773,4
12773,11
11470,5
11470,14
989,10
989,2
989,14
5437,3
16128,6
16128,3
16128,9
9640,17
9640,10
8770,5
14283,3
17308,11
17308,16
9719,17
9719,13
9719,1
16006,7
16006,12
1237,14
1237,12
1237,10
1966,9
1966,10
1966,15
10201,15
10201,3
10201,1
11726,14
11726,12
11726,7
17151,16
5194,12
7951,10
16987,2
17880,10
17880,4
4118,12
4118,3
16970,13
16970,17
16970,16
13337,11
1257,9
5843,8
5843,10
5843,9
1488,11
1488,16
1488,3
16143,7
15089,10
7610,3
7610,12
3076,13
3076,8
3334,2
3334,8
12894,15
12894,10
9687,8
9687,11
7312,10
7312,17
7191,11
7191,16
7191,2
9940,12
9940,4
434,10
434,3
17315,3
17315,14
7848,5
7848,9
7848,15
15396,16
3477,3
3477,5
3477,1
12807,9
12807,6
12807,16
1577,12
1577,8
14,17
14,1
17261,5
5566,7
4672,11
1010,16
1010,13
1010,7
3465,16
3465,14
9455,12
2249,1
2249,8
2249,5
7934,6
6821,11
6821,17
6821,2
17033,17
17033,4
17578,6
17578,2
18267,7
18267,10
18267,16
18180,7
5409,14
5409,15
11589,5
11589,4
1508,6
1508,16
5069,10
5069,7
14891,5
14891,4
17185,16
11538,4
11538,16
11538,6
3335,2
3335,16
10533,4
10533,9
13418,8
13418,14
7089,9
14428,12
14428,17
14428,4
10246,9
17798,13
15271,14
15271,13
8004,1
8817,1
8944,14
8944,13
8944,6
8301,16
8301,4
16177,10
158,15
192,6
192,3
16867,5
16867,9
8614,3
8614,10
8614,15
12760,16
12760,12
12760,15
4298,5
4298,9
4298,12
7220,12
7220,1
7220,9
17177,2
17477,16
17477,10
17886,17
9690,10
13546,12
2132,16
2301,15
2301,8
12587,13
12587,7
3160,17
13622,8
13622,2
9422,7
9422,3
15440,14
15440,9
15440,17
10952,4
9021,11
6043,16
6043,8
6043,10
645,16
645,11
645,9
12075,4
12075,5
15771,3
15771,4
6982,9
6982,8
11701,7
11701,5
11701,10
5735,8
5735,10
5735,3
13421,5
15528,12
15528,15
15528,1
3057,8
17763,13
12695,11
18112,9
18112,12
18112,3
8742,5
8742,9
8742,8
2994,10
2994,5
14451,17
14451,10
14121,2
14121,4
16060,11
16060,10
16060,1
4868,9
17972,4
17972,9
4952,16
4952,17
1192,5
11876,1
11876,16
11876,3
11516,8
5656,7
15180,7
15180,9
15180,14
12326,14
12326,4
15362,17
15362,6
15362,5
7067,14
11670,11
11670,14
5184,15
5184,13
5184,7
4861,8
4861,6
4861,10
1397,4
1397,2
1397,11
13208,6
13559,8
13559,1
7012,4
16906,9
16906,5
16906,14
8192,15
8192,10
8192,2
14706,6
14706,14
14706,16
16250,6
16250,14
8158,7
388,8
388,2
388,17
18255,6
18255,17
10923,12
10923,15
4374,14
4374,10
289,2
289,10
289,11
2343,5
2343,7
12684,4
12684,7
5651,8
5651,6
5651,2
171,2
14246,11
14246,3
4608,11
4608,16
2367,9
1181,12
1181,8
6626,12
9150,17
9150,10
13939,3
13939,13
13939,7
7932,10
7932,3
6629,13
13615,3
13615,2
5619,2
5619,7
16213,15
9213,11
9213,17
16831,3
11496,2
11496,10
5134,9
5134,7
5134,4
7978,6
7978,5
9395,5
9395,12
9395,1
14849,16
14849,12
4508,15
18061,11
7178,1
7178,4
7178,7
13138,13
13138,7
13138,17
8475,8
16161,17
15306,2
15306,16
11161,14
11161,11
7137,16
7137,5
12971,14
12971,15
12971,5
10407,14
10407,13
10407,5
1218,17
1218,13
16426,8
16426,16
16426,9
6636,13
6636,2
11499,10
14141,5
3267,9
10151,5
10151,6
10151,12
4947,11
4947,6
14239,6
14239,10
18122,14
18122,17
18122,6
2450,1
2450,8
1639,1
1639,11
1639,4
13142,15
7230,1
7230,12
7230,17
12200,6
12200,1
12200,14
3682,9
3939,10
16005,17
16005,9
7370,14
7370,3
8862,13
8862,1
8862,12
12728,17
1115,4
1115,9
10645,13
10645,17
1575,16
14212,12
14212,7
11175,15
11175,11
15996,17
6796,12
17771,10
17771,15
3834,2
3834,16
3834,4
14116,17
14116,11
14116,4
5471,10
5471,13
5471,17
5575,8
9131,13
9131,5
9131,16
2309,10
2309,6
2309,8
13356,4
9400,16
9400,2
1908,10
7708,5
7708,2
7708,11
9078,17
9078,8
11624,8
11624,4
11624,15
11024,4
11814,13
11814,4
11814,3
2449,3
2449,13
2449,5
13670,10
13670,9
150,2
150,1
150,8
3763,5
5114,15
5114,14
5114,13
14370,6
14370,2
13297,9
13297,5
9301,13
8344,12
3961,2
3961,4
15900,11
15900,14
15900,2
16470,11
15668,10
11078,3
11078,4
11078,8
6852,17
6852,16
6852,3
13348,5
13348,15
13348,8
17016,12
144,13
144,6
3840,7
11605,12
11605,10
11605,5
8405,5
8405,8
8011,17
8011,7
5307,11
17733,9
17733,12
6313,6
6313,5
6313,9
9487,13
9487,12
2275,16
9380,9
9380,4
9380,17
12316,5
2006,3
14614,13
14614,4
14614,8
12285,1
2719,3
2719,8
11031,14
11031,4
1930,11
4421,14
7246,13
7246,8
7246,6
4270,16
15195,17
15195,16
5892,12
5892,13
13033,14
10792,14
1283,12
1283,6
1283,16
868,6
16435,12
16435,9
16435,6
6942,7
17840,10
17840,17
17840,13
11590,13
14679,15
15991,14
15101,5
15101,13
1816,16
3910,14
3910,6
3910,5
203,5
203,17
15968,8
15968,2
11414,14
11414,1
11569,12
11569,5
13884,17
13884,4
13884,1
8497,14
3338,9
12020,6
12848,12
1974,16
1974,15
1974,10
7132,5
7132,17
11979,14
11979,11
11979,8
7786,6
7786,9
7786,7
9111,6
9111,5
7657,5
7657,14
7657,3
9581,17
9581,10
9581,1
13197,10
15181,8
12802,9
2134,5
2134,4
2134,7
14330,11
16993,16
16993,13
6122,1
6122,12
12303,12
12303,3
12303,1
9100,6
9100,17
9100,1
1545,5
1545,10
11378,3
17398,7
17398,5
12697,7
12697,14
12697,16
11259,9
11133,13
1374,2
3757,14
3757,13
11453,15
11453,17
11453,13
12163,1
4598,17
4598,9
4598,4
12138,10
12138,11
12138,2
2814,15
2814,12
15475,4
15475,10
15475,2
14131,4
14131,14
14131,2
7069,2
7069,6
7069,17
1040,3
1040,7
1040,13
13377,1
13377,14
13377,7
16963,2
16963,7
16541,11
16541,17
13713,5
13713,1
13922,14
13922,4
13922,9
5769,10
1514,5
11708,17
11708,4
11708,16
16254,7
16254,17
6069,13
6069,1
15952,10
2898,5
10270,11
10270,3
10270,8
9837,8
3471,7
3471,11
3471,5
5320,13
14518,11
14518,7
14518,8
5927,7
7579,2
7579,8
7579,16
4842,5
4842,2
5290,13
5290,15
6348,8
6348,11
6348,6
148,3
148,7
10110,8
10110,17
10470,10
10470,16
10470,14
11818,6
11818,2
11818,14
2902,14
509,10
14419,1
14419,4
14419,15
16842,3
11286,1
11286,7
10297,2
10297,10
10297,5
112,16
15519,4
15519,2
15519,5
10611,2
10611,17
15568,2
15568,14
3638,16
3638,7
11063,8
11063,6
4087,7
4087,5
17422,12
17422,7
3252,17
3252,7
10041,13
2676,14
2676,13
2676,3
4078,9
4078,10
3693,11
3693,4
3693,7
5132,13
5132,3
3723,6
3723,13
4874,7
14521,12
14521,13
5950,5
5950,17
4218,14
4218,5
4218,16
14196,2
17693,15
17693,5
17693,16
6369,13
1395,8
1988,1
13864,13
13864,15
15808,6
15808,11
15808,15
4400,2
17580,9
17580,6
17580,5
14577,13
1880,1
1637,10
1637,1
11075,17
11075,5
11075,2
11219,12
11219,2
2721,16
2985,11
2985,7
2985,8
12363,3
12363,16
4656,11
3936,6
3936,11
3936,2
11781,3
11781,1
11781,5
3925,14
1073,7
1052,2
9104,3
10007,15
10007,1
10007,6
2895,12
2895,13
2895,7
7566,17
7566,15
1320,6
1320,4
8654,1
8654,11
8654,4
3648,9
10033,16
10033,2
10033,4
364,16
12942,15
1704,4
11932,2
11932,1
9677,15
2504,10
17831,4
14586,12
14586,11
8989,2
8989,4
15229,6
15069,15
15069,4
15069,14
3987,9
7755,4
9606,10
9606,13
9606,1
7842,3
18231,1
17497,11
17497,12
17497,5
1861,12
7438,4
7438,15
7438,1
12705,12
18064,15
16500,16
3206,16
7571,5
4557,11
4557,8
9978,7
9978,10
9978,8
9467,5
9467,8
9467,11
8432,16
8432,5
8432,3
5719,1
5719,12
6969,8
10906,8
7975,16
13896,10
13896,15
8637,4
8637,6
12762,4
12762,14
12762,16
8361,6
8361,12
8361,14
4295,15
4295,17
2151,12
2151,5
1663,10
1663,9
1663,6
14202,14
6315,7
6315,3
8596,3
8596,10
6440,11
1201,17
3681,17
3681,10
14934,1
14934,4
14934,2
7236,13
15742,12
5172,7
5172,14
5172,12
1878,1
1878,2
1878,5
12770,12
12770,13
9578,7
9578,5
6576,15
6576,7
6576,10
16808,14
16808,11
6961,12
6961,10
2188,3
2188,8
2188,1
5528,17
5528,15
5528,5
5786,13
5786,6
5786,10
12638,9
12853,17
12853,2
4258,5
4258,15
4258,1
13526,12
2375,8
2375,4
1158,8
1158,12
1158,15
13255,11
343,9
343,10
10673,13
10673,8
17753,7
17753,3
17753,4
2025,4
479,14
12554,14
11923,8
6040,11
17528,15
4631,11
4631,15
14205,16
88,3
3084,15
3084,2
8473,11
8473,14
168,13
168,2
168,3
6233,15
14702,14
14702,13
14702,4
15066,3
15066,2
2597,10
2597,15
1920,12
1920,16
1920,10
17635,13
11975,1
11975,10
10827,16
10827,8
7923,3
7923,1
7923,16
10346,7
10346,6
10346,4
33,13
33,7
10517,5
10517,7
10713,10
10713,6
5060,4
5060,7
13899,11
13899,10
13899,8
12439,6
2638,8
9428,10
9428,12
11628,2
11628,7
16155,1
16155,5
16155,14
3088,5
3088,13
3088,4
6202,1
10401,8
10401,3
10401,2
16231,11
4956,5
18266,8
18266,16
18266,9
5660,6
5660,5
5660,15
16719,11
16719,15
16719,8
11046,7
11046,3
11046,1
1583,7
1583,4
1583,17
1171,17
1171,15
1171,13
1726,7
13995,6
13995,2
11741,1
11741,12
11741,15
12521,17
12521,15
12254,3
7906,5
7906,4
17769,8
4384,14
4384,12
4384,8
9279,1
9279,17
2402,6
12702,12
6937,17
6937,4
17969,4
17969,16
7078,16
7078,13
11840,8
11840,14
11840,5
5622,2
10992,10
10992,17
15085,13
10630,6
10630,1
8840,10
8436,14
7854,2
7854,12
7854,9
16579,13
16579,11
15627,17
15627,10
15627,13
5706,5
5706,9
5706,17
13287,9
13225,3
13225,14
13225,10
209,3
209,11
209,4
4048,3
4048,12
4048,6
13531,10
642,14
642,15
1632,2
1632,10
1632,12
16021,17
6912,2
6912,8
17767,13
17767,15
746,5
746,16
746,13
5419,3
2653,10
6851,12
11098,3
11631,9
11631,10
11631,14
17793,17
9731,7
9731,14
9731,1
6082,5
9191,12
9191,8
9191,11
16134,9
16134,13
2637,4
2637,14
2637,10
16577,8
16577,6
3184,10
3184,4
7019,11
7019,14
18073,5
11114,5
179,3
6184,2
5851,12
5152,1
13618,13
13618,2
6694,10
6694,5
1313,7
1313,2
12675,10
12675,5
17047,4
17047,11
17047,13
14528,15
14528,8
14528,14
5206,16
5206,1
5206,17
3720,1
3720,14
3720,15
2826,2
15052,6
17987,3
17987,9
5877,6
5877,13
1072,13
1072,1
11677,4
11677,14
1478,2
14034,3
14034,12
10368,3
10368,17
10368,16
18143,6
18143,14
10370,14
10370,12
10370,7
14801,13
14801,14
14801,12
7205,7
6235,7
17816,14
17816,13
515,6
678,4
2693,17
2693,3
2693,9
7533,2
14029,9
14029,17
14029,12
13872,2
13872,16
3046,6
15513,14
15513,4
16887,17
10435,11
10435,8
10435,16
7459,14
7459,4
7459,1
11707,1
11707,2
11707,4
4141,1
4141,11
10513,14
10513,6
1325,6
1325,12
9742,2
9742,14
752,6
752,5
752,4
4369,6
15522,15
15522,16
15522,6
1791,3
14795,16
14795,5
14795,8
16450,17
16450,9
12068,2
12068,11
10419,17
10419,6
9587,11
9587,14
10953,7
6343,12
6343,6
6343,1
4998,7
4998,3
2636,6
11018,7
11018,6
11018,3
12939,3
7148,14
10769,16
12783,13
12783,1
15713,16
15713,2
1391,14
13088,1
13942,5
13942,16
13942,4
6269,10
9218,3
9218,2
9218,16
17234,16
17234,15
4269,15
1743,11
648,6
7693,10
7693,15
7693,13
12715,16
12715,12
12715,2
16390,12
16390,7
16390,11
3155,14
3155,7
3155,12
7430,10
7430,14
11140,13
11140,1
1706,11
1706,5
7509,13
17906,16
1616,16
1616,11
8201,1
8201,17
13992,17
13992,2
6746,8
17897,8
17897,10
17897,4
8394,7
8394,10
2911,16
2911,4
7550,5
3234,11
1712,1
1712,17
1712,11
1621,5
14835,13
14835,16
16548,7
16548,11
17905,10
17905,13
3078,14
3078,11
5311,1
5311,3
5311,9
11750,6
11750,16
462,14
7252,2
7252,10
7252,1
14994,8
14994,12
3866,6
3866,1
3866,10
5357,16
2630,9
3776,12
10164,3
10164,5
10164,9
4093,17
9551,11
9551,13
9551,10
8209,15
8209,13
10098,9
10098,5
10098,1
14047,10
14047,17
14047,8
3390,9
772,14
16287,1
16287,14
16287,8
12057,14
10065,3
10065,13
7262,1
7262,12
7262,2
10685,7
10685,16
1715,16
1715,7
15928,9
15928,11
1084,7
1084,15
1084,5
6745,16
6745,15
6745,11
4151,6
4151,4
7810,12
7810,13
7810,2
5708,17
5708,13
5708,15
14730,14
234,12
234,5
234,15
13217,6
9740,5
9740,8
9740,4
9744,7
9744,13
15484,1
15484,8
15484,13
16798,16
16798,2
9071,4
11134,4
4886,7
4886,5
4886,4
3582,14
3582,13
3582,2
7776,7
11943,14
11943,16
11977,4
10563,17
10563,13
10563,15
6360,1
6360,6
6360,2
4691,11
9790,16
16520,5
7029,17
7029,13
7029,11
4898,1
4898,11
4898,5
4628,11
4628,1
2148,1
2148,16
2919,1
10241,8
1721,12
1721,3
1721,7
1502,13
1502,8
1502,9
17523,16
17523,14
17523,15
11141,7
11141,12
11141,5
4966,2
4966,4
12819,17
12819,1
12819,4
15037,2
15037,16
15037,17
10790,4
10790,3
7145,17
17302,1
7913,6
7913,17
7913,2
17005,1
17005,15
17005,3
878,8
9935,14
8174,15
8174,13
8174,12
11248,17
3197,11
3197,5
13983,15
13983,13
17379,17
13534,1
13534,16
13534,4
11766,7
11766,4
11933,8
11933,6
15024,3
15024,12
15024,16
17561,4
17561,2
17561,8
1697,17
1697,14
8409,16
10493,9
10493,4
10493,1
15574,3
15574,2
487,7
487,17
9458,17
9458,4
2328,4
2328,2
743,11
743,9
743,3
4953,10
4953,6
6994,13
6994,6
6994,17
4358,1
4358,5
11747,9
11747,3
11747,6
7470,10
7470,15
7470,16
4138,12
17388,5
17388,16
17568,7
5959,14
5959,8
13489,11
13042,9
13042,16
13042,12
1402,13
1402,17
17176,10
17176,11
17176,8
2885,12
2885,9
2885,8
13733,3
5676,3
5676,15
7492,7
7492,1
14781,10
14781,17
14781,6
1612,10
1612,1
14450,4
14450,7
10353,17
10353,11
1270,3
17400,11
1624,15
1624,7
1624,8
1892,1
1892,5
8251,13
7723,2
17349,8
17349,9
17349,4
9427,10
9427,13
9427,16
3767,2
15923,17
15923,15
10126,1
5897,17
5897,4
5897,10
478,2
478,10
478,1
1529,6
1529,9
1529,10
12348,16
8478,7
11437,9
11437,4
17721,3
17721,15
9854,12
16409,12
16409,13
7270,14
1467,5
1467,11
13087,13
13087,7
2121,3
2121,15
4373,11
4373,6
11135,13
11135,15
7065,6
7065,17
2074,10
2074,15
2074,3
16050,15
16050,8
4669,16
3923,1
3923,4
3923,13
1166,6
2334,15
2334,3
2334,7
10762,15
10762,14
6188,3
4573,11
4573,12
4573,13
6079,1
6079,11
8511,15
8511,8
13374,4
13374,16
13374,5
17438,13
17438,2
17438,3
17360,6
17360,7
13509,9
1390,12
4816,3
13946,13
13946,15
18010,5
18010,13
18010,2
7581,2
7581,6
7581,12
2,16
2,13
12344,9
12344,8
12344,4
17218,6
17218,4
17218,11
10237,8
14593,12
14593,7
14593,1
13681,14
10814,3
5635,3
816,5
6686,4
6686,8
16527,10
16527,16
16527,6
14539,5
14539,6
14539,3
17175,5
17175,1
17175,16
16051,13
16051,11
16051,5
4962,16
4962,7
4962,11
6500,9
4804,8
4804,9
3256,17
3256,11
3256,12
5301,11
13201,6
13201,12
16532,12
16532,9
534,5
534,14
534,2
17754,17
17754,9
17754,8
15185,3
15185,11
15185,10
11739,7
11739,9
12797,15
12797,3
12797,16
15070,4
13656,6
13656,8
13656,12
16087,13
16087,1
16087,12
6326,4
6326,3
7348,5
7348,15
7348,3
8677,3
9432,7
9432,15
9432,10
16174,10
16174,6
16174,17
13575,11
5234,17
5234,2
5234,15
4417,11
4417,13
4417,17
12310,15
12310,16
6673,7
1114,14
1114,7
1114,10
13183,11
1874,2
1874,3
1874,9
7005,16
602,1
602,7
10181,16
10181,15
10181,17
9510,14
9510,16
9510,9
10510,3
10510,4
10510,6
10529,14
17103,1
16088,14
16088,2
3135,14
3135,8
3135,10
13619,10
9802,8
9802,3
9802,14
13806,13
13806,6
985,6
985,5
985,7
1765,10
1765,8
1765,1
3304,13
3304,15
3304,1
9849,2
9849,9
9849,1
5793,2
5793,1
5793,13
17919,9
17919,15
17919,2
15173,17
15173,2
16764,8
424,12
424,4
424,2
12984,3
12984,4
337,4
4552,2
586,15
8451,15
8091,16
8091,17
4538,8
4538,11
4538,9
4399,8
14401,7
5560,8
5217,16
5217,2
14713,15
14713,8
10525,14
10525,8
10525,7
2379,10
2379,5
2379,8
3616,12
4604,13
4604,2
12808,8
12808,6
12808,2
13916,11
12031,1
13978,13
15294,1
15294,4
16025,10
16025,16
16025,2
14774,17
8652,12
8652,2
6294,2
6294,11
6294,10
1811,16
1811,7
1811,15
1233,17
1233,2
3707,11
3707,3
2746,10
2746,7
17680,5
8819,5
8819,2
5395,17
5395,14
5395,11
5107,2
5107,16
5107,4
2007,11
14056,10
10605,15
5386,8
5386,15
2391,3
2391,16
2391,2
16465,15
16465,9
1615,17
8143,14
8143,1
8143,16
6943,12
6943,5
6943,6
6243,2
17709,3
17709,5
8335,9
6441,9
3823,8
3823,11
6274,2
6274,9
3691,9
3691,12
11105,13
11105,6
11105,9
5629,17
5629,1
5629,13
17932,5
17700,7
1622,10
1622,12
12964,11
12964,7
6290,11
6290,13
6290,7
6658,12
6658,3
12650,2
12650,8
12650,13
7119,17
7119,12
7119,15
5180,3
14019,15
5044,17
8246,15
8246,12
8246,17
5715,15
5715,16
6093,2
6361,14
6361,5
6361,10
10200,8
10200,3
10200,10
4705,7
4705,10
4705,6
15887,14
15887,1
13903,17
13903,10
13903,16
10251,9
133,9
133,11
2929,15
2929,14
2929,2
856,8
4253,1
4253,4
4253,9
3285,15
11721,17
16151,2
16151,10
11308,11
18040,16
18040,3
958,12
958,7
958,14
10334,12
10334,3
10334,7
637,13
637,7
637,4
12278,15
9512,15
9512,4
7827,3
7827,11
7827,9
6575,12
6575,8
6575,10
15268,12
15268,14
15268,8
12280,17
12280,9
5466,15
18104,7
18104,16
11278,3
11278,13
580,2
580,7
580,10
8474,17
8474,12
8474,3
12499,1
12499,4
12499,13
16420,17
11769,13
11769,1
11769,16
12980,8
5350,11
5350,13
10122,2
10122,8
8376,3
11212,1
11212,14
17814,13
17814,7
16705,7
16705,14
16705,3
173,8
173,11
9311,3
9311,6
9311,14
9375,4
2758,5
2758,12
2075,8
477,13
477,1
477,6
17492,16
17492,11
17492,12
13836,6
13836,14
17447,6
17447,16
17447,5
9201,10
9201,14
9201,17
15576,8
15576,7
15576,15
9532,6
9532,9
5983,15
13589,6
13589,9
13589,15
13284,7
13284,5
2496,1
2496,12
626,2
626,15
14977,15
14977,1
14977,14
17112,14
17112,3
17112,2
13089,9
4107,9
9943,13
9943,10
9943,8
14833,16
14833,15
9838,3
9838,6
9838,9
904,1
904,11
904,12
13791,9
13127,3
16416,2
16416,8
16310,17
8380,16
8380,6
8380,11
10018,17
10018,16
10018,2
6125,4
6125,13
16132,3
11039,11
11039,17
11039,13
1869,17
1869,9
7310,13
4042,16
4042,13
9660,7
9660,11
5058,1
5058,14
5058,9
9945,10
2118,10
2118,3
2118,9
10208,17
10208,8
10208,3
6484,2
6484,12
6484,13
87,16
4031,16
15500,15
14818,11
4977,10
4977,16
4977,11
16405,15
16405,16
16405,9
12274,6
12274,2
3346,16
3346,17
4545,12
4545,14
5181,5
5181,17
2798,6
2798,3
2798,16
4350,17
4350,12
4350,8
12089,16
12089,8
7118,8
7118,11
14288,7
14288,1
2755,9
2755,14
6355,3
8378,6
8378,17
15550,12
15550,7
17991,1
3177,11
10514,11
10514,9
17826,7
17826,12
14843,8
4378,15
7536,13
14395,8
14395,6
13437,13
13437,11
13437,2
11688,6
11688,4
11688,13
10991,9
14309,15
14309,3
14309,14
1047,11
3722,10
3722,7
3722,15
5621,3
5621,10
5621,12
2880,15
2880,8
2880,12
14271,3
14271,9
14505,10
14633,9
14633,3
875,14
875,16
4282,16
4282,6
4282,15
6580,7
18053,17
14863,6
14863,10
14863,4
855,2
5675,17
9714,11
9714,7
15912,4
13094,9
13094,15
13094,3
8702,11
8702,13
17201,1
17201,13
17201,7
4891,13
2830,16
7860,3
7860,12
9046,7
5223,2
4622,13
1626,11
15159,11
15159,15
465,8
465,6
465,10
13947,7
13947,9
13947,3
7291,16
7291,15
7291,1
2649,4
17057,5
17057,16
13388,3
13388,17
13388,9
2780,14
10941,17
10941,1
10941,14
13340,6
9110,13
9110,9
13511,5
13511,12
7611,15
7611,2
7611,14
4745,4
4745,15
7773,1
7773,4
7773,10
6220,8
6220,1
1481,15
5711,6
5711,11
9308,13
12641,15
12641,12
12516,15
3141,5
3141,8
9070,16
9070,8
9070,14
8620,15
2686,4
2686,17
2686,7
2570,6
751,6
751,14
751,11
15171,7
14071,5
8010,1
8010,9
8010,15
6541,1
6541,17
6541,12
14507,15
14507,4
14507,13
4132,17
4132,6
4132,2
10921,17
10921,9
10921,13
15091,10
15091,12
2135,5
2135,13
693,16
4082,15
4082,8
14659,8
14659,6
14659,10
11691,1
11691,16
11691,2
11684,5
11684,15
16002,17
16002,10
16002,3
13727,8
9653,15
6073,6
6073,5
6073,14
4570,3
4570,1
4570,10
7791,15
7791,5
12729,15
14319,14
14152,7
3617,7
9909,17
9909,4
5839,4
5839,14
16946,12
16946,1
16946,4
1608,17
1608,14
1608,7
11595,14
13464,7
13464,11
13464,8
1256,11
1256,13
1256,7
5743,3
14600,11
14600,9
14600,15
2732,7
2732,15
2304,14
2304,8
12366,9
12366,17
5433,9
18020,13
18020,17
9276,14
3965,10
7520,1
7520,8
7520,9
11367,5
1548,14
1548,1
1548,3
305,12
305,15
13957,12
13957,10
17634,14
17634,6
17634,3
554,3
554,17
554,8
4112,6
4112,8
4112,10
16116,8
16116,4
16116,11
1531,15
1531,9
1531,11
15638,1
15638,13
15638,6
16742,4
16742,6
15512,1
15512,6
15512,16
17111,9
6136,15
6136,8
6136,6
5425,10
5425,7
5425,17
1931,1
1931,16
10438,16
10438,4
10438,2
10714,9
10714,17
10714,11
3572,14
15067,4
17711,7
9378,4
9378,10
10239,9
18045,15
18045,5
18045,4
4697,6
4697,3
4697,9
11126,8
11126,9
15246,7
11625,10
11625,17
11625,13
6103,10
6103,3
11973,12
17312,16
2227,4
2227,7
2227,17
3239,5
14155,8
17704,4
11729,9
11729,4
11729,10
4200,4
835,13
13601,7
4504,16
4504,9
4504,13
7341,15
9548,6
10521,12
15016,11
15016,15
15016,17
6832,17
6966,1
6966,10
2833,7
2833,15
17804,16
17804,2
12975,16
12975,17
13993,11
13993,4
18132,16
17668,6
17668,14
7103,9
7103,17
11119,7
3143,12
9357,6
9357,9
9357,7
2551,14
2551,9
2887,12
2887,8
10267,11
10267,3
10267,17
4717,3
2407,2
17022,12
17022,7
17022,17
6445,9
6445,6
6445,7
13231,10
13231,12
11737,5
936,12
936,7
17643,1
17643,14
17643,7
16030,6
16030,11
16030,10
13574,1
4289,5
5036,14
17908,14
17908,8
2451,10
14420,11
13416,11
13416,9
13416,10
3504,17
2863,7
2863,13
6615,14
6615,8
6380,7
9023,10
12407,9
12407,4
12407,3
3848,9
3848,14
13562,1
13562,8
15491,10
15491,8
15491,14
505,5
505,11
505,10
10154,14
10154,2
10635,7
10635,2
10635,3
13731,10
13731,12
13731,11
17787,9
17787,8
18124,2
18124,14
13129,3
13129,7
1978,14
1978,13
17324,3
17324,14
17324,4
8334,2
8334,3
2462,7
2462,15
8491,8
11703,16
11703,15
11703,4
15423,17
14095,15
14095,7
14095,16
12260,16
11411,13
11411,10
15825,11
15825,8
15884,6
2513,5
2513,14
6064,14
6228,13
6228,15
6228,9
6612,5
6612,14
7362,15
5224,1
5224,9
5224,13
18027,3
18027,9
18027,17
11238,13
16967,3
16967,11
16967,7
1462,6
1462,13
1462,10
10197,1
10197,3
296,3
1079,9
1079,5
17309,9
755,11
755,15
12275,13
12275,14
12275,4
241,8
241,7
241,14
5228,5
5228,3
7077,1
1854,11
11906,9
11906,17
11906,5
6450,10
4018,2
4018,9
11989,10
11989,3
11989,5
8318,2
8318,17
11013,9
3231,2
12855,6
2129,9
2129,8
9298,14
13844,6
13844,10
16707,2
16707,13
16707,6
2302,2
2302,4
10973,16
10973,13
10973,5
13402,5
13402,16
13402,8
6042,12
6042,15
6042,5
469,13
469,6
469,17
13997,12
13997,3
13997,2
10441,5
10441,9
16834,6
11908,4
11908,5
15719,11
13133,8
13133,17
13133,6
3455,5
3455,16
3455,10
6962,4
6962,8
6962,13
16866,2
3236,1
3236,10
3236,15
6020,9
6020,10
17041,9
17041,15
17041,3
10871,9
10871,16
16352,2
16352,3
16352,10
2773,13
2773,6
7587,3
7587,8
7587,17
16752,13
4505,16
7104,6
7104,11
7104,15
6532,16
4380,16
4380,10
4380,5
1006,14
1006,8
1006,10
13261,4
13261,14
13261,10
3956,17
3956,13
8723,7
12374,1
12374,5
12374,9
2432,10
2432,8
6139,2
8280,10
8280,16
8280,12
13571,10
13571,17
13571,9
5446,10
5446,14
5446,15
16118,3
16118,16
16118,10
9038,13
10477,4
10477,8
13389,1
6408,7
6408,8
12539,13
12539,6
12539,8
2030,2
16081,10
16081,5
16081,15
6292,12
13401,8
14883,11
7006,4
7006,11
7006,16
16203,5
16203,3
3531,7
5590,17
11585,14
11585,10
11585,7
7704,15
7704,12
7704,4
2005,15
2005,6
2005,12
17543,5
17543,14
11680,13
12205,10
12205,4
9561,4
9561,1
9561,16
13514,9
11803,9
11803,4
11803,17
15632,17
15632,5
15632,9
2260,5
2260,16
2260,13
14906,4
14906,2
14906,15
9126,2
9126,16
5807,11
5807,8
18173,16
18173,11
8556,1
8556,7
8556,9
5041,15
5041,7
5041,10
235,17
7002,5
7002,9
6411,14
6411,10
12961,8
8751,9
8751,7
5842,8
5842,16
5842,5
5677,11
17050,5
17050,16
17050,8
15902,7
15673,13
15673,15
3288,12
13027,2
13027,1
15888,4
16580,14
16580,3
9342,6
9342,5
9342,17
10810,1
5822,14
5822,7
5822,9
7909,3
7909,4
2762,14
2762,3
189,14
189,9
189,2
14275,9
14275,8
16833,2
16833,14
16833,16
12766,4
12766,13
6381,12
6381,15
16326,12
16326,15
16326,1
11056,9
1113,6
14643,6
14643,16
16462,4
15184,10
12745,17
12745,11
12745,8
13291,11
13291,15
13291,10
6488,14
6488,17
6488,16
16053,14
16053,3
16053,17
10578,15
10578,17
6871,9
3960,9
2162,10
15436,6
15436,13
15436,12
1877,10
1877,17
1945,4
14455,6
8987,10
8987,8
9334,6
8458,15
8458,2
8458,16
1838,1
1838,7
2218,12
2218,7
2218,6
16888,8
16888,1
4179,7
4179,12
4179,9
12461,13
12461,14
6536,10
15300,14
5800,9
5800,5
5800,3
2940,5
2940,12
5263,12
5263,13
5263,14
11281,2
16514,8
8412,12
17142,5
17142,15
8752,15
1435,3
1435,5
1435,13
11658,7
11658,2
11658,3
2110,3
2110,5
2110,16
13238,4
13238,3
13238,13
6923,5
6923,14
6923,6
15083,5
14886,11
14886,14
14886,4
10784,7
10784,8
10784,17
4115,4
15659,4
15659,5
15659,14
9913,11
9913,1
9913,16
16388,9
13817,6
13817,2
10580,13
15558,10
15558,14
14118,13
14118,14
4831,9
4831,6
15113,7
15113,13
5203,11
5203,8
15200,7
15200,2
17166,5
1246,5
2853,7
5207,5
5207,4
5207,9
3724,4
5129,16
5129,8
5129,14
17028,9
17976,11
17976,1
17976,12
1457,5
14075,11
14075,2
1761,1
15692,5
15692,9
1409,7
1409,2
1409,13
16737,13
16737,3
3196,13
3196,3
13269,6
13269,1
5516,16
561,13
7052,8
7052,11
12220,9
12220,15
13905,14
2595,4
2595,15
2595,17
10277,9
10277,2
14365,10
1723,9
1723,6
1723,16
3347,17
3347,16
3549,6
3549,5
3549,17
15852,3
15852,15
15852,8
11868,13
11868,4
11868,14
16007,5
16007,7
2744,8
2170,10
2170,2
2170,6
7181,14
7181,9
7181,11
3752,15
3752,8
483,17
483,12
10938,7
10938,5
5571,8
14896,17
14896,11
14896,7
198,15
198,9
17914,9
17914,13
17914,16
1299,4
17353,4
6068,8
11103,17
12283,11
546,13
546,7
546,17
10947,7
15873,16
15873,8
9303,4
9303,5
6402,14
7074,17
2817,1
2817,2
2817,5
17867,3
15096,14
15096,7
15096,6
11090,14
18036,11
18036,13
1870,15
1870,2
1870,8
10069,9
6076,8
6076,3
6076,12
5013,4
5013,15
5013,6
3902,9
3902,12
3902,4
5183,6
5183,7
5183,11
3430,7
11730,11
11730,8
11730,17
1567,15
1567,12
2897,1
2897,17
6342,9
6342,11
6342,12
16104,6
17690,11
17690,10
17690,15
13384,1
11231,1
11231,7
11231,15
11689,14
4479,15
4479,1
7315,15
17131,12
17131,15
17131,9
2877,6
1937,11
1937,2
1937,6
100,14
935,15
619,3
619,5
619,7
16908,12
17295,3
17295,17
17295,15
12836,5
12836,13
10791,11
10791,4
16644,16
16644,1
16644,17
3398,7
3398,5
11421,2
11421,17
12799,7
7719,7
6437,8
6437,3
6981,8
6981,3
6981,13
754,6
7835,11
7743,9
2939,9
2939,17
5175,17
5175,2
6621,12
1286,9
2815,14
8826,17
1130,3
1130,6
10658,13
10658,3
10658,6
3852,13
4930,13
4930,16
4930,1
10425,1
10425,14
10425,2
2069,17
2069,14
16843,13
16843,14
9237,17
9237,16
8965,9
8965,17
14889,8
14889,12
14889,7
9712,17
9712,3
4989,17
15990,7
15990,8
15990,9
13555,3
13555,15
13555,2
11433,9
12869,14
12869,16
12869,12
10765,14
526,13
526,6
526,1
12365,17
12365,2
4012,2
15816,5
15816,4
12541,15
1498,3
16692,2
16692,10
13599,14
13599,13
13599,3
7952,4
7952,9
7952,8
6645,2
7090,6
7090,4
7090,1
16540,8
1629,2
1629,1
10348,16
13128,10
3006,10
3006,6
3006,16
9146,15
12816,3
18113,7
6702,15
5158,12
14147,16
14147,2
7197,11
7197,15
7197,1
12828,17
4389,10
4389,2
8647,7
8647,17
8647,6
13719,10
1183,4
1183,3
4596,1
4596,12
4596,14
9362,5
9362,11
3606,4
3606,3
3606,10
16245,10
16245,3
16245,8
3165,12
15455,10
15455,4
15455,16
392,15
392,17
392,5
17553,10
10189,11
10189,2
10788,15
10788,5
10788,6
1340,3
1581,13
1581,15
1581,14
15172,10
15172,17
15172,12
13457,6
11514,3
11514,14
11514,16
2633,6
2633,2
2633,12
2216,14
2216,10
10542,6
7406,12
1338,11
638,7
638,4
10652,13
10652,5
12104,15
12104,5
9135,12
2208,12
2208,3
2208,5
6398,3
12406,1
12406,17
5771,15
14917,15
2776,5
8907,11
7007,1
1527,5
1527,12
1527,1
12489,8
12489,17
12489,4
1677,10
1677,4
1677,3
14096,6
14096,9
6866,3
6866,8
6877,8
7965,5
7965,17
215,9
215,5
215,16
3097,8
3097,7
737,16
6366,15
6366,6
6366,17
8909,8
15394,15
15394,1
5958,9
5958,2
5958,1
16258,7
16258,4
14780,2
14780,14
3921,5
15312,17
15312,7
12188,13
12188,1
1068,2
1068,3
1068,13
10856,7
15019,8
15019,16
11870,13
1725,12
1725,5
11996,14
11996,6
4686,14
13092,17
208,13
7655,1
12345,2
12345,3
8072,16
8072,12
3780,3
3780,13
13498,7
13498,12
13498,10
400,5
14644,7
14644,16
17323,5
17323,11
17323,3
9096,10
9096,15
9096,6
7411,9
9960,11
9960,1
9960,6
12717,8
12717,5
12717,3
8940,9
8940,2
8940,5
15687,11
10610,15
8278,9
8278,7
8278,17
10120,15
10120,12
8238,15
8238,16
3991,3
3991,15
3991,14
13059,3
13059,9
7045,11
7045,4
738,7
9009,17
9009,12
9009,6
649,5
649,13
6990,14
3107,6
3107,13
7175,12
7175,3
7175,16
1445,14
1445,3
4808,2
4808,8
4808,16
10050,13
10050,10
12343,7
12343,8
12343,9
2499,10
16182,12
16182,10
12047,11
5551,12
5551,3
5551,8
14612,1
2663,12
3264,12
8763,5
8763,10
13355,4
15830,15
15830,14
15830,13
14110,9
14110,5
14110,6
11967,9
11967,2
11416,6
11416,4
11416,8
893,8
893,10
893,4
12481,8
8588,11
10922,8
10922,12
7446,2
1317,17
1317,1
17656,12
17656,4
17341,8
17341,11
6935,3
6935,7
17444,11
17444,16
7622,9
7622,10
12356,17
12356,10
17459,14
17459,16
17459,7
6732,8
6732,14
6732,15
15590,8
15590,4
15590,12
14741,16
14741,1
14741,10
4879,3
2974,8
2974,15
2974,17
6017,8
6017,5
10696,12
10696,5
10696,8
4043,12
4043,8
4043,4
7046,16
7046,13
2115,17
2115,2
2115,4
12703,15
12703,11
12703,14
15600,1
15600,15
15600,14
16331,10
16331,2
16331,11
17495,16
8104,14
1995,5
17489,2
1366,3
1366,7
16947,6
16947,13
16947,4
1055,5
1055,1
14731,2
14731,12
14731,1
11776,7
11776,10
17605,13
17605,9
17605,10
8122,15
8122,9
141,7
11639,9
4038,9
11179,8
7232,2
7232,13
12227,14
12227,11
11801,7
8762,5
8762,13
905,8
905,16
4176,4
4176,6
4176,12
5964,10
5964,17
14615,4
14615,17
14615,8
837,13
837,8
16446,9
16446,3
16446,6
5280,4
11235,16
11235,5
5653,12
5653,1
5653,11
4991,4
8783,16
8783,11
14277,13
14277,2
7604,12
7604,15
7604,17
10118,15
10118,2
5510,15
5510,12
5510,4
774,2
774,14
774,10
17918,6
17918,10
1492,5
1492,7
6206,5
6206,8
14253,3
11265,8
5997,9
5997,1
7804,5
3560,17
3560,15
18241,3
18241,8
18241,11
12335,14
12335,5
12335,15
6287,6
6287,3
449,9
449,1
449,4
17122,8
5209,6
5209,1
16983,13
16983,6
9034,4
7195,3
7195,12
8680,7
15128,3
13441,3
13441,8
8869,4
8869,6
8869,10
12276,15
12276,2
12276,3
5637,13
5637,10
10757,14
10757,5
10757,15
7726,15
16357,3
16357,1
16357,15
376,15
12629,6
12629,13
12629,14
16332,7
16332,4
16332,12
10243,13
10243,12
8655,3
8655,2
13658,16
13658,6
13658,9
13476,8
13476,9
5570,3
5570,7
1091,17
16929,2
16929,12
13517,9
7849,4
7849,11
7849,17
9056,9
9056,5
3394,12
3394,14
12293,15
12293,4
13454,5
13454,4
13454,1
10429,6
660,17
660,11
660,3
15285,10
15285,13
15285,2
11430,14
11430,17
6843,13
6843,11
6843,1
315,3
315,14
315,16
4721,13
4721,7
12325,15
3626,17
406,1
406,13
406,9
11696,9
11696,5
11095,10
11095,8
11095,14
9700,7
9700,4
9700,1
8640,4
8845,11
9991,4
9991,12
9991,17
8535,3
8535,17
1625,9
12805,12
12805,7
12805,1
15158,2
15158,3
5125,12
5125,17
4051,13
4051,15
17380,8
17380,2
1453,17
1453,13
1453,1
7767,15
7767,1
7767,13
1243,8
6468,5
6468,1
9773,3
9773,10
10119,13
3434,17
3434,8
14058,4
14058,7
15286,10
14745,12
14745,3
14745,10
6847,14
13242,16
13242,10
10299,5
10299,6
10299,12
5396,14
5396,17
6251,3
967,3
967,4
967,16
11203,5
11203,6
11203,12
8486,12
8486,9
8486,2
527,10
527,4
527,5
971,7
14449,17
14449,15
14449,12
10534,8
10534,12
12161,2
12161,15
12161,6
9972,1
15094,1
9387,4
6458,11
5893,8
11324,9
11324,1
11324,10
14967,15
14967,3
14967,9
55,17
55,14
55,3
6740,2
6740,8
6740,14
568,11
1844,14
1844,12
6285,16
6285,1
6285,3
14885,12
14885,3
14885,9
16443,4
17577,8
17614,7
13576,12
13576,7
13576,6
16166,11
16166,3
16166,16
9910,7
4182,11
4182,16
4182,12
14903,5
3639,12
3639,2
4588,16
4588,8
11253,12
118,15
118,14
9778,1
4003,6
13826,13
13826,14
6540,11
6540,2
14775,5
14775,3
16133,17
8449,10
8449,4
6062,14
4531,3
13664,4
13664,5
13353,16
13353,17
13353,13
1942,3
8009,11
8009,9
8009,7
4134,12
4134,14
8773,8
11243,6
18218,17
18218,15
2547,3
13875,17
13875,6
13875,9
4079,15
13662,9
17629,4
2651,3
16507,13
9963,14
9963,8
9963,16
14414,5
14414,7
9765,13
9765,17
1152,15
1152,17
1152,8
15038,9
1111,11
1111,14
6574,13
6574,2
14425,3
545,2
545,12
545,16
2178,9
2178,4
2101,7
2101,8
2101,17
14273,1
14273,17
15217,5
15217,8
15217,1
13502,15
13502,11
13502,17
3785,3
3785,2
10722,16
14383,12
16415,14
7020,13
10150,6
10150,2
5659,4
5659,2
1306,8
1306,3
1306,17
6688,9
12490,6
12490,14
6452,17
6452,15
6452,14
15625,3
1788,2
1788,10
1788,13
283,14
283,15
283,10
2781,11
2781,15
2781,3
2562,1
2562,10
8977,13
8977,4
9607,13
9607,11
9607,16
1895,6
16969,7
14844,9
14844,3
14844,15
10209,8
6798,12
5136,3
5136,7
5136,13
10889,11
3294,10
3294,12
3294,2
15967,15
15967,16
8865,1
8865,17
8865,8
155,11
155,4
15414,6
15414,2
15414,7
8526,2
8526,13
13701,1
13701,4
1741,4
1741,12
1741,15
16747,5
16747,11
17892,13
17892,7
2192,12
2192,16
702,17
702,9
15442,10
15442,17
12352,3
12352,11
12352,12
9411,11
6384,3
6384,13
6384,11
9530,1
9530,15
9530,9
3091,9
3091,8
3091,12
17006,4
17006,17
1217,9
1217,5
1217,17
16824,8
16824,17
18159,1
2168,6
2168,14
2168,4
1110,13
1110,11
1110,2
6368,6
6368,16
6368,2
882,6
882,14
9043,2
6535,10
4591,16
4591,7
4591,12
17820,13
17820,15
17820,4
14910,5
14910,2
9254,13
6460,9
6460,8
15275,6
15275,15
1939,5
5017,15
5017,1
16090,9
16090,16
14119,16
14119,14
14119,8
9547,1
9547,2
7101,17
7101,1
7101,13
740,15
9695,9
9695,11
9695,7
4157,5
4157,11
4157,8
3952,9
6078,14
4229,12
4229,1
4229,14
440,6
15741,2
11824,7
11824,9
11824,17
7366,9
12346,5
12534,6
12534,16
874,9
874,2
874,4
16210,15
16210,9
4493,6
4493,1
4493,10
14431,8
14431,17
7440,3
7440,13
7440,2
9986,11
14430,14
6560,15
6560,4
6560,10
5832,12
5832,8
1252,14
1252,17
5603,1
2992,1
15446,7
3490,6
8113,2
9130,15
8619,6
8619,10
8619,3
10213,1
10213,9
10213,7
15580,1
15580,2
15580,6
11210,9
11210,1
7589,15
7589,11
7589,10
14048,12
14048,2
14048,5
5313,5
2644,10
3203,16
13987,11
17576,15
17576,11
3692,12
3692,8
1596,7
14057,7
14057,13
16553,4
14486,9
14486,14
4754,12
4754,15
4754,4
1251,7
1251,16
12440,4
9439,2
9439,6
9042,12
14007,14
14007,5
2726,3
2726,4
2726,13
4089,10
4089,13
11902,9
11902,11
11902,2
12827,7
12827,16
12827,8
9685,15
9685,16
8852,12
12185,5
12185,9
12185,10
11083,14
11083,3
14123,7
14123,9
14123,13
13845,9
13845,2
13845,4
13697,13
11037,12
11037,2
11037,1
13540,16
6025,2
8608,7
8608,13
3102,4
3102,5
5994,9
3069,7
12718,17
12718,6
12718,16
15319,7
15319,17
8112,15
8112,4
8112,16
7989,6
7989,5
7989,11
16201,15
10205,14
10205,15
3186,6
3186,8
16638,2
16904,16
3864,6
3864,17
3864,13
2835,12
2835,10
2835,13
16622,7
16622,14
16622,5
17078,10
6892,4
6892,7
6892,13
8500,7
14698,8
14698,7
14698,6
12418,13
4955,16
13047,10
16089,15
16089,13
16089,17
5123,17
5123,14
5123,11
12860,7
12860,5
12860,6
3144,2
3144,14
3144,4
5978,10
5978,7
5978,6
13554,9
13554,7
13554,4
7630,4
7630,6
7630,15
10862,6
10862,4
10862,3
15925,3
15969,7
15969,16
15969,3
7056,2
7056,6
17130,17
17130,14
17130,1
5888,9
760,15
760,17
760,4
15080,2
15080,16
15080,7
11762,6
13234,6
13234,17
15010,3
15010,13
15010,15
16123,16
16123,1
16123,13
4499,2
4499,8
4499,13
3443,9
14321,11
14321,17
14321,2
13917,15
10683,3
10683,16
3363,15
3363,4
1964,13
1964,16
9154,12
9154,17
9154,8
2590,15
12312,9
12312,17
12312,4
10949,2
10949,14
10949,7
13243,4
13243,9
13243,5
10457,1
10457,10
10457,9
8767,16
1521,7
1521,1
1521,11
17965,17
8641,9
8641,5
8641,1
4562,14
15883,11
15883,7
15883,6
1487,2
1487,15
13695,4
13695,8
3074,13
3074,14
3074,12
11565,17
11565,14
15782,14
15782,13
15782,10
13444,6
13444,13
15802,10
15802,9
15802,4
4410,16
4410,15
4410,12
17256,6
236,4
14525,3
10527,15
10527,5
525,9
525,15
525,13
5070,11
468,8
468,15
8305,3
8305,13
13018,3
853,7
853,13
853,9
12467,4
12467,11
18247,12
18247,11
18247,13
5710,1
3867,15
3867,5
3867,3
9149,8
14020,2
14020,14
9772,10
9772,6
11616,11
11616,4
7485,4
7485,1
10695,3
10695,12
9517,3
10416,9
4937,10
12778,8
12778,14
12778,11
17288,3
13960,17
13960,14
13960,4
9232,8
9617,3
9617,10
17922,11
600,9
3709,4
10442,5
10442,7
10442,12
13710,6
15408,3
14610,15
11577,1
12174,15
12174,11
5954,12
5954,5
15377,8
15377,10
15377,6
10404,13
17481,2
17481,6
17481,12
2672,10
2672,8
5868,17
5868,15
5868,3
11586,11
11586,15
10878,7
1731,4
12169,9
4490,6
4096,7
4096,8
4096,17
1279,4
16631,9
16631,16
16631,2
9555,9
4030,5
4030,2
4030,1
3170,9
3170,3
3170,14
3491,15
3491,16
9623,10
9623,4
9623,11
16659,7
16659,11
16659,10
14542,3
14542,1
8838,3
8838,12
8838,11
17627,16
14882,10
14882,6
1923,4
1923,11
1923,2
11449,10
11449,2
11449,16
10712,10
1187,15
3622,17
3622,1
3622,3
2339,8
2339,12
2498,6
12944,6
12944,2
13630,5
13630,8
13630,1
9576,3
9576,4
4026,16
4026,6
4026,8
8205,5
8205,17
8205,12
12273,2
13445,1
13445,13
13445,5
9583,10
9583,11
9583,9
6024,13
6024,9
15647,1
15647,4
16125,6
16125,8
7687,4
2626,16
2626,15
2611,17
14038,15
14038,2
9446,6
102,8
102,6
7971,6
7971,8
5623,13
5623,12
10621,14
10621,9
9946,16
15844,11
15844,5
349,5
349,14
9611,11
9611,14
4254,7
12645,15
12645,5
12645,14
15651,16
15651,15
15651,10
9202,13
9202,9
9202,8
12311,6
12311,13
6340,5
6340,14
6340,16
6638,4
10014,16
10014,9
10014,14
4202,8
4202,5
4202,9
9054,6
9054,14
9054,5
5040,6
140,2
7820,14
7820,16
13105,15
11698,2
11698,3
11698,16
2712,12
5241,9
5241,8
3812,3
3812,4
3812,13
11881,11
16502,2
16502,1
3034,5
3034,3
11581,10
11581,17
9727,7
933,8
10394,17
10394,10
10394,9
16664,11
16664,13
16664,6
18186,2
18186,7
18186,16
6156,4
6156,9
6156,16
1326,3
13958,8
13958,6
9338,17
9338,4
9338,6
17292,8
17292,3
17292,17
5329,7
5329,9
5329,16
10717,4
10717,5
10717,12
16301,5
16301,8
10137,11
8918,13
8918,6
8918,10
2501,17
2501,3
10919,7
10919,2
13949,8
13949,6
13949,2
14470,5
14470,11
14470,6
12103,12
12103,13
12199,1
12199,13
12199,2
13148,12
2357,1
2357,10
7475,10
7475,3
7475,12
647,8
647,6
647,7
17936,6
14846,14
8740,16
8740,3
11646,13
11646,6
2185,15
2185,12
2185,11
9320,17
9320,12
10789,17
10789,16
10789,3
14217,5
18072,11
18072,14
18072,13
3139,1
3139,17
15272,9
15272,8
10167,6
10167,12
9774,10
9774,14
16000,7
16000,10
16000,1
6811,7
224,2
224,6
15918,15
3268,8
3268,10
5922,12
5922,16
5922,14
9586,11
9586,10
9586,1
9715,5
17387,1
17975,2
17975,13
17975,5
389,12
389,10
6030,9
6030,6
6030,12
2538,4
2538,13
40,7
40,17
1430,11
1430,1
11145,7
4086,5
4086,7
4086,15
1345,6
7214,12
7214,9
7214,1
11534,10
15380,13
15380,17
15266,9
15266,8
15266,2
13486,10
8638,9
8638,14
8638,4
7433,8
7433,13
14477,17
15619,17
1470,14
2640,12
2640,1
6585,10
6084,2
6084,4
9672,8
9374,8
9374,9
12928,17
14281,4
14281,13
14281,11
11525,8
11525,10
10946,15
10946,12
10946,14
18133,2
6761,13
6761,5
1631,3
1631,11
1631,13
9044,7
9044,8
9044,3
17346,7
17346,14
17346,3
8399,17
8399,9
13673,6
13673,4
16835,3
16835,17
16835,1
16307,17
2317,8
2317,7
9921,1
17853,14
17853,13
17853,2
1132,16
1132,7
1132,14
7389,15
7389,13
2679,3
2679,12
2679,2
14759,4
13970,2
13970,6
13970,14
17950,6
1517,15
1517,10
1517,14
12699,8
12699,2
12699,7
10421,5
10421,6
5672,13
5672,4
11773,11
11773,2
11773,17
1654,16
1654,14
2695,6
2695,8
4100,8
1377,16
1377,4
15553,7
15553,3
15553,16
2014,8
2015,6
2015,3
12570,1
12570,2
12570,9
15003,13
15003,10
17491,3
17491,8
17491,4
3811,2
3811,7
3811,16
18156,10
18156,7
8757,12
8757,5
669,4
6063,15
6063,3
11266,12
11266,10
8029,12
8029,3
8029,5
16698,7
12037,2
15459,12
15459,10
15459,7
12333,15
12333,8
12333,13
1734,2
3735,15
5561,1
5005,8
10924,9
10924,14
10924,13
7532,11
7532,1
7532,8
4469,13
4469,8
17970,4
17970,16
17970,17
6449,5
4559,12
1136,14
16564,14
2997,13
2997,8
2997,1
5778,6
5778,3
6845,17
17828,10
17828,9
8887,8
8887,5
6690,13
6690,4
15975,17
15975,6
15975,12
17026,10
17026,6
17026,4
1821,7
16655,2
16655,4
16655,6
4735,15
4735,13
15733,1
1515,17
218,4
218,9
218,10
13471,13
17153,13
17153,10
8155,10
8155,3
5204,4
10985,13
10985,14
10985,11
17967,1
17967,8
17967,6
12625,8
9500,5
9500,17
5891,3
5891,6
2281,12
2281,11
2281,2
12983,3
12983,5
17655,11
17655,16
17655,1
7625,17
7625,1
6289,1
6289,10
6289,17
9013,6
9013,12
9013,2
16423,8
16423,12
259,5
259,2
4321,15
4321,7
4321,10
9554,8
9554,11
16399,15
7673,16
7941,4
7941,13
11028,11
11028,6
6415,1
6415,16
16057,1
14685,11
14685,14
14685,13
10134,8
10134,15
10134,9
14728,16
17773,16
2953,13
2953,14
7431,6
17953,10
13750,16
13750,10
3132,17
722,10
722,12
17215,10
17215,5
7428,15
14603,11
14603,9
11960,6
8489,7
8489,2
3439,2
16556,6
16556,5
15725,9
12632,11
12632,8
10035,7
10035,1
10035,14
339,10
5734,4
5734,13
14339,16
14339,8
1794,7
1794,12
4760,10
5688,11
5688,5
13180,15
13180,12
7639,13
7639,10
8415,15
9752,11
12679,8
12679,11
12679,16
3182,3
3182,17
9381,13
10017,7
10884,5
10884,14
6167,8
6167,12
1947,1
1947,8
10158,12
10158,2
10158,10
14162,2
14162,11
14162,4
8123,6
8123,13
8123,2
15583,9
15583,11
9878,6
9878,15
9878,3
18172,16
18172,11
4460,5
12011,6
8983,3
8983,16
8276,3
8276,15
18204,5
18204,14
18204,17
3636,1
3636,16
3636,15
12112,3
12112,4
17488,4
17488,14
17488,5
4881,12
4881,4
4196,1
4196,7
15438,11
15438,3
15438,4
16975,16
10796,17
14758,1
14758,2
11262,7
9633,4
9633,3
9633,7
3822,2
3822,10
3822,3
3118,16
4464,17
4216,2
4216,1
4216,4
6765,16
6765,13
6765,2
13021,13
7859,5
7859,8
7859,12
14108,13
14108,3
6397,3
6397,13
11907,12
608,15
608,2
608,1
2319,1
2319,13
2319,7
1480,1
1480,9
1480,17
6232,2
16738,12
15921,6
5252,4
5252,5
5252,10
17211,12
8576,16
8576,14
13063,2
16480,17
16480,11
16480,3
16949,15
16949,17
14976,10
14976,5
7098,14
7098,9
7098,10
2027,16
2661,13
9820,12
9820,10
8233,14
16043,16
16043,13
13812,7
13812,8
16526,4
8468,5
8468,1
15332,11
15332,1
9083,16
17460,14
17460,2
14193,10
14193,13
13373,8
15363,15
15363,11
15363,4
13124,6
13124,1
16360,14
1350,16
15688,14
12985,5
12985,10
1451,13
1451,15
1451,10
12663,12
9749,2
9749,6
9749,7
8595,3
4022,16
4022,3
4022,15
1672,14
1672,17
15732,12
15732,5
15732,3
10030,4
4075,9
4075,7
4075,11
6197,11
6197,1
6197,15
8019,9
8019,12
15151,9
15151,17
15151,8
443,7
443,9
443,15
2452,2
2452,12
9039,12
3328,16
3328,14
3328,10
7969,16
7969,6
3805,11
3805,2
3805,15
10933,15
10933,2
10933,16
12411,5
12411,10
12411,7
2022,11
8035,11
8035,7
8035,8
7386,7
7386,12
7386,14
6358,1
16876,16
16876,15
13624,1
6194,16
18130,2
18130,6
5548,8
5548,7
5548,1
4786,16
4799,4
2268,1
2268,12
2522,11
2522,5
1807,4
15215,16
15215,17
15215,1
223,6
223,7
3129,11
3129,10
3129,5
12055,15
6252,4
6252,3
6252,16
14789,15
14789,1
14789,13
11809,3
11809,4
11809,11
4532,17
6984,4
6984,1
6984,17
11891,12
11891,11
7112,17
7112,16
7112,14
11020,8
11020,13
11020,4
14869,9
14869,8
2303,14
9982,12
9982,11
9982,13
8040,16
8040,1
8040,7
12659,10
16759,16
17911,1
17911,9
923,3
923,14
14173,1
14173,10
5373,11
5373,15
2932,9
13219,12
13219,1
4739,17
5358,2
7388,14
7388,11
7388,17
662,1
662,2
9851,14
1098,5
1098,15
11478,14
11478,7
11478,2
6697,17
6697,7
13612,9
13612,2
1665,13
2859,6
2859,16
11748,11
11748,15
982,4
982,14
982,15
2794,2
2794,11
2794,13
5298,14
5298,4
5298,15
17678,15
17678,10
7545,9
7545,16
3519,4
7991,12
7991,9
7991,1
15353,11
18208,3
8306,15
9379,13
10027,8
10027,17
10027,9
8662,3
8662,15
513,8
16062,3
6522,4
6522,3
15192,16
14252,17
14252,5
11826,7
11826,2
8820,4
8820,3
3985,13
3985,5
17207,2
17207,9
17207,13
3850,9
3850,14
11289,14
11289,6
17924,10
3437,16
2409,2
2409,9
2767,2
2767,5
2767,6
12132,6
12132,8
7426,3
3745,9
3745,11
3745,1
15637,7
15637,14
15637,4
13722,5
13722,9
13722,8
13703,6
13703,15
16903,3
16903,9
8613,2
8613,14
15344,7
15344,5
15344,3
13336,10
13336,8
13336,14
3942,6
3942,15
3942,1
6657,3
6657,12
793,16
793,17
8685,14
8685,6
8685,13
4519,5
8221,9
8221,14
16180,1
16180,2
16185,1
16185,4
16185,11
18078,4
18078,12
9856,16
10725,8
10725,10
15371,3
15371,9
1214,16
16270,1
16270,14
16270,6
1105,3
1105,2
1105,10
4620,2
4620,7
7621,8
7621,6
7621,7
13593,10
10310,4
12600,16
3380,15
3380,13
3380,3
17862,17
17862,5
17862,16
1001,10
1001,12
9473,13
9473,11
17881,4
2813,7
9145,2
9145,16
725,3
725,12
12874,3
12874,15
6155,7
6155,3
3817,2
3817,5
9419,13
2966,1
2966,7
2966,6
12639,1
12639,11
3463,7
5370,10
5370,15
5370,3
3138,6
3138,1
3138,11
11702,3
16083,17
14778,5
2474,1
9266,12
13485,1
13485,9
15836,6
14358,13
12238,12
12238,8
13341,13
13341,3
13341,11
5264,14
5264,17
5439,2
5439,15
17162,13
17162,17
8470,3
8470,9
8470,5
3880,8
9143,4
9143,2
9143,16
14632,3
14632,13
14632,9
17114,14
8217,3
8242,2
8242,9
13706,11
13706,2
13706,17
575,9
13166,17
13166,8
11009,12
11009,17
11009,1
8818,3
8818,13
17282,15
4594,13
8356,8
8356,12
8356,14
16513,14
16513,1
16513,15
14807,7
14807,3
14807,15
8796,2
10787,3
10787,6
6662,8
6662,6
17608,15
17608,7
12598,11
12598,12
11962,17
13157,16
11257,11
7931,14
7931,6
7931,15
13312,2
16082,14
8954,16
8182,6
367,6
367,3
6895,14
14969,11
14969,1
181,5
181,12
7650,5
7650,16
7650,2
7233,13
1757,15
10311,1
10311,16
2072,11
14666,6
14666,7
4005,7
15955,5
15955,8
15955,2
16306,11
16306,13
16306,14
12619,15
8121,11
8121,5
8121,8
7683,12
7683,2
7683,9
4347,7
4347,17
6072,9
6072,1
4817,14
826,3
826,14
826,9
1020,17
1020,5
5046,16
4948,14
4948,2
4948,8
4303,5
8295,11
8295,7
8295,12
18171,13
18171,14
4971,14
4971,2
4971,5
5411,9
5411,4
13927,15
13927,8
13927,2
263,12
12945,5
14437,11
14437,15
7359,14
7359,16
7359,7
327,16
900,15
900,16
5652,1
5652,5
11427,8
11427,11
10475,2
14928,9
2293,4
2293,10
1949,12
1949,5
10899,9
1360,3
1360,8
1360,15
8382,11
8086,16
8086,8
8086,3
14200,17
14200,7
16428,1
16428,4
11336,8
11336,1
11336,6
16110,8
4401,6
10688,9
9478,8
9478,11
9478,17
3195,3
15791,2
15791,16
12615,9
12615,16
9625,16
2580,16
2580,6
10472,5
10472,15
14824,4
8269,8
8269,13
12071,9
12071,8
6192,8
6192,4
6192,15
4895,17
4895,11
1668,8
1668,7
1668,13
3083,1
12419,14
15006,15
17430,4
17430,14
14261,15
720,6
14953,14
4249,15
13743,17
14082,7
14082,2
6551,14
6551,1
13450,12
8227,2
8227,8
8227,3
9539,10
3556,4
9483,11
9483,4
9483,5
444,5
15107,6
5173,11
5470,13
5470,16
5470,3
3943,11
10745,15
10745,8
10745,17
3900,17
3900,13
3900,8
2327,6
10082,8
10082,14
10082,7
16745,2
14065,7
14065,11
14065,4
3713,16
3713,10
13248,6
13248,5
5150,6
5150,11
5150,13
9012,6
16045,4
16045,11
13931,2
13931,8
13931,3
5836,15
14939,2
14939,15
2246,15
2246,11
2246,9
4153,16
4153,3
11454,6
11454,9
4986,13
16406,15
16406,6
1090,9
1090,15
1090,8
2256,16
12028,15
12028,8
12028,7
11292,12
1191,6
1191,11
1191,7
14063,14
14063,12
2461,4
6719,16
6719,11
7383,11
7383,16
5697,8
7659,17
7659,4
1840,4
1840,16
16681,3
16681,12
16681,7
3449,11
16362,7
16362,4
2818,1
2818,3
7013,3
3945,2
3945,4
3945,9
6244,13
6244,7
6244,6
2473,10
2473,3
17040,5
17040,1
17040,2
17494,7
17494,11
17494,5
5200,8
5200,6
5200,9
4603,6
4603,9
8599,6
4821,5
4821,13
4821,8
15895,2
15895,11
4727,8
2484,10
2161,10
6586,3
15848,2
15848,8
15848,12
3967,14
17364,10
17364,3
17364,16
1943,15
17378,15
17378,14
17378,13
3126,9
3126,10
4612,9
16319,10
16319,13
16319,6
5486,5
5486,2
8574,8
8574,10
8574,14
2059,7
2059,14
2059,13
2886,5
2886,13
4960,5
217,12
217,8
217,9
12505,2
12505,5
1034,15
1034,2
16722,9
6795,16
4267,2
4267,3
4267,9
9326,6
9326,8
9326,2
3665,6
14787,2
10837,1
10837,9
18046,10
11663,9
11663,12
11663,13
472,10
472,5
472,13
9835,7
9835,3
9835,12
12862,6
3907,9
11828,13
11828,6
11828,11
17183,10
11385,13
11385,4
11385,7
1806,8
9183,1
18054,3
18054,15
13920,9
13920,3
13920,10
9941,13
9941,15
9941,12
12801,4
1301,13
5926,6
5926,10
5926,2
16454,2
16454,10
10245,10
15744,8
15744,3
15744,7
15624,11
15624,6
15624,15
15531,12
15531,11
3115,16
3115,11
12803,7
15737,4
1812,9
1812,4
1812,2
2677,10
2677,11
128,16
16932,16
16932,17
13684,17
5156,6
5156,4
5156,16
1159,5
1159,17
1159,10
10910,16
10910,14
10910,4
5453,14
15909,11
14861,11
14861,13
14861,2
17224,4
2180,3
2180,13
2180,1
15247,2
13696,15
13696,9
3364,4
17712,3
17712,1
3983,4
3983,7
14022,15
11858,17
17775,7
17775,10
3159,4
3159,1
3159,13
15505,10
9763,1
9763,15
9662,2
9662,14
13653,5
9459,5
9459,17
9459,15
3955,7
12324,15
12324,4
13222,1
12562,9
12562,12
12562,14
10642,1
10642,15
6868,10
6868,17
6868,15
15375,11
15375,4
15375,5
9884,2
9884,16
13479,4
12023,14
12023,1
12023,17
18256,7
18256,13
4730,10
4730,15
7546,13
7546,14
2635,16
3737,6
3737,7
2009,4
2009,10
2009,6
11192,17
11192,16
9520,13
9520,17
17977,2
17977,10
13262,12
13262,13
13262,10
3645,6
3645,14
3645,4
15961,9
8861,2
8861,11
14098,15
14098,11
3414,17
3414,9
16560,4
6893,4
6893,9
6893,7
18025,12
18025,8
18025,11
12742,3
12742,1
17262,6
6364,9
14054,11
15264,16
10224,17
10224,13
10659,8
13513,9
13513,6
16066,3
16066,11
7529,9
7529,14
15175,3
7499,9
7499,14
7499,8
1657,5
1535,16
1535,2
2136,7
4428,15
4428,16
4428,9
12685,7
12685,2
12685,15
11503,8
10506,3
10506,5
16772,13
16772,6
6680,15
6680,1
6680,9
2736,16
2736,11
2736,14
11968,13
14109,4
7193,7
17098,12
1819,7
1819,6
1819,11
13074,16
6486,12
6486,10
12029,16
12029,11
12029,12
8816,5
8816,4
8816,16
15626,11
7296,10
7296,12
7296,4
13325,4
5583,3
5583,17
4832,7
3201,4
3201,3
17993,12
5578,8
9430,14
9430,15
9430,13
6014,1
15342,17
10434,15
10434,9
7140,11
7140,3
7140,8
13643,17
13643,6
9632,15
6128,9
6128,1
6128,3
17186,16
17186,3
12794,3
12794,6
12794,14
8419,17
8444,16
8444,7
16815,2
9824,16
9824,11
9824,13
1074,16
13052,8
13052,14
17333,11
17333,16
5811,4
5811,2
11564,16
11564,15
11564,2
10546,11
10546,12
5213,1
3,11
3,12
3,17
5342,4
14008,7
2525,14
12528,1
12528,16
12528,11
1894,2
1894,8
1894,11
4198,6
4198,10
4198,9
7895,7
7895,15
1518,10
13263,11
13263,16
13263,14
4979,2
1804,4
17286,15
17286,17
10619,5
10619,4
10619,6
11480,1
11480,10
4304,5
4304,11
11036,1
11036,3
5236,8
8189,16
8189,14
11640,17
15775,16
15775,7
4265,12
9330,16
9330,7
2108,4
2108,3
2108,9
4413,3
11936,2
12649,13
15157,8
16588,6
16588,1
4650,10
6518,8
6518,13
6518,7
1302,8
1302,3
1302,16
846,11
846,6
846,4
2971,5
7759,9
10993,8
15721,16
15721,7
15721,9
4477,8
4477,12
4477,5
10335,8
13741,13
16383,14
16383,15
17373,11
1231,2
5912,2
16641,9
16641,5
12623,3
7702,10
7702,14
5075,14
5075,6
5075,1
8109,14
8109,12
8109,6
17404,13
17404,4
17404,10
16538,8
16538,2
16538,7
14005,2
14005,16
7371,15
7371,6
3786,15
3786,12
3786,14
5738,5
5738,16
11375,4
11375,11
9518,3
13048,2
10960,4
10960,14
17037,16
17037,7
17037,5
5718,10
11526,14
11526,3
11526,16
2998,7
862,17
862,7
12660,12
16684,15
10756,13
10756,6
5159,8
15336,10
15336,2
15336,1
3461,7
3461,15
3461,6
18225,7
18225,15
18225,6
7688,4
15056,6
15056,1
1540,2
14806,15
14806,3
5189,11
12338,16
12338,9
9032,6
9032,16
9032,15
18212,4
18212,7
18212,8
11350,10
11350,1
11350,14
6090,3
6090,2
7210,17
7210,1
11913,14
11913,16
6161,3
5984,13
16097,17
16097,1
16097,4
6924,9
6924,6
6713,10
6713,9
6713,4
7100,8
1253,3
1253,1
15349,13
15349,12
12054,17
12054,1
4456,3
4456,2
4456,12
16729,14
16729,11
16729,10
7234,4
7234,10
7234,2
16235,17
16235,6
16235,11
4335,1
7048,6
9079,7
9079,16
14188,7
14188,9
17896,17
17896,1
17896,6
1924,7
1924,1
1924,9
5007,10
6054,8
6054,11
6054,13
16292,17
16292,5
16292,6
11744,13
510,7
510,11
7512,15
13818,12
13818,3
12043,2
12043,12
12043,13
6282,2
6282,17
3506,7
3506,14
11143,16
15570,9
4205,9
4205,3
4968,14
4968,17
4968,3
10944,5
10944,7
10944,12
14101,5
1060,7
706,4
706,9
706,11
16832,3
2645,9
2645,17
10786,8
10786,13
10786,11
13809,4
13809,1
13809,12
17244,6
17244,17
17244,16
11754,1
11754,7
14140,2
14140,14
4383,14
9050,17
9050,6
9050,12
7988,9
849,4
849,8
849,9
2430,16
978,7
978,15
4114,5
4114,7
4114,10
17957,8
17957,2
5218,1
5218,17
9669,4
9669,6
986,17
986,10
986,6
10166,4
10166,15
10166,2
10177,2
10177,7
10177,13
7253,1
6766,6
6447,11
6447,10
6447,8
3986,10
3986,8
10336,7
10336,12
10336,4
4521,14
13099,6
13099,2
12959,15
17149,10
2264,6
4094,2
4094,3
4094,9
4751,6
4751,17
4751,12
4122,8
4122,5
3280,7
3280,9
3280,8
9674,8
9674,1
17190,1
4642,6
7716,10
7716,1
1907,16
1907,3
1907,2
6333,2
2955,3
1501,14
1501,12
9265,4
9265,11
16931,12
16931,7
16931,5
3253,12
18273,14
18273,13
18273,17
7563,17
7563,9
12546,11
11784,2
11784,9
11784,14
8110,17
8110,1
8110,7
1303,15
16720,17
3640,11
11716,15
11716,2
11716,6
10737,7
14637,3
13755,15
13755,4
13755,8
18082,6
12966,17
1448,4
1448,14
1448,7
14972,6
14972,3
14972,16
10203,8
9002,4
9002,10
9002,15
914,17
914,6
11178,15
8152,9
8152,14
15095,10
153,13
6378,12
8985,17
8985,7
8985,9
5546,10
5546,14
5546,17
2488,1
2488,6
5946,9
6883,4
6883,13
16650,11
16650,5
1288,9
8741,15
8741,4
6028,13
6028,2
10959,4
7261,11
14936,5
14936,4
16377,4
16377,10
1739,5
1739,4
838,1
3168,12
3748,1
3748,16
3748,15
12319,1
7595,4
7595,9
7595,1
5806,7
5806,12
5806,15
1994,5
1994,12
16142,17
16142,12
12572,14
12572,11
12572,4
18224,12
7432,5
7432,1
10848,11
10848,6
10848,14
14350,14
14350,1
8756,4
12851,6
4239,3
4239,1
15289,1
12868,9
12868,6
1352,4
1352,6
6357,8
6357,1
7892,16
7892,6
7892,8
7751,13
9371,8
9371,3
8999,2
8999,3
12696,10
12696,12
1418,8
1418,5
12244,15
12244,14
10021,11
10021,1
10021,2
14218,1
14218,15
7283,15
7283,4
1664,5
1664,13
9646,11
4945,1
4945,3
15715,8
15715,16
15715,7
13642,14
5764,5
5764,16
6894,14
6894,6
9412,13
11798,2
8472,1
8472,17
8472,4
6308,11
6308,7
6308,8
6748,16
6748,14
4287,4
4287,1
4287,8
15592,9
11306,6
4959,13
4959,5
8071,4
15427,13
1950,2
1950,7
1950,11
8347,13
8347,11
13583,11
13583,10
15720,16
15720,15
149,1
149,8
149,6
7594,12
14790,17
14790,5
14790,2
4589,5
15670,7
15670,2
15670,3
10847,9
10847,4
14853,8
14853,15
14853,17
5113,2
4299,10
4299,3
15727,14
7009,6
7009,2
17560,11
17560,4
17560,9
8332,16
10105,2
10105,1
10105,16
16230,10
11445,10
4174,5
4174,2
6034,5
6034,3
5249,9
3845,3
5709,4
5709,10
1439,8
1439,12
15245,16
9364,3
9364,8
9364,12
13829,10
13829,3
14836,6
14836,10
14836,16
6736,10
6736,3
6736,15
11043,5
11043,2
14312,3
14312,7
14312,12
16811,4
16811,9
16811,13
5852,12
5852,8
5852,15
13785,3
15559,10
15559,15
15559,3
12270,15
12270,11
12270,1
14195,1
14195,11
14195,14
9602,16
9602,17
6703,3
17314,17
17314,13
17314,14
5397,11
5182,5
5182,17
13682,10
13682,16
13682,11
3829,2
9725,8
9725,14
9725,13
3125,10
15894,5
15894,8
15894,3
5713,13
9215,10
12393,14
14509,13
14509,6
14456,6
14456,9
14456,11
4518,15
4518,3
4518,6
13011,2
17450,6
17450,3
17450,17
14197,10
14197,11
1537,4
1537,6
1537,17
6379,15
6379,13
11226,11
11226,14
12657,4
12657,13
3877,14
3877,16
10039,2
15764,7
15764,14
15764,9
3741,8
14356,1
14356,13
14356,4
8568,3
8568,11
8568,9
11536,3
11536,13
11536,6
3200,12
8560,2
11500,16
11500,5
11500,2
15829,16
15829,7
375,15
375,12
6899,2
6899,7
4256,10
4256,17
9358,14
9358,8
5655,16
5655,4
5655,15
7170,11
7170,14
14842,6
13475,8
13475,1
13475,17
125,16
13043,6
5006,7
5006,9
10794,10
762,5
5589,6
2465,1
2465,11
9153,6
9153,9
9153,14
8372,14
8372,15
8372,16
8788,5
8788,6
10674,1
10674,10
10674,3
517,6
517,11
491,3
491,6
491,10
4119,17
11041,9
11041,4
12506,2
12506,10
6371,1
17433,11
17433,9
845,14
845,5
845,7
6572,17
6572,6
13699,5
13699,8
1428,8
1428,17
1428,3
1934,11
1934,9
1429,8
1429,12
1429,15
1716,4
17517,16
17517,13
17173,7
17173,15
17173,12
7333,10
7333,14
7333,4
15734,13
11284,7
11284,6
11284,3
12403,5
12403,2
12403,3
15644,1
15644,10
15644,7
5703,17
5703,15
5703,1
687,2
687,14
11900,12
10850,5
9461,6
9461,4
9461,16
12532,7
12532,1
12532,12
14010,14
14010,10
9549,17
9549,3
9549,12
14067,7
14067,16
14067,15
14721,11
17832,3
17832,14
17832,11
5151,17
5151,1
5151,4
5109,2
5109,12
4021,9
2122,13
2122,15
2122,7
10896,8
10896,13
10896,14
3067,1
17351,17
17351,2
17351,3
4484,14
785,16
785,13
785,12
3839,4
15420,8
15420,6
8786,4
8786,5
8786,9
10880,6
10880,14
10880,4
7907,11
16016,6
16016,5
16016,17
1842,17
1842,5
1842,8
3743,12
14192,16
14192,4
2754,11
2754,8
2754,7
5519,5
750,7
750,10
750,14
10019,13
10019,2
8679,1
8679,9
8679,13
7756,12
7756,14
7756,15
13461,12
13461,4
943,13
18019,3
18019,6
18019,10
16183,7
15931,17
15931,5
4654,5
1573,14
1573,11
14735,4
14735,2
14735,10
16221,12
16221,17
7258,14
7258,8
7258,9
14908,15
14908,16
14908,4
595,13
595,10
6300,16
6300,7
6300,3
14793,12
14793,14
14793,16
2495,16
2495,11
2495,2
14898,12
14898,7
3969,3
3969,16
12477,14
10968,16
10968,2
10968,5
14648,1
16952,14
16952,5
10494,11
13632,17
3816,12
3816,1
3816,13
9893,8
9893,1
9893,13
12204,15
12204,11
12204,9
2896,2
2896,4
2896,10
12525,12
12525,11
3533,10
3533,2
3533,4
6435,2
6435,7
6617,11
12232,9
12232,2
11158,9
11158,7
11158,12
4734,11
4734,3
4734,8
10706,5
16218,10
355,14
355,8
2368,11
307,3
5581,7
5581,11
5581,16
7070,15
7070,9
7070,10
9961,6
9961,12
9961,11
9059,11
9059,9
15863,4
13811,9
13230,12
13230,7
13230,2
16004,6
5910,9
5910,10
5910,16
3624,9
3624,5
12053,4
12053,9
12053,15
152,13
152,12
152,11
1066,10
1066,17
1066,2
3033,6
17913,17
17913,11
17913,13
5079,13
13316,7
16158,6
16158,9
16158,17
6911,4
11307,3
11307,14
14631,17
14631,16
14631,13
17789,15
17789,6
13636,1
13636,7
13636,5
4501,13
4501,15
17291,11
17291,2
4878,5
5671,9
10191,3
10191,11
10191,7
12390,13
8743,17
8743,16
4872,16
4872,6
4872,12
1550,10
1550,5
1550,9
114,14
114,17
12522,11
12522,6
15920,9
15920,13
7845,10
7845,8
7845,16
2639,12
11225,13
13568,4
13568,7
13568,2
3966,9
6848,16
6848,12
6848,17
16849,13
1973,1
1973,7
799,1
799,15
799,4
12970,3
12970,4
12970,11
8589,5
8589,17
8589,16
892,14
7367,14
7367,3
7367,16
9562,10
9562,3
3759,17
3759,16
3759,12
2492,13
2492,9
2492,2
2843,2
2843,9
2843,11
16634,17
16634,1
16634,14
3791,10
3791,3
15546,6
8496,6
8496,10
8496,5
16094,9
10692,13
10692,2
10692,11
15422,17
14714,17
8210,2
8210,3
1921,3
1921,1
11551,11
14387,11
899,7
899,10
15002,7
3847,4
3847,12
3847,6
10465,9
10465,7
10465,14
16576,4
16576,7
16576,15
9235,8
9235,15
9235,3
6711,5
5054,8
17588,14
17588,17
2541,7
2541,14
6094,3
5360,12
5360,3
1576,13
1576,17
5767,7
5767,14
5767,11
625,10
625,12
625,17
5226,3
5226,2
3358,7
11953,15
2420,17
2420,2
2420,9
3770,4
10870,14
8528,2
5763,12
5763,14
16334,14
16334,6
16334,1
7435,14
10909,8
10909,14
10909,1
5149,5
5149,17
15584,4
5371,9
5371,17
5371,16
17563,6
17563,5
17563,7
5028,8
5028,10
368,1
368,13
12215,1
12215,2
9408,15
15728,14
12256,8
1433,4
17626,16
17626,8
4290,13
4290,4
7663,10
7663,15
14951,2
8956,3
9753,13
9753,14
17843,11
17843,7
13233,10
13233,15
13233,14
2008,2
2008,4
2008,9
7792,8
7792,10
2549,5
5801,1
10285,15
10285,7
10285,2
6672,11
7128,6
14461,12
11671,6
10633,8
14997,2
15081,1
15081,11
15081,13
12569,13
12569,15
15075,12
15075,2
6582,16
6582,1
2109,16
2109,11
2109,7
9794,16
9794,11
6392,13
6392,8
6392,2
1689,17
1689,8
11699,5
11699,1
11699,6
12034,5
12034,2
12034,8
589,1
589,16
11539,1
11539,16
4838,14
17873,12
17873,17
17873,16
8299,13
13578,13
11543,7
13627,14
13627,10
16637,15
16637,11
14712,15
17325,4
17325,16
1843,17
14472,2
14472,15
14472,17
6075,16
15837,10
11542,12
14447,7
11399,10
11399,11
11399,16
12727,8
12727,12
2236,5
2236,17
10427,8
10427,1
10427,14
14267,16
14267,13
4341,8
4341,13
4341,6
1304,5
1304,4
1304,2
7328,4
8583,12
3794,1
6742,8
6742,17
6742,12
9969,14
9969,9
2456,14
2456,3
14847,1
17909,11
17909,17
60,8
60,15
18140,9
18140,8
18140,3
14211,17
14211,15
14211,11
8180,14
8180,11
8180,15
3103,5
3103,8
3103,13
6960,8
6960,3
6960,9
14412,8
4685,6
4685,7
4685,11
353,12
18090,8
18090,13
18090,15
7534,14
7534,17
7534,4
7825,17
11920,15
7832,14
7832,12
14009,9
16741,4
16741,12
9737,9
9737,2
16643,15
16643,12
16643,17
8137,3
8137,10
8137,7
2481,12
2481,3
4660,1
4660,9
17955,1
17955,2
17955,10
17864,13
17864,2
9977,10
9977,12
9977,9
4453,10
4453,9
14445,8
14445,14
14445,3
3909,2
3909,14
959,2
3706,2
3706,9
3706,15
39,5
17559,14
17559,12
17559,6
1737,17
6751,3
4770,16
10657,9
8214,3
8214,13
8214,16
16417,14
16417,17
16417,16
10638,3
10638,12
10638,13
8753,13
8753,2
16220,7
4757,14
4757,13
4757,11
11026,3
13370,15
14834,8
14834,5
14834,10
8054,12
8054,16
8054,9
12501,5
12501,11
14410,16
14410,6
964,12
9515,1
8523,8
11948,5
11948,3
11948,9
2017,5
2017,1
2017,16
16200,3
16200,9
18226,9
5153,11
13172,17
17391,10
17391,7
15780,6
15780,3
13789,16
13789,13
13789,14
1241,17
1241,1
1241,11
6029,13
6029,1
6029,14
17470,4
4440,10
7279,4
7279,7
11429,14
11429,6
11429,11
4441,10
4441,17
4441,6
17883,3
7862,6
7862,8
7862,3
4055,16
4055,7
3121,13
16769,3
16769,4
16769,15
17294,9
17294,12
4489,14
4489,12
17652,10
2091,3
6009,4
6009,10
6009,6
11626,9
5448,6
1887,6
1107,17
1107,13
2099,14
2099,2
2099,15
10838,4
10838,6
3311,9
550,11
550,3
12056,1
12056,10
11153,15
11153,17
11153,16
12386,6
12386,5
12386,17
84,10
342,1
11723,6
11723,13
11723,5
17929,6
17929,15
17929,14
9286,3
9286,11
9286,8
1273,4
1273,8
1273,3
7745,11
7745,6
7745,13
1717,6
1717,11
11493,4
16809,6
811,4
811,9
4724,14
4129,12
13306,13
13306,9
13306,8
18233,8
13833,9
13833,7
13833,17
7851,16
9609,17
9609,16
17961,9
17961,12
4409,5
4409,7
4409,8
4736,17
4736,13
1511,14
4423,14
4423,12
15691,17
15691,10
15691,7
5739,13
5739,9
1199,2
1735,4
385,1
13383,12
13383,2
9560,7
9560,4
7357,16
7357,14
10322,4
10322,6
10322,17
7454,16
9306,16
9306,10
9306,2
16061,1
16061,7
10766,12
9505,1
9505,9
17742,17
17742,13
1962,13
14080,7
14080,6
6393,4
6393,13
10222,4
10222,2
10222,1
6737,7
6737,15
6737,9
9596,15
9596,11
953,1
8906,14
17293,13
14563,1
14563,6
14563,7
594,8
594,10
2410,17
16145,6
16145,10
16145,17
3198,14
3198,9
3198,4
16372,1
16372,12
1600,11
1600,9
12626,14
10049,9
10049,5
1690,4
1690,9
1690,16
11733,16
11733,17
9047,3
9047,10
9047,6
3210,17
3210,10
202,10
202,16
17526,17
17526,5
17526,10
9440,8
4644,4
4644,17
4644,8
2120,8
1123,4
18242,9
18242,8
5759,2
5759,9
5759,17
1767,9
10078,13
10078,1
10609,13
11345,15
11345,16
11345,2
17052,14
17052,5
17052,3
8126,13
15639,4
15639,15
15639,13
14621,1
330,17
6784,9
6784,12
7149,1
947,7
947,16
17348,13
10524,5
10524,1
10524,10
18077,6
9181,2
9181,6
6526,5
6526,7
13290,7
13290,1
12767,11
12767,8
12767,1
10301,1
10301,3
10301,7
8541,9
8911,13
8911,7
8911,15
4704,5
4704,9
4704,3
7457,17
15892,3
938,4
938,14
18105,10
9163,13
9163,7
282,15
11808,12
11808,7
1873,11
7540,8
7540,15
7540,13
11207,15
17547,4
11682,6
11682,14
11682,12
11635,10
11635,16
14857,3
14857,6
14857,2
2892,10
8864,5
8864,11
8864,6
13822,14
13822,11
13822,4
13528,4
16997,9
16997,1
16997,8
12881,4
12881,17
3795,1
6000,9
7124,13
7124,14
7124,12
15663,1
15663,14
15663,4
7814,14
11064,6
1954,15
1954,11
1954,7
14153,3
13453,17
8200,9
8200,11
8200,2
10969,6
10969,11
9477,10
9477,16
9477,5
12813,11
10139,16
10139,7
10727,5
10727,8
6483,15
17545,3
17545,8
17545,17
7734,9
7734,14
17512,10
17512,3
17472,9
17472,12
17472,3
8714,11
8714,14
11317,10
13725,1
13725,4
13725,8
14630,15
14630,8
14630,4
5963,16
5963,17
5963,10
8921,9
13592,1
13592,14
13592,6
2329,16
2329,5
6701,10
13666,12
5126,7
2737,13
2737,8
2737,5
5534,9
5534,2
15165,14
15165,4
17306,14
17306,9
8639,4
8639,12
13616,17
13616,13
13616,5
12250,9
8575,15
14088,11
5461,5
5461,8
2445,3
2445,11
8165,6
8165,14
8165,1
16303,10
16303,2
11168,1
1676,15
1676,12
17121,4
13084,1
13084,14
17859,5
17859,6
17606,16
9845,11
9845,12
13100,11
14870,17
14870,5
7699,5
7699,14
3753,9
712,8
712,12
15897,6
15897,14
11666,17
11666,16
11666,10
6341,17
6341,4
1203,4
13351,16
13351,8
13351,6
2752,8
2752,11
12524,9
12524,4
4731,7
4731,2
4731,9
3108,17
9995,13
9995,10
1375,14
1375,16
7286,15
7286,7
7286,16
14565,16
14565,17
14565,4
10507,12
10507,6
10507,16
16728,4
16728,9
9193,11
17685,3
17685,12
17685,5
9811,9
9811,15
9811,1
4408,7
4408,5
12429,3
2702,2
15411,5
15411,15
15411,16
839,2
15087,2
6799,10
6799,17
6799,1
13570,6
13570,16
5657,9
5657,16
12873,12
3596,15
3596,11
7816,12
7816,11
7816,5
4068,1
6833,16
17542,10
17542,4
17542,11
11197,12
11197,4
11197,8
10588,6
10588,3
663,2
663,3
663,17
13186,10
13186,11
13186,1
13196,5
13196,8
298,15
298,3
298,17
3345,13
1319,15
1319,10
1319,8
8279,12
2021,13
2021,2
1376,15
1376,2
7062,1
4607,1
521,12
16891,10
16891,7
16137,15
16137,1
16195,7
3002,13
3002,1
13456,17
493,16
493,3
16966,4
9062,5
9398,7
9398,6
9398,17
15689,1
15689,7
6515,11
6515,16
10591,6
10591,2
10591,10
8151,17
8151,1
6154,14
6154,3
4262,6
3245,9
3245,3
3245,7
11686,15
14988,12
14988,16
4899,7
4899,16
4899,8
4946,8
4946,2
7058,6
7058,11
12732,10
12732,17
12732,7
16881,4
6250,4
6250,14
6250,7
10009,10
15495,6
15495,13
15495,10
12549,6
12549,12
12549,8
8806,2
5525,5
1524,3
11003,12
11003,14
14190,13
12015,13
17802,16
17802,8
17802,11
15055,4
15055,16
15055,9
10333,2
10282,6
13058,7
3738,8
15980,4
15980,6
15980,5
14655,6
2182,10
2182,1
1147,4
1147,1
1147,13
10148,13
10148,16
7387,8
7387,10
7387,14
17622,3
17622,4
13495,3
13495,7
13495,13
17202,6
17202,10
17202,5
5818,11
5818,9
11313,17
11313,9
12337,9
12337,17
17670,6
17670,16
12688,17
12688,1
318,16
318,3
3782,3
3782,10
3782,2
12829,6
12829,12
12829,3
17818,3
17818,10
11547,11
11547,3
3287,10
8133,15
8133,10
8133,7
4839,12
11524,6
11524,8
17128,7
17128,2
6323,7
6323,11
3261,8
3261,2
225,14
225,1
17170,8
17170,12
10079,3
10079,2
10079,16
17572,16
17572,13
17572,6
3982,5
3982,8
16955,16
16955,15
14858,5
1623,1
7574,16
7574,15
7574,7
2733,13
2733,10
2733,17
11645,1
11645,13
5057,16
7397,6
18125,4
18125,8
7580,14
16347,13
7866,15
7866,9
7866,13
6891,5
1836,11
1836,16
1836,9
13436,13
13436,14
13436,11
18222,1
18222,7
2960,3
2924,12
2924,9
2924,14
13010,13
13010,7
15666,5
11065,11
12471,8
10661,15
8101,9
8101,1
9697,11
9697,1
2571,5
10268,8
10268,1
10592,10
10592,17
10592,11
15216,5
15099,7
15099,8
6579,2
6579,15
11875,16
10936,5
10936,12
13846,15
13846,8
2740,11
2740,17
13143,6
13143,13
13126,13
13314,13
16574,11
16574,14
10384,1
10384,14
10937,5
10937,11
10937,14
607,2
9485,15
9485,3
7231,9
7231,10
7231,13
3218,8
3218,2
3218,11
1858,6
1858,8
7156,3
7156,12
7156,17
4232,15
4232,11
13272,2
13272,14
13272,4
8082,10
8082,17
1700,14
15536,3
441,2
6660,13
1328,10
1328,2
1328,8
8805,5
8805,9
9282,8
9282,4
9282,15
13036,5
5920,8
5920,17
13802,3
13802,8
13802,5
4854,6
4854,9
7645,11
2079,16
435,16
2783,13
7159,2
7159,6
3891,4
3891,12
8829,4
8829,16
16855,17
3416,4
3416,16
628,13
628,8
4429,2
4429,4
14232,6
14232,2
14232,14
11714,2
11714,10
9723,9
9723,7
10372,6
17372,3
17372,4
686,12
686,8
686,14
7897,17
7897,9
7897,15
1240,15
1240,3
6738,6
6738,12
2532,12
7770,13
7770,9
7770,12
16429,3
16429,14
15986,3
11118,16
10186,3
10186,13
10186,12
262,17
12194,11
12194,10
12943,12
14440,9
17480,5
5803,2
14635,8
14635,15
8711,11
8711,9
9198,3
9198,2
9198,12
16892,5
16892,13
1431,6
6646,2
6646,14
14590,9
14590,5
14590,8
3676,8
3676,12
3676,14
12474,11
16340,12
8490,4
11162,4
12875,13
6012,9
6012,8
16951,6
16385,5
15788,11
17356,15
17356,13
17356,2
11269,3
11269,6
251,8
251,16
6023,10
1339,8
9450,10
9450,16
15602,16
15602,13
15602,17
4008,13
15035,7
16328,14
16328,7
16944,17
864,8
4621,16
12048,13
13433,6
13433,4
7352,6
7352,7
7352,8
4074,1
281,16
257,3
7936,4
7936,1
7936,5
10045,8
10045,11
10045,17
99,5
99,7
10942,6
10942,17
10942,9
8787,6
8787,17
8787,9
5443,17
9699,3
9699,9
9699,10
17796,1
17796,9
17796,12
6249,4
15030,16
10385,4
12173,16
12173,13
12173,9
11447,10
11447,8
11447,13
15618,9
15618,1
3357,3
3357,12
3357,7
17329,2
17329,3
3502,10
17529,1
17529,13
11181,4
11181,5
11181,9
2567,3
2567,15
10365,1
10365,14
3321,11
3321,17
3321,10
11791,6
1330,16
1330,10
1330,11
3028,8
3028,14
3028,13
2700,14
2199,1
2199,13
2199,17
15250,15
15250,11
18021,10
18021,11
18021,2
15318,17
15318,4
16837,16
16837,7
16837,13
8197,16
8197,5
7376,3
7376,9
7376,6
1641,10
18059,4
18059,6
18059,5
5304,4
5304,7
5576,2
5576,16
16606,17
16606,2
10616,15
9037,15
12415,5
11149,6
11149,4
11149,11
12085,10
11856,3
15492,6
15104,2
15104,9
15104,14
5702,10
1839,1
14918,10
14918,4
3695,8
3695,11
6624,6
14460,11
14460,16
14460,9
8353,5
10639,2
16877,11
16877,8
9771,15
12128,17
12128,3
3544,11
1097,13
1097,14
1097,16
15214,9
4007,14
4007,6
4007,7
17355,6
17355,15
8834,6
8834,11
8834,5
17732,1
11471,9
11471,12
4674,11
4674,8
1460,6
1460,12
1460,15
2566,6
2566,11
2566,5
11426,13
11426,5
11374,2
11374,14
12709,17
16130,1
15334,4
15334,16
14687,14
14687,15
14687,16
6842,9
6842,10
456,7
18007,7
18007,11
8225,8
8225,12
9638,3
9638,2
9999,7
9626,9
9626,14
14066,17
15385,5
4170,6
4170,3
15176,1
15176,2
415,14
415,12
415,9
10128,8
10128,3
7836,12
7836,11
4536,4
4536,11
4536,8
7050,6
7050,12
7050,10
17920,6
17920,14
17129,2
17129,6
17129,8
17679,15
17888,14
10663,10
10663,13
1755,17
1755,11
6004,9
6004,1
5785,3
5785,2
5785,9
16431,13
16431,1
9388,1
9388,9
815,12
9476,13
9476,11
9476,16
1749,17
1749,7
12472,17
12999,9
12999,11
3947,4
3947,7
3760,5
3760,7
3760,15
7712,14
7712,15
7521,6
11918,4
11918,15
3627,5
16504,9
16504,14
16504,6
7732,14
7732,11
7732,2
15398,1
15398,7
9600,8
17485,7
17485,13
17485,9
14068,3
14320,16
14320,5
13933,14
13933,10
13933,3
1355,7
8823,7
8823,3
12447,3
12447,1
12447,5
14446,6
14446,4
7996,3
17727,3
17727,15
17727,16
15640,2
9028,4
9028,13
9028,2
13244,10
13244,2
13244,7
12879,17
12879,9
17980,10
17980,5
17980,13
8502,1
16829,12
2471,3
2471,2
2471,5
15147,15
15147,7
15147,16
13981,16
13981,5
12683,4
4711,14
4711,4
2735,12
11123,17
11123,9
11123,4
16954,8
16954,9
16954,6
16890,17
18150,13
18150,16
15155,5
15155,17
15155,6
11844,13
11844,8
9064,1
3212,1
3212,17
11528,11
10994,14
10994,5
6271,2
1728,10
1728,1
6987,17
6987,8
3536,1
3536,11
3536,6
8564,13
8564,8
6817,8
6817,11
6817,12
17117,3
5120,8
5120,14
5120,9
17075,4
6676,9
6676,5
6676,11
14805,14
14805,6
14805,8
15917,17
15917,7
16989,3
11914,17
11914,14
15886,13
15886,5
15886,4
2184,11
12271,13
12271,4
13004,9
6351,14
6351,4
6351,12
9938,11
9938,13
2058,13
16253,1
17208,10
7910,4
6119,3
65,5
65,15
13161,11
13161,15
13161,17
5020,1
5020,3
1591,13
1591,5
4275,15
4275,17
2996,14
6318,5
6318,7
6318,8
7204,7
633,11
633,6
633,7
5467,9
5467,16
5467,13
13249,7
13249,6
13249,4
5423,2
5423,12
2330,15
2330,16
12558,8
12558,14
12558,4
3562,13
3562,4
6350,6
6350,4
6350,13
17852,10
17603,9
17603,15
17603,3
16337,15
12234,9
4911,7
15983,3
15983,9
15983,2
6480,1
17535,2
11022,11
4436,5
4436,1
4436,7
17992,9
17992,17
17992,11
9522,10
6067,7
6067,3
6067,6
13595,15
13595,17
13595,8
14796,14
8323,14
3546,11
3546,12
7504,4
8098,6
8098,9
4415,2
4415,8
4415,3
7110,4
4238,7
4238,3
4238,10
1382,15
13539,15
13539,14
13539,8
695,11
695,12
695,16
10238,6
10238,9
10238,3
4286,6
4286,12
4286,14
13650,15
13650,11
12416,8
12416,11
12416,10
2917,5
2917,8
1224,9
12536,11
12536,7
8,6
8,17
2831,7
2831,16
12177,12
461,14
461,11
461,5
7451,10
7451,17
7451,11
4858,10
4858,5
4858,1
8632,13
10317,17
10317,5
10317,15
6723,7
6723,16
6723,17
6424,2
6424,17
13728,7
13728,4
13728,15
14860,12
14860,7
14860,4
1356,10
1356,14
17393,12
17393,4
17393,17
8775,11
8775,13
14265,11
14265,5
1438,8
18065,16
17624,2
17624,13
15784,8
15784,2
15784,15
9620,13
8634,10
8634,3
8634,16
12564,12
12564,4
12564,11
4426,3
2875,17
2875,8
2875,15
814,15
15018,16
10627,2
10627,12
11052,6
11052,5
11052,17
12923,11
12923,4
12923,2
3671,17
3671,13
12526,7
12526,12
7928,1
7928,16
2128,14
2128,4
2128,2
9605,7
5804,10
5804,1
5804,8
14168,14
14168,7
7624,13
1730,3
1730,1
1730,16
615,14
615,15
615,17
4740,16
4740,3
4444,13
4444,8
4444,1
5563,8
5563,9
5563,5
13772,10
13772,17
13772,6
12135,12
12135,5
12135,4
8941,14
8941,11
1109,9
4422,6
4422,5
8871,7
8871,16
8871,13
6281,14
6281,12
6281,13
8886,10
8886,8
3016,17
3016,1
14386,10
14386,6
2973,13
2973,12
8235,2
2244,12
2244,1
2244,2
16144,13
3868,10
4240,15
4240,5
2791,17
2791,6
2791,2
427,8
427,3
427,7
2884,11
8521,5
8521,9
10034,5
10034,4
10034,15
12299,7
48,13
8403,6
8403,14
700,7
700,1
700,10
6196,6
16370,9
16370,12
15772,2
531,5
531,4
3314,17
3314,15
3314,14
16717,4
16717,10
11731,9
11731,8
11884,3
11884,13
11884,8
5509,12
2057,8
2057,5
2057,14
3874,9
3874,10
3874,7
8932,13
8932,8
8014,8
8014,12
11082,8
11082,6
18026,4
18026,11
15893,2
14012,9
14012,3
3457,16
8744,17
8744,8
8744,15
7225,2
2729,14
2729,6
1815,9
1815,7
1815,17
12726,12
10400,16
3215,15
3215,9
7632,2
7632,5
7632,3
5413,11
5197,9
5197,12
5197,6
5029,15
7420,9
14942,16
14942,11
784,4
784,8
16099,7
16099,1
11882,1
12822,17
12822,1
12822,4
6347,13
6347,11
5728,8
5728,17
16107,16
18147,2
18147,5
907,7
907,16
907,11
13106,6
7206,13
8228,4
8228,13
8228,16
3101,6
3101,8
3101,12
5720,14
5720,17
13459,8
13459,14
13459,1
7531,14
3378,9
14367,15
14367,11
5789,3
5789,11
1161,15
1161,14
1161,10
15554,4
15554,12
15554,3
17267,10
17267,2
12882,15
12882,12
12882,9
7434,15
4970,2
17107,6
17107,14
12890,4
4223,2
4223,3
4223,13
11469,9
11469,11
8814,9
14523,15
12520,13
12520,6
11712,7
11712,17
15141,16
15141,17
1674,3
1674,7
1674,5
15254,4
15254,1
11956,5
11956,15
11956,14
10682,16
9502,16
9502,11
9502,10
2634,10
2634,4
8649,17
2759,15
3291,4
3291,5
3066,9
3066,1
3066,3
7096,4
7096,12
9722,5
9722,13
9722,15
17198,10
6304,3
6304,10
1051,3
1051,9
1051,2
9872,3
18220,4
18220,9
18220,6
7813,7
5687,12
5687,7
5687,8
10252,1
10252,12
8797,9
8797,6
8797,3
17824,15
17824,9
17824,12
2784,4
2784,15
16636,16
2714,14
2714,10
2714,8
16508,2
16508,17
18069,2
18069,4
18069,12
9721,17
8379,6
17487,6
17487,8
17487,5
8024,8
8024,1
7864,10
7864,4
7864,15
879,14
879,6
879,16
7937,2
7937,17
2945,7
2945,2
15224,1
15224,17
1401,16
3207,5
3207,16
3207,10
8218,14
6174,1
13101,11
3233,3
3233,8
7153,2
15064,15
15064,14
7184,16
7184,3
12187,9
12187,13
12878,11
12878,16
14467,13
13781,13
13781,15
1795,13
5432,8
5432,14
1440,3
1440,1
5325,9
18164,6
18164,11
14785,4
14785,12
14785,5
10684,12
326,11
326,17
326,2
474,6
474,3
474,9
11461,16
11461,9
11896,1
11896,9
11896,15
16624,12
16647,4
16647,6
8524,15
8524,7
11998,4
11998,9
11998,15
14723,11
14723,13
3781,2
3781,5
3781,17
2615,13
2615,11
16921,16
16921,13
16921,7
15704,8
15704,6
15704,11
2749,7
11053,10
17591,1
4058,5
4058,2
4058,8
4918,9
1223,13
13154,5
13154,7
10752,1
10752,8
10752,14
14624,1
431,11
431,15
431,8
3742,15
3742,4
3742,1
15337,14
15337,9
15337,4
11304,4
11304,16
11304,6
17737,3
17737,8
17737,9
16458,1
16458,8
16458,7
5948,14
5948,12
13193,3
13193,14
8866,3
8866,6
411,9
7916,16
7916,9
7916,3
13821,6
1699,4
1699,16
1699,1
14178,4
14178,5
12437,16
4774,5
4774,8
14826,3
14826,14
14826,9
15529,3
13944,2
13944,12
13944,13
8064,7
2290,9
2290,11
2290,1
17338,1
17338,8
17338,14
6259,4
2664,16
2664,13
2664,4
11561,8
11561,7
15953,1
15953,12
12591,7
12591,4
15439,10
14292,11
13466,12
13466,14
13466,6
2760,3
17609,13
17609,5
17609,9
14541,12
14541,11
14541,14
4720,5
8648,8
8648,10
1131,3
14820,11
1484,14
15745,13
15745,7
15745,11
1038,16
1038,1
1038,15
3545,10
3545,3
5267,9
5267,17
5267,7
8274,1
8274,12
8274,6
3717,9
2425,4
2425,10
2428,16
2428,3
2428,4
9565,4
9565,15
9565,6
1165,15
1165,7
10011,13
10011,16
10011,3
1899,8
7672,3
7672,2
13028,5
13028,13
5099,12
5099,4
18141,9
18141,1
18141,3
11502,3
11502,15
11502,4
17849,3
17849,16
17849,6
6236,2
8839,14
2948,15
2948,6
2948,4
5160,1
3221,7
3221,16
3221,13
7415,4
14452,1
16594,12
16594,11
16594,7
278,16
278,7
278,17
1312,9
2073,8
3316,9
151,15
151,3
13207,13
13207,8
13207,14
16786,16
7618,8
7618,7
7413,6
7413,9
18032,4
18032,3
8495,6
8495,13
3359,3
13077,9
13077,17
12371,3
12371,15
877,10
877,3
877,8
15516,9
15516,1
16570,8
16570,9
16570,4
9129,14
9129,12
9129,1
8488,9
8488,10
15205,13
15205,6
16525,6
16525,13
16525,16
2576,3
2576,12
15368,5
4755,2
4755,9
4755,4
6623,1
8375,7
8375,1
10275,6
13863,7
13863,9
13863,16
6684,6
6684,7
9612,12
1002,14
1002,12
1002,4
10420,9
10420,4
11293,3
182,1
182,7
16339,16
9903,5
15222,8
15346,6
15346,4
8051,11
8051,8
13375,4
620,4
620,14
3408,1
3408,7
3408,15
16773,3
16773,12
7429,14
8250,11
8250,1
8250,14
17158,6
17158,9
17158,7
3396,5
3396,2
5985,3
1509,2
1509,7
8222,6
8222,14
8222,8
77,8
77,1
15407,7
15407,14
15407,12
17558,7
5272,14
5272,7
5272,8
14996,17
14996,4
14996,12
13326,17
13326,11
14070,14
109,12
109,11
109,15
8154,7
8154,1
8154,14
4266,3
12433,16
12433,13
3968,9
3968,13
16555,15
16555,14
6419,1
7319,10
7319,17
17928,1
17928,10
17928,13
11540,15
11540,8
17923,2
17923,14
3486,6
3486,14
15258,4
14259,11
15633,3
8739,17
8739,14
8739,2
14191,14
14191,11
14191,16
6205,2
6205,12
6205,1
9855,5
9855,2
9855,9
228,11
228,15
2670,7
2670,9
1290,7
1290,4
11945,1
11945,16
11945,12
3224,8
3224,7
3224,11
4095,13
4095,10
3142,3
3142,4
9494,6
9494,17
8582,12
8582,15
8582,9
5481,8
1922,6
13071,3
13071,17
1177,7
1177,13
4859,2
12181,12
12181,4
12181,7
9537,2
9537,4
14194,2
14194,4
14194,8
12210,8
3041,8
3041,15
3041,14
2266,17
2266,12
2266,14
9067,15
15826,3
4783,1
4783,8
4783,12
17649,14
17649,11
17649,13
3611,3
3611,12
16562,17
9328,11
9328,9
9328,7
6677,1
6677,6
6677,7
14911,5
13548,12
13548,15
13548,1
4337,17
4337,10
4337,12
10315,13
10315,6
10315,1
7518,5
7518,17
7518,11
10344,17
6879,5
6879,15
6879,14
89,7
89,4
89,17
10669,13
11384,1
11384,3
10522,4
17418,12
17418,1
17418,6
11351,13
11351,15
11351,1
2528,12
2528,7
2528,2
12373,7
17493,6
17493,14
16077,3
16077,8
7248,10
7248,8
7248,3
500,5
500,12
17102,12
17102,5
12178,7
12178,11
12067,10
9377,4
9377,2
18229,14
14128,10
14128,1
3633,16
3633,1
11976,12
14605,3
14605,2
10972,5
3703,16
1593,8
13808,5
10292,2
4404,5
7627,16
2673,6
8719,10
8719,16
8719,5
9403,2
2055,16
2055,9
2055,6
12596,12
16817,2
16817,3
16817,12
16519,6
2404,11
2404,6
2404,12
8287,14
7744,13
7744,12
3984,12
12478,5
12478,1
7064,15
7064,17
7064,14
6841,14
6841,3
12871,14
12871,10
12871,5
2340,5
2340,12
3147,10
14738,3
14738,11
14738,6
17978,2
17978,5
10601,16
10601,9
14421,12
14421,4
9081,13
9081,6
9081,14
17925,13
17925,2
5544,15
5544,10
5544,17
556,8
556,9
556,11
6432,9
6432,8
341,13
341,10
341,14
7686,15
7686,14
4434,5
4434,8
4434,11
6027,5
6027,6
6027,14
5016,17
5016,13
17544,8
17544,5
17544,6
16364,3
16364,10
2901,15
12063,16
10917,16
14763,3
14763,6
1946,16
1946,12
1017,16
1017,8
4579,16
4106,6
4106,17
4106,8
5496,12
5496,8
18144,3
18144,13
5749,6
6201,16
6201,3
3946,13
14293,4
17054,1
3250,9
3250,11
3250,6
12498,12
12498,15
16674,12
16674,1
16674,10
12243,12
12243,15
59,9
10785,17
10785,5
10785,7
2842,4
2842,1
12872,1
3613,4
3613,15
15304,14
3558,12
7637,2
7637,8
7637,11
11415,3
17062,10
17062,8
9208,7
13068,16
13068,8
13068,15
16667,5
13164,5
10233,5
10233,15
10233,9
7576,15
8348,3
8348,9
17230,14
17230,11
17230,17
11329,9
14189,1
14189,5
14189,2
11719,1
16713,4
16713,3
16713,13
9220,13
9220,4
14526,17
14526,2
16162,7
16162,11
16162,9
11704,3
11704,13
16872,17
16872,12
16872,4
9636,3
9636,7
9636,9
16515,12
16515,2
16171,4
7839,16
5628,6
12226,1
12226,4
12226,5
17647,1
7219,9
7219,5
7219,10
9297,7
9297,14
9297,13
2351,2
2351,4
8456,8
8456,3
3777,17
3777,8
7344,12
7344,16
7344,3
14720,10
14720,5
753,15
753,9
11940,1
11940,12
11940,4
934,15
4291,3
4291,13
4291,7
2578,12
16486,13
16486,4
16486,8
10594,9
10594,4
10594,1
10932,8
10932,2
10932,13
9217,3
9217,13
9217,5
10866,8
10866,13
16710,15
16710,6
15032,15
8777,6
1398,14
1398,9
2715,4
2715,10
2715,6
9263,7
9263,4
9263,10
15858,1
17473,9
17473,15
913,3
913,16
913,5
405,7
405,14
10048,4
10048,9
10048,10
10088,16
10088,3
10088,10
9519,14
9519,15
9519,10
15561,1
15561,11
15561,16
5475,12
5475,11
12435,12
17139,3
17139,8
17139,6
17133,13
17133,4
2942,9
15914,10
15914,1
5864,7
10483,8
10483,1
13397,1
2594,9
2594,11
16635,8
16635,3
16635,2
14900,17
14900,9
11779,7
11779,14
7736,3
17666,10
17666,8
14333,12
14333,9
14333,8
1050,14
14970,10
14970,3
919,10
919,6
919,3
3678,11
3678,15
3678,3
10761,10
10761,15
9290,1
9290,14
2190,14
9186,2
9186,10
12653,16
1102,4
1102,6
4733,15
4733,17
4733,12
3027,15
3027,2
9196,17
9196,7
9196,4
4530,11
4530,4
6528,11
5857,8
5857,4
5857,7
5761,4
5761,14
11362,16
11362,5
11362,8
12022,10
14591,3
14591,6
14591,5
11584,7
4162,9
4565,9
4565,7
4565,4
14799,12
14799,10
16603,8
16603,15
14700,9
12255,4
12255,10
5817,8
5817,3
16344,9
16344,10
16344,15
2569,4
2569,13
2569,10
7636,7
7636,11
16670,15
16670,9
16670,16
9553,1
7031,9
7031,2
7031,17
9413,12
1063,6
1063,1
1063,13
16366,2
16366,12
16366,16
8079,9
3237,7
3237,3
617,12
617,16
617,17
13079,16
13079,13
363,17
13006,11
13006,10
13006,4
4451,9
4451,2
4451,14
12459,13
15503,16
15503,3
15503,17
7868,7
7868,11
115,4
115,7
115,17
13985,3
13985,14
18170,4
18170,1
9065,5
17988,3
17988,17
344,16
344,15
344,8
616,12
616,13
616,2
16509,3
16509,11
16509,9
15792,9
7278,13
3595,17
3595,15
6637,2
6637,11
16269,8
16269,16
17907,13
3927,13
3927,9
3927,1
6744,14
6744,10
1882,13
8463,16
8176,13
8176,3
2944,15
2944,11
6910,6
6910,3
6910,2
6531,16
6531,3
6531,2
10341,12
10341,17
7055,6
7055,10
7055,1
7091,7
7091,10
7091,6
8778,11
10221,17
10327,1
10327,11
11229,5
1504,1
1504,14
1504,2
17014,9
17014,15
17014,10
5000,5
6511,9
6511,4
16490,11
1194,1
1194,8
1194,4
5909,6
5909,15
7097,13
13405,1
13405,12
16563,9
5235,16
5235,14
10244,17
11535,6
11535,1
11535,13
15276,10
15276,6
9988,17
9988,2
9988,5
16441,14
10926,9
10926,12
9930,2
5746,1
5746,6
2678,13
2678,3
2678,15
6882,10
6882,11
10138,7
12379,15
12379,6
3581,10
2708,11
6991,9
7878,12
7878,9
7878,5
18110,13
5052,14
5052,3
5052,17
13641,15
13641,2
13641,14
13491,9
13491,10
14025,9
14025,1
14025,8
8846,11
8846,9
8846,4
14235,3
14235,7
3959,15
3959,10
3959,12
15409,12
15409,4
15409,1
17740,11
17740,2
17147,5
17147,2
17147,8
8794,9
8794,11
121,13
121,16
121,11
10518,15
10518,9
10518,2
8178,3
8178,16
15773,17
15773,7
1432,1
1432,7
9684,15
9684,1
9684,7
12266,1
4776,17
4776,7
16746,15
8364,12
8364,2
17847,16
17847,15
17847,13
4756,15
4462,8
1442,9
230,11
230,14
230,6
4020,15
4020,7
2094,8
2094,6
2094,10
17835,2
8695,3
8695,5
8695,10
16353,6
16353,8
6743,6
6743,14
8721,9
8721,1
8721,7
9437,17
9437,1
9437,3
15738,14
8586,12
5947,2
5947,5
5947,6
7557,10
7557,3
7557,8
716,10
716,16
2658,17
9642,4
9642,17
9939,3
9939,17
9939,16
294,6
294,2
5762,1
15373,4
15373,7
3765,9
5586,4
5586,16
14575,12
485,3
485,1
485,15
10168,12
10168,8
17304,14
17304,10
17304,17
3043,14
3043,16
3043,6
1000,12
1000,3
1000,4
2718,6
13251,13
13251,16
10562,5
10562,6
8271,13
4761,5
4761,16
4761,10
8008,16
12121,14
12121,7
12121,9
12289,3
12289,16
1321,16
3498,17
3498,6
13739,9
13739,10
11492,15
11492,16
3901,2
3901,4
3901,14
13779,14
13779,7
13779,5
3660,14
558,9
4882,6
4882,4
12949,15
18209,9
4406,12
4406,4
4406,15
17546,7
17546,16
17546,3
7460,14
7460,4
2265,1
2265,16
2265,14
8822,8
5867,8
2193,6
2193,12
2193,4
7201,15
15392,8
15392,7
1551,11
6508,15
436,8
436,14
436,4
11315,8
17089,2
17089,11
17089,16
5943,11
12708,10
12708,4
12708,8
9591,6
13561,12
13561,16
8612,10
8612,5
8037,10
14661,5
11780,1
11780,6
1827,2
10481,17
11213,16
11213,15
11213,14
4056,13
4056,2
13771,15
13771,1
605,10
11096,7
11096,12
11096,17
8807,8
8807,1
8807,12
9498,10
544,8
544,12
544,13
4372,17
4372,7
4372,2
13881,7
13881,9
13881,1
13969,16
13969,11
1015,11
1015,14
1015,1
6873,5
6873,2
6873,9
447,12
447,1
447,13
2774,2
2774,14
2774,3
16971,4
16971,13
16971,6
10566,13
1770,4
7596,15
14554,12
7053,6
7053,2
7053,12
3996,3
3996,7
13364,9
11252,16
640,15
640,10
640,6
15119,9
10003,5
16481,13
16481,10
16481,11
16246,8
9898,14
9898,5
9898,13
14683,15
17407,17
17407,6
12114,12
12114,15
4883,3
4883,1
5214,1
5214,6
1520,17
13008,6
925,5
925,3
925,12
7337,11
15541,3
15541,7
13073,1
3751,10
3751,11
3751,13
9998,15
9998,3
9998,1
6846,1
5364,2
5364,15
5618,15
17752,10
17752,14
17752,11
213,10
213,12
8321,2
8321,3
8321,4
15443,14
15443,8
15443,4
9679,17
9679,5
9679,13
6255,2
2690,13
2690,7
2690,17
6735,2
6735,14
16199,15
16199,17
16199,7
354,7
354,12
14373,9
1422,12
1422,7
1422,8
16756,2
16756,10
12681,10
12681,12
10877,11
10877,16
5981,4
5981,12
5981,17
16105,11
3374,3
346,5
346,4
9438,1
14743,10
11489,16
8440,1
8440,9
8440,7
7517,4
7517,16
1911,2
1911,15
13924,3
13419,8
6583,4
6583,12
6583,11
5821,6
5821,15
4145,15
8548,17
8548,12
8548,4
9349,8
14100,14
14100,16
6098,12
6098,11
6098,17
1507,12
1507,16
11476,17
11476,15
11476,13
3666,11
5704,7
13313,16
13313,8
13076,3
13076,16
13076,7
6472,3
6472,4
6472,17
7661,11
7661,17
7661,3
14948,13
17437,2
17437,6
17437,16
6475,11
6475,8
14337,10
14337,14
2160,2
2160,6
2160,3
7990,6
7990,8
7990,15
8479,16
8479,11
8479,7
245,17
245,9
14130,14
14130,16
13677,3
13677,12
13677,4
2505,8
15431,11
15431,6
11757,11
9558,14
9558,4
9558,16
7043,12
7393,15
7393,2
13853,16
14353,10
14353,15
5716,4
2866,13
2866,2
2866,4
124,8
124,10
124,5
13679,13
13679,17
14408,6
15126,9
15126,1
12099,6
4457,14
4457,8
11634,14
11634,1
11634,7
10036,14
10036,3
6099,13
6099,4
13504,12
13504,8
15203,14
15203,13
10295,12
10295,3
9472,4
9472,12
9472,14
3404,5
3404,3
1609,6
1609,2
1609,7
8068,9
8068,12
8068,16
7735,7
8900,2
3481,15
3481,8
11040,15
11040,2
11040,16
8062,14
8062,5
8062,13
7668,13
7668,11
7668,4
8257,4
8257,16
8257,9
8666,1
5530,5
16032,9
15832,16
15832,6
1271,16
11263,4
11263,11
11263,17
3230,10
3230,15
3230,17
8244,9
8244,17
10020,17
10020,15
10020,5
15465,13
7796,4
7796,1
7796,8
4209,9
4209,7
2300,5
2300,17
2374,5
2374,10
2374,17
4515,1
4515,7
4515,3
3370,14
3370,15
833,3
14709,15
17023,8
11132,5
11132,13
2530,1
2530,2
2530,17
8860,14
8860,6
8860,8
9236,14
9236,4
11530,4
9161,5
9161,1
9161,3
9481,14
9481,7
5316,8
4353,5
4353,11
4353,6
1027,12
16404,16
16404,14
16404,6
15599,6
15599,5
15599,11
979,16
979,17
10064,6
10064,15
10064,9
11529,5
11529,11
11529,17
6248,9
6652,8
6652,9
6652,12
17958,9
17958,8
15535,7
15535,3
14276,8
9975,4
9975,9
9975,12
7001,17
7001,15
3161,12
3161,11
3161,1
10989,13
10989,8
2139,14
2834,4
2834,7
2834,8
9869,9
9869,7
9869,13
8076,5
8076,2
5679,10
5679,4
14111,16
14111,5
15869,14
15869,7
15869,5
6226,16
6226,7
6226,5
4225,2
11770,4
3513,5
3513,11
3513,15
3406,2
3406,13
15786,2
15786,12
15786,3
8156,8
17171,7
17171,16
17171,11
8760,10
18067,9
120,6
120,5
10797,15
10797,1
10797,16
7422,17
17274,4
17274,1
17274,3
4268,15
1175,15
1175,4
467,6
8153,15
8153,12
5351,7
5351,14
17250,14
17250,11
17250,10
13835,6
14360,14
14360,10
13879,4
12550,16
12550,1
1236,12
1236,4
2811,12
2811,3
2811,14
11620,11
16840,5
16840,7
16840,16
582,10
582,16
11894,16
14510,4
14510,16
4092,9
4116,10
10307,4
16215,5
16215,1
16215,4
18272,12
18272,8
18272,4
13438,1
4392,7
4392,5
4392,3
9575,4
9575,14
17389,5
17389,11
17389,17
13235,5
13235,3
14490,5
14490,1
601,3
14209,10
4213,3
3062,8
3094,7
3094,9
6598,1
6598,7
14913,4
14913,10
10022,1
10022,13
7192,2
7192,1
13718,9
13718,8
13718,1
2931,16
2931,6
2931,14
8876,14
8876,5
16726,5
16726,6
16726,16
17855,2
17855,11
6573,12
6058,6
6058,16
16766,10
16766,2
16766,15
11136,3
2401,8
10070,2
18249,3
11196,3
8114,9
8114,15
8114,13
7235,7
7235,10
14384,9
15413,6
15413,10
18274,9
18274,7
8107,12
14966,7
14966,1
4904,4
4904,2
5484,9
5484,2
5484,10
17509,13
14037,9
15748,15
15748,9
15748,11
16268,16
16268,12
7998,9
7998,12
821,5
821,3
821,2
9177,13
9177,2
9177,16
13620,16
13620,11
13620,15
13940,15
17513,3
17513,1
4135,10
4135,6
17651,5
17651,14
17651,16
2503,13
2503,5
6322,6
6322,8
6322,9
17100,7
10544,10
10544,1
951,14
11376,2
11376,16
11376,1
8392,11
8392,7
8392,12
10330,8
10242,4
10242,2
10984,15
10984,14
12786,4
12786,11
12786,2
10468,13
10468,5
10468,17
17784,3
17759,13
17759,6
17759,1
3906,16
3906,3
787,12
13299,8
13299,5
797,15
797,9
17136,17
17136,9
17136,12
3342,4
5220,2
16942,3
16271,17
16271,11
16271,8
14848,4
14848,5
7188,5
16111,4
16111,8
16111,10
6632,4
16868,2
16868,4
15942,13
15942,3
11058,6
11058,11
7689,9
7689,14
17819,8
13996,16
16202,17
1944,7
12369,14
12369,4
12369,10
3833,3
3833,1
3833,10
5942,2
5942,6
10753,13
10753,2
10753,16
11816,7
11816,6
3086,7
3086,9
851,10
851,8
851,13
2882,8
2882,9
11909,8
11909,2
8873,3
12545,8
7671,15
7671,11
7671,4
12362,7
12362,10
16499,12
16499,14
14794,12
14794,3
7176,5
7176,14
15787,7
15787,2
15787,9
10075,6
10075,11
10075,5
2325,12
2325,11
2325,1
5330,7
12859,9
7847,12
2307,4
7488,2
5647,11
5647,2
5279,14
5279,8
5279,11
2540,2
15572,13
12445,11
12445,2
12445,17
7840,5
7840,2
7840,8
12774,13
6933,3
2429,13
2429,3
8856,10
6831,2
1054,13
12354,10
12354,17
1644,15
17887,2
17887,11
11557,9
2552,14
359,15
359,2
359,11
9318,10
9318,12
9318,15
4292,11
11668,16
11668,15
17738,4
17738,14
3592,8
3592,5
3592,16
4144,8
4144,12
4144,15
6135,13
8446,8
8446,2
10305,5
10305,16
10305,17
7548,13
9414,17
1759,5
1759,15
1759,4
1810,5
1810,4
1810,17
3373,10
3373,6
3373,4
7896,13
7896,11
13335,12
11245,12
3214,4
3214,10
3214,6
10359,1
566,6
566,7
566,16
13220,4
13220,14
13220,1
14540,1
14540,3
14540,14
9768,17
9768,11
9036,2
9036,10
9036,15
13215,17
20,7
20,14
20,5
12850,2
10318,6
10318,13
15677,13
14530,6
14530,7
14052,15
3570,3
1936,9
1936,14
1936,17
3884,5
14524,7
14524,1
5977,6
5977,1
5977,14
2092,2
9385,12
11465,7
11465,6
15074,9
15074,12
15074,14
10920,2
10920,10
10920,17
11981,16
11981,15
11456,16
11456,12
15665,4
15665,8
16354,10
311,8
1875,1
1875,4
6179,13
6179,10
6179,5
11343,12
8885,12
13069,16
3178,15
3178,11
5933,2
5933,4
5933,15
1061,12
1061,4
1061,13
12380,13
12380,6
3937,8
3937,10
17632,13
11423,9
11423,6
14788,16
14788,2
14788,4
13810,10
13810,7
13810,17
16602,2
16602,1
9718,6
9718,15
18201,7
18201,1
18201,16
4718,3
4718,13
14294,10
14294,11
16325,11
16325,6
16325,1
7241,11
7241,17
2697,11
5400,11
5400,6
3199,7
3199,6
6854,6
6854,8
6854,16
9113,11
9113,2
9113,10
16046,9
16046,10
9231,7
9231,14
9231,10
1763,15
1763,5
9466,9
9466,17
9466,5
3977,1
3977,6
18013,3
18013,9
11659,13
4564,3
5733,2
3300,9
2531,5
2531,3
1990,4
1990,17
1574,12
8955,16
8955,1
8955,3
7461,8
10467,5
10467,8
10467,4
3657,6
5408,15
13085,4
4781,15
2930,17
5878,6
5878,4
5878,8
2137,4
2137,15
8047,15
8047,14
8047,2
1963,11
1963,8
1963,10
6992,16
12107,5
17238,14
17238,10
5862,5
5862,12
15330,17
15330,16
15330,4
2143,11
2143,15
2143,13
15401,12
16119,9
16119,8
6651,16
6651,3
16918,12
16918,1
16918,6
7538,12
16754,17
15034,2
15034,9
6641,9
6641,7
6641,12
9355,7
8195,13
8195,16
12668,14
12668,15
12668,10
17217,1
15262,7
413,11
413,6
413,3
929,11
929,17
929,5
6296,6
12938,17
9205,13
9205,14
7980,9
7980,4
7980,15
10290,15
10290,7
10290,13
11576,6
11576,4
1277,5
1277,12
11254,16
15540,12
13893,15
13893,10
17541,11
17541,7
5976,17
13759,17
13759,4
13759,8
6336,17
6336,7
3473,13
3473,17
15460,3
15460,12
17233,5
17233,15
17848,1
17848,8
7795,4
7795,8
7795,3
6689,10
6689,7
3870,16
3870,3
6675,15
17223,6
17223,2
17339,7
17339,15
7066,3
442,7
442,6
12582,15
12582,3
8481,17
8481,10
8481,6
246,3
5219,15
5219,13
5219,11
1215,10
1215,12
1215,2
3278,7
12622,10
12622,3
12622,2
14650,6
14650,8
226,4
1732,7
11067,12
15182,10
15182,11
4636,17
16573,15
16573,1
1993,7
17454,13
14493,14
540,11
16632,17
16632,11
16632,3
11320,7
11320,2
433,1
433,9
433,8
12597,3
12597,17
12597,5
7028,17
7028,10
12265,6
12265,5
12265,13
2868,12
2868,9
2868,2
6382,17
6382,16
6382,6
12864,9
12864,12
15001,13
15001,9
15001,16
10589,9
10589,3
12456,6
12456,7
11580,8
11580,4
11580,16
13070,7
13070,17
3973,7
3973,15
3973,9
502,9
502,13
17434,14
15851,5
15851,14
15851,16
3222,13
3222,4
3222,17
6469,1
6469,17
6469,13
4445,15
5908,4
10496,15
10496,1
5640,3
5640,14
5640,10
9128,2
9128,11
9128,1
9493,12
10773,3
10773,12
10773,13
786,12
786,6
786,1
5633,5
8429,3
8429,7
8429,9
212,16
11571,12
11159,15
5724,12
5724,13
5724,1
4676,4
8286,9
8286,1
7018,7
7018,4
7018,14
12473,16
12084,5
12084,1
2900,11
2900,17
2900,13
8581,3
8581,5
8581,2
6591,14
6591,13
6591,8
7295,7
7295,3
13861,16
13861,17
6026,17
6026,5
15518,2
15518,1
9853,1
9853,13
9853,15
13637,10
13637,2
13637,13
16103,15
16103,2
5166,2
5166,16
1571,11
10179,11
10179,8
564,2
564,17
10694,10
11813,10
3807,15
3807,12
11965,13
11965,15
14113,9
14113,17
5841,6
5841,15
3855,15
3855,13
12410,2
6453,12
6453,8
6453,9
12272,17
12272,3
12272,12
8681,17
8681,16
8681,6
7038,12
7038,9
7038,10
14851,7
14851,11
14851,5
9108,4
9108,3
9108,8
5816,17
2176,1
12120,3
15017,5
15017,3
13005,10
13519,15
9668,3
2242,10
6176,4
6176,5
17640,15
15614,12
15614,17
15614,5
1808,2
1808,14
1808,17
11000,4
11000,10
14695,1
727,12
16613,3
16613,14
16613,1
13392,5
13392,8
14924,5
14924,11
14924,15
17161,1
17161,9
17161,13
4183,6
4183,9
4183,15
14167,17
12213,17
6097,8
6097,17
8938,9
3400,14
3400,4
3400,11
13483,3
13483,7
13841,11
13841,1
13841,4
1835,8
1835,3
5464,9
5464,7
9170,12
9170,10
9170,4
12800,12
12800,17
12800,6
2838,7
2838,12
2838,5
16894,10
16894,4
16894,3
1851,5
1851,14
1851,2
4311,16
4311,5
2555,6
2555,15
2555,2
13308,9
13308,6
4013,15
4013,9
4013,3
11301,12
11301,4
7356,9
11697,13
2095,14
2095,3
103,3
103,10
3670,12
3670,6
12235,8
5791,2
9211,9
9211,6
9211,11
4617,13
4617,6
13608,7
6240,17
6240,7
6240,1
15231,1
10853,13
10853,7
10853,12
16397,7
16397,4
16397,16
11164,3
5082,13
13407,3
13407,6
7788,4
5148,16
15317,16
15317,12
15317,4
11244,3
10579,7
10579,5
13309,1
13309,7
13309,14
6325,4
6325,7
4569,13
3736,2
15466,6
15466,1
6261,7
6261,10
6261,16
13587,12
13587,13
13587,8
9936,4
9936,3
10567,9
14608,17
5165,1
5165,2
5165,17
1323,14
1323,4
16425,6
16425,2
7739,17
8532,13
8532,14
17081,3
17081,2
17081,9
14234,8
7954,13
12877,11
12877,1
12877,14
2659,17
11091,16
11091,14
11091,12
6979,9
1670,3
11157,14
976,4
976,2
976,7
8159,6
8159,8
5008,2
6443,11
4325,7
4325,17
4325,2
16063,15
16063,5
16063,12
4523,4
14331,3
14331,12
14331,6
15324,6
9445,9
9445,6
9445,10
14935,3
14935,14
14935,4
8678,10
8678,5
2460,9
2460,12
2460,8
8629,9
8629,17
17766,1
17766,9
17766,6
7724,5
7724,4
15565,12
17599,4
11173,1
11173,15
16222,7
4973,8
4973,9
4973,1
3269,5
3269,16
14931,14
14931,9
11451,12
11451,10
14777,10
14777,17
17115,4
17115,1
12115,16
12115,8
9634,9
9634,6
9634,14
15027,15
7407,3
7407,6
7427,16
7898,14
7898,5
16233,14
16233,4
16233,13
1031,17
1031,8
13497,12
13497,5
13597,8
17451,1
17451,11
17451,2
18055,14
18055,6
18055,16
7752,11
3018,13
15429,10
14044,15
6754,7
7901,6
7901,11
7477,17
16078,17
16078,6
16078,11
3438,16
3438,13
6708,5
6708,14
6708,9
10815,11
10815,2
10815,16
8469,5
8469,15
4702,8
4702,10
4702,16
8923,1
8923,13
8923,3
927,12
927,3
13910,15
13910,9
13910,11
15186,9
15186,5
15186,14
2674,2
2674,15
2674,16
10667,12
10667,1
6185,2
6185,5
6185,1
9255,13
9255,2
4782,4
17756,9
17756,11
17756,14
18244,8
18244,1
7011,6
15776,3
15776,9
16464,10
17280,16
14740,13
12349,4
12349,1
12349,6
15874,15
15874,6
15874,4
16109,15
1538,8
12190,8
12190,6
15441,10
9934,11
3842,1
3842,7
3842,16
5648,8
13628,4
8147,11
8147,14
8147,13
13645,17
18109,4
18109,9
18109,11
7882,16
17964,17
2872,1
5460,17
5460,10
14538,7
3893,12
11954,13
11954,3
13694,8
13694,10
13694,5
10526,6
1917,5
1917,2
11919,10
6297,12
6297,7
3265,17
1977,16
1977,4
1977,2
1292,13
1292,11
1292,5
7146,13
7146,9
7146,8
16238,15
16238,6
4324,13
4447,5
4447,7
8297,6
8297,5
3928,15
9248,6
9248,11
9248,4
1797,1
15682,14
15682,9
6818,11
14732,3
14732,17
2424,13
2130,14
2130,6
557,3
557,12
15219,2
3892,16
3892,6
3892,13
7713,11
7713,9
9365,15
9365,3
9365,12
6692,4
6692,13
6692,7
5727,8
5727,16
15207,17
15207,2
15207,9
18012,9
18012,14
18012,8
6635,11
6635,17
17096,3
11662,8
11662,5
11662,1
2841,8
2841,13
10153,12
10153,10
10153,3
7831,4
14871,5
14871,10
3865,6
7354,9
7354,2
351,9
351,8
351,11
4180,13
6875,17
6875,3
6875,15
15004,11
1211,12
1211,4
1211,6
12581,17
12581,8
12581,10
2154,5
2154,3
2154,7
1876,3
1876,2
12888,16
12888,11
8213,3
4587,4
4587,6
4587,16
13868,14
13868,2
13868,1
10077,4
2646,15
2646,4
4520,13
4520,6
4520,1
10232,11
10232,15
10232,8
3543,16
3932,14
3932,4
9789,1
9789,7
9789,15
5138,12
5138,8
4085,15
4085,6
4085,11
12954,14
12954,1
12954,7
9157,11
4850,11
4850,4
7729,17
14145,9
14145,2
9630,9
3590,9
3590,7
16586,2
16586,1
16586,4
5853,5
5853,10
6905,5
506,8
506,3
11855,10
11855,16
1408,5
5004,10
5004,16
5004,9
16261,14
4150,14
4150,2
17140,10
7449,5
7449,3
7449,12
1633,5
1633,13
1633,4
15517,17
15517,10
15517,9
356,15
1200,9
1200,4
17342,12
17342,6
10159,15
10159,2
10159,9
9795,16
9795,2
7631,14
7631,4
7631,6
17046,10
17046,9
8095,3
2296,12
2296,2
2296,14
8975,13
8975,16
1264,12
1264,2
1264,15
8395,1
16978,3
16978,13
12643,13
15050,14
15050,12
8049,7
8049,1
3181,6
3181,17
3181,1
12771,15
12771,4
8160,17
16244,13
17134,11
17134,9
17134,17
16841,14
16841,11
16841,4
204,11
204,1
204,15
6052,1
5355,6
5355,9
17997,4
17997,6
17997,7
6015,14
10874,17
17617,12
17617,10
9905,13
8766,4
8766,17
8766,7
17904,2
17904,9
17904,7
13185,16
13185,6
13185,5
15587,8
15587,9
1499,6
1499,14
8729,8
8729,3
3382,3
17697,3
17697,11
9397,5
9397,7
9397,17
16320,12
8266,3
8266,10
8266,6
9760,17
9760,11
11604,5
11604,3
2310,10
2310,17
2310,3
15755,7
15755,12
1981,3
1981,7
7218,12
8991,7
15959,1
15959,15
5856,15
5856,7
5856,1
548,4
6330,7
6330,11
44,17
44,7
9680,14
9680,10
3971,7
17683,10
7172,6
11687,11
11687,2
5055,4
10263,2
16851,12
6533,11
1427,8
1427,11
17806,16
17806,4
4992,13
2510,8
2510,5
7021,9
7021,7
7021,13
6137,1
6137,4
6137,10
5210,5
5210,6
5210,14
5894,8
5894,7
5894,17
10374,1
7958,12
7958,6
15510,7
15510,5
3512,16
3512,6
7093,2
7093,5
7093,9
7323,15
17290,3
13114,15
13114,13
13114,14
16120,3
15191,9
12327,5
12327,4
12327,3
3157,14
11271,4
11271,6
11271,17
12518,11
12518,4
12518,16
13787,15
1506,16
1506,5
17842,3
17842,15
17842,9
14282,17
10424,15
10424,17
15667,10
8173,16
8173,7
13281,8
13281,3
13281,16
16661,8
16661,12
8435,11
8435,15
8435,8
499,7
14471,1
14471,9
2491,7
2491,5
6085,17
6085,10
6085,3
5668,16
18114,2
18114,3
18114,11
2864,13
18166,14
16822,12
16822,2
16822,9
15828,5
15828,3
15828,14
16198,14
16198,8
9015,7
9015,1
9015,16
16981,3
16981,11
16981,12
13032,15
13032,16
13032,4
2699,7
2699,8
2855,12
2855,5
2855,17
3419,16
3419,5
9117,11
15402,1
15402,6
10708,14
10708,10
11853,3
11853,9
12664,17
12664,12
1170,8
1170,2
8346,10
4625,8
10388,13
10388,6
2910,8
2910,10
16430,7
16430,8
16430,13
3559,17
3559,7
3559,13
7447,14
8357,16
8357,17
17770,10
17770,5
15856,6
15856,17
4763,5
850,3
850,16
14405,7
14405,13
14405,10
5334,5
5334,13
10881,6
10881,5
10881,13
7037,6
7037,7
7037,14
2019,4
2019,11
1491,5
1491,16
1491,15
9818,11
9818,9
11593,8
11593,5
2537,1
2537,8
2537,7
13031,7
13031,12
6309,14
18017,2
91,7
91,14
16485,11
16485,10
16224,13
16224,10
16224,6
16852,9
16852,13
16852,11
4975,8
4975,16
5094,10
5094,11
8420,11
8420,7
11357,9
11357,16
10943,4
7161,13
7161,7
3384,17
17555,11
17555,14
8327,14
16572,17
16572,6
16572,5
12531,14
12230,8
12230,5
12230,3
7562,1
7562,14
6679,4
6679,12
6679,8
6775,14
2846,8
13685,7
13685,6
29,9
29,15
9994,3
9994,16
9994,7
1658,1
1658,12
1658,4
9954,8
6584,13
15549,15
15549,1
17850,5
2285,17
2285,10
4762,11
12580,5
4682,5
4682,13
4682,8
10558,5
12542,14
12542,7
16108,3
16108,11
16986,10
1042,16
1042,8
4076,10
4076,16
4076,6
15430,10
15430,3
15430,12
9082,13
9082,1
9082,7
3116,12
4203,15
4203,11
4203,13
4191,6
14916,16
14916,7
14916,4
9449,15
8793,15
801,16
6607,16
6607,1
6607,6
6035,11
6035,3
6035,13
3193,3
3193,6
12309,8
5274,15
5274,6
5274,3
2217,4
2217,6
1764,11
10817,11
1525,2
14588,4
12636,6
12636,10
10956,5
10956,15
10956,4
11546,4
1100,12
1100,1
1100,4
2291,10
8674,12
8674,3
11144,15
11144,11
11144,12
12286,16
8573,14
8573,11
8573,8
17179,14
7514,7
7514,3
7514,4
16191,8
6683,9
6683,13
17034,9
16940,12
16940,1
16940,5
16345,3
16345,14
2655,9
2655,13
3130,17
3130,4
3130,16
11332,4
11332,17
11332,2
16239,5
16239,7
16239,17
14710,14
14710,11
14710,8
8670,4
8670,8
8670,3
15078,7
15078,10
15078,9
9895,7
18111,16
18111,5
14228,5
15502,2
15502,13
15502,7
3355,10
3355,2
3355,4
7288,15
7288,12
7288,1
14042,16
14042,15
8772,5
8772,14
8772,6
12259,2
5680,2
5323,4
5323,7
8604,10
8604,11
10058,6
10058,5
10058,1
13000,15
13000,6
13000,14
2000,12
2000,11
6107,6
6107,2
6107,11
12009,3
12009,12
17865,13
9619,3
9444,2
9444,10
9444,7
11071,1
14381,7
14381,14
16744,5
16744,14
2252,1
12212,1
12212,8
13644,7
748,12
4002,8
4002,17
4002,2
9663,15
9663,3
4725,17
4725,15
4725,9
8708,16
8708,15
8708,12
966,12
2324,3
2324,6
280,1
280,3
280,14
9452,1
9452,16
15702,11
15702,8
15702,1
8724,10
8724,11
8724,12
16788,2
16788,16
16788,5
15274,6
15274,7
15274,14
14107,12
14107,15
12510,11
12510,1
12510,12
17411,16
17220,12
17220,17
17220,6
1496,16
1496,12
9480,3
459,8
459,7
459,4
17719,16
17719,11
17747,14
17747,15
1618,12
1618,16
10819,16
2054,2
2054,16
2054,8
6602,9
6602,16
1523,17
1523,12
1523,3
13478,2
13478,8
13478,3
4681,9
4681,17
14902,10
14902,2
14748,11
6459,16
6459,8
4546,14
4546,2
4546,12
8825,6
8825,8
8825,13
13135,8
17729,11
17729,5
13049,2
13049,8
17974,12
17974,8
17974,2
10155,12
14813,9
14813,16
13449,11
3146,15
3146,4
3146,8
17463,3
2362,8
2233,11
2233,7
6779,5
6779,13
2211,14
2211,16
16321,6
16321,3
2899,3
13734,2
13734,7
13734,14
9614,2
9614,8
9614,5
2440,13
2440,17
11160,6
11160,9
11160,14
2500,14
2500,8
2500,4
15112,14
15112,4
4764,8
4764,9
3012,10
6898,2
6898,10
6898,3
15379,7
694,7
694,16
694,11
3341,14
3341,4
3341,9
10091,11
10091,6
16885,3
16596,13
16596,16
3649,16
3649,10
7821,10
7821,14
4126,14
4126,11
4126,10
14665,1
14665,16
4655,8
886,4
12956,12
12956,3
12404,13
14749,11
14749,10
14749,13
4787,17
4787,6
2665,15
12082,13
12082,5
18154,10
18154,7
18154,8
1686,7
1686,17
1686,1
14377,10
14377,14
4193,17
4193,13
1410,13
1410,17
1410,8
2836,13
2836,2
2836,16
1522,4
1522,16
1522,8
1219,13
1219,12
1219,1
7722,5
7722,12
7684,3
7684,15
9717,10
9717,11
10169,5
4814,7
3793,12
3793,10
3793,3
15778,14
15778,12
15778,8
11264,13
11264,7
965,16
11072,17
16186,12
16186,14
16186,16
12408,15
12408,4
12804,9
12804,14
12804,1
7355,8
7355,6
7355,15
13181,11
13181,10
2934,3
1752,8
1752,6
18185,14
4032,6
4032,14
421,13
16251,4
16251,14
3187,1
11835,14
16497,8
4288,4
4288,10
15970,14
16796,4
16796,17
16796,6
11316,16
11316,5
910,11
17184,14
18175,8
18175,16
15084,5
6504,8
6504,4
6504,1
7439,10
7439,17
7439,14
10646,2
10646,3
13174,13
13174,3
13174,16
15278,15
15278,3
15278,6
6386,1
6386,12
6386,4
7143,12
7143,1
7143,2
16247,13
17979,14
17979,11
17979,16
15609,6
10637,12
10637,14
15061,5
15061,3
15061,8
12288,6
10325,3
10325,6
13273,8
14810,16
14810,2
14810,3
8119,16
8119,8
8119,5
11353,12
11353,11
11353,5
7801,8
7801,12
7801,17
1412,12
7790,15
7790,1
7790,5
5754,11
10367,4
10367,1
10367,2
2724,5
2724,2
16493,8
16493,13
9252,11
8320,1
8320,4
10625,3
10625,9
10625,6
1940,17
1940,6
14779,5
14779,13
14779,11
11059,4
11299,10
11299,5
11303,9
15591,10
15591,16
15591,3
3733,7
3733,2
3733,8
7107,17
7107,13
7107,8
17807,15
17807,4
2363,16
2363,10
17582,17
17582,2
17582,15
12160,13
12160,4
9592,2
9592,7
10140,6
10140,1
10140,12
3022,16
840,17
9317,5
9317,6
9317,10
2751,11
10439,10
10439,9
3004,2
592,16
592,1
1713,6
1713,9
1713,13
16071,13
16071,14
10369,5
8870,4
5726,12
5726,1
5726,17
6109,12
2977,2
2292,8
2292,5
11272,9
652,16
5569,10
5569,17
5569,3
17921,12
3456,1
3456,6
15257,1
5838,5
5838,6
6622,3
6622,13
10556,6
10556,7
8322,5
8322,9
5293,15
5293,14
5293,6
912,15
13072,10
6016,15
6016,1
12061,16
12061,1
12061,3
7940,1
7940,5
7259,2
7259,17
7259,4
10149,3
4070,15
4070,14
18160,12
18189,17
18189,3
18189,5
18106,17
18,3
10629,16
10629,10
1447,16
1447,17
1447,2
4308,10
2177,5
2177,8
2812,17
2812,5
2812,8
6561,9
12968,12
12968,17
12968,6
11597,7
11597,2
2669,3
2669,2
5737,1
13319,8
13319,3
13319,12
4443,16
4443,5
10835,6
10835,11
10835,12
9643,16
3548,17
3548,15
16912,3
16912,4
16912,5
17556,7
17556,15
2628,8
2628,5
2628,14
13496,9
13496,12
13496,5
10528,17
16992,15
6414,11
6414,7
6414,1
1901,3
1901,12
15261,13
15261,17
15261,4
1675,17
5913,11
5444,6
5661,3
5661,8
5661,1
12096,14
12096,11
12096,8
7185,17
7185,7
9671,16
9671,15
5137,9
5137,13
5137,4
3837,8
3837,12
8422,7
4482,4
4482,9
4482,6
6273,10
16609,6
6399,10
6399,3
6399,16
15464,1
8958,15
12257,4
12257,17
12257,1
13050,13
10089,3
10089,5
10089,1
15419,5
7873,6
7873,14
7873,12
7436,14
7436,12
7436,7
17352,12
17352,16
17352,4
5955,3
5955,8
5955,12
8971,11
8971,14
12680,15
10825,15
10825,10
10825,3
16117,8
1276,2
1276,12
1276,8
6047,5
6047,10
5825,4
5825,17
5825,6
9996,15
9996,10
1247,8
1247,9
1247,5
2918,6
14103,12
14103,4
14103,2
4619,17
6556,13
6556,9
2350,12
2350,8
14827,1
14827,8
14827,2
7584,16
7584,14
7584,12
5694,6
14742,2
10608,10
10608,12
10608,15
13216,7
13216,1
13216,16
2439,11
2439,2
2439,3
11618,6
11618,12
17984,6
17984,17
1193,2
1193,14
1193,7
9171,1
9171,8
8663,5
8663,2
15899,16
15899,2
15899,17
7524,11
7524,7
10511,15
10511,5
11051,12
11051,4
6545,9
6545,6
6545,1
9360,3
9360,2
6514,16
6514,2
6514,11
4543,15
4543,6
4543,8
9367,12
9367,14
14487,8
14487,15
5163,11
7198,16
7198,3
14394,7
14394,13
15364,16
15364,1
10381,10
17258,7
17258,16
8416,13
8416,17
8416,11
14991,16
14991,4
5705,2
5705,3
5705,12
16013,3
16013,12
11201,17
11201,6
11201,1
13163,12
13163,17
13163,9
5188,2
5188,7
624,6
624,9
15881,14
15881,13
15881,7
17916,5
861,7
861,10
1813,14
1813,9
1813,4
4149,8
11656,15
6926,15
5161,5
13481,14
13311,5
10655,5
16278,15
16278,1
4876,9
4876,5
4876,16
7728,9
7728,2
7728,4
7949,9
7949,4
7949,3
5227,4
14503,17
14503,9
14503,6
15168,14
15662,13
5558,13
5558,15
5558,5
1829,15
1829,2
1829,5
6,3
6,16
16293,16
4161,8
7368,12
7368,7
4944,4
2738,14
2738,10
11760,3
11760,5
7904,11
7904,5
7904,7
3208,9
1849,16
4217,13
4217,8
9876,16
1972,9
4148,15
4148,7
6501,11
9806,7
9806,1
4041,11
7142,6
7142,7
7142,3
13179,15
7392,5
7392,4
11613,15
11613,7
12476,13
14143,7
16279,10
16279,6
623,10
623,6
507,1
507,2
14435,9
14435,3
14435,1
13700,4
17448,3
17448,12
17448,5
16379,10
16379,3
16379,4
1205,15
1205,10
16542,4
9223,5
18177,9
18177,4
11275,14
11275,9
7349,3
1342,7
1342,17
1342,15
5428,3
5428,9
5428,2
6823,4
3632,14
3632,9
3632,13
17636,7
17636,2
14160,16
15680,4
15680,3
7237,16
1379,17
3113,14
9073,6
9073,15
16274,4
177,7
177,6
177,1
8237,4
8237,3
8237,12
14127,10
14127,17
13081,5
13081,11
2907,16
2907,10
8658,11
5283,8
5644,2
5644,7
781,10
781,3
781,6
13202,10
13202,13
6345,7
1129,11
10602,5
10602,2
10602,15
1987,11
17505,2
6930,13
6930,9
14091,7
14091,4
7656,15
7656,5
7656,9
17,2
17,12
10954,7
10954,1
5410,8
5035,11
5035,4
5035,2
9160,15
9160,11
9160,8
10740,7
4929,12
4271,10
4271,6
18142,14
18142,15
13979,13
7742,10
7742,6
3080,16
3080,17
3080,4
2207,12
2207,17
15227,14
15227,9
254,4
254,9
1798,10
10187,3
5343,5
5343,8
2228,7
2228,9
2228,10
5577,1
5577,6
6005,6
6005,13
14297,6
14297,9
5917,6
5917,11
5917,7
6086,12
6086,7
6086,6
17885,3
12217,16
12217,7
18205,11
18205,7
18205,2
6553,2
6553,5
16687,16
16687,10
16687,5
10051,14
15660,7
17399,7
17399,14
6850,8
6850,11
14177,1
14177,7
13170,12
13170,10
13566,1
13566,3
2455,9
8067,11
8067,7
8067,9
4550,2
5919,16
5919,1
5919,10
16276,16
6146,2
4,2
4,14
11372,1
5345,4
9848,8
9848,5
9848,2
12706,12
12706,4
12706,16
16273,14
16273,7
5606,11
5606,5
5606,4
14208,17
14208,4
1897,10
11839,9
11839,17
15908,5
15908,4
5612,9
9401,16
9401,11
11850,9
2282,11
2282,10
16739,8
16739,6
16739,2
5765,7
9361,17
9361,3
9361,2
1473,2
5770,6
5770,12
11735,4
12812,7
12812,11
12812,15
3330,8
3330,11
8108,17
8108,13
8108,2
15623,9
15623,7
12915,17
12915,6
12915,4
2837,13
2837,5
2837,2
16461,13
16461,2
1832,3
15421,9
15774,1
15774,5
4837,15
4837,10
4837,2
17138,6
8650,8
4281,16
4281,8
4281,17
2771,3
2771,2
7844,8
7844,5
7844,6
3447,10
3447,17
14701,16
14701,6
14701,17
5736,16
5850,2
5850,14
5850,15
6108,7
6108,10
6108,17
8745,7
8745,15
8745,10
5255,11
16019,2
1284,16
17554,6
5257,11
14744,5
14744,6
17240,17
17240,16
17240,14
1627,6
1627,2
1627,13
12614,1
12614,6
12614,5
7273,14
7273,1
7273,8
6430,1
6430,6
7710,2
7710,8
15579,8
11588,14
11588,6
9055,11
9055,7
9055,9
3569,14
3569,7
8337,8
717,7
717,15
15801,17
15693,6
11924,12
11924,1
3049,11
3049,6
3433,17
3433,2
3433,8
11521,5
11521,12
11521,15
3597,4
3597,11
3597,2
17156,16
17156,11
16286,11
16286,14
3731,6
15117,7
10597,4
10597,3
10597,5
9827,2
9827,14
9827,15
14201,11
14201,1
14201,16
16336,11
16336,7
7541,4
7541,12
1885,10
1885,7
3897,8
3897,3
3897,12
7130,7
7130,1
7130,8
18157,2
18157,11
18157,8
12953,17
12953,13
12953,3
1546,15
7417,12
16434,14
16434,7
3715,14
8993,11
8993,13
17193,8
17193,1
17193,3
3935,14
3081,6
3081,8
3081,15
5294,10
15487,8
15487,4
3571,14
3571,5
3571,16
4933,15
4120,4
884,2
884,11
884,17
17150,15
12584,15
2033,1
2033,13
11482,9
11482,17
11482,15
9590,12
9590,17
9590,16
8464,14
8464,5
10557,10
10557,1
10557,2
1933,1
1933,17
997,3
997,13
997,9
8447,8
8447,2
8447,12
6389,8
6389,16
6389,9
11523,2
11523,1
11523,9
9758,8
9758,7
13158,14
13158,5
13158,9
13906,4
13906,17
15467,15
15467,1
2126,9
2126,8
5889,15
5889,2
16209,11
12381,13
9966,17
9966,12
9966,4
3514,16
3514,12
3514,6
1707,5
1707,3
1707,4
10147,2
10147,17
10147,11
10731,7
2312,4
2312,15
2280,8
17157,13
17157,16
4906,17
4332,3
4332,10
15740,6
15740,17
15740,10
11510,16
11222,10
11672,16
11672,5
17894,2
17894,16
13613,16
13613,15
13613,2
14828,4
14828,10
14828,15
16219,9
3821,9
3821,14
10103,6
6980,10
6980,12
6980,2
16452,16
16452,8
16452,17
4305,7
4305,2
12497,13
6412,5
3368,12
5366,14
5366,1
13240,12
13240,7
15840,6
14983,16
14983,12
7876,17
7876,11
7876,7
17856,13
17856,8
14912,5
14912,6
6490,2
6490,10
6490,17
15789,4
15789,12
12637,12
12637,2
12637,9
7748,4
7748,9
7748,7
15328,13
4019,13
14040,16
14040,10
14040,8
4719,6
4719,9
4719,14
1613,8
15598,16
15598,4
15598,10
8282,9
8282,17
4913,8
4913,9
4913,13
13349,6
13349,15
13349,10
4798,16
4798,8
8850,9
8850,8
11838,13
11838,3
11838,16
14535,12
14535,16
14535,6
2475,9
2475,11
2475,3
3799,6
3799,17
13547,3
13547,8
13547,13
10093,15
13327,14
13327,2
15451,15
1884,17
1884,9
1295,3
1295,15
1295,14
2849,1
5869,12
5869,4
15331,7
9376,11
9376,15
9376,5
8538,4
9261,10
9261,17
9261,13
3295,16
7179,2
7179,14
7179,6
13544,11
13544,1
9836,9
9836,3
9836,12
6605,12
17169,14
16237,15
16237,10
17516,1
17516,15
2869,9
2869,13
6666,17
6666,8
6666,12
3096,17
3096,7
5962,17
5962,16
5962,4
5289,10
5289,8
5289,9
13778,11
7063,5
7134,16
7134,5
7134,11
15607,17
9863,11
1399,10
1399,15
2354,14
2354,8
11806,7
11806,17
771,3
771,6
771,10
13391,5
3557,10
3557,14
3557,17
14500,6
14500,1
3371,1
14174,8
14174,3
17287,3
17287,7
17287,12
15480,8
15480,17
8354,4
8354,16
8001,13
8001,6
8001,4
15885,17
1786,1
8100,11
8100,16
8100,9
12540,11
12540,17
12540,9
2709,5
2709,6
2709,8
1036,8
17132,4
17132,12
9993,8
9993,15
6180,17
6180,5
14522,5
4616,5
4616,13
4616,7
1965,12
1965,10
8610,17
8610,12
3858,1
12538,12
8849,7
8849,5
11822,5
11822,1
11822,9
3349,4
3349,7
3349,5
1948,12
1948,1
1948,4
3669,10
3669,1
8345,12
16181,6
12167,2
12167,11
12167,12
14429,10
13091,12
13091,15
13091,14
12141,6
12141,5
15697,15
15697,11
11204,5
11204,10
1536,14
1536,10
1536,2
7979,7
7979,5
6387,6
6387,3
4066,9
4066,12
11609,11
11609,6
11609,12
164,4
164,2
164,6
1645,14
1645,6
9892,6
9892,16
16950,1
16950,7
10728,3
10728,9
5650,5
5650,9
5650,8
9304,15
10626,5
8175,15
9756,7
9756,15
9756,13
15301,17
15301,12
5043,2
7982,1
7982,8
7982,2
3654,4
3654,13
3654,3
17209,13
17209,16
17209,9
437,9
437,16
437,5
18178,16
9887,14
9887,10
9887,3
495,1
495,10
495,12
2157,7
2157,5
12749,5
12749,3
6353,7
6353,6
6353,9
3060,11
3060,7
3060,9
17900,12
17900,10
17900,8
15514,17
15514,14
15514,3
10842,8
10842,12
10842,3
12245,16
12245,11
12245,7
658,12
658,7
22,6
3621,6
3621,2
3621,7
2311,5
2311,8
15932,4
15932,13
7781,7
7781,16
12604,10
12604,6
12810,17
7852,8
7852,1
11365,5
11365,4
16041,3
16041,12
13709,11
13709,1
13709,2
12837,16
12837,9
16492,6
6957,3
3468,10
3468,4
3468,17
8727,16
8727,3
8727,13
5585,14
1316,13
10161,5
14427,10
14352,9
14352,1
13770,2
13770,13
13770,14
7084,7
5268,16
7396,13
7396,11
7396,9
3440,3
14968,1
14968,16
14968,5
4037,5
4037,14
4037,10
6352,11
10750,9
10750,15
10750,6
11815,11
11815,6
15028,4
15028,5
6306,1
3226,8
15242,17
14104,14
14104,11
15530,4
15530,8
15530,15
3529,13
3529,12
3529,17
193,10
3903,13
8901,15
3446,2
562,7
562,3
8510,1
11221,13
11221,9
983,16
983,13
3972,1
3972,5
3972,17
2516,3
16164,8
16164,16
16164,2
13691,1
16437,16
16437,17
16437,2
17879,10
17879,3
8387,2
11425,6
16763,15
12631,12
12631,7
6517,15
13236,10
13236,16
13236,13
13813,12
2748,8
2748,13
2748,15
14599,11
14599,6
4680,7
12360,10
4512,13
4512,15
4957,4
2741,13
12236,17
744,2
15044,3
15044,2
15044,5
12722,8
12722,1
11537,4
2573,8
2573,7
2573,17
7061,4
7061,2
7061,15
16795,17
6246,3
6246,16
6246,1
12341,12
10770,17
10770,10
10770,4
5441,14
5441,15
5187,1
17025,14
17025,16
16283,8
12455,6
2906,9
2906,2
2306,11
16047,1
165,2
5306,8
5306,10
5306,2
13256,10
13256,5
13256,8
18252,6
18252,4
18252,17
7268,16
7268,11
2349,15
15490,17
15490,9
15490,11
14269,4
14269,5
362,1
362,4
205,13
205,8
205,2
7158,14
646,13
15843,4
15843,16
15843,9
13707,5
13707,13
1893,1
1893,11
1893,7
9200,11
9200,15
9200,10
11403,10
11403,12
5731,4
18265,6
18265,2
18265,3
10547,2
10547,12
627,9
627,3
627,13
16767,11
1204,3
1204,5
17441,15
7544,5
7544,14
7544,11
11268,8
11268,9
11268,4
12846,15
12846,1
12846,4
3052,11
4775,8
4775,10
4775,17
7612,1
7612,4
14606,12
3462,6
3462,7
6307,2
6307,12
2778,11
2778,13
2778,7
12024,16
12024,10
12024,13
4663,8
4663,1
4663,15
1601,2
1601,1
1601,5
10519,17
13404,12
13404,15
5493,4
10366,14
10366,3
4047,16
4047,1
17164,17
17164,3
17164,6
3257,15
5414,10
5414,5
5414,11
1636,4
14086,1
14086,14
12201,11
12201,12
2223,5
2223,1
2223,13
9781,3
9781,12
901,10
8713,4
8713,10
8713,14
12323,6
12323,15
7775,6
12634,1
12634,11
12634,9
9874,10
9874,8
17086,2
17086,12
15866,11
15866,1
11825,14
11825,17
1669,3
1669,12
1669,17
16036,14
14476,2
14476,9
395,15
8061,4
8061,9
8061,12
12102,14
287,2
287,14
287,16
2035,12
2035,8
15051,6
15051,13
97,1
17368,17
17368,4
17368,2
13214,1
4485,11
7399,4
7399,8
11636,17
11636,7
11636,11
4698,5
4698,11
3227,16
3227,7
12694,4
1190,5
1190,7
1190,2
17963,17
7617,16
11911,1
11911,15
1332,4
1476,8
1476,3
16973,16
5463,17
7378,4
7378,11
7378,16
8990,10
4301,8
4301,15
12090,11
12090,13
12090,8
8172,10
8172,2
8172,17
5,10
71,5
13651,14
13651,16
5492,3
3696,13
3696,10
3696,15
1801,15
1801,6
15790,11
15790,17
5018,7
5018,8
5018,13
6218,7
6218,4
6218,17
15842,11
15842,6
7381,5
9852,13
9852,14
16693,12
16693,5
17504,1
13366,5
13366,2
8088,13
7634,9
7634,1
7634,10
10763,12
10763,15
10763,7
18245,10
16333,12
16333,13
16333,16
11258,11
11258,6
11258,1
15281,3
15281,12
15281,8
4919,11
4919,10
5050,7
5050,4
5050,1
9204,3
9204,12
1837,11
1837,6
2415,13
2415,6
5957,12
3050,7
3050,5
3050,4
15166,5
15166,15
16708,9
16708,8
16708,14
11763,10
11763,1
11763,7
14875,1
8212,14
14620,14
14620,2
14620,7
13265,8
13265,10
13265,17
10068,6
10068,7
10068,10
9766,16
9766,5
3573,10
3573,17
836,5
15695,1
15695,6
15695,14
2858,3
2858,12
7182,16
7182,6
7182,7
11435,9
11435,17
11435,4
1208,1
1208,14
17810,10
17810,8
957,11
957,16
957,12
8952,16
8952,9
302,12
302,17
4576,16
4576,7
2002,17
2002,8
7554,1
7554,4
7554,7
15675,15
15675,7
13945,4
13945,10
13945,9
6481,11
6481,17
14115,16
14115,5
732,14
732,1
732,5
5215,7
5215,4
5215,11
18213,14
18213,2
1494,12
1494,13
13177,13
13177,12
2967,16
2967,7
16259,5
16259,8
16259,13
13360,16
13360,11
4845,3
4845,7
4204,13
4204,12
4204,2
10352,3
10352,4
10352,17
12601,10
12601,3
10377,13
10377,5
10377,12
10376,10
10804,3
8964,4
8964,10
8964,11
17141,10
17141,8
14862,1
14862,7
14862,3
7256,14
7256,3
7256,4
17088,5
16079,8
16079,4
14000,1
14000,14
10402,12
16042,6
16042,8
16042,16
12087,17
12087,2
12087,16
5465,6
5465,7
5829,14
17296,2
2131,14
2131,12
17118,3
15636,5
15636,16
15636,2
5900,17
12527,14
12527,11
12527,8
1088,15
1088,9
1088,17
13934,10
17478,10
15593,9
15593,3
15316,11
15316,10
15316,9
14322,13
14322,10
14322,4
1957,4
1957,12
1957,10
5127,9
5874,5
14694,12
14694,4
14694,13
5068,17
5068,1
5068,14
11934,7
11934,4
11934,16
14513,1
12779,17
1769,4
3474,7
3474,4
6317,5
3492,4
3492,11
3492,1
360,17
12616,16
12616,17
12830,2
11081,11
7350,7
7350,6
7350,12
7811,5
7811,1
18262,11
18262,1
18262,7
11694,9
11694,6
11694,7
10461,17
10461,15
10461,11
7365,1
10620,6
7004,9
794,6
6780,7
10503,13
10503,12
10503,6
14499,2
14499,17
14499,15
6589,12
6589,2
4077,11
8184,16
8184,10
16823,8
16823,14
8931,14
11466,4
11466,1
11466,12
5809,16
5809,5
4164,13
10032,11
16381,13
5999,11
5999,15
5999,17
416,17
416,4
416,16
7277,12
7277,8
7277,3
3059,15
3059,13
3156,4
2298,9
2298,14
2298,8
13943,3
13943,9
13943,11
9825,6
9825,16
7215,2
7215,3
7215,12
14033,16
14033,1
14033,15
17812,8
17812,6
12441,15
12441,3
6885,15
6885,10
10216,1
10216,8
2542,9
2542,12
15497,14
13354,9
13014,4
9648,4
9648,2
8504,7
17860,11
8459,13
8459,4
8459,11
8254,12
8254,4
8254,7
11709,9
11709,4
1834,9
2972,8
2972,3
2972,7
2874,4
2874,16
2874,14
3475,7
15803,6
15803,3
4651,2
4651,13
1021,4
1021,15
11208,11
11208,5
11208,8
5695,16
5695,6
18123,6
18123,16
6439,7
6439,10
12372,2
12372,7
12372,12
7606,7
7606,4
16561,4
16561,6
3714,6
494,2
494,5
8542,5
8542,2
8542,10
13665,6
17540,4
17540,7
17540,6
9386,11
6936,14
10198,16
5781,3
5781,10
2905,6
11848,17
11848,14
11848,12
4472,8
4472,13
4472,6
6730,17
10015,11
10015,7
10015,8
17677,1
8493,8
8493,5
9093,7
9093,12
9093,1
7266,11
7266,14
7266,7
12887,4
12887,8
12887,13
15515,4
15515,1
15943,17
15943,1
6876,7
6876,11
6876,3
172,8
172,3
9926,2
13553,8
4645,17
4645,1
14289,6
14289,15
3997,3
9222,7
9222,4
8265,12
11601,16
11601,8
11601,9
7777,14
7777,1
2937,12
10053,10
1420,13
4011,14
4011,3
14154,6
14154,12
14154,14
6048,7
6048,15
7635,16
3970,3
3970,9
8963,13
17574,14
16999,2
16999,11
15833,13
15833,8
11681,16
11681,9
11681,15
9798,3
9798,17
1394,14
1394,2
15629,1
9460,17
9460,11
9460,5
5081,9
5081,13
5536,14
16677,12
16498,1
16498,12
16498,4
3796,14
1145,8
1145,5
14832,6
4843,3
4843,11
10257,1
5333,15
5049,11
5049,5
8934,15
17498,16
17498,4
5483,7
5483,12
216,11
216,1
15228,16
15228,13
15228,3
16289,11
16289,6
5347,15
5347,17
2796,14
17598,9
17598,3
11678,16
11678,17
4920,10
4920,3
63,14
9521,15
894,6
9922,6
9922,1
16167,13
16167,4
16167,10
15444,10
17616,9
677,14
677,7
677,12
13205,12
14950,1
14950,8
16422,8
408,5
408,7
408,16
16598,16
16598,15
16598,6
1076,7
1076,11
5617,12
6129,1
6129,11
17181,2
5021,12
5021,13
5021,10
13646,1
27,1
27,3
27,8
8207,13
8207,17
8207,15
10172,16
4147,16
14286,4
14286,10
8611,5
10235,1
10235,16
10235,2
194,13
17741,12
17741,16
17741,10
6421,16
6421,1
10040,14
17321,3
10474,7
10474,15
10474,11
15348,4
15348,8
15348,11
10893,15
1691,1
10097,11
10097,3
10097,8
8144,8
8144,3
11727,3
11727,16
2371,14
2371,7
6140,11
6140,1
6140,5
6496,10
6496,8
6496,2
8249,7
8249,17
1778,10
1778,9
14403,1
14403,14
14403,6
8021,2
9033,12
9033,9
9688,6
9688,9
9688,14
12825,8
10094,7
10094,1
10094,6
32,16
3068,6
3068,7
3068,10
1708,6
1708,16
15757,15
15757,16
10710,4
10710,9
12863,17
14369,6
14369,12
4791,2
13782,14
2125,7
1407,9
4527,5
4527,11
18236,14
9134,16
13160,1
3312,8
3312,15
3312,11
916,6
916,12
916,2
1563,12
1563,6
1563,16
12948,10
12948,17
12948,12
8056,3
8056,14
9582,8
9582,2
2040,1
2040,15
2040,13
6815,1
6815,8
6815,2
1,5
11008,12
16067,1
9654,14
9654,12
8141,3
8141,10
12005,11
12005,13
10086,16
10086,8
7654,6
6462,5
6462,3
6462,16
7072,5
7072,1
4983,12
4983,8
4983,11
10707,14
16453,2
16453,16
3929,2
14753,16
14753,14
14753,3
4534,6
4626,1
4626,7
4626,11
8363,14
8363,9
8363,4
6448,3
5110,5
5110,10
14768,5
14768,13
8791,16
8791,1
12134,12
12134,10
12134,1
11842,3
11842,6
9729,11
17841,13
6928,8
6928,12
6928,14
1762,5
1762,15
14169,14
14169,12
14169,3
6316,7
6316,15
2962,8
17203,9
17203,4
17203,11
6699,12
6699,1
13321,11
8835,5
7466,6
7466,8
7466,13
3924,1
3924,10
4309,13
4309,4
4309,3
15237,9
15237,16
15237,10
1727,5
1329,11
10730,8
10730,9
3488,15
3488,17
3488,9
14965,1
8319,17
8319,4
14949,10
14949,5
10869,15
512,3
2071,8
2071,9
7167,17
7167,9
697,1
697,7
9990,17
9990,3
14852,12
14852,14
18228,6
15295,9
15295,13
13886,7
13886,13
13886,5
3734,3
9568,11
9568,13
729,12
7615,1
7615,3
7615,4
12383,17
12383,2
12383,6
11879,7
4646,16
17672,4
17672,5
17672,14
12897,10
12897,1
12897,17
12321,1
12321,2
12321,12
9689,6
9689,3
2588,3
2588,13
2588,12
9159,10
9159,3
9159,1
5073,2
5073,4
5073,9
14050,10
14050,13
14050,5
12904,4
12904,14
12904,6
1688,8
1688,11
8559,2
8559,6
8559,3
6423,12
8627,8
1307,17
1307,11
1307,2
291,8
2084,6
15090,16
8802,17
8802,10
8802,16
10834,10
10834,15
5418,14
10644,16
4483,11
4483,5
4483,16
1969,4
1969,17
1969,12
823,12
11837,7
7778,7
17317,8
12398,3
12398,2
12398,15
9698,6
9698,8
8880,13
8880,10
1493,13
12995,14
12995,1
3856,3
3856,13
12172,11
12172,1
12172,8
18214,7
15962,11
15962,5
3190,11
3190,12
229,8
229,6
229,13
4320,9
4320,7
4320,13
621,3
621,5
621,11
15221,13
15221,10
16778,8
9624,13
9624,5
7458,1
7458,4
18193,16
15781,4
6727,12
14122,15
14122,11
11519,8
11519,6
12996,5
12996,14
12996,6
2287,17
2287,6
15384,13
11186,17
11186,9
11186,16
361,7
361,5
3055,4
3055,16
3055,5
12388,13
9584,14
9584,4
10090,4
10090,14
10090,9
10043,3
10043,10
51,10
5758,15
7983,8
7983,7
334,1
1396,3
1396,7
9045,5
9045,3
14783,17
18118,3
6747,8
6747,5
6747,7
897,15
897,8
7651,5
7651,11
7651,8
2631,13
2631,1
11373,17
10414,8
10414,1
12016,8
13663,2
13663,15
3451,10
16558,12
9864,12
8188,5
10801,8
939,17
939,4
939,13
12777,5
12922,10
12922,4
12922,13
17396,11
17396,6
8536,17
8536,10
10886,1
14484,16
14484,6
14484,4
2294,9
2294,16
10705,8
10705,17
10705,10
267,5
15542,12
15542,7
13935,6
15269,9
15269,2
15269,4
17365,7
12548,12
12548,15
12548,4
3332,17
17695,1
17695,5
5775,1
5775,9
5775,3
2743,8
2743,17
670,11
670,14
5384,12
5384,2
9726,15
4699,1
5335,4
5335,7
5335,15
8600,17
8600,13
8600,1
3136,14
17637,11
17637,12
17637,5
9112,2
9112,10
9112,15
2360,12
2360,13
2360,5
2954,9
2954,14
2954,16
12946,1
13686,13
13686,2
13686,4
3077,13
3077,10
4461,1
4461,14
17868,17
17868,11
17868,1
6764,11
6764,16
6764,7
4847,7
4847,3
10455,2
10455,17
10987,11
10571,15
657,10
657,12
2508,6
2508,2
2248,11
2248,12
2248,6
12241,2
5712,11
5712,10
17093,9
378,14
15220,8
15220,9
551,6
6768,4
6768,16
6768,11
17638,3
17638,13
17638,4
5387,8
5387,15
5387,16
17527,16
17527,17
13877,6
13877,7
13877,11
15978,7
15978,13
15978,17
7680,11
7680,10
6767,13
6767,4
85,7
85,11
17070,11
17070,2
17070,12
6865,2
12126,1
955,8
955,16
5024,13
2390,10
11340,2
10430,7
10430,6
710,6
710,9
710,3
16522,15
16522,6
16522,14
1604,5
1604,4
1604,16
16248,6
16248,4
16248,1
17031,11
17031,15
17031,1
4807,6
4807,1
4807,8
5895,17
5895,7
14313,12
3826,17
16205,7
16205,13
16205,2
11705,5
11705,4
11705,13
16911,8
16911,14
15857,5
1630,17
9209,1
9209,17
9209,5
10486,14
10486,8
10486,17
14161,4
14161,12
4678,13
4678,16
11925,8
2476,7
2476,1
14952,1
14952,8
14952,5
7150,11
7150,2
7150,6
1403,3
1403,17
1403,15
4714,6
4714,7
4714,2
4059,7
4059,1
14578,8
14578,13
12937,7
3634,15
3634,11
3634,4
12457,2
1828,4
1828,8
15674,5
15674,3
15674,14
12662,12
12662,3
12662,2
3464,7
3464,4
16699,17
16699,8
17739,11
17739,15
5354,14
5354,16
5354,15
6370,13
6370,4
6370,16
12911,4
12911,1
12911,10
6409,11
6409,10
6409,7
610,11
610,15
610,4
2085,2
2085,9
2085,6
4188,6
4188,11
7014,4
7014,5
15915,8
15915,3
15915,1
15739,9
3749,2
3749,12
16512,6
16512,15
10028,12
10028,5
10028,4
9151,9
1961,7
1961,17
1961,8
3079,9
3079,7
3079,5
1698,11
1698,14
4192,1
4192,3
10260,4
10260,14
16648,15
16648,16
10178,8
10178,6
10178,13
6958,2
6958,16
4233,5
4233,7
4233,14
17182,8
17182,5
10309,11
10309,14
10309,16
6878,6
6429,17
6429,9
6429,1
14839,12
14839,15
10302,6
10343,14
10343,10
6827,17
6827,5
6827,12
8710,10
690,6
690,17
17213,1
15021,15
1142,10
15366,9
15366,8
12269,5
12269,16
2963,9
14516,1
13892,15
13892,12
13892,11
872,1
872,6
872,16
7924,13
7924,7
9748,9
9748,5
9748,17
2745,9
5559,13
5559,14
6772,15
6772,12
6772,17
10841,13
8976,12
8976,7
8976,1
11481,7
11481,16
9245,13
9245,14
2803,5
2803,1
2803,6
5805,4
5805,9
3011,14
3011,13
15000,2
15000,3
2332,13
667,10
9915,15
9915,11
9915,17
12560,13
3290,11
3290,17
3290,7
12739,2
2261,6
2261,8
8439,1
8439,10
17316,6
17316,10
5925,11
5925,4
13736,1
13736,8
13736,11
12484,12
13573,11
1024,2
10915,6
10915,8
10915,12
16712,11
15212,13
6648,1
6648,3
7139,4
7139,7
7139,15
7334,9
7334,2
13678,7
8533,16
8533,2
8533,13
9888,16
572,16
572,13
15223,10
15223,8
16393,5
4277,8
4277,13
12998,17
11792,5
11792,16
11792,12
11488,7
11488,14
11488,5
17667,4
8289,15
8289,16
16546,2
16546,17
7336,5
7336,7
3934,13
3934,3
16974,14
16974,6
16974,4
15648,11
14006,1
14006,11
6124,1
8385,4
5944,17
5944,12
504,1
17746,6
15372,8
15372,5
4840,13
4840,9
4840,7
2056,8
11752,17
1464,1
1464,5
18136,9
18136,17
18136,10
3003,7
3003,17
3003,11
16611,1
9280,13
9280,2
9280,7
12831,6
12831,9
2589,6
2589,12
7530,3
13446,17
13446,4
14641,11
14641,14
16049,3
16049,12
11101,6
5179,2
7771,3
7771,13
7771,12
17698,10
15493,4
17567,12
11767,9
12806,16
12775,4
12775,11
1209,13
1209,10
1209,16
15882,16
15882,3
15882,9
12735,3
12735,16
12735,14
5406,10
5406,14
8908,11
14647,9
977,2
977,3
977,4
8093,9
8077,15
13147,2
4553,4
17926,2
17926,16
17926,1
12747,5
12747,9
12747,2
9704,6
11050,2
11050,9
11050,7
15252,4
15252,16
15252,6
17539,6
11679,14
11679,9
9736,3
9736,2
10063,1
10063,12
10063,16
7325,5
10686,15
12308,8
12308,17
4251,6
4251,12
8506,17
13538,5
13538,9
13293,7
13293,15
13293,4
12865,15
12865,1
12865,5
4819,9
4712,1
4712,10
4712,7
4690,2
4690,17
4690,6
3704,13
3704,12
3704,5
174,1
174,7
174,11
9085,12
9085,7
9085,2
16608,6
16608,13
890,15
6191,10
6191,6
17410,7
17410,17
1351,13
1351,17
11661,12
11661,8
13278,4
13278,1
2215,10
7351,4
7351,8
4965,3
16433,10
16433,3
16433,15
197,12
6547,16
6547,10
6547,2
13424,1
13424,11
13660,12
7887,17
7887,5
7887,6
1572,6
1572,1
1572,15
3609,4
3609,3
3609,9
15621,9
15794,6
6359,17
6359,3
1106,13
17331,4
17331,5
17331,7
12,7
12,12
1640,2
14137,13
14137,9
7479,15
7479,16
1991,5
16807,1
16807,6
15933,7
15933,3
13518,2
13518,8
14940,3
12507,9
12507,15
12507,3
651,12
17414,4
17414,7
17414,14
4439,2
4439,15
4439,10
6223,12
6223,3
6223,1
8628,9
8628,6
8628,16
2380,3
14114,17
14114,4
12399,12
12399,2
3721,6
3721,13
5975,15
5975,6
17601,1
17601,9
17601,10
17612,15
17612,14
8738,5
7511,15
7511,13
2088,13
2088,15
2088,12
17375,16
64,13
64,11
14690,13
14690,1
5828,12
5828,6
5828,7
12487,7
8920,1
8920,3
9932,17
9932,3
17641,7
17641,2
17788,8
2028,4
2278,7
2278,9
7572,14
7572,15
5538,3
18149,4
18149,9
14345,6
14345,13
14345,3
2688,10
12264,12
6973,11
4160,7
10615,12
10615,7
10615,9
1554,10
1554,1
14398,15
14398,12
16958,15
16958,6
1139,7
14652,1
5701,8
5701,11
7583,9
7583,5
13780,6
13780,8
13780,15
4744,15
17948,17
17948,14
3064,13
6377,6
6377,2
8554,6
17940,13
17940,16
12155,5
12155,6
12155,11
17468,12
17468,10
17468,15
3031,7
3031,11
3031,6
4181,7
4181,8
14662,5
14662,13
14662,17
14120,9
14120,16
14120,7
604,11
604,3
604,7
9424,8
8863,8
8863,11
8863,12
3148,2
3148,13
2533,4
17064,7
418,4
418,2
11137,8
11137,15
11137,14
10623,2
10623,16
157,2
157,16
157,9
4600,11
119,13
119,16
119,14
10288,15
8127,14
8127,4
8127,8
13522,16
13522,2
13522,6
3771,11
3771,7
15768,13
15768,16
14463,12
14463,4
8179,9
7087,17
7087,1
7087,8
14718,6
14718,13
10898,11
10898,1
10898,3
17620,12
8734,7
8734,5
10422,13
10422,14
10422,7
14136,2
14136,7
13748,17
13748,8
13748,13
8531,15
8531,16
8531,17
17381,6
17381,3
11104,2
11104,8
10876,8
2619,1
6710,6
6710,14
6710,12
4884,17
15124,15
9271,5
9271,9
9271,16
8933,12
2819,3
14443,4
14443,16
14581,14
14581,10
10319,10
11486,6
11486,9
6769,2
6769,4
7774,2
7774,4
7774,13
17844,9
17844,12
17844,16
17780,10
17780,12
12811,16
12811,11
3599,1
3599,8
8547,14
9098,9
689,2
689,17
689,1
10839,12
11811,7
11811,11
11811,4
14406,16
3035,7
3035,8
869,14
869,13
869,5
3054,13
12224,9
12224,1
12224,2
12593,11
3503,16
3503,9
13090,16
15504,13
15504,3
15504,9
13044,17
13213,16
13213,7
16626,11
1135,17
1135,7
1135,14
260,11
16673,1
7747,5
7747,7
7747,9
2159,12
8686,15
8686,8
8686,7
8018,9
8018,2
9091,7
9091,11
9091,1
12930,15
12930,12
5802,5
5802,9
11467,8
11467,13
11467,7
16291,8
16291,16
16291,6
1064,12
4121,6
4121,7
13838,16
13838,14
2226,5
2226,8
1140,2
16724,10
16724,4
6471,16
6471,6
597,12
11217,2
11509,3
11509,1
2804,7
4212,12
429,17
429,11
16448,9
5270,13
5270,9
5270,17
14646,9
16898,3
16898,12
17689,12
17689,4
17689,1
10929,6
10929,11
2411,10
2411,5
2411,3
3127,14
3127,15
5539,3
5539,13
14039,1
16957,17
16957,8
16957,1
8661,12
8661,3
8661,9
6303,4
8926,2
8926,14
16939,15
16204,13
16204,16
10840,3
10840,8
11819,16
11819,15
11819,3
5524,12
17623,8
17623,5
17623,7
1789,10
1789,7
11862,10
11862,9
10660,14
10660,16
10660,2
5462,4
5462,3
5462,12
8384,15
18165,13
4980,12
10291,4
10291,5
10291,2
8577,12
8577,15
8577,2
9214,4
9214,2
9214,1
2959,2
2959,12
13941,8
13888,5
13888,4
15418,4
15418,3
15418,12
11793,6
11793,17
8808,7
14407,9
14407,3
10911,15
10911,5
13145,15
13145,4
13145,1
10125,9
10125,1
10125,7
17397,11
17462,15
11736,9
16297,13
15706,11
15706,3
338,9
338,14
15033,15
15033,16
17985,4
3472,12
3472,11
1649,5
1649,6
4581,10
4581,6
4581,2
14881,2
5424,6
5424,10
