1,affect,station
2,citizen,history
3,case,serve
4,face,site
5,week,hold
6,each,opportunity
7,guy,audience
8,natural,add
9,pay,eye
10,sea,accept
11,than,detail
12,subject,evidence
13,agree,write
14,indicate,stop
15,month,these
16,hotel,laugh
17,media,single
18,campaign,school
19,hard,scientist
20,white,throughout
21,establish,research
22,thought,various
23,response,officer
24,dark,coach
25,whether,note
26,government,clear
27,body,describe
28,bag,door
29,table,upon
30,relate,work
31,reach,drug
32,me,field
33,fine,your
34,party,trade
35,affect,little
36,list,fear
37,idea,market
38,expect,environment
39,shake,think
40,wish,itself
41,clearly,trouble
42,outside,hair
43,public,admit
44,buy,itself
45,old,others
46,training,security
47,nice,choose
48,five,common
49,moment,collection
50,manager,nor
51,fast,kitchen
52,visit,skill
53,charge,throw
54,management,he
55,into,task
56,shake,item
57,here,pull
58,while,free
59,concern,me
60,set,identify
61,know,garden
62,modern,manager
63,career,trade
64,medical,employee
65,central,prepare
66,push,enough
67,determine,sure
68,defense,able
69,plan,technology
70,machine,north
71,somebody,growth
72,front,sound
73,million,subject
74,hour,rest
75,doctor,cultural
76,there,know
77,entire,outside
78,doctor,floor
79,relate,son
80,by,Democrat
81,or,physical
82,including,your
83,address,friend
84,hour,election
85,central,bill
86,play,cell
87,effort,wear
88,change,doctor
89,understand,data
90,forget,think
91,tax,person
92,blood,might
93,six,purpose
94,successful,person
95,budget,prevent
96,according,reality
97,often,south
98,store,leader
99,me,join
100,director,war
101,produce,whatever
102,hold,stand
103,well,provide
104,peace,baby
105,truth,light
106,drug,service
107,industry,political
108,question,care
109,drive,effort
110,bar,process
111,such,admit
112,hospital,strong
113,market,almost
114,machine,hear
115,money,follow
116,day,arm
117,remain,study
118,time,serious
119,set,deal
120,off,once
121,opportunity,tend
122,region,build
123,develop,let
124,run,in
125,should,seem
126,step,thank
127,far,including
128,fund,speak
129,leader,risk
130,life,or
131,fire,reduce
132,major,note
133,may,out
134,could,ahead
135,talk,same
136,speech,enter
137,marriage,discover
138,soon,its
139,agree,scientist
140,Mrs,way
141,spring,especially
142,recent,national
143,door,simply
144,loss,develop
145,coach,ground
146,less,civil
147,know,six
148,watch,some
149,draw,water
150,job,production
151,stand,can
152,first,my
153,door,street
154,data,common
155,thank,economy
156,article,so
157,her,threat
158,white,career
159,blood,sound
160,dinner,financial
161,break,great
162,fill,professional
163,outside,I
164,board,end
165,capital,day
166,economy,power
167,near,simple
168,baby,herself
169,occur,pick
170,play,station
171,surface,south
172,sometimes,win
173,fact,unit
174,let,carry
175,create,again
176,effort,child
177,market,tax
178,along,history
179,director,change
180,thought,mention
181,argue,him
182,relationship,matter
183,actually,major
184,attorney,step
185,true,year
186,treatment,talk
187,nothing,agree
188,indeed,foreign
189,eat,successful
190,less,far
191,benefit,my
192,drive,might
193,whether,as
194,nearly,research
195,meeting,authority
196,response,money
197,poor,travel
198,everyone,street
199,worry,middle
200,film,soldier
201,response,cause
202,week,piece
203,imagine,over
204,tend,not
205,knowledge,white
206,future,interview
207,determine,east
208,less,send
209,successful,cause
210,leader,care
211,role,past
212,well,seven
213,dark,song
214,president,another
215,practice,song
216,forward,onto
217,until,owner
218,great,law
219,apply,identify
220,rather,increase
221,agent,son
222,even,different
223,claim,consumer
224,small,between
225,never,author
226,easy,everybody
227,return,teacher
228,prove,some
229,official,subject
230,conference,rich
231,serious,section
232,experience,rather
233,boy,would
234,task,coach
235,capital,series
236,yard,attention
237,popular,enjoy
238,which,nearly
239,agency,its
240,bring,school
241,paper,above
242,including,smile
243,than,win
244,natural,beautiful
245,buy,catch
246,quality,never
247,close,important
248,process,how
249,team,many
250,husband,later
251,option,trade
252,others,national
253,force,strategy
254,difference,relate
255,heavy,word
256,might,seven
257,tend,administration
258,detail,dark
259,suffer,view
260,hear,never
261,memory,hard
262,center,a
263,six,then
264,song,discussion
265,including,discover
266,race,reduce
267,notice,position
268,early,individual
269,system,college
270,accept,rather
271,soon,company
272,house,tough
273,picture,reality
274,Democrat,able
275,to,speak
276,education,performance
277,begin,year
278,friend,fish
279,consider,word
280,ground,road
281,thank,arrive
282,thus,then
283,music,medical
284,cover,focus
285,box,Mrs
286,wait,card
287,ever,vote
288,example,pattern
289,show,issue
290,huge,real
291,billion,enter
292,letter,best
293,fall,knowledge
294,add,community
295,reduce,condition
296,law,story
297,reason,shake
298,once,together
299,past,Republican
300,be,true
301,thought,with
302,stock,decision
303,imagine,music
304,money,fund
305,pressure,sport
306,service,buy
307,attention,employee
308,station,world
309,brother,without
310,life,dark
311,fish,debate
312,boy,recognize
313,more,mean
314,speech,reach
315,more,establish
316,million,always
317,job,rule
318,energy,set
319,sea,fight
320,worker,skin
321,action,third
322,little,detail
323,under,girl
324,take,political
325,necessary,after
326,a,federal
327,onto,save
328,director,important
329,detail,area
330,ok,place
331,game,serious
332,rate,benefit
333,model,certainly
334,great,play
335,including,call
336,something,state
337,create,city
338,hot,whose
339,medical,near
340,southern,nature
341,decide,record
342,sell,method
343,blood,off
344,away,put
345,bit,mother
346,happen,certain
347,one,cold
348,trouble,see
349,democratic,all
350,remember,research
351,note,fill
352,score,prove
353,eight,end
354,enter,energy
355,someone,as
356,court,economy
357,school,will
358,body,he
359,identify,discussion
360,man,down
361,per,want
362,item,lead
363,end,air
364,turn,evidence
365,record,especially
366,gas,yourself
367,daughter,where
368,sometimes,agent
369,ahead,explain
370,beat,need
371,hit,staff
372,myself,class
373,see,staff
374,full,left
375,give,grow
376,some,century
377,great,girl
378,include,impact
379,should,return
380,arm,price
381,white,dream
382,gun,star
383,TV,theory
384,place,interest
385,risk,away
386,yourself,cultural
387,campaign,probably
388,arrive,staff
389,vote,fill
390,work,visit
391,suggest,lot
392,responsibility,crime
393,again,week
394,enjoy,good
395,page,poor
396,prevent,general
397,property,common
398,kitchen,lawyer
399,after,century
400,debate,that
401,book,crime
402,who,worker
403,animal,daughter
404,protect,tree
405,story,a
406,likely,value
407,ever,return
408,reach,think
409,name,down
410,support,two
411,receive,third
412,approach,light
413,animal,very
414,someone,as
415,somebody,above
416,range,lose
417,pressure,buy
418,voice,should
419,kitchen,response
420,police,enter
421,continue,color
422,morning,decide
423,movement,else
424,account,should
425,their,key
426,with,hit
427,yard,until
428,lot,party
429,ability,southern
430,star,friend
431,message,training
432,hold,result
433,start,dream
434,listen,thousand
435,perform,parent
436,behind,size
437,dream,somebody
438,best,direction
439,picture,memory
440,decision,their
441,arrive,south
442,total,actually
443,stop,program
444,daughter,remember
445,to,product
446,hotel,cold
447,close,audience
448,challenge,Republican
449,use,ten
450,soon,international
451,why,high
452,young,eight
453,car,stage
454,degree,behind
455,group,everybody
456,civil,area
457,everybody,mouth
458,edge,prevent
459,respond,family
460,wrong,responsibility
461,alone,two
462,medical,those
463,thousand,story
464,this,type
465,stop,late
466,here,character
467,idea,himself
468,second,science
469,effort,marriage
470,news,population
471,coach,develop
472,wish,later
473,produce,why
474,treat,report
475,bill,hotel
476,worry,stage
477,think,environment
478,world,project
479,ok,carry
480,federal,form
481,he,usually
482,try,never
483,wrong,human
484,response,century
485,let,commercial
486,away,feeling
487,one,my
488,response,ever
489,able,we
490,never,decide
491,form,middle
492,today,choice
493,local,tonight
494,light,effort
495,nor,relationship
496,drive,wall
497,involve,simple
498,himself,affect
499,add,those
500,spend,cell
501,defense,attorney
502,interesting,leader
503,attorney,yourself
504,care,none
505,pass,reduce
506,perform,hear
507,difference,responsibility
508,feel,another
509,support,society
510,establish,many
511,response,realize
512,whom,lot
513,son,thus
514,result,bar
515,enter,few
516,tonight,now
517,these,fire
518,phone,value
519,customer,agreement
520,hand,view
521,every,those
522,me,spend
523,protect,stay
524,environment,TV
525,great,ahead
526,seek,themselves
527,cell,thank
528,season,blood
529,blue,foreign
530,treatment,opportunity
531,relate,mind
532,successful,professor
533,look,career
534,visit,question
535,analysis,mind
536,stand,term
537,receive,begin
538,next,table
539,brother,head
540,realize,before
541,report,enough
542,office,ten
543,yard,two
544,difficult,father
545,letter,training
546,first,game
547,what,want
548,air,strong
549,main,political
550,recently,check
551,suggest,want
552,small,suggest
553,lay,marriage
554,just,spring
555,reason,reason
556,college,its
557,campaign,use
558,development,movie
559,list,whole
560,these,worker
561,herself,sister
562,yourself,career
563,turn,if
564,security,method
565,institution,understand
566,our,across
567,total,all
568,drop,mind
569,writer,focus
570,everybody,everybody
571,skill,guy
572,television,evening
573,source,change
574,road,top
575,tend,identify
576,door,inside
577,occur,face
578,official,down
579,town,picture
580,control,police
581,oil,contain
582,fact,sister
583,last,become
584,continue,war
585,society,consumer
586,society,president
587,sing,current
588,always,simply
589,your,stock
590,inside,director
591,discover,do
592,opportunity,move
593,character,consumer
594,walk,prepare
595,base,often
596,method,data
597,true,media
598,suggest,author
599,pick,their
600,necessary,stay
601,per,include
602,decide,past
603,service,religious
604,difficult,new
605,simply,agreement
606,third,site
607,until,his
608,night,know
609,nearly,who
610,just,another
611,scientist,upon
612,seek,political
613,seek,experience
614,article,whole
615,see,she
616,risk,seek
617,hundred,fire
618,strong,argue
619,school,push
620,very,voice
621,everyone,decide
622,into,clear
623,require,truth
624,last,campaign
625,wrong,before
626,east,point
627,almost,suffer
628,those,next
629,majority,say
630,together,process
631,successful,a
632,including,total
633,pressure,great
634,argue,free
635,will,just
636,position,very
637,player,run
638,whose,statement
639,office,will
640,view,early
641,week,explain
642,simply,but
643,model,new
644,sort,prevent
645,keep,citizen
646,north,less
647,support,natural
648,chair,nice
649,guess,structure
650,recently,feeling
651,itself,yet
652,quite,understand
653,data,system
654,sound,similar
655,avoid,Mrs
656,whether,fast
657,close,establish
658,life,majority
659,find,draw
660,remember,finally
661,left,bed
662,tend,by
663,guess,five
664,how,bad
665,resource,try
666,worry,then
667,deep,writer
668,station,son
669,key,soon
670,forget,draw
671,improve,marriage
672,rule,option
673,among,piece
674,modern,town
675,paper,gun
676,particular,pretty
677,contain,specific
678,social,modern
679,out,money
680,community,your
681,than,around
682,show,price
683,answer,fund
684,development,analysis
685,administration,total
686,hit,human
687,as,believe
688,question,plant
689,space,major
690,may,call
691,executive,window
692,me,pick
693,same,least
694,her,ability
695,why,education
696,learn,under
697,drug,animal
698,look,issue
699,best,level
700,general,low
701,but,policy
702,however,north
703,remain,total
704,assume,by
705,available,go
706,build,usually
707,someone,run
708,tonight,movie
709,old,movement
710,save,between
711,you,worker
712,well,state
713,glass,begin
714,long,hit
715,them,million
716,analysis,industry
717,week,part
718,everything,necessary
719,society,war
720,news,room
721,simple,debate
722,director,policy
723,those,idea
724,soon,prepare
725,me,issue
726,mind,size
727,bill,she
728,reality,build
729,show,nature
730,TV,begin
731,usually,part
732,measure,nothing
733,something,politics
734,tax,build
735,participant,evidence
736,small,set
737,old,suggest
738,tough,adult
739,discussion,reality
740,food,how
741,weight,stop
742,wind,manager
743,provide,see
744,policy,cultural
745,sport,once
746,son,foot
747,well,pretty
748,stop,night
749,require,recognize
750,fine,beautiful
751,no,animal
752,view,bag
753,cost,rather
754,leader,test
755,end,gas
756,like,campaign
757,too,first
758,group,draw
759,perhaps,ago
760,local,able
761,provide,member
762,left,toward
763,city,floor
764,act,spend
765,back,several
766,central,sister
767,through,wind
768,edge,network
769,everything,lay
770,program,prove
771,special,age
772,produce,surface
773,know,last
774,you,we
775,guess,concern
776,image,none
777,suddenly,relate
778,everything,audience
779,and,despite
780,north,drug
781,picture,parent
782,should,PM
783,father,simple
784,last,series
785,plant,more
786,hold,pattern
787,second,policy
788,painting,admit
789,somebody,she
790,father,manage
791,anyone,than
792,note,culture
793,sometimes,stay
794,interest,want
795,begin,degree
796,education,energy
797,because,walk
798,rather,reflect
799,election,situation
800,safe,well
801,father,country
802,kind,wife
803,recently,own
804,show,chair
805,future,lot
806,world,produce
807,area,allow
808,house,family
809,fine,could
810,college,blue
811,above,shoulder
812,clear,spend
813,mother,cultural
814,debate,once
815,receive,human
816,whatever,color
817,identify,somebody
818,find,hit
819,each,offer
820,for,per
821,article,major
822,long,message
823,score,others
824,TV,eight
825,address,purpose
826,official,my
827,media,week
828,stop,issue
829,style,expect
830,check,scientist
831,follow,stock
832,case,four
833,under,son
834,least,read
835,indicate,cut
836,make,else
837,section,peace
838,hit,alone
839,purpose,foot
840,wrong,table
841,north,movement
842,situation,as
843,order,couple
844,thought,environment
845,total,radio
846,will,treat
847,tend,under
848,many,process
849,sure,management
850,part,write
851,source,player
852,none,guess
853,idea,involve
854,last,heavy
855,garden,lot
856,back,give
857,individual,environmental
858,change,health
859,kind,discover
860,collection,spend
861,quality,health
862,include,hospital
863,his,investment
864,second,he
865,pattern,cost
866,kind,language
867,everybody,perhaps
868,those,put
869,issue,alone
870,Mr,onto
871,others,smile
872,economic,city
873,ability,bar
874,play,indicate
875,knowledge,suddenly
876,be,former
877,over,window
878,operation,technology
879,little,difference
880,station,benefit
881,me,try
882,from,data
883,resource,front
884,follow,song
885,woman,how
886,religious,no
887,care,indeed
888,behind,try
889,ahead,somebody
890,ten,win
891,easy,when
892,clear,occur
893,action,affect
894,treat,report
895,media,him
896,beautiful,sing
897,feel,perform
898,democratic,audience
899,relationship,may
900,far,interview
901,recently,different
902,serve,dinner
903,court,environmental
904,fight,less
905,back,same
906,southern,note
907,that,idea
908,sea,mind
909,many,project
910,laugh,modern
911,impact,place
912,one,site
913,line,wide
914,attention,chance
915,open,themselves
916,its,Mrs
917,reveal,church
918,bad,Mr
919,action,dinner
920,along,young
921,each,turn
922,always,that
923,attack,week
924,answer,well
925,look,later
926,chair,week
927,base,base
928,radio,popular
929,region,sister
930,appear,age
931,movie,doctor
932,spring,card
933,perform,reflect
934,wonder,have
935,director,entire
936,finally,rich
937,wall,possible
938,tell,director
939,him,part
940,field,during
941,manage,account
942,car,maintain
943,produce,nearly
944,art,move
945,miss,quite
946,minute,at
947,coach,several
948,brother,chair
949,art,factor
950,must,accept
951,field,social
952,stuff,make
953,low,how
954,miss,factor
955,purpose,care
956,ground,produce
957,have,least
958,more,plan
959,company,politics
960,some,available
961,plan,step
962,member,myself
963,occur,small
964,rule,court
965,certainly,house
966,impact,same
967,major,training
968,allow,book
969,rule,wish
970,leader,very
971,tell,expect
972,across,total
973,drug,why
974,of,structure
975,discuss,home
976,economic,now
977,hold,until
978,very,risk
979,executive,anyone
980,letter,want
981,arm,prevent
982,miss,list
983,question,book
984,environmental,second
985,rest,attention
986,performance,heavy
987,chance,election
988,experience,do
989,language,single
990,whose,religious
991,situation,state
992,gas,account
993,or,majority
994,cultural,spend
995,question,enough
996,follow,be
997,stand,role
998,recognize,up
999,major,two
1000,play,when
1001,Mr,reduce
1002,clear,decade
1003,up,hotel
1004,if,myself
1005,large,to
1006,second,someone
1007,sound,can
1008,such,bring
1009,whatever,different
1010,though,able
1011,Democrat,share
1012,design,similar
1013,player,avoid
1014,safe,Republican
1015,wait,key
1016,career,walk
1017,build,subject
1018,note,agent
1019,against,actually
1020,development,agreement
1021,reality,realize
1022,ball,hard
1023,purpose,building
1024,lose,imagine
1025,pull,they
1026,life,area
1027,appear,against
1028,show,difficult
1029,letter,heavy
1030,far,more
1031,chance,sister
1032,than,one
1033,today,somebody
1034,knowledge,policy
1035,soldier,writer
1036,both,agree
1037,another,require
1038,often,view
1039,audience,recently
1040,and,support
1041,happen,nature
1042,usually,receive
1043,discover,simple
1044,network,where
1045,against,decade
1046,road,tell
1047,compare,build
1048,guy,suggest
1049,create,you
1050,blood,ability
1051,hand,certainly
1052,remain,indeed
1053,word,subject
1054,western,offer
1055,write,face
1056,weight,individual
1057,capital,brother
1058,need,low
1059,factor,forget
1060,worry,travel
1061,doctor,single
1062,occur,particular
1063,physical,stock
1064,Mr,wide
1065,by,thank
1066,begin,sort
1067,indicate,choice
1068,price,ask
1069,that,young
1070,study,production
1071,concern,view
1072,many,compare
1073,radio,usually
1074,strategy,between
1075,number,official
1076,Mrs,level
1077,dream,similar
1078,put,do
1079,listen,front
1080,individual,man
1081,relationship,continue
1082,because,far
1083,hand,outside
1084,soon,any
1085,official,Mr
1086,financial,surface
1087,cut,ready
1088,figure,society
1089,offer,follow
1090,drug,positive
1091,star,car
1092,boy,ago
1093,player,note
1094,lawyer,whole
1095,reveal,same
1096,role,claim
1097,matter,task
1098,reason,sing
1099,myself,case
1100,now,indicate
1101,term,personal
1102,base,after
1103,try,skill
1104,stay,truth
1105,coach,song
1106,discover,medical
1107,fish,manage
1108,happy,rich
1109,place,environment
1110,office,order
1111,positive,blue
1112,five,so
1113,audience,most
1114,door,sit
1115,situation,modern
1116,find,size
1117,country,central
1118,culture,member
1119,become,sell
1120,really,buy
1121,best,democratic
1122,until,base
1123,feeling,page
1124,successful,end
1125,story,old
1126,feeling,little
1127,him,beat
1128,while,huge
1129,involve,decade
1130,six,eight
1131,street,indicate
1132,address,company
1133,to,street
1134,room,coach
1135,ahead,friend
1136,out,vote
1137,east,whether
1138,speak,car
1139,teacher,enough
1140,me,international
1141,senior,rule
1142,rate,find
1143,shake,left
1144,picture,rule
1145,issue,range
1146,subject,skill
1147,family,parent
1148,describe,doctor
1149,operation,effort
1150,will,peace
1151,arm,final
1152,economy,might
1153,early,general
1154,size,better
1155,air,finally
1156,beyond,two
1157,bad,commercial
1158,into,clearly
1159,garden,mother
1160,social,property
1161,difference,discuss
1162,west,however
1163,glass,Mr
1164,baby,example
1165,hot,travel
1166,plant,risk
1167,major,safe
1168,art,indeed
1169,support,professor
1170,bed,tell
1171,allow,bit
1172,hold,I
1173,less,lead
1174,under,year
1175,gas,job
1176,point,according
1177,machine,outside
1178,value,actually
1179,explain,operation
1180,guy,manage
1181,beautiful,name
1182,which,score
1183,process,you
1184,fill,ball
1185,life,deal
1186,scientist,reach
1187,street,this
1188,since,over
1189,treat,against
1190,foreign,listen
1191,nearly,give
1192,forward,fall
1193,tough,scientist
1194,necessary,position
1195,piece,lead
1196,your,myself
1197,these,attorney
1198,nor,defense
1199,unit,include
1200,significant,investment
1201,last,accept
1202,role,rest
1203,modern,class
1204,section,quality
1205,public,southern
1206,here,off
1207,friend,student
1208,back,respond
1209,performance,spend
1210,product,activity
1211,professor,social
1212,color,exist
1213,receive,material
1214,money,drop
1215,goal,last
1216,arm,cell
1217,lead,evidence
1218,increase,customer
1219,suffer,since
1220,course,room
1221,stop,yard
1222,coach,herself
1223,thus,Democrat
1224,account,rate
1225,seven,others
1226,shoulder,beautiful
1227,his,black
1228,may,even
1229,program,strategy
1230,economy,wind
1231,likely,else
1232,water,order
1233,final,civil
1234,force,term
1235,environmental,prepare
1236,scene,true
1237,sometimes,consumer
1238,total,begin
1239,program,development
1240,war,star
1241,environmental,term
1242,above,economy
1243,maintain,read
1244,entire,billion
1245,others,I
1246,purpose,base
1247,structure,with
1248,that,give
1249,traditional,argue
1250,learn,operation
1251,serve,quality
1252,year,him
1253,lose,wait
1254,sure,public
1255,course,decision
1256,candidate,most
1257,pretty,measure
1258,back,kid
1259,beautiful,maybe
1260,resource,hope
1261,enter,space
1262,foot,of
1263,reality,improve
1264,as,happen
1265,house,friend
1266,particular,away
1267,treatment,shoulder
1268,purpose,simply
1269,language,police
1270,policy,really
1271,probably,seek
1272,throw,back
1273,environmental,other
1274,station,sometimes
1275,arm,join
1276,seek,fight
1277,rich,book
1278,agree,we
1279,impact,especially
1280,name,course
1281,get,her
1282,now,support
1283,nearly,age
1284,data,consider
1285,dark,exactly
1286,here,white
1287,south,board
1288,recently,range
1289,idea,when
1290,little,thing
1291,against,issue
1292,treat,writer
1293,despite,car
1294,natural,health
1295,lawyer,art
1296,perform,how
1297,look,well
1298,significant,interview
1299,without,level
1300,piece,wide
1301,establish,religious
1302,several,toward
1303,many,board
1304,on,poor
1305,kid,shake
1306,Republican,hand
1307,issue,arm
1308,already,instead
1309,today,ago
1310,bag,available
1311,degree,take
1312,all,president
1313,as,should
1314,game,close
1315,eat,if
1316,message,their
1317,economic,whether
1318,make,lawyer
1319,design,assume
1320,ten,all
1321,reveal,figure
1322,little,any
1323,either,trip
1324,each,interview
1325,color,over
1326,under,personal
1327,tree,claim
1328,think,economy
1329,situation,affect
1330,this,despite
1331,large,wonder
1332,peace,son
1333,sister,morning
1334,seem,news
1335,oil,apply
1336,hear,attorney
1337,almost,as
1338,mean,statement
1339,interview,treat
1340,fall,song
1341,foot,attack
1342,suggest,system
1343,bank,arm
1344,alone,pretty
1345,raise,push
1346,middle,sell
1347,model,service
1348,evening,travel
1349,before,establish
1350,world,dog
1351,ready,even
1352,wall,rich
1353,add,travel
1354,experience,her
1355,lawyer,time
1356,remember,set
1357,human,forward
1358,different,must
1359,land,address
1360,site,poor
1361,ability,court
1362,mind,soldier
1363,they,down
1364,check,wall
1365,product,surface
1366,argue,happy
1367,require,word
1368,deep,vote
1369,man,along
1370,whatever,away
1371,little,tell
1372,story,painting
1373,simply,full
1374,long,on
1375,which,just
1376,little,wife
1377,eight,itself
1378,nearly,watch
1379,red,reason
1380,sure,class
1381,raise,knowledge
1382,natural,two
1383,son,look
1384,media,wide
1385,month,science
1386,next,win
1387,stuff,usually
1388,pattern,people
1389,entire,anything
1390,hair,major
1391,door,hundred
1392,daughter,usually
1393,benefit,message
1394,offer,discuss
1395,quality,could
1396,early,accept
1397,must,choose
1398,term,knowledge
1399,increase,performance
1400,assume,listen
1401,view,bit
1402,contain,task
1403,sort,loss
1404,story,admit
1405,beat,him
1406,yet,ability
1407,include,manager
1408,general,play
1409,he,without
1410,become,say
1411,raise,development
1412,air,time
1413,their,manage
1414,among,travel
1415,religious,brother
1416,use,thing
1417,station,skin
1418,religious,sport
1419,democratic,method
1420,either,concern
1421,kid,dream
1422,lose,meet
1423,government,remember
1424,nice,identify
1425,majority,member
1426,Congress,win
1427,rather,realize
1428,chair,oil
1429,sort,wrong
1430,modern,Republican
1431,money,animal
1432,weight,cold
1433,old,summer
1434,my,clear
1435,down,activity
1436,leave,time
1437,so,agreement
1438,maybe,security
1439,American,issue
1440,activity,dream
1441,perform,economy
1442,many,add
1443,mission,somebody
1444,carry,success
1445,social,order
1446,street,imagine
1447,air,our
1448,director,or
1449,wrong,second
1450,light,receive
1451,later,sing
1452,data,foreign
1453,effect,hot
1454,still,old
1455,enough,practice
1456,coach,see
1457,option,business
1458,before,wonder
1459,authority,town
1460,apply,within
1461,let,environmental
1462,half,despite
1463,subject,three
1464,stand,next
1465,close,wear
1466,different,military
1467,sport,drug
1468,near,second
1469,doctor,seven
1470,push,itself
1471,owner,Mr
1472,history,face
1473,board,level
1474,figure,poor
1475,dinner,history
1476,really,suddenly
1477,decide,capital
1478,when,case
1479,foreign,often
1480,can,key
1481,power,minute
1482,so,improve
1483,scene,bar
1484,late,collection
1485,hope,director
1486,decision,road
1487,peace,wife
1488,eye,part
1489,memory,like
1490,fill,mission
1491,late,drive
1492,year,current
1493,beyond,sing
1494,boy,only
1495,beyond,outside
1496,least,reach
1497,city,despite
1498,none,buy
1499,team,film
1500,quality,over
1501,detail,prove
1502,when,source
1503,everyone,couple
1504,four,enough
1505,try,remember
1506,national,instead
1507,carry,support
1508,speech,relate
1509,the,night
1510,study,such
1511,plant,trip
1512,budget,determine
1513,such,explain
1514,push,fact
1515,century,move
1516,remember,group
1517,run,various
1518,show,age
1519,somebody,put
1520,gun,day
1521,politics,daughter
1522,year,theory
1523,baby,player
1524,care,together
1525,training,himself
1526,goal,important
1527,important,job
1528,stock,computer
1529,available,start
1530,difficult,college
1531,arrive,rich
1532,up,story
1533,push,very
1534,guy,window
1535,represent,common
1536,language,idea
1537,country,behavior
1538,short,industry
1539,production,official
1540,find,continue
1541,kind,around
1542,federal,building
1543,single,sing
1544,anything,know
1545,exist,decade
1546,drug,join
1547,international,southern
1548,party,value
1549,international,wear
1550,compare,manage
1551,shoulder,can
1552,society,just
1553,wind,treatment
1554,hand,try
1555,place,crime
1556,believe,hold
1557,southern,something
1558,war,would
1559,able,opportunity
1560,street,similar
1561,fish,he
1562,nation,nature
1563,rather,might
1564,alone,we
1565,focus,small
1566,end,stay
1567,particularly,affect
1568,send,any
1569,mouth,live
1570,information,effort
1571,table,year
1572,interview,short
1573,various,behavior
1574,relationship,white
1575,image,put
1576,win,my
1577,across,material
1578,environment,piece
1579,trouble,dinner
1580,marriage,himself
1581,care,gas
1582,chair,difficult
1583,heavy,report
1584,agree,executive
1585,until,they
1586,boy,Democrat
1587,blue,beat
1588,care,beautiful
1589,word,show
1590,prepare,while
1591,provide,likely
1592,wind,series
1593,tonight,image
1594,just,which
1595,account,especially
1596,give,claim
1597,vote,need
1598,organization,bar
1599,mother,leave
1600,me,stop
1601,medical,network
1602,section,notice
1603,report,land
1604,leave,example
1605,kid,adult
1606,cover,sign
1607,very,discuss
1608,form,attorney
1609,type,agreement
1610,future,clearly
1611,present,with
1612,big,service
1613,use,Republican
1614,kid,Mr
1615,either,human
1616,ahead,media
1617,lay,agent
1618,character,perform
1619,social,difference
1620,agree,indeed
1621,agree,manage
1622,loss,politics
1623,world,dog
1624,third,serious
1625,then,technology
1626,or,office
1627,main,positive
1628,respond,attack
1629,nation,ten
1630,record,choice
1631,less,glass
1632,three,live
1633,little,benefit
1634,point,about
1635,clearly,must
1636,maintain,course
1637,view,land
1638,present,parent
1639,there,development
1640,none,true
1641,yard,tax
1642,animal,east
1643,miss,parent
1644,space,ahead
1645,very,particularly
1646,year,girl
1647,alone,hit
1648,grow,son
1649,back,personal
1650,new,purpose
1651,fire,common
1652,tree,play
1653,member,fine
1654,action,management
1655,fly,ball
1656,usually,participant
1657,impact,language
1658,into,west
1659,suddenly,become
1660,friend,only
1661,choose,build
1662,miss,sister
1663,forward,point
1664,may,real
1665,person,quite
1666,drop,which
1667,film,maintain
1668,enter,important
1669,it,create
1670,here,own
1671,rise,head
1672,safe,campaign
1673,while,general
1674,only,billion
1675,fine,data
1676,rate,similar
1677,policy,hold
1678,size,opportunity
1679,trial,that
1680,sound,identify
1681,case,such
1682,among,certainly
1683,along,learn
1684,author,garden
1685,soon,open
1686,exist,subject
1687,financial,use
1688,grow,respond
1689,mission,pass
1690,medical,for
1691,memory,play
1692,artist,bank
1693,item,north
1694,along,you
1695,least,few
1696,cause,ask
1697,miss,back
1698,piece,I
1699,usually,mouth
1700,student,during
1701,gun,investment
1702,reveal,onto
1703,matter,stage
1704,little,entire
1705,school,bad
1706,hot,pick
1707,raise,government
1708,sense,leave
1709,laugh,let
1710,experience,throughout
1711,others,culture
1712,more,later
1713,very,size
1714,reach,sure
1715,look,him
1716,lot,reveal
1717,stage,entire
1718,indeed,fill
1719,analysis,operation
1720,leave,decade
1721,plant,small
1722,certainly,discussion
1723,impact,since
1724,return,cut
1725,soldier,hope
1726,religious,baby
1727,five,growth
1728,fact,look
1729,give,company
1730,individual,medical
1731,better,culture
1732,myself,hard
1733,city,major
1734,future,carry
1735,product,such
1736,national,public
1737,reflect,give
1738,go,from
1739,kind,national
1740,process,provide
1741,above,what
1742,run,stage
1743,candidate,note
1744,image,pick
1745,eight,stop
1746,do,share
1747,we,risk
1748,teach,choice
1749,in,choose
1750,day,medical
1751,loss,degree
1752,culture,I
1753,weight,which
1754,feeling,sure
1755,cut,account
1756,claim,test
1757,inside,show
1758,art,shake
1759,population,knowledge
1760,provide,eat
1761,recently,door
1762,bad,to
1763,traditional,purpose
1764,free,performance
1765,full,yourself
1766,huge,operation
1767,project,amount
1768,finally,myself
1769,per,follow
1770,citizen,chance
1771,view,rather
1772,blood,defense
1773,again,model
1774,travel,firm
1775,believe,none
1776,project,doctor
1777,family,west
1778,general,safe
1779,sense,wrong
1780,memory,eye
1781,trade,letter
1782,light,contain
1783,natural,then
1784,keep,late
1785,those,final
1786,impact,able
1787,walk,election
1788,argue,consider
1789,develop,how
1790,first,film
1791,owner,one
1792,subject,by
1793,same,break
1794,tend,candidate
1795,forward,notice
1796,available,of
1797,enter,try
1798,paper,sea
1799,off,alone
1800,conference,local
1801,hope,authority
1802,seem,rather
1803,local,professional
1804,easy,force
1805,four,exactly
1806,boy,score
1807,woman,music
1808,while,sea
1809,food,decade
1810,item,window
1811,sister,reason
1812,worker,interest
1813,again,exactly
1814,others,house
1815,later,number
1816,southern,hold
1817,daughter,fast
1818,worry,art
1819,bit,this
1820,yet,fast
1821,down,successful
1822,enter,him
1823,full,identify
1824,writer,evening
1825,pretty,agreement
1826,that,school
1827,technology,garden
1828,environmental,financial
1829,next,foot
1830,get,ten
1831,down,card
1832,ground,pattern
1833,certainly,someone
1834,put,discussion
1835,hope,course
1836,back,guy
1837,especially,pressure
1838,consider,run
1839,eight,these
1840,agent,ten
1841,want,tonight
1842,piece,fear
1843,view,skill
1844,shoulder,ever
1845,light,team
1846,market,training
1847,interview,wrong
1848,you,doctor
1849,card,product
1850,make,option
1851,artist,feeling
1852,your,cell
1853,professor,son
1854,respond,company
1855,list,mouth
1856,forward,theory
1857,start,state
1858,test,close
1859,look,too
1860,food,certainly
1861,imagine,those
1862,southern,lot
1863,become,performance
1864,ask,several
1865,ask,dinner
1866,large,environmental
1867,nice,require
1868,feeling,check
1869,explain,allow
1870,area,weight
1871,hospital,note
1872,if,family
1873,political,medical
1874,enjoy,program
1875,that,eye
1876,rise,leave
1877,culture,expect
1878,enough,use
1879,family,actually
1880,success,begin
1881,black,produce
1882,here,night
1883,range,face
1884,fear,to
1885,country,move
1886,capital,dog
1887,magazine,buy
1888,husband,quickly
1889,voice,movie
1890,never,push
1891,culture,billion
1892,significant,yeah
1893,pay,center
1894,election,allow
1895,collection,hair
1896,lose,mean
1897,relate,alone
1898,religious,chair
1899,individual,person
1900,present,sport
1901,forward,bank
1902,prove,career
1903,today,economic
1904,realize,fact
1905,meet,help
1906,point,available
1907,wide,reality
1908,grow,education
1909,half,nice
1910,particular,outside
1911,personal,foot
1912,during,sort
1913,know,agreement
1914,responsibility,teach
1915,food,point
1916,name,there
1917,policy,myself
1918,heavy,herself
1919,I,only
1920,which,huge
1921,future,myself
1922,check,around
1923,worry,let
1924,heart,edge
1925,up,safe
1926,threat,official
1927,but,contain
1928,live,street
1929,art,open
1930,crime,this
1931,outside,coach
1932,tonight,forget
1933,bar,particular
1934,story,newspaper
1935,expert,agency
1936,range,life
1937,door,law
1938,far,run
1939,candidate,bit
1940,perform,learn
1941,draw,maintain
1942,into,forward
1943,just,require
1944,kind,play
1945,yet,American
1946,baby,difference
1947,subject,region
1948,early,democratic
1949,interesting,century
1950,pretty,attention
1951,mouth,ahead
1952,whatever,major
1953,evening,anything
1954,threat,relate
1955,authority,open
1956,strategy,us
1957,research,ten
1958,kind,though
1959,none,interview
1960,hair,seem
1961,member,member
1962,military,five
1963,but,southern
1964,day,authority
1965,way,beyond
1966,rock,sport
1967,kind,song
1968,arm,size
1969,attack,once
1970,meeting,knowledge
1971,fast,different
1972,person,dream
1973,growth,environmental
1974,analysis,small
1975,less,pattern
1976,realize,wide
1977,guy,example
1978,good,part
1979,send,explain
1980,offer,degree
1981,man,under
1982,letter,arm
1983,adult,recognize
1984,also,staff
1985,answer,race
1986,all,describe
1987,find,laugh
1988,rise,lay
1989,simple,animal
1990,foreign,purpose
1991,ability,expect
1992,note,even
1993,short,scientist
1994,week,hotel
1995,bar,night
1996,piece,family
1997,quite,four
1998,plant,choice
1999,article,federal
2000,rise,street
2001,give,some
2002,develop,soldier
2003,think,every
2004,expert,say
2005,site,sound
2006,any,both
2007,will,teacher
2008,figure,man
2009,garden,crime
2010,popular,range
2011,wall,green
2012,picture,themselves
2013,space,too
2014,door,enter
2015,mean,listen
2016,whatever,artist
2017,particularly,significant
2018,keep,bar
2019,product,a
2020,person,want
2021,western,offer
2022,toward,project
2023,along,a
2024,reality,chair
2025,traditional,range
2026,work,party
2027,wide,edge
2028,side,nor
2029,fine,show
2030,mission,than
2031,nearly,station
2032,high,performance
2033,performance,establish
2034,simply,billion
2035,trial,interesting
2036,walk,every
2037,finally,in
2038,difference,red
2039,central,half
2040,student,scene
2041,modern,view
2042,might,popular
2043,cup,tax
2044,herself,whom
2045,artist,within
2046,into,service
2047,account,test
2048,let,movie
2049,sit,respond
2050,near,white
2051,place,professor
2052,stand,six
2053,opportunity,someone
2054,tax,four
2055,moment,model
2056,might,use
2057,think,design
2058,central,idea
2059,economic,develop
2060,goal,clear
2061,unit,back
2062,military,nature
2063,think,third
2064,care,debate
2065,also,theory
2066,alone,sense
2067,idea,describe
2068,remain,others
2069,focus,prepare
2070,that,particular
2071,evidence,history
2072,specific,meeting
2073,fast,relate
2074,none,pull
2075,agency,open
2076,she,type
2077,lawyer,tonight
2078,once,table
2079,fish,it
2080,turn,center
2081,huge,technology
2082,now,whatever
2083,crime,edge
2084,about,claim
2085,traditional,base
2086,mission,would
2087,board,reflect
2088,compare,guess
2089,risk,story
2090,hit,bag
2091,step,dream
2092,response,court
2093,common,western
2094,practice,list
2095,degree,involve
2096,water,I
2097,off,others
2098,relate,message
2099,ready,control
2100,commercial,reason
2101,bad,tell
2102,all,choose
2103,month,them
2104,size,itself
2105,whole,now
2106,each,both
2107,admit,task
2108,fill,song
2109,team,air
2110,early,stuff
2111,home,assume
2112,issue,shake
2113,grow,main
2114,can,plant
2115,air,agree
2116,scene,remain
2117,yard,gun
2118,growth,beat
2119,condition,apply
2120,store,garden
2121,task,test
2122,pick,up
2123,describe,course
2124,usually,heavy
2125,front,argue
2126,skill,sister
2127,star,after
2128,whom,side
2129,feel,bill
2130,from,sometimes
2131,across,line
2132,know,sit
2133,relationship,marriage
2134,want,TV
2135,method,special
2136,election,important
2137,couple,give
2138,chair,particular
2139,sure,paper
2140,present,oil
2141,positive,light
2142,bill,them
2143,hear,chair
2144,move,your
2145,let,government
2146,improve,behind
2147,truth,especially
2148,young,pressure
2149,dream,record
2150,some,program
2151,music,own
2152,phone,bad
2153,half,morning
2154,experience,account
2155,camera,activity
2156,really,show
2157,maybe,anything
2158,poor,add
2159,stage,beat
2160,prevent,west
2161,resource,if
2162,where,push
2163,feel,place
2164,large,down
2165,war,education
2166,million,soldier
2167,want,work
2168,record,next
2169,risk,late
2170,fall,great
2171,college,region
2172,full,beautiful
2173,state,me
2174,adult,year
2175,relate,full
2176,experience,event
2177,add,sound
2178,month,tell
2179,material,buy
2180,second,impact
2181,rise,sure
2182,American,yes
2183,become,rock
2184,officer,scene
2185,agreement,realize
2186,while,decision
2187,chair,successful
2188,throw,seven
2189,eight,those
2190,affect,large
2191,leg,on
2192,size,give
2193,loss,decide
2194,in,policy
2195,game,write
2196,plan,edge
2197,seat,region
2198,accept,very
2199,sure,major
2200,general,air
2201,summer,since
2202,source,contain
2203,fast,interview
2204,woman,however
2205,realize,number
2206,past,green
2207,kitchen,improve
2208,break,already
2209,task,and
2210,kind,drive
2211,boy,political
2212,this,couple
2213,address,high
2214,participant,art
2215,feel,north
2216,month,thank
2217,mention,final
2218,event,learn
2219,where,deal
2220,cup,sure
2221,firm,tough
2222,social,surface
2223,rule,show
2224,consider,commercial
2225,authority,see
2226,site,difficult
2227,could,bar
2228,there,discuss
2229,watch,policy
2230,like,need
2231,break,now
2232,western,employee
2233,amount,various
2234,beautiful,participant
2235,along,sometimes
2236,pressure,both
2237,industry,seem
2238,ten,shoulder
2239,firm,best
2240,exist,attention
2241,let,heavy
2242,this,tough
2243,deal,worry
2244,industry,unit
2245,low,easy
2246,fill,establish
2247,value,indicate
2248,person,improve
2249,where,fly
2250,their,parent
2251,example,material
2252,would,recognize
2253,system,step
2254,line,mention
2255,could,maybe
2256,human,method
2257,nor,box
2258,against,guess
2259,any,place
2260,rock,foot
2261,fast,street
2262,present,night
2263,media,bank
2264,despite,coach
2265,lot,line
2266,back,they
2267,suddenly,upon
2268,start,professor
2269,top,all
2270,pretty,really
2271,more,reality
2272,must,itself
2273,marriage,season
2274,because,sure
2275,others,alone
2276,any,both
2277,safe,community
2278,road,hit
2279,form,growth
2280,news,within
2281,least,oil
2282,result,upon
2283,fund,head
2284,administration,quality
2285,week,also
2286,final,ok
2287,act,attention
2288,water,increase
2289,option,method
2290,while,choice
2291,number,already
2292,try,population
2293,story,sport
2294,often,now
2295,computer,eight
2296,president,well
2297,young,serious
2298,chance,month
2299,but,us
2300,usually,shake
2301,eye,employee
2302,draw,energy
2303,event,detail
2304,evidence,cost
2305,discover,effect
2306,training,then
2307,help,difference
2308,girl,discover
2309,radio,eight
2310,analysis,various
2311,fly,notice
2312,positive,according
2313,give,happen
2314,cultural,very
2315,manager,road
2316,up,which
2317,itself,free
2318,audience,list
2319,different,stay
2320,foreign,brother
2321,century,cup
2322,coach,record
2323,friend,four
2324,money,base
2325,edge,stop
2326,car,west
2327,catch,world
2328,look,think
2329,rise,far
2330,others,evidence
2331,grow,low
2332,third,deal
2333,film,catch
2334,sport,knowledge
2335,design,whose
2336,today,provide
2337,eye,school
2338,some,beautiful
2339,expect,western
2340,defense,news
2341,cell,name
2342,some,avoid
2343,feeling,country
2344,yeah,so
2345,onto,establish
2346,mean,figure
2347,house,others
2348,five,once
2349,vote,them
2350,piece,family
2351,it,total
2352,yes,staff
2353,population,father
2354,it,idea
2355,nearly,reason
2356,effect,yeah
2357,almost,personal
2358,almost,husband
2359,up,enter
2360,give,fly
2361,effort,prepare
2362,investment,stage
2363,where,politics
2364,door,run
2365,account,make
2366,especially,right
2367,friend,all
2368,east,edge
2369,wind,both
2370,time,camera
2371,such,from
2372,say,positive
2373,daughter,power
2374,Democrat,want
2375,third,pull
2376,effect,five
2377,tell,well
2378,impact,person
2379,game,interesting
2380,create,list
2381,different,simple
2382,because,economy
2383,meet,medical
2384,picture,same
2385,decade,talk
2386,blue,fall
2387,thought,focus
2388,Mr,street
2389,computer,help
2390,card,morning
2391,cost,stuff
2392,already,account
2393,early,nation
2394,middle,clear
2395,parent,available
2396,subject,since
2397,second,of
2398,change,prove
2399,career,allow
2400,guy,rather
2401,community,again
2402,page,information
2403,treatment,probably
2404,scene,talk
2405,later,leg
2406,our,apply
2407,watch,so
2408,term,sort
2409,particular,nothing
2410,cup,statement
2411,lawyer,case
2412,their,into
2413,movie,bit
2414,professor,determine
2415,develop,degree
2416,spring,without
2417,dog,game
2418,run,star
2419,lawyer,far
2420,police,case
2421,close,us
2422,will,participant
2423,both,provide
2424,try,pick
2425,stop,school
2426,him,far
2427,red,area
2428,away,trouble
2429,more,compare
2430,finish,unit
2431,statement,business
2432,gas,hair
2433,analysis,guess
2434,charge,stop
2435,send,strong
2436,finally,under
2437,teach,drive
2438,reach,good
2439,food,stuff
2440,this,occur
2441,seem,structure
2442,factor,total
2443,food,old
2444,approach,model
2445,camera,often
2446,enjoy,clear
2447,financial,expert
2448,member,Mrs
2449,state,serve
2450,ask,relate
2451,thing,president
2452,heavy,debate
2453,off,before
2454,gun,space
2455,pass,tax
2456,herself,medical
2457,question,nothing
2458,human,agree
2459,position,federal
2460,white,get
2461,bit,despite
2462,difference,break
2463,individual,politics
2464,level,however
2465,group,I
2466,page,born
2467,case,item
2468,citizen,sense
2469,body,leave
2470,home,fear
2471,religious,car
2472,able,other
2473,job,avoid
2474,final,kind
2475,language,front
2476,boy,senior
2477,same,option
2478,above,relationship
2479,none,agreement
2480,huge,sign
2481,better,floor
2482,stuff,piece
2483,degree,list
2484,where,despite
2485,he,its
2486,call,would
2487,last,evening
2488,rock,discover
2489,sure,four
2490,ago,include
2491,tough,pressure
2492,if,main
2493,enjoy,see
2494,too,increase
2495,big,my
2496,natural,community
2497,worker,growth
2498,here,smile
2499,war,call
2500,anyone,such
2501,lead,personal
2502,sing,usually
2503,subject,believe
2504,strong,serious
2505,lose,although
2506,cover,western
2507,maintain,those
2508,sister,sense
2509,structure,window
2510,up,bag
2511,end,election
2512,interest,piece
2513,science,week
2514,democratic,peace
2515,focus,against
2516,audience,half
2517,wall,increase
2518,into,individual
2519,study,pull
2520,travel,represent
2521,drop,option
2522,all,serious
2523,project,trip
2524,throughout,huge
2525,detail,involve
2526,rest,page
2527,message,sister
2528,fear,must
2529,often,huge
2530,else,professional
2531,tax,majority
2532,cover,radio
2533,prove,which
2534,within,full
2535,gas,system
2536,common,begin
2537,operation,especially
2538,sometimes,American
2539,respond,room
2540,bar,see
2541,surface,peace
2542,imagine,spring
2543,science,employee
2544,would,blood
2545,them,maintain
2546,admit,point
2547,more,wish
2548,their,meet
2549,democratic,old
2550,instead,create
2551,every,ok
2552,over,during
2553,drive,subject
2554,hotel,house
2555,yes,yeah
2556,occur,answer
2557,service,game
2558,image,recognize
2559,number,us
2560,cell,what
2561,general,Mr
2562,true,onto
2563,bed,easy
2564,beat,democratic
2565,address,difference
2566,anyone,machine
2567,box,southern
2568,apply,by
2569,support,poor
2570,their,happen
2571,special,rule
2572,agreement,amount
2573,build,piece
2574,thing,find
2575,Mrs,choice
2576,lot,prove
2577,per,only
2578,politics,capital
2579,fire,discussion
2580,fact,involve
2581,purpose,dark
2582,investment,catch
2583,top,center
2584,yes,us
2585,candidate,when
2586,outside,family
2587,other,by
2588,before,huge
2589,institution,each
2590,rich,store
2591,fish,wait
2592,word,mean
2593,to,several
2594,next,brother
2595,black,factor
2596,wall,approach
2597,ready,building
2598,which,always
2599,war,particularly
2600,young,give
2601,why,full
2602,expert,two
2603,together,country
2604,animal,whose
2605,dream,always
2606,blood,admit
2607,may,western
2608,school,simply
2609,close,the
2610,all,forget
2611,defense,center
2612,analysis,vote
2613,film,bar
2614,performance,close
2615,surface,model
2616,claim,relate
2617,type,citizen
2618,government,building
2619,land,finally
2620,sea,catch
2621,sort,work
2622,fly,benefit
2623,because,reality
2624,black,by
2625,carry,quality
2626,scientist,collection
2627,power,maintain
2628,ability,keep
2629,account,build
2630,image,take
2631,continue,well
2632,PM,already
2633,message,thought
2634,politics,coach
2635,gas,woman
2636,modern,our
2637,on,near
2638,toward,white
2639,stuff,perhaps
2640,film,garden
2641,recognize,give
2642,they,within
2643,trial,positive
2644,court,accept
2645,born,health
2646,space,bring
2647,against,as
2648,memory,population
2649,late,home
2650,fish,occur
2651,order,occur
2652,citizen,perhaps
2653,your,pressure
2654,measure,car
2655,send,catch
2656,ten,work
2657,inside,think
2658,gas,hotel
2659,before,easy
2660,single,before
2661,less,practice
2662,politics,this
2663,kitchen,size
2664,look,turn
2665,interesting,travel
2666,painting,nothing
2667,color,move
2668,option,relationship
2669,certainly,well
2670,school,him
2671,arrive,everyone
2672,language,executive
2673,in,behind
2674,treat,resource
2675,outside,lawyer
2676,discover,determine
2677,there,visit
2678,action,long
2679,sure,house
2680,audience,trip
2681,paper,rich
2682,about,this
2683,eight,me
2684,middle,college
2685,dark,operation
2686,us,shake
2687,sound,ball
2688,method,tend
2689,foreign,after
2690,particularly,break
2691,system,time
2692,policy,candidate
2693,size,social
2694,shoulder,option
2695,Democrat,rate
2696,avoid,indicate
2697,speech,society
2698,officer,south
2699,can,them
2700,exist,assume
2701,see,ball
2702,thank,range
2703,guy,easy
2704,wife,relationship
2705,data,action
2706,case,able
2707,true,entire
2708,at,main
2709,position,should
2710,who,involve
2711,sound,road
2712,kid,fire
2713,already,camera
2714,type,teacher
2715,remain,time
2716,rich,hand
2717,determine,test
2718,eight,special
2719,wish,explain
2720,place,daughter
2721,human,actually
2722,require,material
2723,billion,particularly
2724,despite,right
2725,young,drive
2726,present,remember
2727,sing,particular
2728,animal,life
2729,themselves,suffer
2730,while,he
2731,road,team
2732,law,answer
2733,service,peace
2734,American,how
2735,person,a
2736,physical,politics
2737,law,baby
2738,impact,military
2739,catch,high
2740,body,these
2741,four,voice
2742,star,must
2743,get,between
2744,who,medical
2745,full,hand
2746,impact,fact
2747,green,interesting
2748,level,can
2749,true,them
2750,individual,skin
2751,sister,certainly
2752,hospital,quality
2753,good,benefit
2754,strategy,step
2755,Mr,begin
2756,rest,off
2757,class,onto
2758,full,change
2759,former,teacher
2760,painting,huge
2761,energy,decade
2762,before,between
2763,discover,movement
2764,on,worker
2765,over,factor
2766,dinner,well
2767,final,event
2768,father,step
2769,method,network
2770,organization,put
2771,your,among
2772,catch,yet
2773,group,she
2774,machine,amount
2775,might,office
2776,draw,push
2777,condition,agent
2778,character,road
2779,state,along
2780,consider,seek
2781,film,inside
2782,money,last
2783,attack,must
2784,church,anyone
2785,Mrs,piece
2786,find,for
2787,party,party
2788,them,realize
2789,agent,of
2790,can,program
2791,certain,better
2792,water,news
2793,run,citizen
2794,challenge,his
2795,likely,he
2796,commercial,hair
2797,another,begin
2798,land,mention
2799,card,should
2800,could,trip
2801,place,nothing
2802,that,skill
2803,too,remain
2804,ok,share
2805,discuss,challenge
2806,each,it
2807,gas,available
2808,building,record
2809,officer,full
2810,road,meet
2811,lawyer,future
2812,per,if
2813,since,suggest
2814,recent,source
2815,respond,animal
2816,many,shake
2817,imagine,matter
2818,control,participant
2819,thank,out
2820,pretty,garden
2821,wide,they
2822,art,rate
2823,other,few
2824,student,structure
2825,community,reason
2826,national,fast
2827,organization,value
2828,international,treatment
2829,anyone,treatment
2830,particularly,pretty
2831,social,something
2832,positive,affect
2833,person,rule
2834,cover,and
2835,contain,by
2836,rule,participant
2837,show,exist
2838,deep,determine
2839,clear,environment
2840,use,hot
2841,television,employee
2842,however,enjoy
2843,laugh,my
2844,style,require
2845,energy,rich
2846,word,beyond
2847,grow,gas
2848,board,create
2849,senior,ten
2850,point,hot
2851,record,ask
2852,president,cover
2853,determine,board
2854,environment,understand
2855,goal,situation
2856,bit,management
2857,need,wrong
2858,option,carry
2859,defense,trouble
2860,cultural,beat
2861,scene,administration
2862,can,what
2863,he,imagine
2864,discover,low
2865,ahead,he
2866,put,camera
2867,happy,pressure
2868,or,sell
2869,allow,Democrat
2870,reality,six
2871,century,ready
2872,onto,door
2873,southern,support
2874,hundred,language
2875,least,if
2876,federal,road
2877,strategy,affect
2878,offer,meeting
2879,realize,sell
2880,involve,perform
2881,wear,step
2882,return,entire
2883,language,even
2884,identify,garden
2885,remember,worker
2886,trial,history
2887,himself,happy
2888,blood,star
2889,collection,strong
2890,outside,reason
2891,he,join
2892,region,cover
2893,gun,above
2894,successful,his
2895,herself,radio
2896,hit,Mr
2897,until,mind
2898,range,skill
2899,effect,standard
2900,program,foot
2901,carry,break
2902,article,gas
2903,this,series
2904,eye,new
2905,decade,fire
2906,speech,address
2907,yes,past
2908,threat,statement
2909,in,tonight
2910,central,according
2911,allow,card
2912,quality,theory
2913,activity,interest
2914,report,leave
2915,look,brother
2916,cultural,life
2917,before,result
2918,ready,science
2919,certainly,heart
2920,number,poor
2921,section,trial
2922,however,husband
2923,service,although
2924,will,prepare
2925,at,about
2926,join,safe
2927,nice,finally
2928,board,manager
2929,wide,color
2930,performance,age
2931,machine,one
2932,ahead,program
2933,whether,fact
2934,business,whose
2935,government,sort
2936,dinner,weight
2937,skill,water
2938,read,hand
2939,area,fish
2940,enough,radio
2941,indeed,investment
2942,discover,leader
2943,fact,spend
2944,there,affect
2945,travel,almost
2946,impact,investment
2947,of,sea
2948,key,different
2949,never,economy
2950,admit,stop
2951,kind,seven
2952,PM,best
2953,total,speak
2954,middle,throughout
2955,between,senior
2956,sign,ahead
2957,walk,big
2958,wrong,wear
2959,argue,sister
2960,month,break
2961,value,phone
2962,if,eat
2963,employee,surface
2964,soon,just
2965,read,cost
2966,process,last
2967,message,our
2968,campaign,kind
2969,prove,home
2970,him,week
2971,eye,look
2972,from,perhaps
2973,describe,citizen
2974,those,serious
2975,result,good
2976,read,always
2977,buy,push
2978,condition,under
2979,speech,assume
2980,study,student
2981,ask,security
2982,authority,wait
2983,option,mention
2984,arm,management
2985,born,second
2986,house,free
2987,politics,last
2988,usually,lay
2989,term,growth
2990,soldier,about
2991,on,him
2992,return,she
2993,country,create
2994,agency,fight
2995,support,want
2996,detail,myself
2997,star,likely
2998,station,join
2999,arrive,yourself
3000,bill,compare
3001,lead,so
3002,discuss,name
3003,relate,manager
3004,memory,ready
3005,evidence,green
3006,upon,establish
3007,bill,sea
3008,clearly,style
3009,general,indeed
3010,we,why
3011,generation,night
3012,camera,cold
3013,actually,show
3014,skin,learn
3015,light,more
3016,body,among
3017,situation,us
3018,week,beat
3019,foreign,show
3020,teach,woman
3021,current,evidence
3022,home,truth
3023,like,scientist
3024,agent,last
3025,authority,hold
3026,person,exist
3027,move,foreign
3028,trip,price
3029,the,debate
3030,however,girl
3031,gun,newspaper
3032,third,play
3033,need,today
3034,three,assume
3035,fear,wait
3036,soldier,hour
3037,sort,cause
3038,chair,happen
3039,reality,commercial
3040,what,student
3041,decide,little
3042,tax,none
3043,million,take
3044,collection,race
3045,prevent,to
3046,home,meeting
3047,onto,tax
3048,fund,campaign
3049,message,put
3050,speak,office
3051,likely,rich
3052,learn,hospital
3053,first,simply
3054,change,term
3055,anyone,back
3056,lawyer,live
3057,moment,especially
3058,since,night
3059,quickly,away
3060,explain,argue
3061,force,majority
3062,contain,class
3063,star,big
3064,close,house
3065,vote,claim
3066,present,phone
3067,such,serious
3068,spring,tree
3069,page,should
3070,me,Congress
3071,season,test
3072,front,world
3073,together,argue
3074,third,indeed
3075,resource,issue
3076,star,wait
3077,coach,feeling
3078,successful,region
3079,hope,radio
3080,apply,management
3081,central,more
3082,police,special
3083,sort,style
3084,risk,star
3085,power,sense
3086,human,pretty
3087,industry,air
3088,idea,book
3089,notice,game
3090,medical,assume
3091,stand,state
3092,which,and
3093,also,somebody
3094,everybody,these
3095,production,card
3096,article,far
3097,might,eat
3098,subject,everybody
3099,do,catch
3100,service,spring
3101,tell,that
3102,what,dark
3103,risk,because
3104,natural,office
3105,create,law
3106,democratic,various
3107,fire,model
3108,rather,this
3109,seek,hard
3110,stuff,hour
3111,policy,the
3112,front,very
3113,stay,benefit
3114,air,war
3115,worker,kitchen
3116,ball,all
3117,focus,senior
3118,oil,art
3119,carry,direction
3120,suggest,risk
3121,your,accept
3122,cell,expect
3123,better,music
3124,career,rich
3125,investment,him
3126,alone,among
3127,season,himself
3128,follow,others
3129,after,rest
3130,charge,follow
3131,feeling,southern
3132,through,government
3133,since,source
3134,energy,part
3135,range,our
3136,nor,including
3137,require,skill
3138,medical,family
3139,question,base
3140,seat,sister
3141,small,bar
3142,fight,who
3143,tonight,government
3144,daughter,believe
3145,Mrs,maintain
3146,arrive,security
3147,establish,party
3148,economy,lot
3149,crime,doctor
3150,voice,under
3151,shake,moment
3152,eight,nor
3153,social,understand
3154,before,agreement
3155,staff,soon
3156,already,risk
3157,cause,difficult
3158,administration,send
3159,leave,easy
3160,bag,face
3161,leader,career
3162,world,have
3163,year,population
3164,especially,call
3165,drop,third
3166,force,right
3167,hundred,weight
3168,evidence,really
3169,part,answer
3170,government,money
3171,money,ball
3172,trip,hear
3173,senior,third
3174,people,bank
3175,throw,administration
3176,senior,hospital
3177,while,laugh
3178,bit,early
3179,strong,not
3180,get,several
3181,pressure,financial
3182,example,Republican
3183,sister,break
3184,behind,fact
3185,story,leave
3186,oil,anyone
3187,training,daughter
3188,wrong,mean
3189,ahead,treat
3190,able,whether
3191,performance,play
3192,range,tree
3193,benefit,cover
3194,fight,show
3195,help,sell
3196,above,executive
3197,player,two
3198,future,garden
3199,look,single
3200,mouth,life
3201,short,guy
3202,often,energy
3203,conference,director
3204,focus,indeed
3205,church,born
3206,rate,identify
3207,assume,make
3208,feel,issue
3209,art,hear
3210,when,rest
3211,beyond,hold
3212,best,population
3213,family,support
3214,mention,push
3215,but,every
3216,while,must
3217,animal,decade
3218,specific,of
3219,available,within
3220,sense,analysis
3221,kid,keep
3222,brother,science
3223,fund,occur
3224,lot,skin
3225,traditional,do
3226,attention,list
3227,wall,international
3228,soon,culture
3229,rate,although
3230,least,anyone
3231,blood,run
3232,defense,body
3233,reveal,marriage
3234,everybody,woman
3235,most,car
3236,include,section
3237,live,story
3238,task,financial
3239,professional,mention
3240,phone,plan
3241,fish,everything
3242,respond,the
3243,hand,history
3244,democratic,compare
3245,personal,shoulder
3246,own,instead
3247,positive,size
3248,south,board
3249,rather,third
3250,its,decade
3251,Congress,charge
3252,leader,she
3253,statement,my
3254,wind,cause
3255,though,expert
3256,kitchen,center
3257,unit,head
3258,should,entire
3259,attack,either
3260,opportunity,Republican
3261,wide,listen
3262,reduce,activity
3263,like,fire
3264,stage,possible
3265,because,star
3266,parent,brother
3267,nature,woman
3268,send,remain
3269,know,tonight
3270,low,help
3271,decade,entire
3272,mean,player
3273,lawyer,in
3274,forget,ten
3275,challenge,affect
3276,can,than
3277,set,figure
3278,hotel,husband
3279,music,what
3280,book,use
3281,mean,whether
3282,visit,film
3283,hope,many
3284,possible,west
3285,letter,trial
3286,pressure,leader
3287,himself,bag
3288,as,media
3289,laugh,fish
3290,cost,think
3291,consumer,name
3292,ground,special
3293,raise,artist
3294,model,letter
3295,buy,minute
3296,itself,dog
3297,half,painting
3298,candidate,design
3299,produce,strategy
3300,loss,recognize
3301,Mr,ago
3302,safe,popular
3303,expert,good
3304,son,seem
3305,must,service
3306,raise,play
3307,woman,role
3308,choose,water
3309,school,improve
3310,according,conference
3311,character,population
3312,yourself,about
3313,laugh,crime
3314,finally,interview
3315,enjoy,film
3316,usually,debate
3317,alone,difference
3318,magazine,bank
3319,member,single
3320,think,finish
3321,write,company
3322,they,hundred
3323,figure,pretty
3324,place,recognize
3325,baby,nothing
3326,team,level
3327,nature,event
3328,start,skin
3329,decade,actually
3330,society,nation
3331,sense,country
3332,conference,foot
3333,culture,former
3334,because,meeting
3335,kitchen,sea
3336,once,floor
3337,report,way
3338,no,event
3339,body,class
3340,tough,some
3341,brother,charge
3342,sell,use
3343,result,explain
3344,whole,organization
3345,pattern,simply
3346,especially,beat
3347,free,truth
3348,nation,number
3349,much,magazine
3350,rich,rate
3351,that,improve
3352,hundred,explain
3353,young,common
3354,mother,talk
3355,practice,would
3356,talk,practice
3357,daughter,half
3358,various,responsibility
3359,address,tend
3360,local,step
3361,eight,involve
3362,sell,house
3363,weight,beyond
3364,tend,factor
3365,similar,consider
3366,how,generation
3367,notice,five
3368,if,natural
3369,best,become
3370,resource,great
3371,glass,news
3372,if,call
3373,open,rate
3374,little,smile
3375,live,land
3376,prove,while
3377,against,nation
3378,these,natural
3379,country,day
3380,and,wish
3381,rest,fight
3382,network,important
3383,hand,usually
3384,sea,strong
3385,event,room
3386,let,size
3387,wonder,our
3388,themselves,bill
3389,we,good
3390,manager,word
3391,glass,blood
3392,education,number
3393,perform,above
3394,include,medical
3395,include,find
3396,lot,board
3397,test,almost
3398,some,notice
3399,identify,stuff
3400,wall,former
3401,her,rule
3402,however,student
3403,chance,road
3404,establish,party
3405,usually,make
3406,every,card
3407,not,line
3408,human,activity
3409,heavy,better
3410,girl,visit
3411,painting,cup
3412,day,very
3413,shoulder,or
3414,write,return
3415,maintain,record
3416,stay,employee
3417,coach,quality
3418,thus,special
3419,choose,base
3420,explain,account
3421,world,join
3422,else,machine
3423,a,ball
3424,score,old
3425,read,sound
3426,recognize,economy
3427,range,memory
3428,natural,cold
3429,none,statement
3430,plan,yes
3431,whom,such
3432,list,office
3433,sometimes,behavior
3434,remain,study
3435,give,product
3436,meeting,population
3437,majority,like
3438,range,behind
3439,ready,effort
3440,in,structure
3441,body,probably
3442,food,money
3443,mind,own
3444,visit,clearly
3445,both,improve
3446,increase,bar
3447,like,specific
3448,series,beautiful
3449,in,term
3450,hear,only
3451,shoulder,lay
3452,degree,less
3453,agree,fear
3454,name,cover
3455,maintain,change
3456,skin,understand
3457,local,lose
3458,organization,magazine
3459,half,eight
3460,after,resource
3461,though,full
3462,full,recognize
3463,girl,TV
3464,evidence,factor
3465,resource,four
3466,section,whatever
3467,manager,enjoy
3468,money,industry
3469,move,worker
3470,form,stay
3471,every,most
3472,suggest,rise
3473,set,organization
3474,box,stand
3475,challenge,break
3476,however,remain
3477,get,meeting
3478,ready,vote
3479,at,join
3480,trade,practice
3481,trouble,speak
3482,board,eye
3483,American,loss
3484,ability,she
3485,home,wish
3486,time,enter
3487,mean,about
3488,until,language
3489,trouble,red
3490,understand,great
3491,relationship,remember
3492,whether,start
3493,front,great
3494,laugh,country
3495,usually,too
3496,reveal,occur
3497,watch,to
3498,structure,during
3499,computer,pass
3500,authority,town
3501,huge,size
3502,oil,certainly
3503,however,step
3504,before,morning
3505,someone,station
3506,lay,bag
3507,pull,individual
3508,half,class
3509,important,picture
3510,six,admit
3511,carry,party
3512,approach,coach
3513,product,nation
3514,present,task
3515,office,tell
3516,change,sound
3517,speak,author
3518,according,too
3519,moment,hundred
3520,government,look
3521,city,exactly
3522,each,suddenly
3523,cause,American
3524,visit,me
3525,Democrat,tax
3526,product,second
3527,would,reach
3528,produce,nice
3529,particular,parent
3530,executive,as
3531,yard,region
3532,PM,religious
3533,better,raise
3534,science,ago
3535,avoid,about
3536,concern,discussion
3537,discover,north
3538,wait,within
3539,guess,maybe
3540,newspaper,available
3541,occur,day
3542,quite,eight
3543,century,left
3544,hear,service
3545,although,create
3546,conference,maintain
3547,it,hand
3548,low,either
3549,American,pay
3550,rest,sense
3551,answer,skill
3552,various,throughout
3553,action,since
3554,enter,month
3555,room,hour
3556,company,decision
3557,among,couple
3558,move,result
3559,hotel,first
3560,design,somebody
3561,law,show
3562,firm,suggest
3563,opportunity,move
3564,page,Republican
3565,whatever,religious
3566,eye,nice
3567,feeling,right
3568,but,money
3569,some,occur
3570,life,card
3571,follow,audience
3572,everybody,one
3573,three,move
3574,opportunity,certain
3575,line,style
3576,rock,never
3577,what,leg
3578,thing,no
3579,media,kind
3580,student,arrive
3581,vote,hard
3582,support,college
3583,painting,phone
3584,central,camera
3585,yourself,executive
3586,total,somebody
3587,western,camera
3588,style,these
3589,force,grow
3590,do,single
3591,eight,could
3592,class,behind
3593,stock,PM
3594,officer,organization
3595,go,would
3596,actually,generation
3597,scientist,expert
3598,leave,enter
3599,end,get
3600,resource,whatever
3601,claim,news
3602,rule,begin
3603,interest,ever
3604,ready,though
3605,question,material
3606,dinner,cell
3607,water,front
3608,manage,maintain
3609,road,meet
3610,put,next
3611,next,visit
3612,end,live
3613,senior,just
3614,down,work
3615,always,oil
3616,by,team
3617,both,civil
3618,network,treatment
3619,quite,above
3620,artist,there
3621,professor,site
3622,suddenly,how
3623,sport,lay
3624,answer,hospital
3625,close,fall
3626,picture,scene
3627,chair,choice
3628,movement,level
3629,remain,husband
3630,some,beat
3631,Republican,mother
3632,much,traditional
3633,yard,list
3634,give,doctor
3635,but,development
3636,apply,thousand
3637,do,its
3638,top,other
3639,seek,result
3640,ground,effort
3641,none,respond
3642,strong,campaign
3643,hope,fly
3644,why,ready
3645,feel,nothing
3646,fear,beat
3647,their,community
3648,mind,interview
3649,pretty,message
3650,remember,already
3651,card,form
3652,order,country
3653,current,bank
3654,thousand,turn
3655,fight,whose
3656,total,account
3657,American,second
3658,protect,least
3659,investment,worker
3660,how,clear
3661,another,game
3662,risk,indeed
3663,share,simple
3664,them,drive
3665,hope,although
3666,theory,else
3667,probably,someone
3668,Congress,charge
3669,fear,put
3670,door,couple
3671,such,wear
3672,everything,woman
3673,development,line
3674,create,hotel
3675,away,some
3676,computer,miss
3677,crime,outside
3678,lawyer,young
3679,program,send
3680,some,more
3681,room,human
3682,rise,party
3683,exactly,pretty
3684,fire,laugh
3685,shake,information
3686,power,write
3687,discover,can
3688,Mrs,away
3689,safe,debate
3690,area,fill
3691,southern,operation
3692,say,safe
3693,claim,physical
3694,every,hospital
3695,boy,conference
3696,rate,well
3697,issue,their
3698,center,million
3699,fight,physical
3700,itself,involve
3701,source,partner
3702,dream,else
3703,city,memory
3704,important,spring
3705,any,free
3706,yes,why
3707,stage,security
3708,member,option
3709,member,hand
3710,answer,test
3711,attorney,know
3712,even,expect
3713,idea,good
3714,answer,mother
3715,than,remember
3716,our,me
3717,house,maintain
3718,similar,give
3719,with,identify
3720,live,town
3721,relationship,character
3722,price,old
3723,sense,with
3724,determine,beyond
3725,rise,each
3726,five,line
3727,style,spring
3728,rule,art
3729,claim,spring
3730,help,under
3731,call,trial
3732,adult,miss
3733,Congress,science
3734,reach,both
3735,until,tonight
3736,simply,only
3737,defense,behind
3738,figure,third
3739,expect,others
3740,everything,both
3741,to,speech
3742,stock,war
3743,example,but
3744,modern,red
3745,probably,environmental
3746,vote,should
3747,over,kid
3748,individual,nation
3749,doctor,me
3750,computer,if
3751,wind,young
3752,service,consumer
3753,especially,score
3754,deep,reason
3755,cover,want
3756,factor,start
3757,plan,nearly
3758,paper,fight
3759,create,nothing
3760,position,color
3761,better,case
3762,body,himself
3763,various,individual
3764,night,possible
3765,radio,discover
3766,set,allow
3767,everything,serve
3768,mind,rich
3769,single,executive
3770,still,order
3771,campaign,specific
3772,loss,former
3773,answer,law
3774,popular,development
3775,smile,class
3776,book,rest
3777,pretty,authority
3778,thought,brother
3779,poor,hour
3780,on,draw
3781,see,pay
3782,wide,big
3783,property,occur
3784,scientist,here
3785,thing,purpose
3786,relate,else
3787,recent,open
3788,apply,writer
3789,ok,indeed
3790,write,brother
3791,compare,raise
3792,account,letter
3793,child,career
3794,though,final
3795,will,manage
3796,read,ask
3797,these,shake
3798,begin,sing
3799,help,suffer
3800,garden,morning
3801,interesting,policy
3802,game,wide
3803,class,speech
3804,consumer,few
3805,serve,lot
3806,above,food
3807,reduce,challenge
3808,charge,magazine
3809,skin,only
3810,truth,fall
3811,hand,agree
3812,other,education
3813,your,their
3814,hair,central
3815,it,expect
3816,fear,get
3817,various,they
3818,first,position
3819,floor,simply
3820,pick,stand
3821,out,action
3822,easy,weight
3823,place,end
3824,response,movie
3825,each,help
3826,large,themselves
3827,however,before
3828,both,medical
3829,will,bit
3830,sense,national
3831,seat,population
3832,game,trial
3833,change,defense
3834,industry,smile
3835,dream,key
3836,seven,surface
3837,treatment,bit
3838,serious,soon
3839,real,garden
3840,true,stock
3841,spend,positive
3842,new,firm
3843,few,over
3844,lead,little
3845,direction,century
3846,forget,several
3847,whatever,look
3848,purpose,including
3849,career,play
3850,executive,make
3851,from,hard
3852,professional,whatever
3853,whole,attack
3854,bar,purpose
3855,ok,crime
3856,push,box
3857,three,rate
3858,probably,move
3859,certain,forget
3860,suffer,picture
3861,especially,serve
3862,himself,building
3863,left,sing
3864,project,own
3865,almost,source
3866,bill,institution
3867,protect,talk
3868,study,computer
3869,truth,tell
3870,see,field
3871,note,strong
3872,can,receive
3873,director,future
3874,ok,quickly
3875,new,artist
3876,physical,somebody
3877,wall,Mrs
3878,east,raise
3879,series,play
3880,per,those
3881,great,far
3882,film,statement
3883,ability,hair
3884,alone,will
3885,century,usually
3886,bring,choice
3887,traditional,total
3888,glass,trip
3889,admit,real
3890,police,finally
3891,service,that
3892,step,maybe
3893,product,fine
3894,tree,account
3895,according,institution
3896,step,wall
3897,form,financial
3898,baby,describe
3899,ask,economic
3900,population,commercial
3901,bank,appear
3902,hundred,system
3903,manage,ever
3904,husband,truth
3905,crime,almost
3906,affect,along
3907,even,outside
3908,no,money
3909,record,vote
3910,probably,home
3911,force,expect
3912,plant,film
3913,attack,against
3914,through,explain
3915,across,tend
3916,analysis,direction
3917,program,arrive
3918,less,still
3919,approach,performance
3920,six,today
3921,half,student
3922,cup,success
3923,beat,have
3924,everything,TV
3925,approach,inside
3926,evening,new
3927,window,though
3928,player,wait
3929,fire,protect
3930,position,security
3931,computer,either
3932,surface,property
3933,magazine,concern
3934,among,civil
3935,study,specific
3936,market,draw
3937,onto,drop
3938,dark,top
3939,forward,across
3940,skill,minute
3941,network,particular
3942,bar,change
3943,modern,shoulder
3944,myself,pull
3945,strategy,region
3946,economy,expert
3947,turn,unit
3948,attack,education
3949,save,together
3950,each,wonder
3951,Congress,world
3952,American,pay
3953,strong,order
3954,its,always
3955,your,special
3956,around,each
3957,line,good
3958,personal,speech
3959,take,often
3960,whatever,health
3961,yeah,ball
3962,staff,yeah
3963,land,key
3964,news,recent
3965,visit,wear
3966,dog,will
3967,couple,night
3968,often,yet
3969,religious,light
3970,yard,ahead
3971,Mrs,manager
3972,board,full
3973,statement,tax
3974,media,fire
3975,people,picture
3976,alone,audience
3977,central,music
3978,guy,music
3979,finally,community
3980,whole,none
3981,public,Mr
3982,statement,sing
3983,why,party
3984,magazine,face
3985,environmental,similar
3986,smile,each
3987,house,despite
3988,author,owner
3989,environmental,all
3990,any,she
3991,include,bank
3992,rise,away
3993,much,begin
3994,painting,describe
3995,cost,hard
3996,scientist,month
3997,beyond,dark
3998,word,head
3999,push,minute
4000,newspaper,toward
4001,dark,do
4002,should,most
4003,democratic,together
4004,identify,myself
4005,somebody,consider
4006,school,bank
4007,job,close
4008,dinner,social
4009,summer,box
4010,cold,list
4011,floor,offer
4012,wear,crime
4013,phone,age
4014,unit,southern
4015,play,dog
4016,I,wide
4017,buy,war
4018,life,star
4019,loss,feeling
4020,ok,test
4021,him,class
4022,relate,compare
4023,turn,sound
4024,it,save
4025,statement,contain
4026,step,party
4027,court,environmental
4028,success,money
4029,ball,another
4030,important,street
4031,whether,market
4032,field,onto
4033,year,heavy
4034,glass,thank
4035,design,note
4036,same,answer
4037,music,interest
4038,put,though
4039,record,process
4040,system,policy
4041,whole,respond
4042,people,Democrat
4043,me,suggest
4044,voice,first
4045,compare,than
4046,control,list
4047,from,same
4048,per,or
4049,with,shake
4050,central,represent
4051,course,anything
4052,north,really
4053,condition,inside
4054,base,during
4055,available,write
4056,ok,hour
4057,building,but
4058,win,teach
4059,girl,country
4060,Congress,grow
4061,however,concern
4062,miss,early
4063,street,through
4064,kitchen,tonight
4065,key,course
4066,rest,machine
4067,develop,rate
4068,staff,later
4069,defense,very
4070,investment,skill
4071,herself,cell
4072,half,middle
4073,tree,technology
4074,another,always
4075,summer,traditional
4076,situation,there
4077,mission,yard
4078,from,cover
4079,consumer,sea
4080,something,car
4081,final,west
4082,watch,then
4083,this,my
4084,deal,institution
4085,room,book
4086,their,analysis
4087,training,goal
4088,hotel,picture
4089,front,fish
4090,decision,energy
4091,citizen,approach
4092,black,record
4093,music,occur
4094,teacher,property
4095,debate,direction
4096,house,less
4097,political,fish
4098,if,agreement
4099,she,station
4100,throughout,plan
4101,born,movement
4102,central,energy
4103,each,performance
4104,carry,against
4105,opportunity,idea
4106,sell,method
4107,property,military
4108,for,than
4109,join,grow
4110,room,property
4111,effect,who
4112,also,describe
4113,available,particularly
4114,give,fire
4115,lead,range
4116,care,member
4117,by,her
4118,down,receive
4119,parent,money
4120,ten,development
4121,sense,record
4122,compare,reason
4123,level,almost
4124,without,policy
4125,free,successful
4126,anyone,sure
4127,run,sign
4128,task,health
4129,hard,big
4130,surface,first
4131,admit,good
4132,traditional,economic
4133,with,deep
4134,side,form
4135,according,relate
4136,out,source
4137,hair,manage
4138,at,value
4139,major,executive
4140,government,fish
4141,successful,any
4142,every,point
4143,reach,agent
4144,star,seat
4145,manage,good
4146,woman,few
4147,indeed,deep
4148,best,police
4149,Republican,deal
4150,customer,very
4151,stock,food
4152,part,window
4153,source,trouble
4154,magazine,his
4155,fund,information
4156,stay,food
4157,hold,listen
4158,level,member
4159,guess,available
4160,ago,finish
4161,floor,say
4162,carry,leader
4163,look,break
4164,arrive,buy
4165,case,hospital
4166,your,study
4167,bad,range
4168,keep,minute
4169,production,democratic
4170,statement,improve
4171,door,four
4172,show,wear
4173,rate,subject
4174,true,democratic
4175,politics,despite
4176,technology,base
4177,blue,goal
4178,country,live
4179,to,drop
4180,his,market
4181,four,Mr
4182,particularly,somebody
4183,popular,however
4184,give,hope
4185,leg,when
4186,meet,trouble
4187,force,those
4188,record,reach
4189,fear,mean
4190,but,response
4191,all,travel
4192,region,study
4193,return,run
4194,get,effect
4195,music,statement
4196,evidence,part
4197,buy,usually
4198,kitchen,pay
4199,over,focus
4200,hotel,important
4201,call,term
4202,effect,start
4203,media,nature
4204,factor,central
4205,heavy,southern
4206,stage,million
4207,and,future
4208,after,type
4209,opportunity,bring
4210,consider,trouble
4211,sort,miss
4212,put,main
4213,sea,activity
4214,relationship,dinner
4215,high,foot
4216,fact,night
4217,feeling,not
4218,administration,war
4219,whatever,look
4220,responsibility,person
4221,movie,newspaper
4222,discover,argue
4223,head,chair
4224,light,home
4225,available,coach
4226,PM,ten
4227,conference,strategy
4228,statement,speech
4229,water,south
4230,within,picture
4231,brother,site
4232,indicate,ok
4233,take,take
4234,send,try
4235,recently,strategy
4236,admit,significant
4237,certainly,hair
4238,force,its
4239,subject,book
4240,control,would
4241,safe,million
4242,offer,beautiful
4243,door,whatever
4244,I,major
4245,expect,heart
4246,force,start
4247,minute,state
4248,establish,take
4249,himself,point
4250,land,name
4251,call,return
4252,here,second
4253,power,pretty
4254,sure,some
4255,story,four
4256,understand,agent
4257,myself,list
4258,chair,least
4259,me,day
4260,play,where
4261,without,collection
4262,like,for
4263,can,appear
4264,around,political
4265,participant,raise
4266,man,strong
4267,fact,customer
4268,level,common
4269,north,save
4270,well,security
4271,score,only
4272,left,century
4273,measure,matter
4274,any,than
4275,spring,left
4276,election,so
4277,fine,war
4278,mission,add
4279,treatment,key
4280,join,voice
4281,interview,would
4282,prevent,possible
4283,director,about
4284,too,no
4285,practice,head
4286,style,operation
4287,concern,land
4288,than,government
4289,throughout,administration
4290,thought,have
4291,only,fund
4292,kid,garden
4293,drop,this
4294,chair,art
4295,ask,democratic
4296,manager,trade
4297,last,none
4298,think,peace
4299,what,despite
4300,stuff,since
4301,garden,vote
4302,there,physical
4303,close,alone
4304,answer,imagine
4305,religious,should
4306,as,city
4307,foreign,nor
4308,experience,coach
4309,still,environment
4310,about,thought
4311,develop,professor
4312,affect,common
4313,community,account
4314,business,car
4315,read,bring
4316,night,plan
4317,all,environment
4318,with,natural
4319,perhaps,whole
4320,surface,then
4321,walk,spend
4322,turn,staff
4323,present,without
4324,participant,try
4325,song,range
4326,turn,few
4327,teacher,its
4328,father,top
4329,nearly,reveal
4330,personal,water
4331,agency,nature
4332,play,within
4333,avoid,race
4334,glass,pay
4335,chance,attorney
4336,star,reflect
4337,life,leader
4338,billion,office
4339,say,deep
4340,cell,where
4341,gas,yeah
4342,detail,low
4343,position,machine
4344,town,foot
4345,event,share
4346,several,issue
4347,art,right
4348,concern,face
4349,four,or
4350,reduce,receive
4351,item,national
4352,better,against
4353,increase,hand
4354,floor,floor
4355,case,address
4356,improve,attack
4357,bill,why
4358,style,sort
4359,consumer,memory
4360,energy,compare
4361,technology,let
4362,hit,kind
4363,government,prepare
4364,prevent,property
4365,always,art
4366,ahead,effect
4367,traditional,agent
4368,car,sing
4369,expect,part
4370,especially,whether
4371,power,move
4372,together,responsibility
4373,father,in
4374,be,evidence
4375,civil,local
4376,road,risk
4377,surface,make
4378,radio,might
4379,upon,woman
4380,past,its
4381,apply,something
4382,give,smile
4383,instead,inside
4384,music,radio
4385,new,task
4386,in,the
4387,day,skill
4388,sport,brother
4389,memory,fine
4390,which,herself
4391,anyone,every
4392,give,order
4393,training,billion
4394,interview,hot
4395,seat,realize
4396,military,present
4397,do,large
4398,better,page
4399,garden,play
4400,sit,soon
4401,room,tonight
4402,TV,wide
4403,purpose,kitchen
4404,natural,player
4405,morning,add
4406,like,whom
4407,poor,hospital
4408,painting,education
4409,according,attack
4410,teach,sister
4411,skin,cover
4412,toward,walk
4413,travel,song
4414,become,able
4415,physical,several
4416,score,instead
4417,soldier,entire
4418,tonight,number
4419,case,ahead
4420,season,experience
4421,beyond,speech
4422,choose,behind
4423,question,education
4424,carry,success
4425,government,discuss
4426,east,watch
4427,avoid,shoulder
4428,discussion,degree
4429,small,as
4430,degree,respond
4431,moment,probably
4432,perform,truth
4433,trial,option
4434,above,available
4435,success,knowledge
4436,late,responsibility
4437,read,right
4438,all,example
4439,teach,detail
4440,such,strong
4441,off,in
4442,out,PM
4443,speech,move
4444,whole,owner
4445,pull,peace
4446,speak,wall
4447,product,every
4448,food,feel
4449,PM,stop
4450,box,group
4451,condition,guess
4452,Congress,team
4453,forget,toward
4454,personal,director
4455,try,season
4456,guess,car
4457,box,not
4458,bank,college
4459,happen,weight
4460,floor,school
4461,sell,very
4462,top,travel
4463,able,scene
4464,process,page
4465,source,rest
4466,doctor,hold
4467,build,officer
4468,phone,simply
4469,meet,add
4470,away,PM
4471,nature,put
4472,sometimes,everyone
4473,beautiful,onto
4474,reflect,onto
4475,over,degree
4476,half,money
4477,approach,thousand
4478,sometimes,arm
4479,campaign,sell
4480,market,town
4481,cause,bed
4482,there,speak
4483,issue,them
4484,bag,open
4485,nothing,wind
4486,center,just
4487,offer,fast
4488,set,issue
4489,join,choose
4490,foot,once
4491,floor,real
4492,rise,art
4493,build,spring
4494,ever,magazine
4495,door,serve
4496,ask,study
4497,form,good
4498,common,ball
4499,into,down
4500,upon,six
4501,health,school
4502,nothing,all
4503,use,evening
4504,than,to
4505,mind,fill
4506,see,participant
4507,member,according
4508,herself,season
4509,inside,instead
4510,grow,here
4511,resource,conference
4512,during,eye
4513,fact,compare
4514,lawyer,maybe
4515,production,nothing
4516,particularly,election
4517,floor,able
4518,water,build
4519,fill,camera
4520,place,land
4521,size,little
4522,job,catch
4523,should,defense
4524,piece,in
4525,her,anyone
4526,there,option
4527,onto,good
4528,when,project
4529,international,physical
4530,last,ago
4531,store,across
4532,pretty,product
4533,language,land
4534,rather,cup
4535,billion,trouble
4536,defense,and
4537,continue,newspaper
4538,Mr,always
4539,purpose,recent
4540,writer,us
4541,writer,car
4542,up,scene
4543,tend,six
4544,trouble,red
4545,none,serve
4546,hospital,citizen
4547,heavy,way
4548,political,write
4549,outside,religious
4550,amount,here
4551,wife,far
4552,live,but
4553,produce,someone
4554,dog,discuss
4555,travel,fly
4556,lose,society
4557,citizen,ground
4558,just,computer
4559,bill,produce
4560,full,can
4561,ten,stock
4562,loss,father
4563,couple,military
4564,consumer,for
4565,green,set
4566,thought,benefit
4567,seem,almost
4568,because,former
4569,enter,to
4570,last,performance
4571,individual,catch
4572,rather,foreign
4573,structure,city
4574,nor,your
4575,gas,wrong
4576,great,cause
4577,also,mission
4578,hand,first
4579,quality,amount
4580,toward,radio
4581,month,live
4582,thank,think
4583,participant,truth
4584,produce,look
4585,white,fall
4586,laugh,house
4587,now,identify
4588,finally,pressure
4589,my,federal
4590,blood,debate
4591,important,serious
4592,plant,peace
4593,performance,paper
4594,board,because
4595,inside,always
4596,process,by
4597,side,usually
4598,analysis,cause
4599,bill,type
4600,act,else
4601,play,public
4602,authority,stand
4603,do,where
4604,kind,little
4605,above,Mrs
4606,raise,according
4607,notice,red
4608,energy,blue
4609,effect,write
4610,former,let
4611,employee,candidate
4612,international,agree
4613,day,site
4614,hot,Mrs
4615,dog,car
4616,so,among
4617,window,hear
4618,sound,better
4619,huge,that
4620,authority,crime
4621,sport,course
4622,ball,cup
4623,season,discussion
4624,federal,talk
4625,teach,race
4626,business,simply
4627,outside,available
4628,western,enter
4629,power,specific
4630,record,address
4631,do,rock
4632,per,box
4633,near,political
4634,indeed,city
4635,international,window
4636,capital,same
4637,scientist,here
4638,plant,pass
4639,leader,attorney
4640,get,I
4641,total,black
4642,total,staff
4643,through,community
4644,painting,beyond
4645,wife,personal
4646,hair,computer
4647,onto,full
4648,other,scientist
4649,talk,care
4650,seem,group
4651,boy,join
4652,nor,under
4653,look,purpose
4654,amount,him
4655,political,language
4656,order,while
4657,south,check
4658,amount,important
4659,question,allow
4660,agency,world
4661,live,buy
4662,table,business
4663,Congress,family
4664,try,matter
4665,himself,admit
4666,cost,idea
4667,let,wait
4668,until,give
4669,knowledge,former
4670,still,section
4671,those,never
4672,last,wife
4673,sister,general
4674,still,piece
4675,green,those
4676,son,senior
4677,authority,box
4678,front,avoid
4679,college,successful
4680,attorney,list
4681,six,plan
4682,over,necessary
4683,soon,network
4684,to,nature
4685,suffer,conference
4686,main,sound
4687,medical,usually
4688,month,owner
4689,to,hospital
4690,eat,course
4691,professional,serious
4692,great,every
4693,school,six
4694,her,federal
4695,out,now
4696,guess,impact
4697,despite,believe
4698,nor,common
4699,marriage,model
4700,into,drop
4701,room,idea
4702,police,ball
4703,once,book
4704,book,light
4705,identify,week
4706,game,forward
4707,final,spend
4708,style,whole
4709,improve,city
4710,suggest,our
4711,might,technology
4712,break,actually
4713,marriage,example
4714,play,federal
4715,official,sometimes
4716,onto,gas
4717,most,card
4718,base,choose
4719,ground,newspaper
4720,bar,happen
4721,visit,bed
4722,or,away
4723,beat,throughout
4724,that,imagine
4725,heavy,ten
4726,from,recognize
4727,call,age
4728,establish,move
4729,now,appear
4730,glass,not
4731,situation,rule
4732,media,program
4733,add,indeed
4734,law,from
4735,traditional,get
4736,trip,decision
4737,and,occur
4738,although,fall
4739,avoid,group
4740,husband,gun
4741,tonight,age
4742,wife,travel
4743,still,just
4744,safe,card
4745,argue,least
4746,film,idea
4747,adult,political
4748,behavior,enter
4749,southern,ok
4750,national,side
4751,arrive,itself
4752,game,environment
4753,old,culture
4754,war,place
4755,news,middle
4756,traditional,couple
4757,rock,stuff
4758,recent,much
4759,manage,happy
4760,year,break
4761,play,right
4762,reflect,thing
4763,than,low
4764,that,their
4765,special,power
4766,establish,investment
4767,fight,citizen
4768,throughout,smile
4769,general,rate
4770,movement,ready
4771,whose,through
4772,series,sometimes
4773,fund,professional
4774,interest,now
4775,stop,certain
4776,admit,throughout
4777,method,population
4778,defense,cell
4779,general,party
4780,who,area
4781,first,staff
4782,front,me
4783,how,fact
4784,election,cause
4785,out,draw
4786,edge,account
4787,stand,which
4788,sign,effort
4789,rate,police
4790,high,yet
4791,notice,city
4792,source,door
4793,expect,contain
4794,around,decade
4795,remember,others
4796,listen,early
4797,wife,support
4798,president,wide
4799,question,federal
4800,memory,paper
4801,find,mention
4802,sit,house
4803,cover,provide
4804,help,Democrat
4805,might,sing
4806,time,again
4807,own,campaign
4808,partner,walk
4809,consumer,radio
4810,federal,month
4811,power,machine
4812,page,interesting
4813,than,serious
4814,who,visit
4815,up,government
4816,property,thank
4817,who,who
4818,huge,eye
4819,play,six
4820,mention,able
4821,collection,fly
4822,college,say
4823,pass,would
4824,course,start
4825,energy,start
4826,toward,continue
4827,economic,out
4828,common,beautiful
4829,product,lay
4830,child,kitchen
4831,such,set
4832,sister,stop
4833,drop,Mrs
4834,performance,grow
4835,green,because
4836,cut,blood
4837,early,career
4838,real,likely
4839,throughout,already
4840,together,loss
4841,yeah,ahead
4842,sister,your
4843,room,man
4844,design,son
4845,agent,walk
4846,bar,indeed
4847,I,score
4848,month,building
4849,win,wish
4850,difference,those
4851,late,capital
4852,region,long
4853,then,fill
4854,measure,necessary
4855,per,actually
4856,economy,I
4857,responsibility,against
4858,network,school
4859,include,long
4860,whose,main
4861,close,sign
4862,church,including
4863,own,admit
4864,nation,public
4865,trade,detail
4866,important,risk
4867,foot,generation
4868,share,hospital
4869,their,scene
4870,want,hand
4871,peace,today
4872,break,agent
4873,really,building
4874,voice,water
4875,say,pull
4876,style,difficult
4877,art,toward
4878,whole,process
4879,less,myself
4880,natural,magazine
4881,car,involve
4882,Mr,prepare
4883,every,fall
4884,lawyer,maybe
4885,travel,kid
4886,enough,table
4887,majority,pull
4888,together,your
4889,one,benefit
4890,face,may
4891,popular,action
4892,medical,near
4893,day,chance
4894,full,heavy
4895,since,environmental
4896,would,building
4897,community,offer
4898,expert,back
4899,gun,paper
4900,part,public
4901,charge,public
4902,sing,individual
4903,about,method
4904,like,one
4905,leg,drive
4906,even,vote
4907,as,chair
4908,adult,yet
4909,nice,wife
4910,station,certain
4911,recently,with
4912,decide,real
4913,inside,over
4914,specific,college
4915,prevent,every
4916,discover,result
4917,account,American
4918,rest,total
4919,break,four
4920,if,population
4921,hold,trial
4922,give,number
4923,reality,whatever
4924,woman,because
4925,business,rather
4926,force,notice
4927,employee,interview
4928,his,he
4929,eye,it
4930,century,training
4931,treat,themselves
4932,base,arm
4933,believe,admit
4934,trade,apply
4935,large,guy
4936,eight,research
4937,collection,trade
4938,car,cause
4939,figure,consider
4940,notice,argue
4941,probably,personal
4942,nation,brother
4943,north,late
4944,poor,laugh
4945,class,interest
4946,law,rule
4947,account,later
4948,during,time
4949,tough,practice
4950,happy,follow
4951,education,win
4952,speech,task
4953,perform,cup
4954,final,term
4955,pick,box
4956,blue,administration
4957,former,catch
4958,price,short
4959,employee,body
4960,I,deep
4961,sport,blood
4962,reflect,ball
4963,throw,interest
4964,show,force
4965,prepare,to
4966,choice,set
4967,their,message
4968,artist,miss
4969,trouble,against
4970,finally,book
4971,final,relate
4972,approach,rock
4973,production,important
4974,statement,type
4975,right,situation
4976,reach,industry
4977,local,impact
4978,decide,knowledge
4979,water,network
4980,standard,will
4981,section,everybody
4982,billion,stage
4983,marriage,though
4984,value,activity
4985,analysis,fish
4986,movement,per
4987,air,receive
4988,tax,rest
4989,cover,main
4990,democratic,institution
4991,charge,else
4992,him,wife
4993,letter,involve
4994,sound,partner
4995,hold,national
4996,defense,stay
4997,agent,room
4998,Mrs,animal
4999,successful,land
5000,thought,base
5001,agree,lead
5002,girl,man
5003,fly,performance
5004,approach,marriage
5005,decision,chair
5006,action,though
5007,draw,cell
5008,dog,hundred
5009,American,room
5010,leg,benefit
5011,civil,cup
5012,cultural,over
5013,factor,authority
5014,carry,rather
5015,use,mother
5016,build,us
5017,past,significant
5018,reason,control
5019,bag,against
5020,best,garden
5021,easy,act
5022,issue,treatment
5023,response,suffer
5024,class,out
5025,she,list
5026,short,life
5027,building,account
5028,film,moment
5029,news,to
5030,game,show
5031,agency,want
5032,buy,language
5033,use,wish
5034,because,official
5035,along,send
5036,evening,group
5037,so,thus
5038,recognize,those
5039,lose,plan
5040,bit,feel
5041,class,security
5042,discussion,later
5043,young,shoulder
5044,someone,force
5045,dinner,war
5046,message,final
5047,fund,free
5048,table,pattern
5049,remain,what
5050,agent,like
5051,them,decide
5052,land,under
5053,listen,throughout
5054,later,shake
5055,including,fall
5056,data,customer
5057,million,member
5058,third,must
5059,model,little
5060,little,eat
5061,production,have
5062,house,source
5063,cell,consumer
5064,best,beautiful
5065,sea,prevent
5066,pull,popular
5067,to,school
5068,through,night
5069,to,live
5070,whose,else
5071,drug,behavior
5072,someone,better
5073,task,class
5074,their,strong
5075,whose,conference
5076,article,national
5077,care,audience
5078,ground,later
5079,wonder,explain
5080,common,institution
5081,control,policy
5082,true,experience
5083,sea,which
5084,machine,try
5085,let,moment
5086,degree,would
5087,admit,firm
5088,heavy,on
5089,drop,minute
5090,must,environment
5091,particular,player
5092,those,fast
5093,morning,make
5094,single,determine
5095,standard,maybe
5096,could,every
5097,onto,economic
5098,play,soon
5099,stage,those
5100,far,role
5101,government,wish
5102,dog,although
5103,blood,build
5104,may,company
5105,these,after
5106,investment,often
5107,vote,return
5108,explain,subject
5109,think,leader
5110,many,either
5111,pretty,me
5112,point,foreign
5113,finally,listen
5114,production,that
5115,reality,large
5116,mission,modern
5117,treatment,choose
5118,some,suggest
5119,word,fill
5120,task,sell
5121,very,move
5122,onto,us
5123,total,image
5124,position,education
5125,fish,present
5126,land,including
5127,particular,senior
5128,black,parent
5129,line,skill
5130,economic,statement
5131,song,say
5132,office,have
5133,top,this
5134,special,world
5135,energy,feel
5136,debate,along
5137,source,always
5138,have,television
5139,give,type
5140,hundred,somebody
5141,relate,itself
5142,act,with
5143,small,side
5144,family,college
5145,company,past
5146,also,investment
5147,billion,another
5148,similar,record
5149,mother,forget
5150,create,continue
5151,coach,claim
5152,rather,possible
5153,management,quickly
5154,degree,company
5155,huge,treatment
5156,candidate,I
5157,want,job
5158,enter,perhaps
5159,speech,read
5160,group,simply
5161,read,model
5162,under,give
5163,tax,seek
5164,there,response
5165,course,thus
5166,option,hear
5167,nothing,eye
5168,travel,notice
5169,away,magazine
5170,character,business
5171,happen,claim
5172,most,always
5173,whom,decision
5174,skill,admit
5175,almost,performance
5176,meeting,ability
5177,even,summer
5178,attack,to
5179,coach,win
5180,no,alone
5181,him,mean
5182,song,at
5183,black,body
5184,type,would
5185,beat,wall
5186,century,stop
5187,hand,everybody
5188,set,her
5189,know,no
5190,energy,else
5191,ask,then
5192,network,always
5193,news,tend
5194,identify,grow
5195,edge,pressure
5196,subject,single
5197,avoid,concern
5198,wait,case
5199,wall,near
5200,necessary,artist
5201,third,some
5202,class,nice
5203,morning,three
5204,good,western
5205,certain,machine
5206,question,TV
5207,this,lead
5208,something,any
5209,book,reach
5210,listen,writer
5211,describe,beyond
5212,every,ability
5213,tough,player
5214,use,hand
5215,if,single
5216,their,explain
5217,word,nature
5218,another,this
5219,data,sing
5220,later,garden
5221,half,create
5222,rich,down
5223,nation,win
5224,could,sure
5225,professor,collection
5226,government,look
5227,either,end
5228,shoulder,arrive
5229,almost,hundred
5230,soldier,address
5231,president,center
5232,population,year
5233,improve,allow
5234,measure,everything
5235,outside,art
5236,administration,eye
5237,three,job
5238,floor,music
5239,myself,level
5240,poor,his
5241,rest,on
5242,since,plan
5243,send,hospital
5244,peace,system
5245,name,surface
5246,Mr,half
5247,product,success
5248,politics,themselves
5249,southern,employee
5250,training,agent
5251,do,call
5252,chance,rock
5253,middle,offer
5254,kitchen,above
5255,everybody,require
5256,style,concern
5257,history,couple
5258,majority,different
5259,floor,spring
5260,him,evidence
5261,item,remember
5262,onto,return
5263,whether,seat
5264,foot,early
5265,economic,third
5266,could,woman
5267,customer,name
5268,pick,wear
5269,huge,ready
5270,necessary,method
5271,detail,race
5272,white,technology
5273,so,way
5274,wind,require
5275,rather,Mr
5276,since,best
5277,wait,former
5278,analysis,protect
5279,continue,week
5280,catch,process
5281,necessary,say
5282,if,capital
5283,president,mouth
5284,best,fire
5285,western,recently
5286,art,have
5287,back,network
5288,also,many
5289,city,unit
5290,blood,sell
5291,possible,respond
5292,perhaps,the
5293,month,kid
5294,next,international
5295,game,suddenly
5296,focus,state
5297,factor,image
5298,interview,society
5299,card,result
5300,data,often
5301,clear,quite
5302,couple,wear
5303,good,message
5304,response,onto
5305,accept,point
5306,beyond,other
5307,her,nearly
5308,until,difficult
5309,last,where
5310,most,traditional
5311,which,road
5312,despite,perform
5313,ten,against
5314,before,within
5315,everyone,think
5316,special,either
5317,sea,time
5318,she,ball
5319,live,exactly
5320,coach,compare
5321,beautiful,recently
5322,without,situation
5323,western,TV
5324,choice,technology
5325,month,minute
5326,sign,population
5327,kid,deal
5328,must,feel
5329,like,choose
5330,reach,cost
5331,green,similar
5332,perhaps,television
5333,response,important
5334,skill,civil
5335,management,energy
5336,economy,artist
5337,mean,because
5338,wife,lead
5339,expert,fish
5340,still,its
5341,life,television
5342,myself,despite
5343,morning,type
5344,tough,hard
5345,ground,beat
5346,since,statement
5347,Republican,wife
5348,lead,to
5349,participant,apply
5350,skill,painting
5351,write,inside
5352,shoulder,economic
5353,hope,space
5354,focus,generation
5355,mean,seven
5356,nation,build
5357,improve,four
5358,treat,walk
5359,think,interest
5360,talk,us
5361,score,Mrs
5362,coach,green
5363,cut,production
5364,really,cover
5365,agency,partner
5366,daughter,under
5367,scene,message
5368,by,approach
5369,some,information
5370,light,myself
5371,boy,then
5372,only,but
5373,when,energy
5374,sense,ball
5375,outside,wear
5376,each,that
5377,brother,wall
5378,trouble,image
5379,wrong,play
5380,hear,develop
5381,your,item
5382,responsibility,son
5383,lawyer,share
5384,interview,line
5385,red,time
5386,child,great
5387,way,pull
5388,time,institution
5389,away,surface
5390,instead,since
5391,talk,must
5392,cut,authority
5393,assume,Congress
5394,ground,at
5395,hear,already
5396,new,or
5397,school,raise
5398,ball,campaign
5399,energy,education
5400,business,rest
5401,control,large
5402,read,middle
5403,face,yeah
5404,investment,reveal
5405,hand,body
5406,reflect,thing
5407,store,area
5408,occur,far
5409,enter,way
5410,future,generation
5411,along,free
5412,bit,low
5413,truth,present
5414,discuss,change
5415,her,radio
5416,heart,fight
5417,good,claim
5418,tree,company
5419,figure,individual
5420,bag,white
5421,quite,however
5422,wear,whom
5423,tough,seat
5424,land,fall
5425,shoulder,medical
5426,company,single
5427,weight,along
5428,produce,both
5429,radio,forget
5430,certainly,picture
5431,note,capital
5432,heavy,beautiful
5433,point,group
5434,low,mission
5435,structure,white
5436,evening,money
5437,relationship,beyond
5438,avoid,nearly
5439,finally,past
5440,I,sense
5441,night,impact
5442,dream,nice
5443,heavy,business
5444,clear,lot
5445,financial,arrive
5446,drop,game
5447,capital,record
5448,practice,scene
5449,option,idea
5450,compare,city
5451,consumer,major
5452,treat,high
5453,particularly,garden
5454,theory,tax
5455,future,everybody
5456,who,attention
5457,prepare,child
5458,need,president
5459,agent,former
5460,least,top
5461,box,course
5462,central,dog
5463,gun,spend
5464,start,west
5465,agree,magazine
5466,down,network
5467,treat,morning
5468,student,financial
5469,social,whether
5470,maybe,race
5471,in,mission
5472,matter,go
5473,account,camera
5474,station,east
5475,area,notice
5476,war,stuff
5477,both,government
5478,above,institution
5479,lot,subject
5480,marriage,month
5481,billion,boy
5482,growth,place
5483,will,author
5484,reduce,can
5485,type,far
5486,prevent,knowledge
5487,green,center
5488,wall,member
5489,born,spend
5490,style,economic
5491,sport,style
5492,front,foreign
5493,feel,information
5494,where,sell
5495,commercial,also
5496,half,address
5497,skill,sometimes
5498,accept,large
5499,suggest,dinner
5500,tonight,amount
5501,population,son
5502,piece,herself
5503,customer,outside
5504,day,air
5505,significant,play
5506,agree,parent
5507,ok,nice
5508,small,series
5509,responsibility,like
5510,policy,establish
5511,design,structure
5512,but,various
5513,off,field
5514,beyond,through
5515,sound,challenge
5516,computer,pull
5517,but,majority
5518,impact,campaign
5519,national,authority
5520,picture,us
5521,record,tax
5522,wife,hospital
5523,important,almost
5524,call,perform
5525,activity,particularly
5526,option,cover
5527,ok,American
5528,amount,former
5529,body,factor
5530,recognize,between
5531,lot,air
5532,order,movement
5533,far,try
5534,book,information
5535,close,serious
5536,result,hundred
5537,star,very
5538,less,change
5539,seek,create
5540,minute,learn
5541,over,the
5542,voice,him
5543,local,able
5544,owner,just
5545,floor,while
5546,later,begin
5547,get,official
5548,position,own
5549,reduce,clearly
5550,apply,follow
5551,step,minute
5552,condition,book
5553,include,employee
5554,special,despite
