9479,554,tell,long,Port Jacobborough,organization,fund,medical
14675,433,gas,build,Hernandezmouth,perform,black,garden
16580,797,enter,animal,New Jillland,choice,relationship,west
9538,974,call,four,West Eric,fact,last,memory
17077,917,ago,her,Changton,man,push,learn
9925,950,treat,low,Frenchbury,eight,my,green
14502,603,present,writer,Donnastad,among,wide,behind
10555,525,answer,remain,Colemanmouth,film,meeting,decision
13643,486,up,agreement,East Jacquelinechester,garden,anyone,put
8981,977,animal,stop,Grantstad,item,leave,natural
12961,477,see,mind,Penningtonport,attack,point,of
10704,698,bank,four,Adamstad,charge,building,top
10629,952,simple,hot,North Carmen,against,age,establish
14837,691,talk,quickly,Ballberg,by,explain,resource
14837,796,important,attorney,Shawnaborough,identify,vote,environment
12088,855,the,mouth,New Kimberlyhaven,much,purpose,visit
17076,270,tax,space,Zacharyland,sport,off,choice
9592,826,service,even,Melissaside,part,claim,break
13309,734,buy,remain,Wilsonborough,class,hundred,director
10113,285,right,sense,South Monicaburgh,you,heart,parent
10533,417,room,treatment,Armstrongshire,theory,break,read
11986,412,of,trial,Ryanmouth,discover,war,as
13612,455,test,be,Lake Dorothy,data,shake,single
12643,343,season,federal,Jonesland,college,lay,fund
17400,103,her,throw,North Ashley,deal,deal,director
13330,578,oil,degree,Lake Michelebury,first,simple,amount
17410,47,four,new,Melissaland,move,performance,long
9450,358,major,purpose,Annaport,step,ability,serve
9090,687,page,pressure,New Maryburgh,trouble,owner,relate
11293,102,international,skin,New Dana,support,purpose,represent
17081,810,decade,approach,Holdenhaven,writer,fast,company
17082,148,marriage,per,South Heidi,media,senior,his
15131,215,fund,never,Christinaberg,mind,total,future
9893,125,difference,adult,West Jennifermouth,budget,both,their
10952,559,plan,might,Eatonshire,room,other,such
12477,163,medical,safe,North Dana,ready,take,door
15454,71,party,young,Robertsbury,ahead,activity,success
13931,11,theory,concern,West Williambury,learn,wind,over
17400,426,discussion,risk,New Kimberly,mind,east,speech
13625,472,gas,space,Glasstown,ten,poor,forget
13880,819,recent,difference,Brandonfort,teacher,write,democratic
14844,678,room,Congress,Russellmouth,before,fine,travel
11513,222,grow,these,Adkinschester,game,inside,truth
10267,470,song,report,South Melissaland,by,bank,process
10145,304,rather,industry,Jeffreyville,case,too,college
17513,335,add,every,Lake Eduardo,happy,yeah,find
13465,386,want,including,West Jillchester,else,address,miss
13796,706,tough,concern,New Jerry,something,way,century
15049,645,current,town,Danielbury,learn,life,coach
10203,637,statement,hotel,West Kenneth,even,him,firm
9860,320,case,degree,Thomasport,despite,color,white
16326,965,language,determine,Pageside,people,begin,western
15664,360,actually,manage,North Maryshire,recent,officer,something
17044,507,wait,soon,Aliciaburgh,everything,president,cover
10546,328,recently,even,Burnschester,others,sound,themselves
14709,454,seat,professional,West Stephenstad,stuff,reason,accept
15471,795,whole,general,Donaldshire,work,society,time
14949,106,computer,budget,South Kelsey,goal,in,specific
13342,755,station,improve,Port Ronaldfort,he,year,difficult
16315,981,fire,after,Kimberlyfurt,anything,discuss,exist
10014,692,the,positive,Lake Baileyport,until,fly,feeling
17749,831,whole,free,South Shannon,side,threat,series
12410,140,opportunity,six,Cassandratown,worker,television,leave
17292,976,age,group,Biancaberg,mission,way,top
12604,986,property,big,West David,plan,he,address
11334,319,Democrat,watch,New Matthewstad,factor,red,campaign
16505,585,modern,color,Port Kayla,stock,general,experience
13467,397,itself,but,Elizabethmouth,night,young,practice
11671,617,serve,sister,North Jenniferfort,itself,turn,explain
11498,414,say,yet,Bushland,item,likely,kid
10995,956,off,peace,Dustinview,guy,ten,majority
12836,461,require,fish,New Steven,professor,employee,full
12479,331,manager,though,Patricialand,structure,indicate,green
14818,940,enjoy,professional,New Michellechester,health,maybe,cell
12279,368,too,year,Patelborough,authority,others,become
16924,347,exist,exactly,Johnsonton,arrive,ready,agree
11737,307,pick,white,Annton,sport,city,letter
12003,943,yourself,south,Richardburgh,view,cut,whether
9829,365,before,example,North Fernandoton,effect,table,billion
13504,485,sure,when,West Scott,anyone,improve,list
13924,368,name,author,Dannyside,without,hour,American
14488,20,receive,source,Hensonside,peace,but,clearly
16280,540,pretty,we,Lake Ryan,people,human,but
14943,139,against,huge,Coleview,this,offer,realize
16324,795,within,theory,Lake Michaelfurt,cost,agency,easy
13407,852,front,address,Teresaburgh,run,population,realize
14561,159,same,goal,Jonesside,shoulder,customer,include
8870,341,board,near,Rhondaside,future,attorney,that
15124,666,practice,true,Port Howardstad,debate,worry,wrong
15007,594,day,painting,Leefort,option,raise,account
13380,274,make,chance,North Lauriestad,although,role,modern
12143,789,admit,without,New Richardville,before,strong,degree
15848,627,candidate,family,West Kimberlyfurt,yourself,doctor,side
17943,58,major,simple,New Kevinland,view,so,purpose
13029,588,national,miss,Karenburgh,suddenly,upon,feel
16867,780,energy,understand,Port Jeffrey,head,Republican,good
16043,559,size,appear,East Anthonyhaven,year,federal,group
9219,273,mention,add,Bryanhaven,officer,Republican,station
17368,667,job,but,Rodriguezborough,talk,financial,ready
13984,480,nice,physical,Port Ronald,individual,half,hope
15081,19,school,street,Hernandezchester,several,far,institution
15578,456,create,impact,Moorefort,picture,company,member
11472,130,source,meet,North Alyssaville,exist,much,green
9467,781,thought,myself,New Anthonyside,help,account,question
14885,267,rather,challenge,Port Matthew,stop,lay,laugh
14057,722,including,argue,Bradyburgh,child,your,director
17524,42,top,perhaps,Rochaland,series,girl,in
9525,916,world,possible,West Whitneyhaven,fall,little,skin
15536,452,husband,movie,Hernandezport,window,risk,hotel
14216,958,heavy,back,Lindsayberg,adult,she,home
11938,875,there,Republican,Sandramouth,major,black,from
9854,513,charge,plan,Brownland,somebody,treatment,wide
10455,512,there,goal,Jameschester,sell,here,church
16375,782,wife,computer,Blackwellton,person,eye,together
13099,219,seven,class,Reneeshire,case,reduce,song
10907,586,present,around,Brownland,smile,stock,region
10873,486,turn,owner,Nguyenside,suggest,unit,both
15688,927,voice,key,Port Veronicamouth,course,move,impact
9321,58,remain,kitchen,New Thomaschester,miss,year,fear
15477,992,decade,training,Brianmouth,although,help,lot
9513,333,quality,law,Mclaughlinmouth,country,financial,base
17142,684,civil,agency,Mccormickton,role,sister,cost
15760,863,community,man,Sandraside,number,born,born
15632,132,receive,give,Taylormouth,wrong,course,time
8861,969,ten,level,West Laura,major,give,few
13900,537,however,class,Waltonstad,traditional,half,provide
10486,339,particular,spring,Lake Megan,cover,employee,reach
15826,71,any,paper,Gabrielborough,parent,child,table
14014,979,true,than,North Andrew,huge,series,necessary
10550,689,state,break,East Brianview,better,price,people
13130,779,he,woman,Karenville,animal,a,ago
11018,132,edge,party,Chenview,training,front,provide
11753,960,other,pattern,Wheelerburgh,prove,pull,agree
16819,214,simply,however,Lake Robert,action,win,long
14998,431,own,bar,Lake Michael,few,evidence,meet
11329,268,again,front,East Jesseport,class,respond,themselves
13204,194,ask,among,East Chaseburgh,design,yet,method
17330,741,send,walk,Brianville,paper,happen,east
9875,155,research,investment,East Brian,news,figure,source
11112,365,medical,size,Jonesport,group,size,page
16627,254,mouth,tonight,Port Stevenmouth,usually,reality,beautiful
16598,606,tough,idea,Guerrerohaven,fear,college,discover
12198,294,decision,try,Houseside,eat,music,none
8833,913,American,anyone,East Carrieberg,act,citizen,must
11640,170,off,not,Lake Keith,growth,phone,soldier
9381,737,score,could,Ericaberg,cell,education,short
16836,354,appear,speak,Crawfordbury,information,hit,brother
11040,510,ground,school,Oliviaside,traditional,entire,state
11501,68,politics,standard,Markshire,late,manage,energy
15226,481,education,forward,Joseside,kind,drop,huge
12221,691,arrive,wife,North Ronaldstad,account,nice,resource
14206,971,value,few,West Daniel,this,contain,other
9855,355,position,pick,Port Frankborough,site,test,fall
9994,477,study,scene,Nelsonmouth,base,visit,list
16059,531,hear,home,Port Jason,according,more,down
17755,327,already,focus,Thompsonfort,middle,choose,minute
16078,67,experience,majority,Jameshaven,catch,significant,hear
14296,203,development,such,Patrickview,outside,use,follow
17753,449,beat,security,Port Judith,among,strong,history
9697,874,process,film,Hendersonmouth,very,create,force
11124,27,home,stop,Sextonfort,hot,learn,actually
14144,453,ability,discover,South Davidside,future,recognize,special
10235,609,discuss,oil,Johnmouth,lot,deal,beyond
10899,370,degree,daughter,New Stephanie,nation,difference,perhaps
17258,706,and,democratic,South Joel,pass,item,fire
11993,113,wear,scene,New Juliemouth,character,matter,of
8965,631,force,deep,Jacobborough,treatment,line,word
15756,91,piece,well,Batesport,office,point,play
9395,396,process,player,West Kevinview,organization,road,simply
15067,613,whom,brother,Gomezland,end,sing,message
9671,809,tax,minute,Williamview,civil,health,affect
12325,488,standard,out,Weissland,organization,hear,case
11198,634,necessary,popular,Laurenhaven,through,century,on
11115,453,thus,well,Theresaville,admit,parent,yes
17943,701,through,growth,East Johnborough,car,admit,financial
13425,240,theory,newspaper,West Eric,current,current,benefit
12368,83,near,after,South Anitatown,successful,million,culture
17198,72,director,fish,Ashleyfort,perhaps,guy,article
17603,775,hundred,strategy,Pattersonbury,enough,leader,eye
15940,456,hair,sort,Williamtown,source,evening,heavy
9320,826,force,indeed,Joebury,bring,ability,us
9651,265,wonder,question,Andrewville,avoid,food,its
13350,549,nor,suddenly,Patrickside,prevent,school,reflect
15031,301,discover,card,West Travis,shake,address,threat
9954,312,couple,rate,Lake Juliehaven,for,black,hit
9043,933,realize,product,Port Meredith,reality,this,civil
9802,203,tonight,bring,Leeview,account,turn,reveal
10453,873,myself,animal,South Robertshire,take,floor,lot
13656,416,commercial,month,West Jonathan,artist,try,responsibility
11897,239,over,manage,Martineztown,rate,show,either
13866,571,what,war,East Clairemouth,idea,there,back
10401,949,weight,bit,Johnathanfurt,way,long,worry
10099,321,include,onto,New Dakotatown,certainly,friend,short
9410,696,central,leg,Harrismouth,above,middle,rise
16358,243,my,mind,East Deannashire,amount,situation,draw
16216,12,dream,still,Mitchellburgh,prepare,north,knowledge
11736,962,become,one,South Jessicahaven,decision,cost,real
9224,716,every,scientist,New Brad,join,answer,receive
17036,335,gas,enjoy,Collinsfort,head,view,enter
13407,693,throw,provide,South Corey,figure,class,beyond
15180,317,forget,market,West Victoria,upon,gun,under
17223,871,responsibility,senior,New Josephville,be,write,food
13696,413,unit,drug,North Christine,show,show,history
13175,346,eight,next,Port David,source,watch,local
9481,44,billion,medical,Thompsonland,dream,because,choose
17106,309,president,kind,South Jesse,property,suddenly,specific
13723,523,still,minute,Lake Kimberly,size,admit,read
10002,516,reduce,difference,South Tinachester,try,also,you
14323,51,heart,behind,Sanchezshire,senior,face,name
15414,90,term,able,Hollandmouth,speech,environmental,nor
13499,43,sense,coach,Torresfort,economic,worker,discover
9747,899,me,month,East Brittneyborough,this,heavy,push
10139,18,yeah,manage,Alberttown,fill,wide,store
16458,36,husband,bad,Kleinfurt,forget,cost,think
13349,938,reveal,notice,East Kimberly,note,total,choose
12276,402,where,purpose,North Jeff,decade,word,thus
11398,244,center,condition,Port Tinaberg,me,official,six
17702,711,management,both,Joshualand,environment,accept,state
17148,592,phone,here,South Hannah,answer,born,particular
10708,56,friend,down,East Christopher,media,also,successful
10877,733,law,east,Lake Ronald,white,exactly,mouth
13236,217,ever,rise,Port Michelle,meeting,as,director
14892,635,environmental,show,East Davidmouth,industry,who,majority
12618,226,improve,speech,Victortown,man,condition,upon
17714,52,various,fund,East Hollymouth,stage,weight,old
17802,340,ability,face,West Tammyville,if,again,sure
8869,74,Republican,picture,Lake Ashley,traditional,pretty,either
13700,375,participant,a,East Charles,community,wish,manager
13589,399,national,peace,Weberchester,morning,popular,sort
17613,787,player,couple,Port Troy,think,main,despite
8932,561,give,base,West Prestonborough,small,law,where
14329,655,reason,one,Jamesland,fish,look,might
14569,262,wrong,along,New Todd,word,sometimes,wish
11632,867,experience,stock,Patriciahaven,state,ready,use
14172,775,kitchen,sure,East Alexandra,entire,majority,ability
12470,68,series,them,East Rachelchester,dog,laugh,institution
11471,501,authority,break,Thomasside,none,help,clear
9551,351,market,more,Deannachester,exist,run,big
11125,715,new,red,Rebeccaton,industry,agreement,history
16927,656,north,not,Archerville,check,line,own
10161,245,thousand,contain,Davidmouth,throughout,discuss,fact
11672,14,learn,address,Jamesburgh,next,step,natural
12048,608,beat,store,Port Wendyland,before,her,help
10432,673,decision,wish,South Amanda,last,of,help
17741,301,claim,which,Williamsfurt,present,talk,bad
10793,678,write,fight,Smithburgh,run,and,free
12932,310,choice,medical,New Denise,current,your,account
9047,847,receive,later,South Meganburgh,answer,cost,century
15103,819,myself,stage,Hessburgh,air,own,decide
9551,360,enough,prepare,New Michael,smile,join,seat
9404,587,order,eye,Richardfort,early,hand,society
12716,680,national,receive,Lake Patricia,television,evening,fish
14135,423,something,hand,Johnton,always,bag,girl
17061,147,happen,trade,New Williamchester,trial,indicate,third
13168,637,some,book,Henryshire,thing,they,easy
14980,818,term,receive,Erinview,war,social,firm
14235,331,probably,full,North Heatherside,drop,approach,rise
17887,44,social,mention,Phillipsshire,tree,explain,face
10056,371,until,land,Fitzgeraldbury,spring,message,sense
13463,589,describe,four,East Karina,another,bed,prevent
10440,208,hospital,message,New Rosebury,actually,food,hand
16621,492,new,factor,North Christianborough,college,before,three
14576,872,water,international,Colleenberg,summer,police,option
17539,496,staff,person,Richardsonfurt,our,decade,somebody
12005,592,effect,face,East Jay,woman,million,art
11264,423,over,radio,North Joann,shake,officer,care
13918,761,resource,matter,Laurachester,wish,onto,red
16607,426,wrong,cultural,Fordport,great,million,politics
9969,828,network,professional,Port Mary,quickly,hot,report
16139,48,kind,growth,Lake Joymouth,ready,whom,agree
13719,935,factor,role,Port Danielport,medical,within,long
16567,959,he,wide,Hammondfurt,oil,south,trip
11536,125,state,speak,West Lori,civil,air,buy
16130,463,song,better,Anthonyburgh,class,article,teach
15590,493,least,check,West Kristi,radio,because,economic
13925,388,better,crime,Port Thomas,her,point,card
14039,537,chair,create,East Shanestad,would,give,too
17187,902,during,energy,Port Robert,another,establish,population
10748,1,act,lay,Lake Alexandrahaven,admit,since,piece
13577,764,later,power,New Diane,girl,treat,story
14838,757,deep,development,Port Tracy,student,activity,home
16337,773,difference,hour,Patriciafurt,music,political,evidence
10214,522,light,seven,Danielhaven,moment,range,all
10148,184,lawyer,where,South Jennifer,too,trip,natural
17555,957,if,month,Stephaniemouth,huge,positive,in
10680,869,available,carry,South Calvinside,her,what,good
15918,476,structure,democratic,Mcdonaldland,seat,various,bed
13985,169,company,image,Nathanville,arm,arrive,change
17545,715,because,citizen,Meganberg,their,century,hand
17597,225,business,show,Janetfort,produce,pattern,sense
12790,583,student,behavior,West Maryfurt,class,local,picture
14100,590,three,personal,Kylebury,organization,method,spring
11584,698,worry,world,Ginaton,organization,either,key
12039,446,onto,issue,Mcfarlandmouth,lay,special,glass
17297,917,cultural,situation,South Christopher,there,southern,expect
9046,722,we,describe,Michaelaview,avoid,move,put
11018,384,daughter,better,Sharpville,air,Democrat,base
14548,169,high,record,Port Jennifershire,front,arm,care
12803,117,system,I,Paulmouth,huge,occur,and
16345,24,according,growth,Wongshire,finally,value,media
13194,270,market,enter,Michaelberg,central,site,although
16275,744,prevent,improve,New Shannon,spring,who,trip
12217,870,nothing,near,Josephside,decision,government,knowledge
12916,573,quality,quickly,New Paulafurt,apply,share,anyone
17646,522,letter,tree,Port Elizabeth,I,early,know
14319,991,color,heavy,Hernandezview,cost,long,stock
16913,294,also,total,Michaelview,TV,draw,game
15286,710,important,find,Kevinstad,ten,trial,son
9504,998,society,soon,Jenniferfort,body,cultural,enough
16049,364,to,that,Kelleyhaven,low,return,just
14547,85,environmental,half,Smithview,they,set,marriage
11889,225,step,under,New Jessica,way,mouth,bit
15594,418,majority,movie,North Heather,pattern,role,condition
9526,495,six,music,Jenniferborough,state,we,ask
14320,857,help,defense,Aliciatown,late,radio,one
10176,952,most,understand,South Connietown,such,develop,position
17350,411,his,finish,Lake Deborah,treatment,entire,case
14925,727,know,source,East Carolhaven,while,enter,natural
17776,299,new,line,Gregoryberg,team,player,try
11922,170,though,trade,Hernandezborough,phone,table,could
16973,756,customer,material,Port Edwardtown,campaign,film,word
13439,875,brother,include,Teresashire,fact,little,your
12969,821,remember,body,Burtonburgh,economic,still,avoid
11320,171,hope,us,Mcgrathberg,voice,difference,police
12006,770,perform,around,Baileyville,result,behind,identify
9178,339,happen,somebody,Byrdfort,follow,agree,reflect
10247,990,modern,hand,Ochoashire,road,decision,goal
17708,906,girl,condition,Port Vanessa,particularly,best,call
13284,208,put,want,New Veronica,sing,drive,hot
9633,316,one,lawyer,Port Hannah,model,concern,television
10835,724,television,argue,Velasquezview,along,actually,almost
16691,397,reflect,drug,Christinamouth,suggest,partner,continue
16961,501,green,institution,Port Elizabethside,between,catch,fire
15777,142,cover,represent,Melissaside,call,thus,which
13750,624,mean,star,South Kayla,tree,involve,rich
9676,630,left,rule,West Sarah,individual,television,such
17277,920,billion,drive,Wilsonstad,service,hit,few
15449,731,fly,while,North Kristinestad,together,final,author
15010,251,charge,start,Timothyland,fear,herself,conference
14567,93,summer,your,Millershire,body,story,last
13588,978,draw,sign,Schneiderstad,himself,suffer,government
14012,350,store,both,West Ambermouth,among,order,daughter
11409,23,season,system,Matthewfurt,kind,edge,lead
8974,557,look,wish,East Denisestad,student,help,with
17972,785,physical,available,Stephanieside,state,reach,another
12888,332,create,seat,Edwardshaven,follow,body,two
17439,895,civil,compare,West Carmenbury,even,win,before
13082,225,seem,race,Williamfort,campaign,play,field
11979,147,institution,five,Port Kimberly,part,like,national
10075,403,eat,peace,Lake Steventon,hear,draw,maybe
10531,79,father,wide,Sanchezshire,eight,special,what
16984,787,agree,so,North Brian,way,less,win
16221,472,heavy,white,Jamesview,with,buy,campaign
14118,892,unit,but,New Kevinchester,him,score,director
10330,159,rise,have,Jonathanfurt,eat,subject,support
10799,212,evidence,thus,Perryborough,manage,low,matter
9515,139,note,among,Johnathanview,someone,site,very
15353,791,look,ever,Brittanyborough,fly,dinner,participant
9515,289,party,student,Johnsonland,make,race,election
16698,984,audience,like,East Juliehaven,two,put,choose
15617,137,realize,mother,Port Lawrenceland,wear,sister,money
15039,151,environmental,focus,Marshallstad,part,environmental,real
9569,598,whatever,reason,South Lisa,raise,authority,example
9761,103,doctor,interview,Alanbury,result,energy,since
15832,508,evening,sign,Grahammouth,indicate,above,ever
9689,908,lawyer,dream,Nicoleburgh,over,catch,skill
16193,636,spend,into,Atkinsburgh,floor,choose,political
12303,704,Congress,significant,Tammymouth,both,good,many
16598,326,north,method,Port Mallory,over,discover,blue
15044,481,employee,meet,Russellport,although,agree,American
15314,918,thought,early,North Wendy,about,bit,dream
9852,316,population,wear,Grantbury,stuff,live,two
13226,781,or,speak,Bowenfurt,method,free,just
13477,751,ability,some,Jamesfurt,edge,democratic,practice
12694,256,meet,must,West Steven,tell,someone,campaign
15392,922,none,technology,Stephanieborough,area,next,board
15945,178,maintain,notice,East Lorichester,word,be,treat
11110,741,reality,likely,Timothyshire,plant,tough,history
13650,803,front,treat,New Jason,card,blue,know
11915,338,none,stage,Batesville,produce,debate,including
16603,964,send,agree,East Katherineburgh,decade,account,specific
14468,858,school,quality,Woodville,state,direction,decision
17321,977,several,development,Port Anthonyville,candidate,see,allow
14173,64,form,care,Stokesshire,simply,car,board
15112,943,television,father,South Ryan,level,bar,bed
8903,499,class,include,Matthewport,thought,perform,risk
9794,809,whatever,middle,New Michael,realize,necessary,attorney
9947,181,candidate,should,Nancyview,bank,from,onto
14968,351,improve,behavior,Feliciamouth,sure,fill,behavior
9907,217,career,activity,Dalefort,gun,amount,long
16184,45,figure,age,North Matthewside,first,last,plant
11381,660,end,weight,Lake Karen,cultural,by,simple
17068,337,recognize,live,Jonesville,finish,once,reach
10882,56,city,maybe,Hayestown,support,accept,treat
15826,18,carry,year,Port Heatherberg,event,into,matter
13298,590,such,me,Jenniferbury,himself,all,sport
16978,883,sea,speak,Kendramouth,staff,somebody,sure
16157,91,exist,answer,East Ashley,skin,fire,seem
17436,113,recognize,everyone,Michaelfort,research,quickly,remain
8914,896,single,send,Caldwellburgh,task,music,feeling
10656,449,mind,put,East Elizabethmouth,job,themselves,get
17638,575,idea,society,Jamesshire,break,drop,something
17476,528,business,tree,Yolandamouth,on,have,doctor
14537,233,thus,thank,Lopezstad,rest,many,fear
13252,10,a,security,Williamville,approach,other,debate
15419,628,wrong,which,West Anthonytown,seat,lose,value
13351,38,yeah,write,East Charlesland,structure,across,become
12875,330,garden,send,Christopherburgh,wife,newspaper,let
17517,718,check,point,Mossburgh,try,movie,almost
9539,525,tree,improve,Boylehaven,task,security,hit
15050,554,possible,wrong,Briggsport,control,prove,skill
16175,323,explain,receive,East Jessica,born,specific,maintain
16820,662,why,happen,East Melissamouth,sign,chair,range
11473,542,want,north,Zunigafort,hope,gun,wish
17169,886,well,my,Angelicaborough,thus,style,PM
11940,883,few,international,East Justinberg,meeting,former,cover
9815,374,movement,behind,Danashire,good,indeed,usually
13814,485,executive,forward,Lake Theresa,Congress,idea,understand
11861,645,happen,travel,East Brittanymouth,perhaps,every,defense
8838,686,month,economy,Jenkinsmouth,teach,speech,pretty
9870,964,bring,environmental,Donovantown,democratic,financial,how
11716,661,garden,score,New Cameron,receive,drive,administration
14840,735,player,according,Stacyview,vote,step,doctor
11641,662,than,throughout,East Ryanborough,question,their,strategy
15217,389,free,certainly,East Cameron,then,high,article
12946,675,rate,stand,Alyssahaven,city,sort,interview
10103,616,meeting,view,North Deannafort,property,defense,hot
15732,784,inside,board,New Nicholasmouth,moment,find,point
9717,527,public,travel,East Susanland,build,on,market
11951,936,age,summer,Dominguezton,might,smile,research
16745,749,exactly,PM,West Karen,near,look,before
14430,595,work,generation,Haroldfort,rate,list,rise
12423,890,current,degree,Flemingview,hotel,everything,guess
12655,466,throughout,age,West Katherineview,against,religious,today
9784,165,past,final,West Robinshire,guy,receive,party
11595,244,foot,a,Ianside,hour,country,put
13781,895,site,admit,Clarkland,born,throughout,mother
16320,912,admit,from,Leeshire,population,billion,feel
14799,411,statement,perform,North Amy,which,dog,six
12669,163,week,clearly,Kellyburgh,never,something,himself
11967,552,Mrs,hand,West Beverlyton,task,crime,oil
10502,742,cause,student,East Jenniferstad,move,capital,ever
14246,184,hit,ask,Joseville,successful,general,environment
14578,192,thank,health,Pittmanmouth,still,yeah,or
17723,452,capital,like,New Larry,happy,benefit,billion
16548,625,themselves,summer,Hardinborough,coach,sea,hair
9958,263,two,husband,Gravesville,health,behind,indeed
16353,70,program,employee,Port Erin,station,throughout,effect
15364,255,these,whom,New Patricia,value,get,seek
14864,302,left,condition,Samanthaville,military,end,simply
9901,627,southern,spend,Dunnfort,remain,century,court
11514,769,style,then,Flynnborough,face,everything,throughout
16033,189,least,claim,Turnerport,we,wall,nature
15542,53,mission,example,New Linda,tax,large,success
12453,245,simple,poor,Moorechester,put,of,record
9052,594,agency,responsibility,Lambstad,act,everybody,place
16163,1,kitchen,office,Mitchellstad,wrong,camera,experience
9457,599,beyond,develop,Loveton,should,style,without
9583,615,me,ten,Lake Maria,year,increase,situation
9923,634,guess,front,Shannonburgh,so,service,large
14364,445,environmental,small,Mercadoview,ten,heavy,out
10764,660,herself,street,Alvaradoview,director,card,idea
11281,555,where,painting,Torresview,how,instead,development
14421,194,control,class,Bondside,to,go,and
12801,854,main,return,Phelpsview,system,effort,morning
17276,80,his,such,Lake Antoniomouth,analysis,shake,college
10306,84,seem,nearly,South Daniellefurt,huge,mission,ago
8943,169,hear,return,Nicolebury,teacher,perhaps,between
9659,796,blue,could,Port Amber,audience,great,grow
12946,223,condition,statement,Port Kristin,wear,experience,approach
12464,521,difficult,my,North Eric,laugh,least,threat
14213,668,require,go,Port Kimberly,strategy,short,agency
12322,829,describe,source,Port Davidshire,born,generation,camera
11270,849,minute,white,South Robertville,live,month,training
9431,578,image,serious,North Lisa,method,painting,thing
10370,286,option,case,Collinsmouth,morning,billion,stuff
11700,63,wife,citizen,New Taylorshire,bank,study,line
15501,523,imagine,media,Lake Randy,maintain,stop,old
17163,492,reason,sometimes,New Cassandra,operation,life,heart
17879,7,option,produce,South Robertside,TV,important,there
15435,540,my,heart,West Rhonda,decade,seven,else
14794,682,his,whatever,Port Samanthaport,research,interview,suddenly
15704,593,sign,short,Shannonborough,marriage,everybody,fact
11169,606,see,series,Port Lauraton,dark,meeting,particularly
14350,631,discuss,under,Blakebury,song,race,learn
11716,36,arrive,attack,Austinmouth,station,develop,explain
12516,226,go,expect,Mendozaburgh,direction,owner,early
16655,979,program,tax,East Jessicaville,claim,mean,concern
14385,868,prove,relate,West Evan,enter,no,artist
15286,174,adult,economy,Willieport,letter,physical,actually
16843,62,image,speech,Christophermouth,summer,treat,indicate
10174,557,task,lot,Potterburgh,PM,let,about
12112,223,at,trouble,Parkermouth,entire,discussion,true
15011,419,capital,ground,North Pamela,available,take,this
11995,651,with,meet,Cruzview,hair,high,experience
14756,966,name,yard,Lake Alexanderberg,tend,people,during
9075,654,relate,age,East Michael,particularly,others,effort
17368,523,radio,although,Jacksonchester,pattern,close,collection
16625,72,exist,here,Carneyfort,town,top,people
15018,145,she,skin,South Albert,learn,fish,radio
12452,672,up,score,New Harry,themselves,read,child
9640,952,learn,break,West Victoriabury,week,environment,because
17366,487,whether,series,Wallaceview,long,enough,leg
10448,817,cell,than,Frederickmouth,opportunity,reflect,billion
15914,13,guess,national,East Randy,mission,soon,agree
9624,973,seek,behavior,Marisafort,month,rich,option
14121,622,open,painting,Perezstad,mission,unit,thing
10738,269,cut,fly,Rojasshire,wall,couple,case
9482,910,skin,bar,Hannaton,meet,article,not
9155,797,blood,human,Lake Maryshire,voice,company,born
15799,335,risk,sense,Port Nicholasborough,move,within,show
15635,540,rich,positive,Davidsonfurt,animal,prepare,may
16583,429,watch,something,Stevefurt,resource,firm,forward
13994,679,vote,big,South Phillip,left,happen,reality
12865,274,involve,economic,Lake Veronicabury,source,mother,north
10832,949,buy,church,North Victoriaton,month,drug,strategy
17874,395,score,audience,North Jeffrey,pass,song,claim
13806,490,law,speak,Derrickmouth,red,look,region
17850,427,national,sense,Vasquezport,trouble,name,author
15159,646,accept,way,Port Loriside,spend,lawyer,kitchen
17852,270,social,physical,East James,tell,power,series
17761,770,they,public,Smithberg,cover,world,first
14094,878,remain,its,Lake Josebury,close,race,rest
15305,5,fire,third,Martinezfort,should,yeah,prevent
14219,948,range,soldier,Lake Heathershire,yet,dream,sense
10669,215,compare,important,South Jamie,reflect,action,somebody
9249,838,industry,reduce,Christinebury,not,wear,show
13435,185,personal,rather,Travisberg,up,room,than
10756,962,window,half,East Madeline,adult,speak,know
11360,591,mission,responsibility,West Nicholas,away,indicate,result
14285,472,away,family,Port Lori,lawyer,billion,huge
8968,374,represent,white,Mitchellfurt,join,staff,film
14873,502,quickly,hundred,Port Emilyburgh,dinner,certainly,happy
9483,762,sort,someone,Cobbfurt,usually,operation,according
16882,864,half,walk,Jorgemouth,main,pass,time
10581,976,poor,final,West Sylvia,job,give,community
10017,494,follow,sound,Port Lisaberg,different,particularly,task
9152,400,movie,along,Christophertown,rise,view,seem
11213,933,watch,long,Port Kellymouth,story,develop,on
15228,781,social,red,Mcdanielchester,write,create,yet
13203,761,talk,particularly,Lake David,explain,bar,three
10475,218,law,sure,Lake Joshua,within,use,someone
16404,901,by,amount,Johnsonshire,difference,exist,your
8934,316,suddenly,anyone,West Amandamouth,our,measure,despite
13604,323,kind,these,South Ronaldshire,mother,production,put
17356,508,participant,experience,Valdezview,the,economy,put
10863,873,information,wind,South Veronica,take,through,whatever
15726,11,well,factor,Jesseborough,maybe,protect,quite
13223,488,enter,discussion,Lake Holly,create,reduce,away
12067,533,behavior,quickly,West Marissa,already,growth,impact
17819,365,give,remember,Millerchester,nearly,student,billion
9253,596,carry,compare,South Sarahport,such,which,agency
16081,497,right,resource,South Audreystad,nor,continue,pass
11509,904,some,news,East Ericborough,while,do,I
11657,824,goal,people,Wallaceside,sport,toward,floor
9665,406,order,pay,Robertsside,quickly,son,effort
15313,492,across,anyone,Port Sarah,no,president,evidence
14859,615,success,exist,Harrisbury,structure,happen,measure
10001,273,dark,many,North Amber,leg,trade,involve
9327,901,area,day,North Christine,manager,must,represent
15483,10,who,science,West Raymond,under,five,world
17307,269,fear,body,Jonathanborough,wife,these,capital
9389,710,type,much,Ellisshire,age,contain,drug
9255,730,role,else,North Cindyside,garden,edge,list
13371,417,born,institution,New Victoria,customer,southern,push
13854,277,air,feeling,Vanessachester,recently,local,new
13518,997,which,away,North Sarahburgh,direction,modern,society
17212,318,crime,else,Jenniferland,eat,father,whose
10746,815,parent,class,Jacksonside,do,according,set
10000,270,image,want,West Samuelton,mouth,daughter,star
17673,498,service,suggest,Jessicachester,radio,world,woman
9875,874,laugh,they,Tuckerbury,action,including,ahead
11175,721,of,stage,Port Melissa,society,positive,place
13881,944,still,relationship,East Alice,successful,may,along
16794,462,behavior,possible,Riosfurt,specific,science,day
16533,265,body,moment,South Dawn,nothing,character,require
11300,702,else,behind,Estradafort,high,test,black
13618,906,issue,central,Hodgehaven,total,strategy,billion
14748,102,better,candidate,Lake Jason,phone,moment,another
13133,785,remain,about,Andrewmouth,something,cold,six
9721,144,radio,admit,South Petermouth,fund,design,build
10228,681,news,positive,Garrisonfort,happen,all,fly
12748,48,likely,pass,Jamesshire,short,main,likely
12117,606,others,bag,Grayton,memory,to,toward
12163,264,cultural,subject,Port Katherineport,them,line,far
15924,75,economy,happen,Paulashire,statement,spring,owner
12598,565,moment,under,Riggsburgh,front,well,red
16395,474,hold,news,West Christopher,view,guy,my
11147,800,left,under,South Claudiafort,service,lay,college
9612,988,project,husband,Christopherberg,ball,prove,key
11675,256,nation,east,Port Tommy,money,instead,money
17750,463,itself,water,Sallyborough,article,ask,it
9311,164,newspaper,pass,Davidberg,consider,may,join
17646,381,teach,fight,Baldwinstad,state,organization,case
14738,128,else,husband,North Ronald,condition,daughter,floor
15466,18,get,economy,Port Janiceburgh,every,heavy,accept
13011,424,hospital,clear,Jasontown,many,amount,effort
11814,361,watch,may,Farleymouth,enough,condition,health
10209,950,become,prepare,Joneschester,do,expect,over
16218,72,never,picture,Kimmouth,with,major,two
12905,36,bed,inside,North Dawnmouth,nation,situation,recent
17819,112,him,person,Nicolehaven,decide,budget,score
16802,602,coach,employee,South Kimberly,agree,stay,discuss
15326,633,walk,president,Port Danieltown,decide,month,positive
13772,663,value,difference,Amberchester,without,to,rate
17718,711,maybe,since,Mccoyview,century,tax,look
16221,490,between,out,Allenburgh,hard,little,song
14087,663,across,born,Robertahaven,oil,guy,report
15237,735,main,everybody,West Angela,most,central,since
9471,271,employee,during,Lake Sarafort,vote,yet,happy
12119,213,their,story,Elliottburgh,trouble,huge,reflect
11278,586,rest,loss,North Catherine,main,see,plant
16020,287,television,house,East Sethstad,quickly,while,interesting
11919,486,either,history,West Mauricechester,maintain,ready,sister
10404,97,before,improve,Courtneybury,both,pattern,base
17509,174,somebody,bed,Beckyburgh,camera,professor,her
17374,16,hear,idea,Guerraton,which,maintain,world
13761,680,they,firm,North Kimberly,something,though,Congress
14532,672,beautiful,gun,Port Mauricemouth,person,within,visit
12106,909,data,public,Thompsonfort,word,share,continue
11142,836,expect,might,South Tracy,myself,while,husband
14852,193,create,expect,North Deborahburgh,between,enough,everything
9211,897,how,rule,Angelaton,check,describe,bring
17713,565,quite,stand,Markton,couple,should,allow
16871,374,budget,news,Georgechester,like,be,chance
17213,801,collection,see,Welchmouth,score,despite,education
11249,250,defense,worker,Gardnerfurt,wind,these,magazine
12194,716,resource,shake,East Eric,mission,game,conference
15348,191,too,source,Port Sarah,do,million,many
10731,891,way,couple,Port William,ability,small,forward
8950,903,minute,order,Johnmouth,health,national,student
17481,644,stay,couple,Jacksonland,my,north,realize
11922,436,under,order,East Carolyn,mother,enjoy,happy
11923,542,newspaper,become,New Davidbury,begin,decide,administration
17761,225,article,people,New Edwardfurt,light,instead,nothing
9209,158,attention,run,Wayneshire,win,Congress,cold
10229,320,after,watch,South Anthonymouth,according,wind,color
16826,55,forward,benefit,Lake Lisa,visit,sit,some
10562,755,stuff,exactly,East Karen,reason,eight,focus
14717,831,heavy,miss,South Katherine,ball,they,the
9086,463,center,third,Sharonside,thousand,figure,federal
10150,311,accept,trade,Kellyport,Mrs,thing,begin
9761,590,since,open,Lake Kevin,according,while,wish
13901,799,assume,executive,New Kathryn,science,nor,might
14457,548,article,sort,Vaughnborough,former,face,series
16713,567,west,particularly,Mooneystad,consumer,myself,environment
17236,237,hope,star,East Mary,support,forget,cause
16793,256,continue,face,Lake Hannahmouth,film,majority,black
11476,523,Mrs,thank,Carrville,six,enter,test
13368,233,majority,try,Derekborough,every,or,born
17660,440,democratic,right,East Valeriestad,large,better,area
13320,112,store,area,Summersmouth,pass,system,language
12786,41,cause,number,West Christinaborough,share,health,continue
10357,373,drive,still,Janetland,cost,discuss,ask
13855,541,exactly,team,South Mary,laugh,else,argue
12069,419,station,billion,Wandafort,since,can,score
12436,929,strong,season,East Davidstad,night,pretty,coach
17096,919,type,yet,Nicholasland,rule,yard,once
9553,428,determine,fly,Fitzgeraldhaven,grow,laugh,college
10374,967,first,story,Joeville,break,become,big
16443,1000,call,model,Dylanland,need,teacher,beyond
16537,238,do,chance,Christinefort,water,never,table
15111,831,whether,language,West Jessica,move,time,kitchen
11823,458,term,attorney,East Juan,management,simple,participant
14280,272,forward,worker,West Terryfort,hand,for,Mr
8990,871,tax,trade,Muellerbury,for,time,themselves
15620,386,health,front,Alexandermouth,it,one,would
13836,760,care,seat,Francisburgh,skill,rich,author
15293,465,bad,child,West Bryan,conference,federal,successful
9327,911,argue,upon,North Seth,office,small,term
13560,727,store,six,Emilyview,manage,exactly,these
16818,859,public,push,Jenkinsbury,police,power,many
12540,877,house,knowledge,Jenniferburgh,attention,Mr,front
10873,422,budget,week,Callahanville,bring,thus,enough
9617,799,defense,college,Adammouth,recently,nation,lawyer
15881,728,big,miss,Port Troy,help,too,article
17606,928,him,a,North Melissa,public,machine,include
17438,33,quickly,ago,Patelmouth,public,meeting,plan
15360,900,evening,rest,New John,once,task,discover
15209,258,third,leave,Shannonchester,draw,middle,after
11334,477,instead,subject,Martinmouth,beat,learn,strong
15248,761,fear,week,New Davidborough,dinner,rate,political
9052,508,west,politics,East Sandra,fire,budget,young
10341,369,loss,card,Turnerside,push,mean,leg
14569,964,from,region,East Kendra,fish,light,top
16275,495,keep,theory,Sarahton,when,go,ten
15108,121,message,born,Port Jaredstad,present,medical,at
11018,189,expect,order,Port Natalie,start,cup,may
15738,722,ball,laugh,West Guymouth,probably,down,window
14437,59,unit,last,Scottfort,draw,physical,address
13739,203,her,finish,Moralesfurt,until,firm,decide
15714,892,play,want,Jonathanshire,final,current,step
15527,312,available,north,Mullentown,feel,main,man
15390,45,fine,teacher,East Brenda,require,determine,nearly
14668,56,two,per,Harrisonhaven,morning,deal,since
13969,771,there,late,Millerville,especially,discover,model
15988,852,yet,senior,South Linda,game,sea,he
17271,666,often,modern,Karenshire,enjoy,choice,treatment
10195,267,lose,ten,North Katherine,daughter,power,free
16658,96,safe,old,Michaelport,here,market,during
13891,416,finish,early,Charlesmouth,decide,do,family
11615,304,experience,management,Wandaton,trouble,free,financial
15348,791,set,say,Lake Trevormouth,during,specific,daughter
10217,383,family,unit,Port Brianna,nor,deal,task
14750,276,heavy,up,Lauraside,here,his,go
12078,92,responsibility,true,Victoriaborough,tell,new,middle
13706,676,head,across,East Billy,score,bad,hour
12022,330,never,store,Port Lindseyfort,next,action,must
9458,136,similar,blood,South Justinfort,court,entire,writer
12146,205,defense,among,Camposville,approach,clear,manage
14620,943,different,finish,New Danielborough,my,laugh,leg
15246,416,whether,difficult,West Feliciaborough,soldier,level,fight
14686,817,Republican,law,Herringside,news,often,include
12077,678,oil,argue,Ramosburgh,thought,yet,energy
9659,325,since,treat,Adamborough,from,couple,article
9240,523,ability,wait,North Paul,reveal,hard,discover
16164,792,tell,number,East Ruthburgh,guess,week,check
12992,19,necessary,purpose,West Ronald,note,large,study
13035,588,fight,authority,West Lisashire,type,change,west
11481,486,door,responsibility,Port Cliffordmouth,dark,exist,trip
12583,639,management,painting,Woodardside,special,great,thing
9526,449,sign,throw,Aliciamouth,only,care,leader
12371,943,born,husband,Bradleyland,arrive,development,sometimes
14423,624,pick,maintain,Amandamouth,political,computer,walk
10817,286,yourself,gun,Shelleyhaven,body,general,shoulder
11217,890,style,analysis,Ryanhaven,accept,language,far
11021,437,middle,over,East Travisport,possible,either,society
10644,675,democratic,other,Douglashaven,add,out,save
13729,965,finish,name,Port Terrenceton,receive,however,yourself
11938,894,security,keep,Heatherbury,budget,own,necessary
11688,454,institution,remember,South Derek,themselves,case,light
9671,299,seek,choice,Connorville,which,low,huge
14860,626,major,yourself,Chrismouth,professor,commercial,finish
17404,136,build,too,Johnburgh,order,some,media
13662,477,seven,available,Davisberg,Mr,director,majority
15978,766,explain,edge,Washingtontown,feeling,discuss,organization
13503,471,arrive,light,Stephenside,despite,kind,without
13551,371,our,again,East Mark,grow,side,positive
9100,592,difference,economy,Lake Tina,six,just,agent
15073,495,child,case,Laurachester,crime,six,draw
15247,949,record,as,Christinabury,beyond,offer,crime
12043,325,different,others,South Thomasshire,probably,part,near
15410,312,decade,form,Lake Laura,western,manage,little
14460,692,year,record,Meyersport,long,food,body
16265,380,hour,education,Robinsonshire,well,walk,meet
11037,688,well,career,Melissamouth,medical,trial,action
17743,994,five,song,Scottside,among,modern,second
17098,15,when,work,West Julia,side,range,human
14688,964,quickly,month,Port Ivanstad,pull,thought,war
11318,859,director,from,New Ryanstad,focus,account,light
15000,576,audience,past,Brittanyhaven,successful,bill,realize
10797,235,phone,ago,South Katieside,network,more,town
14030,345,south,drop,Boydhaven,enough,possible,finish
11056,885,most,unit,Goldenfurt,billion,gun,left
12231,262,now,company,Toddhaven,though,serious,item
17285,704,unit,agency,South Peterland,them,visit,before
12671,149,car,nor,South Michelle,child,call,firm
9968,231,exactly,manager,Nicolechester,result,evening,manager
15671,900,daughter,great,Lake Shanehaven,central,resource,opportunity
15517,811,open,strategy,Catherinebury,little,term,serious
10957,33,summer,sometimes,Moranton,lose,who,eat
13573,507,able,generation,Richardbury,have,model,across
17039,824,increase,adult,West Kristenmouth,lead,offer,open
16623,931,possible,head,Lake Samanthamouth,like,rock,off
17750,810,question,already,Veronicachester,of,treatment,wonder
9741,150,vote,responsibility,East Brittanyborough,form,college,property
11956,129,Mrs,allow,Bowenville,that,economic,speech
13443,193,chance,down,North Lauren,air,speak,smile
10909,457,contain,current,Lake Alexandraborough,prevent,model,finally
14835,860,concern,food,North Megan,three,clearly,me
9099,16,member,student,West Anthony,draw,reason,avoid
10873,376,idea,chance,Port Margaretton,major,station,standard
13312,579,part,interesting,North Michaelton,or,do,per
12920,47,report,protect,South Debraton,especially,method,space
15845,551,main,heavy,East Scott,institution,term,actually
13499,826,fine,many,Smithborough,set,else,three
9392,111,by,suddenly,Lake Madison,baby,small,rise
17847,776,form,last,East Johnview,physical,total,their
12723,436,economy,report,Gonzalezborough,carry,lose,account
10278,719,rate,position,Lake Alyssa,idea,tough,middle
13802,49,change,wish,Port Megan,hold,series,past
9917,558,maintain,as,Reynoldstown,tonight,security,field
14809,496,available,visit,North Michaelfort,half,close,father
12995,43,allow,of,East Donaldport,man,significant,ready
17150,975,away,letter,Norrishaven,sister,how,floor
16470,313,by,even,West Joemouth,whole,time,down
17376,699,teach,account,North Denisestad,myself,yourself,tax
13347,987,actually,author,Padillaside,own,popular,into
15807,570,scene,trouble,Zacharyberg,expert,get,begin
11976,768,identify,million,East Lee,hand,fact,industry
12380,440,old,decide,New Marktown,good,moment,fall
15920,914,same,game,Bensonland,raise,ask,us
16856,369,matter,property,Smallland,night,reason,positive
17738,195,assume,they,South Noah,four,very,high
16919,491,field,religious,New Donna,deal,activity,talk
12258,900,number,measure,Meyersstad,military,technology,across
17848,512,politics,likely,Port Ryan,road,significant,election
13368,798,must,force,Martinmouth,top,Democrat,successful
13558,518,information,produce,Chadburgh,simple,specific,memory
14786,540,tend,network,Andrewfurt,feeling,million,road
9839,425,other,card,East Michaeltown,inside,answer,gun
11781,345,pattern,response,Davisstad,stock,question,toward
16961,156,eye,country,South Tamarahaven,gas,account,affect
10461,74,off,herself,Sharifurt,everybody,issue,door
10745,6,usually,focus,Jorgeborough,allow,plant,culture
17388,254,boy,value,Burtonhaven,know,floor,task
10214,105,bill,friend,East Joshuachester,prevent,popular,region
14693,540,music,bit,Lake Marktown,answer,chance,offer
15672,446,wall,us,Brooksborough,age,source,onto
11243,249,themselves,blood,Kruegertown,pay,minute,culture
9149,900,if,lay,Haroldberg,realize,fund,child
11413,938,smile,particular,South Jerry,treatment,book,particularly
12070,646,whatever,first,New Michaelmouth,her,great,detail
9150,117,why,at,Johnborough,work,along,certain
10931,26,college,rich,Williamsonside,word,me,check
9015,341,available,painting,Port Ericafort,put,real,strategy
12919,212,also,particularly,Katiefurt,property,low,material
16742,487,around,debate,New Ianborough,happen,southern,politics
13119,785,local,hour,West Deannachester,common,address,night
13125,692,media,old,Danielmouth,word,network,sort
8926,867,already,bad,North Duaneview,without,head,lay
15784,525,senior,only,New Justin,really,example,population
11202,571,street,prevent,Marissaside,by,but,send
15031,915,policy,cut,West Tylerville,event,choose,on
9821,370,wear,too,Callahanview,air,benefit,stock
16153,386,clear,series,North Willie,truth,choice,consider
15663,249,change,throw,Whitneyfort,write,people,always
14931,869,best,light,Dustinside,other,reason,consumer
11971,734,here,cover,Millershire,choose,poor,threat
13993,354,situation,seat,Petermouth,doctor,rich,relate
15362,31,mouth,happen,Curtisfurt,issue,push,compare
9498,24,trade,deal,Hutchinsonside,example,your,morning
16425,647,example,lot,Barberstad,data,chance,pay
17263,916,remember,any,East Daniel,age,option,resource
9136,468,money,might,East Sherry,yourself,authority,data
11390,184,claim,view,West Williamport,prepare,discuss,bring
15245,456,owner,four,Gomezmouth,baby,tend,sport
13170,230,college,increase,Gilbertville,add,discover,remember
14506,785,follow,exactly,Josephside,fear,executive,yard
10243,409,they,box,New Dustin,involve,where,force
15544,937,similar,western,West Francisshire,matter,film,within
10691,273,need,move,New Jason,choose,sometimes,question
14047,740,population,form,Port Karen,you,last,wrong
9437,709,capital,raise,Lake Frankmouth,cold,hand,full
9850,206,eat,home,Lake Jenniferstad,debate,dark,positive
14776,2,will,alone,Jessicaberg,firm,probably,different
14926,98,hour,argue,West Stephenville,reach,history,another
13340,256,despite,purpose,Delgadoshire,here,nice,happen
13620,519,while,subject,South Patrick,difficult,take,perform
17847,10,step,stop,Romerofurt,southern,bill,best
14073,79,final,wear,Douglasville,difference,security,election
11930,226,music,election,North Sonyachester,move,size,sister
16866,332,condition,forward,New Ronald,consider,law,have
17246,276,well,near,Port David,everything,run,chance
17562,290,time,forget,Tuckerberg,program,often,reality
12396,872,white,condition,North John,beautiful,range,least
12224,129,deal,likely,West Kathy,feeling,hit,economy
10356,165,some,else,Crosshaven,relate,development,indicate
14084,848,power,heavy,Littleview,talk,force,ready
13873,297,brother,coach,Davistown,everybody,range,still
17230,497,behavior,professional,North Lisaburgh,at,hair,deal
13373,448,mouth,customer,South Helen,perhaps,inside,design
12638,510,send,service,Lake Betty,know,art,team
17867,158,husband,out,Gregoryberg,morning,idea,teach
15728,804,paper,take,Port Angela,into,tend,woman
15431,415,able,size,West Jasontown,never,learn,result
16070,334,late,eat,Joshuaburgh,watch,design,specific
14497,406,government,big,Stephanieside,difficult,religious,option
10393,540,program,pick,Lauraville,painting,will,suddenly
11246,184,half,side,Port Bettyport,piece,ahead,especially
16546,818,item,likely,Lake Benjamin,matter,Congress,almost
10564,575,occur,fact,East Karenbury,run,various,resource
11229,702,truth,another,New Kimberlytown,fear,business,guy
17115,705,different,large,North Mitchell,material,owner,cause
16776,165,week,food,Ellenfort,thus,show,gas
12179,994,item,gas,South James,author,throughout,data
13081,588,then,tonight,Lake Heather,born,staff,beautiful
16485,553,civil,red,Starkside,professional,yeah,threat
17871,352,art,movie,Robertport,nothing,everyone,couple
13315,793,share,yeah,Lake Lisa,quality,rock,thus
15229,379,wind,wish,Aaronport,according,study,view
10974,194,better,structure,Darrellberg,represent,have,business
14305,918,the,late,New Kimberly,summer,much,world
17717,112,debate,place,Port Karaview,determine,Mrs,in
12562,516,sure,thing,West Jennifer,manager,me,lay
10557,439,economic,record,Burtonhaven,appear,occur,economic
10870,580,major,recognize,Hinesmouth,mouth,product,herself
17006,794,relationship,chair,East Derektown,especially,accept,itself
17852,288,card,south,Petersonville,claim,color,occur
15491,54,statement,man,Hunterhaven,see,against,firm
9319,149,rock,life,Leblancstad,necessary,inside,explain
13894,11,space,man,West Stephen,officer,threat,whose
17481,60,treat,his,Roblesstad,billion,necessary,matter
15684,761,read,peace,Greenberg,add,employee,ask
15217,346,event,recognize,East Waynechester,top,very,environment
13216,34,article,answer,East Kristopher,politics,care,since
11905,881,suffer,rest,Mistyfurt,western,star,would
9975,421,describe,lose,North Alexanderland,rule,easy,policy
11744,434,themselves,local,West Michelle,direction,live,admit
11399,135,myself,back,East Carla,enough,red,nice
16677,357,plant,agreement,Lake Ann,style,top,head
14092,724,middle,seem,West Tracyfurt,teacher,pick,image
13625,430,meeting,letter,Lake Karenfurt,point,common,enter
11860,598,film,teach,Swansonfurt,soon,program,fill
17740,575,industry,data,Downsside,section,though,full
11686,515,certainly,adult,Dorisfort,health,fill,itself
9251,38,turn,be,New Brandon,fly,bad,person
13871,207,child,group,Hebertfurt,tonight,call,stage
16247,715,community,provide,Port Linda,national,piece,ahead
12301,422,trip,star,Hillberg,anyone,during,fund
9842,279,only,keep,Stoneland,partner,share,go
16914,31,game,admit,New James,player,red,decide
11971,639,rather,science,Lake Jenniferhaven,wrong,region,clear
13798,739,anyone,worker,Davisborough,cell,policy,sport
13510,703,education,alone,West Darren,respond,common,step
12328,429,energy,poor,Nicholsonchester,clearly,modern,exactly
15086,335,matter,attorney,Denisefort,world,prepare,ever
12373,684,maybe,use,South Christopherberg,data,sure,catch
15650,161,attorney,common,South Arthur,risk,message,daughter
14965,735,meeting,interest,West Kendratown,Mrs,lawyer,condition
9737,241,color,man,West Leah,level,strategy,none
13048,792,toward,reason,Stephaniebury,approach,watch,bad
10031,788,knowledge,then,South Jennifer,political,minute,day
14717,144,activity,thought,East Duane,middle,several,commercial
12743,321,ahead,store,Lake Nicoleborough,explain,believe,culture
10042,351,doctor,direction,East Maryside,board,determine,design
15208,197,hospital,necessary,West Timothyland,however,special,role
10936,215,start,world,Kristinaport,improve,happen,thousand
11695,225,happen,do,Port Morgan,energy,use,simple
14422,98,road,important,East Paulborough,factor,sea,especially
12975,544,record,impact,West David,color,suddenly,believe
12097,626,reason,human,East Jennifer,garden,friend,never
14339,721,professor,economy,Bestland,eye,medical,trial
11125,608,baby,of,Sherribury,explain,hard,him
16392,106,tend,direction,Carterport,nor,travel,international
11188,753,kind,something,North Barry,traditional,loss,energy
11362,366,human,toward,New Nancy,detail,civil,early
17031,581,player,structure,Josephshire,certainly,the,everybody
14967,679,much,how,New Jessica,style,among,cover
16192,758,employee,build,Jeannebury,reduce,speech,late
13405,52,from,night,Kimberlyhaven,rise,sister,seem
15269,501,network,magazine,Hernandezland,maintain,Democrat,start
17439,174,carry,central,Port Christine,cell,prevent,hard
9490,763,free,book,South Nathanielport,garden,official,yard
14723,707,thousand,appear,Davidstad,hot,new,already
15099,576,tough,bill,Jeffreyport,perhaps,deal,bag
8826,340,market,miss,Lake Dustin,ahead,mouth,way
13070,997,responsibility,her,Port Jameshaven,financial,present,face
14690,507,still,allow,Hollowaymouth,appear,six,guy
11023,38,of,statement,Lake John,science,my,nation
15115,36,debate,tough,Kennethfort,hear,run,soldier
16293,238,age,deep,Danielville,within,us,help
16724,3,her,save,New Reginaldville,under,especially,situation
11968,13,after,production,South Josephburgh,interest,quickly,concern
10919,739,common,see,East Anthony,employee,year,man
12800,423,total,police,Jamiemouth,could,present,baby
16485,270,both,office,Martinezton,hair,artist,hot
12948,339,number,final,East Christineburgh,turn,off,during
14837,149,early,occur,Williamstad,drop,color,type
10347,409,still,notice,New Ashleyfort,important,animal,push
10123,509,area,teacher,South Melissaville,wait,left,measure
14738,106,dark,close,East Vincent,small,hand,response
9074,386,American,knowledge,East Melindafort,buy,either,natural
17365,804,direction,develop,Millermouth,item,prevent,another
10039,399,effect,visit,Chrisbury,clear,artist,blood
11657,419,million,when,Christopherton,on,similar,would
10816,151,social,suggest,West Sethchester,interesting,animal,chair
16270,64,to,despite,North Chelseamouth,customer,especially,economic
9969,473,without,accept,Port Beverlyberg,family,thing,method
14760,753,culture,standard,Port Michael,lay,memory,image
15031,465,sound,option,Johnstonbury,travel,war,summer
17297,246,help,most,East Katherinemouth,whatever,product,arm
14546,63,threat,arrive,South Wendy,sure,anyone,perform
17763,478,anything,break,Christinamouth,surface,still,agreement
16347,857,theory,customer,Markton,Congress,economic,middle
15456,418,professor,American,Port Anthonyhaven,bag,glass,since
13731,799,just,quite,New Ryanville,inside,nothing,water
14060,663,month,few,Harrismouth,more,still,employee
11585,199,wear,only,South Brendaton,response,money,music
11571,95,officer,difficult,Samanthamouth,adult,pattern,put
14970,156,dog,we,South Steve,style,herself,paper
11384,430,operation,another,Stoutshire,compare,view,positive
13497,6,environment,close,Mosleyton,candidate,provide,their
15416,812,sport,themselves,West Feliciatown,organization,never,develop
11792,76,ready,special,Lucasview,kid,develop,nor
11140,971,radio,husband,West Dwaynebury,page,yeah,board
11638,586,kid,carry,East Dorothy,know,apply,culture
14987,407,pretty,school,Shellyton,sport,yet,view
11933,528,window,exist,Robertshire,sign,push,they
10156,35,paper,number,Karenside,to,upon,return
11475,76,respond,personal,Heatherfurt,daughter,election,protect
9797,656,challenge,do,Simmonston,start,truth,seem
12164,290,we,just,Nicoleton,who,role,cut
11686,403,international,sign,North Michaelshire,degree,successful,film
14543,241,suffer,door,North Jenniferchester,whether,wrong,other
13830,766,room,opportunity,North Todd,respond,team,green
9392,534,head,pass,Anthonyhaven,road,upon,increase
9581,90,box,window,Paulshire,ball,true,something
14151,950,police,Mrs,Lake Eric,of,new,north
10778,380,plan,better,Jordanshire,second,occur,event
11706,474,off,clearly,South Samanthahaven,third,man,suffer
10402,609,two,seem,South Linda,value,thing,American
9355,266,social,mind,Mckayhaven,over,require,gun
15476,271,performance,worker,East Sarah,mention,Democrat,ever
17947,293,even,by,North Jamesfurt,party,himself,oil
11856,838,to,certain,Heatherfurt,ever,save,create
12981,157,situation,indicate,West Lindahaven,single,nor,economic
10360,28,hot,individual,Brianmouth,air,marriage,himself
16190,920,reality,into,Erinmouth,source,response,large
16898,938,use,central,Marcusland,she,issue,career
13534,986,instead,let,Diazfort,trouble,idea,hope
9697,493,prepare,tough,Kellyside,quality,edge,team
13070,322,Congress,break,Kevinmouth,half,suddenly,address
14279,549,rule,agency,Sparksfort,animal,officer,model
16012,665,arrive,play,Taylorborough,begin,do,general
12536,329,best,shoulder,Michaelburgh,project,hotel,plant
14752,840,step,exactly,Hammondstad,rise,table,beautiful
12983,902,so,health,Port Stephen,town,cultural,light
16294,438,for,glass,Robertchester,task,pattern,some
15283,30,plant,difference,Rodriguezfurt,theory,including,identify
17356,163,evidence,father,Christinefort,themselves,million,again
16696,766,push,break,Port Jeffrey,wrong,important,price
11337,335,ahead,team,South Marystad,agent,every,project
15197,160,those,while,Pattersonhaven,recent,wrong,window
16557,554,citizen,big,Jeffberg,certain,many,without
12212,762,because,fear,Cynthiaberg,final,success,avoid
17321,492,national,history,New Nicole,play,official,answer
12917,276,between,manager,East Tashashire,throughout,full,site
10414,868,moment,expert,Reedland,performance,care,scientist
15102,720,government,trade,East Andrew,source,suggest,successful
17649,599,owner,with,New Davidland,contain,the,image
16831,168,culture,six,West Aaronland,crime,a,seven
13824,606,happy,pressure,North Tracie,than,wide,usually
14882,832,reduce,mouth,Petersonfort,worker,until,drive
12202,690,staff,former,Kurtmouth,put,factor,standard
17854,149,upon,throw,Moralesshire,region,indicate,represent
11561,65,fly,idea,Sheilaborough,public,recent,high
10242,25,majority,fish,Port Gregoryville,thought,trouble,tough
14552,550,product,measure,Port Kyleside,city,machine,seek
16200,627,feel,couple,West Robertton,one,five,board
14224,170,carry,item,East Randall,myself,list,person
15390,631,line,ask,Mitchellport,listen,activity,level
9774,856,quite,prepare,Erinview,top,nation,account
13258,413,appear,simple,Colonfort,parent,anything,kitchen
17168,96,kind,process,Smithmouth,beat,success,agent
13043,867,suggest,another,Alexanderville,myself,particularly,just
12746,546,behavior,industry,Lake Zachary,court,raise,question
13042,437,charge,whether,West Katrina,consider,put,stock
13289,368,drug,foot,Mooreville,bad,during,cover
16622,43,carry,benefit,Johnsonmouth,visit,fast,show
16132,527,build,million,Justinborough,consumer,industry,truth
13665,106,and,any,Larryland,some,travel,understand
8869,340,still,brother,Lake Janettown,herself,money,information
16769,351,treatment,attorney,Lake Eric,stay,people,character
10224,697,against,she,South Victoriaview,program,point,down
17386,392,different,individual,Dillonport,house,against,toward
14674,612,store,scene,North Max,they,early,amount
14931,125,expert,position,East Lori,number,seven,item
17496,331,total,daughter,Michaelview,security,member,leg
11907,513,must,together,New Shane,truth,book,theory
14710,898,style,much,West Alexischester,study,employee,young
14885,367,fight,score,Potterville,interesting,should,history
12704,306,wind,instead,South Deannaport,specific,mission,test
13879,366,economic,she,East Lisaville,top,what,wide
17530,330,himself,he,New Matthew,save,book,where
15017,631,minute,in,Gordonfurt,great,sing,Mr
12567,351,attorney,organization,Saunderschester,bar,career,high
15142,19,machine,laugh,Autumnside,century,sometimes,break
9480,774,attention,collection,New Kevin,result,exist,author
9225,269,rather,team,West Patriciastad,benefit,race,later
16395,86,call,party,Georgeside,state,pull,involve
17183,760,vote,accept,South Christopherfurt,report,society,lawyer
14934,513,long,worker,South Curtisville,industry,discussion,century
9413,790,enter,boy,Popeton,maybe,by,heart
17077,111,page,economic,East Angelaview,us,science,imagine
11004,358,suggest,realize,North Williamland,instead,career,field
11727,263,to,return,East Michaelport,light,every,thank
12595,299,structure,minute,North Brandyton,pay,fly,allow
11060,970,recent,message,Chavezmouth,practice,performance,spring
16035,653,year,either,Lake Kristin,when,production,go
14679,398,throughout,prepare,Villarrealtown,small,democratic,painting
11212,779,fast,billion,Markstown,nice,yourself,skin
15415,906,create,yourself,New Michaelville,several,heart,agent
12863,997,investment,herself,Dakotaland,create,sea,suffer
12142,134,go,dinner,East Karen,ago,effect,century
14326,3,also,part,West Karenbury,size,worker,pick
12578,973,base,expect,Kathrynside,conference,economic,again
9655,692,career,wide,Jonesview,feel,small,lose
15008,886,sometimes,nation,Port Christineport,success,son,north
12111,129,soon,change,Arnoldmouth,cultural,note,financial
10893,11,apply,probably,Stephensmouth,break,effect,toward
9585,613,until,you,South Peterburgh,draw,defense,none
15418,306,result,few,East Elizabethmouth,front,grow,side
15306,241,whole,morning,New William,large,financial,herself
17724,607,describe,main,East Melissashire,performance,rise,behavior
16061,435,daughter,bank,South Xavierberg,partner,process,indeed
11936,279,be,impact,Port Matthewburgh,top,visit,draw
17709,793,again,kitchen,Michaelville,large,task,difficult
11415,212,someone,military,West Alexis,American,activity,cut
12558,802,article,especially,South Danielberg,main,body,success
10850,840,main,most,Port Randyfort,rate,follow,good
9576,159,cost,table,Mullinsbury,difference,spring,box
15693,214,soon,special,Robertstad,later,young,baby
16055,631,chance,someone,South Kristina,continue,enter,action
11317,364,culture,model,Lake Mistyshire,firm,study,few
9961,883,music,inside,Lisaburgh,wrong,church,whatever
14665,331,pick,the,East Triciafurt,appear,little,perhaps
14084,929,sort,build,Johnberg,four,do,daughter
16725,397,despite,floor,Baldwinmouth,attention,culture,hear
13418,291,toward,better,South Ronald,interview,sit,war
11155,186,well,general,New Shannon,always,prevent,law
13822,924,party,article,West Kevin,certain,very,accept
11948,562,involve,difference,Perryberg,sing,today,goal
9992,965,effect,too,West Laurenberg,candidate,have,author
16692,181,whom,product,Lake Michaelland,site,player,listen
10644,249,become,several,North Paul,with,low,wide
9178,783,decision,garden,Jasonmouth,civil,sea,wait
12620,455,until,training,Haynesstad,exist,activity,almost
13332,67,work,offer,Lesterborough,anything,political,low
10708,7,north,senior,Lake Paul,garden,market,operation
13744,277,young,account,Billyview,start,also,skill
13461,641,three,air,Lisachester,officer,half,minute
15039,245,claim,although,East Jillstad,nature,like,whatever
13092,432,wrong,effort,Rhondashire,help,majority,agree
9374,301,pick,mention,North Dana,just,indeed,scientist
14797,840,attack,capital,Blacktown,office,think,travel
11774,946,run,finally,South Candice,present,near,best
11712,536,into,could,Heidiville,to,reveal,together
10200,378,protect,detail,Smithton,practice,school,consider
13363,377,radio,power,Heatherhaven,above,feel,simply
17257,225,recently,day,Campbellberg,trouble,probably,then
11324,69,benefit,admit,South Erica,tend,style,wide
13768,829,then,maintain,Riveraville,water,near,money
12866,529,trip,own,East Amyborough,marriage,beautiful,fact
12362,719,necessary,arrive,West Kylehaven,heavy,expert,structure
16228,501,wrong,face,Port Nicole,place,south,why
16320,524,may,middle,New Williamchester,group,financial,responsibility
12105,19,arrive,own,North Jeremiah,three,likely,these
13685,90,source,foreign,East Heather,company,down,nothing
16015,707,picture,usually,Amandahaven,notice,blue,arrive
10717,166,option,American,Moranville,current,issue,can
17672,965,American,hundred,West Lucas,laugh,strategy,guess
13488,313,then,interest,Lake Hollytown,near,become,new
12725,192,main,half,East Tonya,agreement,future,different
14596,158,help,can,East Mistymouth,develop,determine,thought
8961,417,very,fight,Diazhaven,thank,room,event
12555,768,window,work,South Heather,each,good,series
12371,316,rule,seek,North Ryan,huge,meeting,stand
13631,275,policy,activity,Travisfort,anything,both,figure
13522,437,anything,per,Jeffburgh,page,difficult,wrong
16180,362,situation,understand,Chavezfurt,health,long,water
14415,554,discover,at,Port Stephen,month,any,guess
14751,660,civil,market,East Victorchester,see,one,blue
10256,61,half,case,Chapmanbury,American,think,notice
16340,54,leave,others,Reynoldsmouth,drop,difference,what
16707,254,ability,former,Lake Roberta,amount,begin,nature
14609,182,into,Mr,Port David,behavior,could,between
17645,791,us,instead,North Josephville,recent,material,one
11271,881,car,increase,Scottfurt,successful,become,house
11924,245,section,tell,West Melissachester,possible,second,lay
14894,978,look,tree,Matthewstad,pull,five,while
17666,529,something,speak,East Steven,exactly,agent,room
16177,465,provide,health,Port Candicemouth,respond,wife,fly
17773,948,last,issue,Dianehaven,want,room,thus
11289,1,next,fly,South Jonathanside,effort,civil,western
17098,709,someone,only,Lake Nataliestad,way,along,push
16200,843,reason,party,Davidfort,true,prepare,owner
16624,607,beautiful,bar,East Kirk,road,democratic,meet
13167,296,possible,body,West Caleb,which,red,inside
14935,133,agency,form,Holthaven,option,item,should
12542,584,dog,brother,South Tonyburgh,end,often,environmental
14504,624,mention,some,West Jamesmouth,tell,impact,foreign
17277,154,office,central,New Steven,particular,from,trade
14787,205,Congress,eight,Juarezmouth,few,month,attorney
16388,29,chance,from,New Roberttown,federal,the,affect
14530,313,leader,short,Lake Carla,for,drug,morning
17547,510,pull,coach,North Heather,if,general,growth
14731,868,during,no,Mccormickfurt,say,brother,government
9912,629,money,force,Brendatown,support,chance,care
13842,448,green,risk,Garciaborough,attack,Congress,organization
11916,192,simply,try,Crystalbury,possible,two,item
16962,122,possible,suffer,Griffinside,social,matter,program
9482,262,author,physical,South Justinburgh,ago,ten,environmental
11886,761,yet,card,Carolineton,support,above,book
14151,876,bring,late,Allenview,seek,carry,always
14114,310,language,this,Harmonfort,into,effect,many
17432,554,spend,their,Patelberg,how,whom,have
14170,688,remain,effect,Smithborough,magazine,executive,girl
12351,764,state,visit,Martinport,two,street,ever
17972,716,where,medical,New Daniel,return,enter,notice
17280,37,federal,bad,Port Benjamin,easy,rise,do
16136,523,sort,daughter,Molinamouth,throw,either,this
10783,900,might,take,North Rubentown,man,behind,decide
14569,551,fast,head,Lopezmouth,parent,though,social
14644,864,paper,report,South Amyburgh,use,change,always
15548,102,hour,kind,South Ronaldton,system,within,physical
11474,126,system,method,West Andrewland,hot,south,parent
15617,685,all,idea,West Cherylberg,describe,tax,challenge
14946,578,establish,yourself,South Anthonyview,enter,music,service
17527,111,able,office,Lake Jamesfort,believe,tell,fire
10974,944,our,heart,Laurenland,use,opportunity,left
10976,449,resource,office,Jonesburgh,edge,across,power
15411,732,item,least,North Maryhaven,decide,kitchen,billion
13696,385,agency,follow,South Valerieberg,drive,sort,fill
14680,701,nice,bill,Port Darius,sense,there,a
14273,351,usually,back,Jessicabury,red,receive,none
15601,602,maintain,analysis,East Anthonyborough,dinner,box,coach
13341,829,glass,bed,Erinfurt,third,material,reality
9079,867,push,population,West Ricky,cell,approach,rate
14442,993,art,green,South Shaneside,every,yeah,lot
17579,407,every,do,South Jessica,send,knowledge,company
10346,23,first,activity,Sheryltown,science,PM,or
15417,760,car,doctor,West Jeffreystad,guy,data,necessary
10491,562,show,war,North Melissa,left,learn,fact
15485,970,course,each,Jennifershire,bill,exist,rate
9901,727,camera,better,Lake Sabrina,player,left,officer
15060,969,hit,stage,Knightstad,single,body,size
13999,819,general,piece,South Jamiehaven,site,skin,effort
16115,712,name,watch,East Susantown,they,return,feeling
8955,814,data,benefit,Port Nancyland,upon,go,would
10752,664,name,into,East Kelly,bit,current,material
14048,26,pick,better,Gallegosburgh,stock,fall,young
13548,390,and,market,South Bobbyport,south,wall,age
10986,843,particularly,in,Andrewsland,enter,arrive,talk
15909,465,factor,water,Stonefurt,shoulder,various,real
12568,581,agency,accept,Montgomeryborough,name,know,if
10357,412,way,third,Brianport,someone,which,treatment
11817,194,adult,close,Martinezfurt,standard,age,particular
17462,440,feeling,future,Williamberg,report,commercial,a
10393,757,lose,president,Murphyton,late,various,question
10294,97,simple,until,North Karen,low,ask,specific
11725,657,whole,even,Martinezport,high,newspaper,do
13754,85,risk,structure,East Colleen,six,care,remain
16163,568,article,I,New Christopher,carry,feel,would
14119,587,true,appear,South Jeremy,benefit,parent,board
11212,50,kitchen,follow,Maryville,can,stand,forward
12489,821,eat,start,New Angela,admit,offer,probably
9452,184,result,agency,Traceyton,here,guess,for
13617,485,election,other,Port Sharonborough,sure,from,yourself
15085,613,throughout,make,Ericfurt,red,produce,need
14303,930,shake,particularly,Rayfort,force,environment,current
13074,855,scientist,serve,New Joshua,activity,type,them
12268,889,simply,agency,Brownmouth,less,throw,lose
13126,566,dark,note,Parkerhaven,listen,Mr,culture
10572,862,thousand,view,Sullivanfort,treat,certainly,line
13929,394,travel,line,South Tracey,energy,out,ability
15544,594,modern,note,Hendersonbury,add,whatever,sign
9625,223,sing,or,Justinmouth,benefit,think,relationship
13248,877,how,material,Griffithborough,admit,word,stand
13471,527,worker,significant,Robertsmouth,reality,serve,consumer
15309,694,none,answer,Adamsburgh,gas,draw,charge
16980,544,run,realize,North Steven,series,different,nearly
11233,134,available,require,East Davidmouth,doctor,price,answer
15333,854,high,later,Barneston,Republican,glass,officer
11925,414,treatment,number,Dominguezfurt,democratic,energy,response
13371,475,sister,growth,Lisabury,enjoy,admit,national
12020,675,true,process,Staceyville,small,under,whatever
9592,713,reflect,spring,Jennifermouth,outside,night,push
15185,496,citizen,issue,Wongmouth,argue,recognize,high
15200,925,same,window,South Jesseburgh,store,brother,simple
17734,952,reach,score,Gutierrezborough,change,shake,all
15451,422,first,four,Aliciaview,should,study,who
14283,342,exist,professional,Port Jasonmouth,above,focus,list
13679,5,listen,surface,Davistown,despite,usually,base
11359,533,tree,career,Dominguezstad,garden,quickly,current
14646,877,oil,describe,Woodwardside,assume,different,human
10637,852,training,compare,Hansenshire,new,guy,ten
11077,419,field,happy,Lake Pamela,difficult,last,when
13522,949,need,material,Lake Joseph,out,specific,question
13016,379,author,imagine,West Thomas,receive,send,well
13824,499,world,role,Patriciaburgh,increase,trade,law
15614,717,center,each,East Jessicaside,success,clearly,road
9681,221,upon,clearly,Randolphhaven,receive,industry,issue
8875,851,sister,professor,Lake Gregory,that,catch,reach
13176,161,maybe,business,Edwardsfort,focus,Mrs,measure
15616,91,discussion,involve,Meghanmouth,music,doctor,card
15081,892,claim,get,Alexhaven,guy,cup,human
11258,838,him,usually,Youngport,rate,similar,act
12689,887,message,rate,Zimmermanfurt,practice,skin,believe
15513,78,where,be,Williamsside,tax,everybody,over
16272,249,practice,majority,Lake Ashley,ask,forget,always
9214,643,task,speak,Joshuashire,all,policy,actually
14418,608,make,society,Lesliechester,team,chance,something
12413,453,close,light,East Corey,worry,continue,treatment
9315,461,chair,small,East Edward,section,material,magazine
8838,75,blood,decision,Port Angel,performance,campaign,family
10502,211,imagine,bar,Joelberg,trouble,both,authority
13664,142,she,lead,Jenniferton,song,ten,car
9104,613,try,could,Jamiefort,artist,professor,ten
10587,947,not,card,Lake Lisa,choose,billion,media
17508,799,artist,specific,West Paula,partner,discover,wrong
17599,507,approach,finish,South Amanda,size,visit,here
10340,416,move,front,Nicholasbury,oil,impact,itself
9512,850,smile,watch,Marshallton,part,attention,big
15378,334,sport,charge,Lake Steven,radio,who,international
15636,828,help,exist,West Marcus,knowledge,leave,inside
10935,255,area,our,Leonardchester,cost,performance,already
14259,896,Congress,wonder,West Benjamin,former,race,foreign
10339,127,heavy,son,Santanaburgh,protect,truth,like
10177,235,but,information,Perezborough,box,religious,anything
17723,247,language,writer,Ramseyland,put,opportunity,visit
11233,782,after,seven,New Lisa,trip,quickly,above
13170,606,them,nice,Lake Tylerville,against,relate,high
8837,320,beautiful,phone,North Shannonmouth,none,unit,card
11696,492,history,area,Lake Aliciaborough,next,manage,mention
10413,168,officer,five,North Antonio,exist,throw,question
13587,630,nor,someone,Emilyhaven,federal,author,stuff
12437,363,store,point,North Erinfort,everything,dark,example
16215,579,hear,news,Lake Cherylburgh,feel,if,available
15576,276,card,space,Lake Katherine,perform,risk,kitchen
9190,908,one,describe,Lisafurt,with,marriage,rate
16463,17,team,purpose,Benjaminchester,enter,national,study
16001,271,easy,decade,Rodriguezmouth,situation,professor,fill
9059,738,human,conference,South Bethany,keep,federal,certain
14478,341,draw,vote,East Crystal,recent,note,save
14856,186,herself,hotel,West Kristenport,than,actually,TV
14080,725,role,scene,Hillton,worry,painting,area
17264,322,government,onto,West Nicholas,rest,commercial,three
16390,832,set,water,Rebeccaberg,end,dinner,will
17799,694,clear,grow,Michelleport,decade,per,reach
14647,248,agree,write,Jodiville,pretty,there,bit
9125,748,sea,picture,Port Alexandratown,audience,after,computer
16128,122,TV,form,Kellyland,real,growth,less
11210,42,there,head,New Sandra,treat,marriage,pattern
15718,304,mention,plan,Rossberg,on,every,your
10562,835,realize,election,New Rebeccaburgh,law,movie,science
14970,103,especially,hair,West Deannashire,its,produce,old
9469,33,a,stuff,East Bryan,woman,possible,citizen
11422,6,simple,cause,Hornstad,pattern,just,friend
12805,942,phone,former,Rebeccastad,avoid,important,might
17586,379,age,long,North Charles,commercial,what,Democrat
15636,256,artist,relate,Brandonberg,case,leader,source
12812,351,method,both,New Barbaratown,simply,perhaps,her
10774,844,long,phone,Martinburgh,commercial,style,every
10613,652,brother,other,East Jenniferborough,measure,into,support
11600,381,plan,enough,South John,across,story,analysis
10518,40,business,often,Allenfort,international,animal,nature
10737,758,student,under,Charlesland,white,Congress,conference
13344,369,wide,southern,Robertville,accept,describe,performance
12679,571,answer,nation,North Maria,mission,particularly,rock
15441,364,quickly,difficult,Williamsstad,yourself,car,someone
9875,72,address,serve,Patelport,common,young,fire
14604,694,score,something,Kennethbury,bag,popular,institution
17418,471,everyone,language,Port Stephen,there,individual,through
17512,163,into,news,Wilsonville,change,short,though
13043,926,increase,them,West Michaelberg,nation,brother,investment
13249,262,development,force,Littleland,far,rock,investment
13966,66,instead,bit,North Michaelside,foreign,cell,budget
16737,230,should,each,North Zacharytown,tree,end,radio
14332,982,degree,fact,North Toni,rich,best,party
9921,316,team,model,Lake Benjamin,agree,heart,heavy
12255,377,during,or,Walkerborough,yes,live,police
15111,223,actually,foreign,Jensenview,between,member,employee
16631,150,however,history,Jessicatown,only,along,until
11074,768,nature,bank,Lake Anthony,plan,without,artist
11566,923,question,through,Lake Nicoleland,away,tell,power
14244,458,him,push,East Jason,many,court,whole
13138,923,police,worker,East Jamie,doctor,head,rise
11531,302,exactly,a,Maldonadohaven,fine,mouth,difficult
10452,792,fish,someone,Jeremybury,try,sell,size
14493,459,news,term,Hortonberg,value,agency,none
14884,831,out,body,Jacksontown,senior,represent,book
14705,174,left,strategy,Conleyshire,participant,structure,large
11443,517,score,everyone,Port Scottview,plant,number,sit
13137,911,fire,behavior,West Ronnieborough,former,others,image
13550,981,remember,year,Brandonton,ever,or,who
13610,683,wish,keep,East Kathleenland,gas,very,town
17906,694,affect,control,North Henryside,music,gun,produce
9824,530,west,wall,Port Richardland,heart,kid,determine
12347,113,indicate,action,East Kevinside,doctor,level,impact
12008,993,trip,store,North Erik,more,suffer,join
11830,561,operation,nice,New Becky,candidate,involve,woman
10684,941,according,hundred,South Margaret,half,true,over
14498,113,our,ten,Whiteburgh,line,small,music
14493,278,local,bill,New Kevin,me,gun,want
9626,968,evening,hair,North Melissaview,old,you,well
11460,911,system,draw,Robersonberg,carry,apply,people
15441,226,leg,traditional,Lake Matthewfort,measure,star,according
16307,181,discuss,measure,New Courtney,court,same,without
14019,467,significant,foreign,North Crystalborough,type,energy,sport
12452,830,majority,reason,Castillomouth,statement,including,base
15209,498,enter,office,Hoganstad,task,trouble,wind
11558,797,suggest,fine,Matthewhaven,per,rich,none
11921,507,and,teacher,Brentfurt,lose,born,movement
11609,937,free,so,Kleinburgh,ball,free,stuff
10727,186,data,eat,South Brittany,never,great,staff
11961,424,manager,agency,North Jenniferfort,resource,finish,other
16123,583,need,job,Port Haroldfort,should,whether,suddenly
12667,241,tree,nation,Kaylaberg,director,cold,buy
14692,516,man,meet,Leroystad,represent,middle,what
8913,771,hand,strategy,Cohenfurt,phone,respond,skill
17904,988,heart,course,Maldonadofurt,region,art,activity
14381,433,short,forward,West Carrie,just,stop,hospital
9636,257,scientist,whose,Anthonyside,section,join,admit
11727,571,newspaper,none,Jamesshire,that,know,character
12550,295,production,at,New Bryce,degree,evidence,history
10425,858,four,about,Lake Michelle,road,trouble,security
17869,287,parent,good,Harrischester,site,wide,song
11842,344,fish,late,Jamesport,attack,focus,fish
10535,253,military,wonder,Marychester,body,site,either
13915,696,image,activity,Jasonfurt,others,wish,physical
14108,91,might,matter,Lake Amyfurt,country,board,class
16957,320,chance,similar,East Zacharyburgh,and,box,least
14499,463,face,offer,Port Daniel,a,as,before
10391,66,computer,thousand,New Logan,drop,senior,assume
16594,363,every,girl,North Pamela,do,movie,school
10021,679,know,grow,Lake Jeremychester,no,Mrs,shoulder
10163,255,PM,use,Reyesbury,beautiful,might,now
17543,826,evidence,inside,Johnsonton,outside,culture,up
16307,13,tonight,store,North Joanna,dog,whom,crime
10788,19,maybe,international,North Ronald,technology,leg,interview
14722,832,see,policy,Alexburgh,message,state,collection
12154,721,piece,personal,Paulhaven,movie,poor,might
10179,628,environment,piece,East Joshua,near,detail,itself
14260,612,any,compare,Port Chelsea,sort,room,event
13156,30,room,clear,Brownshire,believe,someone,through
15549,466,employee,question,New Brianaside,get,appear,cell
12459,829,well,much,Lake Laurenfurt,require,section,enjoy
9431,233,as,specific,Lake Theresamouth,away,here,professional
13192,517,increase,knowledge,Benjaminport,often,travel,like
15930,989,effect,likely,Carpenterville,sure,sit,six
12539,8,parent,book,North Jeffrey,someone,like,lose
10914,582,deal,front,North Jonathan,structure,rather,safe
15731,438,truth,true,West Davidbury,prevent,entire,information
12329,675,down,off,North Vicki,hold,attention,be
11599,399,individual,exist,East Emmahaven,movement,tree,huge
10464,992,close,stop,Mcknightfort,movement,they,everyone
15911,247,blood,education,Sandovalhaven,worry,seven,whom
12308,965,real,top,East Darin,stage,campaign,trial
17027,46,food,mention,New James,attention,ask,program
16460,539,image,apply,East Brandonburgh,top,TV,threat
16714,878,raise,require,Port Kimberly,because,eye,social
13227,974,beautiful,process,Adrianaville,pick,trial,north
17740,466,result,number,Beckview,treat,against,music
11429,941,on,movement,West Richardview,plan,radio,he
15831,900,soon,side,Taylortown,citizen,pretty,small
16977,744,whatever,rich,Phyllisland,watch,position,total
9470,371,far,else,North Jamesberg,manager,son,cup
16971,842,although,sit,Adamsview,sign,play,well
16921,557,visit,operation,Jonesfort,modern,morning,response
10254,605,since,information,Cherylport,wait,go,easy
13902,253,want,style,Vincentfort,course,far,social
13768,883,sing,doctor,West Jenniferfort,president,speak,produce
15309,498,fall,above,Lake Gregorybury,present,film,author
14741,688,care,up,East Savannahside,event,win,analysis
13960,322,attention,list,Sarahton,future,move,adult
10145,40,human,show,South Matthew,kid,seven,final
11802,387,resource,home,Youngburgh,reason,network,name
9170,901,ask,stand,Diazville,election,five,nation
12270,918,three,meet,North Nicoleshire,available,forward,eat
12957,850,now,capital,Port Brendan,practice,sister,worry
17722,955,event,result,Lake Justinmouth,coach,idea,population
11701,939,also,key,East Williambury,agreement,race,whole
9491,634,fire,scene,North Tonyburgh,military,wife,bit
11989,736,history,finish,Bradyton,box,section,husband
16718,30,despite,next,Scottfurt,probably,care,direction
12405,627,view,center,North Heather,spring,management,medical
16956,561,notice,beautiful,Cherylborough,trouble,east,contain
12075,319,organization,major,East Michelle,theory,create,man
12448,619,travel,society,Justinton,modern,church,should
12963,627,design,result,Harrismouth,raise,participant,industry
9060,7,degree,receive,Lake Jessica,mention,machine,itself
14908,781,impact,money,Lake Anthony,similar,past,seven
15778,272,pass,section,North Patrickton,friend,dark,matter
13525,186,great,into,Port Timothy,particularly,tree,development
16799,223,crime,attention,Emilyport,wait,people,change
17203,312,difference,visit,Carterbury,doctor,floor,national
14769,814,none,level,Birdview,always,mention,letter
10116,852,everything,voice,Jacksonburgh,as,collection,year
15935,831,close,response,Frazierburgh,fast,pick,life
16365,805,new,performance,Port Brandon,finally,future,officer
11864,252,knowledge,step,Port Stacy,lot,company,computer
14073,309,manager,learn,East Emily,drop,suffer,TV
17574,564,raise,tend,West Jeffreyhaven,seek,hotel,operation
15629,846,official,read,Lake Jameston,window,method,general
11840,849,themselves,body,Bellland,rest,reality,thousand
13895,915,course,letter,Martintown,customer,second,why
11086,400,account,face,Randyview,professional,behavior,recent
14157,519,agreement,less,Grossstad,report,else,maybe
12223,826,assume,their,Lindaborough,child,time,school
17916,360,far,part,Port Tonyashire,door,offer,back
13670,980,skill,including,Laurahaven,despite,attorney,win
9804,691,woman,speech,Davidstad,of,design,perform
9554,891,note,before,Port Garytown,least,free,method
10289,317,serve,pass,New Debbiehaven,must,head,nor
14800,973,common,happen,North Rachelfurt,what,animal,together
16155,601,sense,protect,Simsshire,responsibility,sea,expert
14383,902,table,he,New Lauren,few,although,until
13382,291,toward,their,Matthewbury,common,audience,probably
10753,71,either,can,Matthewton,push,whole,debate
9677,821,response,other,North Shawna,effect,debate,what
15596,478,full,marriage,West Stevenshire,step,practice,four
11396,59,responsibility,note,Brandonbury,imagine,open,here
10923,44,to,decide,Evansfort,leave,huge,commercial
15180,702,assume,enjoy,Riveraburgh,car,paper,how
12559,172,language,service,New Jacquelineborough,response,leader,end
10829,756,artist,work,North Christopherberg,body,both,two
10059,524,movie,however,New Wendychester,during,always,cover
17368,74,painting,help,Jonberg,for,relationship,food
15361,86,language,leave,Moorebury,while,authority,cold
17062,973,region,difference,Elizabethfurt,inside,significant,share
15304,6,stand,drug,Lauriefurt,open,traditional,style
11278,721,spring,necessary,Port Carlosburgh,cost,culture,the
16648,93,nation,hear,Port Marie,each,can,somebody
11890,467,theory,likely,East Casey,board,threat,family
12779,855,letter,court,East Leehaven,whom,under,check
14148,982,fly,learn,Curtismouth,that,plant,soon
12305,931,author,opportunity,Brittanyfort,despite,attack,attorney
14705,1,do,think,West Mollybury,actually,world,office
14057,694,pretty,if,Teresabury,different,movie,another
12654,59,poor,identify,Sherrimouth,star,change,mind
14888,643,material,point,East Jessicafurt,message,least,later
17183,505,draw,event,New Jessica,owner,available,team
11113,527,really,mother,Scottfort,carry,lead,deal
17017,384,situation,somebody,South Jamie,hospital,southern,energy
15395,608,successful,yes,West Cindyburgh,agency,either,cause
10280,162,course,free,Johnsonhaven,myself,identify,have
11296,321,information,area,Hallport,happen,kind,really
12148,656,work,court,Jessicaburgh,bag,from,general
9305,559,early,determine,Port Cynthiaview,society,after,candidate
15274,128,itself,light,North Catherinefort,cold,age,organization
17299,843,anyone,center,Longburgh,role,situation,protect
14239,818,learn,early,Medinahaven,difference,politics,well
17202,254,score,yes,East Karabury,push,certain,win
10427,947,lot,pretty,East Taylorshire,game,guy,democratic
16514,483,under,hear,North Darren,rich,season,explain
12596,224,suggest,cut,Port Devinton,at,agent,unit
12337,773,new,prove,Booneview,though,agreement,drop
10030,766,special,dinner,Port Dwaynemouth,create,process,beyond
9766,127,local,region,Stephanietown,if,hear,by
11144,690,improve,blue,Lake Christopherberg,fast,center,local
10057,364,government,different,Knightbury,site,list,here
13319,379,or,piece,New Karenton,garden,bag,her
17645,367,bill,seat,North Christinafort,hot,event,difference
9569,321,represent,structure,Lake Tammy,real,admit,over
16831,301,daughter,poor,Aaronfurt,continue,material,fall
16121,636,help,PM,Joshuaside,mind,decide,none
10500,938,church,lead,Dillonside,call,heavy,those
12071,809,stop,article,Wolfchester,agree,in,black
17170,559,ask,month,Port Carrieville,necessary,example,history
10581,167,cell,foreign,South Johnport,summer,might,data
11148,840,change,election,South Karenbury,environment,line,wish
17009,189,total,enough,North William,from,hold,quite
10174,459,foreign,condition,East Davidmouth,yet,learn,end
10754,465,know,day,Ianview,practice,training,thank
11403,70,trouble,ground,Lake Emilytown,lay,action,onto
15069,479,most,we,New Austinberg,west,usually,capital
9506,429,perhaps,well,Archermouth,source,behavior,hotel
16928,916,brother,former,Castrofurt,would,relate,raise
17506,154,seek,clearly,South Nicolemouth,strong,yourself,relationship
15504,235,tell,care,Perryhaven,way,street,doctor
17855,518,would,hard,New Sarah,significant,source,still
12446,242,paper,general,Tiffanyland,something,them,follow
13337,144,look,economic,South Devin,against,these,decision
10064,146,decide,account,Ortegachester,magazine,stuff,of
10195,920,difference,knowledge,New James,kitchen,including,anything
9103,517,add,information,New Justin,them,someone,race
10226,980,protect,democratic,Scotthaven,perform,book,moment
16845,666,either,alone,East Lauren,home,imagine,society
9918,52,also,cause,Lesliefort,herself,impact,modern
16903,619,watch,prepare,New Suzanne,few,bed,watch
17649,804,throw,woman,Rickystad,perform,travel,he
11002,624,positive,blood,North Kim,pattern,environmental,return
15991,87,lay,instead,East Markfurt,alone,appear,politics
11459,134,report,onto,East Tyronemouth,community,yes,why
10109,926,over,star,Weberborough,record,hard,deal
9380,545,cell,our,Port James,strong,accept,past
10271,787,science,now,Michaelview,not,program,international
13618,577,air,line,North Joseville,minute,front,career
10277,633,debate,onto,South Nicholasstad,however,research,quickly
17935,472,maintain,bag,Perezville,well,surface,it
13966,5,mind,officer,Lake Jennifer,history,six,stage
13492,485,help,less,North Petermouth,conference,future,federal
16838,791,stop,medical,Jodiville,force,side,budget
15195,327,game,leave,Port Amyburgh,my,center,mention
9906,715,article,analysis,Colemanton,little,operation,pressure
11154,12,crime,lot,Williamsstad,customer,land,according
9381,587,every,herself,West Bryan,ready,natural,bag
9795,963,give,organization,Bryanstad,get,a,mean
17240,449,mean,participant,Christophershire,law,daughter,responsibility
15499,545,same,store,Davidborough,claim,knowledge,issue
15874,727,debate,never,Bushbury,store,central,recent
15132,681,many,early,Port Amandatown,network,join,figure
12041,549,officer,executive,Tracitown,business,organization,pressure
10525,836,what,itself,West Jennifer,performance,tend,ten
9028,242,entire,one,Jenniferton,movie,want,consumer
17515,739,couple,democratic,New Tiffany,nation,certain,since
13589,349,add,summer,West Richardside,until,share,stop
12998,78,entire,factor,Cynthiaport,whom,improve,fine
9621,717,consider,bank,Suzannebury,reality,television,discuss
13711,880,might,turn,East Tara,win,impact,just
16303,25,benefit,leave,Port John,food,may,tough
15055,67,without,us,Kathleenfort,firm,that,of
16356,659,set,crime,Hallhaven,he,stay,as
12988,990,measure,enjoy,Shawmouth,go,article,person
9392,24,gun,station,West Andrea,again,tend,eye
13122,800,three,weight,Reynoldsview,ability,although,another
11823,276,future,professor,East Williamberg,name,book,even
17193,996,issue,thousand,Latoyamouth,store,condition,stop
16026,900,kitchen,people,South Juliachester,others,explain,before
10772,484,board,its,Joshuaport,firm,involve,next
14952,334,its,tree,Darinville,ten,give,figure
17415,110,fly,perform,New Ericastad,affect,hundred,another
11063,846,available,since,Vaughanbury,activity,when,get
16597,121,may,lead,Hendersonfurt,market,there,effort
9092,842,true,less,New Peterborough,film,herself,receive
10386,137,no,next,Aprilfurt,foreign,maybe,sell
8916,75,office,kid,Baileyview,care,century,station
15783,883,wind,some,North Andre,toward,bit,nearly
8904,589,population,simply,South Jerry,investment,position,page
16066,369,she,upon,Sullivanshire,clear,care,firm
15644,231,list,age,Chadhaven,writer,line,number
9687,649,part,put,Justinview,wind,capital,our
15418,555,run,economic,North Sarahborough,catch,employee,trade
12877,572,hope,white,Randallborough,can,behind,similar
17549,734,provide,surface,Port Brian,seat,paper,describe
16700,707,student,attorney,Carolineside,Republican,experience,compare
17916,638,bag,degree,Port Donaldberg,however,authority,network
16877,602,statement,approach,Melanieside,vote,or,read
14111,410,test,fine,Franktown,certain,after,environmental
11599,781,history,cost,Brianton,check,suggest,himself
12054,185,result,citizen,Lake Timothy,every,note,commercial
9278,906,officer,amount,Lake Thomasbury,far,situation,clear
16236,213,audience,firm,Waltersfurt,when,rich,low
9579,431,debate,Republican,Lake Christopher,authority,office,set
17334,278,between,skin,Christopherstad,computer,anything,last
9788,185,about,how,Port Laurieview,scientist,his,stock
17605,794,street,door,Whitefort,expert,its,century
9666,812,tax,spring,Benjaminhaven,quite,require,federal
13789,405,least,weight,Ambermouth,understand,almost,partner
14258,899,court,still,Paulfort,paper,feel,bill
10245,199,color,billion,South Michael,should,TV,purpose
13830,11,suggest,million,Gibsonfurt,most,military,management
11711,384,approach,develop,Port Emilytown,fear,individual,job
12457,427,front,community,New Christopher,lose,hot,arrive
17341,786,pay,any,Josefurt,ball,outside,player
13163,439,civil,by,East Courtney,whose,experience,marriage
12183,358,only,any,East Christinabury,miss,game,window
17468,850,data,scene,Mitchellshire,quality,value,with
15281,773,generation,their,Meyerhaven,movement,culture,scene
16038,59,audience,left,Port Williamville,tax,benefit,film
10341,921,even,economy,North Kristen,her,Mrs,various
13792,312,fast,maybe,Morganside,program,require,task
9904,144,smile,finally,Jillianburgh,many,sound,region
15215,182,four,long,South Corey,first,majority,nor
9745,943,animal,open,Port Paulfurt,only,vote,notice
9110,315,reduce,bag,Barreraburgh,reach,government,citizen
13383,137,great,treatment,Marcusmouth,hear,represent,window
13264,92,after,score,South Katelyn,Democrat,mission,her
14857,264,focus,score,Murphyhaven,set,agree,tend
15667,18,say,seat,Wilsontown,need,thing,develop
10833,141,last,maybe,North Benjamin,then,per,learn
9298,601,many,ask,South Philipport,water,son,movie
15547,350,interesting,area,West Thomas,attorney,represent,range
15533,70,professor,good,Johnsonview,night,us,eat
15765,508,allow,war,Monroefurt,day,only,effort
14930,32,deep,beyond,Aliceview,relate,seem,would
15402,689,ball,forget,Newmanshire,follow,finish,scientist
17227,696,image,item,Charlesport,series,share,notice
14963,668,history,start,New Normahaven,law,decade,sort
11466,561,determine,dog,Cochranmouth,pass,manage,strong
9172,205,account,on,East Nathaniel,mouth,what,tonight
15570,138,machine,large,East Katherine,also,there,low
9113,693,area,next,North Danaland,third,mother,us
11972,567,budget,father,New Jeffreyview,issue,include,story
12342,854,strategy,newspaper,East Stephentown,edge,similar,shake
12868,971,rock,chance,North Felicia,nor,which,standard
15826,534,improve,room,North Robertview,fine,forward,south
11279,895,particularly,including,Cisnerostown,law,as,whole
12166,535,despite,final,Port Catherine,mean,still,before
16520,488,expert,think,Bryanthaven,agency,research,with
13774,455,hour,who,South Phillipchester,necessary,defense,source
12229,49,to,measure,Laurastad,one,increase,make
15978,291,form,tell,South Mary,clearly,course,say
10154,366,couple,ahead,Lake Martinbury,nothing,politics,finish
14933,389,sense,nice,East Amber,water,present,relationship
11787,681,still,sing,Mollystad,Congress,chair,party
14165,363,happy,series,Heidishire,dream,could,bit
10843,478,science,campaign,Kellyshire,result,other,air
11767,84,owner,weight,Hortontown,teacher,meet,through
12810,64,reduce,special,North Juan,city,film,control
16295,200,reduce,service,Gailborough,peace,certain,small
11205,341,quality,current,New Bonniehaven,for,security,pull
16859,693,require,memory,South Williamfurt,top,recently,close
17215,726,plant,eye,New Sarah,direction,we,way
10521,308,produce,raise,Jessicahaven,happen,evidence,effort
13658,830,degree,I,Amyfurt,chance,cost,scientist
10603,446,ago,apply,South Morganville,catch,laugh,movement
12901,665,central,black,North Heatherton,administration,pay,democratic
11720,741,land,might,Jonestown,determine,service,race
12117,804,hold,economic,Port Tricia,guy,series,hotel
16622,627,suddenly,recently,Alexandermouth,address,ready,security
13794,515,chance,six,Gutierrezfurt,method,individual,rather
13785,490,heavy,health,North Melissa,wife,year,news
17943,239,about,watch,East Laura,according,evidence,dark
14520,756,job,government,Lake Kenneth,pick,ago,former
16264,451,phone,film,Benjaminshire,shoulder,agent,board
11767,30,sense,light,Lake Brianmouth,along,let,fact
9035,962,draw,land,Webermouth,sit,white,conference
16420,364,thank,story,West Dennis,citizen,impact,bed
16468,4,ok,the,New Rebeccafort,sign,section,writer
10950,897,writer,early,West James,process,what,life
13866,421,wonder,little,New Sherryland,expert,really,town
12206,236,day,color,Tylerfurt,suffer,doctor,improve
11689,918,white,us,New Christopherstad,along,end,game
17626,443,situation,hair,South Theresa,remain,statement,always
15546,46,recently,nature,South Paige,executive,occur,deal
12555,156,weight,own,Bowmanview,space,computer,specific
9216,897,one,real,Sarahborough,her,partner,information
11677,732,wear,media,Port Jacobland,class,part,maintain
15566,211,body,tax,Luismouth,hard,respond,study
16260,393,center,accept,Port Chris,agreement,pattern,item
10231,601,beat,positive,Lake Samuelfort,size,cover,ball
10094,832,keep,environmental,New Joshuaton,expect,friend,area
13227,320,wish,change,Lake Jim,figure,camera,decision
9061,542,whole,term,Kimberlyhaven,small,without,open
12640,228,treatment,which,South Frederickhaven,end,head,suggest
11203,89,before,hospital,Mccoyfurt,black,summer,send
16833,20,spend,meet,Mcculloughfort,close,occur,budget
11942,583,series,Mrs,Howardside,six,take,discussion
14354,258,old,country,West Michele,degree,Mrs,idea
17284,53,capital,finish,North Shawnafurt,world,all,letter
11058,438,charge,play,North Angelaside,from,increase,wide
9456,271,me,move,East Pamhaven,various,trade,seat
17890,754,able,heavy,Davisbury,want,land,current
10290,272,wide,sort,Kristenview,sound,wind,walk
9628,899,clearly,stand,East Jasonbury,same,end,ten
10941,379,buy,a,Reedton,despite,can,machine
11871,93,at,west,East Danielleshire,pick,happy,important
14916,17,manager,tell,Petersonhaven,begin,general,yet
9195,558,total,people,Lisaberg,standard,institution,pay
14265,289,relationship,baby,Morganland,day,stage,human
17392,259,two,network,Rodriguezchester,message,speech,source
16051,32,exactly,including,West Williamport,up,face,guess
13548,469,money,same,New John,reach,beautiful,test
15261,104,bad,run,Russellfort,research,book,out
15833,893,true,paper,Hortonberg,already,quickly,ten
10412,375,whole,toward,Hermanstad,message,pattern,create
9528,643,population,to,Knappland,Congress,stay,enter
9912,223,off,mother,Terrychester,painting,present,officer
9438,778,I,that,Samanthaton,accept,grow,throw
16139,684,the,police,North Suetown,future,father,democratic
16581,441,with,industry,Lake Isaacview,current,medical,which
10720,572,sound,cut,Davisland,against,coach,candidate
14124,99,agency,star,Moorechester,phone,husband,threat
9193,539,owner,staff,North Jessicaport,important,weight,public
12898,450,but,author,West Jenniferbury,impact,half,stay
17951,791,miss,stay,Booneton,spring,capital,nice
9291,769,future,by,Bellchester,woman,window,successful
16869,195,vote,sister,Lake Samuel,hair,reduce,crime
13624,696,side,wear,Williamsburgh,man,perform,service
16786,990,wear,Democrat,Ericfurt,some,past,summer
15629,93,significant,increase,East Kathleenfurt,material,allow,your
17775,538,night,write,Deborahshire,series,or,wide
16374,126,wonder,imagine,Schwartzfort,have,back,support
10581,402,ever,language,South Gerald,race,democratic,life
17833,446,at,show,South Katie,report,performance,night
15793,929,student,decide,Erinburgh,lot,trial,strategy
15979,714,someone,painting,Leland,president,analysis,development
11874,562,provide,audience,South Derekport,administration,system,wind
15812,433,blue,type,Port Ronnie,state,source,activity
17068,698,tax,drop,Smithton,memory,which,environmental
15603,985,nice,education,Port David,six,condition,social
12066,146,project,attorney,Dylantown,finish,his,health
10129,935,network,room,Jenniferside,hear,us,young
15786,14,successful,event,West Kimberlyfurt,individual,again,however
9180,734,certainly,sell,Chanton,health,through,herself
12051,534,billion,blue,Fisherbury,nearly,lose,cost
14645,133,feel,appear,West Kelly,according,team,case
8841,65,ten,nature,Frenchborough,consider,picture,bring
10982,763,much,establish,Stephaniestad,me,memory,say
10272,121,medical,into,Contrerasfort,shoulder,answer,here
15162,745,that,free,Dudleyhaven,civil,performance,employee
9015,792,local,perform,Lake Brettfort,exist,wide,account
10779,59,apply,they,South Randy,suddenly,population,help
14232,348,onto,pass,Kathrynside,Congress,increase,decision
12244,881,party,door,Woodsview,account,guess,new
17893,173,station,certain,Powellmouth,weight,morning,despite
16884,225,whole,final,Palmerfort,discuss,once,set
16581,288,whether,care,Amandaport,meet,soon,seem
10655,815,they,talk,Amyberg,high,well,follow
10588,501,really,weight,Lake Rhondaside,one,most,control
10644,64,wrong,ever,Rebekahland,suddenly,sometimes,score
9490,600,event,left,Davidview,team,computer,yourself
10432,150,name,explain,Perezmouth,participant,suffer,lose
17891,322,owner,charge,Port Shanehaven,building,laugh,air
14734,795,great,box,Lake Matthew,short,past,build
13172,67,beyond,there,Dakotastad,short,range,lawyer
17219,41,TV,authority,Lake Shannonport,their,write,capital
15639,650,weight,term,North Donnaburgh,nature,building,result
11334,682,true,team,East Stephanie,gas,possible,movement
10675,584,little,happy,Michaelberg,along,water,word
12271,987,try,country,Thomasmouth,light,within,body
16182,969,open,laugh,North Karen,face,world,interesting
10138,103,professor,bill,Lisaberg,little,skin,fact
17361,606,amount,guy,Lake Michaelstad,list,could,never
13650,395,light,better,Bradleyburgh,voice,tough,school
10666,137,specific,admit,New Diana,race,work,student
10467,395,police,light,Herreratown,sometimes,expert,assume
10067,842,movement,mean,Nealchester,program,what,bag
17466,413,eight,pick,Bryanbury,good,price,culture
9123,16,degree,quickly,Richardsonburgh,bit,staff,night
15462,630,nor,may,Charlesberg,may,many,arrive
13827,691,sure,law,Pittsville,continue,talk,force
11122,831,near,major,North Benjaminborough,move,they,system
11411,952,almost,interview,North Christopher,whole,fire,seek
11112,52,activity,by,Lake Edward,after,bank,person
15971,152,break,two,Lake Wesley,know,everybody,year
17145,915,agreement,weight,Jonathanfort,will,mind,all
9748,261,their,factor,Amyside,purpose,fall,question
9314,477,choice,bed,East Sarashire,two,make,science
11464,899,soon,paper,Mathewsmouth,large,brother,thought
17445,779,remember,region,Port Theresatown,coach,investment,floor
11146,465,economic,organization,Lake Williamside,green,now,affect
17702,253,still,list,Edwardsside,yes,evidence,radio
10054,240,buy,so,Lake Donaldmouth,kid,court,another
14903,370,others,record,West Tammyport,difference,or,property
16878,488,explain,a,Johnfort,peace,visit,site
17175,933,population,sing,Brittanyport,five,everybody,effort
14816,5,know,it,Piercetown,anything,again,also
9939,156,couple,career,Hannahbury,different,teach,stage
14202,715,look,training,Allisonchester,southern,everyone,science
17780,938,wear,mind,Johnfort,hotel,attention,claim
11423,940,ready,here,Lesterfurt,admit,role,month
14852,805,sport,return,South Michaelbury,without,free,region
14911,347,process,behavior,East Stephanie,wide,catch,page
17363,746,wish,structure,Kirkbury,decade,leader,teach
13223,936,analysis,you,New Jennifermouth,every,modern,determine
14335,559,election,around,South Marthaport,course,operation,baby
15358,759,civil,behind,Jeremiahborough,future,two,describe
17161,893,space,lay,Kristineport,voice,list,story
9531,753,particularly,one,East Stephanie,southern,site,like
12260,329,change,simple,Sharonburgh,sister,process,final
14076,45,loss,season,Smithbury,scientist,rest,green
12478,940,remain,degree,West Melanietown,receive,mind,all
10204,394,always,exactly,Stevenland,present,news,begin
11848,659,under,few,Carrilloberg,relate,within,least
12450,760,lawyer,bit,Melissaberg,what,say,conference
11963,580,heart,air,Susanmouth,scientist,less,mouth
15390,308,one,picture,West Rhonda,may,spend,turn
11013,159,rich,blue,Stevensshire,seek,spring,ability
15356,513,respond,building,New Danaburgh,each,night,discuss
14057,804,word,financial,Port Guy,director,forward,much
8882,784,responsibility,along,Mariaport,military,without,can
17091,391,six,trip,West Matthew,black,morning,drive
15372,235,check,hour,Harrisfort,you,least,property
15597,905,here,rock,Harrisland,light,start,small
13387,19,shoulder,rich,Port Gina,source,nation,artist
10952,743,address,language,West Jesse,she,majority,like
15693,763,view,stage,East Kelseychester,court,service,market
12163,335,toward,family,South Erikfort,spring,fire,research
11783,643,actually,process,Lake Amandaland,soldier,every,learn
12006,341,owner,push,Lake Glennshire,receive,analysis,again
16873,229,fear,or,Katherinebury,political,ago,just
12821,778,imagine,arm,New Andre,talk,memory,evidence
9043,960,southern,girl,West Nancy,eat,goal,manager
15643,969,else,blood,Robertberg,maybe,compare,million
9748,206,fine,day,New Diane,over,guy,thought
10570,605,mean,couple,Jenniferberg,collection,share,attention
12340,24,some,language,Woodbury,marriage,add,yet
16970,817,school,blue,West Penny,involve,five,matter
9284,289,yourself,for,Amandaport,become,amount,available
14243,85,lose,behavior,West Rebekahland,seek,let,far
15342,649,quickly,economic,Danielfurt,science,happen,miss
12740,224,suffer,six,Jasmineberg,something,question,interview
13737,309,attention,late,Port Marco,must,get,travel
11593,327,before,feeling,Melissaport,information,structure,hour
16930,639,mean,onto,Port Saraburgh,hospital,cause,have
12511,834,agreement,ten,Kelseymouth,together,summer,growth
17244,405,contain,recognize,Erictown,close,true,although
16511,360,important,issue,Vangberg,plan,because,pick
13768,303,film,business,Lake Martin,bag,money,physical
12667,138,hope,central,Knoxville,its,special,government
15078,442,push,capital,Lake Michelle,clearly,plant,speak
16241,931,small,information,Andrewport,this,it,suggest
10408,438,sound,region,South David,most,kind,well
9113,373,long,reach,Traceyberg,out,nature,third
16807,424,worker,hear,Robertside,establish,defense,whether
12306,974,mean,record,South Brenda,although,someone,resource
15926,364,address,visit,North Matthewside,you,them,firm
10223,584,vote,history,Connerport,never,hundred,chair
14310,818,author,involve,East Andrewfurt,detail,Mr,vote
15912,792,nor,this,Alanton,challenge,success,drive
10547,966,chance,baby,Debraport,arrive,alone,beyond
12245,546,enter,enjoy,Josephburgh,high,I,two
17111,568,seem,rock,Owenshire,manage,address,without
15680,537,development,everybody,East Michaelside,product,dark,hit
16422,891,other,green,Littleside,claim,close,forward
9972,141,yourself,effect,Lake Brenda,them,media,above
16364,341,painting,administration,East Thomasmouth,key,own,last
12033,655,western,fine,Christophermouth,chance,billion,another
15379,695,which,house,Lake Bradleychester,gas,travel,fight
10797,431,significant,half,Lake Katherineburgh,recent,do,yeah
16737,128,for,dinner,Lake Jeannetown,former,bill,voice
11655,990,improve,tax,Port Robertville,very,somebody,treat
13407,631,play,vote,Port Ashley,research,adult,section
17965,810,whole,might,Loganfort,able,concern,team
13770,856,in,voice,Joanport,single,other,be
14986,410,describe,popular,East Belinda,set,billion,various
15014,303,his,team,Port Marystad,talk,provide,resource
16261,141,citizen,exactly,Burnsfurt,table,herself,off
15613,818,management,arm,East Joshuaton,authority,education,bit
16333,106,new,myself,West Jonathanshire,your,seek,group
17589,243,world,later,Port Michaeltown,commercial,past,human
8863,385,professor,music,Davismouth,series,remain,thought
11666,682,but,several,New Bruce,standard,everything,catch
13422,473,during,affect,East Rebeccaton,social,anything,PM
10591,252,different,have,Valerieton,partner,back,maintain
14803,206,outside,ask,Hayeschester,describe,should,choose
13758,718,her,evidence,Stephanieland,and,produce,upon
14291,188,catch,medical,Hessview,mouth,fact,boy
16588,502,notice,student,West Jennifer,serious,surface,author
16758,208,major,protect,Bautistafurt,some,improve,certainly
15762,353,through,run,Guzmanstad,would,until,wife
17814,638,reveal,case,West Tabitha,away,structure,star
11520,633,reduce,economy,Lake Samantha,become,anyone,use
8823,978,discuss,opportunity,South Erinbury,reduce,picture,enough
16019,959,interview,body,Dianeland,take,collection,throw
12374,523,edge,who,Owensfurt,reveal,million,activity
11027,925,level,form,West Nicholas,deal,cell,my
14635,911,standard,lead,Bookerbury,security,avoid,final
11423,77,site,style,Barberland,person,on,fast
10748,528,available,amount,South Deanna,pretty,dream,environment
14984,989,anyone,company,Port Heatherside,image,task,lawyer
12771,380,month,thing,Port Kenneth,cover,sport,pull
11391,541,safe,by,Smithstad,beautiful,short,whether
10775,332,high,those,East Mitchellview,actually,common,vote
12619,701,yard,important,Hernandezfort,next,analysis,some
13269,687,every,material,West Kathyland,source,trial,reduce
8854,500,often,point,Dylanshire,wall,create,brother
17024,88,phone,economy,Bradleyburgh,between,professor,answer
14381,732,food,customer,Morrismouth,build,this,hard
13585,834,mission,each,New Krystal,local,instead,century
14302,754,seat,walk,North Carol,imagine,most,high
10817,449,foot,no,North Mariah,night,mean,source
16554,219,draw,religious,West Jayfurt,beautiful,figure,training
15145,473,view,question,Foxmouth,final,station,building
12221,661,structure,modern,East Amanda,threat,keep,should
17754,894,enough,employee,East Caitlin,reduce,not,base
12605,927,computer,arrive,New Pamela,important,lot,maybe
10357,167,none,Congress,Allisonhaven,phone,a,value
16535,99,force,it,Andrewburgh,himself,country,ability
12286,717,though,who,West Lisa,them,easy,improve
13197,850,rather,your,Wilkinsonland,floor,whatever,report
17754,141,into,show,Chrisbury,campaign,act,still
10407,425,establish,civil,Lake Natalietown,weight,perform,build
16353,792,sort,indeed,South Kelly,often,or,life
15427,13,capital,training,New Ralphborough,south,know,beautiful
12449,855,positive,end,South Christopher,three,there,change
9242,274,case,think,North Courtney,science,television,skin
14130,861,indicate,exist,South Carrie,from,item,nothing
10755,943,resource,us,Wilsonstad,language,moment,chair
13949,466,become,build,Floresland,off,likely,hotel
16827,856,seek,difference,Bennetthaven,phone,individual,source
11079,330,build,friend,South Nicholasland,particularly,ground,everyone
11731,693,at,loss,North Jodi,choice,against,yourself
10814,55,very,left,Whiteland,vote,both,up
9033,120,house,later,East Gail,effect,born,generation
13466,250,event,federal,South Sharonport,design,culture,wrong
13220,283,language,society,Williamsland,light,lot,member
11582,421,sense,large,Port Candice,idea,school,law
16399,840,answer,mouth,Garzaborough,resource,popular,message
14768,307,share,run,Charlesmouth,single,start,never
16597,673,bar,real,Lake Jasonstad,green,raise,law
14881,598,building,national,East Cindyland,thing,factor,pay
15344,800,help,table,Juarezland,right,light,less
10906,528,thing,same,Gentryberg,middle,center,talk
16582,262,here,evening,Kimborough,black,modern,material
15515,979,subject,realize,Justinberg,chance,arm,determine
11761,5,second,become,Clarkberg,assume,special,single
12902,128,firm,test,Port Conniefurt,direction,various,others
13828,153,should,brother,North Hannah,or,now,car
13147,441,item,large,Lake Nancy,statement,discover,film
8949,681,size,least,Myersside,watch,full,job
15581,706,fish,party,Danhaven,truth,goal,well
13956,176,while,want,Hickstown,increase,today,west
14003,455,hotel,mouth,New Christinafort,create,voice,television
11481,824,right,usually,Frankburgh,although,almost,parent
9507,557,spring,bit,Perezbury,ago,piece,off
13871,792,pay,of,Bryanfort,none,outside,artist
9233,848,bring,miss,North Troy,wrong,next,whom
13336,414,its,ready,East Kenneth,final,great,though
14389,497,benefit,fish,Davismouth,change,her,ever
10800,761,three,stage,Martinezborough,scene,step,without
10071,240,pretty,radio,West Daniel,address,million,him
9841,215,most,product,North Michaelport,or,different,clearly
12178,803,occur,clear,Stevenmouth,spend,garden,company
13535,683,during,all,Port Ronald,find,protect,before
12993,894,forward,manage,North Tammy,step,enjoy,move
15297,717,also,feel,Lake Thomas,herself,girl,onto
12871,63,she,certainly,West Annehaven,no,data,not
15102,659,key,exist,South Amandaland,quality,have,street
11258,662,discussion,ask,Mitchellshire,huge,life,service
16158,746,teacher,maintain,Ianberg,under,newspaper,her
17943,648,miss,space,Harrismouth,woman,perform,current
9993,4,language,now,Hernandezside,throw,perform,could
16544,818,able,choose,Harrisstad,now,office,thank
14961,715,fill,realize,Ambermouth,street,future,appear
9717,659,eight,buy,Krystalside,hand,agree,bring
9631,448,generation,camera,Michaelborough,debate,process,compare
17223,541,through,simple,Angiefurt,mother,only,pressure
17013,780,professional,list,West Aaronburgh,center,foreign,operation
14475,915,produce,upon,Melindaberg,last,dark,raise
9262,279,next,whether,West Diane,none,feeling,medical
13625,723,great,commercial,Port Michaelbury,sure,direction,push
12129,545,compare,bad,Kellyborough,difference,agree,society
15918,786,work,office,Carpenterfort,surface,rule,participant
14331,963,Mrs,other,West Jesusstad,put,tough,agency
10200,389,generation,heavy,Kevinchester,audience,charge,form
14899,567,human,safe,West Shannon,seven,top,color
14948,844,training,card,West Angelaburgh,matter,painting,election
14785,651,fact,they,Port Douglas,car,hand,develop
10883,985,gun,newspaper,Burkehaven,white,white,my
11380,237,bring,girl,Jamesberg,process,white,leave
14277,753,clear,my,Samanthaton,child,involve,few
16799,673,chair,particularly,Lauraside,child,worker,little
13868,173,model,upon,West Donna,marriage,seven,tend
10450,69,baby,attention,Hillstad,stuff,character,race
10338,4,window,city,Staceyborough,point,themselves,trial
11182,784,public,good,West Jessica,perform,only,sell
10799,697,ten,trade,New Davidberg,dinner,project,admit
14439,116,dream,person,South Angela,treatment,within,degree
16542,179,democratic,vote,Robertport,growth,drop,what
9110,750,yet,opportunity,Lake Katherineborough,however,appear,morning
14801,280,radio,play,North Lisahaven,dog,get,industry
14906,204,mission,area,Edwardschester,get,huge,travel
13437,736,sell,could,Travisborough,coach,second,purpose
16548,274,price,prove,Johnmouth,center,oil,practice
13690,116,arm,suddenly,Port Desiree,start,consumer,raise
9498,748,arrive,course,Barrview,indicate,all,Mr
9535,803,their,worker,East Erin,today,million,buy
14298,983,father,large,Butlerfort,suggest,role,exist
12473,835,common,avoid,East Tinahaven,brother,our,amount
9451,348,yeah,term,South Ryanburgh,debate,its,ok
15916,965,something,form,West Kimberly,exactly,night,issue
10209,534,whether,determine,West Erica,pull,long,pretty
10123,621,rich,force,Randyview,property,activity,answer
10235,500,improve,anything,West Jennifershire,pick,serious,doctor
16714,43,small,stay,East Chad,sense,dog,marriage
13549,220,author,bit,Port Amanda,protect,member,want
9819,950,discuss,scientist,Lake Rebecca,scientist,suddenly,huge
11603,722,sense,Republican,South Jefferyville,according,away,nor
14254,893,defense,leader,East Amandaburgh,while,senior,forward
14778,288,what,begin,Lake Vickie,strong,any,that
13204,982,rest,serve,South Christinaburgh,inside,however,gas
11020,524,page,husband,Stephanieton,smile,minute,budget
17345,779,view,term,Lake Christinaland,much,strong,medical
10782,199,light,present,Amyview,side,black,kid
9600,967,move,game,Port Eileen,require,lose,upon
14132,395,end,change,North Stephanieland,road,focus,job
17391,667,attention,table,West Christina,road,economy,water
14619,320,benefit,action,Geraldbury,single,radio,those
13675,611,describe,certainly,Mendozahaven,show,any,idea
12556,362,way,war,New Russellland,physical,according,medical
8834,716,outside,describe,Christinaville,myself,without,design
10106,27,measure,until,New Victoriaberg,short,rather,million
12846,560,animal,a,South Adam,condition,total,attack
8972,509,left,plant,Lake Andrew,where,at,piece
12686,602,commercial,report,East Kelly,body,compare,enter
11121,892,Democrat,building,Jamesville,sense,marriage,million
12952,359,discover,room,Mannhaven,cover,citizen,college
10695,158,board,increase,Juliamouth,must,network,science
14051,27,lead,goal,Stanleymouth,according,nature,deep
9569,82,public,she,New Johnborough,but,among,he
9113,926,likely,eat,Port Coltonstad,might,from,growth
14732,107,per,care,Lake Karen,garden,bed,through
9494,716,section,easy,Port Gabrielberg,administration,short,bar
14472,328,by,mind,West Theresaberg,act,discuss,prevent
14991,267,whatever,happen,New Kimberlyview,hit,talk,show
17281,83,bar,all,Millerhaven,goal,hour,throughout
13900,261,foot,arm,Lake Scotttown,view,I,until
14697,249,station,hot,Princeport,order,citizen,of
12741,247,rule,design,Lake Jacob,seven,him,check
10111,119,crime,action,North Williamton,possible,career,record
15580,225,these,computer,West Shaneshire,story,thought,go
10368,252,today,these,Sandersview,leg,hope,color
16773,171,simply,such,Paultown,development,last,help
17515,790,somebody,send,East Melissaland,middle,move,positive
12147,776,generation,student,Port Scottshire,democratic,close,factor
17470,287,visit,name,North Douglas,down,along,have
9599,835,hand,treatment,Caseyside,police,number,involve
17635,671,brother,not,Melissamouth,space,dinner,town
10612,527,spend,according,South Michaelmouth,force,daughter,modern
15047,500,impact,hope,Stevenbury,sign,politics,high
13517,583,father,notice,East Jasonville,tend,by,all
11747,767,money,herself,Edwardside,food,other,us
13976,674,growth,similar,East Jennifer,carry,her,girl
9133,176,from,shake,North Maria,check,thousand,summer
10136,463,cost,picture,Thomasmouth,democratic,medical,hundred
15421,702,simply,marriage,Henryview,born,nature,want
14474,134,moment,those,Cainhaven,control,television,performance
14690,429,theory,or,Millershire,story,like,assume
12494,605,decide,former,Ashleymouth,spend,heavy,miss
15460,707,draw,note,East Kayla,help,learn,bring
14754,110,nothing,card,New Crystal,speak,as,lay
12801,266,so,size,Tinaview,serve,modern,may
15783,667,military,market,Rachelchester,term,learn,generation
14775,396,on,administration,Rebeccachester,worry,quickly,reach
13536,853,exist,few,Jeffreyhaven,company,claim,its
9383,786,player,low,Lynnmouth,dog,tree,while
17825,33,artist,thus,Justinhaven,individual,adult,fact
14871,18,customer,beyond,Robertsmouth,begin,though,teacher
17602,757,food,around,Warrenhaven,shake,sometimes,maintain
10087,14,lead,officer,West Mark,generation,though,explain
16184,301,key,economic,Christopherport,able,make,upon
9300,868,thus,contain,Olsonhaven,eat,these,area
11507,673,particular,court,East Jackburgh,reveal,policy,among
16079,836,system,purpose,Anthonystad,city,reflect,class
14248,640,film,rather,Kentmouth,wonder,add,figure
16129,747,detail,suggest,East Diane,cold,mind,issue
15054,765,officer,language,North Amanda,less,enter,establish
13991,609,them,last,West Brandonton,character,sell,everyone
12775,743,trip,quite,South Dylan,improve,upon,this
10882,450,another,food,South Luis,capital,girl,fly
17917,751,modern,and,East Ashleyburgh,painting,want,tend
17282,412,bit,simply,Lake Michaeltown,everyone,answer,smile
11189,473,write,fish,Port Karentown,only,cut,floor
12187,498,police,above,Bobbyshire,election,art,assume
12062,214,cultural,arm,East Thomasview,picture,by,significant
9143,258,many,year,East Thomasview,low,every,gas
14426,563,apply,so,New Katelyn,trade,ago,assume
10512,593,whether,hope,Millerfurt,energy,opportunity,over
14452,861,lay,left,Lake Hannah,prevent,hear,lot
9711,945,true,employee,West Amber,data,way,season
14094,157,stuff,party,Jordanbury,now,pull,break
15184,250,accept,full,Melvinfort,heavy,soldier,those
9341,220,significant,story,Nathanville,federal,realize,much
11227,576,father,ago,Deanberg,cause,boy,one
14669,978,try,statement,Lake Sarah,speak,knowledge,but
14236,849,industry,cup,Huffborough,account,property,store
14802,920,young,score,Stephenshire,call,mother,ask
11834,787,machine,road,Ashleyberg,board,require,upon
10658,544,training,fly,Irwinborough,others,man,parent
9169,352,cause,measure,Lake Angela,machine,fill,thank
15439,524,fire,respond,Ashleyview,eat,customer,teach
14580,70,management,who,West Jonathan,themselves,central,I
9450,57,run,however,Sarahside,address,Republican,should
10503,864,send,economy,Franklinborough,society,argue,do
13348,180,whole,like,Rileyfort,determine,factor,avoid
17827,671,production,individual,Gabrielatown,term,manager,party
11270,798,benefit,effect,New Jessicamouth,star,building,coach
13020,456,but,help,Mullinsburgh,nice,recognize,country
15740,792,successful,central,Hallbury,capital,among,family
16803,267,must,chance,Amyville,since,line,discussion
9847,746,south,continue,Anthonyberg,unit,beautiful,feel
9323,49,medical,material,Simpsonhaven,method,nearly,simple
12223,530,note,law,Kimberlyburgh,child,natural,study
13115,647,beyond,operation,South Jasmine,situation,possible,model
14735,720,reveal,professional,Kimberlyberg,director,give,actually
15042,68,early,get,Zacharyborough,hair,by,offer
9817,224,development,keep,Lake Davidville,look,chance,age
10831,918,affect,special,Hickmanburgh,training,skin,edge
9357,243,news,quickly,Andreahaven,discuss,join,west
13520,700,raise,what,Stevenmouth,student,task,develop
11927,747,approach,relate,Millerbury,ask,place,information
14531,616,respond,soon,Sanchezmouth,rather,why,fly
13348,405,thousand,style,Pamelaton,card,family,foreign
11709,869,kitchen,I,South Matthew,begin,its,seek
15458,858,just,land,Port David,letter,student,management
11479,209,ball,effect,New Derek,build,expert,trade
11604,132,third,daughter,Lake Tinaland,world,open,medical
16024,873,southern,forget,Justinburgh,nice,social,like
13192,196,growth,believe,Austinville,citizen,service,analysis
12254,693,fact,deal,Emilymouth,them,score,write
10478,175,painting,deal,Tinabury,discussion,civil,machine
17020,527,present,her,Lake Christopher,him,make,them
13074,171,have,who,Johnton,hundred,service,president
9233,667,part,pressure,Margaretton,commercial,term,might
14720,822,oil,reveal,Castilloview,fire,nothing,decide
9717,491,operation,music,Penashire,own,candidate,oil
11011,93,simply,use,South Anita,report,ever,myself
12438,484,standard,trip,Port Valerieburgh,according,particular,cause
12549,275,offer,out,North Josephmouth,customer,task,fly
16199,824,back,trouble,North Robert,far,Democrat,quite
12183,967,listen,realize,Parsonsmouth,listen,case,national
17054,874,institution,writer,Greenport,less,film,specific
12014,418,theory,letter,Samuelstad,surface,imagine,law
16458,587,heavy,one,Webbport,practice,outside,law
17826,339,own,note,South Baileyberg,though,lose,example
9598,979,agree,act,Lake Jamesview,beautiful,traditional,lawyer
14829,960,record,total,East Sherry,establish,though,anyone
10301,463,senior,life,Lake Vanessa,before,pass,everything
14200,783,lead,recent,New Alexandraton,home,sound,beat
17691,597,theory,manager,West Brenda,social,start,see
11178,374,wide,city,Port Stephanie,job,skin,weight
9535,150,hot,notice,East Cheryl,tell,research,draw
15206,862,he,forget,South Blakeshire,turn,senior,decide
17494,548,budget,protect,Lake Alyssaland,fire,reason,support
10036,391,officer,capital,Port Johnland,thing,already,thousand
11181,382,several,center,West Lauren,outside,beautiful,notice
14416,545,beyond,service,South Michelle,enter,get,pull
13818,108,fall,radio,Stevenmouth,hotel,nice,compare
17198,334,speak,compare,West Monicatown,effect,hold,field
10452,942,woman,such,Heatherfurt,toward,over,lay
17108,450,clear,weight,East Amandatown,model,likely,sound
13222,807,style,would,Bellland,paper,call,computer
11924,413,not,right,Lake Christopherstad,quite,from,support
15075,502,last,yard,Connorstad,before,tax,baby
17895,167,radio,yet,West John,music,writer,fast
13411,445,happy,ability,Wilsonchester,billion,indeed,site
15273,15,radio,will,Nicolehaven,who,star,project
13201,479,nearly,newspaper,Johnsonborough,pass,test,spend
13769,258,response,population,South Corey,everyone,former,pressure
14036,464,lot,Mr,Davidchester,understand,heart,season
16111,545,occur,safe,North Bryan,follow,perhaps,song
17971,708,agency,go,Davidfort,mind,which,hold
17770,558,son,maybe,Port Nicholas,evening,note,candidate
16137,991,edge,too,Jamesfort,wide,each,model
17052,418,difficult,film,North Cameronburgh,herself,try,century
12840,809,step,team,West Daniel,give,soon,poor
13686,847,media,debate,North Madison,pull,instead,significant
10015,302,mention,citizen,South Kimberly,bar,bed,card
12043,570,everyone,increase,New Patricia,plant,list,will
10820,301,born,tend,Melissatown,focus,go,actually
9336,373,book,station,Jordanfurt,wrong,actually,bit
14620,491,three,despite,Johnhaven,class,doctor,task
13616,743,along,find,Edwardchester,yard,smile,affect
11716,796,paper,subject,Lake Jesus,table,room,find
12959,566,eat,go,Heatherchester,agency,find,administration
16901,763,computer,shoulder,Lake Ashley,movie,billion,man
12937,922,offer,give,Port Philipmouth,draw,cut,process
16640,470,always,economy,New Megan,challenge,under,news
12704,593,number,much,Mullinston,case,city,one
12857,5,once,evening,Jasminbury,around,character,interesting
9018,348,size,only,Port Jasonside,measure,brother,popular
14051,871,visit,development,Smithfurt,thought,wait,doctor
14447,89,trip,type,Duaneland,return,take,well
14192,983,industry,vote,Stacyberg,light,approach,popular
15597,999,condition,claim,Petersonmouth,wide,seek,rich
12159,803,attention,explain,New Joelview,throw,election,garden
17172,611,game,painting,Woodfurt,level,but,suffer
16617,254,focus,it,Kimberlybury,last,pick,tonight
12145,151,toward,choose,Miguelchester,according,cause,white
13371,515,look,hard,Port Brandonburgh,discussion,south,yourself
9555,395,feeling,on,Robertport,guess,officer,himself
11297,381,perhaps,radio,South Laura,later,able,woman
16420,947,according,wall,East Kevinhaven,anyone,speech,describe
13971,348,blood,conference,East Timothyhaven,all,heavy,future
15667,455,have,practice,West Mackenzieview,line,player,woman
10760,306,reduce,difficult,Reidborough,later,conference,they
13605,531,board,return,South Lindsaystad,admit,seem,natural
13886,448,piece,final,Kevinborough,treatment,really,amount
9698,673,allow,boy,Sheilachester,sister,environmental,enter
9411,944,not,cold,Maureenbury,let,response,land
14714,37,grow,but,Cummingsmouth,tonight,hundred,per
9249,808,represent,consumer,Joseview,picture,politics,because
9070,782,spend,agreement,Andrealand,few,community,organization
17457,990,no,eye,Lake Ryanport,free,important,capital
13775,306,bar,too,Erinmouth,organization,law,actually
15240,839,safe,key,East Jonathan,itself,must,school
16430,811,fact,behind,Port Patricia,out,fund,guess
10677,82,doctor,nor,Port Joseview,decide,different,sister
10796,444,themselves,whether,Port Melissa,move,discuss,drive
11743,924,pull,keep,Port Michelle,rather,I,pick
14420,472,chance,south,South Wendyside,language,hit,green
14556,943,recognize,same,Tammyborough,red,manager,attorney
9729,289,among,event,West Ashley,we,quite,table
11198,891,phone,decide,Russoberg,blood,yard,big
10609,575,American,task,Dorothymouth,arm,budget,development
12875,48,southern,fast,Davidmouth,exist,report,service
15935,743,house,news,New Sara,usually,soon,beautiful
11361,70,some,safe,New Christianmouth,give,common,this
15510,380,fall,region,East Cindy,population,simple,past
16888,408,material,performance,New Vincent,take,government,brother
13596,433,customer,class,New Katherinestad,share,truth,remember
11024,672,wife,second,Lake Barbara,always,firm,include
16603,164,compare,bad,Port Sydneybury,computer,nothing,during
16327,227,defense,growth,South Jaclynfurt,instead,any,receive
9338,525,those,officer,Port Anne,still,bad,attack
9351,855,allow,floor,Zacharyhaven,however,nearly,me
9743,746,family,part,Mooreland,in,media,cost
15475,529,spring,sell,New Tyler,west,need,time
12590,611,activity,kitchen,Robinmouth,certain,street,stand
15402,374,institution,group,Jonathanfurt,someone,serious,letter
9119,5,thing,door,Lake Cynthia,government,likely,behavior
14516,621,should,war,Leechester,house,wait,child
14590,66,summer,employee,West Cynthiahaven,cup,visit,opportunity
14587,709,official,traditional,Timothyhaven,trip,so,benefit
17607,492,leave,economy,Port Sierraburgh,write,police,response
12307,861,yard,evening,Torresstad,together,kitchen,physical
9003,287,maybe,have,New Paigemouth,material,change,act
14304,960,far,might,East Kelli,half,amount,live
14560,416,memory,court,South Dennismouth,statement,black,entire
16994,273,somebody,sister,East Chadburgh,other,year,create
14894,652,eye,open,East Jack,someone,within,book
10550,488,local,man,Heathershire,happen,science,through
13132,261,less,away,Monroemouth,be,find,subject
16522,529,type,ask,South Ashley,later,move,possible
14558,359,woman,population,South Tamaraville,agency,particularly,box
10477,663,himself,successful,Hendersonmouth,argue,hospital,major
13778,150,position,time,East Chris,report,center,loss
16160,629,indicate,her,Lake Sharonland,since,bed,decide
9149,284,age,worker,North Patrick,into,wear,radio
12732,857,let,believe,Matthewchester,hot,gun,business
9933,480,suffer,factor,North Michael,international,threat,election
9191,569,all,begin,North Deborah,return,apply,employee
11267,134,minute,pressure,Katherinebury,performance,music,professional
14970,672,operation,represent,Paulburgh,be,stay,somebody
11005,201,find,among,South Alice,from,box,boy
13680,471,challenge,it,Christopherton,manager,wife,recently
14634,436,today,deep,Rayburgh,many,then,fear
15990,972,why,business,Jodiside,camera,scientist,good
17334,429,recent,bill,Lake Benjamin,perform,chair,water
16281,263,pass,day,Michaelbury,address,themselves,best
13169,802,common,still,Port Craig,recent,nice,fall
11094,801,recognize,light,Port Justin,student,bar,cell
11563,107,both,issue,Oliverburgh,parent,out,per
13166,195,effort,yard,North Jenniferborough,score,find,respond
9129,105,trial,court,West Michellebury,difficult,major,floor
11881,524,world,mind,Grahamburgh,concern,rich,help
9902,177,outside,plan,North Shanetown,above,moment,responsibility
11895,281,southern,strategy,Lake Lisaburgh,land,help,capital
8840,233,anything,energy,Nathanview,city,seem,true
11986,114,six,those,Ashleyview,room,attorney,pull
14646,441,little,wear,West Austin,feel,off,actually
10594,412,issue,traditional,Benjaminmouth,impact,too,believe
14716,195,president,him,Johnsonmouth,if,then,almost
11687,461,sort,democratic,Matthewburgh,provide,sister,not
16966,746,man,drive,East Sandraborough,share,guess,when
8901,191,generation,or,Brucebury,however,these,western
14858,994,beyond,pretty,Zacharyland,professor,focus,film
16165,900,significant,explain,Patriciaton,there,heavy,ahead
12291,283,more,day,Kennethbury,parent,simple,finish
12535,52,we,ok,Bakerton,position,already,keep
15855,716,mission,security,East Luisville,case,enjoy,economic
15071,912,lay,feeling,Danielfurt,rock,still,lot
16186,929,at,business,Katiebury,own,bank,measure
12951,142,small,clear,Port Jennifershire,price,easy,position
11712,792,should,best,South Veronica,also,partner,practice
13367,789,claim,member,West Tyler,research,memory,player
10069,925,whatever,positive,Browningmouth,trial,well,commercial
12386,988,idea,challenge,Stevenfurt,stuff,expect,this
12051,466,recognize,choice,East Katherine,foreign,citizen,number
10309,630,environment,else,Lopezfort,cover,want,report
16414,784,worker,beat,Lake Brian,their,garden,would
15578,409,condition,agency,Ericbury,key,chair,street
9477,232,Mr,go,Milesstad,young,set,member
17405,835,policy,lose,Mooreview,serve,heart,fill
10278,557,big,rock,East Kenneth,pattern,bed,charge
12419,955,amount,leave,West Martin,reality,color,training
8886,708,sure,both,Thomasborough,race,wish,anyone
11047,192,hold,lot,Kennethmouth,movement,doctor,mother
12928,570,allow,finish,North James,avoid,city,effort
11194,780,course,bar,North Jonathanshire,instead,how,cup
15115,991,bank,risk,Hodgeton,reflect,maintain,personal
16021,275,either,as,New Melanieland,memory,describe,strong
11748,700,history,reduce,Vegahaven,technology,magazine,involve
12304,468,sound,customer,Hodgesmouth,responsibility,full,hear
10063,463,talk,month,Williamsport,health,beyond,how
16541,141,expert,performance,Port Tina,another,paper,compare
17457,479,a,clear,Dustinmouth,win,sign,thank
16291,657,pretty,really,Lawrencestad,send,will,learn
14120,81,effect,country,Melanieburgh,action,executive,from
12441,601,various,model,Johnton,available,minute,mother
12610,843,door,its,West Ginaville,current,management,water
11480,12,about,bag,South Nicoletown,us,reason,address
10715,26,everyone,week,Lake Jonathan,stop,community,series
17913,294,government,quite,Gabrielview,fine,activity,among
10519,953,attorney,too,East Shawnview,group,six,body
9686,651,western,learn,Port Amanda,radio,difficult,skill
14839,690,available,nearly,Julieville,which,something,activity
17701,545,ball,growth,Jacksonland,game,his,big
8864,325,federal,allow,Heatherfurt,cut,with,challenge
12791,769,skin,analysis,West Samanthashire,lot,easy,kitchen
14885,77,ever,heavy,Kaylatown,increase,scientist,many
10217,241,save,whose,Spencermouth,main,yourself,lawyer
15380,760,administration,measure,West Nathanieltown,benefit,somebody,father
14264,512,usually,face,Blackburnton,of,any,act
14885,301,decision,majority,Colemanland,guy,recognize,view
14194,236,reality,budget,Lake Jessicatown,ago,three,factor
15338,119,leg,ever,Lake Brianamouth,cultural,author,agreement
14028,514,start,least,Griffinport,better,along,history
14185,542,of,serious,New Gregory,before,eight,two
9114,685,should,stop,Port Kenneth,three,here,smile
14493,597,four,indicate,Lake Rodneyshire,measure,machine,deal
9033,525,describe,sort,Thomaston,Democrat,because,image
16265,73,but,who,Lake Danielberg,wish,operation,training
9468,179,who,lose,New Nicholasstad,we,leg,different
10308,256,imagine,shoulder,Kurtfurt,son,remain,change
15437,336,five,sport,Zacharystad,suddenly,run,approach
12190,392,official,present,Lifort,note,budget,figure
10275,948,gun,ask,South Karenstad,writer,general,player
12829,179,kid,call,Kimberlychester,whose,listen,beautiful
17196,724,throughout,personal,South Kristi,mind,run,phone
11686,764,challenge,race,Jordanview,indicate,carry,media
9497,252,generation,fly,East Laurentown,also,enter,window
14279,417,sea,face,South Jasonland,nearly,from,interest
13999,465,new,indicate,Tannerfurt,defense,head,develop
11651,248,no,remain,South Michaelaport,would,speech,true
16345,987,owner,gun,Evanmouth,service,although,professor
14100,367,agency,team,New Mikayla,turn,what,letter
13572,305,tend,talk,New Sandra,need,example,special
13507,643,chair,walk,New James,seek,letter,begin
14120,191,PM,chance,Nathanmouth,piece,full,cut
17325,657,here,view,Lake Miachester,development,participant,once
16580,596,relate,type,Burkehaven,sea,choose,any
11892,901,she,huge,New Laurahaven,reason,bring,because
11728,188,talk,raise,Samanthaview,time,chair,will
11082,198,remain,rock,Cynthiamouth,concern,interview,two
10396,959,law,across,Lake Whitney,tell,smile,interest
11036,372,poor,matter,Grayberg,trial,bad,recently
17101,74,people,argue,Fosterborough,role,campaign,ever
9335,515,over,together,West Annstad,town,much,system
15027,36,plant,before,Debbieside,adult,rule,decide
15849,419,should,fall,West Preston,price,add,industry
11526,473,chance,think,Port Michael,material,future,future
17289,531,difference,stuff,East Jodi,lot,try,billion
10942,714,onto,run,New Theresamouth,star,else,around
12010,938,red,name,Lake Patriciaport,body,degree,now
10659,573,event,skill,Port Laura,my,both,around
12789,106,response,television,Hernandezport,push,strong,course
9166,823,stuff,rate,Victoriaville,enjoy,word,explain
10222,584,physical,remain,New Tracey,guess,development,raise
11631,498,party,information,North Nicholasmouth,visit,care,gas
16931,539,process,age,Leeport,become,money,perhaps
16292,854,improve,television,West Danafort,thing,artist,move
11152,451,clear,available,Grayville,fight,charge,concern
13894,167,woman,society,Port Mary,contain,Democrat,blue
12879,36,ten,pass,Travisfurt,probably,movement,course
13233,901,husband,possible,Lake Elizabethmouth,green,positive,perform
9518,787,budget,end,Lake Amy,human,foreign,doctor
15037,891,establish,baby,East Kathleenview,themselves,upon,major
11687,392,look,fill,New Christopher,price,travel,occur
12031,598,example,into,Georgestad,ball,view,before
13977,725,talk,goal,New Carla,course,former,property
16187,915,easy,may,North Samuelmouth,financial,need,life
12368,301,food,book,Wilsontown,continue,new,off
16916,825,card,allow,Andrewfort,difficult,could,understand
16003,146,as,sound,Port Josephmouth,record,inside,visit
16568,171,idea,compare,New Matthew,city,whom,natural
14647,53,moment,establish,Austinfurt,me,herself,third
11852,10,class,campaign,Kiddfort,without,artist,behavior
8858,887,pull,brother,Ianmouth,physical,role,pull
10935,974,meeting,network,Williamshaven,relationship,wind,by
10550,618,east,break,Perezview,on,report,collection
16544,363,adult,upon,Veronicafurt,ever,drive,behavior
10263,728,true,success,Wrightmouth,ok,tell,message
12951,695,green,claim,Port Paigestad,down,stock,leg
9673,890,professor,green,Lake Derektown,relationship,meeting,would
11258,550,sense,manager,East Brandon,exactly,sell,often
11479,378,life,back,New Margaretland,within,fear,recent
8878,432,oil,them,East Traceychester,something,daughter,miss
11624,656,ready,body,Lake Cesar,there,ok,total
12655,348,large,year,South Karen,suffer,ask,TV
12080,409,dark,democratic,Sandersmouth,rest,wish,however
16141,640,stay,talk,North Lauren,bad,off,type
16404,998,news,cut,West Derrickstad,maybe,manage,accept
11600,837,score,right,Heatherhaven,thus,plan,there
16269,816,new,human,Peggymouth,player,throw,happen
16952,63,these,like,Port Lauramouth,page,glass,per
11056,865,marriage,off,North Julia,important,personal,quickly
10296,917,production,give,Lake Josephberg,technology,specific,leader
9039,836,yes,professional,Tatehaven,future,site,specific
10552,66,similar,real,South Kevinfort,rise,site,treat
13170,734,now,pretty,Michaelshire,but,company,create
15585,982,he,hit,Robertfurt,cut,system,a
15554,172,job,experience,East Katiemouth,figure,vote,land
17972,91,executive,task,New Devinberg,eye,assume,audience
11032,194,teacher,hand,South Jerome,pattern,Congress,practice
17506,79,late,beat,Thompsonfurt,window,month,news
14505,652,by,material,Carterhaven,lead,hear,over
15876,315,however,old,Lake Edward,risk,music,side
14157,75,talk,hear,Lake Andrew,together,reveal,head
15202,291,different,room,Richardside,position,anything,case
17439,974,five,moment,East Donaldberg,energy,free,very
17161,288,follow,often,Port Jamesview,use,anyone,if
10357,752,rather,win,Fletcherfurt,war,sense,radio
14091,746,indeed,much,Christopherland,suddenly,light,charge
11024,716,less,appear,Frankmouth,room,foot,risk
16264,938,partner,way,Lake Debbie,month,expect,might
14935,826,agency,expert,Lake Amber,start,prevent,involve
11927,223,magazine,perform,Port Douglashaven,work,state,number
14410,779,hear,network,Thomasland,anyone,poor,media
9977,918,human,whom,Christophermouth,military,age,century
17234,851,begin,manager,South Carolport,result,matter,student
16482,992,which,wide,Powellland,science,information,show
9059,162,sure,fact,East Jakeville,local,per,newspaper
10711,179,own,oil,Port Carlosstad,yeah,remember,drive
8886,980,skin,political,Simonchester,possible,nothing,offer
13327,971,baby,necessary,Dianafort,major,local,manage
10557,715,seven,article,Port Nicoletown,cause,style,between
15413,232,project,fire,North Tylerborough,today,pretty,lawyer
9607,439,film,add,Port Brandiburgh,stage,degree,which
9152,595,oil,sea,New Angelashire,wall,now,cover
10279,228,time,sometimes,Port Vincent,describe,rest,rate
13849,593,along,indicate,East Danielland,here,executive,big
9560,784,sport,once,Smithstad,place,moment,trial
14916,357,role,seven,Adamchester,special,rich,writer
8821,68,form,tree,Greenburgh,adult,man,goal
14123,954,thought,heart,Sherrishire,wish,check,technology
17335,720,thought,well,Jenniferburgh,up,community,decide
9648,765,policy,development,South Christophertown,successful,need,outside
15694,532,mouth,particular,Port Loriview,in,people,something
17923,147,ground,land,Kenttown,including,career,front
11418,230,get,us,South Christopher,physical,price,sell
14392,329,smile,improve,Woodwardport,teacher,when,about
13892,663,court,team,North Kerri,few,thank,lawyer
11020,343,force,although,New Melissaland,beyond,network,east
17216,910,personal,policy,North Deborahfort,born,hot,adult
17324,181,mind,others,Hallberg,some,ago,individual
14638,2,thank,wait,Keithton,quite,worker,head
17001,813,heavy,clearly,Jaymouth,dark,position,despite
14707,67,town,wish,South Davidmouth,base,cover,young
10777,824,trade,hear,New Manuel,let,those,season
9134,639,close,smile,Ballland,help,however,wish
13303,959,system,single,Dustintown,per,two,forget
10323,258,prevent,perhaps,Allenfort,thing,figure,happen
12566,740,including,your,Juanstad,appear,Mrs,but
13856,170,happen,medical,North Beverlyfurt,here,agree,commercial
9175,837,manage,writer,Port Kristinberg,free,yourself,area
9642,539,culture,federal,Lake Jason,until,some,move
14711,994,fly,Republican,Jamiemouth,box,purpose,side
9725,208,draw,newspaper,East Michelleville,federal,subject,for
17702,287,hear,himself,Mooreburgh,ability,body,country
15095,953,well,degree,Lake Michelle,perform,close,join
9033,82,traditional,car,Lake Jamesland,adult,million,expect
10940,788,military,water,East Lauraton,dream,nothing,outside
14838,359,similar,one,Wallaceton,truth,statement,friend
13916,851,we,account,West Ricardobury,bill,compare,together
10917,164,available,his,West Mary,media,let,country
15962,422,difference,environmental,South Traci,writer,opportunity,sense
14846,796,year,seek,Walkerport,baby,choice,old
9498,33,per,small,West Jesseborough,simply,gas,sing
14025,243,forward,thought,East Cynthia,perhaps,hospital,imagine
17694,230,home,describe,Port Christinaton,after,mouth,citizen
16359,758,hard,brother,East Andrewmouth,sea,suddenly,Congress
17626,918,mission,either,Zoemouth,information,own,issue
12692,403,nothing,safe,New Jennifertown,bad,understand,soldier
12827,479,adult,enter,East Katelyn,however,crime,century
10619,989,single,son,Tammyfort,number,we,must
14325,8,hundred,PM,North Paultown,hit,live,kind
15646,617,buy,best,Port Daniel,enter,author,bed
14903,8,physical,ready,South Lisaborough,have,attorney,notice
16213,421,ten,front,Barrystad,its,idea,oil
13029,665,serious,trial,New Thomasmouth,road,choice,not
13662,282,question,nor,Shorthaven,industry,throw,property
11275,248,rest,from,Tylertown,major,break,shake
17011,950,age,sit,Normanberg,central,service,seven
13502,339,card,author,North Joshua,professor,hospital,low
13044,453,none,point,Robinsonburgh,many,push,rest
15851,421,buy,above,Wrightfurt,team,picture,whose
13175,769,college,of,West Laura,cost,investment,subject
10502,347,recognize,begin,East Deborahfort,hit,buy,understand
11372,473,international,he,New Beverlyport,student,apply,your
12695,604,into,against,East Paul,stuff,day,perhaps
13031,149,no,as,Port Stacyshire,southern,situation,feel
15739,93,kid,traditional,Clarktown,century,coach,time
11029,435,list,TV,East Jennifermouth,nothing,line,condition
10629,123,wrong,smile,New Jackson,benefit,short,economy
12334,855,effort,yeah,Adkinsborough,tree,significant,cut
14744,389,simply,body,South Katelyn,accept,standard,shake
13190,813,foot,people,West Valeriemouth,support,seem,natural
15799,151,degree,store,Marshfort,produce,majority,large
9839,371,garden,sing,New Donaldville,memory,true,indeed
16292,262,response,sign,Judithville,travel,value,back
12975,912,money,specific,Port Kristenborough,political,after,should
12354,392,big,foreign,Lonnieville,suffer,moment,could
10879,9,memory,spend,South Robertmouth,never,beyond,including
16958,578,return,meeting,East Claudia,land,answer,education
16201,148,carry,study,Mariaberg,heart,purpose,place
9118,352,image,prepare,Brewerbury,large,speak,budget
17587,613,prove,many,Timothystad,TV,guess,Congress
15665,683,can,economy,Port Jayborough,fact,interview,institution
16897,56,citizen,system,Whiteville,half,evening,evidence
11472,635,occur,arrive,Paulside,wife,case,around
16789,938,discussion,trade,North Richardland,hotel,social,stay
14057,920,though,cell,East Jennifer,goal,standard,of
15526,763,attention,personal,Lake Rebecca,score,short,college
13387,784,toward,hard,Port Katherinemouth,eye,many,final
9417,906,scientist,summer,New Kenneth,issue,reach,else
10114,21,organization,onto,North Johnborough,hundred,science,laugh
13924,818,indicate,administration,Davisshire,worker,customer,agreement
17939,747,where,include,East Brianna,mother,conference,there
12195,21,role,bar,Port Brittneyland,teach,cold,nor
9154,617,next,popular,Lauratown,state,half,travel
17190,888,indicate,result,Jontown,something,upon,already
16343,100,once,physical,New Shannon,tonight,region,trade
13973,123,between,former,Port Angelaview,minute,glass,after
17262,55,west,by,New Rhonda,Mrs,value,throw
17520,854,need,play,Hendersonberg,expect,baby,whatever
12977,496,usually,charge,Johnsontown,so,interesting,general
12470,727,themselves,may,Rachelchester,federal,news,pressure
9063,510,give,me,Marvinborough,catch,Mr,energy
8923,426,without,wide,Mooreport,they,wrong,Mrs
12410,363,suddenly,car,Sandrabury,eight,daughter,more
16495,774,glass,knowledge,Andrewville,kitchen,across,at
10415,69,tough,film,Martinezland,difference,since,relate
14913,770,star,learn,Taylorstad,television,look,happen
13756,579,newspaper,nation,South Brenda,claim,certain,far
9404,974,shake,address,Lake Lindsay,write,site,miss
13405,984,rate,section,Shawfort,among,evening,movie
9039,873,whether,allow,Arnoldfort,coach,full,system
14452,522,economic,ground,Lake Mark,travel,us,hand
13104,444,have,area,Meganton,together,woman,record
14395,459,everybody,worker,New Claudia,class,experience,meeting
11983,68,total,lot,Curtisbury,computer,high,article
14343,832,require,something,Brittanyberg,them,after,owner
14778,178,this,machine,South Tiffany,black,cup,middle
12844,917,less,natural,Brownberg,across,without,half
12127,107,case,exist,Josephmouth,job,open,none
14905,171,challenge,not,Fosterberg,animal,bed,tonight
11027,846,during,born,Lake Debraburgh,stock,general,always
14842,173,team,perform,Margaretchester,benefit,people,find
15820,462,customer,similar,Rangelberg,size,usually,trouble
8825,490,whom,heavy,Karlburgh,yet,Mrs,box
9799,549,let,participant,Port Rachel,miss,grow,art
15001,481,thank,major,North Alexandriaberg,somebody,make,old
9796,726,onto,like,Hernandezberg,theory,argue,scene
13603,74,large,approach,Tiffanyberg,specific,shake,page
9757,330,anything,own,Reneetown,sign,she,from
16837,280,agreement,north,Johnberg,company,learn,born
17336,888,fly,safe,South Troy,example,east,rock
9681,975,box,worry,Barnesmouth,firm,will,step
12216,902,edge,lawyer,Port Tina,defense,subject,poor
16686,862,floor,describe,South Nicolehaven,dream,age,church
8950,509,adult,indeed,Mahoneyborough,training,officer,understand
11640,520,national,raise,Tonyside,treat,use,audience
9860,221,specific,mother,East Patrick,ask,explain,program
17945,332,economic,despite,Jamesmouth,type,apply,interview
13588,486,fact,coach,Thompsonshire,them,blood,public
16612,70,gun,writer,West James,heart,positive,physical
17141,144,huge,oil,Washingtonstad,pass,report,thing
15710,491,cost,yourself,New Eduardoport,such,decide,stand
17695,669,write,drop,Christophermouth,check,agency,else
15884,238,expert,page,East Kari,believe,identify,of
15821,866,worker,painting,New Nicole,explain,understand,race
16188,478,music,act,Williamshaven,majority,whole,ability
13579,322,reason,establish,Campbellmouth,number,paper,or
15202,976,stay,nature,Timothymouth,type,law,direction
11522,522,accept,organization,Banksland,force,during,benefit
8883,241,door,meet,Lake Victoria,water,which,least
17004,264,word,effort,New Jennyview,team,full,exist
16685,363,season,back,Feliciaville,hotel,create,image
15128,464,ahead,hair,Eduardoland,mean,away,mother
12209,579,matter,generation,New Ashleeport,herself,fish,evening
9410,551,language,west,Tanyaburgh,score,environment,put
12558,438,answer,nation,Bradleyland,while,never,avoid
12118,245,follow,special,Kochborough,agent,scientist,talk
12159,980,visit,gun,Hullhaven,level,hot,into
8995,316,year,religious,Lake Kathleenborough,again,social,wrong
14650,225,some,present,Jessicaberg,own,physical,often
12492,821,out,agree,West Charles,myself,write,simply
10266,931,security,avoid,East Colton,instead,no,letter
13211,633,according,help,Elizabethside,ago,anything,television
13990,570,herself,wait,West Gabriel,him,senior,how
11942,43,region,high,Sandovalton,various,stay,ball
13770,270,wait,way,New Karen,sometimes,explain,south
11493,478,before,street,Philipburgh,idea,better,discuss
16151,46,one,long,South Michael,since,top,forward
17534,309,civil,day,South Victoriafort,color,standard,company
17284,748,top,sort,Waltonfurt,stock,local,yard
9445,847,dream,relate,New Luisborough,significant,buy,let
15751,370,military,hair,Alexandriaburgh,behind,run,appear
14895,532,probably,owner,Russoland,agent,nearly,make
8956,75,customer,community,Hernandezview,government,toward,parent
9452,730,media,well,West Michelle,plan,leg,meet
15285,770,wall,detail,New Mariahtown,still,traditional,record
13579,151,including,where,North Savannah,wall,similar,keep
15873,917,including,successful,East Derrick,which,side,none
13071,549,goal,especially,West Jason,day,figure,short
9943,398,different,with,Port Jessicashire,board,traditional,vote
17602,111,part,partner,East Jamesbury,line,action,consumer
17090,665,white,history,Sandrahaven,from,myself,wear
9272,432,give,rise,Abigailstad,set,just,cause
15253,412,sound,line,Byrdmouth,health,experience,own
14524,507,avoid,wife,Port Heathertown,marriage,stay,offer
9725,548,clear,make,Keithbury,area,style,apply
17466,195,order,hold,East Christinehaven,decide,method,guy
17710,495,score,carry,Port Charles,represent,partner,director
12910,252,stay,more,West Kristenton,consumer,might,trial
17006,221,quality,morning,Troyside,often,agent,method
11871,620,ground,single,Smithmouth,so,what,south
12397,184,even,citizen,Garrettton,environment,including,ago
12808,923,court,soon,Dominicbury,though,everybody,evidence
15401,469,always,energy,Sanchezmouth,lawyer,point,her
12928,936,trip,rule,Hawkinsfurt,sea,leader,suggest
13373,617,meet,suggest,North Donald,office,economy,despite
17299,627,over,ahead,Johnfort,leave,fly,quality
11142,396,hard,lead,Oscarfurt,certain,front,us
10971,873,available,science,North William,ago,or,one
16003,776,garden,degree,New Theresa,sport,surface,door
14470,195,rich,candidate,Port Ericmouth,pay,business,energy
10846,86,energy,may,Juliebury,rate,toward,ten
9857,57,section,agreement,Tommyhaven,get,environmental,point
12337,521,think,ability,East Jonathanton,determine,hot,concern
10361,371,somebody,reality,New Jamesberg,worker,hold,much
10804,81,would,themselves,Murillobury,including,evidence,suggest
16579,324,back,their,Clarkstad,five,air,environmental
11326,649,dark,happen,East Ellen,girl,form,without
10649,174,none,cover,Brownview,particularly,southern,six
15290,102,blood,may,New Craigchester,lawyer,experience,section
11983,145,rate,cut,North Calvinberg,later,free,evening
10795,795,as,focus,West Markland,because,support,into
11787,322,always,player,Smithview,father,white,environment
13287,54,financial,next,Walkerbury,role,thought,discussion
12287,86,they,money,Erichaven,loss,kid,give
13689,397,partner,media,Jordanchester,help,newspaper,off
14769,609,movie,well,Rebeccaside,suddenly,relate,policy
16366,799,expect,when,Lesterstad,poor,grow,myself
14325,278,film,issue,Ryanton,benefit,provide,Congress
12555,424,blood,score,Shawnmouth,window,left,better
17278,462,white,bring,Lake Robertstad,Republican,window,talk
15120,962,down,any,Bergerchester,least,several,west
10319,920,assume,campaign,Jasontown,level,loss,order
11817,136,church,church,South Debra,account,purpose,letter
17518,495,color,seven,Kellyton,economic,wall,maintain
10071,283,wrong,alone,New Claudialand,clear,during,rate
11665,179,discussion,story,Fergusonhaven,likely,become,always
9152,529,of,red,Tuckerton,smile,price,beat
14364,137,strategy,admit,Alexanderport,member,final,American
15628,27,class,explain,New Brenda,him,her,accept
16332,547,popular,attention,Lindseyton,available,condition,role
17549,23,civil,up,Madisonton,glass,wide,wrong
16730,391,impact,understand,East Emily,station,door,state
14084,121,cover,here,East Brian,spring,a,relationship
15744,605,hour,coach,Herrerabury,yet,meet,later
16144,240,watch,us,Wilsonland,also,price,as
9965,287,fish,home,East Carolyn,tough,important,certainly
12117,117,somebody,kitchen,Parkershire,perhaps,build,throw
12489,540,drive,standard,Nealstad,event,personal,certain
15488,669,yes,civil,Port Paulview,knowledge,her,rule
11502,73,him,it,East Christian,fear,generation,three
9418,390,cover,know,Garzatown,once,four,team
16169,291,source,work,East Chad,walk,send,law
10993,839,should,successful,Christopherberg,beautiful,well,record
14234,373,decide,production,Sarahhaven,institution,audience,describe
15561,666,different,my,North Debra,better,check,hour
14932,614,improve,vote,North Michelle,young,city,style
9711,17,minute,share,New Paul,laugh,suffer,win
12046,31,late,local,Williamstad,door,business,safe
13826,994,side,today,West Courtneyside,enough,around,less
11362,163,want,prepare,Lake Paulberg,tend,have,first
12276,551,it,avoid,Seanmouth,arrive,executive,young
17924,49,technology,military,Port Williamton,view,if,property
12856,442,community,drive,Boltonville,growth,television,across
9015,119,marriage,data,Whitakerstad,movie,key,party
14276,244,condition,no,Lake Cherylshire,mention,author,art
13649,137,throw,decision,North Nathaniel,single,rate,stuff
11519,354,again,possible,Brianville,center,it,red
17851,496,now,huge,Danielshire,serious,collection,choice
13515,530,trip,require,Morrisland,sign,air,investment
14406,936,box,certainly,East Teresamouth,identify,green,government
12572,753,million,country,Port Matthewport,quite,interview,possible
14606,40,prove,individual,East Amanda,specific,answer,body
12149,940,point,peace,South Tracy,now,several,radio
10502,352,model,though,Coxshire,network,else,ready
13252,879,yard,relate,Marcusview,senior,general,foreign
16593,83,well,dark,East Deannamouth,hot,and,able
11228,675,else,such,Amandaland,summer,bring,show
16095,54,perform,although,North Deannaburgh,else,positive,admit
15584,299,determine,production,Andrewchester,say,note,ago
10595,110,resource,despite,Barbarastad,television,new,service
14400,434,behavior,focus,Crawfordberg,brother,executive,health
11531,52,thank,head,Donnafurt,move,wall,memory
9835,805,after,conference,West Nicole,evidence,others,ability
14739,678,floor,record,North Michael,discover,since,must
11685,505,give,visit,Morrisstad,single,represent,company
14596,734,represent,add,Elizabethmouth,single,bad,gas
12956,75,service,lawyer,New Virginia,sense,speak,behind
11854,996,evening,phone,Mullenberg,fall,cause,soon
17030,906,fall,probably,Dixonton,window,recently,opportunity
14688,449,house,entire,Kendrashire,dinner,property,form
16836,12,two,charge,Rodriguezside,side,part,perhaps
16417,303,toward,again,Danaburgh,practice,training,six
8940,522,language,magazine,South Michaelport,course,civil,difference
11300,88,one,meet,Amyfort,lead,wide,wonder
10290,352,commercial,pretty,South Samuelberg,least,coach,describe
12925,264,up,continue,Angelaville,practice,prevent,improve
9921,763,method,notice,North Stanley,meet,woman,role
14986,989,hospital,old,Russellshire,street,kind,check
12193,893,rock,hand,North Nicole,late,design,cover
13316,637,prepare,where,Coffeybury,late,seek,sure
11180,138,population,detail,Port Mikeview,large,necessary,process
14323,7,total,dinner,Christopherberg,bit,sit,race
12935,34,together,arm,West Jennifer,everything,clearly,around
12307,856,speak,teach,Anthonyview,oil,answer,exist
8866,639,from,paper,Jonathanmouth,even,able,south
13159,541,talk,process,Douglasmouth,service,project,media
13245,849,group,when,East Raymondton,region,member,new
10918,901,themselves,the,Kristinaview,strategy,cup,myself
9031,585,season,story,Brandtside,performance,they,identify
10396,633,spring,ground,Chapmanchester,impact,shake,color
10249,302,court,lead,Spencerland,ground,character,animal
8983,505,follow,language,South Justinside,performance,their,receive
15942,233,worry,again,Port Kathryn,none,possible,eight
10574,289,country,get,North Jessica,must,information,mention
15110,685,make,push,Jasonburgh,yeah,risk,grow
8923,538,certainly,at,Port Lisaton,hospital,support,effort
8838,331,develop,itself,East Melissa,suddenly,despite,film
8971,212,court,although,North Ryan,analysis,late,line
12051,379,one,catch,Mitchellberg,inside,mind,call
10867,314,woman,think,Andreaburgh,benefit,could,final
14204,100,development,security,Paulview,have,despite,bar
13214,499,indicate,political,Port Matthew,return,structure,letter
10140,51,their,the,Hensleystad,standard,stock,bit
10204,331,indeed,somebody,East Bobby,inside,white,see
10631,32,kitchen,particularly,East Lisa,indicate,cell,degree
15917,507,its,half,Brandonville,these,know,sometimes
11419,812,positive,arm,Karenstad,year,serve,must
12173,967,my,poor,Millstown,individual,still,step
17117,897,policy,behind,Melissaborough,television,western,discover
15983,925,common,subject,East Rachael,long,next,similar
13847,722,all,no,Alexanderside,public,risk,guess
12936,339,he,public,New Christopherhaven,letter,special,purpose
13086,887,cold,born,North Janet,coach,inside,mind
16983,438,second,player,Martinezstad,happen,law,their
10262,755,general,money,South Jacob,raise,opportunity,never
9707,973,body,news,Lindseyshire,serve,them,inside
12243,196,hit,Republican,Adamsmouth,air,couple,consider
12579,218,opportunity,similar,Mcconnellburgh,inside,what,analysis
10190,717,character,firm,South Samantha,window,hit,offer
13078,212,tonight,care,Garrettborough,majority,sport,election
9870,54,agent,general,West Sue,night,short,performance
11538,452,various,make,Mooreburgh,trip,vote,form
12856,947,wrong,animal,East Francis,including,watch,peace
12879,416,will,stock,Kimberlyport,their,in,position
14694,569,partner,her,South Barbara,watch,return,able
11905,305,report,wish,New Jennifer,my,situation,include
17404,711,treatment,cultural,Port Michaelhaven,shake,yard,hold
14170,938,order,house,West Taylor,bring,hotel,son
16044,262,test,far,West Larry,party,truth,behavior
10472,188,as,exist,North Rubenshire,carry,account,news
17314,662,gas,industry,West Ricardostad,capital,agree,write
17262,752,star,blue,Port Stephanie,voice,list,today
16932,182,fear,as,North Austinfurt,someone,miss,early
16910,559,arrive,term,Kevintown,admit,the,stuff
8989,670,capital,point,Lake Kevinbury,site,trouble,white
11323,370,price,again,East David,which,building,administration
15255,143,risk,could,Davishaven,project,today,cost
16143,279,feel,real,New Steven,likely,interest,know
15382,754,morning,environmental,Jessicaland,part,man,ball
10137,739,tell,age,North Bianca,speech,couple,air
13052,301,will,attention,South Samuelmouth,perform,who,method
15907,304,tree,throw,Edwardsville,wall,break,mean
9823,218,third,claim,Deborahfort,time,collection,age
10281,106,imagine,party,Port Jenny,one,doctor,around
10632,798,situation,approach,Kennedyborough,example,cell,chance
15657,335,just,record,East Robertshire,actually,century,rather
14279,788,mouth,however,Morgantown,human,western,ten
15542,684,effort,customer,Francoborough,range,then,movement
10568,498,whether,great,East Justintown,piece,style,without
13608,242,dream,foreign,New Toddside,fast,read,power
10249,209,pretty,take,New Dawn,example,material,our
15234,384,student,fly,Tomberg,attention,remain,list
10319,596,manage,because,New Nicole,again,deal,power
16822,362,several,foreign,North Andrew,positive,themselves,miss
9267,558,address,source,North Brittney,such,industry,camera
8996,646,move,though,Port Ashley,try,ball,write
8942,51,he,would,East Williamside,edge,stand,onto
17919,325,standard,miss,Lake Tonybury,lot,arm,skill
16640,158,produce,buy,Jasonhaven,already,civil,still
9335,413,first,after,Amyhaven,break,present,thought
15068,944,some,maintain,South Colin,water,effect,easy
13655,329,Democrat,base,West Leslie,deal,instead,between
14827,265,rule,Republican,Kingmouth,structure,energy,free
17747,679,set,hear,Masonshire,I,others,audience
15461,407,trouble,do,Lake James,suddenly,tend,history
12661,802,seek,none,South Frederickside,order,we,relationship
13743,501,month,save,Davisfurt,forget,message,citizen
10823,53,appear,argue,Thomasborough,collection,pick,check
9279,958,glass,institution,Salazarborough,affect,traditional,year
15955,747,music,good,West Derrick,number,fall,truth
12289,173,hotel,radio,Christopherberg,fine,become,mean
16729,959,kitchen,act,New Cathyview,own,meeting,with
9260,701,article,remember,Lake Matthewhaven,position,same,ball
13146,489,wind,probably,Davidmouth,sure,poor,old
11242,797,right,your,Ronaldville,include,tell,professional
15423,882,player,pressure,East Colleen,provide,realize,food
14766,53,staff,because,Annetteport,table,professional,meeting
14210,506,change,voice,Christinachester,point,everyone,police
10682,319,per,reality,Karenbury,raise,know,bill
15637,365,forget,mouth,South Vanessastad,suffer,executive,thought
9380,621,food,none,Meganstad,American,themselves,food
14014,565,threat,half,Mitchellfurt,at,fine,if
17003,409,important,parent,Lake Cynthiaville,tax,entire,evidence
11397,727,eight,enter,South Robertmouth,town,both,black
17159,335,up,Congress,New Jeffrey,blue,item,respond
10288,280,capital,middle,New Dennishaven,town,military,Mrs
10376,733,thought,purpose,Loganville,point,think,from
9415,971,political,network,West Tammyberg,something,catch,reason
10131,819,low,policy,Emilyton,sound,difference,look
15704,140,quickly,according,Williamfort,cell,move,reflect
9933,594,option,offer,Robertmouth,quality,evidence,it
16339,774,amount,sit,Sarahport,cut,southern,few
13168,699,agency,trip,Brewerton,into,down,by
9313,350,not,red,Port Alejandroland,act,people,tonight
16021,747,under,through,Reginaview,recognize,specific,center
12876,110,generation,time,Darrenshire,audience,ground,summer
12702,887,front,voice,West Darren,purpose,matter,success
13774,771,safe,attention,Adamchester,say,prove,right
11535,495,because,player,South Toni,than,health,much
10510,914,mention,area,North Ericamouth,draw,product,simply
15550,733,watch,ago,Cindyton,short,ago,floor
15707,785,discussion,peace,Port Jennifer,top,somebody,enough
16094,111,song,range,West Rachel,life,cause,begin
10664,10,support,economy,Moralesmouth,study,treat,industry
15453,771,head,support,Bennettstad,meet,benefit,pattern
16096,10,form,strategy,Lamville,Democrat,method,debate
9235,25,stop,employee,North Hannah,measure,low,sing
17261,717,all,pick,South Alexis,matter,true,decade
14735,907,avoid,common,Lake Ashlee,push,early,cover
12525,270,certainly,strategy,Nguyenborough,together,return,side
12238,108,recognize,off,Robinborough,cost,hundred,to
15086,765,either,senior,Micheleland,their,moment,left
17007,610,imagine,man,Austinland,former,manager,them
16180,439,physical,mean,Michaelbury,billion,big,check
9629,219,material,evening,East Selena,two,authority,great
11790,983,get,gas,New Triciamouth,listen,wide,decide
12752,89,easy,movement,Dylanfort,push,say,by
16157,780,west,old,Hansenhaven,when,detail,consumer
13264,815,church,item,Port Sharonfort,set,table,professional
15996,392,including,rich,East Daniel,but,itself,black
16173,354,throw,out,West Alicia,born,rather,her
10490,685,chair,either,Seanchester,eat,its,notice
15898,577,police,know,Alyssaborough,do,though,write
17734,807,leave,half,New Cheryl,government,or,coach
11585,766,few,Mrs,Lunamouth,others,doctor,successful
12956,519,young,place,North Amanda,kind,federal,our
13944,850,unit,air,Blevinsmouth,road,measure,suffer
14688,568,he,above,Ballside,cultural,board,away
10127,755,laugh,about,East Craigport,return,plan,join
10289,271,expert,large,South Traceyside,different,exist,education
8820,697,meet,these,North Lisa,open,move,suddenly
9336,364,think,popular,East Amy,service,war,else
16839,249,decision,result,Churchfort,mean,service,service
9056,438,term,to,Lake Joseph,director,nothing,question
17794,381,human,above,New Kevinberg,discuss,spring,current
10616,524,full,suggest,North Charles,recent,money,difference
10415,888,score,policy,South Nancy,ahead,sure,support
10247,965,admit,science,Barnesview,wait,where,candidate
9524,174,two,outside,Kellerville,moment,movie,camera
12381,704,risk,while,Wardtown,send,himself,fund
10496,242,well,coach,West Derekmouth,center,care,billion
9908,593,successful,build,Matthewview,matter,argue,to
17476,311,end,the,North Matthew,imagine,magazine,ability
11155,48,light,instead,Angelicaport,occur,war,trip
15979,55,any,chance,Howellmouth,issue,job,mouth
13661,199,rule,save,Bradytown,food,where,reveal
14162,744,suggest,strategy,Mejiafurt,world,avoid,medical
17820,529,goal,personal,Michaelport,claim,win,wind
12031,532,training,by,North Nicholas,senior,treat,practice
11606,470,hope,peace,North Jessicaville,letter,ground,enter
11050,151,personal,hard,South Kayla,listen,allow,room
9689,592,despite,manager,New Stephaniehaven,past,market,boy
12979,16,down,page,Grantburgh,management,reality,against
12183,665,nice,investment,New Sheilaville,development,soldier,challenge
16848,104,its,partner,Hayesshire,sister,and,forward
10929,151,arm,small,East Vanessa,blood,go,sure
14651,696,nice,herself,Emmaside,civil,dinner,officer
10675,9,scene,they,Erinfurt,couple,growth,pretty
17245,471,western,how,South Samantha,class,very,end
14059,775,hundred,person,Port Deborahhaven,strategy,letter,cup
10214,493,others,kid,Reeseport,represent,pay,road
9231,79,serve,compare,East Justin,cause,Democrat,body
14650,503,social,last,Michaelview,risk,would,industry
17422,998,forward,month,Diazstad,others,organization,national
12543,708,star,Mr,Johnsonchester,law,party,notice
11914,893,again,travel,Cherryfort,both,matter,question
10187,184,drug,eat,Port Maria,that,notice,thank
13405,196,real,certain,East Joshuafurt,final,thus,free
9835,668,ground,pay,East Amyfort,rather,crime,notice
14806,283,job,source,North Melissaton,structure,kitchen,ever
9961,70,you,face,South Ryanside,know,international,last
17650,392,treat,hot,Lake Chelsea,minute,high,central
16149,316,bank,dinner,West Suzanneport,view,red,lawyer
16406,500,fine,out,Nelsonmouth,nothing,black,home
14334,522,treatment,party,South Aprilside,training,life,article
10643,636,cup,later,Roseland,technology,responsibility,defense
11359,367,see,lay,Allisonborough,job,positive,none
14413,475,bill,stand,South Amandafurt,green,left,paper
14024,81,simple,stage,Johnsonmouth,meeting,item,game
17528,633,foot,environment,West Mary,former,subject,cup
17318,810,away,study,Fernandezburgh,talk,wait,often
11906,77,out,sense,East Rebeccaborough,daughter,market,small
17939,351,term,our,Smithshire,just,matter,station
9020,420,style,top,West Shawnmouth,friend,list,growth
10575,295,recently,region,Jonesborough,might,we,mean
12474,720,my,indeed,Amberburgh,president,industry,car
13973,136,about,recently,Lake Leah,admit,enter,will
17584,140,across,range,East John,discussion,learn,oil
12840,790,large,develop,Harrisside,nice,actually,price
16159,412,would,hand,Robinbury,body,meet,what
13407,684,well,behavior,Nancybury,standard,happy,learn
14067,552,after,yes,Thompsonside,edge,local,quite
9760,751,whose,pull,South Margaretside,opportunity,several,reveal
13590,947,the,natural,Evansborough,must,cover,natural
9864,164,exactly,maintain,North Stephanie,act,add,movie
12710,212,western,though,Quinnbury,learn,example,street
13853,219,their,sing,Hansenton,Mr,worry,success
13011,412,read,bag,Lake Dylan,cover,movie,gas
16866,484,image,return,Rachelport,teach,leave,local
14046,267,necessary,usually,West Benjamin,power,here,race
9628,517,white,finally,Craneside,light,somebody,decide
12612,913,weight,economic,West Anthonyburgh,world,reason,each
11580,138,help,increase,Floresfort,group,area,blue
16324,318,however,only,North Codyberg,player,common,kid
14083,307,teach,real,Karlton,condition,theory,much
13508,490,physical,partner,South Joseph,front,body,tell
15249,772,alone,rather,North Shelby,other,energy,lose
11594,691,rock,edge,East Dorothyland,hit,care,center
9141,191,think,could,Sarastad,commercial,play,fly
10418,670,student,window,North Danielhaven,who,relate,response
14932,851,dinner,entire,North Leslie,than,structure,television
14033,165,beat,knowledge,Marshallfort,tell,air,yet
17412,387,add,on,New Donaldmouth,short,material,hour
12127,741,those,suddenly,Chapmanmouth,building,wear,spring
11127,324,main,name,South Eric,begin,figure,first
14278,99,collection,election,Sellersside,feel,whose,theory
11691,887,always,we,Greenland,figure,clear,five
16816,463,beyond,apply,Victoriamouth,skill,send,detail
14131,241,garden,five,Amandaton,past,live,support
9606,290,about,population,Millsport,nothing,cost,add
17110,846,five,certain,North Carlosborough,poor,short,company
15186,606,bring,return,Wagnerside,seem,treat,something
9405,675,blue,arm,South Saratown,rise,ground,water
14092,250,card,find,East Judith,realize,family,within
15036,169,set,enter,East Jonathan,clearly,blood,huge
12319,870,word,citizen,Port Jessicaport,maybe,employee,job
16603,566,give,you,Smithshire,discover,source,above
13665,707,well,prove,Lamton,you,town,business
10715,160,most,care,Shirleyhaven,answer,from,until
16903,193,store,voice,Boydmouth,data,wish,light
16228,537,help,discuss,Lake Patrickhaven,edge,either,indeed
15601,595,near,specific,Morrisonfurt,dream,fear,usually
12717,812,give,member,Jamestown,together,establish,hair
17910,922,I,expect,Lake Levitown,matter,across,early
15266,214,along,treatment,North Jacobville,cup,usually,oil
12471,777,by,use,Michaelville,visit,challenge,nearly
17008,931,discuss,get,Martinside,front,crime,table
11399,602,each,term,Port Wendyport,discuss,another,yes
10174,92,quite,oil,New Christopher,second,attack,through
10542,234,edge,low,North Randy,within,watch,meet
16260,873,now,poor,Joport,measure,recent,south
14432,74,meeting,real,East James,late,buy,already
9837,694,gas,case,Lake Christopher,leg,save,without
16755,454,national,which,Chelseatown,thousand,attorney,guess
10789,312,detail,garden,Johnton,research,situation,try
16926,484,capital,car,North Elizabethtown,technology,indeed,possible
9642,747,movie,short,West Derrickchester,hundred,huge,among
11024,757,rather,dinner,Carrollbury,move,certainly,sort
10780,314,recent,voice,North Caleb,election,when,glass
10780,28,model,data,New Cynthia,leg,attorney,onto
14071,803,business,sort,Port Sandrafort,evidence,edge,bar
11814,235,leave,them,New Amy,share,these,security
13162,575,training,spring,New Joseville,time,type,rest
15574,586,play,soon,Jessicahaven,or,look,per
17548,567,Democrat,free,Port Tiffanyville,human,us,four
9041,998,around,entire,New Jessicafurt,soldier,place,simply
12896,541,own,face,Birdtown,work,indeed,concern
15036,224,energy,task,Amandaburgh,brother,his,tree
10209,948,customer,statement,Kimfort,action,wear,cost
9209,565,up,growth,Hannahstad,challenge,condition,up
15730,228,agent,bed,East Samueltown,child,feeling,produce
9579,902,available,street,North Benjaminview,coach,notice,girl
15144,476,trial,radio,West Sheila,story,involve,central
10948,503,media,whole,Williamside,pull,wrong,teacher
14019,76,like,knowledge,Barryport,soon,structure,letter
17833,500,speak,under,North Sheila,ready,computer,evening
15041,565,recognize,way,West Stephanie,where,difficult,candidate
9127,29,theory,prepare,New Kimberly,politics,case,kind
16446,340,behind,single,Lake Michaelside,deep,protect,animal
15419,618,easy,between,Smithview,agency,few,rather
14247,112,security,thought,Moniqueville,apply,sister,explain
17279,16,attorney,computer,Fosterport,against,best,state
16448,830,some,here,North Kimberlyside,down,feeling,other
14711,422,building,team,Christopherville,talk,training,responsibility
13696,124,himself,way,West Charlesbury,development,hold,chair
17167,39,today,prove,Baldwinshire,tonight,necessary,industry
16585,268,everything,term,South Mary,bag,fight,left
11373,659,great,data,Melissamouth,treat,east,money
14782,937,stop,environment,Connieberg,fear,still,book
11291,983,none,entire,Perezville,forget,adult,kid
12976,438,point,strategy,North Kevin,loss,make,company
11932,152,remain,reveal,Lake Ronald,much,sing,close
16856,412,especially,look,Samanthaside,good,fine,everybody
9832,589,different,national,East Sean,art,scientist,example
14865,512,this,loss,North Whitney,board,with,unit
11024,526,most,go,South Haley,benefit,admit,long
13374,967,explain,discussion,East Lynnfurt,build,write,drug
12119,200,consider,sell,West Virginiaport,imagine,soon,floor
10869,280,heavy,trade,West Lisaland,machine,far,daughter
15746,275,fast,product,West Amandaville,TV,turn,everyone
11883,511,heavy,say,East Cindyborough,adult,easy,member
11141,765,business,result,West Jamesberg,offer,field,society
16285,218,environment,rise,West Jose,color,note,back
16491,507,down,range,Brownmouth,actually,one,nothing
12573,764,present,picture,West Elizabeth,truth,feel,present
9527,180,long,open,Toddtown,culture,operation,time
12823,834,parent,so,Samuelmouth,speak,table,sure
14682,820,happy,move,Lake Katherineview,specific,material,more
16384,450,project,name,South Gregoryview,major,least,admit
11438,789,federal,realize,Port Abigail,beat,response,right
9786,277,trouble,image,Lake Damontown,huge,Mrs,write
10740,306,majority,material,Jacksonhaven,make,choice,low
10119,51,scene,civil,Aliciaside,short,prepare,bad
10552,651,father,more,Nguyenburgh,story,billion,give
9062,282,new,drive,West Marytown,because,get,building
13055,673,join,during,Goodshire,ask,lawyer,since
12504,364,picture,hold,Hicksmouth,modern,article,nation
11394,707,me,consumer,Carrollland,guess,break,recently
10356,482,herself,price,Wallacefort,have,care,article
17470,151,son,authority,Khanview,movement,include,always
13357,470,professor,wife,Port Danielle,simple,sit,learn
14760,351,again,little,Port Lawrence,until,hundred,call
10824,376,again,attention,South Nicole,industry,if,main
15451,210,power,chance,Maryport,show,hard,risk
17594,863,such,girl,South Jennifershire,majority,who,production
15831,291,voice,quality,Pattymouth,order,condition,television
12365,359,good,read,Lake Bernard,score,country,sense
17563,19,magazine,campaign,Perezfurt,anything,measure,east
13925,356,election,size,East Christopherhaven,discussion,imagine,develop
16837,631,increase,well,Lake Christinaburgh,physical,population,stand
11242,467,call,our,Smithside,soon,hit,suggest
14495,707,everything,yourself,Lake Paigehaven,stop,age,become
9716,975,care,environmental,Michaelborough,whether,money,minute
9046,693,result,determine,Jessicamouth,tend,bill,a
17623,92,record,such,Colemanfort,analysis,discover,outside
10794,253,military,every,Dianaland,figure,budget,represent
11533,56,power,Congress,Catherineside,note,himself,can
16021,423,want,agency,Steventown,interest,quite,address
9361,84,indeed,lawyer,North Johnville,employee,alone,brother
12249,138,indeed,tonight,Jacobmouth,to,for,eye
17182,113,citizen,realize,Garciaberg,system,course,really
9628,588,miss,network,West Crystalbury,get,lose,blue
9469,40,age,listen,Billytown,plan,live,land
12317,430,until,number,New Lindatown,there,charge,current
13283,744,nothing,stock,Morrowshire,a,moment,current
17301,915,throughout,miss,Lake Rachel,late,life,hand
12450,2,ball,city,Laurenburgh,sound,year,pull
14708,905,sound,down,Bookerburgh,cultural,into,reach
12746,339,along,one,Kimberlymouth,after,central,sit
17131,406,approach,possible,Howardchester,study,hair,their
15966,934,close,say,West Kenneth,affect,rather,dark
10950,806,close,discuss,South William,college,within,leader
8902,715,cell,standard,Josephview,south,although,officer
11897,647,probably,really,West Theresaborough,tonight,soon,force
15090,682,into,writer,Port Oscarfort,property,discuss,pick
10029,448,general,outside,Taraland,check,knowledge,left
9904,153,plan,far,North Joseph,within,there,collection
11025,543,wife,six,South Richardville,draw,home,expect
14005,478,focus,appear,Lake Kimberly,out,less,instead
16194,172,history,fill,Melissafort,result,collection,serious
12275,56,prove,central,North Jessicamouth,yet,image,student
11880,666,person,anyone,East Tanya,reduce,officer,bank
15256,999,never,purpose,South Michaelborough,together,office,fact
10198,995,above,authority,North Kevinview,former,born,learn
17860,328,decide,federal,East William,price,we,activity
17519,824,social,front,Peggyside,paper,change,writer
8862,861,different,receive,New Georgeside,maintain,hear,fear
15378,858,sport,fight,Georgeberg,knowledge,energy,growth
13595,335,indeed,level,East Sarah,there,picture,conference
14787,707,personal,watch,Suarezview,name,behind,total
15531,645,fast,ask,Vaughanburgh,chance,speech,case
13639,330,right,camera,Santanaberg,feel,various,wall
8861,74,life,site,North Christopher,huge,debate,agent
14646,554,sea,although,Melissaborough,impact,space,lot
13250,510,plan,kid,South Randy,must,product,opportunity
12276,496,pretty,team,East Nancy,hit,continue,add
17490,200,book,newspaper,North Jonathanchester,movie,street,sound
11410,604,performance,around,Michaelborough,four,admit,force
16892,395,always,Democrat,New Diane,already,can,school
15408,634,weight,work,Alexisfort,white,five,board
17426,859,when,but,Ericahaven,federal,become,single
10148,590,between,country,Jenniferborough,commercial,manager,most
12206,948,only,manager,South Stephen,opportunity,industry,market
10742,228,sure,my,South Kevinchester,teach,sign,machine
9031,316,ability,government,Berryside,treat,likely,nor
14348,456,chair,there,New Colton,these,hold,stage
11096,713,as,girl,East William,none,create,significant
16324,845,science,indicate,Murphyburgh,unit,type,fill
17824,651,the,religious,Lake Adamshire,why,little,mission
17409,143,speech,official,North Melanieview,window,human,Republican
11318,749,week,stand,North Billy,son,since,Republican
11093,90,name,trial,Kellyport,real,station,soldier
12364,467,arrive,benefit,Johnmouth,among,expect,different
9351,797,too,spend,Ginashire,seven,authority,old
16218,957,certain,institution,Port Nicholas,current,particularly,writer
15321,151,they,tax,East Kevinville,institution,will,reach
13731,668,really,Republican,New Mark,campaign,plan,change
12794,116,question,store,Velazquezchester,walk,floor,hear
10736,245,yet,experience,South Alejandrafurt,provide,some,maintain
13806,755,indeed,people,Port Melissa,avoid,new,conference
12180,131,high,knowledge,Rivasshire,exist,its,figure
16084,825,doctor,bad,Port Heather,and,result,worry
17895,705,indicate,require,East Monica,prevent,deal,evening
9051,169,item,cost,Larashire,force,send,visit
11046,379,difficult,collection,New Erin,defense,reflect,account
16631,210,figure,carry,New Brittany,laugh,allow,interesting
10459,666,a,ability,Carneyside,threat,candidate,entire
10133,345,three,yeah,Port Ericton,wall,cell,their
12755,308,student,reveal,New Leslieport,get,management,fear
14947,561,brother,can,South Amanda,over,customer,power
12541,985,whom,get,North Rhonda,among,large,east
15395,171,free,forget,Stewartmouth,rise,series,true
13999,414,under,investment,Powelltown,business,myself,know
11711,60,Mrs,bill,Port Craigfurt,deal,recognize,throughout
11544,390,development,guy,Taylorland,decide,lawyer,rest
16730,458,teach,central,Hartfurt,force,early,leave
11602,509,particularly,until,Dustinborough,owner,new,not
9587,688,he,large,New Nicholasbury,behavior,free,teacher
16004,618,because,machine,Danielsland,interview,defense,tax
12990,63,agency,war,East Andres,central,bank,imagine
10965,825,according,service,Martinport,teach,position,lot
9650,171,total,who,Rachaelfurt,final,history,entire
13327,965,year,situation,New Thomas,determine,build,eat
16487,585,school,tough,South Robert,type,ok,any
15494,780,bit,computer,East Christopher,oil,reflect,executive
9735,752,government,toward,Yoderton,find,boy,high
15181,980,expect,so,East Lawrenceside,across,may,take
17030,787,building,enjoy,Phillipsfurt,of,style,page
14115,450,whom,least,New Duaneside,too,as,down
11514,583,hand,total,West Krista,candidate,now,drop
12385,517,according,wear,Johnmouth,simple,situation,similar
12733,261,certain,student,Lawrenceport,suggest,remember,early
12999,122,rise,support,Kaiserburgh,effect,teach,get
17556,756,long,without,Mollyville,summer,represent,fill
14974,151,draw,American,West Carrieborough,somebody,foreign,event
17087,236,entire,customer,South Jill,bill,fine,onto
13085,274,collection,head,Darrellville,wall,fire,half
17355,22,special,contain,Brianberg,unit,of,expert
10774,329,exactly,fact,Wadeland,summer,that,international
17258,558,wish,fast,Andrewton,brother,to,more
11111,684,you,interview,North Lucas,protect,source,remember
13795,183,fear,relate,South Jameschester,to,situation,already
9728,124,above,management,North Melissaland,particularly,final,onto
17031,79,popular,without,Douglasville,lay,anything,walk
15929,540,wall,should,Morrowburgh,morning,once,laugh
12965,320,state,bit,South Keithland,campaign,along,contain
16200,609,measure,per,New Kirsten,late,fact,move
14401,803,mother,argue,Markview,arrive,watch,name
15179,213,truth,to,Kimberlyton,exist,offer,continue
16884,523,space,indeed,New Tony,light,every,sometimes
10291,673,best,stuff,Montoyaland,save,add,despite
15992,367,low,option,West Jeffreyberg,without,size,political
16503,671,land,close,Lake Edwin,site,probably,executive
10339,76,traditional,set,Port Justin,anything,because,national
13883,546,investment,various,West Paul,drive,other,sense
12660,633,land,woman,Port Brentchester,win,together,us
13730,668,can,share,North Carl,those,need,place
10094,945,open,yourself,Brittanyside,cover,degree,here
17178,549,base,gas,Browningview,shoulder,main,believe
10010,760,expert,also,Ramirezbury,region,language,itself
11774,566,position,thank,Mooreborough,discussion,nothing,door
16039,62,audience,deal,Goodwinburgh,practice,toward,leg
9119,151,occur,level,West Kellymouth,discuss,leader,finally
10010,755,fly,think,South Lori,career,once,like
16929,569,wear,hair,North Jane,middle,front,perform
10865,487,magazine,cell,Port Tara,available,weight,player
9054,101,majority,small,North Teresa,right,fact,outside
8933,598,strong,beat,Jordanmouth,unit,stay,outside
15649,385,pass,another,Port Kellyview,recent,site,office
14840,914,represent,guy,Lake Adam,bill,population,Democrat
13506,679,option,fly,North David,father,skin,size
14347,373,by,hotel,New Barbarabury,each,imagine,focus
17646,604,support,eat,Grantland,field,me,return
10551,34,rise,site,Franklinborough,modern,news,mouth
17839,497,for,enter,Lake Chelseachester,several,no,bag
10146,591,start,force,Lindaville,bag,food,lose
14081,260,heart,than,Nicoleborough,ground,including,grow
17950,789,sell,language,Richardmouth,security,soon,realize
16025,390,brother,similar,Maryburgh,talk,majority,his
13850,348,expert,loss,East Sarahaven,staff,sort,option
10324,585,break,degree,West Adamfurt,significant,medical,company
17467,638,upon,room,Denisefort,offer,toward,cold
13590,984,know,activity,Maxwellstad,though,say,low
16063,795,action,report,Brucemouth,lot,box,prepare
16882,598,thus,key,Bennettfort,officer,even,although
10573,712,member,fact,South Anthony,with,example,society
17489,295,most,save,Port Zacharyhaven,serve,would,since
11719,447,will,author,Robertberg,game,history,on
12789,659,once,school,Lake Emily,job,commercial,tough
15825,691,else,news,North Matthew,class,father,strategy
17131,63,field,walk,Alexanderport,pass,figure,fact
15012,471,decision,city,Lake Mackenzie,see,than,most
16973,35,statement,practice,Colonside,woman,production,carry
12983,523,employee,politics,Lake Matthewberg,down,mouth,whatever
9824,466,step,son,Grahamburgh,find,operation,word
11098,475,prepare,town,Fischershire,hair,tonight,forward
15115,297,direction,meeting,Burnsside,record,ago,how
13411,623,coach,upon,West Francesmouth,candidate,able,begin
17639,827,almost,heart,North Adamville,entire,dark,place
15094,846,discover,chance,Foxstad,collection,power,little
10565,381,political,protect,West Michael,only,firm,think
9537,89,agree,trial,New Anthony,coach,through,floor
10868,286,play,as,Briggsside,property,bad,bed
12107,53,price,face,West Tonyaborough,ok,but,form
12934,417,subject,sense,New Rebeccastad,increase,suddenly,bit
10829,744,challenge,garden,Deanfort,leg,benefit,memory
11635,255,anyone,form,Bennettberg,another,south,able
13956,99,morning,be,Port Matthew,various,direction,interview
15803,609,song,hotel,Port Christinahaven,modern,other,reason
16003,719,drug,move,Jonesbury,write,number,coach
15412,353,material,employee,West Rebecca,anything,yet,fall
9392,317,piece,describe,Michelefurt,at,country,plant
16285,834,why,plan,New Davidshire,whole,my,senior
9132,198,pass,activity,Rodriguezberg,agree,floor,difference
15520,177,perform,score,Juliemouth,per,since,hold
16561,121,condition,task,Grimeshaven,child,born,staff
10647,40,statement,memory,East Julie,last,within,mission
16088,792,first,apply,Daniellehaven,floor,traditional,east
9867,867,lose,bar,South Markview,dog,power,finish
17342,901,president,which,West Dean,outside,discussion,goal
12413,394,guy,wear,East Whitneychester,recognize,candidate,may
17564,130,effect,factor,Port Elizabethtown,court,tend,community
15367,659,wrong,arrive,East Michael,article,occur,hit
11807,834,goal,pass,West Emily,report,threat,service
12173,285,read,ago,Thompsonberg,decision,heavy,hold
10785,996,police,show,Troytown,history,concern,understand
11030,838,commercial,majority,Littleland,blood,middle,author
16497,92,threat,discuss,Port Pamelaberg,home,know,window
16427,554,candidate,among,Lake Lindahaven,amount,according,second
11983,459,member,hope,Port Pamela,shoulder,story,edge
16328,904,clearly,by,Lake Sarah,mission,reduce,way
12941,811,suddenly,we,East Cynthiaborough,major,scientist,believe
13557,414,success,these,East Kelly,shake,support,appear
11002,141,meet,win,East Carolynville,detail,team,leave
12280,705,note,blood,Maryfurt,between,real,important
10553,886,rock,increase,South Michael,out,politics,seat
17504,184,herself,face,South Christopher,performance,church,hot
16360,724,while,someone,Harrisland,child,always,friend
15769,361,kind,fish,East Michelle,bad,human,international
15131,754,western,name,South Andrew,collection,old,send
11731,170,none,at,Williammouth,air,many,everyone
10412,886,leave,bank,New Gabrielfurt,score,in,capital
14151,923,American,cause,Mooreland,maybe,without,difference
17903,395,table,what,Kimberlyfurt,catch,nice,relationship
11586,914,wide,real,West Jessica,involve,memory,mouth
17030,7,story,table,Kylehaven,guess,everybody,everybody
17598,314,activity,them,New Robertmouth,instead,student,him
8968,947,local,consider,Hartmanton,hair,she,leader
12839,405,buy,tonight,Fernandobury,argue,reveal,car
10081,63,contain,turn,Floresburgh,she,onto,establish
15777,285,night,natural,Lake Andrewville,box,manager,west
17657,17,either,price,Murraystad,ten,player,third
14689,147,fly,he,New William,writer,participant,leave
15644,162,here,significant,West Andrewland,lay,network,although
15349,675,machine,lay,Ortizfort,newspaper,much,country
17274,798,part,until,Lake William,opportunity,view,card
11200,375,level,argue,Christopherhaven,like,evening,always
13774,490,anyone,try,Jasonfurt,season,necessary,nothing
9781,444,could,force,Lindsayville,society,why,across
16977,868,feeling,fund,Alexanderfort,however,themselves,bar
14142,223,hotel,second,Harrisfurt,story,summer,everyone
15965,270,politics,the,Thomashaven,who,modern,road
9626,19,detail,question,East Jason,capital,deep,line
10857,61,can,success,Lake Deborah,pass,laugh,sit
12786,966,my,out,South Taylor,real,despite,attorney
8984,618,again,son,West Karen,sea,religious,his
16161,66,relationship,policy,South Justin,attention,without,coach
12879,267,win,spend,Kaitlynmouth,very,woman,relate
14269,40,marriage,accept,Brettshire,upon,understand,type
15168,816,enough,call,South Jennifer,pull,wrong,cell
12398,819,consumer,say,Castrochester,agreement,and,high
12994,237,Republican,Congress,North Carrie,certainly,mission,under
13404,182,film,approach,Erikahaven,relate,allow,recent
13230,549,field,production,North Helenhaven,have,top,usually
12165,246,myself,build,New Danielshire,reason,health,of
14911,858,indicate,price,Jenniferstad,nothing,read,she
9192,719,citizen,remain,West Joseph,picture,information,pretty
8888,445,thus,require,Larryborough,measure,director,behind
13106,42,society,say,New Stephanieside,interest,himself,until
9566,358,raise,common,North Jonathan,water,computer,second
17583,407,ask,later,Port Douglas,begin,manager,plan
10683,622,financial,probably,Ramirezmouth,bar,team,voice
13274,331,maybe,actually,North Brandon,know,fact,view
13309,408,into,building,New Alex,usually,commercial,seem
17859,764,statement,physical,New Gabriella,this,serve,even
9907,814,role,town,Amyburgh,sport,every,product
9055,43,really,strong,Kathleenburgh,bar,lead,arm
17004,938,ball,left,Alyssamouth,letter,now,option
15538,954,address,game,Jacobland,ask,young,concern
9491,49,much,gas,Annettemouth,tax,floor,stock
11808,108,child,specific,Brettland,benefit,they,opportunity
10359,662,alone,light,North Michaelton,community,also,wonder
12558,862,modern,cultural,Port Bethany,source,side,peace
17383,261,once,billion,Herreramouth,often,card,great
13874,795,car,arm,Douglasfort,machine,under,gas
13409,521,nothing,worker,Rebeccaside,direction,air,president
13350,535,us,sing,Brownburgh,store,prove,pressure
17804,531,range,quickly,South Ryan,market,buy,everything
12229,512,talk,participant,East Robert,time,if,suffer
17348,924,some,single,Whiteburgh,develop,season,media
11110,46,experience,school,Lake Luis,seem,down,expect
12129,874,media,Congress,New Adam,much,return,center
17543,720,many,ever,East Davidbury,worker,sometimes,pattern
13785,349,maybe,half,Richmouth,page,recently,your
9161,390,despite,value,Johnstonborough,others,necessary,trade
14906,269,focus,pattern,West Andrew,model,admit,prevent
14605,943,contain,her,Mcbrideton,blue,article,authority
11335,211,reduce,allow,North Darrellfurt,policy,face,wrong
13380,654,always,me,Clarkhaven,few,account,know
14193,655,defense,many,Lake Anthony,yard,painting,detail
12817,375,soldier,exactly,Johnmouth,side,sort,rock
16216,363,outside,we,Lake Nicholas,section,have,news
17360,691,leader,popular,Hartmanberg,south,forward,real
12074,967,marriage,shake,East Darrylberg,mission,form,their
12241,5,consumer,decide,South Sergio,red,history,meet
11546,272,cause,candidate,Lake Jessica,form,scene,yard
11751,271,street,piece,Martinfort,use,to,morning
11110,342,each,truth,Scottmouth,few,off,unit
12411,478,natural,more,Bethshire,today,per,rate
12502,321,most,safe,Andreaville,state,what,difficult
12658,818,television,environmental,Robertshire,perhaps,pick,record
16395,11,soon,health,Karaburgh,best,always,professor
16428,867,near,win,Brandtport,avoid,alone,mother
11295,949,admit,answer,Lewischester,clear,past,without
11080,644,send,program,Whiteborough,successful,rate,full
12775,435,month,there,Skinnerview,they,could,off
10251,342,service,level,Johnstonmouth,up,few,author
13134,348,future,reflect,New Latoyaville,dark,consumer,red
9097,488,line,prepare,North Breannafort,identify,top,space
15611,489,get,continue,Jacksonborough,board,against,kind
15388,568,hold,rather,North Blake,TV,memory,tend
17818,571,town,social,North Daniel,increase,give,key
16101,537,establish,include,East Tiffanyville,network,also,visit
9331,804,role,energy,North Christopherbury,air,onto,newspaper
17777,243,perhaps,necessary,Pruittport,election,me,pass
17138,792,girl,minute,South Raymond,model,environment,visit
12952,790,against,miss,Lake Susanville,teach,able,language
17618,195,southern,possible,North Matthewside,of,according,suddenly
14775,793,test,yard,Martintown,organization,establish,play
16165,66,off,whatever,Kennedyfort,personal,material,firm
16491,669,statement,range,Curtisside,great,along,up
12605,386,day,forget,Jaredland,probably,laugh,today
17507,469,vote,school,North Angelamouth,admit,society,debate
12169,997,detail,east,New Ashleychester,performance,pay,case
12726,310,month,road,Shieldsstad,take,real,hour
10274,773,contain,attack,East Juliefurt,well,three,issue
10582,600,position,friend,Lake Stanleyshire,product,final,car
16615,982,him,up,Johnfurt,stuff,cup,system
11956,794,I,choose,Andrewborough,degree,particularly,soon
15667,869,feel,daughter,Anthonybury,exist,push,any
10595,188,free,drug,North Lauren,get,goal,eight
12933,937,major,gas,Port Mary,fight,talk,may
17902,296,both,kid,Jordanview,black,office,without
15921,123,happen,record,New Daniellebury,must,agreement,present
14879,311,sound,nation,Crystalside,reveal,have,member
15170,286,learn,positive,Davidstad,next,join,benefit
10383,365,around,believe,Lake Nicholasburgh,bag,person,gun
17215,782,study,drive,South Anthony,suggest,main,heavy
16589,26,international,land,Holmesview,crime,goal,five
12376,301,agreement,glass,Mckeeland,decision,actually,rather
10861,380,cover,cover,Wilsonport,quality,past,wait
9306,885,west,pay,South Victoriafort,save,response,rock
17632,250,you,billion,Chavezmouth,reason,left,least
9461,735,employee,now,South Gary,two,present,factor
9898,189,term,talk,East Kimberlybury,house,gun,listen
16589,602,market,health,Lisaburgh,someone,clear,hard
10778,954,section,many,Cheyennefurt,much,go,leg
9111,622,stock,decade,Vargasburgh,that,ball,herself
15757,731,drive,piece,East Tiffanyfurt,who,general,play
15197,234,member,half,Jordanhaven,develop,summer,alone
12247,432,affect,cost,South Christopher,a,say,strategy
15656,60,hair,purpose,Marshview,item,tough,development
12640,767,participant,leg,Amyburgh,their,others,call
13805,651,worker,support,Harrisville,better,action,action
12973,188,and,floor,East Michele,something,alone,different
9089,748,would,matter,Kerrland,usually,scene,allow
9487,97,always,daughter,Nelsonland,seat,cultural,experience
13492,150,suggest,ground,Scottmouth,tax,factor,baby
10039,281,hear,parent,Jeremyland,ready,behind,song
15798,305,big,summer,Martineztown,later,believe,rate
14700,726,democratic,respond,Jacksonville,moment,week,program
12575,106,section,according,Kurtport,agency,public,forward
13509,526,deal,exactly,Baileyberg,change,quality,pattern
11078,596,until,back,Lake Mariashire,whatever,event,house
15718,147,indeed,discuss,Smithport,effect,manage,still
14221,499,success,term,West Michaeltown,party,carry,onto
15176,145,sea,high,South Andrew,culture,there,example
10887,135,former,policy,New Edwardton,close,prevent,nor
12305,458,common,smile,Michaelburgh,become,case,today
17706,83,race,late,Jenningsstad,present,character,both
16384,898,message,back,Port Hannah,assume,program,over
16616,216,produce,bit,Donaldfort,article,box,tax
13558,701,garden,true,South Carolbury,dinner,officer,blue
9713,918,state,trouble,South Janet,different,garden,although
9693,491,traditional,several,West Amanda,laugh,significant,another
17376,505,natural,place,Williamside,industry,painting,serve
10904,335,visit,process,New Aaronmouth,all,together,at
10681,707,person,tonight,East Marcusborough,important,people,sort
9446,341,edge,environment,Port Amychester,laugh,side,house
9350,966,spring,nor,Lake Julie,must,treatment,nothing
12908,147,practice,market,North Eugene,TV,sea,court
10739,774,forget,this,North Heather,half,size,however
9767,306,around,face,New Charleneton,ahead,lay,nothing
12078,524,those,name,East Teresa,program,consumer,religious
14204,774,type,would,Port Hollyfort,police,quickly,fill
11306,238,cold,time,North Wanda,do,determine,meet
11502,656,force,factor,Mariastad,tell,degree,at
15060,520,ten,performance,Liuland,over,enter,north
9569,768,daughter,this,West Michael,open,idea,way
14957,928,remain,boy,Codyview,say,guy,under
10990,573,seem,to,North Lisa,so,toward,you
17070,860,race,stand,Lake Bradleymouth,effect,computer,sure
16647,393,size,themselves,East Kelseyville,good,cup,little
11057,565,vote,Mrs,Tranburgh,as,one,article
9916,96,able,outside,East Kimborough,stand,effect,land
12987,325,road,civil,New Lori,responsibility,itself,sister
16412,39,agent,upon,Port Christopher,blue,note,where
16832,783,management,test,Lisaborough,pretty,get,worry
12879,567,team,bed,South Erin,will,minute,protect
16956,456,wrong,back,New Christina,just,response,that
16193,125,firm,turn,Nathanport,free,five,reduce
10861,672,door,important,Austinfort,agent,somebody,become
16798,461,would,four,East William,enjoy,quality,authority
15575,30,century,development,Petermouth,authority,operation,consider
10554,760,relate,answer,Port Micheleshire,candidate,admit,box
9102,998,during,mouth,Lake Chadborough,reason,message,never
17584,401,last,quickly,Williamburgh,beat,across,south
10818,884,successful,special,Clineburgh,relationship,forget,movie
11688,710,significant,thank,Jasminetown,save,ask,body
11557,781,how,kind,Port Jenniferton,eat,control,five
14204,814,simple,boy,Tracyland,single,character,of
17621,892,save,series,Jamesfort,sometimes,begin,week
14330,18,far,voice,North Brianshire,dinner,wish,ability
10867,139,sound,only,Lake Christianstad,health,recognize,quite
17726,167,spring,concern,Lake Nataliemouth,staff,west,arrive
9406,502,reach,model,Hayesmouth,great,who,stock
10589,5,inside,camera,West Kimberly,off,turn,worker
11694,235,between,learn,West Ericport,area,positive,system
12487,116,project,bed,Rileyberg,know,loss,letter
10831,677,sell,person,South Brianport,speak,red,science
17125,621,decide,remain,South Kaitlyn,wife,answer,usually
15450,72,large,feel,North Paulshire,address,above,learn
15012,390,along,help,South Omar,dark,less,maintain
12566,404,a,treatment,Sherryside,we,individual,nature
10707,461,board,key,Bookerbury,happy,relate,manage
10489,118,book,anything,West Jo,light,thing,health
14379,632,hit,space,Melindabury,me,everyone,city
12800,744,true,participant,Briggsmouth,official,certain,such
15253,299,new,address,Karinamouth,stage,think,would
9812,563,year,while,North Sharon,market,us,food
9402,293,peace,expert,North Cynthiaborough,condition,once,budget
14871,550,full,west,Hessburgh,your,young,job
10023,77,product,weight,South Scott,course,others,player
17880,499,truth,also,Dustinstad,group,news,once
10288,107,quickly,hand,Lake Thomasstad,detail,son,leave
13945,148,direction,air,Dannyton,any,new,myself
16684,35,agreement,country,Stevenstad,test,certainly,foot
14815,817,store,serve,Jaredton,range,major,hotel
10916,821,single,mission,Taylorside,cultural,arm,age
13802,952,might,different,Robertstad,nature,affect,drive
16451,985,next,own,Ramirezport,over,deal,lead
16674,333,could,buy,Lake Brianbury,hope,teach,another
15037,928,today,worker,Bethanyside,more,eight,same
12007,840,receive,whose,Kristinfort,a,management,do
17359,460,themselves,show,South Richard,face,own,identify
16745,225,page,life,Dustinberg,there,different,within
17774,541,professional,learn,Lake Brianamouth,single,those,cause
15518,673,able,yes,West Jamesstad,scene,cup,however
14565,134,land,week,East Amy,western,response,well
16032,6,do,common,West Peterfurt,discuss,election,western
10333,293,out,site,West Stevenland,this,finish,later
16657,652,a,reason,Harrisstad,field,reach,once
14454,415,impact,painting,Port Paul,send,positive,without
15403,250,challenge,bag,Alexandertown,pay,outside,situation
13259,616,draw,number,Patelside,on,within,single
14604,638,morning,set,Wellsmouth,respond,film,body
15876,113,however,care,North Jeffrey,campaign,magazine,lot
17573,714,federal,left,East Nathanbury,alone,authority,dinner
14845,163,management,four,New Jessicaburgh,whose,among,yeah
14669,913,be,art,Lake John,decade,action,Republican
11792,944,lay,space,Baileyshire,result,maintain,assume
9762,593,its,forget,Lindseyview,candidate,ask,audience
16683,674,white,establish,Jenkinsville,meet,bed,anyone
14175,859,feel,tonight,East David,another,put,but
13563,796,but,name,Barbaratown,space,city,consumer
11102,251,material,majority,North Michaelside,and,could,study
16963,87,difference,attorney,Carpenterberg,recently,add,never
15721,977,somebody,discover,Williamshaven,she,box,bit
9383,776,popular,good,East Deanna,author,may,pretty
17077,180,worker,finally,West Kenneth,choice,recently,time
16793,691,natural,ahead,Port Jeremy,about,land,pass
17819,988,both,before,North Brandonmouth,control,group,population
17108,675,behavior,animal,West Cassidy,film,base,enter
12090,654,bit,there,Kathrynside,type,responsibility,magazine
13072,148,after,school,East Tinahaven,include,international,beat
11438,584,but,something,Victortown,degree,scientist,rest
14149,331,model,class,Charlesview,various,next,treatment
15319,194,point,evidence,Washingtonside,result,exactly,family
10539,79,again,option,Jacobhaven,American,writer,different
12951,200,science,to,Kellyton,safe,response,recently
14433,7,majority,buy,East Aliciaborough,blood,writer,sign
10911,96,enough,movement,New Dannyville,which,would,rule
9599,339,or,current,West Michellemouth,worry,goal,system
16475,546,high,whose,Barnesmouth,understand,vote,trial
10821,882,nice,else,New Robertborough,purpose,both,if
15757,609,project,million,Theresafurt,pay,toward,return
13534,148,where,nearly,South Mark,clearly,movement,figure
11656,773,piece,effect,Griffinborough,raise,ten,degree
11810,285,although,indicate,Christophermouth,find,truth,past
14164,308,authority,project,Annafort,far,occur,environment
16213,837,prove,both,Smithton,too,if,spring
9374,124,pattern,system,Lake Philip,certainly,source,nice
13813,809,eight,break,New Ericton,same,discuss,situation
8941,862,age,policy,West Fredland,book,lay,billion
11448,714,beyond,everything,Hillchester,member,option,low
16574,568,woman,pick,East Stephanie,difference,child,life
11219,200,nearly,through,Port Jameston,benefit,space,him
12174,341,study,agency,Dixonburgh,body,drive,big
16888,528,report,chance,New Richard,class,easy,yes
12442,780,us,deal,South Michael,prove,student,third
14942,306,store,age,Markmouth,bed,difficult,front
12286,300,million,election,Ericview,safe,apply,be
11832,531,truth,ok,East Jamesberg,own,field,animal
13579,616,produce,order,Rosehaven,example,career,catch
12150,727,view,if,Kristiview,then,he,consumer
14255,584,rock,will,Emilybury,shake,view,ability
16283,509,surface,customer,Port Robertostad,together,yeah,budget
11356,849,worker,arrive,Port Dustinmouth,detail,baby,cup
13048,853,center,fund,Pamelamouth,political,prepare,degree
14834,77,guy,central,New Ashley,person,four,somebody
13837,601,cell,continue,Cameronton,candidate,recent,big
10678,191,tax,from,West Alanville,way,up,eat
13334,670,couple,throw,West Cathychester,star,sit,side
14214,446,official,share,South Jimmyberg,for,miss,figure
9088,229,prevent,size,Antoniohaven,room,church,theory
12527,358,old,car,New John,as,election,bit
14185,668,behind,last,Ortizland,who,which,involve
16714,17,short,democratic,Greenfurt,among,my,I
13215,320,physical,couple,East Stephanie,whom,month,picture
14221,9,and,Republican,West Curtis,culture,consumer,whose
14824,728,exactly,purpose,Wilkinsonchester,down,next,join
11651,946,wrong,article,Nicholaschester,final,upon,generation
12360,432,audience,social,Maryfurt,soon,direction,help
14810,93,lose,myself,Cheyennemouth,friend,four,military
17465,807,gun,either,East Matthew,keep,fund,strategy
11374,394,man,ask,Danastad,moment,operation,realize
15298,498,lay,large,Lopezfort,really,stock,never
13027,721,year,middle,Lopeztown,next,organization,continue
15037,531,cause,degree,South Amy,one,suddenly,go
14405,409,local,particular,Robertside,blue,main,local
16794,383,environment,general,Poolehaven,single,foot,pattern
17572,787,this,hand,North Lauren,person,animal,day
10227,422,message,this,Lake Johnshire,answer,top,work
12485,961,four,fine,Davidborough,cell,believe,south
15205,126,scientist,ground,South Jessica,why,about,result
12262,98,serve,necessary,East Nicoleview,evening,red,technology
10696,313,must,national,Fitzpatrickshire,pretty,degree,simply
16352,30,month,investment,West Caitlin,part,popular,where
13448,112,laugh,argue,Joshuamouth,environmental,walk,technology
10724,490,guess,you,Jacobbury,success,low,news
13707,186,adult,only,Port Kevinport,over,pull,second
14007,470,including,name,Lake Michaelport,huge,expect,star
16712,105,down,service,Flemington,international,pay,believe
12799,769,push,discover,Jacksonstad,say,security,campaign
12007,955,drug,conference,Jamestown,important,power,throughout
9956,500,structure,conference,East Jacob,yourself,quality,history
11524,923,much,nation,Taraview,personal,anyone,new
8914,224,wish,weight,Johnsonborough,peace,where,western
10196,105,store,crime,Garrettfurt,several,sort,college
8869,608,market,health,West Sharon,to,carry,daughter
9073,823,stock,lose,Port Jackfort,ready,board,notice
14109,589,find,sing,Lake Williamview,hit,read,also
11969,904,that,better,Jasminemouth,near,both,college
15871,440,agency,bank,New Dawn,end,leg,son
10767,478,claim,wrong,Darrenland,foot,direction,admit
15171,293,party,sit,Williamshire,somebody,camera,majority
10959,516,fill,government,Osborneport,list,theory,guy
10473,809,development,enter,Port Sean,west,doctor,require
13292,822,discuss,myself,New Jordanport,white,mouth,return
15145,600,yourself,rate,East Jose,show,future,discover
16791,495,central,school,Loriville,avoid,home,air
11962,231,see,audience,Lisaton,under,likely,market
12158,529,region,Mrs,Stephaniemouth,argue,pretty,beautiful
15162,383,authority,pick,South Deanna,however,determine,enjoy
14753,725,lot,fish,Michaelstad,interview,sign,most
14083,430,middle,mind,Colleentown,example,behavior,with
12375,858,TV,today,Martinfort,although,natural,way
17564,31,receive,work,South Ethanstad,change,point,part
11402,384,until,capital,New Morgan,realize,ask,study
14974,219,method,fly,Jamesfort,fight,itself,summer
11671,564,relate,safe,Campbellside,while,talk,others
13127,175,public,agreement,Port Annatown,discussion,outside,evidence
12177,315,personal,next,Lake Melissa,go,fly,past
15895,810,pass,great,Lake Ashley,through,agree,whether
15328,490,father,organization,Millerstad,the,talk,by
10632,723,alone,my,Timothyport,model,simple,vote
8952,353,prepare,pay,New Jay,cup,require,watch
17232,315,section,point,South Brittanymouth,stop,kind,with
9010,509,eight,true,Cabreramouth,school,rich,finish
11690,985,available,attack,New Tammybury,opportunity,growth,easy
13282,769,product,politics,Manuelberg,on,focus,exactly
17903,812,rule,instead,Wrightburgh,true,blood,range
9348,855,whose,term,Michelleberg,plan,away,leg
11716,484,mention,book,Larryshire,paper,person,around
15464,249,itself,whom,Ericchester,training,central,for
10780,536,kitchen,national,Port John,class,history,community
10972,198,six,appear,Lisamouth,pattern,people,impact
17734,365,whom,company,Patelville,market,range,almost
16431,197,ready,pick,Lake Russellchester,TV,sound,fly
17578,263,so,chance,Danielville,debate,assume,such
15496,870,its,science,New Amy,nation,positive,analysis
17558,43,administration,key,New Raymond,whole,test,south
13866,243,strategy,line,Paulland,occur,TV,strategy
17819,221,from,great,Port Ellen,wide,rich,science
15100,221,series,thus,Pattersonland,group,glass,eat
17036,852,professional,most,North Timothyfort,fly,think,station
9339,160,charge,yeah,South Emily,good,detail,national
11264,663,radio,we,South Loriburgh,look,southern,training
9114,74,soon,myself,Munozchester,whose,peace,possible
10550,886,dark,similar,South Ericfurt,sense,or,government
16216,631,certain,on,New Nicole,others,understand,people
10136,922,administration,college,Johnsonside,want,force,close
15230,427,open,night,Barnesfort,who,role,wall
16024,318,forward,this,Georgeshire,former,catch,camera
10516,685,consider,blue,North Brenda,enjoy,once,me
17931,982,court,daughter,Martintown,recent,then,probably
9808,969,half,put,West Joseph,finish,pressure,explain
14151,436,everything,measure,Hartmanside,everyone,may,financial
11065,594,something,reveal,West Meredith,picture,reveal,learn
17149,274,with,statement,Justinland,trip,back,ability
14583,861,one,decade,Lake Laurenland,within,think,talk
10534,422,reflect,shoulder,Port Brianburgh,lay,seek,truth
12781,672,sure,either,New Brandon,hour,nothing,hand
12392,587,traditional,dark,North Jocelynberg,shake,face,rather
11655,983,stay,option,East Patriciaport,mother,important,writer
11926,333,including,together,New Benjamin,much,manager,shoulder
15668,837,throughout,set,Coryfurt,able,him,firm
12232,924,reach,heavy,West Wesley,provide,front,table
13130,790,appear,because,Staceyshire,particular,consumer,near
11381,291,live,behind,Port Ginastad,responsibility,trade,responsibility
9178,741,money,model,Lake Rhondahaven,involve,even,reduce
12432,556,degree,meeting,Leblancmouth,voice,word,wind
16314,62,whether,during,Davisburgh,society,threat,again
17442,546,artist,miss,Campbellshire,black,brother,significant
15352,253,likely,important,East Donald,create,office,artist
12743,588,case,theory,North Ann,century,bad,action
12071,756,boy,work,New Amandaview,five,nature,early
13490,680,nothing,computer,East Davidfort,their,water,center
15966,898,two,two,Scottton,line,approach,stuff
14219,947,animal,someone,West Douglashaven,baby,Mrs,child
12018,47,if,condition,Port Michaelbury,fund,son,talk
13387,727,prevent,image,East Michaelchester,play,paper,director
12408,896,TV,page,Jamesberg,husband,teacher,whose
15955,64,some,store,Torreston,understand,especially,eye
12113,545,term,actually,Hayesport,issue,century,seat
13181,677,throughout,pretty,Perkinschester,sense,reach,house
9204,66,cup,develop,Josephbury,case,five,part
9819,493,guy,their,Kimberlyport,mission,state,candidate
9317,552,public,firm,Jenniferview,from,husband,statement
17655,529,right,we,Timothystad,whether,too,describe
17091,12,teacher,win,Jamesstad,technology,property,marriage
17463,655,series,police,Kelliestad,education,mind,instead
14106,110,meet,history,North Brittany,minute,reach,able
13649,433,hotel,ground,New Annfurt,occur,game,determine
9476,188,this,dinner,East Dominique,cause,history,soon
12907,233,successful,rock,East Zacharyhaven,next,news,throughout
10511,99,fly,themselves,Martinburgh,glass,possible,stand
15026,193,drive,decision,East Brenda,specific,garden,floor
17609,507,quality,listen,New Daniellestad,wide,success,term
17614,283,statement,however,Port Danielchester,important,billion,learn
12338,196,government,operation,East Jessica,ok,agency,positive
9853,669,coach,law,Port Gabrielaville,large,movement,green
14092,343,sea,cost,Ronaldhaven,find,choose,skin
13396,317,important,old,Loganberg,apply,education,attention
8894,235,certain,six,Mcclureland,plant,treatment,nation
15544,588,protect,food,Woodside,her,morning,enter
14657,928,central,population,Sabrinafort,plant,environment,member
9214,95,by,old,Robinsonview,visit,including,both
17008,155,dark,protect,Jamesburgh,customer,place,describe
17612,87,let,inside,Robertburgh,shake,benefit,line
12339,916,wife,then,New Matthew,building,PM,deep
13014,14,quality,animal,Lake Mark,article,bar,laugh
12652,267,rise,movement,Lake Craig,character,if,movie
10186,919,position,test,Bartonport,involve,keep,attack
12576,229,one,most,Blanchardburgh,key,whom,meet
14453,148,building,their,Lake Jasonborough,reveal,who,they
17629,129,none,young,Williamshire,pick,picture,doctor
16565,930,break,about,Territown,president,whether,note
16584,41,party,week,South Tammy,hear,product,interesting
13840,10,should,thank,Wrightside,turn,reduce,might
14069,199,school,outside,East Dominiqueshire,red,in,player
15967,44,human,tax,Kennethhaven,memory,financial,nor
11710,870,fine,throughout,East Danielton,relate,good,national
13238,448,maybe,reality,North Juanstad,question,ever,talk
9134,690,final,study,West Ruben,report,rate,real
11615,317,either,likely,Townsendshire,point,cut,individual
14602,693,size,box,South Kaylahaven,improve,six,trade
12927,867,poor,claim,Lake Douglasfurt,mean,if,hear
17321,640,long,them,Hallstad,institution,fish,language
9192,632,consider,decision,Charlesfurt,almost,real,picture
16827,763,hot,pretty,East David,gas,power,represent
17280,773,including,page,Kingfurt,say,right,center
13292,778,machine,town,Port Jessicaton,surface,time,adult
10532,831,dark,none,North Jeffreyberg,perform,I,store
15948,39,her,draw,Fryberg,media,my,around
17944,863,those,appear,Morganview,success,describe,company
12055,692,management,maintain,Jonesberg,middle,century,economic
16111,224,system,carry,Garyburgh,reach,measure,so
10179,985,effort,my,Fitzpatrickland,may,huge,them
16891,56,study,policy,Lake Richard,ask,together,record
16962,852,might,south,South Kimberly,couple,on,live
13575,924,require,indeed,Jamesburgh,crime,fish,myself
12739,424,bill,tend,West Devon,reduce,couple,blue
11120,501,organization,collection,Walkerville,west,particular,family
10150,666,outside,spring,Cooperstad,Republican,from,house
15083,674,meet,however,East Cody,but,oil,real
13715,74,blood,forget,Samuelfort,most,million,lead
11187,493,house,someone,Washingtonchester,issue,opportunity,nothing
17924,898,successful,teach,Johnfort,send,record,professor
12353,162,hot,star,Smithshire,wait,question,whose
12627,918,mission,thing,New Robert,speech,pressure,she
9269,492,available,me,West Ashley,second,meet,student
9338,298,plan,claim,Vanessastad,foot,see,boy
15171,469,three,cost,Wallacetown,movie,not,rest
9515,164,wife,wait,Brownport,performance,near,window
10089,426,serious,race,West Candicemouth,sign,daughter,bit
12278,211,list,air,West Saraberg,table,computer,nice
10267,353,much,case,Smithchester,better,decision,industry
15240,953,cover,outside,Shawstad,decision,table,return
17427,215,shake,business,Courtneytown,join,hear,those
11149,489,drive,against,Williamsmouth,television,arrive,argue
15103,11,of,most,North Brentmouth,they,themselves,skill
15650,282,against,doctor,East Kenneth,speech,up,floor
11381,332,man,level,North Ericfurt,remember,green,often
10428,120,her,range,New Richardville,nature,manager,head
10435,188,when,law,New Rodney,test,education,yet
9424,767,activity,around,Port Jessicaborough,audience,medical,collection
13143,958,identify,shake,East Danielstad,kitchen,society,determine
14602,800,soon,get,Hallfurt,side,century,new
17368,233,hot,according,Veronicashire,occur,network,outside
12352,99,step,low,Leahbury,listen,business,against
17963,556,section,successful,North Sandrafort,let,suffer,when
17642,64,thank,she,Lauraview,send,another,determine
17378,259,dream,hotel,Lake Monicafort,worry,mouth,task
11585,792,time,boy,Johnburgh,campaign,large,responsibility
10476,266,collection,treat,North Lisaland,speech,behavior,meeting
13198,812,open,glass,Lake Jonathan,stay,we,claim
14786,654,unit,Republican,Lukestad,realize,itself,need
17072,839,bit,inside,Kellychester,least,any,before
16953,145,manage,coach,Port Christopherfurt,artist,body,baby
16389,488,little,save,East Tyler,score,represent,suffer
11532,342,themselves,real,Clarkstad,recently,debate,hope
13360,478,what,common,Savannahborough,cultural,same,prepare
9068,26,book,pull,Elizabethfort,couple,Congress,evening
12680,985,message,tough,Port Kimberly,in,development,drop
14002,596,reduce,wall,North Thomastown,nearly,hear,approach
16959,477,cut,sell,Garciachester,company,so,rest
12118,766,teacher,read,North Samantha,become,present,expect
15898,806,voice,early,West Stephanie,bed,build,grow
13171,906,energy,watch,Martinchester,without,happen,color
9710,988,central,camera,Davidfort,story,thus,great
14795,48,discussion,board,Stephanietown,break,within,heavy
11438,968,available,spring,Port Ericville,citizen,support,upon
9814,632,door,least,Charleshaven,spring,member,reach
10823,450,particularly,them,West Gabrielamouth,if,know,hand
16784,879,role,drive,Jamesburgh,gun,here,simple
14844,793,program,wonder,Karimouth,front,attack,message
14143,146,manager,explain,Lake Amy,effort,prevent,receive
13613,413,they,maintain,North Sandra,two,write,sister
9952,404,television,enter,South Devintown,brother,pattern,trade
9509,461,look,late,Port Erikahaven,left,defense,join
11990,349,kitchen,bar,Gordonville,material,production,standard
10228,894,could,sell,South Jonathan,forget,pressure,study
13221,276,benefit,tell,New Diane,night,admit,stop
15369,657,unit,president,East Sarah,seek,PM,human
17523,636,administration,fear,Justinberg,agreement,same,fear
16174,676,sing,central,Kimport,follow,guess,six
16018,887,available,door,Dorseyburgh,themselves,research,table
17856,52,seek,few,Hawkinsside,outside,mind,free
13505,303,surface,sign,Michaelville,deal,poor,expect
15219,876,expert,support,Barnettton,second,keep,community
17586,209,southern,impact,New Sandra,camera,thousand,market
16276,872,reduce,government,South Randyport,price,behavior,identify
11795,982,according,past,Dianeport,staff,girl,staff
16722,758,wish,buy,Lake David,apply,course,great
11618,104,raise,challenge,North Lauraside,name,hear,call
13824,183,talk,trade,Sloanburgh,act,others,tell
13955,104,often,same,New Travisville,itself,collection,rule
15612,794,end,dog,Fullerfort,include,truth,help
12414,784,young,floor,Moorefurt,hair,for,answer
10379,416,short,outside,Amyview,actually,fish,order
8941,659,purpose,occur,South Deannaborough,effort,democratic,carry
9856,733,early,half,Lake Ericaport,tax,high,front
16795,350,staff,whom,North Adamchester,program,quite,win
16080,671,move,drive,Danielville,possible,team,center
10639,917,rather,figure,Cynthiastad,fast,available,scientist
15051,974,value,whether,Courtneyton,agency,trial,paper
14134,465,dog,statement,Diazville,type,house,value
13915,793,similar,low,Vegafurt,evidence,move,street
17701,489,study,three,West Juliafurt,reason,television,bar
8966,168,history,official,Port Brandy,table,nearly,style
10387,793,serve,relationship,Gomezton,quite,specific,student
15144,615,must,sit,South Lancefort,job,rule,strong
14349,873,design,arm,East Logan,politics,soon,Republican
16185,53,pick,relationship,East Jessica,drop,various,without
12127,953,glass,professional,South Coryport,man,page,positive
15637,972,everybody,their,West Rebecca,compare,exist,opportunity
11828,775,firm,media,South Jessica,likely,work,level
14726,942,employee,white,South Megan,technology,side,guy
16390,233,key,require,Smithstad,minute,court,star
12333,669,clear,official,Collinsshire,maintain,hundred,use
10441,982,cut,talk,Odonnellfort,walk,down,do
16416,424,along,next,North Nicolestad,during,value,data
14663,62,accept,strategy,Port Toni,current,stage,dream
13815,461,general,candidate,Jamesbury,hard,value,bank
10994,145,stock,social,Tiffanyhaven,week,man,why
17042,573,need,teach,North Cynthia,cold,note,large
9305,986,whether,family,Angelamouth,market,floor,many
10462,36,conference,husband,Paulafort,consumer,certainly,source
17244,905,cup,Mrs,Pearsonfort,school,radio,both
11651,395,television,scientist,New James,represent,yourself,red
17432,608,culture,other,Mendezburgh,computer,experience,protect
11103,400,mouth,radio,East Gabriel,firm,investment,body
12314,253,forward,last,Reedchester,themselves,military,star
17235,1000,his,power,New Darrell,nature,scientist,similar
9710,884,author,down,Stephenchester,writer,but,care
17766,340,measure,my,Port Pamelastad,than,director,economic
10674,441,cover,sell,Adamsside,remember,her,language
14233,958,black,author,Singhfurt,fine,successful,operation
13733,436,happen,spring,Jacobsborough,compare,air,choice
12774,791,since,mean,Nelsonborough,despite,identify,nice
10988,268,since,song,West Phillip,note,onto,each
11134,496,eat,peace,South Jillberg,leader,leg,paper
12971,438,local,spring,Carpentermouth,among,hospital,interesting
9219,949,pressure,kid,North Karen,forward,approach,state
13110,302,city,foot,Valeriefort,number,billion,little
12762,726,life,newspaper,Lake Maria,minute,this,above
10927,329,read,future,Schmittchester,girl,far,officer
11299,197,move,certain,Tiffanyborough,month,interview,lay
12523,182,Republican,nature,Reneemouth,your,building,worry
16217,504,region,only,Jamestown,across,often,very
11995,981,they,such,Terrancebury,lead,minute,like
11992,940,politics,less,Jamesborough,respond,whole,worry
15811,266,page,continue,Batesville,officer,policy,free
13157,929,present,entire,Port Ryan,never,own,financial
14574,793,model,last,Port Nicholasfort,just,himself,nation
14375,508,either,reason,Cardenasshire,bill,network,politics
17893,392,rich,go,Samanthabury,run,top,something
13496,4,car,other,Port Natashatown,change,each,this
14435,208,special,little,New Caseychester,base,none,cultural
10087,706,phone,series,Georgemouth,mind,here,here
16018,979,major,ground,Anthonyside,will,success,everybody
11048,490,range,international,Johnchester,situation,major,student
16989,486,the,store,Jenniferborough,service,interview,service
9579,579,executive,dream,Nelsontown,maybe,ahead,including
10027,61,of,agreement,Brittanyburgh,unit,fill,fall
14635,848,try,debate,Reneemouth,feel,much,discover
10358,761,when,available,Jamesville,role,outside,resource
16751,486,education,fact,Riveraborough,cut,likely,business
15926,511,capital,coach,Lake Eileen,approach,those,place
15589,990,site,TV,East Sarahfurt,bad,present,at
13170,363,prepare,available,Lake Patriciabury,guy,skill,particular
14198,787,grow,rather,Lorihaven,agency,onto,suddenly
15960,246,whose,side,Michaelburgh,politics,enjoy,bank
12750,682,movement,charge,Roseland,throughout,million,school
14271,281,edge,thousand,Chavezfort,yard,husband,certainly
14542,819,within,social,Powersborough,city,society,course
16910,118,each,produce,North Matthew,mean,person,nice
10432,558,value,ready,South Daniel,question,state,tend
16767,184,live,guy,Woodshaven,rate,poor,section
10299,323,themselves,city,West Lindseyfort,time,forward,picture
9349,321,quite,a,West Ericchester,item,note,everything
11918,600,mind,national,Friedmanborough,plant,at,people
16306,472,your,religious,Erikafurt,she,name,position
10792,626,against,score,East Stephanieborough,central,political,since
13018,332,media,make,Saraburgh,far,own,every
10654,254,other,finish,Wilsonmouth,she,defense,own
15693,753,main,somebody,Markside,drive,note,physical
11681,764,address,near,Patelfort,class,exactly,property
12780,528,hope,let,Lake Brandifort,provide,vote,style
17117,102,Mr,least,South Michael,reach,nice,age
14778,71,low,represent,West Glenview,less,collection,task
14915,345,western,scene,East Judytown,room,approach,standard
12477,77,course,ahead,Solomonmouth,care,break,billion
13357,235,study,success,North Jimmy,visit,at,ever
16103,710,not,member,East Mistyview,something,section,share
11665,254,piece,whether,Port Nicholas,life,join,you
12048,400,there,central,Lucasport,owner,property,ago
16343,580,exist,put,East Patrick,something,walk,position
10532,389,reach,rather,Cheyenneshire,employee,stop,house
10227,555,stock,large,East Dwaynehaven,simply,create,do
17216,874,impact,five,Lloydtown,deep,law,your
11830,943,business,shake,Mayland,him,wide,myself
11274,124,rich,probably,New Lisachester,less,child,cost
16438,776,choose,happy,Stevenmouth,nearly,international,black
12137,963,fly,news,North Gary,peace,task,child
17344,621,goal,garden,Townsendside,form,from,simply
8879,70,four,effect,North Cindychester,popular,fill,six
14449,860,positive,debate,New Julia,cultural,audience,hour
17431,781,game,data,Edwardmouth,real,democratic,recently
16378,424,question,bill,Matthewborough,return,company,policy
9670,809,our,group,Philipstad,field,wide,art
11798,645,plant,fall,Johnsonfort,until,short,small
10903,537,range,man,Joseport,unit,chair,bed
9032,136,guy,fine,West Paulatown,single,next,war
13007,779,great,different,New David,society,population,main
16675,81,lot,late,North Jason,lay,instead,majority
14306,264,reveal,blue,Dianaburgh,Democrat,its,help
9538,261,charge,half,East Nancy,staff,decide,himself
11751,603,design,rather,Catherineberg,follow,major,less
16537,114,inside,always,South Jamesborough,different,time,determine
9082,475,day,large,Jacobview,sometimes,kitchen,per
14100,598,something,food,Freyport,actually,group,fish
17360,153,consider,support,Daniellemouth,set,all,memory
15022,587,evidence,standard,Candicemouth,especially,safe,choose
14961,951,suddenly,ask,Harrischester,green,benefit,bank
15582,759,will,summer,West Taylor,position,prove,fund
13433,892,college,some,New Gregory,majority,record,eye
13116,619,right,seek,West Benjamin,feel,machine,get
16623,91,manage,open,Davisborough,baby,money,become
12929,891,father,firm,Lake Lindseyhaven,law,budget,weight
15405,755,fine,bad,Wadebury,whole,card,summer
17437,258,specific,impact,West Jodi,care,cold,guess
9241,474,information,much,South Ryanfort,specific,clear,character
12077,302,serious,arrive,New Karaport,any,must,value
15491,945,your,trouble,Hendersonport,character,Mrs,computer
13889,304,fact,it,South Barbara,small,color,provide
11945,79,price,between,Lake Bryanborough,very,weight,require
10254,998,final,positive,Jamesborough,floor,oil,wonder
14048,658,enter,mean,West Jason,choose,economic,apply
13063,651,explain,alone,Caroltown,worker,likely,strong
11124,933,science,or,East Charles,music,maintain,loss
14586,431,whom,audience,Ryanfort,who,list,rich
16012,625,environment,set,Matthewport,bank,small,face
17270,926,senior,cultural,West Robert,new,name,direction
12957,629,discussion,finish,East Teresaview,we,doctor,same
9722,518,force,visit,North Pamela,say,individual,huge
10537,951,son,plant,Schmidtbury,ahead,join,early
15027,121,trade,professor,Williamsbury,human,cost,the
14529,878,maintain,theory,West Jacobside,manage,score,policy
16926,801,conference,despite,South Anneborough,per,important,speak
12276,404,and,wrong,Jamesmouth,fact,popular,myself
10355,600,yard,popular,Lauraburgh,network,career,marriage
11214,911,yet,detail,West Tonyaside,require,support,road
14054,764,question,red,New Scottmouth,series,act,development
11818,102,of,near,Smithshire,cell,total,remain
17484,496,total,seek,New Bianca,health,our,should
12455,411,still,try,Christopherview,door,business,hot
11221,655,loss,main,Brendaton,increase,section,who
16327,488,candidate,item,New Nancyfort,reveal,than,sit
15715,911,form,important,North Markside,stand,heart,enough
11377,773,public,western,Mcclurestad,success,foreign,teacher
15852,997,reason,bit,East Kimberlyshire,television,fund,word
15285,859,local,admit,West Jenniferside,just,fund,simply
8884,20,which,network,Danielville,once,fall,station
12202,35,conference,expect,Tinaside,small,common,term
12258,876,instead,window,Wilsonberg,under,detail,reality
10961,618,certainly,item,Angelicatown,year,anyone,later
9458,828,value,almost,North Christopher,sport,order,foot
12270,784,into,American,East Mark,also,sort,particularly
15024,378,billion,between,Paulmouth,history,population,away
17313,202,standard,all,North Sandra,bad,then,kind
8881,453,collection,very,Cynthiafort,fire,first,health
10836,674,his,grow,Port Johnathanside,game,your,performance
12579,246,family,cover,North Stephanieberg,expect,along,almost
11039,908,open,make,Valdezfurt,over,under,throughout
13209,161,democratic,form,Smithmouth,southern,media,sister
9460,365,issue,number,Farleystad,meeting,able,enough
9736,225,spend,party,West Henryside,almost,reality,from
12789,519,similar,him,South Spencer,pay,there,about
10300,931,central,these,East Megan,cover,per,rule
14608,129,himself,never,Lake Elizabethport,able,type,authority
15785,181,movie,outside,Dustinfurt,cultural,yes,bag
15338,114,near,certainly,Lake Angela,affect,book,free
16140,254,mouth,leg,Pamelahaven,pretty,couple,have
14185,592,score,manager,New Megan,process,financial,around
14132,77,listen,once,South Kimberlyshire,poor,her,still
14902,538,article,realize,Saramouth,discussion,difficult,product
9443,745,doctor,each,Markfort,second,nature,lawyer
11587,263,onto,sit,Taylorland,business,alone,summer
17399,920,do,short,Marquezfort,option,long,thank
9227,122,poor,article,Gregorytown,poor,week,create
12245,338,remain,month,West Sydney,just,method,daughter
11152,23,play,factor,Port Monicamouth,guess,occur,grow
9174,114,cell,professional,Elizabethmouth,agreement,others,bring
16600,478,available,hair,Port Joshuashire,scene,gas,them
12738,569,two,allow,Laurenport,interview,ability,process
16503,856,participant,certain,Tammytown,region,three,feel
11494,122,reason,loss,Boothshire,day,skin,five
13840,209,real,house,South Davidton,provide,step,cold
14779,495,common,parent,Hilltown,occur,man,job
15164,294,alone,child,South Kayla,develop,would,plant
12456,889,reduce,real,Lake Samuelview,never,western,Republican
9930,794,suggest,quickly,Ellisview,go,all,my
14585,993,ever,find,East Jimport,herself,writer,approach
17548,664,old,instead,Kristinhaven,at,foot,your
12048,780,ground,son,North Daniel,finish,attorney,people
12458,343,throw,seat,Lake James,into,professional,occur
11065,376,us,both,Castilloburgh,ground,individual,among
9775,565,conference,glass,Port Emmashire,give,wind,simply
12078,85,management,nearly,Lake Fernandoton,accept,newspaper,include
16817,760,this,green,Perkinsville,main,born,see
15684,723,either,professional,Brandonmouth,thus,investment,exactly
14836,391,program,though,Lake Brian,reason,often,degree
11043,768,picture,per,West Nicole,war,let,space
9351,217,prepare,pretty,North Lisa,reflect,arm,large
16519,945,image,activity,Lake Francisco,seek,none,interview
14430,181,maybe,move,South Elizabethport,to,relate,model
17674,675,ok,probably,Gomezborough,pass,sell,election
14919,849,probably,particular,Debrabury,financial,recent,wind
13781,411,difference,already,Freemanside,doctor,road,focus
12577,615,the,nothing,Valentinemouth,style,book,manager
12273,867,know,field,Lake Stefanie,similar,decision,capital
12648,459,born,enter,Penningtonton,once,begin,sign
12381,570,lead,art,Stephenville,expect,save,computer
14893,988,type,surface,South Ronaldside,job,behind,those
10311,78,court,hot,New Aprilton,laugh,dream,respond
13118,546,around,message,New Andrea,recognize,group,space
17316,67,myself,degree,East Josephfurt,stock,information,word
11788,279,step,would,Lake Wayneville,second,contain,common
17524,510,almost,enter,South Jay,knowledge,drop,article
16422,645,season,sometimes,West Nicholas,mouth,industry,time
12810,624,thousand,issue,South David,their,social,dog
16796,234,look,point,New Brian,choose,cup,represent
11767,556,alone,indicate,Joneshaven,concern,left,across
16304,881,growth,box,Lake Andrew,bed,ever,site
13778,586,stand,national,North Abigailport,standard,next,production
16067,439,minute,which,East Roy,sometimes,social,reflect
15000,573,part,interesting,Kevinbury,computer,customer,say
16286,494,seven,next,Jamesland,source,short,couple
15702,776,grow,continue,North Carmen,task,beautiful,plant
9052,992,buy,drive,Johnsonland,little,phone,once
17442,3,old,seek,Carpentershire,floor,read,degree
9291,92,again,message,New Laura,language,stay,radio
17499,950,house,guess,Lake Melissaton,event,discover,have
9210,576,treat,day,Millermouth,we,how,now
16374,606,money,speak,East Amanda,Mrs,develop,firm
14724,591,grow,common,Carolineland,light,sort,a
15804,787,well,wrong,Jonathanport,step,though,always
9008,294,baby,quite,Ricestad,create,case,step
10012,379,individual,wear,Port Deborahmouth,clearly,decision,central
16041,422,game,try,Levineton,issue,money,meeting
10634,545,arm,leg,West Juantown,glass,lawyer,center
15947,638,local,hard,Hillstad,car,energy,attorney
14359,676,past,technology,West Walterport,bring,seem,financial
15464,667,American,Mr,Jessicaside,recent,say,fact
10078,249,throw,help,East Barry,participant,game,contain
10815,483,the,positive,Valdezbury,factor,beautiful,employee
17003,900,various,forget,Lake Michaelmouth,according,also,perform
14574,61,read,from,South Randallbury,treatment,course,budget
16024,263,after,sure,Lake Johnhaven,author,pass,near
16513,966,likely,significant,Port Nicholas,imagine,career,site
14903,331,garden,few,East Aaronshire,many,chair,surface
11539,400,window,hand,Port Jodiborough,mean,them,two
12343,979,science,perhaps,South Taylorville,size,Mr,sort
12018,720,project,happy,Port Christopherbury,similar,class,huge
14991,508,back,blue,Coxshire,wall,type,operation
15032,525,how,still,Lake Zacharybury,glass,want,help
12617,726,pull,lawyer,Rossview,information,shake,medical
14666,734,add,matter,West Philip,develop,contain,raise
15681,89,energy,you,Brownberg,share,truth,world
16428,713,create,build,East Josephfort,drop,born,rich
10522,316,attorney,record,East Nancy,table,magazine,life
16764,880,certain,sometimes,East Kayla,here,certain,newspaper
16602,603,mouth,describe,Sarahaven,feeling,read,movie
11429,622,lay,tonight,Shannonfort,audience,happen,animal
13338,921,audience,admit,Georgechester,buy,interview,theory
9249,733,hold,win,Rickyfurt,fine,treat,since
10174,369,lot,join,Nicholaschester,month,dog,himself
10523,91,list,stage,South Joelmouth,technology,natural,good
12886,341,receive,reason,Katherineland,indicate,during,power
17416,858,security,budget,Theresastad,agent,foreign,executive
10887,178,move,natural,West Albert,suffer,north,firm
14136,737,foreign,white,Lake Christopherton,book,sign,whatever
11305,408,consider,world,Collinborough,option,meet,sing
11525,340,foot,really,West Annette,maintain,indicate,whether
16603,346,out,assume,New Andrewmouth,lead,indeed,its
15006,485,way,clear,Port Melody,use,agent,treatment
9498,692,least,miss,Port Kevinbury,well,actually,stop
9484,585,good,board,East Matthew,know,step,suggest
15754,858,hit,best,Port Maureen,they,like,for
13832,425,though,choose,Ferrellmouth,onto,nothing,fear
17106,691,fast,possible,West Jacobshire,attack,generation,choose
9889,608,need,mother,East Brandiland,soldier,popular,environment
11374,535,always,machine,New Mark,two,again,ever
15139,85,financial,she,Jillshire,around,sport,identify
9991,145,vote,movement,North Paulhaven,sure,approach,movie
15248,405,identify,want,Keithberg,against,rich,season
17267,274,old,of,Lancechester,site,matter,enter
9183,888,word,response,Walterstown,high,take,born
11879,1,fill,true,Matthewsborough,almost,daughter,room
12013,610,per,office,Erikaburgh,school,itself,read
17956,542,certain,local,Crossborough,foot,science,back
16135,967,today,us,Rileyberg,already,without,send
15467,590,democratic,summer,Jacksonland,foreign,sea,student
15207,226,or,talk,Mitchellmouth,beautiful,theory,rich
16097,139,ahead,short,East Travisport,air,firm,raise
9004,343,rather,reflect,Anthonytown,others,begin,news
15751,729,short,ability,Leahmouth,each,world,different
15218,871,simply,attention,South Amyside,strong,experience,threat
11152,715,include,military,New Ryan,whether,account,bill
15292,672,well,until,Brucechester,picture,teach,society
12482,198,apply,million,South Crystalview,although,each,interview
15070,145,PM,market,Amberport,fact,eight,bed
11097,125,cup,local,Colefort,color,relate,home
10689,353,as,traditional,East Daniel,expect,window,audience
11072,610,whose,section,South Williamborough,media,window,TV
10762,156,media,again,South Danielfort,hour,in,issue
17381,815,above,their,West Melindachester,wall,miss,in
16633,51,public,close,Paulaborough,himself,camera,base
16465,59,nice,more,New David,program,plant,court
11151,993,effect,seem,New Christine,decide,foot,item
15622,861,expect,share,Jennifermouth,water,than,relationship
15469,201,citizen,throw,New Reginaldville,environmental,we,drug
17472,462,lose,alone,Kimberlyview,food,church,present
11588,537,drive,mean,Lake Rachel,something,financial,have
9784,292,why,economy,Donaldburgh,class,listen,between
13447,838,apply,prevent,Heatherbury,share,organization,tonight
14506,624,maintain,oil,South Marthaborough,from,significant,entire
14210,100,event,beat,Mooreview,common,Congress,law
16629,121,blood,toward,East Michaelton,compare,against,lawyer
14907,16,another,court,West James,explain,recognize,form
13195,44,remember,fill,Juliechester,current,change,wait
16650,218,face,radio,West Stephaniemouth,avoid,final,social
9752,163,cost,reveal,Lake Jeffrey,serve,throughout,baby
12473,899,office,available,Lake Jeffreymouth,house,girl,foot
8992,157,draw,more,North Jessica,who,expect,leave
14925,928,such,computer,Calvinmouth,keep,town,decision
15490,838,hold,miss,New Reneefort,energy,executive,it
12010,128,compare,garden,Michaelfurt,full,yard,firm
13757,176,trouble,without,South Bryanshire,determine,base,serious
14725,490,seek,own,New Robert,happen,dinner,pretty
17725,518,thus,early,Port Austin,eat,develop,stock
10795,88,commercial,top,Sullivanstad,a,when,education
14894,518,economy,weight,Howellshire,thought,social,wait
11988,757,at,positive,Michellebury,low,spring,thank
12201,204,step,benefit,Adrianstad,able,raise,past
14128,697,modern,onto,Jenniferchester,discover,consumer,we
14790,755,study,relate,Reyestown,south,leg,peace
12456,641,home,charge,South Christina,cultural,war,authority
15707,12,vote,own,North Hannah,direction,reach,minute
12747,325,item,art,Crystalburgh,wall,continue,need
9534,769,foot,guess,Georgeview,course,six,goal
15661,764,director,husband,Fordland,couple,start,yard
17596,513,industry,night,West Sandyport,sing,form,miss
14527,202,tough,they,West Monica,she,cause,important
10701,394,kitchen,politics,Samanthabury,move,determine,dark
9808,440,marriage,certain,Lake Denise,discover,crime,could
17265,910,continue,design,New Michaelhaven,blue,true,result
10603,555,suddenly,everyone,New Laurenchester,happy,keep,difficult
10733,947,wind,green,South Victoriahaven,grow,anything,would
9997,626,surface,investment,Port Sandraberg,stay,man,investment
9905,482,tend,able,Lake Jeremy,watch,kind,time
9311,963,by,try,South Zacharytown,travel,suddenly,amount
10016,569,simple,total,New Alicebury,lay,find,black
14353,26,there,always,Brooksshire,capital,attorney,and
15036,194,past,director,North Erinbury,difference,they,until
16828,347,play,tell,Riceburgh,summer,education,new
17711,839,reduce,what,New Thomasside,assume,show,no
16969,94,option,politics,South Ashleychester,prepare,able,scientist
16934,524,would,process,North Candiceview,know,travel,analysis
10128,680,gas,boy,Tranfurt,so,management,factor
16824,862,us,eight,North Olivia,scientist,second,though
17879,106,reach,use,New Michaelport,must,ahead,conference
11976,578,control,TV,Meganton,southern,from,remember
10971,71,throughout,report,South Anna,recently,idea,keep
17578,923,national,standard,Port Donna,professional,about,various
15896,159,bag,reality,Port Rachel,relationship,per,raise
16304,477,across,simply,Port Davidhaven,garden,arrive,between
15677,88,one,level,Ianmouth,value,sell,face
15593,625,section,without,Juarezview,six,building,point
13323,961,image,finally,Ericland,debate,itself,performance
15182,516,cold,help,Lake Ginahaven,include,community,receive
13585,614,music,deal,West Michaelhaven,listen,child,information
14394,423,moment,above,East Nathanburgh,pass,huge,certain
8933,242,sort,their,Port Nicholasborough,respond,imagine,financial
11736,242,whole,situation,North Cindy,power,thing,explain
15624,463,quite,technology,New Williamtown,plant,for,for
16318,422,remain,behavior,New Emily,such,result,amount
12357,346,person,add,East Michael,arm,condition,community
17194,431,say,effort,Reginaldberg,fear,decide,enter
12948,828,serious,material,Colonmouth,bad,protect,face
9209,419,office,exist,East Kevin,its,century,up
9383,423,feeling,old,Russellville,spend,finish,pay
16213,445,run,modern,West Ashleyton,friend,perhaps,choice
13698,949,over,upon,Paulafurt,few,difference,might
17576,559,might,but,New Jonathan,door,scientist,treatment
12455,102,each,party,East Erikatown,his,organization,buy
17678,615,also,everybody,Rogerstown,remember,media,present
12948,76,action,hope,New Dana,difficult,he,region
9367,745,their,since,North Carolyn,share,source,owner
9412,460,rich,because,New Samanthaborough,appear,money,once
11224,882,step,ever,Mooretown,question,floor,law
15075,591,turn,citizen,East Adrian,risk,discover,forget
13810,106,bring,hotel,South Sean,ahead,upon,top
17642,83,program,hit,Toddmouth,establish,situation,player
15489,484,fight,only,Meganville,him,or,whole
10895,298,this,plan,Danielland,college,bar,lead
14113,322,ever,recognize,Robinsonland,world,itself,young
16584,834,sister,ahead,Kevinberg,charge,indeed,response
10655,63,reason,often,Grayview,side,help,organization
13269,274,walk,development,East Christina,road,debate,answer
9997,735,traditional,sign,Shaneberg,grow,until,impact
15563,300,paper,share,Rileymouth,trip,chance,land
12397,149,either,turn,Joseland,beyond,around,difference
16801,604,discuss,win,Lake James,office,stay,must
17127,563,force,college,East Carrietown,who,successful,more
12868,385,picture,account,Lake Anthonyberg,out,clear,member
14687,506,social,fight,Contrerasbury,avoid,middle,consider
11930,575,win,senior,Lewisside,if,station,maybe
9090,204,turn,later,Nixonfurt,western,forget,turn
16670,484,gas,bad,New Robertside,top,fish,east
10341,391,maintain,air,Ericville,research,forward,song
16786,19,mean,there,Kaylaberg,mind,church,TV
12604,455,early,authority,East Richardmouth,old,as,upon
15483,262,almost,these,Lake Nancyton,require,green,participant
10028,294,left,lawyer,Schwartzhaven,wall,other,full
17928,321,none,media,Walkerfurt,direction,reach,control
15271,263,throughout,life,New Matthew,ability,south,only
15581,223,air,pay,Wilsonbury,avoid,society,improve
14823,669,control,effect,Leslieton,carry,computer,their
14962,100,nearly,production,Port Cynthia,test,option,again
16427,845,arrive,identify,South Elijah,range,education,theory
8827,103,important,very,West Ryanton,during,town,suffer
10140,79,six,at,West Bryan,see,field,decide
10597,736,field,itself,Delacruzfort,officer,whom,increase
9937,366,much,state,Greenhaven,tough,treat,population
16755,23,western,home,New Erinfurt,chair,enough,relationship
11226,343,explain,station,Joshuaview,eye,thousand,open
15724,388,successful,ago,North Jacobstad,protect,story,whatever
11439,688,seek,word,Lake Donald,church,become,court
8891,142,range,carry,Joneshaven,much,science,draw
12558,960,tax,reality,Dannyside,yeah,information,computer
14217,5,operation,wind,Geraldshire,pretty,hand,five
10900,826,business,big,Lake Jennifertown,girl,store,knowledge
11149,635,little,charge,Dawnside,room,debate,billion
17114,938,computer,tax,West Alexandra,true,level,direction
10850,286,carry,rock,West Austinport,at,enough,respond
13845,35,keep,job,Tristanstad,anyone,bit,south
11128,403,room,American,North Michael,activity,soon,simple
14905,957,letter,could,East Sherriville,traditional,adult,future
17626,634,term,if,West Anneberg,win,talk,maintain
9013,503,cold,more,North Jackhaven,wait,case,analysis
14758,637,detail,west,Amberfort,chance,out,remain
12725,306,case,alone,Port Donald,side,without,above
14148,324,Democrat,surface,East Cindybury,result,team,group
11169,587,bring,seven,Davisfurt,information,box,democratic
12570,825,age,executive,Lake Diamondland,man,interest,condition
13042,349,car,official,West Justin,production,woman,wish
11375,900,traditional,firm,Lake Tamara,officer,quickly,after
11338,224,boy,person,East Matthew,boy,try,day
11234,280,everybody,garden,West Jackfort,respond,prevent,believe
13106,367,for,pass,Port Ryan,people,practice,face
15302,782,style,short,Hansenmouth,least,fish,money
10272,164,firm,edge,New Jaclynborough,Mrs,choice,respond
11352,886,local,help,Lake Tracyside,war,author,beautiful
12785,880,field,force,Kyleside,difficult,imagine,season
13227,88,pick,build,Port Samanthaview,floor,change,economic
10439,323,often,turn,New Kristineberg,research,few,head
16068,232,change,drive,North Elizabeth,wish,conference,response
12809,368,middle,within,Collinsside,direction,official,laugh
13531,774,administration,wear,Port Meghanmouth,modern,their,game
16858,349,will,relationship,Wrightstad,war,friend,talk
12298,231,matter,media,Danieltown,action,time,hospital
9351,643,list,final,Dixonborough,theory,piece,natural
17526,228,analysis,system,Port Saraside,vote,pressure,let
9597,392,point,say,Tanyaland,environmental,young,white
17425,798,include,purpose,North Joshua,writer,strong,list
13475,5,table,impact,Amymouth,benefit,political,far
9511,84,few,call,Longborough,event,according,win
16589,122,save,real,Burnettmouth,guess,peace,reach
12017,584,challenge,clearly,New Nicholas,fund,person,friend
9907,693,will,here,Lake Maryburgh,success,wrong,reality
16719,944,sort,receive,New Tylerton,lead,matter,never
16039,497,professor,month,East Richard,science,agree,student
15451,797,design,family,Acostabury,hundred,ten,go
15358,979,soldier,any,Triciahaven,south,minute,food
12939,347,team,art,Lake Melissa,citizen,exactly,later
9042,774,rather,imagine,Port Christina,see,heavy,decide
14589,617,at,whose,Karenmouth,break,often,produce
13164,517,some,organization,North Bryan,run,yes,machine
10313,409,picture,that,West Troyton,letter,admit,leader
14402,683,establish,cup,Lake Charlesside,may,system,example
14709,918,example,nice,Matthewshire,industry,may,around
17580,296,gun,example,North Stephen,tax,ten,at
13883,37,institution,condition,Barrettside,commercial,care,present
17359,601,six,town,Port Daniel,street,miss,beyond
9562,431,authority,Democrat,West Douglaschester,cut,way,technology
13544,304,her,other,New Sarah,play,blue,war
13116,340,record,miss,Camachofurt,name,usually,prove
11344,234,message,per,West Lindaville,hour,campaign,doctor
8854,301,guess,around,Stevensonborough,through,the,drop
15548,750,most,crime,Farrellborough,ready,cell,over
11084,677,decision,work,Rebeccamouth,during,suddenly,very
15018,172,education,take,West Jacob,research,describe,thus
9328,823,really,measure,South Jennifer,expert,lot,own
10897,627,serious,message,North Judyshire,director,door,stand
12394,78,game,general,New Jennifer,dream,phone,long
12629,904,physical,prepare,New Andrewfort,race,report,serious
11276,85,argue,whose,West Sandyton,campaign,only,subject
14041,178,law,professor,East Karenhaven,firm,administration,everything
11896,293,four,clearly,North Jonathan,short,power,east
11429,780,seven,movie,Michaelland,experience,onto,question
10794,201,age,role,North Allenbury,situation,politics,because
16846,887,accept,work,Lake Shelbyside,crime,peace,push
14100,772,loss,loss,East Samantha,ask,hotel,imagine
10730,950,I,baby,Colonberg,return,one,read
10466,927,successful,start,Priscillamouth,picture,newspaper,play
10437,400,risk,age,Danielfort,skill,yard,old
9590,422,media,draw,Cortezmouth,very,future,management
12022,903,control,style,East Monica,good,decide,bring
13672,320,wait,commercial,Kurttown,two,stuff,about
16100,622,box,learn,Port Anthony,school,require,store
9784,167,dark,look,Sherriport,report,suggest,seven
11514,16,final,market,Port Deborahfurt,look,mind,like
16899,735,subject,image,New Tonya,Congress,feel,floor
15563,543,skin,world,Marieland,fill,force,near
11641,55,matter,state,Seanhaven,with,military,bring
13847,812,this,happy,Jimenezmouth,imagine,computer,pressure
14893,152,decade,operation,South Katherine,people,will,machine
12859,229,dog,throughout,Audreyview,southern,number,who
14125,327,send,data,Bartonview,media,everybody,far
17145,187,southern,occur,East Maryport,society,huge,deal
14442,662,story,check,Lake Kathyburgh,number,check,market
16293,158,visit,decade,North Meganshire,camera,nice,sea
16367,983,stay,administration,Port Timothyland,parent,ten,three
11525,521,make,follow,Port Misty,become,contain,choose
11513,205,really,TV,New Timothyshire,herself,scientist,all
14725,510,sit,natural,East James,many,may,executive
15248,466,instead,even,Newmanbury,myself,church,start
14624,359,meet,gas,Richardville,road,fund,month
14836,519,add,specific,Darleneport,indeed,animal,not
10119,984,yard,nation,Theresachester,information,along,career
9379,500,hundred,inside,Wallaceburgh,more,key,affect
13254,963,purpose,present,North Ashley,of,word,trade
10703,584,stock,father,Parrishshire,example,organization,leave
13508,713,somebody,then,Kevintown,sound,should,early
17842,956,act,reveal,North Jeffrey,focus,administration,budget
10423,154,fact,sea,Port Ryanborough,hope,former,especially
9323,470,entire,many,New Deniseside,effort,religious,business
9155,708,must,strong,Port Willie,go,white,seek
9589,794,off,dinner,Fieldsberg,front,fly,camera
13332,346,dog,future,Rogersborough,option,lot,concern
12084,839,address,old,Corychester,character,participant,decide
16621,368,single,feel,West George,score,common,control
17738,32,clearly,then,Danielstad,some,weight,how
16583,536,air,high,Meghanshire,only,hot,notice
16933,257,sort,option,East Cory,anyone,low,will
17819,945,story,better,Brianmouth,kitchen,player,near
14565,831,nation,agreement,West Timothyville,tonight,resource,lawyer
15126,435,stock,tax,Nicholasburgh,have,bed,class
8845,726,admit,carry,North Matthewhaven,American,important,body
17099,924,entire,head,North Nicole,worker,listen,thing
14358,193,table,floor,Chrismouth,everyone,man,night
9488,20,many,thank,Lake Jeffreybury,use,bar,room
14010,59,argue,moment,Kristineville,purpose,city,door
14094,924,along,say,South Stanley,peace,ball,meeting
14101,409,understand,their,South Timothyfort,learn,sometimes,imagine
10602,180,bed,power,New Todd,fish,fight,arrive
15720,702,price,hand,North Tracy,never,policy,final
16928,586,increase,different,West Shannonton,them,something,morning
14446,453,radio,glass,Williamberg,list,much,president
16870,456,him,computer,Lake Edwardmouth,identify,form,allow
10958,588,fire,mission,West Steven,wall,society,performance
10915,366,tend,data,Port Amandaville,old,three,bad
17093,544,car,discussion,Alexisfurt,official,war,about
12254,429,them,central,Lake Betty,yet,west,production
13950,95,book,manager,Parrishmouth,this,seven,point
11118,779,eat,worry,Averyton,property,prove,world
15479,724,budget,get,Sydneytown,determine,form,our
11017,483,hair,Mrs,Port Beth,ball,tough,hold
14899,488,democratic,yeah,South Jamesfurt,strong,like,range
12210,174,third,modern,New Cassandrastad,establish,bank,idea
13531,323,past,pass,Nguyenburgh,market,today,thus
10736,378,manage,brother,Alexanderside,morning,girl,give
16100,208,image,anyone,Jasonton,moment,interesting,tough
9212,777,also,full,Heatherside,future,meet,us
10308,479,detail,house,South Patrickmouth,huge,character,PM
9190,279,pull,play,North Teresachester,raise,yes,air
11067,417,owner,blood,North Matthewberg,of,car,continue
13010,258,nor,piece,Washingtonside,offer,leg,goal
10601,832,join,manage,Lake Danielside,international,onto,rather
14095,914,admit,list,Leslieborough,specific,conference,strong
13150,345,money,bar,Port Lydia,PM,political,red
12245,474,brother,owner,Hannahshire,man,home,agreement
11290,656,it,agency,Bautistachester,truth,memory,these
16785,717,look,ever,Owensland,stock,free,yard
15885,315,either,share,East Samanthaside,major,Mrs,everybody
16908,583,growth,test,Stephenfurt,kind,travel,environment
10098,549,interest,bar,Helenburgh,rock,relate,magazine
12726,91,similar,news,South Angelaville,television,toward,research
10268,117,stage,game,Port Brandonfort,suffer,table,soldier
15206,556,arm,table,Deleonmouth,organization,apply,there
12423,153,approach,similar,Matthewton,break,good,Republican
17880,51,south,themselves,Jaimeland,development,these,show
10095,111,gas,boy,Patriciaside,anyone,law,reveal
14646,521,different,less,Johnsontown,show,radio,say
14240,242,small,whom,Michaelhaven,participant,popular,truth
13480,935,language,owner,Webbbury,forward,its,six
10262,482,each,which,North Michellefort,sea,big,I
12424,878,change,write,Wilsonton,voice,all,case
8834,991,per,enough,Jonathanberg,large,hope,nothing
15957,854,chance,line,Jonesbury,politics,argue,however
10863,156,buy,get,East Michaelland,above,whose,through
9324,720,should,not,New Kyle,girl,everything,large
14509,56,two,within,East Normaburgh,senior,kind,air
15851,664,kid,mother,East Jonathan,medical,something,thank
12575,965,black,that,Nicholaschester,ability,generation,card
12368,292,relationship,say,Port Timothy,produce,which,budget
17404,95,language,impact,Bakermouth,note,right,ball
13026,467,skin,energy,Kellyberg,wind,mean,pretty
9293,955,star,provide,East Hailey,former,minute,art
14519,262,star,prove,West Preston,sell,fast,across
10349,557,school,trouble,Rodriguezstad,beyond,better,real
10295,38,energy,air,Pattersonmouth,pay,paper,adult
11866,275,claim,time,Brockberg,father,those,citizen
12873,914,threat,site,Josephville,meeting,impact,well
13973,44,smile,candidate,Teresaville,industry,any,provide
14279,594,high,ready,Port Williamberg,TV,become,would
13722,443,certainly,side,East Meganchester,money,contain,ground
14444,124,question,meet,Kochborough,voice,cause,seat
10580,523,stop,message,Smithstad,operation,feeling,decision
15291,786,within,ask,New Margaretfort,and,building,something
14493,672,improve,fill,Nathanielton,attention,enjoy,federal
14540,794,gas,house,Sueside,data,boy,loss
14714,118,only,treatment,Robinhaven,single,can,soldier
17603,21,report,probably,Lake Whitneybury,rule,member,me
17383,69,picture,likely,Port Kayla,happy,game,light
14745,424,arm,lawyer,West Jenniferport,option,save,never
14697,958,head,final,Melissashire,number,officer,thus
17595,307,house,name,Youngtown,may,agency,shoulder
13064,750,skill,direction,South Phillip,data,draw,fall
12525,390,suggest,wall,North Nicholasmouth,by,a,network
12384,719,history,seat,Lake Anna,politics,son,ago
10256,214,make,test,Lake Christopher,media,leg,figure
13495,813,check,indicate,Lake Bianca,ago,middle,wonder
12577,676,from,sometimes,West Kathleenfurt,maybe,store,natural
10992,468,third,if,South Melissa,deal,forget,maybe
11281,623,popular,bring,Popeville,better,training,buy
15929,477,everything,drug,West James,dream,recent,difference
9753,293,me,consumer,South Phillip,recognize,shake,general
11957,785,property,civil,Alvarezfort,line,present,win
17868,249,stuff,threat,Williamshaven,idea,a,term
16829,313,should,people,Lopezside,join,enter,local
13936,7,second,light,East Jessica,society,much,budget
14336,534,media,station,Michelefurt,next,score,yes
12126,99,total,much,Stevenberg,side,deal,doctor
13181,32,anyone,possible,Thomasstad,magazine,Congress,never
9227,749,young,open,Lewismouth,movie,discuss,billion
17474,124,guess,inside,Hortontown,receive,ahead,family
15381,129,quality,reality,West Jeffreychester,white,season,message
17580,235,no,wear,Port Meagan,sister,you,arrive
9705,503,experience,herself,Wuland,field,when,employee
14720,140,everyone,charge,North Reneeton,view,popular,seek
16478,917,save,shake,Coryhaven,hear,old,kind
14494,252,a,offer,Port Johntown,choice,threat,in
16585,247,environment,guy,West Yvonne,series,last,order
9225,202,two,decision,Hernandezmouth,accept,film,manager
12225,498,air,term,Timothybury,compare,walk,institution
17315,425,rule,truth,South Sarahville,conference,another,industry
16510,32,I,wall,Gillespieside,quickly,world,government
10570,853,wonder,fall,Darrylmouth,about,sit,discuss
9785,780,loss,onto,South Lisa,central,able,able
16675,368,Mr,even,Olsonshire,form,high,institution
11556,425,base,collection,Lisaborough,especially,plan,organization
9551,193,idea,Republican,North Melanie,one,quite,along
15499,75,weight,police,South Codyfort,work,billion,page
10352,499,job,each,Robinsonmouth,culture,first,enter
14529,834,local,public,Timothytown,cultural,near,research
16176,334,pressure,according,South William,summer,college,approach
14425,872,citizen,there,Richardmouth,enter,build,professor
15991,345,organization,early,Port Thomas,able,street,three
14540,272,page,the,Port George,data,focus,action
14410,871,but,despite,Melissatown,manage,image,newspaper
13646,438,health,sea,Sharonton,friend,economy,federal
13558,489,light,son,New Aaron,marriage,after,citizen
10654,751,toward,factor,Ashleyborough,spring,key,while
10363,553,benefit,current,Veronicashire,or,air,which
13036,722,with,majority,Hartmanbury,past,open,note
16117,956,unit,garden,Kellimouth,skin,citizen,nation
11130,182,out,say,Rickyfort,choose,election,religious
10287,172,course,pressure,Juarezshire,age,recently,indeed
9512,721,author,their,New Jessicastad,Congress,ten,number
15630,381,mother,last,Bullockville,administration,movie,various
13522,933,personal,single,Port Erinfurt,direction,else,likely
14323,455,future,ability,Port Alishatown,Democrat,wait,number
17223,121,star,argue,Burkeland,most,general,run
17713,206,try,month,Rodriguezborough,our,town,site
13977,917,hundred,bag,Chenborough,want,cut,development
17542,879,sign,pattern,Evanport,fund,color,economy
10390,94,development,exist,Janetbury,model,rich,early
17559,201,increase,over,Bowmanborough,bring,character,serve
11775,665,indeed,business,South Jamesberg,serve,under,than
12909,856,civil,feel,Port Audreystad,rock,economic,note
11336,563,pressure,music,Port Donna,discuss,listen,control
12615,625,finish,still,New Dawn,interesting,theory,significant
16945,939,wife,organization,New Sara,site,among,team
11199,243,medical,else,Murphyhaven,question,democratic,organization
16270,400,arm,surface,Wolfeland,evidence,cell,he
17189,845,professional,phone,East Jamie,lose,law,everybody
12667,892,prove,task,North Kristen,each,song,no
17150,843,blood,new,Lake Christina,forget,rule,catch
13872,198,exist,subject,Scottview,western,whatever,image
13104,542,necessary,may,Lake Whitneychester,tree,picture,thousand
11647,720,address,together,Port Elizabeth,identify,cost,draw
15688,605,live,alone,Davidtown,among,floor,program
12841,149,help,spring,Emilyport,color,already,movement
15469,515,house,see,South Helenberg,lead,wife,recently
14854,603,because,agent,Gonzalezmouth,available,firm,action
15746,298,great,professor,New Joelfurt,large,ago,fast
10739,100,but,right,South Roseville,sea,try,include
12879,100,yeah,voice,West Jeffreyville,rest,all,today
8875,533,effort,program,Kevinmouth,forget,have,your
12441,272,game,finally,West Lisa,fire,so,thought
9964,275,effect,language,North Matthew,even,method,manage
13572,353,turn,remember,West Jenniferland,structure,part,throughout
13843,809,indicate,door,North Kristinberg,hospital,capital,area
13979,26,gun,morning,Williamsfort,point,authority,point
10424,69,blue,cover,New John,science,attack,politics
12869,25,prevent,character,South Stephanie,above,natural,history
13397,354,administration,like,Rodgersside,when,together,recent
12362,607,research,study,Kevinburgh,design,experience,a
13411,467,visit,create,Joneshaven,sense,trip,cultural
13502,705,expect,similar,Kimview,them,energy,and
11787,207,top,agency,West Diana,boy,write,travel
17910,833,lead,these,Lake Kennethburgh,interest,compare,old
14057,391,occur,same,Deanchester,factor,can,state
11586,557,miss,field,East Ashleyside,place,here,affect
11287,820,work,near,Christianborough,stuff,human,they
13368,68,nature,exist,Lake Amanda,another,morning,law
17733,587,side,run,Westfurt,turn,who,street
15790,211,church,class,Sharonport,choice,news,herself
17340,612,food,determine,East Angela,real,particular,wife
8960,982,where,explain,South Pedro,college,evening,yes
10281,517,which,game,New Lawrence,commercial,up,time
10133,420,race,key,Kirstenmouth,factor,wide,worry
9788,405,foot,name,Fergusonview,everything,team,activity
14282,42,others,start,Bryantville,realize,company,positive
12522,230,really,night,Fergusonfurt,capital,risk,management
12265,926,important,court,New Justin,specific,month,street
17890,719,run,window,New Jodi,order,yourself,represent
12245,449,sign,rate,Smithshire,mission,member,action
13240,775,floor,lose,Leebury,interview,raise,until
15284,630,major,man,Kennedyfurt,around,fund,report
14945,516,rate,position,Jessicaland,ability,south,north
13441,111,book,benefit,South Karenhaven,process,interest,top
11044,165,among,quality,South Keithstad,adult,child,necessary
11288,409,knowledge,big,Port Summerport,laugh,election,visit
12391,576,candidate,collection,East Christineville,democratic,response,few
11353,398,brother,draw,Lake Nathanview,clearly,view,paper
12907,713,director,indicate,East Marvinburgh,west,later,surface
14506,494,small,themselves,Lake Melissa,win,will,show
10583,112,picture,south,Emilystad,firm,religious,well
14181,811,in,more,New Rachel,expect,happen,owner
14530,601,economy,bad,Bradleyview,more,add,either
16962,16,parent,whole,Martinborough,together,offer,how
10849,396,thought,issue,West Adrian,dream,increase,ok
16695,448,structure,action,South David,whatever,light,newspaper
10077,752,vote,reality,Farleyberg,language,speech,run
12789,196,more,action,Lake Sandra,whose,key,guess
17669,254,term,page,Bruceberg,wonder,agree,stand
13202,386,building,total,Port Erin,husband,set,partner
16102,917,amount,sister,North Ryanmouth,or,choice,interesting
11896,981,most,these,North John,through,difference,page
12255,654,sing,economy,Osbornberg,culture,protect,face
15850,139,resource,indicate,Smithberg,sometimes,agency,during
9712,716,spring,alone,Port Dennis,indicate,note,ago
14359,759,no,not,North Davidview,area,focus,environmental
16649,576,full,account,Chadborough,instead,mean,beat
17187,595,girl,instead,West James,knowledge,north,design
12300,51,car,long,South Jocelynburgh,city,affect,factor
13394,814,action,possible,New Martha,evening,foot,thing
11843,195,agency,recently,South Sandraburgh,ten,clear,speech
10111,532,system,affect,Carriemouth,mission,table,argue
16446,311,health,identify,South Michaelmouth,wall,second,bag
10494,91,late,involve,South Raymond,free,student,full
10942,979,recent,feeling,South Cassandra,these,region,race
17360,27,enough,almost,Jameshaven,story,power,challenge
8827,420,experience,half,Calderonhaven,consider,face,wall
13996,987,seek,born,New Monicaton,parent,hot,senior
13215,855,may,both,Andrewmouth,must,know,just
12234,798,option,page,East Jeffrey,order,dark,will
10342,793,conference,cup,Port Lance,us,although,finally
12175,639,image,couple,Burnsborough,choice,image,hard
14139,825,local,worry,Mollyberg,message,thus,toward
16154,1000,population,class,East Sara,show,issue,everyone
15994,932,rest,cultural,Millerstad,decision,new,culture
10933,878,college,street,East Alexander,tough,series,clear
17454,852,when,material,North Mark,think,true,thus
12523,881,support,dinner,New Alexton,father,particular,reveal
16852,179,fill,run,New Christopher,forget,more,event
17798,33,inside,bank,Harveyborough,ability,product,already
9587,322,always,anything,Nguyenborough,increase,public,discuss
16172,890,how,clearly,West Sara,media,realize,likely
12334,378,standard,single,East Nancy,member,such,else
10208,692,long,choice,New Cynthiaborough,character,wind,wide
15083,508,as,force,Lake Emily,five,stop,ever
14950,949,nation,miss,Haleyborough,make,attention,window
12132,24,weight,land,Johnsonshire,five,man,strong
16932,529,story,discussion,Kellyville,particularly,foreign,security
14688,217,note,room,New Isaac,describe,science,best
17684,875,approach,society,Nancyberg,bad,shake,wait
16349,278,song,black,Port Michaelstad,along,political,such
10310,549,end,apply,Eileenville,purpose,something,assume
16510,132,size,computer,Brianchester,however,ten,gas
16864,244,across,on,New Katieshire,child,suddenly,rich
14954,92,type,include,Harmonmouth,sign,real,prevent
9294,660,down,action,South Patrick,fight,term,responsibility
13666,414,however,model,Acevedobury,manage,morning,page
12584,861,when,note,West Richard,always,common,skill
10644,520,wish,after,Campbellfort,weight,art,area
11807,124,many,company,Lake Melissa,bit,look,impact
10059,764,indeed,answer,Danielsmouth,management,rich,sell
11058,592,media,knowledge,Williamsfurt,two,whatever,star
14671,947,enough,view,Timothyside,throw,easy,industry
13785,612,tax,least,Edwardsland,head,card,position
11520,889,education,red,South Daisy,method,fear,this
16890,615,develop,build,West John,woman,family,night
14278,343,human,how,Lake Michelle,receive,green,their
12951,863,well,able,Jessicafurt,film,discover,site
17196,787,perhaps,single,North Rubenmouth,hair,section,parent
10712,437,trade,cause,Brownmouth,theory,future,role
11167,868,phone,source,Port Megan,probably,listen,government
17937,144,character,successful,New Kevin,body,pretty,scene
17862,792,morning,over,Gregoryborough,fine,house,number
17627,119,season,perhaps,Lake Heidi,wait,film,we
12659,923,one,event,South Morganshire,phone,easy,choose
16452,117,second,wonder,Williammouth,plant,myself,cultural
13772,47,move,from,New Joshuaburgh,political,nothing,stop
17883,129,team,north,Princestad,debate,without,key
13937,227,floor,well,Manuelland,phone,left,produce
15351,787,mention,moment,North Donnamouth,stage,under,indicate
16045,790,piece,term,Wrightmouth,thank,meeting,picture
15445,869,modern,feeling,Moranside,debate,participant,fear
13635,802,can,PM,Lisatown,produce,space,remain
16711,357,itself,until,East Vanessa,trial,full,institution
14429,249,rise,arm,Michaelmouth,something,sometimes,page
16518,612,sure,case,South Emilyland,according,property,two
14148,954,thus,low,Maryburgh,yes,sure,up
15033,25,today,watch,East Richardberg,number,million,next
12875,11,appear,not,Jenniferberg,still,art,raise
14824,349,thing,feeling,Lake Kylieborough,lay,across,either
12871,614,it,whatever,Jasonville,return,find,whether
11410,237,no,lawyer,Port Aaron,item,product,next
8922,502,hope,drop,Wilsonchester,book,beautiful,wind
9542,923,father,none,Lake Alejandroside,put,professor,use
10378,836,thank,including,Robinsonfurt,member,second,charge
15161,318,whole,month,New Andrea,positive,drug,require
13183,839,card,discover,Samuelview,ask,song,behind
10607,164,science,exactly,Paulport,wear,democratic,middle
12603,470,outside,world,Lake Bradleyton,resource,doctor,explain
9383,241,particularly,affect,South Brandonton,view,movie,matter
14046,518,reflect,certainly,Rebeccachester,only,later,somebody
17236,963,important,forget,South Jordanberg,nature,commercial,music
11829,594,instead,history,Christianton,believe,morning,too
9358,233,marriage,pressure,Dawnfurt,certain,big,minute
14390,148,truth,do,New David,science,than,off
14003,852,adult,open,Ayalaburgh,black,letter,nature
9241,495,risk,occur,Lake Marcus,less,next,tough
10685,487,program,create,Ericberg,about,over,stay
15179,873,trial,federal,Hallmouth,those,project,hospital
10861,304,fill,foreign,West Williamfurt,wide,mission,first
16687,665,star,spend,Catherinefurt,natural,player,stand
11837,61,environment,individual,Melindaberg,theory,action,information
16968,702,four,chair,Davistown,two,heavy,step
9211,255,middle,budget,Ebonyfort,people,place,office
17860,802,decision,but,Morrisborough,challenge,lose,house
12321,119,quite,beat,East Raymond,ball,become,describe
15312,200,near,not,Thomaschester,paper,value,address
14093,178,develop,test,New Crystal,professor,agree,budget
16343,952,act,visit,Joycefort,direction,late,check
11094,187,law,performance,Lake Travis,can,big,about
10028,965,pattern,bill,Foxburgh,indeed,soldier,section
15598,707,hot,data,West Leahborough,history,single,space
12934,46,carry,southern,South April,step,pull,forget
14519,509,letter,name,South Jeffreyside,data,direction,suffer
9640,849,himself,report,Gillport,positive,particularly,available
11980,577,you,money,North Leah,also,mention,court
10228,526,close,ok,Lake Christophertown,impact,create,identify
17436,481,soon,treat,East Tamaraburgh,her,election,gas
12116,862,simply,chair,Port Donaldfurt,leg,garden,region
11974,346,because,water,Allisonside,yourself,safe,those
12105,58,former,ask,New Taylor,during,if,society
16007,847,government,standard,New Nicolechester,that,two,risk
8862,254,pick,model,Lake Regina,yard,color,scientist
11013,125,least,join,Port Justinstad,kitchen,third,particularly
13398,886,benefit,people,Gonzaleshaven,particular,child,campaign
10311,982,road,require,New Hailey,change,road,message
16635,351,half,soldier,Rodriguezstad,include,because,live
11593,170,brother,opportunity,Jimmymouth,fight,spring,involve
13799,741,society,young,Tonyaton,huge,federal,once
15032,676,executive,bit,North Amanda,however,another,model
12796,359,focus,president,East Scott,similar,agency,great
11816,298,especially,gas,Darrellview,manage,answer,or
9473,88,own,challenge,Jillmouth,six,player,inside
11421,982,drive,road,Nancyshire,allow,new,painting
12340,119,per,especially,Erinport,man,program,run
14272,891,positive,ask,Ramosburgh,country,window,everybody
16735,243,road,it,West Andrea,stop,nearly,artist
15012,574,for,far,South Zacharyshire,enter,star,energy
16909,14,available,I,South Zoe,thought,down,thus
15383,725,computer,sometimes,West Gregory,investment,little,personal
17039,581,easy,their,Jenniferborough,future,those,until
17806,89,Democrat,marriage,West Johnnyberg,spend,size,world
12963,680,Congress,Mrs,North Brenda,stand,discuss,low
11825,719,cut,each,East Tyler,response,message,board
12268,884,actually,color,North Mollytown,buy,image,seem
15831,723,within,law,Aliciaville,sister,figure,accept
17932,994,modern,despite,Fitzgeraldfurt,my,plan,cultural
11315,737,take,American,Lake Joshuatown,than,natural,culture
11003,398,national,move,West Jefferyfurt,various,trouble,way
9456,479,including,hit,Port Danielville,man,throughout,top
11680,311,thank,plan,Port Ryan,entire,mention,executive
9139,684,ready,deep,Higginsborough,wait,condition,recently
10851,851,do,why,North Marie,event,indeed,only
13636,685,us,energy,Port Jennifer,garden,ok,participant
11239,64,become,box,Deniseside,across,perhaps,newspaper
11960,499,natural,bill,Lake Dawnstad,along,site,note
15979,50,long,whom,Mosesmouth,six,argue,answer
17599,859,although,my,Josephborough,movie,perform,scientist
12824,197,government,face,Lake Tracitown,person,subject,young
13184,523,car,high,Escobarborough,central,white,ball
13417,674,time,hair,Hodgeshire,much,wall,stuff
10758,468,tend,left,Port Brett,last,indeed,citizen
12916,29,young,industry,East Cassiefort,big,memory,development
11299,667,design,investment,Martinview,within,recently,let
9822,549,easy,economy,East Michellechester,later,budget,box
12303,765,head,prepare,Timothymouth,apply,space,personal
11626,81,amount,forget,Patrickshire,perhaps,pay,particularly
11042,369,gas,year,Jonburgh,we,gas,address
9913,363,camera,letter,North Devin,military,discuss,coach
17758,617,charge,play,Lake Sarah,most,letter,serve
13114,781,far,together,South Maryfurt,however,including,big
16960,938,like,third,New Sandy,soldier,campaign,military
13963,613,product,another,North Georgeview,land,front,often
16193,638,project,audience,Angelaberg,current,though,star
11266,465,even,rest,New Gina,exist,green,lawyer
9574,245,yet,risk,New Robertfurt,he,table,far
10742,186,thought,a,Zimmermanmouth,around,shoulder,decision
10523,975,or,chance,West Colemouth,especially,kitchen,stock
17595,863,end,wide,Debraborough,think,standard,actually
10967,550,dinner,current,Tiffanyhaven,run,dark,budget
15498,389,shake,between,Wandamouth,them,arrive,happen
16534,87,address,institution,South Douglasstad,everything,continue,a
15766,445,ready,range,West Rebeccatown,three,international,law
14622,757,cover,such,Reedbury,ahead,but,course
12973,995,no,woman,Port Travis,concern,thing,task
9691,715,arrive,include,Taylorhaven,among,prove,run
17496,274,whether,evening,Parkerview,fall,area,officer
9533,588,little,end,East Nancy,together,suddenly,ask
8876,743,ago,partner,Sullivanborough,ten,expert,leg
12804,443,over,beat,Whitakerburgh,whom,game,lose
13807,374,cultural,during,Bryantburgh,author,structure,pattern
14741,855,natural,tough,West Kevin,past,strong,possible
13339,409,nature,situation,South Lawrence,should,discuss,suffer
15476,915,whether,assume,North Teresaville,weight,money,democratic
14488,562,unit,total,Swansonville,red,might,help
16843,661,mother,have,Moorefort,know,unit,network
13864,485,amount,sense,North Williamchester,today,minute,none
13002,755,million,candidate,Woodtown,must,same,foreign
11766,873,star,always,New Ronaldstad,decision,drug,present
14172,245,prevent,professor,Scottfort,although,walk,tax
9206,122,now,hit,Lake Cindymouth,provide,difficult,impact
14906,343,actually,feel,Port Christopherland,agency,state,enter
9660,911,here,rich,Jacobsbury,and,military,candidate
9775,438,light,make,Lake Brandon,blue,six,fight
16095,694,nothing,data,Jacksonport,way,feel,current
16802,369,feeling,week,Andrewsfurt,control,southern,light
12575,354,very,walk,Tiffanyhaven,in,ready,tend
12471,513,without,room,Samanthahaven,before,none,question
10011,113,since,country,New Samantha,me,strong,war
15699,495,back,Democrat,Port Jamesmouth,difference,discover,world
12074,368,control,wife,West Jennifer,player,dream,firm
13734,451,much,itself,West Charlesside,law,quality,whether
14387,561,tell,together,Lake Lindsey,activity,time,responsibility
11491,549,that,today,Vaughantown,walk,southern,name
15073,612,college,station,Port Sabrina,individual,keep,real
15652,946,job,follow,Amymouth,your,usually,well
17142,636,sing,employee,Weaverbury,ready,both,until
13552,150,hope,bed,Port Brandonton,study,tonight,class
9212,323,loss,good,Victorchester,lose,accept,plan
11774,207,capital,thought,Graymouth,scene,allow,word
11472,2,sea,life,Laurenland,skill,later,turn
13439,466,court,at,Deannafurt,both,similar,study
10883,264,Mr,administration,Markmouth,join,page,oil
10747,481,among,entire,Morganfurt,fish,animal,rock
9992,420,hold,be,Washingtonborough,lawyer,benefit,keep
9201,922,different,need,Kaitlynstad,image,material,worry
10176,639,team,candidate,East Rebeccaview,effect,finally,relationship
15192,271,billion,reflect,Robertburgh,all,contain,hair
11441,564,model,option,Catherinebury,different,lot,trial
9714,172,operation,property,West Robin,small,sense,discover
9033,472,brother,staff,Villegasfort,voice,picture,position
11848,506,during,within,East Ashleybury,base,score,throughout
13676,298,develop,hard,New James,central,medical,become
15419,928,if,resource,Christophertown,memory,risk,stand
15842,712,stuff,economic,Stephenfurt,share,reflect,against
17887,714,add,deal,South David,watch,explain,hour
15552,485,system,despite,Brewerburgh,travel,writer,quickly
9743,826,relate,official,Allisonmouth,painting,dark,off
16910,703,fine,spring,North Colleen,learn,opportunity,from
11090,710,population,college,Port Bruce,likely,dark,return
13945,510,chance,partner,Leeland,type,effect,alone
17844,90,after,sign,Heatherstad,issue,message,business
9943,941,price,plant,Murphychester,look,pretty,more
14974,949,century,moment,Lake Justin,data,people,again
11587,608,glass,involve,Petermouth,dog,seem,city
14550,990,middle,deal,Martinezshire,view,minute,floor
16374,991,various,sometimes,Larsonland,sister,nice,magazine
11591,449,people,learn,Matthewtown,give,whatever,short
10100,5,action,all,West Susanland,ask,evening,paper
10138,475,seek,management,New Cameronland,table,others,hold
10327,562,hospital,century,Brandthaven,arrive,western,chair
12653,524,bank,by,South Heather,require,firm,half
15426,563,population,country,East Lauren,rise,question,prevent
15775,497,training,each,Christopherbury,toward,method,present
11573,149,beat,natural,Taylortown,project,democratic,city
9236,214,movie,group,Rushport,summer,compare,blood
13605,25,number,true,Bellmouth,television,day,he
14524,755,tax,speak,Kathrynville,item,audience,two
13835,202,standard,themselves,Port Tyrone,anyone,change,word
15329,615,person,dog,Gainesburgh,family,possible,house
15150,661,black,pay,East Rebecca,degree,foot,among
11195,893,Mr,ability,Kaitlynport,partner,tree,business
11230,991,financial,you,New Craigborough,not,from,kid
12852,422,house,already,Tonyaville,rich,base,section
15783,228,section,expect,Cochranmouth,five,choose,as
12275,620,be,light,South Ana,family,material,husband
9182,581,from,tend,Jamestown,begin,guy,Mrs
9336,651,per,party,Kristinefurt,hand,nor,discover
15748,355,democratic,line,Port Adamtown,either,time,hotel
16520,141,wall,base,Bowmanborough,mean,figure,tonight
17448,812,note,expect,Robertton,water,by,blue
11953,429,so,fire,Curtisberg,these,theory,whole
9321,948,deal,table,South Angela,large,class,now
15089,745,win,note,Adamsfurt,game,suddenly,development
17315,92,series,dream,South Ryan,man,nice,would
10488,811,despite,memory,Riceshire,suggest,research,yes
13406,7,player,tough,Elizabethland,watch,memory,any
14749,282,effort,cost,Julieborough,style,social,machine
16255,506,push,push,East Tina,think,model,popular
14837,178,recognize,each,South Yeseniastad,six,travel,thing
17703,271,author,step,Castroberg,some,friend,nearly
9218,509,fly,build,Riceville,machine,year,fish
9770,819,church,less,West Cherylfurt,if,particularly,off
13881,11,worker,put,West Kimberly,upon,car,crime
9742,315,down,because,Port Keithport,what,toward,agree
12291,56,truth,risk,South Andrew,picture,window,author
15828,806,analysis,anyone,Greggview,good,along,positive
10335,79,personal,special,Princeberg,force,whom,might
16980,63,ok,face,East Sally,check,arrive,shake
15830,264,even,garden,Murraystad,senior,thought,those
12346,692,former,us,South Shelly,since,see,staff
10547,970,energy,least,Allenstad,region,animal,agency
10324,1,final,evidence,Rachelburgh,recent,different,turn
16109,327,grow,key,Lake Gabriellefurt,store,attack,turn
15685,522,month,away,Edgartown,nation,pick,public
16685,473,until,positive,New Edwardview,tell,hold,always
13405,662,drop,suggest,West Eric,parent,fear,appear
15939,990,science,also,South Tinatown,as,few,identify
13130,647,industry,nearly,East Emily,store,economy,employee
15442,957,three,protect,New Gailville,actually,rate,option
8960,564,let,much,East Isabel,young,media,specific
10183,795,catch,financial,Santiagoland,change,too,notice
17573,586,maintain,class,Jessicabury,call,American,order
10151,271,sit,speak,East Elizabethstad,listen,voice,different
15301,504,page,PM,Kimfort,firm,hand,citizen
12109,154,participant,language,Tranbury,special,star,doctor
10456,734,how,kid,Port Jesse,or,officer,crime
15616,332,manage,student,Lucasfurt,sister,prepare,write
14519,71,area,several,Gutierreztown,reduce,apply,economic
12894,574,guy,spring,Lawsonbury,threat,car,under
11716,479,before,world,North Monica,order,indicate,administration
12089,490,recent,grow,Penaland,agency,both,four
9380,821,past,sign,Port Brent,range,also,condition
17842,917,a,quality,New Matthew,difficult,future,truth
10775,258,exist,realize,Lake Erica,point,ever,shake
16166,170,produce,own,West Christopher,follow,health,manager
15954,156,write,item,Port Craig,despite,thing,word
17096,450,out,then,Wellston,seat,kitchen,weight
16021,411,win,technology,North Deborahbury,someone,really,dream
10870,415,have,many,Port Michelle,treat,memory,participant
12302,506,area,serve,Sarahchester,area,glass,kitchen
11062,563,national,remain,Tanyaton,plan,event,go
12192,603,measure,usually,South Garyborough,site,institution,while
11991,805,wonder,word,Port Bradleyport,anyone,best,white
17196,958,day,crime,Crawfordfurt,major,someone,together
15605,327,age,according,Port Davidport,you,indeed,run
15259,107,field,condition,Lake Max,scene,score,table
12657,567,drive,politics,Port Amandachester,thank,same,only
15268,390,race,power,East Roberto,nation,development,despite
14908,459,individual,try,Port Megan,should,check,plant
15735,890,account,need,Kennethberg,economic,television,sense
11568,923,enough,poor,Jonesfort,continue,tough,soon
15353,858,exist,visit,Gonzalesmouth,avoid,part,doctor
17659,421,amount,list,New Keithstad,result,maybe,gas
13550,400,another,break,East Bethhaven,avoid,great,fast
10983,58,necessary,stand,Jenkinstown,treatment,cover,people
11961,496,my,though,Lake Shawnastad,Congress,prove,forget
13259,785,must,themselves,New Markborough,heavy,participant,other
16618,544,body,want,Freemanside,artist,today,appear
17558,998,major,nation,New Kimland,alone,garden,skin
17788,505,begin,range,Christopherfurt,skill,administration,inside
11869,281,itself,voice,Lake Terry,bag,according,administration
16109,988,cover,affect,Wallaceview,stock,first,ground
12190,35,the,election,New Robin,they,individual,power
16091,622,compare,area,Knightside,around,across,management
16577,836,possible,lay,Ashleyberg,training,wind,think
16338,179,soldier,high,New Sarah,health,statement,pay
11165,147,father,usually,Tinafurt,factor,future,blue
9953,837,force,require,Jasonstad,enter,force,before
17405,989,else,yes,Coreyland,who,take,paper
14942,248,often,company,Erinview,guess,carry,seat
12064,867,art,record,West Mirandaborough,miss,tend,coach
12115,738,he,radio,Lake Juan,young,let,majority
16279,501,medical,form,Wallschester,nearly,back,alone
15973,921,various,present,Thompsonhaven,them,into,least
16484,188,bar,admit,North Anthonyfurt,capital,glass,because
10134,710,speak,computer,East Margaretview,medical,agency,expert
13038,22,floor,exist,Alexanderfurt,grow,a,child
15875,852,whether,past,Lauramouth,much,American,activity
10942,55,hold,Mr,North Katherine,later,whatever,music
10374,806,court,guess,East Philiptown,degree,behind,else
9130,316,why,dream,Debrafort,order,Mrs,herself
17676,741,eye,television,Mosleyborough,information,task,see
12322,760,second,task,Miguelbury,down,difference,whose
8871,292,so,management,North Brian,letter,partner,marriage
14735,137,song,could,Allisonland,fast,beautiful,performance
15951,403,member,chance,Shelleystad,into,though,serve
9359,550,finally,movement,Thompsonland,station,turn,remain
15304,530,old,material,Patrickmouth,just,friend,its
15208,451,nor,Mrs,Parkermouth,ok,nation,seem
16193,310,thus,industry,Jasonview,yes,treat,reality
16890,71,large,most,Juanshire,those,because,point
17715,83,mean,with,West Tiffany,trip,success,big
11307,962,couple,successful,Port Rebecca,production,each,himself
15495,371,spend,where,South Lorraineside,trial,dog,upon
15917,786,serious,blue,Rhondabury,something,process,ground
11383,740,offer,quality,Port John,unit,parent,already
10929,261,author,air,Haleyfurt,election,part,rich
10495,369,leave,protect,Scottshire,help,seat,way
11773,255,hear,wife,Kevinside,tell,animal,American
17215,331,official,itself,Port Shannonborough,growth,quickly,hit
8893,983,capital,house,North Aliciashire,she,arrive,center
17285,212,manage,little,Tarafurt,success,woman,build
9100,528,record,because,West Lisa,call,number,it
17702,196,organization,drug,East David,develop,moment,western
15182,713,idea,officer,Erikaburgh,difference,bag,already
14557,472,indicate,admit,Allenberg,trade,mouth,themselves
12790,718,claim,try,Peterland,wait,new,work
15120,589,lose,series,Catherineview,feeling,top,quickly
16074,556,painting,he,North Jamesville,mind,discussion,stuff
14839,344,skin,beautiful,Gibsontown,also,direction,size
10834,89,record,have,Joshuaview,both,position,foot
13481,805,respond,size,West Beth,us,floor,kid
12022,246,all,lead,Danielfort,order,career,machine
9090,906,fire,clearly,New Victoria,tonight,letter,station
10498,685,perhaps,can,Cindyville,world,anyone,alone
17945,445,career,wife,West Roberto,spring,walk,music
13250,366,now,computer,North Dianaborough,rest,phone,size
12751,102,born,type,South Loriland,almost,section,line
15150,440,serious,room,West Michael,raise,so,yard
14727,643,answer,their,South Peter,interview,stop,management
15330,998,course,last,Kingborough,war,camera,bar
14854,231,it,wonder,East Jasonville,cell,them,nature
16734,366,south,maybe,Port Robinberg,individual,modern,cup
17276,490,along,themselves,Toddmouth,argue,size,mention
11974,397,capital,night,Lambertport,step,employee,program
15258,859,three,night,Port Eric,serious,during,approach
12458,534,huge,raise,Cooperborough,medical,well,attorney
10023,896,available,without,Port Laura,forward,whatever,toward
9026,107,give,best,Adamburgh,work,most,wind
14935,164,child,tonight,Martinburgh,environmental,movie,lawyer
17952,979,what,feel,East Sandrabury,black,rise,quite
10554,489,citizen,sure,Lake Howard,young,among,drug
9058,170,institution,face,North Brittany,painting,mind,morning
9158,85,spring,effort,Port Craigchester,admit,view,country
9123,368,want,conference,West Jocelynfurt,threat,firm,cause
9192,616,her,bag,Nicholaston,our,him,according
10267,455,teach,join,Moorechester,light,bar,peace
11352,284,themselves,might,Camerontown,gas,central,yes
10504,981,skin,theory,Kruegerborough,dark,task,during
10909,867,region,bed,Albertfurt,watch,woman,need
15219,356,party,get,West Leahburgh,house,race,himself
9520,407,station,population,Josephville,early,cut,hard
17088,126,ever,than,Kimberlyview,five,else,trouble
13542,341,them,start,Buckbury,will,seek,exist
15922,236,fear,Republican,Lake Johnfurt,return,all,bar
12374,354,various,citizen,Lake Marissa,keep,easy,instead
13076,707,easy,realize,West Breanna,white,whose,marriage
8876,570,often,my,Shaffershire,style,coach,certainly
12765,697,discover,poor,Watsonmouth,personal,evidence,collection
14327,472,like,audience,South Richard,game,choose,new
15323,488,dinner,market,New Robin,fire,experience,hear
12100,240,dream,prepare,West Veronica,world,against,tough
12716,323,forget,recognize,Norrisville,yes,organization,give
15098,330,its,less,Calhounview,far,hard,office
12812,133,positive,food,Port Carrieton,step,put,wear
15206,550,you,prevent,Markburgh,one,drug,point
13688,12,break,series,Lake Mollyshire,everything,operation,mission
11320,616,understand,cup,North Cynthiastad,pattern,magazine,fly
14798,199,speak,go,South Joshuaville,car,oil,fact
17696,661,west,impact,Debraborough,party,health,meet
11121,899,form,figure,Johnberg,understand,decade,vote
13391,988,water,matter,Lake Christineport,other,drive,difference
13456,693,but,ground,Rodriguezbury,book,important,business
14453,517,care,ability,East Mary,involve,technology,indicate
17341,493,talk,personal,Hansenville,authority,four,by
15010,373,suddenly,life,Mitchellfort,research,into,building
14376,356,consumer,begin,Jeffreychester,far,certainly,economy
16140,494,life,room,Contreraschester,lead,already,person
13979,708,knowledge,three,Lake Danielle,raise,bag,stock
17482,480,effort,lose,Port Chelseachester,it,statement,recently
17907,257,daughter,age,North Michaelfurt,do,how,go
13009,722,remain,special,New Sarah,director,Republican,popular
13102,560,case,control,Fischerchester,especially,shoulder,visit
10240,242,writer,use,Williammouth,now,senior,traditional
12648,291,perform,create,Chrisshire,middle,so,everybody
10535,114,history,identify,Mosstown,night,catch,section
10294,328,standard,focus,Jeanberg,exactly,guy,wife
13530,357,conference,would,Campbelltown,former,everybody,final
14620,286,debate,her,North Amberview,last,man,PM
14933,258,place,major,Richardsontown,huge,back,charge
16587,138,special,sing,North Margaretfort,culture,provide,talk
14005,735,anything,trouble,Grayfurt,nor,rich,staff
11855,327,agency,whose,Lake Stephaniemouth,sound,huge,theory
13235,363,organization,onto,Lindsayview,spend,go,production
8887,754,ability,wide,Angelaside,office,city,career
13876,560,smile,into,Taylorville,most,mind,rather
14778,604,buy,offer,Hubbardville,movement,many,edge
17559,617,arm,budget,Port Meredithstad,cover,take,hot
14850,282,air,time,New Nathanland,oil,research,even
16798,270,establish,past,Jasonville,assume,laugh,expect
13216,260,thus,land,Rachelville,specific,wide,direction
15770,495,whatever,become,Arnoldberg,understand,politics,development
13548,974,party,win,Greenfort,add,surface,yeah
9946,338,anyone,toward,Jonesville,hospital,indicate,worker
15426,860,memory,dream,Tomside,build,citizen,herself
14077,31,him,coach,Norrisville,month,sea,chair
16606,771,agreement,realize,Michaelland,control,buy,someone
15047,355,around,article,Allenbury,college,war,card
15578,415,half,watch,Foxmouth,kid,situation,her
17226,293,guess,way,Williamsshire,model,address,project
16397,256,also,out,Lake Gregory,mouth,old,huge
9534,117,ground,reveal,Millerbury,until,wide,single
12302,837,you,instead,North Suzanne,decision,ten,manager
16598,581,garden,big,Port Craig,common,life,large
14010,594,chance,prevent,Bryantbury,health,answer,north
17543,672,sit,election,West Daniel,each,majority,pick
15537,385,station,somebody,Richardsontown,friend,painting,medical
16985,741,project,study,East Austin,third,yes,upon
12674,243,choice,we,West Patriciaside,detail,watch,quickly
17701,672,believe,detail,Colemanville,they,international,join
13680,466,general,company,Copelandland,front,book,can
12274,842,financial,official,South Peggy,small,education,evidence
10943,294,program,discuss,Port Jesse,west,hundred,establish
16002,505,charge,size,Kaitlynhaven,several,side,recently
10581,562,need,institution,Katherinechester,must,off,entire
9935,272,factor,would,West Garyshire,must,thing,necessary
12893,204,before,ball,Harpermouth,student,employee,benefit
14989,569,medical,model,Walshmouth,without,quickly,important
13543,774,back,watch,Wrighttown,both,attention,again
14404,841,central,environmental,West Melissa,success,against,despite
11333,983,degree,people,East Barbaraburgh,determine,summer,already
10680,375,of,focus,Scottchester,only,policy,wish
13787,158,rest,compare,Butlerstad,push,seven,yard
9195,135,age,camera,Guerreroberg,next,shake,opportunity
12476,439,feeling,recognize,West Amandashire,owner,shake,decade
10775,972,perhaps,time,Port Brittanyshire,everything,mouth,scientist
12984,506,president,door,East Kevinfort,building,human,rest
12514,163,only,make,Port Tracyhaven,democratic,general,force
13026,599,much,new,Harrisville,there,help,from
10873,658,could,country,West James,far,education,level
17702,530,win,defense,Curtisborough,economic,physical,open
15747,451,issue,hit,North Richardtown,staff,decade,paper
16983,349,heavy,wrong,New Kayla,win,start,many
12015,302,camera,side,South Michelle,difficult,each,most
13291,442,magazine,behind,West Chadton,figure,officer,yard
15019,377,hair,order,Port David,myself,similar,east
9825,334,campaign,too,Port Wesleyhaven,soon,so,probably
14739,742,around,throughout,New Courtney,best,side,walk
16339,327,growth,true,Porterville,again,item,approach
11620,151,participant,try,Lake Yvonne,agree,good,next
14033,802,network,truth,Veronicashire,recent,and,tonight
11156,836,natural,song,South Michael,wife,support,have
17258,641,television,company,Chelseamouth,former,land,similar
14329,925,ago,never,West Amandaview,public,kitchen,join
9974,927,wear,window,Brianchester,everybody,miss,dog
17904,893,order,although,East Scottville,join,baby,have
14292,916,bad,back,Myerston,look,power,field
13461,395,daughter,like,Scottport,will,choose,anything
11535,794,threat,agreement,Churchton,western,magazine,various
16312,982,behavior,serious,North Julia,easy,stand,body
14824,948,quality,general,Lake Brittneyside,particular,house,fast
14667,724,right,together,Hollyborough,job,meet,again
16769,850,fear,relate,South Christy,me,machine,accept
9489,514,arrive,thought,New Evanview,one,small,instead
11634,136,organization,affect,Floreston,side,across,others
14416,426,turn,west,Sarahville,drug,contain,crime
10941,576,inside,brother,Lake Jamieshire,picture,century,board
14912,414,prevent,hot,Fitzgeraldland,Republican,information,white
14355,300,often,population,West Janice,plan,month,strong
15621,449,center,reach,Stokesside,laugh,number,nearly
11493,252,four,model,New Terranceborough,conference,outside,sit
9370,843,he,they,East Mark,if,arrive,west
16526,805,water,blue,North Carlos,else,feel,him
12812,771,view,before,North Lisa,dream,particularly,authority
16229,537,travel,imagine,Whitefurt,think,case,matter
11700,736,three,reality,Holmesmouth,they,year,test
11307,895,often,over,Melissafort,whom,stuff,item
14238,212,scene,finally,North Gabrielland,old,write,local
12917,449,magazine,white,Melissafurt,walk,agent,hospital
15619,995,standard,according,North Matthew,simple,out,grow
15253,708,practice,rise,Philliptown,yet,family,number
16498,777,certain,down,Danielhaven,not,religious,cold
11169,306,office,end,Jeffreychester,ground,right,me
14977,603,its,ahead,South Jamiehaven,then,build,number
14627,978,approach,contain,West Brianmouth,class,job,service
13674,806,usually,official,North Lorimouth,assume,despite,home
17332,498,eight,meeting,Lake Michelle,wear,kitchen,stay
17522,887,seem,set,East Samuelfort,wear,significant,example
14607,371,talk,firm,South Darrenport,door,consider,international
16683,33,state,human,New Benjamintown,check,street,sport
14179,327,among,safe,East Larryfort,though,action,environment
14017,442,sing,two,Lake Herbert,once,wind,speak
16044,540,book,account,West Debra,smile,PM,down
10039,429,state,first,North Antoniohaven,cell,similar,beyond
12119,25,enough,third,Fraziermouth,cover,issue,enjoy
16974,136,above,able,New Thomasport,important,determine,whether
11212,361,generation,development,Roytown,total,pick,structure
13859,268,market,for,East Hayden,site,indeed,when
11310,84,rise,history,Carlosmouth,oil,side,full
13090,536,analysis,who,Hoffmanview,responsibility,on,hour
17057,896,because,manager,North James,game,such,debate
13992,562,well,recent,Robertsonfurt,follow,beat,smile
12946,813,day,try,Braunborough,company,economic,myself
9411,312,grow,boy,New Justintown,civil,support,consumer
9030,729,state,human,East Jason,director,with,method
14657,435,provide,hot,Port Joseph,throw,catch,day
13358,853,resource,up,New James,military,generation,project
15103,93,exactly,even,Port Teresatown,too,plan,their
10575,517,federal,mother,Michaelmouth,charge,but,guess
15277,116,keep,space,South Tamara,sea,race,position
11696,752,real,seek,North Ethan,when,moment,born
17828,680,which,rich,New Cassandra,short,unit,indeed
11255,280,happen,weight,West Matthewport,theory,case,face
13982,725,most,option,Jeanview,yard,theory,sister
12303,497,run,involve,Jordanfurt,hot,prove,still
14853,302,wind,buy,Port Teresafort,plant,whom,early
13673,337,follow,camera,South Troy,business,opportunity,but
11755,888,move,water,New Desireechester,together,require,sell
10232,580,hand,wind,Omarborough,many,serious,media
10503,799,something,baby,Carrilloborough,detail,surface,international
14613,624,apply,but,Travisborough,would,fish,when
13364,161,themselves,reveal,Staceymouth,build,director,address
14307,132,car,develop,East James,hard,reach,team
16695,165,thought,give,Stephensside,daughter,environmental,pressure
10846,36,machine,player,New John,against,write,newspaper
15137,861,thing,me,Roberthaven,sort,end,maybe
13129,288,international,face,Port Natalie,real,tough,ok
14077,658,indeed,picture,New Michaelport,start,report,democratic
14846,127,account,test,Port Dustin,station,try,data
16043,876,modern,assume,East Anna,million,understand,with
11744,627,who,purpose,Davidfort,those,skin,television
9650,871,their,ready,Lake Valerieville,society,we,north
11013,509,pretty,wait,Jessicafort,suggest,effort,law
14981,406,but,choose,Jenningsberg,standard,culture,several
12046,44,practice,focus,North Emilyberg,lay,business,thank
15255,846,adult,produce,East Randyside,standard,remain,protect
14185,155,option,start,New Stephen,candidate,various,herself
10911,599,thing,present,Jonesview,art,create,Mrs
11276,884,forget,which,Martinfort,great,understand,perhaps
16506,816,fire,economic,North Thomas,camera,campaign,tax
11588,202,school,job,Port Margaretmouth,treat,fast,picture
13242,667,cut,TV,North Kellymouth,think,prove,husband
13327,219,yeah,debate,New Jordanport,popular,tonight,its
11158,271,offer,forget,Lake Vanessafort,within,man,nice
15433,618,action,mind,Edwardton,up,now,street
10006,105,either,anyone,Madisonport,exactly,fire,small
15523,725,maintain,especially,South Robert,focus,everyone,stand
9189,164,what,a,North Brittanyfurt,total,capital,Congress
11695,402,strategy,let,New Tonyaborough,film,she,deal
9674,746,institution,media,Lake Victoria,reveal,theory,himself
9372,299,us,by,West Michaelmouth,employee,race,individual
16348,663,return,very,Goodhaven,by,itself,finish
10628,407,recent,conference,East Alyssafort,knowledge,size,throughout
9501,274,Mr,ready,Smithmouth,ahead,behind,race
11223,172,simple,TV,Princeland,season,place,others
17074,32,economy,rate,Millermouth,month,need,degree
13963,465,hot,father,East Natalieberg,certain,eye,PM
13174,723,charge,scene,North Eugene,bar,health,feel
11129,625,perform,case,North Michaelbury,scientist,poor,science
17491,740,such,Democrat,Delgadostad,situation,explain,subject
15213,578,to,exactly,West Helenview,culture,as,sort
11726,480,second,structure,Christensenmouth,friend,continue,everything
14529,92,could,see,East Victorchester,whatever,because,general
12220,778,traditional,else,Lake Thomas,soon,follow,gun
12664,128,military,mission,Danielton,discussion,onto,final
17790,991,myself,policy,East Amy,issue,raise,certainly
8905,110,job,wrong,South Heidi,claim,body,eye
10225,841,economy,cell,Estradashire,question,performance,mind
15436,599,better,tough,Lake Alison,rather,poor,hear
9418,483,personal,weight,South Willie,fine,military,theory
14136,155,fire,impact,Rossfort,training,begin,Congress
15281,308,blood,character,North Kristatown,statement,discussion,great
14705,667,lot,only,North Scott,add,against,pressure
17792,205,final,section,Lake Lisa,worry,adult,always
10791,42,personal,performance,Port Wendy,piece,executive,walk
15339,899,operation,test,South Samantha,major,kind,allow
15826,440,until,threat,East Sharon,enjoy,blue,result
12369,709,whether,home,Jacksonfort,police,check,imagine
11038,197,wide,need,Barnesside,less,energy,beyond
14742,648,discussion,house,Michaeltown,network,ball,rather
14761,817,energy,bag,Shannonport,at,enter,itself
16204,715,left,also,Port Julie,factor,two,world
10893,95,throw,test,Schneiderstad,difference,defense,project
11081,92,note,trade,East Derek,billion,no,sport
12896,414,but,become,Leemouth,always,generation,never
11684,458,industry,pull,Sarahville,church,economy,ground
12969,402,possible,assume,Lisaside,history,couple,no
14499,955,glass,establish,Pamelaton,mother,south,ten
17542,936,treat,your,Matthewburgh,letter,carry,model
15427,422,behavior,deal,South Amberton,from,doctor,information
13656,536,popular,hospital,Savannahbury,nation,walk,meet
13536,510,often,religious,North Tammy,Mrs,lose,foot
15445,202,sense,list,South Joseph,avoid,per,because
15685,73,visit,former,Denisetown,anyone,nor,opportunity
14601,890,open,ahead,Heidimouth,would,wind,college
12976,237,set,wall,Campbellville,stand,according,in
12116,850,life,would,Port Aaronhaven,participant,attack,often
16031,407,seat,century,Williamshire,Mr,chance,popular
15685,36,up,yes,South David,would,head,fact
11193,86,western,happy,Susanmouth,market,particularly,to
16960,625,Mrs,total,South Teresa,sit,ahead,smile
13924,985,party,mother,Danielleborough,morning,pressure,key
12989,577,soon,buy,Donnaville,why,reason,international
12245,79,knowledge,husband,Rickystad,nature,represent,like
10263,560,season,realize,Randyhaven,morning,million,rate
17732,82,house,operation,East Kimberlyberg,oil,popular,your
16458,346,whom,approach,Richardsonberg,letter,now,management
9083,302,everyone,floor,Waltonville,cause,public,audience
13238,20,customer,protect,West Michael,national,collection,increase
17782,994,prove,today,Williamsburgh,energy,nation,leader
17858,787,performance,could,New Billy,through,provide,energy
11896,896,friend,year,Wendystad,above,American,always
12827,407,reflect,without,Hebertshire,less,situation,want
16317,834,woman,of,Sherrymouth,writer,nice,next
10338,537,west,source,East Kathystad,week,upon,collection
10916,512,level,do,Shelleymouth,create,its,accept
17101,495,less,yeah,Lake Kimberlyhaven,hot,side,office
11771,581,money,page,East Seanhaven,among,production,themselves
12901,437,economy,the,North Tracy,cause,choice,beautiful
10164,636,dinner,television,Amandabury,course,pay,our
14343,82,hear,like,North Davidburgh,suffer,cold,paper
8945,853,above,expect,Jackbury,key,while,behavior
12319,529,up,nothing,Carlhaven,rather,court,push
11322,169,view,station,Jessicastad,growth,wonder,learn
13592,756,generation,sign,West George,leg,term,near
13880,27,force,personal,Port Patriciaside,bed,bill,already
16324,929,simple,for,East Mistymouth,various,such,matter
9278,110,television,important,Brettmouth,music,land,middle
17440,8,police,both,Jacobstad,discover,people,necessary
9240,295,break,they,Brendafurt,whom,ready,coach
13004,733,technology,common,Petersenbury,perhaps,explain,study
16473,581,outside,let,Parsonsmouth,cultural,war,third
15929,485,friend,middle,New Eric,appear,sing,size
13992,312,money,mouth,East Melanie,expert,politics,even
12150,769,long,upon,Tuckerhaven,property,require,ever
9967,825,next,fall,Danshire,lead,run,social
10168,911,education,someone,Melissaview,couple,kitchen,enjoy
14270,180,another,agent,Richardberg,way,assume,leg
16566,225,hear,season,Priceview,Mr,style,manage
15404,283,rock,security,Port Bradleyport,eye,place,system
10999,739,area,real,Reillyfurt,cause,population,door
12640,111,executive,lawyer,Thomasfurt,front,want,somebody
9444,298,rather,have,Lake Danielberg,benefit,economy,many
9507,342,employee,behavior,Andrewville,trade,drop,affect
16028,547,early,full,Moorefurt,lay,once,believe
15379,540,hundred,test,South Sharonburgh,back,American,ten
9174,741,line,information,Connieport,force,like,behavior
11535,480,less,campaign,Patelbury,open,trial,tough
11511,382,site,order,Williamsstad,more,Democrat,low
15716,699,together,day,Bryantown,half,work,nor
16065,923,religious,painting,South Katherineborough,want,western,agent
17860,533,rise,exist,Greenland,those,rate,memory
11919,614,always,management,Daniellefurt,four,task,late
13039,233,difference,garden,West Marcus,sing,color,Congress
16943,313,interesting,no,Karenstad,above,call,tend
17900,568,west,director,North Kenneth,everybody,deal,first
11250,222,street,early,Vaughnside,year,office,pick
9718,732,smile,involve,Leehaven,protect,they,somebody
14093,861,two,record,Jamestown,after,lot,must
12707,212,get,special,Bellview,box,military,state
15162,203,leave,seek,Lake Kaylaborough,stop,prove,girl
12548,569,nothing,reach,Rogersstad,bad,her,finish
9389,852,might,teacher,Port Ashley,human,indicate,economy
10549,497,most,article,Patrickside,lot,value,experience
9480,750,language,white,Port Kaitlyn,activity,those,themselves
10771,591,crime,he,Howardfurt,return,according,involve
9114,811,political,significant,West Brenda,article,game,firm
9798,687,together,glass,Martinezview,toward,others,majority
11772,137,you,happen,West Christineside,small,maintain,west
17944,686,here,soldier,North Kellyville,into,subject,hand
14009,424,from,join,Lake Johnhaven,interview,himself,play
15138,633,heart,though,Chapmanmouth,organization,staff,if
10350,945,gun,fall,North Tyrone,general,bar,seem
10274,35,loss,democratic,Katherineville,would,right,behavior
9836,101,low,medical,West Tammyport,land,cold,agreement
9673,226,simply,hour,East Thomasfurt,early,across,might
14311,22,court,media,Port Katie,sometimes,conference,something
12188,52,education,teacher,Lopeztown,fall,the,campaign
16094,214,light,manager,New Christophershire,time,crime,produce
12299,747,central,within,Lake Samuelbury,specific,above,anyone
16766,815,move,difficult,Ruthview,he,worker,prove
11964,77,investment,suddenly,Lake Christianview,become,rest,each
9022,278,kind,beautiful,South Chloe,president,visit,size
11142,554,growth,property,North Candaceberg,interview,mouth,then
14889,894,situation,only,Sheilafort,detail,president,brother
15676,323,community,others,South Gregory,behind,environmental,wall
16788,336,song,account,New Michael,report,paper,so
13634,609,particularly,peace,Manuelville,hear,trouble,rock
10161,820,policy,throughout,Johnmouth,education,law,yeah
13614,921,seek,try,Bowmanmouth,story,war,network
9225,614,left,interesting,West Latoyaland,anything,catch,family
17956,750,together,community,Sanchezside,member,start,million
12022,301,same,suddenly,Kimberlybury,radio,structure,thus
11298,551,seek,she,North Angelaport,design,week,the
17024,153,pattern,cause,Lake Maria,break,treat,scene
11208,702,get,story,South Dennisberg,cost,that,all
13478,263,me,hear,East Kaylaport,southern,notice,page
13192,209,piece,pass,Port Scott,suddenly,hotel,subject
10886,621,law,instead,Jeffreystad,wonder,still,opportunity
15265,338,worker,station,South Christopher,school,Mr,onto
10292,121,heart,democratic,Davistown,keep,free,serious
16846,973,fight,over,West Aaronhaven,next,voice,specific
16227,447,admit,explain,New Danielport,marriage,TV,participant
16091,471,bag,character,Gonzalezbury,mean,close,resource
9564,348,teach,reality,Lake Alyssa,require,woman,air
16202,751,suffer,simply,Harrisport,training,method,future
11949,241,do,about,Ronaldmouth,agency,move,very
11060,418,individual,understand,Lake Melissa,partner,do,group
17473,796,thing,fine,West Michelle,deep,magazine,focus
16748,831,step,lot,Mahoneystad,pass,study,not
13977,933,I,because,Lauraton,crime,network,hundred
11616,458,eat,eat,New Katie,off,these,water
16290,570,field,pattern,Shannonhaven,officer,behind,book
13508,837,white,big,Juanhaven,point,enough,culture
10587,68,interest,dark,New Rickyview,well,these,relate
14050,695,east,future,South Kyleside,just,analysis,take
9702,702,consider,court,Port Michael,share,American,though
14429,224,other,whether,South David,why,laugh,listen
13067,753,fall,yeah,Wolfborough,every,structure,environmental
16917,679,question,site,East Victoriaburgh,consumer,easy,feel
15624,790,admit,buy,Pamfurt,key,southern,present
12867,563,art,central,Carolborough,building,pass,provide
11326,482,radio,early,Tylerfurt,idea,dream,today
12697,419,design,night,South Chad,go,need,suggest
12083,770,other,how,North Derrickport,father,report,series
14563,498,great,however,Tuckershire,soon,continue,answer
14501,559,network,tax,Charlesborough,include,investment,Mrs
14059,305,court,campaign,West Lawrenceshire,school,this,example
16381,738,new,age,Port Matthewstad,long,likely,effort
11617,292,young,role,Brianchester,really,education,picture
12637,738,medical,middle,Thomasmouth,provide,either,newspaper
13443,266,despite,your,Frenchport,send,least,several
14944,44,hospital,person,Michaelfurt,make,big,that
15820,500,garden,much,Port Shannontown,various,actually,nearly
17838,910,item,protect,Patrickside,second,again,Mr
16208,379,see,off,Jacksonstad,watch,important,would
12080,667,important,artist,Lake Shawnmouth,by,picture,itself
12509,847,pull,you,Stoneside,field,else,three
16178,13,any,short,Andreschester,go,image,by
14036,763,then,matter,West Kaylaburgh,series,customer,particularly
13099,370,tonight,threat,Shortstad,later,knowledge,already
11799,490,here,hear,Lake Madison,owner,bring,agreement
17405,837,term,get,Rodgersshire,mean,deal,drive
17257,933,issue,short,North Sheri,by,movie,upon
16902,106,out,no,Jonesville,choice,kitchen,guy
17549,586,drop,capital,Sextonstad,provide,still,try
14946,745,fire,late,Nashport,imagine,approach,line
11105,393,condition,style,Tiffanyberg,ago,you,listen
11499,85,act,cultural,New Sandratown,public,turn,hot
9049,441,eye,option,Singletonside,decade,draw,mother
14511,216,them,sister,Lake Ruben,start,serious,every
14442,500,catch,where,Lake Taraburgh,issue,more,per
11664,268,paper,high,Port Emily,show,information,executive
12762,602,cover,middle,Lake Meganmouth,five,choice,already
12552,235,half,plant,Juanburgh,alone,save,other
15101,943,true,beyond,Laneland,it,production,natural
14630,754,manage,open,Normanville,evening,company,skin
11645,62,box,gun,Fordstad,able,movement,office
13264,789,worker,wife,Lewishaven,create,building,policy
11655,815,picture,total,Newmanburgh,green,most,key
12550,531,throw,financial,Lake Jakefurt,once,in,mention
17244,816,owner,theory,South Ericaberg,reality,question,according
10168,260,begin,newspaper,Christopherstad,morning,wonder,within
12624,927,fear,so,Nicholasmouth,yeah,east,many
9743,408,step,new,West Karenberg,foot,similar,computer
13765,107,attack,determine,New Erictown,significant,must,weight
12372,962,movie,word,New Victor,improve,nearly,share
14297,421,behavior,every,Donaldport,administration,win,to
13208,455,among,authority,South Josephton,room,already,produce
16181,572,discussion,budget,Smithberg,many,late,subject
13117,371,foot,once,Justinbury,agreement,former,can
10845,476,need,enter,Davidfurt,medical,build,education
17597,791,music,benefit,South Jonathonberg,much,provide,town
17857,327,voice,low,West Ann,common,offer,improve
16471,683,morning,our,Henryfort,scientist,know,clear
14389,216,rather,whole,Andersonchester,area,serve,job
10151,749,end,group,Lake Kimberlystad,ago,value,marriage
13005,319,respond,parent,Elliston,area,ever,charge
11105,547,article,particularly,Thomasfurt,such,view,leg
17970,690,theory,seem,East Andrewfort,itself,ten,five
13429,892,front,generation,Montgomerymouth,grow,recently,challenge
10104,267,budget,sister,North Catherine,magazine,class,once
8975,303,recognize,star,Aaronton,this,would,beat
10664,477,arrive,memory,South Brandon,rule,woman,political
17608,103,likely,there,Perkinstown,president,oil,loss
17899,663,alone,perform,Rodriguezhaven,education,local,local
16776,996,course,source,Butlerside,guess,style,dog
12042,808,such,western,Campbellville,nothing,top,for
17380,695,trouble,push,Allisontown,now,his,candidate
12758,434,rather,speech,North Jonathan,serve,former,someone
14428,610,writer,laugh,Rosefort,about,have,mother
10378,747,bed,suggest,Deborahton,message,back,after
10699,775,best,building,Michaelfort,concern,book,image
10318,929,black,nice,Austinchester,north,move,less
9424,445,contain,road,Robertton,free,citizen,language
11298,264,good,loss,Michaelchester,agency,street,bit
11193,129,less,away,North Matthewbury,item,far,lot
15023,682,charge,indeed,South Jeremy,appear,citizen,mission
15469,332,market,star,New Michael,word,glass,on
9092,960,produce,teach,North Darren,nearly,represent,important
9785,348,describe,brother,Stoneview,party,most,avoid
10799,298,culture,seek,East Nicholasbury,fund,office,light
14946,848,information,usually,Juliaberg,describe,including,health
15872,78,deal,collection,Kristinview,particular,catch,red
16393,597,style,beat,Haynesland,cell,guy,instead
12290,290,across,else,Port Samantha,stock,dinner,answer
15451,479,open,tough,West Lisaville,scientist,television,safe
15113,974,prepare,find,North Nathan,ability,ok,camera
15729,999,will,ability,Stewartland,than,sing,performance
16804,915,professor,tonight,New John,window,machine,future
16734,739,student,series,Vanessashire,stand,sport,feeling
11799,856,toward,social,Cassandraton,city,activity,clearly
14200,137,argue,whether,Wilkinsonfurt,word,man,prepare
10377,82,grow,kitchen,New Jacquelinechester,whole,large,standard
10177,761,especially,heavy,Lake Tiffanyside,weight,party,power
14244,45,media,appear,Riosbury,black,college,gas
17813,81,radio,staff,Alexandriabury,use,challenge,defense
15639,222,American,follow,Port Patrick,painting,control,for
14126,800,else,reveal,Lake Jasonview,anyone,sound,red
17595,223,word,age,Perezfort,mother,receive,hotel
9082,98,light,while,New Sherriview,million,rich,treatment
10869,734,together,wall,Port Stephanie,however,call,something
15000,214,lay,page,Jaimeborough,experience,ten,dark
15823,203,community,example,Sheltonmouth,school,visit,drug
12319,759,citizen,former,East Melissa,develop,exactly,not
9286,879,chance,could,East Hollyberg,glass,air,if
9085,282,process,executive,Charlesbury,final,involve,admit
12019,92,us,already,Lake Geraldport,expect,off,idea
16730,475,century,take,West Joshuatown,international,society,too
9085,770,these,director,South Hayleyview,fire,type,change
12843,368,step,while,Lake Anna,store,court,civil
15318,774,national,might,South Amyport,song,age,chair
12452,359,rest,federal,Angelaport,science,watch,white
17821,478,science,pass,Brianmouth,people,quite,this
13778,663,center,simple,Rogersbury,street,Mr,man
11534,431,impact,argue,Mcdanielhaven,read,actually,assume
17428,311,spring,show,West Edward,light,certain,hour
13571,260,whose,candidate,Benjaminmouth,plan,born,method
8943,548,agent,for,Catherineland,usually,popular,surface
13915,798,save,no,Christinabury,police,if,political
11368,303,movement,short,Lake Darryl,away,whether,agreement
12636,953,eight,out,Hawkinsland,economy,color,source
13282,915,race,stop,New Dawn,health,middle,worry
10674,768,community,wait,West Austinhaven,sell,crime,those
9279,543,majority,serious,New Juan,painting,alone,agent
13537,598,eye,image,West Morgan,wife,pay,air
15577,916,painting,marriage,Lake Ericastad,while,per,against
17671,756,method,alone,Melanieton,machine,top,truth
9700,921,policy,second,East Kyle,foreign,social,me
14901,683,medical,form,Charlestown,each,will,money
14783,915,go,set,North Jameston,lay,sense,read
17510,1,available,guess,West Andreton,tonight,here,happy
11872,940,include,hold,New Ericstad,Mrs,green,reveal
16184,430,security,past,West Derek,forget,talk,strategy
11748,946,say,long,Port Margaretside,shake,tell,environmental
13351,426,ready,mission,Port Jackson,I,figure,Mrs
12510,211,score,responsibility,Port Christopherview,research,research,serve
17336,165,man,do,North John,century,entire,skill
10616,363,between,past,Port Renee,drop,wide,yard
9221,676,specific,order,Heatherborough,magazine,bit,operation
17295,977,population,wind,Thomasfort,if,sea,my
16214,802,accept,hundred,Cookhaven,source,animal,evening
17618,666,anything,than,North Theresaland,put,activity,although
16438,902,today,adult,North Jason,room,middle,order
11233,459,soldier,even,Lake Steven,see,brother,consider
16450,495,pull,production,Jenkinsport,mouth,just,suffer
15042,117,father,dinner,Lake Kara,material,player,century
9052,717,study,consumer,South Brandonmouth,specific,financial,fill
9187,70,exist,hospital,Benjaminfort,strong,fund,generation
13153,849,again,decide,Stephanieton,magazine,coach,job
9029,583,site,low,Johnsonport,resource,pressure,rather
12324,718,example,beautiful,Timothyview,back,pick,computer
13669,184,travel,think,Port Austinmouth,leave,social,voice
12796,777,many,she,Lake Stacychester,national,never,yes
12890,607,resource,wrong,Garciashire,project,home,one
8978,46,possible,training,East Matthew,between,according,state
11665,668,perhaps,suddenly,Lake Sara,child,word,before
9781,531,responsibility,future,Jefferyberg,her,sing,shoulder
15137,695,become,least,Ramseymouth,attack,financial,central
9723,494,important,really,Jamesfurt,light,enjoy,very
11721,253,wall,hundred,West Jessicaton,case,will,hold
10159,313,likely,my,Wilsonchester,soldier,change,price
8985,873,possible,sea,Thompsonchester,building,stage,cup
11658,445,woman,travel,Dannyport,two,home,of
13789,497,forget,eye,Serranoport,parent,interview,treatment
14080,305,baby,avoid,Erikberg,own,begin,and
16999,554,support,edge,Emilyfort,there,that,still
9230,20,wait,put,East Hannahberg,increase,far,certain
11504,385,man,best,Mortonville,method,son,establish
13826,536,quite,want,Kingport,ok,material,pull
10368,406,themselves,thus,Brandtbury,oil,own,attack
10434,963,only,blood,Laurenton,none,write,across
9366,463,argue,along,Jaredchester,number,however,by
15077,632,various,really,Lake Brett,international,other,citizen
17771,712,culture,put,North Tyler,college,someone,forward
15222,836,red,ability,Jasonberg,leader,behind,collection
13878,593,film,into,Amandahaven,kind,from,mouth
10595,138,director,establish,Silvamouth,discussion,plant,social
15655,770,apply,reach,New Charleschester,go,plant,speech
12504,535,door,fine,South Rachel,those,amount,station
11255,862,technology,discuss,Paulport,treatment,try,six
16545,466,Mr,action,Lake Scottview,language,pull,road
14913,70,senior,design,West Kevinport,reflect,piece,north
12854,87,others,condition,Lake Tara,professor,statement,under
11952,185,usually,can,Perezport,hotel,nice,rest
10529,776,just,middle,Natalietown,trial,how,me
11785,511,step,win,East Darrelltown,run,weight,nation
14876,910,natural,again,Destinymouth,guess,product,year
10052,759,Mr,federal,Vernonside,policy,top,hospital
10382,138,such,program,Bellside,describe,paper,bring
16739,460,arrive,just,Smithmouth,west,whether,trouble
14329,662,economy,condition,South Alejandro,lawyer,specific,young
14345,678,wife,law,Adamsburgh,say,leave,international
17494,174,tell,play,Fletcherland,current,may,even
11592,625,television,change,South Tracyberg,cost,each,account
17311,988,lay,shoulder,Port Danielleberg,want,environmental,western
16849,90,your,star,Antoniofurt,team,cold,point
9140,513,no,change,Reyesside,everyone,heavy,less
10838,445,tree,eight,Wallaceport,meet,finally,affect
15410,180,when,too,Smithfort,stop,none,cover
16697,856,mean,two,South Aaronstad,black,home,share
15596,360,to,fish,Williamside,happen,executive,take
14757,895,offer,wear,Hobbsland,thing,scientist,success
13784,242,occur,consumer,West Karlside,try,fine,nor
14532,243,raise,room,Georgechester,spring,test,improve
15268,353,tend,discover,New James,story,pressure,especially
15952,120,hotel,generation,Sarahbury,economy,small,and
16556,987,forward,world,North Kyle,mouth,late,difference
15993,625,course,this,Stephenmouth,administration,nature,catch
10049,384,against,learn,South Todd,assume,process,rise
12840,736,especially,hotel,Christopherchester,kid,customer,without
11364,490,send,win,South Tammy,lose,rest,seat
9826,44,television,culture,East Makaylafort,time,million,level
13556,733,nearly,sit,New Sarastad,financial,model,blue
10224,352,different,kitchen,Jamesburgh,fund,before,dog
17308,43,prepare,act,Andreaton,describe,always,which
12069,220,real,another,Andrewberg,believe,generation,argue
12783,620,onto,movement,Paulhaven,gun,thought,policy
14682,493,agree,any,Ronaldhaven,fall,though,enjoy
9110,859,including,light,Kimberlyburgh,only,case,fast
9856,474,raise,area,West Paul,today,hold,fund
13514,103,thank,sure,Rosalesborough,toward,drop,art
15191,39,you,threat,West Yvonnefort,tree,analysis,treat
10195,713,name,pressure,New Robertburgh,rather,easy,read
16557,587,than,natural,Fernandezton,guy,show,fact
13907,417,heavy,discuss,New Stephaniefort,side,more,participant
9519,618,risk,soldier,Danielfurt,want,lawyer,represent
15045,122,choose,eye,Williamview,Congress,center,others
10785,954,technology,thank,South Eric,return,style,hit
10204,172,arm,tonight,Steventown,mind,yourself,article
15621,101,including,on,New Felicia,president,drive,themselves
17000,912,situation,anyone,North Thomasville,another,avoid,perform
13299,600,military,kitchen,West Paula,drive,can,speak
10618,777,air,piece,Katherinemouth,from,hit,although
16212,579,back,week,South Taylor,degree,raise,two
12631,740,others,road,Nguyenmouth,section,other,also
17808,869,reality,media,East Lisaburgh,page,structure,game
12381,481,institution,benefit,East James,consider,event,total
10260,789,product,her,West Oliviamouth,main,listen,president
10243,711,appear,although,Wendyburgh,region,history,sense
12072,380,two,tonight,Charleschester,market,course,important
9745,621,point,pick,New John,relationship,and,difficult
13343,216,country,wrong,New Jeremyton,think,start,painting
10601,610,anything,recent,East Julieside,agency,political,decade
10115,367,thank,recognize,Kendraview,reality,stock,song
11100,368,her,never,New Wendy,political,hear,consider
13918,979,I,send,New Jennifer,cup,water,word
10922,619,manager,manager,Higginsside,policy,nearly,character
17701,451,now,couple,Orozcoville,important,task,sell
15574,772,billion,really,Chanton,economic,continue,much
16381,380,exactly,if,Jacobhaven,word,amount,side
15583,79,this,through,Bettyberg,arrive,rise,sense
16895,337,stand,ago,Lake Laura,risk,various,light
16567,782,ready,spend,West Priscillaburgh,mean,knowledge,order
11960,972,property,base,East Jeffrey,guy,citizen,garden
17153,162,street,her,Lake David,operation,knowledge,hour
13700,920,person,fund,West Julie,enough,hear,ago
16012,523,hospital,space,Lake Victoriastad,trade,fine,exist
17703,220,field,with,Thomastown,ok,likely,what
14531,914,level,produce,South Joseph,discuss,lay,phone
15241,316,concern,board,West Alyssaberg,them,nothing,difference
10959,827,physical,cultural,Nielsenbury,only,without,machine
12323,299,become,write,Port Anthony,practice,go,hope
10394,370,commercial,two,New Bridgetland,or,two,role
9046,980,section,nice,Lake Danmouth,I,particular,Democrat
15586,639,hundred,available,Port Jenniferland,institution,accept,forward
15330,919,individual,dark,West Nathan,let,rock,pick
9312,646,project,guy,Lake William,you,him,score
10409,443,city,about,Christopherchester,production,rise,establish
9085,655,group,answer,New Jefferybury,reach,goal,let
11694,818,buy,top,South Wyatt,indicate,plan,option
9427,896,green,effort,Jenniferstad,practice,require,example
8975,1000,improve,meeting,Lake Erik,kind,return,under
10067,883,anything,clear,Lake Daniellefurt,produce,soldier,pay
11597,364,culture,its,Lake Scottshire,station,left,up
12119,604,still,deep,Christinaview,lawyer,citizen,bag
16688,288,hand,wrong,New Adamhaven,production,economic,second
14244,215,short,however,Smithfort,usually,back,try
10863,614,almost,hospital,Ericafort,present,magazine,whatever
16582,105,movement,position,New Joanneside,expect,better,father
12672,660,probably,about,North Brandi,despite,do,system
17222,520,stand,our,Williamsfurt,traditional,physical,black
13283,138,course,anything,Brownfurt,her,improve,person
9616,820,how,rise,East Karenborough,arrive,major,thing
11075,532,foreign,go,Stevensview,control,reality,member
14153,392,already,keep,Costaland,leave,look,response
15896,364,job,approach,Mauriceborough,them,arm,north
12954,643,art,eight,North William,prepare,PM,around
12914,505,hot,type,Lake Brandon,west,employee,wind
14257,433,tough,expect,West Tamaramouth,choose,maybe,life
10626,914,bed,technology,South Wendymouth,method,involve,conference
10076,830,fast,call,Marychester,new,while,child
17469,292,collection,live,Kevinchester,behind,technology,face
13234,236,fish,blood,Port Deborah,note,during,list
17604,358,plant,chair,Brownmouth,beautiful,sometimes,discover
10896,79,east,eat,East Nicholaston,hot,Mrs,forward
17286,476,hundred,animal,Sharonfurt,less,since,off
15223,683,lead,more,Garciachester,today,trip,always
10589,205,way,study,Montgomeryberg,condition,admit,else
15470,679,sell,home,South Ashley,role,window,success
8905,557,deal,plan,Brownberg,enter,level,management
10880,973,student,white,Cortezland,clearly,fast,teach
16903,230,them,this,Hornfurt,she,area,opportunity
17075,78,court,where,Carlosbury,performance,style,control
9164,951,other,unit,Richardhaven,for,bank,risk
9397,499,fight,unit,Harrisfort,red,animal,Mr
16744,822,child,deep,Clineton,pattern,something,quickly
12809,891,long,close,Lanebury,action,necessary,out
12775,582,set,official,Martinhaven,share,theory,field
11281,600,either,young,Melodyside,reveal,act,partner
11477,96,collection,call,West Jason,allow,certain,much
14420,284,coach,against,Crystalhaven,art,later,recognize
15789,79,just,prove,West Lisa,president,religious,wide
16609,900,pick,responsibility,Port Davidport,general,put,teach
11643,472,music,street,New Lucas,wish,writer,spend
12677,456,example,moment,East Michele,own,before,purpose
16271,378,teacher,even,North Michelleburgh,him,interview,beat
9207,475,support,future,South Christina,admit,hour,authority
14591,652,success,them,Lake Jessica,woman,use,run
17505,275,difficult,wind,South Jacob,continue,sister,threat
9498,404,end,buy,North Todd,bank,attack,check
16988,328,law,door,East Alyssamouth,pass,election,hold
16407,174,ten,notice,Petersonfort,quickly,parent,store
9685,528,least,evening,Wardberg,offer,alone,rise
9656,956,argue,dog,Davidland,everyone,event,it
12358,288,various,seek,South Jennifer,though,Mr,woman
15714,277,everything,least,Millerbury,not,our,debate
11940,135,yourself,trade,Lewisstad,possible,drug,economy
9589,440,final,street,New Samanthachester,sometimes,surface,important
9055,136,year,me,North Kristinberg,must,customer,purpose
16649,427,red,measure,Port Michaelmouth,answer,piece,station
15002,4,before,ago,Sextonland,weight,sister,develop
16391,508,kid,medical,Reyeston,tough,shake,fight
15649,580,ability,protect,North Anthony,step,institution,place
10622,71,require,court,Stoneshire,form,early,indeed
14243,2,focus,method,West Daniellemouth,study,phone,turn
11249,588,growth,want,South Christinaborough,choose,respond,soon
15258,234,center,leave,Hallborough,available,often,structure
14626,94,drug,hard,Annport,note,success,understand
13268,656,parent,PM,Martinezside,street,top,spend
11483,47,long,drug,Lake Jonathan,result,high,reality
17625,553,who,white,New Joseph,simple,real,not
12432,60,source,give,North Debraside,lot,listen,chance
9355,319,share,consumer,Bateston,court,throw,realize
12108,958,fast,rate,Andremouth,say,million,some
9380,17,author,traditional,Matthewberg,standard,receive,player
10589,495,imagine,moment,Scottmouth,clear,dark,more
13999,822,single,adult,South Rhondamouth,national,take,long
14996,288,exactly,fish,Chasemouth,risk,project,moment
13984,839,language,watch,Lake Joshuamouth,develop,hear,special
10774,319,collection,one,North Annafurt,different,course,north
9470,514,war,point,Douglaschester,popular,student,tree
17467,608,front,especially,Lake Andrea,sit,citizen,should
11558,367,senior,reveal,New Teresaburgh,yourself,program,week
12344,503,ask,first,East Barbarastad,sell,summer,last
8897,530,kind,catch,West Andreamouth,responsibility,many,according
9451,479,field,find,South Mollychester,really,score,company
13319,42,official,now,East Michellemouth,on,month,assume
15139,403,wait,hear,East Angela,material,method,we
17656,860,body,century,Lake Cheyenne,statement,ask,seven
16303,580,natural,office,Mayoberg,return,pattern,tend
11757,711,next,officer,Jessicastad,company,feel,look
12505,501,wait,view,Port Vincentside,itself,customer,after
15542,401,apply,wish,South Xavierberg,say,husband,avoid
11162,657,company,hope,Kristinemouth,organization,pressure,possible
14399,868,professional,center,Elizabethview,shoulder,above,follow
13466,616,everyone,spring,Moorehaven,road,some,later
9203,945,resource,lead,North Wesleyfort,live,really,remain
15630,970,rock,there,Reedberg,moment,study,develop
11844,975,expect,across,Davidmouth,may,kind,suffer
17077,223,today,role,Johnfort,shoulder,clear,home
15397,954,ago,cup,Lake Michaelmouth,inside,form,under
9099,220,population,understand,East Michelle,probably,administration,place
9425,87,pick,fill,Brettton,agent,than,check
12509,138,ever,second,West Julia,wear,station,skill
15215,259,available,live,West Thomas,about,forget,feeling
10471,309,base,travel,Port Amanda,those,top,test
10013,735,exist,number,Lake Mikeburgh,another,listen,budget
14329,352,room,nearly,Matthewfort,tend,month,will
10230,241,include,wait,Christopherborough,how,place,as
17631,641,specific,knowledge,South Jamie,nation,such,drop
12211,320,floor,ready,Traviston,generation,or,goal
15854,791,themselves,class,West Cindy,page,anything,nothing
13691,944,character,book,Anthonyport,parent,director,really
11322,222,as,as,North Angela,church,environmental,account
12483,527,onto,strong,West Willie,any,heart,draw
12749,620,film,care,Amandaville,all,base,us
13616,690,term,again,Muellerstad,scene,along,practice
10681,846,cultural,follow,North Kelly,memory,three,stock
13947,521,any,thus,Fowlerview,left,explain,personal
11436,455,act,statement,Mortonton,able,explain,sometimes
16958,713,will,pick,Christopherside,central,just,product
9506,374,throughout,artist,Margarethaven,save,career,follow
16881,435,reduce,after,South Timothyville,teach,customer,yeah
11147,596,kind,war,Stokesborough,indicate,choose,speak
16251,1000,eye,three,South Nicholasfurt,strong,of,one
14963,310,our,safe,Lake Thomas,east,baby,understand
14329,821,personal,nor,Wardstad,than,it,street
10041,331,what,might,Lake Pam,give,those,number
10617,582,capital,another,Patrickbury,war,up,international
17751,756,policy,main,Scottshire,else,true,once
10947,727,quite,news,North Joshuaside,decide,he,wind
11992,917,security,analysis,South Tony,last,meet,senior
9394,175,experience,spring,Tuckerbury,throughout,foot,find
12211,205,sure,onto,North Catherine,bar,attention,pattern
12746,402,race,cause,South Carolynbury,shoulder,like,lead
14738,664,nature,media,Lawrencestad,source,pretty,open
17307,984,parent,us,Johnsonhaven,travel,why,season
11619,149,level,act,East Renee,artist,situation,teach
12572,972,help,whatever,Freemanbury,support,in,surface
9500,859,manage,scene,Robertton,maintain,red,bad
13802,120,appear,increase,New Leslie,describe,only,subject
17019,419,stage,black,Angelaborough,store,economic,sit
16628,762,last,bit,Yodermouth,practice,detail,two
12928,474,letter,throw,Wilsonport,require,ago,money
16495,426,so,task,Bobbybury,author,television,political
12145,945,everyone,reason,West Deborahville,several,help,me
16329,909,partner,single,Jerometon,carry,together,possible
17745,54,themselves,chair,Bryanberg,suggest,close,area
10980,165,identify,far,Garciabury,indicate,easy,defense
15008,85,night,enjoy,Paulberg,level,again,reflect
17058,818,school,cultural,Hansonmouth,suddenly,smile,support
16508,109,bit,cell,South Lisaside,want,television,pattern
13777,208,dark,pass,West Natalieton,approach,modern,reflect
11420,996,young,information,Mikeside,anything,season,finally
10162,645,crime,member,Morrisonfurt,least,side,rest
17571,411,young,writer,Carlsonshire,business,account,wind
15006,403,any,read,North Martha,everybody,every,especially
16631,484,believe,become,Richardsonborough,heavy,lot,low
13837,317,eat,make,Lake Laurenhaven,speech,heavy,senior
11900,765,officer,hit,Kimberlyborough,officer,student,among
10871,701,spring,learn,New Michaelland,become,seat,measure
11915,391,tonight,how,South Nicholasstad,performance,side,car
12707,308,as,family,East Emily,investment,make,trade
12335,206,practice,popular,New Anthony,economy,successful,style
15171,966,work,heart,Fischerside,control,picture,smile
15822,358,method,yard,South Thomas,this,sister,participant
15662,889,wide,last,East Makayla,learn,learn,pick
15514,187,without,fact,New Donna,by,left,lot
16734,741,beyond,law,West Judyport,true,sort,wonder
13519,605,hope,fly,East Johnland,sport,detail,he
9334,155,office,nor,North Alexisshire,machine,job,structure
16440,219,military,remain,Cochranside,hope,develop,nation
12390,858,affect,tax,Jamesview,call,me,feel
17111,216,source,option,Robertstad,month,right,total
9421,28,daughter,painting,East Tonyaport,adult,make,again
16084,159,edge,sure,Elizabethberg,food,north,what
11958,56,letter,let,South Cole,coach,pretty,meeting
14957,377,environment,open,East Joseph,cause,bring,investment
16717,172,ahead,bill,East Antonio,hair,represent,nor
11213,553,least,serve,Gordonland,tree,dinner,entire
12626,355,right,act,Murphytown,similar,any,blood
13906,317,total,need,Scotttown,amount,seat,sense
9910,927,because,difference,Woodstad,particular,keep,should
17498,625,professional,good,Marcusstad,common,agency,small
14514,973,so,include,Lake Leah,see,front,above
15294,397,last,or,North Sean,place,force,ask
11196,503,process,sister,South Kendra,head,yard,wear
13317,109,down,onto,Myerston,only,yes,establish
16272,893,goal,explain,Floresstad,local,recent,light
11155,3,challenge,rate,Port Amymouth,into,American,Republican
12682,258,institution,they,North Vanessaburgh,history,hard,nor
15764,805,admit,eight,New Samantha,person,class,operation
13117,723,question,effect,Mcgeeview,sort,common,factor
10339,324,loss,store,Daviesbury,dinner,walk,deep
16522,644,however,area,Lake Michael,institution,now,send
16141,251,beautiful,lead,Katelynbury,which,easy,senior
17230,13,prevent,behind,Ericshire,back,unit,age
14551,232,room,and,Strongview,try,rate,open
9040,625,attack,PM,South Richard,single,station,citizen
10875,93,box,continue,Francisshire,determine,industry,parent
16535,694,small,during,Veronicaside,increase,far,man
12309,732,myself,politics,Sheilaton,inside,significant,degree
12810,510,body,buy,New Dominique,during,carry,no
13925,219,common,though,Markshire,teach,finish,song
17007,120,at,wife,South Brad,job,wide,arm
13192,701,writer,piece,Sierramouth,official,wind,method
15271,502,technology,down,Briannaburgh,suddenly,less,entire
12078,292,pass,land,Watsonchester,soldier,plant,while
15995,352,energy,full,Port Elizabeth,movie,Democrat,debate
17386,546,near,stay,Ashleeside,far,traditional,blue
13142,964,tend,sea,Lake Jonathanberg,area,will,bar
10137,466,catch,whom,South Duane,media,general,especially
13851,522,according,voice,South Mark,purpose,necessary,expect
10698,590,recently,end,Lake Amy,activity,effect,at
11020,205,defense,watch,Hoganstad,such,opportunity,show
12778,84,painting,heavy,Port Juanport,develop,read,floor
15842,99,later,since,Grayview,consumer,water,great
9104,292,watch,nothing,New Ashleeville,employee,like,break
8920,659,conference,size,East Amanda,college,agree,any
10923,285,message,finally,Klinemouth,long,those,try
13468,835,item,happy,Bridgestown,quite,good,option
13655,71,film,although,South Beth,data,charge,not
17349,16,imagine,save,Lake Kenneth,into,wide,organization
17040,191,teach,every,New Adamshire,attack,example,fight
16563,983,difference,gas,South Raymond,reveal,care,see
11774,254,one,environment,North Heather,behavior,international,key
13576,861,animal,forward,Mcguirefort,call,nature,walk
9095,369,rate,yourself,Boydville,respond,what,suffer
17207,974,voice,letter,North Ashleyport,at,money,company
11694,518,bag,season,Castillohaven,hour,continue,on
13612,872,join,speech,Lake Kristenfort,choose,face,foreign
11474,297,war,popular,South Marybury,Democrat,travel,before
17831,582,central,paper,North Jacob,college,attack,social
17225,859,deal,bank,Robinsonstad,itself,senior,day
11646,419,management,threat,New Michelle,pressure,determine,though
10732,92,key,fight,Nathanmouth,guess,party,environmental
13411,679,six,pay,Lake Robert,front,officer,suggest
12476,169,foreign,why,Christinechester,building,throughout,daughter
15420,41,when,natural,West Alicia,care,own,continue
15912,755,one,forget,East Nicolefort,gun,ahead,as
14272,868,fact,southern,South Jeremy,watch,six,half
15007,216,couple,machine,Devinmouth,serve,against,civil
11793,316,when,relate,East Karenport,until,include,behind
12369,820,yes,animal,North Sarahburgh,assume,between,reach
15119,175,impact,police,Boltonshire,single,who,stock
12791,124,attack,laugh,Lake Carl,wind,operation,movement
17905,501,begin,bill,New Paulhaven,put,society,house
11047,333,city,wide,Michaelaside,goal,region,recent
13580,290,imagine,cut,North Briannabury,hour,team,science
13235,923,recently,chance,Meganbury,low,serious,exist
13344,612,huge,help,Davidberg,parent,money,attorney
13329,313,benefit,this,Oneillburgh,play,line,fire
14191,500,itself,environmental,North Amberbury,life,win,program
16073,248,training,trial,Port Barbara,organization,measure,appear
9699,317,father,there,Wilkinsonberg,test,talk,support
16010,447,throw,build,Lake Barbaramouth,money,edge,democratic
11710,383,form,year,Loganfort,fill,generation,although
15401,682,however,game,New Jacobstad,me,glass,carry
16506,928,finally,fear,Thomastown,yourself,center,fire
16422,842,western,thus,Hodgeschester,daughter,less,professional
8836,644,newspaper,something,North Davidborough,contain,various,answer
14810,963,community,indicate,East Jeanetteview,fine,tree,need
11937,2,possible,arrive,Lake Amandashire,try,collection,right
9321,691,poor,success,Lake Kevin,catch,several,song
17892,988,perhaps,phone,East Daniel,mind,our,bring
10198,320,quality,economic,Shannonfort,dog,herself,us
14509,567,feeling,mind,South Courtney,last,technology,cup
12218,563,rise,use,Marioville,skin,for,read
14574,566,oil,either,North Susanmouth,author,seven,change
17338,769,name,claim,East Scott,lot,federal,money
9877,677,human,country,Bradystad,prevent,sometimes,simply
15273,401,series,term,New Amandaside,speech,police,value
9108,685,before,study,New Melissaberg,wonder,time,stay
15569,464,southern,she,East Thomaschester,support,call,general
14334,908,have,important,Jonesborough,college,enjoy,data
16125,936,sell,enough,Port Christinachester,too,deal,page
14364,77,among,team,Duncanland,animal,foot,loss
13024,211,these,happen,Lake Donald,out,carry,tree
12919,978,Mr,level,Millerhaven,feel,minute,character
9688,778,protect,challenge,Josephchester,manager,campaign,voice
16813,385,network,almost,New Russell,administration,gas,data
16938,378,mean,despite,Coryport,usually,season,movie
12453,670,respond,person,Port Christopher,relate,left,despite
12742,687,sign,success,Millerland,side,establish,walk
16294,93,position,billion,Port Kristin,account,will,which
14528,61,kind,until,East Dylanborough,leave,medical,need
13584,478,under,college,West Jeffreyburgh,ask,kid,identify
14846,24,bank,your,New Jefferyland,fine,piece,company
11963,285,simple,political,Flemingland,real,arm,during
10979,44,issue,necessary,Abbottfort,open,him,card
14323,498,article,might,Danielfort,movie,society,water
12431,716,prevent,worker,Rosestad,after,anyone,science
14867,415,meeting,argue,Lake Kyliemouth,hope,first,other
12704,359,rest,red,Haleymouth,eight,door,morning
14265,301,fight,be,Wilsonstad,mother,avoid,here
14438,989,next,worker,New Christophermouth,already,open,two
9482,985,message,suggest,Jamesport,staff,girl,financial
17238,64,eat,truth,West Nicole,order,girl,term
17896,706,night,quality,Parkerville,worker,name,fish
16886,791,or,task,Randallmouth,detail,year,sister
15188,957,film,discover,West Ericmouth,alone,young,world
17957,714,fight,book,Navarroburgh,free,fine,hour
12358,820,often,believe,Lake Pedro,majority,second,interview
9052,137,capital,wide,Lake Pamelaborough,item,lead,who
13974,725,could,west,Brianfort,lot,pretty,economy
13022,106,just,himself,Jessicaview,kind,important,nothing
15323,27,that,front,North Meganbury,exactly,teacher,huge
12360,938,base,how,Jacksonborough,step,accept,area
17881,301,rest,not,South Courtneystad,true,season,as
9030,434,style,father,Willisfurt,state,meet,still
16959,485,particularly,spend,South Jillmouth,face,boy,assume
14152,200,within,statement,Lake Josebury,according,act,college
9066,358,bar,our,Charlesberg,anyone,to,large
17507,151,notice,happen,Tiffanyside,if,product,similar
16362,313,treatment,several,Gonzaleschester,mouth,news,huge
10172,273,education,choice,East Andrewburgh,part,pattern,college
10677,748,after,rich,Laurentown,practice,increase,analysis
14719,971,like,structure,South Charles,wind,design,certainly
14105,79,home,hour,New Marioton,style,population,station
10725,495,baby,lose,Thomasside,college,environmental,language
10037,625,four,majority,West George,company,remain,sense
12115,524,floor,party,East Christopherville,itself,nature,many
12516,306,available,street,Lake Elizabethbury,answer,card,financial
10436,184,view,condition,New Stevenbury,activity,best,who
17366,408,market,then,West Steventon,feel,receive,beyond
15835,648,much,minute,Barbaraview,really,mean,year
17269,18,hour,arm,Jenniferberg,team,bring,produce
17174,181,act,maintain,Greenshire,outside,author,very
12226,584,southern,response,Chavezchester,away,chance,relate
10439,843,plan,follow,North Juan,hospital,child,heavy
17206,758,would,theory,Solomonview,start,kind,truth
16793,850,over,need,Powellburgh,air,within,toward
17639,247,vote,amount,South Scotthaven,option,senior,beat
10322,81,exist,degree,North Sabrinaberg,point,card,direction
12951,703,stop,task,East Kevinborough,any,door,two
12711,82,them,various,North Juliamouth,accept,year,minute
11072,794,once,participant,West Sarah,program,program,ok
12443,732,book,bill,Gillland,eight,plant,level
11059,527,consider,forget,North Joshua,country,join,million
16215,353,pull,group,Freemanchester,action,whether,film
14673,667,method,price,Hudsontown,beautiful,child,politics
11275,642,drive,authority,Tanyaside,build,whether,huge
16709,80,happy,hard,Lake Kaylaside,cell,capital,east
16864,968,visit,find,Johnsonmouth,as,same,free
15116,672,factor,toward,Cuevasmouth,mention,goal,able
14803,763,ok,many,Port Shawn,somebody,son,responsibility
14845,368,yes,still,North Jeffrey,until,article,laugh
13222,307,force,attorney,West Pamela,become,under,community
12706,428,left,such,Mcphersonborough,pull,fall,price
12160,683,event,suddenly,Lake Staceyfort,clear,idea,spring
17849,499,mention,nature,Adamsmouth,power,along,admit
16674,227,take,three,Bradleyside,year,light,company
10743,672,west,manager,Port Kristie,father,four,final
17797,892,strong,late,Crossmouth,also,chance,career
17596,327,now,discussion,Jamesstad,bed,field,decide
11871,431,environmental,security,Hallburgh,scientist,often,vote
16010,887,live,perform,Timothyfort,example,talk,mouth
14414,430,production,animal,South Peggy,about,black,parent
8984,78,treatment,large,Walterville,usually,agreement,land
12438,801,win,affect,Port Seth,Republican,we,TV
17361,676,moment,art,Bishopland,own,though,ball
8853,474,rule,grow,Jessicaport,huge,deal,people
12171,784,before,race,South Coryside,challenge,behind,administration
16040,671,white,road,Petersonville,whom,huge,popular
11587,87,conference,deal,South Claudia,media,race,western
9326,832,still,kitchen,Mirandabury,pull,entire,seven
15631,465,late,increase,Morganmouth,remain,alone,task
13373,217,behavior,special,Parkerton,cup,type,chance
13589,740,last,institution,Taylorport,already,goal,few
13339,500,world,film,West Danielfurt,class,truth,team
11657,536,beat,spend,West Tylertown,compare,notice,discussion
15501,307,choose,newspaper,Lake Kristenshire,help,recognize,report
11523,586,down,citizen,East Julie,often,space,stuff
13267,499,message,forward,East Jacobton,agency,significant,research
17865,178,so,ready,Port Kyle,site,job,serious
11347,387,between,rather,Shelbyborough,pick,side,sure
12659,667,also,close,Lake Andrew,whom,student,popular
14514,72,about,drop,West Keith,although,fear,spring
15761,289,get,want,Reyesborough,measure,action,project
15851,393,value,final,Troyshire,gun,professor,past
10424,311,few,now,Justinview,the,benefit,necessary
14187,755,wrong,page,Robinchester,camera,admit,around
9427,37,Congress,movie,South Joseph,amount,also,year
15781,572,top,one,Hensleyport,form,necessary,thank
17197,998,nice,range,North Elizabethborough,low,better,more
11427,854,age,as,Port Albert,third,investment,article
14320,807,eat,him,Timothybury,draw,mother,those
13944,795,assume,could,Pinedamouth,suddenly,long,voice
14886,149,attorney,court,Harrisonport,laugh,win,order
15158,763,back,represent,West Jessicashire,catch,store,answer
13845,691,bad,place,Port Aaronview,central,again,their
10005,92,wait,reach,Lorichester,region,image,nearly
14757,238,machine,hot,West Timothy,by,budget,professor
11136,95,receive,middle,Colonshire,always,present,state
16029,113,task,possible,Lisaland,operation,set,second
12430,316,tax,large,Lake Larrymouth,city,push,thousand
11743,278,matter,fly,South Jose,own,artist,deal
8920,610,trial,friend,West Amber,beyond,cover,sell
15325,791,level,finish,New Danielville,lawyer,issue,green
10580,660,look,finish,Danielletown,father,business,sing
13342,60,small,stock,New Jerrymouth,phone,spend,office
12623,463,kid,your,North Michellechester,this,quality,truth
8852,823,manager,its,New Katherinemouth,tax,from,analysis
17482,864,list,official,West Kristinmouth,early,certainly,suddenly
12779,915,expect,then,Orrburgh,necessary,half,score
14736,527,not,ask,Port Douglasstad,enjoy,third,include
9289,905,something,form,South Jameshaven,significant,little,east
16601,889,apply,poor,Lake Nicoleton,feel,help,seven
16954,8,century,try,Dickersonville,prevent,language,sense
10794,998,piece,age,Kevinstad,probably,American,continue
9286,447,week,chance,Justinburgh,program,war,ready
17444,258,short,back,Carrollborough,realize,lose,old
9785,377,director,hotel,Shannonside,Mr,still,choice
15539,132,investment,determine,Lawrenceton,response,put,western
15685,333,least,small,New Julie,color,federal,prevent
13341,182,rise,house,Rogerport,wife,including,head
15433,169,reveal,knowledge,North Kelsey,low,prove,situation
14564,408,sound,either,Port Melissafort,life,skill,risk
13059,851,example,everybody,Robertland,through,nor,white
11310,49,future,best,Lake Charles,significant,opportunity,real
17012,510,pick,structure,Douglaschester,rather,street,yes
13620,397,until,hand,Kevinstad,structure,less,citizen
12887,768,between,myself,Ritamouth,weight,service,when
9081,934,fly,campaign,Jordanside,reveal,bit,machine
16510,268,meet,year,New Alexis,together,put,see
16910,335,father,central,East Megan,go,option,glass
16539,879,do,positive,Tonyaside,ok,service,budget
10246,488,father,see,New Jacqueline,order,live,work
16003,538,attorney,simple,Benjaminmouth,himself,bank,research
17915,412,by,no,North Jenniferstad,remain,try,road
15081,877,interview,still,South Joseph,bring,PM,its
10995,862,might,argue,Tammyberg,tax,last,too
17135,741,reduce,PM,Lake Robertborough,chance,society,say
17848,555,seek,effort,Lake Erneststad,some,color,agree
12847,682,garden,event,Mcdonaldton,feel,trouble,friend
13086,540,necessary,base,Whitneyview,key,sing,need
16270,372,develop,yourself,Doylefort,suggest,happy,even
14227,198,long,letter,West Mariaside,including,prevent,officer
15016,752,study,affect,Williamsmouth,though,six,military
16642,477,draw,kind,West Matthewfort,yeah,cut,prove
17548,432,trade,rise,Lake Josephland,research,view,attorney
15673,354,treat,training,North Jefferyville,onto,economic,of
12297,427,simply,model,Rebeccachester,see,ago,medical
13816,999,with,wide,Castilloville,sport,floor,behind
11600,651,leader,weight,East Jeffreyton,technology,moment,hard
15969,805,PM,middle,Port Angela,court,guy,sea
14960,681,organization,bar,East Donna,appear,cup,contain
11424,344,particular,true,Howellville,where,idea,against
11583,304,product,seem,Burnsport,debate,instead,term
11514,500,throw,bit,Brockland,away,ever,by
9534,94,business,discussion,New Michaelville,involve,movie,effort
11759,298,figure,event,New Lynnland,present,success,blood
14465,423,like,where,West Audreyland,improve,impact,old
15411,558,affect,event,East Kellyburgh,data,well,leave
14053,319,admit,whether,Huntfurt,want,doctor,board
12337,331,family,author,West Felicialand,carry,response,already
10352,893,church,full,Smithburgh,bring,himself,special
16157,597,green,situation,Port Lee,wall,past,mouth
13170,801,too,cup,East Kenneth,inside,argue,wish
10595,375,skill,attack,Davenportmouth,bit,somebody,choice
10900,590,discover,newspaper,South Joshuaville,particularly,sing,do
15352,790,though,member,North Bailey,animal,oil,share
10677,619,friend,movement,Port Robert,knowledge,parent,value
9727,165,it,good,New Jay,make,PM,money
12271,509,ahead,respond,Davidstad,population,effort,answer
17277,869,Mr,land,East Andre,senior,star,much
11458,830,surface,model,Josephbury,source,environmental,pressure
17611,122,risk,mouth,New Bradley,seem,improve,chair
15446,770,report,college,Ballfort,bill,ground,military
14368,703,difficult,where,Lorishire,safe,couple,a
14089,695,subject,eat,North Veronica,conference,prepare,standard
13425,288,live,education,Port Laurie,dog,staff,former
13422,172,and,accept,West Justintown,could,choose,chance
16130,22,after,phone,Port Josephfurt,into,candidate,worker
13798,491,official,sea,Samueltown,those,share,without
17254,397,best,administration,Gileshaven,war,above,type
10454,388,movie,mouth,Rogerschester,but,become,rule
11339,730,hard,current,Donnashire,few,forward,fact
12044,207,true,partner,Port Richardfurt,audience,list,never
12303,58,out,figure,North Kimberly,news,professional,this
8993,163,head,scientist,Lake Tanya,decide,about,become
13817,324,social,site,Gonzalezborough,fire,range,suffer
12151,369,upon,me,North Scottmouth,alone,or,record
11113,897,huge,account,North Kevinborough,foreign,trip,out
14401,498,notice,couple,West Brandon,oil,no,last
15256,857,tell,next,Nancyfurt,never,drive,standard
14292,299,now,week,Torreston,big,candidate,eye
10791,879,onto,tax,Daniellechester,mission,professional,billion
13046,357,per,shake,Port Brian,region,part,yard
14447,830,democratic,be,Gabriellashire,imagine,unit,write
12898,794,determine,find,Johnsonmouth,bad,structure,feeling
11084,572,red,because,Mariachester,understand,individual,yard
10896,378,forward,fish,Lake Maureen,only,ground,watch
11594,105,civil,end,Lake Kevinton,option,effect,husband
15651,218,own,assume,South Gary,sell,short,billion
11999,871,yard,care,Port Brittanystad,town,three,on
9825,361,evening,fall,South Diana,someone,record,floor
12655,65,young,everyone,North Charlesberg,despite,role,American
9286,864,traditional,term,Glennstad,project,few,name
12078,742,century,focus,South Joan,much,life,sell
13353,733,food,analysis,Tonyafort,wear,media,talk
11291,210,focus,brother,West Marvin,federal,today,I
13511,702,time,sit,Ramirezburgh,discuss,citizen,various
16157,242,us,economy,Lake Julie,dark,recently,doctor
9239,639,young,attorney,Sweeneyborough,exist,responsibility,board
12253,110,perhaps,begin,Johnmouth,usually,exist,manage
10026,147,week,dog,West Erika,defense,most,investment
13785,684,play,purpose,North Meaganside,under,defense,than
14979,53,father,evening,Campbellview,participant,represent,form
15733,931,such,direction,Williamshire,shoulder,choice,image
14454,778,well,worker,Morsefort,door,stock,away
9892,863,someone,show,South Joemouth,gun,challenge,kind
14358,540,write,teach,Port Kevin,throughout,great,hour
10157,303,bad,program,Port Jason,adult,future,she
13221,32,cup,executive,Lake Brittanychester,simply,appear,provide
15305,600,guy,responsibility,Lake Shellyton,entire,then,attorney
11005,866,many,accept,Courtneyville,statement,pretty,middle
17873,640,imagine,rest,Rebeccaborough,page,red,various
14787,84,next,around,Port Elizabeth,course,describe,data
14715,640,economy,wish,Hilltown,lose,from,raise
13338,325,subject,general,North Christinemouth,feel,remain,stay
10446,238,note,more,Lake Heidi,top,improve,show
14393,824,with,Mrs,West Alexanderfurt,chair,mean,woman
17003,215,medical,floor,West Kurthaven,a,cup,figure
17266,207,here,minute,South Samuel,treat,matter,stage
16663,551,research,attention,Victoriamouth,region,sit,even
11170,170,type,start,Ferrellchester,least,environment,even
17226,188,customer,society,North Julianbury,audience,type,already
11790,685,customer,people,East Emily,agency,others,garden
17775,297,after,agreement,East Jason,improve,entire,sister
15215,981,ability,key,South Keithfort,subject,challenge,general
13073,98,center,not,Lake Christopher,activity,the,pretty
9460,74,whole,lead,New William,church,out,brother
17110,73,decade,prove,South Dianemouth,almost,quality,argue
13071,923,eat,can,East Robert,bed,plan,black
17345,859,degree,wait,Barkerberg,television,drop,benefit
10235,195,born,ready,Davisville,operation,center,itself
12990,229,movement,rise,Jacobfort,staff,language,amount
17653,751,official,performance,Joshuahaven,understand,cut,feel
10274,125,risk,home,North Kenneth,building,car,information
10680,147,generation,share,North Bethfort,range,senior,that
8904,381,why,prepare,Lake Angelaton,purpose,clear,walk
15237,372,thing,subject,East Austin,itself,they,create
16712,781,spend,name,West Jacobfort,both,structure,nature
10111,825,me,line,Cynthiashire,apply,Republican,bring
9767,591,something,speak,Pattersonfurt,of,those,major
11261,713,future,compare,Cynthiaport,dog,science,certainly
11091,798,agreement,fall,East Bradleystad,charge,skill,PM
15743,64,think,can,Holmeston,develop,far,style
9524,30,short,town,Brucemouth,resource,me,computer
13402,51,police,so,Salinasshire,he,hair,food
9548,249,research,sign,Paulmouth,way,garden,positive
15871,502,drive,eye,Lake Sandyberg,people,able,myself
12324,53,that,true,New Amandafurt,still,reveal,list
9678,564,understand,more,West Taylor,tree,outside,hotel
12815,579,final,item,North James,deal,type,evidence
17197,296,assume,nature,Harrisfurt,address,agency,floor
12621,965,necessary,difference,Kennethhaven,see,machine,support
12631,588,difference,play,East David,general,wear,method
17542,874,city,deal,Port Mary,agreement,region,activity
10199,276,sound,contain,New Jessica,research,stock,ever
12696,568,plant,international,Sarahbury,stage,anything,statement
17396,708,beat,knowledge,Robbinsshire,bad,bad,sure
11665,534,case,exactly,North Paula,law,hit,term
13675,959,card,while,South Gabriel,which,kind,stay
9386,108,clearly,inside,Lake Stephanieburgh,box,sense,left
10290,282,live,generation,Beverlyshire,part,newspaper,management
17846,691,better,opportunity,Port Jamesland,before,use,yet
9167,217,green,newspaper,South Gregory,establish,member,involve
12259,953,his,everybody,North Mariastad,side,relationship,receive
14422,36,along,minute,East Jessica,official,thought,change
9632,66,people,recognize,Clarkmouth,protect,television,radio
17714,797,officer,course,Moyermouth,from,institution,key
12861,505,likely,only,Wilsonville,prove,fast,interest
14029,418,collection,cell,Haasport,later,total,language
15754,336,believe,house,Tommybury,garden,away,thing
13930,108,not,white,Jonesmouth,statement,notice,play
10681,67,system,voice,Spencerburgh,listen,like,technology
15916,441,drug,edge,Adambury,along,agreement,also
16483,427,per,star,New Jenniferview,difference,house,house
13082,789,bill,still,East Dennisview,reveal,morning,store
17584,142,condition,character,Moniqueside,those,take,item
11054,134,might,store,West Jeffreyton,suffer,media,foreign
14001,139,what,gun,Aprilbury,though,cell,yourself
13434,356,role,Democrat,Lake Scottville,item,meet,detail
14176,868,beyond,prepare,Christophertown,seek,soldier,somebody
15129,464,admit,owner,Christopherside,six,character,current
13479,986,direction,rule,South Danielburgh,expect,tell,kitchen
13805,366,they,full,New Megan,provide,blood,us
14064,564,manager,general,East Michelle,interview,hard,source
12271,735,quite,note,New Jeffrey,movement,I,really
9352,418,outside,father,East Lorrainemouth,surface,look,while
12305,793,religious,growth,Lake Benjamin,player,president,standard
13054,447,hundred,type,North Meganland,impact,under,news
15439,255,know,financial,Lake Donnatown,son,sure,knowledge
11921,509,worry,actually,Longbury,pass,traditional,fly
13730,874,many,stage,Stephenstown,order,face,hundred
11945,654,west,approach,Lake William,back,glass,cell
17694,444,decade,debate,West Adam,show,simple,side
13010,389,soon,us,Whitemouth,store,piece,respond
11419,670,home,lose,Holmestown,strong,increase,risk
14393,328,not,unit,Brownchester,while,fill,network
12425,172,treat,project,South Jenniferbury,save,should,improve
9036,46,here,miss,Ortizfort,against,become,cold
16653,550,ready,usually,Harringtontown,leg,admit,better
10728,743,kid,have,Lake Scottstad,wind,group,church
11814,619,vote,any,Robertshire,information,to,station
12102,850,detail,box,South Rachelberg,left,theory,vote
12884,480,evidence,source,Lake Travisport,nothing,senior,network
10031,705,purpose,common,Port Michaelborough,use,community,blood
9049,772,sound,before,North Amyport,father,moment,whatever
12339,431,in,spend,New Wendyberg,likely,down,new
15661,50,yes,himself,Port Tara,pass,conference,everyone
14521,997,early,seek,Lake Ryanville,service,ahead,guess
12897,34,hard,will,West Matthewland,audience,Democrat,guess
11748,434,brother,this,Leestad,finally,want,blood
15974,584,mind,area,East Emma,laugh,husband,your
11453,373,ask,manage,Barrerahaven,low,activity,body
15736,101,fact,safe,East Deniseside,now,consumer,force
12951,993,store,actually,West Jennifer,high,agency,nothing
12204,203,beyond,simply,Mendozafort,still,language,example
9896,85,quickly,wear,Parkerburgh,deep,let,dog
10454,897,left,son,Stanleymouth,same,price,case
17550,813,reduce,world,Timside,glass,nearly,anything
11897,458,history,dream,Roberthaven,but,identify,woman
15815,170,although,international,Lake Laurastad,ground,gun,themselves
11900,480,boy,section,Bradville,after,mission,sense
13296,346,soon,could,East Martinstad,series,five,room
13513,35,agreement,receive,Nelsonchester,total,talk,policy
16881,155,charge,because,South Robert,into,while,easy
16863,849,voice,keep,West Jessicashire,attack,certain,whom
15946,522,end,watch,Butlerton,ability,land,leave
17305,448,product,cultural,South Karen,two,left,cause
17755,520,such,table,Carterton,town,produce,commercial
8914,621,dream,development,Jeanneport,size,and,note
13063,994,shake,position,Erikaport,knowledge,church,meeting
9332,829,company,other,Cynthiaberg,deal,candidate,between
12160,188,forget,movement,Port Marcusport,southern,beyond,among
16682,228,fall,north,Lake Paulabury,list,analysis,act
13707,12,heavy,long,Rickymouth,director,area,never
10123,47,class,animal,North Brittany,goal,respond,until
13914,735,no,door,Walshhaven,better,carry,leave
10989,607,southern,want,New Justintown,door,against,would
10579,202,and,environment,Barbaraburgh,popular,decade,back
17309,293,beautiful,make,Lake Lisaport,quickly,mother,marriage
9737,4,lay,democratic,East Ryanberg,design,realize,effect
14710,412,very,cultural,Hernandezstad,baby,factor,while
13544,134,arm,cause,South Geraldmouth,mind,true,live
12055,939,tonight,walk,South Anita,law,single,serve
17163,610,open,modern,West Joseview,investment,I,add
13784,314,away,no,New Amy,indicate,season,cell
13205,575,hard,enjoy,South Tracy,heart,work,push
8936,665,sister,kid,Christophertown,college,back,none
17513,596,push,since,Deanville,employee,commercial,force
17416,403,way,hard,Laurieside,view,perform,key
16426,520,door,tax,Pattersonland,record,officer,sell
13066,128,shoulder,local,Lake Lindsaystad,hour,meeting,there
9645,691,political,result,Whiteport,for,debate,attention
12520,898,quickly,thank,North Robertstad,might,little,discover
17518,926,window,will,Hartstad,early,usually,information
17081,14,people,perhaps,Millermouth,star,improve,always
11583,237,run,pass,Clineport,since,speech,phone
15285,584,agency,consider,Port Melinda,already,control,wear
9520,340,though,model,New Donna,trial,century,spend
12749,154,away,bank,Lauriechester,character,room,sense
13739,863,understand,receive,Pricestad,let,form,need
16189,85,task,charge,Davishaven,ten,draw,whether
16025,366,your,reason,Transide,space,network,treatment
13108,143,could,recognize,West Melissaside,wrong,tax,work
16811,875,world,even,Dixonside,town,tend,candidate
14200,605,baby,speak,Mcmillanfort,identify,hot,opportunity
14413,409,least,social,Josephville,front,type,move
12397,221,between,Democrat,South Mary,at,matter,major
14812,837,military,school,Kathleenhaven,lay,local,myself
11734,976,that,none,New Heather,cut,adult,tend
17303,421,major,off,Morrisview,already,focus,magazine
13162,819,reduce,else,Jeffreystad,yourself,product,vote
12175,181,figure,prepare,Lake Whitney,number,player,trip
11346,416,for,hit,Caldwellside,for,evidence,amount
16155,53,medical,many,Wrightland,sort,benefit,occur
17870,334,so,court,South Tracy,dream,western,buy
15825,56,organization,major,Sheristad,stop,remember,dinner
13378,280,these,identify,Port Stephen,federal,environmental,other
15866,852,public,easy,Timothystad,represent,concern,add
14725,148,involve,ask,East Samuel,along,history,ask
16296,26,hold,a,North Barbara,build,bank,of
13867,655,development,list,East Jenniferburgh,also,keep,democratic
9732,142,cause,manager,East Catherineshire,sort,sell,off
10829,236,stage,field,Greenburgh,property,least,degree
11870,730,travel,nor,Garciaport,force,game,machine
9168,771,low,performance,East Jasmine,since,test,difference
15781,804,purpose,while,Brianstad,trouble,woman,father
15298,898,listen,admit,West Brenda,discuss,tonight,prevent
16479,862,ok,because,East Davidstad,down,fish,organization
14145,784,majority,parent,East Jasonfurt,nearly,truth,situation
12711,101,central,tonight,New Sandra,training,name,decide
16679,401,door,Mr,Barrettshire,specific,color,trade
14406,775,kid,theory,West Ashley,memory,song,report
13569,300,admit,cover,Barrettmouth,call,family,home
17277,956,benefit,tax,New Chloestad,data,production,majority
16591,211,seven,somebody,Donovanmouth,mention,end,prepare
16592,990,score,threat,Brennanport,three,measure,join
12873,632,music,end,West Davidberg,maybe,short,white
17185,717,staff,wish,Perkinsburgh,learn,too,strategy
10350,345,child,remain,Williamside,building,serious,store
9365,816,compare,commercial,Port John,inside,realize,cover
16551,747,market,beyond,East Sean,produce,pressure,prevent
10196,439,upon,we,Francischester,trade,cover,themselves
10481,834,build,to,Tonyland,matter,home,pick
11425,686,sing,house,West Nathanielton,southern,institution,make
16845,941,agreement,top,Tamaraton,hundred,eight,black
11782,400,arrive,marriage,Ashleytown,third,lay,after
14893,116,type,very,Calebmouth,set,season,second
16736,198,into,according,Pearsonview,second,method,fill
11836,983,write,nothing,Lake Sherry,thought,project,research
13054,384,dream,practice,Stephenmouth,hour,gas,recently
11586,100,itself,test,South Jesse,relate,sure,well
17342,203,debate,amount,Simsstad,official,public,such
17863,94,his,become,East Thomas,writer,occur,read
15521,947,fund,concern,New Susan,wait,tax,picture
9356,345,outside,hour,Bryantshire,likely,bank,evening
10943,82,end,owner,Lake Patricia,from,community,increase
14462,954,easy,involve,North Shannonshire,become,exist,itself
9571,352,attack,huge,Lake Jasonhaven,response,bag,other
9616,985,song,road,Port Michael,knowledge,couple,attention
9969,523,simple,sometimes,North Richard,have,likely,generation
16163,31,amount,break,Graystad,so,each,build
16824,345,ask,wind,North Donaldtown,would,work,authority
12783,205,door,lose,Port Markborough,imagine,heart,garden
10350,895,size,throw,West Amandaview,stay,determine,house
10043,792,task,build,Bakerville,including,all,city
16574,798,perform,over,Lake Misty,development,purpose,pressure
15131,263,investment,write,Mckenzieview,resource,red,knowledge
15808,38,employee,a,Meyerchester,continue,pick,people
9938,946,task,note,South Lauraport,a,name,sing
9145,832,nor,its,Port Jennifershire,week,law,stock
12541,290,draw,someone,Lauraland,suddenly,parent,American
8991,932,focus,support,Wallsmouth,second,place,power
8822,186,figure,task,Samanthabury,soldier,light,little
16479,174,class,upon,Christinetown,others,rise,oil
10505,627,crime,close,South Samanthaport,off,individual,today
10155,265,quickly,act,Charlesland,news,way,something
9856,366,type,social,North Adamfurt,themselves,sort,population
14463,36,want,health,Lake Thomasfurt,audience,fall,despite
11026,463,management,kind,South Angela,former,space,democratic
11557,598,describe,air,South Cynthia,state,ability,something
12110,116,this,contain,East Thomas,consumer,policy,ground
14232,799,social,oil,Port Oliviahaven,low,sense,with
14211,318,new,wind,Lake James,here,condition,every
15372,699,method,star,New Tracy,difference,significant,feel
11992,359,behavior,see,Perezborough,this,down,recently
17110,684,audience,language,New Jerome,set,your,stock
15044,657,instead,capital,Michaelfort,effect,southern,dog
11437,150,everyone,economy,Port Jaredfort,American,smile,talk
11628,357,western,stage,New John,future,happen,lot
15505,7,among,own,Sarahville,national,administration,military
13047,668,black,friend,North David,left,summer,during
16450,885,administration,left,Zoeburgh,now,surface,impact
15720,216,situation,officer,North Kevinborough,yourself,them,significant
14026,974,dinner,dark,Robbinstown,draw,none,win
11826,695,cultural,long,South Christopher,with,individual,game
13959,242,political,hold,North Victoriaport,outside,admit,keep
17055,132,yourself,speak,Johnsonberg,time,security,imagine
11745,957,group,together,Port Thomas,across,take,family
15424,470,cold,establish,Amyfurt,consider,focus,perform
16955,711,paper,but,Jenniferbury,seek,each,song
17299,975,end,purpose,West Lesliehaven,next,mother,improve
14493,880,fine,before,Kathyfort,business,carry,work
11112,85,gun,citizen,East Amyfurt,onto,explain,shoulder
12970,698,ever,sea,Cummingsville,production,challenge,thus
16926,218,head,letter,Kellyport,prove,most,onto
10122,487,remain,live,Taylorshire,large,art,scene
9543,498,agent,so,New Mario,mission,nothing,hold
14451,75,black,top,Lake Lisa,such,father,whole
9250,204,class,computer,Ewingland,reason,evening,so
13846,989,town,animal,East Catherinemouth,trip,model,occur
9590,798,least,him,Gonzalezmouth,movie,value,stock
13027,123,nation,during,North Crystalshire,all,project,message
17357,67,audience,maintain,Matthewview,partner,mention,community
11682,746,crime,list,East Justin,nothing,century,material
12343,289,democratic,story,Sarahberg,approach,available,mission
16236,355,bar,turn,Frankville,provide,mission,position
13649,684,understand,room,Port Amandashire,movie,increase,argue
12852,723,member,spring,Francisfort,buy,six,book
11843,923,large,who,Doyleberg,population,natural,base
11881,198,inside,computer,Lake John,recognize,president,range
14204,600,sing,skill,Buchananmouth,first,possible,live
17702,484,wait,product,Kyliefort,vote,enjoy,section
9469,735,mouth,spring,West Donnahaven,within,end,my
10688,514,notice,concern,Howellmouth,study,from,yes
10905,533,suggest,kitchen,Davisbury,authority,to,show
13251,807,see,brother,New Mariastad,already,song,issue
13139,2,start,likely,North Clinton,including,democratic,none
10358,241,central,upon,South Albert,fast,face,clear
13494,282,figure,crime,Lake Meganborough,seem,evidence,or
17228,861,know,growth,East Kenneth,professor,deep,factor
13839,823,movement,get,Port Ashley,only,school,pass
13096,456,add,religious,Valdezberg,response,current,write
9447,395,personal,Democrat,Jimenezstad,Congress,tonight,despite
16558,248,case,line,Mcdonaldmouth,decision,support,try
16994,768,natural,front,Christianbury,whole,gas,us
14878,426,skill,entire,New Stephanie,per,support,now
9890,54,amount,guess,East Cynthiatown,sometimes,ever,last
16774,793,big,since,Christopherview,avoid,smile,class
12300,532,actually,opportunity,East Isabellahaven,phone,during,a
11584,567,each,blood,Watsonview,hope,more,board
13723,55,stage,place,Griffithberg,outside,floor,military
16488,688,quite,body,Lake Staceyview,difficult,recognize,water
9848,56,whole,anyone,Kimberlyland,black,bad,very
14862,648,fact,bed,Port Jeffreytown,almost,father,glass
13156,686,could,without,Prestonchester,oil,glass,usually
16366,650,whatever,several,Loganton,provide,improve,value
11915,965,put,build,New Michaelberg,represent,either,you
13478,365,goal,material,Port Tracystad,main,trouble,note
13179,725,through,fund,Amandafurt,every,read,myself
8939,65,staff,say,Reyesfort,represent,foot,so
17201,480,successful,vote,East William,program,son,audience
16377,354,draw,education,Reidland,partner,they,score
12606,174,city,total,Kimberg,about,phone,fish
9481,632,although,modern,Lake Sarah,over,sort,hope
9409,387,third,budget,Ballland,sit,town,human
13847,747,point,adult,North Vickistad,turn,need,song
13171,170,line,his,Prattmouth,least,rather,what
15404,696,group,their,Petertown,move,bring,cell
14075,335,few,young,Georgeport,land,free,must
15572,199,little,campaign,Garciaside,system,possible,both
11998,595,return,effort,Port Melissa,both,reduce,left
14847,556,treat,score,North Savannahburgh,you,force,model
11261,819,analysis,price,New Connormouth,you,actually,his
10829,92,as,adult,East Margaretborough,office,truth,stop
12437,768,us,ten,Malonebury,player,pretty,decision
15516,548,pattern,product,Lake Christianborough,both,around,difference
14493,608,pick,concern,Lake Curtis,pressure,person,small
15179,157,themselves,month,Orrside,after,direction,model
16269,422,hair,wonder,Abigailbury,entire,accept,building
14415,977,boy,rather,Stephenfort,lose,operation,read
14361,430,interview,moment,Port Bryan,around,financial,century
17585,201,edge,true,Danielleton,region,subject,product
13383,164,executive,about,Lake Jamie,evidence,amount,black
10552,989,walk,well,Weststad,resource,it,child
15335,841,near,sell,Caitlinborough,speak,opportunity,eye
16479,869,until,around,Lake Michelefort,nor,ball,go
16633,893,play,modern,South Christine,Democrat,process,far
13194,137,budget,experience,Port Heatherfort,number,society,treat
17338,11,may,yet,Floresland,development,where,than
9309,203,well,do,Mathewsmouth,about,prepare,option
16008,255,particularly,air,Mendezville,someone,sense,result
14067,120,phone,need,Aaronland,I,loss,concern
15596,57,country,respond,Joyceside,five,head,benefit
15337,430,tree,necessary,Haileytown,green,smile,both
10506,800,analysis,follow,Stewartberg,new,after,myself
16182,203,build,less,Port Aaron,chance,want,they
10187,263,appear,write,Sheenastad,choose,government,represent
16652,887,wide,woman,Port Charlesfort,fish,discover,drug
10445,975,stock,if,Dayton,simple,recent,there
15435,483,task,peace,Lake David,general,buy,team
10355,725,street,nearly,Aprilhaven,rate,meeting,yet
13634,732,hear,cost,Ryanshire,three,set,bed
14221,807,capital,take,Richardland,certain,unit,skill
12978,849,year,sing,Andrewville,remain,present,toward
10850,365,nature,artist,Cookchester,back,outside,however
11906,701,change,expect,West Alicia,several,maintain,create
17281,350,body,sell,New Kevinport,memory,rather,environment
10907,257,clearly,late,Jonathonland,board,market,prepare
16227,819,girl,trip,Jamesmouth,message,improve,cost
10983,920,Democrat,government,Thomasborough,ago,give,effort
17636,340,determine,national,Lake Mitchellview,remember,system,interesting
16620,37,window,reason,North Kellychester,picture,receive,condition
9849,367,feel,reach,East Michael,raise,ready,director
15600,739,break,central,North Deborahton,light,production,television
14264,558,speech,actually,Theresafort,real,strong,painting
10752,756,there,should,Lisashire,drop,law,especially
15577,47,customer,government,East Kaitlinshire,scene,wait,former
17033,926,mother,whether,Adamberg,down,affect,officer
15815,762,bill,manage,Lake Andrewville,myself,form,career
14714,736,season,relationship,South Dustinfurt,no,night,question
15983,270,good,page,East Brendafort,onto,cover,political
14688,736,site,agree,South Stephen,draw,case,today
17405,608,between,buy,Amyshire,food,level,customer
15892,923,follow,threat,East Michaelview,a,none,remember
14443,816,thousand,lead,East Melissa,point,true,against
16136,956,board,charge,Cathyhaven,join,appear,speak
13629,44,PM,business,West Henryfort,child,perform,sound
14010,540,form,computer,Riversborough,city,experience,name
13696,108,fund,stay,Reyesfurt,word,it,with
10595,313,help,out,Edwardsstad,thousand,get,young
17818,752,its,media,Lake Joseph,citizen,audience,begin
10306,103,indeed,animal,South Laurenfurt,sign,door,effort
14698,16,apply,marriage,Port Frank,forward,size,hear
13361,98,science,standard,East Joshuafurt,trial,admit,already
16990,74,stop,account,Jessicaside,spend,garden,region
13798,84,price,wonder,Glorialand,writer,for,live
12933,215,soon,control,Cameronburgh,never,laugh,thank
10399,121,save,either,North Brianview,ever,own,quickly
16953,375,heart,maintain,Sharonfort,just,tonight,system
17550,142,majority,dog,Joyside,director,try,exist
15758,539,investment,whole,New Coreyview,federal,have,because
11782,625,season,lose,Thompsonstad,government,in,miss
17859,586,thus,song,Terryhaven,movement,job,soon
10719,188,yes,cause,East Donald,summer,administration,likely
10801,927,course,peace,Lake Patriciaview,word,space,meeting
12131,283,base,soon,Molinafurt,over,land,what
10532,200,price,ability,Heatherton,central,history,west
17800,124,international,necessary,Househaven,avoid,law,pretty
12635,422,effect,down,Hudsonport,seem,fund,particular
17462,323,everything,hour,Vegaland,understand,return,unit
12903,199,here,organization,North Ryan,market,memory,blood
11777,151,music,officer,South Amber,decade,hope,car
13900,68,admit,strategy,Taylorfurt,final,reach,oil
10042,104,kid,growth,Ryanfort,rate,five,minute
15021,526,short,rate,Christinaland,remain,actually,series
17284,512,health,future,East Devinside,fly,travel,job
17335,45,peace,trip,Simmonstown,very,response,perhaps
10276,609,activity,you,New Robertshire,sing,month,word
17089,16,heavy,specific,East Olivia,growth,man,our
10980,350,I,friend,West Manuelchester,first,different,hospital
13949,454,project,role,New Donna,but,government,relate
16938,254,character,page,East Patrick,opportunity,offer,possible
13213,988,dark,compare,East Brianmouth,city,increase,first
17710,421,water,later,Danielleview,attention,continue,service
10722,88,instead,color,New Lisa,even,piece,after
11352,919,art,blood,Alvarezchester,early,call,power
12527,461,should,million,Allentown,again,cell,bank
11625,258,sit,soldier,New Cory,community,data,air
14237,665,country,face,Bradfordborough,city,accept,describe
10100,503,off,help,Rileyland,car,win,charge
11243,614,future,weight,Snyderhaven,suffer,where,face
16230,294,off,after,West Mikeside,issue,history,week
10553,815,project,stand,Melissachester,they,campaign,be
15586,702,wife,day,Ashleyview,popular,consumer,far
12392,818,significant,animal,Mariahtown,defense,close,interest
11780,74,economy,view,Port Jody,fine,part,southern
9390,636,force,red,Haleybury,pass,sometimes,main
12113,61,use,good,Joshuaburgh,style,tree,chance
10939,515,get,treat,Jenniferhaven,now,training,play
10784,297,turn,reflect,Floresberg,north,large,opportunity
17249,522,anything,card,Lake Cindy,beat,fly,system
10345,281,hour,hit,South Georgeview,shake,opportunity,force
12148,494,about,leader,Hayesville,sell,west,party
15967,158,author,yard,West Coreyborough,century,change,address
12319,101,often,force,South John,fund,raise,compare
12492,522,body,election,Josebury,production,weight,wear
15484,913,general,fish,South Roger,give,avoid,a
12153,580,edge,half,Allenport,produce,standard,day
16400,387,available,might,North Alyssaburgh,example,court,feeling
13687,427,identify,argue,Port Christymouth,live,stand,hotel
9544,984,woman,last,New Tyler,film,condition,win
17777,913,practice,dark,Wilcoxland,kind,cover,collection
13208,534,surface,though,North Cameronfurt,major,while,another
17064,58,situation,such,Anthonyville,anyone,treat,onto
10976,719,those,analysis,North Tammyfort,someone,parent,star
8863,484,on,watch,Port Ericaville,reason,law,nearly
17452,76,member,all,New Ashley,yeah,worry,year
15438,704,after,half,Raymondton,draw,smile,community
13289,108,speak,difference,New Tyler,together,reason,scene
9554,330,himself,trial,Hollandborough,difficult,soon,history
17001,713,make,environment,West Jeanettemouth,body,war,same
15635,113,anyone,something,Johnfort,security,opportunity,focus
17700,909,think,anyone,Ricardotown,heart,son,while
16999,317,policy,deal,Haaschester,surface,lay,line
10275,600,your,condition,Dawnborough,up,PM,happen
10592,616,usually,toward,Linborough,allow,also,become
13109,924,organization,front,Patriciastad,wait,special,such
13509,509,his,surface,Lake Matthewborough,after,change,close
12552,79,town,us,Jonathanview,stage,around,light
17383,635,development,maintain,North Jadeberg,person,father,interview
13031,930,hand,network,Aguilarchester,hundred,girl,raise
15220,67,meet,off,Lake Chelsea,form,government,wear
11368,952,lot,drug,East Heather,be,capital,interview
9661,407,information,why,Wrightchester,box,military,chance
10620,640,board,the,Annetteborough,recognize,travel,develop
16843,198,show,doctor,Langport,above,begin,recent
13624,852,various,trip,Lopezburgh,system,heavy,need
17041,90,control,control,Michaelland,friend,throw,sister
10247,3,unit,line,Port Matthew,new,resource,operation
15559,662,window,film,Lake Samantha,ball,sign,safe
11422,270,language,adult,Rileyside,less,media,rest
17726,186,ten,way,West Jasonton,crime,each,former
9855,695,several,travel,Lake Cassandraside,third,line,less
16262,397,compare,artist,West Jasonmouth,improve,allow,left
12862,792,chance,city,Lake Judith,see,stuff,still
15932,777,about,good,Port Maryshire,read,end,morning
14385,254,she,instead,Lake Charles,economic,your,purpose
16901,513,citizen,work,South Kathy,red,indeed,remain
10412,392,man,particularly,West Mary,hit,put,provide
9849,776,number,drop,Port Patty,middle,stage,above
12618,185,trade,PM,Lake Allisonview,have,forward,great
16433,204,all,ahead,Paulstad,how,under,return
13213,421,music,change,Moorefurt,yes,contain,body
8911,983,where,reduce,Hodgestad,challenge,nothing,eye
16801,942,rich,put,New Seanview,sing,product,seem
10926,446,phone,just,Lauraton,box,impact,someone
14086,131,could,suffer,Tinaside,especially,agree,beat
8858,828,west,late,Lake Christina,hotel,should,indeed
13589,604,who,body,Connorton,month,forget,standard
10831,554,control,score,Wrightmouth,near,line,authority
10056,917,clear,less,Diazshire,others,cell,bit
15444,176,support,choose,Bradfort,security,nation,data
10832,278,attack,show,Aaronberg,necessary,year,race
9519,7,information,billion,Port Christopherville,time,recently,evidence
11279,484,go,as,South Jessica,child,experience,huge
12133,586,despite,perhaps,Fullershire,herself,bit,own
15115,171,kitchen,each,New Kelly,her,true,arrive
12803,927,conference,power,Jamesfurt,worker,early,build
17113,15,she,security,East Scott,allow,floor,modern
15839,204,pass,yes,Johnbury,successful,current,section
15712,257,within,individual,Connorchester,teach,mission,social
10631,770,doctor,ago,Morrismouth,arrive,west,forward
9975,112,game,write,New Garretthaven,week,out,strategy
8828,48,even,employee,Danielhaven,education,tough,unit
15122,85,price,former,Carlosborough,off,discussion,stock
10306,495,item,avoid,Michaelfort,record,happen,force
15117,493,notice,either,East Amy,center,fast,activity
10333,972,thousand,happen,Carolinebury,focus,stuff,study
13929,796,year,because,Nathanielmouth,investment,future,little
8857,804,financial,act,Benjaminside,poor,second,machine
10889,290,say,box,North Albertberg,develop,finally,before
9621,790,already,despite,Mitchellview,former,leader,wife
14402,180,old,manager,West Melvinshire,arrive,deep,every
17930,522,home,student,Donaldport,moment,send,necessary
10834,130,summer,position,Brianburgh,trip,do,responsibility
8851,222,your,site,East Meghan,marriage,dinner,rule
13321,932,wish,kind,Port Donna,idea,strategy,region
17208,939,range,there,Lovechester,executive,article,night
13553,367,trial,against,Nguyenborough,forget,education,door
13628,566,arrive,safe,Burkechester,Congress,figure,upon
12340,15,generation,eight,Newmanburgh,southern,debate,participant
10549,635,cell,too,Jenniferberg,example,manager,pay
17245,458,smile,page,Lynnchester,cause,international,way
17344,41,now,base,Lake Kim,new,set,through
13393,924,loss,produce,Gravesfort,sure,risk,receive
12720,334,economic,action,North Daniel,then,speech,morning
12660,559,language,me,Brittanyborough,myself,final,sense
17268,823,us,mean,East Patriciaburgh,news,sound,PM
13371,638,themselves,market,Ramosview,send,help,either
13019,316,political,successful,Mcguirechester,money,letter,vote
17493,239,price,remain,West Sherrymouth,almost,reason,color
11425,939,assume,week,Reneeberg,sign,peace,small
15247,230,reason,truth,Port Kathleenmouth,yard,year,water
13338,138,quality,hope,North Linda,rock,character,himself
17443,536,order,decide,New Natalie,president,exist,agreement
12587,742,much,test,Jasontown,chair,industry,pattern
14674,134,scientist,admit,East Victor,next,glass,understand
11875,681,detail,scene,Penafort,sport,might,research
12632,238,human,respond,North Michaelburgh,best,how,trip
17219,32,air,agent,Heatherstad,thing,standard,development
14615,579,themselves,job,Howardburgh,must,main,really
11274,895,fund,song,Lake Lauraburgh,election,collection,follow
12172,422,discover,news,New Catherineland,miss,born,speech
17956,226,authority,she,Davidshire,small,western,success
14087,567,above,glass,Jackfurt,should,mother,better
14653,464,no,plant,Fisherfort,area,you,event
14692,937,less,station,West Christophertown,agency,certain,environmental
8847,516,court,man,North Michael,detail,pretty,until
9685,877,likely,you,New Josephfurt,choose,education,include
9684,293,language,audience,West Markport,minute,audience,in
12560,311,local,structure,West Hollyport,purpose,whether,fine
10018,749,pick,full,Port Taylor,may,note,standard
16805,954,among,similar,West Justinport,least,audience,begin
16777,421,several,story,North Joseph,owner,easy,hospital
13064,771,human,however,North Larryburgh,degree,compare,these
12441,336,argue,soldier,New Jennifer,test,before,there
17613,988,call,stage,Tylerfort,probably,deal,explain
13717,565,lawyer,experience,West Virginia,debate,foot,case
13553,566,law,meet,New David,service,trial,pick
9248,159,control,eight,New Danielside,source,decision,never
9835,947,able,theory,Obrienstad,certain,get,which
13665,434,sit,where,New Steven,really,cost,medical
12589,314,happen,we,Melissachester,good,especially,whatever
16121,934,rich,reason,North Chadville,figure,reason,government
11369,69,country,live,Mariamouth,center,talk,hour
13692,491,serve,free,South Jonathan,view,possible,Mr
13737,318,player,often,Lake Melaniefort,toward,up,building
16700,822,early,decide,West James,alone,fight,none
12256,984,down,direction,New Kyleton,class,shoulder,use
15888,216,light,class,Wilsonmouth,experience,hope,yeah
14090,249,hospital,only,Johnsonland,mission,million,respond
16800,805,modern,down,Tylerport,detail,or,although
16918,954,write,popular,West Caroline,benefit,simply,above
15091,487,life,billion,East Julieberg,seat,economy,produce
11751,899,condition,clear,North Jessicaside,do,try,technology
11769,555,deal,blood,Lake Patrickport,quality,Congress,impact
15717,168,draw,conference,Matthewstad,must,work,necessary
14272,697,Democrat,word,Norrismouth,Democrat,bag,north
9086,325,take,give,South Nicole,wall,reach,tough
17221,710,where,gun,Coxbury,measure,science,staff
10146,22,theory,activity,Georgeview,daughter,pick,food
12423,63,team,in,South Sabrina,as,Mrs,people
17344,780,sound,answer,Cantrellchester,be,wrong,if
13713,635,also,mouth,Cainland,year,low,Republican
13437,997,piece,yard,New Brandonhaven,activity,along,important
11627,118,different,bar,Perezview,instead,poor,we
12237,567,officer,miss,Estradashire,control,production,run
11084,790,world,away,South Theresa,six,positive,movement
10163,590,room,word,Knightstad,care,already,media
10183,554,why,everything,Andersonhaven,film,minute,business
16331,178,need,role,Brianfort,myself,program,view
9616,786,interesting,later,Andrewside,prevent,beautiful,oil
10798,923,far,choice,Lake Jessica,first,mind,quickly
15349,794,try,main,East Gregory,accept,near,story
12418,516,live,year,North Pamelaburgh,should,protect,go
16186,875,career,try,Lake Randallborough,sell,direction,list
15890,84,quite,stock,Port Carla,short,knowledge,huge
14219,370,son,already,Parkerbury,increase,occur,other
15664,529,deal,not,New Heather,share,run,population
13230,244,likely,scene,Michaelport,develop,budget,administration
12747,900,trade,improve,Ballardtown,meet,along,capital
11593,800,picture,strong,Hartshire,talk,give,weight
13748,939,much,season,Williamstad,year,structure,teach
12774,623,recent,reason,Nicholaschester,deal,yeah,available
16288,913,sport,describe,Lake Caitlinshire,these,piece,everything
12708,667,explain,whole,Port Alexandra,especially,edge,forget
11166,295,before,such,Lake Daniel,under,word,above
12513,870,spring,blue,Johnsonchester,throughout,real,tell
12221,582,company,office,North Anthony,fact,yet,some
11216,411,sell,certainly,West Danielle,child,my,heavy
12466,95,give,sell,Smithmouth,imagine,strategy,side
17595,962,drive,cause,Elizabethfort,imagine,service,environmental
16278,567,hand,star,Richardsonborough,might,peace,southern
10731,13,civil,race,Smithville,standard,security,hair
14512,841,should,rich,Averyfort,bring,reason,defense
13818,888,black,arrive,Ronaldland,drop,talk,side
8962,553,election,soon,Luisland,eight,response,himself
11681,246,win,thought,Vangside,concern,difference,lead
12637,348,eight,ten,South William,along,believe,main
13595,849,sure,reach,Port Chelsea,defense,activity,television
17052,647,response,nice,New Evanside,top,possible,water
12112,894,minute,action,East Ronaldhaven,administration,upon,writer
9699,726,arm,their,Lindaton,yes,nature,reflect
9490,953,sport,administration,Shepherdville,type,perform,many
15932,666,toward,work,Lake Connie,treatment,reality,impact
13779,720,charge,reason,New Nicholasville,act,smile,identify
12856,587,effect,war,Batesview,near,behind,make
15512,158,research,from,New Matthewhaven,add,develop,describe
9653,637,force,six,East Kimberly,fund,throughout,me
11257,422,kitchen,collection,Miguelborough,enter,speak,area
13651,194,evidence,all,South Christinestad,upon,walk,human
9513,415,society,hand,Shanechester,similar,expect,those
11862,966,inside,wear,Lake Jackieton,stay,simple,always
13019,357,eye,matter,New Deborahport,reality,front,ball
13853,932,shake,able,Mckenzietown,establish,fill,nature
10530,868,listen,capital,Derekview,process,onto,field
11133,436,attorney,goal,North Derek,leave,rate,lot
17164,827,strategy,college,Lake Megan,every,whether,college
16654,769,success,explain,Destinyview,artist,culture,small
15803,252,put,west,Lake Jacob,so,suggest,role
16173,880,seek,generation,Port Cindyland,address,realize,everybody
12179,51,now,capital,Mcculloughport,stock,support,recent
14549,811,pretty,visit,New Timothytown,Democrat,station,remember
14925,280,leave,speak,Rebekahmouth,street,myself,continue
12957,470,ok,can,Lake Michaelhaven,sometimes,training,as
13148,778,identify,next,Hudsonhaven,before,do,off
9133,556,charge,state,Jenniferbury,social,age,society
11516,271,always,wind,Matthewmouth,discover,help,poor
16540,566,large,head,Jonesmouth,truth,event,campaign
15384,308,result,among,Rebekahfort,report,popular,find
13427,710,difficult,anything,Melissaport,kind,listen,ability
13864,744,threat,choice,Donaldmouth,benefit,hold,wrong
13433,291,win,start,Port Maria,there,their,throughout
17359,324,president,fill,West Christineside,paper,thus,town
12365,17,budget,same,Lake Colinbury,cover,career,professor
11441,278,attorney,send,South Alicia,themselves,statement,less
14568,88,high,yet,South Amy,bring,miss,number
12881,534,third,service,West Maureenburgh,similar,pattern,coach
16651,638,man,must,Lake Madison,force,view,shake
17232,143,war,general,Lake Kevin,rise,single,decade
15291,78,occur,myself,Lake Danachester,leg,knowledge,but
17118,895,ahead,while,Joshuaburgh,subject,its,natural
16216,59,century,miss,Jeffreyville,capital,cultural,upon
17799,473,water,dream,West Rachel,dream,right,activity
11668,581,player,mission,Amystad,purpose,person,eight
16795,236,think,despite,North Denisetown,others,on,night
10693,563,paper,exactly,Pattersonville,join,rich,about
15231,660,usually,huge,Ramirezport,identify,indeed,imagine
9119,290,culture,crime,Ashleeberg,news,pattern,bag
9604,226,take,nice,Mullinsside,television,kind,allow
10012,377,sing,loss,New Tyler,sister,guess,guess
12731,917,fire,kitchen,Port Mark,little,can,owner
11833,999,black,friend,North Christopherport,despite,successful,structure
8918,360,probably,improve,Alexanderburgh,and,lot,over
9300,231,meet,industry,Edwardchester,left,focus,more
10600,315,today,management,Christopherfurt,effort,go,issue
9403,291,themselves,weight,East Yvonnechester,under,parent,smile
11804,644,reveal,reflect,Kathleenberg,identify,three,example
17507,948,challenge,huge,Pattersonfort,even,three,middle
12429,964,expect,ability,South Samanthaland,simple,environmental,conference
12035,537,but,area,Johnview,discover,myself,thought
10992,492,able,big,Smithberg,democratic,choice,information
15985,704,should,meeting,Smithville,board,according,toward
10415,969,agree,page,Coxside,Republican,concern,animal
12239,811,few,together,South Justin,go,owner,at
16379,663,anything,season,Williamfort,personal,mouth,almost
14279,844,what,author,East William,subject,benefit,fine
9459,176,during,concern,Schmidtfurt,recognize,enjoy,of
16912,762,play,could,Barneschester,from,military,born
10547,641,guy,author,Codychester,must,our,fight
11702,94,approach,stop,Jamestown,ago,kid,fall
13926,249,phone,hospital,North Jasonside,customer,heart,positive
13686,519,night,rise,Lovebury,production,beat,evidence
10537,629,skin,name,East Johnbury,little,day,outside
10424,799,only,mention,Pamelafurt,then,increase,challenge
14435,716,realize,surface,New Jasmine,member,system,we
15924,390,hope,both,New Maria,account,civil,note
17905,40,learn,expect,Williamsside,history,source,buy
13773,980,mind,no,Daniellemouth,value,experience,place
15451,96,design,garden,West Saratown,front,light,century
10300,14,seem,learn,New Heatherborough,operation,wrong,perform
16728,305,truth,company,Thompsonshire,check,series,news
13111,719,subject,score,North John,book,really,space
15077,934,term,throw,Thomasfurt,cause,voice,out
12624,496,choice,huge,North Zoebury,run,should,people
10234,165,stage,piece,Port Andrea,success,full,around
17431,684,under,hear,Stephensonview,score,movie,view
11409,738,ready,grow,Hatfieldside,matter,challenge,already
12144,889,nation,game,Kimberlybury,Mrs,industry,rate
17849,365,show,second,Thomashaven,structure,big,bar
11994,769,fine,customer,West Holly,little,involve,call
17040,660,than,professional,Jamesbury,baby,force,under
9303,94,stand,not,Port Jonathanton,approach,art,everything
17725,559,movement,second,New Edward,present,conference,around
14896,86,anyone,history,Stephenfort,before,church,coach
14662,412,student,dog,New Hollymouth,bank,bad,let
9142,972,along,thus,Joshuaburgh,him,executive,approach
10330,711,six,cold,West Michaelville,what,improve,choose
14177,924,good,medical,Port Jeremyberg,education,little,join
14721,380,let,speech,South Victoria,leave,perform,role
14487,945,significant,laugh,Shanestad,through,quickly,respond
14908,342,help,space,West Matthew,read,lot,over
13672,215,education,dream,Lake Victoriaport,often,people,research
14588,276,born,season,Hornehaven,interview,no,beyond
15292,383,there,such,Port Victoria,hair,beyond,reason
11357,38,risk,focus,Lake Paul,point,step,unit
16036,175,economic,hot,Allisonfurt,during,exist,century
11396,322,off,local,West Sharon,director,pattern,any
12238,295,discuss,spring,North Joshuaburgh,huge,natural,start
13181,539,material,best,West Katieland,system,ever,likely
15996,595,soon,push,Port Markberg,face,simply,positive
9745,841,industry,environment,Mitchellchester,apply,carry,really
11296,213,notice,story,Nicoleburgh,only,account,late
10469,770,use,of,Port Annside,throughout,image,thus
11359,926,around,practice,Pollardbury,between,keep,also
8835,109,art,fast,New Jennafurt,seven,continue,part
10366,399,later,laugh,North Stephenland,million,discussion,the
12835,508,culture,me,Jamesville,spring,whole,adult
11221,182,friend,more,South John,seven,director,financial
13540,979,management,challenge,New Davidfurt,his,notice,hit
9524,816,raise,opportunity,Andrewshire,together,south,training
14070,1,necessary,central,South Alejandro,at,air,fast
14776,654,old,time,Justinshire,major,party,start
16047,16,debate,physical,Jonesberg,spend,describe,perform
14758,44,decide,charge,West Jeremy,actually,nation,affect
11933,67,fish,paper,Richardton,radio,trade,cover
10925,503,buy,spring,North Jason,crime,laugh,newspaper
16901,43,medical,outside,West James,no,green,stay
9747,669,when,know,Mcdowellfurt,out,yard,if
10707,937,soon,meeting,East Dana,central,stand,bed
10114,686,who,environmental,New Kathryn,region,final,six
11451,560,on,mind,Danielview,individual,trade,follow
11179,215,ok,arrive,Lake Karen,happen,house,image
13981,783,management,coach,Brownland,hit,attorney,reduce
11847,148,myself,newspaper,Port Evanton,white,more,usually
13023,703,much,party,Timothymouth,significant,pattern,watch
9149,287,pass,part,Sextonport,name,help,while
8888,280,ability,reveal,Lake Jasminetown,simply,choice,choice
9228,899,second,home,East Amber,decision,field,among
15117,384,cause,represent,Andersonville,son,debate,quite
17423,46,case,want,Williamsshire,Mrs,fact,bad
13485,57,partner,finish,Davisport,understand,someone,reach
15724,319,smile,can,Lake Kenneth,there,total,size
10323,751,glass,pull,North Baileyport,none,start,effect
16673,161,idea,quickly,East Kaylaville,seat,assume,foot
10601,38,minute,ten,Port Michellestad,build,goal,might
14500,166,continue,everybody,West Pamelafurt,wait,least,senior
15766,691,red,then,Amyport,break,serious,now
12769,935,discuss,audience,Nicholasmouth,ever,camera,table
14313,848,why,know,Kathrynberg,pretty,site,factor
11081,243,former,future,Lake Michael,work,claim,player
16201,847,save,role,Lake Ashley,billion,me,person
15549,912,magazine,recent,West Christopher,piece,body,bank
9782,61,whatever,special,Matthewbury,nor,name,difficult
15720,234,southern,policy,East Roberttown,within,section,huge
17193,707,two,behavior,North Lucas,hospital,nor,theory
12034,21,already,race,Port Sharon,deep,lose,describe
15261,703,reduce,north,Mclaughlinland,right,old,unit
11302,795,section,serve,Anthonytown,radio,soon,magazine
10541,948,charge,direction,Michaelborough,subject,share,whether
9556,501,allow,tax,North Davidmouth,guess,hospital,become
12765,352,democratic,power,East Roberta,serious,thought,effort
10062,996,she,major,Geraldmouth,son,reflect,word
16589,742,raise,actually,Williamsmouth,more,specific,conference
14660,72,about,total,Mercedesview,amount,small,discuss
10774,38,expert,politics,Mooreside,hot,behavior,order
17289,922,group,carry,Georgeville,child,sometimes,need
17697,534,tax,what,Gibbsland,after,hope,few
10192,276,dog,suddenly,West Jonathan,since,look,take
10243,612,work,shoulder,Amandashire,room,wall,indicate
15041,674,add,test,Vazquezfurt,vote,kid,edge
17839,836,defense,drop,Peterfurt,without,my,explain
11077,339,I,center,Jasonshire,fear,candidate,easy
12746,375,six,film,Nealberg,society,ago,site
15725,451,agent,whom,Deleonhaven,street,general,air
13120,209,trade,agent,Samuelville,establish,enter,debate
14848,803,on,event,Port Jasonview,clear,goal,radio
11439,938,piece,company,Port Jeffrey,green,computer,read
12289,143,example,book,Paulfurt,government,evening,fine
10994,554,future,economy,North Jessica,close,strategy,second
17572,890,official,focus,Jonathanmouth,late,stay,citizen
12624,108,source,success,Lake Laurenmouth,south,audience,young
8932,757,with,even,West Jacobton,system,poor,represent
13877,774,room,number,South Aaron,deal,fall,about
17751,540,for,apply,Mccoyberg,money,wall,sign
13455,9,long,exactly,Baxtermouth,everyone,serve,crime
11551,166,follow,knowledge,North Robertbury,discussion,side,give
15866,799,page,too,North Kristine,conference,before,return
14581,10,experience,everything,East Chris,top,move,make
10707,977,student,whose,Jonestown,build,anything,usually
12644,731,laugh,happen,Scottfort,green,final,travel
9987,636,service,open,South Paulfurt,significant,detail,sense
13788,172,interesting,news,West Michael,bank,history,unit
11325,420,citizen,national,East Connieshire,car,white,son
13866,792,call,million,Elaineburgh,hospital,oil,reality
13692,277,himself,fire,Port Ericmouth,act,who,enjoy
10113,522,example,skill,Warnerville,use,head,run
14921,401,letter,something,East Shaneton,hotel,everything,effect
15970,997,road,evidence,Patrickville,realize,single,model
16187,644,level,hospital,Kimland,night,picture,century
17933,784,contain,paper,Aprilland,play,road,next
17929,799,hair,service,West Richard,save,unit,seven
15754,861,as,point,Charleshaven,there,religious,study
15418,277,lose,many,New Courtneyfort,whose,thus,notice
15259,501,section,daughter,Hillborough,focus,wife,speak
12603,418,goal,lot,Catherinetown,second,rise,candidate
16620,153,so,far,New Mark,ever,laugh,fall
14993,559,us,stuff,South Ralph,later,popular,degree
8847,662,study,war,Holmesburgh,opportunity,because,increase
9284,961,mouth,really,Port Melissa,apply,doctor,agency
16304,36,case,tell,Port Jonathantown,sometimes,always,recent
15547,841,short,follow,Port Alexanderburgh,special,as,let
12971,482,room,culture,West Marie,perhaps,suffer,seek
11434,984,believe,scientist,West Donaldport,same,apply,you
17217,815,somebody,popular,Port Joseph,culture,operation,still
17358,777,last,fear,West Debraville,speech,question,mother
13790,38,better,feeling,Lopezhaven,carry,model,there
12178,228,able,point,Curtisfurt,choice,enter,able
16964,574,someone,wear,East Ronald,very,let,industry
12648,694,at,feeling,Russellshire,challenge,accept,record
10273,670,eight,manager,Port Stephen,campaign,total,dinner
9866,638,prepare,near,West Ashley,hundred,eat,threat
14997,69,hear,natural,Herreramouth,position,although,list
15011,56,statement,number,Spenceport,trip,billion,everyone
16103,83,certain,much,Jessicaberg,blue,really,talk
12389,922,large,if,Lake Davidbury,by,beautiful,staff
9126,6,know,soon,Tamarafurt,do,wind,serve
14349,801,consumer,more,Melissamouth,amount,budget,event
13887,754,big,career,Port Feliciafurt,new,explain,pressure
15315,258,about,business,South Deborah,tough,Republican,management
12203,117,unit,boy,Martinville,base,perhaps,party
12169,659,husband,control,Robertmouth,sense,paper,course
10347,256,sound,view,Stephanieborough,reason,growth,prevent
15108,245,toward,this,North Wandafurt,although,real,important
13014,931,style,rate,New Nicole,husband,issue,sell
10484,121,song,perform,East Kimberly,idea,far,attorney
13880,161,scene,mouth,North Cameron,Republican,simple,listen
9128,211,hair,book,Meyerhaven,treatment,benefit,consider
14956,487,development,budget,Cookshire,choice,strong,write
13723,788,expect,write,Lyonsburgh,just,daughter,perform
15472,270,enough,foot,East Brian,second,debate,support
17968,502,describe,true,Elizabethmouth,go,keep,nation
10930,557,their,statement,Port Darlene,ground,board,decade
16228,429,image,vote,East Randy,stuff,activity,off
13191,143,physical,resource,Boydview,now,treatment,unit
14137,807,lot,grow,West Evan,future,company,without
9995,42,deep,shoulder,Lake Richardmouth,meet,difference,television
9796,246,discover,talk,Jonathanmouth,experience,large,local
11926,262,glass,enter,Williamsborough,everyone,who,item
15090,325,employee,trouble,Port Meredith,understand,maintain,animal
17962,663,decade,road,Port Angela,well,sit,anyone
10806,295,thought,stock,Ashleybury,cell,performance,law
11011,658,produce,knowledge,New Dominicberg,side,born,listen
15424,480,he,beat,North Joychester,which,hope,article
12091,266,development,community,Swansonfurt,gas,those,issue
16368,290,single,instead,East Hannahport,national,suffer,research
12190,195,shake,benefit,Freemanport,director,figure,middle
12324,683,other,wonder,Stanleymouth,appear,determine,forward
17041,935,scientist,somebody,Gavinshire,explain,station,nor
14281,812,maybe,husband,Lisatown,number,hand,throughout
15282,251,tree,mouth,New Markmouth,loss,majority,practice
8828,556,quickly,we,New Michellestad,act,more,economic
15930,214,parent,with,Careyberg,check,into,last
12898,676,kitchen,look,North Rebeccabury,main,week,direction
8882,974,white,war,Davisland,course,drop,project
9373,140,movie,force,Davidville,seven,provide,sure
9850,635,lot,citizen,Lake Stefanie,improve,actually,suddenly
15313,85,common,expect,East Amanda,shake,industry,body
10780,931,tough,decide,Robertport,song,simple,will
11832,501,employee,tend,Port Clarenceside,common,activity,serve
16449,971,body,hear,Stephensland,tonight,huge,study
17516,436,board,letter,New Tyler,policy,live,goal
15517,285,market,itself,South Michaelbury,what,everyone,tax
9453,221,movement,age,Graceport,short,call,thank
14872,350,professor,past,Stuartstad,firm,great,both
9339,752,national,camera,Jordanport,happen,recent,moment
16478,209,behind,wrong,Staceyburgh,ground,act,campaign
15343,867,life,enter,Stanleytown,four,course,story
11123,948,why,instead,North Nicole,land,art,character
9243,339,take,than,Joshuatown,but,recent,ball
13048,14,improve,much,West Christopherfurt,thousand,various,no
8914,539,age,blue,North Christopher,argue,manage,daughter
9458,380,opportunity,arm,Brianchester,arrive,property,major
17814,492,score,school,Lake Elizabethfurt,with,price,quality
13677,496,play,peace,Lake Craig,really,concern,trip
12161,138,east,reality,Tylerhaven,nature,draw,during
11837,912,case,fine,South Jason,gun,usually,reduce
16240,740,beyond,fly,Port Katherine,past,mean,be
13721,843,sort,force,Washingtonview,voice,home,wonder
15707,393,begin,charge,Lorifurt,force,treat,issue
16099,735,seven,pay,Huffville,upon,make,church
13617,961,skill,maintain,North Deborahland,page,take,shake
14853,220,by,summer,Port Kellybury,state,focus,only
15991,885,play,speech,Arthurmouth,if,inside,guy
17796,189,land,community,South Sherryfort,something,science,politics
10284,546,difference,say,West Casey,many,effort,notice
16821,59,if,begin,West Heather,success,concern,important
15976,57,field,field,East Larryborough,evening,heart,general
11687,38,authority,property,New Eddieland,care,step,ball
17265,903,me,election,Thomasfort,natural,church,source
14817,424,traditional,Congress,Madisonberg,to,particularly,raise
14340,664,push,charge,Garciaport,increase,marriage,top
12200,392,close,five,Normaville,effort,other,energy
9325,848,since,before,Carlsonville,main,night,development
11940,638,for,above,Melissaberg,movie,hand,run
15364,40,believe,general,Reesefurt,realize,college,feel
17353,661,American,analysis,East James,create,old,group
17895,232,almost,or,North Diana,yes,experience,talk
11281,857,building,decide,East Ericmouth,share,evidence,quality
9715,822,treat,someone,West Tiffany,thousand,us,energy
10893,949,technology,audience,Munoztown,send,through,quality
17557,622,section,food,Colefurt,save,large,single
15818,88,half,clearly,Port Teresaland,clear,too,million
17254,582,dinner,only,Houstonborough,energy,act,town
16181,335,culture,able,Brendaport,word,have,share
15273,377,television,contain,Lake Brentburgh,try,discuss,day
11593,839,special,risk,Angelamouth,international,ago,well
11245,331,decide,many,Davidstad,method,market,design
12380,577,affect,arm,New Jacob,production,character,feeling
15936,274,should,magazine,New Anna,six,those,sport
9765,222,consider,once,Christinefurt,go,add,better
17406,208,thing,prepare,West Samanthaport,child,quickly,song
14259,493,stage,piece,Bushstad,drug,skill,particularly
13985,744,herself,because,East Jordan,respond,receive,build
15159,798,chance,beyond,Nancyland,base,record,draw
9039,240,why,professor,Marshallborough,believe,sign,hour
13262,865,court,difficult,New Robertmouth,candidate,interview,listen
10201,788,relationship,ahead,Jonesfurt,PM,language,stay
17577,776,idea,deal,Annatown,ground,laugh,industry
16733,206,fish,civil,West Juan,American,partner,despite
9179,327,morning,simply,Wendyside,serious,attorney,one
9312,685,full,speak,East Clintonland,surface,certain,bit
8864,313,accept,oil,Lake David,last,quickly,house
14028,803,political,common,Kathyhaven,worker,audience,director
17175,389,decide,miss,South Rodneyfort,weight,piece,smile
14590,568,realize,traditional,Port Donald,type,note,certain
16897,982,anyone,hold,Lunaland,remember,building,instead
10705,253,each,moment,New Hannah,west,hot,past
13380,465,statement,court,Turnerstad,travel,bag,among
16853,827,age,wear,Port Austinborough,smile,bed,course
8933,643,civil,system,Reynoldshaven,likely,central,social
12349,720,door,fight,Justinburgh,group,garden,size
11967,169,take,amount,New Mark,ability,name,set
16114,140,rule,huge,New Jason,process,simple,fight
16309,7,within,bit,New Jennifer,toward,small,learn
14716,628,similar,right,Larsonbury,instead,television,arrive
17306,448,themselves,raise,Emilybury,you,about,realize
13249,377,the,article,Lynnstad,brother,pick,however
12961,806,audience,politics,West Jasonberg,gas,late,hair
9064,775,evening,black,Cookshire,respond,water,nature
11062,511,sense,pattern,West Michaelborough,will,too,wear
11915,623,election,price,North Michaelshire,describe,fish,across
13375,342,go,ball,Susanview,against,blood,prove
11541,432,final,consumer,New Chloeland,three,meeting,car
13094,936,fund,necessary,Robertmouth,same,how,she
11100,920,red,upon,Stewarttown,family,however,window
10745,66,time,candidate,New Michaelland,century,operation,me
11230,344,itself,line,South Andrewstad,level,camera,beautiful
17548,752,none,it,New Cassandra,any,how,him
17558,658,expect,lay,North Brad,allow,mean,provide
14908,96,high,politics,South Patriciaville,smile,south,ask
8982,648,adult,bring,Huertaland,director,including,political
16632,400,around,television,North Kennethside,election,save,live
11156,662,dinner,theory,East Melissa,three,consider,as
10348,695,eye,against,North Brianside,budget,response,unit
17391,903,similar,research,Caitlinshire,try,task,girl
12415,517,course,security,West Paigeton,while,end,fast
11817,854,central,strong,West Jacob,fill,skin,despite
15611,528,during,team,Ryanhaven,civil,window,newspaper
16169,992,worry,alone,New Kenneth,happy,general,sense
14786,789,movement,now,West Aaronchester,task,fill,miss
17014,835,sure,include,New Rebeccachester,play,same,prepare
13620,603,group,city,Payneville,dream,day,understand
10175,273,company,hot,Port Morganside,something,artist,mission
16436,789,idea,resource,South Lisachester,yes,local,I
9643,414,art,situation,Lake Briannastad,Republican,vote,among
16791,789,generation,technology,North Alexandra,choice,mention,down
11742,833,effort,act,Stephenmouth,feel,everyone,return
12581,804,stock,popular,Lukeside,red,prevent,particularly
17282,16,value,best,Georgeland,go,room,often
15351,808,continue,forward,Port Michelle,season,Republican,compare
10069,875,listen,leg,Pamelaburgh,clearly,weight,accept
15753,710,door,audience,Hayesfurt,far,speech,sense
11470,577,give,pay,Rachelbury,blood,happy,article
17139,553,phone,wind,Stevensshire,change,day,conference
10184,15,event,cover,Lake Robert,question,people,stuff
13467,928,present,phone,Nicoleport,single,attention,party
9272,591,clear,wait,North Markville,become,summer,accept
14079,667,new,issue,North Johnport,more,close,along
10189,645,kitchen,try,New Brittany,Mr,day,reveal
8954,718,part,positive,Stoneborough,mission,movement,traditional
15951,944,officer,something,Lake Alishatown,important,real,modern
14351,486,soldier,same,North Susan,side,wide,impact
13342,348,speak,boy,Lake Phillipburgh,avoid,practice,score
10377,418,tell,region,Robertton,choose,factor,respond
12187,896,time,film,New Christophertown,play,evening,peace
14841,151,section,growth,Jonesbury,within,firm,fact
12716,419,civil,recently,East Derek,senior,one,glass
15936,246,so,reach,Hernandezshire,they,mission,operation
11923,187,perhaps,during,Amandaville,wait,lead,avoid
12098,647,address,fill,East Loribury,individual,brother,research
14564,595,opportunity,team,Doyletown,figure,cover,soon
9434,180,although,their,New Kendraburgh,response,wish,purpose
13462,251,five,power,South Sheilahaven,leader,sea,guy
14660,496,theory,interesting,Lake Jasonfort,success,change,they
10481,661,reduce,little,Lake Shanetown,no,teacher,change
9318,518,face,how,Colebury,consider,hand,central
11014,782,enjoy,hour,Jonesbury,fight,ten,themselves
13099,787,notice,career,Lake Jerry,hold,research,who
15931,258,total,discuss,Brentchester,world,everything,ask
11077,353,protect,former,Kelseyfurt,enjoy,help,while
13577,574,likely,card,Bradleyland,her,better,big
13525,864,condition,vote,East Lorraine,character,resource,interest
14171,913,thought,society,Leslieville,enter,develop,wait
11246,794,set,catch,West Kelly,avoid,establish,water
17960,586,daughter,take,South Barbaraland,coach,matter,result
9827,981,space,though,Port Morgan,every,main,though
12059,284,defense,this,Alexandriaborough,system,child,development
14391,389,expert,pull,Garrettbury,five,anything,crime
15256,545,able,together,New Michael,third,owner,family
13820,997,art,born,Scottfort,movie,center,it
9210,67,send,role,East Janetview,past,tonight,high
12011,287,new,lawyer,Evansport,police,be,use
16701,63,house,rest,Zacharyshire,finally,effort,she
17719,874,great,owner,Lake Marcus,cover,upon,article
9592,770,next,own,Luischester,red,of,happen
11397,846,economic,provide,Freemanstad,reach,kitchen,point
11791,599,sell,study,Kimberlymouth,consumer,mention,picture
10450,417,maintain,job,New Kylemouth,purpose,song,worry
16805,862,popular,such,South Austin,center,seem,culture
17133,286,usually,certainly,East Vanessafort,piece,agency,attorney
13051,159,maintain,TV,Millstown,generation,far,court
16772,12,miss,few,Port Roberto,reveal,hear,probably
9840,1,much,trip,Kariland,second,free,decision
11797,196,sure,trade,Collinsville,tonight,thousand,law
14888,862,benefit,impact,Port Johnland,evening,by,pattern
12129,903,central,high,Mooreton,step,character,produce
8980,77,trouble,do,New Ryanshire,draw,body,wall
13993,722,series,head,West Paulatown,it,beyond,chance
9351,79,choice,value,Morashire,assume,green,moment
11538,511,six,finally,East Heidi,morning,everything,ball
15821,257,society,cover,West Patricia,source,determine,quite
9138,766,series,want,Ayalastad,bar,ok,wonder
15527,644,money,identify,Port Kimberlyville,a,bed,protect
14038,640,simply,into,Lake Sharon,its,everything,third
9308,807,media,trip,Bradleyland,wonder,claim,ten
14891,85,do,second,Port Juliehaven,recent,course,her
15102,172,five,in,Sototon,despite,television,choose
13832,339,role,subject,Amyton,threat,each,though
15997,713,big,concern,Andersonfort,prepare,sit,step
14736,888,worry,without,Lake Lisa,team,color,door
14930,137,decade,dinner,Robersonburgh,best,bad,born
10760,124,strategy,huge,Victorbury,sport,show,thousand
9503,663,now,run,West Josemouth,international,himself,likely
15161,108,term,response,Port Jessica,I,either,possible
12253,8,far,car,Lake Courtneyshire,machine,special,up
