1073,2952424
85972,13467436
85483,1706794
77390,9834666
25003,431090
43136,11349120
56734,15949762
24620,4836760
64695,11054522
49909,10020649
59165,4797853
77087,7788847
51348,7884394
78736,9595920
67943,6745212
34995,6008448
72809,775416
93049,7188349
20180,14993245
99677,14860062
51552,6362561
15265,13387088
72737,16656743
100867,2542967
84490,9204998
35227,3713867
54686,547037
16482,12467775
63945,10643897
59412,2746536
100375,14846831
47667,3609109
52049,4246325
14965,9952761
71918,26070
24176,9501727
17693,12547070
54819,12734224
39014,7580260
82640,13119229
54317,15754765
1262,6815645
29983,7351424
15072,10372157
46115,10778588
75860,2834026
79797,14234363
50826,9349424
4389,12175527
101823,8141050
54459,12384210
61881,2238752
69187,6772560
39970,4738192
88618,10264833
33415,10040645
91485,8755748
60836,7802261
3544,8762067
71633,16456731
13821,16323033
59547,14625780
61982,10797638
25881,13800970
34227,11206771
79391,8813487
94542,9444665
16921,3674346
32424,7035790
64384,15124553
53621,16008706
73147,12893534
4703,747195
95204,11616940
88215,1102920
70927,15976473
19521,6115432
1139,1595822
48666,13125266
96113,8224792
27327,1318616
13678,14640412
65212,16261230
67638,11595905
98416,5734997
44924,13070547
65328,3311003
10320,8057987
16723,6016880
27604,4255300
16045,4598046
26824,684681
82685,9287186
76033,14036096
97856,1046448
5585,3784416
64890,756941
1382,14738700
39700,15831522
33207,5915346
1994,6218350
2499,2449200
58307,5781123
4609,7981670
67581,13731152
97865,4083748
73407,8132174
89891,7204900
77334,12050553
45981,5736436
64282,7256198
36256,10850632
65484,12620319
58557,7450213
55455,11812922
26280,10788676
17963,12056876
97362,8873568
1010,12979262
9774,13863526
86078,6814175
23840,10506391
99080,14695889
77784,4389195
51511,74505
7095,1133998
56914,9510991
65254,15326038
46187,7132445
65764,6830816
89527,14742198
12601,341967
69464,13555991
86412,14804431
87362,8356489
11639,15386108
12832,10707340
58906,961471
42395,898076
43706,13852269
43930,14728972
6408,5594356
44774,5879294
55324,8821908
18739,7560910
51133,8590621
95273,16726910
9606,1497749
18551,16630266
51705,6005796
23335,7721309
72515,3048226
46341,7269323
34365,6126777
59103,15825224
51965,8125625
77339,14047536
14751,13614868
30520,11051438
67826,16521058
19812,13150619
78751,11754795
51226,11387090
78301,4081844
90223,1386977
99496,8155414
83905,10611249
1892,9682804
81590,13619975
61209,14466541
96634,3374056
86326,15286509
103792,14332661
76957,5999569
92642,8345696
28599,16327603
43013,13667997
14160,1828243
63176,5325223
4222,8469629
35971,6474664
91318,4518484
60308,13088969
15522,8073731
17065,5004217
17537,3865214
78034,10774469
15924,1454788
86677,13914503
65104,12069329
6776,9475597
43069,16699707
24623,3138359
92863,9961854
85402,2189618
86932,3315478
87848,16300216
34115,4187375
38914,1899852
61748,12914253
92611,12089821
54429,10283075
44407,1549020
55776,11788281
45408,5543983
58383,1358117
14214,11140120
34259,6981778
73292,4025846
56394,8489002
16164,16295920
22959,12057936
99192,15097536
20462,15431926
47860,8980882
99329,12234917
44466,6836762
28717,11687164
40761,6377950
6031,6137016
65842,11383859
13209,2092866
2377,3273133
68981,15790117
38121,9528111
72963,9644197
81998,15019644
75281,1930843
62325,1313143
16101,10444855
8400,1821612
7193,7622825
87051,9279636
7633,4341030
52880,15748050
41872,450309
92713,6502468
28194,1899657
74443,118654
22420,2542088
76694,1466492
67105,3244681
86003,6337314
56958,9544235
29416,14277508
58094,3233981
50013,10620316
44411,2790159
79522,12921063
29751,13187850
96209,7249718
57187,5674952
62576,4315090
67428,11684814
70579,405336
46193,7989261
14929,5407352
8514,3019496
48514,14220310
67090,4999363
4700,3153984
63899,11468162
23031,1915057
34903,7622403
80425,6366858
71817,10791582
94281,15042064
49333,10260919
5413,8906457
41593,16488886
71191,11544967
87793,12892043
32586,1111953
11375,2194428
8547,7084111
25653,13256423
28539,5699613
97898,13848468
78496,13351639
87766,13224603
12307,1421877
19668,5656176
7917,6555378
48383,11931424
1890,13305037
61013,1087719
66078,8171290
16702,11046617
83325,4632862
74699,6444767
18685,14098010
27225,2463128
38794,12718527
9490,7284521
40886,11170729
45253,10384169
17690,1273800
83870,3825140
48199,14465014
21503,13254344
58669,1978752
16819,931025
41470,7719442
56304,4285338
33150,533361
28075,1296478
2868,5068985
57596,12108960
91278,14292761
65998,12626141
97691,5717956
57151,10344218
76137,515038
70144,653057
73797,3204634
35495,14259137
45694,6523756
39059,12265966
43843,6270738
36945,10081462
77562,8706910
83503,10931230
85222,4251570
74105,5550427
92518,6643413
44464,15256701
71016,15454727
59512,7745645
10448,6419824
18825,3491070
31251,4265144
85869,5103856
8943,13337122
80540,4977866
34991,14592440
85737,5171604
68885,5282858
70512,5595564
53989,12042506
3907,10295890
63107,2553952
95008,10703480
103960,15838435
8294,8797271
30190,13367885
88273,15323086
91327,10383641
63749,16654292
58418,15416726
10920,5698278
10467,11594450
38946,3288467
37421,14882173
102893,7240406
25764,3772020
70548,6127079
104356,10191256
70356,10585591
63927,3637221
67575,7880518
73012,10231095
44184,11776643
97506,13393084
80300,1908668
67588,14249752
16939,4661549
60102,9859257
70063,167557
66548,2930954
98566,2264893
33581,12573935
64794,16044444
84955,8381268
41556,7455562
41485,9620438
69800,7023376
63584,2054984
99684,6544560
90202,15588902
16013,13579000
65659,16250939
37418,10959390
69247,11649709
103981,6008342
82523,5616601
91688,631532
34377,2426488
23989,15890908
8323,16748302
73530,12700152
39529,4408588
103221,12403587
13224,1530486
58389,12205387
26678,664264
22423,1424246
92180,3008071
87394,4981784
4204,9737901
50632,1268765
61421,11893479
27038,11215999
59532,1051454
60552,15162259
66088,6351890
59464,14914412
77722,11038529
11653,11685649
42552,10055121
72921,12901868
98386,13133730
37995,5725266
70707,5057507
72667,7745467
10488,3236176
75668,10807564
2738,9613592
1608,6663064
72231,7652127
66192,16181840
50518,15443821
90373,11050674
10716,9467284
72749,13958895
16763,15986811
59176,9506991
17401,15552953
43908,2472564
97558,2772224
23506,4949534
94821,16561736
8436,2470952
25387,15303074
22079,9578731
1457,8009204
52254,2673840
5240,3159866
23187,10936310
101653,8013413
90454,12405141
24049,16716977
21198,6782800
252,10116578
4769,2191090
99767,10112865
35097,5354601
16499,15414684
33327,15718131
23315,4432595
51796,8797300
17798,3443020
76881,14848991
5772,2652882
43293,1727333
15800,9384100
18692,5908989
49187,10442196
54390,15123264
13435,1259131
103281,866122
68447,11699271
65410,1377564
71201,1643083
61787,12198017
38547,10110775
35601,8659205
19724,4158565
92130,6091498
40841,10864270
40065,12878986
93692,6151730
94441,7196938
34168,968276
47129,2630573
67026,628892
2680,4644037
103193,3729587
18173,13021685
18835,1457080
71814,772320
42696,2070458
50542,14164436
42456,8121766
75501,8387469
60022,3430638
96061,11007261
39765,7602264
70861,2367969
90892,7400292
40635,14916703
16838,2698941
92912,5731255
49782,16562499
99505,9668407
20787,8572187
18658,5165509
68699,14178304
25524,12838804
94464,11960125
45554,16646071
76650,4118054
89354,9057988
31235,3136226
6662,4410126
24427,7629394
32753,16080591
58951,13654277
46948,424240
9305,7892781
44567,15188715
102406,12139760
86789,9916750
42549,982063
54251,5649773
90771,16461053
76000,1517837
48054,10973294
58301,14201506
61551,13690083
96142,15188007
91871,11938967
8386,11230837
89972,10151311
28129,1327200
45781,6783345
61738,16333628
8917,4545350
83262,14139317
33184,5163746
36605,12651723
44267,9335392
56648,11461976
18146,9410301
92300,15082192
99382,7568224
27512,1420762
19639,3299412
55730,14248572
71258,15946094
31162,12985678
55742,5600119
38608,11832793
99222,6536935
36458,9578984
4801,10911964
4515,7334883
73056,5012805
76872,691634
34948,7581191
94681,15272174
16703,12605358
80268,4884303
9717,13667480
42538,10919575
3536,16482082
49096,2687111
60377,13053576
56381,11689518
19094,11453821
83190,8408848
65902,4090332
47057,337786
59858,8770239
59783,3990672
87697,15209005
60031,15608513
43813,9023915
61792,10436712
6668,11726017
5944,13384800
81019,4820570
3203,16771908
80969,11915495
30796,1055783
30415,3661923
1188,13555283
6384,8179211
21767,14554600
35776,10199750
80126,13127520
75213,14383826
6818,3535512
63969,8285551
100522,16064993
30041,7205504
28242,10257973
17966,11444781
22077,2680798
68330,4115932
87934,6533747
47191,494685
98258,9168333
54590,4851227
10643,5475486
73086,1217887
100122,16453114
38995,6546221
91441,10170875
54220,8274179
103376,11366267
41676,15652444
95798,1111463
58878,13190359
14387,8615604
91882,4558969
16377,3549668
97229,890507
53390,10417728
86426,14332742
26587,1410544
95455,10714279
9340,4600845
94181,4700861
87782,8219977
59466,7793370
95175,5689430
92812,12241383
80631,11858283
13685,12094412
12963,7870113
937,3912068
68968,9928741
78234,10493747
9053,140441
22158,8285335
23306,4324352
42754,10858916
60342,12757425
72184,15286252
81396,3175171
102773,4412462
15310,4010329
30648,13455242
27250,1768609
81209,632906
89949,4082573
10915,7843915
82527,15553957
36559,13257421
92705,6945212
40446,12551432
45315,5873353
38990,10055278
90547,11537019
94465,1885501
722,3401376
42852,11821485
74466,269291
39715,6274022
61586,5053860
38666,2185618
88874,11605682
101224,2192836
99019,4379312
38798,11954548
71858,12467504
89160,2993686
11073,1683457
95648,4220675
13245,3357080
49729,6032312
100187,16361408
3565,4000014
78434,9018030
340,13510714
103928,169122
14213,12142160
81783,15445304
48300,15827017
2912,12864451
98424,4536871
76307,12903979
41049,5540133
47873,6613813
62604,11091423
3593,8974727
17704,15016952
27406,2986241
40919,5782299
50168,9083618
54240,5235915
81015,4916330
101422,4398367
58864,10588144
19609,15351452
5621,16263717
93686,11340827
29298,7857075
14278,2839032
66635,14581442
96940,9235024
57441,4881995
66728,6675975
85388,8149960
15002,16576640
84872,8341754
37956,8065566
52998,10887739
43034,7940974
92354,10584831
88764,13559976
21658,7615581
90439,10934584
53438,3136638
21946,6627693
71429,15058570
90180,8753908
27830,15520121
55988,9564091
85462,4647967
76341,5729707
56314,12084521
100870,3820536
58526,448855
55624,14903567
60040,11177870
67793,10624890
1820,3810285
35990,9442722
41418,2715521
24679,13240275
26504,11331572
9101,14496878
86554,5565538
54388,13272460
63964,7200161
44606,13124848
101137,7232983
86130,7469930
84723,14140523
98067,1712409
15205,4704199
73449,5041299
26531,8486117
55580,3657098
49304,11911992
29976,10941255
94421,2577023
45238,10381062
8284,7897860
1163,5190379
24493,12518542
10799,11059079
16566,2186868
9017,12254745
45502,6750763
35966,215902
103836,6178820
47492,12924162
7460,4421042
13485,9340874
93684,5526326
19792,13691416
52022,10568911
74548,6577037
77434,3833672
51249,8635231
100913,7595242
6742,2934479
50474,6427909
69448,6058297
7018,14112284
84526,2884750
67345,6046203
90342,14198156
97176,170192
55438,15260073
86820,10565150
22500,11379213
52702,13396122
58054,6937034
25282,9820725
14277,12064429
40688,76310
57467,7962849
16890,15073214
72045,13187965
80557,7973964
2758,3518853
48483,2281703
96358,15251365
28276,5108261
779,13935024
90789,9062368
2012,11750164
48939,8442537
32567,13507576
93447,3952649
35302,1228976
19158,16064371
79580,7910902
28843,4424952
79761,6669503
18109,15351345
48955,9499592
8655,1146702
25747,2622324
49943,1642388
65403,3985363
61971,11781810
99255,1916037
10276,14492608
12695,41214
30098,13721172
99787,14967631
91355,15885416
34998,6446456
32227,5407495
53543,5657689
52745,2945531
82428,7897224
34044,14702985
31788,16216108
5972,1047864
1708,11643876
69170,3301196
10388,15688707
7112,9448247
101472,16509433
56819,7223640
83645,3422706
71002,16308427
7257,4949022
59231,2208761
13060,6304735
9817,2068608
86606,3229260
38950,1292798
47385,16628534
86601,9896941
92902,10287516
50464,6604650
9015,4149651
102910,13672240
45002,3819650
75998,8123732
100657,9903704
24757,1447130
13922,3151451
41684,13544681
69137,15365218
65127,5592125
45262,10169929
71116,12382232
67436,5358295
52282,942601
66451,1181891
39794,7850120
68290,3551019
57277,2217964
98185,4741022
69599,7188927
23040,12186532
103011,16569897
1110,3461396
69120,7914330
75517,1749912
56620,5714175
73720,13968657
2189,6145085
38924,15542231
33416,4732949
89255,11718320
29241,3481985
72524,6268975
60079,1736084
13405,5958694
91821,9574680
51591,5841997
94686,5554075
63491,16549751
80889,14133348
2583,5801437
22412,6317927
56910,7879714
45257,3643739
39561,1573704
64414,10913036
17685,9227604
11726,13334635
2380,12611266
48614,2475253
42090,15853499
59673,9532574
22493,10928081
67408,13951136
73764,3786435
18039,8537913
94267,3907752
85334,3566638
66082,3070032
5334,8195364
52,10716058
58778,1066107
44300,7567603
78422,7269349
76780,12258155
56957,13511876
6059,16391499
70657,16547183
17308,4773639
77904,1164695
55746,6939978
55372,13819788
1413,15303885
43807,6321682
33883,5233350
33087,11373175
46609,13792227
32237,10971266
4951,13249084
57176,12713470
2498,2569772
98335,8324791
77568,2892920
102222,2707669
47220,4284436
23700,9485681
97436,6283298
60578,81285
54015,1788829
24859,5793437
5118,16576010
37483,792775
24330,3909887
98836,12860257
70165,10499876
33330,15983704
39437,11657225
63607,10417220
76713,11953552
38926,10677900
43705,14770968
12518,14223783
86446,12258306
99273,5504373
22455,6325987
82462,2052263
14942,15747514
71982,13085878
88852,7569055
21289,12444986
100585,7509826
90645,11652742
90513,8428369
73660,12623906
91822,9904800
49899,368683
11642,3534777
46932,11214130
103750,15122870
27472,3450635
98938,12521927
86786,4178287
40460,15126481
95871,13790564
67786,15498983
95625,6023682
63380,14489444
4617,6229158
8730,12458246
21990,11418027
79620,10071316
11179,2557125
85147,8093619
89109,234104
46838,11694178
91673,1651352
21548,13918723
75288,3827406
98621,2586761
26028,8177396
13561,11161014
37500,15123870
77363,2943056
7242,11803911
84362,10583447
49288,15601958
25157,15778303
43361,1870446
27763,4410068
25739,2049595
49258,510486
104504,2929211
72339,15509876
97311,12934565
92271,15061526
87013,8501359
31390,318910
66991,10987175
18349,1216449
57922,13038865
82914,8038628
102658,4343095
36593,6145811
72420,9746197
79529,4959170
49178,10799582
53383,5876776
33093,9298246
12618,6687489
62317,14958610
42316,3424872
51920,9602812
28538,5137024
77323,5893643
82859,13798799
54080,5999771
92996,7612974
64690,6973390
66437,9938861
42357,14344099
97965,5989425
78610,14425621
18544,4199523
95021,12110179
87923,9695237
4128,9362675
68392,12129128
9581,1588772
92794,4854937
23511,16698665
87263,1730449
15176,5493796
8095,7635187
30934,149348
100767,1254447
73138,3787990
71,7882335
21308,16744742
12217,4250188
29103,2850231
63599,12035132
18763,6931101
57305,12169215
35534,15298939
86345,9990968
52925,3016045
89419,8306703
78522,16777876
66968,412153
65033,8436244
71133,5483905
74403,4632634
31380,9510488
74122,15617380
21466,15688300
52406,8921846
60893,5277152
32476,9213779
99425,4095446
14874,249696
61394,1568422
62904,3074474
4342,10824439
33485,13757749
15354,7611153
34572,16026595
17583,12933593
101811,10600645
62361,40768
79844,3556054
57362,7217463
63667,16166169
92828,7114668
79054,5031228
26648,12461943
44484,95487
46106,11097450
1938,7988914
52982,4054514
72722,14763276
22009,10693163
44654,16566673
87712,16593252
51517,15936778
13176,1199959
45682,7104860
9310,2343124
5398,3149627
93587,7829078
16637,13695634
19937,5389459
37301,11477660
26730,8375868
57191,15864292
62161,5744073
95004,5398162
72910,8356236
12520,10724089
20415,545739
102492,6361105
8234,7135978
85404,3595045
22321,59667
41624,7301684
2888,16321407
8708,15996693
49733,9789844
17716,16727886
21755,7195604
13971,8644435
40224,13734149
65483,6871001
27166,6275818
9315,1804863
79642,3985122
68128,4901635
19384,13966794
24640,16390870
36432,6807408
82815,838191
33647,2457943
41504,4392222
57456,16011929
100030,3144077
23459,9754859
4113,8122804
83522,7475735
36768,471492
44414,175427
100155,13518078
76554,3639222
70257,12891032
42902,16381148
68387,3208903
26773,9903290
34358,12955445
97564,10908994
46537,7657763
21734,16456514
6066,10791240
36341,12931774
96963,6588458
23297,8049491
91112,5731030
755,15869336
85697,12542507
67226,2366695
46972,1444316
26343,2667526
8612,14035176
102929,6837147
67928,2861268
79132,16740832
99716,4520162
41669,2021168
93650,3933166
85317,14860298
51159,11290139
13051,5827983
13181,13262669
46920,15274847
51636,13656907
99456,8680738
102814,11814078
27750,4557522
102285,2446315
48863,13681602
80459,11339551
88012,10615989
88124,7919918
103862,4700729
21883,671531
28117,16124599
67227,1068156
34400,3289595
71041,5224179
80823,1806659
84195,4258227
3695,4746225
38063,3167540
54067,6809272
50731,13999805
76192,10123219
97245,4572707
1718,2589625
5643,10707871
74743,6058524
35610,14524425
77936,10560865
13769,12460372
21485,11629718
37545,7398602
35803,5848474
97757,7526391
1278,14711381
12965,10140936
935,15809600
74187,4488325
69056,14918923
56411,3264622
54550,10818356
16018,10168732
22298,2643089
104086,11100612
103298,2401726
16958,15844962
32793,4307185
14189,7715870
101295,15265238
46231,4137314
24588,13455672
78443,2164758
20713,10604062
32986,16790007
53435,11124248
50915,13665572
76516,9017316
50170,1029603
6483,8484871
59462,9751470
85164,438411
80665,5689070
18774,15332874
25420,16384390
34827,16367848
79558,4208347
5395,3587242
76126,2785941
76387,7515403
104410,14688776
25492,3863905
95164,16027334
11027,384561
63328,1035912
33632,15252403
57761,12882769
88305,12715434
46099,9269931
71992,1890286
44136,13305271
6252,8598133
50647,10501048
63608,9634364
21276,1094002
58988,13968310
41842,527683
24630,134178
19638,12871113
66662,13938733
32829,11996855
1925,2834046
75782,2592384
61582,15989383
100276,14829798
89636,8295034
65946,753886
77755,14074833
95308,9256245
55277,11531632
24480,613283
8042,11521300
49121,2979441
39989,2184043
26159,19470
62740,15168928
87519,5225792
28460,8842695
103154,3364241
61344,15798328
65852,8517868
54423,6468926
74386,13709048
68889,7329340
28641,6722135
81828,12243894
50120,10051029
97836,9352706
13745,6664490
33382,3983000
31846,621070
74346,15239467
32981,1835424
24549,12172807
37315,11735384
43475,9959541
53909,5259266
7564,14437506
172,10764173
68368,9519094
5199,6240595
24305,5316955
64658,6168435
103489,3177454
38093,13198609
55926,15258042
36119,6099782
99708,7576473
58915,6863868
32766,8818287
44408,39964
25030,2913587
34453,1588705
99473,27482
27127,16048019
5341,15085963
51656,1217606
81558,858495
31670,1249475
27407,9095268
31055,8934706
30972,16423465
37805,12560840
24098,5559067
25587,15663002
62372,16623307
9966,6212033
34605,9674334
52135,15074403
14545,7070424
84929,3921336
62248,4535049
8135,15573491
88251,5994634
89857,12883852
86145,10263980
36,13809823
102470,15297198
81265,11458389
47533,1023265
71768,6215567
71401,15718777
102274,13869309
85292,16113867
29757,1344629
6885,14990764
3777,971830
36520,3642096
24909,14037534
98058,2648768
41797,8694417
60835,15350113
20151,3309492
80781,4998439
20324,1201410
29040,9841563
10650,4118468
83589,3259290
97424,14761748
65368,15148025
91000,11792832
29515,5778545
38566,14985259
58191,3979772
13694,11650177
75691,918303
67292,12163700
98663,10440846
82851,2284944
48993,9803789
35727,5424941
26005,11555555
89836,2419054
101273,4614614
34333,16731876
95891,8931439
80894,13184646
15831,2361891
87555,951451
98197,15365830
24462,8357409
27994,3102873
84907,2504426
18397,13671207
26653,7947028
9004,8244496
35808,503345
64526,11969943
13940,2038753
15353,10568179
6739,1580683
34876,5336411
62343,3866165
90398,4425334
58613,2471854
65487,12972277
17781,9792866
68208,3788566
73708,7952856
91893,2508382
64391,6931382
25399,10506296
92305,12195449
93251,11843965
56663,11288502
65687,8901967
86712,359606
32459,6321055
18643,14358349
26713,7165263
66721,9027894
104453,6787337
78851,9594139
84388,2560746
74868,13575575
84341,4807428
46935,12433039
81633,13715681
103676,10683648
607,6325732
61189,2975549
10756,5669189
55459,3927134
84830,16064431
92675,14831804
54948,7184301
90318,15200062
66152,4664448
64255,586618
80628,13622356
81031,15889272
10816,10126387
92166,14494641
79067,3183979
103312,14142738
67173,2608260
66508,923288
58885,5529015
39,7650658
1702,5519163
70307,13820081
506,14092932
77082,12452590
32410,3663619
21615,8750539
103530,2500129
27958,13650796
42403,9628936
54691,14155269
70101,616798
9544,6498249
63897,6279059
20926,6291778
51622,14642869
101749,5175541
54911,2103798
26421,5762810
67038,16510779
41408,3573180
102187,3340003
102444,16041263
72292,3795207
40857,278217
23546,8234495
66943,8393827
64463,9384111
87284,12435599
68455,14380861
45433,1665222
37115,4702416
20988,3586674
5576,8143884
62839,7165009
14377,14576775
21017,8546140
34424,9749189
25688,3754757
64738,5449478
74757,12883094
96565,797500
78962,14574880
14249,8701952
17092,5989380
44401,15636074
10503,16246294
50723,8805654
43790,10022145
16453,6184422
63795,11248125
54173,967647
45414,16315777
58660,1168122
75228,4521225
27562,14961220
70500,9641276
35415,2925258
53079,12196582
60860,6722447
21592,12507220
9625,930760
14311,12179286
18705,11695218
74963,14246773
1929,7512756
65334,2048486
84204,9924267
56159,5755342
64259,13049666
24405,9883746
76001,11078123
20994,8140429
37937,2798084
59841,10093938
96541,5874654
91989,16209919
16418,15815391
14087,9154870
95221,8395802
87864,15953506
92057,9503709
39621,10628700
100824,120735
17792,4621679
55286,4232223
67069,6482958
30857,1650341
65723,2573736
38441,4759429
97701,2025637
37455,15961509
54448,14754558
103390,5081771
5892,15128415
43708,5039957
49513,4720112
749,12664651
66854,6668879
81451,4836918
9648,4475413
18935,12530795
31308,9020832
63616,2691543
90890,1946474
100717,8344922
75428,13134383
46220,334735
18623,14666872
75870,14570495
40985,4040417
18878,11055930
35145,2503348
30809,13539402
99918,6598407
70624,10150762
12026,6385468
31038,4679427
61885,7087175
25009,12474029
49241,2207699
95347,8548300
77302,1730799
97954,16626043
59954,11726581
78499,3650774
16191,361431
104117,7462977
30956,3946194
37229,9812771
52075,2434220
17773,12804202
97122,14007773
14580,4306459
29354,16306649
70180,321268
70377,12240385
198,2703803
86856,4529116
8637,16307035
56336,5644081
16195,12797317
29308,12640364
59449,5567186
103087,14271718
45054,8057440
70077,13436295
74401,14628917
26795,12224350
61835,444831
3494,9619439
13808,9529579
76297,14298795
42158,14801567
60501,5037730
79174,7539727
28099,9307804
72473,9732777
23761,9814604
61932,3502004
50872,7414592
81578,11081845
70152,9770673
39899,625568
39505,5431550
60925,8483808
32792,10941294
31121,11803482
103787,15056561
56156,16390104
69895,11409387
58899,9976113
78070,7816448
75105,5390948
38269,16431426
95776,971607
66394,3011723
63988,1786997
60237,13263481
22375,3257298
10379,714141
42370,12736516
65136,5115292
89282,11190328
34878,14937970
100591,3459511
8814,4869213
64122,3749831
86355,7047510
57869,16579684
64706,2353837
42363,6417882
8264,5839804
12943,4386873
8174,577303
43725,13695924
45985,8645365
89331,15653135
1656,4732374
91544,11446220
17889,6377545
54038,5065450
67348,895722
57463,11143519
54707,857299
28800,1444716
27503,976809
43579,8285781
16729,12120918
83497,4766014
27792,9643381
34486,6099871
28458,15234894
84888,16459340
39151,13003463
38967,15184714
15003,6769998
5355,14367021
64546,13993428
68743,9045818
48049,471424
86665,12351408
38920,5769308
41812,6933088
23275,4956204
34336,8430166
70116,1198507
90731,7966602
79286,577543
71515,9822980
4381,6791824
38850,6176439
43799,888771
100033,2541938
56613,388766
102630,9628303
31720,10670641
37914,8735092
68670,12850509
9269,12804377
19238,2238054
25191,6066985
54780,9663342
103330,10210939
34926,14942470
57674,3838901
86648,3481921
59823,509010
25521,1605969
34471,14909508
99566,4862052
3847,15832986
7608,6341972
37821,9081611
12491,1869930
25831,11677802
10432,15873651
10484,11909641
99412,2471116
99892,14969875
5699,16035714
48348,8011214
6399,8718568
45368,1372087
13149,9798670
15545,4802869
81570,8072475
73265,15396317
60433,7329253
99318,5722128
29799,6719046
99790,15692639
89623,8550763
96192,8747585
28494,7214336
67032,2657953
20999,15623146
80238,6600904
65762,13370075
37597,3182074
55898,13869096
85712,13469492
90575,11871290
36981,6865700
77376,11848708
25677,3641872
71900,5558747
57466,14884108
67888,12226066
90433,11061360
77066,4176609
6558,5582711
94758,16792178
15581,49690
95615,520429
7595,14769443
46790,14594889
92879,96371
31102,6566448
49620,6137748
68195,16028752
24255,16675126
84402,4843310
66973,8044178
14627,5013248
81282,6720620
95212,14910414
96562,4902768
45559,5361119
47962,2286939
26948,13341020
21983,14074274
13378,12325260
81134,10789703
17904,3381285
44004,14090909
100172,12746843
19242,14270826
66543,2548258
3141,1030864
37311,10382375
40717,15262913
78282,8532658
15568,10496120
80270,751081
23009,11623106
96354,133060
19396,5890013
43988,14189882
80832,10877141
86153,5768511
51945,13458626
23534,5364051
88023,1307242
70391,5667774
31903,4412815
86193,16777848
42132,1001936
80233,6712079
14516,818130
62677,3990878
20378,4818209
96042,1331495
570,15597607
52627,8626830
90106,13853476
71645,15830549
26259,7831780
92302,8983062
20943,1481615
53180,3802943
5984,2509962
80590,2995691
55964,3030315
5519,5687198
100330,16758923
11421,4894761
44910,14345158
95923,362117
92245,12838717
1298,14414310
8094,12094836
15445,12371779
20150,288940
97664,1497885
46085,14219347
80085,5885211
65458,6884461
53922,4587955
48188,16474974
69261,14121889
11294,2404506
97911,12889644
102419,7599591
50415,4126265
23360,3789013
98558,3819466
85008,6165885
45043,12269729
13508,4611453
80954,10631878
96951,9484593
41977,4101735
42056,2976596
15239,180071
33785,166730
98584,14236342
36438,10800429
33685,15933950
45575,16066930
45799,8995680
66092,8474330
25174,4353031
91554,12091978
75033,4724008
46752,488247
29054,10922931
1991,15142411
101251,13737015
15373,15830175
98603,15309415
61468,16770733
93062,14123573
31671,7820980
38321,263421
80932,6812194
4635,6617216
44124,9264649
95410,7343156
1464,14287698
103182,14870680
2205,16244079
50240,10017375
27744,7169941
101160,6930365
38528,10140863
83247,4817973
74171,7038729
62182,1245531
101187,3206133
69913,9731937
34067,3082996
78463,8494746
2828,14575845
91999,2005362
51538,15948920
62468,8726061
30088,8231817
64814,10407420
69487,5231205
102933,10579546
79796,5466793
25580,15684279
88492,2499677
16652,5162068
40768,736070
4560,15420055
71508,5752996
86029,13660973
65155,15058280
8851,4982670
104308,864534
5840,9229952
43,15944742
57858,12915218
70273,8509966
86879,1211088
44953,11510644
91233,893261
88149,8071483
68378,6167084
59517,6840671
101787,4563000
30394,7454493
6076,6608195
61406,10637082
81517,2997433
8411,6658422
17738,2202347
25812,6929140
55882,2820173
68307,5583122
51248,13380436
44698,8105691
8854,13771862
5997,3071439
47112,7282850
49590,6528618
61896,9716115
22693,14115031
93794,813770
68451,7373410
34923,6246626
99294,13452368
89027,1055120
45356,10595107
82673,2185908
92099,5077443
12789,15278745
52429,7737055
15786,13623423
92466,958190
10257,5638271
27853,11126426
42542,8798240
50444,9576146
26999,7530941
58843,1595006
92284,4244471
14391,9731950
63790,8122773
39678,7458649
65630,7725332
25772,1365171
44742,14503208
17486,7742181
79517,6949959
85053,398153
42816,8456821
63229,9563040
48306,1066147
1559,209615
47290,14421519
10476,9746447
42573,13695499
60112,12405387
21766,7783016
81223,15621221
48192,11356813
4010,11208670
32892,7243596
52014,10105297
55067,6962517
86749,16240068
10533,2221333
42634,11211114
63669,3244855
72840,16112540
29552,7959068
56867,15284935
3129,2930328
71770,10949865
55169,3027184
66749,15614632
48554,6230290
38719,10532669
73204,6782736
54339,13400864
14205,13946591
94934,11174167
1505,3022927
64481,7592005
89676,7681490
36143,12838948
102050,1662244
86670,12073980
52144,7434613
23427,10085785
23166,4538444
54964,1373785
89728,5028125
63994,16165666
55266,15063105
89029,5915383
41611,178161
53,968225
90589,6159757
56539,11713297
11999,9078878
96964,5326530
56320,13072193
99039,13008039
89689,11466570
47949,563978
41296,16417594
103165,10684944
23055,5237610
73945,10351513
49237,7527782
55387,939132
14964,7335898
44392,16624601
100533,3304348
8908,664837
15919,16071785
26370,4972531
23280,1098874
14713,9869143
57281,6108055
11535,1779712
60510,6795091
9395,8957369
84934,10753648
67859,10293491
64237,7386289
62708,14124783
103504,5003311
45140,8906862
29059,14138753
65996,11539356
30703,6958931
64519,7040285
17359,117008
68440,1625988
20604,11889372
68391,3144421
92804,10557457
20509,1231596
96631,8883894
24134,8706474
58287,16591727
62941,9212231
101392,2875524
38837,6716779
81184,13103488
23115,8460841
36499,15979126
2262,6244029
74860,14615633
46112,6833931
11274,322399
34015,1340334
7268,12639099
76320,123601
31025,8700911
27215,13891771
79094,6138697
100291,1642770
51105,12394131
61452,10940783
18855,2058946
55836,8991493
47269,5029391
42779,14034981
45029,15580319
40089,13569870
35028,609265
38186,93450
56992,10123479
18928,5682180
65926,8855715
71480,13403145
101249,8654945
73214,4122926
26732,2893095
21586,8304803
81651,8615278
38246,5391088
43405,1288432
15854,11958130
92346,6138951
100031,3807988
60325,3290431
11085,7239267
67328,1868079
15997,2322036
38078,8754701
45621,7347999
95551,1159525
26051,14084109
97673,5620352
9193,6551360
19353,2211921
86129,2270459
82652,12658229
99091,5706254
42324,13755397
84864,1352663
20071,10303875
23928,15499669
99773,11138999
32559,5733550
49853,14327342
85132,4190721
81736,11067544
97020,15697516
89038,16427010
57821,14402890
88942,13312204
70098,3810544
71530,7927441
42968,11963567
43539,2373614
90980,15936120
88846,4560806
4830,5218711
33182,14530620
98033,10148179
6525,5278389
26186,4765630
8900,16201841
54931,11513311
40449,11668402
94160,2783719
51791,15544711
83337,5916160
4323,4366466
42844,256692
54638,14709607
104118,9796249
98188,4115776
4960,16249167
16743,4663635
71518,14828183
21415,7231716
42109,5268875
55658,4147200
66003,3932579
95056,2142701
37285,13283978
79025,8159212
6349,5348897
8636,4970053
37111,3716510
80536,16544198
10529,7426641
22746,1664729
84617,9477462
73304,8021758
74994,6669201
74166,9159781
102828,2498208
70147,9385591
54266,6416628
94880,5850981
73526,9410414
92648,8206861
96899,4580824
3991,5792750
9712,15185242
43431,4407759
19779,1971367
85273,1340130
51417,7059950
1424,7962322
45122,7773544
36637,9636825
100340,10087917
18984,12021098
40090,8397403
44843,15750617
103305,13784343
57749,4024709
7709,13913169
40031,8512233
11474,9308108
89298,13668099
104489,1122617
52375,2659608
46801,12512730
49628,14341432
1551,10238924
51686,1655352
85435,12651306
53395,3956555
40236,11561712
59510,319680
9202,4568523
26189,16085866
9073,16072183
22526,13939890
102248,2782615
33944,7428878
54607,10491677
2973,13432473
36288,1515159
33031,10224397
41653,8882590
68187,15586062
49406,16663952
96245,1077906
65268,10574387
100435,10433863
55986,11559306
10554,10928832
5252,5414339
6441,12779308
29197,13202794
17636,7402830
101350,9819324
46778,13137167
69584,2838364
18285,2657194
29085,2814352
76472,7389409
43690,16355275
81997,7824798
52399,12185438
61868,8500032
1103,3237732
9147,15236866
33482,5314265
56090,9560669
76671,2953628
10767,8447183
8950,11573767
14367,13056543
59864,3041164
71970,1101601
62115,948055
101729,48673
415,11501109
5823,9842062
66329,5189453
15781,12206173
85042,628002
78939,15435219
30829,8831716
57795,5747858
84855,4018919
6110,15733965
12201,15345949
86179,6080979
18043,16321070
15463,459288
58768,9205778
36739,6936493
51884,8048901
17400,13665749
15027,3461321
82885,5242287
5623,8415121
10541,13120767
7517,14850594
3044,8535179
22121,9680189
53048,11599065
102305,811221
96689,5691798
78007,15325385
68917,14318449
93318,12495454
8397,16679560
94130,15914437
26634,5199605
13645,3921247
51338,14107274
42945,244870
16632,13237387
95751,15312841
56856,13755855
42885,13366855
65044,5941104
87232,6041918
43637,10170118
95733,15315642
93366,12762476
20987,13621987
77988,16555590
54407,9915911
52560,9444213
47382,12544830
71550,1480392
25890,16416317
47668,12353639
41547,1132636
94913,14172193
52216,10099732
68556,7026097
72375,10776134
7637,14472304
75599,16568358
95011,8738829
72587,12309402
48183,1691485
13562,16196592
101484,6710433
98165,7104122
71421,472616
82943,8589787
61842,7609247
82368,3992727
103135,8385658
55604,7520010
95036,5390641
61322,16538059
2489,14213185
51646,4192861
48999,14899672
23458,16112269
25414,9793900
59635,6340897
14729,16256988
57144,10589348
92142,7782129
81427,13836279
30797,13911092
10438,5408664
13944,2805277
27658,6581069
104376,16779487
24643,4928079
103442,6028655
72491,15617370
97840,14885071
90071,4733913
24823,4183552
40924,15114012
18013,4371160
9219,15957546
2602,5503387
84909,644288
34615,13501542
53069,1633744
34686,15453822
65273,14888907
88903,2611950
100160,15154229
100193,11561498
31280,13695512
51151,2792931
65344,3294244
51484,8314328
40316,10740845
84652,11089057
8414,5652770
44674,3638141
90423,4364298
102887,5587480
94389,14872645
67317,8877167
72763,456528
34960,2552503
96723,15505365
59471,14184947
80599,10608337
94567,1534899
82221,11432683
41129,15072290
405,5043289
17968,12382330
66787,477364
8203,9171927
101379,14090647
66447,1215679
49972,7364179
43697,5967523
74452,5331608
6681,10933108
4673,4090163
2001,1562278
100024,9937041
82007,4676629
7453,6955796
85033,13537322
15443,9614824
36685,13810450
56835,10864742
42595,10125469
75179,9392678
70033,11307363
37770,15018102
6573,7501387
100852,13909369
97406,15896528
63425,14639582
76170,7720531
87704,8753520
65837,5123341
15177,10496318
103057,12395122
40684,18991
59107,10261938
17919,12389495
41987,6350347
31426,15902232
18585,1993177
80617,12989302
12773,3060274
29148,16477525
96064,14400295
4832,6291734
76541,13187528
97825,4131087
72115,8978958
66502,2463047
26493,16032775
99984,889493
72464,12472946
41815,11886197
7558,3301155
13946,139092
92327,7734916
49720,11885847
76876,4019229
42224,8216238
42571,7322666
42017,9268884
74791,3591830
40864,13116382
50527,10359345
79680,15202941
58574,8339467
16548,12042976
51446,13253791
42392,1524438
27043,8034874
49663,8049660
79949,1151688
61258,6388286
2972,11431742
100694,10893994
83217,13983064
56494,7679672
67230,12036528
44071,9630038
103784,9229071
77285,8565256
34000,13566173
24788,9798155
29989,4548360
6443,8871850
33285,16729324
21407,15766254
99524,7731755
22684,2650215
19737,2444316
59083,10055421
104126,10379434
20250,1005937
30322,5587449
69538,14028707
85088,17728
15553,9606955
69723,15476370
46259,5865073
49803,14792160
4276,3231181
22855,11237569
43640,16302695
5515,1144048
58001,4468637
38380,4833489
60506,11636738
55825,11952262
97803,3599269
88114,8889250
52181,5809090
63674,9026583
71085,4807954
57260,2851268
65511,11865807
34558,9470911
53790,4964580
10678,9438259
78671,1098695
15157,10633016
74989,11442400
24105,13350946
93627,8897106
4884,9361346
85501,14294209
15635,7307638
31468,15663440
64465,1431574
66782,9349885
23788,15224081
76048,7093177
52566,15098549
42957,9344957
11191,4891479
21673,10154992
24378,2444405
25349,16522094
77161,12715165
87124,2286645
49994,11817601
95461,15954488
33187,8714067
56533,4603407
705,462612
75200,3995443
15845,2939583
52017,15111590
10832,15599799
63231,6698356
53867,15853678
35869,7498119
70292,4643903
53009,10893951
43691,3291777
51038,1106653
8136,4740681
25249,12506185
12167,8042922
71049,7742178
100845,2236103
52832,2684766
99707,6675604
96997,4809198
17866,3263160
51941,8408928
54209,11971067
93138,10128617
42670,14391365
34270,7753789
7495,14764041
87348,4057433
101305,4613101
59770,3571915
63979,4995151
68464,3502385
89256,8260536
82845,11209129
96531,4280385
38358,13715550
67022,8527071
6221,15512462
34555,7514725
31865,4245138
44603,3112067
55105,5335166
32344,2229665
52295,11757866
25516,13601163
101022,795735
41841,5107957
71906,3383788
782,2302276
94469,13211138
73428,12807531
52771,16345374
103093,12673412
103521,8488562
1688,5573727
14772,7781726
80020,14363274
44088,10914694
23059,16361823
25484,4325552
12847,11278484
33649,583971
62675,1308981
98364,4553190
99427,13981946
68338,12510140
24140,12108078
100450,61058
40594,1968522
81821,10507273
32958,14313420
38797,13507576
19423,5072779
19933,10490938
32882,14167806
60181,11551454
98199,3067671
60956,13972788
36030,1112363
74550,3066186
68118,3715879
14116,2719820
77252,12903940
66137,3645744
55725,9951713
88819,13580561
62162,4795565
24236,2005446
9245,10074186
100557,10964907
13319,1256328
25646,7758341
3579,6927261
91869,9256332
28699,12074075
19511,3441907
48092,1103761
35412,1391935
82588,13447944
57735,636432
98153,8607360
86578,16493451
40408,12556850
103958,15996082
95979,2154702
104057,10111521
28668,16118203
31580,1990593
101598,12881340
63323,1554439
83789,4673192
41971,4361403
33702,7506946
78638,14229335
28290,4911206
12369,4843822
48478,2759409
89048,9078673
37187,1868602
22642,3993969
86068,10208619
64333,7832468
2692,8549970
13704,15983653
84389,10205939
93197,14463689
30848,14021778
98421,12235701
68939,14255740
20341,14614553
85665,3657874
3379,9502679
85373,14167464
46448,7719554
1796,2883642
52466,4766019
43185,9939231
72741,15657221
87865,7186831
76916,3374094
77041,5036084
37785,6786916
6756,11878028
40816,10911648
58980,1365299
48162,442714
91745,2149149
16528,8166340
84267,2879853
48165,7280658
76146,7017612
19951,2575032
13988,13746684
89845,6020759
52919,5819064
5539,6471384
56709,1616552
16170,15859455
79431,4111777
96787,7252342
16058,14646461
54990,7136017
96902,7250164
77661,12495061
21371,6519420
92701,5078861
74655,6624943
98775,1123486
79002,12290159
80778,5436707
79746,11062970
59838,16679936
8044,12647029
17775,11483278
65061,3750617
14823,4648573
41386,6374397
67489,7141398
103867,1056601
51221,2294115
4124,13469324
78238,10062994
9835,8034634
41767,13696554
64155,14459659
15437,9700106
49042,249019
93959,12951119
4009,12920962
104484,3009672
54033,5133435
90810,800792
97238,13529735
76421,16732509
46438,16622040
25338,8011013
102755,10029870
45651,1174068
73195,7480855
72034,13452058
21851,11650659
70478,2548976
83555,16111324
96944,9213017
19665,4815962
8288,11791807
6224,15177359
22654,213598
52933,11003224
83477,16622585
67913,3229831
17928,990083
55858,12832933
87611,5518712
15457,14899428
1379,3177224
5813,4330342
48040,16713618
35652,6174541
99249,1355616
71593,1464389
99316,12331831
47407,3736376
89961,15293335
91749,15793899
4948,572397
38851,946368
30824,12389916
13391,8520432
69834,12547745
3124,1733611
99974,2160904
98801,329819
21721,9969002
35761,5659271
79885,15256932
50124,3487176
34469,6831530
96606,1143015
46125,10574822
95419,5209324
38628,10265941
43422,10052716
88510,959555
95754,15583415
67394,867079
74087,2617517
92500,11352503
8165,7326048
67249,2845574
48669,8425690
71807,9870341
9415,7611681
52301,8011291
102362,13562884
87799,13444213
92452,15067525
70824,2888363
24040,15380096
17547,1445047
1599,2394944
80249,15799964
48536,9529904
15191,13117304
19985,7074636
36001,5668434
28260,2364651
28015,12774995
19017,3983702
8484,1510636
92731,4979005
60498,7039679
19458,4248550
65524,12823756
103894,4676403
82906,6837112
20261,482036
17084,8246028
14496,16377193
87521,7294522
78778,16398034
34704,1482056
40593,15781544
34777,2052463
92607,675428
38262,550210
100005,9743282
5309,8777956
62056,8462725
99602,7308218
69280,15589644
94665,3178695
24539,4184120
26747,7950753
90391,5901750
23958,6145143
58175,2560955
86641,13603337
34703,3794231
42486,7921767
36002,3213874
34477,11478795
49578,4037285
102526,12840673
22147,13116066
46154,15858183
27593,9168144
93868,3098049
5033,8796155
53548,11139215
52804,14345590
42963,1445123
54389,5845113
67904,13627793
8688,10167028
30135,8876236
74738,2971620
59171,11456224
3207,4832986
13609,9796402
7837,7492937
78775,2305600
65634,8259002
19493,9608478
4336,7202498
16907,663736
12088,8010124
74251,7991178
74487,8518478
41644,5797053
38125,11063863
69718,2397234
2997,8687540
67082,2662275
22706,12412785
89647,10278786
69292,16125231
60873,16039490
65611,12057154
80210,9108526
9008,17545
51893,16104349
31973,10740040
33961,7383915
54311,13090542
10485,2759685
61272,5778985
95559,16214889
51540,8045076
57159,4188350
86653,7180627
74258,8354341
38533,6890430
47194,9141514
42683,2994804
83135,5124706
51854,13190485
8358,65916
71203,4315000
80636,9666787
33257,8658575
31896,15937903
57842,7963405
41793,5292129
4456,493021
87372,5174870
52281,10476287
86125,7783212
10288,3386244
39814,13391382
11441,13363395
32393,11096617
47152,11879980
43679,4318133
44893,8795409
51272,814691
97421,615860
17637,8209767
49865,1598876
99403,12017656
90652,11335562
21419,14732432
32887,16579124
73114,14895251
59408,9680098
80485,11540185
71779,6731040
52388,7168457
61934,13014987
48167,4863853
59458,14427055
57161,16159290
38315,11370176
60326,4337903
93294,15840559
28964,2602055
51075,8149484
59735,8203659
3481,12778304
15902,14429768
92484,3530834
36478,4526983
2226,3222617
28937,15174420
41518,15808458
85647,3789219
103518,965219
2805,15673491
41350,6382531
65291,12506488
77310,15593690
91178,1030220
42577,16486219
92961,2172572
60378,6295642
47571,4320612
55484,13943760
56755,3922199
38073,7368430
31189,11863280
30073,6086622
104082,6402982
78911,13020823
28157,6638603
27819,7886317
6111,15859084
93544,4439705
92830,5738314
49188,7202885
67174,8172680
57472,4900501
63026,12286744
70065,4812186
23088,8578918
12314,5634272
27297,7054178
56049,10290215
7330,2188557
46415,9308987
71980,10629141
92732,3892272
83766,9390299
26396,1454241
28096,40648
84867,987607
63337,2660982
58232,8516296
61788,11635176
25795,88979
8015,2278885
63634,8745036
13500,14612661
6330,9768016
57951,10055871
92017,2325912
79643,10904321
26738,12547000
37556,6070821
1949,9816316
72623,3512613
40826,2424360
1958,3568859
5071,9369740
20701,8511209
28259,12158031
10597,8397725
56995,12541333
35343,1384866
94766,16764
53573,2204531
59210,2508767
36931,10404746
17683,3312843
40666,6541596
10265,11264460
59694,14180988
13652,14414409
95478,9062199
74856,9146029
9475,14654963
77929,14288825
95948,11656619
33669,4306698
81070,4411225
96589,2109342
38247,5710360
35472,7189007
30904,3020909
21622,16097791
22228,13472358
82271,1127360
97478,7328278
8021,15879495
95857,511783
10702,10679297
77121,9300607
21444,9741379
47611,4821239
27982,3722460
19886,5596203
100074,4304444
62109,15498662
97285,2621019
49319,14702811
49257,12142078
93630,12854544
13195,8448540
2804,15797676
21553,5688767
23767,8491599
67827,13416753
27114,2010974
31017,2754401
93928,6453573
97682,15120226
37407,5027988
68356,12215741
12758,16137629
2815,9964130
20128,12428491
72217,7546649
12878,8128850
96111,3929475
96264,8700393
55969,2378808
92904,1320953
31744,2508125
85309,9668465
51749,9984076
84449,2076915
100773,3691226
55296,2823131
104303,3481887
30732,2979691
73071,3480834
85893,11224810
34616,1816583
69996,13297588
88208,11466079
16764,16788778
83855,14780277
29904,16308088
6821,9238195
3721,15700571
98876,2359036
25602,6728660
66981,5090243
18401,7774709
72186,820846
44315,3117222
65288,1050033
97989,10646446
15556,12796128
95902,2224674
61348,9175685
25767,13366697
15357,11258832
23628,641964
27026,10149459
30669,1163322
60241,7368407
87002,7000639
10942,1046533
70509,9493788
95029,9388875
21288,9031318
49428,16541557
67877,5535195
6782,1995387
55567,7881042
26848,7143946
30132,16125054
64825,7658327
17078,16235472
43368,5996890
12523,13551983
16884,4289624
54893,7395776
33934,12364541
101703,7248795
76797,15302840
45010,9108727
68352,12088050
54605,12070299
76630,13007892
50268,11417789
101932,14718225
55457,7121829
19830,14612793
49007,3703476
98448,2884278
789,8635548
79083,7385614
77545,10225671
57298,9952363
58452,1893996
59072,8719413
8605,36840
49149,5109226
26252,3557265
11346,12175869
34192,6424353
67608,10310933
100816,14828466
98228,8106143
20201,15891277
94107,16341821
52596,10447415
39461,11201771
47251,11476418
50997,1706916
99632,3381922
17692,2114246
88144,8542712
11572,4105505
9989,493517
46692,1603020
26597,9241450
36853,2463045
39693,11487528
29367,14083750
52419,7750067
1019,14108987
612,11576090
14540,1038699
89129,9517406
4928,15466637
27092,11785326
102547,10652614
77011,14674911
94852,4621847
59482,3501403
54483,14813700
65520,7429169
61157,16395969
74900,14916883
10038,2212712
79034,13356054
52725,653854
37634,11574306
301,16697589
96571,7474353
51199,12140839
53970,6992509
25275,8259650
76499,7589771
67523,730274
34262,9507358
54030,16087801
97844,6418296
73067,3371996
19800,9775952
57978,16348913
12625,2283930
70388,15716376
23133,3949480
50132,1311849
103580,11099987
16630,8410766
12774,14765011
101687,2779613
34254,14081187
89594,14648906
33088,4828837
32091,2937819
35897,13153827
22658,15276910
57462,8948876
48323,12068268
37549,8359098
92989,7389387
37047,9146101
1690,10834690
82094,4629161
75636,15493518
60268,9115518
74320,11892459
16717,16131225
45150,13510241
4468,16204317
54709,11217727
57882,12404955
61077,15813326
42913,13048827
23605,9485779
10308,13607593
79046,11575745
53116,7691541
101374,15497889
49756,5576897
78102,9837181
49806,1490135
83034,10429121
32155,3636634
88951,13883967
88415,8382172
47910,16037738
91211,16559335
1214,9937136
46542,3136505
81173,12123570
79190,1020766
5894,11858357
33474,7942482
69460,10781071
84115,6108084
17350,1331491
25878,3584742
4117,2886869
27514,15911712
5276,746198
51448,3278671
45937,10442043
7492,8691429
70565,13027821
35935,6136689
89684,8257474
49915,13981200
41014,4410463
74886,890517
28017,6104786
53373,2034987
78477,12262280
98660,1639010
103234,5058718
95379,2487594
10094,5405552
35234,4529025
13752,12371551
92343,7851459
24796,9023039
94468,16174744
38459,14210777
2034,4449147
79600,3849672
44958,382105
12689,4325560
77633,3665166
68946,14807061
94510,9272469
32521,12094124
40107,15344128
86284,16777050
101813,2109123
31919,8496292
18053,9947887
71251,12325749
43111,15202093
48971,5665094
90759,10478465
67356,10437967
83335,820185
88581,6845350
46780,14734706
59322,9487100
51670,16116437
55099,6544582
69205,5783857
58292,1655837
61977,9586795
62917,6331454
17614,12194346
77160,9089695
94751,14762455
55426,587270
25469,10710107
19828,16121710
83556,1147094
66870,10798579
19147,16776032
11256,2053274
46086,16029582
40786,10109812
30887,10974897
98768,6310109
69807,13272975
30817,16413642
47730,13450135
4303,5284992
27858,2499715
54326,14251685
90778,5525655
22780,13863433
50351,6034333
97906,2094541
33012,3417708
50946,1063052
77754,14939623
101198,11313678
31327,11435683
77970,8739680
20996,6568085
63542,5221066
100238,5760490
90238,1658112
10631,12806197
82078,7886525
36729,3320300
17994,9028708
3285,5824745
17046,16309909
61798,10261491
635,6863780
74690,16424804
69223,4095013
81341,729697
58278,12765099
64810,1312168
29661,7514490
39967,5698593
18487,2488270
83726,5490227
31035,8406572
66300,2796249
99685,939788
72325,183658
56643,2670360
67252,6611079
85330,15859390
43200,9278234
93481,4621485
59812,9141044
58971,9985227
53108,1461079
76098,9530390
65389,1364367
27947,14110708
20962,16149882
49507,4342176
38886,7460165
8852,3236139
25208,10062506
68924,10988161
30505,1268170
13189,15977212
19434,5244866
18807,5649658
36429,13809365
94897,16620703
28638,5607993
41896,11523233
24593,3212654
63096,9667791
76175,2055314
48364,9403068
55726,7246761
4427,14910951
22341,15252960
49210,1285679
45097,14043863
103519,8406375
70887,15596667
14225,14921493
66708,2749109
83367,9146457
69621,8349878
91782,11008188
86332,11278138
52961,9638827
74706,12775331
8974,8806315
66516,4079486
96905,7137031
23314,5663305
99206,2160288
43569,12749810
92168,1707850
88463,16251590
57917,14383245
27714,16299823
100227,10618771
68842,945380
86548,5142622
61103,822956
68373,3368874
52849,10641330
91687,5593824
45093,10712189
13101,13034620
20060,4709538
94683,12621613
21524,9233222
68097,2106015
46860,13804134
78454,1608982
1269,9814469
34084,10862132
80435,8363527
46168,3584768
17576,2200676
100638,12726589
76609,4697727
28915,2851241
16767,7671043
61467,2243339
70060,11981053
72913,3775431
15317,5993909
98469,13229779
101868,5287837
52211,4613498
82371,5818446
25690,9274471
57582,3338643
89447,4205496
54297,6537043
100334,7660789
87274,2639003
93087,2908535
36842,650181
63374,8930681
71788,12186991
54239,8089881
57155,1691739
55444,13807174
73277,2815779
22608,5008265
49916,3094031
21150,1322679
74263,12444876
72939,16096917
37491,12678608
39220,10487355
78745,13033744
103441,5288572
12864,6277137
51865,5412035
45082,12961218
3444,7440557
34624,3222172
22286,1651992
40114,11619829
42561,1363200
99366,11371332
27992,7719052
83421,13488303
2260,9463140
97823,12071502
76194,5995976
54777,8068864
6100,11368830
27012,4269397
65218,14268497
102947,8449830
24324,13841723
50819,5232086
42461,355238
38964,11951461
23724,2473213
69189,2725353
26710,11551483
75500,13935778
39320,13327291
6502,6087142
47368,12694699
69008,8243637
19642,8014976
61946,1922596
98788,15861067
42796,4879525
74211,3546944
22251,13188258
48315,9379149
40053,9052437
88578,5557778
15272,1027471
39649,16615107
41869,6568557
16635,6396243
58067,16540175
79394,10582646
2576,16451124
97042,12653050
76100,5454648
56752,15941256
46787,7102075
36115,15704747
96124,2381941
76536,8304124
35095,12655691
18557,3382690
32160,2852804
47531,13546551
11082,7537247
79715,3282667
86615,6079295
43927,6985364
76061,14107861
47174,4236994
13837,205122
71472,5119941
15451,9451308
69937,69901
62989,4757575
32209,4206649
69699,5285136
17924,6562029
20716,3269196
71331,11588959
71076,1539730
76629,8481007
57854,3081697
75938,8981169
92414,16069863
33640,1227119
102703,13017540
80840,2090696
380,9504371
94585,7497836
95954,3693480
31898,6273704
92892,11367379
50707,4089671
62144,160116
71748,12394512
32061,11224074
66475,5060015
29965,15758813
44586,4470134
93505,3127760
98,11227258
21103,15416960
94122,13327852
79977,5867748
79272,15685626
74665,15612930
19142,8114457
18505,6876915
27089,1966963
74783,4188132
101164,11014837
85154,15208666
5523,12832304
71422,801179
61126,3309014
6000,11048717
89026,13177477
49827,9345827
85370,5071881
96999,6392928
37252,14544738
58817,15685406
24683,15688167
75452,8449087
98685,9503613
54722,7394578
5419,11306787
37087,3221770
74462,6302008
49062,2206244
91174,4840532
10019,1940308
43358,16380813
15276,9183165
94890,121654
59434,4583164
218,2920826
83004,10968989
95052,5991085
25946,2083843
53449,10161238
6266,14831602
59077,451431
59065,13561634
43811,12074455
48683,11140422
94434,15350045
77022,11289758
100691,11585911
2927,16459804
29340,2817088
63747,8940893
78843,9184738
76654,731616
46353,5368591
95160,7441484
82315,3160975
331,14253619
40507,15216312
61811,4329447
24864,6982850
9816,3335533
70642,5098753
26093,13895515
31000,3223282
94635,10329414
75994,9218099
97722,4367184
66228,13914092
55900,8837261
77814,2410917
5522,2595602
38965,8654960
57779,7171725
8187,12396482
55617,1599871
94190,10964531
40956,8381490
76416,4190877
41562,15325617
34979,6083878
44631,2849659
75282,14110303
97461,5459820
8389,8952526
15621,11352711
11210,5609646
33908,1445324
52113,7788298
28467,4139460
29729,12759388
86882,12951201
87252,15522304
28894,16532132
18846,9416684
8822,5345312
3006,16568424
56532,6048959
13571,11381609
9858,2088847
50581,15273825
33900,10688577
35922,4218509
84630,5454077
37921,7981633
12137,14381949
5025,4759848
59417,14085216
75784,16390750
64129,13006125
706,10720953
11343,14626592
52605,4425094
87932,5807874
94858,2191928
77220,7357636
47663,10659167
55929,579608
101036,5361016
58210,4491615
38670,16755812
95894,3720519
92424,15224882
76129,2230851
99022,11858669
63483,2934578
67742,14597448
53877,15717269
64212,8221978
65224,4218227
10588,12145155
70296,9059013
82484,12524472
39679,13169676
93240,11996578
16244,6261494
2764,2342609
102540,15978946
7747,9368262
48403,13578917
43755,3804733
52249,9888842
77543,7032647
41409,5951089
66872,2734674
78401,10631242
56851,12223040
54864,15744796
73970,9964447
5423,16635786
100859,5100233
36235,5389099
40357,7608784
84114,10329146
2196,1798228
97143,5650255
99488,16510889
36106,1046221
103697,14025611
83112,141865
8639,13381920
79022,16395755
75128,4378829
100047,7185112
40058,8652330
62794,9084315
48975,14674891
30174,5288892
26136,13422801
59202,9963644
55062,14644754
85981,5306758
13773,6727547
54142,8017692
65039,9028650
18944,4477698
53250,2835266
25785,5641297
83374,6812364
95824,5186408
41886,6044063
9459,10944478
14918,9055599
74513,8255667
103375,12427064
97074,15240440
9801,8699249
58486,7516098
71891,15422922
80098,2178800
24393,3573247
35238,15909121
90060,754530
8477,662836
20852,14243781
82385,4529902
91312,6032759
44896,7033222
98714,8401941
23107,7126995
63131,16775584
65741,1984984
56384,13676636
75684,3933980
6071,14609485
49839,15779073
95192,3200720
83927,4322244
40870,7653216
89153,14741931
96020,11130158
79854,6792817
96368,99523
62820,16742514
24113,13106934
53451,16557634
91340,4607264
33731,5324804
38808,10166518
99990,5692842
57439,3538387
98379,5477544
102027,3440473
1355,1661177
78161,9362570
13722,8289527
60348,4741148
25906,12296212
19753,3331873
40669,9553092
19306,16326486
13465,16334683
54973,13862091
58502,11508200
43622,6649828
91692,12985510
35015,15626063
67541,631006
3383,2417252
81563,13506362
46716,11081001
41752,7011100
58052,9130829
87800,13156323
46444,8549700
93015,8336072
41946,5580322
9094,7735938
16731,13285504
31530,14044266
49813,12616016
81354,2248731
77464,144269
80358,1860447
74146,16522632
103086,3834919
51052,15435430
27204,827299
40654,13217234
90991,6832372
54624,6892240
39360,15668935
1383,9609777
73381,5377834
1543,9287091
3173,8995386
11247,15013581
25143,2512583
100230,5646038
72196,3792574
16836,7338915
16149,6257314
80729,9468424
422,1419434
76604,3102552
60784,9476119
14688,11374973
80877,16628301
85780,2444374
17074,7222947
14040,10704689
53276,4762643
100126,625511
37282,5618949
36069,15517298
90444,6076569
26100,12170157
98456,9655321
66054,10011590
18254,2542284
91702,2877735
99243,7322829
16350,9549340
52895,6263033
77494,426785
40155,4339394
74408,1999622
83801,3177727
17438,11186992
81524,13273989
14307,7359583
52592,8900569
4749,16105708
69994,7961557
104114,6118712
16955,13791575
71713,191954
64172,2651839
82377,16594674
97887,735675
26403,4485951
91168,12308062
48927,16146844
60429,9556829
33623,4263503
14275,5162169
101538,13445815
65180,13041154
33561,9452919
9132,2192305
33675,5099883
80574,1477308
96310,3827595
34480,12406954
18845,10231087
55339,6571970
43484,5866627
68777,7003526
78119,249213
32396,2888561
16438,13129563
14186,3015313
44932,13993802
36721,10194692
57810,15434587
23344,1051425
56246,326288
88404,5948233
99986,2200358
101361,6652138
58004,16515494
11403,16629962
22427,8485087
11275,3397121
43943,6437267
46850,14100015
52361,14443815
72360,13742839
71544,15888323
5628,14459646
10067,10164682
54217,11161659
19517,15260492
104112,596722
75100,9683000
51807,12235273
75270,5809950
84158,6617299
61499,1792956
61910,8256693
89531,889993
7922,1258068
7263,5054280
5277,1532400
13968,3769836
70497,14471598
80925,14537947
47389,8219411
98318,12226330
30079,12983972
61147,13457932
29677,13076363
14992,7952154
35912,9626743
14159,2913809
24417,3679829
50154,5639656
7489,4429768
93424,16568994
55613,16031127
46347,6144728
44235,11682701
58285,8049612
15425,232912
97569,14292121
91548,12100992
98765,11963848
28332,16181197
14440,15616909
91769,4429754
62403,14299339
103300,4899664
26175,7629160
32888,6837928
101267,5842624
10260,2241673
4692,2083695
62744,10932905
102410,2750774
23010,15368040
51940,13596940
30799,4630424
84101,10451930
68833,12844423
103279,3867898
7403,3770174
101310,8411958
73940,2784032
58858,15474455
45586,2318302
36781,8730316
22824,14455439
21404,2633678
100289,839500
59706,12295701
76275,4833248
88818,8098331
58501,15545215
70592,8339076
37434,14779809
79429,12533741
66052,6299767
98639,14202577
67901,8633864
27736,9996149
79318,16423645
37822,10568391
18516,2826277
68243,12602322
81850,2225716
17067,10737159
6254,13957658
44244,11597996
22431,9998276
51309,14281721
80998,9021436
55035,10712867
78677,11699238
66292,9115805
15453,6602714
3451,1716328
59273,11367958
16968,897455
72450,10302694
100678,9306021
37620,7554119
67679,6066505
88789,5981457
21455,7988020
84713,14663238
54556,6309262
73879,13068504
68931,11979244
86817,3105445
80232,3232713
48152,344136
92491,5886489
50478,13727773
80503,591738
10500,4229127
37619,15481031
72521,5199038
97979,7531978
18832,13691722
13713,14178546
46894,5491778
1241,5119768
68059,16134424
57629,12398798
17210,15184189
26910,6845315
48064,11933274
35554,13521054
77849,139447
9947,5697654
64857,14030284
99837,5905740
11978,5718358
36673,6626031
10688,15589480
58582,7851235
26661,7441041
63568,12729867
34925,6597540
86917,5137038
45365,13817142
103134,15121448
23769,5435947
36314,11148771
90007,9482284
56730,4384432
14799,5273836
3750,5149120
15528,4098531
81972,4204466
66331,7774371
89013,12417226
5127,11676743
8990,691986
40744,8118361
10283,10687328
93799,5488864
96869,13786948
99739,6930426
98238,16124414
90216,7714488
3053,2897224
62629,5121195
71487,10854526
20979,6019553
18603,3767109
15213,13375715
62507,14261826
102012,380913
36558,7620523
75045,6160978
101151,6526696
67580,13723352
88546,9597327
35438,6873281
25870,6178117
35070,3211922
5587,4814910
7501,8277809
26931,9071213
5251,16137401
16076,15975546
12505,348027
64398,6482045
24781,11936557
28547,11737409
5796,4556682
71099,6095915
96449,13255439
91189,7695455
2029,8649251
66575,2241440
81455,12783927
17249,2754036
4746,5996742
100868,12737935
43421,2352189
13763,10067285
8815,9516873
95855,8572343
83400,5501498
6306,2380013
73462,6989694
9870,240647
46848,8721054
77544,13676719
79457,7370029
71495,2549888
87707,10851514
4061,8008783
83130,15150832
83562,1298874
33594,14669137
21653,16300094
1580,11372908
73226,437384
57133,3212598
78467,10815070
39457,14231085
3572,4640360
98471,13811780
42531,987703
103751,1013739
63829,8568228
71398,10722150
99927,3320329
68370,11159716
62331,15465956
104485,713128
99106,13840023
13151,9638215
56118,4023005
82659,12559252
60464,12561722
8204,2516439
83974,9482790
7904,2729340
54678,10389919
103722,7773116
103988,16620214
95515,13965938
9095,8196296
20618,13643371
9888,6851944
37189,8768115
41042,9344700
30277,6244012
37442,14162282
23159,13339133
22432,6216744
41555,1722795
31400,2955424
63704,6606997
47964,9301859
9096,11173378
15244,8966186
80124,13949844
22002,14850678
67047,9641532
58634,10316039
82965,9367687
50764,1710090
21098,12123828
84084,14688540
50056,8536667
65663,356979
10369,6558704
71310,6572055
9576,2025822
47885,10640925
90823,739536
83027,4509853
20842,12819537
49591,10640514
18615,8667793
52946,826734
66769,9390455
48091,4536419
12390,12445147
9926,16037335
41715,503615
70772,9241988
48233,3444017
77868,8490467
26485,7674213
35880,12721153
75145,14646920
37277,10187003
41039,15591931
50489,1023372
11417,2625877
45517,13283063
28078,10155869
72691,11005619
13516,2109790
37726,1148595
43981,10286150
82329,7301981
49788,16778878
69093,15084859
52047,7357319
63875,10507063
25814,7464847
101094,14911554
100039,9353390
82020,169143
76139,14075436
49888,1046468
99492,16046287
92596,15150671
97348,13239002
71054,4245151
48948,12241015
4359,745583
98253,7230398
13187,15605800
2933,4200804
12967,8475116
53259,13737964
21668,6152360
9217,13942097
51653,9883776
23945,3493448
27493,10237276
92919,278278
6467,2789348
78756,8232333
58692,7248389
77817,685261
87809,1932894
41698,11512554
48242,1179080
75576,12840278
96204,10636473
11328,2922568
31883,5877279
1911,1649725
71704,15672481
26230,10014241
28855,2729042
102292,3741589
87380,4989536
17794,2442888
48295,15991595
97191,6576232
33570,5061441
9951,11138588
72386,4082793
100497,789350
5070,7977814
28420,14947976
102193,12475483
1333,4431249
62868,5206455
80164,3714109
94628,4478469
41816,15319012
60418,3921922
90446,2808579
35519,9544524
53658,13573482
92849,5956258
64127,11619767
86392,8729173
52260,13028753
21023,15632653
16314,2647388
31551,15672201
84037,9660397
149,6863360
52433,1576158
55635,3027601
33355,16605632
84192,7702584
15939,2333861
87830,7236517
1442,10297516
90333,3644598
90240,14491295
76587,335306
59477,6189377
36397,5061526
10647,7972990
23935,14412111
39266,2539171
82136,15324174
83932,8765038
37772,11352507
2955,11826937
9574,6903889
51227,9553367
25537,7920231
20910,14187961
79138,5585805
89762,9465836
101546,13767590
76965,687569
98437,6807606
18366,5784550
99277,10258775
19909,5773249
51334,16340129
33843,12695509
1037,8611908
21642,8281353
85612,10436727
39722,1642830
48936,10262653
16478,1509948
18881,3788743
73816,11834128
66460,9849338
34691,4900542
18788,4246661
80471,11285457
25271,13352154
32926,14545491
61503,6358256
80262,5056652
92883,13623466
88030,11398832
85320,7555061
29775,12916563
61218,2281685
46240,8342765
85266,8364874
19263,7499562
87959,443154
69209,15510781
70746,5680497
71443,2098043
53816,4974510
24495,16784015
50973,9211242
71676,10555525
30297,14167988
73880,2990227
81886,4906547
99844,8826406
41610,9887138
72504,4779
43614,1612867
60057,8828258
9065,6209153
31065,4089885
92841,5825903
102330,1490522
97770,11610977
71470,12809909
17728,8400518
64922,8393941
90671,14553518
76615,7204901
62929,9211026
46739,8421656
71887,4032641
76823,8366606
66571,6980940
9176,6028534
98337,2312813
72487,2030003
102513,3107836
103483,10713724
85459,8021756
54485,2318128
20158,10637769
68561,9378929
101571,12192507
78764,5183712
80121,6380554
76356,2721587
71412,14817234
35305,5202362
2548,12627247
44979,3106775
15872,14240752
20401,557965
77114,9199925
40941,7897433
2782,15442265
71973,4877574
1414,15026915
29541,6868637
17365,11504079
104037,5427832
78008,6799761
21337,7686393
50556,3492657
98072,1603526
64887,2379651
103804,8828161
23170,10148500
55787,12020886
93486,12113616
32661,14232001
89737,13467173
22655,5055128
78774,11785136
2229,2633073
37665,3825639
86639,5281122
48985,4841138
99239,11068889
51050,6119592
62811,3417052
42269,4872858
65007,10289775
42341,10638099
99162,4231026
10743,16222876
51731,4019507
697,1673966
103816,15318321
25236,4278689
76480,4415206
11044,5176336
96426,7580162
43893,7384808
41570,6066230
51451,14674562
84590,8119511
3930,16528367
62078,15441278
51002,11565775
100743,4606344
1502,1336974
15040,15667922
39625,8610905
18933,4271404
323,14409366
32278,2486968
19225,2700118
83532,8041207
15947,8597888
81108,15834748
36176,12487529
39382,10069727
102098,11140861
88456,7892018
36315,1535032
82285,9930533
74745,3508038
66613,16648246
84208,9574949
97875,2835585
20400,4775681
96921,11221578
12839,14655185
103388,12527365
21517,13076295
26234,656433
67942,12910134
50266,4958586
6057,782567
25790,16218637
56562,3318116
51747,1852414
74163,8276823
25073,5982831
87130,5877090
53993,1043327
81809,7786015
67589,2469595
53885,10660936
73995,11100809
75195,2795016
66186,5127292
70466,1135438
43901,2006561
98237,11016449
92785,1647682
95501,14193307
85829,7732995
92003,271953
87671,10803544
85433,2599583
39538,5960794
51712,8144170
103951,5253340
26668,3487781
79435,8549945
31389,14316406
21580,822678
24567,11752721
97509,501758
19535,13211970
104315,1873159
69865,5605522
92893,9700244
76571,15803124
45411,13435682
57177,10683888
18373,4481245
59418,13642783
79838,9065303
7968,10084566
99934,15564431
23582,16057637
94246,16415160
98785,10455808
82035,9648416
16518,6449390
63457,3771234
60195,16665829
3390,16787167
55629,4113358
1765,2186175
28949,10701053
19849,7745074
71091,4626637
82753,9850531
66144,10533397
37436,6257648
15865,7508561
98411,16278772
96937,11086871
82785,13637182
37612,10905060
31205,1579152
24790,1037395
28478,2966390
94930,3140764
48871,10864468
21873,3594253
18478,5497377
93520,4695396
36951,14115556
72779,33832
37672,1484924
9509,16296466
40407,16325555
39026,4923404
73445,8970882
10371,1167831
96888,8948744
14075,5033777
11575,12843464
99728,3069500
8599,6337541
8209,6630606
40701,3171745
70153,12654427
85111,2253095
33332,15024922
73345,16431224
68948,5882684
75255,1767639
91190,1000078
59005,7420801
35152,4488280
16797,6932668
81645,2688986
34251,3210229
14773,6524577
29782,382678
23579,2801157
1972,16641967
52759,15111017
92504,7951836
57017,2146430
33196,13034159
18246,9131439
34785,12984824
82465,10785022
3225,5412365
62124,15055759
65642,7450998
16235,16315931
92178,12489266
49106,3870514
60672,13535767
77880,1387954
87984,6370706
93465,7212243
73920,11815442
14336,5687470
62035,5551508
90677,569370
62242,1872973
48888,3572522
44277,3718472
13039,11001103
47988,3344070
29562,1570315
66940,1274247
100710,14120814
43917,11925517
37051,12770936
95492,8957936
43606,7427098
74176,8837951
72884,10614133
53560,16668060
53081,2305127
46196,5912404
81306,8433871
66463,5656459
4616,14625266
19304,2020501
26327,3106310
28865,9791963
83163,4438834
22536,5886026
72489,2117987
61315,4248517
80286,9777914
59872,6568006
90456,8647855
39533,9217487
103797,2412487
40436,6648865
85141,11611613
71920,13139513
71512,3135012
78737,8858980
54897,13282116
83170,7228125
84476,13405943
15506,8463898
91144,5704092
54436,113637
89960,9084204
60598,9646326
98240,14113403
19781,3989881
95172,10824350
36662,5502067
21738,10654097
90552,9507622
100745,4189177
55569,869040
27996,16086013
99537,745913
66910,13623143
51526,2719165
35301,399756
100129,4959584
21390,5013888
74022,6816971
57428,4369416
75578,9793552
76831,438982
79207,13094398
77510,15614428
36497,5095176
16580,257209
51115,1553270
100741,2338188
22674,4282350
28880,16604156
2572,16200094
21774,6181866
103684,8798638
91120,8098722
48786,9834170
73206,16654593
23237,12565611
26903,2451548
94117,11940741
51103,10709422
65119,1392210
96108,10480126
71179,15734555
23714,10203814
62500,14559499
66219,15370749
2214,3895434
75752,15345051
99410,15179749
73171,3566959
17647,4260739
45941,2113994
9583,14808987
8512,16701160
11538,8627693
66299,2047421
21379,3671841
4086,11803634
75933,13493987
83210,1109012
5517,6185547
15367,9828895
18579,5651863
77611,2176525
49524,6950586
93847,15409904
54066,14433455
59226,9940184
35826,84874
27253,862403
55056,4093179
51824,14467926
72010,5523604
26423,10546920
95771,1874110
88622,11217522
104194,7349133
6892,5819778
41759,1620067
740,2416843
61804,9941225
78344,10046022
78692,8672816
76776,11728928
75373,11412989
56093,6756905
57853,10419499
38560,9462643
88042,13604495
18400,7553081
97556,9781012
31475,8782476
36938,1245755
32257,2924272
51466,6763931
15234,660805
88352,566134
104177,7213267
49403,4818793
33722,1857355
57530,345634
59713,14510744
55058,3199352
27549,11782759
55607,8219261
42904,4807758
13342,1360773
85828,5416552
31365,11501996
40796,7358635
99118,5373425
1059,2456544
21654,4847794
57759,3283999
43920,3718952
53125,7812200
11975,8595172
2580,14260937
37119,12776434
73812,7434068
104499,10158763
82220,786878
26402,5516946
70428,15207199
30711,2044523
36459,1746708
70080,7363588
67319,12622019
73019,15270490
34281,7737463
52392,9164494
63077,2524754
43663,4722038
102376,12124599
75971,6675186
3556,12545932
92845,7149299
35447,9722919
54831,363939
58930,13910056
17318,12438444
95496,8136111
72345,10355039
87060,4119560
799,9038153
14399,1313582
6134,4885005
22922,1423176
15221,9313350
79735,1385166
16857,1037825
56352,1129159
19327,10848580
37687,14267975
71161,2798367
19541,12472592
88453,4036077
83982,6386237
90818,7863517
83016,4524504
50573,16159707
5363,10453320
54285,3794194
59208,1943160
18577,3953973
1712,11922370
76540,15104212
45560,16392969
53690,358315
58420,8307888
91781,15076722
49664,6475369
53062,8299618
24661,4582280
50830,8600917
33234,5482339
12034,4284999
99695,543886
31217,15626899
35942,14379
47434,14131525
61466,16070734
77803,16682635
14601,877339
43798,3330489
99305,2258531
16365,2738128
72981,9400068
15295,16757727
88822,1867143
71190,9680716
74005,535795
26206,6852000
30388,9335309
1897,7068828
5155,2862193
11994,9031636
84950,8932301
91622,11094406
282,12967560
61774,3089129
36868,300647
24181,15103505
93572,10176412
97905,4642898
101774,7045407
12666,15083715
18068,12377652
89697,10858459
55210,15332833
33909,1925762
44403,15796305
37041,1191119
12927,14800024
74126,3739798
44983,10701059
20326,4798101
70735,2970639
58698,7075850
9406,322299
42894,15317850
54728,5178027
65205,15428276
7390,9143092
59667,11837142
1054,4533137
94879,5350194
5107,14405838
63721,2625493
12438,10848010
103876,15842604
24312,1085651
41436,5659834
93516,9275199
26059,9490839
81700,4525309
79587,5780173
31862,3568025
54451,11097618
94310,4365484
104285,4686470
85778,13557321
49681,10369176
64043,7502292
65301,6780979
73966,1183563
1372,2135735
52877,11964256
102354,13365679
14117,3042762
17675,4094149
16887,15877653
81672,2669894
32930,10383720
42707,14340521
68506,3774092
62707,4926887
91624,2178618
51491,13690803
4649,15441974
76092,12301953
15889,13254561
70133,1683299
3558,261510
100431,8100864
103458,4963500
47286,7672087
102666,3034247
88324,12332554
46864,6374508
33484,1570279
103440,14816522
82918,5557949
40708,307316
38974,145123
58867,10132484
59990,7663015
85013,1756927
30278,14753880
99013,6896129
57164,5626972
74627,12095160
21932,7529894
70596,9112301
18882,2040937
10176,5561836
22160,7220633
63508,4802659
78865,15911042
47933,173869
10106,8700366
22245,7794995
96781,9174178
57890,7115673
100564,15037589
18304,7144921
19747,9408155
34711,15677312
24821,11970356
80891,13008974
99966,8975668
65204,2973431
24422,13275998
100348,11776218
36867,5062677
90150,11920163
29075,4748523
6511,12178352
40520,7321918
71426,1441108
95880,9951975
91988,4590092
82701,7154733
101734,4154453
73819,6722260
77054,2490592
46100,3044555
1175,9490055
86106,3184989
79379,14523788
4029,12679387
50180,16423195
43490,5700607
65050,1342861
3463,7171662
45825,13589970
85378,2404654
90748,3012263
66033,8184367
65604,8595103
55155,5381165
37180,12177985
53143,3381171
2,10403951
19186,12799077
9418,8370493
25201,6848159
79052,3675772
101855,11402760
36717,12608307
31749,8423211
19684,16628647
10200,1878241
86051,9996126
50273,4902634
78691,16637544
28199,13500512
52700,9171615
12334,1052814
90115,2093349
77501,8693881
48137,16569715
31325,7420427
8968,4478962
14485,15073086
100605,2798685
23827,8887920
77463,4250325
54108,561982
80906,4119236
12408,16125426
35786,8427097
81838,5415578
72072,1120827
43555,4845232
92344,2607482
97939,14639306
26554,3003162
36126,11333275
17497,10051900
25855,7912181
18300,9182792
99970,2886753
95836,14745838
85753,8980913
81139,4954852
8321,6270527
16677,14243483
100790,2759438
64246,7902356
36731,4504234
78946,8129017
37934,12321343
85506,3229141
68600,691269
32100,16758558
54821,3190294
58691,8882970
68953,1602475
7369,4843775
57044,15582667
69177,5920187
31716,9500327
100258,14453882
48347,3139984
16577,12853637
67513,15189570
47516,5168700
11270,484451
69110,7396279
94573,1006268
66688,9904485
33396,12570390
69576,3655146
24694,14341686
21144,6087931
63772,7992784
2886,9780745
36386,6043288
70227,2130935
93792,15535
99755,7575830
34628,721721
76207,16060464
17416,6141282
27144,9999255
90773,6954254
92501,12552107
43608,11710548
60477,15587734
101026,15901067
83903,12661237
83703,5004988
62294,3315835
13594,2454731
82944,8603231
84392,4860560
95173,16182652
101387,12658710
82824,10852660
45135,15753320
95529,9995232
17791,10969510
53478,9652624
90440,2966494
96879,11807947
34152,4607061
31653,1672436
23341,5878170
88887,10558262
97767,15242671
36221,13680478
46803,12078476
91686,12717222
38681,16157204
84346,9514839
27957,8129476
73561,5600302
8091,5471709
48037,8651014
48443,1978477
104433,11943329
54644,15260219
13329,6797953
80304,6009602
67485,2452977
36864,14830550
103035,3175039
98279,1370427
36613,11181919
20977,11790940
98962,14140157
70845,7346506
59159,11418119
60250,9159470
66756,4625566
97835,12124620
42831,16581444
84946,3576261
99742,881041
101758,14299713
23254,4676069
29041,1977637
49900,10693256
75046,10920750
7248,15739547
27050,2590347
103794,10968172
221,12313753
4826,8978279
32419,12099194
67545,2925596
79818,370537
2341,3137194
46741,11960036
66898,5930392
89529,5982075
13913,16717294
32817,6975594
28882,1607407
19632,16558558
72212,15542060
2125,3066368
71336,7661125
73794,4809446
45740,9396871
23317,1249625
85658,11449811
14209,2550326
21408,7557039
8120,16432416
49885,8171562
36550,6978109
53052,6373190
26945,16180930
67240,4244635
84877,9379428
83701,2637697
103725,7847860
99679,2323804
71214,474871
31445,9311326
76310,16543146
53148,12162694
98234,3363446
8559,12006639
40411,8885474
7769,10694807
5846,12686597
92148,12587393
31058,14897123
37917,9991063
99170,6604652
16941,6134206
29624,138273
52430,2547116
8433,7849768
84549,1664446
57341,5099131
40220,7318680
3027,6637546
69667,4417689
7470,6727337
1131,11205940
100826,7456746
7890,396286
12154,14940209
60744,6255386
86316,5541596
87016,14032932
5104,2726315
72579,16552710
85651,1888895
81219,3340872
99560,7357992
64351,7643176
100996,10489693
37958,14681761
43000,4159794
21459,3468491
5936,4462575
31835,11588034
95351,11513567
27109,1096968
95038,10586045
59388,7945070
37966,4797047
55284,16329877
5270,14487260
63355,1008357
17001,13672236
15934,9693882
95074,7559622
96205,16794314
78908,8799955
75051,14636022
17974,12597789
6746,1943736
75786,6727936
21254,3317099
4990,1986159
101275,4981964
65057,2624645
55509,89721
78493,4103158
75189,5606726
75618,9022002
85235,10219313
96677,10610641
97683,12664624
2144,7299844
1384,10360919
34957,12710146
52094,3213894
85350,11615547
99269,2485555
89357,16121398
54622,9877278
74197,8025254
97899,14889255
3255,392473
104330,12910720
45737,7982405
63804,12478218
28353,10619369
99134,13092273
31661,7391231
20717,14140536
71048,5529279
69404,10223989
84776,5406192
62210,7739640
64796,6649455
65751,10543187
93132,1590109
16376,195579
81598,7782567
9841,11053962
96747,8779505
63015,7000732
42111,6373354
61626,4696786
1272,2507653
35051,4189129
53074,5693137
61490,6336610
81611,5472001
37583,15643426
31791,16701293
44839,2715633
90420,4837338
46167,3344034
89082,15224727
54383,15777348
60569,9242364
29422,12303707
97794,9623422
60799,9077251
17790,12895735
84680,15338604
49529,12257252
43323,12873306
69958,410499
92131,2095762
86510,4291804
4523,8486490
100260,10181555
93096,2130076
17429,6722849
50750,12460145
5959,8925308
3942,7496448
28993,6540573
21100,1108770
69037,2087676
98931,10775944
35563,270101
98122,2342650
84326,2240232
69214,7643838
17082,15208915
63414,1895511
20637,696879
627,14274433
55281,12411431
32195,10262292
99549,9016096
26,2963280
53655,15082860
43873,1836568
95612,15061555
65261,10183326
70256,1051475
99828,1296471
27908,2290985
74685,3734944
75433,7873537
26436,2171266
13215,14436248
80442,12781601
79789,3777632
86561,4289949
824,16594225
64631,14092068
62983,5961595
98149,13023353
34506,2081176
24264,16318950
99172,5775016
93227,12829062
64523,14319602
98223,10049716
59431,12242587
56841,587513
92112,2135566
2119,2480045
88184,12442250
14996,13075933
51734,10747588
102597,8035713
51000,14574417
19359,5302839
2674,15436054
67611,1170945
83284,16053404
4772,2145595
75160,16271340
28595,8534738
66900,5044929
23574,3055407
81714,845809
1635,5434832
23612,14571487
56227,447032
102293,13414403
56012,10550378
6563,10728783
11465,2439353
12005,11979680
63079,10552290
80907,6615940
20451,2151347
71627,11753525
79933,13876730
28347,12346120
11847,13705013
84780,11568972
88719,1809863
51583,5572214
43578,10003489
16997,10632849
9254,566730
77805,15663588
69114,15677766
5636,15626040
32856,622901
49302,1143765
55193,12105278
99127,14280186
102284,6914563
7932,7128629
59009,5505007
100520,5593558
73694,4250264
77124,9862133
73745,14970317
65407,11971887
85409,16678504
19070,4516322
18272,13403781
84911,1096244
10881,10495968
88212,2412680
62554,5360216
93601,6023557
6698,5314791
1603,3502997
82400,9205303
34018,8613083
71467,13837623
26716,12048142
102591,493872
18596,10829470
8665,11899314
101648,35664
18679,9648416
103668,11073659
25923,9798235
41818,14331068
8111,10711356
43229,3106162
37509,7253128
69052,3430416
35947,1040046
92164,7652165
19912,172382
93732,16405595
100086,12417826
36132,674417
6968,5706299
102519,8786340
11947,12751855
65117,6688088
15701,14165482
39201,6391908
86860,11946610
86853,10305779
70667,13401164
34556,210285
55225,10148184
34232,3922059
56875,15677161
81438,7498214
70749,14798504
53358,1198619
101118,15135281
91862,8576291
72437,16394758
95184,3913223
86133,14996915
7125,12147282
91354,4150420
18186,4594428
66444,8466687
83502,7855361
49154,752869
63340,4406355
80202,719939
78350,15249063
68489,1651522
35215,4463556
80539,5236215
42978,11020817
45705,604769
9995,12126111
53718,16087452
86666,9058055
18552,9247019
33097,13722451
48207,3358850
26880,981326
32064,767295
53544,12191808
66296,6165562
101467,7642028
67231,11120137
100102,13016281
64854,7478257
99375,53262
54041,13594375
22479,11331614
44569,2868076
51733,15853597
80335,5414483
32311,13657604
21971,7131231
70720,10075012
25568,15674330
8355,10933290
29472,7383998
1071,11388713
43594,9507810
31911,6086799
60968,10880961
71094,15046276
48533,6303717
4514,10250768
391,5099739
27728,11778213
53470,14044214
46851,7899223
20091,7808320
10971,15801108
47708,10995198
42198,10128832
50350,4645372
11102,5809398
60400,7629822
52582,14792610
50947,16185755
11459,12342112
90777,3495682
87764,8112315
69541,1249948
99355,1859646
43194,4621296
83072,899450
17780,6926244
8105,4224615
42633,11832782
74986,2078120
83265,7679569
59102,13678296
41076,15358079
62969,8913727
104403,12457328
73186,14277999
50631,11289669
75133,16520225
63821,16190583
74412,2103430
97891,13844594
51817,15711750
35797,6650593
80405,11869822
62524,8779031
60555,706995
1984,11553855
9287,2785485
76235,4252371
40326,9332066
49929,481167
32602,16586603
90704,6289015
64441,15019335
21815,2586681
94503,16237943
83482,14874703
44768,6645816
15109,6998793
17644,9448571
45773,11419166
92766,5810839
33287,1232093
78433,6932457
41980,15353263
96706,15494532
63963,9371492
29734,6212518
56842,9937206
44755,12758945
77879,1747209
73441,12409226
19562,1377065
15710,5799123
45758,1228685
61757,12689848
56011,16357788
55167,11389311
5213,7827840
17466,12875825
87295,5429072
94466,13964135
33605,4746616
53701,2647760
17030,6739018
35122,1980563
20690,13378689
38369,4647190
32422,5921328
45139,1707042
57738,13464744
52000,8076225
88705,3205045
9902,1018542
12243,7149940
99884,2885966
9661,13684266
70200,12840192
67590,1596834
39387,8370058
26012,16780891
102846,2510437
93152,6423722
77953,7607316
43568,5001050
65774,12564359
93273,15839155
9716,6553173
15943,15000736
45784,761788
43148,5315097
44359,7300621
98531,7975638
71783,11851339
45522,11555066
2462,3187036
36307,13345358
50810,3086372
52262,7520491
9930,13601388
80981,12154089
92664,2928996
43543,974083
38917,9023020
72449,7338050
62356,11431981
96134,623881
53376,10625583
91828,4149610
46278,14291674
13172,14166775
21090,7492967
65819,10635238
81065,13238796
95575,15529383
42212,4958229
91393,13400280
60834,4461089
81367,3196257
57181,14552493
24175,5311553
91679,6432830
97672,12103017
56080,9702931
65760,11113413
59537,8044371
68647,9128375
14906,4951495
53433,4152737
6278,9646415
41291,3715151
43664,82203
54969,10975084
25903,5235424
100545,3234306
103526,3058187
27061,13837806
5734,15011786
57158,5484168
97430,11600869
53170,13201167
40776,10884180
42334,5091154
66020,313034
77615,11208850
2802,16569637
70701,229802
44460,1185613
30434,12590139
7148,11221341
69375,4875534
41531,5175838
21414,15318213
58164,11719522
73704,2621055
56548,13845108
19743,6621910
54648,2766917
91229,16103693
8616,6809282
12871,12257345
73446,3954422
6599,10782810
26304,2986494
84799,6207942
91105,4382902
12705,674121
69154,3998132
39252,3711031
21920,13146112
30677,13082481
94435,3837333
64380,2926065
83490,10307293
13870,3554050
89682,16363762
4879,5352980
45406,14036950
61042,8174096
33848,15357656
58947,1098622
71320,607082
11033,12108268
100617,11193549
46327,5970596
101306,5280365
87464,318159
92069,12432489
14137,14459036
101399,9804922
25842,16506047
60099,15315344
15662,11678133
17430,9401982
77822,291858
65235,10396719
7592,7992231
35133,8200645
33190,7964754
47777,529273
98615,11429434
27457,6407114
60092,2411573
27361,10978018
76934,12788833
63280,14281421
13797,13862334
43268,4504959
59677,6239824
39332,7539559
50229,11493826
46849,3150123
85400,16549735
46915,8890201
58904,9876284
40392,4966180
39476,8175672
2414,9032114
63238,9217037
6914,13343504
416,3631572
93501,3498794
72482,8065429
74633,6196474
52080,14830153
16498,6665023
64173,1041950
23216,768659
16949,12014977
28789,12220914
36614,14322916
61621,13731428
18204,8971944
29135,8037294
68674,12756410
44160,10215323
66203,14631431
32783,9670785
67818,9439409
28268,16269721
47188,10818562
45797,14061686
60945,16335376
99453,2455472
70015,3108534
96800,10270492
100142,9114403
93255,5727477
64352,10200138
20456,11983694
104091,3514370
22397,4683146
96252,7984110
11588,5970752
15476,8370225
94763,146390
87833,14902417
102061,2386780
79459,7300609
24558,3217785
33085,8605976
102889,8031280
40066,10823733
57860,4975794
73282,14579868
660,1927344
53071,34984
17986,16256206
46262,11432390
769,15778262
21935,12589804
32762,15597290
54000,13897645
4045,7565475
74518,9644439
59348,14318267
38334,3228826
45225,1302305
36214,8301401
8875,13822671
2003,5890445
32516,16017378
95607,16162369
98429,15561759
94988,15191716
12936,7438226
28608,15550316
25423,7967180
54130,1724295
50114,15627458
22360,4115930
55633,5669626
50524,6346239
22850,12280927
18574,2517344
31138,12788578
70753,2698979
6033,8042076
38041,14751409
58410,6067028
5889,10874648
38199,1018092
14530,7428946
10778,15562476
67351,14780879
75156,11911947
41298,11404230
7657,16277982
78546,11034054
86527,13734620
80429,858742
38525,13531392
22796,8146247
21087,1935466
104200,9895421
82311,16020922
65930,13938547
85630,13407506
23557,7966872
42860,4774645
70163,4002833
68412,7712677
21447,5256285
57408,3874015
26997,5525095
60448,6440943
53826,7438628
68742,5331491
29726,1583958
53388,15969320
489,12520757
75018,11568804
11415,2841208
69692,9548158
92457,11036284
93819,11906514
15396,7247935
495,15846044
71440,16125940
96068,309066
73786,7446143
58457,4732055
103969,9358006
7614,11353031
23272,8958332
46065,12719692
63991,11902490
89217,10208878
11569,3837871
58116,15100713
50417,2087822
94413,15109668
65507,7082651
72725,15474721
102787,3871529
73666,9031015
55753,1067829
83153,6237751
48914,14414279
96764,10621964
6581,5835977
15007,12990546
82921,11130789
100053,13836033
23614,1831560
90925,6057539
61680,2973196
20525,5896034
91888,16101777
38619,84143
28303,7972343
30945,15186054
21535,8647746
62905,8626942
42464,4038806
7033,9502890
84698,8851359
44561,6119605
73199,11688883
70103,11230013
41838,805531
9231,10881668
31937,9691325
63823,10622978
1498,7281730
52405,8888478
18238,3937583
66488,9442277
28598,9944784
88167,30572
36776,8793702
102453,5330250
93449,14572429
81989,3031791
2720,4222658
48644,2706796
41507,6852244
13419,3733708
64438,2919212
6319,10225813
23737,5814881
12794,13237784
39473,8332866
53078,8583981
101782,2107410
27047,11895728
77378,12333334
79047,2617226
7784,16452712
13360,11779556
60482,2067821
44008,12251295
61159,11250503
36723,12481388
10208,11690869
84044,7378705
23149,5461859
90128,14851781
96792,13664108
36350,5284660
49950,14606266
74765,1638193
34143,4904026
82351,15684566
7972,11115028
39141,65483
14707,4993379
36134,9907121
69523,8675533
35359,2768391
103155,6202559
99757,686476
24243,4346692
69042,8390816
91479,16254832
49245,5192845
36107,8098663
29106,13761231
63477,6758965
44239,6841925
103251,14288376
84815,3512820
61696,9011979
27209,13956713
91608,7758397
73223,4317335
47818,2867466
46456,15534881
3296,12432670
99349,15664182
50108,9566141
78115,3389914
51192,1702799
14650,3872713
49175,3326062
101321,13158353
74751,6503118
56477,11650963
9184,1705850
85758,7918108
78263,11216732
95717,3716647
61528,1385581
11584,16081535
72627,9275304
38281,13534191
989,7344481
72720,241310
65516,11363718
69118,16394314
72817,11525621
89230,1680595
87174,9598392
89135,12060722
69166,5964471
41879,15175855
79333,10340303
58892,10493788
35740,1314341
33275,9603724
59763,15594172
85342,1029999
86918,1335330
16736,9164075
68639,14539178
33931,14736776
41419,240637
85941,3595068
50967,5500445
63385,10635012
66322,1257817
23366,10083606
66532,12276294
64848,3822523
21825,3958955
104167,8236834
34247,14571651
39129,9009019
6439,9672095
46299,146843
67740,10528160
59457,16461820
60469,2289883
76313,15963221
67363,1915972
2357,10892729
72742,13445979
61055,658217
20279,2199792
50733,13851718
65712,12375968
58839,13981658
13044,3161672
93927,7339990
1105,16659318
60446,14518808
52300,10041895
11063,6292547
18504,12203981
43425,10616816
70192,9227961
86340,6380927
82442,16274270
62719,7038941
91448,5881301
2069,7005249
57086,16014100
77234,6732614
7714,8948403
75423,7728552
79366,8104381
13566,1733417
100067,15908074
81660,8284639
68362,15261123
1209,3127612
72753,13694984
61401,1622513
12517,6458104
17366,16553282
10348,3675182
102152,15186406
42216,14705547
51174,12953190
35928,1266520
5601,16182501
840,14225301
53485,7211396
8507,9024029
47814,261636
74670,602239
58030,16076740
26395,3966193
29458,11773731
103879,14952075
38819,6748184
84295,114909
22537,16498092
97219,6035847
11777,3279796
90996,9816257
51776,8077268
68232,9916550
43653,5021407
102242,8383581
87132,7661665
47824,14379217
87160,3888883
72944,12555734
73682,14051251
30634,318859
87503,5455031
81732,10341179
28873,8645207
15224,10291901
8870,13693321
78460,3789307
64376,14200748
4587,12961458
22312,13925858
53468,12131128
39219,10111076
41364,4557131
11260,5266122
30298,7216981
75654,1551734
68107,2161583
2963,15292994
100684,1626751
87470,7947615
458,8741310
86942,986607
92559,8644235
9358,6943654
94124,2910896
83410,2086352
21082,6092063
31510,14669620
22541,14429100
92651,9351876
84592,10767348
93372,15263558
37931,14526283
16275,15186266
38735,1243752
31358,7701046
93272,7511733
7652,13163501
104281,1925660
41100,13280990
46011,7796675
57502,136489
69957,3913058
84914,4360083
93561,308129
81470,8917313
25950,9526948
65378,7131436
43974,445648
25963,12521914
18310,14097299
48582,5823488
58894,11219593
94966,9536859
45787,14067903
45997,5937424
16136,6432214
11358,13125796
71018,12140631
18012,10087373
93320,12585444
34609,9558479
14523,9648873
69091,3121739
49680,1847876
51166,4582378
10776,5701281
17340,3173534
41402,11040844
7862,11627135
25408,11357814
3519,9368307
63913,8928879
100345,953083
66744,10294349
20273,15531581
14360,13596269
10186,1320576
1087,11450427
28803,15703302
81331,15051777
89279,11448939
36483,4564901
20825,5712514
83117,11242474
10735,13788259
26957,2789910
61904,2503797
26389,3957087
12286,11908687
76186,4737862
33977,13343673
95766,16688529
89904,9271940
27817,6648403
82734,13467045
689,5565817
69485,6607825
22031,10395999
75704,1608968
45712,8240913
85847,11463416
93011,12588573
29230,904108
26271,5450252
4114,5522974
65613,8134995
69551,947829
70743,14507938
65433,13226523
14256,8289470
76885,15643622
8451,12123896
6648,1291778
75437,8367000
84702,7392262
64151,4239507
22457,3959579
18032,5895656
15082,4707993
28549,10695470
39826,1025897
53920,7398174
77597,4248926
88524,4262130
3381,6724575
14106,7751568
17779,5903913
29889,481498
17923,1552743
43026,8486980
43818,2691209
97600,13819009
32183,9352294
81940,9368205
61925,13160292
77052,10753067
18443,11109203
1500,12065974
103921,16073457
33047,4142674
36725,120785
93392,1518914
6792,11513899
102930,3434549
46881,16037921
33033,16227640
59982,1245916
94779,2620108
77146,15277648
98296,4873996
24107,2227050
15102,12095881
79008,16689601
81541,2387843
88089,2160165
85805,9392493
24364,1696575
28388,1552363
49706,11303673
80796,5955107
85642,2803413
53868,2194334
79029,10007325
67988,3221035
87420,2166364
27860,6685388
191,8011095
11764,4284264
52734,4309227
94357,2367720
74885,14650066
45969,10351650
15535,6005739
98780,12584595
53861,3548780
22815,7459961
14331,4756489
14326,15001299
53681,15995022
85567,5261945
81397,11189864
40206,4529045
87589,3955457
37900,11281388
88374,4637048
60765,7916786
1967,12400957
42323,11930809
57216,8040927
2842,9484698
85614,11707235
84120,5398482
73838,4012998
103303,6770452
72224,2385313
97091,4317757
58935,11377526
21857,5886321
21362,9037683
92372,6631535
54949,7185531
98399,4118669
19499,812561
19875,15423487
13995,2483487
77189,11580829
72693,15938310
3935,3373390
33223,6703653
74626,5383977
84722,9713876
67257,9118306
37543,11564577
90044,8209477
81004,3472338
93969,6566911
55415,14861574
92567,3536540
28375,3878265
80120,12072956
77648,4675355
26714,5705612
66310,5096710
83443,12048851
35801,5381388
58158,12713310
14885,16191523
26890,8713066
43847,7106041
94127,14717946
76501,9254741
65335,10666425
60612,8261953
45529,5206007
17156,6624993
91632,15207351
55198,6833375
33061,4508550
19776,12028948
973,1440387
48176,13843662
246,2223141
60596,15412337
93599,10208681
23483,4129811
19832,13093694
67999,3353153
95253,4177392
74321,4196534
68445,3345430
72631,15770944
97870,6844201
68686,12271470
31087,14098116
73032,16362123
72406,8867082
82013,4842482
63436,2904317
23148,12237897
26923,944207
78650,9042381
76265,4274906
63263,14219106
103243,15331011
17807,10898099
7097,15270973
17063,9542956
20052,9842959
92066,4538034
93929,13012408
74568,9853703
89981,5918423
61612,3147597
20295,15196280
74366,8768793
35308,2215387
20870,9639842
85143,3666235
2874,15363904
23589,14482262
92292,7002259
89235,528789
78292,14638961
62788,349963
65182,13341724
29413,8483451
100963,13288279
60489,9647889
84127,10342724
67342,14645044
97228,2245372
68101,7064404
45620,10073203
100205,15005210
97997,16784490
69738,5318064
46600,4138227
25856,12817655
4850,226269
40138,3818519
33174,13781319
60943,3573298
23505,6646994
65494,2716298
77745,8313499
65133,9152046
7337,4622468
31344,8520461
99534,15337214
48665,6147159
67559,11085061
7108,10630976
44212,10895005
72349,8753975
85223,12259829
10539,2142283
96317,16020650
81999,8050967
70344,260141
60773,13501589
26847,16376188
27337,12339360
28730,9209989
60042,12050241
100620,176450
28997,14775830
86589,14335026
68608,11054938
57352,13371776
78754,4305738
25617,13343068
102821,11231162
28390,3537076
45977,4859817
39971,8772105
41727,6768172
11255,1732706
30577,15425778
43024,15836918
32723,5277103
62530,4586888
16175,3432
29401,8259438
77347,5514983
9845,14289066
81468,12425044
22911,5673943
13638,6788375
6202,7360825
73130,12561871
3434,4239852
88232,11186426
103277,6267978
38310,4375344
89614,3657177
881,9162967
101677,2474399
81996,14360120
86627,5126630
8951,13985902
8666,988788
11767,6246935
20025,8956713
35569,14440571
91273,5012147
63303,12521168
49456,5719423
78167,14231230
47507,14235499
76761,6458009
84226,16059423
13725,15793412
2143,2392648
51328,11932607
50010,13364076
8304,13661884
51336,13112750
46714,15790472
24497,6971700
54869,11625311
36646,5172269
702,12301510
60682,4357352
57873,1387618
4720,8560498
61566,8950765
98274,3616034
27900,5494055
18822,2951848
41844,7827150
99865,14029889
3305,16728518
67844,4559746
83166,6971401
43852,9699188
75655,4295689
14163,7753340
83040,10720065
56236,12795484
58735,14072198
19439,4736659
65234,14316192
90287,8757116
56077,7464715
103353,9781576
78543,10293661
72992,15257570
75044,8868195
76665,7451082
89766,16086751
16159,12330715
94453,10930579
60676,11412041
52339,799433
70827,12810105
77192,5317330
75043,11492932
50396,10879726
18965,10238948
84612,15380060
98219,152433
87317,3114922
90841,13679842
6748,4820742
49053,1540934
7433,10778747
66758,7501609
48146,10869282
3243,6810383
37803,10053635
1230,540707
25012,7013084
89325,16691149
15328,10859027
77,76860
26952,16530477
31342,15485575
26765,5010180
38911,7200181
31379,13943132
74890,7785589
93990,13705832
19567,14370122
46315,8182436
24877,3865190
1805,16418206
100993,13492682
18582,1140751
22995,6879652
12054,11166773
16555,9708888
31651,16025372
37266,3975492
32598,9644054
84246,10949960
45378,7714181
16198,14304905
13018,8207557
99652,1598202
9934,3342850
48968,13991257
87391,2232725
34793,15277128
121,13199082
100840,5030686
44848,15942316
51408,15922061
63874,5041692
8506,9207731
85515,9244819
18280,3939719
89672,2395464
83439,4570986
49019,8572481
36181,5037085
3986,11938136
55917,14966359
5205,12765703
93150,3004246
82295,892452
15252,12502038
2848,2733069
82597,14048089
44597,8794735
97839,8052231
40978,2263126
93930,11789752
65021,1030201
63521,450820
90445,5926703
71679,14215668
83824,14323582
90795,10127892
55317,11229920
92502,10470257
35191,6526119
7547,9995432
48494,8893380
9137,2873043
93018,6722213
68149,9782342
81232,16183035
49781,1808270
645,1690588
60653,689505
100217,9458937
67395,12379412
61893,13973373
46291,14696197
100932,13955878
66289,2755466
7663,3383744
92391,6323813
28629,15183570
49497,8594769
73928,2974486
13416,14146212
62084,9629432
54161,14426615
60434,7915018
42611,6027219
92549,5654615
72880,6009189
77384,5876377
64498,2004189
52294,10891414
32899,3351576
21151,12870296
29162,8809707
101506,13127258
104452,681830
19827,13785645
24889,16223910
15663,13436854
54702,389460
95474,5359634
30222,9986408
15726,16503134
88047,4347675
40190,6808473
57514,4597699
41490,6601160
22486,910886
25663,1146320
17173,4942866
1179,11588311
97306,5749391
25264,3184793
25080,16656710
72106,6223672
18810,177190
68351,16201158
74413,14661205
50804,8988950
59197,11306635
41427,6414767
98968,3931709
29335,11313399
49783,11671381
25216,15562013
20103,4383817
166,16434814
70700,8193235
37396,1693404
88727,4292698
50308,9628835
18182,1556210
81262,9022870
977,14704913
38314,4136093
104008,2825297
31762,3259951
43371,6679674
15135,5819158
99643,14090364
70623,4051213
90543,1102999
3456,10398419
44571,3010903
96702,13009200
61346,14015732
27527,8232561
7144,7776077
51584,11964103
10537,12562040
60132,6278348
8711,12126104
100648,15888280
11659,11961046
62944,9124071
21795,3987362
37752,2399665
75926,6216883
68488,6370100
60187,8770400
68957,3582011
19956,1683542
549,4476849
63908,7849206
97365,15300100
1614,38914
81730,12531516
57451,4459029
39929,2716311
30756,5359427
81604,9175920
55892,14743577
37098,11390636
21322,2689970
33428,12106172
74139,12342957
3543,5988861
60145,3039727
101250,2029850
36790,12145039
22992,10023715
35780,12260656
90555,6802176
58075,8256468
58012,11948
90073,9544748
61195,11379631
12779,8044233
60813,16179041
55401,14616022
25410,1452973
64988,3389566
97004,9350483
29907,12507358
31375,13303721
80629,11564250
89086,7854607
71452,437317
19854,11180368
63255,5154981
47946,10636195
39224,9383724
69262,10401660
83987,8499561
46492,10727088
17562,1892915
81328,13374864
103873,6487390
93701,6586704
84007,2273456
97736,3859050
32185,6437837
77835,3973099
53766,15045314
23759,4799716
13570,2317892
47396,77112
94938,4106485
48751,1248250
61000,1058419
27854,2873520
3034,12677733
68179,9150676
58914,12458527
88380,5408431
104065,10470730
54542,7582072
81875,15678772
21400,14593757
64958,6416889
36087,14096107
27104,6105347
67519,5659892
77734,813462
88734,11546113
61918,13182162
88386,6351313
4875,12186680
33297,813638
32070,10649547
83397,3330931
41995,3296889
41251,12794567
36516,10573383
89139,13570906
72509,141955
33710,5224622
89606,12877457
41748,334940
69201,4945371
78230,9097219
63446,9703684
3102,9890372
68584,4632888
65579,5159359
55454,5949091
73860,15492663
92281,4866913
12349,12673901
40248,9124573
95206,6898512
33337,8315416
103163,8504455
28345,12005373
91169,10588362
91704,2915547
18454,14213434
60597,8391309
35146,10879582
5852,445322
47060,14065596
93619,8085135
24828,3592474
27791,13364953
13249,7624204
66550,969558
33459,4938837
51450,891747
86292,2822702
52821,13135413
350,9767446
14119,2865860
87522,14653238
40209,8792877
10997,13652252
45127,5444729
20172,8933374
100926,6834183
56839,12309121
24912,8345941
80421,13597415
98595,638092
69270,8196747
65780,4044597
4032,15895657
19009,1865584
49242,10863989
9429,10426258
10259,4733033
37035,16145252
48560,12456685
2594,206341
5935,13091323
22136,4748835
60128,8464919
25564,3009246
53865,8038937
9632,16124561
80605,3668221
85456,12395831
75442,4002510
16112,13872885
23849,16219639
59088,16325913
65097,6157156
7310,7103502
69887,13316481
96432,222889
43275,11239585
35223,14509230
14111,192875
40558,15555492
20354,10152963
79498,13105819
77546,9707102
55416,14420157
27617,8464199
20636,10536554
25160,13644993
77260,410288
89401,14380584
41553,7019712
66650,3446542
57688,4629689
89588,6648805
97546,8977978
2852,7206971
93297,7757580
34078,7148321
88013,10784056
28244,12196455
2884,3778599
37724,10239667
62901,11631334
16686,13482286
70918,12914123
44438,200318
84657,4617850
90080,3109566
15967,15388895
56558,13678923
48590,15170052
72461,3574815
59439,9669494
56718,4672055
98409,249837
74153,7291185
89197,15070499
38234,47641
29747,9528094
48105,9380051
77170,6578967
24222,13191688
39998,1702460
98689,9089054
101260,6306624
23955,1202920
39917,3767732
16148,16407492
25375,12970398
60146,5414714
58138,15738206
46289,7512682
15749,2132280
60062,6570050
91364,4048865
35474,9246434
74554,11769276
79493,4254991
40315,348005
79056,2602031
84357,12373171
34075,4897693
47064,10648577
74340,9286780
68880,9000902
85269,15476629
103563,7676279
46426,5010627
25669,7480661
46886,13367430
1842,13800039
92558,793387
23642,15953333
84831,2366903
80526,13504368
70242,10944768
58591,13720900
48805,8378617
20409,16574477
39116,15935744
68659,960984
54369,2804458
28014,10697487
101033,8342890
92966,15708096
80833,6579715
81794,14477758
40201,6710732
8011,15240830
52218,10959387
65586,1124366
73034,927137
102053,7511205
24741,11887135
88435,13062181
26930,3689264
61128,6543780
14914,11223087
40094,15755294
139,7962584
21445,9879102
97390,12168555
61158,920588
64008,13469456
18863,5899589
23468,15356849
22645,11227314
88225,16464919
49976,13104991
95437,14670326
93909,546443
44377,14565846
7937,6252724
59441,4634921
90297,6279836
19906,14381753
83959,3131701
95946,2395628
16952,8975884
91721,13403252
46000,314714
95006,13047713
96236,7912046
37018,1795943
36900,15224328
33825,3439874
25641,15685781
91758,9414972
18956,10501150
82764,1718271
29436,494512
98608,13954015
67232,314460
89929,10138034
44784,15470002
84822,12260415
37758,2489867
58895,4924098
64347,10920611
43419,1393268
51314,12486262
14987,4401643
91228,634383
82334,14877393
31908,7472140
39521,7734886
82636,3878769
62485,7559330
52413,1316438
25084,391004
103116,8680286
86683,3231672
70490,8582892
79252,16014580
62806,8520670
41705,14632043
36057,16216294
23545,12831742
29886,16222016
46917,12458534
65913,5740416
20543,7219498
46005,11827844
15392,10035081
89040,3594735
40813,2951521
4151,8150689
37735,6022852
2353,15868200
47763,15328249
20011,1814173
84320,10431420
91177,2325985
88050,7149836
100551,8483188
32974,6128508
70787,9357588
93941,8652866
94150,13219913
14007,13886777
8328,1901175
19295,13288571
55127,11243611
56905,2005552
93479,9915179
21637,12409449
6409,7683987
57632,2381252
87310,13108690
77073,15143291
46904,13006401
19587,3961428
59340,7426658
77812,14075551
43134,9258236
66628,5011246
58724,11588927
32045,9333230
85080,14818917
46788,15977195
98277,12681854
100242,13810777
103826,7268577
102276,11022975
40380,12953749
29147,10098421
34179,5953205
68439,5720165
92333,16257385
27822,175199
97670,4855526
1412,13820884
46359,4397853
56091,7389205
94963,16389291
39035,6431566
77775,14503274
97195,10261202
92081,2804456
25438,9207458
76158,6321448
8706,6065577
58461,10552690
50161,13170852
90935,4046775
65285,7750101
19834,3814791
39691,11107514
56280,8563812
75095,385188
35463,10745092
44709,16426441
27124,1489670
102244,12492707
43718,6656168
52711,4534430
81490,2624038
37104,10772902
74057,15209719
97425,12132091
41389,13718427
16590,8150364
1532,11062002
66573,6488795
64024,15264642
40579,4421026
94750,12521658
94364,3373817
73088,2834756
78894,7568770
4724,8368919
100254,6383769
9352,5769364
29673,228576
35861,12064880
915,11658525
29975,13239378
63283,13862222
78137,13699799
5549,2896511
53763,10531655
50379,13887461
97817,16299385
80038,3516658
43882,10403422
39331,1849140
93065,2736598
6187,13155820
77645,3993561
60462,11372390
103666,11189465
31134,3944529
37546,15230797
79910,10425998
68604,11381850
28563,10085469
33452,12704773
5948,5972772
7374,876150
1252,3110572
36269,11531089
33911,10474278
3966,8504696
64626,3168404
25025,9588833
104270,14027651
60119,7350964
60427,8879085
77889,5132015
92224,2270069
59374,62029
76975,432228
96186,12322404
69976,6155760
18665,2506636
38578,14582724
15460,9852674
60033,13563270
42763,11735685
24288,553864
65736,11789641
52087,4603412
19948,9000600
9171,802911
45556,9748266
73624,4307377
79829,16663117
33674,1090364
45596,14587959
67116,13009947
34389,1890141
97745,15123880
15240,4415720
92091,14037867
64330,12920844
86742,10859426
10463,13060158
88827,12820263
91675,1838245
32642,924326
58618,12067520
82155,2538039
72334,1095214
71140,2231772
86539,12698868
84012,14939725
60953,9893117
45527,13915257
85219,14483913
27314,3677375
58371,15457150
63696,1499732
88134,9594768
33545,5588695
48080,225962
81788,10917643
72588,669461
5325,13035982
68123,16614974
74241,1774780
79279,16655626
66601,2336214
20889,2617177
329,10509649
27423,13050253
961,16552224
15680,14519
99470,5565531
76378,8177259
51521,5399961
88459,12986192
36639,1736204
97508,9137397
28884,7230476
8767,6637163
26967,11525141
23026,13780842
80749,10789193
7324,2718692
3283,12230283
15419,6349418
57841,14146101
21670,11154056
22587,5581237
12480,14267970
14668,9737542
72897,4006539
39543,9476827
95805,1564317
101281,14063549
2050,6956199
27190,10314883
78643,16217037
99573,9803900
27770,2867655
57412,7270236
18045,5353640
47819,15583883
82251,16740104
7010,8444153
53998,6749181
97411,7992960
103925,8358790
70358,13477839
19333,15263037
50696,9665201
68891,969053
35451,4859512
33339,1723409
95257,13719275
40456,5808187
75453,3527482
101799,9222083
95959,8517047
40849,6593973
74933,2686851
102807,6359710
55923,1382361
10868,5397783
28395,14258693
61239,10289841
61399,5831095
66332,16301903
25800,12308244
4463,13043899
97199,2613286
23954,9467612
83712,11425741
24071,14348144
23824,4439712
24057,7920935
21837,5930711
53293,9097443
40189,8943260
93376,3324843
19261,6664844
8073,4710884
12389,13200980
32445,4862338
14061,1792180
85477,1730959
83574,8327809
66568,5181884
44952,6452043
46735,15791042
93436,15012936
65927,2338117
22027,9262808
19512,10742743
53567,15915610
7174,6149313
63559,4435362
65036,3376085
100580,13837437
17935,13978999
26973,4270015
70566,5083676
12489,7088750
31818,12426907
26119,14246878
2533,1692321
83481,11493746
95932,4160294
14301,3734903
70394,3355698
23887,14028405
66188,3165476
36426,10961525
32245,8858509
67107,251061
95133,13870150
55136,10943700
94643,11434715
25961,8244333
50287,6106074
63388,6836202
31255,207929
18420,11545630
75210,6936134
5480,8750056
79189,16235440
81243,16216616
63871,5801294
10655,5660699
59784,8556641
6593,5979366
64275,8287482
15927,4393307
65801,4990021
37978,300578
91357,9622272
21046,14657875
54975,9629901
7053,11626516
93948,16431307
71039,7502400
8258,3206815
8723,5018655
56318,906306
90160,8665944
98537,9819940
90539,11763921
82868,3954920
89639,4467123
51694,1339262
60908,157525
14130,4522792
20939,3527806
49655,4651982
19872,5452707
68405,1466227
37447,695731
22250,8308521
72150,16198094
35513,10506741
14752,9869683
24428,4086284
36666,7324481
29138,6736240
40265,4439955
21824,7346454
82820,14840092
49081,13480948
1204,5283464
101622,16728405
33108,13364302
40280,13202266
100531,4199515
33370,7116186
43383,4183739
49002,10420970
95787,16201969
22999,3166902
30794,2524462
26694,6754586
27376,6191007
100408,10079187
78217,5347751
81030,9161909
88939,9753792
78895,4188154
87413,9607150
55213,2975617
29860,13597415
87364,11284754
8150,6515847
75388,4903325
56728,6252463
83491,49645
98374,5419034
44445,9199372
103818,14442346
16871,5544841
47094,631852
19815,10911837
77935,16385508
12814,11725350
74870,5005854
41891,14201563
87292,12337224
30506,3553489
31164,15927965
30941,6665113
84085,14991085
19899,6495676
34823,11374623
22396,2112901
28393,5134067
66421,11689254
86851,4134634
76663,1774639
50321,344087
16140,4807378
28836,11877453
98306,559037
75432,13844110
18433,9516364
50355,1605024
69263,14287500
18818,2503335
86180,14614542
104273,8556454
42948,7918029
14315,5612207
98171,8880953
1127,10065792
88748,5941772
25,2466317
47260,2670430
68609,4780072
74746,13723300
67751,3954362
23469,160013
20593,8038063
63544,11932802
34401,5618375
83607,9686868
3827,5356611
60476,4630408
51200,13737815
83368,2636334
16581,8967323
98613,2600689
33796,4907632
40273,16245343
84759,12074969
88138,7856459
86322,9258185
77458,1502868
7737,8259015
99718,7162941
14798,973817
18415,4170691
80572,6574314
104187,7061847
67941,15836703
40228,4426869
48339,13003365
29521,2034395
41959,3772598
6340,1136805
57343,16757876
81661,10974834
79080,1522739
64187,15872109
31265,1384803
12173,12889500
83728,2489373
35784,15256540
34236,9564568
54611,2685306
65732,1690381
51477,13089115
87563,1072139
76267,2920929
2116,9426904
51047,12620441
63225,15538499
1261,1722758
68678,2055368
104190,1300393
95434,1064938
63709,4323818
93713,15778002
49707,8780822
36032,11273439
65831,10889301
51012,5356162
1974,5184180
42438,12063864
58237,14063819
98760,8143290
7044,2599803
60712,9797983
49702,2854422
53587,6727995
97837,7757772
81298,9992469
29740,862821
34735,5877150
78320,15473363
1879,6988271
93453,326356
48685,1108574
54543,6244122
1038,948901
59844,4991387
37150,11026610
18602,7898269
86301,6660214
36773,12137887
34850,9647826
39858,5437899
75331,5690459
88364,15550978
37679,14219565
496,6028894
19881,16216823
21606,6079498
73257,3053236
55011,1892757
19197,2942038
22355,13142290
12569,3977137
71718,11122649
23646,8295226
20395,14236767
76095,8351134
50428,3165282
58898,13057299
82108,11109720
13097,4722047
11462,11428378
37156,9591650
50606,14017502
29508,10125546
55195,5030172
8842,10939207
5665,7436949
72754,11718528
19503,15713964
61071,8632742
65265,3939570
38991,13845620
69125,208985
103543,5787162
48481,13258848
23631,13100272
2563,502815
53414,15051234
92530,1867857
74835,15318354
15926,13947935
30340,151436
65724,807882
93789,1971983
99237,2454206
17418,14074988
37662,5861975
74440,9515598
15590,12898691
92270,7849262
84126,7450488
72595,3748872
69884,6976642
88716,15314208
43525,1093183
48603,1675183
28439,11101414
55181,14647475
11811,3627120
12183,4405031
90467,1128391
29199,16144234
19372,13468759
2991,15162267
24721,753730
98767,6499762
103103,4442919
92862,5492214
43039,10814351
50458,13986693
54511,5100779
31722,1232766
46451,15099557
49731,8213351
45518,16368375
18097,9181196
37450,1973482
56817,10911813
78624,3027100
5023,4911563
74016,4555379
71271,15496603
21258,14239848
54431,6218976
91051,4937275
19749,9355608
70626,6441812
42943,14895524
99937,7080178
68250,11859018
23926,429742
36007,232485
89126,3914406
66380,15066257
56751,15211363
87881,10913105
85858,2401225
32295,2995444
35402,13792779
98868,10771996
38513,8231372
18655,6537403
83777,9325101
50158,15004536
58979,6888301
16709,15921373
666,4600524
78741,5226985
72996,4595069
19196,12436492
73471,5672939
80825,15901977
53109,5353196
25523,4268756
18419,3004927
60192,11778236
21221,3175817
91944,16480800
31057,144287
12969,13516052
19428,5583846
3939,10156146
55424,7701143
77527,11954333
38496,16736101
41276,2164882
41650,14249561
44106,11895226
56688,15081708
11100,9028595
101785,11311254
49973,15589635
82953,270624
38888,12761195
8846,10009410
17393,11822693
85521,11548624
45190,4079070
56074,929695
104071,12723845
53823,12916632
15411,12178146
102717,10855179
8447,2868949
27945,12545546
98715,13809924
61426,3318090
91003,14385280
103055,732520
103396,14183659
102001,16492030
19546,8303744
81647,15204834
80225,1419259
35376,13112
8893,8840028
16399,8904280
61703,2732615
62528,6332586
58744,8590082
78520,4107148
86434,9496220
15909,5498527
23805,15082679
71042,13525900
92748,7107237
47559,1698990
6189,11356913
5687,1777087
21994,3580759
59206,2497735
27246,9394818
77084,2591052
13912,15241727
16333,14373978
44153,14942810
47513,14872860
93111,7982280
88068,522512
22461,13866869
43625,5992810
57852,5346662
55386,10231149
78392,3137830
13415,10144758
94780,4018279
64501,12504747
98336,3799192
1296,7954197
84540,4327478
77618,12507944
3026,6074029
104299,2437175
71609,6883206
2569,14719185
61438,3458223
49357,12262433
81135,6465140
11148,9662249
93853,1951885
96887,6632391
67234,12813371
80562,12890961
100612,7240507
45221,653572
38108,9907116
45472,4856418
79210,5726551
62454,9177928
23520,16192890
36892,7699598
69572,763166
46494,85594
19005,16725601
101217,7868361
70285,3099129
75350,12737625
39450,12060608
22485,9802249
34975,14876777
73464,9919163
28666,2023400
61387,256091
40559,4120692
102713,15313082
9036,8583622
36224,5657515
85528,9638319
19383,8778919
37214,8096117
24797,2914157
75251,13348198
21333,12614990
12284,8562173
84119,14425726
104214,13286911
61879,2244544
25935,275536
67573,4047855
58732,12987671
73714,14459959
73270,15292564
29244,12052666
74523,10554143
61927,4367253
27262,2374713
102404,4013367
98283,10734376
101287,13496575
86679,4588686
31982,11709655
47284,11442208
42712,13576554
10134,9369403
28695,14234103
3189,16356495
56602,7433610
14808,5348186
48353,9457828
43197,8752019
73844,12246936
74873,7241505
30489,9032455
81772,7664372
34388,11195315
49233,13007127
51804,1330592
82308,1128576
6011,11345311
16344,74301
66358,8315489
53758,8191126
7481,10877427
99295,12936179
25873,7020817
19447,11929494
39346,2711408
54166,1028849
15468,11448536
12772,12102822
53428,1924944
4998,11782124
64146,16782468
100449,13102690
30816,789659
70754,14389967
38433,7983560
103714,11694066
13599,13201636
9507,16332208
52359,505445
99840,15998127
33846,9620156
2233,2844454
104334,10603767
41994,8496832
86428,141980
15998,3991965
100224,7667792
45120,1112351
87529,3395606
87065,11384177
47340,15141300
27990,9470735
62341,12278464
54531,6920621
71750,1893922
17335,594337
76513,5165862
10603,15833392
69821,3575843
100629,1038691
35970,14491988
49683,3122229
26499,16421171
17878,5931450
55897,3806713
51613,4346809
83756,7646268
68962,12682403
62054,6591084
20493,6850376
84229,10137552
68846,10420204
54168,1153027
67023,15234897
19727,10380942
44732,3896357
27598,14803601
27410,15651834
93778,13787223
88736,6771922
102190,3141111
60048,10384545
16510,15514367
26237,13771549
75710,3126964
480,2839678
61121,16278126
53577,1636026
86609,8433112
30944,12730495
87374,324979
319,13225115
100011,10858265
25549,5545692
92231,924969
83462,15221450
30982,4594145
97280,14211885
26543,3036691
31353,7414360
80560,12971123
7074,12248029
96396,13554150
47356,989526
68213,10862249
46178,11420848
4450,5188101
31831,5500551
19574,12564342
45044,15570399
60295,3015992
62506,6421468
88346,15778501
68791,15584648
717,12420865
99727,16738535
6743,8412635
91891,12190318
61084,14672542
96095,7791375
70789,3283056
76159,9673955
27118,2030097
9637,363806
11157,9406261
86376,16525012
102731,5368068
7753,9590466
53372,12944220
13132,7555590
44545,2514460
861,14620829
44789,16021265
85190,5928831
38312,7980348
8034,15793243
39133,1292039
67628,11232581
82665,1390770
96465,13739152
94885,8141897
15807,6978476
20563,12593467
40775,9273422
76185,8883941
69926,16775883
50767,13778567
24056,7878747
99182,30074
96010,6432190
100766,14800446
82902,7787707
71215,7707463
81579,6860662
18106,9040075
52786,5292096
333,1619939
62135,5227320
30710,2619703
94008,10428732
4119,13622374
57094,3439265
54717,2070567
29903,10688112
1613,13379050
17229,10953746
41918,12325666
38025,10837787
85924,7672554
85815,9497867
91838,1472211
29506,5395842
100991,4088197
86736,8925249
69433,14866730
21511,2075318
83165,15972074
82467,4387126
26863,16586450
85357,6984545
64045,5190275
66390,11804215
8863,3350771
73026,7290498
24473,2882181
98971,5701700
34708,9028530
29958,10262767
28084,13989186
81411,10515229
90620,14826409
52845,14302208
26044,434867
20518,4128043
70610,2402270
16853,6389209
44360,13658314
27716,11679640
40459,12138737
99164,7395655
95191,15697018
72811,8813929
42123,1467841
35002,14404862
87312,6988924
75536,4933514
66976,4633478
62852,11322907
98832,13429548
2373,14665952
24239,3251851
62879,4551735
88298,5334719
92335,10828329
21255,8519724
96875,4939931
4666,10099879
4629,9162444
51849,1583584
75508,12266709
61819,472517
80099,1038139
17723,1790852
16804,8905168
5121,5456801
75859,6973427
42086,416943
31174,1234800
41226,4733583
1961,13078848
94940,104935
17676,11009647
77055,9620819
50281,9631315
57950,10582481
24357,602357
76621,5442953
75368,10372562
77197,4692946
32835,5508096
44617,2480807
3767,3065975
89293,13831923
4472,13235567
5541,9778435
41420,8265220
90943,3726621
53397,8426174
81699,13108337
14433,15402677
23987,16360286
12278,9100404
95571,13512387
29949,6671013
20932,6583106
60380,1014927
80149,2304808
58239,12970150
49035,883704
39287,4786765
5957,8612335
69039,9421296
44425,15601740
67686,4862532
9042,16082670
98871,2815540
100829,9709568
77113,16444428
69550,10135573
99122,13791304
87970,10136505
52478,6675921
72335,7170161
6364,11200272
14233,9588003
90822,12598530
96736,3422096
72518,11258303
8521,1006915
54176,16045126
68490,15105396
37885,11589896
8469,7143497
93661,11870687
14264,8048885
24394,5165831
42051,8952612
89885,3574930
2415,6838967
60032,7847134
6129,204104
38020,16619028
86793,6211661
36053,13275779
25572,13316468
54950,10513151
104465,14172779
26381,888548
15287,5609246
37786,13673268
47731,8630301
97496,6448170
7762,4331759
75723,12681013
22582,7963364
99737,6426368
85391,11959853
75706,12108237
81215,9811459
59836,3754133
64130,8383780
13527,4641346
13586,6134547
75448,2969677
24263,9677459
52926,16659531
56413,12209724
11879,10915550
9344,14634030
17114,10307630
92920,6088835
12690,5438424
8194,8851984
102496,3929628
66076,8474452
65411,9177040
74778,16717911
52964,15388008
69752,11455150
29532,1445824
93030,1993530
100528,8602726
86462,11024808
54783,129888
43571,8183745
61891,6292905
6559,5882767
98907,10567373
10141,2968518
43634,12851191
87247,16775131
23649,11346694
3085,8641204
28477,16472824
26031,5101992
88118,1972435
73419,1531144
103533,3710202
81518,16674031
47616,14246174
80482,10311061
104291,15459083
86167,163553
97712,12902121
48662,1734182
49155,2623196
53679,11765048
26935,1524747
89485,5521875
61480,9560577
88520,6563410
24065,8006617
48922,13346748
81990,6426870
39995,10151505
44240,5046954
28103,4141113
37889,4545602
79024,6418961
85640,8077791
44928,15820413
103835,183713
83902,16124388
55823,10677968
40917,1242061
36174,15083804
18883,15741661
79183,12497969
96653,8757095
68903,14600301
21537,2674608
32085,3176339
24136,11721363
88275,3227668
63939,11094454
40506,1293994
34687,13410295
93682,6873991
37086,4112599
45720,7148405
95513,13542423
5481,595299
91845,3207702
75071,15817002
5667,14264528
87110,995920
73909,14941745
72161,15755482
80807,6733113
64141,4460848
23446,3774556
101523,1713687
71415,129548
61535,4274089
65832,6820051
86448,4439251
30759,1602051
87320,11914821
71067,14778745
59931,10471863
25788,15675631
62897,802130
28682,1088306
52538,5815528
91310,13443634
13762,6685196
8030,8454956
97788,15061195
27673,14264147
26428,7023416
17342,4109340
25928,9385950
91209,13831283
17081,8674910
29282,986224
58218,52889
31849,12063418
41982,4167978
96348,92344
35329,9641105
50798,14235540
97396,4281832
59703,4211542
29080,1739226
84239,237515
46095,44851
39504,304968
58967,14840153
47153,7232673
88992,16129557
77533,9660218
25212,8329250
15459,13496475
29914,7124127
67,12581233
92058,16273002
66919,11305571
94015,1982969
43125,12004177
45659,11215008
36977,5280397
51596,2869412
38746,14488202
104516,14563644
88756,16336676
32862,1210278
33995,11026876
2195,6644336
55552,1726527
6449,16079992
66443,6178420
10304,10270594
86142,2280741
15570,11486248
13709,10030939
79398,3940112
99736,6203267
95090,12270449
44203,13444143
97011,13841598
103158,5449225
35074,15516786
47650,5390649
32947,4449585
21839,5511518
60350,5357118
31539,2972234
93862,11377388
94005,6316052
57172,8551046
92529,14403604
23747,11523026
47646,2735141
78302,15926257
92498,9091739
4558,5110660
18830,1577033
68331,2158824
24737,13372418
15169,3383156
13750,3245890
62223,7161776
14241,15321598
62900,599842
71292,16073740
29910,16695785
28020,11659093
20349,6531419
9805,2002248
75021,15599524
76231,345431
85323,10024495
103932,8997418
60019,15408237
82080,2298961
83526,12228055
104267,7528255
43598,11977497
17836,13456588
38646,4542080
94911,11653195
32577,5631047
6655,865636
26697,2561185
34060,16097014
9413,5584975
79849,537203
76637,10051427
65906,2124655
86618,15990468
63001,2061812
42811,13707250
15820,7185246
61199,9733856
91287,361171
56442,16768989
76578,7281595
6310,3159833
23627,2338187
10711,533022
39422,10024986
78172,16779349
40230,15033200
46477,10918687
95664,1595258
30050,13652854
40521,9420321
76567,13958428
59370,11950076
59617,14610588
57130,9881283
39653,2955463
46337,13943676
9441,2137230
66821,12208903
94344,9397132
82323,2003493
33624,14860939
59962,13417586
77416,2684093
15018,12655914
73173,5377940
89333,6691329
24840,8111878
66765,14236005
72791,7817049
14856,14857694
19795,6861877
22987,3603017
48620,13807855
24569,13395047
23510,11822789
39741,11778072
70996,11292437
17954,12242191
36957,336204
83765,8775307
20181,10329019
61267,1541407
61369,747278
36980,6156101
80671,10683051
80686,10228694
46143,2826363
6421,13598216
227,8948768
37959,2176284
40843,2255824
57845,10140434
2293,13886250
14110,11174298
95566,2546214
95296,2456411
3393,13568862
7691,11658613
103649,10182732
48940,1337340
70221,2569037
89855,10215650
92916,427675
36354,678990
19850,5483842
85245,944198
85390,12315586
43741,719396
3559,3502545
43297,11520742
79011,1874805
82613,28711
43872,4711749
24876,3305679
40075,5548877
91904,7113835
24155,6783272
42822,6046306
99587,5145459
101463,5059099
76023,15694516
49147,10942892
9616,4439094
56121,2784869
14416,11698979
43934,4302768
52264,7670023
51775,13480204
38775,7893618
33312,3233171
6040,4287647
35078,16232416
78771,15171014
52884,5577661
8801,10733221
9652,329916
27078,5197359
10950,15392366
50214,12232701
89459,16054705
15613,13872108
45000,2754874
92097,11783017
57731,3918658
95037,5802261
28708,7385556
63711,13199266
93767,2053533
37865,15372119
32118,11546464
69425,4843433
3854,12907144
52676,10069922
53792,12814804
26319,15546519
53031,3469824
44846,2373408
81976,16081657
46951,15147532
74512,7688003
54679,13714839
59853,5737359
101603,12745678
103464,5570167
54936,14861198
79875,9196643
34786,11576304
17884,1057156
88468,8657042
61106,6381102
48394,5830989
4924,13834750
72532,12064832
81377,7288848
36211,5351287
83012,11063263
72314,13622757
32421,5902125
5167,6270057
56574,13305448
22929,13353852
76270,13751150
72452,14493904
41324,14181286
81721,1435182
91719,14448392
69218,11875715
73771,12341567
77676,14674130
103653,16079400
20507,9888372
35056,9388824
21287,16436668
47827,8934357
14132,13992001
44214,11016726
20908,3271019
38583,16216058
89193,15976440
15888,7321168
87074,889965
57929,3147704
62838,10156949
54052,13976111
46233,11752437
10700,15566925
26244,14879952
40080,7232803
55772,2443090
49411,15663584
33390,8924224
4007,7441991
28371,16689651
49886,928875
11482,8550717
13180,11898504
88861,8409437
70537,12598527
71852,4437854
50854,8959398
32007,2131749
97316,1408284
36532,2062264
62952,952437
77894,3799435
45300,11778457
40973,1246752
78577,16137924
12030,15483495
33847,14053426
69666,7961990
71150,4438012
34564,3873083
2762,753
53093,1881489
83567,16071089
21085,11443211
24163,11047114
65354,9721313
47767,15279601
55525,8216567
100430,2870459
26611,4296899
25527,15706487
49491,5276426
24767,634535
19731,5487830
35065,16230149
55956,15634231
55762,14749994
89234,14079469
46264,9705490
6538,3215136
30952,8909636
73653,13955958
11534,1002487
76711,6414439
94714,12046302
33384,11199052
57258,3460497
59708,4184636
94288,4941465
92185,2151945
86718,3888340
14879,5890316
26667,2514626
32005,8493736
402,14398352
39328,5542718
23679,10079475
83195,14111553
48453,16648037
98083,737545
78672,3176055
68843,14130166
23162,15051433
39802,1370305
14151,12809493
40063,13492671
93895,8287210
83342,9714016
87024,12324704
90363,13586754
26405,13621186
8522,3179953
2818,9895580
20823,1727813
50970,6809920
37158,3468046
10835,9796188
3013,2631304
65882,3585
64509,6651340
45218,15484889
62932,16518611
13368,3561670
71631,9058571
88248,7997699
4675,13014332
49502,10476922
31642,7299122
76360,4112291
31885,7907841
1590,10130409
63604,385612
103021,11046354
51070,9625556
100385,6109637
48007,8533094
66673,1622601
96464,758806
36701,9460305
50643,5343078
44016,7878125
96401,1587044
53518,11025322
67040,15486378
103262,12888109
56041,2226984
56064,5418024
25546,7064181
79149,13835472
12003,1762347
97440,7817311
17942,3226848
91288,13811443
25386,10767674
63008,15000758
12302,14198584
10757,10135935
103199,8430508
98084,4706781
40293,620774
5492,6887776
11623,9128245
94446,9910711
41781,2577283
22190,4543049
25985,4174866
91281,9390337
53035,10199459
45166,2087357
5195,8813214
396,10273084
68838,9891956
101282,1948613
52183,13687031
71836,118720
17168,7360809
38976,15094002
59709,2899123
12971,421762
77117,12683912
85249,430596
4190,11310155
91836,6617744
16219,6257156
28907,381663
96130,10975301
20136,13919378
38903,5003675
52905,9749739
39827,6454917
54932,8547376
34519,5299272
56906,12078763
68300,1719400
57785,9542854
21244,1112106
98117,5235824
102000,11612125
24534,1228716
372,8431924
90637,14263287
91890,6610781
97671,7768728
33006,8752199
77896,2109017
33910,7228675
88685,12757322
51896,7823979
97976,9204246
57410,5584454
58710,6330300
6239,16493402
11604,3628689
55959,1759390
46334,9326290
70793,5536366
50156,13577096
78893,16104374
22798,8263599
41171,8718488
26250,737621
66623,16333499
66857,15602918
68783,15636204
52572,2751533
18126,12403024
45366,1316232
18327,13893202
48865,13787931
12702,274382
21164,14600531
83862,16189011
68257,9393721
8749,4546849
13083,11650283
82004,10394885
21251,12257290
41529,1067504
7736,265554
33771,3509867
31684,5968274
40733,2121214
91693,1672857
74504,9420086
65641,3570523
40831,6101106
82237,3655016
86028,8423756
59502,3519484
59602,10917331
100107,12308990
87390,11750451
394,12927691
16676,16488417
89740,2551912
49361,12108242
89591,2758147
11701,871222
5365,1925407
53474,9010896
5177,15283243
8789,1768877
55692,2772409
98412,7187321
69687,12195550
73083,3680750
23844,6557712
29247,14332361
19319,4332006
102149,6852711
98192,7880292
32597,546624
99511,8175673
37732,11782724
28654,16776784
82082,11108223
41491,10515495
48903,10668806
28508,10059161
34851,15398338
31872,5459026
12360,11047119
31975,7269495
84753,5825885
16077,13570577
22106,2200344
95270,358163
87852,7691921
51527,5649395
63550,6262961
63680,4613721
64028,15652543
96694,13491949
50097,13523843
95933,1924959
28535,3996395
99437,13934056
39073,2662541
42857,12858675
19233,14297152
72324,7871159
1260,12352327
96266,8367674
44710,9253068
50488,16428637
81040,4849543
6975,15734790
98043,7389016
87259,13277328
35190,11714695
73565,1422812
41654,16025938
33206,13782355
57126,2917702
7418,13511395
97190,10656922
66070,7914335
41722,15209010
4785,12049934
69434,14622764
104509,12013849
101732,15539192
9244,15224411
100556,14969505
33454,2404301
32785,14789415
101447,2555874
20917,3375340
18295,12011637
95687,14595133
18391,10031998
84703,9824394
15283,5291708
72497,2705020
31420,7087475
86044,12946325
35671,9097297
8736,2279791
28062,10947495
70519,8452751
99216,13017696
98048,12970188
86177,10027014
62320,12232093
94746,16447699
47572,9808
11059,9477334
38777,11006753
90755,2201501
72956,7459324
18096,3549819
36048,11050962
33192,8344472
72654,15166924
14157,13787315
31424,11568284
53789,6789852
34311,669778
60077,10822019
100297,8155510
85649,8980665
71548,12560703
25538,13249299
60894,10799634
96697,11403380
11463,12984023
43590,9520695
94664,6594371
99606,228739
77799,2899324
92725,8582953
3241,8777343
92876,3573591
36135,13525232
69540,588951
52908,922488
36476,9154084
75009,10727292
53403,376475
101383,14595345
97207,10701672
4161,15608629
89601,15025097
40653,8101200
17089,2812134
70454,9295234
31006,2711838
47278,9537301
85890,8117928
46645,6935665
5532,15443876
21934,5949933
25681,9914656
104233,10600748
17982,13552026
102975,15246035
11347,13211424
24403,16657204
47401,15409989
69447,1145063
102532,951519
65883,3349197
3591,5354873
85252,4773750
66275,849308
50218,9752886
42808,8983844
55565,5720759
98365,15998954
93304,6514551
48237,7102195
17240,16426614
71232,15328362
13024,9016660
4678,2319246
62300,12040378
22091,5730030
27234,1252613
2172,8864516
4008,2064043
40603,9029655
58970,10629626
33405,5646415
63367,15182359
9412,12456300
36569,16509228
30986,4880632
102781,9589581
60828,14793210
82145,14662044
7878,14775663
33447,4960068
72803,336715
43857,8911043
6032,6245165
84137,229954
49757,5878707
8390,6482830
12623,9684832
60160,10957144
71175,415621
95002,13214360
82611,1754106
98351,15209040
102674,5293235
59586,10606368
53558,13315598
54027,4061992
86048,15271428
77411,14565206
70411,9628072
67927,10155199
16889,535238
17083,10494010
21448,25656
84919,8585773
78423,5516630
58886,10915129
6995,4193684
33827,7579565
42023,16181606
40602,2771594
52519,4609778
79585,2331581
61389,15892560
90692,1706935
35105,6960230
59099,14772552
96158,14068234
7629,8691391
60083,4353382
82926,5275897
87198,5386447
44899,2648285
91263,4855185
53077,9611866
31971,616217
23921,3860941
93450,5278091
66624,16291218
103171,8404885
83393,5717984
85090,7976610
55937,13568480
33340,6033426
68772,15259533
100010,15904848
64572,16737372
27477,16322834
36770,15894899
28612,4794722
30084,13959030
30072,14211616
9891,8522109
66795,7349710
104248,313993
44137,12340395
100144,12115159
68273,10774459
85098,13243150
50194,15189085
94807,13233777
50043,5782374
91224,3731048
33065,631069
70897,4127301
85443,7551740
87257,36739
10944,3964459
36498,1196599
103280,9757662
63294,13621070
79021,107706
49989,3143069
99346,9447102
92528,9460626
67136,16485532
43736,2656000
798,8387822
1183,1303846
86927,1210374
19584,7349484
14943,6713456
66385,920113
55820,1922960
16845,4146438
84646,15211238
12551,2351353
64698,13422502
98682,15623344
102869,11592044
54097,10802799
11096,8057837
94206,14907383
92152,9882898
6865,4973720
32552,10202027
49416,11673993
81775,15236235
48855,13433003
81228,15837968
80153,3889939
61073,9519052
22004,1120959
45148,7050703
102576,20519
56302,10337142
38640,7322081
68664,12882564
51044,3379664
3683,4273968
3113,9330957
77238,8068959
72696,10986348
90651,11554196
31694,3120119
49087,4230229
42673,14069356
4505,2059515
20267,10119412
69891,15064887
2406,7279364
25875,12733983
96302,20182
47028,2640411
82736,10366738
35291,7331714
25847,1336224
9152,6880146
94983,11206394
4209,8042491
50291,10937126
78336,6659149
62482,9727522
44909,7146777
57715,9474036
35104,8889924
68527,1522260
11857,2159553
40875,8447314
49352,15393131
82293,2002761
65596,16110443
81198,10111187
68079,13188507
65311,12767135
72236,2285526
27336,10064966
102734,15408565
92720,6456173
25984,12133429
70087,2370546
21009,15787911
21030,16151441
18009,15068651
62024,7154295
88494,9457342
81251,10631614
66453,5969591
51935,2488996
56004,14650069
59153,1933848
99622,4300788
43898,7808527
56654,1895547
74119,2537709
76211,10248008
93643,565266
26073,3915381
56598,572740
17193,2552316
53656,15871006
24157,13948836
55992,16582980
3622,6400552
75657,9571593
10423,3789377
15406,14236114
30421,12291357
59861,8752967
777,10894374
41369,2401553
52999,1575018
17861,9790502
41208,13740997
39666,5289312
95444,11795528
96199,4486134
50983,3405219
51386,598924
15293,10354211
48716,6732745
19852,4216196
48281,1873028
77442,2048217
88077,8078925
98361,6370469
8619,16725629
87228,9387091
13227,819634
29585,1424551
72573,13724822
47822,7380667
29406,8964557
8656,2704419
69194,14555706
31522,16344744
88036,2091909
75180,2134279
99592,7506673
68472,357526
82638,15761950
92543,8350278
59157,7820382
77419,7854031
39856,8805066
48917,12690715
4750,13057464
39661,7206895
29254,16172031
16992,6471624
92927,11628460
65817,3819040
32647,3021321
69379,6480488
34193,16359309
70564,3450850
73348,5440909
622,15028729
75799,4944786
85200,15915784
94741,8870136
92252,2444694
57308,7612725
19159,10898304
97451,12816131
80455,10824862
48557,16609250
45776,13497032
30458,16331849
63750,2637330
28905,15688956
88026,733044
55338,5140961
100552,15868135
73728,14422855
3051,7446533
23766,7059872
47052,11336848
86269,2339722
53520,4709973
72199,11498266
81806,3767187
62215,12223261
73867,3939175
70071,16460071
67554,12551728
45608,2702235
8813,2509883
84583,12846492
64002,16533679
34037,7711777
77385,2487124
30384,2919529
56259,673749
6918,9215032
388,15073038
61341,11860064
7029,9635818
60395,12621344
64621,11499868
27324,7712972
70730,13738246
38814,4624199
99258,9045491
93973,4416006
99628,329547
4195,1232945
22854,8866688
13660,7706873
16876,14117915
20232,2856649
98590,2339377
81910,10633214
70856,8599264
101016,7523090
52129,8758907
44328,14268360
53432,10497498
62338,5448903
72952,13557975
74908,9592934
90145,8807479
73241,5928189
28536,15226756
42281,14172914
9825,15630661
24906,15002840
34310,1980348
44302,11731349
103822,8950975
52019,12376883
91207,1573091
23288,16717767
79689,6747852
21993,8480954
22598,2210279
60272,16747633
100271,15751555
63560,709123
70799,5728433
96766,6888497
60640,6540285
11433,12908062
99114,6910624
83021,12756492
55298,11271015
70120,3441853
56130,5894900
9385,64217
48135,4239875
33679,10132559
103389,10090062
99073,11622876
44280,15792852
9839,1656918
90666,4145549
82046,1345659
95752,7483079
19682,5707512
6121,5340497
54855,11851313
18216,15977038
91733,264336
77214,337309
82064,16784767
48895,6192740
54337,4982809
827,12514313
99550,1196541
70370,1788874
51454,9492782
65420,8110756
53741,15907609
66232,8633211
41165,15060619
63019,3488057
56339,12261699
6086,4637414
25531,13095573
7309,7177841
78781,11571787
9751,8440328
9062,14654198
45266,10822031
83696,5993446
49301,5081437
75800,4846168
94142,12487367
43211,704769
27062,13056954
19649,1841568
90803,13439761
35164,12501184
98184,2086791
7143,3983301
27609,10658129
82292,9254536
89186,14118450
66400,14571446
14834,12489247
35001,15086492
62761,2247264
89062,11663789
85852,3409891
27894,12336672
76651,3696758
31285,16040889
63173,11835358
24135,4942055
56885,8424402
32877,12991854
25892,1538395
98225,9682180
1321,1392710
49401,6508570
22974,113886
74519,4373630
44869,2637332
3682,9220760
67647,15888780
67281,6909156
83657,6992221
75805,12010955
28184,15564448
17525,14615988
23198,12826421
64350,9525450
17642,3655377
72977,12287140
85440,5629582
15362,10066994
58989,10750522
22963,9233337
94254,1012574
29102,2377507
10224,14941323
103749,10605013
48070,9075776
35136,3107688
16186,11798327
71469,14658152
12044,2879989
8509,12819973
39875,8245115
80659,7936285
9792,4179850
77523,8889944
6568,784866
5356,7243993
3861,15784915
75584,14630368
100414,8959420
22823,9943642
76354,7857545
4060,5293142
81765,11901564
94085,16168105
75335,12612571
21065,13544
72227,7041531
27113,6539961
31376,10822463
40480,16453126
101232,6718505
60588,7914321
36190,6795309
32289,6643920
5459,9560902
48397,6666062
29353,5757809
65012,16495381
88101,8170865
85987,6591527
76862,5310784
29529,7174907
81856,11633441
33974,1561408
12175,507655
64242,3442873
90915,15676088
57253,4017681
2777,6193859
38553,11846618
78054,14072109
33853,9512561
44448,5683942
65860,15798307
26505,11032856
12083,15784394
67433,2224912
20046,5314098
72057,4339353
50528,1629216
5608,3111833
44691,14604325
37657,10945297
327,10819111
3714,3886073
24215,932214
65908,12241648
524,2137677
66642,16008736
19312,393967
56647,9018536
89016,15694617
70683,7158218
2780,8004069
58394,15684886
13551,1000108
72068,3415022
13007,11746899
44626,15704147
8322,14617004
10638,6902775
47190,16663470
96539,9709696
28550,15140237
65211,585019
101414,8653527
61702,16049303
82614,4209996
7612,15115257
18995,13421969
46877,339873
72895,3343486
66454,5410007
102329,10297739
62027,3074921
21858,13868611
44344,1288182
93219,7966528
12940,12566055
80372,16174113
77532,4798535
82053,14711260
52109,16664163
39807,10653090
36791,5989250
98480,14055535
40900,2786844
132,3461043
90085,12793663
16645,14424216
99036,10213664
104531,3971026
11829,22078
94494,8370311
96578,13020062
87006,14496674
27308,14587147
96576,11642161
57041,110913
8810,16428518
5967,5926831
28434,2275788
17278,1257672
67087,3920563
65029,3895283
77861,16578131
24979,519827
51783,9178308
73723,9238993
96347,9347992
66920,14010164
37816,4198471
79653,16019448
75853,5268242
75194,5124787
75355,8699428
64986,1386391
2967,3052968
82960,12866132
18404,1162699
103470,1200880
34831,11981155
83951,12054351
41351,1231060
53181,877589
36633,761999
102298,15385838
50133,12421508
5955,16269086
12308,3172367
71507,3168899
103252,4485673
61785,13589723
14038,15203893
86710,1559831
61519,10657156
92938,1860805
19365,5433378
38579,1931883
41921,73046
65230,348413
33727,1401327
1910,16601853
33738,4021586
97166,14329775
50776,1947870
62658,14478521
101396,14810067
2241,9434021
5887,6938525
271,12222295
80077,8354791
98032,16062569
101926,14676119
5760,4327063
75418,4190078
14994,7408730
24523,9409942
75726,10997934
99627,10706628
90668,9402710
32751,8862112
13188,8737259
55764,15428365
97883,9677541
70575,10932611
2750,11955837
27879,2388875
63806,3570654
30792,13696001
41589,6015573
12394,9836616
5019,3804123
16004,13172046
72936,3259058
9645,15755145
30411,13581880
44642,16241521
72062,7384513
4084,16347498
72666,6626197
43897,12568000
73690,294015
47325,7336004
41072,10827625
101381,8234722
88997,6655489
79625,14048231
57215,11804174
66291,15291098
43971,13186470
104256,13934794
72414,12469463
9109,1520294
7161,7904188
7250,4340363
68580,3507624
93161,15861147
16425,14498667
76271,3299726
81270,4625659
31159,5817234
70594,14203095
73652,5543908
93772,2033336
32774,12781661
97827,3954451
29104,5506645
17570,3048992
11914,9098811
54875,3255959
21663,7524399
76214,16390397
72405,7488260
83273,29453
15294,7347052
27541,13175793
32778,4345518
81399,9458188
51921,6320643
7272,12073337
91301,8221254
6513,6647510
10871,8550837
80494,14543945
74874,9573500
8292,2702194
8102,6668739
80133,13389356
84480,3785839
37031,407167
86061,5671726
50675,3565406
33295,11831949
46953,12770718
13671,13336273
8457,5505794
89393,2817086
100016,9770164
82297,14141813
85296,7482911
92467,1502087
42250,14691038
95872,9169060
64178,1239129
14669,9167177
84167,9461912
6789,12960217
70661,311682
1876,6451012
18490,3765396
84750,11443772
38970,15051518
75441,9942067
12138,14668904
73681,8018820
41326,9646788
10748,5552526
78109,13229104
3068,5569258
5124,3976953
1806,16172281
76507,14928650
14838,15802204
60888,9713894
54343,522975
56194,5665527
63464,4853814
62990,11698291
10986,5951156
51933,2815484
15520,3802211
17520,7165249
12838,3439444
4217,15744905
59346,5047402
73596,5696093
81059,12088404
74772,12314193
60370,221946
6219,9023304
45393,10018440
71698,9911852
7065,5670254
9488,16199677
32833,1422126
24320,11307926
61875,7842508
23338,3704580
44503,11392046
88283,11095311
62987,9223699
70842,546939
64639,66528
94258,3104373
12986,7859235
3783,6644593
60657,7247895
47230,9504000
16883,5062247
96389,10549294
14771,15813528
102708,4259063
66978,8807483
15731,14531961
85538,7006008
56299,9642178
100156,9401498
61669,14498518
9876,11147940
15385,1249530
56187,3048777
40403,5189131
32249,15621576
59653,11544579
85522,16457665
85437,9286265
2920,2144318
45478,311062
54112,6020051
49902,4904511
81288,1937747
4844,4162001
73923,1614976
85695,13865881
17909,442207
34363,10400702
42175,16634903
99408,6754632
59986,13540820
39790,6781936
80151,13173061
36567,2329112
50121,12241133
99613,1773585
101873,5999331
91405,11183821
80867,3777554
4835,12940232
31523,13131797
92593,16048772
81369,12121969
62734,8516993
51928,11754331
1174,188577
77048,8661200
7858,387216
60721,10784928
30568,13834058
24773,14435360
69200,7031525
104459,6224599
38443,3091651
59877,2183915
44454,16173360
95126,5298765
99623,8647687
84865,1403400
76775,3463399
34938,90162
3052,16368658
98180,16233748
21373,10750773
28889,7145135
37951,5869919
78866,4182559
13687,816649
3372,1024477
86096,8825824
20553,3548262
4120,537810
42773,6804964
14012,10953919
94089,11789073
15991,836404
79779,9026544
69560,12973829
96399,4965019
22559,2991755
14897,13868077
99221,7204529
3486,15778299
14870,2779447
46374,3090708
5175,14533097
23155,7509702
29461,10485650
85377,8448970
49248,13007142
7511,7646878
76105,4961957
16387,10341206
31433,5173907
50027,9667052
45089,7072641
99288,4490750
99770,783926
85610,10561572
41582,10254512
52258,15194044
11303,11773287
62923,10084061
77301,5089885
22464,6476388
70699,10467143
67962,13386223
8593,5959676
16473,15254149
34109,6236925
82280,11482413
56426,3874801
80521,7143634
42970,2587743
59090,11190919
50100,9535587
24420,8081916
31129,4035353
80740,16754338
67666,7933494
4282,11200248
4926,11336326
21821,4123264
56272,5841429
38011,11765480
88759,4459523
29623,14939866
99144,11478860
79697,13586395
24204,6304411
14410,4626742
80297,7725597
100995,1484881
54960,3473289
54832,14681194
13715,3405300
99794,2856761
93879,8780474
46743,13028880
47063,16052209
101572,4653737
17136,14307418
78804,10762883
9551,8845784
13086,9940714
27740,424818
17351,15374128
30582,9533686
2220,5163307
10933,3419638
88848,5397733
84053,15946511
14649,11762712
93058,9094157
23169,1310571
8496,3597188
96523,4556769
13840,6925855
24475,3639393
11032,12795516
16746,8137854
9726,6516259
85030,12824157
98500,9350771
55408,1715424
101843,4765546
898,13487794
22416,9293042
39517,2146977
97090,4848956
10532,7593261
92015,2443258
46333,4681256
93750,8708710
17471,13456774
52791,13966077
44660,11994302
14510,8382329
41102,8535641
65921,11319137
28918,1025140
1312,14025070
87763,11711777
100839,1478912
44304,10872784
36145,7538312
413,14440894
89002,11448902
196,14678644
7670,4567339
33255,8210753
79658,2677076
6232,6399075
40033,6312023
64450,10985984
71466,11153652
29798,6783419
74268,15197808
51715,7703961
102004,12097653
71451,8716052
27467,12269992
64266,240607
66410,3968101
42417,12399902
27385,14679722
61,1260956
70421,15612954
37907,5672266
46471,15192485
66582,9812834
5418,1581513
75614,11541706
56190,2060540
3581,7066951
9722,16659358
7497,2358975
93306,7736071
78947,10363571
70555,2030784
50920,7742602
92582,7257750
18257,5315766
92758,4451170
44838,15649693
38641,14223128
89030,10865177
80101,10290845
82134,4335169
38009,11207641
89977,13274078
93981,11829180
54656,12292286
71148,13391860
100336,3716142
84728,3764752
7512,8691207
90166,6159724
99362,2210721
50532,7641263
60626,3343705
155,12719351
8287,4966229
100737,13460078
103352,10847027
73726,7400273
46909,2048669
56967,8824488
18159,6003138
102145,5585932
59675,5744242
90859,13590131
1836,13268903
49031,13405971
13009,7690541
85120,7760870
22078,13067253
4612,12966836
85299,6687306
60696,6033475
38764,6134995
5408,8192826
43801,7073548
103708,10103913
85819,5208536
36409,15248437
70757,6918485
56047,866937
60402,13718324
55539,11305527
28191,14017124
90770,4479087
86290,6417278
74270,6255289
54820,3894080
27342,8163185
19154,4976022
193,7446420
100051,13374048
53757,1451960
28687,7487245
4500,9124640
9261,8522155
46726,9937411
81818,15397507
64885,16313252
13281,7858852
104045,4955410
67695,2787329
101197,14868171
48735,11199941
32858,7773413
85569,11597624
37353,1086469
53611,4575178
14049,124717
44276,14848972
1157,4971477
14285,15096635
55411,16729197
62301,464502
65701,11523771
39604,14940528
66426,6246414
79439,193668
29710,5995771
25023,15719078
72724,974607
31026,10131661
89003,2001936
53015,4414395
5337,5157334
66916,6984894
4228,4788628
59587,15808575
43695,8308897
54338,11512689
27133,9174372
41693,2141533
68358,4770547
32164,14996703
537,2971334
77076,9759105
41094,895768
70436,16267220
1319,6843009
84185,4374179
47051,14480274
72669,4749046
98691,15350050
55768,3924311
14766,14974065
77311,5564188
86347,1490659
41846,11778886
64672,8326130
56788,11213438
14633,14003341
56928,5896227
75648,11968103
3331,5414035
49440,564335
29988,15425032
35411,4136991
81360,4397843
99223,14691085
15547,11912694
86293,12234839
59177,3727382
55205,758756
54415,9398242
37916,4987081
24109,12199284
39068,14536851
72302,13668783
85930,13813804
6058,5545076
104510,10227323
7581,1579653
9056,15292034
4701,9774359
37196,6554930
33568,11632342
21596,10871997
90950,7807763
3426,12089341
15770,4613886
43051,8905215
25909,15941489
34321,345057
102157,5662317
81891,9067641
72522,1863762
42237,11341816
70873,9558228
12957,4064339
51949,5980658
97369,1841410
88643,14999157
19843,9695590
30078,10704578
100207,1919701
56023,8753313
39833,9428451
76944,4580911
35561,12903893
31406,8928020
63890,3318349
95442,4665837
2984,16683584
66886,11634530
3172,1132194
3330,2876734
48706,10920140
39905,15526130
101234,766212
99485,4314227
45191,5740837
23249,12033683
50864,10695736
55414,2245430
77221,14796469
30673,9424461
50904,14890380
87963,793602
70345,1620370
8078,15785412
66240,2226428
46217,8555189
60636,11035857
63588,10399562
2314,10887935
86102,8006366
60064,50595
37071,7040031
21864,14451065
51186,15448247
38230,5905948
79017,14418552
88080,11476536
45484,16578207
62857,9244883
23289,11481620
64864,10112339
102456,2804753
30597,14972992
103964,4842780
17722,9301822
16012,15781015
92860,13153037
54089,1112670
57981,3183744
9620,6171095
99961,9599076
89359,3965707
76947,11219464
61607,7054916
97222,8306651
36676,9582726
47592,16078044
100381,1995906
22394,3520938
24471,5318390
8106,7422579
61040,16423200
95354,2901901
36385,1172022
14714,5932062
18755,13235240
76685,9315238
94715,10171883
59339,10815038
88690,5505989
20274,10673998
74461,11536599
31927,14487146
5860,91941
85705,9369610
45022,4963337
100483,8433856
4497,3627243
13930,11427861
92729,10381294
36625,12387696
34894,10512973
70390,14924989
92967,9922764
49771,11337358
98574,6192096
31478,6898897
16106,15786175
71453,11811479
90884,7523218
55287,5565869
25291,11687736
57030,11978620
95384,12848566
96397,14846191
88216,6953386
78553,5927200
21979,14303126
24173,4807699
28068,5009298
3464,10656685
76620,15966356
56467,15999141
99907,3714316
61091,7944075
81338,3255493
52640,6158876
97102,7946639
66214,11477214
18261,5299204
33684,4662507
66533,12780094
96101,5071495
4498,15694094
95352,12995319
52953,11687359
99260,7572929
29524,11337816
38467,6476706
56786,5731010
24418,385385
22383,2969530
60549,2594320
10514,5756224
12339,13445803
56229,2100346
44094,1029910
12061,7589474
57269,3141698
1555,9503727
19006,4030262
47794,14495236
93765,4366588
59001,14929503
67014,8023930
98059,9408946
58180,2040547
39204,2661651
84925,11375960
32338,7509581
25947,965647
92652,1619721
6391,1023412
92337,15767957
26296,14401408
72932,6582277
103599,11315693
18402,14376702
71806,4586260
37281,12446122
19091,1067007
81992,16355374
52575,14706440
22194,7852177
98543,1349773
87341,8618918
16750,13678657
76655,1031630
4164,10727948
89133,4425068
12818,14435913
101439,12700159
16245,6980531
10632,16675040
36534,5452217
29451,5776533
35264,15344368
47969,9993591
35664,4984619
70465,432241
84439,10399618
32054,7116125
73795,15292425
75140,7607701
58781,3639037
62745,9100553
40730,5154843
29842,2490196
56513,8431735
84311,3840246
31833,12576457
26161,320072
6440,4764436
60452,56489
26366,13381128
45199,7081116
74189,70062
19675,3166903
8721,7719095
96381,2875058
10663,10945532
57287,1516075
6970,5760545
5358,14926342
7128,9858451
1891,3882407
87139,13750437
32501,5756196
26946,10406369
33092,4609925
36203,8596741
3007,13070321
59908,6935454
14683,9093529
62201,6854144
62772,2628209
64385,1651486
82564,13723464
4243,12307692
98609,7996229
56142,3703952
98725,5089346
59038,5477900
97586,3106847
88137,1430970
94451,11780368
80575,14261505
61148,481582
67165,5137125
13211,15225373
1517,10585879
86885,1811984
29051,14216390
3109,2633669
56177,13636702
47504,16389970
89577,637336
77216,2300229
97938,14831749
9204,5451578
94721,9168947
9374,11475952
93439,2887232
75563,6061324
83143,8265164
39844,3113845
73821,10346061
82639,2193022
19336,13912641
92448,5898269
101079,5095275
98640,9293127
70611,6080368
17609,9355713
24278,6491550
86411,14905716
61944,5235722
69670,15721832
51651,1854028
51890,8663725
65612,9667899
6663,5699810
39632,13490947
79238,1099701
77209,7564218
90075,8958791
24611,1293058
54757,4856267
91358,824403
45569,5261343
70560,5672599
88200,11899390
46999,4888173
85736,7807469
26774,12288987
16664,826538
40642,10611456
54260,1679576
41357,2359313
3587,4991004
4741,8130505
5765,15748345
27924,11846313
14593,8761945
103939,4603742
32477,7704970
51974,494156
1173,4445519
103512,8034593
84082,12818664
86831,14149064
896,13815623
83674,16434716
42342,1048329
99434,5989897
43710,3227886
9366,509531
16488,1781500
93371,4025307
83204,907478
92061,16368484
21899,14375966
73050,10069757
90749,6080369
30175,5095353
8615,9940085
43698,9002632
89528,15434691
98457,15790720
45906,11474924
11537,2664441
78869,7471769
83008,7489279
61571,13801217
60323,16090529
57296,15574677
30383,5515838
63244,12036548
76425,11248035
51150,3484997
56231,11376907
13673,1468969
104108,11978649
68720,3700740
80162,8251992
24272,12962664
27226,13009943
18124,8976265
35886,546268
72746,10420039
23826,6569715
7681,5443325
13572,15758590
68177,5698768
14043,5878169
32738,7789667
62703,8478412
17706,771122
7720,8774167
16435,3447182
74407,1262120
80385,15852703
54759,3461062
103324,4041644
41071,2836594
13611,10759998
48578,10348788
30221,9957191
69347,3915874
48736,12238071
62883,12650223
57710,10327367
60034,7210876
55544,1962832
48791,12531010
21073,9635696
30351,9934359
51834,8840659
40922,474729
55529,2376686
22712,1780271
17850,9203092
92983,10925917
71897,5977508
12914,365068
7934,14822586
93635,5763043
6323,9886384
70228,10891015
89888,9081610
40338,4595653
90591,10273225
21361,6279544
59553,16015525
52363,14989519
63601,16424858
51658,2632438
94152,2551376
84681,6304180
23407,3482005
17116,5946697
85877,10619566
47097,6419453
63718,3183723
50341,16000266
4868,306223
16339,5002401
1364,10847639
26960,1470615
67423,3618087
42953,7407401
23775,3332160
71083,9063475
39962,9369132
62158,7096319
75873,359355
96685,15668752
54852,3257380
48442,1900786
76826,16659622
23308,13497903
36728,6829465
42761,11150303
39420,10548960
3135,16380239
75414,5277407
96546,12777689
40184,10551131
95856,1484197
65929,15246208
29715,10627717
73033,13139711
98363,6000025
49215,1715501
68966,5112053
101403,6326156
18543,9819235
84637,15296885
83710,12810759
70734,3082324
55041,9170465
100527,9365403
2641,1313372
54403,11613176
8684,564046
74578,2723799
75064,697490
45264,4315127
50103,12969266
89035,6634210
23398,7964484
61635,6537411
28848,16550036
84774,15481961
99297,10043333
17776,5551836
42431,13472291
5545,12001554
67895,6532299
98082,3936690
52990,11152852
54259,5588098
83662,720375
82337,10846848
21310,2139170
91623,11067627
92499,8899273
98778,1043871
94261,3678785
35444,11758144
38190,10496484
94918,11304298
77765,41477
40720,6896993
988,1837736
45426,8208046
37761,2446592
79158,11777341
96487,9424219
57301,12410611
83384,750441
17518,16357468
26220,15532695
37840,11131438
29628,6927909
43009,7134802
40825,15219256
59688,14767402
104417,4433468
87351,1997676
44343,10614824
29890,10022862
94367,14252838
11139,2787927
17279,6537613
33393,10255308
71712,3038035
10581,14033199
88416,15623300
69011,15115695
94969,13290721
104340,1676831
64543,9354795
78473,14162034
99985,59573
95236,10608727
55846,232120
83450,3659754
90344,768751
18899,7576195
104232,5376100
50577,3515354
55315,13348163
41235,15150531
79773,362324
56612,10732615
51220,8079398
54586,15316449
102962,9223563
57968,2943488
3233,8504381
9059,14221668
80227,1357095
7287,10912535
84391,1478311
103328,6776065
70374,416021
35745,14051137
81812,2934341
79485,3302080
83057,3002652
88799,792485
12433,16618373
28283,12812502
66038,6015084
70740,11081060
11103,13987560
33045,10550163
24858,7585493
71951,8593452
49326,9275655
90514,15007180
14074,12043731
83691,7706584
71780,9468939
75151,6868284
39770,10820349
78256,15751783
70826,7984734
48995,14676507
71667,13840334
77650,2631983
18748,3764813
65492,15157354
37694,10977243
51678,13128123
64495,10032486
97878,3924605
55054,16790471
13997,16137378
41189,13042311
75751,6232411
4328,9969388
50716,3631917
34098,12878939
102432,11641828
5298,13849783
92248,13674246
97746,12623190
88259,11167125
71914,1215763
37825,4658975
95746,3892439
70199,2642802
63456,3591350
94106,1049110
66828,7233216
88930,4894516
99781,463701
81861,4041768
29474,11554596
48301,6582554
25325,10228364
54618,9460336
79930,8772181
19461,15260855
17888,4374109
70123,5458055
33890,15665392
72585,3219879
30612,5168148
2794,3537362
20197,14263892
75285,6002136
34744,16601036
99783,4291383
11854,10212061
29093,7901051
30451,16314075
25540,2760315
57471,10969425
58911,7941339
56380,10744809
50184,6364244
92013,4174085
95516,16234560
51373,14210887
46364,12658761
61524,1462699
16151,10370455
45059,4914402
99810,6340560
75965,4572800
41769,11142418
81947,6346269
89192,14480299
40394,12258568
34604,16356536
72775,9458836
83910,96931
92188,15829791
48190,7903382
34927,10562542
98756,15330345
91205,16296052
966,5436337
35692,7101410
3913,16290310
52175,13615170
7186,14133601
40045,5073228
35043,4881030
5713,16232521
53850,5293132
14168,15282957
64004,13582432
13914,3908322
89261,15776169
46820,13587545
37756,15346651
32044,13198126
78114,2429648
53480,4824760
48591,9960777
27634,4010865
55987,943391
40869,14085598
90899,16579914
76768,8361537
70476,12746216
69335,8554244
8497,4916240
3789,8331107
6857,10442044
91037,5466251
85524,12983483
78033,15779637
62816,14316203
10657,40390
53210,15022599
34194,7253497
36780,11910965
89391,3278057
61458,8303373
8964,10240554
101772,14461335
56115,6600568
102475,4458651
2096,5452745
63983,10075490
30235,3691629
56512,12029350
90972,12414080
22087,2050406
68707,8241675
47808,10044025
67045,9511541
49850,1965988
38698,15004341
71907,4242927
54651,4497404
85414,14280231
21760,15445575
12659,8289498
3126,4826861
71400,10355581
3378,6584842
41451,10794871
40705,3460256
59865,7935721
83944,16322636
68831,4491981
73807,8580840
20661,10459671
44052,6714898
16844,13148214
13710,8637733
98843,14120735
78882,3688209
34920,6674208
13934,4791996
81514,15195653
84006,8943934
107,10849828
44429,5441885
60904,5005387
10297,8533200
69031,6395522
81286,588542
66640,8033781
99250,5050056
78224,437132
94826,16164572
13355,6528842
68018,8911670
24067,6221008
2775,1494170
23634,7443589
87783,12699951
49037,9480661
35852,3683153
26297,4231567
786,8348178
90568,12167247
88824,16796446
96361,14088616
80760,2897437
30466,15392800
5208,15913595
47040,3814097
65310,10007081
1243,646282
73062,15511387
29089,13400619
81715,3483033
29164,8472314
53337,1916521
26850,14131381
9906,1051321
42684,7923898
97708,3620989
82763,10189527
50253,7408924
18809,1572338
63351,3708704
79142,14269958
87339,9600335
5489,14194356
10682,3301716
73128,15702928
61224,12688607
18210,16518069
103188,7092865
51741,2906494
48125,8701903
5648,7080039
18477,10611292
86599,3213531
85775,3440717
57405,8000991
2652,14790184
68148,6919253
78396,13132327
103506,1877145
34260,8555242
103147,2828089
47498,2665437
6887,5661213
6373,3513316
37848,7457821
101209,11353075
83925,16685499
58808,14149768
70054,12664207
54849,8183208
31761,11188369
83864,14480004
70974,4153027
83013,1889728
68571,10615214
3866,11901921
42691,13678936
52316,10204644
69783,5034792
36003,6841089
61489,8514184
30898,14348299
27391,12553100
67696,15204844
26472,2611498
64951,12375006
79959,5552708
63777,2963924
83758,5839484
48356,2867684
85701,12947352
38385,7035937
17565,11495060
98565,5293811
89051,2269962
65617,1268316
44708,3721051
99879,7903286
40525,5671217
32088,13469660
30533,10713568
47530,8883214
31156,9142877
40909,5271597
42985,10535812
97069,2409042
69432,15445063
39444,9302297
12169,8359492
7129,2086198
75085,4793048
59652,7620473
19645,10691725
81407,1375818
37828,9885249
94614,1565981
20156,14255773
20912,8036214
64582,2988140
39526,3263642
24589,1175955
44673,3717261
80524,10608373
63623,9270745
82195,15969858
5606,1862086
100908,6175257
73847,15177717
69312,12579325
51661,13830020
77165,14952103
22094,3876676
89844,13552468
50984,7703141
60950,12008631
83908,1772248
26013,3061710
42927,13040756
37197,3440904
102234,10314314
92191,5381879
4791,7069390
36147,3834072
40615,9156871
67195,15639541
78409,5279291
61709,10946013
46893,7536161
27823,15656169
16633,4358867
56894,7114109
30747,14424326
30539,8392156
1968,16112030
31527,10271241
28553,7074159
89039,13849902
63728,3383891
103421,3982273
98012,4857206
69135,5414664
44234,3042149
35032,8479438
96321,10758688
100943,5938575
102812,2754516
27157,7245066
65643,6834360
67532,12702131
707,6836526
66933,14277651
102523,1874455
67868,7894673
24390,2447996
52706,12444343
56695,16311099
29434,1600806
90911,16248180
46051,7053022
78131,10056649
65589,3360365
84098,14160874
36457,13460295
1237,9246583
15933,5412099
86341,12315967
69734,11357505
3227,6306449
76002,11516089
97024,6070486
37494,13429429
52038,10759019
63975,9202150
93926,2587289
92096,7075503
23389,12904426
27839,14332483
61768,14817540
82475,13838341
61559,14695013
68958,12373660
91629,15722312
8480,5873211
31297,8715733
21992,6768108
87543,5291508
60796,10976732
101908,9006015
24629,7059364
41622,10093961
13431,14544736
43094,10693796
53716,3790720
32112,10105252
24804,16578326
91029,2678895
49183,1683013
35767,9346387
46593,13315808
26110,14189569
1847,13250721
4452,253650
88833,10511137
17695,5175767
11265,15336302
14105,12626902
6535,16443836
5708,7323739
38162,7525531
96471,13737166
59381,15102597
44819,1602016
96893,14314426
19585,14676448
37753,5361031
24166,12086665
57902,2197763
8962,11025992
78105,6599232
83350,9966052
81679,2368056
81437,14571319
79753,2295216
88588,15250073
79496,8636429
45142,4294751
29237,14532505
993,2781737
8186,4240874
9451,146680
56233,4211244
61074,13581177
55576,11510351
7434,6584618
80866,2393376
68316,10720948
98798,8745837
55977,8219264
29683,3552166
6657,15390677
90525,1090735
25056,1165557
35492,8746353
89513,7958438
26218,12806379
78420,11626698
15216,4620068
45397,3207135
885,9572152
95900,1538263
35142,15557625
59115,15845398
77662,14338444
31964,12312402
83738,10481779
47704,14769763
76019,10816002
65193,13073833
41897,14396177
92054,12307870
102994,7235451
36065,15043408
45371,2711740
77477,7107595
100040,12315200
6178,14349034
16284,11655772
34906,7561329
48077,14729951
45492,15727841
31276,14916692
83426,3586884
76617,11710182
29558,8818130
37376,8358770
81141,4028620
77678,14835405
94290,15979120
19990,11272260
67209,15350915
93088,5857351
17507,13276990
100477,11444462
17258,6581736
69025,11029004
41525,6688424
2821,7564846
83199,1494658
80990,12889046
54487,2118330
94,6311009
62216,2540727
61298,15626029
36792,98845
71604,16485568
50743,12416915
47565,13174871
30995,6020101
29534,2136725
80785,7443612
99997,11870639
27303,8078757
102348,3409628
49380,11445831
77206,5042468
38635,10643697
69395,15668172
95213,5777700
94549,1324394
83042,13214633
103748,15002782
3644,9705152
53495,13942596
62399,11639339
49211,7664165
17955,6978863
77263,16491165
36212,8400095
70117,7869667
103451,12420022
47466,8832749
84197,11178654
3153,10201160
24689,9364754
13328,9865915
6913,10132601
14615,5402982
98148,12094557
72154,2413821
7311,2938449
49100,5452785
37191,12262424
41943,11461190
37211,1072188
77885,6675938
21500,4688175
68034,4868698
101705,3669401
70538,2659923
54132,4349258
69916,16777506
73777,7020058
31341,6284112
96333,11187417
100099,5504626
92891,1510324
68597,11839991
58605,8208983
68624,14827258
100902,16706854
32722,4392110
83682,11692338
44468,9620506
27086,13749351
12776,2001778
7163,8227554
2690,11956032
103984,9594011
43771,15322567
22914,4101797
1966,12822477
70498,7003975
68979,8702017
83653,15702492
28052,4094212
13517,3197011
26260,7113651
70501,14437882
8418,13452831
20578,7626042
82744,15478707
5344,1974115
92703,9368623
31085,11145961
8747,12074854
80980,16446158
21364,6193499
45813,6957887
25384,3593131
64888,9671157
28916,15593601
63232,2386356
20811,7642082
63064,13459288
20950,8026532
84273,2677894
42689,13118429
67612,8341975
72813,10969713
97749,10325912
47698,15387824
66773,16224646
90416,237477
36699,11191611
7893,2076167
51561,2002166
61876,6129830
56186,4086374
18085,12629878
40255,11590604
21228,6075086
6529,13720288
24664,16627895
37961,14905854
62563,1060948
97255,5186980
32894,10532526
1041,13535476
44261,5662002
20246,1418481
60309,15639713
54781,15460826
14535,3646745
2609,4988091
30741,15618180
16002,8254840
98352,12854712
99407,13250376
6186,4736436
9113,16377149
80642,7076923
25204,5608796
100261,7643571
15033,8409255
101115,1020359
72098,3953600
28758,16187456
103581,3739120
6148,15930831
39317,13266607
58579,12032635
52006,13135342
60273,3037146
57457,6356703
22585,14055152
18245,13145952
20460,51427
94561,4833226
12166,11620990
104113,5877864
89936,5734727
12902,3352016
100904,4805222
55864,6807825
44956,9859611
10984,4575892
21446,12502925
3731,12383600
75846,10000612
52532,14771867
65240,4747344
87237,13458585
67244,1036498
11945,11733521
26018,3577101
77338,3110968
92128,4166090
46941,11230723
32240,14736476
10219,9146564
11109,2173746
92644,10040934
57217,8632416
82021,957924
100168,9017818
12590,9486129
35101,8539072
15387,2054481
34550,9298130
102850,15818075
66002,13484576
85257,6921933
823,7487474
11271,3656671
42820,7506847
62557,3195889
77487,878710
101028,3826825
99859,16102582
72577,13256686
98732,255636
42872,14173683
1493,3360622
82547,16145042
45759,10418598
46944,12697068
44955,16778229
50582,8138088
94201,4171590
87458,8142812
30798,12677237
29704,14157051
36897,7314041
14268,15275761
17124,3293434
80643,13690727
41025,11033823
84923,5079515
62683,12606705
70689,11196544
37680,1509823
28874,6641552
24987,3030576
30962,9626907
62369,6644567
95453,15593234
58358,3725989
18319,2600990
90031,4638942
2840,3231916
91681,14227384
90146,12813436
70777,5241393
93714,8729608
39640,13286963
95302,11076593
97921,15857761
26103,4875959
57551,8037107
80354,8956678
38051,5985195
33732,4470827
14047,3100312
49979,7607080
83797,3251544
9100,5537308
6247,466312
91303,5739346
77786,10866937
30727,6942521
66161,110771
576,11524493
2638,4401656
60125,14156170
88769,16501626
71603,3840800
51298,6186428
101781,9535401
37202,11491076
51504,507768
61125,10718663
1655,13787003
31822,9751969
50831,14799222
83179,13750568
94068,10997314
71372,2023610
30288,3457155
9421,4919702
30787,484689
66588,2674747
28398,1078072
85616,11236767
46889,14618012
77075,3715739
27965,12749600
75560,9760007
6947,8476354
45111,12870727
25616,9098500
43748,11674335
13663,1103582
15823,13612145
47575,3868310
61851,6389331
67693,9201610
45016,3725596
89662,8464715
46545,12335055
57376,10163578
10739,6559804
19065,5853802
41962,4781377
100911,13565745
35353,8582706
69562,15391171
21397,8911595
98734,15523963
95583,16565535
45305,4732135
91261,15902289
96965,3628787
66416,6889956
65846,15590255
27362,16758965
86371,7469798
56902,14915604
3951,3247173
69,15769063
35743,1170553
85793,14102987
59634,14586703
92869,11465106
78808,5920383
82341,14899369
49922,8751384
12123,15230930
85029,14056889
64504,7681610
100887,16290640
33687,14488644
40589,10041714
101684,781074
81619,1832330
36629,13827244
103127,12394461
59539,7510689
95297,13949786
82866,2461870
91459,2244251
19930,2692821
502,3989685
40098,6448552
87614,875197
25403,14897890
74167,4302573
44444,8431430
67491,12165759
91684,10840900
430,2654025
42387,7731628
91696,544859
18330,9889434
47136,10835755
38569,5016747
1467,15158292
77294,3706591
46611,15447508
3336,3148630
97443,9811091
1813,14790789
97013,7847095
35399,2654692
78318,13522752
58722,9750962
20185,3414542
65753,15344943
95826,4659725
89372,2291931
21598,15867455
67006,9850835
60974,4165225
66013,10670408
79565,6098441
89778,252531
20013,16394090
35851,784938
6580,10309392
90032,10081085
89603,14568529
102705,6018451
3810,6980936
81971,5341926
36795,13823560
20382,10256153
68410,16474014
99184,13654428
5076,6296217
71373,15237344
73120,1699194
44190,2860055
59745,14201593
2568,1485194
101159,15407688
56658,990043
26696,1669249
42148,7668809
84701,10665737
61953,12561380
77136,3332836
103387,3387880
84534,7794405
53686,9283167
8401,9744738
60704,16306944
77327,6058034
3408,11005647
101176,10405278
5543,10913170
30922,7018974
4677,7160534
50481,13169973
64062,5034051
58750,2572485
22340,4287453
99059,11065841
84175,12395863
76900,16001297
27129,5081118
73912,13631251
52513,14863955
47993,3877274
44868,16752374
79506,2998257
64673,7662412
8999,4711673
70100,13804277
76057,2340213
75785,3115574
31440,13040279
61864,14629873
31142,3455543
51597,999962
22592,11192778
79013,6235233
55574,12669536
38878,15959056
3675,3977338
36485,3829612
23953,10080131
45329,5166742
88021,16230157
45505,7418846
37143,1998765
63475,11628399
10510,663099
68305,11510367
89557,11183330
70456,2713851
89909,3998483
3339,1831176
7274,2364830
20663,6331262
24566,262213
27247,886485
74033,5753850
60159,15070844
48236,3509538
39677,16633166
33380,1982716
85650,12242680
95641,4425867
24004,9632774
42509,16446914
5799,2646967
75843,6467418
26401,4139103
42651,6146052
27171,10844998
20611,2901242
15193,3585986
40766,13758787
22822,11961741
87397,16302394
47868,9130674
18989,3847077
24582,12858289
63756,9548772
59507,7410366
46826,4753198
98257,6334696
27256,2840169
24579,4351517
14439,14133799
56809,9623539
79923,2334616
83213,15748473
10887,1037198
100225,1978397
17770,3808321
72719,4365878
27943,14714742
65660,12816350
23052,1880753
70916,9264178
46874,15144889
27301,6500800
98324,15131469
9702,5076300
73599,1313316
34512,8871110
84351,5498097
42576,5759071
48749,560614
38296,2590922
16052,1804390
98519,9844759
91568,10373899
55370,6288405
66334,2545496
53599,14471091
73607,10894737
101642,15317159
20237,6476269
66841,9843626
75005,13024869
71086,16337856
89862,14229163
66373,10827925
69043,16795332
52042,4491646
10690,4240332
93462,2297519
67816,11668596
42908,16153348
4170,9734815
20440,3405997
14358,4067520
36518,12311083
1781,10440598
98359,2000070
28331,16570305
27304,12377795
83939,3255397
50130,7288947
1198,16649909
80504,7966282
22666,3180302
82503,13243607
42067,2868864
21489,2572195
100806,14391445
77877,13706434
89260,1405603
21823,4689125
70398,11387174
6378,12011240
32047,9581067
72205,7799368
48391,3296434
17392,149726
52240,1557345
80632,12651786
96675,2003065
87007,10258716
12178,11969223
76239,11542549
52121,8721762
15834,1194269
7796,7148161
94156,2229611
1032,10012450
68787,15206640
47897,13668151
25289,15669646
68965,7467403
94368,8202150
83568,6276690
36993,5761197
53596,5656667
16328,6828345
44035,2476289
71684,494411
57967,14791787
101049,6335975
40533,957474
58609,2981478
51296,7299305
83365,5421610
48428,569083
6934,12404678
51421,13596693
88314,11049731
96112,6567001
64680,6681117
95693,12427763
74424,12471614
11021,10929559
95132,6659722
83820,3538853
7421,6317192
42884,14990244
26257,9059555
102637,230686
53752,272747
90756,7724018
29332,6348333
89362,11051550
100763,5449781
41204,11468999
4494,15545556
47780,13350709
60890,6817226
10687,3770532
75757,1142449
33116,7425753
7760,9785773
38947,3512121
19879,8647387
23213,7256876
27053,3774012
73640,10880042
99982,16746551
42181,6543007
22059,12573189
60832,1242319
29928,10015964
40441,14593139
89830,14899362
33609,343140
77937,3277269
85875,14402142
26361,1595303
20167,11594922
51672,5694063
6795,14777488
54635,9884229
68144,1586874
2695,62201
24577,2776537
21281,4872982
102435,9836924
93460,10617006
31506,12615636
89965,10919482
53612,7643491
14197,16504138
77614,14339051
35583,714647
72788,15715388
86545,3680667
11068,3337938
33690,16342068
59608,1418428
60249,9505634
86164,12826541
39327,5647706
7646,13678539
90883,9301740
93296,5553312
78750,1860934
59775,15485126
31771,13061627
42544,9085905
36581,10458689
41952,616770
61567,7225417
24195,12998973
91315,3548280
82598,9886472
22064,5384054
296,1520184
37998,3812712
29299,9200472
44011,4619798
50262,14898001
37091,3984500
59347,11967904
91937,13075761
80396,9079678
28707,6858489
88220,5051870
71255,8570618
33446,1162542
80370,8636910
63266,378047
65560,8832355
35300,7102747
84965,10132414
3478,7945477
5821,15997678
57791,8614997
101347,10731091
51790,13039462
4546,14273042
35424,11588676
37905,9371546
99131,10284842
82517,5219805
61834,14580360
75364,3324672
29077,6880352
56570,5136193
201,15612299
86814,5684625
5406,534306
19709,3433958
21044,11377271
53818,6320391
78059,3444930
11517,4279693
83954,9241207
87185,14453439
93719,10599121
58137,3809512
53406,14173009
91145,74012
13315,16440063
33309,7345707
95493,13665112
27804,13229131
68036,1865218
99791,16392957
34096,8705323
78613,3254707
4862,6690837
15703,14127266
103392,13337971
103927,9442513
100973,8430719
52493,14006537
6495,6529756
37190,3369183
46544,16366325
75069,14848515
15237,13935097
578,6553638
46300,3592887
56834,2056712
37602,14551023
91715,865118
35791,3889265
83891,14405419
97097,14319073
24704,6681442
29742,13953015
103447,13092810
83455,9878173
48702,16264605
41367,13007891
83795,7852271
82912,8945429
67620,9677824
102058,5984660
16849,74653
95747,6564758
77598,6923138
10623,8228493
72234,16487113
95188,10097183
37557,8998931
102730,14163073
16053,5068860
23065,16188686
88135,23966
13284,5766643
31161,15243123
33601,1045988
71377,1204091
59248,7022348
98450,2125435
51655,5482858
58570,3642122
12205,6426235
38629,1799902
61720,15569134
10058,1359345
17516,2184424
42114,8654450
1066,14588856
57612,5009322
59219,531228
57057,7826311
92182,4382115
69254,6448558
25606,2383397
75569,14148274
53447,4460257
89597,11556777
59928,15471932
100373,8318815
86726,13657304
74114,12758106
104171,11418310
46314,11020916
97861,13774861
89611,7666282
1135,16398715
39953,13772137
16336,11599345
66822,12663320
54771,2232511
82632,8956374
54464,10262086
10321,9492025
108,3821920
102648,5213434
71693,2486653
4982,15638386
41223,12245850
89983,2411704
35271,7334316
65963,9973261
84285,13968991
102955,3648057
43696,8422222
76773,1786335
95155,16460935
17457,9898557
46357,6433877
69503,12510910
91447,12336900
45220,12346107
68626,15940967
82963,15177371
68700,5579574
74942,9692392
57205,7372564
93422,2635344
90509,4683836
72333,79540
98617,11731971
90895,1185709
21393,1787053
101760,13802313
26614,15548541
76353,871968
12799,8792509
59535,13201286
75537,4158552
30059,14802724
51518,13704476
76678,15712701
93206,4092795
89910,6675539
1948,4949242
25676,8861852
55083,64362
101522,3896185
73916,9976608
6413,5335288
26837,11682963
53574,4239594
19568,6867688
11243,8307235
69463,15989620
16190,3212216
60842,9398756
47800,5032631
40118,7135607
55467,10941713
94610,16045701
19287,4862638
52825,13019342
16121,14960649
80423,859039
1462,12137629
38417,10052825
30160,5729649
65970,15361230
24656,14314520
41515,3321970
5392,12127107
91197,16764036
9556,7579873
11526,13589991
83708,1450480
50621,5481921
490,8855830
2981,3894074
66706,12928839
76815,12789349
27911,6215953
27972,12853895
23682,7272385
7316,6242474
85601,15808696
89628,6832230
17902,7194372
88941,13734610
46910,15784465
65567,13283012
504,5298080
70240,2230940
81150,10382221
17355,5412843
66367,3279024
58873,14999265
56437,3001755
38648,10877928
55881,7171815
7237,1522785
53711,6428213
27959,11984839
60573,4079236
60592,6627387
72090,7123868
22596,8410863
42572,3933864
89114,13369861
35573,9084296
94662,11962073
43455,16639730
73582,5703903
52230,3113859
50877,12331299
25104,6682394
103522,8448376
73264,4286919
65743,14518098
46101,7656524
27431,13262866
47528,7825690
73460,16305049
3472,14540846
12303,13380877
2660,10999422
47353,12568523
42125,113504
99719,488594
75943,2532275
76785,14423534
13087,15839524
44946,15687752
41827,15181285
37527,12991798
51971,7509015
84693,10926982
34812,1909990
33645,3842818
23946,9433367
3332,13686688
94336,13831695
35659,11181171
63248,13924302
89536,5858669
27915,16516410
96377,1705315
62753,3071323
48748,9402652
14191,9041676
90428,719594
72502,15561351
86770,8665988
59981,11280105
33247,3634751
50183,12423794
3140,10680618
97352,8514327
72795,5369686
29071,5463115
13615,8253573
65535,5085193
32489,13059278
43065,2212918
36862,7697046
13205,10811698
99309,356627
58103,14295147
64853,12045006
29940,13743601
52311,5737312
61217,8306584
62447,13777319
98816,8444595
102347,9731123
25215,14184464
22757,13996410
86364,7680377
87695,716589
15578,3964769
55382,4804548
71182,14016686
54592,11734851
85049,1092360
14828,10096985
32538,16480644
39627,2400178
66226,11941641
85151,6177692
10590,3349260
24619,6844104
39680,10792164
43442,6651465
42094,10717415
103715,15845759
66176,12472354
4976,5266317
34354,1611330
47384,3352845
22130,4960922
47263,14466267
57149,13585679
60686,7627360
78502,15109457
21797,13683924
20753,703160
93245,9432789
103938,9455147
19267,9637292
100721,8340692
6099,369675
99681,2526406
34475,15052918
18567,7374167
94225,2786008
26231,13347831
17072,6085930
94484,13619327
42267,15196311
96993,5188065
48664,721887
2951,4027929
29195,10743818
99603,12798254
6867,9396158
40778,16547494
96550,15615010
82852,16139124
73166,1456724
47909,12730254
84093,6198092
59672,130025
5964,5653522
87086,6618206
91306,1713830
26655,13733082
52625,2893040
102829,8371261
49674,1991595
97928,7587717
94639,6371518
5864,5800572
100981,7620225
57760,14814218
30022,8609417
30544,1449465
98039,12858462
57525,13717515
45722,3864081
41140,9815165
38715,15972312
88508,5561992
34983,8389676
64541,12483143
86569,6891398
15801,13885563
63416,9790414
104287,14256355
85125,10519642
30360,13387467
99624,10062477
36355,9622339
27595,4826591
100788,6382853
92739,2621713
58221,14843564
64449,4911048
6276,8536906
100250,6774914
102282,2114365
71635,2611888
84303,8010767
101889,12104387
44379,3922434
86233,12854337
45340,1197679
5550,2841907
101791,10420452
35733,4355386
10769,14982138
39040,12854507
100228,11142847
89105,16468929
34186,14131694
17385,4632624
29211,7632196
58144,12472337
72475,5643522
72868,842777
100169,9603793
72038,16560561
52797,2401217
75218,9262532
5582,13798406
65158,10493796
102045,6326857
12283,15513831
14509,16524808
88790,7037135
56290,445587
34591,4109331
28958,12961563
91336,11159485
39671,8592438
81698,11027299
96173,13959392
69115,15245522
559,15264325
3927,10737654
94593,4871160
12157,421033
40395,6336978
86086,5369577
49692,5788787
62370,8929902
22516,15006750
60762,8667065
59179,10826799
29098,6563718
64840,8159136
40576,6746482
97571,4898863
6485,1996449
73643,9371089
51730,15405908
31793,13516056
32897,12306351
98507,10504003
6621,3012673
58648,13355910
99521,8420307
3546,6560200
47755,8301584
93374,9530445
79871,8673800
36556,9823684
18383,6093728
97951,4857977
28114,10551977
75421,14081658
101445,8021411
97100,2872391
2092,7688985
14819,8234296
29121,12627297
65493,5364455
81670,11186574
17034,14253259
98821,14619816
72975,5229204
50442,16307134
28177,4571118
2913,14337071
68738,8755734
21398,5881050
91642,4281969
101114,9520071
59161,7725326
96765,4327530
62359,15155160
49704,13011757
14450,8493893
57153,3371299
89451,7009742
13717,9261337
46036,15738299
13495,14123791
86466,9306873
6088,11838940
41396,1170110
73117,3153747
72296,3297983
46959,11461949
59526,12794677
2351,6279198
13345,15183404
27641,980746
2090,9015074
22219,15205136
61620,1209755
18294,5411775
53126,12678728
72808,13919922
2567,5185509
52716,11998014
69791,15446399
56862,2399325
64084,6456447
96714,1281380
11880,13585736
81982,13387456
1015,14403421
33107,4362607
33051,6656467
39993,6242893
11419,2631585
86204,4759451
81810,11072260
75728,4559097
42015,2976126
93109,9937942
28655,4009582
91202,5876424
44249,5845698
87675,9495631
94256,12939
7650,7730380
77241,5834405
31567,10707022
12535,7894914
35096,6181561
50052,5383977
11860,9684353
92461,12353427
103428,1439111
88892,15578800
11740,9807370
42738,5441434
66743,13999009
47428,6464480
15144,3798048
84984,10179875
61393,5230341
43729,13615233
54011,4533051
102455,6857661
92613,13276726
12458,11738529
36169,6182043
541,6506707
55623,12797037
35111,14113305
95355,1264597
70026,5012931
38795,9719488
61831,9777096
15878,3098303
93569,13789514
12008,1398702
85608,5417055
31246,5701576
96125,622633
14295,13004092
51018,12215791
42668,3787795
88544,8187072
66185,10299434
68971,11988219
11196,1617596
10128,773833
59749,12345016
58653,16185378
5496,4106641
74204,15714985
102727,10973275
17060,12376797
43363,7861623
249,16186268
97249,13017716
62544,6426612
69951,15222671
31368,458116
29498,2155839
78240,6398826
46639,13161522
3112,7858923
79256,11031376
49230,5989608
93260,14769243
27100,8999112
45175,7502449
76974,3404437
31916,6998302
839,1967935
82802,14495712
19002,3617212
95292,13037728
40468,7959865
58552,11371185
9214,3439867
48265,16581733
91477,1292765
72492,15911003
34330,12829367
1434,15784889
32093,7121229
52500,2047358
86985,4359576
44423,11958441
33688,7139111
30712,447704
32959,10274268
19229,7600858
20795,14969525
79743,4539349
7685,7021286
94249,4986497
64920,7703397
24256,8953324
84191,1574416
92396,7246138
52023,13845008
34241,9960505
98872,7977911
18534,11244875
38492,1870197
16102,15813725
74881,11591384
42110,7488944
61355,14805321
87090,15034628
18023,1761522
56827,16007639
93967,8974470
70062,11940548
104533,93778
12497,11237538
63889,6672932
34511,697454
91203,13590784
57888,12667971
32607,5409726
55691,4516474
43040,12415354
29326,3731295
55172,2760734
71954,13622132
52287,278092
18277,3308010
63180,11618364
27555,6798993
12482,12684122
54929,5238540
69134,10843426
25037,16392138
10998,4712310
8919,7471465
85862,11024349
35252,9153211
48553,5527289
21506,2948617
47604,1210373
56661,8124761
66526,10237030
69295,9549707
81656,12262673
7465,14143784
50682,16732703
13001,9510953
569,5148211
91723,7678155
16953,5008851
77744,14738795
25712,10523470
17818,4105628
77721,12187345
74524,12344301
54627,8117988
103117,1035638
8541,5786929
85085,11318072
38469,8644608
58623,3435600
43224,4272934
33249,5797872
69608,3566262
22676,12423894
28685,6693055
25957,3320230
33621,5764682
77759,11252867
65631,3499282
62885,9786247
36831,16376697
66073,8059471
52784,6097070
36198,16364879
69381,15113053
78951,9019189
40512,160009
23058,5482329
42455,8464130
5917,14642777
94245,2904907
44902,11363253
71964,12309796
35094,12749635
28726,6084797
79842,9074732
7145,149714
65794,13000559
74839,10876867
59234,608846
58105,1305454
72400,16097595
45858,8481860
66956,286016
69844,14420791
19916,10292804
92202,14554949
41802,14081857
26091,2293472
87236,8290236
33421,1304786
70979,16472771
53134,14721678
3902,16093712
29899,12900461
44794,14002613
60692,6614463
94849,16720054
70439,14247227
3418,2005674
35855,10391222
61739,2676110
7196,13087313
88752,11102501
44527,853345
72726,12167878
393,14285608
6463,6027311
83389,5193750
39860,9454251
56962,16753884
1060,5638863
23681,216219
73349,11683527
20802,15778513
24205,6317638
99775,11006268
40381,6669370
69948,1975958
85927,13793265
83101,2779648
54412,4490205
73438,13736413
59343,15707038
34235,16578161
75947,3721401
91086,12935946
67248,11766230
62479,3008638
57592,3727748
34794,2355234
23004,10872391
38969,14038669
79950,10040242
62640,5215464
65916,2151851
32553,5548599
90330,16796368
31236,13515328
19548,5192379
37300,107918
56306,4577295
18486,16046323
3328,16010888
27319,12454064
20830,958271
5084,14792348
70904,1342454
5253,10030387
6783,714791
39553,571988
55895,10030296
59615,14480074
3111,15762820
39524,15991232
85806,9641463
15619,1749582
24354,16304524
4847,13826954
88312,9693674
18178,13819272
70585,6019759
81206,209496
99486,2260713
78252,1572791
83002,8909540
66172,9170208
41583,12747830
30257,6594810
59238,11119871
101992,3766539
46179,1804170
8446,11283454
23526,4934499
56924,11433269
79033,8340481
99356,6850977
32946,3676708
88880,15524041
20313,2420843
47576,10360807
72151,4961087
21183,4493134
88983,10435541
79750,15020746
77852,13039184
31688,1543176
27752,16148563
102390,587719
95007,3758521
76836,5393283
89161,5393788
10201,1856178
93342,12693373
42639,1320249
43394,6251897
50875,9483628
43776,11968981
78590,12880771
17251,15729748
16281,926950
70265,13959258
69027,13136458
31735,15879314
76623,4938774
83406,15519261
16341,10459892
47054,8703101
14738,14856715
57028,9977188
40897,4495146
15958,3107914
76240,15101032
30893,582014
67915,11486617
3260,10826896
53402,15177405
56221,8506872
83772,5039868
92075,2492479
71441,3292838
27278,14058409
30331,11809370
11725,9759623
17410,16005524
87586,12052550
50878,15371546
93477,9016970
97470,12309706
65804,8112581
67476,7957645
60324,4590294
82037,10043962
81550,8879738
56569,14812349
22307,16695318
80034,9251790
78910,12569414
59750,3716996
37026,16775387
38945,1128092
79654,4291890
72818,2714125
54873,15028419
37538,5202282
91160,9583509
6312,10226054
63156,1650302
35892,14514381
20297,6687700
61251,1431165
25359,14525415
99046,918946
35683,4382793
69232,11308901
75224,6220472
88558,14768993
47482,12376279
17635,13154141
7352,10188685
67549,2881800
37846,13606657
33034,14778044
6973,3662163
45580,11227751
57565,12578091
74618,5187102
5958,2909933
49193,8805556
48506,4524480
61285,9661681
28856,4052141
4179,6127876
32628,16382846
75899,4389062
92858,11524753
18538,3374522
45639,2561347
69915,322834
89337,4644398
16567,6338775
39893,816053
51488,6876628
17360,11146437
79426,16439806
103306,2251866
19629,5043450
8638,9759004
33693,14305119
16280,178401
77800,16493912
681,10711388
48926,763152
47350,8492460
24386,10177676
89118,7653620
26982,14252467
12698,9114277
83942,2289899
1162,1581095
47643,780943
25483,10851166
19150,8876296
62813,7418027
20601,12597867
21986,4781529
37655,16455100
88423,8531310
16105,14503651
83988,13653787
5015,10276886
40670,834722
58847,12703581
33292,9385250
82981,13490121
53582,2469592
68253,2713404
4520,7256826
60163,5371735
60568,16182056
24395,8300699
88303,6619172
9336,10446216
12459,7999940
48823,14025830
96291,8768414
59597,7364928
72621,6801561
55867,12925563
17142,15520541
32554,10311902
65637,15363504
26434,10625417
5422,7782823
54670,9518937
48194,12466339
14032,13383778
72020,8896019
57992,12193874
55716,9871022
28271,1223408
23396,9973471
57200,3571600
100055,3833859
34266,792693
88057,15417459
86826,13754286
16226,12727809
67044,5495942
8056,10250644
28703,16296430
103739,7257320
17993,13774566
61998,9060703
49625,7439759
12553,7874710
40211,4073346
101872,5719318
94710,5583932
43582,7999963
7985,2688348
65700,1188540
32700,4624987
52830,561766
90090,2774635
22112,2100561
95165,16347407
42701,15985553
15270,9583076
11372,14411620
65639,4748314
60837,5012807
81905,9172058
40481,8299710
73258,16324331
26534,3529900
81876,1589412
88594,12560883
76688,7442962
99270,5155726
102059,1732152
6718,283252
2429,12533770
12949,7514684
98444,10167113
77670,8549022
4425,5211045
37960,15332399
42650,8836121
37632,5230227
95749,10541302
43778,15168804
49981,283056
40196,3325720
63405,15558685
7866,4245023
11632,15713057
21375,3472264
26188,4506009
13891,4632773
19047,7717789
29152,11450581
38428,11217398
79652,5154046
52292,5605447
65522,719950
6722,14782979
71484,6202032
47936,5317070
52871,2007056
53274,528987
48269,7969269
25412,12553050
1973,5320433
31739,5168106
41289,3429782
69960,3566616
61031,14561673
41103,9496069
85166,8226048
99975,9877390
31553,9876796
13994,11484399
47429,10268111
90149,7942982
64118,2403982
84214,10176910
53448,4544018
99568,12185999
29991,9656466
95120,5085598
31976,2195145
76079,40368
14090,12177921
53858,14118766
72901,13763221
90468,15918108
81728,4220764
57387,6091957
52272,4248430
20210,7585205
31472,12557537
16430,14172258
33715,12716090
44502,12511846
54036,7768783
8622,10095561
13956,4441537
61921,5931296
59862,5017847
92483,8962167
45689,4871729
26056,14845841
98814,10565724
80051,11765290
62644,594670
19273,8907827
83238,1687416
92041,8898182
28649,15857156
55089,14133779
101746,363493
90272,12990660
15045,686315
88744,605636
55785,2164964
74653,13986205
2256,11201713
88218,10279148
22930,4932700
11699,3414476
75010,5089135
86873,10728964
48408,10638695
41630,2226288
74992,5116212
41219,12507674
59752,8058438
17311,9938418
68456,15683316
37179,1373752
76432,12562139
65841,13741069
35655,6657177
51947,7241248
7307,2800554
11047,15814269
62695,16046160
5731,11333272
63284,6036312
25005,14193506
82980,4005024
87596,2024180
22896,7168614
18385,10069530
102467,10332056
97714,10398324
64876,13334298
42042,2983434
88037,16742087
80783,14364478
91490,2853636
100404,15319467
91035,1741436
73914,7569866
23138,4320910
16189,6661882
39454,11834893
45983,1575165
8670,16717900
99818,8050322
55311,3132066
4555,10374649
97065,10773103
81680,10484589
61086,320767
6326,7674139
35754,9673374
17566,16134110
63247,8449389
9316,5521862
7675,6209952
12171,11631789
6726,8077232
80064,12127269
8961,6529286
8380,13869891
67606,12040719
2740,12480818
90239,16039620
85064,9118038
97820,11466242
6332,2274416
103583,15647652
11413,130598
38168,6203776
50657,4168522
44915,12304262
22879,3046478
15456,9213531
55162,5033960
7782,370970
21260,13211600
13885,10326118
14306,4607662
74958,5507827
68570,11577638
34739,514248
78028,9175278
53443,11254294
56921,5376740
35992,10544564
87345,9439152
28106,7023366
102318,12949415
96878,2594336
73492,10197973
31479,5560470
21705,841288
16352,2523982
53411,1832799
37722,6040955
53295,8164819
16411,15721590
39616,9382511
75862,14502391
13947,11631290
47410,12714381
81159,4887059
7207,5379683
83230,7845921
22467,349819
104017,15172074
48831,14982750
75116,4054307
95935,14359112
66565,585781
23829,7818496
75468,10113270
50677,1317209
24542,12556204
11052,10498793
6705,2338492
85322,13707756
77159,1807964
40176,515257
21092,4567811
64180,16459775
94999,522120
86564,4927869
1996,973437
76452,11862764
19294,13522438
23841,16466965
16127,853451
86388,10378320
76680,8452549
101201,10545350
44844,1692518
14781,2808185
91138,5644783
22236,5745790
92198,14648185
41203,10142709
79716,4113532
90633,9096695
14721,9855188
22290,3889673
64832,2785538
42560,13563790
10750,5035852
43532,443559
50297,12790788
57807,8843258
446,7651460
102099,5438387
79502,6366609
98479,11950413
53347,7837661
86946,15199386
69282,3540667
88932,3241745
82788,13624879
59118,12656750
56984,4836791
91299,3618761
82240,9384168
46690,13927850
79001,746000
96145,7312322
47402,10440102
64937,5394515
24287,5391477
74740,13502934
100395,1163264
30622,2994347
83369,15432032
42282,4852474
18802,2403314
38959,2077845
65982,14127513
53407,12664826
83181,15917057
7825,16505250
9783,9350873
69256,2898171
37776,11426954
62946,15872959
1354,5146343
50828,197431
91901,14910047
100668,15298656
102179,11312117
81662,11242402
82276,5956699
23400,9099673
63147,12169519
83810,6651733
67247,16622568
27676,10377285
12608,7750310
70889,2610342
56094,11388611
43844,1926808
58066,1319809
10189,4641540
77647,1365387
4046,14107646
89860,15013552
103018,2165607
84796,14451874
89332,10100521
59955,12662827
96041,3202139
96538,1172945
21111,16543137
35714,5789169
45128,120452
48761,11811558
17686,14402105
87665,1617188
87216,15069429
1141,2042537
4193,5251381
24476,10155026
20497,12302029
96261,11851851
55656,9238297
89649,9084053
60050,10293128
32625,12717467
56447,12433609
36062,13555692
27033,11439913
16087,4603288
87705,15093437
56081,10361196
44935,4168427
31451,9797095
73294,13966522
17326,11102242
81348,1015128
94711,7648066
22029,14320826
10069,13831280
36906,16081466
100606,15023218
82579,6819543
47597,10895575
61852,7301392
9795,9966011
53622,5157667
69305,2912986
43269,3875558
79304,16730470
33244,11631029
16604,11313427
10670,13413113
92960,11976093
31932,7620280
43407,12682348
95259,5799741
97119,6869792
59978,7575776
6394,4419920
4160,14138660
74227,3368402
11756,14397875
73976,5961279
12160,12328198
51233,3255148
27492,5471796
92256,8390583
30214,4688552
17480,15119235
72148,3464171
84513,12286778
20874,4661362
59290,4374466
80758,12157714
45323,7626496
26422,15378105
37870,12116160
60602,12959521
91259,13379625
56716,3852357
51770,2846519
91473,4103194
98516,4255971
98244,13442985
96182,14994384
11866,13437317
17948,4139208
49219,11937759
15217,9902335
76296,12571886
32715,5249030
52827,4945911
97934,10489533
11731,1261126
23665,11354747
3997,8151752
54549,13201012
77469,10925606
68024,9748737
88117,4452028
49259,1420004
76428,3456511
98651,15527189
18519,9839666
27846,4846799
67635,16449979
7656,4777237
9656,7365196
26331,10927021
39115,13407678
92386,903949
97960,359217
76223,13031118
89930,14592070
62895,9558542
80997,14324068
96554,4458925
83565,4071616
76478,5154852
46548,3670172
67354,261644
7664,11293825
14853,16518122
76594,10119683
101885,7156085
93234,3260903
68147,863542
18831,5747872
62620,11175811
17238,13407987
88025,13156042
70168,4282770
81181,6331680
78699,16237372
61114,15655773
86221,8206513
70124,4219919
80012,15476531
30442,10136406
96098,5403458
20544,5193832
102560,10539405
93610,11095820
75477,13214363
11197,3845089
4377,9257965
71700,3674161
79881,2837219
48630,16121363
62093,6209848
41352,11244685
15751,2723854
41626,9634499
8945,4984926
6038,6775935
18197,1088442
50390,1466801
102111,16764699
76689,4478110
88835,16167186
69928,2108694
20198,10064939
77616,2372382
34122,14906926
10814,15016516
36914,15189425
77813,901768
98380,2321860
79737,7782825
23565,7729669
6430,2839088
43566,12023293
100308,2535468
59053,12475002
45212,11509738
65434,5231939
60459,5572576
98370,7369989
87701,8466798
18234,1638165
16513,2030397
15544,9418737
101052,13174900
24805,10645335
99827,13935443
45180,15444638
50164,5493624
31351,4234749
96006,11488430
64448,16580293
50485,6133292
98616,1585940
30485,2669979
35772,3952842
11735,14083954
79093,16454348
34584,16391732
98247,7892441
87933,10442153
88434,11356178
93902,646660
69127,8822270
65685,2119311
57526,3263933
85415,15421336
40343,11242543
77012,1524458
6763,6948664
97491,1459059
87565,5392608
13591,13716835
19162,9541229
28533,11041144
72982,12214370
67323,1627485
102883,5365016
68220,13074924
76699,12296925
57634,10459296
3759,10979509
46430,8653417
45777,16014473
91499,13747207
18488,11065734
33096,14633115
25267,1623343
59316,6159960
40057,9102064
96422,4723015
52458,11052415
29505,13271167
57050,11013075
9604,6339665
95123,5393278
39599,4407992
97516,10928972
97615,5115784
52143,13488235
8040,5044773
92165,6177315
38425,1548839
59461,12104569
38981,11888367
48171,7787816
3273,11822760
70981,7396936
91591,385117
49673,9461920
43199,8320914
100792,13514496
7776,11115316
12685,14436821
67732,15884551
78680,5046133
79747,6081948
92313,6434385
35578,6853274
44966,15245526
47783,5074478
70177,7659330
54045,7693911
97607,15330167
12958,9875287
23439,3861197
30409,12419709
65278,1155904
77714,1808529
98392,15262672
48374,13441945
31307,6646434
63564,6031271
28364,14126230
24380,2732028
2188,14303686
71304,7117255
14869,5304463
20157,6742135
32024,3959052
52354,1449149
80410,918443
37996,8445435
41406,8179429
97084,12731090
35700,4949194
81433,11780899
82418,13043521
59794,1630592
15185,11596052
101144,16708113
34265,5713103
62074,13237688
1305,13706223
41342,11995553
73276,16035140
65947,4379468
68297,13362308
36602,14163689
80776,2592954
91167,2662150
4298,452411
84397,2043287
87513,2956938
87217,13868939
17232,7421318
61447,13743210
61649,13043524
102897,8099285
69772,14658268
99938,11116020
94476,12710989
23823,1215669
83663,8324813
35036,5229189
12790,12283213
51738,1847099
80797,10445850
62978,9030312
62040,4677914
74116,7960775
45353,15838188
6256,7910130
70154,9351614
79572,4265448
69479,10492122
67527,2079198
30180,7657050
79684,9509721
51154,3483114
74546,16095086
52469,6878570
72067,4184697
46664,7498816
32430,9724808
7087,13045912
24712,7891375
19987,16636346
64035,7514290
22637,4802401
50299,8148890
5738,16584452
86635,11605836
74232,1696625
27836,2473535
52055,13346847
10227,9602240
100274,7742585
66316,9833369
76645,11935028
30821,8244749
95148,6149060
4020,5506853
80767,5759567
47644,436117
23480,15033096
80876,12568041
29294,3811229
51313,9786838
32369,986831
8459,10929220
10127,498583
54842,7329012
70125,6081040
96511,287241
4532,16559991
26173,8192381
78549,5856335
7848,14629237
101205,12849867
44074,13881124
30284,14756552
55451,16028794
70653,7999708
54071,5643667
82919,9280726
52356,7248002
46090,12054785
100594,13362072
30651,1607150
30438,15881926
69808,11262086
14945,10386601
67986,12238883
2863,1767937
63581,13171477
88004,6056637
15336,7255042
79824,13810523
29619,2952296
57809,9224276
74604,1918545
96212,11336118
15974,2879183
73394,12090113
8992,6054304
50234,2304355
9644,9907436
39238,2596901
41359,14394029
28935,602581
52494,950653
96286,8283893
68926,9123120
102763,3941614
78802,8236279
65922,11626347
47545,15759008
49016,2172039
93137,10979250
5322,2871827
41301,1483926
34692,15301201
69765,950314
13364,3028810
51657,4915384
89465,10580214
16480,1241471
26198,3708285
38847,7858161
11837,7965958
83499,14176956
26915,2745042
18226,11698796
70284,6766101
6761,2784454
22428,13480147
58937,7958496
3757,15384389
84524,13035077
81456,15805557
93846,15305167
101665,6212019
102289,14071655
27627,15867518
10168,6845985
62605,7932420
49172,15879667
15993,8329125
69590,8443245
66895,11767780
30606,424777
30623,2879399
72832,10701142
89473,1877082
54603,12006256
31089,12758325
86287,3764927
100810,5553156
47779,9546314
34919,13988191
15796,295086
72764,3921244
73470,9341850
85169,12716477
45745,384509
93309,12998955
38672,7173270
46079,8235517
87680,14851685
35820,1234759
79965,5707311
79271,3926242
85638,15224583
36255,2415224
85149,7815283
85578,7292455
58564,12823046
39324,3628685
71605,14071371
50099,5197950
87558,13800267
61829,2469066
21499,9875599
51836,6969638
51904,13891885
71690,3183612
6665,11977165
67210,2846758
73481,16644787
41068,10861572
12378,12647939
95009,5798340
99099,2138011
5027,8940082
37343,10928574
78386,6097094
34852,12446607
51015,3107556
86471,1928927
100505,7507001
92866,15179145
104532,10049620
30812,3183671
30709,16257641
96509,1266618
67829,14301591
51380,9900205
11095,1748758
71985,2017178
99578,16476224
9434,3394049
80123,9948793
2350,9693261
64969,14701651
34642,16612548
83390,1809446
89550,10470322
82398,6071224
36594,4126708
87926,11625821
47351,4067807
62931,2616922
45859,32208
23868,774773
52731,14934478
74324,4998440
75815,13128924
8074,3233445
65952,3248147
92162,9516248
32634,9763677
82166,1804356
3826,12034862
68434,16483782
33072,7231381
92059,6365323
84452,12953922
93736,13260246
6462,11688893
62421,905895
85919,7396372
46468,11620025
35650,11937320
3946,16352361
76871,15691141
67383,5773533
16655,1931185
93748,2085198
68919,5391813
45449,5781800
44981,1138667
62302,708828
47728,849831
21035,5913111
89686,5066750
80777,12573195
10245,4234597
10967,5213658
55027,1554842
22319,862933
52548,11750057
83343,1834836
96063,2377025
81123,5845572
53715,13090940
35183,5597164
31604,13857594
58317,6833113
77891,15966814
48769,8724777
3646,13043228
76495,16742045
102498,11745412
85199,2675114
47944,16018526
57768,13351838
22454,1772019
9752,11242288
25394,4496278
15070,12699866
5642,9564362
39871,2951130
57171,7762920
18815,10083590
39585,12450147
89360,11820603
26564,12510355
57743,16411074
8654,7458681
97037,15591952
61736,13273342
14984,7681957
75689,8994143
86729,10085437
28495,328819
44222,2584517
81494,11484325
47709,15858013
33889,5756802
33680,8008802
82938,10424625
40587,3012168
65978,15966412
13540,1422215
66514,13449018
100485,10327155
59413,8943131
86850,4102121
12788,5005931
78525,4907875
8267,12744961
12065,3521626
8350,7362018
61604,9838185
32124,16105346
29303,7115822
13809,13451919
92569,11943520
6627,9813647
56916,13122034
85821,7017271
5907,10263734
62483,6130998
58615,12537954
47503,15430121
95086,8775874
77026,5543023
68145,902403
104176,6595357
29383,12156375
48525,43249
55738,10007900
33926,1625169
32881,11198859
55798,13146214
36787,9730109
86406,9256742
100082,14081052
32604,4317738
18556,4454928
15028,4561303
28387,8055864
15672,14692630
74636,10733598
54877,10033663
100501,15484818
35710,55388
21013,730835
40547,11904398
71967,5531467
41884,5816445
61337,10338778
4415,16485802
43182,7344964
62409,3740833
102720,6590749
85532,11148824
2939,15381328
99283,15357141
1866,5984272
75644,11971634
11532,5637881
40524,5060419
94768,13326206
85267,14415552
5271,13460605
16150,1514360
96033,11073572
50849,866976
28753,2002300
64186,5141464
85122,6681369
101845,5232108
56714,11903260
33357,10288507
33351,4609357
21256,10959132
27702,15025944
40125,277344
34962,7156809
22227,3581816
35729,10183361
7987,403567
11485,2572487
95113,52638
63162,6125095
45048,1999291
77497,4332141
94518,6589419
63120,6757885
38324,3013840
49366,9993272
68925,241236
63910,8269367
54784,10495681
88673,14173794
14272,2259779
2407,5525231
94412,11887024
57474,16295591
104344,4769404
4118,9173896
69965,11808424
101915,4834717
83534,16211879
16109,12424496
342,4517865
100049,7898206
72674,13133515
51654,7196666
38923,9688404
90059,15835685
29795,2983523
67522,7795748
88244,4805866
4394,13646368
6487,383079
68683,1264483
93082,3786566
89600,6021357
80028,8648491
99402,1898221
103547,12750703
9396,15087860
27668,6077228
18553,16649103
51204,4895383
67996,13051506
35320,2060679
86963,13920832
99028,1629653
69420,1121986
99115,1625409
94598,11052554
58952,16707846
44075,5856573
84928,11435269
39150,14939720
97751,11667938
53450,10150038
62083,4067155
56692,11057570
66090,13165021
88349,4229730
31751,11608699
95526,16615046
55419,7846896
15881,1782393
12128,13966775
24499,7245397
20149,5896732
4126,10061611
72603,13469071
74642,8378742
18369,12827720
71019,13520383
81654,865623
12116,5816298
38887,7901112
13590,2038290
51792,2877026
86213,7157689
24301,15663332
65249,2335727
46441,545399
37530,8828793
44078,3050947
67253,5341772
26105,9479118
10991,11698539
34600,2941437
104333,14501785
68026,1027450
83677,9065814
75074,11060447
62282,4714114
42127,6918005
69805,1212364
48456,11650935
32383,2025493
33706,3197862
19738,15792120
10132,8659526
89962,12590365
80451,14819933
67147,2662989
74606,4064835
10084,14858690
31785,5668110
47173,4533118
100206,6310683
78064,8868001
93238,13397096
8309,8353763
53118,9495681
72403,14085077
78998,13946157
85398,4814804
35581,13805106
21812,4247914
99898,1254266
78353,1351716
67636,11599854
76302,5441545
85115,12217351
1618,15921892
94404,8374943
10957,9864026
71276,5872379
67956,5205076
24469,15348889
95278,12355235
16947,1490317
93618,51187
49387,7097933
33409,6487711
77369,550213
72599,10880701
42951,9552099
58905,2307097
31346,7526110
39949,10154351
40036,7086066
88291,4292645
64644,3313325
81390,1097876
59683,7924996
90256,3762686
3264,8979726
11287,1681885
28614,15893729
4624,15726863
88432,7770571
192,5183241
23515,3486845
30723,1758081
12417,13878841
26441,10891651
39451,4631689
73707,15452732
96250,290025
35737,12315206
102032,12240366
73766,3729541
68309,13749883
57794,708327
27513,1564664
45394,2781880
100686,15077680
39562,2175200
68074,14482819
54331,1235732
25730,13845161
77964,12409375
64328,5871238
101579,9619691
13857,5754757
29862,5610522
31230,6550620
21819,4426456
24666,10556162
19501,13466066
56630,13853621
6423,9918633
30301,8348370
72613,4229667
77025,7924913
42374,2117433
7623,14655023
79484,5877904
87828,5626874
88256,3891232
5925,11561756
99641,4677492
50487,1088669
55639,7399506
9447,9932060
60491,15284298
23113,16522088
34324,10111667
32417,10230732
43742,12059308
61225,4430901
76253,15672583
17397,12975070
3804,15263719
57422,12546667
58379,4638488
19721,5869021
59540,7880958
58453,128745
66187,8076214
4067,7130062
40752,1702650
91253,6755175
73052,1336196
104324,13457640
52929,11257023
26406,10612723
81488,1056733
61368,5760976
2507,4014379
101985,11178908
22513,16246130
66248,1926744
13546,452025
88194,4375937
92811,12264757
103860,15624460
15149,10368187
55374,3080317
59252,13547723
64711,15004130
80400,14343240
101765,2550053
50782,16210322
27615,6870769
29858,5757405
64354,6341169
7255,14602612
59591,14362325
30010,10511363
36054,2701297
11786,8409001
92221,15968991
75559,14062276
81923,6275908
38807,9194820
44903,2025811
61193,16588622
32309,15616223
11476,1253350
22390,13293671
5386,11292739
36209,8443899
14460,1450766
80415,7817438
56933,6886387
62436,6876226
46750,14562970
98150,15259262
33128,16016363
19018,10398936
56540,4082745
13204,10904619
45025,806612
57668,7592219
101678,9563533
2114,7451087
51144,13001777
34239,8233497
99651,12920089
67005,2923138
69132,9659295
2534,3371575
34874,12445314
13440,1975413
35217,5623151
42427,11181914
103753,9216665
9166,1365392
76455,8745392
40814,12533104
4155,6192029
27101,16416488
62382,9666296
83823,8470539
101968,4935062
12350,9791587
78037,535868
98194,2567361
21845,8964282
20352,7224903
9472,15944315
91550,12748606
27340,3486841
46370,15297471
67548,16246093
39489,95437
51631,14319723
7757,11083143
62985,8625726
3589,10414100
104198,7470399
76766,5614342
58141,12819158
93167,4493652
70770,14522498
93413,8579337
88095,10158859
89710,11758844
61048,2528552
54324,12287274
42295,10953300
16433,2866567
68514,11426006
82288,5656474
23063,8694232
72200,13920434
10048,16630403
51458,15511787
92079,7989118
17991,10922518
18428,2528401
46663,11120799
72776,7657711
9371,14008904
83841,415175
68508,3723728
22093,2931663
77859,12224881
39907,12022253
46786,5298024
18524,3949002
100232,3794193
94896,15061859
64550,6857340
45030,16486887
76386,845271
19996,3965834
7063,5748699
43084,4836692
46984,13253954
28362,10875595
698,1861691
42755,8057287
104163,6106550
104184,10693615
79662,7347881
29909,7120051
56891,11436504
59094,6032002
28525,6610614
81382,4450191
99324,10582136
81032,11838173
16006,8663779
18959,9126198
90729,12613832
101107,13645417
43204,12955601
79099,9991510
101046,9295776
2372,8682922
67847,8644988
99910,2816418
56897,11471507
54585,9100403
31281,11180054
14689,5651520
42936,561236
103218,16094381
5776,13441992
78367,16076560
27236,16691811
72523,16472138
15650,6760600
88306,2323478
75461,3330338
90390,14868736
87674,972402
14969,5963277
67674,10571341
43914,5043167
37638,3475703
44671,4493144
52451,6314054
33972,11997205
95618,14416844
8648,16636285
65063,12522525
2185,6806301
114,16061205
4549,11315025
3158,1017265
103594,16754291
56543,5155643
20721,14526537
55496,16242633
18547,13773813
35965,1996419
71895,2678016
50044,4695416
84724,7804594
85281,7932770
1401,4371211
101294,5797316
16608,15273831
99350,10605403
98532,11570248
68994,9028055
101241,12027862
83045,493424
55526,8919993
76825,3970924
72548,6909101
11301,7596256
49911,14235952
83689,8825681
82713,12317755
33520,656374
38478,16477803
60054,6717366
21477,10701805
89351,2229289
18474,9250798
95602,9423559
2946,1001290
102689,8273545
85354,4394930
96590,13763974
46895,14900440
78878,15720239
36292,10603978
75575,14640188
90403,8440963
6140,10929858
16371,3985185
16323,14060531
66280,588476
61828,2393745
35042,1914207
10028,7330191
27881,1386464
68366,8051937
100467,16164838
45310,11536162
60096,12406973
61065,5705138
91365,15359529
10837,16037677
97123,11668667
20723,7774600
18498,3320040
13700,11924974
85910,10838791
49791,16320850
58816,3400001
85591,13450140
74536,2897531
32400,6743406
9531,2011012
7008,871906
91173,13414317
514,5169665
12896,11759957
80158,4053102
98326,385498
89958,6298559
92342,5123456
16179,4780166
63143,2878064
64545,3570932
3232,3736128
97826,15281156
40767,15873096
13954,1462517
6135,8444546
12652,2935417
87009,11298209
35303,8372704
35560,14024149
68829,10585600
37668,7706052
82758,16142800
74111,6552422
1591,13652054
52326,2878531
79637,1699109
47749,11035050
20330,3688562
19016,14565527
22907,13516334
89770,3273837
43271,14526715
60798,628689
41542,6427068
2174,16224323
31333,3978570
87468,7896555
44582,9030743
16801,2968517
93357,14035923
47830,8973381
60499,13774592
8816,14879469
94103,10470143
92129,15865617
8238,16617394
63366,5751954
71950,3675434
26624,661592
86839,12513794
28743,13176745
21000,12971701
19071,12948399
51704,6775458
25100,10975221
34312,2792735
24606,598316
10930,5152214
24321,2630772
28357,11503583
77842,15010
49018,8223040
99352,11356886
88293,11121905
75496,11298225
8051,794724
8651,15883151
8777,15391771
10097,4189683
51470,16382338
24529,725800
34345,7414804
89380,2598273
32811,16462592
90624,13466401
12727,7138048
41671,854582
6777,7550419
78567,6696731
88269,2009104
51529,1309552
95978,16500747
12470,9107746
52736,685309
90992,6212857
57118,2676995
9218,13385889
83592,14238889
73233,14197165
51806,1878618
65550,14136598
81443,12509038
44813,4386617
30552,8069269
66204,1377436
29716,7869265
99301,3554695
95310,13382675
84076,15136870
16289,1792451
67968,5223741
19265,11015265
94588,3301060
84800,5019305
104425,13093609
60590,11031794
26122,6010967
58113,12345170
43659,6799733
29906,8733010
49910,1299129
59680,10642861
16477,12063907
36343,4162818
29945,2105285
51240,13392511
76082,16204221
95616,9058725
78339,1353936
101244,10289175
17978,15534709
88484,10195866
81734,13295251
19492,15329280
45750,12499869
91396,11763919
28574,8698142
14204,7766530
36681,12710626
89102,12445216
65798,12602945
52039,14652995
58057,6686607
67448,3180647
1916,10495449
76844,7945152
36029,7418934
64177,5463008
39300,14475000
11162,10986155
60746,5848046
55228,11683677
16936,13204579
95268,7518933
30639,3361910
6192,1712631
31282,10949303
73523,9878502
67981,8640828
10367,14071746
72557,15962592
95393,6732956
5382,1411756
10512,1593039
3197,3792084
95114,163026
69534,2527528
91078,8568504
34249,14489470
50772,14541613
87487,13865787
65650,13689503
84809,8647635
35256,5339133
88406,7415501
86245,11514791
40988,8204757
55610,5077876
87906,7896934
89781,2342352
70068,9243255
65345,2905673
101512,1544372
87168,3299761
21402,14380808
6334,11483824
3050,14968441
49644,16661474
14610,3669931
68127,10111625
86493,5766634
65294,10958943
28425,1896654
52155,5822087
29507,11450574
90194,13346712
37987,4846128
28089,14717985
42208,11651088
4905,6096349
56099,6783383
94345,5386659
47227,6628361
33015,10030653
60337,1310207
85161,9570216
98693,5019233
73360,8910714
33120,8043429
83900,6498147
70813,6116885
97046,62198
30248,2471208
63798,10038929
74541,1747242
102599,9861568
47081,1690005
35198,13823106
45070,12582464
38465,2484962
32466,317208
54181,10791105
81266,3793155
7585,13426990
66201,5985010
1857,10678943
4800,6856282
29769,3965535
67796,12834182
20776,6333947
56230,5112705
14124,2481606
10731,15047069
51467,4432033
45165,13778227
38491,2162301
48419,3288617
3647,2808532
53666,1739454
28274,9109004
9672,11095595
23437,5147646
33823,3828466
39706,264651
73886,11972481
88017,3062632
27521,10226293
70640,5371520
28805,12399694
7130,3044848
34094,10042668
28900,13555841
14351,10655345
80291,512218
78378,1767756
5410,12362147
94094,5788320
54778,5539296
74299,2340877
5012,16479867
52184,15343246
104156,13082235
56537,11590015
13064,12906703
91334,924126
76599,6673146
25841,44049
36282,6752381
15089,9463982
5777,13327457
32261,13731186
1494,13398194
39481,5919456
102265,15628504
49883,12546181
68660,7117472
8598,5587473
24464,12347789
28266,1409655
23726,12561992
94599,1718386
52180,2827518
96564,13278961
13898,4692262
87746,11938564
72089,5923097
20622,9040385
56212,1222242
10474,8712228
104288,14270808
68468,13454503
61997,4332756
99378,406730
67260,826813
67845,5733573
60720,16682523
47275,2173167
79414,11082559
26520,11685395
77185,393347
75992,5610252
96372,6199597
44426,7862174
32102,13827711
82217,3823896
18176,967546
32418,12793659
60838,9533155
100496,6685381
103551,8810320
8800,4385764
53925,14479854
46878,1952530
58037,16109525
41754,16775827
35115,12475851
14008,15478404
52241,6886283
101319,12488941
23867,1680375
42842,16419347
82447,1992228
70160,13674748
73857,1993033
19401,7918770
50562,12443861
43367,7597629
7226,11110298
17552,8732699
84503,3251980
29550,6765580
72439,12024118
51252,1865033
104040,8209267
65713,431475
90952,14889379
88729,662945
72346,7035056
30199,324201
55133,7331296
22047,14236715
91790,1693203
38942,10370710
75999,12163110
51558,955504
50326,12903751
20735,2380287
31861,14066634
8227,11817645
84445,6734466
104192,5010584
79043,12260100
82791,5981442
51494,12449561
31322,16476079
38001,3798337
67002,1115082
57163,9633675
91700,12078806
43019,929828
42039,2884203
39810,13648961
100623,6864233
30156,4880353
9289,13972150
95611,15439709
8278,8679344
99964,12524732
67713,3920354
15634,3030074
27282,12239140
78532,10349243
29880,15019173
32861,472740
83818,3094834
80230,12061743
22430,11851992
53442,4894461
18828,14344615
76939,14012747
71481,3426149
80161,13705134
93953,13497171
82733,2785345
4664,8028905
44127,11346990
37641,3909481
100783,13052178
90157,16000458
83080,13906818
43990,2357662
77305,16289834
81673,4002208
60819,6137127
34770,16401197
19092,16043226
9285,9145129
78390,2516309
64280,11060859
70010,9095958
73364,767136
75221,2727885
43141,12555824
49730,15938873
63193,5276549
29345,4408743
6056,2085484
40011,10839631
91163,7606334
73721,13267256
27659,13947501
29252,4477032
96034,50845
24650,2675384
44321,9972033
51388,190992
72044,2928731
72877,682847
81967,13882254
34682,2228597
52988,2321826
85121,14121346
73997,2974125
69829,6631204
77547,2673628
20190,7856056
83139,4444262
59605,3910132
20860,2868344
195,15557716
27266,9513012
69196,12092875
22814,8692480
29099,14443286
58204,13827017
88121,7879672
15517,8025381
12082,10976520
15795,16210947
4969,12646765
24500,960527
19340,13226380
11070,1441348
12353,11099904
92288,10994450
84588,8843283
39119,932381
98746,1070200
49298,15435694
15741,3914715
101500,5941790
79788,2044801
49938,11269864
2117,10508380
2011,14233368
8099,8314777
76072,5365371
29430,10717811
74928,12204141
87167,1780284
23399,2568162
83484,10278379
49648,7181409
28663,8091108
56566,9936358
62243,6122533
12324,2815536
65733,4590079
22719,3387535
65995,943408
74521,13915563
24718,15995660
19715,10035839
45035,12618245
20434,7661492
48680,2728995
65424,15933661
101042,2232218
992,15891
32194,13237537
57631,5081233
103612,14842104
28192,13546080
6234,7206510
53549,16325541
2792,11114867
44692,14717389
25489,6962859
20909,6418896
29026,7055815
15490,6237701
12119,5423316
99531,10513596
7123,16699030
50473,11896891
89578,8045221
54058,11519906
12837,12847624
87536,4704437
7235,16773487
11617,12920825
80235,7620580
29066,2109111
85889,816390
32280,13388845
101211,11612674
38625,13003903
59272,12135032
75169,8440203
48890,6965257
100858,15283186
34936,14357517
74380,12021691
46596,1324241
8958,5292153
21590,14747529
16443,9034357
65518,12707285
92710,4065541
20523,4160369
45511,11241187
52185,15344928
43432,2278985
78029,6508602
85271,8508105
22399,8854880
87956,306202
8981,4905530
40572,3040045
49560,98491
8172,4208129
33694,15651941
33828,9959607
88304,13365961
15132,2861172
102634,13327138
27430,15499625
7383,15846541
86591,9308247
41568,1734223
80810,8204662
23861,5465081
89211,12117696
33374,1188605
69851,8133292
80325,16676925
54133,13179520
24444,13336558
6442,12422077
82905,11518896
26709,15147701
46256,4314386
82353,13827946
51809,7176156
55873,13731949
51823,15351990
100856,8244058
77015,740855
34224,14851478
22171,8282907
21933,1854036
94796,5141445
56344,6409082
30953,12112123
82496,5993280
48226,1541029
61610,9401189
48197,16014756
31343,12499796
69673,418268
104179,1168377
26862,6721825
96873,16364973
46316,12361662
81084,3551232
17610,14709068
47376,9915358
19380,2312186
86577,2756091
48389,10936968
10577,8162523
18800,10546981
85036,7385225
89735,3240691
100516,14768348
59764,6757918
65628,11862728
63980,9303943
56770,2021920
96189,16729217
55376,13596752
89652,12564787
45075,7571534
18520,15663621
58922,10281084
1028,6659801
45003,3231918
36741,5241399
47203,12632717
97063,10724940
9478,4920461
58907,7304458
75867,15656490
74723,8118882
49169,13472468
56739,5354657
28568,12767968
51293,12032255
8627,7001400
57055,2611612
91571,15426973
83531,9639288
1905,7315125
12110,10023397
52091,12805398
64869,8163292
48834,5204088
70050,3300947
36374,10959782
45193,11393032
60443,4609118
56971,2103313
73432,12826098
18242,14417982
82164,15213962
638,12571292
3361,8613113
1835,4950720
74485,4355056
36044,2221505
40949,4129424
51464,8190096
104371,733475
9871,1647201
54547,11363752
36268,1412557
68027,1514303
60926,14629493
98588,1820848
104449,11146343
69982,15920961
53481,12622323
39718,5217828
100504,16614191
21168,4249397
88066,8043317
72456,10209683
102911,15480892
97236,15824378
85480,4732979
13178,8523585
37460,2526089
98123,10741741
57740,965415
2123,4122704
102115,14938358
72617,3514370
101615,10642769
27326,2244167
22497,12504995
74162,6219897
44157,8040132
54545,9715674
90902,12568230
43285,13125866
82917,4860960
18387,897054
86440,6818843
32796,13716647
44745,5723061
97003,2661781
532,1174949
69871,14920292
46504,15545426
64567,4244494
54748,16438247
83904,11895043
75878,8096907
103111,9764341
23708,3917754
29998,8555083
32145,6516510
12220,12488998
58346,2661650
23845,10681481
36765,915928
86144,7911887
76752,14759370
102876,14089
49163,11024526
36703,11674979
98465,10582137
94058,6667501
103187,13594096
2009,2650003
60994,16323606
41468,12346936
12199,5964499
57641,16055268
94175,9256649
95761,14511039
15146,6408238
13480,14069870
4318,11620480
95226,6741592
103012,15206298
15720,13958509
92222,15367949
59810,6803331
13721,524447
89982,4291812
93966,13243056
57545,6451637
34970,13205151
7575,4040041
32543,1132671
23916,14235863
8253,5189731
104023,819668
92359,16539220
17871,6018085
31032,4741606
34593,2947384
61587,5498241
30070,15627447
103320,5001054
17421,16745558
88912,3483335
25035,2600296
56408,7102236
99701,2727146
98647,10489114
97247,14598205
47778,1411255
28578,14398421
70946,11894156
67631,7636008
94986,16109610
102999,14431124
96690,16300090
11194,9408929
43650,14634252
55057,2179061
57291,4394305
77700,88317
5567,10548563
43087,7119099
35401,4872775
30319,4025036
13077,14216378
79817,16684425
68486,9902210
29245,2368708
85590,10615279
15433,4058524
104477,10369630
1472,6964224
14920,2200739
55605,16235482
19706,15785674
32246,832735
61444,5479330
21688,13194949
101558,15011711
82184,8263643
34984,6318309
85198,8880318
99629,16341316
26165,3180323
102476,16311847
64865,1162626
44301,6326034
77120,14523989
36455,2944521
157,2452965
13264,12454264
67976,12045221
33527,3278472
65416,9374793
101862,12305188
58069,2513588
62030,3218077
91439,7595873
45956,11845750
48412,6012286
41712,11464397
41941,13065931
63700,6091779
79074,16694317
54577,11704223
33670,7930587
67852,3178546
100249,10258686
88742,8031720
48337,6576254
43103,1893290
84139,11241276
71340,9568416
7845,10621519
44224,7574499
88969,8125745
14303,8335419
26708,15844792
52744,4490470
58736,9068074
90487,11867475
14636,1491004
14836,13708096
81275,2378967
16429,7892878
49049,1398886
82530,10144271
18046,12527010
34769,5856000
18662,14505436
80531,13105001
49434,9651338
25530,7169886
10153,5589191
53539,11731328
53661,8316003
36412,9920186
58532,6870433
4581,14689439
52544,7171404
19326,2058845
61616,6382229
24414,7670425
61923,10197024
61109,10410094
26649,15715109
96865,5525071
36199,6437546
71816,10381039
69221,6718813
68365,6957223
73735,5236804
102654,4375104
98499,14402088
39395,11324060
73269,8720376
102503,2160213
4501,6763993
36904,990036
20651,1454324
28788,1850581
39313,10260477
23328,10155789
71827,1236682
55337,4837993
12235,11511989
62096,16270399
102921,13874562
89938,967122
46455,5860164
88166,15728643
88442,15948975
98495,16307394
72393,6449522
39193,9989216
35487,9671597
33772,9844366
43324,1982448
19478,128488
29146,2158205
79798,612803
29804,10074714
55661,15527997
56818,7149126
40169,15741675
12586,744178
95944,15751565
69816,12464406
90869,5396895
14115,12248156
24915,15575039
39061,16465784
22182,6938497
94087,4941222
101048,4424092
80892,8860148
79294,4125489
4196,1674441
19023,16580610
36913,15005208
99919,276303
100171,7137284
95522,1148737
9956,9470706
50695,12182009
90343,6735140
5842,12422660
25562,2137325
91064,16039463
6643,14561857
21088,10161331
58854,9085916
53875,5181131
28261,13726769
22778,16394882
72163,11802318
4423,10318573
98604,10400995
33467,1830883
19444,7663582
19588,1883962
66215,8910623
57458,4494933
75840,9938057
1616,15522688
99740,3612695
47001,1335372
87461,8675279
12057,12659555
15618,5072868
98478,7229766
102925,11609291
4721,1943607
52402,12196916
73164,15584281
23144,4063429
55375,15265994
21954,11000604
47493,8122026
27920,13733079
62184,4433933
60899,11252317
82694,4713040
69518,887718
39469,1816253
102989,12590969
21304,4234401
40852,14417510
17673,6761081
52438,6686022
44028,16601455
75774,4125550
98664,256690
5444,2854822
104134,15099379
20925,2242993
36816,6600312
27064,13194374
1719,15776741
86277,10660880
26874,5660522
22920,1222766
70948,8845918
75153,15478821
3638,10244395
88807,7153042
102852,4587793
82507,15262225
50950,8233062
34514,12665463
38347,7642899
81941,4133579
63854,4449467
80752,1146270
51329,408732
18135,1909309
94157,5497802
96734,10735419
67422,4711871
47177,1562338
103452,1340674
103327,15942666
60521,15845256
22388,13382985
95832,1353790
101138,515909
33375,10376662
92145,14707580
59632,1231779
15375,122578
60652,9105708
46116,1953837
24670,8446389
709,3534652
94308,10286375
71505,10329379
86816,8994602
94873,16229337
101841,4286848
20008,12715052
45106,4988535
98569,7824996
30696,9912128
102522,6155314
33098,5626550
101121,8678948
64368,13079610
46998,9320629
82617,7853872
57236,12207866
77362,6419249
80563,10137311
19507,1605550
95695,8225818
60091,16053169
1682,16144207
65066,2940225
64661,12973806
97485,2165227
47570,12030955
61672,13550283
52126,9749788
87349,9851134
68576,8008668
4978,10180706
44563,7452066
70446,9688121
22308,4458667
11418,14182353
104276,9285869
53305,2510408
82125,15769333
71220,12772390
24852,13022855
68254,1037278
22819,21653
4262,8094361
37038,13149945
74858,9751316
91121,4049645
6699,13976265
63788,10736302
63094,2374007
68168,16474638
93541,4232182
60494,5892225
53469,11333664
69740,8300666
16777,6633926
48204,11806469
83096,3030481
71043,3321726
71629,4875811
38522,3999259
17387,4538308
55492,14894017
31641,5880071
5393,11730048
64931,2434203
96621,14639100
18783,7508836
17167,11893453
81742,8324238
82846,10335186
64011,2468328
97945,15103310
49480,13186278
302,2903881
49014,10125174
28633,5695453
78619,16345731
26509,3723216
89666,12441372
25198,9379885
91959,4958157
16374,4052649
5268,1685479
38925,470958
6302,13247064
49133,14026505
6220,9093302
6026,7893044
79166,5245512
10450,10174652
31069,13903544
100809,12298798
80780,12879580
51299,1437298
85794,9722515
77683,14490148
11973,14792465
17463,10478025
38052,8239730
61095,9193907
103295,15740434
26723,10285179
1558,14546490
49415,9542103
84125,8663998
102029,2432202
7562,362891
27416,12812528
534,595603
49132,12924164
81402,244984
29063,7306031
29695,2859697
53906,15706902
10293,695209
37072,7769301
30586,5465070
40251,14873984
88924,857882
19791,6026128
101905,14964198
101068,8312845
78658,7539235
142,14477620
61948,3383446
36574,11742286
87791,3052535
10146,12903472
14603,5160141
73100,4756872
96141,16185653
55773,6672580
64928,3069881
97381,5736722
89585,7746929
16126,16424510
46416,6274659
96388,9906297
82605,11224916
30884,14847832
81294,10871999
83071,13428364
68176,4080095
86893,4136535
1062,4133568
85140,12737008
76188,12572669
22405,2198301
18060,12301792
84730,4501302
17664,2441587
5054,10027896
90905,8028651
91860,906602
80854,5198489
76180,1476654
5206,8368046
68834,14098272
57891,2906153
62669,1277833
14884,5406953
14539,12850167
43992,7926989
30039,10527593
1443,10034859
34990,8090514
67307,15227566
47199,1244673
54867,13198657
33301,7933713
84743,7737052
1224,11186736
58311,7787107
76010,41728
58997,2931990
5488,460371
62127,5426000
83618,12678870
41939,9550896
80672,4630998
81610,2384959
57423,8425414
77058,15516539
91462,12731810
98440,8550135
62031,1453478
93267,6905267
91213,1050150
6661,14369913
43110,8370209
63887,14079032
103060,3310114
88483,1886735
37599,15934411
50763,4546863
18038,8147454
72122,14472410
27387,6987808
74895,4250267
50479,7021862
9350,14397639
38207,4126631
38466,3806208
19112,3529614
35490,15147132
50361,6685016
8586,963696
78346,8939185
48085,15564748
39167,13565756
77623,5606712
69415,5250304
10254,15312967
15871,2559419
60317,950533
7977,7788861
96827,2023415
85303,13977774
45595,11484833
91938,524200
90411,3881886
46246,7647037
48166,4841110
82303,5849701
41673,11297305
67722,6601635
30153,14907468
8402,13380511
906,13849305
27681,11502971
92749,14285591
7803,2876076
69324,13324268
70955,5463268
64278,7029891
9866,6586313
63359,2678968
73454,9936813
10898,10850862
34362,14302414
8494,5456719
83552,13012302
55880,10842503
73191,8411758
16129,2670686
84217,1161499
36447,2677913
11785,9707378
37393,4987052
26944,169007
48758,5979124
72519,6195291
84270,7103058
56215,12338261
69048,11426903
101120,10856892
8449,4142629
37256,4111262
97797,12511879
5064,1387040
93173,14840982
22809,4356903
95977,4502536
103104,6477562
40047,2880417
79185,12357624
8578,1295661
67338,9154691
92418,11081985
78069,6555064
35823,13417683
45377,13037217
27988,15001103
6295,1704077
33151,6616442
90168,12575055
35577,10640556
17033,16783392
75907,15008800
71483,13358873
34273,12900574
58485,10707318
39619,10922572
17241,9409133
44002,5958130
96324,2269159
17076,6342848
53817,633073
76318,14033535
24069,2795368
51289,4608386
95139,11518265
8841,11865111
23038,668418
92024,11204997
48182,6733662
7428,91116
102184,575560
86305,16410464
30060,6400564
1853,6112446
73097,8725580
49074,9075271
11234,5267635
29368,10092972
54851,16281165
27506,2239771
54789,1425821
7638,13999233
96184,16280012
7947,10785191
14162,13660640
24519,1037399
97071,11121719
26085,16375010
7211,5093164
86306,2475474
16220,5839880
28930,15453760
70684,4570179
102229,1640724
19686,6151810
78322,16087405
85110,10537998
97431,563736
88389,10765971
23785,1810183
104132,7850294
21323,13251338
100398,1924733
55230,11777144
65765,9260579
28765,14826117
76937,6861230
61167,14190776
82219,7857242
19210,15206653
88008,4451456
14489,5342749
494,4879900
32071,98958
55796,7399777
57119,5302010
79696,14342067
3157,7229702
33048,16579306
17275,2228563
73249,1377339
12362,8049382
97552,13279206
26303,8155727
56927,6530532
36111,4055538
84559,16159658
83783,10007750
30475,3534357
55932,4847484
79273,5210951
21475,9306277
44661,11965416
78480,16029601
21788,8629511
92931,15760885
18874,2008866
6367,12666972
59233,3904728
80428,15306104
24958,16087656
32905,4898633
82962,450511
73429,7291703
70570,13397117
18398,4292851
12147,3077165
46372,3248256
70430,16134933
91257,9631237
84329,2930968
25910,7121169
104142,11857346
15133,12555956
31719,8377250
1120,15353857
67650,10456541
75820,1555186
96926,10565625
24042,14990848
4166,10341438
17822,7872150
88299,14178180
61529,15331585
86165,12352359
3744,16054293
80968,6731
63375,8303550
49447,9897006
43276,608446
100178,13002017
58469,926785
87106,10213163
22139,4694536
87878,4092120
78218,9249830
62086,15634203
49038,16041831
49576,3294095
100928,6160851
5762,4393720
27082,536683
103868,2575830
73197,7289212
1584,11241176
79687,12611022
86950,11612959
64577,7058771
64989,10838701
50634,5260058
94342,1549479
66784,6211401
36824,9513092
29689,15063618
50572,9390601
27052,12737849
60144,7297161
54005,4901539
16212,4774772
49554,9338754
87870,5713900
91019,7755304
50833,9301105
65848,16391413
104246,13260232
99482,10158245
94886,11895205
90541,10508723
94722,6755467
84977,2860132
23412,10329358
75239,15530831
50737,14784573
99618,9747469
21182,4016061
93253,5261769
9302,9499813
63776,8129267
41132,13793543
88541,11503506
90232,12763306
16954,6731098
73743,8027490
100416,2793048
76661,11069981
21976,16781978
87801,10239681
29830,15306030
6260,9097792
62775,3958270
10741,8779446
32556,12742807
34836,15889337
6311,2237187
7809,7695468
85878,7156598
69369,2020972
6612,9021261
44501,16466375
29826,6220786
62101,8313900
101448,4043560
7171,12957754
87526,3136066
97386,1881133
77675,5865858
60093,12637862
59475,10649240
12069,803250
10932,6207330
36443,6757240
17383,6698866
56554,7814609
34815,9232083
4442,2001159
50648,12055442
17347,13492491
68098,12318096
22244,15634718
42772,2415505
97363,12407988
99135,12663350
97457,2890258
70526,1353565
17373,6874053
101838,3941587
94439,3072055
64615,15019195
51295,7430733
36764,2208516
15303,5292077
104180,6062089
91703,3688220
4069,5666700
665,10743010
18157,6214223
88957,9740470
84262,2124603
67627,4818801
29346,3553237
46460,9463549
26917,11420893
54923,1429925
47510,3462927
96776,6485781
6645,11876788
86172,2128378
61668,16762219
84983,6137732
102074,14119855
72935,4488380
22480,1047357
24621,12877819
78084,6944622
56035,4609298
68272,8774973
50685,14201489
7953,10719680
21159,11652849
9119,2681609
91549,10612623
33597,14073741
35242,11209042
71262,9074751
7375,11377330
82529,2219967
21903,14703178
100546,1274584
44155,12879599
35298,7564797
23699,6429938
103156,3019584
61061,8708172
4707,11085662
33501,4491506
3625,9780347
10921,6801316
65214,7380527
103364,15565114
100344,15753570
9822,6249399
65652,1716847
27040,4970795
2002,4583875
77408,7878559
20554,13478757
3631,5380347
28488,4277668
91461,10810293
88465,15838936
98236,16702660
34915,14674395
68106,10755796
24537,16756408
48961,8018245
4511,1783059
45396,8767097
15346,2896766
94978,9824283
88133,5293959
24717,6893868
42999,11273189
2642,4673704
42876,2015460
103500,14500051
80147,13028255
29832,15622958
14576,12662995
103858,9656890
27267,2434074
81191,16203517
17972,2169640
62863,11616464
82156,10351878
96927,2441394
13623,653872
40629,10708579
68083,2187725
89733,5144681
98173,3145686
47099,7142318
84335,4615868
54537,16163515
95306,2762239
55707,7108646
39674,6438775
88978,1296140
99082,334229
99095,16437603
31897,15294210
80549,7002126
71946,55246
86631,10058026
71210,294603
44580,12320973
68517,11837934
41628,12633316
30075,13318147
90762,15748626
3573,14784320
18413,12510037
56725,15773001
30865,9568422
92477,3536834
87235,5286162
17085,15975062
66527,6183538
90120,11361883
58421,1176493
89448,7022064
102983,33130
74202,9777408
73037,4904503
63845,15992787
35910,10200078
68606,3374840
28537,2572897
11959,4084203
30343,2498677
87144,16533585
98248,6036602
34144,4472735
83753,2948406
7241,9345047
75497,7358122
56813,4296863
75650,2204709
40340,2766574
44001,11300437
75208,2582065
78571,9250322
32288,10007209
79145,817039
77422,12591161
48210,3657945
57680,16388860
50294,1687917
30286,16435029
28847,14356741
67749,6917014
74269,8151806
68046,1624205
17952,4473980
64142,9331699
31844,15074146
8302,5238516
36933,250277
59668,10702751
43193,14923659
28979,1884102
53640,5559547
54976,12177572
79316,9430788
79896,15823678
20771,12351969
43677,3248558
10210,3169536
44553,2894123
95426,11419174
44112,13660859
37913,11607488
101970,5905194
37824,6590710
44169,8828345
14136,10580126
2344,2902064
94824,9197238
46648,8091295
31695,4331581
39363,14587504
57593,9369832
41803,7276869
32594,1720348
96281,2379217
44558,15868968
25817,1305674
58390,14418369
98773,2668271
24289,2432385
55407,968442
92574,4507958
65000,11208590
31292,272881
93946,3402149
443,15890324
91128,16506828
23210,2076395
42270,11314505
90896,12818582
83286,7366768
19183,845180
9060,3257330
8232,1671079
96260,3143618
27169,11891880
19220,271462
19502,3501722
23933,14130831
102153,8105452
9731,13826244
88336,10277537
25971,11496604
103061,5698741
4715,11752089
62609,14157647
96430,5234125
45853,10158452
15212,11336567
23489,12154907
5886,8217396
75960,4129474
12734,2874417
43738,5418078
64369,804152
62197,2341252
51228,11038970
83624,1971844
45277,1081680
87455,10020358
10287,6641289
41787,6437399
90715,4637322
47916,7752388
37802,6307819
4153,3746625
67205,14883070
49985,14213022
40997,3452012
87939,12932694
91929,14166908
46763,13884810
34305,6909185
98856,11292043
22838,12442188
28692,8818611
35848,11020448
2307,10635741
43862,11296334
56496,7153737
44053,14255191
18938,3152267
53464,5536898
93369,4689499
68426,12262680
103759,13363452
18,215501
43615,2744278
76182,8622451
3066,8801321
26727,14255996
60080,488744
25254,4691388
4097,12335778
74843,505819
2703,16273343
83172,10261286
6976,14635125
15250,6164928
30889,1147148
4224,16665526
59970,7408738
79955,15144435
8887,10825358
50751,11742766
45822,14886037
70301,15056601
101353,14076893
66449,5545663
65726,15984375
98560,13290219
76369,11218801
6344,10270026
19975,12124685
32386,7888801
2871,5416902
80431,4533666
29933,14878973
21157,3093156
89884,9336092
2216,16596255
52026,13285775
154,9899617
51729,6267103
79856,16222073
41088,14059766
80460,12240362
87773,8687005
82793,1815542
58154,15566389
24007,1390773
13438,11399211
46604,11331402
61576,5631912
54846,10273467
68112,3612541
30915,495212
30429,5178529
13234,12218744
84691,7298136
16464,6222181
56264,7877576
94253,13939592
82726,10406143
92517,7297909
100525,8458079
56892,16319188
52188,2028728
5497,2683815
74763,9440229
86383,6761670
39121,2903881
61839,8413813
26588,8448717
370,13615351
34151,14756664
75967,16392811
68320,2658998
52730,1658125
3149,12406329
71350,14504604
84574,15758718
25038,7591332
20955,16153402
58146,5431697
33363,14423867
38718,5938763
64175,340628
260,10080582
25448,8198830
58733,7483033
70481,11697394
29840,12866869
50441,1228863
38567,9498970
53446,11352459
3658,14563398
16073,15785406
43238,1063460
48141,5777179
38763,14222011
52836,11008271
56294,7028002
21360,6563980
82895,9674782
62599,3020524
87273,11147537
9530,8123442
59900,9884196
77179,10460945
15858,14946132
61655,9897107
15826,4978674
48526,14520088
30860,7993236
75014,8481436
10797,11733595
90988,11921994
53835,3771784
39681,8936918
21141,2702906
37614,10631651
43673,5510879
85160,8434997
36120,9775766
73504,4673120
10380,2320828
55267,1648530
61151,9686630
77505,10198531
103775,8460154
45252,14285709
55747,9688365
86113,8417469
62674,1363633
8628,16638826
60660,4312013
51400,8358755
20234,12390588
92922,15314900
15874,2145168
40662,8060217
43411,122355
94079,5304778
81461,8634248
13471,3198518
9657,6253878
99973,4941661
78345,3976989
42479,2911959
82059,16742582
47669,12744849
34971,13940668
9861,16566551
87315,9099445
27010,6481322
79541,13044358
26473,8145213
27473,2156539
33941,1269101
101594,2494448
61636,14810332
65777,394140
946,6054372
102135,16077078
79260,7082018
23410,15715002
84585,16729986
88751,10072820
68655,8514536
93,12580191
58193,1829401
80236,1717282
86076,11427754
35891,42594
4249,3607938
19966,12318774
61743,11070981
3548,5902470
80718,7293770
29323,14827764
82416,7013232
35619,2054067
20200,9552039
35523,14031274
11665,4097448
83305,11820610
78663,11022693
62930,1125616
60044,773719
81058,11181999
28842,14314205
36184,4835747
64521,4671337
5802,8513680
36284,1068688
54238,9684284
45345,8147789
47797,5447125
52061,13523551
83011,9620309
57123,2879361
47614,1219157
93901,1840736
9018,13867495
68125,12586431
32016,12152169
73285,12507280
79941,15638918
20096,13281622
82011,4876393
80483,4253419
14147,7771624
14198,11690697
27151,14568424
95943,3405849
58484,10259610
60264,160317
71361,1629041
101231,13864525
5659,3724629
93448,12917071
58680,10595907
67623,4614073
85210,15085125
5472,1148956
16781,447647
102502,10130564
41742,7166933
38082,11414983
89732,637602
55720,15100032
42442,5856304
102106,1121538
20126,16318929
3211,4646351
23203,3125933
34473,9475854
96759,3193933
73792,3471247
60376,4979374
53119,8670165
62503,7462872
68712,14405439
98577,1789522
74045,5092652
30129,9329240
84944,5967215
93707,3371986
98762,10140188
6957,10510631
44651,1252570
78063,7562582
17934,11077341
70928,12850441
16895,333961
62657,4556614
101910,10730918
39800,15243532
45509,14026760
59824,11221423
43750,13229343
56355,4735752
55017,3976712
30002,9262623
55409,5618643
35107,9914832
82415,11430262
24055,14509845
13619,10671682
103006,7676177
16762,16746121
39775,7868864
20166,13420384
36921,14882542
87999,836554
32113,6520455
71353,5815508
88151,10923382
52775,9857422
5553,5887231
94617,2255877
33875,10337387
28943,901193
40810,13566397
18339,15560388
24104,4392350
16882,13351261
91526,11100882
47327,14416098
27622,16741986
36435,10073454
6406,12348625
42863,9802951
56689,3073529
71384,1889355
93471,13394922
72225,12788506
86721,998269
35918,12233393
5768,8476631
13194,12842322
61926,14794392
71106,16732546
19067,13910607
31490,4483287
94631,2394759
60505,4318046
73729,16699449
83006,2811708
75304,11416580
92064,13068815
46785,7685351
87928,3700267
59751,14386156
89794,15832795
102231,15088579
70480,8026567
27775,1100315
60872,7633194
40368,7777349
71535,9014902
78896,8957811
101951,10641379
54247,16169172
36845,14361360
16951,7566157
78283,10986335
5827,4101732
95327,11559589
40153,6548801
28011,9974226
15698,5108357
63286,11654809
51831,9905053
29101,532550
98624,10946017
14891,15475490
7500,2952104
59220,1691167
44608,13003017
60438,6905393
102478,3954801
69368,5203063
73399,12123833
38208,8395024
60547,4617176
19863,10164138
67507,7701258
47258,15395773
5688,11445202
80856,6782676
63774,7666993
9408,8021424
56479,14672857
46098,1478056
29777,10472366
45833,1297468
71687,1093826
4005,7418490
77969,15539555
24538,58782
88904,15610787
71392,1018875
12012,7788330
56342,15811217
48601,6039203
80010,12990221
90844,1123404
82161,6841314
83211,11409608
50016,16281188
50030,15216650
5407,8343217
9881,7884774
12567,887527
15583,2614758
80885,16114640
87592,9784118
9617,12455447
60727,15692100
94362,2796586
34858,6483341
101172,9036106
44334,7465215
810,15704407
98101,9391805
80650,1881064
16484,5162902
49809,11967122
50689,2770200
14340,13296918
17098,10196549
8488,158059
6673,1239525
67746,1929280
90542,8500544
77626,4635101
95909,13706444
29994,4397678
91445,2929816
36178,6609914
65905,1069906
74082,16511705
86154,13401253
4599,5924476
436,12357085
29655,4758688
33465,5025055
88515,11698824
23274,16339556
98601,3042388
41200,847485
5469,16039022
83268,8052728
58333,15243952
100020,1123296
75687,5883192
36323,16537964
1990,8341493
8606,13354490
71882,10433190
47141,14424174
37582,11232923
34003,14291968
96962,13347211
3267,4248835
41343,9033654
25241,7136817
20346,6457004
65042,5453738
36942,6304427
48366,12065874
71729,9201613
18668,11853290
52765,8817137
71303,2695840
86722,1269303
60416,4896873
30894,443521
61656,493765
27154,2547366
5181,1875433
21689,9939509
80216,10067202
92790,2364246
7347,11878772
87261,4248803
59698,9202460
9664,10215907
43010,14787207
20833,3432533
103403,1953336
50985,7948403
75491,3702630
39006,13454065
54091,4198833
98358,12616429
1544,11210624
4696,6706654
24875,5136669
99782,9291398
24241,44858
92470,2621646
47006,16587370
4479,6396399
61721,4229190
53164,4266777
48609,9915403
88322,6069922
42010,6687632
28792,14491475
94025,15545793
67402,5760588
58995,15514894
102604,942707
43759,3694968
28505,7903046
94347,3271732
10270,9485098
3634,9387804
31841,5123771
38785,6792190
71243,6293732
43967,2522473
22458,7175661
40553,7848490
15166,8226894
3458,13975807
14016,72887
11936,14728947
99224,3951077
85352,8499899
13153,13406619
11491,5995043
89941,12459033
22905,7368924
67831,6537054
34763,109177
71612,9683549
33604,11211164
67118,9676525
80054,16120059
93578,10001049
17475,9819790
90982,10678095
2803,7131755
81946,4736100
35618,15729291
21483,15016222
97998,643604
67377,1925508
99597,11611670
45668,11414700
6415,10193408
97466,2335421
53714,2235300
97992,8763736
87544,11937573
52584,13552609
85690,15234836
46748,4371750
41649,15257244
40580,11477591
5424,7389337
49739,4959283
53751,4961524
85081,10989980
34937,9730774
81888,2749997
82438,3705781
34344,14508338
65286,7782288
53350,7356882
54004,6000171
4970,7812817
3947,7732071
96393,12106070
10681,14029782
101105,11177269
41202,1794073
55535,4063054
65256,15405557
15783,1816819
31808,7592040
24168,135687
4592,8051433
36873,11302410
75076,15165261
44551,7037650
31778,1648580
76032,10320735
54884,1927872
85215,2595206
53445,10933299
48700,1617820
21612,12439284
53760,5714353
71360,10318054
50066,14586502
66896,4037315
27383,14687989
57300,6143428
76908,10814828
8926,8222851
11609,10176688
51141,10475718
102472,13006412
70834,9040849
98109,12494164
23720,7519477
46810,15572789
104022,10985337
64861,15253413
75535,13935327
24300,7405502
87182,4359639
31782,4162626
19408,14501440
3059,13056290
92167,1372928
6660,8787235
931,8097561
92520,7877212
9428,5453387
60480,1784343
5695,11335798
52712,13047641
20045,14681603
40794,16016209
25070,5344696
40030,13328051
53984,15175113
58184,558373
11010,4345266
50272,2148893
66917,8583128
44970,182449
63274,11109428
65339,12536135
17208,13893053
53819,14960034
59558,11557714
57325,1924748
78410,11565685
93696,7419688
71051,4447971
37318,9459185
13289,3757853
58630,6473870
27862,5460654
29696,1598419
98644,15552892
92455,13034014
66681,6859765
39944,11733047
8062,10875368
29520,3386083
30644,10022229
46171,11177931
14900,6420570
49070,7498441
20029,1180308
11101,15915424
79811,7678158
103514,15163072
15595,11766382
2168,8946998
103307,9625795
100897,8631280
58491,16035024
8576,2578059
51786,1729327
28027,2774675
82884,1919237
23988,10077204
13839,9894172
80545,6742435
95949,15683146
3578,12391543
11327,7207231
57109,7086658
84688,2728238
22209,16781342
4058,15583633
37218,16544836
56169,8795926
91823,8902882
97584,15422730
70460,3390386
89801,1666368
2192,7214211
24615,9244869
16657,13416548
45753,13571326
18678,1501560
77792,15721810
17345,9174666
37576,8220634
46117,1008850
83430,7236781
70929,16360867
37164,15475533
2317,1366749
48271,13815317
33170,9059202
51821,1389156
32361,4212342
35236,12424559
90540,10455482
94460,16357902
99503,3209007
46536,11495284
64433,12114937
47156,4759457
73289,1739636
18908,2982018
65827,4262977
68654,2527327
100513,3589967
56377,16311705
28058,16444500
17283,10422282
70449,5389333
43732,2680805
71408,13093179
73473,6710387
54951,1489256
36750,8929707
36844,2413838
3832,9339231
30681,13205102
11088,15777716
66564,580768
11066,12785843
90948,2339330
62812,12473732
30561,6836928
98748,1611503
18660,163307
34450,14197528
76147,10708254
68961,718930
3906,11766389
66221,1232790
47553,7950216
36333,6785396
99431,14729236
59353,3625652
40795,3159580
101451,11160230
101365,6137388
12765,10466298
58795,5553901
4310,16176615
39536,9300478
34792,13507248
95093,6313683
99748,5345472
94457,3179788
28624,15299331
97727,11172877
65431,15984823
66174,15286391
8528,10128665
14430,2767492
79671,16141774
13126,13157430
84045,14068764
100068,2946989
45716,11759017
78979,6444786
50126,3190061
61366,11271677
28733,8090945
60353,1172550
38336,15245043
85130,1848351
20781,9453701
41487,9237493
74837,5560831
71719,13790468
41079,6007522
31608,16509234
103001,14164487
12277,7848018
25969,5561291
91520,2102695
39774,3027933
5185,13707192
97786,7928845
50664,9837533
50301,6957978
22535,8861122
51873,13563945
90501,1415661
22640,16540019
51014,7975058
27708,14266421
62065,10818721
8211,8280040
44509,8960876
38263,619001
40668,3086919
65191,13298553
44532,9672172
76258,11280109
94455,7682261
55053,1354410
15381,364697
17999,12491008
53947,7780756
19462,4300051
87045,13830788
32271,8678744
13487,8559763
60906,3821590
21646,9996422
4145,1170739
38563,2087271
15647,6070986
35860,4102400
28473,11340774
5899,6548258
56777,12204484
86558,8642289
64358,16709080
6659,16555338
70908,14582760
52304,12679514
34636,16405722
26885,6521530
22622,12913614
18503,9088000
85346,3793007
71280,11709763
26849,14115954
8340,5409429
47854,10214284
93552,4432193
86109,7495841
53222,11653402
60761,9010974
35815,7841261
96076,12750669
21062,11837011
24170,15765787
97215,3223986
26932,12498273
68871,7409049
83020,12710867
70321,2894216
101817,3113787
75957,13542136
18895,2932236
76437,3810940
65365,1519858
21451,5629777
36857,7715334
17998,9871618
10103,15012866
6654,13776865
42907,2071274
17743,7912573
14677,9096547
98041,2689109
22646,14204656
41104,5415539
16870,15016345
72777,3735532
13307,12403857
18359,11330224
94831,14140376
89379,1447703
3852,8297340
46642,11377075
37915,4944020
79195,3198068
92761,3144816
21662,2692358
37991,5155484
61325,10273400
88730,2254129
42887,3161993
77850,10320159
87998,7765078
4641,922008
32403,445012
23380,12282746
92526,9777453
30162,11347155
14538,13260957
19764,14834785
4188,8846647
10175,16725052
67754,8879752
18326,4820521
34963,3242226
77232,9393679
58869,14299643
7077,14192818
48681,460465
73423,6930490
86944,10665088
102866,13961692
9168,9090538
31101,12724785
36246,1817527
32314,4886606
34861,14221154
31606,9373442
19556,3562159
1750,4109463
1643,5170933
15524,11938683
20501,13885554
52794,12409063
2882,14514134
84631,6139769
63909,7180017
90556,2610905
53992,3128285
98144,7985306
89809,6768955
15368,10217447
40758,7813886
32994,253308
66913,16023104
62411,10534110
22409,14527613
55817,6969321
66531,8747230
48196,888443
40303,1226238
8502,5279888
80091,9181740
54325,15268695
56911,15303461
63807,6134851
98233,7621508
84049,2335906
46072,10223376
84608,6633633
59317,6786815
26869,3800449
65818,12080169
53605,8510070
1944,712783
93146,10717355
100072,4430898
67535,2705009
11317,3369775
99571,3524766
40298,12254052
17777,12190249
82610,15554370
82402,1305340
40021,6507544
54230,5108935
36783,15757463
44911,7006641
89113,1795173
83822,5607818
49131,12063482
88466,15245002
27683,10221287
10737,1549744
44138,11494951
86084,11262187
34077,10483835
61495,8932430
10993,12509390
58624,2906372
51771,3520945
79809,6646167
6877,5241828
12056,9629466
72650,13978488
11890,11539444
26239,10920173
80006,6798275
100776,8058690
100331,6263033
24916,4832268
23324,3007066
86148,11170409
64904,2158725
63468,15234289
73658,12596597
98713,7574802
9382,4525026
88207,11270060
93257,1651558
103172,13854783
96369,3440468
3909,9276557
54189,7000921
50589,15165396
58903,14250097
83625,11496448
10538,603044
55356,3268058
21229,9809710
68551,857084
24285,16106301
63924,5649086
93134,7497682
53336,13396431
5106,4809231
57499,8828253
29156,8146748
54926,452300
90087,6606780
40384,9424816
28010,2874167
41172,11121544
103805,10790424
6263,1682068
103732,4897816
24077,5222587
1763,1480816
5552,15656168
103959,5478063
7543,1049227
81267,12538207
24698,16021940
25793,4891977
25575,3265262
70850,2964525
42228,14872334
69069,2914565
55393,10114835
56676,15597151
9189,1144351
84905,14073658
76459,16042780
21538,11300964
59541,10585039
60936,4417342
66709,5071102
86784,15863123
4326,15560718
77400,2707337
80334,11632412
76750,13291849
70350,13547671
56703,15318772
67460,1817315
23503,9539377
20768,2708735
16362,10471097
50800,1796895
24044,14964351
34725,14440379
54802,11224091
65219,4994590
10792,15476361
63473,4319951
47111,3973507
44763,5925723
88301,16229567
51063,8477436
93496,9295570
28845,13114893
104099,8204462
29131,2069067
23277,6244551
19487,3931938
66554,4436368
26118,13481673
58296,1844454
62051,13960457
78047,2088573
17545,4335998
60410,1598067
36336,7949934
97086,14985948
14319,5101336
7355,2687172
83814,15299457
13161,8829316
53810,1173568
92454,2926002
56332,13624127
14500,9722307
37177,10031607
66436,2352666
8198,3136207
1102,7888333
102206,7792554
30959,2320550
6891,5940968
26692,14509594
15475,2829010
81000,4920725
40944,7997142
38831,13316372
13067,10848046
98320,12202913
72147,4906402
38434,10983050
49830,15848978
37239,13430124
33852,13489996
23244,8346256
64966,8371810
45976,9571670
20927,7624251
4234,9081947
60570,3643368
22952,3880797
101076,4671431
96228,15035820
68695,14624731
26924,11990607
56994,632095
27849,11352223
101943,808702
70747,5726731
37719,6775543
17307,8940084
36075,7980284
10157,4321704
34603,9176688
35889,9044583
39808,1082372
92610,9615908
66712,15169218
972,15519233
65808,16667262
56664,14650632
22510,3004944
59543,14714897
49461,8530793
89202,13695394
97115,14996885
46025,2176124
103830,9231970
25482,4639595
31830,3396499
49224,13318166
32579,13996140
94030,12780667
26829,8449303
33812,800123
13939,12344044
25619,2433546
7902,16461486
39404,11392796
14807,2437926
92679,2598674
30662,4671129
20027,14805124
30616,11155631
91221,7556350
16160,4182588
104236,13359283
35022,599655
23027,8049330
158,8578214
77506,5569088
45984,4217365
52116,11580866
82904,10285341
37782,15621168
32780,12940092
61273,13151916
68430,9079881
74019,8479425
102683,16722124
31245,9900245
20347,9311361
23934,10152761
37986,11485479
1491,11416409
42602,13617201
36150,14494838
76035,9585440
54720,9969843
79675,8403080
1178,14243886
17575,13252813
96342,9283944
66612,11919306
24454,12023649
26290,16561288
97064,2312704
67902,2790977
53275,10029012
47990,10987812
62800,15028404
16991,5069970
26006,10622445
6418,11867663
44495,14936474
63299,1634870
57667,888768
95725,1293774
15552,6077256
53319,2744548
75219,6687511
70937,10597074
82658,8407705
95773,12537397
103989,13362289
40954,3701697
78134,10921974
48342,14827497
45226,1252642
53597,11048975
98074,9709613
28863,10720809
83414,3623757
12809,5323534
81227,4234616
40948,10109355
36338,7450796
27445,12483058
500,10490694
11583,10346682
32174,16248848
13800,4909376
64277,8077650
54998,8802206
50267,13048530
25973,8538804
91691,10234484
73619,10488570
10982,16775740
55530,2285828
86895,4253447
21392,7903418
92649,1238044
17080,5601894
24275,4109304
38651,16549832
78399,710017
23944,16651600
17930,10932879
78627,2013840
12267,4250822
99777,14232908
60495,15940517
31484,4735198
73841,3596330
37029,5380164
10528,5690438
84386,7840732
9999,15338516
15388,10693911
92143,12146459
23986,2740043
97022,1196993
82407,13489551
39177,10372628
41004,14227933
27418,3723340
84747,9025202
42065,2413682
100954,3329991
25473,7709261
13847,11217528
64730,4651918
41996,16156270
15965,3378796
1479,13074221
48439,9560158
36479,8543461
27953,391458
1469,829575
10405,6961237
26961,4893241
47895,14684666
26876,6748891
69750,1852062
83554,16031872
87020,6238687
54909,10515560
61548,1412379
52533,7547877
95975,15389556
37792,8909383
4508,12126776
84328,14867927
13343,4919087
4994,79348
47542,9978365
59525,14702964
99881,16208026
49289,11241207
23340,6017457
90592,477490
60964,11697876
103287,7258679
15700,3958574
88964,3671818
11142,3430642
21290,2836065
37558,10580911
78363,13060734
67878,5202971
54571,4400730
97537,13111136
37989,2394068
55236,2002126
62968,3107302
46412,2952652
2601,15056958
81137,3979342
45541,1682710
52879,6564329
59766,15408104
102125,4986993
13256,16222569
47117,5160465
36523,14692523
17700,5312498
8939,5382922
9110,11263229
57509,13569806
3983,5769628
78533,11742264
64324,558200
80961,6741935
17389,8799747
75142,9010860
92915,5961302
67891,1956790
63825,60675
42060,15165164
37414,12607863
52483,12745776
64976,247211
93734,13868903
99377,12632039
22291,4651315
58121,1919993
98912,9305802
100459,8665812
29385,8742610
25491,16100082
65094,10613445
80392,3740362
25944,500100
25113,14880067
49787,10872510
81318,1386509
66369,12217516
40760,11910877
65347,5642222
3338,5319635
11529,862940
86275,2164223
9539,2561755
98304,14404130
62798,13647354
19258,11397392
51356,5278844
54497,8765512
49072,553194
90323,6297135
53011,3380313
66431,3672524
58259,10276276
6694,15056658
23234,14280998
67659,14397032
126,13978995
97093,486591
2682,7458308
90597,13325234
28455,2063218
83751,2947120
27034,16002118
60785,2406313
3696,9561706
37411,9709609
91766,10664221
103222,6111658
1940,8703957
1617,6413948
21967,9228406
59247,16309053
80692,4822781
74077,16584169
33099,3019576
92226,9913209
49127,10999063
64218,4333260
7013,8142499
32197,15805236
63480,16288232
28572,9039490
103716,15856591
65112,7744990
24551,6798152
10145,3482380
2911,12675932
14442,10452696
75748,8393031
60202,14575984
52436,14494130
52812,12268164
43499,667057
60718,11899397
66887,1554612
85901,3085508
76433,7107718
23474,11878252
1324,2272289
24785,11941570
74272,3941066
22042,11976051
8242,10436845
103270,8080148
29212,16092350
4889,9949262
64316,1246136
72283,10566211
103228,503015
6932,1617469
71506,11448836
78315,4569210
16364,14238563
98951,3575246
46721,13903473
91770,4862602
29243,16412704
42623,11317688
67543,6466634
25844,1206615
101830,10140580
36440,791209
101034,4308691
69672,9197453
80030,16729466
34951,1945681
72664,612175
104032,7431936
27168,8740812
8043,5413609
53154,4923237
6501,2696969
16646,2706718
100656,9856000
73401,5771447
46617,8850930
6397,12393771
35703,4937979
76602,6363889
29837,9581552
34198,3130400
101664,11331128
59604,15574196
2408,2987778
47114,5543978
48747,13024443
50615,11080537
72929,4006195
49737,8721302
26705,8132591
47823,1024843
15676,5391833
55889,994265
96778,2430317
11838,8026713
99186,14166778
38605,744456
72444,5018667
27306,12035090
54357,5064053
75810,9483710
40895,1888294
66698,12089872
31366,16120570
70589,4752481
10962,14153148
63893,15852916
15863,3539870
6945,3827069
13625,11108592
104338,1521061
37061,4062233
47262,16756412
43232,9875179
62145,9152159
40990,14679081
34837,11415022
64265,13724817
29953,6916850
81535,12303707
17432,9514300
88567,4249980
73757,8827778
73773,7101499
4201,786564
47736,2026187
694,881106
26901,7655218
61141,16903
63427,4744763
75124,414521
79901,10799009
23429,15929025
6606,16316596
16751,7712904
5440,16156205
86597,9965453
38406,11602157
70496,8184308
7504,7331081
88331,6774005
36540,7101439
90700,6913492
1186,6023371
16859,10672542
18666,8565446
65121,12699351
76967,9208277
37890,2487525
76284,208002
18070,11824734
19766,2342274
29132,105650
46325,2314235
71173,8332995
100069,770107
43995,2556440
22899,1711274
52805,7743253
20078,8518038
49662,14549396
19736,7934245
23218,2546619
51816,3845326
19468,16189389
62299,10560750
83000,14285473
99895,1650021
50316,507789
12919,12448848
9199,14443211
34207,5753466
23114,7759351
7170,10089457
3753,9788178
97608,503146
58515,15512962
55504,3014777
101585,7736484
4637,5932437
49510,15736464
85974,8551023
94802,12015844
38844,6701987
64542,10664304
47310,10112484
89033,2925871
48549,13680168
97268,12242161
96857,6622619
74542,16011040
21309,16324054
29341,6141872
22817,1524807
100754,8730974
37601,15438889
25266,13648439
47674,5710185
39295,8877834
2444,5375884
41604,12251161
45466,16661100
58032,5538270
6569,3885550
71235,9311059
101938,10378432
8702,8352399
72589,2105170
23666,3866411
99481,15996521
27455,21892
102380,10562039
41306,8826124
85280,10537104
87407,14021322
45475,15096298
72544,4064725
9522,8806091
18985,6793821
10216,3556569
62128,2132998
98845,13995351
15875,10309994
25234,2620977
23452,15936713
267,4311441
5048,11669313
88501,8324371
48507,2516081
59190,11669489
72615,12928102
82065,1226526
88234,5409513
69315,12361772
18417,3739935
74170,4356341
22099,3609366
104013,2933854
94679,10213695
49484,13564294
30054,4384796
43602,9044605
7104,7994300
27643,93027
83227,13971587
14821,10063586
34730,10275670
92788,11625659
27937,2025152
99784,609583
21470,14631928
26443,6902921
83253,15656905
75130,3246358
46386,9400668
58022,11704255
79995,8192486
95182,16239618
42336,10675062
43245,5494535
94727,4702084
98062,10068205
103709,16158353
30445,9789359
19594,13663420
35614,1775047
97281,3819498
86465,5756916
37810,11012649
98430,666479
6921,2861416
78749,6769431
17464,4072351
71356,7397801
10899,9881252
66777,9124884
40174,208649
20677,14337626
92082,13957105
31870,5664250
20513,6244436
24198,6675565
24054,15695703
70972,14804581
68956,1226546
34074,6983873
1427,12346882
1872,6514360
2458,14847485
56308,5180385
3226,13995408
27115,740149
75507,11907552
67609,10448161
76579,1151327
82821,6183875
101130,9301184
14244,608148
42924,6389689
102140,15914964
59578,4916844
51394,9584520
43629,1467357
94508,7480243
40007,5254313
56027,10962351
7981,13391677
93468,3676057
13488,9905647
104350,11834315
77712,2748155
51237,3666740
60072,11485799
62435,1626065
92159,16467014
17254,12165527
96366,15312563
43086,2782119
72781,10543922
9984,9967862
11821,7895175
97710,14701033
62289,4962804
18690,15151279
91444,11429685
92551,873810
32939,11605203
83191,1949311
71927,6658604
4786,7523083
67760,8535193
30968,4761165
78220,336093
77088,15166123
76532,14883065
50484,8685189
83871,11463667
35953,7594548
92545,8536382
39007,16169864
20242,5223378
102785,4207135
90290,1340804
92011,3331229
19362,13451806
99671,1383766
66337,5346497
101722,12466249
39421,11963745
47626,9363607
29018,16206256
98221,15962238
2255,66516
26666,7638524
75830,14621143
32917,11534220
98764,6942326
93954,14373095
57712,11002150
15190,14919779
30538,12555270
35939,2801950
27588,1789041
41196,3150164
21421,3839733
59937,62339
37589,16590123
68904,16179795
66312,5232565
17548,15664415
58367,2799875
66370,22515
61487,7279414
10848,1053027
19621,12990536
54655,9637974
84416,5606474
1369,4808139
95982,14289952
102922,13923331
33916,12030634
94424,13479680
13852,11761015
77008,7571503
56240,11733563
6300,16421717
18507,11376989
20972,5628632
24130,9618134
67188,7266943
76640,8701842
72363,4685772
104475,10594574
7944,2204517
29779,10336236
3045,5935653
69398,10118285
1211,1280561
5056,5857726
11122,9452530
41538,7666865
95047,4118750
55874,12239480
54706,2692841
66178,8483628
89694,63080
103418,10893758
40418,2260319
5559,2593929
45018,6826014
42782,8334250
74898,3922218
30338,12660438
80593,8806767
83972,7433526
13980,16071961
97113,1211921
19146,15363474
6837,10603031
102461,7593716
81853,6986161
68298,4997327
44968,12116815
100604,743835
69515,9454328
91617,14168952
76628,15720195
84957,16544292
20815,10359753
26854,13714873
79766,3494011
68572,4691403
1395,9527704
5627,8649869
79413,14617769
18758,12723981
83026,9095900
97203,14599252
86576,9422
33664,10040001
77508,8956766
21703,1898616
7980,12679910
86075,9085147
40774,6871990
76767,14845241
50669,8546304
60698,2466197
56492,10422192
90957,524679
32964,10429732
24644,16071572
39558,8817025
75984,61246
81686,2116317
37221,12170084
73068,13928473
14960,8908705
19903,6491454
85329,5972322
56144,15084312
68569,13359272
55779,6784394
45380,9869854
10147,9525605
81152,15317560
91497,13614735
68785,12405505
56179,7746316
62997,16280797
25132,6530686
52289,5264915
99228,1306994
92572,11073639
88387,613070
29168,13004478
15304,5272202
26933,15945660
8041,13339958
29492,11498706
36187,9443657
2477,5625812
45336,8846046
5646,2046249
21387,7409294
10161,13034826
89015,11419272
27237,1879204
73587,10039099
92266,7590715
7251,15494042
44884,15871764
100038,11286200
44566,773050
49573,1581639
94581,16719862
18761,15583789
3781,6364958
69014,16375722
15589,6308263
67300,4989356
53891,9886076
103213,4522663
2207,11345154
56040,10820934
38873,1081138
2603,12198033
45183,9072064
52387,7369485
58729,15020054
77134,10510405
43896,13812323
35580,14003298
66163,3814521
16225,1539761
91892,653158
80805,14544810
4988,3229065
71297,16070161
13367,13398402
72210,15239989
66676,8148091
74040,11465060
6623,10635010
87552,13688348
91109,6060327
32903,13696314
40809,1625234
84871,7353365
75808,4878384
51964,11485144
88592,919241
1542,10136371
10439,12663129
89831,6995518
63946,13044313
82954,8523038
56281,7707636
70274,14097825
103780,11895350
27184,10911679
102879,12761239
98795,15199102
83285,14701159
98796,329206
31577,5000716
3065,5511398
69443,4557838
49347,925593
37085,16127184
69652,14425547
89219,4366985
89825,13551691
94300,10957504
18936,4648012
17423,5732319
50317,15943298
12568,6596935
80436,6468159
28301,1304703
37721,14280252
87029,10686031
32758,4742779
27363,495873
10968,12512722
58835,6643032
45006,13096578
41579,2676679
27044,14942382
46718,11988013
96148,2196002
97810,5089223
75040,9361825
56762,16753801
97299,14724113
31416,6289189
62367,5387665
59109,15903811
21659,7595853
86621,16381621
908,549350
101133,5717261
39487,731870
6196,4192235
64158,3662579
35862,14939876
34314,15373064
4790,579587
46740,14885281
25391,11699162
89969,16286053
12464,13553445
71901,6449120
77548,14947953
46362,11191681
36888,10786065
100044,9586802
69501,9138312
99704,3816950
46813,10307081
55537,10542562
96350,7218144
77898,3570252
73392,7639948
46389,951432
41021,2246675
73136,13409618
82924,12480320
69607,13406353
18312,11975342
15152,4251633
100143,10854832
34733,7113094
7539,15396312
17612,6906932
48052,11046917
98632,2888962
55264,5211335
38065,14547607
91348,15214532
10989,4863048
65330,16334961
18442,15670240
53721,2164288
50171,10866724
80386,9273587
27041,4794089
5920,10104744
75238,10033995
21077,10523697
73283,10271961
70104,15119617
36142,12514434
79590,12339887
8148,5688701
17248,4520194
64985,11257581
72251,16596250
46566,4149047
24869,10606371
24295,16381321
5002,5311874
47732,4883613
69252,3400116
39368,15503009
65436,3645529
18004,463977
87973,1769926
40656,5184569
38293,8231693
80347,13057399
34539,10541155
15514,1347213
36116,15398268
965,2777149
82118,11296295
30706,9269181
88885,2208837
32496,15703846
96614,9338933
43401,13548970
14297,16086328
104185,3310478
89111,14489395
95219,6272045
36877,10365562
68437,9588187
36884,6286400
12512,8765030
97326,1944984
85738,8378927
2919,10267873
100762,2117924
75721,6371822
37798,7133160
82510,12837988
97490,2889078
83456,4588638
58233,11499506
99290,7718200
18396,3370934
71363,15145647
78589,11866443
88409,1945080
31186,1105105
39162,12044848
15137,4252520
56767,5862520
21237,9244304
2098,10182423
101029,9837551
6936,3521683
62569,11541698
70076,9111930
8770,14766700
83500,12008271
58921,4700147
35640,14401716
4628,5243297
45920,2202232
58959,5806939
82814,8675829
96806,14733776
68530,8907791
98385,13342203
31736,15400846
37212,2251765
42629,3637799
60100,15170034
22884,8863464
39742,1012908
36337,1069858
33973,525464
24152,8676501
101173,10139096
52949,6181128
62936,12594601
98060,995268
22525,5269709
12755,7894524
28153,7674493
46817,3617564
64681,219131
80800,15735364
45869,1802375
72016,4607132
52587,16693514
95406,1093081
42725,11765099
54736,4382776
34485,7911030
101419,10252274
48133,4784582
94659,15521575
88393,14980470
58600,802001
84824,10349386
98667,16465749
16667,6878679
84165,4709501
55631,1756731
50389,9006611
34034,12417262
54253,13000186
17633,55096
102938,14246549
47950,6786863
79477,11131868
9339,6377921
36680,15624850
3801,7200421
15430,14534056
32924,10730386
34372,8707961
47999,8507756
24836,3739135
100328,10374140
80587,12763733
57047,2605954
71529,16589050
49140,6385295
15677,3892105
36391,14405710
24702,12455722
53289,16162218
64019,9418648
1777,14648817
15380,3313517
23738,2942272
58859,7328349
8032,11381638
96760,1492112
1554,6922620
66517,1766600
26142,10379681
14035,1781253
35828,7693335
48925,9841901
73239,4368572
49896,10517241
93046,16746283
4349,12938028
6338,8333905
89349,1950061
18829,571948
101047,5988309
93084,231569
56615,16217217
14228,10518542
51905,5089052
60985,1000931
4545,9923999
90234,5359258
74459,7666994
52204,15162418
84719,7552377
10651,12151332
96841,10081310
78337,15874675
56880,6155668
48889,8710748
99863,6670460
32765,1516788
42085,14501238
101127,16635132
3749,1409940
4942,11557220
96818,4050944
95635,15575672
59303,10814889
87806,11590025
68038,8572015
48180,2047639
28647,3202303
72159,11030779
84430,8473769
16639,3114145
2832,13169953
100236,10055281
13241,8272338
97437,4666762
36834,9211594
88180,9782897
76117,13906355
3042,6365177
58206,7730234
9527,5993752
3224,14731053
6650,6284908
86420,10131168
77299,12051017
99836,13722803
23568,8506875
59840,14350593
69390,8397956
27037,15912101
54699,5702040
39887,11751027
50193,379320
24789,14681239
27531,8897150
91537,16750904
87781,14892213
14716,12725988
18942,4883064
721,9356121
63319,9145676
32178,5947148
65938,6685621
2110,12009072
46606,3419373
56278,158807
18589,615603
75109,14447816
58516,1797523
38859,9347696
10516,5637795
36907,13517708
19806,2446140
3106,10659849
255,13793267
80417,6048151
55383,11629212
62424,2538653
84840,13119030
36402,5002611
29687,5045580
29636,4548564
96367,2745892
70976,7171683
83068,11372451
48703,14328914
14098,8978317
67974,9409170
39386,6394021
96829,6241169
87654,3974087
41675,10466875
64429,11201340
61113,262467
43668,9281000
11953,15371098
13825,10311728
30895,4829958
83647,14817225
83254,4631109
42196,2088324
12741,6800759
91825,12406068
3194,3282435
54442,11646891
92881,1145908
38306,10172101
37630,4916136
45327,14725066
74710,15380264
65165,11100918
62394,12635112
71725,4317359
60619,2033293
19135,5736812
56904,12852543
76978,6583360
87386,12871992
70936,9790487
14712,14058686
40673,11248594
20385,2647350
33596,8636338
13426,1526158
71364,2745768
67463,6759828
27333,13960212
60320,15139813
41603,13468204
3079,4296589
29943,13054606
37233,3064433
68565,9355446
62062,8255949
77595,15385897
31806,1733515
72134,3229628
51345,10674100
675,12393519
52585,8885222
85782,3636163
19592,10320443
96255,3871247
95429,14669772
90079,5065600
91532,13229759
87975,5956868
63396,14656705
14954,14278541
38323,11069837
34908,1393744
84200,1675496
34817,8396391
36379,6754100
69547,7131493
49189,12049046
70891,9651528
53737,10066333
83461,4545843
87719,9037495
1058,9890797
79905,7158991
88712,7329038
44810,13424136
69597,2976636
20934,16434515
96136,15693536
77844,8858380
66023,4195725
46140,13957828
71692,3990825
26610,13893755
99449,10451636
85481,15826356
64115,14551988
58819,9763608
101907,8263778
50510,9602223
9779,11706123
101461,5766611
64405,14993812
61646,16354695
80541,10891198
57071,15787869
6717,14258487
54617,12352226
7233,4042046
83832,16093136
45188,1644503
4566,2541174
100794,7869011
6752,8066267
100115,4265476
14409,3898793
11620,2535073
66269,11993209
56427,380311
50300,3604951
40911,10359760
79259,16045220
101948,5164954
39554,15890831
74173,12864201
81343,3887529
25576,5243888
39977,6494291
42418,11433571
85837,8331026
51551,10267205
22350,16010044
89673,5477790
88715,6501527
13079,7429488
87067,15918930
25709,16358931
81169,1730647
7565,2318692
54191,3784147
28151,14416775
25442,1602650
66979,3219560
79120,10981419
985,16024633
89523,15322991
96326,7725715
49441,8751550
57724,6147910
89818,12174046
52393,11835166
59497,690520
10235,14405532
46377,10190009
14056,15959003
37312,7384217
82844,12558793
76940,2222123
14673,6293030
89837,569679
33203,16657466
53123,595726
47034,3621197
10870,2223588
36231,11620757
63224,8640172
1918,4555923
74924,560336
2474,14042249
71849,15230319
9711,2982219
83299,9959126
77524,11478075
31369,16708147
65670,12462117
59269,11225325
70692,9559177
79176,6707585
11229,16280827
102499,2717253
84168,11142925
22561,8882995
56148,13376223
85598,13079064
91106,15072662
39791,2937969
57170,9865876
76276,10849897
60706,15783927
103096,11975490
38527,3644783
21021,6430762
73712,9453298
79108,4797011
73854,8222676
9738,13990776
16071,11420272
25756,13485012
102880,10999869
84632,14523286
72388,5928830
42566,13633073
55879,10803776
3118,2769859
4829,12567390
47564,10220137
15174,8067975
44440,6406425
99653,10092577
71445,15732545
47746,2517860
16924,9407635
44082,2843319
72750,1491328
101334,11989516
99307,14673566
22293,16486145
103249,4443564
87041,8879258
51060,4530314
61890,13194881
21033,1372408
53708,10640466
101216,13979991
28255,5553377
80499,10675671
20286,7476463
18513,10248215
58523,15400213
17128,637142
22330,16178243
84170,13531457
52357,9136227
868,14980488
47549,3640137
38880,953305
98673,2688743
64469,16261529
84206,6628821
78855,8540985
58936,16207472
83149,3063534
17957,14291556
11457,7339713
52769,2003977
26600,6784593
37911,4912980
82781,11475146
15706,7358718
79615,36319
39132,14464001
28491,4574693
90690,8189556
14524,13642690
24759,8728361
27239,12903864
28910,16575712
16858,6681677
7966,15145366
1390,2189226
14044,1288406
85605,16608229
83793,6555224
44664,14092228
33833,8925387
48854,12605863
33918,4794187
29539,4046692
66914,7454665
62229,3647773
100091,7684462
103545,2748687
63132,10540428
98826,4439292
13304,10481702
6830,2077630
21589,8013973
46215,13444326
22080,13315566
39818,15202957
70223,529831
82648,14159609
74449,13782625
42118,3685320
104472,2745163
93556,12897984
58203,6424239
45096,16574357
67624,3913299
33686,2762232
70369,10734641
38854,6216786
45684,8985082
73278,3888844
95810,273529
31550,4051222
27281,11697287
69197,2214719
36052,10510370
35874,10016382
49669,5000634
60406,9908264
9723,6531125
86703,8646458
99691,15654665
96169,7685452
28202,12497320
71267,16551775
74866,1970688
33502,16201369
66247,1065426
49227,3867386
42366,4195219
86100,2699917
14851,1489350
10171,12990700
32490,16203028
16579,10895881
10269,10137110
92242,12574125
50036,1985144
102561,12136618
12983,4437379
59035,8793586
11913,15587717
42280,410493
37382,8939235
81826,14313501
36688,7782812
96485,1866226
47135,1018161
73321,11965856
64213,4210082
47787,9834102
90740,2542340
74540,1812773
89542,9067608
26728,6733223
42133,16160936
48754,16487969
98921,11493489
53575,4152031
44721,16066042
62591,5292178
15822,12238035
48028,9614361
39334,2112213
19084,15263209
12455,16404139
64480,5436286
36216,12159946
41605,11550714
46737,12898968
21710,7683807
66459,16610085
801,7637663
16454,15037
72129,11678149
15267,4037001
25774,8974790
24708,592230
94600,13467575
37160,4649514
22883,10567657
42878,9627855
34646,4880536
17209,4502185
33887,8226990
8785,4084654
20484,8360117
70069,3336265
26316,6232924
9699,8290312
35517,8334031
92871,3980163
39811,12107685
61342,5485942
50578,752354
100458,10717871
59564,3959620
101430,14604789
42382,13706903
90733,5217457
75629,11454362
50366,8775501
1180,7327956
58743,7728851
92192,489368
77520,3015410
9,12716189
19969,5317595
9694,459300
72642,5901736
92439,13761521
23204,10720774
31226,8662209
38047,1250191
52242,5396597
82347,12563739
2859,14665842
68943,13931489
26800,10267793
89572,10884167
858,10987579
57814,6440302
41572,3712480
97277,12552842
84663,1445163
90299,2830658
9701,6911212
95279,15133423
74610,15976797
101532,13913031
61747,2878489
53552,11325033
12313,15973252
38836,5644675
99574,10903301
75839,14605487
29849,4392864
48218,3578106
27095,13642686
57897,13538885
100133,14512340
102351,12986940
89214,565437
69815,15707792
42397,4955657
56170,2011055
91525,11220866
58551,3944322
71658,10850017
3278,11674213
47436,7637208
44326,14717041
56340,13617752
78640,2822052
98761,7142558
60300,2874055
101043,12932932
70840,10727718
91861,781698
67041,16449181
79203,5965893
4459,14629692
75674,12534096
78490,12376494
61279,1222048
83744,11970099
82264,9943903
4861,15580532
85261,16381187
95590,962490
17605,5818670
70880,14063760
77001,209296
64131,15440900
78104,13668105
44479,14801458
66483,182536
67265,2140720
27671,1478332
66220,7771038
90434,15960086
64952,13968283
81416,1645943
22968,10508168
52414,1261617
71355,8034099
79650,5084892
52781,686104
6902,1808501
72171,10166976
2649,12465047
102479,11238684
82819,16264617
53767,3139757
21318,13551222
18493,1286212
33003,5758256
104368,15688034
1638,2717329
46242,9595264
61415,13134854
32744,1028700
55377,782594
102590,12547646
88424,7667170
33724,13075934
29273,4579163
42664,12778187
10559,12862285
12469,3384390
89285,9677806
37609,4417972
100146,1581307
55524,2880063
12498,3738360
90135,16160539
66237,12139898
55357,3429079
29917,3593821
69045,8682172
78714,13582856
88116,12385491
102035,4817107
31607,12448690
70244,4415058
16185,11153300
68105,8498204
35147,1220099
31417,15388157
79446,4150964
97892,4150941
47877,7062744
4031,16522737
76907,5271958
17538,8515977
18657,10925019
75981,16363824
20541,9150305
44416,7339857
104073,11580411
56073,14161206
71497,2317189
84138,129788
82408,10952794
57064,14887877
60993,10983052
71035,14200182
47680,12097420
50922,12280767
33395,5040812
88984,5682789
98381,11268119
43175,12432424
2590,16334274
90650,13085538
69874,2122038
45236,6803191
20884,950030
2163,13002688
5926,12500154
54891,6793063
1181,16058225
53253,1177769
99877,5541446
65782,4248
38460,8589254
95782,15777849
11250,15097009
8596,13014124
35180,15352668
52660,15816007
54170,9907484
31941,14042642
49395,14774484
51871,8182511
43998,6799309
92453,2575948
48202,13030800
68214,3578783
77089,6394181
59679,3577067
68975,16589804
3923,15583877
39179,5448838
64525,5671428
28902,11098282
96906,15834917
19124,1942589
46223,9415513
35009,703724
96584,8258093
61105,4171241
2564,7039088
5245,8217574
92478,9225754
91657,6190094
33105,5765883
43330,10709032
9542,14409988
94855,983860
5373,7160605
55482,15819209
79551,5813540
65580,6807938
11705,16455931
73296,12439708
86834,14479349
101255,9923826
65150,7292991
96774,10521618
38482,14605513
59192,9221935
70179,2598279
6184,8072318
64768,15770965
3857,4340685
95595,11436672
33587,8852269
17742,3894209
39783,12384562
97588,4387128
99420,6773878
88856,12855406
99061,3761242
79456,9788218
75754,14296816
38504,9733139
76827,5862459
84405,13125038
103912,14055920
25945,6681621
58092,16544645
32189,4467542
39832,5762464
14911,15511936
41713,10339599
102779,15205434
39249,2763856
28360,12629008
32287,1866664
58779,9067632
100715,11091739
81851,7459201
93469,2831202
41332,8609838
18155,6200504
89216,10585133
102002,7702027
93122,12103458
55248,72916
89771,10116214
35034,9908522
25154,12166153
5174,6022582
84359,4426370
46388,9178062
18872,13588905
27890,7697464
23453,8014008
6551,397872
47424,678230
85386,5913319
47681,2222866
56753,13886390
37336,12387479
22124,11762357
64693,3309889
99093,15596241
87609,6141133
23875,16555531
14085,9735227
3351,14423592
14949,6580389
2439,9235859
19915,1041611
9169,8436143
82521,4299904
103987,5043306
33401,5562238
27027,9913532
8977,15782277
73822,731975
102356,13415757
42164,9441478
330,16563481
86515,13940701
78186,13800657
11231,11926048
85026,2837437
91009,1536826
104277,4951291
53898,15560153
10339,10085989
37888,12153633
78267,1243275
93416,6140520
88553,6139902
6539,11286414
82231,686861
73618,13538600
71581,6511528
14750,15731747
20819,1084048
21865,13639271
16514,7632399
49108,16205953
60797,207437
81297,4269476
5389,6800548
44139,6752865
42197,3773180
51586,13902896
34907,12687898
57221,3932200
57793,10801612
76473,5602272
10352,7816744
72689,3908773
3899,1694838
5216,12608560
40618,8563485
560,7088093
3701,12414885
86657,11898110
65858,12408854
26124,7245423
50102,8659400
58492,10429230
59312,3367546
53802,16189987
100150,1726453
21632,15450303
36716,15728392
40787,8466575
77777,10969998
89014,8364413
92631,8258904
90463,1290721
84820,311609
96912,4587222
60236,9835177
43237,11413667
25307,9033100
32533,3798672
20620,15591388
1926,4863401
48781,16383262
42928,11099681
79458,12635178
28150,16787395
6546,15787068
16755,11064357
23186,5956206
76043,8664499
74750,4512613
36802,9137280
22508,15463592
53743,6258409
43627,10657419
102299,10432198
102401,392500
20360,12165413
25082,2034636
72178,10120422
19356,3321206
91058,14202022
34095,2693110
38722,11657591
98877,13934326
53979,8466656
75534,12237091
94268,4159738
33056,7652124
88891,11251235
58147,10359153
57726,12111062
38421,12716965
31421,8174202
75383,11717996
64149,4489566
58583,3273546
65369,15232215
76777,1134320
67282,6808447
44121,15635937
7752,15908290
80999,1086343
86968,15801433
64470,3350506
97058,15557778
21640,10203938
45767,13497378
103785,14109806
60299,15567515
78060,3079106
10878,8905690
63292,2946701
75776,8581252
34798,9476565
40522,13451158
88575,16713168
90596,8127821
36905,3041728
101385,2191600
76759,14597162
19426,15786548
99165,4923823
63219,15164303
83469,6790193
84164,6573046
37433,11344326
60996,15383758
5236,9851393
19366,11409481
63346,12088167
25177,13787375
70258,8908478
18408,14834306
78740,14345460
82399,6487439
50298,4013004
82041,11879379
17157,7713093
57990,8852751
50070,10190410
53839,16646791
60490,4783665
28762,14188794
57060,9706722
52793,7598361
7909,15175650
20552,607016
53720,13462476
26041,5097889
89061,5629227
98175,16006012
103688,8664207
41557,3289484
35770,1117954
102163,229139
94386,3482139
30371,1016259
52526,16161140
58119,1513505
77268,7440076
59548,10422715
35093,1284762
8310,13090600
16980,7573836
88672,1370037
16902,7685061
48777,3722750
52411,8501524
14138,4211181
23294,11640512
39021,9552714
3803,13831656
77007,16709904
11239,16371743
94909,4910575
102870,6640146
10237,1029565
40920,16295990
42694,11833223
91010,3504578
8152,2793943
9051,11055320
21226,13595650
53461,16464590
23930,15457326
44767,1152976
52848,3487869
99076,7734963
38603,13930610
27974,4245605
34414,655794
59045,1859126
3641,10775454
18699,12631109
21860,14650243
82354,10475935
28763,16637161
83010,7136427
77932,10615558
5525,1350264
29169,16127308
59744,3383631
81934,7328261
98979,14201694
60463,4444826
78730,8354316
67126,4571986
11510,3149200
17479,14988911
12560,11516616
37976,13658156
40296,5632379
33018,8622725
84091,994918
69195,2953462
38661,16294585
88300,8074615
60472,626297
27470,13366573
103174,1351225
67874,10817439
40100,7592805
6845,9362906
26589,10340151
44982,10835601
71069,2703333
99189,3268315
72954,2266759
71386,12636164
31363,520627
97,11858299
50265,1900527
7124,9186150
7306,6635437
10648,443705
13876,11691193
40788,1798965
29052,11194020
76697,2000151
65125,996701
30629,2366863
12274,16208039
58596,350230
14006,4623373
32479,2785661
27532,6152196
43042,14632851
38448,11131671
24452,9007131
101753,12997033
71757,9538270
92311,16009119
81346,7475730
37501,11184244
15090,12171830
55541,12809029
5046,6417255
44497,15390469
88445,3546136
25673,10977500
72745,14148586
101087,7757466
9693,4314040
61573,3058973
661,12012313
93144,13598954
19040,13924348
17445,4870749
27768,7239187
63740,14654794
38615,11008999
15914,6138941
50451,749529
56062,3687686
53323,238676
102051,3780352
83989,16099987
71337,11047415
30236,2973569
45597,1164696
13523,16471446
85933,8363011
12960,4262845
2999,13696566
35486,2027403
6475,7941718
16618,4860926
67089,6560083
90016,11326600
72697,12570612
33781,15488162
93621,9337635
28615,12511118
45402,11406281
26462,7585630
89828,2257254
75513,2723159
95060,5052279
21792,10979466
2167,9359298
64754,3971028
3327,10750359
9281,4541975
43399,8565425
69309,12204989
61915,5109555
17895,71720
46191,11461321
27998,5371316
6517,15592567
58662,11517334
3282,4294170
86491,11034741
97463,6368980
24997,9488343
20866,12665057
17710,5529089
104069,14509918
33451,11644696
20647,4252096
86907,11920566
24179,7548260
91515,8445129
56328,11946349
40925,7535193
72859,2564113
46265,6299283
21214,5395018
99535,8120298
95950,8488934
101808,15493059
58901,14531978
8791,12240828
12037,10370689
55532,15164908
65015,1696551
673,12462273
62256,8612351
11801,6057196
27827,7765547
16487,11799403
92144,9096684
79213,15332673
52647,8779355
86413,12201303
22407,10480111
58055,13534850
72836,2041290
19809,13795666
62751,5575934
86206,7011966
46239,664440
16481,5826103
78201,10779480
51819,2044029
59022,3089722
39556,2939679
18650,5443493
33872,10885085
13399,5090093
71660,7051185
44808,16181944
100854,129183
14470,13376688
2579,14001461
38050,13113823
79630,11984429
92665,1082958
29868,10849893
87996,10415581
79089,4658209
90968,4888980
45125,3434737
38236,6129006
83994,3720508
9467,783113
71758,11946242
86156,5090501
98486,14548897
54335,13777059
41855,15385288
36704,9574719
45770,9873786
24254,4913193
53624,15631007
40637,12656523
4561,8944818
60708,1196857
45421,1230496
59460,9962370
36644,9795744
30966,12470147
52883,10163955
1325,12026557
11886,5954273
33514,10310031
81225,10265842
45764,8156868
31664,9991331
40671,8751004
71166,9741114
80303,2490398
7801,11412428
22921,16215327
78816,1976071
62965,12601782
10400,5891593
8303,9669888
14597,10104266
59903,1689958
67783,15226986
35748,13470771
41325,1439703
56122,10950090
59682,8908238
57323,1174066
5828,696472
24304,9693338
516,6078933
68162,5004019
24296,4045420
48518,15916023
52076,6652042
45495,1859262
40173,4810509
91269,13869885
45320,11272144
74276,11041281
76447,15795025
71144,162041
37703,7265115
31967,16505226
96668,8436181
22193,11685255
28744,14430244
96804,6612531
93951,9183192
86943,2895349
48395,3082761
80322,6131574
93924,14559071
13502,13669802
10408,7847619
64870,1150368
98027,2849338
13646,2659622
90271,13607875
68770,754343
94014,8618241
23984,2864990
56896,12110375
49071,15246339
68260,4910229
90913,7616497
36290,12480755
41355,11361589
44762,103646
2643,11413273
25111,3652119
85729,14668993
81406,3317315
14385,12677516
90721,12709911
64156,1003281
3837,13299272
86632,1395721
77065,1260447
68822,6758525
59217,2921917
25869,6727198
88985,11056029
25162,14541744
96436,2660748
89190,15477579
28747,11656935
93874,5429181
102211,12121707
62867,1372874
81003,10565415
70372,467014
85304,16207294
19740,8467315
40056,1557170
33050,2659137
51601,16401276
17272,6750968
73859,11739345
2833,4871661
19759,6508446
21835,12798875
49247,12708124
65319,1148532
54566,6984945
49693,9534220
98011,12422815
56941,14672836
67953,13508184
81595,6717348
64342,13479297
19704,6680909
87981,8130382
55736,13966755
50539,6846083
58673,14176074
2768,4395698
49528,11459411
71328,11863808
20355,421437
4600,11553113
25566,1972992
42591,16781952
31955,12453162
17107,11523963
44079,9479848
11057,4319447
67124,422652
40502,6145703
18084,9934922
43964,5202617
102716,3108326
28167,3681418
25065,12439704
38633,12901213
14291,11316842
18459,3775949
1788,16659859
97372,3911631
87861,16288153
62006,4372480
61889,9238847
62762,8374822
99211,7599085
48260,13078789
58912,13013739
71582,927170
54134,11885291
38587,3530721
77912,11276421
97851,1490459
86725,16141885
49549,14150622
82792,13170631
54682,13305511
12115,9573901
6018,8374800
16766,2514358
892,13476404
56844,10042518
8839,14242294
66951,1510973
15779,8310636
11079,5351462
84036,12756157
79862,9775250
30718,1092237
4747,8295795
78949,10476381
44417,2006672
57040,13140793
89815,9655341
26754,1740405
34052,15392243
99733,7029204
56860,2098300
26646,13685395
53665,3544671
89075,1953977
85003,9220916
37172,5245227
54359,6892477
59932,10947484
26205,2172638
34559,13887094
6544,10596697
29351,8630808
32266,1805262
47912,1440594
47951,5850551
29343,2340106
64444,15437540
81712,6508838
102817,8212167
84716,14487505
28258,3188335
55614,12729635
76090,12575680
83584,3644354
79914,211198
20629,13794271
94609,4167118
61940,413462
5352,10498712
32456,15414519
15964,10164612
53248,3626045
57614,9371720
88490,11529354
71589,3361419
84784,6132151
19223,4093652
70606,11990423
65283,6711512
75804,5172561
54581,1201244
5331,12153778
13628,13527094
21900,8393031
58866,10803838
87400,13405173
48193,14473438
7484,10900738
95073,406549
50134,12217377
68913,9922939
98980,9401903
61265,4642275
46449,668516
74888,1149338
79512,16547473
3769,4716057
85045,8132089
93809,579128
9167,11073283
70378,11832192
79400,12175020
32992,5457398
37292,14101840
101452,5402824
80198,11153742
64132,7339145
87321,15291718
36841,5188731
80786,11267496
43669,13065511
55028,7531498
5939,14648719
16570,9792878
22515,2542009
21735,7265262
82077,15911817
83277,15415338
24447,3302013
90786,10085279
83861,4101803
88633,270619
39378,7296749
37236,13448273
50989,15662056
75865,9028884
57292,3386178
64461,9880920
24515,10587940
60172,9050819
36258,3366375
60997,1878160
25526,13372840
49003,15121785
63316,5147191
5067,4007689
32002,13968216
6174,6519825
75147,12127818
33213,5367738
89415,10051595
89203,16763673
73793,3024594
60666,7629427
35473,6797167
72735,3489606
10685,4935731
10403,7173872
37604,12419978
73456,13081612
71087,2568598
74475,3384154
40711,7581216
85359,6419680
15864,6467786
81893,4952261
72837,2429444
33331,5852057
97385,13041618
74964,4357162
515,16758066
49046,10335963
38024,6526292
25584,16647616
33496,9117156
88928,9144136
37979,1221604
15732,11974082
15882,1130530
58701,10091115
79306,500781
45049,11856124
22925,7461391
38360,680215
78326,11500560
95729,12269862
51588,5645561
57101,7752343
24081,3934291
104202,10341574
13854,7371733
95423,10161994
24251,5043544
10846,4851168
1924,14570050
14302,2292914
79113,16266471
6204,10486155
20339,10899086
50698,3399078
37419,12633466
28403,7596685
73389,12638021
66249,3487334
24358,2947453
35782,9824389
96617,15514089
20186,5068106
34002,5995040
56854,7509042
96470,14154117
14104,5512257
73013,12100883
82988,9835116
12575,4972473
61053,5284811
86374,15782699
17029,15234998
24775,371204
99843,14946101
34159,8865644
31829,4496505
20257,5931966
34606,9030269
18200,11912368
84667,8092081
51581,12114777
25486,1203719
43012,3457477
64315,13291885
3169,11925135
68893,13828043
50721,9669957
12114,2986048
38575,4859145
80707,448424
75596,5800497
98278,4096882
1303,8508085
32337,8543531
88255,226255
83082,1639573
34884,14816805
59656,3654959
64061,14203294
10169,3420034
34433,6065246
91552,3600692
75278,16025027
96353,313688
29741,12905681
10873,10304625
49755,3312030
2120,13240023
48030,15616337
25612,11535383
64434,1022812
14950,5714969
8071,4836435
2959,7054822
40682,1589465
9097,3117011
38963,15169936
102510,7516576
101179,16726441
16099,3995246
72436,5068231
50866,15940289
98957,10736451
95072,10273984
94185,8381564
2532,16746887
33032,2103804
91206,3931162
83067,9151029
80995,1255519
73848,2458379
28893,14486876
46335,10401443
74394,8561643
56873,6532834
60770,3369940
23355,2850138
865,8062640
61062,10292115
81248,1825598
54863,8091113
4232,11344177
3649,3407425
21743,11642660
46198,14696603
46317,12688324
2335,16280098
47569,2013315
18102,15315817
36383,151467
102043,15623204
31148,7471228
52831,7180627
18199,565566
60183,10702228
91390,2282669
23110,1561112
11765,1877025
4017,3427570
29824,16750650
4873,13645601
101473,3898123
17014,5104680
15580,2222707
87225,1759909
1273,122745
58136,1136831
53999,8228288
70697,3335884
53104,13548132
97877,13985369
49134,1134244
23707,16015451
91855,5279829
104396,2810907
22875,10083373
104115,9330730
67098,11050172
54700,3146923
29827,1543625
2722,16407328
77139,9730117
59486,16615442
64394,5281971
72486,14748069
77459,4289362
93117,8276815
96843,7235816
94049,4855291
21959,5040023
22895,15226014
67381,15463547
31656,10401386
32599,1540441
17936,2594449
57524,6719569
34140,11714905
17140,6640909
68568,8794275
10220,12110117
47187,11252190
9440,12754762
89847,7357398
49381,1267179
100907,15524702
33700,14283232
5272,5033808
56407,5726152
56507,1430303
5039,14520393
17353,3926506
65418,4810373
23118,7564723
54539,1580526
94391,6890472
95364,2372991
83189,2700867
97284,8967519
56396,15547828
34656,8320312
33991,9998245
4251,14330668
14026,5344196
38565,4225780
98990,13534384
18087,8637153
70556,995196
30365,9441653
59797,6810637
13593,15095470
16780,16400467
52556,3472170
23095,16564863
40823,2093572
30265,9976462
14546,2541820
95187,4398241
92237,4885901
58525,1626261
29811,1997757
14666,12008930
64240,6201783
52755,13137908
13654,12794884
10813,11430481
95713,11857723
12911,14143104
70552,11144560
54023,14242077
98031,4380424
63968,1059781
75913,30255
83312,731228
30148,5955132
42070,3503516
41048,288074
79451,12513949
64229,12226396
89170,6699214
25218,9309329
23995,15010028
80638,10148026
17148,15956119
95024,9978372
10277,5992847
90076,14918492
16064,9777808
12078,5446059
82825,10539387
9675,5677825
13838,15136039
21655,3019282
12487,12743128
42575,13859817
76130,13648436
80422,11971257
9554,16556673
61043,4384967
39049,1696591
34879,1345826
31126,5100463
58715,3502371
57920,16709753
76317,10350550
8682,15672128
72849,1275876
32351,15088780
8068,2695927
21546,6978185
58426,893964
48440,9758570
43816,594646
12706,1903120
17358,10967402
82474,10844596
58318,6296191
20327,4272607
41439,5617228
42157,14742923
65532,3409409
78943,3519258
74620,8085634
16214,926368
12656,11932509
88471,9622812
80440,16004435
742,3375521
36621,14095176
33971,4781864
18510,13616366
28779,7682724
99873,14276661
55068,5369618
75879,7961212
33870,15763424
2480,8030151
59620,8739918
22217,15564740
88746,2910613
30731,1874160
49677,10050402
43633,11169504
25470,256269
102872,13820223
47164,14948056
27722,14201237
89846,977151
100042,4768596
536,4984519
96032,15467031
20595,15029034
55152,4550516
45909,3972792
26058,3634947
41871,14837035
102033,5749790
13741,8564637
16304,14493177
86774,1551150
72687,16377302
44006,10905360
59334,14856288
3307,9040377
35670,14083488
75836,2427972
12915,5333070
78132,2370973
66987,5962454
11501,15350709
57460,15876522
103075,3268366
31300,13911051
468,486858
25123,1372064
25105,307046
79827,14944742
3756,3948997
62358,3660005
95159,14337886
87841,15449405
96370,1482749
97687,2697299
77631,1618907
29074,4070312
17199,2173281
37134,10657329
85664,10925728
89928,5360655
60754,6101294
73322,14352802
23842,16021351
97771,14655243
26693,1178493
85432,8784403
1870,1469385
809,10693423
61469,16218233
4802,5666194
6510,5058636
36382,9000102
6637,5930228
50705,3390429
27690,14738221
43561,16753338
17653,14576134
101998,16165339
63082,3646946
95858,5268316
73217,7174258
51042,15146137
6652,5118991
71011,2656089
24440,13249669
80512,10303109
10349,27825
66477,6100971
32821,11461788
19387,3423143
7797,5232868
54876,11852342
38140,5444120
32743,16405621
37871,6814125
96065,2690207
825,6773929
3993,11056735
72111,615269
103665,956242
3357,1635792
76677,7463989
96608,12996226
43162,420740
67225,4641870
79175,7653420
69113,3230554
61674,4825793
74151,6744438
59184,14964332
46633,8645730
1624,11923719
46004,13125862
14363,1264941
60880,12643734
35112,1134105
88987,15591132
429,10725891
43587,2705568
97933,16475983
58766,10542815
69798,5484039
96023,1049227
10877,2166534
40073,10625126
1264,7559187
70218,13418818
23332,3615805
83304,14027960
20226,10266338
33654,7861360
10576,11064227
72656,4548767
50307,11042355
51142,11651772
281,13145357
4859,2268443
25501,11179166
14985,1203244
26430,2143898
67983,7183888
45757,7044676
16898,16347676
50809,6918188
60831,14887937
60403,9938878
96357,5252128
4713,11163945
49687,11494564
66590,12201699
48304,6753034
102546,5249938
12768,4475096
56783,9602117
48969,228482
77431,8211729
62445,8534010
90601,6871255
41404,15565547
54267,10474122
32909,13180816
27153,494006
65779,16708087
31021,16498593
57732,6713791
102834,2211107
86442,2010139
22689,13059653
27075,12968932
867,7536250
64896,14463042
62778,15472659
32121,1814158
74725,7289756
78768,15284549
35586,13250581
39107,9121571
64420,3747028
11124,52394
41819,12714180
79815,10363472
89353,13920681
91604,15720455
57617,15066362
61917,16633151
93333,1898108
63301,985941
48558,3855040
8928,2925302
44386,3046211
90638,13331968
104483,4309176
29271,10383075
4945,8674750
91534,73560
91140,10284458
94991,12595882
47995,14634103
21116,2949773
3964,4909818
95755,16286331
99276,829710
27216,10542895
38755,8213915
9295,12600984
20752,3336689
103144,11752864
90646,12970621
73986,8080726
22369,8743546
94825,7862904
82754,13890881
18164,10401997
95439,14379614
39463,16418739
83560,7992300
103783,4313772
33394,10003402
86600,15130682
45099,9768989
53866,7249205
95083,2182101
67842,13380415
41931,1146709
24725,2085830
24349,462414
70276,16263953
70999,2836776
55233,15949290
51499,977787
70434,2170617
83109,737807
15049,15956145
82265,16410427
91054,6266337
102790,11580988
100918,4496756
93231,4043980
25170,16006794
101709,15880692
15911,3869411
11084,5142410
72391,4588784
44130,3819435
49575,16668566
22609,15697676
23499,9156767
18014,9273792
88635,4026833
24159,10350
98678,13934827
33658,8673463
100791,897860
25471,7211841
54626,15859533
25929,7137610
28040,14997562
2292,5443182
48186,5604174
50897,15509367
38096,2462140
75062,10012077
5701,2128471
95916,7779898
34283,12801855
2476,6842778
40871,10289330
68218,13750868
88473,7959910
92769,4408206
66719,8936548
81919,16115820
68204,4539153
73384,7148541
71216,8089056
16279,14887772
91805,5084271
32798,1025205
92074,257504
82489,4081822
81392,14508650
78168,970999
10172,12748530
71231,11499445
57065,11548774
31748,11213185
101382,14859956
7854,16780871
13388,3542171
20032,13027458
12893,8021951
52902,10632394
37518,8202199
49667,2032464
84102,9399296
93032,7718325
19557,536315
86544,4873665
73898,16407145
80720,7847037
74789,5066633
8695,2572437
44260,9076661
91912,766884
72299,1999026
12311,13584512
92125,7132007
82307,15286091
1675,7521792
36505,6267062
62670,8088641
36659,11668148
43008,698240
102382,1577604
52540,6411570
76670,4262062
103321,3401676
96185,12413500
66807,1477966
7749,12976105
76508,5132470
96626,4447718
44142,13311749
23898,691344
99696,5515008
12883,13668586
49758,4296325
58476,16014027
35352,7800171
30861,9031910
60451,15922786
36300,2483670
34466,2288488
53132,13895442
11036,5764606
31810,10990688
89645,2728264
21438,6918776
75932,4214452
29476,6668944
73818,1734013
100465,12551206
23163,1250128
25321,16600860
89206,956515
45418,4733118
46968,5499648
12559,15742272
39499,15000631
102575,9747676
49516,387856
83963,15952771
22177,9968340
35759,15058119
47786,14326231
59024,2883999
35516,3821863
23073,10521102
93207,4327938
90940,7160243
83938,1281468
21897,390364
87366,15447021
22573,15681932
37043,14878706
74759,9093673
59050,3479718
66677,13024487
101695,11230987
20682,10856867
68274,13080961
27395,14639120
98002,8589400
63844,5597279
2303,5892337
41920,9606097
20194,8848945
87427,7790826
81145,8417878
49908,6893419
28767,9478913
76492,2087577
58786,14647323
22970,9369570
12001,13479543
80591,4176031
5597,12667357
39813,14996680
56732,16077000
15913,13291798
37139,14208974
66134,4398487
56501,13325188
45272,6759864
14247,15423395
77715,16300823
43721,3819879
83611,1150207
53991,851386
41476,12795722
15084,11344426
85956,6034346
87477,1377409
22082,2324935
91388,15316669
42818,4900178
11718,5361864
96195,9255457
91556,7974173
98825,5905736
58034,16150450
15540,8903574
63919,11422602
99262,3069134
76298,7871889
89409,7973353
55583,15524520
25252,12119781
42020,15841669
21709,16603252
36114,2854794
99870,932561
77379,3979330
30074,1798018
20083,11575888
46147,10519566
25802,1091396
30530,5797100
25535,332735
16527,6276701
77606,5922962
82061,5929068
49389,5043340
31306,6683155
11436,1389475
79983,6163387
67339,12218817
65627,4905283
60007,21048
6006,15342447
67863,4691592
32110,14776241
47647,6944119
2432,14525682
33022,1201846
51483,122086
43083,3028395
42426,1687834
67221,9211839
99289,13283065
39431,14363689
14690,16069854
84390,5981780
92932,5784181
47048,4566148
101222,629566
20821,4728821
82449,11558471
6695,6740415
77974,4363505
58608,10866321
29275,14938589
2811,6974015
78807,16580446
94491,5439990
43033,805691
30053,12156518
98070,2631247
64511,16251406
24409,6110302
77180,1506824
38328,12566442
35549,8122522
88721,11200117
17064,9347253
13455,14949508
18638,13407550
43101,4290504
3056,2336616
9532,1719341
45205,3583676
71488,11724775
56042,6669787
67542,16211207
60972,5217298
96159,10727490
9063,1371127
57925,7817662
37581,3146703
76636,10896358
95224,9035338
46229,2097686
18973,13838021
13804,1464053
31024,15881665
43841,11068971
68369,3549820
5719,7923429
57819,2000635
74210,15807054
93323,15955408
41239,13217007
2044,3667868
1801,10389705
97724,4948981
28888,13421984
62407,4992560
75,4592747
86105,8294510
88813,371190
36580,7850517
52543,15744359
11093,3012668
57579,879244
31798,1680795
31012,7385863
52342,47876
21939,933873
29566,8170884
66277,3822424
101453,3654129
102057,1650843
71385,3835916
63759,11707698
20036,12906801
35616,8696256
89900,14892213
63642,10546295
84095,1745856
34464,8293219
84064,4515888
34071,15812543
89087,7884336
98064,6987758
38220,12293949
68457,8638157
26585,10988586
48057,2848083
5187,4879353
62048,9100393
84330,13448843
49992,204912
44959,12151377
75349,3830488
78156,6590662
26427,5541865
86384,14883503
100569,1056103
38802,692419
77069,12727190
21611,15707179
94408,13429961
62995,3796968
73583,3947413
56858,12354500
88,9815807
85380,15318796
89288,4965684
102342,6968416
98140,8899724
38686,80090
71060,7216444
59762,14918922
27152,3081317
32018,14209976
91540,116516
103679,8095210
28486,6741652
37898,4212117
5280,15373198
21241,7363192
29246,5036645
88645,317697
54286,12967893
39391,5333464
11500,399194
63257,12608866
64116,14586237
74849,14902262
40808,16380731
73017,12044834
29086,6322929
58316,12084752
77502,14363148
22777,14050365
40605,13009044
48750,3856437
102986,741100
45141,8490712
66686,13451762
27206,12604122
67763,331973
28024,6335369
30755,9535010
97660,1941305
80273,6152286
97480,3363411
91016,1944417
18651,7375078
18273,15672674
51374,4888531
59580,14129458
37577,3238892
22593,2446023
31127,3375003
97383,30377
51481,2294493
59110,16037913
92843,4337451
26294,12140096
102616,5948843
4556,8574931
83913,15580693
30870,9354837
41253,3711355
54110,15054550
16834,6415292
26742,14999997
29167,16298787
3678,15728077
71683,13584343
36469,1894179
79508,3340404
74157,6085507
72157,1766350
21650,3315008
56679,12545745
58889,9180496
9268,8592511
57450,14081922
65046,1236807
58868,8500964
34479,1919514
78665,15488505
23417,14132376
8673,10049581
8726,8373048
56791,4913554
41471,14409677
52936,13715969
82188,8847876
63087,2290207
101726,1132211
37744,9038612
70259,16529398
100983,15497986
84662,15141234
91251,14315459
30155,11638891
9427,15715009
32711,5076188
40320,11469413
86884,3549491
57278,1701520
10940,10475429
29574,16502992
88084,6990468
65439,8476249
68146,6696027
33497,2801538
14710,286760
101816,934019
82051,7371415
46070,1635515
28130,117106
62615,1449440
60444,3208384
2179,13257698
78905,7020539
5311,10383753
101271,7823249
13576,2736360
23484,864520
9328,13888575
73796,14422608
97154,8241658
51216,13234257
90377,2080678
90260,6939935
53043,4177964
49385,7777557
26002,5975257
64499,11660098
15894,10662131
83886,10471847
31084,4613998
88428,12845596
75944,11198242
5954,7712495
10173,16398783
34066,3156238
46525,2292512
34467,14545686
3876,2411305
1240,2806899
14947,6369309
204,20901
92314,2003467
47207,6405653
88675,15646430
87490,1223463
61812,11102576
26004,16176477
9812,7301386
48201,3571547
71224,8684113
39636,6186276
90030,4821540
53385,9181350
72675,413611
35721,1123931
43976,4595339
32330,817164
25000,16103533
92772,4046488
69942,9940868
25124,7635628
37850,15064329
21178,5440153
61428,11241177
22371,7290565
87047,5934415
102686,15948844
7522,1832635
59104,10578068
82299,13798760
94654,8563091
82212,6008582
51206,7455639
66664,4728847
15340,10905544
95779,13853479
92595,235076
48828,7951277
35888,5376435
96557,923744
63758,6531829
24164,414426
9107,14750390
10358,8574073
53510,14304315
96440,12291147
15370,13640031
15450,3110457
60738,1459533
18445,12247374
100728,10529742
13019,2873188
48173,391758
39566,6744407
52117,11778169
23296,9047330
85189,9869553
54646,10907929
84421,5024006
49825,8123506
47154,1195795
58514,45087
49160,11959972
92897,10678125
80414,8451236
73762,3508339
82853,9365203
957,4970328
43589,12469788
47984,14368864
39597,15046521
22529,1097014
23207,2101903
92012,1895665
16589,15888457
52874,1861797
57656,14623956
433,11480724
14405,11797513
5029,3227950
88684,11434692
2469,6135310
81569,7474058
24722,3669028
38740,6256603
80231,1543417
70965,1865661
2880,2152790
87023,9298100
3532,10853130
91614,16624906
53156,1048211
66882,807636
39981,7362098
44829,6743242
93550,11106105
59409,4508238
46650,8913441
99903,15334863
103185,3216211
10975,11592536
59630,2638200
49356,12516617
14719,2216781
52523,11344965
80848,12090939
87100,12762645
67080,865782
86766,12620868
24314,4682965
94091,1486700
89548,13478654
7146,9985305
60109,1539232
29289,848972
14373,12076841
71180,9392355
29193,16263055
75083,4447261
46599,5369166
28791,11266422
49750,2971805
8935,16361180
82838,12740776
60982,6268093
61741,7391989
67274,12812149
98599,804144
102308,4446620
16748,13944833
59055,15113233
36745,1243189
76814,10426598
57802,568826
72219,13393689
54554,2659240
92910,5310548
15598,4820633
74192,7092009
97549,13393004
84144,16455242
59230,4870571
4059,14350226
88178,1240880
54916,6657112
84576,4662585
92857,10800828
23086,1315928
64018,11010069
40699,2295251
10763,1783547
88991,13349368
46853,10337690
17594,7220578
81995,14035084
21514,5864639
88873,16568326
93697,2688917
58726,13618413
29620,1246889
62079,13301028
99096,3004913
82722,14985443
94622,4461980
70855,8644138
77377,16069808
41771,3685941
12380,16493448
49195,3865530
32449,10723840
85407,8519356
51406,7047052
50403,13634508
35512,7452224
67533,11836430
8644,7112874
67546,4001908
88079,9175941
43398,423294
88696,16143251
90705,6324426
48587,14068101
6965,4714192
84284,6697243
50860,4969805
84819,8057502
6982,377339
19793,14919486
46552,15127137
83053,16332551
21051,5932831
74302,9948640
90127,14398787
88197,14628009
24920,3976466
14631,369968
41335,5489669
8182,4285545
16181,5793454
84838,10172601
68582,12403868
10204,6341539
54738,16335415
36445,10226221
4714,1987301
42223,6067716
42881,5962937
36095,16304988
59973,9518759
46141,5785386
17891,13779576
13414,15305374
14428,6730972
153,9187078
2042,3661315
12542,15069000
32875,13634571
12534,4568751
27145,8013992
35906,6572967
86877,8043085
29944,7454314
47214,11671494
84265,4241923
3377,12983601
6512,5060103
32633,1673022
86103,12176415
15610,480793
50611,4005318
95307,16195988
95134,4943463
69770,9318574
25176,16690411
102469,4083651
44523,12038988
24138,2913018
89028,9481718
71024,2744041
9393,14030196
86585,3522956
93891,9244361
26349,4988804
92067,5765232
83292,7105406
99833,8405055
25074,2890117
48061,16491335
75144,2873144
75334,956514
6264,3257491
24944,12588053
9596,10017307
9089,2802227
51493,10267897
15338,6782045
3162,15231893
44591,4772307
1483,5651158
9778,11531020
20980,8585768
9949,6612026
14224,2062452
50401,12741158
61443,12229307
72358,6900963
35858,16343657
75486,15799649
29802,2477605
36738,519649
39228,11622830
34947,10901777
27111,2678688
13616,15322258
38180,12816074
14246,4432821
97012,9164696
26596,6481898
44945,6447068
41957,11388237
5369,5623138
52050,15045072
38449,2459514
40097,12488168
67164,13753084
21340,6745945
96,13958775
92323,4696818
103905,6964155
93494,6927117
55983,10987490
20366,12873768
56579,15032361
27903,10420111
16587,13780413
17832,7240386
97972,4017121
8932,13910620
49767,8393130
39430,15645006
36607,2597308
22940,12457260
24280,8761804
43350,2164244
21280,7062618
76460,8914344
34366,5982495
76069,16343721
6633,8625283
62907,1314926
48538,14634695
75206,598227
94162,1798660
32918,10823109
95359,13404209
51046,6885149
24874,11363386
62247,10445711
44799,9454886
70989,8624837
76348,7389150
47692,8312760
54126,2222351
31168,8967617
19449,1810021
69129,8476286
59831,6364687
20331,16120196
18061,13294264
910,4588795
73328,11070559
39574,1342050
20809,12598357
47313,15918159
320,10127520
66116,11199601
24449,7190280
21917,11714820
24946,2070127
61293,14133077
89881,10863839
72882,6155932
619,7372976
65427,2137143
34041,2610113
50427,11606251
88988,702312
14961,2990464
88963,13381878
97781,6903757
26557,6484778
100354,4394055
53299,13945786
79266,8612205
13587,11486241
33397,410490
101505,9315289
72805,5837700
9250,2629843
51439,11303044
23859,5910923
52667,13452876
41895,6308242
65775,11128563
96203,5045374
51363,812999
4756,6329267
8097,343845
73361,11637389
51163,12226859
6047,6404175
40484,4149368
24758,6913432
15758,14716248
15980,11442695
34775,2753553
70137,1872648
5431,5216616
27235,8906005
54276,12232068
80620,14717902
68779,4804553
84922,1671905
20730,3302460
19324,14142546
91718,16487807
100803,5110060
39648,3174313
77582,4951848
68494,5799336
87028,14414492
66189,16007585
31384,9470846
91567,364348
85897,3550996
5086,7756401
60136,259014
38503,5001375
54516,13396389
54315,3705112
39518,3555266
85804,9946131
69101,5378895
28380,7490876
56232,3960650
53876,15118301
76843,14263228
34796,13516883
82982,1526061
925,9095413
690,15914292
5832,6172746
100601,12105634
34650,3373281
96304,2331710
88798,11653927
42457,4338887
74004,1645902
79326,13907041
83405,11211346
19113,5189216
69021,12217995
57283,867504
77695,3783652
100123,9950706
79055,14106748
17049,9026997
18912,12188168
30052,8245396
68627,14792569
70485,428070
84276,9811764
2054,11771660
39436,6117081
26131,9188750
14283,8524988
51067,352411
93654,2362284
924,4765332
41785,3661328
94492,186593
98671,10525496
6766,15347436
309,1115912
8568,937017
57140,12218693
13519,7776798
53498,6042030
23028,649693
47843,16431037
99062,11866823
368,6892660
28100,6635830
51372,4719237
32107,16077365
45768,148997
66151,434258
33260,15982728
97520,3131291
2272,13176296
54900,871554
89150,13490581
34202,1042105
61022,5364338
37698,3636324
59949,12047968
76101,15706927
28672,13811969
53018,10214414
28012,13510184
13494,11305809
93590,4517520
78629,21442
13384,6646688
26627,14012452
102538,5509011
92291,11231230
8175,7374785
86731,14055337
1874,3147409
99595,11104496
83275,15517896
36778,6845287
103008,16684034
75829,5749258
33515,13287137
78606,5858172
10570,10949885
93187,7372110
59446,5450282
22949,4725209
70531,5508281
13493,10249101
58508,14077745
87931,4827419
93328,7453309
97202,5903903
37856,2983290
81576,4406935
66901,9301086
4775,5700012
19310,10461879
104431,7573443
102409,13653520
12876,136786
90809,10853282
14324,596717
36722,4968919
19003,16202509
58639,12355165
55761,9529021
100300,1881876
34939,16740783
89779,14749757
5923,3215986
44859,5645071
31269,13134009
26574,952164
50746,4474633
42000,9816443
20137,11733727
66032,15853444
83749,7822290
16775,8689645
17524,153992
65444,10501403
33661,230162
20170,1008835
73020,3309815
66171,15132497
4639,1373647
7701,3057447
64610,14397521
85046,6931117
29602,15095657
50959,16134149
9819,11399504
83704,2487941
57692,1050439
31441,8649700
55005,3371366
14541,10573732
1633,14077030
90014,6961652
41037,175412
35593,3211709
52146,7866143
67198,7239791
37081,15349915
45760,5295188
2808,7963062
70959,13763098
81805,10619948
94572,4733010
68784,15913019
92756,9351150
27949,2264347
30610,9175723
93562,15316154
37573,16026402
34341,16507161
37204,2401395
52472,3260183
68159,8983656
82651,9678459
42961,7376329
8005,2653767
11878,2882781
25827,1302666
93009,5539022
25243,5031467
36934,5979051
13327,12573904
48818,2435080
56874,2239632
97036,1791920
26779,14652405
35003,16616350
85751,15497543
55816,9022972
22792,2562025
90337,1051608
98864,8812951
46087,14901022
18684,8620164
84708,13558940
82993,13202488
60211,7993929
101944,10986809
55272,1159678
11527,13098126
86504,8532278
59174,15697646
10416,3778423
78568,1542571
68640,1471505
68832,11379720
26350,12852361
81044,12644932
89323,6236594
1863,16393195
67398,12066059
38717,16273968
49633,6026765
95153,724019
96709,1507321
72641,5991228
19406,6000281
78510,12436426
41184,12598777
95887,11167007
59437,15636277
62742,14774743
101178,7108567
73380,12378244
22961,10278972
25165,7935413
97582,12412458
26084,722246
57520,7999990
35609,4561246
74850,3312514
22176,4210877
69235,4924824
86014,2875692
26083,16599539
4910,2423255
70412,11054392
25126,9829150
96263,3601094
60863,159409
68449,7448053
59493,8563849
64947,14412395
3674,2275602
31003,15408686
72208,14458276
94002,4254381
7722,9042416
88711,15119109
4941,6364896
78482,7353457
101587,126364
55161,4472599
68418,10353153
48744,8723000
59765,871795
88347,3640038
60415,579363
14956,4718920
30308,4331366
29920,14043724
26375,10619555
14120,467204
72071,3997908
2666,16025728
36021,15205997
87857,7128350
54879,15521662
12974,4006506
60098,12101820
86022,14051465
97561,544456
64248,10185638
26052,2539056
72762,7438807
29465,10315507
95827,5231968
99732,14115581
17739,2501502
63713,12153352
39062,6395196
53931,8516363
58558,6897745
48086,5636231
31905,11786328
36529,8797646
11325,7934161
36166,5677996
51229,9537858
71034,6443007
46205,5602831
43248,5383878
79884,10310021
90250,5642684
82071,8375057
84971,11508911
4241,7249131
49532,10088955
25284,4322525
18036,14939161
25717,10667886
104124,12776981
83580,12906431
3842,482802
5756,540656
426,8658223
69735,6669993
96542,4224764
8173,5676486
94526,6718686
75811,5223017
85781,3779527
10385,6786603
77809,14839111
50005,4338363
84325,10391032
30492,13007388
9878,3940617
30007,2908330
79375,14971701
61182,3366936
62945,8930425
38430,11021460
1822,2267841
10057,3881041
68454,7496194
178,2410021
18205,15326209
27357,9155051
56965,896013
27148,8731986
103456,1299411
31009,13967112
39997,10716858
10137,12683373
46476,14277662
5757,505628
5117,12494793
49386,15928414
243,10809850
13911,12109414
55101,16515790
86458,1359329
38652,13480915
6268,12089390
84306,4476510
89859,13111947
34328,3945813
103027,5243488
6238,10579268
17839,533386
94929,15141000
3686,16593068
58746,15809623
86892,14959296
101581,9023155
29699,4692797
73655,349156
32273,7389640
27352,15436404
54610,16263449
92727,11459987
62329,15954005
102627,15273282
89925,5740571
75381,10022660
23183,15434627
7480,4358235
63311,11359266
7165,13805627
73551,7341819
75545,11589187
100213,5499930
54596,11814330
50295,6607206
102449,3796983
82737,2002221
64705,8732357
95375,15122288
91077,2610465
82723,6507866
53501,8904107
90710,1095276
83826,9639478
8793,5753172
94440,1044973
97378,1703616
27067,1722060
70676,9794490
73403,6979211
82272,16163055
19053,3167496
79194,1783920
103636,8711477
40208,5960468
101662,14174608
86422,3159401
62533,5667142
77424,4604356
53827,8011701
17255,2506012
27811,8418396
56325,359658
44652,9343869
1778,16019226
35124,10308375
84368,9929389
13993,9129604
44718,12619447
91465,11732587
14694,15614480
51778,10737726
38668,6362343
28913,9256659
78818,5843452
98087,8894076
72397,4185069
19386,5204244
39424,16604004
43388,8435864
59132,1037350
20920,14032785
69689,4157694
72881,11067111
10386,9038434
58253,8028966
72553,14650173
77962,3650718
3465,1569989
90352,5071654
67099,7274790
79437,12174516
65557,1363581
71710,12653266
46071,3133364
62736,142329
54184,13929426
30685,13976419
2727,10054324
54458,4261695
102733,12663476
72620,158376
42378,13721719
59061,16164324
98138,8876290
52125,1814211
53830,14674753
12301,9350847
41053,9272101
56441,8162685
23919,5698163
68221,1704329
53441,7180822
94291,11851509
92183,13828244
95250,7088358
47017,4953630
23206,1831938
23740,9346364
61214,7321452
75126,1078592
92964,8917483
66328,2628303
96175,2017903
4729,4589937
6437,14181541
56955,14287407
91457,14550575
18786,15137632
67881,4253132
72616,10982705
58629,2868068
54346,9229414
30549,5104645
37968,4297376
71538,234897
78439,12089599
56351,3870477
2006,9890655
26883,2368921
80921,12655010
89795,13378283
23992,2978706
32692,11008651
60473,2097079
6298,13014226
39123,11625749
68025,15438353
51571,14621111
15627,11030281
63392,4828858
27277,12735063
94923,6849621
69050,1265486
12161,916974
18707,3791235
7416,6334273
34755,8695816
77610,10514045
65248,15139534
104402,6397121
23731,2213603
4836,4949471
67939,16112804
26907,5763338
46657,4868311
58518,11006932
72768,14514600
23813,8159054
88916,6703115
4225,12132597
42581,2692777
86101,4832607
54957,3494469
94955,3182310
87966,8302338
27478,9104292
61733,13424210
61640,14330922
18331,16361358
93057,11987074
10996,4648672
61046,3572759
25980,5637200
56551,5987518
81649,4845350
45441,8665936
30605,10459773
69632,2197654
54593,8081930
7531,14517478
52043,1461661
93003,16293337
99544,13369271
87416,345612
89412,3347865
23415,15908668
49455,16413694
10810,13203542
26298,2928074
80000,14109144
82440,15997150
18372,15096959
5006,7284717
84678,14231828
26704,16240148
23695,411343
4078,11707956
88766,13998892
86876,15954751
25820,7938135
64077,12292485
26050,1844266
62578,14575133
10104,15993647
100950,13289566
21334,5413865
65728,10766240
42929,10805183
64654,6185580
59318,16385206
87156,9792525
12309,2502527
48622,6132539
97353,14148081
91957,14054591
90783,8842535
25541,6212866
84604,14966383
40811,10248704
32834,9788013
12894,14026118
86936,1462914
79253,15963846
51326,14312215
53427,13531695
33791,8041362
85511,5308086
84672,5917895
54307,12784267
98742,9448745
49634,7021492
4235,16738275
81872,859494
61435,8130279
70059,2633818
13958,13399065
30832,16486105
57790,10393145
72476,6081669
78806,7427212
47438,3628124
41502,10340092
86169,1486232
2599,10332312
74861,6850037
17069,6890793
50585,4107661
90442,8128452
50912,9333087
23976,9234213
23795,550827
10354,11453116
102387,608223
20754,11910052
8775,8780700
77109,683223
49539,16208594
14432,16134314
35557,8008622
57477,7058808
54814,6660183
603,6261802
95807,10021649
33225,9331507
93589,3732202
20457,11790226
71435,2354847
57973,117756
68154,3861407
29509,12453915
94848,15166723
103790,4550608
96299,4890805
97694,11471397
37845,14342140
50513,4756378
91034,5962337
68096,4130431
22069,14237481
63227,11279825
39330,11199738
96667,1068656
78958,11274389
82216,9925805
47815,10077193
62928,10832452
1657,14650313
58923,15673304
33430,1351052
4052,12226104
80822,12192711
13404,7972865
69981,10879855
89635,8730843
67053,5585276
41979,7802079
38133,7499901
104002,12495002
48710,12649752
47268,6052057
1036,16355654
46938,3894907
21018,2440338
78412,3419147
83017,936659
80341,15242907
5264,1008769
88433,11829329
85355,16732587
17809,1852647
101134,1976866
33608,13634853
81523,15459883
100938,6034920
69786,9867079
46255,12034264
80403,11064276
85574,4095552
92042,7165336
25982,3132271
30018,6677043
55275,12577923
78648,16269899
83127,11449270
100444,4060696
21715,15921588
91048,16413436
64850,4991433
46890,4803573
41338,9314248
88056,10139844
79103,15969134
2670,10078941
87465,3240989
74552,14348390
74774,3059453
14562,12589874
94811,15033600
20759,7791978
90389,14342621
49555,13952706
65646,9223866
24671,10262809
23426,76399
86643,15059274
102092,16366051
77317,3514465
1286,8326830
68239,3039859
2899,11030774
61198,15616264
38377,2376173
90713,116993
59649,14560501
42033,4304648
4992,15212954
24385,4769412
521,13182483
60361,13620849
49780,7323057
77572,1734631
26500,2148798
65473,8897770
88547,1707808
26070,94453
25703,4614032
76734,4996615
55615,4487047
77118,14746089
79240,15683213
91612,4014612
22808,355213
64207,159116
8671,8213024
13706,1521272
61015,16319160
29776,2218440
77358,15406980
78125,12206937
99137,3594938
88965,8202282
45350,651637
86394,11141867
28432,12583200
55684,7972734
47225,10500120
53335,10462681
42709,14224281
66885,8545571
55741,9496534
51987,6124316
42061,12475717
88368,13408264
93673,8647950
35834,16142289
22894,4682218
103971,5409914
26249,4827439
104240,14751889
15784,727965
84441,5295601
70851,2113881
99811,1483465
72176,5696193
75896,16584678
50423,5019669
104227,7682562
101066,6258113
99741,14078616
78498,3930581
15016,5641026
72856,5212952
52601,8178088
56782,1999704
71457,14715474
71904,13672318
40703,7128979
98891,8271048
52612,11902960
29637,15964692
45593,10897488
95813,5496814
81452,11015647
43616,1526387
77309,16392971
8368,4011954
78108,4620326
62765,6901296
90764,13405626
27195,1088001
71109,5433746
61388,6912174
37783,11348119
64645,10257200
63751,4879899
5091,12460923
40143,5726283
49879,4747616
4446,8031455
6193,2638252
94119,1846373
51074,1547991
57033,1853978
38053,12582690
82024,11580263
45024,2006550
91710,6274632
25081,14105981
6632,11819744
85618,14707585
37992,6009631
73509,5053618
55088,6918506
24553,1658063
38399,3179423
49157,4440603
96455,799320
101759,10880787
66672,6038929
19224,6599905
49048,5970620
59123,14172697
73990,3879417
12704,10818689
46280,13591122
36658,14622288
4002,13479317
102110,10538537
36989,12765607
89817,1663747
81098,15997120
9513,16262631
12218,6302879
62984,2410570
47902,191783
25401,14661281
100624,16466327
63761,15063286
17550,10732166
13268,4306221
65025,11523157
77472,9157254
100312,15502189
13200,9287750
77522,6785756
47511,13692113
79122,13598037
100389,12770817
58633,468043
103420,14717533
99928,3209232
13863,4960570
7620,8423862
74259,12755046
81676,7050790
71761,12117057
59723,4852908
18492,8539983
94943,1824923
70847,12413134
43682,7884186
78088,7210060
5306,6036176
79553,6224456
18347,11896850
96960,9686293
96580,9344436
24450,10127472
6060,11597820
29785,6492375
29112,14396437
13311,1133466
31382,7244370
15709,15150519
17865,2310792
58299,10641740
93410,645858
54227,7483093
85066,11010170
87839,3120706
65603,10976499
69414,14725666
81928,14776987
94862,700240
84400,747805
15383,6646420
2392,15058089
80332,9583532
40467,1536059
64243,10219545
102395,2524427
87062,15707258
57397,2999101
66936,2893253
12145,939072
13070,403397
80836,2625051
37675,6034345
8424,1054874
40950,7058090
93316,15718250
84450,12984509
56287,12685875
68322,9291972
47801,15173396
97811,10267439
15405,10355107
273,8112301
74150,1933708
54827,9283128
17444,10466614
89718,10419352
27150,15173166
83182,16724634
19374,16399640
45284,3088092
13536,12370692
88993,7699420
15989,8201471
8881,15369442
97499,13779885
65241,12047853
24120,12534267
83344,4365520
86865,9962183
15828,16694105
53152,16673775
68592,8976333
6533,577613
65175,8740599
23675,9617156
34442,2405672
24100,5587487
57573,3735247
82427,16199834
24284,1808491
8442,13652940
71952,12156676
37039,15689645
42308,12347442
32037,6523316
63781,16114155
27099,14689551
39262,13369745
90997,2085874
29962,7166077
2897,7885507
76385,12922882
49228,2814014
51703,1616275
59660,12080073
103118,14750621
4019,3558764
104446,1563473
56309,5358877
22723,12307851
40358,6892560
52862,15088899
18132,16374488
45229,12851540
7149,13181947
54608,2309011
72907,2879508
25597,434271
60341,2700524
12784,15449889
28419,405345
28897,5954144
74977,4878550
103953,5284637
16807,14707088
74827,5643941
14521,1104375
81751,7261440
23604,3128502
86236,2923648
18905,8507569
50553,13841233
31030,2334050
70132,14056268
44215,15520495
97818,4675625
51071,6436967
71754,11297060
28769,2710350
60355,10042663
1441,1554276
31064,6139573
50466,6490589
278,16792217
23462,1464003
47398,761005
45896,448378
97482,6924142
41973,5040082
69476,1051810
75478,9742923
27439,1235049
70663,15753763
29358,8245843
40324,16497619
43471,16013847
33665,4169963
21020,12955741
18140,4924646
28163,13164019
219,10247137
65031,12658796
25512,3997479
78407,16089156
46513,961403
24969,9062368
82828,11033898
27364,15645982
72682,5252329
52187,4174058
18302,15181520
66607,12428030
49833,660522
2769,8333733
65017,5337401
27906,11505883
92254,15846383
93214,12668319
27069,13524166
35369,13850443
52878,6784742
84090,3930732
50557,8079703
49807,6086444
102452,2219089
24117,1402488
55734,14369391
1632,4460772
71017,12049788
100149,13149515
101655,9143202
99347,14291044
79528,13401548
47176,234430
19514,9268288
46651,2933790
36317,15679943
29223,10829498
12747,11121087
20660,14492589
87148,14862657
83228,6393398
93565,2917839
79104,12290500
87270,3414723
17802,15516500
96676,812733
44987,2147460
99584,5379493
2796,1204521
32200,6306266
14342,16515060
85595,14047907
56143,5340630
24006,10987478
87165,9454183
39629,14355891
66109,10597427
72861,8159558
94641,4844162
72430,10446610
104182,1334651
13068,529979
100165,14781143
22584,7988483
65296,9664846
13768,16282084
43837,12215961
84570,5667545
70685,12197721
51359,7698884
87761,4772771
27810,580270
18951,3342258
65489,9421058
55584,5543503
52355,5707502
80592,5868343
95154,5352539
99852,11587928
15259,696423
13515,13676443
89304,8816415
84669,7102997
36005,429723
16568,13273506
97570,4370605
49518,6872548
104093,3466204
51264,3290701
60260,8810355
80349,16013180
102684,5910442
61615,7182864
6519,16020921
75341,11519359
35788,13723815
10258,12102568
42272,8614360
76393,4028818
13777,10267106
24511,13541032
94556,4973952
86121,9086022
92009,7176768
87331,3460744
83001,7488622
77701,7372563
102227,13228446
101283,7960595
81172,6384915
97696,11974383
16901,2271668
100490,15819233
3527,12643929
54667,1273990
93518,5512602
4491,10460540
83629,1296719
55132,12460901
17417,7876356
50592,4847927
40207,7330905
38612,443002
83545,4353079
23310,2061866
2657,1810112
100560,13517232
73180,9581924
102094,11588489
100977,9127984
62975,7025575
6793,10366469
41877,5144406
74133,3747322
32828,16226747
73675,4603382
28778,1218534
32111,13675178
46597,11783147
86297,7740555
47745,8591299
42238,4992688
64514,9818794
7247,14105465
63609,5365212
2228,5510464
82740,16502488
11444,5066962
73948,1317141
74029,14549572
41725,7834316
44537,9120852
59911,14193408
93904,10089079
89711,14814210
37774,11898841
30164,2628790
69743,16755189
82045,5971644
48668,11778711
24213,10297913
71381,6795420
6396,2473263
57333,3861812
49057,3840025
81502,10355671
10499,4113506
22349,15965780
101582,5508645
97642,570747
46924,13003291
4273,3246278
49036,3380245
93938,11168326
38275,7161218
79003,16726550
69797,13296379
23131,7458940
80723,11933856
103319,13609506
70766,15087408
14990,16434684
435,12463706
92215,6206870
70416,3080273
84624,2047429
96207,8623037
60531,15806156
24925,2986599
96105,15332535
66918,282605
35915,13245500
36072,5822412
84649,10487420
63205,6274644
86507,9542389
23122,7811621
82451,11902909
29855,12327192
61517,15469436
80491,3121304
66413,11901908
73057,4137821
66620,13605522
49653,3524621
100468,7101356
18306,6750833
72440,6661827
59842,14243686
5263,15274435
76786,16219539
64568,9454018
64925,7549271
8553,4245587
85241,3276253
86747,14823294
77292,11734213
74069,15857850
61745,6508625
18139,7351852
68954,4960637
25488,3126134
66026,12334767
37666,9964273
102101,12830260
62009,10354748
70704,8402759
87669,5248912
25304,10006800
73961,5941816
37360,12176456
61362,16662221
48653,4246297
40015,3600177
10223,9630007
27345,9962448
83640,11690965
54489,12338783
18441,11984439
33643,7909221
88838,9878627
2610,14544157
6803,15975137
17938,15713845
48465,12885191
99746,7416456
104539,15514259
82088,9131446
23171,12242880
59655,1041232
73234,11262202
58205,1509082
7076,10832517
39385,7851461
30461,3483493
5700,6856413
75714,6132237
69712,6407468
19133,10333153
32187,2340392
54334,8189106
4542,16071615
83394,12987318
94001,12478518
48467,12363378
101645,10583222
2049,11647679
61232,8087789
63977,9919088
26036,2215931
68409,12954604
88837,13791673
88233,5511947
22751,8309625
74946,1460317
102702,16277641
26491,16664207
12552,10256835
63111,1773910
59345,1502472
96775,7046934
82173,8618775
92685,14860784
84531,5826849
28523,7142858
102882,16715188
74093,13602484
64701,15186620
61334,14181897
54985,3030526
101658,2810366
43434,3042219
68780,8985993
51739,1212355
103498,2074143
17668,9529418
44834,10026671
68809,13302062
64425,1238406
56059,7440724
60795,4968959
53245,15846733
36308,8698774
54007,10721929
41811,12729231
82461,9435788
37467,298106
30330,8154971
91600,12124945
14529,4405566
67803,5092328
87579,9433587
8222,13266377
12354,15123633
49496,9068434
37328,10522433
41328,2953780
5246,12398729
28094,919199
2010,10088374
52398,4569715
41666,7011713
68633,6332802
8176,2134743
24210,7808391
16705,9079666
76667,6147069
15685,6904812
23371,2543470
13794,2845465
29194,14512447
11450,6722208
95531,4263338
3502,10038671
17039,5918625
32031,7904245
94060,5133130
32223,5847985
66258,1335993
101761,11197880
44420,8941263
55361,6769841
85246,4054516
73885,2521928
27421,5448473
68804,6157083
30596,5737992
28501,6505515
102536,9757885
30834,14080187
70883,6607044
25109,11878572
27720,12887407
73542,7650128
49682,2787851
87462,940799
53946,13890785
5526,13084496
3595,5826608
97679,14560480
93298,2505125
65554,10800447
84259,15996075
53635,6721336
71714,15688708
17285,404392
85573,12475565
42745,3751252
54491,5704881
83575,13160758
6537,11169509
64912,8449736
93353,15039692
59166,16008298
18962,4843217
88603,10737709
96819,5335638
70675,219651
48937,10675466
8731,789668
29797,5093724
94414,9535919
77420,7966743
10414,9875154
17531,4330093
22670,7660758
31430,7531371
48142,7743594
69355,2724423
74316,566610
101757,8450370
21231,810567
60988,8314642
97305,12057853
46437,16479549
42620,448745
76217,11374358
46723,12058925
56864,8634225
71302,7763045
53911,14092757
80769,8646221
5945,11476764
65788,4859670
82432,12978926
65704,14884087
98271,4544327
92431,7199111
15080,12559171
6937,16314158
61398,4442213
29764,8744702
11220,9127176
65332,2828837
24763,16080256
69961,6068852
257,2747091
18104,8674912
82538,13775589
8395,3015392
55319,9849464
93649,2058451
95333,1689342
47393,11850568
7721,7217484
58848,14701195
52506,3211124
18049,13209425
54935,2637645
8949,16450539
82340,7600346
91373,12026104
33586,12281904
69006,1526100
55612,13263075
96442,12812088
52394,15331451
79919,5532299
61297,9669849
81221,12957678
57621,3768164
98439,12196142
32205,6647546
62150,9023832
53162,11669547
69617,9872952
61024,8808843
81813,8636605
44919,14448795
48209,2624589
38200,4985874
16457,5189705
84953,9501977
84948,8262713
26072,5178208
51294,11099477
11054,3835097
10392,14364278
45843,5148016
32210,16041019
66266,6640139
2266,2774779
46184,13329507
75861,11336351
9377,16594034
73713,11311690
103151,3843207
57290,3308449
71152,11634752
1743,14201221
99517,14674852
32032,10667801
84689,4673882
9103,5997063
11570,11565993
47935,9543134
83945,11680397
83851,11635448
3047,5915579
23530,486246
19303,2633257
51254,4632955
431,11652813
49530,4735312
36805,12340909
34111,6088808
9914,916964
79442,1971506
14645,428085
84671,15107605
30361,15983804
59734,8686395
12597,6845421
2122,3669617
82997,9312802
13238,6268843
69936,5330729
21184,4389735
55474,1746355
15599,14727622
78572,3929348
80908,205457
91575,4282505
71073,6378207
29170,10250410
87876,1945135
98294,10640076
90334,8240232
96414,12793457
91467,14564996
8677,8102934
83403,4539786
42235,9025041
93606,15513816
41293,8612476
33267,960794
42394,15555285
51635,11576649
66586,12251789
71855,4886039
35996,12279286
97358,7058915
61255,9291231
30320,1928318
100287,12803292
65940,6765804
15032,9011822
83075,12765956
41085,9039911
85448,964079
36799,8574093
104391,693701
14127,11410629
83375,2327431
19069,5201165
18640,12734223
70115,9767139
23541,827525
74965,6842908
85307,14972209
4818,9452779
78853,2656164
100652,15100121
72569,6158684
72124,7532847
76985,8404808
75235,15173501
78254,10407853
54249,4032715
78674,3459212
19600,14826140
87944,3942963
6271,4076977
13409,7551403
82238,7326827
19498,7826781
29622,16680626
39316,1459291
71193,2424801
58460,2970148
15486,12068915
67773,15052175
94558,12279101
82592,14615125
72713,13068686
63982,16478479
18910,11178293
69497,9061843
34142,4161628
87868,8566273
91621,7121282
65284,10857193
11840,3369896
96661,9423421
10889,11321746
41681,2666579
97167,3628405
95183,2692388
25028,93538
65333,1876379
41149,1756356
40013,790404
38027,2575183
91783,1252602
25011,15797533
72953,15343777
41900,4129060
64016,8003528
100509,5000011
36133,10995486
51415,6643409
54164,7928906
41927,15118237
6702,10249305
34873,4282845
8139,16130098
88858,9858335
25864,16779414
84875,12443374
33549,3272202
72822,6396603
34890,13496843
56362,3970250
15291,1955602
27484,5441051
90422,3566953
15200,13103697
73983,9099893
16833,7326059
66497,11290457
97967,14239022
60051,598982
94012,6154083
46305,12736234
83457,14377335
20362,9717804
67964,8116688
95843,15862908
84742,7031546
68759,2391731
65869,6701157
41441,413292
5436,14113509
92307,12765668
60137,2354528
85265,15357546
3291,15476025
741,14666805
45477,11542531
73878,7358005
53264,9418302
103290,6882465
49299,9528103
147,8740358
32601,11627279
7518,7411920
102442,11856167
102896,12518888
76653,10685266
69236,15242268
20588,7807525
57211,10058659
66148,13655400
19424,10700009
60891,13204260
31399,14166753
77592,8346912
78442,8618122
24116,7551983
13716,8728420
86709,7569159
3060,9378636
81315,10237571
206,9730044
42501,12046842
5312,14984345
89575,5073719
52530,3694784
21369,8694964
26995,14652072
34329,9912509
85707,13836003
46124,12446008
55657,13529917
62003,12744302
58220,14286263
21595,14517005
46795,4829612
42798,1739589
37276,16347596
73324,8390620
68334,16213921
72765,8536290
48327,837514
62059,9288575
27789,970904
9234,10488092
22872,10712820
93535,268478
41914,420904
25089,4170616
61115,3059817
95151,14754771
97669,8886453
92083,1735652
44564,7956886
37791,7101461
85752,3364394
51286,16757299
1687,3476888
2578,11365265
95394,4416388
69059,16702384
3248,16795096
24025,6556532
98346,11579629
63402,14507819
62571,2876823
17434,10308725
87409,3965366
28335,3777736
47236,10473360
55681,15396943
59033,3297330
62112,2394000
51569,1233039
76592,10643652
7218,6675620
12271,2193954
15978,3385667
34160,7312187
633,1750410
82654,13810965
61192,14037804
52696,14277234
88067,6294363
45102,6538315
60359,13728913
72640,13531423
63428,10954782
70499,10504785
62192,16178648
51118,1376257
69087,15134069
5893,15920399
86013,1941241
51892,1016217
89508,16347507
43014,2301171
69828,2408066
95852,4484565
19388,13373127
42971,10073113
18259,9436725
33457,11282987
70518,2730075
9633,13791987
30563,3569814
14445,11776719
28571,3186698
26988,7570280
93373,13141547
31113,3905509
57420,15289187
10913,12041936
69320,3305076
8143,1699581
50263,5257719
99971,14270516
103,10683307
99605,7923732
65500,451554
58757,7113539
98546,9157506
67875,2645436
58602,3376371
29544,6710627
40940,14567812
70327,6811738
47677,6123763
9830,10635595
46652,14940589
39286,10699655
59180,7381885
87754,3965774
20133,6678547
23754,12476001
91660,8742682
33892,1072896
33588,14599903
98874,5047854
36297,10892359
47742,8565436
38879,15731920
68348,14228573
43071,12807806
4431,8112356
64194,1028723
20323,3220790
10645,10519431
83655,122310
23433,2626658
52563,5046024
75397,7355206
51530,8216143
31777,10452687
9590,15652562
15145,16008991
42344,12578758
10730,15405801
33610,16507285
76195,11846652
7851,2526036
74429,10957368
44584,15298702
14395,7974349
43073,14489781
88082,1360114
101692,15687554
65979,13320480
41213,6562104
51223,8305640
72021,13823607
25434,1181440
104103,5219941
31805,13651916
14671,7595460
100093,7244911
70035,9796025
99576,3128006
52225,15696042
79794,3549811
63050,15978308
83720,6977697
44061,4814097
41584,11648949
67097,3802595
23200,5685645
10062,3857489
636,181047
11696,9765406
4793,3317203
73537,9779305
85759,15142026
9993,4344992
83631,5177717
5986,3315960
57544,6257579
53467,9657256
4524,7995597
71847,12991362
68915,3639792
8861,5447463
64886,7217421
95974,13473883
22255,9192455
51297,1228309
69217,15869139
44422,7968847
7829,10842627
72084,9139881
38201,5733171
10867,12075349
55695,10934156
45343,2520653
28518,10250607
71649,4939037
100890,5022838
97495,7503621
80420,12018793
46689,11164330
71146,8385276
78005,5361172
81308,5220085
11152,6711448
80323,6677308
35202,12108777
12151,11219105
94125,14542622
53247,5117893
59613,2303503
31296,1282931
66522,11282871
79049,11620651
93031,8790705
42340,424193
74612,7158620
41246,5371688
74640,2674035
59008,13802220
103926,14238986
11976,15049063
56829,4493940
71157,5553282
52932,6747510
18988,6084480
52709,12144643
23590,3097259
18884,4059424
45009,663704
74969,15914376
25861,6453634
3500,950583
50288,1552176
5390,9967405
65302,3044923
3668,13525720
81906,14997250
74691,9904088
82630,16697019
7394,10542157
47416,12494678
99762,13072861
28867,9340455
31612,2801757
72844,2876872
67192,306238
84145,15206197
94566,16083469
73586,12868824
96143,12794483
94327,13820144
67371,10605772
28748,9071507
13110,12495760
51711,1601019
59467,6878877
31486,14782460
75447,8667767
102676,2799469
73480,10273453
104346,2324093
47343,8177541
77556,12171892
23856,11425677
81628,1218878
9560,1625099
21199,4251317
29545,11031920
82891,7051691
35073,3940043
25736,8910747
84078,3266419
45364,9296014
94655,8031040
44281,1120799
40815,5450261
6875,7730615
41540,10287290
59182,10310790
24727,7674739
15139,7312767
56926,5256821
5075,4167713
44963,11088738
78136,12338625
83094,2103180
75435,14415670
57107,16411490
33024,15734846
89090,13539036
101214,165339
58500,4496838
37747,2745624
48378,905274
81403,14594810
5326,3571026
45417,4339437
83459,13513336
78024,11304562
85698,15628625
63603,10512399
12445,15683370
14072,701036
62523,5717521
93202,10576310
61235,1097944
87901,10690063
23223,3905822
2302,15926682
95689,12986182
20487,386746
68143,11850805
46484,8453269
12099,4892134
89209,14341759
103363,4637496
45723,6702456
37062,16266016
59018,6581307
89218,12433093
18521,4643793
91045,1600868
96605,7319569
1596,3639846
6314,12469919
33402,9115520
66381,5862058
73435,2014245
39474,3895472
76809,4212631
13255,10262403
50306,8544358
68719,6034192
92356,12717133
11378,6571579
104473,11981552
15001,7523810
87907,10095240
98049,3243315
88794,14530662
64166,2306981
96779,125254
15203,13811816
69105,1031458
25706,2536619
43894,14753893
42533,11509076
4121,6814459
83142,6556140
75939,5719435
87571,4055678
103004,11185770
65115,16017773
100034,13020708
65886,13797463
102744,8210533
62850,9136615
19148,5221523
77760,12740514
19184,9190847
75975,14278563
60877,13116026
75730,11641227
25508,14348289
34210,14445280
13941,13749626
77289,135551
78446,5621096
19960,10879736
83877,4881155
64357,12703700
79288,11145831
32588,11950394
43541,12142714
103089,14342882
37454,686477
27600,8857180
99113,12927397
97732,769357
83907,7398832
20492,7188720
2822,6951519
30866,1492858
82424,13520055
80065,15104847
25044,6383407
47849,9655310
35260,9891013
47391,4831854
5831,12551996
88474,5735476
14081,11893832
25402,11039955
2535,6106992
17705,3440192
89236,15275592
51323,1047362
21492,7135460
48725,6381780
290,3267400
31803,8219763
91680,184753
66420,8594584
3774,13102518
43370,12493064
13158,7933452
11667,7053800
76657,7485052
5991,14377274
40110,9726628
59977,15463947
60724,7396260
7940,14177019
62582,5271130
13966,4034395
29181,12664814
81441,15034282
56890,11492137
42064,8643350
45850,6904652
8722,33388
98706,4810461
47501,3856315
49835,14499383
14028,6520876
14092,13976543
63184,3895157
34666,4196102
21547,12088904
34757,8278564
93368,9118236
12429,3971043
63898,15590734
60786,7964148
6942,10711808
43077,11114700
14001,4319749
42494,16567396
94218,5780738
44802,8258092
77952,13297320
58489,13957507
69856,5249603
71934,3577592
1710,11410834
33259,15487768
99922,13298584
16131,12437173
49392,3867710
2269,11071080
79404,9503305
27940,8200237
14796,14255487
83833,3192900
86191,2179346
32152,13854762
50092,9372815
50953,9385705
59555,2093834
41586,840223
101106,15602390
100515,6415909
80490,16499623
36251,15036748
17008,5933014
101802,2610047
13191,1518491
15767,14321421
5879,3737959
11775,2695095
24872,2804857
101284,7493087
1360,12022314
54382,13102410
13142,10335403
3643,10248094
40724,9039119
79902,9705880
101595,2969760
90623,11496012
95028,3726839
40721,14211864
26009,11222873
41133,5776653
46736,5827734
103226,6578093
61967,16455861
12156,6414231
29761,11537992
84582,13719663
84779,3501480
84782,13474061
49267,3585621
71162,5627844
15661,7104832
49120,11021724
58805,2798252
24695,2470152
70892,10820533
62532,13704104
99792,11236639
75914,2627486
15439,15751935
72469,11339047
78101,14300598
99271,12431306
68335,1635096
88297,6901394
4321,2064339
51544,1481164
6194,10134483
45928,12611235
85928,3218382
47757,1718949
101038,13579260
84673,10807358
99125,5787236
62709,15703997
90065,12094664
86279,13804922
53070,8845616
56898,11147097
103799,10814716
66809,6115916
42244,11591423
50814,10800187
93677,8454377
75787,1268408
65437,1882803
88788,16198202
95228,7926667
65585,12890162
66523,12019038
29897,1066229
10753,9636786
26307,4741883
54481,4006428
27515,15056817
31851,5869610
24223,2384804
61378,11367473
21707,443757
101237,7667873
84468,4539919
50492,5278733
56934,14644850
80180,16230623
32935,4508453
39030,16509783
101630,7937598
29513,12173890
59309,6863437
65306,3495861
23688,567769
90395,8743849
14284,356746
54029,15508027
70957,7403951
1957,13522318
29356,13181737
12662,6038740
74425,9252478
29579,5807495
6806,15801024
65694,9123696
43946,11635677
14590,11837330
45927,8045080
49868,3064273
11556,9077915
80165,12117165
59611,2583516
92126,12508787
38800,10409921
34575,14626141
72927,10517251
28962,9760971
76487,16768180
53272,4452480
72931,8359220
12453,4572588
28262,8032995
38638,6550323
31060,6868298
53729,14573290
18202,5748433
66680,4058516
7951,1703928
61032,2528988
48792,3598942
21125,7207882
14644,8193670
2539,9057068
9545,12623556
6270,14516475
34092,16300759
96512,16336375
94121,5874474
46902,3547517
27543,11410999
79039,5972805
86403,12956201
49722,12412931
6618,6263245
36403,9401263
6091,4740500
10138,16248826
19165,3444068
81869,5457096
76550,6066705
59818,15397774
9784,11739552
81008,4453658
48426,16453493
85181,10787781
50560,3035437
22085,7244450
23233,1566553
101020,12939013
67467,8933881
39467,4836502
59851,10726115
95913,12707031
70329,3661020
90836,3303746
85108,15631327
58261,16590611
10718,13519367
44649,12333045
47155,8752302
35218,8421799
9958,4015941
85428,12314831
91943,1279738
51725,7912422
85020,7323120
90908,1576854
5108,14022923
967,14846668
27803,13150249
47722,15458049
42507,16485308
91562,15432475
50151,7620172
102644,5188679
75450,3617077
17426,13729124
46182,8436057
64984,15119809
29116,8118246
35739,11481897
64040,5074083
49311,8044486
80269,7304515
45039,2804489
33821,12561291
37566,2134844
68065,1411009
15981,1344270
77449,5118615
80019,13869927
43535,15917432
94343,6208904
86231,11252082
3662,8350554
85112,7470800
96481,9966076
74333,16144006
98908,4318175
67866,3066920
30836,15170388
30412,4264375
8438,3409292
66317,9500508
23044,12376069
88296,6104477
69954,7865789
101962,9965343
62616,3045796
26440,7996867
65648,12554003
48131,3876571
21196,2210419
94250,13864217
86211,12116493
46527,9045562
26808,6299627
27687,7613715
53900,2132646
8092,10483224
84746,10950507
55433,6985792
89496,8043277
61857,5688498
33517,6647333
63409,2034679
35458,6644928
39780,1520243
25433,11744633
94717,2131552
20616,7548943
91245,7553655
30321,515267
10564,9545576
103614,15017945
64233,11097509
93839,16285831
82565,4274090
83073,7350473
96306,8793071
91463,16786551
3934,12271871
96341,14508577
18588,8239589
87393,10997451
37080,12907660
103704,14213795
86644,6399461
102381,16312513
43270,14585645
15100,16788328
81511,15711458
41928,10560160
6455,10375640
28424,1934393
11453,4329470
79005,9913721
82822,9672903
66713,3128080
83240,15691443
16348,3045622
100548,8230559
91650,5791343
96920,6671858
31741,5905126
76329,11648484
26023,15573810
5607,4109830
93013,3768011
15327,13852256
10360,5048334
39174,12401951
58956,7112826
43775,12580071
77787,8267087
81555,10941338
77353,1022047
75253,11883899
100812,8488801
26302,2693141
69367,3742097
37314,10551195
23375,1949271
75587,12697392
76930,12081181
88398,5566718
97216,16487732
98994,4285890
84110,8909460
52959,10966091
41381,7773051
772,10785307
56473,3656126
13575,14259122
48991,5696639
54743,15320004
84975,1264400
32215,8614535
26256,12268822
91610,12269123
11136,3886482
57418,4107427
22595,3213041
97806,12229485
25565,7869922
90657,6401247
89291,15223911
17161,14213886
101208,1245782
22733,13490877
4553,401759
93106,6644062
102650,15299190
101188,5123148
2016,2334122
96233,5163745
71171,2501711
85326,1050964
40600,11802856
51501,1682411
13090,3454385
37298,4724190
700,10021409
31562,9990681
79534,14100842
73111,4945677
34404,3529089
78163,13802524
15946,13494653
75837,10956974
97127,16757559
14493,4356256
2970,14635355
79934,5368362
90190,6046984
102232,5539635
89277,2010678
87736,5971404
63517,12708228
21701,14688907
32966,6767697
31706,16299305
54818,10268491
61939,7692549
31432,6227989
82346,15208530
54234,4211337
66060,14510611
79078,15015531
55290,11486908
24329,16796765
94757,9077464
30121,9993163
92326,8264342
24543,13246827
95760,4064611
4335,3912890
46940,5970559
98628,5716892
21266,10473308
13862,1320645
12852,449673
77818,4803357
54910,1923588
72120,9844952
53393,916220
84300,4859650
13509,3198772
91095,13689063
45243,4826616
80819,2985004
97544,14225930
20050,4924239
78777,15879145
9086,16182795
102325,15281114
37532,13773363
73372,7246223
49887,15790167
35102,15409100
20650,7506872
63769,12691428
15402,11330666
97244,5745989
71397,3345412
103317,6956884
75945,12774878
10515,5953944
95617,6348503
38901,12434917
100521,3838080
29070,10855296
95893,4135223
16318,13038208
16609,858184
53457,6602408
71724,1082588
42994,12724379
47012,13403796
35246,756654
2935,16137220
38664,2627579
45526,8415103
91797,3262892
84869,11549189
100119,14394951
27245,2998962
19011,835538
10701,10054343
12359,12007219
73647,10508102
76545,1377077
47024,2035715
62082,3647437
92973,446376
40607,7499269
12020,6676039
62351,12436478
39281,7645212
12357,1388431
74423,1849180
7473,11430029
24360,5408722
83792,8442983
34170,6286498
42115,10319296
23727,2104329
104442,9418985
74110,2898389
46313,11662031
74056,10908817
9170,7113003
104223,7428612
17187,10148957
75362,5792465
55750,733454
26481,16001745
31128,6483032
72369,15039393
3391,6241096
30034,6803309
24027,2744408
20113,1083515
102647,6962758
93850,5472298
31042,9876974
47965,1620892
81516,2756799
100140,2096258
97524,8568613
6791,14458174
11187,6354337
20241,5943272
57975,11480240
55216,10612910
182,16129910
20073,15794060
71792,6076221
2998,6731712
101302,4174601
47543,9888786
22261,2811199
81393,8389749
9692,6006681
22627,1764879
24768,13546652
41615,12961990
38204,8556863
10697,13577796
99397,3568576
96099,14174308
92945,11025402
41860,14893393
27621,15131449
85038,10191814
90724,13974201
50274,11880000
21985,6990866
61457,6517683
41462,9737247
82141,10054552
53685,13190384
61122,11599357
31730,16121933
86593,11919261
104096,15650141
16155,4963483
71829,14846606
37831,4093116
76183,3806011
96144,7734155
78618,7954793
66574,109728
52691,16707009
61328,11429178
14023,13761966
21649,10761301
52698,14445857
78813,2254364
30927,8072715
97153,2011732
62023,11505535
26538,1719613
49453,4750433
47095,5901058
45657,4303796
99956,516478
44761,3475297
3016,15955248
16271,12740377
89926,4286814
96492,10451282
15352,2181456
90125,15526995
11670,15723968
44526,949876
39117,10605885
10636,7910475
57552,15451848
59240,6704929
94086,10705685
95700,11491781
63006,10552829
1670,79776
100199,2864708
27107,13492285
35666,7030235
33336,11177739
1473,3177013
54075,4930350
33070,1246934
64341,15165672
45046,3793458
55941,10579269
66044,12117153
53028,77369
46027,13791429
71657,7471279
60924,6811273
89805,13331066
68467,404602
79160,8928384
92443,13624883
743,8703911
15241,7346101
24590,16062828
79030,5163684
19926,928435
94020,8005042
31031,7801380
95193,16146324
91371,9911432
102060,5985473
61092,6568413
13765,15859703
96886,10217951
26621,2445166
76456,2412222
747,4812374
70136,13568588
37768,10805811
8076,14569653
93364,12937164
23238,12290778
11828,15357844
62254,5312002
10031,11956509
52253,9442737
32120,8189307
72384,4439862
31839,16182516
69630,13624117
57214,15772625
49360,10644365
28116,3783749
58386,4866772
79701,16170736
69360,1601167
47940,15634550
65206,16415455
81701,1710540
44225,12668879
97307,3826280
69150,8807034
91522,8023096
91004,171348
11903,5681695
28786,10386332
55960,5125619
34313,15832090
103628,8654874
77322,5968060
86700,8698730
18160,12657477
84522,11363456
35843,15013111
69351,16395991
19774,1868955
90322,6319350
31248,12891453
17694,8389150
42380,10023290
99178,11931332
3299,3817361
57391,8738077
96183,13579174
64517,281949
29304,15371221
2467,3145657
3205,6329811
64553,5404517
74296,2293832
101661,11098566
63368,6303329
2338,2696203
74681,43856
69337,11351717
35196,9538882
27293,1555575
88345,10577315
102504,4919757
91170,12309125
20092,2222253
63832,6051641
43727,15841698
49092,14415350
1851,1632706
77266,5349191
79042,10789538
53896,13417051
31687,2994582
62163,1900106
44394,5121269
32979,8391951
95282,9077062
72483,7656456
1419,9505947
49197,16561993
70543,11089297
92783,7638291
34801,5253352
104068,9543807
60999,13957373
9794,1508148
23228,12811156
73810,539352
80845,12448697
33719,10271040
87095,16490052
69674,4794680
30065,8990147
64820,1517620
18862,7122026
40409,11935620
88936,12529874
65820,12944116
55321,12560373
57953,11164162
35270,14342818
91754,10958922
94417,14389874
90421,9389667
63407,195252
39213,12570139
104168,9602454
65816,1501166
58192,6570080
50178,2717203
12669,6816522
8701,13406259
67683,13187607
57209,6544741
29178,1473648
5915,11689249
30356,12045373
80606,7862973
90237,3119279
63486,8145346
37700,15429532
24651,12673046
81501,1270378
102148,15114211
71513,8842545
24994,3149880
11599,3441678
63307,2756825
69634,15550574
58650,15014702
66960,6895022
86804,16444803
78641,10785366
13962,7130135
79217,15681773
28520,14348816
48216,16459924
27365,3896657
54347,9457285
10311,175349
81548,5979994
73274,15549472
20470,12661900
18376,2628013
56266,2217497
54281,4976009
73375,15896375
14976,10083320
13302,15224145
103053,7937842
17031,2935521
36036,16365469
49255,10596946
44380,8636534
37090,11961160
31007,15568499
62277,6196247
54514,459151
68591,5189323
69067,2949216
23441,3327496
48853,5587637
46082,6024828
51522,15451177
22840,6882336
78440,11137246
72467,277470
20097,3666346
73887,11919300
16532,2020013
6853,6217478
44064,3453300
68687,12956776
92793,12191610
68525,13610660
33356,3264875
8054,1382117
60540,12358466
40464,2829
18886,11450386
80284,5254103
22889,5348950
20921,1847389
10666,16722864
7017,9970667
66412,9099466
9504,3007605
9164,12833423
81146,4177576
12900,13249070
55345,5188597
17320,6378277
4916,6651553
92371,10952396
90083,14796759
31386,2385816
60960,6801221
60094,2845464
57089,7514075
8717,10729686
70303,5609762
60107,15387568
86433,9062364
4837,4514299
17785,7931137
102107,9781261
51610,3375253
25720,8445492
81777,165931
86077,3840711
89595,12492739
53775,1723101
13054,14622476
32336,8963062
32868,13074065
74228,7140698
161,4501650
53523,13040609
34732,4935348
28606,3119616
66892,14237350
74630,9893007
26455,8866658
81471,4197745
38760,16783546
11188,737316
62383,8663138
51335,16305229
72107,11842910
61789,842686
11155,12150464
26114,16399120
21828,12997592
9650,12780100
28621,2093429
103369,6781256
67893,3932130
37064,3069196
17535,5481417
53230,11629297
7687,5790459
60265,9812089
66461,12768227
90814,14635800
71178,15068011
184,13506385
67530,5301077
56117,11637400
104044,7303420
83791,10299884
85095,9136913
51321,14407859
13059,2349685
90269,5772203
68431,16150000
33017,234566
33505,13509862
78091,11061042
4107,7111698
82261,1894835
52374,15543740
41477,12909433
41241,12203603
52463,13932304
27628,10784807
50704,12019264
97319,5698867
28871,13421634
51789,8030960
68,7580064
615,15559544
97276,13916692
61872,15885551
5156,12414066
67821,6539070
70014,14651612
43950,1890911
51017,12625524
41030,9805994
1263,4822850
30240,2192369
61206,3703570
98929,1366066
82569,12229799
2517,12131780
92564,6372996
103238,11626493
86529,14693020
55234,10931866
82422,5334565
67553,8445741
27929,9230179
39503,2131487
33861,2205777
12998,13579686
38616,221661
47371,9299777
30745,46313
47941,6540054
72229,13414459
25336,4087491
81846,13813116
35213,3959632
51126,4668087
13157,4573289
77963,9845710
13967,9526010
57831,16214776
62801,14216318
69358,6670814
2683,10318087
18949,6654546
104537,2432174
39928,4883722
74026,12798152
18867,3753266
75084,4112450
40183,83806
60750,1351253
22747,5375163
32473,13272247
35193,11494739
28986,7614169
93176,6484923
12066,11040525
4620,11108274
74371,15977391
12406,11926863
44875,714808
58328,12147487
53873,7784052
20238,13599866
50636,4425478
77280,8383129
101602,9373661
9821,7045325
7050,5703648
94990,16434850
53277,3949245
67134,10318585
25190,5674345
89306,10038630
84155,7315520
97435,14448701
29618,10956447
47299,14316093
68932,9545495
19788,7444880
57569,13520226
72169,16624100
63764,8241123
79155,8665163
7049,7892297
36280,7387515
54277,13852604
71165,11080154
64503,440086
59950,7807947
9685,6174429
92657,11322816
3188,4822516
33314,7359077
38968,3977126
47205,2428792
45710,11517907
61078,1574272
22254,8254573
83981,16780065
97175,8656409
54546,11814926
91398,4208235
21146,11161996
63960,1974182
100679,3939079
53310,14555383
40837,4530676
6470,8844303
51619,8220856
49473,3586619
78868,7287781
44129,7269017
74245,11822680
8046,2017836
15253,8906457
4860,11308859
54272,7688620
8398,7660647
42977,13371992
20433,15095399
33799,9552530
9495,1445409
84048,9371836
84970,842814
85946,5143094
16792,10224226
82796,2839219
85363,12963864
44345,2608783
74929,8692516
39186,3343446
87122,6473530
13949,689764
74390,1054613
65308,1638883
27056,9155172
83887,13856344
15669,5414596
88016,11247236
78827,6499956
6369,7081810
5950,847726
88337,4798040
8534,1040158
92936,5139166
64140,14541615
24029,8441294
10490,8227098
30994,1328407
22993,13104897
49498,16415308
47418,9322494
74060,14150775
55385,16603574
86883,16795000
61902,15490604
33956,4981176
80055,2110702
50110,4956347
27221,4709460
63500,12629647
101803,11314615
7561,6554923
53842,8776342
55752,6319454
95563,14908427
69204,13916536
68725,10560193
50365,10603586
88402,16045590
87356,9250896
48721,14142891
103125,16022546
20764,8629553
84861,83565
11935,10289774
50930,572827
86276,10551390
69881,15937368
12982,5933128
101246,6281688
90758,336910
71059,2237256
86680,10131468
25990,4999518
13398,4834872
77150,1980564
19676,9916447
64392,16272033
69318,7243578
14544,11220415
101290,7359201
23971,3310285
2306,8477942
48228,10603260
52222,4656550
50482,10593707
55012,16504952
18072,1101813
29629,6821800
8792,5114027
104161,4876595
66926,15235951
37456,9572578
83858,3841863
102794,14276942
14614,9953287
61045,10446115
24555,15763562
94071,6037311
90084,4592143
9354,15727225
56303,4442685
96446,9111252
10999,9121164
6299,14420379
6978,14188645
85879,5658207
94794,4197158
77666,1722743
6884,12993643
97300,15809763
60303,7628153
102863,10534968
14932,5260325
60088,14017090
20106,5292124
37686,10012185
77366,13037114
85068,5175705
35377,3209580
80679,2513715
70816,5750120
85492,10584501
101345,5293275
33566,5639299
10290,12303695
11804,14435376
16021,4509254
40148,11663523
86990,10491188
58601,10200697
88533,12108726
55664,15222690
58652,12691000
14966,13523030
55016,13237945
57203,16780153
4975,9964521
4867,5576229
822,16433658
78143,9156059
20542,9179873
73525,5382171
95816,12098321
50715,11182562
32732,2528751
33159,11236686
73965,11752059
87960,3783167
72873,8502263
80543,11070251
97354,4935976
84504,16585124
77418,9350599
62961,4772457
70901,15994673
49632,2658745
66278,15523496
46013,11628755
723,5645515
22812,1982544
88460,3706426
62645,9188984
78916,4431584
91857,9414335
92187,6658282
100406,1756872
102818,6163419
95174,3996402
7234,2985578
65401,5491631
1564,9681129
20938,8121325
11796,8790583
60235,9158993
64856,8168867
52977,755093
65381,16578683
74293,14599619
16583,12037273
96930,7278356
81644,9204045
99527,459588
12978,4625093
67591,8773355
84266,15723690
20530,11647209
6762,10272997
87757,2730986
36272,2721420
5735,626756
87532,16527803
42277,3881574
7479,1210993
5873,3961658
84225,9864406
1308,16120239
43674,6029725
54495,6741715
30975,5472058
53764,6852388
38758,11121084
69268,3290315
49130,2961990
50684,3143597
31470,8444999
98697,15345218
10417,7436733
93191,294236
10844,6585561
88357,755163
70953,13636564
92887,9316965
101344,8686330
75538,11849116
4253,7520770
67750,2251727
8725,13892829
41837,13136922
35390,6080149
6928,5324683
68206,2783600
50,8737991
57031,15124905
25278,4124913
49939,10390894
35075,9091587
52248,6590076
73915,7442442
60688,15783042
46738,11848015
35722,13519038
48732,4898369
19563,1150680
54502,3894298
5759,9532886
38409,15742643
93047,2407549
61644,16784269
19169,6387870
75498,3014487
65894,4694873
33834,13705658
24033,4328708
66942,4615386
57722,9364597
17489,5410881
72539,803460
32537,1864757
4564,8531567
40237,13003701
52735,15905877
55792,10472326
98115,1813625
46394,2814071
38427,13123439
33366,10872592
44226,4565562
92080,12604485
11110,15084167
70886,14744187
97264,15902023
30838,10901736
21467,15376944
71723,3200444
8808,4737092
46734,7565475
96968,412133
73210,7825712
3069,10507420
33844,7438073
28384,10917334
92797,3827018
88668,2537206
88319,11130659
90480,14105445
14190,5132007
99839,15098594
14894,3460632
78642,7015759
90673,15251048
1460,8055737
62228,8815514
74101,12184491
41508,2524931
81415,12970129
70593,14170995
26659,5026539
29668,871207
49378,4044604
75392,8483541
10519,1217945
15656,7573203
6933,9632410
18467,9964314
89290,16705429
97078,13720768
92751,3259719
61021,5191037
31854,3349928
7998,5954567
59284,14469071
73922,1949714
24084,5230126
77718,16286550
30400,6405049
72103,7456275
102176,8830483
69858,11977818
16050,7920320
67605,15879946
10783,10462681
19633,9652516
75006,16178117
15274,15336350
55214,16012758
94262,7810198
60895,1051175
90346,229247
94176,4383792
90889,14710316
25043,1373711
32003,14606936
59162,10616601
3049,2016945
39628,986192
8830,3536595
8679,14959274
21587,15316178
30863,4028461
95092,5340963
75168,3295875
31304,6338389
427,8124420
49889,3550483
51391,12078271
47886,13046697
39092,10384940
36194,2597375
27196,8538709
73703,12840972
17979,13870748
42762,7910260
44770,6095567
45537,11646810
33074,11951584
41954,4483391
55920,4383626
96769,136031
44036,5903812
1647,3107365
52909,7038158
74658,5050196
50104,10089758
92507,255081
26352,408348
100914,3209421
98553,3088220
78068,2991668
19472,1555904
100114,10597130
97575,15669104
5963,6056755
46390,16570247
48310,4910435
67431,16645203
49269,1362438
47449,2205091
26098,6648541
62371,3562380
88560,9514483
26985,15694344
53776,12205873
82036,4879936
9125,1465010
71322,12023112
62646,14277262
76936,6688675
70779,4188877
62603,5848679
9380,15063228
78140,16011606
663,5971924
50254,14964323
65449,6874559
84616,11142243
20085,11115193
38805,11184497
42327,11933299
48595,12815926
3945,10426938
68656,9409336
88279,14545517
9608,16535522
50443,15609966
33461,140058
101324,16545195
72191,1658988
30369,12655074
5786,1987352
46380,12532960
9628,12816566
74502,7917227
8127,2235446
36940,15019655
3311,13148295
103872,6696562
37924,3018253
82522,11872122
54171,304490
101914,4703803
76179,13782463
24150,7452150
36444,10735118
12184,7410577
88227,7849362
67414,16255933
62780,8828596
28667,3249122
100268,15881592
78414,7758071
46732,603063
33695,11571973
85010,10725293
68350,5341165
75995,2426233
47525,7499607
91887,14501671
97981,4652361
65582,4980302
104362,6376412
46986,4654393
17370,7629314
56235,1396512
89441,2168660
8454,3644090
46554,8163518
67711,10634073
104503,7334189
63734,1422295
20528,16502814
32942,14720811
37507,13824049
48715,7859657
4651,6935790
78284,15245753
72366,7662143
80946,16325516
48431,1435544
38505,2160026
31039,9526313
99779,12794395
51273,6295745
63068,6523382
87895,15574473
40608,4493610
78061,1549921
77604,15498389
102241,14522221
42435,3732722
94032,317505
87804,13131504
94354,15775594
95698,11119917
93470,11019958
95243,4856433
47206,11372363
83404,5021509
44254,13275040
54939,12321597
4364,388877
52692,8878655
88844,8110848
97754,15782375
34126,4171016
30704,2303133
61409,14555541
27322,8155961
58302,2963424
41822,13764557
28292,11006011
52471,12877154
94982,11587198
39134,4057043
46638,14299941
32904,10373080
14333,11542062
21692,434378
6626,2122810
72445,508266
8542,15617688
94791,14785541
11356,4037988
23418,9462316
56605,15551285
60349,4566853
24299,2584555
80316,10435425
68340,8746634
75875,9763762
18344,10010323
40762,15336473
15331,7863000
25805,13877142
86924,4055020
76285,9164941
83723,11116706
103407,8305648
97005,10723329
39686,2606176
68357,8582411
12273,6899198
11610,8807846
47011,7687313
22498,14583723
99008,14759770
103764,11898654
53159,8421889
49819,3478241
49776,3350031
8491,15771607
78575,2398790
101262,2524736
41179,5004204
82002,13544440
63023,10491824
102739,5780597
68815,7571698
16200,2601446
38545,16073899
17504,6968020
87082,9224774
22574,2479099
53538,7937671
41023,676026
31259,93538
69766,14068580
22098,13828211
28211,11618944
89569,4037812
77915,9266675
50191,5063236
79688,10519199
9844,8378933
92654,12575717
62948,7573426
34649,1788170
91108,7654208
4936,3467409
4711,8665807
63799,1691086
7856,14233363
23036,10168808
88222,10921977
9405,1850316
12248,1839750
65669,11907298
27794,8246055
74154,8716328
56883,15198512
40084,10522196
27590,16210186
90861,8083917
2289,16564572
27249,1637190
68878,10918432
30643,5397440
19192,10264919
93051,10117765
67166,6489799
72828,10357833
59041,8364426
14037,9436995
87211,7297125
56847,15356031
23881,7060733
56621,12126634
1399,8802347
15810,12065528
80655,108012
67704,15047351
40041,14822001
49144,3445690
50700,15683568
15065,2529854
33316,5947483
101494,8079914
10471,9439429
1537,12880153
50822,7351373
20130,3956318
22445,8425427
17214,1362022
65225,1470536
45868,15875540
88776,2825914
55308,9257587
28365,8117567
77051,11098896
71842,11506122
74248,4624541
59728,13552604
90850,11370501
4582,13988252
88039,4701243
69020,3397187
96428,5882856
93958,10716626
85431,16611874
18080,5414964
2893,4403902
63787,824510
93690,5886445
96518,9032548
13034,14752397
33729,3340794
61860,13984542
101112,1504091
74544,14892525
11119,4531260
82700,6007417
3123,321046
37445,6860939
36096,7750111
57533,5960761
74863,12658580
30537,12818655
32377,13641089
100706,10981443
2288,4748813
48246,8457150
79225,10775016
57127,10125226
8937,1772463
68585,10730115
98799,15321225
639,14738656
103821,11009274
3421,3989107
49119,7368951
61028,10772918
89259,14611748
41546,4170379
23806,1214541
14733,4260539
68053,1045438
27173,13662004
70780,5366456
73636,11445142
15860,10496313
69219,4391114
25098,11013148
17602,415455
25150,9695660
24520,14271702
81477,10410119
38483,3530040
51877,248488
64978,10980446
44140,11714779
65047,12148410
57248,13402122
96528,4789236
41514,3625141
28631,11193468
14201,9232958
35274,15670332
43631,2500775
5487,11339471
74445,15846643
101462,2136059
76300,9316426
52468,15645590
49623,5147128
41221,389283
102525,15369189
35584,314575
11133,1526322
59997,5216287
7078,14484012
66779,3008714
74235,10376283
9823,7083264
2903,4101490
39573,16281046
49404,13733509
93101,6865025
27704,15571985
35630,9636090
21063,9394213
87118,12206851
89758,6227903
80496,9336541
9965,15507133
98434,1677593
63928,8046804
20134,12152586
11330,10430
2147,1845520
74862,2719810
74976,8708495
89664,15756797
45800,1985359
23556,13711220
61513,9698525
22938,2513750
23416,8975637
36511,2695959
6733,8674232
90901,11529713
95684,8182524
98161,16415793
16389,2421015
12421,16417012
68901,5893279
53097,10728734
86299,16455676
18714,4932685
28852,11564027
27608,11594456
89773,10819795
28898,15646032
9768,16485552
62176,7301799
32147,14839238
34141,1305678
50242,286069
42607,5999423
60763,12393631
15851,13752624
19543,10284471
49232,5468760
50080,7884758
80357,813479
93657,6946171
78528,13847225
57580,12193625
102668,2452755
1433,8278614
25563,15156849
59463,13024476
95691,2627486
24531,1125016
19490,7957045
14064,701720
7254,12051824
82492,12206721
62397,757465
92000,7240545
28709,4892081
68823,363339
45233,1271873
101805,9717036
47690,14622417
15334,7267765
66946,13618776
37107,2831892
39194,16076323
28492,14967652
78856,15258150
90025,935659
30886,6932929
51341,6056232
52574,7337341
50891,13333708
88191,11168374
62008,4722539
97937,12587962
12048,10356483
72187,1787909
44702,378087
100176,15368423
84136,13309144
13042,10845466
68628,3982924
29599,13404288
48145,15693544
74508,10520496
92692,7261231
60705,14307344
11859,3918882
96896,16263834
103083,647448
93499,3680603
61318,1858385
35440,13527542
72259,5912561
80043,11858123
505,3001591
68614,6785562
71893,951222
67900,11942507
2513,7806051
49508,10498754
14088,1635747
83515,10763149
13622,1436354
7066,1766781
45274,11035109
53595,9983362
103633,10041423
10509,2466024
95001,4909065
1409,12973050
4594,1883802
95157,13942006
17003,16298131
42813,16197071
62602,1905350
42262,724459
20850,5887093
94725,11363190
82298,12164034
24993,6002123
3101,9818676
42802,1130650
18035,10765624
8850,6719395
19861,14520771
29631,1331171
95440,5156893
27185,12664528
78111,3829466
9948,2045941
48318,3675688
73938,16492424
35590,7157613
54508,11498622
86981,2229609
27128,12758398
62032,4957746
29817,15008526
65666,12982564
94132,15832893
2887,8667376
24282,4996813
66255,13387242
86368,3731725
41718,15511444
7677,13035327
77517,12035306
30009,1932262
103191,13737149
63499,106571
89292,13054344
89568,7959786
75375,10334387
32151,4973945
77167,7517931
65566,11040659
42138,3146372
86888,7761070
69345,16042208
52727,8395853
2333,1206498
75828,13191369
34032,7672854
32969,7695184
101901,5956079
90532,15831986
103584,15767235
17727,1572706
100519,10331255
7467,6669419
95247,16516653
56050,3603999
77332,7147340
92717,14425674
796,9707295
18546,6403103
89355,13625581
83990,3599351
18955,11284217
9707,15528032
86342,8918684
10312,9863206
12177,13315575
42412,7745434
85659,9180455
91881,16478416
54303,16777029
65322,15913676
60291,11721433
89787,3093061
22060,1847072
30373,5695643
21411,11849326
29647,1832457
87569,15217227
45067,5744511
42383,14495179
16900,3156545
3735,15196606
34101,15744039
15868,2064541
32306,16194693
44534,15928593
55079,7959135
32695,6871699
93429,2715351
76143,11211721
21061,2423984
31524,16781889
30999,9019317
87580,10339302
63000,6180877
18343,14911340
52425,13286219
16823,13940878
36767,12666589
39594,1994701
64780,5257107
70590,1555023
63840,7275590
4220,14278695
85814,5286417
7926,305645
97336,13453741
60108,7064620
17261,7899828
58968,10544194
69586,11456810
58567,16363187
51399,959321
29489,644351
70627,11630644
52069,13612913
83847,6928795
5745,9740951
25655,6732543
98786,6892486
104428,13569809
95657,14404106
54162,554775
97752,1202398
88177,6043109
41229,11536669
96853,2029222
81401,6548341
83216,10897425
16596,13910499
5586,14581451
1526,11175971
14070,6507646
71691,4829324
8269,5130384
14375,16638188
88235,2741120
20573,11469648
103297,462989
68197,9438305
1236,3717701
57053,5551346
43531,13324735
23077,11606097
28307,16070482
34819,10615619
64388,4943769
86513,5629426
88246,12215202
1545,9484428
86538,805669
60074,613323
12653,7626580
45499,11469881
76162,8708484
6273,16060506
98126,964848
75352,13765759
22502,4095184
23876,4083717
99886,7984606
89399,9344992
13239,9749099
82389,9788612
34997,2102188
34690,11635810
79226,3566133
16342,9571000
84891,16541352
73623,14754430
45490,2189243
70696,12545109
56959,6739033
65662,7708388
72653,10895442
6872,3974733
52488,11276081
23211,10360593
29291,7957774
50285,6466460
74853,9371727
34409,883370
46057,9705662
65153,9694268
18269,8616318
61965,308149
75797,2807190
72050,16456472
75499,2962737
91667,716998
21898,758705
97165,10865375
50418,10954690
49260,5565166
75393,1960249
49275,10600065
75565,14927347
53244,2859751
32630,15576948
69277,9154538
67387,3115576
69906,11148347
59479,9462001
27620,9462923
9618,15310834
94989,322424
16818,2760303
94708,8488220
93764,6245687
31892,6698894
53348,9598276
11385,901539
11688,842561
71694,8938372
90946,2528313
9665,13319199
48674,9056987
69656,2864656
58015,7922956
20549,9734343
45584,9292680
49331,10057332
89059,8056000
36370,1840112
70934,11868145
80314,10491992
77900,8238510
44199,7770098
103494,11165026
57594,12021805
13548,13049250
98828,8534877
64355,11190882
41935,13706560
67140,13586326
56824,4360141
72712,8688428
43655,11355338
35174,11555221
35189,2807435
95533,7184811
47483,9551168
50714,3700343
79130,5719641
42448,5600375
38088,5032909
46474,2092226
92195,5605368
93438,9340382
21593,11351926
95323,11870296
42649,15467091
5563,1728415
1893,2548058
74392,2422096
22083,74282
91047,14596160
87226,14810646
15038,16229244
83291,14193330
15313,5739897
1448,7218649
58955,2849527
24363,10916693
49174,6023430
75089,598976
35885,2101267
88264,2864607
15689,425895
79275,12742221
75978,8880662
9593,15693238
68477,13126647
85551,14187669
41958,16252495
79939,9985157
4831,7592336
49181,13750433
32498,9398942
18527,294984
84744,15081298
18506,11818960
38152,15814573
31418,6136388
102767,3117193
58189,1263131
81847,294782
27566,7670023
14453,12464543
46661,15272891
93857,2927252
86608,264813
48491,16328495
44980,13059537
91222,7671680
47277,372385
93061,2495805
34771,16356138
41845,9494214
100827,677202
2636,3724784
97066,12477453
96090,8238302
89727,8703677
2281,15939938
22991,15463103
54242,6093004
61425,16751267
67284,5860871
83295,2016351
54806,4835259
93365,10960128
25591,15701847
63466,15410580
48466,13475900
33551,906561
93153,9891402
56044,4952910
91662,2628069
30352,12154955
23368,12021376
26078,10995473
61619,12697835
77955,13180286
26038,14561739
51623,15032647
25749,11255643
24996,15310735
72353,4108449
76726,12390163
94850,4414542
30719,4955376
73295,6783156
61525,7643215
39850,5061174
93972,147597
75744,8821210
87639,6785821
74064,4945284
2514,15218867
75002,793590
64059,9455734
86563,3965633
39894,9004862
36157,11420192
69047,15239493
12956,11784971
48964,2016119
96386,9719175
18198,7687844
39339,4256486
48631,13193366
101698,16757730
31401,4380303
8334,16702370
55855,8750286
56502,11949363
15850,2529542
8836,3462325
54786,15229177
66223,1947924
95456,2806015
1700,7052615
97888,8656812
30117,7407937
5509,14659850
36642,15107918
50241,3708367
3209,3300102
93198,12211554
98004,15463419
62047,13857737
53949,2262558
87831,3846087
84879,457190
48572,7788328
69903,4196545
48656,9977456
65116,7104750
92360,9772084
9963,442580
42592,3002996
87318,10957153
65590,2618225
13601,3505569
21328,5849298
76015,905832
8170,14455973
19769,6302086
75391,15432088
11494,5782484
99472,8344485
92177,5891787
628,5439013
39164,13982454
13058,2686605
20095,12409693
47738,6359906
2809,6362270
28137,1367294
23276,8538431
643,15844420
87836,3271119
33802,14959204
37644,2891658
98937,5828701
82482,4569734
13396,9006795
38588,4922885
4465,5839204
13445,6248171
36185,5647393
35695,13399054
24755,8512653
69776,461995
2671,12737385
22650,16092456
66476,15774277
27328,164037
40626,15943284
6549,9019817
6065,5144859
56024,4907620
3839,4749425
36324,3975403
91191,3502342
48278,9007437
27279,10621903
69400,7023858
2349,947985
92169,409207
17386,5281809
5906,15989905
31584,14773051
87789,854803
102972,14212345
54956,8152151
8128,10516190
71476,12179591
47550,4530436
99856,2190983
2767,12360054
74953,10154185
38098,6360936
100804,12968977
95983,13081840
100347,6693624
22370,1106576
92301,7231103
24815,11727511
4946,3072802
52994,9844279
53183,12314682
39143,6894605
58890,12299727
53646,6144510
84591,11065558
39927,1259295
64529,12989443
61701,2824648
48231,14526487
41287,9068383
5518,4978029
87888,806328
104476,10224613
103339,15920151
47840,3740923
77602,8505030
24622,14689725
32221,7257274
86553,16713228
79665,6384423
34004,16221502
66725,1569253
41550,15505122
35131,16260482
50566,6282521
71279,73751
14251,2490361
101601,10083445
45037,6561326
53652,15770047
91432,14357594
99711,16754020
60627,6115144
2509,2364080
53082,11055286
51883,4464649
80368,1206464
88104,6337902
9409,8611096
13799,5206862
14446,11687076
86090,6853823
27971,4838520
95431,4601933
38297,10185208
8588,1018229
3915,9329868
16629,12333913
44520,4815168
66619,329769
6734,12842761
18063,11444783
38622,11829244
3360,6916920
33344,8825356
41029,15804238
47627,14662361
68651,10835198
102937,10558807
22647,9040837
102220,7484641
44917,1648266
62339,12324428
4331,12791602
66651,8486967
40800,7398386
7120,14780905
19473,9350253
41551,11047413
53239,4592047
62428,3153398
101180,2224178
81273,3134518
7929,13830136
94227,9872561
60714,9533041
72330,9285482
85926,6529660
49961,15633228
16400,4927265
8235,3347967
43906,9427679
65514,15639606
81424,7333083
56944,10387145
66717,1857648
17059,7888308
16929,16707627
103567,16511328
50065,7219927
80879,10634732
102460,1750496
36363,13607121
22634,16322470
60759,7849910
67196,15150185
72920,8074515
19206,5185724
26974,14345764
87517,4644120
12539,12332883
45269,15972261
10338,8891768
74335,10959979
27441,719656
42959,3439611
23146,9404498
101070,16307595
59837,7530108
46139,8913019
54291,7515669
33123,8849891
11877,12463618
102580,6894696
85224,14355121
17627,12439933
12179,10613425
39921,11155566
70717,1620705
59366,14726238
57076,963500
20662,9520049
50408,11703704
74225,1069878
42161,2387147
69233,924878
43209,13472839
66786,10783203
15058,14127601
68068,5433505
35836,4789748
34437,2134056
39087,11258117
16202,12754158
4074,5741977
69645,2451164
15699,6890349
86811,7348097
13322,15417375
99660,3019542
79123,2524156
59654,1999380
25090,9613858
17559,16605561
72830,13851575
26686,11061146
90198,13259366
30679,16534314
42846,8890112
29997,16725581
91530,2961429
68637,15809468
75516,14249496
6118,12953009
95424,6055008
33199,16566009
64744,4219781
85319,9529125
1366,11217128
98489,7104288
3990,12955875
19844,6155405
8838,2748295
18811,10209169
85715,16543908
91627,1581532
100136,8989002
47256,7178913
92229,11949480
23157,5570256
97617,16255337
91366,6668793
8916,11084861
75242,14912450
46876,4657893
61185,11273346
64284,2587605
96548,12918237
77195,15461413
74809,16140432
21138,2951406
37606,4873106
46673,6156244
99030,15130067
19279,12647871
12726,6140790
21056,5983689
3413,16729777
164,8570463
53918,41119
69442,16416925
28846,5546129
65529,8619412
9828,10403298
96259,2374522
26616,4806973
46896,12261954
87879,8044529
2613,13484943
63878,2031666
79537,13549065
26962,9502146
78877,16013361
76874,1407533
30063,5255897
92666,12074025
4943,5813077
22460,7075875
97271,10484267
65397,10073896
31894,14239507
9630,8216101
20146,14549009
24234,12665732
70191,6871534
65281,10555935
30896,10405804
19371,331008
29028,2282446
56681,4547063
27174,16235423
8422,14809533
28620,7484003
9964,13302179
47960,7544031
76252,5534434
84019,1515988
3688,16243341
46463,14709502
80500,6108184
75087,15708225
19471,5439822
22283,4350416
14202,4093620
71572,7840905
84610,13200114
24837,7679032
8314,5006388
59056,16135962
48155,16321261
16265,7847013
61941,6092201
94429,6563413
73626,3709183
89747,16287295
25203,7721409
92010,13666509
26927,4814532
100252,2731098
27725,12812093
74160,7172101
61335,7133228
18362,8229228
81389,1582885
90521,1272124
36390,6528008
65559,8526635
11183,15429452
56335,16056784
948,6521817
55239,8704810
79833,4937441
16119,8663239
34304,7188796
85060,10397126
102252,994041
90225,14011056
61973,9874246
60449,14887373
104239,10986134
24366,10440767
49622,5434701
88361,5195659
91017,21536
47520,15052348
81024,6843826
86196,13720200
58573,7727440
54201,7167553
18112,3348535
95100,12243862
29698,9498143
18993,15138114
14200,5330407
53296,26833
48901,15666385
32181,11422054
101583,11753105
15480,3005934
86497,10407403
6231,8814409
89842,11226834
41975,3928870
64431,9295060
9895,8115562
68816,10069127
39139,4333546
50963,4377255
77596,5689893
4712,685130
93246,10449818
9126,11771200
86998,8847883
40539,14158117
92433,13564988
62171,13684506
25285,3940705
79719,6011183
71143,2809518
13162,13932358
75289,650857
9770,9262221
82381,8417956
104251,6053815
61590,6981353
31945,2617167
39171,2153469
91379,11261175
30342,7957631
24506,12066893
55729,6902485
86871,14845140
62039,13771974
61302,5844812
3470,305993
200,6507888
34133,11852780
54765,16124544
29879,1028671
80935,14287182
61961,215420
63361,11433944
3116,10860435
55636,8711628
69831,6714623
53357,3766409
13953,6694925
63843,1702323
40853,14302183
63582,15737168
102515,14663653
24253,15763407
97116,5841841
877,2977731
43373,15384848
74253,13405562
80002,3798251
103033,7072238
42527,13787512
71189,4481556
36019,2831107
66342,8454942
56129,15783997
54298,8545653
23191,10629382
11150,11150541
21576,8631749
69949,4171082
83899,5576509
16972,6201940
50131,2426628
18093,14620797
74180,5597340
5599,7682156
64020,3941059
80916,2058901
73436,4928083
31347,11054838
89538,2441888
101389,4855234
53939,1004274
87049,15607752
73868,7256009
64583,11799320
19608,10798603
85525,9372691
57913,10067283
52598,16225392
11017,10745481
22511,13404967
73299,1180616
9138,2301176
2496,11403159
90904,3779951
98425,3119372
66363,82681
57568,14592304
2968,6736127
79467,3376476
60710,7586312
83780,7006758
84272,13575595
60753,11032356
60847,8488887
36922,13226145
56154,3504309
89145,1616759
43426,8735247
104318,16783152
102263,4546753
51856,15842152
55922,10360393
56457,9662536
73421,6795667
7246,4162674
94416,4072269
39510,7435612
37198,8030817
49540,4067598
70089,6754980
65052,10435114
75743,11022838
52613,8417673
32207,4003327
90683,3285607
5714,5043024
47857,11405975
40957,9315355
89177,7234565
75187,4726387
36936,3719275
12961,16142516
45922,14481982
14223,5848482
59980,3802368
58277,3447764
43163,14241844
52983,13544596
20984,11205082
22417,2163563
92101,5789481
53212,3849513
30426,2315606
95591,11615945
66535,2920600
12290,2440200
45265,13268415
38218,1363322
20454,5271165
22695,11238736
17849,5449388
30523,5510108
58408,9041532
134,1444282
95917,2134603
30936,12672103
40840,10648187
1045,1354984
32855,8875546
104140,13765599
55999,10028543
81224,11502922
89107,12149708
89760,15477779
465,8762667
83321,8571406
41510,14965682
34079,10502657
43658,7786295
790,13104469
59983,15912542
15799,12393195
73849,1995222
4087,12943129
56474,10424520
77588,11043045
69554,16357037
31422,14559895
80940,1102166
22885,7248899
31043,8900632
53932,7753332
76582,15304858
71983,3688542
29445,15411983
35048,8837598
87608,5464400
52243,4833713
93331,2701902
62249,7058726
41830,13385972
62291,14985379
15843,1451867
14407,10149174
55328,377951
59999,3112237
60230,525691
94769,3983269
67663,3187500
74919,13118981
7488,6917309
96516,11521201
62637,9591591
93338,4172899
22804,10467854
21348,7997366
24297,13753550
79718,2599754
56237,7448180
100884,14039610
53522,7360430
19,11797093
50823,5976526
19691,10127576
3014,4092096
93302,5264574
55600,14888110
79096,11135432
83619,16091419
85306,3607129
95079,4083310
76744,8886611
20365,1875889
64905,9441142
48586,2851840
41940,13724935
97968,3505677
84423,15026532
17620,14108815
76347,12537270
4317,8563322
45187,784513
4613,13443819
89131,12543244
7367,4677605
101902,8210802
52842,16445144
66089,13419592
101986,5547266
27693,2460108
93813,11505496
90138,16576659
73002,10599024
28193,10796418
65539,10485322
86421,6741850
68314,12514352
32934,13093798
80201,3796656
28400,8080798
66164,15269619
103992,14056931
33954,16532434
11598,14171846
93523,8083745
3880,276043
14401,685046
36649,9281206
72232,91512
29591,247318
18636,6350486
50768,1279041
101498,1128049
80148,929549
17522,6805013
77210,4984413
28180,787200
43032,3951469
102103,13160958
26567,5812776
83573,8210084
68158,12086697
38892,3869381
98805,893059
52537,16287915
75323,9816412
91819,3260195
101521,2351519
87183,10284361
16824,8170995
75111,4972436
72503,7889296
95337,1434552
54887,13538732
36730,152492
93112,6285140
4757,9775597
37428,9221934
66653,14450139
69708,15781626
6284,11620506
24645,8679480
13382,6332468
95643,5098402
101624,9504284
41222,10368935
53063,10419417
91815,14590681
55065,10059856
79010,6569992
62097,1515589
33042,9294115
96652,1877985
23430,7475577
15181,14540200
28007,309888
22754,2387266
6337,10994038
68662,16518452
15,13889063
43264,742716
38138,11135692
31993,14357674
11809,15745430
26867,16408679
58201,10978799
79479,8490158
75112,8843291
17441,3403797
86484,10163625
18406,10313621
71751,14151800
27883,16786462
72729,3138289
100015,12925839
90171,12702442
88562,8152189
30181,10712115
91061,1859782
10199,9692859
21940,3122830
6102,6632776
99803,8785177
79601,15947891
5360,16233053
24746,8463301
63708,20932
41599,7904895
50026,10030628
52898,8905477
21498,6284798
41614,11659284
100912,1628613
66379,6484316
54336,4545271
82466,13500541
37166,13040245
102756,6225314
19739,1543301
95180,15400067
54361,3834386
2394,7554850
23020,11292756
59121,1528163
92795,10135281
93971,346077
17701,13324960
48892,10890802
56843,5679710
43150,15019030
12454,16388952
94272,9031441
30256,8731854
45077,16714061
77110,9852092
69811,10791073
19375,5985248
12651,7372204
20064,11468152
29731,2175597
8004,13419461
86483,13549191
80468,15216074
50282,5004999
65959,16435892
4181,8600309
16995,1567472
92561,15976671
20890,12665529
30541,13609877
45902,1791390
69848,7715652
44635,1846051
87740,9513635
33766,10867575
52245,10822208
35938,4938456
102369,2070971
70985,12327936
57879,1147662
67930,3949429
80690,11604260
16756,9331632
69784,8861036
14451,9724976
72162,1456633
72714,16436795
60742,4829824
78757,6756251
60633,1424692
71485,5000777
13148,354902
88469,10100113
49021,10037502
32729,5050634
14349,3269761
101939,10247685
584,14123300
25036,1272535
90941,1364489
101487,13527022
76931,5652793
55756,9436635
11112,14205515
92985,11367006
91218,8936249
100661,6731027
1335,16581452
47192,9573603
99072,10341416
76723,2662867
60905,11867055
89375,13269675
5232,11542262
11812,9875206
68511,1449628
49942,14907980
42608,3430418
8633,6444267
7526,15850281
23485,5143516
62810,4445131
84371,8706355
1405,12304525
1812,698567
37712,16378446
3782,11365253
15979,5491652
25638,10519025
7439,14322583
68708,14708464
46620,16389918
11995,14016503
84176,16460136
13868,15475732
52141,7678568
103209,6504966
5204,15696524
9279,16455335
49393,14411105
67084,3786939
41237,13615399
5058,4333447
51059,15405294
33166,13018073
64556,1079575
46797,2081297
63805,10516535
20515,8334331
12264,15360887
46595,14495983
39394,6388210
78723,8393426
19467,4909333
41319,14018477
31022,4641932
50501,7753125
36197,9043663
38789,13335920
20072,7897595
92210,13379275
56946,15041110
94728,3601798
51548,12626563
40453,6864877
79820,6943592
49425,11919018
48161,4933842
102055,15060567
52051,14357439
31165,2877695
50063,4378308
89376,12058127
102019,8788028
18663,12273598
70709,35446
38657,12158943
55944,3382836
78850,10009813
98407,8726759
89757,4949554
88755,2251527
71668,7853913
78820,9760745
39512,8070308
25713,13527439
7351,7785101
51456,5967825
16822,6305635
103485,14169908
102664,536083
50909,16506933
2416,1483973
46469,9103568
55611,6074687
76106,5667252
101101,9292267
54631,580834
98986,13540145
103839,3122499
95509,9533148
46080,11982629
37280,12057858
1476,6757520
55837,16448547
8336,8281823
59294,9052587
96808,15208410
34665,5213364
102521,9301431
82085,321737
74252,13209105
87894,14227522
78598,16749830
5319,13953242
55244,2127723
51325,10885974
37947,127095
20598,2641455
14760,7138305
41428,11132587
8938,1510583
39356,14168470
89895,9088769
70723,1593903
14030,646529
63382,10642085
87037,6060276
37683,9687780
90281,14263672
44389,14605765
3928,8752413
89348,10797355
57437,13226322
38506,15633487
19132,12186376
15759,805492
20832,8550650
95271,13755131
1714,57124
76419,6448924
33212,6730652
78300,13418687
64663,11222121
96628,15420192
22843,6652671
61242,8216287
79946,2701084
40369,12586388
76067,2067462
25867,12793351
37663,5300046
73644,2388136
11868,12133826
58548,12765020
41882,13904595
15940,10572967
29374,13929519
46018,7284200
41169,1179080
55164,6618508
8885,10546797
58834,6883205
55814,10922874
20503,9938186
88561,2413874
48351,12927225
34582,3653762
49672,5987135
50387,5733037
48764,12611628
99393,7033791
51339,11481990
8324,8260301
30925,6782071
51471,5313818
70890,4018873
54779,13506755
92835,10550443
42312,10105282
52843,13029017
62510,1260819
9612,5891962
14352,12122801
82995,16176297
95734,11913835
5730,12837889
100649,13557924
88564,9988456
50346,11784585
94196,1340202
20189,9363609
11933,2888753
12654,12723112
16416,11375177
97286,9176610
50986,13606166
23909,8664203
84231,11514635
21923,1123571
45730,3473365
51927,7238992
29305,7838676
57577,242275
14080,12337069
57538,16063328
84343,263310
10587,938189
83930,7712576
103823,15049184
19111,12496931
27390,11231809
37457,15996190
23660,5340074
45080,15637840
12326,1530365
61082,6326736
1862,8801983
99033,11226549
36033,15201772
19216,9053775
60656,6246604
50348,5757261
31509,15007893
61230,11979005
24268,5907334
930,5199319
60191,833101
14968,5324271
22114,3074877
1658,14688519
86257,3290565
54198,9974357
87346,3751439
27201,4625191
3879,15408669
48317,8421500
59793,10910024
53712,15064533
76251,3287993
29258,3026165
87301,13466766
73252,11445173
5630,9336369
40938,6243934
72152,1647521
82224,4303577
100256,10668419
53258,13808604
74773,14362051
25020,1308783
60722,11320217
91930,1186619
98042,5083681
64208,4756995
95679,3619458
24802,1640932
92730,5127255
61093,2978602
64421,2316748
1094,5361303
22436,2977061
70159,8752851
94501,16361508
47485,12403478
87962,10226530
31786,9700912
32520,8375541
23685,13349966
22629,2746571
75205,2785197
39088,4410285
101953,6867689
72771,11502517
29481,181961
96534,5288606
57069,2361177
93605,1042082
46509,6908049
33418,5847054
52809,12895858
44914,12335606
30911,10946462
30758,14725475
9000,15534311
9272,16071559
35991,14750150
10203,11886175
664,1190441
5884,3645375
93044,13139582
67468,15194070
81755,1340009
68967,11989412
73555,15602815
78470,14259242
45766,13722854
9785,9386021
22825,13609948
66663,10639405
65534,5986344
25792,8898528
43636,15843430
40821,3673320
4340,13677758
16253,11982825
44399,303373
52795,9046188
3098,1981939
87446,10826056
58897,11961432
77255,1196947
80943,12426326
54371,7321315
15625,15269507
20230,586368
21425,7635174
10422,16772444
2021,4242079
57029,14690694
10212,7495190
70724,11947063
22731,135041
25810,14927332
202,13000424
89901,11056114
11240,8139430
27354,15132266
37307,14701676
9104,16564514
42917,5584624
19412,3574622
79199,8816421
11373,1577362
30344,8535718
72826,8664525
27640,10359075
5192,13297275
67369,6656302
80955,16572300
65269,14246408
6293,4936147
3030,10618903
11565,4661136
17090,13780904
94676,14025954
15481,15080136
93321,8546951
9915,7938575
103183,11893470
71995,13317224
45084,15730710
41258,14348247
24713,11945758
83492,16776864
46149,6776041
96831,13419575
49492,12142657
21807,5515777
40376,4349287
17896,9051210
6595,4005410
56132,1335871
54934,1615811
15444,5061384
81458,11542813
6941,5241690
8237,3663717
77910,14080275
72865,12178072
94480,13926997
38956,11964902
28785,8726725
99282,3234996
24973,13781691
85600,12860123
38863,6514033
37110,3812841
75280,7305619
17965,1243969
29082,7054556
7290,1063147
262,12024395
93041,12832525
15508,11825305
25860,310249
34381,1799547
22095,14660841
51,13285768
48002,12880917
8349,12941695
24076,4019327
93567,11099721
39480,5571597
37397,13565460
58939,3141136
96867,14582994
20649,15966539
25560,1214112
5804,13019492
81599,86137
48727,6761368
76123,5679698
45988,872976
38359,2506638
42057,15737291
59134,6253479
80930,13896377
5589,3911675
9463,6303789
34024,13900802
56459,16105387
13823,15448278
66566,13609671
38597,15473336
44801,10648648
40889,16252421
79423,1366710
51235,9306569
37826,14372382
43335,8352734
19978,61251
81334,9859353
47039,9915883
97487,14283598
49723,9834555
3605,9199670
79466,4226784
59964,10003811
74193,13322366
26315,4619728
3253,3876395
24347,7260088
95699,1063635
3367,11668815
86862,3056589
84047,16352175
86469,7334003
20685,11449996
20871,10817833
75556,2961300
64862,13484567
94912,9406990
89043,15260906
97345,2927769
10425,1883980
5584,8944461
59419,592632
32571,2239264
55282,5581815
34864,11983155
6583,1567866
80795,14284912
53098,15368868
53662,10077359
7883,4340578
87154,2298717
96529,1966892
96785,14418865
49467,908523
50190,3239407
27105,737745
76792,7147631
29708,14682183
80802,3079843
85099,3424818
24373,10645354
11426,13871996
80835,754076
76156,12016739
51580,8552651
57212,13112358
79645,12822456
89581,1461924
87750,10619091
815,16405772
14617,8773837
89345,16561434
99108,9860840
1142,15028399
72167,4580632
8219,11027747
63142,1334312
53529,6374264
25983,9880247
15011,11504750
14254,3871050
78900,2864082
56409,10927327
63469,5051840
69378,2344707
97545,1436625
83540,14603062
98065,3620072
2964,14883078
103998,13247290
102558,490425
19802,849589
29236,15392937
9439,12944671
86031,2194930
61536,15099902
60589,7305738
32734,2063451
40536,8334301
92277,5623149
22203,14227210
103370,3470393
79347,8444401
98426,2858532
81274,15272680
62269,4103628
32011,10545395
13092,4727619
101449,15112715
56611,10051467
57576,1644334
41948,727223
87745,8769502
31980,3545532
73315,16544726
40195,8273231
90754,7099587
47240,15203244
1014,7855883
45567,2363180
79661,1191457
18674,5239376
102114,3207640
103066,7933390
30638,9627942
83498,6037419
50505,12840834
94155,14385865
65312,11743339
36863,10882101
46349,11574650
99554,11299422
89505,12662280
77694,2301592
66071,12571670
37764,7263853
38557,12606495
39261,14275039
37859,4557856
101789,7486633
94100,7170225
29768,13244372
40824,678470
66343,14431203
657,1490945
36684,1959615
22063,12190856
53710,2163420
44066,6276814
11686,185636
31044,13640164
102795,8750944
58831,15254758
50579,11410154
80004,5950855
102806,3628372
81936,8724577
49445,2551811
27995,14268795
99731,8402743
11065,8607051
98250,8215631
62973,16712881
74066,10442574
22456,12941796
72,890829
75382,9379363
25286,2889855
19955,9954095
63441,3665052
95838,2926546
99047,11299455
27507,11870788
49379,15560529
21518,252749
13686,2194611
65616,6511634
9288,5964372
101075,7737763
75525,16788602
561,14594318
77006,3177830
40398,15501388
12924,14121759
72965,6878816
66641,331346
74145,10375128
74448,896329
92358,16528351
91674,5776841
86435,9275414
96305,9889323
84650,12141007
31757,13304490
62388,1801688
7876,7518812
36782,8736095
78667,5231855
38252,6120940
4356,13567637
89001,10252487
61383,576996
58157,13710749
54073,6027939
36122,12893014
86794,8336571
13483,14253746
69581,5155134
4297,12190216
30128,8861887
90472,2920530
73096,12683612
78614,9827056
74925,16737846
32795,16739018
28618,15175108
5428,2297124
24101,3054312
41120,1228564
76429,4746300
76704,7465632
43855,840584
60254,6198025
82032,9546977
84801,16692640
75742,13636276
4654,1203263
75225,7080043
20448,1507147
53814,16208999
84232,6389009
50653,12630031
46659,999453
32000,14117847
57905,1635062
64227,1138395
17546,7969462
46704,6807379
68151,14055480
30521,11521930
74463,6865020
102077,7563346
53444,16067436
57946,13797195
27967,7472901
64041,13633149
63956,4580294
12775,13065559
24250,8349502
42220,15818329
49179,7961065
95722,3896229
23910,2336355
41173,5216803
93359,16220010
40930,4099959
6880,7546299
93052,4816949
97994,3244245
3512,11606428
34042,9771599
64916,729627
87808,1781957
91156,7335120
4897,16732701
70158,7988078
97117,15242218
20751,15314125
11024,11345180
99367,15806631
47409,1068058
46753,13705176
59557,9437101
54837,15731242
50859,15288961
7589,7383089
56596,9442297
34412,8471389
7800,16086438
75183,3140265
88214,7026494
96433,769161
40574,2133390
3508,6331063
28504,12029724
20397,11634351
60917,3117518
91104,9277970
44939,10319018
81419,7659317
15848,3659406
81580,9740284
47770,4676953
89897,10971236
69278,7326815
52749,6243109
74560,13761751
25791,13359916
6301,4860519
25618,8615131
33942,5530208
18943,1986174
63320,3907637
98202,14089123
90492,16596395
82797,2070295
97551,12199833
93119,9239775
79700,13324561
94078,14105530
5900,5306773
26301,1534751
18338,12147641
82612,4742103
29491,5663510
92025,2499828
11273,15884098
16549,9344487
23184,10892480
61118,4933875
2339,3661401
30813,13204067
37893,2431072
92636,1868334
93185,10153836
29109,12071297
20466,491940
13864,3606150
61707,145786
35923,3283332
66432,2906666
78247,6514249
71624,11539627
73739,5912587
29049,1910889
80732,10387076
20004,8741063
22790,2688151
98382,2789027
85531,5940683
31411,9421269
35037,1516596
98040,8364854
6072,4074774
87081,9922760
95835,2283275
33629,7769504
67481,694018
8705,5895624
38187,6541972
64353,584222
95930,3283945
92777,10631237
92026,3349530
52580,3257160
30,14246023
87014,9353569
18345,5963771
23578,10802855
90041,9644429
85403,16327876
849,13255631
32376,13857633
85957,14871157
86525,703292
21484,1471537
11182,6492359
53500,11508471
75963,589630
45574,6439822
60889,9038361
22421,7498492
86176,4553951
73549,267528
77250,13902511
99330,14860220
33266,12895858
26354,13341539
42462,10396389
11083,15171226
19078,14341170
95256,14290692
65054,9074187
63270,14631100
97858,6055659
14726,12910040
74083,5112495
56470,4156227
65564,934699
34909,16396241
15711,13559735
13340,16349886
14896,13118012
83652,10571980
45802,13189022
46754,3751562
50976,3582012
19787,14149477
20640,15657530
50561,10200485
88584,1019153
36563,11380071
42261,4114560
95528,2778407
85250,4555135
66455,3095147
89948,12902119
28516,3895436
90148,10039841
61723,13118979
71101,14039359
45060,6184489
21497,4174101
3802,6873791
6503,16795284
94378,15085889
6723,12405340
92951,8048462
87743,1968963
40071,10606916
63773,15098540
96315,14012221
13314,12868633
80710,3629326
60518,269120
80283,336670
2952,12648949
89665,9801339
27200,1436666
33204,5356375
41118,14419157
32653,5617525
20886,2641684
58324,4614433
15172,10013985
79591,15866972
44135,2137760
91060,7794964
88058,11950157
33786,1638234
18996,14596774
8193,760502
2914,11897087
67043,16612653
101739,14689640
70113,2889612
88055,10913148
49043,497516
59359,6611933
65574,16142230
27448,2250495
12850,6449991
49784,1073831
70023,11934225
27524,4582555
54796,6471232
32399,1288865
16032,6651254
89010,6817547
88940,3634459
46832,5713758
48076,8609208
94237,5520613
31639,12624632
79963,5698354
8107,8040741
52231,3424017
73836,15470404
56003,4969279
9012,12943458
61952,1832136
1111,9706652
20993,5260737
90203,7451582
100410,14256178
12068,15809599
62373,2342547
35508,2875644
8483,275764
91297,8690740
94899,4135142
83671,15828957
10244,1369758
54042,4290696
89273,5171265
96340,12660149
81022,13321100
99448,3793245
67493,5830750
68084,344338
40934,12591321
101100,6372225
28468,3674280
95748,6761282
9123,9587662
34871,2308297
7339,6106614
70982,6129928
101443,1580011
19771,16589653
78287,11865925
49367,9202939
39596,824391
44217,1809850
64534,10683735
28074,9584392
81113,13577826
85764,14370367
23770,10576788
75935,12479441
21123,6665501
103655,14562858
31643,3969614
17036,13275151
23242,16107770
101833,7518934
46257,3719047
4815,7236681
87142,5802148
43684,352804
17026,4306613
61098,13102910
27855,7697085
99888,7792960
62687,13777032
28053,15516131
40466,2676467
77559,853846
91119,14506094
27544,16442998
90831,5021155
55332,12062191
92980,7812716
69224,8032405
41849,8037533
13135,12811393
5114,12364416
38083,2062942
17572,3106800
42582,10674332
67662,16513823
17482,8703968
89739,4819101
74395,9426296
3583,13822716
88162,6892200
87488,13269336
62042,731823
44711,15412496
37882,1378536
64522,11946943
12472,5375622
40714,16152199
3165,11886215
35959,15128198
53878,7526819
54395,8237180
90706,16356350
31828,7600660
31636,5679993
35768,6254313
29853,12873305
35585,7646540
32971,11462023
3867,11344159
8246,13691293
95383,1785716
5681,12268278
95546,6096921
8802,11612513
6592,13369932
79090,8716862
30652,13155234
15290,15231614
16562,14345314
65839,7115055
288,1794275
61044,8971478
1907,15812314
104150,10452900
18364,3925855
29869,15383836
7133,8507997
33830,11348882
39120,10255076
55443,16676298
67912,3847315
22065,6850041
16059,13813923
5978,5852564
78239,4769751
18110,2741691
87453,14618899
4467,6720760
54196,15532345
27366,14115830
71326,9374406
76865,14848518
1225,8738743
80157,5786162
83591,15569078
60522,3474318
72761,16710149
100736,14462982
9589,179339
103491,15802800
99089,9491408
21329,8253145
13102,15535414
35899,12014401
51239,15489912
5603,6286268
41245,10137720
49695,959020
58089,16409539
95696,11096473
14999,14702954
60523,16595404
61237,16008251
94562,14470515
96188,3956004
46868,1091045
29139,12978900
13778,1023141
17796,11488185
42916,4180102
16719,759299
51675,4267399
86056,8173213
4989,1701552
34375,14830313
81950,9726798
92092,16116877
24883,10592609
9292,10313303
82586,1828681
54971,4425514
72512,13803106
98309,14426514
45197,7380873
79220,11875862
4295,6408322
27231,13532465
85315,5427516
79889,10792056
57670,4686549
98694,16108422
90838,5457386
47334,11802365
10788,8481760
102556,3094304
45649,4300193
30014,6024985
24326,12954057
82865,13119206
83493,4262026
35279,14975171
37152,2793133
18891,6810854
63905,14636610
78400,999963
96210,2738011
42843,7396785
19560,8604854
97540,15552109
66307,15600741
98894,254811
67940,12706100
42926,15909180
37864,4616685
91239,887490
59972,8602897
11797,4895962
23765,13344507
52752,11836216
78275,7717921
16305,12299994
30102,575140
1556,15061497
84620,8311365
54997,2099606
27818,4354751
103404,16786412
103993,15022466
42447,16455681
88154,12339039
66193,7689983
67335,319012
35026,1130242
58412,2482800
69107,7935157
98019,13396797
8642,11175528
45973,2197484
81618,7935049
35420,6134092
92247,4097793
51962,5468858
60293,12181451
26513,5429436
17135,10417936
41397,11143472
56530,1946513
18315,11189179
59757,4476107
82409,2652118
33146,16563443
18820,5269628
26376,12044178
22377,5777162
16308,3167266
88905,9193244
62251,15157287
99920,16663043
37469,7004892
3402,3451050
26527,10589495
99151,11732750
94052,5300628
28909,5689685
64763,9146740
47682,10297746
35955,10890298
13629,1763629
69250,1911946
64489,8870381
16297,940293
85916,444086
43092,6504464
16033,8117638
27320,12458734
24498,10400981
23015,6725868
24605,113342
63335,12896292
16502,8801747
28361,11737163
11788,1425861
83507,138003
41403,380242
65010,13670019
100018,4515384
91913,6113153
67801,13208273
44977,5249742
5379,75449
48250,15385591
16794,1351487
83524,8052887
94785,5106085
50923,1648551
33009,943947
41265,2340179
33845,11498870
38271,6570299
100305,3807983
94777,1815442
101983,2719453
58104,673792
19120,9868964
91298,1785560
41119,1087448
47881,13954654
34499,4748526
59044,6652772
2405,10681182
98889,15447187
25924,11808915
30080,9383722
91147,7987950
20712,10803717
96403,3754085
41629,6002340
32569,8220969
97234,10229664
45581,8475372
42891,139095
103885,12467350
96862,14715878
31592,3608420
22681,15225001
21332,7121283
86522,4130751
58434,11360754
7106,14495800
22704,10286740
79819,8233868
81126,2086003
5792,10530216
34809,16050734
103248,14922301
84256,2707317
88020,2804123
97605,5728622
64603,15802553
15407,14935739
59860,15223074
51378,15885861
81280,3410885
53211,14878143
16994,15963980
65257,8342509
77599,15411443
49907,5525343
53723,5390890
42419,2462437
90369,7232282
87997,2811371
6996,5481195
2436,4753891
45548,9919262
7745,14644452
21706,5834780
28165,12898997
66146,1181302
79050,14443828
53265,13366358
5521,9699455
98892,2332004
24339,6308689
4603,10509906
90436,8368244
90300,9822691
8373,3666348
44705,3905448
5059,5312075
57381,8592079
90565,14164228
31498,861488
86300,10083686
52063,6372284
56348,10415468
42721,1054208
39130,11727943
49640,6601202
12636,11635771
73843,5244029
47657,3074708
488,16632003
53699,2077879
10344,712458
75440,8270483
18329,3925499
90738,14960517
84511,12317910
16553,7470865
96909,2461439
676,4936591
78585,14259059
95603,3626380
6034,6039025
49277,3103289
20299,6653071
73577,15629590
34361,14524573
85196,15466406
50554,2935355
89819,12572338
64408,15037898
2078,14873533
5838,15480677
82698,16091535
27164,6341269
19203,14104040
3245,1479892
54467,2016852
40936,6819749
10956,13613090
58798,12671466
298,11115336
44206,6273941
49086,6256352
37745,8893677
1928,7688151
58962,1038341
21384,2096777
33127,804212
20319,12677136
11668,12569421
35792,6032427
20839,2807219
43090,1671806
31599,6928206
82369,4430662
42284,3022126
67658,12760613
90310,12114039
27558,3374894
64025,12558655
46727,1359022
55473,13223763
98893,2707602
13846,12998023
14172,4129420
35499,6593405
64797,6811162
36105,402348
23739,2080557
87838,16647962
87957,16790654
15298,9294670
88032,1889057
26223,13962984
32098,15924801
16584,12350805
31977,3183444
67391,5868478
69244,12856125
62977,3790578
43864,1393916
85795,8536602
38501,5962608
65038,792995
81866,3902098
48184,12972080
16132,8712728
46601,8315341
37184,9520621
64256,6884283
47106,2918086
51413,14050784
54773,9907304
13568,584093
52915,4265846
95799,5459790
62207,1072982
20034,16778776
67924,10894100
98833,1178890
98331,13141797
103024,4788752
17390,6676264
73235,5252475
50654,1060083
22568,4079031
29617,6428318
90204,1008128
28344,5770222
81646,13234903
18292,15292227
34914,8561227
36979,2388143
40272,11248084
84858,7320742
26735,2353565
87145,11018305
93090,972054
78078,13606442
96610,8760081
33463,11029846
25762,15027416
4174,828069
68481,3624507
28510,8993812
93824,12110992
34083,14795300
7941,7414527
80787,6062166
11076,484423
44759,7125418
40961,4475169
74224,5930826
21286,2125588
20689,8912208
63903,10785629
94548,1050021
33914,2620554
48537,12200724
870,13801211
60360,14326076
37452,13238022
63325,15021041
50537,13717785
58706,10432459
34717,1097932
43372,5026871
16097,15262012
43996,12015362
6924,6692549
59895,11943368
52455,12690133
30028,15929988
34663,16107395
38692,13778911
78612,5829752
80869,8669253
24294,7332257
8719,1744469
100319,9043399
39358,15294803
41330,8217916
74972,7848436
78269,4473083
85416,13991685
12174,3740057
41848,8139521
35253,6751791
19564,10204653
65474,15241182
68615,8595452
46516,10890558
82123,118166
46260,6195918
26559,12172705
82177,5864587
103774,6450471
91482,9484063
26645,16386225
13081,6509571
47209,4150968
92045,1162844
102464,14231960
54313,3876689
98662,15895168
31708,12238809
12881,10996638
96934,1631169
19413,16628627
47359,13259912
15005,6807416
46157,4334741
49583,9460612
72297,12668463
104050,4163491
56018,3771898
768,12999894
16811,10862740
25835,777576
6286,15474995
81520,3804238
63017,14332317
40074,15586856
5471,5400173
17398,12702952
33214,5991800
14926,10230661
46270,11981131
64271,16665100
82459,1815095
47183,2601878
84607,8379744
67066,14501650
33323,4566776
73763,13072921
93022,11807188
75733,11836424
99821,1737681
5458,9085837
74456,8405220
65226,14801296
5807,12567322
55950,12368043
91558,1279313
56623,1479022
34322,4417735
70945,5371799
49027,3299166
42071,8465636
50123,9100800
66004,6597749
6908,9805626
97518,2554622
93113,876673
21539,4330807
25122,736997
6917,10254661
88159,12010105
57896,15674328
89793,8576142
27695,12262950
72164,9113912
55709,15562182
97047,12986959
99589,333110
89478,15585098
16564,2604197
93672,9136000
38276,12659147
81183,1490053
26855,12435843
33007,9560238
43066,8234311
36651,11922754
100214,10012560
62737,6345871
69161,8769029
33882,11100353
68693,13000123
72425,8414376
99860,10410218
69314,2255291
61270,5524330
41512,9671131
41981,2997848
67515,13406450
84224,15706264
39684,4389430
87539,1998862
94183,509826
97420,8671343
79124,3241006
32122,1473845
89162,12938539
58929,2496516
50244,4989899
5083,9416495
97008,1409848
56850,12271219
24119,11939786
16820,6846658
54663,4945074
97784,1038824
8533,13478182
53519,2896906
30990,11651835
46946,2526400
7094,13772366
21352,14877194
53961,15220587
101991,12002839
55494,4487478
2644,3760983
20711,13472105
44539,1802042
56241,13801825
28044,14637518
50769,2483581
81212,4940083
48122,12358317
34660,788915
38260,10553353
21422,5038553
3703,3470585
88015,1120965
96971,15122139
76994,13825897
55402,2599162
43408,6644293
95530,8229667
95711,3440078
59043,16140736
85283,2777978
50996,15858858
90046,6823473
27119,11993678
3873,12449714
74878,14402209
28519,3702221
70633,4106330
7775,1923926
72173,13118611
83206,13224465
71940,15403544
27238,14028942
12448,5201454
98152,2873827
75531,7834508
51007,1470774
25257,8536241
47890,11225361
55563,11041310
85973,15286878
60641,11430093
74968,8293385
101370,14535300
4519,11637123
72829,3217503
82147,16376054
57838,4358273
49244,3776616
103710,12925155
45283,11501931
76141,3916617
59953,7252964
96318,7541547
24865,1227657
36677,3713465
36253,6687558
78976,5598812
19160,14235159
72311,1657627
44694,8560452
33644,9122328
27179,6328323
86187,907632
54524,12438086
23974,3685255
10594,2760857
74377,11277814
80956,11501782
48376,2337940
47211,5323488
43863,13037353
82880,4806174
62953,16247751
74068,4847564
32179,3318112
68503,1533584
28453,12499544
55349,345098
6333,11820112
87576,16292562
44295,10985059
4406,4571786
58953,12395510
58002,12438783
87388,5409421
10065,15241471
47140,3471303
46120,4835685
69123,13821316
43129,11673876
77881,8921340
103232,3183831
28755,2691543
75193,5188166
11932,7486107
91236,3568630
32650,1260833
10762,628936
73691,5250686
22144,1965447
102865,4659116
62422,4467023
6731,13043791
23143,16626225
17322,1301192
56798,15659146
90475,3806334
9410,6290324
80218,454189
16990,14425184
48103,10824819
101515,15842972
33408,10984276
68367,2054857
50612,2229234
5547,9643081
6666,9902564
87570,5746083
59777,10904882
38842,14536767
51556,2435751
78576,12608792
77035,3695437
44294,11382498
86372,8759709
44519,5629671
95564,5481394
49198,15769962
101537,12823640
51531,15447340
33028,12966713
49324,10129477
7852,2417991
15824,13050048
98862,3217302
86294,1360897
25061,13531132
91941,10105897
78990,3709422
6561,8583153
37642,6545833
34612,1020341
91707,14619638
49114,5348505
9335,10455182
51723,11850920
75936,6933862
85212,10859093
98815,11169445
86626,10407802
84491,1003912
19734,3302283
25649,16144699
3629,3421281
38343,3041657
67180,15322190
3489,7844457
9416,12096884
15256,7425160
29443,262492
79760,15385090
58098,1806686
14196,7687202
72968,1751384
46458,728133
74409,9711541
61079,10429875
3865,7693510
1219,13150335
92440,10856409
14754,2002536
944,2119944
41526,5674417
66846,11548193
72398,2579829
98860,10847974
23189,352820
27891,5320403
85083,16682893
98642,9630908
57998,7455780
71242,16410
100352,5443037
96657,1500338
61751,13148974
50101,15289536
51874,13835064
39922,9796545
41493,11286103
53580,3082746
23495,6061825
24697,2945536
92691,5754398
42695,15214467
79583,306577
20396,15971822
71147,1720352
78447,3676014
24964,9633138
91007,3454526
99614,10369386
12777,6911761
31220,817938
33648,16786876
33353,9335251
96072,16136741
16331,8619352
94276,7647798
35309,1860886
91242,11361034
7750,1298683
76702,11116873
25405,4286443
82979,14921015
79533,10358039
71776,7812405
103340,12407809
2901,10435475
73430,2143505
75675,10579001
45700,3213623
16641,10063691
81017,10285841
34055,16041117
9673,13233316
104097,15436259
12136,10218948
50367,15708885
9838,16544693
69696,9579923
1123,483942
69877,5122161
44506,6573652
82042,7084950
18088,1180375
80178,7219245
43534,10267518
16194,12194167
93104,12742794
45152,14536266
36265,14388465
61129,11468080
67276,14252206
94210,16422763
87087,10650297
13915,3925340
98263,12375905
62967,4476156
97759,13050091
56388,5717215
10102,7783918
41915,13351797
92874,9630368
104317,2371808
52036,3466960
261,2888237
64580,12755751
26630,1088976
9084,10299288
63092,14479709
61019,9949883
69117,14438010
75149,7081765
74779,2141451
94941,13711606
27776,9909817
66050,7439068
77093,10107412
44038,14793566
96282,13653724
76362,16019513
16346,8745278
15039,2337581
23428,5707140
36810,1528718
51274,952332
73752,2272335
73453,1443257
77278,12584787
4493,12992018
99745,4244171
82366,15179888
97535,4957404
41124,5839041
44027,15136519
43611,6518323
7305,15484439
43751,4511483
57218,13601060
57633,7701155
102133,15785458
44,8534411
27739,7485507
92446,12598064
64902,6501707
79035,6456713
19357,5164828
29990,1918156
78020,10343422
71685,6992495
16261,11655147
56418,11730546
92153,16534759
90483,2865935
100,3928703
91645,3686951
53882,8395264
51969,16726833
10605,6027425
77230,7243963
42360,9844369
84442,488601
69183,870850
57434,5580022
45949,1255
12634,13150832
53106,16642491
53831,6004092
945,14945870
71966,14555085
25879,14566658
40868,943116
84073,7403244
20743,8121459
91915,10857992
72060,9680688
21644,4258159
64301,13466446
18607,5254971
3883,8300845
97559,16123912
59032,9819579
76812,3388465
73152,15413069
83650,11408578
27356,15415936
78276,14112737
91601,9712622
93836,14048243
81132,5840425
66793,13989915
18797,3627175
13131,11947619
41692,3750400
2071,4891177
70634,12151997
60579,9350436
11774,8383876
29496,9534616
54681,4711876
20098,14734173
90341,14845034
51761,13589389
64106,8471997
73686,9723209
97973,12313810
15446,4872829
88683,16243305
11904,8339648
8221,5386636
53633,13497621
94985,2431636
61110,6840114
8305,3567325
8213,2967274
65216,223874
47417,6174024
45566,8251135
90385,14652544
99319,15451714
1581,7389166
1998,12542464
74079,2573678
11241,8283660
23943,11482178
104437,2563590
65056,503676
8763,14453229
99422,7043013
95267,2365514
36186,8814528
62673,3411517
101728,11922380
82509,3087447
87948,16239347
39146,16263732
82858,8424215
97862,14993284
51578,7496157
103301,11437663
10036,4378226
88961,16539036
52559,14250451
55903,4670477
63268,8533790
26404,6671610
81918,7393610
69751,16522703
20844,464705
27812,8975136
35802,11766532
54530,9873953
95415,9698635
81695,3007141
48058,6298074
62075,14315222
24352,16795631
50001,11171185
64585,12123198
57132,15860725
21175,14498281
9962,65497
95971,15283222
43711,5061166
18723,16692465
84323,12831246
64783,4471981
50712,15231763
91085,7980721
66513,574309
983,6799676
87562,16292547
84816,6943749
53926,707251
52669,14993520
30176,2231436
103472,5237042
49432,12537860
58467,15474469
94178,13340925
66995,5317963
83360,8326487
51003,8188482
4278,14306659
39620,4783559
35237,10946164
60298,9911602
28702,1285083
12743,5100134
50212,8564753
71068,12741173
45609,11486621
55514,10132772
60275,172215
83950,8004563
67163,3158592
37145,10575207
18632,12381130
17783,4403954
11394,6788009
22252,7788472
33144,3372797
42059,16193727
26149,4621244
2831,13801953
87792,13352866
59459,13734894
64389,13691270
24014,565742
69583,11828489
54559,12919439
44354,12761760
70305,1073228
55,12856595
64179,6089702
53321,14992778
45104,6275812
24090,7189910
28742,3478309
33041,12518651
64949,3225293
101330,875819
46419,12895546
70027,14180917
12939,8587374
53749,11413579
59039,3851277
41349,12840276
91308,6949472
34460,7179393
67665,2375893
62134,6393787
54414,5865556
24559,1887147
42648,8434518
55176,14415992
102309,2937511
59595,14150545
92021,7535817
68326,4310417
77788,1504763
70389,14567412
30909,1600920
42007,327739
84475,12508884
780,462145
7894,6247521
67149,12101131
40476,2670406
103343,3473872
18089,15460849
88545,3646296
18466,5760230
65531,2856274
41766,7083926
30760,1571254
64209,2574813
28556,13887516
70234,824803
82718,7619817
17099,8704906
63067,3430595
68857,10949108
86005,2622663
10679,12790783
48424,16095777
32138,8911138
22620,13341740
33189,12528721
10761,13134341
78488,6590065
32267,9575528
48819,7829718
81304,4821395
68542,12499767
13937,14032223
17856,7575716
75747,8236957
93174,9544088
36630,6523061
9733,1500127
8316,8404600
99109,13430685
56881,10196436
33677,11000355
82635,14537862
37490,14184892
31819,4925350
76537,6292987
56801,73406
7313,3758165
76695,1795729
95122,9017790
13376,9214061
85016,8385735
85136,4635544
16825,15684182
69231,4491834
18913,1254115
77258,9341519
13406,12245341
38593,16682651
38742,9645483
86001,15371723
17842,1280451
54560,11932755
2336,9314025
10163,2381171
15852,5294811
21748,5245353
85057,2470091
5632,11283028
49314,5432162
63615,8985599
55501,13911669
79911,12480454
81696,8660568
162,2336679
89137,10881196
51773,7920553
68181,5468662
93158,5380038
56872,12099095
12477,12519701
47123,8156522
26873,13044457
75377,13588435
41099,3039491
75895,13429204
99692,9283007
44492,927415
75851,14696056
17189,6362866
62943,13758135
59957,7727414
80923,5991915
96453,13351898
82778,699814
28426,101092
19796,14255333
15225,12484299
33243,5958519
90573,3907143
47676,4811172
64001,6136573
70973,16556628
99769,9383068
44812,13466904
19888,2455482
3501,7137347
100575,10155413
84916,3499248
23936,9962835
71407,2707142
9897,8996304
98924,14600844
97841,11622312
59141,4716107
36486,16476312
42759,7064649
22336,3315813
96374,12851233
92856,14893240
94189,16461199
71199,12188971
79984,2131141
64124,9556507
78561,10626623
66252,7734352
90635,10253458
3132,14602179
42108,13972486
50269,2460498
39947,16738473
79579,3490928
80156,2110842
97359,11468936
94046,586740
37056,4769815
71611,9850266
46622,7231209
83178,13968188
85597,14219832
73580,11785135
51795,11938718
102959,7404847
37305,2337690
60401,12199901
19882,8694133
4440,5726123
42474,3025682
92995,2951894
41187,10365048
64959,15132477
84451,12297676
97744,16223652
69904,830527
1439,6092310
40912,6486448
70574,624240
78389,16425214
24131,8197445
95792,8055487
87337,10135274
53400,16152132
77571,2093133
52053,11428186
34434,15837958
4167,3802073
51630,11105334
66881,2608211
92823,9366366
18231,14398578
52177,1730895
69691,12098347
16740,2923506
91996,8914507
13373,5490569
46827,14119482
68728,13870228
100434,10146930
47282,8505882
81568,1283495
6862,16385891
49520,13716204
48519,16536413
551,9123134
65305,7691530
62200,11853077
32644,9163460
85213,6246804
8956,16671420
57784,1975588
16361,7928938
6680,3795715
98901,10833792
69385,6125909
60783,11423482
9238,10207
71721,8936256
96371,690306
97114,8844641
4738,11046915
97177,1977212
39192,1045352
70648,4065790
65227,1306318
88142,3563980
9987,46336
38799,7257991
42239,8423023
79430,937038
32013,4673514
59788,8127897
72909,15692788
95853,10161879
37327,6480303
52167,5270677
58468,4636646
32411,9062928
8420,5327904
69408,7977782
59365,12409244
3858,16695036
28975,12202192
45245,9949151
101764,2655864
79986,975258
67822,6679599
62265,12187236
28109,8587308
7976,6153617
51160,12242108
17855,8826993
92355,13352602
58731,15770688
3746,9569405
16556,15662468
36571,15624407
50025,15207664
4360,1581798
74559,15198516
46796,15172424
62874,6039439
16752,8086577
90302,13219544
99014,4871734
9979,16197763
44243,2412867
42294,12561863
4239,8860633
32156,6546914
60884,10382074
57311,7887489
43477,10016144
23812,6486403
51412,13746523
82072,6927406
12436,10987015
23668,9959264
76326,15327977
71947,16706822
68323,8122579
50771,8411998
101479,9741674
33748,7201800
73490,16052633
92663,1235245
17529,15370802
49423,4269702
14316,2636319
31733,6901672
71402,13865806
8683,1234326
5339,921287
65898,16283407
62916,13093689
20173,15443578
67330,2791479
8320,14542348
51743,9555014
93982,16744140
4091,13522378
83302,3306917
52024,11681968
22185,9479137
34455,661378
99800,8087740
54872,8940509
58513,4086527
59643,6292443
63894,7771727
25045,15071399
66298,13372710
68010,10961415
59254,4473745
57720,6623132
78030,5372190
51327,16453121
15343,11284829
45839,10026303
75708,15391836
103642,4378159
24199,3546258
53660,2047611
51255,12229529
103479,200954
11660,16239714
58171,5267127
1782,2609772
53029,15417741
30268,1849675
24167,4894872
45510,7418392
59397,15045037
9585,5119185
64006,4577684
88213,14654886
57110,11428012
2371,11244777
53795,13868146
99291,3060003
93695,5583902
7719,192849
27975,5473834
78639,6607423
4399,3170274
23780,14533471
2586,15340851
88699,9313056
48498,4889037
12024,4980139
99501,14785309
100880,8073007
43694,9929592
84393,381090
64300,6205354
10496,13655066
34503,8551794
76346,3840428
24370,8734547
44498,14535209
57045,13106735
82746,3641105
13533,16296934
68813,2739496
11171,2559208
5856,11542767
69888,9965377
6692,3545907
34759,6655691
15092,14894724
103523,5460648
1706,6958379
83759,3030275
47016,5530508
27248,1443842
40079,11672805
50024,11113029
95545,4135248
100164,1898613
64837,12211220
68005,4262022
13261,15786375
74240,15634540
42049,6067864
23644,10635963
23075,13343904
73688,11659498
10410,4172084
10133,2035752
3003,1136663
65196,3844042
32671,4041768
32108,15959147
99981,13517252
51234,7043853
26669,9886051
75871,6921956
2227,1859194
26293,14280765
78424,12439136
51652,10328558
46114,2199723
84992,6305682
31460,5920157
85670,9553100
6048,2200296
47462,1438673
66883,844962
90012,4942260
51671,10497825
5320,13634925
73313,15635951
26323,4398127
52149,5874331
22437,6223584
32836,6567249
70551,15025043
58270,402015
66392,4314468
25579,1006671
88620,5245641
30149,3468575
55316,6160183
48302,3348327
65027,9746696
55722,2857730
41786,7586025
33437,945460
34100,1941977
76664,10164527
1042,13187176
72270,1775153
25127,15461857
63635,6027654
19030,11744658
82191,5348857
89165,11633651
96812,13471748
41639,9889737
93428,10272431
44758,2844644
75121,11859661
76190,1875999
9394,14990095
659,6343870
62763,3085799
92998,15339192
69700,7813618
40942,5580855
27163,6284677
94216,10524464
55087,15253157
67337,3854356
11870,3545037
37174,14502655
77931,3083912
13917,3898247
24311,14180504
77867,4991954
28289,8463994
31516,11598263
93658,16660387
89365,15931254
39294,15720971
25751,5552852
42514,6373372
10568,16309931
53456,11101739
86111,13499514
11499,4972018
82837,5531301
55010,439632
68920,9660337
83319,7556816
74489,3520647
73139,14254817
78739,16024938
54368,3314921
100012,4675282
74398,8821020
71103,10819922
99862,11956356
86230,15288489
76828,14538099
7808,2397189
14426,11116126
18367,10914967
28299,6849644
30495,7453961
48752,16783043
51966,5560296
77236,8753331
100610,3027810
36149,7501551
28408,15292053
103274,2598494
43538,3016314
8122,11920945
80115,7420031
60148,4934040
8079,3343137
28158,2510981
3263,15194036
49309,12351942
66507,13826572
33499,1591966
47659,13358341
80473,3459307
85279,6288740
40371,13311249
82571,16655229
65495,15120701
59333,5370760
63246,12836472
59935,12338952
64752,10990904
58294,3892402
79694,10032988
94445,13381823
94632,13438529
84850,4186981
5432,16305168
49956,3969519
27178,245368
45358,12490410
33666,5434575
100930,565112
12426,10475332
37858,8748445
15173,14930897
62773,9018341
95214,1003931
22230,6068656
71590,9688523
102069,16285251
52145,1724603
21165,16649841
55878,8284942
83519,1191914
70250,13289948
93356,2569460
74985,6238638
85831,8131916
29611,14665961
50540,9562456
4158,9771432
84281,1032279
29916,15571550
84870,15970475
37918,8169954
3877,6823202
47666,16082167
4477,11161701
38006,7349475
10936,586617
102581,409426
7118,3670417
37207,16005806
52033,13368685
65568,10461900
103740,12530048
37841,11163008
36118,6069336
99043,1439344
42058,10431083
58938,13538498
53138,12789476
9790,12194107
31274,14076137
45935,8484172
45123,12751170
74441,8633018
82403,9379407
6139,6194334
50432,13252019
3228,9337727
41663,6815096
88150,11042476
77802,6657477
17100,2867777
3834,1426186
69074,12377531
23562,3761982
80348,6870079
87208,10455305
30875,8572279
69653,8209782
49394,14376115
19020,4248867
44595,10850368
99140,10461065
95287,4045714
3617,16311624
93354,3006287
41853,15383653
66135,11236901
69419,5731223
46694,3634137
67950,16282512
96698,10861716
3316,9349519
73477,5606510
38437,5316891
42390,13104955
90879,4316885
60020,8117728
64736,16785994
15907,7420882
38413,6059379
3127,11761037
66083,12047717
76,6629820
65653,6879337
104052,335496
26277,8234085
47684,11110228
103015,5997415
57796,1208232
80903,7154803
28903,11949126
420,1268346
56999,15121293
7202,11541457
64279,6191243
66803,1660525
55350,16353443
76468,11771232
95446,6838640
64502,13436751
50349,15775895
56020,10495562
95450,4701137
101560,9368934
83880,1753688
13635,1860865
35000,199475
59782,11825432
97082,8201289
43828,885108
91517,15731483
66383,5588426
40275,1253603
3040,9757224
50965,4603448
96138,14195232
1169,1505132
7181,5945054
50688,9890608
68020,14690820
79567,7614539
21220,11333753
55914,1917127
13011,7026463
40838,7066034
101852,12920373
30864,14873896
85675,6282954
98692,7100786
40926,6306656
63819,15661508
66399,10540644
71362,9104845
33302,9868608
99219,10692090
19857,16620041
62878,1635347
21929,4607688
10070,3021528
72676,10617671
73700,1670393
21973,7573199
24688,4878068
25355,14671653
69083,14487260
39279,8696396
97645,8631595
15043,16370307
80177,4858575
17682,2468184
38003,5138736
39276,2928274
85534,14798984
45703,8479767
14406,11799717
75856,4794127
40604,14579766
22797,1058422
23548,3064931
17984,5258927
73427,1073330
64459,8705811
68852,14569002
71112,3077322
94685,5793657
67512,6181440
54069,1930860
34154,16332313
75135,11644606
102815,8925183
49912,836201
81740,3634119
40686,6678913
97072,1037754
38205,10212935
34950,6552289
63439,11754029
90734,15129841
58533,5418555
40227,12820252
67114,6230450
70812,6868317
4652,4606755
17590,7138976
31834,9456672
89487,1317001
100588,8787229
102724,1407347
2582,11826732
41093,8020909
45938,10675226
54060,902998
83316,15178105
82168,5500195
42084,11855712
83803,8983234
34885,11066043
32900,2967983
74181,8192314
39362,8441417
43498,11820429
10481,12718941
5781,3166120
1640,5845828
9761,16233418
74001,1708005
33634,3097508
86155,13278305
52462,4828115
57921,11630343
76056,14156151
25016,2942730
67909,4543800
32307,4632457
57374,4914903
82214,12569345
1053,13862284
57531,2542467
5262,14945831
90910,11468734
25161,12770523
6420,8380680
10598,11953330
99450,6194741
96522,12357282
15771,11687818
28046,1437794
68463,13380958
39816,611528
46713,10756012
10160,14317706
29375,5880821
82015,57518
40963,7082703
24270,3269612
5883,8170742
7644,8031445
29403,12945665
92278,15969839
1044,1587253
77491,2719031
27951,17402
64319,15438069
41890,1843777
19254,1126963
100898,14207474
21238,15138378
1571,11091700
22948,762720
42864,16276776
22626,4153567
44655,16747294
39713,7890237
9105,13339683
35479,3121776
69761,5168843
64290,11196389
98867,1352095
61507,7020564
68685,6747754
24934,4978178
97392,8879967
882,8013466
36329,2851614
60387,11844934
90857,2303825
39897,8162450
61349,9093578
40850,12457107
102537,2014909
29024,2597625
51049,7422392
18902,13872871
41806,1368015
86684,6492968
61228,10407043
90001,8990419
91434,10114436
28342,10389024
335,15167139
69332,1496783
50059,2047724
92941,5933977
85439,12554097
84940,10783427
24584,10675139
102772,5054068
34956,13566187
22327,13739327
61780,14590080
85043,8952852
98665,15883510
55723,12436026
10794,15815809
89765,14783498
89599,13032190
43105,4868619
22140,2340138
73659,11534999
65326,14439073
71578,14226665
2980,5911263
7813,16747743
75390,5028806
45756,10724228
33858,15746411
55143,8900719
10032,8561
14660,12784294
3487,7239029
28402,2244131
62236,196423
95137,14122993
46897,5726305
89222,1444323
43909,12098829
32794,14723060
42874,10960909
15348,13842744
56659,4743524
50811,14258706
7756,11994143
98052,2091579
74909,5622253
8778,16113575
33831,10488312
77188,4906326
32596,1760846
30921,3011145
87204,16509213
91981,8396511
54211,5690755
21312,68689
19031,10915480
1522,4690154
31554,12678902
62404,15012747
38769,1877294
92023,7304036
103419,13734163
91454,588860
22105,9925794
9013,4567076
92043,14395658
41215,11956548
67073,11340710
16956,2136877
42727,5413700
62000,3221753
84814,4311654
71058,11360411
55398,11908744
47104,10155207
68310,11782884
75230,13565941
74786,14689223
24928,3204645
18237,13685600
45331,13390998
58430,16537682
71151,3545119
58008,15435034
72037,12987115
74675,2340078
100461,3969226
13437,11556708
27353,2762005
99354,15247875
14149,13914972
39690,9679407
24218,2032260
74221,9741550
104540,16069124
96439,1242640
65870,8079914
16868,1428544
13950,13710485
99610,6826186
86366,11947260
70213,10811558
57373,9436793
3471,15580286
28746,10546733
91917,14974122
99385,3695124
54102,2512341
45138,6044423
21386,14296950
74470,12399172
65847,15812210
82349,15615274
9935,2788065
86162,16124651
84967,10074337
40722,10529569
51419,9759994
89607,9673400
66732,5903738
86520,9206529
538,1224605
34700,11451191
21282,7832551
66509,15288159
49295,13968806
98298,11538736
75357,11713591
12159,16729587
59536,1708391
65073,6923222
68164,11776573
36929,13791103
56868,62298
55638,9958320
80042,2739634
70588,6862117
88771,7300617
2986,1594822
48973,12342962
2748,8480618
65156,5623200
54040,1012601
27309,16783705
68519,7253122
51668,14446521
85998,323376
77525,1954066
47617,6947979
3571,16496355
19041,5176025
35421,12522248
73273,14168947
70783,3258291
35281,11299621
66469,16413598
82696,6977501
100660,13429422
52611,16668983
54054,16461229
76442,5659100
52088,16004751
3104,8156338
30742,9399732
81329,15021737
49611,2896086
90178,16086000
51524,458680
25158,13905579
72289,12798542
49400,1494085
94962,12802503
58928,14949678
78076,3418951
12381,8077381
35690,16795672
81718,16233775
82406,823056
83158,6024208
77748,8627500
77961,10425227
63641,12025827
57272,10415333
47671,6682670
67144,10106353
40440,9402424
83725,834855
14174,3247592
41683,15704481
79418,5210371
67102,14280614
2801,13912663
57505,10335574
51441,16788240
56919,3720069
53038,15065079
12503,5087098
51308,353216
40115,7033404
9039,205695
3315,7722992
98162,1853658
4656,11864456
23205,6892737
6112,10887847
78430,11846015
21442,14816765
101828,3893186
35907,10795853
29780,9131873
67008,13476867
99750,16142263
103979,6819873
86381,16103801
94199,16142951
21945,7948680
85463,11506578
15688,6584937
75941,13012535
83528,12581675
61007,3486384
29161,15204347
101584,2128584
49870,944202
24635,1055357
26166,1555050
17630,16189643
47338,14416217
59665,1656085
70413,16654335
8272,7972638
59549,2258009
18432,4953183
59869,4986250
3570,12743512
53777,9136342
23914,12948294
8582,7401456
82227,13848941
28047,2855419
74473,5578504
22639,15915941
35686,15345105
65343,16417848
43450,15228828
33863,9074357
99672,7298437
27758,9619368
100925,12802909
99141,2446140
14343,7367906
37153,14496428
375,9957982
80187,5522092
72976,15947675
34008,15114822
26265,478071
47719,6599593
12510,11646193
35927,6621434
19346,14326749
48396,974628
38475,5103858
81409,6007176
22157,8989317
7823,11780837
14557,15882510
87472,8463206
30548,11561126
73926,7088877
72374,16601146
51392,7302598
52663,9922388
19672,6897912
71524,11889169
71351,15874357
87033,4088789
102992,12947533
94806,2951189
53532,8689690
26255,6945499
77318,13377545
1662,2638914
70664,96769
63239,9930279
104507,13430656
63424,14044836
103264,643417
70899,449170
18137,15793931
88686,758623
66066,16294034
59481,15470318
62927,4196255
82286,7025058
55649,1185910
103432,6696875
42590,5054866
45271,5304991
59017,16706736
81748,13503123
70278,10127782
40514,10015261
66376,8795652
54915,13769917
20035,4612154
66722,6225222
26938,14216267
94240,14094714
49743,1532427
68166,2756184
6856,8509256
86669,2631390
26075,6222918
69302,4422271
93952,377620
97212,712113
79057,5306254
36430,4523528
24340,3520963
12995,14599121
77107,9321905
91578,5119387
73741,1210463
1497,9237178
32157,12954128
65178,15191332
90409,15437976
51021,426761
50662,13005574
93377,7709036
100695,9393574
85886,8836017
20094,2134946
98435,8570709
77586,11036043
44589,16543517
56768,8043552
34834,6587488
7277,6442372
8994,11638285
66034,1464916
83782,3096583
60991,10831795
33037,3837546
4679,6658915
49388,4562432
85899,7010521
66434,11073683
19214,5939931
43146,12083061
55931,9764321
6216,4809504
22966,5830526
68121,9507256
12550,7491498
98428,10656265
170,14603028
81086,10081716
81469,14817062
102588,1554872
32026,13968451
96109,2573004
78982,3991583
21922,238698
31884,12777929
30005,644261
73251,11779142
44210,5341947
11285,1972053
37046,3825857
75319,3351124
10886,5038246
48935,16704512
1732,12637478
72879,5826432
101363,9192869
6927,6434546
61539,4377532
48887,12297070
45444,12142625
93381,7588111
25930,1124483
13226,10190325
24237,10580566
38548,9481271
44521,12401150
406,6044874
23,9531300
64200,5215318
32587,5114024
87011,2561014
24271,1981365
971,9649804
1046,3326035
57825,9613337
96978,11140200
97956,11614992
7735,10701863
53235,10517739
17937,15737747
2259,4232279
38035,4804369
59684,6233910
37461,11733000
58780,3785568
41640,12503746
65092,2432731
21855,12264052
77460,3114267
70874,10894644
98555,11025593
32670,10632994
78328,4921849
104284,4717284
21958,14953787
26579,15981239
76838,15169274
21523,15781710
23384,3224196
52590,7903567
25444,7473290
86441,14706900
55250,7852425
103342,15336649
45085,4599835
43130,13308180
16176,15014306
16057,8800848
31826,14441725
103065,9885028
45338,6815326
89539,9367713
69301,1417503
98141,10810917
30367,13084839
8518,6981068
22923,940045
61023,13711728
99599,10678056
75266,1526307
59313,9063042
16330,14411642
55901,10833885
51989,13465076
2512,13708349
101607,9351089
75049,16293882
71368,5653563
5494,2143650
100367,360711
103069,15865589
33350,3199048
60595,15613268
61301,13762842
61569,16078476
4363,811966
92392,3018669
9496,16153034
38142,13238934
15646,3272891
66056,7056062
22800,12993955
35484,15258189
21938,4511757
97805,14693972
36918,3717288
38751,15764490
88549,3909736
44147,4408695
7724,15409800
40719,3075696
44937,5331034
87125,15597744
83881,4591185
98462,11108328
19337,12236893
93769,9203073
226,1773122
13128,5887092
73309,53419
50594,3760388
83147,11215777
40160,5774508
52920,15205290
22325,6427846
99658,3414601
5916,9147420
102037,5293990
8835,16223381
35825,3323310
44807,1059492
27653,7794800
16215,9120509
63463,6176400
60871,725790
95924,13157324
89226,419536
40515,3138989
78415,5503150
41344,9546890
46755,3089777
18523,10000815
80893,12267934
59575,10982943
89746,15575642
75327,11084381
42954,10942584
35760,6959193
97764,6508321
20851,3385618
5115,14697962
81930,557286
62185,5367310
75402,7158709
26993,7713217
65393,5642799
17946,2409736
35,14166318
58580,3825870
9157,5646560
89670,15539049
81937,1349986
54774,16012449
100787,8686778
45865,13132146
45200,7846665
63745,2675827
70385,15862629
43187,2303015
65556,12187027
102451,4755400
97599,8625313
4704,4092762
47392,158840
56174,10446691
44493,12759421
103544,7297681
78160,12335497
36319,1008393
6562,13237103
35900,1460360
39879,14644540
80041,11930962
65746,10691376
58429,10094656
23885,10203216
24922,5483245
58176,4647603
2721,2167012
85694,9494303
27636,13430042
72748,4790127
91452,12077574
63627,14345174
10571,5751648
29995,110522
31968,12140747
58360,6291146
6046,513019
29334,16092947
3592,409418
82228,7483603
93402,3180945
45161,11470721
26335,4322263
70418,6953167
75015,4798416
68873,14922621
37366,11241339
78605,1021907
30960,180897
62934,6798699
29393,15304735
135,13744214
52893,12985429
36471,1686079
76417,3840574
10144,11639465
30618,4029474
1645,10627718
4638,12358175
95032,13854761
79101,3474901
43600,1998809
27474,2537029
15128,14486500
25068,14363574
74112,4306569
25385,16742243
94592,5444863
93411,16139181
37528,14652990
86699,13410733
90560,16175558
89734,7922159
41728,10098541
78862,3756121
14564,4682610
78319,9461487
101184,2450411
68226,2533812
54031,14784123
6283,2451622
95421,13868419
60503,13590819
11594,10382293
67971,5947036
52662,4716279
15123,13896217
76295,11408737
91664,2052782
44517,2048221
48798,10779252
103170,11745214
41537,3793987
24382,4567118
64532,13853865
82869,6917657
37351,9091981
55592,15114153
59875,11401848
51420,1166418
31050,5527879
580,12829287
65625,13917316
89763,4206863
38057,4377078
46134,13663588
35625,3367273
100731,4294530
44724,10643423
34019,11019146
81117,11637484
18851,11464341
68258,5183388
14975,6119775
17195,16674562
62087,278643
87542,15375238
32876,11312443
49947,10221872
39407,2260975
50061,12360818
85113,6795342
60405,6737709
43427,3484896
94093,14965690
509,7138269
19946,7080972
90674,5329799
97139,12846187
39823,4810043
28710,7015434
28275,12958108
40263,855690
25796,9593617
29482,12469568
49084,10347451
18916,9565715
82787,8930143
34886,2817973
4517,6789901
33922,6901207
101466,455854
60576,10814321
72862,15365964
71634,11903798
96222,9206072
64371,4186240
56889,13374135
45971,7174957
60882,8179333
3095,4758237
101949,4486800
87871,7896421
3376,5691014
45156,14210218
24882,16629045
83844,2551009
89510,9820291
4436,12831069
83037,4343918
81118,7853811
3884,9604406
103622,10447911
48841,12140426
71188,7506460
47241,5966617
77158,14420758
59264,413030
89297,6896178
83278,14050358
83918,13908360
13565,3716550
100003,4009499
34348,16067688
96096,14175996
21507,13094832
47271,12247466
89742,14042486
45458,7568154
83381,3744770
91496,7228990
84876,11531562
53584,6197881
53302,221052
7194,8087754
28220,15455240
11724,6494285
84083,364708
64286,1757086
22967,2328771
17368,13270700
22782,1162515
61767,12463376
26602,9054755
7532,197649
76206,3468050
28423,10045134
47080,10690123
43774,4165006
13160,1283104
47463,3911669
28565,2169402
30481,13642352
64971,1745312
81583,3192963
33635,847990
44376,11874848
9297,2757847
2800,2170524
89721,4733933
39005,11235560
58448,13857051
59304,6018113
23083,8156425
10077,6997991
5679,15140718
66669,6325748
16171,2700120
19971,8410656
66797,11547621
40288,11028233
86362,16064815
26771,3546036
6438,785386
42129,15811365
53219,4382777
19297,5911189
3073,5669973
8245,9260239
44828,2351590
101712,16036902
100759,13811277
1901,701640
101549,2780790
86131,2027251
53482,16060066
51172,445683
59921,2692824
48471,7342941
54978,7895479
42631,6698028
93175,8131753
103164,12398806
6002,13849831
97857,16022413
17715,4960921
76073,4481027
54120,10144358
52369,106647
4462,7064181
21550,5657159
45772,16417312
16534,13582839
78226,13108687
46646,9203309
58255,6822212
30740,10070839
99555,15183802
97988,3953799
63630,5110960
48460,5198538
45311,5443486
3603,540851
73873,6740374
25625,852400
82376,13885479
99532,12626996
33274,11505700
764,12585877
69519,9406748
46701,5694803
102701,2247995
42021,561365
82396,1718969
59642,4725734
28183,12160677
60565,5703800
68087,13494078
58131,4080717
41805,2120967
69578,1983257
72091,13130039
75322,12266998
266,13112397
73331,276502
44998,3123567
64493,6464670
92257,11866766
94425,12879263
73340,11223677
68978,12351208
56029,7180613
65452,2954690
33419,15966888
20416,3107349
102798,9106451
31461,28964
88559,10762833
72078,15424404
75314,1478370
8138,3963059
80864,4600190
98119,6794119
4866,16508244
66985,9211655
23318,13059629
69316,5144106
78780,3704542
21253,4448211
23999,8141533
16559,1721963
46847,7373158
39799,15339949
95642,11786767
37037,3316946
21890,466179
86987,10123419
54498,14815348
39043,16499045
90684,12408613
58902,10420705
60471,14524582
4025,5620457
74239,14623876
2855,6860343
16612,7108564
23643,771366
39155,12659991
55130,4003329
64745,13625354
31685,8390817
56632,12613992
5301,10411109
31040,2806681
564,3048560
10684,9050358
47469,11141629
35120,8871732
76819,4678194
86630,16367057
71080,2362285
17771,2648949
36527,4989488
41930,5780901
52491,11414697
61482,12667518
14931,8691958
43588,1250687
67556,1428584
88421,12292781
24705,11562150
6089,8777169
82305,1123569
72063,5218480
11874,12866961
511,5062720
60352,16648158
102954,7353696
11685,14982751
7789,7215531
66661,15761009
98637,15528640
13544,14600593
7710,9774642
397,10688659
103852,9409043
50003,16153559
87245,16458773
86451,1405936
63995,1734501
23583,16278291
56401,14837144
3710,4539060
68940,15423511
37964,9032698
104486,10834915
65598,9258745
55511,6254036
96686,2907865
85348,9312765
19983,10412104
34940,13582218
88344,3695229
81688,8442944
10553,827272
79891,973180
72012,6324311
33720,7146165
99015,8632827
38723,9889012
59394,3353854
64304,15438059
99376,11400152
73142,8231257
25532,7448485
13976,6765753
34585,350823
68541,12237998
85107,6564851
34181,8847491
22837,15652634
98548,470568
34053,6776467
42998,14560726
102649,695131
72361,14306747
14661,13577772
25246,3348891
29736,1933554
7871,12437267
66990,15464346
51576,12230131
96217,11684718
96180,5487439
87515,8553887
14240,8217023
101333,16768170
29439,3123976
3147,9658409
67725,7905738
101018,774875
60166,383350
87162,15125872
35668,306486
41346,4401783
92260,9394514
65667,8992700
76155,5800546
3659,15911048
8980,1800579
79192,11138006
73049,11687600
30642,3613348
99157,10290709
70507,12809727
97917,13197205
38291,7527438
38258,11621228
71560,15582355
22570,7086727
33052,12241668
9864,16072938
25015,12429920
65377,12114180
47538,3695031
47357,381325
40447,5946696
77940,1932239
41513,2734216
50848,10144499
63742,3185690
25214,2955490
42845,12384672
75633,5215702
8832,3341351
48259,3269404
39567,16464773
46784,11378125
54302,10866424
98920,4631712
24468,6402321
7583,11799271
84199,4799089
35736,5865010
47919,2119395
34849,4284497
17343,5317185
14497,7623291
62939,16103167
22365,4693009
70045,6191056
99155,640383
54183,5199859
64442,10534737
98001,2940004
19235,9671382
73396,13389504
9577,9675077
1790,6436895
38676,1017239
25611,5056790
99390,1644328
71499,15038652
50353,5535396
52810,5902957
16749,614134
13113,492325
26382,11229678
83177,1581920
19476,297980
43584,6027162
63345,660695
99798,15348045
102437,10863869
60527,8526597
88797,9345905
17502,2347749
49515,4355929
42481,11425257
68797,12716601
27482,15904706
55822,7122030
20755,14882818
38922,2225884
42103,6150473
5078,13711839
6634,1660967
36604,8394270
2017,7899113
60616,10119025
33011,12258388
17665,3566465
97881,6828342
49402,5476625
68643,768846
27618,11322128
74143,3150235
10945,10945880
29682,16072395
31699,9989946
72611,2415799
48986,6454405
89560,3868100
21107,5656277
27733,8361985
53075,8970246
54186,16710022
95057,15693325
28131,121104
18635,8002252
55965,13438334
41687,6157395
41616,16246499
7224,6146861
74687,5286196
60310,5493889
47065,79049
60548,9517795
7751,8186790
45092,5769716
19382,2421425
67461,6271863
60333,15510434
100749,16403477
25055,8234849
95301,8877444
29306,2646406
38486,13718540
61363,7346245
45470,5033627
100272,3421938
23386,6716183
13335,498093
45786,12560416
87859,14569012
81332,7234663
59002,1627384
80110,11243337
41095,2557227
90018,11952740
10109,5156485
1002,13412604
37897,13545383
30382,573581
56920,864652
9486,10067840
81060,16099571
54116,14086644
87336,11427271
68938,3660008
86714,11077676
43025,15575138
60544,6657812
43886,3573727
48034,33193
62020,10661262
66366,3353259
19027,5161608
104354,8342314
70272,14571165
66813,10008961
3114,2538393
37053,3940260
20055,9124268
101455,4432888
8298,866933
77045,7143242
91816,7558493
90485,12624356
6417,6310380
12234,14387048
40731,7833080
9557,9063932
92645,960286
92240,5600769
55024,15488899
80505,4538891
39361,12730012
39756,6357937
73628,681161
94443,6922977
6878,2691068
90247,8573639
10248,3689104
88408,7279230
84466,20398
48768,8236761
13901,6219163
78117,1905046
30425,3690549
13069,7368035
38912,10784851
31942,11585900
68531,13856986
93147,3747431
55187,4265318
69363,3736797
49875,11156802
54113,3421491
59567,13458322
45867,5839137
74468,1864519
42556,7866197
37812,11837497
101696,2169535
43963,6005225
67731,10338079
547,7291383
6827,8262275
31877,3400143
83623,14002562
61778,10311328
84173,4563246
14739,10795507
99195,5323087
26450,5164134
32626,14984873
36949,11035732
81012,10486735
72758,12938127
65267,7163664
78296,5604452
103358,15929999
50601,2209527
76595,15483087
47923,7240965
23722,5099606
14937,737836
55518,9939653
3424,8616421
87141,11537056
50914,8807215
41889,13829536
83692,3955866
8691,3305312
89281,15491006
87500,9764385
64051,10269294
38094,15336663
93010,10952082
42824,9491018
19732,15504911
48075,12843617
32603,8903595
96003,11910206
82928,7110804
10752,1289249
12143,8391080
56857,7067251
75631,4866305
78014,11767271
46295,9428279
17997,618755
23316,5382700
58235,14079885
102144,6315884
35719,3581562
63348,7402895
95163,1397183
34870,16178270
39103,2255027
35731,3995331
88081,10672622
9874,3170939
76476,849790
21170,3524922
7147,16040547
80036,594341
1099,15967475
16688,10195790
91848,2320418
19378,13512796
29182,4922258
20066,4016884
46640,16613118
75080,13691262
40001,11102541
35275,15483359
92671,8157623
83087,9388360
56775,1648511
60322,12278478
76494,7772949
15227,8750984
17925,6890490
57147,7559715
60255,8155292
11380,14412423
6157,8537280
64044,4117316
57194,12490147
65465,1579778
66930,2804986
41143,13868503
32621,8068854
2655,15384353
84793,15683361
17519,12055327
23478,13324393
70393,10627250
38843,15476675
9669,8347491
60024,10819917
24292,9262426
24955,8282535
84498,4324611
67277,13135408
4906,12129509
18494,2493998
88335,9564186
24174,11329139
60916,3805826
85295,7095451
89224,15892910
19545,6387366
71294,12252052
83411,8482225
2428,7363764
93936,533074
20652,13797212
69894,14548335
61067,2836782
26167,12239888
46323,4159701
7989,6945256
90183,12799983
15054,5887453
60702,9802026
31463,16227782
9192,13305747
43174,9127576
81128,5456714
68562,5091624
83985,1169146
98452,8638002
88054,6193023
50999,1597070
62750,1127581
34234,10805924
83577,3291724
3088,12932759
59379,14265354
46176,12572547
8954,1552819
58028,5519823
4504,6713683
19343,5380460
48437,3266076
42152,13313274
63076,12967681
76396,15769649
98873,6245996
60966,739924
91706,15430397
49486,13006116
78950,5849043
94557,6227197
77028,9389872
28087,3508268
69977,4406798
51433,801000
22345,6485118
22179,15448798
58685,7352629
74770,15556761
50165,10315336
70092,6524924
27816,8495829
55488,3162943
4742,889853
24399,16555779
16230,10400947
62328,8616597
60328,7642036
6811,9361324
37891,11630230
16125,4761227
52726,16192263
12452,10992221
69732,14255370
43315,7665229
13899,4853084
33164,14498666
95630,4095345
36638,13144067
70722,5965844
22135,15622096
33593,6946224
99640,10958051
38916,1076286
59714,4288177
34174,3270238
45357,16081931
2753,5390213
45880,6909376
65008,12753444
68605,7550151
30496,2198393
73706,9571650
35066,2234237
70271,1834118
56488,9045536
35552,10616251
44113,10186865
55744,1645778
61381,9184277
102341,2380799
92742,2153211
101576,7283043
5434,812260
101766,10917473
11831,8889635
100425,2145241
73216,2725206
62130,2225826
14366,704601
37367,4244721
82325,15471143
83557,5048868
15257,10203602
25551,6680123
36420,1434635
4221,4566004
104297,16237259
93313,15242879
96496,16667755
34462,7029397
67199,11946683
99265,8512127
7665,5993252
28,6543098
60023,1018024
101507,4319771
13861,15301028
11691,4373189
18394,11729835
44009,2189441
90133,5936208
1481,1562552
24018,4798429
79877,868447
54620,5691008
57586,3000089
89154,3424668
45849,10364886
14893,5121609
79323,236587
79329,10424566
13156,9234388
72855,9581476
11069,7647414
59360,10743863
84994,13629074
28035,13443999
3526,14442365
27132,3598221
47421,13781780
3403,3746618
39522,6618958
56668,3211148
80607,13810188
17857,13735485
97529,15127134
65815,6507710
54428,4309984
81193,3872170
5026,13355654
62486,4897831
25782,5891980
70726,5917280
45073,3408312
28445,14007575
102100,5607718
10177,1360764
80184,11159376
13981,10437385
5247,8356099
103090,1252178
30699,6545584
70279,3932462
93398,2265951
92924,5687521
10211,8196307
81383,5277804
75417,284570
39267,11654081
98807,6567144
99476,292522
73967,8941061
102183,540796
25874,11878006
100967,9756396
47968,6813354
85661,5981410
5420,7514648
39885,13406963
49975,10761302
20880,7531974
52847,10431628
84131,13447194
82211,9692398
97936,329255
70990,11553366
20256,4552962
51256,2515248
6930,12502567
88376,16095411
65734,13069528
19491,13556126
79268,3473076
89604,466555
74753,14088792
36364,2077750
92489,5952689
78081,4000990
90534,2321401
2473,12615168
25613,11260773
17242,8562884
81483,12090332
68515,3764295
24146,12042740
91763,7110475
85468,1242348
47073,845908
21086,2540530
11423,8414764
30917,7122938
90451,4344590
56743,10198681
65085,963938
100797,15280445
92546,3610583
76585,13326685
76150,1636256
3577,1515930
7943,8132723
92093,8892014
66406,13777136
43739,14964791
27917,12443593
70545,13441302
17132,15370380
86239,11967451
1484,851700
87605,13961832
61222,9400665
59996,13707503
28415,9687164
31018,4876123
15546,1089273
81874,1342477
84263,7723032
64520,887122
103935,299241
89807,8940106
70781,12244601
41198,15152918
50639,10373513
21452,6575326
92160,506500
8190,4900451
55042,4632763
6871,15431238
35395,16100222
97663,14542378
51840,1961089
2052,5409417
241,8245304
54711,11863722
87731,657378
83118,9071495
72392,5500811
33224,10808970
9709,2258217
60935,16338998
58676,12152246
3286,15431038
23390,15754183
83124,4464696
79612,8573532
67708,11966951
36264,13074195
60609,10860418
102384,637355
5890,15598529
26719,7862967
35216,7566680
39490,13880911
94040,6842102
85240,16672406
41065,10623795
26108,609666
57488,3636237
91507,9396220
11016,12628320
68723,6247402
37811,4118391
97304,2235999
9880,7380102
66630,10986682
74961,10390196
2948,4664022
44335,8317868
25272,10128924
57139,8741566
76822,16778497
53536,16049870
4182,4367842
62541,12984404
40914,5928134
92296,4651882
6078,12361429
9921,15560719
1339,14303366
37763,12895725
76250,10846653
26026,15676217
4971,7918414
102169,10522447
68349,9465518
24570,7471514
14769,5480465
47163,3305660
79616,16732603
74199,4462291
82735,2786613
33897,1336990
56614,3199125
40175,3606440
51767,2611356
38091,12989786
65076,4446018
56297,6351048
74435,14972107
1626,11926016
65755,2704998
34856,13410733
32920,14197973
45247,13160005
95720,7817403
37615,14145473
66649,3749821
32199,8607296
52762,13910589
8672,8849350
22084,613391
5072,11167020
59503,5738756
3995,7084027
59399,10100908
55899,4603227
89402,1106753
15813,7510244
29415,16029816
32536,6688995
2291,11707862
52309,4494132
92249,14599282
49015,5581886
49715,14676756
16605,1318161
87908,6478547
76011,8288791
101245,721089
55159,2816010
87215,6166155
42073,6299055
21204,5867498
79726,12375523
10355,11075485
70114,3721860
52198,3662128
16263,4749880
50777,8563566
93247,14314349
40192,1491599
52512,6535807
103508,7853521
13552,8875240
91619,15525826
68376,14023214
68554,14244696
78608,4885571
96407,5030587
83829,7221228
48185,13376554
97403,9837183
60883,6579697
51765,2341987
25598,5499117
27063,16669110
81804,11496044
39486,16103536
94328,4632537
53964,399881
103480,15795099
66704,15424061
61611,9129067
51995,9496837
53221,9356519
96448,3993337
59879,6949026
75212,8967910
101318,7103204
29584,6667431
4149,3160481
16236,2791109
81744,16666336
34419,3936880
42087,8163066
30790,1215188
27211,9147867
77998,12110281
73668,7176774
3459,12364483
23907,11519650
46676,6348004
50749,11995291
32343,3272098
80772,3960673
67560,12647002
83346,13326843
12948,2523098
69109,11352023
44929,1364182
88157,13400813
93427,16357209
91124,14510206
71176,12800270
33002,14548943
95254,15481230
1134,14926188
63369,402523
54570,11178357
82485,4601382
86959,5182848
89903,5905895
64236,2546110
76423,7081892
25373,8671081
25656,3718377
96720,9961739
31507,114317
84839,15981537
66959,10677803
58446,473970
83717,9279861
47917,7142671
93994,8351433
33556,10609340
87844,6818654
82149,12002874
65638,6955376
20217,4241994
32831,16558483
6063,593568
13507,15617400
27350,3336495
66377,9318402
44876,16144853
93683,9041934
43503,13506147
39637,6338156
30474,7482400
46789,3742381
18670,1453904
16419,9295573
28684,1383294
17515,8478757
100514,14030219
61955,327238
24740,9605919
11002,16060453
78776,1258833
53843,4599924
89312,2840874
93252,2221310
38617,4744225
95471,943060
99988,10463677
91511,7167076
48414,744796
68717,15022519
16128,15451614
5069,13291006
20881,3970804
16444,1327057
86934,12513305
98170,3053802
51426,1654926
92622,3213353
8601,7362374
81447,6716391
62598,5424197
9207,10445343
26950,7809317
24866,15831680
45931,9252569
58770,10367915
43359,10308821
57969,6871826
25834,8447189
3806,11116167
23256,8882748
61609,8371635
48851,9607428
9700,3704510
94490,11584465
37015,11774722
77895,1702065
33193,16778032
45359,15215329
76559,5446371
67465,10701387
31956,2740655
37645,16485669
31792,2541996
98508,15233155
99103,8540206
102162,10698108
3590,1368689
38386,11439800
38834,8121385
94544,6494220
71132,14656911
19928,7014034
86240,3113541
26905,9658798
49547,16220995
10047,16069424
100360,99033
61983,2455905
67399,4447032
10285,6751055
79872,7061012
64688,10434293
40435,9146099
61706,5509485
21505,12138430
68163,518313
79193,1704925
93083,13206908
15158,5069583
2841,4996558
48179,2305080
59898,2989594
95956,8428164
81924,4356451
85289,2040548
61072,12692534
61064,13484905
76203,14782726
67932,14508154
80272,6727825
81051,2337375
6405,13036984
27824,15839111
83697,5073903
51184,7444418
82225,5902564
73842,2098250
95791,4046009
51758,6567850
64273,7201244
74131,4752629
23772,5609391
97649,4857537
79201,1126388
54100,11089605
51011,1648827
77143,9480120
54021,166061
15729,5069479
99929,3450011
99596,2673062
73724,16175205
22490,15622341
67343,5210456
94285,49200
18857,1240893
88033,8135611
101771,5624279
29234,1459513
42257,15263519
91643,12025362
51095,2465615
21886,531549
45789,11179367
25223,4501796
63999,9542775
55685,7134481
67604,3714655
89431,12110044
56180,14562603
24046,1687138
8080,15116913
82604,6463188
37748,1628425
104021,1131852
15952,1369185
73751,1857718
87136,5885488
24516,9044627
50342,10173022
17086,5172383
81053,6251198
46705,12074297
32033,8501873
69397,11856653
66684,13976221
95968,2864727
82443,11431516
26918,15181264
57314,9634142
87353,13614119
90205,445314
102473,9285539
79389,16065143
92375,11164235
31143,16083976
13112,7243322
70954,4887950
44418,7016236
16724,14556955
5836,3353637
3507,210335
22740,7923505
97422,311187
208,2229126
42013,14831665
4443,838291
4433,16748088
59715,13720593
47985,13301310
81073,12871032
100192,6133051
26525,15625788
10592,2770142
103114,4337610
68019,11675219
64817,7268881
13920,6583915
19086,3959491
6124,1910842
24597,15804936
37227,11689480
97657,2013750
27371,570320
25548,7871443
37356,12556091
56279,10331964
92523,16417756
37099,16242883
81530,10424452
96114,3389410
100607,5229644
60097,2091451
40373,584080
66388,16573200
88557,10003564
52948,5818035
59702,160799
89005,6183316
3897,16561526
1418,14414836
20822,3782365
81803,6032911
59923,14290887
17580,3766836
66703,3990609
29065,14777958
59740,15225945
10226,853366
13103,9460694
49761,14957008
89953,15235133
15944,11306053
98536,8333258
94021,9887770
18122,5891219
6943,2159650
96239,3604679
58109,9539683
75547,14235988
62818,15863869
42149,8865836
6962,4168319
87619,13355204
7494,8628450
14339,4667940
45793,10697454
70097,9166308
54937,8052321
21,13996279
67724,12216177
97018,10209271
31412,5858420
94882,15191558
73230,3787275
79912,1463331
54019,15021389
58014,7319988
10912,1574501
54920,12269784
93593,8987510
14907,13569138
25244,16230577
62976,8373457
95185,9077985
95622,5434664
27859,2510548
61659,7133121
80237,13206358
45888,5701651
75479,3762547
27122,15785940
102251,9065107
29123,5741391
51647,7913568
69956,9438357
11268,2385816
83709,576007
86216,2854695
10955,3662723
68318,1729782
67594,14742147
70939,15864442
40614,4967530
36316,15297291
47829,11527519
61737,2174469
23251,8015699
16816,9946971
57018,8300273
18073,4016317
60060,13730965
12877,12973492
9201,4097763
93912,2433609
65189,7575553
51447,15704436
12424,7427394
102550,11603952
80950,13334316
19925,9459972
78307,12862255
27699,11669578
43230,9007061
69827,11775239
32238,5045681
69405,6615637
53944,408336
16861,4498650
56399,1362447
3887,8981334
50558,16211705
20670,2692263
45739,15191852
8823,13904067
74748,9785946
12557,2576514
59566,7333108
64692,909729
100600,14307783
58665,9976542
85761,4046593
58263,4920632
57611,14975363
48981,14984885
68872,9529839
87518,612634
22716,9637968
58090,2145662
49877,9873871
91618,9036822
87206,12839294
85248,13884493
38609,6574401
29402,14438780
98215,15233745
100671,4491525
65190,4182884
28248,7008739
30502,15773009
83598,16228151
34097,15066271
86027,10452368
89931,15242634
64201,5286043
88429,1815274
62293,13385905
77728,16178242
85473,14458048
11712,3461399
88854,15388972
69602,12610839
3236,16411807
19671,8681906
44505,14029904
52186,13715926
74949,10996134
90078,14248678
35436,1677570
76027,3960241
61442,6744698
101660,3099007
77821,6612975
64120,6507834
85019,9721494
45481,11882264
71379,14561863
14141,15945205
48610,13300398
62824,5833634
46392,2733433
25997,3494605
91023,12140940
7973,7259804
88075,5659512
10595,13301539
95621,8647366
33153,14187579
3217,1311503
42889,15857833
60623,1016983
42622,13770102
2529,3617837
40104,2816153
13033,3712051
48753,14987946
52212,14488664
4455,11488506
102196,3788232
41492,10071290
49963,10353800
37670,10051586
46064,2933988
58498,2641014
25832,9293353
79077,14166359
29390,4847837
22549,7743624
70691,15970651
47773,12287385
21218,7971732
55344,9677627
30751,9114800
17137,15512589
93476,7110045
18457,3044221
9510,8986573
4680,9553481
54145,8295348
27565,14119650
103875,14988402
95407,8899558
61256,10723086
38559,9105362
34164,6873853
10906,11769661
5060,11773536
78348,5807763
97334,11855635
103619,2520429
79550,3404654
63305,3517279
6360,16732383
94236,13530368
103356,13592998
83451,8932746
53643,10505882
15175,3878482
80621,4950341
46933,13895142
12591,13521853
24281,1378942
75444,10557475
852,12276563
33216,8267096
53486,14443992
47514,8304283
88718,4519280
83529,2435657
6719,2191571
81431,4058092
36760,5283199
3670,8941903
36167,9806901
94892,9246709
51983,16221353
76781,3649564
104405,16287450
85848,15298136
63632,12314071
91802,13501906
57647,6556942
75029,11362053
51929,6545391
75353,1808937
60003,6584493
12980,14480138
16544,9222611
71037,2695056
42352,434160
50111,7874442
96479,16382547
62898,15643945
88526,6108077
28155,16412504
38147,6814250
75771,10138128
26180,12218953
10433,9469939
6371,6232334
71027,3160365
45641,4650954
35830,6234115
10695,13013736
6336,3127755
38682,3770966
31769,13484914
67331,6925481
14029,13180586
48910,16458767
95343,13196777
46272,72162
11618,599780
24600,2502302
89472,1283540
101199,11980694
65417,16316795
17679,6036012
34197,16622794
26718,14710964
63024,16684179
50544,12488982
91553,9229272
11938,12022089
74420,6503596
35685,1410755
66365,2457729
6288,7005145
96088,12745026
99123,13673171
100423,14158596
14775,12122151
18693,14986545
56627,805870
21426,14241909
68778,3738899
39253,3368407
37279,2887749
12715,5114978
47046,5341616
41945,10631011
47752,12695969
81901,15398461
71259,11275731
19262,3382403
37170,1647273
45042,4610416
4888,6451111
99209,8004281
2204,14465618
69905,10698974
47937,2926256
96833,13802310
654,9918039
40601,6519997
10491,2952357
6685,5852208
41370,14908485
49490,7784327
44975,5123228
64696,10827511
102421,16026679
41078,16571107
20836,7346024
2989,8084160
15877,15590335
102034,3022336
59711,10388993
58306,7706634
55812,9969664
9068,15428859
53417,16626851
26991,5780689
77275,14559997
66143,11794753
60756,4196953
3302,6691188
29092,2134628
65390,9023753
60070,6940206
51449,7807033
1530,437860
42167,4355184
56395,16576489
25342,5546395
58638,2792216
82666,456723
103549,1419383
42095,9574903
27964,190795
46197,11665401
27070,9488486
46779,8841900
68345,6654659
95704,6262992
97413,15914885
102776,13966590
85305,13099625
52104,12823910
66408,16471590
16993,6851920
102287,5487031
80553,11486776
76740,610758
75713,2754661
42688,1907667
59820,14739065
39071,11578727
19033,3530939
90375,8367312
42886,13982693
77878,15391836
52334,4685575
16543,14008609
27876,311241
65081,381476
76932,7624133
49041,10238746
74267,8861390
14674,2444450
49122,12507241
68375,8926078
22450,2609930
89189,14348928
80858,16150174
73802,12673886
54930,1515239
92077,5004410
63896,15928778
6841,496139
3320,6642432
33866,7236017
88446,3475536
40172,9185760
88185,8485749
89993,13250288
36121,5651372
65386,15337616
64485,14461790
477,8544985
21610,15141992
47729,5021792
95418,3576624
48461,6513367
82493,9739582
56223,7602352
17737,7885380
36088,15178417
45714,3048023
36373,10104174
5718,6159216
1942,7363019
24662,1061773
38600,15072829
16696,14123567
23333,4325252
90338,13799970
21741,5765264
89317,12183527
41632,43447
84020,12020570
55637,1342947
83315,15806950
26606,13516126
4366,1467366
49998,1903799
27831,4482912
24396,8640283
2376,4310513
16701,2992625
56124,14379839
33548,11998169
54024,16597771
24331,7108515
65373,4847702
96508,13652607
86575,9086981
75047,1585035
48373,11735611
18628,2045320
78155,1778959
35346,2957548
12610,1706170
48340,555344
61243,5031433
35682,15928936
65915,13225355
94637,3656638
34413,16386816
96384,7872069
73950,4280176
100384,13185282
18452,3679102
94677,11553881
81837,4226172
72009,14114329
77357,7259875
35057,2043309
47292,10844166
23591,2735748
35924,7352249
30191,16242653
84958,14422255
80342,4881636
87578,10482334
3404,15458870
11341,15642475
48056,9779701
45391,12644511
85992,5939410
91587,9843011
10364,9030964
94096,1692787
17122,4936793
17756,5344830
11531,11396029
71406,13784024
32555,4083407
14560,12276047
92420,387943
93742,15923188
76687,9756398
23663,4880294
21529,14064670
45419,7880905
69690,9668453
46288,8302826
57495,14098062
62092,4449809
1020,1843969
60223,16200974
64479,455205
49487,719504
97124,14983414
82970,38020
7628,10780910
9484,2771447
99976,8444773
42213,12380256
9277,12502600
50055,5916501
74982,16247770
14397,12592793
8941,14059677
10974,16522731
84760,14253678
103469,2897754
28318,11828065
15757,2500591
92780,14518026
41532,8573084
82250,7016100
100203,15610194
9239,9836562
72560,13872979
85818,9839976
103861,6773679
99183,14891185
68632,2439188
44522,3956714
37362,1507757
15305,11779869
77713,2686307
730,15064364
67427,7712457
74661,10175569
102792,34569
93434,14853930
14199,7479835
63753,6772062
66231,5548736
31188,16491378
17058,8739221
99107,3732746
32352,2450720
5147,3705120
56360,16651739
78941,15822194
91934,2631466
38909,4478504
63655,13304640
55023,7731547
103648,7352820
80219,5643971
78555,12035867
9719,2837657
6832,3949566
64616,13423541
3900,2159634
75370,9286891
51480,2637245
72222,9804959
59380,8593234
67304,6460355
59420,10460936
86447,730154
68150,4203260
19044,14218483
13049,2721635
68178,15017748
40737,16625101
103433,15927115
78846,14219513
99056,14189838
69428,8089096
102934,12826087
86197,1950107
29239,5993200
61892,16042679
102257,10566719
25911,6720054
21311,5662379
13222,5683308
61294,7370061
69199,9230771
25966,4866632
1795,11520332
60368,8646599
30433,14621682
51167,15923993
73104,599729
96863,5335480
86158,12698110
37199,11109839
79289,15005877
21661,7001551
64995,866175
82074,8803354
1598,5071330
72649,6880821
5028,9399229
74078,13535368
77344,5741468
65364,7683573
29357,12352109
44696,6827425
26424,2990883
50399,9550273
20654,15507794
22560,4665744
93179,1627959
54794,12117091
2403,12653607
64741,5397428
72989,16111843
30345,15842334
23949,989649
23193,8669071
97453,14985960
104024,5293807
6882,15466576
104534,1624535
94843,6085098
60411,13360648
76848,242733
35669,4392168
61075,1215764
61698,11405995
87431,3848451
91557,15956890
52635,202783
76153,8503925
44218,6205621
18298,839360
34023,9509505
4568,3932124
54225,3131841
35976,15811100
91799,7479251
103219,6998919
10649,3208697
65376,5307691
20967,13164443
71651,2612259
27570,11719595
5014,10601875
101875,5888547
81572,3640644
53215,5707089
92833,8750435
97824,9252545
77106,6372318
80128,2689767
5120,12538088
87054,13894321
16173,15324854
82018,8538862
35018,12669533
42328,5272056
22518,2090089
40509,5025030
50460,3656713
9552,14750155
81194,8801724
12404,10777318
56165,891689
72043,1061546
49318,10926598
9161,14198731
35696,8331855
70169,973937
64203,10042700
98355,2471181
103196,9320839
74215,1927602
5125,228953
16415,2900111
92848,1733227
57404,14575088
99100,10487168
4400,4361864
42001,1571036
5329,4942455
3800,6734660
39299,9910148
18593,2182496
5660,14261896
41548,1767890
1724,650473
102445,516938
53687,4056610
46145,13963960
60736,1601251
3174,5115738
74500,6591852
32329,16572923
24750,3781315
13460,7787559
57609,7627993
49116,2660895
62016,923896
69612,7119328
52373,16363428
79303,11587015
94224,11387832
3510,9451968
5197,11837962
101941,3891757
10233,14569888
59222,7462761
87982,1537641
3772,5565879
80888,8985255
43723,4599595
87212,129780
56544,16476575
31723,2894862
12060,13091121
40433,11662746
53419,16283009
43665,4047133
30025,8276384
65868,1944111
24948,11090084
35882,9698546
102226,3305959
91945,3184430
33835,12085490
93984,3745751
51713,715691
86185,15302092
75262,10397433
70105,10335236
60987,13673471
16507,12690972
62888,16407516
15138,15673838
94601,4534716
88093,614794
96612,12658489
103037,13120286
49391,6836971
99864,16258219
77925,16213545
30432,3432818
5533,16316120
91827,14020509
92745,10425372
24249,4308380
97140,8389870
16607,4104586
44229,8711617
32910,8985764
3314,9501762
102312,11232551
78461,11992762
48455,3832325
36972,5788271
25699,13225800
16025,5624277
62728,16529842
104506,4255624
8131,9388047
3557,13467859
87164,9938145
57851,11036118
30939,16690774
37908,7303594
94759,7213539
54625,14029452
68909,15113968
59520,12014671
91655,3910727
1980,9010649
32735,14580569
82628,5309060
88920,6648096
42781,2180413
41595,9652653
90051,9557739
96017,9759492
75055,5489710
4146,3267434
83863,12296598
89730,7078956
73365,3693038
60143,7077078
21139,6864732
16046,5109424
55976,16481438
58958,8661350
29947,2477850
62390,7046029
45206,6608989
97553,11988752
76370,7054755
23929,4924317
7520,9519613
55070,6134187
94322,4116236
54273,5473719
21427,3072431
31054,4015544
7329,374981
31952,4873784
21969,6827751
100699,10720385
68429,7614509
77147,2150710
98214,12024004
16455,6467507
38812,15839874
66177,1159980
42482,13585666
22334,7195055
80345,4753917
44579,4956965
40727,7702038
11391,6574151
87703,4930559
21570,205245
73043,4370688
51371,4031562
44083,1950493
34286,16602996
3944,7069122
47077,15782851
12129,6603788
1861,15476022
76335,11764689
63888,1457774
3845,13971342
1035,15649021
18424,13632081
26458,2369596
65148,1881290
43667,10199424
80724,9481956
75552,13071549
44178,8832963
77130,1248786
102508,5553934
47832,7711737
82805,16366805
60820,15646261
37751,1834137
54671,4204995
59787,1374198
28204,7824665
57663,1555708
86867,9272186
73864,12489042
33879,13992137
70542,9446762
51065,1112911
93444,7749519
50945,9706306
16199,10412594
74555,7859580
10241,3220232
58112,6718139
67051,6293909
12189,15981569
84825,349861
31508,11383955
1371,9223092
56785,2835375
21029,8955546
36860,10201557
76649,15972916
2412,5917421
61183,14582731
72407,15904246
52081,135943
24322,15973919
101122,12299407
31557,1045301
93397,1249462
12144,8835321
57995,9652243
2390,9480444
16610,12412610
55327,10516225
38438,6195864
54733,3235645
1293,5984800
46710,9958706
47710,2268417
64206,15803775
9846,5421745
22597,13315635
45474,74798
24554,11912713
4708,6495017
72428,4130195
93623,10549474
98218,9142297
11106,1202297
97405,9642137
31302,9618557
41320,3645536
100166,4304304
9831,4331225
55515,307542
70039,12205100
55063,15682808
10976,16412708
97184,8567043
33227,15235302
7006,1377305
75003,4935270
44669,13474571
31221,3994012
89940,12305294
4647,3859856
82201,14050445
76793,751011
16161,12156849
79987,5737657
16292,9005921
102314,16596
97922,7106495
94798,4504673
40178,9292529
16839,2712834
52685,15173447
61345,9620907
100753,5446887
35429,336152
86302,11755920
39877,8746112
54677,13079285
71873,11727297
7320,9494287
102587,12737165
45881,1808871
87150,8538636
81125,14684425
82842,11735622
3412,4196896
71859,1239264
91810,5945355
73411,9399747
54289,2896028
71070,9737404
19352,12919399
2342,1206466
19054,9414368
22853,13911834
49044,6252407
44753,1042006
85165,12849117
41457,378906
4122,11688838
64378,10383564
1749,9272511
15206,7236740
2085,15035126
51629,14306122
24632,5907245
16035,9327248
50519,1389070
374,11781184
74528,11159830
83912,11802880
44757,14973316
31986,6335790
66577,1734939
99458,253024
19212,11459343
83831,10058946
35531,7868647
16865,2359075
103590,7960780
41960,3236238
80333,5180281
86285,9642064
33777,15934867
40401,12499347
49457,12417765
22771,2485843
49013,13874751
62280,6091930
6604,11773664
91183,12809555
63055,15840359
100137,12717781
53694,7617676
89886,3170053
9210,7029276
5897,5705987
11722,14756123
28920,11942217
25450,10769070
33774,4469660
79107,8766633
17880,3349396
59610,16791219
34719,7048708
2965,5874355
23444,7780969
57479,16526391
52236,12470776
87430,15078052
98946,10608686
37034,13262744
9714,8461691
96160,16687472
28125,11144504
27486,1395573
3860,8568936
35645,11554748
44485,12753138
101667,9109306
39047,2939017
59738,16777453
33411,15116461
82373,16276872
34857,14635549
63097,132185
63089,1153754
52940,14176835
55040,6429721
45829,15383546
17606,7109405
28263,13787213
102582,9741619
45203,13567587
42626,5460518
101627,4361277
49097,3319623
66730,5774833
84178,6436287
53901,7371207
63322,9199658
52881,4631444
4719,14406093
67748,11526745
69758,1888204
53285,4291929
16114,10297513
93814,13782421
94239,14953399
35445,12297907
49641,12244407
11671,10153106
102551,16369626
87587,3541349
4316,12725158
34439,662958
56472,8595965
97996,15005211
64831,5300763
4513,2074506
59209,2186692
26435,14997467
46685,14717977
90448,13604315
90698,2175192
81674,3750838
23531,8227313
28861,4354320
3136,7044224
15107,15549814
61606,3059495
13338,15878515
68400,6785638
39305,1637791
22581,12217867
81096,14538348
70367,6418542
16009,8137888
70332,14541314
8087,1584890
71801,8587778
46936,10368494
54714,8772048
74383,4837082
20003,3839816
4630,1365510
4557,5332512
8652,4476753
61422,103488
27662,646723
47179,13415354
45405,11951677
5619,3756125
29029,10769540
8538,16038765
46206,11740825
38971,5983289
38828,5610005
62912,814931
30516,14299355
27547,16661755
98649,804331
73597,15533129
76560,10969579
21909,2233039
40892,16518987
29871,4149750
37868,16398180
11242,6255776
66123,4896115
11042,13171985
55869,5582047
23467,7811404
19810,3250785
67652,6929049
11576,10187601
35278,13594550
61142,7428689
2319,8097549
47673,11651888
76236,83609
39908,14765290
101979,8836551
45932,7311794
102707,15029793
63037,7931453
18730,15149854
84733,11016855
34714,11245112
23595,5318704
2418,15546907
55222,3283194
71665,4088340
5739,2779256
2797,1411348
93528,2093552
3977,1176716
6062,12369820
86042,139425
102260,6937281
60281,10383529
63744,3016027
39388,9964972
76490,3304693
12509,5514667
85052,11061029
3562,16374121
41148,6166317
70323,13799381
25164,3793230
1512,3079345
4930,3590351
20353,10212575
101834,5350782
80364,2539533
10531,5617755
2829,4642751
71383,7189695
7884,13787127
93782,14100388
3709,11257775
13392,15343200
20022,2053206
45154,5938615
67072,16016199
7873,13978353
102595,2694430
7888,928681
53779,8217911
58384,12014241
95821,9415086
21896,13798931
78584,1424948
1365,15524961
22055,10789330
50289,1458107
30504,3407154
94298,11401242
98824,13129859
71256,10436919
36583,2108918
46792,10039477
48719,15878859
3807,6792821
2947,569659
92146,10897485
10382,12460348
64722,1417102
100848,16560086
90963,8319709
93352,14722455
98090,10212769
87325,2731015
43785,181771
101362,1713806
31158,15255675
49421,8460252
57288,13176675
51533,5309303
15187,2310078
11754,3421756
53836,702015
25222,1374233
97983,11377106
2600,15835630
70004,16534663
71784,13666936
42030,9318572
86863,7265734
102655,270624
104164,5209171
9602,1973749
55495,13610072
29206,5369315
68761,3713926
30251,406732
76007,4163918
64755,6762160
73545,12719232
94964,9718966
91555,15146325
36165,13430705
41721,13363172
8503,2952015
763,6643493
30991,7303518
53555,3661701
44022,4057921
60220,10523677
95252,7452054
96024,10498599
32822,6596700
88205,16115785
2211,16425289
96630,5808124
13271,5455352
86115,10606158
11344,14584972
12258,3131799
40893,9941340
61801,8311287
37596,5230611
78129,5125772
38691,129161
20292,1724876
75647,8168365
30402,5034020
52418,16692094
47257,1876860
7699,8881584
94877,11891256
55299,9913900
74357,2276102
27265,7530267
51057,8885218
58862,2121661
31197,8128889
60222,13821942
40405,16714343
61777,16542375
98949,5130507
84501,7784401
9237,16218996
74756,6373656
98981,7666474
8273,11875589
82704,809021
96454,8244615
52446,5196193
40302,6800763
52630,12228679
27446,8052770
12707,10614568
28433,4402692
45627,1480415
73670,1198726
45344,10669190
103770,9434199
98373,10534514
53674,11090061
91377,5746489
32984,14312842
59067,2294381
14629,12404807
82386,13099970
41445,6206871
81320,14152255
79509,13148533
41316,8364367
98196,8266512
50038,10510787
42268,16148324
20696,13693027
78148,3544683
32012,8849897
97312,4781102
56414,15029671
99384,1828649
66935,2346780
96848,13616538
27989,7538900
72117,13714854
73102,11270928
16592,5548597
73637,6064028
71450,4952432
30081,10380404
29993,5203273
5985,9464828
86472,8855686
17750,14012870
82599,5345536
34231,2220304
90255,9385069
4776,6509336
25671,10767663
82929,5196287
89166,15290515
9333,1950291
49789,1230542
45392,4617454
92808,7925578
78686,4474273
85264,5568202
21166,7262605
20410,3794570
83617,73767
37851,2984289
17838,10451389
93897,455013
25974,13740309
96429,12581243
89276,8837493
40020,14926023
19922,13742736
79787,16479955
60447,223721
56832,2909976
62240,8461898
67455,6650348
102786,13527471
78025,7652992
55712,8035409
37297,13402766
35373,10330474
62018,14605691
45978,10712392
102762,331132
90126,7258868
17510,12756115
64454,5394387
53410,4521253
103871,2693746
35958,4561685
73291,385331
100752,13659807
68950,11375912
38442,1051894
12861,6690102
5100,4938296
57518,12399055
101489,693434
73758,13694835
23466,14859921
89416,1671850
61841,4578938
11228,9097319
8308,14363206
14473,8730208
90365,504710
5343,16723590
6205,16404548
1878,14544088
41194,4639272
55940,20824
99726,7283865
47352,6284023
60493,4115076
41497,6519561
41188,5547543
60951,16562882
46266,6756204
19994,14178305
69505,7026280
16733,170949
53855,871451
69935,4256104
46510,10746890
99963,2511114
35833,11352718
69456,9255817
50085,11695615
30172,13871555
32360,10215014
65872,13429026
11455,12685847
56781,10908800
3231,14050959
103838,16334782
11087,1050611
90626,14266697
81188,11208001
56265,11764142
68826,8551962
70569,16162064
19332,4364593
58846,4408123
30721,903177
56765,14752826
26813,1366547
81110,2985510
55731,3166655
99609,4123761
20941,7117630
101965,6620205
103680,7977008
30378,14045834
45132,12296513
72728,10273308
7830,3094094
79791,8574428
8987,5445129
83269,2583891
18003,6099696
25639,15338668
92063,4468269
68075,2676719
38935,9421687
95750,5117068
15949,5147692
96162,15849901
84278,312776
78852,16563734
69409,15195227
74118,8810831
4966,11285241
14220,14495701
87683,8331787
11733,7220999
23235,2186647
96947,13648083
26310,6213543
52993,6578990
65331,2701567
64793,8459971
41783,11378413
50824,2562791
101754,8940875
64174,5924303
47884,15045628
4953,2260631
38827,8715558
13184,14279239
58372,5129319
46381,13522020
7635,11063514
23438,7005757
5096,6275021
69651,6650852
2894,3502265
102275,1516011
63158,11534667
62295,11236848
66326,347715
94353,15852325
27243,6210237
78565,12881614
72924,3541961
20614,4831662
78419,2104423
102820,4860665
43489,9584030
13782,16200311
18939,3824489
72527,11238184
36110,6358343
57642,2992026
24910,11325768
80588,2164454
88204,7194366
48334,10191828
100095,9155970
29738,4889058
25858,10655236
74094,8604491
98669,15696389
8274,15048937
34373,978970
44437,16473736
24407,8613799
55302,2889957
44166,6035947
18156,8710869
50457,12339160
78810,11101849
91620,3766745
62221,4771675
8129,14180217
56754,11626759
22008,14240675
75663,4926323
67060,3189477
1579,8947764
83429,16109300
85754,8323598
99477,2512514
60977,8479751
76887,12382840
19074,16041996
72092,10192854
50697,8209425
96012,8425660
13670,4731669
11448,5747703
52517,9880959
67856,7125030
9420,14430042
32371,4552704
102653,545734
46945,6080339
66325,13702588
25429,12846289
39270,9263209
84972,8898658
23097,608909
92803,16519057
2909,2991473
24088,15115051
49855,14654942
75445,4777943
16520,2439581
30393,8564743
27612,9085870
3655,6636393
76913,5426481
19239,12908800
13332,2965579
21534,11763878
23662,5854213
97267,15122242
77858,14987669
71494,1250385
56578,7408974
75263,8059007
56491,12865060
48679,9749754
61991,6787718
6771,10444871
53455,15385610
47600,4032110
88989,12637559
58139,7905696
59396,4344305
70289,15099570
4485,5127449
13974,8174054
102018,9118870
91149,14303173
44029,5687922
552,14000835
34535,5883896
58007,4484139
103553,10990452
80829,7246802
37010,4134537
71699,2696171
31068,11385388
27700,7221759
82669,10098418
28688,12643960
69695,5604372
26662,12921314
38738,3249864
41473,1857768
30315,7505589
101408,1585754
102692,3684483
50792,45342
73813,15516924
70433,6076273
44986,5533221
97278,8783894
64294,12974672
69771,11389411
41176,14643216
51697,760726
63653,1189151
103357,5622618
38174,9074877
67308,3437720
29010,2497210
85977,16619674
57691,1205228
53193,5704892
91846,4994898
73149,13104657
82620,9209115
21450,14936130
82667,5740777
35943,9209475
42035,3247127
20782,14834728
99850,8632232
81080,4702085
102725,14397915
31731,479005
101003,3162325
65792,1438159
78342,12057057
98328,1304892
103711,15161369
40331,15628790
7682,4291097
26032,13743039
26715,13549206
42960,12983218
26030,13569392
31821,11753461
2379,10243433
52280,150308
56774,872271
75231,15107565
73910,2020811
52529,9725521
75110,9898592
44238,14864140
88654,10136372
43986,16506203
73339,13614655
103727,12010551
26102,14561875
77145,11584079
70291,2735514
56922,6697007
89565,6710426
17314,9817206
75886,2342902
7483,9048271
102407,1559671
101226,9498355
43704,7238911
69156,8227133
99034,12773935
7190,7753709
78609,15482014
80974,9170178
64123,13755225
80035,742382
46783,6618554
46854,8424358
91270,6967046
101794,6731683
4419,15331862
4512,2281863
56079,4730591
27079,4499058
7081,3393367
69349,9852187
70037,3983378
67629,2332721
77251,1332609
38574,15766638
21742,14771438
18873,13317414
34696,16021944
61810,1425066
39122,4936453
96943,1669655
87557,11221384
101274,7885861
25510,3171130
82582,11943272
98540,14443661
53590,1005120
8867,4022008
67673,11204663
102073,12707549
57059,16231012
83363,2214139
34086,10170479
67501,14450275
11134,8785069
76242,7261856
77392,16367778
80432,8704121
33248,4305950
73008,9977267
61964,5089891
53356,5259325
34292,11046881
27932,227455
100314,16470821
59301,1152902
80554,14272943
56069,12424542
84942,9793535
74834,12920616
40867,11078756
26501,174171
51718,4112720
4313,2158740
73907,6982414
19618,10275458
27049,12649557
2019,11691351
101559,7249974
77857,757832
18030,1105640
47765,5288759
2488,762747
51925,7968203
1679,13817690
45079,1830281
33701,4313051
67385,9129443
98589,8678549
30279,5925158
14139,13265790
23346,13683340
76708,487071
8019,3799661
100191,11220344
93362,5766925
97419,5920807
11340,10102451
27377,15948317
20512,6681594
72320,3142720
40689,10899574
77454,11261114
95367,13013849
97133,4162756
6591,12247436
86808,4994085
98160,8265816
79560,11912325
91055,14499771
2675,15245292
6395,15311254
31436,1326461
57789,8501315
79436,13414706
38151,8424971
58428,12988951
62892,13473347
73911,2684382
95702,11495466
97375,8664868
56382,10619758
31303,10398527
32869,6674854
53423,1344873
71753,1078876
15466,3342598
44627,4610133
90570,4745067
28237,2588168
12080,2223579
62698,9654941
10665,16066885
48220,11079694
95736,106030
40252,15954657
61731,7982452
43044,14058732
14572,8080412
25862,6452448
28422,14006163
19194,4858332
67905,7881772
37248,14799854
36711,8433877
4991,3020334
25371,12680029
63093,2315762
42388,16128990
67648,6977226
85592,13244808
97610,8788860
4576,13203073
13598,8543701
99538,13927646
16094,15916121
45919,11209092
58374,11837052
88327,3652279
80159,348662
24432,1597372
71134,7585698
36881,13074049
71703,9762116
102520,2503468
41217,269792
58785,3747462
40277,5426613
45763,5797742
68529,4989716
71916,15234275
35330,4529403
62315,5131697
70198,14876279
74602,3921436
1271,5521425
92037,7714135
20070,4191825
49329,4564385
57394,13142061
70252,3071619
7113,9077204
76835,12600355
31542,7239910
101649,6035124
97621,7737645
34127,9852361
79610,7669177
47658,11872402
65126,5017605
78066,9871921
59518,9683386
40144,15007475
85865,8660534
595,6239380
21493,8003994
33553,6325625
75504,16173918
4817,9446062
31847,635485
28173,6608578
92442,5204999
11429,15490753
28592,1840893
26937,1926367
68057,6057591
57088,195291
40072,1907020
81678,3739435
67239,7524736
84156,5566703
7870,11581022
78128,1629197
47383,1780593
2741,14230293
33500,5247862
75781,5246632
29803,7639084
20853,6367935
57122,11722236
13030,3349844
89144,8234711
2623,15880344
19635,1323791
84290,8198403
81513,471550
93327,7665742
79412,13818631
50603,15016041
87408,15210277
22,11959784
21469,10810034
24398,15147739
43959,12200967
54215,16792815
75997,6468478
24388,8095600
68862,12890023
28120,12480496
22282,2321399
75925,2977108
28529,7797143
65069,11113964
85150,399796
4150,15042496
19249,1614170
43662,4388113
45056,10086171
6387,14443777
18611,12412389
99411,15230690
6653,2142732
44081,6327724
45622,13729164
62170,14971374
14260,13772796
17292,5624595
69592,2154603
93322,10075311
40428,8469939
71953,14326271
70764,12584931
87111,11721175
99244,13157133
29097,103249
16027,6769633
80571,5813051
14413,14822674
48829,7113485
71862,13597380
28771,12675843
95905,11882263
33673,16445723
79399,2315501
102855,2052027
80581,9382205
87797,14852909
18227,16055044
64824,8066976
9998,1988131
45352,6842231
9893,11863524
100229,15363865
2763,1028014
81969,5837968
30044,7081170
44996,15789720
102129,4776760
28369,2366102
14588,10662162
98730,10156881
63287,7232176
1147,11280024
74864,7530378
96789,8841221
19750,9585227
100084,584358
44798,12324582
39216,2516595
11460,6382396
15917,9544296
94595,14492855
86359,16004320
101769,2069248
1882,4372331
392,8546202
19862,3792293
8903,9079713
77677,11978349
25457,11548746
61699,15597461
54621,9303095
43188,13677818
69939,8964691
5409,13545577
57622,9860643
43646,15042791
100186,3621676
21871,11480423
72364,2607186
42422,11132632
47584,195714
62055,16618468
49584,840447
60206,13757511
100197,9656097
13563,14374149
1731,9205833
56322,4804921
46461,14094811
67979,9775433
14525,2881767
51403,10783266
1904,4914265
99142,5553154
56806,680374
23255,7381422
48824,4518815
79481,8584119
72600,5592143
97258,6435849
51292,10096959
22133,10236657
88671,15871251
32550,2693521
47733,2957539
20969,10081436
97808,9297640
44882,5450507
102898,5932657
87607,16063939
43336,10661841
36267,291439
35680,16105349
84973,10329415
61306,14018186
1868,15941133
30245,9966534
69709,5025796
90518,15224114
25151,11740580
84087,5427881
85663,7977732
48695,7778142
83366,8015587
71234,16720622
70066,12044294
62053,16409231
84500,6970499
77711,4767970
37835,9694671
12760,5356538
1368,6630295
31364,14275293
61006,13656395
43824,208756
104327,11070464
89300,14828219
28310,1280399
84058,13173364
180,11467807
71217,8264223
70737,8849205
101296,10383803
44347,10335027
35773,12942769
9562,1565902
47848,211331
25698,8302230
4429,679030
21341,15984347
37410,8331312
18337,16392622
15485,91658
70971,6514547
23142,8253631
113,15633090
41832,4232993
49443,7300642
15990,5557373
92895,2749825
11302,3763284
28057,282799
60840,5764219
62147,2904662
9461,2733325
58699,7443571
53270,4137368
66858,11103482
8531,6301061
31965,10149434
29370,4391223
27564,14615919
7621,4204467
61796,4883558
90558,3382006
58143,1621499
8317,15477424
62038,10461118
56707,1002618
94154,14784092
24115,11478346
10091,10844053
49126,4507034
39821,7101460
67944,8778177
71972,10386770
81780,6894350
90766,4115073
26148,6229445
84234,16668316
4922,8233430
39803,8771495
72526,15333903
95675,7394951
37809,13977136
36902,2801270
13743,14107835
11939,12547449
31252,11822707
1420,15811997
72223,569147
34930,15693830
85041,14280196
15245,14587576
80112,11171113
40946,5550114
8817,15205669
53128,7047428
103616,16078795
97500,9638660
65207,672876
92661,6975903
28929,10637995
14596,5728588
57235,10342017
41571,11211112
57861,3063854
41924,15858606
84361,11744730
87978,3614105
1391,8394429
93542,12186425
24183,152692
35661,5861188
64298,9078309
16906,13889994
56313,2094747
13585,691997
29626,1439809
33878,10997494
56098,5980632
3949,9505374
33790,783197
49274,1758893
73268,4453085
89667,814645
90919,5912863
12261,5528200
81981,12134973
99087,10868877
10732,11778418
26584,4117371
69296,13538669
85032,5731720
58718,1393175
76962,15996513
19598,13260626
90682,15578754
23392,12659644
11359,10311058
89880,9693183
6246,1166659
65696,12599131
48020,12778627
7930,8626716
15775,14368287
58378,5830340
69609,4736400
83991,10830951
40318,609565
10093,1496769
8753,1067854
84734,9747361
75066,3149695
24041,7948207
61465,11295569
36737,1913919
99379,5440720
2710,3432889
50339,6693376
80481,2216146
42504,16051967
41412,12204706
10866,12213264
94238,2784963
21049,458260
8600,11716402
90772,4036831
13746,11134367
81197,6999074
66017,4276625
30085,4163631
37652,13732844
73946,5575560
26578,9711350
84280,1683368
52246,2218047
22886,13552066
77668,7630936
74894,10362131
24614,13585023
91576,3971342
101777,2110346
70408,2661076
18732,395039
76375,7225237
23710,6670246
31410,260438
57114,323557
14809,4548860
12254,2813966
52541,2813599
66208,10069263
96346,3699663
62002,865593
45314,2928124
51187,1298760
93580,15224517
16078,5288988
36163,6703754
50235,14636078
68992,2512418
77355,6333632
42967,13893733
32514,3363514
96773,3764591
19601,15680309
30158,12940669
14341,695461
60231,10397908
26827,5367599
24344,4084916
73736,16616702
70475,5273417
66254,13199536
78045,3083163
71736,303399
102747,2594062
28809,10559865
4923,1044472
17176,8247957
88065,4071991
87486,1031044
101464,6945666
25140,6778789
83352,8047754
74006,11593949
47082,10898220
91800,13670197
26620,9450676
35276,16518589
101045,2535616
63168,14606985
61163,5357174
101039,958976
102699,13322400
23002,11666031
95484,683599
67215,7630430
79247,8591294
60934,10720277
89491,16289190
73717,11753585
61756,9796411
92687,9084887
24401,16145653
19650,646885
54061,16622128
61572,8568627
40044,11370427
64628,5429005
92181,6079596
76055,127615
61296,16639690
70708,1411162
21113,7057806
38396,10111849
15473,15392207
44293,15650056
83745,6370449
100374,13740107
89403,2229079
49581,9573144
80670,13134983
87192,14819091
66905,14574978
27232,15539383
57337,14411408
102541,3414063
32349,4922219
51375,6066978
58114,11692507
52154,7126110
70220,2055907
61310,14427633
12825,14907961
84550,1707786
41339,319911
15379,11545281
26569,12752205
36700,10992554
101738,9168587
76401,15377969
24669,6644826
65763,15207965
57276,11336943
64101,4408260
85554,3944705
43734,1972383
2450,14564098
43730,8793035
18958,7785772
99259,4282850
51048,243798
31314,10867455
21889,16333584
47975,14819978
9213,12864567
25573,8388326
17329,5371892
42710,5248434
93855,13596040
56371,14882187
85984,10857991
37373,16260328
58347,387293
97324,10028177
41312,16446207
70654,11260111
31215,8466417
9240,11312332
2784,13302554
62357,706715
42279,8781228
57666,272287
24188,2630876
84768,4589335
44883,674528
42547,15551245
18858,716289
82434,3170353
103703,11314980
9035,5692374
35293,15687690
47785,2824594
19790,10842991
7173,6467308
37155,15032965
38110,10780028
51330,10758969
90872,12917290
28543,8998435
80068,13182455
98791,16698516
1431,13913208
79887,14449076
76619,759820
41161,9739190
100876,12705644
93705,8389125
96387,11235749
67918,8454647
64894,11907328
60327,8993373
17227,14983537
25888,11279379
40413,351970
87617,13402499
14180,4298943
23109,6070242
68648,15007282
38897,2016658
2555,4206712
72698,3126281
50255,5434752
97095,9870389
65441,11664325
81720,4370087
100216,12921485
23202,405698
52687,4201894
52095,11299591
103385,8997651
81491,3604611
94793,12064441
378,4474714
22429,11553275
28984,4608107
47319,3381027
27136,14625155
64311,10843179
28448,9211260
5685,11250590
103892,6387881
42251,4713594
9791,5705601
38590,4738795
23923,296070
39776,16359022
27851,3929251
55280,2081665
78591,12737855
79384,3230887
46452,4760362
20678,16300843
75715,1228262
23456,14047692
2938,2155147
63056,6339821
97943,14047545
3504,12574703
54860,4751573
414,5560931
93591,8952929
72026,2329196
20796,13473070
15761,2949510
64110,9287899
83817,5894031
70605,3585871
7430,898826
72908,4442031
39542,9041160
96595,12793490
88843,2524397
74447,10547337
78932,10048640
30571,514017
53872,6442222
12447,2372913
77394,14093318
53030,1120506
85911,8521654
18334,3033866
55231,606797
58826,14524026
76291,13206080
25589,14453467
16948,6316111
43628,12448076
28358,13380867
43068,14473656
53753,5108028
4839,8122344
18711,7853964
11026,10841312
30231,12360763
28522,7239392
84710,10064693
9540,3786828
28411,956423
38062,11743417
62543,4151926
72819,1577652
19334,3400072
72845,8061636
33554,12411236
98492,9001129
4915,12409508
2862,15429498
53732,8597465
103247,10080689
34256,14776109
25354,4472603
1133,5960630
88864,11190930
8385,4443428
10249,14633537
92379,4480581
15429,1915670
44362,3038678
72294,12884866
2625,377884
55755,10513746
42982,9813100
609,4828746
51405,14766072
63895,1371747
85173,15044759
103148,5814657
45288,4405181
95659,10098148
103070,12835656
102155,12377595
75207,13988473
80344,8675288
81099,10481985
85543,3074257
73874,4892101
55314,4483109
14844,1617220
45535,12369855
9390,10972314
2531,11423179
66557,4752397
8912,10413935
52103,4696891
22848,2861334
104301,6775440
89413,15868090
48864,2038953
22765,6092343
57603,15648075
34525,2777341
36896,1736695
57626,15966885
95457,12685175
58340,15438078
54754,11758880
81006,7379728
64244,8421252
47838,10175631
67744,8855011
95925,678796
67860,10049833
26222,96107
22554,12065185
83767,6535203
68771,7175226
103266,4659235
79961,5357252
2654,7789761
50525,2275740
6696,7619000
94883,3616390
2864,12618354
12250,110880
83062,15872552
29171,7749606
69331,9635979
103571,12924656
88530,15040843
41056,5992836
64669,11374644
43289,8217735
17,5410213
81463,11737756
46312,3659673
40462,15040046
2051,14299516
43979,3031698
100076,2617749
49937,8723062
14434,8411339
90381,4663330
82932,12757671
44618,4843550
65067,1449998
34025,13231734
72692,15038187
16147,5997003
21378,5014258
64249,5198654
94135,3038794
82469,12610867
94295,1555533
50046,6380275
60283,14692043
63929,8065202
48783,1276357
75801,3889270
77864,12095579
93021,4936905
35370,16435594
102917,11592595
3874,14576116
42365,6998819
21561,176489
95119,1922334
67961,13206882
4765,12356004
35268,7737763
16406,12395455
14335,4402589
73306,16222363
61450,259608
2996,3644209
99765,14039170
67536,16499459
88504,15875074
5035,3761765
9892,16485656
75605,7396989
19997,11390209
68865,11775524
4047,9023953
28597,5974526
36976,1337557
15129,11753581
66110,11139008
7138,10922427
84833,10487170
93225,7135912
32173,2841236
81349,1569533
68137,14258902
83200,14614992
18240,2704640
17667,16746988
47448,14438381
39036,2543429
63217,14846308
100530,10287957
56929,10398532
55560,90486
91699,10767622
46575,14627008
8318,11701271
18813,16094370
24748,16471751
56192,7392920
67622,2548203
17485,11163567
91416,10985739
97397,11182896
92707,7451577
89461,6696861
72955,4234224
104062,11702089
61530,10472972
41602,15696433
5233,5720923
30193,6069329
99338,957911
22070,14029626
61951,8512135
24824,9607084
71959,1485486
48588,16306739
70839,16249940
86636,15204919
15062,3957965
43623,2823721
68930,4109507
99908,12617438
71250,1532048
55238,14326906
28683,4698379
36650,15691309
41005,11180791
90306,10245216
23959,16293801
58535,8599283
52826,3308203
25323,10471785
39090,7063309
58441,9805325
41050,13940945
55991,7873537
95329,13655816
32675,8826919
61483,14590550
63040,13009390
55843,16343012
86812,440073
16247,2224395
72891,15367379
103462,1202150
13094,3670025
22226,6028570
55780,2766114
90119,3857549
5111,13575966
20767,6632468
88728,6019070
102500,2400576
1223,9697948
55718,5896087
78747,5488455
70641,2015229
56283,14767448
102471,15403966
56422,4608237
93727,9262544
58258,7711437
88999,3973607
63178,10700943
24274,13256351
1894,5478997
61473,4195753
82405,5115399
39611,14336315
17721,10061870
77612,4034673
53454,2925359
5910,990804
56239,4626905
85221,16115702
103713,4234129
36774,4593957
95080,10830018
98757,11604945
2826,10263679
76144,16367180
100769,9418863
74678,5573958
35895,12212402
42692,8699523
94519,5144640
95740,11413376
44233,12157343
101289,3363806
50383,3954917
9173,3940931
101337,16001944
14785,2392122
48065,5630719
89699,12567219
78914,16227249
89457,2741395
84578,5761008
52561,22926
69606,5496359
83860,6564139
44653,8294306
1753,15558671
89417,197637
28399,16638197
81582,3946392
76514,10100203
93482,15428897
28483,15216692
15053,2808135
60244,11158638
80053,7592193
68360,9266879
73073,13704643
25925,15575745
74799,6460815
8590,9117236
71197,12632281
37877,12971479
71735,7625171
48505,15494993
42855,9276457
53252,12187573
72033,13561960
22977,1318894
67271,16497072
57801,15965433
33113,5497488
45239,9468072
29794,2777823
27677,14260559
62095,5360142
31660,7018836
77077,12361107
47121,10372310
86166,8752069
6852,697545
47522,5961409
15143,11997468
13867,7528527
99180,2854898
93128,9959727
59485,12605083
54999,3034466
13945,13393480
103054,2757069
17808,1723318
77354,11139421
92601,2262872
39153,16235092
35109,8992094
41333,10484655
29525,11560879
45382,15222693
68012,10754445
57061,2023299
15905,10449640
45552,239009
82477,8115458
38984,5993149
99761,2766345
26925,6535284
10040,14365991
52680,9026920
87721,8073757
14464,4269434
93730,16303636
79840,12445821
6747,3694946
44409,10583353
70651,4153013
10629,16050786
20816,4648566
21045,1744236
50498,9099704
77514,6895941
9379,763921
80352,16538537
70139,3119167
37535,12751391
97314,9914750
35813,380294
45617,9972742
70859,16181339
66552,2423281
83151,82190
16104,7639013
3313,13753282
99712,9029300
70731,3160395
80618,1267382
27021,14402030
20063,11550122
8478,7257632
65575,782392
8257,94723
47925,5140939
72556,10580398
82040,5420672
60332,7545500
66124,16560508
84106,5534319
56702,2609862
72421,5690880
98777,14700489
32247,14019681
73177,14911108
53110,2505788
87039,10097600
70489,4280643
5833,10716925
73232,16449734
87219,11662908
40742,248884
65342,909656
96687,8891114
70587,13591010
37131,10748775
35798,766184
6552,16656207
12356,2533448
35254,15165488
88272,3253720
44684,16721558
53735,2648575
28119,9404576
89705,8143631
57066,12710324
10714,10932082
9756,4822520
60450,10303926
47628,7161411
76399,6048719
31201,5859780
30247,448081
9450,9029901
41761,12988023
11912,8307052
26393,9236999
14166,9685005
51145,6282000
28834,6379127
37068,11995458
78544,9998031
46414,2504488
56671,12345848
100895,3754819
42012,5269168
92634,11964756
72350,9693580
90372,6864429
76905,4626997
96877,10553613
64331,10964595
39570,4570258
91921,8187116
36436,11349743
45863,7631453
87495,3361398
46625,4255449
8782,16362247
24888,6869164
44931,247824
23655,15719380
64685,16745177
92038,4144892
72787,10103005
87768,11407529
39843,2420972
64088,13916869
69532,6597091
45604,12491672
59531,4927701
80082,9392559
91302,5815078
96923,738236
65658,11938475
88284,9012305
812,10572818
33089,6447851
29265,8081532
33787,4902867
56385,5007940
6745,15330050
97060,62090
34588,10838852
58407,8161717
2327,12336927
22488,14786358
23610,8521823
33250,6993251
4093,2830404
17881,7548588
100835,7663836
29748,282937
62387,11990845
44590,15459243
97510,8880351
50209,4941844
53754,8056742
27838,1539704
26958,16139750
656,7288228
73951,1730825
42568,16692957
91646,2174775
63479,15830964
88069,10595170
103124,1861754
82370,16233712
46355,15567011
72892,12869058
8562,8417516
23996,78386
65164,3741480
66835,12092158
77511,5078006
47500,14199707
55928,14153309
56260,11585231
76971,8343918
103596,15829793
21609,16628290
13108,12763815
10059,3489101
101329,4155240
8690,16220317
59327,7660010
39275,1073148
37347,5069577
101265,14970867
89470,8155146
72102,7401434
78725,15175366
92193,14725343
98522,12653578
55114,8405288
74291,9982030
43689,11462972
95511,266982
3210,9179849
7119,3549437
4865,2162919
97201,14135485
97651,13135371
72250,15540480
42029,11626959
9387,14646907
74801,14025795
96200,14186141
10970,13085263
61384,14496280
361,12209978
83155,5374439
93403,2808499
3103,15837368
35919,7123962
96733,14341131
56799,13785515
94280,8437332
27499,14583782
90497,1482968
44269,6460535
93228,9563114
9524,14109623
41314,15510721
96415,13175899
3550,4618065
91442,9418494
82160,678634
4213,3165552
83029,11557363
83550,9768992
30292,16462087
1095,12215160
76762,3235787
9704,6321229
55061,6288003
66245,7942220
92542,10857533
57910,8828919
55765,8561481
26963,2817976
92403,2471132
77029,13156626
103000,3536518
48832,9027200
7963,6461539
54616,15502621
48510,14655410
66327,10858552
79942,5633670
92760,2870109
19658,5070495
49941,11027886
56974,8030813
26357,2865018
102304,6564778
26414,2521793
43294,13779113
73933,7528827
42823,10141554
8799,3171434
24032,8186894
14011,16706608
63042,15329955
55627,16151907
2030,16408379
85989,10185899
30694,546536
61475,6646012
93826,11588372
9209,13506647
88040,5787667
77271,872812
36112,13307582
29473,4942205
102557,3028178
41775,8096913
79382,4323189
47083,216808
24315,3418246
86501,13468047
2556,10115803
82162,8200082
48441,16419343
76669,3004846
70426,5886368
80976,11964858
102071,1804515
87452,1562219
18562,632917
103179,6616013
62821,11489706
1759,2231195
236,5535158
89080,14479120
38070,16326596
79582,8998653
42112,7780361
61560,13331578
48790,12229547
24279,3487892
97379,6831701
95558,7584814
76349,6905211
97828,7817449
76565,1424811
56111,12186297
63134,1942336
54752,11290916
68663,14334324
48600,10375465
99871,2253490
56511,1467902
37354,9135218
47798,10195076
79464,11305715
70342,9461538
98586,12875375
28736,1953954
24483,906425
93515,12990481
41356,2561168
40935,4030680
53105,14681535
71802,4231441
61596,3106690
67839,3752388
11318,5531799
74439,407284
38223,5390488
45954,1533618
73605,10069865
75696,10220294
71196,14289421
75439,12204893
27517,3649066
52421,3336505
62172,10702773
97171,6524483
103944,4362523
77978,15066138
97009,1205927
16982,10221861
71632,10093371
54020,5674740
57781,1576890
68959,10819941
32334,4211095
19128,5198782
73667,13064935
339,8262329
71479,15184906
18105,5201027
88499,11359234
40018,12830751
42376,16776784
58772,15311878
382,10983212
23774,12287060
34102,3098054
65391,10722009
82703,13467637
8184,5016839
85082,5464220
69514,160734
14554,1382229
35466,7200249
76999,11419970
54205,5042556
5918,3148682
91663,3074939
18458,12045553
86260,16090998
11524,14156453
43177,7382218
2424,13325723
103637,12805955
84976,365938
93574,15878306
6987,3866088
95460,1606181
84384,12743875
78733,8002765
7185,4138243
94804,11608429
17658,16410105
35064,7205795
50789,11414920
49205,14907671
67644,5133749
102458,5563911
10880,9930092
82804,10835707
58651,15641166
11349,4265069
43114,10838020
30234,5596071
102635,324248
45171,1759777
17447,13498364
19921,11090712
59919,16707154
10927,10066066
94634,10192603
45386,2723478
100630,2675600
97337,11549922
37120,9440735
10905,8514972
36759,16228057
103326,7234940
20948,4733660
81160,4065416
5839,1206600
62489,1048653
80828,10663483
53554,7918500
26545,14514414
63760,13552785
91217,6755556
43918,3622812
33676,11533965
54377,10327325
56951,15696190
84996,1556969
75529,252556
41055,11355488
88657,8621465
3615,3012841
94226,6590867
57506,5586795
3825,5812684
2523,1120247
91633,7472401
48584,5360449
46421,12039916
97447,360657
37383,6158404
93642,16602919
62250,7551455
3115,7292639
66287,2650230
85031,15393219
2018,7668391
76980,14268885
101611,14400137
94927,2727614
12912,3474650
5289,9555750
35123,12455085
50072,4978341
34635,383662
83520,5048253
32497,6032929
47348,13360311
41426,6449035
81710,13750156
45713,4639599
60394,11204865
31378,2682116
3431,11866528
94774,5031995
87114,14229542
14503,12307899
58510,12630265
51609,5724674
31194,2546471
29380,14987143
56517,1391863
30259,13011654
84960,11782650
23500,8812443
25683,15510336
64721,15863726
97895,8582247
18142,2316788
49080,10683909
69614,14655837
48921,10848177
39972,458778
99715,3964640
21714,14556515
45952,16550588
16758,8008869
57228,15048578
2472,5724611
10579,15792551
66861,14308744
26677,2151534
9175,4016071
1128,5209189
56987,5450551
100937,11584548
77876,3473653
74301,12955589
97152,1124141
28752,13417524
48132,1690168
74854,2289565
7358,2073977
37574,8316695
39839,6720190
77826,14235248
19878,8074881
31183,10469056
12,14252805
93433,13349973
54047,8059371
57179,15110144
11622,1557461
101575,8278981
48123,12674190
75793,6531636
101842,16158329
81538,4765710
12643,14440301
56886,119100
91801,16087705
72628,3636147
45506,15813037
14814,2500331
15936,1679909
85529,6458028
43389,2594363
679,10067650
67159,7124605
41883,13983496
37762,2120972
8809,307224
54843,4244086
88452,7228746
41506,3603025
21235,15089520
29594,16049654
33038,1873700
76381,11299515
103548,4668818
83294,5878657
75628,10235770
89076,4415896
41121,15076381
103431,437382
92171,10146677
51128,6251235
39432,8274633
4572,6488090
55859,14597141
27585,15521743
95937,7597447
81823,10784392
79804,4616471
5128,10425476
17170,10309685
48756,3154587
18027,5049582
27155,15034079
40981,865470
25039,3555555
101553,2652658
29660,2276050
35192,529763
58530,6597033
81325,10687653
44629,11796478
61233,11472534
70167,13696982
4285,13854522
53801,5283890
64053,14221439
91143,1126846
85983,11569356
48978,3392837
96409,5860244
78800,11648647
12097,10901904
46279,209990
22662,1253322
19980,9322891
87993,15900016
1999,13678009
49711,562093
41327,866955
1429,15463677
8396,11344851
41077,10430525
73620,11028691
78570,9545845
49901,9817564
28768,390122
65656,1440269
55429,1045733
76340,6979099
35631,10366878
100293,749296
101313,12465327
74007,3976136
90661,4240303
94764,10623535
21236,12241886
50638,7998943
100729,10396019
31598,9079217
80746,16402565
24557,6254594
41331,7868030
21744,6247785
97987,471582
86571,11183061
66149,2881599
62287,774122
89060,9627412
334,9976695
96395,16397171
46216,1538321
91837,11970776
65790,15006276
77504,8452386
11135,3609501
98445,7466314
65362,7338258
33574,6062001
48730,16363667
42935,6184902
77993,16501817
34680,7872121
28145,7874399
91243,610087
512,11226105
4409,14274972
75472,14840625
22494,15352362
98272,6151053
15248,3575859
33550,8892634
19831,5339247
61423,7296105
9862,15863807
81492,15840024
21852,3719238
16259,12333463
63371,15221616
74732,1462422
24225,6016565
52833,6819212
90101,8845151
47705,4593759
13267,4880596
3269,9542115
94846,1796555
86034,2766018
64395,8243486
15087,15975780
65551,15519757
68888,11030633
61545,16309118
79308,5237777
95490,14787181
38423,1561870
94263,10758623
54637,6728893
81836,1020711
101426,11292521
42346,7450082
89644,11321656
58040,10609222
15130,8190201
69526,12139922
73760,1262543
29635,9420146
42271,6246048
88507,14828274
18174,2233371
4760,10312626
101128,13560411
1639,14734466
81085,11559039
21388,10733466
43768,13859476
32241,1696135
28653,3634572
51183,1208276
61550,4889278
21977,3006381
102860,7604541
75339,5135600
16368,16148903
73077,11708351
71586,5014401
10561,12023381
77141,7689149
41500,10821102
51269,4428755
86568,12260811
17813,14675727
86916,1621127
4496,6341669
37969,190146
67496,15475532
88461,16410483
92608,5638967
76660,11342671
64012,1814839
68126,7979149
34949,10175771
27805,2389809
53260,6017424
42522,2420064
77735,7278627
89640,382896
12276,9441866
8060,4341278
56403,12748478
5911,1329296
57008,13534124
32827,14742737
78387,9310653
6282,1118745
28232,15951138
38883,8608202
78934,11557365
69775,6703143
101177,9082896
78290,11874463
46758,11110789
21856,2629293
21191,14863470
92586,4276085
40171,3933049
86777,314550
22471,3233404
37479,11505503
10747,5833516
55952,5950686
70251,9159875
33990,11411240
60748,6996273
82202,5783370
7899,13535374
81136,7134632
83162,9692408
59384,6067261
7338,2119461
40425,11232922
61995,10940259
88586,10619689
63647,13430463
45747,7432841
36487,5293815
57834,3727716
2526,6123236
73298,754778
86070,403607
49615,16766326
77778,12685469
347,4692515
54944,13482811
92838,7706767
20120,10558283
34751,15323690
20148,8547757
47103,13919653
77578,4015742
100689,10603097
84072,2040628
7841,1949442
50155,626313
1307,9344499
41578,5546173
25034,5895592
27257,5890557
47836,14282504
62121,7135018
91129,3216781
47842,6182268
85337,7921606
79851,12574966
6190,8717091
83646,6012470
24902,2134609
24508,11079897
103098,1030009
23744,7594321
46241,11657437
67122,14858436
69298,15053583
52119,944681
103656,5394245
94603,6403178
84080,15744235
19582,14254704
8724,11800979
102177,10880265
21549,14551672
15760,4621834
6041,7485430
18854,8393724
80683,9137261
51907,13694693
5217,11023464
94786,12200635
4684,4473717
23539,9111220
85832,14400806
33194,10520807
5490,12142317
52567,10776466
5456,14414817
57739,14684230
73994,13826065
67313,7039379
58332,12717654
5556,2535221
63003,14255406
5564,7227895
1386,11415744
23431,15418976
13082,6357808
98551,15954591
17840,16285707
5008,1553828
80884,7481156
3119,1967979
43206,1919606
2106,15843819
3244,8825690
54672,16065857
8996,10832390
94401,6223975
21799,11899371
55974,14157746
92619,6615912
50338,16604938
66009,4743521
38542,3856390
9294,10860918
85259,14488421
72280,8039687
99246,2541828
57886,12712478
35778,8335276
35400,12395573
30770,14223042
51109,12878857
31707,11088493
95870,7723542
75701,15439539
45176,13117015
37253,1436200
24008,3096852
43889,394500
67482,12285579
79000,12860249
77205,14421151
45594,4701727
64714,12878068
7172,5034291
17220,8628197
32688,13954186
39889,9534807
11030,1817592
63884,9694273
91337,7723078
37713,13857416
90965,593938
32470,10809098
18531,8900673
20617,1598913
71653,7968447
58708,1824328
98913,3678529
45425,3037123
17567,3406844
18127,696830
46433,1703130
2908,14103611
102552,100170
83371,11040283
3447,5164166
84004,12834115
99286,8736729
19547,12746139
63714,10722904
16091,10173000
44198,6747331
35842,15932608
44865,14526360
84460,5809998
42866,6419160
77927,9985716
14126,4360586
17569,14769589
16942,15124903
39215,9249426
31809,5779018
36078,14532630
76684,732719
50095,16612045
46913,6211707
28723,10528354
66091,3242312
55547,5205203
20138,1794256
97555,4662983
54968,12687031
29222,11810278
102864,15619471
88514,16521145
29597,1203272
8179,5277057
88972,1236022
555,13586824
80477,15745334
56185,16151135
96038,15318062
11608,15158147
80079,15880189
42506,11102210
75521,12292471
35413,1356983
71121,4185255
18175,2446032
17729,5759551
15094,16377079
54659,1088896
50952,2491389
12988,16229388
96592,2185866
90167,7980198
50770,2846530
99890,13218863
91859,944902
30609,14924316
39964,464311
46717,15667979
95089,14556384
59569,9378909
50392,11163322
39396,10494214
104519,1298852
19837,16724385
38426,6911954
10333,5069109
16108,15570187
65583,10568505
7438,7714099
95044,11341637
7534,9238458
21616,11969396
69192,8896826
55650,5051596
99240,7512207
88814,4175414
82102,3893884
16988,9331977
90743,7893796
45017,3823112
23064,12370398
89680,11424317
96431,16548923
40442,420646
73505,1853664
93037,1319503
23982,8480515
3176,10736583
7818,12521520
22789,15647422
98510,558898
56057,6390383
91152,9898982
94660,5055885
34521,4308987
20442,11253410
75215,13752064
76850,3655421
37624,6584850
72823,1051311
40734,8380804
98387,5528034
77589,16375942
70204,4395938
78989,16009096
103558,3629914
13173,825788
20797,1094300
26143,3222374
77335,14982605
52130,11534126
81336,600886
93791,321301
65789,4783847
40028,4519236
91854,12459073
67273,4190012
90054,8293380
29186,13823129
68344,3860799
13028,3597686
29918,5765175
22010,12893561
81770,13006050
61089,5144065
92280,1954741
11626,14021862
7009,7080123
46768,7758895
64866,6650563
81168,800845
99233,9301164
45921,1138787
58963,1441923
89868,12797999
62333,9771177
101189,7118965
63065,16280876
63950,13215220
81824,11397721
37241,4231870
53001,5686876
27268,8784290
65614,577188
58262,13119662
91050,4355869
86974,2330339
52313,15357536
9139,14134855
95295,13798034
5327,10611816
57830,3564988
6042,15183529
34814,10878910
84841,11157367
19819,5294551
25503,6903405
35338,4389472
19080,632737
50765,3808121
87112,16094027
10469,987102
37425,7043952
13573,1735807
95225,8731528
93190,13169850
42296,15765037
92744,4221202
46923,2668484
91746,10184088
69498,4262887
66599,6832824
75258,11874281
15242,185586
60259,1601236
387,16179795
99279,10780268
75777,13384428
62381,15710318
18256,11155526
56670,491431
63824,7662778
93509,605656
29778,2224290
48516,1768944
39460,4054219
32255,7379127
49141,15344338
85353,1381939
56358,798025
40194,9513515
71766,15507216
17611,14671658
83126,2088390
59572,14190109
46775,1506078
58957,10825889
5949,1414379
85562,15963419
100511,8576410
46708,14667644
44265,12921094
77930,1357716
103105,9689744
15750,485455
38259,7793761
86147,9424002
15973,14135949
15171,9976704
3685,8507058
42407,13790380
79932,16564312
35588,10401767
21579,3778544
103338,4494161
62313,9493920
4846,5883366
11377,7871766
61679,13390984
48636,16062108
77771,13457793
82699,7357337
90155,2308299
90184,9246934
60289,15115962
38404,10234439
82676,8711751
47855,15500477
69530,14608906
35334,15297766
30969,8676056
93908,14262541
38787,444830
96115,6737515
54725,6741860
102028,16740544
53174,8398735
58282,12588719
35114,15632688
43550,16374653
20699,4935606
74654,8913491
83495,7105626
3666,9095222
52638,7925700
44163,15212956
41956,9854392
62954,9566163
49095,15542916
67303,12582849
91386,202926
9849,9498836
3009,2437636
104326,5492479
90511,3625533
4921,8128861
104076,9318369
5680,2490097
28738,13003831
7622,15732556
59697,5449963
2447,11331027
50511,12117744
78631,10312682
74599,4182861
38365,16385601
81908,16583174
38895,12053002
88606,8210301
71164,6837412
65879,11106054
62553,1093852
53744,14975965
103601,15886686
32702,1266140
26984,15670739
40062,3501678
99551,4925619
43176,5722072
33364,5746208
39293,9994213
88580,1497153
4816,8163539
40306,9570972
64597,8940280
29405,6759171
4410,3425411
3251,12438744
17201,13033559
14818,10817714
99268,13378947
45812,8129300
13004,3712335
25729,14571448
42019,14408178
22644,12479116
4198,4705992
12096,478574
12587,8282288
28737,4135792
100235,2299550
75279,14782735
22643,5620257
65459,13513154
48393,2426714
13134,12527258
17125,7074762
13125,7823599
71564,8251389
78755,15303063
65004,7242085
76489,2183447
74034,8691427
37267,9667191
12611,12589905
72192,7902423
95742,13858617
11605,6070774
69587,7205304
45836,13296879
88687,7138679
81091,2009714
77542,8271338
75557,7423357
60101,16534998
69004,14354870
60983,3097392
1440,14644907
91291,13998992
95631,9805425
27738,6634382
6532,9311009
56618,10530850
61448,15243163
96729,9809502
75702,12022893
101869,7886465
48438,9955841
90955,5383505
104265,8546153
89520,16552860
58215,16752746
30192,3555618
18489,12517930
91438,12155626
47415,4987048
69034,11924901
21037,14821053
94073,2982550
13243,13832928
51020,8788468
32116,804844
91136,5173532
99348,5424786
86303,16618366
41533,2926100
77730,13194089
85718,13428788
87622,13338599
14680,7628045
80510,7407787
98459,8029491
60679,3472654
85583,14461321
43933,10520055
34922,5600230
95198,15749581
42185,15146446
20918,695626
32499,14556154
34353,6042970
93361,15599779
87071,8239025
101967,2348356
86189,9123347
44900,4325603
26703,1803508
45514,11715822
42430,5380314
37653,15028527
13479,4920705
73798,6513303
46871,648709
103030,13648423
45633,5042122
73484,2136264
59426,699727
62462,8073261
97576,13090881
67855,14294690
50461,15288225
3441,15168702
85460,9189109
52035,13007265
84878,5305596
83874,3475333
88230,41547
89646,5003639
46211,5379621
30903,8327682
100476,14589776
85625,7831355
40495,1954791
31682,5191285
90460,7385850
87774,8390305
4672,15760539
102080,16067596
60170,13931256
104444,3936950
23130,11025223
93282,14106527
50172,5196856
4129,7149157
98974,11331826
100066,11433166
85065,1780707
88894,1395976
69036,13277625
62668,8626553
56270,3963370
558,12527142
25328,6293794
1301,1697900
11547,9566159
67148,6204268
3356,12093384
56700,6003802
78815,15898884
21354,3114198
71285,14321186
23669,8572154
2631,1754335
89127,11820137
60901,10640417
68035,9976971
104527,6081728
101314,9052497
89898,2477324
3618,7989015
90614,14728143
7992,9776108
41950,3566885
80248,14031432
47640,10653695
57717,7252608
98712,2731116
98944,14168533
37121,5326780
6296,13092272
74415,12391220
64816,7708981
71861,4309460
69622,4423577
36351,6917574
47952,12807225
84626,8210422
90830,8084667
86073,13668948
64734,12075566
8661,3439139
18265,8725059
90961,4541467
87376,8766167
5498,11862490
99314,10570262
644,11074191
21544,2771620
5464,1095305
94370,15321492
25269,13383148
28761,2983730
102777,16490085
7553,11620353
72630,7799367
22275,7317263
64171,2925308
15687,9672840
23835,16337126
25728,9972026
11376,15742021
31316,705148
67310,524321
20834,8119773
94813,8967444
20481,11464715
2530,11613400
78797,1157565
25317,16339495
75642,11316127
43365,16111749
46563,16297083
29290,6536670
23356,15926390
102840,7199335
78922,7612969
90603,2908192
91885,3932366
64735,6711341
79748,383815
38656,15644941
70721,2407982
47735,9238762
59350,7356633
19604,10287479
23620,13516761
30531,402359
12562,7425044
79068,3751676
36303,7261810
17553,1910405
60437,2377209
63904,2565399
20117,16537126
7014,10155134
17280,6316227
92757,14284446
40488,10672697
22827,11046893
52951,10417084
85728,1425170
98918,9998527
69089,13227351
89675,7925841
8200,2750734
76389,551446
25822,9884527
83354,1767785
95015,9815811
8925,4814578
32488,12963227
88660,14830042
101564,2813151
44461,9185145
101982,373862
36422,8132489
89526,10072393
36818,4775342
64882,16523520
34599,2462985
63573,10973442
60858,121744
12748,8691806
18427,15840444
85810,14652093
69857,8797038
47947,2593860
98739,1685349
27192,5555551
95904,7365371
75167,7551356
86234,5969284
65289,3892048
64956,124279
85748,5864480
48261,12487795
61063,3818874
19251,985748
86274,13040011
39145,9385065
36827,3050755
26641,10916896
50258,5766524
60856,11061191
4944,14216539
12866,5854337
5764,11354501
364,5613107
86476,7607395
50846,15099983
50616,12718738
11810,9884557
44434,11088191
68141,4209141
90693,15975484
40438,10230090
65584,5476994
69793,11609429
69350,6987364
58085,16678130
4663,8959596
27476,10259440
14270,57847
16745,14572368
36277,6684478
80737,6780057
58167,5171032
28249,1969954
45446,4287576
44204,12415897
104199,1303129
61282,462188
94563,10567505
74577,4205464
98291,1402756
100507,11587491
101567,450640
53985,4797366
25940,13801891
65357,7873248
99207,12881587
43831,10605426
12419,3017464
87378,3068441
11233,11082706
40006,2190379
44920,14372971
77018,16590514
1673,3448369
20633,10944916
85885,13610187
20450,8847747
92018,4743901
34518,5229389
53022,7565852
30700,6718659
82955,5015386
71064,15830357
56329,1115544
50862,11431416
94649,8605020
59344,2692074
9503,3882966
42516,2861474
11794,7637063
48704,10081179
42434,15521120
17945,3030390
46173,5473950
101089,3729259
58719,1241991
70212,14683443
88323,13011951
99882,6211166
60939,7141668
86541,7153179
76070,8752577
25640,2196692
77123,1869263
74950,1529557
58135,7280274
21667,7066566
66097,8157880
100637,9843605
94596,364840
95705,12214019
14693,7618413
61201,9196526
5540,1962837
54896,12896316
11212,9819369
97351,15440034
104003,11183310
79614,12234224
66290,1758706
31855,14963405
34842,14757079
85746,8296289
15222,4055925
40444,9971282
95448,10165768
88412,2251907
29432,16143810
40445,13507011
99959,6091512
98455,8967128
65880,11242509
101715,4140850
104237,15307881
24141,13602251
20882,6577148
75411,9496556
71851,9863592
1529,4829842
11654,5259076
42679,9820567
67243,7906559
41486,8987441
83385,1657456
1663,11343585
74332,13316257
51888,3808734
19088,6304461
43517,13654830
56573,13028549
2135,833806
6146,9897982
4694,15950058
67250,13138942
70578,10541234
94259,7562904
35038,12384088
60980,11064559
93524,4196786
5412,3566050
10760,3115951
10893,5904737
24079,8662899
76580,15358924
99389,7818291
33471,9510225
12951,11491801
61570,14027513
14036,14825513
71319,10951723
23529,10645953
50536,3678791
61859,5925947
84250,342455
64291,16384218
68746,12539546
81203,10520022
51708,941240
37165,14359148
46367,1773957
4301,12729113
95408,8973549
94953,2164823
12425,11393802
14170,8275374
84275,2066450
103646,3903053
79822,14616645
21525,12301603
8759,13786658
7568,16054807
89573,12571922
84596,4918172
80203,4716151
13115,6808992
96123,2894907
8734,2341232
9249,11334013
12414,10243326
38520,15052342
2312,6997390
62548,4608841
37899,14494160
27348,9347249
78540,5339734
17752,7261305
30163,9797942
56008,10960668
68235,6584568
66668,11220601
74948,14665387
15883,16125419
69971,8720578
34294,7681877
59265,13933574
87327,1692212
102704,4460110
101171,5893277
9666,580247
26519,12656704
92161,14203833
1844,16300111
20968,7060801
80697,14156586
21638,8926226
64471,10407817
60918,14751744
20100,9980780
64048,9077755
19917,16283649
95839,15184147
92539,14717201
96338,708226
12064,12413678
59730,7775867
32928,11729869
34136,1782082
19540,1003637
19402,13915410
98530,6596659
90284,9323088
30471,3228199
53860,10168148
95639,8435714
35491,14024891
40492,25387
91958,15486085
96230,6280080
17458,15727322
102577,5179659
57280,7296945
19677,5008579
81133,10532951
43137,6717942
42676,5242727
77629,5523231
12566,7157158
82223,2431580
96502,10907273
13783,12228964
31011,14518275
44296,9042309
37881,7657658
99819,5596882
42905,5166304
43443,13726438
86896,10884461
59891,10114928
2926,6795798
68279,13974882
92388,16100722
75929,9026650
74039,12020296
101812,7235485
80489,5820419
40625,15134702
3698,14519371
67158,1496547
649,9487501
43719,13696684
3277,12662518
44047,8911860
12513,225163
46770,14368169
20641,6681220
70270,7426751
43842,3132095
46339,10899118
3552,9290097
33119,419889
10928,14977534
93594,15845943
32832,2829103
71872,15333106
104380,2447450
70581,3010301
11216,6863794
43258,4211328
87979,13503591
73834,2303768
58382,1841386
25309,3864072
8181,6796209
25647,5489090
103690,14722029
70829,626793
73805,10562402
18235,11110449
53934,15309041
75287,2569088
67267,2268788
79725,5285664
85900,5967935
58825,10449316
37521,9786269
84581,6293839
91712,13188374
69333,7011628
20818,15723082
43252,15163899
51033,2277744
19697,14919925
13459,15309901
84685,13484457
65692,9240576
6554,8291135
96460,4188960
71999,1420784
32193,9509425
8864,14881589
84846,4513365
88803,9919090
7925,13651324
73629,10825854
86798,5117666
30691,4622114
103866,15792469
45741,6079690
93291,3290497
4529,11920761
46688,8262365
25900,7688859
50680,7337302
99468,14420053
25377,886154
5073,14917369
66695,12231958
28313,4858108
89254,10697738
89037,14685400
65960,13438217
31784,6236259
100455,11014254
94857,10250528
46930,1771275
61210,2415894
56619,445683
32818,586860
38143,486393
27843,5984959
40085,11163762
56541,16645550
103746,12885807
79026,1162482
74427,11106247
90531,12669336
25350,3427439
71437,15674102
18753,16110171
96094,7796955
28794,16788968
86309,7370971
78458,6274641
71616,10812343
48128,10215700
6307,6121237
21559,14188205
19869,6652734
17177,8678861
78597,13581453
26941,4341734
80103,12186857
28032,961226
31267,13707589
104416,14704154
64746,16472018
22873,7514876
30051,2720577
52062,1416713
24293,1702826
29570,10248073
69995,11468126
6725,6616402
94695,13063620
47193,8579892
69072,5611038
14912,6019122
97504,5616937
65293,8621118
51950,4902002
78351,11733344
75065,9373842
893,2643840
83946,9981266
16180,5937982
47678,7867447
25260,5745358
64739,5893182
50147,14693208
33997,3955622
23997,9732082
66924,12235696
24921,8993829
22793,13816853
2622,12672973
37112,14082197
46993,9678415
35151,3583551
80039,990093
68008,16491693
90476,15232388
37482,9628514
64320,4743893
95803,3916240
63852,9787122
3181,13637761
20021,10916215
14875,6808916
43050,2516647
33147,14670010
9477,9857943
78687,12815777
66654,7545881
70823,9607320
99084,12322173
89920,2568146
80464,6263852
52672,9378637
77918,9091478
26308,14578982
2298,3515189
82714,12751530
86984,5230612
63186,1464280
91495,6668599
63726,9531185
10549,15467620
25700,15069002
62345,2630217
104007,2368936
82894,4832071
28908,5136797
901,11213121
87457,84315
39916,2315878
98544,12921794
75093,8694742
96035,7940861
97158,1978726
17598,1650066
82,976504
35319,4738176
84142,11543495
79421,11560562
63762,4141261
69071,12918867
65835,11762548
15495,9892180
28372,5991825
53173,7816794
59064,2988794
94478,12681681
71636,862449
28188,4999220
14849,10482151
30111,2040914
71856,11474676
87005,5230023
104474,4925203
73469,6466472
93001,1199812
93871,92035
70958,9339738
55805,10386643
59828,16057417
6316,8312270
12767,34405
45613,4108857
96235,9312617
17831,1211502
80812,5091326
38986,6226677
102631,3099999
103173,4892982
1886,11887353
102065,8865171
90019,10826118
51763,13877987
40402,3947258
85171,14338550
71003,13543745
80145,1668358
7256,14991472
22661,12154048
30900,7368735
30275,1366177
15398,6543218
93694,8467449
12888,1114667
16946,9714649
90572,7254361
2570,3292903
26020,4975558
72545,161776
32450,14043244
60887,8135655
80362,184768
96329,16560343
103414,9394860
47529,830033
69478,6403597
97317,890919
22281,4589228
86350,9017514
17956,15362795
87151,7324859
98261,11649852
50220,8162066
92516,7096906
96214,6893219
94568,3329481
44516,7185287
61861,11535133
43457,15787534
93718,6947694
97448,16012103
30624,3344074
25361,7401829
5378,12483839
85851,1106447
73011,11240027
49930,313159
83975,5040002
98853,13425157
69823,4737004
89264,6071712
8263,1329209
91779,9807733
24907,16723836
2005,13923095
91201,1189143
31195,1047123
23049,9675258
52235,8492726
6287,4056254
56750,15586948
96682,2298544
101218,4123752
66268,10778305
1726,9640945
13530,10973616
84254,8042371
68703,6449463
68261,8960218
56863,15804996
103923,10520604
1515,6628618
73540,6660884
67817,4116251
16710,4885033
97192,12152707
30665,655691
104525,12568402
80567,4968793
61986,8651510
102900,4802559
79346,10284785
77330,10108064
30874,10274450
76268,6765786
49112,7819986
19566,6545620
30274,14100417
90500,15685642
46126,16621971
103409,7884541
61956,15031407
26062,197271
97270,16041477
54982,2047857
15484,8354685
96681,12693600
94373,443606
1282,14453045
55790,7863461
77808,3281456
6131,5616930
50895,11807285
22941,664465
83391,16028762
4602,7694662
48909,6548456
64846,5436236
14587,3284951
92463,3012093
89128,5408622
94481,16500222
5241,7608785
75456,6876138
62623,9817783
103449,11614975
8215,4888487
38733,12854161
4027,5901813
7615,3350087
20665,7686422
72373,5236701
43274,3071769
101149,4068845
91543,13605950
5328,4501137
90392,11467097
62903,2657706
55936,7418724
52487,47490
79632,10692357
59867,1743038
50398,14309291
100339,161221
69102,14663119
85159,8194404
66087,12694332
96327,414466
69179,9344803
26345,9278676
101854,13053646
71382,128190
18812,941241
87319,14159903
53975,4858465
95473,9277287
102783,12412560
42444,3593855
20911,14025528
7088,3854236
57240,2088383
19892,9001043
66593,700991
85410,7781537
87581,9862936
21665,2792688
76164,10750499
49165,616549
29038,14421798
7842,93390
40531,2534413
103977,4376511
49727,11216431
36415,13768006
34040,14857611
54764,15155504
10625,7052809
100222,6677933
4506,16033279
47748,1718325
89308,13203188
35747,5276192
76597,11053271
1547,1922765
12529,7632954
81612,7886393
60973,13287915
77319,13263693
21996,6284576
57815,14460698
3812,498100
20270,8613256
101157,14721305
67176,14424609
48521,16520073
94904,5694254
10540,1355063
66321,11725161
21303,8128005
15644,1720260
18876,923324
65259,4307787
56601,3061982
24413,5536838
39350,6868677
22703,6458436
54683,3987273
84011,12813547
27372,9146332
31948,13305028
73697,14404721
102397,11922840
6610,12992106
81562,9042736
98028,14051921
11397,7773684
46534,7960981
60305,7356970
63516,10296891
29330,2013372
86296,8580354
66140,10442357
17494,3845012
12067,322957
37594,13633408
52140,6639608
35199,8131026
87243,14830397
11816,11867589
18682,5602985
19309,4179401
49843,9678001
97852,11726334
94706,6646115
26711,9478668
94534,1398677
25871,3515419
86226,3657920
42362,8366282
94936,10028186
11401,1401463
33856,15129403
94859,6615858
12422,14037799
66115,14011984
86006,4771487
46297,7889165
39544,10527472
61652,6478549
608,385120
94158,1373278
94656,11853325
65597,5231964
47544,260570
33059,14213009
98105,7561645
60356,13161397
98781,3969618
58522,1797810
24426,7259019
101037,13914994
76403,9837373
53809,16020538
65540,4783626
36788,5981888
91289,10671253
72624,6533754
54360,2484700
81771,14655400
20101,7896890
22603,494269
2843,8351596
8313,1956222
87328,810683
82832,11814663
59759,3011661
29670,14859489
11678,1516715
81167,10255320
33504,6721249
66902,8848037
101061,428865
96198,8798671
99032,15689886
103593,1236981
22688,2726647
16500,6640341
39230,9651835
69953,9600653
7142,15160873
78644,12845129
88595,15838448
25513,14912898
20905,2576970
99435,15567466
50883,3908872
70573,13283644
35030,12133905
22018,10929473
14369,2220883
11046,1614790
44231,14557734
41460,2827005
11690,15841812
65710,7653216
79967,8143931
40285,16764884
27800,3749938
78478,15628425
47027,4285647
90029,14138321
62490,16171194
83746,6432324
56347,8023291
84844,5286347
37628,9978833
8124,4866266
65307,10956465
2810,9497608
38206,15475600
48013,11680927
77569,10708490
102977,1049341
8776,14050284
19320,1058267
73357,5432179
33819,2549185
78388,11447440
90121,1380012
72061,4691387
16515,4875699
35055,13241345
88139,9239534
1631,3702728
86108,15893202
17162,13967297
6308,5230331
87717,13671381
85552,8033998
47488,6386138
67600,11471899
42320,5961392
93334,4977400
55033,6661330
72308,6280338
85944,9805457
48923,9569842
59268,4735206
88502,12945172
84333,1185097
89428,14533319
87137,8871038
2232,811135
85959,15859817
83885,9945941
38884,8874584
32771,2634339
81927,13785649
16476,5488228
33865,14539878
60921,14237135
23802,3087262
83690,7882534
57693,10591827
85667,12576592
79369,4209626
66150,6124754
36732,12008357
95299,4463398
36504,12799560
40679,6718880
50391,12756302
77707,11960332
34802,3026521
32087,4479781
63329,1338390
12488,14080120
49156,7768261
82551,7395595
1006,3392942
55748,15384717
101025,10153479
15632,7967717
79319,7804579
17363,6767944
54747,4589867
103332,3968443
66520,3845749
5801,5334735
6258,5620979
92352,8494161
60014,4087749
9353,7393235
71672,9269401
15204,6564655
11353,10607688
64818,13635038
84706,6865547
78094,3929119
84315,16325230
15061,5584548
46094,8776502
89404,12749860
28405,11990237
24024,1051314
84828,2213659
35033,13703488
60639,3554112
58730,8116466
21789,16139193
89919,4293380
63403,2879532
96378,11685072
79539,14433003
38508,2814999
39440,13998727
82014,15990651
94428,10466243
99607,16103468
103088,13425841
46296,14286774
84852,12182385
87591,10662141
40463,16254242
43281,6250439
48035,11322465
16287,2072728
11833,1670435
74637,1832418
19403,4811646
7346,2039460
4024,2498764
8405,9731024
6456,14377834
22946,4315508
54493,8181218
46578,7966380
74899,13896963
13702,13351927
9939,15736873
37290,11338010
57824,13811094
90141,5224938
29839,15330889
97001,7013338
40783,15496961
86743,15700972
46489,2520424
87171,666372
48332,1635615
101592,385140
56440,3229166
28115,11489849
35394,4871575
33135,16134367
60816,4283384
78536,9062620
48707,7551113
15855,7187661
33398,2658238
77804,12263103
74511,3878414
50206,13732192
70527,523830
76787,16639637
81034,11319990
11227,5171396
23175,15018600
10745,2173115
29630,9921007
2346,13476441
11094,1369401
95709,14728812
70209,14626315
64630,8765705
78837,16405419
75662,2527349
19767,3330533
102501,1008993
3687,2603488
84314,4875278
90653,14014718
33026,2585944
78518,1927021
57870,15481311
101536,8306555
53434,7602398
62475,12097839
7043,1769667
86951,2374921
73937,760806
104336,15529172
26657,6557710
60021,12370293
102459,7241969
38349,6727720
33000,5946117
80067,14121867
4023,9422187
45497,1703931
56673,525806
55069,767462
81495,1349235
28174,10549069
48992,13514950
51304,2022746
88378,3176032
51793,8525254
6125,1886634
44535,16355740
95500,4151675
14528,3568439
58616,5625812
11454,10463613
34397,3314309
94257,1034112
95969,1004090
41122,8389598
44891,10841057
1504,2233161
87475,14622837
102669,7339288
39557,7912317
24015,15404704
14325,2208191
8090,677068
88910,11675536
49405,13176953
83263,7512379
61215,9003260
89000,5703638
30237,12789511
88722,2739918
22201,5499330
43910,12976871
40945,297907
70109,14186540
33662,9848540
860,1893203
68031,10087889
58681,2352571
97494,14087114
49439,8350504
86744,13775763
27494,14579945
20992,2972609
53977,5534560
42349,2748746
40828,9696143
59707,16568404
34677,4781162
91916,6466329
77628,2551571
95112,450907
103621,6797253
5092,9819883
34492,7263841
12379,12780597
20009,11743760
26506,2108850
101609,8962232
51866,14742033
53088,10138743
28034,7680585
47695,7669402
19105,8680523
17720,16269067
13278,13254875
32870,13546876
61931,4198379
89240,5802887
35660,8683805
41601,13301035
75378,6693042
35135,8214273
42974,2807380
4892,3367768
92907,9222989
60081,5241103
46856,2434345
91349,11094369
84233,4124209
55479,7631163
54662,4825734
90757,1837707
94102,12613098
89875,3477690
67982,9916859
77287,15857334
79666,2150597
97181,7983007
40739,10765896
10165,3613362
51752,10168626
88889,2324007
48839,13522452
47294,3747002
89877,4475037
4464,6415533
73486,9013255
69158,14270789
4539,4893227
10640,13352814
2187,1076029
2806,1468920
19110,11538613
23007,7307639
62894,11555654
43829,45757
85542,5724944
62188,6960685
68157,1020330
19544,11658000
63209,2402649
11972,5077961
87915,15906368
6432,14162994
30201,16783767
14267,2609492
39447,14391345
98515,11351387
3395,12680453
12272,5705015
44125,16280775
29419,4259785
91033,14463798
66891,11467380
97248,9928143
87359,9205820
94348,1822339
53957,11416919
46032,11865528
8972,6408702
40991,6379174
73288,6710914
88103,9603880
75554,4838603
97876,13490911
58343,6066804
82152,10125776
21032,2050225
55395,12572859
89053,4351671
24873,7181167
8890,7911024
30574,6400184
38538,13524900
79121,10422563
26712,12198697
43417,13093757
35307,14313293
88007,3357991
34217,15851529
3213,15231694
75991,15450638
53185,5361716
78373,13209631
75917,9082395
28025,5867053
29255,15984027
81621,391081
83415,6362309
37795,11478088
49458,9066303
86334,12403701
81942,7177348
32048,7297240
85864,7332833
79241,16646747
78706,15730429
28101,4227833
44663,16655519
52614,5690318
31514,8808065
67529,2196749
86993,10545631
79088,14424307
92759,14050316
88937,8573040
14219,1823214
34840,14778740
94996,8029929
90418,9597797
55157,7908302
10671,3622635
56606,10555825
98163,13060661
74294,5574439
12537,1644190
87663,11122902
80550,16122201
54465,8363001
74169,2667815
58679,1501550
83890,5380239
29569,5078831
97438,1465674
1226,1541549
92784,11768028
81418,11276097
29031,10721226
72979,5940420
30077,7345403
86199,15590852
90974,1795946
99460,5703058
60306,1308024
51393,5516971
10983,14920238
62122,8789737
102191,4014502
77500,2540542
16011,7654631
6584,15706804
29536,262457
3870,9946020
14476,16067472
33691,1596824
66396,439846
15416,5418693
58784,13211209
45638,5648547
28143,719101
32202,7752906
65626,11693004
33178,13739351
87919,7250622
15754,11627952
92051,2607679
36749,14918323
57312,16761914
8868,16763525
86126,10322483
41385,2147161
13620,12723614
27059,3828079
32165,12532333
91133,14714447
51079,1988427
22501,5118827
52903,16579632
50340,8893483
68419,9553594
15006,16047520
25446,6767355
39582,16244765
16043,14746128
26151,3368255
76760,16156084
21096,4669961
53049,7242202
87076,45939
64737,9676808
80902,1699197
1899,323271
100320,16359786
11587,1640427
26340,15342687
35985,11868500
48891,5570723
25136,1745516
72094,602737
26562,9938503
14187,3156037
49543,12873241
73759,4109033
77761,5903073
42615,14129875
1676,6865203
79497,2173860
94867,9910225
97762,10492439
92762,5902198
63344,9160481
96046,16318154
1093,57224
3941,12416970
95676,4116085
77934,9131778
40354,9370415
86082,8417531
45660,13618224
87311,6444273
104329,8872084
18233,11193657
30985,10458534
74391,2426039
52703,4986645
95433,2292297
93822,5004444
46675,1007471
69323,8018133
86982,9235602
43165,15425222
9414,10618028
49857,6274797
24654,4235632
20986,7631788
86607,341396
98129,4578123
62057,10171406
90393,10345934
3987,3116916
36042,16457479
40974,10121288
92122,9565245
17907,3799452
30142,7454739
44114,15664114
28799,3031919
68056,8137032
93753,9435682
26001,7185534
15623,11196575
75173,7031163
99128,15890156
44361,16520500
90158,7304809
9735,5998030
55841,5190640
20042,13007625
16299,3020789
78501,1049531
44731,8664446
53121,15299653
35194,1595569
53024,15879976
76902,1001839
100379,7798124
29307,8385793
40695,5645106
66305,10205795
34905,14750717
56912,7326742
55594,15216929
67869,7478623
47108,5412255
57424,16694176
49328,4435714
83494,9977525
73780,11731053
10988,12629298
84324,11817924
21652,20345
5122,8205050
17639,9889850
64940,6527612
77132,347466
78547,447614
60224,15502006
111,7214110
31563,5802040
65958,5911183
4571,8627435
588,9115930
21135,8854672
71762,9566799
31144,14204382
56204,8664517
1031,11683894
14400,12895564
23476,1271658
70775,911903
72602,889295
72947,13002788
52875,7147994
54122,9326363
50363,16032677
5314,10756759
73437,9840020
79383,4384185
60520,4186429
62921,237
65316,13490043
58539,3969090
48623,15086554
102721,11499455
89106,16255976
34383,9622001
1519,7959704
86783,3312976
92328,5203213
74194,2135409
70402,16499271
103355,9550524
95166,771244
99621,11214472
88796,14521155
32372,1557861
95258,3668859
4320,2759902
89586,11613587
49424,15012432
101837,1809841
40054,4870608
82314,7802292
526,16008075
66267,1452537
1694,9086871
100247,5044008
49384,55673
102011,15069348
74537,5461496
45809,10081222
31519,4389585
8429,12286653
76405,14577675
28212,15045505
44898,15988339
57297,582134
71269,10791101
12345,5468783
2221,8900024
57923,15920359
45447,8898373
14031,257405
83436,14355770
61329,3055287
17634,6918233
37342,15472696
60603,8855355
6977,3322491
16778,15612623
14027,2256279
50805,14471792
59154,16509601
14998,14997135
39004,5523629
95107,10206249
38875,10451406
84043,1300476
74846,12539914
55015,16215372
51343,13497427
90293,12568627
76114,3142598
82834,819216
70215,3688074
25838,3275275
103705,15398488
8915,14129211
17823,15131751
100211,13588616
69654,5660000
95996,11177790
9994,768275
66210,14701642
48802,7035199
85954,2974444
29999,10738018
33410,16481943
18766,5939889
70210,9897646
774,3232530
31200,9474133
90953,10521266
12952,9191679
22856,6440216
40162,15490227
41475,7898649
28481,157161
56466,688819
79146,8960622
50609,11001533
63633,5951717
5686,15432358
87755,15238776
35467,8763248
39060,495565
59185,6594466
27373,13218949
8460,13655083
36311,13575175
89120,10287011
74030,2764444
38418,8895771
91648,15633240
40278,4950831
50508,8270910
95058,9219416
11170,15315340
65939,2916026
2360,13637456
63452,7544993
51315,9657437
76833,5521845
71119,7250504
96151,7166945
92674,5092360
73524,5781003
91428,14344469
104364,6959367
46781,15087658
38451,7380414
99591,11408864
56690,1666520
96086,14805492
11757,1431849
92377,3762727
62937,7398787
62807,16310292
28363,15360521
94994,1160612
95502,10149488
23334,14173363
60216,289748
103707,15849743
18095,15381905
82106,6954830
96949,15328532
69832,10234582
78305,8246887
16169,15636079
65911,5754324
69062,1158278
100900,12981506
33603,2298303
76078,2891124
80391,561192
23502,11375610
9048,13964929
66589,4814231
82548,8207339
60805,15528941
56083,4064598
50286,10721536
12530,10512145
31385,12701353
2048,2302865
32103,11544233
10050,619817
32405,190789
60691,9731556
80142,13490752
68540,11687070
99060,1298886
66810,1197764
72273,14978924
43107,9100021
67432,11453362
71961,10793761
83687,15750864
4240,9896853
68850,2251478
7764,10992272
95723,10158897
91927,5687148
5885,5533709
19082,3741984
40884,3368335
15716,5361182
1644,8164337
85429,1185961
62873,13625497
65718,4637008
86650,4731126
27779,13426057
65001,6881681
47301,9373148
68110,9168929
11822,4750436
21941,13505163
5787,2551347
89272,4009935
19205,12397772
75347,15989666
33958,13259387
73333,3168741
73673,5285302
44930,3846907
75610,7541176
77673,14702439
28169,11611378
13270,8660461
61477,5670512
6036,14170498
84425,11553050
35468,12565942
103031,853957
75227,13219125
88529,12891636
48039,3036333
75857,799617
73845,10518059
7401,80531
1503,6375066
11814,13444850
81048,4281667
28515,10660959
54895,15916969
77528,3287491
2149,8811245
17455,16326785
31423,16530308
101721,14697929
10874,6430720
54037,1844482
63869,11178158
94968,10597724
44221,3142306
54967,9382006
96005,5655481
80988,10939245
10294,14260471
20904,7499919
93475,11191499
94234,14727728
92618,490975
43700,16683980
75904,3158500
64879,15970914
16689,6132944
94723,11464700
26275,3665990
74329,9069643
62180,12052585
95075,4500513
60345,4080848
64538,1208767
63454,5604907
37426,7104883
78268,14501465
32302,3159614
19625,8624164
5694,6127377
52724,991812
94937,6867927
37929,16326434
56359,11805733
62222,13550683
66043,7558483
83476,6688421
84842,5008792
55507,14684100
89625,14093985
88747,15983665
12989,1516118
85229,14709824
65961,8151866
97225,1365718
91798,13008422
65490,10403720
82210,9869155
29053,14351688
83750,7634703
65456,8198423
72915,14775397
80967,7660898
21944,10663485
100058,10310528
10593,15557109
33450,10683008
73084,1250765
5017,2443127
89703,15649456
8353,397287
46361,4306595
24127,946350
60524,5551120
56097,4461024
29760,8617552
44960,9062707
91755,1647392
66086,8049658
86738,9011573
24433,14063924
6458,979085
80070,9515396
30168,3587613
91194,15454010
36326,9572259
34215,16552918
18911,3296905
49412,6838164
45261,9112846
87109,15360808
20710,6296167
43235,4571271
1746,1053914
33233,14349250
77941,15325988
70331,5646230
10851,6475217
37273,13508986
90336,5465761
28697,5725100
38626,9146624
67291,14735357
33044,1947805
77654,4873177
43157,15565874
30217,2480071
36289,2714993
79424,11925760
4655,12329814
69598,7324578
89592,11828517
63357,581621
103206,6629477
16679,1443549
96743,4721670
7632,2627825
10652,9374071
34218,15260326
33201,1159665
94172,15017863
94903,11326248
88243,10199555
104375,15946118
79465,5485812
95385,3828778
2175,6420801
25943,3861913
8410,12584987
73443,10432943
10985,16183967
28162,15617104
79298,12988565
61292,10468436
45992,10599244
86265,14242224
100739,11553729
17138,13933023
63075,9950176
15042,8103653
34795,12484090
47490,4952845
64334,1595524
6149,4112139
67917,5158887
39187,3980530
2455,12681440
46276,2618536
80576,11085775
96673,10042289
101950,5221272
99962,12760704
19180,13833969
78204,13324555
79586,12535189
76735,6948178
91464,9336425
17503,15654841
41873,10833847
67717,13974900
83331,10571340
50122,4846874
59492,5301077
1331,11796073
92155,10696641
68404,3633839
101320,4981584
18286,5118327
42264,1485600
16201,10411420
29190,10447342
14505,10605258
97077,9018452
71845,7834478
57948,7212370
29219,60137
49713,10159331
34139,1164494
59554,8666514
83171,15528248
100842,3803779
25710,12363672
36299,2110717
45381,8665775
100127,6779025
72046,10748117
27654,5297947
95055,8819492
10857,875362
98127,11776839
91389,3116431
19361,6596264
3259,11081117
101256,3073359
10949,1656157
69525,5528434
14462,5114385
84762,12401782
77456,10990831
73507,468207
42391,2212792
58534,1492306
12817,4748533
28412,750000
86664,4530372
15727,3226792
33039,4867914
94960,655269
73466,3483765
20545,12140022
82111,10758533
70043,12879051
80775,8362026
54419,156744
48907,2323623
52310,2536103
26811,13402405
10840,7411195
6499,17901
6265,13989561
76961,15465243
13805,7292086
100555,6495607
39195,7194450
18622,6231143
7391,15359134
5507,13073524
76718,6047238
79808,14186671
9130,6363745
44647,14925829
21313,11276
90577,696561
59856,15019523
14304,1016645
59929,5554342
38171,5480585
33873,1010744
48160,10471579
29765,14597124
101053,15016427
35771,4490958
76315,4159797
45164,16022041
65984,1494352
13370,1846247
52616,10207485
51633,10537272
42821,12088376
85228,14887698
14218,13416882
46683,13706126
46880,10918263
92046,9387887
83222,9114571
62318,3332682
90417,12390489
64309,8105080
78335,13584239
65049,6436023
47302,15779147
57399,10483213
19705,11679119
11861,16323510
31528,8079156
99094,12342263
16038,12934270
102386,6689060
49476,9578447
29153,2396702
25675,3472872
61522,6120062
49345,7551430
56271,10067761
44284,6315487
43332,1392017
16074,10307060
97089,15677642
95458,4640998
86941,13163386
24172,8345491
102788,15624623
15960,7599411
59337,11843219
6372,8967799
57716,13666568
49297,15672363
36281,9499229
67632,13304871
52766,10205612
49500,8539455
103531,41460
65432,15522777
58170,5686116
6514,6405692
71031,6860293
4855,16462024
38079,1607743
92383,6263042
30943,12440924
23323,813137
63501,12163580
36874,16569340
76099,6353950
97433,13952473
68722,5909813
22868,11619500
15995,16068382
10089,331785
65504,4885487
83715,16698315
8279,4681085
28500,13881649
91025,6196630
97460,5627617
11898,12548690
97522,1013779
3366,15729228
18152,9683824
9438,13910665
67256,16004857
44351,6729237
97985,11745717
72256,10816020
51428,11687452
98372,15346297
91975,13854042
2573,16755666
44068,723083
24446,3524218
70232,16593046
23915,5139868
7132,12489459
75577,12449156
73123,10012101
55148,7145480
46030,816928
54457,7218617
7004,9648029
45803,9940156
39258,8775421
37639,4741714
83141,10775596
22318,9623230
63737,3449742
8347,6248948
12580,2185898
100920,13800231
57284,9849010
16084,13969961
22610,15600451
14414,6326295
100922,12026072
67714,6730086
87942,6374511
14134,9805245
81556,1337845
52106,3536107
67518,9540887
92929,974092
14687,9757528
42478,10017674
41211,3670179
28026,9442809
78426,8747802
50221,2775999
59546,3078
90550,14058558
101881,8811517
51889,4847783
66812,16109649
40156,5071613
13394,7007478
77475,11754405
84664,10913444
19783,4245147
50207,5628425
65854,3067413
3694,14107886
41534,16222832
41456,9647806
63302,9830360
30672,5257478
12962,1020291
38966,3868468
11149,6835379
80056,1878389
11028,3667813
24992,4146964
72796,14488863
63620,2417134
90063,12785079
45504,128092
19942,3693390
100481,1355178
38222,16196141
102457,14530769
34548,7254774
4208,1757404
11080,15684369
48068,12612227
75583,7240847
54749,11209608
72740,3124225
58588,12185559
44253,13709305
86909,5672273
22187,3515667
45328,7392375
66546,4974264
72799,171806
66908,1677997
88577,12689249
57840,4654187
76824,15454604
74647,2306023
12361,5518755
79076,2372677
89702,7731345
57361,6854740
63493,14407793
15682,11829736
91385,9900561
57113,16622405
26681,11691899
96521,3017969
42705,5986910
41059,3287975
51013,13223777
95554,11203465
92034,6084854
69809,1225069
53908,4488588
29076,4756019
43106,3030269
93203,5011501
57067,7026433
65372,14751956
85017,13456544
28507,2347663
55704,2449229
87524,5899283
41313,335274
35545,263587
19678,12572499
26806,4752558
99483,13071596
32230,3759730
1040,878957
73174,3275784
93346,5394714
12903,14154689
97511,10546494
44507,2713837
26522,12032407
55048,14584928
54977,1210599
65690,1408551
87181,3195015
7834,872942
41501,12448747
53941,14371047
12658,1298384
81877,5604474
337,3610677
98581,10369528
89267,6491778
85624,14243677
16793,2781002
45699,16411363
37070,13696861
93370,9474285
38193,5243743
75254,8475786
7486,14316711
12146,15684704
3614,11897009
47903,2445570
5305,13782305
91341,7576254
96253,10381285
9142,1741835
76691,16747156
72821,5458578
89340,4159548
84414,4697111
90130,4805984
70102,180127
67109,15695623
13933,13558513
18502,9115657
42702,2457115
1960,5353526
25577,15271411
77719,2692815
95452,1074979
28835,1196863
45528,2942516
100550,8375316
45887,3117478
215,4800816
31624,2190365
93307,2632727
39606,11024680
452,15712093
837,13197535
96632,13385744
57566,15697505
25277,15890617
25048,14769433
78960,15532926
22183,8251983
13002,15942852
11005,11883273
28928,13909802
46302,10655263
49617,9369394
101254,4668069
96373,4650247
24648,12318407
94303,2191319
83571,1762354
36240,6295528
45209,12217700
17478,11052520
69909,7700556
85652,13865637
22280,14203556
86528,15500797
37334,3814125
269,16621825
51179,12494593
42298,6084641
46520,6053049
93964,12292618
91053,10949877
68280,10803403
93391,11065473
22404,2444880
49952,12586964
26022,16175596
24038,821476
52261,15974243
22851,998400
65413,12793055
51431,13113322
54294,5168908
15284,4129888
89563,4866366
95936,12671321
2714,15936086
85711,15437291
32043,3580027
33619,7597629
38748,13777950
67649,922901
17657,6069494
92977,6419097
49954,13277968
67106,10654613
55640,1800210
46417,13010982
70017,14376582
50725,10992966
45546,2283858
37094,6485728
74998,9427458
24000,2128697
94671,2748116
67055,5480242
6225,11677296
29483,1842320
92105,7481338
7505,7108096
79355,13576568
96890,12562776
26871,5117874
65857,12299433
37284,5596151
33625,7017755
46048,1525700
40400,10603451
46486,2862086
46103,14166722
5770,15696930
93917,8842520
27435,2866111
72898,2375629
40872,5970152
56161,4768016
10926,12779819
37563,2833171
7733,14864
84302,14135325
3308,2907001
59742,13262079
104010,13930488
26878,1914786
96406,1466975
50781,4861899
28376,12041462
23414,563723
54187,15597575
30358,13558555
51253,3948130
15426,3267286
71975,15196549
97155,12722132
10464,1129201
68420,6577767
76614,16728424
63476,9704633
99878,14516184
83962,11155223
14133,16775710
39884,9614832
65032,11617864
76608,11750378
91153,1327044
74556,7333960
95988,504261
43735,11448856
12823,12979085
88753,2180690
57671,3530940
987,3687526
24089,9358719
59893,15073249
8024,8408774
61697,6293591
59781,5010376
42962,5298926
67947,7061142
23192,10104500
28147,12148893
95051,6237715
43942,8545527
103542,1983368
49478,5890218
1079,3197354
22495,8057473
71888,9050436
43563,6063444
40953,3485709
77639,4731661
34359,16733249
62063,15576604
96009,988694
3096,11474818
73488,795805
78556,8916442
21814,9602952
69716,5656418
90399,11061003
84062,9079706
92199,14141591
40769,13977819
93454,1078429
89396,6187845
64432,4579616
92513,244936
91072,7607173
13490,16676621
50825,1176424
96382,2166727
88901,274258
66213,3251072
36510,13796453
95223,14179220
80555,15948636
5242,6887162
32799,5622335
62688,13628863
34902,2306109
26635,5796389
82317,610193
100202,12838920
42687,5433466
97217,13846805
44250,7492006
51469,14246106
98961,4831053
1721,13199912
16720,12812228
57416,8994253
74516,6500835
32276,13889692
14258,7886671
20683,15158984
40698,3366339
50608,14235079
8737,14943812
51076,13182603
19991,3303382
22874,3773163
51644,13122726
35461,7619191
19589,14454792
2126,14250829
84538,15236555
43783,13205694
44840,15978186
70126,1589871
53095,11079331
46814,14189467
23034,10940823
58682,7122919
83986,2688699
94522,15697382
14925,10485136
35020,1173116
42535,15532726
60658,12040490
56346,11715393
95510,14776530
101501,11381774
78006,2363295
29625,11423139
80511,935379
31709,4493088
96639,9079321
50797,8076726
15351,5418975
77583,10774601
78306,11279441
6147,4063448
1108,6940683
16065,1435024
3462,13992087
4302,3421449
43492,6556917
28397,1480494
18368,1638750
82516,5792224
59629,11457607
51918,12707395
68042,14133649
77689,15129770
99648,11733538
80444,12077364
72900,12039704
26461,7046109
60583,3270896
37237,13364193
30535,5529557
25125,106588
47035,757868
33043,14011569
3345,5740317
14783,6468819
33714,11619657
33789,14331066
50447,13239914
80050,15190836
42227,8527798
36512,14972733
67872,11175374
40759,1082946
43221,2682020
41876,5960084
54918,13810735
72564,15097296
19768,11422481
9982,2634323
100873,8667787
33377,13079927
85027,12523290
102482,13404
96490,3832410
44324,11901611
62527,1680402
84548,5779519
15469,11578328
55596,6328078
59135,13444727
1810,4630357
77127,8808304
38225,6708772
40501,11318261
7772,16374803
72535,7551291
31124,9865851
10370,11205561
30339,10044058
84899,7500676
42838,12752267
21095,11527847
70156,8782057
23860,15588209
47994,12480103
11074,3793138
55196,16390400
78794,597165
6250,10608171
82029,13066426
4365,11496750
48272,3349859
1989,12324582
17761,2337420
98704,1808783
81988,4736383
63678,14180384
82721,2373344
56572,3970732
82480,3411305
10368,5406133
14276,11258359
84382,8206273
82745,968265
20438,8700200
59717,16025979
25153,12206425
94398,13822572
1170,11745112
76749,3638294
96885,13323397
84843,15687796
21278,14939442
60610,1614854
99092,12969253
17223,3459595
18964,15143861
77473,5767935
69023,5941677
79531,15728828
10699,11290199
56581,13049967
63959,15138474
70157,4180380
22625,13507881
96868,16203880
70630,15712245
102286,6654020
45993,8465599
59125,12146307
11789,14464312
71371,14807987
47247,8741456
102748,12566965
36526,4497107
57750,10060265
43731,3042356
80315,12055880
80129,14903894
90544,12114200
63813,171339
58543,5283562
29111,2160791
69191,10268880
58561,10683601
2936,8148771
62632,16734898
47172,9335779
54974,15578182
35357,1615364
53111,2169453
20774,8850193
67799,2092377
35061,1816148
101891,14039388
6907,1229975
12152,13272870
80278,8596824
89151,14269897
9003,7517421
48847,13234877
59918,5857304
97721,4344202
11894,11836037
43341,2342950
7594,4965926
89749,13028454
39959,7071881
8256,15982904
49995,6179539
22056,8845957
96117,16323068
49572,2978909
34749,15743289
6081,12428830
4731,5734532
16892,14105209
102524,2824300
22675,12409557
33358,4669795
47831,4989913
55018,14849048
65083,8299798
14184,11648456
57555,9478750
47562,12852666
70993,14232367
42643,4580639
68812,3171393
93385,4889363
89443,9303304
64379,2551738
14492,7246612
58373,6490099
34175,16283143
15066,8845272
40262,16228020
17827,6349281
37171,14819601
50230,1123629
3105,4666699
14533,15678996
89547,4131461
19868,2911723
94761,15134129
63866,6261003
67454,10009585
56704,2579747
9362,13686457
35228,13446516
65983,10405152
4486,10493531
97821,5869581
2411,3463391
11208,4657906
26487,15540105
14073,1627659
65154,4991757
95018,5633937
4626,5542140
5909,6748716
540,12821982
34766,7528596
10555,12511250
4218,14372482
80363,5893650
28808,9564284
70643,7748280
36670,14331199
78112,6381552
13936,13955114
12514,593401
57630,12884204
64702,15707450
44341,5798482
91155,11360209
9955,1441205
2359,9233694
69321,5989350
94972,3328962
51171,2151665
80501,11116377
94213,5435885
87021,3712036
102696,9800673
74203,218527
26832,16617954
24197,9134302
66789,3188519
70516,4808122
15873,14144330
71960,14239629
94383,4587782
82182,2120606
43604,13154768
74631,3309391
87863,5098939
31118,8491757
58392,9423616
80662,2166267
80438,11631836
21756,3348808
76041,14570716
75092,8449436
1784,3621808
41590,7677267
98708,11133807
34398,10886296
63571,7821902
53517,7723267
30683,9133664
42949,15232888
18728,6427145
3442,11807725
19624,7578853
2452,13017475
13975,7561791
27074,7027475
93669,15664808
73689,7466197
28306,14653550
58788,8310774
95362,10914672
58711,4747452
76589,445512
12463,15785916
88857,11155347
12672,13759178
22530,6398284
76990,8134160
90829,14865705
39730,12386546
21750,14487985
44384,11138540
44367,7980328
37175,13539107
91075,11152698
23920,12211062
52376,3383115
38703,12102533
63060,1010112
47451,1249193
27767,1224429
30499,5259365
32055,3726839
42359,7116446
19591,6097419
55998,16319921
84354,14202907
87010,11967495
32685,13416010
73072,6164045
28640,11437159
41145,13559046
41839,9164629
23874,14743609
97950,1319012
74926,7291842
34155,4471183
10787,10920712
8439,3333624
35144,10292940
52370,11432393
77608,819787
23046,6777423
11405,12070518
80603,14841512
98672,15548495
75968,15138039
88239,15222439
102981,13401082
57605,1207298
44318,2288937
59855,7324167
27589,512377
84856,2165730
34741,1247840
78370,9888170
29408,12286341
90161,12385728
97733,4326801
102844,15100961
34331,16543233
93991,8373189
46228,15089248
97376,4815035
70473,174408
75589,9980964
23448,8134713
58777,1826475
69348,11141330
41209,2282956
30244,12985839
50600,4398512
87481,11053890
63005,8792988
87917,409103
61289,6651989
79865,2220292
38105,15980500
13653,1788189
79205,4729741
61085,799688
30602,16415508
86416,1955242
575,14066316
13824,4889580
44268,12162769
31271,8169177
34554,10951258
83763,7452998
25905,13594138
46148,6873118
52536,8006189
56252,10102709
5421,12586988
37801,15693528
39940,11822695
82589,11005208
78516,14924717
43899,6947287
66971,13094877
3661,2335237
48126,8263947
35537,14253840
11723,7606608
101773,9960550
47858,8350510
87553,9456348
65299,3832390
26900,9563431
42080,16204636
100836,12315015
79677,8968413
86906,5008438
38871,16642446
16918,15616923
1287,14891536
96168,948595
29460,3950233
65438,1955651
12430,3116765
52992,10641740
39478,9360694
60601,9117897
32915,8353816
38326,10345349
81340,16062218
22220,9913261
82146,1328234
96851,4323031
72812,4084982
84789,6944887
79180,2226657
38614,3265698
682,6247526
28627,12854097
72648,8326180
87489,2197109
29462,5837718
79320,949744
51110,14849641
21669,1126353
8758,5557891
29232,16254223
91625,11761781
85565,12066421
17188,8709862
69424,7272607
31605,11503073
7630,7734121
25461,4999592
63676,12770912
82151,9070740
32823,4551918
14946,6027168
38130,10176211
70338,10387930
5380,11814208
61241,4953886
14265,162759
49465,3443907
13439,9550455
55251,4913329
22052,5273465
3611,10171279
73718,7368536
7341,5845115
83579,6690371
58470,6138800
5644,1353722
37261,15485063
72962,8914491
33770,3987435
77253,16299525
50486,9280867
50008,13366486
2798,3262324
7861,6607180
70762,5179445
78600,8579399
51876,6271724
48615,4710051
94377,7201391
95398,15177771
76021,11346921
59297,7317832
24814,4634725
32455,7902269
63695,2498131
54167,9833621
27644,3173141
80612,8733694
21840,15129100
88397,14977034
79410,4991474
95985,8337124
41449,1083359
83743,15385854
91940,5778562
71607,6515804
80534,2528330
86478,13716464
31438,10114589
17319,934962
18536,1204513
42583,9213593
91776,2192781
43076,5151599
47788,4596208
373,14313901
85594,11381468
12479,2473622
97475,3310384
43395,16083401
49821,704253
13177,13236437
21739,11648662
38940,6184002
38116,16278499
66250,4302201
8554,14470822
9319,6243198
11020,10881029
42810,11645025
84244,6032005
72096,9255602
97689,13996033
70536,2330866
60855,15531172
22708,12911189
24598,919463
33272,16273922
64704,13422946
21319,12524050
85188,3585950
56100,15302754
12342,9816520
19947,8117755
76618,8908423
61675,3699730
69411,11376698
41259,16584462
100421,8970857
99313,11435116
78062,6941167
86787,15261190
41596,15295620
45192,14062600
2994,2457170
89790,2208646
43860,5159846
31485,16605088
7236,11613867
19302,13128159
11708,13906292
56577,7636539
23047,4792173
72023,13150932
64996,9587887
11374,9926707
96356,16629124
13632,12568938
71615,2361405
82380,5320535
98433,8857754
13333,16226609
53841,8247385
62540,11337933
38885,1716956
54614,11720867
76135,7265097
79890,16595217
22983,7749748
71662,13373311
98357,2634070
19177,2405924
94145,16025244
83,10481317
72481,7582743
36898,3119360
12006,6530062
97583,15332073
87329,15670167
93831,5782822
77010,14409765
32022,3215960
9480,8426786
18560,8939537
73612,1103561
77785,12527539
69227,13031679
71229,3087649
40906,11242237
85628,13634050
1720,2690193
74549,8070598
2026,203422
68586,2976872
16192,15080284
5797,15004792
91096,2061619
75425,7990508
33524,14999487
47992,11188133
20436,15497252
26815,8676082
15730,6922597
6068,14680844
27942,13026885
29020,3639388
70668,567951
270,3893524
74589,10380792
50754,12746704
11399,7450049
26200,8295351
44118,5827367
57895,16705575
73584,643539
44773,9705971
46939,12244787
75143,9389135
50747,16462717
88870,16076906
63044,15916471
71644,9691019
3216,7470868
41790,2165753
96275,6854536
50987,2544166
42310,9685258
45224,14861944
19050,13012384
78385,4949040
2560,8320492
6860,11672042
33983,6023383
21775,8619647
85393,6274051
30226,12690908
27748,1850607
4870,5508492
11922,6117099
45738,11396844
84565,14877
74041,2270652
27955,722116
22915,12697779
63863,16630501
101647,8076203
16218,15239606
103468,806266
31444,2714696
77198,405548
4242,3149728
13482,8615021
26140,13584821
3736,8131318
48860,15680685
23563,8891818
20785,14907231
91784,12586661
98758,12274552
31760,2497844
55548,4792856
99202,4195646
99678,13170304
100364,4581101
81871,14092699
59432,2544588
42492,6623120
101268,7297357
96837,9265029
75653,11752583
47552,11426354
17108,12011154
52510,10741093
57105,14694125
10544,10832376
40141,8983605
81547,9662375
45989,4484769
59603,8497141
44101,3477282
57242,10575157
100964,385738
19063,1040604
17735,10080735
1995,13266957
68578,3874708
12696,5264147
103934,7330045
89580,10160808
12327,4659596
13831,6586477
78799,198618
74322,13435599
6322,14977916
15341,15576481
46843,6836022
66621,12281692
51123,7085480
63429,7879428
44588,12049436
13758,15379835
92885,12475279
99854,6072831
21772,4690184
101460,7693842
3871,5479518
23487,2455518
3018,3387797
37673,7407080
43937,12699165
92071,168787
66184,15665954
8920,13482833
25771,15520249
63109,3022756
5870,1310755
73141,15495318
1588,15892114
26926,10488899
103920,7560571
48897,191577
36660,8369057
556,12157524
43023,2867205
42912,1754663
69555,4634120
86256,10979602
19573,8764751
20504,12830541
67161,12362812
98108,2114255
77641,12848492
45644,4059380
80573,2505603
28370,12915828
16776,1376277
54555,9942555
90464,5442071
71866,7498074
76512,13818752
32592,453837
69787,5789537
57972,14983862
16152,3133986
63684,15330704
72942,10971610
39209,4375804
8441,7565606
412,10597409
60113,15305906
35592,2792112
25770,7942328
89633,15086744
34211,6822929
44775,4758952
19651,14997791
24560,7422598
46434,12035460
4851,3202890
9651,13445940
47472,9279716
13964,3429371
36159,3600161
18941,15747390
95200,3662440
46282,8297102
86939,7464855
94169,8937646
57575,5278710
4144,14369922
61169,3617235
60358,13249428
2087,5927917
94949,794163
63185,4354034
36257,5554129
29796,1174198
101230,839445
92357,8364220
5780,13051330
69032,16705817
74013,16436758
64872,10509050
52939,8802476
44480,10796850
70030,688615
85673,483690
6775,7860176
37892,7069325
46,9688301
41934,14785008
63458,9442579
25668,156408
7493,8010369
58238,8739967
69933,933696
94577,13657325
47986,15103944
13350,3558886
87853,98708
84795,4593127
91387,16213238
65876,8647321
64892,9237718
2630,8045464
84395,15876940
30774,14174641
75930,15760208
81961,14399522
103282,2553550
64812,2934392
17941,8299300
78355,4536119
100831,8551720
63165,7507493
103930,13711876
92959,10202943
20405,12670780
84696,4752049
90735,966859
46397,7237729
21335,8211659
86361,382887
43343,4813310
29921,7766720
76841,5966805
65400,5990046
93079,10887047
61628,5197672
96984,15638455
30627,14046001
98025,8325999
47973,8294388
63116,16590205
29863,16450070
20623,10153562
21496,5962930
47053,9881143
95265,16341949
4872,713134
96339,14185700
84554,8287254
14457,8779826
15616,8029022
42787,5998507
47939,7667252
74381,15897306
86573,9379597
86464,14151908
19019,1958902
91524,16790541
89168,13821307
92044,6331008
13100,3622039
82742,5050343
31266,12861130
3925,874559
66937,3764048
83327,15075648
82568,11429639
24571,8302047
37122,14996967
32955,4528011
53200,5562273
99991,9752951
91322,10448374
1550,1162247
20707,1801279
83085,11326361
10442,1567628
88292,15905797
69180,16146935
33036,3177297
98158,6386766
65672,4029502
48344,15974773
97929,14482652
4595,9894977
59442,11387073
2744,11601647
90438,9000143
15403,13408998
82623,13819981
97321,14552025
94013,10447422
55811,7618811
13676,14557777
24448,4363266
99722,14109727
47971,15515621
68085,7627887
69391,13949410
24372,10463196
34718,7909270
84597,14880178
16133,6332684
12257,3298818
3411,1737350
9057,15992678
32805,143169
11664,2573826
2969,16010490
77443,15561047
81952,8329652
60923,15844030
4283,1883040
52808,1474883
16647,11428473
3496,11524488
87507,13567262
43678,5086238
27022,8663540
36215,1209611
1125,10344353
27167,9475554
23330,13729495
39484,1630443
64176,5014123
23602,5167469
100120,2423108
89579,9635750
84398,3370746
3901,6049352
27335,5009459
48842,11752451
2726,5017824
58998,9331038
41054,2285799
101798,776415
67945,9572969
45051,12061809
11447,11664817
54175,7306884
22933,6137428
104386,8271588
4028,9489021
25276,8704654
21458,15771156
33567,10595048
93620,2898290
78690,16397989
32668,4556763
26575,10235124
50807,12000522
845,16363240
99887,13557916
90276,16769020
17259,6552872
76116,14231120
38384,16466134
63706,15958610
65325,6775691
29257,4406693
67220,11525863
91256,12873446
30470,1660726
4281,15305804
44575,4950463
89905,974070
101987,1473972
30013,3733943
71610,6500543
64009,5154708
1200,10608360
43113,123527
85915,2301057
96623,8174999
438,13607198
26684,5745787
36012,6487751
31781,4590892
61317,7224214
85773,7772182
64188,12202075
8769,15300657
55235,14000457
25896,4658274
75170,15628426
69769,8068324
7754,12804435
479,12630964
53618,5606964
80081,241022
48370,7009198
2825,4425621
82958,925905
34679,13092583
76039,11944718
19643,9878915
4623,12277482
49754,11926021
44458,15399966
18066,153372
96051,15899532
56368,9230963
71263,14311776
37084,2512928
44816,12380188
9399,11779743
100163,13333777
92584,15985724
58185,13822637
20474,1547113
33723,1765267
56640,8530997
21542,9732777
86418,4401670
18695,6207931
61194,13619789
96705,1858610
57643,10670527
74677,8676395
81290,9808662
53787,8530184
24460,8027004
36586,12483804
7336,13126919
92633,14660688
66072,3594919
32057,13379782
42200,12135603
97094,16564346
88164,5235058
36086,5099941
75884,4719059
38195,4051874
80106,9593354
74149,11718042
86771,1594822
34626,10143990
59779,3000717
2910,8041115
55373,13604561
48956,2638340
17006,10159503
50203,7254714
42411,781193
54105,8732500
79706,7812160
46916,5493145
100445,15080769
46771,7348946
98034,8530634
63035,13126257
15543,3314827
187,11716249
68875,5679941
29183,10840149
97639,16519629
58084,8782158
52938,8494777
58173,6673782
76643,7036330
4563,697413
95721,10475652
37873,1487334
52271,13647663
86011,275619
99682,12614398
95125,11045283
10508,2939079
28328,4294342
85609,12946573
82279,12329094
16614,16759730
45185,12797628
32742,13059794
49145,3375705
46192,1548119
501,12129437
62630,773924
21454,7592481
99669,11088389
61557,10670540
23705,16080435
46769,9439800
103336,9776698
10345,14684595
13577,12189984
97426,13532110
64662,1129352
1229,1283185
28513,14160620
45450,13230710
43155,7526834
101631,7757315
83186,2219578
59307,10835574
43916,255119
62649,15046033
63736,7881516
6240,9767634
70171,526799
102271,1060708
12190,11583226
43570,13781583
101215,5883028
28203,12392380
50277,12016813
35783,3151211
27773,873040
80251,10545019
23090,6678519
44247,43634
30262,6100773
89806,8646382
19152,12411345
88126,9170490
52329,6332758
42723,14902721
94366,4185399
2759,871883
98879,35789
92139,9326510
27665,7405757
58560,5530462
50903,8673116
78041,7453911
12306,2278470
58686,9529373
73535,6943252
71514,2226293
19718,6245435
93733,13848608
97606,13500151
88122,9055388
20700,1187396
63683,6897782
97151,10525235
80411,12584212
1850,3960803
68853,14503974
42815,1626789
5577,9153044
60567,3158923
17146,14701618
46744,8921060
19010,5911262
47661,10936003
91984,10745711
83512,5949747
85312,8551385
82112,7621604
68602,3097984
54454,3197108
28741,11054308
83257,5902330
3222,14723748
16867,15756318
80457,7326032
96517,13348369
65041,4965539
19141,4462153
30362,6926014
103659,5967227
56455,4675293
25610,8845790
52907,1814607
64464,15631326
103811,5096660
45172,6842953
39528,14341303
103914,15316960
45431,1971761
55553,6508386
13235,13350900
17879,5050687
100805,2612905
17762,11161201
92102,5584642
59059,1799706
82170,14708766
90047,5377142
83732,12638162
58712,14669239
5983,10373410
73493,15164949
15555,9956452
93442,5461125
32961,280024
29793,15570028
96748,14357011
57753,11337993
75119,9731394
65159,11592815
34620,8197255
17050,5369140
10337,9348485
50128,15625477
53527,256789
90131,4915360
90319,2073466
84292,13905322
94749,3827227
165,7558113
20907,3609769
71317,15532933
232,3295308
98626,2059672
96456,14601941
52967,15769092
83966,2992672
79676,1716382
99925,13804851
7424,2173698
1751,14748976
29437,7822169
38835,4253373
82560,15293802
36070,13068962
5561,4681428
450,7733851
97538,2110177
3419,16437747
23834,4111801
78831,10252845
62739,15259175
39656,5783301
338,5291460
5182,16720378
81776,11445393
93779,7659820
77933,6332791
43583,13923254
6585,10489610
86369,4414843
72209,14946471
54085,14926965
18203,14580481
40259,6928354
93432,12005296
7838,5646147
68308,9991314
72727,10631367
99526,11262060
53692,16476080
95409,2200362
58809,1239747
51353,12237594
19202,10249784
90835,2031065
86623,5306977
80108,2486980
53209,2149212
91765,13912778
69814,2972651
16969,14451234
42600,6359080
19539,11347337
37819,14734474
47619,13293906
94269,12621092
80934,13371666
73779,13078499
99052,8703903
5904,2151805
6235,12194589
20235,14222823
69705,10727087
7580,7418897
87624,9420054
26113,12627430
11827,14866292
62316,903236
14696,3736535
4307,8785229
101930,8993083
48095,4392617
5531,2622001
53021,7607676
67288,12221588
21942,12881284
9082,5167762
15408,10577915
11558,2047367
18033,12719744
62579,3440607
19344,4334618
3265,15079085
8840,1364415
70533,1479253
63681,13463911
6207,6953247
26619,6942915
76903,119237
30233,16484623
14077,10818532
89915,8503994
92880,7881509
23106,6652559
38487,716540
14227,13142360
384,8847666
3235,15741775
46906,13152783
102203,14380841
95,2655027
66169,3258010
34264,5360980
81739,7609272
44387,7794767
29828,6784409
81484,9399939
46102,5586554
42567,9493183
1567,11281323
38998,8857246
25652,15393484
48354,13395771
29911,102987
21651,7897538
100500,11769909
56110,16286254
90118,16446783
62395,15325926
31880,14496399
59278,8781811
100453,1661015
68835,2814660
70373,16568846
1449,2358908
69421,450294
68749,16334724
19455,4691280
86739,7662123
99248,7466375
51453,6032044
8540,15074380
42233,16375467
43470,2720993
102474,13027915
11559,13126874
80176,4977086
1149,4508070
89034,12756219
79492,12858606
100619,9181615
32041,5811825
97197,14293605
6482,476037
104133,13572025
70493,6577399
24898,16711859
89759,7939155
11545,1001367
96636,6597386
74859,2528524
99430,7221350
7962,2797195
53064,7967601
80463,12191682
26011,7425296
69684,10129037
7956,10458797
104063,15202910
11977,13718228
41539,15878783
96975,6841228
3960,3579916
26748,15748385
90013,637188
68532,1309643
23523,12708334
25634,6381885
22184,9427479
6640,3544653
5361,9416572
85734,14857892
97677,12099457
17666,4986872
15915,14011523
15180,3934719
50222,10268723
66515,3740314
65110,14661364
95652,4311672
86970,8667112
9646,1299875
80486,4222552
59155,12422014
44308,8652096
26701,2085864
57048,10032312
6774,11770659
57138,13058762
102711,13913242
95658,9512834
46175,362933
98383,59021
87794,7615120
102480,5146777
63497,8664702
80514,3795827
33707,1150292
42897,4394691
13581,10442787
28413,2831812
33424,9082184
89024,16149545
59946,12552806
58319,12740771
32576,132079
27606,12368575
75980,12655782
8953,14180400
42658,9494127
3093,5623606
19115,15202501
25977,10158335
22113,11384768
13089,14815375
25372,12380821
69097,14045454
103880,505258
96164,4599191
90660,16786473
7085,16587008
79162,15629520
99979,4267540
68520,8168457
15941,11531751
94242,12176048
81507,9167666
102638,1537724
72146,6966694
55980,12181738
48862,4271132
39415,13862946
80922,10372978
35724,16613482
90719,6604285
9211,5447184
10773,11262665
3298,6937771
88109,3623188
74833,16414678
27766,9541454
43028,15366147
100466,11505703
73610,7704257
38179,10189794
82254,11391048
44272,8015113
46806,14618252
74629,3070522
102723,7529091
43198,11436086
51008,4503276
47324,5192682
48742,8088586
1636,1692925
81299,746943
35306,7971862
92458,15062263
36161,10364926
24132,13365719
92438,5028505
72665,15827077
54753,232553
38523,9908137
15500,4354851
44538,7877359
101623,1161256
65859,1616501
72559,8773240
47244,5791798
34560,11048072
88655,5924681
8948,8478
67350,5529307
33239,2498386
96938,6530165
30967,3627079
60180,16792352
79852,1487762
25801,13779176
34505,468268
46402,6455158
76374,1451859
84304,5017906
1772,11970544
72170,3603263
84196,6976333
63554,329944
87693,1706036
57299,10889240
62140,11713781
19842,11625483
6466,16219362
96637,4366797
85841,16212912
54366,11067009
29214,10511713
12280,11987578
23990,15371124
65454,14836644
97464,14779747
81643,207811
52481,5301527
23264,14457025
98752,5688196
68032,1747173
72321,4014619
3778,14591254
38724,2573026
52686,8738066
15377,269196
83489,962908
32075,15575973
77341,9228262
34901,6686297
16439,16511370
61488,7908328
32213,14131159
82476,4268170
313,4294809
44259,7599849
40916,5113535
8247,3953068
27311,2828653
76359,4537361
65181,8634455
44223,4854958
99548,13009046
60135,9776614
90,11467823
10589,14779077
78039,9967308
19999,2826814
71708,15294529
80097,14661421
49829,11813573
9367,11620312
67171,1222540
83205,383595
9437,14173726
4646,15145045
62160,12441247
103945,14515655
61385,3625817
460,2529494
81310,3677607
29877,7352332
32023,12763861
100944,1653514
38279,13708645
39342,4941018
52729,13838561
30452,880911
76789,1184845
70028,13447285
3705,6963421
9922,5520555
91258,10288106
58769,6116448
62088,6974485
1455,11832499
66735,1343177
37704,5771579
13738,8808987
51317,8433657
100451,4511215
42217,10857058
45244,1338805
39961,13105902
94638,16356437
103670,276819
73529,7839549
27029,2194761
68701,14255895
28282,10379204
17293,3165413
11702,10144550
65517,13491546
35393,14063033
79073,6327090
96794,10947783
71187,5225126
57001,11280136
8629,1788640
66648,6689877
58972,2247341
85564,10756331
470,8234908
99993,9583067
45387,15966156
13929,8042379
68861,132307
574,3268917
94332,1429778
56112,800125
38997,10116614
85807,13259015
73669,3532284
19780,3640378
3766,13596373
55705,1997687
102517,13507358
101671,4808403
14816,11614498
75275,5931040
4621,172007
16468,15862411
13317,15157999
76535,4510212
19451,8422682
70612,12932930
62504,15523174
28622,8851070
92213,15633090
54850,9192360
74405,4430098
57128,2795542
820,928645
74368,11894629
61653,5729964
52617,11370763
100595,13049652
32585,4879701
53236,9656480
51972,10451932
30678,898035
18190,8264307
91775,16375051
36599,12763433
10530,3117901
102920,15966100
101646,2564415
41655,1436080
35106,4229918
35132,9165403
57696,11730355
102214,5525303
68964,13045550
48462,7694140
50543,6674117
30302,16785103
103130,15408193
2633,1384728
34522,13264578
32921,6486572
32886,14889204
34180,11610742
84832,2924428
66928,6465436
61773,16563314
24165,1348772
95972,8305742
36678,10062852
34567,8077977
21581,772783
82083,1746233
57704,6533606
55241,15844648
74492,862622
88009,16386985
85059,14075189
69007,2722919
44450,267296
41623,9783085
23037,5229386
19896,4066907
79020,13231718
513,14586738
37656,16166640
44904,3507052
36039,8622630
11315,10933277
64666,12082355
21953,4318131
26844,978599
72352,755301
16501,1402575
23549,13546197
30094,8232570
83145,5734485
15069,10927285
20345,2619569
86818,3722060
38018,2384805
32095,4072972
39958,13244660
1004,16443417
77351,10874009
100244,8100878
28569,2633924
26163,6952197
40264,14759649
86698,3165963
69927,1733163
102217,12349134
59435,5477656
89266,12299014
87287,4182329
95885,3195191
11579,12207261
3036,10862130
83445,3589611
84152,11639989
90387,7845951
16671,11860921
4934,11699128
103445,6924936
57072,7706901
1943,1807547
28815,8851248
29144,16631439
54332,8417708
56075,8544949
41719,3549276
28229,6105855
67867,16723677
6075,3238421
82675,9416391
14728,7509674
53273,15027280
101552,7495887
75666,6156390
56002,5811412
77916,12998326
93863,16073723
68282,649201
80556,6878373
72946,4584099
68902,23876
94134,15203550
67820,10954797
76244,9432656
93699,2590715
57005,6593945
77549,14662631
49724,11098982
9942,12382604
102970,14222119
69748,16218733
15117,4900724
40658,1138248
61474,5657462
93080,1327533
59727,13481860
93805,6841903
32243,1245501
94372,4888990
50067,1723253
3713,2315882
9611,13507634
55460,12534727
80651,8892486
42766,82463
85236,13298063
43832,8179955
83809,7708830
69273,5283602
27568,15168700
61038,5943205
70455,1329036
1975,12211657
57136,3310692
103846,10404712
25302,10982669
91374,6613466
15436,7144612
28154,14713992
16934,5670089
83246,5327314
17021,7266471
43573,3094212
32184,7020369
104145,4242149
81192,11465187
30024,10647132
66207,5819812
46248,11073189
35872,10878830
23825,12260371
72858,9943606
86728,7386989
31581,13944067
93566,9937568
55708,3352431
67576,13261430
1509,11136818
3011,2020096
95940,10024454
58792,9584766
30449,12989484
76443,12664015
49039,4059582
41138,9590871
66757,16186229
64267,8050106
62187,14459750
7729,7381531
38900,5100621
24777,3113174
37555,3194226
33940,4009032
84268,13001152
68161,13867539
93735,12240367
95549,14489314
4098,3303912
67086,9038989
52346,447343
44161,7782222
39801,3201789
100399,14817730
24736,3018264
50480,5146360
31912,8679533
24209,10759401
69466,6968509
22728,573803
36528,1592959
85606,15204160
2778,1505820
61598,6776801
47264,508826
41117,8081771
94038,14327479
40860,5714586
48262,11840
96494,8771319
67113,11218206
17019,116198
80125,14243103
48738,3669395
61886,5099417
8435,13406139
61988,1490762
23994,12937434
9102,16796192
92184,10827582
69336,2833610
1671,4830029
28091,7949683
22916,4554408
87657,12066349
96193,1424939
26034,2425148
425,2506929
36937,14957016
12288,15012969
8283,5413568
12228,15432020
48083,15054494
101393,4565498
9301,16135632
43390,5177707
54567,15020291
72568,1681229
104229,5416081
4516,15772905
92926,1593894
75969,6193583
64338,13954736
33101,13361967
87734,14920175
51424,16622610
34157,14377316
66675,15399820
92700,7931614
76020,14590869
56815,5406453
19370,660509
93905,2494856
91181,6736462
14009,3227618
68533,9224851
58787,4303574
15471,16122690
1425,8286863
36734,16015901
65358,16436083
99426,15892656
46454,4737856
102675,11977923
77462,6768905
102015,3907737
42518,12367591
102463,3286007
39859,10065547
67419,16455076
21307,4005815
35978,2401810
41434,7853879
31701,4089103
40516,10979893
18342,5906390
21129,12838546
20592,10966805
92969,8533895
96752,3810300
11364,6189840
38853,16549280
46142,5340973
84880,13800134
74754,9990511
12292,5024426
68549,4784551
87426,16693865
32606,16198617
58288,2086623
21324,11103763
64641,12263594
79387,9248857
76682,9651085
89212,11446847
75866,14341000
92726,10313144
61436,16358752
29634,12440790
17943,10877298
84577,10976298
80583,2767062
9857,4508771
32457,8406196
79453,3467151
97402,6045257
35854,4622481
23768,4680827
61645,9730490
61873,1533388
92318,1953878
94658,15554587
41183,16501565
65028,5235903
8781,1015878
45403,10709694
99846,13344320
50446,11497575
78788,10836577
47339,8507171
32375,10249436
32812,12986717
14638,9630794
23696,743918
38071,9856214
5510,15457866
98969,7828355
44278,3147618
3791,10166795
87119,14256952
67475,13641834
50239,2388440
19004,8378395
23786,1562417
47686,5838764
94055,13001644
74213,13408596
30635,2257968
73221,14371167
45783,8341114
37560,168254
23056,14176346
99345,7067622
56683,14826680
31198,3824228
47918,15269027
94128,13149589
102904,7575937
94159,3079159
90819,15651581
19751,6670630
43178,8741757
102215,12031400
37754,2762300
18411,10489705
83449,9370303
49642,11534485
93977,10678516
75789,13150241
51246,118556
26651,14564885
37526,5281292
54363,6156030
36294,15463316
84752,15300258
18514,4671899
56694,4397849
31228,9801378
80380,9572647
8780,9955310
61184,7673819
34540,12611114
58954,12592145
34230,10432883
94387,11086310
46841,4817831
66045,3286731
52137,15344509
86018,16349181
93177,16040082
14611,9177045
74477,9811522
11663,10929659
4597,8328066
57392,15933396
16401,4618337
52045,10746311
89922,5736746
9788,7235637
67811,8234580
87620,13452090
11963,10381324
37942,3976629
85517,9471122
89289,3604563
63746,12579152
5921,15445312
64050,14919341
51245,10043758
94951,14282858
15376,14682536
46418,7918737
6013,11187887
13696,9357198
76463,9901052
23789,6167998
16615,3597396
54933,5129040
81860,14032780
34356,11788539
75679,3931291
103602,5250544
2102,2199255
82246,8211576
5273,3211874
45688,13594348
81592,12382806
42373,14384888
12337,8559967
3663,16779527
41660,1528293
101871,5656147
13122,13360487
59085,976988
100818,1711229
45780,10517384
71389,5033049
50757,1634356
77242,12259248
31016,10435792
102118,10182150
38100,14966910
38908,7778160
10326,11968762
64409,30673
80131,7958583
