1287249,733,employee
669320,131,others
1203359,380,result
1088430,417,nor
804910,649,town
433150,624,really
687140,588,position
1068873,945,high
858961,122,apply
452702,202,factor
536643,571,top
1258932,734,it
833359,791,Mrs
916594,659,win
628208,881,series
732421,591,maintain
689297,482,attention
710234,27,son
797111,617,soldier
389092,858,environmental
424093,71,true
994037,87,represent
609110,127,or
1169623,565,television
1065222,349,least
1144610,281,history
1158869,325,institution
1001948,391,future
405049,257,catch
978251,511,cause
828569,873,best
1036755,313,this
1261036,308,pass
424913,161,heart
573546,569,word
529080,860,this
597828,83,type
1027944,152,ground
513781,373,war
549705,976,yeah
820189,454,may
629800,373,stage
412927,597,culture
1293336,245,instead
520227,722,life
510027,318,ready
1220727,586,time
914454,481,another
701847,762,the
1235375,412,recently
527414,77,feeling
816653,894,edge
728872,435,picture
312137,4,simple
1113328,396,east
340603,566,yet
1147229,266,half
1083903,911,spend
661511,829,leader
1311814,383,into
1186072,336,reduce
717316,885,response
1069194,816,theory
740135,606,right
1038345,232,area
835945,586,group
904398,783,reveal
373575,498,week
1194307,281,interview
755626,378,relate
1100236,219,participant
646855,56,per
369042,325,culture
504041,681,world
1082905,783,bank
1196161,879,example
983320,790,issue
689994,170,wear
503573,863,front
1285645,594,maybe
866505,585,low
1300782,809,suffer
1134207,475,let
1230398,955,manager
1196714,905,knowledge
659253,307,eat
1294411,735,season
585673,800,group
1215673,679,Republican
380171,107,meet
1135453,445,natural
789716,782,standard
926816,22,draw
418443,258,smile
969240,753,information
844833,604,time
1019591,334,where
1221926,508,benefit
451358,948,test
1151196,386,source
1108981,101,garden
643298,909,tonight
1155108,359,half
585339,508,road
452171,470,trade
775026,155,hour
1018295,970,environment
1019709,403,girl
956098,719,theory
1226419,474,money
693437,239,treat
1311231,509,music
772046,539,why
517456,713,describe
1011529,556,none
414002,922,sense
669442,894,sort
651150,971,second
1263428,528,human
1208354,438,happy
347535,735,fly
902816,857,point
987065,488,decision
353568,334,generation
1281622,764,strategy
1064531,251,not
503052,102,exist
898465,657,on
1227754,719,above
390340,480,these
634676,207,will
359584,449,none
556863,516,hundred
341015,389,may
1174344,798,himself
958127,9,education
659622,880,develop
395318,143,education
644089,633,dream
628506,89,six
442432,573,question
829561,209,system
302028,220,sing
1245101,712,although
819736,435,ten
780534,615,role
511341,946,large
1027168,760,better
604388,393,test
1013585,169,clearly
986419,871,among
281378,532,commercial
1265371,872,clear
1197870,647,senior
1289639,811,head
514618,376,similar
1148938,677,while
909414,547,energy
340633,172,line
597285,646,laugh
664201,854,forget
683385,410,ability
1252156,682,perhaps
1049677,351,someone
977656,370,director
626311,941,level
816469,761,worry
1199115,396,quality
758844,459,always
283377,904,result
677616,923,away
873696,126,reach
1117733,740,American
755664,632,hear
397672,734,attention
304351,71,provide
437752,322,from
1093818,680,cup
552939,634,tree
853734,376,trip
1197227,547,official
491835,827,interest
452791,441,board
680328,428,write
516072,724,must
750014,695,learn
845801,841,police
1082126,687,seek
1063851,584,family
1287272,971,today
660395,641,turn
917341,925,main
389591,776,toward
1145725,520,information
739736,615,most
580894,801,indeed
393773,706,thing
925110,173,movement
837674,774,social
1295423,522,some
613768,921,food
861040,783,possible
582633,426,modern
1036456,689,have
1228275,49,reflect
576052,890,bill
693031,909,avoid
408526,53,security
334933,965,sit
565899,223,strategy
1110550,643,fast
573631,651,popular
384468,307,attack
503210,529,charge
645371,605,statement
532018,632,forget
1021022,385,center
594888,196,within
824732,882,impact
973036,572,once
501506,706,level
1161350,767,note
1090661,875,community
1034565,880,trial
443919,374,shake
510658,828,society
684820,494,threat
668846,546,computer
781264,531,home
1071896,453,body
400991,237,professional
1257092,105,modern
1229550,26,field
614382,619,car
1072563,22,ahead
591424,63,friend
486911,640,understand
1057420,442,across
446430,604,support
1164105,392,score
627703,68,as
730858,199,individual
994712,174,deep
309374,325,tell
677654,555,end
391763,640,east
280351,716,production
583777,651,political
1198655,363,beautiful
747461,870,standard
1069534,796,indeed
982293,266,try
1191096,878,any
919964,814,particular
868358,324,field
688051,392,specific
421244,381,affect
558189,732,meeting
659919,121,certainly
1071152,603,few
947666,55,western
524181,288,ever
704333,398,find
1273839,468,generation
491646,587,tend
1053690,100,catch
820234,694,sea
356490,581,cup
1084479,316,take
592744,860,church
1022057,579,trial
1090951,218,claim
728311,264,must
636197,299,answer
429003,394,course
1010656,277,case
599376,325,idea
839482,408,wife
808121,153,determine
784748,494,through
985291,497,while
943611,406,note
954461,509,positive
427154,842,agree
1057470,79,produce
1127258,55,message
418051,472,agreement
517956,799,most
942482,679,writer
609787,769,religious
1096807,608,nature
499053,233,try
929858,237,focus
910034,364,read
337567,581,something
702858,188,environmental
407836,838,would
802858,360,budget
636890,130,century
596969,103,trade
845751,702,building
601255,865,interview
295663,526,agree
794426,645,role
1115138,214,difficult
371857,607,spring
787113,598,week
1132061,284,serve
619713,207,oil
1126806,553,main
1231714,790,plant
767268,722,card
736437,183,oil
1267786,611,include
937491,459,visit
776477,440,staff
720173,296,add
830995,57,leader
520435,354,either
1152495,598,these
992968,220,should
1098732,483,activity
677200,94,writer
307370,569,too
1301756,245,southern
1165582,673,different
988171,807,shake
392785,261,fall
880810,383,employee
1276396,72,audience
370411,443,mouth
322549,834,fine
793924,875,run
986134,55,onto
915551,822,music
378916,324,item
1039418,145,region
862557,901,as
681154,569,institution
657756,355,most
655301,747,time
1148502,786,relationship
769141,87,today
467448,251,three
369312,677,box
358926,598,event
979423,49,house
1245169,207,technology
512202,755,recent
659856,959,behind
961302,580,reason
773389,37,star
787495,276,apply
1069155,677,some
970118,651,sometimes
765458,467,hot
371676,167,court
1085646,642,close
1231979,398,industry
1001924,777,possible
985836,469,knowledge
538265,46,provide
897273,671,shake
936945,356,care
463116,73,agency
548247,377,certain
1002638,396,discuss
945374,373,news
520761,259,thousand
588425,839,skill
984739,515,American
1040016,263,return
1276720,585,positive
879781,330,life
912882,267,shake
850218,791,see
593294,775,employee
1214363,805,imagine
1116638,906,like
585630,77,live
1274159,424,college
1134400,735,may
682313,415,school
1168849,881,plan
763502,669,lay
630302,529,report
1290495,846,shoulder
378436,796,one
754748,276,sound
1246321,221,hope
701839,947,environment
900422,711,item
1137802,836,list
498147,151,foot
284778,126,option
627844,545,care
1301925,406,moment
636657,216,suddenly
366519,397,prevent
829866,63,budget
999532,393,let
382499,799,price
1189962,605,character
489270,777,court
1078297,810,military
880395,254,agent
970873,707,add
465612,957,future
959635,401,board
425466,871,name
1144530,457,case
821997,229,cell
820297,38,cut
560247,304,direction
956998,295,want
1076961,332,role
1003054,734,fall
695489,382,test
1088683,93,certain
295130,691,ahead
419092,879,reach
793408,682,drive
484661,627,garden
792304,168,foreign
520928,570,American
658517,49,face
377698,587,statement
852174,620,study
1230122,571,pull
303164,78,finally
1147847,149,yet
409328,187,hold
1134916,690,common
380236,641,everyone
1295312,794,should
620506,707,approach
1268185,163,effect
843426,358,game
1222564,668,policy
834893,3,foreign
1041172,779,floor
744317,88,page
434152,35,she
768730,763,Republican
939683,302,herself
794548,224,defense
393312,486,great
551278,987,game
464379,82,only
374185,876,fire
1216594,542,quite
395454,107,up
727944,645,reach
482557,443,do
726826,379,institution
1225372,410,arrive
1281531,542,sound
429310,147,pass
858439,736,executive
996481,349,quality
983235,996,watch
1060255,947,able
1105139,278,claim
639668,667,item
461601,948,mean
700661,44,close
824810,747,simply
876561,835,explain
945808,415,night
458343,611,surface
984577,662,yard
663510,342,part
1024490,563,study
620411,956,begin
793306,190,cover
1147601,343,reflect
924928,530,woman
405481,489,concern
341824,553,blood
406576,911,alone
415076,667,face
511737,340,hundred
1142651,806,administration
1238983,368,summer
737718,659,prevent
1091926,463,as
911105,414,task
868055,412,push
854585,245,what
1186532,379,deep
1118341,869,true
617310,229,husband
368639,636,five
1160337,361,none
450912,723,reason
371195,688,hour
552186,867,rather
478249,861,citizen
438752,320,stop
624659,827,best
1117825,792,computer
364787,664,direction
583109,486,produce
456437,88,serious
424716,338,trouble
1271638,807,deal
988234,77,none
772678,405,they
544658,642,rate
459803,168,serve
1150892,223,appear
709167,92,her
857640,312,behind
797803,219,reach
694485,363,skill
990681,784,business
484394,832,glass
623579,973,test
763220,465,receive
390553,19,look
1100074,549,analysis
827037,493,say
1147141,548,specific
1296790,839,itself
335961,188,small
803230,741,community
676209,872,realize
346828,145,page
1147868,164,thousand
518182,899,thank
608911,961,pay
290524,29,certain
280033,633,less
1102265,380,son
359628,918,some
711693,930,they
1014950,905,rate
443186,701,talk
1174028,356,baby
758417,646,community
867260,47,kid
1073345,839,list
818465,722,few
845199,298,answer
649944,810,nice
912421,201,growth
439706,820,compare
728805,218,central
1244509,718,watch
1287619,753,win
613204,794,room
826143,582,girl
633182,611,her
851241,721,two
1062677,221,information
285221,431,part
340672,610,within
689018,883,among
900959,819,prevent
788440,166,my
708984,66,trial
595589,996,cut
839225,239,sense
1012829,628,just
923735,6,certainly
1085155,321,your
829299,613,your
1249275,909,thank
1311399,873,win
856687,134,network
557653,633,garden
288013,974,finish
1203280,648,debate
545905,254,federal
1114323,604,us
820771,171,dream
330227,463,where
1088522,280,responsibility
296362,986,lawyer
464452,927,teach
821431,343,social
584579,502,room
976997,845,even
626701,812,choose
803687,981,stand
931504,970,include
401898,199,camera
570648,487,important
775642,360,in
358735,718,open
760207,98,later
1151217,944,word
578144,445,clear
997262,679,because
321532,35,before
1153489,837,lose
911779,866,truth
1067026,124,fire
649467,351,American
1224968,751,and
922191,300,anything
872740,956,design
1208349,922,nice
884764,218,lose
646552,77,and
714931,462,education
722991,233,fish
329795,735,every
423225,464,probably
737213,615,risk
1116196,63,side
1048604,381,be
477771,771,better
500897,106,claim
357010,603,wear
334421,448,oil
1174844,182,significant
317402,271,wind
495781,620,relate
635052,719,visit
1180720,49,church
1214395,262,dog
511840,734,result
1083888,466,blood
718438,428,method
773951,192,once
434008,497,sign
760621,682,pretty
1174454,552,indicate
494209,146,two
952063,919,city
925437,657,about
1022990,179,charge
394812,254,reflect
385946,640,agent
935045,721,within
320641,421,computer
420538,443,billion
693209,326,adult
1144820,421,edge
642605,865,little
998534,450,who
814343,706,to
1250728,246,since
638659,64,most
873157,727,shoulder
1005626,789,character
967800,117,west
546732,497,continue
655274,304,rock
760509,374,tough
1221536,758,time
477800,184,get
752073,51,feeling
1293612,221,foreign
1204342,788,member
694768,422,manager
684657,405,catch
1129320,33,business
605384,560,send
1176503,894,admit
527990,963,himself
1132793,676,alone
454585,298,more
1051837,247,speech
661681,179,Mr
998368,92,candidate
963309,506,tonight
824966,953,Mrs
711608,617,budget
614994,499,degree
556928,997,from
1032442,591,reduce
1290121,477,if
1049068,372,response
303737,456,less
806102,258,he
619083,16,less
863163,815,note
1312596,126,attorney
579938,211,poor
621433,377,call
418875,394,science
921625,554,blood
998570,764,focus
389396,806,list
487158,126,billion
894792,782,operation
574102,700,exist
1169483,535,standard
696542,99,happy
764058,859,else
560198,535,technology
1278622,233,election
808249,894,appear
852297,317,realize
1072399,602,wrong
554082,288,have
292532,418,food
1236356,119,story
596786,779,former
1292795,833,fear
1008142,429,always
846192,67,responsibility
411605,982,address
388243,294,account
639315,129,officer
947718,634,agreement
903411,957,thank
501042,576,various
690373,477,actually
518205,599,both
1294772,909,hospital
436303,965,force
329963,612,more
941721,529,strong
957937,373,investment
1077474,128,center
963416,871,then
1229109,49,sport
853170,935,use
653732,19,word
1079724,430,religious
1311428,429,area
1161671,601,result
1310571,19,space
443714,55,throw
1098402,413,arrive
759528,962,reveal
384759,137,trial
439044,989,sense
1059394,177,last
883765,555,discover
1050868,841,establish
1160366,67,bar
1067477,649,baby
1116344,531,serve
1257411,971,hear
1179346,574,arm
764961,15,yourself
361597,981,people
999840,903,support
953344,540,challenge
1161429,729,thus
1200711,666,kitchen
432869,257,vote
1050879,613,interesting
924526,32,always
478650,29,glass
1150331,907,character
429439,958,left
949813,229,value
1217144,562,land
558512,296,mouth
974766,645,of
502308,235,together
660605,766,that
303999,874,sort
774842,73,others
1213017,206,job
428551,9,summer
456459,747,line
1294108,109,term
1111113,221,Republican
881789,377,professional
1101977,135,where
791011,320,employee
622228,584,believe
1260629,593,capital
385667,731,tend
590636,512,item
320573,175,see
1236270,25,early
962852,995,nice
717994,909,indeed
589671,401,treatment
804229,169,usually
946690,851,participant
812666,607,young
341191,839,claim
524498,356,if
751522,892,little
814570,136,left
635324,155,challenge
688734,877,plant
754250,962,manage
983183,714,work
975822,8,maybe
620497,67,walk
1307158,938,remember
401365,353,leave
884128,447,range
305160,990,recognize
792812,107,reality
1043681,808,mention
993943,442,boy
538125,543,role
864853,516,wind
480844,175,his
1186028,805,party
971774,307,power
1005066,552,of
1095179,540,writer
668754,124,ever
1083364,218,recent
892133,615,market
889712,276,security
514044,779,why
398409,80,should
1174802,75,true
547470,264,nature
928976,768,into
1035097,81,half
958493,933,have
981343,812,better
346038,57,medical
849317,415,itself
421846,286,your
1289513,719,figure
1001817,578,boy
775932,812,often
1183291,344,hundred
793100,674,item
738286,667,majority
479701,226,attention
528132,255,citizen
954457,255,there
1276920,591,keep
616516,609,age
473066,790,fear
653044,563,character
746492,616,lay
460164,918,work
1217418,513,method
360653,70,station
1120148,171,force
354882,429,about
436585,70,since
1171327,750,sure
1186118,905,administration
634589,303,if
322842,989,part
915817,475,within
374686,518,TV
1173571,96,industry
672591,37,end
1098338,167,series
1083675,609,option
782976,192,make
1035529,489,break
299311,544,evening
826250,301,question
574060,514,from
569668,409,season
978212,586,most
332704,469,main
966132,963,thousand
903746,317,seem
735279,460,public
309455,812,site
512381,698,agent
1247057,692,owner
896531,470,small
299931,597,still
500356,857,trouble
761845,196,behind
1183242,453,turn
663445,715,generation
1296669,411,life
1162096,129,into
533883,747,former
350051,660,American
998244,492,others
537411,968,offer
925109,413,natural
294127,842,million
626022,828,administration
620407,901,message
965614,730,run
1190298,375,situation
1051090,457,at
1105244,766,indeed
836923,514,provide
502746,564,member
665952,830,none
1221761,656,reach
344432,91,next
780700,262,admit
1108764,459,stock
623016,145,note
440950,860,here
707765,415,leader
797454,70,moment
628860,821,box
377255,531,option
837323,904,consider
943703,104,voice
1005235,200,prevent
664859,788,culture
1029503,84,game
307346,739,debate
1168512,604,character
849479,450,cost
598307,523,field
946361,701,themselves
1207350,520,bad
1280066,260,throw
399920,602,today
399387,80,training
705703,138,artist
977283,76,able
745071,374,shake
526814,435,herself
659894,971,herself
325324,766,every
725437,790,little
842419,705,serve
606947,400,save
668523,548,know
610892,391,president
875512,377,order
550593,878,yeah
1181228,599,region
873293,718,wife
460947,556,form
987605,709,through
585751,122,country
372607,136,sometimes
524093,353,source
859359,581,win
380225,459,want
638940,754,trouble
1227458,613,high
339825,230,collection
521474,246,up
536296,659,authority
675091,667,woman
1084027,632,what
793755,969,economy
641830,118,case
449146,663,hand
307181,591,born
1094970,508,nearly
525099,526,never
588053,709,however
1010723,953,many
696304,361,third
1102690,517,billion
482840,706,back
1292173,952,thought
616470,317,be
1003410,819,once
1130267,792,responsibility
679734,508,peace
372637,81,whose
673154,547,quickly
618401,338,benefit
345349,651,western
602403,851,field
666809,414,a
542301,210,so
888137,36,area
514586,853,can
431333,236,set
609160,531,free
616868,916,treat
1147824,91,rate
743642,355,process
790937,91,moment
594580,377,teacher
787965,417,brother
615231,853,six
570823,950,movie
446601,490,economic
377232,317,interview
1148017,544,million
980549,400,cultural
878138,466,sort
1099001,619,want
335827,862,everything
936759,228,hold
1033666,783,allow
1061588,956,whether
994505,890,herself
1014322,367,once
638453,525,prevent
963067,748,than
839249,40,concern
323687,758,inside
348744,212,think
1243479,94,drive
997709,637,already
402903,580,recognize
850461,594,bring
721202,8,experience
1117248,674,little
1264874,426,national
679632,561,collection
334183,973,station
1252708,793,can
1078527,930,why
745741,307,health
1175772,732,hair
1099827,959,building
348003,6,season
684772,145,identify
471935,222,event
776254,57,mean
1278011,250,charge
803259,794,much
398697,202,last
752371,51,seven
794838,13,protect
1258484,335,soon
1118227,405,seem
1156822,148,expect
352227,878,book
407797,974,machine
1287225,37,management
555137,419,mother
1128851,525,business
503080,740,hit
988636,97,read
680923,285,for
390735,445,respond
896444,361,sort
492994,544,represent
589522,22,cell
437255,750,fish
678752,168,ball
682814,484,identify
661724,176,identify
1109865,316,woman
1188026,297,already
1210386,631,collection
660442,858,town
328780,983,skin
1205778,991,organization
312771,301,environment
551134,5,try
1205137,746,let
582687,956,sit
822180,335,front
502325,21,set
1121106,911,change
1168178,779,local
479661,312,another
784505,707,everything
331021,359,break
969977,75,gas
557360,531,million
824283,65,enjoy
1001669,640,suffer
316253,145,somebody
604382,941,like
1137169,650,want
315412,634,voice
495020,617,team
380010,751,short
1268618,731,table
1292915,93,magazine
1102536,245,career
536393,728,dream
475581,197,food
976891,733,argue
299868,221,individual
916757,270,what
1224073,662,husband
1306050,920,behind
388499,143,central
1094168,926,they
903304,236,thing
606742,625,you
946281,577,heart
606266,920,major
291299,971,professor
975382,136,right
1260087,737,different
1212236,591,citizen
391464,699,those
497196,90,office
344584,280,possible
545008,346,able
1144300,623,long
1022254,103,nearly
685208,909,raise
539451,205,program
335090,485,around
635283,246,pick
540499,586,hit
880392,738,kid
1156600,476,between
446377,669,that
626778,272,alone
945316,728,cell
807314,782,minute
1194539,205,successful
830260,105,eye
982789,359,tonight
851449,780,most
1042710,36,including
754844,281,through
334680,707,statement
410721,884,reality
1146677,925,could
453915,875,change
697502,331,population
581269,209,adult
912293,965,indicate
1001803,981,have
450379,691,option
542005,807,by
359009,500,each
1059395,364,adult
1048595,631,can
1117872,842,effect
1063519,333,artist
281332,772,live
979932,687,unit
1191821,77,positive
1034699,349,economic
1234652,597,know
1210651,132,girl
1312921,967,want
582403,841,manager
382332,582,perhaps
1160070,797,development
761177,198,first
665069,619,speech
1125282,216,interview
348130,961,week
380741,832,key
310389,61,particularly
533101,641,soon
689445,820,increase
992412,958,father
530255,124,talk
546011,328,security
990697,676,another
1180050,201,similar
392398,395,politics
640602,525,eat
625630,17,and
396372,956,reduce
406482,913,language
549748,577,audience
441375,313,theory
728403,278,high
796922,848,back
721730,588,real
1245468,504,kid
762460,602,window
527746,775,state
518461,68,degree
1102245,143,employee
1054801,96,none
1277892,788,themselves
1096187,556,worker
1061101,296,visit
1110734,828,region
302610,638,consumer
452446,384,career
969007,858,reach
320927,544,fish
422995,761,door
1053217,132,computer
610838,362,break
612566,261,believe
1163377,238,visit
865419,930,listen
495848,566,push
836142,519,send
1083534,642,staff
778565,713,after
606503,364,dinner
560973,97,deep
575483,465,general
1091442,219,international
909111,838,book
505855,863,try
809889,677,help
550883,925,than
1099875,476,method
1146733,679,you
440973,563,one
1142771,173,pay
753356,520,memory
1105733,599,do
758764,849,military
332561,393,economic
1201777,604,establish
855303,81,simple
1069481,627,ahead
804691,245,catch
497130,76,term
342215,973,theory
505828,935,control
1076986,780,clear
1161906,688,several
1214720,18,push
922119,137,strong
755112,777,oil
1279085,593,prove
814939,106,do
1173426,138,role
676953,60,picture
1287260,876,security
1160416,343,city
622956,377,alone
1066123,587,today
474507,690,husband
1262366,969,statement
628331,35,everything
1140041,940,look
919727,253,participant
434296,338,them
486747,47,begin
287422,194,within
405043,518,oil
1242874,776,thousand
562070,491,fear
369204,638,common
591281,302,much
949473,996,boy
298432,377,help
383675,102,item
1094164,979,different
1312974,390,ball
1037001,335,catch
1162524,921,again
1276557,407,study
1092566,575,close
1212257,580,per
587586,784,surface
351371,465,seven
1311043,437,economy
1112639,208,thank
823794,966,bit
1175346,394,entire
1178969,491,could
377284,810,method
673913,803,security
408254,935,law
1105383,910,itself
1219731,608,too
670206,711,dark
426249,987,story
917543,165,later
816178,150,whom
1230107,483,many
757003,349,development
538648,5,official
410264,356,analysis
1093511,966,factor
1054771,664,strong
1171816,156,head
775098,482,prepare
403139,893,sign
709936,295,space
313933,404,write
378988,555,floor
744651,124,employee
279124,209,traditional
994985,293,message
915206,393,member
320815,727,stop
926466,26,voice
919097,867,level
796614,161,responsibility
359917,725,service
565716,61,land
471918,55,tend
742199,34,eye
1281091,968,never
554853,475,green
880435,605,for
492257,172,account
446820,674,film
311606,283,same
354731,523,also
907637,254,six
793701,444,little
999356,557,board
887109,615,practice
815544,327,thus
681158,517,science
567335,380,lose
663315,998,production
1103793,111,toward
887302,250,low
432951,961,meet
673046,999,decision
1223726,638,major
1304888,538,section
1008049,745,treatment
924905,848,whole
279473,40,effort
1112310,606,size
799633,108,street
719351,136,effect
394362,512,increase
1314221,537,ask
1290080,782,but
285090,125,vote
782338,318,field
1138072,168,then
902662,967,project
795362,195,Republican
1210834,642,edge
918466,800,yourself
652652,370,international
1004679,254,without
1163952,565,it
355529,480,modern
284029,427,rest
625074,236,perhaps
573436,145,year
435548,506,have
862671,317,suggest
1106627,903,simply
1260567,844,town
1131782,400,himself
1308008,632,within
1313498,431,law
628263,701,a
336944,160,apply
1285333,655,treat
1063641,692,development
677170,354,trip
518600,155,beyond
382459,472,after
918020,403,travel
844042,929,near
462269,287,town
607175,548,Mr
586863,107,mean
1260064,257,certain
615813,937,goal
997845,329,blue
925403,905,standard
1065647,374,end
505066,309,discover
461840,614,drug
786413,164,writer
454537,449,try
535980,145,join
985077,685,tree
1120783,110,perhaps
916794,128,participant
362040,881,American
1223289,498,weight
563604,347,TV
537913,53,trial
355563,274,police
891887,520,every
573283,100,success
1279776,719,short
320324,345,cup
764953,385,on
907011,607,you
505536,728,writer
1057720,535,fact
819209,489,save
390478,294,world
562465,88,drop
629077,665,suffer
1268086,381,authority
313137,567,itself
848468,576,middle
1284364,28,note
426799,428,room
588224,105,deep
944919,179,affect
1242597,66,matter
713965,209,but
429915,702,piece
495482,214,power
932080,374,star
764043,815,opportunity
823544,425,doctor
606824,573,keep
509884,337,take
312099,4,total
785720,212,expert
1048948,362,plant
311829,90,unit
970140,229,outside
596030,886,eat
641385,117,build
824764,165,focus
422055,559,growth
454334,852,nor
570987,477,law
1019713,50,forward
1068667,655,those
310486,302,ten
1182334,591,citizen
780978,763,wear
1269249,342,peace
450279,746,company
626961,415,gun
996266,207,admit
782153,241,himself
1248191,551,commercial
1113330,660,blood
912258,474,base
745378,404,by
985100,652,forget
1014031,911,study
502951,113,need
707706,74,usually
1260593,307,much
859566,552,yeah
895786,846,line
828878,206,understand
1277956,77,movie
874597,25,result
626157,818,apply
1086805,862,author
704362,335,you
1205569,103,need
1114876,825,most
1064234,564,ever
956732,486,down
1083295,135,big
979257,622,available
440134,930,later
998466,500,respond
1250687,423,book
633173,959,look
375504,487,talk
1237908,374,field
943417,375,oil
1030668,23,evening
293360,207,case
469094,649,top
515629,683,example
677630,897,one
970374,503,activity
866296,989,hot
404056,30,statement
427120,235,government
839014,922,how
1257590,516,left
1198621,660,article
625270,402,interview
879518,780,available
390793,969,determine
801348,177,Mr
814669,129,green
403439,981,improve
667816,340,admit
778595,742,song
670745,319,so
555743,771,accept
849762,142,small
1159579,101,life
724773,544,government
952282,738,economy
282452,676,none
667551,204,power
365780,477,career
1091287,940,person
1136869,485,hundred
732393,208,any
859128,893,remember
598083,36,soldier
388877,15,perhaps
384375,21,soon
314957,376,class
1156531,584,charge
478316,758,record
1271662,438,nature
1120055,405,music
1054610,821,bank
668762,86,establish
962146,392,able
1301469,179,after
665739,387,key
849570,58,plant
286553,351,probably
1289841,196,still
1264561,128,firm
284991,190,catch
1047587,754,natural
935966,167,heavy
756766,846,carry
684318,423,writer
609734,59,coach
1272261,500,see
711496,953,girl
683706,932,process
1201883,803,walk
571445,246,natural
288235,343,employee
744328,703,others
540557,776,recently
888820,430,daughter
335086,47,pass
594153,815,approach
885113,62,skin
473846,723,else
899215,680,marriage
654740,524,raise
812064,801,detail
286657,148,kind
623789,622,conference
513571,145,someone
487419,110,say
442515,918,onto
1025096,407,fact
490598,460,foot
902560,968,true
420286,85,our
1204155,799,offer
955752,914,evening
716032,242,happen
616707,840,debate
301100,493,water
608293,850,reach
421416,204,step
655988,856,behind
575773,576,number
1292949,516,take
931753,403,moment
1275547,303,wait
785990,755,current
1244383,379,thousand
826626,915,moment
863812,250,catch
968816,336,three
1183898,680,work
1005235,966,reason
291478,119,health
758497,281,single
1142044,734,drug
519452,451,hand
1094321,175,which
319854,757,too
1267747,554,actually
900368,270,thus
1011124,579,stuff
455332,514,modern
435983,183,world
414762,325,capital
561545,553,become
1199987,517,real
1013652,980,speech
948595,655,could
745771,816,season
1092059,898,including
1298135,647,send
341256,786,serious
543331,688,rise
716388,963,without
1148481,671,go
404696,149,campaign
1144583,590,trial
1171564,533,none
1168570,635,leave
1158189,918,face
949767,432,market
522663,222,type
850824,235,word
695426,909,stay
1287953,323,box
712109,605,capital
1262851,135,beautiful
976728,940,take
848948,268,example
922202,237,dark
1077273,132,impact
1108420,894,drive
1074735,181,fight
326021,364,culture
814319,688,organization
974813,360,man
1217628,505,join
1286772,99,enjoy
581550,454,perform
735457,362,expect
1189621,565,matter
956640,422,article
1180017,122,each
551760,951,call
1260113,212,concern
1147797,907,new
738065,510,hear
542157,451,provide
1115139,117,site
985819,254,film
967080,880,home
1209680,195,happen
1035345,124,market
464356,624,career
1065525,16,next
1227368,469,environmental
699121,571,chair
309956,200,stop
527735,517,operation
556661,187,the
1304341,851,special
1118064,228,ball
1126869,992,know
1185505,495,TV
1077079,512,court
611094,187,case
1052423,470,grow
351054,994,relationship
331315,4,role
894350,552,sit
787845,760,beautiful
1098895,169,bad
623387,352,explain
321487,607,chair
1240195,160,under
379404,799,your
675997,743,phone
310400,15,view
797076,281,enjoy
649176,173,vote
885913,964,bring
997196,992,popular
973529,708,another
1181747,974,their
1002337,259,law
482866,453,consider
532974,576,church
1270403,419,wish
1091567,56,ready
428316,430,early
577427,378,east
355540,212,successful
401167,938,heart
923560,375,nature
583285,604,ever
474105,860,spend
469123,925,to
413770,173,list
831946,566,blood
443290,8,who
720515,626,job
968165,5,my
417921,180,player
1021235,289,body
445882,538,Republican
1254116,682,itself
795266,100,not
729907,589,organization
709821,591,goal
689374,465,page
518459,608,should
1094941,962,store
672783,817,technology
1070827,730,write
1095403,397,officer
346334,506,chair
439278,133,shake
1047391,654,them
376768,527,keep
654243,838,ahead
951622,458,character
292648,588,expert
668306,378,phone
1273575,537,benefit
439890,734,however
375624,412,model
889734,607,my
969638,577,seek
549773,62,church
403995,937,lay
567499,491,tell
661109,547,yes
1088232,563,federal
788817,780,sure
605053,29,building
1162467,455,couple
811531,372,room
1311600,817,crime
631220,918,artist
306127,649,side
932370,96,course
1012071,77,from
882992,69,quickly
313547,826,walk
989764,441,with
953618,317,partner
1169344,370,down
410194,820,wall
1267646,875,she
619028,156,before
487854,802,report
479781,778,beautiful
316778,894,can
1005799,6,certain
481994,668,away
511027,764,establish
1205438,388,agency
1305491,599,air
347518,591,without
1234493,209,yard
561768,410,certain
1177309,934,eye
1043582,135,arm
778596,309,door
857248,455,benefit
659346,286,decade
1094784,343,offer
298002,861,dream
927976,274,long
783457,877,factor
564823,624,heart
781868,932,point
1259869,170,of
513921,781,six
283990,977,take
1028305,1000,sea
444714,574,ok
1200553,729,agree
1229841,177,oil
1027048,774,apply
772544,737,book
449082,720,social
1292957,315,year
1237745,603,account
670388,618,quite
757070,821,similar
1071042,772,south
544586,696,force
658266,928,strong
1049627,573,watch
1038292,429,ten
559119,961,your
1067671,380,how
313806,3,bag
1027376,167,long
412101,234,value
449556,984,forget
764186,842,traditional
1206263,687,have
374463,504,debate
385783,892,the
544736,648,travel
1071411,980,soon
1127316,953,night
656835,780,us
1125799,976,behavior
732667,834,forward
1048755,368,spend
1097303,881,provide
296296,754,director
821110,964,relationship
674693,890,serve
516092,143,democratic
375723,973,majority
548443,102,kid
1171525,257,national
1242529,865,play
1009785,779,need
1311064,228,fish
337149,745,spend
1068952,707,west
311933,97,education
329082,230,season
490722,754,fast
980401,1,any
613095,421,newspaper
772800,899,arrive
418679,620,however
363846,178,fact
1111868,581,where
1133291,577,whatever
331493,231,marriage
704219,401,hotel
755176,302,single
320582,504,development
1105642,368,child
939582,292,argue
546714,137,owner
1079046,687,painting
1065827,117,for
443951,1,follow
451509,676,wife
1245980,824,wear
1162094,858,rule
955067,49,watch
1010796,836,teacher
652231,423,without
1107809,242,prove
1282891,451,majority
1289685,840,glass
318720,477,then
889868,192,land
309639,660,smile
765811,734,final
749279,65,under
435897,127,hope
752288,666,politics
532168,24,education
1019184,949,late
1270317,241,treat
486235,741,occur
1150232,108,get
421791,119,police
456434,557,run
1180631,730,certainly
649073,321,machine
744170,829,tax
732888,574,price
877267,406,wrong
384104,987,civil
671709,799,build
1089118,445,sport
1058435,175,TV
805587,285,effect
338278,527,main
1061293,645,card
732960,475,contain
802378,558,control
611201,832,guess
743332,417,run
545034,648,fish
489138,644,form
1249022,768,force
407777,536,according
967078,451,thing
359372,417,drive
745632,164,investment
1178963,332,house
672870,426,left
1235611,857,seek
681799,910,marriage
412536,30,without
1230645,593,window
1110119,619,ahead
296890,471,community
382845,43,pretty
817600,767,image
1096250,406,ready
587182,570,yet
714408,114,including
997593,757,bad
1268330,733,theory
1011016,29,big
1279932,112,information
752130,377,now
536452,754,long
1300392,537,national
521315,212,federal
1206784,149,once
737414,245,step
1246304,594,clearly
1196953,41,star
298034,960,federal
1074860,558,bed
304401,765,yet
989807,502,something
611353,647,amount
660585,700,maybe
321135,412,economy
777866,507,region
547702,5,blue
1083813,421,member
1105876,794,anyone
308776,966,record
598175,976,threat
931615,649,each
439649,29,affect
1061908,833,interview
424550,875,consider
523307,942,help
787443,630,seek
1077196,166,professional
425751,437,chair
976114,949,exactly
1012142,319,laugh
750371,308,suggest
586800,943,specific
280930,938,method
402458,399,walk
1149984,41,whatever
454572,440,occur
1177579,563,college
846433,821,since
817202,480,nearly
338333,93,better
1192499,172,finish
665169,168,remember
1013202,821,so
1162478,307,government
1050910,565,hundred
381719,182,bank
886980,902,baby
711891,478,Republican
350003,541,interest
436281,130,thought
894165,757,he
630487,320,majority
1260873,132,office
295560,876,color
654528,192,behind
503477,227,manager
704345,678,he
806175,176,catch
494097,189,today
353121,983,among
396082,825,someone
1128484,652,else
916851,594,opportunity
550991,526,view
532043,482,test
815890,653,weight
483145,266,hope
901204,251,must
498777,762,knowledge
497702,883,raise
1169745,298,measure
1156808,149,push
482126,160,wide
808425,56,sound
1096213,553,glass
590055,857,great
1118726,149,free
919446,966,ago
1032763,198,letter
815979,52,spend
756996,74,detail
1106786,401,result
710169,861,national
758853,800,ball
807795,950,fund
1087594,968,consider
1085072,773,standard
516972,775,push
595243,576,tell
886050,2,again
302311,115,music
1156914,952,line
322239,436,since
809889,91,street
497237,257,benefit
884438,821,under
1197494,927,fly
667450,396,born
1183057,920,make
1191458,230,push
1013391,593,at
406142,426,drive
497120,415,within
984318,421,popular
334925,577,hold
404285,959,too
935095,535,specific
335166,567,religious
976315,464,goal
1129469,835,clear
1103628,967,analysis
541411,223,seem
801278,613,use
556202,825,growth
389800,564,moment
718903,625,as
491301,983,kind
719204,412,fish
995904,409,field
1296183,148,next
1109701,305,first
912007,381,stay
848800,493,adult
1239988,447,may
711544,352,in
619473,237,other
1308215,491,step
913338,195,deal
1076234,508,fall
1283619,585,international
1013516,648,need
620318,69,performance
1059498,883,safe
907180,395,begin
331567,736,should
1146120,970,agreement
816332,949,price
1110213,570,radio
713820,360,according
1175055,623,box
534415,992,course
906961,327,study
803241,417,organization
786504,627,serve
1282062,411,act
1083620,495,move
443184,446,billion
792790,103,cost
655239,946,stuff
808173,690,dog
1309935,752,fall
671379,414,box
450129,411,one
679534,362,front
1011559,650,couple
1001243,155,own
639323,292,carry
472891,931,order
843676,137,cultural
1058080,722,little
1262066,18,avoid
1116695,134,prepare
634045,372,charge
671995,911,especially
1204233,696,stuff
1218455,634,join
341002,344,around
561137,163,south
1232417,460,leader
286395,392,him
1034467,834,matter
1298598,590,without
1104350,126,agency
447089,60,guy
924860,829,other
1299619,758,appear
739913,53,social
1194921,877,marriage
679442,179,language
1247359,268,compare
1287023,954,spend
826803,336,Democrat
456271,836,decade
1072170,512,statement
501100,432,sister
706429,453,near
628082,844,ahead
886910,68,bad
1038263,761,city
326794,616,resource
727514,792,site
994874,340,only
866674,66,season
1248853,382,however
1154763,198,one
428698,512,prove
414789,893,federal
924196,877,campaign
802730,139,rock
992836,852,large
429412,650,laugh
299667,60,eight
714211,86,war
1143393,177,together
975928,512,relate
1159491,837,final
542262,893,democratic
446073,1000,pull
655688,263,establish
1137768,492,international
416724,525,drop
901151,603,mouth
879305,275,do
639647,721,power
1263519,553,the
1015323,182,significant
950334,416,PM
1006838,345,as
309604,502,might
611487,464,house
577369,622,soon
565746,480,often
1034378,10,should
282774,482,much
457968,453,modern
1248701,821,me
1152978,25,our
444387,637,indeed
514942,862,executive
1198905,53,agree
648614,730,the
1255271,960,authority
812330,306,one
1188109,984,film
1181696,489,several
554322,682,project
1101454,161,central
546749,955,base
303828,40,bill
1219288,705,know
895184,320,public
1062648,197,write
383014,764,ability
1069105,788,newspaper
532977,533,may
1070767,276,this
1284684,963,key
1190884,711,minute
1088906,151,which
939393,986,require
588922,870,Mr
836929,5,behavior
795768,321,apply
327981,297,small
723322,907,foreign
948018,285,join
855006,669,smile
279095,453,type
287223,793,between
478322,224,listen
1036402,80,society
342951,35,only
950101,159,day
718168,42,raise
683505,176,describe
1208686,897,majority
1136361,228,money
1303916,755,fly
1306099,264,onto
911156,281,top
753804,921,without
993725,217,arm
967679,254,item
794229,553,specific
1224563,698,ago
743586,31,environment
1221853,563,effort
1061785,161,newspaper
290751,70,office
957056,262,few
641923,7,late
1053220,700,sit
772600,354,full
549752,638,remember
869146,63,understand
1299273,459,threat
292346,40,man
1202260,584,state
1147756,406,his
369542,627,camera
1228596,970,evidence
885726,999,describe
1053298,902,last
310478,417,process
670829,26,indicate
389679,517,entire
1172764,650,avoid
1313266,731,animal
393650,545,protect
979103,921,improve
1191159,739,capital
407540,810,western
1313854,932,this
614371,955,hope
1126477,332,purpose
956324,864,begin
728476,430,car
930534,129,and
397574,915,exist
435070,999,everything
1037221,163,home
734479,352,ask
822238,935,nice
1090393,825,early
1250284,315,relate
302673,153,those
732703,926,investment
590776,198,note
1025169,755,data
1291026,4,guess
1016895,587,police
379027,790,new
625792,173,avoid
1127951,165,environment
665888,524,season
960164,228,lot
933327,759,best
741270,194,factor
478012,543,full
598418,125,may
1070201,679,successful
1277219,474,pick
1094270,318,three
481986,851,road
1072700,148,network
1020517,814,in
744045,783,speak
1071412,940,oil
968384,869,defense
1065681,495,can
1157182,18,society
377740,639,chance
879740,384,art
390300,843,capital
764581,738,impact
1051307,81,kitchen
1262457,421,visit
533323,298,yard
949332,790,network
629364,946,ever
747372,821,adult
774523,723,side
727079,414,take
609195,792,thank
927736,108,unit
1168622,490,investment
416451,655,bag
802612,337,expert
870642,510,central
560236,973,six
480530,395,bill
621012,706,church
834735,682,we
640833,598,magazine
845462,778,nature
337506,913,space
1201940,28,Mrs
786144,137,memory
646248,648,mouth
1103489,178,new
629227,82,produce
1023913,621,wrong
877645,379,high
894959,552,already
1175128,426,true
1149471,947,pull
1214777,404,morning
832475,477,example
1071018,133,set
702469,84,family
1201078,580,believe
633855,191,protect
664175,564,month
821086,78,detail
1011488,468,under
1297189,592,Democrat
897766,666,take
1191270,676,stop
324939,343,fast
669232,33,large
1093992,856,art
1278122,660,teach
1173729,610,yard
971097,759,visit
1253188,306,in
828218,695,heavy
1072009,432,cell
722757,507,police
746253,984,before
985377,391,stage
1223413,647,read
725997,940,long
530653,303,forget
1116906,131,morning
501342,487,person
643379,207,allow
1178168,880,wonder
897505,768,drug
1050083,321,religious
1073976,497,exactly
318728,295,spend
1219189,936,best
379020,134,performance
727413,43,wonder
715023,501,recognize
796386,722,professor
1199381,70,follow
807754,189,attack
341480,535,enjoy
350631,976,note
369688,541,family
1018412,26,nation
323210,179,today
740408,476,effort
980696,335,according
973983,855,figure
1030818,190,think
1294550,324,easy
1315062,113,north
1141988,404,range
370784,143,soon
1230316,248,rise
635424,209,again
1035637,960,general
1215400,468,crime
396270,8,language
482161,140,mention
779878,883,there
1200738,81,radio
1272040,751,red
554497,239,conference
912322,443,ok
1042949,834,fine
1109027,754,easy
948337,114,perform
717581,688,employee
669206,633,sense
330366,498,debate
417382,818,catch
662362,352,arm
332030,460,production
581549,920,within
1261483,218,chair
753939,473,recently
683386,143,protect
533196,272,hard
966984,828,stand
285054,814,get
1004289,763,deal
495166,580,guess
1104857,745,toward
281918,375,sign
506713,412,investment
938649,39,away
769569,934,almost
933166,658,decade
1285263,415,establish
1249765,504,front
848474,637,after
647070,794,anything
397828,190,occur
1013140,125,spend
1255356,142,use
966523,107,prepare
680650,618,power
884009,961,individual
1109216,927,blood
1135332,480,feel
1102224,267,position
307041,314,produce
1268101,948,today
329148,936,sister
387234,969,she
1140332,723,red
621248,228,term
624766,553,third
338143,134,population
315610,892,here
975502,660,loss
407034,95,give
1014900,49,serve
1015385,273,record
1138435,666,tough
1146420,931,beyond
538439,354,ok
291575,547,boy
1184912,85,meeting
609711,528,key
661727,935,impact
890401,647,will
645437,726,religious
1097277,18,talk
898739,1000,tell
307276,113,officer
578720,998,first
1048557,472,knowledge
455824,970,scene
920613,272,type
604813,525,task
999329,291,social
364057,978,head
1299191,171,edge
803545,104,answer
625155,71,light
338222,895,three
670011,116,office
540947,129,serve
880323,151,language
809086,732,meet
1153313,303,spend
741370,62,receive
1065144,878,people
496595,364,take
694610,742,fall
493223,570,method
887341,577,economy
326213,382,any
920571,700,strategy
316259,71,receive
1102877,738,voice
348427,417,really
343065,489,fear
1049267,525,onto
487685,269,scientist
740435,948,wind
531652,482,again
533865,650,cultural
828775,550,piece
335206,213,perhaps
887450,967,star
877258,495,party
467425,200,push
1177666,577,right
1026134,866,want
1177182,44,adult
515457,591,white
576747,27,similar
659606,587,relate
574034,337,thought
949540,596,writer
697494,898,should
543875,348,enough
554753,253,debate
293817,524,born
662162,330,last
353093,409,personal
1284810,909,who
1094238,186,range
390227,254,manage
1096567,787,dark
1247067,712,born
816427,6,something
504918,801,tonight
582963,838,least
1207671,834,mind
1063114,788,mean
783481,401,decision
1035896,566,cup
807648,387,chance
347014,688,wish
1068620,610,space
1007756,317,mouth
368617,308,ball
1196247,316,test
343678,34,black
547454,700,fine
874619,515,court
1157132,968,computer
405230,693,evidence
1094437,449,they
517919,62,their
669473,166,decide
551703,356,example
838082,479,yes
833401,142,give
671100,490,develop
348945,751,thank
286220,48,yet
877900,724,the
760408,263,big
932256,480,movement
931050,141,level
1206429,428,reduce
1134092,404,sit
1219966,640,resource
1072781,580,anything
631355,984,wife
482783,850,financial
1008264,753,community
1030924,205,adult
1284620,672,director
287012,414,camera
397941,8,total
851204,708,nation
645316,240,case
814442,407,accept
454124,682,management
998806,871,down
993780,921,wall
933217,607,probably
966622,775,audience
991146,116,far
933929,857,recognize
830148,995,show
861651,168,benefit
697502,510,industry
616257,224,too
1254726,905,bad
732252,503,voice
1032180,136,occur
431844,773,drug
786177,464,inside
1002114,190,group
402594,994,by
719637,868,detail
1280676,592,early
355782,634,fast
1242831,88,girl
748902,828,smile
629698,523,person
799767,349,plant
554218,202,way
502348,756,property
842865,658,upon
1200807,518,then
736489,538,past
1052252,218,light
884000,582,also
840451,929,determine
1228600,120,instead
1033978,883,special
1098943,214,federal
280980,543,teach
779135,999,happy
1132829,541,lead
380497,846,total
1216271,654,popular
447402,399,main
810294,512,person
443704,280,Mrs
406811,322,environmental
353006,363,process
585641,547,break
556422,443,there
425824,830,certainly
526386,600,government
961452,485,stand
579738,440,eat
680938,995,defense
404658,479,positive
360333,9,always
1265592,5,campaign
298426,363,authority
947990,976,left
1002059,863,see
757765,675,performance
698128,59,style
1287942,980,building
1127277,395,account
898715,140,you
468159,798,two
928194,601,art
605099,134,power
399176,113,everybody
556815,641,age
562010,417,amount
334095,563,be
475798,182,off
396854,621,my
766458,235,respond
342431,29,game
1313237,778,politics
915003,685,explain
1105600,792,worry
689469,513,trouble
772397,547,life
737329,574,section
1026325,326,her
1024591,241,nice
1021830,31,rather
907179,193,central
756795,231,feel
326163,755,much
336597,466,yard
1091410,565,among
676518,233,present
643094,654,tree
1156618,892,man
501559,854,something
897285,784,actually
694947,144,life
440452,336,way
318959,421,maintain
822965,506,fear
419679,244,hot
667751,541,everyone
1265225,992,million
406824,137,hair
864424,199,father
690348,226,peace
555144,243,tell
514221,544,price
1129470,469,discover
780825,786,present
412528,395,friend
313368,114,tonight
700502,676,him
585656,443,free
290506,660,debate
1068315,847,production
834073,123,instead
733123,816,hotel
843802,282,necessary
1015063,259,local
460381,131,cell
1031479,294,as
395628,324,collection
1124003,959,research
1208737,249,design
570242,320,attack
1298360,457,reflect
495735,291,newspaper
714687,685,pattern
1273200,68,drug
299594,311,car
512452,443,human
773314,274,seem
856375,42,return
955711,181,letter
739288,102,blue
957224,850,bank
920138,764,none
1298965,854,career
1299495,810,generation
1267402,709,ten
1164371,393,like
1054435,846,level
841028,333,situation
687231,56,million
1307472,535,also
1126145,659,before
695278,930,college
647191,273,network
508605,360,not
773297,167,offer
848781,575,exist
329365,716,over
587748,903,arm
768990,55,light
902168,9,ability
843736,274,model
534735,888,why
1012846,37,story
985024,437,room
444373,993,purpose
690193,414,compare
349277,900,study
318150,819,feel
834784,541,choose
695731,945,third
1195799,943,camera
558680,58,especially
783517,803,it
1090366,847,buy
1252634,574,one
758657,10,couple
795177,420,exist
326926,408,it
501151,901,son
637498,235,produce
953340,756,camera
604021,177,southern
1188161,699,case
716797,83,us
286047,830,hospital
401321,567,phone
568310,93,between
649362,999,order
447089,613,into
536235,940,main
1092704,755,role
399046,62,later
472847,826,need
1019397,327,operation
327497,143,case
1292352,468,learn
725644,811,main
1238489,392,century
1050994,198,edge
682519,490,across
655401,850,see
1244900,235,take
1163253,639,item
1222321,790,simply
657296,123,star
778035,260,arrive
326534,331,catch
400457,642,look
780064,222,good
721943,241,address
847197,902,goal
393423,130,them
939925,197,poor
1125078,678,item
288443,576,build
917410,310,low
1231323,20,all
1122174,131,life
1133879,412,situation
840873,483,around
881454,536,particularly
600226,750,check
817070,201,citizen
1019955,235,need
1045095,901,high
356206,905,hand
826068,861,brother
777545,202,hotel
1198743,317,kid
1223669,673,specific
742060,216,number
1000786,635,drop
1257429,597,detail
1030754,516,yet
1078843,623,history
1092867,486,fish
456855,248,poor
925073,385,push
700658,364,political
913815,693,tonight
613805,90,beyond
1215339,595,special
717605,937,newspaper
694331,137,development
1117829,178,about
289235,663,end
808847,819,pressure
681955,413,bill
1056389,178,compare
803935,734,size
515147,821,down
1150808,755,budget
835307,329,the
703727,192,west
671380,310,guy
297561,178,daughter
354312,526,partner
745076,400,box
820902,829,nothing
1045261,733,fast
1091195,891,which
1178618,386,between
504753,450,start
1014439,549,significant
916229,270,run
421384,873,three
1142387,87,address
986546,773,usually
647059,865,staff
282488,752,tell
550515,887,want
921473,324,edge
787105,996,design
1031455,529,lay
651758,630,reason
938715,672,worker
1211499,982,war
1139942,142,fight
419346,207,learn
342568,927,move
1048649,121,even
336921,359,today
1286553,205,identify
584155,436,girl
631329,690,family
560409,933,military
832632,809,condition
989795,623,season
628959,741,ball
977871,315,leader
389409,474,half
992203,616,game
323397,711,field
488349,927,nothing
588364,168,field
387626,741,nothing
769396,999,down
639342,469,especially
1103115,35,movie
438307,595,apply
1259386,918,present
519444,222,threat
1194473,718,leave
614063,160,follow
952075,175,eight
817357,642,raise
804829,244,success
786490,199,price
1230067,323,main
504675,752,along
533102,448,sure
914911,118,no
354555,136,class
1232252,774,performance
577652,243,record
698985,455,trial
423853,359,food
703308,329,member
1256041,278,act
553388,218,along
865490,15,east
818497,827,use
294710,649,else
1045657,425,between
676587,833,tend
330378,425,address
511342,20,skin
763062,576,now
888266,509,consumer
678869,773,type
1156729,322,play
479480,898,maintain
655331,974,natural
863022,140,perhaps
850544,508,campaign
356140,873,role
947255,900,discussion
886588,964,reality
469238,39,meet
1232905,297,investment
357712,941,line
1154948,176,end
651704,597,old
305507,298,teacher
1174836,19,perform
385767,442,wind
1230815,495,thank
785112,651,truth
456899,108,up
640234,794,memory
350356,814,level
873332,697,argue
674864,134,democratic
1237933,590,minute
1269057,740,wrong
1299263,894,medical
698942,846,make
527012,74,accept
1275428,187,side
1139224,927,plant
855751,910,who
429968,379,old
395446,311,practice
521096,791,material
617921,878,draw
426728,570,hard
1228670,472,fall
1232926,623,might
512206,919,government
493714,203,leader
716648,514,professor
574514,833,feel
799423,791,leave
326810,834,medical
1155470,30,though
1041414,611,dinner
632714,232,word
1149941,264,political
1068546,338,nor
1058101,984,wife
499284,289,trade
488794,300,once
304096,834,plan
1126127,262,police
770275,232,action
1089573,500,page
964878,316,computer
1001292,231,check
1007104,603,piece
360535,970,just
1018347,537,investment
536732,183,road
1029406,554,door
1055306,99,start
1147748,561,way
357440,924,happen
1183635,820,test
908783,965,painting
1072228,843,sign
1234230,616,blue
1171610,359,size
1113416,424,partner
775780,614,plan
542709,371,employee
1006812,62,born
290788,587,tax
375089,49,international
622833,94,main
788814,181,mention
951735,495,security
991506,409,research
352337,685,unit
877434,809,ever
714741,803,model
1276026,909,evidence
391943,836,kitchen
772499,62,be
873232,989,spring
1198621,950,change
909503,920,expert
692570,765,adult
510556,978,response
1145690,968,any
741661,381,clear
931767,354,however
763236,978,approach
439153,148,author
652477,205,your
1098677,415,control
1276542,261,report
932526,299,reality
882839,24,firm
615809,262,house
908938,795,public
709739,995,raise
559994,910,painting
1313819,647,dream
493582,398,capital
416710,888,cup
363200,241,create
680188,737,reduce
608835,63,interest
885302,417,check
1296757,366,make
660678,590,address
1039638,60,future
1284124,146,central
301706,321,prove
871530,767,mission
735688,50,fear
1030177,251,threat
499937,39,successful
830354,710,discover
1300046,93,baby
489766,114,benefit
1192339,58,city
992430,820,break
996267,76,these
1037395,377,break
1093489,782,why
760444,813,student
307836,815,enter
1107419,500,might
767907,643,fish
329115,416,resource
851567,267,line
754782,973,everybody
607744,501,whom
1019941,706,coach
678043,747,keep
797525,32,work
1148180,588,daughter
1045889,592,rather
781507,749,not
1058533,293,science
1249030,775,compare
1088350,159,test
356449,732,coach
830372,905,ability
471963,920,administration
420978,562,room
446621,110,challenge
843469,814,matter
435706,495,need
904996,257,race
908636,978,book
725778,590,somebody
448892,407,industry
342374,398,fall
573891,570,plan
313439,355,one
1073671,135,condition
455321,293,town
1001782,831,bill
1015766,178,hundred
387352,508,statement
737075,824,science
793414,314,air
647015,201,deal
633142,351,one
715207,728,knowledge
1020613,852,ball
1106933,134,save
299226,105,small
335959,675,always
1092166,610,cut
1114661,146,best
965858,472,relate
537917,338,manage
523850,596,far
929506,982,now
1059543,991,of
995913,405,foot
857683,855,but
336634,779,together
759136,756,theory
1227292,299,state
1265334,908,carry
1117322,288,any
1099952,32,discuss
597734,527,reflect
867004,951,election
806269,721,produce
406192,527,why
453502,838,total
363435,210,peace
786974,323,card
453376,569,store
687810,507,technology
438428,933,central
375125,144,city
305142,8,parent
401256,134,talk
711393,672,image
865552,913,become
722335,589,trade
898747,523,light
1018048,167,blue
706831,933,magazine
935655,544,teacher
986493,845,lead
1223681,154,find
701548,747,professional
631506,427,adult
1247096,886,dinner
1000596,990,community
505569,395,level
1083159,31,especially
1076294,29,important
1116580,532,available
365372,804,base
1241835,361,argue
686436,482,season
673795,597,tree
1019329,788,speak
419297,940,though
861877,686,best
910479,809,student
831132,50,then
1104140,299,audience
662485,338,management
883539,337,sit
901300,45,weight
1183435,365,tell
458922,193,police
1082468,862,challenge
1223099,808,up
983699,118,beautiful
657492,241,painting
336859,659,modern
789369,655,bag
365368,94,agent
331027,424,drive
571491,136,my
462013,62,bed
338245,289,list
1008518,360,something
676794,637,place
329386,224,entire
453151,980,authority
925163,934,understand
302246,187,always
1062256,453,risk
1013035,257,cut
841661,606,police
924708,498,simple
876459,1,bank
1023665,322,election
1262686,218,sometimes
1069087,941,surface
962327,502,parent
300244,34,red
374750,858,rich
943692,197,house
514922,321,travel
574001,892,recognize
1010194,907,instead
1222084,608,back
303054,642,member
758477,855,sure
928236,60,agent
1104900,305,stay
935184,621,couple
963574,584,pattern
323895,337,happen
1148345,854,beat
537748,958,throughout
892818,798,them
375843,591,picture
816458,169,son
874148,542,kid
1128072,864,he
801222,650,know
918244,519,go
717595,550,despite
1017316,627,total
767352,565,difficult
332907,184,politics
325459,681,television
638576,826,party
989564,666,require
1110417,329,play
498460,189,current
543900,268,house
808306,429,black
1171697,691,compare
1281978,533,say
403574,794,I
1075376,593,require
418991,344,health
889830,571,already
964147,423,finish
341027,674,face
1029942,601,claim
281519,638,new
842756,390,help
723420,52,hand
1157039,410,bad
462420,578,side
372289,724,better
1073590,275,space
548860,550,that
1180681,751,attorney
941074,671,may
589886,796,too
1230470,414,summer
668175,990,identify
445456,955,decision
1195743,873,product
1230899,494,clearly
609873,256,public
528585,304,factor
1303476,859,home
326389,228,TV
518773,488,his
1065006,823,window
943257,893,scientist
895069,143,cell
540707,137,although
937754,638,if
1247659,807,here
1221035,3,me
781359,286,music
1147308,298,road
1246529,228,executive
1276111,520,college
390810,415,measure
1105405,417,themselves
1285026,613,friend
665175,717,program
538890,248,laugh
966998,36,eight
749108,48,accept
907031,834,during
1278340,865,military
1112367,521,major
1239997,209,analysis
447442,619,base
1049079,230,yourself
1134345,516,institution
301786,235,color
830332,362,between
464714,479,kitchen
720255,839,behavior
495237,137,week
834300,962,must
501849,328,program
705044,640,pattern
1288305,965,from
1088685,771,mission
1035320,836,which
819445,734,open
749770,171,my
619734,178,player
765924,319,anyone
1298121,570,return
349681,573,game
689021,440,seven
830156,888,series
1195357,265,successful
680685,831,become
627636,82,owner
1086951,372,study
1064587,114,study
1108542,470,every
1221102,260,try
1016184,347,success
387675,641,perhaps
881607,709,cell
342066,471,magazine
934056,724,detail
443135,756,south
998048,522,allow
857093,307,course
362381,87,interesting
452771,693,exactly
1271301,417,seat
751065,222,down
1206442,602,dinner
680566,404,space
482436,390,worry
1016212,912,training
302465,608,face
545430,740,food
1016049,691,able
526107,575,compare
960020,736,section
880994,372,capital
1105574,892,computer
659214,662,office
926556,215,red
749232,552,voice
553498,496,personal
439320,87,summer
697152,850,event
1165470,34,wonder
1190438,935,including
401888,412,game
538687,688,entire
488138,569,experience
1054635,946,yes
906002,257,myself
952131,53,fast
950736,924,question
971522,431,individual
1284927,375,soon
1294792,543,discussion
536011,228,glass
1099231,302,year
1228391,143,office
822327,789,hope
1026130,575,yeah
759174,338,item
488552,595,goal
624961,360,crime
1266501,991,memory
1010560,937,yourself
624154,378,strong
1230252,333,change
694886,586,style
745601,740,hit
842385,103,personal
1268653,62,summer
446791,869,lay
459307,629,which
1042870,587,process
508129,975,rich
598447,552,or
615751,978,event
401540,267,middle
664680,429,line
1124611,630,on
1014605,684,standard
329297,150,box
402268,175,must
883681,665,message
994853,893,contain
1284196,652,environment
1045550,686,report
815583,542,despite
1054219,594,argue
289897,417,sea
876095,632,between
925197,176,also
353519,627,sell
527320,197,read
932440,226,impact
458668,413,music
380975,912,tough
375905,9,support
1092750,965,area
1218783,673,line
1075955,757,agree
771204,181,senior
877853,813,executive
1255591,814,down
670633,707,century
1090741,282,into
554172,202,tend
1156446,433,economic
381597,882,each
656349,16,card
333129,658,yeah
648479,156,writer
1051750,431,learn
979846,774,seem
800774,226,build
430735,522,force
1289081,902,total
1302185,231,cold
1045980,107,attorney
372116,523,yeah
979823,740,road
955320,70,information
1080423,269,include
557005,624,spend
406174,848,garden
646318,975,see
395888,9,out
943131,912,our
665445,161,she
1105669,980,end
819980,937,tree
345253,354,office
1151764,829,budget
1222793,322,sister
1025361,573,eat
780196,389,only
284697,604,table
789150,215,finally
1235936,616,region
1004353,561,activity
284810,407,family
1251865,116,skin
395993,443,doctor
785356,584,standard
887420,809,bank
869111,490,indicate
743833,694,likely
338167,700,keep
292227,101,share
1122450,494,sort
362609,230,total
361188,717,black
630681,306,special
770532,795,alone
794860,648,let
356208,264,attack
1272567,385,ahead
637527,742,well
1306753,487,throw
806860,774,right
1305294,369,else
679918,975,head
1009361,101,unit
398097,37,teach
513296,245,become
301112,871,under
747166,496,west
510034,559,ok
917285,900,knowledge
442195,39,last
382652,688,movie
1114931,425,else
348393,876,product
426731,732,cup
1028204,614,skin
1091401,843,sing
1121183,799,degree
338439,506,along
933027,685,back
773648,274,successful
457744,461,billion
681728,292,suffer
795991,931,mouth
517346,506,gas
440475,444,upon
331388,583,particularly
637809,536,executive
919645,636,each
1147036,624,all
444098,835,attorney
1228017,659,writer
294845,177,benefit
750744,598,imagine
541350,451,class
454285,519,management
1286345,231,stop
884380,331,often
326911,311,serve
678532,592,training
667376,606,key
470014,204,must
866554,966,whatever
641708,787,window
459992,58,senior
439540,686,red
1138760,803,field
416064,363,mention
378547,681,member
964232,286,discuss
998695,530,particularly
1248083,551,more
1112987,162,mouth
419128,972,understand
763981,469,magazine
818140,915,worry
1276293,455,threat
672553,281,note
943152,38,draw
670917,519,actually
1056546,722,go
608730,190,between
498454,708,matter
1137263,54,mouth
354491,161,against
1227335,591,stage
609663,318,already
1305314,373,board
1243120,768,future
921820,422,change
834488,343,move
1048912,777,floor
1183878,809,course
806400,981,stuff
1238024,455,dog
579195,535,far
1063510,807,wish
1266514,375,partner
727796,377,huge
989337,959,reality
396379,407,body
1092546,36,million
760550,118,listen
610222,944,career
1260742,964,character
333726,340,manager
672834,487,fund
734489,409,suffer
642279,475,range
508830,370,baby
479003,624,around
715801,840,mission
1313705,140,human
1022631,950,her
415079,427,investment
1080280,940,health
429682,657,power
408980,652,foreign
374115,181,ball
787409,383,other
1197476,673,above
1185892,702,lot
437950,481,direction
1146479,991,possible
1120662,184,series
1040904,821,my
1179680,622,item
1133483,111,account
467957,267,president
586827,789,with
1206264,786,third
1270405,276,approach
502794,641,save
749810,974,work
1013861,921,fly
957679,87,entire
770096,191,their
319026,523,close
1215007,376,five
1298949,382,those
809465,970,student
996184,771,fast
1283260,393,company
1003108,242,democratic
1135024,376,book
436656,690,ten
761213,388,energy
976202,890,sure
757946,65,paper
620528,592,piece
766844,970,product
909146,878,until
1074823,449,rate
925239,584,break
1239799,86,indeed
1188828,208,large
769870,923,technology
1085262,872,lot
1165927,281,skin
913947,534,address
801764,691,worker
959121,878,article
957567,710,culture
565840,134,heart
541853,132,space
364627,56,party
653878,522,hope
598474,225,price
875731,47,director
974347,736,study
350690,856,medical
1038806,771,science
1135683,614,right
912477,206,specific
647053,375,need
957493,571,agreement
569272,83,serve
784580,699,expect
458498,164,go
1148825,309,reach
1115305,635,bag
682618,723,indeed
693003,694,spring
1246654,411,move
873859,935,her
648982,455,watch
1139483,782,rate
307011,465,explain
572501,194,detail
1024979,784,short
316347,951,yet
674790,856,house
913189,496,doctor
923637,206,drop
869462,733,free
1020372,783,process
1133011,621,game
343150,497,require
691428,977,page
785983,743,parent
1230168,511,hospital
616934,595,administration
1078776,181,civil
1238366,835,way
1211221,650,after
503279,462,onto
802154,439,feeling
603947,86,physical
533267,445,wide
1234188,466,main
367596,805,activity
1190069,295,wait
1004835,145,travel
911239,205,trouble
1294420,473,teach
930817,535,what
1235534,823,than
956175,705,inside
516071,905,final
483825,912,single
1309247,990,help
361144,310,us
1226149,813,she
777133,899,similar
1221255,280,road
1129790,213,wrong
687993,278,see
737539,71,cup
314482,960,modern
804733,434,suggest
294276,785,drop
519067,275,reveal
793648,646,reveal
907236,141,exactly
482501,217,themselves
1002537,640,agree
502347,379,trouble
1077785,741,break
1039981,882,level
611058,419,wear
438737,408,perhaps
475068,386,effort
971480,364,you
1084497,985,more
1133463,462,authority
907290,491,dark
597608,486,realize
1001031,349,center
1087431,754,already
1290651,347,condition
472281,438,always
592762,179,per
928998,284,purpose
1025673,832,during
904522,883,could
298735,29,century
1040284,251,black
1007983,986,attorney
1274502,472,develop
320816,37,world
376750,953,eye
1066641,410,quality
1284922,623,include
444079,605,see
529596,468,common
1202845,538,beat
488964,837,hold
406552,226,north
749965,870,author
1146600,231,decision
1272090,818,list
679425,918,reflect
531931,804,yeah
838196,14,dog
1178779,884,recognize
306324,518,focus
1007202,790,world
790498,685,maybe
629854,129,them
1130828,331,everything
1124730,533,right
442541,233,few
365660,349,together
607806,20,tree
860912,564,blue
990493,581,million
965290,179,personal
818937,853,lay
1128568,52,morning
770071,312,increase
1190822,92,find
278724,887,sea
1185304,622,play
1255796,70,return
574732,429,reduce
664485,521,today
1014628,919,bad
699679,397,black
360886,284,return
1095531,215,practice
973905,486,expect
679774,419,church
1046828,7,night
943362,620,room
553395,9,international
1111471,243,method
515931,371,nothing
1094666,859,job
953763,388,Congress
871739,734,whether
749817,466,along
652417,28,four
595552,693,plan
555792,90,treat
483874,892,yard
585174,636,economy
540921,359,speak
1040473,384,remain
1265729,936,born
1120612,520,participant
913753,188,amount
324139,694,nearly
612811,503,hospital
920092,493,maybe
942492,681,car
494573,2,agent
614146,102,meet
1210621,916,we
617346,248,soldier
389627,562,trouble
726679,892,worker
885510,332,get
1156750,569,about
1205812,230,specific
659422,302,throughout
905567,152,cold
609545,391,movie
301650,261,them
1218485,183,as
280263,160,side
414235,443,medical
1078343,17,end
621543,612,home
1104919,362,situation
1069927,658,he
771327,593,physical
1219901,69,cold
541930,266,finally
662699,402,remember
1206278,653,stock
1201503,547,seat
974649,773,article
418616,46,police
711824,694,responsibility
1271503,148,cell
583352,985,every
980797,95,they
807928,82,resource
478621,891,either
858595,822,reflect
1174530,802,face
1235040,779,agree
1066863,461,arm
537266,69,pressure
1052967,588,stage
310184,533,way
872892,68,main
779600,306,six
731462,158,suffer
327062,11,black
696709,967,nation
400720,19,upon
1054827,586,attack
449455,855,listen
1294668,814,evidence
930038,59,some
925135,290,use
1133583,356,seven
524619,963,everyone
344291,835,gas
520273,432,happen
527953,679,away
695404,781,manager
374536,50,all
745958,609,perform
1002366,361,increase
759707,861,wear
495585,115,base
1137225,163,few
401784,257,example
1167810,679,health
776112,259,draw
1087600,290,outside
304476,13,security
1179101,730,wall
844840,187,job
378185,506,whose
870992,270,grow
420625,210,yes
1189361,129,thus
614300,492,dog
832583,997,fight
1303307,73,enter
692968,313,step
302328,345,most
919861,366,public
912798,447,party
963405,133,our
447280,718,political
986653,651,nothing
1252196,167,big
724813,105,open
647418,821,character
585166,162,end
460190,682,good
1199430,715,individual
437427,269,act
590805,636,us
1133394,757,majority
330980,925,way
1302909,789,agent
856810,853,by
1019107,31,federal
1182470,621,just
1149953,896,impact
866676,705,yes
964174,168,can
322956,878,pay
450278,274,religious
1044607,928,position
1205805,223,million
746237,967,social
451807,281,cell
899784,282,population
784274,676,join
1120620,350,strategy
695735,325,ability
1012086,556,very
1043539,541,here
1026595,786,environment
734216,600,board
990662,846,reach
515250,669,wife
1019819,547,particularly
998780,725,modern
572679,315,actually
583582,953,west
790089,666,hope
424103,37,particularly
1158463,589,such
1078568,507,law
930039,9,picture
1186161,811,senior
1179504,412,particularly
304520,220,those
281929,216,employee
960020,64,strategy
826137,574,indicate
1062718,959,point
951967,914,whatever
522249,285,radio
372589,776,today
1274520,550,reduce
334119,85,figure
841092,96,total
726778,179,point
838024,493,learn
566411,756,hand
495251,1,trip
571548,657,you
1096667,745,hour
912584,637,partner
507290,292,likely
814404,429,with
1184230,421,store
696170,626,middle
713556,329,grow
528511,128,must
478386,536,threat
746175,560,instead
556979,373,weight
1055480,421,federal
1092946,114,generation
781827,87,every
1211877,364,feel
328337,543,plant
1132160,281,development
977728,926,on
672940,397,hundred
403616,786,event
693238,216,responsibility
1028158,566,some
487956,93,indicate
1014511,434,policy
690805,914,fly
1188650,248,anyone
1305509,957,assume
468734,567,provide
803879,412,third
1079679,837,light
304864,682,music
833586,549,consumer
620861,423,science
815079,299,front
795551,910,physical
1108811,899,bring
521132,584,end
928755,247,national
676103,976,benefit
713246,74,possible
712213,560,across
578418,280,interview
1012423,338,dinner
793776,978,population
1007240,780,final
769245,799,chair
1105333,762,forward
1052658,528,to
468921,880,speak
676594,24,point
691580,980,party
692587,754,baby
1055502,247,voice
357123,920,current
929732,413,authority
1015235,709,plan
701232,374,might
458994,769,wear
638318,381,per
1299527,462,line
602932,506,ask
435971,193,effort
613751,999,effort
850010,745,who
1305260,558,beyond
929120,216,kind
839696,746,customer
484935,83,sport
842195,86,at
483329,100,represent
1018510,30,like
730386,97,low
1171316,927,hospital
987601,504,knowledge
513237,100,officer
1209396,211,story
421299,277,quickly
706693,173,same
562147,796,wife
1114806,540,defense
785534,852,effort
740295,450,finish
1272920,255,computer
423739,357,order
516586,232,face
1153168,182,require
968576,669,relate
767982,233,than
850730,626,especially
968834,579,up
815475,474,sport
983340,531,throughout
1128016,391,rise
334110,840,race
1104477,695,bank
619478,667,decide
1260032,789,those
642937,283,more
1156499,766,step
1107253,865,election
788750,603,reason
372776,318,foreign
972553,760,degree
1025931,807,land
617418,665,contain
980717,605,personal
1106618,172,safe
1039863,212,begin
286735,74,growth
704692,51,pay
1143646,598,ok
487907,574,song
426719,911,job
370589,779,candidate
1285785,713,determine
1086843,873,know
942309,661,protect
1000735,588,they
725315,902,Republican
1229988,801,present
412883,418,try
847966,213,though
583392,570,occur
1151818,480,you
1217195,396,sort
815174,383,minute
1179721,867,security
1069095,782,hot
751930,626,attack
891533,367,dream
976265,949,capital
966660,610,hard
1307714,573,although
558296,442,debate
604352,3,local
482711,515,end
977463,941,measure
437814,346,structure
695692,791,whom
794747,394,rock
1102050,374,son
1214529,177,impact
686181,967,image
1165684,11,drive
552867,69,rock
544937,616,wall
744198,665,hour
502994,117,international
897825,4,available
1051512,619,plan
412988,764,peace
1037227,192,theory
733090,30,believe
703409,20,man
606457,77,child
723742,235,west
1080871,329,head
1166192,555,them
807052,555,tell
1021487,966,old
365467,58,onto
425612,284,stay
1085398,572,law
849437,49,management
323597,538,mission
763398,89,few
953054,493,degree
1002824,561,total
1262772,134,generation
1306836,512,you
435350,875,particular
300069,19,wind
984132,283,need
843311,138,term
975299,659,place
875143,594,development
381849,901,dark
1271239,397,himself
484240,205,manager
280191,982,drug
553169,799,window
628025,701,expect
681892,803,find
899054,381,senior
934566,591,talk
551623,194,realize
987980,575,likely
791434,935,sure
1226328,326,difference
570817,354,individual
745915,137,blue
1045959,442,phone
483280,492,dark
974946,413,follow
622025,104,inside
1252491,972,clear
511776,90,wait
1279293,699,light
1062981,783,movie
1248473,592,page
986870,896,walk
1100469,84,watch
1284610,991,yeah
332751,665,call
861300,972,will
418063,997,blood
1236492,525,while
1204400,343,strategy
655542,251,sort
816623,159,seem
532788,687,beautiful
733367,633,happy
651389,95,among
535842,916,sing
556928,84,well
1260047,623,fund
872919,799,detail
621712,362,look
297837,436,back
1104015,649,tonight
340091,193,particular
396750,870,safe
1263872,426,it
358385,444,which
1307797,87,social
417338,488,defense
1175129,556,charge
557238,68,arrive
637968,262,education
1195937,1000,government
1147901,502,then
786702,612,example
899471,76,I
719268,928,popular
963536,338,cover
1253693,414,order
535657,668,building
720130,78,ready
491352,956,positive
502554,991,maybe
921403,763,tree
1012400,174,nation
611586,349,upon
1248783,750,weight
1033507,719,important
418989,209,full
641036,600,form
632694,766,provide
1267243,999,everyone
656688,488,simply
412260,480,firm
699737,924,technology
368276,905,serve
533675,679,yeah
1153868,429,individual
575194,21,former
1123827,334,week
488529,176,however
600183,989,grow
385400,5,Democrat
451766,196,trade
858318,188,system
294960,973,here
567730,439,modern
809509,337,be
989034,312,prove
361619,674,against
771023,545,section
515659,769,can
833779,210,drive
527131,89,kitchen
1267642,814,different
1101149,878,feeling
602625,461,artist
1127864,391,story
434427,486,act
413191,345,education
1044835,635,happy
1230097,566,far
647567,469,personal
324733,344,see
364472,401,look
673980,503,way
1139113,205,to
798166,366,reality
1296452,6,like
443250,691,both
853798,786,institution
290764,898,surface
383540,981,avoid
892770,131,money
327955,863,in
779792,624,prevent
467808,403,where
929072,434,science
388309,80,consider
930702,404,image
687895,912,total
536029,710,behind
526250,141,real
801089,704,idea
1004575,574,course
785502,776,may
1053675,545,mother
905261,674,responsibility
319383,82,news
554746,499,professor
770904,377,various
1151657,281,political
852661,379,chance
638114,736,sport
717565,990,middle
719613,897,pull
339704,485,model
792517,687,model
776270,421,think
584203,245,wind
1295071,786,life
877021,898,wish
1059375,722,each
601704,730,explain
737254,304,prove
1232034,773,walk
1249270,450,who
481148,811,art
634102,597,hope
1315523,414,person
552632,569,style
871960,476,face
685082,699,report
822009,926,can
960991,336,enter
375550,695,call
1090080,604,significant
682500,345,send
547713,765,worry
1131787,307,relate
1196125,205,stop
934859,949,movement
358602,895,campaign
1140379,34,different
636991,333,off
1250986,585,despite
819828,432,check
789800,673,still
393807,154,test
1148364,592,bring
330330,556,own
1285518,534,federal
639411,821,president
951710,96,clearly
523607,31,animal
503795,393,improve
747487,982,significant
282215,290,sign
371949,388,wrong
814803,197,attorney
919456,358,push
820603,404,early
1249284,82,point
1174687,99,left
1070789,564,his
353952,789,suddenly
438875,532,boy
786684,905,key
973073,618,pass
702912,674,evening
896934,24,green
453396,31,enjoy
1150304,446,return
723951,202,establish
338366,206,his
1266869,585,subject
580990,460,find
931537,776,might
353264,719,suggest
979697,751,industry
1246239,630,another
1018161,391,support
977757,213,a
570233,585,kid
378282,756,rest
1002138,323,walk
826249,24,from
1000459,372,white
382709,275,stand
425105,422,present
1148870,359,part
1044292,527,environment
391763,615,choose
640871,976,require
361366,693,receive
360991,140,already
1069954,126,sound
945221,379,data
1295581,633,I
528837,260,certain
1154233,102,assume
1284430,263,buy
480601,553,imagine
933794,156,accept
680104,460,some
290701,385,hear
538923,50,particular
766311,478,pull
378029,870,authority
1015897,279,evening
952524,357,force
1218325,992,western
717154,390,fall
807399,782,course
1237489,302,statement
1283134,183,paper
831850,536,role
627125,75,conference
1206112,143,short
560752,291,north
928696,709,three
1129146,101,situation
595052,509,window
959884,258,visit
1048751,663,life
939611,426,get
734340,892,TV
1217685,147,prove
754424,298,recently
633533,976,off
1073668,129,arm
1174865,664,stay
521155,318,help
618871,392,job
967494,159,none
1266380,488,operation
596896,921,same
859907,860,collection
757280,809,quality
864147,611,world
1247666,414,western
1115336,751,professor
860811,414,together
1006440,650,land
810374,970,least
677783,494,road
1254407,172,pick
279993,270,color
494979,746,traditional
663024,328,perform
430485,333,reveal
869744,994,begin
1183454,174,phone
842376,189,community
298676,761,through
603196,99,political
448143,660,tonight
1172150,926,trip
990150,355,central
940078,8,still
601200,18,work
645355,887,door
340957,38,argue
638688,616,dog
326849,553,south
368226,537,American
1017709,404,strategy
720428,473,surface
750404,87,itself
1200429,806,nice
315750,930,tonight
928917,663,board
1303953,440,yeah
840713,124,sign
954270,404,PM
821266,502,popular
684974,347,both
815145,60,visit
1166443,928,at
1034263,54,mean
702928,632,us
1208023,982,college
905820,93,fire
1207722,79,set
645290,37,nearly
452992,561,listen
1123248,428,maybe
997691,871,agree
1259936,882,discover
326527,271,open
970208,988,then
315752,541,news
285706,957,visit
307687,5,include
552184,946,science
513588,60,believe
819760,100,billion
932759,627,receive
974124,595,step
1005893,589,important
978438,272,response
445199,51,determine
1119500,612,system
1096464,642,message
902141,202,structure
668871,379,cup
648763,927,street
875606,842,speech
1110830,514,international
575116,604,full
621347,834,him
807744,227,admit
638540,406,job
503503,735,short
351151,884,big
973829,987,green
1205029,909,believe
868168,276,strong
1082379,181,PM
1265474,673,soon
348514,132,head
370152,268,road
962687,666,leader
1312807,121,example
519818,610,yard
886461,815,become
769590,518,home
393542,800,we
652547,148,organization
349405,974,director
593378,4,property
548382,802,letter
680849,971,impact
619215,149,mean
684902,7,writer
1299701,805,should
455731,820,difficult
336158,517,but
1082634,180,item
394521,191,customer
311168,197,key
646095,955,behind
632993,813,Republican
421733,950,accept
1241130,948,value
857308,444,above
1249941,157,by
702669,178,small
703012,383,own
737523,123,deal
921334,185,southern
812958,580,approach
804232,809,yet
1230004,11,coach
818344,853,raise
587562,109,kitchen
1007623,425,who
778858,320,different
803599,81,despite
1288410,99,former
372931,423,prevent
809803,414,name
858818,601,can
1091664,807,party
282237,858,million
425967,89,full
985581,871,beyond
734941,593,painting
527341,372,Congress
281412,557,protect
702672,44,half
308351,25,report
967426,36,out
500062,296,might
513263,689,everyone
414972,883,song
1252416,522,computer
1027666,121,head
970619,851,from
320501,115,knowledge
399307,625,international
914976,150,production
346744,936,their
1155358,281,provide
1254258,778,drop
647701,118,line
649508,457,field
846013,511,beautiful
618882,642,around
460194,140,team
792250,454,speech
438273,673,myself
635977,880,yard
1200609,698,respond
499162,560,let
446473,339,concern
1139518,921,we
1138876,789,power
1219270,209,describe
458142,625,image
1286795,975,pick
792965,476,ahead
642123,681,offer
421953,569,indicate
1095492,842,interview
317407,204,outside
391024,600,future
437684,690,sell
780336,600,organization
798819,750,board
685298,282,people
917259,667,artist
1037671,214,home
357291,580,care
948580,431,office
351355,312,provide
798981,105,ground
460094,718,else
447574,756,song
563756,760,foot
934581,521,part
927725,683,relate
462525,313,war
331573,454,newspaper
541435,476,yes
429740,118,everyone
782624,925,sister
1004181,502,morning
519722,248,agree
1290147,629,miss
559430,513,along
1254549,170,season
689893,275,science
654742,947,base
680029,875,doctor
700520,228,attorney
550551,49,meet
1132366,69,college
948724,899,how
928413,42,top
1003648,484,practice
1023835,684,expert
726181,506,identify
898439,238,set
1083528,892,three
785412,952,early
679083,302,when
673024,390,sport
431051,328,focus
657038,404,respond
1246497,436,growth
858248,656,rise
1185729,625,shake
1013484,532,sort
1026377,44,find
482211,43,imagine
1239837,47,few
1161562,944,method
478115,787,front
303896,276,peace
447264,42,me
1291580,683,item
1024730,969,company
773179,350,stay
688192,225,second
874274,981,ask
979966,871,necessary
401588,546,music
903179,763,scene
1238328,533,win
511228,527,hard
408830,468,about
379877,19,participant
518355,799,style
299210,335,who
860836,249,light
445597,555,onto
503818,105,send
1024919,157,past
286863,843,society
1066604,649,heavy
1038712,127,really
1287824,225,firm
548464,512,yard
1208162,406,conference
358292,935,age
539360,614,benefit
720926,465,trial
981667,558,stand
384109,709,both
530960,748,cup
1076100,239,tonight
1215171,344,ahead
870596,115,two
943824,143,agreement
954857,309,everybody
1201468,471,war
418976,664,chance
546650,390,actually
377010,797,two
719771,394,a
1179867,156,structure
1259648,307,use
1010858,743,less
1044626,338,bag
654666,735,table
425634,939,unit
336766,367,early
328288,996,wide
1285904,387,skill
987275,506,series
302520,501,second
1242521,182,tell
483277,468,fine
682759,357,type
1243999,710,build
894303,252,relate
373945,323,need
795375,649,after
1302373,114,help
629268,252,father
909375,348,from
583256,316,thing
600203,111,miss
820337,740,last
280746,907,require
971209,473,name
725841,27,war
792013,864,water
744355,545,well
1129709,197,continue
1109262,822,cost
1166511,824,first
839541,984,cut
636934,716,affect
326953,50,director
1042589,263,laugh
436634,432,clearly
985842,77,miss
321898,841,his
879095,876,education
1274951,79,rock
573574,231,run
917371,560,any
1157592,351,ago
456107,328,office
605664,266,nothing
461144,243,good
325577,896,rich
1303957,653,technology
670432,53,training
1290158,133,everything
619637,210,road
1180729,211,specific
652564,841,natural
334126,586,determine
449368,605,deal
983091,497,learn
1045442,908,item
392961,703,half
330243,440,role
1191641,269,side
331201,457,environment
283972,253,tonight
1034999,554,understand
997362,968,third
956036,687,agree
1039460,226,not
832618,86,what
410034,39,exactly
1002171,414,behavior
626227,655,side
958174,780,cover
547419,400,particularly
957310,733,rise
1032836,415,peace
670545,781,mouth
502255,130,learn
1033539,139,out
996998,38,arrive
1264753,752,option
932266,114,build
479087,233,trip
516959,450,upon
1050606,189,president
589080,322,own
396577,702,prepare
444899,528,policy
1188728,162,truth
1092780,261,stock
747674,21,street
735693,423,stand
727097,605,foot
856557,550,allow
899928,242,water
279053,959,person
572179,943,blood
647635,824,respond
311215,125,vote
1061004,890,across
976330,72,affect
1093842,651,site
284490,116,cause
1052800,600,scene
707402,352,analysis
615840,373,reduce
1275505,413,officer
362556,747,night
1013074,665,society
712040,61,white
881960,665,course
309004,590,not
954669,320,spring
881342,820,then
840268,738,though
1028429,598,share
431293,779,especially
406461,251,responsibility
522582,408,business
689904,112,wait
1278701,679,for
345397,760,soldier
921821,317,also
1232658,830,ok
463578,714,next
654648,662,forget
865735,935,right
628310,184,project
303146,501,call
665058,666,star
333813,916,degree
1231783,879,approach
487119,153,audience
875909,850,admit
769386,84,card
1156542,165,range
758867,815,skin
614111,426,together
955152,1,list
1018777,261,moment
945927,824,break
425321,120,age
939049,669,these
708379,271,other
1018300,320,baby
1180489,564,then
931053,661,thing
625477,74,foreign
1266006,934,strategy
1098804,657,similar
952476,387,than
792173,620,card
1281765,681,sport
935851,564,but
737914,335,figure
1311111,45,realize
555022,43,data
896219,624,draw
624912,602,scene
868273,411,learn
554299,643,cause
904397,632,scene
684118,523,specific
1287078,641,middle
302039,893,suddenly
824477,968,include
1104615,112,hear
883951,409,sign
1214901,103,and
578310,957,focus
795061,572,peace
1271417,6,way
760079,282,authority
775172,561,through
1205332,677,occur
1130932,829,kind
696767,512,support
747517,25,around
435046,819,step
365444,595,another
494272,656,radio
1160523,542,little
880904,905,what
509908,72,deep
907834,39,discover
481249,337,gas
1304342,435,development
675621,697,social
348488,998,our
879725,673,kid
491826,185,dream
970530,463,world
1227577,12,church
582651,187,early
1087257,341,allow
1014995,247,ok
614535,642,activity
1212089,40,it
289270,380,new
716509,623,couple
1134149,73,continue
624823,290,alone
327546,884,message
427476,422,offer
1108520,567,hit
1188639,491,box
1224236,320,might
522086,833,western
999648,706,choice
882675,878,painting
350550,895,both
1196721,974,this
779886,375,blood
607585,391,charge
1281635,320,media
700947,904,production
1139513,305,produce
1204975,184,draw
717497,302,degree
1103364,452,director
673905,877,environmental
510606,810,feel
1206348,814,my
1160719,53,city
846888,372,new
514882,156,individual
1308758,834,growth
363286,400,national
510309,974,else
391781,986,mission
1249640,50,attention
391099,542,finish
680934,417,all
285799,216,man
1274408,403,play
773215,721,agent
637785,648,project
1146353,557,firm
1121812,510,choose
1249719,600,too
1291849,729,know
1206224,78,democratic
1053178,580,thank
410143,299,less
743753,543,myself
683512,776,budget
975783,447,hope
915804,953,fact
814905,455,environmental
1095294,748,ever
1221263,37,your
1217941,555,research
290011,788,could
1019458,24,sense
503310,57,for
1305103,116,despite
392860,927,how
1026467,549,mission
603033,107,board
297849,188,increase
1243922,108,perform
864514,97,why
478503,699,rich
528981,595,charge
881997,86,remain
1300490,199,painting
990014,272,skin
334785,803,attention
545635,448,father
1114412,457,real
516674,747,perform
655962,171,manager
565580,326,culture
478077,590,trial
891805,65,center
771668,60,seek
790158,688,discuss
597263,397,past
643319,156,cold
571738,906,so
871896,797,collection
708799,698,right
608194,761,entire
566240,102,figure
1257468,331,than
284490,868,common
1279698,293,next
731196,142,according
390038,185,thought
983868,942,window
1291893,245,call
1181770,899,same
709565,588,popular
708334,255,improve
630797,29,five
728248,374,century
385664,156,well
449324,207,land
1056275,552,thus
897572,725,before
1056488,158,attorney
363756,201,purpose
315650,527,gun
915953,735,artist
1228687,502,employee
824582,188,build
752119,223,local
521257,982,while
580309,342,friend
1246633,260,right
759869,777,production
333189,68,land
828539,463,our
740997,692,pay
1215503,702,president
1242576,861,standard
404960,316,top
915645,484,house
667327,239,there
717440,135,company
844777,398,outside
1077875,307,police
764502,261,face
1295230,535,into
1036589,868,tax
874096,277,after
373744,612,condition
691285,379,cell
613260,513,well
1075994,229,pattern
915992,181,person
331955,811,future
1277635,388,table
294163,610,million
1037953,187,compare
484174,153,quality
642833,459,sense
586514,234,property
1307434,831,almost
1222169,949,material
575662,690,surface
934615,718,network
548180,286,image
513383,19,explain
482649,375,model
1292032,763,management
1260111,643,professional
1158623,50,call
1303539,60,happy
595337,647,end
655224,826,wrong
1100022,705,generation
956123,721,stock
656067,167,Democrat
1016771,638,environmental
423144,575,card
323555,743,middle
963524,960,enter
738495,742,no
1119763,254,home
941137,83,today
1081056,344,gas
533791,219,assume
647311,339,sound
479793,473,use
975847,804,without
289308,766,yard
1140813,766,point
348714,577,nor
738059,474,wait
478293,98,audience
835933,344,son
850516,395,where
700796,401,floor
1271605,995,many
687866,993,participant
1250357,421,sister
480240,861,visit
1018675,117,prevent
536627,37,movement
946461,149,everybody
458248,468,serve
1174178,888,whom
355973,792,game
1067313,132,car
735939,429,fine
588789,700,serious
724022,905,sure
853561,525,price
800066,904,standard
321748,255,partner
892465,987,radio
475398,420,issue
427474,680,without
1193318,279,exist
667688,962,thus
397824,325,popular
1227907,251,sister
667875,849,budget
434167,132,free
1298767,1000,probably
890676,824,available
804530,260,truth
795444,886,drive
585584,267,question
336957,304,serious
1069990,273,development
1166066,784,side
987179,394,available
621449,976,natural
558479,839,bar
748493,802,first
1274504,624,peace
1158493,790,summer
732095,276,stop
1102568,46,sing
556401,748,great
857673,163,music
435562,146,trip
1303358,451,young
369318,371,generation
1293023,334,thus
377959,821,effect
1214952,505,series
853018,577,south
1074989,44,clear
512382,207,color
302322,97,food
1108131,193,offer
1243915,288,sort
316854,233,knowledge
309421,729,entire
1224829,135,conference
615610,930,role
790893,719,relate
1008060,848,item
671789,791,painting
555484,580,state
1083777,891,once
377515,567,the
493348,721,assume
1195206,15,blue
935006,665,data
532283,488,day
1042082,102,teacher
473871,750,truth
1229380,83,size
1130815,871,land
807127,41,control
548602,32,thing
864615,27,position
974308,609,easy
905407,25,common
913701,374,start
960336,144,social
560533,223,probably
1128027,588,late
440821,74,lay
1236038,6,game
630548,922,successful
990427,982,receive
642484,108,without
622953,692,we
508278,87,attorney
928799,176,sense
647817,321,decade
419275,414,yourself
765757,741,cut
1127529,665,no
1093759,625,you
294493,250,current
960444,62,summer
1208767,753,place
649153,200,baby
479026,41,factor
319059,584,manager
1047074,357,Mr
1093149,529,theory
886898,463,responsibility
656477,590,stock
501668,253,black
340549,788,environmental
704624,373,worker
507473,312,nor
1090119,916,realize
796015,350,significant
1104574,141,much
473428,449,figure
597055,2,dog
745119,609,thus
592470,170,organization
438692,304,surface
472825,762,popular
475401,222,himself
904870,161,decide
1251546,288,court
974927,484,with
649302,918,day
795770,851,make
745241,280,control
1117979,940,provide
848743,550,business
1058244,494,example
590475,436,nothing
646231,410,become
402076,5,would
489247,517,hit
661113,192,foreign
1158115,547,account
1265335,729,day
366769,752,hospital
891730,943,condition
806351,731,our
456645,443,class
1071358,363,music
907871,977,will
594413,883,character
468022,447,likely
533918,634,who
480826,731,home
302663,326,tree
571691,943,part
345434,359,car
1298931,130,seat
360102,40,available
578412,448,newspaper
719414,307,visit
311188,861,can
493706,630,actually
438987,965,improve
613003,94,I
307105,842,your
820725,648,rather
1291702,65,carry
352622,720,current
546156,730,speak
1011956,997,center
1180158,499,size
309158,859,cause
1256149,504,whose
861232,941,series
1311666,965,have
601102,810,ready
964735,686,rather
456084,803,shoulder
552921,391,television
609400,333,hard
439275,323,election
489413,724,decade
658416,209,cause
947728,959,however
525828,312,during
937227,902,us
613508,724,walk
621183,750,window
428557,404,the
448557,122,report
525694,392,responsibility
613573,507,little
865158,867,everybody
1081203,678,term
1240597,556,prepare
585676,389,tax
564473,810,trouble
1286075,564,public
655829,244,mind
979366,189,individual
616301,867,man
608936,415,describe
1117648,302,yeah
479544,969,establish
1285788,623,discussion
513044,138,region
526423,813,method
618574,41,air
1172018,218,he
735331,860,wrong
467958,569,happen
559921,95,PM
741137,21,phone
762277,581,black
463785,229,interesting
1141761,93,care
515094,467,throughout
1196605,679,TV
1154865,801,remain
779209,708,right
712361,966,although
344590,401,wide
564166,142,just
1038123,181,visit
1227618,514,treat
589595,192,recognize
512822,730,data
532147,203,public
1149117,234,land
1029215,425,down
728741,740,above
746682,571,site
1247936,828,road
923493,659,possible
593570,243,pay
1011101,630,sometimes
704427,87,lead
1119857,717,tough
608982,619,control
860525,82,heart
898177,429,agent
955469,809,interest
1181250,535,now
846716,135,language
698518,478,behind
475113,426,accept
945178,124,per
766633,273,by
972236,376,could
1293142,816,want
1050962,968,physical
935480,255,manage
868343,11,important
1192317,837,always
937487,474,couple
767280,988,plan
898229,204,wall
849450,939,production
367068,787,cultural
443355,186,score
897646,910,situation
1101730,627,simply
670528,435,successful
369332,563,hard
431771,17,nothing
778430,237,north
323432,135,try
899548,786,choose
1016637,941,impact
411586,468,affect
1244044,264,hard
1239162,977,success
314608,4,throw
548741,274,score
879854,89,well
495229,256,music
654192,711,debate
501419,267,relationship
302011,447,finally
819573,919,picture
740095,647,outside
665003,311,field
648504,277,final
1171059,660,collection
463651,312,plant
323395,137,task
1047652,991,majority
402326,799,simply
1190908,483,hot
710723,385,resource
1186121,518,rate
969810,809,goal
754990,724,report
302789,68,heavy
1107558,558,hair
1195822,434,successful
692022,862,have
304227,377,writer
367509,606,fire
819913,585,minute
361049,616,compare
695729,82,continue
291986,49,lay
833197,862,year
1058190,693,hospital
532552,588,subject
571976,102,paper
621837,371,miss
1005685,712,where
561950,765,you
1042148,933,help
1304554,836,meet
549031,147,board
896721,285,participant
299958,122,these
959779,157,name
862887,898,society
300239,914,surface
643018,532,per
480569,457,hundred
1056605,909,true
565224,146,be
606648,126,gun
713869,400,west
1037511,154,little
1177647,432,if
854629,452,of
567062,770,fast
434116,631,from
1030248,285,wife
291628,637,himself
495610,758,mother
819034,556,floor
351986,626,question
1181354,183,discover
1125237,314,dark
399772,908,window
885218,44,involve
385955,228,information
305324,812,pressure
613360,165,key
620682,449,money
398820,928,lawyer
980284,304,simply
447211,65,notice
535475,258,realize
1256426,250,course
885038,624,read
766606,83,present
1013504,553,anyone
789420,283,art
1304680,333,now
936436,79,past
1254824,402,example
375036,976,coach
1285137,716,better
1045336,131,better
501895,43,billion
1245139,153,through
305767,510,red
1296600,89,somebody
959842,40,not
512776,97,sea
1297399,339,high
660575,609,rest
550269,719,avoid
1174077,692,glass
739314,217,though
895538,35,current
317060,121,cold
767802,554,thought
718126,250,back
801406,254,choose
773103,23,support
1308323,735,cold
1223472,883,now
1267488,706,plan
836110,669,blue
499270,874,war
1182829,780,strategy
1058943,198,his
364230,133,himself
452734,182,chair
562165,167,approach
734335,672,player
741635,891,during
652592,980,investment
351022,584,single
1035598,479,move
559719,890,service
1243639,896,get
569185,648,trade
744282,134,understand
1047255,578,reality
307185,150,hair
1021346,619,name
344634,940,who
1276157,358,eye
1214200,66,old
598888,3,read
808353,468,food
649210,201,budget
1113299,250,trial
1123069,549,large
733231,313,section
345630,574,gas
913426,359,arrive
941732,183,start
886099,605,what
314442,49,marriage
1260106,164,itself
399294,303,yes
867201,851,two
1078410,502,cup
1153220,43,house
582461,780,popular
672454,566,red
293680,472,century
1293230,827,no
553889,807,major
422189,727,when
320968,850,religious
1176757,246,them
1099685,34,along
395836,354,draw
462960,281,bill
795753,263,present
832248,237,here
726799,742,father
803940,617,smile
321326,614,amount
429362,58,answer
371447,533,director
1036137,993,hear
660935,456,ground
581350,559,get
823449,92,candidate
1275888,121,high
1157781,361,full
923103,227,also
1109339,879,or
290326,457,message
351905,471,you
1130807,455,sign
470114,741,inside
710921,102,its
1269204,824,because
558434,509,side
550288,896,yourself
747428,966,fall
871479,726,class
781209,366,control
1200787,600,open
866780,669,bed
702258,960,tough
292056,450,open
478112,245,although
780054,615,best
1027924,706,wind
414639,682,own
800045,128,rather
295257,15,world
478782,564,memory
819167,858,television
1093849,661,body
1223519,817,wonder
1237847,214,task
1017017,807,would
880978,763,policy
727211,960,off
1125155,428,about
1115727,92,today
522930,935,politics
896753,257,two
335521,367,after
965902,698,various
1071699,546,particularly
410791,189,budget
640536,255,whole
1193230,267,organization
600775,875,into
1009324,480,approach
670961,47,economy
393333,456,style
351830,785,since
898849,848,energy
726131,162,former
318093,137,enough
1123572,334,result
1175949,132,nation
1188478,39,list
596080,112,bring
441356,212,begin
672191,975,partner
347025,577,piece
410223,729,way
1160229,394,among
1114315,357,organization
902826,205,actually
531514,365,production
927849,63,light
1024721,597,offer
534156,872,on
801304,791,main
323156,742,court
806985,424,allow
498603,292,without
891937,876,without
936582,383,wonder
487923,276,exactly
499372,396,Mrs
983825,10,west
728590,893,responsibility
628086,631,marriage
1144456,690,already
1011264,377,alone
1112704,662,support
1289068,121,try
932353,623,since
1005732,222,clear
562716,77,sell
609943,495,some
982590,790,listen
519074,798,another
283508,545,idea
1129938,167,around
475661,726,join
374745,594,firm
377482,979,alone
368790,313,give
1189054,221,both
855220,99,world
1120160,445,light
819427,442,minute
1298813,373,hospital
614904,973,life
530920,713,reduce
921135,196,quickly
750476,989,around
736913,987,white
876209,242,mission
1080338,210,gun
466825,520,energy
1255071,988,think
1018720,888,town
365196,286,next
535567,502,this
1257912,936,general
1108904,506,then
320478,147,also
852955,705,trade
1122161,819,leg
1143585,904,program
912333,993,a
1141163,109,author
1272537,322,pull
1013184,532,himself
724179,395,value
648837,782,important
1284777,372,effort
373238,802,if
511451,874,draw
759271,202,single
295177,823,which
515207,283,radio
996070,173,write
638100,676,organization
1149944,683,lay
488868,107,soldier
1117187,522,important
666702,817,national
677276,797,writer
1112162,401,phone
806988,46,lay
1197725,428,degree
609506,657,performance
1303346,510,pattern
846360,131,sound
670455,760,relationship
577072,441,record
597812,696,environmental
933604,325,professional
681882,236,style
632357,299,light
812809,561,head
400294,1000,hit
635992,629,program
1050040,999,page
691635,578,to
1199167,183,throughout
654659,712,personal
453758,957,note
527927,135,build
366874,32,instead
830534,754,training
1251701,779,build
468346,771,crime
607896,500,painting
1201379,10,according
411345,598,international
1192866,434,report
434190,215,simply
596262,70,theory
608901,280,civil
368388,421,and
630870,741,government
466718,363,simply
577449,625,once
405176,374,human
450392,613,explain
1304073,633,go
901950,100,produce
722538,453,cup
1055487,860,food
600009,100,notice
865116,696,election
782022,889,medical
787565,773,system
1131717,7,since
758717,11,hand
703861,34,read
320540,685,east
1012603,644,notice
495559,495,few
1148021,30,break
638900,733,carry
1091182,297,community
363877,307,worry
308366,366,visit
458003,925,else
348600,886,significant
461074,245,the
441103,203,pressure
456538,294,total
857592,101,return
1311218,72,usually
592015,229,letter
1141014,250,step
1191348,506,itself
1123584,485,husband
1246393,32,contain
1064409,363,interest
1034246,308,after
883109,97,must
396746,686,middle
363846,781,Congress
940941,748,movie
303061,473,wish
1268860,188,compare
1044192,781,political
671214,728,in
1133140,742,could
738259,579,consumer
549510,928,write
1023334,413,college
1016137,105,even
621806,815,wait
1146511,625,church
812469,530,health
700890,3,prepare
412486,107,once
546952,349,discuss
999985,107,international
740432,146,through
363874,60,yeah
638048,202,Congress
1254505,270,Democrat
811924,903,which
350126,418,member
1205417,108,director
1093650,980,go
411014,779,deal
1245022,37,much
1143522,366,student
711156,781,big
1103700,942,poor
1169150,591,black
727648,718,water
366707,369,available
1092611,93,often
1266426,318,write
1287818,808,knowledge
1295872,817,glass
820336,634,very
786208,422,in
602502,898,trip
1053555,526,film
538972,59,material
295214,897,write
489603,257,certain
478830,50,myself
651478,978,evidence
957916,924,even
464864,594,treatment
957069,164,just
541087,998,front
866570,916,cut
733520,995,black
299329,535,second
818106,964,like
1033947,268,sell
458907,61,certainly
971503,420,wait
1212901,493,together
620680,451,traditional
1215307,697,yeah
1148142,246,move
304453,331,up
561025,474,maybe
1227139,402,alone
861183,817,case
604932,426,small
1011488,869,understand
291674,976,determine
510662,302,similar
950581,52,structure
1273843,883,by
401049,926,summer
585877,684,author
649367,627,allow
1124009,852,heavy
1212549,33,window
1000337,949,stock
666718,558,improve
1268251,289,mother
1200140,113,strategy
1009810,526,your
1024830,480,piece
942332,533,off
983960,933,arm
973267,978,way
763003,874,measure
484538,718,scientist
416094,289,spring
353217,188,usually
552667,715,guy
792122,866,great
1109412,847,read
1305081,786,decide
1048689,17,debate
519762,109,institution
692606,270,employee
1232074,6,fight
317453,662,hotel
1099174,212,treatment
1153162,520,skill
985535,451,name
1163949,38,decision
296227,469,outside
1301161,765,minute
1302710,455,loss
630429,947,thought
566473,7,across
567708,7,research
702781,457,safe
1150936,583,crime
886886,520,serve
604094,461,worry
851248,487,go
1290402,120,light
1104428,706,feeling
1240379,869,water
437381,312,of
823515,621,situation
334875,425,suffer
610478,602,face
1084787,49,operation
1228952,912,school
317056,262,class
1208321,708,beyond
346370,77,in
393015,750,class
600993,600,skin
549073,643,style
586212,40,phone
824047,543,little
783394,894,newspaper
290636,350,history
328287,393,line
673854,589,course
574112,278,floor
503436,478,often
556678,954,age
1205339,683,room
1076071,718,international
614267,82,wear
1238492,990,until
630530,841,fly
484369,241,husband
655953,116,pass
332694,608,particular
417719,661,whom
1217887,48,necessary
1175371,907,beautiful
460109,200,by
883920,535,happy
582898,939,else
441424,853,yet
1261817,710,court
1180991,500,plant
801276,400,investment
1060499,592,finally
361277,300,cold
1096265,642,member
1171647,889,us
919546,611,image
325714,995,central
626882,705,task
1051399,804,media
834247,635,whole
1230631,488,big
1230170,708,bag
879917,429,month
960557,590,doctor
1106429,267,loss
466711,146,society
1252651,562,tough
532425,59,make
1223465,767,party
501940,3,money
1240287,198,month
1085077,159,message
526127,505,seem
572097,693,cover
455218,91,crime
360028,540,finally
339736,195,management
316717,983,material
1089200,729,PM
676547,724,opportunity
623062,209,kitchen
600695,140,leave
1153873,427,measure
352151,787,red
1074609,694,movement
327457,110,where
653096,734,democratic
1079909,96,win
1090308,749,news
378176,600,believe
346000,504,degree
1266866,842,man
1226465,990,form
912530,709,radio
330657,411,him
1117024,985,many
372540,408,success
1068923,56,some
649463,33,weight
496836,959,her
593846,632,sister
422637,625,certain
901859,192,exist
284691,927,another
1153999,647,image
632997,744,employee
527221,218,suggest
695846,679,vote
817727,748,role
319650,157,career
661111,359,recently
366725,599,executive
847042,620,analysis
985378,685,ability
1000372,83,list
1176197,324,price
494910,726,writer
352610,670,education
306425,293,different
1061899,291,husband
382058,497,operation
930419,291,make
309100,456,tell
310911,442,care
550282,551,say
402860,592,ever
1061103,1,each
622432,133,fast
368992,707,and
1312942,574,Republican
786548,551,meet
1230996,316,subject
405812,625,other
1085475,79,into
775742,835,design
1287187,523,hot
498751,507,beautiful
1241949,856,might
678412,486,stock
930586,380,nation
1203531,960,production
294149,9,detail
1021874,5,up
446304,938,successful
1189267,165,feel
624589,417,later
1287103,357,interesting
365069,855,professor
1078571,575,evening
951805,890,trip
1128763,554,play
460038,568,degree
1292947,755,issue
494133,433,professor
990066,549,force
776790,534,participant
311573,340,natural
660168,602,participant
912740,556,even
317593,632,drive
292502,197,take
1126644,399,beyond
687885,293,over
621593,717,too
1011525,253,information
980562,908,yeah
796431,333,onto
941839,648,entire
1029372,957,receive
1064169,467,current
1235648,664,husband
408575,636,subject
494958,413,develop
810587,13,artist
446453,82,choice
901841,154,mother
481240,851,threat
919191,683,fear
280473,811,many
1116392,870,treat
294376,920,pattern
795370,993,south
1228092,79,strategy
1306923,965,too
1112563,374,decade
634350,678,mission
414774,90,expect
1149769,670,bank
1032562,664,store
1214875,444,draw
957915,549,program
1295092,428,hand
979112,510,option
1076301,870,role
1235012,880,rate
1171184,993,order
1082796,238,contain
1183974,852,heart
919682,959,think
408991,189,forward
1076310,599,concern
656080,586,writer
560951,379,size
822426,576,actually
326856,260,girl
1252507,481,box
598018,939,source
672653,456,today
702483,78,lead
579589,670,mind
597899,276,while
761493,319,maintain
1251456,94,special
841056,391,father
1109870,692,else
591549,318,agency
583681,148,bar
1231274,246,only
1261592,395,fish
912478,767,conference
977826,507,stand
414363,79,last
1074958,34,social
447918,208,low
731320,625,serious
328931,901,hold
596097,600,law
1169756,542,rise
1230216,263,real
853869,306,sell
980427,692,hair
378262,758,small
588313,511,particular
519719,828,traditional
1271801,493,could
1283619,377,myself
778957,457,list
375138,470,third
665060,815,your
670896,701,language
621115,522,need
787384,743,reflect
909279,357,half
746347,383,between
665678,222,walk
1032702,407,staff
567445,548,modern
1117965,309,generation
704469,224,include
336951,875,build
319509,291,line
1165449,484,movement
1105463,727,eye
652666,931,wide
1183697,47,tell
953809,650,human
1160827,291,reason
1166273,961,film
449639,15,list
1254598,506,let
332281,111,address
1299727,264,cup
524541,813,dream
1018735,921,up
491688,566,hot
570965,484,authority
853065,590,great
970461,844,produce
441303,898,still
1142010,573,term
743232,967,operation
1293088,469,sea
893777,9,approach
639643,378,fall
963991,104,score
771732,816,attorney
1310696,109,election
659357,235,grow
1292443,746,could
1180268,974,thought
281318,806,win
592421,143,it
1013056,730,if
908335,733,religious
386288,15,available
1096835,276,around
1167981,137,nature
646176,726,particularly
647894,365,exist
1194929,739,democratic
597514,901,professor
595557,698,look
1224714,520,tend
1221146,837,family
985029,488,create
919487,987,network
649612,157,read
859032,258,young
771196,202,recognize
1043989,824,throw
389940,122,throw
796643,549,actually
939379,232,apply
323866,774,early
674608,154,after
656972,256,international
286795,252,drop
418363,257,conference
975914,648,believe
594802,137,address
1108216,448,gas
1246645,919,become
545136,709,add
404847,59,soon
491788,430,identify
797904,362,pay
751830,615,ever
1100007,212,decision
530990,275,month
1302098,506,baby
602718,821,magazine
390154,289,throw
915443,181,move
1023297,205,pattern
902420,784,note
1263793,735,short
832308,409,free
604085,395,outside
366900,13,science
885230,751,region
572853,950,glass
1186228,713,tell
1054976,99,performance
1070843,382,focus
1181185,953,chance
445963,377,memory
803147,479,possible
340171,344,remember
712191,250,realize
562094,736,interview
814158,513,ok
1215684,875,bit
1085778,741,recently
476829,217,whom
573390,317,art
999077,480,room
1181567,316,manager
373725,916,blue
1058251,777,fire
1070322,856,go
1285339,947,next
1015426,495,responsibility
358079,315,without
1110312,800,choose
285530,437,pick
770672,18,professor
416545,992,would
715034,95,stay
818245,755,including
463577,101,our
789359,929,open
344286,620,responsibility
450307,356,share
742547,315,crime
412105,319,PM
912358,578,could
475963,629,PM
1299697,102,mouth
373705,303,eight
715254,660,carry
647870,397,might
795317,720,adult
947835,419,early
906591,34,fly
1180878,670,with
389652,457,improve
780424,763,show
630299,857,political
496991,803,wind
1246108,405,quickly
1221342,728,success
719596,113,name
602190,432,wear
381984,582,blue
312844,148,this
505523,40,occur
868682,715,rate
796703,561,rule
1004708,326,detail
1312430,136,market
712682,211,five
1164689,120,sister
411675,533,adult
356398,386,against
297805,824,agreement
1002962,362,vote
977681,598,include
339387,824,growth
428382,332,board
610775,948,would
458297,223,watch
710829,731,field
360935,969,exist
983353,66,trouble
427127,157,less
1055948,216,government
428964,321,head
1082089,862,morning
879285,124,appear
473044,832,hand
970631,799,subject
286403,151,catch
807492,424,place
870965,325,hard
779055,951,change
1168181,749,rich
647039,52,according
424303,333,will
987282,96,senior
900038,624,yourself
466374,799,stock
646121,802,keep
594140,794,movement
1263622,368,medical
667262,975,these
519383,716,simple
1019916,788,assume
501214,183,consumer
602366,102,director
400739,584,sport
1120986,66,sound
961853,518,although
603371,40,laugh
858466,569,our
568898,458,feeling
682489,988,fast
498380,931,raise
1231156,957,kitchen
1170213,257,population
502190,752,before
1030669,765,capital
449988,522,can
385788,16,executive
1289448,466,campaign
492758,249,just
1080390,281,on
343329,161,let
1092985,671,speak
410666,806,seven
1277267,640,learn
535804,842,successful
737622,937,sometimes
1175139,219,someone
1117848,93,special
382934,318,center
524841,160,girl
1299755,902,human
606532,76,building
823848,306,character
1120638,240,chair
1272725,560,better
1121770,191,coach
907815,390,event
1063626,891,every
375787,182,usually
504868,126,require
1308834,585,visit
484021,257,smile
629648,89,free
515786,442,significant
583243,227,account
1124176,673,mouth
451987,452,ok
458943,16,summer
775463,267,particular
1130785,601,great
666770,644,both
1192364,9,other
399129,662,common
1015350,382,four
576160,89,over
471819,655,thought
1314906,772,science
1246222,834,rise
638561,78,star
1129164,782,with
770092,374,word
1313162,911,guess
638671,615,few
777239,556,social
452465,314,process
620709,488,become
1313012,163,best
1256510,452,her
429050,262,like
1058094,418,quickly
1072474,817,poor
845174,114,newspaper
1132022,249,artist
762409,590,expect
715762,201,painting
565261,940,yourself
981044,117,admit
348789,598,project
999506,796,able
321653,549,material
1094815,88,family
832885,975,fund
590753,145,almost
296559,219,young
536909,537,lot
854873,638,war
609817,956,true
369283,134,center
386418,758,nearly
520643,589,anything
1100953,865,take
922224,229,political
759003,307,nation
418972,217,hold
328750,327,three
857874,428,us
492393,954,high
921981,521,her
1176620,998,authority
1072116,517,rule
651950,380,soon
519661,120,soldier
1186448,238,yourself
1049168,473,to
1252760,443,seek
968523,388,allow
506539,192,letter
1038661,71,man
460537,956,soldier
622125,211,consumer
978505,527,set
1034078,356,whatever
438886,589,call
1205613,526,behavior
365839,193,rather
1209157,297,opportunity
286565,923,different
1137447,499,have
937454,907,task
1240070,731,employee
899479,761,local
304968,172,truth
428697,5,listen
1158639,422,more
888971,899,white
427763,789,budget
867934,36,especially
453081,301,item
906754,90,executive
983059,467,no
522320,777,quite
704606,675,owner
707779,87,partner
703801,285,unit
1093870,337,wonder
912349,113,its
584455,376,once
628541,538,already
841722,571,buy
526278,630,mention
894313,631,human
714373,750,sea
287027,164,very
543157,833,possible
862753,7,involve
880852,132,generation
838799,119,management
836670,7,suffer
572335,439,series
1090468,404,camera
1166552,675,imagine
479386,670,tax
756433,149,culture
851510,168,save
676610,120,yeah
757081,231,week
909436,261,people
1256271,963,arrive
1091907,109,politics
419790,376,personal
1240708,138,wife
447069,238,increase
296666,595,air
1312660,550,sort
915040,327,increase
366655,976,reach
335414,826,others
571931,148,once
606197,491,performance
1122383,897,it
1027605,251,partner
479700,643,blood
671347,668,energy
367027,788,recent
720773,164,five
499277,100,assume
1021464,62,lose
798740,44,issue
1100482,366,lead
986374,931,seem
552086,85,near
281475,350,management
1312030,49,herself
465632,162,everybody
877026,595,price
1311024,963,big
951763,286,suffer
756457,221,nor
339778,219,size
738321,607,commercial
756896,507,would
373453,941,west
669517,543,authority
854568,379,course
730132,222,reason
427945,615,simple
407610,823,my
930424,339,baby
941910,879,and
534394,196,begin
355226,439,price
679613,57,eye
1275876,67,hard
620848,364,loss
716514,661,word
449662,236,writer
659659,4,sense
485975,256,among
1096358,563,together
641311,784,east
612499,133,share
1250941,140,purpose
542266,494,could
1209560,182,development
875315,473,this
391842,662,identify
879657,413,program
1145634,397,step
1194450,997,fill
430680,119,nearly
1229543,566,machine
945902,390,only
413542,646,area
769450,385,sure
315492,997,building
399044,10,blood
354829,938,available
1105293,81,throughout
1116824,334,affect
728195,942,every
371994,338,door
711562,156,all
426083,802,national
682539,241,become
1000122,36,trial
1079657,503,prevent
893825,203,leg
575884,268,simple
333106,264,agent
1104137,951,effort
1008735,740,research
842272,406,sense
480555,211,PM
710461,384,somebody
820949,668,picture
757371,776,nation
1015172,8,view
1002120,883,war
836117,331,miss
1184644,754,run
859132,740,wear
696460,236,student
1080762,771,art
521453,809,current
632374,725,he
1187763,795,evening
1315515,365,happy
1258143,379,skill
1229056,229,reflect
797470,175,garden
615638,415,size
550876,878,design
816191,159,behind
694222,339,learn
1174988,404,development
1117774,360,exactly
562023,157,institution
528205,2,fire
831309,603,gas
1036235,30,fact
431786,596,community
490594,334,yeah
983850,959,range
298133,457,safe
762863,973,prepare
859669,650,how
541928,906,ok
904452,232,laugh
356070,108,strategy
939023,996,arrive
599682,629,administration
725597,466,artist
1082916,65,business
982084,254,responsibility
681559,889,strong
1025312,516,executive
779688,112,carry
715808,994,apply
663711,912,less
690624,163,air
335375,935,range
659677,963,bill
1110115,214,happy
586411,112,test
573589,221,body
601971,56,easy
333425,327,lawyer
278649,521,boy
837474,569,term
1066352,152,sell
1060973,557,before
1313552,825,discuss
671171,864,among
513843,672,current
532238,870,hope
745206,902,probably
1069794,268,prepare
1272781,347,that
801785,529,night
373955,324,maintain
1078442,512,director
324625,765,evening
787703,972,girl
454591,142,when
1026167,417,rock
487325,735,million
731503,410,drop
496294,849,gas
880175,348,experience
1127645,302,full
348029,434,option
371653,238,read
1292148,724,capital
578699,921,career
901807,49,as
1292823,747,manager
494342,59,control
1102429,903,herself
1174617,316,food
1284062,514,difficult
434538,800,think
1276780,135,mention
1089063,964,series
284413,897,add
337531,223,admit
760283,210,before
795970,509,continue
1178526,38,just
996282,280,perhaps
711574,226,carry
665840,748,modern
1187035,419,oil
1049675,859,machine
395888,412,quickly
839183,23,sea
1287700,240,us
782901,953,person
351150,525,trial
556948,841,give
280639,228,member
1171986,633,test
1001192,269,both
672094,625,often
359883,639,matter
1216761,653,cell
640756,349,actually
457369,599,fact
801143,787,prevent
281659,305,organization
908884,536,authority
597502,63,room
914353,974,yard
369425,660,base
1039985,336,degree
367550,807,where
1077030,150,soldier
344460,614,democratic
617016,623,push
458583,584,girl
1313799,95,onto
430456,374,wife
977153,609,president
1120575,799,citizen
1173335,981,capital
592914,193,peace
694807,970,American
717338,280,PM
1262126,458,join
368251,835,six
575465,87,lot
1140690,740,main
1130290,708,weight
901391,355,community
971751,595,camera
539499,911,small
1020802,252,different
629721,127,rock
1080254,622,between
1285051,369,defense
621014,671,develop
1032636,729,avoid
301256,502,central
1244683,445,clearly
411826,125,civil
1208291,167,throughout
1077959,476,concern
907796,542,science
580302,168,contain
511815,120,entire
356136,983,seem
911725,882,onto
908805,877,name
416136,396,beyond
1282520,193,stock
1260416,914,culture
1227765,782,away
767578,100,suggest
1007005,17,finish
944495,358,personal
663350,577,raise
407171,554,safe
350180,373,floor
481650,173,happen
950486,48,present
814414,1000,remain
872583,110,police
1241339,134,industry
859698,328,consumer
555577,576,agree
1061818,890,half
997701,572,care
493127,255,ever
877380,697,read
417136,206,box
770458,471,sign
1149358,937,practice
1054740,485,ago
748261,998,thank
666772,441,change
606240,634,walk
896355,86,once
1137794,135,key
525261,512,hope
1276502,756,professional
673903,456,follow
656935,905,debate
1246340,27,station
486765,574,other
631069,92,month
486541,716,enjoy
307956,695,article
537164,238,quickly
756420,700,well
280739,539,single
1145661,974,next
983065,391,game
1144689,817,near
406996,254,north
504665,885,step
1235707,907,top
859807,925,one
385275,120,light
633048,414,suddenly
748745,220,hard
287282,943,treatment
384276,450,environment
1182135,150,action
1003356,443,see
719587,383,million
478783,922,community
413809,724,fast
1103740,471,over
1240958,156,say
410173,101,decision
948742,352,nature
677513,643,he
908543,352,type
1008837,111,attack
831590,698,unit
884422,915,various
439436,670,management
600203,954,who
440915,596,officer
1075097,325,me
955213,276,actually
1128402,50,site
986423,895,each
649536,818,free
1045685,107,security
324790,913,four
773393,647,bag
884832,240,avoid
853904,5,after
527392,979,travel
832290,697,worry
503522,703,specific
758740,312,yes
387543,433,feeling
303585,296,they
705393,860,drop
389922,728,unit
571886,625,full
828539,309,prove
871102,689,show
385216,746,ahead
1009429,714,response
362813,158,street
889893,99,benefit
808398,130,ball
1056462,360,they
1039825,70,someone
1293094,726,sign
1300433,265,teach
998296,588,consider
490877,413,local
604872,536,policy
338901,414,forget
981550,21,loss
1054731,576,various
316657,887,individual
620471,440,stand
291294,244,thing
1286601,669,compare
1242848,715,perform
440435,201,sea
919823,810,minute
401633,218,fast
1028702,668,federal
698855,941,reveal
1301611,262,history
1223555,276,home
822927,656,always
405187,647,pretty
893597,365,water
929609,809,wide
1303868,881,weight
1245753,589,government
471287,664,table
1238815,721,risk
1262998,694,remember
1117857,576,cold
766128,202,son
935652,297,because
487575,217,while
954971,976,should
1131580,879,sell
378551,187,question
837459,92,surface
974896,593,moment
750643,463,international
983123,831,type
1050765,143,former
472196,199,speech
966279,127,particular
759473,254,do
506799,304,husband
811868,248,firm
1197615,695,rise
828448,679,different
554175,889,than
1160948,622,treat
607317,919,particularly
304836,479,beyond
1147861,38,opportunity
926474,502,audience
718357,533,mouth
843424,605,page
540688,423,type
289016,854,respond
786584,932,large
556042,786,himself
440470,526,might
330867,908,daughter
343937,169,peace
585257,274,hard
1122002,805,test
717940,557,religious
408751,744,keep
608730,833,new
1104211,424,treat
589182,651,probably
780041,938,government
888881,410,moment
640725,411,education
848936,217,town
376393,925,record
620545,316,couple
889513,375,agency
1030840,361,ask
1026660,801,image
784751,972,involve
585548,779,green
579891,950,myself
337207,86,myself
651521,308,chair
774220,699,particular
821261,182,want
1268062,977,interview
875146,442,morning
965009,904,cup
415554,815,player
413574,706,to
359751,582,perhaps
372845,721,upon
378449,428,soldier
436975,358,enjoy
412099,678,floor
921330,671,with
508170,124,us
1149058,148,religious
1292154,694,hold
543405,178,coach
739655,137,together
738382,452,final
1235844,412,discover
518020,415,send
1132377,907,production
1135932,42,my
429835,224,once
1314595,492,day
608819,159,thank
1165073,688,claim
714515,228,knowledge
305917,7,prepare
489881,2,laugh
1138654,861,art
864255,555,media
934646,952,result
942689,931,water
939277,148,represent
486289,127,word
913642,229,television
293793,706,economic
471015,49,property
449430,943,why
1267708,240,conference
873040,624,teach
1233038,616,interesting
760537,954,mother
856948,435,animal
814468,224,year
578423,205,four
407573,90,employee
896768,685,form
741735,364,require
823652,166,network
572018,511,think
1305624,746,election
916080,108,its
1203037,438,late
417408,352,approach
867757,524,human
727164,681,reach
673812,351,which
590007,154,church
410639,797,style
349684,596,walk
531585,309,research
976947,861,quality
324207,940,security
823321,276,camera
1033898,834,performance
521244,565,majority
758144,807,policy
516990,373,represent
1028270,10,establish
1270606,136,Mrs
1195856,100,clearly
1299476,562,oil
980700,272,kind
513323,966,know
950952,494,mean
1058310,42,yourself
859150,94,still
1226856,432,window
351412,11,help
602680,524,organization
844918,870,paper
619776,301,sing
304084,739,former
1162834,332,very
760481,757,lead
421323,23,movement
672062,514,pretty
510365,725,research
821268,849,allow
954181,9,time
452407,505,here
959161,860,early
504737,76,by
749915,947,agency
740232,135,look
910200,374,peace
918481,237,image
480730,136,seek
1182346,334,key
1221585,857,after
416876,443,forward
775909,395,manager
355192,419,open
496665,266,black
1031507,725,seat
1261858,241,father
480388,510,organization
1163055,686,as
615034,497,great
1225049,499,her
396975,397,plant
1209903,898,moment
714588,693,tough
947361,375,present
930334,703,area
647191,415,face
662209,852,away
1082246,410,store
1057141,995,idea
667051,216,guess
402414,172,attention
299918,860,sign
389071,18,suddenly
635830,195,middle
1036182,562,realize
723773,765,traditional
1017280,600,itself
571684,751,wife
473185,425,follow
462685,33,own
679433,415,investment
730388,32,wind
1233972,191,treatment
371239,860,feel
1093109,609,small
1256344,826,still
942249,185,nation
312273,485,eat
683038,860,admit
740607,651,protect
362142,31,director
727641,768,throw
776753,556,often
591209,567,quality
924442,417,three
789608,293,development
445989,795,believe
1094404,742,range
561879,986,standard
784981,851,purpose
1079961,605,care
506144,432,big
819326,53,though
1269563,408,fight
902507,761,table
1014210,740,may
1255825,294,reveal
1023804,739,remember
1044035,66,your
1252272,605,early
1163689,820,control
941587,883,push
906917,231,order
923432,842,building
1247210,100,official
1066766,386,industry
721401,548,face
955346,179,difficult
501206,689,father
711766,143,least
1136093,604,enough
1232214,212,beautiful
725213,594,sometimes
1262528,375,politics
888203,970,parent
775400,293,table
1078624,749,nature
833072,59,put
700013,83,hour
310400,999,early
354573,340,in
540012,1000,plan
352784,455,question
288547,124,purpose
1058072,260,learn
1162853,954,view
1216604,370,ok
320732,479,body
544376,123,consumer
1221607,941,memory
398470,355,wait
1271159,616,million
859526,898,happen
712364,641,your
320921,582,stand
758516,598,military
1031002,244,imagine
343604,289,sense
449810,207,by
996379,269,college
552075,747,unit
428320,872,compare
1259585,87,why
531227,542,hear
831323,300,election
459610,141,once
805314,423,skin
637870,936,have
327076,507,course
887825,806,kid
1062496,87,rate
639344,450,can
389542,119,seem
722236,873,thank
473317,762,describe
947978,538,why
768154,745,thank
762893,902,owner
747825,168,rule
327166,157,a
470369,421,return
353319,579,key
709856,250,democratic
1056906,850,decision
761587,151,develop
1304737,697,others
368299,904,response
1228144,963,sort
998291,604,lose
696251,654,have
1296280,199,offer
441308,452,full
1130360,728,international
744763,331,question
1043320,753,site
1211803,497,gun
765702,920,both
1021005,710,themselves
436215,524,cover
1074821,643,practice
806493,967,part
593587,126,north
1154988,898,also
1200274,37,court
1189798,769,style
1180350,795,enough
1286547,289,half
572103,575,later
370095,839,already
862396,28,doctor
856706,516,argue
1205591,957,your
745405,841,beautiful
610966,731,strategy
1165241,92,magazine
489057,667,item
427378,413,coach
739554,763,north
450871,405,responsibility
390370,242,many
492115,606,throughout
346433,61,health
1049811,604,art
1139339,271,information
691999,354,address
1050660,103,possible
582193,275,traditional
465507,222,who
1280196,742,new
421737,133,woman
1114202,192,clearly
922911,951,station
604066,110,mother
589018,278,officer
658198,895,old
975285,908,hour
1277082,593,say
1184959,776,next
660416,438,moment
532323,559,control
594193,774,five
345924,558,green
739214,141,wear
926346,941,position
527948,902,training
328867,459,write
956377,732,protect
989147,791,huge
428539,9,push
1181792,560,least
1031668,667,pass
614418,533,some
1098011,506,activity
655524,719,behind
968499,926,particularly
359385,536,contain
985018,363,easy
434915,97,use
524773,341,sign
1262841,1,cup
884764,373,market
964202,438,Republican
1219014,905,shake
904122,381,believe
407076,410,Democrat
815288,637,show
1090290,675,decade
958803,739,account
412895,826,meet
505072,703,this
1001866,315,reason
1166118,99,century
975111,62,buy
1121681,175,pull
452808,410,federal
747520,15,someone
973533,299,week
591392,498,practice
648325,396,describe
479841,676,whether
855613,124,happy
374023,165,two
320104,396,situation
959023,596,tree
902233,935,every
594998,206,improve
391351,679,fact
403317,311,example
1212530,933,walk
361048,194,on
777355,318,politics
888470,200,audience
819391,154,line
1025214,257,painting
1159678,294,attorney
652460,285,sort
845207,397,prove
389087,215,girl
602282,783,effect
395444,270,sort
1167321,270,although
1182179,819,local
788348,128,two
773091,224,majority
810707,858,item
738479,833,section
908962,844,truth
993463,560,night
1236842,160,live
315234,191,can
1143735,998,policy
356110,374,social
284261,232,do
343554,700,fish
894142,32,meeting
315392,98,put
993074,565,leader
412641,92,grow
692705,270,year
673046,585,lay
1051300,672,quickly
324349,771,up
526224,163,level
946462,505,mouth
1207199,504,her
449971,662,either
842761,520,seven
994164,235,thus
681851,147,center
1303139,335,staff
923891,990,in
1030283,12,security
456595,296,than
444242,748,method
306722,948,table
748586,830,full
990087,935,high
633872,160,cup
1008063,8,size
1252773,185,myself
362675,803,wall
1254140,96,trouble
1038070,770,out
781173,436,century
355320,966,party
614443,656,eat
307219,829,author
394070,212,rise
1124024,720,determine
1185531,932,yet
743550,849,including
1102085,43,soldier
366547,822,foreign
430955,30,address
1195522,783,health
301834,274,each
960243,644,Mrs
869631,851,threat
651282,87,try
1132337,607,feel
1140776,980,eye
736103,582,employee
494381,84,field
381260,889,social
962140,866,station
1137497,742,school
750941,139,country
1114860,287,under
621695,6,book
470745,548,subject
614027,794,recent
808621,899,special
1284625,757,year
284555,489,too
1267068,3,thank
472624,669,huge
630057,215,always
1083349,740,all
542526,288,option
993419,736,baby
1248171,711,since
1283067,877,investment
494048,799,wait
1072788,438,ground
956408,956,age
1173138,914,arrive
1313744,642,to
869879,624,market
1200380,930,team
1141082,161,red
1275869,618,structure
803335,488,start
639407,717,picture
501678,394,sport
769918,729,daughter
1092135,186,look
857900,762,as
821125,89,anyone
1061479,663,box
291059,527,sign
554686,927,town
461553,289,usually
1246552,903,feeling
344066,949,interview
471329,984,growth
502708,162,third
379692,470,own
1105004,964,sometimes
341593,536,also
756132,354,despite
462467,443,particular
932948,249,culture
469422,269,use
1264731,440,letter
1231718,510,practice
511181,51,source
576995,411,generation
956875,277,whatever
695796,213,positive
463160,10,speech
1252954,898,performance
476218,129,how
827435,846,see
888978,617,indicate
423394,661,very
1011975,545,audience
528995,974,politics
836466,827,job
435671,211,final
952391,927,hundred
887329,685,about
1021061,689,project
469648,768,difference
830664,354,school
475494,751,us
1259022,981,police
917979,202,hospital
650709,185,little
1200812,863,political
1184920,181,relate
675033,693,southern
785190,971,create
669583,463,close
947266,630,city
624414,405,upon
542831,774,pull
354160,614,dinner
1097539,710,however
745857,276,water
1100910,620,kind
876295,507,none
825101,231,market
449010,487,step
1098052,528,mother
1231087,167,race
623710,797,her
811474,322,herself
667334,575,agree
307681,934,military
1045472,217,new
1250452,807,management
1212156,437,former
700362,221,probably
1307040,868,from
1224624,155,he
434898,402,floor
771755,871,firm
656569,390,husband
1247575,401,into
795933,170,particularly
461572,10,card
773144,365,while
547529,113,role
1053873,623,important
1273288,649,cut
339450,526,leader
761578,850,about
1205907,269,up
1031683,24,idea
962750,431,machine
787735,436,place
749972,579,assume
1268911,585,will
763444,24,court
997305,719,eight
1028498,975,see
1221275,591,during
1027415,66,build
321625,253,anything
1164960,967,despite
1173164,434,out
616050,833,unit
1301644,187,long
1010001,380,share
700920,559,industry
949008,727,prevent
634588,186,he
364820,347,best
965787,579,their
476561,788,build
911999,285,final
681270,420,without
992285,990,future
744944,821,various
1101459,287,half
1229981,304,those
915329,981,next
1082830,760,personal
594532,108,sea
1131344,538,measure
504786,757,improve
510866,513,that
950480,375,ten
966510,109,dark
492640,5,knowledge
778796,308,within
414140,471,series
658716,321,show
1205195,817,family
341108,743,green
760350,497,development
952962,310,far
1211265,266,maybe
1285062,970,five
1218149,757,bring
640082,746,political
1092828,222,anything
565944,53,spend
463344,709,we
1074632,497,whatever
484279,155,read
350860,25,financial
954547,995,computer
654985,657,thank
374887,789,discuss
859932,426,account
674608,307,several
479497,512,cut
471017,182,public
430840,92,concern
961931,921,over
874954,977,from
1118545,307,total
784658,709,single
808258,649,receive
973478,317,car
868950,537,him
882488,941,store
315274,236,test
856860,989,sometimes
1264995,224,offer
723306,637,movie
1305232,64,window
1264231,323,fast
1259603,923,upon
837207,251,throw
1110490,163,necessary
405906,465,east
1230408,426,live
1027058,59,executive
698905,78,institution
381320,566,he
832699,251,amount
502068,558,network
1031540,172,music
589445,593,as
899870,190,else
1310812,665,include
1209359,443,teach
1087663,894,by
871427,750,notice
901049,81,letter
675697,311,upon
599713,719,interesting
682816,441,environment
927193,882,catch
890589,630,or
374751,380,wonder
1018094,61,among
577736,674,trade
378581,828,baby
582433,835,none
540718,197,time
1118291,625,could
962153,82,west
551909,963,certainly
416235,987,wrong
1084438,704,debate
747131,770,company
1141892,368,standard
354311,175,exactly
936498,915,writer
983045,967,home
1255202,863,see
831300,221,clearly
449323,149,because
320550,659,stuff
658272,990,cause
681611,300,event
539611,387,edge
644553,456,drop
1300684,507,true
1204674,737,explain
1282471,280,scientist
1184084,955,receive
932914,919,ask
1184582,116,operation
1234393,836,building
1181300,102,fund
1097126,888,effect
1247915,299,even
389278,367,employee
1265045,965,front
503625,391,difficult
322135,395,unit
1008479,872,company
972928,743,spend
645494,343,trouble
746669,845,buy
714403,136,nature
807093,39,nor
336691,604,talk
1140136,921,low
316704,955,green
965329,54,unit
534042,977,amount
1132198,66,think
1075923,949,least
1035460,806,decade
421828,607,pass
403602,175,try
985717,329,whole
1008610,962,decision
291766,262,recent
317411,244,feeling
632154,370,public
893579,339,focus
920922,649,save
1257173,740,garden
872278,244,exist
765238,154,poor
311856,106,exist
516314,160,let
1202026,84,research
589830,522,eat
507962,17,major
1017732,68,card
384425,866,daughter
1080682,325,nice
985686,130,huge
578127,319,theory
467111,558,outside
972175,115,effort
873947,560,police
1182319,695,media
501002,134,realize
927928,457,tend
650590,694,institution
926699,110,now
386899,441,blood
297389,690,ball
963567,406,team
391034,756,player
848836,890,win
346055,990,purpose
598282,91,TV
1195104,332,local
641886,183,director
953603,202,party
1076497,174,mention
1095669,268,whether
827327,358,model
961252,534,laugh
720053,601,dog
864785,167,during
781279,958,event
958158,851,pretty
610997,404,society
871834,203,set
1315454,481,process
1128978,828,school
1288386,768,point
426370,847,that
837923,300,moment
300773,947,us
1079457,833,happy
1229997,556,others
639435,648,poor
977661,149,source
847817,255,traditional
365049,263,east
1090291,680,way
699824,84,store
706917,369,know
752383,884,artist
376866,604,better
972739,581,especially
925089,686,specific
312658,653,role
615519,395,against
526290,133,control
1225075,100,difference
657792,352,research
1194314,155,interesting
594677,109,interesting
807293,403,hear
1145747,232,hand
1083599,500,responsibility
1271200,629,school
817879,396,crime
1189383,4,be
1190121,310,drop
550600,363,money
1231163,347,popular
1142785,959,but
922014,152,pattern
548946,85,she
475527,911,factor
283649,505,different
894879,95,administration
1244031,519,federal
401331,340,present
950010,429,around
690069,548,community
643334,720,time
811146,119,would
631458,882,leg
736269,110,drug
339039,397,democratic
497344,334,ready
445170,44,street
734923,601,three
1095674,468,compare
514777,516,late
714350,73,report
628100,622,street
522868,192,go
349159,633,old
718037,578,help
340424,992,new
1199567,383,director
693842,954,figure
978143,716,animal
730083,558,measure
473192,514,growth
597361,299,country
914409,166,different
898501,737,open
989992,182,own
377135,352,run
925309,720,great
426819,929,bring
904820,280,always
641768,682,nature
484441,69,above
439968,153,management
512257,907,character
329255,547,good
884949,328,now
461167,922,its
718105,425,pattern
540960,319,hard
675706,711,civil
417349,320,suffer
856559,487,leg
496725,262,while
576294,717,thank
636500,120,affect
868049,604,interview
920437,660,wife
1287316,274,break
1132810,817,right
532407,332,between
661183,62,individual
493112,685,bill
1211984,169,suffer
342131,371,boy
332242,147,he
1105128,297,while
529586,347,up
1110037,329,economy
339832,181,level
779591,160,necessary
342675,867,official
1004873,21,response
700198,147,himself
811579,56,career
298649,39,we
1192781,615,college
413455,53,general
400875,466,add
577131,47,north
753978,749,animal
1067647,936,worker
1017515,626,identify
729700,85,capital
607102,407,growth
697632,479,big
857040,960,officer
426664,843,free
1219300,676,cup
1043277,519,product
911992,212,news
807953,618,series
289970,168,school
574934,821,huge
902201,737,area
943280,427,wrong
763229,978,send
827363,819,reveal
1165707,416,cup
776260,530,physical
1144600,851,save
1000494,722,sell
1269754,90,side
885387,974,notice
857273,634,page
692628,913,lay
432488,176,article
654079,763,magazine
973840,11,police
969466,163,age
1281246,20,two
454830,874,set
1030464,463,herself
1175813,900,this
1170136,681,wrong
1197559,434,budget
982411,37,charge
577018,193,wall
555300,402,fact
1196428,237,large
778644,933,education
1150626,109,woman
756931,456,after
529929,823,discussion
665301,657,benefit
654338,292,film
487531,706,themselves
1005114,492,design
486102,546,nor
1188565,299,produce
1154704,904,smile
1128716,155,fear
436692,346,close
1193654,113,machine
301347,201,manager
1126739,358,worker
461411,688,live
505939,892,among
455994,589,particularly
585724,492,school
791822,764,answer
767636,784,each
746796,481,pull
1033232,463,visit
846909,865,institution
656391,888,green
508476,962,because
928572,994,professional
815720,461,strong
1110620,600,pick
469037,406,rule
1085080,156,always
486098,766,television
478316,279,through
719947,620,near
615156,751,true
489035,874,exist
1261065,485,today
450434,478,top
748671,213,house
1159539,924,right
897679,561,way
833585,235,ball
747851,398,house
352058,651,knowledge
592648,69,nothing
932288,938,woman
804210,582,new
1057842,152,such
322775,581,fill
414824,55,laugh
335163,142,city
307883,778,room
1070329,70,myself
856474,244,middle
550209,216,quality
564154,78,term
600544,533,general
1198478,631,bag
1060676,133,cup
525959,14,idea
1112965,34,series
834775,503,after
917599,512,edge
921846,676,true
1142295,43,assume
878998,4,others
546238,163,black
650737,566,remember
639741,274,edge
1009461,86,practice
522950,34,reveal
1181013,103,instead
726653,730,boy
361974,455,sell
409441,425,population
795828,706,thousand
1053803,957,life
630626,329,oil
526944,371,since
793522,53,very
924395,714,range
796480,334,view
955712,219,important
648737,997,its
1217671,527,lay
1302468,579,degree
1304238,674,carry
1120957,435,read
287499,749,this
423551,878,third
1093554,712,base
922618,997,his
1118408,486,keep
283375,45,then
659072,692,effect
779828,844,receive
799943,64,discuss
606326,77,impact
787893,84,can
446192,418,fight
312176,911,material
1305553,599,clear
477398,151,pay
837357,182,important
820309,516,side
877352,755,suddenly
1110783,720,blood
525098,653,chair
1284439,88,possible
861742,716,public
1124955,995,interest
449844,310,central
1222440,854,product
395157,483,agency
988386,733,fire
802616,792,court
752154,667,teach
1232608,486,customer
386763,512,year
1180371,648,TV
487099,887,difference
446277,40,so
845286,351,while
928647,687,answer
610393,650,our
694912,933,attorney
398645,325,get
338963,865,line
1118389,221,among
476146,842,ready
1299250,510,shoulder
1218203,462,trial
1041779,900,pick
831171,372,relate
932226,990,foot
1020818,851,front
638940,267,professional
914301,484,would
356668,211,majority
439263,159,again
709817,420,black
592639,160,know
308296,522,event
302078,694,worker
864491,290,practice
842122,848,middle
388668,790,college
754720,177,enter
601247,503,opportunity
493296,785,break
1080159,309,act
1044578,782,window
1214836,913,participant
352811,74,baby
1235791,992,staff
376837,195,partner
1246132,383,worker
1167810,627,same
519611,710,financial
1027260,400,foot
1203604,577,head
1291711,299,answer
512872,173,maybe
1142319,837,lot
1043022,896,ever
924193,489,measure
1204115,633,pretty
301890,282,seek
622816,579,role
1255193,644,medical
300406,659,trip
849960,2,than
1005692,586,word
798563,929,bit
643681,515,arm
1128373,884,finally
850626,849,including
1196525,836,hundred
1242084,713,ok
574417,766,trip
962328,754,only
640653,210,room
309615,844,east
573349,366,imagine
1049913,986,line
909919,726,necessary
1149672,758,floor
899808,138,eat
730429,774,against
908061,915,popular
1184393,355,six
1241570,493,investment
937251,377,check
709802,902,break
1270990,504,chair
1069500,140,pattern
829857,559,Congress
643731,672,energy
1264254,616,life
1281684,351,treatment
1146035,411,point
288156,867,have
638948,835,wall
994740,623,want
1223844,520,also
772893,910,fast
1014500,491,give
509268,247,present
517017,350,enter
527554,402,government
301800,449,to
1228392,156,must
638045,800,close
1122287,502,short
531839,368,through
1107764,571,tree
794634,503,off
618253,270,finish
819548,328,run
335571,650,most
785797,393,over
672166,596,authority
1159865,120,else
379265,393,consumer
472855,741,series
793587,672,administration
965480,23,both
707262,170,level
1168332,223,head
573339,324,you
1173376,977,pick
947189,895,attack
339952,203,fast
1248017,918,into
939591,305,left
676167,141,consumer
703347,688,movie
1095883,324,top
1053600,908,difficult
837376,745,question
830924,708,final
1306231,763,clearly
1017913,244,thank
743485,188,top
754514,174,consumer
794337,929,third
1199151,975,series
1138234,740,nor
780530,343,bank
1304197,891,Democrat
1243234,497,rule
1295725,131,administration
696180,727,style
778305,675,summer
1035510,717,worker
1062159,459,career
471268,562,to
1045054,292,number
480283,438,consumer
477430,173,prepare
1296427,250,might
991704,25,they
750688,263,accept
545875,281,expect
1113767,141,either
356630,125,other
1262812,499,people
1077709,107,matter
1268797,682,carry
566467,495,continue
293107,568,assume
1272318,247,bit
987347,865,determine
408304,742,employee
804552,944,upon
638856,46,yes
1072853,587,front
1153071,111,on
535061,855,box
695640,873,tend
894001,203,three
389828,566,sea
351639,173,yet
358641,800,apply
844256,906,chair
687260,217,everyone
550045,852,indicate
652296,905,half
964027,737,left
1059202,554,discussion
1042621,865,car
1296011,422,building
606339,549,discussion
425942,150,rather
1289250,184,model
963870,260,fine
1009485,367,speech
687024,167,major
706590,420,foot
827989,457,above
590958,666,identify
671261,773,fish
1181343,586,fly
524818,866,large
624413,193,lawyer
1018843,924,account
492538,499,treat
1024440,428,center
1159034,380,ok
437392,641,condition
1147866,1000,young
1055248,173,rest
1314572,943,somebody
971246,787,game
946653,290,grow
924844,418,anyone
1217784,711,almost
771876,85,road
462438,39,work
447594,471,brother
785587,624,painting
706102,641,allow
649211,139,set
569760,102,bill
582457,704,buy
609586,20,oil
416695,598,if
992803,320,car
472903,656,difficult
696633,847,natural
695163,587,sing
783238,350,police
309452,92,drug
877905,822,pattern
491635,23,talk
876500,792,land
1271692,675,week
338565,268,black
579991,296,rise
733173,4,with
428335,265,hand
1109016,984,simply
1239188,861,day
524440,93,minute
860170,224,low
443461,596,current
478639,30,painting
659677,999,picture
926127,798,son
659633,231,sign
692675,225,collection
641176,651,tough
835928,282,outside
775371,739,time
1094863,647,fish
309169,520,thank
1108208,97,respond
446507,942,per
834353,700,surface
1013948,578,difference
999647,232,entire
404540,392,sell
1299405,233,again
435769,701,say
1128918,648,talk
646368,763,art
899437,355,guess
640501,287,various
721725,645,if
409244,286,either
1096439,555,usually
822421,207,eat
975650,395,capital
742106,251,goal
835786,666,this
1056396,254,security
1161525,366,of
688969,425,tell
701894,780,business
1103816,800,minute
512019,252,truth
1024757,50,eight
1078837,464,wide
521350,82,involve
931838,945,approach
1124808,205,movie
870946,91,grow
437510,257,town
938600,16,few
1173935,431,stuff
845918,505,western
977923,197,ten
517263,812,little
1037336,533,watch
734124,544,bit
807153,30,experience
727782,308,necessary
1147275,691,save
973596,444,argue
702884,920,to
327963,880,hot
619109,50,public
813130,451,top
593210,436,election
730780,780,defense
919058,961,water
886050,395,hope
343022,889,air
308013,631,onto
912655,157,local
627035,823,market
1198308,80,appear
323183,498,deep
681333,981,cup
1012717,5,into
755737,607,technology
399607,679,conference
822530,254,others
624874,16,should
1078705,9,red
468926,580,year
680376,419,sometimes
920203,174,arm
1101315,267,think
1205113,795,law
786646,843,force
490771,301,father
1015020,37,may
530189,987,attack
1062266,651,direction
836207,671,also
824430,265,level
739239,246,week
685863,138,ten
1113814,108,despite
451788,78,watch
1215998,238,cost
886489,689,president
323737,543,hundred
1290974,974,bad
518023,899,bill
382425,769,which
489089,2,challenge
542611,176,various
819235,559,within
747017,99,road
375444,226,energy
644872,848,ago
994230,652,operation
1095321,920,save
880443,914,away
1020732,816,both
454193,671,north
1107910,13,important
922262,921,by
624095,424,bit
837989,38,care
1237303,591,section
762612,240,war
296314,260,interest
1252327,270,herself
866665,324,north
795468,202,couple
727472,148,outside
1040650,542,herself
952356,323,statement
818004,413,student
1153702,676,kind
1002806,431,share
385570,773,street
1143732,418,animal
1093823,581,attorney
564534,671,support
432206,176,their
407965,378,lead
1315142,699,quite
659443,190,true
850672,27,production
562200,633,movement
951388,885,political
1113673,938,individual
751655,848,base
571064,749,nothing
417915,772,collection
1197386,820,talk
589886,704,magazine
912502,4,alone
481877,551,market
888091,165,collection
613581,419,and
666315,987,gun
1112275,670,magazine
1206008,481,value
1143850,126,improve
394711,328,entire
694425,778,newspaper
1186966,609,cover
1262178,168,finish
1105914,973,film
1222509,289,everybody
1064173,198,whose
610857,281,can
1283664,281,economic
529558,917,strategy
1237188,996,treat
1191764,714,sea
346980,837,school
520917,447,feel
1270286,961,light
897764,14,opportunity
799718,452,short
739844,759,bar
700731,996,this
1152653,585,year
344915,298,statement
318816,642,fall
1166561,979,guess
1042195,630,everyone
855461,631,behavior
382211,878,ground
469430,730,first
555902,364,prevent
490035,472,else
1084110,315,its
1185278,347,hand
808275,89,central
948493,497,must
342312,852,per
621584,413,without
1250687,57,share
538411,941,note
1174168,860,project
315826,416,wide
665050,460,yeah
984809,470,record
1103363,797,choice
942334,103,analysis
765144,136,movie
731556,322,culture
1302222,222,idea
826673,43,war
602355,266,our
304372,941,election
794747,680,care
1013623,17,safe
327517,895,wonder
931268,299,guy
444926,959,decision
320335,285,nature
428740,835,hit
613852,667,window
976107,557,partner
683615,984,painting
412019,29,lead
796026,568,hit
1135872,309,hotel
384364,232,every
576982,858,he
1288282,554,similar
325124,509,tend
534932,553,into
336354,605,painting
1042971,755,last
896225,90,similar
870090,772,value
1027737,74,develop
1056923,482,protect
423962,679,despite
556620,108,idea
453859,554,our
1042344,707,summer
648998,209,easy
1315116,558,network
556881,888,easy
1274100,335,include
1283572,17,site
1298334,764,produce
362460,490,modern
604720,848,see
1195548,383,pattern
1251015,993,share
1103510,408,short
1256665,59,represent
680626,153,medical
798715,408,institution
1004083,459,plant
778535,351,herself
1001246,740,campaign
859592,763,scientist
1277038,83,sing
980297,238,customer
1162525,901,recognize
370562,20,energy
422416,153,provide
1038595,234,pretty
1181021,211,relationship
593723,224,increase
916731,374,where
729333,797,program
833125,926,back
645948,895,exactly
1202236,998,before
903539,509,movement
374066,814,lay
319587,530,to
803806,944,drug
436258,151,line
1035455,598,again
1049401,364,with
1233693,732,authority
1163385,278,wall
459156,91,window
999638,714,clearly
1249997,253,woman
1045590,43,figure
1302323,359,follow
337862,72,manage
1031221,444,according
749713,198,authority
324885,778,bank
882489,438,hold
581109,42,painting
1119061,831,however
308379,804,listen
1146459,480,street
922520,172,tree
721270,27,on
717482,448,do
794076,700,show
1077247,205,notice
1127842,886,vote
957775,595,security
913611,829,government
780905,310,skin
578160,352,near
865738,423,book
855474,488,professor
1109682,248,available
613558,927,same
1250829,81,lawyer
940744,791,image
605848,921,game
856873,370,poor
926404,208,yet
567261,176,quite
1224159,412,lead
1113822,672,pretty
633439,342,wide
566801,917,south
324403,384,staff
474582,961,school
803541,494,occur
1046739,692,significant
1193418,367,story
394195,799,affect
515553,284,best
471447,893,girl
1103730,995,nation
1145188,393,to
971128,280,up
1057069,612,treatment
287703,201,base
1219189,72,land
600508,265,foreign
410681,299,feeling
1234683,851,they
1070239,863,claim
1280940,824,heavy
1223805,359,artist
424442,813,our
1062919,707,detail
764988,713,reality
506592,265,business
926519,560,before
1238661,112,program
1232712,469,within
345024,62,question
1090125,420,exactly
1187351,93,total
637240,969,cultural
1042825,337,family
522583,410,song
1137004,783,bad
702353,854,college
1291532,628,career
827528,948,act
813906,34,rock
1145639,23,first
1282712,399,commercial
429361,801,message
1311091,713,hotel
304783,344,pass
806545,513,information
1266889,993,name
1245261,340,move
1245201,111,hour
971177,757,with
968110,854,analysis
909607,802,rest
983223,351,take
1096333,342,nice
510472,709,machine
609338,829,better
585544,134,mention
299540,164,she
380421,868,rock
383103,563,produce
697596,297,participant
1180358,241,mother
1006170,210,article
903623,953,decade
774435,29,no
292475,190,gas
631824,217,big
1154607,796,even
527172,603,break
482724,113,door
496277,963,wide
575282,887,tree
1291275,664,I
370066,22,research
702264,75,mean
838346,805,thank
558013,151,girl
812081,59,move
1295076,915,help
324641,972,will
428101,732,activity
1031563,871,would
729069,290,dark
1296752,635,firm
319443,143,research
1278515,801,more
979145,665,our
717243,283,less
1052552,16,back
479527,560,sport
409541,816,vote
382837,361,role
308986,420,control
908937,62,crime
748697,554,story
622443,525,grow
839830,762,voice
292359,335,hear
680034,348,car
285219,170,into
1256956,600,clear
373530,815,sport
1062558,94,bag
459652,161,test
750966,603,smile
498487,154,trouble
304694,932,eat
472442,603,system
1099550,240,business
726977,976,record
877958,440,stage
905571,716,ago
869105,430,once
322826,30,likely
1156445,641,simply
1246859,299,into
825314,154,even
1078325,887,blue
823222,598,at
510174,871,different
934237,20,thank
589873,610,event
674681,209,participant
360491,812,ago
696666,548,happy
899081,855,then
1174642,59,rest
369540,797,current
716550,147,agent
850097,845,base
1239599,885,term
1066153,819,fight
1006340,861,ability
1221636,423,do
1185921,326,power
531165,295,arm
1074301,330,hotel
329225,761,population
1169409,974,that
1103214,920,bar
498709,371,ready
1109036,611,he
319383,965,maintain
290814,158,raise
1199070,318,source
589602,542,cold
371781,831,response
531470,740,effort
921124,259,go
822123,327,education
1060256,871,environmental
486952,469,physical
1001403,463,lead
303478,129,use
526971,515,lot
973598,285,process
871182,522,budget
1254529,12,recently
442666,820,design
514353,875,between
1197207,683,thought
1126654,247,clearly
727641,743,still
589557,844,pull
429296,928,various
1106449,370,clearly
1141886,930,issue
1141123,859,majority
840401,202,then
733826,155,south
810223,536,air
514133,881,movement
444866,54,maybe
1267455,740,front
1084979,473,hand
525506,666,knowledge
736841,54,position
407059,188,certainly
931908,102,style
563627,823,film
559461,938,off
880695,392,skill
825488,635,college
1139811,101,investment
419333,944,necessary
372072,297,thousand
998602,240,plant
877672,479,situation
1004670,434,relate
993762,101,according
685639,313,apply
1186410,528,environment
632314,406,expect
616449,396,home
934064,284,find
1031615,442,paper
957634,682,there
1268859,732,much
701749,723,you
779032,314,five
447950,779,its
781169,543,because
339260,340,politics
644958,780,two
772163,564,value
1269992,625,into
1141224,375,region
430089,159,social
1217256,508,attack
351293,106,character
1183574,247,movie
901797,103,go
1199677,116,paper
1174982,901,situation
930024,725,culture
735846,130,amount
833837,750,upon
1103518,90,even
688517,565,involve
553630,751,rest
1247875,304,ready
727001,932,hold
494569,563,especially
1111322,514,help
881724,514,idea
776648,654,food
425048,926,myself
349620,553,edge
713940,6,whatever
1013795,749,notice
508277,626,heart
1005533,790,history
1300596,187,organization
779865,52,force
698453,711,buy
585111,771,until
1113371,674,oil
340060,913,us
500085,662,any
1140724,125,vote
370261,843,student
1216864,546,peace
596607,212,myself
1241402,127,stage
720615,416,sell
699383,46,type
599031,106,ever
1197418,576,film
371405,123,half
770687,84,majority
370543,647,general
1254641,806,build
1045026,317,example
594052,435,boy
663543,835,easy
661711,495,learn
1031857,733,mouth
640948,283,economic
626656,978,radio
705317,759,thank
680772,76,today
1297647,76,line
1199900,153,argue
1215295,260,identify
1218297,424,view
284919,272,those
709660,669,partner
549144,580,which
493168,629,worry
1176710,567,campaign
552821,584,day
508924,657,explain
1089541,960,reveal
304993,659,protect
497137,584,describe
356534,916,produce
1138906,105,section
606056,702,family
919756,171,international
1202565,518,officer
508885,35,mind
533354,411,wish
1151105,173,consider
493208,935,under
1314248,215,task
324810,762,speech
627679,854,painting
1262621,846,expert
522056,654,physical
1208229,583,affect
803631,792,than
1032007,889,response
985872,364,point
1077948,516,maintain
940556,571,design
1230795,193,tend
1163874,671,lawyer
734124,845,example
478239,916,set
598570,91,inside
434329,321,strong
1021948,858,way
1067994,893,quite
741251,796,drive
1190672,161,young
1117459,478,team
1025511,464,and
1094214,485,whom
372421,772,like
1152796,198,style
295506,639,fire
986200,286,kind
510613,179,idea
463030,795,defense
1278133,565,order
488414,885,see
704218,66,stock
895976,298,pull
939982,10,together
520208,899,fact
1114085,756,certainly
900797,830,radio
691435,822,manager
1174773,924,hospital
1142644,443,interest
597647,663,glass
949038,447,campaign
1166847,441,coach
613451,238,decide
400733,7,too
725896,791,success
1050891,240,see
829049,718,word
821768,45,eight
1118860,773,fight
1264132,757,see
527276,362,nature
868104,261,item
649460,768,soon
794125,844,foot
539514,625,fly
1190417,42,detail
1230187,876,inside
451988,604,last
1039814,542,sometimes
1103342,284,shake
1254862,570,billion
916988,871,rock
394925,631,worry
941354,566,price
399285,947,life
1049671,400,stuff
1204524,480,study
1152384,187,value
1188069,601,office
451009,786,get
646310,962,civil
441829,739,property
545449,682,miss
356031,59,impact
1232006,447,little
468723,852,federal
889913,598,involve
483170,269,much
719795,777,garden
567532,992,inside
523114,444,save
1095078,124,compare
768598,556,easy
716898,942,interview
373339,845,give
364150,775,nice
1039861,160,peace
890514,922,discuss
567572,867,follow
1274450,722,dream
1296272,256,home
1164253,173,anyone
727629,316,even
488967,423,writer
844023,134,physical
493208,76,treat
939888,97,less
903487,886,thank
786948,553,amount
1085222,647,in
928447,408,director
366778,864,form
316672,876,push
730828,146,which
1293611,32,ability
348895,891,television
395799,961,cultural
525174,732,clear
291670,242,beat
1178377,809,market
859915,451,plan
575055,544,for
1275711,856,tend
547851,691,cold
724616,142,account
725665,5,follow
817551,732,myself
538702,687,movement
622555,332,around
886202,138,because
1259957,553,since
1075466,508,check
659204,505,someone
1020306,892,much
356178,324,much
440224,23,however
943028,194,treatment
1187925,219,their
536591,794,box
871661,331,business
703541,663,south
712618,405,that
789948,488,make
1275859,743,same
527877,11,candidate
1130081,893,start
693342,463,art
1001045,517,main
926851,442,station
1093282,680,key
421316,165,full
1267749,959,fast
767250,205,heart
1067795,12,network
461777,188,four
854305,730,economic
793778,832,wait
544018,985,me
309389,872,staff
484880,27,meet
646400,613,walk
1291755,403,large
1230738,544,agent
837536,145,country
606712,442,son
1152666,962,site
1299191,48,must
1021913,629,involve
438110,225,performance
863302,129,water
493917,805,modern
319041,492,degree
1240318,455,majority
1188365,723,describe
678683,630,power
471843,721,skin
463986,695,good
705164,117,network
583407,240,once
1105191,490,pressure
663513,167,back
475317,306,fund
1104691,668,a
763232,468,prove
526823,966,coach
1104200,863,state
1186198,3,though
861773,557,bank
1265066,56,structure
602741,334,perhaps
876319,370,guess
476327,405,research
423914,303,close
390296,398,especially
1230723,964,address
643023,801,voice
600713,161,analysis
374520,513,town
920173,413,rule
618627,304,stock
1084313,346,building
763912,207,describe
325087,456,walk
1135275,545,white
966686,109,since
597912,565,just
803821,811,will
1169717,260,anyone
1147369,589,knowledge
675246,312,able
463256,381,fear
980868,375,business
898688,767,office
454200,730,generation
1194213,552,drug
383132,708,myself
315843,190,student
1197512,988,yard
1261590,524,would
468784,339,newspaper
1259728,296,also
1245752,693,past
953113,758,upon
759891,989,short
659796,954,unit
814362,531,official
1141757,729,baby
1015872,450,investment
896033,656,help
615532,682,yet
713699,654,company
904078,723,case
719394,803,pass
611997,767,brother
891010,282,situation
1164627,163,it
572732,719,affect
681697,549,appear
1047368,81,age
735618,791,work
764381,990,million
1071667,563,dog
337644,618,bed
909560,843,follow
1256288,109,mean
451617,45,peace
703106,594,old
532145,500,benefit
616187,275,manager
514832,289,capital
1233732,110,price
881791,97,office
986320,188,its
930495,851,minute
539957,171,able
943358,371,include
617451,639,parent
589636,933,newspaper
1287129,567,small
559220,395,material
1222399,168,something
1080208,629,carry
1178820,365,professional
320585,442,be
335263,143,cover
786748,258,kid
1057726,78,if
1167699,517,owner
1090434,967,who
347505,741,image
1222542,590,American
1130427,984,participant
950834,628,low
693519,767,figure
376189,471,why
408756,976,response
1302713,62,offer
1203035,25,wide
917197,240,society
902469,383,need
385171,727,learn
1244022,527,manager
386190,11,nearly
861160,818,rise
434492,75,figure
487775,716,return
989488,187,seven
969126,227,probably
1155138,838,building
383417,882,nor
509786,748,today
1293762,56,raise
545986,502,ten
890382,246,explain
414061,710,dream
1082028,438,suggest
1071891,796,adult
726420,587,crime
1165369,243,exactly
1240764,815,all
1181988,518,day
1272338,131,your
1271087,597,generation
362479,82,forget
1001486,833,bill
1147513,38,now
1273091,582,church
1065986,243,production
1255504,579,short
1138594,261,particularly
715238,602,between
937241,405,rather
725727,939,process
912875,210,human
957371,150,play
310811,650,participant
367028,607,student
759961,8,tree
296935,953,human
1132033,156,position
1197583,206,probably
817959,646,moment
1112925,646,interesting
359006,947,still
387701,294,forget
489058,328,within
828810,956,bar
674704,455,day
467295,824,town
739843,657,account
1027818,644,word
924925,156,leader
1233339,661,mouth
928687,802,team
584571,524,follow
540190,360,room
1148072,446,already
1271277,173,according
717514,208,read
1174920,62,unit
1209177,777,practice
1120456,153,education
945340,57,among
1146620,549,amount
1254703,518,important
1161372,459,nearly
679341,408,morning
669474,625,try
318703,784,current
744191,606,kid
1074947,250,send
389475,437,front
987461,306,case
1034850,156,leg
469522,346,speech
1235769,857,start
1280087,296,I
1139288,785,while
617575,32,generation
640442,932,prepare
1290480,894,time
762247,522,require
648517,205,sense
658603,280,very
282180,9,agency
567990,935,theory
1169251,580,term
501849,937,poor
1288581,946,yard
1184034,793,assume
1248493,454,them
618335,746,two
1153152,25,wait
1100841,125,measure
493181,149,chance
418483,845,positive
459418,276,mother
951106,299,name
1124087,900,act
1102905,223,vote
1183667,182,worker
1289074,658,thought
1049834,442,area
307776,317,agree
877498,552,way
817470,34,range
647587,341,guy
569003,684,state
330013,591,eye
1148250,341,approach
1197559,186,event
910846,549,beyond
739013,237,now
1101191,893,fact
1307935,893,including
447105,645,particular
616083,84,community
972771,537,especially
440170,496,free
1079649,596,month
282229,374,least
794850,539,expert
989337,648,take
451034,962,case
305234,276,interest
817486,952,throughout
418608,883,learn
549419,277,prove
905692,651,teach
520415,70,stock
492690,979,data
1181712,894,whose
802806,720,among
1084324,658,anyone
968171,807,sometimes
414539,264,mission
1245585,69,late
1092336,726,college
722929,704,support
1035522,105,physical
795851,164,talk
760727,2,west
897362,612,place
1071935,427,PM
985695,149,identify
962742,456,statement
1186414,426,fight
609784,189,into
1171590,809,these
742976,294,yes
1266567,788,as
1291235,657,heavy
1101786,856,firm
661650,912,make
1059960,67,seven
1175755,356,generation
1216658,124,of
386976,519,age
867711,272,player
708333,648,recently
1114066,846,alone
970203,419,state
727256,53,student
638319,530,democratic
1061888,761,teacher
375700,551,last
566801,507,increase
1291789,996,book
1014015,962,light
413868,672,eight
1063716,921,piece
602751,21,artist
972133,443,play
1284578,884,able
1237182,766,decide
511608,88,truth
1040388,453,arrive
787659,945,throw
303902,548,lead
660164,343,whom
505335,754,capital
1144191,12,lay
733046,367,agent
848083,216,instead
819686,384,least
363261,455,reduce
1149869,724,girl
994924,605,one
455397,776,yes
974967,188,direction
1237701,887,collection
745516,202,cause
824565,237,response
889137,212,pressure
1029196,205,apply
310209,661,agreement
1231780,272,these
332431,854,check
1164766,215,near
1183262,299,cause
314216,834,enjoy
1141789,416,range
378312,381,piece
682538,712,prove
1095256,237,single
561825,809,base
1003831,599,likely
558030,195,name
1053565,443,when
1002494,141,no
968175,4,cause
279366,557,no
508936,339,sell
1156169,784,happy
460748,807,rate
772845,898,television
698479,213,heavy
501465,29,pass
862977,980,sit
864920,102,international
503933,878,scene
1094537,211,difficult
386370,360,though
1180803,470,spend
1185845,580,already
473786,220,actually
1184039,313,trial
1306860,307,explain
814459,437,receive
551591,313,American
640867,713,read
1152013,345,day
455196,492,join
547483,255,foot
285303,849,before
490764,272,occur
1103923,852,season
882807,865,culture
1145910,449,skill
387170,54,certain
331671,497,half
1153285,930,world
1003847,223,per
1081900,498,water
668567,395,start
1167053,943,anyone
570751,558,campaign
1205880,955,perform
1044195,214,building
764468,47,deal
661482,872,story
607896,168,figure
738821,526,scientist
886996,959,improve
527715,949,practice
504912,630,better
520808,595,any
615224,190,itself
1172460,36,then
995935,468,follow
391824,505,treat
864133,219,watch
398203,785,watch
1297766,1000,capital
984106,208,of
586541,816,campaign
480124,758,hope
398142,268,bed
979448,336,visit
758714,416,news
1292251,531,career
554139,81,wish
1147681,271,fire
588941,982,medical
626514,276,front
324098,123,energy
1021953,499,citizen
887439,553,beyond
1234761,823,general
1095564,283,top
1023625,84,base
736521,314,wind
621189,275,behavior
297182,874,part
547026,272,feel
491483,88,tonight
366958,78,trip
1308163,714,free
995297,187,successful
1087888,105,term
1285942,913,wonder
767079,345,wear
1237691,302,short
689232,786,expert
1146643,293,stuff
650899,671,push
1276953,666,across
889262,155,others
1060964,748,mean
990415,49,marriage
551599,207,laugh
441195,424,foreign
922403,460,join
409519,389,morning
533491,693,gas
281422,442,card
645375,182,meet
1314352,365,manager
1018180,908,together
760225,175,rich
1085449,456,improve
1078374,396,base
878733,205,style
812428,987,forward
933897,271,across
301150,808,expect
1297874,347,while
284925,822,case
1288035,532,Republican
653530,866,above
858816,809,official
573588,67,item
811767,703,reflect
386256,51,gun
393467,13,hot
439661,110,along
1106382,787,eye
306724,129,option
520385,387,another
1031101,723,behind
1186389,272,follow
1128406,852,the
1275457,576,natural
706629,222,six
458584,331,agree
735388,39,career
710670,506,himself
975664,766,cost
1013097,360,management
779921,31,military
905581,933,money
1264690,726,bit
370629,883,beautiful
1058444,50,discover
749336,914,clearly
339386,68,society
1152478,573,staff
292172,758,remain
952847,817,decision
528699,617,maybe
875637,256,box
490914,745,practice
952503,598,line
1024815,892,morning
1246434,271,let
532696,389,lose
562648,51,action
792711,162,physical
974666,607,teacher
1060723,63,experience
394096,190,number
1094942,186,trade
740905,905,tax
296073,968,lot
361999,232,real
901301,18,street
402740,129,upon
325967,996,know
722810,89,skin
1203865,336,right
1302018,963,vote
1184657,142,possible
1265517,313,stock
769847,818,then
810038,592,nice
810749,538,college
459229,491,staff
1047048,609,full
1083660,938,against
827436,54,here
1026868,272,catch
757440,139,indeed
721263,2,do
451662,552,thousand
686335,346,full
1083013,533,throw
754698,456,age
1259095,619,sing
1130921,31,prevent
848833,761,force
1204681,933,far
1146702,671,yourself
424486,811,understand
510020,398,certain
615765,741,center
399447,314,head
464490,38,night
1100585,931,skin
818107,992,member
943751,135,would
1127093,204,system
347183,956,magazine
1157149,155,a
1046709,572,between
983959,93,green
1155002,292,middle
611599,146,cover
909107,507,hope
1114301,641,talk
746092,649,indicate
425450,147,herself
634279,771,game
719230,27,campaign
747483,113,author
984146,998,suffer
784677,282,make
284956,817,single
502274,692,still
719069,11,pick
1222241,475,military
752458,525,draw
1141383,452,place
279514,506,appear
780035,162,total
1219771,553,east
1180651,368,win
426287,772,the
1052354,392,success
1028584,277,fact
323930,790,skill
466697,375,why
317834,798,purpose
571851,378,under
1072165,123,either
419320,596,some
444110,554,would
889161,123,item
836861,398,deal
619609,518,add
1197033,236,both
1154418,60,pass
1260931,256,understand
579725,446,away
1046747,101,room
802483,178,drug
1163992,412,husband
760040,661,operation
1143152,1000,loss
1192204,656,citizen
479485,689,per
534423,620,kitchen
1070471,739,produce
568244,737,threat
428889,858,road
1177041,343,answer
575067,482,kid
1047280,129,early
505525,348,different
1003066,245,allow
470898,156,seem
656136,686,land
358472,816,peace
329435,65,data
607673,49,run
839697,118,possible
594199,626,especially
387857,966,them
836292,494,relationship
646835,177,table
409447,896,program
1188855,395,little
910297,713,board
1128827,826,ok
339772,794,report
825825,902,laugh
524874,689,safe
1000447,591,certain
900140,69,house
1201814,206,program
910832,296,share
1100419,767,understand
749378,826,right
477710,343,newspaper
933560,87,leave
602246,797,hope
387694,326,ask
1007275,607,reflect
580924,318,nothing
688133,264,serve
1221702,47,factor
397126,607,mouth
784476,56,stage
1134501,613,share
1208915,323,performance
812241,495,manage
1141263,767,mouth
1019736,45,single
1256803,547,look
992397,309,artist
1112858,653,none
979149,23,Republican
878183,521,interesting
535504,76,defense
713589,857,start
402661,699,table
649497,583,student
449604,125,pass
450347,604,short
983265,424,huge
812990,119,really
371146,599,manage
604551,778,increase
500151,494,boy
489571,140,parent
678432,722,notice
493891,772,very
1230781,456,contain
394014,900,little
1161488,313,second
850167,594,chair
1305508,687,view
913293,593,call
1026197,522,prevent
998290,91,by
773462,621,spend
491810,940,capital
865507,917,feel
468205,449,company
447696,417,for
1182430,453,hand
777481,495,building
805620,662,product
1168301,358,season
1132175,396,focus
1035863,681,hot
1204379,875,receive
793389,713,you
924543,586,attack
1096218,325,what
626680,164,stop
695635,937,beyond
344862,174,recognize
1209528,104,son
719542,896,wear
886913,353,it
676211,897,series
552866,113,career
1147768,692,you
1200643,228,per
804839,386,property
471531,689,chance
638821,767,quite
1307915,336,each
470762,255,relate
789157,549,possible
606355,747,me
505894,516,to
624485,969,figure
1238695,451,he
803058,198,few
725196,327,ok
1193272,272,ago
641915,367,serve
651044,91,tonight
612269,743,lay
1034209,848,however
555968,893,beautiful
566445,540,article
765143,786,senior
733853,553,heavy
638512,996,window
1183558,345,point
305872,312,low
1101691,4,evidence
764680,675,along
379946,468,eight
746354,909,letter
1132350,697,arrive
811991,387,old
1225444,168,one
897859,581,fear
791139,69,rock
809400,437,second
574172,319,cost
284482,332,pressure
467625,924,gun
400864,866,probably
1091560,739,imagine
333063,49,marriage
1201255,453,better
749464,497,increase
630927,3,local
1236690,678,everybody
1237891,407,inside
755165,914,bad
823062,26,option
1306559,26,land
908103,113,quickly
426530,370,call
1132782,387,whose
569303,899,already
1041007,724,series
1277737,668,message
327794,196,some
719154,918,career
936283,824,name
983054,223,become
1146053,489,mouth
825902,423,face
492526,653,fly
1141771,708,garden
533351,816,alone
1067671,310,husband
1299329,619,decision
1280032,243,evidence
1143382,872,wide
463222,293,mother
1271783,340,friend
983210,374,floor
524656,548,board
1192410,28,various
831802,577,management
514674,714,follow
913183,851,light
409518,41,must
1254456,541,fire
997638,757,seat
1112937,660,just
446380,322,civil
360298,532,treatment
1300321,475,military
1149932,839,woman
737506,141,fast
483926,500,age
1137625,877,evidence
422869,916,put
1151823,800,bring
723947,751,song
426892,165,good
626527,644,leader
581728,957,price
445657,656,development
944366,868,case
616146,41,safe
714153,297,voice
558982,480,size
1248251,835,debate
687874,96,drug
336749,956,modern
1042596,984,news
607881,921,tonight
548672,276,everyone
1008209,939,near
668468,283,campaign
367463,146,police
390406,754,place
697910,523,usually
974285,962,too
647428,644,conference
765770,737,go
290087,311,war
1135287,395,produce
626413,321,somebody
752120,259,feel
620685,624,player
1287198,621,brother
817317,801,suddenly
285995,228,program
704694,76,through
315772,405,continue
439019,114,type
1284796,534,discover
300944,986,great
730835,712,minute
604384,254,defense
534267,943,police
773357,641,trouble
885294,61,treatment
657898,765,eat
1086403,408,turn
628047,453,heart
1148879,49,exist
729365,699,have
627589,527,certain
1058162,100,fall
335783,527,charge
780299,151,president
1075595,991,minute
703658,497,crime
1311070,36,care
559110,742,particularly
730087,186,image
1237939,507,fight
844186,704,practice
802727,405,at
315981,26,plan
1302802,105,sing
940004,3,miss
918965,329,enjoy
477797,649,defense
539234,33,push
988648,238,baby
645901,366,possible
761270,915,oil
370422,726,activity
997291,451,policy
1191703,264,marriage
993816,643,real
1284258,891,natural
1291179,598,side
497790,970,together
1175717,847,him
710967,343,something
486458,229,election
627252,150,once
522670,365,employee
1140380,743,many
728136,306,senior
1001002,703,crime
317894,852,military
944328,477,certainly
1082941,609,structure
472955,440,consumer
1242461,94,wall
1238428,842,team
1302940,846,material
727274,591,employee
1212329,71,evidence
1112779,318,field
471414,79,raise
1046449,622,last
640323,811,fear
811054,559,defense
600731,991,with
810403,556,audience
1270067,343,money
317553,396,sister
548972,4,price
898792,383,loss
640952,974,interest
321286,174,inside
1254643,196,picture
640467,321,media
372074,472,production
1034931,622,step
611579,713,approach
645519,570,subject
752877,270,they
1118492,19,have
494389,380,tonight
587984,2,about
842658,993,turn
1100190,843,just
1306328,697,bag
969414,608,one
652057,351,then
546876,180,pressure
877764,326,across
542880,21,other
579287,577,pay
555065,861,act
700159,961,every
818952,387,some
386278,667,PM
882201,804,court
348916,384,bit
535939,848,goal
932425,153,threat
447443,853,include
1177313,474,structure
1097437,792,director
940038,922,help
1289891,898,national
1046235,97,direction
1106854,39,pass
1113237,314,economic
650275,344,single
877596,180,land
1182119,742,control
447001,324,reason
1164399,399,camera
557121,181,minute
279265,410,letter
909859,851,interesting
626367,993,do
340289,856,group
1204041,860,easy
1178582,74,despite
431751,521,against
998244,615,decade
978731,962,face
739279,404,likely
285501,259,hope
1158549,739,simple
344994,772,behavior
701135,914,resource
1014201,532,seven
406833,79,common
620227,649,most
458227,801,close
539747,390,power
1199875,516,girl
521511,653,officer
1098830,992,protect
511129,434,relationship
444857,538,fire
1031507,507,bad
392556,793,base
1274248,225,bill
425418,641,wear
1120505,522,level
902163,447,why
336791,613,deal
446023,603,particularly
494681,473,ready
841669,58,experience
492797,55,really
1169882,332,at
794993,993,card
966646,530,level
900952,287,this
1106943,79,against
479323,460,if
335542,547,deal
387002,420,big
1202510,808,big
1034419,552,room
838375,281,community
1075415,465,various
719143,1,collection
1168988,745,partner
353537,660,life
971077,980,computer
1041282,781,task
1231491,727,economy
840219,603,station
875761,684,sing
381478,150,claim
760946,160,lose
382763,154,player
631050,973,join
504354,504,lead
1083515,741,action
1030295,358,season
796414,384,hospital
1207872,572,able
827163,308,whether
403829,997,customer
385984,29,them
448359,73,guess
1216625,87,must
337581,366,role
1005376,543,physical
965209,228,ever
1096415,824,thus
1013995,484,campaign
627218,434,administration
1263420,56,listen
1288517,828,red
882741,195,radio
552357,109,ever
298079,776,growth
747900,294,behind
632886,887,nearly
542254,805,keep
1138432,886,foreign
1026425,656,network
961280,16,them
527949,265,media
721723,569,even
778034,358,fly
694447,708,fact
746747,991,reason
784121,811,stuff
974746,830,alone
730959,536,school
749166,186,history
874619,121,man
684914,530,policy
570354,88,sell
307574,728,fall
563911,204,common
837165,811,series
1169824,579,win
1109190,4,one
446110,717,goal
862997,2,number
1091376,785,radio
1244234,232,but
799490,411,officer
609991,860,bed
687534,349,capital
596306,267,ten
1020416,69,up
935510,715,radio
709072,729,social
1051896,329,send
846959,947,deal
446268,451,a
1047291,538,spend
761506,125,study
1116405,896,require
792645,769,half
793478,755,reason
997488,656,trouble
329960,327,time
670904,532,mission
350736,836,page
595919,410,tonight
502431,45,read
969834,911,suggest
1173820,989,other
422608,227,wide
379411,280,note
520033,450,imagine
696897,696,mean
1248638,737,suggest
756339,336,draw
440609,742,professional
341416,490,west
766649,893,here
369258,772,spring
1105323,710,organization
776259,150,foot
1096286,872,break
700999,492,owner
598056,547,image
784592,983,specific
821987,3,region
829714,670,tonight
1171725,924,yes
317352,755,difference
499552,666,list
881125,171,out
1215980,434,learn
1089270,760,own
487855,656,miss
863999,986,something
912661,224,alone
894746,802,apply
854419,166,poor
729972,574,action
1075099,918,follow
601081,704,officer
1103848,878,quality
867935,88,down
1174874,218,long
560960,103,our
889764,156,brother
404259,691,defense
706304,612,much
704303,839,seek
1182634,256,ten
610883,531,respond
667430,269,outside
400733,138,than
972837,970,interview
848207,804,TV
957189,928,loss
492640,17,notice
744218,891,course
1006714,550,face
898437,308,glass
1175567,433,receive
1299943,232,trial
1083826,848,though
567503,52,really
527175,330,dream
782207,825,person
361490,153,commercial
1051493,884,personal
1162279,874,us
916594,560,imagine
565926,727,discover
320829,367,material
720229,36,director
511840,275,where
754069,434,have
766633,188,really
832626,756,spend
971044,139,arrive
447643,987,during
768802,412,consider
430520,889,wish
671121,417,different
680931,126,Congress
688013,395,bring
779909,783,agreement
1224156,633,during
939701,561,movie
1030758,664,successful
418927,785,cause
1189323,298,leave
573505,451,member
469914,852,pass
995070,426,study
723755,645,we
507363,54,feeling
669680,719,drop
386719,526,kitchen
1301876,366,suddenly
1008342,343,cost
1241559,456,strategy
965081,425,hour
1253539,64,require
831409,602,no
325265,484,couple
557284,415,evidence
798810,31,analysis
1178281,682,role
1153161,593,young
483915,316,force
990436,924,prove
1302786,771,everybody
298510,144,majority
690668,13,body
600595,143,television
859747,392,film
1057328,593,suffer
693738,259,receive
516856,168,citizen
1023566,443,choice
339499,597,note
1268384,657,TV
591949,824,people
909061,711,real
1110192,811,former
324149,882,represent
1284077,478,need
963231,256,green
449036,547,event
645746,84,difficult
1134386,914,rule
760720,587,very
555622,889,north
299476,801,this
919772,224,reality
598529,368,fine
1266859,26,story
592074,485,some
944864,882,get
756858,727,public
532453,102,event
772529,26,name
1034568,707,professional
339958,835,she
919504,803,above
682152,797,likely
756814,563,factor
1042840,177,score
678018,113,option
361733,676,nothing
558011,260,want
939273,681,before
875758,719,event
1211780,306,fact
865135,275,sometimes
1266208,784,happen
463294,811,become
454637,677,change
938121,867,arrive
907842,987,music
1116888,128,you
1040717,221,magazine
336587,424,detail
842237,896,finally
1112078,229,six
355142,281,present
1170573,314,ball
1092820,227,mention
792265,572,positive
1292014,419,wall
781604,115,book
703586,518,leave
1137841,752,ground
1222746,566,data
1095030,414,bad
626069,950,offer
704187,183,director
1102758,925,popular
1134011,646,parent
396241,291,exactly
546632,231,drop
1239977,868,woman
1254950,967,truth
1148637,364,leader
816614,233,image
633499,365,forward
578611,537,from
888380,967,major
835454,113,lose
536021,337,degree
1126081,684,cup
1170544,216,shoulder
892660,786,player
641572,590,there
803878,6,win
639498,299,east
777547,240,glass
493449,334,pretty
602646,235,price
296678,861,company
994383,608,over
404012,983,hospital
898513,668,suggest
375244,373,child
1122116,679,stop
910503,411,provide
778182,158,view
931157,885,under
339512,788,this
1154769,952,positive
1166266,976,religious
613168,647,hold
523701,838,test
1126179,7,parent
585148,695,on
335105,455,pattern
451674,21,which
943110,125,particularly
315682,234,reach
1131287,245,scene
376035,1,particular
1017812,755,arm
1106735,319,any
1264120,348,any
354961,117,believe
766491,3,age
349015,604,alone
301133,513,trial
384481,440,either
542855,912,catch
427254,193,guy
1049938,417,difference
288442,864,most
455592,20,per
1052603,139,information
1245351,97,foot
760601,597,court
660971,613,arm
951555,633,return
489993,532,hear
746328,456,smile
1102353,783,its
497504,357,cost
452773,319,role
1028780,361,Mrs
1009778,728,lay
1126412,416,whatever
513005,247,relationship
1122285,943,Congress
1263725,987,head
672180,220,leader
588949,358,line
670623,915,life
723858,660,challenge
398007,398,authority
665791,335,fire
742545,626,name
888885,146,sure
304646,861,well
628542,779,state
347023,166,improve
647633,224,meeting
1177365,605,food
1039412,978,improve
1119628,236,door
854372,373,star
735163,927,another
647164,924,guy
479428,880,whom
316358,116,responsibility
521658,473,choice
544051,657,represent
646615,313,soldier
558464,987,remain
770510,944,language
1270898,709,theory
1071826,889,down
1303264,307,most
481543,491,memory
759844,447,radio
890552,368,police
705374,801,nor
1157161,792,system
408604,986,court
1173562,606,forward
1165764,915,help
879860,138,themselves
515712,674,help
893866,29,go
1074491,249,season
991665,86,responsibility
649814,566,message
855869,821,book
613324,145,feeling
854964,200,day
434043,460,floor
829627,728,turn
587133,850,him
366235,138,right
1155314,35,more
349619,131,control
788057,652,yard
456400,2,area
1105324,803,town
510778,386,think
619294,845,culture
511520,956,ago
1232629,629,since
662875,439,station
528148,938,test
825364,124,citizen
964615,964,true
696497,384,citizen
750358,647,day
438215,779,pattern
759708,695,answer
543309,609,large
771238,474,model
976800,686,rather
972415,323,education
997712,69,teach
353391,296,value
294051,29,very
677747,781,single
1088760,47,such
393956,644,yet
614650,408,professor
428716,445,not
895849,32,camera
790616,324,bring
348826,461,main
434990,944,claim
520683,640,pull
799079,849,trip
525687,886,natural
706892,144,business
545533,663,husband
390877,263,picture
1156025,463,machine
556880,597,live
1045347,744,before
1166511,690,miss
666789,350,campaign
561155,759,treatment
863964,398,move
583579,399,admit
624232,184,character
921742,927,blue
1191540,126,sea
1199615,697,focus
893976,147,soldier
418180,558,human
726091,920,certainly
520731,623,paper
814662,72,she
1261421,608,second
743238,395,there
615751,889,member
759956,528,political
855686,907,score
946621,100,drug
1263819,78,story
766416,385,sea
558743,788,investment
826240,922,blue
788629,38,fear
1161298,614,relationship
703310,494,never
1256092,317,pull
417630,272,section
827678,475,piece
300642,824,defense
724061,846,most
1086340,547,bill
1306957,342,nice
378430,718,lay
1274579,286,those
374079,984,which
937439,626,leave
823944,622,change
464466,485,item
977847,317,official
687556,721,include
814148,182,matter
903781,428,order
306393,767,activity
1250599,276,speech
1014037,633,artist
695802,902,clearly
683697,876,body
620294,434,magazine
512321,585,book
1263149,245,floor
769007,218,learn
370323,10,modern
577151,748,administration
495347,48,foreign
1289881,318,thus
1306633,602,morning
983710,236,class
584014,623,never
779941,153,attack
667468,546,down
789169,875,large
927962,511,general
671860,862,seem
1083437,348,material
649781,685,middle
595693,679,outside
1224142,648,woman
807079,931,event
584951,344,nor
300000,19,rule
689233,305,could
1272673,642,rise
930349,647,institution
772937,22,final
937843,242,guess
979130,593,information
1252664,313,be
990309,800,once
347568,318,election
513907,609,voice
944959,967,popular
823474,128,already
1314027,579,remain
974876,833,field
890676,587,argue
813453,252,share
404362,376,either
678411,834,fact
503744,255,nothing
742377,480,go
568783,897,pattern
899867,916,all
363148,557,deep
1245952,146,local
603573,312,knowledge
484243,629,color
1190679,864,million
583457,716,strategy
466469,718,company
1188501,946,sound
959604,782,machine
877912,895,mother
964482,935,school
550918,648,prepare
348058,361,sort
509785,61,blood
645902,465,main
833389,488,look
1062069,81,who
354739,615,edge
326548,28,enjoy
292730,198,but
1220895,581,wall
827973,611,about
1086045,959,avoid
1228015,976,success
1263778,970,man
680221,86,help
994745,301,including
764711,186,total
488272,850,body
1006359,863,mission
308572,679,care
1158387,702,the
619437,43,thus
944061,655,happy
807486,975,light
286653,611,two
1100129,764,sit
1036795,968,available
960428,15,three
411428,435,against
1307155,958,education
1197990,798,so
1074669,316,choice
865151,129,parent
872551,600,camera
1051341,371,exactly
280812,441,speech
848811,22,skill
280839,39,trial
865789,449,visit
931561,185,piece
385792,63,amount
568719,489,culture
990538,109,world
738317,158,government
996791,176,happy
712293,309,hotel
778408,923,million
1138493,43,ability
817248,443,sense
1156504,718,wish
385703,110,myself
949032,466,character
1174691,805,central
1169516,951,under
1206184,254,skin
334777,662,type
1246088,389,green
1188842,398,order
734146,641,want
340547,453,necessary
769962,273,however
1101310,981,cell
800781,725,money
1303377,903,suddenly
697476,160,back
1167667,646,tonight
1191112,638,floor
1129876,118,store
1258259,379,power
758825,312,sure
530696,455,mouth
1206595,388,no
632982,310,oil
1014193,142,floor
654448,13,for
886687,9,class
1159055,861,exactly
635052,179,administration
1315170,968,against
704050,523,down
522623,154,tonight
291023,927,not
758365,563,relationship
956790,999,success
1000778,741,skill
537649,170,population
1266857,825,keep
1279016,788,if
873824,803,right
941548,317,dream
1113724,441,indeed
1093980,548,floor
934414,427,western
895071,304,play
508565,648,agent
802793,84,dog
822988,709,argue
591342,59,central
585678,299,check
443393,406,benefit
683389,110,fly
880009,394,full
533961,723,less
431170,472,choose
1100367,865,term
918880,447,trip
1019057,187,food
1066196,318,wall
927381,823,guy
1313368,69,memory
380550,671,process
904711,744,easy
686939,992,consumer
324132,922,cause
404019,8,include
389414,669,maintain
948469,995,their
908057,484,decade
330996,563,democratic
1022710,319,rich
1075258,936,hour
1050645,941,current
736893,233,eat
325321,290,strategy
774898,171,best
402575,236,school
582964,38,sure
1106273,861,notice
960716,833,tree
1011909,40,talk
1049756,805,action
915053,545,from
485846,341,learn
371828,185,sense
387693,810,far
874005,415,might
298706,421,collection
1243635,729,toward
331874,961,street
487929,465,less
751368,574,base
753892,520,everyone
681526,755,point
995837,840,need
882002,672,cover
549709,428,Mrs
664467,834,partner
1315333,132,traditional
1105471,909,better
835847,573,weight
931030,316,sure
1102321,516,operation
559972,584,economic
1010888,145,two
304902,685,section
544298,445,take
646500,49,may
1084508,39,himself
1294145,471,thank
1021137,654,picture
786372,342,tonight
833953,301,throw
326718,692,be
625595,174,artist
976011,641,civil
1290522,460,inside
1166912,639,standard
790787,592,respond
722076,733,fact
347292,199,word
1216790,104,wall
753524,626,until
951772,64,talk
375297,642,indeed
628757,997,herself
882989,1000,effect
719565,692,continue
894213,671,per
696174,849,ahead
995144,338,give
1049694,554,chance
952681,890,skin
303616,473,despite
585278,698,usually
950947,400,ask
1279060,838,instead
1285765,612,bring
328980,412,hold
1151107,204,responsibility
489321,222,morning
1146963,994,threat
713398,32,color
459892,216,deep
546446,595,risk
886705,901,moment
1239125,378,television
471878,32,long
1285217,13,consumer
953824,130,language
1138782,725,color
1152332,589,for
388378,763,case
1187259,807,lose
437407,657,go
359463,877,ago
327650,759,sister
852232,596,film
957937,306,mind
786378,894,information
1115622,713,spend
638672,202,particular
1209072,965,indicate
1089340,821,attorney
970147,848,data
1156822,827,my
664231,124,western
341076,337,bill
517577,824,decade
1283594,46,quality
1118228,891,fund
340008,213,social
1254692,86,worry
975402,683,strong
500895,839,program
1028321,682,hair
501365,463,never
766101,366,yes
346300,663,or
705415,762,coach
933962,77,finish
416107,352,strong
929713,373,standard
515811,330,respond
806170,326,guess
419180,74,behavior
512106,888,chair
308530,986,quite
1301841,486,few
515727,260,blood
912034,208,society
974743,815,time
296265,232,behind
622731,903,card
1079085,561,day
833117,929,activity
803391,176,single
1250228,350,large
829861,331,chair
547011,14,remain
816931,256,health
1267907,583,music
419511,69,brother
688985,291,receive
1130543,764,nice
546472,304,help
1166845,444,stand
336261,207,security
986996,728,Mr
703161,403,institution
808069,888,smile
1037656,856,wife
789688,95,open
1206193,379,across
845860,769,enough
896547,754,skill
719370,691,continue
727014,143,add
299990,890,tell
690157,717,start
940416,341,Congress
846820,241,song
1109803,831,condition
950719,962,eight
1025850,23,plan
1069414,888,speak
576830,656,task
797982,858,practice
503938,1000,fast
780204,910,arrive
990986,383,commercial
835329,966,writer
1163134,655,both
402030,422,couple
571587,639,wish
384315,1,leave
345482,35,perhaps
779690,678,water
793396,448,girl
563196,228,campaign
692971,733,thank
1279067,827,choice
318041,208,away
687672,140,exist
932601,548,indicate
1144850,79,live
561503,966,budget
530868,946,air
505550,24,chair
1313457,687,continue
489900,656,treat
706707,942,perform
550222,728,must
344241,682,happy
552574,99,during
979604,823,financial
843524,821,least
1130600,618,apply
1057838,628,staff
797006,774,read
279750,811,short
1115319,986,total
815118,637,less
1271787,672,thought
625852,726,listen
1035984,405,boy
586977,80,back
359297,64,husband
389891,719,change
454432,269,finish
1188557,473,space
340376,123,often
284757,853,room
573957,647,arm
1086278,533,summer
913501,97,stock
767979,994,reality
956929,540,present
457992,80,adult
694669,126,form
582771,794,detail
657313,976,way
540473,299,certain
896425,84,moment
504808,136,page
407725,743,social
296418,243,security
823430,969,eye
780040,607,avoid
729092,300,because
427941,573,close
984843,791,whatever
705629,576,none
291133,399,natural
860758,530,produce
1256578,246,social
880415,203,once
383149,641,agent
1130512,259,find
890342,154,sometimes
567879,731,represent
1122449,796,would
1223881,324,behind
1152154,766,cause
359978,391,future
751392,391,hold
560422,722,area
386599,635,theory
446922,331,behind
499409,937,third
973835,362,scientist
607163,215,beat
869885,947,music
841946,998,send
1049530,544,prove
1069891,562,child
317687,253,time
710446,372,with
829464,359,dark
341077,870,choice
852020,1,tonight
525062,501,tax
858033,563,available
1141598,427,check
893778,222,various
1175323,505,term
731089,860,fish
1242227,976,yes
462222,646,summer
875358,488,affect
1027392,682,someone
789529,275,clear
625670,733,brother
676122,345,fall
1090309,278,fact
814596,92,in
1275024,149,believe
1121895,858,PM
485265,226,middle
1094602,412,speech
1133189,223,must
1095625,672,yes
280478,617,at
978984,330,staff
814703,532,continue
682628,915,series
409653,363,while
582824,182,never
785998,728,difference
1159346,711,decide
748887,996,just
1102048,537,public
1122112,302,none
503503,680,TV
899305,942,catch
823644,949,black
625790,812,sport
346139,148,imagine
526212,448,camera
1268270,606,vote
846411,445,young
838345,280,north
656088,485,social
343202,974,behavior
1117287,913,lawyer
721191,267,last
636128,643,live
614232,676,its
333827,712,understand
876344,860,marriage
997744,345,management
363378,627,tell
400314,16,exactly
285546,79,much
1292052,940,point
1020472,340,show
1277067,439,modern
768163,485,time
884817,119,direction
1104540,526,threat
599666,562,fine
921841,146,particularly
1143769,104,site
316072,59,PM
588748,260,claim
985751,975,capital
456037,645,kid
820661,138,expect
1095886,112,case
863108,726,protect
931748,582,we
658952,407,much
925723,616,recognize
917830,220,safe
1251386,678,ability
1131333,492,above
431616,23,keep
1016340,577,event
1291279,93,truth
686630,935,success
980443,760,write
444835,667,guess
842042,718,enter
1043466,168,campaign
824328,719,behind
961464,861,land
1128595,503,billion
1165302,760,spend
1133397,446,whether
1276986,992,understand
944045,259,above
444894,780,able
932608,193,nothing
947769,212,that
1099080,378,others
501911,975,seem
1216765,577,worry
974606,988,point
1186023,159,everybody
537942,973,rather
1111661,375,never
418610,183,tree
618164,962,soldier
1179197,391,whose
749508,31,list
903722,763,spend
1024615,884,analysis
1160745,877,theory
368494,403,newspaper
753055,881,necessary
944557,432,single
892585,960,crime
471989,588,cold
1190326,959,treatment
489291,918,night
1051715,354,officer
377599,714,shoulder
423151,582,record
380818,345,little
1114483,329,whatever
453269,607,thought
1264518,508,hotel
397308,151,kitchen
384212,650,catch
860557,272,vote
312940,150,still
674593,430,me
671340,514,statement
1110645,667,vote
726454,256,gun
641618,46,put
1086396,624,way
1067687,282,save
561553,430,boy
464747,49,modern
408994,57,start
526833,744,shake
1041935,86,choose
948350,400,everything
581229,499,between
382530,460,during
895605,724,politics
1101494,709,pay
367017,936,trouble
1037954,937,know
1008140,37,explain
847067,548,someone
332092,847,do
863676,169,amount
1144934,231,certainly
381802,165,school
541592,413,threat
1143463,810,daughter
1189278,189,stay
1224352,821,need
333395,656,moment
1020364,501,mind
1301981,189,a
637081,689,federal
429187,397,bill
320255,110,cup
1275269,786,two
771474,660,five
613956,343,expect
432131,307,board
905645,676,movie
1198504,723,nature
434995,383,seem
1303046,512,ahead
1188356,368,charge
1216747,757,quality
706317,873,figure
743020,856,tough
1194317,184,at
1116916,786,share
530772,986,walk
1026646,702,participant
1167636,299,successful
980002,768,event
1100839,249,baby
855116,553,movement
614286,144,consider
765917,167,more
530134,277,skin
1265968,126,fly
354232,356,food
299207,710,lawyer
1196225,893,to
504436,126,entire
980157,29,point
1088398,708,whether
312837,349,find
697161,87,shake
400883,12,political
611894,901,those
851809,108,field
327857,23,machine
586758,338,others
1139720,360,exist
1040820,375,final
857674,589,or
1043271,224,front
1209498,14,program
513407,347,institution
716054,355,assume
738323,70,rate
389453,958,agree
425804,329,people
628521,607,wear
573748,63,they
615452,179,five
736635,310,sport
1174490,74,if
1255625,255,example
1119498,553,age
736485,155,industry
808265,258,rule
922520,69,factor
365196,707,agreement
455652,728,when
846260,999,hit
287512,64,from
1294527,839,be
606542,13,career
1074740,511,technology
313929,17,always
1126607,381,toward
1159701,112,year
893012,541,cold
1193019,392,event
968439,285,because
1085342,233,example
620710,530,ever
548381,191,stuff
541150,179,call
609046,864,travel
804362,395,better
280651,986,clear
418678,934,young
616143,495,pull
559696,737,rest
473954,848,he
513912,452,sign
1270626,833,character
500119,944,company
1158535,209,today
1100728,568,plan
634444,989,center
676455,347,green
623302,202,morning
1313748,330,choose
321221,77,none
1160639,922,once
1117407,634,task
509803,864,sometimes
352797,419,huge
1253179,464,message
493442,908,employee
1236819,317,a
1261952,701,pressure
677504,238,during
737493,811,agency
1052837,943,last
437802,605,practice
635407,287,any
691040,127,well
1237666,58,model
722112,968,appear
500281,172,sea
923822,961,situation
329654,492,area
735538,895,right
485664,278,first
716770,300,politics
963736,961,his
759321,943,senior
468479,924,indeed
1124398,69,decision
518049,598,project
935870,636,peace
884980,106,first
425031,93,agree
1044591,310,right
991024,857,most
526902,80,he
806968,934,prevent
1267256,410,strategy
1118859,41,media
869480,897,star
582121,694,near
1088883,236,marriage
1074751,940,hand
963160,998,positive
536639,241,minute
590933,676,war
734545,723,two
647850,79,later
1067316,903,interest
958232,738,begin
1148668,786,clearly
523863,320,none
767232,673,they
898959,351,pick
1197147,201,five
947214,326,recognize
793304,964,against
431588,858,sport
797930,637,carry
487166,103,case
1058312,765,lawyer
822539,626,manager
1019919,379,alone
384572,784,value
669595,760,attack
630335,662,low
762569,499,apply
500904,660,into
559397,893,whether
922576,673,want
970994,714,those
1131630,218,manager
477265,436,house
1158545,528,gas
391761,537,stage
670996,351,policy
861990,399,organization
1127788,822,art
1264246,188,determine
994513,179,business
1196663,908,Republican
422035,159,collection
1137680,449,lay
1306190,376,continue
835318,976,brother
839833,525,course
372846,830,west
802535,509,human
521179,687,child
410293,54,ever
539641,989,place
674301,709,north
458270,818,forward
605847,432,they
658861,617,above
652679,962,leg
950881,6,night
405167,378,card
460806,496,pretty
1086072,910,material
553942,157,economic
324041,590,free
718212,325,both
531937,137,painting
978296,97,environmental
496589,500,treatment
385212,373,about
1005857,209,continue
1268290,189,raise
1254327,938,fly
633226,231,right
680239,471,light
428259,765,movement
1283593,149,bar
1164683,755,girl
760007,947,card
661481,308,study
638822,34,figure
1233111,701,year
492685,728,meeting
314607,922,stand
1021470,107,director
1240682,379,sound
553901,726,service
1266606,236,memory
1160054,650,page
1066354,289,enjoy
680012,168,which
1079741,562,poor
395094,1,stand
827108,263,indicate
533351,586,read
992704,784,describe
1272962,730,back
921702,675,different
838373,549,color
795291,153,citizen
895246,985,under
947613,839,work
544529,566,organization
1138530,385,religious
760585,79,successful
685734,987,director
397099,901,too
1292038,270,approach
1152862,481,property
1067611,969,theory
382424,435,church
480644,177,increase
944572,502,mind
1162149,943,trade
789973,47,yet
534811,553,card
1210790,947,main
751392,722,kitchen
1041228,74,or
531403,472,mind
621751,697,purpose
865519,16,money
1235676,92,participant
858373,783,agree
568011,936,me
560279,234,sure
605754,218,fast
640819,175,economic
1089735,948,wall
758450,131,my
1092246,639,ten
1008842,263,meet
543318,536,style
401761,631,various
647307,317,issue
681634,92,watch
872826,308,it
414896,195,must
629869,636,character
1162954,450,ball
927090,213,know
690067,403,rise
1174273,879,kid
397205,302,once
1120927,394,score
425795,647,would
653774,450,real
351030,537,southern
1296193,824,help
945210,259,none
397670,397,research
639054,658,available
569231,850,opportunity
287653,902,question
1302362,527,drive
889285,666,international
800067,803,administration
777562,454,house
861540,890,interview
834409,872,skin
302726,578,phone
290961,328,on
1117343,341,clear
514077,644,allow
423585,521,culture
1070194,211,blue
636960,112,fear
339036,282,apply
1141347,398,everybody
605445,887,then
1242140,920,professional
1024123,181,woman
1084058,50,sort
1251823,545,claim
769053,226,perhaps
828939,193,tonight
694769,833,describe
1070967,10,soon
443253,180,team
1230854,108,operation
728346,347,management
990108,439,ready
1081179,53,class
1286319,333,own
1041320,86,condition
915699,551,future
778838,617,point
603631,379,go
911574,834,until
719711,921,grow
523551,310,bed
992318,759,test
1297613,612,word
489308,758,man
784512,965,strong
1263182,3,rise
856897,495,listen
320425,237,everyone
1108011,656,some
917145,770,pressure
992340,819,foreign
493769,492,research
1029655,311,you
713864,602,kind
732249,653,staff
982610,973,than
824638,16,quality
736765,981,article
829840,683,or
1151751,849,want
434253,129,bring
725171,692,rate
1274043,997,team
844857,171,teacher
614227,827,produce
569972,828,young
718330,835,customer
387010,543,task
898255,392,stay
533640,463,take
457388,694,eight
295639,548,focus
510129,717,sort
944072,390,already
470311,84,physical
457179,853,true
597667,524,very
750264,723,home
1111319,179,clear
1009169,129,significant
948962,903,share
1273496,228,above
434191,977,weight
1164022,432,capital
606943,954,approach
847439,510,many
727806,878,television
755186,329,kitchen
1038848,400,but
456846,806,democratic
573460,420,face
1279217,172,couple
1172766,377,argue
342796,667,party
1067222,81,brother
1184797,60,either
814861,504,out
1122569,2,tree
1063846,663,second
750749,821,image
396114,776,peace
1068990,979,step
659251,23,future
764922,598,official
1007150,156,speech
1297340,163,prove
756141,101,democratic
1267279,789,partner
645767,779,its
1243308,647,just
550019,55,everyone
1094680,687,less
295716,255,door
1092786,103,conference
662373,868,without
752385,171,become
1149199,428,computer
595369,736,once
1097595,56,adult
1308118,620,forward
844470,42,detail
1066668,623,be
946810,460,early
950199,415,administration
385777,105,material
1197275,910,manage
1199549,161,want
801496,286,society
703876,208,professional
723259,541,same
1241960,956,media
1006398,982,as
637466,670,support
460334,800,recently
341547,626,unit
750047,531,manage
945587,673,better
1147968,765,speech
1029307,711,apply
947451,468,authority
1274946,322,play
1069756,685,along
785789,496,cause
676278,132,picture
1213420,640,middle
613986,139,speak
1152968,588,door
471537,884,suddenly
386601,406,main
284995,453,him
377922,790,fill
1296667,91,machine
1179877,57,cost
667940,642,particular
787452,157,anything
1225764,613,mouth
700294,885,stand
573399,78,address
364027,682,figure
1160985,766,responsibility
781681,190,among
1211628,744,hour
280665,216,since
560075,469,at
928520,364,south
467409,864,rest
493971,580,edge
486134,810,social
1280454,377,ready
603039,892,research
761040,450,inside
461100,730,across
530733,91,could
863311,305,trade
895918,186,piece
499361,480,own
1185211,313,apply
1074153,962,build
1160198,48,way
571803,50,lot
1298604,87,issue
1276321,699,soon
356172,305,back
1297170,57,week
1276409,379,answer
414888,193,once
1017482,83,on
1056160,439,character
806530,567,college
740974,505,college
748532,356,interview
1018294,340,candidate
387593,248,century
685315,232,picture
283800,459,thought
1297642,628,more
1101160,899,decide
668741,686,why
284519,923,sound
400580,850,size
786143,636,wish
473524,596,way
1281356,726,bad
1190969,881,fly
1158506,214,campaign
1129491,340,wonder
651443,367,specific
793590,980,worker
335585,291,identify
1026122,337,popular
893042,56,light
282436,263,than
310249,861,sure
981428,411,analysis
384155,59,law
643015,566,really
1287125,870,tend
754219,352,near
1031123,972,environment
474969,783,than
1127123,801,easy
435071,983,hundred
1078984,92,tonight
347205,747,its
1182715,521,list
1124257,718,head
1075034,699,fish
859342,582,significant
1272267,235,mean
597373,59,hit
366758,564,music
749152,299,this
1077530,763,true
1272494,553,PM
343290,30,give
514443,830,short
565817,879,trouble
1026163,458,skill
306375,788,public
809713,482,traditional
282443,210,since
551719,459,others
905262,649,itself
587007,605,research
1065260,842,school
1279483,710,million
294315,393,sort
439054,207,big
570251,781,mouth
1030403,834,want
1178099,537,what
427234,24,such
484650,529,size
1098082,442,agency
373829,965,least
335018,489,his
1148506,330,thus
1112072,808,green
802397,416,central
1208183,600,answer
916115,56,move
718849,778,daughter
569381,8,all
631662,238,citizen
549054,608,high
1315369,99,teach
719008,121,town
845738,954,trip
929324,245,hit
583542,896,since
849625,553,officer
540250,175,likely
513424,497,official
526473,207,ever
307071,453,few
304280,352,member
1182280,749,raise
1226133,613,key
645950,466,act
894514,189,PM
563587,470,protect
637141,790,until
543727,605,door
1234804,373,house
931219,939,find
437736,842,single
683699,965,might
657668,231,learn
999254,85,machine
1059715,924,seven
1203221,482,drop
1109641,751,tree
1017060,765,available
492994,67,training
292308,527,same
1260327,679,eight
1311037,545,front
1285810,712,art
1288170,726,dream
1048607,421,medical
972208,583,during
689869,304,understand
1116439,731,dark
390279,170,marriage
1287536,45,gas
977310,190,whom
299026,925,trial
646139,349,night
978268,932,each
1228169,158,can
1063512,830,almost
867234,277,strategy
1085073,360,suggest
520805,452,hour
1159879,404,give
735844,585,pay
570672,41,law
1314852,85,employee
972613,676,education
1075305,894,politics
1228660,288,ask
402766,962,hotel
340402,435,hope
645649,144,body
557405,597,stage
595019,712,easy
809277,68,public
1055533,741,job
300292,745,relationship
1257949,774,statement
1115579,124,name
831980,651,relationship
827318,684,fly
1003889,41,take
1278680,826,wonder
854356,70,general
573323,486,pattern
528489,948,wind
1219774,273,government
302716,702,open
754984,498,list
1238988,368,pull
300254,254,several
419124,929,question
1260247,701,condition
320648,309,serious
421466,515,power
1282959,426,ten
437316,885,cultural
998736,46,back
795952,370,remember
642018,498,front
605739,513,south
449920,853,power
453042,853,operation
524970,96,also
445662,408,avoid
1049229,695,social
743313,514,physical
696621,880,child
456788,448,sound
889225,841,know
414240,988,series
634168,733,admit
1264638,318,send
853553,720,stock
1242185,101,only
652955,57,thus
997548,936,voice
987587,571,fight
677466,16,every
582327,893,follow
950463,11,first
733563,140,here
672743,537,compare
716613,828,better
792942,516,generation
541001,204,suffer
885892,421,peace
544084,439,yeah
459072,952,fly
610890,649,test
1306058,471,similar
649419,485,social
1235257,645,friend
1133156,1000,across
635806,45,letter
1256730,777,benefit
1295894,72,party
851638,350,another
1143771,867,language
379442,992,agree
405095,926,rock
1276524,25,piece
1078747,69,no
1311676,37,organization
626073,764,wife
740482,757,second
1024866,303,account
495143,833,each
1244453,498,do
1057827,753,industry
1238344,265,little
1014393,607,network
755375,67,rise
558724,86,bar
512113,307,statement
1135778,879,white
1155825,977,term
600336,857,may
711154,469,large
769155,253,wind
563968,632,first
359810,876,account
417009,144,final
676798,874,enjoy
867507,183,treatment
345510,581,writer
357003,700,concern
754653,766,newspaper
483275,186,exactly
417875,888,station
304658,945,enough
450040,36,present
834760,269,more
670560,216,newspaper
1082745,851,adult
1222135,21,money
1165136,38,reality
717581,767,record
736820,14,building
963945,924,whether
859729,641,eight
472031,603,way
746062,592,whatever
1058848,361,magazine
374313,787,third
1160524,260,herself
638483,574,fly
651362,908,run
599012,522,prepare
696266,859,state
1168411,827,across
1200923,161,suddenly
1145237,294,note
1144353,562,than
331429,518,six
914186,7,respond
704160,251,small
345756,574,close
814960,668,move
639298,930,although
1294438,775,law
603017,905,write
686467,782,necessary
881060,457,price
327606,915,something
805659,607,force
279311,19,resource
445346,96,skin
416865,935,save
1281806,256,west
534131,500,edge
859981,535,skill
328102,1000,eight
889038,647,day
477638,563,style
930750,695,affect
705946,273,family
714091,367,than
1097383,960,answer
801940,384,car
910697,291,act
393915,188,others
1249498,530,us
325656,141,rather
1176493,692,fish
905827,199,decision
941690,475,how
961491,278,civil
434240,685,scientist
1105454,574,important
634720,322,newspaper
505720,562,common
776528,331,shake
1012301,814,during
499858,794,century
725263,319,every
902678,374,American
960252,809,while
782263,97,fish
980695,287,both
355444,475,role
700044,41,clearly
958197,508,wait
578517,832,billion
533831,405,bill
1307293,88,shoulder
1111162,521,operation
1013254,254,week
551262,798,central
1178063,952,ready
1173441,371,finish
560688,145,thing
971141,924,bring
1062278,573,who
550282,146,decide
733851,852,industry
634243,820,candidate
488427,711,result
568879,665,member
1263951,102,home
1156467,560,together
680188,515,professional
281152,404,where
511429,428,whom
954270,169,table
936160,198,can
590566,35,population
833541,354,boy
1274610,501,become
1099832,112,someone
882865,688,case
709854,321,example
712845,105,bar
866046,394,away
1080771,407,leg
436704,884,card
543368,641,close
383446,265,citizen
835314,915,alone
784176,945,attention
486200,905,analysis
671920,248,write
1242382,686,happen
853505,999,book
897301,164,open
1285725,769,keep
1179920,907,success
816363,753,gas
799446,399,structure
1057082,433,together
761848,552,almost
560461,959,open
1034854,959,set
951170,68,clear
953821,198,billion
745222,577,project
385660,428,material
556883,995,box
888169,688,sing
829954,220,nearly
985564,547,majority
945447,783,more
1285407,849,even
478344,307,soon
335168,106,tend
517347,373,voice
697879,433,around
803482,999,actually
341343,739,someone
871765,696,outside
1029564,925,score
1088678,604,same
642322,732,along
845384,876,town
611719,228,establish
427221,65,think
692116,980,still
1288776,317,cultural
892842,917,might
857438,935,mouth
488990,597,arm
769062,558,produce
1277950,324,toward
1062092,39,tough
881320,830,economy
456622,863,write
383072,45,body
426490,70,appear
1140707,165,better
1136338,576,police
572065,92,chance
650763,199,newspaper
913897,54,want
409779,145,prove
479871,177,away
419695,833,skin
490046,71,fast
891760,157,despite
559035,1000,detail
567489,757,design
1233386,3,ahead
816997,421,animal
674759,910,report
1048786,166,large
328650,672,middle
879133,876,fall
1260015,10,for
524635,17,economic
946940,796,point
803741,824,doctor
813702,930,do
1112399,515,resource
857155,359,whom
1052830,935,growth
364865,85,all
362799,492,across
1008823,837,attention
1111964,96,wear
535291,912,some
871131,573,letter
1119448,65,newspaper
1187850,542,decide
682746,988,film
787086,782,few
1070267,911,establish
821560,93,question
1278563,391,heavy
432120,584,bring
576867,18,produce
1079818,562,surface
958140,190,until
772951,807,who
1279607,152,home
1045337,958,plan
323749,558,attention
1130106,485,seem
311056,88,discover
1211596,790,deal
780394,775,whatever
839943,241,prove
906286,194,source
544847,810,candidate
964356,429,central
559642,641,go
772315,284,hospital
874077,470,none
1216997,384,myself
1108046,588,environment
755128,863,note
599277,927,church
1275581,92,wide
703949,934,page
567553,774,statement
1140515,986,poor
1169614,791,church
1072417,702,project
667444,106,anything
696760,616,defense
683394,705,story
803892,773,available
1045779,480,instead
1184470,8,son
1015654,445,end
1028614,927,affect
494869,773,watch
899882,861,serve
1035664,429,election
657655,644,take
318599,312,attorney
1115999,727,during
1069275,526,four
366724,159,computer
1038568,239,just
324726,526,room
939760,430,various
333787,854,series
861682,151,home
287762,95,word
638890,170,culture
484938,990,country
1016270,870,still
859087,419,not
1305063,540,huge
990231,139,spend
634912,678,vote
801411,719,up
1258780,353,relate
449916,488,during
764081,943,side
558919,169,church
1255338,376,heavy
849260,4,stop
1190453,901,kid
605316,720,woman
297441,291,activity
651908,730,yet
431158,761,half
947954,287,late
458749,76,gun
720788,711,one
988876,584,moment
884423,446,identify
287624,465,tough
1188968,986,mean
869764,564,enough
1266028,807,many
351974,87,whatever
1006835,197,human
924041,612,involve
468058,11,event
508429,800,debate
809121,140,every
1266657,136,simply
583340,353,outside
757728,780,position
295063,498,plan
589086,499,where
398797,438,dog
511463,275,yet
1121383,665,customer
616323,171,entire
320753,993,almost
520659,338,focus
1085353,938,business
656677,864,film
599185,585,help
464185,12,cut
1049549,756,from
1310083,622,score
693673,22,future
390189,278,agent
1202997,837,west
369385,995,bit
933074,47,race
727308,39,thousand
1101695,608,he
1245601,568,left
1285552,303,price
398023,451,north
611592,217,me
741869,86,cut
681450,93,major
695778,745,save
1060584,746,sing
867678,309,remain
350692,221,ability
820539,625,heavy
564091,4,involve
560213,861,he
329769,484,create
412974,476,pick
694859,116,bar
1012317,774,color
361458,632,lead
1175477,952,at
546909,1,remember
1298955,397,sign
1297041,876,minute
389866,371,dog
1013232,82,must
1207881,291,price
1133953,427,traditional
810859,345,cost
356075,1000,perform
1282311,750,fire
1221940,437,ready
311995,835,get
757509,953,yet
420413,909,think
1131520,109,various
517740,687,shake
939026,983,station
944837,217,Congress
1244911,337,reflect
978508,57,rather
1072794,920,speak
447075,87,successful
696956,429,old
1221577,798,home
586648,419,perhaps
375321,857,like
731859,779,risk
1093056,814,act
463231,716,join
1185546,177,month
644829,113,really
686659,101,stand
618933,780,assume
1227019,235,doctor
375071,984,foreign
974361,307,why
972680,859,glass
1140779,282,represent
1286493,531,office
1182674,42,school
518518,201,student
775802,936,though
824224,991,often
690202,326,dinner
1067836,692,computer
672061,700,old
744682,236,word
452655,407,focus
925868,596,place
527490,839,movie
578122,921,move
400963,750,too
974517,561,bad
898098,704,experience
500340,268,throw
896512,51,able
1011597,537,prevent
701749,888,often
1089459,658,local
579232,186,ball
537220,887,field
865679,131,section
379701,135,paper
1271210,773,pick
644699,4,teacher
1072452,270,available
892288,217,everything
297126,52,financial
356127,63,knowledge
577672,136,various
308891,238,coach
397903,576,catch
495939,529,friend
1118679,767,bring
1130372,211,cost
327266,305,produce
994610,300,help
602617,560,Republican
1122005,767,dinner
310200,347,hot
1119893,662,before
375541,249,animal
944232,800,where
1275014,455,rest
1273225,290,within
387663,511,side
845199,393,activity
316137,85,happy
445696,174,always
390874,636,because
467285,755,everyone
756759,653,pressure
759994,871,account
514783,748,race
662957,121,impact
589141,753,wall
1238331,438,or
693293,589,set
632237,366,life
989293,290,major
622294,867,ok
704504,682,four
471469,239,only
756341,43,season
654077,240,seem
808288,301,provide
965191,676,modern
712905,643,early
538234,533,what
1022097,389,exist
704043,519,suddenly
598288,798,activity
845089,805,need
1234835,744,environmental
673570,875,instead
928416,486,beyond
1207049,931,pretty
790390,245,treatment
751692,215,a
1137182,608,series
329322,69,response
1203832,18,yourself
1162967,820,cultural
344365,916,nearly
794904,953,kitchen
805164,420,common
1110238,271,investment
727174,30,born
529029,581,item
745869,813,lot
459998,138,realize
1186221,104,in
600252,903,group
690561,390,project
316327,372,say
949412,699,health
649186,580,strong
1212835,384,age
1036234,380,nature
837878,561,of
698964,151,foot
779514,686,dark
557854,462,beat
812841,370,not
835472,894,analysis
1079939,194,remain
910349,738,operation
372575,526,hit
906845,553,investment
333656,159,right
1185510,460,score
382052,764,say
887685,937,task
343254,725,budget
1301367,402,our
496228,846,agency
402929,174,sure
980047,648,common
368579,808,war
1183832,508,military
1232712,419,be
280522,456,end
1152786,942,learn
595201,271,leave
286834,747,whatever
644984,246,agreement
699507,297,easy
1054164,697,early
1216043,98,feeling
509729,697,always
731333,429,campaign
1097187,546,together
1016731,381,pressure
1255982,56,chance
459193,705,for
921423,957,politics
597097,390,may
1207628,255,capital
689624,900,animal
924393,165,dinner
1154727,15,future
791689,200,us
882764,442,attorney
908060,608,by
1079495,837,save
959661,940,similar
747035,122,out
999081,510,section
945324,896,stuff
621498,882,current
991863,777,let
360709,677,debate
754577,257,value
1231214,115,whole
1235957,994,space
451131,727,class
602294,684,standard
489944,533,receive
337968,776,high
1215565,470,shoulder
1016724,435,visit
1215365,168,others
342685,865,hold
392276,555,those
1004871,885,cover
733378,970,hard
1294145,393,stuff
1056784,579,energy
1039303,609,claim
882026,280,other
1237908,276,hold
313712,532,that
1097778,265,beyond
1213702,78,blood
997135,367,nature
882803,179,experience
865150,583,everything
742305,426,ok
776232,776,charge
412521,824,step
767638,454,I
345331,650,available
351594,78,local
1035039,702,rather
1221683,39,during
1210076,633,word
489371,833,fear
432386,740,herself
457668,71,grow
1308798,49,do
424193,674,official
1158129,904,ask
441079,391,sell
579175,493,order
1264416,819,truth
446829,924,especially
959655,132,hand
914733,82,summer
426902,865,safe
1284552,202,idea
996185,704,society
936819,402,make
1222660,651,wait
761227,708,message
642871,594,series
770447,431,per
558816,961,long
632450,236,operation
1051247,251,system
365724,390,drug
536492,21,general
522059,661,rest
1311792,482,vote
870079,451,role
332044,116,heavy
1310476,744,place
634503,168,walk
1117603,240,own
700909,872,also
1239159,294,option
472079,413,hot
1014341,132,thousand
1111091,749,follow
1263261,293,she
454650,308,mention
880183,472,high
697899,919,movement
1052185,759,leg
379413,676,detail
1104106,906,hour
790724,172,here
1077401,758,end
424207,757,skin
499662,341,finish
528547,735,part
920471,507,check
433165,566,perform
857601,556,several
544481,341,force
481185,449,must
635749,285,card
721530,113,scientist
1045212,362,number
1196234,427,career
279993,601,now
688617,599,first
1301070,904,exactly
482684,796,bring
689491,989,everyone
1257403,102,shake
786882,505,none
1122982,949,expert
872212,41,eat
1199553,405,scientist
358394,568,call
638540,454,voice
446646,686,choice
1154997,798,thus
854176,636,director
778206,647,recently
1251328,243,past
1284602,838,director
657456,399,pull
399560,556,move
871254,839,head
463168,20,kid
569993,385,compare
1182053,536,beat
432643,995,any
554595,506,window
732934,606,race
400823,474,level
1270220,40,responsibility
953316,327,television
338034,303,wrong
1241829,909,responsibility
480660,149,firm
322247,978,pretty
637713,551,page
1299592,242,woman
1253343,296,school
835721,628,resource
923818,12,pay
638839,937,half
1209414,516,fine
691441,610,offer
576623,647,front
458350,960,listen
947445,964,above
1121541,91,decade
1069594,266,to
838826,579,own
347223,965,cup
610136,77,west
1041261,2,century
1165362,92,catch
1206742,305,imagine
1312633,532,example
627223,222,part
1100586,418,place
542812,728,put
320846,843,strong
813866,287,allow
898489,827,without
1037970,631,dog
795728,812,work
1173094,157,rock
898185,124,themselves
513596,581,hair
682151,393,account
1087285,189,fund
297932,203,degree
1111481,395,face
1203695,770,traditional
419478,234,hour
344718,870,meeting
936220,338,six
509069,830,show
1258055,65,design
479714,568,trade
1013768,835,health
624465,84,computer
856292,498,rule
721527,897,sport
1032241,392,toward
482900,693,so
1212615,477,unit
1304290,633,chance
1176574,28,allow
336730,869,glass
413712,455,over
880006,560,protect
837924,892,hotel
738689,491,take
593518,299,fear
341862,913,compare
447341,560,phone
761838,468,partner
559588,435,suddenly
813056,145,family
868284,920,four
404354,94,factor
615149,840,ten
875392,177,true
605537,673,process
1024197,630,above
821265,341,song
553030,316,reason
921336,783,best
535198,488,tough
1264814,572,understand
637742,856,brother
358777,638,difference
286295,809,yard
659483,136,bank
1174265,259,coach
816861,417,little
552791,241,would
372753,508,during
1301718,778,resource
1262518,854,third
990945,133,anything
364978,521,fine
745266,139,policy
557272,586,difficult
431045,364,sense
1171684,783,project
1165731,265,continue
497546,104,produce
862932,522,go
965178,259,decision
939897,230,most
692009,379,mother
657586,370,agreement
620035,809,animal
386032,699,from
1044752,117,season
639890,685,design
372650,304,ago
508131,130,none
1010144,146,speech
373525,578,involve
1126774,881,hard
1150372,637,with
939853,455,bad
391116,62,she
672433,644,road
901136,263,possible
777400,899,I
1161994,772,give
629773,263,believe
1063209,907,station
871603,551,mother
1197685,569,life
413799,855,start
668449,725,activity
298312,752,listen
576646,795,responsibility
456451,178,case
573957,878,walk
1246370,259,book
295042,70,enough
500386,184,picture
477561,530,run
1083688,118,cold
1140912,779,yeah
814770,16,others
510816,604,season
1293177,904,kitchen
836505,361,industry
1060095,331,rock
985608,848,into
312535,758,benefit
1016874,774,garden
1179198,984,toward
501644,404,voice
1141729,257,quickly
398506,693,kind
420692,690,base
938892,631,movie
633993,124,fund
1229789,61,large
1217963,704,skin
572972,134,question
690915,773,teacher
1244752,717,candidate
1197354,129,see
1071182,818,grow
278586,193,could
492656,744,late
1116887,415,within
688879,540,let
1028932,859,away
638729,712,white
1059988,222,blood
590126,952,young
758838,223,customer
711967,972,husband
1088084,50,example
657866,940,option
929959,382,lose
997573,911,girl
1091251,148,hope
453446,21,yourself
393960,102,inside
389400,776,give
296629,997,you
614396,572,course
364560,295,whom
520376,205,allow
1180103,382,enjoy
635972,384,five
862357,235,Republican
894164,125,page
1085146,734,lead
1216434,758,yard
944002,420,special
1021870,348,man
312127,480,style
991853,312,building
449138,167,since
927962,818,four
636550,244,among
972177,911,account
1263152,977,third
527113,643,alone
472656,737,trade
646937,180,whatever
718509,231,station
541528,439,play
1156038,710,anyone
828006,653,reach
971183,717,nation
1036468,391,off
307749,250,environment
1016981,437,none
566613,648,any
1040193,849,learn
432016,950,about
1071234,388,media
995236,552,four
867422,332,real
636367,503,successful
375546,232,do
763313,167,produce
1074618,270,call
1131194,975,catch
1225508,248,begin
342022,982,wonder
497583,634,field
1146282,852,marriage
987462,609,news
968023,376,usually
671457,154,focus
609129,385,factor
827405,320,produce
961814,653,wish
766681,900,next
831426,463,teach
1218487,264,test
360888,580,common
770676,371,light
749318,573,suddenly
575688,141,administration
383701,356,generation
1246651,696,its
698100,863,ball
1231513,312,forget
619068,466,now
911759,774,establish
1009590,719,discover
1003801,280,situation
385742,115,president
1295512,564,pull
540661,761,same
856741,875,assume
348279,611,allow
431039,766,sense
1094619,565,Mr
350125,494,pressure
903172,911,safe
647438,542,whose
715980,713,shake
376957,632,return
1262153,167,lose
323936,502,character
1291309,610,lose
1300096,688,start
426389,348,also
769603,791,employee
850125,85,cut
832051,342,upon
552269,930,experience
452664,55,hot
414154,301,determine
499905,519,business
952563,471,common
801274,894,kid
843951,259,drug
308181,865,brother
1221610,893,something
361652,390,cut
563677,588,tonight
534937,59,late
507626,671,raise
916259,698,authority
828480,763,good
584973,47,little
513953,906,find
737065,321,into
335302,352,out
857148,52,life
316056,449,wife
385861,526,into
389323,648,thing
1242151,558,ago
1169999,487,lawyer
966668,755,child
583988,270,treatment
586022,840,style
428878,945,physical
753916,110,population
313573,727,push
335748,460,watch
606006,812,society
828024,604,bit
978111,429,citizen
1141089,660,always
1252942,183,least
455161,454,fly
422506,143,enter
315895,281,debate
569678,945,place
1014683,858,fly
999649,686,firm
478666,589,figure
342840,700,nation
519097,813,enter
335988,512,southern
889720,190,pass
320594,527,phone
875854,3,all
816574,620,trial
494093,854,vote
493461,246,describe
1297511,156,middle
654875,549,carry
718820,958,writer
977663,422,perhaps
1134753,924,official
855924,4,effort
1153503,379,realize
1182408,88,list
959117,188,rate
586931,21,court
1038008,242,radio
406398,479,change
1080596,129,program
1280179,474,behind
671707,422,during
628790,8,gas
642274,470,statement
380973,886,agency
373257,105,husband
666632,240,something
975602,875,prepare
321700,96,third
523456,962,son
1044532,388,save
730608,961,run
1294303,349,detail
458603,615,management
729135,808,wonder
416352,868,none
651662,657,during
847915,574,however
698440,666,space
993565,75,prevent
1167441,895,when
793691,738,among
385728,299,really
835402,722,office
513806,15,determine
406114,139,bag
1126888,458,hope
533634,551,nearly
686699,374,sort
1112355,874,goal
348252,504,think
818829,402,positive
773852,313,east
994179,578,magazine
632049,374,spend
413764,493,production
609602,448,day
351787,86,hour
834228,620,main
929731,580,bit
394266,294,for
535156,638,offer
628480,962,blue
1084451,80,election
991959,303,position
1075470,411,section
886494,699,single
594134,343,base
639694,299,side
1211659,490,government
895875,80,large
850222,548,sure
684456,822,hair
1243233,3,PM
1075513,124,majority
900321,261,soon
967992,292,piece
387459,530,hold
633659,891,answer
1051804,592,cut
561775,806,speech
847553,160,growth
761048,850,rich
312745,782,news
329264,24,stop
869330,706,idea
1276164,589,debate
642376,577,build
702514,27,available
1058732,145,painting
1281349,735,half
303595,453,street
757477,11,animal
1120558,779,manage
803375,368,many
991456,3,society
591319,466,really
596006,125,me
1046190,478,wrong
1220919,481,country
806162,366,too
613196,847,myself
977512,172,travel
1123407,919,four
591234,797,available
923534,618,try
457881,11,significant
536478,598,because
765453,284,past
1033111,811,western
901858,646,brother
557452,694,participant
920080,556,economic
1046690,318,film
438873,865,trouble
1124269,263,military
321091,393,four
1220050,879,civil
1015572,488,particularly
1170275,457,continue
1282761,776,page
352573,205,choice
949788,76,modern
744763,797,would
543325,630,exist
346764,101,former
508554,581,bank
512762,40,scene
1012696,93,this
822454,746,rich
387795,172,phone
337521,516,skin
1251620,972,yet
632739,480,while
1285490,961,message
591898,228,environmental
1077191,472,light
313363,502,despite
733543,993,break
389697,331,doctor
315618,656,TV
1178660,80,maintain
487377,544,early
1159434,624,court
923651,319,who
462337,994,meet
384889,155,share
1252229,571,economy
870694,59,east
623637,15,social
1269971,488,adult
1273788,401,per
675161,132,yourself
357878,831,run
717649,119,think
452655,405,choice
589398,514,official
1064431,257,small
493336,269,drop
1313583,465,they
570219,506,myself
782529,532,half
1252562,179,hold
794427,777,property
1024018,615,mother
1042866,188,this
1168740,771,green
867858,858,there
1309297,685,indicate
682703,383,ready
329035,669,democratic
869835,815,music
1063938,496,partner
286605,24,another
347978,539,same
1177785,914,nor
969317,828,wear
1297309,827,group
884499,354,candidate
1149002,977,worker
658677,819,down
1173080,42,ask
342373,609,special
325631,437,country
848355,184,toward
798332,48,law
1260333,736,several
804308,773,popular
764738,764,nation
616113,661,similar
1082986,929,wish
1159166,428,mind
490732,635,good
1282939,479,drop
1218415,632,cold
680185,645,still
332422,465,Republican
525747,320,idea
529220,946,against
726097,45,model
947118,121,maybe
744230,746,meeting
637950,354,peace
412893,685,nothing
661684,519,candidate
1310395,954,which
951910,242,argue
1227957,693,finally
296636,428,money
466261,102,discover
996418,860,others
849879,812,agreement
1299106,132,drug
745416,466,real
647066,106,writer
861476,976,manager
545757,180,teach
982316,13,carry
716064,801,recent
445013,649,join
404289,751,board
291959,126,three
362763,499,late
532949,746,hit
1255771,975,serve
724385,942,board
1051934,597,gun
470800,401,face
323410,785,even
489393,970,give
826872,821,question
782600,740,song
561688,964,garden
557849,697,son
417787,867,rule
753275,669,my
1235455,4,professor
1195721,963,small
518110,846,leader
677324,595,boy
1247280,449,surface
288944,177,how
830582,499,hospital
406700,507,six
475477,56,several
902395,882,service
809050,520,economy
600845,612,fund
1196591,753,onto
699677,996,night
786069,300,course
1053633,462,still
906251,995,economic
729583,819,everybody
807074,588,leg
1095432,782,billion
604471,56,life
376540,1,while
614026,161,reality
1074325,282,color
1181978,831,occur
457896,622,trial
1125518,511,agreement
834512,827,seek
973190,738,field
1226293,466,look
687110,225,also
1195853,470,black
1187850,331,coach
674255,252,risk
541144,259,school
708220,877,much
584056,236,hour
310849,191,shake
389706,548,popular
366464,999,old
489442,208,his
896468,620,interview
565090,552,produce
687773,951,marriage
389379,60,whom
511425,492,against
1003780,244,list
343367,312,price
1105053,248,hand
816406,73,song
482541,414,three
1235993,982,family
290564,197,leader
356722,823,ask
839675,331,night
1049056,609,support
701654,838,amount
798549,318,decade
991053,95,trade
1221228,394,man
602680,390,discuss
1275760,287,water
1235199,445,fish
703487,694,that
475211,195,interesting
714080,994,yes
1289634,975,throughout
1277415,726,research
465534,108,hand
320375,98,likely
845302,293,use
318337,936,policy
622723,406,character
344277,9,read
418269,830,collection
937258,988,its
974180,109,cover
282733,300,natural
325787,119,government
941676,191,best
729066,610,leave
928688,516,trade
894280,801,behavior
543621,704,two
1240644,469,improve
1117859,833,answer
1098758,909,lead
934383,893,number
908839,623,manager
566266,988,summer
664291,101,air
763108,530,again
1214401,722,their
414249,480,develop
1208679,774,skin
1066931,725,light
337682,321,must
351693,28,pressure
1250388,551,who
1243713,301,near
972975,334,pretty
348213,934,investment
732155,39,determine
898442,70,science
850441,332,sometimes
860395,554,style
763750,958,blue
672053,296,best
1219159,438,anything
758112,246,respond
576453,619,want
936752,473,choice
494640,392,camera
1046209,911,everybody
1037438,249,wind
307430,516,rate
741178,6,road
929918,817,rich
427944,306,poor
438607,207,scene
1002494,118,line
721539,439,address
414437,644,cultural
1054750,533,very
500513,223,black
1306862,10,strategy
1164959,646,first
540137,794,consider
306740,675,defense
1152905,232,wall
1236248,916,organization
588905,167,rest
529837,227,friend
589684,563,pay
1247242,310,part
350321,989,security
1147462,540,born
497843,307,east
1202801,640,include
707772,799,than
920661,725,force
481302,176,truth
1257237,723,involve
689850,296,them
842733,663,individual
1159370,820,attorney
1055097,843,suddenly
1126021,373,instead
1051503,547,range
1011711,571,my
320567,879,section
640177,63,above
845640,434,voice
1144053,340,yes
972145,27,old
766900,193,left
979127,574,hard
997728,29,sit
1104800,244,best
1066232,586,personal
1256755,97,none
712850,224,once
440773,867,rate
299310,621,certain
1086607,924,involve
1129523,420,board
989638,710,identify
330629,899,voice
1135531,887,case
395982,461,quickly
1012334,280,glass
796568,268,thus
618278,922,car
504103,776,majority
395578,803,into
564969,638,material
345099,488,direction
1047702,176,color
705502,145,at
393563,825,decide
307430,986,thus
990081,932,up
502158,874,whole
673302,272,work
489274,647,hope
426221,609,past
769746,60,region
1199405,316,week
701532,573,technology
1163189,455,today
524981,528,director
766798,634,program
1103524,458,business
1134115,613,direction
898532,770,space
932974,26,goal
989265,659,case
1056643,148,call
1274405,144,end
478758,230,tonight
572952,407,law
955122,79,themselves
971591,780,situation
740454,623,often
361833,9,successful
286505,585,present
1029228,184,six
328978,633,thing
1095525,952,small
1241756,680,property
766880,712,yes
1251688,771,win
361049,679,probably
631831,829,choose
670785,830,grow
684865,741,us
1300207,218,blue
1161589,316,raise
676190,401,myself
332279,835,law
857640,498,film
384656,760,hard
968112,913,sign
887099,41,lot
1047740,227,home
520341,871,avoid
635005,977,despite
895161,230,take
664128,902,appear
723549,57,yeah
977445,95,popular
710770,247,while
1092072,169,guy
1270626,406,truth
964764,376,contain
1137343,325,enjoy
634600,618,network
1026508,25,clear
1114910,257,turn
1115404,981,moment
994700,872,tell
572321,960,process
808100,728,past
1255746,79,necessary
307556,691,eat
826381,325,finally
1125944,957,oil
280758,389,dark
1212932,173,me
1288704,125,majority
1060011,210,and
452927,762,will
1241451,975,put
423586,599,economy
624655,90,security
940599,860,central
925799,39,long
1129349,75,left
454363,916,fear
722388,1000,rise
823517,461,else
721245,635,notice
396017,84,research
758559,680,stock
1040168,180,drug
526833,814,forget
647821,234,his
1285155,343,add
1048184,896,under
1280527,795,tonight
410947,524,outside
977964,126,vote
759381,785,challenge
727346,628,drug
1248484,805,morning
1089038,711,term
962428,526,computer
553813,983,prove
969639,579,yeah
412180,826,opportunity
793474,675,century
733122,364,design
923513,509,from
489993,890,hospital
1149187,670,local
843676,478,kid
299218,6,wear
1295345,335,deep
929015,153,beyond
679221,994,within
1094941,68,son
927824,634,father
692717,943,among
695686,603,strategy
565421,580,learn
1088589,318,into
965905,818,range
309587,1,practice
992911,37,smile
742214,174,reduce
726469,749,imagine
1055591,479,hotel
572965,343,future
779554,345,still
666919,621,kitchen
708997,511,message
829676,319,have
694829,2,middle
459953,857,another
789099,577,several
386522,337,herself
1145583,974,stay
1206510,204,manager
842281,958,mention
958381,684,sing
1146404,171,address
1131325,792,form
1109371,90,teacher
600962,803,instead
478513,988,no
1076652,770,far
325456,989,painting
579102,977,attention
382120,676,read
488391,880,raise
573481,476,first
985131,732,picture
1304891,40,exactly
481374,449,carry
572405,97,girl
1214418,62,seat
1309065,482,save
446907,196,herself
861499,548,economy
678770,611,quickly
907996,553,hope
731073,813,main
1085891,532,economy
523976,797,economic
801611,961,few
1204010,489,develop
1057805,450,quite
332458,394,product
497213,406,close
963486,397,institution
697387,692,idea
685044,653,official
1042901,161,knowledge
699050,105,reflect
1188092,873,may
1285878,726,morning
401736,425,interview
721287,416,key
334778,846,begin
813373,324,eight
792693,501,read
618079,637,week
949703,627,line
1127371,58,technology
550583,382,simply
816363,779,near
907975,494,month
870341,407,base
1056336,764,certain
1276483,380,number
1129849,34,natural
1287081,181,think
810647,267,tree
1087346,660,least
730099,869,ability
768435,213,possible
377694,9,within
772843,854,quite
802820,252,TV
840190,563,group
1177108,681,marriage
1198589,802,finish
944936,444,fast
297036,350,happy
1112875,209,history
959720,551,more
441932,640,really
543738,612,whatever
706944,51,task
609535,421,her
928537,26,instead
484295,560,ever
962626,656,television
612357,677,watch
558809,704,institution
1194595,334,without
898146,381,anyone
1244033,783,box
564697,123,tend
1085007,473,onto
341954,670,oil
367122,545,ask
816286,477,detail
703740,619,institution
623751,630,top
496427,651,stop
795956,334,tend
1025029,907,task
941635,409,pattern
942228,798,institution
461084,503,poor
754276,472,however
558371,486,much
713372,549,north
894589,375,mean
1191786,296,heavy
1015696,723,far
1068085,872,run
1291148,993,test
1264470,563,rest
709036,588,cold
804521,689,husband
1018228,674,sing
1273661,3,similar
1195600,330,anyone
887322,686,middle
671615,60,yard
694519,711,carry
1224721,596,real
683134,846,east
1041901,664,many
309857,275,staff
464309,674,music
396839,250,much
1267054,488,black
679100,766,cold
1048720,726,check
953988,146,find
1156966,644,way
854352,575,growth
414273,25,once
751758,857,be
1070110,184,must
1311976,680,blood
945547,924,candidate
300139,136,perform
677238,8,trip
474608,105,could
575308,588,good
562548,763,teach
603902,330,outside
954498,561,herself
751398,585,term
524387,746,inside
1212764,324,power
451947,957,region
1159858,825,return
761326,395,whether
1169300,549,each
1204595,141,rich
335809,889,approach
512803,865,usually
934309,26,purpose
551058,112,Mrs
303024,806,majority
1102475,679,similar
845708,922,sound
631115,717,speak
1213849,56,because
1159212,578,on
1073429,302,author
431845,68,see
1100927,163,look
645511,721,food
397471,31,recognize
862634,953,yes
424210,905,send
520005,787,per
473088,560,staff
976816,287,market
1186585,162,employee
369630,45,set
473705,253,employee
819145,706,agree
383031,541,field
1122432,839,gun
638272,995,different
985310,698,stage
416989,243,wide
1155003,591,government
560771,988,she
1024102,423,population
953192,359,term
1235653,249,traditional
320292,311,free
1069800,14,air
542119,811,live
606016,260,remember
866848,280,sport
1113198,591,through
1198542,357,direction
1248820,277,minute
1271921,809,site
970327,313,with
1250917,879,fact
1075250,66,drop
973614,860,number
739330,455,degree
564170,92,imagine
359068,528,result
1030133,763,compare
309061,627,read
1218659,196,vote
358541,764,require
703244,744,father
656061,805,subject
1003105,11,move
752542,261,myself
858502,93,serious
481654,849,man
1216935,524,product
405318,660,four
794917,453,feel
1022531,792,style
1144097,190,buy
1289747,28,fear
377129,629,he
564789,188,mission
807689,490,task
1210701,207,involve
1283765,112,carry
1203607,169,affect
1224129,283,impact
384868,13,old
554392,777,that
853072,818,number
1295952,614,alone
471007,8,nature
616147,907,well
1113428,555,something
575223,789,pay
934662,707,paper
931556,232,shoulder
1136369,240,most
362790,328,can
560792,17,each
329072,295,price
842157,726,stay
951960,652,size
1161216,790,dark
1194019,218,include
647657,757,quality
987379,486,can
381202,414,so
758021,238,his
354140,529,writer
932855,980,piece
997208,234,us
964242,933,think
795515,785,quite
292899,407,I
399200,314,writer
914855,307,skin
1269356,175,girl
1191891,949,Mr
974680,95,be
1027659,824,range
971463,461,the
392480,69,perform
333545,63,religious
428420,301,market
630596,434,note
1014308,164,common
841178,425,take
1102208,567,just
390976,316,her
1234316,770,pay
991629,536,again
1297412,377,fish
837466,597,long
709541,45,positive
929427,859,PM
425407,505,participant
1079773,870,car
625637,734,leader
363706,521,risk
779424,791,effect
888410,915,ok
707312,364,surface
442866,445,actually
1025453,980,as
754880,698,follow
924194,976,for
280810,39,our
1255511,468,expert
763685,163,citizen
1255207,217,right
948651,942,body
1242600,25,necessary
752058,138,bag
1019955,671,way
453717,560,suddenly
1245917,149,nor
1025218,468,born
402593,663,teach
639709,823,politics
321366,150,decide
1215856,121,someone
1041086,263,situation
742544,487,when
784152,506,official
1257720,889,bad
530860,24,south
1098809,780,available
477749,419,garden
601171,483,expect
1128509,148,forward
360695,149,base
530760,857,feeling
945258,407,me
608205,988,catch
552920,854,term
419379,924,exactly
656209,305,area
904047,784,perhaps
868111,469,several
1141880,134,among
533305,449,present
937025,688,least
951944,744,open
321914,130,series
1150698,681,nor
1224873,902,reveal
347144,12,together
1139395,571,against
915981,143,next
684898,494,fill
1112631,827,little
740480,595,decide
1088763,892,trouble
352951,968,indeed
282422,388,memory
700215,790,sister
1093481,998,move
520670,773,woman
313393,544,different
830022,676,scientist
575501,331,decision
1305813,385,game
733125,255,man
853229,564,place
862207,981,game
1060519,618,finish
294661,457,writer
1301624,399,continue
990700,68,institution
1249994,65,piece
574461,53,both
914959,860,wife
732900,258,some
476707,824,despite
929968,324,difficult
417797,709,discussion
703054,526,state
847157,302,ready
841486,453,purpose
424934,270,out
892735,671,television
416405,435,threat
310122,879,water
483033,336,born
1223857,350,simply
758097,528,campaign
636244,915,pattern
1240124,661,hundred
835506,257,firm
1096276,141,remain
939406,464,agency
531007,121,feel
933853,169,see
706020,777,charge
502065,574,perhaps
1266289,403,out
628728,691,carry
866744,495,how
845070,5,name
1077433,316,same
998329,300,plan
697574,748,doctor
1141036,78,worry
1306160,513,improve
1110784,819,production
492685,723,bag
566554,852,doctor
1120243,794,style
1162570,63,phone
892758,835,relate
366652,480,power
730188,902,program
1021400,90,show
1100709,890,continue
984993,745,miss
1134240,552,official
971543,555,might
280337,64,book
1087547,258,officer
1186347,400,others
1136871,427,machine
632148,694,guess
1141529,641,go
625177,881,task
413074,698,past
280502,275,thus
403636,572,above
723124,914,head
1266734,860,where
657334,433,field
1202760,333,chair
438058,660,your
1097987,838,ever
831224,742,find
563753,887,upon
1032406,897,concern
734220,142,south
1185032,578,cut
505980,275,create
923125,71,door
1244532,333,box
593339,72,ok
606047,740,gas
1032640,748,light
294382,598,entire
758793,738,direction
1033515,380,name
654002,817,institution
1252712,686,land
429428,54,impact
740793,624,game
1198190,678,clear
743424,583,which
1036740,955,girl
365336,794,another
508609,253,court
1126300,375,avoid
749020,820,reveal
1062215,382,fly
902916,114,can
1232262,491,personal
295569,448,interest
1149076,909,relate
993683,648,matter
1170607,362,lot
366400,274,yourself
1257378,31,serve
512575,450,guy
731010,205,image
307424,680,win
1141343,966,individual
1274615,750,site
642110,440,less
473320,357,let
386426,253,radio
1268434,114,movement
1007819,295,information
405526,415,assume
588470,27,serve
947586,868,allow
948458,617,design
760715,369,animal
1167404,542,open
1241963,619,discuss
479801,844,support
1214458,221,find
630963,863,any
875770,270,pull
529979,534,step
839330,429,coach
1045287,418,Congress
1038445,685,box
1081781,685,democratic
560347,680,notice
1220758,952,reach
497403,888,long
855486,750,book
1034438,7,energy
801086,666,action
321107,34,dream
366630,285,lead
313387,455,talk
460386,434,commercial
1109281,302,social
958455,322,man
574375,425,itself
448889,560,address
1153129,855,air
951994,93,particularly
1065681,902,nearly
705264,455,kind
700679,269,capital
762740,328,able
564061,175,moment
1001510,463,writer
475865,8,home
760924,82,Republican
504180,719,strategy
1031840,979,both
282260,818,behind
321039,923,foot
297567,114,expert
760933,611,behavior
897419,448,from
830731,713,now
1238289,79,special
1239441,589,indicate
636964,198,bad
439943,522,protect
1013283,353,business
705438,480,ready
833544,981,recognize
882602,98,gas
875063,483,rise
648251,231,fill
926046,571,various
421445,474,simple
1282592,262,lot
332071,249,fear
696246,112,person
987723,844,beyond
1032315,724,himself
982358,145,maybe
911755,162,who
731023,774,morning
496634,47,director
883469,503,decade
666165,824,stay
551573,166,street
864802,276,begin
415259,382,listen
538154,496,culture
806922,985,common
556868,953,issue
948894,144,hot
1189490,107,authority
553683,101,picture
532836,418,leg
1088338,488,environmental
874230,113,cost
577402,587,current
546354,275,sound
1128452,656,low
401821,91,generation
625686,319,do
742532,752,practice
384781,209,lead
686758,755,development
1189818,418,technology
1118185,492,attention
963069,351,new
468510,323,baby
590143,553,focus
409790,812,perhaps
978508,991,rate
1157040,428,decade
859031,493,within
1026664,108,operation
939423,932,three
597795,885,community
1007085,679,start
714675,441,appear
1259474,452,itself
591008,257,job
515446,467,read
519302,383,beautiful
515396,100,wife
950388,576,guess
1063252,340,ground
1055206,409,yes
908036,716,until
764843,347,billion
672212,373,owner
724802,965,leader
875472,152,forget
602459,720,media
676364,475,time
440071,941,out
576038,848,possible
900681,134,analysis
912747,455,situation
1223314,111,go
1058186,956,none
1055058,975,treatment
1130435,465,study
782002,131,chair
854078,677,age
847183,288,design
787400,777,where
531051,35,bring
1169308,572,parent
406334,679,why
1238331,205,recent
585163,296,necessary
855820,371,mother
735227,238,quickly
1297089,789,have
985676,291,cell
854963,54,less
419432,803,add
1217667,578,garden
505628,561,know
1097813,114,assume
1032765,616,career
1064628,835,never
1246687,643,early
892594,125,serious
1301561,787,describe
328546,642,shake
965048,511,read
499120,536,drive
779059,420,few
983967,326,develop
1164545,582,these
801386,262,movie
962310,828,as
551629,350,young
317619,883,focus
1127981,365,wait
529295,50,bring
648416,549,tax
1306169,191,young
720179,853,man
1247824,130,close
1083426,301,nor
930464,196,law
626375,783,medical
493085,211,good
947616,878,list
467311,293,right
1190923,895,as
1253972,566,order
872895,197,expect
583355,440,next
921637,637,attorney
488449,722,carry
1236907,615,yeah
904516,80,college
809062,422,spring
872205,124,computer
846168,981,possible
533349,721,watch
888132,315,tonight
457778,267,town
617838,123,force
635055,117,official
421280,348,model
1070447,590,almost
419573,504,could
743519,819,bring
945414,226,social
1076582,929,two
1161193,216,officer
658565,613,media
1024978,845,continue
497372,195,government
522480,933,show
1303131,608,fire
699698,712,threat
1152269,424,put
550502,640,truth
1003304,616,young
873797,984,organization
771190,95,safe
1251283,781,since
888758,230,value
789971,511,maybe
989495,109,force
847907,86,plan
882278,469,cold
914273,393,need
903466,705,so
985633,843,decision
325128,442,teacher
540628,867,television
872877,858,point
1231369,900,produce
1112771,485,federal
431050,585,up
619313,758,score
298778,654,far
1117664,340,shake
365507,925,since
972768,564,other
949518,32,other
388869,354,without
562524,581,one
396107,550,interest
1031155,880,table
666228,823,win
297970,789,realize
1028954,709,protect
1118019,360,hand
1288227,31,thank
334668,596,special
1200204,589,fire
928950,682,report
877623,461,shoulder
687717,906,black
435000,903,finish
987002,346,result
946379,430,third
1248577,523,receive
665353,98,tell
1103695,860,probably
981742,6,see
380570,392,family
886805,565,listen
1033711,279,mind
294388,243,last
425854,788,easy
764581,935,always
1163924,171,serious
1013972,928,within
819646,231,age
880056,841,even
476313,463,religious
303856,990,her
1043821,448,goal
772269,904,type
403335,901,identify
441804,837,team
912691,30,street
679209,310,condition
1298356,244,nearly
579849,1,recently
887869,54,news
976643,656,range
516262,768,appear
1124898,500,offer
1240441,481,we
865358,808,performance
477988,693,ground
838269,561,tax
637806,97,yet
614947,584,themselves
444950,914,seem
534027,870,mean
1121344,442,leg
974251,487,tax
1243074,352,east
909718,959,our
473645,632,hold
882174,305,green
321850,969,out
784369,344,nearly
812728,306,thought
415445,673,some
1117014,585,summer
1314652,631,quality
661486,772,already
1222598,450,student
809688,859,hospital
1297950,940,memory
1064442,112,for
662442,705,into
700307,877,talk
1090599,456,cup
1098130,874,adult
1050575,226,north
585317,829,top
789745,619,two
704302,855,for
693611,913,purpose
652234,16,technology
799139,598,blue
556495,640,soon
373251,493,drive
432208,590,miss
553030,734,just
860254,628,everyone
1150710,483,executive
1095586,9,natural
684714,95,western
320587,736,notice
863400,118,high
730320,423,her
746598,103,improve
369352,672,how
1258663,493,police
768098,548,say
1203909,962,five
279129,74,available
1204923,586,prove
1267012,360,whom
1090287,341,spend
1313867,837,state
641430,747,investment
918276,352,run
437828,841,again
280293,350,Congress
447668,914,chair
580119,529,true
446670,350,recognize
656697,448,it
777251,338,if
737157,153,role
1077968,907,huge
1209291,777,administration
375700,260,moment
504336,134,second
951247,765,score
587030,126,forget
847094,61,we
821655,613,prove
1275932,209,force
1101494,356,hope
568333,466,rule
1167413,945,over
894015,167,me
450065,724,grow
284835,783,conference
1063028,502,mean
1035294,721,yourself
368467,650,before
633515,365,order
1212675,45,explain
992110,835,detail
515903,182,structure
427916,882,too
898518,412,continue
476070,942,campaign
855311,639,ever
417074,289,various
601262,995,avoid
756705,63,admit
446950,613,security
1146932,951,sea
423185,326,wife
760260,478,country
794199,820,big
476626,193,add
976952,567,hand
942910,112,probably
711365,840,next
601367,474,capital
919909,448,ahead
283060,49,north
395180,485,involve
1079533,97,a
331403,57,bring
1295632,901,word
786512,598,relate
480131,152,use
319406,960,note
376709,375,bank
651131,972,collection
971093,675,physical
1180290,263,free
411926,5,become
293607,202,recognize
516532,581,we
511960,947,box
815934,467,skin
541802,453,difficult
1081226,464,responsibility
1177592,554,member
993452,998,face
340885,205,green
314163,285,need
1122814,774,best
1282803,570,ago
1133512,413,article
886592,440,country
1128195,498,force
539533,360,seem
1134629,990,catch
1271823,445,result
1232690,30,high
1156118,17,view
724131,604,than
697216,607,movie
827829,178,force
666139,771,store
824573,216,suggest
966802,844,Mrs
675281,512,stop
612513,403,them
634457,643,school
795596,895,speak
667206,706,difference
1035287,325,place
371520,758,reason
1234877,49,summer
1017767,808,people
285162,89,task
1253375,613,officer
1033668,60,dream
486664,370,discover
1138439,316,along
919682,798,treatment
672764,603,push
495997,516,question
1089104,741,knowledge
486429,881,leader
386818,444,every
566846,975,movement
684901,746,character
1179923,134,large
1247747,855,ball
463904,922,rise
1185774,606,say
1130660,515,nor
398370,788,no
1166452,20,color
1063490,607,early
896304,49,maybe
839000,678,myself
712028,228,smile
508679,471,consider
422685,455,police
612992,60,state
440278,707,red
1250272,213,follow
1047497,309,position
711755,191,health
906338,692,shoulder
1291422,739,player
333535,118,smile
825267,43,short
690260,878,degree
1049120,625,tend
386361,493,life
1310480,253,wide
848321,472,thing
887591,799,tend
588819,263,picture
1032810,838,father
763193,534,manager
476874,558,indeed
967738,165,article
357990,151,they
572184,971,now
649901,107,actually
601779,709,bill
790854,885,girl
651952,508,if
836459,800,budget
442948,653,reflect
294718,791,dream
345062,1000,require
1308814,612,would
891163,814,scene
347150,715,look
1080789,797,candidate
567802,725,economy
369804,989,here
1040304,24,you
446550,438,go
1053439,716,entire
823552,565,discuss
1122877,817,save
543663,599,coach
496143,53,think
1262008,82,nearly
452180,711,face
336383,431,enter
312441,417,bit
1245850,792,and
1251369,783,I
363861,947,need
405400,607,sit
1111638,772,young
775869,358,school
789051,290,whom
388726,170,case
1193220,670,question
425673,93,along
669157,593,culture
1258675,294,television
1098630,705,small
387068,956,animal
1057926,502,name
760792,104,skill
441743,494,party
1304980,876,budget
1049415,939,decade
1141396,901,generation
935288,374,choice
986954,433,president
847165,953,data
1004151,479,second
628635,980,another
851743,988,model
843330,693,foot
859030,42,happy
1108433,501,keep
989494,903,hospital
702003,427,school
757141,172,pass
506470,885,environment
1028586,432,reveal
888850,527,trial
750030,57,service
377212,963,scientist
597053,101,difference
1077910,811,office
887719,416,account
1302274,25,someone
290937,110,baby
596632,931,vote
1142409,155,free
518353,895,then
698604,619,paper
678758,715,threat
427762,629,on
356452,151,fly
346079,549,race
601625,680,step
1138032,50,last
929905,332,life
772728,981,case
1126212,704,effort
559753,249,other
571222,505,radio
465504,544,audience
1072576,209,listen
646076,17,land
1312279,417,determine
821535,208,better
491829,351,long
1002686,889,local
640411,626,person
475014,145,employee
1162197,822,theory
418417,271,including
1241588,200,spend
312600,884,friend
1302000,375,stop
983092,794,probably
1065339,374,treatment
604391,723,note
1114014,697,figure
730282,179,mission
591175,63,factor
457548,408,soldier
1243727,298,religious
542868,361,song
503101,770,behind
1114608,73,dark
561829,457,environmental
1181467,488,radio
1000800,936,top
1286426,248,man
486122,269,century
738805,820,entire
805107,844,sure
427121,996,near
998697,645,face
863459,150,couple
675794,20,build
566181,761,range
1241463,810,nice
1167109,142,prevent
710252,40,message
801757,422,take
464954,803,big
932852,103,stock
817430,408,fight
448905,530,matter
1014583,283,since
937937,71,than
1215043,848,mother
347473,12,allow
731383,431,hundred
1163729,834,budget
713873,926,third
919337,548,finish
1262624,261,arm
1138501,657,institution
567235,366,fund
815917,832,question
529647,488,tend
1301002,159,whatever
1081959,399,vote
1125933,199,yard
487600,976,apply
1162463,936,half
1195192,158,size
766658,622,media
384481,362,after
786870,153,subject
1063943,26,company
301413,206,job
757950,228,break
596645,685,agent
523482,711,onto
1089952,107,between
1131548,941,whole
685733,14,authority
441488,561,radio
726704,611,industry
354192,126,worry
472105,249,per
879237,342,last
955175,670,shoulder
1226497,180,among
381225,971,instead
1221459,888,arm
536523,673,degree
868259,261,outside
1047068,959,several
1201517,854,throughout
1072511,398,design
1044560,382,husband
281505,176,million
1183419,427,majority
348696,177,rule
594033,122,tonight
732073,338,store
875549,193,power
562532,646,choose
389422,226,because
1051258,926,read
527155,403,large
1034302,245,management
597522,887,ahead
605749,691,stage
544167,909,your
1278618,517,catch
533356,634,one
1128467,318,face
949925,950,investment
837491,383,summer
358404,116,control
303664,861,design
1192127,590,concern
1194396,651,approach
593764,788,participant
330299,571,she
1017089,302,different
1290516,428,could
1000630,208,understand
379481,49,well
473215,559,dinner
1041097,561,young
491950,574,would
1184012,777,prevent
807266,606,human
1129718,190,moment
895409,513,skin
490109,115,world
980470,455,simple
1037327,46,production
375655,23,run
805596,341,get
1000220,451,work
779958,649,site
1251152,888,whole
921038,13,somebody
861452,766,event
1266982,429,better
1259725,532,of
1217444,494,show
950884,18,should
532715,680,stand
656188,293,often
1189469,135,dark
1265021,711,event
557878,340,security
1074865,994,statement
435246,512,national
335820,314,other
468595,954,to
936633,670,least
1189934,347,agreement
318916,792,forward
1217041,169,public
566753,71,music
913826,916,thing
607024,450,lawyer
889121,489,trouble
950117,318,help
938030,29,ready
900488,741,Democrat
1088226,103,skill
717527,59,feeling
1031244,742,education
1236533,520,mind
1249571,726,focus
1155479,710,support
368332,812,near
1035635,222,we
1200926,138,field
352579,840,report
623793,392,win
672672,24,why
403768,644,current
1199188,48,but
1295509,830,try
1189927,726,always
1184706,585,heart
449924,294,different
916173,450,check
626523,297,research
388592,857,build
420929,990,head
431507,140,own
1135201,32,especially
678216,602,traditional
859797,618,land
997206,927,ball
703769,194,size
1128573,113,buy
302365,971,force
373795,162,choose
289161,962,day
864920,839,size
654996,279,education
518420,621,event
1258864,541,rock
968025,152,process
334396,174,who
1297524,673,conference
875286,690,national
869350,966,same
903430,530,if
1058028,828,evidence
495588,723,its
1248417,909,magazine
1285445,562,deep
536318,761,structure
1302890,761,baby
1015147,74,much
898396,457,prevent
1124833,468,building
661513,12,suddenly
489972,527,sure
742722,37,energy
902142,607,price
1183806,656,practice
816484,231,present
491776,175,purpose
1104899,661,support
813092,136,major
578071,943,vote
589119,311,walk
487623,342,together
1254984,726,light
687842,318,simple
579492,542,many
1061765,138,process
1311398,580,many
1224097,418,already
487768,74,realize
780274,869,expert
371470,53,describe
886670,648,shoulder
350425,357,top
617452,804,loss
1182379,979,return
479329,737,lose
786772,69,organization
358387,7,certain
455564,596,make
836782,160,west
762711,243,cover
758158,120,interesting
554914,738,when
894233,755,visit
1041984,990,somebody
1224281,689,do
1026840,670,lose
395488,223,plan
421953,629,because
1257000,169,recently
1070846,33,entire
579150,98,they
1061621,243,low
989650,362,use
885073,126,church
492730,687,successful
629387,817,business
571603,943,point
1244728,231,Mrs
917316,298,detail
731544,792,subject
854632,749,group
1102716,345,tough
501525,750,image
563156,798,official
903592,679,see
1149442,327,executive
804461,831,rule
1126968,858,never
485282,945,card
1092794,528,class
704035,950,clearly
1218915,953,mean
1130761,784,image
1309931,156,public
450650,262,wonder
359257,806,oil
740748,876,oil
809651,71,modern
1056812,157,ability
1084084,22,than
1048354,906,fire
393085,463,work
881431,545,up
410541,225,issue
1130116,183,be
429806,787,purpose
1296485,936,kind
819087,102,avoid
1093103,966,political
370311,470,new
943368,288,professional
339571,467,cold
1053858,903,knowledge
957976,185,agency
361047,10,we
1071010,341,drop
806436,69,forget
512174,276,local
877264,143,your
617068,242,positive
332829,386,fight
401779,869,doctor
735186,480,rate
743168,699,charge
739569,223,main
576034,628,where
775153,234,enter
316117,350,sign
1230718,256,fish
666988,682,everything
676510,877,girl
805855,723,member
709549,232,because
504179,881,discuss
1119076,965,cell
460553,448,part
962707,198,lay
968802,180,national
894030,787,north
1176764,888,provide
601540,765,I
1053095,267,eat
1189625,815,citizen
382965,642,school
547932,612,whatever
792161,261,series
393214,706,simply
411412,420,hit
1043017,491,will
912271,98,protect
447209,458,alone
1171049,309,high
371819,401,onto
521526,416,happy
460167,307,want
374073,746,bit
606537,333,after
1191270,380,if
691005,127,little
1178140,157,believe
571905,132,media
1217443,290,show
609641,266,would
317722,809,its
477596,568,claim
461660,289,report
772526,509,lose
644862,123,one
813180,938,bag
727031,512,simply
1167759,172,politics
1083768,130,community
1183361,120,resource
338585,215,drop
1299187,662,also
343165,661,step
797796,380,bill
1175492,482,four
791407,130,break
520167,824,design
996968,837,sort
977781,339,information
1076717,190,deal
583312,784,manager
1040382,883,natural
537422,907,less
428896,323,later
860304,799,specific
982698,935,how
901983,853,technology
467243,843,let
469086,436,certain
1253882,484,Congress
1151345,864,carry
476274,136,student
804561,812,fall
668363,6,really
1251395,810,vote
660968,774,true
841260,902,information
510060,115,grow
347603,798,environment
304828,212,soldier
1257446,221,offer
915299,616,job
280699,52,stuff
1200053,476,per
1277597,885,me
504827,799,also
1066436,232,dream
501869,343,this
1136486,260,give
889326,510,political
987678,418,newspaper
712168,435,quickly
1058752,717,reveal
898213,372,politics
674462,770,dinner
1135161,626,positive
920749,287,happy
662173,580,measure
1092498,942,civil
1054988,379,build
532153,197,someone
712181,736,country
315858,734,growth
544435,333,involve
342119,387,include
683153,217,quality
1145274,34,example
641260,166,reach
378391,21,inside
641980,890,with
965418,976,loss
814750,923,about
279437,905,easy
1313182,755,offer
552954,427,as
940403,891,happy
706678,430,effect
628422,260,key
712113,418,area
1030216,366,light
996764,811,mouth
1006491,695,picture
1019096,637,finally
782330,791,practice
515942,84,though
716072,577,project
553143,923,force
821056,168,happen
1259591,20,bar
1039227,265,bag
805698,558,either
475635,798,sing
501688,917,send
289049,972,parent
777740,745,maybe
901651,157,human
998129,654,admit
314002,793,heart
1070872,546,evidence
1168657,332,sound
427915,853,glass
1267272,61,check
601739,669,American
603228,414,almost
1263152,187,my
692113,27,already
807760,445,gun
1163352,958,PM
575002,160,past
346962,626,especially
966502,454,best
365650,929,minute
774148,562,which
1146148,698,community
993221,642,thousand
1030811,366,owner
1225274,43,protect
463729,61,lot
877845,139,PM
469898,554,body
700052,503,manager
858441,268,end
831951,440,clearly
830691,88,account
360396,445,executive
1304531,455,they
357117,298,carry
280980,50,month
499069,410,floor
483675,857,front
487917,472,wrong
684638,600,mission
1206293,98,if
465992,936,prepare
844662,686,unit
583430,267,technology
955876,915,by
919783,466,black
639042,395,value
610423,582,nature
844131,424,security
1035261,91,guy
758962,114,it
496974,867,wonder
960951,955,person
389477,198,although
477658,186,understand
875438,390,behavior
687247,223,century
1078898,246,money
1271796,771,bring
1158245,816,you
828088,60,choose
467357,907,result
1167070,462,often
1078982,101,need
730720,733,along
1030164,943,morning
813628,607,watch
794675,113,nothing
1003552,448,present
995633,828,order
1120193,540,enter
336651,141,but
292925,890,meet
1046824,868,ball
984538,194,race
817132,496,moment
782840,688,draw
806800,966,happen
514294,149,special
286216,388,value
1002451,641,establish
1310812,808,follow
899613,135,shoulder
428870,979,college
813695,593,the
635434,312,mission
382643,855,voice
1257003,864,long
997076,10,explain
986847,490,purpose
595854,322,suggest
854189,452,home
593749,938,could
743993,656,ever
314003,689,add
474381,607,walk
1085270,747,similar
728529,598,fight
747725,341,play
522892,552,force
551096,649,large
901773,23,account
600657,622,they
870748,445,exactly
735586,765,huge
563120,465,analysis
507033,550,song
728123,960,much
877035,661,half
594253,85,main
1269839,570,character
915304,478,local
725494,601,animal
314087,42,positive
466203,846,major
346972,437,brother
1008272,258,reflect
285266,649,month
639218,203,exactly
890353,368,cause
623916,66,day
934042,313,easy
535774,698,give
993696,92,send
1095380,172,her
1267779,767,west
873084,943,hour
1176635,272,summer
534791,302,learn
589965,917,role
401587,880,card
434012,15,company
762168,187,difference
622047,559,recent
858476,168,do
644331,641,thing
1285520,780,they
872549,103,until
393787,728,project
465159,571,really
986752,579,either
510663,358,kind
1007608,967,whole
1164124,598,activity
1205625,4,arm
458689,897,about
285455,718,environment
605395,260,ask
368071,383,none
927165,765,church
436500,643,beat
334427,484,describe
506271,465,herself
972203,17,it
1259593,149,officer
1243157,653,start
861801,764,road
588747,599,choice
413182,269,kind
1175968,409,blue
965685,235,course
1096494,750,clearly
330255,307,usually
685131,726,great
929515,335,since
522822,580,marriage
1122784,575,I
586384,880,letter
538646,1,follow
362845,208,why
1096297,197,despite
1019884,496,rise
817502,615,nature
1304409,770,reveal
469055,666,along
607555,289,card
293084,972,write
1174846,656,law
892872,966,hand
655523,379,old
640429,268,first
991576,739,hour
806168,462,lay
636939,171,house
359745,190,its
871683,123,may
1166506,444,article
1084977,943,institution
636049,1,style
1078867,664,possible
1140597,128,fire
1197803,292,remember
1065822,42,something
1057139,191,eye
1010666,284,base
925100,453,among
438547,895,begin
301588,449,ability
1043304,970,think
1231633,776,yeah
1021622,364,act
906247,260,successful
1042840,800,research
489040,228,language
774116,708,light
330000,32,film
499398,582,bag
1145858,692,speak
1045697,520,child
501813,630,series
1055345,739,help
1002693,597,decide
962172,540,industry
1203936,504,arm
504034,155,phone
1050472,339,everyone
1281898,644,all
1190873,747,use
807739,671,much
463792,201,return
1152615,437,star
596875,274,source
1148026,482,prove
1123929,809,certainly
1160723,567,wonder
285511,225,American
304003,681,baby
1237245,698,nearly
705659,244,way
532389,75,of
1228343,557,low
378513,130,school
353119,224,much
421690,938,difficult
1233404,340,compare
323570,893,behavior
348490,327,indicate
846352,537,probably
412765,769,song
1164455,998,which
575370,698,expert
1074857,889,what
617088,996,life
946123,403,but
346028,388,national
451810,133,professor
922527,47,song
1223132,307,meeting
1268976,120,mother
1101812,789,agreement
862258,11,expert
462552,828,realize
633222,679,worker
510513,997,minute
321951,146,west
279916,571,exactly
1120545,861,role
736551,376,upon
1179972,753,offer
981824,20,bad
1238265,948,as
399564,307,the
1039233,83,production
1251988,839,necessary
665941,86,wear
763881,173,move
556574,853,Mr
513520,360,hundred
839030,864,pattern
1116386,458,area
856177,711,growth
885417,830,let
1261628,965,idea
340892,192,onto
401137,790,sign
354671,304,approach
887449,445,sure
716283,247,hard
732901,979,rule
307554,938,understand
490390,102,however
482519,771,including
555223,696,dinner
1263274,974,a
1036668,944,easy
285107,630,add
1046850,385,thought
548091,751,start
405184,27,alone
880253,310,population
448737,710,care
1105264,991,company
455663,818,make
891597,168,PM
361546,515,recent
548493,2,institution
694508,474,purpose
1065999,919,quite
711802,201,finish
472914,228,make
631492,356,remember
813963,774,adult
604408,89,glass
879543,335,cell
968755,646,each
1113552,10,picture
1122162,680,two
1283564,882,lay
1211320,763,song
404134,236,key
508568,316,whole
936005,307,site
604554,789,west
982767,569,discover
452274,880,certainly
679676,488,camera
539633,414,score
574643,90,pressure
840221,416,home
425233,506,per
672796,136,test
1202480,291,resource
824385,648,walk
363592,561,image
564698,368,cause
1219585,339,world
803541,41,everybody
1180025,628,glass
467640,996,executive
415907,696,simple
1134084,86,such
973823,228,set
817735,278,role
1089571,42,project
732947,347,other
513334,456,write
973646,865,black
384053,563,tree
292716,102,firm
1023198,705,prepare
363160,918,administration
1126691,186,tend
1044503,501,cause
1172443,646,teach
1031331,211,daughter
653593,617,free
435259,148,arrive
1173114,434,something
713177,87,front
964505,631,approach
912455,205,ten
556766,12,when
603470,818,range
866677,36,major
880583,231,special
510372,37,bring
1307977,600,concern
746914,746,prepare
769813,441,his
664874,14,young
496963,656,machine
534987,406,eight
423941,505,require
1084008,281,force
930697,670,through
433229,541,interview
902458,61,mind
916509,102,perhaps
982938,631,available
382556,991,in
501775,119,me
1312349,28,own
429691,779,moment
1047292,732,interesting
1266690,572,traditional
1071585,473,should
345294,965,want
352544,271,design
1162609,441,moment
951282,581,fish
1189160,100,leave
377172,566,by
604855,576,toward
739580,161,level
452234,10,shake
449961,22,mission
1149652,428,both
1154886,347,friend
543924,740,morning
1251876,433,Democrat
1076472,973,score
1005550,763,century
1141497,124,spend
446224,481,go
748143,190,office
898609,940,happen
986313,593,cell
1096047,880,themselves
617812,437,sense
630700,224,life
1250584,54,away
1063181,578,friend
438543,624,really
904524,990,sign
466812,583,model
1101101,710,bad
1230203,936,ask
1150286,262,movement
422689,263,high
582008,839,natural
820582,649,thing
1126647,180,wear
756733,667,hair
648371,983,well
1293090,619,respond
889233,263,world
1282197,368,too
698369,363,ten
630671,414,realize
694222,699,reflect
292588,770,stock
1054531,899,door
312422,841,technology
684249,179,difference
475698,227,financial
1068531,62,arm
1059443,274,seat
1002733,77,minute
1175516,422,again
546047,576,region
479141,59,over
1153450,561,wear
1075046,344,air
1072724,108,sense
1096430,984,least
706925,808,protect
1151483,407,respond
903703,384,base
978215,832,beat
898196,289,share
680232,511,federal
303311,648,travel
1032781,722,business
573273,710,defense
1034406,773,low
631370,709,outside
384075,577,age
867907,55,would
352451,661,human
1289957,998,respond
1223361,759,decade
541607,693,common
518663,189,save
770821,31,wrong
485389,578,human
710768,30,institution
360556,730,affect
1265899,728,good
348954,76,dream
1293127,228,at
793912,199,later
815379,853,entire
985845,967,especially
1264652,598,large
944989,178,blood
735636,218,series
1055415,306,if
874039,986,hope
296647,602,miss
418907,162,owner
523055,856,or
674322,186,policy
1273047,334,western
494676,694,detail
1097271,748,story
347140,893,something
890543,21,window
899138,932,power
602484,696,concern
387253,609,sound
676068,560,interview
698040,936,eye
972723,421,someone
1024912,224,structure
446621,711,meeting
1206384,884,teacher
320778,569,together
615296,687,call
562220,11,thus
413875,254,back
955281,535,let
692445,298,ability
694313,500,common
628501,23,happy
1176992,733,hair
1142375,866,financial
577445,456,shoulder
610718,674,sea
830848,881,run
722821,845,specific
578562,35,mention
793467,56,a
926910,437,artist
1256967,776,kitchen
1118827,869,maybe
600023,203,never
1300130,438,anyone
903991,50,scientist
345124,898,doctor
551658,648,half
1031489,540,short
300599,52,adult
375687,24,similar
740768,277,let
1021733,240,join
431470,18,ago
317271,180,art
666938,337,factor
293047,455,chair
757658,951,peace
1154536,328,song
1084771,927,work
434997,237,child
585516,811,more
695371,361,together
1077807,828,benefit
680731,607,against
840970,686,window
1044467,957,travel
633511,210,include
309423,272,friend
438229,486,little
428735,466,pattern
779410,488,girl
318658,129,pattern
660113,389,nice
953619,604,accept
375872,874,wrong
916020,112,land
597464,811,American
799628,607,rich
1194528,138,standard
1074396,311,role
686593,772,billion
866056,408,main
453963,876,city
1071993,463,state
854286,968,two
1218658,697,imagine
1038380,562,second
836434,172,never
676575,639,long
999199,904,cold
908313,257,support
1036217,348,born
725680,691,body
970705,985,model
605635,94,truth
462712,590,car
361745,130,scientist
520358,243,give
1044874,78,street
479130,555,idea
610902,89,however
1128739,34,home
388226,141,style
519821,461,audience
1277101,155,your
780006,733,leave
1104278,388,magazine
441491,581,Congress
297627,193,full
541916,356,recognize
1306903,67,begin
659144,993,no
316594,188,training
1219172,344,enjoy
770953,237,mean
1106488,384,able
623462,883,husband
351190,757,letter
285290,203,sport
708633,573,herself
1309220,858,time
589030,959,television
954187,671,oil
689602,108,mean
675843,873,again
1233378,794,recently
1291713,474,successful
717557,307,chance
954043,170,maybe
679831,694,month
957258,184,despite
349789,872,establish
281329,971,wonder
570751,140,level
595760,237,hotel
1013085,942,current
391474,306,safe
874499,125,rise
517030,75,tough
466758,24,better
773274,298,sort
711278,799,rock
855911,76,little
1163221,88,color
776337,931,stop
495486,942,town
1140429,629,argue
625410,870,growth
287046,861,risk
1298743,458,edge
589684,431,must
1038048,514,two
542603,180,top
961870,437,stuff
611683,543,yes
1227580,550,determine
721940,580,heart
297504,424,investment
786848,867,class
472144,817,partner
1081006,9,response
360577,446,purpose
724127,348,everyone
818665,934,environment
887086,291,return
858207,223,deal
551136,597,special
603309,767,reality
1143023,385,available
787718,695,someone
731158,667,cover
400352,368,job
1129495,268,relate
596298,815,Democrat
487707,394,part
1274124,996,partner
1258156,474,newspaper
436350,867,son
552161,450,what
344008,923,fight
301994,321,six
897639,886,specific
980019,780,effect
541476,357,threat
1017525,485,effect
581924,384,effort
1198882,464,rate
1076696,666,staff
887131,76,century
563955,886,campaign
827619,219,office
526065,611,money
297872,7,moment
1236477,463,provide
318216,970,explain
550236,811,subject
466576,497,such
337249,382,whose
1314985,938,music
400296,996,indicate
281965,231,teach
1243527,130,car
481770,447,almost
363019,993,house
538177,651,computer
1277723,626,operation
568735,287,see
576107,17,today
1091879,488,may
1065996,994,budget
1214819,140,attack
1296669,975,grow
720948,972,theory
1074154,594,church
1178677,625,easy
722661,554,nearly
697154,896,hot
582962,668,hair
1071653,922,just
1148368,208,his
326508,213,attention
875125,336,music
938998,431,finally
1258845,221,action
755228,556,expert
899021,959,many
1035502,983,key
1155469,322,administration
571101,171,off
748575,799,painting
298703,550,land
334768,314,respond
439087,267,side
808245,255,care
663574,331,city
861375,905,view
1134680,996,town
1028591,876,character
784018,279,seat
1116807,722,walk
489951,167,party
1229066,756,time
994557,162,near
1225162,172,involve
733952,378,kitchen
602366,299,everybody
489551,477,happen
1217770,283,responsibility
827744,7,article
1151343,518,popular
807131,723,affect
979638,166,course
746934,267,behind
993703,998,stand
928498,468,federal
861111,671,smile
1230310,609,stuff
382681,673,determine
965813,606,drop
660761,81,those
1128413,756,agency
964581,229,Democrat
702770,313,development
935796,943,whether
1242699,530,several
780509,559,positive
753588,469,focus
1277463,28,suggest
1308853,817,yes
593578,326,behind
1150312,407,explain
934303,19,group
778619,732,a
860008,160,staff
1310359,565,suddenly
938528,779,forget
566573,831,establish
864141,974,goal
967804,475,example
400984,744,term
796638,230,some
903386,637,prove
925674,555,staff
530276,178,agree
442760,844,single
1126770,235,beat
916136,325,chair
595018,861,well
878433,197,environmental
649088,194,break
515261,847,certain
507079,887,star
1175230,236,theory
449663,214,ask
1222885,692,born
1299540,287,wind
1242478,18,raise
1271753,562,front
733876,231,today
912961,909,standard
1260333,85,find
1311935,94,next
694885,100,local
279607,823,member
1055312,906,whole
1259446,897,young
340784,778,would
1040101,88,hour
962958,991,beyond
784990,650,read
802310,696,enjoy
1269738,376,low
601589,295,life
489522,374,rock
679213,187,rock
611822,498,air
1172051,733,rule
346117,389,along
1312528,889,various
568478,450,radio
950716,729,TV
600625,931,federal
896266,755,power
1225279,419,society
666520,223,left
618287,37,five
1060749,172,similar
510998,834,worker
1246167,270,focus
907097,127,teach
1204496,281,loss
905242,139,truth
1223365,115,itself
468932,113,senior
292845,442,alone
778561,103,second
814058,239,say
382979,521,today
466519,929,inside
935686,653,dark
334353,874,interview
1219152,910,produce
946361,794,generation
678159,668,black
1098764,960,father
1042231,738,whom
563968,439,budget
800724,825,prepare
1311586,387,make
1246852,478,oil
1071473,505,summer
906632,119,among
1100445,680,home
768060,478,instead
1237036,963,claim
1245222,160,you
1235774,31,social
1312560,988,statement
1234357,963,race
554831,119,within
1270611,743,low
961278,636,start
297632,810,charge
750476,870,mother
725679,444,organization
1236814,225,wear
1228676,395,always
386244,328,stop
930079,164,alone
614794,45,old
510582,257,good
392575,640,happy
479249,760,sense
920454,131,across
1215602,20,particularly
853794,393,Republican
1067452,743,choice
948546,481,buy
420663,893,to
1001168,128,product
432397,234,play
1232962,514,case
1133891,103,sport
971068,656,use
929849,832,see
498518,46,rate
798067,657,place
1206563,7,society
1223727,722,wind
471796,250,amount
788091,929,name
595724,105,support
906084,852,number
1083104,297,series
885200,904,recent
1248306,596,example
873075,295,born
1190124,983,would
850787,649,even
1100779,963,involve
493979,291,general
333445,363,anyone
893890,113,natural
656318,121,ready
716364,858,plant
588282,930,cultural
1116746,538,hear
1213224,268,special
539093,240,rule
846257,77,city
1274440,389,scene
1161766,244,political
1131692,618,camera
848945,834,remember
915932,202,strong
504506,498,trade
1179193,571,field
957866,443,apply
981128,483,knowledge
483878,432,which
616750,455,need
975572,602,general
856411,459,can
367120,49,herself
1176773,863,suffer
506735,377,yet
281042,617,land
952704,832,person
315709,501,artist
1235598,880,season
812042,509,box
320794,914,science
744532,820,product
484601,532,animal
1218225,56,myself
901436,940,moment
578002,564,happy
348205,148,tax
1094403,351,instead
909625,439,take
1206309,279,father
400015,70,kind
1035370,363,deep
504812,140,national
1084336,170,address
1172767,934,answer
1164414,108,try
733603,768,fire
1144133,433,time
572574,302,be
1184183,973,all
1070260,563,so
745583,925,firm
1111442,342,there
1038280,429,professor
977241,246,the
393868,906,show
574142,539,product
366592,432,finish
884377,702,prove
917966,715,both
730924,38,add
679992,607,responsibility
414301,159,agreement
857128,365,bad
898976,300,operation
641775,419,another
626859,270,author
844531,419,nature
598689,552,population
303239,639,throw
665243,774,begin
839178,718,score
1193287,458,inside
1005781,348,give
1235591,866,describe
999350,879,contain
1053948,931,rate
777944,550,middle
1072829,894,financial
1198301,362,matter
1128613,797,so
607117,717,it
442038,272,power
1314026,656,after
1297512,723,who
875031,681,nor
822658,34,until
1075615,373,church
956543,901,good
1133180,996,rather
531607,128,reflect
718822,575,team
1091477,398,party
551083,494,rock
516351,239,make
1230976,533,stop
907188,585,throw
459605,844,employee
692393,940,work
590773,58,table
768195,818,nearly
809444,486,very
389988,394,state
776320,860,candidate
756841,428,civil
1131657,610,whether
477716,960,control
814469,581,entire
809261,524,exactly
711014,820,measure
1124946,317,weight
601737,218,hit
1267662,558,contain
959233,514,act
1241163,86,price
1215230,645,difficult
589521,10,work
1231105,924,player
961090,889,probably
388546,980,bit
1025188,532,only
769200,356,away
301774,859,add
319681,503,public
1209719,11,interest
611163,878,care
967429,204,brother
545320,702,total
767507,904,at
798593,71,concern
959016,912,part
489777,913,enter
590686,636,always
585419,693,draw
366993,946,generation
851506,31,guess
285337,834,understand
1073607,697,life
321580,881,shake
1223484,906,performance
513911,463,already
957862,243,remain
1001762,418,argue
978848,590,here
1255834,564,lay
1098961,623,occur
479970,131,as
1013403,381,type
856182,756,second
314210,345,second
571717,30,speech
1017757,155,everybody
1127385,552,character
369751,873,grow
774266,299,plant
318702,654,surface
339968,683,similar
1196811,606,situation
1199421,112,traditional
896321,250,six
1281979,561,look
438907,127,American
601620,371,artist
988768,56,letter
807963,773,teach
620373,330,return
453889,562,nature
1205930,717,step
1174047,57,issue
979590,841,garden
440417,831,maintain
1269298,401,scientist
388399,445,PM
843491,230,everyone
670864,344,upon
1135830,921,city
916561,552,avoid
686695,760,do
814955,602,accept
746345,747,this
1082661,931,practice
675778,553,fly
1103703,368,fall
503815,772,that
1154148,909,heart
936517,516,yeah
530940,914,industry
815711,879,less
1144128,104,around
714874,662,skill
327816,987,radio
1304688,676,rule
460724,785,candidate
893016,92,say
538838,892,should
811109,203,region
464096,895,program
482301,657,use
1128912,456,usually
1295567,685,raise
998231,216,situation
960642,368,fact
1220508,164,federal
1224148,83,song
623749,91,company
1199594,750,player
972335,603,a
1010738,641,wind
446748,103,city
1279789,888,crime
947126,670,eight
998751,71,rest
735204,706,wife
1188096,551,story
677985,907,seem
972964,104,read
1011651,474,reduce
1060481,425,some
527236,476,movement
910452,397,whom
1253851,514,great
308958,246,clearly
1230291,909,current
1085634,789,discussion
359649,598,year
1029886,614,likely
1009486,657,election
1074881,995,in
1305987,925,article
1007158,256,woman
705637,568,fill
629811,609,morning
1256706,425,guess
1109773,926,left
720968,955,forward
431784,44,above
1039339,354,artist
987350,322,cold
1179413,923,their
1232326,104,choose
1059095,117,east
1237532,412,water
965497,570,have
1107819,879,reduce
1287236,302,fast
392807,844,on
930474,504,sit
351613,606,lose
1050503,227,bag
732463,932,strategy
452353,381,occur
945959,631,why
456382,775,behind
1300531,191,spring
782863,227,eat
735103,860,least
711804,480,imagine
914187,948,capital
996402,892,sense
369162,240,response
1005127,523,member
1156539,381,suffer
594640,377,hit
735452,334,development
503913,437,research
672875,420,wrong
1030825,571,meeting
835764,471,thousand
484361,790,return
484190,916,since
518685,35,like
565978,195,bank
658498,338,fight
623132,376,way
938287,330,behind
1209720,57,gun
531980,389,whom
686574,309,difficult
892890,613,road
398219,331,step
1021952,868,wind
674436,744,science
387662,473,heavy
915581,746,her
314891,188,modern
747053,320,ago
484703,187,mention
320192,396,first
768179,835,pull
719038,637,great
302538,719,police
1020671,856,when
1085745,794,begin
1016041,602,local
913484,8,summer
441158,607,resource
1111348,237,commercial
740100,72,strong
982632,25,necessary
486711,697,society
1000434,983,writer
1263447,968,police
537966,578,play
595161,648,product
931836,679,ability
1089431,578,so
1155483,40,southern
779973,764,chance
879394,453,impact
373932,595,usually
1044895,747,also
677190,876,right
709110,424,leave
579014,201,animal
675755,402,sure
726559,239,specific
660174,947,according
1145042,25,travel
842838,835,past
725954,263,during
958266,62,whom
1154213,624,beyond
1034747,806,last
1065791,310,design
1163398,259,threat
786077,392,garden
497823,305,ok
1035153,609,go
404883,553,media
1224384,919,ahead
444288,227,future
646663,117,build
499890,564,population
940673,587,subject
735319,38,remember
802571,188,able
281567,285,fall
891945,471,food
909133,389,plant
1185566,578,work
1168234,668,school
522705,331,player
1066783,513,boy
672578,958,trial
433998,922,stay
1000787,40,test
428797,394,later
758105,710,teach
1175336,996,to
1194679,599,half
1291172,544,on
312445,386,standard
1068031,256,music
1164888,831,participant
398539,142,reality
1165006,92,radio
613794,411,whole
468897,866,bring
1242103,623,skin
323602,185,next
813296,887,security
856102,263,environment
743518,289,shoulder
735773,116,collection
295885,600,possible
492142,688,feeling
428029,170,network
496351,396,son
1143553,7,church
405504,881,newspaper
585377,186,life
414711,126,leader
454031,599,establish
1182182,693,technology
293908,365,success
722608,682,eat
510071,480,family
964891,587,relate
637055,18,us
1075246,906,less
920417,132,not
287361,511,operation
935878,223,stage
1005339,351,across
727119,111,it
1253150,851,class
303676,552,stock
462952,446,painting
976213,134,young
787898,780,themselves
751359,263,also
313546,393,parent
776279,114,shoulder
910327,931,age
574948,475,population
614680,323,yes
723243,164,risk
304504,755,property
343683,473,rise
384964,324,popular
1145024,50,public
354546,321,road
888400,996,forward
758411,761,treatment
680513,567,story
627348,980,food
557355,511,bag
435950,40,power
1257198,967,piece
283657,503,light
906861,906,kind
746712,592,lose
299858,838,look
1122480,89,appear
666277,314,discover
1240059,200,participant
432926,983,response
1300491,50,phone
1138256,972,only
599120,295,color
853261,409,well
618622,583,skin
851676,69,write
843322,699,understand
936133,554,thing
1066834,976,father
1180204,154,meet
1308243,75,order
1282791,647,common
1076678,807,ok
793451,670,treat
752122,296,often
983630,417,successful
417931,493,miss
752217,25,high
760739,304,none
1253513,50,be
890238,363,dark
645626,619,through
375673,799,determine
659822,197,agent
1239336,731,include
684329,646,actually
541979,483,mind
591181,387,law
1218504,441,at
532195,13,writer
752363,543,project
1117495,792,ready
683296,945,move
438152,192,performance
430564,270,family
1189350,942,future
673961,612,throughout
923056,384,body
739723,211,they
367509,609,meeting
1205427,358,else
1041267,484,suggest
303581,764,no
1225917,444,structure
453159,244,base
823711,556,relationship
1300079,643,service
904489,675,girl
806258,307,against
685601,521,box
806738,889,get
947541,40,allow
1178784,991,look
1237643,809,customer
1114833,642,language
970584,74,likely
1251544,43,professor
1198948,827,treat
1199498,438,number
570839,769,tell
629608,163,article
1088969,150,in
891314,802,year
590350,514,imagine
994388,504,data
569479,440,between
694279,685,at
1170659,126,bill
742514,148,red
957829,517,man
635611,842,source
1213318,696,act
437403,737,old
745889,911,guy
415460,48,data
673008,963,last
682809,372,beautiful
1155497,940,despite
769818,353,they
846029,785,bad
1312584,546,once
796867,865,style
510375,572,race
616944,664,life
614234,965,worker
752504,169,suffer
1118527,487,many
982330,977,subject
294283,854,and
1178080,902,real
722195,660,sell
745311,494,rule
536713,958,very
549340,244,day
524496,261,great
1016467,82,simply
1091420,801,measure
1315138,883,none
366936,355,hundred
1205790,127,economic
1125924,129,economic
1187966,500,chance
1166163,283,push
759397,683,meet
1281844,294,door
440879,613,any
1282017,147,present
629150,224,five
1105142,1000,today
732100,225,future
1280115,949,economic
884126,996,more
1184173,452,author
377693,858,weight
440718,382,two
911810,991,itself
1159722,56,seven
1043840,499,teacher
1229265,665,around
700230,336,series
1063513,462,will
822004,551,firm
770968,51,peace
950278,814,same
943604,102,entire
500026,931,whatever
646036,856,anyone
842801,722,record
334710,797,nothing
638714,396,debate
540665,797,change
868146,513,next
972725,901,nearly
542007,512,base
440267,555,blood
511008,609,personal
892674,6,customer
632911,705,trial
944795,789,thought
414511,945,employee
287594,419,center
1024443,262,who
831742,158,sound
433173,689,heart
432592,23,laugh
661958,329,big
340354,139,kid
919772,157,wear
1146058,601,scene
950245,585,boy
858725,110,sea
1039307,51,page
899443,934,play
1000466,696,cut
292914,99,total
681276,711,way
697268,931,must
601957,924,song
326043,375,option
781314,759,great
369827,420,realize
755103,339,choose
1271628,58,eat
1219223,136,exist
610514,191,offer
1005867,431,own
356680,810,board
517399,557,general
831228,745,treat
1116286,184,heart
866889,281,determine
705274,523,wife
1290420,887,theory
1238762,492,war
1092716,251,people
375999,362,yet
476701,858,together
510293,861,wide
417697,294,me
792037,943,easy
1158978,803,determine
812409,993,ball
428969,767,apply
578553,55,Congress
513226,4,human
1291463,239,north
755525,151,return
435017,328,particularly
699601,295,activity
884605,561,I
772639,811,simply
1189479,783,spring
331240,966,itself
516102,308,executive
1126650,463,last
1039577,87,hospital
978527,669,design
390803,921,that
1083796,720,since
1147090,520,move
422727,767,behind
1251397,76,along
1062708,818,join
1223865,491,five
1224411,963,under
1186600,22,little
461075,969,campaign
922819,566,outside
1071990,771,the
639212,1,science
695513,515,all
1153652,612,kid
540683,466,step
695518,608,probably
679810,597,sing
497755,485,realize
927363,629,feeling
755032,958,our
506386,109,wife
358624,441,technology
392585,301,dark
1042618,619,mission
899559,531,store
1172953,721,most
1083969,116,simple
1080195,908,senior
504181,73,prevent
847752,40,dinner
402356,843,language
536484,866,support
939344,675,parent
940441,473,begin
1081200,527,responsibility
484115,16,amount
940115,62,understand
463383,631,card
766779,432,student
868214,725,dark
717122,623,management
425638,199,about
522600,687,seven
756100,738,fly
1044016,374,risk
659853,143,democratic
1087247,238,suggest
1184497,823,nation
927754,338,story
1253294,780,her
418963,826,including
335566,597,summer
880865,264,develop
714061,166,hair
354769,970,whom
319703,349,remain
546531,967,treat
1297533,241,practice
466135,280,we
344985,400,area
480593,542,yeah
1023668,970,suddenly
1016306,433,partner
914367,797,east
480396,246,against
825393,944,resource
537601,214,others
1010590,764,job
299857,595,avoid
1104810,142,never
865823,250,fast
892304,806,kitchen
450953,193,spring
355978,144,receive
895808,636,order
741889,532,impact
494213,196,star
939326,662,social
515769,289,former
463567,52,leader
535454,469,significant
1289371,819,entire
434524,729,long
1166609,115,hospital
802027,875,product
305801,63,national
721457,642,church
836986,907,least
529046,136,receive
1072800,540,Mrs
1000789,749,speak
1154700,654,stock
455573,444,building
1249613,539,measure
1246200,336,pretty
558607,75,ten
626080,441,baby
765185,167,fly
379551,322,computer
603795,299,off
767622,863,look
1045041,738,bring
768667,809,player
721328,962,choose
895620,270,guy
295932,153,card
735383,59,international
552330,379,according
858734,59,detail
969064,987,pick
621691,979,produce
1297169,324,real
349062,5,choice
1271902,723,media
509587,158,then
1165625,714,site
1092256,725,sea
1108807,248,until
367209,529,understand
487502,396,personal
758372,653,car
448172,560,cost
987465,171,onto
1194453,846,herself
959345,828,wear
1140926,117,culture
767459,321,your
479895,631,scientist
681376,308,upon
459631,673,phone
1091080,390,manage
489814,894,source
670610,383,leave
380841,898,between
392996,428,how
1146639,47,even
1037658,970,son
428674,480,body
885169,593,hope
750018,725,majority
409893,919,fall
637729,679,might
1104932,387,main
1252089,949,strategy
945061,851,trip
390459,841,college
825508,135,trade
1170663,890,whether
786140,593,stock
799452,264,painting
316424,732,in
411845,950,very
946573,788,past
771445,376,nor
652599,817,west
797886,147,dinner
1130755,976,yourself
844914,169,style
1303524,301,item
582461,364,page
609304,562,network
669531,464,design
1156175,831,popular
925464,293,he
574434,867,economy
736687,870,test
342978,550,idea
969859,704,among
1260114,790,before
1251545,527,morning
337750,537,pick
463234,536,commercial
1021779,662,put
868648,999,find
645267,349,mission
998439,166,everyone
874019,377,tonight
675608,561,situation
353943,983,individual
1088395,66,require
640181,75,green
658868,963,small
1260943,627,business
539042,104,least
732316,203,security
458867,529,manage
818978,296,total
1314125,625,official
887615,471,hope
1185983,66,month
1154560,785,analysis
1235855,407,southern
406457,791,hit
1294044,771,far
408551,453,it
624539,323,term
1274228,923,word
424413,904,air
1079703,749,first
569735,733,husband
1159694,222,maintain
471328,386,pretty
989175,196,move
1168913,457,whatever
583915,846,fall
705709,310,response
321285,217,wrong
958363,530,decision
1113431,410,street
764748,49,key
1294120,150,campaign
869838,479,against
711219,142,four
565595,199,responsibility
1266792,221,voice
1030328,936,begin
891334,361,policy
640045,647,power
722869,253,ball
992026,146,develop
859880,197,nearly
1291294,356,or
342213,791,not
458351,604,this
1240879,989,work
1077558,344,west
1065167,974,us
1078210,193,image
1240061,880,win
1154367,306,network
748784,849,start
859206,9,in
924491,207,ability
506229,479,however
446208,871,similar
346078,800,effort
465747,94,condition
1283033,749,night
1150187,495,response
598529,441,determine
1189451,575,win
1284644,334,bit
386176,423,but
578879,116,nearly
841338,70,page
1000240,425,first
963876,292,paper
709271,891,scientist
518841,67,wait
611541,460,although
873886,765,drop
500232,187,claim
464660,971,respond
1189746,405,which
329338,644,least
999121,579,purpose
954046,301,four
1014353,408,see
486599,388,room
756919,509,card
889788,400,impact
379132,300,consumer
1136320,520,finally
908679,44,program
457399,534,tough
461265,675,require
1088448,599,will
719932,935,help
1224707,893,yet
1129469,659,above
531473,207,mind
1272634,812,church
1027328,984,improve
1267657,176,Mr
1254192,474,trip
322814,738,but
561405,825,stock
1300072,235,member
785630,161,mission
1298738,920,surface
692550,484,choice
1227227,135,economy
1196220,711,evening
985751,694,standard
415275,878,hundred
891146,932,responsibility
1186530,6,activity
1036601,119,something
1064656,926,from
346230,613,staff
1109984,439,imagine
794137,190,behind
1255962,736,once
441199,585,clear
738814,138,certain
1016257,117,no
961550,62,none
1175735,825,law
897302,130,research
668851,382,explain
728942,660,Mrs
954624,3,six
651194,420,find
381331,183,most
1270121,328,decide
409105,319,respond
323308,188,enjoy
973237,891,key
1059931,492,experience
768129,984,talk
772893,198,medical
1023187,294,instead
589491,560,economy
662308,612,fund
816146,101,begin
457131,224,help
909262,97,about
614467,544,listen
1204569,106,institution
1265634,513,red
413129,503,sing
419674,825,huge
524335,831,accept
496903,450,standard
1216305,274,a
869202,479,security
742123,366,prevent
1260909,709,partner
694445,402,whether
827631,700,phone
777577,666,brother
753818,681,with
693995,734,change
596269,581,system
1108621,100,charge
463025,139,resource
427695,376,article
372872,406,product
1224038,13,whose
670851,212,station
975263,704,different
1106307,754,mention
673895,853,land
583875,14,job
766031,341,baby
734577,775,government
1189883,269,morning
293345,225,such
804233,131,effect
803917,765,pretty
1245130,873,plant
1015269,841,room
757888,28,national
569290,573,question
777411,936,thank
546603,581,than
1006674,534,respond
898757,884,man
935369,124,statement
865229,721,establish
703375,140,laugh
1173710,789,hope
1283627,132,these
995070,486,apply
1313212,356,save
474027,805,necessary
903486,239,issue
886444,71,market
1185750,832,film
827856,860,create
1272362,285,analysis
1143213,13,school
542363,612,draw
568543,102,able
844286,338,really
392304,646,fly
1210913,431,hour
648834,490,suggest
1136831,764,hospital
608711,571,individual
1090754,556,military
553960,449,night
1157129,15,sure
805228,750,alone
742357,546,region
591271,845,to
923481,488,floor
425962,43,far
1036449,85,director
883503,79,high
447392,525,off
644641,991,rather
559480,94,surface
441840,56,ok
1142145,453,couple
1063705,910,area
746648,302,building
678312,505,true
1123669,383,friend
1312518,136,Republican
320987,548,economic
1281366,852,since
490614,275,institution
1190988,599,pretty
793683,416,better
706211,288,rise
613078,115,then
875364,432,final
289428,17,want
298179,291,father
1026611,281,report
1177382,438,chair
426148,956,require
1149130,121,buy
951453,128,nation
537026,724,shake
1204021,512,very
527450,896,away
859198,202,change
1255648,968,his
795952,197,traditional
1158957,67,pattern
346110,233,under
888794,903,better
380183,839,when
880282,705,while
663764,325,citizen
311608,944,question
898065,744,would
1017297,966,before
897246,210,lay
303286,989,without
1309746,263,per
293901,37,poor
362863,566,development
510416,743,listen
779876,254,mention
1056598,300,better
1050439,932,happen
406557,794,control
406902,735,prevent
414477,38,who
811854,647,take
1008739,546,sound
1040104,957,decade
385293,380,enjoy
961880,658,late
988851,437,view
341711,743,operation
982871,535,half
734510,695,close
439698,465,wear
534827,456,there
1085722,790,former
749123,657,respond
544991,555,none
413052,66,player
1218057,539,ten
939928,600,they
706408,265,national
1152889,744,stuff
1117963,977,thus
315143,728,boy
328595,382,two
836547,394,throughout
426899,758,memory
1135197,563,open
839541,943,argue
838149,372,easy
1051641,252,teacher
464769,297,mother
545360,237,degree
567280,173,carry
577231,469,represent
437414,178,probably
833096,789,poor
1045266,32,family
1220706,80,use
1030287,266,easy
955213,656,law
728763,676,relationship
764284,746,prove
329057,178,explain
1067661,280,today
1302661,271,inside
363455,484,soon
655906,507,change
941796,55,fear
332752,461,piece
1035067,328,development
628612,210,none
1239792,837,half
530889,423,face
1024150,794,then
477807,747,talk
536481,250,tree
495853,731,near
1296883,411,once
581455,566,certain
902303,183,size
1142326,627,better
622763,720,effect
433925,975,will
1060100,172,eye
450382,392,rule
990497,387,another
942236,862,two
947987,528,take
720930,888,spring
674124,374,enough
1228770,778,parent
1096416,118,pay
659749,635,direction
490745,298,agency
779292,65,first
673663,699,social
1011040,469,good
1063540,692,everyone
690554,255,dream
841520,356,spring
1177687,483,send
533530,179,data
719830,238,receive
1145185,826,population
569601,69,late
966367,675,police
868579,327,will
445796,206,own
645216,888,hard
794357,373,third
1249781,662,analysis
552637,270,its
1125452,332,job
726998,296,item
797824,925,lawyer
1213791,683,safe
579789,212,professional
1207256,465,radio
768497,454,enjoy
1263491,799,win
908284,676,bring
282868,157,report
533306,549,wait
1060467,106,question
1160660,148,voice
364617,200,difficult
1216067,824,different
405239,680,industry
475700,884,adult
1287065,429,buy
316746,931,question
525736,574,song
1203483,209,student
496369,269,floor
452369,214,station
1110427,998,value
493142,865,note
834155,146,civil
694879,474,factor
997490,363,human
1034918,871,range
1192076,290,entire
534623,41,business
693366,751,concern
532337,201,month
700622,922,them
870866,846,defense
1021710,233,cause
1062047,671,worker
325881,370,lot
980927,418,speech
400983,8,although
1031046,75,decision
601731,92,stuff
465548,521,writer
891802,102,mission
1211752,396,suddenly
435371,712,everybody
929185,509,administration
475744,820,effort
892618,522,husband
1250988,141,or
326137,867,TV
326480,72,spring
1106941,809,those
738987,120,enough
912490,647,establish
407435,632,standard
1192080,23,PM
573413,41,action
1273566,72,remember
1014622,427,place
606733,705,fly
842626,179,recognize
948272,59,would
616067,422,range
1074622,731,national
531056,80,together
1239812,932,wall
1181776,819,example
579613,711,general
536149,338,stand
618412,812,focus
307637,836,the
1006483,647,gas
1098688,517,front
1242254,548,daughter
589662,845,man
595495,825,image
674095,277,center
843382,101,need
559919,969,shake
849405,232,police
862090,793,item
522621,57,kitchen
783568,118,their
591227,632,camera
915115,484,best
724541,611,throughout
798910,901,least
394120,925,its
582893,676,much
606089,203,which
1219411,623,early
435150,76,consider
823292,914,question
367474,16,plan
920435,72,others
623958,930,manage
964194,46,or
1051403,313,Mrs
617137,699,young
844054,616,carry
1189303,252,simple
349461,169,many
740562,727,hundred
1130409,781,continue
1212684,778,opportunity
393491,172,like
1255665,850,billion
616399,316,despite
942298,637,beat
452343,467,see
804229,151,authority
1176709,83,throw
405954,257,within
811379,368,government
979850,663,major
707776,828,sister
583629,894,the
583700,711,fact
427790,892,discussion
873956,85,general
360496,822,sign
1249644,366,agreement
701151,462,mother
556062,923,while
1070647,367,economic
919740,35,husband
579089,88,lead
1082923,735,table
894310,414,enjoy
328715,997,concern
917852,830,change
486761,424,eat
313212,45,group
341165,646,yourself
504886,683,network
1048042,744,him
677055,298,couple
775568,32,program
437093,83,citizen
1285420,806,become
1189555,809,rest
557466,174,church
423883,737,since
1120399,149,beyond
279972,301,model
798378,232,study
893881,556,mouth
804304,275,body
677559,787,finally
967314,266,shake
618620,716,body
577688,821,yourself
619284,621,improve
555468,355,section
588908,331,ok
915469,549,movie
1255788,451,all
1079932,317,worry
963756,922,community
782343,631,mean
532656,155,bar
329290,493,trip
317017,395,doctor
842195,771,return
332418,206,seat
673295,477,sometimes
834021,983,politics
530917,20,institution
435504,916,because
545258,690,to
997262,956,second
936080,8,eight
1234527,130,public
793762,720,old
463519,838,choose
437465,987,coach
1314990,626,character
370502,904,fear
1300283,66,someone
1256770,572,kind
1177564,867,choice
932735,580,husband
1297441,237,far
548586,898,understand
441651,744,beyond
730548,859,recognize
979906,691,success
352723,595,loss
1113603,211,way
1024792,133,available
1283327,840,generation
906111,284,training
613118,766,card
1230752,449,agree
724242,132,foreign
1144578,917,country
1287536,687,skin
935318,26,behind
543641,62,member
797581,837,note
563836,750,group
947283,795,animal
985149,292,thank
956202,808,interesting
716268,713,effect
1268708,738,animal
445383,220,sister
945204,57,short
986199,907,nature
372931,80,station
509956,4,change
279738,256,will
563185,646,but
1274995,833,bag
800398,990,protect
711994,725,stuff
571911,167,fund
1074224,171,defense
858717,628,data
844531,411,girl
792493,187,eat
479847,33,here
886853,198,live
900866,21,who
825155,707,together
1121773,490,create
391584,414,voice
863751,900,her
1229714,566,people
1048356,872,learn
1293261,534,today
679255,61,international
455053,954,general
332762,747,something
1271506,686,scientist
851293,733,need
1287420,573,near
713401,710,difference
466771,115,sit
593183,472,result
1267038,884,course
711991,495,radio
741469,248,before
564142,862,father
711825,42,eight
915109,583,subject
568953,450,audience
859384,972,simply
576039,456,audience
1063893,795,maybe
342336,663,center
816745,772,then
904746,977,station
865240,574,in
966048,832,model
368449,240,dream
510747,689,room
1017032,26,whom
575092,275,effort
1075977,352,teach
819655,361,chair
334738,807,report
898304,512,few
444802,706,thing
873347,938,fact
632901,508,ability
665545,754,right
447243,310,buy
599900,261,cold
1265933,992,bring
811094,452,become
1048481,171,pick
703284,688,enjoy
1221770,212,carry
872313,509,majority
750748,64,moment
707499,686,describe
625838,928,character
1048886,17,drug
460697,199,point
415657,444,lay
685583,981,animal
1315261,673,model
540105,115,film
908840,581,dinner
893442,976,early
1114999,568,entire
1192449,922,market
665644,333,couple
984687,743,bad
1302018,835,term
1057095,288,develop
1040273,15,create
1240305,961,company
639862,253,image
1113486,215,enough
1007737,81,generation
1142040,326,ever
545427,935,mind
729825,887,she
988460,925,already
1155541,964,serve
762870,771,anyone
781117,388,military
386723,385,analysis
1003560,192,significant
1122729,796,student
969567,698,tough
291828,964,fine
1019306,947,best
550782,223,stock
671971,700,consider
458809,3,ok
312309,517,most
893511,255,environmental
286473,340,how
442451,302,class
1041498,195,almost
420924,749,hit
590450,306,network
568175,39,themselves
867191,360,hear
366230,794,none
1186754,296,security
1087040,54,make
706111,682,gun
543705,402,officer
281537,231,simple
895538,328,staff
1200888,38,quality
675494,863,man
457828,733,learn
981127,301,defense
838941,601,challenge
1144785,434,sister
756983,853,recognize
1119347,671,together
777524,780,chair
344939,117,worker
914057,379,western
924062,682,maybe
1243272,743,this
983963,539,like
290311,272,before
1308689,786,area
627652,555,second
715759,972,interest
554361,251,popular
1214296,703,popular
704870,132,college
502404,270,husband
1037194,223,knowledge
368382,480,manage
437914,453,project
1311954,761,rock
391293,836,describe
469876,950,bed
805382,788,his
607861,281,water
735373,353,without
880027,631,goal
600984,729,subject
331151,387,always
333878,330,those
301959,828,hair
467049,438,mean
717153,939,physical
493985,425,bad
1123669,141,drop
464838,893,century
895831,705,must
1286567,613,herself
921382,544,economic
1271832,761,else
1203765,115,significant
625043,404,event
1120557,99,type
1066789,595,reach
597947,702,suddenly
819215,746,network
435968,391,scientist
475827,766,raise
726005,536,hard
1216352,512,reveal
472103,906,east
436103,799,feeling
763054,210,allow
559193,933,thousand
657557,504,law
1065255,871,class
835236,729,public
588631,858,rock
651917,160,your
827852,834,true
1122299,998,card
1252527,248,reason
316463,901,food
723665,339,work
416201,333,often
699672,895,what
882736,220,option
591234,341,believe
1062465,260,class
1099928,1,news
623001,132,seat
335556,703,relate
812570,707,pick
1109296,653,series
590613,238,position
599038,613,lead
1275028,490,morning
368868,827,now
920931,445,practice
377875,681,land
485860,707,road
385254,257,last
663028,520,mind
297150,242,major
816209,870,need
952399,676,many
803954,80,catch
672084,413,then
998331,859,produce
399397,489,at
1153542,598,party
1149227,962,loss
1143458,107,support
1190014,479,particularly
1043066,512,job
763855,934,protect
784388,23,western
738788,213,tough
1147428,778,business
513562,303,place
758011,408,speech
1188079,997,training
618271,536,war
552498,109,idea
1013295,154,material
505746,825,all
321186,492,field
597044,555,camera
670690,903,stop
719258,859,would
640244,817,finish
815334,715,detail
537470,513,there
297160,779,scene
1214905,484,plant
721372,574,certain
585929,796,five
416265,170,hand
624925,389,me
1296672,273,feel
910895,420,best
718770,970,main
310729,19,change
387172,546,in
310958,13,central
610858,380,food
332221,427,toward
633527,898,part
298089,886,lead
667903,645,imagine
1127761,653,direction
540691,619,positive
1072504,757,life
1145480,82,job
288654,396,large
1244099,302,use
624712,478,star
1288824,294,employee
627188,243,campaign
350333,337,shoulder
1227250,272,foreign
1184281,149,there
741889,79,word
1234463,109,arrive
1243505,228,investment
400742,965,trouble
809917,84,statement
522911,72,face
413778,474,collection
955080,574,because
336996,584,industry
637218,341,expert
1070408,548,fact
667204,317,technology
345396,794,rock
735160,557,coach
482440,24,life
1192801,729,compare
374366,420,condition
913333,389,maybe
978597,149,much
1281548,180,line
878548,468,structure
1228162,840,which
1095142,765,whether
690236,83,especially
434863,554,look
1210862,184,field
1115892,59,company
1234482,117,central
592706,6,threat
869761,762,officer
385459,205,rate
359824,690,fine
1013826,601,its
1068879,695,popular
914953,30,let
926307,151,thousand
846727,987,since
745960,752,those
357844,32,from
1147453,48,participant
513446,347,simply
627986,488,tree
1221598,998,smile
907689,231,head
592608,104,me
496164,744,accept
1140551,444,member
1206250,473,key
652416,807,land
387049,408,everyone
1018799,417,now
721407,280,recently
497126,151,physical
390279,3,identify
486346,477,as
1220070,154,vote
1157339,342,week
383195,139,politics
702247,62,exist
1221941,634,development
506802,377,into
780016,497,home
1153907,779,everybody
677920,839,return
1291599,841,feel
409844,691,continue
1096092,696,must
743039,225,relationship
686875,450,ok
1134735,859,success
831923,777,believe
455756,365,not
509999,221,improve
717628,529,while
976254,537,station
1286494,973,candidate
1063777,819,certain
895273,268,wall
1043736,278,fish
879002,242,art
1040412,870,detail
1018021,82,like
553534,857,really
1069373,360,institution
571034,304,mouth
886232,744,then
1039609,93,above
847173,692,ok
1024913,676,fall
340220,116,wrong
1170221,416,food
749463,853,hand
936642,862,method
997935,355,character
390768,246,along
973174,207,sing
480269,789,threat
1308510,826,often
1284828,920,can
864158,162,daughter
728740,300,wonder
1056844,551,send
360348,291,particular
1177692,827,land
836767,882,choose
549547,874,reflect
728657,803,should
289846,710,choose
1295550,235,box
1176576,404,finish
385396,943,pick
535143,615,investment
373949,63,pick
793296,986,whether
868461,217,us
1246506,847,school
918037,378,blood
1128624,361,law
1070160,939,Republican
1281088,473,major
661167,326,side
584028,447,election
1042646,322,get
609375,130,try
457814,639,listen
979689,283,performance
845107,804,board
695236,677,per
1115980,295,who
715157,498,suggest
555470,727,role
1231534,313,goal
444536,208,respond
599847,861,institution
1133089,117,born
1288209,75,whatever
736203,296,already
919746,310,few
1265283,70,law
557507,50,free
1238934,975,discussion
1015899,577,cover
1211588,493,recently
337471,767,television
486801,520,role
970666,768,without
1012815,305,upon
1035273,36,star
939285,771,serve
626195,81,never
1068981,783,article
555879,16,off
892603,942,might
763310,87,difficult
1270535,861,both
828519,989,skin
485021,523,chance
705078,354,college
411832,105,peace
983951,996,race
1144528,421,life
408337,416,would
515409,411,office
1061286,942,would
701057,271,last
1312827,839,community
709197,574,require
922615,859,hard
582296,692,series
1127332,173,never
725031,642,my
871620,742,nation
1145297,511,large
892198,91,although
1258114,936,themselves
548292,419,scene
1054436,986,trial
422386,776,beyond
1003355,712,wish
1152434,925,owner
1227035,502,section
977229,982,total
1143480,80,task
927082,346,your
728422,75,home
1176604,804,black
1133313,606,friend
963372,628,drive
709699,105,mouth
300832,851,design
1083019,848,great
931391,6,condition
828500,64,true
420010,721,end
1072485,568,person
629990,625,manage
1244553,903,page
625095,718,smile
827067,812,concern
310794,706,accept
1125436,641,film
638227,631,determine
689265,642,choice
1210767,202,tree
1246076,122,necessary
1243992,471,plant
687960,56,executive
467838,106,receive
1186374,669,write
857928,855,between
438696,993,floor
863356,732,back
1106535,236,eight
839045,431,news
1106877,269,simply
1021475,143,put
780940,50,rise
677141,747,area
1019256,806,throw
551121,716,method
1236296,84,only
458849,65,but
1226582,852,wait
1163877,667,win
855641,188,book
775804,490,girl
673495,904,ask
436187,861,improve
299296,239,player
396562,162,position
1049952,307,then
727479,10,wall
354718,156,spend
527957,87,network
848857,71,forward
309963,729,cultural
836790,339,police
1081597,495,treatment
753526,40,season
962102,938,heavy
580960,662,develop
1246523,881,research
431694,838,news
1179354,561,plan
308035,527,similar
947322,117,Mrs
307638,143,expert
1144948,298,stand
851689,294,too
787168,472,wind
936377,680,physical
1215916,686,produce
1280695,284,purpose
591788,216,ago
1119690,602,indicate
345225,136,tell
551601,44,dinner
1057535,880,recognize
1016389,175,call
877920,884,just
714648,254,traditional
836418,88,mean
522045,2,billion
892103,929,evidence
1183721,570,vote
367333,332,window
435059,76,specific
1218744,459,foot
593452,508,believe
520973,861,political
851368,423,read
971084,30,reflect
442639,719,chair
656893,911,long
800062,388,hand
471734,986,other
943438,575,turn
448171,971,there
716938,168,scientist
349284,375,want
1149310,732,exactly
853075,232,start
887419,234,wait
539526,599,computer
676855,901,trial
538773,924,catch
527765,376,bill
1064920,626,tough
563645,285,stay
1291547,587,door
352828,181,together
1287125,637,certainly
411223,978,coach
1201501,884,above
1104486,999,stuff
754536,308,direction
289477,455,school
932750,116,light
1294581,945,result
929756,987,hope
1230674,799,difference
1098726,800,window
946060,225,to
787280,896,challenge
528618,986,other
1071587,162,instead
590516,71,nearly
582439,989,analysis
1206750,941,race
800427,174,hit
326940,976,some
1156800,752,line
994888,550,have
571297,95,mouth
774689,626,trial
369252,154,our
1277798,448,find
914769,791,many
892129,421,cold
1180400,632,nice
1282818,214,out
1280855,256,development
436929,708,its
889786,703,year
1155523,808,college
828754,256,say
1024213,524,just
1224291,786,old
419901,351,how
402554,640,conference
1242134,549,old
390670,644,course
777051,773,answer
720097,499,most
718900,511,beyond
1034382,493,sport
1202977,824,learn
1301326,779,two
629630,31,keep
503464,947,career
795716,429,hand
920443,112,month
1203615,771,continue
739410,260,success
340605,999,whatever
426664,780,protect
594727,487,rate
729390,711,manager
1042462,947,recent
888777,680,discover
582395,252,outside
481577,860,seek
587077,176,statement
585931,551,return
450527,278,free
363656,357,day
1016633,999,develop
1007431,458,coach
646702,253,action
700474,936,former
1075587,445,hotel
349467,931,environmental
361703,434,probably
1137045,960,example
481535,498,child
298275,632,get
580004,15,collection
1153183,445,television
334019,870,thank
538993,743,catch
428257,140,fund
1044882,686,public
1216814,203,police
910525,902,country
292076,707,cell
761268,858,American
1296318,540,pull
997740,329,act
671860,665,life
1160408,53,poor
356308,988,action
874759,463,join
298347,158,war
1112319,74,way
576397,547,son
1145087,438,her
426159,764,culture
351179,578,offer
1296786,7,camera
305801,591,Republican
1255779,104,detail
334151,888,occur
1095771,547,hot
689158,989,most
1139737,562,we
776788,820,visit
992281,145,dinner
931587,163,about
618051,846,area
1210797,923,strong
716866,279,commercial
941038,421,cover
376763,438,vote
531123,413,heavy
868597,16,decide
869988,864,air
597504,232,case
888142,893,drive
809807,11,usually
695001,483,none
600727,50,American
941549,104,help
530429,969,consider
667138,899,design
702283,625,wonder
435405,850,response
960884,598,perhaps
302391,180,down
471709,902,current
1061442,299,sea
1263261,627,group
431595,834,community
380210,950,Congress
449523,952,rest
665026,872,do
990430,853,physical
1220654,718,cut
940822,919,to
1029569,752,can
414873,101,voice
441075,174,tell
406076,262,some
1151486,731,ability
358494,336,to
778225,686,player
1176510,798,cup
1021440,392,mention
437634,991,box
863298,983,something
1005535,352,true
640964,296,total
303124,303,stage
1299487,308,general
636657,423,century
1007379,809,writer
363347,599,inside
989438,583,determine
1230220,810,ball
854530,216,report
806818,389,wrong
737649,670,face
527851,40,brother
1146647,592,order
903335,578,get
694429,55,series
1108447,13,whatever
1226685,695,cover
543341,190,operation
920570,330,idea
1021750,567,like
1276151,307,sea
818086,896,however
1221324,636,then
778342,613,you
1125156,162,down
1247576,24,believe
1240133,653,glass
608734,246,tell
1020583,457,field
866188,254,other
759384,104,hard
1118994,281,whether
1289638,898,perform
1036865,834,American
1030369,284,after
1293558,835,among
614369,89,he
617797,387,program
462181,304,company
929372,83,data
1021820,461,under
1000343,534,left
883359,645,grow
424896,327,create
912253,88,maintain
376446,254,condition
967359,119,response
1183469,251,set
429533,117,try
661321,240,have
1159622,356,discuss
814755,780,sometimes
797634,254,head
1025980,772,whether
1245176,39,result
597928,324,note
522300,164,small
373374,449,man
534546,715,care
286971,842,quickly
1047255,465,heavy
640032,683,call
451168,992,particularly
729627,822,white
554928,330,write
544878,889,reduce
1012424,770,modern
1077413,274,article
885628,248,body
352527,955,family
401500,615,hand
522082,829,civil
596617,90,physical
742992,278,save
403705,211,work
534138,532,material
563877,877,side
754391,800,fire
1266987,426,today
831566,20,difficult
309753,202,though
472637,681,successful
454434,868,character
1247461,69,evening
974280,433,southern
557855,328,yet
794823,445,recently
1037136,377,box
1273581,897,walk
358004,128,instead
1272583,454,figure
281000,968,matter
682556,507,include
1110220,355,message
1196394,184,PM
1046094,618,week
1084559,986,community
1056444,382,explain
838816,685,put
875897,417,law
1264525,345,drug
1010697,481,research
544251,34,weight
916612,689,this
977287,593,build
829828,945,road
1209598,525,center
380883,57,huge
719905,336,different
946157,762,allow
648741,682,scene
739682,890,including
934685,985,carry
865731,266,traditional
301470,277,no
812191,601,evening
1257249,630,develop
700389,184,child
929771,468,economy
971227,435,inside
457820,759,everybody
584512,447,who
1281248,467,former
899125,740,future
404206,253,think
780188,921,certainly
628336,373,his
1293657,577,year
1161630,45,interview
417473,771,eye
615235,731,policy
1133739,817,visit
615310,82,possible
784136,291,war
555320,773,choice
1056099,831,treatment
768357,341,begin
683145,401,look
505995,524,force
1077126,434,will
938465,817,live
953019,104,improve
545668,224,end
491590,985,up
291332,95,thank
392473,657,doctor
795984,204,language
357287,219,century
774622,493,data
1067698,970,visit
955876,585,between
1234699,599,she
990182,540,suffer
1236324,22,serious
634062,831,left
1225363,568,bill
665471,285,drug
476572,833,eye
585539,480,physical
893723,462,school
787411,446,recent
657168,604,reveal
1267756,243,hundred
602795,461,item
1210117,530,everybody
1152901,699,condition
911139,806,risk
611469,315,speech
1204634,286,president
723376,207,professional
736543,851,already
642848,239,address
755904,906,special
334238,920,rise
705294,174,consider
574045,305,maybe
387976,386,bit
647805,500,shake
730390,892,follow
1156460,397,turn
462842,846,determine
1019882,656,author
1259910,916,eye
494091,723,serve
746915,572,establish
690852,754,air
330702,184,interesting
1059066,377,happy
882983,16,enter
463870,940,sense
307848,179,easy
834652,624,these
690398,805,imagine
355619,172,only
589339,838,thing
1060557,317,thought
1059874,860,agree
818494,36,property
1274118,245,music
1251874,477,according
1056435,226,coach
660585,720,reduce
979759,831,risk
1310600,247,quality
1134943,33,dog
296392,303,because
1077982,922,full
648247,293,trade
609951,79,wife
962954,940,pull
888183,670,clearly
711998,347,information
597984,667,this
919313,510,nor
1288043,213,guess
1224302,871,throw
413715,32,political
470206,303,authority
747552,506,Mrs
1116925,254,dog
418591,237,red
449010,732,wind
1056516,222,will
514298,695,seek
445227,819,send
369503,136,price
462359,364,begin
1272163,818,anything
1213438,313,evening
1302776,122,ground
1021995,715,them
739403,159,operation
435659,918,outside
976363,245,trouble
387283,671,represent
708185,898,yourself
692496,508,kid
786204,293,health
967036,460,TV
829577,532,professional
1183222,55,black
1186265,809,true
899724,503,friend
568045,94,model
842189,510,bag
369992,828,experience
436510,43,despite
830417,872,reality
1079783,845,image
306278,307,large
1180228,28,loss
844923,188,improve
366654,977,already
951553,133,sell
827395,428,health
718103,186,other
532822,557,radio
875850,995,in
1199243,321,economy
970604,159,reality
1242188,5,fine
474401,659,north
830063,720,mission
1028686,964,attack
1191991,474,contain
1177655,376,store
389323,407,area
851979,162,sort
367776,216,word
1293944,180,suddenly
1086593,49,economy
1235456,121,class
1056773,432,success
564433,854,blue
365156,462,produce
1168429,963,visit
407752,328,training
688806,97,suddenly
535947,986,sister
1018872,756,option
1296380,450,gun
1115489,675,party
1017073,868,usually
965700,499,training
793333,933,or
952644,394,entire
605930,728,week
640279,301,rise
1039335,987,but
343507,450,everything
835445,125,light
569650,530,example
667398,825,chair
1251780,523,leader
397879,855,support
1120580,114,case
694650,688,soon
493127,212,office
966400,761,responsibility
452524,90,culture
445056,631,ground
343799,442,property
875567,179,water
535006,27,free
543596,819,image
655595,833,speak
757558,248,east
894377,52,drive
331143,675,defense
305439,708,fight
732922,752,herself
956664,423,individual
727304,490,entire
980840,969,can
1139706,27,yet
854343,240,popular
1152438,150,want
1137303,655,tree
1124195,636,play
1071487,352,probably
1044530,233,develop
1057704,171,group
593167,361,true
532134,763,actually
1105011,624,ahead
290205,368,here
1092821,571,service
923097,612,end
694813,442,sport
675743,359,quality
404149,437,class
390350,759,beautiful
496631,3,be
1272136,758,environmental
423953,743,be
787176,452,law
760492,883,follow
777784,645,home
661249,406,mouth
292095,526,cup
776209,114,like
1285396,9,four
857908,581,call
681615,781,send
925967,64,region
1231379,884,course
930051,940,sell
797591,664,where
317045,324,seat
570158,601,head
564283,545,within
331130,584,choice
386032,749,two
962984,164,describe
1148619,442,church
885656,868,often
998394,385,day
516077,390,how
297299,839,change
1315264,271,true
1016950,285,thing
974163,458,number
748731,600,friend
617456,756,become
1288282,633,act
1228074,881,despite
667810,318,economic
1218237,691,among
1302993,333,player
503895,160,sure
466502,647,no
378470,324,month
416679,955,whose
421145,716,process
369878,796,its
1127387,104,special
624241,634,modern
1069348,41,sister
1136014,398,main
584170,495,similar
665266,482,prove
1221234,807,late
971765,643,today
893162,367,discover
1099469,723,again
1217454,719,manage
1250928,395,north
1049512,455,yard
1042513,43,investment
861040,855,need
894851,212,maybe
1148826,72,girl
1067477,332,herself
946301,819,account
939941,300,run
1199379,968,near
1292382,836,sport
1043658,949,care
440839,688,feel
341964,47,sit
762276,308,song
571913,317,live
1155430,638,somebody
610157,576,quite
685055,700,hold
605891,813,prove
1230143,708,paper
664797,916,nearly
336738,488,whole
759523,357,effect
527302,81,doctor
942060,398,let
454773,512,collection
460910,257,great
510531,992,travel
279551,225,various
363672,926,represent
823928,505,much
344295,456,either
337162,202,drug
1142484,846,involve
383043,369,together
365355,51,discover
353739,799,table
414759,312,operation
1212402,816,discuss
969830,288,over
872394,122,often
795814,59,career
1075631,822,know
694398,867,rather
476786,608,bar
1238772,854,person
917262,353,night
384709,379,receive
961809,94,base
574423,109,between
620087,147,degree
706738,542,over
1287383,5,remember
1261667,506,actually
680914,604,blue
1230130,861,never
1276910,132,during
889939,503,you
1297564,971,plan
786639,538,amount
966701,329,still
787855,823,writer
960291,684,whatever
792861,691,less
1051689,794,safe
1098050,556,building
337818,476,beat
1139456,644,establish
843308,953,type
330640,34,include
774233,403,space
1208729,23,either
351926,80,after
1055605,17,ability
1161741,690,collection
954957,155,claim
416899,293,mother
429941,719,must
454669,863,wall
548013,857,worry
659717,485,role
1222871,416,physical
622036,497,feel
1306224,561,middle
1190700,804,quality
867235,369,own
293425,314,bring
842381,110,finish
1164180,286,husband
1043229,467,at
1018924,300,purpose
550635,419,cut
1013468,519,window
337178,332,issue
710007,328,Republican
506951,43,south
492188,480,nearly
628587,201,out
439008,782,drop
793372,766,decision
1079890,717,long
700367,338,also
1312560,348,wonder
1226321,221,by
681245,490,admit
353045,373,south
527272,641,involve
998832,814,join
1282914,313,administration
1100606,222,hand
1037947,34,charge
403707,665,dark
1051828,801,popular
1120879,933,my
508934,113,he
599766,652,somebody
570398,962,move
1205964,72,employee
435810,687,program
1228625,532,save
519055,388,quality
282125,602,short
1096710,394,agree
976590,592,Mr
1309026,726,early
758071,446,can
971158,82,role
1148330,989,begin
928053,717,serve
1013523,732,reflect
874682,176,participant
1154942,732,rock
930557,809,their
494795,268,little
451898,419,speak
531177,576,they
1163400,733,development
1220485,782,century
862071,192,hold
1137013,862,other
1280582,126,different
1060308,986,understand
965630,204,kitchen
835421,692,personal
913872,114,tend
386462,665,common
451398,554,official
375585,697,meet
340240,576,behind
416516,367,fact
1039258,499,mission
1287709,484,eight
601470,330,miss
1025245,667,food
685771,865,again
471003,788,cold
484977,358,so
1154374,820,rate
467702,841,event
1079044,95,store
656123,846,understand
555376,222,media
1203548,837,baby
436105,584,player
650776,42,voice
313321,792,pass
396763,266,model
639855,649,wall
586749,974,what
466908,156,five
438689,118,performance
396275,845,message
1088572,391,include
783385,990,price
1094529,261,they
455248,737,save
877766,723,fast
427158,606,also
422806,173,cell
985334,638,dog
413861,556,strong
526717,111,challenge
935892,713,know
442770,739,reach
489616,599,task
319025,285,draw
658078,772,car
1047031,674,ahead
594327,288,from
929642,298,gas
621021,477,customer
442313,329,single
388093,263,senior
1291616,451,right
648741,279,late
701858,528,order
1083637,899,success
843376,331,day
1285826,658,brother
833627,263,final
1162694,840,most
450197,77,up
541837,943,for
1240582,497,though
1088567,437,to
904272,848,administration
1271556,127,week
497529,607,rise
632384,439,professional
1028428,95,six
1152170,899,green
1239821,3,step
971390,247,involve
1072060,592,card
433299,199,ten
580708,200,customer
693580,932,increase
909064,756,maybe
655542,759,staff
874775,964,necessary
378861,408,result
819030,882,particular
303671,464,consider
845249,466,expert
609292,363,peace
764523,336,address
778559,252,today
1021112,727,various
488898,733,involve
1183085,58,big
850353,235,to
816105,269,board
992746,186,big
1137745,197,kid
989260,386,three
787583,357,environmental
992978,196,tell
443061,947,letter
988835,557,quality
686477,348,little
947743,286,a
361386,826,statement
1238406,956,fish
613419,282,where
1052291,846,loss
822348,916,man
1003772,374,realize
1093487,664,choice
710013,258,fill
973366,643,good
687852,889,outside
626867,793,matter
680978,500,again
1099866,223,factor
611030,357,program
916389,892,call
1307930,947,can
639283,46,key
714959,171,six
902117,127,young
1033366,629,central
1180829,624,ever
450917,683,serious
310154,836,matter
902244,486,continue
755815,765,since
1169066,561,sometimes
483829,410,central
509772,713,statement
444295,398,economy
843733,312,common
716638,15,experience
728452,589,senior
1072563,437,marriage
600815,740,whom
963745,555,difficult
1040259,808,turn
860901,707,leave
501942,300,international
1232634,440,set
1174621,562,play
1290236,924,during
723830,942,deal
1011835,742,capital
1286140,596,ability
1187014,488,remain
651564,234,picture
1218096,617,war
1037065,313,identify
851274,694,science
307336,399,central
847024,392,civil
730958,207,music
624113,898,statement
1061325,577,person
818401,7,no
865960,720,year
414949,54,trip
394887,406,treat
1187090,435,guy
709258,35,PM
644930,770,pick
677816,60,debate
416569,159,personal
1255309,854,purpose
1094838,767,cut
996388,696,wife
675980,256,person
707421,823,too
687552,892,science
568918,639,detail
874251,455,coach
587966,834,six
456368,950,tough
353018,132,according
756417,230,again
849299,612,ask
518508,978,budget
527820,968,wife
939893,36,difficult
621696,820,tend
874142,280,myself
539842,362,account
1313956,270,can
527334,896,method
365982,41,easy
463956,808,team
624948,95,help
304811,444,just
905753,427,physical
1263095,130,north
403818,11,look
320869,636,perhaps
515525,784,improve
866929,189,far
1117111,277,machine
1162157,980,parent
1264588,789,common
1217301,467,food
1029593,646,sit
1135602,481,body
1296837,831,down
1282536,491,spend
620635,245,economy
1310199,994,can
842028,83,easy
518859,952,few
747671,772,able
1140952,236,establish
364174,883,face
856447,570,to
597605,295,season
917651,406,support
1059394,127,tree
1244800,648,second
401639,157,response
733979,520,none
1143777,235,yard
287864,178,enough
1093672,280,reduce
529301,676,view
1035832,979,sort
762190,531,while
768298,988,present
1055660,54,theory
1281753,986,go
971405,587,this
1090237,283,level
916642,963,wrong
1141910,653,reach
294427,467,interesting
509128,196,through
1311572,254,provide
487051,652,child
949036,537,forget
880826,104,without
287009,689,pressure
363552,416,start
622503,493,series
1300548,630,center
292659,964,source
881141,277,show
338812,421,practice
340151,126,far
1062558,746,fill
544723,965,him
967885,727,individual
629218,628,whole
595703,351,computer
1262346,366,message
697823,244,result
1302452,50,factor
467312,703,lose
639438,387,structure
1094819,798,cut
1121825,133,story
368071,852,always
883655,734,soldier
686354,920,race
770610,828,use
1184791,957,audience
1229449,759,newspaper
664649,7,yourself
871705,639,cultural
1210715,402,on
1084675,237,understand
1070354,54,east
353190,972,score
323530,442,class
862050,367,task
873811,194,TV
881376,940,American
313365,444,into
789261,543,Congress
972130,774,despite
1153620,174,walk
710627,268,treat
1152005,830,include
674122,651,magazine
1280218,872,main
713311,417,oil
1000262,499,thus
539462,565,social
1146717,104,organization
679416,156,produce
823332,914,scientist
284632,617,talk
719374,485,debate
623181,984,bill
1131121,922,not
755953,482,trouble
493464,984,laugh
322096,73,carry
1168044,869,house
310396,330,blood
527605,139,according
586821,55,tax
990712,791,today
1027110,967,different
1201475,102,lot
394756,861,imagine
310927,306,lose
465294,216,girl
865398,251,happen
769946,989,meeting
652684,1,American
1263615,316,quite
504541,329,year
1006337,48,remember
563457,239,source
402259,59,as
576724,481,memory
853292,938,agree
345867,776,we
654088,837,here
1248115,1,whole
605032,454,this
467440,372,voice
722503,883,door
1224354,73,often
722044,920,writer
811248,761,painting
1265666,859,sort
743181,596,garden
1140988,787,leader
492025,854,tree
280908,387,professional
986783,747,sort
686548,627,or
393313,178,become
1109771,64,difference
1235669,275,PM
856755,255,machine
1176219,827,something
596311,861,into
383659,415,pass
1197665,443,ready
1269184,327,character
811857,107,pressure
1219749,435,news
781685,200,very
1000236,421,eat
329602,649,threat
329358,945,back
345614,647,western
591897,543,true
305819,19,move
1221346,818,the
420379,292,east
439312,884,wife
880093,317,name
1021151,650,history
770994,110,visit
1244576,840,establish
1144706,920,into
1234692,962,painting
1013729,570,ever
429537,160,few
800265,890,and
475402,115,impact
338116,65,night
544476,325,some
1161514,94,heart
322906,422,how
1307766,6,president
989213,823,too
1304656,613,body
659876,707,lay
1136059,146,middle
893686,241,year
1014118,503,teacher
1111141,324,main
589504,873,include
922883,232,national
810814,943,effort
1135317,999,husband
656964,142,sound
1119229,791,magazine
300339,81,design
556893,260,run
834285,873,entire
1168050,316,according
355275,252,point
807049,225,worry
370586,925,base
1307287,244,church
747487,776,political
704913,931,professor
855274,303,serious
1249662,74,PM
1100615,921,night
1272605,662,decade
428558,277,night
636725,131,take
1290627,30,enough
484044,13,head
1015696,392,difficult
1048880,933,beyond
1066072,227,agency
476992,652,consider
799272,634,green
455739,18,source
1261325,429,run
646710,638,soldier
327308,372,strong
1053166,476,site
829997,198,land
1130742,306,anything
975122,897,member
1220412,381,choice
745918,158,store
839575,147,industry
1111182,171,indeed
286774,991,relationship
317328,512,establish
1044898,903,citizen
1218033,753,hot
404860,863,table
576494,718,many
509105,192,table
1239999,197,section
845486,404,soon
1298434,219,customer
658095,948,must
350702,938,central
1269307,975,use
365433,555,remain
1154810,103,meeting
304169,533,reality
655901,783,writer
1166227,578,performance
1210103,275,second
616316,427,fish
1274673,538,try
737880,148,threat
1205595,28,nothing
480786,37,pattern
420561,674,almost
1200094,353,new
838608,132,per
1200750,173,picture
459079,938,amount
1212198,53,improve
755600,658,six
1292270,728,science
296395,16,security
722352,485,myself
1302469,288,green
327871,726,know
927268,663,group
526668,619,security
393148,645,see
361595,302,develop
981629,354,course
563746,66,threat
1200089,661,environmental
1082612,178,kid
820910,111,without
1139540,453,truth
1285604,110,about
781084,795,strong
1031670,442,range
1290827,637,next
455617,191,could
649714,701,no
848007,303,democratic
618965,506,stage
604865,270,citizen
736875,854,among
963822,120,high
1195268,872,whole
1292773,918,realize
1053211,520,product
702811,564,difficult
1282315,295,little
848508,788,spring
859817,853,financial
460383,177,worker
1122243,315,deal
940407,888,where
1260288,446,billion
285158,785,front
758803,41,have
367748,889,building
521312,832,model
1115406,262,character
639514,939,nature
1183460,642,until
619847,752,back
338490,637,team
935448,841,idea
1082050,63,arm
350509,760,entire
644714,33,tough
924861,319,cut
739385,336,maybe
517778,741,decade
627380,923,little
856600,526,evidence
1102032,746,either
808526,98,box
1052057,498,foot
1066371,874,business
431056,218,different
588879,802,operation
1238414,834,sing
1088917,248,call
908267,314,every
1268810,709,character
361408,960,couple
830195,607,PM
573180,663,face
442866,475,arm
536615,939,situation
832676,842,education
1166995,601,goal
1279756,958,yet
908142,966,speech
453074,51,employee
921847,576,why
301534,521,mouth
689018,796,spring
733998,885,college
913383,821,test
609430,640,eye
328729,989,break
569388,704,he
713972,367,debate
919283,303,you
1118443,159,federal
604256,633,answer
1133248,96,eight
1314779,954,trouble
681762,70,week
433650,743,to
668268,430,product
973495,75,cut
750562,960,clear
948553,423,century
448295,724,true
645157,657,letter
519745,188,organization
280141,247,shake
1020245,259,recognize
409920,309,building
1011998,374,adult
633154,288,Congress
1016607,168,despite
908110,724,sound
950415,405,attention
674038,738,billion
1105088,285,town
609986,42,message
365585,707,of
726298,231,black
833197,792,today
995853,330,professional
1170214,134,sell
770984,362,strategy
512844,828,somebody
1060583,674,against
410034,967,first
877465,496,join
647879,504,course
1220465,892,reality
1073221,66,into
1047633,535,media
567568,629,positive
1099971,149,much
497662,545,oil
622432,595,your
787572,267,end
435277,779,or
818331,722,lot
698569,870,word
564633,650,score
546530,203,system
521937,251,relate
835161,769,leg
569561,794,according
983201,117,democratic
736579,82,usually
641615,137,night
931793,490,minute
1253994,842,create
631951,1000,bank
417689,655,born
332606,401,Mr
751653,175,total
433858,809,which
795736,237,daughter
1251497,46,whom
464706,21,condition
578948,595,phone
1000906,739,practice
489206,4,baby
1115542,801,machine
340474,424,enough
1104507,576,word
729882,392,long
1205680,559,writer
1049895,571,professional
360833,935,purpose
495745,716,vote
947742,598,ahead
1227658,323,risk
323855,747,race
548525,472,particular
1084751,971,run
1095134,635,think
1241496,936,third
1281904,721,everyone
1228914,778,information
1045471,175,information
1206266,348,social
1109826,142,more
1289552,17,improve
930222,82,main
465171,643,arrive
865962,973,yard
580614,813,wife
856794,110,fish
956590,820,threat
739746,998,before
790906,778,job
372894,568,join
425249,865,hotel
912012,69,TV
379427,9,movie
404637,958,sea
1191263,812,imagine
853413,108,tend
769321,385,stuff
626890,925,some
563867,15,heart
1087574,301,without
960725,427,institution
754576,204,hundred
576425,1000,development
319165,383,against
696949,838,down
1060839,856,capital
1128573,480,side
615575,613,fast
735711,626,officer
422051,542,bad
798633,835,force
684336,838,both
311563,22,itself
590397,82,up
378144,451,minute
602819,737,everyone
821133,450,south
490567,367,thus
1016686,246,somebody
426182,619,east
1118055,746,remember
894863,778,general
1127549,941,itself
501561,215,about
611030,778,there
414024,338,art
589158,272,hundred
380176,826,world
516841,167,the
1243741,978,according
867137,959,go
824371,958,financial
516778,851,share
334664,586,purpose
519818,188,condition
1017641,266,finish
381472,987,you
879034,496,hot
945344,326,head
519147,315,Congress
624610,997,sister
1048179,640,half
1306543,158,trouble
371030,900,more
782939,799,final
977279,729,seven
657722,381,voice
740357,591,same
594165,103,energy
1261076,73,face
502631,245,less
446401,666,something
1153044,340,phone
846953,719,them
1186398,623,their
443506,367,number
375586,430,budget
445798,712,sport
1067440,305,old
867325,292,particularly
885014,56,child
1204985,425,half
289626,709,low
821562,405,policy
1136223,19,final
1220137,603,home
664997,912,process
810344,756,five
376341,349,want
1105992,331,occur
835835,396,development
1254365,674,director
431427,432,receive
331548,876,employee
810231,440,town
314961,490,could
295859,89,from
1098992,474,check
953617,173,color
701083,487,then
1001101,166,official
307476,448,worker
1093225,962,either
1286914,957,which
399138,747,me
526054,775,question
518246,464,recent
840667,579,black
1265427,798,local
1078128,238,ask
1213875,595,pressure
509388,206,market
1310307,932,not
1238723,466,second
1043162,239,student
809477,403,pay
1148333,272,yet
736178,863,include
538276,615,size
932162,292,clearly
1026284,783,company
373732,482,prove
1136617,434,something
805910,31,anything
1005564,858,call
604148,192,artist
365792,170,performance
421041,903,analysis
1245192,337,happy
798820,645,agree
549327,497,PM
765284,495,analysis
765495,967,recognize
1192642,476,focus
385171,538,loss
624110,749,prevent
1090554,435,actually
431727,852,walk
1113067,733,kind
1280632,579,field
739975,927,see
808974,298,thought
735579,241,attention
358191,194,happy
280893,301,second
430723,527,you
1029751,327,city
907386,902,face
1123732,671,investment
800144,451,personal
282628,619,color
933562,35,likely
1111747,779,produce
853393,691,PM
337376,545,our
1001780,276,cause
506398,442,if
1108717,131,control
1164092,633,popular
1079696,879,people
733565,391,him
984187,151,face
1153067,955,hot
1042489,375,option
324762,805,entire
403435,914,southern
1057131,264,study
1143661,786,child
747725,639,my
787238,391,specific
440126,549,there
995271,253,black
373270,26,center
517336,508,particularly
446655,972,would
926351,606,system
1030753,287,available
721857,218,pretty
1211815,344,other
830724,45,kid
624267,204,age
485688,680,blue
730756,772,left
1230086,106,let
879465,694,represent
1255292,596,identify
474265,962,upon
1257459,997,fear
325009,506,stand
872864,584,paper
610700,378,this
443879,198,call
732379,676,approach
822162,276,rest
887748,702,well
571123,922,structure
1089042,846,their
429051,456,medical
458635,429,worry
890527,141,return
838950,799,hard
295273,171,cost
864166,542,surface
715450,46,analysis
363706,346,rest
704705,60,trade
617476,249,admit
815040,782,film
427763,164,weight
910140,607,gun
401370,120,opportunity
1261703,536,my
1068610,107,theory
764437,298,beyond
829080,324,church
635407,876,as
1197571,730,drive
632963,699,reason
590308,456,face
990547,571,expert
949619,367,her
927542,471,area
559968,373,fine
891364,605,provide
722234,969,way
454473,45,direction
1296772,875,discover
536920,564,fund
514270,552,right
675416,655,visit
736561,784,present
497224,903,memory
299414,780,receive
842772,328,into
293379,127,nearly
689923,443,by
817548,89,your
1127340,389,dark
683693,954,system
1112016,735,challenge
853352,272,study
774896,573,suggest
583163,487,a
386074,530,Democrat
545057,25,lay
344541,416,ball
791341,15,could
694564,254,ok
1257606,83,Mr
1032010,414,option
976159,58,learn
1169640,194,computer
942442,907,up
838586,520,prove
428320,230,fine
769539,580,necessary
742068,499,few
697767,780,water
1282825,333,example
1267730,827,can
1036879,655,brother
1172753,962,oil
699309,272,happen
865119,808,morning
606374,308,Republican
405116,265,sister
804224,940,manage
1045893,425,house
804267,393,young
462801,362,throw
320542,796,deep
665362,81,big
419065,382,need
1133013,226,claim
521592,99,election
562134,479,better
409076,63,voice
714777,349,vote
737495,526,affect
576345,498,building
575946,634,American
1103228,146,ahead
726998,53,quality
1267187,135,long
503173,879,agreement
845575,700,common
1216285,45,technology
500719,207,your
498413,488,body
635184,420,next
987781,496,score
389257,912,skill
938940,253,foot
976052,887,year
936168,644,live
872876,637,card
1286392,81,far
634813,248,wish
290067,104,player
345811,847,and
834761,975,stage
994943,637,eight
783967,792,any
1299181,393,better
536809,413,general
371360,980,mission
429676,939,good
867490,998,measure
591472,643,the
647879,823,fight
1010207,218,race
836477,169,just
1088946,446,me
1043447,918,work
788614,848,kid
1264042,179,boy
1249064,8,nice
909333,558,use
551479,174,cover
535673,721,myself
926498,556,fine
300891,440,make
1070053,97,economy
1268198,904,edge
396378,54,career
985504,693,pressure
674740,138,trip
801006,492,speech
961185,645,only
432657,682,center
1263982,591,position
982117,236,service
599676,934,society
1243057,66,whose
911864,188,each
1259322,828,fast
826553,707,meeting
581584,16,mind
770345,314,happen
477538,449,score
775771,483,mission
1018658,738,theory
361623,13,wide
1041751,406,find
577143,694,agreement
490295,142,begin
423414,862,resource
514121,974,blue
314204,432,face
1103465,989,world
285924,27,whom
361043,699,guess
1119885,508,hair
959993,637,model
302845,870,eye
739195,773,resource
289356,427,between
996098,907,threat
485941,45,piece
1020162,147,week
309860,601,model
413922,486,Congress
977988,152,condition
1280850,362,model
756968,450,population
435544,828,themselves
1216580,577,themselves
323781,840,green
914623,597,student
1238222,881,blood
432225,457,month
1164032,124,fly
513461,772,care
1155348,735,like
1118881,334,minute
1050460,917,again
714068,443,letter
616207,574,those
1231906,512,financial
1120246,132,quickly
1210152,886,seat
790350,577,decide
419870,703,receive
812823,611,answer
534123,852,tax
595218,873,structure
416270,907,imagine
658013,913,difference
535834,499,mouth
576139,704,black
819496,415,phone
417348,400,Mr
946027,169,television
511237,197,less
1299599,138,agree
610687,567,control
1073150,477,already
1045250,199,remain
778339,433,in
439141,482,computer
641485,541,might
889230,733,give
658214,542,better
641161,15,style
1155546,480,recently
860012,711,necessary
1083695,228,feeling
566351,362,financial
1287877,211,very
1120750,1,boy
827368,647,begin
1199835,120,what
858808,204,animal
420468,202,drop
826944,697,born
419848,175,take
383014,217,with
927973,62,receive
891035,195,president
1094501,720,probably
480347,121,job
1020232,467,same
1245596,363,away
527199,676,site
773198,191,carry
508883,966,method
697063,768,could
610669,411,forget
940074,982,type
548697,784,table
344376,961,although
725750,359,security
975646,549,chance
1220433,354,lead
1240211,991,with
1156857,709,financial
658421,572,picture
656831,371,size
733217,975,necessary
1152175,646,family
567246,146,act
472079,116,claim
334640,201,our
544712,607,other
879504,671,whom
553096,484,lay
1111079,928,against
473998,11,perform
1260584,607,return
944507,392,room
478316,426,so
793016,597,especially
1242117,150,forget
520618,334,drive
1190589,785,live
1140634,484,toward
718317,926,light
642467,763,reality
357955,410,treatment
528257,851,piece
687071,122,task
503853,30,sort
794142,215,list
1227973,321,resource
1011956,153,short
936933,242,skin
720615,980,education
1194444,107,wonder
1151630,202,usually
781313,594,nor
1310942,614,work
777272,657,matter
639788,321,no
446917,690,board
1276778,708,maybe
491734,692,large
980937,431,shake
897312,641,material
1010029,475,study
359285,521,senior
671106,608,detail
599029,476,somebody
693870,59,easy
330470,745,answer
445077,392,gas
617049,512,case
483817,75,source
941039,138,police
342277,661,realize
539358,799,member
900529,846,management
1233912,395,stop
927400,545,certain
328379,277,involve
527191,599,simple
751809,772,subject
1193306,525,during
1254335,526,away
294205,224,skin
1220797,359,glass
837744,853,everybody
773407,833,west
1195056,582,above
495085,590,last
832574,728,public
686250,798,tell
914950,714,test
1113096,343,modern
748833,631,daughter
848458,21,whom
827205,625,industry
485737,927,brother
956605,346,change
1220093,852,quite
773839,874,her
1245837,973,brother
1022944,862,feel
814188,33,sea
1061579,988,can
996592,771,social
1026787,513,hope
633768,986,save
731956,870,quality
1292986,832,back
1114758,661,gun
1267533,841,account
575894,919,style
565707,135,subject
675562,591,campaign
1298014,151,her
531823,741,ten
1094961,782,pressure
989391,322,add
334177,994,color
544973,538,opportunity
355858,676,finish
374095,460,free
930542,57,task
736606,111,music
1055976,677,follow
427527,462,responsibility
672221,919,article
560714,878,paper
1092838,347,image
377821,223,general
1175301,872,wait
829895,653,friend
607512,340,ready
955207,721,focus
1281862,252,adult
496279,39,not
535753,979,miss
1247610,213,ten
1269830,703,across
917123,342,parent
551189,989,whatever
1252550,685,store
499187,83,place
1073140,852,natural
986817,223,indeed
357925,701,force
337532,910,suddenly
351062,846,act
1234591,893,central
280372,536,pretty
620235,364,source
763846,968,way
881017,609,myself
1121446,270,at
497234,383,able
331238,376,unit
1221188,696,ok
440181,790,per
1042219,914,while
330531,915,summer
508587,877,issue
1208824,590,green
427821,491,reduce
546286,777,financial
1181900,111,soldier
998353,389,contain
1094107,956,bag
910659,909,wear
1174015,837,consumer
755663,29,that
953526,20,top
782538,899,rather
356835,656,religious
562766,635,west
1106996,204,image
1099423,138,in
892095,532,white
421514,650,end
494012,452,thousand
330442,41,know
716997,568,young
495867,716,religious
1020864,725,call
680559,132,summer
576220,483,like
516703,242,as
854935,816,power
567797,15,decide
340680,139,actually
593716,404,rise
1304619,99,hit
736417,556,happen
520480,438,feeling
1106315,399,side
755815,972,enjoy
291217,776,just
414884,821,well
721883,689,and
1256331,784,once
851897,755,source
1257958,721,where
626282,207,interesting
964215,123,after
783036,95,specific
938809,477,box
849779,357,wall
712956,872,no
775420,866,follow
1115050,351,nearly
1127464,847,use
485300,231,sea
671564,888,would
1168893,563,nice
1234325,112,order
320945,915,research
338000,264,identify
717310,268,fight
1280039,627,memory
1227673,559,grow
350485,284,ok
1020696,493,dark
750000,379,young
351999,670,policy
397004,561,threat
1246031,659,join
839067,533,enjoy
1079927,978,cost
737245,190,expert
872617,765,class
764874,582,easy
872033,113,probably
678408,379,season
939600,307,exactly
554800,367,individual
676604,738,form
1206569,293,ever
813311,567,beautiful
856279,117,fight
417581,776,keep
1146334,443,event
600649,138,voice
1278173,824,peace
1033765,341,check
711061,381,that
1301582,893,check
884465,230,consider
1297505,272,professional
401195,937,ever
790940,785,all
511176,381,clearly
477368,483,day
381123,580,teacher
544444,626,fact
738009,364,enter
570487,389,operation
488477,847,language
927734,805,experience
656898,459,relationship
769215,379,call
610474,254,word
365516,375,value
296159,373,open
899940,312,mouth
1157593,542,last
793862,381,national
780511,476,ok
1066019,479,right
513637,381,trade
856755,827,music
470272,167,goal
442864,896,fight
769621,840,but
452875,503,draw
674306,13,attack
928814,795,away
966473,271,professional
376160,662,reason
790952,362,as
434131,895,guess
627837,329,staff
347524,711,cup
1201938,432,individual
347100,974,score
864171,371,begin
978601,488,painting
539774,144,fact
734339,678,candidate
535282,586,eight
966809,681,rise
1003745,477,already
458578,224,PM
1114544,930,partner
696438,104,computer
1277632,527,win
391835,41,really
1139063,317,only
677138,346,market
858146,250,several
1229177,365,thank
1219017,373,woman
867440,857,scientist
815460,665,yes
975382,267,better
532089,758,south
503974,600,speak
703774,207,live
1244670,580,else
833603,202,sing
1241782,581,heart
918376,732,next
720035,290,item
739295,870,hair
763257,518,there
1217085,597,subject
771952,40,impact
338289,583,avoid
1310502,904,study
618200,604,grow
1239639,576,heart
578323,427,notice
1294074,145,impact
411781,922,space
593985,963,industry
1224661,259,sell
1284805,947,different
588510,804,entire
1256341,220,civil
1245846,386,follow
535653,637,conference
1198202,545,throughout
1108832,775,matter
1229532,602,agree
831435,479,which
1167941,751,speech
1280579,799,small
1115590,592,story
533587,456,others
689436,543,water
1083379,783,your
521241,101,blood
942662,121,ok
783657,848,rich
1052502,756,current
557468,971,could
1254758,627,wall
1079726,213,though
309797,367,several
601166,582,protect
836413,191,development
432599,116,model
920191,772,others
1287774,4,push
305271,37,along
587782,286,reflect
1067832,323,memory
545445,755,section
1094119,292,also
1175159,965,different
983021,261,fall
1083826,401,actually
1116023,866,month
1000014,388,billion
1305816,910,provide
699453,446,everybody
1230307,681,fight
1008017,647,now
1185193,324,same
842336,715,suggest
781724,686,collection
1249498,718,from
351515,530,capital
923916,887,arrive
343904,935,order
611084,926,special
486920,643,bar
857169,710,individual
384440,535,candidate
551428,492,imagine
1228615,468,health
507071,216,half
740758,875,national
841404,137,between
839551,706,control
932074,409,age
352544,310,story
1050686,508,sport
1218126,536,write
507962,435,tax
1159829,41,while
926728,532,various
435020,997,carry
596887,764,sell
1262223,685,least
1128236,951,kitchen
1157508,794,executive
727493,467,respond
484305,775,offer
754260,50,education
682419,570,nation
650364,930,east
931969,815,risk
1075740,636,hand
1143123,531,five
512403,638,last
634950,670,also
928211,483,structure
733405,878,another
870424,296,go
827952,858,total
905148,685,seat
711785,859,against
1085075,83,different
283611,178,million
1121290,312,cut
872107,574,term
332215,503,interesting
508422,537,no
379600,981,owner
681901,632,film
474230,85,with
450470,279,study
724864,292,raise
651929,620,response
518602,696,run
817972,664,face
1003954,601,hope
562626,823,attorney
617818,166,pull
857235,817,woman
822873,533,program
1039585,854,final
634571,698,send
736799,496,put
1127807,429,professor
824743,230,air
870157,618,TV
382303,939,cover
1067010,559,word
459796,883,phone
629433,489,image
1223281,408,them
324040,452,yourself
1060190,619,citizen
854691,409,else
514884,690,him
596084,847,science
689890,288,open
1075941,641,other
1264610,781,sign
1257766,875,management
1068722,168,president
1266961,659,social
376545,595,deep
559550,664,same
899536,131,ball
348664,401,reach
1101301,277,magazine
1147115,437,hair
851389,222,center
584831,973,strategy
785203,781,build
1002903,288,easy
337598,539,the
1072040,640,knowledge
391924,810,write
811140,23,man
766959,38,deep
566053,474,down
992682,813,remember
661217,968,however
570897,599,if
666059,745,standard
1259773,383,discover
389655,6,collection
380553,50,somebody
546564,863,put
1152265,1000,friend
289351,680,along
317088,272,policy
794929,418,often
1120283,41,air
465827,783,either
961842,494,play
1134370,345,condition
543612,569,tree
334496,393,power
698839,772,government
360114,402,with
408290,962,radio
901383,876,none
394904,912,fund
307530,187,road
1148267,991,concern
331523,17,fear
327849,672,nearly
1195737,995,stage
467966,699,effect
804495,96,heavy
827079,803,billion
857787,218,after
358252,732,artist
656324,932,wait
544212,884,book
481613,444,chair
637744,644,many
522951,941,would
1181419,435,beat
635894,614,take
780176,455,word
1252587,12,matter
581419,493,issue
1096908,637,over
1125622,883,available
706959,793,improve
1315448,416,detail
1172076,601,shake
957738,994,make
823054,121,others
410066,643,lose
1173092,354,number
579859,362,eat
1102561,769,pick
1269463,881,either
1309824,952,the
564304,621,however
1027154,989,baby
812117,238,take
1156673,622,executive
765446,447,certainly
602542,804,research
711787,950,act
280894,397,indeed
1205247,458,main
343131,508,control
615573,508,less
690701,262,detail
1035842,11,pay
763206,955,call
704033,618,south
295406,371,seven
1160014,742,pass
311102,938,president
1159979,13,house
1001900,50,develop
786549,319,laugh
452744,286,wind
478457,358,that
471263,334,particular
1285008,873,report
1212580,550,source
1207703,42,rate
562172,124,involve
324161,299,appear
1296555,563,write
979577,716,picture
600146,686,morning
803835,252,expect
562891,428,bag
617611,898,carry
737217,999,south
753626,201,meet
827939,705,special
819715,27,cause
288027,57,same
1195176,730,case
1170585,266,company
1142968,37,bed
1052466,324,develop
642173,441,team
582968,832,along
316081,183,top
662066,463,capital
896966,822,particularly
637152,478,put
986243,441,wait
524195,83,certain
506449,128,no
1033466,843,area
1140788,96,they
487242,525,herself
1052041,299,myself
1298683,397,include
566715,465,determine
781281,840,lead
668103,361,early
495909,249,especially
548988,383,garden
608709,841,hear
1072409,670,detail
1045069,630,member
957666,978,level
668518,931,quickly
1276695,346,probably
369818,521,dream
348163,672,election
1308349,39,education
737813,315,question
841093,543,chance
596717,460,build
1268136,220,source
1060159,157,maintain
354245,595,take
988010,597,indeed
753258,285,property
594312,404,idea
959847,157,piece
929326,350,gas
891695,382,ahead
771439,159,above
789165,151,everybody
981824,636,management
952084,276,along
785645,673,course
1251078,607,sound
978587,413,door
1263883,558,company
1226071,435,throughout
345539,646,player
457190,320,around
282398,647,toward
1033559,387,remember
681737,510,building
304758,110,develop
1063765,380,else
578731,360,of
970222,650,for
848676,448,item
1090713,399,road
1009674,158,society
552070,524,position
620986,272,interesting
794051,887,wall
699422,64,concern
628005,75,draw
675485,41,city
508488,283,design
867858,701,contain
658759,654,pattern
374955,109,war
585805,621,around
370930,250,meeting
574390,587,consider
397706,504,crime
1242971,527,after
825168,790,heavy
423521,437,home
768010,918,list
1028214,67,huge
775989,882,great
438395,523,particularly
447374,257,case
1180077,552,scientist
331622,732,nothing
399564,819,law
550002,856,eye
732918,609,final
762670,44,investment
370876,122,amount
1143899,656,some
1226603,339,middle
386082,825,remember
507751,537,guess
292910,740,difference
841332,727,cultural
298584,890,direction
893093,331,yet
1119940,314,reality
639731,634,marriage
561814,72,control
579486,359,heavy
396712,236,often
1092922,464,inside
401287,66,understand
979374,446,late
533826,248,bank
442692,105,usually
1154471,535,page
1151175,298,identify
1098229,19,represent
417327,759,listen
1007246,389,their
904099,976,officer
455165,656,everybody
1279493,10,read
1066754,948,sort
672654,310,peace
517665,3,amount
514167,283,support
1274719,974,doctor
1011738,381,discussion
917053,44,something
1052501,675,brother
405617,344,despite
445742,600,provide
727065,338,against
559007,589,last
660268,194,left
721851,188,space
846289,252,political
390437,747,gun
650612,459,Mrs
617185,648,recently
497892,292,character
827871,919,religious
286492,165,item
1047579,320,speech
328367,159,painting
524836,849,old
572147,472,arm
744809,610,our
403861,375,eat
1097718,451,eat
569073,763,quite
1258531,241,decide
836614,260,western
680191,606,key
625652,886,paper
1263634,210,traditional
319369,565,several
1281937,961,center
885913,935,bad
574632,733,fast
962865,532,often
820243,561,camera
499755,297,father
800153,678,certain
802042,753,full
804846,352,respond
1014682,220,herself
568072,581,any
627030,505,range
877259,734,kind
376763,255,bar
1297979,892,care
943210,630,wonder
754798,212,may
1131262,815,participant
1213798,872,hold
1044674,747,into
799954,219,worker
466923,626,professor
456817,399,citizen
662663,39,west
331903,313,order
300022,104,save
1073743,274,remain
521932,458,at
1207643,200,plant
490632,495,skill
928190,976,wife
1119772,641,feel
881099,636,often
387318,469,give
726235,512,hot
942689,7,discuss
681297,423,attention
520746,874,challenge
541403,19,find
808841,313,whether
1174398,714,according
1258965,702,heart
388749,21,recent
948306,755,relate
489373,92,idea
879799,245,some
1166750,183,this
1068366,203,wife
918777,837,over
719550,923,operation
696479,101,paper
1284057,860,argue
302608,851,manage
524922,582,responsibility
1006556,655,issue
1056674,349,college
291824,625,be
724779,609,ask
913909,396,shoulder
503605,796,your
1049349,67,adult
775315,994,prevent
278677,21,second
870919,796,conference
808920,413,traditional
1027786,362,its
1171434,232,field
852698,422,four
928198,572,man
506706,742,may
1146262,524,throw
642117,499,manager
951369,637,apply
388718,636,south
1131233,972,factor
632730,68,when
671915,351,sure
495569,823,ball
757931,186,success
1041461,28,anything
591623,396,popular
311927,280,base
1104993,985,yard
643079,544,get
788414,716,western
517208,560,station
408536,443,board
1221724,239,likely
476525,521,present
1125983,648,short
445569,968,middle
385960,587,be
1151633,494,throw
352127,461,guess
879399,855,garden
689362,477,while
931022,943,inside
918413,458,kind
1241257,569,maybe
836408,967,natural
873071,319,relationship
535227,809,feeling
1180370,688,line
351218,127,focus
1134474,261,leader
937771,396,his
589047,606,manage
777044,949,gun
321050,227,trial
354015,712,able
690937,442,do
1287377,868,candidate
689499,857,truth
653709,532,firm
527473,847,possible
308709,14,sometimes
1236232,889,deal
437205,711,one
850121,736,would
1244414,30,owner
1019679,977,including
696108,772,floor
411388,425,whether
564296,855,firm
390826,282,reach
1262965,65,early
1282106,551,could
392415,889,type
1028863,834,against
1294892,479,mind
613301,859,ago
753832,484,score
1027117,366,myself
611317,178,most
1044385,732,air
851223,773,different
1275079,527,population
627464,365,leader
595488,498,program
1028467,441,fall
838408,182,Mrs
666787,32,spend
993777,862,seven
308260,465,various
1207637,483,from
753753,144,usually
1061341,887,whom
887045,105,eye
343341,999,finally
442293,507,seven
598404,155,when
328167,439,system
1174384,156,far
315402,868,a
663733,998,real
361574,316,in
1221198,181,statement
687556,834,choose
608620,518,pick
1158597,223,win
295141,137,century
1234246,721,ball
1123227,911,new
906459,800,pass
846065,652,boy
360210,583,add
581745,543,both
734386,660,start
412382,924,marriage
1294171,166,say
1248757,416,show
550565,54,site
1165536,318,set
892933,25,piece
988057,218,operation
1151364,751,approach
1047368,924,bit
1027934,905,coach
745068,540,thing
311048,779,else
975444,81,degree
279959,501,part
418871,260,despite
481089,324,evening
898915,789,vote
339131,791,investment
386285,452,different
1262181,405,pressure
1056863,29,actually
1290580,68,matter
417307,7,decade
567689,110,popular
1178008,9,perhaps
290807,982,nothing
377933,885,cup
623068,506,by
892819,15,take
842414,37,everybody
1111479,433,three
1118397,121,again
879285,979,create
1119177,101,support
403396,223,specific
1236998,106,back
1214627,455,indeed
625115,311,sister
976057,37,bag
864529,461,development
871490,154,any
472640,50,door
1010445,360,company
546977,984,ok
985452,591,one
305370,9,though
1069494,500,design
633817,522,series
1220004,16,around
859104,474,environment
364428,784,boy
325464,233,financial
580498,936,cost
598686,685,detail
1008546,756,capital
1208629,905,game
305685,252,popular
927797,87,world
1014157,96,clear
528501,300,finally
993063,922,prove
692234,205,player
545944,408,son
508233,592,school
306233,374,nearly
396521,980,military
326926,119,he
576199,609,play
1235375,600,medical
1029512,885,improve
808767,900,cover
742341,314,marriage
710530,656,everything
328372,460,describe
944137,469,physical
366641,385,attack
297864,479,nor
938718,391,staff
632431,300,his
689082,895,information
1050212,523,inside
1274797,355,add
371291,917,nearly
838902,95,easy
1314346,742,author
617475,380,method
378537,965,even
1032178,198,study
1189983,319,certainly
300343,913,phone
1236776,64,project
1187048,626,lead
1252987,172,wide
1284774,891,role
590192,726,just
990779,342,begin
466814,171,might
695051,807,cut
581528,992,old
1196244,267,ago
544620,266,team
567771,952,unit
639445,518,quality
863795,158,really
631668,679,other
393690,998,expert
340523,590,important
1133478,438,record
1007341,476,behavior
955584,993,up
671323,803,same
296837,102,together
587376,311,note
1195971,182,wait
1108181,487,market
351959,451,apply
1308180,728,whole
1053951,37,third
674587,496,chair
1227048,234,every
1019275,617,exist
496352,989,generation
1161746,101,speak
741425,381,road
932588,172,which
1034224,337,collection
1018042,430,modern
954277,459,name
1230629,878,western
938200,361,about
679961,372,sport
552686,819,us
413337,76,dream
689635,124,Mrs
966111,117,way
542326,76,brother
1309384,276,art
761809,606,recent
1128362,880,daughter
1281892,765,care
486462,386,herself
866601,19,I
962634,484,reduce
469771,270,what
376470,528,little
830391,92,energy
903191,464,production
369650,658,various
384274,891,wait
1154346,708,field
827528,779,bit
418072,146,young
699778,583,person
1309851,61,type
1234088,724,wife
954121,563,trip
917867,419,indicate
297581,316,oil
1247236,951,woman
325466,599,factor
1062692,601,score
958195,435,animal
979886,610,best
306660,806,put
966705,392,final
649985,435,short
736682,816,itself
311357,778,push
1307931,386,be
1189832,216,pattern
578314,224,member
679815,317,community
1155406,146,step
723032,556,her
533022,232,small
575092,933,old
910187,544,physical
768692,908,husband
1116236,726,goal
669842,169,shoulder
739805,836,program
477381,465,water
297891,566,expert
931838,181,know
279081,600,allow
707809,941,adult
1053147,228,worker
509555,358,tend
398576,627,series
930276,741,back
478127,786,blue
675998,963,long
867192,165,record
597096,341,position
1091027,391,actually
443541,5,kid
380498,80,serious
1207705,179,form
1035086,788,office
1085988,355,cover
1303269,976,candidate
1262995,367,around
1291057,964,inside
1288013,456,family
373376,69,improve
278702,2,season
1270746,798,parent
737675,894,sort
550290,123,community
403763,651,rule
1265926,105,same
665170,923,seven
1127205,916,something
1021326,42,perform
819454,673,difference
549559,283,charge
1075817,459,individual
748593,991,wait
616088,565,five
828189,228,game
1273083,691,space
1269964,955,nearly
837445,286,fire
826866,906,kind
852342,368,magazine
1244080,972,receive
741746,602,on
510950,717,law
685234,470,interest
381909,963,allow
767513,322,training
1135797,387,everything
298575,306,health
893946,538,knowledge
1264539,665,as
1119942,732,center
1060311,591,service
1228254,461,way
996658,535,own
683435,378,pretty
916405,863,technology
526746,968,different
786970,640,ten
514889,526,strategy
445345,288,street
1020627,233,exist
1255636,674,which
978242,887,wear
964428,753,significant
930702,265,throw
1106010,875,strategy
908463,557,question
1015783,301,way
571962,748,task
1162308,568,executive
707238,877,until
624446,593,serve
1233849,677,notice
1124993,243,name
973977,819,artist
341187,258,chair
536695,940,issue
650821,118,something
1009659,748,hot
820176,880,pick
573963,453,staff
311379,70,final
1223197,905,resource
961663,571,quickly
582644,174,TV
805345,886,however
385516,302,establish
773353,622,send
811230,793,thing
1153037,264,sometimes
537276,903,admit
567807,384,during
543325,53,various
1088524,398,board
306112,536,happy
894603,701,wide
628182,126,how
1300793,525,small
1010904,817,source
751985,622,raise
777148,479,thank
437029,488,firm
407734,967,bad
800470,514,feeling
830041,212,happy
603681,767,which
333147,646,chance
1263803,336,teacher
371189,26,central
283315,116,same
1036355,155,buy
953678,467,visit
374786,718,tax
1119696,431,bad
703244,514,deal
664152,837,financial
483153,247,street
1005715,305,actually
294980,33,two
443722,860,piece
1016900,871,major
1160673,375,explain
835683,129,book
293867,96,memory
660526,125,federal
654144,343,another
1000265,497,particularly
1038690,497,live
865047,676,much
1141112,872,drive
672854,155,wear
1025360,853,plant
610614,258,keep
921360,829,perform
1128328,540,final
940811,389,detail
1303814,149,foot
536471,372,myself
456031,213,popular
409656,678,consider
867790,160,his
926906,733,ok
1173583,122,well
380908,929,American
1012037,98,personal
856704,279,book
1156823,571,beyond
698949,609,approach
1112172,316,guy
381802,118,especially
1166532,635,democratic
372142,525,should
1210478,702,executive
1035967,285,I
407675,428,quite
582389,24,deal
924251,846,down
893309,813,degree
1091251,493,fight
320485,358,machine
368377,679,well
686320,410,rise
557811,367,certain
1169996,316,record
536678,496,way
296692,269,current
578176,963,collection
375848,19,partner
1054356,97,resource
453528,36,coach
1261506,616,minute
315681,272,data
408906,153,whatever
779857,370,book
966542,743,give
1043598,296,friend
792628,15,clearly
929118,453,suggest
443088,523,individual
732072,581,economy
772600,430,surface
719840,950,piece
590303,232,for
473170,966,why
496375,426,idea
562196,475,raise
864162,351,wife
778432,453,scene
623125,585,Congress
1231074,556,Congress
1008479,395,soon
914423,375,college
510790,980,fish
968848,988,teacher
698790,931,lead
813209,828,play
1151991,731,nature
776554,251,maybe
507988,611,thus
1151711,525,yourself
346997,38,guess
1148028,807,sure
646407,281,quality
547301,532,however
361125,934,brother
1037440,973,least
1142597,16,force
454704,599,style
1035911,539,sort
837071,312,indicate
1202053,833,big
670878,938,add
449827,813,majority
708770,286,reality
1066312,950,form
903193,302,history
782613,627,outside
494274,64,positive
654315,591,organization
765279,380,store
564857,59,mother
355343,244,matter
444014,894,suggest
578823,500,price
399938,365,draw
1239908,518,drug
1121363,884,might
1061403,213,former
858526,981,prevent
1055993,702,practice
359599,580,level
989918,887,real
550819,294,task
326421,981,require
1231281,353,glass
964591,595,soldier
606796,168,bed
1191706,596,issue
846300,611,account
1279463,660,audience
1240860,562,sport
500640,650,open
593796,638,particular
367714,535,feel
771562,238,score
898039,719,relationship
980564,49,final
987314,293,money
732592,560,model
987270,637,PM
898143,218,system
971715,908,or
459029,542,show
1147351,161,south
690445,568,factor
913580,56,personal
835425,706,discover
455459,987,store
1101517,330,method
1003954,311,group
552426,325,grow
965289,471,dog
762736,879,want
564076,821,baby
625550,419,raise
625696,464,tonight
1209637,847,game
1048502,457,event
1290206,809,mouth
904292,481,event
343807,671,audience
1144904,281,either
1111380,762,local
909608,567,never
711585,464,thought
418529,747,wife
353909,212,market
1058927,619,try
445840,871,American
1087747,102,instead
1216836,464,respond
1190232,543,thought
838336,5,thus
327288,740,side
614231,155,several
605113,703,bad
1065281,223,save
756653,779,care
1103567,351,rise
1045137,949,firm
580330,240,responsibility
1178427,360,anyone
869907,201,prepare
427475,985,manage
725540,962,party
832998,683,amount
341907,719,will
1209266,199,if
316033,916,hope
1097102,352,pull
575426,934,hit
417613,745,international
669628,811,moment
951263,633,work
739811,879,quality
283336,144,a
1267932,461,fast
758309,430,next
1129875,845,business
665103,230,note
1232870,682,American
625130,689,fear
1192168,920,develop
1160952,65,really
348391,658,rock
926435,746,land
791910,412,someone
634755,775,institution
987131,780,gas
1008734,182,together
290525,513,relationship
407028,894,trial
1236547,50,number
546367,884,cultural
401642,473,safe
954488,839,century
559234,156,follow
652281,548,several
1003589,841,will
634675,922,us
537502,775,evidence
1043064,272,establish
751425,629,hard
1148007,600,coach
673147,770,trial
974894,794,question
954002,509,center
1226704,610,character
895967,725,set
636006,761,material
1123370,365,clearly
888760,616,start
955239,695,more
1261471,601,give
1141332,772,measure
1129755,387,shoulder
745110,948,she
360667,810,close
1012025,441,cost
991783,550,indicate
1188773,321,science
515922,404,while
311617,675,high
1241555,44,also
1060739,363,space
668253,490,year
1269839,836,politics
609854,364,pressure
939332,452,long
553400,661,body
958755,311,score
345773,62,soon
917657,9,give
996068,349,detail
753573,878,eye
1257431,957,paper
546636,493,news
377481,735,structure
448998,888,recognize
494503,656,away
1202739,991,already
1177192,738,despite
540181,539,hotel
1266033,345,physical
1217704,951,mean
469527,770,during
545204,463,reveal
1064418,30,standard
951617,978,become
969290,540,character
676498,233,look
1131661,379,operation
454747,83,fear
1003470,891,because
1103770,964,again
1228141,152,level
910521,727,close
875974,666,office
1207199,765,couple
1106111,437,who
1151663,864,for
370767,492,myself
321490,912,speak
1230164,215,investment
722047,316,thought
999213,953,option
1255940,307,maintain
1226866,447,pay
722504,533,draw
504978,131,interest
474375,419,of
401830,782,support
942788,933,store
607021,201,before
1270032,355,poor
674756,327,develop
515776,616,without
971477,101,type
1127971,931,politics
963020,573,instead
1254321,622,add
696166,417,performance
952643,829,about
836643,18,risk
1132106,589,success
1072122,812,which
678232,894,born
1122700,137,southern
573397,975,pick
1136484,119,relate
1121932,975,bring
975794,407,human
935348,119,man
893580,491,he
1018509,177,budget
1153777,414,hope
633388,981,ground
1284237,919,take
1263919,797,discuss
387294,535,poor
441980,81,wrong
294080,334,usually
1124999,573,city
764322,82,participant
300724,314,check
596378,821,chance
1230240,655,visit
679653,807,kid
1231585,633,just
1004813,977,environment
541640,78,must
884266,884,stage
1269695,714,learn
482111,646,meeting
683200,6,community
1304291,818,treat
786281,762,plant
905319,284,start
942023,438,leg
791099,724,ground
743503,372,push
972940,196,seven
1213369,682,join
963138,114,know
1220607,813,full
751705,92,act
816108,864,nature
420843,42,single
530852,169,make
1173319,48,necessary
768804,14,clearly
1149243,34,serve
1106851,595,religious
421185,134,figure
1197254,508,somebody
834808,462,culture
480727,365,meet
1032982,354,writer
628710,361,city
599534,662,easy
1067603,559,whatever
524750,64,fight
1314853,526,deal
1170901,891,discussion
583164,362,economic
600198,507,much
612681,768,benefit
334269,98,feel
843149,991,large
793423,568,want
1099210,696,citizen
1065697,899,perform
850548,179,let
1284100,151,old
650136,343,raise
715682,146,along
1239069,266,scene
1302051,815,central
477106,282,old
857363,162,safe
783285,467,approach
812937,203,player
421576,59,product
1209296,961,quality
1243739,219,loss
736986,242,newspaper
363549,805,special
1291747,540,style
794995,631,we
857438,506,Democrat
872675,863,grow
518764,155,college
333858,290,scene
444993,956,event
848864,121,popular
777156,678,nice
1229964,727,similar
899350,630,fly
831293,673,one
599367,97,change
748495,74,put
1206664,222,dark
601521,847,heavy
1264539,236,relate
581294,299,worry
1271002,703,born
442310,658,necessary
445968,734,new
568817,615,worker
645834,106,specific
1010277,981,production
429401,975,turn
616752,76,according
858843,999,kid
507489,224,store
974144,694,country
785544,151,capital
1222444,463,shake
698548,1,wind
683228,10,character
598550,697,prevent
931242,233,only
631665,98,move
414200,320,beyond
1151152,596,involve
299613,888,marriage
592366,513,property
375054,90,standard
1102616,662,yeah
1055576,642,he
1078460,881,north
370909,866,say
512339,877,safe
1198070,353,fly
1246277,98,system
1232330,166,they
1191784,87,just
1006131,947,evidence
941446,32,have
435132,668,sure
1048985,817,film
428801,76,hotel
1055966,782,loss
842570,927,something
513018,229,environment
281382,293,away
734565,594,it
1312130,310,throughout
763308,436,surface
1280781,892,third
377220,201,amount
1001142,716,whatever
671977,73,my
690074,386,choice
1159084,692,specific
408761,344,down
669513,37,back
454945,557,type
1101104,448,public
417410,151,law
1146849,120,seem
1054890,844,into
1129901,328,health
634152,844,college
1050249,664,special
350958,122,performance
310939,631,hard
1183722,626,western
1101125,837,opportunity
896903,716,view
677584,150,letter
416563,986,why
1248903,981,front
1079503,598,remember
655382,188,model
1186201,755,itself
934328,757,several
915999,386,daughter
356069,223,them
733007,55,begin
1258600,803,grow
865845,662,story
429525,772,coach
541342,477,issue
587049,518,provide
1121447,608,owner
1279824,178,here
1186826,825,firm
977089,152,for
725309,617,production
1112594,20,plant
393667,892,hit
1078804,395,left
671428,777,history
566841,169,environment
507517,621,which
763501,541,reduce
291780,500,short
414700,79,nothing
643915,955,cold
988199,171,institution
884983,472,spring
1228859,149,soldier
943251,840,our
1122429,856,box
1108417,550,because
991497,847,instead
491847,831,voice
630982,57,effect
1262078,75,back
406243,612,score
544904,9,coach
764967,786,certain
1160251,393,author
656238,170,result
461261,713,war
1119304,512,model
986814,680,church
630801,249,everyone
1177553,147,success
889140,898,may
399129,209,remain
736704,523,little
1111643,380,successful
916415,130,game
888620,465,attorney
484393,486,region
1216399,180,lay
1171985,27,available
1281128,306,list
1141783,791,care
819619,883,card
457315,659,whole
676926,347,including
290850,649,Democrat
582817,805,raise
357600,895,Democrat
819879,67,actually
446764,139,between
869426,607,table
645476,859,per
713502,621,clearly
670242,956,standard
335800,667,plan
932451,238,ready
1132972,719,yard
774979,650,role
895165,260,ask
621916,907,value
864670,718,possible
413005,909,budget
604880,701,year
645273,351,event
433882,235,kind
706983,15,this
970686,727,everyone
287851,127,claim
961185,380,offer
486487,853,continue
890684,161,summer
836386,346,have
982968,677,decade
502159,67,senior
379685,450,cut
588386,204,wait
396463,348,long
1093712,602,hit
1073706,135,four
762371,14,debate
808094,682,language
345713,731,white
752094,69,use
825479,267,force
884115,718,management
612033,134,while
863755,774,before
281248,186,everybody
1242779,367,among
645695,966,exist
353690,816,yes
1096019,351,support
1116795,865,recognize
552964,523,second
1187332,448,system
525406,588,vote
927065,253,challenge
310418,900,line
1207755,513,two
379107,940,develop
1152556,67,apply
491518,484,some
1116001,346,need
368476,899,truth
1254922,328,official
1266932,996,through
1263897,485,your
432227,605,tonight
309775,999,approach
1177981,402,environmental
571050,301,record
764680,672,allow
575062,75,stay
1173907,564,analysis
1029313,104,two
449822,48,public
933859,263,ability
900478,236,mission
751334,860,nice
287858,216,according
656992,77,beautiful
1198507,666,west
896167,63,building
671065,270,arrive
1025606,49,entire
441504,115,crime
381185,741,draw
661727,587,at
828746,164,fund
1084846,689,reason
418150,823,wrong
806555,531,either
428008,401,environment
799784,976,business
633478,540,relationship
1127202,182,herself
1139836,202,million
506706,751,effort
1100763,753,try
611706,356,career
849686,93,find
581757,348,fund
1045438,66,garden
848401,835,many
883004,78,marriage
280087,554,author
325871,227,order
1132089,92,reflect
1155182,589,and
412915,903,hand
1116761,582,another
889475,476,radio
282314,951,rock
469361,458,they
1240525,448,interview
603636,124,skill
1028821,589,treatment
545572,680,measure
335207,797,TV
504941,593,share
990755,158,range
1201967,681,service
533486,883,painting
364977,349,charge
580765,656,just
722503,20,administration
720280,980,big
470906,223,nature
1113996,558,dog
697716,96,forward
990938,812,nothing
803090,171,court
449343,446,wind
390978,169,skin
646992,562,only
1056206,692,lawyer
970494,216,use
1222415,526,could
1077382,424,senior
325889,857,military
1200778,993,best
530124,521,those
542952,616,practice
854979,521,human
630915,752,common
284795,360,effort
1201599,493,doctor
795881,199,least
347687,204,doctor
412493,799,section
1049687,246,doctor
1071584,936,through
958937,903,let
841462,272,civil
473432,206,main
448333,388,vote
840041,77,cell
1220535,352,Democrat
624928,310,tend
390563,760,Mrs
1221578,515,you
605820,311,else
880246,946,miss
309940,425,feel
964579,669,social
745108,755,current
376440,223,word
1242361,922,community
1092286,11,pretty
606050,604,pattern
1110233,22,action
1126798,237,stand
554145,706,religious
1206859,503,part
545727,179,bring
296778,256,Democrat
570062,724,keep
484587,236,also
821694,155,force
1041020,694,kitchen
336149,847,present
1101541,143,ground
536502,201,another
593270,51,significant
870894,689,forward
882009,113,bring
629823,738,very
1058674,67,first
1005912,487,ahead
475685,364,skill
1108251,347,media
1080431,273,down
936042,379,bad
1258962,163,example
563171,710,win
595059,936,American
978527,638,seat
678205,929,specific
1150660,746,political
577768,780,mission
541276,577,green
336247,560,TV
628463,706,should
1177701,620,mind
691210,745,hot
288974,976,talk
788576,445,like
1196164,927,hour
564854,936,threat
598304,303,hair
461718,266,not
904768,347,three
1036160,186,author
280193,897,bad
1008352,938,from
1314530,983,already
631797,394,budget
506451,907,down
936014,50,wrong
1252204,511,under
1063604,897,deep
1315491,639,will
563680,96,well
1257352,395,design
758982,740,probably
856406,22,beyond
901479,913,blood
661308,288,side
378949,210,out
994697,839,sell
1265551,161,minute
814564,86,wife
446351,879,want
476547,732,expert
626569,835,scientist
1277377,49,officer
479394,921,line
538809,477,type
362500,60,they
1120942,161,politics
1284681,502,girl
1073199,811,defense
938307,194,so
1311143,249,dark
685863,209,true
1045649,473,protect
580259,909,security
1117677,354,similar
431952,125,chance
313699,292,media
949480,286,front
424774,567,from
1221789,573,explain
1189527,401,plant
1081090,316,certain
482260,486,development
372433,227,let
513181,331,treat
1106125,504,term
341605,755,last
788684,394,character
520865,325,paper
968510,860,reflect
1122261,525,whom
305376,377,program
685401,582,indeed
731639,536,raise
856813,277,father
650165,911,blue
464931,545,name
861930,149,opportunity
811159,271,region
1223529,560,either
1230764,951,pattern
920625,537,cup
464285,604,glass
665735,562,decade
1147771,963,there
727668,263,young
941508,418,culture
305963,842,million
1146160,797,campaign
768973,178,late
1240909,744,owner
891978,936,military
993960,323,sing
394716,222,water
587453,601,I
978457,52,rule
1291966,901,add
1204840,970,contain
394721,194,wide
1002598,892,natural
1199923,903,Mr
562588,41,himself
330494,144,system
539723,526,seven
294545,454,increase
808038,680,huge
1099615,694,memory
1094174,345,send
1122895,247,memory
523146,67,change
1055894,872,woman
910401,342,number
788768,991,task
1059272,727,very
927364,587,state
599504,874,go
543470,783,authority
1030355,702,across
1258397,88,camera
381762,389,operation
1090354,723,public
1155086,754,half
919321,700,expect
1172374,352,born
1276502,111,them
1138658,68,hot
450846,451,factor
353372,439,middle
1166664,873,model
1011944,14,include
398347,594,call
834843,496,each
1285845,156,ready
931531,839,build
393445,926,bag
790223,746,sell
506280,19,top
302539,874,offer
993506,177,technology
1211294,322,change
1036488,124,certain
847079,91,within
689023,918,capital
763779,931,country
1065218,504,network
507738,887,show
1298031,387,term
957574,688,material
864879,935,develop
588304,27,over
661936,784,along
336671,843,start
303096,685,imagine
399619,62,article
642146,26,issue
340332,334,business
429576,908,that
352133,673,audience
868838,510,debate
1182155,71,southern
491114,227,education
1217768,718,interest
495737,925,together
692935,31,fast
1297425,896,recognize
1086117,52,tonight
402173,940,point
732721,63,authority
1057805,774,get
458858,645,mission
553248,602,figure
975527,340,beat
1104727,493,president
426346,113,record
1168865,485,should
900908,127,lawyer
1170126,579,probably
773274,721,majority
1116031,356,everybody
962097,688,practice
1307686,767,wind
1013039,576,dinner
299560,836,somebody
970823,399,lot
632635,181,out
706323,21,third
281585,78,soon
872668,932,first
1169022,225,wonder
1175048,218,positive
1248816,202,response
715001,402,inside
664777,893,myself
979897,837,reflect
1142756,953,early
1080680,413,red
1083440,6,artist
980407,553,receive
433104,694,between
1110036,343,east
1096199,241,child
804897,708,thank
1146945,268,team
292800,705,nor
1034905,271,voice
640744,77,could
1199883,742,fast
732943,984,floor
830464,398,fly
441814,351,because
388438,390,environment
797846,8,phone
1012832,135,main
345318,791,cause
1224781,188,phone
543893,541,huge
838754,358,school
1013175,401,range
1059350,321,ground
573583,166,real
871467,27,whole
1140940,689,reduce
640212,768,pressure
430338,702,control
510940,204,direction
896685,75,rich
363880,709,stop
411891,197,process
791824,333,throw
841085,891,approach
672816,401,tree
1303458,102,say
811554,955,personal
1300446,264,feel
930563,38,by
884584,562,tell
1088544,690,sing
340012,40,organization
1251582,939,produce
280185,237,speech
634443,871,close
1088733,786,trip
964093,94,true
564374,22,effect
1276603,98,moment
831332,983,official
318068,555,fire
900419,114,often
747456,641,fire
1102501,290,police
914902,827,then
719320,396,police
1111754,504,recognize
846030,586,lot
1244160,978,none
1146436,875,many
1168067,112,himself
796745,15,support
378521,235,impact
1076995,219,million
597531,520,compare
843270,17,agent
769957,798,now
522744,424,thank
714606,875,scientist
869811,521,standard
863222,444,eat
1218823,214,society
759853,416,I
601976,8,figure
1290283,449,standard
1072861,97,share
694096,264,power
816309,623,natural
938195,529,item
505776,196,ten
1116746,777,heart
1108292,264,management
869303,948,owner
645385,965,wear
1262179,136,billion
527610,81,whose
685855,597,ready
1080064,854,song
366746,216,property
732011,886,seem
707200,797,change
1119799,668,who
792780,676,image
1078768,276,again
749089,742,year
554968,820,forward
408002,596,born
492933,388,per
630624,120,play
1145266,293,live
944894,613,bill
399812,755,degree
447381,237,recent
927804,361,would
854693,523,course
463883,523,poor
334587,365,many
1022009,38,place
1271678,370,particular
771171,603,year
656917,761,difference
1118352,373,view
1128980,22,wall
467030,109,lose
1154627,684,rock
1020018,331,computer
1252643,332,state
1129025,83,early
540718,19,hand
609061,502,performance
474261,111,assume
977627,93,cut
1108782,798,decision
604783,27,practice
730720,576,stop
1194108,806,action
1139676,591,which
755101,91,why
518029,558,main
447362,430,cover
579663,577,Democrat
606292,826,opportunity
1229860,141,pretty
974303,623,every
388889,63,take
735021,208,few
542014,866,field
849300,295,record
376741,768,international
865187,964,in
694156,239,participant
1114800,245,goal
325921,180,billion
1178701,103,wind
988363,411,single
308688,706,myself
1260973,139,six
843248,594,source
1132051,362,these
1046414,583,morning
1271039,18,factor
1265120,388,idea
883603,27,road
1015953,176,summer
533162,4,seven
1167146,746,sit
500488,218,meet
523677,341,amount
1207583,769,call
913637,337,kitchen
654731,981,customer
1128088,675,sing
462654,816,three
346962,525,feeling
861290,626,commercial
1142070,888,table
333347,775,describe
882891,321,project
397991,100,other
1258238,858,along
1054977,102,store
756479,412,at
988722,496,experience
1137416,572,budget
311938,943,machine
373385,904,wonder
382071,539,station
285445,429,hit
594870,123,important
528561,466,everything
496943,472,loss
286088,265,expect
1216316,913,meet
654811,969,region
929863,952,arrive
341065,74,admit
1117684,629,friend
673657,245,gun
1204362,896,clear
571982,944,increase
753368,105,rather
710163,334,process
1160207,285,financial
757586,159,interesting
1088473,550,land
306233,726,consumer
389171,555,goal
737891,69,huge
982461,877,radio
306135,117,up
1108691,672,candidate
564927,937,against
701082,65,back
932311,969,certainly
1189121,216,nor
1208665,133,peace
556039,497,worker
768417,524,range
815569,42,left
383886,261,strong
498678,967,attorney
754723,421,north
453221,459,third
755157,987,cost
604026,986,along
323179,665,PM
1036013,43,word
1064937,505,such
756871,810,along
675413,480,call
397641,405,between
1161070,517,find
483661,362,meet
855031,447,recognize
639619,330,chair
1178689,162,whom
631546,18,order
543790,548,hand
315581,899,include
963652,463,particular
415154,268,tough
425407,324,involve
464590,444,nature
376288,599,follow
1158588,147,consumer
799669,166,there
528699,266,administration
1200633,778,identify
443523,78,reveal
306117,891,send
511328,196,cell
1278082,960,mean
406815,786,management
791276,929,there
1233174,762,sea
577807,87,break
1307605,375,important
658038,158,safe
431245,401,receive
1215579,542,truth
928984,24,without
633303,519,huge
1280926,975,husband
555451,485,upon
455909,929,prove
803144,208,hundred
617634,650,experience
322242,888,event
866151,103,see
307879,889,middle
1101364,810,focus
1202405,473,drop
622996,516,project
1141438,850,hope
1267164,526,try
365625,393,pick
542480,156,final
528839,730,yet
831752,965,ago
452852,645,themselves
609339,183,beautiful
618727,997,maintain
954064,894,whose
913050,567,for
642575,565,open
876143,373,care
354610,937,create
969207,800,environment
314609,32,prevent
297648,573,here
467517,463,whom
789871,352,strategy
654118,71,toward
986163,424,owner
1310529,56,full
536642,415,factor
697801,624,region
632141,676,into
814300,918,clear
779103,296,almost
1265405,864,parent
522086,467,stock
942665,30,customer
1016631,290,word
581108,68,I
467269,263,trade
401638,617,trade
757648,878,control
1164396,987,difference
443369,238,data
803094,450,result
1306385,625,report
585577,964,policy
1126676,263,room
687048,354,data
886216,615,voice
437508,623,name
943570,657,country
1042333,376,voice
299876,825,note
802320,941,myself
1035174,777,here
895963,957,human
304840,307,dinner
343629,674,operation
864462,483,western
865568,798,market
774309,351,marriage
791899,355,who
309553,360,reason
883414,522,paper
538602,532,prepare
656494,815,local
1078476,873,mention
1311093,459,popular
369858,303,line
1095143,60,major
913972,737,least
567584,700,century
1080143,45,rest
967339,231,research
1016887,922,Mrs
413650,695,dog
1258660,653,base
923300,557,eight
834514,257,movie
295094,42,off
495488,18,from
293256,745,sing
334409,987,yeah
891149,86,near
1207902,472,artist
397741,139,song
1168968,458,west
573525,241,present
1178370,229,step
1283740,819,set
310769,526,add
1003111,953,ok
293406,304,laugh
492623,912,officer
1167297,644,produce
427224,512,test
763875,693,clearly
415420,201,ahead
297507,453,purpose
852189,388,despite
637068,449,federal
768862,275,life
809229,626,off
1144399,577,social
1184750,496,order
1199545,228,draw
305956,342,indicate
1264699,606,catch
384276,412,reason
1027379,203,understand
697020,161,economy
972180,362,person
976221,441,medical
691026,490,provide
573647,879,western
648323,640,project
1187057,99,knowledge
747234,528,actually
874207,898,maybe
1177581,643,feeling
1285950,788,evening
698760,888,exactly
611683,193,last
1266001,449,enter
559464,82,however
1023078,151,determine
1295886,409,agency
279582,615,around
666559,466,surface
1192802,974,expect
887295,654,old
915569,917,once
878189,941,move
1237842,142,road
1038036,836,test
334551,764,put
617914,71,of
1012636,785,sit
330219,274,establish
606091,938,you
901233,507,evidence
777731,334,she
363492,74,meet
684634,229,art
852143,526,chance
1144796,456,nation
889382,366,lose
605579,597,market
331825,876,quite
1281803,143,generation
705786,884,old
438484,549,true
365112,326,government
445495,520,former
920199,464,officer
1186659,978,identify
384637,417,up
1203910,894,pull
904291,529,certain
661023,54,open
592988,705,dinner
790620,524,beat
1187353,224,ahead
789183,984,want
533232,465,recognize
737065,905,school
311041,217,control
601340,320,buy
597593,913,let
376393,603,begin
922238,339,matter
395461,880,modern
1013563,771,should
599805,865,simply
933032,129,brother
1050634,322,film
1275403,361,parent
359498,807,customer
757077,893,fine
597787,552,year
926362,572,always
833236,28,throughout
1248576,519,tough
915755,815,have
556401,414,my
887198,442,history
608665,22,style
1120517,854,safe
543050,33,quite
926206,363,fight
469258,188,dark
786782,177,include
795912,648,easy
1296491,582,pretty
1193419,176,customer
754217,773,stage
1246313,463,voice
690068,4,reveal
790563,326,several
890376,530,international
1314946,891,hit
1309546,170,be
882986,235,development
411452,532,by
1297249,147,reflect
1071115,65,training
1256172,384,rather
1132605,574,fly
1191068,461,newspaper
1047847,667,similar
1179617,9,decide
401143,794,attention
523741,388,stuff
1271288,800,moment
1220280,806,become
360251,884,I
1073939,194,eye
867559,545,support
538881,305,wonder
279734,861,rate
390915,309,bring
1073944,67,method
293336,631,card
856323,231,if
1254625,227,eye
872265,853,push
1186708,401,successful
586637,904,arm
601612,768,appear
832193,835,even
646684,607,such
399519,894,time
332630,213,wife
338485,493,person
1164815,743,beautiful
878242,125,they
1140989,187,light
783119,375,realize
588361,400,street
435813,211,admit
383070,666,budget
499826,13,same
281122,278,baby
393166,485,mention
1032587,420,focus
750298,875,somebody
1064938,892,drop
536405,784,though
1046304,906,these
588275,235,experience
720305,621,rock
1143598,852,go
886136,187,gun
785380,229,order
578090,736,want
750108,165,may
950375,693,daughter
1174343,25,him
678348,803,lawyer
1049924,184,character
1256916,236,never
535765,376,day
692781,782,region
373078,782,interesting
1289528,975,meet
1102287,732,skill
864506,358,himself
443568,654,anything
1200350,710,vote
952061,802,before
992598,771,report
689565,285,perhaps
555964,213,card
1001821,915,else
722870,890,or
781559,631,prove
906460,173,lead
1191159,705,surface
586625,373,what
299520,215,end
1002643,778,almost
388975,550,writer
1118890,927,cost
1054127,72,kitchen
978782,602,future
709949,305,prepare
446791,141,sign
1251284,840,recent
910370,472,media
371525,485,position
822464,992,reveal
366375,686,leg
812062,174,available
737968,813,make
423343,304,deal
1230431,962,cut
994308,142,pay
999536,10,respond
510252,413,car
1187852,20,security
1199380,751,partner
858911,729,break
443403,169,fish
992423,267,although
1290376,709,respond
584422,107,oil
1177664,676,again
445398,407,with
871668,206,Mrs
912722,543,some
356486,560,guess
810336,891,rather
796301,304,country
456883,783,improve
365732,320,generation
600845,398,stage
1173878,348,record
1233326,599,most
1183207,749,tree
571986,56,become
913412,452,mention
929095,252,receive
1238545,638,just
976692,581,ask
1244929,767,practice
592377,37,or
278689,692,see
633383,851,modern
482767,585,throughout
365210,1000,kitchen
919224,571,western
1007295,617,product
554517,155,government
853721,971,enjoy
833709,124,have
622434,315,strategy
1231081,936,do
654540,587,cup
729693,903,talk
336051,511,tell
650133,744,both
1201425,959,view
1197398,348,sign
350011,427,upon
993251,576,difficult
565882,81,tough
866694,900,carry
746731,424,its
746274,17,bed
487956,503,pull
1093376,960,music
450096,841,dinner
424704,695,general
539357,548,road
992146,892,majority
1308025,69,address
823282,78,natural
1285811,89,once
523937,408,player
999762,772,card
1263034,531,television
971497,905,do
287618,604,personal
1221015,802,these
371749,247,garden
910841,315,source
963970,494,the
739662,665,study
843812,264,leave
1041913,551,by
1066597,616,also
974658,898,class
1133505,691,performance
1295160,795,admit
407317,657,marriage
455116,298,course
967631,880,difficult
448823,525,fly
781005,440,least
859940,805,beautiful
353205,209,specific
1253167,764,produce
362730,432,list
450035,444,effect
302998,701,art
986363,838,name
903766,827,example
522645,959,produce
1268597,730,edge
843647,587,above
987902,281,writer
706862,304,piece
1251871,96,sport
777280,209,bed
544806,767,recent
303955,84,mean
346549,238,task
339440,162,sing
896980,265,side
1249148,248,thought
1010457,990,use
520930,872,as
971618,595,about
445418,848,great
380212,761,several
942065,978,of
394835,416,sit
1178482,984,them
800887,909,catch
649273,615,drive
1158936,42,choose
385299,274,take
435361,203,data
700748,147,style
855889,912,value
1102237,887,order
651994,802,force
1140353,771,avoid
1030048,419,thus
830985,861,industry
636088,838,woman
811740,466,hour
1157407,280,eat
323775,386,sign
494337,540,entire
921599,234,name
946833,964,section
369412,478,rise
366804,190,away
996643,301,great
940501,124,most
1198122,579,interest
312873,526,body
407988,91,relate
1236807,479,page
491168,470,PM
851091,548,low
901388,236,success
611487,58,real
999300,749,drive
1230074,500,conference
954687,834,about
623032,611,score
546809,455,decide
440558,827,top
892430,66,goal
548970,971,help
994021,356,really
789082,681,let
717563,601,six
1055548,359,hair
1188097,82,table
952888,222,some
485158,260,issue
421301,772,local
559299,43,election
764009,551,in
1089661,352,west
490095,592,training
763971,52,treat
640266,495,picture
996752,154,girl
594523,391,Congress
776969,336,officer
1172320,29,office
1047962,565,four
531797,748,air
583170,31,until
962206,695,use
565768,521,test
430991,237,experience
793071,407,group
565968,19,stock
655292,45,art
1058723,47,though
956025,311,truth
476672,209,decision
1198238,122,economic
1125052,762,under
544417,928,sea
991122,636,case
865573,303,training
765774,137,lawyer
861407,352,environment
485883,951,letter
577026,485,many
316653,814,capital
1266814,776,hotel
541960,537,news
651714,364,each
915363,951,suddenly
1050404,591,investment
375844,464,size
643035,525,practice
962866,8,management
592707,592,along
1078888,828,continue
1088996,693,century
564439,245,impact
920866,867,item
761978,841,top
827536,527,join
951764,955,listen
466070,422,such
666857,700,entire
718348,411,sit
880113,946,defense
1276588,268,impact
302501,104,low
530705,332,yard
326181,706,claim
768534,992,few
457404,281,it
366391,905,old
686698,678,glass
969652,693,why
443177,477,office
1154350,571,expect
948925,829,however
807315,162,husband
948037,951,production
844214,48,green
1033141,285,employee
860831,950,single
1155082,16,off
697915,901,edge
1183033,161,together
1026399,779,research
476438,712,worry
1259758,245,will
499010,918,hour
1276083,500,understand
1087006,976,grow
1006550,582,lead
1176707,243,relate
795274,259,hit
413362,551,low
292637,307,majority
1075169,860,create
742038,990,bad
712264,405,third
329367,869,now
745596,169,quite
320024,43,production
369722,530,pretty
906724,982,leader
1010446,536,security
844312,360,tell
281266,414,such
325572,475,eight
939118,591,sometimes
423021,321,right
952380,862,Congress
676990,156,effort
593062,741,determine
572842,288,eye
424934,425,sign
1149482,628,court
728352,83,someone
1268297,323,bad
410098,51,help
339712,582,window
1122222,156,say
1313686,723,nothing
662058,754,modern
386791,984,wish
726770,835,beautiful
480186,77,report
793985,81,role
789215,966,boy
340663,154,measure
648888,636,soon
1155875,682,agreement
496024,373,few
301343,753,hair
371492,890,throw
933580,172,owner
657405,14,investment
1153019,979,accept
391750,855,expect
446087,474,officer
1311625,93,family
1264754,622,image
1157633,956,act
609281,465,stuff
937224,1000,also
1203100,658,top
993594,981,key
448827,523,hold
1054546,154,apply
832268,887,tree
687726,986,but
399547,288,arrive
661938,594,song
459292,480,street
499524,668,teach
1210840,107,structure
813923,505,fight
999948,99,someone
319533,10,us
594119,907,trade
1146832,864,clear
1041055,733,stay
1142214,547,know
610537,148,decade
419738,682,them
963113,879,discuss
1092288,274,win
838653,115,find
838561,285,sea
1094734,911,amount
860139,551,story
671235,240,federal
834517,653,same
732431,393,check
1056650,910,generation
390800,705,win
898529,72,final
791156,262,son
306915,195,suffer
298657,600,reduce
1115927,176,way
1160129,581,author
915596,314,return
748547,542,really
712187,123,bag
914914,58,subject
583419,752,sell
652387,418,put
551611,29,program
460279,33,heavy
464755,524,expert
1008548,706,per
720263,756,require
1151409,996,firm
814349,243,full
776354,458,inside
1158383,20,third
979406,794,reason
686561,242,impact
1198713,736,bag
903158,869,prevent
651984,25,set
943202,116,news
745811,333,loss
1153344,474,huge
874498,433,rise
669931,844,agent
603027,916,what
953918,711,despite
1156525,594,include
983608,725,benefit
1146725,707,group
421718,53,indicate
955409,830,sell
1068367,999,fly
1287041,244,myself
1195904,4,way
334766,938,good
1291505,197,structure
1113509,984,try
425974,734,heart
1090739,429,southern
760699,809,garden
975903,989,ten
1190437,169,meeting
562176,288,north
635208,461,everything
1259780,89,himself
403009,198,market
976648,68,red
1126989,100,sell
1165770,981,always
1267647,814,discover
1310561,620,race
335717,371,movie
368174,889,play
1265723,509,huge
1074875,959,what
563406,211,figure
438193,510,listen
537657,566,real
705778,577,owner
1278160,725,wide
676284,21,hour
910343,359,ball
607599,7,late
497514,449,raise
465000,991,tree
1287458,537,step
342382,285,moment
521572,434,maybe
717954,860,thousand
986390,87,gas
971962,378,tell
948800,686,new
948781,361,fill
324863,261,however
1198284,939,movie
657097,687,table
662061,75,radio
338523,254,role
853046,113,sure
1148195,599,fly
714856,859,before
581670,819,evening
639886,446,east
763725,130,bill
770006,960,prevent
821683,466,smile
396916,13,talk
676083,503,civil
409698,707,month
899262,91,remember
1269281,778,evening
775404,696,before
1018858,84,play
484144,738,project
977135,70,get
279322,445,fill
382045,713,fish
844796,483,after
437634,928,child
1268280,928,turn
422785,945,also
380982,815,party
974973,729,million
431241,278,not
347304,433,any
519173,192,security
1292747,118,determine
856799,811,per
976899,799,member
692425,849,today
512952,580,share
632522,913,physical
813069,808,deal
830286,518,agency
600044,977,research
305554,299,lot
388097,710,door
658686,569,smile
904819,438,risk
387661,327,focus
1156425,140,nice
1249681,213,understand
1051580,244,want
1186329,834,more
971188,720,chance
735517,697,anything
653737,189,report
288719,712,population
531970,531,later
1114839,845,major
405813,31,movement
778603,528,class
312533,144,sense
920252,531,seat
1268785,211,across
974041,89,particular
945517,118,possible
836932,25,item
1294346,795,firm
503797,641,mission
770438,81,sport
321153,167,firm
1072066,400,entire
1108287,930,family
433345,679,myself
384437,402,character
881901,637,show
1285883,240,education
480946,701,half
734086,692,only
1222038,640,effect
469484,439,practice
294976,246,walk
1146544,184,billion
1278205,333,protect
1197345,316,weight
1206522,305,expect
1111888,42,real
352396,899,course
804799,238,know
549328,60,build
581690,897,particular
856908,959,from
912863,880,huge
344263,835,theory
473255,530,foreign
818112,537,role
1226772,339,vote
1264486,328,Democrat
300838,121,brother
732466,590,according
303295,694,along
667037,173,building
991764,991,look
503078,250,agree
661673,937,game
635693,490,bit
695702,444,chair
1142789,270,believe
618250,188,project
862316,848,positive
736832,150,if
594392,527,discuss
794240,52,during
485729,924,production
397047,255,watch
870115,501,order
1093551,894,company
715930,235,million
1035700,333,prepare
1022261,358,expect
1035273,614,keep
1195868,451,career
497821,741,region
1225913,437,dog
451257,577,measure
910186,27,form
1273475,989,my
332352,48,sense
567372,205,beat
1233920,747,rather
522501,94,including
797422,646,include
1025454,994,night
1133823,15,morning
589216,423,fire
426620,677,significant
903243,120,rule
1242428,628,degree
341520,203,first
390634,983,they
1130788,314,lawyer
817240,512,remember
1093803,807,service
1252465,647,fly
1005999,130,black
1125022,537,decide
1120719,460,keep
580395,900,than
281606,763,name
931292,566,relate
577331,151,return
1068152,855,great
501436,348,people
788759,532,under
805392,662,usually
662347,704,almost
500420,135,either
867831,359,concern
1161381,9,fast
752791,53,none
1284732,260,more
535343,390,those
547218,621,experience
795202,716,speech
921914,120,south
867389,292,serious
417707,839,newspaper
354334,804,establish
285035,767,resource
698573,464,cultural
1296066,293,that
670031,984,sea
1284464,98,myself
1203624,334,message
540570,357,remember
1226633,338,treatment
430205,682,partner
596823,311,travel
1205649,270,raise
685483,804,enough
835557,35,world
436763,736,amount
1241058,786,think
994667,775,million
816560,712,safe
1169713,515,Democrat
535917,566,compare
476391,149,memory
634804,18,resource
1007199,289,answer
852200,852,believe
1238411,48,senior
311813,732,board
971970,924,radio
891226,80,inside
577655,65,buy
1183092,421,painting
1098518,463,human
788365,651,article
439366,30,each
1123432,612,remain
718907,128,report
1090321,418,deep
868277,982,often
487407,562,question
470494,182,ability
701468,1000,measure
1151255,89,discover
1056218,375,owner
845118,714,husband
1024322,822,stand
300628,679,center
666697,28,measure
614347,24,full
932485,683,authority
680314,819,realize
814413,681,century
729864,108,music
722208,14,clearly
1072685,196,sister
1282805,62,despite
663986,115,middle
1231895,781,loss
693808,614,management
774368,246,operation
364658,512,last
1294829,547,help
753420,520,fine
749455,827,home
379468,799,real
521241,499,true
546177,308,star
362346,556,skin
811593,165,west
1148624,765,forward
353807,872,language
1259094,897,training
307455,809,face
629114,636,company
575227,515,audience
735653,102,rock
647476,7,health
730740,447,name
956470,737,add
552806,474,quickly
971545,908,him
1221399,248,campaign
513427,120,pass
312582,133,little
933915,200,approach
733247,246,last
282410,694,process
582703,613,hold
634538,329,sort
355362,680,writer
876930,886,something
1214962,734,remember
669176,408,skin
662015,803,dream
371748,92,carry
303696,684,woman
552808,81,manager
1011076,224,full
1171176,407,management
821781,485,rich
1078427,889,organization
1294375,334,somebody
809605,395,action
505409,792,box
1156752,530,three
642074,615,represent
1195323,641,day
625141,733,table
797185,87,there
1057596,497,tough
448299,814,Mrs
500384,939,yeah
824086,828,pass
1114623,813,good
827341,51,within
872310,997,record
806750,253,water
899636,413,four
758015,255,sing
757570,65,left
350971,467,question
305011,330,necessary
475763,21,along
825593,246,expect
418112,189,north
480355,542,free
1235111,304,road
1034787,440,law
293784,463,continue
308124,658,center
900217,535,allow
537606,464,can
520384,693,professional
643322,345,name
1228874,277,wait
865558,354,term
1147859,754,hit
1248555,230,catch
1231218,335,suggest
593704,491,recognize
1203808,876,miss
439606,656,long
472550,506,necessary
1189120,245,capital
1110135,396,happen
1029422,969,technology
737342,368,sign
621299,846,price
1220977,484,sometimes
1022012,685,chance
764528,961,film
907931,617,perhaps
721861,452,nature
914773,939,region
1213445,610,stage
1290223,857,each
956242,715,us
969557,197,subject
1275735,896,half
859383,435,media
890959,751,like
500586,763,prevent
298576,72,blue
1214416,839,suddenly
1243297,945,artist
497946,614,look
1279845,667,international
1180621,419,agree
1018624,192,after
524485,949,mother
858929,613,real
1099211,101,set
1203862,99,loss
511524,919,member
1224904,215,military
284842,962,single
1269999,832,girl
452395,282,drug
986365,831,discuss
852487,83,program
895170,859,teacher
490602,129,generation
1228491,420,federal
493536,862,of
909151,918,job
1052503,141,official
439695,769,baby
1265262,543,unit
489458,722,arrive
541472,372,drug
815487,235,concern
644611,67,spend
414678,617,mean
434550,194,leave
409221,53,operation
1207407,716,include
613064,798,lot
1022574,448,tax
641268,528,view
669859,143,professor
303409,331,adult
304578,343,former
353328,421,themselves
1057622,44,center
1156761,141,soon
1112959,600,owner
1301145,513,understand
776278,553,appear
1119177,543,direction
1194097,330,shoulder
785758,183,teach
444416,773,employee
1223453,889,shoulder
826494,169,example
631400,331,only
611443,653,important
421954,486,respond
971483,570,but
369719,646,their
1134157,1,send
522783,232,artist
653651,819,usually
582420,141,about
497116,758,where
956735,214,kid
389020,166,too
731929,352,lay
1301307,770,ready
776815,984,left
865467,138,new
736869,874,reflect
1226545,58,often
514324,816,act
1130551,838,head
322322,32,floor
530377,190,under
734762,332,seem
483932,619,night
818711,970,positive
1027599,3,from
1144861,527,bag
538101,361,play
891712,882,goal
870535,437,majority
1177896,742,table
700216,889,strategy
732047,595,bank
881733,551,evidence
1235745,165,region
930982,5,plant
343651,306,until
432598,909,sell
1068804,424,condition
978797,897,concern
532061,64,five
1153546,309,spring
641088,730,pay
992932,773,author
407637,426,ready
966002,447,sit
874978,257,scientist
1008604,42,event
954379,451,lot
493536,153,easy
405201,677,I
1163070,890,again
924656,293,bill
561523,112,about
800061,84,seem
391072,382,since
1296639,4,near
449508,411,newspaper
822970,639,free
1111021,940,start
909440,134,television
914087,928,offer
837550,723,fish
921490,276,room
937249,499,mention
1012941,420,science
430724,228,industry
297106,91,summer
536541,307,beat
778838,623,result
379187,395,upon
844215,754,citizen
775880,322,size
730152,350,above
819049,722,plant
408492,32,summer
1133988,739,reveal
289642,587,team
465141,394,sure
1256279,891,finish
302707,662,project
1166714,50,several
748845,767,statement
420691,642,alone
424048,198,may
537507,392,speak
618140,396,score
614771,244,way
1013839,243,end
788380,756,network
571965,753,politics
1158012,231,speech
402536,685,TV
696999,634,skin
329503,543,nearly
1121084,341,major
740219,180,price
876456,11,gas
956135,392,mission
889131,694,shoulder
511717,336,no
1277874,56,west
705912,623,information
420947,209,forward
1170339,445,myself
689579,354,should
726912,350,positive
878923,816,leave
912151,867,brother
369837,339,but
326420,146,wonder
528603,420,building
760169,910,site
337046,842,particularly
835966,929,again
486153,697,least
833517,271,age
843985,320,sound
531541,297,president
861241,912,understand
697582,743,guy
1183034,269,newspaper
690297,239,stuff
492570,222,sound
1162779,436,chance
404807,387,art
908555,44,evidence
502533,776,my
561902,339,compare
1056191,559,idea
1283832,661,smile
1275718,70,like
1005973,662,instead
1211508,705,fight
915487,91,people
1164346,502,indicate
565789,477,prevent
327842,538,before
835855,676,according
862726,174,education
801068,614,seven
1012322,801,want
446162,447,kitchen
1252859,750,improve
660548,869,such
809055,776,admit
564823,803,training
328512,479,prevent
954754,149,walk
1008770,448,public
443580,791,catch
1151077,707,care
1217230,309,around
376137,248,fall
403296,336,thousand
627343,295,so
903921,755,later
564542,481,skin
291031,342,defense
1188343,986,court
899401,219,compare
597145,990,happy
451200,609,respond
637499,386,determine
614694,824,PM
935476,928,lot
1041536,673,special
1293674,804,pick
1014038,789,information
739438,443,state
420037,791,democratic
729467,846,him
1054423,908,require
773394,161,candidate
1269780,996,nation
678892,10,discuss
1184944,572,return
720406,354,measure
440952,965,stock
976650,976,yard
1040701,117,son
374785,361,finish
990664,879,hospital
428134,2,sing
1077801,442,leg
1185946,153,good
544740,532,turn
1007750,951,investment
1261912,125,your
406051,819,majority
305371,710,here
758802,403,system
1196226,931,baby
1012636,282,goal
642402,657,before
622816,547,gas
880833,912,what
480902,766,official
862170,415,another
534347,863,those
1263578,536,really
323553,358,picture
432176,111,receive
849039,915,southern
962963,161,adult
982175,926,station
503426,422,reach
1257280,742,personal
898253,558,gas
299399,842,cell
1109812,733,special
860954,180,table
302868,732,election
980935,607,partner
971383,418,far
801156,887,long
501843,27,now
694090,199,entire
845671,193,reflect
833108,430,town
524267,523,recently
1231784,360,if
654854,844,person
426026,969,future
1181866,84,message
1075994,986,follow
925634,524,draw
480394,707,seek
530147,456,bag
306319,45,all
938573,775,agreement
477138,759,about
973155,90,notice
1264605,898,like
476896,173,special
612251,378,begin
469658,832,mother
462024,867,threat
670134,468,expect
1095716,778,effect
877895,979,green
362259,912,every
1154203,150,job
787385,822,edge
325908,354,record
672910,983,someone
408544,136,skill
460429,746,movement
304797,300,catch
1251889,575,one
595538,543,control
352098,66,bring
918275,983,be
350232,642,six
1103331,456,can
317810,518,read
606983,416,ten
934902,575,if
1251498,894,skin
1235587,33,rule
1166664,799,keep
1199146,596,him
1107345,103,answer
466639,781,spend
662334,518,day
409537,815,participant
835028,372,control
1195592,819,particular
1291484,197,stage
1047811,942,could
755536,807,according
454480,871,game
383667,300,behind
662810,734,mother
859341,643,western
600147,300,morning
342229,31,shake
1201359,500,certainly
1228896,464,few
968798,465,truth
629425,463,give
450904,33,entire
410099,373,understand
1010718,345,what
1036868,288,name
412669,124,attack
876831,929,imagine
801692,597,system
790716,195,similar
454351,467,take
599615,617,fall
628153,953,away
841458,457,already
1300541,257,perform
1202377,998,direction
1001929,455,right
468626,660,easy
757446,305,dark
1049444,339,him
1119924,900,second
332257,851,defense
1048522,330,same
327978,601,commercial
668441,861,least
886593,887,several
1310288,327,gun
338679,785,stay
849559,239,financial
1190283,749,single
1260501,223,yeah
1096381,741,inside
995708,903,former
520704,594,alone
496708,319,wide
404597,369,else
672254,511,throw
1032144,501,hot
979698,186,house
1065529,226,still
652511,23,gas
306596,85,end
1193850,84,share
698571,735,simply
343750,168,direction
477548,968,effort
1194688,184,star
1168289,652,write
1140034,679,let
882811,453,likely
777459,582,ok
987123,27,dog
560113,191,suffer
624862,675,pull
1013394,721,there
452468,306,provide
840492,201,we
913437,489,wonder
1160111,433,country
627836,709,top
828073,481,road
1000735,360,call
693466,644,ever
484774,931,thousand
1304454,868,but
968480,483,deep
486402,39,certainly
887738,171,center
326136,857,hair
313394,137,message
1258694,834,not
421070,888,best
1180950,765,develop
615577,617,myself
580669,624,major
931552,291,student
1022732,694,we
1289337,627,sign
537532,195,lose
1267624,170,authority
1294234,333,administration
1241894,143,tend
328670,511,eight
769240,204,start
1284961,424,baby
1107884,37,employee
381103,386,region
1002887,745,story
1098872,331,central
1004976,829,traditional
290066,552,what
1145902,368,blue
807747,281,anything
1023964,181,admit
873485,948,purpose
1278766,487,white
592409,940,keep
1162911,520,off
1131095,461,score
314271,528,natural
1238533,116,opportunity
914084,658,evidence
1090296,798,national
1217922,178,summer
1082183,484,thing
1209241,449,radio
1021022,542,pass
823915,616,people
566128,37,moment
1038683,483,since
971855,41,force
727663,386,price
516242,382,brother
1067076,632,available
1076822,297,above
1252930,558,campaign
765821,882,throw
644883,997,expect
540431,398,yourself
1215522,217,wind
1117650,482,day
949101,224,watch
971974,625,technology
580213,518,partner
341110,741,stage
293244,401,threat
399800,764,financial
862088,149,wall
1131004,932,store
554660,683,cause
674276,967,century
846220,274,nature
423581,626,end
679070,930,painting
1018149,710,visit
925611,409,sign
346080,596,late
1021994,27,coach
336222,335,could
1305576,249,arrive
1117441,937,store
937195,959,project
787775,216,race
549556,22,think
644405,201,between
602271,382,size
1262850,654,economic
630390,376,response
605407,88,police
1062925,365,detail
1046403,252,family
653329,33,challenge
779885,257,institution
894155,424,account
478767,126,tough
919937,459,world
1138769,568,collection
427066,187,great
540959,333,field
294693,417,care
348065,930,still
973633,636,among
740589,436,evening
382228,774,would
1281062,671,recently
1057953,459,building
919773,223,business
1279749,5,maintain
458580,13,finish
497879,904,and
420084,180,blood
310094,3,clearly
1246619,956,our
964100,71,leg
1002936,36,certainly
1221698,286,woman
915047,267,bank
589382,41,continue
1286789,153,place
795537,26,message
508820,568,employee
1041075,635,senior
1170817,182,money
769721,119,never
982677,112,they
1094355,886,property
406904,584,sometimes
548727,683,game
1121460,15,air
1208433,402,modern
1101961,247,prevent
1006325,572,product
1145275,388,single
503405,975,ask
731109,225,citizen
733581,466,spring
788578,313,station
1053952,925,throw
947707,435,dark
1087404,60,head
737032,366,catch
297659,312,difficult
491319,722,letter
319906,697,pay
1307095,986,when
554867,166,attorney
559646,800,matter
1041697,184,short
751075,588,begin
915293,315,building
600365,788,entire
382077,377,about
376258,837,hair
392514,79,successful
1126407,491,once
1057420,24,heart
1069831,683,matter
580750,592,across
529505,789,relate
617820,924,few
1213633,871,than
928828,253,street
751041,21,professional
992938,905,support
671005,962,house
641323,714,now
344445,518,another
408435,786,top
562954,224,window
882578,864,lead
546047,749,air
402814,889,oil
944972,900,claim
361953,262,size
1240231,395,home
539546,523,let
646439,520,animal
724881,445,talk
488970,151,quality
725384,982,everything
765921,297,everyone
572869,377,identify
1195373,327,size
840883,708,like
978212,280,Republican
884330,954,design
324380,560,imagine
1102148,680,federal
796877,437,conference
1037739,839,learn
375255,506,beautiful
1066989,521,husband
622144,685,treat
459294,94,how
1080423,651,simple
1047599,723,hit
1202067,89,force
508872,997,by
987614,891,similar
911422,801,system
416670,378,mean
677393,978,heavy
1021621,147,daughter
864908,122,assume
1012466,916,stock
323296,449,my
563766,692,similar
290827,137,past
786446,67,similar
1228157,829,finish
393681,602,arm
1240081,539,important
361718,598,president
566642,573,hold
345716,798,cause
1255188,694,another
881897,640,leader
815911,294,yard
1102797,710,nation
598422,6,sell
1294048,796,continue
491942,218,finally
1023341,737,similar
390401,936,success
910079,468,right
1258865,383,financial
1178756,711,wall
999464,456,position
892961,519,social
568932,945,not
285882,18,no
458270,479,side
555664,803,that
1244759,392,base
1159154,707,church
1172122,669,smile
1012625,619,star
907819,28,account
1217717,475,character
722623,797,growth
383718,580,company
577601,86,management
687793,222,drive
1218385,778,consider
449529,827,talk
757325,724,suffer
841008,706,themselves
281230,901,newspaper
1225242,7,kid
1286378,138,tax
379789,148,mention
406379,356,water
320701,589,sometimes
792429,905,so
738869,276,professor
1153127,913,out
1070745,482,ok
1152567,455,response
1022519,727,sea
641154,381,professor
1239511,285,defense
1234527,747,security
751376,668,you
482299,12,give
813510,187,dinner
971149,994,though
969556,449,develop
1166987,994,night
775817,907,well
786666,99,notice
1309973,510,others
527416,266,door
1261812,119,whole
1253572,582,government
517580,392,act
520692,796,add
567614,134,reality
624396,761,class
989739,874,seek
522218,568,without
781685,105,behind
919342,958,sport
1072557,669,management
1049200,464,activity
612243,355,worker
1229043,348,current
1188156,977,firm
420692,621,decision
704464,468,treat
1193144,524,yard
347272,527,happy
964261,369,item
611715,509,ask
280104,780,summer
765949,840,operation
1099634,473,glass
1008514,807,become
1242794,417,health
474255,865,company
796947,570,young
330001,854,trouble
719635,422,direction
1278458,238,degree
367573,769,arrive
495699,827,interest
416246,589,medical
636994,93,cost
1065380,832,similar
557140,243,issue
1273841,427,them
552000,469,stage
1219660,330,sure
296480,261,industry
948121,463,reduce
688418,205,according
1308069,424,new
515246,726,let
306961,611,fly
492565,586,operation
309488,952,benefit
381887,98,own
765567,709,among
1163694,375,she
836750,331,whose
540023,764,through
1103196,777,power
1226520,793,degree
901300,577,answer
1073760,57,indicate
1180003,951,possible
1229167,964,add
866974,873,black
586654,166,she
672964,820,market
1194076,883,fight
949054,557,upon
548695,821,if
401798,253,together
1069517,80,age
1078045,936,other
1213110,28,seat
426136,801,should
1070637,902,wide
927514,655,million
878510,240,water
999731,482,church
1204574,622,camera
894405,190,charge
754491,131,collection
722525,666,speak
612953,953,animal
1004261,820,foot
1099415,704,respond
887274,728,per
530321,42,thus
287854,993,decade
943159,438,chance
411699,373,again
917313,802,election
1109259,278,bag
626895,275,development
355999,106,wife
991680,181,production
502490,466,before
619535,608,especially
719201,765,oil
754787,290,institution
912001,639,best
413686,51,baby
827389,727,cultural
500110,784,thank
691651,534,detail
1023491,597,shoulder
938772,960,help
684320,528,smile
590899,50,student
631704,45,series
1136350,370,own
611493,567,book
974590,291,mission
615589,440,myself
582138,700,early
590921,766,black
730613,436,role
818306,645,idea
1042872,785,research
933061,123,response
1268051,780,unit
722722,848,think
675181,697,full
488996,7,trade
1014650,104,wish
799161,245,campaign
404542,942,my
898781,755,will
514769,592,through
1157175,219,inside
936332,698,threat
353713,366,nothing
280594,765,somebody
1025181,399,appear
956837,218,us
1027418,165,kid
1194940,975,close
953611,750,western
477070,188,up
964686,507,give
822281,464,since
561869,778,effort
285847,395,check
1062850,740,late
693185,116,management
390989,911,room
601009,808,long
600589,97,hold
562384,806,consider
443588,6,within
959642,452,reason
1308460,492,give
1060314,638,best
394438,207,industry
348880,813,dog
916441,9,perform
678439,1,employee
1265020,318,you
783464,141,method
644079,569,despite
1151318,402,dream
518274,515,particularly
1279003,754,point
483528,836,around
523229,878,understand
611078,244,then
1186236,976,attention
1311100,917,level
996112,446,crime
895836,435,time
488787,990,partner
1228524,802,follow
457044,652,floor
407278,562,build
459230,885,we
1012117,758,expect
446347,523,find
458138,319,agent
626270,690,number
293319,690,eat
968817,795,my
500912,911,Mrs
838557,524,deep
810819,304,of
577876,198,risk
422228,726,through
499852,522,suffer
705365,360,card
305480,221,begin
1284956,42,ready
643606,379,interest
1031846,572,similar
1166846,362,toward
1259973,555,life
788362,251,sure
1248276,270,all
326039,702,indeed
863281,713,bad
1084771,48,condition
576994,146,hot
1247270,890,perhaps
1032869,666,once
380130,189,easy
544276,84,season
1059480,782,office
778293,521,this
318944,748,you
697897,514,behind
696269,692,require
937658,312,where
995186,957,police
1056508,445,couple
538521,849,treatment
750627,792,will
875098,275,entire
715877,91,determine
1132266,445,worker
530470,452,politics
612234,739,enter
298624,780,environmental
840869,63,which
809445,132,important
509537,609,treatment
542323,751,seem
351444,90,hard
905131,311,culture
1155161,378,world
879782,245,fear
1237231,47,source
807214,751,wait
901808,972,daughter
385803,230,fact
1116390,715,word
613284,764,drug
835244,775,various
1309929,546,magazine
1054150,460,south
1090288,390,star
852116,646,allow
1043940,194,hope
657994,56,administration
1174129,301,go
622944,468,form
456025,587,act
696076,202,act
673846,665,out
1118882,569,those
449171,814,sea
543309,681,term
484309,356,industry
461401,518,story
910713,777,ever
439270,284,offer
1212011,469,because
322817,61,value
850341,302,huge
783414,801,shoulder
356227,465,forget
409996,269,once
588547,225,herself
1161672,605,quite
469310,967,goal
933775,754,word
559705,381,especially
1035890,64,personal
832049,180,time
496101,667,above
537773,560,us
540441,504,place
342099,425,let
764410,406,cost
864028,922,amount
301084,973,laugh
609871,861,herself
856719,146,story
359490,492,media
636965,42,smile
1029246,521,dream
895513,897,above
870135,698,glass
573569,128,cold
295280,84,bank
942799,941,accept
416471,259,name
709527,1,religious
435086,902,store
676423,189,respond
408934,231,fact
653099,44,short
1126798,402,perhaps
1110376,228,sound
855955,323,either
863399,137,during
895256,413,energy
1008981,35,head
845947,540,station
552746,557,similar
872330,978,strong
644008,61,perhaps
1040889,645,will
309084,649,language
648402,272,girl
1051376,407,perform
1242884,746,positive
479623,711,family
605147,616,life
1309072,749,woman
505981,744,reflect
435420,272,new
462404,103,up
365642,876,big
350881,788,opportunity
351577,753,benefit
427618,893,Congress
786138,30,miss
1277074,626,many
905824,483,community
588409,254,them
1234875,714,former
804418,710,somebody
1089952,391,base
563021,831,save
941208,392,act
1278316,31,line
970476,692,herself
580755,673,them
1098237,385,page
349777,294,realize
371547,273,your
740808,615,class
653006,787,budget
1001468,157,bit
513133,597,final
1245824,682,author
356252,783,itself
467779,264,on
790947,867,professor
970673,546,drop
556848,57,she
540198,904,help
561257,695,force
473515,367,century
532785,570,teacher
382934,224,special
996352,914,white
369548,114,direction
750111,501,join
1299831,714,create
813628,342,politics
449347,23,for
1027854,86,industry
525525,485,no
383761,35,someone
484765,824,low
691840,911,computer
1228279,839,guy
443141,897,significant
977043,195,society
1085335,139,more
763870,205,spend
431314,527,sport
1233551,633,will
484389,522,improve
829337,381,usually
360776,414,improve
1010933,657,right
897486,218,well
408601,236,actually
1066349,444,full
1019238,496,choice
766846,822,thus
609165,160,specific
626499,366,relationship
300976,236,technology
527497,698,state
1170940,632,military
1263622,282,believe
336578,249,form
1281333,756,newspaper
442546,343,wait
858881,515,strategy
1048669,326,short
1058675,167,plant
596994,347,to
1045879,217,have
893926,409,take
831281,281,civil
880768,898,serve
519408,705,know
659966,801,wish
1291414,410,run
1307255,991,mouth
612747,334,during
593707,284,alone
492025,172,whole
1077094,105,drug
1280446,75,point
679165,648,friend
661148,809,spring
906657,752,speak
866408,977,scene
1283318,658,doctor
957337,869,trip
724997,54,rest
1274295,476,away
530438,386,really
326187,704,book
701981,575,imagine
1061492,459,foot
995562,829,free
636682,557,attack
568595,657,town
485406,612,especially
984565,489,source
938326,260,unit
1298176,459,power
1120921,389,less
357713,556,several
1244663,196,else
1056332,992,kid
921639,866,nice
478146,329,reality
480044,154,late
705650,671,thought
646792,745,book
758635,856,specific
1073418,137,method
1102738,537,send
906833,465,through
975471,280,fill
698423,656,former
1124075,363,east
1282605,522,section
1243378,992,onto
884973,781,third
791693,602,dinner
1208757,559,avoid
582242,974,consumer
294928,30,nearly
758089,638,serve
846179,734,movement
1259228,884,might
1082651,504,conference
465006,360,office
958813,604,sea
584976,321,shake
1232447,129,suggest
1305994,967,provide
959308,646,bad
1078262,998,there
479073,19,special
1257123,383,smile
609880,760,same
464419,921,grow
1059833,405,must
1108924,330,feeling
370856,966,radio
280044,504,government
678306,34,account
560856,21,pressure
628594,617,behavior
410429,499,whom
293925,808,necessary
1134116,230,difficult
641855,745,wrong
693864,1,next
607845,553,trade
543121,976,suffer
372260,351,day
966681,938,arrive
418397,758,but
471339,350,actually
433609,554,scene
607100,280,visit
1063005,962,relate
309719,676,short
414511,495,though
734954,974,sell
783989,927,show
1013047,444,weight
580705,43,vote
843421,700,institution
518648,837,seven
713635,491,center
514742,492,specific
424796,789,back
676802,153,test
761287,546,drug
1118315,233,economic
775494,642,year
873778,374,direction
405080,451,money
294151,118,civil
715835,347,half
957629,198,last
348079,631,apply
344774,217,Congress
963470,620,sign
737236,805,building
745503,247,series
1207511,512,bar
1177494,958,color
378313,167,carry
1056338,161,social
1101699,641,onto
856373,220,run
323964,798,read
676339,699,dinner
1117845,858,dark
706162,806,true
1114337,755,left
400128,539,later
873003,88,front
556356,74,campaign
530128,482,public
565975,228,well
1282629,244,pressure
1020663,908,reason
660865,453,day
482578,751,west
961580,922,result
420812,382,rich
685587,662,less
1293535,22,once
995810,323,protect
484849,932,each
1135042,373,base
611956,754,house
1240921,953,he
1096400,481,everyone
969162,778,table
707151,96,wrong
690015,555,yard
333819,67,bad
559557,52,bit
1008789,174,chance
840702,158,list
427933,936,whatever
1093161,470,respond
1122771,749,particular
1039104,2,throw
327803,387,assume
928177,261,ready
335499,394,issue
973361,913,health
780958,142,stop
1300582,829,ball
1005258,752,tend
814434,93,chair
545526,387,reflect
631301,577,heavy
1188873,183,ball
1044906,197,get
1176200,601,tax
834688,538,other
1069370,443,last
508795,484,act
973547,577,note
992092,391,collection
748434,688,left
1230048,916,sing
1055905,953,box
475746,58,state
937226,23,myself
1192108,369,certainly
987000,161,prove
345573,407,stay
1283142,216,sound
832352,679,that
702173,777,first
714862,965,way
1297849,342,dark
1311638,114,every
1241836,764,as
965735,913,board
327188,413,system
1116170,422,three
1263525,692,side
1252361,162,building
794119,788,listen
1214353,622,behind
1247075,294,none
927804,392,speak
907675,12,must
523972,944,meeting
448479,707,law
1179098,640,garden
1098386,898,water
719742,568,street
642972,796,gas
810462,347,through
508487,748,none
579533,31,summer
723722,910,lose
960419,537,art
1239398,778,beat
855033,77,whose
1133864,973,use
395376,17,dinner
1275710,382,want
334057,512,throughout
909955,65,certain
1082596,416,join
1213040,313,store
779487,564,commercial
389554,826,down
816594,121,success
473527,714,seem
282834,952,trouble
674730,419,sure
520114,77,coach
1036271,256,run
369056,550,cover
1297224,497,find
1211320,909,accept
1191784,61,chance
882045,543,treatment
527672,4,together
1136751,202,check
577211,215,feeling
661680,764,picture
412197,932,partner
1050058,650,concern
743417,595,fill
765047,412,debate
493040,637,want
1202498,826,heavy
521878,562,society
647892,798,wish
721309,212,senior
1165269,59,close
755274,358,front
547963,258,reflect
438733,813,citizen
1245649,463,voice
1073061,714,involve
1305208,56,determine
967780,137,require
591949,944,expect
279639,32,walk
316233,314,admit
684781,683,born
582520,309,ball
429799,884,type
1013556,156,challenge
336310,800,finally
1199089,346,week
1069593,527,billion
611503,693,conference
478762,748,lot
1311582,965,despite
1230586,52,bill
757612,775,finish
1024179,860,story
1221362,99,shake
1176581,477,physical
854385,127,dog
563983,327,chance
1226674,780,data
595091,396,she
1275905,800,produce
349660,328,six
382863,904,down
876631,156,politics
1026484,15,heart
1015153,814,dinner
1072166,907,direction
1303740,135,born
925865,357,admit
878979,839,next
588988,722,market
334175,129,base
962012,744,there
707292,685,part
288290,693,present
521658,426,rise
980833,132,arrive
510676,738,performance
459709,143,between
505953,279,over
336166,561,these
561053,560,difference
739836,543,box
799126,236,down
1184530,698,unit
868745,852,head
983105,461,big
774374,777,treatment
1142294,277,must
1194178,967,become
801131,206,administration
446167,729,training
1149802,999,culture
1145861,497,officer
761665,791,song
357209,655,main
856385,3,series
398206,725,determine
1044120,920,throw
806855,65,girl
752371,892,hope
872780,859,us
368742,239,myself
861620,490,ever
873551,380,military
1268459,941,dog
1313884,695,authority
462368,494,behavior
996452,445,red
1086756,908,floor
1142438,414,one
1038575,891,talk
313107,150,senior
831322,252,gun
1170950,671,wind
1022459,361,to
710610,578,purpose
1153839,158,natural
1125798,880,almost
672913,886,win
846594,235,Democrat
861021,246,fear
1005294,133,church
597741,667,note
638139,480,partner
695914,79,wonder
770798,717,understand
1124897,15,south
309708,779,cut
776182,854,lot
1258433,935,avoid
402209,274,question
446914,650,ago
1257079,24,actually
1310486,246,southern
488013,270,finish
808090,821,leave
845748,578,upon
664129,852,listen
943688,452,type
1018133,173,reality
1052934,47,early
398424,796,fact
572721,43,hospital
889273,29,you
708828,141,left
668506,711,white
570343,988,long
958832,195,often
585449,246,television
992187,68,spring
1077908,549,left
933870,561,central
677165,509,write
609448,287,eat
1100195,352,floor
923862,292,law
389302,56,attack
387398,201,billion
574186,789,author
418521,255,prepare
907821,883,any
427324,4,drive
560139,112,stage
741686,22,black
1251502,654,government
897877,399,write
468292,468,degree
1144973,169,with
788234,399,old
1303870,50,few
1203990,301,son
630369,307,land
364040,88,short
759456,398,strong
620318,100,large
1147890,556,control
361034,729,then
349079,277,century
472861,713,get
288351,366,young
1237317,546,his
844653,210,fill
565663,971,nice
1039222,712,language
475668,818,each
886683,248,structure
681126,3,create
397590,131,include
909624,186,poor
918602,900,continue
400302,758,field
1208979,473,Democrat
1155976,314,nation
368933,148,street
445549,385,Republican
669151,131,rest
1030469,957,enjoy
1095118,695,cut
795193,105,behind
517749,898,fine
555486,81,American
560346,798,material
1232551,149,reality
463822,969,they
873843,604,however
400918,872,bill
927331,239,network
1095710,732,class
745799,625,rich
310071,699,save
986188,943,that
280118,289,tree
561184,336,myself
284110,662,difficult
939108,622,case
441515,191,baby
675021,709,especially
402891,214,alone
723764,407,machine
1048391,602,people
339736,769,probably
501072,302,color
691181,45,consumer
402229,399,buy
1133733,974,quite
362463,716,red
562992,698,always
469949,85,once
316039,841,open
1282046,467,spend
638582,167,simply
283202,153,guess
1302501,439,choice
779149,877,left
1194197,18,animal
330512,952,research
397867,107,five
994492,6,Mrs
1086226,376,several
853559,880,health
949881,1,program
1141420,908,will
1262660,345,design
641710,471,today
710660,411,example
647559,837,air
1095129,417,suggest
491280,343,into
874201,624,doctor
642937,757,rate
363426,647,themselves
938486,644,director
1003834,292,standard
1235188,380,movement
1208689,933,rate
418770,383,some
532440,297,town
1261430,783,agent
402803,141,let
1126815,548,small
435014,205,stop
527060,248,never
906847,707,and
782872,69,perform
1211978,991,two
792124,285,support
1287455,860,pass
862126,860,upon
754729,368,wife
1043956,810,break
1119457,557,risk
1135391,921,behind
1215131,942,physical
623052,275,paper
1222128,678,of
1175352,845,fall
859445,364,world
1023125,230,mouth
1245640,604,once
956738,922,check
1297401,376,discussion
545008,746,energy
1133963,851,media
421792,261,world
299252,977,old
752363,378,for
393229,517,minute
1278248,626,determine
887787,914,now
697806,813,ever
844922,929,play
716638,844,put
1254266,980,three
589764,534,their
855035,255,practice
413354,330,concern
407889,170,else
877406,442,she
596557,626,research
1088968,126,know
459430,309,way
763031,800,our
811200,743,sometimes
1097576,830,dream
754155,137,police
874134,359,budget
1291433,585,probably
382149,608,fund
473544,968,best
456756,499,majority
1146488,808,other
1245651,939,let
674706,796,while
1048096,845,model
586987,706,second
355656,832,arm
627314,794,heart
438396,248,member
830060,481,ago
883667,674,ago
500960,819,community
562375,656,although
424584,324,despite
403686,860,painting
1153343,865,wear
978816,795,dog
1218555,663,ground
577462,209,may
725318,700,skill
291404,842,television
981225,631,window
1300386,628,senior
280460,112,interest
634385,323,pull
326877,460,matter
698776,550,bad
709200,121,discussion
1034896,861,note
1080616,936,new
619709,808,protect
889271,182,old
612742,262,study
1293096,586,mouth
1162990,455,hot
1200476,21,past
988010,18,he
581397,86,nature
450151,434,figure
868847,286,beyond
310498,487,site
798439,619,bill
1149610,983,gas
289673,702,bill
1009217,421,area
502036,478,air
625635,393,sister
565275,890,middle
595388,538,eight
554172,719,just
1037275,46,before
530958,869,quality
1074456,527,per
355846,507,hold
1187115,370,beautiful
976536,392,avoid
1013060,598,whatever
941858,863,teacher
729497,156,significant
1293950,956,including
476916,33,form
538659,452,change
650596,124,station
1247199,495,raise
994682,700,coach
402893,518,various
730082,630,surface
748315,374,civil
527407,307,important
326670,97,something
1298085,257,fine
1256336,137,game
909984,931,lead
993249,489,table
699217,659,social
870420,87,let
419109,689,study
559479,599,theory
1031195,21,south
922428,645,light
932151,507,region
1239193,68,full
298036,557,trial
584753,315,similar
812203,5,fine
321086,7,hundred
1082068,448,song
578402,235,general
957206,696,dream
381789,41,spring
479187,701,building
1134053,996,recently
843217,602,international
734926,666,five
807460,691,former
761753,74,individual
1082454,372,our
336505,474,we
822524,508,firm
394903,244,road
993919,766,hot
533407,972,president
575066,391,allow
309739,999,Congress
402712,874,use
666885,214,these
854288,287,tax
768286,91,six
473171,165,success
1219586,191,camera
608376,368,form
334765,391,strategy
982737,523,realize
463042,731,among
427042,320,reduce
320200,677,wrong
1004234,911,top
338437,773,father
1230951,245,score
889083,953,easy
866240,271,system
967502,18,space
1098384,39,I
941504,487,assume
711079,209,represent
1308105,913,author
1058760,237,wear
979045,801,similar
942865,815,gun
697235,681,necessary
748992,607,space
519943,535,town
283798,333,child
1117153,648,black
994782,292,us
322623,431,light
829891,282,room
1106662,87,debate
392996,824,much
1190716,579,social
1177186,547,stand
1266961,196,it
1112839,957,say
671450,216,small
845324,975,on
629016,518,significant
1065223,452,difficult
478186,227,show
645789,764,affect
1295029,799,seat
1301739,519,guess
450292,59,news
312740,727,risk
848433,241,every
688301,714,push
897737,471,analysis
762497,36,simply
919951,657,score
675866,869,imagine
712755,686,middle
737143,359,stay
888990,383,somebody
809911,180,modern
913612,29,eight
1072588,73,head
1174915,159,physical
1107294,359,or
519022,981,truth
843171,497,attorney
796335,51,financial
924352,990,end
508843,617,democratic
587147,287,body
1101329,948,physical
341167,17,time
774163,643,man
577582,720,travel
1307540,193,happen
461203,431,condition
435403,209,discuss
638134,415,whether
1047086,416,huge
1030447,125,boy
411495,229,price
466297,280,book
948113,766,side
571326,941,prove
362726,269,new
518069,437,hear
915036,165,couple
555106,306,game
712468,389,store
1304019,961,teach
783486,815,three
884547,946,analysis
1140650,761,pass
1310571,610,anything
507640,823,arrive
510769,334,serious
945231,623,yes
815346,921,individual
826250,457,star
1155973,389,art
373308,251,gun
933779,974,result
1101235,136,gun
684064,765,land
1079233,154,billion
1040584,656,through
576200,597,early
887436,467,theory
1102373,366,white
1241851,612,system
501607,238,reach
1303634,544,quality
932784,594,visit
898190,488,general
283145,170,lawyer
1245497,40,area
499362,359,resource
1064625,986,floor
322474,471,various
1111249,130,action
941648,467,world
536864,456,list
1160630,276,sign
747152,162,phone
813214,827,employee
1019964,83,want
1010926,458,eye
1119893,588,crime
664488,929,issue
433639,841,magazine
1147120,163,break
886928,175,discussion
1003664,234,same
299133,944,usually
1260071,101,outside
389113,367,memory
1251452,279,can
1189900,30,cell
342787,265,example
847461,487,move
864347,194,similar
953103,916,mean
1091701,423,human
1208745,127,space
632547,220,later
1267621,187,all
1260848,131,audience
776662,822,team
523032,866,indeed
951895,165,exist
846767,647,break
532073,150,design
549796,698,trip
584137,831,run
389826,291,decade
915286,820,language
573315,342,short
940293,863,note
421686,202,themselves
695344,670,activity
1023730,205,note
868448,189,wonder
761909,26,keep
732690,507,event
1115680,937,success
883038,631,choose
1275818,519,under
519846,657,each
376474,61,modern
482183,667,suddenly
1094758,241,statement
337484,484,power
851411,509,authority
282235,245,stay
537405,144,impact
989609,618,hold
556554,887,teacher
460107,387,remain
1188984,355,per
761078,568,structure
936903,93,control
1053708,676,statement
973802,438,interest
1094439,367,student
1305749,649,sense
917805,196,benefit
1222797,300,resource
1308011,774,laugh
1254907,130,cultural
921278,892,avoid
1141671,559,bank
901512,708,test
289791,725,performance
470710,792,order
329156,557,sell
1013038,882,build
1275832,240,significant
754630,874,recently
492825,529,theory
1004195,563,reality
1162273,501,mean
355806,5,save
325930,164,explain
591902,866,maybe
528583,343,firm
576705,48,increase
1197866,467,town
1041790,139,decide
843779,763,two
1141271,372,or
766170,620,brother
1278177,451,carry
1101207,728,ground
562595,705,foreign
541090,931,standard
423265,458,direction
915776,866,agreement
651992,601,since
1285326,784,performance
428235,471,action
591621,422,yet
879063,840,prepare
658060,366,yet
937345,290,every
787800,61,final
673293,413,hard
311211,933,allow
1075502,698,none
291744,946,arm
323122,505,fund
464786,611,four
394127,716,now
715227,287,draw
959171,323,she
534408,470,happen
682985,475,painting
1175936,519,stay
527914,713,baby
416703,210,become
539766,499,claim
312003,361,arm
491486,789,on
951395,429,seem
1302258,28,street
1075149,71,able
667625,396,budget
1053472,315,knowledge
1109167,94,western
886606,932,forget
1151454,149,none
565116,205,dog
429452,476,deal
543369,357,idea
736829,866,like
1088447,492,point
532432,261,see
405038,805,believe
1274745,555,beat
469797,789,ago
1166758,492,federal
983385,88,expect
1197363,455,always
896634,532,hand
1289762,614,month
549439,203,recently
619558,282,arrive
802793,352,idea
973788,8,toward
1241527,954,sister
815165,675,according
1174737,270,over
762600,249,recently
1200590,225,present
720322,971,increase
806366,61,arrive
804875,964,quickly
566278,672,anyone
1041505,265,make
682246,999,officer
1218671,907,ground
822545,738,member
482014,223,sell
1127595,258,research
650563,983,spend
1068757,168,beautiful
367757,252,pass
349956,917,safe
1294933,416,money
469380,193,ten
388320,206,worry
1097255,216,indeed
1091074,692,team
428711,951,condition
521704,711,seem
613553,5,really
325335,295,trade
325964,303,blue
975996,646,present
923386,468,real
492325,794,hand
428254,687,thing
993446,944,others
976214,196,sister
1032647,47,operation
714713,796,guess
409918,758,director
1062777,705,community
1291758,567,between
917675,858,great
1257622,298,choose
458344,609,gun
964554,468,idea
565424,961,follow
1138535,893,decade
1177972,311,act
708571,704,wall
1154171,384,wear
951364,544,in
1120728,699,last
772830,197,reveal
292067,45,benefit
1109896,883,friend
406692,748,agree
880069,962,call
1142032,236,customer
911781,152,suggest
1092517,573,station
465944,454,here
600572,312,behind
861027,969,just
998817,492,choice
687772,602,line
548549,703,not
1161866,292,investment
717928,722,society
994323,955,suffer
311111,948,ten
552541,926,these
1231553,196,every
726334,515,consider
1037103,768,rate
749440,168,inside
1068999,340,quality
367892,646,most
1158117,850,chair
584331,245,ago
456865,131,early
842363,943,baby
411045,582,gun
644497,844,middle
1130295,132,generation
958687,273,product
1008553,1,teach
504764,144,challenge
1011628,642,team
302754,202,child
882561,588,career
873491,15,television
477738,477,throw
369078,979,major
477786,723,policy
653524,317,only
1234396,695,change
717098,694,approach
1146363,265,who
1260172,326,along
828727,950,war
973565,86,marriage
446755,971,because
456730,371,current
592642,955,one
763795,349,project
350779,773,us
877425,298,hear
654972,789,society
565088,127,born
842974,788,far
1116188,686,arm
857633,711,support
920073,908,within
319101,106,international
625447,848,opportunity
581807,326,phone
1059780,235,your
501285,43,example
956093,880,how
898847,840,serve
976338,243,rest
420431,57,heart
1231472,572,social
1153876,663,serious
836412,216,even
477973,951,that
907676,672,eat
566521,597,enough
808669,90,matter
346611,497,now
388578,699,join
871506,118,message
811543,131,yard
811349,783,hundred
301063,581,alone
1145212,132,why
1001979,715,American
1191754,858,form
1275491,590,force
1296039,711,nature
682322,395,perhaps
1284875,977,leader
419145,412,particular
683110,45,network
388505,189,then
1201275,566,media
441844,483,walk
1160196,52,special
391640,446,sort
1113081,3,minute
910608,294,professional
532964,649,but
311856,150,itself
358070,987,matter
1204876,895,capital
910542,115,whom
348920,549,anything
1082265,488,soldier
493074,527,structure
1109186,349,chair
366671,85,direction
1135952,296,through
427366,742,could
1108512,596,wish
1193270,999,several
1179848,82,material
651754,936,somebody
1258226,580,weight
735259,24,also
892522,694,consumer
290864,157,effort
1068784,6,section
508868,201,throw
927932,884,single
1028682,878,economy
1258097,490,stock
283102,887,wear
527527,924,partner
693512,820,raise
950637,624,off
1080383,889,learn
820959,872,while
819452,119,beautiful
671627,503,lose
364501,773,develop
1207929,569,look
1221013,185,style
1038202,77,I
447201,633,wear
561060,113,reason
804267,182,account
1171951,4,use
1073619,780,discover
884093,734,public
1036246,958,with
1133600,747,staff
534683,469,Mrs
382153,571,analysis
890645,782,career
646287,992,kitchen
1237294,788,each
836548,692,own
1199839,918,prove
780203,394,picture
708181,583,example
1008015,6,few
941400,540,window
1260657,882,it
1115032,935,cultural
650282,209,industry
1158000,775,reflect
551190,146,read
1167558,182,black
341520,950,face
1297238,687,front
690861,121,base
373713,835,fear
584378,385,explain
654672,268,interest
886561,371,education
973907,669,compare
385265,24,administration
731743,95,position
825162,455,particularly
309621,274,fill
672181,81,mission
755079,766,democratic
827152,930,impact
562490,228,protect
1308079,891,now
529722,649,young
1116834,774,turn
317966,564,east
356099,106,instead
669989,983,future
586572,427,draw
351117,983,skill
902466,811,into
558909,928,without
932663,635,weight
837268,465,capital
1181591,355,his
1106837,103,forget
416945,769,sing
329510,983,score
832758,813,hope
482422,91,painting
795875,209,those
421996,787,dark
1218235,617,protect
766747,929,entire
993906,437,whose
972830,352,offer
388782,308,industry
382550,306,two
393225,99,reveal
991975,5,my
497062,940,effect
669923,744,author
760462,346,sport
994303,430,him
711142,333,trade
739543,523,stand
970247,410,receive
1158177,638,billion
802278,104,international
931524,189,bag
992022,354,test
1147073,916,opportunity
1206742,779,star
1079319,23,three
475622,286,try
446083,904,upon
1054224,610,since
584103,128,training
668188,59,enough
1071235,28,south
493113,93,probably
1148171,857,dream
433117,906,usually
583215,616,nor
1241591,913,ground
450316,808,something
377307,15,away
526061,720,PM
871756,853,especially
447134,389,after
1178425,710,doctor
1018783,411,weight
1121462,387,recently
1275596,933,right
367933,24,increase
436021,976,affect
929991,933,question
601630,93,mission
377454,706,everyone
1158510,68,than
370918,808,reach
923620,333,drop
1012320,687,talk
754443,654,specific
397239,467,what
533640,957,resource
796352,421,risk
1282299,981,fear
939884,610,represent
1050449,118,safe
1188899,585,morning
307267,938,audience
617748,442,single
412213,829,food
907814,553,experience
671806,533,agency
912572,472,father
1032493,948,they
892049,788,whose
1033031,678,whose
896612,463,office
482933,868,staff
279422,819,control
1138752,196,box
956692,724,suffer
721060,157,plant
630254,458,attention
1006886,475,else
348056,306,whatever
494259,870,south
435176,651,traditional
1102240,842,parent
635864,29,thing
844598,849,career
803247,523,can
474222,213,southern
849206,623,increase
667513,718,wife
467360,659,tree
1000696,905,color
1257112,283,somebody
1139190,308,official
715294,407,family
661538,399,effort
635879,92,significant
575540,305,operation
533373,483,hope
435179,637,much
340147,627,old
417364,848,game
1167213,995,to
470347,40,leader
848118,790,line
479068,982,professor
332378,970,region
1282150,999,mean
1122898,16,pressure
602478,554,save
1152707,214,operation
828403,364,people
683729,534,teacher
1166134,374,deal
398347,437,take
867358,681,least
815696,249,morning
652600,725,thus
1028195,142,experience
584685,671,hear
281971,224,forget
944018,795,radio
738478,449,skill
304374,654,within
1140165,945,rock
438972,267,prepare
966409,757,daughter
751298,373,relate
955982,52,near
1247261,984,phone
1018422,551,impact
681993,734,share
464275,504,message
768852,215,tend
635039,318,audience
553996,290,we
701441,737,sea
1241079,700,item
721893,905,late
1277491,645,tonight
724903,490,enter
1038484,161,yeah
1223372,558,high
1211965,476,pay
717816,610,event
757760,983,last
451907,571,data
364904,653,those
1243952,975,effort
787988,380,rest
791354,556,world
1193236,709,south
1288010,632,general
439370,56,small
368966,527,organization
749794,143,man
761368,886,join
859426,953,record
982131,616,entire
306031,758,happen
1120576,35,budget
669801,362,glass
279952,964,car
908413,534,whole
600774,706,consider
1011226,813,pull
792805,936,just
889777,514,lay
1288383,452,budget
724237,731,view
502540,322,check
630082,835,usually
1069404,191,our
1186698,106,coach
597974,522,center
289688,296,save
1140154,400,still
291003,62,agent
448996,809,back
519080,123,own
818744,54,well
1139972,198,win
404315,136,blue
580300,694,order
645789,49,minute
532648,605,those
1219288,265,strong
1000939,557,pull
1163647,86,son
761577,920,participant
997336,842,under
896252,492,left
1230806,900,image
320581,746,a
1240884,337,agreement
1008405,258,write
1022070,456,sure
358877,362,far
293698,387,central
596707,296,national
335587,206,establish
1131217,208,evening
1284639,198,best
632191,842,four
557069,378,civil
681655,246,beat
1068536,429,eat
1291401,463,any
1277400,381,according
754460,783,day
1260859,316,question
993545,427,when
921152,841,sit
1226244,621,often
929110,52,parent
1191295,112,land
1199433,842,floor
485341,543,so
1085074,66,could
919998,724,certain
737687,339,consider
1299587,600,present
979932,218,whom
582783,729,discussion
508648,262,pretty
1062808,650,ok
755199,87,believe
992840,827,traditional
378185,588,allow
461226,333,thousand
980366,600,better
771184,242,if
864469,212,whom
425713,413,bed
860443,707,speech
394321,547,executive
519295,290,travel
952181,998,get
402450,344,drug
1107486,37,couple
1141966,550,paper
989880,705,east
283081,497,window
806421,313,around
1230715,925,wall
1171776,302,worry
438922,140,really
994488,402,even
658043,106,easy
293081,675,least
1007696,936,trial
457419,490,but
817742,45,section
692504,360,half
715264,603,final
322374,691,either
783609,701,week
692192,900,language
1284273,307,collection
364013,194,voice
579528,357,pay
313338,956,employee
288749,741,they
641123,114,catch
535911,299,action
903267,416,line
975725,383,environmental
1225930,678,manager
720011,608,while
1219167,164,area
762248,712,score
401218,726,majority
404777,915,total
604510,505,million
820387,29,hard
1305222,973,history
1046149,562,safe
851913,998,house
604592,655,last
1161342,64,attack
1021557,946,upon
570439,508,away
541018,629,machine
796973,531,simple
735062,102,individual
1267063,413,security
886127,91,it
1042370,949,great
1092930,813,someone
1132208,800,activity
618156,262,have
342696,635,hope
1122342,17,financial
324075,447,family
1119918,303,impact
817461,539,new
639719,785,base
1108931,117,room
874359,18,summer
582330,230,suggest
510972,728,factor
1070012,219,when
1249780,218,picture
1088014,856,think
849242,769,million
1053459,714,be
1045239,120,hit
794990,944,reflect
784545,516,doctor
1184157,530,difference
295973,452,American
642148,831,worker
1114794,822,raise
1094588,783,approach
670422,852,spring
1040581,878,operation
1198107,290,child
753885,191,voice
1233358,886,term
978160,281,address
676167,533,will
934298,966,job
913093,65,system
703129,681,southern
781925,897,effort
1005100,462,particular
473197,637,bag
1254758,257,information
495514,299,western
1239240,558,rest
915705,527,least
1006775,685,tree
1197770,449,city
1308589,483,offer
1010297,10,tend
783686,241,field
1027561,606,organization
312183,118,southern
818261,461,most
509258,896,performance
502036,911,early
632069,151,send
646348,67,tax
966515,584,serious
1015313,908,simple
1052494,585,represent
601576,825,style
818276,574,hand
1149855,344,memory
534087,360,be
932529,533,always
1096675,650,last
956838,92,six
1074110,676,social
1102402,640,form
1251173,635,still
672791,348,inside
1012514,126,car
395928,807,face
1058816,393,should
430220,414,new
1233306,397,pull
536691,412,hour
572878,892,again
544578,933,continue
471011,829,watch
1268267,778,remain
1017288,899,work
416964,576,decision
964864,697,turn
627896,926,pass
659137,836,with
1126031,322,you
1296385,586,almost
807425,777,able
534126,497,sound
857112,991,bed
328326,215,political
904472,755,such
1300953,994,safe
362380,746,number
910149,928,building
515087,368,cause
319287,380,only
1245353,796,exist
1119411,623,account
430822,432,author
862775,517,kind
371890,276,doctor
493050,253,success
969373,70,mean
937910,392,than
660634,726,lay
401535,280,station
541909,342,life
942748,964,increase
448004,665,including
1096054,481,now
942002,746,of
956113,625,address
359586,318,their
843529,743,theory
1118147,95,my
601015,747,friend
1102165,986,home
601787,505,either
685804,271,send
885584,492,agency
1080926,886,human
1298536,330,development
1297838,601,dream
517519,491,sense
471682,263,probably
422289,122,a
1259354,507,a
280105,200,up
1286428,318,shake
333681,385,threat
480742,15,adult
683394,902,result
977270,734,cold
1256829,165,understand
488628,667,decide
1190944,88,lead
427711,83,head
1305392,880,behind
830086,155,realize
1308023,387,ball
883378,582,house
670202,209,base
515585,780,order
284566,705,can
996471,996,book
289025,275,model
1225093,943,affect
622653,238,partner
675643,651,between
1186076,843,eat
1252944,585,weight
434299,888,health
1243648,471,several
791707,815,cost
389519,284,respond
613960,994,magazine
979645,917,sit
599679,443,painting
624371,726,think
1111309,578,dark
680293,472,author
393368,967,let
1016510,620,teach
1201753,459,her
758465,661,attack
990907,196,enter
1234965,647,expect
808755,291,month
1080707,967,course
493482,894,result
735549,830,total
866724,276,cold
959686,79,early
713110,28,sure
788429,504,system
904845,692,gas
379854,185,measure
830499,866,travel
1040005,913,common
458095,660,look
716125,423,house
390316,753,population
1239077,55,argue
1033867,676,attack
312630,702,organization
866687,869,together
967602,704,glass
767890,758,suggest
1144981,259,weight
1283892,840,popular
480619,132,identify
437824,807,service
1075553,596,side
589443,258,authority
463639,675,nice
915682,816,suggest
316480,934,happy
328703,98,prove
325748,135,behind
303820,778,option
443331,714,particular
641881,939,always
921708,256,likely
337030,569,through
1037063,266,rule
525697,620,risk
345732,268,PM
573853,895,want
840677,983,hour
388846,620,low
1303210,634,good
356079,788,oil
1255822,479,chance
1151078,643,order
1106703,543,expect
1170329,67,if
815106,599,another
979333,502,term
1159748,824,brother
945428,498,capital
556814,857,paper
703338,848,power
919238,46,age
534858,662,expect
819607,835,method
565218,195,indicate
658966,338,model
1228776,494,drug
1092379,747,agency
1248302,496,until
428460,989,speech
1161381,542,particularly
359837,637,together
806066,864,imagine
1070692,230,significant
386802,233,generation
864067,222,center
1159040,124,partner
779336,522,fight
761348,784,line
477084,26,nor
992977,378,executive
532357,80,realize
513610,141,position
816267,58,day
519582,791,south
1109005,360,nature
997584,638,medical
317188,441,good
1244273,678,become
611822,646,about
872232,653,ball
1009999,919,ten
938010,103,hour
603511,922,color
1063419,482,discussion
1312184,511,job
1125297,595,whatever
1003903,209,chance
963306,101,father
914517,337,threat
980934,657,admit
521030,570,kitchen
1093691,192,young
733667,44,month
414162,898,range
483715,561,answer
820567,31,simple
426458,191,let
317888,209,wide
707438,238,real
1303193,76,great
430087,377,tax
1123981,69,next
1287825,676,purpose
1198658,669,skill
936995,716,member
845464,607,on
568466,528,no
1202475,640,Democrat
755951,573,article
783105,492,pretty
282003,832,case
696336,493,not
531549,411,audience
1205287,712,cost
1085408,976,need
884228,752,himself
1051138,221,economy
346458,729,indeed
1021207,197,create
928210,648,view
1016008,703,check
739421,391,collection
838717,151,morning
908509,261,employee
1052724,620,unit
414218,673,democratic
378623,562,available
1024394,148,own
667970,45,now
550562,476,sport
1261834,329,nor
885688,579,economy
1309121,260,contain
795039,870,section
425777,432,person
574073,457,real
330622,825,different
484315,860,fly
1261793,795,behavior
955983,767,drop
914028,984,boy
1124712,289,audience
884025,169,data
1274580,920,too
882451,3,employee
786184,760,collection
932625,515,what
1154407,569,his
1125461,777,accept
1170300,922,film
1171853,315,team
1267640,909,recently
720835,286,myself
1045761,867,art
665019,321,wall
436685,307,far
818782,928,majority
1290128,306,perform
559539,215,yes
606676,34,space
515119,989,three
525026,57,require
588419,321,knowledge
1216102,333,piece
785765,128,other
943865,417,human
320057,98,course
472016,248,center
880986,652,but
952214,499,action
899198,78,response
371321,544,bad
612099,413,nor
1089618,827,not
426716,460,mother
752429,781,clearly
944461,689,quite
471410,495,activity
1021649,590,today
423456,373,book
853880,663,movie
582771,434,fall
457463,558,difficult
1068025,33,amount
805871,723,sense
446622,514,upon
905618,113,smile
855432,507,wait
788116,25,statement
621657,942,laugh
1257727,339,wife
793038,954,yard
635480,896,each
543365,144,price
484977,917,purpose
631462,738,score
1141942,709,beat
1162879,71,network
481238,348,around
623793,588,shake
341298,582,ball
1228370,430,charge
1179778,779,pull
1123755,165,argue
1313222,150,big
676445,498,card
1099219,110,police
846090,30,local
745053,322,since
1189608,19,mother
1111633,469,project
621930,476,new
953765,251,case
1303401,176,describe
435888,368,fill
1104166,743,significant
1120578,322,factor
1214813,416,sister
518224,318,manage
544592,44,knowledge
1313830,539,until
971651,354,pattern
593277,657,way
1236322,74,though
811944,108,treatment
698374,980,for
1006317,614,should
1141085,748,nature
403359,222,inside
315032,848,floor
516531,712,myself
1229490,585,still
1285461,825,phone
806896,711,indicate
1187835,14,collection
569016,900,set
1118790,312,event
295501,996,might
1035537,161,according
785070,799,bit
617502,387,large
680027,246,pay
648781,889,five
368750,59,but
1246518,65,everything
516835,290,catch
425625,147,next
1143458,243,doctor
1026897,621,all
522234,733,article
379540,650,skill
1016651,312,agree
595669,584,instead
809754,975,short
287884,165,minute
1201985,465,issue
291117,849,too
444287,265,trip
747360,594,ball
460078,935,nothing
724612,175,exactly
867484,63,national
304135,889,debate
675881,785,natural
1068834,271,computer
536277,248,end
545452,547,threat
1160758,664,represent
795719,661,during
298596,521,wear
845751,309,turn
1245481,111,town
375432,136,perhaps
916027,915,above
1203909,96,grow
1297165,114,marriage
371716,895,message
403252,89,where
1235115,752,property
389807,917,generation
943140,596,hand
944793,770,will
1007968,121,something
739384,913,cultural
796939,924,almost
901580,661,without
369610,701,cold
602131,929,remain
293478,912,industry
961624,378,else
513279,752,remain
376526,841,food
1032947,413,baby
1000834,734,us
396633,235,rest
1273819,830,ability
679874,446,very
825137,762,official
543794,196,kind
639429,799,edge
975606,809,page
307618,305,affect
582748,608,affect
544995,299,each
356574,926,newspaper
839155,247,financial
400154,875,by
1270553,678,lot
992654,822,people
1238112,713,follow
1258833,33,student
1101489,580,approach
482202,123,later
689481,858,rule
863618,533,somebody
648303,207,we
635698,87,company
588088,97,agency
535594,862,blue
305675,233,thus
1206371,297,outside
1210903,904,over
695526,681,analysis
968839,25,instead
426923,718,likely
604877,678,agree
359976,713,image
352220,970,part
496082,657,far
1060372,888,want
413918,802,give
526483,923,tend
1159159,789,court
401550,490,both
596807,696,rock
987607,167,same
1178439,350,natural
412686,91,key
487908,795,imagine
544574,999,member
396714,314,skill
1051491,980,language
956282,61,job
1140246,373,them
360058,35,affect
616101,84,above
538896,605,high
815767,885,military
801897,987,suggest
711475,704,career
382175,264,possible
548895,229,physical
692107,115,challenge
1036951,719,miss
725492,920,car
1134615,989,light
550426,331,lot
599138,237,major
390609,921,yes
824635,125,season
1166199,48,modern
335407,598,great
1201476,151,behavior
1250099,970,sell
484158,295,firm
342450,144,lawyer
725640,221,matter
793609,482,former
883772,658,address
725315,477,body
356783,706,throughout
1013823,613,become
1221769,781,American
798667,64,key
987110,361,religious
385932,31,recently
809394,190,their
552379,515,protect
846248,497,although
722395,889,their
692729,879,order
1172165,285,consumer
715226,188,teach
394385,509,lawyer
503992,138,indeed
1233271,730,now
602746,451,management
674558,980,successful
460092,198,arrive
567553,199,build
317929,536,bit
917504,635,impact
395028,565,affect
578760,648,lose
294357,837,head
494731,720,develop
342377,231,talk
935855,178,second
1142199,827,middle
782811,514,matter
1159766,146,right
873502,514,common
863947,122,just
495339,183,nice
1116467,229,middle
363544,905,west
1012859,785,environment
333000,131,every
1222578,565,lose
1123238,351,and
913799,727,trade
1178395,570,can
977414,220,full
1189653,921,play
1226104,967,only
736835,935,develop
878521,663,economic
985813,735,part
1235016,866,tax
1295315,70,interest
990446,349,growth
512565,119,decide
1015154,689,lay
566489,476,center
300398,180,art
979890,639,these
504521,647,standard
876241,513,sort
778379,264,collection
491742,567,cut
1074918,820,pay
868802,636,born
598804,485,improve
552305,30,role
1009914,508,support
725556,127,local
803837,562,help
691047,529,religious
894235,463,general
346008,664,amount
757863,957,several
838460,567,discussion
1171893,68,down
751060,769,between
812089,59,gas
306828,995,more
405533,214,still
1239330,737,often
295649,782,gas
1288578,557,discover
707609,823,but
561436,365,international
1220357,551,public
556758,367,in
345775,78,care
759053,472,first
915514,79,entire
313678,850,reason
1173995,115,tell
855878,713,lay
468607,992,traditional
968162,693,participant
739931,740,tell
408650,981,seat
294018,611,actually
1285861,902,firm
346835,274,big
811751,559,day
285642,219,population
322245,961,decide
1048932,885,own
418339,854,wide
984354,65,language
1040411,826,worker
505274,855,receive
729581,145,around
565002,934,author
702877,224,buy
507701,974,buy
1259276,142,almost
599312,793,minute
465626,821,school
926646,149,you
453202,123,build
1158105,274,include
1138529,753,south
639509,423,project
1275372,579,coach
429552,302,own
914804,645,scene
822664,631,action
476886,628,ok
320872,522,here
962562,396,benefit
1231316,101,reveal
335970,879,economy
967231,307,stage
1049709,950,itself
910795,973,social
1133939,844,artist
461293,532,week
1255803,535,early
1041941,660,smile
444156,418,near
858473,335,him
1248752,135,manage
1046501,992,again
408111,219,stay
478607,536,factor
885012,631,number
373542,689,seven
772848,749,race
875860,810,home
323352,579,author
829307,831,well
485740,738,north
1266900,411,how
638231,31,night
373417,414,each
396955,235,between
1019549,511,small
862369,112,material
453495,149,future
1268149,846,executive
651051,210,note
1000510,891,officer
971991,938,available
348794,977,forget
1234955,427,source
718709,88,adult
321976,35,last
681475,669,nature
448174,46,street
480868,574,source
762122,218,detail
741971,518,section
819616,947,group
1094104,463,property
1235807,570,another
678927,587,bit
1064928,196,spring
813184,14,often
1305494,429,support
455194,546,really
1092235,332,reason
718539,25,order
696324,319,us
469476,508,could
1003353,12,part
925866,873,report
409765,735,traditional
1228996,72,crime
1209637,957,speech
882583,221,four
1219696,327,wide
724476,944,front
919481,468,culture
463600,869,upon
832346,564,once
966844,315,newspaper
974384,220,indeed
984922,843,situation
388381,192,different
1104014,60,special
1297553,451,fall
711069,419,near
951718,334,like
862422,3,never
392383,752,modern
353848,985,century
814343,817,event
775144,628,type
970226,83,look
926158,123,treatment
519977,675,society
375281,568,brother
653095,648,we
1098228,778,cup
649424,213,lose
457144,13,side
843895,635,deep
684732,119,side
615978,183,mention
379451,552,wait
983457,954,trial
1151571,368,similar
693631,589,admit
1175022,848,focus
1305160,167,respond
995322,989,popular
1230563,303,since
809343,956,also
480597,154,boy
413091,800,quickly
398498,158,member
625350,210,performance
451355,758,card
822893,156,worker
607995,256,law
489995,878,beat
669923,423,window
614609,280,road
704739,565,her
1298627,688,leg
1194675,801,season
1205407,349,brother
1132683,137,miss
1301337,306,road
444718,779,begin
1127164,89,ground
469758,502,agency
453342,132,actually
1131614,909,budget
761278,383,loss
738062,896,either
1113232,416,speech
1195538,620,son
593628,686,rest
1218719,785,statement
1262277,176,animal
327896,973,contain
388727,542,Mr
296093,887,half
319509,566,author
515217,602,without
1079520,870,discover
583385,974,decide
1069470,907,can
1263141,672,my
769366,801,professional
583509,494,statement
1199874,463,safe
1262480,479,suffer
405840,106,window
1192849,697,too
1304250,102,official
399506,13,energy
676231,731,public
571443,861,manager
1050532,112,send
1284540,279,employee
605480,321,rule
531862,212,indicate
579029,552,goal
770876,346,goal
1310027,129,decade
284072,373,near
1013719,822,air
392024,20,somebody
1196957,834,effort
892765,400,make
1084080,301,head
713832,458,candidate
1297416,872,situation
825482,17,control
588569,230,power
640583,690,wind
1029468,551,need
509792,602,whether
997341,740,put
1141169,151,name
371171,785,military
1117672,573,station
361898,205,firm
640449,519,know
433189,148,small
1141444,689,ten
332823,339,treat
525727,849,company
349227,541,group
382979,517,sea
752845,225,despite
885084,649,able
1015940,767,character
419121,366,president
1041314,662,attack
686023,955,approach
1196956,793,artist
891821,58,past
909212,604,movie
1212808,377,senior
404378,132,tell
970552,138,military
1136973,6,record
557061,360,difficult
1076182,896,such
1109898,2,probably
1091406,8,small
944431,467,away
1090331,93,onto
1164120,279,condition
1053702,482,feel
291363,502,race
1169661,205,scientist
1157957,650,section
430497,434,child
1121034,21,between
1161837,109,southern
612671,373,listen
1068862,393,bit
1270564,595,what
891785,260,imagine
332328,234,worry
364640,434,test
1130116,947,himself
416319,451,see
539305,895,local
713726,773,she
823400,445,story
875885,404,miss
379730,106,environmental
403282,858,success
356357,557,within
697234,374,figure
793565,495,similar
976320,508,wide
734327,956,reason
667354,782,between
599452,458,treat
414272,655,hot
585199,881,develop
1172696,677,action
1308000,326,whatever
557624,999,less
1015608,886,ball
860352,598,along
514710,11,true
621960,452,summer
1038516,430,explain
335292,545,hear
517868,875,site
358433,259,brother
941785,490,per
755274,788,have
926618,596,leave
374052,891,assume
989134,577,wonder
412796,760,team
803943,797,specific
596637,283,child
932397,920,everybody
562392,24,leave
622773,380,suggest
1014035,867,pull
1188648,404,develop
816265,396,whom
1113953,938,site
1251034,123,condition
843605,626,season
914559,898,claim
372202,470,attention
391575,824,order
349748,664,rock
499186,899,one
934581,802,edge
927828,771,ahead
485923,136,from
1289899,24,social
972428,362,certain
793780,650,themselves
1025072,922,reach
652698,976,discover
749545,462,why
826015,57,military
916042,451,for
1094121,866,dream
1017142,325,box
1029917,56,series
1042931,892,oil
1215980,413,available
506207,7,know
945515,142,local
794628,702,hundred
888031,675,lot
512695,692,behind
787050,473,around
550979,541,professional
555953,3,score
438873,845,ready
560782,527,source
466923,121,Republican
1172753,362,create
834944,621,sit
858147,469,sign
846850,94,industry
412766,610,beat
301990,697,table
968787,948,accept
362085,273,official
632412,598,eight
1161463,225,challenge
887721,805,daughter
373697,153,on
423953,445,mind
903759,756,either
281692,228,exist
381492,501,market
464299,650,receive
926057,86,alone
381345,95,tree
285232,102,establish
1069874,325,she
711791,505,issue
502830,215,rather
790260,283,when
609079,803,stand
844566,940,kitchen
674908,792,forward
1275828,547,leave
439417,231,energy
1152646,622,begin
312728,818,born
916114,445,red
472601,403,meeting
442952,96,second
1080661,657,part
636870,647,before
1032615,107,property
654614,803,money
307143,374,sea
524825,627,of
744679,338,success
1033273,27,structure
660061,189,such
510370,751,product
1228841,727,why
718985,861,however
1130748,791,process
546356,644,time
988894,453,over
1286246,400,break
1112221,447,old
495491,887,expect
560211,122,political
816626,332,prevent
1250020,830,low
972461,622,day
621779,638,local
471936,614,space
1167257,481,top
1054366,831,common
1221636,762,direction
818193,468,card
741194,429,memory
616717,466,along
287788,883,military
1060538,461,list
558232,116,lay
423529,576,blood
869732,805,act
759046,159,receive
481005,814,hair
914903,584,second
1141257,100,our
696945,976,score
1069025,131,free
1039828,144,she
328765,84,growth
322904,730,apply
462567,935,fish
891871,54,student
347429,754,morning
349274,347,best
758766,772,lot
486842,171,likely
437695,348,quite
375637,284,film
752656,136,same
1055489,649,message
930584,374,worry
1184267,614,together
1168481,80,standard
432367,686,unit
1120313,452,look
732754,348,take
761089,489,member
317251,577,speech
757260,346,nothing
1049607,305,song
279402,551,recent
753197,834,when
1172774,663,little
1193704,972,human
981124,654,others
980169,912,study
1154166,716,right
541516,848,lead
1252025,498,discover
1242260,413,institution
331743,36,experience
355494,805,college
900397,321,answer
1158548,934,improve
281684,61,wind
314150,220,remain
1270879,146,land
1306556,115,wear
842867,545,enter
1070133,905,mission
1086637,230,technology
740220,490,include
988528,71,sense
1059164,10,such
746665,764,apply
853982,153,image
1207898,302,attention
1139918,684,short
994075,88,woman
837506,923,friend
556628,991,work
437725,255,important
552406,983,work
1165559,536,style
1005559,248,doctor
1224121,34,born
459918,175,speech
386575,793,say
1042424,546,we
788509,446,seven
1154259,764,finally
731469,856,control
475781,747,everyone
1218674,671,middle
1253174,87,international
333764,994,change
348956,149,different
332083,284,environmental
548201,202,either
1270257,139,single
838499,86,available
457884,37,suddenly
1275989,690,senior
1309677,118,natural
803093,283,reason
590976,834,suddenly
872562,46,key
616706,472,simple
435641,877,movement
791976,834,next
490189,976,commercial
650007,187,crime
992030,624,argue
397558,755,discover
312133,949,activity
855361,177,or
363965,167,family
581498,34,wife
815219,737,which
682569,315,wind
542648,593,page
1040993,613,model
875796,788,those
495702,284,husband
876337,571,world
1196192,400,nature
416536,541,do
1043300,515,alone
1076302,281,by
1019022,417,kid
965756,851,feel
1146894,175,knowledge
710874,383,feel
921101,944,result
900708,267,visit
869258,6,level
939523,71,eat
1166620,377,cup
728874,180,word
1192339,89,carry
1125917,139,out
308919,839,commercial
967084,921,radio
1302290,818,manage
554820,279,along
1176691,304,color
915244,638,begin
774551,683,certainly
466831,341,media
336675,996,western
743997,611,something
713166,505,admit
602041,597,top
380283,238,piece
1096204,114,around
453607,766,pull
679905,393,process
487754,831,radio
625305,915,memory
488069,650,contain
683636,591,general
649300,826,baby
583947,965,site
1001689,271,increase
1088372,443,west
460683,834,will
555164,828,break
1211673,749,set
1142439,650,economic
1154604,902,about
1201952,265,piece
1137629,674,system
597299,11,similar
1105404,238,nothing
967060,763,worry
301146,197,move
1094622,840,though
382833,922,power
702841,150,leg
903264,967,candidate
544049,788,blood
1162551,578,structure
1279373,476,fund
919877,123,difference
298148,764,whether
714145,90,station
529551,351,state
1096240,806,yourself
1155498,170,take
369888,907,little
733901,828,young
992652,298,firm
690257,708,situation
662748,54,early
363456,446,reflect
946555,294,wall
1089719,107,child
1283002,389,thing
651356,54,yourself
941479,485,how
673475,708,glass
609573,125,experience
351361,214,money
1299131,351,actually
1106749,188,history
556572,861,treatment
1137855,897,break
1141166,354,friend
1195536,451,onto
422403,349,tend
1287940,211,station
1221220,457,stop
852934,196,her
895747,849,personal
982768,679,hold
1121984,53,nation
436715,153,parent
1304756,847,account
767468,779,data
1117305,508,strategy
554978,368,inside
1237210,49,no
791928,453,success
1269732,938,sing
1193535,274,difference
667584,228,senior
1099761,79,charge
690685,743,girl
326423,281,decade
678124,747,over
296604,244,father
1204155,587,time
1228811,431,theory
1224756,514,total
1041425,290,fear
504271,233,cover
1106694,548,population
1055238,100,action
974418,978,military
713749,174,expert
676984,654,decide
896497,562,sit
938681,908,project
978270,777,often
1020351,144,blue
547133,677,call
666826,898,scene
583736,101,term
456674,313,morning
396374,767,realize
1062986,691,society
630399,147,result
889698,64,plan
892545,307,ok
946737,214,sometimes
793949,121,between
1042107,428,how
720989,600,cut
549156,412,board
1311338,217,nice
483552,191,five
356900,159,call
405583,864,provide
279434,305,represent
882249,26,able
661937,792,fine
827829,180,each
307321,603,something
859658,652,administration
768889,851,fill
711723,983,much
871260,417,personal
1210694,632,strategy
480362,240,support
1290505,242,ground
786169,454,wind
630658,270,everybody
1220440,631,lose
921812,201,yourself
1232024,824,evening
980721,763,I
837265,852,cause
519020,883,fire
435731,866,determine
348160,31,network
443771,173,imagine
1314170,878,change
917561,890,base
1287005,128,tree
1031485,496,send
954155,73,trade
1114646,765,sing
809047,276,hit
1273280,176,yeah
568958,426,former
1031600,519,conference
1247319,789,her
762481,796,interest
368101,269,research
1285789,111,investment
1145109,1,suggest
1137684,669,whether
933896,823,me
735533,784,there
1302315,20,nearly
454427,89,what
1309129,600,something
1298281,739,create
1315486,411,detail
943330,399,stage
404753,99,themselves
453381,79,sister
895626,835,evening
364758,852,cause
506693,51,system
456571,159,five
636652,277,form
306989,700,wait
727006,147,contain
878061,726,wide
1253371,658,they
1039850,939,free
1248700,676,official
642493,847,when
651412,507,poor
575264,525,thing
949889,960,add
928736,649,else
979072,862,care
659681,334,experience
813578,319,child
574921,422,us
1202955,871,Democrat
1148534,108,to
1205529,425,property
520094,508,character
958283,353,hot
437263,266,ok
809353,768,something
447002,285,response
807241,182,stop
448307,88,service
649364,647,attorney
719466,956,success
906062,826,ask
1140093,648,air
1216808,788,way
902072,279,choice
949205,491,study
1310274,676,stock
823727,899,early
1227789,852,across
751255,141,trouble
859391,472,me
770912,984,yet
1117569,771,impact
898783,130,then
844364,29,especially
1061159,897,public
934239,42,line
1313561,512,significant
1142447,202,arrive
827754,482,economy
733142,910,the
1230611,638,anything
903733,538,really
574473,477,reveal
1064153,8,sense
290517,66,result
281010,858,a
971497,35,study
1222390,677,agreement
381362,797,find
648292,22,feel
676056,217,people
291260,836,stop
427608,806,common
567548,294,form
1253244,728,board
1299734,752,magazine
300115,913,management
1031467,352,every
956140,152,Mrs
745430,443,her
799819,609,the
940988,340,suffer
1189738,220,thought
736374,64,out
984960,458,civil
1122803,571,see
769682,893,professional
1036832,5,like
500478,358,far
587835,910,option
281076,811,page
1019798,559,make
466988,508,imagine
310681,729,themselves
814992,293,member
576155,262,my
487427,955,foot
697765,825,have
1289913,274,again
499286,184,southern
680747,92,prepare
1143604,683,town
1268350,213,financial
283319,563,risk
1057275,424,cost
894607,377,worry
1255012,815,do
865334,212,every
692430,2,appear
443070,706,pressure
350772,69,she
1242539,66,occur
566374,49,activity
897866,588,reach
841486,515,trouble
993572,906,subject
1246650,946,between
463023,206,order
874366,341,everyone
1194716,680,always
1305420,118,around
768589,732,I
1281681,650,wish
1135470,970,lose
308434,520,close
764880,807,deep
1252983,548,win
1021055,859,process
825676,440,audience
430610,866,remain
744517,927,sure
1046312,254,leader
1015563,681,walk
741611,198,know
857170,162,start
453874,173,challenge
614338,390,training
479530,691,pass
740935,983,control
416045,570,note
535248,196,seem
476342,130,Mrs
725010,833,glass
778307,682,follow
679484,293,oil
1122338,31,environmental
1026916,26,some
926526,268,pass
909223,611,lot
313972,391,cell
1172775,345,camera
1144423,567,official
581763,329,director
818755,565,memory
1280681,739,trip
461747,878,road
291524,999,so
385845,309,political
1296483,315,than
648648,698,people
395467,28,make
314542,674,hit
308669,717,international
406116,236,what
698534,898,part
1252692,61,assume
516563,751,her
401724,263,almost
311661,863,PM
1121888,79,me
908768,844,practice
820548,683,boy
688967,321,probably
1203978,708,book
479436,787,information
289732,972,focus
952351,101,and
705698,80,everything
426283,907,bag
387102,616,our
1145445,235,every
1297593,480,enter
780262,768,free
454626,627,reflect
341585,888,point
334006,734,standard
412867,327,enter
498733,940,suddenly
1123724,22,standard
1172100,373,central
1119587,935,reason
820611,742,cell
1143198,139,far
1131422,206,order
621837,924,space
1140842,603,indicate
623809,257,professor
837702,555,sister
1119581,350,fly
663243,760,tell
575268,678,nothing
519287,732,simple
298133,682,simple
979567,115,lead
333546,883,truth
380656,361,break
362281,711,trial
1061957,851,car
791095,877,dream
946615,26,heart
424384,96,meet
784673,631,hair
755887,219,feeling
1309806,273,ever
360088,942,who
996369,299,pull
583199,230,none
606493,676,who
427752,949,despite
1296276,46,present
1041865,929,including
931431,898,clear
730092,100,late
635757,733,actually
1026380,108,peace
914505,344,likely
629794,238,car
656132,411,TV
675237,207,kid
653425,557,this
719975,313,return
1205107,569,rise
596284,709,foreign
844030,630,record
1016754,964,green
973188,169,by
1177641,65,economic
367407,928,audience
305204,808,class
316774,498,eye
1034181,169,senior
380956,652,seek
1231543,552,bad
740618,321,else
902389,131,sort
533118,651,process
533979,599,term
751068,982,instead
375046,125,put
1240992,369,lot
821895,699,worker
337362,296,decide
1144541,905,have
950765,489,field
1287979,827,between
645267,721,machine
1011627,674,room
921964,815,myself
535694,305,price
973739,976,new
374444,738,couple
334640,596,own
727522,924,minute
759428,570,entire
650497,923,major
361870,871,along
630708,21,run
608548,188,plant
1210047,967,question
722558,69,ever
1031026,695,with
1250175,461,information
908286,829,together
560106,622,TV
1131195,939,evening
1135746,799,popular
490464,318,final
477114,920,policy
641290,78,specific
479534,50,actually
644427,858,key
718369,703,front
792614,302,medical
598834,654,senior
926378,238,though
996776,477,remain
621828,389,couple
880326,582,almost
382188,744,draw
374886,123,cause
874945,712,security
1266094,699,we
345853,215,task
818402,24,enjoy
326794,370,son
1303194,89,everybody
975922,410,face
339643,420,discuss
327506,659,prove
1262780,287,lead
1133658,30,receive
881794,93,tax
779532,938,ago
1123852,11,their
496954,534,she
475414,187,kitchen
796947,543,generation
1207706,827,simple
446136,835,staff
864457,997,bad
840874,691,meet
636869,526,above
620545,279,authority
392162,1000,fund
303772,895,financial
814474,815,tax
355101,580,realize
1288740,361,face
545635,946,yeah
1107193,861,matter
1011145,908,bring
750253,46,number
877561,511,own
1099656,925,democratic
756350,409,per
491041,961,data
870570,266,major
1261894,53,city
1267942,708,argue
829105,277,pattern
1286736,730,appear
795834,99,statement
798765,57,international
1046103,892,writer
512638,740,image
1143386,412,policy
869214,656,help
294377,662,small
484044,535,baby
798086,490,road
615377,384,heavy
963013,81,several
504740,104,relate
909739,388,these
585224,294,be
1312221,963,me
860154,352,last
409432,958,wear
1153997,186,on
549477,80,here
684876,990,challenge
1128086,521,return
1008209,142,region
541161,571,its
763481,394,arm
1077036,278,dark
913756,280,moment
927610,829,throughout
984482,67,school
847579,964,year
951403,915,carry
1210545,788,add
1008419,912,physical
649533,642,green
446370,553,also
1192220,134,office
648340,810,whatever
1295897,250,best
1022761,225,window
879110,283,suddenly
403197,813,particular
796492,167,threat
926920,151,bag
1272988,789,laugh
1155682,774,another
1204190,934,assume
391602,954,sit
636476,332,test
696826,392,pressure
730659,435,them
484590,454,though
303472,958,expert
1171962,41,treat
1240360,708,purpose
494029,118,operation
278662,80,from
1082928,40,wait
354636,356,life
1176279,907,cover
1309625,353,production
1298596,823,Democrat
436596,876,often
791706,65,though
426103,362,fire
629826,534,form
456381,710,any
590135,69,compare
1176487,468,else
870807,789,several
1132171,53,go
1232096,790,sea
737314,520,entire
797427,73,hour
897691,799,accept
465534,702,something
544548,756,machine
729204,895,letter
835104,138,side
835356,951,these
468634,829,buy
1074598,759,piece
762022,389,movement
915737,531,partner
301530,349,region
730673,456,those
1163361,316,item
1294540,992,site
1193187,265,physical
838735,297,example
427759,673,when
418972,135,trial
1237074,918,pressure
1056154,215,around
1157187,59,physical
618686,879,buy
1265020,882,get
1017160,562,morning
1001274,571,fine
851576,293,central
520637,325,stage
529436,506,cost
1089051,272,seem
784517,938,recently
475182,209,campaign
337399,96,organization
1158635,773,carry
1118821,488,military
1184711,108,scientist
1244050,139,wait
886076,804,movie
636236,306,add
550699,734,put
463560,425,PM
1150893,584,company
1106434,313,hair
1187530,990,science
1289485,145,ever
870736,554,color
1235492,597,key
1122056,983,peace
1265911,242,budget
967324,683,tree
721137,138,find
1236832,890,usually
1032738,906,agreement
329410,161,whatever
415690,307,with
1006281,535,wrong
657866,260,list
374110,321,over
713384,209,report
1302484,224,hundred
658779,811,car
603211,419,third
422760,231,miss
535605,455,per
692541,874,point
335411,317,matter
840671,671,argue
642492,550,south
1058060,538,trial
743848,476,various
682398,313,camera
953464,210,administration
623824,606,television
1176013,399,teacher
900759,815,industry
529225,930,field
864959,774,quickly
790294,763,alone
680088,555,short
580580,474,adult
461091,583,five
1028274,470,them
1189120,111,same
791564,739,generation
478776,172,these
467178,105,use
1049259,305,half
1308067,405,successful
567577,643,paper
1038645,335,near
779152,917,play
972773,134,stage
1219603,103,she
1044978,243,agree
519267,959,stand
1079660,803,draw
1010220,972,join
703710,656,side
425097,369,build
430078,179,visit
719100,317,left
993715,481,pick
707363,900,beat
365158,404,music
1134348,2,north
449806,216,newspaper
775825,345,security
608000,403,fast
1224095,893,director
893045,485,someone
999364,395,brother
330131,11,standard
352414,975,such
1192327,435,ask
1309572,73,plan
933232,560,season
1230381,495,article
1289626,686,key
1190971,650,civil
665955,809,fund
1212627,825,head
1297175,898,vote
493565,356,exactly
798355,784,five
911602,43,simply
666558,711,interesting
1030777,974,Mr
1257473,410,growth
507229,599,degree
413309,636,rule
351366,777,dream
1269924,652,population
648150,986,society
952514,340,such
1000248,304,take
905634,793,relate
472704,917,campaign
498933,202,history
923733,561,travel
513386,470,beyond
778718,245,discuss
300805,438,approach
524880,175,offer
678643,437,carry
856548,190,some
628717,580,trade
894779,516,admit
778311,164,above
1306309,622,subject
375580,464,cost
957368,32,song
684928,386,marriage
288829,900,them
375362,902,listen
902890,336,his
638538,833,race
625338,976,statement
467912,630,pressure
761381,519,name
291439,399,understand
366358,333,talk
292815,485,window
1130518,101,movement
1182251,301,garden
839817,794,thousand
1233937,207,purpose
465629,329,sing
694552,482,team
1240090,66,southern
655400,270,away
1265101,534,chance
1085270,722,risk
314930,665,reflect
946689,281,state
640005,461,security
1074944,792,miss
650255,892,personal
1307600,202,people
981167,181,student
998233,307,religious
648409,599,enjoy
752920,639,put
791442,170,necessary
720171,218,within
446513,854,notice
616934,56,company
1056769,372,option
630139,812,ten
1300363,354,at
684213,604,little
646167,925,break
485773,206,plant
441843,155,and
1302669,817,back
452424,75,likely
802817,997,pretty
497411,959,firm
718220,974,tell
1101810,972,administration
869034,47,break
545902,783,read
1116868,556,special
1164269,253,write
1152396,995,hospital
615108,818,child
1043485,418,really
918341,227,management
1158824,886,firm
704168,411,goal
801614,405,final
1013099,671,available
825946,145,reveal
686520,791,direction
862171,355,letter
671063,838,century
776159,77,picture
1210939,451,change
584240,67,song
1238243,701,else
1205269,613,key
893622,687,interesting
324908,105,time
512064,634,how
298462,289,analysis
833947,862,sure
972612,898,month
753675,963,upon
1311952,39,current
1097000,299,write
1265339,161,series
523469,126,international
364636,690,road
870373,302,lawyer
325704,572,box
1090829,284,exist
320313,143,west
928835,658,later
828592,67,conference
863051,90,general
594762,703,commercial
367223,37,hit
348307,834,draw
958756,859,care
1252527,356,five
631612,31,resource
838043,551,week
1213376,168,under
582781,616,fight
1269076,885,say
812411,890,situation
356661,746,natural
1097489,60,sister
488455,935,mind
722994,825,return
405649,762,director
698713,99,sometimes
1101754,590,wear
548933,578,consider
785015,853,drive
542567,700,season
1277412,378,turn
550248,145,push
1271313,527,prove
724394,206,long
872271,690,alone
1281812,358,draw
709643,33,window
498105,826,certain
838515,659,challenge
308368,898,cell
874045,756,direction
595906,929,return
1288902,950,factor
288415,190,scientist
707980,720,successful
1082744,780,little
705563,978,traditional
1215292,306,trial
1189152,848,blood
522975,255,agency
292727,754,western
509951,730,you
391168,326,event
939977,526,whom
1165086,541,hard
795086,411,approach
1314003,574,similar
642379,533,pay
1264320,873,those
684372,611,point
363726,938,gas
1104118,708,leg
1248007,222,treatment
877670,297,foreign
777927,29,care
589276,469,movement
1120397,641,would
486418,757,pick
415507,562,true
521908,571,decision
361255,457,wind
845185,443,while
286476,869,program
798699,900,near
675005,579,south
775011,535,good
859454,897,help
1159839,660,energy
597903,697,husband
629740,432,choose
1164799,508,available
603063,824,rise
497946,910,win
912642,537,success
864890,72,gas
740246,258,mission
1278182,826,agent
360004,222,style
703478,691,reality
604748,178,safe
1173247,950,ability
1055039,898,daughter
878751,54,wall
572519,294,figure
1309355,87,doctor
317825,868,record
1306567,255,wonder
517460,105,respond
308002,339,range
458687,459,trouble
1089883,770,card
1071011,783,attention
486847,184,just
935940,131,Congress
1114831,852,ok
869165,914,student
1297211,239,hard
564901,713,leader
1031070,33,attention
1027881,245,part
1117114,757,term
1011289,284,store
1190254,823,difference
492493,806,myself
788060,223,reduce
503297,423,federal
1291150,299,if
297371,200,public
538079,107,travel
315910,67,beautiful
703273,118,spring
621709,449,get
480295,740,fall
740263,997,himself
651260,889,prove
1247301,853,research
1262275,186,sport
440210,302,car
1029583,497,second
741295,606,catch
1309750,68,foot
618402,578,task
566208,996,four
832375,916,senior
1140671,654,standard
752491,993,bring
1166930,679,politics
996832,776,future
337629,997,seat
574915,110,throughout
601339,31,argue
612189,174,fish
910370,345,agreement
521917,835,training
1127871,227,study
1151331,777,between
287169,827,despite
751261,925,threat
488964,656,range
1094126,847,region
868948,205,next
1248910,479,area
391412,712,course
423674,438,resource
373700,85,wall
1031922,360,war
544274,832,doctor
300556,931,plant
1046272,199,front
467018,807,glass
1197017,313,finally
834573,445,marriage
1300129,682,discuss
286009,843,pick
964569,772,surface
752044,859,amount
1142746,369,suggest
754527,105,stock
573537,388,government
947057,757,live
766384,919,look
1049928,635,develop
1103572,414,try
887482,139,ball
1154113,927,yes
784551,294,single
501267,421,share
1057298,104,baby
359278,670,early
984987,493,Mr
791221,58,range
344841,841,remain
604277,67,century
776040,947,though
1278860,758,participant
884097,125,explain
557151,322,onto
557827,317,risk
931408,883,relationship
617144,692,least
1099247,852,discuss
303745,916,true
419350,74,detail
1122937,211,base
1175851,991,stop
937471,615,break
726306,995,task
825437,121,theory
973228,701,guy
690040,119,important
845503,459,stage
517921,650,risk
823623,736,yeah
522677,109,outside
856190,867,heart
685681,727,large
702515,947,scientist
659695,683,nor
1045618,878,fill
538267,826,real
444225,162,statement
1290901,790,so
828848,289,half
1046603,862,their
741876,29,must
1290430,585,small
1090815,308,better
869304,250,on
398376,885,debate
421264,843,difference
850905,952,record
1265410,204,idea
1035807,509,trouble
440714,911,environment
841072,367,lead
405249,571,peace
1085196,318,old
648600,435,case
317678,475,beyond
992534,299,institution
1259479,580,marriage
556590,976,safe
396599,162,few
303622,965,here
606396,891,catch
610438,777,hand
844626,735,actually
464867,686,chair
387146,1,own
704581,778,particularly
590038,578,consumer
403290,141,store
526399,769,weight
995039,790,wall
956991,761,allow
1154749,888,fund
311970,969,seem
1262520,755,allow
385083,68,western
1051053,310,occur
947951,194,goal
812060,235,reveal
382993,448,still
597716,119,hour
284014,756,foreign
748045,484,your
1168977,801,student
281775,214,parent
1293797,733,real
1250729,990,own
292371,206,program
1187782,578,such
914835,385,table
588703,920,technology
306262,105,sound
889720,594,third
1151425,546,travel
694106,759,just
405444,344,successful
1071298,497,minute
794945,742,people
644735,129,likely
892729,520,hair
515660,378,little
1216767,195,under
405109,632,a
726688,980,quality
1232361,499,force
410567,933,former
304561,329,marriage
893100,696,poor
703695,82,stay
490734,812,fact
1124929,157,interview
938189,622,staff
712510,779,might
858167,593,next
456748,704,either
951226,319,high
644301,922,relate
965062,156,story
584244,160,trouble
481595,385,defense
1219606,231,mean
1183642,921,hope
984041,508,always
984786,633,economic
643267,84,through
1239110,88,process
724557,814,several
1214727,569,picture
517739,765,huge
859029,984,wind
447605,512,other
506653,137,look
447735,356,training
401967,689,current
440213,31,summer
801161,638,in
679569,800,that
517026,610,remain
1171438,5,section
1004684,275,boy
865033,124,would
749758,979,house
927554,538,view
302574,544,church
578886,392,understand
714715,589,join
378681,878,however
662831,879,near
1223665,563,continue
818967,512,talk
1017368,486,tough
661317,916,up
542217,82,serve
398805,420,population
1312584,906,water
430843,39,approach
1195769,919,pick
849250,921,hot
977565,172,activity
1202793,999,rock
1212137,76,like
297093,796,hope
830462,358,some
1018679,168,teach
501516,301,house
914436,469,class
1277838,928,exactly
528478,644,wonder
549851,511,away
400923,399,agree
373840,135,dream
461312,673,gun
712614,252,democratic
334781,864,upon
521361,906,particular
738910,984,minute
966698,727,Republican
1231136,726,middle
1113594,347,forward
899016,133,here
421904,434,make
547869,462,our
1285889,689,together
500144,370,me
1038594,332,camera
564298,256,four
342556,602,along
789805,570,none
508882,136,last
896791,510,generation
1018020,565,interest
504572,408,establish
1263764,554,how
457274,511,white
722376,206,Congress
997489,490,everybody
993979,263,exist
913859,42,move
617802,671,prove
1305669,449,nearly
491199,485,decision
686235,505,mission
1117185,459,sea
1092273,799,sure
530832,661,according
348774,446,writer
1118964,597,as
684404,93,southern
1302266,239,food
943283,530,authority
473147,942,next
1134006,239,again
747230,715,some
968038,573,dark
817954,758,just
473362,936,suddenly
563033,939,some
949417,777,most
291633,379,size
627000,607,clear
390522,469,campaign
1289416,40,wall
519706,800,against
1102658,16,discover
1231123,459,happen
477135,46,after
565022,315,pattern
449103,370,PM
1010398,272,become
815528,330,special
718212,971,matter
959158,189,large
1122708,424,price
365545,916,ten
1142647,498,director
371649,242,soon
793719,926,year
442007,146,forward
1138930,520,candidate
902263,378,yes
470345,482,part
1196938,883,data
1243061,351,state
1265330,975,rest
1225675,618,design
810240,344,outside
840854,81,worker
1166775,768,prevent
929176,709,read
1263407,497,add
1301091,202,theory
1106362,945,so
483097,128,here
568707,389,top
840391,496,early
949958,179,necessary
1290887,666,society
658853,149,card
1244943,403,lawyer
1032621,118,quite
423542,833,forward
720928,899,sell
573914,624,expert
1011692,31,example
1264192,399,every
1034505,782,rate
1104831,212,note
442557,746,prevent
303432,954,trade
683866,370,culture
531445,639,establish
982315,604,change
1158247,209,value
506802,513,buy
446970,161,image
497287,247,fund
830646,701,us
1081640,544,half
1214422,582,seek
966197,177,skin
986086,743,political
708750,565,friend
545897,768,charge
1113186,702,former
606915,831,last
393927,991,water
306201,903,house
1219784,737,another
1090678,708,expert
700807,861,sea
686672,765,mean
1080532,128,look
535270,100,everything
1003768,815,cut
802947,257,rule
832528,37,paper
1280011,872,public
310502,315,fight
1009353,476,lawyer
688770,146,man
436713,975,while
839963,739,impact
1209597,939,owner
1260347,976,certain
761593,985,throw
885053,56,remember
810663,960,unit
1240127,235,as
922091,961,pressure
313931,822,type
861480,724,through
822716,769,account
781662,857,care
653062,36,institution
398631,835,degree
388069,867,hour
413054,606,claim
881311,540,service
1212626,970,back
550098,339,carry
893201,969,treatment
525825,985,nor
626179,648,south
1087749,691,later
1245514,946,technology
1035243,334,sell
373289,371,store
536119,130,outside
1216257,526,conference
698141,152,above
828204,747,as
879244,494,it
1022013,410,sister
795850,635,buy
664104,813,system
582558,841,along
869260,821,part
1072529,685,actually
677342,191,onto
1273238,51,focus
632711,66,anyone
1113773,498,suggest
398526,946,television
769364,442,Mrs
1265295,314,bit
1280988,480,blue
884325,685,beyond
1115359,950,response
705310,37,money
1157462,445,if
679893,140,modern
355250,551,oil
633178,73,memory
1155474,382,policy
1161034,398,lay
753648,432,win
1306566,234,amount
907928,33,worry
594151,614,rate
674379,837,bit
1215215,148,role
299867,314,price
380682,77,television
358025,94,suffer
1201145,628,language
1295612,536,very
1145879,222,rule
1211966,656,pattern
555179,285,at
753926,748,behind
442124,41,light
853571,422,data
857779,527,me
780369,654,begin
1313381,442,author
363170,806,where
964628,176,music
743271,386,new
524895,548,start
1174147,837,almost
647979,866,national
1120084,203,or
999420,254,suffer
1097645,503,lay
370074,627,answer
728297,729,expert
917005,980,enter
455818,799,there
1141825,534,happy
1028563,584,find
780486,729,Mrs
1148128,334,every
307366,222,meeting
802676,783,money
444736,765,table
418860,83,wonder
1047014,100,level
634132,203,source
1081078,422,agree
541959,940,safe
651111,199,yes
464101,976,apply
541973,67,third
461305,303,age
351023,816,throughout
1206381,980,charge
405705,953,fact
925677,387,woman
1187539,648,employee
709116,754,under
1044309,144,parent
868544,698,wait
379524,84,six
900086,534,let
364929,540,difference
1170937,202,hard
1132167,300,image
1251125,779,guess
559756,40,cup
653640,44,health
467093,511,dog
638853,146,before
1288880,443,religious
926388,826,would
1211213,188,bank
813975,538,ask
879320,22,hear
1204315,847,board
1162809,971,themselves
1243142,827,quality
1167434,504,former
425759,431,try
1241938,687,buy
357699,776,son
435303,189,people
884277,709,chance
740258,811,country
1022788,615,such
732456,213,morning
897549,509,be
1131720,16,economy
377037,392,perhaps
938331,740,ready
1163607,734,the
826093,927,dinner
915817,889,war
996368,692,particularly
324435,514,happy
973028,390,section
1012542,691,good
343113,557,wonder
1296568,7,pick
351972,724,player
671247,116,open
827767,494,future
1072124,917,hit
1123098,717,about
858560,795,parent
310914,680,well
965521,880,man
645884,264,entire
312779,502,site
301254,14,from
986272,894,close
1226603,317,must
1033093,222,agent
1181626,802,on
746816,527,toward
287037,28,main
556951,970,game
964931,630,think
1241123,924,democratic
592516,42,team
1310674,673,certainly
929167,998,purpose
1295765,567,prevent
1054454,821,magazine
1226249,620,central
623535,941,college
634322,226,environmental
1151710,13,here
379298,96,artist
436585,176,newspaper
1301074,770,agent
1072734,199,occur
726770,922,doctor
1092147,746,position
796891,922,voice
840546,871,throughout
1032676,435,sometimes
320860,513,property
1095471,552,suggest
577646,888,finally
986622,759,grow
456883,357,fund
400582,225,hold
593780,131,choice
1049979,477,management
548154,563,wear
553721,497,Democrat
402771,983,radio
364030,501,rest
502397,4,move
943550,392,voice
726304,36,firm
706797,976,affect
768747,414,scientist
1034235,652,poor
362536,407,apply
864427,216,drop
419635,874,or
543159,534,six
1044260,92,race
978717,900,whole
326478,979,the
1238371,306,more
648924,962,significant
956538,409,enjoy
1292889,581,of
1312681,649,it
1270801,103,worry
1169188,186,performance
1169701,593,military
454810,142,marriage
788807,625,interest
309578,267,economy
572007,279,international
618219,286,decide
724046,154,interview
803767,787,positive
661159,991,truth
553980,435,own
985813,724,number
525159,270,before
907221,407,everyone
368099,315,kid
604692,457,big
753791,305,west
1309153,138,must
591826,702,traditional
539387,806,last
638495,88,company
1052045,110,man
383901,549,present
847633,836,culture
768468,835,risk
723951,551,board
547054,822,east
885401,267,none
620948,789,century
954352,402,mean
1135792,244,hundred
534664,568,happen
1077154,338,conference
1186481,723,teach
690219,712,purpose
867452,355,goal
619459,879,marriage
334811,743,recent
460289,599,build
808234,907,teacher
482219,390,property
328627,739,image
364620,404,probably
934887,246,measure
285015,664,writer
694787,55,individual
1067207,101,great
1257317,591,if
903471,782,box
683578,321,two
641857,934,board
659207,9,guess
781098,862,ground
1071374,891,again
873287,851,present
903682,791,forget
766663,764,lawyer
435850,98,hour
958363,220,affect
1061332,792,anyone
328653,843,this
1031119,100,smile
304757,326,huge
1215137,646,bill
1164282,874,purpose
737045,996,fast
954327,710,see
1311464,243,least
1086926,87,edge
1301621,578,why
472824,561,how
383100,169,quality
614904,585,ready
282984,665,possible
723417,138,grow
716557,34,financial
1142970,598,technology
746164,92,century
724952,551,leader
311392,119,take
603252,725,human
1131331,394,yes
626623,242,community
1193738,45,recognize
604802,677,yet
703100,913,maybe
301904,508,realize
397719,864,of
714923,792,those
416416,8,firm
929952,33,work
1098953,291,if
762674,310,party
755732,108,senior
427886,393,media
1060381,807,few
576379,605,lawyer
954723,339,film
944730,843,set
525573,765,recognize
588616,383,difficult
958199,321,really
1034024,390,campaign
1288546,155,wait
422758,136,range
300726,985,American
1251892,478,might
282135,111,inside
528839,71,evidence
649841,641,collection
696094,714,involve
1214711,355,authority
1050708,180,specific
763077,925,country
399806,751,sing
388316,455,expert
304358,271,for
838837,276,consumer
641302,723,large
591576,159,author
1270715,503,window
554311,547,away
980622,50,none
712770,648,mind
1023458,936,four
670684,196,cold
608115,918,stand
786963,573,guy
1117105,865,south
1056869,292,stock
563420,662,perform
1022635,951,conference
1255587,238,go
419097,254,because
429777,808,sometimes
1160728,129,hit
783658,247,season
971809,235,first
483315,997,mouth
1036541,882,mind
287011,216,unit
1263510,560,region
558241,928,none
532325,278,specific
469543,674,whether
328603,323,lawyer
702950,635,person
817962,824,imagine
434246,415,guess
524026,307,treatment
1212834,151,see
551470,249,risk
869532,940,rather
329394,954,computer
423352,954,guess
1149673,433,seven
1188397,541,pressure
872720,916,we
996405,501,power
1099285,149,hair
903055,742,risk
777821,877,win
360238,697,really
932724,292,federal
1085776,285,project
1029808,47,role
968548,970,will
807082,534,similar
304421,184,director
740456,290,fear
887471,386,cold
590561,435,Republican
389042,305,window
1123911,104,by
625117,789,teacher
1156957,877,wonder
438229,363,rock
1099366,488,relationship
384224,388,space
705260,255,maintain
969896,790,wife
1254392,295,entire
1273623,756,research
1156764,456,firm
1258862,129,gun
352031,748,different
1205220,283,government
480638,873,authority
392020,399,behind
645651,449,their
704327,643,visit
417666,427,day
1031803,433,others
1273455,673,much
426682,48,evening
1080909,312,entire
430899,480,carry
1252634,412,any
722920,446,nearly
769732,2,young
1158041,662,student
1095014,394,difference
1153140,591,start
549237,408,wide
1168536,461,simple
923252,907,bar
403675,779,catch
500367,6,whether
844132,937,accept
1116127,230,because
908308,14,run
837478,457,hope
1015667,84,move
326576,265,similar
800205,96,fall
1123914,466,brother
545364,692,do
1203588,505,development
683929,751,right
936047,273,out
565800,48,Mrs
760843,450,thank
738807,675,fight
1028406,134,lot
1061731,616,leg
642118,842,fact
1038917,307,institution
935197,337,design
847464,645,girl
430603,935,news
1070425,570,themselves
454996,165,born
365009,23,western
905921,653,beyond
1241013,926,until
997796,492,impact
1135665,256,art
1281066,708,blood
700617,608,big
1203932,465,baby
948269,139,forward
437354,938,operation
603714,423,buy
547729,962,clear
949496,149,will
1093218,842,force
1266957,394,weight
572425,337,order
740505,980,record
505791,446,loss
784849,699,yard
328445,793,teach
1105727,244,event
385051,492,identify
810744,437,author
726031,80,those
497863,289,partner
559728,710,remember
432888,95,identify
1260180,181,statement
479401,582,eye
1238532,812,side
1041290,9,draw
1267920,545,sport
686721,885,five
1105384,573,establish
955876,844,know
318612,155,somebody
790107,953,industry
878249,20,sit
448977,212,hospital
458466,215,recent
1291771,352,beyond
372201,832,him
1299977,884,continue
778148,315,girl
1299670,139,bank
301707,553,can
527631,449,live
919902,253,carry
545210,965,main
523540,181,lot
402070,336,series
1296990,898,coach
354741,566,ground
309198,301,low
1013505,395,guy
1176635,709,sister
985031,886,watch
348083,330,simply
867722,28,others
348991,433,beautiful
400581,73,one
378336,471,radio
1308026,711,much
733930,134,well
656549,383,decision
1266698,270,really
1263330,297,result
946792,987,anyone
962526,559,kind
755074,235,magazine
1120105,452,lose
1090852,73,another
350838,153,worry
717254,926,happen
782127,500,strategy
425603,479,drug
492218,470,meeting
539235,212,bill
306897,453,Republican
1142114,668,campaign
832711,166,red
520449,904,how
300961,414,painting
302339,673,federal
377397,589,safe
1182793,985,eight
482901,658,high
1138766,784,well
980948,402,crime
1305259,574,agree
847430,343,fine
951779,932,tax
1073506,36,include
981007,240,city
528944,692,movie
578883,771,operation
1306956,453,drug
1015432,936,try
509146,56,page
970836,108,dog
387495,588,human
718130,678,evening
892292,700,itself
1261494,560,PM
1196477,182,mouth
509017,805,reflect
555041,686,organization
561577,18,direction
1119892,116,guess
779557,119,involve
1153246,643,water
1269973,516,material
431170,589,huge
1118358,409,benefit
1264616,974,mouth
1199156,808,leave
1278022,699,artist
776779,295,kitchen
834100,72,movement
1259914,179,example
825342,148,each
625163,77,develop
360362,974,attorney
820029,311,yeah
506404,295,easy
1149318,478,anyone
456998,117,lay
839643,723,anything
805553,278,three
1024207,366,rise
1296106,132,standard
1185659,155,almost
717149,814,strategy
1078539,433,public
833880,792,rate
1240322,960,any
612508,302,opportunity
1269753,376,lay
817660,348,letter
568094,361,dark
842328,113,these
891566,921,present
674448,995,trouble
1046520,138,local
791025,940,later
707866,872,win
711291,342,check
921810,695,next
744712,231,become
329331,652,energy
891619,723,plan
1100044,164,eye
1181412,729,would
1245733,114,top
1249960,575,understand
865575,175,ready
966804,337,seven
781460,813,plan
910454,613,than
951065,419,analysis
348918,975,full
1240555,976,ok
1044292,66,big
1046546,879,actually
377446,478,cold
1152215,98,us
1291928,405,type
996919,810,strategy
1283348,772,cost
931581,208,factor
1015188,200,speech
1039207,751,ability
437821,322,hot
704638,577,body
707937,597,culture
719769,455,approach
1162950,875,claim
524904,181,PM
617076,133,citizen
997150,640,part
288252,310,explain
507834,261,write
884293,42,movie
885564,103,rather
509752,33,fast
1189997,637,magazine
1299753,697,democratic
572715,692,defense
833557,662,every
710530,129,fire
543157,497,must
353321,72,someone
787806,552,common
1123209,669,break
833783,489,forward
1112462,498,rich
1205785,684,true
1135820,172,cell
1265860,467,a
559888,917,less
1126453,292,company
964712,929,firm
956791,146,pull
1050757,507,make
381390,978,box
337105,799,young
1031985,607,history
1157119,264,parent
973749,837,behavior
1105116,853,design
281838,646,much
555449,907,paper
408227,662,thing
636121,333,realize
1238993,596,figure
712319,621,maintain
1218263,597,however
1285173,238,day
1268288,820,early
1072812,170,factor
689636,271,community
1245848,645,report
673672,200,address
1283637,933,especially
1228208,816,push
947483,356,on
381480,562,more
985085,418,share
910239,417,source
1029355,665,itself
668891,111,teacher
738070,37,not
915798,189,how
931418,671,he
545980,699,arm
1038032,604,condition
848385,357,effect
305126,586,health
1289977,30,indicate
738376,236,religious
479093,206,book
1012012,219,national
980388,509,theory
585849,774,positive
292848,761,person
1259269,282,no
852882,106,benefit
572421,79,improve
285414,117,contain
1020632,369,tell
708930,345,political
711350,824,nature
403225,424,citizen
455722,851,low
735219,391,likely
359749,436,government
416049,279,others
1103431,591,smile
642628,52,same
494079,837,anything
356311,804,save
461168,927,receive
642598,884,sign
572535,840,thought
841652,597,hear
727586,68,the
600935,425,mother
317863,566,already
1193980,773,economy
403744,521,out
874636,716,four
1219047,753,laugh
1283783,276,what
1110883,807,spring
709299,103,religious
1300373,915,camera
1206547,60,strategy
451649,184,visit
711649,575,nothing
847781,852,shake
689389,633,political
749286,252,then
1113495,624,agent
744174,381,again
1027308,244,return
294348,125,rock
570193,835,customer
728821,370,job
1236997,400,if
1150477,722,long
1236768,536,carry
818764,375,machine
688583,481,wear
686360,730,push
455204,731,value
1044627,779,ground
325050,651,part
672985,908,them
1258761,155,foot
1133840,710,so
638798,732,forget
316415,126,wonder
383648,485,will
703432,983,start
606130,733,environmental
664563,865,camera
716284,972,place
339255,250,song
909819,457,respond
329194,374,note
914961,831,free
1106689,113,according
1284425,464,person
592949,900,budget
1214847,607,hair
1265195,282,move
774372,905,culture
587140,873,pass
696109,192,why
1296270,566,left
285849,734,star
967712,430,performance
524087,981,hope
834231,551,century
643838,250,level
925867,115,college
391330,506,practice
701183,394,tough
523648,148,Congress
689153,528,her
528624,348,I
632159,673,audience
807477,461,shake
921082,334,control
346977,714,power
365720,893,hear
402656,235,news
1276296,998,avoid
804249,690,personal
964326,345,herself
965637,810,particular
1186044,71,debate
845997,939,family
556779,615,message
1055845,620,product
348660,261,approach
547905,752,meeting
613464,58,may
623547,3,perhaps
306889,109,enjoy
462548,787,force
1135474,219,billion
759248,892,style
945684,668,will
1271621,41,building
675041,219,final
696093,821,same
995124,22,customer
772733,819,head
545717,243,population
387487,523,help
668811,349,court
420634,422,there
1270356,341,usually
301631,336,between
430635,923,strong
593720,987,any
952935,930,a
576406,430,almost
309555,778,about
303520,772,production
1283870,732,civil
1005295,526,into
1243004,404,attack
878552,503,maintain
893395,745,heart
999597,772,sound
382089,566,friend
502754,796,first
885944,345,ten
1165565,62,she
450316,467,significant
556362,395,take
884879,698,report
661128,424,especially
564769,805,stop
618333,353,over
1241752,736,yard
557479,532,fight
1062908,523,ground
733563,944,interesting
684008,146,wonder
1101527,826,protect
279400,204,affect
533342,149,main
910843,828,chair
1295583,886,politics
628820,508,I
536358,93,his
342346,55,represent
443973,387,lawyer
441338,946,reduce
490768,542,voice
1220498,522,position
470676,780,practice
1133971,932,interview
552435,850,report
447090,428,door
1148497,165,painting
1193160,807,dog
501326,91,issue
414902,533,college
917218,479,century
408942,347,mouth
565344,907,time
604013,891,son
973406,100,he
324053,450,among
310763,502,our
1216952,709,kitchen
1002659,633,agree
1056646,646,involve
433434,238,page
738326,267,significant
754069,439,rule
887167,633,job
722931,81,message
754454,98,management
886838,856,year
655415,324,attention
964746,520,buy
821464,241,less
455757,137,easy
561771,172,control
1212424,812,how
320821,361,TV
1311920,559,daughter
581196,324,movie
352148,385,management
291945,830,strategy
811857,631,and
603001,335,like
454469,706,relate
355497,725,single
318847,410,instead
1149224,112,talk
1046427,206,road
1033829,926,his
410585,509,result
985011,758,red
1133013,311,couple
683715,989,fast
1121566,364,account
986928,973,pull
442347,478,might
599991,717,from
804145,190,dinner
1130583,66,lawyer
762308,291,attention
621859,315,apply
729773,650,us
1262271,995,attack
624381,479,character
488718,561,section
1277273,376,study
817596,297,positive
684456,303,movement
483373,195,boy
912579,707,write
1265456,633,loss
892751,15,answer
460453,578,growth
694764,247,score
573920,649,choose
484790,111,traditional
336030,620,easy
1262000,752,long
1279824,688,who
499810,230,above
1123787,59,finish
420763,193,center
998347,387,grow
1104189,514,score
658924,693,card
617384,727,several
777939,380,how
986501,386,thank
337479,304,throw
1013774,993,fear
532755,727,rich
1044018,949,operation
600410,799,oil
1315149,835,garden
1118087,96,return
280948,703,now
687779,834,heavy
810246,46,relationship
1086012,496,upon
1313328,71,specific
980264,479,thousand
367509,138,throw
488078,923,short
366543,657,pick
609587,907,focus
710678,765,number
1102313,405,lose
989997,943,behind
917035,751,magazine
1072679,637,job
922684,4,statement
655196,619,good
1094527,730,day
477002,967,one
508042,892,on
949757,580,less
755667,842,ever
737118,561,born
450844,22,brother
886233,54,should
293311,345,alone
438624,998,hour
1123910,73,peace
1155205,72,modern
603696,863,generation
662006,597,cell
634890,905,mind
612588,587,wind
519620,339,collection
783061,343,great
980235,858,other
610663,579,send
593527,417,medical
564155,866,bit
1253393,44,good
1258286,632,high
628806,454,specific
1215180,475,hope
1047433,778,produce
880956,830,measure
1192637,239,fact
932219,976,surface
1248826,428,kitchen
678299,984,various
856879,483,perhaps
1140372,492,history
940359,176,husband
1185648,794,attack
516833,305,tend
472939,47,win
903136,98,game
885782,785,very
489517,784,teach
762653,168,summer
1226412,532,maintain
474171,539,scene
895249,844,trade
457722,647,worker
1086696,689,design
1120244,748,right
1120148,532,toward
1266947,731,as
854529,692,send
1125470,958,your
390325,851,itself
769874,868,factor
525382,419,sing
981055,884,fast
562334,336,central
1140678,161,best
1158763,547,their
1262890,332,southern
1238943,258,phone
944429,253,respond
843417,933,with
934246,727,ground
430682,383,window
724211,40,plant
1218956,6,letter
686610,277,return
1263787,150,example
817759,469,meet
1155049,156,room
834904,574,where
1281198,899,note
1017240,798,door
449606,846,resource
597790,658,project
1047743,861,act
1122429,721,major
1303531,999,simply
967933,911,difficult
1021368,289,plan
428478,304,others
987207,641,instead
1002524,81,of
459199,190,face
1239382,368,provide
503254,303,provide
1216408,200,hospital
754791,601,step
804571,379,life
485146,788,remain
527829,721,radio
998121,407,political
392498,664,guy
279978,323,recently
1041794,785,turn
929198,862,student
671832,311,enjoy
1028820,720,heavy
954483,374,media
1303227,836,off
1241363,527,into
909972,660,town
795137,555,foot
1143383,426,spend
728384,501,claim
467930,690,above
1199785,788,similar
1233601,442,various
1191748,646,under
1005160,480,speech
389323,645,nation
516276,826,truth
858232,59,work
487126,203,everyone
1315433,129,majority
498537,56,enough
1119486,343,series
445956,708,person
1128397,345,art
997487,134,lead
904997,840,film
1231921,338,detail
313096,980,from
1244306,678,professional
718606,949,clearly
1254567,558,drop
423753,896,plan
608211,405,doctor
350839,608,line
625793,821,during
293358,595,total
1060831,326,building
647600,305,artist
820759,599,agency
647477,117,wish
511203,668,morning
835724,489,community
1253359,2,program
485840,554,product
513747,204,bill
736011,850,design
857110,803,economy
1092785,738,him
600488,855,quality
285156,111,mean
1207249,619,already
434697,301,stay
885161,328,represent
932458,66,discover
935370,342,laugh
1213242,659,whom
1208034,557,health
902644,720,notice
682319,48,might
728182,698,throw
1024193,645,on
472039,977,do
593208,840,successful
1031084,307,despite
1227705,299,charge
926459,511,save
421075,169,down
1248772,556,life
652844,89,picture
939185,557,employee
382550,780,control
835146,154,civil
983850,763,plant
459326,429,care
1298570,479,nothing
321326,40,senior
1158546,597,usually
932332,871,if
279578,413,about
928876,176,task
1299409,446,itself
580225,849,garden
887297,929,early
504261,941,animal
494271,174,shoulder
1296397,233,resource
673109,547,entire
432093,597,campaign
435419,559,avoid
898012,26,most
630434,757,second
873863,52,drug
951727,228,deep
423791,355,large
632880,349,morning
1065988,552,cover
783458,214,different
349052,901,reduce
647124,870,bank
559379,894,still
597098,532,probably
525148,448,itself
308819,6,can
986691,785,computer
1160563,499,bed
431025,297,common
951984,861,contain
764006,162,clear
996069,268,open
818392,468,chance
1185736,578,answer
1271017,536,low
332393,575,real
1284613,686,news
579894,524,affect
684751,894,talk
364577,477,stand
417814,464,open
1063733,366,film
1065371,245,dream
1146348,112,site
1188286,402,spring
280600,395,front
526644,704,president
1141814,281,whom
442410,726,wish
644815,72,less
903829,276,task
482297,948,say
1145206,455,already
1133914,575,word
1051942,435,debate
1176795,374,nor
531103,919,specific
1058940,423,pull
773891,529,growth
1037677,88,every
366219,718,Republican
1164368,214,any
1283145,673,nothing
828975,342,often
368979,945,between
1227709,282,effect
1198929,664,out
1135534,963,short
440008,64,street
369650,392,various
675213,332,new
765116,602,central
988660,190,machine
1022310,298,poor
297530,176,act
1242032,492,friend
750841,513,everybody
1264125,42,president
747490,50,would
1022143,229,million
320815,964,present
1139088,620,expert
716631,26,unit
1082055,319,likely
309348,180,PM
575556,817,east
881860,783,dinner
1121355,340,history
750463,448,event
618801,705,build
434942,743,type
1083365,371,truth
1147458,450,back
798895,835,sell
1040909,10,program
1283654,128,kitchen
1141988,779,I
333227,230,reason
836532,551,news
442400,757,remember
1208642,32,something
945398,740,range
518496,406,which
1001933,86,along
783178,415,hear
446380,494,look
698598,831,involve
941471,6,bank
463192,719,campaign
577508,548,back
476397,329,hard
1265277,881,approach
595434,444,any
396816,898,week
1023986,438,each
494806,467,movie
523413,597,put
607842,506,great
732944,727,human
980862,767,message
371489,204,have
1053479,396,establish
598628,21,main
1255056,883,gun
895183,352,drop
530690,976,behavior
890188,995,agency
667871,905,center
357977,29,significant
1028465,535,he
379887,549,girl
1014214,434,country
489170,636,past
742276,980,source
746629,578,point
1259928,306,stay
534150,693,none
524907,281,customer
969180,641,car
419638,269,stuff
528732,280,save
1122352,24,southern
1236816,139,it
924072,214,assume
1171183,936,foreign
1229867,511,step
393150,453,across
1239015,200,executive
571171,355,house
545509,497,step
1091061,270,wonder
489954,469,cover
1281763,417,tax
887056,719,have
1034150,586,public
798619,593,discussion
705791,556,risk
527762,349,recognize
496721,154,law
1157894,5,different
827974,769,simple
300119,887,effect
571502,952,man
296800,876,behind
370310,305,eat
1172072,178,table
713518,669,campaign
367305,661,player
1197344,27,describe
613631,238,measure
966479,646,all
296544,793,today
1189270,183,his
1148828,329,position
395294,914,sport
1178521,179,thought
711483,613,rise
1246612,482,industry
1229197,781,sister
567217,499,level
898326,306,cell
912536,264,decade
982928,380,school
1156163,79,quickly
747666,258,food
471295,683,produce
1001228,35,future
523448,785,factor
543160,571,strategy
486279,313,parent
1220963,789,model
1295136,438,century
1165755,423,whether
675761,782,event
1291381,894,table
367546,2,do
676117,860,artist
1282118,411,ok
707837,876,fight
730434,787,clear
1229474,212,even
468192,328,listen
1110289,620,stand
1289715,955,sometimes
1088935,239,low
1075199,688,property
751796,792,light
674762,665,might
623261,577,toward
826665,802,five
401575,2,Congress
712085,641,rule
504810,426,senior
547320,665,thousand
1172906,819,PM
988215,487,miss
1300565,419,morning
971811,635,right
957688,962,wife
596505,938,good
702614,337,leave
761203,491,protect
852858,35,keep
363687,547,understand
765708,964,instead
833520,286,put
752149,907,fact
1102119,345,so
911320,487,wish
604076,666,everything
713680,287,left
984068,846,mouth
341925,112,effect
933975,156,rich
532896,765,then
1066931,122,history
835058,693,citizen
1047215,179,vote
1103961,520,size
1154994,803,doctor
365714,543,black
700582,951,area
975621,328,anything
380850,962,least
750682,687,year
843779,949,current
1038878,407,so
815839,419,whatever
756408,529,write
1088181,109,image
891186,152,hard
797578,390,move
818313,467,market
502382,773,lose
1130605,554,dream
409204,799,say
910617,543,rise
282628,117,sort
1037529,561,return
669597,516,commercial
1202795,323,hotel
643763,62,subject
297631,893,center
1254205,895,result
1087422,656,moment
781967,766,next
1181860,156,recent
1114104,798,if
737161,882,teach
755812,29,tell
624258,201,speech
1100801,792,network
1135851,641,gas
1142630,861,improve
848777,248,focus
1176162,434,what
691008,479,improve
730075,325,where
324510,21,site
866324,925,source
531541,22,defense
614777,795,data
1102632,493,shoulder
615428,974,current
1270141,43,cold
1065992,738,under
1038970,315,draw
649919,520,resource
1069809,222,would
528218,909,address
967459,17,way
959430,94,national
667822,264,shoulder
758289,784,over
1142713,641,fight
759341,594,against
438485,458,professor
955167,925,case
542768,880,lay
844744,856,increase
380606,901,field
938164,209,gun
1006676,945,serious
294774,134,wish
583436,1000,herself
905908,709,international
339013,740,out
989878,131,act
1173492,372,feel
302838,559,rich
1207919,520,bill
418003,704,read
593911,744,career
1133934,154,the
1023007,753,whether
458925,330,good
440830,717,site
532194,64,company
644149,762,approach
541000,40,business
944465,730,plan
698707,619,hot
336885,922,manage
769682,283,air
590081,467,out
1116771,246,throw
420972,320,according
658974,752,bag
735745,845,hospital
316999,331,serious
530810,420,keep
1052163,511,ability
368935,879,recent
286316,721,the
807235,540,food
401799,693,lawyer
702339,730,add
876206,966,fish
998335,116,game
943248,725,hair
798837,607,offer
716733,237,floor
436126,740,suddenly
969711,877,everyone
715045,368,standard
768894,607,example
1111519,732,thousand
942079,940,appear
986791,887,prevent
1182193,346,fish
1051358,983,return
1259166,553,town
1039125,712,American
1072871,266,after
1297381,946,perhaps
688808,219,myself
538385,503,cell
728714,825,movie
838920,782,building
707928,873,piece
766817,670,cultural
506566,944,story
1037998,601,food
907990,149,follow
921623,929,too
1250764,216,myself
1143031,804,maintain
615205,556,operation
564569,341,law
1305463,136,nor
461679,620,simply
322613,704,difficult
869441,97,find
708809,884,wear
701449,20,toward
1067927,87,court
1066522,194,list
780659,757,process
1278710,143,store
686351,741,evidence
1112388,257,heart
775914,548,live
1163265,14,walk
816103,572,together
1187873,722,down
1231423,650,budget
1159497,698,kid
351981,271,accept
1290866,726,do
295795,931,discussion
349609,979,place
551261,640,sport
506096,766,unit
1201154,672,wrong
422780,990,food
1303858,963,police
898113,544,maybe
295170,381,blue
734200,99,attack
1283716,348,happen
1299104,15,pass
1285608,423,say
1237497,854,decision
1036086,711,as
879301,240,tonight
1197137,6,perform
967030,435,serve
324100,243,investment
1258417,925,word
1231109,320,under
1151956,351,product
591735,919,vote
824960,552,process
1293932,490,never
1180471,176,training
954766,923,ground
1178161,925,stay
1122376,380,team
1172106,82,himself
1303533,502,why
912198,980,necessary
1062282,661,now
992073,129,hair
1142371,383,week
428093,851,decide
558685,61,our
1184698,287,message
549472,371,mind
405873,94,true
1130447,607,difficult
856587,793,degree
550261,998,organization
1004690,961,kind
532189,929,meeting
735369,302,indicate
610622,75,same
304085,32,health
375632,174,eight
346721,311,rise
611645,143,general
732627,439,down
523507,682,assume
1181381,587,stop
912813,90,husband
1213300,456,away
306096,145,identify
544885,254,onto
334876,260,however
1259109,527,they
796393,898,kind
959439,94,model
1051753,680,current
640417,715,beat
1153874,914,lose
471463,140,sing
979213,658,us
617008,275,player
1188709,81,meet
864156,707,friend
994405,885,state
903120,985,want
704145,851,sell
1046218,645,onto
1184048,98,I
1045884,686,sister
1289476,287,off
1279834,526,dream
354488,147,house
308244,416,help
966981,334,common
682183,781,fast
624119,723,tough
459293,793,majority
841353,823,five
1264963,722,sea
715735,202,than
1136228,210,create
471022,506,analysis
552325,851,really
512840,120,her
374648,34,meet
374821,320,common
1241768,223,contain
673608,387,method
450356,352,change
419445,642,college
1286012,374,view
1179672,248,moment
1231021,270,and
320289,355,street
1255918,14,change
1260668,776,rather
988348,689,figure
635679,173,Congress
502628,301,all
336012,772,law
713895,434,seat
441481,901,war
934302,208,friend
643597,278,country
824599,491,give
1015526,662,her
848030,990,style
740402,818,like
910567,290,billion
504267,155,present
1264224,157,improve
863267,851,Mr
1283472,174,parent
906644,616,price
1044225,279,wife
1015745,816,far
555162,484,network
808510,567,some
817103,262,lot
469361,318,experience
344180,459,win
660740,328,study
290226,252,change
1195123,157,perhaps
559284,339,TV
337773,469,impact
1278336,749,economic
694125,538,buy
372503,854,plan
1005842,123,something
952537,799,boy
715183,112,candidate
1239916,752,citizen
890889,535,sister
1101334,905,safe
1222473,744,live
915941,570,financial
1044115,572,control
447145,888,store
570367,756,game
1253946,194,safe
438675,141,young
899645,902,purpose
1293865,4,usually
900771,247,phone
855339,488,service
471077,590,each
322355,418,any
1262271,563,despite
892002,183,part
1299487,480,scientist
1236461,45,reduce
337012,652,dinner
580991,247,although
685258,658,center
819564,649,father
580586,689,type
677878,774,assume
1277063,17,agree
1234101,588,impact
382192,821,kitchen
701541,817,stuff
1265455,566,moment
957964,640,kitchen
1259285,186,common
573841,121,popular
1091268,331,we
955550,518,year
527733,512,same
898658,401,low
747793,984,ok
805536,414,whose
841622,460,song
514573,153,hospital
939979,499,successful
352370,105,production
420519,87,pay
1289556,20,you
354448,915,other
579313,804,anyone
754186,919,food
1127962,215,into
423020,540,ability
466089,159,third
431717,188,specific
1240987,667,bring
416847,160,rich
709658,923,article
715058,189,rock
821286,921,lose
778896,462,song
1275892,813,way
1202344,213,north
1052006,737,bad
924082,85,entire
515706,550,campaign
1139951,515,significant
1236831,724,surface
1191737,312,else
975825,693,network
602372,517,security
1086378,688,result
686464,573,weight
1257626,432,always
902398,934,course
874306,16,blue
1055034,346,beautiful
1233638,916,fall
1130915,390,send
1038603,867,ten
1176173,464,during
293411,122,region
524314,12,almost
370584,676,strong
868388,728,economy
492800,783,ball
292039,480,role
877651,140,someone
1190159,323,soon
731712,646,strong
369459,14,administration
872308,865,hold
509217,882,wind
1261213,303,wrong
436319,967,practice
738932,176,way
711049,38,himself
382175,544,realize
427545,982,nor
1276604,981,effort
831817,67,choose
956219,787,name
925584,443,reach
1048883,96,expect
778767,613,blue
1216404,945,kid
331537,226,grow
380485,828,wide
1299076,372,house
981395,675,later
1041144,97,get
885425,180,follow
545652,118,too
691424,282,sell
1105083,719,can
442187,936,time
1148537,795,perform
853185,40,step
587582,897,eye
529202,297,present
1290606,570,here
942718,940,he
290371,700,position
1140332,202,recent
1180239,548,bill
1165679,796,reality
602146,128,nature
1264969,232,check
964005,304,somebody
449021,563,season
808047,285,major
646186,115,thought
445641,568,whole
400890,440,office
686764,426,moment
451793,881,prevent
1307907,737,stop
851856,894,attack
362823,903,on
857911,354,class
718066,962,either
565153,710,writer
458364,82,himself
709536,721,cup
1213083,500,administration
1236501,189,heart
753160,784,quality
1213934,800,four
841093,61,budget
1032675,214,money
1153080,665,church
887348,865,experience
509260,248,little
545240,552,give
1155268,702,scientist
886898,344,key
614810,384,someone
829670,972,interview
498873,985,agency
765491,648,stage
455404,916,reduce
681352,380,rich
559140,502,red
333189,766,action
365914,438,professional
1201616,719,result
940156,2,field
487555,630,card
351113,773,door
1090080,547,ball
808548,588,become
448872,925,save
1042890,189,rule
396591,481,either
641299,88,office
981899,14,peace
802970,620,money
317628,58,talk
1057060,834,oil
984628,66,send
1060234,180,alone
793831,262,rather
769234,446,several
1147132,8,car
717697,195,building
836528,576,admit
1135336,120,leg
1259181,332,myself
595685,153,rock
686202,888,couple
791744,193,whole
721668,81,benefit
311837,920,professor
676917,193,remember
1115960,511,officer
731314,897,box
440834,40,community
297382,561,stand
368983,759,throughout
728783,514,too
1010335,67,sign
888280,450,yard
280953,661,protect
1255187,362,professor
1152799,785,do
598046,719,beat
1223662,666,suddenly
887224,298,rock
996300,915,conference
453466,275,want
979393,789,tough
960755,770,task
1217051,710,raise
433496,446,also
1201240,950,issue
793060,126,many
279818,380,standard
562096,741,city
1227726,732,whether
798862,651,which
1125504,527,picture
989828,729,leg
976397,910,our
479728,166,than
554799,491,leave
1281438,410,star
930010,415,market
1209713,952,behind
734713,673,kid
813746,239,pass
613412,388,American
603820,280,let
545766,139,right
919026,772,policy
1301293,418,ten
901813,791,coach
592520,647,wear
915711,446,member
956487,565,baby
413411,920,science
698958,140,much
1000558,687,usually
1282264,380,company
367645,289,center
530113,739,mother
316453,203,difference
714036,104,product
819719,646,within
1106858,749,wonder
978223,398,worry
1000218,224,example
1169623,6,pass
468027,829,standard
1230809,910,short
1153586,462,include
897937,178,line
631303,361,movie
986788,550,enter
802497,884,rather
1003737,808,number
982321,359,close
608506,899,relationship
1122217,996,especially
1251388,702,throughout
752541,644,large
1048746,551,which
841282,312,price
527089,696,allow
568879,981,consider
1035263,836,father
997346,47,road
425006,960,yeah
770157,964,in
589524,70,above
1113926,524,state
1194906,883,from
728534,557,box
561462,372,name
998667,545,month
1008036,555,government
405526,377,cultural
1103508,139,specific
461795,243,doctor
1051707,40,middle
330089,353,reason
585009,229,guy
770937,899,happen
619497,435,color
1151250,378,suggest
1247003,349,center
1095892,852,born
1200690,52,catch
474626,362,simple
280136,16,goal
927079,712,light
420266,625,figure
1185078,638,share
1123169,835,trade
964828,164,be
731340,569,else
839789,357,moment
1094232,706,remain
465083,860,two
886036,488,both
660624,152,paper
540741,18,article
523724,888,character
1065784,331,authority
703242,530,board
548231,597,relate
924165,478,simple
1094178,87,third
644945,725,sister
559079,878,spend
1212729,140,may
1166361,413,throughout
812581,590,middle
463085,680,scene
1136666,861,PM
724444,490,former
731003,652,project
673011,429,consumer
375752,855,price
613422,879,house
676300,778,upon
1008956,123,onto
445089,539,save
442770,579,central
734960,333,effort
452263,854,final
541098,890,scene
1036675,967,next
988403,3,house
1198699,612,tough
547796,175,nearly
679876,438,well
354956,954,character
638390,896,car
617401,882,your
1173635,644,rather
1276286,661,yeah
1242926,20,rock
441355,357,protect
757939,922,pay
582304,310,speak
337550,72,hospital
902909,904,thousand
1281003,114,state
1098090,614,ahead
1079459,565,analysis
1104105,199,happy
815558,920,push
1187331,98,court
1299717,362,discussion
452228,397,suggest
1204196,162,blue
334078,380,coach
631853,301,mouth
890439,103,bit
933479,65,assume
393072,943,usually
492410,768,wait
299969,877,team
510646,994,before
431583,902,plant
949036,16,head
607904,594,next
293885,408,wrong
824142,305,size
1094178,411,item
1026225,491,hundred
759260,667,case
703972,93,maintain
839836,951,laugh
975537,400,get
1200459,240,laugh
444927,699,eat
704972,537,move
1039649,360,or
980621,882,by
329158,403,others
929844,74,weight
1175177,206,consumer
624972,864,which
1166638,345,attention
899405,645,draw
460161,572,there
956742,953,own
1172375,749,trade
451563,792,level
957495,242,sound
900898,381,west
394949,730,career
1173884,840,system
462351,150,drop
336387,850,science
1303836,544,experience
790525,340,among
766718,252,into
671540,877,somebody
795139,701,resource
1057717,167,special
1187463,952,know
319184,205,study
681675,716,edge
445752,566,into
836024,941,child
351191,29,school
718801,495,sign
507422,822,necessary
563244,683,offer
716226,364,employee
535438,653,catch
300751,76,evening
292297,484,land
1180675,989,ahead
1069933,749,trial
607557,704,buy
663367,583,choice
650432,951,key
967251,554,hospital
496496,612,camera
1050468,540,all
1287984,676,guess
278688,569,happen
1074908,738,vote
1201149,663,your
938817,918,sure
689304,420,third
460839,28,lawyer
502628,586,buy
334177,693,chair
886179,556,certainly
909133,662,stop
718092,739,country
1287034,4,new
321007,948,development
1255742,398,later
1200013,745,author
561837,969,country
774570,876,total
934369,610,arm
476982,485,lay
898821,879,move
765023,641,put
358592,233,personal
722068,306,special
581392,761,deal
840279,124,before
448612,332,field
731638,575,sell
539975,19,board
414008,132,why
940819,231,room
525497,925,employee
1143796,153,suddenly
996897,470,mind
287218,482,pull
403414,274,thought
926933,463,might
969950,267,son
320406,19,run
318044,46,note
473432,71,show
801893,466,word
1175028,138,about
1088594,620,personal
1310866,364,explain
1023955,588,authority
1145204,257,hope
848652,525,eye
283112,421,yard
1285308,638,every
1124947,437,general
372948,167,job
385185,79,like
1021166,885,think
1025570,499,operation
656377,604,threat
989078,337,available
555905,374,claim
1003256,939,yeah
770825,230,note
971351,374,with
595572,675,country
872729,594,stop
766572,581,often
1210928,243,break
580303,844,treatment
900822,94,program
906690,349,stay
1187419,452,address
1124539,421,economic
894119,531,ahead
1008560,152,describe
1009546,227,contain
624383,940,choose
364351,19,certain
559650,99,impact
744379,24,feeling
1021901,631,education
569375,312,himself
1281051,74,identify
1274953,102,team
438242,613,involve
291949,560,challenge
831409,745,west
433656,142,former
990039,160,personal
490205,773,room
803656,478,account
607869,137,opportunity
626818,919,pay
518116,470,mention
445599,266,story
410372,3,smile
1099075,402,mother
769192,23,organization
815560,761,listen
622585,19,minute
536356,421,sell
1282188,901,result
802283,415,situation
1195698,273,suffer
770164,435,for
602779,629,huge
307362,941,wear
1092818,157,unit
606661,487,they
456336,737,threat
316187,115,work
586003,117,however
667651,227,arrive
1055103,29,push
983830,171,from
652876,408,avoid
1127116,65,both
585246,350,way
743797,314,court
368238,600,same
1097624,667,consumer
607478,139,parent
654221,146,least
326070,167,effort
1075189,137,area
828407,745,accept
1057870,581,environment
315969,666,player
1101753,17,smile
387116,612,language
668660,722,care
746712,242,company
308441,616,window
994404,530,suddenly
1131154,134,magazine
688309,365,smile
316398,971,choice
291809,246,personal
664006,162,right
1168236,968,effort
610631,52,white
813715,706,buy
874015,691,sort
605186,276,expert
1056435,898,move
1201443,881,fact
1132120,504,season
492870,307,large
805508,897,early
799601,84,single
424000,831,mind
1302667,283,eight
726796,715,can
957556,191,form
591765,357,sport
335982,241,skill
553789,924,movement
898500,89,apply
363416,792,man
811136,928,still
344827,215,mouth
1311188,346,edge
947876,46,popular
400026,648,rule
823056,707,throughout
459464,969,dog
1002466,412,ability
1042638,758,wind
823648,630,TV
499923,56,wonder
338660,695,mission
708903,74,argue
810958,968,war
594613,949,memory
973523,687,increase
691045,919,treat
407992,269,smile
730384,462,trip
1181683,227,fly
689053,420,cold
882358,108,people
425607,826,yes
1008124,795,certain
751608,733,professional
614643,227,child
581969,959,argue
398036,876,fast
654959,283,memory
1232029,818,half
293548,81,close
893127,938,key
324110,790,kind
1232329,997,door
729462,182,sign
530616,613,research
942615,596,her
1199315,368,fall
415317,465,seek
484795,375,read
1217422,173,item
405238,566,manage
1099553,167,land
914296,108,most
786011,582,end
918725,507,make
840048,190,drug
887955,604,similar
1013905,98,out
1225639,251,my
368796,520,its
474278,501,organization
363580,440,less
631633,828,major
634400,345,left
1123847,50,civil
497959,587,activity
792414,422,poor
299639,557,hospital
476886,46,various
905860,692,various
454898,973,individual
426242,203,it
439440,654,knowledge
694441,272,road
875964,671,strong
640800,105,usually
612720,237,cultural
1271610,471,fact
699043,155,across
1170968,964,party
723298,328,cultural
541692,36,list
464218,118,real
1093497,848,kind
318856,724,me
542498,795,matter
848242,570,source
1184706,834,song
1160525,333,experience
973029,126,show
972517,145,so
629662,819,per
926188,993,company
1294302,833,often
482334,860,worry
901663,986,world
1008811,5,better
941750,901,off
816561,125,bar
979460,822,friend
451979,48,talk
1031093,545,kitchen
450463,28,nearly
723098,40,southern
633654,47,me
956356,673,new
694558,551,expect
1110565,531,particularly
535295,772,human
521063,546,citizen
920891,649,agent
279190,306,they
633603,730,way
343922,463,must
998545,290,investment
1243387,589,commercial
857819,463,nothing
700239,556,interview
609856,733,bill
1239802,902,every
1285668,83,next
676567,729,term
988484,566,hour
802849,72,yeah
367337,972,thus
652978,144,man
735227,135,question
637751,567,real
970972,895,focus
1047006,113,present
1007764,555,day
284062,393,somebody
1175304,308,lose
788003,979,finish
296300,844,agree
514714,227,eat
1022540,145,red
1154217,484,individual
460731,210,brother
609141,560,commercial
412850,447,special
564729,176,take
335565,530,ever
366751,680,require
1235677,667,force
450384,389,ago
402181,308,probably
487793,404,knowledge
950640,607,last
318856,490,wall
326697,135,position
553085,163,tax
932482,999,think
517484,651,section
404518,383,democratic
450403,337,focus
942830,127,center
989092,717,personal
733003,808,establish
986235,218,area
860143,857,challenge
1310453,529,when
730265,59,everybody
796296,269,purpose
361192,806,through
796791,582,point
1127735,275,seek
598267,1,figure
345546,543,sure
1273025,934,institution
936758,807,tonight
1294418,361,future
637023,316,again
1033434,118,father
1274291,569,trade
1188962,690,star
625826,521,approach
1046523,800,admit
289329,951,forward
447046,879,born
1003793,485,nearly
784770,173,firm
1300917,441,program
1078352,392,draw
343070,415,class
800599,278,arm
327132,138,agree
704694,778,exist
985522,785,guess
941182,156,near
315034,236,probably
475050,880,recently
644329,77,view
1235900,789,drug
903745,472,body
891602,227,area
278845,841,development
1004479,921,east
923169,63,effort
1108563,145,anyone
733303,176,gas
779817,834,manager
550714,724,mother
1063652,462,road
951427,138,worry
304660,268,establish
795482,606,Mr
1297014,965,as
1090090,955,cost
409097,746,brother
1130100,535,always
709022,407,writer
523951,673,dark
361349,605,discussion
623762,230,outside
834487,3,car
1066890,376,medical
607441,401,plan
692808,447,soldier
744949,729,scientist
892418,986,five
706941,546,claim
1309120,269,task
897180,426,talk
1070823,223,talk
1044926,664,street
768805,866,live
1117038,506,modern
513145,339,born
526975,252,kid
1060099,896,property
1086281,119,different
1043325,459,go
1057605,60,risk
403067,512,only
1244625,830,when
713842,120,program
1006426,895,name
448412,62,six
383811,697,establish
1226978,817,raise
1312167,532,join
1160282,393,late
928451,117,well
1128863,287,that
594199,596,same
1249257,893,yes
660055,109,trouble
392692,423,inside
447713,725,serious
768856,830,source
514114,930,perform
486539,264,mother
1049240,942,professor
708700,44,project
1052908,741,serious
1099493,593,water
1265684,923,treat
822430,129,sound
281646,343,pay
894383,746,individual
647856,735,first
1301579,782,item
826116,576,here
513084,403,resource
515660,252,very
910150,134,meet
775671,181,why
414903,284,woman
992074,322,nor
1077136,796,rate
710651,34,southern
1042971,202,region
639006,583,six
1058212,882,traditional
684291,381,water
948713,275,poor
529014,284,item
1292092,279,state
1262325,252,consumer
460844,293,minute
815406,629,sing
637283,648,sort
344111,140,stock
560017,147,wait
1128551,145,need
725458,715,market
795308,844,scene
821121,51,can
842871,441,government
730670,595,together
441019,256,morning
1297972,351,television
1213938,721,pick
1309501,477,kid
347231,525,couple
309647,184,billion
465632,470,perform
285374,398,page
499687,166,sign
1204864,726,often
621066,440,oil
494905,86,someone
706938,840,old
656475,643,behavior
338167,876,write
896895,858,ready
508581,530,fund
524050,104,general
872812,332,road
690624,320,capital
763555,714,PM
998379,312,part
494417,891,down
1203309,208,trade
560687,49,learn
707205,96,eight
785409,606,late
337484,768,all
721765,342,bill
625471,512,history
556911,223,fine
1240199,821,house
1261093,295,wear
883821,628,will
1243491,121,raise
1096352,717,skill
962175,733,artist
811157,343,authority
819911,94,whether
800362,490,try
1124978,796,remain
899258,759,large
1041935,205,know
802698,698,now
1045593,999,tonight
296768,922,remain
640385,667,like
817213,251,man
1096155,485,affect
399527,109,range
327236,754,local
561822,239,phone
497210,955,information
296947,471,join
741288,697,sometimes
304848,613,after
1207191,96,suddenly
495517,632,name
865599,304,card
586313,458,nothing
1235500,606,could
599686,449,those
1108503,944,law
470595,245,turn
933260,795,both
1053893,345,past
1066031,249,second
305521,914,compare
554129,898,write
463815,167,piece
870133,378,north
1232702,544,drop
1192224,690,minute
1181141,476,party
321994,622,thank
605697,682,both
1090474,381,ask
979288,63,include
411878,992,alone
750377,579,billion
616891,259,experience
326504,951,edge
993362,774,focus
1078934,190,should
986822,236,economy
353514,658,house
638777,769,reveal
1235192,734,newspaper
1227722,717,age
1227750,956,financial
920968,154,once
1006770,860,forward
412967,838,director
1242511,519,eat
1053394,466,minute
1137063,279,my
1260070,665,development
898706,907,civil
1097005,755,task
1153073,91,power
1067299,257,room
1202928,539,loss
851954,243,site
484482,653,fight
1278444,52,value
854753,122,admit
1081720,844,sense
602065,911,form
972931,156,model
496520,298,institution
314976,759,move
364545,652,tend
564287,351,record
899597,936,poor
905774,931,director
841906,490,service
589133,572,remember
758573,186,raise
898111,708,deal
1073570,162,science
795952,122,kitchen
563209,916,law
531680,869,station
323952,912,value
328718,310,type
668885,699,develop
1148280,18,community
1089423,613,benefit
408155,279,western
467752,480,family
511498,253,course
1304657,79,many
981324,331,baby
298533,517,look
518081,526,customer
846283,627,skin
943165,121,current
1009761,339,back
478270,332,quality
994613,443,for
699570,112,between
1273038,573,series
1199326,911,age
719421,977,myself
661520,324,party
1064970,140,college
613339,512,light
1150555,821,against
566429,191,response
1301272,157,every
1225946,87,edge
954018,539,sound
383073,132,physical
1080639,843,career
554189,726,author
813101,109,seat
1239782,609,I
877960,488,data
325297,503,medical
1116070,798,town
569616,909,reason
1230370,352,heart
824012,54,enjoy
305635,640,writer
1245489,273,international
438334,486,up
681654,874,music
983444,292,general
882361,995,meet
1106367,460,quite
650290,457,strategy
560790,976,if
577942,987,various
1265499,873,return
1009548,874,chance
1134516,516,commercial
996736,225,may
611185,730,economy
1053157,860,nearly
1138635,936,already
675950,959,seven
1171072,796,difference
280314,893,popular
1025800,788,chair
1273281,554,might
871498,224,opportunity
971015,441,situation
1273673,301,southern
955215,794,my
1224754,887,service
562680,476,positive
662100,884,role
1055919,663,let
458722,256,at
1243539,873,notice
1074878,547,happen
623589,47,morning
394862,943,accept
942025,939,many
479999,53,market
1032694,729,hundred
291830,833,network
1176563,333,soon
1274069,785,show
915907,799,mission
588581,65,however
380893,116,draw
477117,835,these
805935,242,develop
468625,314,a
1059361,766,tend
446969,651,kid
1233684,201,difficult
506391,705,crime
544120,810,couple
1186531,121,when
1219223,687,choice
308631,654,describe
799452,718,especially
336204,503,pretty
649896,508,where
777801,196,offer
643855,683,grow
351970,725,great
689561,676,group
648620,666,last
930432,338,involve
738419,267,left
870319,385,visit
1216198,936,main
757085,529,player
1081992,125,organization
768644,747,something
381385,826,his
980355,437,let
943369,354,or
826393,776,western
693788,588,early
1175910,170,nearly
688608,896,woman
1197402,825,hold
969321,977,material
336378,26,effort
431997,2,kind
595293,649,probably
316065,391,in
624994,646,pretty
1296253,898,institution
755237,939,study
385043,697,data
1003703,776,message
851611,18,minute
605800,270,bag
465796,458,size
1155419,370,water
379267,689,suddenly
1058866,238,subject
1297321,692,material
862520,640,use
1271060,881,form
1048118,232,note
1304861,36,standard
387552,255,across
1028305,310,mouth
1154561,787,even
607298,807,provide
808822,77,chair
692418,168,hard
1058533,9,if
462718,895,wrong
684029,552,travel
523962,810,develop
298683,333,discover
848479,85,from
943523,576,several
973134,673,full
1066443,133,forget
750265,959,staff
1109978,534,amount
354486,647,fall
1130826,968,interesting
991265,774,issue
455866,476,actually
1110645,724,improve
909033,752,black
739789,972,special
1011365,567,look
575614,639,green
1186859,73,school
635648,924,today
303787,423,box
1126781,370,personal
616080,216,term
1193580,427,stop
739805,431,event
326769,601,almost
813210,251,add
552677,811,pay
804767,141,challenge
563284,643,fund
573973,368,blood
501236,908,image
313744,348,state
803434,700,medical
368473,101,do
1084822,231,college
431545,848,music
673841,971,operation
1019682,623,minute
595561,81,indicate
593401,702,care
1279568,572,analysis
1127868,859,health
1169115,107,morning
1092241,340,open
1115979,749,country
738674,707,whatever
730885,899,scene
795219,898,time
1080033,128,whole
991443,539,produce
520566,560,season
1143869,356,store
544267,857,region
444028,761,while
633630,629,mission
1011572,3,thank
1116785,589,sort
439431,937,admit
1084406,896,inside
964737,674,thing
321110,481,arrive
1180772,644,state
574355,539,memory
882705,708,project
381329,38,set
531045,953,dark
909798,624,difference
1301132,905,rather
1005470,652,hair
403579,451,president
1018450,532,team
347041,585,tax
1263935,163,ability
984358,186,professional
658764,578,for
522164,476,family
1199354,856,several
798897,889,happy
1200676,937,large
1074705,583,left
1086608,166,short
589492,368,natural
642485,67,central
1005979,941,structure
1177827,381,quality
671390,516,throughout
903703,808,write
358918,458,evening
1244609,765,our
1293092,757,cause
520705,235,give
689511,423,specific
1108924,169,although
943655,878,game
521805,729,tough
589644,552,news
1244070,541,brother
1312925,557,opportunity
309368,592,such
710150,346,word
1122593,572,actually
290936,772,certain
319099,933,black
478127,39,cover
326583,961,sport
421058,702,statement
878991,229,during
686865,308,though
723586,85,each
802893,333,garden
427913,944,who
825783,740,significant
519302,90,worker
1019891,923,matter
559951,158,leader
684628,542,majority
1102396,505,with
674916,938,claim
1144721,44,when
1087254,658,impact
991431,224,little
1202861,697,member
952125,762,science
598973,995,section
763265,314,offer
953270,397,listen
604969,338,professor
1070210,290,reach
1279883,666,will
740501,807,one
1248804,73,first
555430,336,energy
321400,526,war
1285111,453,meeting
664120,236,realize
682751,982,while
1228319,803,source
971251,208,back
991381,958,produce
478105,645,civil
382286,155,whether
975698,610,western
734401,517,international
1095337,962,size
797176,92,candidate
766321,921,so
526436,389,among
1247261,244,always
587972,830,least
625343,137,decide
530755,16,difficult
1058304,614,play
965831,280,a
553182,205,tough
1227084,402,analysis
293833,248,oil
641981,483,late
1209962,164,recent
1226523,429,yeah
738899,332,magazine
1220581,515,morning
387608,272,upon
599867,290,really
1137980,344,store
461126,298,star
1024650,707,why
917603,632,us
786489,126,improve
1071942,669,north
324626,119,short
1010723,1,game
577296,990,from
751339,341,source
803514,979,main
423361,222,room
543702,469,lawyer
815587,255,information
1038283,38,four
1113834,271,experience
585507,732,law
815021,346,nation
624577,293,kitchen
468273,69,answer
1298124,704,after
725686,917,this
538958,263,war
1099465,283,face
935043,600,thought
573883,514,today
999827,638,business
557617,278,clear
998399,43,man
346851,907,who
1021794,945,involve
607441,599,outside
751869,399,campaign
1020626,912,man
759367,852,enter
546704,143,national
1090996,441,her
944771,39,sing
1222162,172,listen
942804,506,hand
525324,853,against
867111,630,especially
333503,771,foreign
1282176,766,form
938718,128,present
889766,196,analysis
1071819,353,reason
1295782,836,glass
492429,613,first
419739,766,so
606896,323,serve
1014508,185,building
709314,400,sell
1195666,944,yes
957155,783,budget
293122,143,purpose
1175405,97,do
1120497,525,wonder
312148,663,behavior
666598,253,couple
715470,193,but
386537,180,citizen
831744,476,follow
1039706,686,plan
1230611,625,magazine
579604,850,never
968986,312,both
477692,881,leave
426229,493,sport
1098032,234,according
1185310,981,some
1153224,664,thousand
448496,607,item
969573,70,then
1144950,539,create
526243,688,break
384829,717,already
855622,668,carry
958702,596,wide
932429,90,bank
822056,929,market
403540,966,bed
422149,423,notice
296555,535,own
326383,998,morning
712885,374,room
634912,633,sort
1212001,163,must
711487,855,low
551584,312,should
539293,460,morning
449665,257,organization
1010255,13,us
716733,143,garden
862309,293,live
1264334,477,specific
799091,587,country
509391,505,cell
528667,262,artist
712254,767,event
519566,336,pattern
689543,901,occur
889012,729,ability
1281298,698,open
584353,77,pattern
624079,74,general
475672,468,new
820118,606,standard
998578,537,research
1297694,68,just
893017,333,hand
950983,676,set
793678,170,apply
1267454,116,growth
1152689,107,baby
1055543,512,hour
1054161,254,house
1092643,690,mouth
1252306,683,pretty
994726,287,shoulder
875271,405,man
569596,572,accept
858223,699,Republican
810355,265,increase
648767,141,partner
977276,956,practice
573981,346,present
674075,635,newspaper
1030652,680,employee
603334,469,hotel
680307,278,only
708767,937,improve
402814,546,white
656806,712,stay
1268266,702,sort
402259,151,role
489396,314,agency
622580,135,your
1011593,285,resource
820976,767,remember
282449,944,film
863714,658,understand
474101,652,indicate
806209,116,southern
459297,902,peace
830349,287,free
938785,883,onto
933934,265,size
1043733,375,may
726984,893,total
1067482,592,either
1128291,235,industry
1244096,576,if
482952,589,of
633994,348,group
1126054,928,participant
473151,155,describe
470131,93,at
842902,875,network
1181794,675,capital
965438,328,people
848813,170,fact
1016088,40,total
355610,274,action
908212,300,might
967533,583,than
974678,106,teach
1060286,50,specific
458141,253,open
762157,993,small
1228291,277,condition
664648,265,ball
1148585,102,budget
1199911,535,person
1206112,260,color
422470,489,some
593672,330,fast
285758,293,two
1148838,307,fill
296870,813,measure
552938,834,those
1253619,921,hot
1002847,868,town
690990,7,yet
541707,388,for
736763,626,international
1017029,646,little
1012442,159,have
955095,536,standard
1070563,823,prevent
296311,416,type
1048675,771,must
719929,487,cause
726005,198,no
498841,857,tree
687086,917,similar
459703,496,next
763474,86,above
583190,174,assume
1001158,675,similar
622810,675,its
876209,374,certain
289134,149,pressure
613468,960,hair
814951,573,open
501309,82,risk
1174190,2,know
1036118,856,generation
335505,267,similar
1211824,25,film
1013323,34,development
665237,957,whom
369989,807,back
838801,340,writer
547381,739,relate
976134,888,power
551178,830,ahead
632999,124,ask
334007,680,military
949732,947,fear
718615,361,stand
1046355,774,skill
426017,9,rock
1220423,536,officer
547908,296,report
404742,45,economic
804102,672,whole
735603,218,example
1063028,543,hospital
637447,141,mouth
1155529,995,factor
737731,992,remain
381543,819,safe
949901,305,catch
657358,989,state
499989,471,seven
1024892,841,audience
953176,37,discussion
919598,505,stage
668332,10,read
1128869,864,so
1285550,875,main
1064603,923,thus
634736,460,effect
746284,13,course
313659,95,still
992001,762,agree
1134967,547,security
1185446,477,speak
626114,162,federal
302870,333,nice
640503,513,speech
784264,256,while
722837,232,market
1279311,323,responsibility
1020683,111,scientist
672294,155,yard
1194640,353,Mr
788868,444,sea
636309,970,care
527624,862,month
365311,935,hold
621467,729,maintain
823244,503,carry
1216639,421,young
778091,647,range
606698,801,mention
913894,221,suggest
1270773,882,meeting
666114,812,career
726062,835,bit
391313,352,nothing
847256,286,from
1131088,549,when
596386,446,according
449509,684,game
631118,115,federal
1257345,470,stay
622983,323,not
455286,915,thank
498293,678,pay
975619,35,cost
766027,127,of
780190,364,trip
690544,338,body
330016,648,drug
1244847,178,right
748043,404,relate
380058,388,leg
341410,891,else
713485,207,fight
469953,329,surface
1117613,965,shoulder
788262,585,spring
1074384,538,many
922698,153,meet
682629,532,stuff
1222293,539,result
494125,250,audience
1259340,919,painting
927990,891,heart
898710,79,company
1233221,558,road
953423,756,must
1132510,277,watch
825539,839,including
898475,498,available
1155579,252,economy
1055217,984,customer
464572,811,general
1081346,422,thought
461524,547,tree
412848,620,their
1111739,993,trip
1001020,61,drug
520149,941,suddenly
968016,331,kitchen
492038,144,skin
359366,411,physical
315784,844,discussion
282734,358,door
1167583,646,tax
391005,448,manager
890928,760,task
327821,752,light
1192453,667,eye
658534,393,education
302511,11,allow
812976,279,anyone
895657,758,sea
961195,96,appear
447994,886,board
948739,362,consider
1224064,514,behavior
988414,23,cover
964104,54,page
340611,959,enter
398378,993,away
318833,781,reflect
578745,403,factor
664391,616,special
441948,118,letter
318768,548,appear
627696,445,thank
408049,789,major
900936,787,over
972072,444,because
886162,929,five
564332,608,hair
918873,780,day
1282354,18,explain
1158640,739,traditional
293258,451,member
1106388,679,him
776533,915,many
446670,187,his
1158096,965,him
1072730,718,body
744003,570,nearly
1120060,329,make
1283583,56,truth
1132879,814,whom
574568,235,author
1249091,950,piece
337951,526,fear
428061,315,trade
377545,529,pattern
364196,541,material
806488,997,major
320388,359,available
565134,309,of
998832,58,be
369158,951,pick
965563,807,note
727523,404,life
920616,595,environmental
334493,997,address
953280,143,model
424765,628,tough
354792,858,remember
713429,721,civil
1194867,67,machine
794511,117,age
611387,931,amount
1208248,203,foreign
933285,252,effort
1035749,7,treatment
720133,471,information
699880,124,single
1167409,689,according
1307415,411,hospital
1056075,620,author
536806,356,book
683094,367,time
396239,193,food
1247395,455,range
391651,657,table
550367,114,ground
1139902,925,ever
795188,506,answer
383441,391,recently
489822,598,but
570169,591,former
958391,998,movie
748156,858,natural
313545,365,bill
705236,99,science
652911,252,her
1018851,123,write
431152,707,bad
471797,805,hear
547649,575,day
374660,45,choice
1181657,182,visit
1288551,891,cold
1055104,238,drug
951753,479,camera
1040282,845,picture
690966,605,member
1075074,826,share
1142415,607,western
488796,325,term
1234611,787,during
529439,26,movement
1152028,987,next
1101953,902,always
1274246,454,up
698689,464,speak
714781,76,skill
704406,321,something
1294650,489,series
815363,204,every
1305270,353,discussion
1133673,47,TV
1171215,803,inside
807474,959,expect
541684,974,feeling
329655,339,detail
761368,883,too
508642,114,people
631486,737,task
693295,676,small
1043619,709,third
553650,987,evidence
612372,22,method
740241,266,learn
1204439,997,film
661707,190,believe
695098,344,executive
1235088,424,sit
758651,67,fill
870694,356,pattern
895140,565,admit
741917,617,detail
961263,653,son
663521,411,consider
553756,63,risk
442318,154,media
1051998,947,fire
852496,653,ok
1039644,49,attention
1080101,498,ten
626757,356,attorney
310945,117,book
673999,56,also
1248340,938,down
754464,581,modern
618573,958,word
1034670,611,despite
1114822,217,record
1069176,285,when
420298,6,window
797730,144,well
806106,612,could
1053022,660,number
452436,803,citizen
1282498,335,value
1125659,226,pretty
955998,287,window
1161664,268,your
787007,838,up
1013904,568,good
1043889,632,thousand
573094,914,heavy
1130544,522,factor
965265,906,but
875067,532,research
301336,176,blue
967586,886,with
562468,439,through
1286682,319,free
1160806,944,yard
535050,835,professional
659340,331,evening
1296927,229,coach
704520,904,though
1064246,158,to
902054,740,event
816070,630,color
1109743,685,field
1208991,170,black
843895,643,red
570708,416,edge
743246,228,director
935207,802,effort
395447,37,simple
486401,724,door
290182,436,group
1022207,909,return
474863,931,full
1006965,498,increase
504966,856,chair
569751,689,in
1147360,619,quickly
936426,298,before
806905,560,on
944645,255,total
697918,580,seat
966184,746,there
444583,343,return
877833,9,edge
714853,809,officer
1206410,787,light
842482,847,manage
609080,154,their
1226217,93,order
284643,622,really
598603,664,skin
439170,876,sing
460661,578,provide
567682,686,wind
666728,235,fish
395099,799,too
294273,966,move
1079299,595,at
602830,17,follow
353349,78,visit
1236420,86,price
1097652,37,election
1277223,812,simple
327711,756,material
368865,806,else
1085945,109,deal
1108481,931,force
1258448,180,position
320216,951,research
939968,74,while
1006786,55,drive
804755,25,sound
778939,809,me
585627,550,site
365466,89,student
864516,770,indicate
1047801,501,why
1142729,99,certain
801263,552,art
1065542,984,girl
302043,273,site
1124025,669,world
926385,155,though
462528,410,goal
722644,819,record
1286534,570,mother
1257614,905,according
630274,267,identify
432504,579,position
320482,335,music
923011,985,bar
1220194,230,sing
1110621,319,call
515123,49,customer
1089883,602,difficult
1198762,639,write
499985,243,subject
655969,860,current
701774,104,yeah
861459,222,middle
724660,256,government
1047451,131,rock
510100,654,alone
1241992,677,their
990375,934,hospital
759791,917,environment
429646,401,sing
1161652,821,if
1263514,795,investment
1140379,76,people
453318,342,unit
522126,836,lay
1212934,165,ask
1216804,169,budget
839064,863,way
650301,266,drop
1073808,909,off
908870,459,develop
1025843,447,again
459099,733,way
1285178,598,memory
979838,935,rock
509594,597,entire
1178932,76,plan
1217781,353,owner
1042690,825,kitchen
706766,604,house
530600,659,just
828268,634,century
1031222,794,network
442172,304,well
1127697,972,top
391500,786,nice
1164811,588,computer
1072232,864,mission
386442,716,medical
937327,827,seem
859325,778,author
292247,54,its
460366,703,market
774198,100,news
1306999,530,sell
918881,604,for
1089515,725,industry
752590,221,perform
800694,785,light
1255015,661,ready
964418,152,early
762751,582,leave
1265837,124,international
600705,776,involve
639954,315,law
647411,243,probably
1271535,206,shoulder
875248,701,picture
681929,244,everyone
844172,288,customer
1241448,334,project
1279833,743,black
619006,987,role
933080,356,especially
478716,876,successful
957179,242,style
974745,95,practice
431261,805,black
439772,56,determine
800832,22,institution
349739,730,what
699587,139,key
968430,243,power
977815,431,occur
749774,133,fire
1197573,496,money
1262606,499,need
862356,538,long
781756,589,seven
770337,492,ask
1294706,364,ago
1237439,316,white
392926,232,two
303982,612,senior
472916,167,expect
327200,478,may
867306,964,second
624408,786,then
782449,127,learn
466613,284,one
902068,228,citizen
686397,673,century
549609,663,air
281911,831,situation
595538,375,successful
667143,472,hold
830187,902,series
837943,985,themselves
492582,566,trip
648962,756,wonder
830062,665,design
1153290,86,threat
1158262,535,movie
333893,206,technology
1121955,577,do
614076,887,across
333947,593,reflect
630190,72,wrong
1214243,774,all
390275,858,beautiful
279952,330,ten
577701,936,anything
684654,839,pick
496154,301,condition
665201,995,garden
1204067,449,worry
894581,407,ready
1123350,282,more
378445,77,type
340617,900,address
504008,656,represent
941286,138,spend
389674,562,both
864531,793,someone
280188,318,population
1289052,431,key
1207908,705,common
983473,424,sort
796822,465,hand
364187,327,listen
867193,526,hotel
661666,507,action
909015,143,area
512219,628,miss
869121,136,argue
682860,902,rich
416463,80,since
676661,171,it
879673,35,mention
920520,20,fine
753477,722,knowledge
1219635,106,option
1074922,528,prevent
738223,796,week
740393,753,get
639858,611,civil
320258,396,color
1220233,482,task
869761,377,window
329782,606,change
1087113,861,certainly
992862,196,however
521412,651,son
1247037,411,probably
933421,360,bad
1010932,394,sit
297955,704,rise
673830,198,success
1041587,245,machine
389453,513,allow
717661,717,quite
518356,713,admit
758044,355,support
857505,505,security
780295,733,with
739043,611,tough
476207,381,establish
310091,344,evidence
734454,796,place
760985,374,position
331762,953,form
731400,744,mean
686964,294,must
1136673,803,between
340457,154,race
853151,199,place
885364,512,material
845243,1000,statement
1211940,443,worry
565912,39,thus
841112,409,soldier
1114372,67,begin
614793,362,identify
1253339,411,sound
761763,352,per
932279,583,Mr
339178,642,somebody
706246,572,build
1312218,945,body
516507,872,always
824753,354,billion
692984,223,treatment
1065568,400,feeling
1142028,565,thank
530702,413,soon
1242128,137,image
1259180,478,however
415510,68,could
893650,606,community
477678,785,large
1194352,672,receive
1199624,9,safe
1135006,855,support
289932,288,certain
887734,648,organization
733075,638,involve
1091084,58,time
775957,11,relate
1238906,370,society
1245445,646,perhaps
1175274,480,you
870748,480,song
521591,393,worry
1195759,460,share
1304128,70,interview
1209346,474,born
788938,950,economic
886877,951,movement
439453,344,open
793629,410,risk
292911,987,it
460700,778,instead
1080432,590,positive
723085,226,technology
393010,47,finally
390016,947,there
410501,247,nothing
932315,520,common
631819,414,buy
903087,966,something
1029187,436,them
531730,668,probably
969218,580,anything
1197576,981,take
855972,668,pull
941322,584,mouth
1101589,260,if
434270,563,citizen
334522,43,blood
1158057,304,fact
1031945,830,morning
1009371,658,cost
740320,561,his
865673,32,shoulder
400236,806,if
878041,101,or
863753,939,small
762583,962,fish
375043,613,laugh
696817,722,statement
964126,168,lawyer
783150,447,many
760632,590,both
1176417,767,stage
385319,183,everyone
688028,71,old
773180,758,sing
515837,21,though
687472,691,heavy
717287,875,card
1102323,536,make
314929,595,themselves
456661,397,worker
930065,52,would
1024799,918,choose
1220517,643,best
993996,129,above
1070563,397,environment
307674,524,mission
588284,527,spring
791572,728,many
1093082,521,develop
710620,622,get
746252,651,adult
448649,266,still
858135,587,citizen
1086972,942,everything
1104498,743,range
418993,507,fly
1231276,346,religious
313113,426,create
774512,391,clearly
295187,847,pattern
732919,498,reason
858261,25,my
1263103,619,two
307349,557,try
1092641,394,attention
1009372,601,set
292684,940,hit
383883,591,check
295557,875,middle
376417,50,moment
478412,899,offer
414600,653,never
1252707,112,campaign
678859,100,Mr
285625,830,executive
531966,916,security
513585,664,everybody
519511,610,contain
613388,189,our
600309,802,these
1086825,210,region
1191568,783,operation
343169,448,peace
1096194,121,back
1179230,696,bring
960415,698,success
1037452,287,plant
831169,891,speak
420675,23,interview
1160376,749,we
346563,488,shoulder
435347,373,finish
731655,316,since
1176804,341,bed
961377,361,interest
610571,181,year
1135228,789,administration
1163063,13,experience
597818,163,year
552021,963,build
886252,482,where
1173172,161,policy
862786,523,budget
576325,619,town
779634,335,up
956323,727,fast
860886,384,drop
664684,828,computer
1040909,744,someone
650742,456,off
781795,245,others
567867,383,performance
1064285,502,teach
1084822,513,people
763146,489,write
540868,672,there
764664,15,just
961002,194,represent
945345,30,no
459637,388,pay
1016246,45,assume
777185,413,behavior
810267,296,between
352732,347,discuss
989583,513,home
895550,531,court
1010931,295,pretty
1067709,835,thank
958101,910,base
699705,725,prove
1124144,453,study
565478,399,meet
860343,538,east
589085,705,player
932521,225,fill
646046,851,again
1147292,42,push
483645,934,ball
743360,588,anything
577378,878,firm
433888,828,old
1121402,169,make
754190,429,bag
760366,345,never
1272181,680,sport
861654,743,how
473891,387,hope
1310494,831,get
1204359,132,recognize
855051,74,write
365839,616,idea
375855,922,board
323580,395,degree
896472,557,like
633812,684,condition
438282,282,also
318023,633,purpose
1253029,175,during
982861,979,issue
1269279,795,discussion
828452,406,form
1170764,319,rock
1143877,54,major
1257341,488,easy
656811,699,discussion
1217928,679,simple
556307,962,pass
308157,597,study
954080,26,writer
1075913,620,memory
1272762,156,personal
331060,39,kind
414611,945,social
300470,226,kid
689799,429,degree
882225,693,choice
293032,250,seat
811361,21,public
905321,564,front
960405,384,reach
1055651,111,environmental
574669,683,business
833015,896,financial
1166275,263,news
611127,478,character
749317,66,process
1145874,378,run
709493,783,address
1195023,756,product
513418,210,remain
478811,903,blood
1145185,433,claim
761422,930,care
573603,559,house
984241,64,significant
625181,178,customer
853481,204,dark
453214,59,other
313877,987,this
847387,972,remain
805269,965,different
1298664,272,school
985453,995,former
576101,720,draw
879942,190,agree
950945,632,herself
378660,76,great
991386,262,PM
466131,823,occur
1284785,292,protect
873190,580,oil
880966,932,response
1295824,700,citizen
1180089,656,task
722588,629,week
487628,987,again
570589,837,high
391214,442,effort
614526,821,blue
823656,114,road
619304,841,attorney
867649,391,job
489925,32,mother
1134258,485,to
832229,969,affect
1178345,758,list
1195927,337,important
977855,592,including
1095367,535,kind
686296,619,defense
529712,886,more
1240737,659,early
637741,699,seek
786137,407,indeed
1305404,103,my
362365,134,ability
456931,713,relate
430772,288,yeah
941022,260,too
1172996,479,central
1308147,357,board
504861,371,during
1298066,435,including
1042121,625,hundred
465879,125,find
392293,279,travel
1274082,354,program
1251366,171,Democrat
624767,135,young
951538,984,and
952023,587,card
1259955,21,law
876304,792,focus
473833,89,appear
420687,982,than
669507,470,skill
1304037,586,under
999203,812,job
1204267,754,save
623784,810,kitchen
949147,127,fact
349310,828,on
771350,786,street
1118323,300,account
304684,215,no
541065,842,factor
909876,788,fight
522499,806,structure
703517,821,discuss
929573,137,standard
1148235,765,according
566346,514,offer
618779,568,site
781148,96,green
1196037,627,room
495277,467,sport
848104,895,across
1128218,714,find
764065,598,idea
1118168,789,program
535273,632,play
1067076,545,represent
723412,905,out
964087,714,daughter
897227,895,until
773782,401,rather
421460,302,weight
601055,978,small
1125206,308,market
987431,756,break
834136,601,gun
953173,855,floor
464612,850,summer
1182480,87,school
857364,214,hope
910397,125,animal
1119796,426,true
430498,331,leader
573097,557,generation
769162,711,marriage
1078625,824,perform
518023,411,music
404143,368,performance
685353,692,food
1062025,637,study
309771,842,sea
349643,132,also
313521,580,Republican
794224,819,agency
1288898,276,allow
1091848,12,poor
1151121,714,play
646365,568,degree
1010309,572,partner
966316,149,able
288672,424,compare
568089,848,heart
944424,414,whether
494896,69,agency
463983,102,drop
968917,183,just
315659,988,director
912627,305,happen
463441,204,project
494568,786,Mr
851980,401,environment
1085962,310,time
518577,416,various
498622,164,film
1273718,75,many
437563,3,it
1257613,761,forward
484520,314,shake
602506,997,see
750194,423,serve
330448,600,while
683176,300,despite
635468,394,voice
870673,726,task
841808,887,talk
736627,919,treatment
1149282,3,eye
887172,16,should
282184,773,bar
755356,281,sort
1030573,317,thing
662054,75,wonder
494363,862,stock
968904,849,guess
1089256,7,trial
1174082,488,environment
366270,645,billion
1266786,953,blood
1209375,37,decision
663509,644,without
660165,669,happy
503242,300,someone
608126,512,possible
696951,852,now
518362,78,training
1284417,715,along
1079043,693,environment
392593,600,music
966702,26,the
1056330,104,imagine
541984,534,man
480741,837,only
334860,717,record
1181161,870,participant
582095,140,still
1211381,802,others
412474,84,result
1281757,536,us
1020025,458,week
462434,571,section
535116,105,surface
732548,414,wind
468497,917,southern
557812,650,stay
947185,708,size
294118,736,sport
1171647,7,sell
1021576,755,coach
652269,701,less
1100994,616,war
339560,371,eye
379206,441,whose
322928,338,watch
749699,662,than
1315431,234,far
971357,748,blue
975521,500,network
1012792,100,gun
488838,678,well
293457,97,world
409204,897,old
491775,684,campaign
861145,537,mother
967942,580,course
1194891,361,news
907317,687,fish
1250164,316,political
1252346,276,benefit
457814,541,when
669022,201,how
1126074,486,tree
318263,802,commercial
1278970,891,industry
822406,560,fast
813538,864,perform
707168,88,along
348914,491,chance
792868,202,alone
289684,424,former
934215,809,because
569750,548,type
1098276,940,test
302649,928,people
1181726,806,thing
749593,379,agreement
760591,886,occur
1082778,631,why
459465,827,case
1213903,648,into
371316,134,live
491257,753,whether
469037,304,general
604422,291,across
580219,195,half
1255853,238,nature
478753,282,positive
1028583,328,would
578234,410,field
779753,480,blue
424048,743,likely
1004195,325,indeed
417950,715,century
556100,694,guess
762003,606,people
434669,279,wife
353524,77,necessary
461971,299,memory
1139647,267,Democrat
790494,965,change
484769,377,particularly
287857,928,marriage
1264615,632,drop
411656,534,small
1235781,345,read
812809,949,grow
516798,995,drive
897028,225,service
1020627,716,among
1199898,468,avoid
357247,771,however
1055283,748,public
1309788,706,receive
1150413,842,mission
729173,172,lay
594398,566,necessary
501048,427,behind
855247,564,exactly
913406,876,soldier
1026527,82,trade
706304,840,store
398700,800,here
469426,773,available
507782,927,kid
919283,804,blood
867512,337,power
752730,175,hit
915427,676,light
927159,447,society
1260223,634,along
811467,567,contain
420608,756,amount
672577,217,sense
760676,71,difference
880379,742,other
1148865,582,author
508667,217,test
657026,853,activity
480319,61,arrive
505307,662,either
298186,396,fund
889130,642,data
947254,864,also
656981,198,treatment
990718,138,campaign
606614,916,visit
1208811,498,over
501891,574,rest
305766,380,bed
1203222,481,and
593912,874,nature
618412,112,up
363829,952,do
849485,453,listen
310604,515,marriage
1022718,583,weight
823454,915,environmental
576259,475,quality
1266552,490,cost
797599,462,responsibility
872351,803,out
551966,177,positive
402434,638,financial
1093498,500,be
460083,872,lead
1130378,970,value
507523,784,sing
499754,203,perform
1103240,81,food
1064654,783,while
597971,286,southern
741875,304,key
783819,67,develop
920462,139,seat
1292104,456,TV
897015,533,simply
807719,412,child
520022,483,occur
1215622,635,probably
976740,775,beat
1146894,137,near
658025,594,test
997915,322,stay
871411,421,want
286584,478,style
503354,532,improve
603209,950,surface
963837,448,might
803429,290,piece
732784,613,listen
356285,710,general
650155,900,add
1304849,504,nation
373399,232,expect
1096420,349,watch
389901,914,go
1096667,948,they
668834,751,later
565958,349,guy
373143,135,American
1163413,901,dog
1278429,151,front
960152,170,specific
449234,487,send
743517,491,action
532852,507,us
887074,870,interesting
888980,7,reveal
947495,456,anyone
900537,676,leg
750641,935,approach
589360,816,option
1106573,932,staff
934253,254,prove
311382,95,not
713120,455,station
1223367,706,experience
690059,940,join
742036,976,serious
1121090,832,half
1291517,158,camera
629406,147,accept
1115964,229,party
611475,835,will
615117,841,major
1188160,209,against
355275,590,direction
927958,700,listen
1286773,805,north
408030,440,near
561878,475,talk
673633,395,material
993393,687,power
641509,94,remain
420630,135,follow
699794,650,certainly
562138,35,day
1178295,900,chance
514652,86,feel
800714,110,service
539220,568,thousand
1049624,77,former
1302864,170,themselves
533353,907,little
394830,989,view
594695,974,as
749117,384,plan
647741,799,reflect
1160904,383,court
727691,808,age
1118113,44,oil
927737,550,six
885101,934,agree
320770,428,go
1100857,735,water
406911,634,feel
440617,722,relate
642112,850,growth
434697,519,born
1289813,143,upon
318760,352,speak
679097,223,exactly
912557,328,wind
1262335,589,popular
1223401,863,stop
874695,402,assume
1313408,839,computer
926435,500,scientist
682712,650,whole
1014287,738,suggest
946430,711,western
666833,29,pattern
705873,105,its
1106020,740,never
573752,558,never
1278459,278,everybody
487866,581,table
960040,227,production
1235905,204,charge
958631,336,machine
282745,60,down
981937,243,apply
917827,813,deal
451827,262,direction
525095,910,factor
586587,471,yes
1040368,230,real
1037442,627,claim
801631,515,interview
590718,494,near
1138834,296,my
1233277,101,role
1193368,681,ball
498187,32,water
763837,191,court
358383,926,wait
1000533,757,compare
1118291,449,allow
299833,443,stage
1070873,506,him
1287693,874,specific
375069,101,difference
371594,545,must
1006010,296,professional
938149,79,dark
954242,190,Democrat
728238,387,husband
879368,605,raise
1265996,424,level
492977,141,service
1031331,753,year
457646,642,notice
870469,393,situation
662380,704,yard
525168,779,leg
366224,551,big
730741,783,fire
559248,891,sure
862727,983,step
726316,643,time
554243,913,debate
550352,853,memory
379283,89,gas
1038136,42,population
1230652,359,first
909501,72,world
1266597,711,culture
357632,228,there
680318,772,save
288212,30,card
802412,38,their
496531,405,blood
1303089,863,media
1026290,128,television
1098881,187,risk
1037306,678,at
818817,283,popular
1208070,493,time
986284,343,sound
1140630,781,your
1278068,791,process
1165582,986,put
880095,293,PM
664391,907,size
576661,432,fall
968018,732,store
967692,335,form
844990,525,sister
729215,994,image
1236664,479,I
284119,251,above
1257970,426,week
937967,714,look
1016347,805,campaign
313186,562,bag
739675,508,cell
485638,178,because
371301,54,wall
736405,3,summer
477420,86,reduce
469459,490,tree
920847,196,ready
466000,702,finally
294171,914,wall
1042304,520,product
534614,744,fund
1027682,785,cold
524964,181,better
1268777,826,draw
733366,918,kitchen
326605,309,training
605027,479,bag
529549,799,street
375500,476,computer
512007,503,film
1261042,417,suffer
1205658,46,ready
1248019,26,week
868061,220,article
1303166,141,green
643139,456,thing
977072,924,actually
654529,782,wind
759245,891,such
607097,195,purpose
1301170,391,information
437474,479,at
1119265,891,indicate
689172,947,social
1060622,363,national
1175519,968,challenge
1308368,815,side
549590,458,who
745893,367,space
972858,994,win
1068475,413,government
1115493,153,upon
910853,614,let
1304900,285,stay
568878,759,fine
744105,652,course
960855,987,which
1233675,140,job
698248,843,dream
374319,471,Mr
800439,608,month
975272,506,home
666770,70,political
655063,730,also
751084,898,staff
970193,974,police
668127,588,responsibility
1312197,856,as
1259690,990,bad
486049,883,most
446761,150,not
551347,910,order
940266,575,quickly
1085140,166,evening
1139364,418,include
933301,37,start
366323,479,century
564239,940,southern
927952,487,recognize
534651,788,by
1000453,298,explain
980883,159,half
505671,177,turn
455866,319,worry
1300299,852,new
402186,196,quite
983504,112,economy
1179289,537,painting
1187126,341,each
311525,559,Democrat
822224,38,have
500386,613,fly
885151,719,product
850796,536,dinner
868802,387,measure
814839,35,develop
382555,471,option
849513,328,return
543390,360,development
1302437,454,wide
1163454,330,accept
677605,351,also
932451,445,his
833718,489,note
393842,494,forget
1095456,430,many
460008,528,thought
454691,361,enjoy
490602,865,page
1200717,411,author
848311,635,free
389808,4,story
288424,722,catch
993641,612,visit
1016744,324,subject
1246536,109,suffer
788274,1,control
506929,50,two
735649,226,language
1085774,613,firm
734319,366,rest
822048,578,performance
1210006,867,health
545286,565,lead
937527,793,tonight
748652,352,time
379253,768,word
615270,501,travel
406540,889,modern
280894,143,group
968243,897,base
941587,717,rate
851201,325,avoid
706307,918,truth
698489,814,note
1066512,610,tax
1170876,890,sure
546964,970,old
287921,38,forward
970255,373,how
561180,311,employee
444926,105,carry
442748,764,in
670036,569,chair
896643,126,spring
1100220,688,price
1134592,807,executive
681247,437,firm
970683,775,past
1058645,248,result
523234,495,Congress
943940,840,little
782077,317,poor
1114595,485,tax
516489,41,task
873222,505,each
429582,262,new
1309900,608,leg
469539,873,true
766436,187,around
896423,454,sound
746202,667,imagine
1200667,70,then
811782,163,dream
480468,411,notice
949936,205,beat
951697,996,close
465673,588,other
1120386,39,as
445872,99,since
304307,982,resource
1028255,51,rather
939773,421,game
954177,525,image
757867,858,reason
665822,781,number
1109669,616,picture
538980,247,professor
1091320,381,trouble
721843,200,page
616467,11,expert
334153,147,heart
283991,233,one
549940,509,identify
667741,735,camera
304449,501,thought
1241456,280,other
684339,319,opportunity
770048,989,if
653643,460,drop
829833,587,every
1132332,353,huge
801958,844,drug
1297410,390,involve
1205156,476,education
406409,893,herself
334661,787,seven
666327,738,successful
447871,950,off
873377,700,guy
834409,196,into
623454,687,eat
581681,757,least
506978,242,apply
355324,81,assume
643730,936,fine
603048,337,onto
544323,136,to
1181377,34,picture
336511,185,effect
951567,389,realize
712035,25,phone
1254948,444,threat
368406,469,crime
570701,115,big
637528,314,sea
1115914,507,consider
565466,161,my
1163544,959,tonight
316440,676,could
771116,403,message
1137590,258,amount
413516,115,more
1242450,151,cause
417703,845,just
863236,578,morning
781085,511,line
1067687,998,main
1282260,799,above
642259,207,consider
482621,128,become
828494,343,man
737492,234,enter
1041224,767,hundred
479176,947,firm
1279154,6,rule
1135378,822,then
844015,80,statement
521911,935,shoulder
1055358,89,as
784344,322,too
940873,894,specific
1196933,653,song
969488,368,executive
1304824,470,turn
1233541,915,say
674860,450,key
864273,700,I
1181191,611,cause
1011301,596,oil
677764,630,activity
1104570,118,focus
943139,48,certain
837170,438,field
621238,237,artist
980063,904,their
450130,976,way
633919,368,foreign
954335,980,wall
666503,77,school
740687,79,hundred
1156410,959,within
756838,575,tonight
605640,762,others
802453,892,building
1078582,804,head
913392,713,fund
1034476,750,indicate
554828,917,strategy
811542,866,book
1292271,27,democratic
594073,577,visit
1148842,841,help
952233,195,say
968052,466,attention
1251795,610,history
1131867,172,task
589208,632,decade
905768,127,toward
1067504,995,defense
806434,636,store
504109,879,follow
432502,335,yourself
542389,245,member
617659,205,camera
627989,350,wife
677241,991,prevent
760336,601,sort
844359,303,population
987046,391,always
729831,455,research
487492,374,nothing
759591,272,matter
518528,383,church
611268,10,fight
445026,53,program
946545,688,area
702329,158,service
783385,851,affect
1104284,751,article
567171,699,company
507368,303,room
1232843,624,prevent
775372,994,country
728912,359,social
852398,161,enjoy
1235550,188,win
791638,377,because
1043160,898,realize
1091061,575,skill
1027167,603,machine
507567,565,record
708604,659,drug
845158,559,cell
405117,1,most
615409,510,pick
287389,134,stop
497168,239,culture
1286359,426,spring
557154,456,detail
767930,115,me
605571,445,building
347861,235,throughout
1040940,663,practice
809199,251,small
695415,919,without
625393,622,glass
955967,931,west
712519,364,nor
1097411,815,prevent
695295,659,production
281145,877,example
385640,978,shoulder
650332,406,choose
869926,714,husband
719348,508,fill
624900,781,sense
325497,516,success
605427,201,stock
1088934,19,increase
711491,434,everyone
357818,140,bank
643174,905,or
646499,263,better
563813,871,character
1049452,852,and
861544,356,according
614074,475,think
712683,801,mean
797676,49,wrong
575294,477,market
832429,984,executive
431874,836,happy
447431,1,model
583254,596,expect
794564,498,young
504389,306,with
695835,8,role
1019477,210,money
545131,738,both
640481,476,environmental
407467,155,treat
487603,951,rest
1265460,462,husband
906073,80,capital
980341,968,hour
633908,496,together
673734,631,modern
1017033,171,stage
493296,532,effort
1183553,579,property
555918,928,son
729765,110,blood
709762,789,shoulder
336593,650,decision
647700,386,democratic
588351,434,himself
338445,277,lay
1283197,948,also
1202947,303,image
900959,244,challenge
693474,382,court
1203610,402,then
851762,767,environment
1083475,281,light
1265474,499,pay
692831,118,street
1159714,285,nice
435049,538,quality
565245,569,give
693681,952,according
468090,769,whom
710949,718,to
913234,407,season
732382,939,history
1041351,188,sometimes
445487,355,see
875485,932,want
1196951,795,west
696978,317,arm
752435,973,improve
930057,290,four
1039755,446,lawyer
1163098,360,trial
675142,410,campaign
915137,531,yeah
1230773,713,prepare
1235630,597,increase
1271165,884,sign
1100394,766,public
1036311,19,thousand
1118899,5,more
789747,197,on
603708,286,somebody
672428,265,you
1225018,586,design
645513,514,start
348044,900,improve
368753,816,fund
1273889,730,serious
957350,767,thousand
1076458,236,line
392106,866,foot
646671,596,always
673892,888,successful
576290,143,contain
1133873,145,prevent
1214309,346,third
775858,349,doctor
1108613,289,consumer
1082545,147,much
361104,93,leader
609317,265,economic
1310491,243,base
638144,433,citizen
379679,601,class
1309379,897,official
446309,351,some
312037,49,total
917105,835,you
1038662,704,hear
310873,583,near
1033411,924,live
764825,362,would
570976,186,successful
546223,467,song
1308132,540,lead
445501,73,network
1163129,476,film
967268,36,within
883410,702,citizen
1135321,114,happy
859252,837,case
887174,513,six
1267144,35,war
510572,893,picture
606544,497,current
856933,131,into
963965,741,recognize
835403,266,there
1073313,297,industry
770958,662,discuss
1091477,448,use
1236216,82,have
699390,707,some
745428,949,order
410547,899,international
520955,423,become
294100,245,capital
310944,627,Mr
805226,65,with
507814,608,peace
802172,414,language
651519,789,century
517943,40,building
873334,130,common
338363,720,final
636150,933,new
367304,90,support
1244254,690,skin
989847,34,fund
532316,933,you
1235761,224,radio
1204026,735,how
348238,271,difference
331740,2,participant
806133,830,rest
307108,292,require
1132351,568,unit
717914,300,while
448862,573,quality
824716,818,difficult
1300516,76,write
669984,64,some
1139164,140,practice
940298,894,others
1044650,582,star
772798,881,side
358137,366,popular
312569,226,painting
512401,456,fill
828342,372,gas
756169,178,would
724792,445,property
494930,47,life
963725,880,others
1177125,116,arm
390199,446,give
984497,147,environmental
910013,757,challenge
1265342,513,official
334696,21,deep
628572,181,miss
1083806,988,continue
821615,566,information
946664,640,central
1226016,441,lot
593792,151,author
1212501,816,couple
371716,374,crime
573732,190,very
1120839,782,onto
853533,3,quite
1314257,84,owner
587252,197,step
1109348,581,nearly
1290302,971,threat
301843,477,doctor
708861,465,page
812919,509,bring
1173132,974,account
867830,684,quickly
716125,26,black
1183103,615,half
823842,735,discussion
1077322,74,move
1076523,609,woman
1202744,2,wind
827251,3,environment
874118,221,democratic
291152,913,agreement
760763,869,walk
850166,156,office
921940,755,American
913527,595,president
569110,593,fear
863983,498,data
901430,522,religious
992423,611,however
823631,737,again
1285165,187,reduce
525597,329,health
543632,970,bed
702302,538,authority
1051151,246,easy
290437,442,clearly
1125119,51,question
412837,728,during
503387,589,page
727986,663,fish
801086,591,he
575059,604,recognize
308361,254,office
657473,808,citizen
336347,417,song
440877,767,hundred
1230674,45,red
362829,489,history
1131211,638,deal
766845,306,treat
952094,306,understand
1115075,359,defense
703604,761,member
565334,940,station
644678,827,important
1277257,680,must
1252365,641,election
724146,44,effect
558229,782,ball
754844,149,especially
468655,452,finish
1206027,982,economy
335531,88,recognize
347426,208,follow
755881,487,admit
599181,862,sea
766321,427,drop
1169422,11,field
426577,605,successful
1260297,244,especially
1132836,425,power
635627,343,speech
743454,565,charge
762413,622,protect
1075238,609,certain
805479,93,heart
896916,811,current
626808,542,position
639247,307,water
1077104,206,mission
838885,543,main
600319,590,American
1233790,449,institution
407136,20,management
707064,777,artist
480952,155,less
301070,620,exactly
301847,796,fall
550518,612,any
306393,518,would
389513,699,join
648577,788,left
301598,59,owner
867321,922,begin
543536,762,ahead
674580,252,arm
428201,869,hotel
702272,673,friend
721526,248,manager
1270526,551,simply
421990,735,knowledge
484931,927,himself
702593,256,friend
989630,779,conference
683946,597,soldier
764709,887,discussion
841546,727,human
817996,738,inside
540085,92,once
536590,577,inside
794902,797,prepare
868980,360,item
280865,989,exactly
356135,149,many
294236,536,ever
434335,539,stay
1074013,545,bag
337297,46,investment
1102384,848,size
1070858,808,down
666459,269,trade
479419,244,senior
678720,729,fight
434021,413,view
672360,630,soon
1244055,543,poor
1095768,864,prevent
481280,350,shake
969754,798,right
954689,47,political
627588,599,clearly
572367,506,more
859330,510,at
1171668,794,sport
879339,511,radio
850554,749,one
943931,840,body
1041460,780,green
1204156,775,project
352555,167,remember
292891,682,show
312853,681,scientist
391332,260,property
472197,518,scientist
696073,943,some
553864,402,cup
777697,265,character
334431,115,order
714361,393,hear
469622,1,product
898842,684,development
1257667,868,service
739501,466,house
456375,216,cold
303963,513,data
733737,230,still
942703,526,expect
1036766,101,successful
517445,739,sing
342374,262,relate
1212954,100,so
288101,642,blue
993305,864,state
353938,327,walk
807049,720,wait
1160335,766,home
1071297,553,property
809898,253,month
903974,567,third
517842,710,call
995820,6,feeling
547122,82,business
668227,284,kind
1068296,626,eat
964223,276,really
1076992,246,off
629628,749,power
1190629,473,town
819195,646,model
556861,674,ago
1049475,238,those
761043,116,open
1141819,511,year
746793,863,hotel
971176,215,a
1027028,551,machine
385060,815,high
344579,624,same
871154,674,on
551608,129,Republican
800437,78,wind
867784,279,bed
950462,983,past
449748,532,detail
1219274,338,process
976106,967,group
1170613,576,race
1220150,289,wish
1269880,599,center
619527,487,through
847804,348,information
903211,636,fight
686772,137,sound
976251,357,month
1261066,424,space
1292021,489,significant
1168453,850,trip
1092660,265,send
1199412,89,certainly
856140,215,art
922247,531,debate
776556,222,best
572163,510,candidate
923350,930,section
1238902,904,stay
725258,619,floor
332234,462,always
1044211,579,institution
465446,443,current
303228,727,draw
288186,110,thought
380236,24,popular
861443,111,but
793618,807,quality
368612,627,example
1115913,402,it
1098412,986,ahead
374879,722,article
1250953,343,action
1243991,885,argue
1182297,873,technology
669900,117,receive
564992,568,in
1114835,381,society
1174493,362,three
744720,86,sing
369283,578,rate
309668,579,however
298621,356,parent
1231771,577,among
653552,12,figure
739172,810,white
1131699,368,exist
1268764,239,money
961000,732,none
1149502,767,price
397143,14,trip
773336,123,memory
585232,393,buy
1193851,84,card
1234850,566,step
419044,81,city
471286,721,old
554380,43,series
405374,630,star
1181026,86,attack
320557,655,fall
425200,814,who
965663,146,employee
681119,860,every
702597,935,phone
312706,432,central
423178,501,over
1184514,55,game
863952,670,whether
1251902,487,change
388526,724,degree
637611,769,member
1010138,750,then
817407,317,court
1033867,395,listen
891849,974,college
782044,51,teach
491258,763,inside
1250545,74,purpose
365395,477,huge
1007414,317,analysis
962638,655,help
351361,992,property
617820,203,treat
1286669,694,huge
1185660,666,avoid
514876,80,particularly
1097346,410,cell
364789,812,use
807442,133,note
1175556,831,way
800792,637,benefit
706222,605,Congress
938651,131,take
709183,872,total
1035102,687,media
437277,579,shake
329342,9,how
307395,63,along
813163,451,deep
1110118,130,ten
480843,508,itself
573835,520,page
1271477,573,keep
1139404,652,relate
706691,763,development
897774,781,trouble
352010,764,country
905712,381,grow
453333,391,notice
1180161,260,produce
728301,571,across
932990,559,game
442661,351,clear
1307847,187,phone
679459,638,bed
913356,49,purpose
617892,133,health
890415,315,federal
631854,558,end
1219330,908,soon
1089730,302,take
495740,879,show
572711,262,help
898597,674,whose
455247,304,fly
1170092,427,rather
1290621,606,mention
990341,574,left
741163,199,paper
1253153,409,high
1184563,797,gun
602037,275,our
331112,30,truth
1005382,736,recently
1025393,465,figure
520616,754,fund
776098,41,hard
1200912,913,future
1171784,940,action
879681,774,company
1136633,318,type
671330,42,popular
300433,809,pay
1150784,503,fire
978506,151,offer
1295519,642,entire
820321,540,development
613952,735,include
631491,567,billion
390747,816,thank
667187,288,commercial
1015217,719,commercial
932263,703,exactly
634876,340,year
1178004,668,recently
570204,590,future
551646,470,kid
764969,191,action
1177845,171,side
710499,544,have
1037175,123,first
991861,925,situation
334604,638,create
751635,493,daughter
1086222,4,food
348246,463,prove
489680,479,drop
468530,603,full
1243985,504,well
763212,556,kid
577229,943,work
696573,710,follow
682058,946,site
774887,118,task
457281,477,represent
726232,864,across
1258741,318,ability
1086406,139,wide
367842,292,building
1047305,247,exactly
568901,538,three
1059814,344,hair
851546,317,quality
743829,852,candidate
1079339,620,attack
539919,612,short
978625,540,candidate
832868,964,American
390881,696,true
704762,805,factor
990497,482,environment
710928,327,remember
1010917,863,moment
352961,257,picture
410522,868,gun
1012257,917,information
1229752,533,last
998513,629,have
747817,613,avoid
332734,15,side
408201,928,understand
748005,335,act
896876,338,majority
859963,533,full
935954,70,population
416257,328,light
834748,177,find
835833,668,read
1207969,666,eight
739918,321,claim
525121,699,kid
1279344,111,necessary
538295,965,network
515156,430,when
1306168,906,gun
1198258,800,almost
471232,754,recognize
607003,775,chair
1225190,773,word
1041760,815,everybody
1111745,498,morning
1170230,577,floor
417967,594,nice
836217,874,I
559638,356,he
750172,256,plan
291887,516,issue
339423,957,offer
1173856,30,voice
620593,381,single
379150,249,open
1272006,776,his
635932,172,red
780893,750,gas
1238221,645,economic
789550,572,whom
1171193,331,around
1200843,129,admit
903846,751,yard
490239,997,summer
1132436,327,be
1141648,869,thousand
681765,125,trade
1028148,142,left
326925,563,visit
1148829,851,wind
340486,990,age
1030855,754,at
576246,103,despite
712261,362,evidence
459200,338,send
450533,780,fear
514459,932,eight
845661,358,more
595172,384,choice
1290810,847,over
1109736,188,expert
1079513,64,property
838439,394,commercial
346371,410,million
843676,613,employee
817293,929,hospital
549476,335,operation
1161038,45,grow
1116337,87,treat
280740,737,blood
437377,363,near
363429,613,PM
373165,71,expect
387983,311,our
767056,484,use
368552,581,involve
466792,405,while
353993,855,trade
844861,812,life
454987,212,believe
1234691,413,second
610626,644,system
780445,10,summer
511559,981,need
345515,245,century
792288,47,company
545876,273,news
906496,409,open
767550,978,mind
1282717,586,little
782428,866,to
1123872,401,place
1103022,413,American
290916,960,wind
849280,208,argue
1042515,380,author
1201845,231,add
701750,452,floor
1162600,586,once
535990,652,fill
921619,415,cut
387766,778,husband
899450,858,short
710686,362,difficult
1160073,369,pattern
1225489,235,account
1226533,781,wind
1110970,284,policy
667773,76,feel
594001,833,both
552273,850,position
409305,824,keep
468242,934,article
565803,520,able
406533,310,from
1027539,810,race
584853,433,produce
863733,586,consumer
1296803,999,use
1299649,316,much
1028863,102,system
481716,76,focus
1182787,450,party
1058399,60,religious
1261233,488,why
1309889,176,none
442185,160,stuff
969845,581,much
681882,994,us
872795,757,same
1194464,251,around
641868,30,right
586701,625,account
640519,100,several
1034443,366,fact
1128995,893,under
1192865,319,open
519609,743,garden
693437,811,whom
573925,895,member
1118541,721,career
742161,340,control
846871,929,Democrat
1180533,879,yet
889651,579,have
854873,551,then
730882,398,both
880976,798,report
716635,684,fall
975924,757,analysis
326335,959,truth
1231277,697,source
397490,923,wear
713882,891,process
480149,121,audience
390701,261,box
895374,592,whole
1185286,754,film
712075,571,member
870433,729,analysis
465651,194,performance
679145,661,study
635994,85,PM
1149572,992,reduce
538214,545,traditional
657738,379,technology
910060,989,community
641555,652,talk
484136,310,lawyer
1172465,574,hope
526074,798,bag
830311,660,which
632182,639,shoulder
1255115,299,war
708815,42,amount
664865,932,offer
362503,666,special
1143293,773,player
440173,608,learn
640149,672,occur
820690,110,between
662701,536,song
421380,512,child
550852,42,bad
911177,183,you
1313726,918,significant
365838,361,stand
712650,175,order
838725,229,list
800598,690,good
858297,74,tax
868882,258,late
722150,116,thing
936275,848,forget
1221492,904,interview
871027,328,perform
1031776,185,marriage
1131268,935,use
680486,156,beat
956068,674,leave
587781,712,American
433907,852,sometimes
487344,798,represent
1195170,217,feel
1175209,493,little
950990,111,sell
1153321,82,occur
812880,117,law
915925,420,despite
520844,957,idea
407592,323,person
889309,193,ten
1100422,159,film
1158101,642,especially
892010,394,leader
369569,379,gun
1165842,841,reach
600513,417,issue
416383,257,back
1063728,915,building
323317,721,sign
752767,751,try
991622,978,indicate
1174367,636,provide
336706,648,reduce
804127,926,play
1081752,639,card
785246,579,source
301071,957,main
851526,657,direction
1008487,871,health
565967,391,hundred
317115,462,decide
1153870,243,trouble
472111,612,couple
1061755,424,commercial
1182408,516,song
806000,101,rise
1234941,217,system
582328,592,word
822986,342,thus
864987,774,smile
1227176,268,less
964324,451,long
338778,840,democratic
1262436,847,model
467522,510,carry
1109732,285,civil
1231835,138,event
351975,429,than
969637,981,college
1308608,239,happy
666351,648,old
327494,921,world
1172490,957,score
517065,259,office
279045,954,every
816200,11,night
692421,192,east
945377,692,kitchen
754462,54,guess
1092329,305,simply
1035161,436,past
838306,170,much
439740,161,southern
1014749,98,meeting
1162097,109,Congress
767200,351,main
1214934,676,give
963739,103,local
1145229,571,language
357636,33,center
1127267,136,sometimes
507534,357,others
1126457,741,personal
1150757,261,arm
1162716,90,surface
1109277,171,huge
830289,571,plant
416682,780,sure
829080,354,onto
888188,755,character
987090,454,too
618930,610,by
342692,306,law
566041,503,decide
590562,95,policy
703634,854,finally
1048684,187,office
1281329,458,take
609213,200,space
401016,713,different
890569,132,behavior
516766,807,fall
351867,77,degree
361480,785,hot
1059310,418,especially
749840,75,fine
1179707,987,cause
404647,275,central
1144827,897,arrive
1285399,950,major
708120,571,minute
955155,862,field
839827,390,look
402069,872,stand
643814,951,kind
1252177,834,personal
982210,965,point
580895,131,all
587202,320,probably
611343,166,oil
1278311,429,cold
819345,171,work
430061,710,name
520231,813,exactly
666222,625,a
942668,690,dinner
646596,947,section
934271,246,customer
1037241,149,behavior
1189210,466,fire
1123654,539,always
1157242,40,single
967760,38,concern
910971,609,page
785860,913,face
297178,507,property
821643,950,rate
934853,685,pressure
818456,596,attack
735937,580,and
1203514,752,Republican
1086248,27,parent
330982,987,require
496228,157,spend
1131696,370,outside
1214848,451,growth
601396,713,coach
587239,4,whether
1016462,136,so
682946,122,turn
372972,781,whole
507355,768,above
941452,579,summer
974688,97,business
647877,180,policy
381611,730,street
466217,270,idea
516376,443,news
632561,566,really
700182,511,beautiful
352499,599,against
588115,732,whole
1116709,926,have
355132,304,people
977045,866,prove
946628,385,according
724725,477,media
660834,839,turn
1040376,697,exist
991184,618,training
1283970,875,focus
906599,766,however
535728,188,foot
1113864,901,meet
952039,219,traditional
1162143,939,attention
1000485,481,partner
1048529,389,feeling
648498,452,film
298207,432,ago
797634,712,notice
397041,613,of
1010402,3,issue
858282,847,real
1214748,892,win
746250,204,sort
745091,646,direction
988537,428,eat
521521,457,admit
734211,328,your
1187137,679,then
1138911,973,name
954353,127,minute
1286560,683,dinner
457494,414,own
524071,403,thus
1214897,899,political
497393,904,each
810367,997,assume
970976,495,way
863197,877,decision
917251,641,today
1129930,926,somebody
1235086,165,center
730050,836,sort
583430,52,even
942571,884,control
733580,720,animal
466687,622,camera
1013141,59,do
738509,442,political
637648,325,turn
1069090,325,company
1004758,472,than
976397,734,born
719084,507,case
883636,276,single
876252,364,staff
882693,158,major
1070270,391,camera
532061,969,usually
298438,179,listen
1202241,558,visit
1097060,533,lawyer
452308,147,action
1278830,394,represent
382278,53,during
944149,585,strategy
683582,453,fine
291249,520,page
563344,952,everybody
980176,365,after
1217042,480,me
1121499,144,another
1311504,99,live
635332,812,join
820660,480,also
669543,638,performance
1128981,910,pull
336147,926,lawyer
354786,797,plan
429960,929,fear
1136811,501,upon
1300328,738,result
1151879,705,stand
581048,89,long
521988,723,long
943093,770,benefit
1066741,187,occur
517865,229,message
1238447,636,agent
875394,582,push
456060,354,focus
1313063,961,time
495502,348,my
332000,465,hot
1249816,836,assume
583234,277,perhaps
347877,655,candidate
376583,141,point
685093,930,clearly
1124547,812,cell
839094,457,attorney
1165812,587,day
917514,835,event
491989,700,our
411312,543,around
1193733,146,coach
698156,129,report
526335,736,star
287844,462,doctor
979691,461,necessary
464668,361,popular
744143,740,until
672041,82,card
484314,424,either
671584,104,meeting
1300789,103,bank
1198588,629,public
534632,851,blue
1293954,537,government
1041137,253,outside
928099,903,method
432840,275,teach
1079208,660,help
858187,869,middle
1036494,170,imagine
1224710,403,surface
315913,95,require
465077,598,dinner
879040,191,senior
1085190,232,same
1228984,999,ever
529102,985,hospital
313585,257,PM
889808,817,forget
1271204,724,letter
1081871,697,them
984591,893,kitchen
1173103,295,author
334053,477,rate
878806,866,indeed
814274,157,watch
842926,903,but
539316,576,unit
586068,990,remember
996477,968,bad
1186030,229,realize
602018,394,staff
365380,460,place
286057,375,decision
1016082,678,page
1086694,914,reality
466330,501,same
1292410,74,suggest
901058,139,safe
1230356,583,participant
642636,110,campaign
457340,268,note
762514,137,pattern
715547,868,whose
986862,627,window
782696,766,medical
914395,252,figure
724191,985,tell
1213535,660,section
981227,176,position
622302,507,art
308016,34,risk
426759,695,every
1311287,760,here
1044982,991,attention
617321,337,table
807751,11,teacher
1235761,748,natural
1264611,950,box
436775,507,trade
906113,675,green
711349,334,during
1030263,157,generation
497980,731,kitchen
649462,51,field
1093578,288,stay
568722,19,everyone
372894,868,stay
657487,703,opportunity
1201093,250,my
382802,399,million
704449,354,prepare
418062,831,as
1179441,999,relationship
684202,900,serve
966443,687,cause
716235,407,oil
386924,548,assume
1036926,499,music
666848,940,policy
662040,491,particularly
390078,711,would
560356,20,from
1081910,660,deep
1173843,156,challenge
409347,46,practice
1072485,928,interesting
1233400,802,effort
1083288,729,claim
727434,131,guess
733758,943,voice
394492,559,audience
294500,452,goal
1257430,726,across
657520,245,while
1081369,84,thing
865841,793,word
407242,708,increase
548447,520,cost
988570,519,example
1148564,862,part
958855,260,brother
636882,668,chance
1141053,850,lose
672474,285,cup
1114831,258,cultural
726124,107,environmental
327814,90,explain
347563,372,lot
486787,216,play
593669,552,lose
948703,748,factor
420445,634,ahead
432949,891,hour
393150,908,wonder
517514,238,simply
986677,612,across
297643,739,difficult
474540,574,home
341466,95,born
551281,902,natural
1105061,896,production
360502,605,too
946173,822,success
622508,583,crime
486338,991,reveal
818600,410,maybe
619627,335,member
292928,723,civil
833856,341,bit
649477,94,especially
336474,293,bar
1133086,848,stand
912825,872,evidence
643257,555,same
849273,198,understand
512702,734,left
986062,611,claim
988314,68,yet
520530,993,room
1089930,847,easy
796519,330,full
659501,665,itself
1284207,831,body
733717,900,decide
1080451,158,effect
1097707,798,writer
395799,496,notice
444255,920,his
887184,738,bank
1272043,730,result
521042,233,expert
451485,208,everything
532230,464,important
700820,588,evening
305070,642,business
674189,568,accept
828794,177,long
1056074,510,art
505790,364,drug
935337,915,create
544423,124,probably
633919,230,show
902261,631,trouble
843692,119,dark
1038784,936,fight
687795,310,protect
1139482,477,price
1180599,69,term
383934,330,pick
365173,252,smile
667529,2,area
388137,937,quickly
1182651,292,officer
291636,543,assume
1126397,438,second
829956,333,enjoy
1143622,888,political
1288254,76,art
537181,405,energy
496266,25,include
1120368,490,control
547615,233,reason
291034,862,sister
408441,886,training
1193313,347,feel
675689,126,own
634178,315,idea
684301,23,knowledge
381627,986,trouble
283153,357,realize
635783,31,realize
359981,784,support
807943,254,amount
1190919,962,understand
741886,218,city
633047,58,their
1257904,441,seven
631892,325,some
590398,629,attention
1271861,815,budget
395252,550,both
834849,198,center
471380,86,customer
938418,643,alone
1187100,410,whether
893480,653,finally
870197,269,eye
369312,907,director
448966,195,simple
690251,240,care
729927,937,purpose
1230434,339,ago
1140015,84,and
1051684,677,just
809619,617,accept
1231398,20,scene
1189406,249,head
548277,774,window
535836,96,house
526269,362,source
648278,974,truth
576104,157,which
886373,310,tough
395288,930,crime
1030440,396,make
1007496,522,reason
291297,892,according
544626,601,glass
1278729,197,image
394626,37,manage
637533,284,message
1018966,271,again
1063552,109,have
648839,808,whatever
417626,436,result
1283714,375,subject
495457,604,gun
1100282,178,contain
1045457,38,direction
331480,227,collection
379897,200,cultural
722497,573,get
1190534,747,miss
671392,919,north
288793,519,page
814353,631,strategy
386470,659,physical
1144754,262,very
636577,47,yet
377110,603,dream
635306,968,concern
1267218,754,political
494369,63,outside
838899,425,thought
535659,453,attention
1167133,803,sign
1171719,795,very
531082,821,provide
878155,179,wide
1154807,169,old
829190,96,chair
331202,78,song
566207,181,capital
877872,130,development
708833,890,sound
1051209,967,standard
537856,209,color
679888,48,add
1052534,549,loss
295511,200,other
322914,600,administration
394426,76,political
770691,693,provide
837842,506,light
1165033,923,reflect
1153399,370,always
1094322,681,movie
1156066,7,language
451123,770,institution
528784,153,walk
1176884,841,check
306068,987,court
725323,365,future
815744,55,democratic
1046716,7,thank
859435,229,wait
1086326,726,nation
885403,362,affect
658407,726,along
777177,473,in
1226400,884,increase
635817,244,argue
342598,488,might
1228583,57,recent
583151,623,property
667512,804,court
1091947,640,adult
319933,366,light
1058556,529,value
586488,922,forget
725173,293,to
1204934,149,hear
312632,184,form
1315464,295,while
903003,283,test
851498,742,program
531222,306,adult
295684,464,hold
298994,604,follow
581993,543,realize
902746,879,our
799102,617,Republican
410104,534,similar
1298838,168,song
941761,954,year
475689,176,opportunity
969397,879,mouth
1202351,623,cut
702057,196,treatment
1158633,65,explain
568864,237,put
1001202,585,member
316616,782,make
1111178,81,establish
1026912,960,friend
639754,90,lay
798818,205,road
1176582,301,write
616343,95,full
1175370,583,wish
1191786,906,kind
1240756,377,movie
440000,130,situation
848295,262,else
1074964,350,respond
486154,330,front
739149,206,understand
1051549,223,third
1014838,493,bad
557132,59,exactly
609962,409,it
1294583,744,a
467753,104,occur
1076068,542,best
954069,796,turn
398751,887,specific
1083292,596,page
654415,665,street
510297,572,feeling
540783,974,order
433412,696,word
865543,664,hold
1040570,456,home
389807,242,day
871275,353,three
1174399,143,fish
1029394,254,decision
282697,861,state
1252616,832,present
1054946,227,discussion
925087,812,claim
1120200,169,would
1265028,654,follow
391554,524,mouth
448624,3,shoulder
1279285,368,trouble
751583,595,turn
876126,38,blood
748934,223,describe
527976,530,too
439891,387,well
1059830,856,expert
690721,394,record
434304,415,apply
379838,47,wall
905582,823,media
764003,520,development
809933,794,maybe
1151840,417,section
641642,671,wrong
1244892,123,ask
1240340,405,color
406270,49,child
1271509,128,issue
1282059,166,drug
685067,378,room
734481,128,economic
697432,778,article
872213,476,project
719591,404,soon
798802,506,network
1145029,409,company
433486,174,offer
623361,803,alone
764180,653,off
1113687,20,case
513130,743,phone
1197437,959,ago
924391,114,teacher
280501,716,cold
491888,459,forward
901159,499,various
594171,420,economy
923696,348,allow
1195219,68,family
413346,820,agree
787657,650,itself
848825,949,scene
716046,829,single
1171493,200,laugh
710085,721,this
1201544,297,concern
1132228,535,age
485978,883,relate
296014,841,forget
861282,178,begin
482884,263,thus
793737,319,drug
1047844,174,food
629073,7,forward
1290882,640,skin
801972,704,evening
648462,977,become
860462,293,lot
863040,440,situation
556735,364,expert
354886,20,in
388208,341,writer
1042746,160,could
355223,693,throw
1255546,89,raise
675169,679,example
800248,833,realize
1188030,488,agree
379415,768,site
395193,361,tree
1265675,836,dog
890744,636,computer
289103,580,decision
1045960,31,camera
963873,306,thank
1188652,462,news
665839,990,choice
611290,95,over
1101091,195,artist
1169075,192,eye
562869,752,of
599611,889,few
333733,290,where
782136,615,then
701313,701,allow
332623,506,ability
614601,984,left
436296,168,head
997856,197,condition
717434,436,color
752299,573,use
772176,536,rest
1077013,20,agent
525983,694,trial
787444,160,role
1135660,799,American
1074210,111,choice
879682,518,business
1300019,748,part
850973,796,apply
1001440,848,heart
932744,69,onto
419893,503,feeling
1253621,317,away
473930,37,expert
456782,472,represent
1103788,865,campaign
617381,292,discover
1089258,89,difference
333063,101,want
496622,468,middle
1054305,191,message
995932,681,either
448554,988,always
911767,958,note
806854,737,cost
792805,603,police
1118836,907,just
381559,103,and
693735,231,show
1206884,222,seem
1097065,202,international
701445,381,certain
929822,86,probably
1232509,795,claim
1002893,572,across
957845,389,market
1233959,466,know
1084697,108,on
695202,361,growth
1276900,969,consider
1228328,947,hard
958363,268,number
1289752,866,us
649817,80,skin
349560,746,draw
858983,357,follow
399195,738,understand
403927,890,level
636841,381,catch
297561,514,outside
707287,727,off
691789,538,ten
472418,413,article
375289,551,return
731695,257,meeting
430111,62,sense
658268,161,today
1312497,929,serious
799491,493,response
414509,768,reflect
302256,759,vote
454460,752,walk
368960,150,reach
769583,346,wall
953349,601,first
980065,552,have
537913,193,position
555866,125,type
905546,160,skill
698960,112,me
523618,253,treatment
372480,106,drop
592509,600,imagine
333374,466,manager
425734,167,people
555624,553,better
867416,798,see
500511,719,everyone
521518,778,performance
712351,650,food
611945,872,owner
910234,224,out
492476,111,yard
857553,273,both
368794,430,which
438008,957,mother
808401,855,their
391478,718,feeling
438633,905,teacher
895163,47,actually
441646,996,have
1289723,343,leg
1194406,442,professional
396704,497,value
398168,573,sign
927416,873,security
294107,220,him
747064,51,check
612424,769,accept
477574,150,for
569032,200,trial
324098,292,woman
792167,64,reflect
1038097,917,movement
1118772,917,bring
935295,233,big
747389,244,thing
1235322,825,impact
965687,326,official
374053,173,way
773939,126,civil
421079,93,take
1200053,326,treat
519764,125,forward
1288187,289,central
883835,304,approach
858971,620,use
980535,696,draw
320924,541,trade
701792,268,second
802816,500,majority
1223117,933,follow
681121,384,turn
1110926,737,sure
455098,492,recently
1246213,942,indeed
1072612,36,together
1180772,620,while
541535,723,first
1258031,913,plan
313011,432,family
330476,777,ball
1154779,457,pattern
386172,694,most
1303838,727,despite
1040748,323,score
928605,489,throw
332196,205,camera
793098,641,media
898634,575,partner
1178689,649,far
895506,810,recognize
1306639,805,right
445238,275,sport
517942,20,inside
1262537,845,name
996695,376,industry
486964,856,beyond
604785,73,civil
1131709,392,develop
821633,356,include
1097731,289,concern
507644,258,easy
387584,406,hospital
400945,617,hospital
1189205,748,even
1285890,815,develop
1305653,137,property
952186,853,give
880009,849,organization
744091,386,wife
831051,225,always
476054,626,girl
536545,333,stuff
1197393,32,offer
976188,135,serve
740837,453,address
454843,151,eight
753832,539,drop
1121544,660,southern
390743,977,not
844961,16,both
810832,22,child
706329,399,goal
741920,562,big
678377,412,represent
1151673,579,future
1047558,747,any
1076454,719,here
349998,14,none
454389,746,spend
289194,812,maybe
1199002,90,treat
1193086,367,goal
380170,678,sign
1024189,500,second
893528,546,create
587552,427,dog
365037,532,its
871439,995,phone
654614,434,find
1294965,529,Congress
352395,801,state
1048032,941,surface
1045603,297,necessary
1125616,989,present
1285029,268,probably
1287056,13,like
423103,853,interesting
633869,862,far
299962,207,science
708841,253,leave
573884,974,research
917480,595,growth
699060,420,those
1158864,730,ahead
997305,888,pretty
501221,565,play
895789,164,produce
1249899,430,state
1196700,561,imagine
804914,765,second
1293243,388,quite
651403,44,and
678277,908,low
1018784,320,sound
1219605,233,speech
746625,403,past
880912,211,partner
948418,816,score
415072,50,school
1011214,454,place
770970,240,find
1277299,697,nation
983941,562,with
841580,909,agree
713919,148,give
591129,18,politics
298743,498,have
725734,214,today
964863,852,language
652529,410,left
1036024,343,beat
811824,518,short
938344,922,forward
469290,836,step
366275,126,serve
1090475,641,ok
1270977,589,store
384234,639,reduce
1085489,867,weight
455515,33,top
868745,705,bad
1000699,610,new
810750,662,anything
678340,525,their
320779,111,member
821701,111,decide
510835,875,ball
919387,739,next
1153913,538,rich
591672,924,similar
937488,541,wind
1222086,510,although
841239,513,according
369475,810,mention
656072,539,message
751477,43,well
302510,994,right
739244,160,character
1168188,187,box
1200498,118,activity
739675,337,lawyer
519633,757,service
528768,567,service
362591,795,book
484796,156,change
360337,138,make
714299,673,for
1052907,387,explain
1023123,898,state
1101441,15,blood
984886,14,piece
1174479,747,success
916478,959,explain
875039,503,car
939996,780,without
1187008,86,different
934814,837,I
1161429,701,account
559651,952,recent
510013,733,everybody
304020,193,either
957823,909,find
749064,982,phone
594138,629,security
1241057,434,much
349794,719,city
1083434,182,leg
454391,462,recent
1100638,765,case
651708,346,catch
1227137,929,human
574425,54,degree
333823,718,wear
701882,610,friend
1132857,215,prevent
954626,943,enter
485850,20,wife
1279098,525,shake
542785,531,tough
590682,82,pick
604558,658,either
1067356,35,into
1275086,282,smile
323600,688,firm
642798,978,perform
663711,278,nature
958405,159,team
1038211,971,grow
677755,779,year
803372,19,expert
820085,317,system
330600,851,most
418839,186,card
568927,925,marriage
1194626,968,to
516121,255,thought
351817,916,suffer
1075467,906,century
615206,421,national
543309,766,yeah
1004979,974,court
807461,383,red
832694,583,again
719010,814,together
1028375,710,second
1182203,277,late
748201,20,sing
1310239,343,way
722371,398,college
852913,269,again
521921,300,wrong
1216360,275,last
1196932,242,personal
711380,774,start
494579,894,base
627882,596,cup
400481,470,air
562679,874,site
1097800,80,American
1143434,907,wait
1148210,551,recently
454197,232,enough
756067,867,perform
317113,624,score
802723,384,who
656527,116,support
875856,712,now
1215165,200,like
1059997,548,north
1076660,836,forget
1232038,702,research
1239532,448,class
725975,803,beat
699110,563,just
967567,796,along
896882,82,size
1153638,87,table
1254055,335,sing
1155740,995,glass
1162169,386,third
523029,632,way
1158570,103,coach
526789,852,tonight
566538,170,better
985820,833,push
813473,922,born
827360,769,whom
1216873,381,nearly
387271,228,first
1105094,814,successful
1102225,427,worker
1203704,145,sister
558940,507,short
728833,877,skin
499142,877,nice
738860,495,purpose
386362,846,effect
569281,369,soon
830466,116,structure
500734,348,leader
497908,847,close
556060,958,as
1040222,643,never
1286750,792,plant
297022,925,nor
574073,789,another
536683,330,name
323366,179,expert
841328,446,a
931489,185,move
847558,27,whose
830247,347,whose
674811,21,citizen
1178278,459,kitchen
868779,561,star
1191794,87,return
768907,264,southern
395540,196,field
1167755,381,health
1229131,264,full
873619,204,former
627209,236,provide
960500,241,region
624887,37,imagine
399092,861,understand
751098,832,dinner
986783,828,company
951923,524,role
746758,515,nearly
1273455,622,voice
530057,572,sister
854432,894,food
1149018,935,early
829192,37,move
794985,452,full
785826,632,million
856962,145,goal
643338,5,action
472258,17,work
308351,750,dog
1052362,30,until
906162,59,door
836919,941,return
355674,258,time
1092676,989,dark
1278476,31,senior
745006,628,right
1244602,126,behind
1306655,465,state
796324,408,view
648321,512,history
384823,648,different
947549,749,event
501927,361,according
351598,783,join
698348,360,base
1302872,184,however
482009,56,save
1036708,262,choose
1263451,246,few
879406,713,national
576465,311,condition
1069430,484,amount
338143,464,order
285778,453,despite
565964,882,oil
922228,140,effect
947754,801,whatever
326703,527,well
1086674,228,course
1085580,472,up
921367,695,hard
417167,279,full
854486,345,street
833800,870,push
1023200,476,large
291393,459,stand
851654,389,single
970627,87,increase
919666,847,door
1275882,285,involve
920528,700,technology
1006610,904,president
836331,233,store
1282340,452,nor
1286614,542,it
1313629,856,sense
782594,41,its
629353,145,image
368282,280,scientist
816595,729,professional
563805,307,father
941432,369,focus
939674,463,control
1207688,843,though
851610,443,of
984372,766,because
322119,172,term
1017982,522,throughout
1286671,558,already
568759,123,beautiful
1031080,214,smile
439931,680,house
675810,496,show
318247,899,subject
868198,702,often
1124875,154,card
1293973,331,just
1171362,442,me
690531,94,boy
718449,276,fire
650214,342,wall
1136324,52,training
1164184,822,analysis
903077,736,myself
1015831,527,throw
1227143,668,paper
1192907,306,enter
837242,255,poor
954158,469,night
901268,557,speak
484214,75,hundred
566881,40,certain
1075247,33,American
887155,842,sell
925302,528,like
584925,671,pattern
319553,399,fine
492202,158,strong
653428,752,man
797714,867,personal
837508,602,knowledge
1215011,618,view
922955,206,nor
375985,623,sport
790237,970,office
315439,962,me
519468,275,stock
731265,321,anything
691545,336,you
670098,636,success
1258386,557,firm
824602,952,person
289139,872,table
685022,393,win
652082,36,morning
703845,148,head
1308603,142,research
1259034,625,opportunity
363702,998,machine
916136,865,leg
902514,240,central
481070,544,speak
353138,154,during
671150,750,unit
981963,547,red
955423,230,serious
1215443,194,step
532421,363,woman
829575,836,return
520443,944,other
1064935,46,week
340895,744,score
1310543,806,center
623805,145,key
693336,443,forget
586170,686,could
497681,985,share
1207781,112,hold
515525,628,president
420270,465,huge
545435,970,Mr
990013,640,area
854099,185,reflect
710854,558,over
1133943,190,me
427834,415,trip
785378,946,tough
904656,786,identify
1077753,120,role
1118078,395,traditional
384977,807,stay
1059830,678,meeting
1244142,39,sure
549944,490,together
1200893,969,maintain
857019,3,run
568607,191,use
1199132,593,staff
366566,567,open
991109,812,modern
1248567,935,school
587691,126,shoulder
315112,27,movie
795400,729,remain
577181,84,certainly
768012,415,magazine
1187586,966,whom
409201,712,own
1309903,734,yes
1159238,136,help
926954,196,song
1076689,648,line
959074,721,see
449579,281,power
322601,690,their
1153588,402,draw
404851,62,beyond
1068164,559,raise
385314,935,federal
1117614,670,opportunity
1064729,53,company
561503,837,amount
438867,235,cost
592333,960,capital
814551,457,character
1313129,234,mouth
1045155,394,reveal
720188,104,safe
570240,67,threat
1225634,560,watch
421213,45,concern
481698,788,nearly
598262,13,radio
661059,849,hear
371259,510,other
1075984,366,clear
1008168,799,key
793218,321,situation
801303,659,administration
1270383,903,home
855453,125,matter
984372,159,law
663523,204,seat
1124569,417,world
1037764,536,sister
895993,771,above
399485,602,remain
631996,861,stuff
559097,703,give
286376,936,minute
1126680,616,generation
557643,903,building
1092705,540,area
901571,32,ten
360253,485,south
736346,645,quite
1234070,415,whom
1209210,467,never
335326,775,here
502833,650,friend
1304345,919,interest
862247,507,house
544430,55,whole
532797,41,second
1158669,174,able
1198478,523,month
503121,533,yourself
809522,138,whether
615366,354,continue
1312365,572,across
464777,392,result
596916,894,growth
785711,249,key
733885,37,section
929332,613,bed
642961,217,service
1088464,750,individual
850041,62,specific
345136,428,serious
1059238,684,small
313995,416,control
812246,820,hundred
1084378,460,improve
1259710,774,evening
1126397,963,reason
960200,703,article
404272,85,yes
1199864,479,woman
1115108,180,just
1148676,87,spend
342475,584,information
317467,532,thus
636463,93,ready
616513,248,short
377963,766,foot
466526,533,color
1159778,333,weight
1034147,752,table
970805,288,once
523749,823,training
1149644,710,again
482896,226,talk
1253435,313,indeed
643260,659,affect
536403,54,authority
340667,928,although
1296502,47,leader
1305898,379,employee
372354,476,small
1045447,465,follow
718342,105,bit
387405,565,ask
1191759,27,rise
299959,702,why
1253055,153,program
557719,173,these
1254713,521,every
644615,392,can
1116282,10,pretty
624786,618,history
1249375,720,paper
1313344,219,drug
429336,608,score
1081398,76,letter
676373,205,against
1155366,536,quite
1131846,711,run
1162130,943,property
1208855,496,blood
694322,420,across
416458,455,person
444349,399,forget
973937,982,member
1126303,967,ten
727205,876,society
1300455,289,stand
323358,121,statement
1252206,701,road
460316,916,management
688830,228,medical
881575,645,agent
1268799,911,customer
670146,751,pull
692994,159,improve
1119939,344,decision
595771,979,in
839017,707,human
808753,78,while
1250996,644,successful
1176613,473,within
1306806,357,vote
514863,175,environment
1057832,217,debate
1031773,571,often
700635,508,happy
751015,759,hospital
1096158,45,guy
1283791,315,rest
367111,624,responsibility
1211816,431,vote
530878,644,than
1096744,196,score
786754,526,fly
1076095,802,piece
730094,729,heavy
744270,451,cover
837978,883,series
360388,544,space
424999,653,professor
776464,65,Mrs
582586,811,common
608501,633,social
524858,646,strong
729826,873,field
1167413,324,half
868101,484,happy
816777,613,finally
964001,492,clearly
435788,35,admit
885244,742,analysis
873744,732,oil
1161012,901,reduce
362388,492,approach
1229143,11,take
760628,478,perform
695654,128,knowledge
646825,91,ability
485326,517,form
1242632,832,it
955400,763,population
1034514,780,of
1152549,129,likely
437790,104,study
590571,894,character
1311241,264,blood
966703,38,value
1015445,548,center
405322,843,south
1022125,349,serious
341586,157,smile
604801,351,three
801812,795,understand
1204949,707,conference
362623,744,Mr
933120,406,crime
598064,724,record
1118035,750,realize
1111754,267,project
808019,29,do
1047027,560,participant
1053347,113,nearly
478242,1,environmental
396972,252,authority
938422,518,finish
1276642,125,she
549455,549,sister
1019933,534,sit
508114,554,offer
928097,922,laugh
309590,63,art
533991,275,building
830693,587,onto
1311531,321,true
884362,508,step
1258085,792,black
1088781,208,bag
455161,369,avoid
715889,14,drug
387041,400,even
794322,446,whom
1131247,47,sport
405537,683,wide
458568,647,yeah
1167405,124,air
1172944,816,how
1189250,386,trial
743399,301,political
349983,389,citizen
412844,419,structure
678987,710,west
992774,371,simple
361131,436,guess
388459,380,somebody
611710,178,early
1086180,5,fund
1083739,663,include
1192226,819,north
1007161,756,behind
445043,595,save
1206130,338,report
330535,704,benefit
595151,757,hear
1296877,4,moment
692966,894,use
783201,813,water
423716,448,also
1134937,130,list
311370,194,place
878938,694,worry
912142,803,sometimes
744832,192,deep
553522,767,inside
832173,743,training
963519,83,every
318897,767,long
344496,973,hospital
1073407,436,throughout
631070,700,movie
834733,539,home
681597,475,behind
1054688,231,nor
535936,858,employee
1301642,586,shake
1261169,696,prepare
653651,866,within
487775,156,important
1138745,355,professional
1053015,628,politics
1277933,590,view
1187494,857,rate
677406,184,behind
759821,286,cause
1285603,288,rich
919557,288,cause
291521,298,mention
1075634,477,science
430581,25,it
684843,576,reveal
1010376,744,stand
1150848,692,animal
710334,23,professor
467229,303,probably
818525,942,gas
849272,174,hand
900805,360,mean
742270,136,benefit
545564,225,decision
329897,629,wonder
308468,945,dinner
369740,878,apply
900691,15,crime
383496,638,weight
528803,281,century
469158,170,actually
1104601,446,born
1234861,986,on
1036794,216,size
355265,652,morning
713515,770,necessary
865003,206,fast
379686,936,mouth
677063,665,tend
656101,645,million
1260457,552,which
787549,135,among
456145,467,home
740167,949,bad
702456,99,PM
938624,367,reveal
588821,296,rise
1137551,848,end
1007474,370,prove
981971,83,participant
655348,652,table
416908,541,fear
548760,931,to
1117992,267,certain
445539,36,physical
1163719,385,including
496275,5,rather
289426,699,bring
409292,712,hundred
564684,373,share
1023951,958,unit
494996,63,be
1288296,312,whether
779117,793,trip
1101730,703,huge
453741,882,official
385400,747,college
304675,307,about
338876,151,wish
712701,846,imagine
818357,330,number
906509,926,group
1102744,87,become
738636,833,attack
315161,184,end
1038499,142,detail
1280921,783,rich
1188535,410,find
1086952,349,set
591427,858,deep
298410,824,watch
547285,467,charge
562597,240,people
972502,589,deep
803457,305,across
1175953,308,describe
517207,566,certainly
665545,271,machine
393479,444,race
413357,38,guy
523399,219,political
1003441,871,wife
1138418,447,the
294844,124,represent
1066543,551,agent
1017771,199,leg
848260,104,next
1019840,962,note
640397,574,never
1175143,87,garden
1245481,573,hear
1062793,200,over
354886,306,Democrat
1219809,58,agency
1286572,147,other
419116,178,between
334189,292,either
526023,973,low
331126,755,behavior
816047,778,property
876038,316,style
912192,993,above
890485,865,involve
1062355,68,weight
742688,416,environmental
1081894,50,history
535723,676,air
899493,722,travel
1315038,852,everyone
993778,194,without
293482,161,matter
879580,561,country
692041,777,beat
1249144,280,leader
294105,528,drug
1315155,627,never
967211,495,attention
1116074,826,space
747720,682,success
1104022,36,there
322069,1000,direction
1290938,706,factor
767615,128,raise
671283,666,beautiful
1126726,774,night
1203858,593,upon
762293,421,rule
726984,178,city
385316,278,probably
472600,307,challenge
772460,403,newspaper
738796,34,hold
313338,519,answer
411608,421,the
394405,259,effect
506103,386,do
661793,106,know
411434,421,same
448088,445,project
780774,953,every
815226,464,seat
968451,13,environment
752254,538,four
803057,191,back
294588,824,sister
1155547,111,number
307625,640,increase
878161,120,end
501671,616,fund
1096789,871,get
647824,732,tough
813870,852,house
644032,806,success
1266292,906,hotel
927509,400,from
610229,882,figure
556476,927,often
504533,314,goal
778840,529,particular
734171,729,responsibility
628183,953,south
1124747,100,subject
283840,818,three
385569,369,front
528900,987,state
304362,211,ahead
1058604,706,look
989774,679,energy
1110460,409,follow
712336,753,child
472187,706,approach
1267243,29,team
368473,60,possible
707626,659,let
1052056,145,upon
475953,330,throughout
625667,108,hear
882707,148,white
458056,593,paper
585101,810,stuff
663387,83,conference
398405,575,table
631045,921,source
1095022,270,shake
493815,610,success
582559,355,form
768748,695,example
446171,623,artist
512660,4,when
991954,253,win
844839,182,thank
704577,783,parent
688223,788,treat
616220,337,without
391979,742,begin
458510,298,join
296223,942,later
330808,84,almost
973984,484,north
454405,462,increase
1246252,780,remember
350305,639,lay
632644,724,father
448307,468,leave
472368,874,door
1179319,221,build
791697,624,wrong
948597,617,standard
767476,204,day
911439,439,our
609885,464,charge
1248688,705,final
1119986,1,paper
346599,25,safe
572811,809,prevent
914595,809,have
745987,392,paper
736873,837,decade
739246,624,seem
327836,696,town
543515,649,each
1170480,639,design
777777,2,medical
553962,909,religious
834019,393,whose
334336,688,well
868255,64,parent
543382,808,along
1136114,224,western
1174478,439,fish
574752,628,chance
726758,385,which
515110,620,picture
626586,428,tree
1044494,793,feel
327288,117,glass
1304517,576,energy
416345,962,knowledge
1104181,881,health
1114535,263,between
883111,572,other
1285090,166,report
1163307,355,use
771845,205,big
416379,931,over
1062684,917,environment
1242067,8,page
1264995,808,community
322452,855,job
489608,92,fall
357096,868,other
346403,796,support
291709,320,likely
778721,436,line
1303312,732,create
835207,720,parent
505408,892,game
896896,313,hospital
1101489,96,political
1145706,477,painting
760823,434,development
501352,199,fall
1001288,572,policy
449324,639,require
712947,230,Democrat
834082,455,each
740595,390,skin
710491,639,agent
1120328,21,certainly
629356,359,reveal
1117949,890,moment
1129999,34,first
1191874,831,fine
492976,164,major
1052420,781,TV
1213044,869,responsibility
1313109,617,seek
1021727,503,reason
934168,139,bit
1222254,870,law
586183,249,age
748760,538,activity
1080495,940,growth
886020,638,Congress
942491,187,fill
282471,774,source
1186882,128,entire
991686,694,professional
400078,936,war
796880,851,expert
1055902,91,stock
697080,620,identify
1010903,221,today
1265457,929,research
624526,517,program
874407,460,heavy
730286,714,return
800897,526,put
858853,316,still
843494,532,method
435122,648,work
596302,984,conference
814740,823,personal
1244533,847,always
988247,618,billion
491367,295,challenge
536683,785,remain
627906,378,friend
748142,348,weight
1140597,793,speak
1015057,42,thank
741797,708,very
430745,602,old
830988,752,share
568841,120,food
1090432,117,interest
486213,271,store
595269,883,throw
1213347,71,thank
1258075,186,answer
616873,458,upon
904303,283,have
928570,337,should
1098759,937,choice
356690,282,agency
471550,404,more
611892,82,data
1066223,125,human
597946,952,include
624243,387,deep
363037,574,oil
1230628,993,television
317137,105,voice
1104937,919,interview
858731,254,somebody
525571,566,term
1037710,769,hot
1034984,662,manage
1287390,851,opportunity
747816,703,movie
857576,791,center
1241340,806,specific
1015803,92,rise
841713,92,nature
729737,843,start
1050475,841,street
618295,202,someone
846829,322,open
1033268,37,try
750375,342,meet
490667,769,condition
297684,540,able
668499,83,game
692220,320,yeah
663412,937,forget
1214530,52,husband
411842,731,relate
832066,16,development
281038,487,hour
603830,133,house
357303,723,allow
905322,37,catch
1102724,476,board
1302460,745,people
1216617,932,dream
627366,60,health
1143058,518,however
614657,336,although
1034303,767,clearly
985687,384,strategy
918584,725,quickly
1073280,924,marriage
513646,694,year
554409,59,hand
1088330,551,matter
1133393,441,art
474095,197,finally
336538,870,remain
1116083,816,charge
859884,234,positive
1052009,539,concern
1028642,703,feeling
1271219,594,organization
766918,466,culture
415393,482,music
518029,512,lose
712089,430,power
1179630,52,quickly
571254,446,service
586798,196,current
570111,346,member
334266,914,between
881001,974,least
529051,774,wait
1045340,605,rather
802742,558,sport
888942,142,full
1188901,783,hotel
912698,413,expert
445769,860,back
952746,540,dark
1294842,326,firm
1109678,318,present
515655,790,Mr
491259,270,trouble
402115,487,almost
615783,766,official
673064,407,baby
1219902,104,possible
346030,638,pull
438333,195,for
979166,390,staff
599325,317,want
698162,227,unit
1232158,653,air
844320,784,north
605706,247,else
568196,326,surface
373996,927,very
1196472,985,food
919175,822,note
1303289,571,country
955151,449,example
1074636,597,top
648905,524,itself
1139318,962,trial
767816,487,measure
1118705,769,newspaper
1099320,216,do
1272052,463,campaign
422477,422,speech
1122321,494,full
1310525,514,natural
554671,261,ground
644667,195,main
1272460,187,together
470441,10,manage
1059751,292,inside
713699,624,strategy
506507,361,card
494511,137,commercial
282348,506,cold
889891,982,small
404456,262,whose
337105,148,avoid
290046,770,shoulder
709359,457,explain
366319,579,nice
346396,144,central
866533,764,head
816551,951,onto
1179212,909,fly
839683,139,civil
968889,595,fire
645399,343,first
1005141,38,by
1010934,407,seem
517401,167,only
1306571,412,response
1266642,984,garden
956061,916,trip
1148187,506,might
1111026,465,edge
682124,561,arrive
848439,576,represent
826047,858,involve
585849,915,security
528444,576,important
893045,647,reflect
768996,656,source
1237085,857,by
1054081,200,fire
1219740,208,large
495224,663,area
1043238,767,management
851980,996,heart
691819,651,smile
352918,515,different
731809,648,consumer
618004,129,enjoy
1234959,558,thank
774593,528,lose
650344,651,hold
967643,881,especially
480028,165,ago
404433,207,south
1140145,210,according
809179,807,take
1161877,906,hair
394865,235,watch
999753,776,go
563271,956,staff
932606,377,interesting
1038211,226,far
1049836,470,may
1217686,270,money
529184,136,go
575818,644,ten
1239532,397,answer
483938,14,single
630905,650,week
1176093,924,effect
353264,951,almost
989827,14,job
1079044,744,front
1218819,426,send
1044529,385,bed
548616,356,leave
831909,481,gas
741492,116,term
730998,361,stage
1118530,300,we
1112087,468,sometimes
1212783,769,drug
393970,388,same
1312727,535,occur
1141915,266,enter
280222,162,financial
1229463,501,politics
297542,613,responsibility
434230,835,be
1009440,259,resource
1121358,298,need
417078,783,street
887383,190,executive
306011,270,wide
1228912,606,field
976060,980,admit
853164,961,month
364943,118,between
663615,145,himself
988309,583,mission
891183,115,send
819753,126,off
791223,118,commercial
933185,250,ten
1014566,337,page
647933,309,leader
1034268,71,beyond
350952,743,institution
1222853,734,tree
646849,183,clearly
825945,389,field
847708,638,series
476841,552,thank
745343,429,race
760718,659,past
1055285,525,mouth
592068,822,street
792529,976,tax
1142658,111,and
1204782,279,step
1224459,746,end
294852,560,song
694284,856,enjoy
562706,446,institution
1194813,71,weight
540312,404,industry
1088092,382,as
1282477,809,term
372856,239,seek
504673,509,ask
354660,542,discover
1077478,174,physical
848891,215,challenge
393592,298,do
1096476,803,include
705993,63,pick
461569,56,good
1131074,379,economic
929969,873,send
436161,699,kid
822716,850,others
1258602,611,seem
1104285,313,wife
1255088,785,matter
833546,110,ability
400121,23,the
659168,954,area
1222554,656,season
518858,311,cover
358546,285,year
1186388,363,throw
681534,788,number
975056,29,before
390745,379,out
1214364,838,bank
1195066,650,great
332253,510,conference
669347,742,require
720456,273,everything
412108,286,unit
408901,442,manage
644636,676,present
958524,583,lawyer
587658,502,teacher
333524,478,pay
577143,952,around
404707,174,spend
550361,711,kid
1203187,230,position
675237,905,painting
1026720,444,establish
1295566,168,adult
1054119,802,at
503955,984,firm
1152302,135,maybe
904872,808,room
468573,982,thank
1229384,959,trial
297720,924,avoid
1213246,149,often
912797,654,than
986020,617,push
298202,455,speech
535453,392,thank
887364,518,learn
460451,29,near
1027082,128,accept
520290,416,cultural
634390,51,way
563561,753,top
874148,59,beautiful
1045592,400,city
1142247,541,candidate
419026,380,not
1114492,374,enough
605449,184,growth
832926,960,past
911010,759,ten
1225168,973,special
415099,224,people
531801,318,drop
1035493,191,theory
1073431,14,never
501801,964,answer
702066,367,claim
547786,760,fall
916576,720,along
946243,956,career
836658,789,your
1077313,56,early
919953,11,reflect
981379,529,cell
1201746,321,data
1258028,314,fine
937491,520,remain
427577,922,you
1213771,168,born
985607,125,her
1307336,635,my
588341,14,both
539476,437,hope
284269,823,operation
971106,183,much
1127682,368,fish
1227977,945,body
841969,630,toward
891147,778,couple
1242457,644,help
682039,656,hold
599356,772,up
904586,483,drop
844524,456,attorney
332848,862,large
311161,63,choice
911901,147,according
810536,962,cause
1297115,675,pass
717207,727,analysis
957582,58,you
955548,647,size
1305296,648,note
294695,56,decide
891490,312,box
1310515,375,threat
656714,143,ten
558570,529,side
541121,797,pull
892568,835,state
1128582,722,school
784919,299,father
1182769,469,investment
1039272,738,public
543855,560,ground
889763,376,impact
830908,293,student
1297514,563,my
525845,986,building
1270466,584,someone
347483,508,fund
638768,319,us
922805,708,Mrs
446708,46,reach
724386,830,total
1264695,993,hair
797903,651,voice
519674,440,probably
1155785,273,process
1179360,179,possible
683701,470,thus
715773,143,include
346344,453,place
463293,942,everybody
807775,80,white
1257570,389,free
671668,594,approach
443756,951,information
1312383,344,responsibility
1037159,130,place
1315013,439,report
985063,206,moment
541998,412,find
550398,53,unit
709231,660,bar
516735,603,including
1147436,685,improve
1043345,413,air
539196,817,you
946171,392,church
410571,457,whose
1019480,125,recent
1150183,527,none
1286359,36,rather
1046100,163,catch
723313,140,interview
757346,750,direction
747642,193,seven
1269296,193,determine
432995,189,view
430481,370,film
657365,222,hundred
815950,990,industry
679330,859,while
1250207,341,model
1122770,42,note
1004493,552,wrong
413519,560,TV
998673,312,even
1230694,275,four
526436,842,hit
873188,720,young
609497,285,language
570884,549,model
999146,178,red
373670,256,record
569421,826,ever
602690,209,each
1095341,552,least
1270102,649,prepare
575914,907,leg
561312,739,more
304925,862,series
286779,53,benefit
1179857,555,build
356784,273,policy
1230012,721,field
965315,216,measure
581522,782,central
687717,874,compare
648001,304,big
402773,552,main
1044290,1000,eye
1288368,760,fight
1038655,14,program
701334,492,arrive
1100785,728,official
1210763,934,event
1072622,691,fall
728022,362,cut
1046030,350,stage
635690,789,lawyer
1057102,555,effort
882824,75,against
889080,213,also
325797,732,usually
595580,324,spend
1297293,797,light
420197,559,past
1207980,865,just
1243588,248,color
300742,191,expert
542084,75,between
796851,565,chair
735775,27,capital
977980,329,later
1023369,910,picture
1132766,495,hundred
682432,989,tough
436291,957,son
1291705,630,produce
349118,5,prepare
824378,416,carry
623691,635,career
1166513,910,check
870800,229,mind
895703,908,especially
1174074,1000,quickly
1204456,903,attention
1236594,70,floor
753627,222,decade
555211,69,find
790659,644,worker
726498,364,include
469140,589,article
731453,939,party
310692,326,daughter
952721,748,manage
798114,729,what
454452,514,nothing
1010725,582,deep
833643,268,rather
888068,246,them
1049933,789,why
1276301,217,author
892806,83,know
998324,19,relationship
517130,342,watch
867720,272,rule
794291,23,question
732347,304,doctor
764076,443,difference
785796,10,up
1094953,831,attack
597837,810,wear
1129551,771,poor
1022056,832,here
1236160,635,school
1235047,11,evening
1107990,770,discussion
310671,54,seek
715856,868,security
456336,572,involve
1150257,669,soon
1254596,183,reason
1195557,886,field
545204,110,yet
483552,217,read
757112,916,fight
563389,366,notice
999619,666,marriage
331121,231,would
653664,177,summer
350342,115,century
379334,318,choice
612147,32,few
793961,559,produce
400054,347,its
651526,778,just
689376,26,wait
1127501,49,thought
687101,478,buy
583230,225,have
703036,523,beyond
1076450,291,wonder
569299,445,six
1183143,650,arrive
529738,375,school
497831,10,decade
329663,8,office
1058999,817,scientist
636030,263,catch
878611,795,either
1101135,689,evidence
314320,935,too
994058,787,here
932785,105,any
632451,715,four
587619,638,turn
1203556,392,argue
833914,542,important
841901,177,learn
1045173,198,fire
539586,425,up
965432,153,yeah
506547,65,when
793886,215,own
847483,944,do
832157,199,hospital
1205324,972,value
719762,24,class
368737,954,five
423412,509,direction
1271457,895,store
1295358,705,continue
304970,723,could
920438,656,find
688521,302,hope
635291,964,military
622052,156,modern
380429,623,front
1311265,126,seat
1228460,135,magazine
510747,132,for
680213,968,us
538481,940,reach
750308,757,community
513207,294,body
956993,685,career
807137,229,much
1279926,274,plan
342410,738,wish
991690,71,often
770385,839,throw
1269524,478,oil
927439,237,student
648734,770,their
1275164,859,control
579808,116,she
1082131,369,bring
1032506,255,specific
1279799,663,that
816701,174,face
506957,761,career
852331,611,region
846374,23,Mr
1252183,106,doctor
1135086,81,science
868319,13,bar
1183060,859,cover
795939,967,great
664505,602,simply
1247445,985,wall
541593,990,north
366430,992,travel
985010,762,unit
418162,30,after
524242,750,continue
993258,47,very
383913,617,most
701947,464,why
851466,337,less
1214003,514,simply
893784,567,fill
1084785,44,everything
777603,181,also
916255,385,recently
959748,907,space
478908,351,Congress
369348,56,accept
1305422,550,thus
1180953,712,claim
517735,12,less
402711,751,task
306729,103,crime
1020982,646,take
892642,586,watch
1075404,695,myself
1056390,260,fish
956072,626,fight
1178944,475,stop
747968,713,still
484953,269,owner
1169901,301,structure
755177,592,cell
692065,192,federal
1262075,855,director
1249824,827,page
1079035,561,behind
688479,424,remember
1213330,421,hear
384730,729,also
1143031,894,minute
550258,459,it
715035,325,executive
1209283,428,the
900770,401,could
773871,297,hospital
1132988,465,accept
471590,340,lawyer
937709,412,huge
591815,762,phone
547587,358,certain
1052499,59,middle
1055361,986,door
1154099,903,year
543783,590,mind
1005160,837,break
652523,351,remain
1271517,192,report
1307363,716,before
1135718,262,cup
565560,651,beautiful
283263,231,those
1103416,587,choice
486801,415,start
518909,183,service
619369,731,about
806167,882,marriage
450745,784,television
816810,126,figure
1287111,986,seem
944460,891,rate
1025504,333,lawyer
1209703,892,professional
1042688,983,Mr
746741,134,rule
820597,993,by
324705,799,ability
428482,905,perform
1140087,922,admit
454488,263,sister
895289,999,yes
785349,344,save
1277526,464,fund
1166454,538,land
305904,615,material
542370,15,instead
901360,389,create
928195,179,whose
565626,459,experience
1001567,483,themselves
310246,270,voice
481101,751,record
816367,800,painting
793023,323,how
608671,793,address
508376,621,someone
793495,229,why
521389,74,including
1000282,246,audience
887795,893,those
599968,534,against
1174576,591,hit
813615,483,able
1189314,369,plant
533562,227,meet
364505,659,break
515650,557,form
1054215,662,property
1003589,163,raise
1232081,183,people
291415,779,task
628361,39,art
391843,729,moment
1080129,674,individual
621539,103,politics
648929,780,learn
1097704,683,star
531919,794,mission
1163639,907,maintain
964668,904,grow
1114946,805,either
1278874,559,drug
1122202,778,same
1166285,209,pattern
653796,946,him
439297,504,product
908249,487,spring
853948,129,themselves
653424,826,experience
1222294,144,drop
467300,336,energy
813044,75,doctor
480795,120,strong
1022746,813,respond
1000001,861,service
1250001,650,seat
908857,360,sit
1177401,42,teach
1279373,60,help
394296,543,law
545036,522,dog
756472,618,coach
509772,331,what
1222443,536,start
957272,764,image
797084,466,marriage
1297400,838,career
655549,62,weight
526276,49,sea
685085,350,maybe
1280129,473,while
1149610,162,crime
898226,82,nearly
682785,51,return
698282,24,morning
1208047,786,value
754236,10,international
932010,479,such
550101,51,anyone
474204,788,worry
568808,975,thing
1216955,654,organization
1006603,172,allow
1015842,629,campaign
319911,223,determine
336702,244,hour
1121029,85,artist
843793,370,news
603317,253,look
722239,454,necessary
1155212,906,reveal
360756,577,significant
537222,32,edge
294908,344,me
1300385,902,evidence
1239359,30,wrong
1227461,29,particular
592243,723,television
420907,928,movie
1193775,196,theory
1131907,359,prevent
327390,901,according
524820,54,similar
609844,992,sound
309540,725,save
307870,865,I
397644,982,only
525255,196,put
679357,415,bank
1018718,910,explain
1112341,438,similar
1245610,55,hope
359876,338,argue
1084491,534,could
655937,501,throughout
835133,737,pass
378466,115,offer
1059026,949,trip
1150602,920,threat
807529,91,air
1139004,521,simply
344329,187,create
662767,488,theory
590465,516,nice
914781,48,operation
415143,838,teach
629285,708,particularly
1252487,240,appear
1071767,973,respond
1204515,637,change
1309017,265,meet
914964,258,sure
929329,79,month
315939,499,above
1137910,90,organization
898810,655,style
903340,57,book
971946,781,enough
973828,726,possible
1000289,4,option
1062977,987,game
1160333,434,leave
364746,478,over
702246,109,since
596990,314,trip
1069649,519,street
1279223,400,media
963004,300,moment
926641,850,political
1103206,703,could
289474,801,several
994980,629,boy
711158,783,company
709133,552,participant
745893,529,which
1110431,520,themselves
1008090,962,senior
1114181,839,before
953195,768,PM
1078350,394,anything
321805,596,Democrat
727805,438,can
658294,585,young
940001,328,language
996704,734,best
388255,840,attention
501487,62,event
433290,532,administration
743238,44,try
785433,472,specific
330865,147,person
1066469,636,both
516979,730,social
969297,428,tough
411273,525,glass
1176358,23,nothing
1292658,935,big
794984,283,ready
374589,587,southern
950932,124,move
295819,410,drive
755879,73,none
414243,160,total
284969,551,time
1304998,229,where
1048779,260,debate
1020066,757,amount
697615,664,energy
1106375,720,floor
391113,580,without
366866,138,trial
1080302,232,new
588134,788,dark
1244528,704,indeed
646289,582,money
1037092,487,democratic
1056456,540,again
478036,519,range
898954,479,environment
643341,613,vote
329798,167,arrive
552510,243,important
284731,448,today
361187,208,rest
361079,276,notice
1249881,23,behind
481358,435,TV
1160685,926,TV
362071,570,contain
1091150,868,unit
682406,283,reduce
992187,897,paper
1079731,50,public
439955,125,magazine
1101584,510,guess
1314505,181,throw
1215001,605,question
626983,224,ok
415821,761,always
1306659,156,phone
480771,982,head
1186114,325,development
766866,24,yeah
819515,547,study
324711,831,how
285282,678,available
490278,689,role
766413,27,run
640897,577,hit
1128528,567,inside
818007,223,single
559942,372,then
468867,79,sense
917243,884,suddenly
1209415,362,admit
867551,234,lay
643309,437,exist
1086283,805,similar
673834,519,sort
547555,447,evening
1294506,312,rock
1201415,89,really
1189797,731,thought
764105,879,rule
602776,739,side
407535,991,claim
547204,924,growth
938192,78,seven
537592,178,office
1218233,381,guess
551843,587,product
312527,680,with
1115527,405,physical
710689,521,account
1290088,804,necessary
1054907,475,stock
600944,543,win
606239,218,may
514936,641,serve
657416,99,brother
857820,217,feeling
950546,228,give
882098,271,tend
785271,896,say
592164,68,brother
1063222,124,source
933647,450,music
312456,320,then
1204617,197,form
1127385,155,pressure
960964,125,knowledge
644563,50,threat
633170,760,employee
533513,790,cup
1020355,463,big
903236,117,energy
718891,396,federal
503564,328,customer
994630,50,statement
1163793,60,agency
1195974,216,training
631036,919,here
1302520,752,game
693690,412,production
671789,897,treatment
628254,995,operation
1197994,313,let
559640,431,hot
1187609,750,way
386473,277,book
715732,757,phone
1210040,694,speech
1284534,773,future
861537,318,same
762684,441,evidence
591537,842,economic
1026013,103,response
292857,284,happen
904295,69,off
976805,140,trip
1235031,16,nature
461549,896,itself
870181,390,management
464220,388,get
416496,600,floor
334154,328,rise
992219,776,color
411236,117,way
984034,622,develop
1267915,812,close
1107017,795,center
1290955,991,study
1231811,3,already
294790,425,computer
887472,785,action
1257005,486,economic
1159292,393,live
358798,675,anyone
1249122,553,main
770497,443,into
984672,724,month
528977,704,paper
668122,458,organization
713003,999,sign
1011911,231,site
1218713,617,find
588691,865,body
496796,334,interesting
1011203,352,hit
446043,750,final
385150,30,number
1029490,407,guess
532467,938,ball
526138,840,laugh
492867,681,perhaps
606985,996,cause
499758,222,even
328487,677,speak
835092,518,whose
1282797,753,couple
758693,895,same
1087301,405,clear
839599,115,test
861187,228,rich
433747,114,ball
550987,637,total
978618,992,board
278767,40,toward
778363,368,bank
1184255,736,tend
480207,771,list
647624,689,system
335912,723,yet
586310,269,ball
601819,32,research
933805,429,wide
1086276,543,class
834042,466,of
651185,450,woman
834999,77,drive
1285514,647,enter
654739,269,moment
946892,790,conference
821270,816,miss
1203812,64,media
341629,992,tonight
622211,279,unit
354993,423,east
941495,174,blue
717547,485,certainly
1021957,115,where
524368,64,trip
607577,917,ten
310406,553,huge
462802,590,wait
644718,254,east
1033440,771,property
1067554,131,speech
396057,970,environmental
644950,326,mother
609994,304,difference
870285,94,between
877924,797,first
482321,891,stay
797670,601,can
916128,572,view
873503,927,name
986913,852,other
1077854,482,thus
733852,638,per
767414,442,play
404684,28,decide
1186584,376,organization
801306,39,expect
1120309,885,east
341149,89,create
698168,449,claim
668753,243,purpose
423647,345,myself
1038265,490,your
612431,492,share
1127412,142,stock
966725,83,woman
374421,398,catch
304809,612,early
1202200,703,book
723138,563,receive
801184,85,rise
493647,934,born
315420,107,tough
579434,685,born
1029768,961,ground
393907,491,speech
576025,40,choose
1236369,315,include
671400,595,capital
648605,550,relate
473679,363,try
414463,522,parent
872546,401,address
1123269,452,purpose
910889,990,while
1238273,777,bad
428472,873,radio
1103621,612,program
672344,404,avoid
945651,263,remember
652481,494,trial
405004,757,agent
973317,179,particularly
912814,267,do
491957,340,that
1056788,516,indeed
340451,307,most
391804,688,near
1298087,117,goal
1163244,60,yard
647129,210,possible
1140090,976,professional
1166890,233,fight
719575,187,authority
897309,913,test
1214060,689,in
726029,659,talk
486623,338,cause
431819,460,better
850070,566,good
1262145,908,training
1285475,107,pretty
507635,644,bed
1280420,617,pick
1235208,317,over
1206373,664,home
336106,297,analysis
325755,982,provide
1113238,960,hold
841830,856,business
1107692,987,operation
1270084,106,market
300242,652,your
367408,464,power
1296833,40,power
1110199,34,less
520222,820,method
978459,473,pull
356640,598,price
1072221,811,cost
1244074,692,sign
576268,376,provide
586747,329,hundred
593360,226,lay
926179,623,speech
834206,680,garden
465088,673,sound
1100809,948,believe
358746,692,serve
307833,454,yard
727629,726,hope
695031,811,serve
375424,525,do
866068,560,region
576415,993,evidence
1270302,681,off
1134652,285,tend
595307,450,benefit
633696,823,type
554511,141,including
779888,492,process
290697,992,design
891617,566,dream
547423,531,office
498213,696,you
808822,374,herself
1126810,337,really
874324,547,development
1124889,615,build
1072287,229,bad
477153,844,worry
1043700,166,instead
309674,491,serve
1153586,995,other
757714,924,ability
1299595,184,baby
1186346,231,contain
1004360,309,maintain
1019935,834,project
567525,475,able
1131670,508,growth
1081429,792,ready
799943,276,home
838691,946,organization
1219474,626,man
1195126,270,film
375860,390,include
471847,112,serious
525956,775,image
1090611,493,public
937188,541,generation
1271462,981,tough
1149955,502,either
598107,569,three
908438,367,see
1266287,107,life
820079,603,event
672178,696,water
283832,473,adult
641276,2,own
1212659,221,grow
306289,323,top
310751,113,level
1170843,993,detail
1290698,905,recently
1154845,308,service
366545,628,maintain
1184732,987,industry
525547,886,arrive
316055,380,less
638645,282,impact
492852,297,almost
316639,251,price
531524,716,chair
760441,326,perhaps
481074,445,difficult
1091075,175,local
719456,870,nor
1089953,876,deep
726830,139,manage
943503,58,stop
467017,348,practice
581976,423,artist
589560,324,page
296346,526,hope
900572,503,professional
699958,527,piece
1201131,392,fish
593017,958,would
445473,695,future
405877,362,black
293816,302,no
983397,154,start
395270,964,condition
1092532,616,often
619131,715,page
451351,78,day
889036,352,blood
851936,441,as
375167,116,plant
847166,900,Democrat
1225123,495,six
507370,232,seek
494834,81,walk
944801,975,information
1266010,907,away
894983,331,loss
969999,821,pattern
883146,253,play
544307,131,over
467584,183,month
478428,649,seem
595185,454,with
593476,374,lead
472951,40,short
1031099,708,return
1254160,119,cause
798852,597,thousand
1224350,829,several
446909,608,end
331541,969,bar
1239534,430,magazine
1198792,521,growth
403854,723,once
1189944,208,who
516217,934,water
892266,977,heart
764297,385,watch
842556,214,quickly
485101,353,story
829007,848,identify
783739,427,central
963398,867,travel
1207035,732,determine
794637,951,order
1208136,462,opportunity
1088342,722,professional
658353,649,skill
337004,677,audience
1015027,504,blue
585623,253,right
941304,250,record
524431,338,no
1188692,455,worker
380554,279,run
903243,829,fact
1105949,516,spring
683518,466,part
1055576,771,opportunity
593103,883,woman
1076120,538,around
1110325,142,class
1018358,668,include
749273,733,power
1267924,45,move
583203,216,thought
1202681,899,including
681666,407,health
532300,175,scene
417843,468,past
1163987,376,room
469431,994,make
1191935,471,them
312092,660,manager
1024264,353,character
1097372,52,them
897772,540,itself
1176110,721,career
1078662,801,garden
692353,922,improve
671053,485,impact
689252,612,in
668125,34,such
989130,216,call
888662,924,type
518383,321,himself
719949,74,arrive
1274995,532,along
341239,918,campaign
1119027,648,simple
1146743,594,sign
390504,218,program
810002,710,concern
1058980,669,business
1047398,127,seek
1225033,762,animal
1265318,979,place
418561,208,hundred
516525,777,case
351418,93,special
632479,937,policy
721894,948,start
991487,696,newspaper
496980,340,leg
1157257,13,it
389634,54,oil
1136202,131,girl
861668,563,more
1271948,107,trade
585558,578,account
444073,799,statement
449310,907,miss
913516,478,population
1236921,736,grow
660942,726,experience
350621,997,seven
298427,382,success
684181,265,white
589392,637,order
900412,421,Congress
776992,343,reason
996860,259,send
1049030,906,whose
1289047,10,our
409438,720,also
735729,977,goal
871616,35,send
1308049,709,base
520110,526,decide
994477,327,yeah
993570,495,author
834274,742,account
1127367,997,let
510343,594,situation
521170,428,among
1089077,545,especially
320155,489,night
884182,488,young
1162641,369,ago
1031067,484,gun
1177352,453,condition
748380,280,race
1037299,438,real
1173474,329,get
305489,799,TV
714726,674,subject
1186534,201,form
593804,265,professional
397205,26,expert
1151202,280,in
951975,729,need
684576,790,rich
857851,55,walk
536962,32,study
1110818,68,hotel
1270548,482,continue
671366,389,resource
906684,200,computer
284609,251,suddenly
503545,297,performance
1119005,61,project
741796,249,hand
318151,139,lot
465530,11,attorney
748480,39,teacher
412318,455,rich
1267004,58,tonight
792670,224,less
819000,128,model
604479,570,almost
1144935,842,black
767535,612,subject
1030964,994,space
716570,966,mind
497639,939,church
858833,998,remember
1272191,453,standard
832856,958,foot
1202002,608,prevent
797720,411,federal
925282,992,stay
993674,93,charge
521807,241,network
1257013,233,choose
1215282,37,strong
1248012,623,minute
1140821,367,next
1285441,885,eight
535913,653,him
1301187,631,along
1142692,246,likely
941449,132,treatment
1286858,924,building
814274,812,before
537091,742,television
748315,973,benefit
548565,466,with
1092879,328,carry
1000213,753,finally
1196584,455,customer
990816,543,there
1260530,858,Mr
920263,557,seek
397270,936,consumer
1064350,797,local
935194,35,hour
1035810,286,either
624843,272,bit
923935,390,central
530507,924,fill
363644,241,teacher
338266,261,less
402413,767,current
422229,89,pass
583770,536,toward
588909,118,project
411973,94,decision
1245286,797,total
1138615,485,way
425379,622,suffer
869358,78,available
530035,524,hundred
592947,298,create
573586,233,friend
683148,434,religious
510307,954,little
1231153,860,cost
485553,398,physical
1185138,813,truth
810301,83,single
1295948,627,white
585530,277,like
510319,615,against
1304689,876,reach
904964,987,who
1126636,371,available
995123,546,evening
283729,539,society
1057072,551,would
1072212,683,ability
794102,18,foreign
798790,645,nation
323635,530,physical
918315,774,radio
918730,757,ago
1197904,859,create
445476,773,task
602193,308,room
318683,746,sea
1065160,967,case
745268,755,rest
1236518,283,fall
1104127,134,international
1302941,66,expect
540699,527,during
1096778,232,success
970916,885,our
793801,19,bad
921190,184,price
1248417,887,then
812207,36,page
823285,786,drug
329954,413,traditional
730702,570,weight
546606,192,friend
593253,997,view
657212,955,per
621087,482,bit
502548,919,sort
939031,893,black
1161462,537,democratic
347025,361,follow
393749,780,meet
403444,461,suffer
1111151,362,popular
778488,983,build
1277222,37,business
743537,259,exist
658607,887,idea
551501,470,ten
968293,30,support
1017115,186,reason
398660,304,bed
967851,687,wait
1056410,475,half
494284,751,ask
811803,437,five
1234842,171,those
494567,671,whom
735993,295,relationship
283456,639,explain
1214536,143,election
970671,259,entire
460047,643,help
298577,619,range
340875,180,include
1055762,773,camera
929239,302,child
390789,238,important
865664,264,lead
701735,240,leg
317484,499,shake
1014716,851,consumer
844963,916,reason
770793,352,husband
1035188,682,nothing
558059,817,never
485937,953,that
1052430,108,sport
637532,514,behind
982260,480,mention
1167660,891,personal
455052,184,concern
846772,743,management
1230416,13,check
510740,951,more
810907,590,technology
1140210,686,recently
1064492,608,security
1229362,434,human
876301,404,onto
1196795,441,product
737163,414,end
1114214,835,white
1273504,851,its
942097,279,walk
1164108,56,audience
622557,136,young
918415,300,worry
653272,132,official
975742,257,natural
696272,225,property
1083137,887,main
843897,84,notice
1197894,573,artist
458779,41,yet
1005628,814,push
315388,389,take
701410,489,hear
1250633,533,college
1232113,200,of
413414,106,design
1050542,48,option
933766,707,my
1112524,56,prepare
901881,202,writer
1010020,495,health
1291073,934,beyond
461866,745,artist
817617,194,number
973947,440,although
1071416,414,send
1269117,617,capital
460948,475,around
1086606,492,heart
531768,844,particular
1155345,726,seven
1235082,76,who
581404,148,they
468829,113,suggest
1130636,830,sign
279813,500,deep
355791,248,born
749699,879,store
885594,986,contain
767804,639,region
1285059,674,wife
448239,397,same
1199998,424,impact
1264697,526,analysis
1294189,834,especially
355737,825,send
867943,179,his
462427,473,run
911383,894,democratic
730687,687,structure
893068,360,budget
619941,500,himself
1037607,809,argue
1064920,370,card
721560,113,Republican
362501,671,true
1005632,448,blood
1136332,904,bill
310631,3,film
903791,149,her
993046,358,small
1216319,418,always
572532,907,foreign
460692,963,process
541927,336,media
664947,420,class
962435,32,military
1230287,535,plant
702733,911,national
492221,706,experience
411968,201,black
341282,768,culture
1148124,710,seven
353155,638,consumer
1112922,178,buy
396677,229,detail
290547,980,start
540491,63,capital
286275,474,start
1231415,451,send
1220363,556,police
908180,916,the
1170666,654,recently
301108,957,must
802461,778,knowledge
304991,267,stay
398439,96,lot
755834,103,member
280344,238,food
414983,329,end
963205,559,surface
1123594,278,century
740274,67,into
972430,821,national
798832,131,attorney
1194359,135,practice
519609,145,how
813678,72,get
623019,643,bill
408530,344,item
850789,452,almost
1145664,487,think
401073,607,animal
663052,760,account
1006933,832,cultural
564082,369,listen
312656,802,nice
353231,576,system
466645,541,nearly
389532,936,Republican
1220400,595,employee
309257,231,entire
366426,121,rather
303325,998,throw
588602,254,project
796362,554,marriage
806432,326,action
362690,87,physical
977703,273,piece
1237745,83,pull
1137032,692,subject
555367,783,Congress
1016541,591,theory
965750,713,she
691668,642,something
377261,587,international
419819,388,teach
442274,418,many
1280202,226,which
1169345,260,feel
1058839,866,across
976963,956,system
1052558,646,out
687478,1000,those
349920,297,ten
965371,182,method
919842,214,production
311859,592,theory
938559,376,chance
1098126,879,education
1104089,301,wide
1164444,583,once
406497,140,reflect
1250750,176,imagine
1284107,116,challenge
949145,158,light
1244516,160,none
883412,797,everyone
693340,516,eye
472087,392,leave
788204,388,war
1274130,371,art
564817,999,score
1217226,880,defense
635577,106,article
826105,786,these
1220784,442,wear
814025,409,year
1126991,148,off
903143,755,magazine
645054,66,able
875330,886,choose
1209763,837,no
1230599,937,thousand
305965,876,protect
297535,306,professor
464362,109,billion
294862,361,so
478230,96,enough
728458,845,factor
632350,755,financial
503894,758,clearly
965403,505,score
827907,37,positive
489977,887,dream
916866,341,determine
1012474,637,wife
942799,910,organization
813175,990,scene
1057315,285,us
753686,990,school
641855,391,peace
345114,600,service
1039601,368,such
334423,3,government
544610,154,Congress
459362,21,I
621911,719,even
1305931,130,TV
1129336,950,minute
654580,311,treatment
716625,457,reveal
644538,325,message
547770,108,man
520267,600,reality
745792,599,size
1310269,392,figure
291029,592,rest
1204596,801,particular
691180,82,opportunity
402974,478,experience
1277660,483,most
1085619,736,fear
386512,126,use
1032167,616,report
540157,555,force
1217319,56,make
649525,298,popular
616431,903,reveal
339157,65,hard
1053450,196,again
1300950,275,house
1049677,581,sea
643151,143,perhaps
697354,854,financial
381767,476,a
388622,388,stuff
616541,930,thank
680520,289,try
1074547,493,seek
1084545,943,example
684457,429,fear
1267705,80,everybody
1274075,677,technology
1189703,546,even
675714,688,sign
532274,318,everybody
1069231,447,sister
355984,697,difficult
375826,456,magazine
1200164,878,street
540096,559,prove
291378,136,meeting
734380,14,finally
889330,191,stay
403641,302,issue
377545,520,can
966182,520,mention
793134,26,choose
458428,135,wind
1194575,287,impact
354191,6,truth
430694,715,doctor
571815,284,federal
652711,297,mother
583077,131,draw
341292,689,health
360187,871,continue
1252758,863,join
810883,919,top
914818,376,too
605054,643,nothing
342008,730,another
1104822,552,list
879454,479,beat
769324,33,cultural
308988,584,bag
1015791,117,sound
401422,974,single
495531,896,sound
515119,673,gun
299414,250,quite
500541,346,ten
1304308,881,special
568722,511,today
488943,320,talk
357887,519,area
912523,718,of
556843,35,answer
982877,641,remain
1191434,221,discover
1181298,419,later
1072645,975,hard
607534,491,form
943639,463,human
470707,412,process
1241050,167,group
339537,746,charge
672376,230,leg
350014,519,represent
1088389,263,season
839744,643,debate
773125,27,example
1175671,269,weight
1116045,777,live
1001085,753,why
1028975,945,short
985093,102,something
1052735,17,necessary
425396,250,project
1306676,350,some
1007488,965,weight
919141,981,ready
290246,27,skill
1158697,600,they
805900,72,sound
906770,14,rock
513279,247,pressure
595862,180,then
469938,650,knowledge
1210718,795,month
821427,341,them
584305,1,face
318118,896,expect
644688,182,hair
282957,171,catch
877312,423,stage
570450,322,somebody
681831,453,remember
586832,956,whom
974043,640,through
459442,944,now
453227,634,son
325915,293,military
377525,435,official
494007,269,card
328252,25,material
450237,411,law
343429,432,clearly
906897,805,box
640585,669,hold
1142582,529,blue
866857,418,them
284219,342,why
413891,33,talk
1010098,190,poor
1129512,110,seat
368729,535,under
1266264,582,several
1218824,402,may
408225,277,control
278828,135,sign
582253,672,agency
760546,659,federal
582157,855,walk
428977,287,go
782592,67,thus
314621,138,another
1256374,609,business
999960,108,material
553107,467,crime
492152,379,maintain
531264,7,fall
352290,21,detail
887728,179,individual
521118,192,hair
465962,820,any
580180,636,century
957969,766,energy
599117,188,treat
898278,729,policy
461474,532,paper
1234225,926,whom
1224352,702,purpose
391511,827,pattern
627817,644,most
1209990,958,and
812764,364,require
813170,115,lot
1011152,926,nature
1177475,44,spend
823269,760,central
1184393,525,end
667988,485,company
748928,618,meeting
388080,346,clear
1008168,107,increase
1024818,722,month
1211673,358,result
402531,830,environment
1067292,270,service
1152659,462,offer
1274993,731,consider
1039918,23,from
445870,347,direction
749989,274,although
1056592,807,agreement
382222,710,pattern
343771,27,shoulder
842689,164,buy
443425,941,past
429997,582,talk
1001204,920,great
844304,592,spend
926285,671,job
450076,38,environment
516087,182,kid
887378,385,first
590263,595,simple
1310841,208,actually
645378,42,authority
1074450,712,network
515823,371,six
876847,26,according
488922,146,south
566243,978,culture
665622,848,seek
917824,970,low
787998,137,lead
1160317,873,camera
1155017,815,memory
468121,49,others
491847,840,success
1174525,304,former
437037,573,detail
752774,418,general
340471,162,business
691644,861,ahead
345463,7,two
347773,416,than
1187753,115,safe
1310858,200,avoid
288496,879,side
1162084,737,identify
1226240,434,new
943205,375,during
1283263,656,matter
691229,933,mission
381444,817,early
356633,777,lawyer
349995,972,write
1139381,207,factor
726514,68,election
1187970,793,throw
1139612,907,term
386329,956,ball
399155,794,notice
580271,988,take
1162296,819,both
907434,163,debate
337701,240,wait
333288,304,approach
610940,57,hundred
310980,663,reveal
728522,454,traditional
875956,820,democratic
678194,813,attorney
1229494,390,join
518863,586,physical
1263609,853,employee
552051,687,arm
1235219,77,bit
763034,150,similar
553928,523,country
1220983,125,particularly
450993,387,help
917771,224,class
569411,208,loss
1136970,34,gun
288627,606,thousand
469391,454,official
632849,32,their
912325,990,three
520891,310,task
748752,692,shoulder
1085665,615,black
1230495,285,share
483136,674,each
377599,279,training
667293,646,start
888328,377,establish
642443,651,another
596027,10,data
1314423,746,wind
562745,499,name
432285,187,approach
892228,128,information
1076819,610,former
407231,227,contain
993025,531,information
431268,814,dark
378246,844,however
497264,257,man
386083,415,significant
1270963,242,race
1107419,291,surface
301374,957,music
959672,993,get
286472,80,woman
361121,247,simple
398968,216,prove
1283353,645,organization
818829,497,represent
474468,1000,approach
364343,54,apply
979250,752,evening
567763,729,trial
1240474,819,majority
1260986,387,only
398462,869,little
464149,212,believe
388056,49,building
503983,80,list
377892,142,view
1161444,588,account
1061550,966,choose
783701,553,become
463318,536,start
897769,378,recognize
576840,532,live
603682,998,really
694055,660,sister
1075477,974,head
1124238,365,score
929116,211,law
288681,556,environmental
621998,726,test
793960,468,identify
945739,905,per
301501,70,three
1255910,998,commercial
540459,117,suggest
1073988,528,happy
291041,855,at
756771,819,water
576258,560,benefit
568475,728,movement
1170086,130,life
453575,164,daughter
714357,724,mean
645761,589,opportunity
1003234,238,several
548290,630,cell
476267,511,information
1300217,251,themselves
1037929,344,challenge
730570,635,grow
898618,998,practice
780120,534,notice
428286,682,stay
517715,253,wind
878407,734,since
326050,648,sit
936808,276,matter
853262,506,indeed
816280,604,prove
428988,56,series
674666,337,fight
1163408,443,enjoy
298534,2,language
942296,778,one
928444,864,project
747176,517,information
1307113,488,win
898498,749,take
771052,190,should
354588,940,special
763382,498,use
1131862,124,work
807845,936,have
801363,260,night
937685,388,door
442757,368,start
925524,933,issue
804562,677,the
1027575,881,seven
354315,310,truth
437676,451,picture
756405,426,body
1084705,111,imagine
334367,898,dinner
938817,538,school
1170826,54,usually
334143,578,enjoy
1055948,498,realize
1014431,808,what
352579,426,piece
603139,967,writer
500588,745,large
865628,150,close
940538,722,notice
1110380,766,else
744843,984,sound
834468,646,never
404046,105,around
622766,143,sing
682011,127,page
489411,57,fast
607940,776,source
1299516,841,even
352569,497,rule
563500,663,understand
458204,17,age
463725,304,adult
1177270,652,anyone
367427,527,tell
662693,389,general
776488,709,own
453144,212,begin
509041,777,yourself
414409,242,rich
807743,166,learn
837661,607,mother
1034437,428,major
1084076,252,relationship
735008,687,evidence
535974,73,ability
302827,366,major
796695,564,throughout
887587,740,weight
1213781,19,design
907686,950,politics
673117,771,kid
995318,991,station
549541,615,by
716081,165,ability
1022988,676,glass
677448,805,information
730643,244,television
664060,233,shake
524409,463,figure
1126605,347,explain
1137518,695,they
437434,484,may
1062011,744,quite
536954,744,eat
1287411,980,become
658411,144,personal
1130457,347,head
1266044,934,of
1090673,65,hard
863790,900,sort
655458,652,a
746331,527,bit
1223570,604,beat
984301,509,arrive
467485,117,religious
870066,406,either
490587,787,example
738484,848,late
492585,500,development
1231977,916,result
898269,681,rise
458939,394,base
735106,731,others
878797,721,whether
411056,269,already
1002890,653,address
972638,68,girl
548905,135,early
279247,372,expect
356711,482,research
1052549,888,ahead
1300929,749,performance
1020873,478,may
463557,597,out
439896,573,expert
900984,217,practice
1277257,31,various
880054,505,toward
300060,561,every
625075,47,also
640834,532,nor
536313,440,better
419566,495,result
535867,962,Congress
792868,278,office
492747,436,leg
1167731,900,subject
837352,731,success
433537,866,pull
315908,690,order
788342,171,build
1010830,941,lot
398536,209,central
475469,813,soldier
842683,971,as
1040820,378,position
1052055,943,police
312723,495,party
417860,593,newspaper
326398,668,car
404753,837,two
1200829,281,lead
1088470,363,case
1022242,864,size
1127667,99,upon
1208340,63,create
1035243,549,give
849993,686,find
311259,891,instead
887004,566,fire
1106780,651,significant
328040,184,fight
935130,320,term
1234650,402,keep
817234,794,north
661689,175,maybe
1145511,854,specific
936234,592,interesting
1233458,329,pull
1246405,982,just
1215377,387,white
469996,790,nice
688027,984,bag
1166299,498,forward
680303,345,human
1247482,424,know
1262646,717,whatever
727448,586,drug
288845,478,seven
1059865,381,find
1002053,96,career
882316,548,game
799572,170,ball
304333,781,especially
475155,409,window
876297,370,role
443408,418,too
281598,551,far
865380,898,similar
761299,317,hundred
1292009,144,significant
673297,312,growth
348762,433,make
1231671,807,almost
1168902,306,oil
403983,280,design
1098739,993,on
882539,291,drive
646884,956,low
786564,525,such
945909,659,hotel
853176,395,maybe
1116599,817,itself
552005,292,provide
736663,876,else
858027,507,become
1177453,202,so
714407,867,magazine
620598,415,matter
823523,268,inside
563677,867,so
437045,689,national
1102140,826,marriage
667809,42,authority
709359,474,yourself
701030,310,reduce
490824,746,blue
766941,764,head
311212,769,purpose
280845,353,board
442874,887,they
1208651,49,color
728015,246,present
630956,386,onto
378285,197,sister
1164920,581,learn
463291,282,season
755798,612,partner
982967,228,call
1068202,203,garden
897313,525,discover
315920,837,history
357978,910,kid
1311355,200,let
1015893,765,individual
564526,46,federal
706025,776,son
538876,730,last
1238732,89,suddenly
1072876,735,stuff
373178,707,pull
596982,112,improve
759148,725,Republican
1048883,844,realize
982211,984,second
1294494,244,wear
587824,687,end
341968,884,spring
879552,630,loss
515371,940,information
1303542,950,with
881940,608,change
887456,164,close
1149367,131,maintain
741361,218,exist
1293596,484,total
874204,322,themselves
547584,393,capital
439647,679,you
877398,953,fine
890801,349,site
418652,676,collection
1135724,765,possible
963906,618,gun
1049920,528,treat
558361,174,really
962370,809,get
1185058,597,health
1267108,713,today
1083382,110,maintain
897803,872,pressure
1272653,813,wind
440467,20,under
974419,381,imagine
783616,134,mean
568462,87,company
858101,807,even
470993,53,tonight
951021,493,however
912805,949,surface
615586,760,boy
549449,297,pass
633033,604,activity
1268973,186,until
491027,515,particular
1115004,293,especially
407404,179,wall
561097,327,alone
547981,423,little
423189,868,significant
1037825,564,fast
1063106,168,process
812370,138,notice
404948,770,suggest
1252614,707,always
502787,299,employee
796650,74,goal
1281239,624,change
1095144,263,green
1230906,130,beat
917892,912,kind
634645,661,boy
562708,112,reach
841622,160,whatever
663354,748,those
768842,875,such
352575,168,fill
740530,568,behind
706940,510,service
1284009,147,what
364022,550,country
816194,366,particularly
1281772,133,anyone
1112110,432,knowledge
1295765,780,deal
505671,75,fight
1127181,207,range
363489,7,although
883881,646,guy
1096136,851,choice
741362,889,young
681071,475,marriage
551372,278,continue
1220424,91,ground
685451,995,indeed
1074919,142,table
1062601,531,agreement
280780,673,house
1285958,661,sing
760802,269,see
1044341,204,marriage
954662,325,few
819112,116,space
1208738,542,possible
757586,850,collection
849848,715,myself
1175202,419,hear
1119936,474,strong
1035074,602,anything
1224608,530,three
523648,984,under
795369,984,sometimes
469991,186,rise
636954,571,draw
1022539,498,individual
548781,534,all
853234,171,in
439715,261,year
1149621,80,let
578593,377,campaign
960056,624,exactly
464459,795,memory
1209332,969,street
1134417,764,activity
656524,187,eat
476807,788,rise
1206393,955,your
764295,913,store
1035831,501,tonight
1191978,643,do
892202,462,degree
935159,986,expect
644790,594,own
537558,872,study
484213,231,writer
1232315,540,note
506217,596,continue
1136747,459,source
1214624,442,produce
392784,328,control
706211,203,happen
785200,752,fight
904624,672,list
758801,241,process
902611,371,physical
1029944,444,expect
728629,6,face
1296942,912,moment
1192008,757,inside
973039,396,conference
527580,5,check
854153,790,heavy
404603,994,manager
890489,307,its
1069644,669,run
339042,425,tell
939199,111,future
723985,902,shake
1152676,311,board
377475,82,share
811686,954,attorney
803640,410,available
327440,868,produce
1044134,900,condition
701740,244,film
280045,231,character
455913,614,knowledge
1014308,423,their
1103705,537,set
513690,890,direction
900878,180,its
1160046,552,positive
1223406,374,today
907723,221,amount
787247,12,remember
661444,969,firm
535423,103,message
577508,481,bed
809556,170,six
955768,934,participant
951971,274,activity
1279846,9,air
744309,543,Mr
419212,824,yes
1144557,248,west
514069,166,situation
468432,854,nation
1008416,766,since
688518,418,address
884057,329,spend
390083,443,however
947146,188,remain
1146811,979,shake
947632,571,hope
932109,417,control
335488,557,clear
1281582,53,recently
555377,921,will
1117683,650,situation
1189875,274,million
641121,639,buy
958483,458,serve
452149,680,week
403048,812,evidence
694890,78,surface
1086889,566,water
1032727,733,possible
904877,227,purpose
485772,804,available
995567,37,citizen
1085524,801,president
855587,595,among
506267,597,paper
1040545,69,tough
386759,512,best
423539,251,necessary
1259046,356,section
1302364,223,yes
493169,486,beautiful
640880,179,letter
509005,849,knowledge
1132818,95,happy
565925,326,hospital
503034,345,again
297637,665,his
686889,389,artist
845579,818,down
405439,208,if
848092,15,run
856918,9,happen
653362,668,include
1304669,309,area
436936,318,course
373477,773,certain
1086470,282,address
407138,715,treat
898250,633,read
1115118,56,summer
592197,357,there
446308,771,fall
463967,657,better
1179743,920,act
327199,128,those
926618,815,reason
566894,923,various
1287592,783,increase
982220,11,help
501873,480,part
1213735,798,cell
698509,726,military
735871,97,figure
437526,273,happen
794414,633,present
765689,75,sit
1077981,410,film
385135,442,use
995645,45,great
1005527,497,mention
1088402,853,his
338899,130,defense
552551,619,so
1260262,494,item
850310,466,must
774253,520,we
1125690,925,unit
994655,354,every
943440,914,true
287537,76,skill
1049455,325,against
602373,954,interest
1301767,928,window
457178,807,let
521190,895,establish
1285868,106,organization
288992,15,again
1267001,408,no
950972,839,improve
773611,805,baby
459533,576,man
1016401,431,look
785516,418,family
747652,265,industry
639882,86,actually
647823,23,TV
900163,40,strong
595935,227,memory
746691,353,play
1143737,868,key
1293297,134,control
315470,159,according
362373,921,computer
607259,582,smile
787579,503,onto
582425,844,after
1292516,290,go
1177047,75,yes
402144,892,capital
364669,907,address
1064936,893,certainly
782692,355,consumer
865023,252,level
1115226,217,still
1033133,818,yet
1252448,119,investment
1004047,174,west
1095871,917,special
312557,107,PM
321328,747,election
795754,778,argue
1087965,103,activity
1044221,984,save
1124398,793,plant
561398,474,family
809580,493,leader
785225,305,present
610605,915,box
1030518,99,drug
716202,38,support
420582,842,chance
416448,943,occur
870954,725,phone
724948,321,set
711788,675,surface
583250,62,big
396122,240,car
356282,910,head
732969,594,whether
843415,461,reason
747761,62,political
325387,976,fire
975038,989,form
938054,993,message
1009731,101,issue
496936,555,pressure
875128,169,already
1053696,952,arrive
475870,164,run
1305716,776,audience
410148,278,local
1098702,613,management
667486,2,study
456656,118,onto
977793,172,wall
473194,548,laugh
378077,945,account
1108150,870,three
648584,878,travel
1001103,412,baby
641427,453,interest
1254737,566,improve
374354,504,difference
998400,492,record
279773,309,doctor
1297932,181,but
450746,299,north
1128128,883,member
1313934,895,money
278571,432,single
737772,209,vote
1233619,782,doctor
1118516,993,meet
999237,415,never
1176716,835,contain
1092103,840,treat
1094327,957,growth
736700,674,out
824213,208,around
1102263,398,coach
294046,511,apply
1035900,403,financial
559040,263,build
1131223,447,institution
715186,872,gun
1264451,475,resource
489399,486,open
448492,186,public
603024,412,mention
916771,745,south
315077,232,rock
820491,24,could
777825,144,do
1009933,687,meet
656893,399,middle
1067692,769,third
823897,63,drive
394300,385,money
508579,258,seek
1066132,643,story
962544,877,require
399981,852,tell
767691,295,fish
490331,998,who
794764,65,member
638676,763,catch
1289894,326,collection
338029,364,policy
1293683,330,those
968640,117,prepare
495035,760,computer
901726,813,opportunity
566131,558,family
814254,71,my
647539,524,oil
1168469,179,candidate
288674,661,reason
1021104,475,shake
1183533,247,type
469552,240,its
1183101,291,identify
335040,381,care
790601,769,beautiful
1064056,504,five
1115233,559,happen
638078,342,especially
1045373,995,admit
395836,139,others
914573,597,space
1270438,312,finally
279258,56,need
581526,781,my
744901,729,agency
785106,815,grow
914980,664,magazine
283482,657,standard
731507,727,between
825150,118,catch
1108341,795,government
374013,823,poor
1168194,720,imagine
562555,102,organization
664726,155,know
860234,949,behind
526832,437,future
596609,918,today
1147593,799,at
990334,206,country
547918,252,begin
281061,330,environment
920635,760,discover
460646,529,participant
438391,24,radio
744430,634,cause
889576,744,writer
953281,51,size
1204953,297,land
727307,338,top
468539,581,parent
733302,201,as
672052,399,standard
649985,32,boy
832372,521,growth
728981,340,material
629484,968,cup
500589,755,benefit
1083148,908,enough
618050,670,stay
328969,351,be
602854,999,truth
813399,604,avoid
875254,331,spring
326098,625,put
365844,662,culture
738384,633,customer
392236,381,same
646236,338,difficult
1072996,99,at
1009065,163,little
770967,370,article
1128599,510,ability
819711,904,drive
436598,428,religious
395919,854,she
884981,670,off
1306173,398,of
611028,152,traditional
1226770,42,high
509391,914,identify
347706,863,their
727750,740,factor
1060107,24,before
374597,897,simply
1159537,723,assume
1012185,645,particularly
514901,133,sister
995408,987,ball
1217910,448,similar
695850,206,imagine
324557,538,building
461452,124,task
406174,164,ground
990279,385,which
961681,461,newspaper
1229861,134,sound
1207343,236,animal
1022585,120,gun
752809,155,brother
1047429,443,of
880060,494,avoid
847455,623,put
1142643,306,person
678895,427,serve
790742,598,crime
283576,127,more
725782,185,nation
1072841,894,police
659662,320,assume
1282580,789,language
1126650,470,case
406703,402,language
985233,936,support
549646,572,him
528875,562,something
872148,1000,behind
1014030,660,majority
1012754,965,simply
820687,811,model
1067873,269,teacher
1075045,906,everything
835451,272,into
724246,922,newspaper
1059929,677,resource
670807,93,who
606383,638,lead
1191510,890,still
592428,451,miss
917073,530,successful
1017634,309,certain
291258,756,series
667575,652,suddenly
326256,374,behavior
1195599,641,environmental
639811,213,environment
386541,749,to
548503,139,human
478771,432,able
650111,865,cause
1069762,254,yet
548177,501,light
408398,918,interesting
452342,65,special
964791,145,read
460223,803,much
687244,79,expect
907757,245,seven
1191354,79,yet
763891,446,kid
542422,86,lose
600049,112,control
743530,78,vote
1311406,893,free
1256876,581,others
1093245,800,prevent
287255,741,east
1077936,789,method
388592,185,operation
686429,525,west
376141,463,me
974308,155,executive
989923,933,society
540537,959,wish
423465,781,like
1161068,458,tend
1092433,789,happy
702595,283,smile
402695,515,lay
778001,533,able
879467,690,child
969889,595,wear
446101,913,space
1242389,76,another
775984,937,language
997893,699,bring
619373,466,per
737011,45,seem
422408,470,positive
763258,196,inside
507170,641,free
297809,235,leave
1101376,835,then
445954,524,bed
439880,25,feeling
340329,438,provide
783680,54,own
868185,353,similar
535703,980,community
298142,188,loss
590799,489,church
397911,397,eat
753748,813,single
612162,778,local
1191541,854,quality
1242965,891,product
1235187,612,yard
460557,150,industry
997730,465,father
817873,719,enter
840546,2,list
809239,864,shoulder
1232164,726,hot
671764,880,situation
762525,771,message
652796,971,traditional
706636,275,strategy
332746,417,east
965966,160,nation
536415,386,camera
1109092,944,simple
1299467,295,notice
441335,912,tax
552643,439,city
646295,261,task
1045271,552,require
416033,624,throughout
1204143,890,lose
752930,677,activity
584682,777,challenge
735232,493,left
578276,117,task
288365,725,standard
473767,753,first
498458,85,himself
598658,298,city
1031869,648,shoulder
1229481,813,want
1042410,68,own
1310339,353,thousand
778351,928,idea
1194738,284,trade
856661,689,line
696392,426,red
410658,458,ahead
1109328,336,play
1188153,802,professional
707071,737,newspaper
805037,951,fly
290812,228,according
534007,213,surface
668733,148,begin
503616,260,guy
1292321,628,opportunity
329567,329,author
379736,219,visit
505596,190,treat
613824,548,force
817947,379,good
962554,559,check
319654,403,would
868442,12,not
940006,356,everything
1055167,884,price
1050852,844,culture
1030170,439,leader
1094445,72,through
842569,725,democratic
1132358,988,court
1123640,515,miss
1107993,836,protect
996472,853,other
618501,102,view
698690,763,cell
525823,8,through
972043,784,so
355601,459,cultural
1092327,250,set
656847,975,deal
852452,31,guess
416759,270,foot
691975,546,sometimes
937085,754,station
1306476,55,would
303066,594,per
1103699,942,environment
556217,39,affect
795477,868,film
1210448,980,your
511052,801,security
457457,11,reality
832380,805,anyone
512758,302,central
929270,77,letter
441038,621,analysis
861172,312,lay
808372,428,former
1132094,968,evidence
1302517,476,technology
916986,84,grow
411477,243,difficult
777303,113,worry
1267569,589,low
1193824,895,go
671505,132,second
500053,300,skill
471350,640,understand
788411,901,present
1091403,307,affect
952407,586,ahead
400116,816,glass
1079072,574,help
908642,665,hospital
418151,44,keep
605457,918,factor
597579,246,smile
409961,678,water
906732,857,prevent
1155852,156,skin
1127007,197,forward
719313,170,scientist
398641,529,sure
542161,977,cup
632818,168,change
541191,323,bag
774635,443,fill
477436,771,left
934365,518,early
672684,883,spring
387582,779,attention
1238212,916,for
506413,202,network
898146,89,public
937595,786,explain
832804,691,eye
1233561,546,born
716456,765,safe
445414,801,condition
788723,2,building
806547,455,share
799083,932,degree
550085,880,stuff
1191526,211,during
1094015,194,defense
1267796,831,onto
940843,105,notice
321774,211,dream
1194018,830,nature
446107,876,must
649652,831,avoid
794766,338,center
331254,572,career
557478,966,perhaps
1218038,604,black
800855,531,will
968361,307,too
967790,885,under
646744,171,hotel
963724,833,though
705679,555,after
424316,696,certainly
846645,256,member
990614,962,perhaps
299110,344,ability
922987,479,suddenly
746824,501,argue
964264,416,occur
1112457,53,partner
1093705,484,area
516222,248,money
1118891,256,might
388922,240,ever
1252704,855,without
448035,229,better
669187,536,positive
775915,787,painting
1112860,376,draw
398834,981,significant
1301317,788,war
1304784,638,last
905556,401,perhaps
654484,124,research
1312124,883,bed
338563,339,cut
1117445,89,place
722802,643,understand
685224,962,either
989550,442,year
1312626,789,have
576051,241,rest
1030737,225,figure
718576,81,election
589092,724,effort
590914,733,choice
366635,975,energy
1260887,449,investment
621233,657,whose
291839,784,writer
361310,611,save
967981,869,environmental
892685,117,cover
790100,312,far
1070612,323,outside
1018954,849,seem
338654,308,able
431292,191,fire
934108,242,game
1247120,166,six
1030237,277,ten
1140357,753,perform
905192,859,smile
1104667,70,establish
915492,227,pull
461867,890,yard
632560,954,continue
1296137,894,many
933624,852,especially
601170,912,what
477634,521,hard
502802,270,including
689353,855,they
747934,857,artist
1207992,781,skill
1274396,423,account
540031,885,those
1131173,955,actually
1104584,353,protect
1084073,564,fast
534877,844,employee
826505,626,before
1219646,82,west
296469,674,piece
968371,603,book
1126356,331,strategy
842588,404,ever
380617,572,red
678338,456,shake
913142,54,inside
965367,485,physical
305746,60,agency
1100764,420,responsibility
384081,794,perform
936292,938,win
455956,660,possible
914946,752,everybody
865747,833,surface
1264584,719,shoulder
583867,683,game
817025,236,continue
1194585,642,person
881827,255,social
1067953,394,build
1218779,642,something
563143,469,speak
953226,208,individual
562647,87,issue
740251,265,age
1124560,359,join
1074630,300,resource
1191543,614,probably
965963,314,cut
429193,786,nearly
718844,314,prevent
409410,12,morning
1106204,110,that
370171,723,soldier
1128004,471,anyone
1194968,844,red
1235662,928,suddenly
819086,112,approach
798712,416,worker
1290332,767,college
675815,138,theory
1263292,846,difficult
925174,306,television
1012325,834,eye
1004747,883,site
1098692,907,full
948169,101,management
1087801,530,sense
1129780,22,central
884913,211,PM
526661,54,option
913932,908,use
1152581,292,force
366495,186,establish
1197905,359,ahead
1156599,709,other
583650,727,real
631138,488,bring
1176157,300,skill
701154,692,later
1000739,976,down
1018384,761,window
1070466,887,conference
1080126,185,do
1016506,541,purpose
582702,504,simply
1086676,914,there
856218,200,that
766139,516,consumer
423790,457,standard
1068786,162,authority
365632,483,represent
834304,190,cause
509016,904,another
564123,471,treat
1003530,436,line
665605,249,create
709800,516,mean
430669,631,say
560234,429,reveal
1100975,775,foreign
973908,780,including
374430,750,record
316313,573,reach
1157356,316,manager
1198191,821,leg
1229953,390,area
624655,846,couple
1172265,853,choose
620245,549,pressure
1167402,56,environmental
1284778,576,simply
413302,801,back
1129474,2,produce
928008,563,writer
1286988,133,how
463427,488,brother
447256,376,evening
1172997,307,spend
591036,733,cut
786974,612,behind
1022066,876,almost
308092,196,city
371107,376,former
711874,712,accept
476162,393,position
595563,108,daughter
325673,582,any
1201687,541,much
482906,679,discuss
800244,542,participant
1179005,765,set
618923,620,another
843071,435,understand
863074,329,whether
507810,534,open
550131,646,be
509728,700,visit
1178459,415,design
1158996,234,office
368267,471,anyone
536573,118,table
1081011,283,present
507301,901,from
1029733,171,foreign
323570,401,contain
1062089,127,local
376090,962,its
760069,256,question
630614,131,produce
1024246,777,part
1114301,433,remain
1135000,38,technology
545663,654,hear
1259077,597,employee
1124786,354,entire
847490,223,over
443006,730,assume
280697,227,he
609305,238,drop
1080531,855,research
885403,607,particularly
1259022,21,board
974731,657,my
754229,866,individual
1150824,247,term
287658,945,for
826300,371,class
866376,600,body
546172,742,choice
413841,929,still
590286,493,research
1136324,845,food
1115859,119,beyond
718833,287,out
624312,957,eye
893367,521,participant
598963,587,trouble
542964,490,example
561847,973,difficult
670846,999,important
1030933,467,model
877842,464,fly
391510,439,almost
715650,648,year
762735,510,outside
554612,64,they
1079773,520,apply
465751,471,single
301185,425,American
351970,833,summer
820687,956,hear
578153,213,type
494439,565,none
1228796,17,safe
1160224,510,arrive
641490,960,picture
320748,827,inside
1089808,952,claim
557803,207,feel
294208,130,public
1281747,778,south
434859,397,result
292550,496,accept
548589,955,trouble
484980,322,entire
746774,212,unit
388290,849,technology
979226,325,friend
893053,287,culture
612014,879,write
884603,526,cost
709011,977,seven
1118770,267,child
363616,54,grow
1290925,929,himself
724890,486,discussion
1174144,553,across
1109901,159,contain
1162629,663,town
1088762,179,quickly
435739,803,address
552972,478,business
1028819,63,important
1170963,308,thing
1230917,401,bring
1102880,894,image
737836,986,lawyer
1104922,958,place
349959,605,stock
558906,222,particular
733071,227,small
366089,991,personal
1131609,561,wonder
280092,334,enjoy
983577,149,peace
416011,172,significant
494793,628,learn
290019,621,play
1292546,220,sell
1172110,489,see
1225468,289,million
1054167,253,discussion
1301451,34,fight
376103,106,development
652408,542,magazine
1224904,933,concern
1272658,935,attorney
1254131,423,hospital
1157216,945,particular
790476,939,particular
1298477,318,develop
686323,5,talk
1171697,612,American
304065,846,two
580729,475,artist
1221025,653,full
1243430,741,international
465815,139,write
1000486,141,decide
1084540,715,perhaps
871181,745,voice
573985,957,staff
1096847,651,crime
392221,747,well
918436,37,main
698608,44,kind
704805,532,quite
1247465,718,six
1168017,837,team
726370,168,west
937445,19,their
319719,265,benefit
1115875,551,size
669443,917,meeting
681029,864,staff
316604,78,word
927376,432,enjoy
1158769,625,just
1255165,868,develop
822388,346,amount
1034467,711,study
1311822,181,million
431451,349,source
587763,367,drive
394446,555,result
912808,781,current
750232,178,group
1119323,252,sound
368212,457,however
750900,96,center
673257,569,executive
552155,664,center
547677,278,nearly
501054,991,which
1156557,774,consider
980971,655,by
459564,714,able
1295532,628,arm
813636,132,receive
1200579,652,serious
1289331,672,record
786244,196,name
332684,452,record
1092442,435,during
279712,362,human
977263,828,question
530612,7,exist
1134096,637,particular
457332,404,purpose
729349,216,music
985142,92,already
1295141,154,mention
1024628,850,three
1051891,510,the
849062,929,example
967956,751,social
465959,753,suffer
1159594,429,minute
333415,44,peace
707302,996,population
372234,762,assume
904606,886,research
842129,869,night
335147,554,organization
429021,764,hour
849934,775,late
736612,700,blue
826356,895,teacher
525681,980,audience
736967,955,process
930436,356,front
757073,86,test
636535,584,miss
312366,92,speech
970757,759,surface
915083,121,organization
625945,592,true
774234,164,employee
614324,454,heart
433726,67,stuff
730800,231,natural
1191461,552,morning
929716,181,card
955817,362,why
329960,810,reach
392959,322,plant
987772,523,laugh
1128044,217,worry
1144138,461,ability
636393,196,data
374207,422,sort
609684,829,able
1137903,414,Republican
997305,154,but
373970,839,question
1197277,965,throughout
342776,895,adult
413523,272,finish
805279,649,skin
916845,246,certainly
385161,56,player
849375,450,billion
1196393,152,trade
828636,328,rise
896013,230,gun
727936,459,personal
400454,271,benefit
803001,364,rise
1117218,602,modern
775331,696,office
302796,968,sister
943727,377,son
546213,405,night
732961,592,step
330148,207,walk
941882,69,rock
1232504,111,anyone
722823,775,own
332123,212,order
1231695,258,despite
687292,456,ready
332068,543,today
1298440,701,ground
683905,699,likely
1188768,440,style
1109705,326,risk
899044,718,might
874848,295,mind
1045231,142,describe
1185841,574,instead
740364,300,whether
740158,236,plan
307361,308,measure
1145012,110,right
289386,787,fact
731675,55,capital
1268092,99,usually
1224075,622,measure
459533,522,vote
731619,501,account
558349,473,dream
610721,140,environmental
672834,555,of
1149786,121,feel
1071757,410,according
1138073,519,get
410501,387,listen
1301965,281,window
1130749,453,environmental
615407,55,exist
1185795,478,read
462932,349,make
621285,521,radio
590902,896,simple
801590,19,and
279950,835,apply
418843,776,side
486773,671,ahead
903635,919,wonder
366840,208,talk
658807,181,adult
455668,369,reveal
617830,615,natural
618262,910,shake
1037337,719,able
458096,910,trial
1298495,501,system
589292,320,analysis
490769,317,central
1295721,775,writer
297464,292,relationship
1112198,239,religious
1079916,461,reach
302837,445,natural
504447,468,method
698899,26,for
671670,314,serve
678904,491,stock
717495,819,assume
884153,771,garden
887347,854,economy
1092805,558,study
585671,787,bring
1169255,145,act
457101,491,central
968372,50,person
438504,43,ok
1115179,207,after
589673,106,lay
417719,675,while
867792,9,choice
932216,606,likely
614415,372,fight
1098648,504,describe
813050,604,report
652095,658,more
1248031,113,soon
648351,954,staff
726524,191,order
630977,209,mother
968019,659,among
629416,905,base
656549,73,science
1122997,643,include
869260,841,pull
1233570,676,can
989605,460,system
759695,393,probably
1200363,480,health
983085,369,opportunity
1044992,829,different
610890,769,raise
738179,241,like
729518,859,unit
321479,300,long
1094408,642,break
678868,710,parent
1026286,140,author
912793,657,rule
598608,872,somebody
1240164,110,young
441045,328,parent
1238452,11,wind
510918,502,describe
569454,654,baby
907319,79,physical
458177,797,many
944665,110,bank
1211749,292,baby
1264033,586,real
780216,987,reduce
1272436,409,evening
591061,239,stand
457274,949,consumer
433484,961,decade
385349,266,score
372041,513,program
395484,867,list
841824,495,idea
877512,459,majority
509113,433,your
1162428,65,behind
599478,497,hundred
1284693,182,nation
313789,398,man
700133,463,institution
681642,363,him
1203823,60,later
1211461,185,four
1059833,869,charge
1311419,366,back
663544,351,world
735005,805,way
494876,640,economy
583141,501,purpose
1311677,627,how
936580,1,more
369482,403,few
599369,273,suffer
1187174,945,ten
680578,739,lawyer
707992,895,end
799505,559,matter
1312176,394,term
370349,298,side
633019,727,window
1257779,938,cultural
1001446,28,protect
647858,994,send
1230982,38,conference
897474,702,position
802876,428,and
1299556,999,cell
974152,198,environment
1042352,977,space
754948,948,usually
686095,105,so
1025314,561,trip
890697,240,natural
1013170,411,cause
817202,986,explain
439965,114,risk
808924,897,we
1134975,6,available
286574,363,region
688967,74,cold
582938,816,environment
479345,856,surface
934154,329,feel
824400,549,election
899279,139,hair
1122214,134,skin
475397,8,personal
987794,620,education
376634,764,respond
1063501,689,him
864933,666,shake
908161,157,political
685235,631,cause
741016,360,spring
1151699,351,against
489718,532,rule
556771,240,western
761663,162,final
602152,275,movie
1123514,353,pay
650232,508,great
1303544,55,may
684636,793,true
806914,948,produce
765903,965,range
974556,40,effect
617571,690,why
1248717,674,base
776944,969,nothing
843237,247,within
809023,12,another
600232,12,few
672581,506,hit
978708,718,top
1234941,300,future
426386,203,response
321331,84,fine
1214085,882,method
1204956,139,general
737181,866,range
306099,726,discuss
346751,51,mouth
592672,672,bag
924712,959,cause
685276,265,condition
525671,299,result
1305143,568,black
561138,105,leave
371359,778,young
511001,667,budget
995648,536,subject
607768,149,million
620906,531,money
698515,826,figure
1032547,641,list
412581,131,cause
988857,843,economic
563660,367,treatment
287117,970,current
514881,84,school
301561,316,happy
371958,265,research
1274287,329,late
772273,300,increase
403955,657,morning
598607,362,stage
612924,962,control
461693,110,treat
288114,315,whose
1201147,131,remain
761392,364,affect
1079920,820,process
1027992,16,listen
787718,31,management
283652,202,direction
523770,311,gun
418123,485,produce
1002925,748,catch
1300205,812,however
795338,75,per
503266,99,different
759404,724,week
1300284,131,drug
574396,546,international
1270569,727,accept
856860,425,get
935554,122,heavy
726123,224,church
795628,203,top
1186956,585,couple
648962,96,bad
1082990,355,under
1120475,283,cup
1241980,231,crime
1233020,587,her
724439,456,late
895419,558,decide
1099341,789,part
874922,776,son
455369,667,eat
457996,328,action
1065745,613,form
971278,157,price
984124,750,mother
1096663,575,enjoy
567326,189,think
406926,818,ask
480131,7,card
367444,689,picture
824820,602,forward
1185498,358,itself
714050,698,health
566713,549,bill
545537,866,camera
497644,862,baby
738185,158,red
1282868,86,stay
723195,578,next
567783,68,choice
820244,800,home
1070087,400,simply
993282,275,house
990753,438,standard
1058528,409,particular
1155153,765,pay
370154,396,cover
499558,821,also
317224,461,power
727820,692,generation
316624,321,decade
1256497,785,soldier
724682,982,the
931077,417,rich
687351,741,authority
400460,750,friend
413014,818,several
1007596,886,indicate
1252952,172,amount
1055401,219,four
484598,854,make
771968,334,sell
1239128,782,imagine
444688,127,under
582305,789,value
457180,13,beyond
671014,94,wife
652487,872,hear
1294849,993,scientist
899358,679,speech
1039600,48,movie
664723,673,see
433719,797,one
724519,53,everybody
924556,670,agency
390520,842,teacher
1291068,601,today
666255,116,beautiful
942648,682,southern
1019793,415,beat
759153,255,name
418586,286,return
807598,799,heavy
383134,165,thing
1125679,195,part
707496,892,question
707517,245,teach
782017,369,letter
1197354,460,senior
780134,183,PM
1035132,883,first
1103383,553,any
1166256,773,artist
576010,951,receive
511496,347,during
1035131,537,policy
639571,807,finally
886159,765,gas
767264,178,drive
797639,314,practice
1027480,846,decide
898566,342,program
724360,128,various
1126102,821,matter
341224,618,agree
1003960,929,difficult
840501,228,recognize
316208,790,part
862311,61,of
1013959,329,maybe
1235554,445,discuss
570618,29,president
956209,217,loss
777396,197,goal
1150199,395,military
1137081,96,ahead
1234471,689,rock
1260018,170,young
447494,486,free
576193,911,his
1165684,855,international
370698,334,phone
944820,980,case
685221,510,thus
907546,612,wonder
774081,107,they
506999,114,body
683256,378,industry
461111,520,director
462644,851,over
541334,656,lot
973611,62,culture
1061360,668,and
558425,534,about
326302,824,their
1122040,850,dream
449115,566,unit
1180443,642,study
999736,28,green
291020,416,long
1072041,780,maybe
758962,897,you
429905,695,fish
604087,447,term
937291,55,soon
590239,224,politics
923184,208,material
625447,779,determine
1115733,367,ability
974895,676,politics
717941,77,pass
669014,44,few
1129147,373,whose
996024,61,break
435309,874,subject
760345,850,total
1007688,892,arrive
573750,276,trade
826472,146,baby
711742,811,family
784384,653,son
922170,883,financial
1130594,736,just
700148,669,task
1103595,139,remain
1148043,420,past
337150,396,party
861920,314,turn
543025,423,hit
1093112,878,article
519094,19,contain
749050,765,deal
941816,310,hot
1251128,6,out
556760,607,technology
1176065,121,anyone
666359,347,although
347636,473,kid
544896,615,participant
1174714,745,day
372815,995,find
1014364,25,opportunity
1237794,779,relationship
381615,785,small
1038664,270,serious
570889,758,direction
324395,172,out
1049474,672,action
773447,654,wish
575817,988,arm
442355,119,expect
974770,796,rate
624272,748,more
1022518,570,instead
530465,5,write
750757,438,also
1278253,950,develop
443323,950,certainly
716734,315,relate
541364,905,senior
350364,83,maintain
1311575,764,mention
494467,925,image
840948,658,open
597769,527,board
629653,647,way
592777,710,use
282972,679,doctor
574122,667,suddenly
513743,652,imagine
485693,709,door
482495,718,trouble
482924,417,many
429174,707,none
651980,31,surface
1020622,47,after
1103985,353,partner
383675,192,benefit
1239250,110,military
327401,331,up
642179,863,continue
1051102,812,finally
283397,737,exactly
614670,284,cold
921601,892,inside
724734,973,suggest
338245,306,resource
726092,898,herself
476943,675,personal
585402,467,put
449064,737,ever
1199537,872,model
725270,839,agreement
1239438,722,foreign
1289038,543,single
481032,225,trouble
440637,977,learn
777052,30,thought
1305349,121,professor
662515,84,style
1197349,189,career
939906,468,of
360627,455,commercial
295521,207,open
1177649,910,air
955721,464,value
766464,440,always
586943,862,full
1146714,736,yard
555319,611,meet
506059,198,final
1043835,317,recognize
959639,17,draw
283704,401,wind
932766,741,prevent
1217364,287,be
650566,641,treatment
525552,614,fall
771065,115,song
575584,892,value
1259473,776,some
1128553,571,go
556139,915,piece
788796,995,fund
531017,305,tough
286353,530,adult
317987,223,development
872126,695,culture
441529,645,call
1111356,476,group
667632,997,action
307066,978,market
727787,579,wall
1300518,243,thing
727656,758,card
1276562,893,high
1041915,170,though
441703,425,gas
866138,826,old
1122362,758,discuss
654138,91,kitchen
895675,191,wind
720306,911,just
861323,615,cultural
1131225,858,federal
1273703,133,minute
1105275,515,article
659348,681,serious
391754,549,board
559434,654,land
661418,18,official
1246622,691,a
889472,563,structure
1226788,209,in
1191166,272,various
771803,678,single
769133,752,strategy
947026,633,now
1129220,91,size
1112489,58,up
1262678,64,enjoy
815198,216,now
840975,789,like
560070,750,hair
581566,379,fire
498196,5,leave
1169350,497,two
455375,547,rock
443376,372,interesting
396213,633,cost
661236,637,light
465480,879,call
1092957,154,smile
1092948,484,base
1005645,791,value
363657,330,guy
621847,112,free
804331,386,dog
408918,404,write
1091997,92,toward
775822,364,seat
971507,524,tree
808434,357,hope
983361,703,likely
1049832,603,million
1292885,32,sound
864345,64,build
1043078,520,investment
680513,747,campaign
641833,921,these
290674,797,describe
392876,311,series
1029251,967,happen
662704,513,wait
459771,733,possible
1132689,1000,evening
1118385,14,increase
550395,297,suffer
316639,398,morning
869160,117,us
1081721,47,music
1233542,75,feeling
545993,720,daughter
882625,886,she
990323,663,respond
742342,823,economy
917841,850,then
1268270,663,system
603801,736,last
854681,727,friend
614079,69,science
818716,675,suffer
1233606,631,talk
538553,119,American
593911,516,step
446360,482,but
398324,857,throughout
1144703,186,short
864482,488,would
463735,150,magazine
284384,409,wall
893362,194,argue
337055,444,carry
1035810,196,along
1072744,942,argue
906288,177,majority
279371,512,return
556170,857,he
293178,463,box
422009,151,simply
498337,74,pick
909915,919,study
845928,458,he
621291,976,work
1235150,52,car
976874,853,describe
1114510,301,group
522254,291,home
822110,231,have
1238245,835,same
1087864,445,level
1048392,798,early
571280,469,its
419687,201,news
486188,568,test
647112,697,base
1301966,78,civil
474183,724,wonder
982455,225,him
535182,161,outside
976124,419,daughter
1242865,223,account
503512,590,record
653290,852,base
984198,775,serve
727023,809,performance
332310,746,media
1008996,812,conference
1288559,105,poor
662554,340,own
1256009,562,draw
1108542,554,Democrat
797288,352,customer
580174,552,boy
864879,298,store
857205,125,part
853567,489,relate
867279,134,friend
494972,21,perform
454083,834,marriage
1083344,800,pressure
1088588,684,key
764860,938,suddenly
671773,401,alone
1095234,651,name
641142,310,attention
993506,377,mouth
874180,418,say
335856,934,ago
1058975,233,dream
377506,916,wish
1138136,832,suffer
1201974,281,street
1197988,515,whole
415770,559,effect
619535,648,assume
1065699,748,major
901726,928,light
672548,740,performance
354287,935,candidate
1047966,123,water
972992,331,long
1309794,999,ahead
354679,123,then
533691,953,now
671955,928,contain
1297149,482,would
631364,961,what
635171,611,sense
741080,301,fight
323821,501,key
1033099,214,well
1095599,712,look
978252,819,remain
593350,984,music
586961,593,street
313086,390,realize
743426,134,full
603399,222,TV
892396,947,tough
1143480,531,peace
718510,580,learn
463027,299,already
732786,847,medical
1079359,669,church
716259,530,say
1100134,674,film
683901,675,might
871853,956,become
943619,588,try
1287209,204,alone
1152589,323,treatment
691439,511,might
931263,500,about
377229,455,citizen
700591,605,fire
840791,222,paper
298954,659,over
478259,258,fine
669473,130,teacher
402356,621,list
792986,221,forward
789511,447,note
985811,483,into
746659,804,fish
1298588,560,measure
624036,301,may
1069913,738,enough
598401,341,just
914967,742,usually
465026,190,same
701915,37,huge
391357,937,pressure
506823,349,build
1231613,193,television
524274,93,knowledge
759776,666,themselves
1238550,695,impact
727002,48,production
1160916,211,candidate
336184,697,several
602087,299,nothing
1209062,659,yet
964614,33,song
1073765,545,during
359582,627,kitchen
1120705,68,chance
1216829,377,thing
411859,338,industry
1008556,55,vote
720331,127,PM
1089416,286,item
300738,448,compare
1193895,149,style
1246866,474,allow
598513,634,strong
841806,753,accept
1049302,569,technology
771997,755,enjoy
1025547,848,son
611707,109,question
1010971,335,soon
997596,456,station
825298,239,before
649419,408,enough
507709,656,suggest
812524,235,social
942977,920,citizen
1070773,265,for
392533,115,hear
416439,818,hotel
544563,943,risk
547068,933,art
750820,686,even
1203741,119,degree
1045426,973,along
880933,662,difficult
1037831,796,recent
993805,885,let
880132,493,tonight
344971,956,serve
744511,933,it
932160,69,indeed
1107270,434,probably
327914,99,factor
1070698,563,major
606892,501,everyone
360259,960,force
533424,49,imagine
358411,839,collection
1145890,790,east
874468,321,beautiful
501485,422,section
1031416,411,sport
629412,808,receive
588475,857,consider
321642,354,drug
1079316,482,share
734724,744,draw
489540,789,marriage
337394,213,stand
976686,719,college
684169,147,serious
944076,72,office
1266894,860,after
354778,503,member
1150754,783,test
393145,560,position
1036570,983,hear
1158666,742,civil
852300,515,box
1220719,182,almost
554308,66,computer
640255,577,matter
702173,199,stuff
327299,900,arrive
597374,135,majority
1298955,285,present
790532,453,top
295451,137,exactly
1104163,162,easy
517812,463,push
689938,273,wall
810199,539,war
350939,77,although
383560,845,enjoy
826337,971,various
506129,673,impact
325703,584,student
1016126,629,factor
844221,662,compare
294105,318,know
931819,377,time
1211900,89,travel
283693,655,claim
318147,559,available
728413,270,past
799402,399,design
1314705,245,ago
312109,39,how
670008,998,clearly
1004551,696,culture
728630,821,agree
477919,751,thing
306315,860,weight
1034876,219,instead
1258124,498,particular
477277,597,project
382225,913,all
1116308,112,occur
529659,789,unit
437187,336,party
666005,224,up
573765,259,fill
677762,184,top
812056,795,table
1270742,360,others
1015916,42,thank
1260197,46,development
970804,222,area
1255530,520,general
516448,729,air
879300,342,follow
303288,183,view
681911,753,treat
1305814,982,food
533143,53,political
301764,303,though
440379,95,I
986166,248,discover
311067,355,last
553889,584,drug
1270110,39,interest
588754,613,look
966044,556,agreement
827115,119,back
1007300,438,drug
1254442,579,similar
465465,169,often
832034,394,contain
591484,766,husband
679101,906,discover
805733,869,majority
1118260,827,occur
832414,816,must
1039900,575,music
334678,667,while
817890,295,as
1294010,886,career
1052697,884,party
859178,136,live
797615,52,adult
359143,14,reach
433194,326,before
832660,264,lot
572085,706,always
988399,174,real
1197274,143,care
1186820,83,college
463173,284,lose
1020321,161,show
402781,574,word
388501,621,political
1210683,374,rather
305212,953,company
839217,809,recognize
1127996,638,physical
726350,119,too
727083,386,finish
359283,747,myself
527848,368,house
583172,857,book
616952,52,rich
1141149,394,approach
1039955,143,best
1094232,975,site
568645,104,why
1177335,527,organization
594813,368,wait
900428,76,middle
731127,330,often
1035488,75,hope
1036227,570,example
952613,623,environmental
925610,851,employee
577366,933,fear
536235,991,him
426786,237,watch
1278827,316,perhaps
917080,811,for
1286648,146,bag
365434,581,sense
729765,547,report
454192,372,moment
313992,885,born
391248,974,college
972504,74,understand
415383,421,important
1059785,145,upon
793970,621,fact
1221012,823,staff
675149,920,scene
609122,581,image
327459,94,anyone
316723,10,life
1253518,269,appear
1104323,996,class
734758,180,provide
412765,356,be
417252,17,everyone
368977,323,growth
533076,928,song
474674,350,reality
530661,882,product
889493,960,expect
1250033,216,of
1210905,669,drug
877360,4,data
647694,945,exist
1127615,953,often
1273735,672,ready
819756,855,movement
1256944,429,your
1114423,934,determine
648399,616,appear
699064,338,course
733009,301,fill
887619,149,personal
1140607,43,bit
1171972,611,scene
400567,783,color
681036,378,wait
533088,367,without
905463,783,past
633839,680,president
1300761,735,military
1196669,232,level
643238,12,employee
508698,586,buy
1082571,207,white
931054,265,western
1229914,15,thought
906847,556,want
1059385,471,forget
829407,292,sure
530698,587,listen
368477,645,with
1152494,787,under
1275022,675,later
976081,436,writer
686472,453,trial
308505,322,item
914682,656,cost
574066,390,simple
907825,210,morning
440828,592,especially
1059801,907,through
363612,85,condition
683736,559,above
394359,829,similar
819510,222,into
1114559,125,seek
570201,951,name
595809,87,do
972690,334,performance
1023001,620,behind
1264471,328,much
1209869,186,star
748840,580,threat
1215185,483,whole
1242086,265,natural
1172667,617,today
548422,637,traditional
292737,69,leader
701470,674,ball
1157765,392,candidate
538012,712,bed
1047387,768,clearly
476717,456,design
613355,264,her
1288673,923,sense
1134487,528,score
809115,531,cost
845333,687,six
679830,462,truth
806862,204,different
285605,625,public
304752,527,later
1210144,426,goal
679584,875,represent
790661,152,remain
959715,52,ability
1127207,741,usually
562460,140,game
922208,718,tell
1099072,260,color
1063497,421,space
348637,80,Mr
443419,823,north
1101404,491,just
1164126,396,task
441511,537,fly
1265904,69,us
914569,221,best
809572,856,bill
763111,327,identify
1159403,109,mind
669952,859,star
707051,404,international
358496,61,may
574454,202,audience
283442,491,reveal
866474,811,cold
809140,107,world
474084,702,involve
378093,513,reality
1075776,435,system
419531,588,throughout
939344,658,point
998709,447,base
1124826,917,president
505128,39,again
857077,48,few
1010193,719,doctor
379487,508,school
429766,264,water
618265,836,serious
1127095,827,environment
709119,432,mention
1037491,475,level
426306,687,scene
303081,564,college
1221070,589,design
1002776,723,reason
624312,922,describe
1210816,292,young
656353,837,if
599668,466,husband
846720,321,take
511052,427,serious
566606,288,off
322565,287,do
1192380,63,very
335779,49,according
664588,270,air
589818,332,sit
290926,408,arrive
1275246,609,read
729178,779,base
1175480,244,value
493107,638,as
1303805,397,develop
1257567,259,floor
394629,456,president
715495,773,music
1144414,776,theory
509069,308,image
344468,179,necessary
305634,55,opportunity
875600,847,report
309642,354,read
713948,225,door
712378,724,success
1303358,400,owner
1300086,11,south
553846,559,tonight
683895,28,age
1276100,760,successful
756603,622,right
674752,84,local
324377,832,try
600663,478,agency
654309,177,produce
879558,800,former
1222685,517,former
1269847,752,full
823684,120,piece
1176726,838,can
1163107,694,outside
812777,629,late
288889,671,exactly
1203756,58,nearly
759814,679,wear
1079279,600,government
1105040,416,dog
1172510,511,modern
1279768,892,section
782397,949,agency
1020859,832,gun
317270,961,seven
1056301,954,my
618333,8,rock
1179467,725,perform
1027296,683,where
1187611,876,conference
408552,901,center
1046466,559,series
1250623,53,idea
895153,153,number
978274,144,away
666640,46,boy
364644,439,interest
817279,931,ever
678522,100,wide
791041,296,how
493116,196,trouble
1114627,657,kid
1215076,722,responsibility
1311233,704,soldier
853782,87,around
1107971,539,large
1204050,363,data
314037,846,accept
995614,298,very
740390,4,expert
980698,699,technology
756154,752,adult
350211,508,camera
434445,454,performance
437855,566,edge
980647,914,within
311636,77,hot
1011799,860,room
705455,934,save
591114,725,stage
305596,804,million
1257639,253,outside
547908,467,return
1290844,827,front
977673,170,foreign
302961,269,leave
287350,1000,spend
422409,447,growth
589567,57,much
333763,931,phone
290769,413,stop
1196620,426,require
632916,769,production
776012,947,law
868750,673,buy
902581,285,set
1280661,208,kind
1189754,632,on
429718,114,part
634954,475,character
1201483,535,pressure
703523,741,catch
477428,936,small
908665,579,wrong
606137,307,important
1118375,59,deep
958639,785,month
1144163,345,hundred
682598,10,kind
1024929,430,than
905573,309,determine
1086032,312,meet
1279153,575,mother
1226503,59,through
447358,602,first
988440,295,executive
1064335,141,together
994326,421,worker
1053439,524,local
1049838,421,life
329451,250,project
1198379,711,tree
407031,572,behind
838525,436,all
978314,973,imagine
474929,71,great
592516,416,series
383664,273,against
604092,680,right
469863,388,customer
975055,853,radio
692437,979,many
1232295,685,loss
1009899,986,economic
488767,538,month
1104705,662,there
704914,455,lot
1156350,820,deep
870650,859,life
414189,249,watch
955798,468,certainly
1245188,507,ready
581568,649,fact
540180,990,health
766527,70,agency
503328,847,skill
1096571,678,else
827908,488,reveal
1236384,893,pick
456426,504,plan
972332,186,friend
795383,413,among
556384,734,hold
858019,261,cell
1189058,781,upon
925911,757,large
725305,170,such
1088418,589,woman
622882,973,none
1110813,727,culture
380622,288,bar
885328,889,bill
597695,935,bit
1065337,950,admit
620013,691,maybe
456928,575,much
534860,807,beyond
372876,533,organization
732768,80,kind
1017699,285,return
1279485,423,final
709144,384,man
763974,273,up
1181119,820,into
1260048,638,as
729271,449,final
769602,133,ball
1011286,45,section
781370,192,discussion
1034391,550,decision
1234529,792,check
372401,469,behavior
1206173,39,indeed
634264,675,dog
1181533,727,improve
340057,569,yard
742753,481,join
850853,517,off
522045,518,knowledge
813920,375,employee
312086,140,focus
309422,209,idea
709294,859,technology
872471,677,station
1117631,927,design
787515,727,whom
1120152,732,generation
848228,777,culture
1265941,319,end
642346,908,purpose
294855,768,possible
339629,148,almost
716351,198,material
964444,5,unit
936702,991,whole
605435,581,heavy
1048804,452,throughout
453943,288,performance
849661,837,series
817654,996,manage
806880,772,second
660977,201,buy
959879,862,become
589180,248,own
1101245,823,play
369756,169,evening
753356,309,soon
1083808,874,fish
1305975,937,indeed
775616,38,start
566371,916,around
1156070,268,test
465095,587,off
600938,855,wide
1032322,528,final
1184373,712,religious
487086,713,offer
432592,20,recognize
971695,976,statement
1114831,178,the
1178592,858,plant
342597,168,break
1249454,867,yet
389004,428,current
1075576,591,ok
340771,173,degree
418197,724,evidence
1190021,364,speech
431937,354,chance
562824,694,house
872356,381,short
1086716,116,natural
592792,871,leader
678875,986,name
354576,448,program
464760,200,national
299840,757,head
549348,830,base
678033,36,drug
956690,625,candidate
603347,576,official
1184900,323,face
323976,159,chance
392179,684,protect
957765,699,store
734362,536,according
1004611,199,chair
1195474,106,later
1265568,206,also
1016990,961,money
881827,585,since
363769,320,style
832808,348,charge
429883,403,system
339474,210,drive
621793,671,fast
731005,854,account
831794,721,take
683301,243,wind
964889,568,class
655119,535,where
336900,669,have
1043580,405,perhaps
556127,540,former
641504,273,today
522378,214,air
770240,182,her
425173,796,carry
741582,710,similar
724166,101,physical
361644,311,hour
697199,489,movie
858780,237,democratic
507859,585,type
1282123,618,see
994428,906,free
1049299,521,reason
448565,462,case
547257,404,leave
1084428,201,away
894003,107,again
652470,782,simply
1072156,355,successful
946786,129,occur
561674,207,safe
929457,499,dark
356042,740,than
774280,256,scene
381466,2,into
580974,824,establish
435011,89,view
1249706,512,against
938471,227,light
870075,687,remember
700073,32,into
989502,830,sit
1144237,315,later
302404,573,debate
663530,762,property
866017,469,report
347093,85,put
501318,816,at
901108,300,him
1298285,677,identify
614387,1,they
780076,943,friend
350844,751,customer
1207094,190,then
1100345,746,generation
1269790,998,middle
407940,139,enough
866895,83,last
403975,261,still
315296,456,foot
603243,441,fall
536407,796,growth
641629,567,off
992170,957,cell
769034,432,value
347569,696,site
1084607,548,help
495919,571,stop
1071589,127,argue
678742,185,reality
859479,151,hold
297683,181,food
1177763,554,very
1022773,290,raise
984214,284,act
1278847,223,seat
322645,611,issue
999491,832,reveal
1001567,687,all
1244866,896,to
662734,372,less
1129281,939,process
1161659,548,system
1154986,646,benefit
329160,589,soldier
1059150,161,begin
448084,842,you
552301,522,interest
1262310,119,trouble
852602,833,near
739010,168,very
1172849,559,able
284742,141,his
369548,971,range
408516,679,apply
380414,206,total
969483,355,picture
992380,703,security
973136,145,adult
309948,139,century
859370,4,head
1035145,744,only
482338,823,best
1090522,805,capital
314535,568,area
1096712,48,glass
388521,569,when
873602,861,follow
640969,580,image
1071875,130,doctor
310515,556,southern
1179427,898,better
298898,864,give
938711,306,modern
1115532,643,know
1285088,846,total
404612,475,gun
760833,612,form
489317,996,property
687109,239,stuff
998394,750,leader
1261174,378,know
508989,112,despite
796810,859,data
995710,899,under
629796,228,trouble
1259891,486,mission
849508,323,all
1309745,402,include
824486,301,director
542988,747,sound
963086,818,song
958089,409,yes
555534,518,over
735592,881,foot
867264,168,hotel
1249214,177,follow
357077,156,response
1141030,572,response
954545,297,few
392674,972,play
916424,946,edge
313894,862,eight
580145,683,girl
1164123,134,beat
762177,132,institution
530718,877,happy
342465,679,outside
1058090,67,social
1060176,437,new
703753,100,despite
802950,968,summer
387848,327,culture
1247346,200,because
1160705,500,small
742178,343,him
1112832,831,research
1014440,704,still
1194706,266,agency
492274,573,event
495780,638,either
992348,533,past
937654,485,until
521771,651,during
681414,250,fire
865487,269,each
443200,930,surface
1154692,997,heavy
617311,633,hospital
1154679,439,stuff
431132,107,up
473405,380,memory
881593,807,agent
345617,324,understand
1059305,449,keep
709641,508,development
1144139,139,or
594030,369,each
830756,163,sell
386485,587,now
787790,867,discover
888683,217,number
826971,386,paper
459238,161,their
1050243,956,maintain
1273018,100,car
417361,890,so
954391,120,however
1114456,258,this
550440,649,area
805354,211,future
906746,641,bar
1043891,616,yard
573130,689,data
977957,866,maintain
368507,316,change
1211662,296,above
716311,933,financial
1195677,654,realize
775154,838,not
1053501,100,nor
639975,922,senior
903919,512,control
886098,992,determine
920856,976,west
919313,5,wife
1015725,340,my
436934,498,member
528405,462,federal
661944,985,discuss
1295063,453,character
998623,457,particularly
825489,633,hand
479314,934,seat
369994,299,both
913186,983,discuss
607435,59,general
1180331,334,want
941166,592,least
312921,388,business
847515,55,management
343286,578,protect
914708,531,produce
573971,749,week
755400,357,young
712833,321,get
854472,147,interview
570756,710,star
645383,943,create
414375,296,early
652391,196,magazine
844467,967,Republican
655906,573,relationship
415647,611,exactly
1063520,979,site
749289,286,loss
1147289,995,create
290767,742,inside
986665,843,newspaper
976754,399,teach
559969,7,draw
594792,412,to
1033182,906,song
918529,610,live
394172,393,positive
926849,533,none
1052341,873,meet
908290,385,within
752587,295,concern
789441,37,particularly
1107918,27,weight
381913,391,her
1243457,70,rest
1241467,292,within
1278857,912,knowledge
1201742,434,middle
841561,535,election
477878,93,simple
1159245,454,so
1310348,326,reduce
1161988,584,popular
996388,288,usually
1056551,463,environmental
630859,192,couple
354346,542,speak
976694,588,including
1240501,977,table
1305703,439,Republican
969692,972,option
1279098,979,under
644118,401,crime
586831,666,remain
571715,715,pull
721965,598,old
980935,3,light
300430,390,such
1026616,894,source
737179,117,might
1156321,293,realize
426874,961,key
369740,146,continue
419611,224,thing
893032,174,throughout
1076393,250,if
1284920,175,yeah
660427,219,develop
537501,982,possible
326359,845,view
1207861,546,type
458205,645,have
1162811,7,business
1239799,966,still
304411,9,good
772546,745,minute
1014757,529,example
1255893,772,see
537025,916,agree
408721,181,series
1078566,495,art
1123762,155,sure
1001561,861,light
1191967,936,response
676033,697,partner
923827,412,choose
287642,653,animal
836506,427,bad
350556,264,its
544029,706,western
738726,114,clear
591583,126,key
517888,746,view
340699,927,many
894232,29,best
595567,123,six
1175119,790,forward
370355,22,hear
539040,519,man
748140,504,that
629138,523,then
1025385,275,world
462462,205,popular
469092,449,before
595919,722,the
297562,902,course
312206,566,list
1033023,1,street
569482,530,amount
1020079,350,expert
951173,78,fund
899764,309,white
1249074,153,forget
498345,834,reason
1131763,671,rock
751345,828,hot
857129,12,hit
708727,917,cover
559557,396,foot
542649,880,indicate
1254231,242,room
698780,721,senior
1259877,997,above
524808,156,letter
981461,395,statement
468840,40,research
851869,943,radio
1017028,914,no
824527,124,though
279405,125,true
615199,105,hour
1020936,703,already
771391,235,remain
615237,358,free
830263,721,factor
470287,8,few
1104482,465,surface
974700,728,behind
1087381,699,decision
807401,464,company
1182707,521,later
585368,669,dog
939551,911,say
1115089,428,build
660769,940,only
720712,754,experience
385189,110,discuss
1310880,569,information
1069471,292,watch
996165,927,card
612763,388,truth
1241482,778,factor
395938,933,success
849484,843,throw
1194503,226,on
772508,835,record
1024565,574,modern
582348,172,attorney
342387,806,voice
917250,576,option
1213691,131,factor
1099558,932,bag
575845,491,us
1109759,106,blue
809310,357,week
760151,244,particular
411459,418,week
676701,841,happy
793140,811,court
303731,199,arm
1034633,569,imagine
1087946,976,war
390186,556,forward
800267,539,benefit
594281,472,floor
662016,6,measure
474118,449,whether
539366,464,drive
1313118,571,learn
1177155,786,myself
1256426,976,book
953407,688,different
899560,625,behavior
1240729,644,affect
885105,125,inside
1087781,397,wall
1140911,249,believe
819823,725,instead
1240352,259,unit
1065057,322,listen
742293,461,difficult
744701,632,decision
590136,405,draw
472115,727,edge
786207,97,more
1293489,508,life
453938,788,suffer
631030,174,above
1105437,284,part
697757,175,very
1185051,606,group
1199416,597,trial
676091,384,think
399331,179,policy
423524,73,heavy
1171220,853,century
1119860,578,analysis
1081781,255,skin
597851,561,value
533158,262,try
798621,306,provide
585127,567,health
419255,177,mind
712708,21,because
741549,542,beat
881355,478,pay
777961,697,by
1069287,380,realize
278779,404,thought
1152521,601,significant
1074923,936,lay
711331,315,these
403209,457,herself
322083,586,picture
984229,438,today
862857,163,appear
367466,963,moment
730154,955,letter
410384,5,shoulder
860934,705,happy
363258,489,president
807311,343,cup
320464,975,herself
956095,326,show
1300372,909,huge
699510,51,me
663955,854,civil
448587,16,citizen
1159088,568,top
389054,562,various
794349,40,leg
916982,150,though
866149,501,coach
512817,888,student
540681,195,fact
394789,323,yet
1057148,247,do
564124,956,different
1001832,701,soon
456462,682,reveal
1133611,781,too
468423,944,call
602817,352,probably
411551,430,food
1252318,470,something
377009,440,increase
1088228,767,structure
362302,761,sound
1283771,328,require
467519,69,wide
1028034,969,training
1262484,831,try
727778,847,live
759517,852,near
1024408,927,only
1159335,432,act
893837,197,tend
399255,375,why
1051727,292,fund
821682,669,during
356092,566,others
379845,50,throughout
1226006,440,evening
1016240,462,art
1262432,374,Congress
1056223,549,four
977200,556,professional
592695,950,medical
317752,156,clearly
333095,567,argue
482587,280,himself
841613,438,level
487896,393,institution
1180860,581,although
1297179,531,deal
346359,888,himself
451589,385,rest
316944,54,decade
1085441,544,effect
824656,373,art
897768,982,fast
856585,657,source
412701,849,act
1277717,342,ground
731708,166,matter
360257,102,participant
1278305,47,seat
1063170,753,keep
962323,887,pattern
702231,329,dog
603424,352,marriage
340210,905,thousand
792910,848,organization
724841,290,activity
874469,711,will
584520,827,ready
654071,798,if
301041,143,improve
812054,472,effort
360485,284,sister
871304,231,night
1162007,435,month
544919,230,exactly
798059,955,game
623743,832,set
1124324,86,six
513899,110,he
1178407,316,growth
825211,890,yet
704624,276,Mr
582597,262,modern
316649,655,gun
422704,37,information
1055341,157,machine
1034730,163,lay
664631,702,decision
1133911,514,receive
354761,276,message
1009868,375,forward
454010,840,wife
934070,32,argue
1314445,564,tough
1067523,284,since
288884,658,research
746782,540,Congress
529989,668,day
660000,604,most
1050026,946,card
406004,517,fire
686215,353,beautiful
843902,137,writer
409057,838,high
864856,520,idea
755585,840,rest
591911,85,form
790825,856,generation
752669,667,fine
877029,284,technology
824384,601,start
449450,716,debate
299914,223,reveal
811868,331,author
319809,954,red
1102202,920,third
1305415,973,that
1081451,340,dream
533713,242,major
1249625,642,radio
808398,575,store
916875,528,effort
312955,36,song
1151933,236,us
358837,895,out
856507,319,Congress
530651,996,mean
408150,930,prepare
829298,730,consumer
616666,999,across
601553,726,across
970260,735,manage
1083591,591,leader
295984,572,along
1025639,807,offer
610392,455,by
989927,452,here
486448,381,bar
765130,787,fact
382231,589,thought
1158603,44,we
964913,869,report
892712,175,control
825003,94,author
861761,413,school
1134406,456,product
575001,972,fight
1104306,330,morning
884657,813,community
394732,20,speech
553823,682,kind
770406,539,magazine
462241,103,because
464824,379,western
404846,426,population
905840,884,seek
551650,94,table
776852,743,high
852754,426,month
1042879,810,message
1094219,79,her
1309193,866,air
530637,476,data
876644,550,manage
1249515,599,present
939914,440,treat
1243552,544,off
596492,629,reflect
417434,589,program
1264411,944,answer
451736,848,dinner
1118826,91,leg
522606,370,example
1211794,60,tree
341313,491,manage
1042439,477,make
332429,303,final
427048,346,however
320212,367,cold
924037,516,number
592005,624,in
1155087,767,dog
278860,210,seem
574409,392,speech
286214,701,agreement
1031092,925,by
1278644,65,middle
758485,891,girl
783377,660,fear
640286,622,live
995578,344,stuff
984176,989,role
532111,130,plan
934476,822,cut
991310,971,position
637651,314,image
759822,406,once
468688,210,know
1112639,45,source
898831,623,as
1019836,144,week
729252,540,ten
1010245,824,second
1176037,200,expect
1177622,661,artist
942403,282,soldier
650408,421,me
834934,362,have
726677,538,pull
462053,835,catch
1081039,382,out
971803,182,camera
1074647,735,value
842526,709,standard
1271018,788,behavior
767304,239,risk
429649,985,whose
1173800,34,protect
758054,532,very
1228158,61,loss
650724,647,thus
800780,362,protect
844383,341,fight
719770,503,always
476365,520,success
1217670,76,four
468311,609,scene
1168790,861,crime
897401,388,bag
1017191,996,role
1031177,267,interesting
679699,687,grow
725378,335,affect
357120,100,its
1206265,575,number
711545,353,like
1062619,809,message
945621,823,bit
990897,221,thus
1204525,276,appear
751545,29,scientist
651982,412,class
814364,297,down
386756,566,similar
1019845,687,police
1213886,823,machine
415268,309,personal
1108205,774,affect
429064,441,he
894295,197,care
291094,933,lose
684686,369,free
1129225,4,and
388344,862,hear
526121,677,then
577702,550,evening
950716,687,run
381514,326,property
690273,366,half
728562,154,kid
564733,656,poor
487315,885,yet
1226155,872,smile
372466,276,president
749435,618,assume
1255228,273,dream
565847,531,fight
1216030,364,floor
756148,847,risk
641696,385,very
657867,803,soldier
863219,946,indeed
387777,153,board
995425,836,lawyer
380156,584,attack
663935,486,reflect
439851,682,pass
780967,852,assume
359507,626,board
793013,332,may
1282107,365,trial
451726,14,role
1262809,370,fund
1084005,811,prepare
1049733,170,letter
1107502,692,laugh
845857,598,western
350369,869,fly
1003820,871,so
826444,997,account
1236546,127,health
732976,198,whether
572512,492,already
1034675,811,this
549074,373,true
938467,661,open
1081717,651,before
548308,187,friend
1289915,851,learn
632222,137,stuff
714790,508,could
464980,949,fear
948009,169,scene
477065,828,manager
1142531,835,practice
1260509,402,your
970115,338,agent
1170498,203,carry
1276132,363,care
963519,676,lot
1147900,648,conference
1158289,316,card
314309,968,chance
1266690,464,represent
322164,980,professional
797070,140,man
939265,386,fly
988855,450,owner
407894,698,yard
1112745,331,street
414572,100,will
1117830,371,interesting
1225301,209,specific
1002564,445,on
647058,370,arm
990704,428,business
773274,614,man
1105003,840,owner
928482,500,knowledge
1296673,896,boy
1047389,937,call
848631,586,human
897236,117,development
340324,181,eight
323878,860,bill
312487,568,particularly
1123605,706,understand
370528,542,prepare
958710,519,them
885377,465,every
1180472,108,though
849636,764,add
582052,415,set
1135876,473,season
1100312,951,bit
709884,200,thus
818036,650,finally
864311,957,team
407486,87,machine
340153,723,focus
1177832,709,sing
719839,352,film
295820,520,religious
649463,659,movie
958531,4,film
483131,152,sell
437626,981,drive
593625,183,believe
783985,387,wish
286617,669,seem
378324,772,seek
851317,109,baby
1191339,380,nor
526034,784,simply
332586,986,memory
915261,714,growth
300575,220,point
484129,680,season
1069642,5,stage
1216689,411,move
1248502,383,growth
716192,156,article
605555,601,important
996127,367,visit
1308674,40,civil
1061462,698,number
304095,550,history
471745,893,but
596743,311,could
313361,887,quality
381612,857,task
1165881,766,record
496283,985,option
1134692,527,treatment
1202855,958,condition
755830,35,represent
496632,284,challenge
1253604,256,old
574168,810,operation
521364,671,us
929682,307,must
931178,999,order
817889,606,third
455772,473,house
384565,112,sign
419024,859,everybody
1214269,675,first
822037,548,shake
818073,936,entire
601151,423,administration
924852,631,too
903951,856,staff
1274828,93,and
1193007,666,ability
1283131,33,call
975770,735,feeling
392402,172,start
579427,598,nothing
1217514,455,far
391538,594,fine
716684,289,win
511230,703,ready
1033393,570,none
312099,151,move
909114,540,month
440500,108,middle
476858,368,different
540407,389,ball
515820,96,score
380892,342,attack
1298378,788,accept
591234,457,nearly
375396,900,thought
1278632,87,institution
1177381,478,they
972229,191,account
874631,824,sound
635626,533,pressure
1273061,400,church
1139282,613,set
610347,178,college
873770,63,daughter
357424,537,mission
394652,68,loss
463123,386,whose
838035,944,two
885513,118,painting
366590,441,evidence
414866,1,Republican
1104972,372,you
997450,64,if
415810,104,surface
391728,823,various
646081,450,same
777097,567,stand
318907,263,recent
284281,930,industry
567579,830,care
1128358,132,face
394087,857,wear
1247701,856,develop
313173,70,low
1252753,435,fast
601236,742,prevent
479864,411,player
1092193,948,write
384250,876,major
671169,283,commercial
660905,441,lot
483198,164,customer
392704,149,factor
436493,758,half
1247551,46,stay
809225,696,name
1272398,848,beyond
912628,735,when
1287193,985,side
527829,973,mean
548055,909,end
467242,769,recent
391351,305,no
582122,966,strategy
608064,319,position
812298,157,Congress
1015888,104,source
354057,869,management
728597,102,truth
384258,162,need
1155900,150,want
915045,46,question
718480,333,discussion
330128,771,if
780310,210,cause
565328,853,anyone
449926,44,area
479033,469,training
744619,521,difference
962460,166,market
895467,69,skin
430816,140,always
303255,50,station
286343,69,culture
501949,966,decide
651494,713,call
898219,606,financial
862023,23,claim
511941,940,tonight
1155255,943,national
1104377,852,gun
331114,315,experience
958297,800,front
1198257,700,on
429491,693,standard
1240648,8,edge
663775,946,our
1197026,926,able
1263818,917,one
915541,263,increase
1210395,224,finally
443833,332,responsibility
476202,699,because
955389,751,fear
313619,619,single
1191492,758,only
852128,641,necessary
659111,611,base
697035,668,would
1163540,257,change
436198,947,stay
851663,695,foot
1131779,635,perhaps
458850,155,wonder
342145,444,myself
726191,816,for
1017103,601,thus
798677,639,a
894121,159,office
1127838,294,foreign
428689,489,employee
884822,503,happen
994223,378,player
1064810,153,again
912224,400,treatment
985304,591,office
404094,322,class
936883,548,box
447897,981,especially
553389,42,half
448771,477,bit
796020,841,bill
308099,410,community
1214188,365,mind
668616,546,front
1041838,258,three
819121,772,human
537979,757,across
616477,331,rule
652079,621,expect
1153174,618,possible
713026,599,improve
896829,396,six
524193,921,lead
1190207,982,attack
594551,390,character
580048,66,between
843149,657,conference
315027,505,drop
1030525,254,when
593484,299,north
722960,860,field
537319,284,husband
382427,453,minute
666275,716,firm
542979,434,tax
1190904,727,movement
681916,823,area
706176,526,thank
861769,568,possible
755740,649,hour
834803,498,common
799618,235,message
698495,528,believe
413618,796,both
671280,236,human
280195,595,various
1125663,4,hear
1085087,476,turn
893754,558,his
427741,79,direction
614832,685,until
954004,589,month
1191023,251,history
738259,653,can
510301,383,sound
281374,32,star
499166,101,community
1043582,730,agree
1303595,115,catch
1067467,742,same
898092,215,discussion
640820,910,sport
309158,460,occur
953945,661,several
801119,706,affect
1293191,719,act
551002,488,form
651306,505,defense
1222210,765,until
846391,383,rich
1007004,724,bar
1139590,284,conference
1278232,983,strong
1018437,309,into
1098358,806,money
723781,616,Congress
673220,326,carry
347683,596,TV
1147794,769,eight
1032774,575,all
993493,337,commercial
747632,290,we
496354,56,however
1187706,711,although
635914,998,year
1018033,90,leader
564869,234,call
697353,64,question
871486,537,white
1017423,917,so
690549,803,us
742445,99,myself
438978,775,church
450938,525,sometimes
477857,413,identify
1130878,865,deal
1014354,870,plant
1042653,130,skin
698298,989,two
757417,497,enter
887580,805,future
466980,873,business
1082279,329,ahead
584111,370,finally
662733,94,example
953729,830,Mrs
1028418,496,local
405122,152,thank
403064,560,listen
635153,522,second
843708,680,actually
1229826,89,before
1303404,796,conference
811747,255,meet
608040,790,audience
464930,257,family
525031,142,simple
859519,568,college
927341,249,write
346788,976,individual
928536,251,simple
450447,99,authority
825707,671,senior
369963,413,us
1288854,742,as
681356,526,street
1271696,463,card
492410,948,pick
1246189,397,detail
420074,154,lot
794254,813,although
792598,615,truth
633040,140,suffer
775454,657,where
423794,750,discussion
1141569,396,notice
534360,123,however
662299,891,stop
494230,287,drive
1155806,557,speak
1085220,802,build
796510,960,attorney
1205976,15,thousand
1163023,436,community
790727,899,nature
1166368,889,ask
957768,182,fall
1248339,395,second
538136,389,company
874948,693,red
943312,166,option
523873,901,much
981216,391,now
431116,383,fear
889273,880,business
1127785,644,career
1303086,928,yeah
1086331,866,body
1085113,600,rule
1032539,601,wife
408994,291,forget
990353,443,around
1097670,448,buy
381710,598,set
937608,931,tell
1220138,292,word
806150,854,movie
304470,575,security
343219,228,worker
823264,570,them
458893,581,occur
483960,913,few
1296549,816,charge
876105,746,piece
862833,839,involve
873875,493,write
483170,125,money
959250,64,various
1315369,655,data
1291827,900,tonight
1044627,370,wait
471243,577,season
885817,204,everything
1290715,298,son
471265,96,student
1286012,424,thousand
1191985,462,out
461759,929,south
645394,303,actually
292494,119,against
498570,528,either
500813,40,current
902170,991,however
606160,68,it
543300,71,then
574740,527,that
536026,831,environmental
1082656,568,laugh
809063,257,necessary
680833,176,foreign
611621,157,manage
402932,81,table
1048405,40,sense
1147309,356,owner
510660,540,pick
407344,350,talk
1135121,680,individual
344778,268,heart
603642,131,care
517651,448,price
489891,111,weight
1120215,159,travel
384210,551,direction
643759,38,ahead
676309,10,send
613828,596,see
1001906,579,garden
377984,623,daughter
659105,582,difference
739102,168,watch
895826,52,true
308622,745,ability
292163,501,entire
302760,548,knowledge
683193,968,subject
958895,644,spend
1113338,341,officer
1180782,945,general
300284,652,her
860863,693,serious
339583,175,leader
1307362,346,after
740724,413,collection
831254,579,month
742214,749,box
678808,959,base
1299306,478,happy
980499,235,number
924378,128,economic
538550,363,writer
1277230,316,beautiful
774353,606,born
1146263,454,close
447422,533,official
821745,228,employee
1178282,54,grow
343883,493,weight
1001918,600,president
869233,331,hot
368622,503,similar
1145077,735,wife
298167,221,upon
569879,931,behind
656858,39,message
489005,246,hope
960359,620,apply
1269226,807,pattern
1165503,877,politics
1112940,213,score
1092240,769,production
550890,973,TV
1244761,585,special
377395,721,move
1236990,725,sea
1293065,570,wife
1105762,384,education
1228497,263,position
769239,920,seven
1022476,312,while
821575,835,according
355472,785,now
1314604,184,own
444671,589,direction
1257234,976,wife
612387,952,best
816267,5,physical
281332,984,appear
1286870,927,skin
736652,262,read
532396,926,else
350458,24,main
868902,446,produce
402686,540,personal
1039837,219,garden
538800,81,physical
1127828,456,learn
882802,492,they
494574,923,herself
1208563,542,president
1314732,853,something
423034,318,know
881033,514,yourself
513176,407,decision
1293548,323,war
807408,932,sea
356636,804,mission
1301946,756,join
812435,892,wear
1273630,25,this
1197358,507,expert
289174,615,face
1128408,89,standard
1262628,57,recognize
1240798,403,affect
610160,181,enter
751644,867,certainly
1072495,492,group
315709,466,realize
725537,890,drive
385082,994,sign
465509,598,forget
1313685,385,effort
1257531,12,world
533270,837,he
1032092,700,discuss
688474,852,to
881442,794,deep
1202471,757,likely
1174266,841,crime
845447,238,nearly
523877,910,create
337898,989,outside
1310696,967,rule
758813,955,not
1244405,425,kitchen
661777,608,scene
902777,260,explain
426707,990,although
1311784,48,hotel
349814,731,morning
1180490,552,money
581830,227,quality
960277,530,light
1084354,69,phone
405793,27,similar
325525,491,thought
899532,367,resource
573805,48,enough
1259131,737,fight
677191,733,process
568249,764,level
912931,138,moment
1064763,760,indicate
964120,260,real
846694,46,blue
526011,310,safe
328944,548,attorney
546113,146,plan
444384,788,those
585340,127,fill
639231,226,lose
346560,334,than
891745,747,player
450376,701,teacher
433419,827,election
921825,346,professor
1085779,190,to
1018401,981,support
921459,471,foot
519640,87,big
1246095,204,choice
564158,138,respond
331529,603,produce
760161,783,purpose
375302,748,fast
386471,985,film
526654,772,choice
525176,110,despite
581453,199,plan
710937,968,it
1100888,100,action
757020,97,story
1149377,351,friend
1014381,177,fact
907882,342,statement
1101275,56,environment
929451,998,what
571168,426,probably
353028,681,win
1238326,92,body
1006181,263,if
1310517,929,affect
494482,57,industry
333519,820,top
558682,585,successful
498115,506,charge
1280988,610,address
1105089,747,environment
930812,580,walk
1133257,739,between
750256,666,economic
1023326,354,debate
1207015,272,consider
319487,939,and
477349,292,wide
1292368,797,director
1114387,100,force
1022818,759,question
878083,735,important
292982,896,shoulder
398117,215,physical
999577,477,bank
711212,170,meeting
724746,24,miss
288690,989,style
341375,718,receive
981870,46,necessary
908083,795,little
933227,147,on
348114,357,whom
748568,757,so
1093359,334,idea
889245,491,create
924497,800,continue
1079854,802,himself
1249980,83,almost
523458,957,anyone
1112842,564,reach
912106,761,enter
503764,107,especially
429605,206,star
692170,612,tough
1304547,548,responsibility
1310571,965,land
1147755,61,well
566585,477,spring
1255760,738,approach
895231,901,study
527779,945,wrong
817907,733,today
323040,107,per
345897,594,before
887546,837,art
973921,470,mind
657680,236,see
334973,787,owner
1044854,454,avoid
313548,114,idea
463060,897,pattern
1285980,155,become
1271056,605,late
505114,282,painting
1262069,543,perhaps
1140730,19,difference
1314007,948,building
1197940,321,throughout
1109310,966,new
842259,723,whatever
892452,918,begin
710123,869,best
780869,5,focus
664534,344,officer
362744,863,behavior
407152,513,likely
414028,569,account
1310553,578,general
820908,879,which
743218,972,out
526084,384,pay
1201744,878,medical
660338,36,claim
460694,632,eight
1007259,536,above
914599,583,technology
563670,34,military
1190358,761,worker
323509,212,dog
354598,743,final
1157240,70,wind
468621,415,involve
657527,450,take
961299,199,moment
368068,411,police
755170,90,participant
459335,139,kitchen
648845,22,deal
646047,946,better
1024438,382,turn
1147539,179,option
901039,949,subject
1248647,997,better
1012462,747,thus
678484,57,reflect
1151613,810,along
1275286,82,town
904624,22,wife
395507,333,dream
814712,373,likely
767466,236,my
858200,830,room
959241,420,involve
622204,260,effort
638395,49,then
676509,868,team
1308713,739,will
573512,308,those
1280558,616,institution
609030,415,discussion
728100,247,floor
765116,396,better
421549,34,degree
336719,266,bill
791494,41,become
1131782,417,modern
575937,991,reduce
1190234,428,natural
372556,82,nearly
902278,1,manage
631472,411,month
1157436,696,morning
1198595,138,agreement
571090,744,daughter
1067367,146,hundred
778674,166,chance
1180254,315,sister
860423,135,plant
815719,43,concern
689471,853,strategy
1045620,220,quite
997411,93,thousand
1244556,43,process
453185,118,young
280595,598,view
1290465,747,explain
1191344,791,case
1155199,260,small
1000793,775,decision
1016881,13,may
805000,840,why
983840,407,trial
792402,970,far
741718,322,behavior
1265535,280,notice
447668,111,show
1043655,71,imagine
675066,959,law
1294882,161,area
571514,112,suffer
658571,45,despite
790907,789,trouble
587230,643,young
874632,181,number
460005,454,difficult
815387,487,stage
696141,99,bit
865175,325,here
921287,221,dinner
987492,445,future
551896,536,rather
992121,86,side
520530,979,themselves
482615,149,half
715526,520,themselves
835119,390,herself
1167629,590,I
1126240,665,like
1311121,640,control
937903,943,meet
947193,742,protect
1034967,562,him
591067,334,send
445259,12,rise
298023,182,under
730865,679,mother
629037,276,hear
709550,328,eight
1259015,990,information
941979,42,every
521942,950,wear
682192,418,federal
881692,841,lead
338538,677,laugh
701414,566,animal
1273098,179,region
705378,238,decide
430726,306,between
1266640,254,four
1097541,376,woman
1094762,789,politics
1275802,379,human
723025,800,financial
637893,890,improve
1227432,711,need
428558,258,whether
824548,224,whatever
1230359,345,push
697870,597,action
930750,293,into
379150,372,growth
292882,269,everyone
830845,311,everything
645626,672,interest
1206776,488,note
445220,600,pretty
494266,413,bar
1286416,984,modern
885461,148,inside
1227026,116,skill
1165701,370,require
933533,719,them
1255250,193,free
663081,529,woman
1033995,54,and
308779,705,instead
1224480,43,indeed
394072,581,finish
920002,494,increase
432978,983,operation
509980,269,when
451243,290,morning
853860,319,only
442734,954,either
286580,785,charge
848864,652,establish
1002480,615,happy
1138731,141,would
715131,444,book
845166,943,central
611176,580,series
980049,605,compare
560089,950,tough
574628,160,manager
348418,760,size
406306,525,thus
355795,450,college
554045,178,smile
408207,259,social
664241,14,deal
981883,182,compare
1285279,170,conference
739970,389,return
881284,250,return
1063542,476,feel
580926,50,game
968023,769,leg
1294667,781,pattern
503813,457,base
293540,128,challenge
645791,432,daughter
502918,695,authority
698523,110,still
877889,276,involve
1018492,593,best
1193314,595,third
1042154,625,view
521551,435,car
760745,462,experience
398802,544,economic
1017206,267,form
947319,887,eye
1062391,928,again
563295,983,ground
481282,853,sense
449893,399,account
1254259,917,message
697060,801,leader
547260,651,ready
375849,666,wide
997469,774,apply
541300,542,character
586350,99,institution
1207917,191,huge
892029,93,body
579631,524,catch
837696,993,stage
711430,985,mention
352726,651,city
913255,219,another
931062,802,song
1251816,996,across
314875,688,civil
471038,25,myself
473412,558,and
718579,885,relate
915858,640,base
1080343,354,still
343882,953,pick
709394,854,top
898944,102,citizen
597192,220,coach
823352,990,son
971493,153,right
644059,400,not
973193,420,add
720657,371,music
823014,421,charge
1314585,633,more
595280,447,watch
573772,46,unit
829618,1000,image
617155,128,word
1214965,498,personal
1127417,90,owner
637155,797,during
1261555,885,evening
388726,227,glass
1060336,124,Republican
696119,539,when
1001800,643,door
1151699,136,culture
524639,486,table
754562,767,moment
1077800,831,him
538647,586,game
576245,344,small
810800,265,international
548205,175,happen
716457,478,make
1276581,64,imagine
695541,443,response
512103,34,drop
942279,815,design
763360,160,defense
398006,363,gun
1111915,139,PM
893123,758,budget
601582,164,dinner
753839,49,yes
805256,400,door
841212,633,safe
863665,587,live
1148107,496,option
488716,901,my
594916,249,doctor
616976,906,organization
880466,721,network
556270,59,perform
1106595,270,special
1228225,781,evidence
1300524,782,focus
946042,617,catch
1156897,47,message
576850,88,piece
668427,416,than
927236,698,professional
800824,548,factor
1025957,48,game
335105,698,suffer
455900,175,plant
366806,150,your
1175359,332,or
313673,696,get
314672,948,door
1201534,990,reflect
619776,368,card
363573,223,how
838701,147,some
925430,453,affect
332327,838,customer
594605,108,defense
1265590,88,candidate
638645,268,dark
1184169,433,key
698236,818,cut
1288032,800,think
458395,938,anyone
782916,862,summer
497619,9,draw
1083964,994,phone
535050,943,shoulder
366377,220,cup
869387,189,enough
459614,960,theory
969825,961,wife
383180,993,physical
583377,10,result
1012716,335,item
939833,194,vote
982107,29,movie
626641,167,increase
475486,872,various
698329,791,wonder
537715,371,can
1175931,384,community
478693,435,despite
1294823,527,condition
875689,123,here
391513,661,might
302441,759,look
1286521,268,their
1294224,609,hot
1313393,122,happen
993610,501,market
1223174,593,and
1142089,588,perform
1220331,895,cup
893147,935,little
1199485,600,magazine
327717,475,theory
659201,701,provide
392884,402,expect
933896,907,soldier
421745,597,ever
991481,36,production
847462,952,crime
344067,959,air
470928,803,number
296946,722,figure
945176,595,sign
1086603,882,soldier
815518,399,general
1059837,290,force
766723,400,exactly
552555,685,anything
997618,179,into
857289,439,reveal
660739,810,best
1298291,597,account
1178915,65,life
672309,97,then
824763,711,sea
1099949,801,course
349500,342,country
534180,394,center
1208327,986,tough
393514,369,news
963019,534,voice
858652,765,energy
732728,282,the
364426,483,per
772371,963,decade
889335,225,while
657782,273,institution
381688,894,truth
988319,994,reduce
819895,399,audience
978531,570,prepare
306317,578,develop
386804,132,country
1140192,327,write
505665,282,age
1285050,463,law
1095608,266,different
1001425,735,account
983685,527,task
785779,395,join
1116731,222,six
708578,546,energy
453520,108,gun
644383,367,give
1111603,617,mother
377549,182,tough
923491,236,positive
1216481,994,seek
311835,139,scene
1164724,210,loss
931588,799,such
1141817,931,director
1231368,607,account
1023335,313,behind
774257,680,style
734303,10,somebody
1087652,602,successful
460991,353,yeah
1297185,140,interview
796387,357,hold
303887,924,for
1063959,44,everyone
715977,845,determine
855209,349,reveal
1016584,977,level
1171728,779,nation
699476,553,operation
733583,339,new
397083,741,yet
623844,627,real
720273,559,family
1056770,361,strong
1059850,229,bring
1043162,322,ok
645856,432,pattern
1153936,976,book
630987,265,natural
883455,81,choice
501594,983,character
798142,800,usually
1064356,409,music
1284382,608,analysis
931774,523,drop
768820,822,successful
1036686,356,college
808379,651,officer
607595,726,fund
1195418,55,firm
919241,925,avoid
727748,175,step
1281048,131,return
475998,60,head
694729,423,game
867295,892,she
1179099,746,sing
1206258,813,treatment
601937,184,official
530217,254,style
883290,350,character
1299173,307,really
1130366,81,man
344675,349,cause
378098,837,consider
932330,470,seek
856323,657,each
441059,411,prepare
978528,341,child
662203,555,politics
469844,582,mouth
1147513,160,knowledge
1007416,951,boy
985925,440,fund
921465,96,call
589270,838,relationship
727618,941,such
1212662,394,range
1220229,241,rather
403179,70,heavy
1009987,786,class
764904,902,account
528732,694,project
1313395,972,on
683909,5,out
705135,795,meeting
287018,225,range
1276500,939,budget
639450,107,event
1110026,849,avoid
762460,549,soldier
371408,505,subject
1153794,886,strong
374741,543,next
531511,785,successful
560877,528,hear
1078071,671,quite
959529,952,first
581310,151,kid
309315,843,return
901437,82,leader
509983,439,wide
381763,809,personal
360136,731,argue
437953,682,Republican
1069808,168,hold
715742,843,system
440197,968,they
999367,44,sport
481893,612,opportunity
1052084,333,who
1278126,772,certain
311872,83,watch
856674,934,son
1030014,419,receive
878241,32,fear
843205,958,account
684195,488,dark
894500,175,rather
280104,908,law
1297468,740,movement
1216323,836,staff
320953,88,describe
317941,485,fly
426091,622,life
458482,218,human
416998,400,blood
1241098,43,cut
829888,781,car
512412,531,a
414637,605,ground
360949,83,drop
1290413,898,time
377506,830,growth
1202241,336,during
471381,179,civil
1162066,781,young
1301129,156,begin
811034,459,determine
587612,893,seven
447927,902,herself
1253028,139,today
1020295,368,issue
1198337,259,person
364989,51,matter
1145125,848,nature
660179,784,whether
781194,181,reality
539817,780,father
797994,459,senior
938545,15,guess
681746,39,onto
1076994,420,blood
765626,752,pretty
287266,662,fund
586513,514,never
986607,940,like
558610,287,military
645514,893,decade
1201739,372,rather
762207,358,outside
520376,855,answer
819781,965,picture
998969,162,week
301109,665,between
753989,719,onto
441028,564,capital
1199884,993,until
891526,436,ago
395103,263,land
1052611,114,treat
907666,614,fact
767256,817,her
1148668,357,music
593862,708,enough
937585,549,course
1231600,40,bit
471304,530,wide
586907,296,raise
1148291,29,system
336260,764,college
578934,317,however
1227277,224,medical
1253219,360,miss
281207,263,main
683486,705,would
1110564,382,walk
684332,493,build
1124167,111,fast
899999,917,early
761932,176,material
700889,984,candidate
1256330,140,I
1126640,725,indicate
632495,155,we
339568,766,policy
1309797,224,it
590238,354,anyone
509608,909,support
597528,599,daughter
614898,67,country
954602,342,use
500257,360,major
380653,501,should
1132990,282,culture
1207677,893,rate
883608,51,and
638991,900,adult
509141,688,second
545793,666,theory
634825,175,capital
389238,794,discuss
496591,870,likely
1283252,961,sit
982700,163,important
620112,447,follow
1312728,93,against
912319,714,home
463652,448,gun
872625,977,school
1014592,366,bit
1104359,851,affect
304846,270,huge
862703,12,nation
806521,858,boy
360603,515,factor
698059,972,nor
1105099,943,score
744213,615,available
1050980,657,career
1010667,853,purpose
837373,67,involve
283967,846,news
1303552,275,building
1172560,992,firm
955034,684,must
669779,199,role
1273993,902,huge
419891,194,choice
509057,328,billion
435244,384,certain
963022,574,beautiful
1056130,447,suggest
467502,497,ahead
1035793,360,action
472463,96,customer
821083,856,project
781047,231,fly
632527,609,daughter
700581,510,cell
685509,883,think
961362,69,employee
1279196,554,turn
384538,675,fish
589609,953,between
722993,954,start
858540,21,action
646207,418,Republican
1014908,754,determine
705637,440,economic
729253,384,some
597937,659,part
995265,166,green
777062,370,TV
659951,6,carry
578780,185,instead
943210,887,network
1211038,254,another
862704,224,analysis
349915,130,exist
1048533,13,four
598838,300,any
374866,843,day
371921,346,five
660270,907,thought
1211799,806,prevent
1123452,532,surface
703318,398,series
846652,760,relate
918532,755,from
1262346,287,field
808782,423,eight
533043,515,support
1245831,890,huge
713941,356,article
1267953,710,director
284870,627,by
579447,317,today
363826,749,girl
530185,974,central
1283790,155,leader
1078201,252,mention
1029290,655,matter
327645,828,much
892742,435,goal
546573,654,those
512382,229,city
601402,7,choose
345399,693,firm
1017777,557,huge
884844,568,similar
1162912,696,letter
1280241,960,owner
803659,639,quickly
492053,943,lose
1060477,301,floor
911537,223,director
461968,412,over
1223725,981,story
1193541,305,beat
765474,582,staff
858231,719,customer
614079,515,leg
814071,970,avoid
311860,45,surface
952207,467,major
790860,674,girl
959519,510,major
718318,780,trouble
915251,754,north
1199399,831,wear
1300719,785,choose
822837,705,modern
319816,80,ball
1091088,199,successful
684665,269,different
722763,762,hundred
1117862,157,magazine
716751,553,compare
536585,954,conference
298564,948,research
674709,807,past
1047587,278,during
649735,299,teach
430805,41,TV
331551,40,age
351583,970,put
554495,645,painting
489098,201,face
1170864,838,nothing
709629,17,art
683674,914,senior
673496,644,of
1178128,416,wrong
1254106,159,operation
956650,631,several
648209,436,character
498922,375,other
1174122,875,improve
516478,42,form
510655,909,general
874243,973,physical
320421,170,she
859544,327,market
1220086,404,forget
750538,226,type
927763,2,indicate
1040603,973,but
878589,866,training
1183812,344,quality
582987,250,very
787910,842,unit
856133,902,job
474181,275,small
936667,848,whole
763985,611,crime
958460,186,prove
939034,478,wish
1255078,861,if
991315,191,positive
1140108,891,degree
503449,633,without
1047889,537,like
804113,98,thought
529735,476,home
499967,679,lose
1138557,26,yet
533004,8,few
1018967,41,both
393872,391,morning
306093,832,building
463360,326,letter
960864,298,lawyer
1252049,278,cut
886469,390,various
475983,697,since
625363,943,rise
1185182,10,win
1291255,7,quickly
928880,963,still
733648,839,also
600181,895,least
763193,499,himself
640428,222,anyone
472591,392,arm
817176,294,discuss
299700,677,good
816299,753,by
794520,625,manage
413725,995,and
279783,428,around
900606,996,stuff
1088158,493,laugh
711238,632,can
418159,309,star
1174830,580,reduce
1112683,290,beautiful
364227,205,check
622266,147,west
937604,709,weight
378193,718,Mrs
1310717,281,course
993271,503,voice
1032330,791,character
1286769,919,new
1147630,340,thing
364375,322,today
379971,287,represent
1236776,394,want
745987,404,water
1217435,200,health
692076,235,forget
1063378,754,effort
1002903,554,meet
802687,856,boy
756030,908,animal
393814,502,various
1241019,22,seem
1060013,208,message
496641,161,style
521564,331,heart
630742,31,line
1087330,467,travel
847335,319,stuff
1202795,69,thing
280464,474,charge
876336,323,method
585465,447,accept
383182,612,stay
619535,532,force
645824,931,piece
740639,912,together
1093775,228,type
287794,986,student
1296008,992,there
918228,630,what
362484,11,particular
332791,413,three
364853,571,lawyer
808993,195,with
415784,343,those
537235,438,third
950999,570,letter
1212555,311,west
317835,416,evidence
874385,984,commercial
1125978,650,fire
787089,930,plan
430934,256,cut
1312206,258,half
311598,402,red
634575,88,administration
601236,906,make
378939,164,so
740942,350,hotel
658087,56,ground
811134,355,change
1075409,867,cup
640123,801,unit
586636,926,happen
747091,550,help
1211148,440,along
673307,619,production
851968,924,toward
377040,828,not
460030,233,performance
495613,701,whether
950322,296,use
838323,187,account
881834,367,economic
665702,563,look
644361,945,seat
830683,536,only
1030504,173,message
573268,663,he
314241,179,newspaper
568093,929,federal
863762,386,bed
464683,680,federal
284859,294,must
988822,422,who
459458,474,which
688494,354,series
993648,56,charge
571279,507,vote
1033037,275,body
527310,520,know
851117,386,theory
796257,156,these
280566,753,white
981752,108,seek
289576,517,man
367559,684,return
1199101,747,deep
963663,980,civil
647281,932,father
1303991,108,or
295228,360,each
741094,705,age
615925,950,professional
733152,619,test
688930,882,road
1020440,769,decision
1231610,486,visit
888059,375,various
461004,882,always
1159275,662,increase
506916,820,since
426828,582,kind
1100729,380,read
864109,266,every
1012159,942,thing
1064365,119,me
1218495,329,reality
485767,663,movement
1087879,374,blue
628497,599,everyone
649073,523,land
861574,450,lawyer
512852,48,thus
917804,907,affect
1097465,496,window
526796,166,they
1247065,632,nearly
1246599,521,black
1027616,203,energy
846635,515,unit
1107120,404,short
964469,463,interesting
417177,890,well
711246,133,trip
1012387,835,month
688973,83,section
468881,347,company
1200190,129,game
1203383,790,even
920240,265,oil
1182827,391,church
279022,305,question
453385,177,pass
1149848,635,human
952660,144,company
618358,973,reveal
452487,478,growth
909353,841,general
322173,488,girl
899330,884,if
717663,143,trial
1010393,17,modern
322060,989,nature
541211,651,artist
377858,314,case
940675,604,him
398823,107,it
661085,167,threat
1292544,400,herself
987260,142,friend
1145226,542,hair
281886,597,be
685570,237,memory
1300729,561,create
982843,578,since
865026,939,win
551128,876,particular
975734,36,subject
1177454,505,opportunity
1060575,726,environmental
1131587,745,do
451126,208,another
770352,568,imagine
770185,328,affect
805352,955,media
300509,364,democratic
678255,530,operation
810388,263,field
1311393,147,west
856316,845,business
342453,341,pressure
1014531,526,so
355059,537,look
550558,942,time
960994,368,color
990584,937,under
674293,874,great
485991,661,big
694131,323,particular
1063146,971,expect
619926,316,concern
591061,993,guy
315564,539,local
431835,657,campaign
897554,466,social
652656,368,head
502199,652,prove
914566,80,summer
710325,427,sell
349729,851,book
1315065,332,establish
575955,665,building
606711,51,sport
919366,173,fall
357444,188,high
1247877,778,event
1306251,851,everything
1081718,153,after
515044,910,discover
1160216,635,too
708810,16,price
303475,628,and
1015480,678,recognize
1211569,166,nor
871422,90,several
784153,831,they
910033,863,never
1295639,160,modern
529681,119,black
395088,836,suddenly
569401,332,receive
1112700,478,bring
601984,282,somebody
685144,582,challenge
1236533,165,drop
1035981,585,song
340493,339,outside
476832,515,fight
1158031,335,figure
1037535,481,study
970936,723,she
1204169,120,bring
1110580,4,as
553573,269,point
894319,518,process
1052812,499,senior
1088901,849,ahead
629139,774,past
877799,89,few
643442,898,organization
499544,949,attorney
633694,897,later
331314,701,wind
1096212,740,conference
524180,311,century
1310343,668,wonder
1105056,196,sometimes
548133,61,report
289185,857,top
1078476,430,may
1208232,156,example
496250,328,it
1264316,320,hit
1270073,824,section
559022,460,sea
769617,571,price
905961,574,pull
920420,536,thousand
532703,499,laugh
653135,378,whatever
476517,799,dream
543202,619,want
915174,914,popular
442954,350,cold
1096192,408,chance
783729,478,develop
1149315,192,west
969878,82,back
1039710,860,home
1301305,631,work
1118570,425,man
1086884,254,spend
711277,87,direction
365448,542,evidence
911545,827,generation
1126919,520,describe
1018120,603,painting
558779,931,Congress
995943,109,drive
1191285,777,describe
535475,434,red
628044,256,item
708927,840,according
1273888,854,experience
763480,567,remain
1211785,986,available
962238,255,concern
829082,732,usually
1133010,912,clear
1295845,319,guess
405510,27,none
737153,11,poor
641243,87,perhaps
490143,645,join
845670,235,star
1086817,604,doctor
659187,7,could
520539,375,capital
802470,433,debate
1231869,514,difficult
758768,768,some
1069402,829,she
471304,431,head
567939,789,successful
1094682,934,young
483488,110,charge
299692,399,stage
889760,172,million
1051900,418,like
1195703,888,tax
713992,34,between
388093,193,late
748764,729,example
543204,214,into
999524,235,interest
703712,577,assume
703897,964,particular
426015,904,sister
850142,900,decision
1191996,319,course
1234126,104,group
544760,800,concern
398082,185,learn
774221,864,off
689293,253,argue
1134451,995,which
1074200,966,relationship
1063934,821,billion
475951,16,world
1176979,780,tax
844621,307,travel
885738,909,participant
687928,839,something
468824,904,peace
428472,129,half
1061140,877,learn
345357,192,occur
900711,687,wonder
359186,409,production
700109,231,central
299003,780,myself
814216,513,value
1197039,648,girl
550013,268,goal
418024,712,participant
1290626,585,stand
1061779,731,everything
864922,353,summer
382081,109,sometimes
787928,742,during
1077089,622,real
1263120,1000,why
842210,355,four
1084150,458,send
1302149,54,probably
832285,542,hit
1003961,1000,onto
318185,233,upon
471169,173,back
1310058,304,camera
325139,703,since
550730,196,wonder
449773,81,dark
1028918,889,environmental
1200168,921,interest
313822,544,challenge
936336,574,us
979787,948,wife
378623,674,memory
1082543,736,well
634188,17,house
943252,591,population
624240,142,idea
551568,190,for
377858,317,trip
294475,167,officer
1301122,886,discussion
947573,466,paper
1250399,345,system
1218561,712,herself
1013648,388,follow
1209209,170,section
818364,796,house
614167,728,against
399925,523,turn
434577,791,stay
941558,491,maybe
1063925,568,personal
647569,268,assume
1286053,129,sense
567827,647,book
713538,16,hand
285158,537,firm
856048,138,population
613043,491,care
299433,424,similar
1026018,524,bar
1008487,109,computer
351684,936,employee
887112,620,black
736415,60,always
933360,853,player
472828,726,sea
619972,164,perform
1308413,207,blood
957115,910,guess
382231,124,television
1294048,664,drive
541183,165,goal
895096,428,walk
1034307,700,source
425764,831,away
1176125,29,he
509572,292,fine
621741,198,order
548996,810,yard
710680,760,enough
959281,942,able
465331,861,explain
760401,113,level
441105,477,today
1173514,624,send
639410,826,in
869983,162,amount
987900,689,tough
524733,576,international
370643,746,task
1284509,195,large
417588,907,up
1245966,381,form
1127832,329,member
910253,41,how
350546,708,significant
1103005,772,girl
439913,233,first
317437,431,teach
1096525,255,exactly
899899,490,be
493163,858,guess
444130,358,church
342428,894,over
973565,996,leader
553295,836,board
1169370,762,pressure
285533,995,sometimes
532128,215,four
970717,82,employee
334704,393,age
1063021,90,bed
571263,38,almost
451186,265,check
570175,380,finish
380301,582,economy
872730,955,agency
629443,279,here
1307725,840,write
480219,469,rule
698888,689,always
482647,256,together
613659,497,leave
898360,572,kind
590492,876,quickly
1285254,921,kind
1298832,41,laugh
519457,641,note
853349,207,indicate
683711,995,happy
361972,758,act
1246764,633,development
843588,985,population
1161083,705,face
1292415,721,long
667509,959,local
305811,551,share
1061459,725,family
775981,687,wife
486145,983,loss
1176346,86,half
480324,741,success
1058642,750,public
955241,552,admit
311242,60,back
1304853,71,leader
1210257,863,consider
670530,106,effect
1016451,840,vote
598838,674,best
1172511,726,card
646622,154,region
1313822,717,community
1313418,627,region
1099328,105,business
839103,114,tax
522235,71,dream
428359,966,race
645293,259,size
589250,841,institution
491103,869,letter
988124,159,box
1193432,950,side
1157514,259,half
365955,590,production
864197,311,back
413030,549,whole
833936,985,the
1146646,916,trial
793725,956,happy
585590,461,state
1083160,467,ago
706138,721,number
1133828,299,form
687570,751,their
1010959,980,land
324816,320,raise
645424,680,owner
1001258,76,must
663868,518,range
522512,210,improve
315087,756,under
328709,675,her
1280522,13,daughter
886967,358,will
990870,563,positive
1130870,640,final
542506,388,talk
930912,747,sound
1309571,768,paper
853602,763,author
770810,77,material
976241,492,major
943176,321,perform
1242796,352,create
509156,81,level
581877,931,note
830759,852,themselves
624196,885,full
460069,988,recently
693695,919,rest
615347,905,just
1166686,420,poor
894618,970,call
821780,779,production
550327,315,heavy
1218376,474,whether
659362,204,administration
966079,667,better
723075,977,treat
909081,98,return
810426,865,enter
615290,910,also
1108446,359,if
1287706,205,role
481435,856,charge
756862,979,prevent
742803,649,fund
400649,707,office
411272,757,well
789208,542,a
958847,379,join
1122271,647,none
1156845,154,strategy
836120,460,consumer
860378,212,own
1083345,447,very
1077978,724,rest
695496,741,imagine
719911,274,represent
592601,135,else
979278,346,others
979046,900,drop
864220,771,anyone
428683,63,official
791635,436,land
1190882,161,continue
1123993,402,fill
731882,28,center
418031,965,might
697959,261,off
1094547,183,human
510345,519,current
315684,430,majority
894509,814,others
893014,737,star
830740,720,project
967508,923,threat
958641,670,parent
773102,152,glass
855902,972,wall
885098,644,answer
931466,24,occur
1288762,590,door
612415,10,build
1025575,865,company
906945,195,media
515464,639,consumer
670444,111,thus
856959,583,throw
1068292,731,project
503112,132,beautiful
1137816,604,money
583420,34,building
922062,957,traditional
1311121,572,clearly
314052,165,box
310552,793,most
1209298,909,economic
602999,800,word
925768,522,interest
1115890,731,my
1023129,224,economic
506609,23,probably
948165,201,candidate
427095,348,station
416822,751,difference
619663,768,its
919378,838,smile
592537,581,nation
636723,869,small
497401,825,class
1281098,230,best
340455,965,social
737245,920,head
313169,968,wait
918341,611,political
1293433,526,eye
654598,601,song
724176,335,performance
1039725,12,student
454717,848,beautiful
781440,765,strategy
1304468,715,shake
947790,403,respond
931941,376,forget
580261,335,draw
312804,708,young
939539,443,part
520470,236,case
664048,187,television
373219,666,officer
620004,804,name
348137,472,small
1254924,408,tell
1218037,855,plant
550838,740,to
1073649,530,fact
401498,620,effort
945253,877,social
1252405,894,better
623264,721,trial
1247158,643,author
1308446,447,hard
341500,969,court
286848,290,within
785343,441,cover
410585,649,ability
359475,447,most
555880,34,war
1174359,586,other
1060194,169,though
1137370,472,factor
491660,557,card
281689,106,beyond
586310,582,age
724980,647,easy
1090060,436,start
470580,618,employee
1261836,698,still
873253,530,full
488789,764,drive
875705,876,side
336653,685,short
311435,915,across
1177030,454,enter
1201134,863,throughout
650683,903,risk
569944,813,always
1165259,399,finally
453660,322,successful
840598,784,father
426133,20,suddenly
824935,504,shake
878749,468,drive
1223432,958,identify
730024,209,couple
308930,897,study
925984,225,thus
694455,230,guess
1014533,828,north
572957,852,statement
853654,833,than
560839,364,performance
869902,329,standard
1150896,700,too
1230685,785,quality
767594,23,positive
533119,873,media
1247682,335,choice
737866,839,step
1094516,36,change
506975,399,himself
814081,344,cultural
1278735,826,clear
723058,748,oil
601294,325,charge
662031,740,upon
1216027,282,perform
482226,241,what
667663,988,produce
566530,715,against
905774,568,back
935488,450,beat
884597,722,total
447414,955,hope
564401,932,decade
906292,577,water
1263149,308,floor
883786,991,especially
462359,960,land
741411,707,specific
444096,818,beyond
613119,508,instead
827637,49,lose
835901,717,sell
387983,862,success
895697,938,behind
1158555,895,become
561654,67,about
613395,806,do
1314420,679,indicate
655188,820,write
372036,908,organization
424271,141,remain
365210,127,health
1167794,160,Republican
815647,205,relate
964650,702,provide
304671,286,similar
408022,981,table
616433,676,pass
551085,164,majority
927853,668,draw
455116,268,bit
735850,718,old
302593,483,whatever
505515,706,car
784284,359,under
943995,860,contain
983087,299,much
982787,745,deep
382846,572,right
635317,328,decade
603244,94,peace
327254,811,forward
671739,633,base
949200,806,build
588733,430,material
852212,459,in
1092355,859,control
535739,994,see
667694,764,traditional
637484,698,prove
783784,834,stock
794432,275,out
1216287,156,which
760994,904,thought
1309708,260,another
1251157,205,little
461611,189,former
784000,446,green
537330,168,leave
366878,282,relate
576932,2,none
1153037,954,low
495899,352,growth
577232,505,best
461087,591,type
1256136,240,become
1201636,772,get
1267617,199,current
1143483,231,movie
348984,973,discuss
961208,35,draw
1171765,769,support
1070317,873,but
737037,159,concern
711487,731,after
1170464,557,face
841220,689,although
913066,345,door
1254270,18,information
363415,359,enjoy
1061053,188,task
1081515,146,add
1291252,727,system
1166124,824,eat
1240962,812,usually
749550,244,across
299535,236,candidate
903947,971,manager
1176329,159,majority
521032,67,spring
1313110,797,after
1025075,351,position
327836,722,thus
1201078,392,sing
577190,793,site
639610,786,material
762315,630,star
447578,273,reveal
330009,151,hear
1299481,439,perform
397710,148,share
1299194,61,collection
489355,364,support
483191,276,war
724391,658,ready
786498,416,point
722509,692,cultural
1007673,400,wrong
1123521,996,development
1290697,290,institution
920156,123,sport
578808,491,old
1261411,875,military
965879,29,though
467556,200,involve
1167882,119,bank
966073,340,people
376124,85,special
632921,580,eat
366150,530,church
993604,422,town
550370,240,because
798060,842,agent
924862,799,group
705001,866,day
842560,549,lead
670307,66,newspaper
1101521,80,door
625724,188,huge
591015,986,study
627389,409,shake
1188825,241,black
791938,54,of
1304531,808,popular
649502,815,name
446881,795,southern
919393,692,star
1062255,862,memory
1049469,389,film
539403,811,energy
561337,291,discover
1155425,479,class
948646,691,visit
1220578,141,close
687719,645,politics
475033,780,wear
1008484,144,meeting
535880,875,develop
850626,406,easy
295242,681,experience
955794,843,sign
1029991,450,difficult
512858,24,friend
638055,971,its
375062,119,word
635443,274,beautiful
1180630,116,explain
1188875,124,authority
1025549,509,hour
1065453,42,live
333206,1,past
1087883,602,resource
1304644,305,far
928230,769,collection
802090,94,huge
1052660,505,tend
910206,520,until
321350,656,professor
777696,664,wait
407041,600,dinner
526048,689,fact
369501,924,east
996919,174,model
887316,648,team
568918,347,standard
649244,68,than
797584,327,study
566552,445,name
1153426,324,market
293500,496,truth
1232730,977,no
395762,847,likely
1169573,188,land
1139762,216,base
812000,288,often
1168291,991,quite
470813,921,democratic
1238127,690,production
508762,408,show
473352,202,deep
380418,858,hit
593520,565,white
792454,337,officer
320728,130,up
1108679,651,federal
676473,572,rule
914117,93,prove
1155411,175,reason
494816,339,throw
542335,745,spring
309270,599,join
1131352,205,social
893504,59,wall
797485,647,continue
424477,589,decide
314234,787,rather
755749,281,wide
565649,782,them
780586,466,tonight
837069,973,to
1193762,536,yes
533128,983,shake
944502,365,three
652365,297,see
651648,865,top
580400,581,south
863538,67,agent
1241673,151,again
1202899,287,them
1306520,431,popular
789080,92,more
1115726,843,operation
480557,883,effort
604925,354,about
338703,335,agree
704583,888,item
614564,888,important
378395,803,factor
1175579,385,play
556119,177,usually
882717,939,address
440523,608,thought
723911,694,war
890990,970,include
1009419,816,happen
786696,420,although
321073,832,per
376345,86,smile
984567,945,develop
543488,300,quite
974923,915,like
305471,921,number
621204,182,north
765752,47,poor
1297332,52,pull
646376,323,even
1063974,147,nation
1046828,721,meeting
695186,362,design
1305279,122,risk
422246,385,word
798108,733,future
1232100,569,hot
287377,459,base
875985,303,point
751528,490,treat
803511,395,property
331968,724,they
647492,233,conference
1270547,47,trial
1174722,956,over
559844,362,name
1282947,756,street
494793,912,which
1102167,570,manager
1222176,193,media
565581,951,idea
1134599,601,others
931070,939,choice
1232575,460,final
548806,132,with
1311340,210,step
961285,190,college
908393,741,court
501865,50,must
874973,93,seat
1201223,571,final
847426,446,box
765814,294,art
687188,269,resource
1280490,468,perhaps
783584,215,appear
1133214,157,short
702176,686,answer
994268,434,rest
880832,473,first
1220209,815,church
1259798,747,rock
781629,181,later
520660,559,see
353234,184,coach
1052097,586,fine
534338,994,people
472278,480,almost
852829,656,prevent
717730,309,water
1166611,197,away
359677,256,various
1205742,944,account
541758,82,sing
1243881,5,onto
487051,38,crime
697734,679,card
622702,813,consider
1160836,106,off
853834,499,still
1311472,661,attention
287038,477,strategy
1255681,41,information
806140,298,discussion
1010026,685,what
808957,886,commercial
849279,338,return
913273,929,goal
598856,388,foreign
861609,680,real
690711,923,card
652215,449,successful
630531,303,field
1266058,994,letter
958569,776,action
1192310,628,teach
679376,160,every
682904,545,girl
742777,674,bed
604270,281,traditional
949603,1000,as
645311,738,seat
627551,404,recent
945725,59,dog
397675,54,should
920135,860,many
1088588,810,exactly
1036698,994,side
655081,967,recent
679824,708,big
729313,53,stay
881475,726,receive
1287499,54,morning
851700,44,save
1243464,665,own
696817,96,role
578860,813,wife
641446,727,soldier
609985,646,question
573558,728,help
423132,502,stock
1175898,368,account
615111,462,which
617350,456,around
936114,568,keep
696111,518,animal
