1216382,808,rich,total
1379027,880,individual,Republican
641022,818,often,few
563693,976,song,theory
708766,713,present,next
520584,185,become,song
361073,976,author,to
139232,470,kid,store
251725,307,growth,power
1235267,254,question,study
17379,514,trade,quality
1460793,989,fast,edge
159143,196,oil,prove
667559,666,quality,crime
199715,589,culture,mean
345558,315,race,sure
1387634,192,now,woman
616434,171,team,indeed
1179932,520,college,democratic
1083793,453,artist,best
574844,70,room,stock
813208,725,activity,both
239240,513,wait,quickly
1257287,493,talk,can
1079151,333,American,message
1207811,953,quickly,include
404694,179,challenge,four
1065897,547,worry,dinner
1370747,944,financial,free
979910,824,relationship,anyone
871241,23,business,seek
694001,37,successful,pressure
215991,405,establish,movement
478098,8,property,century
192973,155,product,method
779566,801,just,beyond
1025706,75,natural,stop
740648,712,actually,message
1089354,541,vote,act
508730,537,last,apply
708762,670,will,interest
486332,955,manager,close
636098,752,career,walk
1363026,432,set,foot
158509,266,inside,ground
1490318,862,change,be
1401736,855,spend,small
1461270,887,event,hard
1185995,563,sell,station
229240,166,glass,man
361757,167,fact,listen
409534,587,since,it
286501,852,pattern,debate
774385,335,bag,receive
920074,9,bad,piece
110118,154,anyone,consider
105679,992,party,Republican
547570,310,less,plant
979977,12,enough,tonight
739715,792,drop,without
970816,167,option,upon
957402,691,part,eye
907269,309,these,daughter
795874,103,amount,drive
699637,38,today,wait
9874,835,audience,line
94363,254,firm,conference
1265814,515,exactly,brother
1056988,321,let,ever
1402504,508,summer,situation
455006,537,audience,buy
713284,392,among,onto
659363,779,compare,side
845526,521,five,network
1222970,82,stop,technology
385292,560,have,protect
123367,524,better,table
287788,595,particularly,including
151609,943,government,attention
1342741,560,type,improve
288653,800,person,difference
772009,974,rest,tell
761665,7,rule,group
1535450,839,bad,lawyer
257453,374,couple,television
474482,942,late,several
1221022,408,various,tend
1516086,902,film,rock
481673,347,special,can
1015582,833,account,develop
266175,240,scene,in
291561,65,apply,different
818892,222,step,listen
393236,134,sometimes,management
214418,727,represent,environmental
1416599,670,but,grow
699311,855,several,which
526449,567,note,raise
469872,565,thank,radio
1184573,901,find,full
216410,822,figure,pick
1285588,411,check,wait
22161,948,into,issue
480984,319,approach,laugh
194630,110,which,life
694894,973,respond,region
191660,905,not,music
434291,84,many,improve
463434,589,guess,its
353294,814,price,along
121275,883,indeed,line
361971,582,find,there
492911,385,woman,box
1232478,665,reveal,chair
1026048,956,teacher,defense
475612,943,next,per
862877,243,face,focus
31569,374,represent,during
1198469,791,doctor,value
1324247,663,project,reduce
444398,781,watch,do
162775,641,tax,apply
242054,365,much,hit
922743,807,five,nation
689978,636,growth,not
933596,251,themselves,share
672295,5,fear,consumer
1413035,568,go,start
1021071,505,speak,leg
1493307,989,American,fight
62524,695,line,old
123476,322,appear,avoid
199601,75,consider,east
1222251,952,green,light
1274246,331,sit,report
1101607,525,later,decade
584224,149,court,drive
719541,847,garden,voice
754859,319,course,success
615129,31,history,position
1043988,950,data,compare
907894,336,discover,agreement
832271,766,produce,certainly
1126915,663,pressure,form
366824,666,ahead,tell
160508,283,into,similar
1376413,731,role,information
904224,166,age,modern
1216007,614,return,institution
698727,250,hear,husband
300164,760,risk,though
990514,9,money,condition
399825,418,between,method
489028,507,north,four
583174,566,authority,require
1519271,466,performance,factor
1235092,927,mother,offer
1240484,942,color,maybe
845006,984,west,soldier
1094066,425,prepare,perhaps
9432,861,bit,actually
709275,411,statement,hundred
17369,831,high,test
1464160,964,little,as
545418,48,marriage,line
797706,430,coach,clearly
296553,105,short,time
1401025,97,past,home
664430,720,throughout,officer
676773,440,indicate,detail
489975,92,change,speak
850607,866,provide,huge
219427,237,game,continue
577968,294,reason,natural
180544,953,rich,whose
1256194,2,beat,bad
1386691,515,keep,view
617342,772,you,upon
506648,301,list,heart
1102915,231,oil,loss
1270092,349,real,type
1326954,822,each,sure
578205,896,be,leave
1239189,367,series,our
743137,354,among,rich
334786,110,idea,put
557736,905,without,officer
1391946,535,building,security
350400,539,listen,network
1228328,478,thousand,sell
546057,113,nice,produce
779487,318,happen,high
1124858,936,rule,address
1513442,292,southern,series
381055,301,history,debate
638842,888,but,now
81202,145,light,short
516204,875,degree,include
1335647,890,thus,short
1138056,309,time,focus
123845,48,under,outside
1233396,564,mother,take
509795,984,garden,black
1401223,815,evidence,common
975867,359,decide,forget
792967,445,everybody,ball
501743,620,recently,forward
1355474,900,anything,moment
1265196,12,agreement,hope
288692,839,ball,the
41400,590,trip,history
794968,705,hand,tell
320135,433,president,economy
1276444,782,also,message
1397243,721,its,many
639875,350,college,position
1514596,565,though,front
410582,188,account,by
669103,599,artist,week
1412140,99,six,yourself
1430765,565,they,campaign
249053,557,art,group
433240,838,interesting,within
431726,947,hot,main
785257,65,student,change
628913,654,issue,expert
1127460,65,serious,pressure
563559,914,much,speak
1237802,40,while,next
533362,181,same,sure
1491618,132,entire,major
524634,967,training,sort
579056,165,better,kitchen
1026174,343,impact,security
498547,640,form,economic
350046,951,person,other
1251549,541,Mr,edge
374089,345,record,read
480298,456,few,not
845178,252,choice,miss
845690,791,control,local
547768,462,any,hear
507481,31,service,unit
1132084,845,Republican,still
278273,763,Mr,unit
339086,266,huge,little
403283,293,news,speak
232937,772,green,take
542361,646,class,thing
1408081,340,expect,prepare
1189806,709,join,Republican
19097,921,level,away
337965,911,way,in
166047,784,paper,without
255245,666,class,general
618145,850,well,like
129333,736,cold,man
1041874,32,kid,a
229638,551,teach,name
153438,980,environmental,which
960793,282,bag,once
1172411,390,bill,star
1507407,652,short,former
1277727,168,feeling,position
1215845,831,send,box
684451,368,actually,authority
188224,122,television,him
322313,190,benefit,my
820304,695,necessary,fight
622191,544,never,third
1026847,422,four,talk
1385546,813,respond,financial
1150085,717,serve,poor
839114,13,white,though
1294675,201,eat,positive
188444,377,several,happen
210731,188,so,term
1426947,990,include,a
269532,625,to,little
21027,622,mention,Republican
1497582,773,one,size
94906,263,ask,agreement
383351,537,surface,brother
919155,537,generation,entire
155142,664,myself,upon
1286494,611,unit,so
701541,770,always,manager
417486,281,raise,director
552418,21,bed,run
813321,508,more,quickly
24999,386,remember,how
1335661,764,again,sell
511159,733,threat,store
462501,201,production,must
1479576,452,matter,less
21325,586,wait,so
401360,932,maybe,both
501495,140,direction,win
1341833,345,moment,across
869942,677,question,newspaper
91806,630,thank,line
372833,244,option,possible
197563,909,sister,career
405128,392,different,community
925614,915,grow,body
1278652,727,there,space
704396,426,low,Congress
824161,498,environment,position
391648,139,yeah,never
206602,913,PM,half
1497879,854,drive,fly
978056,578,government,product
1129290,51,health,once
630782,735,along,shake
536401,406,important,feel
39177,25,during,above
450369,243,prevent,police
1506913,436,five,public
1438756,774,by,team
1463865,581,dark,decision
292441,499,summer,under
1462449,579,represent,choose
1446936,372,suggest,participant
722130,825,boy,pattern
100959,546,someone,this
190559,964,still,garden
682377,753,minute,expect
1315822,563,father,tax
151329,341,kid,house
1322119,270,star,my
1087615,862,effect,enjoy
926234,823,I,bad
1449506,198,left,stage
81629,883,into,end
286332,974,new,relate
225476,51,shake,model
800454,14,anyone,product
1021621,309,through,imagine
1241040,887,task,same
1153839,845,blood,later
436193,462,company,hair
66931,107,who,beat
522810,383,somebody,blue
73627,716,data,run
1165366,537,subject,response
908493,490,later,actually
1494107,120,bring,design
527214,322,feeling,trial
487114,72,six,prepare
1112078,301,indeed,push
320833,571,finish,account
1496837,618,sea,per
1167932,438,late,thousand
1081926,477,institution,each
1398556,326,once,admit
903061,103,paper,run
821801,981,word,without
104910,672,spend,great
534413,900,cell,buy
318139,495,read,ball
1303854,547,brother,thousand
131393,105,parent,beautiful
371015,882,end,great
1455772,604,admit,station
524045,785,list,staff
1511763,575,should,computer
233440,84,social,already
1402813,441,lead,arrive
299135,128,coach,interview
648666,664,herself,music
359326,113,physical,increase
952678,359,adult,ready
953465,103,ahead,popular
236994,482,identify,kid
1121475,138,change,discuss
32644,566,interest,good
804004,972,discussion,suggest
333313,789,article,have
1482668,954,rest,wife
88556,148,policy,detail
1264993,226,hit,yet
145356,31,federal,when
926568,317,mouth,federal
603882,492,person,part
858236,219,human,long
1129778,69,house,lose
356675,42,someone,also
119848,536,avoid,sea
1229561,415,happen,including
585569,446,administration,test
1402116,311,parent,big
646236,710,view,finish
1053220,674,sit,often
146896,523,oil,offer
522942,360,child,throw
1348938,12,college,song
1037422,247,thank,up
1301931,438,action,audience
411429,3,environment,dinner
518919,489,ok,contain
736503,203,news,close
1041442,7,writer,beyond
741674,428,head,member
486541,12,professor,law
916634,28,act,address
193934,226,election,reflect
1470169,269,front,day
1184579,741,program,sit
243784,954,high,event
807187,650,however,that
1347646,427,between,skill
51571,554,media,artist
581060,677,pretty,majority
1125326,821,PM,teacher
1062285,220,everything,activity
674257,400,meeting,reduce
1348260,177,join,crime
118675,953,last,wide
521962,308,policy,power
1369099,56,quickly,tend
350819,295,high,result
1451312,582,responsibility,moment
1029737,483,small,create
115319,476,month,yeah
755662,909,woman,medical
687539,74,arrive,once
676798,272,check,city
219880,894,look,for
638510,325,painting,key
639384,426,do,street
481300,577,study,up
1011452,42,data,third
1064538,221,increase,small
36561,172,night,where
913625,142,door,blood
30195,623,bring,bank
1112734,83,public,economy
1189728,42,sport,carry
261711,160,happy,each
579962,385,cultural,agreement
1127443,598,often,contain
967169,193,reason,against
582118,71,physical,skill
1431566,260,probably,cell
573291,428,artist,Mr
400255,186,run,business
305006,577,speech,rise
555502,282,think,section
1085286,27,explain,this
529543,928,remember,buy
102255,908,record,several
488825,261,feeling,data
126506,882,mention,Republican
534217,757,pattern,security
1502766,216,number,west
277038,416,participant,long
1259905,597,build,seek
274376,422,along,analysis
948636,555,enter,break
955991,62,wear,hard
68759,920,political,same
795079,661,point,brother
541925,176,research,data
691102,207,raise,often
103563,1000,people,war
657208,59,front,degree
701722,271,stage,skin
898026,239,industry,yes
666372,395,real,beat
1271761,240,color,hear
805543,652,for,act
1342969,305,season,whose
330516,297,stand,drug
1093331,13,leg,TV
1326823,983,listen,participant
1429540,861,road,page
1361757,283,without,indicate
749104,767,care,individual
1465523,277,task,south
352593,719,environmental,investment
752747,814,military,event
1447336,49,several,become
1307623,907,management,enter
126922,335,relationship,take
311613,515,even,notice
973406,772,speech,training
625035,646,miss,option
80876,725,sure,involve
96879,765,usually,more
395857,716,already,edge
999465,119,rest,particular
644565,200,series,ability
600221,67,possible,true
180261,155,front,report
1388129,298,treatment,age
1524613,932,would,baby
667187,698,style,none
813762,566,detail,north
1372484,174,available,four
807781,588,pretty,cultural
110831,808,half,manage
834272,772,require,force
541328,78,professor,cause
676207,482,place,career
781676,184,rise,population
1504067,460,peace,with
1257205,266,language,sing
397620,421,nation,you
1503053,890,produce,him
459729,397,themselves,fast
722406,651,laugh,suddenly
939586,986,order,as
1315824,838,lawyer,data
145055,334,change,make
636465,954,meet,bag
1237180,447,eat,modern
654881,948,thousand,star
1422718,254,prove,region
107211,211,light,rise
206922,220,message,idea
1521829,933,sister,memory
219935,572,hair,north
1311132,429,certainly,traditional
379204,740,blue,wonder
172880,583,cultural,lot
705522,580,peace,drive
22792,31,admit,by
33265,776,general,those
616666,274,bad,from
1297085,468,key,professional
445062,379,word,area
1026186,870,field,never
427486,281,structure,fill
975061,333,figure,audience
197120,206,kitchen,night
1222673,468,onto,statement
127233,327,develop,century
639239,558,crime,whom
1057411,241,she,find
1168286,373,long,place
361950,468,present,pattern
513955,198,job,interview
666523,558,share,team
1008540,386,central,student
1259260,123,moment,we
838281,872,somebody,about
399190,802,itself,yourself
447540,360,lot,send
1138911,563,debate,music
252895,246,teach,I
1125190,972,expect,throw
661967,827,action,thank
1083757,744,eye,note
96004,425,right,key
694713,784,worry,film
1012961,31,anyone,me
63089,345,seek,finish
1400598,478,different,great
1016443,339,plan,success
707071,978,me,catch
1292490,36,he,discover
305769,80,whole,subject
362528,542,analysis,particularly
961574,625,where,method
1335712,479,mission,simply
421557,492,evidence,wind
346440,336,poor,low
693003,98,store,truth
1394661,619,lawyer,couple
1530540,298,group,degree
1155945,293,reflect,guy
630518,603,free,son
734112,742,big,join
1163889,297,arrive,drug
1349780,192,discuss,model
613842,332,realize,late
439360,196,economy,law
1446884,615,relationship,first
615796,610,should,save
786455,285,side,author
996141,53,executive,throw
802835,457,life,policy
816897,614,walk,team
1366512,488,resource,pull
828138,869,management,think
838705,245,red,data
217012,931,use,process
548047,334,rate,fall
1432661,926,international,blood
709732,101,course,eight
539184,292,improve,dream
468821,52,interview,really
1239624,583,term,power
494095,984,song,lay
477251,763,store,development
336720,741,public,not
1474146,895,black,student
281762,323,hard,not
61221,346,than,fight
1014096,289,camera,indeed
1067968,64,pick,while
643540,220,guy,consumer
840867,296,rule,prevent
1254405,235,customer,hour
476501,484,music,care
1196893,439,fund,maintain
123500,725,choice,eight
1235105,321,baby,keep
1088797,251,business,week
684841,519,plan,marriage
671611,688,school,possible
172138,143,set,article
683296,825,task,pick
1426541,244,wonder,center
1321427,271,only,this
873903,301,one,about
228827,993,long,indicate
1508627,725,himself,east
1167321,152,than,have
1437071,434,about,central
1219901,525,later,use
404226,405,series,bad
320309,480,father,positive
1329936,410,job,whose
367277,69,show,walk
358127,575,natural,as
617965,920,then,off
1292520,825,eye,effect
66569,792,then,list
1052541,781,worry,town
1524781,876,by,pay
1090336,869,similar,yes
1248855,491,discussion,chair
620380,270,save,shoulder
824096,516,herself,community
692355,621,he,public
267350,870,politics,military
1341107,23,west,bag
822234,844,nation,often
882625,416,it,cultural
839192,630,force,they
348859,447,wear,budget
1309467,78,economy,project
1374635,548,capital,glass
1126252,451,point,grow
901274,888,four,PM
154280,972,life,this
1256590,3,front,least
150385,773,true,oil
1416191,255,they,newspaper
1330190,611,source,listen
897985,378,collection,threat
954722,183,hospital,suggest
529175,235,television,make
762671,334,wait,represent
1125097,744,pay,then
1318084,165,investment,popular
481620,80,south,argue
256912,36,smile,financial
392142,163,would,four
1526618,217,box,campaign
892431,72,degree,car
883296,556,town,close
1364777,931,outside,read
884660,557,human,special
1338387,148,population,college
57071,470,first,term
91646,281,word,street
1255491,154,win,factor
802783,353,base,age
661555,197,represent,return
390236,39,system,bag
692889,641,product,nation
161614,843,hand,bill
57089,818,parent,chance
507253,180,quite,agree
405640,801,house,type
354833,762,prevent,without
270107,852,itself,majority
290593,423,involve,tax
78616,666,possible,down
233252,545,task,eight
1024253,29,live,who
1469780,94,beautiful,increase
573647,187,write,low
390705,707,manage,name
477611,235,eight,evidence
115681,550,cut,available
1147041,853,population,foot
224654,175,pressure,stop
249370,473,also,four
184854,591,cover,travel
827529,522,enough,out
815254,474,local,ready
874051,895,concern,generation
1305598,965,both,practice
543451,321,religious,compare
1506388,80,hour,instead
829530,876,need,opportunity
1507753,755,bar,course
619198,946,so,national
144863,38,follow,woman
996023,286,rise,brother
813736,430,before,product
1235486,23,guess,four
1076627,334,person,thank
1375165,926,tonight,any
1074972,776,front,difficult
664309,215,he,animal
905496,99,pressure,look
148960,996,every,focus
64482,260,increase,decision
1525365,932,fight,service
936476,594,national,movement
764440,23,including,particularly
412993,670,yeah,they
461074,897,executive,world
476195,859,growth,party
706057,94,financial,something
1510318,226,glass,executive
712262,885,someone,suggest
1509417,824,hundred,lose
1123695,778,indicate,any
635327,132,different,bill
988853,207,president,meeting
710192,637,her,little
1352426,749,risk,career
1306130,252,camera,policy
145861,318,cold,town
647375,821,matter,financial
1220030,936,large,he
46075,192,success,check
738599,950,past,perhaps
1335160,685,poor,couple
397043,53,memory,represent
763427,624,its,produce
1223059,454,station,dinner
59341,375,within,discover
1483903,922,improve,affect
1473095,832,everyone,spend
1275831,165,purpose,necessary
1494413,140,number,produce
599055,921,thing,international
214566,776,suddenly,camera
1091025,906,responsibility,hot
147947,646,through,technology
1514976,778,quite,car
843128,255,friend,authority
1494213,132,may,itself
457180,82,go,big
403543,232,poor,economic
1217912,888,beautiful,pick
1175618,135,view,news
182116,665,by,clearly
1109664,112,material,information
808366,608,action,bar
131082,604,area,provide
258556,128,coach,media
1258295,174,produce,it
418386,714,unit,suddenly
243553,790,sense,attack
1513459,316,remain,life
646158,28,speech,sister
1142143,866,point,leader
1339910,490,skin,cover
323931,6,increase,her
1201161,553,morning,goal
803609,41,line,total
640254,247,so,strategy
1259478,853,maintain,usually
104593,274,reveal,half
1488506,739,answer,number
1517955,923,energy,purpose
630625,907,radio,his
169205,35,since,others
1188595,778,unit,game
1455942,380,world,step
588884,565,cold,guy
1525348,635,stuff,national
656409,526,born,number
1451192,336,sort,want
1160292,638,still,movement
366868,86,each,pass
966423,317,enough,fund
1154023,328,anyone,card
1204532,317,girl,game
884640,334,believe,wish
189894,566,either,popular
116573,569,despite,season
1163666,316,only,value
588337,772,offer,wife
139385,148,little,kid
576497,229,century,follow
399606,625,blood,soon
530418,581,side,success
1416723,106,order,why
1372299,73,book,you
1304584,127,catch,area
1099558,918,say,then
464182,135,series,everybody
207390,297,table,per
1155248,608,new,least
918780,884,above,become
930817,710,debate,best
527712,909,piece,part
245796,332,southern,far
638828,475,our,cell
587513,391,road,would
64330,142,often,agent
1413084,483,difference,position
902774,218,child,his
238190,40,item,bit
1215784,439,control,environment
1376324,84,success,where
1096849,119,consumer,already
727798,533,many,miss
792541,353,certainly,become
244909,167,manage,at
201425,158,look,suddenly
1099782,636,necessary,writer
1410675,566,performance,help
114523,520,involve,plant
121220,687,deep,seven
956950,29,life,radio
1038970,725,industry,admit
971355,124,base,full
992802,485,letter,entire
841906,300,close,allow
97418,143,shake,risk
408421,844,television,from
1401439,565,no,shoulder
1461898,701,peace,public
290763,901,training,reality
559845,254,place,rise
1358797,957,easy,effort
338180,557,could,assume
464556,121,off,shoulder
232448,481,police,by
1413722,431,side,bit
1248616,658,suggest,bar
366539,476,what,focus
193568,103,fly,investment
125317,934,light,until
868941,383,that,stuff
1135504,397,necessary,lay
1076434,448,or,doctor
307338,712,skin,that
604071,345,beat,campaign
1316191,776,lawyer,glass
117373,301,program,suddenly
429611,889,particular,century
226066,674,whole,full
738956,434,firm,every
1335594,404,ready,analysis
178357,439,require,coach
1061609,173,manager,produce
747586,483,rate,then
1306888,41,outside,late
1408350,407,card,treat
887338,921,candidate,later
132760,444,present,political
197520,753,available,identify
1074192,748,painting,share
166247,572,feeling,edge
398706,668,education,us
841628,108,data,five
516089,428,in,particular
1449134,288,occur,name
1109942,222,reach,we
1323112,352,difficult,blue
1007910,368,parent,recent
60480,852,less,parent
796182,343,may,contain
994857,398,science,long
51042,865,amount,or
1129062,832,rule,future
28085,429,suffer,standard
610935,637,only,three
1458711,245,fact,record
854382,876,reflect,story
9254,255,style,drive
774755,983,seat,continue
344020,882,stop,especially
548537,635,art,fast
1516585,599,art,visit
1002782,445,often,use
423163,580,late,heart
210433,411,personal,camera
1449891,568,mission,stuff
1267317,9,town,art
1007479,997,risk,that
568103,22,establish,section
156308,597,close,provide
713956,237,chair,mind
127818,337,race,lead
393079,708,entire,require
491912,330,president,believe
1406094,555,high,arm
176523,469,activity,what
702305,544,force,open
1241199,167,himself,color
794880,856,glass,matter
454995,610,stock,glass
143736,321,democratic,use
780119,437,American,capital
420364,726,behavior,crime
1239199,131,director,want
200065,466,win,find
1130762,145,change,western
690921,434,what,themselves
215241,215,benefit,music
1473245,670,current,understand
1013204,730,spring,last
114533,842,every,ability
268067,902,true,while
1244700,573,team,pay
1028177,183,animal,agency
755272,144,daughter,still
1372711,428,pressure,society
69037,543,every,star
537598,525,visit,have
1512127,153,response,serve
198647,783,poor,full
123371,779,adult,mother
993043,235,herself,citizen
250143,867,stay,upon
1372236,454,audience,above
1337568,290,rock,finish
1465887,671,my,research
1269418,669,key,responsibility
329032,322,long,let
895567,513,any,direction
1284143,514,could,available
648503,257,weight,himself
347567,707,spend,understand
603421,748,include,window
791747,372,direction,new
1407801,77,to,improve
1273599,745,hot,indicate
1315123,205,you,today
361392,332,land,carry
1497835,237,bad,might
92815,17,which,any
409166,782,treatment,though
610555,167,page,at
936609,629,loss,issue
509222,440,young,since
616733,972,again,enter
1265736,242,movement,few
753332,481,chair,yeah
1330082,887,PM,ahead
1254329,476,eye,perhaps
140856,239,game,author
205849,607,wind,than
652412,750,design,decade
56106,147,detail,well
576552,238,Republican,key
133897,391,relate,place
1539092,394,material,report
857745,72,it,that
422262,242,rise,nation
616277,85,reflect,wall
844360,75,maintain,significant
1399787,998,technology,maybe
735451,521,try,protect
880155,954,everyone,provide
1284253,175,experience,month
546595,185,partner,sport
1100485,425,deal,check
780751,126,resource,wind
1038242,85,financial,away
41170,309,think,court
593359,291,today,area
529180,965,whether,house
1193646,233,most,participant
382425,251,although,foreign
935463,171,debate,that
405255,670,return,machine
962580,922,realize,never
921551,850,whom,hour
69223,378,meeting,key
1327956,314,must,necessary
847315,805,simply,four
322378,250,as,interest
1312186,90,after,cost
1093306,91,plan,involve
1487493,514,child,art
792036,684,power,step
640887,47,leader,able
1307772,2,child,design
1530451,322,but,attention
1491528,673,prove,management
1202305,722,often,charge
1498787,898,company,heavy
735593,713,large,end
1333997,616,foot,risk
429592,288,a,seven
1256402,399,positive,on
1374579,751,trade,remain
383586,359,game,adult
152900,952,phone,why
879072,16,mission,art
1512586,619,into,parent
1115625,472,class,catch
819997,456,person,teacher
1343022,158,from,deep
1521630,315,or,floor
382348,42,single,drop
399100,327,miss,force
544069,27,until,above
1314740,615,decade,campaign
427167,527,visit,task
1309113,19,business,science
1478264,754,political,answer
398560,535,us,own
520650,145,move,positive
810729,104,mention,try
675435,553,away,computer
17319,962,health,forward
1374206,572,stuff,wide
312614,422,board,wear
272198,130,yourself,important
1292587,12,north,camera
653649,909,receive,type
1241782,48,off,step
237697,2,focus,itself
840564,787,team,black
871027,76,improve,truth
840259,529,more,church
387908,489,listen,resource
562639,308,floor,data
790140,444,business,increase
932356,781,participant,quickly
226303,118,dinner,top
1300889,679,establish,move
579707,76,maybe,future
365754,147,catch,discuss
395543,927,market,none
791277,576,successful,physical
1388088,663,open,provide
1350858,237,example,particular
641087,918,age,represent
641517,509,far,time
1013453,810,Mrs,nature
1392756,292,crime,sea
634158,705,do,education
1316857,163,or,also
713043,545,professional,husband
840470,387,need,particularly
1272666,822,try,kid
1261011,812,individual,risk
571916,400,wonder,yourself
1235897,778,will,kid
416055,769,into,chair
295521,72,blood,pressure
92455,565,choose,describe
940976,555,again,lose
1111584,909,game,smile
1193274,30,government,tonight
951534,933,spend,theory
854934,532,baby,half
812447,959,to,debate
254487,207,shake,lead
564002,876,among,just
347641,977,mind,guess
1223385,498,item,interest
1460450,68,entire,herself
267924,353,three,team
1453967,903,girl,writer
756073,11,economic,mind
1361266,824,quickly,follow
409345,647,high,foreign
1501559,740,see,various
1062896,710,price,different
813785,642,effort,human
655195,772,with,after
901649,471,truth,month
1537019,329,evening,range
1396726,844,far,where
1276797,445,discover,student
818115,706,through,young
442153,312,doctor,surface
951120,546,country,blue
1533922,618,appear,case
1540233,474,same,small
525140,375,she,think
1021263,722,seven,system
539812,785,drug,maybe
1426089,674,rest,day
1468496,646,itself,cut
712252,669,few,accept
670710,338,later,training
1273715,574,energy,upon
1378698,646,gun,analysis
111840,338,usually,section
824859,253,already,budget
270772,404,fine,artist
1122896,811,again,issue
413430,92,we,myself
798970,318,edge,blood
953344,258,difficult,point
38686,745,save,cup
1157742,322,two,box
25963,658,particularly,third
540133,564,fear,relationship
186063,220,may,indeed
969652,679,need,whose
847532,939,animal,challenge
894702,535,work,alone
797417,459,usually,threat
1072422,794,put,perhaps
962965,507,gun,whether
72024,605,century,poor
283213,283,necessary,letter
133399,442,discover,finish
922729,643,admit,deal
1304225,93,full,more
457415,326,cell,drug
561608,192,three,standard
1049274,613,public,different
1034818,80,certainly,popular
1053529,681,build,could
398464,93,itself,court
1452733,545,trial,security
528452,211,somebody,film
685197,301,nature,catch
1439822,573,security,since
892733,567,house,lay
592317,615,cultural,chair
1238068,831,bed,soldier
294623,826,purpose,model
174740,841,discuss,level
423842,502,he,front
1283175,693,expert,visit
723320,446,join,field
818346,1000,consumer,me
1083572,428,method,learn
255851,629,part,fill
667186,726,agent,about
667721,679,then,watch
566768,371,market,machine
500096,703,job,sort
346996,585,cut,than
987530,818,five,late
31677,220,center,thus
489583,841,yes,share
1446736,190,standard,according
1447338,496,physical,resource
811264,53,writer,election
285271,274,continue,yourself
328933,453,range,scientist
910419,664,air,dream
352560,561,Democrat,parent
63767,676,hand,describe
26644,18,coach,remember
457901,187,of,might
456093,425,just,sound
11409,637,respond,local
1063573,981,tax,quality
803727,629,hit,threat
959406,856,pass,modern
427935,537,body,beat
691134,521,discussion,miss
1236405,143,pay,too
786563,192,force,prepare
619085,937,about,reach
273400,909,statement,face
1098457,131,yes,product
471457,758,assume,people
184722,83,most,low
51582,371,final,new
1218546,975,heart,economy
703713,100,under,material
1165811,942,career,tree
496281,757,interesting,model
1213865,887,capital,decision
1512585,978,view,course
482726,979,try,behind
648135,268,parent,relate
992365,420,yes,future
260797,716,police,common
192237,918,already,may
590802,340,serve,issue
1213706,862,shake,name
494579,78,bed,increase
360062,503,performance,investment
1398768,628,act,knowledge
1340973,735,single,will
328259,24,family,control
262318,845,century,former
604997,513,less,writer
1151887,958,smile,hair
177935,610,blood,family
309620,355,test,trade
84552,30,contain,season
46478,490,feel,real
1376991,661,business,piece
1100494,820,leader,blue
1477893,648,shoulder,easy
1423260,703,including,year
55942,148,return,option
449536,225,range,my
1245687,350,glass,TV
527970,555,similar,at
1137878,445,wind,follow
1359954,785,fast,score
850488,388,author,evidence
1017660,379,room,option
1386962,977,American,so
692853,305,help,court
783353,247,city,describe
1394180,365,wrong,interest
1521731,904,several,myself
1024815,850,make,party
530150,368,strong,subject
870479,415,he,fall
709144,545,type,rate
877570,636,trial,source
990800,185,listen,six
1082397,230,cell,mind
263479,700,entire,production
11329,546,peace,if
1315373,459,amount,democratic
17640,362,the,every
389282,962,certain,forward
1148325,114,do,church
440353,552,environmental,three
1106637,482,control,range
473663,286,event,will
963487,443,writer,market
935581,469,south,force
639688,206,rather,they
1250699,274,sense,recently
1383968,328,which,girl
977212,809,Congress,state
147444,507,dark,on
92338,29,anything,current
39458,772,relate,guess
1461157,687,article,size
1381414,557,type,behind
1476463,178,country,agree
1447812,62,team,like
780441,633,case,hair
942492,509,military,most
1342567,259,buy,century
1393145,805,entire,cell
331476,664,finish,rate
1446410,518,cost,fish
1359459,947,maintain,tax
1122657,597,yet,act
417357,920,turn,back
276748,907,move,happy
128337,916,common,property
350439,389,Mr,three
1060786,707,inside,time
522574,164,whole,bag
500667,543,seem,move
635428,37,wish,wait
599131,911,every,half
1408807,647,house,point
1491289,350,sell,maintain
36743,264,join,break
196369,172,unit,between
282647,850,fact,forward
524263,870,marriage,way
980768,759,section,entire
341100,551,air,likely
888682,382,raise,house
424829,880,watch,student
16682,742,then,true
1329868,737,report,see
338897,130,form,attack
93405,31,can,pressure
159326,966,help,many
794193,247,cell,value
886726,44,bar,south
1281829,527,speak,husband
872957,513,but,ten
1365672,513,front,cup
880640,681,per,president
744336,373,check,agree
99950,792,discuss,listen
813370,213,top,material
1221048,383,fall,responsibility
424192,881,result,think
487854,462,last,notice
1526533,450,debate,everybody
397264,439,including,particular
188064,442,ground,early
1273193,287,sea,information
1110868,506,administration,stage
517106,548,quickly,democratic
1236168,347,no,example
1296822,172,in,stand
902396,473,tough,first
572605,172,conference,positive
709338,995,sing,material
456140,16,still,simply
331368,52,school,speak
1335077,604,decision,someone
1347796,572,live,need
1397304,606,forget,general
946161,953,check,herself
769870,401,land,example
985282,175,Democrat,none
1251001,912,animal,help
185686,949,likely,a
1034607,317,quite,he
1397624,748,after,available
1115654,345,store,upon
149675,728,myself,light
444222,529,beyond,high
288038,924,travel,bad
808695,504,dream,class
482708,931,section,national
480430,502,own,claim
1280812,260,remember,floor
4426,1,evening,current
819812,757,player,around
524751,516,address,seek
566452,394,talk,explain
1379701,295,individual,rate
44797,5,down,former
511695,501,property,form
102854,327,forget,make
257504,806,all,nature
1350069,733,perhaps,light
399112,89,crime,traditional
112126,83,sport,various
1162407,155,source,entire
526330,105,opportunity,from
678356,398,pressure,include
1457177,944,across,allow
268365,766,medical,east
1383350,510,seem,employee
810178,266,authority,foot
1021372,941,especially,else
210148,265,crime,box
943310,47,situation,fish
29065,168,today,business
729911,589,represent,eat
88698,638,charge,wide
589460,145,close,he
375193,698,control,arm
138461,271,assume,cold
357004,225,rate,open
1165425,233,city,indeed
303737,95,admit,local
698394,289,many,international
247887,770,employee,candidate
96354,448,offer,say
1497786,237,attorney,manage
633252,563,moment,light
1381350,553,interest,not
1107018,262,throw,play
812744,84,performance,sign
258123,693,well,several
735584,421,issue,force
563811,48,have,piece
1015958,819,course,enter
143284,80,word,around
393906,768,customer,Congress
659647,294,window,level
1439605,139,window,teach
1383839,991,almost,heavy
553878,501,fly,business
630023,874,hear,either
95877,723,would,make
1280461,870,beyond,between
462647,958,his,finish
298078,489,put,meet
709665,226,service,sort
629471,32,central,month
1418248,410,foreign,popular
143910,398,serious,century
1079199,217,theory,simple
1224447,485,face,single
660717,1000,child,successful
195819,750,worker,trial
650496,807,add,each
858693,528,top,people
1101645,578,this,single
1519029,644,head,left
1001961,733,class,other
106709,777,really,think
74974,407,hold,mouth
292588,563,by,black
509779,155,product,member
1539125,889,station,skill
121656,658,civil,floor
332388,554,smile,cost
1105863,707,step,case
550843,400,power,board
942915,3,later,minute
1136292,45,need,home
808225,794,place,green
914753,345,commercial,miss
537177,542,eye,politics
1439187,810,clearly,subject
270329,980,then,when
134505,331,gun,sense
865179,974,someone,discussion
781822,398,long,agreement
795914,496,about,large
567685,509,what,himself
1115539,995,draw,low
1336758,459,culture,state
224347,236,condition,up
938988,767,manager,deal
215465,798,sound,age
1514002,36,trial,stock
1226603,713,good,job
331316,592,government,campaign
59270,703,bring,approach
406583,330,as,dog
328463,873,open,team
1117616,255,nor,third
1509160,839,smile,measure
425567,339,we,value
1089292,93,indicate,north
1291031,929,court,lot
194714,74,three,race
319259,82,hot,chance
91952,357,nation,public
429220,798,true,miss
139873,999,apply,property
92671,851,about,six
719283,400,far,the
1473333,718,financial,trouble
836112,459,sister,a
697732,939,half,prepare
1445233,915,knowledge,gas
1063410,635,raise,sing
1392171,679,social,range
1056747,880,meeting,seat
61071,45,support,change
525713,980,measure,throughout
323881,615,explain,red
640183,945,plan,hold
256688,555,mind,fall
1328397,808,toward,interest
656239,710,art,race
306714,939,art,hard
1347209,184,technology,green
1352598,591,successful,effort
224894,705,yard,nearly
1075200,990,about,within
1044439,411,throughout,low
245410,279,hit,treat
813469,434,man,speech
596065,765,various,success
904158,245,marriage,fill
999931,166,item,rate
1443029,613,pick,list
832354,732,country,wonder
801303,190,across,common
758525,799,purpose,explain
81726,139,bar,entire
180790,996,pull,believe
268228,191,experience,throughout
1271398,970,choice,but
724671,310,agency,day
1439240,604,policy,your
363022,920,deep,history
827343,711,campaign,page
1054189,584,national,public
16499,389,summer,law
245559,655,watch,beat
1310610,657,teach,generation
1259248,700,star,certain
1094307,401,me,society
631621,411,traditional,teach
1255310,496,else,full
1107740,879,race,help
1199497,530,job,source
1205182,527,never,public
665032,79,painting,and
924251,247,image,necessary
1464676,482,check,fish
757838,563,key,voice
593930,463,possible,clear
555899,89,outside,great
34953,258,last,pressure
920638,793,particular,measure
102162,414,data,message
690570,516,least,interesting
1455683,142,force,cultural
176097,89,certainly,stay
520393,195,summer,case
804382,46,strong,card
865678,865,unit,maybe
818507,534,just,decade
573663,12,same,ok
672573,133,design,rule
1356300,948,box,suggest
626137,71,human,week
1440706,289,weight,another
232589,157,series,economy
788744,81,memory,near
313256,211,page,tough
956235,421,so,drop
618752,392,he,degree
384858,355,political,interest
1471195,799,author,agree
49775,20,garden,eye
1463860,468,himself,once
544158,41,mission,off
1422091,561,run,table
1453678,704,nature,personal
1276599,17,score,coach
200761,586,husband,carry
549479,540,Congress,early
1040958,2,center,like
184563,547,open,us
1363087,497,cold,officer
501684,183,woman,force
158443,743,peace,field
916960,880,quite,tend
312803,108,time,back
750376,590,small,bit
760178,73,mission,sit
466239,576,certainly,according
275004,589,although,list
691749,224,arrive,billion
92573,417,than,serve
773561,805,couple,himself
1491448,470,structure,including
1504598,180,actually,still
507263,541,him,entire
1203680,178,doctor,power
322927,398,expect,body
1021108,25,win,plant
340197,602,seek,notice
179616,506,policy,election
1287595,249,must,send
839094,305,everything,several
1299860,986,doctor,course
1478972,533,sense,process
1537322,512,letter,visit
1372439,107,more,risk
125545,741,without,prove
207666,780,along,operation
26725,361,site,become
632676,38,store,outside
596222,21,rather,start
1279747,372,tough,so
860800,454,next,social
1491377,833,product,college
512032,174,investment,usually
340942,664,treatment,character
1413699,243,sometimes,talk
110924,771,war,available
181124,403,message,stage
206127,1000,whole,friend
823410,475,everything,administration
792126,264,phone,series
1248004,653,wife,effect
1061331,397,party,some
1346468,394,recognize,case
1177730,616,head,together
1483686,25,message,toward
1268148,647,wide,leave
983063,983,avoid,significant
637919,539,citizen,appear
653857,473,now,seat
964704,783,somebody,how
1089125,636,smile,bag
1532316,753,community,movement
574919,96,team,not
1426701,663,fact,guy
439508,755,film,decade
652694,822,throw,follow
1243067,244,born,way
1096054,572,war,establish
1139092,41,me,condition
496265,221,race,over
520666,635,society,pattern
974405,604,seek,market
543292,249,bar,store
1004018,296,lawyer,available
969061,194,forget,system
429800,308,director,Mr
1054591,975,nature,baby
1234710,650,fact,language
318553,368,seat,what
695603,560,quickly,per
1230838,892,cell,how
1079603,812,hotel,type
1356629,488,party,office
927384,246,structure,design
1133984,736,enter,yet
651267,156,use,activity
498980,431,about,second
281103,861,reality,enjoy
521038,604,left,face
1286789,278,generation,trip
670419,885,back,public
275425,629,let,check
937900,174,realize,stuff
868525,147,wind,attack
126400,113,civil,democratic
739855,924,expert,make
1485890,885,thus,major
250687,12,southern,now
616313,219,economy,important
272426,11,prevent,hair
1060589,735,attention,race
1379941,989,glass,consider
1282281,214,someone,level
1126846,78,simply,in
436569,419,bit,only
479658,647,or,could
554099,429,per,lose
19576,727,its,light
712967,495,own,decision
892242,767,turn,building
1055601,131,tell,medical
247135,252,really,hit
1446603,40,join,own
1000800,899,fast,public
172462,163,else,themselves
25784,973,magazine,fine
1177375,414,at,ready
1306402,494,thought,market
417755,753,production,television
757800,110,strategy,man
1293799,952,community,next
371269,373,else,true
843326,915,give,watch
1092746,336,how,imagine
116268,783,travel,north
356083,982,technology,seem
769460,499,debate,serious
253156,901,suggest,simply
1469064,545,week,get
336722,988,same,get
1124140,667,there,administration
963122,712,support,community
656838,393,entire,street
395145,949,describe,far
702065,984,save,order
74507,65,simply,create
1142207,137,already,get
1311089,466,from,together
1121346,293,large,often
545481,956,old,attack
105070,629,opportunity,speak
582804,135,contain,finish
1389542,891,education,perhaps
323810,770,mouth,born
34641,92,activity,message
1309413,196,shake,Democrat
1039622,799,plant,condition
146930,914,identify,sense
1495466,666,beautiful,easy
800877,357,will,fast
1231542,51,stuff,floor
959897,626,article,report
793924,220,special,player
48695,837,late,billion
19516,432,economy,board
927928,233,sit,another
503144,948,real,later
243156,946,business,some
871646,49,nature,sister
746441,367,listen,present
792440,980,animal,great
985344,157,my,air
1459589,646,million,form
75591,282,last,share
379734,650,blood,section
519663,251,production,catch
1253496,495,television,once
1055270,955,stand,police
766223,237,federal,bill
315956,620,future,occur
333705,613,most,figure
801179,936,toward,type
25460,66,evidence,another
53414,597,exactly,them
585940,928,far,indeed
1163099,236,price,idea
782004,976,for,even
294989,231,hard,arrive
982723,678,school,once
836608,341,financial,picture
1159189,608,card,bank
1054088,610,suffer,thought
685882,116,themselves,film
513601,342,mind,once
994107,954,offer,recent
829591,171,call,view
670080,93,level,by
1292875,999,per,too
465732,821,indicate,start
86784,87,wonder,low
1157401,337,eight,task
825115,25,daughter,certain
923620,86,design,sea
324458,986,agreement,man
853218,72,window,raise
800483,856,image,relationship
345708,507,their,tax
23901,558,recent,create
1058292,313,book,better
91230,143,listen,specific
458402,375,particularly,personal
1451016,97,along,usually
992612,116,mission,senior
1011198,745,Republican,let
1160068,418,adult,move
729772,447,challenge,cut
1366819,361,office,better
4309,700,actually,everybody
1122467,450,trouble,international
1118990,451,agreement,game
1261035,196,level,town
1007779,860,support,or
1243125,557,religious,along
1020062,923,think,rise
557197,537,although,fund
715091,724,make,buy
1185262,633,for,ever
1167626,450,expert,third
1422852,77,plant,only
1284559,834,direction,daughter
679156,892,project,decade
264786,6,activity,fire
22727,590,plant,crime
165695,128,do,too
1346004,828,rock,owner
1197509,492,can,similar
537860,265,your,have
377541,23,key,heavy
740748,234,store,point
211685,137,he,name
489634,560,arm,so
1106727,677,local,result
1011294,94,quality,few
715408,217,make,individual
1299902,654,list,fight
234552,516,spend,son
628941,828,night,big
1383209,53,yourself,new
51450,923,evening,poor
106726,236,animal,rock
895515,952,home,meet
1243589,624,system,top
304077,321,quickly,three
880567,86,analysis,new
412415,519,candidate,they
63025,501,mean,relationship
717872,286,president,although
79014,901,own,paper
1411272,78,site,meeting
266725,709,choice,operation
564549,309,contain,social
1153948,31,very,able
411717,584,stay,another
192528,670,season,speech
889434,88,bring,adult
546887,768,fill,anyone
909446,67,fish,benefit
100190,134,issue,yard
905557,607,over,market
945025,919,option,travel
648822,331,knowledge,include
1257421,687,moment,page
1065653,435,game,energy
1344727,355,next,method
1192421,424,approach,according
777640,368,hundred,head
742456,217,Democrat,themselves
972065,874,choice,hour
825887,282,national,employee
1338873,946,which,soldier
565743,853,whose,him
57736,683,author,reach
645138,743,indeed,hear
774368,862,claim,class
386545,287,hot,remember
1465055,147,draw,situation
124498,326,between,instead
1197281,630,remain,TV
1262217,377,today,ground
870948,751,east,cost
95265,37,raise,describe
885545,520,subject,whole
297356,636,too,step
1125225,478,activity,off
780856,25,tell,inside
26232,545,less,country
759172,208,speak,answer
914895,918,discuss,run
891864,860,great,design
183903,666,act,answer
1002301,452,follow,word
1365846,706,middle,drop
747207,649,whose,issue
502679,833,stuff,article
876203,836,soldier,remember
188228,879,dream,TV
823907,346,represent,together
1234721,973,home,certainly
78827,537,among,door
89905,51,successful,myself
158179,146,institution,start
787618,330,play,kid
531650,800,score,better
812643,68,simple,week
479457,832,indeed,only
861407,207,television,cultural
25613,634,chair,protect
1367858,817,camera,part
916913,529,police,already
964531,125,pressure,resource
809253,565,up,turn
852961,460,writer,mention
150426,717,decade,science
981698,331,policy,article
1398258,275,attention,lot
1324750,730,data,realize
178154,347,responsibility,teach
1335696,350,despite,father
615537,931,activity,onto
286922,950,else,today
1133613,980,important,different
846041,945,act,accept
1257339,520,author,affect
1517668,935,such,none
1047765,341,resource,prepare
871526,470,remember,maybe
664031,242,yeah,could
1457515,666,themselves,power
291256,315,war,order
463504,788,rich,particular
650750,762,leave,score
494767,193,since,method
798446,673,begin,ahead
1148415,514,future,push
1089529,730,employee,again
662564,44,itself,too
1056372,996,car,central
665941,647,large,may
1473438,735,knowledge,parent
1207688,409,not,near
1411614,890,there,billion
981038,164,positive,job
1090421,196,focus,girl
1528357,184,feeling,body
998501,699,must,game
1268505,42,mission,pick
775296,749,report,government
401649,335,finally,claim
87053,939,conference,side
1020832,123,save,my
860642,492,later,pattern
51976,138,eat,air
915460,850,wonder,already
1475926,420,center,realize
1468766,825,imagine,evening
1163643,515,interesting,hand
482928,732,and,course
1071809,453,much,film
741885,869,per,accept
1113339,965,position,responsibility
201656,969,remain,more
961375,337,vote,home
108714,72,see,plan
755819,744,stay,work
176630,921,suggest,whom
1144484,297,today,under
1175895,458,certain,official
789162,63,life,participant
198635,961,course,physical
1337488,998,maintain,leave
767471,429,artist,technology
549676,953,first,important
551446,366,east,whose
1066230,209,sit,exactly
150106,82,establish,protect
1360741,590,car,set
101243,590,strong,pattern
1441923,593,attack,old
1522292,297,operation,friend
529174,160,gas,treatment
814217,231,special,child
1209996,42,clear,size
1523519,333,environmental,light
1442455,263,yet,throughout
1251802,934,teacher,especially
158278,870,it,government
1439005,435,how,notice
680507,297,view,knowledge
58975,393,present,run
539270,722,argue,his
2157,537,professor,day
9952,237,its,yeah
413425,665,story,minute
454030,516,situation,sure
889479,565,sign,ask
1107358,334,former,arm
1161366,706,step,sign
136921,304,leave,fill
1470097,900,ten,year
1435293,113,need,series
352390,267,that,opportunity
348367,534,ago,evening
255546,426,nothing,focus
129723,975,prepare,owner
316146,174,practice,without
1169850,524,say,newspaper
1079082,562,feel,market
1321931,326,field,line
1130632,901,consumer,home
762248,179,seek,clear
847971,865,board,most
703222,298,person,the
425907,227,program,deal
73397,267,draw,structure
1179944,668,so,thank
4827,342,nothing,full
1473547,751,expert,report
71425,377,voice,especially
683213,91,west,program
1055031,633,now,break
1443282,603,especially,apply
862142,36,wear,man
266349,75,boy,book
1164725,651,say,mother
1201065,737,although,late
1231400,918,picture,manage
867988,507,region,between
934608,248,pay,direction
1082554,8,spend,near
912142,428,item,beat
58582,831,win,recognize
555911,618,research,chair
384190,220,realize,off
1145007,537,marriage,but
931696,644,probably,receive
1271415,558,collection,stock
689638,103,century,white
966193,922,them,later
617443,908,agency,themselves
126337,577,cost,tax
201104,870,between,perhaps
537840,368,physical,then
308661,10,give,usually
1248,660,appear,something
346737,126,study,majority
323494,994,involve,song
1015014,531,actually,either
1229485,191,enjoy,me
1490680,842,ahead,win
922747,856,media,area
1305328,943,special,speak
1430599,1,various,require
1458781,611,goal,his
972203,819,church,that
1259200,124,since,bit
670193,152,want,reality
1154239,604,body,raise
758314,776,home,check
1091636,315,next,society
72057,638,role,which
318119,605,money,appear
306513,108,range,partner
202225,289,act,possible
859942,72,fire,democratic
859574,283,small,out
1513654,519,those,left
1384791,396,decide,source
452200,351,article,would
196010,163,management,meet
990117,652,close,people
1185697,767,ahead,station
735303,154,indeed,party
774123,782,position,toward
1147108,26,strong,offer
409363,330,turn,television
1417330,791,performance,executive
328378,881,reveal,evidence
1402672,368,upon,every
1381566,817,action,general
508263,811,force,perhaps
485792,514,movie,protect
1533148,237,training,approach
57745,847,in,page
8942,276,could,above
1420699,563,point,product
1295483,829,sense,radio
1494108,567,agree,market
698989,89,field,night
1088866,237,time,example
1261808,657,listen,lot
883882,682,art,weight
982649,680,member,dinner
1015153,467,ask,national
1350442,991,hard,north
1242989,162,because,mean
1538038,547,today,around
284433,821,well,have
11481,171,realize,prove
1347866,100,life,need
283912,355,hospital,right
1412679,622,weight,determine
707641,480,growth,set
388831,309,fact,attention
415809,768,focus,possible
361478,959,young,bed
478715,193,work,decision
8127,837,growth,table
1204309,104,affect,try
1428193,243,yourself,activity
1283926,68,in,type
855136,871,leave,fill
113550,963,into,sister
726234,203,goal,rock
148398,351,discussion,none
1409790,363,program,others
560981,1,none,Republican
1536974,260,decision,drive
141,152,real,act
277224,981,agent,return
787725,553,affect,dream
279267,226,describe,center
376250,865,big,true
791431,254,recent,lose
1186331,593,person,address
304305,133,no,drop
795286,958,about,author
450659,961,goal,inside
312781,67,son,tend
694941,250,staff,black
338970,151,live,none
1472862,813,painting,after
987323,694,candidate,across
1324226,859,put,behind
593518,391,establish,man
550976,564,establish,lay
1407410,762,bit,note
568688,263,space,physical
75886,725,how,a
440325,716,behavior,daughter
647347,950,chair,election
370531,733,claim,sea
1098826,583,his,stock
90892,905,between,evidence
276749,471,good,write
775966,650,structure,training
1425573,933,near,everyone
1294822,604,sense,either
513661,529,product,sort
224991,781,single,tax
1319292,909,ago,total
679936,781,other,play
521577,262,real,stuff
849865,922,author,available
542399,302,but,all
362823,550,but,light
267413,482,successful,outside
271427,790,pass,far
768163,521,wife,southern
148818,198,main,someone
990669,189,message,series
664991,950,manage,only
957173,913,election,minute
411971,201,light,himself
675670,198,produce,technology
399202,893,year,common
1057170,186,above,writer
1464924,683,right,modern
174612,218,ball,few
604308,59,reflect,case
770001,237,speech,main
1384237,830,center,nothing
3970,660,north,population
450771,921,decision,different
176238,345,green,similar
861455,223,mission,do
1038201,473,attention,type
1193106,358,dark,cost
118689,16,century,similar
1182711,111,health,term
443705,501,son,source
1024259,411,standard,president
731083,428,water,listen
1062673,5,gas,along
1433704,393,cold,law
1350931,958,on,administration
375257,242,move,court
905375,286,husband,arm
366890,857,fund,this
401153,484,sea,interview
1348897,445,customer,baby
341500,512,each,send
1483721,430,cost,local
1214851,872,whose,way
1229944,964,financial,others
739330,24,across,item
604881,702,painting,half
519674,871,their,past
247768,18,fund,knowledge
762025,94,situation,something
889154,506,save,knowledge
1328334,566,next,exist
6663,400,out,follow
1113557,651,compare,possible
266294,127,pick,quite
815852,484,ago,enjoy
82785,994,draw,conference
924020,186,religious,middle
548542,917,trouble,choose
347017,247,every,young
1078238,488,campaign,visit
1434967,79,late,require
964188,588,peace,government
240309,600,budget,cause
183198,692,culture,item
48197,586,interesting,month
1443870,116,level,success
196833,488,cut,send
1163168,188,explain,none
922928,941,science,account
98289,209,involve,agree
1388788,876,hundred,ever
368112,738,top,black
818514,602,fire,tend
1414994,439,bed,view
839297,784,fly,seem
727203,239,church,east
705845,422,maintain,task
473850,999,point,say
838025,608,others,impact
207790,20,pull,whether
436096,434,western,fast
541081,743,and,product
979746,722,degree,degree
1289233,962,long,find
1230375,423,land,bed
488443,58,right,wrong
547394,186,specific,woman
99597,578,ready,economy
1009134,514,name,reveal
504773,754,with,maintain
190543,84,stuff,follow
467402,877,far,behind
680509,691,ask,past
518815,976,discuss,wall
456206,520,learn,dream
177547,278,whole,that
218523,203,thank,number
17612,863,assume,lose
1242174,584,spend,have
84538,582,operation,peace
374557,59,environment,around
338196,636,evidence,song
514359,440,development,marriage
632058,647,bad,father
1537092,589,speech,pattern
1084748,908,any,ability
755569,660,food,civil
344751,989,fear,despite
387722,740,sell,because
95532,201,space,everyone
1100965,967,structure,expert
683674,807,book,series
1157879,905,fill,ten
486715,77,quite,hospital
1354499,555,yet,apply
1469201,103,job,yard
1525646,115,state,against
1005184,920,fire,people
634516,725,address,bar
1062690,998,customer,such
1374507,963,blood,cover
662280,768,oil,eye
641245,921,language,agree
676161,425,fly,apply
1146043,977,become,various
1513822,610,old,beat
1053539,257,assume,so
52669,827,hard,continue
212614,210,win,sure
953947,678,edge,to
339547,782,way,conference
833569,531,break,stock
1249085,407,not,attention
1027233,426,success,heavy
890684,242,learn,power
937431,299,up,until
778784,265,we,bad
1524667,928,year,within
69306,326,stock,give
1299068,556,red,control
532543,867,although,bit
833739,313,field,appear
1112873,401,local,support
294556,797,thus,thousand
1425631,274,join,they
1072980,733,writer,expert
379596,12,feeling,company
780254,838,piece,firm
1196766,436,establish,particularly
204943,788,similar,four
801529,710,glass,statement
119062,964,imagine,director
1014232,711,today,seem
1381469,851,protect,actually
1440709,321,still,thousand
505561,435,system,much
1113637,419,personal,my
137857,427,walk,rate
4236,255,image,other
733049,125,sister,work
298958,845,guy,religious
100624,988,experience,green
1536823,241,father,both
869926,472,some,live
940513,966,table,another
833737,251,song,model
1081316,32,charge,step
155905,436,another,better
1100447,82,year,positive
206646,806,phone,account
647822,384,war,theory
964415,51,figure,front
234335,93,understand,development
1194341,566,leg,ok
1538492,863,fact,listen
206716,200,smile,sea
583162,526,yet,event
1337443,662,admit,improve
839748,322,change,production
95679,154,heavy,ability
1074019,952,visit,against
1182361,545,house,father
17324,684,for,marriage
244294,61,red,throughout
137529,123,baby,total
308829,265,forget,rule
1261756,870,government,tonight
1377281,576,weight,produce
1384658,579,health,near
168009,582,much,book
397330,674,type,north
83896,779,west,senior
1296611,366,trouble,concern
918794,174,second,together
1421751,906,who,firm
1071120,745,blue,trial
1038992,621,ask,order
332,465,stand,throw
955059,881,law,though
497742,47,public,chance
81926,148,one,behind
1503128,396,system,huge
1127217,324,paper,later
418382,957,story,name
158736,24,build,specific
830546,8,recent,yeah
736903,752,produce,place
866669,917,minute,us
34932,811,effect,show
1060002,426,treatment,pick
1521324,57,pattern,clear
629839,29,administration,long
750391,103,heavy,ready
497592,573,score,wish
1292660,254,sell,father
586765,356,itself,team
715337,208,suffer,whom
608149,774,parent,ever
82941,300,administration,answer
1178283,147,home,skin
173881,773,PM,fund
717886,959,pressure,check
755504,975,make,staff
521740,912,minute,trade
1373065,900,fact,win
39373,716,treatment,play
1539234,689,example,read
526650,915,fish,though
1059943,410,company,economy
694654,415,city,employee
958619,715,including,forget
555077,132,report,movement
59356,739,what,international
576013,931,appear,have
1184177,820,more,number
248915,603,agent,project
1461954,306,mother,bank
1232597,476,teacher,claim
238585,80,turn,front
1344071,940,look,face
657173,833,effort,try
1528852,282,buy,race
676931,560,traditional,floor
1527306,192,never,catch
121273,118,sell,whom
1438904,296,by,involve
983450,44,should,care
1132438,10,another,so
1533536,463,say,decide
166142,303,grow,successful
1336730,752,see,they
457440,327,ago,several
459155,712,memory,exist
494343,212,house,range
860722,173,Mr,cover
1187415,822,order,factor
742666,882,provide,they
1055844,12,majority,speech
673462,152,two,certain
106806,271,not,message
1161666,728,school,we
170876,581,pull,those
512864,276,offer,manager
226647,331,minute,coach
94710,800,notice,analysis
1028079,337,available,response
269024,197,scientist,simple
294767,642,open,simple
1292086,806,analysis,shoulder
64683,861,front,image
1207646,133,nation,available
951885,850,position,wall
690911,16,arrive,drop
508111,339,small,let
897150,226,trouble,paper
810359,59,break,chance
50526,340,race,pick
405368,639,miss,question
1049452,75,goal,section
127278,781,message,paper
1517535,684,TV,big
414780,152,when,nation
1534482,929,country,language
1074450,816,four,five
1538675,82,personal,break
1318206,570,effort,back
1081199,807,toward,church
1059360,615,between,indicate
320737,552,wait,cover
1099688,124,various,and
755561,704,morning,modern
1058551,850,who,pattern
1145651,231,effect,home
1244933,775,enough,record
994504,428,what,enjoy
130648,441,worry,their
1085648,591,voice,there
1442211,57,thing,business
485417,361,option,difficult
67442,147,together,attention
335862,48,eight,plant
1482002,779,simply,pass
96359,209,past,a
650299,653,police,fire
1278826,503,beat,born
756063,642,him,glass
298468,122,Mr,development
652803,580,political,first
762861,987,radio,control
915198,552,network,college
912094,742,range,first
690309,210,state,minute
746556,633,attack,where
578103,261,leave,fight
1418319,57,left,opportunity
46360,574,difference,because
572731,521,view,difference
1123984,705,miss,tax
880900,365,audience,information
252932,223,why,true
535563,379,force,mean
120012,473,hotel,reveal
742203,840,road,he
83558,339,whole,listen
967807,40,door,piece
903292,660,street,like
1045375,418,business,evidence
1089206,107,seven,dream
391075,834,place,point
118229,950,you,environment
1161645,938,last,church
1500184,828,be,perform
1023340,510,director,friend
640661,1,article,far
1232558,755,process,anyone
282972,452,just,around
290801,484,particular,civil
1245413,101,candidate,drop
1348467,313,again,expect
706275,242,hard,term
703620,343,owner,stand
922720,780,security,heart
1417070,598,home,ball
873453,480,agree,national
322651,840,seem,share
57614,451,forward,door
1200211,25,recent,series
202581,852,size,fire
762577,738,better,at
858239,346,eight,mission
654233,66,kind,skill
806215,609,return,have
835581,202,hair,pass
168552,926,food,week
1119837,845,sport,process
1521219,587,long,computer
1222213,808,relationship,sign
764082,61,field,once
38821,647,away,front
1381866,338,example,reach
850003,264,shoulder,four
199738,304,situation,yet
301920,319,as,myself
588856,720,prove,more
551405,37,civil,fact
238236,117,once,among
1189795,819,population,form
1498930,176,interest,agent
460632,322,next,finish
694857,587,add,figure
1151215,359,walk,follow
1062352,794,save,store
507689,531,billion,herself
515940,101,upon,though
940929,752,teacher,already
18042,79,recognize,join
465682,883,risk,same
218699,813,vote,wish
549575,687,spring,thousand
1432423,942,he,star
970928,652,manager,least
1007458,623,mission,my
1358964,39,table,run
953101,781,mother,prepare
521655,53,deep,need
703262,610,coach,expert
1400950,755,general,situation
398798,385,score,art
335600,286,ball,movie
512828,674,senior,certain
793552,461,so,fill
374181,585,effect,to
1514711,755,church,arrive
30320,886,individual,deep
783676,734,game,knowledge
1452367,172,source,nation
635447,303,physical,third
653693,172,structure,front
279016,174,meeting,authority
262313,756,lawyer,remember
657913,203,manage,by
1526748,965,religious,performance
62202,645,energy,specific
671223,934,act,until
35152,954,despite,fine
156587,840,group,apply
1032742,538,should,wonder
111886,751,per,really
1000025,402,area,each
711740,501,far,western
578222,978,decade,turn
600207,926,knowledge,area
597902,775,guy,stand
873712,81,whether,main
104778,792,task,white
892712,630,room,investment
1094875,606,against,trip
400484,975,coach,increase
429418,421,road,treat
1305253,861,rich,people
957154,104,right,place
532603,606,stage,responsibility
1368283,436,account,federal
302411,698,heavy,find
953931,470,one,happen
1370157,243,economic,too
1046486,607,expert,know
1389247,9,grow,start
1036817,13,attack,that
688743,631,foot,although
814012,475,design,collection
193524,166,clear,kind
1246260,175,rock,vote
581821,945,which,PM
269670,563,back,ask
1028769,78,personal,American
1147594,847,analysis,foot
10287,564,show,kid
552065,88,store,church
47138,291,behind,finally
1206973,737,day,six
913462,822,attack,race
1476769,541,interest,foot
636108,375,we,ask
1068892,209,chance,majority
947570,690,agreement,certainly
381374,917,water,democratic
1408292,237,born,beyond
1180165,33,pass,kind
1064348,758,foreign,step
1128413,68,nearly,show
185742,431,wide,compare
1161223,226,yet,majority
1138737,352,current,nice
378206,314,usually,participant
948839,128,analysis,specific
85502,108,section,particular
788969,232,on,care
1228896,528,occur,available
737519,632,act,light
906540,992,for,require
861940,661,whether,effect
1234931,144,test,wish
240687,810,week,understand
1053509,562,base,fear
1350356,908,hot,range
1500865,533,better,point
59288,376,tend,film
60930,897,per,stand
1360978,55,position,three
1243677,940,stage,would
556431,915,audience,as
540529,994,admit,personal
32395,467,political,deal
718210,748,prepare,cultural
581054,97,win,national
290685,642,energy,child
353612,830,he,other
342801,565,personal,camera
612139,704,sort,like
580605,41,evening,dog
383529,158,ground,reason
543717,413,lose,must
340236,700,ready,various
215571,442,go,tend
710024,223,land,treat
81474,820,put,education
1029536,723,this,miss
55721,496,ahead,create
1054433,488,get,everybody
423299,44,dream,over
1127085,365,visit,central
1503569,695,someone,happen
1107829,391,public,lot
967527,620,yeah,agree
887470,148,subject,rise
256572,145,eye,occur
392064,746,green,tell
1069147,527,senior,care
909641,8,interesting,whether
888524,473,plant,affect
473985,749,dream,tax
403470,159,research,citizen
1046299,752,hospital,back
1211821,242,minute,than
944773,285,into,suddenly
1038481,81,memory,too
756451,73,player,body
1426400,678,score,a
444954,627,name,long
1028173,140,oil,few
68422,495,list,purpose
237524,383,whose,alone
849271,390,election,mean
1504684,535,care,avoid
103448,981,ready,hospital
1152153,365,one,hold
1429830,414,generation,cut
731081,744,police,along
553899,270,group,lose
1245329,614,reason,tend
1513167,161,at,author
1481714,355,career,coach
788133,701,like,feeling
794863,469,find,sing
769555,573,hope,lawyer
866403,48,even,ever
1276854,650,party,memory
1131598,38,person,speech
1176729,209,majority,often
426592,30,produce,national
998899,769,social,result
231130,285,type,system
502891,403,town,view
1096661,327,every,whose
492221,108,like,sign
950178,434,situation,forward
798811,993,style,mind
1394809,398,go,data
1180875,955,join,without
1437335,886,action,police
53458,973,method,build
187968,917,economic,look
348735,899,challenge,business
337359,211,scientist,buy
1171361,52,might,garden
1126768,569,simply,star
319027,553,expect,town
941269,59,character,campaign
196220,591,military,perform
846991,497,than,also
312280,679,idea,play
542425,543,thing,or
232988,266,color,media
1256868,619,half,institution
352793,381,well,relationship
210114,515,manage,follow
762391,245,quality,fact
215391,937,me,alone
1182020,916,there,meeting
506558,322,month,under
1243672,774,consumer,economic
1223221,753,very,professor
897862,930,which,enough
1116807,329,seven,recognize
1347805,446,argue,maybe
997093,903,weight,add
1183530,837,wish,reach
939837,177,impact,base
267250,931,role,study
615447,932,southern,bring
445233,608,how,face
751030,307,south,student
41037,834,just,my
1356039,942,executive,wish
1014272,632,leave,sister
14262,385,chair,after
1230088,442,control,woman
1084218,665,against,charge
884084,173,other,moment
797463,371,yet,network
887534,119,early,front
1190806,158,fight,if
694564,904,present,professor
323500,872,per,board
523600,414,if,scientist
774527,529,debate,garden
886136,450,energy,federal
950951,526,choice,management
254181,944,clear,box
975461,438,debate,inside
381348,663,material,ago
175484,367,under,animal
328071,195,open,likely
706845,751,involve,network
1460638,496,go,culture
70043,780,he,value
684991,250,evening,development
249681,977,skin,will
1022036,756,anything,entire
1268617,443,book,cold
1073294,118,organization,civil
1499721,738,including,leader
714169,114,American,really
1297718,116,garden,traditional
1196250,180,interesting,though
753277,411,region,those
85863,36,adult,measure
1299795,328,green,cultural
1307463,922,hope,purpose
109889,857,until,treatment
1191893,89,friend,manager
1009823,857,sit,task
1107813,807,month,pull
166115,392,play,surface
409050,110,list,serious
1349552,857,model,leave
1037508,169,trade,must
765497,960,practice,rest
774648,115,very,fly
663825,579,medical,chair
43378,767,available,movement
572052,39,oil,involve
392603,570,job,apply
624166,413,visit,dream
1506619,246,whom,skin
589017,354,prove,phone
549948,976,entire,enjoy
49723,84,everyone,hold
1481549,234,tax,gun
668302,44,material,be
913795,579,look,manager
94934,252,wide,nature
1194851,73,wife,deep
1240021,247,throughout,far
1237393,574,ever,their
1468881,449,number,ability
1369989,375,develop,arm
277376,727,drug,ahead
509246,45,debate,pattern
417056,767,which,energy
734799,953,blood,parent
516343,941,any,require
1027189,366,single,maintain
916252,237,realize,design
95043,849,or,physical
171693,71,part,environment
283043,818,food,religious
1188419,557,once,help
574980,276,while,building
11242,822,physical,up
159637,981,whose,reflect
950675,668,over,message
1521823,207,stay,factor
1471341,685,reach,whose
275482,972,glass,decide
148263,979,reason,story
793699,992,street,soon
649766,403,five,drug
1320027,96,should,many
897547,789,yourself,serve
775542,515,certain,fire
1066239,491,effect,establish
941271,149,war,administration
359290,259,science,fact
344423,107,instead,foot
1397193,42,site,candidate
1295752,131,worry,charge
528412,145,explain,development
209385,358,huge,case
132295,550,maintain,couple
188769,204,condition,prevent
402479,253,class,make
44617,829,camera,matter
298160,615,west,institution
483451,786,teacher,forward
360746,712,could,set
294159,944,turn,hospital
749923,644,and,expert
536837,514,past,deal
1326517,381,hope,morning
999606,582,second,administration
1301487,583,instead,assume
1443923,229,sister,economy
786326,700,perform,professor
774053,933,usually,five
662210,549,region,responsibility
902801,892,rise,indicate
48221,257,system,statement
478240,183,few,information
1412253,185,push,finally
1471427,551,cold,hot
1538164,426,from,win
742664,789,good,rest
1480937,704,expert,enough
1321246,112,value,hear
1001856,306,set,whole
957305,330,page,program
362899,87,information,by
1342252,99,produce,foot
185360,882,painting,offer
1045604,485,general,foreign
94076,411,challenge,small
832107,506,service,space
1119559,605,Congress,hold
33236,745,would,protect
1461666,690,baby,benefit
1042181,996,participant,apply
876951,722,single,dream
319165,196,safe,cell
817811,547,home,employee
1400747,930,mother,girl
1437786,254,wife,bit
732792,575,level,debate
28757,884,point,management
148863,567,company,student
1189049,671,whose,data
531629,444,she,stop
17036,875,end,development
771148,865,mind,collection
86928,913,such,human
1474673,917,represent,operation
1258458,314,industry,around
478452,86,prove,city
1170440,739,own,practice
805666,854,stuff,able
870306,204,court,thus
865314,398,home,learn
90410,531,center,measure
1246185,117,cold,almost
1527596,599,face,according
375488,267,simply,watch
1106081,963,town,both
874401,94,answer,truth
683034,541,benefit,he
1245179,709,research,movie
961754,820,off,Republican
422341,840,audience,arrive
1158857,463,perform,official
1121090,541,teacher,threat
881596,922,thousand,often
993913,807,across,above
904563,241,sound,make
306123,849,such,consider
619243,680,treat,exactly
1262204,955,ball,need
1312592,725,media,machine
1415841,818,point,its
922330,869,society,part
593442,766,rise,success
193162,796,year,forward
63313,682,yet,successful
352504,689,hair,I
1483236,414,shoulder,card
481224,443,learn,attorney
372887,775,weight,religious
1242075,903,recent,consumer
409339,747,to,improve
586247,604,fear,one
251421,505,address,fear
861394,32,cover,itself
658901,480,on,specific
621367,548,process,him
1150457,262,leave,mission
942087,289,method,despite
557361,232,tough,cost
1092007,72,today,red
580923,312,tough,especially
1214298,712,lead,artist
936034,912,candidate,economy
1155435,940,race,wife
443171,557,response,data
1330116,96,something,yourself
33284,638,because,easy
40440,449,section,plant
733726,628,dinner,family
117275,836,quality,thank
1427286,617,baby,mention
1405384,901,offer,usually
1168723,51,standard,lot
1497194,818,describe,responsibility
621611,233,degree,test
803327,889,TV,new
19886,144,computer,less
726782,94,space,factor
957168,564,look,often
1132048,46,land,member
909185,214,full,yeah
1145769,297,girl,feeling
1531332,665,training,whom
487811,180,article,station
1336384,264,education,growth
1108445,73,Mr,determine
564381,455,their,order
541599,764,gun,his
1039730,176,determine,hear
1439964,162,single,act
771038,956,attack,threat
110380,223,little,professional
413031,527,church,door
760366,813,carry,when
1346583,249,structure,the
812928,902,suffer,into
785548,386,building,business
517314,469,eat,office
281837,424,leave,cup
992210,625,Congress,leg
847137,141,collection,turn
1468333,302,air,left
385859,781,they,another
891450,309,water,thus
874200,972,identify,pattern
47217,256,expect,for
37142,717,green,support
829780,865,what,argue
355825,24,officer,none
601359,634,arm,artist
849075,434,simply,peace
1483868,640,administration,mention
1192692,283,able,how
994207,749,discussion,rule
671053,899,a,key
69714,97,control,argue
282470,792,decision,several
217535,99,safe,way
1054520,982,indicate,language
1506090,967,wall,too
781380,173,painting,woman
1169092,864,member,less
1517904,415,hear,huge
4461,155,process,door
1009455,338,heavy,toward
162259,966,image,produce
986516,109,government,natural
79443,457,at,according
1309556,530,wish,call
840077,552,example,interview
699453,667,for,free
1456485,455,year,guess
502239,686,ask,share
289228,18,believe,majority
1132267,776,show,explain
850048,535,every,state
784987,376,industry,expert
336412,343,finally,day
811605,821,travel,soldier
260207,316,national,catch
1357963,353,his,black
1426996,965,adult,dinner
453573,165,everything,style
159087,807,care,sound
729613,975,vote,lose
969552,489,American,phone
346040,805,walk,group
1302138,397,treat,want
653295,500,education,ground
1031712,117,serve,always
1056771,1000,purpose,see
668327,603,lawyer,between
482864,623,usually,particularly
199413,899,national,wear
367829,297,series,bank
1194357,579,nature,oil
63714,491,professor,clearly
207986,890,low,kid
1485163,75,list,rich
216536,522,step,send
606963,681,water,leave
1290846,809,find,yes
1128379,59,page,only
1133979,97,threat,near
110594,878,any,site
820925,417,mean,trial
40885,420,mind,style
1399938,670,little,serious
1149284,534,listen,debate
948830,811,majority,place
762275,70,simple,area
1426324,854,policy,floor
100508,169,book,stuff
1328705,89,week,family
1229922,641,road,woman
722821,637,low,sea
1133876,685,per,response
844591,101,help,happen
916219,105,red,win
343970,280,her,cut
1136991,781,president,street
831260,184,than,fly
556284,709,today,might
1440039,944,development,their
804115,354,whom,choice
991528,570,usually,water
199676,45,speak,early
840773,159,anything,PM
160947,89,military,protect
1030627,39,lose,just
194770,305,cut,major
748880,916,get,coach
155439,359,involve,industry
916347,575,husband,hundred
128187,809,coach,keep
1461760,442,treat,medical
547750,290,myself,similar
215218,851,Mrs,edge
1220094,216,perhaps,exist
992517,590,bad,employee
1339473,701,best,worry
495858,463,wait,Republican
305550,834,method,day
436333,667,front,bill
1212258,924,attack,arm
1538225,467,go,paper
1176510,153,that,fall
225939,328,clear,leader
195922,878,property,behind
1185353,108,term,option
103758,671,among,use
399750,906,charge,easy
1361971,112,anything,better
519996,757,born,stock
736044,160,chair,get
25151,402,court,pattern
522276,864,security,should
191296,542,strategy,throughout
111419,342,who,image
831429,44,improve,sound
775539,712,deal,government
1472031,26,past,cup
1493266,185,stay,explain
1103953,172,arm,forget
212367,952,prove,all
1238000,388,environment,go
1381756,563,future,health
694432,935,rise,leader
221636,897,plant,several
1203375,758,would,society
1111516,881,participant,food
779536,745,from,we
1497347,977,major,direction
287191,494,model,mention
318041,148,cultural,already
1141641,302,bank,speech
1395955,124,range,friend
883482,971,remember,high
254915,860,exist,stuff
827906,30,blue,shake
1461448,197,network,of
176469,418,west,help
809037,26,animal,under
164618,671,foreign,side
957003,618,employee,effect
759980,142,seek,list
132002,601,act,nearly
1293015,590,interesting,ready
677917,606,may,one
1360777,593,thing,star
56830,597,first,into
31560,634,foreign,stay
416466,595,senior,whose
230656,349,institution,nation
577314,736,necessary,financial
751278,39,certain,its
891603,913,car,tonight
148720,67,every,two
1246703,740,charge,its
1151057,177,raise,move
486296,119,stay,money
533453,229,can,test
225023,312,fish,weight
1416451,165,value,speech
380493,305,whatever,can
1476700,680,only,Republican
612064,667,church,far
1238838,383,eight,debate
1504408,798,investment,store
714206,910,sometimes,television
922661,32,gun,not
658392,93,investment,far
1312308,862,realize,teach
380209,144,Mr,feel
57230,459,audience,maintain
1392057,223,single,play
7934,696,necessary,information
345780,808,network,so
1451655,152,week,couple
567153,316,reduce,three
109790,468,tell,name
216305,599,seat,make
44189,898,drop,firm
864896,412,wind,bad
1159180,107,out,federal
984265,723,middle,take
1204530,208,base,address
897653,355,stop,minute
1083314,71,notice,and
1209800,609,up,they
426226,330,third,call
1263299,633,message,group
1142175,833,can,fall
250883,483,around,goal
215313,564,glass,doctor
1454162,55,thousand,dark
1505286,21,improve,difficult
947502,86,stay,head
1370282,638,not,two
1463617,259,what,community
437988,593,coach,since
446985,928,throughout,stand
192387,573,develop,ability
417411,116,although,need
643027,869,life,particular
493995,613,knowledge,tax
1067533,976,report,its
1414026,781,year,wait
1255682,253,responsibility,surface
1134721,575,kitchen,girl
1129008,313,choose,good
102509,572,guy,say
504252,999,visit,collection
107374,620,maybe,answer
344484,506,before,most
757014,59,figure,simply
256311,461,just,example
175583,987,tax,rise
822331,662,top,five
679078,704,suffer,occur
658509,448,mission,fast
196829,6,including,person
637661,716,method,since
717973,488,trade,reflect
610337,514,message,red
961524,631,nothing,senior
524452,117,certainly,recent
969771,29,dog,grow
780470,684,fear,however
214543,871,realize,quickly
1379229,52,but,organization
1152486,820,production,ability
1280809,621,stand,identify
1109200,666,into,tend
610902,795,perform,perform
1110434,523,skill,baby
878290,684,doctor,trouble
1453108,105,quality,town
363341,562,move,trip
1243763,249,time,remain
1277892,69,cup,include
165562,909,tend,myself
765839,253,cost,avoid
1519044,220,agent,join
594845,850,much,because
836423,886,amount,cup
1217412,725,affect,boy
153361,815,have,charge
509653,539,draw,campaign
1319387,223,speak,yourself
327919,992,bar,would
74269,603,garden,ball
94586,984,effort,production
1144103,781,southern,interview
1434520,329,step,perform
165238,183,radio,sure
211354,416,medical,involve
1330443,788,avoid,away
208301,504,sea,claim
1384103,691,point,religious
161611,362,understand,will
748576,964,article,with
1121257,578,peace,she
352580,844,spend,arrive
70707,27,last,employee
1431247,129,plant,arm
81678,631,leave,pretty
332130,634,thus,method
664452,544,summer,anyone
220216,539,spend,simply
352327,440,although,company
634315,84,staff,yard
416415,700,better,see
1166209,536,guess,pretty
3396,508,note,hair
1536778,848,yard,simply
571919,659,drug,operation
480802,475,part,performance
631544,301,community,politics
665410,24,improve,him
163638,447,each,exist
109920,417,chair,or
866267,563,though,enjoy
1326770,920,this,talk
371617,724,morning,me
33551,604,five,western
564030,335,check,exactly
197351,801,any,around
254991,617,list,some
504262,482,listen,develop
1247140,444,cover,gas
37013,142,indeed,seem
1443604,359,play,tax
1488756,966,society,rule
305541,173,claim,fear
132861,487,risk,image
389330,360,ground,cultural
1180529,75,industry,near
372823,667,at,once
1532289,858,American,speak
863404,878,include,see
1178714,352,suggest,already
1498970,604,accept,international
381939,755,half,already
67405,910,family,including
939678,419,would,so
337602,216,tough,also
1430800,211,role,star
332313,980,source,cup
618343,659,grow,at
1532957,318,worry,movement
270236,369,hospital,instead
1337716,322,candidate,suggest
1040601,790,cause,race
1070222,377,situation,cold
670927,445,former,develop
70358,575,paper,can
1348997,563,report,wall
1371340,870,rest,box
888369,770,indicate,citizen
653996,167,skill,director
1437358,453,with,find
344147,8,huge,wide
261312,315,fall,letter
538472,806,put,director
11843,605,account,couple
284475,360,place,whose
1017727,74,executive,prepare
443600,985,Democrat,responsibility
1005209,711,stuff,least
18995,834,citizen,whole
313215,613,owner,relationship
216720,151,ball,meeting
1096130,328,camera,seem
79370,405,window,item
299538,880,standard,fight
1371180,617,must,collection
221635,935,can,move
704319,597,government,land
1329890,88,law,student
550432,31,gun,improve
1442579,608,blue,east
883442,728,discuss,former
1217811,760,understand,energy
956203,520,every,war
719405,151,summer,because
205801,698,instead,involve
185557,728,hear,seat
580325,782,recognize,spend
140893,798,movie,site
1423448,363,enter,father
967668,945,important,herself
822689,637,parent,music
814283,489,open,season
1303209,654,back,Republican
704116,360,mean,all
784746,99,sing,meeting
133964,772,each,central
119059,551,reason,reality
77880,184,north,appear
1104933,115,item,Democrat
225928,342,seek,four
1504401,695,shake,policy
25612,962,cost,phone
756047,545,consumer,project
384634,904,class,understand
102834,714,modern,less
629371,10,medical,team
964933,823,various,TV
1294975,38,unit,single
1463417,199,conference,religious
1404628,183,civil,game
1047719,455,rule,later
1446432,715,process,issue
457592,228,former,meet
1257630,596,whether,oil
864483,885,artist,operation
521059,476,ahead,yard
271114,579,behavior,fish
1409665,719,election,their
355625,972,make,factor
587512,381,so,group
1159769,883,suggest,clear
255626,791,show,test
1220706,131,eight,remember
1389606,136,change,each
371578,63,necessary,song
1162096,15,final,every
1538318,321,table,we
545586,971,skin,generation
451438,672,yet,inside
1228125,897,assume,others
401632,936,throw,occur
326680,658,partner,site
544216,539,great,fear
251502,373,class,explain
257213,42,majority,Republican
107875,965,tough,sense
461008,610,growth,thank
861022,996,memory,citizen
973339,33,window,line
1128497,74,him,choose
1118370,409,method,painting
138338,200,easy,house
916021,355,forget,break
623454,513,daughter,economic
693359,785,you,return
1211227,329,music,trip
69666,336,whose,their
106695,7,capital,similar
315253,923,modern,value
1537137,507,water,memory
1394338,516,source,position
88960,85,election,view
945727,325,ball,entire
641782,698,us,perhaps
985256,687,activity,citizen
821562,720,team,audience
778346,115,hold,free
1387487,569,hospital,member
477150,178,and,game
1344593,95,indicate,name
946229,326,another,away
515370,116,fast,later
1403794,77,bring,long
1315661,490,late,official
490009,424,market,show
154277,611,old,view
1253882,16,rock,understand
284898,642,employee,red
1364838,609,must,pattern
545466,95,age,meet
747709,403,which,Mr
228889,882,again,determine
1155261,754,home,situation
166044,888,find,we
160693,421,rest,fast
766956,608,eight,capital
977876,32,least,black
1463386,503,growth,particular
942011,647,make,figure
487681,287,month,share
431172,22,goal,option
1417856,461,add,these
211830,855,pretty,admit
535645,979,so,country
486392,9,store,successful
707275,158,table,cup
323950,158,politics,paper
447227,718,lawyer,test
278688,9,summer,tell
230006,1,east,account
991264,946,black,whether
626640,893,idea,read
997978,988,history,most
221424,726,operation,that
1118435,432,change,between
939039,699,professional,security
1290536,759,argue,hospital
2824,357,account,foreign
728901,166,foot,chance
1478341,335,team,because
318852,707,raise,member
170849,848,stage,until
736693,671,defense,perform
256556,598,special,actually
701958,10,economic,piece
1413060,521,throughout,doctor
760789,470,lot,tell
1020864,525,beautiful,production
225066,566,name,return
1437778,908,sound,great
1069788,995,learn,ever
294773,995,offer,vote
832228,234,politics,foreign
1255076,383,production,national
313456,8,understand,energy
750553,398,visit,choose
193569,581,attention,owner
868203,359,knowledge,now
176260,443,sea,sense
1300822,526,claim,important
1536412,706,mind,man
967818,105,leave,language
1138494,387,information,go
1131965,219,young,concern
13194,569,administration,drive
1253881,458,hundred,upon
109129,848,everybody,new
783163,440,speak,white
187682,842,treatment,suggest
1025779,12,political,manager
971048,418,resource,early
176280,117,rather,force
946875,181,mother,participant
44854,20,exactly,business
556358,440,well,nation
690820,331,cold,various
1443634,593,require,side
1028040,608,time,check
226405,343,newspaper,these
1451259,90,decide,organization
1180332,973,the,bring
59615,665,necessary,believe
27865,958,end,push
775364,149,first,well
656114,705,American,court
484557,4,room,pick
127145,555,or,agree
177308,108,Republican,more
1503139,20,responsibility,act
1122678,113,article,relate
924380,394,article,concern
474603,602,line,though
888737,545,mission,feeling
1328970,938,can,fine
380463,802,age,fall
1161731,922,record,best
654528,554,yourself,ten
902294,989,senior,top
1280664,978,value,high
634152,729,citizen,often
1237456,588,really,recognize
834252,42,you,us
599767,832,really,increase
677933,397,special,simply
492064,632,recognize,at
54183,950,method,official
816999,892,information,physical
242862,419,short,view
690414,373,story,occur
999286,170,consumer,first
908554,235,first,street
562395,689,general,customer
955757,606,safe,travel
612113,241,central,begin
68644,419,seven,industry
621846,327,east,politics
1043432,439,choose,easy
1299183,151,low,serve
488054,547,administration,although
1397392,604,safe,gun
598804,112,suddenly,minute
1294436,657,part,nearly
279560,562,necessary,room
273219,929,glass,stand
1242883,421,collection,plant
1238568,9,traditional,her
336532,289,shoulder,Republican
449364,594,poor,represent
1328340,850,moment,huge
1349310,73,upon,area
1242562,231,citizen,often
454207,294,rule,fly
1411945,340,suggest,measure
1030550,144,day,paper
117414,491,theory,campaign
102557,484,leader,happy
239836,48,information,professor
165610,820,increase,old
376334,325,religious,beat
1455252,618,respond,do
333165,939,probably,wide
375934,948,upon,hold
1255171,120,hand,hear
801988,412,around,nothing
630045,810,involve,bit
856918,227,free,staff
143324,833,hope,tend
1206099,194,song,whole
288716,385,just,pay
670875,581,any,understand
1515993,603,environmental,clearly
121514,225,television,total
763217,650,business,camera
778100,109,main,young
159653,325,final,season
618034,165,year,them
486484,610,book,something
274943,145,field,event
13396,357,require,generation
635438,897,consider,fast
1179640,216,newspaper,eat
112668,78,sort,that
593402,544,near,form
315567,437,school,serious
1046323,644,race,hope
1172275,833,enter,threat
621497,169,check,glass
785430,319,dream,medical
405000,680,measure,family
870513,726,step,sound
1455620,811,exist,stop
572052,753,reveal,enjoy
1139684,54,camera,including
1482005,900,turn,easy
1328704,606,memory,window
1039083,909,herself,during
1201599,764,anyone,yourself
1321622,652,prepare,feeling
667801,377,hair,medical
929797,994,themselves,ask
443859,951,more,word
879480,822,community,better
1509032,855,this,stage
1071387,68,suggest,inside
1495165,652,future,couple
475464,597,local,enjoy
1144870,324,fly,my
966919,981,with,century
320782,208,especially,major
6806,297,last,song
392651,234,decide,degree
1236914,527,sure,skill
1517410,854,lot,whatever
546854,399,trial,free
1036112,599,both,difference
1175319,164,responsibility,statement
847811,164,myself,little
615186,661,security,share
636742,121,around,stock
198370,214,speech,six
239656,900,turn,mean
598564,529,consider,look
147344,313,news,culture
913307,938,score,large
739050,638,stock,movie
235911,256,even,million
1351220,84,camera,nature
830050,98,late,enter
1338528,116,technology,left
760620,779,painting,thank
557464,921,stuff,actually
1062332,239,official,score
745693,567,player,mention
734258,818,general,beat
734865,893,system,brother
1027299,11,its,eat
1483033,754,oil,but
1114180,794,between,if
77541,899,admit,school
199680,705,student,when
602289,331,cover,education
802081,463,everyone,majority
484166,214,popular,another
717344,137,maintain,director
1509673,755,others,bank
1343847,561,why,represent
29229,309,example,machine
1212374,32,bag,design
531633,446,if,brother
1157388,21,and,place
874960,10,war,hear
1118251,235,save,question
1353886,294,behind,next
1427889,974,concern,whole
559132,351,at,face
144083,772,cell,national
687363,429,type,process
439531,626,later,join
250222,615,of,end
894465,240,serve,resource
1502664,561,reach,language
124279,38,sense,property
1050517,560,agreement,everybody
916410,205,people,first
155634,598,democratic,foreign
743815,278,claim,industry
926990,277,allow,course
1169178,76,indicate,smile
922805,661,wait,matter
80964,616,effect,set
1035304,512,job,expect
1481226,867,information,college
502744,250,police,race
1072682,177,animal,onto
92382,862,central,former
837289,146,inside,single
1402793,236,say,painting
381023,727,fall,arrive
481973,607,city,such
140861,404,bank,age
1337656,589,or,political
970689,255,third,voice
120834,513,arm,front
197386,653,not,number
1508743,548,professor,its
1391859,845,audience,responsibility
811708,90,leave,stop
814665,993,most,election
184212,817,think,story
2752,75,light,personal
1361739,368,century,sense
1298542,1000,step,hard
117679,912,while,few
818113,1,success,our
301695,353,difference,nearly
530128,868,sit,style
1308395,2,poor,least
607683,184,bit,throw
237740,755,certainly,stand
962822,753,about,month
305579,243,draw,whose
1504229,135,city,instead
107192,254,money,book
1344346,611,nearly,market
25972,24,despite,house
779858,21,keep,nature
435616,943,better,PM
739707,433,success,hair
672617,152,there,you
158748,71,great,our
1216621,552,hour,pressure
944180,96,bill,exactly
1184854,965,while,room
964329,386,provide,population
458491,851,you,commercial
882444,921,air,trial
680398,505,something,treat
122953,119,thing,control
1493020,392,site,road
884627,434,others,bill
259529,637,million,culture
503755,178,role,lay
52925,258,election,increase
730638,873,down,international
932583,387,effort,member
112604,642,sell,fall
189983,772,morning,participant
940496,818,red,staff
695759,978,see,people
668607,743,candidate,beautiful
1327266,911,go,speech
1507533,432,their,wind
650351,276,collection,crime
523940,509,happy,store
828430,886,medical,on
887318,221,a,work
1429485,506,learn,box
600428,484,executive,police
210438,777,maybe,operation
967796,68,range,usually
847287,609,mother,world
62051,398,product,sometimes
1438044,403,experience,base
1518037,808,speak,practice
653144,548,boy,too
272377,223,painting,his
773937,623,vote,minute
158080,386,claim,always
1434438,932,two,we
528390,652,southern,future
111076,156,bank,tree
826017,710,after,win
488402,656,physical,government
538012,334,soon,number
949258,395,happen,sure
1392098,825,mission,office
755323,912,onto,teacher
1196953,146,dinner,my
626263,648,computer,first
343924,961,concern,within
1133072,992,garden,field
994657,665,public,easy
739154,528,baby,eat
250716,737,hand,follow
1265749,742,forward,knowledge
257970,923,allow,wish
1190825,480,sound,future
445704,980,ask,lose
294549,858,black,pattern
1182104,380,quality,mission
568946,170,study,tonight
700400,373,lawyer,life
457733,46,house,hair
973877,722,grow,morning
116474,874,garden,be
25891,855,piece,thus
498638,255,challenge,sign
935320,626,real,section
711684,431,international,something
579648,304,catch,billion
1416609,180,PM,ahead
551176,185,herself,couple
469970,329,present,term
1457615,371,strong,far
1350227,774,room,a
998003,981,morning,member
780455,762,risk,myself
443510,781,raise,central
71162,933,forget,per
963082,779,join,large
189109,326,physical,center
914911,572,light,forget
264142,355,cost,mother
342986,284,occur,report
772006,388,already,process
49053,715,determine,four
745866,489,most,seem
1158872,791,represent,field
862124,194,whole,discover
25573,201,move,bag
516187,32,trip,garden
980059,299,eye,third
192040,149,Republican,may
1341832,218,discover,hair
1379862,62,learn,know
200003,494,song,degree
1048842,646,guy,near
422394,852,require,raise
1301457,223,as,whom
916346,306,easy,break
1038263,553,hold,ground
269609,943,want,degree
1508926,797,serious,deep
82683,438,prevent,perform
1514730,341,fact,rich
801668,55,very,trip
549372,719,four,can
502712,522,report,either
176134,555,hour,really
1264244,175,themselves,past
725394,953,peace,market
1463500,113,big,with
458142,220,name,push
928725,432,field,message
1110256,96,sort,threat
537679,883,sing,cell
1536532,254,floor,professional
358169,853,size,require
341397,263,relationship,page
872940,686,blood,light
36096,312,here,mouth
1264006,571,answer,international
591428,661,system,experience
521871,984,whole,local
104290,397,step,forward
336143,527,nature,challenge
390127,832,forget,president
804184,197,phone,economy
137819,242,despite,young
1491573,136,candidate,sure
1248867,572,walk,agreement
14045,869,decision,worry
984353,574,try,final
1194831,146,either,old
21120,604,talk,behind
1000144,943,especially,story
668346,286,them,drop
10492,508,word,follow
1304401,650,operation,else
1365308,28,role,walk
969606,368,total,marriage
741421,203,fly,social
1314535,918,radio,right
915411,735,article,act
550850,474,newspaper,not
241534,558,nor,now
208860,824,easy,particular
1284009,892,then,you
182368,860,race,hot
1532081,835,address,people
27097,988,suffer,note
122694,594,growth,down
34079,457,standard,but
1516329,168,cost,mother
572995,754,relationship,force
617033,559,eye,physical
486888,523,the,exist
1260279,7,himself,rock
614468,533,past,wear
726977,782,religious,effect
940429,305,really,development
62488,275,purpose,science
577333,209,number,now
606977,392,personal,prepare
1254121,578,high,war
996451,514,pretty,service
82951,476,admit,push
733646,778,after,sometimes
1164703,254,store,machine
1526382,924,campaign,argue
316143,348,actually,rule
1207946,893,idea,reduce
724487,736,sure,work
1123058,870,lot,for
924936,612,figure,discover
600420,879,hard,raise
1452457,872,person,forget
1082473,114,above,activity
1169144,832,look,continue
871682,797,message,member
413994,804,however,glass
3721,72,western,feeling
614803,599,front,audience
1432420,303,young,talk
497756,977,family,against
1203602,806,room,network
84254,47,while,answer
593478,399,tree,collection
910916,942,red,civil
1348571,664,measure,month
854163,182,however,natural
898628,728,else,foot
686508,947,because,effect
457162,105,moment,war
1245998,917,accept,red
649859,397,young,national
93237,16,condition,team
1189362,410,piece,major
1462429,99,weight,season
52709,292,reach,whole
368308,253,sea,level
1420584,897,build,partner
731774,414,analysis,drop
1511596,880,structure,step
1321449,104,page,follow
1525634,19,agent,know
1139886,608,four,good
1464941,881,figure,participant
1301451,666,action,general
1344794,1,man,word
56578,873,able,simply
402584,920,field,difficult
1282471,691,east,her
1033017,922,young,do
668156,558,account,main
853789,355,coach,course
203803,83,manage,guess
1193484,922,son,democratic
198444,303,identify,capital
839514,805,dream,record
1313381,313,whole,debate
1453301,120,travel,threat
1490450,787,policy,point
43694,713,well,would
37024,498,front,interview
37224,221,expect,career
1172536,850,safe,feeling
924792,265,without,consumer
1181292,686,vote,task
1422295,337,politics,move
427122,243,organization,though
1060933,308,maybe,film
1398388,695,generation,true
1101244,81,traditional,security
141912,775,over,likely
811272,329,culture,bed
1305387,274,wish,fight
971734,413,any,across
1445942,798,game,suddenly
478542,541,somebody,strategy
778401,606,big,night
118025,296,various,him
1226460,867,seat,parent
391696,171,try,Congress
1018715,276,much,policy
1052922,802,issue,hospital
1259401,592,customer,compare
1381896,179,choose,yes
1090080,538,subject,also
158987,580,mean,thing
122446,59,son,sure
853936,28,back,conference
37289,525,again,soldier
192589,382,movement,later
447216,451,concern,as
1024031,695,institution,hear
932486,993,billion,natural
1433532,235,tree,fish
368029,23,usually,remain
999956,766,traditional,court
20889,40,author,care
836398,546,statement,material
186820,498,say,training
62585,779,occur,Mr
168289,669,agree,care
1322249,435,us,cultural
632055,632,establish,sound
301965,236,so,cause
140794,974,letter,our
217475,788,quite,record
1008630,653,list,star
481602,52,not,line
30861,963,sell,house
394368,550,true,hold
1046117,794,west,out
329534,291,necessary,second
690145,376,some,Mr
984769,733,those,campaign
1384390,664,nature,foreign
1061534,701,anyone,instead
734992,886,say,pattern
275332,509,but,forget
289489,697,important,tax
968383,642,phone,degree
606683,616,seat,other
1520323,767,ask,as
1164032,209,reason,high
197983,673,very,here
1268631,420,around,collection
1462939,802,fish,perform
569743,21,science,yet
794921,89,worker,reason
547906,176,woman,least
420616,528,despite,also
160978,976,feel,same
995430,864,number,company
54808,635,strategy,through
1430697,168,ground,culture
1158595,358,deep,open
545064,995,evening,rock
390931,200,once,green
500423,781,of,book
993580,757,make,on
21086,271,maybe,guess
393981,606,share,speak
1216220,68,such,fund
653341,156,figure,situation
1174587,819,before,leader
655239,566,cost,represent
665320,520,mouth,week
1006164,39,catch,easy
1339392,815,most,little
1364782,910,bed,lawyer
1505847,166,do,money
758383,557,return,actually
987737,500,growth,improve
169062,477,piece,drive
1053133,982,material,item
1176868,493,would,project
937103,615,share,play
466356,742,building,condition
684277,131,worry,job
647529,813,anything,someone
1248788,501,heavy,realize
978704,79,director,many
716967,444,yeah,cause
839393,819,remember,stock
965682,738,talk,remain
169216,137,item,prove
175754,464,beat,authority
1444961,205,great,through
844640,437,family,dinner
759276,174,let,if
144125,650,foot,statement
1399284,226,with,development
906660,673,throw,address
641175,27,west,level
434564,656,safe,billion
900329,581,special,career
926641,80,reason,against
1123658,567,option,husband
1382501,631,foreign,others
1100406,169,daughter,ball
438261,109,what,weight
1394908,509,room,night
317211,36,account,skin
292638,550,weight,form
76094,534,eat,man
976522,60,throw,fear
749149,160,person,hospital
157073,743,maybe,large
20098,172,education,difference
443269,892,popular,however
1355766,730,born,since
1483415,652,enough,capital
925087,486,manager,I
458291,364,use,rich
1074081,799,sell,high
1274118,511,shoulder,maintain
998431,908,play,week
1042367,593,imagine,describe
1317664,256,concern,early
1533694,485,reason,only
80746,867,direction,nation
221094,904,enjoy,kind
1240536,99,law,cultural
1087215,533,always,prove
1282338,589,serious,next
138425,343,born,save
741080,153,senior,maybe
157264,938,focus,certain
40070,991,those,ball
321199,612,then,treat
1503501,578,type,letter
173295,13,sometimes,weight
126703,912,memory,matter
1529646,583,policy,determine
328456,125,individual,any
1359640,570,particularly,baby
503051,683,but,third
1234061,576,drop,find
345896,239,outside,whom
649189,331,wall,color
42529,322,relationship,class
392977,40,while,democratic
824964,921,especially,training
1253141,863,official,a
1536492,933,defense,little
617816,718,condition,for
1212954,159,popular,small
1258751,668,wind,then
1243340,590,mention,teacher
59985,892,kind,short
18104,720,court,everyone
1374754,732,room,account
671502,241,town,picture
10307,378,they,foreign
365769,967,road,themselves
1464871,714,reduce,money
683372,794,mission,majority
350737,12,buy,yet
426811,161,here,feel
198075,188,life,crime
511730,805,cup,management
1143603,632,determine,space
271140,710,much,lose
1153999,110,and,wonder
1523971,701,science,election
1358338,92,simple,nation
997797,58,bad,wall
1201981,653,each,area
1412913,815,so,save
967578,855,necessary,stage
669374,407,choice,popular
390064,696,as,believe
541404,20,hair,pay
1136878,259,find,happen
1196687,212,society,can
1389299,628,five,artist
160730,405,nature,politics
617976,133,stay,PM
1082680,70,himself,fish
1036956,675,discussion,physical
757328,436,reason,by
915206,441,just,fly
332792,787,Congress,above
665957,273,benefit,where
260454,274,last,for
997449,62,individual,describe
113837,472,loss,ten
960243,99,society,southern
673354,837,indeed,difficult
930182,154,executive,win
618250,594,take,answer
950788,645,scene,citizen
531856,394,low,indicate
996955,567,yard,speech
486115,818,some,realize
771158,979,else,weight
1358345,684,specific,past
1024165,410,attorney,give
281355,348,final,continue
1316074,691,night,lay
176963,266,short,any
234565,137,time,three
1428574,700,road,different
432030,240,recent,customer
1415260,311,determine,ground
1127149,828,people,skill
1087505,844,watch,use
94080,817,allow,at
585618,285,describe,forward
109001,215,hospital,choice
493878,919,despite,church
1224332,265,television,focus
1166191,178,there,spring
1262889,411,happen,sometimes
1150064,276,teach,case
1151261,69,society,perhaps
1068441,83,back,push
939285,861,plant,claim
1006551,209,choice,create
132835,507,still,yes
629916,75,easy,necessary
1459732,303,long,brother
968946,413,ok,community
1062531,271,various,paper
101158,52,their,necessary
338765,41,full,report
942467,883,production,number
851237,447,stop,cultural
1087002,450,really,range
287402,276,local,say
1384811,34,popular,everyone
1517138,857,clearly,south
397931,232,significant,second
477320,289,through,long
858780,892,throw,food
866006,400,summer,free
726282,344,board,back
646705,218,understand,west
1108559,515,cell,rule
486375,747,early,movie
1058640,37,able,right
772869,65,week,possible
1196243,898,new,statement
60384,547,goal,kitchen
653356,478,away,recently
1133170,133,wish,thought
361573,608,describe,operation
1445034,336,decide,lead
1247993,681,population,measure
1092923,702,sense,write
519667,182,down,pressure
1058530,264,any,thus
827101,150,sure,himself
72603,358,serious,that
671101,589,trip,admit
1110732,122,authority,case
617466,553,federal,evidence
1389834,235,meeting,fact
1132435,767,cultural,certain
1011608,114,surface,yet
506384,172,pattern,best
130773,516,before,system
810325,764,process,key
857568,830,statement,south
1292469,599,especially,western
1085782,126,pass,center
339550,814,better,draw
532297,492,us,include
1444483,798,attack,much
197355,851,network,true
1174108,289,after,although
706587,535,final,spring
795509,90,those,ground
467048,770,develop,contain
32226,888,risk,response
1317504,430,hospital,unit
458032,826,clear,western
1248679,5,moment,share
1520709,193,west,car
942497,813,arm,quickly
1359357,937,represent,write
1432836,96,population,the
1184021,432,least,whom
737003,501,minute,consumer
363445,147,join,side
81376,620,wife,capital
1353590,831,form,ask
1453369,88,thousand,technology
1157679,633,chair,whose
593419,298,morning,remember
1165937,727,miss,help
322030,430,approach,time
243697,840,stock,answer
386240,852,I,born
600224,789,last,inside
943789,473,person,almost
342208,57,pretty,system
89715,352,manager,artist
776567,648,total,firm
345638,719,after,third
306385,988,course,defense
685185,990,similar,recent
836510,960,before,action
278558,562,property,seek
202440,19,leave,consider
405238,901,structure,girl
569636,970,middle,director
692787,902,success,political
132330,47,color,true
1027960,26,eye,lawyer
1194086,656,property,computer
704993,452,it,subject
1274948,868,fear,wonder
1183978,802,watch,imagine
697001,212,others,pretty
911448,611,keep,language
369287,482,scientist,control
1353579,293,on,party
762005,717,agent,present
486194,893,everybody,then
1354247,362,soldier,others
430059,160,hotel,task
479933,857,next,democratic
1186258,389,process,method
510181,20,thousand,yes
1125870,903,perform,physical
252564,745,even,still
728755,234,professional,specific
726369,472,until,son
880659,445,issue,tell
98914,558,effort,increase
1229909,249,entire,important
370235,919,affect,his
566709,663,sign,nothing
1069984,888,foreign,travel
990041,478,popular,woman
992691,856,their,matter
1475615,81,admit,director
802911,79,small,all
1300650,590,toward,chance
482877,327,relate,minute
160347,545,just,music
1398070,444,whole,dark
813974,682,green,learn
780587,703,field,according
1032573,435,attention,reach
133178,463,stage,high
1347744,577,follow,tax
704162,893,risk,situation
836601,933,team,past
1120100,922,join,structure
1399013,321,police,operation
285203,626,hospital,drive
1146238,266,shake,consider
1372077,262,chair,black
1326495,102,fast,court
964931,128,material,seven
370111,505,leave,body
292087,524,role,instead
931428,222,move,task
1507138,504,material,lawyer
1501416,34,before,guess
734410,197,it,same
454097,13,leader,top
947804,601,race,six
384283,431,specific,whom
1285417,117,window,mind
836840,823,more,doctor
28741,610,if,mean
1215805,233,trial,city
541747,630,give,order
442972,918,today,strategy
74713,377,small,check
557588,481,that,family
1175857,369,real,lawyer
1312153,949,without,see
960876,930,help,character
42253,781,may,section
1177281,321,no,perform
263110,92,walk,knowledge
360542,710,describe,dog
1513020,295,discussion,threat
161667,665,east,firm
385149,389,second,long
304803,36,detail,address
503126,969,law,statement
350141,436,certain,produce
1192691,541,world,throughout
1283164,89,defense,rest
611813,550,send,tree
276594,507,court,blue
1488954,865,cold,green
61005,65,away,push
939641,437,pass,growth
743380,441,name,back
1249952,170,table,clear
896324,537,across,true
104972,188,year,girl
1132702,378,base,politics
1327539,763,position,catch
627116,678,study,financial
691187,174,people,his
1478782,766,draw,everybody
440333,795,idea,focus
782322,763,since,able
193236,77,amount,interesting
1514310,404,child,law
330300,533,artist,water
226640,269,election,doctor
1433099,181,development,significant
1535549,969,third,so
992431,909,effort,worker
952760,238,first,check
1036355,372,benefit,fast
491523,564,win,lawyer
168962,785,part,professional
1340631,753,speak,quickly
1073228,707,major,cut
20287,894,hotel,low
1006201,348,guess,customer
472120,784,public,thought
542748,985,mother,concern
492405,816,development,result
157454,519,money,study
319911,301,office,region
1275594,712,lawyer,type
498369,368,traditional,area
478056,275,forget,west
613605,131,product,other
443695,521,perhaps,memory
476236,526,shoulder,thank
833642,58,quite,by
575706,217,indicate,likely
1264007,932,item,fund
43205,764,dark,seek
1102862,967,security,everyone
23290,381,foreign,allow
1044219,532,camera,and
106058,234,different,finish
225476,197,analysis,discuss
1339046,454,close,wait
405999,816,small,center
545450,209,same,image
1033662,505,among,trade
1001328,563,my,purpose
1512826,92,political,offer
287578,147,religious,expect
913216,462,step,figure
1262492,104,could,food
605438,604,effect,detail
325508,166,language,system
485577,719,break,certainly
414521,338,word,lay
291978,866,happy,dream
260956,180,pick,go
976711,608,concern,learn
121449,994,including,prove
1410427,706,item,successful
721014,242,business,cause
1530913,687,detail,also
600681,732,long,activity
550784,172,letter,choose
849897,551,age,party
803506,879,part,bill
356226,894,low,fast
1135341,978,detail,include
669136,218,key,truth
358572,231,fish,three
1374915,45,subject,husband
493542,455,black,instead
168725,237,contain,voice
1486317,72,young,believe
929934,118,letter,crime
594329,24,understand,herself
1358396,569,blood,main
1046468,415,to,statement
291001,475,close,for
722932,625,then,increase
1052936,225,recent,address
795552,894,throughout,room
1399929,316,move,gas
747796,184,door,television
1320349,676,should,skin
738224,628,upon,those
1060469,2,culture,could
456219,50,he,personal
963497,967,born,carry
450517,854,can,effort
388982,641,training,population
1053488,907,enter,vote
301812,490,oil,record
1304520,186,century,step
107739,504,pass,whom
290214,815,prove,want
800305,231,religious,employee
855678,188,black,war
691243,20,government,four
1474746,688,bring,leg
142128,307,peace,region
739344,828,price,middle
1280836,250,key,relate
132014,124,mind,little
125250,695,attention,whom
393647,807,young,material
361022,554,outside,imagine
681935,79,manager,claim
451871,66,word,military
855599,640,scientist,relationship
342004,88,science,early
845122,10,try,protect
1256218,698,tree,join
1479520,6,city,develop
1114389,956,book,itself
11820,186,color,move
534500,196,firm,say
975062,873,box,billion
144988,710,husband,difficult
867862,304,note,others
258614,751,memory,scientist
584589,324,day,benefit
520095,485,western,real
287917,608,sea,policy
1123420,625,star,sign
1045938,4,strategy,you
412980,834,hair,appear
427704,502,population,true
488232,571,age,crime
545706,977,sport,son
1294240,427,strategy,against
433132,563,road,attorney
287372,612,grow,truth
836245,807,sign,debate
277405,44,knowledge,west
1311683,667,action,training
1266805,181,simply,attention
1507263,17,century,you
422865,656,help,high
1284330,418,finally,natural
1401752,107,special,both
272051,127,close,real
174865,502,population,view
42993,525,summer,wonder
264279,688,recognize,employee
1125653,680,information,maybe
1053320,783,anything,where
1349870,948,nor,Republican
433597,276,direction,price
1300288,207,character,factor
745978,176,year,may
1221974,675,dream,key
680409,267,down,rich
1205628,864,similar,rise
69723,487,course,always
1001519,681,company,name
246247,976,remain,admit
635773,78,it,stage
236055,919,center,loss
1106918,885,half,race
1019896,62,should,pay
868715,967,message,plant
321306,467,suffer,early
433917,143,kid,behind
994168,387,feel,art
536670,93,young,fall
130974,578,mouth,international
702638,242,fund,business
519569,745,natural,however
1109253,470,share,material
1268006,718,them,account
575241,77,public,we
603124,887,dark,past
1404724,472,eight,bit
102500,347,training,must
732612,974,kitchen,huge
1097211,640,between,view
671281,121,clear,money
1406987,121,society,goal
468095,474,attention,collection
769696,285,word,drop
1318645,296,middle,certain
417212,224,wife,current
1147466,314,including,southern
1065852,733,instead,might
1281605,780,lead,play
96768,137,class,during
795344,476,today,face
89593,577,see,develop
1113558,363,late,himself
186243,661,ok,series
992589,62,practice,purpose
1006572,463,maybe,feeling
1404690,177,each,begin
203068,899,claim,baby
521416,773,hard,name
1165148,579,me,increase
1007969,236,appear,nice
100915,279,a,human
1178377,35,him,talk
430743,662,material,away
12077,509,think,by
1268823,317,be,within
430884,69,difficult,read
909893,844,so,ten
721093,289,quality,market
313765,637,want,risk
222739,746,factor,feeling
526097,70,apply,area
676862,476,four,wait
1173190,218,serve,rich
426128,236,different,decade
119830,696,rise,present
364566,182,move,garden
769358,29,and,know
953773,35,across,understand
154354,603,police,around
952857,622,member,public
139539,133,guess,which
527326,976,soldier,recently
639575,498,instead,newspaper
881196,368,not,military
867413,851,executive,half
1242543,573,head,land
202075,136,serve,town
1475107,663,recent,article
677210,289,he,ok
1074379,438,street,set
300201,958,understand,hospital
525540,728,able,specific
369618,823,town,medical
1196474,307,pretty,general
243990,237,rate,relate
1371986,61,address,actually
924738,856,which,show
1476505,863,purpose,walk
869419,313,agreement,method
188073,139,more,plant
1221526,672,mean,type
475220,793,day,up
1371283,785,design,child
666410,89,cost,far
98218,198,center,fear
1031482,677,two,team
431435,326,believe,direction
756468,566,green,consider
981512,632,place,fire
317048,83,point,including
1062029,431,raise,lawyer
89381,805,word,whose
298952,118,certain,kitchen
833229,604,among,word
1064072,767,voice,those
1033570,898,north,agent
934013,774,increase,here
408071,394,capital,court
18855,882,second,this
30767,911,treatment,teacher
1122318,125,ball,lawyer
1460357,408,choose,situation
1067413,5,already,remain
1101709,882,water,body
423908,140,trade,drive
1237532,262,happen,at
131325,682,management,investment
1007314,125,bank,either
512101,674,man,customer
94811,978,responsibility,election
1163441,375,cut,avoid
423179,782,about,collection
921441,393,whatever,find
1452763,840,anyone,full
1350552,988,these,star
56640,993,least,dark
715296,491,likely,beyond
1313860,279,beat,range
181904,148,public,sit
414094,483,heart,by
743134,357,his,where
817109,84,either,impact
551622,736,provide,food
965707,158,fight,someone
322280,63,political,free
276283,303,near,thing
1398691,557,environment,light
1239935,929,form,chance
1213724,751,in,physical
970733,505,risk,only
968257,859,parent,certain
744519,310,able,street
1398800,968,improve,identify
558597,637,line,response
773755,860,kind,behind
450439,820,whom,attention
98332,968,worker,parent
1445504,674,body,radio
212003,923,economy,professional
216612,813,situation,base
396746,102,order,style
844092,476,expect,those
1026287,613,administration,wide
1292530,803,activity,pressure
1101810,332,answer,professional
1373454,153,else,system
208617,116,century,phone
1310796,761,probably,parent
397678,820,investment,save
532694,500,rock,list
1077321,628,bank,exactly
728443,771,deal,big
886948,463,prepare,especially
1507627,226,fill,think
1226042,978,through,individual
1374457,681,perform,side
1434793,506,better,again
862552,513,for,woman
1356861,547,represent,capital
599347,769,box,clear
329526,503,poor,change
1380227,910,but,director
1122054,544,list,fire
1279245,148,child,do
1219839,124,star,international
189423,276,but,appear
254348,147,side,know
519181,719,your,entire
1164439,426,specific,information
1446415,132,success,Democrat
1159682,189,only,option
138698,871,story,huge
1298393,369,appear,lose
29706,547,idea,recently
262401,672,seat,point
1334549,366,however,as
1050570,705,most,represent
1012096,750,factor,subject
1027887,396,time,still
646187,36,history,agent
960954,635,film,consumer
1353863,750,response,newspaper
478341,271,lay,special
317805,697,weight,yard
1059450,157,manager,building
802866,860,land,team
1148036,371,newspaper,recognize
841502,498,if,specific
604028,104,blood,assume
1287154,570,staff,age
844503,884,eat,late
1086995,579,church,tough
746197,302,past,because
295119,674,big,effort
304972,944,raise,scientist
518780,518,act,church
198718,287,together,land
558710,972,recognize,ready
1240612,770,admit,after
1302659,933,carry,lawyer
677270,448,open,determine
486185,916,might,maintain
1527107,973,each,same
328025,718,blood,key
448694,277,all,visit
482443,803,term,learn
937725,226,investment,tough
1460261,215,authority,challenge
444544,845,development,return
1364268,684,picture,memory
50482,934,memory,nice
416774,615,help,gun
1026203,23,service,tough
464706,388,analysis,war
623762,923,record,consumer
30447,298,especially,foreign
1097767,122,training,end
441291,315,suddenly,point
1481314,338,leave,cup
1315539,822,address,into
456909,706,would,rise
1038499,954,find,attention
781643,640,personal,north
764701,891,interest,style
1038266,288,account,night
1279534,742,return,but
1394809,229,that,morning
745122,752,interview,make
643902,932,interview,half
1277465,941,line,everything
210920,125,order,voice
1130120,323,interview,single
446601,706,suddenly,through
1495916,132,eye,move
635950,480,station,service
1396555,8,down,attack
461959,672,ok,seem
968981,908,I,administration
298844,109,sport,small
1183637,802,test,fast
53635,210,affect,pass
514565,169,risk,him
255692,624,heart,shoulder
230903,151,require,take
997175,532,less,week
874081,789,fight,thus
345766,271,common,memory
468191,791,organization,or
1003645,858,election,involve
652176,818,service,yes
1022847,478,hair,require
151727,356,while,day
355472,501,knowledge,where
297647,520,trouble,move
777750,80,world,teacher
262814,817,still,peace
737627,406,past,personal
145750,487,loss,over
1318311,308,energy,let
1476601,73,claim,born
56202,277,science,rest
1155664,602,training,either
357080,112,ball,role
755539,617,somebody,specific
1118576,242,already,party
805006,732,forget,dream
1048086,658,happy,whom
534385,603,team,event
328736,250,prevent,fire
1186138,580,significant,who
857078,835,base,lead
391637,605,national,policy
1293122,93,single,wide
1478991,456,take,item
237683,889,or,assume
679793,262,benefit,ready
1392702,213,total,place
881788,28,manage,prevent
603992,797,explain,plan
1490205,783,attorney,seven
37358,500,remain,kid
281875,70,fear,bank
1103333,266,structure,man
697044,113,choose,democratic
1448967,581,free,consider
979507,52,story,professional
1528332,969,black,industry
819156,507,usually,field
250957,621,become,should
222205,77,social,inside
1171414,714,open,attack
197372,839,company,wait
1379286,435,computer,agree
1332817,933,tree,dog
269178,496,same,form
852133,693,behind,wind
1384415,642,popular,character
1314519,462,lead,travel
1474248,614,your,point
1489651,396,room,prevent
926017,27,institution,conference
691222,253,party,event
1449762,556,politics,than
1216086,46,likely,Mrs
1321731,637,east,scientist
354571,151,without,within
1369614,479,what,ask
1311289,401,above,him
1455015,684,responsibility,measure
1316543,939,scientist,evening
1035386,968,security,position
108621,371,agreement,senior
746634,986,court,computer
169315,820,clear,she
947948,195,right,election
1409440,265,customer,here
694220,856,go,old
79986,139,music,end
998297,719,kind,life
258154,616,painting,moment
180533,103,side,author
578493,570,perhaps,order
477728,239,safe,yard
899869,286,color,institution
443604,668,decade,political
54220,923,media,until
977989,536,agency,attention
266265,460,simple,senior
255963,98,relationship,item
26066,600,while,find
1444455,968,appear,paper
557535,768,pay,since
494037,827,nature,do
1363778,353,only,technology
263159,440,continue,Mrs
561331,703,short,their
1415887,980,water,very
677538,365,race,leave
361787,909,medical,ready
828512,686,behind,beat
1158145,781,lose,similar
501204,534,question,impact
1147559,453,wish,security
1016343,833,heavy,dog
526758,304,star,over
429515,95,purpose,rate
953526,106,above,magazine
1361725,51,national,often
474763,876,attention,half
750352,235,might,two
1020528,948,south,hand
185879,571,effect,night
1423809,319,next,individual
818392,461,piece,firm
510165,417,tree,decade
787439,746,like,little
939728,291,painting,work
25759,420,turn,so
1161847,416,thought,plant
1065144,793,live,sort
893125,702,include,or
1457102,892,product,debate
689833,228,better,brother
665732,348,brother,heavy
840213,656,discussion,although
321360,289,side,carry
1179866,304,how,heavy
530960,498,PM,hold
197357,790,hour,card
1071390,240,natural,others
51805,721,left,reduce
146963,537,catch,TV
497115,274,team,capital
1098396,977,three,general
16018,898,receive,good
840280,42,together,you
1401212,778,state,thousand
841893,910,base,design
1303932,900,firm,to
210998,964,general,him
1245523,580,role,allow
442575,783,situation,lawyer
1032988,541,lot,others
382850,304,body,sport
915466,567,still,environment
1005274,599,peace,much
677103,735,part,capital
804435,67,later,smile
1398999,236,improve,think
1266803,474,all,clearly
926600,489,huge,last
1265180,897,sister,although
1399312,917,brother,wall
175690,599,arrive,green
451370,349,soldier,realize
376907,241,tough,goal
592943,920,part,book
267339,1,seem,wait
845866,706,capital,whether
1377731,571,summer,tell
601317,226,threat,interview
583447,559,guess,prove
1527669,455,yard,tax
529961,988,politics,could
272016,553,involve,tough
1446136,48,water,skill
427469,902,easy,never
184713,431,share,wife
1186217,960,manager,far
299511,861,design,full
495491,827,fire,indicate
1369312,858,body,represent
807012,756,real,tree
682382,607,treat,down
1057716,305,live,agent
329898,410,list,simply
862116,935,have,decision
972363,944,may,doctor
1301571,119,make,person
420445,666,rise,ever
667146,762,to,form
588697,380,their,recognize
208445,3,ready,also
147914,353,cultural,without
1228251,21,citizen,son
531529,369,quality,truth
1446943,437,break,form
119118,927,green,argue
511261,888,heavy,daughter
568997,86,nor,likely
1344427,289,free,usually
1268273,879,along,night
944627,180,peace,discover
685416,520,fall,way
148958,106,article,us
1213760,482,find,street
785384,922,which,lose
63350,142,need,reflect
1424649,28,serve,plant
427891,842,which,push
1441466,109,give,less
1028432,98,measure,power
1347011,243,high,television
1339998,504,painting,begin
325706,793,citizen,occur
422301,153,many,rate
1534437,343,same,growth
1248760,520,cut,guy
1523238,435,music,perform
1049453,255,full,provide
184277,442,pattern,risk
229528,404,recent,material
1212617,623,recognize,former
62897,184,what,none
735542,967,family,relate
721171,424,prevent,on
1305388,667,marriage,woman
275429,664,recently,to
239599,592,kind,success
1417082,271,Mr,professional
1372606,538,three,today
1258962,895,organization,ten
598073,821,politics,prepare
171698,211,American,morning
1218622,777,carry,on
95896,682,now,task
988692,977,system,exactly
1469930,871,physical,up
1252746,264,hour,skin
413102,911,magazine,debate
1085569,367,ago,race
201826,535,reality,pull
409519,161,couple,responsibility
107357,6,floor,factor
178562,991,sit,yard
81374,915,ever,look
1502817,520,beat,agency
236285,547,director,effect
963656,772,music,either
1053847,214,authority,fear
441512,631,phone,hair
145485,38,institution,couple
505760,985,nearly,foreign
647795,797,PM,argue
1055902,481,worry,front
147490,787,must,future
337824,73,from,key
1184347,788,here,past
1039118,251,learn,positive
648615,503,central,get
941329,806,marriage,young
512710,492,TV,could
771451,406,whole,discover
605268,716,throw,more
1515512,598,player,position
1300724,180,whatever,range
756260,767,majority,star
522497,92,region,heart
779832,715,plant,consumer
1463641,937,position,serious
1474746,375,amount,assume
768084,885,me,often
1282683,366,election,entire
1534461,44,quality,when
374597,702,catch,produce
1101645,465,direction,never
213999,727,plant,natural
88274,953,result,us
1170082,888,agree,election
202261,223,form,radio
357978,209,movement,spend
245687,455,resource,key
1304803,575,medical,thought
141574,795,do,walk
1173818,592,with,friend
347585,146,participant,raise
1490094,13,start,woman
536618,629,participant,her
544297,371,media,Democrat
550937,852,note,away
18010,799,common,that
1353891,37,move,offer
1309786,703,foot,offer
1482834,104,everybody,pull
110949,60,senior,relate
1070000,710,help,enjoy
900024,323,return,child
1410156,466,role,majority
794469,247,may,prevent
712021,387,each,possible
1093194,856,candidate,fast
633098,366,minute,similar
1042877,797,of,report
1033601,354,before,message
675748,108,too,health
1191972,937,owner,term
652162,977,quickly,scene
31867,353,heavy,all
1039460,559,church,term
498293,739,general,dark
1171623,365,range,address
1148673,316,drug,team
78090,489,statement,pass
1064946,123,already,evidence
34509,203,life,area
618484,694,major,view
69091,146,fight,tax
1298271,302,black,issue
582238,818,dinner,everything
57649,173,church,office
870980,835,step,model
617800,199,color,structure
7765,919,price,crime
1204260,782,poor,act
152513,955,grow,goal
1400933,879,relationship,third
1488483,72,must,source
302524,942,as,last
346058,70,hand,full
700624,441,Congress,ever
41436,349,increase,according
1388077,255,station,indeed
1337965,465,develop,benefit
1126497,289,he,offer
1393405,534,responsibility,change
1121561,266,note,great
283857,206,discussion,every
1496617,914,never,finish
14865,963,alone,plan
951419,748,natural,home
436018,421,goal,door
576333,155,left,agent
487782,354,dream,pick
937751,236,even,at
916795,988,follow,each
755151,471,strong,article
720759,41,development,evening
1127320,90,present,maintain
833069,123,human,way
1111662,878,economic,woman
1140699,274,PM,artist
625282,179,imagine,into
176221,707,stand,seem
444127,657,point,inside
798393,267,Republican,rich
185576,431,senior,blood
367469,819,smile,someone
22880,644,less,figure
112020,408,respond,shoulder
1219387,594,fire,major
1004921,421,remember,single
193006,685,north,stock
841757,631,institution,also
495942,265,west,difficult
1457174,50,clearly,it
8487,169,agree,young
1314835,207,rise,modern
356207,569,so,young
370910,108,save,deal
1256396,404,improve,look
291787,693,husband,step
783439,594,thank,next
1308390,403,age,thousand
839042,907,computer,most
1027402,474,me,sing
658424,367,me,area
339549,518,the,seek
917986,589,center,why
902681,366,support,position
511320,930,behavior,consider
195356,581,black,safe
1189562,325,particular,walk
163574,606,purpose,size
754549,21,use,son
1369693,900,former,one
1111721,820,parent,main
429184,907,next,resource
1397312,591,defense,according
1037511,882,know,executive
1300186,149,world,it
576510,806,star,loss
367122,734,black,campaign
445149,756,time,common
1117964,762,focus,wear
882155,326,style,success
689857,65,but,discussion
67140,225,popular,some
3948,724,street,them
581952,735,phone,common
966826,808,democratic,teacher
1512251,718,before,worry
173974,130,adult,region
970122,569,central,some
1030797,445,agent,candidate
401875,632,hair,role
421029,406,its,hour
856551,712,the,drive
582044,976,build,student
1122378,537,certain,fund
1032796,134,note,no
492687,979,investment,science
198354,522,free,most
1127862,876,health,morning
1262649,87,accept,create
1289169,50,degree,approach
424957,234,real,treatment
702830,559,husband,poor
1520796,607,street,need
375416,891,gun,course
1286506,213,card,follow
510280,790,establish,good
897637,980,he,coach
115037,828,middle,century
1031194,283,large,where
1218902,344,center,group
912998,413,seem,culture
332426,213,take,challenge
175378,718,yeah,state
886364,754,class,physical
572488,941,without,beautiful
900620,912,current,human
1257082,611,sister,full
402329,196,space,character
671481,238,ground,yet
68268,376,short,too
376331,552,bill,account
141401,333,career,staff
59813,968,wish,recently
1186398,536,discussion,authority
913899,575,three,investment
1521038,498,page,fill
461754,53,exist,ready
1411227,83,out,ball
685231,389,voice,its
164951,636,hospital,plant
1367520,944,American,himself
1103345,18,former,safe
377622,466,do,sound
202740,808,consumer,describe
1504801,525,yourself,control
716488,676,radio,material
897454,557,particular,start
1188629,370,suffer,career
265073,242,form,first
780468,468,public,possible
1026874,180,choose,conference
436800,510,eight,affect
185239,561,way,light
550790,17,discussion,give
1118159,195,painting,four
1503390,324,camera,then
561927,12,beautiful,speech
801780,657,often,the
1096610,7,almost,southern
1348436,555,career,accept
208012,694,control,she
437852,141,by,member
23710,746,wear,notice
1448901,657,begin,soon
1460202,961,suggest,its
956085,29,develop,lose
1304196,594,hope,worry
617289,567,back,second
1227427,578,dinner,will
102727,213,indicate,law
597487,905,yard,most
1020103,233,against,impact
310294,724,author,on
1329244,914,society,series
653173,169,address,hit
1293966,851,seven,decision
210345,682,continue,approach
968586,822,become,economy
104251,703,without,democratic
280411,670,son,discover
948614,547,second,kind
1535987,444,thus,international
850994,689,can,against
1018930,420,skill,according
1415814,182,live,along
559335,624,level,consumer
239276,349,tonight,cold
524970,41,it,across
108765,177,senior,during
241167,503,include,miss
48561,271,care,decide
1355168,507,media,want
369316,598,own,put
318878,729,happen,magazine
792304,632,hope,teacher
1017333,244,personal,significant
277351,577,wife,audience
1428701,142,ask,rise
573709,143,serve,capital
866237,178,turn,dream
233516,834,we,simple
1126817,359,two,too
316730,271,decision,possible
91876,393,summer,economic
1225674,486,want,walk
70277,1,ability,shake
1288514,333,model,heavy
19191,925,value,knowledge
504959,457,green,black
238849,719,through,even
284901,336,affect,amount
450355,596,his,until
1192805,850,reduce,get
823687,950,challenge,blood
841921,723,fine,image
401772,499,now,always
895911,766,wife,nothing
301402,221,move,task
1451111,953,impact,report
419113,789,research,black
1366756,625,interview,fill
688129,375,newspaper,writer
636078,229,television,attack
602392,999,guess,thank
582551,378,expert,for
1260131,787,compare,able
408395,706,plant,purpose
1168056,358,agent,sister
1237743,747,strong,any
1275019,192,ahead,former
207736,346,executive,wish
1062940,111,pay,too
658745,379,analysis,fast
916373,580,dream,thought
249623,83,network,individual
322870,537,big,exist
681529,486,research,box
255732,237,try,character
373415,802,among,alone
1207207,90,chair,stay
335269,880,trouble,site
1364686,174,natural,most
512973,595,have,level
851975,150,certainly,appear
1366368,685,address,there
606042,957,turn,hit
842644,496,different,everybody
976461,209,address,ball
1234822,462,reality,wonder
753514,934,increase,local
83454,685,some,order
493042,691,ago,certain
1399410,723,fact,firm
165369,884,here,rule
361365,204,until,now
1352413,171,everybody,growth
3263,179,hot,education
406290,597,decide,action
359525,251,energy,military
1425207,445,career,piece
1351532,456,physical,quite
832293,827,rule,assume
390055,776,ever,check
1492657,864,window,interview
655894,782,cultural,information
56306,282,decide,market
978989,456,us,Mr
280608,818,participant,argue
1132433,984,mind,series
1100211,752,board,dream
835588,814,executive,ball
1016917,628,away,summer
429954,303,forward,carry
1261744,479,vote,reach
1138353,697,appear,cell
266885,752,down,western
719506,627,medical,without
1108199,763,fish,know
1234535,764,rest,this
321772,507,really,morning
691376,10,assume,account
1011174,775,financial,third
207036,350,they,somebody
1296278,892,investment,full
414271,768,I,no
752968,658,you,some
814506,672,fall,member
736905,452,during,store
382190,300,outside,nature
458552,665,race,church
1263968,848,hear,safe
1271195,347,address,marriage
3447,129,ever,simple
1027182,772,experience,effort
823048,873,son,full
666218,325,parent,professor
1178153,858,American,nation
216686,466,so,create
196204,988,type,before
1181059,775,commercial,military
949839,755,day,price
741911,310,close,many
61921,861,rule,during
941506,285,live,natural
689143,304,well,other
334947,826,brother,foot
672803,176,agent,wind
323982,440,six,beautiful
188986,381,affect,baby
1238302,297,executive,many
1210408,400,chance,five
246501,481,civil,team
645529,347,pull,age
491821,587,benefit,forward
243066,528,concern,street
1437251,90,fight,sell
1533426,934,yeah,worry
1503174,744,run,truth
241364,797,church,hour
1020819,841,situation,mean
721418,802,eight,and
693293,975,understand,receive
1355524,355,everyone,deep
1198997,159,herself,investment
1205711,1,general,mother
1006876,238,speak,born
564008,818,and,theory
1304636,169,billion,will
176758,484,medical,fish
231201,587,democratic,front
920969,783,southern,lose
861520,427,ability,increase
1391553,137,turn,church
810811,262,participant,along
1241600,976,free,professional
501529,676,guy,drug
562656,738,admit,hear
1393979,595,want,population
731245,924,remember,theory
1096193,419,play,western
711389,267,onto,science
1099438,239,provide,environmental
652364,927,network,item
1062171,567,southern,north
54839,599,various,serious
1022680,68,difference,safe
357349,50,away,attorney
1520497,186,produce,wish
1393547,729,top,their
1033040,459,mention,first
1059080,916,reduce,language
772248,273,student,table
333428,122,like,region
91097,812,a,shake
841529,763,give,leave
1122631,442,beautiful,our
10413,290,range,staff
927875,169,join,ground
348904,219,direction,kind
157069,386,so,remember
385095,108,say,those
1463267,633,goal,enter
157076,276,up,field
1088419,748,change,person
1442054,380,bill,officer
1056267,545,daughter,crime
210165,798,summer,now
895255,502,this,my
738056,575,station,blue
916012,417,leg,why
466549,264,arrive,side
1174891,794,speak,majority
280595,444,hotel,table
1048416,861,leader,near
658688,893,year,phone
705802,644,simply,purpose
130866,617,possible,free
1084608,26,quality,conference
982630,389,share,explain
318927,538,serious,number
622322,683,talk,bar
131897,884,cold,budget
1097473,32,there,bring
879113,226,style,capital
871904,834,mouth,yes
896888,218,go,alone
687030,153,what,argue
1118694,707,budget,important
916389,692,court,six
718288,959,share,lose
3066,593,specific,idea
266758,57,outside,somebody
1241028,841,record,assume
1381326,560,responsibility,six
1013951,895,information,want
1378837,413,tough,whose
1239830,722,sport,daughter
975163,118,well,sometimes
154888,418,occur,ability
1034144,90,language,draw
1054889,395,how,her
1520688,531,ten,test
511082,660,speak,down
598321,649,begin,up
737026,188,with,help
1141326,779,become,wide
211895,636,doctor,send
774687,165,hard,house
697620,382,help,city
717446,983,pay,truth
857071,201,its,establish
486123,105,health,no
852672,982,he,ahead
812339,786,forward,wife
1289189,131,eight,structure
1217461,460,despite,but
1442305,607,manage,now
1083377,20,already,best
374438,260,job,money
1089062,466,gun,pressure
405900,17,these,usually
1184522,341,meeting,themselves
509448,663,on,school
1344826,183,point,company
873166,514,day,past
1278536,771,simple,mind
1218231,957,into,reason
638563,60,well,government
1533496,52,necessary,as
457999,906,account,mind
1073163,312,walk,tend
1298956,983,bank,at
485674,591,third,may
20283,976,forward,great
107984,530,success,prepare
1445799,35,generation,personal
1302879,572,radio,play
937898,42,year,brother
112620,260,current,my
394235,895,girl,continue
1221421,477,force,nor
484627,711,couple,consider
1089626,515,write,girl
1093333,217,own,possible
1531712,110,agent,out
822296,659,among,degree
639434,963,reason,even
1402319,198,head,then
940505,623,sell,they
1478816,78,front,pull
192533,432,wait,peace
1194475,447,behavior,moment
128472,201,talk,stand
929451,303,house,join
925800,1000,indeed,you
1210828,161,business,ever
624811,415,like,nation
587869,706,cultural,form
3145,866,big,can
1357194,215,specific,hear
772786,143,item,price
463483,10,would,executive
1051020,515,sure,season
149853,3,might,Mrs
804385,736,much,friend
853020,256,require,specific
1037643,535,environment,show
1070037,770,any,sense
1342878,262,television,church
243065,287,fear,beat
675998,628,task,wish
1477077,571,stock,kitchen
992663,894,edge,see
274088,915,student,system
880084,463,draw,anything
1207098,301,red,voice
948861,34,show,community
6979,374,natural,store
746282,764,line,short
1317308,865,case,today
1294192,393,unit,rise
849235,73,game,plant
1096524,394,cell,gas
765984,468,chance,top
766197,217,assume,program
716836,745,case,majority
870562,722,build,turn
1126907,303,this,worry
1210477,180,tell,thus
70247,789,factor,capital
84662,975,opportunity,hold
1010680,127,example,contain
1402532,367,middle,sport
211076,5,similar,rate
917837,426,American,production
371960,127,practice,more
704448,472,amount,city
1492146,779,act,lead
1108744,442,try,need
1088668,135,security,attack
660819,131,yes,your
1247386,304,available,rule
528539,399,better,her
447031,244,need,couple
52937,733,unit,arrive
265521,189,fire,personal
169562,263,city,face
1335453,364,major,begin
80115,750,continue,thought
172621,717,bit,leave
324735,716,suggest,everyone
59266,335,wrong,worker
606578,226,agree,realize
460180,794,personal,those
235935,391,condition,of
994474,872,through,big
1187079,383,prevent,hospital
626476,287,machine,effect
741555,108,there,pay
1014198,44,stay,note
30810,534,election,if
313943,749,visit,open
370526,678,development,particularly
205807,507,cell,Republican
503167,163,visit,identify
1300616,292,discover,same
846516,912,growth,blue
1294958,807,or,skill
421494,872,none,notice
1256008,684,family,around
524013,652,almost,heavy
217437,441,mother,there
201298,949,visit,call
1427493,886,garden,perhaps
1426941,81,authority,perhaps
149414,726,thus,down
347324,155,stand,everyone
828362,481,loss,project
1027930,798,left,trip
1355179,268,direction,notice
1055531,663,space,note
181281,895,lose,law
893451,474,general,lay
1139943,178,town,argue
817236,84,page,itself
1425263,11,face,property
716898,989,fish,fine
927080,640,foreign,receive
1404179,319,street,heart
649056,856,focus,leave
15331,29,lead,thought
1341076,212,pick,particularly
113154,507,fire,page
865972,312,with,speak
791925,149,travel,building
941876,534,red,along
1029413,12,address,magazine
947194,802,ready,with
43183,610,staff,seek
399265,745,development,spend
301976,760,evening,environmental
1218188,313,identify,design
1515626,623,eye,together
1322506,505,fly,wide
841802,823,cause,successful
906926,756,fund,coach
397272,863,usually,draw
811751,914,activity,ask
1191532,948,full,Mr
971684,987,free,civil
410697,362,sense,any
323193,495,quite,fine
122133,817,level,assume
459212,47,evidence,then
1252238,151,choice,word
7866,692,whether,door
543310,258,force,situation
935146,815,why,bag
1013030,284,purpose,pattern
587260,421,word,what
370970,219,federal,born
238015,746,official,take
612241,539,sing,reason
239280,518,water,public
246983,63,effect,difference
819843,365,meeting,assume
122545,64,rate,record
271316,136,government,next
498854,844,record,food
549007,514,although,really
938133,562,decision,nor
595588,692,shake,president
937560,798,reach,be
408601,328,street,fear
1101247,463,effect,budget
150964,757,age,majority
1228646,801,end,must
65232,581,Congress,middle
141010,292,student,child
1326464,71,build,day
1365085,477,against,record
358478,190,argue,source
998778,832,bank,some
910390,302,billion,buy
551144,230,fund,effort
1279343,6,process,hold
614880,866,claim,capital
527715,369,thought,no
1251259,441,look,character
450236,571,without,business
641433,325,but,girl
620900,540,art,explain
870640,53,lawyer,pass
601438,268,above,coach
879933,297,memory,protect
925230,602,speak,both
1411540,544,those,painting
268827,990,seek,hard
1290206,842,sit,approach
1532549,848,science,production
741076,643,case,fill
787694,131,media,bit
644102,813,class,knowledge
1157261,853,bad,common
274081,907,animal,identify
1068271,525,during,lose
1439379,287,wait,imagine
769558,918,thing,involve
1125524,742,year,owner
854277,314,also,poor
1212484,68,senior,need
709406,627,after,try
1489170,112,business,tough
493393,729,build,traditional
867294,466,rise,likely
1497321,886,side,center
41437,177,message,skin
676045,471,success,wish
1369206,391,drop,instead
367422,128,line,environment
47665,425,billion,whose
414842,215,top,eat
515600,335,east,position
941185,518,pattern,professional
461602,696,plan,receive
204144,334,level,lawyer
1330253,220,great,industry
184226,655,series,security
505309,848,shake,local
1013323,569,training,practice
958360,30,project,offer
1481028,192,husband,suggest
969896,191,kind,near
277247,167,before,add
1201395,470,ground,them
867513,373,according,real
1214695,641,paper,such
692900,699,administration,year
192823,23,quite,nor
762950,699,thousand,American
523328,904,list,new
102900,120,again,everyone
403704,33,reality,leave
80929,139,law,modern
737728,261,begin,example
684000,487,per,arm
227381,859,hundred,set
139314,323,low,company
1328758,935,pass,play
1466547,565,others,lawyer
1172465,500,dream,until
61191,416,protect,majority
1378974,295,still,group
831172,405,social,with
1520873,946,else,out
671941,47,travel,look
714478,695,else,although
1520875,37,another,machine
708865,283,section,drug
1251439,813,indeed,us
138501,427,finally,stand
189398,972,true,require
1173028,840,medical,career
583581,73,record,specific
1066126,565,friend,similar
361332,784,image,season
520846,256,range,cultural
422512,974,individual,pass
528602,861,study,long
683151,954,the,arrive
1411887,197,lose,far
1456901,460,yard,east
1000706,29,analysis,increase
479292,675,class,her
1379391,482,recognize,able
228961,960,treatment,take
1111413,710,realize,order
622465,375,fear,door
819455,304,film,owner
1240172,429,cup,successful
1460432,158,successful,your
440078,20,television,organization
934082,623,total,effort
863721,651,determine,record
419177,176,meet,others
1318423,855,build,idea
1048619,493,strategy,capital
325923,68,deep,box
1069503,515,why,thousand
552296,222,wrong,clear
1329654,985,baby,speak
494688,602,national,energy
813908,322,on,analysis
267272,225,deal,determine
411279,227,figure,activity
322887,113,occur,worry
575055,583,thousand,food
1177122,865,win,trial
1338935,309,season,consumer
1015670,472,there,land
940696,681,clear,conference
388829,738,participant,building
1143476,665,drop,room
1058082,624,character,watch
732273,737,myself,station
1148897,445,rest,method
1312501,47,case,try
488453,821,blood,question
535132,965,issue,line
843378,104,since,thank
939514,346,evidence,cultural
537928,521,young,tax
1810,568,most,day
232760,281,benefit,race
1224526,808,role,quality
1049549,189,window,themselves
147114,877,side,authority
777493,24,individual,man
929829,501,upon,past
995149,951,customer,toward
975790,997,guy,goal
840105,396,purpose,as
745413,885,culture,size
629714,857,apply,describe
1516168,931,brother,build
215851,889,that,dinner
369293,337,save,late
881681,940,present,serve
815003,718,simple,him
527662,901,stage,range
538745,394,lot,process
1265761,828,force,need
893146,53,pattern,agreement
1432740,487,arm,source
1164769,976,picture,small
39175,985,effort,through
304714,620,base,situation
1234029,149,a,someone
1366460,565,plan,cultural
1212388,490,usually,include
235475,159,piece,put
356847,625,anyone,manager
59910,641,child,western
447516,817,already,yard
296188,349,sometimes,itself
937023,379,pressure,town
824691,592,sea,they
552404,621,feeling,myself
1020739,288,true,officer
400486,288,important,ready
767543,402,never,buy
922053,381,today,daughter
1047214,440,human,also
1192220,627,simply,dark
316245,799,herself,painting
1462478,413,one,major
459020,133,century,drug
84623,591,crime,cut
1089992,528,product,something
511662,329,nor,ground
1157867,949,go,blue
1012341,479,capital,never
262831,87,partner,peace
308658,73,eat,any
1098845,315,method,rule
792881,78,water,much
453620,634,national,and
250665,154,kid,ground
479989,601,money,computer
1308885,79,my,while
1046592,233,I,major
1480361,684,possible,we
644984,750,old,the
1458188,217,chair,situation
178458,845,than,cup
990871,316,view,walk
1082501,387,many,likely
334212,306,soon,kind
762618,859,economy,fact
425218,686,already,mention
377708,596,money,air
1249846,578,range,ready
1328395,315,eye,other
578070,594,task,upon
285980,60,every,theory
727708,720,everybody,town
1068204,560,recognize,collection
1194814,735,recent,half
580336,156,main,increase
1401460,302,room,whom
246518,644,trip,change
302544,819,oil,score
766825,137,any,effort
918602,909,music,huge
251565,760,go,door
372205,959,article,teach
1111166,942,teach,stuff
747151,940,knowledge,piece
543810,938,military,never
763566,363,agent,age
341552,866,hand,season
610610,814,leader,sign
1183373,179,of,notice
320315,832,better,data
539515,324,reduce,green
478903,679,cut,in
844745,621,note,view
323459,753,first,former
1276472,876,turn,entire
527896,769,everybody,become
355323,329,matter,environment
621232,399,red,world
277758,357,night,once
1327403,690,successful,later
500362,975,address,clearly
1245110,421,picture,among
1019777,637,common,try
63996,710,address,watch
1029867,171,business,hot
1321322,911,now,contain
1296268,437,past,pick
828064,548,very,this
707112,447,population,radio
637960,527,add,gun
229606,101,put,win
433220,720,since,office
1210160,63,bag,smile
727828,67,big,south
991101,187,development,such
499213,636,education,generation
1233347,547,employee,key
1249143,960,road,outside
900704,911,situation,race
1233133,200,available,difficult
1079489,771,nothing,current
611317,925,religious,analysis
810811,747,computer,impact
179294,701,gas,wish
3412,587,yet,kind
613895,627,agree,item
110580,496,try,sound
554595,401,stuff,out
607205,543,writer,catch
891323,37,college,police
1491930,235,form,group
1319237,1,music,benefit
1445293,6,apply,risk
269624,466,maintain,yeah
353829,240,finally,from
64622,88,begin,design
1241934,632,population,drug
601967,167,leg,two
1020715,296,approach,short
820485,312,million,process
564395,646,data,young
155252,773,identify,partner
1363595,221,tend,necessary
1418281,163,can,free
560820,657,appear,middle
534642,56,play,increase
531734,326,down,box
1217724,811,guess,clearly
934973,741,approach,outside
1126344,892,peace,me
711825,366,matter,Republican
13348,424,interesting,model
1117163,169,choose,international
792888,773,such,measure
247536,962,late,off
12494,672,live,finally
453302,1000,play,teacher
976488,640,almost,person
1163904,960,stop,nearly
703703,442,station,democratic
73550,612,view,special
371240,556,pick,risk
1309701,757,early,kind
1086593,793,push,picture
582137,305,million,mind
1189914,328,woman,father
712847,380,thought,wonder
1511363,999,article,station
1259182,665,fish,why
126794,986,difficult,cause
663358,360,worry,six
776834,452,your,all
1088405,905,suggest,still
929089,981,indicate,you
1440259,182,rule,nearly
775592,974,role,buy
133488,724,show,type
67196,161,employee,finally
512530,973,forget,help
962001,767,source,really
1043879,955,understand,deep
588267,639,week,western
195664,708,yourself,price
1194706,305,parent,church
390964,904,fine,none
755007,157,choose,send
232206,537,phone,business
1476152,898,trade,would
1259709,709,happy,though
850260,602,yard,perform
1274266,278,present,catch
1420524,946,heavy,begin
348405,57,catch,maintain
425489,802,budget,best
1420001,502,remember,specific
160700,275,benefit,scientist
645699,998,sort,week
1446570,397,generation,collection
1044214,295,drop,them
246157,264,as,scientist
1033033,921,to,plan
197469,843,support,service
1399144,876,suggest,meet
43141,727,entire,body
1501139,131,big,they
267556,64,president,lawyer
677635,73,culture,state
337092,710,about,person
847290,518,memory,represent
482335,407,should,carry
78171,402,great,stuff
1182632,436,machine,vote
667141,178,camera,catch
1421982,773,spend,necessary
985747,322,black,line
788546,412,build,such
1168395,421,foot,clearly
1017591,718,past,information
208664,160,though,financial
1318557,333,order,worker
1379058,97,none,current
1091251,147,institution,usually
629698,461,break,probably
398034,714,cup,see
10703,348,consider,agency
999345,676,figure,before
830398,533,section,today
302325,542,rest,rather
1427934,43,pull,theory
853348,701,nation,finally
532802,540,hour,staff
820691,578,personal,second
1041885,378,boy,improve
285199,636,term,find
1261081,360,truth,certain
134413,159,career,yourself
1204507,281,hear,data
1209650,808,how,hear
482425,454,drug,detail
1321995,867,cup,concern
562266,573,story,teacher
1270427,874,expert,Mr
1353329,13,administration,security
6815,582,southern,media
171766,671,decision,significant
585806,684,no,mission
293180,123,necessary,once
604595,583,discussion,last
920371,611,quite,apply
411169,603,wind,fund
1370486,335,career,lawyer
405389,468,tough,dinner
939739,877,state,design
1236161,385,tough,single
1108000,998,expert,yard
1433616,773,line,life
101744,48,head,ok
838642,490,send,pick
786022,591,heart,place
67015,134,party,consider
747779,789,add,treat
500104,904,law,card
561634,7,task,theory
623207,172,capital,measure
1379742,50,music,white
167444,454,under,speak
962990,135,win,media
783166,569,wide,provide
1519744,498,pretty,about
231988,769,manage,choice
402247,456,current,yard
393647,988,season,still
286458,239,product,decision
811591,990,perform,center
1514357,574,fish,it
682661,609,report,travel
1221930,838,drug,reveal
890699,722,forward,real
406584,27,fine,eye
621863,595,will,room
1369329,733,name,various
579290,435,interesting,detail
1383953,65,star,race
1327602,559,officer,method
86358,387,indeed,clear
1259589,903,always,her
762060,510,environmental,concern
537676,814,civil,organization
871808,795,before,six
181980,614,entire,type
474543,107,into,reason
336978,809,run,fine
963542,479,land,teach
516436,67,next,again
1313700,343,center,clearly
1430198,861,couple,party
405486,710,skin,inside
155057,435,arrive,agent
805944,328,stop,happen
305165,334,great,view
133324,581,use,fight
603845,494,serious,law
1026673,192,education,range
317551,674,not,other
36725,527,land,and
1304096,641,hair,appear
543072,558,year,explain
1438847,19,alone,left
970908,472,together,example
110109,952,assume,particularly
1405974,354,school,nice
510842,937,something,provide
989794,325,our,recently
587658,918,interesting,same
1149843,65,majority,another
326880,736,add,tend
164078,108,decision,price
862815,388,nor,find
649382,488,single,myself
516832,404,understand,white
1394849,778,case,social
1516594,486,we,lose
668256,67,guy,tend
1277967,463,most,begin
529501,924,street,part
863087,31,trouble,pressure
515768,806,between,include
512488,292,sell,mention
922145,370,individual,think
990002,782,suddenly,former
58883,353,about,help
688115,671,piece,sport
564723,373,blue,cover
564585,436,ability,audience
696769,734,smile,player
1119950,412,same,law
20257,1000,sometimes,itself
1308289,110,growth,too
606481,559,south,different
1305262,387,read,provide
32543,376,camera,enough
946180,284,less,easy
1341806,644,health,office
826181,522,small,ahead
1351321,769,clear,structure
78961,587,plant,believe
673800,375,about,actually
302479,951,or,first
998940,176,teacher,for
87405,48,field,responsibility
845925,297,air,soldier
1043263,124,energy,on
847852,432,general,wrong
418956,637,close,top
315141,311,beautiful,little
677883,395,play,court
510734,441,require,must
170802,558,matter,history
946215,667,be,by
1277225,275,man,investment
1311537,152,some,focus
578650,396,listen,room
1122808,361,fast,fund
782938,621,few,view
1339310,551,mention,heavy
1162977,80,respond,continue
725353,899,light,concern
815630,228,age,church
978490,750,white,thought
1000629,605,fact,defense
1271779,766,project,road
590408,262,boy,understand
979084,688,start,sing
192824,776,at,where
1178232,531,move,stage
374883,900,drive,wide
175630,230,word,agency
798834,962,evening,people
237226,439,support,sit
536997,39,perhaps,sell
746539,326,his,nor
894984,665,anyone,cultural
1355361,472,blue,line
1261518,459,range,little
1332988,257,audience,whether
891001,48,north,during
709466,671,go,value
1487776,410,he,without
608109,875,cold,sense
449276,249,product,major
593367,236,end,treatment
1433823,701,smile,fact
515333,201,happy,article
599521,871,wind,yeah
1345633,967,line,economic
1013909,887,me,hundred
1017680,754,early,nothing
774693,236,service,nature
1311740,857,method,mind
819342,402,space,well
590034,550,east,choice
331555,707,marriage,time
27671,809,know,thousand
305897,378,open,education
165325,785,if,thousand
1070680,713,lay,little
965983,234,none,approach
405692,873,conference,bit
1101998,384,whom,recently
991459,206,simply,mission
603326,119,mean,exactly
541352,566,draw,position
1109731,486,herself,apply
723279,726,tree,then
1215249,114,business,since
512243,77,store,include
898693,229,account,scene
105915,170,word,modern
858658,186,minute,improve
1138728,566,free,contain
1151561,592,should,when
912474,635,floor,last
115745,269,save,point
264435,192,answer,blood
1298110,244,family,write
158327,344,put,they
1239445,580,accept,leg
1139020,860,determine,whom
1419598,648,think,official
945885,267,scene,box
1361928,723,nation,hair
1195967,408,character,wind
292305,285,both,of
1446225,127,door,gas
1518308,377,quickly,partner
728858,4,president,fire
290277,717,very,appear
967669,291,red,door
209672,826,hear,summer
949307,177,seek,choice
179479,139,fine,measure
1325738,782,box,collection
56598,186,name,condition
871766,542,thousand,within
1199478,427,artist,note
1014836,245,somebody,value
1414506,576,nor,why
15204,931,agreement,type
391676,61,television,account
378533,170,trip,across
771843,382,large,each
1249178,209,concern,over
714540,846,PM,author
568479,372,open,quickly
839478,678,century,consider
972498,287,boy,capital
454634,486,appear,her
761936,217,show,piece
1226158,513,service,tough
1384958,179,world,voice
1493117,425,best,lead
742599,397,beyond,seven
1290046,844,live,practice
389795,105,ok,simple
990267,175,reflect,morning
1340290,277,theory,court
788229,820,price,feeling
69763,881,walk,goal
984785,792,painting,current
1459055,149,bad,fight
1477410,783,society,practice
1502746,289,property,significant
723076,144,author,political
811381,22,themselves,discover
592743,135,situation,will
1193511,889,explain,music
893951,556,mention,particularly
852499,456,hope,they
315525,983,relationship,here
1064661,679,involve,military
523710,636,activity,hand
1202443,127,what,whole
1027701,336,side,energy
1521850,415,whom,charge
194033,700,information,meeting
669065,627,total,agree
1167405,764,shake,claim
769154,306,baby,off
500384,263,state,evidence
925850,538,head,city
396575,315,follow,sister
542041,224,blue,often
1451874,600,ever,this
531915,669,improve,edge
176214,763,reflect,whole
324397,540,provide,girl
210662,890,operation,officer
272548,409,year,cut
1345855,384,during,represent
1276478,299,culture,top
860333,137,at,role
1142357,184,miss,with
61178,708,agent,brother
675435,303,window,middle
672466,613,political,image
43701,544,action,time
1243779,140,painting,letter
851762,897,senior,too
676581,828,series,glass
221897,974,rule,whose
1524196,873,strategy,foot
324401,833,move,religious
445828,224,service,test
532698,51,control,choose
30407,572,ahead,blood
292684,590,decide,type
478472,25,number,increase
483875,124,involve,after
50214,778,read,thousand
1420108,957,clear,toward
1121534,17,not,born
657824,94,table,figure
365847,460,describe,hundred
601601,93,sit,worry
854289,707,area,conference
655695,869,particular,material
686171,987,sport,face
1009148,256,move,remember
111434,350,interview,born
563544,674,onto,this
45595,398,media,left
1527686,254,debate,though
737436,39,purpose,debate
789419,367,that,particular
765044,5,teach,someone
867316,26,college,must
1531855,743,doctor,maybe
645636,703,newspaper,strong
1072863,989,movement,after
1287076,443,store,million
1476209,502,heart,world
1255406,837,morning,you
578283,753,west,skin
908960,966,front,rise
1071024,911,conference,finish
1307886,127,together,weight
583003,442,effect,key
972922,806,where,response
81632,871,democratic,as
529257,621,range,important
16890,910,ability,say
284113,401,quality,stuff
717863,871,decide,organization
1367047,519,address,growth
424850,91,there,social
230339,402,think,participant
1079880,283,democratic,bed
55247,846,night,leader
545044,65,white,crime
678315,64,thank,care
1082924,266,truth,rise
978324,515,wish,career
901385,89,traditional,player
491728,228,record,full
183622,136,task,million
986297,521,marriage,how
646037,260,glass,foreign
240893,16,alone,future
790815,980,pattern,case
224535,747,authority,today
233980,248,end,employee
1179888,773,record,soon
623121,929,bag,through
1011087,588,pattern,style
1360903,48,contain,money
426509,876,think,deal
443260,448,stay,world
1376002,86,dog,court
1073574,179,live,finally
281590,664,heavy,these
6532,880,manage,market
796839,442,try,lead
317153,421,enough,today
778192,505,onto,front
719847,400,certainly,whole
1323842,210,dinner,apply
1389141,744,method,certain
140969,8,tend,life
729530,909,practice,cultural
826564,721,thank,claim
462043,763,position,forget
424246,652,month,conference
737455,426,pay,full
665810,391,response,allow
258881,836,go,seat
1500484,739,rule,bar
489563,610,while,town
988074,119,expert,always
641967,448,third,child
1419916,853,out,near
741671,892,history,main
1249625,692,now,share
412527,380,type,seek
400770,975,little,north
852625,521,billion,fill
98777,67,this,somebody
982299,598,blue,discuss
1146002,827,may,remember
756247,755,role,station
1150969,553,reveal,matter
1490850,384,behavior,both
1258017,179,despite,road
133597,386,speech,girl
149763,16,meet,sport
1208825,959,threat,appear
481689,290,test,pay
664057,976,daughter,fire
141736,714,different,himself
254289,303,material,sign
1449007,464,training,every
1496426,556,less,clear
1020492,116,factor,economic
498756,809,less,chair
568228,92,should,research
742415,75,maintain,rise
511733,98,news,order
856849,975,capital,build
739824,911,truth,network
852198,860,contain,summer
542705,337,teach,view
1338252,683,week,ask
252173,392,deal,law
459190,829,their,off
486391,578,must,glass
385126,339,hospital,character
1118333,956,pick,local
501875,988,help,must
231663,301,against,life
1502654,677,test,share
842660,981,treatment,worker
384218,402,win,democratic
1025158,435,decade,bag
451916,25,prevent,live
1074730,294,me,may
629082,43,your,although
1221479,691,meet,behavior
223240,373,traditional,personal
1263859,766,surface,over
87400,519,someone,bed
1524891,760,no,five
609919,190,ready,none
788639,324,ago,drug
1433713,511,concern,various
1076372,828,although,prepare
1301741,274,rise,usually
248041,615,tree,record
617083,649,government,age
847188,890,each,garden
1363100,891,movement,foot
199317,183,middle,include
1511487,996,out,modern
1411669,51,rate,hard
530498,851,include,model
1230213,161,business,most
1203539,897,total,million
1227698,67,amount,year
961356,561,official,seat
1295660,720,security,amount
333174,423,responsibility,specific
1338856,436,painting,cold
1033709,659,position,whole
1322798,186,begin,ball
238923,720,type,recently
805790,790,bad,difficult
1509961,413,well,discover
499787,423,ahead,knowledge
729990,538,day,dark
343488,885,power,edge
681813,632,game,teach
1041217,155,simple,treatment
1264520,667,performance,cold
1134729,311,true,lay
276619,56,ok,simply
751998,946,life,discover
502610,689,health,site
810080,82,recent,wear
1411429,320,likely,society
1016343,77,seven,agreement
792953,494,nothing,station
716340,151,build,relate
1269276,524,trade,decision
1035280,785,table,party
594908,726,fear,everyone
654236,515,look,drop
1113018,473,set,even
631555,73,a,table
1328218,9,group,almost
1478929,947,idea,language
737428,537,of,central
755507,287,difficult,bit
147795,977,explain,focus
252306,269,officer,career
1435355,333,some,owner
994742,949,anything,arm
1088800,497,fall,necessary
585717,745,if,worry
94091,805,top,toward
795420,849,set,they
9632,799,return,down
916290,563,plan,behind
8689,23,fast,paper
732037,61,cover,from
706636,803,site,probably
314125,328,ok,boy
10628,691,talk,official
496078,295,sign,available
288716,760,may,strong
28758,71,daughter,around
1439939,707,Republican,pressure
424019,105,marriage,full
750758,408,tree,someone
1370028,325,risk,Mrs
349015,413,move,science
1274978,461,land,send
1289640,182,more,every
99645,740,example,sure
280719,106,leg,report
1261321,366,from,long
330457,655,up,those
1269195,844,drop,wear
360025,827,course,seem
537572,954,future,some
1240962,343,check,section
999030,574,believe,as
124527,173,special,line
1204361,472,threat,page
203772,89,participant,somebody
39386,646,store,outside
1038666,269,skin,exist
1458711,179,middle,lot
1241864,442,east,college
830861,540,top,someone
143772,377,system,woman
1046803,596,range,state
1443715,759,similar,memory
210406,344,still,challenge
16687,962,shake,Republican
319387,207,no,hospital
201671,568,far,trade
1384676,975,always,ever
491250,35,wall,few
1145493,96,weight,good
1336685,975,thousand,million
48804,3,mission,place
1149293,65,lay,side
525605,668,strategy,hot
1094491,642,according,south
1112359,219,cup,own
1181535,717,push,responsibility
727995,857,kid,box
887407,91,step,create
574188,499,American,writer
343667,760,across,structure
1398463,733,role,ask
1528932,428,here,partner
1334261,539,together,foot
993523,264,whatever,chance
1247020,857,quite,both
1492011,824,factor,east
425846,901,day,really
2509,745,value,when
1106743,500,foot,couple
794285,921,here,around
1339211,935,both,during
244469,185,direction,hundred
33956,945,prove,possible
1227740,595,type,deal
1137038,386,action,feel
246554,245,pass,leave
439809,72,behind,fund
1354835,668,wall,during
1183513,471,subject,beyond
404506,166,son,loss
1384512,940,maintain,movie
558787,472,close,soldier
452335,395,help,little
594681,720,simply,economy
642926,775,physical,move
191410,764,often,shoulder
345603,701,lose,go
1250412,2,already,really
249242,812,particular,dog
1350622,476,choice,yes
122593,958,arm,your
785553,331,value,respond
1328678,363,act,sport
211344,304,near,range
522890,492,task,it
466959,503,tree,hour
1020798,725,last,raise
419812,556,arrive,might
136175,549,enough,but
575375,608,feeling,either
1189470,161,serious,product
867176,19,seat,result
869741,63,board,think
657177,495,defense,it
126652,520,open,true
494252,7,although,stock
1229957,164,yes,take
622700,158,computer,rock
428497,714,land,morning
154782,255,then,police
423827,541,ever,mean
327475,543,TV,maintain
793131,871,voice,however
229295,970,case,anything
1309388,371,special,tax
1386357,632,present,also
216269,806,clear,view
266171,410,consider,much
434789,108,record,chance
611372,301,evening,sign
1084856,231,letter,brother
402570,64,table,approach
66059,792,hope,glass
489319,320,several,only
823301,734,bit,eight
324152,982,population,professor
1005322,458,or,generation
747872,143,religious,any
72212,552,more,indeed
1079149,117,perhaps,keep
1413994,370,while,book
1099003,28,election,out
593188,568,hot,watch
410236,946,direction,try
808236,697,yes,base
729827,521,play,nation
1208362,56,ten,nothing
185711,894,study,short
929596,250,stage,knowledge
992663,830,pattern,western
645232,286,world,need
888497,339,piece,movement
299275,671,item,spring
203007,743,lawyer,common
949616,525,guy,mean
580633,291,brother,big
646403,223,among,team
1152411,704,performance,its
623836,966,push,price
102713,847,least,keep
1392950,223,health,involve
537646,256,laugh,lay
172136,492,eight,bed
595398,778,company,raise
931777,490,war,between
1167287,491,chair,back
910990,467,but,scene
937772,645,five,already
183898,592,range,later
1275098,479,cup,quickly
1448782,768,pressure,also
925124,681,note,on
436239,924,weight,instead
1137635,381,involve,off
1308172,354,worry,represent
248523,102,fill,development
161236,227,mind,town
1158867,303,minute,current
32328,510,radio,thing
837529,816,goal,how
1206798,370,economy,official
385760,693,policy,peace
366176,103,second,beat
305280,992,down,piece
733339,454,garden,pull
948890,92,TV,stand
897341,259,off,dark
1433076,143,head,specific
60419,550,music,by
879397,356,city,president
900510,496,recently,week
1346130,938,situation,either
303122,177,understand,leg
58145,150,this,professional
1195733,101,free,main
1365516,465,politics,size
1121773,493,everything,agree
1377700,380,guess,through
582920,129,well,forget
125400,927,structure,loss
841002,773,foot,write
960835,881,fast,everybody
128078,179,light,response
735707,583,color,that
541171,273,try,magazine
394903,992,environment,hot
124694,298,near,specific
913380,319,cause,suggest
1053646,724,without,early
221567,888,campaign,major
1511183,169,staff,property
117268,295,civil,goal
685821,541,image,everyone
464766,431,but,interest
1353501,612,notice,situation
1195400,784,cold,player
441898,830,mouth,center
460238,307,including,student
324766,535,although,power
1492752,489,rest,item
579193,988,chair,card
25694,648,agree,crime
847999,918,recently,fish
1480291,143,task,suggest
1434427,43,population,public
1449568,240,area,former
172870,918,condition,finally
40701,935,production,old
1156240,749,can,act
964888,921,wait,attack
832769,960,control,get
1460241,98,for,force
133009,992,field,others
75052,915,air,down
85822,996,fly,seem
1530277,45,employee,although
1310591,479,them,forward
1501613,771,pick,industry
504938,515,step,answer
1476986,332,reduce,visit
1325305,43,finish,eight
807494,803,himself,experience
1164158,195,become,early
938017,500,young,worker
1015526,295,cultural,past
470502,988,election,drug
708070,81,more,her
1244620,579,unit,magazine
1148768,704,democratic,prove
1511647,830,something,president
388590,225,plant,film
171933,104,Mrs,quite
256957,641,check,perhaps
807359,426,law,enjoy
226012,758,talk,risk
158889,33,us,though
743518,151,herself,specific
779048,19,happen,right
39765,647,understand,someone
403297,980,show,space
1308699,908,order,threat
1470171,546,simple,little
1362811,606,near,scene
357786,379,couple,piece
1505286,353,glass,happy
824196,531,course,check
409640,211,option,most
1265866,857,own,relationship
372293,465,side,home
404296,655,interesting,across
561088,250,surface,between
309197,217,through,say
338546,55,even,hit
1178209,773,must,treatment
222753,379,modern,forget
354154,562,ok,investment
765491,129,travel,final
1504484,653,from,cover
176823,283,attorney,way
1331392,466,full,former
116720,849,executive,event
188947,229,unit,sea
864233,245,use,right
468306,846,go,key
507739,581,dog,own
928916,77,yes,red
950957,398,discuss,space
101868,448,bed,popular
998079,629,happy,thought
2552,597,if,field
1284560,349,realize,fish
771960,140,some,where
352378,711,onto,structure
249026,569,figure,property
1343364,297,commercial,religious
682962,907,report,shake
1513924,970,later,relationship
1039271,744,task,consumer
39622,174,second,return
564573,556,heart,enter
431678,549,player,environmental
552258,461,community,wall
844798,43,major,help
25707,692,attorney,language
817385,802,sit,feeling
411392,610,fine,fine
653095,820,experience,general
686035,219,whole,visit
792309,389,peace,try
1352699,641,when,onto
229666,902,reflect,report
61618,672,main,attorney
481183,388,wonder,thousand
272481,965,actually,two
303686,535,somebody,summer
787638,494,pay,hundred
1447793,207,clearly,Congress
701590,28,protect,society
879111,57,truth,there
1039545,203,final,about
972298,681,everybody,could
327230,376,decision,enter
1194560,955,dark,indicate
567274,673,enjoy,likely
1475206,761,identify,west
1500729,294,miss,several
1382609,411,seek,author
197925,112,simply,nothing
1083244,204,minute,agreement
317939,538,read,mission
1006690,817,behind,common
810234,20,what,which
1352723,634,company,scientist
274346,571,build,skin
63205,241,exist,open
451697,48,carry,large
1483676,104,expect,risk
1321647,637,senior,price
8695,780,store,moment
371764,418,activity,hotel
400604,963,floor,talk
914240,268,future,financial
820016,976,among,resource
255663,415,life,carry
542848,891,opportunity,right
283337,277,whether,share
1478507,82,form,hear
711634,973,watch,ahead
1460799,569,south,certainly
395326,116,resource,compare
1172407,885,beautiful,probably
1516752,821,business,two
1451369,648,which,bill
332260,720,country,whom
643561,207,leader,record
1492343,6,election,bit
117343,760,later,trade
1530957,508,news,home
921940,516,safe,heart
820295,23,together,majority
997250,454,key,seem
24418,558,political,who
1194381,459,surface,behavior
1515424,403,floor,onto
437952,492,society,source
1105415,108,own,expect
345638,339,coach,people
58117,120,challenge,simple
1083552,565,style,analysis
65005,793,very,wide
1362714,262,professor,resource
273248,9,financial,land
955086,507,than,agreement
1392523,642,country,everyone
841397,77,risk,take
1522497,243,interview,top
1022287,649,about,body
1014038,605,appear,buy
666900,39,traditional,speak
864292,36,for,someone
1263238,446,sea,far
1079661,602,per,think
19366,982,myself,open
1400929,995,day,born
1519991,250,current,start
511468,237,lay,order
653964,64,change,option
1314643,37,common,step
951376,18,build,nor
253802,846,close,mention
444263,308,well,direction
1002678,795,receive,easy
762406,151,discuss,truth
213103,176,floor,finally
123513,138,base,recently
310518,547,than,baby
1493588,855,from,total
842035,449,along,military
1538832,386,imagine,matter
1295920,982,indicate,structure
1307478,293,first,management
727842,34,base,protect
1120225,454,million,task
1228529,618,activity,forward
974881,383,future,involve
1305548,650,several,brother
71900,736,forget,idea
1203140,640,season,strong
1338263,709,probably,well
508176,1000,according,determine
1057380,452,very,organization
909446,883,rock,government
381976,568,spring,use
255793,176,president,newspaper
9531,778,personal,knowledge
1521043,706,start,whatever
1484549,24,care,office
1444494,930,account,system
798825,103,term,point
519992,743,coach,arrive
1481008,788,accept,theory
1019331,291,step,expect
780502,588,career,decade
1456675,892,everybody,gun
885231,357,pattern,hot
1530928,46,fill,training
582784,160,per,education
320572,353,future,red
1251634,259,this,final
340380,209,expert,feeling
642492,695,new,much
792851,134,price,live
513306,537,air,everyone
1260272,197,treatment,very
488792,288,include,pretty
67655,737,network,bit
996070,266,grow,where
825262,284,second,serve
300389,107,person,smile
708710,268,center,among
949567,794,top,over
381411,630,up,most
75519,500,and,perform
1485753,629,space,large
1219267,24,member,could
985890,187,red,social
360954,338,what,stage
1129927,655,small,year
1140555,441,a,hope
1507192,808,return,thank
1491204,393,next,security
889876,25,body,article
650962,74,thought,machine
583442,695,result,likely
312175,614,recent,military
1215863,542,miss,board
1443937,613,small,also
750323,873,eye,often
36140,687,Congress,modern
1060112,771,daughter,officer
342778,922,result,nice
971599,646,card,look
851481,967,cultural,decision
732252,444,teach,fish
1361617,737,information,yes
1134272,770,mind,smile
830360,226,after,plant
241951,872,standard,development
163557,686,near,amount
154070,958,important,different
1152616,521,into,room
768249,685,hour,religious
448431,448,former,edge
593120,633,against,bed
792066,166,painting,guy
958891,131,be,room
373329,258,really,natural
153122,10,green,trial
482201,190,radio,keep
220688,736,avoid,air
905597,637,city,under
1117758,28,him,speak
1189528,512,actually,college
735519,885,federal,point
1093189,728,serious,rise
1192336,747,wrong,surface
867157,460,administration,personal
1446164,101,herself,political
229715,956,effort,because
1350946,520,down,inside
1236875,48,responsibility,kitchen
501282,361,career,town
549666,245,particularly,them
80600,610,back,free
1323741,267,road,market
235777,203,reflect,candidate
998920,604,natural,face
365842,866,past,type
168308,273,everyone,right
682521,516,Mr,wish
1036682,338,single,significant
835565,606,reflect,owner
209307,825,bring,democratic
1251315,429,window,film
130533,758,bit,say
165501,790,modern,at
265050,402,age,major
872612,757,loss,few
5951,664,star,international
209748,534,oil,happen
389587,894,contain,response
887145,395,place,number
144560,6,important,study
104220,362,suddenly,fill
310819,590,since,eye
396592,97,sea,everybody
395973,169,yet,Mr
1224274,156,it,mouth
772292,772,various,suffer
507882,909,art,strategy
351872,815,operation,his
687992,631,table,wrong
1099501,648,receive,agree
383212,810,other,future
647308,343,entire,listen
520755,982,lose,possible
810810,902,morning,country
223984,207,sea,move
1238628,109,west,method
1128057,217,quite,final
1379406,769,able,brother
1498205,227,resource,daughter
135277,600,cause,charge
515733,219,skill,else
1488855,802,fund,keep
823315,112,media,art
686993,605,group,play
186884,451,many,body
704799,316,indicate,meet
708913,438,cost,morning
699018,750,on,apply
715164,800,early,big
1082314,435,mission,newspaper
1035571,612,modern,contain
810401,81,answer,feeling
748533,869,they,perform
498631,295,section,hair
1272809,369,design,serious
173019,388,car,security
960760,229,there,father
176978,958,phone,she
1246820,482,near,despite
1539800,253,activity,either
231941,685,manager,together
381756,445,class,past
145501,211,cause,friend
635187,175,open,present
1478470,404,woman,my
995410,202,sound,stand
24467,70,deep,democratic
546331,243,international,for
1444462,331,now,option
1494242,907,relate,bad
858268,619,size,help
442328,720,central,past
550166,754,wish,happy
148248,758,result,simple
1064560,468,try,position
114094,550,smile,tax
509201,759,two,husband
814984,426,she,various
1045706,53,commercial,be
504732,653,pick,event
1001547,18,degree,new
692313,994,memory,car
927876,227,around,open
532757,184,decide,hundred
908427,173,section,major
556651,738,sell,happen
1363954,563,up,try
815398,524,risk,country
446725,648,understand,eight
445117,591,month,front
225533,411,represent,agency
199083,453,base,sound
591018,349,commercial,office
1471148,458,site,ahead
864246,528,which,mother
81843,991,opportunity,among
932265,710,get,cover
4612,47,blue,magazine
867878,598,board,term
287062,807,not,then
8008,235,five,simple
1386910,581,happen,wear
151551,821,short,everybody
802549,410,scientist,magazine
725334,333,glass,smile
1230654,812,four,authority
179572,462,happy,site
492467,982,professor,usually
1206003,434,police,expert
348491,724,forget,should
923556,507,out,fish
1241801,310,do,support
1452811,285,despite,whole
256505,917,decade,pick
773998,691,magazine,reduce
1304308,894,south,also
325244,378,reveal,make
1357425,309,little,question
570945,694,weight,out
1155988,421,there,finally
1219452,668,study,thought
1142077,485,various,whose
682608,798,one,whatever
215586,937,current,produce
1058803,684,including,walk
549735,300,energy,rule
1280007,56,run,accept
460846,760,spend,dream
96926,803,follow,late
181805,282,for,central
26297,371,option,stuff
911037,838,short,study
81445,877,share,when
739621,535,ready,continue
302270,998,include,fast
1458533,844,family,life
1387834,828,more,too
1266164,720,worker,hair
1105388,603,enjoy,leader
184098,826,now,company
293935,671,forward,interview
1362871,540,art,president
366212,707,that,develop
1063980,553,book,book
1491956,168,team,local
1326988,143,pressure,too
552051,288,learn,people
1244778,60,effect,here
1339633,124,nature,prevent
390771,680,only,western
9816,708,kind,hold
1469323,981,attorney,they
458171,762,baby,nice
1106646,461,whole,election
208506,96,system,whole
44342,624,get,up
1467306,447,however,yeah
762853,451,decision,thousand
1415706,115,book,act
178645,73,financial,film
125235,97,too,beat
133966,173,little,school
785384,127,look,answer
78121,911,others,may
1235609,997,floor,cell
631740,981,side,until
668044,473,teach,price
176239,423,book,glass
51219,988,animal,son
29463,361,PM,rock
723239,677,go,firm
830509,103,thing,quickly
710618,70,mean,artist
1118611,391,memory,work
624771,294,show,kind
317423,980,very,guy
659669,136,matter,student
968170,626,economy,imagine
1073699,680,shake,business
1527249,521,building,lay
1082476,383,ball,develop
392254,86,blood,blood
743193,221,area,site
1488688,185,you,officer
168407,32,call,use
154906,473,Democrat,sit
1178178,93,full,wrong
544895,270,employee,west
697286,510,occur,itself
43049,671,pass,pass
1328022,457,these,side
765149,289,recently,thousand
1356870,540,institution,strong
1523710,391,material,space
767215,562,success,officer
1220886,81,Democrat,chair
606786,446,decision,tax
284784,524,cold,against
58790,486,wrong,city
401282,930,perform,town
316233,275,modern,media
1316073,297,American,business
1125003,88,arm,hospital
1040672,86,write,follow
1394261,180,institution,program
1458275,756,must,cell
588865,820,near,financial
1368879,491,whether,owner
575827,29,security,indeed
1408638,667,our,might
1201187,332,perhaps,west
1478574,266,into,see
224490,954,ok,find
1115006,695,enter,Democrat
1365862,391,billion,certainly
920826,344,part,forget
1087812,759,get,second
1273670,774,rich,simply
1409600,865,born,reality
793019,698,prepare,indicate
229030,889,ready,by
323020,747,include,meeting
410382,21,food,camera
299500,726,country,mother
466448,116,then,stuff
1108476,707,store,suddenly
154143,990,hard,follow
533902,334,form,ago
212874,247,space,standard
216155,197,partner,eye
15213,152,claim,exactly
1465098,59,candidate,generation
81949,708,candidate,language
1210989,960,write,administration
1458583,372,bank,study
1359710,309,policy,effort
1157406,144,role,between
910580,442,just,task
1350711,299,quickly,whatever
738949,95,kid,on
1118601,829,run,particularly
900070,616,open,own
408649,731,every,thus
336120,547,state,owner
623814,283,customer,prepare
1133765,446,improve,point
93179,668,can,maybe
554660,673,owner,project
1207499,511,worry,tend
359049,495,people,face
591028,2,off,thought
752763,32,money,rate
497746,667,ask,accept
489772,454,speech,over
593523,192,personal,partner
1117738,583,role,most
340334,212,within,cell
1119516,148,past,network
1273969,719,idea,old
1368387,284,continue,interesting
570153,519,account,hit
49052,480,candidate,material
1459848,792,not,mean
169357,106,rate,save
382667,940,write,look
730137,707,entire,suddenly
1490771,168,nearly,movement
653669,469,food,military
443634,790,thing,lawyer
622190,42,listen,individual
1185922,969,get,bad
1492104,973,yes,nation
733716,959,call,information
59178,460,art,study
919403,192,campaign,true
961335,686,degree,not
482956,51,officer,back
1249470,623,be,skin
1061897,473,save,beyond
1503886,357,son,political
207781,289,police,without
927629,584,current,growth
92623,335,resource,important
48145,120,condition,trial
1088265,138,develop,reduce
366272,504,detail,simple
1199385,206,place,enjoy
836078,408,conference,talk
20569,621,Mrs,design
384977,822,pay,beautiful
1425740,267,live,suggest
315575,718,quality,choose
169767,706,situation,miss
937538,929,ability,then
479624,167,per,send
1515357,13,staff,miss
978027,871,home,mind
1078630,729,environmental,fall
804323,513,particular,model
834477,568,budget,kid
607875,561,oil,must
128418,794,agree,those
1277120,252,arrive,nation
816933,607,in,choose
1007626,897,training,strategy
747894,121,arrive,well
1311987,417,record,born
297930,669,structure,Republican
512446,331,read,later
861176,225,Mrs,day
670944,312,partner,face
1533141,451,chance,indeed
24217,422,property,people
1418721,983,trip,indeed
1054276,583,age,charge
528812,592,tend,mission
916171,392,dinner,matter
63972,521,fear,lose
64771,822,teach,pretty
562715,153,lawyer,anything
515387,372,team,president
7771,623,director,degree
218644,819,join,especially
955888,535,body,window
342598,829,town,scientist
669343,357,after,sport
775979,831,stuff,gun
288297,765,discover,face
675099,412,friend,let
1258512,579,stage,structure
131739,382,street,together
146229,595,task,special
598061,870,drop,would
851896,582,necessary,onto
277997,375,carry,right
14981,510,billion,that
852168,327,beyond,outside
12844,22,let,minute
954133,772,left,stuff
949480,152,best,example
257039,494,include,strong
1000113,403,create,stuff
779840,381,paper,trade
1425120,95,probably,situation
279508,378,leader,a
1023710,325,rate,anyone
678448,941,everyone,crime
1135142,60,big,ready
1216255,907,that,in
705787,290,indicate,door
1151989,844,window,though
1314501,586,grow,stuff
768483,847,among,beautiful
633691,187,example,benefit
761838,590,admit,move
397546,362,six,possible
656712,189,prepare,new
665352,363,summer,military
1226321,78,analysis,scene
1081520,27,federal,result
425514,442,really,son
29702,754,want,describe
1070301,109,build,eye
1469234,91,you,report
1382722,260,interest,prove
394185,270,moment,control
511670,68,bad,guess
43364,353,good,offer
1487099,51,few,lay
745126,909,customer,industry
1322883,614,room,remember
192622,323,brother,near
382460,256,almost,reach
656880,92,most,some
1215050,867,simply,term
1321705,916,national,their
281031,321,hear,grow
1330379,703,care,middle
794368,282,late,simple
847275,11,move,just
411574,964,grow,wish
569415,232,wind,assume
189569,569,lay,level
1340307,733,cultural,outside
1430588,102,order,prove
241778,315,church,thus
817409,446,look,lay
294329,280,south,likely
828973,57,half,theory
884732,507,end,stay
463363,732,rule,change
491640,313,practice,explain
632426,952,food,year
130382,747,form,own
1510021,221,although,among
1175157,992,yeah,change
1327217,123,news,action
641387,655,check,card
152504,80,case,white
464766,580,staff,building
1399368,370,family,suffer
699731,415,apply,entire
1345317,389,religious,can
502755,197,central,side
1256707,370,various,would
1483957,985,ground,tax
1180592,772,cost,prevent
1210888,886,force,full
98049,730,herself,serve
1210785,781,everyone,short
955719,612,the,stock
94365,419,issue,near
1113647,198,area,blue
1240520,731,write,six
38442,551,rise,join
1432892,684,standard,require
1282886,229,technology,network
297791,540,not,would
736412,463,they,that
575157,660,rather,set
488784,173,join,because
1486981,386,case,hand
1418219,643,power,movement
214398,593,across,window
919907,619,school,view
861928,877,how,seat
1250713,804,college,position
240086,762,million,another
489980,538,design,especially
1110909,59,somebody,suggest
111396,661,well,leave
1305133,369,out,memory
500486,161,let,parent
1331998,913,she,how
311152,862,interesting,open
1142471,916,lead,every
1415115,662,east,participant
620359,690,response,owner
92097,155,list,wall
548153,315,property,truth
347880,94,win,good
1137765,910,law,environment
1132438,706,step,bar
392735,409,among,really
1148473,662,happy,though
1044842,819,happy,man
1059329,778,sense,mission
962415,375,million,increase
1005480,646,air,adult
243702,658,business,physical
1012444,379,crime,accept
335723,753,foreign,in
735400,612,ball,deep
840681,8,positive,operation
801660,998,operation,member
524083,608,language,peace
754463,156,list,plant
240350,128,study,wide
1041548,208,trip,to
102935,657,none,miss
979880,915,protect,me
543603,847,almost,body
1414608,51,send,national
674712,918,form,very
1078393,970,international,there
1366985,482,bring,beat
1214784,878,worry,whole
438749,404,answer,too
99477,995,marriage,season
1537348,966,which,design
263662,523,hotel,small
1418490,509,about,memory
809585,6,on,democratic
890969,520,condition,factor
802822,328,social,growth
745901,243,response,success
1281655,20,toward,her
944462,972,present,drive
1538978,490,unit,development
1205834,621,appear,to
526307,977,west,fast
431529,650,discuss,situation
482219,991,account,pull
1324243,169,whether,black
911766,804,professional,modern
120779,320,lead,perhaps
901191,18,nearly,plant
1067253,923,offer,car
980876,137,interest,heavy
1145076,309,fact,describe
1141620,900,opportunity,answer
843081,526,arrive,relationship
1397420,191,tonight,sometimes
167366,5,free,ask
287570,811,technology,see
1313808,503,feel,least
1151183,988,gas,place
481859,555,government,low
1216732,295,thank,feeling
1064541,383,pass,girl
517710,667,every,light
58517,555,teach,share
1479954,437,audience,watch
1015922,780,time,two
316302,647,travel,present
1082087,19,dark,until
683671,230,too,increase
645246,596,so,very
662194,82,specific,word
1303462,962,office,single
645069,499,tonight,whose
38157,911,president,suddenly
1220201,270,certainly,art
200443,373,common,environmental
760670,130,various,try
608952,743,media,gas
1239218,428,movement,son
1023538,589,member,or
92901,495,fight,religious
1477751,466,cover,onto
816342,346,risk,scientist
1335142,754,southern,cover
472905,444,teacher,management
1362955,829,exist,require
1400133,711,detail,shoulder
885155,866,truth,firm
1510106,180,world,tonight
914406,851,letter,different
377491,179,majority,talk
1357640,845,understand,weight
116427,798,type,than
78669,563,behind,production
151363,670,maintain,first
36535,695,teach,family
769840,424,window,also
847245,993,successful,doctor
864207,758,decide,number
931274,892,unit,help
41793,936,lawyer,crime
864533,593,true,partner
1232291,442,radio,because
503382,222,toward,because
1412127,63,measure,at
468039,929,team,this
40632,151,bad,mission
698559,405,after,suddenly
1171477,458,sell,decision
1025999,188,month,show
881356,450,dark,first
1105281,356,everyone,heart
580557,561,drop,gas
213660,685,often,world
614917,794,full,risk
1228987,268,what,black
1416655,987,tough,last
160714,742,save,night
1481291,902,why,learn
439683,771,which,out
188768,721,debate,sport
1292822,892,college,defense
1296717,736,heavy,sister
834706,688,imagine,training
1379795,154,look,degree
487484,414,public,gun
1035867,306,need,find
1463408,916,more,long
1070480,837,decision,hundred
292542,386,long,reality
1370745,262,take,such
515410,670,whom,citizen
973843,15,color,pull
643369,267,catch,will
378393,9,live,western
1062151,260,yet,interesting
1186370,835,turn,among
1353704,481,price,pay
170515,825,personal,fund
132260,252,lead,learn
537643,705,develop,him
1351363,455,sort,open
81550,12,election,Mrs
1456450,198,cover,catch
1243927,745,whom,future
1420128,612,generation,former
104003,188,stuff,fact
649626,352,politics,area
205330,3,everything,sit
1282510,607,few,understand
491838,161,suggest,able
499714,413,throw,general
798821,766,word,baby
293692,151,a,college
1141479,253,garden,quickly
362130,75,few,sense
428195,247,water,thank
831241,585,card,stay
585246,641,hot,probably
1358077,950,TV,street
3967,354,point,mind
1280119,291,debate,college
1414599,97,speech,writer
148133,567,treatment,herself
487432,487,even,one
1229446,571,parent,official
1135288,921,adult,remember
350992,872,employee,low
352968,431,miss,tell
1236528,571,whether,himself
922328,35,lose,raise
667078,32,including,environment
411959,932,future,ask
1503250,979,bank,indicate
536901,137,rule,happy
342978,961,small,ability
816836,880,population,tonight
1339119,222,rate,top
640520,181,develop,population
1524356,468,easy,toward
321092,221,second,trip
875773,42,defense,side
174142,495,building,health
1445047,812,computer,realize
1441545,192,though,ten
1378678,652,happy,organization
1052365,528,spend,your
774088,3,foreign,notice
1196971,203,central,star
178190,924,same,whatever
130301,417,or,development
143299,178,family,behavior
998523,442,vote,apply
874550,191,economy,friend
607114,27,increase,onto
1426617,485,true,structure
1246824,278,respond,financial
1528539,998,fire,kitchen
279440,874,culture,clear
746713,497,beautiful,form
158081,516,standard,type
1533606,404,kitchen,hope
1305973,200,less,someone
936262,430,employee,away
988531,437,these,bad
379732,995,hit,church
1298592,95,election,since
1471247,583,possible,knowledge
1295076,332,future,let
628870,257,information,couple
1487379,770,end,performance
167102,250,field,shoulder
395780,801,issue,customer
1452393,827,floor,lot
646457,648,must,western
1256156,683,four,minute
1484467,621,low,seven
901815,302,anyone,of
461663,331,many,stuff
1160830,975,national,little
309461,736,anything,big
270094,688,care,night
194229,27,also,partner
818647,901,section,religious
1449710,701,entire,summer
87734,478,soon,poor
427086,984,chance,occur
637885,202,maybe,nice
96705,902,ok,social
1186715,509,least,occur
1459345,74,decision,admit
1440996,436,garden,teacher
1112741,351,affect,rise
322435,799,five,American
323122,348,specific,read
656540,439,popular,outside
1319111,869,language,among
1424108,636,keep,let
844806,44,offer,ask
577110,647,anything,myself
365521,969,painting,tend
1431546,922,important,account
449750,383,about,draw
248108,967,sort,occur
1372605,5,fish,million
559499,492,smile,history
851363,91,add,democratic
607924,678,decision,study
308843,251,ten,poor
457118,640,else,drop
197493,591,expect,investment
1109258,880,consider,reach
679042,507,star,hour
19098,684,leg,society
984113,68,heart,him
1260814,378,television,realize
759802,702,machine,benefit
1482769,506,black,certainly
189945,225,follow,general
142183,348,detail,song
510468,329,shoulder,music
824895,738,most,career
328557,515,purpose,pull
35851,735,avoid,difficult
1529797,281,week,ball
1529140,574,sport,movement
375027,281,within,imagine
835243,347,money,election
1267571,56,the,author
687306,276,girl,charge
617073,281,save,drop
83190,992,tonight,official
806170,403,million,better
758026,273,watch,institution
589670,318,guy,miss
657423,636,break,kid
746663,150,use,discover
1173242,119,check,activity
738564,231,son,could
851029,886,important,it
327148,439,end,assume
882010,812,little,station
1261243,312,learn,baby
1493281,33,guy,professor
263725,908,physical,shake
90846,438,magazine,begin
1171808,98,team,business
76961,902,hot,suffer
171601,872,value,section
1363939,598,feel,teach
53467,428,order,budget
324179,554,opportunity,enough
562800,726,ready,trip
759489,187,around,whom
1316083,163,what,just
194988,585,mention,week
216688,798,interesting,as
1349580,271,heavy,ground
112400,283,who,without
669615,826,poor,challenge
825870,759,detail,mouth
1428729,939,serve,federal
1133802,881,require,my
541130,870,give,same
509972,109,when,research
256062,946,coach,party
1529574,587,little,crime
374310,722,expect,pattern
127178,376,wall,I
1179829,46,amount,away
345413,741,camera,around
1411852,963,draw,style
362357,805,sure,protect
1077002,293,shake,fine
1331113,677,yeah,bank
205011,343,require,reveal
119500,317,even,group
686806,912,officer,near
1042262,944,almost,sell
1283100,744,listen,drop
505410,261,reveal,apply
199610,15,future,couple
405451,545,girl,should
1116411,766,run,note
1017810,962,American,pick
446997,680,water,once
96283,954,school,dream
27246,879,office,activity
1188718,883,himself,under
962794,749,something,spring
1255103,27,carry,fish
386364,901,subject,beautiful
1227911,86,wind,live
325257,585,hear,on
1151812,580,order,she
1196691,673,laugh,herself
917331,981,where,not
722190,497,prepare,wear
234024,453,everyone,any
1222787,813,activity,paper
513931,587,from,thank
276928,934,before,add
127846,321,employee,body
177512,240,situation,song
109322,568,doctor,accept
545672,369,over,evidence
1509690,778,some,nothing
352367,702,sense,rather
263137,96,color,citizen
473630,579,simple,newspaper
167962,232,step,our
1148541,428,meet,fact
541819,113,determine,maybe
672146,25,risk,enter
531469,47,step,exactly
340402,351,end,a
441308,759,sing,rate
104056,273,image,spring
1081258,250,few,side
1184904,801,old,cost
1110445,924,manage,animal
1346048,314,imagine,street
1445768,650,major,how
645426,546,bed,media
1089470,957,trial,but
1165125,566,west,in
1422061,580,easy,mind
1221430,98,create,mention
1113136,718,admit,before
1422990,845,executive,bank
1017570,182,share,news
972034,846,front,cost
1173461,440,idea,him
1494431,869,none,compare
1525004,444,general,worker
1076506,843,southern,not
20118,581,mean,air
28079,306,bed,state
352319,576,likely,both
425441,52,wife,of
844346,464,third,series
311959,943,too,cup
537685,276,particularly,civil
579627,43,degree,performance
305033,845,do,across
752266,806,approach,hospital
1249257,532,factor,something
1161764,509,probably,hard
712115,526,yard,and
1286222,693,safe,or
622055,694,conference,standard
187116,887,free,reality
1374573,248,discussion,sort
1217368,167,election,individual
1509489,258,identify,name
747634,427,always,move
1150846,509,lay,notice
1370905,470,few,author
899,56,onto,recognize
788409,216,role,that
582663,788,speech,family
858373,497,ask,play
1263389,21,campaign,degree
1594,538,then,fear
502650,27,mother,involve
572696,412,subject,entire
1208627,72,look,compare
1092721,39,sing,admit
548560,192,great,hot
920252,14,even,camera
1309005,62,goal,people
1209455,885,purpose,so
168784,515,speak,city
782449,96,provide,increase
933696,591,admit,so
1147194,870,memory,stuff
784503,343,candidate,pattern
630635,822,on,many
295502,384,rate,become
321216,561,hospital,direction
339028,20,follow,type
1150483,195,growth,guy
594003,113,simple,report
29698,297,wish,trip
26077,72,instead,one
1177410,476,respond,hospital
1490389,298,edge,out
802802,697,war,another
17314,353,up,north
713516,636,page,here
919033,345,throughout,message
767802,993,do,church
571795,867,try,purpose
1083660,379,usually,leader
1324610,252,soon,thing
354581,366,body,statement
328200,327,mind,technology
1044826,152,rule,role
742718,43,TV,fall
369651,261,attorney,now
729111,496,window,forget
161730,377,final,pick
649148,371,part,inside
1421837,252,relate,both
1497070,915,music,building
747498,39,care,television
112916,989,treat,need
1510375,883,store,gun
29435,55,eye,claim
283141,666,against,affect
533088,115,raise,detail
1070821,49,difficult,pressure
1460837,991,black,politics
1474674,80,reflect,provide
1439239,391,say,call
302011,795,decide,different
968772,361,marriage,believe
90754,336,say,actually
18411,509,force,certain
121250,961,concern,material
276180,644,stuff,throw
791978,841,report,at
551189,109,gas,idea
1160452,334,commercial,happy
115700,234,close,back
73378,649,effect,several
1285768,944,large,include
488745,804,four,who
599959,201,discussion,reveal
1126574,443,happy,design
500035,867,put,send
1516682,736,tree,soldier
1323255,211,with,company
149899,149,late,cover
451436,157,ahead,return
594479,489,difficult,every
432786,598,minute,bed
1027057,242,start,each
1294174,349,student,reason
1352585,667,spring,another
1248114,661,catch,themselves
599867,259,money,begin
985030,947,candidate,program
1024700,832,arm,high
1004460,897,less,thank
715005,410,cut,building
1388597,764,structure,leader
931118,241,close,concern
806283,606,whole,recognize
1332443,232,price,him
17039,969,different,bar
571355,512,cell,recently
285588,37,professor,character
1412262,219,once,art
1234472,928,down,father
985454,790,back,age
465921,46,record,particularly
824760,953,grow,fast
1061523,528,expect,must
506547,769,of,see
262495,684,rich,owner
429470,884,they,deep
173954,230,could,green
1141371,528,particularly,scene
1478523,300,wait,there
444468,91,often,less
313293,794,region,require
737748,79,drop,think
565959,309,gun,daughter
948640,722,serious,cell
857186,680,clear,establish
68876,424,board,region
984212,985,job,weight
1316155,110,event,you
217994,9,lawyer,ago
922,91,sound,finally
913482,459,figure,end
74433,637,blue,apply
912929,20,cover,watch
1051688,165,agree,throw
921747,381,PM,matter
18748,636,nature,former
1080637,36,toward,campaign
277083,969,onto,beyond
882274,949,month,law
172032,969,city,rule
226418,688,compare,house
1173548,699,strategy,question
648033,714,buy,fill
838517,4,choose,question
322830,79,religious,cold
336414,970,south,manage
1050641,908,my,certain
1119700,738,someone,chair
598325,614,phone,action
48274,866,training,weight
192493,325,it,service
888923,629,education,determine
1275492,681,purpose,third
1216716,386,foreign,fine
430440,106,economic,south
953792,454,three,whether
777884,339,culture,wear
990786,445,color,program
1484898,876,however,every
1176692,195,cover,couple
98281,916,dinner,executive
816387,764,field,Mr
1392869,37,theory,training
838979,754,even,memory
1170432,245,sit,trip
1009117,338,address,miss
444756,639,sort,left
605813,212,spend,chair
147906,114,close,reach
162632,671,then,medical
887614,487,American,player
864146,470,number,dog
855618,108,nearly,body
44667,722,wife,improve
449165,976,high,evening
753423,254,give,let
519113,798,buy,notice
1349321,95,trip,my
171559,398,again,staff
497219,68,sing,good
1266190,403,detail,since
681772,450,look,too
1159549,981,class,up
828493,839,it,what
152573,941,avoid,tend
1078648,670,police,particularly
187929,657,section,same
128355,911,significant,arm
853962,111,book,might
722702,380,see,expert
1131299,547,our,again
1183377,376,thus,toward
1028634,140,fast,onto
61958,24,ground,more
666606,218,that,make
1313823,766,how,memory
340145,604,sometimes,police
686686,780,term,easy
24417,994,movie,model
258779,156,power,take
711727,100,those,wind
443322,346,you,nation
232238,537,by,training
397999,926,price,instead
211234,564,various,approach
321989,25,past,hard
1274797,677,news,experience
1526498,827,available,safe
246065,961,real,recently
548353,894,water,yard
985423,354,from,occur
853013,307,stand,leader
703003,77,skill,decision
848812,386,road,most
1102972,50,expect,one
1509934,624,idea,store
657472,666,free,well
933593,470,white,age
514455,220,effort,water
227663,107,ok,cultural
1438158,676,over,side
202436,72,system,certainly
26152,295,moment,minute
1221697,970,life,only
885247,488,factor,especially
1389275,691,human,know
885871,17,hot,central
357640,997,base,field
841073,859,despite,add
614751,380,citizen,production
413722,667,so,stop
347420,13,society,military
1401604,896,ground,total
863937,794,in,feeling
361983,578,exactly,sister
1104306,812,trip,listen
1465642,207,respond,call
1238226,7,bag,table
1564,767,wall,clear
1219966,203,interest,last
663145,886,people,space
79418,708,glass,guess
183513,61,child,wonder
374427,689,change,can
705273,382,offer,professor
944249,168,spend,according
1148532,198,fall,safe
1137257,237,whether,authority
1121893,31,forward,easy
1093797,956,model,example
322602,508,movement,character
559520,327,stay,wear
616948,994,matter,local
361453,720,control,cultural
173486,486,right,owner
1409642,861,give,approach
298911,102,pull,military
248053,599,avoid,ground
1019796,633,billion,glass
771606,228,say,fight
786369,432,usually,they
724581,644,travel,nature
683376,411,represent,husband
453563,442,occur,field
1376197,592,lose,next
12030,20,medical,name
1422095,880,available,early
1423908,160,choose,analysis
300141,684,hold,century
694752,622,table,item
1407048,177,building,seat
831434,434,arm,realize
836394,869,color,will
1101641,999,ask,consumer
909906,252,movie,base
91532,341,choose,these
668661,560,cost,water
784864,781,threat,citizen
667484,757,main,top
1248681,265,into,blue
1525147,385,record,consider
510825,780,strategy,wife
538238,377,through,challenge
457653,497,reduce,movement
86485,608,education,guess
1266855,494,ahead,focus
854951,607,explain,you
816293,540,keep,no
137024,870,central,win
1031977,71,trouble,table
1379461,833,direction,see
581234,783,meet,decade
879797,975,how,action
182295,186,moment,mother
1394243,811,year,central
1179328,330,that,where
1473298,472,memory,opportunity
179280,14,by,conference
1165781,628,official,human
1178205,206,quality,military
22271,661,yourself,respond
1330457,149,song,suggest
843341,801,including,can
165910,8,significant,field
1036710,861,hard,good
104932,363,miss,field
1190891,75,evidence,light
315993,87,should,only
953880,475,including,might
26945,890,field,today
57674,830,guy,for
820228,695,change,section
872694,425,here,inside
234135,426,I,suffer
1095316,167,compare,win
670239,440,him,reflect
1122816,786,single,compare
1305375,368,blood,million
511526,691,color,stuff
472093,892,test,her
294691,139,care,country
963448,381,thought,look
1159314,183,financial,bag
126597,812,policy,together
1236636,375,long,American
1121536,343,police,certainly
172718,580,eight,research
511193,832,huge,country
408070,378,campaign,unit
1489238,677,matter,control
886200,898,word,according
631192,436,community,memory
560589,47,wonder,wait
405979,548,Congress,soon
1358764,872,smile,fire
1392238,775,pay,push
525553,804,measure,social
1060873,337,leave,major
333869,696,blood,father
825418,751,physical,science
1458438,870,article,reduce
418601,479,record,friend
507003,690,become,us
1362184,32,receive,describe
1394876,575,general,condition
1531832,783,dinner,shoulder
1469856,711,question,follow
627749,387,condition,food
1443416,705,matter,protect
311651,659,discussion,vote
1169444,367,radio,single
411519,934,gas,thought
1436044,764,key,office
358171,940,various,realize
1139292,508,yeah,purpose
1376208,557,black,seek
1510487,950,agree,young
512362,923,ahead,would
1045653,174,when,huge
575457,170,camera,follow
173061,110,theory,society
1445986,659,Congress,hold
727334,304,service,billion
964793,554,talk,now
619257,441,artist,attack
150241,37,season,approach
719388,409,rock,suffer
1164710,458,thank,cup
716192,28,impact,skill
51082,984,by,system
134902,802,since,list
473392,541,party,painting
1092629,112,each,technology
971319,311,beautiful,down
830960,220,well,not
548311,293,project,wish
1267991,85,event,city
470829,544,mouth,clearly
912461,551,question,rate
875004,711,himself,appear
261915,950,concern,above
1374661,153,middle,similar
710302,397,reveal,the
72655,586,attention,usually
828736,400,road,just
1457763,586,laugh,too
1062468,61,tree,risk
119607,195,game,outside
1034025,838,actually,along
918164,733,PM,base
1442523,247,little,long
677257,174,spring,draw
1383804,100,fire,three
1126782,408,follow,plan
322771,24,actually,fill
1481373,684,case,guess
546669,497,Democrat,wear
431742,96,first,grow
176810,189,street,school
1367857,963,door,guy
798357,476,certain,we
952105,461,again,little
625140,447,all,thought
1253048,375,draw,store
880247,628,guess,put
1166491,231,set,vote
318466,585,year,think
216119,821,six,matter
1240562,142,hundred,head
609816,749,put,although
962161,550,present,mention
1160299,881,certainly,successful
919132,131,share,bank
510511,981,child,property
724139,834,it,news
665676,365,factor,same
723431,829,tough,lay
874392,726,guess,put
890431,20,operation,about
167157,187,condition,nothing
1349136,909,later,speech
1178312,467,ago,effect
184208,213,foreign,purpose
1422493,468,husband,network
592647,775,clear,one
503457,510,place,cultural
1414292,172,different,trouble
1315394,832,agree,cause
116840,638,wife,story
1148063,876,watch,way
1198104,242,put,yard
196783,923,question,couple
367561,904,in,idea
179067,858,certainly,like
872268,119,leave,bag
1538000,595,southern,process
1171490,961,all,away
188582,745,four,once
1201737,679,song,standard
929534,377,record,poor
650720,200,religious,face
824490,152,single,quickly
1233142,966,color,choose
939938,749,factor,these
1322152,916,model,stage
242200,417,charge,participant
763578,898,instead,couple
1332000,728,ground,use
801283,102,focus,thus
782531,541,son,candidate
681807,978,line,ball
813468,964,section,foot
955101,321,star,cost
1003624,45,voice,shoulder
113254,87,financial,support
80266,515,sister,marriage
347662,195,old,simply
1343924,190,writer,soldier
696206,305,rise,page
498244,729,president,message
448185,1,he,safe
1344762,586,but,girl
362872,137,happen,although
733652,856,which,east
170662,635,event,person
1154762,354,available,nearly
308451,522,citizen,half
1253805,283,despite,data
510391,913,among,bar
1082446,277,force,real
236503,1000,operation,me
1539735,625,hotel,industry
657547,208,reduce,fall
1025524,988,exist,election
12587,58,resource,start
97098,518,sport,material
1507177,428,too,factor
873686,61,up,approach
1538909,684,compare,when
962915,444,movie,serve
612818,634,candidate,leader
1356396,720,church,forward
1375552,317,again,test
740093,653,stay,require
1420736,274,easy,office
1014028,204,third,computer
869267,622,high,save
1161929,457,sense,option
203640,215,important,performance
150442,687,issue,brother
984699,927,get,current
975506,57,market,same
792004,797,music,wear
1138535,559,add,address
1519914,122,woman,check
843418,872,job,from
566802,819,base,health
1089889,435,listen,wife
1467809,862,should,again
649999,865,tough,detail
568085,711,various,arm
272712,58,skin,side
340578,224,start,want
185854,42,protect,add
663525,395,as,herself
806269,241,high,work
1279023,117,particularly,moment
1224741,406,only,line
648967,516,new,approach
1133713,668,Mr,dark
70835,400,imagine,future
1378094,86,picture,spend
1208959,60,drug,hospital
192347,777,talk,feeling
1100263,292,suddenly,PM
394378,521,five,radio
639931,926,anyone,seven
971958,510,white,nice
86809,621,where,standard
590451,574,star,both
157736,417,camera,assume
1130338,35,tell,better
1174572,791,sister,strategy
207849,161,allow,rule
1172927,417,officer,stage
831474,361,pay,live
540988,724,any,issue
1144074,283,relationship,tax
1466576,484,wait,smile
467695,471,meet,run
73654,589,sound,reveal
988427,628,two,particular
895721,676,coach,never
1498750,685,marriage,item
1368634,718,plan,whatever
637731,220,avoid,suggest
592129,487,plan,listen
1477483,484,until,fall
795521,36,knowledge,husband
782965,747,international,red
366283,310,spring,company
816336,736,father,whole
1419348,844,actually,from
1481553,558,leader,perhaps
813363,245,clear,level
547350,192,state,measure
1530256,897,civil,who
1385342,502,race,technology
193069,478,ever,success
1278753,104,attorney,eat
819,997,war,door
1037438,470,heavy,rich
492972,767,you,beautiful
51287,513,tough,single
971653,205,line,concern
26416,19,employee,least
217913,653,project,scientist
1285278,392,hotel,address
1360619,432,down,building
427369,479,our,size
1273818,749,church,left
593741,301,walk,where
247053,740,four,once
1283538,362,way,son
829218,842,now,style
1108478,561,let,possible
660307,844,old,quite
238643,232,could,know
1182292,769,also,message
1102217,559,there,wish
801222,470,plant,develop
1362202,672,skin,tonight
832705,480,now,understand
152381,134,participant,store
952458,367,design,eat
1334662,754,rest,environment
863086,754,politics,my
412617,541,sell,treat
688926,111,nature,quality
515819,210,tree,attorney
214007,832,address,activity
688437,156,artist,oil
1118502,637,draw,these
1211987,585,physical,able
1369490,293,strategy,hospital
817524,111,fund,one
1241211,89,level,recent
1344709,432,throw,would
1134477,72,gas,too
295011,270,employee,you
26515,25,wide,each
933399,126,church,grow
110875,499,security,join
33533,812,pick,every
1413670,510,apply,TV
1119996,633,exactly,us
785714,963,conference,opportunity
430948,146,these,military
1528633,350,cause,officer
438796,872,arrive,including
250838,642,space,without
219946,711,nice,once
801131,928,may,happen
756611,828,hit,leg
633142,708,account,bring
1009070,184,even,whole
1017890,905,direction,talk
15387,107,stop,up
707808,863,loss,front
99025,777,change,more
331468,208,single,agent
934623,268,although,model
482024,710,rate,pick
681223,323,month,full
188958,447,individual,member
1194563,952,top,include
443066,148,address,base
397766,547,statement,floor
540491,228,ground,officer
891335,730,street,painting
861969,163,trip,technology
667696,456,onto,soon
287806,737,movie,actually
487835,613,major,scene
436772,903,spring,remember
29040,206,itself,suggest
968243,957,when,simple
292677,337,against,couple
80567,238,reason,start
160946,986,local,truth
1324390,357,direction,market
528179,820,knowledge,chance
215416,163,military,since
881925,572,social,president
962134,933,foreign,fine
282509,544,day,follow
269773,204,claim,nature
274705,343,before,current
314602,801,often,western
719548,838,half,scientist
733298,374,cold,entire
838826,146,health,pass
1404868,180,political,will
363264,22,out,across
123459,431,become,almost
996770,626,among,subject
1287796,830,kid,wide
810078,689,wife,perform
1471314,109,necessary,without
447725,529,bit,teacher
1399010,140,of,fire
547928,27,moment,religious
1325624,286,line,far
269868,977,policy,she
1460119,874,issue,trip
369908,487,heavy,hand
570633,414,interest,everybody
1264908,26,save,three
193571,361,each,result
861411,945,look,event
878970,811,issue,smile
1092370,258,decide,property
790766,491,two,relate
140747,620,treatment,something
52358,760,break,trouble
466411,558,worker,instead
909538,814,score,reach
226464,920,expect,many
399759,292,be,continue
259691,474,society,catch
1453321,447,white,soldier
782459,453,dark,PM
1101655,156,phone,set
489443,845,product,white
887563,793,expect,center
981342,291,bag,table
788120,987,form,create
851364,757,remember,business
1464173,282,play,offer
178025,49,fire,first
838249,426,quite,now
758483,378,learn,agent
775057,100,power,key
781987,578,him,work
1319249,730,attorney,we
881657,271,business,three
1157336,385,change,so
960939,246,friend,including
1437972,367,cost,low
498782,584,Mrs,information
102080,708,break,the
1469739,318,expect,audience
1318641,350,live,Congress
95379,325,quality,budget
562574,519,note,direction
1115817,776,case,tonight
702034,501,listen,behind
998803,754,ability,concern
912686,391,ten,PM
741381,797,popular,well
764563,213,behavior,walk
968166,4,attack,like
728753,538,customer,law
1143119,204,road,couple
953796,912,blue,crime
1095287,577,involve,team
1527592,949,party,part
127968,692,particular,discuss
80193,977,large,most
1453905,99,discussion,walk
425280,257,fly,computer
311889,708,let,produce
1751,280,PM,past
239267,965,management,really
446021,126,north,support
60910,647,economy,size
1110591,370,decade,listen
428762,364,week,allow
1238599,339,money,cultural
1065854,862,other,short
1207506,72,traditional,voice
1501461,731,wrong,hit
360039,724,word,deep
145600,371,level,song
1034903,546,mention,we
98531,309,full,main
38148,528,choose,eye
722541,430,range,heavy
868145,119,husband,method
710795,409,instead,science
1448270,821,quickly,anyone
675343,341,husband,fund
1003996,629,marriage,more
312073,496,make,parent
482397,778,upon,whom
46447,822,win,beat
656862,688,respond,issue
102440,987,college,wife
844360,768,president,move
894022,907,group,out
970680,994,brother,east
1216234,772,medical,organization
1256080,347,wind,evening
714720,716,forget,general
477132,71,however,party
677155,495,fear,eight
730503,927,dream,family
672873,669,stock,newspaper
107382,395,television,expect
688388,564,much,life
304103,841,dream,music
803506,854,must,strategy
1212593,460,lose,include
212773,573,always,benefit
458014,121,try,create
866000,696,article,from
1476259,171,list,actually
391824,554,deep,very
986053,758,compare,return
768218,113,floor,majority
1393897,186,across,order
101986,15,standard,daughter
1196931,189,story,who
20362,258,sign,ask
1481384,261,hair,customer
328214,201,education,such
1456814,583,leave,character
453528,246,create,hard
738347,554,charge,hit
81069,63,reach,live
66600,650,sense,doctor
631861,842,down,few
386967,373,system,foot
1262816,751,sit,federal
1082485,471,chance,check
594672,733,task,affect
1046403,855,good,play
911252,705,must,trade
1407381,68,mouth,artist
334424,406,whatever,majority
925194,722,maintain,out
257061,355,enter,move
531713,236,take,identify
1223865,209,field,property
1516291,945,back,teach
1404704,620,fear,form
377801,435,increase,method
1193045,753,seem,beat
382293,780,name,which
755742,145,what,hair
1456824,255,officer,when
1265627,246,product,Republican
946093,965,style,right
1533051,138,per,choose
1012982,437,than,then
992654,71,movement,my
1163376,801,late,sometimes
262046,595,develop,institution
1352496,931,hotel,public
871686,696,thousand,reveal
752619,649,low,than
77264,480,political,goal
896202,288,own,kid
756346,572,up,story
520,277,other,laugh
1103841,101,tonight,bill
1084784,341,know,pull
335752,530,generation,themselves
1345221,567,all,move
96072,13,these,wall
734074,968,letter,race
881967,654,view,entire
962554,137,stage,number
207735,77,medical,we
712552,938,indeed,her
1246388,123,determine,cup
1381440,663,campaign,discuss
717141,368,fast,daughter
1189887,450,environment,last
428637,195,education,point
192422,999,course,nothing
170827,165,enter,collection
298059,430,indeed,rate
1248661,179,argue,explain
1245611,233,character,rock
711574,340,month,student
175435,36,degree,realize
994611,594,summer,sign
1191315,628,tough,area
920540,838,huge,believe
332441,20,herself,population
419904,529,Mrs,go
1457386,765,treatment,kid
386150,947,forward,people
459050,830,best,case
346581,423,language,long
897482,35,nearly,kid
803437,252,easy,program
108945,196,attorney,five
834536,66,organization,better
86050,189,control,business
1455061,608,hour,sign
748465,930,hotel,than
383642,530,walk,pick
155617,639,from,it
208706,526,north,indicate
155931,816,measure,smile
1053908,420,yourself,tend
479530,423,car,hope
563911,678,community,improve
259269,851,company,course
223731,193,office,any
433866,345,drive,sometimes
1293634,582,and,cup
965825,131,senior,discover
811277,517,keep,lawyer
1187973,561,real,direction
1214404,964,court,paper
491259,825,approach,side
301229,310,trip,possible
535478,927,economic,herself
307336,290,establish,read
975493,576,writer,home
1218268,48,western,rise
877979,440,clearly,society
248304,914,simple,half
369366,286,mission,current
1022480,804,whether,physical
733569,146,give,tax
917854,779,group,guess
479262,920,fight,recently
169980,571,individual,government
393989,508,thing,that
636361,353,contain,money
806393,210,majority,chance
107513,508,study,in
718936,713,visit,plant
1354014,326,guess,notice
314823,316,edge,pressure
954381,896,cup,impact
605974,135,laugh,low
585277,392,strategy,second
1328255,420,per,issue
213663,650,hospital,popular
503524,49,player,pattern
1471495,721,outside,house
800167,570,tend,campaign
830145,328,hospital,side
1149430,94,exist,true
1055000,587,those,card
550912,336,imagine,statement
578742,580,interesting,stop
144375,310,here,respond
1078751,482,wrong,real
153865,492,arm,campaign
1087105,674,green,impact
983518,422,yes,often
814627,326,item,leader
954540,741,from,every
1264888,106,degree,center
1063206,393,off,report
40725,142,trouble,lawyer
27237,41,simple,north
267041,536,institution,street
42865,812,hotel,personal
1097528,305,happen,stage
97117,714,film,maybe
221377,395,me,late
1382479,323,water,growth
623338,225,choice,its
1469510,580,tree,world
275708,460,fear,science
332527,355,performance,majority
931647,738,movement,join
1113351,223,owner,need
1335025,184,purpose,let
323531,676,drop,until
718301,665,your,establish
1535573,136,beyond,peace
1068681,315,create,less
565217,694,identify,book
3966,504,person,market
1297773,369,network,some
593837,904,wall,individual
523377,997,choice,product
1323697,1,we,administration
1259803,460,human,attack
856697,854,nation,face
695884,323,crime,factor
810392,173,note,century
98131,60,receive,also
609734,167,various,language
19378,509,name,detail
215281,305,former,represent
296943,737,will,modern
970423,458,ever,key
456728,398,side,beyond
1319725,178,plan,participant
1209147,231,night,much
1378942,236,thousand,around
747060,822,social,our
320746,959,around,new
822240,424,concern,very
1353763,734,employee,Democrat
699849,867,type,short
210393,635,fight,treatment
849859,503,remain,character
137381,800,rather,amount
133485,482,knowledge,market
675937,662,everything,hospital
123023,130,tough,society
883634,529,sign,be
861241,237,feel,gun
479520,621,very,professional
1255618,256,close,late
644667,247,find,speak
210990,592,environment,outside
611360,817,floor,huge
1148563,535,loss,life
1182236,981,garden,as
1084565,747,information,do
1506418,286,call,here
245675,646,support,form
491591,139,exactly,represent
349200,517,most,what
509210,562,success,officer
496415,23,system,reality
143185,207,oil,provide
1297350,101,election,let
488805,590,suffer,with
32652,554,bring,enough
874222,276,necessary,seek
478543,870,direction,four
1401115,290,box,vote
845488,668,require,individual
1062147,389,environmental,per
1054095,874,would,set
1010603,552,space,something
848078,681,important,half
695029,675,member,effort
1357670,167,message,record
348540,362,ahead,southern
1430003,201,behavior,check
391918,916,safe,agree
289734,886,hot,participant
1248138,516,beat,card
1022634,266,phone,front
775917,716,person,conference
110327,31,improve,front
112825,972,fish,green
1491534,458,soon,technology
701885,715,understand,hundred
1237279,816,car,food
158818,568,feeling,hour
1007022,571,success,window
336876,541,exist,cup
1285499,812,be,difficult
1363724,534,successful,add
1394405,950,market,institution
533277,955,meet,large
273370,262,guess,move
235513,993,likely,black
354042,651,agreement,feeling
1290376,176,figure,whom
1013362,369,up,everyone
1247357,297,order,hard
561775,590,condition,relate
292586,493,low,maybe
833738,596,budget,we
892915,807,chance,involve
332936,863,establish,market
119534,42,difference,style
808856,177,among,official
544154,243,drop,hotel
823669,470,though,yeah
155137,866,enjoy,task
1405295,609,law,tree
382565,163,thought,cut
669577,444,step,fine
198746,547,above,international
767309,766,deep,when
792794,885,economic,be
1333505,877,add,court
1106868,310,they,officer
1525209,706,light,be
954293,473,worker,people
1252817,509,food,stock
230091,437,act,structure
660204,349,behind,consider
594055,988,beat,through
1435880,909,whether,event
59754,183,own,speak
1256739,316,country,attention
1537874,51,police,single
439545,55,decision,treatment
797562,917,almost,under
1185352,407,relationship,ability
1152900,72,though,identify
1411715,769,series,page
1017713,447,red,lot
992827,269,significant,thought
298333,74,professor,box
1360325,42,draw,open
1456411,33,small,sell
230685,550,base,a
576281,803,minute,among
1059135,578,decision,identify
145960,49,himself,baby
1425089,521,positive,light
346544,243,maybe,important
586584,829,walk,race
576523,552,surface,three
121002,324,on,different
1256519,784,understand,contain
654430,660,science,election
497935,92,add,feel
833717,701,begin,stand
959661,808,time,dog
879712,935,skill,table
1076650,685,foreign,go
732610,949,back,character
810738,685,expect,simple
96594,941,buy,red
1466210,574,know,throw
63936,104,win,series
1176189,996,thus,business
207234,465,wind,single
955465,390,on,thank
74294,414,notice,item
589979,19,impact,board
53661,648,campaign,and
181774,204,old,especially
148510,544,station,home
1326771,44,once,size
1466430,859,answer,about
1144262,337,bad,respond
1385716,439,trouble,kid
893334,933,serious,should
350816,750,only,risk
991899,961,free,say
538531,419,would,decide
1068609,648,theory,make
521669,100,state,off
319321,29,ball,visit
1037379,196,certainly,energy
492837,807,soldier,own
1167107,207,memory,fall
145673,681,throughout,until
1346455,887,thousand,raise
1356827,575,reduce,various
1450341,986,section,final
526490,162,business,recently
923671,481,continue,couple
1382938,117,few,place
1189430,132,money,member
568376,732,total,word
814146,847,yet,physical
355608,811,bad,today
871718,540,situation,on
382599,848,focus,week
68317,963,usually,everyone
904934,154,spend,production
883016,868,food,word
835009,9,but,Congress
388368,296,tough,language
353396,841,accept,any
1450887,57,really,positive
674246,504,south,truth
7425,440,else,sign
311591,16,manage,interview
460939,24,political,discover
1502545,434,scientist,his
520044,165,analysis,power
1218168,931,maybe,able
144324,918,college,discuss
1486,295,bank,individual
63837,785,fight,open
1207544,458,take,give
437445,918,event,other
1217884,89,process,believe
976842,715,staff,dream
1301082,326,voice,must
770599,256,science,toward
173177,329,floor,out
629009,329,live,drug
1386238,139,least,party
134264,278,although,nothing
59817,147,change,size
1261902,372,ready,experience
457041,472,notice,city
1391554,375,baby,weight
222019,253,close,identify
199835,656,beat,Democrat
796621,908,music,should
602974,286,office,alone
1064043,800,other,memory
499946,663,young,board
584363,633,concern,your
809651,286,generation,current
55732,498,design,beautiful
949433,254,grow,church
1186878,488,goal,more
1235561,91,support,edge
1387045,119,scientist,operation
1314024,413,sit,how
162132,80,lead,speak
168750,826,store,lead
258782,629,listen,American
1370035,694,drug,call
828089,22,more,production
60271,287,environmental,wind
478164,707,bank,international
65295,799,win,and
303256,283,resource,trade
538870,743,modern,major
1324216,726,standard,thousand
1064116,112,already,sense
765378,652,together,citizen
72680,347,ability,or
898354,154,our,already
967943,519,say,store
1210485,889,story,full
419341,963,red,government
691972,602,stock,off
583793,378,plan,baby
412749,811,read,computer
931802,556,room,space
426215,472,situation,become
692498,554,window,on
734593,915,room,wrong
405417,566,various,new
173729,891,tree,suggest
1435878,532,lead,coach
1142826,338,understand,girl
692610,395,mind,value
1540224,409,mention,three
24484,74,test,over
116494,519,moment,modern
1246475,222,the,until
1493328,191,force,our
969066,3,majority,space
891665,631,enough,camera
1007725,143,in,sign
626153,553,large,house
684256,218,return,join
826195,411,job,process
150125,553,happen,either
709473,144,herself,decide
1240643,344,system,line
984904,868,her,message
1035714,737,surface,protect
983858,59,present,food
1135219,803,after,college
651593,811,memory,the
1062705,368,several,account
255615,448,day,allow
73436,933,ready,officer
1141224,995,city,pretty
749632,661,clear,however
969885,971,hear,she
766466,983,down,national
645606,277,send,detail
947591,618,population,PM
1244852,612,theory,number
425735,368,affect,mean
981002,485,coach,decide
1356159,134,nature,water
540454,90,deep,candidate
745795,535,pay,a
264489,229,almost,begin
106917,112,toward,college
1494441,745,fight,right
530984,697,sound,various
968459,334,use,plan
219713,480,laugh,until
783085,913,describe,past
178299,837,once,personal
908527,631,behavior,five
363239,800,agree,image
1107606,614,deal,ok
1256373,593,loss,civil
975273,947,science,picture
1056029,469,market,measure
135739,510,worry,money
581534,488,start,film
900677,810,work,former
423799,81,way,firm
814317,83,talk,sing
727767,324,their,half
1021533,716,behavior,water
68418,707,learn,buy
1078182,785,focus,fact
1177376,697,customer,wind
1297596,593,must,wish
1213566,679,budget,everything
238276,100,serious,around
1489523,618,race,together
82500,48,his,window
670472,272,itself,beat
558998,822,strategy,state
934766,906,thank,wind
548864,19,carry,cover
842620,892,control,list
433662,479,value,media
317774,498,skill,region
804004,307,say,fine
1521488,151,method,century
1112401,79,while,their
1117158,9,peace,thing
995837,21,sister,theory
181591,487,property,moment
754875,177,address,same
445188,671,main,care
151693,931,day,reach
485646,998,tonight,may
1421548,459,newspaper,head
362827,646,fall,save
843058,473,movement,energy
195321,94,hour,question
266099,661,change,his
1024098,760,yard,rise
31921,641,without,range
890962,194,wish,suffer
635136,971,billion,able
666838,511,newspaper,fire
811889,197,hospital,about
806198,151,family,treat
1523005,124,marriage,thousand
1169513,11,apply,term
1336063,382,offer,exactly
1481970,252,mouth,crime
1330358,54,customer,defense
976309,779,could,movie
1121792,916,arrive,fact
625044,645,my,how
220655,679,himself,cause
1214616,979,difficult,remember
1502626,793,age,source
1306079,51,research,marriage
469459,509,day,although
844369,981,relate,season
1215430,745,office,hour
581608,512,outside,voice
1436965,606,even,majority
194568,173,member,attorney
1057178,489,letter,theory
875729,193,pressure,boy
453265,484,for,program
806372,188,would,each
732217,365,difficult,help
1446018,926,page,hand
1113857,382,page,wide
77344,491,good,movement
957695,879,grow,early
1100885,773,kitchen,police
506743,912,take,successful
1374755,629,fine,this
1039354,449,TV,third
559371,931,local,administration
381686,973,forward,enough
247209,213,team,college
56042,235,vote,none
306576,394,move,down
1222474,272,enough,low
104389,119,hotel,gun
328231,765,type,trade
33232,159,his,street
219366,831,receive,value
32575,289,usually,than
613167,627,our,father
1491124,865,difficult,speak
140194,812,across,truth
829869,208,operation,bar
231869,204,let,if
1184571,88,blue,lawyer
274916,298,friend,majority
1495611,1000,yeah,already
605777,764,own,each
464349,50,commercial,federal
641059,811,course,fill
687637,100,hundred,result
1368013,186,government,training
528649,979,factor,simple
137503,390,they,meet
1295024,503,effort,lay
184966,399,audience,as
886290,154,know,hour
959453,408,consider,cold
140864,231,next,note
163445,996,enjoy,off
1123667,687,plan,should
675530,119,outside,shake
846746,897,interview,miss
725410,552,officer,avoid
1313705,211,single,identify
1456276,706,service,use
1474115,224,assume,edge
1164193,12,analysis,create
837885,263,model,field
34103,891,west,candidate
426085,896,crime,special
1177876,276,ball,experience
311748,718,challenge,eye
1446054,137,perform,mother
252282,131,hospital,decide
20328,442,everybody,one
1148152,163,notice,season
1198080,28,room,people
1471009,796,letter,right
89135,714,program,professional
218559,215,admit,pressure
57912,184,more,measure
970104,239,evening,six
387112,380,step,child
809245,377,leader,again
1196392,9,special,drug
405500,664,development,mention
292824,726,near,example
321116,506,physical,huge
659237,391,party,education
300107,662,owner,resource
427615,657,policy,stage
439211,651,party,husband
99267,103,everything,baby
1447858,845,size,stand
340783,13,own,blue
461633,887,according,let
137042,895,everything,herself
983649,681,base,always
1465588,154,which,need
1411394,772,military,there
173693,785,line,force
1181878,646,drive,quality
452121,544,wonder,scene
124979,885,color,million
152855,830,sport,simply
111748,421,social,physical
783501,244,pull,pattern
1152081,856,our,discussion
870849,833,piece,condition
175764,466,actually,thousand
21424,219,hundred,crime
204095,354,doctor,check
1016114,962,agreement,under
426201,719,heart,future
1373093,554,just,board
520927,834,might,every
1195909,964,effect,present
1109357,499,people,tell
375628,772,describe,group
933032,74,at,with
1216285,385,name,receive
395638,305,power,fund
167865,812,head,system
1453187,729,thank,responsibility
1289022,484,impact,general
620050,899,possible,second
377765,910,bill,coach
12142,534,perform,phone
1390748,912,process,ask
539864,211,campaign,budget
89018,913,environment,couple
141773,747,bit,hundred
1499448,25,degree,study
660003,431,than,gas
1053344,697,standard,weight
73732,611,fear,authority
233381,912,without,management
551546,218,realize,without
1273121,745,number,such
218319,734,travel,will
1426634,701,ahead,while
343686,47,bag,size
945336,140,argue,figure
294521,403,lead,firm
411590,271,part,you
543683,261,worker,something
639439,261,moment,student
1398092,605,take,police
92270,258,floor,water
189608,157,whole,reality
1017131,308,hotel,effect
20593,814,assume,when
73462,513,Republican,real
646775,802,catch,partner
160149,13,party,skill
260059,332,country,policy
136778,728,majority,half
968398,533,official,PM
1458407,592,with,character
785777,537,media,station
880375,32,month,lay
640222,578,on,identify
972123,289,visit,surface
514716,783,skin,never
290427,981,kid,while
1355224,924,reduce,democratic
266831,408,member,production
117122,662,wife,time
345067,310,thought,suffer
938099,783,beat,actually
493637,684,fight,fall
1494155,341,bank,fund
149442,384,cultural,enjoy
1283761,116,feel,away
1070418,213,enjoy,environment
108262,825,rule,economy
63230,885,line,much
370323,508,partner,teach
1485474,833,probably,future
7165,936,same,their
1291965,965,mind,fund
1295189,474,provide,become
374648,275,herself,mother
949276,354,information,scene
1153164,325,store,under
891946,652,population,or
328935,123,attention,look
1148351,567,heart,money
1167158,854,reveal,despite
137590,29,watch,garden
1535082,254,democratic,his
390786,745,quickly,various
1281448,261,plant,field
1422455,517,unit,cover
1252772,566,perform,return
830981,74,remain,hour
899484,335,wonder,speak
375092,972,billion,world
720465,284,a,hard
100535,126,per,gas
472774,858,cell,since
416556,113,sport,material
202784,898,law,grow
721559,953,must,evening
214639,774,nearly,sort
384684,715,after,without
1527474,957,explain,treatment
592722,412,point,cup
1059949,386,how,result
759890,766,moment,because
1521019,173,issue,general
1155689,928,concern,few
445513,594,production,summer
142794,961,during,authority
13101,368,body,trade
281381,680,purpose,treat
597918,34,exist,month
971541,70,leave,article
1382825,207,season,interview
302955,322,law,wrong
195108,189,analysis,fight
1319520,685,chair,office
521138,797,his,level
660935,850,break,next
711529,389,side,become
617140,307,myself,pick
63045,711,under,act
1021303,238,need,around
725568,633,big,drop
442077,486,often,clear
51355,928,much,mention
1211870,366,us,analysis
368523,649,early,record
1520187,60,degree,fast
1060058,230,plant,movement
1031288,809,admit,least
473535,189,somebody,ground
679786,879,history,can
550966,958,building,agree
366642,402,decade,building
208362,592,describe,reduce
165471,156,several,government
540366,254,success,factor
695981,191,hotel,significant
830466,357,this,from
568101,862,somebody,customer
163611,439,significant,guess
146152,451,wind,produce
1451667,29,order,drug
28268,407,size,indeed
1533052,328,event,during
1492519,513,understand,me
1307045,721,measure,car
1003025,460,enjoy,recent
1055639,433,mission,security
305114,597,history,stop
1024490,404,former,get
647719,563,perhaps,state
1359702,890,hospital,market
1116591,902,economic,health
948065,135,decade,strong
477394,592,next,bag
569937,935,information,unit
515724,807,wear,line
924982,411,boy,hope
1339471,803,contain,arm
1392964,665,generation,support
240882,475,finish,lay
1514057,282,customer,girl
622802,92,performance,third
1144469,351,seven,us
717337,832,Mr,about
1322061,920,employee,rise
863279,920,cup,away
325158,344,until,above
488194,227,most,increase
655407,338,everyone,around
191144,594,everybody,box
42923,381,beyond,even
1423860,811,kitchen,science
7713,935,the,might
291432,199,road,high
222355,646,behavior,simple
321483,354,today,environmental
280680,997,development,point
45418,298,sometimes,pretty
1258697,290,laugh,time
1024496,66,step,doctor
298957,222,three,fire
652019,697,difficult,civil
1053168,177,ago,green
287881,56,physical,Democrat
1191389,522,culture,adult
571365,423,boy,cause
372989,275,hold,us
880357,300,these,stock
1395245,689,to,different
189062,368,water,Republican
356954,875,scene,note
108684,674,visit,will
948111,665,soldier,wear
1424655,465,rest,college
108655,324,really,even
949076,407,including,yourself
1266322,84,sister,administration
128838,283,pressure,data
356500,932,help,only
1270681,611,ago,each
1032494,658,instead,improve
109013,811,or,along
1011643,972,world,sea
348345,969,trouble,day
264339,680,position,recently
1482982,448,exactly,whatever
1239658,376,woman,city
1516073,544,even,subject
722295,266,action,war
833973,277,environmental,instead
357627,1,once,particularly
452833,553,debate,near
506358,111,allow,indeed
1287760,719,take,down
866390,678,available,heavy
1078057,434,apply,few
137580,681,south,trip
1123663,756,finally,music
517040,458,central,defense
813246,208,collection,special
809970,810,property,case
243384,95,while,decade
1476634,200,hard,suddenly
80148,409,prevent,agree
695301,389,media,place
11330,730,step,its
757228,10,social,training
1169535,249,mention,whatever
838758,534,identify,long
323537,692,line,bring
1385620,633,during,push
1491228,35,appear,list
178512,514,natural,least
393694,162,yes,study
881503,572,whatever,resource
842701,937,value,remember
614464,188,away,remain
211822,159,compare,success
1263450,685,his,by
849223,326,guy,technology
571236,513,expect,someone
816940,641,despite,door
1081697,511,simple,heavy
351950,80,to,there
1159755,959,three,small
1256878,431,parent,floor
1025231,825,machine,mean
350269,610,site,part
31579,741,amount,form
653843,973,occur,political
299926,570,environmental,plan
730203,843,everyone,happen
348365,183,detail,option
1293994,819,to,ago
747766,466,think,stop
289806,802,in,trip
302265,4,concern,simply
997324,121,coach,card
71739,709,protect,ten
1385123,309,president,open
674380,885,edge,news
94193,723,industry,simple
427994,644,stock,give
1292299,597,financial,strategy
996499,792,amount,step
995910,372,culture,sense
1441758,121,daughter,other
1442845,757,improve,trial
783716,391,exist,hour
1024698,246,the,country
1345224,751,bag,move
764392,599,live,first
501532,854,system,way
899564,15,agree,need
1459988,806,why,page
713020,731,fine,language
1054082,77,consumer,whose
897820,713,claim,start
224633,469,claim,build
275460,527,doctor,long
1376213,838,fast,usually
769082,320,majority,off
1394452,949,plan,mind
1517534,163,ever,smile
80486,799,past,cold
745880,905,author,official
151109,632,father,admit
633835,81,serve,experience
1251377,305,message,expect
1035596,533,know,commercial
1283048,390,owner,case
1303381,269,first,poor
409152,457,mouth,room
694194,490,outside,style
874994,929,challenge,market
347108,303,current,Congress
667803,30,everybody,answer
1189250,25,red,work
1339289,547,sport,center
1391241,240,level,customer
22367,696,likely,quite
869519,79,threat,late
400211,505,east,top
1217386,257,agree,sound
827192,786,health,indeed
1435740,238,tonight,brother
145679,819,sort,affect
1128078,5,seven,business
1230169,719,film,report
1229416,47,material,political
1257296,207,present,painting
1322275,155,dog,hard
814276,879,point,hold
656755,181,your,imagine
1292633,915,better,eat
49090,957,detail,week
14965,834,oil,hear
1508833,467,leg,plant
494990,226,treat,crime
814041,674,stage,among
140563,258,face,method
1387650,546,by,blood
1117322,835,thousand,agency
1508637,927,agreement,middle
554252,104,administration,teacher
93315,945,present,purpose
729749,895,site,tell
1354563,615,else,none
962116,538,phone,network
12179,673,add,action
10691,408,by,firm
1476259,518,friend,stock
1033129,283,environmental,might
351687,381,meeting,statement
1455962,554,particularly,anything
1512112,365,pull,wear
1023741,304,especially,performance
838827,631,pattern,perhaps
1484682,76,reach,how
100351,560,good,organization
1384964,758,employee,imagine
487325,637,drop,director
330389,125,receive,election
396333,702,likely,maintain
352253,874,expect,cold
1466625,596,upon,movement
333377,367,east,end
1300685,652,smile,social
991253,295,listen,recently
1337593,352,option,resource
861409,596,each,hotel
647974,344,hit,sell
42223,972,machine,usually
900857,78,various,plant
1225682,944,nor,business
29960,473,we,while
230979,512,always,cold
300311,433,physical,have
817667,349,people,those
419124,482,gas,life
2322,655,maybe,nor
1420459,514,war,among
1208235,734,between,history
882946,940,recognize,huge
1471689,870,door,air
1147514,996,pick,create
1102546,627,various,thank
1370413,502,case,condition
176010,534,body,positive
298203,211,simply,test
559849,351,girl,coach
713646,361,they,hope
394951,312,job,continue
475214,855,soon,debate
1349205,799,where,affect
850712,776,risk,follow
1518267,310,option,natural
982559,600,then,unit
660989,619,give,only
579887,337,institution,then
404163,233,usually,claim
1011094,422,where,language
1250541,397,central,face
3750,142,must,computer
988527,534,cause,owner
180991,470,various,hot
1252172,636,test,new
255849,981,bank,instead
896836,299,forget,market
1008663,673,impact,book
1200959,62,policy,difference
1125267,588,economic,heart
228066,394,positive,though
611147,140,their,trial
346832,661,respond,indeed
1226228,238,note,property
1097146,451,answer,tree
336860,104,song,on
268881,978,ball,a
1316056,163,east,any
372749,523,early,above
704293,145,fill,could
136802,925,keep,life
229090,772,here,good
139307,794,push,difference
33127,96,board,nothing
968158,433,help,big
52708,506,institution,sea
1440608,354,now,pass
719760,870,reveal,group
43354,890,direction,phone
1462707,523,work,moment
815989,109,when,million
1501860,989,positive,me
497110,887,back,may
1480467,693,buy,a
81675,410,their,cost
145217,195,network,fight
1539686,775,increase,economic
1202526,153,feeling,relate
765672,531,course,health
1222796,690,level,training
1013165,205,must,hair
1483882,712,simple,central
339248,272,green,no
882616,277,hand,behavior
811821,276,teach,senior
1069240,781,growth,machine
692145,824,left,avoid
87830,556,class,partner
954081,927,safe,why
1513564,504,child,trouble
21202,972,well,why
795113,780,result,worry
1317094,533,event,agent
727794,482,own,interview
877711,433,fight,foot
968532,683,however,discussion
921711,254,tough,worker
1375708,454,agree,body
309494,491,under,so
420192,165,politics,since
1067827,227,serve,top
1271469,976,fund,simply
857536,2,impact,size
555466,134,western,teach
901086,118,hot,control
294831,384,attack,very
206381,465,pressure,argue
334988,995,thought,issue
118507,754,seat,middle
1419225,965,gas,including
1446484,514,inside,area
871598,257,memory,produce
963414,951,scene,he
450194,413,road,guy
1064741,513,garden,Republican
241276,295,meeting,believe
285763,730,game,if
1469482,432,raise,one
306196,121,amount,want
765832,889,soon,collection
550941,88,theory,move
527273,87,heart,Mr
766214,713,traditional,hold
1516034,621,activity,tonight
1210384,730,movement,particular
109836,584,page,a
1538421,184,else,grow
744115,924,sell,common
1190965,60,third,east
707523,186,receive,poor
1490930,530,fund,administration
770331,158,exist,thank
1037939,810,from,civil
484826,161,of,talk
519592,519,story,worry
1096536,1000,itself,sit
488047,710,modern,stop
465228,260,three,television
672021,781,order,hope
1365855,722,executive,return
430466,857,Mrs,with
401097,97,father,model
472879,746,put,front
409002,155,them,wide
719974,978,may,type
713764,361,his,economic
1100168,765,player,bad
541091,653,chair,big
1395511,934,race,per
1052579,802,thus,else
876939,765,never,Mr
68803,69,pass,explain
747098,579,teach,study
419931,382,half,nearly
272744,553,data,lead
133146,661,degree,especially
604579,422,yet,walk
1200848,981,leader,science
442045,526,treat,issue
1147726,780,through,card
601145,555,know,box
712517,653,side,he
663511,164,produce,worry
316044,946,however,political
725327,285,rule,time
672641,517,prove,contain
236800,959,thank,move
1267258,323,according,write
1368036,38,lot,he
1151837,618,thing,key
1492180,841,tell,son
1359378,545,activity,share
1267335,640,board,friend
485972,651,get,leave
1519140,671,ago,two
1401354,227,account,quickly
1468699,29,work,person
869962,793,none,eye
211887,581,seek,face
1183002,116,type,analysis
1078181,750,large,arm
1256896,212,call,beautiful
820941,96,write,different
560895,291,speak,age
765626,484,example,wear
163802,982,cut,mean
986499,427,write,green
260198,475,budget,finally
1145405,167,list,practice
1031508,258,coach,if
566295,115,pretty,wind
1174490,463,sing,poor
1231081,326,in,help
1274669,124,third,provide
499783,505,send,traditional
103606,383,position,return
1309305,87,sit,spring
244828,372,see,despite
266877,397,question,theory
983183,99,art,blood
692850,393,indicate,page
1497472,561,watch,require
38294,596,foot,parent
927090,821,participant,modern
130328,530,nor,however
1473079,322,ground,serious
419068,696,resource,drive
583352,463,street,sell
1098497,891,now,traditional
976098,795,manage,other
452263,512,investment,black
583129,641,soon,population
518126,402,dinner,great
920572,127,executive,up
570965,68,summer,population
1069897,683,art,analysis
1173629,347,happen,source
1205650,857,scientist,account
1268448,652,child,those
414406,175,use,section
401473,678,television,think
1471694,930,mean,knowledge
78013,885,be,road
815867,501,conference,however
336003,464,police,kind
496452,37,near,any
1482151,163,beyond,choose
1197368,755,seat,bit
748394,732,condition,own
126381,201,receive,conference
332655,29,budget,feeling
629149,289,doctor,large
829261,659,subject,dog
539276,436,challenge,light
709145,622,use,enough
826213,877,record,ground
1049173,245,almost,someone
1262020,203,name,reality
770425,941,involve,seat
1378598,904,each,recently
233961,833,well,nearly
352234,867,happy,wind
226640,894,bad,natural
1202845,459,president,risk
1156042,646,sea,point
159291,296,always,yeah
1181860,228,right,future
597209,478,avoid,record
303899,645,painting,send
707939,496,series,win
1495169,249,ball,that
1368068,817,word,try
305788,100,tough,television
673702,485,local,forget
774953,571,fast,ground
828758,157,chance,business
512608,501,perhaps,eye
1330372,518,seem,data
563235,167,benefit,consider
965402,828,executive,lay
817632,966,girl,after
883594,268,thank,born
1193056,76,movie,trial
1066320,963,activity,television
1212552,663,mean,opportunity
74097,969,share,large
376763,18,long,benefit
625212,596,range,special
442830,624,thousand,country
1107158,9,market,card
1177818,879,positive,change
366235,376,along,far
1536212,737,certainly,identify
329306,203,short,son
1099272,109,seem,mean
1222917,357,car,exist
954670,972,particularly,black
606277,73,market,door
312134,646,whom,might
544771,1,similar,effect
1431954,564,garden,teach
1347740,463,compare,bank
1304299,444,floor,take
711327,880,free,describe
774461,886,country,good
1036560,974,sport,despite
997496,837,cover,street
278906,981,author,issue
149223,61,close,win
334839,908,really,them
1065718,684,democratic,music
1416901,22,letter,fill
670865,513,citizen,above
453750,25,wear,have
979841,142,job,unit
832006,124,method,help
1332819,305,great,reason
638857,632,still,first
346841,524,beautiful,order
267132,522,woman,local
1202887,942,adult,lawyer
435868,686,admit,think
1283244,976,treat,yourself
969476,810,game,least
4433,672,environmental,happen
1097525,360,event,need
1316950,748,natural,check
1108389,777,paper,that
311804,850,professor,under
581151,888,several,quality
589781,177,nation,commercial
1398129,4,issue,allow
1216553,188,economy,cold
878937,424,exist,some
668245,768,soon,national
1412320,990,act,too
26250,257,keep,couple
1080599,406,former,total
362377,931,everything,fight
109462,71,however,compare
1146757,871,eye,work
1391810,533,quite,movement
1271152,306,size,some
362428,298,skill,yard
428600,175,lay,wrong
1510919,940,campaign,care
1224423,527,education,explain
822980,775,support,run
1376852,470,worker,attention
1372379,287,effect,evening
823501,89,after,will
1111173,700,student,dark
1197531,538,understand,final
729061,976,both,me
518270,355,car,later
12181,54,who,artist
879541,466,game,suggest
63608,424,individual,collection
1126543,979,hair,than
1213466,177,current,others
46984,984,remain,however
1099443,901,want,agent
1384801,366,production,rock
1337396,133,environment,culture
962904,656,buy,bad
260403,216,practice,poor
1477657,788,pull,north
1476258,18,mouth,wide
672052,789,cover,area
972339,64,check,bank
1023216,940,long,official
1423410,593,loss,new
359520,537,take,chance
1304149,429,become,rule
783117,139,feel,back
935127,292,TV,understand
1360422,604,sometimes,less
70345,870,travel,her
1013150,727,every,attorney
65245,835,game,write
1319293,999,sister,health
262740,332,think,other
156768,710,Congress,most
383194,994,picture,success
100401,324,parent,help
1281168,433,worker,your
776739,494,bag,learn
204651,458,beat,voice
850298,264,ahead,produce
246660,611,approach,something
314570,14,that,nor
1151194,164,remain,always
424743,370,financial,another
10136,32,bit,inside
358045,476,bad,none
1399818,706,religious,claim
1030672,845,sound,bed
528792,396,race,arrive
743317,784,section,sport
448725,124,rise,again
1114964,401,fund,but
622975,802,you,sort
30931,815,chair,help
138967,770,enter,shoulder
807655,141,necessary,stage
216665,198,including,prove
1474939,960,reflect,fire
1102424,86,something,approach
743372,278,debate,own
1490788,872,international,also
1351322,835,start,turn
856340,190,movement,assume
992949,112,reflect,next
1123466,834,some,although
1254552,400,time,cause
197056,338,everyone,race
669826,494,radio,image
1072934,323,population,situation
129445,277,vote,economic
117196,375,rock,understand
175220,432,song,industry
1108070,680,value,trial
1274320,212,high,for
1500644,600,woman,usually
706431,272,trip,discussion
780380,220,car,eye
1349501,348,run,while
136043,10,safe,six
1526934,852,decade,indicate
390890,94,cut,young
91568,353,management,task
29178,422,stage,technology
661514,233,admit,indicate
487698,261,cell,education
637484,140,what,PM
955562,750,quickly,stay
970623,698,win,report
1151454,236,serve,quality
673854,623,interview,ask
1142869,557,all,consumer
804104,309,star,scientist
1536810,372,everyone,news
1523210,644,word,response
1288982,208,thousand,blue
1170409,471,arrive,site
98324,382,check,inside
1028736,204,ball,poor
182010,284,information,forward
1257968,782,evidence,draw
1506514,259,member,resource
102128,808,fine,accept
811448,82,miss,never
818274,749,knowledge,hot
1529155,633,degree,white
1288545,486,prevent,activity
420245,941,conference,kind
778867,691,piece,political
565669,9,any,live
26223,371,side,edge
679482,904,father,two
941406,386,key,page
189949,496,include,little
1126272,999,cover,among
532597,350,series,remember
513347,912,garden,stay
1535760,343,our,develop
140541,675,capital,enjoy
713009,482,population,song
289077,763,find,left
690211,36,manage,strong
913912,377,reveal,table
1335361,775,physical,light
823639,32,media,crime
1226024,842,beautiful,at
1418752,985,tend,direction
443256,293,threat,smile
852581,726,fire,owner
498885,425,cell,actually
925154,807,school,good
723386,985,suddenly,teach
200363,856,such,out
314960,125,school,build
825227,225,he,direction
377121,898,especially,at
4450,357,significant,member
12587,722,agree,buy
373749,141,modern,piece
1140222,412,brother,four
703094,808,improve,call
1021819,573,left,far
456855,779,guy,heart
1478163,568,product,assume
665184,704,we,sea
1278766,876,hot,dream
883196,72,operation,similar
1445296,50,decide,offer
595284,993,more,season
1517108,16,item,air
1402808,657,direction,remember
563124,576,fast,ability
935474,780,paper,condition
379311,597,challenge,there
1420388,384,decision,suggest
365599,863,message,my
283132,552,message,bad
58838,752,so,large
1540337,10,prevent,clearly
120226,384,process,cup
497660,313,box,pretty
204632,280,own,move
1268134,629,among,fish
871921,884,popular,third
965009,317,program,although
1239452,767,east,hotel
1089841,966,much,positive
1193069,172,usually,truth
717230,915,speech,here
578687,854,enough,performance
1137686,13,American,consider
696141,251,station,sit
939687,264,hot,thing
1487480,457,pick,leg
301984,275,late,happy
257073,749,near,far
518135,366,help,question
1207472,558,we,front
782927,931,reduce,data
775150,43,eye,color
35531,464,boy,same
1496929,408,various,team
1239136,945,offer,anyone
220686,517,series,series
909089,295,protect,represent
320716,867,identify,dream
95199,312,director,lawyer
35786,165,fine,social
37080,612,yeah,arm
126777,949,provide,add
364434,345,kitchen,wonder
20842,193,into,up
732730,975,story,like
440913,735,into,join
730821,579,tell,second
1318973,322,traditional,most
960140,502,phone,allow
107242,951,window,business
241190,816,account,during
809030,650,any,deal
838505,586,accept,chance
674292,511,allow,weight
641411,529,rather,arrive
1236685,651,enter,energy
856510,339,thank,my
345427,280,check,pick
534068,814,many,American
294203,208,drop,increase
1255539,632,store,subject
761838,78,human,send
197646,242,reality,PM
818600,379,positive,ball
1474068,428,interview,despite
1314249,616,for,look
1026792,291,mission,sort
602316,122,manage,moment
1463111,263,each,worry
1191142,424,against,involve
319427,269,event,born
895836,201,run,eye
1066533,753,field,people
72298,118,pick,if
1506687,929,daughter,minute
336111,616,sure,forward
477745,486,the,town
1506910,226,town,throughout
1394729,114,people,adult
1434511,302,establish,small
1356725,950,mother,next
1439367,228,air,design
113506,818,chance,wear
67833,36,manage,better
650204,450,wish,government
1211408,217,truth,build
281619,27,blood,hot
930970,944,little,of
1015982,981,by,century
651017,893,prepare,every
1244433,526,receive,vote
1298417,319,available,interview
805685,904,feeling,protect
1036505,897,over,move
17941,148,plan,before
887536,429,long,single
691811,590,evidence,leader
955616,541,among,myself
1331133,467,evening,job
668953,639,find,security
929835,140,central,sometimes
969955,179,ready,across
309997,847,stock,whether
1358172,491,green,board
1414069,478,expect,its
346320,502,speak,town
20870,144,care,leader
458332,471,staff,yard
1520401,576,improve,sing
1289676,833,body,without
411452,512,property,town
1319911,879,suddenly,interesting
418167,265,stay,performance
87722,399,similar,enough
795762,559,send,current
336316,321,describe,record
1109469,620,garden,trade
1096851,501,PM,best
400978,300,decision,with
108233,742,design,civil
1502496,326,us,fire
755362,614,usually,my
569548,146,contain,feel
425404,309,every,south
108209,211,security,can
1252348,597,approach,agree
436222,91,under,can
1519794,667,money,shake
1463350,394,continue,spend
547400,931,surface,window
204435,798,government,few
458088,803,expert,parent
617048,61,sister,chance
444257,944,research,expert
495820,905,exist,short
846182,258,wish,foreign
721509,336,data,against
859514,519,car,discuss
218863,724,TV,spring
886376,833,federal,together
651436,603,total,full
823251,359,commercial,eat
567334,532,field,finish
1023664,876,purpose,red
988812,127,ready,develop
207821,63,church,its
1297405,666,pay,fill
1120015,700,affect,thought
846898,792,cold,statement
937555,286,argue,foot
734063,357,less,center
1335492,61,his,act
446281,16,security,too
829993,768,financial,behavior
1206542,607,forget,central
591260,843,make,may
770018,963,whose,same
219513,646,moment,admit
183587,858,represent,southern
124171,635,born,including
1339023,452,nation,right
981150,452,second,work
168115,867,foreign,work
1018325,617,enter,effect
399717,308,right,society
979991,430,subject,nature
832308,46,born,traditional
1178934,448,minute,each
1277791,208,money,check
693193,646,game,produce
369813,904,growth,have
733001,142,buy,color
75354,317,if,business
711009,700,event,way
1022002,133,research,marriage
55824,330,right,billion
148698,319,her,type
169830,767,well,technology
1135555,403,itself,action
602469,63,allow,increase
819095,938,entire,wall
185151,340,any,should
1323748,224,go,party
323854,142,heart,instead
142324,364,cover,remember
365151,298,parent,light
1470527,22,second,line
1445621,840,if,machine
1298592,308,other,school
64384,697,quality,quality
18434,835,cover,free
344318,960,western,factor
317383,804,citizen,like
1207368,235,result,gas
57788,601,seek,prevent
227191,964,collection,system
106204,975,vote,affect
779857,215,mind,and
1059921,951,everybody,leave
615086,260,pass,most
534165,568,small,operation
1346998,313,and,beyond
1029782,950,establish,realize
1183762,968,face,memory
698174,257,force,after
651983,306,finally,space
1433373,916,only,turn
164787,971,foreign,president
331634,2,control,person
221623,836,year,provide
1230460,735,court,decide
290170,441,church,help
345943,23,crime,know
688487,480,evidence,arrive
1155608,201,much,listen
998988,961,child,middle
622363,932,system,late
802194,196,probably,travel
476131,913,memory,scene
348804,871,recent,prevent
145721,840,join,special
1175438,844,conference,kid
897650,777,speak,staff
1385107,937,these,brother
120815,268,religious,probably
675170,790,become,us
1324543,730,collection,ago
395438,695,much,special
569175,524,teach,really
925497,356,probably,return
405364,821,agreement,happen
1145427,463,smile,with
101748,986,model,involve
407154,808,go,north
544998,979,color,final
158447,863,serve,cold
658168,783,serve,according
973231,863,affect,explain
1322667,384,quickly,spend
1105908,381,point,consumer
961736,987,security,rise
291573,686,walk,ten
1035542,597,site,car
15734,55,write,just
166318,819,standard,often
977856,620,treatment,organization
212763,881,fund,draw
993453,574,it,generation
9727,875,piece,know
1478597,338,choose,heavy
1357930,849,ground,quite
220240,410,even,film
836060,708,without,future
1180299,551,national,set
979064,294,security,section
483327,262,son,analysis
1217112,173,message,officer
356402,20,month,against
1232899,373,task,get
668795,537,so,gun
785245,747,than,personal
561473,633,popular,actually
1448370,437,bring,minute
1353215,240,run,run
1522449,457,identify,so
361816,312,reason,base
667738,687,recently,easy
1158603,476,audience,fight
1419967,186,too,what
481395,348,bit,build
194319,305,material,early
1007199,309,should,street
737132,92,tough,impact
502188,375,pressure,spend
687801,473,member,surface
917856,427,around,choice
484430,973,star,base
868598,785,or,seem
1268391,717,take,support
827450,655,appear,range
1208307,251,design,inside
1124004,646,financial,rather
444883,975,risk,coach
23873,259,large,child
721508,161,where,structure
605050,245,real,manager
490115,702,poor,yourself
718273,323,process,improve
1475581,732,at,should
1027539,174,benefit,or
377543,634,themselves,there
734872,358,describe,item
1343774,125,kind,campaign
733643,765,notice,wish
218429,253,beautiful,theory
1388091,930,still,painting
1198002,800,white,use
1011565,353,serve,dark
800352,866,red,raise
855118,506,whose,both
1030060,110,sign,yet
613178,613,land,wind
341520,732,fly,Republican
1434916,486,people,change
1444355,829,through,dream
1083587,953,wide,size
840039,79,yourself,class
928979,499,play,force
656180,162,ball,second
996669,737,foreign,fight
1451724,125,conference,reduce
490369,192,begin,could
832459,998,ahead,sister
91816,722,already,too
1308604,546,parent,whatever
931573,733,physical,attention
1100823,817,television,evening
190131,347,fund,same
1149741,279,over,occur
805980,280,into,away
850623,971,never,receive
317601,643,our,nothing
672157,846,give,president
644562,525,at,either
1247630,162,skill,check
1118613,72,democratic,drug
107233,303,society,piece
1449834,988,outside,investment
1344739,70,rule,risk
1495198,380,relationship,land
705044,692,possible,service
1414955,112,show,Congress
1475058,153,he,part
357060,482,world,long
354523,683,discussion,particularly
1361912,903,treat,after
1216223,981,of,money
1502603,459,say,be
571743,8,interview,write
1046492,869,message,this
840136,312,fight,television
955968,412,record,because
47458,338,no,boy
473690,986,baby,could
1440078,257,those,various
16122,787,generation,modern
1094727,142,development,put
797051,508,billion,forward
902413,297,professor,rise
147473,660,outside,order
858033,336,officer,give
1316650,484,thing,one
942047,391,as,likely
1343579,502,character,factor
113878,12,course,record
642137,832,air,million
324773,577,require,mission
982772,356,director,prevent
907135,946,spend,agency
1433303,199,medical,director
1104991,56,ball,structure
1047027,641,goal,walk
437580,801,read,stand
1119386,850,agree,girl
618227,722,assume,gun
552342,101,health,full
1188563,463,house,if
499438,433,serve,local
45269,799,husband,look
794414,678,explain,pretty
413423,40,share,drug
857977,602,Democrat,more
1046598,196,college,force
1102269,70,game,should
768687,652,today,my
161142,119,across,their
826766,335,will,indicate
767634,453,sea,marriage
1334108,771,too,note
356444,59,enjoy,he
196734,161,because,police
233762,113,be,radio
1433887,192,second,authority
120977,394,town,both
870330,347,rich,cup
173762,991,southern,officer
1160373,907,detail,forget
1251511,289,face,amount
839122,196,soon,take
1130830,492,president,standard
921171,841,require,country
378381,104,power,discover
1486487,639,each,first
1140067,378,card,similar
572113,650,behavior,analysis
671355,138,catch,score
1394366,324,final,mind
212676,857,just,later
1143785,114,amount,color
286076,264,growth,capital
685747,169,son,according
328149,588,base,future
94351,567,happen,my
1116905,846,foot,plan
361363,388,enter,million
328021,636,middle,pressure
501204,868,firm,second
1024338,294,future,reveal
233033,561,out,low
242589,895,floor,language
455011,151,pretty,world
828652,18,up,memory
1132095,4,offer,six
1102483,619,send,plant
407120,312,rather,explain
1194001,872,ground,everything
1358878,277,from,especially
1388275,181,nature,step
1041485,852,only,letter
66372,849,somebody,scene
1190565,341,mind,newspaper
89493,592,such,provide
478894,366,remember,final
356570,389,several,million
813172,386,name,couple
1373429,874,visit,result
399853,429,right,us
1079747,241,how,degree
207101,863,sound,available
455048,19,child,really
1084528,957,sense,go
804243,204,place,discover
896427,561,woman,little
50249,564,subject,red
395517,210,point,treatment
381351,484,guess,dog
1037661,272,side,fill
1402266,683,challenge,who
581323,532,despite,artist
18639,533,woman,method
1228915,477,human,usually
98923,429,anything,like
515704,535,thus,partner
654181,534,student,staff
308331,491,mother,safe
1324289,871,really,what
1231673,909,list,and
749510,759,student,just
1457274,99,her,news
1285374,342,care,deep
905475,449,oil,force
1466007,793,keep,life
1342669,324,specific,support
66664,492,young,require
1521160,350,doctor,son
1220399,361,seven,key
1173379,803,religious,history
1263234,830,finish,various
184219,106,spring,chance
4152,332,by,action
47928,868,Republican,light
892567,756,interest,leader
362370,81,in,report
1055128,181,long,until
194689,317,peace,top
11190,419,where,evidence
482554,696,it,wish
1328726,554,face,pressure
498643,114,current,rich
765254,643,activity,think
1283090,961,join,contain
1057346,222,city,current
197044,146,drive,join
695443,582,five,evidence
213809,865,child,edge
1115252,788,action,enough
119834,201,factor,team
7142,504,expect,sing
334321,265,conference,magazine
330640,50,mind,idea
1259125,342,meet,form
706483,816,memory,well
612727,230,indicate,turn
298340,707,speech,know
224192,479,meet,final
1226491,716,door,while
81180,580,thus,democratic
265542,274,wide,just
1539620,186,into,now
1317766,537,religious,party
1231453,481,pull,maybe
542725,315,themselves,while
105432,336,until,real
960982,389,hear,get
1402046,639,recognize,try
1014069,879,couple,artist
39418,7,significant,building
1258752,31,that,before
378303,268,stuff,better
1178336,442,hold,hot
391993,311,apply,story
120326,143,rise,visit
411380,187,wear,business
1100352,680,someone,include
814528,578,heavy,mean
277459,684,mother,sometimes
1305217,723,event,hair
469011,756,natural,though
465461,260,beat,add
1353349,409,respond,conference
64806,650,research,nor
1486108,581,drug,operation
1231302,618,administration,sport
191388,250,structure,attorney
854613,892,shake,phone
388763,743,site,have
1135038,426,business,Republican
1006089,586,magazine,its
921304,344,three,marriage
724053,144,say,analysis
4211,294,find,expect
614669,522,trial,right
863278,197,along,quite
565195,977,leave,ability
1341240,193,I,star
1514985,870,writer,summer
107041,934,cell,character
1136177,533,order,design
833313,575,anyone,miss
256112,453,science,style
946357,281,our,agency
1531526,970,significant,artist
1257532,602,social,would
1287003,752,hour,opportunity
359987,114,maybe,almost
553383,250,hard,decision
836168,841,strong,and
1168810,266,friend,have
674805,632,major,father
1377995,596,charge,probably
1020763,116,to,parent
149297,44,evidence,still
447714,800,foreign,system
1365556,47,develop,society
1130840,171,every,note
459383,671,financial,capital
850145,976,above,more
639123,585,wrong,impact
173986,40,certainly,computer
1423431,439,forward,listen
1252444,663,executive,foot
459479,599,during,enough
432784,916,control,response
532805,142,air,open
11416,386,really,company
19728,894,floor,specific
1289583,98,among,lead
933775,321,imagine,fact
1138727,957,song,as
314640,465,responsibility,agreement
1003220,275,result,late
132393,614,well,must
1126941,472,there,record
948105,736,matter,onto
1390215,663,mother,during
1296346,818,professor,chair
1131269,251,before,check
1028276,5,establish,analysis
1024539,759,require,off
277457,895,skill,season
1466742,524,issue,partner
1424778,738,foreign,section
723063,645,loss,north
1424048,242,difference,meeting
266085,640,bed,hold
1384996,344,yourself,simply
1007638,195,than,source
1045948,440,produce,dream
1435770,983,glass,garden
532229,102,first,gas
263468,15,share,kitchen
909695,151,so,two
1041676,113,must,officer
846153,419,television,yeah
1255175,969,fill,reduce
901992,433,surface,must
1429384,925,likely,scene
117610,888,might,specific
1508673,527,per,she
323342,502,girl,future
607681,345,send,look
895898,56,thousand,pull
1267174,467,executive,need
146153,730,responsibility,good
851000,477,lawyer,member
701784,944,tonight,inside
739085,425,heavy,training
1148114,328,chair,politics
12603,298,window,wall
417929,954,themselves,form
36623,619,service,character
661430,103,business,two
583071,159,effect,black
49814,561,allow,fight
251801,816,decade,feeling
296669,341,pull,way
1057106,789,identify,level
1457569,886,chair,other
187490,293,school,language
252574,203,let,will
550504,505,seat,body
923442,615,happy,TV
78385,622,trouble,speak
1051472,430,occur,friend
1226443,25,respond,look
217719,176,about,fish
1155170,90,professional,moment
87606,632,focus,thus
337483,872,from,college
809838,869,exist,control
515769,167,maintain,half
431230,708,strong,candidate
243083,605,result,establish
21084,289,like,event
1020084,799,three,movie
375582,692,attack,contain
424293,948,owner,truth
232549,330,forward,paper
254813,695,never,evening
741010,968,reason,law
1308557,290,only,bill
487514,675,herself,right
28414,917,decide,majority
1468137,28,interview,help
1084081,677,recent,size
368093,867,less,husband
1010576,752,use,again
258805,415,have,affect
215239,729,add,up
1241379,45,wind,never
758502,103,wife,institution
514879,580,force,director
951122,612,near,item
261801,327,maybe,election
1145326,109,off,morning
58393,654,knowledge,example
934741,345,manage,other
1145955,639,guess,prove
993381,594,either,head
583793,493,rich,travel
340498,353,approach,behavior
264711,184,area,last
581481,633,better,full
963909,559,notice,dog
681670,601,apply,particularly
499988,943,realize,sit
1519078,337,simple,here
1175663,421,lead,other
1535333,918,fine,military
1254395,115,a,low
173047,775,property,for
1155373,336,long,prepare
359690,179,audience,into
712970,196,radio,defense
237458,967,once,imagine
1360607,813,people,age
1287646,209,five,recently
678218,899,determine,strong
782229,406,benefit,occur
65524,163,reflect,politics
666059,676,indeed,vote
90958,152,certain,enjoy
972295,571,for,outside
756819,396,town,structure
1006012,868,minute,inside
760220,475,Democrat,blue
1279303,86,likely,late
1482848,635,guess,ask
359363,943,their,nothing
1027964,399,view,just
1282439,546,ask,south
1001127,426,involve,shake
798737,10,under,power
112935,828,example,despite
1172401,165,quality,idea
1148860,464,behind,of
355114,191,statement,plant
957398,770,into,color
1027577,615,together,candidate
52423,777,give,machine
1171249,423,really,offer
563949,45,concern,reduce
1355731,404,seem,detail
794823,889,every,seven
664211,764,away,quickly
1373219,394,cell,ground
1398169,222,paper,natural
1170832,112,action,conference
1294618,812,suddenly,turn
1056547,171,war,exist
392866,160,cut,produce
1090173,21,scientist,single
503005,55,fine,paper
1530472,894,write,world
1053676,176,teach,fast
838932,134,media,unit
221309,530,their,recently
1321234,12,machine,woman
571980,873,stay,future
375726,870,threat,some
735665,859,there,cup
451619,540,tend,beyond
739516,755,cup,particular
514057,101,majority,such
1208256,293,understand,build
877903,471,interview,political
1347656,974,arm,say
1077303,303,player,school
884933,539,leg,from
222487,594,late,question
108591,63,poor,summer
909591,919,down,game
587679,842,any,indicate
441807,197,once,risk
419144,467,heart,office
247568,751,middle,why
398920,335,term,story
620112,985,human,war
882601,956,morning,pass
623630,605,pick,second
353692,336,give,section
1536167,457,box,ask
1174899,151,discuss,people
1259788,70,than,someone
7260,981,force,class
48299,275,commercial,writer
1125173,730,form,author
573681,992,history,join
1517447,816,late,figure
226183,446,college,follow
1442448,768,sell,owner
1294294,227,step,less
613821,104,south,card
556120,296,truth,nor
484740,748,present,should
317904,930,fire,Democrat
501030,600,score,before
1206416,298,network,resource
390923,428,white,across
556865,900,determine,tree
1324231,809,task,art
799308,845,television,trouble
1557,859,tell,court
755174,635,similar,author
1444749,370,artist,hope
491062,881,dog,increase
326084,614,perform,less
561313,564,car,enter
1463107,476,information,across
536780,62,control,six
1270538,93,someone,poor
64263,390,whatever,anyone
244992,726,call,suffer
1188195,705,structure,memory
81143,566,prepare,mother
1498292,308,popular,cell
406876,155,know,on
840969,198,police,leg
710704,631,here,new
533426,246,outside,shake
498919,684,work,fast
1214728,833,far,item
1051502,833,team,shoulder
55089,873,purpose,audience
1133594,978,marriage,memory
56862,350,let,history
834900,849,form,draw
262392,88,education,out
994072,946,court,agree
9802,897,tough,certainly
352837,926,professional,law
265932,881,discover,share
565404,999,education,activity
811599,821,it,choose
546148,63,prevent,view
519291,626,manager,think
1479740,749,or,road
866313,336,blood,follow
1337128,798,court,democratic
381906,532,short,news
163311,898,time,positive
1371676,462,improve,throw
233780,187,inside,give
1198679,882,part,around
85485,920,pressure,see
1118116,920,build,impact
38590,507,situation,even
917323,424,party,officer
492449,860,yard,rise
1393766,8,too,walk
953992,125,minute,defense
1035067,239,consumer,imagine
1349287,72,response,often
315097,748,catch,system
1500572,678,police,ask
1528738,283,country,reach
202793,194,outside,possible
461525,204,determine,service
316946,1,himself,dark
1021632,4,question,huge
1257908,612,social,teacher
1400020,200,part,issue
815892,669,how,under
545428,124,rule,live
910429,74,edge,trouble
1125623,462,together,end
64802,588,structure,story
1507998,59,north,laugh
1360106,943,green,film
153273,49,station,stage
1536952,399,natural,magazine
756732,55,mind,movement
912040,606,religious,kind
932696,531,civil,over
4077,912,thousand,institution
1381629,687,action,movement
1168522,903,official,enough
723651,397,walk,off
769884,811,not,grow
708798,312,western,increase
541331,582,ago,professional
857244,8,pay,past
1261761,188,suffer,catch
67962,974,a,nothing
239249,530,concern,focus
77060,793,writer,television
1282813,195,or,decision
1143546,235,little,nearly
524283,325,hotel,itself
286956,441,money,present
1058039,549,question,kind
974789,680,religious,chair
1018758,366,charge,city
1516415,220,eight,face
848910,405,stand,sense
73463,491,letter,cell
1218022,674,outside,loss
1319424,258,already,box
1023809,259,hit,artist
420530,609,green,blue
40904,370,behind,base
1279486,398,everything,general
1239145,839,personal,line
886326,434,much,chair
626200,78,event,wide
438456,727,coach,radio
1344631,914,high,leader
483224,229,information,role
1174208,501,factor,loss
685031,1,cause,run
347140,909,very,meet
1504918,857,above,entire
793639,791,company,just
514567,50,manager,old
860220,4,science,plant
913615,442,loss,notice
1278683,824,truth,edge
1518115,678,big,some
1298619,713,company,mother
161190,198,finish,probably
1183337,705,read,onto
299374,855,east,crime
24007,669,myself,she
115091,160,by,election
1508824,752,also,your
765526,550,fish,election
559227,819,system,professional
115573,445,perhaps,physical
1149186,522,threat,moment
1260066,304,wife,defense
321093,977,phone,along
1153279,520,east,could
42888,850,when,education
1195429,928,difference,reveal
1165740,529,hair,land
364830,739,onto,long
597547,569,image,begin
422911,670,instead,image
431315,647,blue,population
1355273,290,small,control
1340096,836,loss,rise
1056139,553,business,big
1231343,153,later,out
970169,983,success,realize
1029107,90,room,personal
1344879,132,have,player
1054426,591,deep,two
546777,257,skill,by
431176,480,necessary,foot
917622,76,back,American
1373870,191,line,base
462324,330,air,fire
866981,203,black,loss
118723,453,generation,apply
1139092,122,yourself,travel
840214,918,help,table
1145792,749,nation,parent
293664,862,oil,low
249517,708,someone,much
993144,232,serious,activity
1478013,466,ground,tell
325783,92,example,plan
1080286,25,police,or
577173,200,capital,under
498528,272,parent,owner
1012997,30,floor,side
201245,787,result,bed
435165,651,born,drop
963749,505,deep,response
1356711,94,order,however
1084175,447,music,eat
617841,886,green,amount
592637,224,now,people
500470,573,economic,professor
804718,305,various,foot
1107565,983,five,threat
476455,248,house,language
1341565,104,party,certain
73871,949,be,operation
354373,748,contain,customer
1425214,149,nor,she
158799,356,thing,style
749421,246,leader,change
721698,410,kid,authority
879122,896,kid,six
1435861,401,lay,arrive
652036,748,prevent,may
141197,883,air,meet
397036,650,pull,culture
1223316,516,allow,over
266799,432,eye,strategy
622386,71,although,agent
1229594,359,record,edge
1042991,880,family,region
566707,697,field,effect
710286,760,particular,behavior
269033,700,prove,final
710956,284,development,agree
386966,834,end,have
940299,551,together,consumer
587257,969,seek,everyone
1460289,439,late,interest
990223,402,democratic,prevent
563910,335,computer,religious
40521,779,phone,experience
647698,427,half,low
789332,506,single,that
1027865,935,usually,young
1343386,704,exist,whatever
437705,904,detail,even
1077141,980,professor,others
792237,178,while,message
1159076,261,anything,this
29162,42,lawyer,now
170081,115,song,present
885233,923,other,call
196276,964,practice,federal
1050694,892,type,rise
441282,64,race,idea
1344954,391,despite,another
1438758,910,themselves,school
168893,621,step,energy
421980,966,art,certainly
316769,759,leader,police
131683,771,if,tax
485903,748,operation,mission
1351523,982,chair,sound
137424,454,work,a
378883,448,lot,lay
966406,328,eat,traditional
665374,26,action,she
548256,702,step,group
1495388,770,top,environmental
1068754,133,hot,training
635829,146,say,believe
1189439,745,seat,may
1483242,636,image,suddenly
27187,178,poor,base
68234,90,avoid,officer
1065057,570,cup,environment
188133,264,factor,often
207719,406,notice,economy
30069,983,pull,mind
912789,714,or,true
1438713,513,PM,point
943346,977,week,arrive
1126881,62,close,opportunity
937120,146,minute,capital
1456688,849,million,enjoy
1496021,657,the,seem
1346392,147,no,some
1494709,106,myself,time
1397877,583,phone,strong
1105189,870,hold,wide
1512466,322,law,know
432743,587,hard,remain
391451,828,loss,within
872579,359,ready,next
819740,164,behavior,town
1277605,70,by,walk
15719,374,however,stock
1432752,504,fine,I
1035769,52,large,necessary
1312544,832,hear,he
226769,357,society,play
1080790,712,senior,of
756442,882,blood,recognize
73502,15,concern,system
1050919,102,near,some
187468,781,employee,all
540355,515,man,their
652030,699,manager,executive
417453,649,rate,rich
626149,76,visit,probably
486579,257,use,assume
1264376,367,establish,yes
80964,436,focus,system
276116,69,around,story
531360,258,TV,probably
820720,150,various,ago
352790,1000,risk,reduce
1466305,766,system,guy
965698,319,relationship,live
199879,52,push,although
624917,635,hot,since
433761,819,leg,early
458852,30,whole,author
570009,587,cell,defense
483526,147,national,cover
574634,922,factor,cut
34774,731,friend,while
1000617,900,now,drop
194216,346,follow,social
972494,12,Congress,population
398441,181,figure,west
1202372,107,executive,beat
840317,930,approach,general
610011,282,analysis,its
1355841,441,lawyer,out
28557,56,discover,own
244052,384,recognize,score
945476,119,for,son
33822,390,where,remain
776307,886,just,impact
1117733,633,real,case
1215135,67,stock,last
663920,734,over,expert
316319,314,pull,discuss
173412,635,director,friend
358004,986,art,sister
909439,985,deep,across
197419,441,consider,political
1346698,719,keep,fly
749928,164,language,arm
152468,493,drop,ahead
669283,249,ok,onto
809536,722,today,million
1062395,605,whose,degree
539306,615,agreement,require
995446,414,interesting,mother
73368,914,available,necessary
207578,950,clearly,rich
1287574,496,director,market
39986,830,government,major
391393,153,why,quality
699651,75,painting,should
931011,255,crime,each
280313,783,list,whom
1347343,481,professional,strategy
147625,358,woman,reach
624537,673,become,computer
314187,761,vote,forget
287389,486,billion,unit
96667,406,board,couple
261144,70,agent,continue
135259,490,drop,exist
55268,830,system,inside
583375,351,team,guy
663860,394,role,firm
1021831,705,three,perform
1110403,24,be,bad
1050005,282,impact,operation
1466801,911,hair,fast
984137,769,who,a
63796,680,mission,sometimes
734878,320,board,one
1068630,734,near,week
946982,306,tree,argue
1210791,164,present,take
555634,931,administration,itself
1484497,126,exactly,important
577709,997,might,try
1068660,230,special,government
564479,938,itself,available
30272,395,worker,only
864375,686,ever,behavior
238377,182,run,clear
994791,105,manage,unit
1234582,607,unit,minute
743293,322,middle,late
759632,552,night,fall
293095,415,interest,dinner
748182,503,who,new
56881,37,believe,history
534841,238,level,word
808290,387,break,why
505754,21,four,item
898688,678,million,window
37440,207,easy,expert
703227,672,wish,attorney
785053,897,everyone,whom
1264635,190,industry,center
275038,937,meeting,simple
310649,264,method,produce
762916,69,himself,yet
337456,710,center,share
229858,709,address,lose
965073,937,dream,research
233943,455,herself,give
208372,828,suddenly,area
580112,997,building,meet
200491,579,wonder,simply
465399,547,low,ready
595784,347,gas,buy
721043,810,simple,still
1107273,683,glass,field
1012988,722,build,history
68073,534,instead,girl
1416693,904,most,success
433790,59,past,window
973732,293,save,adult
44981,257,without,single
397176,486,return,industry
1500226,480,which,option
1495676,925,American,practice
606584,127,floor,structure
454179,895,third,hot
388228,247,remember,even
1527845,928,turn,where
663960,260,baby,suggest
811064,432,door,throughout
258324,604,guy,international
451384,586,I,few
631372,747,loss,size
1101488,636,walk,there
102633,794,clearly,shoulder
1239025,781,since,career
285242,520,mouth,consumer
441392,11,water,until
558203,161,most,man
377234,192,particular,career
1406982,344,project,part
1446835,797,military,lose
274966,711,cause,measure
1158051,825,land,very
347403,674,drop,enter
1301857,812,generation,leader
1094784,116,feeling,color
63806,309,table,morning
1375803,950,standard,these
1255990,979,century,well
1279933,963,skill,strong
785597,378,along,popular
492520,396,ten,bring
1118154,632,choose,seven
1109797,277,have,quite
586502,895,truth,despite
842414,647,book,act
1139114,577,place,artist
1516742,224,wind,relationship
976263,484,most,pattern
223904,447,music,loss
228394,424,garden,yes
903211,782,single,music
1298108,188,type,more
1026300,986,fall,true
143461,75,heart,purpose
1539851,318,Republican,care
1375276,126,other,by
352934,783,low,voice
1349381,495,country,need
452425,739,position,ability
1149806,790,bit,conference
131993,158,place,race
56747,572,respond,ahead
941897,354,hot,three
239945,21,resource,sure
288362,332,series,often
1010790,155,expert,region
433291,960,administration,never
1041262,206,pull,take
376110,284,table,discuss
414550,645,nice,seat
73923,167,training,society
571712,220,beyond,interview
683019,269,Democrat,game
715463,825,door,again
900424,520,describe,order
576555,271,policy,fear
1392387,291,provide,large
119454,958,quickly,say
810701,787,themselves,weight
811752,408,hotel,movement
254046,311,begin,heart
1463415,70,his,teacher
1207820,717,feel,theory
630993,217,friend,movement
1138089,395,system,middle
1248273,111,young,probably
401576,840,huge,collection
92940,696,must,must
932268,635,onto,example
1447562,672,race,onto
670718,389,score,treat
305259,178,finally,outside
1371098,996,main,population
39318,223,us,current
1206011,646,during,Democrat
1093661,580,home,wide
1140478,701,no,data
233501,288,popular,job
291914,358,watch,phone
724254,723,brother,wrong
783834,899,such,enter
620490,695,generation,down
1507768,744,American,data
1161784,893,wonder,usually
205989,795,close,computer
358175,630,them,sit
245434,262,side,institution
1102626,558,deal,his
632941,152,democratic,behind
1394921,757,both,around
161921,78,nice,huge
613693,581,possible,type
1330186,908,sell,sing
792753,583,candidate,last
1356599,706,cold,could
1144597,461,manager,various
1267090,992,really,sit
1437170,657,sister,other
862059,250,nice,per
53727,487,onto,then
788956,612,most,still
1253993,984,hospital,likely
283787,808,increase,data
1208864,274,suffer,policy
10336,132,pretty,keep
39480,170,maybe,better
601017,200,somebody,probably
1164899,736,discussion,leader
772499,778,middle,commercial
762036,601,his,participant
1096367,337,save,approach
423715,695,exist,truth
651086,717,president,draw
886934,457,prepare,worry
298140,460,thought,learn
643651,304,technology,its
1015384,544,notice,could
1448639,948,rise,whose
1471089,552,people,project
1048550,560,across,resource
563831,515,accept,maybe
1036699,803,detail,to
1278260,121,certainly,work
114271,349,sound,itself
1074085,657,pattern,their
44098,204,within,outside
967385,896,professional,activity
1242664,374,they,fly
160041,983,mean,family
1111968,39,leg,western
1220009,536,spend,even
941001,601,few,help
362605,538,through,cup
553193,119,artist,others
741548,270,view,good
248207,169,vote,friend
1285984,540,us,top
1387246,998,nor,alone
1463874,288,civil,bring
1417439,65,myself,day
906535,929,task,partner
952576,586,participant,board
992695,797,buy,card
4234,418,gas,eight
97789,505,century,that
1097009,296,travel,such
790764,90,leave,support
266771,441,result,again
997686,169,player,why
1214135,876,peace,soon
725260,980,off,fact
962335,127,matter,strong
575460,347,every,step
1247542,479,site,reason
1041252,531,any,woman
293556,374,exactly,item
925811,352,physical,song
1514251,35,tonight,eat
1302477,203,task,almost
1537876,740,movie,must
1262115,576,test,red
688647,730,cultural,subject
1413149,8,strong,nice
1294056,35,worry,here
396143,700,increase,defense
13457,947,able,still
1200702,505,material,beat
921013,141,probably,despite
680739,808,treatment,receive
1123475,886,us,personal
68769,400,either,decade
1359242,906,base,level
647700,744,three,raise
1148736,940,add,charge
624634,544,tend,sometimes
85245,606,people,goal
866876,431,cold,industry
886658,747,picture,type
605938,469,arm,program
28044,618,information,list
1308033,508,adult,have
239261,403,word,after
622795,197,glass,source
704014,726,live,market
966346,161,those,PM
1262944,930,record,assume
167495,952,whole,compare
1172158,789,concern,whose
590220,289,article,person
252388,649,much,Mrs
664411,8,long,time
1487823,110,money,TV
1056223,7,father,approach
566971,149,local,image
245614,151,west,control
256883,594,these,behind
1133914,604,maybe,firm
452201,175,glass,away
732733,294,ever,authority
244232,233,throw,shake
1288117,935,natural,live
1368382,844,her,best
1096850,412,military,affect
165987,559,only,person
1420611,349,leg,trial
318862,335,who,draw
1407240,817,range,least
152911,723,glass,less
1463025,307,at,shake
591109,394,administration,sure
779554,113,use,amount
533878,312,tonight,away
1272231,593,bank,grow
572957,930,reveal,husband
754556,564,section,because
37270,1,start,bed
575630,817,start,control
600192,825,public,reality
431127,686,into,will
164944,682,few,media
390551,841,language,list
204333,438,Democrat,PM
264374,491,near,personal
164659,225,prepare,notice
1202198,851,beautiful,both
848625,828,question,chance
473136,996,better,those
1402569,457,respond,guy
623211,794,forward,way
1389795,993,hit,home
998769,820,president,phone
246076,212,couple,goal
883559,905,about,purpose
616422,945,issue,figure
359139,635,discuss,partner
788262,115,assume,ask
856719,835,star,production
737721,526,recently,image
152240,540,believe,phone
740175,280,everything,available
1135046,254,the,affect
596524,274,piece,form
1157233,994,staff,story
674906,554,not,smile
1397741,594,husband,deal
76076,215,half,our
1037469,904,music,word
1233354,945,realize,worker
1313740,114,rate,consider
912167,309,west,trouble
1207413,126,program,kitchen
466345,893,though,project
1401721,615,option,hospital
1209432,900,southern,hour
1479034,594,other,add
496388,669,tonight,direction
970104,39,others,involve
437772,669,right,meet
1040303,968,by,yard
416867,458,increase,exactly
1479287,631,main,market
292224,380,message,garden
349167,662,his,break
700012,665,understand,owner
889801,510,course,among
993648,89,leg,peace
237434,154,strong,break
346986,840,religious,figure
429447,348,arrive,my
1014350,473,no,never
703849,980,dog,provide
86587,112,break,these
1319904,950,task,often
1183254,861,whole,impact
243305,63,herself,sit
807934,436,reason,suffer
724087,518,local,upon
643450,598,sound,identify
1070612,263,that,brother
1491714,129,art,everybody
1152086,558,financial,care
365004,610,product,single
683357,219,themselves,something
775106,707,Congress,let
777847,443,concern,want
615061,485,class,lead
1154796,707,rock,federal
350181,474,store,whom
527567,65,approach,theory
791306,357,call,never
1328746,665,agent,analysis
162836,409,again,memory
1499969,731,which,seat
1255520,901,list,you
1345403,891,spring,positive
1276376,769,live,inside
6233,67,none,former
807654,618,ability,suffer
44953,575,boy,sister
263306,868,result,put
702879,56,dream,whether
910995,509,sort,every
889233,288,way,discuss
468882,120,voice,debate
522888,906,difference,agency
1432007,958,paper,over
985245,959,over,cost
1039754,261,collection,run
40033,449,style,report
790014,430,environmental,condition
1376425,92,against,full
1086376,159,southern,break
1224232,433,rest,after
237934,431,light,majority
380541,674,street,woman
1123799,252,player,month
209551,357,show,something
1372666,27,during,catch
113112,292,than,miss
593188,838,mouth,technology
434394,873,care,well
1103706,195,despite,range
314077,512,product,apply
449051,523,team,nature
990984,65,audience,third
250031,333,measure,other
541933,678,forget,week
1522874,170,carry,knowledge
1073665,852,success,expect
1288493,847,about,quality
1085280,227,through,some
715771,327,if,member
1366953,339,general,owner
524990,344,become,our
764938,510,single,rock
925536,810,eye,figure
1318123,319,talk,itself
570655,756,better,prove
1082752,186,discover,executive
1082482,134,sound,crime
1363787,875,real,social
68098,291,there,television
952361,470,them,mouth
1478670,812,operation,of
401011,659,follow,class
643484,70,rate,program
1339242,896,commercial,reach
1479270,766,Mrs,general
480485,773,organization,skill
399346,292,begin,product
541410,329,garden,eye
1283794,268,seem,peace
424490,530,sometimes,pressure
1445270,499,entire,person
57187,313,interview,seem
249812,233,guess,any
870672,776,marriage,around
1415193,537,behind,fill
1421775,960,bar,write
880387,295,radio,skin
952715,329,total,statement
641300,71,anyone,just
647652,459,particularly,decide
1234720,189,quality,catch
489712,42,share,subject
990389,124,choice,idea
269380,472,during,condition
975649,742,treat,eye
107151,14,positive,difficult
547137,306,house,rather
468229,475,hit,teach
1161079,413,hear,education
910942,13,control,drop
1091373,420,certain,street
350923,474,industry,behind
912443,969,four,bad
854275,863,feel,available
1524868,820,box,research
508292,220,everything,pass
672541,607,senior,policy
1198345,696,alone,present
338036,501,under,of
458945,912,mission,wrong
220244,742,energy,low
485178,124,hair,let
562450,25,dog,ten
1138154,88,father,pressure
625663,679,focus,bank
621543,370,trial,structure
1155819,808,seek,past
858619,419,lead,rather
363078,215,manager,stop
951106,860,station,them
762779,96,stage,season
754177,575,easy,generation
1262735,508,PM,scientist
479619,992,current,choice
1066491,546,couple,time
638446,104,spring,produce
254009,687,pretty,price
920127,665,wall,little
1403375,324,onto,side
300314,842,friend,resource
926304,615,hear,kitchen
1142520,775,exactly,reveal
1379772,489,century,maintain
129148,71,rather,especially
457522,927,simply,especially
870997,76,project,spend
706258,669,pressure,art
649341,610,continue,practice
136402,231,respond,many
697521,386,collection,man
1162418,873,alone,moment
534772,561,place,suddenly
923926,711,could,present
911755,377,hot,pressure
779194,189,owner,center
1450995,788,skin,add
871338,56,those,run
524908,239,adult,employee
79029,255,soldier,feel
734752,158,social,especially
1434485,867,situation,feeling
22244,380,weight,sort
548086,974,newspaper,film
250950,140,prepare,break
814767,736,leg,deep
666784,141,service,pattern
195203,346,available,produce
1465122,532,turn,church
487166,695,will,treat
1420723,131,beyond,behind
1028881,470,maybe,yet
641811,773,painting,party
1073310,18,with,if
927799,520,pick,up
956497,397,base,responsibility
59407,687,fish,civil
615661,36,left,whom
3308,673,it,lot
1238356,455,final,success
641074,638,laugh,director
735245,251,forget,continue
404823,899,state,computer
1137693,686,guy,this
930793,493,fire,politics
1239026,995,determine,near
1137092,91,idea,report
1016440,886,onto,whether
303191,723,item,side
95741,17,feel,establish
1232049,186,amount,standard
1126585,929,often,world
1052794,635,assume,man
218285,863,blue,amount
367821,252,design,about
611998,92,tell,friend
980888,114,everybody,new
1181754,660,guy,end
1122485,206,PM,successful
1242608,619,any,necessary
986557,515,professional,finally
853236,328,campaign,but
1216738,235,city,relate
1405835,288,time,firm
500596,898,include,kitchen
947063,62,particularly,interview
1370776,408,mouth,yes
171815,719,show,feel
28668,105,prove,door
1295844,369,minute,attorney
1114382,203,hair,line
308710,201,fish,each
834125,794,less,final
400523,944,be,next
498800,115,before,concern
296761,995,family,because
481282,340,section,population
1286740,479,guy,up
576268,380,hold,start
1507897,206,thank,beyond
331458,738,away,pay
1516571,609,beyond,factor
908340,32,a,into
1333235,511,seek,order
501729,713,sound,trial
963447,712,care,she
398751,967,woman,simple
1092243,86,although,say
1366963,683,reduce,she
1195333,963,stop,few
135285,897,finally,father
400742,128,scientist,thank
662864,117,two,which
465407,644,fact,notice
414262,740,until,painting
214489,612,physical,high
1338867,923,son,food
750788,866,fire,success
884390,577,watch,serious
140671,499,deal,image
953952,212,himself,pattern
794953,537,west,step
987357,143,everything,indicate
31522,447,job,account
147516,94,public,conference
454718,176,me,show
1362159,413,image,back
733365,558,history,human
2433,447,manager,me
950992,734,control,upon
859203,927,example,how
906436,640,significant,make
32759,490,international,gas
81952,225,small,whatever
413615,994,leave,move
1092696,653,be,include
1398989,196,without,order
315887,251,take,since
898654,204,reason,exactly
862465,546,office,discover
690727,815,security,central
423113,20,difference,she
977446,313,people,create
786658,310,member,he
1243727,800,chance,still
1438964,735,during,expect
398706,682,century,return
282717,446,hotel,picture
820804,928,practice,world
847146,908,though,audience
17763,526,deal,campaign
1139666,578,director,work
1333166,348,across,allow
1028165,631,poor,ask
864160,460,might,training
1536201,933,without,management
429284,11,upon,no
899777,751,focus,less
443888,850,drop,middle
689216,996,painting,Congress
725332,526,will,no
428318,888,way,that
1466857,919,fine,wall
1494508,105,report,mean
348813,903,impact,what
1299183,490,today,shake
293433,210,provide,option
993338,123,experience,find
1418620,680,show,artist
1231567,875,outside,program
1461545,301,example,attack
1483365,714,model,those
1008458,402,raise,professor
850596,524,hour,work
1002363,303,success,effort
153141,82,nor,first
620924,704,right,many
1126954,530,choose,cell
468638,969,quite,entire
1174461,962,risk,discussion
1015939,557,foot,building
1404267,453,will,forget
149423,441,church,loss
1328780,232,take,paper
491654,440,environmental,court
682336,775,fire,ok
1320115,654,give,treat
194637,511,development,vote
502816,166,project,and
192077,56,Mrs,discuss
1067771,546,policy,build
1041127,164,wonder,how
1137278,306,marriage,development
1332875,546,oil,floor
171980,642,leader,tonight
37924,887,better,what
89327,924,call,staff
1410731,911,worker,trial
487117,809,he,young
1279002,985,rule,management
350787,375,teach,effect
380527,499,avoid,dinner
206553,432,still,maintain
1286347,525,recent,image
956591,361,present,look
719113,350,get,character
1167715,709,charge,hotel
299727,705,space,position
1096058,118,pay,bad
1258596,723,agree,clear
20895,410,benefit,resource
69213,767,region,discussion
244576,885,ago,home
1417388,819,real,simple
182172,935,know,arm
356813,936,mind,onto
674014,706,quite,service
210616,681,necessary,film
938091,138,piece,any
562283,476,job,building
555782,26,such,dog
144999,836,foot,thing
1492068,820,seat,every
439042,290,well,professional
1488136,389,magazine,major
153992,885,hear,set
272192,182,ten,member
714392,522,put,threat
640107,246,almost,reduce
853869,706,they,population
48908,723,allow,before
1085470,801,participant,such
1255500,685,movement,quality
1285608,251,despite,minute
321404,275,even,friend
105301,104,nearly,year
1133103,719,arm,successful
1529234,608,range,tonight
796766,496,mean,involve
1159130,260,cause,painting
143026,728,close,alone
349141,691,carry,same
475135,486,turn,book
723816,991,work,man
1370399,609,reality,still
1185901,464,trade,start
1279783,691,usually,number
119731,407,magazine,side
1058535,961,support,beyond
644416,231,wide,door
700067,332,assume,you
384646,264,use,least
720468,762,how,threat
770561,14,security,energy
1514170,781,because,none
816240,618,fine,science
122376,400,become,why
809868,332,stuff,marriage
1526890,543,order,himself
971181,86,marriage,focus
1289101,643,market,response
333418,441,movie,process
675816,500,blood,story
747338,310,administration,light
465755,878,scene,financial
478873,562,ago,near
1529156,366,us,you
546389,631,anyone,car
882374,460,receive,result
93137,770,check,deal
47339,712,future,whole
307820,6,should,none
370563,14,support,reason
836704,469,type,part
1323217,965,at,democratic
572806,190,seek,old
1103430,756,magazine,heart
979921,822,reflect,report
110609,210,available,particular
1200135,330,a,sell
525276,988,generation,big
1408152,429,about,begin
1436132,676,lay,staff
1451894,683,consumer,act
3705,346,coach,even
838593,932,within,leg
777401,778,ask,just
143947,882,almost,high
1434672,372,but,perhaps
79959,536,key,partner
1137202,761,material,every
967190,521,in,TV
24056,362,ask,begin
1316979,972,discussion,hit
183941,7,material,key
1118810,195,ground,quality
1277857,175,whatever,stuff
1367507,70,thousand,similar
1047961,578,what,compare
360946,224,high,act
14108,588,concern,although
492469,337,mind,quickly
612125,728,then,decision
119596,940,face,beyond
165435,737,range,lot
339718,534,second,low
574210,320,fly,charge
1315975,784,between,onto
653458,543,draw,bank
1007020,579,including,add
384114,404,main,message
1353380,761,middle,visit
678507,825,before,charge
527235,695,among,along
943910,209,enjoy,in
1349707,198,occur,PM
838712,471,particularly,dream
324169,172,else,majority
640490,475,war,national
1067778,8,south,officer
1101604,478,fight,positive
1052466,698,position,ten
1128689,719,situation,piece
641105,966,it,fish
1066954,641,themselves,day
479491,885,film,side
790433,137,color,sport
24859,139,hard,floor
499927,186,Mrs,try
1527196,878,unit,current
1148095,518,leg,high
262486,609,green,detail
234946,756,money,financial
283555,421,base,from
339834,452,management,again
586326,740,blood,oil
11283,533,hospital,all
737437,783,free,opportunity
1418899,702,course,appear
1061553,695,respond,explain
1501853,595,price,reduce
679886,65,who,significant
678653,433,miss,foreign
672803,193,number,health
1526944,489,use,nation
1263449,119,response,much
1152458,996,expect,hard
343418,88,choose,art
1287286,836,outside,around
482042,858,mind,then
1462907,462,move,parent
12175,796,the,dog
1141371,335,loss,present
1109595,326,entire,music
934971,586,long,memory
1049132,111,own,both
1321941,739,forget,trip
494794,45,citizen,open
759399,752,budget,station
511077,129,put,difficult
422610,63,clearly,question
1129703,217,take,four
682175,987,beyond,wide
646730,713,sit,along
988405,851,another,father
157440,511,speech,me
736013,156,must,occur
827667,42,order,thank
703878,234,travel,million
237151,623,according,argue
201157,236,and,effect
278604,441,family,current
931445,392,down,body
801418,269,type,chance
523466,720,rule,them
920519,617,time,raise
1349995,471,response,local
594530,979,prove,explain
909947,556,plan,consider
626639,233,concern,though
244877,994,fact,say
1243969,183,almost,chance
18140,394,west,sort
34022,745,building,success
1001640,283,area,wide
656813,486,usually,policy
523881,105,million,cover
1184714,931,prevent,worker
1337344,894,of,ready
734750,259,company,next
190387,527,discussion,among
962261,415,indicate,conference
408976,516,clear,help
1065178,109,around,training
1497342,553,industry,clearly
996892,870,tell,break
1050472,120,serious,yourself
766481,414,management,choose
1027340,241,event,skill
380140,158,over,ahead
1417057,6,day,walk
33297,749,their,large
1179978,263,go,traditional
312384,588,see,six
1382412,14,personal,office
20047,567,very,science
1268114,312,morning,participant
1515886,445,learn,she
39973,776,concern,visit
528887,922,certainly,ok
1069587,496,tonight,break
1351895,526,bar,American
1202596,664,really,case
817685,808,collection,theory
405514,551,offer,young
349656,471,record,away
495551,913,recently,talk
357095,299,return,forward
954810,865,wind,return
411222,25,pay,book
151887,627,politics,since
665896,337,environmental,choice
1274457,585,east,account
882504,769,language,can
235477,99,owner,suddenly
182008,507,service,collection
593585,670,look,early
873602,588,condition,how
1402639,577,dinner,article
576005,995,well,suffer
486868,163,use,economy
787178,205,cup,camera
428638,171,machine,PM
603817,444,produce,second
862799,141,serve,vote
490594,203,show,different
1061898,471,financial,participant
99907,301,player,together
885236,146,up,surface
193515,385,term,yet
210512,122,continue,fine
703844,264,discover,strong
238998,989,identify,investment
1304111,294,pressure,senior
399593,744,over,audience
541302,247,easy,fine
571653,599,middle,film
593249,967,politics,interview
1099127,783,now,election
175555,238,building,lawyer
1495825,959,fact,any
464890,113,bag,thus
635157,672,thank,listen
1408781,859,final,explain
1471457,798,again,blood
729830,328,within,guess
575373,509,expect,answer
715179,989,picture,official
667489,18,big,me
271976,74,laugh,information
717768,29,left,after
906836,376,continue,especially
209556,840,interest,doctor
1129714,270,see,near
1061440,528,these,dinner
1195328,797,probably,not
265843,823,people,produce
926144,784,know,sign
1475168,592,others,pressure
1400815,427,avoid,set
1278361,68,seven,agree
1536808,483,fly,identify
1197417,663,Mr,show
181086,257,yeah,parent
1086457,427,some,include
616206,536,detail,garden
731363,1,ever,meet
708616,387,what,human
13093,50,soldier,detail
224983,22,represent,society
807055,685,project,good
560059,437,bit,become
1362027,354,character,or
1488335,236,early,current
891072,579,reduce,sell
874612,11,growth,stand
527646,487,quickly,loss
1324323,146,possible,analysis
1277251,449,ago,lead
355391,822,everyone,ask
21336,651,up,event
1234153,739,note,couple
1016900,349,wife,customer
1215415,691,hard,huge
1539600,768,fish,bad
826833,178,discussion,such
28,318,spring,people
413128,37,information,environmental
184610,931,long,bill
180854,596,big,skill
1367884,33,throw,simply
797259,669,particular,sister
774762,907,task,election
259325,493,treatment,yet
270465,617,up,election
394832,623,at,fish
1001894,599,technology,tax
1238823,24,past,truth
448873,995,gun,brother
129392,795,eat,feeling
503821,134,commercial,station
783746,770,his,four
322248,437,draw,myself
475787,888,see,perform
1251036,94,just,woman
748876,636,to,skill
1499359,867,field,big
1192875,62,into,note
80632,212,bit,around
269858,4,arm,hold
1463392,674,opportunity,agreement
968417,364,structure,memory
1496704,33,between,where
1244549,970,catch,bag
935987,313,item,alone
1323717,420,sense,current
959993,23,between,him
621820,749,morning,become
1496368,588,walk,consider
1251119,906,real,in
468921,81,run,actually
397123,925,conference,high
1319113,666,argue,compare
229839,945,nor,ever
1465234,101,show,question
129822,757,political,sort
131015,908,office,drop
774831,614,station,international
599369,416,key,know
68150,206,over,reflect
1342087,840,but,all
1178114,38,today,your
905981,176,land,benefit
504344,295,public,improve
1328190,811,determine,skill
1121572,361,experience,particularly
170124,745,fly,girl
44822,796,candidate,among
1500357,517,stay,player
792373,99,other,others
1009549,605,board,tax
772921,568,thought,mean
1077578,348,ever,conference
933744,912,meeting,eat
33160,144,light,cultural
740342,603,history,appear
18557,853,generation,size
1228806,357,meet,church
386741,725,benefit,open
1261273,846,chance,quality
155633,806,step,leave
877446,291,message,detail
551369,656,chair,mention
504839,143,modern,son
907182,344,only,center
830397,76,wall,reach
809239,80,point,today
1004139,129,recently,eight
1429434,872,image,positive
1235970,296,individual,current
922150,202,up,but
307087,445,read,set
1522165,729,can,role
812520,808,population,less
1052105,896,they,drive
954744,882,prevent,specific
116788,960,customer,future
372243,233,fill,story
1288509,230,current,memory
579951,530,process,let
926543,257,later,reflect
148004,752,small,arm
1084286,998,laugh,coach
31102,364,nothing,young
1274361,417,side,forward
632377,117,yet,window
1082185,449,thought,affect
1525393,167,finally,event
312965,572,buy,reason
1280406,509,with,author
324914,866,run,policy
795007,892,modern,book
797615,206,third,stay
995982,805,item,ready
270028,739,herself,enter
1446953,990,box,let
419626,444,service,pass
1232494,257,technology,baby
1390863,93,word,affect
486127,605,see,before
140574,62,represent,federal
1282452,891,lawyer,raise
160359,563,growth,court
382246,267,ability,customer
1469289,88,population,hospital
987624,911,wife,stand
804298,70,model,act
1029564,841,Mrs,whom
589688,955,director,lot
1235159,677,best,responsibility
1277164,791,home,send
135803,994,site,notice
47873,155,stage,treatment
154277,790,ahead,ago
611456,154,tend,sit
397211,329,arrive,billion
1037918,222,law,door
553834,252,remain,join
261800,407,particular,lead
724086,464,recognize,may
211682,516,above,evidence
967352,702,ahead,suffer
915256,513,performance,question
853896,745,buy,a
368717,565,right,wish
995280,339,whose,possible
716826,431,protect,painting
424936,61,fact,back
1215722,574,single,young
995873,146,defense,camera
212638,874,western,compare
555005,597,not,all
1075992,396,wish,skill
58746,964,affect,talk
997355,735,mission,lawyer
1135092,525,outside,he
519782,991,window,exactly
1040718,535,relate,local
1475896,606,source,training
1126269,802,down,range
1251397,470,commercial,low
1137132,639,today,city
970174,967,concern,rock
117654,35,interview,read
806578,491,lawyer,speech
990678,839,per,each
217406,22,real,town
549084,527,already,someone
960286,159,detail,happy
479142,776,skin,certain
1130951,334,better,down
1225563,433,street,before
958924,320,position,develop
1371207,699,service,us
534614,804,political,act
162799,334,minute,large
486743,977,source,officer
180731,393,woman,answer
383181,598,chair,fight
618283,222,decision,alone
879968,554,left,why
1276157,148,money,ready
458626,895,rate,write
1418466,807,young,he
341208,343,of,prepare
509068,897,drug,simple
1319957,186,thing,well
902371,787,life,represent
72611,502,reflect,when
1477037,249,change,join
554919,968,beautiful,able
1362818,879,early,someone
1033888,500,deep,always
647030,552,design,moment
95524,620,attention,approach
695039,590,far,indicate
772355,557,expert,speech
1065761,65,during,two
607382,356,adult,movie
1261429,591,wide,enjoy
268639,487,nothing,mouth
1497386,561,career,federal
124258,919,also,maybe
392509,546,guess,form
243379,151,political,big
146216,74,phone,economy
946797,35,state,floor
243115,907,left,ask
355034,787,help,small
328803,205,rate,town
516124,31,spring,police
933394,50,stand,upon
1452015,684,office,option
149921,127,measure,inside
1504955,66,address,evening
92292,932,role,key
1522801,105,our,system
338724,572,strategy,choice
1403742,823,doctor,safe
140099,182,student,radio
852347,350,sometimes,picture
547401,383,shoulder,defense
145123,810,large,worker
606384,695,thought,yard
630419,267,I,city
736376,529,know,director
713998,414,general,according
483616,518,perhaps,machine
321000,71,campaign,process
253779,645,measure,sister
1333716,891,trouble,carry
1169199,487,surface,remain
1405896,282,lead,quickly
931004,470,toward,difficult
710317,901,interest,effort
602637,154,whether,role
592352,299,statement,four
956021,307,book,letter
784023,690,party,trip
1112834,1,vote,affect
94410,919,wear,traditional
309046,371,Republican,someone
1407111,160,usually,produce
449130,367,college,pattern
565823,891,soon,change
502696,706,service,response
1010429,188,create,front
767970,418,seek,trip
869372,579,resource,decide
200736,824,draw,police
1330808,501,company,soldier
768570,172,wrong,possible
301068,980,position,agreement
712179,439,during,sea
534889,998,school,mean
1249358,340,picture,interest
164079,326,amount,north
95407,72,image,book
942963,775,focus,figure
1453906,327,white,read
10028,701,act,tonight
1227401,404,system,will
456906,122,imagine,economy
300418,741,ahead,first
788768,432,little,board
1412815,482,give,huge
1010841,857,imagine,even
548718,866,heavy,church
881887,379,cultural,enjoy
503211,878,rule,trade
304358,336,before,adult
1240742,937,end,ball
524409,718,call,only
273028,101,I,forward
1385960,40,right,painting
784752,181,prepare,yeah
1153121,226,newspaper,once
657492,394,management,individual
1506527,543,small,may
919231,282,well,have
25778,803,church,back
282095,118,economic,machine
1062523,699,none,particularly
1470211,224,sometimes,mention
592397,690,true,explain
1158161,163,tough,American
766896,486,toward,strategy
1113044,773,political,ahead
1196540,200,food,same
594039,646,inside,wife
1362505,558,staff,hold
1129714,206,which,thus
1449163,783,ahead,instead
1506273,566,make,ask
970405,162,reflect,design
639227,94,street,area
898727,833,popular,appear
1011489,207,rest,player
1153299,956,might,fly
39670,551,base,whose
1177658,602,win,later
1056027,855,sometimes,sense
288248,142,character,apply
1153645,904,cup,race
1057120,580,clear,hour
840516,248,ability,middle
338271,153,true,for
1139681,836,husband,into
287469,805,camera,two
583496,769,memory,community
1405179,544,image,often
1048944,76,body,remain
1170595,397,no,down
849747,415,able,fast
449148,991,sense,wall
1093407,450,major,her
205702,286,allow,community
1297624,220,turn,item
286654,368,once,PM
1020590,706,possible,sometimes
1245769,430,lawyer,mention
13603,251,per,better
576508,263,very,eat
1068278,180,edge,bill
1481094,556,soon,view
1183090,448,total,type
318130,156,former,always
887537,933,military,party
746526,317,late,film
820371,300,impact,forget
116994,682,parent,brother
1487973,819,contain,seem
1254924,184,reality,same
992706,627,little,both
1251630,921,interesting,clearly
1420456,292,leave,offer
753932,144,eight,method
441084,620,car,report
782468,35,price,south
1362999,617,officer,suffer
115066,8,ago,sometimes
216759,502,wrong,rate
1503736,488,society,whole
626951,823,return,impact
897311,831,consider,thought
1161601,80,drug,beat
1459503,937,need,because
1529979,245,skill,politics
99178,880,adult,shoulder
124568,196,cup,reason
177570,563,moment,where
1299739,433,staff,attorney
434676,656,white,exist
615793,441,what,reason
537146,404,whatever,edge
699353,310,since,nearly
675056,158,including,tonight
1070508,787,might,about
314065,710,hard,visit
1016045,115,matter,establish
712932,247,national,run
126430,355,though,movie
359782,968,mother,continue
1015630,290,break,admit
468275,962,person,anything
728596,579,body,eight
1320592,73,security,challenge
1421680,93,soon,deal
854460,857,attention,sell
793594,834,body,vote
476592,664,me,parent
916010,751,send,sing
1307037,186,student,current
679468,906,season,ground
1432030,375,office,usually
1309586,542,the,body
48675,980,true,majority
241029,489,imagine,alone
1119825,737,drive,only
1034628,755,behavior,rock
1006360,668,experience,make
1053317,123,free,worry
642694,316,final,because
289647,240,race,couple
94166,403,speech,forward
445242,127,trouble,white
1424833,371,small,reflect
115334,184,explain,down
525191,599,bed,law
1420673,189,matter,court
1216205,308,mind,trip
554354,848,manager,likely
642315,21,must,report
1380913,177,though,second
393836,39,white,even
1438527,48,likely,fine
301368,432,agreement,drug
562428,606,fish,surface
1010202,867,camera,discover
93656,280,garden,cover
1248170,374,to,sort
415913,630,officer,form
453510,765,television,onto
905141,462,information,among
490580,580,buy,environmental
733877,221,rate,laugh
1188499,689,coach,teach
439088,687,watch,particular
88173,567,firm,in
283942,506,call,simple
2235,184,their,movie
1124236,896,often,guess
1017524,654,surface,sign
684376,512,fire,story
867812,75,for,nice
246209,885,management,check
1130944,200,much,parent
16252,390,term,no
184238,509,concern,true
1086533,795,page,six
1244403,46,brother,list
920653,996,lawyer,development
1498524,867,short,scientist
864185,172,forget,friend
787285,766,manage,seat
250416,617,speak,money
808630,537,world,fly
1112261,87,rest,include
605156,160,day,project
1268218,764,rest,check
1529321,595,rate,watch
861222,922,executive,religious
592859,100,baby,notice
503391,784,need,little
867033,325,party,improve
753564,789,you,itself
1138870,302,apply,to
1514153,258,tax,pressure
680722,340,trade,future
1168608,502,wear,deep
157490,948,office,yes
570758,118,if,prevent
285027,802,I,apply
705973,6,up,upon
477708,502,meeting,value
155764,750,right,security
180525,179,real,understand
1204000,493,computer,Republican
908657,310,from,country
134494,822,first,member
278582,687,event,common
1369306,947,generation,former
1098415,79,color,nothing
375171,136,over,your
512004,327,today,know
614710,934,PM,sense
960283,673,her,management
373146,951,summer,space
195520,700,teach,wall
896983,376,follow,major
1506837,561,herself,adult
902126,540,daughter,administration
1415399,670,cut,wear
874245,378,course,your
358955,398,car,life
412672,678,and,talk
764568,412,allow,window
1352520,319,read,simple
209714,509,how,occur
489263,67,bit,drug
489397,511,movie,a
807434,203,bring,management
32835,912,every,plant
742899,318,religious,where
696142,154,drive,owner
131128,218,either,mind
308054,955,fill,matter
938340,596,fight,play
1109680,571,within,time
482762,37,sure,reduce
1193800,115,structure,huge
1359481,856,allow,rest
399297,182,score,person
1013206,246,dream,I
1511997,140,friend,stock
1328120,929,sure,wall
636520,784,machine,month
1139467,98,raise,what
61529,430,ahead,peace
1265819,611,floor,still
468957,82,sound,memory
85731,755,in,subject
955223,192,law,course
522052,689,especially,represent
1014512,374,between,investment
298809,496,season,stop
384796,369,include,minute
1340122,212,recognize,director
1000830,684,discuss,owner
1186772,959,quickly,side
1455486,141,too,rate
1037610,835,hair,into
771907,667,off,visit
479366,501,it,use
1495412,35,college,move
191221,133,foreign,report
964348,926,born,debate
1287284,511,entire,whether
715210,337,model,detail
920582,635,create,play
906667,984,suffer,always
777904,150,ask,author
210064,716,yes,thousand
580606,955,while,second
319802,665,or,small
565198,449,learn,audience
464548,605,available,interesting
1478213,874,century,community
1417093,128,bed,reflect
560601,672,item,again
917437,293,cup,he
515549,26,turn,model
795269,721,beat,each
416586,723,issue,enjoy
67732,898,public,claim
657349,728,activity,across
182861,722,language,impact
818954,917,camera,special
105003,538,east,debate
1017912,113,speak,some
1059526,775,tell,yes
1260242,931,space,move
1231284,555,glass,partner
743315,274,ground,perhaps
1050219,507,put,police
715966,235,there,look
1083824,428,society,eat
1412012,195,pass,play
943597,140,you,him
698208,680,news,stay
581102,138,no,this
243358,389,stuff,game
733136,43,arm,statement
125159,32,fine,new
206139,954,various,me
953929,705,explain,turn
76504,272,conference,church
718535,876,provide,office
248945,851,live,bill
487487,796,concern,soon
270772,574,win,soon
868161,143,half,total
338202,244,service,bar
1000123,132,trial,throw
1061185,121,back,church
1211029,625,represent,in
313294,644,get,identify
737223,573,effect,instead
468962,126,artist,perhaps
385558,494,pick,worry
820704,259,relationship,city
1338675,556,page,under
971872,53,name,young
611309,356,organization,receive
101187,587,fish,challenge
1363414,417,class,end
539794,994,east,far
936384,794,hospital,during
588421,236,set,know
1319419,940,interesting,this
188330,946,door,daughter
1172044,854,speak,technology
1068587,315,power,player
32957,51,investment,PM
1518720,171,have,step
195714,952,policy,single
125848,970,ago,idea
751532,871,commercial,current
572314,532,new,party
923360,366,effort,foot
929487,222,son,name
1217961,945,yard,ask
487495,780,year,fund
283268,79,from,claim
595808,50,increase,result
433140,961,themselves,eye
670252,123,health,beautiful
1155092,343,development,let
75480,542,experience,food
387249,530,couple,time
1123625,177,car,research
901707,938,day,late
1289986,483,could,specific
1257423,770,financial,president
702201,119,describe,agency
1160538,613,probably,executive
721986,263,clear,media
1472169,400,most,economic
303320,842,now,stay
295479,349,buy,executive
325634,430,discuss,sister
564443,407,to,teach
1219990,617,skill,side
87614,2,risk,environment
1453494,493,concern,hard
662643,467,city,watch
1042755,47,behind,teach
1004654,436,collection,who
400211,909,way,technology
1069083,673,production,call
1463613,198,possible,reflect
133686,674,not,table
859184,455,study,notice
430896,467,mouth,involve
1301471,721,significant,air
791558,963,down,each
1127911,844,start,reason
1216636,883,me,become
451845,96,film,tax
650040,490,large,somebody
618925,905,often,fight
779493,159,news,practice
898573,147,enough,education
172806,105,dream,difference
740326,489,face,great
265444,972,less,get
324440,775,final,store
599039,533,crime,protect
394813,473,hear,focus
1508679,956,hair,discover
404415,392,small,yes
862223,679,animal,everything
1275864,565,ever,view
58314,473,work,house
1059257,207,begin,rock
97314,84,pressure,smile
1154733,176,authority,consumer
911279,963,outside,official
561423,624,particular,player
773483,268,show,science
206551,788,weight,conference
87590,896,let,certain
653889,747,power,amount
828651,979,sound,from
901833,785,put,put
561642,115,discussion,campaign
513735,315,nice,decision
1502245,133,light,once
1150128,422,training,body
1476237,574,necessary,choice
567275,689,benefit,want
115469,54,media,medical
1173889,537,trouble,now
1055287,205,my,name
125688,577,return,point
323241,751,customer,thing
210636,567,child,blood
1492974,803,table,true
1538098,104,step,order
1337665,514,southern,leave
542736,593,continue,ok
203204,567,official,us
114845,176,service,speak
412667,753,arm,one
491051,5,put,serve
1022000,861,stuff,majority
1029141,168,effect,agency
552239,71,those,strong
147597,277,ahead,explain
188078,451,development,source
149492,461,black,material
1206883,818,environment,child
835144,443,because,be
695584,389,today,brother
23252,298,back,I
511620,516,notice,even
190900,203,common,that
492238,96,line,glass
1388493,456,dinner,leader
275070,285,back,option
829370,970,its,article
583538,904,adult,product
1071482,208,reduce,save
541983,387,yard,view
1307730,252,society,star
241913,235,land,begin
690378,415,cut,cause
179118,388,require,even
151091,445,expect,economy
429807,627,write,change
978980,119,might,indicate
777295,969,attorney,some
1084192,205,us,seven
1267741,621,leave,thing
129471,370,system,task
105456,872,theory,appear
884271,568,it,improve
1528119,982,who,purpose
358651,335,born,prepare
274799,74,myself,occur
1523290,181,well,note
595673,994,fear,sometimes
923528,92,of,friend
1192070,32,matter,specific
820507,181,Democrat,seek
664516,113,her,stand
1096380,251,fast,themselves
1255712,338,direction,color
1016258,885,media,wish
1218129,870,hear,business
921055,861,sometimes,reach
442699,340,gas,film
233200,343,the,enter
372079,339,man,line
534758,6,my,early
252382,794,behind,make
472222,316,card,account
1259773,134,someone,alone
723649,22,collection,by
824151,72,trial,sell
799573,428,history,change
1495057,761,run,cup
803673,838,this,establish
738004,812,car,charge
882321,926,new,turn
1129693,715,office,behavior
769006,482,may,environment
1082520,941,phone,sure
699442,77,single,official
1522489,104,raise,other
872789,913,claim,gas
666719,250,community,which
103730,714,contain,here
414966,837,born,wife
1308613,220,phone,drive
409786,806,candidate,note
1514786,359,dark,explain
736590,759,talk,type
156203,279,film,performance
526916,493,evening,offer
1263982,852,here,bed
559615,399,development,stay
481553,181,wide,everything
778261,455,money,national
1397705,853,skin,kid
725847,383,dinner,or
959308,464,seat,call
1306449,577,woman,top
1474452,503,individual,itself
821976,123,little,offer
571077,374,floor,mission
452141,552,guess,yet
127386,951,effect,though
1206585,145,area,citizen
389056,853,class,understand
1288602,350,money,people
542397,440,eye,sister
1396563,681,half,region
895603,990,watch,practice
52817,353,keep,sense
347413,292,mean,knowledge
626899,288,give,opportunity
227047,355,color,choose
457850,217,forward,go
1524555,617,turn,scientist
775582,112,she,machine
132213,634,candidate,size
742276,734,analysis,miss
1005576,55,anything,girl
138216,768,work,image
905203,543,be,imagine
691500,976,available,common
557050,845,American,take
192820,848,book,two
625864,590,walk,station
1426531,760,beat,soon
1380516,339,as,will
102482,463,accept,baby
1427887,86,toward,single
485111,656,exist,impact
157250,111,important,fire
824628,645,his,box
569605,887,left,miss
597028,313,name,PM
1068374,176,technology,skill
1507106,154,responsibility,close
686741,613,head,poor
106592,283,end,page
1322767,482,difficult,learn
61768,607,learn,air
892282,950,president,play
1345476,6,society,our
1163280,81,wide,remember
588865,457,apply,wish
168214,277,standard,front
1503056,897,bad,democratic
1328436,284,modern,message
1260626,758,arm,wait
945541,173,world,institution
660712,536,evening,second
1513941,252,front,play
1433905,748,remain,hand
1104240,387,or,human
740144,250,child,market
1394894,112,skill,enjoy
957881,177,report,smile
1196746,599,specific,level
609308,836,realize,environment
917185,977,support,true
135413,911,baby,find
866295,61,challenge,her
1308895,518,if,structure
381983,623,once,find
1067989,750,beautiful,shoulder
691325,747,western,skin
185768,680,skin,line
876187,804,student,paper
747680,95,from,reflect
727775,428,about,hold
962585,197,season,American
1440072,9,condition,really
1134632,340,democratic,similar
1032009,716,usually,tell
344442,448,several,Congress
1352044,568,such,feel
413637,418,seek,statement
493563,155,accept,bar
113344,369,reflect,mother
29239,768,prove,recent
862393,603,let,new
1141734,785,style,bill
770215,731,time,child
176062,107,or,add
207531,892,stock,drive
955720,597,dark,approach
1087777,869,age,outside
93791,574,eye,executive
964770,703,could,usually
653758,729,company,worry
1494454,849,exist,type
1059712,948,former,service
786636,317,financial,computer
1000034,45,black,suffer
493211,553,rise,service
759541,467,against,former
1489597,602,last,information
784406,807,set,second
1118,232,you,rest
1412338,837,smile,order
1209559,962,four,music
1171558,337,reality,though
147790,450,hard,better
1037145,591,good,from
575051,847,edge,actually
476728,943,real,environmental
1493707,176,concern,list
781811,128,after,have
283673,847,like,these
174218,781,sense,despite
585500,579,inside,traditional
1196307,908,buy,in
1209145,271,before,guess
987473,627,hope,occur
145797,688,professor,across
902868,47,after,culture
1515572,509,imagine,theory
996702,284,more,guy
154109,650,quickly,practice
838344,805,effort,race
251171,424,than,reason
965041,27,present,agree
1163695,550,college,truth
606589,495,subject,who
908146,770,under,soon
1481163,956,movie,half
15018,113,age,pattern
1096770,251,executive,expect
816722,724,record,truth
1314852,331,yeah,ok
1008068,451,paper,million
636181,541,increase,respond
800810,896,suggest,improve
420777,68,strategy,operation
468447,845,loss,to
508362,221,final,quality
294285,734,low,candidate
835888,508,growth,discover
1092691,957,usually,operation
192932,551,style,glass
1068843,459,life,sort
1238570,177,second,cost
390378,617,house,serve
132539,619,within,condition
758440,383,different,during
1430475,927,method,however
89992,212,truth,major
887679,806,worry,other
52811,357,success,project
927571,111,brother,smile
1141096,364,skill,lose
79679,261,way,second
587900,443,discuss,up
1173151,515,work,serious
85756,703,need,wrong
1121776,88,anyone,question
1382450,779,they,group
341004,499,sister,mother
102702,380,bar,simply
835909,492,high,dinner
1244074,849,seek,close
646179,655,Mr,language
412779,659,against,modern
162509,709,group,forget
880116,525,into,hundred
1358331,307,great,both
401372,240,successful,day
803822,902,often,guess
1040181,554,peace,matter
100052,697,low,probably
596898,43,push,ground
1009483,8,economic,under
677691,563,future,clear
816745,536,six,people
330037,923,threat,carry
453212,814,difficult,town
1383910,478,usually,television
226488,20,official,door
1364333,956,they,general
1405315,864,everything,ready
1437238,81,medical,return
619404,581,never,card
1187503,355,yard,billion
867682,69,project,start
185071,397,town,our
1392872,966,hundred,hit
173406,570,near,center
285019,961,type,player
734414,899,across,end
593378,249,parent,wonder
761268,127,adult,house
971907,23,simply,film
371061,95,source,up
1192529,677,news,dinner
874141,900,civil,stuff
157678,826,need,amount
1026262,713,meeting,leg
392789,671,make,most
20488,507,response,possible
280498,932,black,create
1141525,206,by,effort
853188,466,get,nation
137158,148,up,why
458810,23,especially,important
751275,524,run,story
1515800,881,southern,talk
813952,473,spend,even
146872,260,that,week
941425,560,behavior,rise
905535,148,nearly,unit
614139,630,build,throughout
527599,483,exist,seem
428653,608,fight,ever
1134620,275,manager,police
40448,498,state,environmental
165982,300,make,bring
1247370,304,tough,remember
1154622,641,do,camera
366728,541,task,size
1016855,974,us,member
357840,292,sometimes,cold
107344,77,whom,interview
294465,345,down,total
1515879,776,song,produce
180382,521,add,do
222705,748,college,school
1348017,560,base,series
861017,440,age,available
1300144,864,strong,bill
267535,416,kid,purpose
668987,281,body,especially
1231005,364,trade,sometimes
822081,101,it,society
1111119,590,goal,seven
1126991,302,sport,dark
1408289,804,focus,ahead
1010438,253,long,already
1018074,614,appear,home
661381,344,hundred,record
895109,444,face,around
948546,269,field,day
690003,8,group,happen
945964,45,school,writer
986003,340,so,skill
624049,50,else,including
946679,953,there,include
182526,534,who,continue
1538381,662,measure,describe
1104871,245,story,best
291795,361,poor,take
1521972,264,kind,lead
1002489,70,organization,when
1470053,212,figure,nature
1511244,129,other,near
865400,422,hair,commercial
1300847,33,large,account
391036,865,film,let
1316112,590,still,star
608885,44,behavior,road
483452,402,air,street
292604,319,hair,beat
864809,968,perform,politics
462903,469,listen,any
260490,130,particular,manage
1011412,912,manage,yet
1341359,145,beat,pretty
975895,498,between,pull
1398840,236,tend,level
774326,250,enjoy,grow
981154,660,purpose,head
301770,547,best,plant
642107,687,newspaper,cost
225707,589,training,onto
971822,627,positive,manager
932026,565,mention,as
567235,309,near,though
788638,377,ten,life
948389,392,him,age
1196035,644,will,item
635309,172,born,imagine
1335964,704,poor,herself
281345,377,may,reason
318701,877,point,large
1154591,862,him,approach
844609,992,together,stop
889445,254,soon,cause
788045,798,professional,question
335580,193,third,would
1053953,230,event,with
1418415,268,human,care
696236,661,tell,sport
644887,496,true,forward
1405135,542,what,tell
674038,224,degree,until
428778,170,suddenly,series
1289319,533,option,remain
594137,829,line,voice
1139202,559,material,task
232823,911,while,reach
367932,61,friend,inside
1326052,164,theory,million
1195774,845,prevent,occur
574220,704,answer,understand
835670,961,guy,yes
1255465,900,me,live
1271073,583,before,red
393541,9,story,recent
791892,774,within,college
591865,307,side,choose
1274668,881,point,billion
702431,296,indicate,measure
752313,475,less,great
1053110,292,color,public
975095,219,require,interview
1103740,519,defense,her
126030,74,after,central
572810,658,free,whatever
1321002,482,allow,truth
1490693,70,several,must
927646,58,institution,kind
1362652,970,the,there
1466337,641,whether,between
1266935,871,TV,until
1165861,713,turn,garden
560357,462,in,challenge
381015,277,fly,bed
1333968,194,Congress,catch
1045861,645,improve,themselves
612554,246,wrong,program
1184552,486,moment,situation
561044,66,thing,opportunity
277571,145,point,size
1109008,666,moment,class
95057,138,debate,task
1365139,1000,cost,technology
66325,652,few,former
1246197,920,size,real
506277,885,other,team
236047,666,challenge,truth
1457501,223,do,town
1218097,240,put,note
648220,802,safe,million
224694,345,either,word
916182,249,government,maintain
246179,957,help,us
569009,140,company,road
543170,736,especially,among
639509,318,morning,employee
1436562,989,painting,reflect
218975,508,offer,staff
289145,71,leg,rate
1054283,719,thought,write
1033783,698,local,person
263274,638,war,challenge
570433,372,yet,message
366441,74,however,growth
1149325,965,author,arm
4731,148,sing,black
1448945,806,direction,decade
63876,428,thing,artist
499987,152,quite,decide
198394,624,style,assume
547884,31,test,hair
99683,449,raise,pass
1121336,26,key,movie
262400,621,dark,data
291127,323,early,race
652777,82,machine,crime
1120063,34,memory,spring
291961,341,end,give
1153730,967,house,form
291247,332,yourself,force
501953,519,short,all
1229449,838,suggest,newspaper
351751,972,by,open
105960,359,quite,present
561970,653,also,always
302952,668,majority,none
324444,331,wear,morning
775159,926,course,city
1306279,659,letter,trouble
64084,433,against,land
670319,248,choose,surface
1331030,647,cost,whether
131162,507,hit,there
1457562,172,pressure,international
799145,670,vote,wall
561058,839,while,result
1171954,435,without,dinner
813301,915,brother,enjoy
1416180,234,especially,reason
1212263,141,garden,they
468552,175,sort,like
1245087,664,interesting,house
1215322,155,close,result
1345570,644,pass,through
1198572,759,risk,sometimes
1368549,332,reduce,candidate
1422530,2,provide,shoulder
322534,805,affect,would
1260053,244,Democrat,another
1494327,308,maintain,administration
1483917,49,travel,road
1155357,490,hair,direction
1466944,539,focus,wait
160388,94,recently,figure
640659,631,here,network
939213,838,add,area
899888,35,institution,foot
1030471,734,card,property
1167956,128,far,bill
1458508,647,able,drive
105133,450,like,imagine
1103725,891,popular,discuss
668712,529,population,computer
986267,186,financial,three
1377360,757,really,others
992555,874,large,sell
6069,208,who,speak
542623,728,along,couple
1042475,349,wall,section
694554,747,image,others
1251966,109,police,various
952556,45,sport,oil
930666,277,agree,I
1182878,977,either,deep
1386376,641,ago,sport
109508,546,the,kitchen
1207649,729,skin,second
1246964,267,serious,last
683421,552,Democrat,without
1139377,569,end,since
1219577,201,model,only
1327623,374,direction,none
336001,836,meeting,here
846486,569,seek,lawyer
1436004,782,recent,address
1145469,752,direction,and
743069,164,human,particularly
1432965,906,Democrat,prevent
1159870,672,within,I
670286,650,spend,her
155062,902,cover,son
1470999,154,certainly,environment
417481,722,each,reduce
1277010,974,tree,these
486406,887,heavy,western
366919,599,change,and
367477,471,remain,conference
391636,868,treatment,our
1415079,698,claim,best
96430,148,institution,billion
362238,702,at,hair
178006,202,wind,bad
347294,45,country,effect
830038,174,big,make
227011,551,customer,exactly
341130,592,husband,ever
171965,605,concern,good
918323,936,remember,some
1165264,483,term,treatment
509854,273,radio,catch
523603,956,finish,perhaps
1096357,343,strong,performance
619464,955,look,reach
20073,263,site,voice
1456591,907,bank,suggest
1445868,595,sell,remain
1408067,296,keep,foreign
1031223,209,size,land
424017,85,probably,audience
1271876,325,itself,agency
743572,193,source,late
80594,692,street,whose
357539,960,author,particularly
1481383,237,Mr,avoid
546526,203,mouth,lead
1167682,952,Congress,line
1402370,296,bar,boy
942139,423,eye,voice
1324502,312,build,understand
609304,482,important,itself
249706,94,effort,might
1539800,833,difference,young
1250570,445,word,somebody
336486,416,sort,after
644206,234,site,value
445117,872,project,threat
876435,623,small,thousand
493877,452,seek,region
1371509,770,already,early
1256462,971,health,capital
1064744,810,senior,behind
1458667,286,health,he
1017046,615,which,woman
467422,795,box,beat
1228643,112,garden,girl
796583,740,century,oil
575648,862,sometimes,man
1434013,934,whether,bring
679224,816,avoid,travel
980864,629,hold,reality
548845,703,measure,just
1457876,561,nation,health
1074527,929,city,follow
323700,222,report,case
664786,387,current,tax
1102219,919,certain,argue
962423,454,begin,investment
961179,393,while,effort
268089,477,threat,up
793789,130,us,describe
1347146,343,avoid,organization
821324,527,dinner,garden
39608,354,discover,four
1012173,31,plan,face
561051,349,manage,improve
1169395,902,more,arm
469213,1000,help,very
258987,391,mission,alone
383137,661,senior,so
1412275,857,fund,conference
626035,691,institution,note
1466892,175,old,church
1154921,412,mention,debate
801462,779,third,factor
1394496,735,instead,result
23480,65,western,draw
1437293,589,product,station
751645,775,decade,concern
1377472,919,detail,activity
284697,875,but,conference
962785,401,red,walk
1024103,900,particularly,difficult
334137,125,hospital,cold
1417949,818,like,they
98411,366,level,save
1398288,611,throw,fill
973518,5,dark,school
1099045,871,present,north
1305626,733,media,vote
149675,276,collection,become
173379,8,knowledge,to
903241,925,develop,whole
73512,886,home,other
466676,645,participant,help
415462,661,project,rather
989089,998,local,six
339732,378,let,local
19874,656,issue,each
935949,28,war,source
1181112,435,us,nature
204754,569,media,admit
1353559,557,determine,behind
10761,955,kind,key
152782,326,camera,way
177883,640,arm,event
394240,967,nor,operation
248858,713,center,eye
1084374,424,short,your
891773,390,campaign,health
1123823,146,agreement,civil
535715,601,effect,sister
797352,127,less,drive
1370242,420,fast,attorney
750590,515,imagine,last
710439,642,language,successful
942729,812,likely,building
1070293,303,door,manage
97369,466,beat,mention
525193,758,morning,hear
1526630,714,nearly,you
737608,641,national,indicate
1203911,539,possible,traditional
932816,82,million,state
79484,607,can,but
461778,666,choose,rule
882654,206,difference,note
229574,73,cover,list
969356,230,never,medical
1037629,917,most,main
1074438,838,education,by
798186,68,computer,real
532205,347,work,a
919884,436,many,case
681135,983,at,clearly
68305,680,next,team
899898,285,conference,rise
126437,306,happy,four
380348,577,per,per
243963,490,easy,four
333412,911,provide,two
645784,656,fill,successful
834279,182,month,before
1409359,920,sit,enough
233506,451,budget,her
375123,102,act,word
1413407,771,floor,cut
1457986,223,production,girl
1198420,319,interest,then
838002,446,necessary,while
1493165,47,collection,significant
1310694,873,story,society
1311081,941,cut,light
838355,765,few,exist
1040723,511,why,situation
1445531,892,they,glass
1170938,149,woman,most
425810,95,only,face
437897,962,matter,difference
1153644,844,for,mission
200286,387,health,young
488619,788,young,street
258319,788,behind,open
882357,783,environment,book
1252853,448,while,find
803813,206,rule,side
785737,299,business,onto
1477317,835,despite,black
483825,630,check,continue
612713,526,about,decide
422845,746,green,coach
1165269,469,including,discover
492576,979,wife,service
410940,29,record,test
675496,870,system,crime
182779,222,exactly,executive
530107,256,good,because
972222,912,my,attorney
1386712,114,true,share
901180,689,break,environmental
564230,788,difference,keep
345153,299,herself,language
372955,330,state,population
1477670,235,number,ahead
1537754,127,performance,surface
463355,752,far,recent
78142,607,statement,I
1036501,300,animal,east
374592,76,phone,civil
1407232,722,blue,close
707693,446,notice,but
290530,790,agree,positive
932648,813,throughout,present
46469,914,find,with
74034,583,huge,future
1529311,978,again,man
728667,409,lose,north
463621,865,ready,every
1212244,976,myself,still
121303,570,respond,spring
1210134,986,use,find
795666,825,whom,help
1498266,153,already,suffer
1405127,437,woman,argue
720064,574,chair,should
1392387,323,test,minute
508505,699,represent,everyone
215294,452,move,return
359942,907,state,believe
359957,860,shoulder,north
126220,654,process,board
85724,479,sometimes,mouth
158841,69,me,consider
1406920,986,recent,perhaps
1278043,818,loss,whether
321779,208,western,rule
131604,55,me,coach
223614,283,black,doctor
1071364,696,term,car
959729,555,cell,until
273746,960,world,wear
705819,251,measure,tree
1055100,363,face,style
964444,347,half,energy
778748,48,since,cost
705592,829,several,PM
681685,270,whole,beat
259458,635,walk,citizen
1229517,569,be,board
1129663,461,certainly,film
502772,222,between,best
270915,20,himself,inside
16228,673,else,dinner
1250996,689,for,meet
975945,910,couple,event
826178,60,leader,summer
565720,711,person,ago
16502,994,myself,open
178440,323,compare,worry
252636,475,win,see
645755,733,fund,service
1481701,160,walk,above
1231063,958,stand,behind
920369,634,people,dog
1266262,66,majority,whether
800211,735,town,pressure
211202,409,be,idea
904165,790,wait,should
1321456,584,place,us
199694,974,nice,analysis
1496190,992,work,admit
796835,903,scene,smile
1533370,19,land,property
1084394,317,hear,pay
909053,985,find,family
705014,125,edge,much
1114194,786,later,on
796261,217,hour,both
355319,300,share,government
193493,694,reflect,him
366458,327,boy,civil
1448486,419,same,chance
1482847,226,character,author
1119656,727,more,difficult
278524,230,about,popular
893615,68,many,list
1233152,735,my,feeling
619774,71,leg,purpose
1028356,875,international,edge
807628,794,to,let
405927,108,group,require
862608,97,central,join
365467,835,ready,health
470591,120,word,else
1220491,798,standard,require
154577,100,adult,travel
416688,942,surface,way
1397808,584,last,person
1033631,333,girl,not
1410240,901,contain,necessary
1294846,812,site,not
1328356,735,somebody,travel
90005,422,off,stay
1355841,49,member,ever
588575,891,hour,mouth
1396944,590,away,score
528970,416,standard,mean
396385,697,claim,perform
964788,30,name,resource
529583,415,apply,eight
983746,300,Mr,summer
101640,661,pattern,the
419538,988,oil,change
596295,831,treat,like
1100574,421,personal,tree
933517,227,consumer,present
271385,29,build,friend
1094236,588,class,human
1469375,5,gas,physical
1103282,427,focus,myself
747325,947,then,magazine
1160935,312,recently,offer
1318129,396,nice,democratic
476489,584,lose,place
1105942,106,amount,sense
1515824,417,let,ability
1128770,576,point,check
124864,644,policy,throw
990275,622,assume,today
1349407,709,hotel,decide
1156356,769,international,former
514765,754,drive,may
1282323,92,get,ask
721658,281,attack,knowledge
1301344,306,prepare,travel
10504,771,shake,sometimes
1208424,313,thing,fly
1486126,1,money,record
54055,573,amount,third
436679,936,trip,behavior
271268,696,this,management
37561,374,executive,term
1173678,848,perhaps,hospital
276989,390,mouth,then
918708,499,carry,behavior
122341,115,consider,early
115654,231,happen,agree
273521,698,nor,arrive
186923,893,go,agency
435122,410,part,sort
750427,483,happen,debate
1434592,949,society,painting
287086,840,rise,send
1402965,905,side,board
770478,126,leader,son
1273552,406,change,school
634126,105,their,century
479119,359,left,official
1133493,884,dark,collection
372937,960,fear,institution
972830,178,attorney,per
1107107,356,room,agent
179353,254,current,class
1077578,947,simple,three
1265994,279,threat,here
1034309,227,Congress,once
1526259,834,certainly,color
1089430,528,market,out
1240437,664,begin,chair
529312,355,material,almost
1050761,882,eye,player
759610,443,little,hit
670054,42,change,country
767587,240,some,garden
669719,478,drug,camera
1416115,810,fine,news
398422,886,ground,land
1049760,352,agree,most
321143,855,although,what
776722,992,thus,world
767686,850,culture,design
208310,270,treat,they
860175,141,ten,low
418925,764,occur,board
1203738,619,wonder,father
1063998,221,ask,staff
866386,128,teacher,star
321730,411,movie,pretty
1053548,223,government,form
645739,61,war,fall
1517465,430,air,drug
454448,907,position,town
803253,653,tend,realize
429775,210,medical,music
1331963,505,over,spend
870620,834,four,front
588983,254,business,during
855942,355,too,former
752261,204,price,pull
1292427,347,inside,remain
600671,663,deep,prepare
724770,891,in,growth
1488282,231,everything,marriage
1529164,863,low,another
464501,959,reveal,general
235100,113,here,a
542345,661,guess,well
1155082,419,much,green
1533381,104,responsibility,change
547832,28,huge,should
1411342,896,space,a
984065,327,second,responsibility
585613,564,with,appear
181885,200,fine,kid
1296777,601,cold,generation
760243,838,every,magazine
736907,351,discussion,form
1336130,760,seat,wonder
791508,972,page,dream
935527,180,happen,recent
930090,925,tonight,sometimes
1499820,54,or,bar
867449,208,must,the
948961,183,career,so
1349367,172,who,Democrat
210655,583,represent,central
28841,575,audience,girl
777644,177,from,industry
225562,298,national,memory
1364672,808,gun,my
1396188,620,idea,red
800186,982,kitchen,game
928963,573,want,already
1257366,607,serious,cover
952175,355,want,will
237601,104,police,occur
652105,422,near,particular
727430,402,perhaps,on
1422064,474,remember,phone
122576,388,health,final
230978,752,peace,nothing
373138,276,no,production
332018,181,language,young
334483,220,special,bill
1454319,89,painting,we
144832,639,appear,still
231291,269,cup,hit
1537064,554,so,air
360103,383,debate,common
1216974,351,bed,out
1380516,808,support,get
1473318,40,source,wrong
485537,259,no,food
566718,52,first,decade
1510693,423,break,culture
239542,320,hotel,go
10586,121,future,but
879737,179,help,health
404973,685,list,reason
573616,659,others,our
409600,834,charge,decide
1080597,285,mouth,discuss
341916,968,list,subject
638628,275,body,parent
116768,837,performance,according
308549,620,field,west
672245,872,window,view
348237,640,safe,product
624508,920,effect,resource
58331,476,increase,both
1146053,916,want,lead
1434633,989,key,both
335756,65,discuss,accept
1395573,4,eat,economic
1329431,571,charge,feeling
1399954,913,carry,positive
965976,663,miss,once
70862,678,week,local
1269102,880,level,agent
34814,864,media,fight
447251,113,why,would
1367321,823,decade,difficult
1508522,141,nothing,source
1213105,990,these,rate
8092,657,cold,begin
800326,143,bring,result
190903,320,station,seat
348163,332,lot,generation
12974,458,three,middle
690460,902,although,real
1120202,901,right,identify
1040938,443,interview,sit
1016969,646,follow,return
43515,453,pressure,design
484641,926,write,degree
795215,661,which,board
339147,343,first,rich
1537390,148,once,recognize
126821,150,hard,sure
132675,562,customer,help
1047826,982,walk,hard
673579,710,range,wrong
1036882,493,decade,until
293015,589,live,boy
804950,741,avoid,enjoy
512833,271,sense,work
1062344,540,night,TV
1056590,500,specific,east
41029,903,difficult,benefit
747509,650,book,too
1279729,920,tough,line
732930,979,sign,similar
1282341,54,wear,represent
1382155,38,including,always
1003500,357,Congress,necessary
1334006,649,relate,never
1224994,374,join,sing
59293,788,letter,call
370429,516,course,continue
426614,312,all,eye
880558,227,yeah,year
918733,864,cover,avoid
118746,642,as,contain
1482453,151,my,late
534076,812,another,they
1479325,226,the,popular
1424281,980,mother,boy
160707,818,past,city
947038,438,avoid,light
855684,87,loss,six
1238797,975,test,member
952684,716,spend,cover
706580,712,site,between
1016379,78,raise,after
1532658,463,democratic,quickly
1094963,605,song,game
256068,394,information,case
874357,434,action,church
309055,17,hot,recognize
1207309,972,nor,reality
1204407,279,son,happen
569283,149,director,oil
813382,615,particular,field
1368516,254,half,appear
701420,706,senior,natural
1349519,376,green,choose
884629,900,collection,around
103167,432,rather,others
113541,976,step,himself
573656,386,high,direction
806028,810,newspaper,own
966437,538,million,attorney
22945,662,gas,street
1500219,250,family,agency
1227980,201,end,build
1203696,668,best,difference
1464139,393,place,industry
982316,975,safe,sound
748213,750,news,again
1111006,875,same,approach
78530,38,I,data
629274,708,marriage,million
1020157,2,example,agree
185690,97,question,argue
1497072,76,address,thousand
1118434,338,certainly,parent
1233329,779,some,safe
465115,390,less,themselves
1095348,718,special,until
115956,953,even,stuff
367360,14,he,reason
1426439,89,with,notice
835431,117,page,better
517070,39,cause,build
1447954,376,return,me
611268,938,rich,interesting
313714,493,beat,television
272220,302,out,information
791730,189,need,born
1444251,336,within,several
949959,819,investment,describe
240082,963,ready,south
1101710,600,term,kitchen
1180612,599,available,recent
788421,360,mind,live
292546,540,past,human
1019111,269,so,around
1210102,683,word,unit
437523,17,bit,involve
45985,922,way,build
394249,114,organization,scene
169672,671,tonight,assume
169722,411,over,region
47491,725,leg,usually
433756,422,this,second
108320,87,number,itself
263067,380,with,Congress
1527069,692,hold,do
591348,371,try,until
626630,625,rate,central
771845,535,age,action
631720,862,beat,bad
1358105,323,everybody,blue
569098,873,mention,development
1387736,921,fast,lose
1361024,932,value,month
1134143,387,old,cover
1372868,996,air,audience
787983,623,reality,million
880688,349,spend,employee
498542,703,less,project
315294,290,you,word
1527179,399,opportunity,for
1491961,481,subject,total
1083494,757,way,some
589829,341,position,police
614880,948,cup,human
712700,959,fish,have
1133288,770,huge,stage
1337975,428,night,hope
896936,665,American,represent
1143690,912,executive,produce
1463420,228,memory,necessary
939319,72,statement,official
1344919,525,future,situation
1157866,929,tell,significant
1133993,679,true,indicate
1067118,560,score,part
1472225,931,lot,analysis
862829,723,it,better
1229756,49,fight,speak
547366,373,throw,on
876379,191,democratic,message
398205,958,team,catch
877653,161,recognize,prepare
31318,774,benefit,fire
1489444,275,person,small
1075954,933,have,this
1053647,11,win,Mrs
445003,320,hard,response
602875,792,child,management
46815,773,free,into
927877,606,spend,college
1300555,219,expect,station
1435225,799,white,claim
1137357,768,weight,there
71927,854,direction,Congress
280313,331,both,policy
39361,20,so,become
871173,626,painting,upon
349086,775,human,final
1414571,47,over,number
16227,26,try,draw
921565,805,smile,decision
459532,16,education,fight
614214,698,action,yourself
505765,956,girl,war
392933,111,only,guy
1347790,904,late,describe
381092,553,general,rest
1094527,209,full,trip
689129,230,store,say
541869,861,film,check
75238,354,bit,from
1515421,526,approach,leave
1390056,129,start,reason
704308,113,hand,throughout
354848,791,choose,deal
1236583,553,language,black
262233,681,believe,goal
1508308,437,campaign,act
908521,276,join,resource
430436,826,might,prepare
1292476,361,article,serve
985445,339,with,try
1247459,251,start,maintain
845823,978,exactly,stuff
914567,611,you,rule
1328834,187,executive,identify
1518422,551,statement,thank
818265,776,identify,reality
95105,657,six,believe
1181504,136,key,travel
1447112,988,teacher,young
847222,428,section,us
1186922,620,serious,soon
53875,248,interview,ten
219944,109,receive,away
402331,496,picture,forward
301735,749,himself,speak
913240,946,particular,PM
943470,541,just,imagine
304325,128,beyond,other
815306,273,behind,hit
1254095,596,form,together
1098519,320,baby,parent
856429,467,approach,in
995311,979,walk,any
645585,996,throw,note
583858,858,wind,pattern
574158,659,we,buy
238324,586,past,star
1453864,572,executive,station
1173066,29,Mr,common
379241,298,join,serious
177510,196,last,law
1025741,490,sport,cup
1436842,616,imagine,our
800666,755,assume,play
916785,65,foot,girl
1108564,493,public,community
1193351,966,religious,several
1115564,9,thought,itself
1068178,925,analysis,news
880704,986,drive,job
994516,73,brother,them
436834,960,deal,seven
127779,448,magazine,whatever
567771,297,stage,produce
965516,124,office,forward
1500686,176,interest,imagine
310095,671,recent,responsibility
440005,281,help,treat
1059442,939,season,recognize
1185859,261,sister,southern
601114,396,east,become
1272852,352,fear,process
849823,980,consumer,when
161311,564,front,trade
964321,881,often,difference
120076,452,fire,figure
370750,29,shake,peace
479686,771,society,fact
1056254,153,store,the
992340,799,budget,probably
1368084,422,three,store
805568,569,thought,about
694411,440,second,firm
868519,176,size,make
563422,60,put,necessary
9816,502,medical,stop
1229773,470,present,single
751499,96,mother,environmental
1221653,135,president,production
648030,733,drug,black
492029,308,house,turn
425431,214,soon,leader
1477861,192,environment,policy
1102086,816,laugh,fight
1183030,746,scene,risk
352174,362,hope,blue
1065315,252,that,do
309596,725,pick,lawyer
1372108,6,only,establish
1288058,43,they,often
1215990,974,commercial,number
208285,8,education,daughter
1163623,492,event,amount
817978,885,above,top
441901,60,must,development
1216215,616,owner,talk
365843,257,receive,let
577401,975,table,push
850779,137,debate,mean
1249334,501,little,letter
767943,861,forget,my
699170,828,wear,follow
1068764,747,pick,where
552016,383,seat,stay
875747,181,weight,mission
387509,195,north,issue
1512396,886,actually,summer
1076494,231,lay,set
475674,591,material,kid
1043096,352,analysis,industry
1006602,87,ahead,fish
460118,646,available,thank
153401,139,red,provide
823041,243,light,local
211626,102,recently,old
818857,545,sea,across
969971,501,early,fall
238621,680,east,ago
1487487,940,course,north
1472339,696,big,then
466412,208,around,once
1050439,655,huge,entire
550042,299,star,will
846614,802,kitchen,program
854678,48,somebody,should
255870,679,institution,until
572435,93,big,pretty
1119825,103,amount,serious
1396170,968,nor,no
511507,553,difficult,thank
1243314,515,involve,do
640438,557,particular,property
366325,241,position,firm
667365,626,entire,company
56366,119,should,send
1139890,430,a,dinner
1527625,368,idea,land
1080373,540,soldier,result
185811,656,lose,local
1205410,793,country,eight
445311,831,why,begin
1034632,705,evidence,decade
884525,459,show,seat
205997,483,director,tell
1346629,677,television,walk
190850,518,TV,happy
1115238,490,resource,police
942027,92,thing,member
581247,358,myself,mother
24730,205,third,seat
1494503,383,military,ready
1152424,29,interest,democratic
440430,648,guy,sea
571911,141,lot,ready
1357815,32,hard,treat
913006,267,scene,position
583740,936,case,just
586145,561,analysis,within
1210841,653,option,situation
670405,360,property,too
117656,109,gas,institution
74501,621,father,visit
130091,933,art,executive
260582,87,card,both
1255544,598,generation,effect
520675,80,government,night
1144127,819,man,present
33319,354,position,card
497465,786,large,forward
1148612,360,affect,serious
1100785,213,you,successful
1470706,468,maintain,others
172524,265,nice,not
102847,631,to,he
1204991,564,fight,the
330892,463,central,success
990618,107,take,popular
1008984,785,every,relate
1299272,97,herself,foot
1171759,872,pattern,action
770747,458,hundred,machine
781387,903,feel,series
819343,837,unit,bag
1382344,188,better,history
1082748,680,wife,set
1522311,692,yes,college
1477924,924,economic,seem
626890,168,hospital,many
93102,403,prepare,director
1493498,528,measure,deal
537066,667,hear,far
1158000,41,serious,hear
665505,987,participant,hand
1220810,22,nice,identify
327169,752,audience,group
437767,687,defense,alone
1048904,903,scene,strong
1363867,297,enjoy,ability
1316431,295,detail,product
788625,173,some,fact
437869,15,community,option
822739,385,ok,star
738598,7,condition,open
731057,465,arm,focus
95638,449,strategy,us
691349,809,subject,social
610563,273,Congress,child
1393868,398,science,effort
1416481,457,like,people
98647,307,property,really
694480,478,health,garden
1392506,508,professor,play
1109161,932,respond,might
706720,298,debate,north
441686,292,vote,teacher
505647,508,practice,truth
1048968,876,even,skill
628256,386,himself,professional
205565,617,popular,there
500070,957,why,fear
1130061,774,sign,party
1430382,854,important,training
1007305,997,skill,issue
565620,405,whom,until
307878,135,manage,drop
1016443,237,others,hit
902505,510,grow,over
497117,861,ask,box
1213317,229,sound,thus
849427,353,all,animal
315893,742,indeed,during
528274,462,whole,above
832137,35,begin,deep
48608,482,eye,left
1502812,976,law,you
1141227,358,control,environment
548730,739,particularly,last
36332,84,thing,read
411747,40,artist,argue
353463,979,fire,sit
676841,578,forward,our
551895,163,campaign,necessary
663335,659,next,teach
1311227,218,wife,later
469584,593,avoid,system
1120549,61,me,have
373145,251,example,contain
580136,343,full,decade
507924,137,conference,well
518422,279,seem,head
544350,870,Mrs,relate
459982,286,man,everything
1239914,323,each,knowledge
727333,576,care,break
1024477,589,forget,who
877291,442,edge,take
1183223,93,police,significant
652791,831,meeting,stop
564275,897,police,maintain
965811,390,clearly,career
362612,101,tell,tax
918254,259,mother,day
855027,669,parent,staff
1274844,723,player,away
470870,891,age,picture
236522,226,cause,wife
1537755,651,former,black
439516,864,place,war
1461476,981,tree,hospital
1113229,100,night,will
675565,792,him,himself
386546,505,need,choose
990193,755,series,effort
147378,365,figure,law
894442,285,offer,example
1177114,762,add,born
1100669,631,nature,assume
926574,948,her,paper
237357,689,now,political
144725,113,push,such
1402287,175,into,memory
855927,985,spring,then
557044,548,customer,for
721603,902,of,system
1523000,339,data,property
159990,822,rather,name
1362203,697,material,run
1358747,497,only,social
756295,101,black,foot
408317,562,cold,certainly
1432519,838,hot,second
1516527,827,wide,poor
1497994,353,recognize,natural
1178493,271,energy,bank
1355574,695,develop,building
37228,418,thought,fast
513463,846,operation,rich
155347,126,hour,pull
1047648,169,five,option
1293180,264,eight,reason
1386279,619,until,investment
590415,957,particularly,thousand
418184,704,reflect,add
844338,222,leg,cut
477723,553,college,husband
214304,994,green,produce
910717,926,wall,reason
163687,898,drive,apply
565095,331,nor,seat
1436856,704,apply,mean
884376,334,argue,key
629928,319,lawyer,fast
939770,944,claim,low
591826,490,total,personal
1251081,792,under,type
951883,98,customer,remain
387250,950,her,give
1026307,469,boy,laugh
530529,464,anything,shoulder
812531,219,tell,officer
1049024,617,pick,wrong
193893,879,particularly,edge
466203,2,language,seem
1244683,274,give,adult
1143129,491,it,simple
1002817,143,state,huge
1215840,128,threat,summer
562968,890,firm,government
430173,159,capital,human
1242939,280,scientist,economic
1233458,852,national,program
429999,688,similar,save
111648,89,man,respond
1192462,543,matter,threat
1156641,987,last,member
164220,895,career,coach
1488695,932,glass,future
336439,578,whole,push
243646,86,nation,public
1537584,511,market,wrong
670266,721,position,recent
1442990,580,any,tough
1144812,1,from,event
73963,727,history,industry
1162814,935,book,sing
1272239,815,weight,worry
96057,997,discuss,establish
615182,235,fish,before
1474915,154,sense,central
730731,932,head,key
253693,296,wife,type
1038547,161,town,light
860584,476,with,popular
542155,55,both,stay
284204,850,score,building
787306,567,happen,traditional
278820,325,blood,customer
623617,589,forward,huge
839519,664,wish,probably
959433,478,parent,meet
731295,36,here,end
817902,214,support,probably
723864,583,century,professional
442424,682,whether,care
383561,135,go,mission
584973,302,popular,majority
629912,472,doctor,fire
1010843,908,sign,outside
1384877,505,speech,fund
1155454,485,woman,gas
358096,946,ask,good
1200122,513,something,coach
1021661,587,save,board
1104182,996,certain,argue
239252,620,walk,upon
643001,536,say,win
396898,310,later,work
308457,126,material,before
1429226,628,mouth,put
1493295,71,forward,so
271517,557,it,recently
1423070,449,street,energy
986407,31,national,either
780749,409,audience,yourself
1409529,760,dream,he
1018450,348,wide,wrong
708296,403,big,four
383020,583,write,identify
742576,482,star,off
1004733,694,realize,manager
1370557,223,save,decade
194665,867,price,year
277121,617,information,view
1036613,249,court,either
459578,469,official,five
1411346,961,idea,we
1350178,942,lead,hour
1217456,532,with,place
801262,888,show,fine
1269347,657,ahead,list
390388,333,cup,government
1475233,824,resource,wear
766257,368,whether,stage
735675,595,with,second
1478119,796,moment,song
1048972,405,matter,court
695930,117,little,although
549299,704,raise,own
721095,428,worry,its
1089039,550,social,so
1382786,63,experience,provide
575568,773,song,institution
731417,595,agree,source
1395970,442,something,practice
1364731,668,part,culture
610390,367,probably,free
914535,702,without,company
364442,178,while,far
1460473,810,safe,gas
729136,748,source,force
485899,949,yes,pressure
278515,156,crime,lead
12918,45,economic,issue
164450,634,know,assume
338966,303,support,ever
1352277,745,state,style
685237,779,loss,rule
891715,195,reveal,fear
281165,161,tonight,chair
569912,906,sure,join
1189863,585,true,skill
788955,873,we,gun
1014149,91,tough,service
605249,886,attention,these
1083516,685,couple,rate
534472,561,themselves,present
1323531,777,himself,participant
59279,993,ask,player
889436,395,main,position
788815,302,make,management
76012,388,reveal,home
670562,338,design,whole
1394384,300,throw,seem
394493,862,institution,after
497413,251,environmental,consider
816810,72,foreign,cell
181475,16,ahead,receive
1508699,951,apply,cost
781610,381,born,while
1428631,613,eat,culture
925624,515,exist,ability
963879,465,true,purpose
1302418,780,question,necessary
1532703,177,home,television
1447105,236,commercial,evening
76813,572,sometimes,expert
378870,711,your,civil
60231,749,media,would
575699,241,more,indeed
416526,425,see,energy
224285,310,kid,accept
239749,478,course,buy
347383,831,knowledge,radio
677864,148,keep,face
944804,863,here,agreement
661062,171,put,beat
156751,288,building,similar
588122,648,car,responsibility
514583,596,admit,popular
247620,292,different,them
1059729,766,environment,war
1046469,223,technology,read
1055865,672,open,son
980199,514,benefit,hair
276817,204,any,good
633259,901,wind,hair
1451591,672,page,continue
1038657,556,sea,paper
528753,784,lawyer,true
1102465,983,federal,theory
742810,783,soon,rest
94888,223,shoulder,position
351796,354,save,east
12819,609,course,over
1325392,665,must,institution
976307,553,skin,measure
557130,120,camera,special
198496,909,sure,weight
20573,926,force,risk
296905,484,within,key
327614,594,late,water
188176,541,enough,pick
339293,852,wide,focus
1431920,946,gun,open
794018,26,population,energy
864466,224,reduce,project
168684,401,player,reflect
1111105,261,body,suffer
1166976,496,game,act
703023,406,pay,show
120695,832,if,term
1126099,669,contain,if
864658,369,know,high
333911,209,affect,program
1165184,52,business,industry
1093066,449,list,you
1372790,562,actually,start
854374,476,they,author
780526,978,by,project
609693,203,still,both
1367083,631,good,threat
673426,830,recognize,where
14007,237,floor,debate
1488754,571,own,often
106044,855,short,politics
756203,816,practice,forget
1408807,561,art,chair
805296,969,foot,home
1203507,539,station,at
415604,461,six,special
942121,983,majority,scientist
383562,259,teach,wear
224691,546,paper,history
828865,521,two,later
618246,677,finish,likely
537450,498,tree,short
510041,450,against,would
119612,2,future,trouble
1100914,320,try,own
1262317,679,themselves,consumer
103951,587,final,without
994678,639,often,good
1006931,248,country,could
1200367,129,old,along
1434762,235,eat,beat
519289,772,national,final
20929,694,including,thank
929955,439,finish,office
754366,342,ok,beat
1174575,642,open,team
1043931,768,letter,become
1336221,939,family,onto
1521117,994,financial,budget
23262,640,international,section
480737,43,animal,development
1359510,539,baby,book
1076598,10,spend,able
1171910,724,away,unit
153145,472,may,around
616962,926,single,remember
75459,7,pretty,offer
1113684,827,oil,right
1060410,773,science,public
584795,445,just,deal
200474,371,thing,dream
20541,869,they,short
1449152,926,why,from
1502505,939,so,challenge
1040877,893,focus,red
1212901,919,out,begin
1326984,427,finally,appear
880798,246,foreign,never
262347,587,officer,official
445463,284,small,quickly
600699,968,fire,without
45835,164,remain,talk
233605,704,early,century
1522549,568,why,admit
821418,317,think,loss
993131,444,second,my
463643,80,him,that
1441995,837,something,smile
537821,313,story,leader
611871,209,local,including
40474,137,behavior,never
22285,369,whether,seven
366438,882,scientist,article
682553,526,send,want
505406,560,language,attention
285779,686,decade,person
378830,671,detail,wrong
1215956,416,increase,always
1001044,669,special,and
279456,498,road,drive
1338770,994,trouble,option
1401145,928,authority,whose
987580,498,lot,little
736630,921,final,reach
259365,530,front,dream
1450546,321,three,not
429350,133,record,view
405971,277,almost,late
294716,698,factor,hospital
760122,783,one,reveal
365856,499,order,worker
855407,602,you,half
790096,660,whom,once
1127412,538,though,heavy
244982,77,next,teacher
568858,208,capital,career
205477,566,top,population
345027,798,service,prove
1416315,24,once,mind
1140893,248,claim,her
200886,408,west,site
1348980,381,career,week
442803,568,smile,prove
909982,252,across,environmental
784920,860,price,perhaps
273816,676,different,quite
449919,162,threat,enjoy
1490993,558,laugh,sit
551730,378,politics,since
910309,692,gun,join
558888,825,majority,head
815879,58,ball,past
751407,738,federal,imagine
17778,854,pick,feel
714845,74,trial,national
1196668,911,choice,area
1139183,99,behind,road
868214,208,on,Mr
983247,959,against,us
244717,177,discover,student
74445,619,when,close
1041286,278,leave,stage
599618,725,sell,my
923914,884,team,tonight
896479,651,Republican,well
41220,883,purpose,total
885812,223,model,where
1169353,577,year,career
1514894,526,street,investment
414544,186,quite,before
1183381,946,start,hard
234634,906,quite,top
523678,330,language,force
1208327,20,out,measure
1378501,540,interview,cost
370364,601,position,TV
875168,482,evidence,range
1130339,934,trip,process
948219,353,improve,oil
461179,477,thing,program
676845,85,they,high
1427498,835,term,family
1452770,348,their,even
356476,447,under,music
475014,20,threat,science
1476534,726,hair,trip
265296,793,your,data
676804,160,world,least
187128,629,effort,she
990239,910,throw,feel
882110,633,cup,your
556615,870,writer,quickly
631178,985,everybody,woman
536333,799,family,democratic
1447488,245,Democrat,rock
269975,643,well,system
887274,254,small,beautiful
917663,571,sure,model
1000233,328,explain,hear
32827,198,political,ok
174144,323,cut,first
691520,982,land,lot
16759,972,foot,know
817925,6,read,charge
488668,526,mind,black
407834,951,rich,call
319662,492,type,report
260369,897,power,hear
1291629,554,check,go
112929,606,whether,painting
159431,430,key,speech
72579,19,without,day
660911,476,institution,beautiful
1291860,636,community,yeah
1521996,539,these,human
324307,339,stand,policy
1485640,250,subject,company
159,378,Democrat,environmental
402059,122,very,human
242765,922,try,professor
392722,326,deep,mouth
708490,532,unit,guy
569683,905,discussion,push
498592,949,compare,six
334641,568,radio,cultural
240215,614,technology,anything
57725,918,over,book
310307,914,artist,trouble
1275926,188,card,happen
183897,633,whom,language
508797,210,fly,after
228899,950,serious,fight
204435,972,identify,huge
833724,227,think,course
1195717,451,nothing,serious
942503,308,night,place
547036,595,certainly,boy
45219,523,project,baby
374655,254,fill,lay
217150,987,decide,scientist
1236185,288,including,tonight
759263,282,improve,success
812976,772,deep,generation
470534,34,none,they
1443991,264,art,maybe
303222,127,state,result
512230,655,lay,also
1258980,775,near,middle
1376217,337,whose,right
1321621,389,stand,through
912738,52,turn,perhaps
615502,601,believe,environment
1277105,147,keep,effort
253881,558,poor,everybody
822304,463,police,sing
568296,446,rich,finally
989948,965,upon,describe
1141508,600,bill,bed
374198,66,suddenly,newspaper
321761,605,art,cost
199522,918,east,begin
1150751,664,song,let
1280035,6,who,exist
559244,531,manager,agency
1371054,80,simply,himself
1508475,847,human,above
927747,185,wait,chance
343193,150,per,body
1358434,286,course,wide
985553,83,democratic,interview
839508,351,must,subject
1191927,106,drive,husband
417199,52,arm,why
1505956,268,care,we
54649,226,rate,then
679335,767,state,able
1337807,856,magazine,back
638139,976,goal,about
435947,412,product,let
135758,442,record,energy
1480907,610,factor,speech
1479739,853,against,detail
655914,159,born,boy
492211,843,different,develop
339214,409,her,class
264224,45,number,employee
488880,604,level,remain
529987,93,role,western
200547,558,process,wide
1025703,770,issue,person
154610,121,stop,speak
808562,259,its,finish
360784,247,create,identify
366219,603,moment,rock
947510,11,happy,around
1266507,861,race,citizen
1468185,256,buy,on
120395,692,serious,action
837127,763,never,suggest
67316,1,certainly,possible
294566,903,value,address
226676,838,tax,focus
1155871,579,reach,training
467996,274,bank,tree
1133524,544,wife,various
908126,143,voice,sing
4917,943,kitchen,perhaps
651870,282,dog,lawyer
369302,596,defense,employee
1360163,783,carry,allow
311164,921,police,edge
786556,499,face,arrive
1330196,756,benefit,support
119318,207,popular,simple
1377640,638,likely,city
502600,844,more,agency
251197,232,enough,name
75729,150,Democrat,lead
229481,376,network,thousand
1026574,439,red,until
337231,222,college,consumer
168883,130,learn,according
135748,34,create,glass
343542,581,own,activity
478669,477,light,whole
766289,645,give,brother
1076536,525,have,street
1416738,334,push,matter
507799,740,product,break
682970,751,would,sign
768197,926,management,argue
427302,40,which,agreement
615493,786,drop,ok
1430954,162,reduce,right
1494989,816,employee,them
664658,956,doctor,seat
1142064,888,marriage,director
652543,943,may,able
1192149,161,once,travel
55516,598,our,course
783389,901,team,wait
158091,745,less,Congress
528398,677,set,arm
867052,756,world,source
67261,987,collection,year
199521,106,image,reduce
843771,752,possible,operation
1317822,760,recently,heart
306484,191,into,adult
1125842,483,people,seek
450357,810,top,west
873081,96,wrong,road
1101445,194,pick,behind
521277,835,season,office
368760,969,base,participant
1390443,975,space,low
66477,619,next,nice
1425108,176,include,can
876070,930,including,alone
1098823,614,ready,day
319138,922,free,phone
558823,416,thus,part
527832,936,study,lay
730342,984,song,despite
16508,637,fear,include
1173083,683,security,project
1378930,672,available,growth
576830,628,him,seven
613569,20,marriage,hear
746306,800,huge,describe
1132485,125,avoid,where
717356,353,card,have
738725,291,property,stuff
637758,159,whole,statement
1001888,712,soldier,realize
662719,439,manager,south
103777,952,simple,nearly
1094851,220,population,reach
272938,767,card,federal
332629,436,suffer,quickly
735742,486,land,admit
660176,485,address,part
1201252,246,quality,special
599123,461,sell,list
1450828,797,yourself,area
1394838,341,player,artist
788204,881,include,receive
553106,93,trouble,market
634258,344,send,information
342965,927,check,maintain
90349,906,property,party
1111308,99,develop,summer
1359407,338,trade,name
1100471,132,central,professor
381898,489,write,scientist
9394,94,course,understand
7164,903,around,example
15691,329,music,raise
713402,985,quality,home
1291381,135,would,sound
177474,456,glass,hair
61813,683,trouble,statement
1188081,758,require,certain
1406202,840,step,political
757036,309,course,under
1460834,66,consumer,theory
406521,909,brother,clearly
939375,580,agent,administration
969678,107,anything,sound
1018557,513,hotel,remember
574330,609,by,half
503486,459,newspaper,trouble
921452,144,financial,ball
1333415,514,onto,quite
1205261,699,your,American
1309811,816,cut,church
1122248,212,process,brother
334197,417,unit,public
76252,711,stock,difference
1255083,276,let,finally
1529405,603,born,two
45546,486,work,enough
832895,904,without,kid
94015,456,during,assume
877565,648,wait,certainly
908096,324,entire,or
381491,60,news,including
1506509,396,dog,food
373665,250,difference,level
494783,270,home,present
1050391,306,attack,chair
948906,557,Mr,meet
798664,949,where,produce
921486,327,easy,pull
1064006,295,middle,suddenly
568866,790,so,exist
77425,440,who,ok
185659,573,kind,total
945043,352,report,two
1464947,277,everyone,agency
1174647,568,lay,from
1523392,322,enjoy,we
904126,769,answer,support
998298,753,reality,game
272148,957,letter,of
172006,237,realize,million
492367,348,girl,civil
11717,305,worry,for
791165,890,day,rich
1455256,266,adult,to
1175934,132,deal,late
678029,900,exist,despite
966298,500,though,no
545396,970,key,religious
714519,557,child,natural
676850,811,his,bag
1053382,820,opportunity,never
925106,102,thing,its
1539166,763,bag,involve
1408474,440,voice,instead
161829,744,position,address
44357,177,wonder,treatment
954354,198,enter,owner
927602,732,eye,organization
1251592,861,skin,visit
1515324,37,structure,challenge
597527,784,resource,writer
552168,695,source,in
451966,582,bring,next
369805,571,near,worry
341641,541,important,mention
698682,972,when,stuff
1321961,194,foot,six
728278,664,indeed,general
313901,459,sport,half
1146778,247,realize,garden
676335,97,out,coach
640494,467,style,condition
1039616,885,range,compare
1209483,903,Republican,prepare
867739,462,sort,hundred
231425,313,successful,work
1515107,531,gun,talk
1456889,6,TV,truth
898623,600,blood,sport
486855,943,record,certain
594805,602,color,individual
882709,502,customer,follow
1531599,81,price,seek
97685,857,simple,affect
1216952,629,western,model
493794,124,decide,series
741951,254,there,admit
1053982,236,live,order
1114499,668,out,remain
629721,864,nature,old
1437981,524,try,budget
181904,883,something,crime
643890,529,far,him
1247757,989,weight,sit
1170424,972,pull,evidence
525884,593,southern,five
1191540,459,organization,hotel
20431,873,season,work
291221,427,tax,impact
191360,848,she,across
990399,698,level,clearly
503424,426,knowledge,because
856015,978,town,reveal
1031665,957,yard,even
996665,810,nearly,modern
881341,36,dream,at
829768,193,authority,specific
1506865,523,clearly,street
741435,845,interest,traditional
136039,153,million,around
1118685,99,whatever,set
1008871,150,address,sense
1078881,909,sing,special
878393,922,history,father
1121811,25,become,inside
738195,351,range,fly
175241,800,official,clearly
1010697,894,product,improve
1298812,975,development,wonder
25151,517,cost,able
461173,114,evening,expect
267285,218,music,consider
193865,62,would,piece
1038080,511,back,technology
1513564,813,decade,act
975690,707,possible,artist
418112,567,bag,card
44810,737,learn,interesting
954915,50,property,court
237134,176,build,beautiful
664017,977,attention,return
12959,1,thank,it
1409360,131,bit,never
395184,101,even,black
1381394,701,level,deep
637227,379,exactly,factor
735507,72,card,some
398627,980,consider,society
1287237,242,past,across
857936,804,month,impact
664098,601,learn,line
672377,596,school,hold
820333,520,fire,people
417424,693,seven,who
172286,204,able,international
1248269,985,project,onto
143242,593,according,available
186107,756,hundred,show
642888,969,from,letter
568918,421,prepare,live
1057222,538,choice,on
194005,985,dinner,material
102949,814,hear,decade
1531638,667,husband,station
199567,636,increase,mention
743043,73,beyond,production
601620,915,ground,get
658892,92,into,long
247358,861,want,or
1306700,913,ability,tend
181917,660,seek,push
151737,677,fly,police
187847,179,way,school
567296,663,garden,her
1095805,100,window,officer
619434,730,go,success
245797,66,bad,could
1352371,289,TV,century
1496973,857,doctor,interesting
1190411,429,strong,away
354851,157,matter,million
1478294,761,pressure,threat
701334,704,suffer,lot
261873,307,air,threat
1329376,90,stuff,figure
417752,830,which,very
203634,643,issue,before
520946,132,election,future
413151,625,expert,talk
599814,819,Republican,media
983295,37,south,feel
1062001,378,to,add
554031,909,or,serious
1485771,755,total,gas
1299680,500,identify,read
1231608,786,unit,key
716316,868,hold,scene
205244,635,who,edge
1390837,134,can,resource
355134,38,wife,rich
1165913,1,study,mission
1445653,801,white,middle
1458458,471,instead,result
337442,453,check,message
1188918,101,large,whom
1103156,571,song,stuff
470277,14,result,attack
1164048,229,one,decade
854735,88,play,south
331170,810,detail,reflect
932722,551,TV,respond
102622,341,piece,majority
1089615,989,standard,firm
1415215,138,fire,poor
1334021,652,already,country
18084,263,into,article
519663,849,too,give
734955,541,rather,billion
1497736,801,right,any
1296423,869,think,concern
901039,706,yes,simply
1288317,637,pretty,Congress
1045072,944,politics,poor
543432,659,or,week
743249,740,others,feeling
58666,520,agent,suggest
361444,816,focus,beyond
1325280,366,more,note
845271,837,hope,stuff
953563,65,economic,box
589202,455,well,base
1150604,125,open,network
442407,904,garden,other
1200984,197,how,camera
163167,159,American,rate
1080204,202,staff,consider
1320263,977,wind,other
605841,829,body,share
1130262,77,detail,clear
875149,988,trip,skill
425541,296,be,body
866406,914,quickly,themselves
357297,114,well,page
290775,253,bad,citizen
20125,831,knowledge,road
530984,527,us,soldier
116913,514,certainly,brother
829476,699,responsibility,speak
588185,991,speak,reflect
1319259,62,along,face
1166094,79,money,few
1446232,406,sound,stock
1114875,863,amount,choice
969098,446,speak,all
13613,786,off,hundred
1406553,957,individual,point
1038434,472,investment,huge
844767,737,conference,life
394813,497,almost,look
1497376,897,heavy,science
856829,451,heart,many
250807,718,true,outside
25693,801,next,draw
56763,123,price,reason
784591,861,church,card
1063736,912,pressure,hear
1255920,345,too,perform
1375808,984,manage,rich
323768,605,media,even
1459051,695,police,member
905329,84,action,audience
453734,849,mention,my
467308,757,city,start
888122,607,apply,stock
1349535,500,address,serious
745636,659,most,show
708432,764,test,land
1207009,98,you,grow
1188152,902,easy,such
975289,982,modern,executive
1063368,139,term,six
937571,143,morning,phone
1313460,641,shake,him
1094826,262,likely,do
1200482,292,foot,baby
955651,324,build,case
870818,460,smile,government
615163,368,set,increase
1076484,549,wrong,of
271467,870,media,today
439331,877,into,authority
466313,412,yard,born
950054,508,never,cost
1313305,189,situation,already
660562,573,investment,tonight
66324,338,be,indicate
810931,82,arm,ten
934106,826,product,loss
228775,320,recently,can
120779,376,exist,enjoy
1058766,199,huge,gas
428926,391,itself,story
162713,196,page,second
1180509,604,bank,treat
1336528,265,economy,process
744427,354,business,economic
902514,291,contain,successful
623205,226,style,draw
1424400,648,citizen,decision
650136,989,personal,whose
1377217,3,away,public
173358,359,generation,weight
1380458,746,whether,cause
577059,562,hospital,course
289961,953,him,recognize
1355568,980,include,before
559510,70,factor,out
318472,741,big,yes
1145313,464,strong,radio
779337,724,left,strong
917314,491,friend,different
623301,299,operation,peace
377547,419,scene,say
876830,142,there,foot
145797,903,garden,remember
909517,386,take,Mr
1018065,926,financial,year
372144,535,now,tax
516626,641,continue,threat
1293163,290,feeling,individual
1533702,974,commercial,save
905110,151,provide,poor
62621,80,development,good
55011,456,help,space
1429016,134,human,look
1108664,682,later,cover
716631,946,develop,anything
764616,803,election,a
1102375,772,bank,quite
1127003,296,expert,personal
676041,20,myself,tough
1404941,883,door,key
812494,603,between,seek
1341103,131,show,long
79738,293,amount,final
377918,931,body,able
423264,278,others,moment
233536,494,energy,ability
1496991,385,describe,office
95371,250,town,owner
637058,196,nation,for
60920,214,not,outside
163752,350,stock,off
309992,589,control,coach
733533,697,everybody,word
77626,694,serve,effect
1498790,129,occur,hold
117355,353,shoulder,church
990327,345,yes,receive
1069341,902,stock,capital
1485970,473,across,money
47960,709,deal,word
135141,283,yet,interview
550430,133,no,expert
683386,21,pressure,wife
1247491,955,simply,operation
460540,361,sometimes,or
711049,131,air,for
823005,442,face,son
355349,816,east,city
150710,228,spend,rather
996072,522,investment,news
1362030,655,artist,young
599212,685,pull,feeling
615382,218,entire,yes
794184,366,and,attack
1153013,991,deal,position
915073,358,hotel,part
1156595,961,term,detail
1023756,498,arm,speak
1347352,441,option,management
496755,146,central,answer
954999,213,cost,organization
178159,349,security,charge
1506985,778,scene,ability
695477,513,tonight,provide
861296,905,health,resource
471641,696,career,business
879681,399,stock,positive
755641,365,hour,discussion
931798,27,letter,eat
703539,819,describe,general
320506,471,news,if
76283,836,ready,nor
1377056,329,without,arrive
1435012,537,six,audience
400357,75,lot,first
120346,311,pattern,memory
140898,989,morning,money
955833,966,green,education
541065,768,least,five
132760,139,sit,probably
1231104,819,treatment,man
1117605,561,any,model
508475,182,continue,writer
203470,785,also,season
1296844,46,plant,center
260479,952,trip,sense
425571,642,let,mission
969653,120,create,too
633572,532,our,often
400335,322,quickly,manage
104863,597,upon,artist
31724,76,poor,seem
1077592,13,question,week
1387307,211,professor,region
1059559,895,stock,policy
615257,223,television,middle
1109722,448,plant,Democrat
783642,117,describe,professional
572590,578,open,season
602329,376,whom,song
1527443,140,moment,very
789362,626,century,read
156855,476,size,operation
52612,909,society,learn
1143033,878,green,market
1421072,545,back,machine
1083319,466,forget,education
1307772,556,light,again
635465,974,newspaper,staff
1007303,483,offer,ready
585568,634,little,hand
433238,274,finish,behind
665104,456,boy,film
824758,660,help,course
604806,345,government,travel
431389,868,control,field
582246,582,want,another
959393,553,significant,south
826353,20,wait,movement
357343,767,miss,region
997099,189,page,yourself
70064,511,artist,have
887176,983,newspaper,add
388711,45,your,attorney
618281,254,beautiful,collection
588988,318,read,they
752851,624,approach,without
608156,684,toward,deal
747857,786,no,fine
414555,358,protect,method
777796,413,loss,be
1005701,686,raise,daughter
785404,425,foot,leave
950784,545,both,outside
8355,509,common,without
972927,810,skin,every
1235030,877,heavy,this
395675,935,can,such
942999,618,current,age
947718,709,threat,road
699359,709,six,development
198970,242,least,political
1468409,729,hundred,style
1433325,597,region,item
20462,449,heart,make
1456152,739,office,my
875988,848,teacher,baby
974947,799,leave,because
299840,419,close,charge
1103351,971,happen,say
124617,390,easy,themselves
1136853,158,result,huge
1344315,894,reduce,animal
1013558,26,role,discover
128264,75,pass,floor
223153,22,within,physical
646082,435,sign,simple
983851,117,else,operation
1220526,636,cold,reduce
475925,834,teach,Mr
1127076,674,less,sometimes
1496234,298,arrive,big
401969,422,strategy,enjoy
1128273,103,care,social
528350,952,nature,data
946683,566,first,store
896376,276,easy,present
1302032,621,performance,hundred
1262357,465,tell,board
727246,737,safe,record
489753,812,speech,toward
706696,504,believe,tax
133329,274,remember,the
362372,388,enough,affect
336805,103,serious,or
1268609,565,evening,successful
1373512,863,fund,heavy
1072191,654,relate,collection
629409,894,fight,positive
1029876,691,fill,the
386193,788,whatever,official
469985,39,approach,democratic
960238,728,wrong,nice
424134,877,have,that
1351900,286,myself,strong
1215612,162,bring,man
193709,198,speech,else
1023634,972,his,thank
1213700,928,some,rich
356884,390,fire,prove
1116951,152,structure,wall
1219686,951,plan,whole
645713,969,hotel,fish
171277,644,to,stay
1121817,231,research,management
100341,610,clearly,best
1157359,484,low,agree
999991,82,contain,window
50042,743,memory,those
1301526,662,before,option
1275961,47,figure,around
1174486,472,car,military
36867,959,kid,pressure
964464,267,what,professor
1261624,925,before,skill
1457005,546,left,instead
670575,7,late,all
1342432,484,contain,same
674438,694,raise,camera
748519,235,not,interview
617148,695,policy,design
1428310,556,now,trip
473460,257,walk,more
955676,231,report,goal
1063093,394,generation,particularly
290775,969,lawyer,next
120385,802,necessary,finish
1441349,493,store,and
242254,377,those,billion
1081416,181,let,whatever
487415,240,plant,soon
65155,377,meeting,financial
124542,982,three,speak
1132273,423,answer,yes
460269,332,difficult,talk
356272,173,letter,recently
1361334,3,receive,upon
37493,421,suffer,high
1496120,832,professor,establish
591866,951,mention,machine
455173,673,Democrat,worker
588585,162,letter,stuff
1012856,168,sound,contain
1356250,56,argue,black
568083,546,result,manager
521495,821,son,other
443320,908,stop,without
1334072,909,left,professional
723209,727,gun,agree
1367356,643,including,join
770858,392,piece,continue
236806,414,visit,class
533932,744,likely,eye
256470,470,toward,would
1267084,183,front,growth
1248525,992,station,large
20480,7,pass,wide
941427,144,less,space
1016026,84,behavior,star
855610,92,cut,line
559604,159,nature,myself
236846,816,sign,need
960659,259,last,ability
491990,451,idea,way
824909,280,bit,customer
138446,826,idea,send
793926,719,amount,actually
34047,152,wall,there
280116,152,main,edge
596600,362,loss,science
1216170,493,speech,degree
66655,232,care,sort
898508,506,describe,politics
251713,918,commercial,soon
506955,186,through,write
1118614,487,respond,government
515596,271,his,marriage
1417037,691,stuff,man
1139866,14,step,particular
1072571,763,clear,already
1176795,171,station,market
929449,165,act,begin
1281267,911,break,table
563830,36,door,draw
1349048,599,surface,popular
1030382,171,evidence,eye
958336,807,type,billion
109658,95,someone,attack
643354,293,order,first
920365,2,expect,wish
623578,241,try,practice
217132,550,call,glass
436989,91,protect,item
636217,464,car,moment
296379,20,fish,try
782633,915,care,director
1090429,173,decade,short
973585,265,style,tree
299830,532,six,hit
149098,506,because,pressure
1355045,711,same,light
512791,903,me,recent
1534929,546,single,during
290111,221,our,do
1328358,649,teacher,high
1107660,60,industry,case
817621,597,important,imagine
479895,658,quality,deal
465874,211,rock,body
115207,131,media,case
1342123,381,war,within
1518463,455,marriage,must
793348,815,respond,response
587954,355,teach,teacher
1194262,492,thought,source
211928,173,yard,he
493547,203,yard,bank
1272391,1000,off,late
1509707,365,set,star
1449906,509,information,black
852468,954,across,table
841521,590,friend,foreign
94366,715,mention,after
1172607,32,official,have
859504,282,drop,trouble
763312,337,the,focus
1426536,635,figure,technology
401124,579,notice,born
671720,884,floor,day
1427133,561,book,third
501891,985,since,travel
988631,197,probably,newspaper
462635,453,very,red
910884,788,that,increase
1411848,929,third,study
60092,949,relationship,these
1319221,819,scene,car
1499444,396,film,develop
711529,940,tough,manage
1289842,210,future,push
1447905,351,late,one
520611,362,wish,meeting
1318619,900,high,size
741789,797,relationship,oil
1243275,132,else,understand
541923,664,blood,listen
24729,157,order,I
128678,606,management,practice
105119,521,data,thousand
718800,633,heart,year
417004,913,hot,edge
509588,878,task,its
767876,253,main,management
723005,777,suffer,pass
1012846,688,notice,his
76145,582,far,decision
176065,65,manage,certainly
52178,283,program,whether
286861,78,catch,behavior
624092,463,step,power
1426879,502,add,board
120773,286,increase,meeting
1154780,729,fear,data
1122851,275,view,partner
1283455,808,sit,sort
653625,480,seek,manager
1275794,640,expert,heavy
644385,544,history,middle
1342081,646,her,case
837890,86,its,administration
236757,825,agent,member
583279,90,interesting,establish
441783,114,land,once
289394,181,life,score
268958,166,spend,PM
351240,204,time,fund
226456,170,situation,weight
1188203,556,show,be
799366,993,simple,we
480313,849,center,go
858686,622,big,concern
781131,562,generation,wait
396060,344,these,all
861335,693,ten,hot
784420,543,candidate,church
330712,770,hard,help
1139880,333,include,foot
717852,178,main,book
993204,23,gas,finish
1048833,946,spend,less
946,714,should,door
534434,272,site,also
532579,790,tell,treat
438577,550,believe,whatever
851207,603,money,receive
1358135,839,use,president
229213,466,able,oil
461456,627,political,rule
1320086,633,get,them
437826,975,own,market
577914,417,common,never
560596,7,ask,beat
983086,111,quickly,blood
694488,441,stay,think
427109,320,side,war
1443322,851,gun,benefit
1103878,136,its,data
833564,555,people,forward
789637,292,bit,statement
1389694,262,person,rock
619615,90,budget,term
416363,785,develop,indeed
491467,856,method,represent
482102,616,great,seek
1313192,247,common,your
1439849,636,food,cost
1210793,27,impact,idea
173180,819,adult,evidence
953680,834,production,political
1472973,368,information,into
437056,326,report,company
485339,377,else,floor
745978,69,want,positive
1007672,257,best,face
285658,302,indicate,point
729941,279,art,special
550379,808,response,their
1063181,256,deal,national
298558,930,enough,start
34561,56,significant,so
107470,982,note,present
282734,173,hard,also
254856,675,once,story
958500,518,outside,series
781920,246,federal,house
639731,716,according,decade
1404786,17,third,property
1085576,480,executive,there
1417003,790,ball,research
1453109,69,herself,matter
1121336,38,station,hundred
1394130,861,blood,despite
1213111,824,offer,dog
1166765,190,economic,across
1528753,309,adult,many
1480808,855,a,why
1431638,470,develop,evidence
1214179,128,beautiful,however
118752,343,manage,others
470598,866,keep,respond
815651,989,apply,way
1277107,154,somebody,whose
940246,56,cell,lawyer
1363676,903,audience,religious
498657,934,ball,fact
1494480,860,box,explain
235660,303,turn,purpose
4389,783,cost,white
1076781,764,describe,Mrs
843712,213,decision,their
609390,485,difference,decide
1404348,516,Congress,everybody
295461,685,local,clearly
984923,792,ago,son
136337,427,describe,glass
292627,248,democratic,process
216314,313,truth,public
180209,762,lay,environmental
942237,449,score,practice
633960,550,poor,five
863615,667,all,quickly
282636,674,tonight,admit
961043,283,real,ago
224822,337,hand,receive
919774,138,let,avoid
495174,622,expert,senior
110368,621,feel,with
160038,181,owner,listen
1296722,164,various,whether
392552,270,their,prove
438310,852,find,lose
110013,967,state,question
414915,840,kid,care
14097,194,center,impact
380179,376,her,discover
628715,848,across,food
433628,655,drug,look
1169167,58,surface,safe
1430108,771,question,their
184016,147,reason,threat
882087,106,heavy,seek
1322469,906,strong,short
140833,864,even,now
1416161,279,key,more
1511540,587,society,glass
361622,651,couple,newspaper
716669,98,then,reflect
24787,931,down,world
1156288,274,single,measure
697748,669,some,put
301143,749,candidate,require
1249602,572,space,girl
697452,642,similar,character
1102552,820,everyone,friend
312644,63,necessary,several
950374,781,state,hair
1473062,499,against,hotel
1265926,190,meeting,probably
448755,534,go,the
542342,49,something,later
1256615,617,stay,air
526786,795,certainly,authority
676256,92,assume,child
971529,375,many,affect
1206026,518,suggest,discuss
1209712,968,perform,herself
1329651,731,fly,future
1096007,448,ten,model
1040826,648,night,another
129625,655,old,particular
1315772,758,senior,success
9764,779,particular,cell
729250,454,western,middle
457322,303,never,leave
791497,186,guy,matter
1524254,146,boy,choice
1050888,124,region,source
845922,437,fast,short
1301961,586,thus,sign
1075242,566,share,first
1070380,60,bill,ready
481613,73,president,can
901798,410,customer,line
66479,919,where,learn
1361600,322,wear,international
228170,175,join,third
110135,767,leg,item
469242,930,large,face
1461378,797,rise,number
1451148,353,model,table
682457,794,a,food
482011,483,base,sort
236553,671,include,change
203750,860,small,food
563681,604,rich,north
546062,3,power,usually
76562,341,conference,road
1186763,894,affect,break
413467,129,fear,argue
1321805,334,western,several
1002307,119,successful,career
31455,197,last,weight
52908,298,state,partner
1403677,722,his,administration
985693,608,add,set
971296,479,good,increase
616001,929,will,threat
962173,696,cause,resource
1146036,858,several,world
1299987,433,sound,amount
960034,862,share,deal
931649,119,eight,oil
564933,605,do,reach
994735,870,conference,leave
375094,604,attention,them
71776,129,down,wind
658717,234,spend,represent
98856,404,activity,apply
1180661,682,himself,born
1238149,313,east,free
1065532,560,fine,finally
604067,73,film,nature
1085079,321,energy,let
807770,64,network,another
1250674,402,your,data
458403,489,power,capital
1197201,923,garden,whom
555138,567,interesting,end
596124,62,product,movement
153976,528,raise,who
569797,802,information,federal
789500,888,nation,they
151197,215,feeling,join
1367102,239,there,glass
297466,191,cup,nothing
1351744,784,growth,where
1335152,100,position,each
410281,492,news,according
606793,990,state,claim
1023379,73,present,already
1419075,648,most,community
124354,272,forget,likely
125626,139,light,simple
357376,869,piece,may
779956,612,perhaps,example
692743,383,beyond,college
1382967,989,nor,involve
181653,27,step,life
1091881,959,year,more
732629,309,agree,outside
307417,718,involve,child
198133,112,such,another
584771,746,also,wife
1143492,150,suddenly,available
183728,945,generation,mother
1529258,912,our,bit
1002496,95,especially,to
165546,636,much,field
8586,502,guess,help
1064953,968,fine,professional
914109,671,citizen,stock
285663,317,town,somebody
678328,353,risk,trade
651315,805,support,sit
169815,500,two,sister
186381,455,rate,important
1032842,666,pretty,use
1347089,888,room,another
343674,451,occur,much
1277959,727,gun,shoulder
818889,634,today,career
1099522,899,raise,move
791899,637,can,action
369089,75,old,article
1326333,134,few,response
1456261,782,billion,reduce
1247969,342,computer,recognize
851413,226,during,money
1058922,399,try,appear
698517,377,deep,major
773212,130,point,kitchen
726966,722,compare,study
802945,725,range,respond
294233,821,dream,smile
1166407,966,section,word
1479857,476,put,today
764166,411,reach,rule
102527,730,would,former
1506170,288,half,street
704095,722,learn,machine
684293,715,live,reach
1392159,91,green,father
37781,738,real,material
145916,828,chair,three
950184,694,western,affect
407860,886,student,peace
1506420,811,may,foreign
122864,141,discussion,entire
105556,787,magazine,computer
1247569,269,more,increase
1239745,490,important,may
549733,303,deep,election
878607,741,growth,key
1531747,351,plan,appear
1397839,547,baby,quite
318287,785,perform,time
1479039,663,mission,manage
232480,747,adult,story
371201,159,type,medical
91485,888,grow,available
1340013,173,cost,put
1184676,861,job,president
451792,177,hospital,cup
1486091,366,light,western
670843,701,item,election
894788,460,they,anything
1123400,758,call,evidence
626003,975,positive,score
466244,517,hot,when
222825,277,beat,somebody
226924,862,for,market
1235476,908,toward,modern
57239,141,mother,authority
1056004,337,food,interest
451886,490,cut,organization
312436,10,treatment,range
1085894,188,job,create
986881,498,control,guess
1033605,866,customer,happy
97957,872,audience,defense
860069,185,let,also
683962,372,without,return
302231,285,compare,civil
462905,239,contain,left
1354080,728,bank,pretty
943980,455,reach,young
1478079,896,sport,head
1479524,538,man,goal
17226,480,cause,great
1296677,986,fill,answer
624620,392,seem,degree
378290,107,continue,happy
5089,454,reach,cause
994813,137,recently,agree
666835,43,task,matter
893081,249,senior,bad
228938,785,form,happy
1327687,603,bank,rise
988762,320,public,tonight
1368966,883,side,analysis
55100,288,home,south
259663,373,fast,data
736883,902,indeed,always
337813,608,ability,hour
416269,630,personal,away
697357,584,they,cost
597464,593,no,air
200429,668,center,purpose
1436246,810,think,between
294175,810,hand,study
592209,790,address,along
194507,774,their,bit
789162,713,fall,data
642332,35,general,subject
944429,106,challenge,nice
1412421,745,behavior,responsibility
557514,962,meeting,let
1507838,528,trade,key
283428,820,entire,after
509598,842,peace,service
1285026,118,data,business
271925,702,season,one
424049,522,one,or
1344383,632,play,until
559739,560,which,capital
1141398,876,phone,wide
103015,931,move,clearly
128727,249,anything,low
568686,194,tax,story
1079878,71,boy,build
653779,323,help,return
526571,231,despite,fast
306062,726,new,open
1188866,566,Mr,base
953374,598,staff,animal
1203677,232,effect,person
1051705,952,serious,discuss
623309,295,mind,open
972139,959,apply,land
1220395,45,value,method
831613,625,leg,statement
821103,138,laugh,deep
982977,38,mission,none
421247,127,executive,wall
51197,198,quickly,stage
1241315,286,may,too
1334394,640,husband,small
1521155,34,news,concern
103174,131,national,impact
896312,781,together,stand
594127,12,send,knowledge
1025668,328,item,course
282106,645,local,past
509062,358,so,beautiful
827518,658,end,company
48439,546,line,impact
328104,46,common,stand
1215954,983,happen,lay
1497810,616,throughout,who
188719,366,end,share
926006,958,food,law
458292,806,say,friend
11628,841,impact,speak
892392,915,social,somebody
1220701,666,either,kitchen
898148,583,large,half
13988,711,door,yourself
1111795,986,consumer,nothing
194319,196,most,field
80705,616,floor,relationship
1418649,110,pattern,until
734910,379,deal,memory
900744,859,report,report
653187,428,good,yard
21523,93,room,shake
251717,871,break,book
56002,823,economy,must
1200359,64,employee,now
336961,441,operation,land
1329617,756,rock,building
816013,14,expect,speech
97460,662,continue,protect
888155,742,beat,happy
260711,875,medical,those
1392111,925,seek,write
58036,656,beautiful,respond
748897,976,science,important
1332142,835,open,pass
531992,622,least,news
1204999,44,interesting,like
1156565,556,pull,watch
614911,589,continue,account
1312325,517,idea,art
987431,470,name,quality
23427,944,visit,suggest
431139,231,stop,friend
1055821,589,start,effect
1342374,194,attack,society
549304,510,newspaper,return
1258312,217,similar,phone
703184,324,wall,break
226584,621,learn,medical
893039,805,step,political
218100,178,sometimes,fear
1150618,939,need,kind
739378,611,management,south
1046427,347,understand,resource
251609,83,day,station
473035,691,head,produce
262901,532,fund,challenge
1507569,811,worker,within
837022,997,go,onto
364060,723,matter,student
1089855,952,artist,language
1395596,581,keep,as
32418,439,next,stage
1490615,814,require,religious
1370669,777,politics,idea
1388401,578,green,challenge
262326,703,should,peace
1036040,180,physical,perform
929863,549,like,lay
1370600,931,remember,quite
1218752,641,call,between
857326,673,lawyer,partner
1376403,223,fight,same
521796,283,this,say
145913,356,dog,child
958381,284,dinner,black
218226,970,represent,could
1292661,666,mention,bit
671413,518,capital,need
1100729,711,full,again
1037234,395,attention,inside
1497531,956,prove,amount
1391668,412,part,about
626353,193,Democrat,where
788618,462,adult,another
399171,543,rate,owner
284182,176,shoulder,second
969086,690,simply,church
1006351,675,bar,field
309458,80,large,later
1521960,305,have,study
1336236,822,draw,next
250161,552,probably,cause
520584,249,still,quickly
1054164,204,recently,director
130556,503,answer,choose
859161,100,understand,individual
303997,618,along,without
703483,517,our,chair
474753,625,create,much
580022,42,question,entire
291054,446,bad,just
243753,580,send,local
719602,951,begin,fill
185230,981,remain,my
119702,526,certain,education
98353,866,material,thing
833818,759,range,popular
1071845,611,hear,until
580577,736,create,skin
1179597,709,five,suggest
573375,111,deep,suffer
1155128,975,build,me
1288538,327,lot,provide
1527059,713,accept,friend
899992,9,gas,serve
845751,574,activity,likely
689912,847,detail,sense
734268,290,interest,part
1475102,194,lose,most
1259718,881,project,team
337792,621,health,always
1370758,101,benefit,party
1391397,370,government,face
1121686,431,order,treatment
474777,190,dark,direction
1406826,576,tree,determine
1002529,68,fear,open
995530,887,front,perform
212852,496,test,camera
847440,145,upon,push
712083,722,risk,public
658658,591,eye,sell
737675,915,character,evening
57696,487,whatever,subject
119002,128,note,brother
870009,566,near,whether
225393,882,thus,new
660931,713,between,class
669914,734,power,method
446182,91,tonight,ability
9732,296,spend,voice
1497893,449,event,dark
560307,400,support,morning
1212485,476,seven,enter
472906,208,down,front
1350242,801,low,note
792361,153,heavy,offer
340296,434,college,less
741803,719,door,early
768762,615,already,adult
1023924,697,factor,try
25454,264,space,long
1295714,905,take,parent
112836,843,space,so
1523114,654,wall,discussion
447189,892,involve,have
144367,560,remember,indeed
248057,678,southern,hand
308433,856,baby,tree
1455032,143,he,take
1096451,433,effort,mind
1069932,432,quality,loss
284162,10,prepare,class
151262,228,respond,keep
94889,723,though,anyone
804593,7,among,budget
1340331,448,peace,beat
1223173,76,pass,want
872608,604,off,social
604426,291,benefit,material
836504,282,shoulder,marriage
1404417,228,country,boy
414372,600,eye,different
584182,199,interview,they
121803,188,all,management
1001496,231,power,ok
524862,212,really,technology
219741,606,word,alone
1127271,793,condition,investment
1499134,582,professional,office
571199,470,information,process
795898,853,push,media
1114169,657,budget,rest
393917,52,trial,project
1498198,580,foreign,sea
1532526,286,budget,wide
723443,873,goal,use
480026,896,beyond,tend
488942,915,oil,admit
321903,446,themselves,body
1161424,256,growth,suddenly
1231296,539,response,evidence
1469140,807,establish,every
1264587,374,wrong,wonder
1131882,291,capital,cultural
706771,562,money,stop
162753,855,second,computer
177683,998,option,discussion
1063059,602,she,specific
1162829,326,although,middle
466572,282,property,thank
103112,783,movement,particularly
1498297,393,something,police
1150689,989,option,quite
217909,648,out,type
83199,949,decade,agency
47015,150,identify,buy
123538,339,adult,may
536200,203,race,avoid
261817,109,myself,few
1529048,929,himself,record
1315076,106,subject,deep
557249,932,like,pull
994978,363,wife,material
1295802,132,tree,improve
858566,144,heart,president
448420,855,discussion,always
1447395,754,board,important
677616,904,may,reason
1350559,519,choice,ahead
812800,22,quite,sign
1096771,364,about,really
573506,767,air,not
587230,595,fall,good
614862,365,from,challenge
245177,504,near,able
1008917,87,visit,activity
1415540,146,might,marriage
466643,279,go,article
377647,435,see,technology
718995,791,later,spend
1418444,34,member,outside
139593,696,soon,soldier
712921,715,south,improve
1376338,737,of,however
1390078,92,special,often
585847,517,face,region
1012310,605,politics,blood
407311,997,read,Democrat
402378,193,after,step
220283,110,million,building
1038689,724,board,color
416388,844,situation,home
416705,1000,activity,top
376687,551,agent,finally
1240126,752,any,law
1303046,628,dream,against
1363915,824,than,human
248495,769,name,piece
1356496,801,often,full
376987,382,different,this
407540,479,join,action
1092998,745,space,parent
611313,703,week,senior
1511018,784,small,center
524920,369,issue,worker
1075007,26,sister,part
207711,210,easy,spring
306533,829,civil,they
594355,268,hard,never
1494761,661,agent,world
708466,841,nation,foreign
326286,923,smile,prevent
1401357,317,drive,lead
1128504,843,throw,explain
27102,716,peace,quickly
451657,800,music,lose
844518,758,sense,college
589746,316,sing,clearly
538008,499,subject,push
168018,88,allow,voice
1312086,844,Mrs,else
1497189,947,station,form
788218,992,generation,range
970392,592,support,style
1379065,192,mouth,market
197542,331,deal,opportunity
803817,882,among,teach
23597,325,dream,that
1230897,731,at,minute
847346,583,student,provide
908188,949,safe,sure
8486,936,case,executive
22989,126,number,win
1455505,144,effort,ahead
379723,267,interest,success
969934,128,occur,Congress
971148,899,prevent,democratic
1239791,239,issue,another
892475,432,people,surface
1058029,682,prevent,mean
124405,103,knowledge,far
1045195,746,director,course
1389518,92,short,policy
38014,27,of,write
869614,385,future,over
1477187,452,class,toward
977014,524,become,age
1444053,839,myself,firm
1444754,931,several,by
870933,104,under,dark
576778,75,already,way
848751,625,thank,recognize
1185575,633,account,cost
342177,983,church,only
1303062,173,least,suffer
1114379,808,about,second
1424370,485,agent,artist
455121,939,information,ago
691843,515,top,staff
17565,800,interesting,rock
579299,644,cold,determine
300663,376,western,teacher
380255,68,environmental,hard
1290712,216,ok,ago
693614,622,act,police
622093,987,place,field
516518,120,like,western
1427970,931,forward,loss
657068,324,interview,charge
1321430,663,meet,claim
1083866,448,around,green
477999,961,matter,film
221630,825,sound,themselves
912709,378,save,must
1129184,718,character,young
1439178,587,enter,this
524233,265,attention,discussion
1380825,682,explain,material
369179,539,raise,above
988349,26,attack,down
900392,841,body,political
833407,850,say,city
165091,66,class,feeling
159817,292,heart,best
1515632,947,certainly,money
72575,607,team,true
473063,801,item,job
75553,504,personal,ok
364026,996,group,key
539423,870,gun,ball
1501934,479,thing,top
993076,332,everything,receive
1072384,12,hold,for
1046286,310,suddenly,artist
83651,165,institution,mind
1044695,44,live,field
1143467,157,decade,travel
637401,526,just,seek
1526102,891,type,employee
1365170,482,cell,standard
1008671,768,career,hit
1374666,792,again,base
1366644,33,show,agent
135550,234,final,force
969009,598,yourself,entire
362228,323,cold,anything
388230,734,girl,cause
1105283,152,still,enjoy
767914,163,computer,present
460640,552,west,national
181886,488,focus,with
580946,517,listen,specific
216334,500,recent,different
689061,727,various,environment
1119305,934,race,rate
54350,557,their,environment
1041917,589,save,truth
943526,307,describe,line
877536,62,consumer,try
1316787,47,game,beyond
525019,820,himself,kind
736815,470,body,recent
926059,190,modern,continue
23195,994,these,executive
1329123,380,development,career
1044202,727,direction,American
1284058,634,onto,but
505619,911,Congress,green
1197671,456,company,continue
906355,244,sometimes,unit
793728,988,prepare,between
1003041,423,campaign,little
4474,667,seat,yard
740196,242,nothing,interest
1436502,120,account,record
1498751,908,political,identify
158544,509,modern,former
893260,287,music,process
256211,270,reduce,one
201127,33,above,live
624071,724,fund,until
1027774,329,my,strong
469424,372,card,sure
1440494,16,event,yard
233917,2,goal,across
918997,279,stock,improve
766307,628,charge,notice
1272926,988,thought,specific
902952,598,dark,special
338091,966,middle,low
692354,303,well,interesting
38894,482,sometimes,part
986330,348,become,say
1310209,761,player,maintain
203878,732,four,these
1251724,138,include,prevent
815228,21,mouth,let
760591,289,behavior,raise
117930,575,discussion,let
443008,642,there,debate
574580,647,language,beyond
1305267,798,million,son
282420,973,market,by
1392225,232,four,picture
23319,278,stage,create
1172317,955,power,wide
594833,851,person,hour
70216,712,attack,short
1072736,990,turn,of
1316088,14,notice,send
35038,570,identify,mean
734807,786,decade,issue
93569,48,hundred,amount
47839,548,full,figure
1432073,245,consumer,attorney
995957,758,a,final
633251,874,Republican,radio
1436640,269,report,while
251937,199,movement,detail
652352,59,break,kitchen
1032770,783,his,street
743724,989,allow,receive
961281,780,while,sometimes
798250,296,success,five
1152258,769,onto,thousand
368050,69,say,him
931631,688,position,black
276981,865,focus,son
272550,303,coach,born
636421,15,power,father
905662,48,second,analysis
1217047,70,teacher,bank
512750,880,keep,forward
224128,726,kitchen,discuss
627321,388,skin,miss
1493094,413,within,against
335798,701,need,process
984994,163,middle,analysis
853832,884,second,well
122456,312,safe,outside
837641,134,but,charge
201547,414,important,near
45876,427,hard,us
1399907,34,when,director
481303,729,task,religious
1492234,790,central,prepare
819750,919,where,begin
767525,421,it,bank
852283,756,past,accept
928676,42,clear,could
1446745,50,these,bar
56996,745,history,house
1314223,84,film,successful
1507838,605,provide,among
878974,221,budget,government
657520,988,magazine,table
507657,479,recently,perform
1431078,720,what,compare
1525194,825,down,him
634305,46,officer,relate
431618,737,opportunity,responsibility
553053,973,direction,teacher
269126,738,story,thus
596489,662,exactly,line
1422254,101,as,prepare
1162091,478,animal,season
621759,138,instead,participant
1092279,875,true,may
82289,55,beautiful,rise
515625,331,its,someone
210561,607,answer,training
451767,800,purpose,oil
1125751,464,her,third
1334586,432,want,beautiful
783391,383,social,your
690890,543,top,past
785602,989,dinner,other
1098463,643,school,start
100458,816,for,carry
987852,859,eight,you
71604,449,arm,movie
1204159,973,put,significant
637207,604,still,American
231754,878,when,go
608332,950,consider,prepare
1128041,39,forward,forward
55319,654,hundred,hope
1093529,360,top,rule
192989,301,prepare,financial
616103,798,against,remember
242964,298,short,close
267396,575,experience,method
390809,938,parent,population
570309,696,public,wife
390849,576,matter,school
172266,647,require,center
237946,376,ten,meeting
30220,853,court,husband
351479,168,coach,child
673689,571,summer,nation
617290,83,staff,note
1297723,651,consumer,according
107066,854,risk,miss
519044,204,finish,hear
324294,716,floor,agent
371424,188,pull,effect
629976,154,foot,fast
1494757,780,choice,green
1412338,49,very,expect
1500898,14,pattern,bank
1397854,217,that,try
530333,473,ahead,though
621194,36,he,result
327985,166,organization,government
738080,410,station,police
517513,752,current,small
6016,609,audience,up
624360,761,name,history
509029,604,guess,build
579409,741,week,effect
353025,711,single,defense
972451,157,each,five
1001705,976,pattern,use
1398231,673,three,both
123228,720,young,weight
935036,385,rest,Republican
920918,496,debate,suggest
1186565,798,quite,likely
510344,437,join,blood
1438427,998,purpose,guess
452114,244,mention,exactly
1327326,977,seat,character
1373143,45,represent,will
1369420,816,dream,whom
1443802,634,plan,which
69775,461,old,reduce
1373613,46,weight,while
840798,866,interesting,environmental
887109,502,market,drop
461603,116,TV,since
504121,495,return,experience
695209,640,miss,play
690522,911,stand,responsibility
786750,385,expect,executive
229418,598,its,book
1496435,123,what,truth
150188,213,glass,old
584116,625,stay,standard
1095705,617,gun,relate
619163,31,final,agency
1416375,150,remember,clearly
355498,417,study,soon
78928,179,purpose,kitchen
1278287,879,attention,career
486908,771,eight,apply
455880,399,stuff,draw
317535,831,modern,of
683096,337,treat,successful
1528266,960,tonight,boy
647413,868,suggest,can
701201,914,organization,happen
1422236,51,manager,long
1057748,42,star,attack
46044,915,staff,million
654839,38,general,economic
52536,709,event,nation
359173,222,reveal,billion
128570,249,great,sure
1143256,753,commercial,budget
1039586,360,shake,ever
1452655,234,mission,someone
330443,914,admit,six
866586,238,arm,minute
1057717,602,good,right
571313,493,consider,deal
1456061,789,they,PM
403628,355,participant,help
701432,268,face,source
873707,448,someone,explain
845254,13,serious,fund
1388129,319,present,large
1340485,927,apply,process
325188,191,north,rise
361624,899,short,senior
429569,414,should,focus
785054,603,bit,environment
645104,724,tax,on
64069,16,company,somebody
1055196,976,number,truth
464662,644,because,answer
288584,373,ago,focus
1144266,379,tax,great
685399,324,its,sport
1349974,499,book,dream
1354313,541,wonder,pick
1209213,33,identify,inside
1140069,118,they,position
1337371,535,power,can
135333,929,minute,difference
1254481,304,decide,foot
1298160,889,under,simply
428125,5,home,statement
540892,466,response,easy
185604,515,TV,name
317099,782,never,evidence
1331106,482,result,friend
122577,314,head,similar
739520,335,career,identify
1420878,91,never,want
832041,267,cause,plan
842519,794,suffer,color
851411,388,edge,list
1353797,480,cover,exactly
848793,680,adult,word
1109839,449,agree,may
305774,3,sound,goal
1469329,940,science,environmental
1410554,772,miss,only
373843,1,professional,near
373258,352,try,six
1270422,206,behavior,fine
160367,531,beyond,common
1413479,177,central,top
943640,399,must,type
1472903,455,return,new
1298836,215,feeling,analysis
952800,517,quality,note
339317,188,feeling,usually
536647,984,wish,class
921649,314,detail,wrong
942874,230,heart,support
856479,667,effort,always
1095814,753,argue,yard
446476,503,live,recognize
418941,20,beautiful,point
902362,626,hold,memory
180909,921,nothing,table
1394088,576,consider,year
236041,823,rather,its
340095,744,through,poor
945564,331,teacher,general
1203980,944,generation,prove
19209,832,green,less
667336,146,wait,huge
459277,209,entire,thus
94286,101,it,wide
151000,90,own,age
588035,826,education,family
103739,28,agent,baby
846992,986,table,style
907973,639,finish,seek
1441369,168,quickly,oil
536065,580,smile,one
25178,848,case,tonight
707282,116,recognize,show
320184,508,item,office
316323,545,difference,operation
373864,656,day,purpose
811223,735,dark,by
884874,886,walk,field
607564,168,learn,because
106317,395,up,coach
554196,347,brother,oil
1455789,4,see,alone
209646,268,region,husband
1371330,735,training,gas
1115012,898,cultural,attack
503538,820,born,order
993827,354,bar,Democrat
268297,264,four,into
1007672,349,difference,need
525053,875,be,situation
1232563,252,over,social
1161706,715,recently,system
908110,209,six,indeed
1015382,832,professor,season
767183,829,body,join
1175868,365,notice,quickly
1107883,960,walk,start
565904,581,stand,help
34082,35,born,behind
898644,546,instead,theory
1476740,409,into,field
436991,640,four,notice
1453431,824,mean,believe
161296,66,door,fact
1199152,465,plant,market
1061985,1,however,health
699391,556,from,without
1182442,898,Mrs,fast
1045944,355,can,speak
1328985,227,station,difficult
1388046,327,short,keep
246250,146,young,drug
1143319,351,want,wrong
453676,771,north,unit
1021308,825,ahead,memory
294371,301,prove,time
601530,209,attention,tree
1482355,379,push,animal
831305,495,least,year
254578,296,quickly,situation
162071,766,idea,order
1297730,663,rather,single
287032,52,language,appear
322066,290,maintain,discussion
555185,695,drug,capital
1508313,279,policy,tend
654091,198,item,impact
1324816,272,meeting,similar
1286204,792,draw,direction
1509021,897,special,establish
879268,243,near,police
81305,678,alone,knowledge
1375308,57,address,air
264194,377,campaign,strategy
794189,63,structure,this
1540305,595,hand,if
525329,788,group,part
1177139,75,room,like
40132,205,store,kid
1000679,408,artist,use
461869,93,major,no
491541,143,value,town
1451118,692,coach,report
122473,203,ask,democratic
724174,456,probably,garden
1337041,380,president,protect
1395484,232,whether,home
753844,196,name,between
1195021,873,pass,animal
1254215,151,ago,carry
360599,424,growth,generation
1272243,488,adult,risk
144568,748,any,begin
132439,43,front,girl
648513,748,yes,reach
1372735,901,choose,world
566913,173,board,contain
988361,406,bad,thus
1226089,800,plant,already
1509959,188,finally,official
909194,196,police,we
574308,66,me,me
440092,74,plan,thought
169369,6,suggest,traditional
495861,991,natural,interest
734597,869,attention,set
1510691,188,executive,money
863989,558,allow,forget
1465316,165,development,add
160721,3,outside,her
489289,566,those,thousand
482264,807,speak,international
1008565,842,course,likely
1061025,976,involve,century
495830,231,happen,crime
734244,670,sit,light
907228,792,catch,somebody
797026,200,green,truth
217581,679,through,occur
289047,421,color,water
441950,528,future,college
1093058,584,tonight,bank
141911,767,soon,fine
1191171,807,identify,medical
1092356,626,these,PM
1449492,140,various,room
662221,426,practice,former
1276562,702,official,themselves
128446,155,view,practice
1112841,177,fire,gun
954677,793,life,east
1185912,744,field,individual
1162840,664,since,level
65492,68,rather,drug
1295967,913,discover,which
974618,926,education,development
119359,362,compare,record
1468449,213,point,safe
676374,33,threat,war
170793,569,law,more
1198664,410,place,common
1044082,924,move,deep
1361546,795,bank,natural
618775,597,dinner,whether
319544,561,never,member
395809,717,thank,land
439468,432,onto,talk
537182,23,human,learn
23390,149,happy,boy
1490702,525,for,minute
257977,204,public,picture
816789,899,agency,which
730284,334,dark,rather
492855,591,catch,cut
508445,570,view,figure
362077,545,return,where
494584,882,send,type
561792,252,but,at
1411088,279,plant,author
905582,98,nothing,need
567830,971,produce,middle
1412153,496,include,respond
1305867,966,sure,evening
237733,596,its,service
896139,272,minute,off
670240,807,fine,might
316868,126,remain,health
403536,818,film,hour
486834,827,compare,positive
840199,833,deal,crime
97905,112,bag,vote
251470,576,newspaper,point
921791,996,according,possible
812973,38,body,entire
679080,793,author,history
1521151,335,clear,present
1085644,412,how,big
999013,756,exactly,change
1523296,96,first,performance
329037,501,from,fly
661794,549,subject,piece
240875,543,series,push
1515651,158,site,itself
1391383,358,lawyer,history
1251786,989,interest,by
801535,398,take,responsibility
1317265,303,card,collection
833358,405,across,skin
1032772,55,condition,a
677583,464,letter,admit
1049685,228,political,thing
9549,732,of,road
358173,608,ten,go
369659,721,wear,themselves
1246106,302,tonight,performance
527695,458,majority,subject
336796,392,least,when
1026420,129,feel,image
729762,632,total,this
242798,727,arm,leg
1153212,705,politics,firm
299602,737,enter,contain
1203195,824,involve,news
912727,662,even,at
34068,84,particularly,nation
402401,658,site,pass
477135,78,speech,catch
483861,758,next,go
1373813,378,without,them
175084,698,age,these
420045,6,national,seem
1322607,817,nor,child
991484,834,on,green
454536,474,market,after
1399847,513,wish,pattern
219004,931,through,player
316012,879,change,imagine
817819,833,general,yard
845372,921,huge,water
1508326,924,establish,environmental
658521,920,anything,bill
200312,19,seek,able
930013,509,who,clearly
366866,510,discuss,entire
1511759,167,beautiful,late
1233631,690,surface,raise
327448,740,race,too
759489,267,instead,third
973753,894,decide,dinner
914170,712,national,evidence
29533,952,light,yourself
628234,697,their,report
951504,630,board,religious
433083,244,almost,challenge
35320,250,attack,cut
1408559,614,adult,ago
251448,993,than,guy
634638,75,hundred,ability
1439821,200,agreement,business
582717,885,woman,order
974861,740,cold,whether
230578,249,stay,forward
1252870,8,resource,knowledge
197513,895,when,rest
974759,378,voice,seven
869661,726,heart,soon
122405,626,represent,ask
1396043,249,property,professor
153428,276,heavy,poor
173821,118,so,example
753744,889,or,assume
1194294,175,evening,stage
76710,116,strategy,far
611439,355,design,read
534650,437,that,partner
1355175,82,option,might
957222,820,bar,ground
1007121,576,age,yourself
626309,896,specific,law
486442,944,law,opportunity
1396772,666,nice,little
314378,464,eight,especially
1306178,436,produce,feeling
119658,926,capital,common
1526876,189,leave,travel
889701,543,author,news
802002,652,executive,sit
22457,753,source,ten
86071,474,public,not
847450,818,reflect,kind
243865,588,tend,speech
454088,244,result,risk
894066,95,east,shake
1512047,860,program,senior
495895,997,before,forward
533888,877,of,thousand
193329,751,amount,top
992055,31,exactly,radio
1243848,222,fear,evening
796398,893,this,night
1233853,746,add,staff
1159417,893,bring,inside
531637,223,field,Mr
847348,616,at,next
775531,271,from,instead
1539461,535,political,fund
559695,535,career,allow
442008,902,question,purpose
261388,663,point,group
1125653,89,modern,that
1299007,648,realize,size
284408,967,truth,stop
958073,149,produce,once
233131,589,go,education
147806,656,accept,machine
665550,486,ball,environmental
982335,204,street,modern
516922,12,join,trouble
57505,869,answer,for
1059238,217,cover,quite
1126161,709,bar,citizen
944696,901,so,heavy
92426,47,conference,deal
578065,154,join,book
59697,780,western,attack
1408553,301,father,six
1309323,552,site,idea
362146,830,entire,price
1118202,169,child,American
819231,893,partner,health
677242,251,week,light
417830,617,base,than
822224,217,less,democratic
148643,941,little,game
332911,881,any,suffer
1176920,536,enter,left
320,788,current,talk
1077755,438,edge,establish
1439015,959,data,road
133711,557,at,box
299015,619,hot,cost
186630,410,especially,future
794932,545,such,amount
352857,815,kid,thank
2099,611,young,most
622254,715,thousand,rich
1485995,217,stage,figure
803545,98,message,involve
706001,456,stock,mention
275153,192,wait,test
1237166,315,but,real
1421616,404,talk,outside
543102,858,blue,involve
49607,854,gas,report
99149,740,age,church
608045,532,each,lawyer
1497989,827,the,west
1312279,724,international,leader
168733,779,successful,rather
1236528,899,head,show
367475,7,great,enter
1252730,661,central,defense
486015,768,laugh,develop
1015316,450,result,interview
1021796,524,order,raise
1096815,612,case,nothing
1268130,21,like,dream
234588,245,begin,enjoy
458930,124,view,recognize
122901,742,election,remember
1416900,841,attorney,far
1149158,55,center,billion
153711,759,rock,former
544203,744,energy,identify
354719,58,whether,Congress
179647,654,cost,push
124867,795,would,share
931961,62,floor,information
676671,662,although,guy
486407,960,grow,wife
907169,779,rise,which
619709,910,issue,relate
1359371,84,yeah,investment
9,564,least,class
381947,764,nearly,front
678336,474,long,could
1508045,150,close,produce
103448,643,song,few
1394032,856,produce,suddenly
450869,764,step,one
646474,39,time,company
376667,943,boy,personal
438591,77,before,fast
477549,409,course,wife
65711,1,surface,couple
122409,246,join,bit
191501,192,message,allow
951859,502,change,side
895076,871,note,imagine
807383,87,because,art
718103,476,teacher,model
1055292,935,able,edge
1096398,680,a,think
435376,697,ten,you
856169,754,stock,company
1126491,299,reason,institution
799064,631,movie,now
237078,18,budget,name
424196,481,box,poor
474196,983,management,this
231709,573,fill,detail
1007335,492,enjoy,the
6304,686,case,each
897031,56,property,spring
382527,968,early,run
1492006,739,respond,television
459395,338,rest,skill
1066819,264,food,study
936020,775,actually,less
1502369,764,happy,short
1315173,564,simply,red
913157,536,economy,around
186199,733,shake,human
1239194,637,performance,section
1380665,913,necessary,respond
1531109,725,board,suffer
894790,107,beautiful,exactly
790239,459,right,tend
1386863,820,various,international
892502,86,approach,night
737693,525,generation,data
266992,841,dark,blue
370279,133,money,official
275817,3,maybe,him
1336413,241,feeling,long
1455920,275,husband,forget
755189,279,TV,significant
1329546,928,wonder,subject
518667,512,two,us
22190,334,country,practice
1060496,399,inside,factor
615842,865,leader,better
692435,905,force,trip
1369266,672,instead,you
344351,809,red,democratic
1024930,767,church,security
1511659,987,special,and
757322,387,across,business
1418668,243,ask,consider
885749,90,wait,over
685711,4,deal,vote
342806,607,another,activity
1429073,83,national,form
4249,30,although,high
1395877,378,machine,according
184486,825,interesting,approach
438776,995,benefit,girl
1205129,585,theory,good
859786,329,role,meeting
1512654,35,former,house
589626,693,factor,stage
551031,475,situation,rich
934943,452,trial,Mr
38785,994,stay,reduce
24847,401,sound,wear
1284030,393,move,rise
962171,945,wonder,result
760356,533,move,I
48162,586,agree,together
550441,158,address,allow
1184793,293,party,Democrat
219425,985,south,hope
1176026,405,community,next
161656,66,institution,respond
564557,365,hard,help
31365,617,teach,with
1521035,108,voice,again
1261809,306,company,cause
1392167,491,whether,admit
1379803,958,question,pressure
999236,409,wrong,son
165904,61,computer,leader
603107,664,officer,east
986756,209,person,hit
1193100,504,personal,mouth
1246161,545,war,see
1277858,107,rich,catch
1470069,780,music,or
111627,560,contain,marriage
1325505,781,argue,face
1064091,243,miss,staff
99461,305,firm,be
1518519,493,arm,bit
109904,250,doctor,yourself
1006241,269,organization,above
643959,887,actually,face
1442687,373,fly,side
755870,853,great,agreement
924712,924,upon,off
1162282,806,mean,field
974933,759,town,someone
130431,78,third,here
651485,83,successful,these
473929,384,former,fine
487344,639,trip,player
686435,302,born,respond
139269,740,interview,power
319955,427,able,crime
659262,472,local,agency
1382764,216,go,fly
960719,877,upon,exactly
8057,631,only,opportunity
928335,655,use,star
677778,447,feel,international
250788,473,direction,country
140952,209,economic,whether
1418311,888,must,cost
549622,279,every,outside
497629,112,hospital,cause
231395,649,watch,life
52595,538,live,huge
1125465,126,between,personal
1527832,788,foot,side
321271,152,expert,race
1059543,60,century,son
1033643,627,people,spend
466587,360,score,a
1498184,333,side,soldier
317704,32,consider,indicate
347597,194,indicate,second
11399,940,product,of
428751,726,mission,have
1174970,876,south,fast
543032,166,by,debate
1109467,998,often,recent
493959,614,ground,describe
1419644,985,speak,exactly
432431,93,treatment,get
12107,698,product,subject
297408,571,ever,information
844948,487,which,its
759218,784,meet,effect
1219839,862,use,federal
1455287,869,standard,fear
1192462,895,with,east
180226,646,occur,lose
510925,647,market,part
796477,206,will,take
1508559,861,bar,pattern
1040208,427,new,work
258520,165,hour,major
866047,888,hundred,industry
618635,708,husband,executive
641216,314,beat,firm
668344,566,although,pass
420835,102,Democrat,democratic
351252,78,trouble,trouble
774218,936,yourself,song
849518,83,value,million
893173,848,whatever,statement
691796,851,music,girl
159852,65,activity,prepare
1000304,220,heart,level
851763,897,team,final
155170,636,third,impact
354286,915,true,already
727507,632,point,senior
1153639,992,form,tell
1178626,982,story,say
1425619,975,race,foreign
1530226,892,above,still
636796,169,she,center
133572,833,Mrs,event
1062291,129,wife,pick
105276,787,likely,war
796646,33,really,present
525033,959,beyond,hour
1296220,107,remain,reduce
396062,665,source,it
1184567,29,cost,he
605248,79,dream,then
22566,929,activity,maintain
385419,929,ok,down
90430,249,open,clearly
1282977,452,enter,society
1123562,467,wear,view
1455638,25,myself,kind
1104947,736,what,wear
756662,58,technology,no
13248,633,ahead,window
235521,799,blood,show
130116,598,science,senior
629134,601,food,difference
184429,282,thus,clear
1289588,907,make,season
670979,11,throughout,degree
1059332,142,office,finally
430380,270,miss,analysis
766349,608,although,religious
743831,407,increase,provide
868828,275,hard,story
1498258,667,case,sign
949419,830,south,campaign
1047221,604,oil,hotel
351013,117,benefit,rise
544889,648,senior,how
1175714,134,should,although
748557,545,prevent,sea
676289,491,push,above
716705,963,interest,little
1056829,878,significant,recently
1266280,582,future,market
496745,756,never,cup
1229387,444,treatment,trial
1059463,593,visit,wrong
958065,911,budget,wish
884195,714,only,hit
183241,838,life,whose
1341465,458,yard,short
540352,212,question,heart
1453115,795,along,young
971872,54,minute,blue
511649,117,ball,people
620532,845,someone,kid
329155,211,say,company
1524868,234,although,light
1212288,374,window,scientist
1685,71,chance,party
620212,856,a,father
403600,977,go,natural
1408886,291,author,stock
29116,496,money,everything
560742,431,than,sing
1429470,121,stop,now
1410698,669,office,happen
475247,520,standard,former
1339115,224,industry,get
342538,658,science,specific
519986,989,front,across
396264,90,able,people
1039062,847,drop,one
492380,134,certain,home
1412025,151,word,number
1121272,191,sport,call
1139291,992,employee,do
934071,478,ball,measure
362269,219,away,begin
224888,235,meeting,second
98938,11,part,public
1318557,237,last,company
813312,865,rich,treat
1356883,602,do,laugh
88038,217,health,five
1113872,456,sell,now
832883,899,bit,wait
901251,575,for,difference
1036298,472,worker,explain
601804,188,kid,whether
878935,232,contain,later
1256369,522,sea,per
828436,826,finish,task
629635,270,film,organization
87783,801,less,husband
437444,689,available,under
1128691,862,daughter,area
164521,500,region,they
898795,700,field,collection
1022468,329,make,never
1192406,53,prevent,cause
1121887,70,hospital,fish
818381,301,station,others
227980,280,ever,will
648001,754,order,help
726288,604,before,stage
1259891,901,everyone,impact
111305,96,impact,walk
1491566,373,consider,alone
152719,959,movement,ability
1141741,332,physical,minute
996106,593,tell,meet
1173239,567,myself,knowledge
412768,442,out,marriage
1192164,905,responsibility,Congress
1180362,398,number,yourself
984425,400,sense,second
782142,566,company,edge
463473,14,low,off
768084,705,evidence,authority
115241,637,population,range
892711,551,since,sure
297510,870,carry,almost
617940,523,despite,quality
1204121,945,should,city
60239,205,free,source
187457,528,produce,my
1098748,649,huge,into
663502,719,source,speech
405697,778,nothing,travel
875184,690,itself,dream
43440,795,change,most
591372,58,without,but
621081,816,push,significant
585,270,air,consider
1362087,221,whom,you
1525858,60,senior,operation
920999,347,understand,analysis
60785,927,quality,newspaper
600049,464,why,education
70268,838,boy,determine
623414,390,although,common
648401,146,Mr,building
49715,685,before,environmental
754483,999,business,pretty
1339101,359,build,everybody
220552,646,me,forget
179098,740,describe,relationship
367642,83,course,partner
963481,19,lead,key
847935,679,movement,huge
797329,420,line,politics
855233,322,music,figure
673475,349,race,production
744285,849,employee,oil
960308,55,spend,agree
819473,803,history,trial
94104,421,whom,nothing
1015842,130,responsibility,require
625094,868,performance,contain
971723,847,per,become
1483579,205,edge,authority
1537612,958,federal,role
1312429,579,wrong,all
30802,62,like,information
65876,577,foreign,soon
1143986,754,name,new
758298,250,issue,I
1014587,864,sister,reveal
1307767,673,government,role
586901,604,arm,ask
389526,232,attack,who
811024,972,group,challenge
1231608,35,condition,ahead
480517,934,help,within
79898,803,probably,actually
253978,917,vote,role
61762,243,improve,top
1497490,297,throughout,close
1176869,980,fly,husband
731907,121,executive,look
1357624,579,hour,person
273271,252,product,guy
73472,691,fish,perform
1385569,228,budget,task
1154868,821,other,professional
393579,975,if,light
1223500,527,another,learn
413024,727,environment,just
286697,726,star,lot
1153989,971,those,let
538280,319,never,trouble
1293247,820,wish,discover
905019,166,truth,go
1226102,501,bad,significant
301567,552,level,picture
841065,104,involve,television
36192,515,reason,reflect
1373355,334,purpose,meeting
1304694,607,week,office
1404051,438,college,even
1337125,592,police,culture
1194511,542,its,already
625280,487,scene,surface
69991,18,push,technology
627415,921,window,inside
1003775,677,care,when
382049,624,white,television
1407618,178,fire,dinner
810026,603,reality,others
659178,734,require,have
1152816,844,listen,indeed
1084587,993,long,account
1527253,264,seek,hard
921355,82,kind,actually
1488295,936,baby,hair
548850,84,light,care
462769,575,floor,those
816327,38,southern,machine
1328794,530,everything,open
70823,313,surface,expert
387641,346,break,poor
908680,699,study,dinner
351632,127,represent,despite
1228863,588,night,relationship
487809,225,truth,door
1044388,726,foot,describe
533517,809,anything,though
1198744,753,food,theory
782919,355,then,yes
1493116,236,general,note
669561,249,study,music
1434418,402,agency,ability
1181092,483,drop,attack
784859,102,ability,foreign
1014786,997,simply,we
371722,773,he,difficult
9871,226,near,rest
230279,721,doctor,which
870645,309,summer,plant
422246,20,section,lay
300934,961,painting,although
867937,33,reach,price
1196679,784,hot,its
1406621,1000,own,material
1112980,953,ready,nothing
345225,519,health,thus
760164,403,never,southern
216050,133,computer,hair
621680,633,third,finally
1430037,516,current,economy
1408853,137,material,decade
6607,899,write,avoid
495862,740,direction,down
121704,463,source,maintain
64506,607,wall,nearly
349424,784,newspaper,oil
655026,794,course,present
836933,5,draw,food
642523,790,but,thus
346020,937,western,here
763335,485,bring,school
563230,201,public,current
1378062,810,tree,middle
1149253,56,with,politics
494859,681,sea,the
43163,430,score,woman
1288758,510,benefit,or
967900,811,buy,benefit
1241995,626,three,call
1535567,253,item,prove
1504990,736,sea,body
880246,246,out,customer
171623,294,hand,whose
1525795,908,Congress,compare
313845,911,everybody,from
390255,901,whole,safe
37802,173,strong,however
353862,561,crime,similar
971871,353,system,middle
1497262,648,way,mean
269476,118,central,factor
480214,174,far,song
697988,657,style,forget
273263,13,team,education
1049407,406,attention,nearly
535919,884,create,sport
940367,302,us,provide
1370426,722,side,ready
940577,803,meet,challenge
682167,666,teacher,beautiful
1513663,267,let,voice
1328355,652,agency,speak
509185,958,lay,place
618150,464,ago,shake
732630,687,worker,they
831942,772,win,crime
749071,280,report,game
999020,194,resource,behavior
1098433,933,establish,offer
855083,447,care,amount
715879,993,specific,act
649286,36,culture,mind
317127,202,arm,hit
794536,708,front,low
660318,917,kind,can
824651,311,provide,describe
935122,471,recognize,morning
293168,637,evidence,last
1228517,900,since,catch
960004,90,that,government
1265991,191,as,enough
107368,407,people,he
611244,949,fish,light
1349974,538,person,receive
1465869,178,look,identify
807644,888,continue,benefit
1193106,345,him,human
751077,512,bad,stock
879625,999,they,bad
506545,695,condition,main
714875,414,interesting,notice
412728,168,hotel,similar
1345154,834,value,film
884773,483,technology,travel
1401633,290,well,race
1414342,39,get,partner
390390,298,happen,senior
120189,639,law,bad
72246,154,field,house
1124828,50,win,focus
1192011,384,property,heavy
1401290,389,recently,still
833010,700,me,dog
1255057,457,exist,major
15049,168,feel,data
233307,861,develop,customer
285314,676,one,draw
134831,563,west,easy
1142249,795,little,seem
1218470,192,main,paper
988950,734,size,nice
726780,554,form,wife
124579,544,various,ok
1459301,73,growth,whether
155586,115,kitchen,month
83068,27,actually,pass
578325,635,his,gun
1184541,54,people,already
480047,774,successful,trouble
500849,517,quickly,ten
20091,23,paper,energy
1292190,870,among,do
533591,145,church,Republican
1197403,739,another,strategy
1343310,457,provide,reason
849913,345,foot,theory
1337525,207,hold,sing
638299,425,member,no
767104,812,culture,difficult
268100,162,old,account
458519,157,to,wait
760115,340,fish,throw
1353003,214,tonight,my
948982,579,upon,fish
147710,783,people,peace
841296,600,he,instead
1293533,154,building,thought
1185285,902,may,me
656542,998,number,computer
146027,983,soon,must
1120630,515,nor,movement
220259,466,tax,business
154998,927,top,customer
786984,918,war,war
394311,190,success,compare
886065,702,them,rise
305749,960,information,ahead
692987,113,situation,budget
1539665,132,final,study
941371,802,operation,ball
449567,791,either,day
941588,885,language,wide
346743,108,teach,buy
736988,990,as,friend
204802,323,shoulder,more
384093,828,free,possible
41940,844,seven,mission
629933,842,simply,sing
651078,520,ask,similar
602493,890,within,new
105513,797,happen,argue
1029927,484,far,interest
1157694,959,job,assume
783038,62,travel,significant
1111004,655,soldier,produce
427551,985,effort,discover
1090240,256,really,bring
1077440,74,tax,list
195386,250,simply,there
3606,556,set,without
1336893,630,character,matter
1377853,456,our,house
1294323,120,free,agree
1178215,654,center,site
940072,536,put,impact
441867,189,social,buy
188736,896,article,after
1043235,909,suggest,job
230008,290,foot,sister
875661,922,life,score
769816,396,some,evidence
1467162,65,behavior,light
487243,195,article,test
1030400,339,head,enjoy
881928,734,property,million
786520,635,himself,involve
225640,187,point,tonight
1247885,625,team,along
195610,367,three,open
1283900,277,certain,price
463667,306,above,woman
364193,947,expect,drug
1529141,643,reality,police
3753,313,fly,choose
242352,195,decade,professional
1503964,950,indicate,risk
957521,122,democratic,agency
307125,91,agency,despite
1252199,625,stuff,clearly
429116,40,city,wide
688421,787,clear,mention
881981,823,page,allow
807079,354,former,board
1211429,317,price,since
1029673,238,appear,enjoy
1060609,369,reality,sit
334843,940,piece,side
817760,267,this,clearly
1315895,236,green,north
633662,466,during,arrive
149780,578,spring,meeting
427365,778,goal,clearly
995181,76,truth,international
612568,184,green,lay
609559,469,probably,could
410925,382,design,far
363235,98,son,play
882341,39,answer,need
500699,548,whole,you
1540137,262,budget,summer
924022,339,enough,there
296434,604,majority,issue
1518784,130,they,hair
145220,835,money,reveal
583055,679,style,born
1263558,391,somebody,particularly
1309466,314,service,southern
1155635,115,beautiful,agreement
95042,634,already,kid
647757,130,minute,theory
877847,147,federal,expert
1094646,360,win,night
1471307,69,each,six
810200,22,culture,their
1151907,167,country,imagine
411175,553,station,late
280837,234,decide,they
409354,480,meeting,cup
1423486,828,I,form
247033,68,ground,color
1191578,96,lose,eight
998861,31,itself,church
1011763,137,to,send
385678,610,truth,quickly
23357,4,here,election
1253797,840,new,road
447342,268,car,keep
913873,876,increase,perform
1074743,480,pattern,positive
837811,739,want,learn
1432260,355,choose,maybe
318976,971,indeed,better
188182,522,for,work
121870,884,idea,box
197787,343,outside,above
1269405,240,rich,senior
405629,87,health,up
162146,794,act,law
897926,313,pull,within
587797,114,our,necessary
553332,298,avoid,model
804193,404,second,ok
111381,41,training,newspaper
1289350,9,possible,data
698135,345,child,guy
910307,645,example,research
686327,847,few,direction
1244138,229,attorney,particular
1471944,859,show,first
910304,454,crime,since
1341915,547,behind,record
1158324,829,treat,land
515819,135,dog,food
1418706,823,young,social
76980,777,grow,available
692205,246,yes,reveal
1277065,158,field,democratic
137697,612,foreign,fine
609170,56,wife,music
1123160,806,night,firm
166625,3,ago,later
861100,104,spring,maintain
1496346,662,upon,return
412377,812,side,story
606709,899,ready,rate
586393,523,rule,decision
345604,303,surface,film
331289,428,new,test
1001880,661,line,cut
1181091,174,reveal,us
308090,652,environmental,boy
1429475,692,us,treatment
99456,854,help,seem
519906,578,theory,crime
389942,949,whole,all
303211,129,buy,responsibility
1437495,386,probably,your
273352,539,magazine,act
176089,72,seat,prove
401630,735,recent,cold
481838,576,effect,mean
1005500,792,network,focus
430680,212,since,represent
806033,227,artist,purpose
757659,152,instead,system
750111,748,big,least
180971,470,subject,seat
1134706,144,why,future
431968,450,star,other
733859,168,ahead,box
651616,322,clear,team
973892,344,Democrat,feeling
1232069,860,police,management
780321,894,herself,kitchen
879837,13,stay,image
303290,222,final,establish
162448,159,worry,central
467737,750,purpose,ability
1124336,270,call,lose
975776,209,drop,tree
1406530,583,wonder,deal
1179856,190,kid,clearly
300742,549,walk,physical
98141,93,national,small
1444147,607,there,baby
577498,762,own,quickly
932839,405,own,huge
211900,235,think,clear
719706,535,computer,president
1040356,788,man,city
344757,527,term,stay
1354517,973,participant,account
98124,135,speak,far
1052664,843,property,change
1333911,420,thank,trade
1093560,436,travel,through
236495,439,lawyer,daughter
935919,75,experience,expect
362902,743,wind,get
1227216,254,address,arm
1085600,24,leader,lot
1447727,87,employee,explain
1373522,523,provide,career
286001,911,south,college
258570,107,example,local
1341729,610,subject,decision
649056,717,maintain,why
1244131,290,attack,former
1379033,810,official,herself
1538920,825,likely,make
1086377,228,season,mean
745083,911,wait,score
926135,991,on,within
812379,290,sell,offer
1035560,591,outside,citizen
829587,855,thousand,war
688338,36,beyond,night
975812,575,improve,born
1215511,817,wish,hit
615828,97,past,account
1322856,581,world,real
311949,123,never,talk
506898,849,whom,staff
739625,164,while,gun
875088,237,improve,whether
257582,896,adult,production
715336,71,increase,TV
719971,483,admit,child
529490,820,body,hand
547750,943,believe,future
879522,376,improve,him
323139,817,at,available
473857,407,local,or
1081980,987,seem,surface
1252734,8,good,herself
290810,219,animal,pattern
146381,344,face,let
511496,538,thus,stand
1490128,172,question,force
1167888,962,base,office
631089,739,various,too
992315,77,focus,red
80769,784,trial,fact
523198,927,a,somebody
324790,537,when,energy
1414429,774,attorney,here
1237152,737,parent,there
1330313,798,drug,research
511505,414,open,man
1248998,102,school,skill
993657,685,memory,another
723692,848,western,that
1236013,536,mean,maybe
531990,141,wrong,land
507174,211,reason,eye
63508,955,culture,catch
1127210,445,course,hit
247273,233,professional,meeting
818583,135,long,across
702590,606,south,present
1310772,461,history,over
284594,175,camera,mean
882013,232,though,inside
334438,238,thousand,national
464168,838,art,education
780147,604,really,movie
195789,8,drive,reality
544992,311,let,thus
1285036,710,lead,page
473545,483,move,hour
1365583,63,room,site
1466367,348,bring,argue
369905,383,ahead,direction
26751,133,continue,another
1530288,733,decision,century
560307,574,measure,language
315575,794,picture,she
1231569,629,toward,your
1081205,554,rich,admit
324468,895,case,international
465367,989,on,less
1090387,895,office,send
147706,402,material,pass
310662,670,Republican,region
12300,513,three,majority
458198,735,mean,baby
1521267,535,together,our
737491,175,dark,very
1436889,312,institution,management
619084,462,imagine,whether
523116,665,environmental,study
521045,44,top,partner
678014,345,see,thousand
1380949,354,near,order
1103985,87,respond,certain
720682,935,attack,young
1121789,615,finish,choice
1307103,231,compare,financial
813774,218,language,notice
555043,660,man,us
1394408,826,expect,see
442215,273,specific,speak
286766,199,current,war
991426,170,fill,son
1405046,828,only,check
167216,17,experience,behavior
310847,252,none,paper
678810,482,maybe,expert
566375,961,challenge,style
639744,782,site,day
336327,278,green,write
1424300,152,green,management
476685,557,if,book
668472,834,language,better
66156,214,news,second
998663,950,hundred,fly
624682,602,appear,space
1508861,347,force,itself
1414194,498,produce,note
542670,359,positive,huge
664368,103,provide,popular
827758,222,leave,tax
370549,242,black,understand
601067,143,common,should
118246,863,agree,officer
433042,269,trial,top
1054570,638,character,life
307188,149,debate,between
1060339,96,many,back
708657,808,under,move
158189,448,page,wonder
1158348,324,bad,around
977506,142,policy,perhaps
730448,591,board,occur
724489,781,enough,put
797661,595,enough,space
185354,625,always,result
18042,980,wish,perhaps
1384873,726,reveal,build
965301,368,agree,political
884296,886,foot,care
1060438,805,line,cover
324833,15,production,military
1125493,435,anything,investment
1041908,71,food,visit
1163178,86,one,a
1368010,229,arrive,industry
677735,440,present,deal
532505,625,two,generation
333909,15,identify,will
1068085,506,employee,throughout
714419,907,play,gas
750393,834,hair,red
454208,390,school,surface
492558,704,behind,staff
1484926,721,involve,produce
578380,900,deep,full
1031452,788,doctor,use
137095,224,both,sell
1041474,154,safe,human
88344,211,what,drug
799090,23,society,baby
89841,911,thousand,too
296847,129,man,dinner
111112,568,hour,poor
1204116,115,serve,range
539911,62,song,one
1118442,986,recently,apply
453595,156,data,it
796729,74,reveal,ready
812230,951,company,artist
501706,230,shoulder,thousand
440394,201,general,today
52690,819,hear,either
1392508,390,trouble,will
495560,235,listen,risk
1041358,219,pattern,involve
360429,780,this,by
595713,543,parent,simply
443637,797,various,executive
84391,939,daughter,team
748845,706,among,heavy
655036,538,under,eight
576117,444,together,total
1166806,948,season,office
10616,437,read,road
705447,833,common,option
1055771,629,or,raise
68940,48,four,campaign
1007842,138,glass,real
1457646,171,minute,world
1508462,447,trip,between
956632,644,hold,sell
455509,147,campaign,want
745472,99,move,field
987270,350,moment,training
575305,948,around,rich
939956,558,interesting,person
591985,175,group,leg
590624,680,open,threat
851343,124,question,soldier
1347215,978,sometimes,argue
674494,425,floor,until
891492,219,whose,place
297871,685,area,media
1264297,952,different,new
648340,6,entire,language
1242373,798,have,production
1087675,148,sea,partner
856149,136,lawyer,plant
496518,959,many,and
353772,14,improve,involve
515255,992,sometimes,shake
1124863,633,program,poor
988769,752,treat,race
372661,653,heart,past
149001,225,growth,sea
361462,307,meet,rich
989197,179,stock,forward
752093,135,strategy,idea
1175890,990,since,do
706025,360,cup,example
1252014,237,catch,live
113247,61,brother,good
71047,47,machine,reflect
899640,115,prevent,shoulder
459659,496,responsibility,former
592612,883,pay,American
1332024,881,central,scientist
1509884,146,design,address
686815,239,fact,few
1017119,175,art,strong
1424676,407,job,keep
171232,62,figure,government
814465,631,where,effort
857519,642,at,senior
223136,377,recognize,ground
1308473,769,time,maybe
286303,344,trip,far
1391421,547,ability,worry
252312,320,tree,note
670273,429,cost,size
442745,486,quickly,seven
1313771,131,their,security
1435682,360,add,sister
219045,376,ahead,north
990701,954,civil,beyond
1223770,695,really,defense
56316,113,story,hot
1365737,648,entire,window
1119956,773,it,build
685491,579,read,huge
1219894,692,system,politics
153212,637,arrive,thank
1411136,103,resource,rather
533978,975,certain,hit
756255,977,level,administration
1165147,307,provide,operation
341129,722,catch,resource
538452,608,for,event
1426354,666,at,first
896780,106,tree,among
303096,26,consumer,develop
465331,799,PM,music
814945,783,consider,police
765153,9,western,behavior
61498,885,oil,major
1278211,48,face,despite
723056,4,two,real
330483,817,cell,approach
298747,701,test,somebody
1396803,499,executive,white
447673,904,foot,network
1348696,748,character,argue
357352,124,difference,begin
509776,986,building,those
1378529,740,special,option
933131,519,very,out
988904,444,skill,several
675650,71,hold,such
1136055,65,early,particularly
1043877,777,these,two
277921,164,window,environmental
234555,398,on,certain
208674,322,join,land
415113,615,by,reality
1074430,699,tonight,enough
728187,780,physical,suggest
664212,715,ability,executive
477986,875,office,dream
1013164,448,civil,certainly
874307,91,away,character
523135,899,one,compare
543908,949,call,live
390651,203,any,million
832466,525,strategy,role
1178016,384,student,then
1175505,843,body,before
1475808,77,recognize,friend
313704,223,tax,heart
145652,758,surface,best
1100593,268,wait,development
1348964,885,Mrs,hand
745161,929,in,blood
1440794,444,image,response
771943,947,or,relationship
14180,608,entire,your
147847,243,Mr,economy
775620,109,although,agree
1381891,221,area,let
647700,20,drive,travel
1315420,882,have,free
368867,297,visit,despite
655804,26,kid,wish
537064,808,voice,save
1165224,865,still,very
758079,895,country,mean
991150,349,easy,while
100694,765,doctor,serious
1328782,296,shake,low
432562,133,finish,which
434125,420,natural,that
1269751,335,bank,pull
172977,591,light,former
666039,386,heart,try
483943,462,speak,those
276026,198,few,lot
448812,951,establish,issue
806104,509,indicate,big
506597,669,tonight,answer
826926,611,open,few
1245660,665,believe,interview
1348352,270,employee,magazine
884668,264,analysis,child
1159654,799,writer,adult
682088,216,first,hour
388055,275,material,house
1398424,900,item,suddenly
1344758,556,star,exist
246339,985,stage,pressure
707572,971,home,guy
511040,752,part,under
365679,190,television,involve
744548,357,hour,push
57794,913,state,station
544050,363,that,common
67654,787,kitchen,person
532629,663,around,relate
1197592,967,everyone,onto
401392,118,fact,sense
1513861,775,institution,everybody
941442,262,director,say
1330260,292,method,place
74387,777,almost,act
1280269,327,keep,dark
509291,650,tax,various
534993,526,plan,clearly
246066,250,less,consider
779685,955,myself,manage
792570,638,enter,camera
420712,727,keep,before
124902,713,key,draw
1293015,211,phone,together
1172862,292,north,property
1068384,414,officer,herself
332907,26,blue,chance
925984,986,actually,fact
66740,330,little,sister
854355,976,scene,fact
1006408,488,couple,notice
294283,528,two,father
237230,504,rule,alone
1176779,485,anyone,although
56789,820,painting,industry
642050,792,sense,west
1000357,475,just,standard
1008949,102,throw,base
952817,472,course,I
1173189,885,poor,way
308553,218,myself,shake
766093,860,teacher,skin
550942,516,get,score
470064,645,civil,figure
1534230,689,moment,tell
850351,291,stuff,physical
1374464,629,me,beautiful
518374,747,president,news
206832,557,suddenly,half
125913,677,step,brother
701364,369,final,remember
118512,764,fund,during
410335,707,drug,seek
971081,893,bag,history
1465308,287,subject,travel
97633,481,song,positive
1299145,432,discover,under
220787,252,reduce,radio
570292,324,probably,interest
1484236,757,order,seven
655580,37,think,region
1165052,231,party,thing
1198364,615,treatment,from
582412,194,hope,when
15374,577,open,pay
1131495,187,through,open
567357,807,authority,get
82768,851,everything,lawyer
390467,78,image,treat
806805,690,above,well
519270,678,factor,experience
821535,719,nation,enough
96894,757,turn,well
305332,626,green,nor
306608,736,window,stop
208564,854,enough,form
542848,599,you,foreign
169317,857,effort,member
505613,980,agent,practice
860598,511,simply,rise
1387479,716,building,scientist
765229,376,understand,likely
1516898,19,think,thing
356039,396,on,specific
204654,989,hard,son
1517804,510,international,all
56391,428,project,home
677557,856,camera,base
137402,362,state,play
1114813,846,particular,without
223219,334,according,huge
699376,157,question,their
756178,942,trip,vote
973868,100,hospital,sure
1251688,126,situation,entire
472400,292,life,budget
1077617,169,scene,hospital
923744,610,have,lead
225109,196,either,inside
588298,678,hundred,third
158607,335,tonight,represent
900526,352,major,modern
818127,703,consider,by
1077310,142,pull,story
772856,68,doctor,ok
597380,979,finish,look
578709,165,near,try
741972,422,decision,by
94133,17,police,four
524579,949,interesting,back
1402209,40,size,out
901676,176,voice,church
1471262,997,apply,brother
627325,523,as,father
850772,731,under,north
688675,943,every,participant
1272435,906,soldier,up
1227843,74,recently,learn
623253,819,because,spring
914554,114,national,artist
653243,883,one,coach
656666,77,hand,thing
902011,24,idea,eat
457547,933,nearly,stop
169776,894,evening,gas
815312,422,dream,movie
717698,954,few,wear
248940,182,order,fill
1082086,841,loss,actually
633396,949,ground,ball
373782,466,management,skin
221783,934,seat,finish
1474070,663,tend,voice
1313874,508,adult,summer
1387586,446,two,read
1480705,830,executive,economic
1327907,713,eight,must
124838,571,sense,white
891626,948,food,month
1323573,462,sell,sort
528927,540,land,environmental
164371,422,its,learn
1426461,702,positive,military
1027071,855,describe,behind
1105066,911,stand,itself
258128,553,better,stay
518645,324,town,treat
1009224,192,later,he
60867,581,bag,better
876508,77,risk,hour
1131265,933,research,on
1103355,859,improve,prove
865787,821,yard,determine
1438031,21,high,tell
738039,62,all,year
983722,133,purpose,image
716314,570,model,information
1425724,619,whole,hit
1118132,324,which,heavy
1432281,937,community,main
466542,233,street,government
716148,317,task,process
79429,913,long,poor
133683,420,sit,oil
1390861,916,create,common
1073697,925,baby,spend
1302484,684,while,while
758766,89,decade,fight
1373741,261,everybody,his
770542,894,tell,every
709459,13,care,growth
1005685,208,forward,American
967459,998,thing,spring
1064106,202,new,yeah
543003,715,action,seem
519959,868,set,sense
450021,862,our,beyond
50938,78,several,international
1138090,922,popular,nice
709465,368,military,expert
1271156,753,find,since
1315655,675,television,front
1054715,26,worry,letter
1242117,403,skill,cost
189271,532,game,student
808013,755,people,by
278199,899,raise,four
1021239,643,risk,quality
1424342,6,bring,find
1242705,939,describe,small
789800,609,quality,first
1042465,107,experience,age
321314,214,where,fly
375239,132,chance,whom
1104844,650,raise,note
4856,766,however,explain
1220999,335,every,later
671850,501,skill,feeling
857819,500,chair,mother
983170,102,create,but
1194798,357,sort,policy
706890,410,back,learn
1210160,313,structure,kid
33595,441,cultural,life
1516146,528,crime,during
1055859,875,per,southern
144958,959,challenge,by
1275300,520,control,reality
95436,938,opportunity,truth
596609,427,early,player
991814,935,inside,know
642243,898,might,form
1381468,491,their,type
1287957,845,cell,mouth
437573,550,idea,stock
448067,933,right,thing
1186046,441,her,skill
138279,284,scene,book
545714,541,term,significant
552573,95,per,brother
873116,887,whatever,quality
1040390,647,right,energy
202104,317,media,not
663164,240,interview,open
1209609,816,article,citizen
309613,708,spend,help
234880,415,do,simple
167198,462,gun,tell
1516593,778,fact,leg
729102,882,garden,manager
167120,589,tonight,bill
399998,100,as,eat
455616,190,media,station
919128,176,everything,real
1178365,974,perform,hotel
1319895,149,kid,while
619687,283,miss,ground
517878,492,majority,leader
162615,412,look,rather
950902,435,need,produce
297723,658,military,everything
630363,614,including,occur
603935,19,yourself,remain
325230,405,do,family
1095672,185,build,thus
1525938,167,professional,nature
145034,310,local,direction
94337,803,use,community
786807,4,heart,break
117865,364,region,guy
725659,171,main,clearly
1375678,285,term,suffer
946927,199,local,though
625481,271,western,true
676638,855,number,who
315043,522,with,history
910748,776,so,pay
467214,345,my,threat
690581,989,coach,good
549174,866,she,later
250544,739,fire,one
1022726,591,eye,run
1287903,813,to,writer
1122627,305,difficult,begin
730353,593,thank,economic
1174222,661,fear,become
1203811,227,safe,much
489723,975,science,matter
114786,669,response,of
1019242,556,road,however
1383930,77,Mr,agent
1214298,972,member,way
1494999,816,drug,would
131801,58,however,important
809734,738,lawyer,near
1100752,321,card,other
1468579,723,power,popular
217958,80,pick,some
1404617,313,face,not
1228973,896,modern,usually
797453,134,stock,myself
1362633,240,simply,kid
293800,302,various,officer
1443665,880,best,current
1531616,550,hair,finish
1513552,963,keep,lawyer
805466,869,beat,top
133695,638,American,off
560489,390,all,push
668375,689,suffer,than
734892,325,performance,note
473600,307,as,we
1205278,365,draw,happy
398503,171,good,late
1217809,1,and,green
1535170,543,a,appear
610546,845,next,onto
1382838,831,various,beat
1245879,297,such,fall
1313778,971,its,final
330239,546,left,page
247164,842,picture,human
1022327,83,point,drive
830173,228,animal,argue
1229635,910,bar,two
1522634,167,sport,impact
323130,146,miss,brother
1352567,62,his,social
1279606,711,nor,how
371382,946,prevent,wide
1209423,793,control,past
607695,701,surface,happy
1360075,850,where,perform
797126,739,part,Republican
1158646,174,north,course
284188,812,stuff,particular
664146,435,plan,throughout
1094014,869,factor,life
880062,756,test,time
1021595,642,operation,draw
1530855,47,attention,suffer
79663,929,Mr,music
187075,706,partner,explain
1251470,364,remain,machine
369002,661,generation,economic
31800,755,skill,but
477717,92,pattern,feel
238573,991,throughout,maintain
464487,215,imagine,add
1432699,862,central,dog
1002811,344,machine,present
326890,546,soon,statement
409990,87,paper,pull
1463792,478,method,public
793419,545,behind,finish
729987,826,draw,will
745098,413,history,open
1158196,125,these,experience
1307949,593,than,allow
25671,983,hit,bank
482182,796,hard,even
1062329,229,national,realize
1101347,917,half,will
829188,439,need,question
1355990,17,several,table
1142604,611,sure,begin
926682,127,these,position
636589,204,result,whole
1391117,15,president,party
396800,975,question,always
602291,124,site,agree
374493,451,stop,long
1113122,357,east,boy
16022,97,appear,across
445427,751,why,road
521852,203,ready,process
571419,22,range,the
1532216,492,poor,fall
759381,753,strategy,class
87664,18,husband,improve
554619,439,down,walk
1215056,333,already,issue
1076346,81,us,size
115352,149,really,bill
1378560,938,cause,behavior
604799,812,book,standard
105948,865,today,concern
1215880,870,conference,position
1152787,762,great,avoid
828687,824,unit,million
919790,64,edge,total
1364631,139,what,own
324268,639,brother,think
147907,237,political,middle
1488338,275,middle,director
1314525,670,project,hour
94698,269,if,spring
1385893,561,do,series
902101,407,democratic,real
652494,586,compare,reach
1393424,95,social,dog
504123,489,clear,worry
731968,153,seat,high
1092623,873,box,bit
439153,521,just,big
81937,331,ball,religious
100902,195,cold,answer
263592,833,spring,leader
583577,734,skin,station
858711,13,theory,issue
1092234,434,road,example
1064071,118,it,determine
133385,566,plant,song
55724,546,about,his
284635,997,my,shoulder
302217,847,black,hear
854704,825,finally,spring
941691,67,game,however
1328389,358,audience,research
703898,167,worry,student
84442,896,it,identify
532303,428,hear,with
97448,682,head,owner
718359,158,conference,law
1380175,748,follow,nation
1007269,802,mean,view
1398690,706,staff,already
1181875,81,stand,environmental
739246,928,successful,officer
360615,402,throw,own
1000425,202,song,leader
454826,936,many,offer
1043480,900,around,life
1059774,531,understand,recognize
698041,6,fear,offer
529103,676,determine,which
1506065,173,bank,interesting
818009,786,pass,blood
1246527,961,key,least
742163,396,finally,mouth
846100,88,any,society
1286469,538,leader,discover
407296,679,partner,and
573835,904,treat,provide
649608,775,issue,knowledge
1009550,844,really,need
972292,811,wish,government
1117558,689,real,still
815285,653,administration,community
593391,205,only,price
1447625,951,meeting,parent
315325,976,put,price
35581,641,our,way
848596,623,keep,check
403735,330,teach,role
824204,598,free,follow
187437,530,have,ahead
1460166,537,chair,no
984888,818,truth,industry
1168222,50,lay,talk
1032909,362,with,employee
1453721,875,the,say
255463,693,control,order
922043,343,peace,process
718446,281,style,night
246915,454,base,way
208563,429,cultural,believe
1360655,267,ten,do
963380,102,decade,pressure
357328,534,child,painting
1040746,39,artist,yet
704131,171,provide,provide
1086649,980,prove,significant
1322820,515,never,knowledge
917649,976,system,thank
1018354,941,if,course
262788,669,player,field
1128534,315,hundred,arm
1443932,331,involve,bar
682510,823,season,firm
1420354,349,all,song
1363021,552,window,above
741195,772,stop,fire
10507,406,drop,thing
312975,414,heavy,growth
580645,924,but,thousand
110517,290,bar,offer
628995,253,learn,marriage
854157,366,already,whether
794962,278,participant,put
1485665,472,answer,management
1536336,312,test,cup
586938,723,young,where
946949,916,born,according
619189,976,financial,beyond
626661,470,total,nation
1006778,460,data,hotel
1461411,168,scene,attack
674918,200,front,finally
579645,436,paper,office
521297,960,region,special
176076,231,face,cost
1317076,300,worker,church
1165720,149,share,quality
948906,935,now,should
927170,450,dog,may
755510,423,seat,seem
936758,64,money,course
1011842,681,result,rest
1145149,12,girl,century
1403143,198,some,establish
796869,391,thank,open
959319,206,recently,yes
450879,984,necessary,ago
71603,663,right,board
1485835,260,sound,skill
728689,405,will,fine
46115,173,box,each
381281,485,class,person
863330,943,marriage,seek
244855,362,daughter,score
1447297,97,reduce,market
1109355,389,blue,on
406072,775,control,too
223792,130,throw,bit
1519055,935,admit,national
686820,94,citizen,group
208543,621,event,not
1044191,172,offer,capital
634124,781,former,three
1371244,130,situation,say
40614,537,else,sit
1515776,357,enough,fight
494110,948,responsibility,reflect
1333760,580,thousand,white
1426828,58,down,group
1284885,635,level,different
663256,140,threat,though
608595,67,represent,happen
1050162,350,cause,whatever
42904,520,dream,purpose
660703,885,surface,true
90790,740,start,he
984459,479,include,policy
523855,261,country,always
1257928,440,gas,agreement
533145,57,mean,business
1310441,745,talk,including
1468323,42,teacher,exactly
62949,85,point,meet
1023277,662,cell,dog
1384119,769,member,response
354062,650,most,size
857903,593,step,alone
85945,483,treatment,know
357841,872,many,baby
544990,867,bed,nice
1523990,22,hour,provide
1314980,260,who,believe
517591,263,benefit,choice
456463,850,for,identify
665572,573,us,cut
1300357,507,travel,citizen
627683,68,development,share
1391111,185,pull,white
556333,734,scene,research
1016910,661,modern,specific
328394,499,according,nice
306804,203,decade,western
611200,854,rise,film
282207,560,industry,short
459285,51,another,board
672114,186,road,great
925286,222,Democrat,civil
567842,900,because,break
313399,199,my,apply
76235,73,be,red
1365212,345,subject,buy
762143,945,feel,identify
629609,993,car,body
841986,593,them,major
75705,660,particular,case
286472,114,forget,fish
228825,407,as,yeah
1122219,721,six,body
49905,240,detail,sense
1104464,78,evidence,research
593702,531,Democrat,as
1407423,249,until,money
942904,419,audience,might
767048,189,able,medical
168687,193,push,particular
565647,941,street,pretty
64087,587,including,rule
1498364,418,politics,couple
1356596,487,although,option
802651,785,stuff,level
1280606,594,authority,up
848574,824,create,meeting
418836,43,rather,local
196006,752,act,often
877199,222,television,social
1079294,815,chance,message
756928,570,skill,doctor
180052,361,by,available
85344,744,wind,time
410832,152,action,oil
1515849,507,my,customer
1376105,822,statement,include
1086156,664,final,run
1109667,388,memory,nothing
1078987,879,value,act
1264017,71,anything,not
1047686,646,glass,serve
122630,627,full,whom
1071345,11,offer,PM
1104917,19,cut,woman
131855,381,bad,treatment
260853,21,sort,forward
1492186,837,study,unit
1272324,643,another,between
733359,615,table,suddenly
152958,566,ok,open
1219015,657,pattern,pretty
254189,160,condition,save
1281501,332,their,development
1455667,136,board,this
1226473,831,save,improve
972989,267,very,blue
1269765,584,record,remember
723786,675,customer,reality
735553,104,much,operation
326961,480,he,station
124394,478,two,direction
1095418,343,art,any
157707,505,star,how
543107,581,firm,wear
1368217,912,who,difference
561600,790,quality,economy
616,493,effect,church
873282,362,this,modern
1331736,196,yet,seven
799475,683,similar,better
795626,677,arrive,sometimes
800136,985,police,prevent
532320,202,movement,feeling
1431573,843,again,lot
1081835,473,traditional,cost
168405,575,could,truth
1406675,456,citizen,yet
1203319,2,itself,decide
1296332,104,she,bar
1068015,889,learn,financial
109899,26,treat,pay
1324037,765,approach,participant
413603,325,hear,and
1225227,949,upon,firm
751126,791,interview,nature
1074438,44,community,cell
818513,839,well,energy
1213534,275,couple,can
1061190,537,leg,together
602283,228,page,yourself
1283795,294,feeling,start
1515827,977,smile,theory
590119,177,could,authority
986672,98,the,instead
382525,7,court,skin
1196388,166,yes,indeed
658163,91,allow,foreign
1530040,904,consider,project
190943,310,forward,stuff
475023,232,least,north
712012,144,hand,staff
1425160,522,budget,present
1172968,898,skin,end
1176470,259,though,two
196155,852,carry,sometimes
1263451,12,situation,blue
225625,207,race,once
1346196,49,chair,guy
32832,396,organization,to
1324012,52,phone,style
373195,395,we,know
210894,654,loss,four
978881,218,particularly,play
1145192,629,subject,reduce
319518,706,improve,talk
1237624,414,soldier,least
36028,892,son,exactly
204729,518,pressure,industry
193328,826,stock,buy
129330,481,foreign,test
353382,628,my,side
910579,539,eight,question
927771,546,ok,girl
247006,305,also,situation
1202194,772,ground,they
1020585,590,test,property
411722,449,join,yard
870259,296,country,computer
1361768,568,which,may
1208702,744,kind,fund
976938,519,energy,book
377951,580,above,cold
1281794,168,color,senior
912158,899,happy,so
293130,396,key,wear
1007159,154,herself,event
1263649,320,threat,sell
214406,109,treatment,daughter
83309,481,against,stock
665465,322,use,young
149740,587,old,across
693477,312,else,community
120487,7,key,tough
148588,949,never,life
1063940,823,enough,rock
1344644,832,this,support
68657,168,apply,hour
1464567,60,form,live
520976,947,success,former
832283,290,edge,continue
1172339,585,decision,employee
1199507,244,free,move
895418,111,education,some
878554,370,eat,away
42710,178,imagine,total
1369709,978,money,hot
1239886,637,together,time
511477,7,key,recognize
217189,207,again,various
276968,751,experience,Democrat
383703,944,six,man
1218766,687,edge,picture
109741,101,until,star
1410328,95,prevent,stuff
1272162,55,cut,determine
1224306,756,wife,side
211902,309,right,now
999118,296,smile,range
336692,802,few,best
624418,958,low,may
1030847,989,offer,win
687636,259,meeting,your
37320,594,artist,industry
1324071,105,sometimes,may
59614,212,group,whom
250681,705,word,writer
413055,898,skill,really
1537830,81,strong,become
985511,535,top,half
573718,29,world,structure
1070142,305,environment,candidate
1179088,523,service,speech
281684,106,follow,let
739437,529,forget,popular
941138,210,white,appear
890744,277,break,usually
760445,361,nearly,price
1124575,729,base,interest
776939,103,cup,wonder
1524622,594,great,western
1154498,278,administration,become
1363770,967,toward,provide
1497463,843,expect,development
437147,273,state,answer
1002067,231,sea,factor
782593,410,be,forget
1394460,594,election,full
1196754,577,next,great
659246,515,character,event
9014,355,would,near
716126,339,evidence,possible
814734,622,take,member
1303868,595,daughter,deal
1505792,843,could,beat
1107015,448,run,fly
411691,945,green,such
17015,209,series,thus
1159211,57,do,collection
574917,883,hear,instead
969861,937,how,trouble
1157526,197,operation,together
793282,910,final,author
966482,448,statement,career
106325,102,security,world
1471386,644,daughter,travel
1013222,847,without,finally
991662,977,structure,effect
1117051,326,air,sell
1163052,965,discover,box
623009,586,them,experience
735310,158,begin,four
1501067,426,yard,do
1181391,222,entire,quality
668421,884,media,production
614678,695,tree,draw
494072,656,arrive,door
519893,227,chance,wall
992500,38,approach,note
645782,100,ask,power
417740,799,unit,nothing
1010389,446,score,there
1014351,806,kind,front
23368,868,watch,trip
1130809,178,yes,money
1435669,161,perhaps,deal
982256,690,little,significant
1240817,166,prepare,put
1285714,54,color,available
1064046,503,expert,local
228123,22,consider,between
20494,48,also,fill
1173943,500,serious,sometimes
855098,550,work,he
1486702,273,style,nation
1382576,319,natural,notice
101680,185,public,any
281864,135,finish,financial
371732,861,past,travel
1443026,356,end,toward
710563,846,sister,attack
344364,679,next,season
1320474,504,family,quite
545939,861,off,use
80546,587,nice,tonight
788682,536,fine,according
1368704,665,single,address
1055341,651,nothing,say
1234514,461,majority,dark
132075,572,what,mouth
1178795,911,particularly,idea
768243,563,will,dinner
1475229,57,music,popular
599731,523,science,laugh
271493,252,find,sure
780982,781,wall,feeling
625114,297,word,quality
1486932,577,more,blood
1419711,677,rich,up
121452,472,resource,recently
690513,953,role,practice
271344,722,federal,build
328068,919,past,source
160860,485,opportunity,top
1269786,769,push,different
387733,750,which,buy
1297179,914,activity,capital
1075236,983,film,few
728303,598,job,theory
429410,555,specific,article
1459183,584,score,culture
1038290,898,they,face
167453,758,blue,company
859162,646,per,require
1059115,384,what,state
436802,875,Mr,general
1320587,294,hot,treat
148605,27,range,fight
1452324,656,visit,politics
823617,320,write,sort
1287183,113,pretty,nature
538013,190,major,foreign
472810,310,effort,rich
187121,863,standard,difference
965175,989,customer,computer
1025469,278,bag,top
1125960,986,pick,evidence
853469,599,sign,half
975179,399,five,assume
444616,478,sort,time
192109,138,else,cut
773222,845,certainly,I
626524,869,meet,speech
1444652,871,reach,clear
209206,210,public,method
1035987,579,push,remember
898429,505,large,course
582328,379,successful,old
1158166,890,life,point
940350,929,class,seat
67093,127,account,training
174394,991,hair,shoulder
449207,352,need,think
25874,814,the,may
552115,302,who,require
415576,514,history,guess
322508,29,pick,certainly
90613,880,back,record
1160368,525,oil,sort
677567,642,health,Congress
178595,341,quite,anyone
724641,830,any,customer
13813,928,understand,rate
916557,530,southern,already
1403612,116,choice,however
1311918,687,understand,wrong
717634,596,today,media
725515,273,shake,offer
419127,87,plan,stop
33686,925,only,success
20760,960,current,simple
395145,712,likely,size
886416,83,mention,nice
315065,322,commercial,politics
234128,550,simple,window
1002178,691,author,north
1106177,509,special,stop
1031724,769,age,add
420089,813,tend,lot
639639,331,them,just
862118,976,also,other
594157,570,position,against
1383401,368,include,involve
1477179,759,leader,he
789428,881,later,cold
779064,442,begin,find
1167332,338,cause,alone
1259259,149,north,sport
71684,227,state,yet
1468280,391,especially,wear
545919,586,debate,responsibility
17750,216,today,lay
700733,265,before,send
1112260,807,suffer,every
683657,400,beat,green
1515779,493,yard,put
758211,58,present,issue
565125,72,major,same
1389240,138,third,protect
1113794,218,question,enter
991151,269,get,room
1010394,409,heart,section
50831,741,than,situation
1210751,789,fall,organization
243436,690,become,shake
514576,163,instead,add
1236683,977,concern,radio
786680,525,piece,student
777463,243,hold,result
648547,937,carry,effort
1025244,228,former,dark
1502662,884,use,nature
312569,50,explain,reach
1194237,741,seem,development
1056506,580,attention,speak
600264,209,campaign,great
76952,148,yeah,movie
460579,626,sometimes,choice
970728,209,notice,number
1273823,714,record,small
1165760,649,southern,look
1386800,659,since,affect
993825,964,for,identify
1300744,503,security,performance
534024,36,way,attack
827416,872,health,offer
1408001,481,specific,hold
896005,826,drive,leave
451312,554,speak,fast
132433,938,surface,probably
153923,227,whose,position
1259467,300,east,the
890433,54,least,great
1277829,119,country,evidence
42087,854,rest,man
966102,368,southern,open
845184,930,in,act
1083165,242,more,determine
1418995,375,to,degree
1524762,721,it,I
743132,946,drop,impact
23124,515,run,community
283675,555,magazine,serve
892809,837,gas,economic
329227,884,push,my
555928,739,sport,support
700414,146,cause,approach
667252,749,attack,consider
162369,862,ground,peace
482122,338,daughter,here
833171,226,play,position
68986,747,way,stand
1106418,790,sign,stage
876967,987,manage,woman
431696,617,age,anyone
240814,694,public,commercial
1473266,99,return,yard
1478665,525,style,his
775740,906,oil,leave
1378662,517,claim,sometimes
560328,771,believe,Congress
1401474,300,these,understand
712727,154,Democrat,police
1442254,704,find,as
1118991,429,finish,blood
563337,786,animal,sell
1002086,797,shoulder,difference
621121,877,effort,father
60413,165,whom,soldier
765456,112,build,image
398046,164,exactly,number
356914,152,leave,now
20138,681,drug,two
653758,491,time,past
1292085,372,hard,culture
1402909,812,me,black
290589,969,suggest,base
1284558,417,father,official
526519,608,want,why
1453664,640,mind,activity
1011402,959,seek,for
795861,341,decade,improve
1482412,448,college,live
110922,512,wide,continue
99434,494,quite,Mr
610718,217,none,under
374913,962,military,wear
1216749,976,network,get
483124,681,spring,same
879240,525,meeting,hear
1001422,477,pressure,scientist
804754,227,card,second
1180213,126,five,deep
218669,698,mother,yeah
923404,165,evidence,fire
84428,933,let,firm
346156,742,city,career
533272,906,economy,visit
187403,789,avoid,company
139804,414,talk,friend
1168754,397,rather,deep
917635,180,anyone,task
1082550,805,sign,assume
272985,996,behind,build
181324,778,stay,firm
1382243,31,color,many
1371665,516,financial,create
247719,973,market,early
1285673,531,condition,shake
221588,857,against,organization
1522814,206,he,true
1479560,34,staff,off
819523,981,mission,laugh
606546,261,use,kind
282295,525,sport,result
86305,579,table,tree
1286656,934,various,tell
256406,923,international,various
751252,522,sometimes,language
560139,314,information,phone
1377218,560,process,movement
281244,705,pass,call
809505,733,case,speech
1143989,420,difference,enjoy
743293,670,effect,affect
184764,59,lawyer,half
1526570,25,drive,how
336654,564,mission,institution
753378,57,class,PM
94991,838,experience,dream
1314363,82,return,chance
166709,970,subject,catch
90846,807,inside,painting
964673,68,decade,talk
977446,955,discuss,yeah
681770,560,try,remain
1175786,118,task,still
1231951,428,enter,alone
842239,337,price,certain
33945,528,begin,continue
600921,797,worker,computer
705644,641,research,involve
310009,142,character,people
193536,466,consumer,cell
1252289,554,indeed,dark
1264957,839,power,five
58488,318,wife,truth
1518416,681,any,happen
641236,484,design,economy
538822,8,capital,ahead
835961,931,do,specific
1042721,629,energy,court
1227744,833,look,actually
291355,677,risk,language
55541,600,find,either
123652,69,because,than
1141380,264,skin,option
976634,997,weight,land
1003276,696,memory,sea
1198453,126,wish,nice
1537759,671,PM,responsibility
456691,141,daughter,cell
224020,885,there,thing
457474,3,important,his
2438,430,suggest,now
384871,921,painting,citizen
371926,666,week,head
1283846,615,standard,relationship
729097,22,age,plant
912423,453,coach,prevent
178045,18,design,treat
809922,388,walk,card
193259,586,late,join
1326265,230,certain,impact
363978,303,despite,will
1462810,888,interview,use
1350478,418,research,degree
531391,138,rate,like
145109,16,college,argue
190458,621,bring,so
91327,123,window,song
113192,589,already,mention
318615,374,recently,radio
322395,408,drive,there
565649,88,stage,structure
1127160,548,involve,federal
892051,648,century,police
114613,841,model,sign
435400,129,wish,take
850852,380,garden,big
460189,37,pattern,something
813472,404,couple,care
604407,524,degree,coach
1377511,363,maybe,though
1102984,204,offer,direction
1337476,319,end,anything
1538223,185,order,statement
971272,816,seem,one
1108636,947,window,left
1212602,176,try,second
197288,995,time,far
70733,499,activity,because
578021,219,no,only
33326,908,stay,show
1361159,867,enough,market
363668,337,wall,value
1114134,138,site,half
380803,609,add,would
104901,752,yes,say
1484756,576,suggest,find
1418512,52,something,must
546023,927,time,argue
1286540,589,during,brother
766582,247,whom,agreement
682153,758,want,both
66360,580,Democrat,business
1351983,604,improve,that
781536,91,huge,threat
1023106,785,reason,table
16909,41,guy,who
344454,459,guy,prepare
1064114,630,part,exactly
450922,933,say,form
1122490,805,stop,everyone
1394740,388,player,senior
791036,518,body,glass
147692,637,interview,allow
1287928,55,either,clear
364062,440,world,actually
577156,690,eye,specific
331071,440,thousand,nor
58719,339,consider,look
1223299,892,off,game
473018,178,world,person
1412908,409,discuss,magazine
301344,689,crime,film
1427677,202,after,police
563329,911,source,us
659410,717,build,shake
706360,151,where,standard
510642,519,difficult,why
1229691,340,away,course
1289191,393,case,entire
1278365,671,least,factor
764524,69,general,require
1204518,574,down,often
293427,141,perhaps,painting
1281373,50,avoid,loss
761072,242,clearly,surface
1469368,730,where,major
493923,183,blood,goal
844110,923,more,professional
1430517,109,decade,usually
569550,647,fund,challenge
692122,417,learn,concern
63223,467,identify,everybody
603680,865,someone,wind
893105,963,trip,clearly
20457,784,budget,social
263084,791,be,task
166137,995,vote,let
743119,176,purpose,president
372805,606,begin,consider
1283630,544,low,suggest
431328,752,baby,plant
461452,822,challenge,year
1228112,855,you,enter
132424,92,under,class
151955,658,return,future
879837,88,hospital,who
433827,732,throughout,condition
321156,990,hour,success
627645,455,decision,woman
1504785,682,message,total
546318,502,heart,hard
1071007,120,prevent,way
1232167,308,my,state
248914,315,there,expect
103966,964,life,set
1000341,27,leader,class
1485418,939,current,large
1161840,864,growth,mother
1330004,845,front,mouth
212166,890,word,avoid
1466926,893,score,article
1451602,149,air,it
1297355,39,across,major
1477067,389,walk,often
1539698,798,especially,later
1054199,606,rather,reality
892019,694,left,military
489055,5,heavy,box
104308,62,paper,father
1144532,800,increase,no
440774,310,operation,city
167586,745,simply,summer
80267,879,official,question
445095,762,matter,but
256611,725,eye,investment
1401488,146,until,follow
1119711,373,stay,there
1260229,570,discover,model
696976,112,paper,that
1176065,211,idea,tough
1285719,383,office,now
362203,452,ten,design
966105,989,increase,ability
28292,694,up,better
367175,30,gas,interest
151299,277,high,white
1377261,306,seat,because
738435,996,standard,degree
511012,984,reality,free
527417,773,prepare,of
1111578,787,situation,outside
1291255,174,case,wrong
1099451,808,share,child
1090167,20,author,third
1244316,836,environment,her
1099534,630,believe,fish
630156,931,threat,economy
1345839,115,he,those
1118646,130,civil,main
13983,729,play,table
1352675,587,teach,meeting
26522,940,between,sister
1250354,443,himself,action
902678,860,in,mean
1280518,523,light,better
1013609,987,interest,argue
1408687,137,cell,total
1268809,251,way,check
2779,485,take,large
1211969,129,board,tough
742389,504,else,American
525176,505,ok,customer
1442719,45,draw,catch
584797,549,recognize,game
960428,131,coach,year
220396,561,network,budget
700626,66,range,real
724533,876,itself,a
133254,484,material,investment
1301264,15,director,those
1423894,828,effect,set
1344638,368,month,machine
462000,795,mean,record
243685,895,for,big
1217394,518,our,leader
93407,500,second,your
569299,167,challenge,system
1249754,451,far,size
95882,198,form,agency
103074,475,baby,meet
864160,884,despite,off
235779,597,spring,interesting
940661,435,pass,anything
258878,220,court,include
523613,505,but,such
438444,497,real,cut
1261676,424,building,up
939191,568,office,rather
920656,597,let,nor
1287321,154,whether,what
1272044,825,little,house
1285149,253,arm,religious
244660,64,than,huge
136924,156,rise,set
1526804,295,itself,probably
615365,845,author,successful
932259,940,professional,rate
819688,724,stage,stuff
572780,831,prevent,imagine
483193,476,ever,administration
1065784,455,price,focus
841424,757,lay,far
1475091,46,my,very
742139,987,participant,nature
321745,813,everyone,his
512676,783,education,coach
1511766,454,when,public
207087,100,out,environmental
1193682,859,western,eight
1035214,907,effort,join
856420,262,politics,call
506640,454,old,discover
237975,888,could,message
29082,403,work,expect
1289410,143,eye,today
649700,943,spend,peace
730585,518,different,reach
669673,329,able,plant
1454096,755,pattern,kind
15707,647,maybe,machine
504596,161,argue,society
131797,75,change,building
1222893,776,whole,event
1453011,740,always,go
614594,48,investment,make
174204,189,tree,challenge
858885,757,present,personal
1266139,342,trial,matter
1024642,724,nor,man
1370898,216,wall,pull
657787,927,affect,chair
275564,822,charge,offer
1114190,401,woman,thing
189344,28,west,woman
409485,821,reason,style
1534257,731,soldier,hand
822303,593,how,they
1218358,47,late,personal
1514257,569,friend,cell
1497529,744,particular,race
1467937,640,natural,former
1035955,284,tree,draw
1490513,477,majority,various
40564,990,man,box
992625,762,discussion,it
812936,170,say,later
866328,1,somebody,follow
141796,145,rate,matter
726099,236,person,simple
1468366,690,easy,say
1024548,892,wall,prove
1381647,461,section,example
1497879,442,follow,summer
380596,691,message,clearly
1372856,274,decade,fish
437422,818,line,approach
570342,99,evidence,gun
93378,999,end,white
1517062,299,professor,cut
52028,730,already,girl
1410789,120,while,report
1055633,86,manager,own
313413,866,miss,have
1453273,42,sing,method
1031560,740,during,even
1435149,100,per,own
311740,404,per,continue
762916,545,traditional,whatever
706344,245,wide,cause
1313156,1000,cause,response
89699,569,technology,wife
1104087,551,fund,also
1151121,233,third,have
31325,4,about,past
1313291,668,money,reality
149686,128,themselves,lawyer
133428,35,add,run
175099,974,not,look
1295061,506,customer,anything
45890,392,economic,we
697255,288,age,may
478075,951,seem,article
1206335,156,mission,foreign
938750,47,old,degree
1098512,887,senior,sign
692728,543,same,organization
524302,23,wind,else
1175531,599,memory,box
757446,846,brother,reach
644339,951,owner,attention
36005,786,major,author
617753,14,blue,early
801811,220,attention,recently
535053,311,time,career
493520,487,half,least
335172,783,program,contain
541574,502,time,defense
260576,621,respond,old
1049752,731,total,building
622393,519,deal,relate
522438,702,worry,consumer
319903,403,because,style
1123095,399,particular,manager
538718,331,organization,or
640873,224,positive,field
819977,704,model,language
1133729,630,specific,attention
597876,180,owner,light
875097,849,above,ball
1214322,392,win,off
679953,851,new,fight
539926,458,catch,reality
220988,897,beautiful,some
1294967,373,animal,develop
1008469,267,page,beat
406662,136,reason,information
186273,553,all,affect
1282401,227,would,professional
464813,210,order,success
1509542,819,challenge,exactly
1097708,186,guy,front
670459,305,actually,Democrat
1360089,870,these,them
419154,672,toward,education
738146,257,thought,personal
1070089,460,camera,never
563685,797,year,trip
1391723,346,wide,prove
199739,715,issue,collection
838337,778,performance,range
1060847,22,both,agree
1382328,919,road,eat
940612,299,front,build
848958,454,walk,test
461597,981,town,air
986273,768,low,after
1215608,292,rich,risk
759988,114,administration,cell
1017977,738,instead,central
32517,4,tell,teach
782642,152,street,between
556118,398,total,morning
719494,374,force,like
567928,323,American,design
649085,956,theory,car
627493,365,money,talk
1010620,650,dinner,future
1066879,1000,cell,either
638954,119,learn,line
29291,213,likely,community
1292834,69,subject,well
610232,938,low,and
745529,280,series,human
951877,812,seat,difficult
969212,515,alone,while
1088013,348,type,stop
1250767,404,live,fund
1432194,481,bit,receive
1480331,942,this,good
684765,307,meet,growth
279491,978,able,activity
1514449,796,face,network
1028529,77,would,day
640877,393,mouth,off
251010,445,view,develop
1539994,305,employee,they
1117126,117,tonight,mind
725231,699,fact,worker
1202499,972,avoid,myself
1214057,856,occur,store
170465,716,eight,air
617579,723,machine,figure
1221917,196,federal,better
97102,546,particularly,play
750928,361,ten,sound
558355,577,affect,line
1301803,693,idea,structure
428920,176,model,candidate
901849,664,alone,strong
859647,89,tax,customer
500740,723,dark,leg
1006629,467,security,job
1284309,467,often,return
434876,441,low,not
1168609,317,since,responsibility
947445,898,great,radio
10927,145,card,find
726479,692,then,early
409893,35,suffer,seat
687722,374,white,machine
936830,479,suggest,major
594381,804,something,change
1462560,423,energy,gun
1112897,902,most,president
667998,497,section,road
857392,888,people,me
134008,532,career,total
201542,506,single,make
392665,540,affect,game
1046004,929,beyond,raise
1456265,548,town,evidence
541564,39,price,specific
57687,382,level,country
751417,588,cause,around
1124596,713,fire,again
965155,169,beyond,hair
1492262,222,shake,time
300240,334,maybe,word
490136,678,camera,again
1245755,28,arm,enjoy
140546,636,today,send
1532436,228,cover,newspaper
1070194,181,treatment,car
392333,930,usually,result
1075241,126,piece,that
645253,359,child,drug
791774,666,activity,expert
1398557,812,suggest,finish
225443,856,pick,service
996361,766,majority,sport
758118,985,today,room
296092,918,begin,arm
563500,320,several,myself
1250733,142,learn,claim
1159577,127,many,customer
1341656,430,part,ever
1040764,607,clear,thousand
590950,683,produce,task
1133666,751,their,create
442137,450,sign,agent
1121496,489,price,story
1502210,647,opportunity,evening
283777,455,region,certainly
258956,132,court,those
1200387,344,responsibility,religious
800024,147,TV,land
465062,623,pass,politics
1199782,792,clear,special
855762,947,hope,mention
1480905,688,trouble,quite
421877,835,health,every
1135489,37,head,break
157558,577,such,standard
586616,887,find,anyone
1239300,155,top,one
852516,417,budget,network
1387442,769,itself,reality
793342,202,lawyer,determine
1300726,390,eight,join
1119211,650,energy,billion
811030,741,father,star
268914,566,factor,point
77093,553,position,trouble
469336,260,indicate,unit
930832,860,against,mention
790504,670,against,mean
1273789,499,foreign,forget
366738,423,but,Mr
928327,808,fear,whether
128593,733,book,any
1466190,996,main,term
892547,186,blue,only
458624,132,mean,sell
536171,618,thank,success
751248,695,not,result
473023,953,bad,action
547627,869,forward,political
1338811,571,off,reason
1083026,44,money,whether
1249483,392,available,while
481684,249,within,relate
1259935,142,use,party
81072,824,now,share
1344274,377,real,measure
193046,962,base,official
1373158,255,contain,also
355586,440,policy,professional
504331,666,fine,program
328993,977,reduce,treatment
1162248,945,reduce,husband
129054,681,than,see
597,598,time,themselves
688941,478,PM,have
633944,856,fill,little
1005781,452,beyond,main
1528588,91,garden,report
938899,10,face,beyond
1166570,999,blood,current
179014,812,PM,partner
71348,795,all,usually
579118,472,worry,wonder
1093676,371,the,hold
1373936,683,size,they
992929,780,huge,finish
385636,746,see,city
719183,969,step,edge
1485273,473,available,friend
396096,476,happen,billion
1056015,307,system,voice
1071541,215,perhaps,today
207135,556,up,improve
393762,374,than,theory
1013599,265,set,wife
248367,519,likely,kitchen
1414624,527,land,difference
627125,105,apply,which
1025177,296,sign,bed
1153240,140,material,economy
945952,249,dark,statement
1124945,742,act,wrong
106315,374,seat,bed
269103,754,office,better
333881,677,can,foreign
1089126,288,see,away
1478973,994,people,door
779503,99,matter,determine
669658,309,same,wish
1429844,380,give,follow
530203,354,star,trip
885676,498,seat,tax
1092822,153,environment,arrive
417143,149,police,per
1342961,345,whether,continue
1246995,637,miss,type
1002587,237,paper,after
741368,384,president,sure
628460,12,rise,fire
1004945,696,training,movie
259824,736,peace,town
1119433,795,Congress,lot
892812,766,get,level
1531375,449,future,movie
1307663,55,fire,cup
619021,651,vote,perhaps
508713,291,local,second
1114555,414,treat,choose
184141,561,notice,feel
713613,4,heavy,him
638244,192,four,maintain
547000,224,to,behavior
146074,624,door,doctor
1079990,972,tend,sure
542934,280,politics,amount
945512,166,director,capital
941601,926,firm,agree
769492,229,short,player
767573,762,difficult,size
1491581,718,teacher,morning
546175,998,officer,picture
177974,247,add,design
175739,328,card,that
358801,67,they,think
139794,315,our,better
620690,382,bar,difference
717183,489,contain,budget
1338767,855,down,itself
397835,340,modern,direction
145932,709,deep,baby
679458,2,serve,state
1473130,104,behavior,this
132419,382,card,quite
130993,53,finish,kid
994263,699,technology,because
118515,757,goal,buy
788504,71,hair,production
835457,585,low,beat
962937,165,thank,concern
456525,922,it,major
215580,850,mission,information
757392,736,growth,size
185918,530,here,its
918163,171,own,quickly
1469821,639,daughter,maybe
39542,843,whole,war
1336765,541,girl,choice
1295876,440,opportunity,send
1412936,258,set,figure
307575,322,since,candidate
374491,234,name,door
412245,486,less,change
977446,823,reach,position
908290,817,respond,federal
964357,757,begin,far
1170786,758,end,yet
605796,632,television,player
167027,648,natural,ago
652482,411,respond,successful
241365,12,state,recent
1304290,430,usually,pass
904712,618,hit,although
58459,609,world,property
142046,90,toward,pretty
732112,315,less,plan
1049623,270,tend,dark
39600,481,organization,civil
65333,431,the,his
1303591,691,material,then
564109,748,my,send
541303,448,conference,road
1426358,437,development,court
279489,582,born,add
1324329,648,yes,response
1520237,142,though,include
1175834,271,produce,option
1524394,923,your,participant
1327763,562,exist,not
410423,863,say,goal
1526042,414,miss,decade
444224,533,ok,if
1258372,370,record,off
456430,344,lay,president
909864,932,might,area
1263993,844,prepare,effort
761181,615,surface,continue
337392,909,mean,popular
360383,256,campaign,outside
652309,663,plant,already
58411,433,stand,amount
1241331,588,single,offer
945664,674,particularly,be
677972,604,new,federal
642481,38,sort,mind
1529650,388,authority,inside
728259,68,name,card
1197048,301,themselves,trial
565773,693,figure,loss
1080755,352,address,enough
879127,705,which,find
52363,879,note,since
1482431,738,force,accept
1528830,705,short,various
570000,575,century,war
182798,937,physical,usually
847570,757,wind,court
1246638,203,measure,heavy
467671,701,line,spend
543056,335,president,school
939603,727,wind,nothing
674473,620,choose,weight
324795,359,reality,though
412957,78,pattern,later
1279442,514,carry,rather
1060761,611,politics,evidence
96928,637,day,service
232779,980,similar,ahead
1522100,456,hope,case
1279982,29,budget,nation
1162877,746,our,set
886907,923,hotel,life
327248,63,base,attack
84416,673,field,wall
82688,309,wait,morning
319693,272,member,design
7911,648,believe,will
188186,280,could,total
1369281,925,condition,member
1352246,440,mean,science
1463292,593,pressure,billion
115103,184,none,a
1398346,763,campaign,boy
461235,69,Republican,light
247136,783,house,it
1176200,425,listen,collection
396853,138,customer,positive
1417942,314,specific,possible
31005,132,him,important
1496287,923,business,west
964415,950,term,information
451177,322,eight,research
894593,81,picture,everybody
538910,741,later,audience
1515766,766,skill,know
644388,415,less,behind
813564,8,continue,interest
1465407,493,get,material
1238072,605,poor,attack
1474320,120,market,meeting
353679,607,through,environment
1256320,973,thought,current
1522688,752,economic,ago
1046960,885,president,current
584775,835,ready,build
1238199,177,thing,page
526398,897,address,fast
377354,798,first,investment
1302757,998,get,form
850109,100,listen,to
202770,151,officer,allow
461813,889,sense,quite
1402391,128,chair,interest
876480,322,business,he
375528,477,common,thank
430984,876,issue,line
579762,314,half,could
1267304,65,father,perhaps
1188367,447,add,hospital
762554,326,question,source
37151,119,meet,cost
539398,12,middle,bar
10499,598,discover,raise
519251,981,side,might
869281,93,conference,ability
1228727,770,visit,note
1129565,240,across,majority
410097,414,tax,unit
573601,677,concern,close
1481943,431,will,require
643918,989,go,early
375090,163,anyone,international
698110,501,without,relationship
1084365,107,see,generation
604179,25,base,operation
639245,223,find,whom
22099,869,tonight,police
313653,606,good,data
1328845,113,happy,family
736593,719,add,nothing
980314,54,stuff,many
1270670,319,seek,glass
973172,369,senior,outside
1239208,85,good,scene
125326,726,popular,yard
205396,121,respond,drop
663431,451,hit,east
207844,814,discuss,give
1091929,651,picture,state
1080588,945,produce,something
55777,952,magazine,market
1484084,712,admit,ball
120074,123,kid,fall
1191894,307,operation,boy
26466,783,they,nor
1220775,933,try,traditional
962879,470,impact,reduce
1278336,659,fly,million
1261544,157,impact,citizen
985556,633,need,political
960255,734,situation,accept
1016501,455,between,financial
587310,773,theory,ok
356124,18,enough,network
1385252,868,where,international
189697,779,will,ask
1465036,686,whether,final
197285,66,whatever,certain
111075,961,population,leg
231133,325,these,month
464092,89,mouth,wish
1166963,280,among,important
1517757,294,claim,think
830134,666,job,or
1418235,492,law,song
808163,265,join,book
153210,727,apply,while
844116,88,left,decide
1106181,716,forward,happen
533588,690,radio,rock
917628,963,understand,apply
693148,195,force,realize
452636,222,task,prove
632005,576,throughout,better
698953,175,sea,one
878848,640,news,end
486918,595,for,manage
683482,800,movie,center
344566,714,attorney,focus
1538524,94,sea,can
1045069,842,office,finish
19964,176,stage,for
423517,271,quality,approach
844946,258,action,treatment
1118026,643,never,prevent
1328668,212,economic,now
1269354,254,bring,piece
1464661,399,role,reason
424189,241,middle,baby
311573,730,memory,lose
245705,398,seek,tree
1103048,502,since,every
939863,221,same,main
372980,945,meet,miss
72674,853,human,assume
104197,448,actually,federal
778945,397,impact,dinner
159459,405,during,public
1236141,174,food,treat
602085,247,involve,send
911342,998,around,culture
423346,831,film,continue
1365650,795,after,but
253256,732,drive,push
1130551,497,training,worry
171678,36,type,professional
811659,45,world,risk
1141567,811,determine,possible
1212058,905,adult,board
1415145,376,certainly,final
330486,410,fine,wrong
243423,647,recently,vote
78793,427,fine,international
630728,189,despite,that
183731,545,finally,personal
1016491,953,adult,more
1386828,726,war,rather
837627,267,care,full
171611,197,blue,community
739209,266,yet,worry
556377,47,spend,game
258322,678,reveal,mention
970747,63,attorney,consider
91418,877,early,present
1384820,811,evening,significant
759858,380,forget,now
1412264,883,fall,occur
1412620,559,admit,build
507883,421,cultural,up
1511112,826,light,oil
706789,339,remember,exactly
767790,95,way,road
735508,566,least,interview
644446,132,feeling,these
797411,867,hear,miss
562397,143,decide,clear
650387,20,suggest,eight
758991,692,health,purpose
1149391,381,tree,education
631867,711,member,main
392104,539,six,increase
1217300,705,nothing,choose
315081,34,scene,wide
932002,178,sure,accept
1113928,369,law,ground
307386,835,president,resource
1303199,444,piece,argue
759953,333,resource,institution
237698,577,various,kind
216230,114,administration,nor
1454580,786,manage,probably
160225,592,police,heart
1087296,125,six,should
278195,724,education,he
618374,372,power,yeah
381624,377,former,decision
1095083,991,art,term
1199177,41,create,address
357982,500,major,television
297531,56,stage,system
1046271,600,control,politics
1058074,32,late,to
872234,710,risk,question
904536,998,game,expert
719962,45,carry,question
488273,297,rule,system
1069458,646,place,site
796029,603,surface,east
1515948,28,officer,out
217335,195,attack,help
1530684,853,would,activity
1468000,519,data,player
1142666,986,skill,position
842278,848,economic,hold
422753,87,cold,parent
1534069,436,vote,professional
721498,274,environmental,just
1054201,246,month,help
1372452,340,fine,determine
746907,901,win,spend
1409991,307,south,station
352599,765,identify,parent
50518,199,win,professional
1090884,89,particularly,before
1505402,216,last,want
536652,183,away,effect
1168202,720,road,by
680942,803,career,number
542545,159,event,sell
459775,503,job,record
1028557,605,one,than
1027427,315,exactly,that
303253,418,war,science
408145,216,history,past
423982,40,require,financial
1014695,595,prove,necessary
797724,563,rate,big
767291,92,hear,trip
1346089,289,treatment,your
1267926,575,event,chair
1270629,330,rise,need
86781,246,many,management
1149076,100,floor,current
573565,404,hot,through
1408584,586,positive,memory
186973,324,heavy,example
757839,288,create,choice
819170,393,fall,look
481478,513,medical,above
821861,132,market,certain
1318458,1,present,network
797962,875,drug,threat
798485,396,million,power
1116061,304,begin,why
1364661,225,million,especially
1025388,738,instead,get
886393,293,hour,concern
1116372,615,about,third
597010,999,space,occur
259127,488,oil,job
897650,863,cause,age
622974,348,ground,from
389905,413,situation,process
327615,518,late,food
191424,908,thought,ball
790312,777,plant,stay
1372622,502,media,hard
890067,345,huge,near
909709,63,sport,door
1201703,562,season,spend
1475021,941,late,them
962375,588,wrong,onto
938231,607,million,research
842238,242,concern,west
1245551,983,prepare,example
394441,716,face,risk
438895,575,treatment,old
263252,329,during,activity
391451,534,fire,off
941800,154,his,majority
847488,722,week,research
378665,613,research,site
700374,193,determine,film
688159,79,meet,anything
800658,94,this,head
1485636,354,across,laugh
673370,476,cultural,person
1146511,502,world,piece
1093123,22,woman,huge
1328901,915,realize,when
378045,786,simply,provide
208573,464,still,power
1324766,100,owner,may
502978,435,size,region
867202,724,large,thousand
58033,11,walk,event
653208,944,now,age
900632,997,here,until
1361641,977,specific,more
1074759,776,talk,follow
1311041,963,year,pull
1363674,228,bill,fight
403509,758,set,baby
214252,808,interest,treat
1042960,97,approach,store
1443585,452,film,young
799428,756,still,foreign
110627,129,former,face
224021,881,interest,stock
425399,87,attention,surface
993444,77,glass,head
1104138,12,stock,check
1444276,918,grow,born
1116193,241,set,since
161578,800,short,they
1135155,658,research,thus
1387919,789,well,human
988010,232,once,stand
1313717,193,economy,account
705462,93,whether,conference
820564,175,note,teacher
661994,846,wall,economy
759704,517,work,town
1125179,940,design,senior
1318360,306,candidate,give
340981,653,create,tend
145153,545,husband,pretty
274302,719,more,yard
537988,361,seek,run
70836,763,business,person
1253166,492,involve,present
904630,709,their,walk
536656,900,perhaps,lawyer
1226576,582,later,share
1132341,605,picture,wait
800254,27,those,dream
1248448,925,who,song
28262,976,buy,plant
384473,548,exactly,here
23140,628,own,wish
1406221,423,truth,where
1443415,196,director,major
1372096,933,involve,almost
169237,545,several,general
131792,830,think,we
1344805,45,hope,lose
625695,970,through,customer
865210,319,machine,class
917604,45,choose,commercial
97370,968,newspaper,example
590101,925,reveal,concern
468130,684,go,fine
411159,640,happen,five
349040,98,glass,others
999566,52,Congress,mention
717125,752,task,far
1086482,212,use,however
1362205,256,recently,hand
1020800,319,usually,less
583884,601,sell,real
592560,754,woman,understand
1029509,865,argue,sometimes
1206494,833,kind,hair
119957,254,through,resource
54959,531,moment,them
1484806,748,water,card
806763,562,test,reality
1530248,998,poor,treat
880950,187,wall,study
1450345,425,property,early
171091,165,work,identify
648631,453,foot,air
1088782,632,improve,face
934995,886,word,current
1318006,437,around,range
724444,288,billion,common
1359451,595,want,artist
1138975,830,view,television
391367,332,none,better
183138,575,drug,probably
651847,386,leader,himself
1218447,606,all,by
1476761,152,level,hour
316899,520,community,culture
1088260,536,something,team
97543,454,training,nation
516497,285,lead,coach
1148170,106,left,answer
963884,548,affect,home
724425,635,since,happy
524248,929,bit,federal
824634,990,much,much
1298392,609,some,dog
1068104,247,response,someone
121890,692,safe,cause
287818,873,piece,action
110595,61,relationship,window
1253460,677,nature,computer
809911,821,arrive,rich
829355,142,heart,police
161703,835,bank,feeling
1201094,715,interest,theory
409353,302,full,yard
186692,746,remember,memory
493839,233,high,part
461206,194,pick,age
328821,155,past,shake
685565,626,hot,send
1193155,61,develop,which
537048,247,everything,board
1448413,142,trade,ground
1421509,922,personal,police
1060162,372,west,above
57310,200,agency,hand
1079029,365,read,kitchen
555961,594,star,drive
167122,192,street,keep
254885,515,let,since
661243,580,certainly,yes
25375,642,get,give
1255047,326,how,of
1296493,546,many,mother
147870,239,sport,now
474355,621,single,most
197242,992,why,purpose
323439,824,class,around
413308,437,senior,ready
944864,486,true,lot
238779,883,child,matter
914277,112,unit,two
1482947,249,establish,but
1177491,76,statement,administration
349698,319,field,exist
1302017,924,sort,exactly
941358,82,range,yard
1295367,891,blood,result
1376306,559,leave,alone
947776,378,more,reflect
354379,634,bill,add
1205460,562,color,notice
180441,402,great,thing
1090845,92,focus,attention
909191,860,position,sell
213826,829,decision,seem
1208060,858,account,service
1368436,841,young,Congress
314049,626,during,recently
875567,497,approach,loss
1465576,12,edge,meeting
41508,368,while,official
32040,596,morning,financial
997318,857,have,true
815071,537,charge,best
7911,599,suffer,her
809111,71,Congress,director
92826,98,ability,successful
796354,560,many,return
966359,455,only,movie
1266416,473,back,seem
1318808,297,game,before
328304,103,me,thus
782298,228,thank,popular
703349,585,town,about
744250,512,everybody,painting
854329,996,strong,buy
530627,698,line,carry
309742,37,grow,still
943367,396,wish,administration
1387591,689,throughout,write
1283730,38,fly,attention
575267,175,own,half
1345181,29,ago,thousand
851841,803,specific,for
1238709,583,who,customer
1322935,367,treat,hour
1415574,861,class,government
810934,865,from,remember
814750,88,mother,event
48300,540,training,any
1363624,803,year,miss
1471957,353,reality,activity
693339,68,dinner,tell
711080,380,movie,than
448138,849,that,small
138217,34,middle,million
125017,807,rich,many
634911,952,surface,certain
458412,24,recent,might
685551,23,for,political
161271,962,civil,local
230162,101,wrong,evening
1057842,789,player,sometimes
27159,59,there,consumer
678558,465,century,she
357925,74,continue,white
1358019,709,reflect,relate
905564,766,population,wrong
998669,400,man,clear
94778,925,job,over
433058,465,common,administration
561786,698,site,possible
1372947,653,news,dinner
791740,871,chance,idea
1120047,137,movement,reason
1162690,207,population,professor
157983,834,cup,order
1126845,493,hope,race
1115707,767,activity,under
1241466,250,yeah,whose
462668,753,training,project
387721,755,player,way
1239252,977,bed,especially
825658,109,perform,property
797337,436,its,condition
1529384,135,military,wear
1356480,336,long,laugh
1004921,906,under,store
520017,970,cause,religious
466951,6,nice,call
606978,751,issue,bad
1131520,726,including,although
530243,60,political,health
975693,969,trial,dream
915792,543,industry,five
353790,904,particularly,amount
1413298,670,various,unit
80694,783,truth,cut
250378,627,forget,themselves
1314304,626,sense,time
123101,440,trade,cup
1426826,202,which,recent
1318194,524,include,side
823961,699,four,with
525921,558,military,leg
1154354,172,pretty,again
1434726,18,age,worker
157821,508,exactly,decide
774013,914,end,clearly
1236604,544,standard,blood
827095,797,staff,six
257396,727,paper,imagine
1402298,78,measure,conference
332695,433,organization,service
619605,404,tend,have
594137,346,newspaper,line
290973,546,follow,alone
850035,170,reduce,father
434620,351,state,Congress
935712,662,without,adult
535159,893,face,through
1501789,562,music,old
169971,524,fly,tonight
1407287,268,change,dinner
1021360,568,provide,Mrs
897920,264,friend,consumer
992174,234,site,energy
505789,58,audience,present
253508,123,reality,name
715441,461,type,site
76973,454,central,market
1406996,489,plant,involve
872887,559,station,avoid
1388916,438,available,receive
959680,889,they,mean
133388,249,another,thus
241620,736,race,environmental
234719,176,clear,political
1091416,772,direction,here
1523394,836,quality,care
1375632,101,particular,year
352471,467,job,either
1403921,905,suddenly,adult
1285991,252,finish,person
268745,865,fight,operation
48985,190,leader,religious
1450530,677,pressure,college
1274856,525,project,throw
72769,239,pass,cultural
564265,485,current,modern
1173734,763,training,school
77195,725,second,they
1245534,825,interesting,last
1365193,499,strategy,few
527886,354,home,situation
1114368,314,fill,information
991335,113,allow,four
610824,667,stock,keep
1058975,416,both,return
500286,247,provide,describe
1252286,391,participant,full
1005843,109,event,put
221826,231,claim,cover
153837,395,water,section
1222953,738,just,growth
1224874,938,create,energy
663431,361,decision,market
632825,253,my,painting
1426418,626,word,far
32474,816,available,point
1049905,841,board,use
326105,810,send,training
148366,896,partner,lay
1281426,482,difficult,safe
84525,659,risk,against
456055,877,network,both
124273,537,guy,family
360772,756,dream,hour
383431,974,land,environment
199007,363,west,feel
1368855,695,sound,whom
436569,463,voice,total
797482,221,collection,film
537912,440,all,arrive
1520004,508,think,source
656152,885,simply,past
432896,912,which,beautiful
323855,663,stand,particular
494482,933,threat,myself
288844,556,about,note
1406021,337,lead,wide
634830,701,each,recognize
1413213,608,window,fund
674422,166,personal,lot
230366,761,save,produce
855961,961,unit,mouth
1057375,602,some,thing
532612,956,life,daughter
843688,49,you,safe
122387,125,note,recognize
176292,901,try,mind
1043551,421,simply,single
1534334,564,range,mother
1011314,459,star,occur
140338,121,either,plan
1045064,362,meeting,run
1340333,223,pass,score
1254353,165,open,lay
953384,724,voice,image
262447,571,street,impact
985368,124,way,language
485632,52,foot,find
828871,785,interesting,manage
65023,827,possible,remain
1003094,505,voice,before
172606,533,window,look
1519962,842,reach,usually
886624,861,range,area
963621,124,to,as
1295000,974,fight,study
1539208,734,economy,traditional
943704,449,follow,in
1084958,780,cover,skin
1294052,955,along,sound
210670,646,group,relationship
1462015,519,top,smile
115201,786,talk,audience
1518511,712,answer,method
416613,480,side,walk
288183,714,guess,garden
1008798,53,clearly,capital
480094,886,study,agree
910187,355,animal,thousand
1347288,68,ahead,group
646279,707,something,type
871043,361,test,a
420412,96,current,north
107859,496,page,market
2746,302,industry,both
637122,760,improve,unit
1439163,260,walk,ready
1152252,861,Mr,marriage
1293941,852,onto,space
144885,640,subject,situation
1077954,237,impact,customer
139391,513,such,past
736046,566,write,no
640215,185,either,run
830749,414,across,including
163139,104,argue,fund
1498967,916,green,true
202082,374,trade,join
432458,836,enjoy,believe
1183323,445,us,when
927715,762,view,important
200503,259,say,training
224156,612,than,over
465314,710,pass,body
225425,169,former,there
668176,426,likely,back
504018,550,scene,decision
813559,857,sure,themselves
1084354,18,other,these
464656,641,the,difficult
226914,165,address,project
958286,196,law,I
424033,219,style,recognize
53444,181,everybody,guess
1409059,882,reality,another
606734,527,fact,picture
689146,755,exactly,performance
996734,789,lot,strong
827001,304,dinner,condition
919608,399,career,character
1211530,365,everybody,evening
518902,587,book,trip
423628,367,participant,ask
1195064,586,big,return
7354,286,ok,less
619269,606,wrong,treatment
1199023,213,city,receive
562227,686,up,after
1472586,868,model,despite
222197,415,bill,consider
649385,193,prepare,card
127950,868,other,in
1403688,990,strong,bit
534358,899,style,reflect
1504044,218,response,realize
1325085,702,six,history
1085815,578,glass,alone
365416,637,picture,nation
1443009,956,support,force
492125,992,think,officer
1297883,51,wall,help
166604,426,indeed,concern
336693,5,rise,spring
376054,926,every,tax
597421,414,particular,information
628962,797,one,candidate
503013,617,small,fund
515583,247,according,spring
316977,629,third,catch
93866,881,eye,at
112795,677,computer,west
44470,54,five,able
595840,286,may,ready
345441,585,side,live
535777,971,something,small
357164,895,group,fine
553950,350,understand,common
1229401,332,social,why
891374,718,expert,part
860066,599,somebody,raise
627268,873,half,good
18814,126,maybe,best
1408691,983,trouble,wide
420728,392,life,many
57536,567,room,draw
1492567,329,season,benefit
371356,269,also,sort
1403363,827,huge,song
981305,590,develop,three
1366018,423,pull,summer
839123,19,record,after
717315,878,avoid,five
1257343,4,movie,year
1117323,169,collection,collection
430478,12,job,data
1386826,799,especially,since
62218,90,include,serious
344739,624,final,including
75660,183,child,during
856393,189,also,couple
758441,149,investment,member
950984,153,pull,best
1257049,358,project,home
810967,624,boy,right
1390055,253,movement,building
1447281,93,play,page
1004988,466,cold,section
41252,223,some,window
290383,1000,I,place
1539825,685,pull,front
1220,623,quickly,sister
266069,956,note,purpose
1094570,44,part,push
489825,800,property,wrong
985113,546,ground,these
977670,678,hold,try
301977,925,anything,fall
1525173,75,hope,level
422369,774,actually,science
540403,284,produce,shoulder
299003,491,trip,particular
973453,757,form,compare
426614,799,sometimes,one
833309,639,month,choose
763925,364,prepare,maintain
1092204,242,medical,clearly
1421920,525,child,anything
399739,926,evidence,look
1188896,545,forward,loss
1173540,416,check,public
420882,582,off,suddenly
898668,456,nearly,care
648562,372,two,range
817149,256,position,building
355426,638,relate,meeting
562021,999,require,cup
638208,552,real,should
225822,629,reality,keep
150562,130,water,guess
655233,303,increase,hotel
1253275,317,product,move
331097,745,during,guess
233522,739,produce,indicate
243113,261,once,by
805043,336,recently,decision
998529,557,finish,kitchen
558091,903,great,understand
345732,560,stage,Congress
1426884,130,art,great
203779,696,argue,reduce
531262,448,think,explain
279004,35,main,quality
296504,159,series,itself
595915,277,bit,try
1152162,579,same,boy
243311,310,admit,maybe
1288354,713,event,start
131856,465,glass,choice
789346,396,manage,degree
466055,917,agreement,month
766230,567,door,along
336292,136,sign,fast
67527,838,like,down
30205,216,early,here
739864,503,suffer,nor
132487,265,his,value
1365781,254,dream,someone
715830,90,movement,reveal
903859,768,throw,feeling
607295,350,magazine,language
1366863,864,home,turn
818457,925,lawyer,medical
521352,554,the,street
1481438,303,thing,present
1017935,644,Congress,worker
1155694,971,type,create
1316175,540,concern,team
724385,579,pattern,staff
156797,169,as,better
710808,988,physical,skill
615679,690,enough,whom
1161554,428,instead,doctor
1385387,765,accept,career
991340,687,bit,past
1440722,73,bit,shake
776596,699,certain,tell
5725,232,image,each
592488,95,card,seat
653958,100,cup,group
406691,904,game,improve
493173,509,magazine,opportunity
556438,433,wear,matter
1191052,773,scene,environmental
358937,666,actually,rest
824266,23,value,effort
439456,637,sing,guess
719765,628,wonder,prove
129224,186,stock,concern
298532,661,Mr,right
1284414,790,drop,onto
95016,990,generation,four
994029,125,article,wish
637681,201,government,truth
1059254,456,site,catch
946505,768,able,service
1477499,788,best,work
61492,354,prove,charge
709415,447,show,game
1371041,187,human,rule
320222,226,challenge,low
699682,898,spend,trial
263745,543,discuss,red
758755,22,night,from
1191020,401,majority,large
1441689,724,recent,campaign
623023,119,fine,suggest
1160798,892,image,rule
686286,587,customer,simple
385915,707,test,market
632677,212,main,when
212344,703,language,year
795036,270,training,onto
412756,147,history,staff
813816,410,wrong,second
897799,419,piece,dog
1143144,263,line,visit
945059,237,hotel,black
1300500,13,age,guy
158256,62,light,rest
584214,563,action,tough
1454452,41,either,commercial
1061271,135,left,new
82091,162,both,Democrat
349387,752,should,contain
1018407,961,seek,kitchen
48835,253,movement,cup
155460,598,design,lose
280670,90,detail,off
1367320,454,thousand,put
506367,625,PM,week
240013,670,fish,fall
181552,1,recognize,player
687352,491,top,ball
107223,138,because,son
367764,178,knowledge,follow
456061,712,radio,agency
436814,267,speech,address
368817,250,meeting,score
103384,38,far,beat
96268,998,cultural,nearly
436836,221,green,school
830296,965,yourself,still
828903,327,matter,even
1243071,868,capital,easy
1529221,781,according,adult
604825,204,instead,arrive
400776,658,yet,attorney
654194,692,address,particular
1257936,309,red,run
816966,827,why,bag
1165627,800,physical,eye
1448892,846,late,red
1395960,794,last,lot
525507,733,left,middle
835446,487,through,debate
517710,976,sense,southern
1159666,818,quite,address
379452,665,subject,who
397622,236,try,contain
1013833,645,talk,where
1098163,647,fine,what
1145271,958,me,green
1282857,917,show,up
1340361,268,candidate,challenge
111921,411,cell,after
7910,609,be,establish
1404416,506,maintain,his
711714,317,share,financial
962647,241,building,help
242270,62,action,term
686443,481,consumer,before
340287,450,cut,score
873477,47,question,forward
947970,519,home,since
265578,608,camera,stand
423526,657,until,voice
1188893,502,north,writer
142487,112,lead,age
546716,640,every,teach
228492,575,customer,issue
1517869,43,war,say
741476,959,during,hear
96985,345,even,receive
91850,515,toward,pressure
362362,256,population,reason
942491,539,oil,put
471537,573,on,choice
1331433,257,require,challenge
849050,583,minute,produce
1326821,324,six,view
627184,760,likely,pick
984467,442,treat,pressure
418278,906,nearly,artist
472591,375,above,dog
165703,243,though,machine
680532,454,safe,real
1485502,247,performance,detail
504833,884,treat,successful
1470641,227,floor,feeling
1501177,12,night,far
849733,121,partner,all
947648,594,forward,find
649781,383,next,director
1307736,410,property,continue
36336,748,yourself,television
889617,748,cost,conference
1272811,464,official,tree
388904,366,trade,particular
237970,296,economic,individual
408906,41,continue,until
1026246,853,individual,growth
721731,287,house,effect
948586,935,effort,take
342717,811,how,company
719501,367,available,network
781991,299,impact,media
476149,799,certainly,history
968401,577,return,imagine
1462902,296,partner,building
254199,157,country,technology
1376059,724,enter,fire
1178319,858,miss,letter
393254,901,understand,almost
652707,246,firm,degree
953869,317,as,plant
1119165,521,plan,occur
551098,226,field,glass
955752,606,keep,model
297244,333,body,city
1102236,741,appear,particularly
258582,782,your,business
1485740,28,specific,sound
1276550,206,great,measure
664303,899,organization,after
689587,345,call,assume
282908,146,draw,son
98683,326,risk,week
865778,262,expect,million
1457077,844,case,receive
213195,895,player,reveal
872725,910,go,newspaper
1086670,17,career,total
175026,898,kid,stage
1506754,85,care,box
811424,786,up,risk
671592,970,purpose,street
945464,158,movie,nature
184880,617,picture,step
1001123,897,no,the
822774,50,PM,push
1081716,523,wear,off
1438984,95,size,because
1437801,59,system,almost
770293,226,direction,answer
1174502,431,force,use
344909,333,probably,thought
771364,143,radio,weight
573794,858,top,actually
45046,977,benefit,know
529379,685,girl,probably
408751,78,lay,century
278831,937,also,tonight
140767,494,enter,effect
1188496,811,center,order
285613,22,father,whom
895574,109,hot,shake
699318,843,commercial,matter
427813,988,at,no
250849,331,instead,cover
43962,462,world,cause
1010390,36,picture,politics
1486288,570,early,image
734405,399,key,hot
593658,285,factor,business
685310,728,the,strategy
1175005,83,event,picture
1248173,821,attention,step
555898,919,treatment,central
790439,891,person,film
28662,142,beat,color
1421473,615,nature,hard
427186,565,keep,billion
43291,25,high,religious
836850,248,ten,change
986971,921,recognize,me
1023115,565,case,question
75681,986,thought,financial
861938,87,whose,still
745129,81,green,son
1007399,855,evening,room
1193522,826,state,guy
1090027,853,next,young
358033,301,might,than
965498,516,along,any
756822,802,agent,thank
1502256,232,yeah,ask
628653,733,nation,Mr
193254,750,benefit,sound
1463058,927,return,success
537623,647,final,force
592192,874,baby,report
900239,165,few,traditional
595977,763,statement,ever
562050,282,realize,mean
1477955,324,yeah,machine
1201644,593,record,issue
1478184,710,before,then
1450362,942,accept,gun
281686,685,wish,no
1418891,924,thousand,concern
756354,952,traditional,order
1094512,578,sea,instead
1350737,918,instead,daughter
1325047,72,break,when
499608,874,few,report
542851,28,interest,which
92438,463,explain,road
1469855,216,so,off
1460905,956,treat,keep
521219,242,describe,simply
339059,861,popular,even
716561,280,thought,style
549257,239,nice,them
555411,982,wall,include
606545,519,down,early
519861,396,hour,win
1430020,927,seven,form
32568,448,physical,cold
1245755,136,season,tree
1355462,567,plant,see
218737,305,environmental,over
615354,171,interest,develop
971385,777,eat,soldier
1214604,792,former,painting
1042832,829,loss,clearly
494086,103,address,turn
536432,774,economic,week
1300903,220,about,store
1450701,286,theory,answer
1246754,549,difference,organization
634891,68,event,hope
1173024,186,want,sometimes
1536474,146,art,sound
1373869,640,top,front
1409022,802,gun,trip
83367,925,board,single
319758,111,reach,TV
1218032,724,law,allow
1221097,181,go,people
43872,842,for,mission
883682,453,peace,at
989067,830,politics,catch
232640,547,realize,follow
640713,100,foot,nice
1379247,572,determine,family
271173,677,pay,price
1051566,559,city,develop
205923,126,against,identify
1476125,458,ask,any
25209,751,near,end
92159,448,central,into
265423,408,color,ok
1412113,421,consumer,air
926051,601,short,really
920569,782,worker,rather
481263,996,detail,federal
622848,761,look,dream
735621,894,community,up
1409330,472,to,development
1475378,280,assume,left
496126,351,bag,skin
823973,9,participant,capital
786506,521,live,forward
1497558,782,fear,so
844598,796,adult,write
1449597,929,president,less
1414739,201,car,national
904550,670,parent,group
178881,545,land,the
1387314,206,herself,current
374706,897,what,chair
170861,896,order,people
265829,389,leader,special
783743,20,close,street
1062530,394,policy,plan
12397,698,decide,close
1385319,920,road,today
941380,810,watch,executive
67329,751,able,magazine
676906,159,study,follow
446183,144,trouble,action
1101214,308,but,foreign
1102994,910,film,pay
1507192,175,current,we
124931,83,a,around
1227841,792,government,quickly
308551,901,upon,sit
335993,822,picture,somebody
650368,712,expect,back
1343725,183,since,nor
1387793,375,call,three
525369,292,financial,word
723832,914,ability,store
648507,639,under,view
1004997,566,alone,movement
719711,741,relate,study
1102801,731,enjoy,beyond
124449,238,store,far
1133902,654,relationship,clear
554825,456,allow,able
239957,693,really,information
493782,188,support,note
1367178,139,we,central
1181309,662,ever,others
938927,264,enough,involve
902437,854,anyone,peace
1272146,150,rather,fire
63486,823,last,federal
1513012,256,system,almost
1257550,707,whether,will
762477,84,require,mother
1058895,761,away,almost
907099,975,cause,describe
167787,936,hope,reach
789784,936,poor,billion
1190786,783,thank,whatever
1104704,109,forward,spend
875215,713,message,by
1237226,529,have,customer
930301,999,suffer,strategy
417860,562,inside,part
286386,240,dog,prepare
1189448,135,theory,condition
677805,932,cultural,western
1371028,520,system,style
389389,492,reality,offer
18650,1,whole,every
179032,412,field,down
1240074,866,new,certainly
156433,478,over,each
1154733,366,challenge,hour
798960,63,item,skill
1460518,748,agent,sit
1353823,826,put,car
329637,121,opportunity,while
615191,491,minute,fine
378677,685,Congress,together
406282,297,peace,size
647284,634,main,lot
1274821,567,car,alone
604046,50,step,security
1408092,664,mind,explain
1293989,791,card,meeting
634574,103,character,only
1211091,29,wife,exactly
1040580,753,military,may
1310599,22,three,phone
267915,581,drop,find
239482,217,yeah,others
380181,403,fear,education
910620,277,large,statement
1438890,879,look,some
1210711,43,pay,suggest
339458,924,toward,several
8783,301,hold,use
1174029,639,many,prepare
402642,319,kitchen,cup
832145,713,there,product
1319322,682,once,much
841324,884,short,member
1075380,742,school,side
398385,765,method,election
84025,693,attention,those
848561,224,event,challenge
655282,747,far,better
539911,855,feel,though
727593,866,science,also
780988,83,positive,human
768032,951,value,draw
593697,28,not,social
209752,795,enjoy,guy
459477,142,this,similar
1230979,457,still,first
1039862,724,our,end
1144099,93,reflect,fact
494085,640,weight,coach
1429603,925,month,growth
720922,776,wife,event
257466,468,professional,hundred
478128,365,age,difference
1138368,585,air,tree
952355,210,when,east
1463715,671,because,long
442612,716,himself,black
588927,136,pretty,point
498268,298,learn,two
1059689,451,people,religious
40558,847,nature,sport
485648,926,painting,computer
120325,113,position,enough
1369612,119,thus,state
1335727,364,kind,throw
147887,620,still,line
822847,945,agency,possible
1223659,713,under,if
365217,923,great,man
759893,732,set,through
195007,995,possible,thank
1092042,625,hand,my
1026464,480,this,parent
154110,105,three,type
1302131,815,attorney,central
192893,719,bag,choice
13830,840,read,food
1489150,69,role,way
1197652,715,no,month
580686,71,peace,while
999027,449,popular,fire
856573,728,west,at
902946,329,dream,his
881264,199,I,look
1464169,372,trouble,law
1018357,999,cost,conference
1475362,697,because,toward
1307158,480,church,plant
1456322,719,stuff,provide
103210,861,loss,total
331738,909,middle,until
1159260,629,report,of
496482,61,take,somebody
822911,929,career,hand
1298048,541,everything,require
312238,781,different,necessary
470284,454,research,light
1469437,148,result,term
799635,380,tax,black
1490351,612,yeah,truth
1055155,461,huge,model
840825,246,south,anyone
974965,229,difficult,ahead
1230282,186,reflect,wide
834466,565,economic,lawyer
203671,133,suffer,area
1250179,567,the,during
1052029,362,state,once
1322378,800,way,another
945399,756,three,send
998900,818,enough,must
936681,589,control,article
677094,97,expect,story
758582,552,live,and
1295562,118,little,whose
705736,454,campaign,bed
382668,666,put,woman
211133,210,concern,go
9600,180,on,seven
194042,10,break,upon
1108789,375,technology,raise
95644,380,time,red
974274,71,really,opportunity
1040777,711,agree,side
1145481,635,work,hear
507116,536,choice,pay
135442,799,energy,they
205641,333,real,example
643539,964,phone,soon
1354654,511,argue,establish
1086476,526,prepare,blood
307101,962,bed,single
24719,518,world,add
1070480,617,hot,avoid
1071783,149,goal,across
115602,675,design,at
1057816,112,skin,language
47328,83,low,offer
443757,103,positive,exactly
1445772,846,remain,measure
694554,210,heavy,from
662272,698,participant,return
997386,30,quality,job
263670,385,cost,catch
863699,415,team,fish
1083914,41,nothing,certain
1393010,571,along,movement
932261,409,continue,no
664386,961,media,top
231291,19,various,treatment
859251,285,mention,song
349075,592,TV,most
980785,432,poor,individual
79337,691,civil,risk
1410810,982,cultural,book
1055713,237,radio,property
51903,608,bad,decide
833176,291,culture,today
1265280,686,meeting,apply
323812,921,toward,coach
570170,756,piece,election
1531083,617,full,down
1082755,120,few,training
109371,719,in,common
437183,3,together,bad
1354615,434,save,nothing
1468697,14,it,too
158679,420,already,chair
575324,481,everyone,feel
225698,706,who,boy
1150827,406,war,our
1027014,487,reach,husband
874899,857,through,attorney
1349973,821,base,interest
1142494,628,son,throw
932658,472,that,read
1451944,177,interview,old
1522406,572,sea,simple
199559,799,why,at
767202,172,north,east
568515,295,if,six
827837,520,service,check
301638,34,music,laugh
951708,831,health,use
1149120,83,other,fund
1418925,855,military,clear
98033,222,house,him
24826,154,none,table
391696,359,door,worker
1512066,547,eat,think
1479775,20,three,hospital
1216789,391,adult,college
933718,576,father,understand
306348,795,court,story
885510,270,near,machine
731382,547,man,Democrat
963177,911,social,true
1079905,743,air,choose
1479122,129,charge,reach
832638,401,point,vote
995218,504,citizen,sell
24646,821,small,create
1229982,193,TV,take
1223798,65,them,must
1266315,56,down,suggest
1439019,56,science,successful
1053715,122,young,scene
719435,118,long,expect
903534,997,who,argue
1295662,143,type,high
721225,353,democratic,eight
92422,201,structure,force
1305556,50,strong,ever
598140,329,develop,along
253124,800,apply,half
334988,889,site,happy
243233,734,major,common
579046,261,population,usually
1196367,912,mouth,create
1002027,607,sell,well
1143660,995,close,civil
777853,145,financial,sea
1123309,620,wear,boy
766793,436,attack,push
967502,854,into,power
269542,321,parent,meet
423288,804,read,rather
505802,877,question,task
1046939,126,front,dream
1375929,162,free,quickly
767888,21,hundred,painting
1369109,517,officer,city
923839,488,range,training
148563,583,learn,manager
994901,537,play,account
441828,835,understand,wait
1263362,517,let,value
558751,460,college,go
234540,678,I,father
620749,884,model,animal
954186,512,study,score
610766,178,I,can
321857,379,full,fight
991680,646,deal,visit
346369,841,reality,grow
636797,552,theory,do
1377340,111,across,key
248009,854,result,central
835692,350,effort,to
918424,312,customer,TV
679522,485,order,fine
154035,712,single,power
629917,877,window,Mr
997197,709,woman,manager
1101888,526,weight,follow
749682,996,former,such
1488606,771,in,reality
467257,283,these,wonder
1389028,252,focus,purpose
41011,420,even,clear
99743,21,four,significant
897682,632,simply,as
1316341,532,policy,structure
54490,944,protect,third
1448647,903,these,according
1296981,783,meeting,here
1333773,528,power,line
14593,857,move,third
930246,774,safe,building
552956,533,section,office
556641,575,yeah,view
674653,544,fire,price
939110,635,mean,culture
243252,253,successful,green
1315544,167,its,away
1309951,297,particularly,executive
841422,305,success,camera
1366339,613,health,alone
629263,39,better,wrong
992435,836,parent,should
822808,281,left,help
661839,162,life,expect
1213002,313,cultural,forget
1039861,359,north,site
961418,964,tend,environment
1468453,967,need,morning
560117,83,fish,yeah
927865,41,skill,move
1524734,656,look,so
17076,673,sell,control
1380974,665,up,heart
913213,179,between,evening
1432752,991,road,over
1383666,14,wait,whole
410115,176,education,else
558930,285,series,half
524615,212,run,prepare
1085188,133,for,one
156603,507,run,positive
559943,34,east,early
1432824,792,weight,else
402676,919,area,again
273737,643,something,beautiful
851581,938,sign,where
1055457,97,leg,under
812710,134,way,art
1272510,52,different,near
18843,639,million,he
142193,72,when,production
734584,320,alone,last
420000,447,art,address
350186,506,notice,ten
1456568,227,agent,able
340129,151,cup,table
680089,450,blue,individual
1082949,95,remember,blue
1343965,514,worry,three
1528675,262,court,capital
1058031,867,but,usually
573920,363,decade,lead
1384956,208,ask,factor
864609,410,activity,agree
465670,323,government,often
979676,13,seat,man
593692,16,check,participant
119574,783,many,actually
244266,683,already,party
507666,553,painting,whatever
727591,862,past,partner
995610,16,situation,mouth
727443,127,national,event
896342,424,let,leader
918283,851,air,single
1533978,327,water,yourself
900377,98,election,college
511055,915,certain,assume
1006262,78,protect,vote
116007,928,mention,indeed
559655,882,career,process
631395,399,measure,also
897490,181,ahead,who
500159,836,decision,however
1027428,504,manage,become
1276166,600,job,it
730386,464,reason,talk
1309351,124,police,high
1183239,355,could,growth
1125332,843,suggest,newspaper
1061430,637,despite,young
686160,684,strong,plant
514000,771,live,treatment
389098,409,piece,fast
763868,405,dog,prepare
1497470,92,present,environmental
353192,388,central,unit
1162512,958,prepare,sit
598487,96,order,person
1344485,424,cup,manage
783200,84,fall,mention
54248,132,occur,would
202656,683,away,ten
882854,266,join,newspaper
509469,433,music,sit
802923,780,evening,fight
964077,559,price,meet
804728,249,answer,us
35639,401,executive,job
1485643,706,analysis,break
203186,431,strategy,understand
33488,959,clear,think
1116471,20,environmental,call
200569,142,culture,game
1275101,65,cover,ok
1499740,669,you,drug
272177,106,simple,summer
1031915,291,study,audience
869138,392,sit,our
506775,865,whole,office
824529,166,treatment,even
250405,281,ever,call
558369,906,common,sure
1116783,496,cup,property
378294,367,join,carry
1500798,769,back,I
712140,652,kind,also
956518,970,year,body
913354,925,up,minute
1538347,710,anything,book
766749,147,certainly,wife
368934,79,space,stock
138099,543,now,science
626627,718,risk,choice
670134,700,after,between
1330842,827,seem,when
475562,903,trip,five
239794,240,bar,top
1491068,835,exactly,fast
97955,362,herself,relate
77591,928,wind,his
648218,868,serious,whether
1236327,649,occur,position
781614,157,break,form
943052,194,foot,drug
1373057,622,note,politics
94171,44,prove,news
1323226,959,live,box
66604,942,hour,senior
363728,253,thought,detail
1431250,14,sing,state
322743,500,avoid,their
331138,583,artist,factor
852361,157,century,laugh
375863,964,few,nearly
596667,870,Democrat,avoid
1400002,634,thank,surface
1030460,711,school,easy
497070,882,close,behind
1517425,91,outside,somebody
1382176,184,middle,type
868541,785,despite,authority
309413,358,commercial,he
696233,675,by,despite
137570,681,listen,real
158087,704,special,hair
338174,937,toward,part
144759,524,whole,avoid
1016560,399,can,picture
597732,444,myself,authority
340215,504,option,material
1537061,264,voice,teach
8069,224,number,area
20053,522,travel,protect
337964,670,song,way
78525,996,positive,yet
331682,795,dinner,adult
1305226,506,economic,find
1432717,649,PM,test
545486,918,design,lose
1278518,322,free,too
481590,729,hope,leader
1208100,760,country,eat
1125565,916,particular,generation
455389,551,top,production
1239538,108,wind,oil
1400723,750,field,threat
1049625,25,many,several
419189,295,after,free
924346,613,send,table
311808,901,network,certainly
1312738,304,already,become
355346,191,something,beat
131818,725,common,itself
196604,266,black,material
1022522,688,theory,early
1084378,849,get,article
1465074,596,family,cause
627295,562,image,brother
928229,55,likely,western
1311614,428,go,hope
1067611,636,thought,save
1341675,75,need,item
523926,511,notice,get
41146,439,structure,meet
479853,325,question,reality
1535135,64,wonder,fly
1140437,7,plan,garden
159426,983,image,check
847050,558,require,difficult
572021,404,parent,able
867750,117,marriage,east
354941,436,your,inside
637908,729,note,environmental
345271,724,them,bed
411884,674,federal,gun
705209,275,individual,national
1354550,496,speak,defense
447404,660,still,nor
687880,152,few,green
1393428,75,south,me
1523590,135,while,require
1512374,203,a,for
343214,787,minute,apply
846587,535,air,free
1472408,109,but,drug
500546,591,trouble,child
811231,918,daughter,often
693979,405,attorney,design
506104,389,girl,I
68691,600,treatment,after
805183,107,win,democratic
1170782,76,free,star
848918,440,purpose,determine
233765,915,number,much
769885,473,I,American
1426256,670,as,mother
643547,60,coach,crime
1159063,45,executive,week
318946,477,magazine,knowledge
39212,624,protect,action
448838,276,production,second
791410,566,stand,cold
1225038,36,now,lay
1238328,803,reach,mother
1140654,54,compare,expect
806402,342,international,kind
788269,707,scientist,second
195430,596,single,hour
684448,122,nature,floor
997207,363,understand,most
1246791,66,world,man
849926,757,evidence,in
25309,9,decade,page
512567,922,agree,leave
1361829,665,ability,reach
416880,22,detail,marriage
408296,176,agent,begin
265448,86,involve,mention
1302015,102,somebody,everything
560756,832,receive,campaign
5010,528,my,together
633958,456,last,natural
81987,986,relate,party
1079193,221,first,only
1007087,982,practice,current
136027,639,take,police
329756,540,public,direction
1117485,290,ask,new
83228,968,lawyer,ago
606575,335,teach,they
278787,816,chair,determine
1492350,87,computer,claim
469228,551,forget,story
233372,983,agree,experience
472053,59,cold,factor
21031,302,decide,identify
1239965,281,turn,from
355976,638,I,every
452401,431,growth,style
331140,456,almost,organization
912546,540,apply,product
1209447,87,nation,including
1287855,549,seven,institution
12462,913,ever,new
1479103,948,black,somebody
328527,453,parent,throughout
399978,882,score,daughter
155419,710,month,full
1517682,932,from,break
805171,628,score,summer
1198240,379,any,lot
342687,534,still,computer
646559,2,not,recent
151657,526,friend,boy
180725,223,discuss,power
1062220,749,car,worry
87811,931,our,line
1228600,166,account,growth
1476168,516,everybody,program
544063,27,short,field
1412199,48,before,notice
196768,847,score,expect
1369718,917,identify,safe
247380,268,standard,positive
676104,445,simply,significant
738988,597,I,crime
146117,386,star,election
563671,329,he,power
1347905,990,example,its
387700,756,hot,our
1190490,258,cover,return
1195841,570,have,house
72565,569,agree,per
413652,368,feeling,soldier
350685,418,program,with
929823,635,by,develop
1107033,705,security,standard
1102467,146,still,history
422527,925,mouth,best
789928,432,middle,conference
367599,118,always,executive
1387195,926,consumer,wide
709048,889,car,which
1037311,188,day,process
74725,864,reflect,community
885869,19,appear,win
756407,779,quite,key
1528815,545,human,teacher
474813,144,firm,lot
693664,378,population,involve
475608,219,all,tough
13323,348,drive,despite
503940,408,thank,none
1444452,22,kid,election
1073250,982,follow,because
339000,870,low,about
1229960,895,PM,half
490644,798,receive,free
128316,779,good,pretty
1494883,920,prevent,quality
688752,377,believe,change
497359,220,management,together
497563,624,only,center
1053619,146,fast,now
1086112,472,analysis,artist
90761,364,man,popular
152619,811,voice,responsibility
152134,697,community,team
1346413,974,summer,practice
1105872,350,morning,hot
409708,350,believe,enough
1194009,791,among,place
624997,397,between,bed
605727,146,their,late
199895,979,save,morning
1154336,168,final,professional
647233,730,prevent,seat
586234,327,week,begin
1530114,581,recent,charge
94595,56,dinner,trial
1220976,920,health,surface
740188,20,station,doctor
770886,484,employee,especially
408849,77,few,direction
1227986,471,in,little
1469887,510,must,American
480898,64,production,role
1295824,155,well,start
249127,188,officer,street
758374,660,number,read
706601,481,book,work
1323120,686,compare,change
775641,477,property,actually
773182,938,not,hundred
1492872,787,site,particularly
338618,224,anything,lay
1116677,528,try,smile
1012201,315,ago,language
1414076,438,run,enough
1104953,830,lead,century
150682,462,treatment,court
742701,833,pass,whatever
822856,119,true,security
813168,171,even,give
1145253,292,break,ability
353757,191,pretty,strong
673956,967,the,join
672319,554,interest,imagine
1268404,665,go,would
496401,422,walk,item
1386786,348,author,language
1084802,343,walk,might
1266557,270,international,term
1249934,114,trip,chance
1008195,441,scientist,certain
1410008,644,outside,nothing
277764,287,still,response
1008050,363,sort,table
1119556,154,their,personal
826695,740,old,speech
507986,230,community,woman
974091,319,place,perhaps
666890,195,air,seek
209838,196,time,perhaps
1212284,109,both,lead
105368,711,say,someone
474382,13,mention,left
678696,285,article,especially
761842,899,president,size
938541,77,nature,affect
1036293,33,thing,huge
459980,412,factor,magazine
927181,447,like,include
223623,552,despite,box
1255817,984,administration,effect
445737,795,beautiful,beyond
767439,29,modern,entire
1213244,654,artist,the
1201330,888,trade,himself
227126,453,sister,remain
966565,677,turn,shoulder
1438190,524,here,American
46463,465,always,turn
365727,874,cut,window
1530725,181,business,reality
421162,92,size,model
697142,824,standard,population
745469,358,just,project
969856,445,century,next
1448637,472,word,pay
564218,518,firm,ten
1009344,257,guy,produce
260372,798,past,last
1026986,77,cut,meeting
508303,610,only,force
420952,891,organization,discover
1173404,181,natural,green
1230458,322,senior,amount
847972,415,sense,within
1091947,516,debate,fly
878370,721,candidate,color
666143,586,too,fire
737308,783,role,increase
150020,824,situation,evidence
933783,426,much,material
633844,221,significant,activity
169246,735,good,understand
625049,164,both,number
627514,90,play,other
270228,42,shoulder,edge
44906,806,spend,safe
482119,355,she,very
1015441,744,avoid,personal
815398,767,for,child
1340078,510,reach,close
831614,397,social,provide
989779,434,popular,new
988174,598,fight,phone
116165,184,tax,should
1217112,53,job,example
1023720,74,team,just
1193868,472,must,long
1094093,301,performance,relationship
423652,906,story,very
1133286,536,read,family
1378222,586,consider,wall
1242162,552,movement,hand
1188949,894,return,then
706707,385,present,discover
540035,471,network,everyone
1441420,805,clearly,will
655872,776,visit,girl
1456314,563,base,role
646268,934,security,join
223978,945,place,yeah
86445,30,perform,large
1286238,329,defense,watch
1299112,384,research,scene
802747,4,town,style
254687,914,suffer,item
380413,906,test,more
1269402,498,contain,through
1338630,211,figure,lawyer
1195264,628,piece,sing
1525161,302,design,tell
801256,930,arrive,finish
286758,600,soon,nearly
343959,55,stock,task
876713,251,must,player
53084,896,bring,who
699790,541,wait,along
1231515,151,history,minute
287982,444,former,line
311878,60,our,ready
21086,637,bed,how
1155871,126,tree,exactly
818787,172,forget,teacher
471365,758,under,resource
690240,918,culture,one
678757,334,fast,action
1102855,345,these,marriage
13883,515,type,measure
1308357,19,player,scientist
1098435,587,quite,significant
937745,817,manager,pattern
1236965,858,field,book
274051,935,within,street
680142,412,southern,anyone
1507908,507,like,shake
1101272,664,TV,forward
1121367,685,free,performance
1512423,69,respond,line
1382489,842,huge,nation
54848,537,soon,quickly
1200940,403,sell,suffer
1372765,183,forward,girl
1019393,555,represent,thought
528232,944,mean,old
1532972,486,size,several
1315150,77,dog,school
118217,912,yet,commercial
319342,865,leader,morning
221634,206,themselves,require
609496,383,bed,line
693215,898,opportunity,similar
1487810,291,media,information
1128034,619,debate,simple
1115369,21,rich,hotel
1372381,584,matter,best
27592,160,network,wall
1250334,650,adult,poor
974362,159,can,both
1121559,69,knowledge,her
513452,163,true,record
352935,461,class,ten
493476,87,another,worry
1466170,789,term,television
176413,20,act,sea
325148,922,visit,total
361084,528,leader,commercial
1066655,500,hundred,box
1116636,562,nice,many
231312,640,then,reason
261659,307,affect,kind
1054940,218,go,myself
1286869,365,fire,could
1038767,436,policy,far
1130016,278,citizen,claim
228679,884,although,other
335620,812,range,house
1228712,269,within,more
152440,138,half,relationship
250648,708,capital,issue
1211799,435,near,discussion
970678,701,today,financial
1104803,631,beat,mention
357630,479,you,know
151703,650,wind,half
838640,586,whether,their
32737,72,thank,particularly
621723,145,man,always
482134,784,hot,some
1036604,849,dark,this
476952,155,western,news
386472,224,marriage,south
11609,91,treat,the
1247354,562,single,wear
1304990,512,trade,about
394789,100,image,thing
145046,218,member,north
1364563,709,nice,whom
607160,278,receive,task
1425966,486,music,too
879295,131,growth,anything
1144790,334,admit,certain
198717,393,identify,center
1488225,411,hand,section
105183,346,order,you
1194691,161,her,team
1192310,258,power,arrive
1291141,571,government,pick
1076172,287,class,vote
495421,863,have,example
1496265,923,center,trade
35009,994,town,reason
926457,880,politics,third
437974,146,team,road
1405497,752,behind,clear
806521,541,continue,draw
970655,165,stage,form
504802,812,name,figure
1336743,936,set,father
789690,272,especially,partner
550224,119,west,draw
1238742,984,heart,serve
207302,997,who,safe
865055,621,among,wish
424162,396,spring,perform
1446010,707,trade,prove
1121352,797,cultural,look
1152832,101,science,evidence
217993,793,hundred,degree
1204400,885,sister,something
1023264,604,under,true
564587,221,former,available
373490,336,daughter,coach
305012,647,such,head
200727,253,reveal,I
289126,229,skill,when
732624,187,job,appear
996294,140,gun,past
928510,632,five,moment
248177,958,ready,detail
788863,301,agree,their
1428205,92,hospital,media
867053,585,deep,man
1260201,475,anything,government
1032168,465,child,exactly
117375,56,beautiful,real
234845,672,writer,improve
589961,616,market,bank
391603,334,benefit,should
196547,753,cold,try
1524809,250,especially,money
405220,824,open,scientist
1329701,673,she,movement
162278,69,school,audience
1261078,358,itself,information
85856,257,focus,company
931479,526,coach,attorney
126673,925,go,choose
683026,320,reduce,hope
672016,335,green,middle
1468905,424,hot,PM
1166748,149,people,from
254528,137,memory,practice
1512194,289,ground,article
470715,628,add,space
473692,526,scene,letter
220740,806,compare,company
489419,176,turn,read
1539678,244,question,body
1066200,277,news,style
1283333,481,house,measure
637741,758,institution,water
1330394,808,near,budget
654243,352,artist,power
922035,379,charge,lay
1170341,503,then,play
1423869,642,score,whatever
36389,825,although,four
235110,99,street,degree
175611,69,successful,affect
607336,270,style,rule
485256,482,dream,garden
999855,653,hope,parent
325507,392,himself,instead
555155,211,fund,miss
1125616,581,state,raise
838802,297,let,until
1055670,811,call,upon
368629,98,mean,hundred
77580,434,market,thus
1385747,631,drop,population
136776,289,professional,white
649563,83,southern,organization
577186,933,concern,its
172042,163,stock,accept
1498221,664,still,better
923264,250,fund,professional
10321,49,people,of
709895,943,appear,power
760736,270,development,I
637462,209,main,blood
1524366,593,brother,respond
1066904,817,building,teach
608058,249,big,structure
420760,283,with,Republican
248423,469,debate,price
1351121,760,southern,city
1513800,418,program,girl
139871,664,cell,him
841744,656,me,administration
1139403,579,clearly,bar
994399,819,beat,learn
1110815,842,service,word
305559,116,manager,better
360904,903,left,dark
1505909,68,age,law
962324,532,eat,second
847013,246,statement,table
404559,848,region,nature
129568,770,within,follow
652672,278,about,we
785418,392,nothing,ever
733900,229,able,hand
759548,91,four,once
682077,647,product,and
515809,798,value,off
67183,418,worry,learn
1352751,172,west,debate
1165477,1,president,else
1323441,635,nature,past
332433,590,agent,travel
783096,385,instead,sing
1174077,649,not,leave
1059518,185,discover,term
1486899,339,truth,of
1053236,25,ground,practice
240256,546,thousand,these
835457,804,necessary,run
1031504,618,catch,whatever
1269428,784,none,such
353194,178,itself,door
13643,444,upon,hold
1196363,204,now,to
566681,263,the,reduce
566350,86,three,crime
697033,75,player,chance
59900,549,despite,brother
979020,321,already,later
556331,26,ask,nor
1142651,356,continue,he
1534691,154,range,me
1024353,380,edge,task
201185,788,evening,little
1527024,675,character,look
781404,225,step,physical
521332,481,direction,life
964639,809,federal,generation
11181,658,bar,simple
287413,32,school,letter
163827,34,wonder,part
1279902,138,letter,commercial
78130,686,team,foreign
1181325,396,personal,soldier
1155869,192,major,nice
302338,680,citizen,management
490829,310,director,budget
595768,30,various,especially
861427,580,present,thought
1000688,604,often,knowledge
1112648,510,city,try
201322,154,really,management
370420,326,actually,Congress
556197,276,environmental,mother
1439512,341,law,wear
1087207,179,least,remain
418170,142,beyond,today
1067149,247,many,author
984802,571,pick,hand
822786,706,attack,until
467718,802,road,hospital
1345006,727,back,behind
1124507,927,rather,day
1256561,917,first,agent
573014,503,lose,similar
1292775,518,cover,collection
922411,642,debate,Congress
813623,89,action,administration
953503,188,feeling,responsibility
374600,745,human,your
466503,32,should,government
104159,742,wait,pay
121958,754,often,general
799624,163,think,low
562474,482,consumer,program
1518217,888,machine,one
715533,294,challenge,even
1251975,645,road,cup
969679,137,no,interview
1191258,574,compare,girl
318485,741,medical,energy
319893,997,billion,because
1364212,847,walk,lot
1520512,233,travel,suddenly
217826,391,party,least
1261113,272,such,save
1477217,951,more,buy
267289,590,either,candidate
1037491,975,receive,quickly
1183610,813,with,TV
301820,771,price,program
251770,272,development,bad
1371005,644,quality,meeting
513922,66,let,often
961706,69,available,middle
128340,338,short,nation
607647,890,question,open
729580,612,happen,across
1536788,349,instead,turn
718720,590,executive,loss
78609,774,field,meet
1087331,906,east,list
375651,798,his,record
1095671,388,few,hand
25110,22,support,issue
647246,273,floor,light
674842,637,deep,soldier
128293,337,environment,society
509992,521,walk,more
178622,562,always,option
1464982,100,compare,shoulder
452698,5,throw,cover
201641,850,well,police
493244,691,baby,record
696231,824,series,nearly
1282211,971,provide,consider
208298,844,these,feeling
740508,37,note,home
545074,91,long,traditional
610693,573,fund,project
929938,546,environment,reduce
1439200,188,news,rule
722240,81,theory,exactly
894461,568,owner,million
317668,813,window,station
1131657,259,employee,about
257117,930,say,once
1088641,631,agree,plant
1417409,882,great,strong
325722,188,mouth,civil
1287907,609,wrong,no
1267426,483,key,age
606785,591,authority,head
1066472,791,general,local
1327120,247,any,stock
706872,684,police,by
919409,961,according,then
1353445,386,catch,event
129998,770,ground,discuss
543053,354,Congress,human
651249,837,late,benefit
74156,822,able,believe
1534440,66,argue,perform
911205,866,inside,sell
535047,747,amount,population
1517991,368,idea,conference
399248,412,education,each
59684,53,west,so
1523572,810,truth,character
303058,799,good,kind
1307304,681,opportunity,argue
233147,823,fight,music
697347,647,American,since
164249,769,low,experience
354531,416,people,water
853615,544,simple,participant
1313907,151,deep,away
1059431,768,energy,rather
1258222,97,range,audience
943938,665,television,discussion
1524976,691,executive,whether
570314,364,upon,himself
118897,410,thing,property
983097,334,although,manager
924213,967,quality,rather
257783,21,book,sometimes
495379,680,owner,executive
925282,1,force,partner
845608,478,how,choose
210327,357,series,president
526026,153,movement,partner
211873,553,former,reality
445426,96,finally,source
585885,150,method,option
1418824,645,long,popular
218475,634,away,partner
1127328,186,cost,drive
1211636,287,skin,seem
1063634,481,family,marriage
943664,344,born,range
587301,83,top,lot
459115,22,return,employee
716855,608,another,table
542853,331,final,data
827285,893,television,sister
422366,907,very,that
1080320,587,provide,mouth
389800,302,environment,shake
1400899,906,let,cultural
105499,674,quite,cell
1087379,354,receive,letter
223700,571,church,hold
911281,659,experience,total
1047481,80,more,education
1506430,474,reflect,arrive
14841,909,structure,coach
1310784,579,culture,cover
476758,567,nation,per
563966,674,clear,those
922285,538,half,military
657019,66,stock,quality
1124629,274,seven,hundred
1117585,640,often,it
922626,378,quite,agent
351502,21,cell,amount
138032,281,why,religious
278707,908,last,could
972651,896,beyond,them
55470,640,decade,continue
1502535,621,add,machine
805890,553,even,rock
1376881,508,during,line
610429,217,fly,itself
139627,619,way,traditional
193798,868,table,forward
958405,72,consumer,notice
987188,793,bill,energy
1299864,954,try,really
1458841,825,even,wonder
326278,688,I,present
748658,136,nation,decision
270126,751,large,sense
698898,874,when,eat
779217,753,go,degree
463119,974,different,policy
747205,663,national,trip
104193,244,what,suggest
1121583,909,act,bad
1497233,909,tell,near
146398,575,off,interesting
1073288,712,maintain,position
69460,36,action,hundred
725154,827,bag,public
57931,759,movie,rule
560238,229,call,expect
304498,975,compare,community
1409324,967,along,finally
932395,132,company,act
711491,245,simply,find
1147195,368,animal,wrong
1491883,793,herself,capital
1344903,448,quite,seven
1024830,563,energy,street
252701,560,matter,standard
538047,669,senior,say
679205,949,continue,really
1520290,612,mention,action
305379,577,somebody,task
749273,877,most,building
1296723,377,political,apply
852495,306,such,brother
1307740,345,just,community
138053,63,college,blue
926876,841,model,respond
1454762,992,change,may
1072544,431,marriage,call
184987,182,relate,kind
1354854,750,mission,development
1156677,153,partner,play
554213,716,consumer,boy
860331,978,generation,role
42634,563,along,fight
15314,584,meeting,him
599226,149,note,clear
918817,493,population,information
332461,8,south,sport
796428,759,city,drop
1074639,409,itself,put
678776,111,accept,record
244144,879,morning,good
584569,326,first,side
154294,345,hot,individual
1007143,561,home,leader
1090416,190,property,region
936686,216,throughout,he
715021,270,back,with
237610,183,thousand,agency
293395,620,it,physical
246980,361,themselves,decision
1466280,523,body,learn
726223,203,bill,tough
746357,236,plant,behavior
160295,406,interest,film
568106,760,unit,call
935621,405,piece,role
1033720,726,value,nor
1227640,907,investment,pass
895937,272,check,meeting
376509,110,senior,experience
156092,627,line,rather
31740,996,some,itself
1180445,849,billion,contain
936193,3,he,policy
817527,117,television,skin
251124,142,church,bit
201278,906,beat,lay
843060,514,man,finish
139898,875,only,move
18940,430,political,agency
1117214,2,spend,drop
1178939,899,data,reality
515867,935,production,seven
935892,695,particular,middle
328563,968,do,one
967935,639,number,myself
1478968,810,back,from
69447,293,if,during
887267,767,father,big
695691,118,several,remember
1001990,838,give,baby
902161,633,source,might
1035847,443,first,call
326827,886,home,yard
1147529,614,rest,couple
707699,424,his,hundred
49999,119,show,official
548043,273,quite,hundred
618547,337,certainly,now
967796,738,thank,sound
1099890,17,two,food
1535465,274,present,heavy
1110675,484,every,decision
326918,911,eight,indeed
1354476,962,leg,somebody
516713,861,know,must
1470989,896,just,open
1443709,182,yes,direction
659701,286,upon,man
1464799,749,red,total
250789,971,last,crime
1438110,565,wall,road
240156,638,describe,exactly
936650,522,start,indeed
1263970,346,likely,its
745648,422,present,contain
724668,679,let,century
487490,188,should,service
319538,300,trouble,return
724624,179,agree,throw
874830,38,present,easy
224649,216,yet,consumer
824732,713,source,tend
1298257,988,expect,upon
443344,803,perhaps,likely
1055131,236,evening,person
1360670,277,avoid,note
112110,437,four,mention
925433,916,individual,partner
819144,722,Mrs,success
1357930,94,measure,head
92016,523,agreement,be
65274,571,laugh,step
540705,180,scientist,remember
1201349,13,player,place
1425914,610,dark,service
1413457,537,hit,visit
1482098,235,indicate,land
929867,851,film,result
817550,224,example,strategy
864221,552,someone,environment
315500,496,fund,several
79300,236,exist,use
750073,317,certain,past
155368,22,become,begin
69366,819,gun,participant
740177,383,race,eat
1092128,318,station,already
50502,621,enter,particular
1083730,770,hit,keep
931727,594,image,responsibility
483560,425,paper,common
875461,368,inside,sea
1303244,847,force,point
1020992,785,point,picture
1092461,432,indeed,year
533670,275,country,charge
895567,233,long,rise
202653,893,front,word
1196897,689,people,life
738973,402,military,think
1320672,546,something,likely
46288,505,though,start
654867,996,way,store
818709,593,compare,politics
718467,972,instead,career
684887,654,officer,main
287761,725,draw,eye
1275375,638,reduce,something
382835,217,home,share
1473015,551,population,bag
802341,944,control,religious
885819,974,get,appear
1264281,836,black,shoulder
6255,403,military,popular
278879,50,customer,food
1383164,407,benefit,meet
102136,781,machine,kind
1439390,351,huge,describe
995143,225,garden,politics
6549,45,air,during
188909,752,poor,two
504340,170,notice,contain
632428,429,expect,century
976850,235,performance,star
607538,91,child,PM
1424102,293,especially,student
604989,319,offer,event
463835,464,decade,buy
21340,930,growth,language
1125762,898,teach,learn
131128,690,year,they
1467792,845,policy,keep
1116985,631,plan,section
89737,767,conference,respond
351751,984,leg,a
1007770,14,onto,certain
1375409,329,play,security
1092425,577,idea,rock
611246,786,save,building
353869,999,billion,instead
1244591,381,resource,employee
935488,50,debate,appear
439429,302,surface,hold
839525,196,such,pretty
928594,101,marriage,about
1492084,806,mention,pick
632269,292,heavy,note
80464,814,drug,above
1278670,188,issue,class
1373951,508,chance,public
1539761,868,book,drug
543846,379,mission,south
1044892,194,door,her
547517,811,artist,need
1372609,789,team,career
1084328,61,study,effect
762577,917,too,arm
190740,946,those,bad
707793,36,development,agreement
751227,782,yes,popular
1521306,899,available,same
1519224,283,must,region
971169,762,brother,more
111389,539,bank,whole
1406506,209,outside,particular
1251255,600,respond,serious
209768,58,thus,crime
793795,215,might,give
1242447,436,system,I
1405395,746,drug,show
964205,330,western,teach
521600,595,assume,mission
1024578,315,message,could
1202599,131,truth,pull
400985,594,amount,responsibility
733052,111,cover,two
307137,5,capital,ball
991606,623,red,cell
334132,771,develop,only
42472,244,few,these
809384,999,current,alone
1080480,570,goal,far
509923,367,always,necessary
1387567,913,else,else
1300524,135,want,entire
1026259,613,day,street
1180361,396,ask,list
972205,398,your,how
1277611,388,radio,change
192029,101,sign,red
677645,73,newspaper,wind
322641,872,ready,drug
786718,189,employee,property
698563,475,look,rest
324085,593,outside,husband
1478540,67,reach,important
332205,941,why,less
1030086,850,ten,base
1090681,771,before,project
2390,120,into,late
920427,884,president,white
440423,883,style,customer
1536647,735,style,record
595607,999,meet,low
924261,404,people,hold
470690,563,show,town
1135922,924,human,cup
1338455,19,weight,include
243082,371,consumer,moment
75560,703,mission,arm
142199,596,Congress,must
1315533,867,foot,participant
721787,50,so,would
693227,717,meet,near
430829,615,identify,loss
396861,305,Congress,firm
283001,635,up,ability
1211403,533,wear,population
967556,939,describe,boy
1505242,716,light,sure
124647,448,ever,test
1380396,266,TV,particularly
1516404,850,Mrs,information
318651,448,national,nature
365468,655,local,section
354417,975,recent,many
637790,954,song,tough
695758,472,indicate,respond
1002611,870,large,member
719116,683,whose,trouble
1281422,657,fish,rate
895184,251,edge,million
1251771,786,fund,able
1390019,307,reality,involve
515572,876,professional,ago
688278,651,major,eat
308670,716,international,indeed
814861,297,sea,measure
183578,964,partner,final
596475,126,bar,close
142329,623,thing,court
534704,475,bit,attorney
345495,438,expert,two
858074,779,radio,development
839002,774,really,message
1085542,967,while,agent
415129,38,meet,life
412502,542,plan,they
736822,637,mouth,fast
209947,891,concern,there
708882,838,source,strategy
292433,441,involve,what
1325358,1,scientist,defense
314183,401,huge,girl
1490133,112,page,why
1514372,10,enjoy,none
865373,398,way,mouth
566138,193,site,style
231769,490,our,loss
418797,727,message,town
1176715,116,relate,goal
51477,897,set,by
249722,613,career,red
627843,510,give,company
1059279,187,light,themselves
630800,770,themselves,size
565151,53,discover,also
1430950,834,current,operation
129943,871,today,mean
1470698,499,citizen,growth
522336,965,compare,possible
1306624,393,television,too
392273,652,anyone,nice
882176,2,southern,yourself
1141746,530,per,kind
465119,149,order,only
1222158,720,technology,wrong
3830,473,change,Mr
732913,613,tough,nothing
1065616,592,special,bill
698983,936,expect,again
1391409,613,including,put
566247,866,effect,impact
295601,756,factor,network
9965,962,indeed,late
208874,366,carry,will
220319,204,history,which
1217240,835,last,language
1117123,590,specific,front
516811,376,use,ten
33181,77,natural,top
155501,36,clearly,play
1358801,502,position,scientist
11506,925,exactly,indicate
1438324,913,analysis,commercial
1442014,776,happen,voice
1452875,356,interview,discussion
1122689,60,training,recognize
1367599,533,against,coach
534336,723,half,know
1142505,711,lose,another
225899,579,account,return
1253180,232,return,need
1246566,345,finish,life
1257252,594,win,something
125555,341,should,factor
512544,271,these,country
268290,283,change,we
146427,36,college,store
417518,461,final,market
1220474,29,program,health
1407977,862,continue,add
43182,887,certainly,food
133749,376,third,two
201565,161,citizen,million
793445,424,them,help
537027,234,teach,attorney
97442,503,probably,draw
1017592,757,ground,up
640868,981,couple,hold
541012,886,support,under
525614,626,black,decade
763443,107,walk,wind
673020,154,brother,sound
334794,376,rule,plan
872208,471,full,beautiful
1211510,728,decide,exactly
298074,661,institution,lot
1177349,296,buy,until
656569,737,discover,billion
616823,791,record,nor
1002832,943,guy,allow
716116,537,administration,dream
654588,998,tonight,else
1139015,886,enter,sign
141563,729,see,risk
1337428,771,window,able
1380828,504,size,culture
350056,255,least,bit
365397,691,relate,point
1359190,519,just,practice
334814,832,technology,trouble
744925,54,no,control
1153799,263,course,her
222571,802,traditional,experience
517606,947,argue,study
105330,715,before,natural
1157132,695,south,lay
749538,618,during,customer
1318592,773,create,only
1352853,255,everything,age
1124952,200,hotel,perhaps
1276230,327,in,may
288905,172,energy,consider
1262622,956,place,responsibility
50988,976,responsibility,mission
984934,500,inside,read
397422,14,pretty,performance
166935,788,opportunity,gun
1176346,739,ever,first
369557,903,explain,within
247169,108,able,forget
1034475,172,color,professor
1258825,847,soon,where
696966,717,officer,call
474197,262,wind,within
1381789,919,industry,scientist
1114910,992,statement,recent
343114,923,oil,kid
1077594,819,leader,statement
1218251,878,provide,detail
375714,563,price,difference
997727,81,lot,environmental
1226027,294,we,traditional
590373,511,he,trip
670377,501,between,alone
1056858,908,sea,whatever
422817,702,whom,increase
310365,51,manager,discuss
1307732,981,effect,former
755078,655,firm,human
177927,511,technology,across
156583,259,increase,represent
979377,201,move,serious
1523527,678,room,heart
886121,397,environment,quickly
742029,272,field,thought
588982,502,heart,heart
859761,598,mind,break
649600,478,it,section
1093213,129,more,government
403978,818,standard,so
356392,378,their,protect
1519761,815,own,billion
721532,2,stop,film
149945,699,local,voice
1105988,795,do,director
1212883,728,general,work
608707,859,save,end
1263218,341,happen,read
661181,176,describe,change
639862,625,possible,people
476094,761,amount,enjoy
582244,582,time,really
1228902,930,special,choose
1249665,192,environment,send
446838,183,tax,in
1226608,29,enter,bring
1281377,388,dark,senior
802104,690,impact,million
806506,429,finally,interview
1289444,478,establish,onto
19128,859,eight,suggest
258673,731,run,kid
1004004,759,individual,sister
1535933,778,lawyer,yes
243975,801,pull,music
1343130,892,sometimes,call
404741,923,part,chair
1192806,328,enter,story
127121,694,collection,series
1162663,788,traditional,adult
787508,843,clear,design
1139776,812,practice,likely
921654,853,power,report
61241,9,will,approach
1162214,226,pressure,notice
877555,608,fine,discover
443448,395,through,exist
248527,375,whatever,someone
653818,546,billion,space
1501013,933,send,candidate
1224601,162,perhaps,our
96946,256,ability,hold
893945,886,suggest,too
104808,258,environmental,spend
1383003,241,away,rise
749093,263,purpose,environmental
1429495,743,rather,nor
1020296,98,whose,include
946550,500,peace,ever
1522518,748,word,Mrs
914248,282,police,read
972714,521,church,move
1342452,407,first,song
1360474,381,final,their
29430,302,among,risk
1486160,205,charge,consumer
286996,482,expert,color
960189,488,strong,dream
1463850,348,than,give
833977,293,field,stop
860305,522,simply,professional
235104,395,myself,yeah
826116,639,scene,activity
875059,230,fill,international
407454,531,size,lawyer
485943,665,American,total
412735,69,side,ask
66631,555,here,finish
160006,646,serve,partner
596738,379,best,magazine
237737,339,send,defense
1186225,516,skin,station
485870,372,west,wife
152993,299,everyone,call
1323744,211,dark,never
854758,484,water,per
1365303,597,open,offer
134190,533,nor,either
496493,304,allow,receive
710861,704,attack,evidence
539292,669,current,let
456434,470,letter,side
225379,435,know,worry
264985,901,paper,hotel
726992,268,free,reveal
449922,309,still,industry
1078196,535,behavior,seat
225659,2,such,there
314804,286,national,school
601694,710,continue,guy
126786,229,PM,state
418315,610,try,thought
495347,685,or,brother
656852,658,on,generation
297428,928,break,part
478863,260,every,another
1530617,134,left,method
595857,604,price,animal
870407,47,reason,sound
326073,499,today,news
1442775,342,player,system
494514,519,choose,you
1496370,917,assume,card
911363,80,coach,father
1498086,870,space,foreign
1523214,760,us,arm
224998,805,big,customer
1011566,125,attention,many
535432,46,skill,spring
59687,103,risk,region
731194,572,significant,them
498626,185,left,hope
51934,330,beyond,half
94853,547,region,fear
1052874,222,citizen,a
247667,355,soldier,box
805901,743,six,data
5498,882,show,blood
732668,739,reflect,top
645425,421,win,effort
577554,162,quickly,citizen
1063632,406,alone,send
1271570,378,hundred,available
381123,759,data,position
1422766,460,street,pay
21170,674,prove,at
468046,778,still,hold
402,494,nice,girl
1160433,619,usually,meet
1248699,973,relate,boy
1428766,346,can,feeling
915903,630,government,should
1089236,76,again,two
581716,823,program,film
492357,557,free,present
737873,981,under,woman
1185587,908,serve,despite
396740,148,rise,reflect
466652,520,interview,read
640032,383,staff,them
1255274,511,page,lot
852219,320,happen,nature
244531,211,adult,executive
472837,370,reason,team
1162272,575,especially,both
909373,693,less,feel
446973,583,upon,firm
1272844,316,option,build
1038853,413,account,store
932136,672,firm,address
1490092,78,wind,west
1391939,759,side,small
825569,747,list,organization
1457133,162,sing,theory
723421,970,blue,third
1042093,366,war,detail
911034,609,clear,sport
1088467,480,behavior,draw
615143,581,bag,product
852762,89,grow,cup
497355,308,study,few
167524,93,PM,course
771234,160,identify,perhaps
1344483,691,particularly,six
882271,65,explain,decide
270621,333,hard,choice
164842,575,probably,consumer
165743,215,support,bed
361052,841,month,across
1187444,823,beyond,group
509423,792,tough,weight
431629,581,on,trial
528777,561,town,research
535037,348,either,open
1216182,487,remember,different
1145156,408,word,budget
977130,323,throw,president
105476,122,where,moment
708382,87,ahead,white
70285,291,it,top
1141266,883,information,campaign
1336112,27,quality,size
948451,987,couple,thought
189392,878,chance,reveal
827077,24,understand,least
1315545,831,thousand,reduce
1285569,107,allow,natural
952170,786,agree,entire
1299747,328,there,before
108149,602,hair,drive
458093,207,ask,smile
1283685,869,foot,born
1433321,391,doctor,tonight
123467,517,still,entire
441100,704,serve,child
829185,900,woman,increase
28819,102,together,film
1495517,846,son,successful
131584,622,person,second
341462,461,himself,house
893739,997,many,president
1101506,373,actually,behavior
1412843,888,think,he
1246835,835,technology,support
1360929,542,huge,book
1172799,340,name,theory
713550,555,pass,produce
410547,682,more,institution
967026,839,manage,control
844711,541,property,effect
55961,694,agency,financial
519783,747,community,around
486239,136,seat,shake
1219434,258,improve,happy
1508073,590,particularly,always
770201,10,probably,generation
1433170,455,child,prepare
1137707,352,on,environmental
1501676,153,trip,simple
1176043,864,recognize,teacher
49916,560,capital,down
1345871,289,see,oil
264214,349,face,condition
1055269,887,two,official
1380166,205,do,drive
1071716,130,note,little
197268,132,inside,growth
272019,195,material,foreign
1168079,79,month,big
441927,184,suffer,hotel
728990,679,sort,thousand
779844,159,buy,smile
670265,563,nation,anyone
697700,521,box,that
527124,73,people,material
838652,597,few,likely
1288918,132,final,country
757579,651,range,myself
491841,559,condition,strategy
719078,452,around,account
1205745,883,movement,similar
1537769,620,after,more
853566,842,wrong,doctor
239160,207,similar,bar
23530,526,base,security
1310310,301,small,face
763404,715,certainly,by
1000523,773,last,truth
1487965,171,modern,economic
145555,288,own,study
999373,879,spring,join
341428,383,lose,none
785392,327,approach,up
384516,208,international,finally
704804,508,national,join
638725,621,join,whatever
1190235,746,key,they
1060600,364,public,he
841823,66,condition,exist
527474,53,dream,describe
1208736,331,two,produce
718458,627,address,off
804149,60,tax,public
1345506,711,fear,house
1141010,362,product,student
307925,830,enter,figure
450944,332,media,choose
1355945,775,clearly,pretty
1104053,930,side,argue
138967,484,head,smile
1495089,901,born,including
624179,494,final,participant
768223,878,market,side
938073,169,professor,eight
1006676,530,gas,very
767926,811,trade,because
799101,988,take,month
705832,613,join,major
1329793,690,foot,black
1141962,187,create,protect
1142949,196,sense,five
942902,656,painting,arm
1185422,542,fine,plan
1406689,536,partner,main
557211,74,focus,section
1307310,713,later,quite
1110018,525,conference,need
1420239,447,research,in
1478950,835,hit,score
281991,595,expert,responsibility
718287,644,worry,hand
86811,940,born,future
1284373,839,wonder,believe
1024411,794,generation,collection
1380285,764,everything,evening
1510663,549,across,radio
1157939,124,few,three
587826,513,play,source
501836,305,resource,determine
806531,178,develop,drug
816431,560,home,mention
87855,281,television,reality
142981,381,main,lawyer
975282,738,too,agree
531363,565,ask,special
736760,73,no,office
126695,134,help,those
1431408,936,whose,open
1105540,84,skill,trouble
538345,461,sing,anything
1518331,934,mother,ten
103229,591,rich,by
1174544,416,author,attorney
702525,239,move,rest
509912,114,treat,candidate
1498857,760,product,eye
265496,303,three,letter
972214,131,summer,pull
1396134,24,blue,under
1183125,571,purpose,imagine
1302541,152,push,huge
473342,975,present,keep
1535929,768,really,ready
663064,576,eight,but
1200936,98,easy,rather
1036492,291,stop,watch
758337,769,apply,security
1095745,244,show,himself
1384549,740,expert,perform
1082294,633,what,difference
1068783,429,team,performance
1155720,810,guy,out
786476,687,this,measure
254709,97,hit,in
1129972,76,end,entire
543086,557,positive,front
688918,405,remember,style
355365,693,six,their
271082,782,in,pick
264243,333,bed,indicate
592939,888,include,back
296189,48,seat,find
1240232,239,anyone,left
587547,388,husband,catch
989608,551,half,expect
528732,346,tonight,accept
874253,126,ever,leave
1164652,166,stage,common
563266,548,study,recently
1123492,580,human,couple
690635,798,think,something
1536977,745,cold,drug
456141,731,Democrat,Mr
1494856,493,human,still
450475,705,particular,prevent
620523,632,pattern,there
215731,665,treat,purpose
1169967,319,same,remember
1505990,368,consider,key
264620,567,member,bring
739144,162,house,able
859134,573,manager,management
1161912,669,garden,seek
1416845,323,late,she
308326,991,be,should
1426658,766,crime,today
1457062,655,during,fly
937384,711,federal,daughter
918092,936,wife,president
397091,626,point,have
468580,583,there,read
392601,333,born,teach
212857,589,figure,collection
421304,463,check,everything
1095017,930,strong,against
1247238,203,professor,pull
119840,595,friend,too
403158,828,receive,low
1005533,671,per,choose
372460,334,point,law
779103,187,law,particular
790362,762,grow,leave
992849,362,adult,authority
342559,814,finally,animal
862377,47,parent,floor
440120,929,happy,assume
1169570,42,bit,into
1525362,516,box,present
1095424,573,energy,thank
399284,234,soon,baby
1474588,458,hotel,fight
1237612,695,beat,television
1044671,766,make,free
1341338,372,now,candidate
1205506,270,individual,gas
524389,875,top,you
187548,893,admit,ball
683944,846,range,style
604191,609,authority,reason
1456790,485,some,color
841551,174,able,myself
1317029,863,player,federal
806694,762,two,image
913017,474,herself,seem
1175407,394,entire,their
227365,176,film,front
1343267,204,just,no
657745,673,animal,east
187909,325,set,quite
299041,371,four,manage
1008257,2,tonight,third
1504714,692,difficult,thank
1507745,258,before,far
405982,489,share,prevent
1113887,680,head,garden
1262153,748,because,tend
1008354,345,marriage,responsibility
1494152,999,finish,real
1054705,42,with,race
1238754,57,everybody,week
1126052,634,north,wait
302902,832,method,ready
916153,343,world,already
195658,976,democratic,gas
474989,585,end,place
1108096,360,catch,four
1150901,990,find,assume
697605,874,behind,increase
315103,945,baby,involve
436656,293,artist,eight
566766,496,within,food
644594,409,lot,person
705045,807,red,whether
348530,290,hold,miss
224062,488,include,can
1127441,511,learn,American
648365,571,anything,care
1504697,961,leave,live
1540353,512,shake,help
485261,805,begin,base
375679,29,road,pretty
138568,185,continue,authority
677462,280,remain,training
217947,401,focus,manage
1210023,180,do,upon
337739,108,finish,can
1141238,366,five,ask
1521360,276,my,despite
1521057,894,set,health
216206,407,get,majority
50068,125,agent,wind
855072,953,number,water
253744,651,lawyer,majority
411162,334,production,bad
419721,926,rate,answer
1293346,159,voice,add
451110,201,everything,future
1113116,909,ability,teacher
1513008,881,other,option
18095,583,dark,land
307795,506,lead,international
976490,473,deal,on
819324,353,star,debate
1394773,860,day,wait
784782,909,letter,character
1339120,942,evening,writer
720929,123,bar,network
649048,929,skill,pick
799973,435,buy,maybe
430293,130,because,itself
1423323,582,then,lawyer
1283831,527,product,contain
1220620,526,argue,pick
620941,232,ask,final
1496856,80,serve,million
1263953,869,per,century
19409,450,pull,matter
950688,574,enjoy,instead
1335919,85,voice,book
414005,709,suffer,another
1125026,279,everyone,fight
1166010,492,no,board
834026,163,until,question
553426,610,though,positive
238083,762,moment,seem
109983,796,daughter,information
501497,470,once,hour
590301,21,road,table
153841,630,offer,practice
965716,742,produce,though
1335720,250,song,would
349055,373,forward,old
881572,720,everything,fact
301336,348,address,course
1538245,614,consider,season
208178,805,until,door
47699,55,number,hand
835722,999,especially,mean
176956,822,forget,sit
1115680,210,history,lose
808906,186,according,speech
801719,287,chance,best
302517,607,along,realize
486350,447,economic,mean
329583,786,measure,PM
1026427,231,close,get
1397375,330,billion,consider
654812,852,there,major
487670,130,nature,collection
352383,83,read,recognize
878062,861,well,act
940987,601,information,ok
1303378,395,power,nice
1331928,252,follow,clearly
85138,833,likely,morning
486663,933,human,need
56630,933,charge,speech
1266414,73,nation,center
1508677,989,forget,structure
78977,719,political,PM
966985,103,region,increase
94148,529,present,detail
1518871,491,add,article
11520,332,site,old
653456,295,now,exactly
998428,259,believe,likely
1044118,146,heavy,you
1304915,127,again,recently
1163022,652,everything,mean
1096651,48,list,style
84297,787,hot,feel
1490417,179,into,real
714649,641,develop,reason
1537857,651,end,check
967504,591,together,approach
647802,349,detail,reduce
32037,558,throughout,production
1014491,742,structure,include
680734,400,reveal,local
776953,791,company,step
865765,410,investment,fear
908567,114,leader,senior
1099945,161,professional,power
717772,932,read,little
520017,364,force,instead
484477,55,raise,black
996290,707,measure,work
1156683,229,mention,blood
479083,856,add,PM
832153,61,buy,language
472085,725,deep,total
293063,796,open,work
1204401,22,education,product
717153,590,with,require
1242445,114,include,source
1070486,269,wonder,marriage
567947,359,theory,matter
1284482,10,must,realize
394108,295,keep,test
828768,178,wife,weight
73676,54,last,between
104357,703,them,response
327328,766,no,single
829107,575,yourself,game
571797,994,cell,base
1191081,574,price,different
917357,297,behind,represent
639118,706,make,professional
47858,703,brother,suggest
967792,935,develop,usually
114703,646,stay,truth
160033,413,resource,medical
726706,534,fly,worry
37615,874,rest,green
530747,84,wind,fast
1167638,263,data,task
122421,620,sport,sit
106217,62,president,the
724,200,senior,learn
353465,95,mind,ago
467137,742,once,yes
1181132,553,with,here
365186,775,father,fight
60185,188,side,senior
1047285,313,picture,ground
701465,275,product,collection
698538,483,gas,cost
1215890,949,nearly,behavior
1453503,689,popular,cultural
1392806,203,central,find
93370,599,ahead,group
614605,644,lot,whom
339095,112,remember,gas
224322,448,visit,scientist
1225709,904,never,suffer
896032,871,project,himself
639831,852,seven,individual
415780,51,bit,product
165600,267,newspaper,behind
475378,596,eight,police
1376171,317,position,as
1186029,849,great,bag
1480399,179,inside,that
1033552,88,subject,remember
873015,847,beyond,successful
1223384,600,deal,year
1509492,533,see,never
891258,603,low,pay
978847,953,behind,eight
340927,130,family,section
1178632,582,establish,me
369742,495,painting,risk
416112,378,meet,me
713038,775,national,ability
1147072,871,goal,measure
1069973,288,born,across
1241659,176,suggest,region
172805,665,customer,large
1257490,768,other,future
1267892,818,Mrs,candidate
1186827,370,each,two
1343873,760,even,future
390841,824,democratic,list
1340929,850,just,my
1501966,607,center,some
322726,69,feeling,sign
1352734,701,factor,bad
134968,148,fund,anything
370040,854,traditional,tell
600387,723,culture,trade
318021,789,we,theory
208952,309,east,man
798287,119,research,exist
1394583,405,standard,simple
873133,50,hour,institution
1322497,5,first,never
309387,566,car,arrive
977777,825,leader,likely
1519618,97,attack,specific
299292,156,provide,heavy
351755,975,too,visit
1387665,316,approach,four
360714,817,think,new
373683,992,trouble,each
381715,126,yet,grow
914062,197,think,laugh
1420912,455,floor,whole
119493,718,collection,development
1153710,969,leave,wonder
1413409,114,she,system
1211026,479,network,capital
180597,39,open,where
866088,601,all,effort
1070828,990,discuss,way
1213134,675,performance,memory
543084,298,live,pretty
489380,107,cold,star
434578,164,detail,skin
814742,116,new,analysis
623751,137,quality,suggest
609078,236,these,animal
383322,959,strategy,cover
1510216,69,amount,mission
393957,35,success,action
232027,313,prevent,loss
660455,471,represent,movie
885659,434,agent,say
47788,81,open,short
627339,433,ball,safe
485319,849,court,raise
1131328,901,sell,section
1021243,548,provide,science
376301,742,important,weight
828416,476,section,although
616254,827,career,experience
234678,334,recognize,be
1194450,545,significant,practice
1147672,259,common,agency
1471180,192,head,one
159190,198,institution,about
121857,34,environment,across
1470328,591,pull,sign
1117345,518,although,pick
795699,837,board,car
923738,639,issue,unit
1443343,471,respond,kind
4006,18,bit,seat
171977,477,much,audience
1172427,857,we,particular
372611,286,item,compare
1179803,56,anyone,sing
871568,476,try,avoid
24649,26,alone,hospital
919777,778,gas,someone
1419693,576,do,yet
483173,235,there,bit
1317496,410,lay,garden
463691,861,most,research
825418,56,discussion,provide
276586,760,relate,find
104240,573,in,ago
1317661,846,entire,son
1102104,978,lot,star
512860,458,north,into
810200,162,color,heart
400047,17,between,hold
1461256,574,without,space
948084,420,low,American
556368,966,claim,book
445200,656,result,nothing
409750,876,card,hard
1246901,848,space,social
1512378,380,at,war
1412084,930,worry,also
1122696,554,course,receive
1455081,704,along,southern
1361387,803,author,area
15373,506,another,move
82173,512,on,economy
703204,230,heavy,rock
204380,667,including,such
220783,487,list,well
69098,85,environment,offer
702114,856,court,certain
850992,559,child,hotel
619684,589,fast,skill
674709,578,maintain,enter
760590,472,just,lose
670139,952,simply,drop
443311,465,institution,list
639632,961,court,foreign
381091,862,difficult,social
144921,542,might,you
682843,598,protect,even
435482,601,look,should
1129716,119,eat,center
934979,628,these,common
308060,123,interesting,many
1252378,558,argue,table
1377856,548,hard,clearly
47683,226,here,face
317145,55,avoid,thing
333059,287,want,across
1409620,55,respond,method
415486,969,most,exist
75159,708,them,point
1122136,71,less,visit
731447,272,win,south
697817,754,social,affect
807398,197,stand,day
651043,602,land,reason
1219039,65,wear,senior
1134581,837,this,chance
704847,789,remain,enter
1338039,230,within,available
105316,453,ahead,term
1269939,221,leg,push
283010,300,only,great
1482995,366,always,thought
432673,15,exactly,my
1099,156,boy,quickly
1431286,36,instead,what
514532,127,good,than
1191032,381,look,employee
1057237,317,yes,general
697023,280,democratic,official
8591,730,now,plan
1214027,197,put,side
587261,285,put,service
1491288,983,show,media
1021031,563,upon,sure
1476260,717,director,drop
286946,68,list,sport
1146303,325,anyone,everything
133355,953,score,all
1307017,371,month,rock
192608,560,technology,particularly
806248,292,late,light
258214,761,teacher,practice
61690,494,surface,performance
1162286,647,tend,growth
1213797,268,new,into
1414700,69,test,practice
522855,930,specific,despite
495527,809,certainly,hair
491684,832,member,argue
631652,225,station,gas
777215,392,why,blue
969709,38,standard,gun
1220473,461,worry,rather
69671,884,before,suddenly
1219334,291,little,throughout
72429,521,kid,throw
1371148,101,set,edge
1186350,1,four,base
1360899,202,affect,break
234163,273,follow,under
666145,6,amount,yeah
743024,777,focus,trade
210792,797,catch,could
447834,641,change,west
896562,708,everything,simple
349700,288,machine,let
639655,559,old,artist
868209,406,break,list
128221,263,energy,technology
254029,124,medical,today
1284662,902,couple,let
1190221,252,company,center
1416418,645,front,describe
1067683,836,security,allow
1150806,744,I,this
1080160,630,fast,military
470627,125,risk,make
1165799,880,under,chair
1218408,974,fall,their
1383655,265,into,word
1512048,890,simply,into
671878,892,major,trip
668264,836,west,difficult
1400420,176,time,hair
90199,286,single,point
196628,983,audience,before
950900,698,six,economy
234907,117,now,public
864401,556,one,hot
616076,150,scene,grow
272155,82,among,kid
116498,938,simply,near
169411,492,step,son
309697,384,fund,system
222051,792,look,still
1000275,71,garden,effort
1137489,410,alone,notice
1171373,715,enter,water
1075126,417,probably,up
1479044,195,matter,past
85227,97,wind,late
1295389,637,wear,government
1033804,190,leg,owner
825635,56,win,seek
295800,832,ago,suddenly
1150953,923,someone,tend
1154892,281,foreign,ball
1514862,210,player,no
697927,351,very,themselves
271175,639,up,edge
913153,727,loss,watch
1331606,913,some,attack
381518,574,together,small
1530936,495,style,relationship
886769,902,among,million
365479,891,Mrs,recognize
1331683,699,shoulder,write
897686,373,carry,close
1235054,848,vote,why
1504906,158,particularly,general
999765,639,sea,reveal
620057,627,prove,toward
194322,724,particular,close
659043,1000,cost,tell
541010,303,firm,itself
888097,954,notice,research
934615,903,traditional,girl
1049550,612,fine,property
893789,940,baby,often
1294956,388,situation,history
1406926,587,quality,buy
369993,33,stay,school
1453821,798,mother,hospital
1134357,668,rise,night
12474,364,family,happy
1534656,191,direction,actually
934277,234,how,television
1115727,119,none,kind
1073935,108,step,serve
686057,928,ten,on
1281806,799,sea,stock
1341754,972,half,win
861717,86,Democrat,hard
946960,882,us,operation
559852,877,unit,friend
77675,679,rise,later
248353,381,everyone,only
437204,804,customer,information
211217,674,eight,create
264600,468,lead,data
486071,69,Mrs,past
1085628,1,line,music
369186,629,general,contain
987074,115,itself,son
181809,209,commercial,fast
362321,101,report,build
805531,844,need,almost
1488350,146,establish,total
1057573,198,report,north
1516916,616,speak,simply
548763,491,scientist,development
1359356,422,still,forget
84727,75,democratic,executive
106598,639,himself,plan
1016622,301,point,detail
1329096,773,machine,standard
383212,362,few,only
926109,844,collection,read
384698,905,discover,see
97910,310,base,admit
1317075,978,notice,art
1397997,482,task,area
198960,591,present,at
1193950,234,cell,enter
3608,270,authority,value
97760,951,despite,movie
423866,852,generation,nearly
777251,475,woman,six
846129,159,me,federal
27788,315,should,remember
434235,659,beautiful,American
417394,322,past,a
1335023,353,while,official
531986,664,star,shoulder
504364,840,policy,opportunity
579515,537,after,authority
1287640,319,hair,avoid
1505861,453,clearly,number
870003,611,professional,arrive
1155384,224,down,structure
490406,659,parent,over
486711,241,himself,pass
1159129,818,owner,only
1444434,700,citizen,situation
1303570,563,him,allow
621734,968,at,unit
217556,518,situation,always
1254029,65,try,short
694843,177,thank,say
522101,71,girl,address
18918,231,happen,amount
663502,727,employee,take
1236729,953,term,bill
1182925,34,yard,so
13557,271,control,three
1389710,416,adult,administration
1210985,2,tree,sit
1495494,871,camera,stage
558436,462,medical,shake
569545,276,until,research
100666,729,generation,expert
1411371,327,mention,once
454662,395,call,only
678804,755,behavior,new
523142,839,media,soldier
23845,460,movement,how
561406,450,sell,clear
901545,98,television,customer
1097810,691,newspaper,way
1096726,659,standard,more
1172305,597,out,standard
355753,416,American,your
276262,166,actually,skill
730652,291,hope,daughter
863417,481,above,detail
686245,657,indicate,green
241949,775,significant,off
518094,825,reach,crime
1151314,82,true,little
856396,182,present,force
108948,726,opportunity,course
1301184,633,spring,building
1238514,674,throughout,between
365137,663,include,arm
752653,344,friend,field
813206,437,of,form
596557,648,second,concern
1019398,607,reason,official
961054,167,red,positive
1473209,700,teacher,grow
780558,4,authority,option
1512063,398,second,think
96837,865,cover,board
1444290,469,mean,billion
531926,759,together,throughout
1036977,18,current,floor
1284929,159,politics,significant
779831,900,strategy,they
5463,157,suggest,detail
1255738,120,painting,follow
378299,280,top,coach
582324,2,ground,who
19627,712,easy,skin
730474,968,everybody,turn
460362,226,what,even
1214778,727,reveal,southern
718215,287,first,mother
535751,490,wide,fight
1129933,870,some,voice
253866,508,decide,weight
956892,526,hear,course
1204240,701,interesting,nature
1047360,328,pick,five
929531,836,part,station
1017430,204,citizen,she
405011,345,wide,right
690968,307,guess,medical
53648,781,expect,trial
1081333,600,real,success
1253341,578,likely,source
1053171,172,different,painting
234942,127,star,hard
733641,210,long,night
467561,35,bar,recognize
682177,961,character,mean
1277534,988,out,water
1447243,407,impact,left
1520766,454,less,class
1052950,360,pay,investment
264589,687,least,number
450507,591,no,center
402703,774,those,care
1461057,797,my,phone
693746,938,there,senior
928082,333,rest,child
1290949,36,several,certain
1024256,613,together,role
1227540,733,crime,country
1040321,463,sometimes,machine
410722,860,floor,rich
1034172,291,find,either
1016634,77,record,community
461836,385,national,that
1336850,382,group,expert
618286,391,especially,how
515848,29,edge,blood
873868,247,side,argue
1100370,555,for,increase
73638,366,worker,region
1196625,111,church,summer
145175,421,worry,sort
865945,443,end,care
56822,215,reality,may
578051,92,no,easy
1062471,224,enjoy,sell
877891,383,message,somebody
1363903,213,far,scientist
477808,565,even,art
976571,49,board,specific
459549,953,training,if
1414734,868,church,baby
92662,368,center,high
277472,342,among,build
606810,824,skin,affect
1221793,105,end,various
33785,740,if,though
1378169,887,long,or
580281,313,health,box
1011985,230,ahead,say
1110138,487,focus,case
51331,998,leg,cell
271531,369,animal,remember
95990,403,try,him
1476347,229,sport,total
1423744,953,seven,stuff
11338,582,their,involve
964806,170,relationship,establish
456922,915,a,cultural
916736,219,role,network
321152,295,card,share
1332924,117,before,woman
1533581,313,pull,remember
251673,498,push,community
1146044,334,ready,audience
1453873,973,total,small
275672,9,job,rock
417961,600,social,attorney
1352699,586,sea,right
1124546,221,event,to
341545,362,always,anything
1086838,836,lead,truth
894944,856,wife,reality
1213875,944,store,year
263916,172,score,various
391055,148,difference,scientist
1442129,417,mission,each
1143034,185,real,chair
563775,854,management,before
1475750,861,within,space
1265863,290,yet,dream
1492476,902,become,buy
1450698,421,past,a
1101958,607,they,sometimes
92439,524,side,serious
370246,15,medical,better
885403,990,third,evidence
1393143,194,age,five
822255,584,soldier,daughter
392366,84,student,approach
1403246,627,dark,act
1381928,321,fund,personal
1248618,480,college,treatment
323252,140,expert,enjoy
892946,367,history,drop
272414,929,answer,seek
408882,624,source,pass
1467221,603,business,when
1116875,791,nor,because
676447,61,she,step
122312,234,ability,hospital
86917,74,every,society
975207,589,thank,among
50645,593,dinner,hand
745432,667,measure,television
650473,135,would,gas
620787,647,whatever,artist
1177065,517,hit,staff
1281046,198,both,second
604398,522,million,whatever
216633,161,rate,throw
144556,894,any,small
1141555,535,together,control
504047,583,already,dream
506479,643,company,particular
1201483,124,kind,soon
191856,297,defense,project
880153,307,particular,while
773298,247,if,long
584397,455,exist,security
717514,87,coach,term
514128,854,as,set
675019,531,write,little
1295809,586,could,management
34517,462,others,drop
615795,721,pick,dog
233130,142,year,teacher
697372,488,thus,hour
1209947,969,inside,next
1428684,751,rock,site
1459578,707,ball,summer
124087,519,order,always
643352,593,cost,situation
385461,465,note,TV
643959,872,experience,gun
977579,620,what,section
16247,959,their,stock
105199,857,industry,reveal
217653,877,then,whole
110949,606,spring,leave
508025,425,early,skill
557391,718,school,place
605524,984,business,find
738042,9,answer,seem
526986,183,pressure,loss
1497632,268,open,stuff
227433,364,cause,base
441154,231,benefit,seek
1170621,569,discuss,him
810463,949,run,pattern
1399265,245,stage,forget
232025,486,from,amount
1383400,969,future,rule
76321,219,skill,operation
971880,930,should,gas
837293,497,range,beat
1458197,640,gun,positive
101852,314,power,walk
687057,195,finally,deal
396375,861,thousand,boy
1506069,856,opportunity,south
765804,11,your,student
185795,861,art,ability
574715,291,discussion,animal
487895,988,how,inside
661444,154,forget,official
1497408,619,kind,daughter
440765,112,while,different
929079,284,adult,Mr
671277,922,fact,now
1343068,137,enjoy,blood
1415272,294,second,space
446692,452,reflect,mother
292818,475,into,box
945014,85,kid,energy
498614,641,author,moment
836901,678,name,money
516765,827,yourself,although
592713,366,let,general
857523,686,outside,heart
1337250,184,price,watch
426230,854,somebody,collection
381709,723,hot,activity
1272418,278,bit,develop
532616,680,along,prevent
937783,439,force,between
355722,754,institution,either
1486797,392,win,design
1255738,732,good,rock
1195580,913,fly,short
501825,419,development,wish
724583,262,others,must
757398,578,age,seven
1434613,673,daughter,heavy
274604,538,however,this
97267,881,face,claim
1296376,207,store,site
910946,691,poor,look
883068,597,carry,vote
771366,520,great,fear
1197546,234,small,himself
970814,441,put,property
1166865,301,education,task
1115644,568,talk,where
187351,104,peace,pressure
341229,273,ball,network
1245962,406,language,girl
942687,999,peace,executive
62939,409,majority,fall
926606,243,beyond,really
1102379,381,so,situation
175521,154,parent,likely
855343,147,commercial,a
729267,724,just,out
1277004,696,he,check
706253,514,quickly,above
128940,381,I,child
1103539,493,along,wall
1110739,575,real,forget
1392607,846,debate,without
355304,839,entire,agent
1410691,394,particularly,keep
1251726,596,song,bag
1357852,338,rule,finish
689770,320,commercial,particular
1174071,625,affect,leg
51985,282,win,middle
1319176,744,eye,provide
1302619,374,after,work
1155648,714,bring,return
1130255,22,memory,line
1024153,684,along,during
249157,12,the,much
1369897,358,anyone,budget
721904,44,fine,free
77385,420,what,write
1344425,418,agree,culture
653940,606,bar,identify
206398,325,figure,knowledge
1444045,45,talk,nice
1017264,523,candidate,character
982898,630,how,pressure
363316,715,go,voice
983817,384,political,by
1126693,98,foreign,two
92010,601,can,home
1403473,982,wear,yes
1453558,203,attorney,serious
23593,767,total,smile
1065545,984,age,worker
914189,341,moment,say
800154,854,town,born
383532,580,try,police
860186,600,himself,perhaps
343830,132,the,food
1206466,852,evening,friend
185294,702,training,improve
1229928,682,help,build
720967,317,treatment,exist
496505,183,free,three
1097460,20,positive,small
917821,614,these,current
1444683,492,give,class
1279904,96,political,international
688953,12,over,eye
281744,96,stock,white
896142,291,mouth,close
288407,408,focus,get
933022,962,television,also
1270995,33,get,teach
64691,928,enough,instead
1177797,35,break,treat
870843,111,red,magazine
1204484,117,painting,city
1239543,267,wide,stage
117802,855,until,walk
302621,702,for,example
469050,202,church,she
575140,662,value,American
229189,187,actually,kitchen
752989,362,avoid,social
143693,674,culture,painting
1387873,231,upon,method
1464953,417,visit,according
2957,1,girl,writer
23372,447,price,traditional
1491893,294,knowledge,former
1417280,29,fly,population
985618,448,vote,shoulder
885427,738,right,campaign
689167,351,sort,politics
1339788,436,situation,pay
1289607,972,affect,fact
890352,896,sound,office
1003809,89,son,give
291151,795,experience,product
1165050,827,various,Congress
1328782,77,message,hard
150078,717,brother,light
732473,448,unit,expect
596187,515,degree,training
1106453,567,common,certainly
759666,245,middle,general
593870,463,modern,sense
167760,300,drop,more
1204391,727,usually,experience
565022,713,process,those
192670,53,responsibility,full
1002342,828,hour,campaign
1057824,268,true,stop
157661,252,everything,ok
1487537,87,full,must
341292,429,interview,operation
580365,129,space,fire
66595,239,whom,term
1479514,416,show,just
1050615,98,something,against
863372,389,nature,oil
693619,999,sort,we
1210661,519,between,man
137699,122,today,bill
591183,628,same,center
1305212,28,begin,Mrs
1239771,977,speak,job
1358578,243,forward,could
1101995,586,either,word
1353082,12,car,same
1143898,365,third,cup
1027283,909,nothing,event
274297,79,success,short
1412170,241,move,reflect
894327,142,evening,last
546826,616,force,police
518588,792,national,risk
1268829,993,young,laugh
1126909,774,style,newspaper
1254972,994,room,laugh
1314539,810,amount,true
932212,649,quickly,ground
729779,909,center,base
1313644,178,today,common
789394,43,story,allow
1075452,721,great,water
904901,42,charge,plan
1115120,128,structure,agreement
749941,687,rather,score
936539,165,growth,eye
1100881,392,discuss,evening
1127105,126,American,civil
704663,913,present,tax
54806,975,what,mother
181138,763,especially,region
107783,952,force,concern
1473346,929,medical,less
1420925,25,election,mission
1255286,241,away,reason
576219,778,officer,write
447707,53,item,analysis
227899,963,cell,son
723583,186,owner,responsibility
761595,117,well,play
115062,230,party,north
1027042,906,defense,until
790807,258,carry,record
272618,287,smile,memory
1440254,493,space,world
649894,41,conference,free
119502,375,piece,plan
751851,125,run,realize
32940,747,senior,option
583261,970,thousand,six
408914,204,do,reality
1117087,56,many,born
265197,654,specific,nice
787747,564,system,entire
874748,544,study,PM
1365027,143,season,rise
486881,433,structure,or
278896,766,rest,boy
1052078,769,over,system
613160,172,sport,value
787763,662,drug,deal
1334604,937,simply,performance
761451,137,time,owner
449377,770,over,become
721988,216,place,garden
978342,305,just,address
1530809,498,seem,mission
901059,730,might,standard
590952,490,result,see
145337,831,start,white
361840,661,every,form
634419,513,improve,mouth
913907,428,face,book
242107,627,know,behavior
716830,523,summer,TV
149310,83,agency,many
1314840,147,then,two
1345433,584,toward,cultural
192478,913,medical,develop
305457,775,improve,wonder
530126,611,difference,week
120266,826,indeed,recent
545793,848,strategy,wall
1360417,736,all,watch
1199752,109,similar,many
878989,63,around,yet
850237,597,ok,leader
1528005,162,month,total
1153353,799,note,citizen
790556,677,charge,win
99016,652,former,gas
728483,376,fund,source
719763,284,four,tend
927229,943,force,they
98812,542,prepare,less
269526,616,across,loss
518076,783,chance,economic
206351,370,magazine,impact
437835,995,catch,themselves
343846,6,hear,expert
1046023,762,quickly,religious
260901,861,or,drive
641238,39,artist,what
1415020,79,believe,hear
947272,673,memory,training
850372,409,become,red
448969,929,picture,wonder
719346,1000,poor,not
1474401,638,source,adult
1168803,601,sign,management
328005,947,fund,condition
680561,344,nothing,war
508227,822,picture,whether
1200250,937,future,number
1098399,800,guy,peace
96349,805,music,nor
688533,631,white,class
1160317,692,save,activity
1322753,170,thus,range
1511260,939,simple,various
1404509,822,however,pass
28813,797,spring,radio
258972,912,family,address
545501,458,crime,Republican
1348068,373,business,option
1434910,418,two,perform
1431735,321,nation,grow
268451,934,she,down
1009170,732,notice,plan
525854,176,night,here
714644,514,audience,the
1344015,477,each,coach
382891,748,environment,plan
1305332,362,pattern,authority
975991,176,able,put
1348241,411,after,computer
450757,631,value,probably
1063297,122,human,outside
1268342,117,job,write
1032366,801,green,event
1294980,53,outside,rich
965583,887,organization,difference
655815,595,surface,reveal
159361,301,somebody,president
400377,262,day,serious
596926,964,nice,threat
966440,174,know,administration
208186,252,see,consider
944821,766,age,top
708714,901,able,who
1056564,35,suffer,write
300169,614,beat,page
697724,940,century,whose
25,919,serious,teacher
1260679,552,kitchen,we
567816,668,hope,none
31687,994,national,know
1529188,757,reflect,unit
683181,228,matter,remember
1278269,617,season,face
941013,320,partner,notice
464139,40,score,join
480605,81,bed,thousand
1392259,888,forget,first
95513,891,yourself,attorney
267534,604,area,play
83670,272,within,ever
1135310,846,physical,hundred
1052350,576,boy,can
1062112,893,myself,good
1516368,765,since,family
1238836,294,fill,hard
995485,968,old,nation
739802,56,clearly,budget
506844,561,health,big
106409,850,provide,school
77736,65,likely,everybody
668318,478,single,ever
994082,216,PM,likely
1029726,564,magazine,edge
952338,784,the,out
1452160,329,east,money
970899,339,respond,cup
294003,828,beat,pull
1160550,165,allow,center
103436,438,voice,scene
541985,755,fly,pretty
511115,114,action,around
1515447,547,certainly,huge
519639,826,large,growth
312118,999,mission,public
448577,979,modern,them
1513810,843,amount,then
700906,190,truth,win
825102,170,probably,painting
295386,454,they,you
952503,686,thing,cut
904706,941,simply,they
1334032,242,control,order
885055,926,everyone,offer
1138188,646,try,market
412662,216,attack,thought
1116903,541,change,join
789415,930,drop,sense
194643,417,item,according
1234928,192,girl,media
73039,187,use,audience
551799,597,now,art
1410216,471,help,note
297328,459,stuff,relationship
228134,70,crime,large
448354,458,manage,necessary
1328559,750,on,board
812337,330,stage,none
514482,550,be,energy
488326,532,senior,field
1029638,246,increase,dog
490209,847,culture,natural
1478992,582,outside,place
336962,699,personal,since
981951,985,debate,yet
1319126,25,imagine,impact
1098956,639,eat,born
1312324,259,easy,work
1265431,278,discover,most
1348945,64,small,interest
1241876,654,maybe,fall
1289645,559,election,draw
461294,957,son,city
368886,14,control,whatever
130229,884,probably,hour
1415191,822,Mr,president
966685,557,fear,community
782805,853,a,hit
624510,298,way,understand
812655,259,kitchen,clear
994147,936,spend,capital
906021,555,use,focus
490930,959,before,east
961743,916,food,join
265064,578,effort,couple
674683,266,decision,himself
678530,757,record,policy
282762,709,thousand,six
977516,233,charge,up
937029,598,six,friend
1196647,412,sport,need
409233,268,discuss,region
1439154,766,whether,war
998659,158,make,perform
1245265,701,almost,particularly
941202,826,especially,lead
1121159,896,serve,mission
578397,123,act,approach
878303,553,individual,situation
485060,755,cost,rich
192258,690,nearly,make
207744,967,everyone,practice
594728,575,organization,win
625734,401,again,loss
696173,472,into,common
343090,82,picture,imagine
1451707,353,question,second
1522289,648,southern,teach
126587,984,set,read
1409543,749,resource,century
412928,103,likely,herself
447327,254,between,hear
775625,573,factor,happen
660148,583,technology,blood
556246,572,born,education
492399,772,PM,thank
1184568,71,special,position
678655,283,tree,discussion
405025,528,try,car
1016082,304,rich,American
70291,430,although,maybe
136695,348,region,keep
1241539,607,agency,fund
854630,767,debate,society
1285528,599,apply,bit
703196,753,why,value
432034,769,space,shoulder
301666,393,money,move
1371464,735,pass,guess
1528315,190,indicate,never
870336,400,Congress,performance
1116911,331,activity,skin
73954,141,page,firm
1095026,997,find,reality
1068267,681,picture,relate
1207746,492,everything,share
1539781,231,opportunity,perhaps
1171216,223,feeling,wear
1263954,477,bit,high
322244,700,total,medical
867725,367,catch,read
373964,612,get,expect
61330,250,some,year
511581,243,off,team
481256,473,again,kitchen
883247,541,animal,as
153347,359,color,moment
863636,854,anything,same
760431,796,trial,state
1538225,308,particular,whom
313130,633,ten,say
206822,110,machine,own
557449,976,blue,find
1174980,321,teacher,something
179911,742,none,deal
160797,304,nearly,determine
76924,675,also,person
583963,55,quickly,character
939501,758,role,spend
408366,960,company,simply
1129540,288,spring,free
187641,5,bring,daughter
1161815,817,this,voice
1349035,561,allow,forget
1284843,515,will,pattern
1410904,368,learn,stop
645615,467,worker,economy
615434,652,system,concern
1489739,777,to,responsibility
753320,450,which,reason
742505,82,argue,contain
845708,747,PM,return
798171,640,plant,evidence
599072,697,town,over
585387,951,article,name
1046559,973,a,recent
1255962,760,what,various
267691,761,ask,you
983347,801,stock,direction
1475555,713,push,long
1087700,971,measure,stay
229963,712,choice,field
280623,458,success,not
1214163,819,film,indicate
255377,985,something,happy
382317,35,only,region
1473346,751,art,question
602349,61,new,accept
1098650,726,describe,already
1473517,496,know,now
503412,216,hold,campaign
1282577,786,class,use
706863,939,marriage,sign
1230752,591,least,administration
886216,314,almost,still
912899,353,method,watch
1330666,405,big,consumer
574519,882,almost,indicate
881086,683,wear,since
1014307,375,material,positive
1180360,428,next,business
1143207,314,officer,dog
870089,167,send,story
411237,984,decade,forward
99524,647,matter,everybody
1471276,583,former,lose
580887,153,type,all
752003,857,region,oil
1484134,394,effort,power
1484314,625,morning,Congress
824283,983,then,bill
677823,652,professor,total
449557,381,ready,through
267525,672,simply,themselves
694959,205,early,this
1531523,27,probably,set
363221,871,thus,professor
893381,126,away,find
653019,315,no,our
1252872,364,PM,who
3693,330,research,member
27976,4,age,black
1287662,362,ability,hot
658590,757,beautiful,up
123801,145,girl,determine
202585,410,sometimes,few
1520980,680,professional,physical
1194258,646,establish,sort
731552,546,body,commercial
657947,148,generation,moment
343258,823,great,let
492668,412,significant,he
175595,640,reach,worker
113814,815,commercial,class
784714,22,within,environment
421132,643,begin,relationship
1105040,728,citizen,such
398188,321,today,section
83795,888,discuss,mean
1215546,628,indeed,nature
754925,318,outside,behavior
137249,467,purpose,open
719991,705,first,on
884831,432,ever,win
1417978,160,successful,policy
849947,700,manager,wish
314019,615,charge,these
149299,102,your,space
625506,658,social,environmental
541278,978,on,call
1154041,982,reflect,establish
1490488,193,design,world
1103181,553,need,material
173798,80,I,dog
1355567,79,interest,board
1297664,700,both,nearly
340724,926,blood,specific
1393685,957,stage,benefit
71747,881,ago,thank
1017099,291,easy,toward
183187,661,argue,admit
494893,96,idea,attorney
1057356,65,first,hope
487903,19,their,art
231286,299,possible,affect
1373868,270,enjoy,small
477003,890,tend,kid
1246017,369,door,head
88874,795,always,employee
951954,460,reason,perform
765492,183,door,include
496961,745,world,else
1528009,465,charge,minute
334836,411,like,point
1030961,292,herself,provide
279756,809,reveal,shake
259752,871,evidence,this
785651,919,site,from
707541,454,fight,local
614658,994,add,agency
721375,577,against,property
1145966,950,sort,reveal
1351897,4,but,citizen
856977,717,myself,although
1077534,353,cost,nature
173252,634,arrive,though
1415345,425,raise,smile
1507382,266,wear,artist
1002069,10,staff,seem
1137900,611,section,get
1099056,552,per,worry
1338516,775,police,glass
437870,764,project,nor
140556,351,man,free
1411443,638,charge,yourself
754505,39,analysis,start
187659,695,practice,door
1374478,990,get,in
417759,113,better,beat
897389,489,clearly,make
1527335,825,style,chair
1398285,297,measure,course
920193,941,hair,tell
269115,153,thank,hot
773517,942,few,should
966353,796,must,PM
867741,273,door,behavior
673137,41,various,camera
818265,739,dark,age
1106008,593,bit,animal
1304290,988,improve,travel
529981,926,suffer,together
69985,292,tree,whose
1215361,869,television,teach
141815,199,care,meeting
51588,19,project,simply
809233,426,space,garden
200753,704,arrive,nation
933666,42,main,either
2109,460,sit,five
346604,501,could,alone
1398247,513,evidence,peace
710667,343,war,space
350726,864,mother,painting
969110,941,court,wind
159495,55,word,if
1232467,549,station,there
1092696,817,party,region
928425,368,game,short
510565,711,family,task
1071391,883,hundred,during
869536,683,success,focus
1276399,524,into,these
1477382,457,unit,assume
1368357,146,agree,right
999571,439,article,line
905759,165,smile,parent
54176,126,vote,edge
893227,151,pass,west
1464548,999,skin,over
1344324,772,nor,interview
146789,485,play,available
283179,92,it,admit
889235,892,per,happen
217074,309,dinner,American
358154,977,never,want
1306587,542,reason,read
575609,208,research,building
1175174,146,scientist,image
17008,459,meeting,lose
225915,406,notice,start
1287252,412,politics,from
571154,759,send,son
1434891,84,decision,land
910799,410,special,since
227829,560,set,about
1328599,130,hold,call
169104,399,player,range
784639,163,beat,for
1281679,207,size,common
1063759,809,same,finish
1450879,318,allow,entire
1310727,145,save,agreement
398250,54,owner,sell
1129939,850,raise,others
1326281,62,visit,radio
395604,528,safe,short
1308430,589,new,rich
624803,498,outside,project
687381,80,million,side
433841,21,artist,contain
275727,466,bag,front
710846,943,technology,another
350714,289,camera,letter
312352,689,what,before
1341209,978,board,business
1176344,774,strong,picture
489887,410,medical,draw
730654,346,west,main
1077295,877,meet,also
1344068,536,present,town
1429105,579,culture,generation
735015,532,certainly,candidate
184784,257,must,arm
45112,659,example,enjoy
593882,428,tree,chance
976004,786,instead,describe
748439,576,growth,ready
867639,432,fear,school
1052996,603,drug,mother
1127328,302,discussion,about
272446,161,itself,knowledge
763202,170,success,religious
388011,183,best,place
602350,61,whom,service
762818,964,because,tend
53295,98,skill,medical
1144293,41,great,society
442262,81,wait,really
125792,687,than,course
1035970,348,news,same
775469,293,mention,wall
613769,257,one,card
947850,465,bring,director
63219,163,though,occur
1369320,15,above,certainly
921400,276,decade,work
369907,68,admit,story
1489407,657,candidate,body
306027,817,toward,gas
466401,594,gas,space
297586,42,region,view
360741,136,down,moment
269576,1000,bag,because
1411843,953,either,someone
1531568,2,price,growth
829399,206,myself,TV
672638,373,its,section
631556,486,doctor,close
101272,843,defense,nation
148657,171,road,will
1109009,56,provide,serious
448177,71,window,individual
513626,478,alone,smile
48232,922,real,less
357545,955,film,serious
1088621,393,in,and
997585,405,program,that
259532,477,bar,whether
276135,348,represent,event
1093010,264,mouth,strong
462974,631,finish,financial
713550,700,fear,citizen
1171846,673,ask,hold
1244911,970,bag,mission
938944,707,but,degree
1405889,757,effort,huge
1226944,672,now,act
292354,635,can,green
338173,391,author,drop
87192,308,generation,artist
620991,861,money,buy
425505,533,clearly,apply
584567,540,forward,relationship
1344509,963,close,fear
928539,288,other,need
1244849,855,miss,source
1494611,596,simply,stay
1016160,523,throw,suddenly
1171488,35,simply,beyond
1347468,363,big,relationship
1339103,374,house,put
74862,360,cold,physical
1001114,576,wear,agent
66857,195,war,church
518496,468,small,read
1027400,240,up,try
145222,636,or,need
839739,729,agree,reach
659144,354,control,something
153110,168,some,but
1475431,630,experience,responsibility
1321832,415,although,bill
946007,620,again,change
1308946,61,method,fire
1456410,235,act,carry
985233,989,even,rich
1193344,263,arrive,mind
1188008,880,center,heavy
1540165,535,change,light
1397667,287,employee,idea
1365462,122,section,one
328044,226,natural,agree
290900,100,require,popular
642393,764,not,hot
367843,242,recent,recently
574330,471,town,direction
1282668,359,minute,describe
829352,239,have,process
1067017,757,guy,participant
1490145,968,meeting,between
731675,40,much,nation
467455,576,family,he
969053,207,yard,record
932764,683,TV,toward
1208792,894,land,house
1253134,924,third,able
509454,675,focus,likely
416893,487,base,when
1340600,934,enough,way
251118,398,six,six
138962,841,fire,loss
913423,615,enough,general
1397833,141,firm,citizen
54216,808,alone,social
984534,215,middle,few
547496,521,agreement,pressure
93817,622,such,civil
950673,393,when,it
310164,959,standard,sport
495766,296,today,project
68890,662,bar,down
110939,331,operation,plan
47546,480,red,here
1353325,400,cell,score
106975,158,identify,go
34030,396,knowledge,learn
455589,279,everything,financial
293278,991,before,quickly
729536,572,thousand,fly
801752,942,look,matter
61726,738,well,kind
960092,797,ok,local
51413,520,type,research
413986,999,him,maybe
877539,585,myself,trip
851879,962,music,term
36331,780,plan,state
1162381,622,one,practice
1321865,520,laugh,tax
1245961,395,act,probably
453709,481,trip,edge
952338,334,artist,together
992798,546,research,improve
436792,492,change,customer
769749,668,lose,relationship
103294,488,onto,energy
938205,331,nor,something
644914,388,plant,social
1535744,70,like,response
510998,853,discussion,success
1125643,861,know,culture
1265300,481,remain,election
586809,423,require,case
1080642,422,traditional,red
587986,89,point,play
846064,922,official,manage
268861,363,station,candidate
1055029,435,even,field
718308,623,for,course
335653,919,song,through
1496720,746,perhaps,child
2932,483,goal,experience
117652,650,force,best
643315,573,allow,whole
272881,599,local,officer
1512642,165,record,job
1091967,489,image,bar
1455358,496,certainly,amount
1337991,834,economy,nearly
137828,53,economy,world
1061731,7,political,garden
283282,37,any,power
25490,613,worker,own
1408508,619,capital,cause
234728,918,center,tough
1368642,137,send,into
1309068,256,know,short
1215947,378,little,them
806150,207,perform,later
450909,675,throughout,develop
780536,961,debate,entire
727800,633,take,development
767880,34,enter,measure
1154960,474,book,feel
1338418,446,author,office
1495583,451,open,keep
931614,238,picture,box
885242,580,part,network
1163442,319,learn,attention
72813,112,into,available
783350,467,away,big
1051697,997,information,onto
453658,63,agent,cultural
1273653,337,woman,least
1534959,261,even,outside
1161496,707,appear,accept
160096,875,yes,PM
673343,476,old,seat
607191,876,several,area
34466,102,he,action
862262,301,memory,leg
1032241,566,enjoy,what
122911,884,a,great
1045595,89,TV,church
1016451,41,better,official
691072,35,edge,senior
1170770,842,more,information
597499,223,agent,seat
405851,397,specific,subject
96396,246,she,local
1494597,820,she,range
727100,602,resource,message
821153,394,behavior,rather
701085,977,certainly,response
576260,586,score,century
729657,371,mean,see
326473,891,pull,action
431502,44,thus,cause
311684,538,moment,break
855509,637,run,style
960171,738,brother,standard
745326,308,mean,economic
1397809,384,administration,stop
205744,390,also,customer
581361,778,just,glass
310969,306,buy,rise
830215,109,baby,reality
768689,345,region,head
77763,873,fast,range
735651,555,herself,keep
740426,920,job,each
685960,331,fill,level
424093,262,tell,certainly
52664,79,whole,more
1403571,530,memory,simply
64630,19,know,staff
274044,28,plant,record
745579,469,light,fire
242482,888,miss,sign
707744,646,when,magazine
728278,32,water,year
26741,937,care,opportunity
1360745,93,too,check
674970,875,effort,answer
770940,718,seem,community
967380,33,discuss,wonder
11645,750,ago,present
76117,999,involve,area
1255968,444,such,direction
8281,59,throughout,response
1481652,483,represent,difference
464792,321,share,conference
784498,368,task,reason
1159830,860,upon,window
576420,488,him,over
1395637,737,instead,few
1520945,778,process,nearly
574315,251,voice,out
715113,590,certainly,wonder
845504,850,woman,tonight
978723,478,store,minute
1529632,687,baby,field
1162616,36,administration,state
1287346,811,key,much
770320,402,character,machine
155002,279,bring,world
872743,479,defense,card
291382,68,special,production
893994,962,democratic,place
879518,573,decide,budget
700596,492,order,black
1337671,914,more,nor
1508147,963,job,main
763990,115,cell,she
544182,427,choose,sing
1267611,697,need,or
1436130,334,require,why
1111643,609,task,international
1385376,886,significant,either
1015312,340,relationship,media
1338280,368,debate,black
1252085,23,raise,seven
1416018,878,head,these
114377,17,everyone,later
1391043,440,people,give
865483,293,civil,effect
785529,949,small,image
350894,257,discussion,quite
190343,973,once,cut
737539,898,degree,board
63430,376,consider,way
813634,673,official,song
523669,765,bit,amount
529564,898,line,professor
1313076,512,ground,probably
240677,593,happen,material
310353,79,amount,under
1439547,741,whole,open
1512959,247,author,pass
1381332,987,center,father
508114,349,right,chair
825974,748,artist,between
1255006,709,travel,Democrat
680656,784,tough,civil
521353,448,finish,cup
720452,521,service,trial
268190,628,ahead,president
1110202,375,baby,range
831844,275,candidate,lawyer
1539921,605,local,also
724703,59,around,single
817481,722,third,lawyer
615414,549,us,maintain
621637,387,sort,nature
758376,392,exactly,policy
936024,729,walk,lot
823096,644,statement,serious
220743,453,here,sort
25512,237,eye,hold
564972,246,positive,main
694246,989,even,have
935885,377,do,anything
216771,477,build,feel
846421,71,buy,whole
85400,197,man,necessary
1195172,230,newspaper,deal
711481,403,sign,water
854864,658,itself,hundred
3203,191,party,example
628624,86,show,subject
363444,908,phone,federal
841201,65,skin,issue
83533,855,deep,billion
11819,352,through,current
630073,861,brother,send
847633,840,during,lawyer
1384889,499,rich,alone
1439397,12,various,quickly
183324,515,think,enter
970649,190,station,effort
962844,299,issue,friend
9727,53,government,four
1065368,723,day,girl
870030,745,skill,system
1352932,919,politics,floor
1076266,31,wait,black
690547,542,also,together
383386,111,ask,kid
944483,237,rich,ago
628089,744,animal,right
1718,349,crime,writer
1152266,379,evidence,mother
553707,46,consumer,successful
1282640,734,cause,thought
1384937,521,dinner,under
309501,589,scene,best
1435839,974,at,new
479414,26,push,reason
1269780,104,can,talk
1252815,907,long,loss
500915,441,music,near
1526147,215,operation,bring
140516,94,imagine,yourself
1098113,156,reflect,off
1428166,764,low,account
1236330,94,hit,few
527538,658,trade,fish
412065,108,support,director
293895,658,western,raise
543301,281,ask,my
846995,359,treat,thank
444392,972,notice,miss
1023887,33,rest,southern
1176775,870,low,send
1196822,150,with,choose
919215,945,down,hour
780508,770,popular,fast
747410,715,serve,investment
1273735,997,after,deep
926413,3,piece,seem
1102115,941,class,plant
1353044,87,yet,choice
412978,909,structure,arm
336882,800,another,speak
932836,474,class,pretty
536167,891,population,before
662027,444,source,myself
1098124,126,present,record
425060,936,fill,black
1134115,331,would,debate
589770,956,physical,policy
706193,894,case,great
164530,708,cover,term
196962,353,sign,cost
620677,660,same,actually
968875,303,project,leader
106363,912,food,off
366154,219,report,live
1133468,357,arm,building
17835,363,sing,industry
905188,784,everything,behind
623365,633,name,material
1233490,973,collection,reach
1462173,394,project,participant
1155455,913,subject,play
1441991,815,national,through
580918,280,member,authority
171633,86,land,light
868618,120,discuss,if
442921,846,offer,everyone
218177,533,share,coach
499279,520,success,fill
636736,456,participant,once
796866,618,Mrs,sign
976749,345,police,however
1208387,183,many,style
655621,566,room,government
1066716,982,material,beat
25780,163,fund,building
751767,306,raise,must
706054,618,cell,analysis
1147235,783,call,not
1243450,396,card,since
1257708,375,yes,area
753221,212,job,three
1020580,835,into,appear
330084,447,sort,ahead
950271,519,so,kid
1064143,250,determine,guess
649485,153,perform,agreement
1491808,411,coach,author
994864,121,tough,strong
1344680,693,hair,common
1259621,560,major,draw
57481,465,write,national
1368016,276,born,executive
500145,773,prevent,themselves
633456,550,nothing,impact
396888,406,writer,oil
120099,184,accept,specific
948036,904,majority,between
1014988,773,yet,ok
1184347,190,phone,help
1357973,937,beautiful,close
1286657,67,bring,quite
792861,662,car,away
612899,577,somebody,section
1272391,859,from,scene
1023867,529,professional,summer
674426,934,where,start
288229,625,rich,customer
301250,693,role,ball
1001451,649,I,record
204343,142,compare,indicate
529864,357,boy,officer
534061,232,meet,store
1055638,685,free,six
1494135,757,help,player
1156356,546,go,type
1183695,786,see,break
762346,656,seat,option
59940,563,edge,available
192781,196,gas,scientist
860854,927,family,although
646922,540,forget,remain
446367,183,medical,me
1071125,10,poor,state
520146,523,site,last
1026849,92,method,stop
602781,962,establish,cost
1031084,222,radio,audience
907731,462,new,father
830423,783,he,along
448992,519,special,card
354253,791,quality,figure
1406292,890,four,thank
808418,787,whether,within
783958,642,hit,include
343898,358,their,loss
868956,430,range,first
1225859,902,front,art
426932,264,these,building
78065,576,institution,consumer
1109096,981,when,when
1007165,830,thing,choose
704982,999,smile,enough
613650,885,production,day
1293487,55,over,agree
942923,250,will,support
1516883,88,offer,candidate
224176,172,yet,look
215773,182,Mrs,involve
352625,841,station,issue
1101943,343,compare,much
1500584,771,continue,weight
373051,774,tax,view
558661,695,field,year
832569,321,even,effort
182275,393,according,at
939438,260,method,issue
883438,199,expect,south
823447,881,board,become
294785,459,nothing,modern
791989,249,college,person
1019785,306,tonight,recent
1096632,535,leave,create
817486,244,both,public
1393593,253,participant,peace
436440,517,interview,summer
132715,226,bag,yet
1443691,495,sister,claim
276143,80,today,effort
1400399,121,system,morning
1122372,323,system,read
494358,944,property,catch
1260324,173,no,space
419279,848,seat,second
1018637,512,property,south
304738,81,summer,they
425582,713,ever,power
987323,284,bed,thousand
588804,591,church,method
256594,529,glass,during
1343572,14,trouble,cut
297657,500,amount,firm
721844,794,law,better
1505905,762,particularly,position
687070,646,key,task
81425,304,throughout,TV
44323,566,for,administration
626196,537,film,alone
1002518,560,food,know
641595,266,cultural,buy
671585,194,conference,cup
1285804,381,thus,change
248941,705,movie,pull
1324194,780,adult,build
126634,117,star,outside
670115,86,crime,defense
668999,865,hit,charge
1162066,56,father,national
230911,304,during,nor
565436,260,glass,meeting
358838,105,democratic,what
774199,646,great,development
271976,499,new,professional
1435765,130,language,partner
931373,219,top,control
152716,630,operation,speech
65362,295,majority,knowledge
1482009,68,state,themselves
723345,700,expect,along
884709,426,professional,fear
169389,771,by,yet
503045,191,soon,beautiful
1265754,133,book,deep
276136,829,investment,cell
227306,198,you,have
45803,652,window,record
1530752,183,hard,include
20788,220,per,section
869330,215,health,be
739034,99,great,maintain
1306989,755,bank,where
999585,449,short,as
274097,456,it,information
872909,655,large,your
887221,574,agreement,nice
58865,478,stage,tree
858811,575,country,plant
233445,171,fund,degree
951368,659,offer,western
1429245,374,energy,final
127995,827,see,guy
602035,570,mention,really
637156,556,attention,keep
247698,617,situation,camera
967054,471,if,option
1484633,977,allow,yes
1459132,235,dog,seven
347123,884,fly,contain
353036,875,yet,treatment
1501614,669,product,simple
1263934,833,Congress,return
687379,208,door,include
414396,471,product,result
250954,523,writer,claim
793677,834,lead,trip
1266109,280,choose,these
71951,839,another,cover
1082173,648,morning,consumer
667521,363,suggest,capital
278811,468,without,several
556020,991,month,we
1336400,367,why,put
1224943,178,small,tell
1539746,727,popular,half
631346,432,third,very
988137,600,bit,glass
304805,258,several,his
1398620,152,yard,glass
663215,207,town,central
659378,857,foot,agreement
1211261,443,day,church
1494933,191,ground,body
1396008,865,trade,travel
166103,666,reduce,ahead
443264,669,station,individual
263964,992,discover,actually
1000009,262,beautiful,feeling
1392127,605,out,political
271741,891,analysis,pretty
367395,686,address,day
1100197,776,rest,main
423059,810,task,bring
31122,257,financial,PM
153751,735,baby,call
418281,577,cultural,option
1152177,670,girl,create
614605,845,cost,measure
804749,750,truth,marriage
1433097,755,actually,system
55039,346,actually,goal
370304,57,show,it
900798,140,travel,his
360634,109,owner,material
837844,200,boy,cut
1497821,369,several,street
681052,459,report,network
133005,717,exactly,line
1486150,653,general,exactly
775248,836,add,wrong
843525,346,wife,around
1145142,377,late,set
1202245,833,fish,major
1476088,907,chance,certain
639405,683,worry,process
356008,481,safe,continue
922446,945,our,success
9022,166,head,structure
891193,423,whose,today
1446279,905,technology,knowledge
839600,350,carry,right
688550,6,ball,we
132599,45,unit,lawyer
1502903,909,others,today
86427,912,avoid,already
1383271,784,design,some
619505,299,send,allow
442113,914,show,relate
578727,267,institution,reveal
1199597,572,than,professor
703649,425,ability,audience
1101535,703,reach,course
505450,479,important,actually
862998,901,best,authority
1534507,45,final,there
877765,967,shoulder,long
573050,621,back,door
394868,657,trade,quite
98675,330,site,assume
458313,387,south,certain
1141042,383,other,include
802647,184,heart,loss
736623,730,child,forward
1224315,486,half,knowledge
82607,766,look,poor
893267,710,single,method
958427,874,offer,what
1284107,338,every,task
1260404,740,firm,back
471338,210,every,school
1308330,661,another,miss
894243,348,student,high
87521,638,experience,American
565805,118,charge,scene
1206462,843,look,impact
142136,543,follow,mention
1000359,71,movie,good
482798,284,or,suggest
919926,588,lose,wall
640484,133,head,probably
1496144,132,room,treatment
1157449,306,until,marriage
1220467,655,he,bed
959932,981,attorney,figure
1305488,312,child,grow
815146,848,tonight,study
935224,146,since,entire
882663,294,cup,goal
523560,824,fish,system
881243,810,determine,office
1457611,543,live,put
1489186,84,dinner,series
1079673,152,several,color
874016,146,station,available
1523389,759,himself,camera
907435,767,else,test
1086690,778,collection,character
1060155,490,five,a
230197,546,reveal,attorney
370875,511,staff,kid
29346,453,huge,nothing
534546,292,high,record
1506053,526,generation,ever
371279,503,arrive,table
1342411,553,right,enough
564868,621,day,young
288028,81,president,town
296567,15,project,brother
935591,552,market,why
905640,386,trouble,south
1222666,523,suggest,meet
1226165,490,pay,yourself
355901,166,them,white
1447764,800,west,positive
491085,993,responsibility,decide
834254,65,apply,rise
970357,12,hot,condition
161267,356,generation,commercial
441228,924,realize,protect
850981,41,market,reason
1075955,699,anything,remember
67108,173,whole,artist
661367,858,a,stay
630411,752,style,could
950681,39,radio,window
702364,112,officer,understand
719867,316,through,look
1318273,626,message,still
1237568,643,detail,from
772293,604,author,sell
963391,256,real,pay
1523587,348,by,scene
881419,1000,herself,American
1395880,366,receive,point
1318678,827,leave,response
89489,743,main,owner
759565,439,send,everybody
269861,65,top,single
740452,590,general,government
921400,430,other,game
284793,849,write,participant
1144472,387,car,travel
1092397,171,clear,note
1371356,511,both,foot
68324,601,large,century
235226,819,history,easy
382718,22,development,need
1092736,804,couple,face
970847,976,old,child
1224188,154,degree,others
1324258,938,behavior,project
1435698,576,before,really
944822,918,we,matter
946641,870,guy,everything
212593,274,PM,thus
1161769,651,study,dream
1023024,416,participant,who
331458,22,to,against
737038,417,probably,rather
680377,615,officer,nor
197445,73,dinner,interest
1130062,594,wide,have
1505805,22,onto,meet
753049,901,foreign,be
44945,56,buy,star
404447,807,scene,low
1526940,285,despite,change
1104945,941,still,help
1002488,881,couple,eight
1385837,455,food,west
831112,779,huge,eye
83799,1000,young,here
376243,719,poor,indeed
1390778,330,about,management
702258,227,need,grow
922456,310,use,series
1057130,168,standard,fill
985513,123,plan,truth
1278943,686,walk,important
1231669,639,point,discover
1021858,46,against,see
792919,58,force,buy
661632,517,seat,cultural
353684,514,arm,society
983858,917,factor,structure
667495,588,quickly,risk
399311,97,art,somebody
991275,917,painting,social
867518,744,good,individual
655980,122,right,another
948267,830,pull,direction
1091617,375,memory,by
1336846,764,near,home
440266,694,matter,rate
1491667,25,pretty,under
1396627,705,table,dinner
1256328,219,bit,shoulder
841213,408,we,near
385825,392,seat,particular
311324,631,nice,TV
1390439,236,no,long
389539,192,goal,investment
169814,39,newspaper,production
1227172,400,money,race
595594,315,sign,expert
880642,293,suggest,religious
397335,48,fall,thought
1113435,299,hair,community
1223530,554,benefit,same
355025,380,fine,more
584372,663,citizen,soldier
853736,339,table,necessary
443807,800,program,back
232975,883,line,at
434689,855,somebody,let
370032,906,foot,nature
891988,87,work,security
822004,739,responsibility,and
551744,5,near,tell
130339,217,next,third
1189444,349,grow,room
462399,243,south,successful
278356,296,fall,water
1351017,879,such,play
1060661,3,red,region
647271,97,behind,yard
1248012,796,accept,thus
359681,34,forget,drop
1084192,302,avoid,project
191116,559,well,reach
152512,575,score,after
1324742,248,today,Mrs
579640,220,simple,training
152234,947,executive,offer
1200744,558,what,far
118633,899,feel,magazine
853806,954,nation,since
892580,135,way,performance
809784,631,system,force
116984,894,different,face
1276545,898,about,here
1128091,244,small,interesting
405420,211,sell,week
930529,42,technology,it
642944,559,area,something
1078694,85,stop,five
995381,457,plant,happy
495424,567,laugh,contain
987271,851,cost,become
368925,824,voice,art
299496,25,big,big
517143,413,method,attack
852332,568,listen,Republican
34167,606,consider,wide
1066577,282,always,doctor
918809,41,forget,point
1505815,803,fall,because
1477039,305,official,fine
66994,822,think,without
769397,508,very,condition
1183972,153,message,president
1105918,476,go,make
567309,31,protect,social
78775,927,even,final
628911,591,form,late
826106,164,word,himself
87115,231,positive,news
461544,580,like,region
565072,463,effect,man
1184957,967,account,term
1200233,181,between,home
437192,228,from,sit
1373553,179,much,fast
86655,414,society,remain
680777,952,certainly,bad
1435845,335,upon,argue
1293067,716,child,nature
979473,546,treatment,night
1394778,903,kind,color
1380547,98,answer,contain
491033,980,glass,hospital
1414305,265,should,huge
841008,718,continue,herself
388148,241,forward,laugh
310008,177,who,large
428995,414,raise,kid
556019,223,still,best
463368,808,use,budget
1011270,150,car,support
818507,574,them,century
439076,744,nor,blood
999458,635,cover,perform
1245894,179,program,listen
1143456,583,blood,soon
1415068,750,degree,space
453792,855,several,box
223805,446,if,who
444,140,truth,successful
496262,173,enter,weight
1500024,677,site,task
1481904,461,case,production
1151351,201,myself,civil
662473,108,education,card
593034,705,piece,do
20820,164,reach,pressure
245647,717,member,street
907994,928,under,major
289695,368,century,bank
865897,493,live,PM
265334,658,nothing,clear
728119,770,per,more
362191,424,gas,not
1392363,983,may,force
809817,684,class,that
1418511,686,some,maybe
513126,373,save,wear
1246704,332,prove,organization
1071135,447,wide,mission
282983,1,note,last
1006386,76,prove,ever
165680,469,project,product
1029104,190,study,month
1334943,279,PM,program
1421322,913,drop,glass
167728,382,enter,collection
400571,927,foreign,blue
1068732,959,bank,protect
952534,148,safe,across
857518,24,question,arm
1357464,76,that,front
1025151,197,benefit,word
1079672,705,newspaper,establish
1001141,418,social,similar
45032,308,suffer,consider
1222639,855,energy,indeed
1360036,429,focus,heart
1181630,786,stay,believe
918531,204,over,life
436066,312,difficult,leave
292282,127,weight,occur
1073228,830,another,service
1228766,508,wide,wind
170129,426,cost,charge
81116,181,above,sign
920260,810,news,recognize
889638,434,total,fly
417091,870,since,child
99346,478,whose,people
750184,884,support,garden
591902,190,deal,health
421319,118,much,new
1032896,793,spring,likely
542440,591,but,laugh
557092,70,pick,out
326270,986,boy,prove
615276,618,value,write
777360,108,town,mouth
91848,489,turn,arrive
874304,300,seem,try
730091,257,radio,part
894525,448,sound,break
904472,253,until,that
878844,378,race,hear
1525801,883,various,by
1272386,459,choose,expert
442049,388,those,a
1310863,782,against,oil
1450374,16,month,security
754060,670,deal,center
1027827,451,region,people
472964,253,present,against
565030,397,apply,present
337630,503,significant,ball
1225113,591,image,ask
186730,964,none,health
143135,911,responsibility,of
1173752,525,clearly,nation
1337020,841,surface,future
1419536,950,make,lot
887286,893,role,piece
1508072,908,author,this
483744,211,of,back
125907,714,treatment,top
1243377,60,floor,prepare
407074,157,only,food
1183889,658,morning,factor
393616,373,program,win
1266699,59,thank,tell
1018741,449,dinner,another
878032,427,plan,toward
203070,571,figure,hard
1002610,188,challenge,throughout
1069590,381,prevent,security
261428,635,force,over
1101428,840,data,board
788827,826,education,better
952587,290,community,film
1271335,187,attack,any
747159,109,tree,help
1160258,461,rich,realize
931439,183,next,quality
1517477,55,buy,interesting
1395513,993,stuff,nearly
1269740,230,year,night
309373,87,think,clearly
1141746,818,customer,school
1426143,3,leave,decision
1096174,468,bring,present
1120502,558,soon,doctor
46887,151,third,score
855181,516,nice,strategy
628065,91,man,land
1362334,592,million,perhaps
470752,339,score,series
877498,146,might,born
1131246,497,difference,performance
1276506,434,entire,technology
1321118,564,set,free
838614,613,send,lose
957152,367,city,home
563254,541,that,happen
530022,721,who,last
690451,716,western,manager
804945,97,could,consider
242296,141,own,conference
604882,51,direction,yard
445078,434,run,finally
90486,52,hour,reveal
480173,147,whatever,sit
385858,580,share,simply
1536404,43,end,nature
1487109,879,enough,read
246578,608,human,ok
1217543,285,hundred,kid
426957,659,term,oil
981968,933,any,improve
770775,856,receive,voice
641219,214,together,strong
1236583,734,series,establish
775630,741,foot,shake
1307300,107,hold,address
317432,83,cost,management
1332616,952,represent,up
1029850,25,spend,relate
1531970,962,specific,financial
447346,280,make,skill
1172608,296,establish,south
1202102,176,explain,entire
99507,201,skill,fight
1271018,477,carry,help
920316,222,moment,whether
357667,863,popular,around
255811,253,whom,education
791581,724,green,various
1364075,994,might,Congress
1256028,759,save,simply
1225485,480,notice,space
1367859,936,sit,game
1111864,125,quickly,information
289680,753,require,begin
202937,634,claim,why
169840,970,improve,somebody
1246362,449,chance,situation
1494125,59,learn,rather
189234,780,visit,suggest
1465827,961,value,walk
380727,82,painting,economic
1078015,951,something,teacher
93237,733,over,role
280806,435,parent,outside
600725,219,much,fast
1217796,329,color,read
1439878,400,challenge,design
1184412,363,Mrs,question
888599,1000,physical,necessary
1125547,637,clear,season
700610,947,foot,husband
1209449,421,girl,sometimes
993081,43,within,imagine
1531414,757,inside,television
1255570,386,office,especially
157094,268,develop,return
119431,930,minute,any
150038,425,level,memory
1136771,509,hope,cover
878779,479,thought,work
1353082,92,discover,opportunity
286544,517,heart,watch
227682,68,attorney,public
600786,916,which,begin
6552,859,skin,already
152029,76,almost,range
453620,55,draw,left
977866,187,buy,people
691766,589,history,group
1435682,565,point,law
171219,781,nor,pretty
1437041,306,walk,crime
669343,428,official,accept
1025275,964,direction,move
796547,334,see,physical
292091,390,these,measure
1193704,321,economy,until
902447,799,technology,cell
590777,196,range,actually
1283338,991,company,anything
1222505,359,small,drive
959949,602,approach,yet
210657,275,take,political
683921,294,necessary,various
707207,864,agreement,them
46025,932,treat,social
773979,428,serve,step
463291,337,capital,prevent
447638,295,office,factor
820756,693,either,type
568429,303,thought,air
1307368,839,likely,through
260245,126,necessary,their
1029365,404,believe,best
1323516,758,street,determine
1490627,22,field,PM
1135926,751,method,well
1379931,63,none,same
1521178,878,about,choice
300915,11,western,when
1286281,14,cold,end
1389051,925,artist,degree
732215,263,control,difference
1116382,533,across,audience
292980,982,cold,recently
546475,744,record,career
220133,847,spend,indeed
163921,385,director,sure
1075561,68,citizen,discover
617752,910,garden,better
913189,265,whose,five
724359,58,source,item
516502,526,yourself,myself
116838,255,everyone,individual
1073552,541,personal,side
502863,419,democratic,everyone
234126,954,minute,prepare
834849,966,yes,always
508705,583,onto,scientist
956285,552,too,draw
1003966,441,ok,management
507145,127,significant,price
1160227,283,economic,I
1147677,240,artist,art
248703,732,over,should
1132162,220,good,eat
1044538,50,enter,hope
453771,44,executive,public
405097,531,feel,since
1032927,904,account,decision
343148,606,a,management
124936,507,win,foreign
996478,250,authority,street
1530429,429,near,thought
1120362,362,agreement,heart
79226,68,huge,material
1384363,399,include,former
782105,23,fire,fly
1279650,692,language,arm
799937,102,idea,feeling
749844,331,small,letter
1303769,666,fast,up
159514,354,good,fly
891238,991,house,treatment
636033,504,single,where
600363,872,again,heavy
963647,453,care,hotel
542082,940,change,parent
717871,900,perhaps,similar
1266862,277,the,music
568289,49,eight,where
339935,38,hair,really
1482764,974,decade,study
667916,7,ten,civil
533270,467,artist,much
624697,236,response,learn
735664,81,land,room
151308,831,TV,might
1498177,143,opportunity,buy
1472130,433,question,practice
1207086,46,bar,physical
1457045,187,who,artist
749940,239,government,unit
1405971,667,word,television
42898,499,garden,Mr
1118132,46,large,know
1371021,257,early,top
1523339,892,Mrs,including
36525,683,building,federal
643783,755,himself,our
1048642,181,production,remain
630260,486,series,story
1519794,361,that,bring
1467712,645,important,religious
647606,808,last,young
304499,616,season,catch
769149,522,standard,church
1500176,991,project,gas
358771,420,smile,service
25632,486,south,last
939008,955,family,left
434418,427,plan,business
1451688,177,college,edge
779962,397,ready,positive
1299942,433,without,force
1171820,54,politics,for
1020351,719,thing,vote
341134,651,worry,write
417462,217,himself,generation
245566,42,begin,walk
107919,478,conference,watch
860477,866,forget,later
1254386,237,song,entire
1369327,39,memory,indicate
1179820,867,professor,check
893907,609,key,kitchen
292725,415,ever,follow
783515,101,stand,remember
842287,265,sort,foreign
696874,184,fear,many
1472455,24,recognize,resource
427050,894,fund,situation
1300417,22,left,benefit
1382617,277,suddenly,garden
1003491,571,enjoy,station
780214,95,miss,the
379926,218,dream,political
1213613,914,friend,end
514525,47,thus,despite
862286,704,bring,fast
757045,489,myself,old
31303,904,someone,argue
576766,518,record,let
361903,890,Congress,big
930445,411,in,miss
917215,585,record,suddenly
1493179,726,up,red
712516,387,reality,draw
668132,471,doctor,figure
1184310,336,blood,sea
228238,441,within,husband
896586,265,approach,among
4216,267,live,under
370901,794,window,line
1169013,969,establish,end
772795,670,look,seem
5339,361,maybe,tax
1229182,867,including,fly
30090,211,source,able
92992,1000,more,teach
383372,906,main,body
895267,634,and,still
275082,947,question,prevent
1094665,204,exactly,myself
261899,3,five,attention
1241469,846,in,source
155981,71,alone,office
1113444,777,approach,help
154436,50,eat,determine
1193832,289,visit,focus
644642,288,hand,series
1352053,315,use,participant
63522,816,second,anything
377003,955,represent,news
1308083,986,approach,put
1408666,666,president,special
129236,392,power,off
1394525,174,care,its
235217,302,option,democratic
1029580,921,good,white
646230,115,manage,pass
1471820,842,throw,herself
262399,9,best,democratic
1250255,447,current,cold
284633,865,create,hot
1078668,12,few,administration
524159,440,interest,involve
934082,125,can,win
1094442,192,yeah,by
120288,474,home,employee
856779,297,pressure,defense
738793,599,lot,adult
36211,658,compare,along
1413982,223,cost,never
1230027,488,skin,cost
1138088,768,major,political
1156771,644,box,baby
1448313,631,third,project
616760,377,film,before
68171,512,economic,indicate
1043195,135,space,war
720175,875,sound,view
949140,171,manager,throw
1248950,39,their,cell
489502,821,her,military
991506,137,company,past
1396254,792,clear,view
1028086,801,sometimes,place
908343,639,later,born
813708,128,quickly,world
876791,590,north,between
288106,408,action,still
951307,159,book,detail
400191,447,century,particular
1341495,646,customer,face
766435,886,phone,certainly
285727,523,program,write
1123992,394,part,into
840816,758,travel,camera
567898,407,fine,budget
943611,686,exactly,still
1438129,303,a,south
1171411,906,popular,training
1131163,520,none,and
518053,367,read,hope
551193,729,environment,your
1129144,448,charge,according
1010670,335,song,bed
56503,247,culture,natural
102197,236,management,because
16121,348,experience,like
1253782,8,pull,save
134480,579,scientist,debate
87833,545,race,seem
1021910,690,yourself,American
1232105,956,war,region
131754,811,environmental,behind
81424,720,check,majority
1212114,442,or,ground
985501,378,ok,result
8161,797,camera,other
269042,602,especially,politics
1362542,491,site,he
1085271,889,at,central
385764,480,agree,sing
963481,13,form,stage
1365114,417,would,space
1073456,22,each,north
752801,225,place,fear
1089314,158,face,actually
300896,842,clear,maintain
1266565,991,seven,opportunity
1002007,906,nation,rate
1222431,347,course,provide
738552,19,imagine,poor
1392062,187,need,high
1528631,319,scientist,mean
1085234,384,safe,performance
418338,807,beat,kind
1318680,678,however,my
1338366,950,peace,few
641447,222,shake,prevent
810869,5,phone,glass
1349212,979,apply,available
406153,426,late,book
1231316,860,be,allow
1393914,696,deep,how
38721,394,hospital,use
793453,275,notice,point
1138551,608,threat,no
940857,13,pattern,home
116400,955,west,employee
258134,397,reflect,age
181522,81,hard,response
145664,926,play,off
1286739,436,offer,child
455014,701,serious,senior
569831,994,head,road
1225873,390,various,star
272109,157,power,today
1493139,555,like,together
806202,382,military,use
1353330,810,husband,thus
1058453,914,lot,conference
1121818,90,money,environmental
451695,939,billion,alone
251474,479,serious,card
577608,252,garden,significant
60448,499,challenge,hold
1315436,313,past,general
573433,192,public,Democrat
669250,13,nice,modern
72546,376,card,likely
1349395,776,throw,yard
1030421,986,enjoy,talk
1292589,610,rock,one
1034156,848,fast,north
1165840,761,machine,war
7958,4,instead,different
1071712,901,law,firm
1097792,415,career,tell
1413311,937,you,others
1337245,762,whom,against
1383194,956,area,career
763515,555,my,service
520238,267,ready,society
134979,449,very,Congress
650466,563,act,federal
695222,75,practice,behind
1006240,415,car,ability
103374,444,campaign,sometimes
558719,339,nearly,manage
958926,810,enough,recent
300494,838,full,week
720460,988,say,exactly
284152,560,hand,argue
568871,277,store,always
556497,674,old,or
1426399,625,middle,politics
44304,561,success,significant
9586,792,yes,many
174734,546,clearly,expert
1452954,118,him,event
994409,84,color,likely
798911,929,born,hundred
1297374,203,tough,technology
592166,521,central,rest
408032,143,collection,international
1412843,784,ready,street
598374,12,at,ball
1085113,337,item,door
965822,815,finish,summer
957523,848,might,score
1239613,297,through,consumer
557475,472,once,create
1400950,673,start,itself
200831,876,first,old
694677,841,others,finally
548790,701,size,grow
111008,667,forward,experience
125740,603,have,traditional
626312,13,task,form
722205,376,share,foreign
70729,868,dog,class
1474595,257,worry,deep
183447,157,against,decide
612033,986,hold,white
37434,723,factor,establish
666398,808,billion,per
1344758,142,something,beyond
731896,855,yeah,hundred
832641,788,receive,sing
1215173,677,condition,child
1216446,502,everyone,people
161799,818,may,field
1219656,1000,woman,thought
30545,202,big,able
1205888,937,be,toward
1063188,989,her,skin
24600,647,partner,practice
422475,164,both,thought
1454023,227,new,deal
1261920,911,start,media
767800,661,body,herself
227620,284,upon,stage
88744,241,eye,poor
786958,174,marriage,visit
523809,960,world,many
1042709,62,particular,two
718903,306,return,stuff
1440207,116,beautiful,ahead
257570,281,remember,friend
1052045,323,wear,charge
1251409,664,mention,little
392361,855,such,political
323928,316,pass,firm
390793,307,prepare,most
1244593,157,cold,key
1285653,792,leg,standard
1412633,109,center,on
755298,233,film,voice
505793,885,try,name
77647,523,have,structure
1062540,548,majority,dinner
694005,111,four,cup
1059901,8,spring,relate
473045,271,reduce,father
736875,341,ten,receive
488313,800,big,itself
526122,207,race,blue
473287,852,series,score
132200,391,wait,thus
1171874,843,financial,commercial
938777,745,goal,ahead
1192533,176,leader,during
391455,503,everybody,computer
1171782,582,south,recent
245527,354,generation,so
957093,715,blood,decide
299507,353,teach,seek
807094,195,poor,least
618404,870,price,size
197793,566,such,our
1253793,324,sell,man
316899,249,peace,almost
628963,375,three,recently
1285750,379,expert,adult
14278,921,section,common
1144165,719,whose,learn
1398890,339,author,inside
1513743,68,analysis,carry
570351,371,pressure,full
631443,455,sometimes,somebody
888020,874,practice,southern
338942,432,participant,economy
846808,129,black,around
212813,831,get,physical
5694,196,his,edge
1397299,853,indeed,foreign
1322719,896,indicate,nor
186294,95,news,continue
543579,975,father,door
183132,406,behind,have
163127,528,push,involve
1426489,542,war,reality
1427057,221,blue,seem
1247325,230,outside,black
562120,877,none,serve
1141564,580,foot,generation
680295,132,per,nor
135363,416,service,say
1442232,207,official,can
282283,29,like,many
316457,580,special,state
531409,278,better,mother
1285605,166,assume,police
1128170,340,expert,short
1057283,761,food,trouble
1421972,761,suggest,concern
1320491,377,evidence,three
361392,564,manager,face
1527394,79,fill,way
483479,372,garden,either
1363294,390,law,support
1316711,511,popular,mention
1364184,254,thank,only
536136,302,someone,early
358704,239,center,break
328119,285,score,community
1073694,458,doctor,home
978754,417,safe,establish
1140508,44,scientist,poor
675359,519,friend,event
70659,585,represent,bit
1237914,949,produce,many
570986,276,front,yard
964417,104,benefit,success
1479820,868,too,skill
1388844,153,show,through
1354082,477,skill,happen
1136067,681,news,face
5271,626,painting,official
407433,392,once,now
224218,261,into,budget
1280441,353,price,boy
846862,329,side,customer
550258,706,ok,wait
679613,29,claim,music
1513225,325,sometimes,perform
436080,65,society,price
342208,597,debate,firm
1104868,907,great,team
455068,273,admit,computer
640874,366,foot,financial
1379728,790,despite,full
27546,403,standard,Congress
560626,753,technology,population
615436,289,teach,defense
712410,804,agent,turn
223269,331,special,name
1433214,63,song,home
602696,831,fund,political
298545,345,mention,single
1535437,933,response,example
919009,89,pretty,certain
753295,890,accept,must
245843,680,leg,behavior
863185,126,alone,image
555287,737,along,share
231871,85,then,figure
43871,725,help,want
1008891,482,build,ever
1126144,857,relationship,growth
1035702,350,interview,good
263220,172,move,move
1306751,263,lay,personal
159613,726,apply,raise
465882,104,rock,several
646516,98,financial,table
415880,545,team,amount
1495047,678,method,plant
1134557,743,material,decade
1450003,842,enough,they
303074,702,summer,my
1536876,813,prove,provide
522407,764,pressure,once
1280256,46,stand,him
254270,621,particular,could
1068866,36,even,science
397452,981,word,attack
256236,659,score,true
197133,592,avoid,perform
1513185,684,cell,much
764814,973,week,another
262828,128,how,section
820239,205,as,spend
1122733,986,hard,best
1104122,214,national,their
232838,746,quite,sit
922310,164,south,moment
1348241,767,trouble,direction
1528858,617,guess,although
69952,982,size,development
28902,132,conference,individual
782681,625,home,benefit
1387499,69,step,available
131383,828,upon,base
1250459,208,edge,laugh
300981,116,back,out
941778,738,along,artist
904295,315,your,doctor
306571,925,road,side
766441,525,audience,away
986492,950,economic,out
1198720,258,maybe,ahead
310328,236,course,quickly
90273,839,policy,maybe
109685,56,firm,light
1489133,162,cold,board
801374,719,nice,seek
729968,532,sense,guy
1153386,397,none,whole
1462536,197,his,teacher
761611,988,candidate,save
438347,614,month,must
1440995,725,scene,evidence
677619,433,girl,analysis
773454,264,customer,administration
1224569,230,defense,trouble
1520224,678,in,guess
1094128,221,list,everything
868050,122,truth,during
664943,275,give,parent
223800,220,meeting,partner
716096,853,involve,question
285518,119,energy,guy
1488122,753,figure,suddenly
539516,424,unit,develop
418110,412,fall,point
842427,696,through,you
886558,445,exist,paper
1302768,968,image,significant
347442,17,according,down
490251,102,structure,generation
680232,96,glass,wide
1463083,325,religious,arm
855347,173,for,I
163882,277,cut,girl
389536,233,social,example
560722,451,newspaper,shake
377594,87,full,prevent
823892,640,surface,worry
811847,274,experience,party
592591,784,organization,force
1295687,609,either,before
574143,912,determine,voice
289083,230,about,stay
578615,913,rest,become
148901,865,sit,that
286833,167,hear,positive
1229192,586,view,student
325796,702,material,institution
849565,137,point,action
1292227,919,prevent,black
331260,377,moment,guy
148122,884,far,want
771018,927,often,response
179644,633,successful,social
1539242,532,be,second
168359,998,step,ok
1041093,807,fact,agree
1027487,377,many,bar
111569,928,high,teacher
1452301,597,special,compare
1373533,978,each,effect
1423669,135,stop,onto
83755,722,some,rather
820745,405,staff,which
40818,187,treat,outside
229512,236,so,thus
1491278,549,tough,generation
686528,674,education,cover
1174339,193,hit,article
423466,609,sea,him
136043,37,only,focus
1018699,766,clearly,thought
1441908,586,foot,western
1386691,322,each,religious
1151342,605,manager,deal
1325346,171,several,lay
915151,655,stay,clear
1145014,363,act,west
26515,256,magazine,send
1462589,698,watch,suggest
1381215,380,air,fly
1373631,879,learn,city
953158,55,material,place
234560,374,above,mission
981012,864,far,return
1226067,522,describe,see
1179807,706,firm,stuff
75939,757,paper,establish
585324,277,rather,employee
489959,871,within,great
1146914,295,time,vote
603318,45,themselves,senior
501240,674,of,put
479662,295,technology,structure
801402,124,conference,hard
1193028,809,despite,federal
265822,202,too,assume
760072,594,couple,service
952734,841,area,stage
482916,729,town,marriage
1120389,993,newspaper,song
1368585,884,charge,life
621310,203,wish,least
26967,360,authority,happy
151886,50,across,issue
1333267,623,foreign,unit
685587,600,Mr,else
862423,746,foreign,station
965681,873,buy,certain
742538,874,ago,rest
394114,803,personal,medical
749163,244,recognize,all
636428,176,budget,read
1249097,907,life,sometimes
65930,781,market,control
858002,744,try,executive
1360776,950,black,senior
1203402,774,moment,life
783101,914,line,note
96229,433,level,result
1104797,606,process,political
935040,367,some,involve
532622,348,per,see
114384,341,film,local
17746,510,other,too
381873,675,concern,hard
628893,269,suggest,sister
599324,255,occur,arm
758561,406,political,TV
1000590,751,note,professional
193911,387,lose,your
919641,528,card,point
283331,10,power,cost
697258,830,parent,financial
1354647,377,list,chair
492502,105,third,sell
755139,764,help,television
418832,492,institution,condition
1092957,381,single,sea
1274679,270,art,appear
72774,123,either,single
705652,538,director,job
513353,25,hit,ground
614573,768,bank,soldier
1053542,831,rock,two
209102,466,speak,something
964645,447,knowledge,ask
1118616,903,key,show
370271,151,woman,leader
1362314,184,white,everything
769631,738,attorney,line
301304,648,answer,security
983944,788,administration,art
1252635,377,charge,everyone
1019855,235,take,discover
646349,171,force,movement
724655,876,six,four
1189029,93,significant,state
314710,619,tough,remain
838947,970,style,building
430883,311,wall,American
128883,944,course,writer
556826,87,western,rule
904954,393,nice,guy
1001293,851,property,seat
915586,176,every,born
1154083,595,together,story
1042467,799,total,ball
302629,990,wish,energy
1418923,383,best,friend
203066,641,door,glass
944042,186,which,paper
1374425,131,foreign,how
1005323,422,this,believe
392817,662,gas,drug
486571,419,among,social
356364,275,oil,site
767904,944,field,expect
1138973,200,bank,beat
1015007,894,should,respond
1415007,132,result,throw
1293001,771,owner,choice
975640,432,structure,authority
6569,747,usually,democratic
943985,826,two,carry
45751,675,dinner,box
427755,763,hold,fish
899647,450,resource,need
1057054,750,either,leg
1366767,876,role,remember
947993,387,exist,often
946659,76,might,former
888327,338,dog,deep
205072,582,will,positive
669626,308,that,word
195883,206,because,cultural
386203,72,effort,toward
240203,229,event,wear
353035,730,tonight,almost
903503,483,natural,specific
193106,948,far,it
1099706,620,experience,establish
1494764,272,eye,upon
379022,634,strategy,answer
1531524,520,them,student
1269385,396,range,continue
378059,42,employee,personal
1395118,715,across,time
179963,703,little,near
1351426,604,sometimes,moment
564329,296,glass,need
333063,44,I,seven
804939,385,whatever,word
221690,843,life,industry
83698,197,when,trip
415646,962,technology,trouble
744343,123,choose,off
851838,336,perform,hospital
971409,892,effort,usually
263009,37,throughout,most
343578,651,buy,little
730582,99,above,take
1186452,37,kind,yourself
129938,122,interest,part
124116,308,value,result
1372196,155,energy,sense
957999,122,author,can
660217,76,strategy,drop
574311,704,less,however
82874,423,become,account
1157907,543,kid,maybe
1062736,24,pressure,thought
984858,320,recognize,think
500933,774,thus,truth
1126236,728,list,approach
243669,958,human,something
87582,292,Congress,happy
1185338,901,ground,good
1326124,839,again,seek
284172,342,speak,nature
1422184,360,center,church
181561,519,suggest,would
452823,881,produce,somebody
1082985,560,character,discussion
60757,270,rule,deep
59000,322,detail,choice
949896,571,toward,test
1181626,445,not,radio
267725,142,learn,race
776521,50,there,who
411872,245,example,receive
986474,885,early,to
418121,312,cut,evening
957112,853,event,tree
1524170,884,service,set
286943,196,deal,contain
1506151,74,official,really
1136457,714,key,yourself
1209238,279,doctor,black
608053,985,certainly,very
29476,169,health,seek
1058392,157,we,affect
846743,861,next,every
1477904,272,save,fact
228681,85,talk,four
1202007,714,think,employee
422752,793,offer,general
1400922,272,film,plan
439882,680,prevent,partner
163557,795,challenge,minute
298655,892,reduce,once
56944,686,this,everything
263052,311,between,way
73744,518,almost,Mrs
338088,502,how,democratic
1474702,684,relationship,glass
5230,495,indeed,data
454775,563,maybe,right
400942,696,current,page
435078,214,bring,as
663744,267,issue,much
11361,570,year,education
208624,3,national,house
1160804,198,our,article
1291799,582,one,clearly
1256291,446,character,evidence
839493,526,tree,sister
1174712,783,thousand,wall
1335763,848,network,drop
477370,86,meeting,chance
1312307,212,figure,himself
795859,24,live,provide
113646,761,people,pick
957660,859,game,management
1006163,876,enter,space
549542,667,tend,knowledge
257561,740,form,now
803185,582,ok,themselves
1035675,844,loss,discuss
449813,214,wait,area
1217249,544,recognize,run
1042151,57,thank,case
1012636,539,full,big
1347020,640,program,high
1192405,229,open,weight
651661,681,already,through
850818,290,early,authority
1054076,385,garden,first
1521866,272,send,generation
1032825,581,fish,growth
1380302,537,put,sit
521465,784,matter,ball
813970,362,west,stop
81476,702,safe,believe
1478626,482,front,find
806662,851,water,player
335182,424,stage,someone
1364419,657,stop,meeting
830701,346,anything,the
683459,247,effort,raise
675309,424,food,including
952710,625,mean,relate
527989,506,tonight,card
1521802,210,top,moment
1456614,851,positive,doctor
1141251,847,laugh,campaign
787677,687,onto,say
440159,552,imagine,network
89130,60,sometimes,hear
736371,521,place,charge
368639,39,technology,lose
1014082,870,majority,thus
723059,133,crime,word
1347689,720,right,information
517084,13,treatment,science
932330,255,add,she
920429,323,stay,much
1454442,588,family,establish
1228339,488,also,structure
1288482,959,country,just
386395,369,west,night
418656,454,owner,radio
1201060,790,majority,option
820796,201,exist,free
482107,142,road,game
1256704,111,position,take
1393366,410,most,suffer
275416,210,difficult,attack
1268695,299,heavy,point
1058367,744,main,father
1068832,516,form,law
1515756,899,walk,lot
290494,352,money,sign
17710,717,probably,only
787363,524,buy,stuff
914737,990,form,what
509774,764,kitchen,no
1329367,182,though,him
1171637,50,group,clearly
1313479,281,interest,policy
1339585,984,record,deal
735781,792,nothing,job
833296,823,anyone,size
1076860,587,understand,indeed
655066,812,live,attention
754473,760,figure,each
222269,525,attack,medical
303002,312,family,off
447616,298,social,ever
1424277,159,type,sport
298041,547,agree,this
133798,750,return,even
1215625,571,which,base
578733,911,yes,approach
1232580,935,certainly,here
127685,963,seat,politics
491352,494,always,information
1141320,211,campaign,drop
1179408,59,time,foot
694798,81,ok,include
873711,182,director,child
1051176,70,common,no
182850,327,north,question
554900,739,explain,us
594436,763,might,animal
503855,887,project,number
1531524,716,look,hope
420506,657,opportunity,budget
997393,202,TV,far
641410,666,parent,direction
140071,301,tough,meet
546697,881,threat,social
686500,873,full,note
828257,482,style,meeting
901398,531,rate,worry
295726,163,toward,increase
1262459,428,staff,stay
412778,755,us,prepare
1346340,925,company,western
58419,330,rest,hundred
1047331,167,only,arrive
852621,41,most,provide
281650,348,management,lay
1294368,678,each,there
1081398,521,break,success
866656,469,lay,process
74278,852,value,management
1015622,449,of,my
318775,495,by,stage
497832,105,upon,free
235499,273,himself,leg
293764,963,large,natural
785319,256,until,no
248560,99,hard,already
1528620,903,be,carry
1476095,491,alone,visit
1381680,538,play,himself
1489849,469,my,thing
615055,817,involve,foreign
1468189,186,road,claim
111494,542,evidence,test
657064,924,model,doctor
148530,658,wife,finish
547639,189,reveal,effect
489428,295,shoulder,right
60921,299,word,top
4874,187,center,over
667825,757,seven,stay
1122304,22,on,around
384205,338,city,actually
926657,659,lose,probably
1025305,256,meeting,career
603861,777,community,wonder
1353798,433,include,million
1427248,559,smile,prepare
1202831,1,learn,event
1111998,805,represent,large
222962,669,specific,decade
1319745,799,almost,choice
768283,918,base,various
695480,976,present,do
335957,752,building,level
369043,640,education,toward
333227,416,we,store
757734,617,old,relationship
752524,285,top,stand
1440059,717,morning,environmental
1129991,520,society,speech
527885,253,one,unit
1006910,388,organization,impact
946489,499,argue,energy
186304,199,security,your
558612,557,write,simply
409109,69,suddenly,current
64240,638,particular,key
14070,450,nation,walk
339414,347,relate,edge
999245,989,short,city
648214,287,response,direction
680585,454,season,statement
1375517,647,present,thus
994523,385,candidate,serious
1156441,610,card,doctor
901159,602,choice,check
955608,71,light,because
713018,240,million,thought
1115811,858,become,relationship
1392875,406,move,live
404526,554,quality,democratic
1488396,436,often,quality
554522,647,play,summer
931766,481,significant,agent
1349904,87,argue,improve
910214,340,responsibility,this
1147650,512,world,at
572835,47,gas,thus
691982,236,article,around
395822,593,executive,need
448777,337,cold,turn
341977,292,behavior,business
852021,136,our,actually
1070082,951,interesting,stuff
1031746,611,he,treat
941182,579,common,hard
224796,858,small,mention
305147,169,my,eye
499488,364,happen,popular
1263601,746,guy,strategy
634248,181,enter,or
243337,754,discussion,debate
980849,669,manage,adult
1377320,858,almost,across
376154,239,argue,reality
810604,5,herself,eye
989283,605,city,within
270531,908,turn,total
148774,128,low,believe
1257618,832,check,light
203025,559,opportunity,organization
1451711,420,leg,finally
1105205,399,prevent,people
706782,968,wind,news
1072175,191,participant,yes
1349401,332,beat,two
1520577,561,board,big
1448538,343,community,suffer
1095003,197,travel,degree
365390,536,require,together
744260,462,go,now
46267,999,professor,let
464286,147,once,food
853556,110,final,husband
1178065,270,attack,spring
1068481,962,rock,rather
748277,623,available,chance
401541,991,defense,speak
369668,736,activity,always
928229,777,beautiful,minute
1408751,761,policy,low
1132505,556,accept,toward
931826,475,market,type
626181,909,officer,church
1262392,517,democratic,edge
329600,193,child,tend
1039858,474,kid,our
252136,543,policy,smile
1452344,57,son,likely
577863,101,total,throw
846853,158,build,nothing
1471764,146,arm,wide
605262,196,general,data
1472274,753,drug,culture
812025,311,natural,national
1449501,18,significant,successful
1501581,447,above,age
111757,435,teacher,structure
93397,573,study,worker
1455625,858,among,research
1367897,285,me,act
120542,681,usually,get
438122,76,tax,same
1373136,27,today,democratic
1369447,295,operation,society
267954,260,sea,want
980735,917,national,raise
55890,422,message,leave
784340,943,admit,production
978392,174,past,pull
681250,231,practice,too
825289,837,within,mother
1130565,57,sure,time
560738,981,evening,interview
433011,976,ahead,road
741637,324,dream,right
699556,518,street,find
915459,922,mind,reduce
495854,95,both,see
562935,943,company,imagine
1118626,407,believe,born
1388893,925,land,form
1089190,822,financial,painting
497541,511,plant,week
1314550,272,section,see
1331545,685,including,about
1096708,583,magazine,approach
1106576,215,oil,couple
5209,355,strong,field
501809,724,sit,public
92420,642,size,responsibility
1437837,888,say,least
171599,770,coach,ground
20538,203,occur,say
986147,27,future,trade
1373698,963,contain,should
73063,264,begin,writer
648434,367,sing,pressure
239876,451,again,argue
1253160,701,performance,might
330927,740,machine,study
1380556,185,next,rock
530498,939,goal,push
486034,430,affect,process
328934,943,alone,language
983904,839,sell,with
519621,475,marriage,three
372298,431,page,majority
1468465,404,career,throughout
492720,136,family,especially
1365957,264,camera,beautiful
1511034,134,production,theory
239087,578,continue,office
803820,995,indicate,door
854690,798,less,management
156190,646,court,leave
726974,641,include,take
1148520,324,well,off
637137,991,against,total
1396047,78,style,machine
1452145,251,high,skin
1345611,817,against,try
1148621,419,safe,throw
1310163,125,ago,something
684828,765,beyond,station
976665,705,prevent,walk
1217342,749,to,nice
18410,611,better,western
165211,327,example,be
85475,278,method,get
63559,469,newspaper,enjoy
1261557,933,subject,school
307100,886,nor,experience
58578,145,mouth,offer
1364193,21,effort,nice
758724,866,technology,yes
1086842,589,social,strategy
290404,719,ready,least
1034230,395,need,course
1206985,880,TV,senior
1379352,257,indeed,key
411497,593,scientist,brother
197983,977,beat,play
317172,139,moment,low
392621,321,weight,assume
962980,492,dog,beat
593568,396,able,play
1336705,62,like,list
294331,877,site,that
1371113,745,worry,near
312490,133,perform,student
1016971,761,staff,appear
862367,624,leave,coach
1118481,26,type,art
955711,289,southern,if
751018,204,dream,building
1162867,415,theory,west
673697,35,possible,Mr
10377,364,federal,way
904153,627,scientist,piece
782255,826,kind,radio
840544,203,enough,foreign
931600,503,worker,responsibility
704868,218,woman,organization
1277118,746,we,give
1218975,660,international,again
528469,652,speak,deal
62172,290,here,pretty
1139742,570,big,accept
1167435,813,to,professor
461584,432,TV,glass
17681,742,them,involve
212082,10,always,table
795718,163,as,situation
1114992,613,create,firm
849768,123,small,role
739822,727,movie,lose
1385139,322,everything,it
1222807,827,avoid,personal
1194989,253,bring,hard
947522,841,over,our
650063,394,too,only
1261726,5,office,positive
142128,763,time,whom
78789,516,now,stay
1080214,974,end,send
891994,83,analysis,small
65241,556,moment,someone
688092,97,peace,serve
346780,267,note,friend
1526822,302,again,page
938755,759,man,sport
878303,20,support,part
764085,185,true,authority
911105,881,stuff,leg
688160,493,tax,each
217643,555,perform,meeting
91633,452,word,former
1247436,557,far,young
145388,135,whole,structure
542953,678,minute,trip
44622,512,get,project
1060195,542,sea,home
5870,860,five,moment
667928,823,onto,society
1039246,695,somebody,adult
469581,300,standard,know
674465,310,red,affect
1307385,639,once,career
150001,899,last,music
797524,199,while,loss
1492109,479,consider,officer
1156177,546,close,art
1262650,328,professional,purpose
740303,251,product,than
1215329,990,tend,few
546271,901,sell,medical
144214,681,environmental,finish
234218,56,gun,white
1228759,302,billion,crime
242533,401,we,property
848881,701,spring,hold
746447,448,well,position
973584,664,goal,receive
1033903,361,leg,necessary
291283,232,stop,seek
915379,496,piece,less
1525413,393,individual,government
1452497,132,within,few
1386544,745,majority,account
1427753,555,perhaps,respond
364124,697,gas,I
701058,998,likely,face
183006,785,back,play
1323863,695,become,experience
996828,846,mission,heavy
776106,467,laugh,animal
1394010,461,authority,act
1304386,564,possible,over
1190049,90,group,wife
655278,477,rich,boy
948172,854,beautiful,exist
1281417,352,image,star
275548,620,home,impact
1444410,141,pattern,stop
710919,235,along,TV
1426381,953,production,room
565065,39,agency,police
43685,22,far,some
518350,962,hold,majority
1493401,693,standard,baby
1442121,309,born,because
1250878,167,every,remember
919715,321,own,entire
759062,664,air,arrive
95771,132,turn,usually
1475632,193,here,avoid
113875,985,stand,industry
1337309,26,star,eye
441172,47,what,lay
375656,714,direction,listen
119531,478,project,protect
335208,867,ball,understand
371826,376,college,fight
358508,46,us,box
1389859,305,occur,administration
1509154,1,full,this
758084,896,never,bar
237241,650,begin,thousand
564822,888,sea,degree
676962,420,better,measure
139294,691,agreement,describe
283602,778,young,difference
823596,6,trade,thus
461821,796,step,writer
245876,786,to,think
932644,100,cold,add
1456195,471,thank,nice
287758,421,past,doctor
1277223,418,history,work
925872,98,product,clear
1326427,736,painting,conference
1132715,177,general,become
1040369,403,might,class
1111022,72,into,wear
164160,741,central,source
1329496,358,scientist,result
1328569,841,nation,sort
326702,756,person,training
1021511,714,physical,however
1534963,291,also,market
211277,769,night,economic
686045,774,growth,girl
1215940,544,himself,charge
91531,617,spring,market
1494335,753,worker,sing
809428,60,clearly,sign
664208,17,individual,through
1461286,472,new,thousand
953453,291,technology,thousand
245656,891,buy,idea
720296,817,half,Republican
188819,609,certain,ready
226865,83,evening,worker
1328987,743,oil,ahead
1083115,63,important,price
626331,249,bad,wonder
655570,800,sea,agent
1347306,120,condition,skin
54242,310,pay,employee
1140018,512,toward,game
31807,620,expert,region
1339514,390,over,common
1507757,359,compare,low
1003676,98,common,win
169914,186,avoid,arm
747269,269,me,rest
1249933,129,five,candidate
864522,212,than,if
442870,910,yet,into
1125326,28,not,resource
1144131,22,present,about
477416,959,country,various
340505,669,able,kind
1059568,870,place,present
824783,645,week,game
1348023,832,example,support
1102483,507,apply,listen
698679,293,whose,wind
1244423,253,offer,pull
1377462,842,open,wear
885862,807,office,discover
522434,82,too,machine
845725,457,professional,hospital
665852,802,watch,camera
1504754,481,discuss,leave
1339491,127,many,ahead
1202228,732,candidate,until
744499,571,find,break
1473482,962,bad,service
466308,328,program,road
1067462,693,for,recently
196609,492,leave,protect
881141,511,tough,natural
702561,882,my,contain
107323,566,act,defense
27173,539,onto,understand
415530,654,run,agent
386896,728,upon,front
1524544,19,well,food
550348,248,by,third
150808,177,floor,name
614402,122,beat,coach
1386365,985,later,child
344426,527,plant,campaign
1361968,447,guy,find
206541,839,also,report
133850,630,various,drive
380261,926,development,because
737272,988,anyone,religious
141256,17,modern,leave
863828,983,consumer,charge
648372,206,evening,arm
1285652,68,different,push
261040,596,method,unit
1436588,270,stand,table
810007,174,attorney,energy
1509357,20,environmental,radio
1087944,198,rise,however
820688,761,language,policy
1187211,480,win,fire
691943,778,top,rule
675051,423,cold,it
755793,456,modern,performance
523808,530,coach,subject
1103331,715,could,national
684392,844,full,expert
427448,739,attack,itself
1145595,160,series,himself
45598,282,peace,apply
101455,883,present,officer
311539,815,might,provide
1019887,187,executive,main
1114319,669,town,huge
852703,242,mother,summer
1107096,717,road,hear
1262491,135,right,staff
15185,358,space,growth
85389,362,before,air
609875,685,also,pressure
1046489,954,end,pay
1167695,202,security,order
957455,475,see,pay
135937,862,lead,than
1195595,757,more,degree
463247,363,charge,candidate
955111,870,head,four
1147874,556,compare,of
1123639,280,name,live
107876,251,decide,federal
519433,883,church,on
584626,134,his,employee
858039,36,travel,here
510990,859,sure,believe
1229900,236,no,begin
57799,872,main,defense
76060,373,audience,dream
178778,946,his,away
811326,41,just,until
1421777,757,design,fear
852420,912,skin,general
1052160,276,season,challenge
575331,748,structure,receive
322591,89,assume,onto
1318020,474,become,focus
974859,589,up,a
1510900,387,response,manage
205922,821,something,region
1228270,562,walk,mind
1516281,384,involve,catch
811515,547,fine,adult
278316,206,whole,side
855442,846,turn,whole
444098,412,just,sign
1511855,425,guess,identify
380990,985,card,herself
380262,801,among,know
555042,50,during,war
1296264,204,note,responsibility
381211,623,far,store
1516648,865,which,kitchen
176437,601,every,lawyer
384432,339,up,choice
767907,833,training,upon
1420601,452,learn,say
515921,517,him,like
1330034,567,relationship,tonight
1470235,202,our,style
754105,683,thus,road
724360,875,kid,fund
51630,707,skill,body
1463588,691,account,several
532753,6,water,sort
1244436,297,second,wear
138474,449,religious,tough
546506,954,within,quickly
238835,135,investment,order
366691,56,necessary,line
1366295,780,suggest,tend
421320,65,world,beyond
1219462,50,experience,across
1137969,459,mission,must
141851,345,property,town
942305,620,knowledge,away
81153,939,success,inside
506400,342,bank,onto
991948,882,spend,change
226951,436,goal,catch
727160,348,among,often
326113,33,main,whatever
721768,958,field,industry
1438324,388,then,central
1395336,144,catch,role
746010,30,lead,explain
1176072,967,year,responsibility
735758,686,by,tonight
1323169,235,cold,necessary
1139035,987,community,popular
1116840,314,foreign,most
344800,604,physical,catch
1021674,380,agreement,rise
1436863,846,degree,mouth
745000,736,ready,fear
593691,643,impact,less
685592,837,city,today
373178,63,drop,remember
184710,979,Congress,cell
330671,319,look,record
1014727,489,painting,money
1104276,998,end,paper
915216,834,go,likely
28384,383,deal,eat
750405,594,wife,prove
359165,568,market,sign
191167,895,scientist,draw
510940,88,fact,south
780933,891,century,five
848439,877,same,tree
1441978,245,build,gun
380374,235,compare,protect
947417,713,quality,home
424156,753,force,method
852415,606,employee,only
1416474,366,north,environment
555353,576,trouble,environmental
1340135,49,person,live
1395911,382,today,cultural
326310,869,article,agreement
1045341,2,Mrs,time
703687,696,effort,become
983099,291,movie,modern
597561,50,yourself,someone
1435301,392,sit,chance
18248,542,range,glass
583773,30,establish,care
33555,162,everything,PM
496685,473,occur,woman
406165,977,player,but
1291233,960,particularly,industry
1350979,868,say,none
817526,323,ball,stock
361610,706,environmental,car
37180,290,describe,attack
453708,864,system,pull
898795,756,job,any
422263,111,though,business
986226,751,later,friend
1243080,512,hope,ever
90589,713,glass,right
1351799,34,note,cell
1268678,976,act,drop
76086,197,along,get
957199,749,I,affect
1383579,798,Congress,enter
807952,16,can,particular
1502208,618,well,simple
1304111,429,until,put
1272894,873,will,though
748226,123,education,order
666673,259,site,do
1465077,322,that,sign
882318,496,bad,affect
1528284,182,road,including
1239238,733,development,tonight
28084,95,position,instead
760958,304,water,clear
257711,67,on,before
635025,591,ever,represent
165893,110,assume,leave
173728,141,religious,whose
1198765,48,down,outside
922029,313,new,cell
1325802,545,carry,record
523131,714,owner,myself
752093,839,pretty,well
1099395,180,probably,often
693658,991,choice,east
451835,838,general,cover
751706,441,determine,man
981357,867,general,various
1280816,68,fight,couple
601944,539,tell,up
373434,269,special,agent
1266984,726,capital,a
393197,992,modern,information
1315503,252,like,likely
75945,58,inside,safe
1059727,297,beat,meeting
466929,734,pressure,able
615491,358,run,statement
542735,654,bank,success
703543,196,Republican,story
73124,666,get,marriage
1129679,204,two,accept
1320030,480,lawyer,teach
515203,302,attack,available
843364,682,executive,tree
144519,28,people,voice
603316,143,summer,approach
81834,518,itself,several
867007,153,newspaper,and
284772,357,big,because
617197,471,what,rest
1188733,427,wife,customer
747931,797,mention,feel
1375903,601,chair,serious
71179,29,body,sport
303504,540,show,from
1382544,577,fire,different
1193566,829,let,base
818116,980,might,concern
1061879,319,purpose,surface
104051,962,staff,address
102061,112,safe,add
893788,591,for,commercial
1288358,628,truth,whose
394302,405,good,nearly
446570,41,no,senior
1389720,799,source,affect
228682,690,subject,son
1492578,407,floor,politics
1536506,590,world,career
945283,958,member,since
1403186,664,outside,kid
439937,58,himself,enter
1257999,102,plan,particular
1018580,205,future,skill
1331017,914,bill,control
1073719,258,treat,usually
555729,147,sing,perhaps
479786,909,bring,would
422349,203,participant,door
1081684,350,whatever,everything
1251983,464,raise,total
630570,327,three,because
615202,757,goal,herself
978107,283,how,purpose
383792,195,fine,difficult
447323,835,realize,benefit
980099,974,standard,data
360055,452,old,require
320051,85,note,theory
168831,929,price,hair
1095682,183,oil,more
367473,401,company,world
40426,129,late,morning
183521,224,theory,four
27001,609,everything,guy
329236,927,reality,cold
252154,345,provide,sing
329354,288,prepare,different
1141693,493,fish,individual
1008084,4,heart,should
705020,987,message,traditional
727666,852,action,model
174592,744,require,single
782919,18,guess,second
562226,777,situation,behavior
262666,177,civil,someone
1148151,307,charge,the
260681,519,exist,together
379946,978,recognize,hold
17309,106,quality,media
609853,957,candidate,rich
506892,483,however,area
88004,633,your,job
1536387,418,lay,front
1189498,290,sit,identify
689151,69,bag,black
1347943,548,modern,right
610030,570,stop,PM
75946,361,response,understand
604330,341,him,take
467400,862,such,course
448818,283,relate,back
120693,406,Democrat,use
947538,572,smile,game
314409,865,health,which
1094520,353,low,police
714377,782,near,choice
1423287,963,accept,garden
699386,164,health,deal
1059966,203,despite,prevent
404089,278,about,indeed
1430512,158,soldier,everyone
1351201,439,dog,long
1285248,71,cost,material
383056,953,policy,really
758877,930,evening,for
1132624,36,head,government
943990,485,peace,serve
1397086,555,well,no
151190,626,poor,question
392397,25,central,discussion
1248020,896,often,behavior
1476571,737,never,trade
1271829,54,hard,window
282638,938,choose,international
805981,373,agent,way
1360702,376,thing,behind
1494320,696,knowledge,firm
1243918,611,strategy,animal
236443,699,career,likely
682598,108,Mr,organization
340131,700,tend,lawyer
707484,346,little,television
815695,361,dinner,attention
288651,434,police,great
1509688,885,wife,structure
295495,376,very,thought
28908,172,hot,suffer
1356816,491,word,religious
1227645,623,floor,rise
880816,770,poor,accept
465793,876,simply,affect
292687,346,Mrs,edge
802512,684,assume,decision
61420,236,attack,get
509198,407,right,race
771062,863,material,say
198790,562,analysis,medical
1184347,683,leader,left
1240996,961,tonight,again
820826,85,actually,change
1517738,950,address,law
55808,303,method,teach
867346,785,movement,political
978536,439,company,north
654413,277,PM,image
1064743,101,security,west
117001,466,success,allow
1469347,394,moment,college
403499,263,audience,his
730457,167,tough,husband
879868,782,floor,night
1082081,638,check,back
928547,802,personal,street
811703,381,allow,month
352758,700,Democrat,build
273134,125,as,bag
1100317,222,new,certainly
886620,737,life,inside
1460027,662,physical,student
157532,398,painting,speak
762489,282,push,new
1110559,329,we,week
871646,764,road,last
136555,748,whom,color
511459,602,dream,through
787671,2,wonder,style
235626,825,role,break
393301,903,work,television
786347,173,a,sign
316904,509,raise,various
1115808,442,term,see
955183,843,difference,mother
96673,436,fight,give
454096,934,voice,American
617546,369,here,seven
997131,572,low,able
480525,932,offer,he
1354068,255,seat,others
589724,153,southern,to
755306,344,operation,mother
1152179,915,someone,soldier
1427072,354,write,phone
1271240,662,quickly,many
86617,457,act,these
1273354,156,available,gas
1288946,664,close,win
1163212,52,far,student
1518719,906,recently,happy
398165,779,from,ground
597564,984,rise,throw
709071,543,article,claim
522764,247,close,raise
171246,413,good,anyone
1099318,783,fire,surface
88884,792,child,top
851846,204,situation,well
13116,223,worry,movie
486802,685,couple,boy
923818,690,ago,one
1146018,683,fall,the
944413,48,even,most
1144768,507,expect,member
346889,156,able,admit
257863,768,red,present
131094,122,future,reflect
130901,29,stuff,people
14710,802,former,still
850796,473,feeling,financial
806868,778,mean,not
448459,473,American,thousand
304712,29,resource,quality
1212028,74,note,generation
1487787,887,tree,four
676929,844,while,cup
597772,242,either,century
231765,825,miss,board
1439058,854,big,gun
295662,358,somebody,what
1008053,252,prepare,middle
1257168,479,country,our
1226744,118,brother,public
672656,304,possible,life
755337,189,make,change
399486,459,fund,wife
284265,30,party,cup
161136,920,kind,night
1084140,98,choose,bad
111088,690,establish,or
120386,433,no,each
1400668,292,develop,actually
134592,357,ground,chance
302397,532,reach,send
337374,6,ground,service
260102,517,weight,learn
557288,257,energy,marriage
1128373,117,somebody,hotel
1245414,830,manage,employee
478327,51,interest,chance
786296,935,walk,sell
389284,808,management,name
882348,359,despite,series
126328,719,history,conference
960606,571,sister,card
700464,569,attorney,than
182235,692,determine,kind
1235472,609,debate,issue
1285739,986,training,open
1247886,672,television,defense
703246,855,determine,mention
255114,778,or,million
156722,749,mean,price
761584,69,or,store
1524481,652,story,something
625880,442,cup,side
1058350,616,building,allow
31703,538,happen,only
83707,295,standard,management
910049,11,their,exactly
378539,30,foot,alone
840746,161,generation,party
1497829,550,ground,low
984499,99,raise,find
385263,557,program,contain
1496396,56,case,campaign
658234,219,nearly,strategy
1247651,670,success,language
989653,688,adult,enough
1318119,562,produce,church
756146,589,consider,term
1538315,180,always,relationship
365774,823,interesting,sport
7729,998,real,million
574496,904,lay,several
1091833,294,campaign,truth
435582,499,need,design
1381142,307,try,actually
1235631,528,scientist,agree
892488,937,edge,floor
1125397,365,could,else
202427,714,study,research
425563,821,pass,officer
917419,484,poor,set
1281924,782,ground,trial
728054,100,husband,sign
1230088,511,model,rule
583708,570,everyone,onto
82604,193,such,body
1011255,252,treat,edge
1284185,850,determine,activity
768554,253,success,bit
531754,53,well,goal
332028,555,board,learn
53041,448,dark,cost
132875,258,begin,agent
905033,136,key,wide
1295111,326,game,citizen
1182611,8,summer,hope
1082873,994,class,side
14851,257,business,manage
18987,254,whatever,owner
1266219,515,writer,experience
1220800,726,determine,talk
1160510,448,fast,new
1535239,459,minute,require
1142354,579,fact,there
467169,816,will,require
46305,887,page,deal
801711,843,head,decade
934016,691,everybody,offer
928762,113,beautiful,hour
1361320,302,all,last
745196,782,a,structure
247079,224,peace,or
293763,761,ahead,impact
443798,999,moment,run
182869,892,challenge,time
382021,883,just,Mrs
310530,539,assume,idea
697732,177,building,big
214181,151,they,better
1081114,69,kitchen,person
1025789,87,buy,five
392471,212,control,happy
1163702,888,myself,others
863658,163,central,deep
511132,37,argue,suddenly
452186,321,statement,upon
926044,778,success,charge
936338,197,man,business
374315,538,cause,its
1036972,157,special,then
193010,80,direction,change
1013294,393,body,notice
72189,900,change,reach
478328,339,in,adult
167872,56,religious,anything
957407,11,somebody,child
649120,684,rise,door
886063,295,bad,under
1519211,75,eight,she
26025,284,west,party
329548,41,agent,explain
1218671,104,cultural,add
1455906,346,half,enter
215945,949,beautiful,nearly
1048159,546,decide,deep
993872,557,often,campaign
1338516,437,environmental,risk
721389,898,town,college
1079029,3,song,enjoy
1333873,65,finish,senior
1131587,399,administration,able
306833,720,cultural,concern
648891,436,full,voice
1156901,600,organization,relationship
296515,110,wonder,expert
796009,133,many,special
870279,328,development,view
775200,571,myself,teach
1384290,563,billion,toward
771286,520,process,but
979264,814,health,fund
1206553,649,manage,evening
1364629,428,wear,character
1463988,263,factor,consider
946072,124,billion,ready
506281,311,as,star
1180421,917,begin,case
1208799,85,bring,seek
341829,97,various,other
1017929,253,relationship,set
790944,932,window,into
439898,295,professional,Mr
868154,123,lead,appear
540529,577,eat,Congress
398076,402,shoulder,morning
79352,865,know,hotel
1269771,419,share,where
162727,537,keep,black
1515839,653,yourself,maintain
1010483,57,set,one
450472,292,leave,scientist
148706,547,safe,yeah
1001867,563,later,single
588855,686,happen,hard
1328437,760,fall,six
909642,445,baby,after
393888,748,order,whatever
294335,681,there,left
880870,410,culture,board
983685,631,generation,service
1171875,86,city,stay
1228198,418,sense,magazine
339359,134,week,tough
117273,75,place,board
391495,492,certain,thing
111227,8,marriage,expect
1289466,614,one,finally
169461,102,field,miss
545926,544,return,it
845372,152,international,surface
736043,286,trade,feeling
162877,550,others,lot
311864,504,prepare,wall
91530,145,task,nor
822479,641,top,nice
440759,682,nothing,financial
1162258,827,low,many
367182,626,pick,news
298173,478,heavy,force
267206,250,they,gas
1133045,600,really,involve
1505771,517,those,fact
942898,982,gas,while
325916,208,determine,card
646684,254,could,enter
182696,487,color,face
1021254,511,song,interview
175254,568,each,reality
412703,105,somebody,reach
688696,317,purpose,role
485381,196,indicate,during
119869,61,travel,benefit
188782,22,first,become
512795,577,campaign,good
1461283,805,station,statement
668874,41,amount,international
101292,571,activity,car
58782,457,where,hear
877298,595,member,simply
538599,974,though,speech
315229,886,you,eye
1233002,941,page,national
781186,247,follow,enter
1338072,368,chance,indeed
80995,34,success,ahead
611551,157,want,fine
1031226,894,early,house
707350,61,PM,teacher
299652,574,animal,quite
1024949,274,data,might
106872,550,seem,up
29601,173,station,positive
558017,676,voice,medical
21743,869,pass,water
913617,210,exactly,international
1277565,590,add,book
690447,897,road,clearly
709746,671,left,cost
1163591,392,to,alone
1383486,178,fish,north
62064,351,a,want
1019694,41,person,the
1390626,648,use,here
32103,499,general,could
347791,827,notice,lot
256237,160,positive,measure
378033,123,keep,popular
269411,424,much,back
452608,839,benefit,decade
1102895,249,see,word
55917,324,glass,language
1250743,318,back,reality
803824,677,statement,work
374519,972,approach,scene
425504,289,food,health
842600,796,most,step
1258921,848,detail,past
262070,265,coach,figure
1213687,789,ball,significant
287315,787,three,story
570706,719,sea,democratic
886265,343,program,people
108603,731,figure,or
359941,248,decide,road
579878,641,wish,where
1413130,268,lose,sea
903482,359,even,friend
1116881,494,church,book
1173487,380,manager,television
1151678,123,end,change
1539074,434,your,fund
659668,915,anyone,family
154916,2,can,less
279461,553,daughter,mission
578709,830,south,hour
1098491,117,protect,crime
1338966,946,cell,raise
1346052,681,late,rich
1178358,889,bad,along
657825,2,move,popular
579092,353,several,somebody
438353,130,force,development
159419,1000,agency,message
1461235,366,service,fight
219185,347,pressure,director
382729,59,stay,cultural
365011,25,social,stop
504136,540,collection,enjoy
227365,645,make,environment
243141,202,official,property
248558,460,fine,hit
376726,924,let,as
540227,210,sell,both
1253930,690,down,music
113237,217,late,speech
991029,139,draw,treat
397621,466,business,property
1452538,594,heavy,face
838988,665,car,type
42534,349,education,heart
606215,151,kid,when
1009149,332,black,participant
29407,727,fire,long
481630,99,other,bed
837140,856,watch,certain
620071,888,seat,off
409639,554,Mrs,modern
959536,463,force,alone
280122,894,wrong,quality
42141,625,suggest,eye
1280976,541,try,structure
1419019,32,left,stock
558482,443,end,shoulder
1366790,661,him,issue
788693,326,myself,sort
763793,188,with,different
1524167,4,speech,thus
368880,921,officer,point
887984,658,half,eat
1266145,269,five,mission
481,685,thought,again
1448987,707,chance,time
353902,383,respond,blue
942753,737,education,shake
207042,187,sound,leave
892698,31,project,they
543333,682,forget,law
1136169,781,the,four
1115280,317,design,team
884343,70,every,teach
69570,713,country,turn
45070,299,end,while
148166,100,lay,religious
995748,187,southern,way
42757,262,discuss,thank
961862,749,cold,provide
640518,459,majority,spend
1427331,663,into,senior
1018368,376,build,executive
1025968,747,sing,moment
288705,781,never,three
1102879,922,relationship,computer
112173,542,pass,civil
231669,51,else,future
261939,826,since,explain
244926,73,seven,air
99840,176,service,agent
72927,906,resource,in
266625,393,of,computer
1462466,981,together,threat
288044,701,process,value
163776,522,speech,room
1193795,416,example,else
1527567,713,later,benefit
215227,463,democratic,song
1448919,457,training,why
784707,329,available,group
1296593,25,professor,yourself
862062,919,world,recently
1802,548,ever,police
1446583,95,poor,both
737570,271,speak,question
1512781,759,someone,law
1298952,9,give,own
948222,72,outside,vote
1031415,502,I,charge
774049,754,degree,region
83749,24,piece,ask
1054701,937,none,ever
133100,585,high,assume
1272162,694,budget,dark
1441698,588,check,kitchen
286182,110,old,action
932109,512,tend,share
1497633,376,name,check
1021507,873,heavy,put
1053341,468,trouble,staff
1138302,327,candidate,class
971332,230,work,decide
1085179,971,he,ready
1305601,33,street,win
370099,149,send,test
1112079,660,wrong,thank
142884,930,since,nor
1051250,158,it,particular
478374,711,west,thought
560262,36,would,chair
1439162,701,already,go
220044,878,turn,door
861326,883,Democrat,society
543723,433,visit,piece
777118,696,room,argue
1476977,382,director,choice
1165235,122,market,administration
89920,524,government,scene
1529566,984,drop,ability
1026936,859,management,answer
935070,492,score,ready
831782,388,nor,when
490292,842,meet,rise
665490,621,community,fast
1172108,282,itself,road
1293354,904,hand,ok
1336113,894,business,water
745935,931,build,learn
853674,358,late,add
112158,466,and,yard
442545,877,talk,around
992108,677,detail,worker
1426335,791,rate,boy
990660,415,stage,she
1438277,110,with,fund
806168,84,because,enter
705527,883,include,to
1499577,396,thought,team
1106807,659,war,indeed
314379,738,though,scientist
795300,363,in,attack
349909,601,individual,thing
1269133,978,teacher,record
930147,67,stop,floor
82239,864,everything,arrive
1203888,483,tree,compare
742797,369,offer,give
1430373,365,manager,around
1202932,591,old,month
1439789,60,team,participant
1055682,503,check,smile
397049,712,exactly,wait
575737,582,network,we
897019,707,Democrat,start
1451148,824,deep,again
303794,229,over,strategy
709828,991,less,glass
170213,264,daughter,join
763363,690,friend,rate
1028588,949,truth,feeling
1033405,383,job,boy
48627,980,mouth,this
583331,477,marriage,also
1089898,420,class,director
609237,242,standard,daughter
629903,760,parent,style
1341660,297,war,enough
626400,719,center,debate
762512,430,other,collection
1440650,441,process,wrong
466420,876,appear,child
693746,450,western,successful
1168031,867,central,employee
596642,654,create,fast
1322052,200,those,policy
81438,234,they,special
1501810,360,window,military
422134,136,I,weight
119232,605,meeting,security
243394,220,media,soon
919300,349,that,that
1377030,905,vote,believe
300319,285,determine,four
707132,946,house,owner
1140353,834,institution,main
707699,393,tonight,him
980980,911,fish,bad
474393,495,level,many
1471556,21,her,question
344591,552,before,leave
588320,577,name,plant
699946,259,politics,player
1438788,977,firm,exactly
342673,382,whether,act
138170,759,community,effect
60771,398,him,culture
631152,858,cut,cost
957047,855,leave,worker
1492879,567,quite,white
909024,161,own,east
423075,689,present,again
266050,812,fine,rest
134280,745,kitchen,home
1484959,351,husband,everything
462317,250,sort,above
157146,352,music,raise
885198,147,production,soon
1226112,240,ten,face
1018358,383,possible,room
115839,568,front,specific
852824,553,down,dark
1233730,561,share,size
226490,724,knowledge,building
1078760,977,size,take
1110834,817,TV,race
1370712,696,question,also
1415910,774,fast,before
803970,301,risk,cause
178387,461,travel,all
989612,893,sure,concern
1260212,110,PM,participant
763474,85,fight,certain
644230,693,black,summer
111517,783,activity,social
1222372,401,buy,in
356896,840,big,research
1478538,971,garden,fire
1303758,998,current,appear
617389,407,lay,program
1155945,414,board,media
715813,389,recognize,her
152005,833,know,film
1272000,16,boy,know
9337,549,side,voice
1091429,205,class,international
11032,851,skin,language
120989,603,admit,bill
1384753,605,movie,customer
1306061,185,list,employee
1274277,920,consumer,fill
1532094,612,country,throughout
1002639,367,treat,property
163365,369,what,measure
1438837,916,figure,whether
370979,23,maybe,here
537252,841,onto,tough
637341,46,put,least
537937,646,number,trouble
1004426,622,reduce,chair
585699,466,somebody,position
584878,236,him,table
1243070,655,worry,instead
554994,196,management,source
314230,84,help,television
1452267,83,quality,method
169845,907,play,far
1343264,906,quickly,range
189579,473,pass,live
475486,29,brother,really
205292,938,everybody,there
371821,948,how,prepare
184530,581,result,me
748008,744,cover,skin
1348083,592,blue,meet
1068847,265,table,above
812750,685,unit,thousand
132911,947,include,environmental
700835,920,recently,available
364287,77,say,another
545054,758,must,too
293142,609,protect,indeed
1172721,3,human,campaign
1234074,727,think,site
545691,81,history,like
683244,350,care,today
132953,930,husband,structure
1094227,148,show,across
11087,124,team,born
1039933,556,international,medical
1176340,436,sing,week
64123,675,break,civil
344786,378,significant,clearly
1523362,516,similar,draw
787571,1000,travel,debate
525519,558,drug,Mrs
1531288,466,result,mission
1484498,230,maintain,who
917955,8,receive,treatment
685384,167,seat,move
1509557,114,chance,speech
416152,143,party,make
1326333,492,knowledge,start
441376,58,four,reduce
1018247,195,add,decade
1413789,173,see,certain
410012,638,decision,state
637610,642,often,huge
624521,522,coach,paper
1351109,159,very,enter
60398,393,detail,environmental
337251,945,tree,type
1531455,586,state,call
1305550,698,ability,real
610548,936,thank,offer
835806,719,guy,road
785159,727,parent,anything
1304915,11,stand,artist
1161623,284,mean,leg
573695,599,help,drop
1468710,254,a,practice
1351000,166,although,agreement
106062,891,police,act
579403,95,evening,fear
290805,205,beautiful,local
1270732,71,indeed,themselves
490995,783,defense,discussion
1255031,734,course,animal
1434721,805,staff,lot
1163610,128,improve,near
804038,522,return,color
1474831,484,pull,focus
1310527,577,behind,maintain
627137,555,off,agree
308159,852,but,off
851588,400,bag,group
246481,121,feeling,national
1019079,781,north,market
1223253,550,animal,south
149132,921,because,some
895895,646,there,less
903179,697,it,pick
824833,459,support,feel
467496,410,maintain,sort
62133,58,step,than
1139896,605,realize,themselves
168354,648,television,player
1499366,57,where,team
568912,451,mother,fill
1474290,757,deep,control
1165004,211,fall,realize
1522651,997,chair,others
635418,338,important,politics
846587,41,church,government
593982,891,meeting,final
1392286,419,arm,certainly
1196198,684,under,never
1176653,978,less,statement
552379,270,and,media
556335,612,describe,ability
1198959,513,rich,reach
1403912,713,offer,which
391083,547,chair,attention
774177,544,never,sometimes
1455130,368,themselves,green
1084908,425,other,be
1291087,905,speak,look
691336,653,stuff,successful
1063568,452,less,future
789159,269,tend,phone
878427,822,little,provide
926460,350,next,some
409256,220,her,speech
1158590,269,player,rest
284358,997,fund,authority
333958,865,attorney,between
794344,738,campaign,rest
1252053,452,second,food
1112250,52,sense,citizen
1213592,956,official,read
1488333,540,generation,firm
285255,248,charge,amount
932610,382,term,save
368130,265,option,consumer
187595,65,prevent,necessary
122693,464,agreement,current
1292660,260,see,second
849417,733,bad,coach
84794,119,effect,son
1016313,857,one,admit
1498333,647,enter,pattern
218606,273,poor,I
15601,614,pick,official
1175176,687,summer,pull
403205,815,soldier,I
521833,436,move,yet
1242019,245,range,raise
840388,634,find,style
492479,373,describe,yes
770119,566,why,ready
586350,3,hope,forward
1420634,712,most,each
1090409,992,even,near
605168,572,accept,between
1002596,222,mouth,return
639414,945,us,country
928721,404,cold,another
1226338,263,hotel,home
67789,864,away,rich
474643,121,serious,contain
686979,736,know,however
1373598,656,skin,enter
468184,95,note,result
583675,133,college,water
504410,893,benefit,yeah
912572,22,ever,leader
1290976,282,professor,street
1335154,176,music,boy
838329,562,green,glass
328974,299,friend,front
1079025,110,likely,make
47344,726,citizen,general
1246950,136,box,large
1403408,678,lose,process
249144,774,garden,movie
140750,510,talk,degree
723535,969,accept,dog
1518176,436,agree,information
687676,860,heavy,degree
1051646,633,travel,toward
60731,955,local,run
289690,633,set,carry
1215326,67,reach,note
1488142,825,draw,again
1451845,138,edge,computer
248837,237,key,exactly
534467,980,century,meeting
443379,889,game,say
700869,84,job,everybody
474405,544,economic,ever
791813,926,court,authority
1227339,399,several,kind
1153504,52,full,again
56355,10,get,certainly
691571,714,lay,case
878152,592,none,thousand
1024211,791,garden,level
339625,414,until,join
1217095,425,husband,back
1089055,786,majority,both
925591,306,series,south
7059,983,firm,eat
1384564,920,enter,south
769521,335,standard,near
1024249,572,above,miss
431196,674,write,mind
216981,415,put,court
1220781,418,last,administration
146351,976,ago,place
933908,774,model,yet
6660,382,little,should
14462,110,read,media
120220,772,drop,perhaps
413109,733,end,much
646171,490,teacher,lawyer
1151704,192,police,week
181717,130,provide,too
512077,476,carry,fill
149258,789,likely,sometimes
575243,910,pretty,number
298266,190,north,best
1121701,887,effect,them
724798,189,author,data
1513799,909,success,minute
697923,881,including,animal
496679,737,type,design
706251,425,together,senior
1326357,421,start,without
28110,463,simple,information
702994,344,dark,loss
175124,717,model,support
1403533,152,staff,start
76551,933,back,door
372337,549,old,bed
1472627,101,participant,stuff
1530820,642,home,something
1465651,798,hair,guess
1119031,929,agree,tree
1019943,712,wonder,sound
359895,947,major,move
567012,902,realize,first
1532959,353,participant,Democrat
869384,230,partner,there
531092,581,drug,street
1323934,283,support,within
1119063,949,light,owner
694712,338,school,both
312089,865,top,win
608484,790,bill,what
906753,37,within,computer
1283656,544,front,magazine
1481585,999,course,camera
921434,298,how,material
1539858,370,author,tonight
566092,304,PM,dinner
183934,816,visit,recognize
275340,219,amount,minute
530888,972,management,city
581403,73,eight,detail
810488,825,stop,maybe
688773,925,sister,eat
218479,41,discover,no
1070691,221,research,public
408476,337,cost,read
1487518,501,pass,open
1141999,854,list,business
17833,570,spend,often
1390001,741,amount,others
344519,685,sing,many
1063199,385,speech,item
1112512,697,deal,discover
983675,556,little,agree
394738,579,southern,win
80239,311,future,table
833193,598,measure,idea
895623,693,organization,care
1080077,846,marriage,check
169479,409,adult,itself
389169,786,sign,animal
1005673,413,physical,field
824238,621,rise,benefit
20912,886,few,front
1164697,141,tree,leader
50733,501,inside,mind
1251880,828,wait,training
637862,224,get,nature
23298,921,analysis,house
1426596,369,everybody,worry
88141,330,federal,seat
451587,650,guess,system
1446380,197,source,letter
82884,826,defense,true
192762,125,particular,perform
542070,433,occur,can
699322,306,third,learn
1246949,794,late,far
1243505,119,risk,question
566927,222,fact,former
1538978,527,field,soldier
707883,636,area,according
724761,371,large,also
1208438,413,nation,draw
410836,495,simple,PM
548797,287,notice,though
1120076,441,grow,especially
1013849,270,word,ask
237632,126,beautiful,evening
960076,623,claim,card
596539,913,future,police
3740,110,person,range
426289,817,realize,easy
112177,795,main,color
711363,174,cause,money
957337,678,whole,long
444806,457,individual,after
629037,792,authority,position
332793,944,base,low
1494233,86,beat,environmental
383797,609,end,store
732050,897,into,wall
78664,578,traditional,realize
545460,887,near,of
1297525,903,top,modern
432000,673,edge,country
300891,775,writer,wind
402567,818,case,likely
275,378,development,necessary
1355048,261,western,buy
183584,600,about,determine
1368522,857,investment,among
639657,958,majority,pull
642428,419,opportunity,since
934158,499,teacher,find
1362908,911,avoid,kind
1338923,930,ahead,others
596134,918,affect,hospital
894854,428,fund,while
699858,319,safe,too
570823,638,similar,card
832108,249,back,side
1195728,286,hit,after
546974,5,point,stop
54154,825,meeting,suddenly
1431626,476,during,certain
210684,514,everything,middle
92438,100,meet,stage
1134600,629,organization,option
1538698,477,born,deal
43518,87,address,son
1048107,493,nothing,we
131053,396,agreement,drop
633381,408,run,industry
1491349,204,employee,but
1500897,796,relationship,bed
1064631,505,sense,offer
160388,777,sound,half
1238143,774,risk,enough
408083,863,cup,clearly
216092,225,article,side
1233697,830,customer,price
844396,668,possible,center
1076195,389,already,food
1433067,368,still,involve
85118,731,nearly,stock
755225,286,listen,inside
505240,715,ever,guess
1002817,374,ball,player
658324,785,special,serve
1251441,137,director,center
636979,189,call,recognize
1054589,151,serious,dog
930045,83,collection,but
323418,489,dark,tax
59267,116,under,close
273311,712,so,new
873214,781,picture,particular
542193,342,laugh,eight
652240,883,either,respond
1356589,637,bag,middle
332160,13,field,car
998204,201,drive,TV
3554,94,remain,among
301764,80,message,her
745221,625,experience,because
386534,778,ready,campaign
332577,450,sea,stage
299674,355,standard,mother
1275186,8,available,player
970515,910,book,wear
1173384,850,style,people
1011819,878,example,plant
378600,479,may,mean
131331,523,wide,art
1074756,694,sign,meet
1296039,334,who,room
1200016,272,couple,one
686378,300,however,piece
1533368,822,out,mouth
771187,976,others,feel
318062,121,to,factor
1301486,964,others,concern
648750,460,stand,police
121715,189,decide,note
118615,349,discuss,share
570051,124,modern,senior
1284542,101,poor,green
1334042,454,able,machine
428372,1,statement,any
1121544,588,new,save
853203,809,decision,water
24689,549,loss,stop
288171,43,material,east
787587,796,every,condition
788664,676,pull,probably
960455,954,executive,trip
727698,541,what,course
670764,670,mean,down
859733,317,a,yard
349207,908,letter,clear
85707,360,war,candidate
895931,109,either,have
72495,563,daughter,college
487230,237,half,treatment
1144143,778,real,discover
531115,354,ok,next
187428,19,teach,fish
246684,831,work,interview
1459040,802,all,model
743829,114,learn,Republican
885416,884,main,amount
1095812,366,meet,hope
51162,736,according,crime
1186742,779,purpose,radio
591042,208,budget,six
1212678,26,fall,ask
301333,819,defense,tree
1207687,335,far,partner
1454846,980,less,show
938298,7,popular,huge
208306,307,soldier,according
258228,951,face,finally
180470,320,sort,my
571787,467,security,wish
1112271,34,another,magazine
492960,760,also,attention
319492,365,condition,huge
606243,564,article,ground
425008,273,our,officer
610291,821,improve,specific
1123169,14,wide,interview
185415,910,at,least
1131713,615,eight,girl
564346,842,set,model
827689,132,collection,its
1011104,545,nearly,company
744316,174,early,then
310050,264,activity,season
873075,765,senior,can
326931,540,ten,adult
596973,330,important,or
498637,579,place,seven
523577,839,wrong,personal
926079,905,surface,nation
763776,722,save,across
274278,845,mother,rest
571433,925,action,it
251687,437,child,face
1181007,907,work,investment
1131805,265,deep,serious
1085106,189,every,plan
316636,735,especially,commercial
579690,340,nearly,well
1031329,693,sometimes,garden
119507,309,next,establish
556846,947,tonight,ask
1528663,662,main,onto
1171439,592,first,watch
627156,469,piece,situation
1169964,557,present,happy
947285,508,recently,catch
831144,332,whose,road
1292480,450,wife,training
1379364,568,reveal,where
580994,527,large,card
551294,782,someone,sense
199596,41,share,strategy
648163,829,force,toward
1477359,534,wide,bill
1472493,464,other,woman
491465,321,meeting,bring
1225667,777,moment,stage
929167,274,partner,several
1086526,97,maintain,suddenly
1146127,843,citizen,despite
942086,121,adult,only
404402,701,return,task
882868,883,base,use
774945,656,nearly,large
807309,646,crime,site
1468570,893,company,often
815798,906,word,report
90254,899,manager,free
3874,197,a,near
759819,267,option,entire
723324,757,few,process
685830,570,personal,just
1282330,905,recent,through
1019765,788,Mr,another
90243,559,just,baby
1252733,926,maintain,pattern
32246,785,get,imagine
602597,537,cover,can
442857,397,beautiful,or
1259058,580,surface,price
84474,806,resource,consumer
1066964,92,impact,despite
137497,586,friend,green
73536,690,mention,camera
688374,659,produce,environmental
662282,512,as,ever
1071853,439,share,money
827820,421,price,draw
659081,772,student,region
1280369,493,challenge,support
291830,943,poor,market
979070,542,thing,manager
1448843,723,present,little
588864,228,home,treat
840103,704,everything,yard
1468073,485,sure,cover
497622,666,director,effort
1397473,563,stay,town
931750,934,policy,wrong
22739,206,agree,lead
309832,629,focus,some
361688,452,we,much
1428644,396,oil,behavior
911384,918,perhaps,focus
567831,881,perform,your
431827,69,ten,indicate
888209,556,itself,science
255375,866,six,significant
172749,123,practice,effort
863114,305,minute,line
696532,968,cup,with
831515,496,once,argue
1203592,994,around,success
980530,876,position,really
778002,632,wide,wife
1283187,956,size,business
562080,814,trial,development
973137,194,economy,same
682058,740,court,personal
917087,400,similar,rather
531339,823,standard,policy
813351,414,into,court
31993,453,month,visit
706565,260,street,among
223399,340,watch,us
860834,146,candidate,make
3104,826,woman,the
1094908,576,available,police
247978,597,five,source
1355819,998,appear,ability
184541,871,police,present
65141,105,player,major
900187,652,late,sort
1078186,727,but,American
619525,550,budget,season
234522,582,over,development
524282,766,although,become
777439,169,raise,authority
1505956,259,sister,many
1258044,927,situation,impact
1352579,525,establish,model
1488965,59,government,student
1207004,498,remain,can
730556,84,improve,hour
1016894,805,always,couple
119532,605,describe,agent
712182,906,alone,of
731073,377,truth,adult
1318054,912,anyone,institution
851384,549,find,read
541419,322,early,reason
1159957,66,image,child
741579,32,likely,authority
657171,917,strong,minute
1504203,80,real,pull
719472,965,pick,stuff
1277036,254,production,visit
176397,77,than,tough
317359,904,glass,mother
580866,703,heavy,certainly
1420522,555,career,smile
622816,874,of,subject
1105897,515,authority,fear
846265,942,writer,consider
671441,984,listen,one
1356149,901,lose,myself
993794,367,indicate,attention
710259,965,poor,model
569599,493,structure,business
1077831,280,name,popular
414816,180,score,voice
461421,164,similar,prove
355231,340,friend,then
418432,354,as,opportunity
378688,67,which,conference
261438,932,most,discuss
790195,75,control,both
1102130,39,talk,least
515053,340,avoid,tax
1015309,728,there,around
1140330,979,cause,blue
888708,372,law,part
1210628,874,such,wish
233968,481,discussion,Mrs
1246289,320,although,positive
51645,979,center,police
518280,717,none,decade
1066845,285,play,front
180692,308,statement,feel
43071,431,series,else
798247,593,our,mother
913400,271,I,customer
1536887,761,bill,program
372984,593,author,wall
393397,715,continue,seat
429104,254,everybody,friend
384916,281,break,character
736307,367,out,coach
876011,348,research,physical
800756,823,ability,spring
1001861,307,anyone,music
1469720,218,hand,paper
1041998,379,nearly,entire
1440187,675,everything,fight
1303589,342,recognize,know
892747,182,center,trial
404772,991,poor,soldier
783631,39,Democrat,follow
824988,688,test,list
551809,330,often,where
1224893,776,word,bag
415643,692,garden,do
1021744,36,any,peace
1204221,329,decade,case
416406,66,wrong,care
690968,927,doctor,cut
537956,761,role,positive
1395568,553,suddenly,executive
734482,147,center,several
133733,358,dream,not
830575,328,improve,size
437493,413,relate,expect
604066,864,two,policy
618965,856,song,use
750311,894,public,son
1042817,333,at,bring
868520,300,need,goal
56407,156,quite,carry
241923,619,military,by
1105482,971,we,now
626272,364,add,structure
1265791,973,brother,send
143369,967,nearly,Mrs
1455901,179,politics,program
772955,286,what,be
1160623,667,tree,animal
796677,84,attorney,both
318530,112,market,space
826292,944,type,listen
1194396,380,hundred,world
1060940,970,model,will
744013,482,kid,dog
1338044,886,house,summer
49595,221,doctor,long
853100,253,region,almost
1202829,912,expect,learn
102998,337,must,would
57282,341,fire,red
1343843,307,open,friend
439108,224,offer,move
1136207,320,within,system
1075145,737,year,hold
1339080,696,table,by
374923,457,energy,letter
854752,544,lot,responsibility
635303,111,you,relate
456986,220,back,the
1014913,974,respond,direction
1040895,131,central,Congress
808624,155,kid,at
911906,576,might,market
914263,875,phone,who
397078,852,federal,three
295641,176,very,check
773250,625,what,health
1010903,907,miss,allow
134493,44,media,usually
1247470,626,arm,raise
187398,409,none,political
1204589,460,money,growth
400785,107,too,whose
197628,795,case,well
607427,542,positive,while
1336655,747,might,difficult
1032294,497,involve,to
605335,20,follow,organization
263723,97,seek,pass
654328,933,page,simple
18327,652,rise,song
1116215,553,let,force
1468106,874,head,open
1198420,431,newspaper,recent
75799,798,close,state
89475,304,describe,service
1102724,432,become,fight
800979,140,politics,model
1130313,56,clearly,election
161937,390,price,hand
1258549,851,fire,believe
1471159,780,behind,would
1486502,319,finally,early
1209626,276,attack,mean
185350,453,rule,foreign
676075,144,cup,Republican
297237,356,personal,election
1179089,558,artist,sing
475822,318,size,some
490696,465,arm,drive
960427,834,million,manage
270906,876,remain,director
367022,475,structure,stop
80255,217,play,find
524818,2,road,record
384712,321,across,inside
1464565,343,around,stock
244980,658,would,produce
519286,458,never,hard
416071,70,prevent,discover
615702,676,street,above
659171,293,maintain,thing
1422264,885,represent,west
713818,270,agency,floor
830318,604,firm,make
813464,585,we,stay
1193684,582,hard,history
737750,563,artist,education
314275,444,recognize,could
1056052,188,country,recent
412815,538,thought,write
47089,101,event,happy
1182974,69,thing,certainly
744871,421,window,style
344678,522,garden,employee
369676,863,yeah,page
29788,478,politics,worker
990605,723,every,wife
1531292,421,opportunity,keep
1036508,967,policy,compare
994074,862,her,focus
170133,247,this,feel
1510270,178,well,may
457657,32,everyone,season
330450,890,push,lot
1157130,46,physical,one
1457282,712,religious,result
805461,173,bad,style
1230001,830,by,economy
529998,427,hand,scientist
1275067,396,report,per
703719,565,court,anything
46043,604,everything,enjoy
148572,706,election,science
1469985,924,similar,reveal
33083,394,current,country
727382,835,task,power
1247728,38,floor,keep
74837,97,stop,important
786821,936,operation,enter
336169,245,easy,whole
659290,436,could,consumer
664819,217,small,military
103514,805,father,hospital
1337001,41,that,try
748681,929,player,floor
299242,39,front,learn
473488,165,other,available
1091716,639,health,large
408716,960,hot,reduce
614649,913,interview,decision
955510,534,decision,visit
401577,901,truth,must
295129,861,cut,election
1288663,781,social,know
300724,526,yourself,political
456706,963,wall,measure
955692,575,might,in
739569,552,certainly,national
1181136,184,floor,task
123452,623,early,fear
1089459,740,nothing,force
1216035,465,game,I
355721,388,everybody,involve
102095,651,society,myself
1141352,252,cause,audience
1506355,430,often,term
129972,291,drop,give
1493935,653,nice,shoulder
1012729,595,letter,soon
230942,671,above,stage
1353354,77,past,already
46005,767,Congress,even
1349207,60,company,live
1256391,585,able,score
1127862,352,door,business
920484,379,try,skill
273098,584,alone,close
460337,640,successful,able
478464,329,course,room
738805,809,remember,billion
510818,41,a,administration
506883,216,serve,area
892788,280,pick,film
915062,405,attention,face
266472,555,bag,wonder
1451313,980,debate,security
1051171,71,bad,area
1356459,454,artist,draw
277517,877,board,degree
43109,736,general,authority
439031,680,describe,toward
691946,398,nice,lawyer
1103432,375,prevent,size
124780,977,help,according
1534753,256,player,meet
645029,284,world,region
1435830,321,too,expect
1399680,382,area,play
844282,173,board,explain
1523313,501,answer,again
77254,237,development,whether
1064486,527,group,family
1180452,517,either,rock
944121,56,center,however
52728,691,happen,perform
459243,836,so,employee
786944,522,gas,lose
400209,873,big,letter
1132502,340,enter,finally
1279398,563,individual,hand
177605,823,end,prove
1481118,736,sense,city
250689,724,give,rest
50592,733,Mrs,full
747500,916,claim,tonight
748106,291,economy,go
1050938,109,report,some
403997,139,leader,specific
1151527,782,least,message
1514085,851,during,building
851574,634,most,more
1533473,161,light,various
47745,168,site,doctor
741575,700,where,power
572475,440,product,build
239742,876,sing,kid
1087892,930,set,indicate
170811,712,nature,decade
606443,360,himself,pull
1343671,879,seem,receive
58603,649,stage,walk
1372411,340,young,within
1124812,84,concern,in
816053,199,enter,first
146539,507,yet,we
950735,481,else,whole
790383,428,answer,end
893083,43,require,sort
134128,322,base,stage
455432,723,all,chair
1310149,508,woman,before
1291220,769,hand,sport
1142342,37,third,top
589385,181,different,recently
550449,38,enter,law
708815,191,growth,high
1380963,760,the,evidence
1067790,205,south,bit
1303944,673,market,daughter
246595,691,ever,season
889822,402,huge,son
1422399,175,far,result
992845,880,weight,environment
1113529,970,hair,nature
1365873,473,trade,middle
975947,684,benefit,look
1480185,674,quite,half
1485200,850,sort,likely
389658,569,drug,wife
588377,506,state,side
1216637,759,give,next
309213,289,lot,something
1309854,27,alone,hundred
1443677,813,decade,image
664847,110,here,health
645721,570,rich,stop
388197,845,food,expect
1213811,610,business,central
1494454,579,nature,hotel
1365265,831,keep,may
934343,207,technology,the
7097,57,every,indeed
504709,606,family,choice
1192647,646,foot,eight
1422235,675,bag,talk
182988,526,avoid,consumer
622190,702,southern,middle
966294,836,father,kind
1204347,370,outside,left
954074,109,why,design
992076,959,them,maintain
492489,100,food,trial
1451207,128,spend,court
1055341,159,middle,tend
1383243,594,nature,bill
824343,644,notice,defense
1250965,574,meet,cut
966563,402,couple,budget
305472,239,newspaper,chance
1077931,333,reflect,authority
874780,21,space,western
766037,529,bit,amount
1536818,840,exactly,onto
1125810,143,traditional,still
26134,258,hold,off
662030,440,kitchen,modern
640095,571,others,local
355140,699,whether,play
506752,779,sister,picture
788085,963,team,say
714659,57,movement,lay
234368,838,throw,thought
158596,767,edge,successful
367706,376,still,there
1322600,398,myself,truth
1278311,154,hair,green
1102290,19,fine,animal
402245,210,organization,eat
1493216,239,reality,attorney
195712,987,collection,within
536480,561,several,short
139662,210,set,middle
742951,75,with,simply
1282985,416,range,little
841384,616,artist,customer
385014,947,each,field
627641,405,alone,million
14914,318,system,hotel
1246084,904,system,today
131045,227,less,upon
633349,482,article,book
1359947,121,economy,serious
719616,675,picture,ok
1297077,303,edge,student
49829,628,kid,kitchen
612675,391,let,trade
898135,545,computer,important
588656,23,debate,size
1053539,521,could,reality
9314,335,red,plan
666538,695,end,focus
837709,924,movie,school
1130876,564,argue,especially
858056,951,white,you
868894,518,computer,stock
580552,861,both,heavy
207024,872,some,according
34314,137,pick,within
493137,744,response,tax
900483,946,with,ok
1231906,502,how,why
1147496,114,talk,career
1101710,781,listen,state
343903,636,career,stand
773692,361,share,our
1252593,523,blood,place
257596,950,market,three
1223251,142,benefit,democratic
537008,845,able,thank
501956,638,former,day
572969,953,tend,answer
971729,114,national,remember
810349,273,start,finish
1177956,81,career,decide
1124803,432,strong,professor
489429,836,American,fine
612888,350,baby,together
295178,335,research,office
232112,287,walk,general
1480013,993,create,find
1216079,227,nearly,rest
1210769,738,dinner,section
1005435,175,child,feel
284167,717,course,particularly
620228,87,type,town
135183,31,newspaper,paper
311189,407,sometimes,four
770847,641,strategy,discussion
383394,11,somebody,buy
363216,15,lose,risk
445967,979,describe,trouble
734412,573,he,year
1165095,82,suddenly,tax
1310207,694,small,improve
222089,347,direction,TV
463375,996,authority,you
417829,428,shake,area
1075379,305,tax,ago
274133,968,music,left
383200,775,fight,fear
111790,666,partner,exist
193000,467,adult,ball
1028105,440,data,shoulder
1015695,793,standard,cut
1020109,138,himself,key
784456,209,I,share
22535,725,want,avoid
697950,882,last,surface
655498,253,leg,room
1184950,400,opportunity,that
1502932,101,scientist,difference
1016027,517,yeah,can
1167636,883,spring,ever
1050886,999,they,real
1505925,248,street,discover
769332,628,computer,pressure
831309,298,process,door
1270343,413,crime,soon
392749,11,consider,soon
1498126,188,yard,Democrat
388387,903,institution,instead
561828,844,ok,picture
592518,720,occur,which
1283496,245,set,maintain
1108790,863,their,put
408547,828,by,short
426880,763,statement,visit
36424,887,product,off
1268208,81,reach,central
756550,12,future,particularly
1043581,687,future,far
834876,998,employee,little
577214,147,before,practice
1413326,670,shake,trial
1117583,523,hope,they
1518427,79,on,nor
982076,620,consumer,west
689186,553,floor,also
827888,780,poor,thank
726208,731,service,four
301147,272,fear,concern
531616,799,tough,close
908820,511,Mr,team
1139098,460,case,simply
1413518,662,adult,investment
226341,27,stay,seven
1038081,313,style,discuss
142458,359,too,rate
1184887,932,environmental,me
419326,607,expect,method
777891,351,finally,magazine
463360,282,ready,support
91761,254,hand,tree
1174964,552,eight,report
420669,901,wrong,policy
408613,947,fight,help
954872,1000,respond,where
1514003,620,area,size
179725,191,point,high
636587,273,election,idea
890329,754,key,walk
313786,331,once,suffer
352016,366,bill,fight
599952,675,individual,deep
1365264,777,discuss,pressure
856368,44,general,into
587638,378,truth,personal
186196,890,fire,ability
286337,636,official,admit
948085,246,evening,answer
1219449,6,both,where
1230830,985,article,cold
760751,237,term,husband
1482166,13,lot,travel
1368568,454,project,yes
502964,106,act,agency
672676,469,left,cultural
729735,411,line,impact
1061471,985,career,machine
391385,990,at,value
1469128,958,wide,itself
765744,720,begin,exactly
731904,844,someone,learn
817410,48,care,surface
851044,560,find,wrong
704936,171,situation,never
1202704,912,give,base
941430,60,effect,over
1032467,578,modern,imagine
1316856,595,site,animal
286268,708,science,tax
1146754,698,statement,speak
1276586,638,reflect,result
585922,883,bar,rise
376006,54,create,might
1064782,934,firm,campaign
505189,413,system,wind
1034643,799,teach,leave
1328921,848,again,candidate
635318,434,use,term
702571,866,nature,first
1082742,877,any,thousand
450900,703,as,charge
654,787,myself,door
859570,432,decade,important
1114778,825,pressure,choice
50051,281,next,sound
1468292,826,section,role
956228,576,chance,century
1270806,670,set,position
186690,663,white,model
26920,24,Democrat,young
161176,29,business,mouth
687166,206,structure,allow
898296,444,country,paper
1275836,4,human,sell
250428,648,mother,more
296047,505,it,prove
1412628,336,marriage,cell
1202101,384,half,plan
1277508,796,eight,gun
960567,149,certainly,form
373929,717,door,poor
706151,832,trip,tonight
959193,49,quickly,quality
1164612,243,idea,budget
1147071,295,respond,task
112797,409,blood,everything
1156385,281,war,radio
1254649,780,every,cost
1354861,732,computer,agreement
447454,260,read,poor
422741,277,specific,whom
704708,154,Democrat,tonight
1022323,690,service,once
1385890,222,however,base
348566,885,staff,cup
680068,415,use,threat
615617,276,line,evening
889355,668,sense,some
40717,87,mention,decide
863257,559,table,fear
1476506,420,teacher,everyone
1277524,712,science,her
474591,648,who,two
818003,637,time,watch
419,235,according,own
746716,315,according,office
865933,213,different,drive
923478,338,hope,black
1020353,704,strategy,return
1510798,136,budget,event
1341463,357,voice,lead
797917,431,school,bit
308421,670,grow,tend
555572,47,what,himself
301419,229,lawyer,career
997853,787,action,day
1366916,305,while,building
521921,406,same,left
759962,393,president,watch
251566,143,shake,somebody
1320277,552,alone,wall
196135,377,away,wear
1068458,851,pattern,professor
591839,69,amount,white
845358,268,industry,magazine
45764,862,professional,but
45140,539,hour,without
794405,302,institution,treatment
1367354,554,likely,fact
128813,950,his,authority
1424500,594,she,program
154677,208,big,bed
1481229,531,shoulder,about
876754,34,establish,large
595064,157,seven,look
715649,239,simple,machine
518877,451,eye,something
1397560,894,list,indeed
638967,381,sort,approach
511426,302,meet,senior
1394751,929,individual,culture
299599,609,argue,cause
689174,817,stay,most
876869,748,rest,ever
147779,484,term,leader
1219983,841,defense,key
125612,124,class,home
1498059,387,the,region
986351,193,fact,what
976409,743,add,number
106731,316,forget,provide
1458915,428,model,during
1254281,988,describe,board
1470069,831,sing,per
1258047,503,certainly,beautiful
127865,599,turn,test
576661,137,establish,research
1168814,606,development,level
991025,482,real,degree
1240197,597,guess,fly
1111334,103,up,important
1376866,127,interesting,name
420653,409,exist,ask
882401,149,sea,so
72121,782,sport,room
405193,916,site,rest
1458365,34,happen,agreement
65744,102,number,health
677741,597,successful,activity
1269791,872,away,young
1489623,137,serious,policy
782821,200,risk,answer
1339545,261,during,reason
842377,529,executive,safe
1083912,71,employee,protect
478040,532,rest,design
716873,724,all,letter
694964,596,perhaps,American
1158302,643,send,prevent
658050,573,right,officer
112243,190,like,left
637714,951,market,down
585821,764,itself,program
110983,466,fire,spring
367514,328,program,something
890429,295,evidence,training
426808,374,happen,investment
346609,710,reduce,however
395515,931,dark,particularly
374956,889,understand,after
1010984,197,dinner,five
631073,35,recent,time
425882,414,draw,against
436734,491,court,gun
1350265,326,local,movement
208924,763,structure,scene
63723,100,participant,scene
869301,797,anyone,minute
736831,399,soldier,simply
487910,545,according,most
840430,12,traditional,born
694074,932,down,child
872542,196,manage,culture
1174022,800,take,front
909558,921,game,clear
787380,487,affect,say
329441,759,important,gas
1528489,964,bad,indicate
974487,524,hair,artist
463506,693,station,alone
205948,509,gas,create
598536,725,field,card
1155086,395,mind,head
379165,386,art,financial
152080,284,whose,or
667271,941,recognize,specific
587455,802,kind,note
706003,96,and,field
256181,361,Mr,vote
323317,112,huge,effort
1014167,375,career,pattern
868879,59,deal,let
812222,840,like,bag
1145871,725,generation,quite
304892,463,church,record
438676,320,writer,air
936646,816,record,yourself
48078,638,section,Mrs
867441,962,give,result
130283,275,seven,better
112104,601,across,thousand
695124,173,stop,ask
1243160,965,doctor,economy
736443,557,government,institution
1224265,731,east,suggest
760983,182,beat,message
737617,460,here,democratic
296470,634,hotel,write
437072,208,board,here
1242461,490,beat,operation
448495,932,level,early
558405,642,all,local
257965,736,often,story
807976,446,threat,health
1083110,905,hand,coach
423672,610,security,wonder
1226606,785,music,physical
818384,152,remember,message
1324881,143,each,white
938655,149,police,daughter
877039,201,million,hope
356853,722,series,chair
1332852,316,hope,speech
678871,510,toward,control
668324,509,week,really
1205464,739,other,administration
816280,927,skill,thing
163411,685,rule,almost
249814,273,remember,have
713651,362,American,trial
909632,765,parent,certainly
1131128,440,carry,present
554411,395,set,community
1497376,378,possible,any
1194248,817,back,car
690956,859,plant,attention
956880,454,officer,artist
239969,740,bed,American
401805,882,free,tonight
1483197,349,stage,catch
948712,223,remember,point
1141799,65,sense,assume
911482,978,want,scientist
212967,872,company,today
724426,847,yourself,concern
1428492,405,yard,bar
502990,178,charge,baby
26737,659,miss,name
1155687,526,raise,travel
155486,257,bill,eat
1160371,363,participant,current
746698,35,your,suggest
581997,853,weight,development
1453223,330,who,live
1036634,2,amount,financial
1134803,900,let,smile
1249977,77,different,could
463570,927,to,against
313205,865,glass,phone
1467959,833,without,mind
209500,141,value,grow
1510565,254,be,big
240417,454,simply,least
94393,865,enough,wind
1191385,345,campaign,physical
1064043,909,police,man
272810,936,pretty,soon
1179547,44,eight,political
875570,35,notice,mouth
195733,654,thought,official
1308356,923,subject,appear
1502554,246,defense,according
466949,414,expect,easy
136334,564,animal,education
737720,307,machine,skin
52305,139,discover,team
842659,734,standard,trial
1054883,779,eight,we
628866,143,involve,quality
646866,127,party,officer
867917,567,traditional,sport
36926,340,walk,seek
192766,514,should,happy
1430094,392,easy,method
96377,547,away,many
643884,228,drive,dog
393122,351,expert,name
1414551,109,idea,join
1250219,17,design,show
410796,659,detail,size
656491,111,pattern,tough
204906,721,economic,base
1248967,675,part,I
1381374,18,understand,say
1296266,182,move,event
696447,722,woman,student
487255,173,party,buy
805729,944,defense,easy
616059,150,herself,heavy
223979,837,experience,economic
22006,465,second,yard
1021350,374,father,bag
46819,822,Democrat,write
448929,289,never,guy
385339,487,give,blue
681234,39,few,age
969296,244,war,even
471371,538,edge,mother
1104733,413,partner,middle
479078,120,receive,first
1460180,696,green,mother
712476,452,along,about
1144735,246,some,treatment
835298,251,young,player
784152,701,provide,outside
1125684,303,cell,nothing
1003832,981,parent,hear
833784,857,add,fine
496660,459,tell,choose
1426094,974,north,statement
680904,171,food,ten
971227,862,success,management
1199113,493,physical,marriage
1232871,661,clear,attorney
24582,4,hair,less
561722,380,effect,simply
1444608,462,expect,spring
636867,651,protect,result
1306103,593,much,per
944932,355,word,usually
352592,193,meeting,pressure
508915,793,stop,method
1245974,531,almost,church
662751,486,special,energy
1152704,867,billion,effort
1345952,619,you,white
794682,517,all,compare
1148727,868,prepare,hour
187535,85,space,around
488293,204,must,need
592275,226,often,walk
1051526,535,care,manage
450720,81,society,well
1070518,215,town,teacher
1304571,397,cell,firm
97272,768,open,movie
642117,195,authority,build
1527672,612,why,knowledge
226878,636,raise,state
429003,130,girl,send
1110878,943,free,friend
783136,917,cold,level
1212919,12,measure,role
509428,955,those,effect
1168301,211,side,magazine
1205343,159,open,baby
659597,544,middle,bed
65527,605,above,wish
1044871,400,nice,cost
474890,748,lose,them
938056,618,between,career
407663,482,treatment,course
634991,335,including,build
279340,890,politics,head
644326,557,particular,room
68619,630,decision,game
1351592,843,your,home
118932,985,analysis,reason
173618,863,picture,may
427615,127,present,run
1245789,265,cup,lose
1359220,167,send,on
865800,98,exist,something
416720,198,need,threat
1452978,198,with,teacher
717996,48,put,top
1322666,445,forward,art
325648,592,at,fine
1495407,436,at,should
1003276,889,various,from
1220306,604,course,threat
355354,904,later,push
97818,515,about,happy
1020776,521,edge,type
1481689,698,staff,nation
843580,623,seek,security
130863,154,year,challenge
397389,845,three,control
328683,410,watch,letter
454136,891,new,build
1489574,411,participant,economy
1401991,607,present,few
925868,498,add,yeah
396323,74,bank,guess
336825,447,always,challenge
806037,697,I,scene
1363848,407,town,fact
488245,961,support,fine
1477592,933,management,top
54893,593,idea,thousand
443112,111,reality,control
486208,219,food,personal
147643,90,economy,buy
337117,609,final,Democrat
757936,490,friend,myself
161037,202,chair,marriage
442923,17,know,paper
1098917,454,official,every
909354,360,unit,growth
1385239,766,whether,do
1201832,436,ten,member
1451723,313,take,hot
1421085,970,part,pass
602070,598,kitchen,if
1376873,257,could,early
800737,131,major,adult
352304,99,agency,though
13464,706,these,section
588168,965,page,prepare
647211,37,month,many
1026332,900,investment,model
818674,493,feeling,dream
534034,534,myself,down
979269,157,reflect,agreement
247091,424,small,up
379765,574,dark,effect
923185,691,child,statement
144121,753,center,anyone
1087476,741,similar,example
1520939,890,play,increase
1259754,200,rise,water
1256404,850,model,give
572537,965,full,listen
1196415,14,situation,sing
528456,985,work,news
394112,699,four,find
614849,960,role,thank
155197,701,start,recent
639534,266,reveal,ever
968620,905,receive,fall
62190,260,son,public
705124,211,person,address
808157,119,Mrs,grow
465454,681,director,assume
1177084,745,two,seven
923627,707,somebody,career
211656,595,put,four
540001,988,kind,four
1249157,743,this,dark
363178,962,as,should
73124,357,federal,certainly
22158,50,today,minute
471088,265,raise,day
619751,639,end,father
31641,471,more,floor
1183845,151,friend,respond
412290,892,region,resource
639413,266,hard,information
1036728,694,picture,others
706913,178,side,look
496706,348,speak,special
1232531,379,present,quickly
1088333,16,tonight,large
847180,106,material,decision
107488,386,short,information
725214,597,few,reality
571620,605,just,every
1069688,594,here,environment
1223340,136,body,left
292799,66,value,model
538074,288,seek,address
194638,375,fine,focus
1480184,896,follow,pay
1032409,137,million,trial
139015,408,trouble,nothing
446844,271,hotel,drive
1455403,707,poor,anyone
782842,658,population,decide
1327219,735,same,huge
1015360,26,performance,miss
216947,244,drop,call
1283432,926,member,watch
1118404,207,major,hour
1013127,416,think,friend
684669,557,since,attack
382694,457,land,send
993764,167,trade,modern
204167,741,reveal,ability
214545,620,many,future
182429,945,impact,hold
596242,105,poor,economy
297829,458,hair,peace
316571,596,machine,huge
919991,81,skill,little
1004253,257,change,several
1045427,829,power,data
153737,261,whom,thought
1343137,799,office,popular
843062,260,might,available
1301307,789,successful,owner
860122,349,voice,might
9829,480,near,exist
1447183,177,result,price
401949,342,question,cause
518367,57,approach,player
503136,911,character,age
812795,130,they,ability
1253176,232,there,should
869787,657,second,throughout
1494705,28,worker,through
1509555,138,Mrs,bag
804690,126,financial,indeed
332876,539,turn,structure
980813,403,at,treat
1236250,111,animal,her
922971,635,theory,study
110472,879,my,oil
35943,297,last,though
762258,404,two,quickly
1354399,394,we,standard
248181,406,such,truth
302428,820,item,resource
999201,317,whose,find
247170,757,cost,you
1300604,997,defense,student
1047307,787,international,toward
291414,755,though,job
41254,620,daughter,Congress
189337,1000,do,clearly
375390,201,staff,available
1235367,64,foreign,south
1147632,627,it,region
991996,472,attorney,development
1092561,193,control,short
1298406,553,sense,happen
585869,709,quality,agreement
95655,248,human,think
984108,458,prepare,door
1004750,254,amount,thank
462301,245,actually,social
1384862,69,benefit,beautiful
1195792,301,dog,health
8523,492,seven,parent
1791,192,not,deep
401232,702,break,left
801109,184,side,share
186222,988,sense,positive
1537668,408,expert,sit
1058795,239,for,pull
1123878,440,whose,full
1260555,838,themselves,stuff
23374,695,responsibility,writer
561877,566,low,security
1302322,621,approach,story
73726,166,authority,audience
1154222,145,arm,high
797168,704,ahead,could
1076270,851,its,career
1304799,137,business,bank
990602,135,owner,add
131510,888,activity,value
848780,449,style,south
755802,529,visit,admit
452762,796,house,listen
137691,641,race,consumer
146523,940,career,human
1130500,921,black,follow
1384693,348,this,action
279352,282,finish,happen
521400,883,know,official
616391,680,glass,plant
1300023,443,wear,fish
376968,184,black,military
1151004,12,boy,painting
725464,568,yard,across
1228514,968,though,economic
706675,28,surface,item
265762,470,own,information
760302,842,without,treat
662765,101,both,reason
1503022,73,never,can
402728,987,pretty,audience
336446,290,cost,charge
561850,933,another,bad
332051,708,husband,interest
862380,424,skill,listen
1424836,976,enjoy,air
166241,906,experience,common
521074,681,there,condition
532086,735,treatment,million
651675,356,smile,million
1352166,319,suddenly,take
129093,834,key,probably
588137,318,school,performance
676772,976,especially,property
1219288,694,yeah,eight
632202,428,consumer,property
312460,61,you,form
23924,631,executive,trade
309001,271,science,hard
1251336,147,huge,rather
1333941,800,fire,sure
480066,635,can,allow
1229900,138,place,usually
883077,406,forward,become
802254,924,short,president
332042,507,chance,somebody
352584,869,enjoy,church
1503470,485,some,question
666510,489,son,hair
318634,779,boy,federal
1520051,199,call,laugh
900521,563,sure,beautiful
662244,960,collection,strong
942470,761,wife,national
116793,386,ability,read
1040512,879,PM,sense
1223213,428,instead,once
882822,3,half,way
1353560,130,practice,western
687106,793,camera,according
1071360,816,receive,yes
155501,105,our,detail
714666,620,industry,affect
780296,359,just,idea
624690,547,reason,politics
516039,169,start,but
854066,4,box,store
84056,388,letter,away
987057,681,sign,heart
1057095,25,vote,something
1399608,722,what,myself
519913,771,open,author
628489,849,present,TV
1064917,890,article,series
703159,10,early,laugh
1338445,948,shoulder,specific
409494,516,over,crime
1191116,726,until,sometimes
754620,815,town,American
1048768,806,common,style
1077137,285,field,truth
1003529,83,message,man
1152129,679,let,involve
971136,474,man,take
323664,149,laugh,place
1094020,563,much,deal
1321656,840,can,civil
1254858,416,without,behavior
859900,249,other,pick
1028315,436,popular,send
684542,987,magazine,college
993847,343,plant,spring
962666,561,make,east
854106,14,nation,wife
810944,93,lose,grow
238639,331,though,others
67595,802,hot,forget
1271448,277,daughter,wall
300887,894,life,focus
1143539,17,page,growth
25814,490,once,recognize
415755,142,heart,challenge
696038,154,kitchen,data
1248403,132,vote,sign
1539994,150,method,black
256658,55,already,movement
944683,210,effort,me
1198422,530,ready,story
1244560,36,sister,just
441831,326,strong,PM
1390385,655,suggest,book
1525588,403,service,military
393775,102,half,soon
721197,330,feel,party
123112,640,image,middle
731277,315,any,many
372965,946,affect,black
129190,552,natural,officer
1000749,433,project,course
35186,405,yes,center
815852,17,whole,pattern
1531665,37,eye,level
314620,944,office,newspaper
197555,308,risk,type
1003343,256,school,discuss
285478,274,outside,hard
316490,360,realize,allow
1130830,694,them,feeling
378940,122,science,debate
381178,970,current,determine
790537,905,once,sign
1215757,687,line,material
854628,269,author,writer
1322844,6,claim,against
1099300,759,effort,down
850570,330,item,seem
102559,622,cultural,radio
493150,783,kind,fight
1099241,16,history,century
1322833,645,mind,late
1361508,460,maintain,director
237982,166,free,since
826612,71,entire,difference
963090,436,north,Republican
1196186,123,four,lead
140139,89,low,dark
62674,846,allow,boy
907126,956,business,garden
999136,759,another,down
1029191,170,local,detail
639089,40,message,feel
1289793,226,determine,magazine
955772,855,allow,order
111922,613,price,candidate
1111349,381,participant,become
126519,701,she,western
1384392,757,him,coach
826438,356,chair,case
1438825,604,member,major
33090,765,ago,study
726385,174,left,step
1513201,844,agency,whose
211752,75,close,crime
1058257,584,citizen,present
1297580,746,use,thing
432697,333,second,fish
1272883,660,yard,body
492962,43,particularly,shake
366674,115,statement,relationship
97011,322,get,store
378765,53,southern,discuss
134316,378,music,apply
1071161,427,apply,travel
763835,130,produce,treatment
963715,104,pattern,modern
974582,455,scene,sometimes
1168363,890,social,task
217742,823,business,letter
854581,499,task,cold
1362763,242,laugh,and
1485488,487,chance,citizen
795702,675,week,whose
79952,113,say,throw
106994,527,know,media
37826,788,game,rather
1123642,736,technology,chair
1211636,465,true,focus
1395192,838,yes,success
975419,692,method,probably
1357716,615,month,day
111353,829,occur,size
1010259,645,rock,prepare
915324,327,pay,whole
412123,367,contain,accept
1348277,438,piece,you
998565,192,less,nearly
981386,457,likely,tax
912976,59,course,build
453926,952,race,action
1091202,941,require,evidence
1397562,241,live,who
12137,668,happy,effort
57234,292,still,probably
293076,965,wide,knowledge
593698,496,consumer,nor
568462,521,matter,myself
1246094,481,test,sea
1422509,26,leader,adult
394287,723,wrong,who
679966,781,country,maybe
516349,747,back,hit
790672,70,director,reveal
1140424,739,writer,plan
1180170,272,guess,dinner
1428545,876,owner,health
869259,151,group,represent
567868,393,direction,management
286275,681,together,group
1364755,170,open,writer
1034378,672,amount,range
1131791,64,realize,student
550224,882,win,east
300880,906,book,choose
511004,466,movement,those
1099962,558,opportunity,good
351160,41,visit,any
325833,64,before,quite
489470,517,ok,power
32061,730,nor,girl
931797,451,make,around
160054,86,across,job
679084,257,enter,well
52118,38,her,choose
1421470,631,population,other
1265822,426,light,offer
279898,932,all,course
1482660,722,story,close
1455784,540,I,race
1333848,615,strong,including
564104,385,energy,civil
871487,858,can,by
1517555,484,in,spend
1486602,552,father,plant
896240,815,station,whether
12973,410,history,argue
1062995,965,style,bag
1356356,88,avoid,interesting
1410717,371,area,laugh
1024555,584,alone,surface
626896,135,others,agreement
251695,132,speech,protect
1124739,660,memory,natural
565145,855,ground,design
218504,968,participant,owner
942370,857,two,second
361708,707,serious,close
961222,10,number,trip
191808,469,view,one
54771,883,art,similar
1420238,788,treat,professor
201393,543,building,quality
1230332,760,full,sense
245671,350,very,through
263680,293,catch,argue
950385,118,on,pressure
864631,903,during,huge
476214,997,point,something
822994,113,board,social
852419,590,career,different
120339,330,page,least
1030483,204,prove,like
575246,126,your,once
15609,108,fear,early
49772,28,also,provide
245969,600,try,and
799294,931,value,leave
345596,874,walk,whatever
209960,91,happen,interesting
1102957,861,first,rest
213374,855,cost,season
56545,237,not,opportunity
101228,121,theory,future
1438567,528,building,mother
95565,134,carry,keep
1342340,120,wall,pressure
1203192,525,Democrat,where
1153919,516,term,strong
322437,531,wonder,economy
464061,581,seek,traditional
904460,60,tell,operation
797193,432,man,among
1162802,802,goal,Mrs
1178384,119,get,change
1127587,814,special,point
677653,612,area,article
1259009,916,article,buy
209079,341,likely,process
425940,120,role,nor
919382,661,number,interest
458938,702,and,executive
1023255,399,wrong,nation
1113584,220,long,certain
784729,263,score,call
1188675,944,economy,carry
1345102,488,something,difference
486278,322,page,authority
1333790,182,ask,key
63148,797,lawyer,Republican
250140,469,term,left
390882,436,have,green
1197187,525,military,possible
9713,558,history,long
1488159,839,meet,go
1331937,318,attention,fight
803704,731,place,arrive
1369484,619,animal,weight
1147993,471,interesting,shoulder
594497,627,player,garden
854651,845,any,policy
25218,260,movement,yard
533445,175,nice,what
279185,154,nature,his
319032,7,lose,local
544686,90,age,pretty
56276,75,operation,three
61283,219,enjoy,boy
1069119,412,third,for
127334,944,another,all
1273159,892,nature,also
937908,747,news,sister
656817,892,Mr,remember
594934,730,may,anything
500936,655,follow,lead
276943,33,show,use
724959,702,kid,produce
794265,414,Republican,beyond
1266639,737,seat,myself
875773,760,lose,respond
498992,607,story,surface
172545,227,minute,perform
631637,301,eye,local
1334738,590,move,certain
1406778,435,affect,movement
731809,8,wind,them
553286,619,break,trip
308118,644,anything,town
958804,848,light,under
1349050,867,world,partner
206137,142,piece,front
1480114,61,despite,recent
260550,833,career,capital
888847,995,guess,send
1507688,377,should,discussion
896895,509,think,particular
1472275,689,education,oil
33624,777,against,race
1437419,412,finish,air
1174230,168,bill,sister
1077302,829,later,military
932141,620,professor,agreement
80985,638,certain,new
99068,181,month,head
191202,472,it,first
849230,414,partner,east
509251,968,assume,break
133184,308,set,former
1169042,98,tough,particularly
766971,271,myself,agree
1155360,665,four,under
129386,746,answer,face
1002771,498,third,history
1257272,568,keep,son
84310,390,nice,put
978961,241,because,music
796693,723,state,officer
815892,90,mouth,mouth
1043006,673,garden,long
1308422,800,what,meeting
888244,620,local,answer
1394770,388,prove,military
762935,49,product,attorney
831737,913,guy,rich
83149,192,item,win
1517192,484,government,throw
1260331,210,ball,idea
1193555,491,situation,professional
1495702,490,test,true
694532,784,situation,these
1381495,639,explain,I
832088,579,where,beat
500512,765,difficult,main
146802,309,anyone,cost
1172089,195,dinner,move
1216034,211,career,wide
940338,660,second,development
1520827,368,available,coach
592851,148,student,look
817835,729,body,charge
910328,105,poor,decide
230027,375,wide,whatever
1135766,614,specific,appear
680668,721,tough,true
1521679,121,rest,local
409985,312,direction,should
141302,475,around,small
1013338,174,provide,rest
750411,777,discussion,son
107464,456,forward,family
1466237,178,analysis,concern
1422677,819,argue,may
1366848,698,friend,hit
707365,182,so,medical
1068066,604,heart,way
570401,733,city,reduce
1173764,596,life,contain
116642,507,hear,number
1131422,172,her,herself
1238178,774,data,nation
1453473,540,sit,central
637353,225,need,garden
694569,836,coach,teacher
451632,589,this,do
723118,225,floor,analysis
1415905,329,remain,choice
1142151,110,follow,focus
923096,298,born,brother
1108170,992,computer,race
287702,259,growth,believe
88245,179,voice,quite
1137565,766,poor,anyone
1200866,972,defense,anything
1444377,986,east,PM
195551,294,society,area
768560,77,several,media
1121552,28,star,teach
351306,169,professional,cultural
957493,239,then,not
1075485,430,pretty,newspaper
269562,38,democratic,including
1452734,470,easy,cover
884491,912,suggest,picture
1416769,862,find,relate
978923,783,certainly,first
691570,230,fine,memory
1004803,253,scene,relationship
367328,656,office,minute
807473,775,fish,foot
1028666,18,child,play
10691,244,gun,film
715346,866,detail,morning
368540,212,during,kind
792045,609,color,share
675827,495,evidence,their
7613,977,physical,action
270688,607,face,several
363676,554,interesting,ten
261950,328,begin,forward
110894,29,tonight,one
398949,390,doctor,agreement
1517297,555,strategy,investment
65550,908,special,visit
429417,786,power,radio
1189976,955,evidence,church
1129267,469,positive,town
73697,926,now,there
687428,339,late,either
38456,330,series,develop
722145,659,much,who
164346,968,rule,available
332959,214,school,central
1414259,386,leader,people
117700,633,office,size
526919,874,record,box
1453209,944,us,rest
199053,371,letter,hotel
457205,918,Mr,ability
586843,250,kitchen,wonder
1326419,52,series,with
1424597,718,early,cup
958477,808,agent,culture
1242805,88,power,bar
1376548,797,walk,box
562774,524,almost,lawyer
677035,610,main,type
466947,622,manage,final
401510,59,election,large
1317674,117,piece,also
997429,33,six,wide
669710,473,American,bring
131709,909,hope,six
1113548,528,stage,act
465160,153,wait,huge
524065,941,assume,matter
547865,966,letter,actually
558840,130,majority,traditional
26460,847,call,push
554145,873,hospital,us
364408,859,tell,what
25798,166,soldier,research
47603,198,parent,offer
1304934,480,doctor,west
1269320,964,across,popular
1267675,309,resource,visit
712258,665,present,machine
275810,367,board,fall
926339,134,evening,point
231898,567,station,sell
1016587,856,own,data
100249,137,single,health
1261760,255,result,economy
1007233,257,final,event
877809,115,break,size
256301,685,realize,me
110923,394,eye,recognize
282987,959,eat,must
384545,894,friend,same
546801,790,paper,stage
1239670,74,third,consumer
147070,354,sound,data
455258,701,yourself,a
53341,387,feel,factor
1416568,215,special,operation
885115,253,future,enough
488656,840,do,certainly
694240,131,radio,compare
1157914,820,final,material
632587,586,decision,conference
510440,475,machine,local
381315,641,within,court
544553,260,hotel,situation
924934,640,government,boy
145495,818,rather,interview
1523871,282,job,perform
1142404,209,today,morning
950377,255,theory,far
1282774,750,ball,not
75440,912,member,many
1455583,227,five,truth
1538385,229,tonight,help
608409,809,treat,city
483229,333,join,him
1040312,405,never,ground
1264373,772,process,exactly
980266,111,stuff,perhaps
85866,686,herself,approach
1471969,866,subject,pass
1066532,837,safe,environment
647986,911,stay,go
792750,462,herself,whole
205241,671,international,happen
712977,633,report,thus
812347,305,data,baby
408698,144,understand,top
124132,22,task,since
1475130,199,option,quickly
1116572,367,build,his
1341302,794,live,pick
1523657,428,religious,set
1505980,780,alone,pay
663625,283,interview,six
356106,602,play,style
352517,72,move,view
709362,78,follow,president
452332,817,cup,office
1133778,821,officer,near
613506,48,feeling,of
1041724,143,late,professional
840515,27,modern,early
1044936,151,game,enjoy
319640,919,investment,little
831757,566,possible,contain
98092,801,media,international
1017728,311,nor,amount
1052429,969,yourself,sense
147035,384,close,later
58497,770,cost,center
1364682,18,live,key
147431,791,goal,of
1482545,908,fall,might
1265366,231,radio,activity
1443582,1000,level,hand
1380681,453,population,exist
597705,411,his,Congress
875175,766,manager,mission
1097731,208,likely,soon
1461634,923,institution,rise
229198,423,positive,second
301039,369,I,claim
160643,519,possible,send
891457,495,government,power
1264909,347,physical,medical
425417,754,easy,however
1487210,301,usually,there
876943,56,less,question
1233241,103,window,himself
1222173,320,manager,others
100199,759,while,mouth
854356,131,of,another
1477306,440,pretty,make
686290,300,bag,work
1247328,659,plant,drop
742446,45,politics,raise
1395649,257,day,design
1372893,539,color,deep
966299,129,hospital,occur
1237097,932,economy,these
1488129,378,name,tree
1353250,593,go,head
494168,654,situation,his
1402711,541,moment,wide
1115226,469,trip,concern
38324,894,key,after
957424,86,himself,late
575915,860,treat,unit
1509548,598,four,environment
823516,89,song,to
241880,223,Congress,could
859192,146,bag,occur
826198,811,force,century
645911,491,hold,their
582610,199,center,person
1519883,355,case,dinner
1132463,872,hundred,late
1363249,469,building,no
1169141,94,involve,drive
559887,195,most,finish
650749,853,computer,nice
1413895,474,myself,take
155891,517,customer,voice
1258788,846,voice,against
1137855,243,hospital,another
688475,272,politics,strong
1269070,796,me,allow
1106730,520,better,hard
105941,806,cup,western
1418213,316,authority,compare
63915,965,society,citizen
468088,261,learn,training
994344,102,get,seat
481805,848,improve,send
820380,57,democratic,represent
1365873,398,reason,report
1505388,706,age,sister
1218825,317,game,reach
1180277,260,ever,ahead
1283459,723,actually,service
1098159,912,cold,fly
564063,839,south,as
66798,184,attention,even
641016,596,with,heart
65718,725,campaign,generation
592210,454,poor,player
1453685,702,finish,woman
85783,226,imagine,as
992491,121,religious,business
952480,693,eat,analysis
645050,122,which,student
373343,452,drug,section
63600,162,sport,against
686684,339,tell,the
918426,240,wrong,road
748782,56,star,team
17999,669,stock,hear
420887,264,energy,fear
910380,578,PM,worker
778604,793,Mrs,two
63835,496,since,film
732459,813,close,century
264115,274,every,education
103136,728,against,several
868757,144,president,other
1528620,53,must,possible
420478,823,protect,grow
127261,421,move,minute
1376625,907,fall,during
892934,377,nature,newspaper
889285,583,ago,company
531694,203,effort,together
131825,87,option,analysis
145911,161,outside,ahead
25356,297,what,ready
138862,8,at,easy
537380,561,attack,expert
360620,650,value,surface
498541,128,especially,next
1467652,25,accept,available
1319992,545,rest,practice
514958,982,office,player
609441,291,pattern,without
97830,733,medical,different
776267,636,laugh,forward
583287,381,visit,ever
38831,341,brother,task
449715,910,result,toward
1247436,384,five,upon
1059730,36,couple,it
1035961,474,democratic,early
1249462,698,peace,law
723292,139,risk,hospital
494343,21,much,sing
1534985,40,good,leader
161187,530,loss,sense
531363,94,energy,pretty
694731,424,say,media
147027,167,in,court
1131442,695,old,season
1364442,22,later,from
478213,802,teach,better
1035085,375,your,back
1004052,18,theory,also
505116,837,maybe,main
557878,626,believe,consumer
552359,401,not,right
689801,116,west,military
276116,576,everyone,develop
1206892,324,positive,thank
1501596,488,little,enjoy
1277757,400,artist,will
1388102,844,accept,then
40126,816,stay,study
1216719,643,mention,race
439542,861,hair,candidate
1262677,606,environmental,make
61629,985,edge,prepare
112453,455,able,player
1456658,132,by,himself
647145,85,during,produce
149361,857,nearly,describe
163577,956,wife,everybody
318596,792,he,sort
481525,191,almost,author
1434382,964,future,identify
857495,568,stage,body
76750,176,do,hard
143579,469,training,hold
253647,794,hope,travel
1367088,515,raise,government
685186,645,true,huge
688922,937,recently,both
835429,241,order,camera
359773,303,expect,when
719463,228,on,decade
49407,993,community,sea
146330,598,theory,foot
679174,54,light,community
1359801,436,good,far
366993,758,report,series
813314,1,hit,type
1373555,123,pattern,method
175740,139,table,memory
1158124,399,key,should
544446,347,adult,moment
1285689,599,begin,any
804703,486,of,production
1124813,433,instead,Mrs
937532,572,herself,loss
551207,497,rule,mention
1343549,472,west,debate
155740,877,hear,live
471976,70,process,left
254848,88,themselves,painting
958487,53,society,deep
1362731,193,continue,buy
771311,379,return,movement
1203994,543,course,around
1537406,989,carry,organization
603313,530,particular,everyone
153233,105,side,of
377719,245,read,ask
24061,852,detail,expert
15702,502,throughout,a
697513,247,happy,really
705663,525,focus,ten
941087,67,fill,challenge
255534,182,go,administration
765243,348,billion,skill
287626,385,force,gas
1147414,899,thus,north
1344824,153,which,might
400732,738,always,thank
947281,887,fire,fight
179210,180,could,glass
840974,427,defense,well
588289,411,task,job
607577,616,effort,suffer
937993,202,describe,move
60467,962,part,already
859161,327,through,mouth
82572,697,rock,culture
552473,196,person,stage
706692,204,range,respond
427268,228,less,series
1071400,336,party,professor
912625,133,animal,blood
538569,12,adult,kind
1284258,695,treat,movie
1162445,55,shake,size
1139218,546,beyond,share
1343346,533,agency,student
414961,81,feeling,couple
865295,684,matter,sell
852180,849,hear,first
232763,847,fire,century
397174,236,throughout,continue
1018629,823,seat,suddenly
1282631,151,reason,improve
1244625,811,stuff,space
35086,360,option,produce
672314,232,perform,cut
360517,592,yourself,return
341710,691,single,little
595365,274,prove,look
461918,289,enjoy,argue
1490679,902,foreign,heart
44558,864,respond,process
12132,99,exist,over
76440,883,across,join
584014,761,cold,look
1405738,572,federal,office
70954,151,about,standard
444869,958,law,policy
545849,310,billion,manager
780737,602,stage,key
1156148,711,gas,within
384108,831,administration,stock
958647,998,hour,however
138141,382,bag,rise
1439454,102,they,hold
459762,411,manage,discover
649590,330,carry,around
1043455,990,doctor,scene
49774,659,serve,play
950678,555,specific,increase
659672,979,safe,power
4723,795,maintain,exactly
596881,701,the,large
386224,690,provide,common
1403972,547,ask,ahead
487264,348,fear,model
517446,335,adult,another
1120926,269,manager,stuff
713353,934,Mrs,produce
741044,385,painting,television
780348,441,successful,risk
1197191,882,out,me
600719,974,late,west
1380329,862,spend,board
253729,889,adult,property
1317902,820,full,college
1424398,253,garden,share
867759,130,room,near
156461,475,civil,feeling
1358155,23,movie,black
1299902,854,simply,green
511681,635,debate,same
876855,545,send,market
276033,216,left,Republican
1018045,490,analysis,happy
421318,24,fear,on
637660,384,purpose,real
1398298,279,three,idea
572571,818,see,machine
1235795,194,anyone,forget
1184340,717,later,trouble
794863,756,figure,government
216160,735,girl,responsibility
57860,698,shake,protect
580819,393,choice,field
316302,109,wrong,region
734420,921,small,establish
841961,388,hot,what
1539317,187,indeed,successful
322052,513,watch,sister
341153,953,almost,world
950681,350,whether,note
943957,223,through,goal
342790,687,mind,nearly
499734,74,shoulder,quickly
1149556,619,door,loss
728376,33,letter,rock
1027841,322,certainly,hold
88194,502,human,money
898000,143,six,when
594425,605,specific,believe
716780,964,among,ago
1498412,705,value,wait
1174554,441,glass,begin
1187185,320,apply,remember
62210,709,whatever,speech
309536,143,reflect,share
639691,42,break,offer
1311488,867,support,image
140331,375,pick,different
1014958,941,performance,else
1343763,305,character,indicate
923729,935,money,allow
712898,797,lay,should
640307,819,poor,fine
60051,680,his,soon
674657,986,first,anyone
568052,405,director,fire
623230,296,this,until
1517895,641,especially,sometimes
332066,837,response,pattern
1307911,371,according,Congress
1235225,459,science,space
1031576,981,determine,teacher
683832,96,ground,city
13411,492,effect,among
766182,415,market,them
829529,807,realize,idea
1096902,569,he,your
1163069,692,professional,right
118847,93,teacher,herself
594476,333,hear,subject
55889,357,than,party
195453,403,finally,final
1059535,675,generation,wrong
544985,888,guy,which
414091,88,necessary,Democrat
1470730,624,simply,prepare
215505,464,hold,better
1393212,269,industry,yourself
1456332,686,experience,hope
702123,743,fill,smile
365048,689,animal,analysis
998473,240,space,level
328724,180,product,Republican
705087,176,street,with
480625,675,world,wind
579520,230,reveal,home
665548,224,push,though
329777,944,you,focus
2276,82,medical,station
429435,435,reality,career
951907,555,body,look
1041116,84,more,news
388148,672,child,boy
194491,924,though,watch
886677,547,music,bank
1139081,546,need,find
1093005,641,use,several
1012608,620,story,say
1442282,60,already,pick
1223663,294,go,Mrs
1216062,673,right,low
737200,784,begin,professor
1344643,5,prepare,next
1082068,40,deep,bring
1376813,655,both,until
688151,90,address,five
1182049,213,along,specific
1173970,209,short,reach
198027,150,former,consumer
1207894,194,itself,teacher
597874,409,wind,add
1530817,504,one,player
358917,55,receive,police
187400,746,former,travel
17054,452,available,month
488266,592,relationship,sit
427245,233,while,pay
1317157,48,design,only
689594,170,operation,pass
298783,80,eight,today
504960,252,arrive,people
374790,840,often,deep
794617,461,form,matter
1379529,916,base,middle
1443821,563,sense,contain
998902,145,style,explain
674898,922,laugh,hundred
1250970,804,PM,author
172653,18,gun,window
1222373,904,check,politics
114353,485,black,she
978990,188,you,chance
1500849,352,write,surface
694054,96,during,race
134104,569,face,pressure
1367442,604,current,change
173183,180,door,hard
903802,676,value,part
526982,977,set,two
1526648,27,wait,build
1516001,405,last,drug
593667,562,follow,strong
990527,735,visit,rate
1222263,758,health,stop
1504668,70,prepare,until
208115,767,already,character
728182,649,effect,pass
682722,979,former,about
1318530,525,western,throughout
482120,578,likely,brother
708676,11,their,have
1369215,250,trial,region
604163,895,serious,list
7710,936,test,call
189431,917,born,child
940306,325,leader,simply
234200,1,wrong,ahead
758849,875,create,class
598854,75,play,put
1229837,153,administration,senior
778761,896,Congress,very
1374761,665,painting,husband
1059614,316,else,continue
1348715,464,rise,research
105671,573,sense,meeting
1507724,538,Mr,hold
1143595,501,commercial,it
1446114,334,else,message
382697,676,toward,lead
1150288,748,food,beyond
1021463,668,sister,with
457112,89,vote,east
935665,529,way,phone
1057642,925,pull,crime
1531923,705,next,little
560762,284,program,mention
485270,660,short,visit
136897,13,series,sign
1459342,646,truth,religious
1118583,874,exactly,military
473369,146,attorney,onto
40977,733,current,provide
953041,837,ready,simple
310953,958,ability,sing
337446,199,each,western
391340,533,cut,long
232969,900,adult,nearly
660888,804,sea,today
767092,564,with,sound
476971,158,figure,on
1343625,672,grow,professor
1205097,881,church,reveal
1152268,425,sing,throw
829215,578,commercial,health
1318918,757,serve,join
1277758,974,avoid,various
1084319,460,every,professor
12418,363,perform,must
444316,80,fight,trade
1479217,20,career,before
1037749,354,real,director
555716,209,be,most
1099935,736,blood,choice
1145022,297,operation,long
762215,983,run,consider
1383957,637,news,everything
265688,961,building,move
999513,844,reduce,during
1177813,297,check,pressure
155289,70,others,improve
259361,637,century,Mr
481613,462,beat,create
148445,699,goal,cold
1010771,298,contain,gas
1185095,302,Mr,court
1165823,71,ready,best
1097414,951,leg,real
1242137,901,house,forward
982115,263,building,prove
1392500,62,movie,campaign
1445709,3,full,home
179443,884,our,exactly
301289,882,chair,several
844833,889,evening,large
432114,849,throughout,prevent
873462,771,rise,letter
367844,369,another,arrive
946000,433,attention,big
18024,99,buy,do
345389,50,mind,without
19660,831,pass,always
152018,802,official,often
128888,408,face,media
202545,514,economy,fine
66226,125,science,detail
1466754,587,send,surface
552762,985,edge,writer
1330227,740,also,use
233598,522,meeting,style
725360,453,which,parent
1105794,702,many,crime
3286,541,page,say
759670,449,successful,cell
354585,934,show,model
757350,154,himself,cost
420451,743,dog,a
1128837,875,crime,feel
311403,188,other,draw
99606,930,number,strong
423228,474,much,look
1088758,217,break,picture
956890,89,smile,myself
1213170,991,white,soon
842040,296,while,traditional
617619,665,evidence,stuff
427045,614,outside,large
1076755,784,only,let
1172180,516,simple,purpose
1483971,987,product,set
162893,781,particularly,successful
1260574,905,firm,street
189508,308,themselves,save
267982,987,skill,interest
1281635,864,firm,type
623139,145,season,hot
1240119,239,help,affect
971789,173,financial,strong
656874,670,section,seem
1125475,160,crime,product
253854,707,material,lawyer
844008,486,sign,former
1371373,692,door,personal
1432452,162,organization,not
96396,700,meeting,collection
727033,351,industry,head
669657,380,join,yard
1192425,400,course,lead
1348850,643,worker,kitchen
172150,829,reveal,authority
1234968,796,a,be
988675,238,recognize,tonight
995785,237,test,contain
1198148,165,quality,authority
13554,211,Mr,sport
574854,543,history,across
1217564,849,more,off
854705,394,wide,parent
1119052,715,maybe,simple
1036204,629,sort,so
1244292,633,capital,letter
995870,752,another,huge
1007758,171,state,crime
633564,659,play,stand
1470522,914,organization,statement
1305221,588,everybody,bring
1144942,466,executive,write
1269390,363,base,serve
614969,594,amount,must
1242918,718,woman,wife
622086,828,this,source
96982,999,really,central
310402,40,song,series
97727,2,manager,remain
511529,778,win,music
856393,199,analysis,themselves
1156124,49,southern,easy
633721,345,the,drive
204542,392,design,local
603057,427,itself,impact
1538754,250,people,wear
244083,481,near,manage
1259153,999,worker,before
1459137,514,manage,vote
651342,288,expect,dark
1268190,138,thus,letter
398978,784,tell,responsibility
1175557,852,medical,possible
1482110,191,receive,able
1223526,530,conference,current
681036,781,move,part
1329792,435,require,quite
997742,494,nature,station
48312,465,wind,office
725751,819,grow,style
433933,438,determine,get
1277689,73,why,answer
790345,97,page,economic
190578,52,significant,like
736154,49,them,begin
1244323,877,peace,assume
128553,244,game,stock
126922,953,north,establish
658723,696,information,kid
1255610,828,happy,will
1333631,166,because,great
177146,341,seat,company
803066,978,coach,artist
660841,595,another,particular
1327961,843,as,decade
923094,662,arm,manage
77058,925,be,west
115756,320,defense,change
468338,197,increase,moment
158319,407,of,thus
229811,622,best,stand
1465424,440,writer,moment
1113265,50,picture,region
263623,100,child,support
841075,227,black,generation
1277472,273,particular,window
729972,57,compare,whether
126389,717,eat,yet
1035262,851,people,nor
521489,150,friend,knowledge
1147377,822,light,develop
783266,252,water,company
166045,198,option,and
274214,497,smile,surface
579418,682,star,rate
1066860,580,laugh,kind
276622,197,into,beat
1451195,805,according,senior
1479299,644,their,instead
213069,244,firm,true
326431,340,woman,right
1255338,306,direction,couple
275595,280,for,last
189090,254,couple,near
518333,440,prepare,seem
1206150,527,necessary,take
814644,885,physical,speech
1392229,594,moment,large
874875,358,reduce,garden
1444136,885,ever,throw
268549,655,we,local
1351721,698,talk,inside
414322,770,travel,star
1399559,778,hand,thought
1533314,459,position,consumer
1377420,72,dark,church
135196,508,upon,best
961218,697,public,prepare
1244616,584,defense,worker
1197961,545,office,because
46220,62,site,effect
303565,793,sing,dream
1153910,70,popular,century
1519556,521,five,cut
241369,950,every,mean
1361517,577,bring,spend
1441758,932,group,environmental
650045,29,course,most
148123,112,mouth,or
1285613,399,Republican,military
273761,111,thought,never
314050,157,think,red
970478,372,tough,whatever
879428,721,behavior,our
161800,846,big,fine
1169403,969,watch,understand
1011362,433,listen,yes
679313,936,hit,difficult
180753,318,so,assume
33938,233,cell,that
215836,447,scene,big
1384798,42,me,value
935886,718,recent,improve
1024938,799,company,late
696630,765,per,way
257100,637,ok,will
248681,448,who,reason
73496,489,know,church
1391344,799,rich,food
466538,488,business,month
306058,278,seven,me
788344,909,mind,someone
1449398,701,trouble,describe
134783,6,feeling,teach
1261392,226,parent,education
852412,409,article,card
381324,906,husband,two
1464993,537,south,human
595602,811,on,sign
638058,378,site,light
1080360,967,seven,pressure
538258,167,focus,win
1174799,569,we,whose
1018343,216,just,professor
40833,204,network,lead
908255,244,amount,enjoy
377569,917,local,break
1493901,341,red,involve
154894,881,Mr,official
104203,589,blue,deep
1357002,508,finish,thank
1024272,793,public,clearly
1140228,841,big,but
416931,676,rather,every
1262711,764,north,sound
16388,600,pattern,before
694286,911,sell,market
887920,606,add,office
413519,607,center,mention
831707,841,will,of
596025,114,decide,cold
1366429,700,various,animal
927249,714,rest,apply
562214,963,later,back
673867,941,that,style
789711,718,subject,movie
1430376,469,appear,just
36467,18,service,crime
350750,38,force,fill
1433637,39,receive,challenge
1269066,537,car,today
984539,570,class,choice
1537405,130,available,this
165213,763,property,view
1132015,66,wide,pull
816782,336,physical,whole
94080,992,term,born
1144487,492,sign,example
34919,905,low,front
700690,614,too,doctor
823908,848,research,include
1503092,162,commercial,production
783904,273,under,quality
776537,333,nature,local
181838,905,radio,maintain
653077,478,billion,south
9426,189,show,part
1296923,846,choice,first
776110,724,activity,camera
876413,285,sure,away
207918,282,college,shoulder
413989,216,represent,black
909407,949,page,process
152542,683,administration,huge
729717,41,few,give
1379508,864,newspaper,dinner
625794,552,spend,ever
1175767,739,trial,consider
250183,453,art,get
605472,388,he,hotel
579350,232,task,help
683932,593,reason,man
945733,397,those,matter
1001570,587,though,same
1398626,973,dog,anyone
1520347,532,race,sing
1214599,338,case,in
1433009,160,but,question
430184,384,money,act
117773,749,wear,operation
1503810,285,hold,test
322979,670,involve,generation
1304551,308,main,miss
28070,102,industry,check
1125004,26,threat,it
19492,612,their,subject
172047,817,side,bit
153612,446,culture,white
74099,262,spend,outside
1403469,882,full,receive
108269,627,but,identify
1132000,782,daughter,sport
62720,224,result,investment
1244086,351,author,son
651740,430,raise,type
1168384,452,eat,or
1455486,477,step,PM
494116,935,herself,should
605705,891,yet,yourself
100639,152,billion,official
838488,475,effect,consider
1508149,568,hard,west
397086,517,toward,finish
1352969,587,too,indeed
1509649,268,quite,spring
949810,346,company,population
1168484,617,move,number
1295491,510,until,drop
958167,221,fact,action
1451765,321,those,drop
438661,646,training,cut
1436477,772,official,exactly
566058,367,movement,wait
1121650,829,feeling,table
987540,710,study,middle
250044,983,view,lead
1417371,499,ball,per
587817,435,remember,week
1150907,154,bit,control
1138723,752,agreement,expect
953054,843,institution,poor
301945,653,check,heart
1396908,442,someone,person
1247600,139,finish,see
1132268,107,deal,ahead
1511300,5,cause,work
2638,919,direction,require
1363172,926,behind,single
677796,652,machine,guess
100626,319,century,check
344821,793,quite,region
903941,28,real,practice
1137094,551,still,represent
75324,634,still,factor
1338146,49,specific,although
422517,389,over,former
561749,370,order,but
251804,4,team,others
400581,983,that,economic
658150,757,wrong,among
187451,928,perhaps,hour
1525367,18,network,bed
295353,863,floor,detail
692077,840,detail,threat
1186752,936,wind,player
82827,543,check,bad
1253310,175,tonight,scientist
1239083,704,around,bag
343605,518,course,really
1229377,297,support,national
1482017,259,member,sound
1437293,245,always,age
1464175,924,half,military
460720,801,green,federal
1387408,924,teacher,amount
608540,996,month,so
1477632,384,prevent,early
478696,58,full,employee
855871,922,media,fill
422717,959,wind,government
1509929,839,same,once
49626,696,walk,participant
887573,598,until,area
535989,148,maybe,before
889143,700,activity,tonight
510939,788,meet,medical
717002,344,language,today
657994,585,order,particular
800771,740,protect,set
1054245,418,race,plan
1417805,65,usually,task
884770,715,safe,far
684364,847,determine,reality
286972,702,share,clear
541112,71,big,high
616351,592,season,arrive
572630,304,teacher,own
1013721,316,customer,the
1170953,194,also,late
52163,345,how,true
1302075,221,whether,Congress
944982,743,hear,speak
669921,239,unit,customer
1150493,322,start,small
667232,391,tell,project
370799,238,do,point
1066333,887,choose,event
1027028,633,same,someone
917600,429,technology,decide
827630,266,house,include
624252,963,but,we
530148,421,decide,political
339717,234,have,language
547812,781,cell,she
1132116,893,forward,writer
512013,686,poor,gun
1112227,901,experience,activity
919307,986,close,movie
790920,600,line,traditional
1478108,706,answer,kid
1298366,770,theory,student
1335456,416,pay,within
710521,193,set,what
1143960,750,happen,defense
1284304,120,quality,ahead
1421803,580,until,truth
210534,453,manager,parent
411390,430,other,most
1001035,287,affect,president
484256,642,both,including
1243526,248,property,attack
366210,68,consumer,own
587061,51,glass,and
1471621,960,military,hope
1277690,911,different,president
903537,898,program,garden
1485365,107,product,nature
80337,417,inside,action
378121,56,east,future
1435009,562,west,bad
384308,189,teach,brother
188537,374,boy,strong
875316,369,voice,east
45916,685,doctor,continue
1030204,17,animal,live
228240,947,play,move
733614,719,finish,travel
136623,834,three,late
1159879,843,most,card
881525,972,country,read
939834,892,voice,this
1488069,204,control,far
1128100,613,maybe,Mrs
404822,193,civil,plant
629700,87,door,customer
699390,927,employee,forget
808922,767,receive,can
2979,883,better,health
1232580,190,professor,different
348291,13,while,often
1251582,925,some,personal
1170004,299,myself,share
1359601,668,assume,activity
1468176,352,visit,enough
550647,93,race,girl
426866,546,contain,policy
501282,853,material,win
1142547,104,cold,house
88905,106,name,any
153409,569,music,throw
432555,959,including,run
449292,163,seem,brother
933948,935,around,carry
238414,570,current,professional
1494507,989,likely,foot
286244,116,voice,sell
117711,640,PM,forget
605662,910,theory,board
214127,801,health,because
767264,141,physical,through
185814,907,sport,so
267416,627,general,let
292823,628,science,throw
983377,789,scene,tax
57519,754,assume,difference
684965,242,himself,out
394731,438,chair,rule
802507,374,stand,loss
1059509,693,and,oil
811561,541,family,race
1332131,234,everyone,side
41281,189,phone,site
1049862,260,lose,specific
1327600,19,second,term
1113267,140,similar,space
1280795,671,financial,none
305112,866,thus,manage
1122303,233,instead,whatever
557845,214,threat,likely
110626,917,behavior,much
1140434,151,white,when
350708,260,have,carry
1437824,256,president,produce
789793,407,true,memory
1002549,762,start,most
981308,383,lay,rich
1525005,733,food,past
184842,686,thus,something
148984,959,man,reflect
555503,501,really,should
192454,787,cold,week
518129,564,above,reduce
1374356,781,system,mouth
1081964,188,country,raise
1124499,635,society,fish
700587,366,attack,impact
546621,382,American,catch
903766,677,bar,enter
273210,273,customer,human
1464385,959,individual,show
626059,546,me,family
919377,748,memory,quickly
1155083,960,discover,next
1435231,235,that,share
1160532,48,civil,professional
1249874,163,special,able
191436,993,same,third
807081,271,within,hotel
1413653,325,doctor,hot
76107,524,community,billion
615841,777,rate,author
1220075,765,certainly,later
1167326,609,physical,medical
1164074,270,what,thank
829052,749,skill,word
793812,184,also,of
1339329,385,drive,occur
823434,785,space,area
210469,59,fill,speak
1508063,752,themselves,top
1406104,248,say,glass
1034355,784,drive,then
969683,383,different,figure
429258,957,little,specific
129139,891,process,wife
402904,200,generation,child
302644,862,growth,to
104595,276,myself,spend
299091,599,choose,much
658675,736,offer,American
565207,843,marriage,learn
427177,235,view,PM
1243373,207,start,tree
792556,427,rock,lay
846206,656,approach,close
1026471,835,game,particularly
152916,776,tax,water
1419720,903,quite,training
74329,287,first,sister
1184401,333,continue,machine
94393,39,chance,early
419068,542,hospital,various
1451726,534,office,big
849476,62,heart,air
735958,542,per,box
43498,295,cold,space
752817,340,mean,evening
505230,910,room,effort
493244,917,low,Mrs
899886,447,bit,what
536103,452,on,throughout
182913,826,policy,inside
830214,936,goal,out
521779,420,house,relate
793462,98,whose,fall
1325646,301,feeling,easy
877385,824,wonder,design
1085899,6,this,cold
1396394,87,new,growth
439379,279,well,address
45311,563,system,air
931095,763,how,record
1112592,939,per,discover
1352225,815,interview,particular
763436,939,author,rich
1025555,129,finish,maybe
452382,55,finish,father
1392921,558,travel,else
882524,782,interesting,structure
1201821,520,score,feel
1221953,35,teacher,your
761084,68,share,participant
855369,608,here,research
1356369,964,debate,quality
1091370,127,west,result
269438,199,role,behavior
1389153,67,bar,forward
1318195,853,north,south
1012788,856,guess,environmental
296969,454,address,fact
470519,931,who,seem
760197,522,music,amount
795616,132,other,identify
1393904,942,read,although
1059504,313,particularly,make
484811,476,human,customer
572729,703,force,step
530761,708,total,ready
798706,270,ten,case
1324173,33,support,blue
520309,499,half,town
165883,918,feel,movement
180504,661,stuff,blue
1190177,738,phone,game
128233,385,enjoy,his
343152,518,level,sense
1518050,232,central,senior
1061370,612,senior,party
894707,243,figure,involve
1143996,71,though,voice
1071942,433,experience,you
1102308,336,almost,whole
310583,344,produce,hand
567244,820,indeed,theory
1505447,910,practice,race
596501,186,pressure,employee
859661,742,soon,wind
182401,815,page,region
1168262,425,both,scientist
1336232,679,across,list
526381,667,degree,apply
902875,822,fly,trip
792312,696,seek,of
1199641,132,money,peace
863509,190,wait,evening
984242,921,later,available
1428037,907,it,option
1382382,110,natural,or
4210,302,market,practice
1083614,40,where,may
46537,152,kitchen,material
905130,641,stand,realize
996779,212,follow,daughter
640692,492,really,wonder
1196208,532,million,above
849591,415,try,condition
676561,504,here,week
505541,539,person,Mrs
646719,302,fire,why
63337,746,test,late
810105,888,easy,support
984432,71,fly,mother
817122,182,though,method
1091120,867,five,conference
614409,989,near,reveal
1380375,629,discussion,brother
1157434,870,professor,kitchen
1152052,921,check,interview
738505,211,whole,somebody
744329,851,surface,spring
946765,780,top,together
71140,273,majority,risk
499630,938,dinner,return
591827,248,run,course
201761,229,thought,cell
1279443,448,focus,its
663715,322,popular,amount
920872,189,investment,certainly
1324201,604,increase,protect
1079069,768,late,well
1060595,626,nearly,machine
249918,776,compare,much
674273,187,forget,reality
736848,492,them,wish
1166208,944,impact,role
812300,651,present,TV
768136,568,property,public
1147097,131,long,course
1279608,703,black,value
109754,251,whole,drive
1150644,573,full,simple
1401645,389,strong,develop
108617,833,start,other
1145180,107,space,Republican
1198769,369,spend,avoid
560427,602,head,thank
1514628,860,right,purpose
366743,7,couple,fill
167253,251,according,suddenly
769432,623,professor,yes
838960,221,perform,worry
827376,937,attention,available
1057930,271,ok,director
1072617,728,every,despite
1376132,156,budget,smile
253355,17,together,participant
1429148,305,politics,play
1342268,880,or,sister
463328,59,move,everybody
301882,349,between,miss
833050,907,pick,worker
257604,26,may,both
1126281,482,condition,operation
317547,199,condition,why
1056291,455,opportunity,although
465402,541,wall,responsibility
1152940,777,network,American
338861,495,result,stand
583226,177,rich,staff
1508496,406,between,tell
265147,828,similar,say
900819,746,camera,home
664945,248,but,relate
1439465,227,official,clearly
827409,712,maintain,perhaps
171419,232,into,protect
63570,391,now,happy
82879,941,nature,most
778129,501,leave,control
1279088,604,knowledge,home
1337319,81,general,mission
675599,198,power,seat
388104,150,detail,teacher
933982,150,cover,figure
615035,782,opportunity,son
1239543,500,before,person
493099,503,cold,girl
1426371,91,strategy,Congress
357470,408,sea,task
247016,778,consumer,sea
1270308,671,ever,forget
1069837,182,anyone,answer
1172377,651,do,argue
1013694,375,authority,form
544707,497,as,national
776841,978,remain,serious
1120886,813,save,individual
1079290,26,strategy,service
1058724,157,central,ball
1223489,89,but,imagine
1279882,697,laugh,share
975426,316,she,all
1404894,622,believe,adult
310574,963,anything,culture
560823,849,law,act
1388644,43,finish,necessary
1270790,111,president,Mr
711687,61,eight,scientist
1273717,869,ground,her
343873,727,first,myself
198636,318,move,billion
1417021,921,nation,detail
1514577,96,attack,expert
396881,31,instead,nor
544756,859,loss,southern
1487857,196,could,story
811198,882,series,easy
14679,952,available,save
711176,719,decide,such
240397,823,throw,whatever
263062,7,player,several
687320,161,across,ask
743325,518,serve,various
49524,183,plan,suffer
405026,166,police,class
549169,513,onto,meet
210342,492,he,study
204855,617,onto,husband
881836,830,hot,road
1509595,611,half,city
185546,374,no,several
1484281,813,must,beat
1397904,137,start,doctor
1084473,26,father,face
725835,526,no,ever
869070,375,whether,save
78443,159,half,read
557472,340,notice,media
18615,936,office,explain
897316,680,fine,war
999565,677,around,own
31472,538,establish,treatment
1239194,345,its,section
164485,918,market,check
364973,330,shoulder,available
705096,218,property,seem
40271,683,bank,policy
968193,900,degree,defense
887518,118,since,bank
1325331,415,strong,lay
830465,923,newspaper,edge
1329515,901,sort,painting
942979,990,consider,election
1418954,257,tree,trial
1233878,233,music,appear
529262,955,brother,than
1316199,171,environmental,economic
1299270,83,happen,knowledge
742526,849,investment,certainly
1042787,717,high,long
142896,339,but,director
113588,986,official,reach
1209351,839,half,long
266585,37,personal,safe
329023,66,present,day
1212434,241,hundred,work
223649,978,skin,argue
604417,704,high,share
1433862,903,teacher,research
870001,648,local,fear
925386,359,pull,their
294549,38,soldier,option
775561,22,Republican,effect
1081505,772,fact,add
139459,419,relationship,response
904533,409,would,research
162550,956,later,dinner
379685,827,generation,role
510317,459,two,particular
1459951,162,realize,quality
1185812,858,particular,thus
1405626,817,unit,better
1280116,442,them,least
1078825,322,truth,relationship
1080867,209,here,other
1247519,291,explain,attack
1375361,158,decide,mention
56734,123,down,common
464886,652,American,company
847670,208,instead,factor
181463,821,bank,care
221468,843,field,prepare
572320,788,model,hospital
1527926,754,whether,sing
280876,682,begin,house
642623,2,crime,garden
607142,505,standard,serve
433424,284,operation,plant
49623,799,sign,cause
789526,695,run,purpose
421789,301,thank,her
1119893,159,task,more
840520,943,around,number
415171,711,resource,commercial
19845,66,specific,enjoy
182362,805,democratic,girl
292997,285,tree,early
1292038,251,ability,good
380495,718,pass,message
418691,263,specific,attorney
1280850,14,almost,teacher
1258925,916,though,name
503496,396,close,stage
256524,877,environment,coach
531813,751,serve,far
114127,952,child,meeting
326851,874,whom,road
334800,136,ever,western
1158876,694,edge,administration
1003343,126,red,to
647729,177,cause,administration
505163,497,store,market
211356,75,perhaps,better
212988,586,cold,organization
312142,636,out,approach
89329,996,bag,ahead
211456,634,article,them
505859,527,can,expert
1513775,618,through,hear
1306,272,cell,discuss
1128879,900,resource,accept
343012,422,for,something
1445901,376,will,politics
528896,712,interest,grow
579279,92,list,cut
1466264,303,ground,culture
131903,318,area,change
1417320,584,quickly,present
1011897,253,fast,probably
1327987,459,face,career
156668,141,actually,reach
778412,182,door,guy
1409323,175,dream,year
1537799,782,sound,change
103600,473,task,teacher
786952,847,store,dog
244740,973,record,attack
632676,474,new,series
822006,215,hope,dream
1282813,427,design,military
732580,312,new,be
213344,832,central,might
1194080,777,far,various
455209,983,already,idea
277818,557,ago,reveal
1422776,588,evidence,alone
1518838,341,attention,yeah
905728,366,our,our
558756,509,want,camera
563727,904,trip,media
129451,819,country,point
257541,494,term,image
1399940,482,finally,would
1499682,104,from,until
448409,316,late,no
1203059,868,outside,pattern
95189,355,Republican,station
621183,122,thus,where
1415373,779,organization,support
1463088,46,difference,answer
31365,280,glass,very
3084,951,girl,however
459422,208,over,network
166128,324,answer,save
1157574,399,finish,senior
1342368,151,color,wall
1214325,661,wind,onto
584041,940,responsibility,much
892462,391,sell,stop
822541,529,believe,official
961633,42,network,serious
101225,336,nor,moment
562323,2,go,spring
1050070,986,last,sit
1316735,622,speak,catch
861114,957,other,health
417769,331,edge,activity
1199925,240,plan,meet
933452,903,thank,amount
848750,743,as,agree
545661,1000,behavior,several
122086,372,mouth,crime
1345586,729,she,modern
1443510,695,about,fast
168166,615,identify,professor
733828,387,upon,white
464411,582,class,red
357241,469,fight,student
1424532,681,southern,hour
574629,580,ever,kid
706581,84,same,itself
1532451,215,member,risk
1217702,358,threat,main
260493,646,kind,present
1118157,674,where,personal
1199564,540,part,key
231311,825,wind,throughout
73183,231,outside,girl
953832,161,ago,despite
393847,84,yet,visit
762352,791,successful,name
129956,543,well,hit
342875,620,arrive,ready
1430297,619,meet,leader
895163,337,me,hand
1471366,937,accept,vote
511138,996,us,adult
526153,572,address,huge
1279475,742,there,get
1330567,689,science,you
735612,669,two,coach
434825,711,idea,yourself
1509108,463,agreement,single
1484652,26,add,response
1410969,989,their,security
854129,14,state,organization
640451,757,top,us
513151,863,meeting,forward
1214538,852,nature,finally
529898,240,yeah,up
1334690,458,road,fact
910716,299,answer,view
1365442,482,industry,he
794598,676,value,special
784242,76,drop,expect
1155556,52,market,general
456043,886,majority,suddenly
890165,717,rather,fight
558429,329,help,defense
1309482,212,before,big
1378589,724,stay,admit
225061,854,charge,receive
1357049,345,house,live
703843,335,those,dream
58004,446,late,often
646375,673,say,actually
1274688,264,magazine,religious
1184731,693,none,north
602170,340,wait,cultural
456451,706,mind,keep
1390160,965,stuff,I
155015,892,cost,send
374315,806,provide,all
241955,718,protect,similar
202757,327,this,throughout
1099884,39,wind,Mrs
1048361,41,there,activity
1330685,317,morning,recently
413604,653,great,business
168924,229,pretty,after
162267,681,figure,me
1163366,665,leave,American
116734,27,fast,board
1474393,777,street,raise
324702,802,future,race
1465101,817,box,head
906086,663,father,marriage
15156,45,fire,action
767301,197,key,military
896805,646,visit,true
1413064,847,wrong,though
1167378,196,lot,sell
626834,848,tonight,personal
1116815,222,big,heavy
878407,951,raise,subject
604089,242,do,tell
1008665,72,property,everything
904696,953,lay,himself
1444840,633,effect,about
918612,65,Mr,social
1083139,741,toward,face
988881,357,us,few
1217729,516,idea,great
510887,895,official,science
858662,661,friend,five
96046,644,experience,decade
871477,938,activity,field
728366,905,personal,south
850257,85,once,right
169082,183,game,vote
692200,804,chance,itself
966202,219,be,suffer
447344,249,kid,into
582548,317,specific,while
1344708,538,so,scene
1451218,118,good,tend
1506706,782,talk,provide
1092339,644,day,matter
186316,315,ten,administration
24916,634,day,future
241252,796,address,us
1065531,597,thought,upon
1167070,831,project,over
991757,188,whole,wide
1325496,22,wait,back
341333,544,study,sea
648578,750,then,over
331252,719,few,perform
125673,561,fast,thus
732007,443,page,answer
707028,650,reality,consumer
446072,249,spend,admit
1390609,925,song,yard
1096250,970,central,leader
1330892,863,remain,almost
1363460,547,also,we
1540431,391,above,chance
1167266,979,Republican,have
1219808,138,after,east
364830,472,make,great
410075,39,project,watch
1430835,256,character,yard
378568,427,end,close
285512,415,son,five
1517880,412,nice,seem
183982,324,lose,perform
1503199,976,generation,space
557790,921,need,ever
689119,469,investment,raise
809124,120,young,debate
1499562,214,them,effort
568462,909,industry,step
1109292,464,method,seat
1518276,574,lawyer,general
793986,723,late,west
1309099,262,choose,should
213668,639,share,partner
959046,884,book,some
1272935,149,professor,too
572633,774,learn,decide
167983,309,provide,laugh
526839,713,can,five
1055382,895,teacher,couple
804492,192,fast,blue
1024843,463,at,standard
978340,430,free,despite
121371,565,past,be
572815,201,determine,would
347564,270,institution,attorney
436659,666,nearly,eight
1447740,689,effect,section
898525,438,history,source
184408,999,cause,organization
1522677,799,west,whole
1066549,588,hotel,win
1048953,556,every,measure
395154,544,without,fund
1232022,714,blood,unit
526663,369,generation,should
1052442,491,agency,face
1312371,674,half,require
23528,259,alone,difficult
1467152,995,might,bar
1028917,41,career,simple
1171886,741,civil,senior
1458401,981,growth,religious
1531078,811,all,Mrs
150034,706,become,quickly
337616,552,cut,trade
869989,154,show,director
1501172,509,than,professional
844107,298,address,yet
1490702,681,if,identify
1040313,733,set,loss
326741,499,attack,fly
635780,932,number,red
780378,897,large,prepare
518426,678,opportunity,itself
1178278,881,term,would
987865,225,all,rise
234685,348,answer,activity
1218525,646,anything,imagine
1185480,571,record,machine
1280891,222,sign,usually
1143282,650,few,away
32306,174,according,positive
431513,259,music,off
1286203,78,international,smile
423779,47,perhaps,little
1333990,706,feel,by
8680,298,authority,just
1066449,708,when,case
888622,662,short,reflect
1497409,662,blood,close
540834,756,game,heavy
717498,309,Mrs,pick
871353,553,very,where
260907,728,same,pay
219031,922,each,some
1330356,158,may,game
572799,143,really,nation
1427290,647,thank,benefit
389101,595,service,exactly
993762,475,example,increase
1502787,359,probably,general
1218437,365,success,arm
794462,284,simply,we
1207194,269,yet,property
1050719,636,put,late
1463094,645,stay,collection
357196,939,child,interest
1505299,543,local,simple
1502017,598,budget,either
691475,824,it,assume
498434,761,generation,debate
692001,594,understand,identify
896511,662,parent,treat
771002,850,water,strong
1031053,355,operation,game
671402,647,marriage,fear
706475,482,there,bar
317547,827,hospital,responsibility
769380,609,serve,stay
924765,502,population,move
16452,705,party,success
1095200,179,guy,under
1144961,899,sister,that
281494,842,large,community
141242,330,knowledge,outside
13790,584,wind,Republican
689474,373,apply,offer
711044,584,off,interview
280950,915,skin,official
232953,151,career,mouth
1302373,418,worker,small
263985,55,partner,drug
232595,651,student,explain
965655,654,international,red
902404,379,building,maintain
936209,303,big,never
357493,19,point,behavior
1336633,538,treat,citizen
982665,211,degree,study
525125,246,skin,list
39374,811,Mrs,production
684819,504,wonder,official
874470,642,media,turn
505634,753,character,size
739417,686,break,tree
928563,223,leave,new
577918,578,why,until
1155224,856,impact,how
792303,209,next,father
633576,609,loss,mention
262428,77,say,country
886961,86,score,second
1212352,614,total,participant
241624,542,town,improve
37765,719,value,process
1080130,28,he,seven
1214895,84,only,decade
383979,328,time,top
720313,82,great,management
166280,346,alone,mean
550705,416,hot,avoid
1513220,247,type,truth
631065,958,music,window
1488221,249,type,cultural
793782,471,guy,require
937997,542,poor,good
669584,370,wish,threat
957437,636,issue,along
423677,991,create,soon
184178,876,name,worry
1430383,954,eat,him
135853,871,nation,ask
923983,242,draw,interview
800864,354,almost,work
1471765,883,that,interest
443299,730,ever,all
226876,612,goal,force
1416263,62,trip,ok
572507,253,maintain,school
210177,140,newspaper,western
1347777,568,show,degree
196874,866,kitchen,country
892188,658,particular,small
1327288,449,ever,voice
181220,471,training,religious
766344,198,sure,both
267366,969,establish,material
603223,134,play,question
1289706,290,stop,they
527835,109,road,among
604983,776,nor,marriage
631914,171,threat,even
1079732,803,plan,report
553311,173,situation,cover
1204562,806,live,evening
1517500,347,song,culture
980580,744,ahead,everyone
622756,960,experience,line
1244298,290,attention,pick
1110376,279,risk,include
336387,13,least,use
1059122,543,would,a
1386756,580,PM,result
1207780,324,far,hotel
1049668,988,range,dog
275822,147,stage,star
226901,128,woman,charge
451737,473,one,and
781267,392,letter,performance
423438,364,daughter,machine
1099224,961,though,let
594847,221,business,eight
86586,430,truth,manage
613785,205,serve,evening
743399,571,especially,ever
29022,159,if,know
1362469,192,ten,study
729527,434,force,name
1118773,126,clearly,him
1245607,785,discuss,face
211771,390,painting,name
599197,833,scene,hand
1518430,931,strategy,summer
395079,29,article,value
1085140,437,study,name
1274197,183,wish,theory
1257994,748,federal,political
1372935,141,inside,beautiful
1483291,658,spring,expect
555833,126,score,cause
402529,291,detail,place
1335562,293,far,watch
1094550,517,positive,fill
1495850,147,accept,move
346426,686,toward,discussion
1098851,35,Mrs,development
549252,923,maybe,magazine
492952,122,available,design
1223108,572,lot,what
926556,951,specific,morning
1198455,415,artist,issue
573449,313,baby,show
971202,511,happen,town
1379160,862,production,before
600694,334,recently,president
1523632,924,election,fine
1096508,615,couple,inside
80773,180,reach,ground
708434,360,money,modern
858621,941,wish,word
853599,794,contain,police
567915,410,join,suggest
752046,623,him,help
99111,263,threat,clear
390740,695,seem,degree
162917,570,image,wait
779933,213,fire,fall
788683,571,with,identify
995963,193,kind,popular
819926,92,use,car
1052992,621,debate,arrive
741682,228,voice,free
770556,491,trial,rich
425876,343,so,small
1427630,902,night,probably
48167,807,group,vote
1303914,586,force,audience
986440,893,child,decide
1111656,729,idea,issue
589184,449,coach,voice
784991,458,out,experience
1423229,339,agree,wide
959312,80,case,quickly
1225962,407,successful,mission
1090271,142,American,teacher
25177,361,could,major
27511,483,white,event
386326,72,certainly,authority
1009133,605,own,prevent
401784,925,officer,agree
412732,736,miss,authority
948592,485,would,unit
1325495,765,moment,product
1168797,700,one,color
363058,924,officer,agree
1123500,61,image,believe
357892,66,foreign,arrive
385783,278,represent,discuss
345270,808,energy,who
798300,115,continue,require
1102286,174,shake,begin
705635,395,speech,fish
895936,583,north,election
837075,590,detail,health
1016184,436,through,strategy
1158280,212,country,fire
727830,438,month,put
1279329,267,without,say
210606,980,coach,spring
100837,56,admit,them
393198,963,within,college
558812,552,fight,deal
665477,115,to,environmental
670972,189,set,wait
1013144,256,left,word
1171819,709,go,or
1244374,49,need,phone
1362665,366,through,product
250834,545,life,listen
331358,426,Congress,cut
638999,776,help,else
955991,296,environment,community
249781,611,method,state
987329,196,edge,across
867853,173,remain,attorney
1307825,526,unit,above
11566,41,let,news
1299606,762,around,land
1387200,303,kind,about
180638,471,mean,total
672384,364,away,step
140820,321,budget,resource
1437269,793,listen,remain
1000467,162,case,newspaper
144927,549,measure,newspaper
1448566,695,he,doctor
675372,161,agree,according
517034,743,charge,political
1198078,429,begin,lay
112100,617,consumer,walk
1472610,826,blue,big
741279,961,agreement,pattern
143345,615,relationship,store
1036892,631,expect,base
1217909,299,tell,maintain
355808,6,skill,too
1360797,780,attack,few
1515395,579,skill,sure
808674,550,across,series
391883,294,against,store
1140054,329,pattern,base
1297582,109,prevent,executive
1320460,594,head,probably
1152337,661,out,low
944515,712,finish,claim
20353,482,nearly,south
1163085,168,during,doctor
113473,109,player,part
1383962,478,three,live
871350,137,opportunity,himself
369989,376,game,front
1460844,600,foot,buy
815058,419,six,sign
802975,500,later,factor
1348394,818,say,should
862698,42,analysis,street
1444994,467,event,either
491477,251,style,like
1303126,494,prove,method
266153,469,enter,the
812671,780,eat,light
386701,343,green,consider
273596,55,nation,field
1426014,580,really,west
1123125,454,stand,lawyer
1373682,601,letter,race
290300,49,eye,father
808921,809,quality,crime
737508,187,investment,generation
1391964,652,into,admit
60058,698,record,nice
341539,687,anyone,perhaps
878120,160,hot,language
610582,733,common,past
906851,910,civil,act
7976,475,its,my
566967,83,character,stage
1316693,217,consumer,west
1268895,880,hand,result
302806,198,by,tax
338820,986,add,commercial
573954,16,because,feel
115596,38,identify,push
960067,806,religious,economy
395146,642,size,over
1196836,283,picture,baby
1066351,376,student,thank
594986,200,tough,involve
458149,276,these,sit
1336754,238,matter,phone
1447109,616,pressure,chance
173772,148,professional,exactly
1122126,339,participant,treatment
574318,234,though,find
1523657,649,improve,participant
581996,600,administration,analysis
704560,689,line,could
886154,927,character,visit
359085,583,take,really
33656,451,water,pattern
1093756,704,them,bad
227780,466,technology,wrong
1093614,494,choice,sort
231212,42,star,win
118870,582,impact,prepare
421792,820,majority,no
1133556,772,skin,never
292050,446,sister,expert
705981,902,respond,must
815445,130,glass,source
951282,396,us,economy
1151066,864,television,least
815072,418,evidence,music
1327066,107,newspaper,side
1488725,409,act,personal
1509908,781,his,political
107784,698,thought,interview
656056,610,wife,address
947517,275,record,explain
726161,915,note,week
1020914,727,lose,establish
940855,673,commercial,firm
1277475,823,about,responsibility
1089023,288,southern,side
779906,376,whole,site
1332519,130,effort,know
228089,491,improve,attack
1167109,500,up,change
310183,532,building,create
113914,498,mind,who
833722,251,should,over
1340987,914,cover,measure
709342,513,song,staff
407734,657,reality,tree
239749,990,song,find
1112273,950,better,hard
415360,780,big,him
182377,410,future,girl
222858,667,behavior,information
742720,890,though,during
1507783,994,sure,official
201275,677,affect,center
500237,148,reach,kitchen
670891,475,yard,address
1399555,937,forward,many
1039202,274,both,concern
912675,975,level,half
1281009,542,five,too
178094,610,give,it
461787,959,different,often
583609,8,which,price
1269890,386,white,practice
63607,77,start,money
791038,530,top,although
345231,790,one,expect
1316422,545,firm,Republican
829910,151,this,piece
17315,925,hear,card
191085,745,work,continue
1378809,850,science,too
44952,538,race,it
1033076,475,include,write
701809,935,outside,religious
1364019,658,financial,inside
1457494,57,believe,form
1368176,815,hundred,ground
1420014,598,perform,college
917425,350,certain,together
1394862,32,yes,thought
571711,718,maintain,create
191276,958,her,white
851275,789,company,because
1205101,607,anyone,loss
245605,765,property,behavior
1135082,44,suffer,despite
883355,780,fish,talk
1227871,35,thousand,whole
905679,146,per,study
1240,977,really,sing
413775,392,those,beyond
869149,786,theory,who
1111032,559,law,change
965438,150,Mr,drug
997468,980,many,hold
336752,182,describe,question
184450,218,occur,memory
453916,114,environmental,nation
1465747,74,approach,deal
898144,168,people,describe
994927,15,color,baby
1131834,337,body,history
433175,699,article,system
163475,519,someone,hold
1426794,538,approach,future
506174,528,enter,similar
1019411,766,radio,moment
240504,640,treatment,figure
735457,292,here,require
864238,811,move,thus
741470,369,remain,religious
1122837,850,religious,apply
604381,413,head,have
112468,679,several,mother
753010,896,imagine,play
1221058,191,population,three
692371,236,wear,deal
418349,712,positive,enough
1202788,738,southern,exactly
974942,589,able,cut
485331,374,box,policy
136724,801,upon,human
372974,781,develop,green
1469266,867,weight,play
91239,296,wife,method
1060617,809,east,medical
1248917,535,dog,process
65909,272,include,institution
1444956,386,politics,show
1390267,457,until,kind
1219574,806,skin,trade
1411110,867,with,situation
7476,473,especially,here
11910,178,close,mouth
268527,472,before,current
583956,823,especially,skin
763092,847,factor,prepare
217252,765,yes,everything
52710,51,different,last
811623,9,all,beyond
1370147,860,more,imagine
83320,509,idea,your
72778,498,yourself,staff
1259153,131,production,their
683254,514,by,loss
1448044,392,sister,rest
1495597,490,candidate,outside
166264,594,treatment,policy
1390262,157,bring,once
1200164,35,up,director
1234844,916,summer,energy
551263,509,shoulder,difficult
61640,329,this,field
153650,204,minute,since
701341,881,strategy,degree
706738,77,natural,money
497756,544,require,there
396426,842,project,energy
131120,375,student,sense
84127,290,before,employee
453152,703,necessary,few
540688,767,away,occur
413090,740,bed,start
1403240,439,sit,begin
423276,806,show,too
513168,909,miss,new
1163138,317,trial,usually
1396764,268,move,watch
1454399,981,happy,later
1116996,896,boy,national
419704,107,type,catch
187958,798,board,ball
343128,586,though,administration
1013331,293,building,newspaper
59948,578,different,former
20819,241,woman,society
1483298,559,into,return
1155904,460,project,report
1261682,670,meet,attention
249032,755,here,shake
7848,260,however,camera
1261908,813,at,blood
1232027,513,all,seek
385294,306,management,matter
112637,966,coach,more
512979,920,body,language
91969,284,line,opportunity
1398873,992,body,continue
1247030,20,evening,choice
257552,915,in,condition
143548,50,market,with
849553,335,up,exist
1242095,80,people,develop
1086739,939,need,cut
1444960,984,red,fight
1169482,477,purpose,yard
368932,80,sure,middle
1222458,327,yeah,war
620688,992,development,moment
883947,862,become,save
13762,842,policy,happen
580001,320,represent,contain
375403,25,race,six
420569,613,music,western
119228,767,remember,boy
984018,720,agree,operation
952596,96,than,part
1325843,44,career,weight
1266345,514,capital,about
37787,193,decide,both
1123153,38,attack,them
107810,529,fill,resource
797029,272,center,might
1147291,225,open,first
115850,64,us,measure
1338685,452,give,reduce
1116894,726,discuss,season
1479434,323,level,maintain
1272666,670,dinner,huge
929568,119,their,establish
1346994,666,area,produce
1152182,12,service,writer
602865,72,subject,indicate
326390,6,shoulder,pay
116740,182,interview,heart
1153646,361,or,finally
1287992,55,firm,choice
1105940,310,effect,more
1481413,600,sound,as
299731,543,enter,physical
25270,25,condition,return
346687,487,itself,face
324870,317,certain,simple
486256,450,future,management
1309327,633,local,wrong
673698,550,expert,audience
1003837,337,west,pick
197660,365,wide,base
822489,885,reflect,back
260036,209,free,former
620087,904,his,road
74572,675,line,program
824905,15,person,opportunity
1351641,848,sign,page
487904,217,six,idea
1327331,30,after,ever
1227772,307,simply,billion
796426,567,find,nearly
126756,783,population,father
1391570,509,take,change
273520,366,agreement,general
564617,10,including,education
1215397,537,two,inside
755609,718,take,young
1128053,170,in,allow
292859,752,morning,course
276920,537,TV,agent
997300,73,other,late
597868,1000,want,rule
1487449,561,nothing,how
723940,105,argue,toward
293805,763,range,such
715418,455,most,rule
879231,123,everybody,better
788373,501,before,today
662303,703,couple,throughout
567746,354,put,treat
1302923,54,bed,after
193169,188,seek,decision
617446,580,name,themselves
126849,866,change,weight
1509848,562,wrong,along
1100996,136,thing,state
71744,924,dream,position
383008,221,thousand,too
322335,246,Mr,later
576478,802,responsibility,hold
1494348,931,do,task
565207,64,ask,investment
412226,227,well,know
390414,576,maintain,artist
1451697,484,art,set
1144340,528,visit,build
699769,380,model,deal
1188070,25,offer,item
431441,552,environmental,across
26777,619,along,account
1127784,930,away,those
853876,299,science,good
474031,631,control,peace
1192035,205,treat,detail
1136333,848,should,ready
9805,477,begin,movement
701467,464,bill,out
1336750,832,together,reveal
1140811,625,year,campaign
1330300,158,spring,true
659100,141,away,age
1009091,253,hope,occur
213472,460,attack,type
755656,674,could,example
955150,506,among,policy
1089775,302,agency,fight
48584,662,find,simple
691258,25,can,treatment
729930,464,need,determine
1422114,146,eat,finish
648936,425,chance,raise
1087688,351,nor,radio
1390913,435,fly,water
432158,588,join,study
1095172,569,positive,first
321376,624,minute,American
1356962,905,environment,environment
962398,769,region,collection
1242595,231,learn,add
98701,960,mouth,agent
349879,785,like,anything
626016,631,food,history
1132023,536,part,teacher
779237,358,begin,contain
1537323,625,growth,over
639292,820,television,be
61505,108,kid,create
243254,778,reason,sign
1355064,937,page,college
1344723,582,choice,water
1239572,833,go,red
1505981,519,artist,network
1032637,979,trade,country
1138076,337,other,as
1471046,513,perform,long
162718,398,law,religious
1297387,167,present,continue
1258354,671,something,prepare
1534773,287,white,nation
1258652,220,he,whose
192415,976,first,near
24571,987,provide,rate
206735,212,authority,region
1442860,823,case,cup
193336,266,bag,last
1175947,744,though,about
1090340,271,but,up
1531017,103,color,mind
1313007,659,mind,choose
1323626,614,reduce,stay
926869,433,score,type
1414753,902,economic,force
411648,336,stop,perhaps
701513,709,not,actually
1174579,783,one,especially
1422067,532,maintain,standard
429805,308,message,wish
1524395,411,general,place
210876,836,machine,decision
1330594,907,newspaper,chair
256465,168,present,entire
371149,467,back,green
1018554,334,sport,talk
1352935,741,heavy,grow
1441556,781,security,week
566649,251,office,learn
797732,634,drop,authority
1505390,761,white,stuff
594928,289,son,which
1190312,974,morning,type
348468,598,follow,because
976305,721,one,strategy
694551,346,situation,fly
133774,20,respond,money
1364084,379,pretty,program
793064,901,size,character
1259966,830,far,pull
1123690,654,dream,either
631277,917,sound,enter
801814,310,laugh,they
418624,346,room,successful
483193,66,case,think
94519,399,onto,visit
966481,81,data,bring
1342444,170,beat,amount
1202677,505,executive,next
367826,835,job,bar
283112,92,activity,bring
351382,593,sometimes,list
994583,832,almost,so
281163,507,talk,professional
515640,478,still,move
1249448,952,hour,song
797201,627,work,protect
482734,75,use,together
652803,630,program,power
146920,270,particular,product
622525,230,imagine,choice
462564,553,any,doctor
841317,998,face,direction
1464845,546,friend,will
791311,424,and,our
822578,890,use,attention
388344,150,help,sit
715284,185,bad,kitchen
1501259,974,push,soon
1280686,477,past,security
882893,338,interesting,two
3741,902,strong,policy
509148,62,authority,position
777345,980,every,within
805047,623,American,mean
367751,145,field,action
1099320,513,help,one
761977,813,American,guy
17398,441,air,wait
421465,77,memory,concern
1057581,603,recognize,song
415404,617,also,popular
1284607,998,eat,movie
1200114,800,small,white
1538766,191,card,draw
497677,709,information,either
221226,589,seven,cultural
223085,709,think,miss
673430,409,quite,easy
451214,510,all,manage
492133,534,population,yourself
1501913,351,organization,level
747379,858,national,find
1354979,229,stage,same
182353,845,country,operation
347463,250,however,same
1139659,320,camera,effort
755432,636,join,while
1473530,870,worker,station
1127485,768,audience,them
605569,795,smile,institution
1025881,541,professional,station
1243786,365,enjoy,resource
1505579,212,respond,lay
1106818,181,my,position
1071607,795,development,three
1326784,576,can,we
1107707,226,whole,party
459877,785,above,message
1418845,808,better,card
164171,720,major,speak
784406,390,skin,who
1419297,15,white,court
1342536,899,young,it
876085,104,why,see
862449,284,chance,officer
1459731,323,true,side
351774,794,ten,reflect
788011,303,young,nation
1436360,511,another,clear
677054,429,peace,tough
222603,890,understand,stand
1230639,564,by,any
1167315,916,significant,office
807463,885,central,me
210412,201,coach,product
83540,639,experience,process
1406893,40,maybe,people
1103342,851,we,others
1463091,28,plan,week
750609,329,part,hospital
517026,459,you,amount
1020297,272,lead,support
16009,25,loss,meet
115898,639,me,result
857970,93,must,special
1173901,387,accept,do
874459,514,each,budget
746209,687,card,blue
174356,452,red,summer
950954,170,cultural,animal
952314,980,help,more
253835,543,analysis,chair
1468619,297,management,nothing
1437993,29,product,must
257772,729,long,speak
273273,402,company,professor
617470,305,base,above
38485,899,minute,its
1421619,466,back,task
724621,971,ability,hour
281673,599,appear,role
1180263,915,couple,deal
444281,237,their,at
1165442,918,news,themselves
908233,905,week,visit
44482,729,arm,number
72174,625,glass,play
305074,233,sort,along
764434,287,factor,many
751726,310,other,score
467861,148,final,amount
337246,848,lose,general
710764,514,strong,hair
530845,82,source,gun
746454,415,him,police
464277,999,strategy,color
208927,708,go,myself
918660,501,cup,pattern
728689,423,stand,prepare
980252,47,owner,theory
687150,345,note,economic
1417219,643,wrong,close
453479,894,agreement,today
3459,6,those,third
44601,71,value,recent
1326947,513,region,according
1217428,319,stop,remain
30808,255,prove,coach
599705,924,in,evidence
1238000,508,somebody,candidate
412532,264,second,operation
1274944,821,friend,gun
182724,38,woman,people
1110732,87,player,great
1311931,268,tree,everything
413212,200,growth,national
549863,296,call,these
172871,526,would,least
316817,922,two,it
184960,942,deep,radio
246963,908,single,daughter
229444,631,property,agency
1231080,880,wrong,really
386445,904,choice,must
1486880,927,admit,place
801963,772,seem,upon
1249400,653,leader,serious
261248,855,information,scene
538818,777,travel,compare
143559,138,establish,education
321195,818,happen,mention
123394,915,former,conference
235593,226,other,win
261582,271,top,behind
666984,557,large,media
469133,530,top,case
679691,231,theory,travel
1038655,99,scene,both
527958,719,tough,wish
13231,175,help,together
1287405,786,police,do
115572,194,environmental,board
540426,479,improve,player
1445789,689,risk,court
1415909,644,beat,wide
594927,90,four,event
601471,467,front,and
529877,832,almost,training
671438,374,skill,fight
696102,572,artist,among
1423321,222,talk,admit
1090830,475,small,cup
1321237,609,police,certain
300228,636,experience,office
825814,127,bar,threat
249100,534,learn,economy
1492932,567,evening,gun
725472,287,present,mouth
1190489,683,set,market
997521,101,officer,fund
286467,864,think,station
986877,323,reality,hard
156050,11,wife,turn
588929,675,national,their
1325901,499,cut,like
1149952,611,image,security
827683,118,by,situation
911027,933,single,from
180158,702,federal,teacher
45330,750,already,while
448441,172,figure,shake
549485,843,sing,box
134736,543,turn,whom
1274867,717,relationship,that
391229,937,moment,several
67692,26,start,rich
1220767,429,Republican,say
631162,145,approach,democratic
1526405,545,let,line
397944,461,already,assume
1533546,534,law,attorney
1012604,288,financial,structure
532537,386,debate,once
1342421,10,marriage,test
1474934,331,window,network
690043,271,major,per
921224,768,himself,decision
23475,616,defense,throw
112360,659,game,spring
167218,838,care,service
736218,625,long,nice
1129517,96,mouth,long
1477197,380,right,politics
59585,548,Congress,customer
1189779,26,speak,much
184881,351,rest,fast
300230,613,catch,owner
1265970,349,however,nice
337768,968,participant,fact
571364,915,actually,sense
1090791,940,us,bill
917645,517,market,side
1000482,385,deep,move
712578,865,drug,paper
258412,638,road,prevent
798365,877,apply,place
963408,306,hair,window
930755,703,sing,student
678168,815,husband,quality
324097,419,senior,reason
1100096,852,list,from
120551,452,appear,expect
1398599,807,assume,give
1462178,397,school,product
338302,454,near,sister
626645,184,similar,affect
1225367,100,so,represent
61904,913,push,author
564829,310,continue,meet
209355,649,material,service
249470,900,boy,instead
701406,580,design,discussion
658703,374,day,argue
443192,310,science,service
1251054,346,hear,fire
797207,733,factor,why
598663,424,full,take
203779,476,employee,run
586858,626,president,house
249439,562,prepare,move
550982,755,feel,attorney
610310,471,option,expert
1487918,808,religious,remember
296633,467,artist,standard
567655,753,large,two
1419444,826,tell,news
260108,533,late,guess
322074,624,available,kid
720705,671,bill,practice
811374,296,player,her
31358,708,need,throw
1242516,139,culture,spring
1180608,250,score,take
197498,573,care,have
775798,382,charge,enter
139730,130,attention,know
574629,663,light,poor
1453263,33,me,whom
1208051,528,wife,attention
1020371,152,capital,worker
738234,636,staff,really
122875,633,sell,which
1498184,231,box,economic
422293,804,hair,remember
752300,83,likely,suffer
1426733,807,fire,ten
22152,506,success,region
51807,186,toward,television
42127,926,stop,hair
723329,950,event,give
958314,478,find,of
1470499,477,artist,bank
718703,831,near,available
1017131,749,involve,red
268143,514,threat,history
411512,163,husband,rate
891586,156,music,speech
1153904,611,over,identify
546085,372,their,official
868125,172,per,also
284000,473,as,mother
400566,291,situation,cost
487092,795,realize,gun
684755,248,might,anything
1510164,124,save,threat
881947,193,answer,care
412022,209,certain,on
734717,430,health,rest
1480174,935,animal,free
599279,638,recent,your
1318289,508,federal,debate
858773,56,though,herself
443332,131,gun,data
230721,279,involve,type
431270,987,happy,operation
423058,722,message,safe
311054,518,north,exactly
1457830,743,that,then
1011828,354,finally,relate
1126448,993,appear,church
173682,622,simple,reach
1422844,90,late,total
1540169,971,activity,month
250495,432,agree,leave
1199459,220,song,vote
950726,263,industry,fast
1043476,570,production,ability
370517,840,poor,good
935274,615,strategy,girl
809030,994,commercial,action
1403513,541,respond,available
779313,763,change,suddenly
324100,118,read,bill
1144753,404,fact,action
689180,988,college,red
685151,141,particularly,occur
1053428,829,argue,interview
849654,324,plant,must
556375,202,thus,explain
293386,233,woman,easy
479506,529,environmental,forget
785107,198,space,skin
1062632,329,these,camera
1220766,438,give,stay
650147,830,game,lose
843679,135,recognize,find
715500,852,thing,resource
871722,697,he,although
436207,646,all,want
854365,993,soon,agency
232688,57,person,add
102562,156,it,concern
701158,639,address,discover
392667,229,executive,friend
519973,209,to,trade
975193,606,scientist,arrive
74307,417,per,energy
769799,362,meeting,pay
525723,901,occur,computer
956286,378,so,add
1213806,16,whatever,reveal
1032413,241,although,stay
36099,526,government,thousand
527470,977,white,order
848245,375,claim,American
1212088,295,part,professional
397431,75,weight,of
1111880,499,model,deep
153050,322,power,money
77112,359,man,such
1422315,219,agent,two
494651,872,blue,break
1087690,111,fire,meet
739401,644,first,fall
822148,936,fine,up
93822,122,story,whom
352906,851,kitchen,growth
313348,198,cost,include
1482941,644,fire,no
1326190,295,court,decision
550428,470,specific,consumer
445792,263,sometimes,describe
1098071,866,factor,play
1235142,651,rise,believe
1185203,882,mention,continue
1523977,504,clearly,maybe
1154066,245,win,down
483563,146,ready,tonight
972889,181,rock,person
750080,599,alone,perhaps
1411906,68,without,bag
1154352,725,expect,nor
375810,335,worry,others
147457,969,program,value
1196124,536,democratic,pull
804834,614,glass,day
946437,288,goal,write
1225129,823,sure,certain
94408,557,practice,report
860137,157,magazine,significant
707290,95,on,tough
1030676,522,around,writer
65631,992,camera,program
207839,484,big,direction
559764,271,young,particular
1090804,324,hold,per
122710,325,rich,letter
695133,50,affect,face
625439,455,former,ready
1531981,661,difficult,buy
1513159,22,start,alone
418049,249,build,his
438854,793,bar,benefit
284549,885,election,already
473528,426,approach,life
895403,851,decade,while
632188,554,society,happen
11763,90,local,say
17363,56,no,education
1062603,351,someone,them
1052001,582,measure,find
36182,476,house,Mrs
634669,928,cultural,avoid
1476472,358,employee,source
35325,642,rest,toward
1506877,436,middle,history
695641,370,feeling,street
489898,278,ago,article
1290676,833,whose,tell
1151396,514,give,very
842705,111,building,candidate
950003,345,subject,season
203168,421,image,law
1218648,421,public,training
1224056,423,high,certainly
1054065,506,military,kid
182651,208,number,sport
1212429,640,reduce,more
1379255,975,those,each
700251,522,seek,no
1051830,849,without,away
148846,414,concern,hour
1173500,252,laugh,despite
234339,478,establish,to
304145,504,technology,section
262434,264,all,late
881532,903,onto,against
1390281,923,writer,cut
961313,38,address,her
820642,522,student,baby
1294405,131,because,so
1064692,533,world,over
548226,595,bank,news
1154113,339,series,ten
608901,641,all,pass
221274,346,system,discuss
1500898,636,short,international
742111,86,artist,young
4518,75,you,spend
1197461,824,recognize,believe
1388211,13,never,they
369975,618,tree,member
1208225,614,hand,drop
465296,405,cell,action
1186306,565,owner,ask
52369,896,part,involve
303058,900,trial,million
1526508,301,realize,report
247400,169,during,agency
1455612,169,window,budget
843273,123,shoulder,focus
593371,721,son,note
719554,498,goal,they
735179,819,possible,develop
85697,870,wind,score
184692,748,newspaper,course
1411270,331,operation,effort
998516,980,employee,attack
1207833,356,deal,after
59567,722,region,four
408860,383,agency,should
1160608,763,skill,up
373021,827,feeling,morning
42281,40,level,happen
621206,819,dream,community
701889,837,turn,owner
526604,464,body,analysis
693584,294,not,network
1294500,826,draw,get
301739,650,bring,doctor
1513678,69,option,trial
1231341,524,instead,never
372954,854,receive,notice
111726,317,movement,because
1367781,441,movie,place
315111,728,reflect,decade
209933,268,vote,really
809709,31,land,take
1353632,421,politics,base
921062,887,another,under
670789,774,executive,ten
45372,226,professor,charge
1338551,225,instead,early
1084810,500,paper,less
951510,933,me,discover
829887,734,glass,close
801152,167,I,key
1370939,691,let,boy
920849,776,senior,here
308463,455,itself,left
839946,836,protect,may
419412,967,force,situation
181384,535,kind,worry
1174235,448,forget,sure
212007,456,performance,case
678174,135,approach,reveal
1049676,887,answer,industry
261069,721,official,support
684343,16,television,worry
97543,416,financial,process
604104,662,themselves,must
241646,260,bad,prove
1322562,89,college,you
256948,549,ok,pattern
1202775,831,listen,father
945045,36,site,car
617841,905,sound,behind
314862,557,type,sign
1030875,312,author,prepare
264176,481,ground,girl
1232915,186,require,exactly
797910,333,exist,among
1104474,731,develop,international
1427665,701,up,a
1258506,783,when,cover
1052184,208,bag,bill
1087649,128,today,above
1508737,3,ago,ready
670482,892,risk,understand
333306,127,total,suffer
1513782,933,south,color
558703,558,cause,attorney
1023012,227,improve,morning
1418657,621,hard,because
1358857,997,than,alone
1186492,588,surface,war
64692,101,decision,only
389011,682,thing,use
987882,883,room,force
1160303,437,Mr,design
358289,558,when,they
152433,933,that,wall
1326809,747,great,public
1240407,63,increase,before
751350,461,structure,kitchen
758803,79,Mrs,save
80505,282,project,remain
1182721,252,act,call
1121617,450,exist,attention
775179,282,marriage,hold
687840,837,military,call
924576,595,station,world
232735,905,have,during
1482258,723,middle,television
1205758,663,herself,film
1043780,246,majority,let
706196,91,her,Democrat
1454611,310,would,southern
1135561,125,north,difficult
782093,151,size,move
797008,679,road,traditional
768249,527,thought,father
819268,727,institution,arm
208173,922,them,bar
146804,972,believe,option
1303958,19,national,authority
686692,785,either,actually
831666,279,area,bill
1393572,241,sure,improve
1355753,711,bed,candidate
282417,760,walk,professor
1110853,710,spend,successful
1281990,813,happy,measure
1143577,626,forget,town
