\set ON_ERROR_STOP on
\pset pager off
Pager usage is off.
-- CompileDB mapping-aware relational workload
-- Conceptual workload: example2_schema_driven_selectivity_100_w01
-- Mapping ID: 3bba9ee6fbdf4e9bb7b96731f96ac463327fab03fd982ca89d52b96e1755c43c
-- Query shapes: 100
-- Executed statements: 100
BEGIN TRANSACTION READ ONLY;
BEGIN
-- Q001 [complex_multi_join] occurrence 1/1
-- Original E/R: SELECT e1.base_price, e2.quantity, e3.code FROM bought_together r1 JOIN Product e1 ON ENDPOINT(r1, bought_together_product_id) = REF(e1) JOIN Product e2 ON ENDPOINT(r1, product_id) = REF(e2) JOIN stock r2 ON ENDPOINT(r2, Product) = REF(e2) JOIN WarehouseBin e3 ON ENDPOINT(r2, WarehouseBin) = REF(e3) WHERE e2.product_id >= 1668483;
EXPLAIN (ANALYZE, BUFFERS, TIMING OFF, SUMMARY ON, FORMAT TEXT)
WITH
"b0" AS (
    SELECT
        "source"."bought_together_product_product_id" AS "__endpoint_bought_together_product_id_0",
        "source"."product_id" AS "__endpoint_product_id_0"
    FROM "relation_50" AS "source"
),
"b1" AS (
    SELECT
        "source"."base_price" AS "base_price",
        "source"."product_id" AS "__reference_0"
    FROM "relation_1" AS "source"
    UNION ALL
    SELECT
        "source"."base_price" AS "base_price",
        "source"."physicalproduct_id" AS "__reference_0"
    FROM "relation_2" AS "source"
    UNION ALL
    SELECT
        "source"."base_price" AS "base_price",
        "source"."electronics_id" AS "__reference_0"
    FROM "relation_4" AS "source"
    UNION ALL
    SELECT
        "source"."base_price" AS "base_price",
        "source"."computer_id" AS "__reference_0"
    FROM "relation_5" AS "source"
    UNION ALL
    SELECT
        "source"."base_price" AS "base_price",
        "source"."desktop_id" AS "__reference_0"
    FROM "relation_6" AS "source"
    UNION ALL
    SELECT
        "source"."base_price" AS "base_price",
        "source"."laptop_id" AS "__reference_0"
    FROM "relation_7" AS "source"
    UNION ALL
    SELECT
        "source"."base_price" AS "base_price",
        "source"."tablet_id" AS "__reference_0"
    FROM "relation_8" AS "source"
    UNION ALL
    SELECT
        "source"."base_price" AS "base_price",
        "source"."smartwatch_id" AS "__reference_0"
    FROM "relation_9" AS "source"
    UNION ALL
    SELECT
        "source"."base_price" AS "base_price",
        "source"."camera_id" AS "__reference_0"
    FROM "relation_10" AS "source"
    UNION ALL
    SELECT
        "source"."base_price" AS "base_price",
        "source"."phone_id" AS "__reference_0"
    FROM "relation_11" AS "source"
    UNION ALL
    SELECT
        "source"."base_price" AS "base_price",
        "source"."accessory_id" AS "__reference_0"
    FROM "relation_12" AS "source"
    UNION ALL
    SELECT
        "source"."base_price" AS "base_price",
        "source"."appliance_id" AS "__reference_0"
    FROM "relation_13" AS "source"
    UNION ALL
    SELECT
        "source"."base_price" AS "base_price",
        "source"."kitchenappliance_id" AS "__reference_0"
    FROM "relation_14" AS "source"
    UNION ALL
    SELECT
        "source"."base_price" AS "base_price",
        "source"."apparel_id" AS "__reference_0"
    FROM "relation_15" AS "source"
    UNION ALL
    SELECT
        "source"."base_price" AS "base_price",
        "source"."clothing_id" AS "__reference_0"
    FROM "relation_16" AS "source"
    UNION ALL
    SELECT
        "source"."base_price" AS "base_price",
        "source"."menclothing_id" AS "__reference_0"
    FROM "relation_17" AS "source"
    UNION ALL
    SELECT
        "source"."base_price" AS "base_price",
        "source"."womenclothing_id" AS "__reference_0"
    FROM "relation_18" AS "source"
    UNION ALL
    SELECT
        "source"."base_price" AS "base_price",
        "source"."footwear_id" AS "__reference_0"
    FROM "relation_19" AS "source"
    UNION ALL
    SELECT
        "source"."base_price" AS "base_price",
        "source"."digitalproduct_id" AS "__reference_0"
    FROM "relation_3" AS "source"
    UNION ALL
    SELECT
        "source"."base_price" AS "base_price",
        "source"."media_id" AS "__reference_0"
    FROM "relation_20" AS "source"
    UNION ALL
    SELECT
        "source"."base_price" AS "base_price",
        "source"."software_id" AS "__reference_0"
    FROM "relation_21" AS "source"
),
"b2" AS (
    SELECT
        "source"."product_id" AS "product_id",
        "source"."quantity" AS "quantity",
        "source"."product_id" AS "__reference_0"
    FROM "relation_1" AS "source"
    UNION ALL
    SELECT
        "source"."physicalproduct_id" AS "product_id",
        "source"."quantity" AS "quantity",
        "source"."physicalproduct_id" AS "__reference_0"
    FROM "relation_2" AS "source"
    UNION ALL
    SELECT
        "source"."electronics_id" AS "product_id",
        "source"."quantity" AS "quantity",
        "source"."electronics_id" AS "__reference_0"
    FROM "relation_4" AS "source"
    UNION ALL
    SELECT
        "source"."computer_id" AS "product_id",
        "source"."quantity" AS "quantity",
        "source"."computer_id" AS "__reference_0"
    FROM "relation_5" AS "source"
    UNION ALL
    SELECT
        "source"."desktop_id" AS "product_id",
        "source"."quantity" AS "quantity",
        "source"."desktop_id" AS "__reference_0"
    FROM "relation_6" AS "source"
    UNION ALL
    SELECT
        "source"."laptop_id" AS "product_id",
        "source"."quantity" AS "quantity",
        "source"."laptop_id" AS "__reference_0"
    FROM "relation_7" AS "source"
    UNION ALL
    SELECT
        "source"."tablet_id" AS "product_id",
        "source"."quantity" AS "quantity",
        "source"."tablet_id" AS "__reference_0"
    FROM "relation_8" AS "source"
    UNION ALL
    SELECT
        "source"."smartwatch_id" AS "product_id",
        "source"."quantity" AS "quantity",
        "source"."smartwatch_id" AS "__reference_0"
    FROM "relation_9" AS "source"
    UNION ALL
    SELECT
        "source"."camera_id" AS "product_id",
        "source"."quantity" AS "quantity",
        "source"."camera_id" AS "__reference_0"
    FROM "relation_10" AS "source"
    UNION ALL
    SELECT
        "source"."phone_id" AS "product_id",
        "source"."quantity" AS "quantity",
        "source"."phone_id" AS "__reference_0"
    FROM "relation_11" AS "source"
    UNION ALL
    SELECT
        "source"."accessory_id" AS "product_id",
        "source"."quantity" AS "quantity",
        "source"."accessory_id" AS "__reference_0"
    FROM "relation_12" AS "source"
    UNION ALL
    SELECT
        "source"."appliance_id" AS "product_id",
        "source"."quantity" AS "quantity",
        "source"."appliance_id" AS "__reference_0"
    FROM "relation_13" AS "source"
    UNION ALL
    SELECT
        "source"."kitchenappliance_id" AS "product_id",
        "source"."quantity" AS "quantity",
        "source"."kitchenappliance_id" AS "__reference_0"
    FROM "relation_14" AS "source"
    UNION ALL
    SELECT
        "source"."apparel_id" AS "product_id",
        "source"."quantity" AS "quantity",
        "source"."apparel_id" AS "__reference_0"
    FROM "relation_15" AS "source"
    UNION ALL
    SELECT
        "source"."clothing_id" AS "product_id",
        "source"."quantity" AS "quantity",
        "source"."clothing_id" AS "__reference_0"
    FROM "relation_16" AS "source"
    UNION ALL
    SELECT
        "source"."menclothing_id" AS "product_id",
        "source"."quantity" AS "quantity",
        "source"."menclothing_id" AS "__reference_0"
    FROM "relation_17" AS "source"
    UNION ALL
    SELECT
        "source"."womenclothing_id" AS "product_id",
        "source"."quantity" AS "quantity",
        "source"."womenclothing_id" AS "__reference_0"
    FROM "relation_18" AS "source"
    UNION ALL
    SELECT
        "source"."footwear_id" AS "product_id",
        "source"."quantity" AS "quantity",
        "source"."footwear_id" AS "__reference_0"
    FROM "relation_19" AS "source"
    UNION ALL
    SELECT
        "source"."digitalproduct_id" AS "product_id",
        "source"."quantity" AS "quantity",
        "source"."digitalproduct_id" AS "__reference_0"
    FROM "relation_3" AS "source"
    UNION ALL
    SELECT
        "source"."media_id" AS "product_id",
        "source"."quantity" AS "quantity",
        "source"."media_id" AS "__reference_0"
    FROM "relation_20" AS "source"
    UNION ALL
    SELECT
        "source"."software_id" AS "product_id",
        "source"."quantity" AS "quantity",
        "source"."software_id" AS "__reference_0"
    FROM "relation_21" AS "source"
),
"b3" AS (
    SELECT
        "source"."product_id" AS "__endpoint_product_0",
        "source"."warehouse_id" AS "__endpoint_warehousebin_0",
        "source"."bin_id" AS "__endpoint_warehousebin_1"
    FROM "relation_59" AS "source"
),
"b4" AS (
    SELECT
        "source"."code" AS "code",
        "source"."warehouse_id" AS "__reference_0",
        "source"."bin_id" AS "__reference_1"
    FROM "relation_42" AS "source"
)
SELECT 
    "b1"."base_price" AS "base_price",
    "b2"."quantity" AS "quantity",
    "b4"."code" AS "code"
FROM (((("b0" INNER JOIN "b1" ON ("b0"."__endpoint_bought_together_product_id_0" = "b1"."__reference_0")) INNER JOIN "b2" ON ("b0"."__endpoint_product_id_0" = "b2"."__reference_0")) INNER JOIN "b3" ON ("b3"."__endpoint_product_0" = "b2"."__reference_0")) INNER JOIN "b4" ON ("b3"."__endpoint_warehousebin_0" = "b4"."__reference_0" AND "b3"."__endpoint_warehousebin_1" = "b4"."__reference_1"))
WHERE ("b2"."product_id" >= 1668483);
                                                                      QUERY PLAN                                                                       
-------------------------------------------------------------------------------------------------------------------------------------------------------
 Gather  (cost=1359.22..437043.54 rows=14597 width=18) (actual rows=11506747 loops=1)
   Workers Planned: 2
   Workers Launched: 0
   Buffers: shared hit=1351849521 read=25548393 written=11794
   ->  Nested Loop  (cost=359.22..434583.84 rows=6082 width=18) (actual rows=11506747 loops=1)
         Buffers: shared hit=1351849521 read=25548393 written=11794
         ->  Nested Loop  (cost=358.93..257732.72 rows=2493 width=22) (actual rows=12775810 loops=1)
               Buffers: shared hit=726219996 read=18306833 written=8450
               ->  Nested Loop  (cost=358.63..155583.35 rows=1350 width=22) (actual rows=12775810 loops=1)
                     Buffers: shared hit=35646253 read=6211026 written=2872
                     ->  Hash Join  (cost=358.20..154417.11 rows=512 width=14) (actual rows=13100150 loops=1)
                           Hash Cond: ((source_43.warehouse_id = source_44.warehouse_id) AND (source_43.bin_id = source_44.bin_id))
                           Buffers: shared read=70889 written=21
                           ->  Parallel Seq Scan on relation_59 source_43  (cost=0.00..125401.51 rows=5458551 width=12) (actual rows=13100150 loops=1)
                                 Buffers: shared read=70816 written=21
                           ->  Hash  (cost=187.08..187.08 rows=11408 width=18) (actual rows=11408 loops=1)
                                 Buckets: 16384  Batches: 1  Memory Usage: 708kB
                                 Buffers: shared read=73
                                 ->  Seq Scan on relation_42 source_44  (cost=0.00..187.08 rows=11408 width=18) (actual rows=11408 loops=1)
                                       Buffers: shared read=73
                     ->  Index Only Scan using relation_50_pkey on relation_50 source  (cost=0.43..2.25 rows=3 width=8) (actual rows=1 loops=13100150)
                           Index Cond: (product_id = source_43.product_id)
                           Heap Fetches: 0
                           Buffers: shared hit=35646253 read=6140137 written=2851
               ->  Append  (cost=0.29..75.46 rows=21 width=8) (actual rows=1 loops=12775810)
                     Buffers: shared hit=690573743 read=12095807 written=5578
                     ->  Index Scan using relation_1_pkey on relation_1 source_1  (cost=0.29..3.48 rows=1 width=8) (actual rows=0 loops=12775810)
                           Index Cond: (product_id = source.bought_together_product_product_id)
                           Buffers: shared hit=25553798 read=45418 written=26
                     ->  Index Scan using relation_2_pkey on relation_2 source_2  (cost=0.29..3.49 rows=1 width=8) (actual rows=0 loops=12775810)
                           Index Cond: (physicalproduct_id = source.bought_together_product_product_id)
                           Buffers: shared hit=25554542 read=62779 written=37
                     ->  Index Scan using relation_4_pkey on relation_4 source_3  (cost=0.43..3.88 rows=1 width=8) (actual rows=1 loops=12775810)
                           Index Cond: (electronics_id = source.bought_together_product_product_id)
                           Buffers: shared hit=38658637 read=6519313 written=3074
                     ->  Index Scan using relation_5_pkey on relation_5 source_4  (cost=0.29..3.50 rows=1 width=8) (actual rows=0 loops=12775810)
                           Index Cond: (computer_id = source.bought_together_product_product_id)
                           Buffers: shared hit=25557431 read=76767 written=38
                     ->  Index Scan using relation_6_pkey on relation_6 source_5  (cost=0.43..3.68 rows=1 width=8) (actual rows=0 loops=12775810)
                           Index Cond: (desktop_id = source.bought_together_product_product_id)
                           Buffers: shared hit=38412726 read=1341150 written=554
                     ->  Index Scan using relation_7_pkey on relation_7 source_6  (cost=0.42..3.63 rows=1 width=8) (actual rows=0 loops=12775810)
                           Index Cond: (laptop_id = source.bought_together_product_product_id)
                           Buffers: shared hit=38334611 read=99831 written=47
                     ->  Index Scan using relation_8_pkey on relation_8 source_7  (cost=0.29..3.50 rows=1 width=8) (actual rows=0 loops=12775810)
                           Index Cond: (tablet_id = source.bought_together_product_product_id)
                           Buffers: shared hit=25557551 read=69906 written=34
                     ->  Index Scan using relation_9_pkey on relation_9 source_8  (cost=0.42..3.64 rows=1 width=8) (actual rows=0 loops=12775810)
                           Index Cond: (smartwatch_id = source.bought_together_product_product_id)
                           Buffers: shared hit=38346340 read=338754 written=172
                     ->  Index Scan using relation_10_pkey on relation_10 source_9  (cost=0.42..3.62 rows=1 width=8) (actual rows=0 loops=12775810)
                           Index Cond: (camera_id = source.bought_together_product_product_id)
                           Buffers: shared hit=38337292 read=117981 written=71
                     ->  Index Scan using relation_11_pkey on relation_11 source_10  (cost=0.42..3.65 rows=1 width=8) (actual rows=0 loops=12775810)
                           Index Cond: (phone_id = source.bought_together_product_product_id)
                           Buffers: shared hit=38356762 read=485325 written=241
                     ->  Index Scan using relation_12_pkey on relation_12 source_11  (cost=0.42..3.63 rows=1 width=8) (actual rows=0 loops=12775810)
                           Index Cond: (accessory_id = source.bought_together_product_product_id)
                           Buffers: shared hit=38333356 read=104240 written=47
                     ->  Index Scan using relation_13_pkey on relation_13 source_12  (cost=0.29..3.48 rows=1 width=8) (actual rows=0 loops=12775810)
                           Index Cond: (appliance_id = source.bought_together_product_product_id)
                           Buffers: shared hit=25555017 read=42126 written=28
                     ->  Index Scan using relation_14_pkey on relation_14 source_13  (cost=0.42..3.63 rows=1 width=8) (actual rows=0 loops=12775810)
                           Index Cond: (kitchenappliance_id = source.bought_together_product_product_id)
                           Buffers: shared hit=38341396 read=187170 written=77
                     ->  Index Scan using relation_15_pkey on relation_15 source_14  (cost=0.42..3.64 rows=1 width=8) (actual rows=0 loops=12775810)
                           Index Cond: (apparel_id = source.bought_together_product_product_id)
                           Buffers: shared hit=38345793 read=256542 written=111
                     ->  Index Scan using relation_16_pkey on relation_16 source_15  (cost=0.42..3.64 rows=1 width=8) (actual rows=0 loops=12775810)
                           Index Cond: (clothing_id = source.bought_together_product_product_id)
                           Buffers: shared hit=38339106 read=213475 written=88
                     ->  Index Scan using relation_17_pkey on relation_17 source_16  (cost=0.43..3.68 rows=1 width=8) (actual rows=0 loops=12775810)
                           Index Cond: (menclothing_id = source.bought_together_product_product_id)
                           Buffers: shared hit=38399541 read=1215219 written=542
                     ->  Index Scan using relation_18_pkey on relation_18 source_17  (cost=0.29..3.49 rows=1 width=8) (actual rows=0 loops=12775810)
                           Index Cond: (womenclothing_id = source.bought_together_product_product_id)
                           Buffers: shared hit=25558198 read=82521 written=27
                     ->  Index Scan using relation_19_pkey on relation_19 source_18  (cost=0.29..3.48 rows=1 width=8) (actual rows=0 loops=12775810)
                           Index Cond: (footwear_id = source.bought_together_product_product_id)
                           Buffers: shared hit=25553244 read=20021 written=13
                     ->  Index Scan using relation_3_pkey on relation_3 source_19  (cost=0.29..3.48 rows=1 width=8) (actual rows=0 loops=12775810)
                           Index Cond: (digitalproduct_id = source.bought_together_product_product_id)
                           Buffers: shared hit=25553923 read=49102 written=25
                     ->  Index Scan using relation_20_pkey on relation_20 source_20  (cost=0.43..3.66 rows=1 width=8) (actual rows=0 loops=12775810)
                           Index Cond: (media_id = source.bought_together_product_product_id)
                           Buffers: shared hit=38371918 read=757852 written=322
                     ->  Index Scan using relation_21_pkey on relation_21 source_21  (cost=0.29..3.47 rows=1 width=8) (actual rows=0 loops=12775810)
                           Index Cond: (software_id = source.bought_together_product_product_id)
                           Buffers: shared hit=25552561 read=10315 written=4
         ->  Append  (cost=0.29..70.73 rows=21 width=8) (actual rows=1 loops=12775810)
               Buffers: shared hit=625629525 read=7241560 written=3344
               ->  Index Scan using relation_1_pkey on relation_1 source_22  (cost=0.29..1.89 rows=1 width=8) (actual rows=0 loops=12775810)
                     Index Cond: ((product_id = source.product_id) AND (product_id >= 1668483))
                     Buffers: shared hit=23013494
               ->  Index Scan using relation_2_pkey on relation_2 source_23  (cost=0.29..1.90 rows=1 width=8) (actual rows=0 loops=12775810)
                     Index Cond: ((physicalproduct_id = source.product_id) AND (physicalproduct_id >= 1668483))
                     Buffers: shared hit=23013494
               ->  Index Scan using relation_4_pkey on relation_4 source_24  (cost=0.43..3.88 rows=1 width=8) (actual rows=0 loops=12775810)
                     Index Cond: ((electronics_id = source.product_id) AND (electronics_id >= 1668483))
                     Buffers: shared hit=36635107 read=3624751 written=1699
               ->  Index Scan using relation_5_pkey on relation_5 source_25  (cost=0.29..3.50 rows=1 width=8) (actual rows=0 loops=12775810)
                     Index Cond: ((computer_id = source.product_id) AND (computer_id >= 1668483))
                     Buffers: shared hit=23043957 read=50590 written=24
               ->  Index Scan using relation_6_pkey on relation_6 source_26  (cost=0.43..3.68 rows=1 width=8) (actual rows=0 loops=12775810)
                     Index Cond: ((desktop_id = source.product_id) AND (desktop_id >= 1668483))
                     Buffers: shared hit=35057541 read=898074 written=437
               ->  Index Scan using relation_7_pkey on relation_7 source_27  (cost=0.42..3.63 rows=1 width=8) (actual rows=0 loops=12775810)
                     Index Cond: ((laptop_id = source.product_id) AND (laptop_id >= 1668483))
                     Buffers: shared hit=34560143 read=65960 written=33
               ->  Index Scan using relation_8_pkey on relation_8 source_28  (cost=0.29..3.50 rows=1 width=8) (actual rows=0 loops=12775810)
                     Index Cond: ((tablet_id = source.product_id) AND (tablet_id >= 1668483))
                     Buffers: shared hit=23042181 read=46654 written=26
               ->  Index Scan using relation_9_pkey on relation_9 source_29  (cost=0.42..3.64 rows=1 width=8) (actual rows=0 loops=12775810)
                     Index Cond: ((smartwatch_id = source.product_id) AND (smartwatch_id >= 1668483))
                     Buffers: shared hit=34652142 read=225741 written=93
               ->  Index Scan using relation_10_pkey on relation_10 source_30  (cost=0.42..3.62 rows=1 width=8) (actual rows=0 loops=12775810)
                     Index Cond: ((camera_id = source.product_id) AND (camera_id >= 1668483))
                     Buffers: shared hit=34569622 read=79011 written=32
               ->  Index Scan using relation_11_pkey on relation_11 source_31  (cost=0.42..3.65 rows=1 width=8) (actual rows=0 loops=12775810)
                     Index Cond: ((phone_id = source.product_id) AND (phone_id >= 1668483))
                     Buffers: shared hit=34709308 read=322146 written=138
               ->  Index Scan using relation_12_pkey on relation_12 source_32  (cost=0.42..3.63 rows=1 width=8) (actual rows=0 loops=12775810)
                     Index Cond: ((accessory_id = source.product_id) AND (accessory_id >= 1668483))
                     Buffers: shared hit=34560853 read=68646 written=26
               ->  Index Scan using relation_13_pkey on relation_13 source_33  (cost=0.29..3.48 rows=1 width=8) (actual rows=0 loops=12775810)
                     Index Cond: ((appliance_id = source.product_id) AND (appliance_id >= 1668483))
                     Buffers: shared hit=23031049 read=27944 written=4
               ->  Index Scan using relation_14_pkey on relation_14 source_34  (cost=0.42..3.64 rows=1 width=8) (actual rows=0 loops=12775810)
                     Index Cond: ((kitchenappliance_id = source.product_id) AND (kitchenappliance_id >= 1668483))
                     Buffers: shared hit=34596197 read=124917 written=58
               ->  Index Scan using relation_15_pkey on relation_15 source_35  (cost=0.42..3.64 rows=1 width=8) (actual rows=0 loops=12775810)
                     Index Cond: ((apparel_id = source.product_id) AND (apparel_id >= 1668483))
                     Buffers: shared hit=34625483 read=172955 written=73
               ->  Index Scan using relation_16_pkey on relation_16 source_36  (cost=0.42..3.64 rows=1 width=8) (actual rows=0 loops=12775810)
                     Index Cond: ((clothing_id = source.product_id) AND (clothing_id >= 1668483))
                     Buffers: shared hit=34603553 read=143633 written=58
               ->  Index Scan using relation_17_pkey on relation_17 source_37  (cost=0.43..3.68 rows=1 width=8) (actual rows=0 loops=12775810)
                     Index Cond: ((menclothing_id = source.product_id) AND (menclothing_id >= 1668483))
                     Buffers: shared hit=34995838 read=809842 written=381
               ->  Index Scan using relation_18_pkey on relation_18 source_38  (cost=0.29..3.49 rows=1 width=8) (actual rows=0 loops=12775810)
                     Index Cond: ((womenclothing_id = source.product_id) AND (womenclothing_id >= 1668483))
                     Buffers: shared hit=23047388 read=55075 written=18
               ->  Index Scan using relation_19_pkey on relation_19 source_39  (cost=0.29..3.48 rows=1 width=8) (actual rows=0 loops=12775810)
                     Index Cond: ((footwear_id = source.product_id) AND (footwear_id >= 1668483))
                     Buffers: shared hit=23021790 read=13299 written=9
               ->  Index Scan using relation_3_pkey on relation_3 source_40  (cost=0.29..1.89 rows=1 width=8) (actual rows=0 loops=12775810)
                     Index Cond: ((digitalproduct_id = source.product_id) AND (digitalproduct_id >= 1668483))
                     Buffers: shared hit=23013494
               ->  Index Scan using relation_20_pkey on relation_20 source_41  (cost=0.43..3.66 rows=1 width=8) (actual rows=0 loops=12775810)
                     Index Cond: ((media_id = source.product_id) AND (media_id >= 1668483))
                     Buffers: shared hit=34818968 read=505437 written=229
               ->  Index Scan using relation_21_pkey on relation_21 source_42  (cost=0.29..3.48 rows=1 width=8) (actual rows=0 loops=12775810)
                     Index Cond: ((software_id = source.product_id) AND (software_id >= 1668483))
                     Buffers: shared hit=23017923 read=6885 written=6
 Planning:
   Buffers: shared hit=885
 Planning Time: 2.835 ms
 JIT:
   Functions: 229
   Options: Inlining false, Optimization false, Expressions true, Deforming true
 Execution Time: 359956.634 ms
(161 rows)

-- Q002 [complex_multi_join] occurrence 1/1
-- Original E/R: SELECT e1.sku, e2.status, e3.supplier_id FROM po_items r1 JOIN PhysicalProduct e1 ON ENDPOINT(r1, Product) = REF(e1) JOIN PurchaseOrder e2 ON ENDPOINT(r1, PurchaseOrder) = REF(e2) JOIN supplier_pos r2 ON ENDPOINT(r2, PurchaseOrder) = REF(e2) JOIN Supplier e3 ON ENDPOINT(r2, Supplier) = REF(e3) WHERE e2.created_at < '2025-03-20';
EXPLAIN (ANALYZE, BUFFERS, TIMING OFF, SUMMARY ON, FORMAT TEXT)
WITH
"b0" AS (
    SELECT
        "source"."product_id" AS "__endpoint_product_0",
        "source"."purchaseorder_id" AS "__endpoint_purchaseorder_0"
    FROM "relation_62" AS "source"
),
"b1" AS (
    SELECT
        "source"."sku" AS "sku",
        "source"."physicalproduct_id" AS "__reference_0"
    FROM "relation_2" AS "source"
    UNION ALL
    SELECT
        "source"."sku" AS "sku",
        "source"."electronics_id" AS "__reference_0"
    FROM "relation_4" AS "source"
    UNION ALL
    SELECT
        "source"."sku" AS "sku",
        "source"."computer_id" AS "__reference_0"
    FROM "relation_5" AS "source"
    UNION ALL
    SELECT
        "source"."sku" AS "sku",
        "source"."desktop_id" AS "__reference_0"
    FROM "relation_6" AS "source"
    UNION ALL
    SELECT
        "source"."sku" AS "sku",
        "source"."laptop_id" AS "__reference_0"
    FROM "relation_7" AS "source"
    UNION ALL
    SELECT
        "source"."sku" AS "sku",
        "source"."tablet_id" AS "__reference_0"
    FROM "relation_8" AS "source"
    UNION ALL
    SELECT
        "source"."sku" AS "sku",
        "source"."smartwatch_id" AS "__reference_0"
    FROM "relation_9" AS "source"
    UNION ALL
    SELECT
        "source"."sku" AS "sku",
        "source"."camera_id" AS "__reference_0"
    FROM "relation_10" AS "source"
    UNION ALL
    SELECT
        "source"."sku" AS "sku",
        "source"."phone_id" AS "__reference_0"
    FROM "relation_11" AS "source"
    UNION ALL
    SELECT
        "source"."sku" AS "sku",
        "source"."accessory_id" AS "__reference_0"
    FROM "relation_12" AS "source"
    UNION ALL
    SELECT
        "source"."sku" AS "sku",
        "source"."appliance_id" AS "__reference_0"
    FROM "relation_13" AS "source"
    UNION ALL
    SELECT
        "source"."sku" AS "sku",
        "source"."kitchenappliance_id" AS "__reference_0"
    FROM "relation_14" AS "source"
    UNION ALL
    SELECT
        "source"."sku" AS "sku",
        "source"."apparel_id" AS "__reference_0"
    FROM "relation_15" AS "source"
    UNION ALL
    SELECT
        "source"."sku" AS "sku",
        "source"."clothing_id" AS "__reference_0"
    FROM "relation_16" AS "source"
    UNION ALL
    SELECT
        "source"."sku" AS "sku",
        "source"."menclothing_id" AS "__reference_0"
    FROM "relation_17" AS "source"
    UNION ALL
    SELECT
        "source"."sku" AS "sku",
        "source"."womenclothing_id" AS "__reference_0"
    FROM "relation_18" AS "source"
    UNION ALL
    SELECT
        "source"."sku" AS "sku",
        "source"."footwear_id" AS "__reference_0"
    FROM "relation_19" AS "source"
),
"b2" AS (
    SELECT
        "source"."created_at" AS "created_at",
        "source"."status" AS "status",
        "source"."purchaseorder_id" AS "__reference_0"
    FROM "relation_45" AS "source"
),
"b3" AS (
    SELECT
        "source"."purchaseorder_id" AS "__endpoint_purchaseorder_0",
        "source"."supplier_pos_supplier_id" AS "__endpoint_supplier_0"
    FROM "relation_61" AS "source"
),
"b4" AS (
    SELECT
        "source"."supplier_id" AS "supplier_id",
        "source"."supplier_id" AS "__reference_0"
    FROM "relation_43" AS "source"
)
SELECT 
    "b1"."sku" AS "sku",
    "b2"."status" AS "status",
    "b4"."supplier_id" AS "supplier_id"
FROM (((("b0" INNER JOIN "b1" ON ("b0"."__endpoint_product_0" = "b1"."__reference_0")) INNER JOIN "b2" ON ("b0"."__endpoint_purchaseorder_0" = "b2"."__reference_0")) INNER JOIN "b3" ON ("b3"."__endpoint_purchaseorder_0" = "b2"."__reference_0")) INNER JOIN "b4" ON ("b3"."__endpoint_supplier_0" = "b4"."__reference_0"))
WHERE ("b2"."created_at" < '2025-03-20');
                                                                 QUERY PLAN                                                                  
---------------------------------------------------------------------------------------------------------------------------------------------
 Hash Join  (cost=14828.10..756090.25 rows=11056211 width=30) (actual rows=95534 loops=1)
   Hash Cond: (source_1.physicalproduct_id = source.product_id)
   Buffers: shared hit=2940 read=338195
   ->  Append  (cost=0.00..572209.87 rows=15597258 width=22) (actual rows=15596824 loops=1)
         Buffers: shared hit=2940 read=335311
         ->  Seq Scan on relation_2 source_1  (cost=0.00..2634.65 rows=85865 width=22) (actual rows=85865 loops=1)
               Buffers: shared hit=13 read=1763
         ->  Seq Scan on relation_4 source_2  (cost=0.00..278760.45 rows=9004045 width=22) (actual rows=9004045 loops=1)
               Buffers: shared hit=2227 read=186493
         ->  Seq Scan on relation_5 source_3  (cost=0.00..3543.90 rows=107190 width=22) (actual rows=107190 loops=1)
               Buffers: shared hit=26 read=2446
         ->  Seq Scan on relation_6 source_4  (cost=0.00..63301.07 rows=1878107 width=22) (actual rows=1877778 loops=1)
               Buffers: shared hit=370 read=44150
         ->  Seq Scan on relation_7 source_5  (cost=0.00..4636.70 rows=139670 width=22) (actual rows=139670 loops=1)
               Buffers: shared hit=22 read=3218
         ->  Seq Scan on relation_8 source_6  (cost=0.00..3152.00 rows=100000 width=22) (actual rows=100000 loops=1)
               Buffers: shared hit=16 read=2136
         ->  Seq Scan on relation_9 source_7  (cost=0.00..14782.45 rows=469445 width=22) (actual rows=469445 loops=1)
               Buffers: shared hit=52 read=10036
         ->  Seq Scan on relation_10 source_8  (cost=0.00..5378.01 rows=169001 width=22) (actual rows=169001 loops=1)
               Buffers: shared hit=16 read=3672
         ->  Seq Scan on relation_11 source_9  (cost=0.00..21840.01 rows=676001 width=22) (actual rows=676001 loops=1)
               Buffers: shared hit=58 read=15022
         ->  Seq Scan on relation_12 source_10  (cost=0.00..4688.98 rows=144898 width=22) (actual rows=144898 loops=1)
               Buffers: shared hit=10 read=3230
         ->  Seq Scan on relation_13 source_11  (cost=0.00..1921.20 rows=60120 width=22) (actual rows=60120 loops=1)
               Buffers: shared hit=5 read=1315
         ->  Seq Scan on relation_14 source_12  (cost=0.00..8320.63 rows=264063 width=22) (actual rows=264063 loops=1)
               Buffers: shared hit=13 read=5667
         ->  Seq Scan on relation_15 source_13  (cost=0.00..11367.62 rows=364762 width=22) (actual rows=364762 loops=1)
               Buffers: shared hit=15 read=7705
         ->  Seq Scan on relation_16 source_14  (cost=0.00..9547.82 rows=297982 width=22) (actual rows=297982 loops=1)
               Buffers: shared hit=9 read=6559
         ->  Seq Scan on relation_17 source_15  (cost=0.00..55533.05 rows=1690105 width=22) (actual rows=1690000 loops=1)
               Buffers: shared hit=81 read=38551
         ->  Seq Scan on relation_18 source_16  (cost=0.00..3901.62 rows=117362 width=22) (actual rows=117362 loops=1)
               Buffers: shared hit=6 read=2722
         ->  Seq Scan on relation_19 source_17  (cost=0.00..913.42 rows=28642 width=22) (actual rows=28642 loops=1)
               Buffers: shared hit=1 read=626
   ->  Hash  (cost=13485.23..13485.23 rows=107429 width=16) (actual rows=102999 loops=1)
         Buckets: 131072  Batches: 1  Memory Usage: 6226kB
         Buffers: shared read=2884
         ->  Hash Join  (cost=10270.24..13485.23 rows=107429 width=16) (actual rows=102999 loops=1)
               Hash Cond: (source_19.supplier_pos_supplier_id = source_20.supplier_id)
               Buffers: shared read=2884
               ->  Hash Join  (cost=7229.89..10162.87 rows=107429 width=16) (actual rows=102999 loops=1)
                     Hash Cond: (source.purchaseorder_id = source_19.purchaseorder_id)
                     Buffers: shared read=2196
                     ->  Hash Join  (cost=3739.46..6390.43 rows=107429 width=20) (actual rows=107399 loops=1)
                           Hash Cond: (source.purchaseorder_id = source_18.purchaseorder_id)
                           Buffers: shared read=1604
                           ->  Seq Scan on relation_62 source  (cost=0.00..2249.47 rows=152947 width=8) (actual rows=152947 loops=1)
                                 Buffers: shared read=720
                           ->  Hash  (cost=2561.32..2561.32 rows=94251 width=12) (actual rows=94286 loops=1)
                                 Buckets: 131072  Batches: 1  Memory Usage: 5418kB
                                 Buffers: shared read=884
                                 ->  Seq Scan on relation_45 source_18  (cost=0.00..2561.32 rows=94251 width=12) (actual rows=94286 loops=1)
                                       Filter: ((created_at)::text < '2025-03-20'::text)
                                       Rows Removed by Filter: 39900
                                       Buffers: shared read=884
                     ->  Hash  (cost=1880.19..1880.19 rows=128819 width=8) (actual rows=128819 loops=1)
                           Buckets: 131072  Batches: 1  Memory Usage: 6056kB
                           Buffers: shared read=592
                           ->  Seq Scan on relation_61 source_19  (cost=0.00..1880.19 rows=128819 width=8) (actual rows=128819 loops=1)
                                 Buffers: shared read=592
               ->  Hash  (cost=1733.49..1733.49 rows=104549 width=4) (actual rows=104549 loops=1)
                     Buckets: 131072  Batches: 1  Memory Usage: 4700kB
                     Buffers: shared read=688
                     ->  Seq Scan on relation_43 source_20  (cost=0.00..1733.49 rows=104549 width=4) (actual rows=104549 loops=1)
                           Buffers: shared read=688
 Planning:
   Buffers: shared hit=147 read=53
 Planning Time: 9.850 ms
 JIT:
   Functions: 68
   Options: Inlining true, Optimization true, Expressions true, Deforming true
 Execution Time: 1952.590 ms
(77 rows)

-- Q003 [complex_multi_join] occurrence 1/1
-- Original E/R: SELECT e1.accessory_type, e2.supplier_name, e3.status FROM supplier_products r1 JOIN Accessory e1 ON ENDPOINT(r1, Product) = REF(e1) JOIN Supplier e2 ON ENDPOINT(r1, Supplier) = REF(e2) JOIN supplier_pos r2 ON ENDPOINT(r2, Supplier) = REF(e2) JOIN PurchaseOrder e3 ON ENDPOINT(r2, PurchaseOrder) = REF(e3) WHERE e1.accessory_type < 'headset';
EXPLAIN (ANALYZE, BUFFERS, TIMING OFF, SUMMARY ON, FORMAT TEXT)
WITH
"b0" AS (
    SELECT
        "source"."product_id" AS "__endpoint_product_0",
        "source"."supplier_id" AS "__endpoint_supplier_0"
    FROM "relation_60" AS "source"
),
"b1" AS (
    SELECT
        "source"."accessory_type" AS "accessory_type",
        "source"."accessory_id" AS "__reference_0"
    FROM "relation_12" AS "source"
),
"b2" AS (
    SELECT
        "source"."supplier_name" AS "supplier_name",
        "source"."supplier_id" AS "__reference_0"
    FROM "relation_43" AS "source"
),
"b3" AS (
    SELECT
        "source"."purchaseorder_id" AS "__endpoint_purchaseorder_0",
        "source"."supplier_pos_supplier_id" AS "__endpoint_supplier_0"
    FROM "relation_61" AS "source"
),
"b4" AS (
    SELECT
        "source"."status" AS "status",
        "source"."purchaseorder_id" AS "__reference_0"
    FROM "relation_45" AS "source"
)
SELECT 
    "b1"."accessory_type" AS "accessory_type",
    "b2"."supplier_name" AS "supplier_name",
    "b4"."status" AS "status"
FROM (((("b0" INNER JOIN "b1" ON ("b0"."__endpoint_product_0" = "b1"."__reference_0")) INNER JOIN "b2" ON ("b0"."__endpoint_supplier_0" = "b2"."__reference_0")) INNER JOIN "b3" ON ("b3"."__endpoint_supplier_0" = "b2"."__reference_0")) INNER JOIN "b4" ON ("b3"."__endpoint_purchaseorder_0" = "b4"."__reference_0"))
WHERE ("b1"."accessory_type" < 'headset');
                                                               QUERY PLAN                                                               
----------------------------------------------------------------------------------------------------------------------------------------
 Hash Join  (cost=13475.25..17167.38 rows=63095 width=31) (actual rows=296 loops=1)
   Hash Cond: (source_3.supplier_pos_supplier_id = source.supplier_id)
   Buffers: shared hit=3238 read=2338
   ->  Hash Join  (cost=3490.43..6068.54 rows=128819 width=12) (actual rows=128819 loops=1)
         Hash Cond: (source_4.purchaseorder_id = source_3.purchaseorder_id)
         Buffers: shared read=1476
         ->  Seq Scan on relation_45 source_4  (cost=0.00..2225.86 rows=134186 width=12) (actual rows=134186 loops=1)
               Buffers: shared read=884
         ->  Hash  (cost=1880.19..1880.19 rows=128819 width=8) (actual rows=128819 loops=1)
               Buckets: 131072  Batches: 1  Memory Usage: 6056kB
               Buffers: shared read=592
               ->  Seq Scan on relation_61 source_3  (cost=0.00..1880.19 rows=128819 width=8) (actual rows=128819 loops=1)
                     Buffers: shared read=592
   ->  Hash  (cost=9611.03..9611.03 rows=29903 width=31) (actual rows=275 loops=1)
         Buckets: 32768  Batches: 1  Memory Usage: 274kB
         Buffers: shared hit=3238 read=862
         ->  Hash Join  (cost=7186.45..9611.03 rows=29903 width=31) (actual rows=275 loops=1)
               Hash Cond: (source_2.supplier_id = source.supplier_id)
               Buffers: shared hit=3238 read=862
               ->  Seq Scan on relation_43 source_2  (cost=0.00..1733.49 rows=104549 width=21) (actual rows=104549 loops=1)
                     Buffers: shared read=688
               ->  Hash  (cost=6812.66..6812.66 rows=29903 width=10) (actual rows=275 loops=1)
                     Buckets: 32768  Batches: 1  Memory Usage: 268kB
                     Buffers: shared hit=3238 read=174
                     ->  Hash Join  (cost=1042.37..6812.66 rows=29903 width=10) (actual rows=275 loops=1)
                           Hash Cond: (source_1.accessory_id = source.product_id)
                           Buffers: shared hit=3238 read=174
                           ->  Seq Scan on relation_12 source_1  (cost=0.00..5051.23 rows=112011 width=10) (actual rows=111464 loops=1)
                                 Filter: ((accessory_type)::text < 'headset'::text)
                                 Rows Removed by Filter: 33434
                                 Buffers: shared hit=3238 read=2
                           ->  Hash  (cost=558.83..558.83 rows=38683 width=8) (actual rows=38683 loops=1)
                                 Buckets: 65536  Batches: 1  Memory Usage: 2024kB
                                 Buffers: shared read=172
                                 ->  Seq Scan on relation_60 source  (cost=0.00..558.83 rows=38683 width=8) (actual rows=38683 loops=1)
                                       Buffers: shared read=172
 Planning:
   Buffers: shared hit=78 read=29
 Planning Time: 9.384 ms
 Execution Time: 56.663 ms
(40 rows)

-- Q004 [aggregation] occurrence 1/1
-- Original E/R: SELECT e2.body, COUNT(DISTINCT REF(e1)) AS related_count FROM reviews r JOIN PhysicalProduct e1 ON ENDPOINT(r, Product) = REF(e1) JOIN Review e2 ON ENDPOINT(r, Review) = REF(e2) WHERE e2.rating > 1 GROUP BY REF(e2), e2.body HAVING COUNT(DISTINCT REF(e1)) >= 5;
EXPLAIN (ANALYZE, BUFFERS, TIMING OFF, SUMMARY ON, FORMAT TEXT)
WITH
"b0" AS (
    SELECT
        "source"."reviews_product_id" AS "__endpoint_product_0",
        "source"."customer_id" AS "__endpoint_review_0",
        "source"."review_id" AS "__endpoint_review_1"
    FROM "relation_53" AS "source"
),
"b1" AS (
    SELECT
        "source"."physicalproduct_id" AS "__reference_0"
    FROM "relation_2" AS "source"
    UNION ALL
    SELECT
        "source"."electronics_id" AS "__reference_0"
    FROM "relation_4" AS "source"
    UNION ALL
    SELECT
        "source"."computer_id" AS "__reference_0"
    FROM "relation_5" AS "source"
    UNION ALL
    SELECT
        "source"."desktop_id" AS "__reference_0"
    FROM "relation_6" AS "source"
    UNION ALL
    SELECT
        "source"."laptop_id" AS "__reference_0"
    FROM "relation_7" AS "source"
    UNION ALL
    SELECT
        "source"."tablet_id" AS "__reference_0"
    FROM "relation_8" AS "source"
    UNION ALL
    SELECT
        "source"."smartwatch_id" AS "__reference_0"
    FROM "relation_9" AS "source"
    UNION ALL
    SELECT
        "source"."camera_id" AS "__reference_0"
    FROM "relation_10" AS "source"
    UNION ALL
    SELECT
        "source"."phone_id" AS "__reference_0"
    FROM "relation_11" AS "source"
    UNION ALL
    SELECT
        "source"."accessory_id" AS "__reference_0"
    FROM "relation_12" AS "source"
    UNION ALL
    SELECT
        "source"."appliance_id" AS "__reference_0"
    FROM "relation_13" AS "source"
    UNION ALL
    SELECT
        "source"."kitchenappliance_id" AS "__reference_0"
    FROM "relation_14" AS "source"
    UNION ALL
    SELECT
        "source"."apparel_id" AS "__reference_0"
    FROM "relation_15" AS "source"
    UNION ALL
    SELECT
        "source"."clothing_id" AS "__reference_0"
    FROM "relation_16" AS "source"
    UNION ALL
    SELECT
        "source"."menclothing_id" AS "__reference_0"
    FROM "relation_17" AS "source"
    UNION ALL
    SELECT
        "source"."womenclothing_id" AS "__reference_0"
    FROM "relation_18" AS "source"
    UNION ALL
    SELECT
        "source"."footwear_id" AS "__reference_0"
    FROM "relation_19" AS "source"
),
"b2" AS (
    SELECT
        "source"."body" AS "body",
        "source"."rating" AS "rating",
        "source"."customer_id" AS "__reference_0",
        "source"."review_id" AS "__reference_1"
    FROM "relation_35" AS "source"
)
SELECT 
    "b2"."body" AS "body",
    COUNT(DISTINCT "b1"."__reference_0") AS "related_count"
FROM (("b0" INNER JOIN "b1" ON ("b0"."__endpoint_product_0" = "b1"."__reference_0")) INNER JOIN "b2" ON ("b0"."__endpoint_review_0" = "b2"."__reference_0" AND "b0"."__endpoint_review_1" = "b2"."__reference_1"))
WHERE ("b2"."rating" > 1)
GROUP BY
    "b2"."__reference_0",
    "b2"."__reference_1",
    "b2"."body"
HAVING (COUNT(DISTINCT "b1"."__reference_0") >= 5);
                                                                     QUERY PLAN                                                                      
-----------------------------------------------------------------------------------------------------------------------------------------------------
 GroupAggregate  (cost=1258.53..1271.74 rows=196 width=146) (actual rows=0 loops=1)
   Group Key: source_18.customer_id, source_18.review_id
   Filter: (count(DISTINCT source_1.physicalproduct_id) >= 5)
   Rows Removed by Filter: 229
   Buffers: shared hit=10734 read=972
   ->  Sort  (cost=1258.53..1260.00 rows=587 width=142) (actual rows=229 loops=1)
         Sort Key: source_18.customer_id, source_18.review_id, source_1.physicalproduct_id
         Sort Method: quicksort  Memory: 62kB
         Buffers: shared hit=10734 read=972
         ->  Nested Loop  (cost=8.62..1231.54 rows=587 width=142) (actual rows=229 loops=1)
               Buffers: shared hit=10731 read=972
               ->  Hash Join  (cost=8.32..1168.90 rows=1 width=142) (actual rows=241 loops=1)
                     Hash Cond: ((source_18.customer_id = source.customer_id) AND (source_18.review_id = source.review_id))
                     Buffers: shared hit=2 read=720
                     ->  Seq Scan on relation_35 source_18  (cost=0.00..1035.94 rows=23741 width=138) (actual rows=23741 loops=1)
                           Filter: (rating > 1)
                           Rows Removed by Filter: 1534
                           Buffers: shared read=720
                     ->  Hash  (cost=4.53..4.53 rows=253 width=12) (actual rows=253 loops=1)
                           Buckets: 1024  Batches: 1  Memory Usage: 19kB
                           Buffers: shared hit=2
                           ->  Seq Scan on relation_53 source  (cost=0.00..4.53 rows=253 width=12) (actual rows=253 loops=1)
                                 Buffers: shared hit=2
               ->  Append  (cost=0.29..62.46 rows=17 width=4) (actual rows=1 loops=241)
                     Buffers: shared hit=10729 read=252
                     ->  Index Only Scan using relation_2_pkey on relation_2 source_1  (cost=0.29..2.97 rows=1 width=4) (actual rows=0 loops=241)
                           Index Cond: (physicalproduct_id = source.reviews_product_id)
                           Heap Fetches: 0
                           Buffers: shared hit=482
                     ->  Index Only Scan using relation_4_pkey on relation_4 source_2  (cost=0.43..4.47 rows=1 width=4) (actual rows=1 loops=241)
                           Index Cond: (electronics_id = source.reviews_product_id)
                           Heap Fetches: 0
                           Buffers: shared hit=699 read=138
                     ->  Index Only Scan using relation_5_pkey on relation_5 source_3  (cost=0.29..3.44 rows=1 width=4) (actual rows=0 loops=241)
                           Index Cond: (computer_id = source.reviews_product_id)
                           Heap Fetches: 0
                           Buffers: shared hit=478 read=5
                     ->  Index Only Scan using relation_6_pkey on relation_6 source_4  (cost=0.43..4.40 rows=1 width=4) (actual rows=0 loops=241)
                           Index Cond: (desktop_id = source.reviews_product_id)
                           Heap Fetches: 0
                           Buffers: shared hit=702 read=26
                     ->  Index Only Scan using relation_7_pkey on relation_7 source_5  (cost=0.42..3.69 rows=1 width=4) (actual rows=0 loops=241)
                           Index Cond: (laptop_id = source.reviews_product_id)
                           Heap Fetches: 0
                           Buffers: shared hit=719 read=5
                     ->  Index Only Scan using relation_8_pkey on relation_8 source_6  (cost=0.29..3.08 rows=1 width=4) (actual rows=0 loops=241)
                           Index Cond: (tablet_id = source.reviews_product_id)
                           Heap Fetches: 0
                           Buffers: shared hit=479 read=4
                     ->  Index Only Scan using relation_9_pkey on relation_9 source_7  (cost=0.42..4.25 rows=1 width=4) (actual rows=0 loops=241)
                           Index Cond: (smartwatch_id = source.reviews_product_id)
                           Heap Fetches: 0
                           Buffers: shared hit=716 read=8
                     ->  Index Only Scan using relation_10_pkey on relation_10 source_8  (cost=0.42..3.65 rows=1 width=4) (actual rows=0 loops=241)
                           Index Cond: (camera_id = source.reviews_product_id)
                           Heap Fetches: 0
                           Buffers: shared hit=721 read=3
                     ->  Index Only Scan using relation_11_pkey on relation_11 source_9  (cost=0.42..4.30 rows=1 width=4) (actual rows=0 loops=241)
                           Index Cond: (phone_id = source.reviews_product_id)
                           Heap Fetches: 0
                           Buffers: shared hit=717 read=7
                     ->  Index Only Scan using relation_12_pkey on relation_12 source_10  (cost=0.42..3.85 rows=1 width=4) (actual rows=0 loops=241)
                           Index Cond: (accessory_id = source.reviews_product_id)
                           Heap Fetches: 0
                           Buffers: shared hit=720 read=4
                     ->  Index Only Scan using relation_13_pkey on relation_13 source_11  (cost=0.29..2.76 rows=1 width=4) (actual rows=0 loops=241)
                           Index Cond: (appliance_id = source.reviews_product_id)
                           Heap Fetches: 0
                           Buffers: shared hit=479 read=4
                     ->  Index Only Scan using relation_14_pkey on relation_14 source_12  (cost=0.42..4.00 rows=1 width=4) (actual rows=0 loops=241)
                           Index Cond: (kitchenappliance_id = source.reviews_product_id)
                           Heap Fetches: 0
                           Buffers: shared hit=720 read=4
                     ->  Index Only Scan using relation_15_pkey on relation_15 source_13  (cost=0.42..4.12 rows=1 width=4) (actual rows=0 loops=241)
                           Index Cond: (apparel_id = source.reviews_product_id)
                           Heap Fetches: 0
                           Buffers: shared hit=714 read=10
                     ->  Index Only Scan using relation_16_pkey on relation_16 source_14  (cost=0.42..4.16 rows=1 width=4) (actual rows=0 loops=241)
                           Index Cond: (clothing_id = source.reviews_product_id)
                           Heap Fetches: 0
                           Buffers: shared hit=718 read=6
                     ->  Index Only Scan using relation_17_pkey on relation_17 source_15  (cost=0.43..4.40 rows=1 width=4) (actual rows=0 loops=241)
                           Index Cond: (menclothing_id = source.reviews_product_id)
                           Heap Fetches: 0
                           Buffers: shared hit=703 read=25
                     ->  Index Only Scan using relation_18_pkey on relation_18 source_16  (cost=0.29..3.27 rows=1 width=4) (actual rows=0 loops=241)
                           Index Cond: (womenclothing_id = source.reviews_product_id)
                           Heap Fetches: 0
                           Buffers: shared hit=480 read=3
                     ->  Index Only Scan using relation_19_pkey on relation_19 source_17  (cost=0.29..1.59 rows=1 width=4) (actual rows=0 loops=241)
                           Index Cond: (footwear_id = source.reviews_product_id)
                           Heap Fetches: 0
                           Buffers: shared hit=482
 Planning:
   Buffers: shared hit=83 read=24
 Planning Time: 0.440 ms
 Execution Time: 9.071 ms
(97 rows)

-- Q005 [selection_projection] occurrence 1/1
-- Original E/R: SELECT e.product_name, e.dimensions FROM Laptop e WHERE e.sku < 'SKU-ugyy-86730684';
EXPLAIN (ANALYZE, BUFFERS, TIMING OFF, SUMMARY ON, FORMAT TEXT)
WITH
"b0" AS (
    SELECT
        "source"."dimensions" AS "dimensions",
        "source"."product_name" AS "product_name",
        "source"."sku" AS "sku"
    FROM "relation_7" AS "source"
)
SELECT 
    "b0"."product_name" AS "product_name",
    "b0"."dimensions" AS "dimensions"
FROM "b0"
WHERE ("b0"."sku" < 'SKU-ugyy-86730684');
                                              QUERY PLAN                                               
-------------------------------------------------------------------------------------------------------
 Seq Scan on relation_7 source  (cost=0.00..4985.88 rows=108941 width=40) (actual rows=108757 loops=1)
   Filter: ((sku)::text < 'SKU-ugyy-86730684'::text)
   Rows Removed by Filter: 30913
   Buffers: shared hit=5 read=3235
 Planning:
   Buffers: shared hit=6 read=3
 Planning Time: 0.071 ms
 Execution Time: 20.736 ms
(8 rows)

-- Q006 [weak_owner] occurrence 1/1
-- Original E/R: SELECT w.ends_at, w.price_id, w.starts_at FROM PriceHistory w WHERE w.price <= 136;
EXPLAIN (ANALYZE, BUFFERS, TIMING OFF, SUMMARY ON, FORMAT TEXT)
WITH
"b0" AS (
    SELECT
        "source"."ends_at" AS "ends_at",
        "source"."price" AS "price",
        "source"."price_id" AS "price_id",
        "source"."starts_at" AS "starts_at"
    FROM "relation_29" AS "source"
)
SELECT 
    "b0"."ends_at" AS "ends_at",
    "b0"."price_id" AS "price_id",
    "b0"."starts_at" AS "starts_at"
FROM "b0"
WHERE ("b0"."price" <= 136);
                                            QUERY PLAN                                             
---------------------------------------------------------------------------------------------------
 Seq Scan on relation_29 source  (cost=0.00..243.79 rows=7139 width=26) (actual rows=7157 loops=1)
   Filter: (price <= 136)
   Rows Removed by Filter: 4746
   Buffers: shared read=95
 Planning:
   Buffers: shared hit=28 read=5
 Planning Time: 0.077 ms
 Execution Time: 2.075 ms
(8 rows)

-- Q007 [selection_projection] occurrence 1/1
-- Original E/R: SELECT e.quantity, e.base_price, e.sku, e.band_size FROM Smartwatch e WHERE e.base_price >= 121;
EXPLAIN (ANALYZE, BUFFERS, TIMING OFF, SUMMARY ON, FORMAT TEXT)
WITH
"b0" AS (
    SELECT
        "source"."base_price" AS "base_price",
        "source"."quantity" AS "quantity",
        "source"."sku" AS "sku",
        "source"."band_size" AS "band_size"
    FROM "relation_9" AS "source"
)
SELECT 
    "b0"."quantity" AS "quantity",
    "b0"."base_price" AS "base_price",
    "b0"."sku" AS "sku",
    "b0"."band_size" AS "band_size"
FROM "b0"
WHERE ("b0"."base_price" >= 121);
                                               QUERY PLAN                                               
--------------------------------------------------------------------------------------------------------
 Seq Scan on relation_9 source  (cost=0.00..15956.06 rows=231102 width=28) (actual rows=233485 loops=1)
   Filter: (base_price >= 121)
   Rows Removed by Filter: 235960
   Buffers: shared hit=4 read=10084
 Planning:
   Buffers: shared hit=2 read=1
 Planning Time: 0.032 ms
 Execution Time: 37.481 ms
(8 rows)

-- Q008 [selection_projection] occurrence 1/1
-- Original E/R: SELECT e.quantity, e.product_name, e.sole_material FROM Footwear e WHERE e.quantity < 23;
EXPLAIN (ANALYZE, BUFFERS, TIMING OFF, SUMMARY ON, FORMAT TEXT)
WITH
"b0" AS (
    SELECT
        "source"."sole_material" AS "sole_material",
        "source"."product_name" AS "product_name",
        "source"."quantity" AS "quantity"
    FROM "relation_19" AS "source"
)
SELECT 
    "b0"."quantity" AS "quantity",
    "b0"."product_name" AS "product_name",
    "b0"."sole_material" AS "sole_material"
FROM "b0"
WHERE ("b0"."quantity" < 23);
                                             QUERY PLAN                                              
-----------------------------------------------------------------------------------------------------
 Seq Scan on relation_19 source  (cost=0.00..985.03 rows=14513 width=44) (actual rows=14513 loops=1)
   Filter: (quantity < 23)
   Rows Removed by Filter: 14129
   Buffers: shared hit=627
 Planning:
   Buffers: shared hit=10 read=2
 Planning Time: 0.048 ms
 Execution Time: 1.977 ms
(8 rows)

-- Q009 [complex_multi_join] occurrence 1/1
-- Original E/R: SELECT e1.created_at, e2.base_price, e3.status FROM po_items r1 JOIN PurchaseOrder e1 ON ENDPOINT(r1, PurchaseOrder) = REF(e1) JOIN KitchenAppliance e2 ON ENDPOINT(r1, Product) = REF(e2) JOIN order_returns r2 ON ENDPOINT(r2, Product) = REF(e2) JOIN CustOrder e3 ON ENDPOINT(r2, CustOrder) = REF(e3) WHERE e2.is_active < 1;
EXPLAIN (ANALYZE, BUFFERS, TIMING OFF, SUMMARY ON, FORMAT TEXT)
WITH
"b0" AS (
    SELECT
        "source"."product_id" AS "__endpoint_product_0",
        "source"."purchaseorder_id" AS "__endpoint_purchaseorder_0"
    FROM "relation_62" AS "source"
),
"b1" AS (
    SELECT
        "source"."created_at" AS "created_at",
        "source"."purchaseorder_id" AS "__reference_0"
    FROM "relation_45" AS "source"
),
"b2" AS (
    SELECT
        "source"."base_price" AS "base_price",
        "source"."is_active" AS "is_active",
        "source"."kitchenappliance_id" AS "__reference_0"
    FROM "relation_14" AS "source"
),
"b3" AS (
    SELECT
        "source"."custorder_id" AS "__endpoint_custorder_0",
        "source"."product_id" AS "__endpoint_product_0"
    FROM "relation_57" AS "source"
),
"b4" AS (
    SELECT
        "source"."status" AS "status",
        "source"."custorder_id" AS "__reference_0"
    FROM "relation_37" AS "source"
)
SELECT 
    "b1"."created_at" AS "created_at",
    "b2"."base_price" AS "base_price",
    "b4"."status" AS "status"
FROM (((("b0" INNER JOIN "b1" ON ("b0"."__endpoint_purchaseorder_0" = "b1"."__reference_0")) INNER JOIN "b2" ON ("b0"."__endpoint_product_0" = "b2"."__reference_0")) INNER JOIN "b3" ON ("b3"."__endpoint_product_0" = "b2"."__reference_0")) INNER JOIN "b4" ON ("b3"."__endpoint_custorder_0" = "b4"."__reference_0"))
WHERE ("b2"."is_active" < 1);
                                                                   QUERY PLAN                                                                   
------------------------------------------------------------------------------------------------------------------------------------------------
 Gather  (cost=4916.66..13291.07 rows=2767 width=24) (actual rows=1 loops=1)
   Workers Planned: 2
   Workers Launched: 0
   Buffers: shared hit=40 read=6447
   ->  Nested Loop  (cost=3916.66..12014.37 rows=1153 width=24) (actual rows=1 loops=1)
         Buffers: shared hit=40 read=6447
         ->  Nested Loop  (cost=3916.37..11443.33 rows=1153 width=19) (actual rows=1 loops=1)
               Buffers: shared hit=39 read=6445
               ->  Hash Join  (cost=3916.07..11045.23 rows=1153 width=12) (actual rows=1 loops=1)
                     Hash Cond: (source_2.kitchenappliance_id = source.product_id)
                     Buffers: shared hit=36 read=6445
                     ->  Parallel Seq Scan on relation_14 source_2  (cost=0.00..7055.33 rows=16614 width=8) (actual rows=39556 loops=1)
                           Filter: (is_active < 1)
                           Rows Removed by Filter: 224507
                           Buffers: shared hit=36 read=5644
                     ->  Hash  (cost=3687.01..3687.01 rows=18325 width=16) (actual rows=155 loops=1)
                           Buckets: 32768  Batches: 1  Memory Usage: 264kB
                           Buffers: shared read=801
                           ->  Hash Join  (cost=489.56..3687.01 rows=18325 width=16) (actual rows=155 loops=1)
                                 Hash Cond: (source.product_id = source_3.product_id)
                                 Buffers: shared read=801
                                 ->  Seq Scan on relation_62 source  (cost=0.00..2249.47 rows=152947 width=8) (actual rows=152947 loops=1)
                                       Buffers: shared read=720
                                 ->  Hash  (cost=262.58..262.58 rows=18158 width=8) (actual rows=18158 loops=1)
                                       Buckets: 32768  Batches: 1  Memory Usage: 966kB
                                       Buffers: shared read=81
                                       ->  Seq Scan on relation_57 source_3  (cost=0.00..262.58 rows=18158 width=8) (actual rows=18158 loops=1)
                                             Buffers: shared read=81
               ->  Index Scan using relation_45_pkey on relation_45 source_1  (cost=0.29..0.35 rows=1 width=15) (actual rows=1 loops=1)
                     Index Cond: (purchaseorder_id = source.purchaseorder_id)
                     Buffers: shared hit=3
         ->  Index Scan using relation_37_pkey on relation_37 source_4  (cost=0.29..0.50 rows=1 width=13) (actual rows=1 loops=1)
               Index Cond: (custorder_id = source_3.custorder_id)
               Buffers: shared hit=1 read=2
 Planning:
   Buffers: shared hit=79 read=17
 Planning Time: 0.580 ms
 Execution Time: 29.724 ms
(38 rows)

-- Q010 [aggregation] occurrence 1/1
-- Original E/R: SELECT e2.base_price, COUNT(DISTINCT REF(e1)) AS related_count FROM wishlist_contains r JOIN Wishlist e1 ON ENDPOINT(r, Wishlist) = REF(e1) JOIN PhysicalProduct e2 ON ENDPOINT(r, Product) = REF(e2) WHERE e1.wishlist_name > 'default' GROUP BY REF(e2), e2.base_price HAVING COUNT(DISTINCT REF(e1)) >= 4;
EXPLAIN (ANALYZE, BUFFERS, TIMING OFF, SUMMARY ON, FORMAT TEXT)
WITH
"b0" AS (
    SELECT
        "source"."product_id" AS "__endpoint_product_0",
        "source"."customer_id" AS "__endpoint_wishlist_0",
        "source"."wishlist_id" AS "__endpoint_wishlist_1"
    FROM "relation_52" AS "source"
),
"b1" AS (
    SELECT
        "source"."wishlist_name" AS "wishlist_name",
        "source"."customer_id" AS "__reference_0",
        "source"."wishlist_id" AS "__reference_1"
    FROM "relation_34" AS "source"
),
"b2" AS (
    SELECT
        "source"."base_price" AS "base_price",
        "source"."physicalproduct_id" AS "__reference_0"
    FROM "relation_2" AS "source"
    UNION ALL
    SELECT
        "source"."base_price" AS "base_price",
        "source"."electronics_id" AS "__reference_0"
    FROM "relation_4" AS "source"
    UNION ALL
    SELECT
        "source"."base_price" AS "base_price",
        "source"."computer_id" AS "__reference_0"
    FROM "relation_5" AS "source"
    UNION ALL
    SELECT
        "source"."base_price" AS "base_price",
        "source"."desktop_id" AS "__reference_0"
    FROM "relation_6" AS "source"
    UNION ALL
    SELECT
        "source"."base_price" AS "base_price",
        "source"."laptop_id" AS "__reference_0"
    FROM "relation_7" AS "source"
    UNION ALL
    SELECT
        "source"."base_price" AS "base_price",
        "source"."tablet_id" AS "__reference_0"
    FROM "relation_8" AS "source"
    UNION ALL
    SELECT
        "source"."base_price" AS "base_price",
        "source"."smartwatch_id" AS "__reference_0"
    FROM "relation_9" AS "source"
    UNION ALL
    SELECT
        "source"."base_price" AS "base_price",
        "source"."camera_id" AS "__reference_0"
    FROM "relation_10" AS "source"
    UNION ALL
    SELECT
        "source"."base_price" AS "base_price",
        "source"."phone_id" AS "__reference_0"
    FROM "relation_11" AS "source"
    UNION ALL
    SELECT
        "source"."base_price" AS "base_price",
        "source"."accessory_id" AS "__reference_0"
    FROM "relation_12" AS "source"
    UNION ALL
    SELECT
        "source"."base_price" AS "base_price",
        "source"."appliance_id" AS "__reference_0"
    FROM "relation_13" AS "source"
    UNION ALL
    SELECT
        "source"."base_price" AS "base_price",
        "source"."kitchenappliance_id" AS "__reference_0"
    FROM "relation_14" AS "source"
    UNION ALL
    SELECT
        "source"."base_price" AS "base_price",
        "source"."apparel_id" AS "__reference_0"
    FROM "relation_15" AS "source"
    UNION ALL
    SELECT
        "source"."base_price" AS "base_price",
        "source"."clothing_id" AS "__reference_0"
    FROM "relation_16" AS "source"
    UNION ALL
    SELECT
        "source"."base_price" AS "base_price",
        "source"."menclothing_id" AS "__reference_0"
    FROM "relation_17" AS "source"
    UNION ALL
    SELECT
        "source"."base_price" AS "base_price",
        "source"."womenclothing_id" AS "__reference_0"
    FROM "relation_18" AS "source"
    UNION ALL
    SELECT
        "source"."base_price" AS "base_price",
        "source"."footwear_id" AS "__reference_0"
    FROM "relation_19" AS "source"
)
SELECT 
    "b2"."base_price" AS "base_price",
    COUNT(DISTINCT ROW("b1"."__reference_0", "b1"."__reference_1")) AS "related_count"
FROM (("b0" INNER JOIN "b1" ON ("b0"."__endpoint_wishlist_0" = "b1"."__reference_0" AND "b0"."__endpoint_wishlist_1" = "b1"."__reference_1")) INNER JOIN "b2" ON ("b0"."__endpoint_product_0" = "b2"."__reference_0"))
WHERE ("b1"."wishlist_name" > 'default')
GROUP BY
    "b2"."__reference_0",
    "b2"."base_price"
HAVING (COUNT(DISTINCT ROW("b1"."__reference_0", "b1"."__reference_1")) >= 4);
                                                                    QUERY PLAN                                                                    
--------------------------------------------------------------------------------------------------------------------------------------------------
 GroupAggregate  (cost=2427.13..2433.00 rows=87 width=16) (actual rows=0 loops=1)
   Group Key: source_2.physicalproduct_id, source_2.base_price
   Filter: (count(DISTINCT (ROW(source_1.customer_id, source_1.wishlist_id))) >= 4)
   Rows Removed by Filter: 24976
   Buffers: shared hit=1194906 read=47485
   ->  Sort  (cost=2427.13..2427.78 rows=261 width=16) (actual rows=24996 loops=1)
         Sort Key: source_2.physicalproduct_id, source_2.base_price, (ROW(source_1.customer_id, source_1.wishlist_id))
         Sort Method: quicksort  Memory: 2526kB
         Buffers: shared hit=1194906 read=47485
         ->  Nested Loop  (cost=1153.48..2416.65 rows=261 width=16) (actual rows=24996 loops=1)
               Buffers: shared hit=1194901 read=47482
               ->  Hash Join  (cost=1153.19..2393.07 rows=1 width=12) (actual rows=27040 loops=1)
                     Hash Cond: ((source.customer_id = source_1.customer_id) AND (source.wishlist_id = source_1.wishlist_id))
                     Buffers: shared read=587
                     ->  Seq Scan on relation_52 source  (cost=0.00..924.92 rows=59992 width=12) (actual rows=59992 loops=1)
                           Buffers: shared read=325
                     ->  Hash  (cost=839.90..839.90 rows=20886 width=8) (actual rows=20919 loops=1)
                           Buckets: 32768  Batches: 1  Memory Usage: 1074kB
                           Buffers: shared read=262
                           ->  Seq Scan on relation_34 source_1  (cost=0.00..839.90 rows=20886 width=8) (actual rows=20919 loops=1)
                                 Filter: ((wishlist_name)::text > 'default'::text)
                                 Rows Removed by Filter: 25313
                                 Buffers: shared read=262
               ->  Append  (cost=0.29..23.41 rows=17 width=8) (actual rows=1 loops=27040)
                     Buffers: shared hit=1194901 read=46895
                     ->  Index Scan using relation_2_pkey on relation_2 source_2  (cost=0.29..0.44 rows=1 width=8) (actual rows=0 loops=27040)
                           Index Cond: (physicalproduct_id = source.product_id)
                           Buffers: shared hit=53968 read=255
                     ->  Index Scan using relation_4_pkey on relation_4 source_3  (cost=0.43..6.23 rows=1 width=8) (actual rows=1 loops=27040)
                           Index Cond: (electronics_id = source.product_id)
                           Buffers: shared hit=68194 read=27517
                     ->  Index Scan using relation_5_pkey on relation_5 source_4  (cost=0.29..0.50 rows=1 width=8) (actual rows=0 loops=27040)
                           Index Cond: (computer_id = source.product_id)
                           Buffers: shared hit=53947 read=287
                     ->  Index Scan using relation_6_pkey on relation_6 source_5  (cost=0.43..3.33 rows=1 width=8) (actual rows=0 loops=27040)
                           Index Cond: (desktop_id = source.product_id)
                           Buffers: shared hit=78565 read=5501
                     ->  Index Scan using relation_7_pkey on relation_7 source_6  (cost=0.42..0.69 rows=1 width=8) (actual rows=0 loops=27040)
                           Index Cond: (laptop_id = source.product_id)
                           Buffers: shared hit=80997 read=331
                     ->  Index Scan using relation_8_pkey on relation_8 source_7  (cost=0.29..0.47 rows=1 width=8) (actual rows=0 loops=27040)
                           Index Cond: (tablet_id = source.product_id)
                           Buffers: shared hit=53934 read=327
                     ->  Index Scan using relation_9_pkey on relation_9 source_8  (cost=0.42..1.26 rows=1 width=8) (actual rows=0 loops=27040)
                           Index Cond: (smartwatch_id = source.product_id)
                           Buffers: shared hit=80441 read=1428
                     ->  Index Scan using relation_10_pkey on relation_10 source_9  (cost=0.42..0.71 rows=1 width=8) (actual rows=0 loops=27040)
                           Index Cond: (camera_id = source.product_id)
                           Buffers: shared hit=80888 read=520
                     ->  Index Scan using relation_11_pkey on relation_11 source_10  (cost=0.42..1.64 rows=1 width=8) (actual rows=0 loops=27040)
                           Index Cond: (phone_id = source.product_id)
                           Buffers: shared hit=80186 read=1989
                     ->  Index Scan using relation_12_pkey on relation_12 source_11  (cost=0.42..0.70 rows=1 width=8) (actual rows=0 loops=27040)
                           Index Cond: (accessory_id = source.product_id)
                           Buffers: shared hit=80957 read=376
                     ->  Index Scan using relation_13_pkey on relation_13 source_12  (cost=0.29..0.41 rows=1 width=8) (actual rows=0 loops=27040)
                           Index Cond: (appliance_id = source.product_id)
                           Buffers: shared hit=53995 read=189
                     ->  Index Scan using relation_14_pkey on relation_14 source_13  (cost=0.42..0.88 rows=1 width=8) (actual rows=0 loops=27040)
                           Index Cond: (kitchenappliance_id = source.product_id)
                           Buffers: shared hit=80774 read=744
                     ->  Index Scan using relation_15_pkey on relation_15 source_14  (cost=0.42..1.04 rows=1 width=8) (actual rows=0 loops=27040)
                           Index Cond: (apparel_id = source.product_id)
                           Buffers: shared hit=80612 read=1096
                     ->  Index Scan using relation_16_pkey on relation_16 source_15  (cost=0.42..0.97 rows=1 width=8) (actual rows=0 loops=27040)
                           Index Cond: (clothing_id = source.product_id)
                           Buffers: shared hit=80710 read=855
                     ->  Index Scan using relation_17_pkey on relation_17 source_16  (cost=0.43..3.18 rows=1 width=8) (actual rows=0 loops=27040)
                           Index Cond: (menclothing_id = source.product_id)
                           Buffers: shared hit=78729 read=5111
                     ->  Index Scan using relation_18_pkey on relation_18 source_17  (cost=0.29..0.51 rows=1 width=8) (actual rows=0 loops=27040)
                           Index Cond: (womenclothing_id = source.product_id)
                           Buffers: shared hit=53950 read=295
                     ->  Index Scan using relation_19_pkey on relation_19 source_18  (cost=0.29..0.35 rows=1 width=8) (actual rows=0 loops=27040)
                           Index Cond: (footwear_id = source.product_id)
                           Buffers: shared hit=54054 read=74
 Planning:
   Buffers: shared hit=69 read=13
 Planning Time: 0.454 ms
 Execution Time: 351.974 ms
(80 rows)

-- Q011 [selection_projection] occurrence 1/1
-- Original E/R: SELECT e.energy_rating, e.sku, e.base_price FROM Appliance e WHERE e.product_id <= 13130552;
EXPLAIN (ANALYZE, BUFFERS, TIMING OFF, SUMMARY ON, FORMAT TEXT)
WITH
"b0" AS (
    SELECT
        "source"."energy_rating" AS "energy_rating",
        "source"."base_price" AS "base_price",
        "source"."appliance_id" AS "product_id",
        "source"."sku" AS "sku"
    FROM "relation_13" AS "source"
    UNION ALL
    SELECT
        "source"."energy_rating" AS "energy_rating",
        "source"."base_price" AS "base_price",
        "source"."kitchenappliance_id" AS "product_id",
        "source"."sku" AS "sku"
    FROM "relation_14" AS "source"
)
SELECT 
    "b0"."energy_rating" AS "energy_rating",
    "b0"."sku" AS "sku",
    "b0"."base_price" AS "base_price"
FROM "b0"
WHERE ("b0"."product_id" <= 13130552);
                                                   QUERY PLAN                                                   
----------------------------------------------------------------------------------------------------------------
 Append  (cost=0.00..12190.61 rows=227664 width=24) (actual rows=227951 loops=1)
   Buffers: shared hit=152 read=6848
   ->  Seq Scan on relation_13 source  (cost=0.00..2071.50 rows=60120 width=24) (actual rows=60120 loops=1)
         Filter: (appliance_id <= 13130552)
         Buffers: shared hit=34 read=1286
   ->  Seq Scan on relation_14 source_1  (cost=0.00..8980.79 rows=167544 width=24) (actual rows=167831 loops=1)
         Filter: (kitchenappliance_id <= 13130552)
         Rows Removed by Filter: 96232
         Buffers: shared hit=118 read=5562
 Planning:
   Buffers: shared hit=4 read=5
 Planning Time: 0.094 ms
 Execution Time: 29.782 ms
(13 rows)

-- Q012 [relationship_join] occurrence 1/1
-- Original E/R: SELECT e1.placed_at, e2.per_user_limit, e2.coupon_code FROM order_coupons r JOIN CustOrder e1 ON ENDPOINT(r, CustOrder) = REF(e1) JOIN Coupon e2 ON ENDPOINT(r, Coupon) = REF(e2) WHERE e2.max_uses > 369;
EXPLAIN (ANALYZE, BUFFERS, TIMING OFF, SUMMARY ON, FORMAT TEXT)
WITH
"b0" AS (
    SELECT
        "source"."promotion_id" AS "__endpoint_coupon_0",
        "source"."coupon_code" AS "__endpoint_coupon_1",
        "source"."order_coupons_custorder_id" AS "__endpoint_custorder_0"
    FROM "relation_58" AS "source"
),
"b1" AS (
    SELECT
        "source"."placed_at" AS "placed_at",
        "source"."custorder_id" AS "__reference_0"
    FROM "relation_37" AS "source"
),
"b2" AS (
    SELECT
        "source"."coupon_code" AS "coupon_code",
        "source"."max_uses" AS "max_uses",
        "source"."per_user_limit" AS "per_user_limit",
        "source"."promotion_id" AS "__reference_0",
        "source"."coupon_code" AS "__reference_1"
    FROM "relation_40" AS "source"
)
SELECT 
    "b1"."placed_at" AS "placed_at",
    "b2"."per_user_limit" AS "per_user_limit",
    "b2"."coupon_code" AS "coupon_code"
FROM (("b0" INNER JOIN "b1" ON ("b0"."__endpoint_custorder_0" = "b1"."__reference_0")) INNER JOIN "b2" ON ("b0"."__endpoint_coupon_0" = "b2"."__reference_0" AND "b0"."__endpoint_coupon_1" = "b2"."__reference_1"))
WHERE ("b2"."max_uses" > 369);
                                                          QUERY PLAN                                                           
-------------------------------------------------------------------------------------------------------------------------------
 Nested Loop  (cost=195.77..1049.62 rows=1 width=19) (actual rows=3932 loops=1)
   Buffers: shared hit=10968 read=1087
   ->  Hash Join  (cost=195.47..1048.79 rows=1 width=12) (actual rows=3932 loops=1)
         Hash Cond: ((source_2.promotion_id = source.promotion_id) AND (source_2.coupon_code = source.coupon_code))
         Buffers: shared read=259
         ->  Seq Scan on relation_40 source_2  (cost=0.00..725.50 rows=24345 width=12) (actual rows=24351 loops=1)
               Filter: (max_uses > 369)
               Rows Removed by Filter: 15769
               Buffers: shared read=224
         ->  Hash  (cost=99.19..99.19 rows=6419 width=12) (actual rows=6419 loops=1)
               Buckets: 8192  Batches: 1  Memory Usage: 340kB
               Buffers: shared read=35
               ->  Seq Scan on relation_58 source  (cost=0.00..99.19 rows=6419 width=12) (actual rows=6419 loops=1)
                     Buffers: shared read=35
   ->  Index Scan using relation_37_pkey on relation_37 source_1  (cost=0.29..0.83 rows=1 width=15) (actual rows=1 loops=3932)
         Index Cond: (custorder_id = source.order_coupons_custorder_id)
         Buffers: shared hit=10968 read=828
 Planning:
   Buffers: shared hit=59 read=28
 Planning Time: 0.292 ms
 Execution Time: 57.602 ms
(21 rows)

-- Q013 [selection_projection] occurrence 1/1
-- Original E/R: SELECT e.quantity FROM Accessory e WHERE e.product_name >= 'Object-based regional structure';
EXPLAIN (ANALYZE, BUFFERS, TIMING OFF, SUMMARY ON, FORMAT TEXT)
WITH
"b0" AS (
    SELECT
        "source"."product_name" AS "product_name",
        "source"."quantity" AS "quantity"
    FROM "relation_12" AS "source"
)
SELECT 
    "b0"."quantity" AS "quantity"
FROM "b0"
WHERE ("b0"."product_name" >= 'Object-based regional structure');
                                             QUERY PLAN                                              
-----------------------------------------------------------------------------------------------------
 Seq Scan on relation_12 source  (cost=0.00..5051.23 rows=72450 width=4) (actual rows=71508 loops=1)
   Filter: ((product_name)::text >= 'Object-based regional structure'::text)
   Rows Removed by Filter: 73390
   Buffers: shared hit=43 read=3197
 Planning:
   Buffers: shared hit=7 read=7
 Planning Time: 0.076 ms
 Execution Time: 14.734 ms
(8 rows)

-- Q014 [selection_projection] occurrence 1/1
-- Original E/R: SELECT e.size_system, e.is_active FROM MenClothing e WHERE e.material > 'cotton';
EXPLAIN (ANALYZE, BUFFERS, TIMING OFF, SUMMARY ON, FORMAT TEXT)
WITH
"b0" AS (
    SELECT
        "source"."size_system" AS "size_system",
        "source"."material" AS "material",
        "source"."is_active" AS "is_active"
    FROM "relation_17" AS "source"
)
SELECT 
    "b0"."size_system" AS "size_system",
    "b0"."is_active" AS "is_active"
FROM "b0"
WHERE ("b0"."material" > 'cotton');
                                               QUERY PLAN                                               
--------------------------------------------------------------------------------------------------------
 Seq Scan on relation_17 source  (cost=0.00..59758.31 rows=878235 width=7) (actual rows=879733 loops=1)
   Filter: ((material)::text > 'cotton'::text)
   Rows Removed by Filter: 810267
   Buffers: shared hit=591 read=38041
 Planning:
   Buffers: shared hit=7 read=2
 Planning Time: 0.035 ms
 Execution Time: 193.124 ms
(8 rows)

-- Q015 [aggregation] occurrence 1/1
-- Original E/R: SELECT e1.category_id, COUNT(DISTINCT REF(e2)) AS related_count FROM category_products r JOIN Category e1 ON ENDPOINT(r, Category) = REF(e1) JOIN Product e2 ON ENDPOINT(r, Product) = REF(e2) WHERE e2.product_name <= 'Total needs-based product' GROUP BY REF(e1), e1.category_id HAVING COUNT(DISTINCT REF(e2)) >= 1;
EXPLAIN (ANALYZE, BUFFERS, TIMING OFF, SUMMARY ON, FORMAT TEXT)
WITH
"b0" AS (
    SELECT
        "source"."category_products_category_id" AS "__endpoint_category_0",
        "source"."product_id" AS "__endpoint_product_0"
    FROM "relation_47" AS "source"
),
"b1" AS (
    SELECT
        "source"."category_id" AS "category_id",
        "source"."category_id" AS "__reference_0"
    FROM "relation_0" AS "source"
),
"b2" AS (
    SELECT
        "source"."product_name" AS "product_name",
        "source"."product_id" AS "__reference_0"
    FROM "relation_1" AS "source"
    UNION ALL
    SELECT
        "source"."product_name" AS "product_name",
        "source"."physicalproduct_id" AS "__reference_0"
    FROM "relation_2" AS "source"
    UNION ALL
    SELECT
        "source"."product_name" AS "product_name",
        "source"."electronics_id" AS "__reference_0"
    FROM "relation_4" AS "source"
    UNION ALL
    SELECT
        "source"."product_name" AS "product_name",
        "source"."computer_id" AS "__reference_0"
    FROM "relation_5" AS "source"
    UNION ALL
    SELECT
        "source"."product_name" AS "product_name",
        "source"."desktop_id" AS "__reference_0"
    FROM "relation_6" AS "source"
    UNION ALL
    SELECT
        "source"."product_name" AS "product_name",
        "source"."laptop_id" AS "__reference_0"
    FROM "relation_7" AS "source"
    UNION ALL
    SELECT
        "source"."product_name" AS "product_name",
        "source"."tablet_id" AS "__reference_0"
    FROM "relation_8" AS "source"
    UNION ALL
    SELECT
        "source"."product_name" AS "product_name",
        "source"."smartwatch_id" AS "__reference_0"
    FROM "relation_9" AS "source"
    UNION ALL
    SELECT
        "source"."product_name" AS "product_name",
        "source"."camera_id" AS "__reference_0"
    FROM "relation_10" AS "source"
    UNION ALL
    SELECT
        "source"."product_name" AS "product_name",
        "source"."phone_id" AS "__reference_0"
    FROM "relation_11" AS "source"
    UNION ALL
    SELECT
        "source"."product_name" AS "product_name",
        "source"."accessory_id" AS "__reference_0"
    FROM "relation_12" AS "source"
    UNION ALL
    SELECT
        "source"."product_name" AS "product_name",
        "source"."appliance_id" AS "__reference_0"
    FROM "relation_13" AS "source"
    UNION ALL
    SELECT
        "source"."product_name" AS "product_name",
        "source"."kitchenappliance_id" AS "__reference_0"
    FROM "relation_14" AS "source"
    UNION ALL
    SELECT
        "source"."product_name" AS "product_name",
        "source"."apparel_id" AS "__reference_0"
    FROM "relation_15" AS "source"
    UNION ALL
    SELECT
        "source"."product_name" AS "product_name",
        "source"."clothing_id" AS "__reference_0"
    FROM "relation_16" AS "source"
    UNION ALL
    SELECT
        "source"."product_name" AS "product_name",
        "source"."menclothing_id" AS "__reference_0"
    FROM "relation_17" AS "source"
    UNION ALL
    SELECT
        "source"."product_name" AS "product_name",
        "source"."womenclothing_id" AS "__reference_0"
    FROM "relation_18" AS "source"
    UNION ALL
    SELECT
        "source"."product_name" AS "product_name",
        "source"."footwear_id" AS "__reference_0"
    FROM "relation_19" AS "source"
    UNION ALL
    SELECT
        "source"."product_name" AS "product_name",
        "source"."digitalproduct_id" AS "__reference_0"
    FROM "relation_3" AS "source"
    UNION ALL
    SELECT
        "source"."product_name" AS "product_name",
        "source"."media_id" AS "__reference_0"
    FROM "relation_20" AS "source"
    UNION ALL
    SELECT
        "source"."product_name" AS "product_name",
        "source"."software_id" AS "__reference_0"
    FROM "relation_21" AS "source"
)
SELECT 
    "b1"."category_id" AS "category_id",
    COUNT(DISTINCT "b2"."__reference_0") AS "related_count"
FROM (("b0" INNER JOIN "b1" ON ("b0"."__endpoint_category_0" = "b1"."__reference_0")) INNER JOIN "b2" ON ("b0"."__endpoint_product_0" = "b2"."__reference_0"))
WHERE ("b2"."product_name" <= 'Total needs-based product')
GROUP BY
    "b1"."__reference_0",
    "b1"."category_id"
HAVING (COUNT(DISTINCT "b2"."__reference_0") >= 1);
                                                                QUERY PLAN                                                                 
-------------------------------------------------------------------------------------------------------------------------------------------
 GroupAggregate  (cost=2740171.71..2854275.17 rows=46659 width=16) (actual rows=138097 loops=1)
   Group Key: source_1.category_id
   Filter: (count(DISTINCT source_2.product_id) >= 1)
   Buffers: shared hit=792 read=367364
   ->  Sort  (cost=2740171.71..2777622.95 rows=14980498 width=8) (actual rows=602702 loops=1)
         Sort Key: source_1.category_id, source_2.product_id
         Sort Method: quicksort  Memory: 43411kB
         Buffers: shared hit=792 read=367364
         ->  Hash Join  (cost=22090.60..749939.34 rows=14980498 width=8) (actual rows=602702 loops=1)
               Hash Cond: (source.category_products_category_id = source_1.category_id)
               Buffers: shared hit=792 read=367364
               ->  Hash Join  (cost=18141.10..706664.84 rows=14980498 width=8) (actual rows=602702 loops=1)
                     Hash Cond: (source_2.product_id = source.product_id)
                     Buffers: shared hit=792 read=366564
                     ->  Append  (cost=0.00..649199.69 rows=14980498 width=4) (actual rows=15065710 loops=1)
                           Buffers: shared hit=792 read=363540
                           ->  Seq Scan on relation_1 source_2  (cost=0.00..2046.99 rows=55785 width=4) (actual rows=55681 loops=1)
                                 Filter: ((product_name)::text <= 'Total needs-based product'::text)
                                 Rows Removed by Filter: 6318
                                 Buffers: shared read=1272
                           ->  Seq Scan on relation_2 source_3  (cost=0.00..2849.31 rows=77257 width=4) (actual rows=76998 loops=1)
                                 Filter: ((product_name)::text <= 'Total needs-based product'::text)
                                 Rows Removed by Filter: 8867
                                 Buffers: shared hit=8 read=1768
                           ->  Seq Scan on relation_4 source_4  (cost=0.00..301270.56 rows=8013600 width=4) (actual rows=8075094 loops=1)
                                 Filter: ((product_name)::text <= 'Total needs-based product'::text)
                                 Rows Removed by Filter: 928951
                                 Buffers: shared hit=777 read=187943
                           ->  Seq Scan on relation_5 source_5  (cost=0.00..3811.88 rows=96471 width=4) (actual rows=96265 loops=1)
                                 Filter: ((product_name)::text <= 'Total needs-based product'::text)
                                 Rows Removed by Filter: 10925
                                 Buffers: shared hit=5 read=2467
                           ->  Seq Scan on relation_6 source_6  (cost=0.00..67996.34 rows=1671515 width=4) (actual rows=1684212 loops=1)
                                 Filter: ((product_name)::text <= 'Total needs-based product'::text)
                                 Rows Removed by Filter: 193566
                                 Buffers: shared hit=2 read=44518
                           ->  Seq Scan on relation_7 source_7  (cost=0.00..4985.88 rows=124306 width=4) (actual rows=125229 loops=1)
                                 Filter: ((product_name)::text <= 'Total needs-based product'::text)
                                 Rows Removed by Filter: 14441
                                 Buffers: shared read=3240
                           ->  Seq Scan on relation_8 source_8  (cost=0.00..3402.00 rows=90000 width=4) (actual rows=89916 loops=1)
                                 Filter: ((product_name)::text <= 'Total needs-based product'::text)
                                 Rows Removed by Filter: 10084
                                 Buffers: shared read=2152
                           ->  Seq Scan on relation_9 source_9  (cost=0.00..15956.06 rows=422439 width=4) (actual rows=420889 loops=1)
                                 Filter: ((product_name)::text <= 'Total needs-based product'::text)
                                 Rows Removed by Filter: 48556
                                 Buffers: shared read=10088
                           ->  Seq Scan on relation_10 source_10  (cost=0.00..5800.51 rows=152101 width=4) (actual rows=151530 loops=1)
                                 Filter: ((product_name)::text <= 'Total needs-based product'::text)
                                 Rows Removed by Filter: 17471
                                 Buffers: shared read=3688
                           ->  Seq Scan on relation_11 source_11  (cost=0.00..23530.01 rows=601641 width=4) (actual rows=606540 loops=1)
                                 Filter: ((product_name)::text <= 'Total needs-based product'::text)
                                 Rows Removed by Filter: 69461
                                 Buffers: shared read=15080
                           ->  Seq Scan on relation_12 source_12  (cost=0.00..5051.23 rows=128959 width=4) (actual rows=129853 loops=1)
                                 Filter: ((product_name)::text <= 'Total needs-based product'::text)
                                 Rows Removed by Filter: 15045
                                 Buffers: shared read=3240
                           ->  Seq Scan on relation_13 source_13  (cost=0.00..2071.50 rows=53507 width=4) (actual rows=53909 loops=1)
                                 Filter: ((product_name)::text <= 'Total needs-based product'::text)
                                 Rows Removed by Filter: 6211
                                 Buffers: shared read=1320
                           ->  Seq Scan on relation_14 source_14  (cost=0.00..8980.79 rows=237657 width=4) (actual rows=236973 loops=1)
                                 Filter: ((product_name)::text <= 'Total needs-based product'::text)
                                 Rows Removed by Filter: 27090
                                 Buffers: shared read=5680
                           ->  Seq Scan on relation_15 source_15  (cost=0.00..12279.53 rows=328199 width=4) (actual rows=327284 loops=1)
                                 Filter: ((product_name)::text <= 'Total needs-based product'::text)
                                 Rows Removed by Filter: 37478
                                 Buffers: shared read=7720
                           ->  Seq Scan on relation_16 source_16  (cost=0.00..10292.77 rows=268184 width=4) (actual rows=267526 loops=1)
                                 Filter: ((product_name)::text <= 'Total needs-based product'::text)
                                 Rows Removed by Filter: 30456
                                 Buffers: shared read=6568
                           ->  Seq Scan on relation_17 source_17  (cost=0.00..59758.31 rows=1504193 width=4) (actual rows=1516026 loops=1)
                                 Filter: ((product_name)::text <= 'Total needs-based product'::text)
                                 Rows Removed by Filter: 173974
                                 Buffers: shared read=38632
                           ->  Seq Scan on relation_18 source_18  (cost=0.00..4195.02 rows=105626 width=4) (actual rows=105214 loops=1)
                                 Filter: ((product_name)::text <= 'Total needs-based product'::text)
                                 Rows Removed by Filter: 12148
                                 Buffers: shared read=2728
                           ->  Seq Scan on relation_19 source_19  (cost=0.00..985.03 rows=25791 width=4) (actual rows=25720 loops=1)
                                 Filter: ((product_name)::text <= 'Total needs-based product'::text)
                                 Rows Removed by Filter: 2922
                                 Buffers: shared read=627
                           ->  Seq Scan on relation_3 source_20  (cost=0.00..2289.86 rows=59371 width=4) (actual rows=59809 loops=1)
                                 Filter: ((product_name)::text <= 'Total needs-based product'::text)
                                 Rows Removed by Filter: 6900
                                 Buffers: shared read=1456
                           ->  Seq Scan on relation_20 source_21  (cost=0.00..36219.12 rows=950381 width=4) (actual rows=947568 loops=1)
                                 Filter: ((product_name)::text <= 'Total needs-based product'::text)
                                 Rows Removed by Filter: 108682
                                 Buffers: shared read=23016
                           ->  Seq Scan on relation_21 source_22  (cost=0.00..524.50 rows=13515 width=4) (actual rows=13474 loops=1)
                                 Filter: ((product_name)::text <= 'Total needs-based product'::text)
                                 Rows Removed by Filter: 1526
                                 Buffers: shared read=337
                     ->  Hash  (cost=9742.71..9742.71 rows=671871 width=8) (actual rows=671871 loops=1)
                           Buckets: 1048576  Batches: 1  Memory Usage: 34437kB
                           Buffers: shared read=3024
                           ->  Seq Scan on relation_47 source  (cost=0.00..9742.71 rows=671871 width=8) (actual rows=671871 loops=1)
                                 Buffers: shared read=3024
               ->  Hash  (cost=2199.78..2199.78 rows=139978 width=4) (actual rows=139978 loops=1)
                     Buckets: 262144  Batches: 1  Memory Usage: 6970kB
                     Buffers: shared read=800
                     ->  Seq Scan on relation_0 source_1  (cost=0.00..2199.78 rows=139978 width=4) (actual rows=139978 loops=1)
                           Buffers: shared read=800
 Planning:
   Buffers: shared hit=129 read=36
 Planning Time: 0.848 ms
 JIT:
   Functions: 106
   Options: Inlining true, Optimization true, Expressions true, Deforming true
 Execution Time: 3951.396 ms
(117 rows)

-- Q016 [aggregation] occurrence 1/1
-- Original E/R: SELECT e1.email, COUNT(DISTINCT REF(e2)) AS related_count FROM customer_orders r JOIN Customer e1 ON ENDPOINT(r, Customer) = REF(e1) JOIN CustOrder e2 ON ENDPOINT(r, CustOrder) = REF(e2) WHERE e1.user_id > 695679 GROUP BY REF(e1), e1.email HAVING COUNT(DISTINCT REF(e2)) >= 2;
EXPLAIN (ANALYZE, BUFFERS, TIMING OFF, SUMMARY ON, FORMAT TEXT)
WITH
"b0" AS (
    SELECT
        "source"."customer_orders_customer_id" AS "__endpoint_customer_0",
        "source"."custorder_id" AS "__endpoint_custorder_0"
    FROM "relation_54" AS "source"
),
"b1" AS (
    SELECT
        "source"."email" AS "email",
        "source"."customer_id" AS "user_id",
        "source"."customer_id" AS "__reference_0"
    FROM "relation_23" AS "source"
    UNION ALL
    SELECT
        "source"."email" AS "email",
        "source"."primecustomer_id" AS "user_id",
        "source"."primecustomer_id" AS "__reference_0"
    FROM "relation_24" AS "source"
    UNION ALL
    SELECT
        "source"."email" AS "email",
        "source"."businesscustomer_id" AS "user_id",
        "source"."businesscustomer_id" AS "__reference_0"
    FROM "relation_25" AS "source"
),
"b2" AS (
    SELECT
        "source"."custorder_id" AS "__reference_0"
    FROM "relation_37" AS "source"
)
SELECT 
    "b1"."email" AS "email",
    COUNT(DISTINCT "b2"."__reference_0") AS "related_count"
FROM (("b0" INNER JOIN "b1" ON ("b0"."__endpoint_customer_0" = "b1"."__reference_0")) INNER JOIN "b2" ON ("b0"."__endpoint_custorder_0" = "b2"."__reference_0"))
WHERE ("b1"."user_id" > 695679)
GROUP BY
    "b1"."__reference_0",
    "b1"."email"
HAVING (COUNT(DISTINCT "b2"."__reference_0") >= 2);
                                                                  QUERY PLAN                                                                  
----------------------------------------------------------------------------------------------------------------------------------------------
 GroupAggregate  (cost=119793.76..126868.89 rows=13333 width=34) (actual rows=1592 loops=1)
   Group Key: source_1.customer_id, source_1.email
   Filter: (count(DISTINCT source_4.custorder_id) >= 2)
   Rows Removed by Filter: 41487
   Buffers: shared hit=524 read=28851
   ->  Sort  (cost=119793.76..121437.54 rows=657513 width=30) (actual rows=44710 loops=1)
         Sort Key: source_1.customer_id, source_1.email, source_4.custorder_id
         Sort Method: quicksort  Memory: 4087kB
         Buffers: shared hit=524 read=28851
         ->  Hash Join  (cost=4538.05..56256.11 rows=657513 width=30) (actual rows=44710 loops=1)
               Hash Cond: (source_1.customer_id = source.customer_orders_customer_id)
               Buffers: shared hit=524 read=28848
               ->  Append  (cost=0.29..42816.68 rows=620410 width=26) (actual rows=619861 loops=1)
                     Buffers: shared hit=4 read=28456
                     ->  Index Scan using relation_23_pkey on relation_23 source_1  (cost=0.29..4.31 rows=1 width=26) (actual rows=0 loops=1)
                           Index Cond: (customer_id > 695679)
                           Buffers: shared hit=2
                     ->  Index Scan using relation_24_pkey on relation_24 source_2  (cost=0.29..4.32 rows=1 width=26) (actual rows=0 loops=1)
                           Index Cond: (primecustomer_id > 695679)
                           Buffers: shared hit=2
                     ->  Seq Scan on relation_25 source_3  (cost=0.00..39706.00 rows=620408 width=26) (actual rows=619861 loops=1)
                           Filter: (businesscustomer_id > 695679)
                           Rows Removed by Filter: 280139
                           Buffers: shared read=28456
               ->  Hash  (cost=3604.74..3604.74 rows=74642 width=8) (actual rows=74642 loops=1)
                     Buckets: 131072  Batches: 1  Memory Usage: 3940kB
                     Buffers: shared hit=520 read=392
                     ->  Hash Join  (cost=2015.45..3604.74 rows=74642 width=8) (actual rows=74642 loops=1)
                           Hash Cond: (source_4.custorder_id = source.custorder_id)
                           Buffers: shared hit=520 read=392
                           ->  Seq Scan on relation_37 source_4  (cost=0.00..1378.60 rows=80260 width=4) (actual rows=80260 loops=1)
                                 Buffers: shared hit=520 read=56
                           ->  Hash  (cost=1082.42..1082.42 rows=74642 width=8) (actual rows=74642 loops=1)
                                 Buckets: 131072  Batches: 1  Memory Usage: 3940kB
                                 Buffers: shared read=336
                                 ->  Seq Scan on relation_54 source  (cost=0.00..1082.42 rows=74642 width=8) (actual rows=74642 loops=1)
                                       Buffers: shared read=336
 Planning:
   Buffers: shared hit=98 read=27
 Planning Time: 0.409 ms
 JIT:
   Functions: 35
   Options: Inlining false, Optimization false, Expressions true, Deforming true
 Execution Time: 160.254 ms
(44 rows)

-- Q017 [complex_multi_join] occurrence 1/1
-- Original E/R: SELECT e1.max_uses, e2.placed_at, e3.warranty_months FROM order_coupons r1 JOIN Coupon e1 ON ENDPOINT(r1, Coupon) = REF(e1) JOIN CustOrder e2 ON ENDPOINT(r1, CustOrder) = REF(e2) JOIN order_returns r2 ON ENDPOINT(r2, CustOrder) = REF(e2) JOIN Camera e3 ON ENDPOINT(r2, Product) = REF(e3) WHERE e3.sku >= 'SKU-aMkd-32417538';
EXPLAIN (ANALYZE, BUFFERS, TIMING OFF, SUMMARY ON, FORMAT TEXT)
WITH
"b0" AS (
    SELECT
        "source"."promotion_id" AS "__endpoint_coupon_0",
        "source"."coupon_code" AS "__endpoint_coupon_1",
        "source"."order_coupons_custorder_id" AS "__endpoint_custorder_0"
    FROM "relation_58" AS "source"
),
"b1" AS (
    SELECT
        "source"."max_uses" AS "max_uses",
        "source"."promotion_id" AS "__reference_0",
        "source"."coupon_code" AS "__reference_1"
    FROM "relation_40" AS "source"
),
"b2" AS (
    SELECT
        "source"."placed_at" AS "placed_at",
        "source"."custorder_id" AS "__reference_0"
    FROM "relation_37" AS "source"
),
"b3" AS (
    SELECT
        "source"."custorder_id" AS "__endpoint_custorder_0",
        "source"."product_id" AS "__endpoint_product_0"
    FROM "relation_57" AS "source"
),
"b4" AS (
    SELECT
        "source"."warranty_months" AS "warranty_months",
        "source"."sku" AS "sku",
        "source"."camera_id" AS "__reference_0"
    FROM "relation_10" AS "source"
)
SELECT 
    "b1"."max_uses" AS "max_uses",
    "b2"."placed_at" AS "placed_at",
    "b4"."warranty_months" AS "warranty_months"
FROM (((("b0" INNER JOIN "b1" ON ("b0"."__endpoint_coupon_0" = "b1"."__reference_0" AND "b0"."__endpoint_coupon_1" = "b1"."__reference_1")) INNER JOIN "b2" ON ("b0"."__endpoint_custorder_0" = "b2"."__reference_0")) INNER JOIN "b3" ON ("b3"."__endpoint_custorder_0" = "b2"."__reference_0")) INNER JOIN "b4" ON ("b3"."__endpoint_product_0" = "b4"."__reference_0"))
WHERE ("b4"."sku" >= 'SKU-aMkd-32417538');
                                                                QUERY PLAN                                                                 
-------------------------------------------------------------------------------------------------------------------------------------------
 Nested Loop  (cost=196.47..1035.20 rows=2 width=19) (actual rows=22 loops=1)
   Buffers: shared hit=36386 read=341
   ->  Nested Loop  (cost=196.05..1032.49 rows=2 width=19) (actual rows=1450 loops=1)
         Join Filter: (source_3.custorder_id = source.order_coupons_custorder_id)
         Buffers: shared hit=32033 read=322
         ->  Nested Loop  (cost=195.77..1032.14 rows=1 width=23) (actual rows=6419 loops=1)
               Buffers: shared hit=19257 read=259
               ->  Hash Join  (cost=195.47..1031.31 rows=1 width=8) (actual rows=6419 loops=1)
                     Hash Cond: ((source_1.promotion_id = source.promotion_id) AND (source_1.coupon_code = source.coupon_code))
                     Buffers: shared read=259
                     ->  Seq Scan on relation_40 source_1  (cost=0.00..625.20 rows=40120 width=12) (actual rows=40120 loops=1)
                           Buffers: shared read=224
                     ->  Hash  (cost=99.19..99.19 rows=6419 width=12) (actual rows=6419 loops=1)
                           Buckets: 8192  Batches: 1  Memory Usage: 340kB
                           Buffers: shared read=35
                           ->  Seq Scan on relation_58 source  (cost=0.00..99.19 rows=6419 width=12) (actual rows=6419 loops=1)
                                 Buffers: shared read=35
               ->  Index Scan using relation_37_pkey on relation_37 source_2  (cost=0.29..0.83 rows=1 width=15) (actual rows=1 loops=6419)
                     Index Cond: (custorder_id = source.order_coupons_custorder_id)
                     Buffers: shared hit=19257
         ->  Index Only Scan using relation_57_pkey on relation_57 source_3  (cost=0.29..0.33 rows=2 width=8) (actual rows=0 loops=6419)
               Index Cond: (custorder_id = source_2.custorder_id)
               Heap Fetches: 0
               Buffers: shared hit=12776 read=63
   ->  Index Scan using relation_10_pkey on relation_10 source_4  (cost=0.42..1.36 rows=1 width=8) (actual rows=0 loops=1450)
         Index Cond: (camera_id = source_3.product_id)
         Filter: ((sku)::text >= 'SKU-aMkd-32417538'::text)
         Buffers: shared hit=4353 read=19
 Planning:
   Buffers: shared hit=33 read=14
 Planning Time: 0.531 ms
 Execution Time: 15.344 ms
(32 rows)

-- Q018 [weak_owner] occurrence 1/1
-- Original E/R: SELECT w.sort_order, w.url, o.is_active, o.dimensions FROM ProductImage w JOIN Computer o ON OWNER(w) = REF(o) WHERE w.sort_order < 3;
EXPLAIN (ANALYZE, BUFFERS, TIMING OFF, SUMMARY ON, FORMAT TEXT)
WITH
"b0" AS (
    SELECT
        "source"."sort_order" AS "sort_order",
        "source"."url" AS "url",
        "source"."product_id" AS "__owner_0"
    FROM "relation_27" AS "source"
),
"b1" AS (
    SELECT
        "source"."dimensions" AS "dimensions",
        "source"."is_active" AS "is_active",
        "source"."computer_id" AS "__reference_0"
    FROM "relation_5" AS "source"
    UNION ALL
    SELECT
        "source"."dimensions" AS "dimensions",
        "source"."is_active" AS "is_active",
        "source"."desktop_id" AS "__reference_0"
    FROM "relation_6" AS "source"
    UNION ALL
    SELECT
        "source"."dimensions" AS "dimensions",
        "source"."is_active" AS "is_active",
        "source"."laptop_id" AS "__reference_0"
    FROM "relation_7" AS "source"
)
SELECT 
    "b0"."sort_order" AS "sort_order",
    "b0"."url" AS "url",
    "b1"."is_active" AS "is_active",
    "b1"."dimensions" AS "dimensions"
FROM ("b0" INNER JOIN "b1" ON ("b0"."__owner_0" = "b1"."__reference_0"))
WHERE ("b0"."sort_order" < 3);
                                                       QUERY PLAN                                                       
------------------------------------------------------------------------------------------------------------------------
 Hash Join  (cost=801.30..104421.59 rows=1088895 width=44) (actual rows=1618 loops=1)
   Hash Cond: (source_1.computer_id = source.product_id)
   Buffers: shared read=50576
   ->  Append  (cost=0.00..82106.51 rows=2124967 width=14) (actual rows=2124638 loops=1)
         Buffers: shared read=50232
         ->  Seq Scan on relation_5 source_1  (cost=0.00..3543.90 rows=107190 width=14) (actual rows=107190 loops=1)
               Buffers: shared read=2472
         ->  Seq Scan on relation_6 source_2  (cost=0.00..63301.07 rows=1878107 width=14) (actual rows=1877778 loops=1)
               Buffers: shared read=44520
         ->  Seq Scan on relation_7 source_3  (cost=0.00..4636.70 rows=139670 width=14) (actual rows=139670 loops=1)
               Buffers: shared read=3240
   ->  Hash  (cost=646.44..646.44 rows=12389 width=38) (actual rows=12389 loops=1)
         Buckets: 16384  Batches: 1  Memory Usage: 1000kB
         Buffers: shared read=344
         ->  Seq Scan on relation_27 source  (cost=0.00..646.44 rows=12389 width=38) (actual rows=12389 loops=1)
               Filter: (sort_order < 3)
               Rows Removed by Filter: 11806
               Buffers: shared read=344
 Planning:
   Buffers: shared hit=41 read=7
 Planning Time: 0.178 ms
 JIT:
   Functions: 16
   Options: Inlining false, Optimization false, Expressions true, Deforming true
 Execution Time: 270.955 ms
(25 rows)

-- Q019 [weak_owner] occurrence 1/1
-- Original E/R: SELECT w.city, o.password_hash FROM Address w JOIN Customer o ON OWNER(w) = REF(o) WHERE w.country >= 'FR';
EXPLAIN (ANALYZE, BUFFERS, TIMING OFF, SUMMARY ON, FORMAT TEXT)
WITH
"b0" AS (
    SELECT
        "source"."city" AS "city",
        "source"."country" AS "country",
        "source"."customer_id" AS "__owner_0"
    FROM "relation_31" AS "source"
),
"b1" AS (
    SELECT
        "source"."password_hash" AS "password_hash",
        "source"."customer_id" AS "__reference_0"
    FROM "relation_23" AS "source"
    UNION ALL
    SELECT
        "source"."password_hash" AS "password_hash",
        "source"."primecustomer_id" AS "__reference_0"
    FROM "relation_24" AS "source"
    UNION ALL
    SELECT
        "source"."password_hash" AS "password_hash",
        "source"."businesscustomer_id" AS "__reference_0"
    FROM "relation_25" AS "source"
)
SELECT 
    "b0"."city" AS "city",
    "b1"."password_hash" AS "password_hash"
FROM ("b0" INNER JOIN "b1" ON ("b0"."__owner_0" = "b1"."__reference_0"))
WHERE ("b0"."country" >= 'FR');
                                                      QUERY PLAN                                                       
-----------------------------------------------------------------------------------------------------------------------
 Hash Join  (cost=4242.26..65806.03 rows=877630 width=78) (actual rows=94776 loops=1)
   Hash Cond: (source_1.customer_id = source.customer_id)
   Buffers: shared hit=32 read=34808
   ->  Append  (cost=0.00..48898.78 rows=1036985 width=69) (actual rows=1036985 loops=1)
         Buffers: shared hit=32 read=33312
         ->  Seq Scan on relation_23 source_1  (cost=0.00..1497.85 rows=36985 width=69) (actual rows=36985 loops=1)
               Buffers: shared read=1128
         ->  Seq Scan on relation_24 source_2  (cost=0.00..4760.00 rows=100000 width=69) (actual rows=100000 loops=1)
               Buffers: shared read=3760
         ->  Seq Scan on relation_25 source_3  (cost=0.00..37456.00 rows=900000 width=69) (actual rows=900000 loops=1)
               Buffers: shared hit=32 read=28424
   ->  Hash  (cost=3052.60..3052.60 rows=95173 width=17) (actual rows=94776 loops=1)
         Buckets: 131072  Batches: 1  Memory Usage: 5701kB
         Buffers: shared read=1496
         ->  Seq Scan on relation_31 source  (cost=0.00..3052.60 rows=95173 width=17) (actual rows=94776 loops=1)
               Filter: ((country)::text >= 'FR'::text)
               Rows Removed by Filter: 29752
               Buffers: shared read=1496
 Planning:
   Buffers: shared hit=45 read=8
 Planning Time: 0.202 ms
 Execution Time: 192.858 ms
(22 rows)

-- Q020 [relationship_join] occurrence 1/1
-- Original E/R: SELECT e1.supplier_id, e1.supplier_name, e2.quantity, e2.sku FROM supplier_products r JOIN Supplier e1 ON ENDPOINT(r, Supplier) = REF(e1) JOIN WomenClothing e2 ON ENDPOINT(r, Product) = REF(e2) WHERE e2.fit_type_women > 'plus';
EXPLAIN (ANALYZE, BUFFERS, TIMING OFF, SUMMARY ON, FORMAT TEXT)
WITH
"b0" AS (
    SELECT
        "source"."product_id" AS "__endpoint_product_0",
        "source"."supplier_id" AS "__endpoint_supplier_0"
    FROM "relation_60" AS "source"
),
"b1" AS (
    SELECT
        "source"."supplier_id" AS "supplier_id",
        "source"."supplier_name" AS "supplier_name",
        "source"."supplier_id" AS "__reference_0"
    FROM "relation_43" AS "source"
),
"b2" AS (
    SELECT
        "source"."quantity" AS "quantity",
        "source"."sku" AS "sku",
        "source"."fit_type_women" AS "fit_type_women",
        "source"."womenclothing_id" AS "__reference_0"
    FROM "relation_18" AS "source"
)
SELECT 
    "b1"."supplier_id" AS "supplier_id",
    "b1"."supplier_name" AS "supplier_name",
    "b2"."quantity" AS "quantity",
    "b2"."sku" AS "sku"
FROM (("b0" INNER JOIN "b1" ON ("b0"."__endpoint_supplier_0" = "b1"."__reference_0")) INNER JOIN "b2" ON ("b0"."__endpoint_product_0" = "b2"."__reference_0"))
WHERE ("b2"."fit_type_women" > 'plus');
                                                         QUERY PLAN                                                         
----------------------------------------------------------------------------------------------------------------------------
 Hash Join  (cost=6124.67..8512.13 rows=26191 width=43) (actual rows=191 loops=1)
   Hash Cond: (source_1.supplier_id = source.supplier_id)
   Buffers: shared read=3588
   ->  Seq Scan on relation_43 source_1  (cost=0.00..1733.49 rows=104549 width=21) (actual rows=104549 loops=1)
         Buffers: shared read=688
   ->  Hash  (cost=5797.28..5797.28 rows=26191 width=26) (actual rows=191 loops=1)
         Buckets: 32768  Batches: 1  Memory Usage: 267kB
         Buffers: shared read=2900
         ->  Hash Join  (cost=1042.37..5797.28 rows=26191 width=26) (actual rows=191 loops=1)
               Hash Cond: (source_2.womenclothing_id = source.product_id)
               Buffers: shared read=2900
               ->  Seq Scan on relation_18 source_2  (cost=0.00..4195.02 rows=79462 width=26) (actual rows=79574 loops=1)
                     Filter: ((fit_type_women)::text > 'plus'::text)
                     Rows Removed by Filter: 37788
                     Buffers: shared read=2728
               ->  Hash  (cost=558.83..558.83 rows=38683 width=8) (actual rows=38683 loops=1)
                     Buckets: 65536  Batches: 1  Memory Usage: 2024kB
                     Buffers: shared read=172
                     ->  Seq Scan on relation_60 source  (cost=0.00..558.83 rows=38683 width=8) (actual rows=38683 loops=1)
                           Buffers: shared read=172
 Planning:
   Buffers: shared hit=8 read=13
 Planning Time: 0.199 ms
 Execution Time: 22.971 ms
(24 rows)

-- Q021 [aggregation] occurrence 1/1
-- Original E/R: SELECT e1.cart_id, COUNT(DISTINCT REF(e2)) AS related_count FROM cart_contains r JOIN Cart e1 ON ENDPOINT(r, Cart) = REF(e1) JOIN DigitalProduct e2 ON ENDPOINT(r, Product) = REF(e2) WHERE e2.is_active <= 0 GROUP BY REF(e1), e1.cart_id HAVING COUNT(DISTINCT REF(e2)) >= 3;
EXPLAIN (ANALYZE, BUFFERS, TIMING OFF, SUMMARY ON, FORMAT TEXT)
WITH
"b0" AS (
    SELECT
        "source"."customer_id" AS "__endpoint_cart_0",
        "source"."cart_id" AS "__endpoint_cart_1",
        "source"."product_id" AS "__endpoint_product_0"
    FROM "relation_51" AS "source"
),
"b1" AS (
    SELECT
        "source"."cart_id" AS "cart_id",
        "source"."customer_id" AS "__reference_0",
        "source"."cart_id" AS "__reference_1"
    FROM "relation_33" AS "source"
),
"b2" AS (
    SELECT
        "source"."is_active" AS "is_active",
        "source"."digitalproduct_id" AS "__reference_0"
    FROM "relation_3" AS "source"
    UNION ALL
    SELECT
        "source"."is_active" AS "is_active",
        "source"."media_id" AS "__reference_0"
    FROM "relation_20" AS "source"
    UNION ALL
    SELECT
        "source"."is_active" AS "is_active",
        "source"."software_id" AS "__reference_0"
    FROM "relation_21" AS "source"
)
SELECT 
    "b1"."cart_id" AS "cart_id",
    COUNT(DISTINCT "b2"."__reference_0") AS "related_count"
FROM (("b0" INNER JOIN "b1" ON ("b0"."__endpoint_cart_0" = "b1"."__reference_0" AND "b0"."__endpoint_cart_1" = "b1"."__reference_1")) INNER JOIN "b2" ON ("b0"."__endpoint_product_0" = "b2"."__reference_0"))
WHERE ("b2"."is_active" <= 0)
GROUP BY
    "b1"."__reference_0",
    "b1"."__reference_1",
    "b1"."cart_id"
HAVING (COUNT(DISTINCT "b2"."__reference_0") >= 3);
                                                                   QUERY PLAN                                                                    
-------------------------------------------------------------------------------------------------------------------------------------------------
 GroupAggregate  (cost=2176.87..2176.96 rows=1 width=20) (actual rows=0 loops=1)
   Group Key: source_1.customer_id, source_1.cart_id
   Filter: (count(DISTINCT source_2.digitalproduct_id) >= 3)
   Rows Removed by Filter: 408
   Buffers: shared hit=280675 read=5133
   ->  Sort  (cost=2176.87..2176.88 rows=4 width=12) (actual rows=408 loops=1)
         Sort Key: source_1.customer_id, source_1.cart_id, source_2.digitalproduct_id
         Sort Method: quicksort  Memory: 40kB
         Buffers: shared hit=280675 read=5133
         ->  Nested Loop  (cost=1333.62..2176.83 rows=4 width=12) (actual rows=408 loops=1)
               Buffers: shared hit=280675 read=5133
               ->  Hash Join  (cost=1333.33..2172.94 rows=1 width=12) (actual rows=40368 loops=1)
                     Hash Cond: ((source.customer_id = source_1.customer_id) AND (source.cart_id = source_1.cart_id))
                     Buffers: shared read=495
                     ->  Seq Scan on relation_51 source  (cost=0.00..627.68 rows=40368 width=12) (actual rows=40368 loops=1)
                           Buffers: shared read=224
                     ->  Hash  (cost=695.93..695.93 rows=42493 width=8) (actual rows=42493 loops=1)
                           Buckets: 65536  Batches: 1  Memory Usage: 2172kB
                           Buffers: shared read=271
                           ->  Seq Scan on relation_33 source_1  (cost=0.00..695.93 rows=42493 width=8) (actual rows=42493 loops=1)
                                 Buffers: shared read=271
               ->  Append  (cost=0.29..3.86 rows=3 width=4) (actual rows=0 loops=40368)
                     Buffers: shared hit=280675 read=4638
                     ->  Index Scan using relation_3_pkey on relation_3 source_2  (cost=0.29..0.48 rows=1 width=4) (actual rows=0 loops=40368)
                           Index Cond: (digitalproduct_id = source.product_id)
                           Filter: (is_active <= 0)
                           Rows Removed by Filter: 0
                           Buffers: shared hit=80642 read=262
                     ->  Index Scan using relation_20_pkey on relation_20 source_3  (cost=0.43..3.03 rows=1 width=4) (actual rows=0 loops=40368)
                           Index Cond: (media_id = source.product_id)
                           Filter: (is_active <= 0)
                           Rows Removed by Filter: 0
                           Buffers: shared hit=119317 read=4328
                     ->  Index Scan using relation_21_pkey on relation_21 source_4  (cost=0.29..0.34 rows=1 width=4) (actual rows=0 loops=40368)
                           Index Cond: (software_id = source.product_id)
                           Filter: (is_active <= 0)
                           Rows Removed by Filter: 0
                           Buffers: shared hit=80716 read=48
 Planning:
   Buffers: shared hit=66 read=18
 Planning Time: 0.299 ms
 Execution Time: 77.984 ms
(42 rows)

-- Q022 [weak_owner] occurrence 1/1
-- Original E/R: SELECT w.wishlist_id, w.wishlist_name, o.password_hash FROM Wishlist w JOIN Customer o ON OWNER(w) = REF(o) WHERE o.loyalty_tier >= 'gold';
EXPLAIN (ANALYZE, BUFFERS, TIMING OFF, SUMMARY ON, FORMAT TEXT)
WITH
"b0" AS (
    SELECT
        "source"."wishlist_id" AS "wishlist_id",
        "source"."wishlist_name" AS "wishlist_name",
        "source"."customer_id" AS "__owner_0"
    FROM "relation_34" AS "source"
),
"b1" AS (
    SELECT
        "source"."loyalty_tier" AS "loyalty_tier",
        "source"."password_hash" AS "password_hash",
        "source"."customer_id" AS "__reference_0"
    FROM "relation_23" AS "source"
    UNION ALL
    SELECT
        "source"."loyalty_tier" AS "loyalty_tier",
        "source"."password_hash" AS "password_hash",
        "source"."primecustomer_id" AS "__reference_0"
    FROM "relation_24" AS "source"
    UNION ALL
    SELECT
        "source"."loyalty_tier" AS "loyalty_tier",
        "source"."password_hash" AS "password_hash",
        "source"."businesscustomer_id" AS "__reference_0"
    FROM "relation_25" AS "source"
)
SELECT 
    "b0"."wishlist_id" AS "wishlist_id",
    "b0"."wishlist_name" AS "wishlist_name",
    "b1"."password_hash" AS "password_hash"
FROM ("b0" INNER JOIN "b1" ON ("b0"."__owner_0" = "b1"."__reference_0"))
WHERE ("b1"."loyalty_tier" >= 'gold');
                                                      QUERY PLAN                                                       
-----------------------------------------------------------------------------------------------------------------------
 Hash Join  (cost=1302.22..57785.31 rows=550643 width=77) (actual rows=24176 loops=1)
   Hash Cond: (source_1.customer_id = source.customer_id)
   Buffers: shared hit=4952 read=28654
   ->  Append  (cost=0.00..48975.08 rows=533754 width=69) (actual rows=537735 loops=1)
         Buffers: shared hit=4952 read=28392
         ->  Seq Scan on relation_23 source_1  (cost=0.00..1590.31 rows=19201 width=69) (actual rows=19204 loops=1)
               Filter: ((loyalty_tier)::text >= 'gold'::text)
               Rows Removed by Filter: 17781
               Buffers: shared hit=1128
         ->  Seq Scan on relation_24 source_2  (cost=0.00..5010.00 rows=51893 width=69) (actual rows=52008 loops=1)
               Filter: ((loyalty_tier)::text >= 'gold'::text)
               Rows Removed by Filter: 47992
               Buffers: shared hit=3760
         ->  Seq Scan on relation_25 source_3  (cost=0.00..39706.00 rows=462660 width=69) (actual rows=466523 loops=1)
               Filter: ((loyalty_tier)::text >= 'gold'::text)
               Rows Removed by Filter: 433477
               Buffers: shared hit=64 read=28392
   ->  Hash  (cost=724.32..724.32 rows=46232 width=16) (actual rows=46232 loops=1)
         Buckets: 65536  Batches: 1  Memory Usage: 2725kB
         Buffers: shared read=262
         ->  Seq Scan on relation_34 source  (cost=0.00..724.32 rows=46232 width=16) (actual rows=46232 loops=1)
               Buffers: shared read=262
 Planning:
   Buffers: shared hit=7 read=2
 Planning Time: 0.144 ms
 Execution Time: 147.264 ms
(26 rows)

-- Q023 [weak_owner] occurrence 1/1
-- Original E/R: SELECT w.address_id, w.kind, o.password_hash FROM Address w JOIN Customer o ON OWNER(w) = REF(o) WHERE o.password_hash > '7f492fe17bafb6e2cb231681b2221c5e2ef3d496053bb9b1ea13a7c897e71ef5';
EXPLAIN (ANALYZE, BUFFERS, TIMING OFF, SUMMARY ON, FORMAT TEXT)
WITH
"b0" AS (
    SELECT
        "source"."address_id" AS "address_id",
        "source"."kind" AS "kind",
        "source"."customer_id" AS "__owner_0"
    FROM "relation_31" AS "source"
),
"b1" AS (
    SELECT
        "source"."password_hash" AS "password_hash",
        "source"."customer_id" AS "__reference_0"
    FROM "relation_23" AS "source"
    UNION ALL
    SELECT
        "source"."password_hash" AS "password_hash",
        "source"."primecustomer_id" AS "__reference_0"
    FROM "relation_24" AS "source"
    UNION ALL
    SELECT
        "source"."password_hash" AS "password_hash",
        "source"."businesscustomer_id" AS "__reference_0"
    FROM "relation_25" AS "source"
)
SELECT 
    "b0"."address_id" AS "address_id",
    "b0"."kind" AS "kind",
    "b1"."password_hash" AS "password_hash"
FROM ("b0" INNER JOIN "b1" ON ("b0"."__owner_0" = "b1"."__reference_0"))
WHERE ("b1"."password_hash" > '7f492fe17bafb6e2cb231681b2221c5e2ef3d496053bb9b1ea13a7c897e71ef5');
                                                        QUERY PLAN                                                        
--------------------------------------------------------------------------------------------------------------------------
 Hash Join  (cost=4297.88..60990.95 rows=580213 width=75) (actual rows=63023 loops=1)
   Hash Cond: (source_1.customer_id = source.customer_id)
   Buffers: shared hit=4491 read=30349
   ->  Append  (cost=0.00..48926.10 rows=523957 width=69) (actual rows=521670 loops=1)
         Buffers: shared hit=4491 read=28853
         ->  Seq Scan on relation_23 source_1  (cost=0.00..1590.31 rows=18346 width=69) (actual rows=18477 loops=1)
               Filter: ((password_hash)::text > '7f492fe17bafb6e2cb231681b2221c5e2ef3d496053bb9b1ea13a7c897e71ef5'::text)
               Rows Removed by Filter: 18508
               Buffers: shared hit=667 read=461
         ->  Seq Scan on relation_24 source_2  (cost=0.00..5010.00 rows=50561 width=69) (actual rows=50282 loops=1)
               Filter: ((password_hash)::text > '7f492fe17bafb6e2cb231681b2221c5e2ef3d496053bb9b1ea13a7c897e71ef5'::text)
               Rows Removed by Filter: 49718
               Buffers: shared hit=3760
         ->  Seq Scan on relation_25 source_3  (cost=0.00..39706.00 rows=455050 width=69) (actual rows=452911 loops=1)
               Filter: ((password_hash)::text > '7f492fe17bafb6e2cb231681b2221c5e2ef3d496053bb9b1ea13a7c897e71ef5'::text)
               Rows Removed by Filter: 447089
               Buffers: shared hit=64 read=28392
   ->  Hash  (cost=2741.28..2741.28 rows=124528 width=14) (actual rows=124528 loops=1)
         Buckets: 131072  Batches: 1  Memory Usage: 7012kB
         Buffers: shared read=1496
         ->  Seq Scan on relation_31 source  (cost=0.00..2741.28 rows=124528 width=14) (actual rows=124528 loops=1)
               Buffers: shared read=1496
 Planning:
   Buffers: shared hit=6 read=3
 Planning Time: 0.166 ms
 Execution Time: 169.853 ms
(26 rows)

-- Q024 [complex_multi_join] occurrence 1/1
-- Original E/R: SELECT e2.placed_at, COUNT(DISTINCT REF(e3)) AS related_count FROM order_coupons r1 JOIN Coupon e1 ON ENDPOINT(r1, Coupon) = REF(e1) JOIN CustOrder e2 ON ENDPOINT(r1, CustOrder) = REF(e2) JOIN order_items r2 ON ENDPOINT(r2, CustOrder) = REF(e2) JOIN Software e3 ON ENDPOINT(r2, Product) = REF(e3) WHERE e2.placed_at < '2025-08-26' GROUP BY REF(e2), e2.placed_at HAVING COUNT(DISTINCT REF(e3)) >= 5;
EXPLAIN (ANALYZE, BUFFERS, TIMING OFF, SUMMARY ON, FORMAT TEXT)
WITH
"b0" AS (
    SELECT
        "source"."promotion_id" AS "__endpoint_coupon_0",
        "source"."coupon_code" AS "__endpoint_coupon_1",
        "source"."order_coupons_custorder_id" AS "__endpoint_custorder_0"
    FROM "relation_58" AS "source"
),
"b1" AS (
    SELECT
        "source"."promotion_id" AS "__reference_0",
        "source"."coupon_code" AS "__reference_1"
    FROM "relation_40" AS "source"
),
"b2" AS (
    SELECT
        "source"."placed_at" AS "placed_at",
        "source"."custorder_id" AS "__reference_0"
    FROM "relation_37" AS "source"
),
"b3" AS (
    SELECT
        "source"."custorder_id" AS "__endpoint_custorder_0",
        "source"."product_id" AS "__endpoint_product_0"
    FROM "relation_55" AS "source"
),
"b4" AS (
    SELECT
        "source"."software_id" AS "__reference_0"
    FROM "relation_21" AS "source"
)
SELECT 
    "b2"."placed_at" AS "placed_at",
    COUNT(DISTINCT "b4"."__reference_0") AS "related_count"
FROM (((("b0" INNER JOIN "b1" ON ("b0"."__endpoint_coupon_0" = "b1"."__reference_0" AND "b0"."__endpoint_coupon_1" = "b1"."__reference_1")) INNER JOIN "b2" ON ("b0"."__endpoint_custorder_0" = "b2"."__reference_0")) INNER JOIN "b3" ON ("b3"."__endpoint_custorder_0" = "b2"."__reference_0")) INNER JOIN "b4" ON ("b3"."__endpoint_product_0" = "b4"."__reference_0"))
WHERE ("b2"."placed_at" < '2025-08-26')
GROUP BY
    "b2"."__reference_0",
    "b2"."placed_at"
HAVING (COUNT(DISTINCT "b4"."__reference_0") >= 5);
                                                                        QUERY PLAN                                                                         
-----------------------------------------------------------------------------------------------------------------------------------------------------------
 GroupAggregate  (cost=1032.88..1032.90 rows=1 width=23) (actual rows=0 loops=1)
   Group Key: source_2.custorder_id
   Filter: (count(DISTINCT source_4.software_id) >= 5)
   Rows Removed by Filter: 1
   Buffers: shared hit=29030 read=652
   ->  Sort  (cost=1032.88..1032.88 rows=1 width=19) (actual rows=1 loops=1)
         Sort Key: source_2.custorder_id, source_4.software_id
         Sort Method: quicksort  Memory: 25kB
         Buffers: shared hit=29030 read=652
         ->  Nested Loop  (cost=196.34..1032.87 rows=1 width=19) (actual rows=1 loops=1)
               Join Filter: (source_2.custorder_id = source.order_coupons_custorder_id)
               Buffers: shared hit=29030 read=652
               ->  Nested Loop  (cost=196.05..1032.51 rows=1 width=12) (actual rows=3 loops=1)
                     Buffers: shared hit=29021 read=652
                     ->  Nested Loop  (cost=195.77..1031.90 rows=2 width=12) (actual rows=8287 loops=1)
                           Buffers: shared hit=12448 read=650
                           ->  Hash Join  (cost=195.47..1031.31 rows=1 width=4) (actual rows=6419 loops=1)
                                 Hash Cond: ((source_1.promotion_id = source.promotion_id) AND (source_1.coupon_code = source.coupon_code))
                                 Buffers: shared read=259
                                 ->  Seq Scan on relation_40 source_1  (cost=0.00..625.20 rows=40120 width=8) (actual rows=40120 loops=1)
                                       Buffers: shared read=224
                                 ->  Hash  (cost=99.19..99.19 rows=6419 width=12) (actual rows=6419 loops=1)
                                       Buckets: 8192  Batches: 1  Memory Usage: 340kB
                                       Buffers: shared read=35
                                       ->  Seq Scan on relation_58 source  (cost=0.00..99.19 rows=6419 width=12) (actual rows=6419 loops=1)
                                             Buffers: shared read=35
                           ->  Index Only Scan using relation_55_pkey on relation_55 source_3  (cost=0.29..0.58 rows=2 width=8) (actual rows=1 loops=6419)
                                 Index Cond: (custorder_id = source.order_coupons_custorder_id)
                                 Heap Fetches: 0
                                 Buffers: shared hit=12448 read=391
                     ->  Index Only Scan using relation_21_pkey on relation_21 source_4  (cost=0.29..0.30 rows=1 width=4) (actual rows=0 loops=8287)
                           Index Cond: (software_id = source_3.product_id)
                           Heap Fetches: 0
                           Buffers: shared hit=16573 read=2
               ->  Index Scan using relation_37_pkey on relation_37 source_2  (cost=0.29..0.34 rows=1 width=15) (actual rows=0 loops=3)
                     Index Cond: (custorder_id = source_3.custorder_id)
                     Filter: ((placed_at)::text < '2025-08-26'::text)
                     Rows Removed by Filter: 1
                     Buffers: shared hit=9
 Planning:
   Buffers: shared hit=54 read=15
 Planning Time: 0.533 ms
 Execution Time: 12.150 ms
(43 rows)

-- Q025 [weak_owner] occurrence 1/1
-- Original E/R: SELECT w.email, o.supplier_id, o.supplier_name FROM SupplierContact w JOIN Supplier o ON OWNER(w) = REF(o) WHERE w.email >= 'cochranjared@example.com';
EXPLAIN (ANALYZE, BUFFERS, TIMING OFF, SUMMARY ON, FORMAT TEXT)
WITH
"b0" AS (
    SELECT
        "source"."email" AS "email",
        "source"."supplier_id" AS "__owner_0"
    FROM "relation_44" AS "source"
),
"b1" AS (
    SELECT
        "source"."supplier_id" AS "supplier_id",
        "source"."supplier_name" AS "supplier_name",
        "source"."supplier_id" AS "__reference_0"
    FROM "relation_43" AS "source"
)
SELECT 
    "b0"."email" AS "email",
    "b1"."supplier_id" AS "supplier_id",
    "b1"."supplier_name" AS "supplier_name"
FROM ("b0" INNER JOIN "b1" ON ("b0"."__owner_0" = "b1"."__reference_0"))
WHERE ("b0"."email" >= 'cochranjared@example.com');
                                                      QUERY PLAN                                                      
----------------------------------------------------------------------------------------------------------------------
 Hash Join  (cost=3040.35..4181.35 rows=36631 width=43) (actual rows=36945 loops=1)
   Hash Cond: (source.supplier_id = source_1.supplier_id)
   Buffers: shared hit=687 read=465
   ->  Seq Scan on relation_44 source  (cost=0.00..1044.84 rows=36631 width=26) (actual rows=36945 loops=1)
         Filter: ((email)::text >= 'cochranjared@example.com'::text)
         Rows Removed by Filter: 9522
         Buffers: shared read=464
   ->  Hash  (cost=1733.49..1733.49 rows=104549 width=21) (actual rows=104549 loops=1)
         Buckets: 131072  Batches: 1  Memory Usage: 6491kB
         Buffers: shared hit=687 read=1
         ->  Seq Scan on relation_43 source_1  (cost=0.00..1733.49 rows=104549 width=21) (actual rows=104549 loops=1)
               Buffers: shared hit=687 read=1
 Planning:
   Buffers: shared hit=29 read=10
 Planning Time: 0.160 ms
 Execution Time: 21.803 ms
(16 rows)

-- Q026 [weak_owner] occurrence 1/1
-- Original E/R: SELECT w.contact_id, w.phone, w.email, o.supplier_id FROM SupplierContact w JOIN Supplier o ON OWNER(w) = REF(o) WHERE w.contact_id > 3017052;
EXPLAIN (ANALYZE, BUFFERS, TIMING OFF, SUMMARY ON, FORMAT TEXT)
WITH
"b0" AS (
    SELECT
        "source"."contact_id" AS "contact_id",
        "source"."email" AS "email",
        "source"."phone" AS "phone",
        "source"."supplier_id" AS "__owner_0"
    FROM "relation_44" AS "source"
),
"b1" AS (
    SELECT
        "source"."supplier_id" AS "supplier_id",
        "source"."supplier_id" AS "__reference_0"
    FROM "relation_43" AS "source"
)
SELECT 
    "b0"."contact_id" AS "contact_id",
    "b0"."phone" AS "phone",
    "b0"."email" AS "email",
    "b1"."supplier_id" AS "supplier_id"
FROM ("b0" INNER JOIN "b1" ON ("b0"."__owner_0" = "b1"."__reference_0"))
WHERE ("b0"."contact_id" > 3017052);
                                                     QUERY PLAN                                                      
---------------------------------------------------------------------------------------------------------------------
 Hash Join  (cost=3040.35..4170.12 rows=32355 width=47) (actual rows=32358 loops=1)
   Hash Cond: (source.supplier_id = source_1.supplier_id)
   Buffers: shared hit=1152
   ->  Seq Scan on relation_44 source  (cost=0.00..1044.84 rows=32355 width=47) (actual rows=32358 loops=1)
         Filter: (contact_id > 3017052)
         Rows Removed by Filter: 14109
         Buffers: shared hit=464
   ->  Hash  (cost=1733.49..1733.49 rows=104549 width=4) (actual rows=104549 loops=1)
         Buckets: 131072  Batches: 1  Memory Usage: 4700kB
         Buffers: shared hit=688
         ->  Seq Scan on relation_43 source_1  (cost=0.00..1733.49 rows=104549 width=4) (actual rows=104549 loops=1)
               Buffers: shared hit=688
 Planning:
   Buffers: shared hit=20 read=1
 Planning Time: 0.119 ms
 Execution Time: 10.682 ms
(16 rows)

-- Q027 [selection_projection] occurrence 1/1
-- Original E/R: SELECT e.password_hash, e.email, e.user_id FROM User e WHERE e.user_id > 304726;
EXPLAIN (ANALYZE, BUFFERS, TIMING OFF, SUMMARY ON, FORMAT TEXT)
WITH
"b0" AS (
    SELECT
        "source"."email" AS "email",
        "source"."password_hash" AS "password_hash",
        "source"."user_id" AS "user_id"
    FROM "relation_22" AS "source"
    UNION ALL
    SELECT
        "source"."email" AS "email",
        "source"."password_hash" AS "password_hash",
        "source"."customer_id" AS "user_id"
    FROM "relation_23" AS "source"
    UNION ALL
    SELECT
        "source"."email" AS "email",
        "source"."password_hash" AS "password_hash",
        "source"."primecustomer_id" AS "user_id"
    FROM "relation_24" AS "source"
    UNION ALL
    SELECT
        "source"."email" AS "email",
        "source"."password_hash" AS "password_hash",
        "source"."businesscustomer_id" AS "user_id"
    FROM "relation_25" AS "source"
    UNION ALL
    SELECT
        "source"."email" AS "email",
        "source"."password_hash" AS "password_hash",
        "source"."employee_id" AS "user_id"
    FROM "relation_26" AS "source"
)
SELECT 
    "b0"."password_hash" AS "password_hash",
    "b0"."email" AS "email",
    "b0"."user_id" AS "user_id"
FROM "b0"
WHERE ("b0"."user_id" > 304726);
                                                              QUERY PLAN                                                              
--------------------------------------------------------------------------------------------------------------------------------------
 Append  (cost=0.42..59702.61 rows=1235760 width=91) (actual rows=1235814 loops=1)
   Buffers: shared hit=4183 read=33735
   ->  Index Scan using relation_22_pkey on relation_22 source  (cost=0.42..8.05 rows=1 width=91) (actual rows=0 loops=1)
         Index Cond: (user_id > 304726)
         Buffers: shared hit=3
   ->  Index Scan using relation_23_pkey on relation_23 source_1  (cost=0.29..643.26 rows=10759 width=91) (actual rows=10814 loops=1)
         Index Cond: (customer_id > 304726)
         Buffers: shared hit=324 read=31
   ->  Seq Scan on relation_24 source_2  (cost=0.00..5010.00 rows=100000 width=91) (actual rows=100000 loops=1)
         Filter: (primecustomer_id > 304726)
         Buffers: shared hit=3760
   ->  Seq Scan on relation_25 source_3  (cost=0.00..39706.00 rows=900000 width=91) (actual rows=900000 loops=1)
         Filter: (businesscustomer_id > 304726)
         Buffers: shared hit=96 read=28360
   ->  Seq Scan on relation_26 source_4  (cost=0.00..8156.50 rows=225000 width=91) (actual rows=225000 loops=1)
         Filter: (employee_id > 304726)
         Buffers: shared read=5344
 Planning:
   Buffers: shared hit=56 read=19
 Planning Time: 0.200 ms
 Execution Time: 200.652 ms
(21 rows)

-- Q028 [relationship_join] occurrence 1/1
-- Original E/R: SELECT e1.sku, e1.is_active, e2.title FROM reviews r JOIN Product e1 ON ENDPOINT(r, Product) = REF(e1) JOIN Review e2 ON ENDPOINT(r, Review) = REF(e2) WHERE e1.base_price < 149;
EXPLAIN (ANALYZE, BUFFERS, TIMING OFF, SUMMARY ON, FORMAT TEXT)
WITH
"b0" AS (
    SELECT
        "source"."reviews_product_id" AS "__endpoint_product_0",
        "source"."customer_id" AS "__endpoint_review_0",
        "source"."review_id" AS "__endpoint_review_1"
    FROM "relation_53" AS "source"
),
"b1" AS (
    SELECT
        "source"."base_price" AS "base_price",
        "source"."is_active" AS "is_active",
        "source"."sku" AS "sku",
        "source"."product_id" AS "__reference_0"
    FROM "relation_1" AS "source"
    UNION ALL
    SELECT
        "source"."base_price" AS "base_price",
        "source"."is_active" AS "is_active",
        "source"."sku" AS "sku",
        "source"."physicalproduct_id" AS "__reference_0"
    FROM "relation_2" AS "source"
    UNION ALL
    SELECT
        "source"."base_price" AS "base_price",
        "source"."is_active" AS "is_active",
        "source"."sku" AS "sku",
        "source"."electronics_id" AS "__reference_0"
    FROM "relation_4" AS "source"
    UNION ALL
    SELECT
        "source"."base_price" AS "base_price",
        "source"."is_active" AS "is_active",
        "source"."sku" AS "sku",
        "source"."computer_id" AS "__reference_0"
    FROM "relation_5" AS "source"
    UNION ALL
    SELECT
        "source"."base_price" AS "base_price",
        "source"."is_active" AS "is_active",
        "source"."sku" AS "sku",
        "source"."desktop_id" AS "__reference_0"
    FROM "relation_6" AS "source"
    UNION ALL
    SELECT
        "source"."base_price" AS "base_price",
        "source"."is_active" AS "is_active",
        "source"."sku" AS "sku",
        "source"."laptop_id" AS "__reference_0"
    FROM "relation_7" AS "source"
    UNION ALL
    SELECT
        "source"."base_price" AS "base_price",
        "source"."is_active" AS "is_active",
        "source"."sku" AS "sku",
        "source"."tablet_id" AS "__reference_0"
    FROM "relation_8" AS "source"
    UNION ALL
    SELECT
        "source"."base_price" AS "base_price",
        "source"."is_active" AS "is_active",
        "source"."sku" AS "sku",
        "source"."smartwatch_id" AS "__reference_0"
    FROM "relation_9" AS "source"
    UNION ALL
    SELECT
        "source"."base_price" AS "base_price",
        "source"."is_active" AS "is_active",
        "source"."sku" AS "sku",
        "source"."camera_id" AS "__reference_0"
    FROM "relation_10" AS "source"
    UNION ALL
    SELECT
        "source"."base_price" AS "base_price",
        "source"."is_active" AS "is_active",
        "source"."sku" AS "sku",
        "source"."phone_id" AS "__reference_0"
    FROM "relation_11" AS "source"
    UNION ALL
    SELECT
        "source"."base_price" AS "base_price",
        "source"."is_active" AS "is_active",
        "source"."sku" AS "sku",
        "source"."accessory_id" AS "__reference_0"
    FROM "relation_12" AS "source"
    UNION ALL
    SELECT
        "source"."base_price" AS "base_price",
        "source"."is_active" AS "is_active",
        "source"."sku" AS "sku",
        "source"."appliance_id" AS "__reference_0"
    FROM "relation_13" AS "source"
    UNION ALL
    SELECT
        "source"."base_price" AS "base_price",
        "source"."is_active" AS "is_active",
        "source"."sku" AS "sku",
        "source"."kitchenappliance_id" AS "__reference_0"
    FROM "relation_14" AS "source"
    UNION ALL
    SELECT
        "source"."base_price" AS "base_price",
        "source"."is_active" AS "is_active",
        "source"."sku" AS "sku",
        "source"."apparel_id" AS "__reference_0"
    FROM "relation_15" AS "source"
    UNION ALL
    SELECT
        "source"."base_price" AS "base_price",
        "source"."is_active" AS "is_active",
        "source"."sku" AS "sku",
        "source"."clothing_id" AS "__reference_0"
    FROM "relation_16" AS "source"
    UNION ALL
    SELECT
        "source"."base_price" AS "base_price",
        "source"."is_active" AS "is_active",
        "source"."sku" AS "sku",
        "source"."menclothing_id" AS "__reference_0"
    FROM "relation_17" AS "source"
    UNION ALL
    SELECT
        "source"."base_price" AS "base_price",
        "source"."is_active" AS "is_active",
        "source"."sku" AS "sku",
        "source"."womenclothing_id" AS "__reference_0"
    FROM "relation_18" AS "source"
    UNION ALL
    SELECT
        "source"."base_price" AS "base_price",
        "source"."is_active" AS "is_active",
        "source"."sku" AS "sku",
        "source"."footwear_id" AS "__reference_0"
    FROM "relation_19" AS "source"
    UNION ALL
    SELECT
        "source"."base_price" AS "base_price",
        "source"."is_active" AS "is_active",
        "source"."sku" AS "sku",
        "source"."digitalproduct_id" AS "__reference_0"
    FROM "relation_3" AS "source"
    UNION ALL
    SELECT
        "source"."base_price" AS "base_price",
        "source"."is_active" AS "is_active",
        "source"."sku" AS "sku",
        "source"."media_id" AS "__reference_0"
    FROM "relation_20" AS "source"
    UNION ALL
    SELECT
        "source"."base_price" AS "base_price",
        "source"."is_active" AS "is_active",
        "source"."sku" AS "sku",
        "source"."software_id" AS "__reference_0"
    FROM "relation_21" AS "source"
),
"b2" AS (
    SELECT
        "source"."title" AS "title",
        "source"."customer_id" AS "__reference_0",
        "source"."review_id" AS "__reference_1"
    FROM "relation_35" AS "source"
)
SELECT 
    "b1"."sku" AS "sku",
    "b1"."is_active" AS "is_active",
    "b2"."title" AS "title"
FROM (("b0" INNER JOIN "b1" ON ("b0"."__endpoint_product_0" = "b1"."__reference_0")) INNER JOIN "b2" ON ("b0"."__endpoint_review_0" = "b2"."__reference_0" AND "b0"."__endpoint_review_1" = "b2"."__reference_1"))
WHERE ("b1"."base_price" < 149);
                                                             QUERY PLAN                                                              
-------------------------------------------------------------------------------------------------------------------------------------
 Nested Loop  (cost=8.61..1266.07 rows=403 width=59) (actual rows=147 loops=1)
   Buffers: shared hit=13212 read=1425
   ->  Hash Join  (cost=8.32..1113.77 rows=1 width=41) (actual rows=253 loops=1)
         Hash Cond: ((source_22.customer_id = source.customer_id) AND (source_22.review_id = source.review_id))
         Buffers: shared hit=2 read=720
         ->  Seq Scan on relation_35 source_22  (cost=0.00..972.75 rows=25275 width=45) (actual rows=25275 loops=1)
               Buffers: shared read=720
         ->  Hash  (cost=4.53..4.53 rows=253 width=12) (actual rows=253 loops=1)
               Buckets: 1024  Batches: 1  Memory Usage: 19kB
               Buffers: shared hit=2
               ->  Seq Scan on relation_53 source  (cost=0.00..4.53 rows=253 width=12) (actual rows=253 loops=1)
                     Buffers: shared hit=2
   ->  Append  (cost=0.29..152.09 rows=21 width=26) (actual rows=1 loops=253)
         Buffers: shared hit=13210 read=705
         ->  Index Scan using relation_1_pkey on relation_1 source_1  (cost=0.29..6.27 rows=1 width=26) (actual rows=0 loops=253)
               Index Cond: (product_id = source.reviews_product_id)
               Filter: (base_price < 149)
               Buffers: shared hit=504 read=2
         ->  Index Scan using relation_2_pkey on relation_2 source_2  (cost=0.29..6.67 rows=1 width=26) (actual rows=0 loops=253)
               Index Cond: (physicalproduct_id = source.reviews_product_id)
               Filter: (base_price < 149)
               Buffers: shared hit=504 read=2
         ->  Index Scan using relation_4_pkey on relation_4 source_3  (cost=0.43..8.46 rows=1 width=26) (actual rows=0 loops=253)
               Index Cond: (electronics_id = source.reviews_product_id)
               Filter: (base_price < 149)
               Rows Removed by Filter: 0
               Buffers: shared hit=523 read=372
         ->  Index Scan using relation_5_pkey on relation_5 source_4  (cost=0.29..7.14 rows=1 width=26) (actual rows=0 loops=253)
               Index Cond: (computer_id = source.reviews_product_id)
               Filter: (base_price < 149)
               Rows Removed by Filter: 0
               Buffers: shared hit=499 read=11
         ->  Index Scan using relation_6_pkey on relation_6 source_5  (cost=0.43..8.38 rows=1 width=26) (actual rows=0 loops=253)
               Index Cond: (desktop_id = source.reviews_product_id)
               Filter: (base_price < 149)
               Rows Removed by Filter: 0
               Buffers: shared hit=715 read=68
         ->  Index Scan using relation_7_pkey on relation_7 source_6  (cost=0.42..7.51 rows=1 width=26) (actual rows=0 loops=253)
               Index Cond: (laptop_id = source.reviews_product_id)
               Filter: (base_price < 149)
               Rows Removed by Filter: 0
               Buffers: shared hit=750 read=13
         ->  Index Scan using relation_8_pkey on relation_8 source_7  (cost=0.29..6.84 rows=1 width=26) (actual rows=0 loops=253)
               Index Cond: (tablet_id = source.reviews_product_id)
               Filter: (base_price < 149)
               Rows Removed by Filter: 0
               Buffers: shared hit=500 read=9
         ->  Index Scan using relation_9_pkey on relation_9 source_8  (cost=0.42..8.19 rows=1 width=26) (actual rows=0 loops=253)
               Index Cond: (smartwatch_id = source.reviews_product_id)
               Filter: (base_price < 149)
               Rows Removed by Filter: 0
               Buffers: shared hit=741 read=27
         ->  Index Scan using relation_10_pkey on relation_10 source_9  (cost=0.42..7.46 rows=1 width=26) (actual rows=0 loops=253)
               Index Cond: (camera_id = source.reviews_product_id)
               Filter: (base_price < 149)
               Rows Removed by Filter: 0
               Buffers: shared hit=757 read=4
         ->  Index Scan using relation_11_pkey on relation_11 source_10  (cost=0.42..8.26 rows=1 width=26) (actual rows=0 loops=253)
               Index Cond: (phone_id = source.reviews_product_id)
               Filter: (base_price < 149)
               Rows Removed by Filter: 0
               Buffers: shared hit=743 read=23
         ->  Index Scan using relation_12_pkey on relation_12 source_11  (cost=0.42..7.63 rows=1 width=26) (actual rows=0 loops=253)
               Index Cond: (accessory_id = source.reviews_product_id)
               Filter: (base_price < 149)
               Rows Removed by Filter: 0
               Buffers: shared hit=750 read=13
         ->  Index Scan using relation_13_pkey on relation_13 source_12  (cost=0.29..6.24 rows=1 width=26) (actual rows=0 loops=253)
               Index Cond: (appliance_id = source.reviews_product_id)
               Filter: (base_price < 149)
               Rows Removed by Filter: 0
               Buffers: shared hit=500 read=9
         ->  Index Scan using relation_14_pkey on relation_14 source_13  (cost=0.42..7.90 rows=1 width=26) (actual rows=0 loops=253)
               Index Cond: (kitchenappliance_id = source.reviews_product_id)
               Filter: (base_price < 149)
               Rows Removed by Filter: 0
               Buffers: shared hit=748 read=15
         ->  Index Scan using relation_15_pkey on relation_15 source_14  (cost=0.42..8.03 rows=1 width=26) (actual rows=0 loops=253)
               Index Cond: (apparel_id = source.reviews_product_id)
               Filter: (base_price < 149)
               Rows Removed by Filter: 0
               Buffers: shared hit=743 read=25
         ->  Index Scan using relation_16_pkey on relation_16 source_15  (cost=0.42..8.06 rows=1 width=26) (actual rows=0 loops=253)
               Index Cond: (clothing_id = source.reviews_product_id)
               Filter: (base_price < 149)
               Rows Removed by Filter: 0
               Buffers: shared hit=747 read=17
         ->  Index Scan using relation_17_pkey on relation_17 source_16  (cost=0.43..8.38 rows=1 width=26) (actual rows=0 loops=253)
               Index Cond: (menclothing_id = source.reviews_product_id)
               Filter: (base_price < 149)
               Rows Removed by Filter: 0
               Buffers: shared hit=715 read=68
         ->  Index Scan using relation_18_pkey on relation_18 source_17  (cost=0.29..7.02 rows=1 width=26) (actual rows=0 loops=253)
               Index Cond: (womenclothing_id = source.reviews_product_id)
               Filter: (base_price < 149)
               Buffers: shared hit=502 read=6
         ->  Index Scan using relation_19_pkey on relation_19 source_18  (cost=0.29..4.92 rows=1 width=26) (actual rows=0 loops=253)
               Index Cond: (footwear_id = source.reviews_product_id)
               Filter: (base_price < 149)
               Buffers: shared hit=503 read=3
         ->  Index Scan using relation_3_pkey on relation_3 source_19  (cost=0.29..6.38 rows=1 width=26) (actual rows=0 loops=253)
               Index Cond: (digitalproduct_id = source.reviews_product_id)
               Filter: (base_price < 149)
               Buffers: shared hit=506
         ->  Index Scan using relation_20_pkey on relation_20 source_20  (cost=0.43..8.34 rows=1 width=26) (actual rows=0 loops=253)
               Index Cond: (media_id = source.reviews_product_id)
               Filter: (base_price < 149)
               Rows Removed by Filter: 0
               Buffers: shared hit=754 read=18
         ->  Index Scan using relation_21_pkey on relation_21 source_21  (cost=0.29..3.89 rows=1 width=26) (actual rows=0 loops=253)
               Index Cond: (software_id = source.reviews_product_id)
               Filter: (base_price < 149)
               Buffers: shared hit=506
 Planning:
   Buffers: shared hit=44 read=23
 Planning Time: 0.446 ms
 Execution Time: 6.204 ms
(117 rows)

-- Q029 [relationship_join] occurrence 1/1
-- Original E/R: SELECT e1.brand, e2.custorder_id, e2.placed_at FROM payment_order r JOIN PaymentMethod e1 ON ENDPOINT(r, PaymentMethod) = REF(e1) JOIN CustOrder e2 ON ENDPOINT(r, CustOrder) = REF(e2) WHERE e1.exp_year <= 2029;
EXPLAIN (ANALYZE, BUFFERS, TIMING OFF, SUMMARY ON, FORMAT TEXT)
WITH
"b0" AS (
    SELECT
        "source"."custorder_id" AS "__endpoint_custorder_0",
        "source"."payment_order_customer_id" AS "__endpoint_paymentmethod_0",
        "source"."payment_order_payment_method_id" AS "__endpoint_paymentmethod_1"
    FROM "relation_56" AS "source"
),
"b1" AS (
    SELECT
        "source"."brand" AS "brand",
        "source"."exp_year" AS "exp_year",
        "source"."customer_id" AS "__reference_0",
        "source"."payment_method_id" AS "__reference_1"
    FROM "relation_32" AS "source"
),
"b2" AS (
    SELECT
        "source"."custorder_id" AS "custorder_id",
        "source"."placed_at" AS "placed_at",
        "source"."custorder_id" AS "__reference_0"
    FROM "relation_37" AS "source"
)
SELECT 
    "b1"."brand" AS "brand",
    "b2"."custorder_id" AS "custorder_id",
    "b2"."placed_at" AS "placed_at"
FROM (("b0" INNER JOIN "b1" ON ("b0"."__endpoint_paymentmethod_0" = "b1"."__reference_0" AND "b0"."__endpoint_paymentmethod_1" = "b1"."__reference_1")) INNER JOIN "b2" ON ("b0"."__endpoint_custorder_0" = "b2"."__reference_0"))
WHERE ("b1"."exp_year" <= 2029);
                                                                        QUERY PLAN                                                                        
----------------------------------------------------------------------------------------------------------------------------------------------------------
 Nested Loop  (cost=4086.10..5545.26 rows=1 width=22) (actual rows=40381 loops=1)
   Buffers: shared hit=121143 read=1542
   ->  Hash Join  (cost=4085.81..5544.90 rows=1 width=11) (actual rows=40381 loops=1)
         Hash Cond: ((source.payment_order_customer_id = source_1.customer_id) AND (source.payment_order_payment_method_id = source_1.payment_method_id))
         Buffers: shared read=1542
         ->  Seq Scan on relation_56 source  (cost=0.00..1088.29 rows=70629 width=12) (actual rows=70629 loops=1)
               Buffers: shared read=382
         ->  Hash  (cost=2893.71..2893.71 rows=79473 width=15) (actual rows=79099 loops=1)
               Buckets: 131072  Batches: 1  Memory Usage: 4846kB
               Buffers: shared read=1160
               ->  Seq Scan on relation_32 source_1  (cost=0.00..2893.71 rows=79473 width=15) (actual rows=79099 loops=1)
                     Filter: (exp_year <= 2029)
                     Rows Removed by Filter: 59598
                     Buffers: shared read=1160
   ->  Index Scan using relation_37_pkey on relation_37 source_2  (cost=0.29..0.36 rows=1 width=15) (actual rows=1 loops=40381)
         Index Cond: (custorder_id = source.custorder_id)
         Buffers: shared hit=121143
 Planning:
   Buffers: shared hit=67 read=13
 Planning Time: 0.213 ms
 Execution Time: 55.983 ms
(21 rows)

-- Q030 [relationship_join] occurrence 1/1
-- Original E/R: SELECT e1.supplier_name, e1.supplier_id, e2.created_at FROM supplier_pos r JOIN Supplier e1 ON ENDPOINT(r, Supplier) = REF(e1) JOIN PurchaseOrder e2 ON ENDPOINT(r, PurchaseOrder) = REF(e2) WHERE e2.purchaseorder_id < 120363;
EXPLAIN (ANALYZE, BUFFERS, TIMING OFF, SUMMARY ON, FORMAT TEXT)
WITH
"b0" AS (
    SELECT
        "source"."purchaseorder_id" AS "__endpoint_purchaseorder_0",
        "source"."supplier_pos_supplier_id" AS "__endpoint_supplier_0"
    FROM "relation_61" AS "source"
),
"b1" AS (
    SELECT
        "source"."supplier_id" AS "supplier_id",
        "source"."supplier_name" AS "supplier_name",
        "source"."supplier_id" AS "__reference_0"
    FROM "relation_43" AS "source"
),
"b2" AS (
    SELECT
        "source"."created_at" AS "created_at",
        "source"."purchaseorder_id" AS "purchaseorder_id",
        "source"."purchaseorder_id" AS "__reference_0"
    FROM "relation_45" AS "source"
)
SELECT 
    "b1"."supplier_name" AS "supplier_name",
    "b1"."supplier_id" AS "supplier_id",
    "b2"."created_at" AS "created_at"
FROM (("b0" INNER JOIN "b1" ON ("b0"."__endpoint_supplier_0" = "b1"."__reference_0")) INNER JOIN "b2" ON ("b0"."__endpoint_purchaseorder_0" = "b2"."__reference_0"))
WHERE ("b2"."purchaseorder_id" < 120363);
                                                         QUERY PLAN                                                         
----------------------------------------------------------------------------------------------------------------------------
 Hash Join  (cost=7105.52..9627.05 rows=115495 width=32) (actual rows=115586 loops=1)
   Hash Cond: (source.supplier_pos_supplier_id = source_1.supplier_id)
   Buffers: shared hit=688 read=1476
   ->  Hash Join  (cost=4065.16..6283.51 rows=115495 width=15) (actual rows=115586 loops=1)
         Hash Cond: (source.purchaseorder_id = source_2.purchaseorder_id)
         Buffers: shared read=1476
         ->  Seq Scan on relation_61 source  (cost=0.00..1880.19 rows=128819 width=8) (actual rows=128819 loops=1)
               Buffers: shared read=592
         ->  Hash  (cost=2561.32..2561.32 rows=120307 width=15) (actual rows=120362 loops=1)
               Buckets: 131072  Batches: 1  Memory Usage: 6666kB
               Buffers: shared read=884
               ->  Seq Scan on relation_45 source_2  (cost=0.00..2561.32 rows=120307 width=15) (actual rows=120362 loops=1)
                     Filter: (purchaseorder_id < 120363)
                     Rows Removed by Filter: 13824
                     Buffers: shared read=884
   ->  Hash  (cost=1733.49..1733.49 rows=104549 width=21) (actual rows=104549 loops=1)
         Buckets: 131072  Batches: 1  Memory Usage: 6644kB
         Buffers: shared hit=688
         ->  Seq Scan on relation_43 source_1  (cost=0.00..1733.49 rows=104549 width=21) (actual rows=104549 loops=1)
               Buffers: shared hit=688
 Planning:
   Buffers: shared hit=10 read=10
 Planning Time: 0.166 ms
 Execution Time: 53.676 ms
(24 rows)

-- Q031 [relationship_join] occurrence 1/1
-- Original E/R: SELECT e1.carrier_lock, e2.base_price FROM bundle_phones r JOIN Phone e1 ON ENDPOINT(r, phone_id) = REF(e1) JOIN Phone e2 ON ENDPOINT(r, bundle_phone_id) = REF(e2) WHERE e1.carrier_lock <= 'unlocked';
EXPLAIN (ANALYZE, BUFFERS, TIMING OFF, SUMMARY ON, FORMAT TEXT)
WITH
"b0" AS (
    SELECT
        "source"."bundle_phone_phone_id" AS "__endpoint_bundle_phone_id_0",
        "source"."phone_id" AS "__endpoint_phone_id_0"
    FROM "relation_64" AS "source"
),
"b1" AS (
    SELECT
        "source"."carrier_lock" AS "carrier_lock",
        "source"."phone_id" AS "__reference_0"
    FROM "relation_11" AS "source"
),
"b2" AS (
    SELECT
        "source"."base_price" AS "base_price",
        "source"."phone_id" AS "__reference_0"
    FROM "relation_11" AS "source"
)
SELECT 
    "b1"."carrier_lock" AS "carrier_lock",
    "b2"."base_price" AS "base_price"
FROM (("b0" INNER JOIN "b1" ON ("b0"."__endpoint_phone_id_0" = "b1"."__reference_0")) INNER JOIN "b2" ON ("b0"."__endpoint_bundle_phone_id_0" = "b2"."__reference_0"))
WHERE ("b1"."carrier_lock" <= 'unlocked');
                                                         QUERY PLAN                                                          
-----------------------------------------------------------------------------------------------------------------------------
 Hash Join  (cost=62270.05..87848.48 rows=1298517 width=12) (actual rows=1298517 loops=1)
   Hash Cond: (source.bundle_phone_phone_id = source_2.phone_id)
   Buffers: shared hit=46 read=35890
   ->  Hash Join  (cost=31980.03..54149.82 rows=1298517 width=12) (actual rows=1298517 loops=1)
         Hash Cond: (source.phone_id = source_1.phone_id)
         Buffers: shared hit=39 read=20817
         ->  Seq Scan on relation_64 source  (cost=0.00..18761.17 rows=1298517 width=8) (actual rows=1298517 loops=1)
               Buffers: shared read=5776
         ->  Hash  (cost=23530.01..23530.01 rows=676001 width=12) (actual rows=676001 loops=1)
               Buckets: 1048576  Batches: 1  Memory Usage: 39091kB
               Buffers: shared hit=39 read=15041
               ->  Seq Scan on relation_11 source_1  (cost=0.00..23530.01 rows=676001 width=12) (actual rows=676001 loops=1)
                     Filter: ((carrier_lock)::text <= 'unlocked'::text)
                     Buffers: shared hit=39 read=15041
   ->  Hash  (cost=21840.01..21840.01 rows=676001 width=8) (actual rows=676001 loops=1)
         Buckets: 1048576  Batches: 1  Memory Usage: 34599kB
         Buffers: shared hit=7 read=15073
         ->  Seq Scan on relation_11 source_2  (cost=0.00..21840.01 rows=676001 width=8) (actual rows=676001 loops=1)
               Buffers: shared hit=7 read=15073
 Planning:
   Buffers: shared hit=45 read=9
 Planning Time: 0.242 ms
 Execution Time: 743.032 ms
(23 rows)

-- Q032 [relationship_join] occurrence 1/1
-- Original E/R: SELECT e1.sku, e1.product_id, e2.rating, e2.created_at FROM reviews r JOIN Product e1 ON ENDPOINT(r, Product) = REF(e1) JOIN Review e2 ON ENDPOINT(r, Review) = REF(e2) WHERE e1.quantity < 86;
EXPLAIN (ANALYZE, BUFFERS, TIMING OFF, SUMMARY ON, FORMAT TEXT)
WITH
"b0" AS (
    SELECT
        "source"."reviews_product_id" AS "__endpoint_product_0",
        "source"."customer_id" AS "__endpoint_review_0",
        "source"."review_id" AS "__endpoint_review_1"
    FROM "relation_53" AS "source"
),
"b1" AS (
    SELECT
        "source"."product_id" AS "product_id",
        "source"."quantity" AS "quantity",
        "source"."sku" AS "sku",
        "source"."product_id" AS "__reference_0"
    FROM "relation_1" AS "source"
    UNION ALL
    SELECT
        "source"."physicalproduct_id" AS "product_id",
        "source"."quantity" AS "quantity",
        "source"."sku" AS "sku",
        "source"."physicalproduct_id" AS "__reference_0"
    FROM "relation_2" AS "source"
    UNION ALL
    SELECT
        "source"."electronics_id" AS "product_id",
        "source"."quantity" AS "quantity",
        "source"."sku" AS "sku",
        "source"."electronics_id" AS "__reference_0"
    FROM "relation_4" AS "source"
    UNION ALL
    SELECT
        "source"."computer_id" AS "product_id",
        "source"."quantity" AS "quantity",
        "source"."sku" AS "sku",
        "source"."computer_id" AS "__reference_0"
    FROM "relation_5" AS "source"
    UNION ALL
    SELECT
        "source"."desktop_id" AS "product_id",
        "source"."quantity" AS "quantity",
        "source"."sku" AS "sku",
        "source"."desktop_id" AS "__reference_0"
    FROM "relation_6" AS "source"
    UNION ALL
    SELECT
        "source"."laptop_id" AS "product_id",
        "source"."quantity" AS "quantity",
        "source"."sku" AS "sku",
        "source"."laptop_id" AS "__reference_0"
    FROM "relation_7" AS "source"
    UNION ALL
    SELECT
        "source"."tablet_id" AS "product_id",
        "source"."quantity" AS "quantity",
        "source"."sku" AS "sku",
        "source"."tablet_id" AS "__reference_0"
    FROM "relation_8" AS "source"
    UNION ALL
    SELECT
        "source"."smartwatch_id" AS "product_id",
        "source"."quantity" AS "quantity",
        "source"."sku" AS "sku",
        "source"."smartwatch_id" AS "__reference_0"
    FROM "relation_9" AS "source"
    UNION ALL
    SELECT
        "source"."camera_id" AS "product_id",
        "source"."quantity" AS "quantity",
        "source"."sku" AS "sku",
        "source"."camera_id" AS "__reference_0"
    FROM "relation_10" AS "source"
    UNION ALL
    SELECT
        "source"."phone_id" AS "product_id",
        "source"."quantity" AS "quantity",
        "source"."sku" AS "sku",
        "source"."phone_id" AS "__reference_0"
    FROM "relation_11" AS "source"
    UNION ALL
    SELECT
        "source"."accessory_id" AS "product_id",
        "source"."quantity" AS "quantity",
        "source"."sku" AS "sku",
        "source"."accessory_id" AS "__reference_0"
    FROM "relation_12" AS "source"
    UNION ALL
    SELECT
        "source"."appliance_id" AS "product_id",
        "source"."quantity" AS "quantity",
        "source"."sku" AS "sku",
        "source"."appliance_id" AS "__reference_0"
    FROM "relation_13" AS "source"
    UNION ALL
    SELECT
        "source"."kitchenappliance_id" AS "product_id",
        "source"."quantity" AS "quantity",
        "source"."sku" AS "sku",
        "source"."kitchenappliance_id" AS "__reference_0"
    FROM "relation_14" AS "source"
    UNION ALL
    SELECT
        "source"."apparel_id" AS "product_id",
        "source"."quantity" AS "quantity",
        "source"."sku" AS "sku",
        "source"."apparel_id" AS "__reference_0"
    FROM "relation_15" AS "source"
    UNION ALL
    SELECT
        "source"."clothing_id" AS "product_id",
        "source"."quantity" AS "quantity",
        "source"."sku" AS "sku",
        "source"."clothing_id" AS "__reference_0"
    FROM "relation_16" AS "source"
    UNION ALL
    SELECT
        "source"."menclothing_id" AS "product_id",
        "source"."quantity" AS "quantity",
        "source"."sku" AS "sku",
        "source"."menclothing_id" AS "__reference_0"
    FROM "relation_17" AS "source"
    UNION ALL
    SELECT
        "source"."womenclothing_id" AS "product_id",
        "source"."quantity" AS "quantity",
        "source"."sku" AS "sku",
        "source"."womenclothing_id" AS "__reference_0"
    FROM "relation_18" AS "source"
    UNION ALL
    SELECT
        "source"."footwear_id" AS "product_id",
        "source"."quantity" AS "quantity",
        "source"."sku" AS "sku",
        "source"."footwear_id" AS "__reference_0"
    FROM "relation_19" AS "source"
    UNION ALL
    SELECT
        "source"."digitalproduct_id" AS "product_id",
        "source"."quantity" AS "quantity",
        "source"."sku" AS "sku",
        "source"."digitalproduct_id" AS "__reference_0"
    FROM "relation_3" AS "source"
    UNION ALL
    SELECT
        "source"."media_id" AS "product_id",
        "source"."quantity" AS "quantity",
        "source"."sku" AS "sku",
        "source"."media_id" AS "__reference_0"
    FROM "relation_20" AS "source"
    UNION ALL
    SELECT
        "source"."software_id" AS "product_id",
        "source"."quantity" AS "quantity",
        "source"."sku" AS "sku",
        "source"."software_id" AS "__reference_0"
    FROM "relation_21" AS "source"
),
"b2" AS (
    SELECT
        "source"."created_at" AS "created_at",
        "source"."rating" AS "rating",
        "source"."customer_id" AS "__reference_0",
        "source"."review_id" AS "__reference_1"
    FROM "relation_35" AS "source"
)
SELECT 
    "b1"."sku" AS "sku",
    "b1"."product_id" AS "product_id",
    "b2"."rating" AS "rating",
    "b2"."created_at" AS "created_at"
FROM (("b0" INNER JOIN "b1" ON ("b0"."__endpoint_product_0" = "b1"."__reference_0")) INNER JOIN "b2" ON ("b0"."__endpoint_review_0" = "b2"."__reference_0" AND "b0"."__endpoint_review_1" = "b2"."__reference_1"))
WHERE ("b1"."quantity" < 86);
                                                             QUERY PLAN                                                              
-------------------------------------------------------------------------------------------------------------------------------------
 Nested Loop  (cost=8.61..1266.07 rows=605 width=37) (actual rows=226 loops=1)
   Buffers: shared hit=14637
   ->  Hash Join  (cost=8.32..1113.77 rows=1 width=19) (actual rows=253 loops=1)
         Hash Cond: ((source_22.customer_id = source.customer_id) AND (source_22.review_id = source.review_id))
         Buffers: shared hit=722
         ->  Seq Scan on relation_35 source_22  (cost=0.00..972.75 rows=25275 width=23) (actual rows=25275 loops=1)
               Buffers: shared hit=720
         ->  Hash  (cost=4.53..4.53 rows=253 width=12) (actual rows=253 loops=1)
               Buckets: 1024  Batches: 1  Memory Usage: 19kB
               Buffers: shared hit=2
               ->  Seq Scan on relation_53 source  (cost=0.00..4.53 rows=253 width=12) (actual rows=253 loops=1)
                     Buffers: shared hit=2
   ->  Append  (cost=0.29..152.09 rows=21 width=26) (actual rows=1 loops=253)
         Buffers: shared hit=13915
         ->  Index Scan using relation_1_pkey on relation_1 source_1  (cost=0.29..6.27 rows=1 width=26) (actual rows=0 loops=253)
               Index Cond: (product_id = source.reviews_product_id)
               Filter: (quantity < 86)
               Buffers: shared hit=506
         ->  Index Scan using relation_2_pkey on relation_2 source_2  (cost=0.29..6.67 rows=1 width=26) (actual rows=0 loops=253)
               Index Cond: (physicalproduct_id = source.reviews_product_id)
               Filter: (quantity < 86)
               Buffers: shared hit=506
         ->  Index Scan using relation_4_pkey on relation_4 source_3  (cost=0.43..8.46 rows=1 width=26) (actual rows=0 loops=253)
               Index Cond: (electronics_id = source.reviews_product_id)
               Filter: (quantity < 86)
               Rows Removed by Filter: 0
               Buffers: shared hit=895
         ->  Index Scan using relation_5_pkey on relation_5 source_4  (cost=0.29..7.14 rows=1 width=26) (actual rows=0 loops=253)
               Index Cond: (computer_id = source.reviews_product_id)
               Filter: (quantity < 86)
               Rows Removed by Filter: 0
               Buffers: shared hit=510
         ->  Index Scan using relation_6_pkey on relation_6 source_5  (cost=0.43..8.38 rows=1 width=26) (actual rows=0 loops=253)
               Index Cond: (desktop_id = source.reviews_product_id)
               Filter: (quantity < 86)
               Rows Removed by Filter: 0
               Buffers: shared hit=783
         ->  Index Scan using relation_7_pkey on relation_7 source_6  (cost=0.42..7.51 rows=1 width=26) (actual rows=0 loops=253)
               Index Cond: (laptop_id = source.reviews_product_id)
               Filter: (quantity < 86)
               Buffers: shared hit=763
         ->  Index Scan using relation_8_pkey on relation_8 source_7  (cost=0.29..6.84 rows=1 width=26) (actual rows=0 loops=253)
               Index Cond: (tablet_id = source.reviews_product_id)
               Filter: (quantity < 86)
               Rows Removed by Filter: 0
               Buffers: shared hit=509
         ->  Index Scan using relation_9_pkey on relation_9 source_8  (cost=0.42..8.19 rows=1 width=26) (actual rows=0 loops=253)
               Index Cond: (smartwatch_id = source.reviews_product_id)
               Filter: (quantity < 86)
               Buffers: shared hit=768
         ->  Index Scan using relation_10_pkey on relation_10 source_9  (cost=0.42..7.46 rows=1 width=26) (actual rows=0 loops=253)
               Index Cond: (camera_id = source.reviews_product_id)
               Filter: (quantity < 86)
               Buffers: shared hit=761
         ->  Index Scan using relation_11_pkey on relation_11 source_10  (cost=0.42..8.26 rows=1 width=26) (actual rows=0 loops=253)
               Index Cond: (phone_id = source.reviews_product_id)
               Filter: (quantity < 86)
               Buffers: shared hit=766
         ->  Index Scan using relation_12_pkey on relation_12 source_11  (cost=0.42..7.63 rows=1 width=26) (actual rows=0 loops=253)
               Index Cond: (accessory_id = source.reviews_product_id)
               Filter: (quantity < 86)
               Rows Removed by Filter: 0
               Buffers: shared hit=763
         ->  Index Scan using relation_13_pkey on relation_13 source_12  (cost=0.29..6.24 rows=1 width=26) (actual rows=0 loops=253)
               Index Cond: (appliance_id = source.reviews_product_id)
               Filter: (quantity < 86)
               Buffers: shared hit=509
         ->  Index Scan using relation_14_pkey on relation_14 source_13  (cost=0.42..7.90 rows=1 width=26) (actual rows=0 loops=253)
               Index Cond: (kitchenappliance_id = source.reviews_product_id)
               Filter: (quantity < 86)
               Buffers: shared hit=763
         ->  Index Scan using relation_15_pkey on relation_15 source_14  (cost=0.42..8.03 rows=1 width=26) (actual rows=0 loops=253)
               Index Cond: (apparel_id = source.reviews_product_id)
               Filter: (quantity < 86)
               Rows Removed by Filter: 0
               Buffers: shared hit=768
         ->  Index Scan using relation_16_pkey on relation_16 source_15  (cost=0.42..8.06 rows=1 width=26) (actual rows=0 loops=253)
               Index Cond: (clothing_id = source.reviews_product_id)
               Filter: (quantity < 86)
               Buffers: shared hit=764
         ->  Index Scan using relation_17_pkey on relation_17 source_16  (cost=0.43..8.38 rows=1 width=26) (actual rows=0 loops=253)
               Index Cond: (menclothing_id = source.reviews_product_id)
               Filter: (quantity < 86)
               Rows Removed by Filter: 0
               Buffers: shared hit=783
         ->  Index Scan using relation_18_pkey on relation_18 source_17  (cost=0.29..7.02 rows=1 width=26) (actual rows=0 loops=253)
               Index Cond: (womenclothing_id = source.reviews_product_id)
               Filter: (quantity < 86)
               Buffers: shared hit=508
         ->  Index Scan using relation_19_pkey on relation_19 source_18  (cost=0.29..4.92 rows=1 width=26) (actual rows=0 loops=253)
               Index Cond: (footwear_id = source.reviews_product_id)
               Filter: (quantity < 86)
               Buffers: shared hit=506
         ->  Index Scan using relation_3_pkey on relation_3 source_19  (cost=0.29..6.38 rows=1 width=26) (actual rows=0 loops=253)
               Index Cond: (digitalproduct_id = source.reviews_product_id)
               Filter: (quantity < 86)
               Buffers: shared hit=506
         ->  Index Scan using relation_20_pkey on relation_20 source_20  (cost=0.43..8.34 rows=1 width=26) (actual rows=0 loops=253)
               Index Cond: (media_id = source.reviews_product_id)
               Filter: (quantity < 86)
               Rows Removed by Filter: 0
               Buffers: shared hit=772
         ->  Index Scan using relation_21_pkey on relation_21 source_21  (cost=0.29..3.89 rows=1 width=26) (actual rows=0 loops=253)
               Index Cond: (software_id = source.reviews_product_id)
               Filter: (quantity < 86)
               Buffers: shared hit=506
 Planning:
   Buffers: shared hit=13
 Planning Time: 0.411 ms
 Execution Time: 4.747 ms
(110 rows)

-- Q033 [relationship_join] occurrence 1/1
-- Original E/R: SELECT e1.status, e1.placed_at, e2.per_user_limit, e2.max_uses FROM order_coupons r JOIN CustOrder e1 ON ENDPOINT(r, CustOrder) = REF(e1) JOIN Coupon e2 ON ENDPOINT(r, Coupon) = REF(e2) WHERE e2.coupon_code <= 6962508;
EXPLAIN (ANALYZE, BUFFERS, TIMING OFF, SUMMARY ON, FORMAT TEXT)
WITH
"b0" AS (
    SELECT
        "source"."promotion_id" AS "__endpoint_coupon_0",
        "source"."coupon_code" AS "__endpoint_coupon_1",
        "source"."order_coupons_custorder_id" AS "__endpoint_custorder_0"
    FROM "relation_58" AS "source"
),
"b1" AS (
    SELECT
        "source"."placed_at" AS "placed_at",
        "source"."status" AS "status",
        "source"."custorder_id" AS "__reference_0"
    FROM "relation_37" AS "source"
),
"b2" AS (
    SELECT
        "source"."coupon_code" AS "coupon_code",
        "source"."max_uses" AS "max_uses",
        "source"."per_user_limit" AS "per_user_limit",
        "source"."promotion_id" AS "__reference_0",
        "source"."coupon_code" AS "__reference_1"
    FROM "relation_40" AS "source"
)
SELECT 
    "b1"."status" AS "status",
    "b1"."placed_at" AS "placed_at",
    "b2"."per_user_limit" AS "per_user_limit",
    "b2"."max_uses" AS "max_uses"
FROM (("b0" INNER JOIN "b1" ON ("b0"."__endpoint_custorder_0" = "b1"."__reference_0")) INNER JOIN "b2" ON ("b0"."__endpoint_coupon_0" = "b2"."__reference_0" AND "b0"."__endpoint_coupon_1" = "b2"."__reference_1"))
WHERE ("b2"."coupon_code" <= 6962508);
                                                          QUERY PLAN                                                           
-------------------------------------------------------------------------------------------------------------------------------
 Nested Loop  (cost=195.77..1068.61 rows=1 width=28) (actual rows=4448 loops=1)
   Buffers: shared hit=13603
   ->  Hash Join  (cost=195.47..1067.78 rows=1 width=12) (actual rows=4448 loops=1)
         Hash Cond: ((source_2.promotion_id = source.promotion_id) AND (source_2.coupon_code = source.coupon_code))
         Buffers: shared hit=259
         ->  Seq Scan on relation_40 source_2  (cost=0.00..725.50 rows=27963 width=16) (actual rows=27984 loops=1)
               Filter: (coupon_code <= 6962508)
               Rows Removed by Filter: 12136
               Buffers: shared hit=224
         ->  Hash  (cost=99.19..99.19 rows=6419 width=12) (actual rows=6419 loops=1)
               Buckets: 8192  Batches: 1  Memory Usage: 340kB
               Buffers: shared hit=35
               ->  Seq Scan on relation_58 source  (cost=0.00..99.19 rows=6419 width=12) (actual rows=6419 loops=1)
                     Buffers: shared hit=35
   ->  Index Scan using relation_37_pkey on relation_37 source_1  (cost=0.29..0.83 rows=1 width=24) (actual rows=1 loops=4448)
         Index Cond: (custorder_id = source.order_coupons_custorder_id)
         Buffers: shared hit=13344
 Planning:
   Buffers: shared hit=18
 Planning Time: 0.145 ms
 Execution Time: 7.067 ms
(21 rows)

-- Q034 [complex_multi_join] occurrence 1/1
-- Original E/R: SELECT e1.created_at, e2.supplier_id, e3.dimensions FROM supplier_pos r1 JOIN PurchaseOrder e1 ON ENDPOINT(r1, PurchaseOrder) = REF(e1) JOIN Supplier e2 ON ENDPOINT(r1, Supplier) = REF(e2) JOIN supplier_products r2 ON ENDPOINT(r2, Supplier) = REF(e2) JOIN PhysicalProduct e3 ON ENDPOINT(r2, Product) = REF(e3) WHERE e2.supplier_name >= 'Brown-Hernandez';
EXPLAIN (ANALYZE, BUFFERS, TIMING OFF, SUMMARY ON, FORMAT TEXT)
WITH
"b0" AS (
    SELECT
        "source"."purchaseorder_id" AS "__endpoint_purchaseorder_0",
        "source"."supplier_pos_supplier_id" AS "__endpoint_supplier_0"
    FROM "relation_61" AS "source"
),
"b1" AS (
    SELECT
        "source"."created_at" AS "created_at",
        "source"."purchaseorder_id" AS "__reference_0"
    FROM "relation_45" AS "source"
),
"b2" AS (
    SELECT
        "source"."supplier_id" AS "supplier_id",
        "source"."supplier_name" AS "supplier_name",
        "source"."supplier_id" AS "__reference_0"
    FROM "relation_43" AS "source"
),
"b3" AS (
    SELECT
        "source"."product_id" AS "__endpoint_product_0",
        "source"."supplier_id" AS "__endpoint_supplier_0"
    FROM "relation_60" AS "source"
),
"b4" AS (
    SELECT
        "source"."dimensions" AS "dimensions",
        "source"."physicalproduct_id" AS "__reference_0"
    FROM "relation_2" AS "source"
    UNION ALL
    SELECT
        "source"."dimensions" AS "dimensions",
        "source"."electronics_id" AS "__reference_0"
    FROM "relation_4" AS "source"
    UNION ALL
    SELECT
        "source"."dimensions" AS "dimensions",
        "source"."computer_id" AS "__reference_0"
    FROM "relation_5" AS "source"
    UNION ALL
    SELECT
        "source"."dimensions" AS "dimensions",
        "source"."desktop_id" AS "__reference_0"
    FROM "relation_6" AS "source"
    UNION ALL
    SELECT
        "source"."dimensions" AS "dimensions",
        "source"."laptop_id" AS "__reference_0"
    FROM "relation_7" AS "source"
    UNION ALL
    SELECT
        "source"."dimensions" AS "dimensions",
        "source"."tablet_id" AS "__reference_0"
    FROM "relation_8" AS "source"
    UNION ALL
    SELECT
        "source"."dimensions" AS "dimensions",
        "source"."smartwatch_id" AS "__reference_0"
    FROM "relation_9" AS "source"
    UNION ALL
    SELECT
        "source"."dimensions" AS "dimensions",
        "source"."camera_id" AS "__reference_0"
    FROM "relation_10" AS "source"
    UNION ALL
    SELECT
        "source"."dimensions" AS "dimensions",
        "source"."phone_id" AS "__reference_0"
    FROM "relation_11" AS "source"
    UNION ALL
    SELECT
        "source"."dimensions" AS "dimensions",
        "source"."accessory_id" AS "__reference_0"
    FROM "relation_12" AS "source"
    UNION ALL
    SELECT
        "source"."dimensions" AS "dimensions",
        "source"."appliance_id" AS "__reference_0"
    FROM "relation_13" AS "source"
    UNION ALL
    SELECT
        "source"."dimensions" AS "dimensions",
        "source"."kitchenappliance_id" AS "__reference_0"
    FROM "relation_14" AS "source"
    UNION ALL
    SELECT
        "source"."dimensions" AS "dimensions",
        "source"."apparel_id" AS "__reference_0"
    FROM "relation_15" AS "source"
    UNION ALL
    SELECT
        "source"."dimensions" AS "dimensions",
        "source"."clothing_id" AS "__reference_0"
    FROM "relation_16" AS "source"
    UNION ALL
    SELECT
        "source"."dimensions" AS "dimensions",
        "source"."menclothing_id" AS "__reference_0"
    FROM "relation_17" AS "source"
    UNION ALL
    SELECT
        "source"."dimensions" AS "dimensions",
        "source"."womenclothing_id" AS "__reference_0"
    FROM "relation_18" AS "source"
    UNION ALL
    SELECT
        "source"."dimensions" AS "dimensions",
        "source"."footwear_id" AS "__reference_0"
    FROM "relation_19" AS "source"
)
SELECT 
    "b1"."created_at" AS "created_at",
    "b2"."supplier_id" AS "supplier_id",
    "b4"."dimensions" AS "dimensions"
FROM (((("b0" INNER JOIN "b1" ON ("b0"."__endpoint_purchaseorder_0" = "b1"."__reference_0")) INNER JOIN "b2" ON ("b0"."__endpoint_supplier_0" = "b2"."__reference_0")) INNER JOIN "b3" ON ("b3"."__endpoint_supplier_0" = "b2"."__reference_0")) INNER JOIN "b4" ON ("b3"."__endpoint_product_0" = "b4"."__reference_0"))
WHERE ("b2"."supplier_name" >= 'Brown-Hernandez');
                                                                QUERY PLAN                                                                
------------------------------------------------------------------------------------------------------------------------------------------
 Hash Join  (cost=12101.84..962402.10 rows=30010410 width=21) (actual rows=40251 loops=1)
   Hash Cond: (source_4.physicalproduct_id = source_3.product_id)
   Buffers: shared hit=2354 read=338233
   ->  Append  (cost=0.00..572209.87 rows=15597258 width=10) (actual rows=15596824 loops=1)
         Buffers: shared hit=190 read=338061
         ->  Seq Scan on relation_2 source_4  (cost=0.00..2634.65 rows=85865 width=10) (actual rows=85865 loops=1)
               Buffers: shared read=1776
         ->  Seq Scan on relation_4 source_5  (cost=0.00..278760.45 rows=9004045 width=10) (actual rows=9004045 loops=1)
               Buffers: shared hit=136 read=188584
         ->  Seq Scan on relation_5 source_6  (cost=0.00..3543.90 rows=107190 width=10) (actual rows=107190 loops=1)
               Buffers: shared hit=4 read=2468
         ->  Seq Scan on relation_6 source_7  (cost=0.00..63301.07 rows=1878107 width=10) (actual rows=1877778 loops=1)
               Buffers: shared hit=24 read=44496
         ->  Seq Scan on relation_7 source_8  (cost=0.00..4636.70 rows=139670 width=10) (actual rows=139670 loops=1)
               Buffers: shared hit=4 read=3236
         ->  Seq Scan on relation_8 source_9  (cost=0.00..3152.00 rows=100000 width=10) (actual rows=100000 loops=1)
               Buffers: shared hit=3 read=2149
         ->  Seq Scan on relation_9 source_10  (cost=0.00..14782.45 rows=469445 width=10) (actual rows=469445 loops=1)
               Buffers: shared hit=9 read=10079
         ->  Seq Scan on relation_10 source_11  (cost=0.00..5378.01 rows=169001 width=10) (actual rows=169001 loops=1)
               Buffers: shared hit=2 read=3686
         ->  Seq Scan on relation_11 source_12  (cost=0.00..21840.01 rows=676001 width=10) (actual rows=676001 loops=1)
               Buffers: shared hit=7 read=15073
         ->  Seq Scan on relation_12 source_13  (cost=0.00..4688.98 rows=144898 width=10) (actual rows=144898 loops=1)
               Buffers: shared hit=1 read=3239
         ->  Seq Scan on relation_13 source_14  (cost=0.00..1921.20 rows=60120 width=10) (actual rows=60120 loops=1)
               Buffers: shared read=1320
         ->  Seq Scan on relation_14 source_15  (cost=0.00..8320.63 rows=264063 width=10) (actual rows=264063 loops=1)
               Buffers: shared read=5680
         ->  Seq Scan on relation_15 source_16  (cost=0.00..11367.62 rows=364762 width=10) (actual rows=364762 loops=1)
               Buffers: shared read=7720
         ->  Seq Scan on relation_16 source_17  (cost=0.00..9547.82 rows=297982 width=10) (actual rows=297982 loops=1)
               Buffers: shared read=6568
         ->  Seq Scan on relation_17 source_18  (cost=0.00..55533.05 rows=1690105 width=10) (actual rows=1690000 loops=1)
               Buffers: shared read=38632
         ->  Seq Scan on relation_18 source_19  (cost=0.00..3901.62 rows=117362 width=10) (actual rows=117362 loops=1)
               Buffers: shared read=2728
         ->  Seq Scan on relation_19 source_20  (cost=0.00..913.42 rows=28642 width=10) (actual rows=28642 loops=1)
               Buffers: shared read=627
   ->  Hash  (cost=11172.66..11172.66 rows=74335 width=19) (actual rows=43211 loops=1)
         Buckets: 131072  Batches: 1  Memory Usage: 3219kB
         Buffers: shared hit=2164 read=172
         ->  Hash Join  (cost=7677.40..11172.66 rows=74335 width=19) (actual rows=43211 loops=1)
               Hash Cond: (source.supplier_pos_supplier_id = source_2.supplier_id)
               Buffers: shared hit=2164 read=172
               ->  Hash Join  (cost=3490.43..6068.54 rows=128819 width=15) (actual rows=128819 loops=1)
                     Hash Cond: (source_1.purchaseorder_id = source.purchaseorder_id)
                     Buffers: shared hit=1476
                     ->  Seq Scan on relation_45 source_1  (cost=0.00..2225.86 rows=134186 width=15) (actual rows=134186 loops=1)
                           Buffers: shared hit=884
                     ->  Hash  (cost=1880.19..1880.19 rows=128819 width=8) (actual rows=128819 loops=1)
                           Buckets: 131072  Batches: 1  Memory Usage: 6056kB
                           Buffers: shared hit=592
                           ->  Seq Scan on relation_61 source  (cost=0.00..1880.19 rows=128819 width=8) (actual rows=128819 loops=1)
                                 Buffers: shared hit=592
               ->  Hash  (cost=3746.59..3746.59 rows=35230 width=12) (actual rows=35173 loops=1)
                     Buckets: 65536  Batches: 1  Memory Usage: 2024kB
                     Buffers: shared hit=688 read=172
                     ->  Hash Join  (cost=1042.37..3746.59 rows=35230 width=12) (actual rows=35173 loops=1)
                           Hash Cond: (source_2.supplier_id = source_3.supplier_id)
                           Buffers: shared hit=688 read=172
                           ->  Seq Scan on relation_43 source_2  (cost=0.00..1994.86 rows=95217 width=4) (actual rows=94881 loops=1)
                                 Filter: ((supplier_name)::text >= 'Brown-Hernandez'::text)
                                 Rows Removed by Filter: 9668
                                 Buffers: shared hit=688
                           ->  Hash  (cost=558.83..558.83 rows=38683 width=8) (actual rows=38683 loops=1)
                                 Buckets: 65536  Batches: 1  Memory Usage: 2024kB
                                 Buffers: shared read=172
                                 ->  Seq Scan on relation_60 source_3  (cost=0.00..558.83 rows=38683 width=8) (actual rows=38683 loops=1)
                                       Buffers: shared read=172
 Planning:
   Buffers: shared hit=71 read=9
 Planning Time: 0.526 ms
 JIT:
   Functions: 68
   Options: Inlining true, Optimization true, Expressions true, Deforming true
 Execution Time: 1853.117 ms
(77 rows)

-- Q035 [selection_projection] occurrence 1/1
-- Original E/R: SELECT e.employee_no, e.user_id, e.password_hash, e.email FROM Employee e WHERE e.email <= 'scontreras@example.net';
EXPLAIN (ANALYZE, BUFFERS, TIMING OFF, SUMMARY ON, FORMAT TEXT)
WITH
"b0" AS (
    SELECT
        "source"."employee_no" AS "employee_no",
        "source"."email" AS "email",
        "source"."password_hash" AS "password_hash",
        "source"."employee_id" AS "user_id"
    FROM "relation_26" AS "source"
)
SELECT 
    "b0"."employee_no" AS "employee_no",
    "b0"."user_id" AS "user_id",
    "b0"."password_hash" AS "password_hash",
    "b0"."email" AS "email"
FROM "b0"
WHERE ("b0"."email" <= 'scontreras@example.net');
                                               QUERY PLAN                                                
---------------------------------------------------------------------------------------------------------
 Seq Scan on relation_26 source  (cost=0.00..8156.50 rows=180159 width=104) (actual rows=180520 loops=1)
   Filter: ((email)::text <= 'scontreras@example.net'::text)
   Rows Removed by Filter: 44480
   Buffers: shared read=5344
 Planning:
   Buffers: shared hit=2 read=1
 Planning Time: 0.074 ms
 Execution Time: 23.227 ms
(8 rows)

-- Q036 [relationship_join] occurrence 1/1
-- Original E/R: SELECT e1.supplier_id, e1.supplier_name, e2.is_active FROM supplier_products r JOIN Supplier e1 ON ENDPOINT(r, Supplier) = REF(e1) JOIN Smartwatch e2 ON ENDPOINT(r, Product) = REF(e2) WHERE e1.supplier_name <= 'Levy, Burns and Davis';
EXPLAIN (ANALYZE, BUFFERS, TIMING OFF, SUMMARY ON, FORMAT TEXT)
WITH
"b0" AS (
    SELECT
        "source"."product_id" AS "__endpoint_product_0",
        "source"."supplier_id" AS "__endpoint_supplier_0"
    FROM "relation_60" AS "source"
),
"b1" AS (
    SELECT
        "source"."supplier_id" AS "supplier_id",
        "source"."supplier_name" AS "supplier_name",
        "source"."supplier_id" AS "__reference_0"
    FROM "relation_43" AS "source"
),
"b2" AS (
    SELECT
        "source"."is_active" AS "is_active",
        "source"."smartwatch_id" AS "__reference_0"
    FROM "relation_9" AS "source"
)
SELECT 
    "b1"."supplier_id" AS "supplier_id",
    "b1"."supplier_name" AS "supplier_name",
    "b2"."is_active" AS "is_active"
FROM (("b0" INNER JOIN "b1" ON ("b0"."__endpoint_supplier_0" = "b1"."__reference_0")) INNER JOIN "b2" ON ("b0"."__endpoint_product_0" = "b2"."__reference_0"))
WHERE ("b1"."supplier_name" <= 'Levy, Burns and Davis');
                                                              QUERY PLAN                                                              
--------------------------------------------------------------------------------------------------------------------------------------
 Gather  (cost=4548.89..19337.66 rows=19308 width=25) (actual rows=488 loops=1)
   Workers Planned: 2
   Workers Launched: 0
   Buffers: shared hit=33 read=10915
   ->  Hash Join  (cost=3548.89..16406.86 rows=8045 width=25) (actual rows=488 loops=1)
         Hash Cond: (source_2.smartwatch_id = source.product_id)
         Buffers: shared hit=33 read=10915
         ->  Parallel Seq Scan on relation_9 source_2  (cost=0.00..12044.02 rows=195602 width=8) (actual rows=469445 loops=1)
               Buffers: shared hit=32 read=10056
         ->  Hash  (cost=3307.54..3307.54 rows=19308 width=25) (actual rows=19288 loops=1)
               Buckets: 32768  Batches: 1  Memory Usage: 1340kB
               Buffers: shared hit=1 read=859
               ->  Hash Join  (cost=2647.16..3307.54 rows=19308 width=25) (actual rows=19288 loops=1)
                     Hash Cond: (source.supplier_id = source_1.supplier_id)
                     Buffers: shared hit=1 read=859
                     ->  Seq Scan on relation_60 source  (cost=0.00..558.83 rows=38683 width=8) (actual rows=38683 loops=1)
                           Buffers: shared read=172
                     ->  Hash  (cost=1994.86..1994.86 rows=52184 width=21) (actual rows=52421 loops=1)
                           Buckets: 65536  Batches: 1  Memory Usage: 3250kB
                           Buffers: shared hit=1 read=687
                           ->  Seq Scan on relation_43 source_1  (cost=0.00..1994.86 rows=52184 width=21) (actual rows=52421 loops=1)
                                 Filter: ((supplier_name)::text <= 'Levy, Burns and Davis'::text)
                                 Rows Removed by Filter: 52128
                                 Buffers: shared hit=1 read=687
 Planning:
   Buffers: shared hit=17 read=3
 Planning Time: 0.192 ms
 Execution Time: 53.021 ms
(28 rows)

-- Q037 [selection_projection] occurrence 1/1
-- Original E/R: SELECT e.accessory_type, e.product_name, e.warranty_months FROM Accessory e WHERE e.sku <= 'SKU-uhaA-69151410';
EXPLAIN (ANALYZE, BUFFERS, TIMING OFF, SUMMARY ON, FORMAT TEXT)
WITH
"b0" AS (
    SELECT
        "source"."accessory_type" AS "accessory_type",
        "source"."warranty_months" AS "warranty_months",
        "source"."product_name" AS "product_name",
        "source"."sku" AS "sku"
    FROM "relation_12" AS "source"
)
SELECT 
    "b0"."accessory_type" AS "accessory_type",
    "b0"."product_name" AS "product_name",
    "b0"."warranty_months" AS "warranty_months"
FROM "b0"
WHERE ("b0"."sku" <= 'SKU-uhaA-69151410');
                                               QUERY PLAN                                               
--------------------------------------------------------------------------------------------------------
 Seq Scan on relation_12 source  (cost=0.00..5051.23 rows=113089 width=44) (actual rows=112871 loops=1)
   Filter: ((sku)::text <= 'SKU-uhaA-69151410'::text)
   Rows Removed by Filter: 32027
   Buffers: shared hit=3239 read=1
 Planning:
   Buffers: shared hit=2 read=1
 Planning Time: 0.063 ms
 Execution Time: 19.053 ms
(8 rows)

-- Q038 [aggregation] occurrence 1/1
-- Original E/R: SELECT e2.status, COUNT(DISTINCT REF(e1)) AS related_count FROM payment_order r JOIN PaymentMethod e1 ON ENDPOINT(r, PaymentMethod) = REF(e1) JOIN CustOrder e2 ON ENDPOINT(r, CustOrder) = REF(e2) WHERE e1.brand < 'Visa' GROUP BY REF(e2), e2.status HAVING COUNT(DISTINCT REF(e1)) >= 2;
EXPLAIN (ANALYZE, BUFFERS, TIMING OFF, SUMMARY ON, FORMAT TEXT)
WITH
"b0" AS (
    SELECT
        "source"."custorder_id" AS "__endpoint_custorder_0",
        "source"."payment_order_customer_id" AS "__endpoint_paymentmethod_0",
        "source"."payment_order_payment_method_id" AS "__endpoint_paymentmethod_1"
    FROM "relation_56" AS "source"
),
"b1" AS (
    SELECT
        "source"."brand" AS "brand",
        "source"."customer_id" AS "__reference_0",
        "source"."payment_method_id" AS "__reference_1"
    FROM "relation_32" AS "source"
),
"b2" AS (
    SELECT
        "source"."status" AS "status",
        "source"."custorder_id" AS "__reference_0"
    FROM "relation_37" AS "source"
)
SELECT 
    "b2"."status" AS "status",
    COUNT(DISTINCT ROW("b1"."__reference_0", "b1"."__reference_1")) AS "related_count"
FROM (("b0" INNER JOIN "b1" ON ("b0"."__endpoint_paymentmethod_0" = "b1"."__reference_0" AND "b0"."__endpoint_paymentmethod_1" = "b1"."__reference_1")) INNER JOIN "b2" ON ("b0"."__endpoint_custorder_0" = "b2"."__reference_0"))
WHERE ("b1"."brand" < 'Visa')
GROUP BY
    "b2"."__reference_0",
    "b2"."status"
HAVING (COUNT(DISTINCT ROW("b1"."__reference_0", "b1"."__reference_1")) >= 2);
                                                                              QUERY PLAN                                                                              
----------------------------------------------------------------------------------------------------------------------------------------------------------------------
 GroupAggregate  (cost=5542.70..5542.72 rows=1 width=21) (actual rows=0 loops=1)
   Group Key: source_2.custorder_id
   Filter: (count(DISTINCT (ROW(source_1.customer_id, source_1.payment_method_id))) >= 2)
   Rows Removed by Filter: 40181
   Buffers: shared hit=120543 read=1542
   ->  Sort  (cost=5542.70..5542.71 rows=1 width=21) (actual rows=40181 loops=1)
         Sort Key: source_2.custorder_id, (ROW(source_1.customer_id, source_1.payment_method_id))
         Sort Method: quicksort  Memory: 4676kB
         Buffers: shared hit=120543 read=1542
         ->  Nested Loop  (cost=4083.54..5542.69 rows=1 width=21) (actual rows=40181 loops=1)
               Buffers: shared hit=120543 read=1542
               ->  Hash Join  (cost=4083.24..5542.33 rows=1 width=12) (actual rows=40181 loops=1)
                     Hash Cond: ((source.payment_order_customer_id = source_1.customer_id) AND (source.payment_order_payment_method_id = source_1.payment_method_id))
                     Buffers: shared read=1542
                     ->  Seq Scan on relation_56 source  (cost=0.00..1088.29 rows=70629 width=12) (actual rows=70629 loops=1)
                           Buffers: shared read=382
                     ->  Hash  (cost=2893.71..2893.71 rows=79302 width=8) (actual rows=78794 loops=1)
                           Buckets: 131072  Batches: 1  Memory Usage: 4102kB
                           Buffers: shared read=1160
                           ->  Seq Scan on relation_32 source_1  (cost=0.00..2893.71 rows=79302 width=8) (actual rows=78794 loops=1)
                                 Filter: ((brand)::text < 'Visa'::text)
                                 Rows Removed by Filter: 59903
                                 Buffers: shared read=1160
               ->  Index Scan using relation_37_pkey on relation_37 source_2  (cost=0.29..0.36 rows=1 width=13) (actual rows=1 loops=40181)
                     Index Cond: (custorder_id = source.custorder_id)
                     Buffers: shared hit=120543
 Planning:
   Buffers: shared hit=10 read=13
 Planning Time: 0.211 ms
 Execution Time: 71.881 ms
(30 rows)

-- Q039 [weak_owner] occurrence 1/1
-- Original E/R: SELECT w.email, o.supplier_id FROM SupplierContact w JOIN Supplier o ON OWNER(w) = REF(o) WHERE o.supplier_id > 20894;
EXPLAIN (ANALYZE, BUFFERS, TIMING OFF, SUMMARY ON, FORMAT TEXT)
WITH
"b0" AS (
    SELECT
        "source"."email" AS "email",
        "source"."supplier_id" AS "__owner_0"
    FROM "relation_44" AS "source"
),
"b1" AS (
    SELECT
        "source"."supplier_id" AS "supplier_id",
        "source"."supplier_id" AS "__reference_0"
    FROM "relation_43" AS "source"
)
SELECT 
    "b0"."email" AS "email",
    "b1"."supplier_id" AS "supplier_id"
FROM ("b0" INNER JOIN "b1" ON ("b0"."__owner_0" = "b1"."__reference_0"))
WHERE ("b1"."supplier_id" > 20894);
                                                    QUERY PLAN                                                     
-------------------------------------------------------------------------------------------------------------------
 Hash Join  (cost=3042.91..4093.56 rows=37265 width=26) (actual rows=37050 loops=1)
   Hash Cond: (source.supplier_id = source_1.supplier_id)
   Buffers: shared hit=688 read=464
   ->  Seq Scan on relation_44 source  (cost=0.00..928.67 rows=46467 width=26) (actual rows=46467 loops=1)
         Buffers: shared read=464
   ->  Hash  (cost=1994.86..1994.86 rows=83844 width=4) (actual rows=83655 loops=1)
         Buckets: 131072  Batches: 1  Memory Usage: 3965kB
         Buffers: shared hit=688
         ->  Seq Scan on relation_43 source_1  (cost=0.00..1994.86 rows=83844 width=4) (actual rows=83655 loops=1)
               Filter: (supplier_id > 20894)
               Rows Removed by Filter: 20894
               Buffers: shared hit=688
 Planning:
   Buffers: shared hit=10 read=2
 Planning Time: 0.125 ms
 Execution Time: 12.165 ms
(16 rows)

-- Q040 [relationship_join] occurrence 1/1
-- Original E/R: SELECT e1.carrier_code, e1.webhook_url, e2.shipment_id FROM courier_shipments r JOIN CourierPartner e1 ON ENDPOINT(r, CourierPartner) = REF(e1) JOIN Shipment e2 ON ENDPOINT(r, Shipment) = REF(e2) WHERE e2.shipment_id <= 5047940;
EXPLAIN (ANALYZE, BUFFERS, TIMING OFF, SUMMARY ON, FORMAT TEXT)
WITH
"b0" AS (
    SELECT
        "source"."courier_shipments_courierpartner_id" AS "__endpoint_courierpartner_0",
        "source"."custorder_id" AS "__endpoint_shipment_0",
        "source"."shipment_id" AS "__endpoint_shipment_1"
    FROM "relation_63" AS "source"
),
"b1" AS (
    SELECT
        "source"."carrier_code" AS "carrier_code",
        "source"."webhook_url" AS "webhook_url",
        "source"."courierpartner_id" AS "__reference_0"
    FROM "relation_46" AS "source"
),
"b2" AS (
    SELECT
        "source"."shipment_id" AS "shipment_id",
        "source"."custorder_id" AS "__reference_0",
        "source"."shipment_id" AS "__reference_1"
    FROM "relation_38" AS "source"
)
SELECT 
    "b1"."carrier_code" AS "carrier_code",
    "b1"."webhook_url" AS "webhook_url",
    "b2"."shipment_id" AS "shipment_id"
FROM (("b0" INNER JOIN "b1" ON ("b0"."__endpoint_courierpartner_0" = "b1"."__reference_0")) INNER JOIN "b2" ON ("b0"."__endpoint_shipment_0" = "b2"."__reference_0" AND "b0"."__endpoint_shipment_1" = "b2"."__reference_1"))
WHERE ("b2"."shipment_id" <= 5047940);
                                                          QUERY PLAN                                                           
-------------------------------------------------------------------------------------------------------------------------------
 Nested Loop  (cost=318.92..912.84 rows=1 width=37) (actual rows=5313 loops=1)
   Buffers: shared hit=15146 read=1075
   ->  Hash Join  (cost=318.62..912.23 rows=1 width=8) (actual rows=5313 loops=1)
         Hash Cond: ((source_2.custorder_id = source.custorder_id) AND (source_2.shipment_id = source.shipment_id))
         Buffers: shared read=282
         ->  Seq Scan on relation_38 source_2  (cost=0.00..529.23 rows=12262 width=8) (actual rows=12266 loops=1)
               Filter: (shipment_id <= 5047940)
               Rows Removed by Filter: 12072
               Buffers: shared read=225
         ->  Hash  (cost=161.65..161.65 rows=10465 width=12) (actual rows=10465 loops=1)
               Buckets: 16384  Batches: 1  Memory Usage: 578kB
               Buffers: shared read=57
               ->  Seq Scan on relation_63 source  (cost=0.00..161.65 rows=10465 width=12) (actual rows=10465 loops=1)
                     Buffers: shared read=57
   ->  Index Scan using relation_46_pkey on relation_46 source_1  (cost=0.29..0.61 rows=1 width=37) (actual rows=1 loops=5313)
         Index Cond: (courierpartner_id = source.courier_shipments_courierpartner_id)
         Buffers: shared hit=15146 read=793
 Planning:
   Buffers: shared hit=85 read=20
 Planning Time: 0.332 ms
 Execution Time: 58.109 ms
(21 rows)

-- Q041 [aggregation] occurrence 1/1
-- Original E/R: SELECT e2.product_id, COUNT(DISTINCT REF(e1)) AS related_count FROM wishlist_contains r JOIN Wishlist e1 ON ENDPOINT(r, Wishlist) = REF(e1) JOIN Desktop e2 ON ENDPOINT(r, Product) = REF(e2) WHERE e2.base_price > 119 GROUP BY REF(e2), e2.product_id HAVING COUNT(DISTINCT REF(e1)) >= 1;
EXPLAIN (ANALYZE, BUFFERS, TIMING OFF, SUMMARY ON, FORMAT TEXT)
WITH
"b0" AS (
    SELECT
        "source"."product_id" AS "__endpoint_product_0",
        "source"."customer_id" AS "__endpoint_wishlist_0",
        "source"."wishlist_id" AS "__endpoint_wishlist_1"
    FROM "relation_52" AS "source"
),
"b1" AS (
    SELECT
        "source"."customer_id" AS "__reference_0",
        "source"."wishlist_id" AS "__reference_1"
    FROM "relation_34" AS "source"
),
"b2" AS (
    SELECT
        "source"."base_price" AS "base_price",
        "source"."desktop_id" AS "product_id",
        "source"."desktop_id" AS "__reference_0"
    FROM "relation_6" AS "source"
)
SELECT 
    "b2"."product_id" AS "product_id",
    COUNT(DISTINCT ROW("b1"."__reference_0", "b1"."__reference_1")) AS "related_count"
FROM (("b0" INNER JOIN "b1" ON ("b0"."__endpoint_wishlist_0" = "b1"."__reference_0" AND "b0"."__endpoint_wishlist_1" = "b1"."__reference_1")) INNER JOIN "b2" ON ("b0"."__endpoint_product_0" = "b2"."__reference_0"))
WHERE ("b2"."base_price" > 119)
GROUP BY
    "b2"."__reference_0",
    "b2"."product_id"
HAVING (COUNT(DISTINCT ROW("b1"."__reference_0", "b1"."__reference_1")) >= 1);
                                                               QUERY PLAN                                                                
-----------------------------------------------------------------------------------------------------------------------------------------
 GroupAggregate  (cost=2661.02..2661.04 rows=1 width=16) (actual rows=3327 loops=1)
   Group Key: source_2.desktop_id
   Filter: (count(DISTINCT (ROW(source_1.customer_id, source_1.wishlist_id))) >= 1)
   Buffers: shared hit=176155 read=11069
   ->  Sort  (cost=2661.02..2661.03 rows=1 width=12) (actual rows=3338 loops=1)
         Sort Key: source_2.desktop_id, (ROW(source_1.customer_id, source_1.wishlist_id))
         Sort Method: quicksort  Memory: 331kB
         Buffers: shared hit=176155 read=11069
         ->  Nested Loop  (cost=1418.23..2661.01 rows=1 width=12) (actual rows=3338 loops=1)
               Buffers: shared hit=176155 read=11069
               ->  Hash Join  (cost=1417.80..2657.68 rows=1 width=12) (actual rows=59992 loops=1)
                     Hash Cond: ((source.customer_id = source_1.customer_id) AND (source.wishlist_id = source_1.wishlist_id))
                     Buffers: shared read=587
                     ->  Seq Scan on relation_52 source  (cost=0.00..924.92 rows=59992 width=12) (actual rows=59992 loops=1)
                           Buffers: shared read=325
                     ->  Hash  (cost=724.32..724.32 rows=46232 width=8) (actual rows=46232 loops=1)
                           Buckets: 65536  Batches: 1  Memory Usage: 2318kB
                           Buffers: shared read=262
                           ->  Seq Scan on relation_34 source_1  (cost=0.00..724.32 rows=46232 width=8) (actual rows=46232 loops=1)
                                 Buffers: shared read=262
               ->  Index Scan using relation_6_pkey on relation_6 source_2  (cost=0.43..3.33 rows=1 width=4) (actual rows=0 loops=59992)
                     Index Cond: (desktop_id = source.product_id)
                     Filter: (base_price > 119)
                     Rows Removed by Filter: 0
                     Buffers: shared hit=176155 read=10482
 Planning:
   Buffers: shared hit=10 read=10
 Planning Time: 0.198 ms
 Execution Time: 62.951 ms
(29 rows)

-- Q042 [relationship_join] occurrence 1/1
-- Original E/R: SELECT e1.updated_at, e2.dimensions FROM cart_contains r JOIN Cart e1 ON ENDPOINT(r, Cart) = REF(e1) JOIN Footwear e2 ON ENDPOINT(r, Product) = REF(e2) WHERE e2.base_price <= 148;
EXPLAIN (ANALYZE, BUFFERS, TIMING OFF, SUMMARY ON, FORMAT TEXT)
WITH
"b0" AS (
    SELECT
        "source"."customer_id" AS "__endpoint_cart_0",
        "source"."cart_id" AS "__endpoint_cart_1",
        "source"."product_id" AS "__endpoint_product_0"
    FROM "relation_51" AS "source"
),
"b1" AS (
    SELECT
        "source"."updated_at" AS "updated_at",
        "source"."customer_id" AS "__reference_0",
        "source"."cart_id" AS "__reference_1"
    FROM "relation_33" AS "source"
),
"b2" AS (
    SELECT
        "source"."dimensions" AS "dimensions",
        "source"."base_price" AS "base_price",
        "source"."footwear_id" AS "__reference_0"
    FROM "relation_19" AS "source"
)
SELECT 
    "b1"."updated_at" AS "updated_at",
    "b2"."dimensions" AS "dimensions"
FROM (("b0" INNER JOIN "b1" ON ("b0"."__endpoint_cart_0" = "b1"."__reference_0" AND "b0"."__endpoint_cart_1" = "b1"."__reference_1")) INNER JOIN "b2" ON ("b0"."__endpoint_product_0" = "b2"."__reference_0"))
WHERE ("b2"."base_price" <= 148);
                                                           QUERY PLAN                                                           
--------------------------------------------------------------------------------------------------------------------------------
 Nested Loop  (cost=1333.61..2173.31 rows=1 width=17) (actual rows=37 loops=1)
   Buffers: shared hit=80692 read=605
   ->  Hash Join  (cost=1333.33..2172.94 rows=1 width=15) (actual rows=40368 loops=1)
         Hash Cond: ((source.customer_id = source_1.customer_id) AND (source.cart_id = source_1.cart_id))
         Buffers: shared read=495
         ->  Seq Scan on relation_51 source  (cost=0.00..627.68 rows=40368 width=12) (actual rows=40368 loops=1)
               Buffers: shared read=224
         ->  Hash  (cost=695.93..695.93 rows=42493 width=19) (actual rows=42493 loops=1)
               Buckets: 65536  Batches: 1  Memory Usage: 2670kB
               Buffers: shared read=271
               ->  Seq Scan on relation_33 source_1  (cost=0.00..695.93 rows=42493 width=19) (actual rows=42493 loops=1)
                     Buffers: shared read=271
   ->  Index Scan using relation_19_pkey on relation_19 source_2  (cost=0.29..0.38 rows=1 width=10) (actual rows=0 loops=40368)
         Index Cond: (footwear_id = source.product_id)
         Filter: (base_price <= 148)
         Rows Removed by Filter: 0
         Buffers: shared hit=80692 read=110
 Planning:
   Buffers: shared hit=8 read=13
 Planning Time: 0.211 ms
 Execution Time: 26.489 ms
(21 rows)

-- Q043 [relationship_join] occurrence 1/1
-- Original E/R: SELECT e1.product_name, e2.tag_name FROM product_tags r JOIN Product e1 ON ENDPOINT(r, Product) = REF(e1) JOIN Tag e2 ON ENDPOINT(r, Tag) = REF(e2) WHERE e2.tag_name >= 'popular';
EXPLAIN (ANALYZE, BUFFERS, TIMING OFF, SUMMARY ON, FORMAT TEXT)
WITH
"b0" AS (
    SELECT
        "source"."product_id" AS "__endpoint_product_0",
        "source"."tag_id" AS "__endpoint_tag_0"
    FROM "relation_48" AS "source"
),
"b1" AS (
    SELECT
        "source"."product_name" AS "product_name",
        "source"."product_id" AS "__reference_0"
    FROM "relation_1" AS "source"
    UNION ALL
    SELECT
        "source"."product_name" AS "product_name",
        "source"."physicalproduct_id" AS "__reference_0"
    FROM "relation_2" AS "source"
    UNION ALL
    SELECT
        "source"."product_name" AS "product_name",
        "source"."electronics_id" AS "__reference_0"
    FROM "relation_4" AS "source"
    UNION ALL
    SELECT
        "source"."product_name" AS "product_name",
        "source"."computer_id" AS "__reference_0"
    FROM "relation_5" AS "source"
    UNION ALL
    SELECT
        "source"."product_name" AS "product_name",
        "source"."desktop_id" AS "__reference_0"
    FROM "relation_6" AS "source"
    UNION ALL
    SELECT
        "source"."product_name" AS "product_name",
        "source"."laptop_id" AS "__reference_0"
    FROM "relation_7" AS "source"
    UNION ALL
    SELECT
        "source"."product_name" AS "product_name",
        "source"."tablet_id" AS "__reference_0"
    FROM "relation_8" AS "source"
    UNION ALL
    SELECT
        "source"."product_name" AS "product_name",
        "source"."smartwatch_id" AS "__reference_0"
    FROM "relation_9" AS "source"
    UNION ALL
    SELECT
        "source"."product_name" AS "product_name",
        "source"."camera_id" AS "__reference_0"
    FROM "relation_10" AS "source"
    UNION ALL
    SELECT
        "source"."product_name" AS "product_name",
        "source"."phone_id" AS "__reference_0"
    FROM "relation_11" AS "source"
    UNION ALL
    SELECT
        "source"."product_name" AS "product_name",
        "source"."accessory_id" AS "__reference_0"
    FROM "relation_12" AS "source"
    UNION ALL
    SELECT
        "source"."product_name" AS "product_name",
        "source"."appliance_id" AS "__reference_0"
    FROM "relation_13" AS "source"
    UNION ALL
    SELECT
        "source"."product_name" AS "product_name",
        "source"."kitchenappliance_id" AS "__reference_0"
    FROM "relation_14" AS "source"
    UNION ALL
    SELECT
        "source"."product_name" AS "product_name",
        "source"."apparel_id" AS "__reference_0"
    FROM "relation_15" AS "source"
    UNION ALL
    SELECT
        "source"."product_name" AS "product_name",
        "source"."clothing_id" AS "__reference_0"
    FROM "relation_16" AS "source"
    UNION ALL
    SELECT
        "source"."product_name" AS "product_name",
        "source"."menclothing_id" AS "__reference_0"
    FROM "relation_17" AS "source"
    UNION ALL
    SELECT
        "source"."product_name" AS "product_name",
        "source"."womenclothing_id" AS "__reference_0"
    FROM "relation_18" AS "source"
    UNION ALL
    SELECT
        "source"."product_name" AS "product_name",
        "source"."footwear_id" AS "__reference_0"
    FROM "relation_19" AS "source"
    UNION ALL
    SELECT
        "source"."product_name" AS "product_name",
        "source"."digitalproduct_id" AS "__reference_0"
    FROM "relation_3" AS "source"
    UNION ALL
    SELECT
        "source"."product_name" AS "product_name",
        "source"."media_id" AS "__reference_0"
    FROM "relation_20" AS "source"
    UNION ALL
    SELECT
        "source"."product_name" AS "product_name",
        "source"."software_id" AS "__reference_0"
    FROM "relation_21" AS "source"
),
"b2" AS (
    SELECT
        "source"."tag_name" AS "tag_name",
        "source"."tag_id" AS "__reference_0"
    FROM "relation_30" AS "source"
)
SELECT 
    "b1"."product_name" AS "product_name",
    "b2"."tag_name" AS "tag_name"
FROM (("b0" INNER JOIN "b1" ON ("b0"."__endpoint_product_0" = "b1"."__reference_0")) INNER JOIN "b2" ON ("b0"."__endpoint_tag_0" = "b2"."__reference_0"))
WHERE ("b2"."tag_name" >= 'popular');
                                                           QUERY PLAN                                                            
---------------------------------------------------------------------------------------------------------------------------------
 Hash Join  (cost=856011.27..2991706.91 rows=74707199 width=40) (actual rows=18467319 loops=1)
   Hash Cond: (source_1.product_id = source.product_id)
   Buffers: shared hit=4258 read=499009, temp read=181102 written=181102
   ->  Append  (cost=0.00..616290.24 rows=16797216 width=38) (actual rows=16796782 loops=1)
         Buffers: shared hit=4258 read=360074
         ->  Seq Scan on relation_1 source_1  (cost=0.00..1891.99 rows=61999 width=38) (actual rows=61999 loops=1)
               Buffers: shared read=1272
         ->  Seq Scan on relation_2 source_2  (cost=0.00..2634.65 rows=85865 width=38) (actual rows=85865 loops=1)
               Buffers: shared read=1776
         ->  Seq Scan on relation_4 source_3  (cost=0.00..278760.45 rows=9004045 width=38) (actual rows=9004045 loops=1)
               Buffers: shared read=188720
         ->  Seq Scan on relation_5 source_4  (cost=0.00..3543.90 rows=107190 width=38) (actual rows=107190 loops=1)
               Buffers: shared read=2472
         ->  Seq Scan on relation_6 source_5  (cost=0.00..63301.07 rows=1878107 width=38) (actual rows=1877778 loops=1)
               Buffers: shared hit=4258 read=40262
         ->  Seq Scan on relation_7 source_6  (cost=0.00..4636.70 rows=139670 width=38) (actual rows=139670 loops=1)
               Buffers: shared read=3240
         ->  Seq Scan on relation_8 source_7  (cost=0.00..3152.00 rows=100000 width=38) (actual rows=100000 loops=1)
               Buffers: shared read=2152
         ->  Seq Scan on relation_9 source_8  (cost=0.00..14782.45 rows=469445 width=38) (actual rows=469445 loops=1)
               Buffers: shared read=10088
         ->  Seq Scan on relation_10 source_9  (cost=0.00..5378.01 rows=169001 width=38) (actual rows=169001 loops=1)
               Buffers: shared read=3688
         ->  Seq Scan on relation_11 source_10  (cost=0.00..21840.01 rows=676001 width=38) (actual rows=676001 loops=1)
               Buffers: shared read=15080
         ->  Seq Scan on relation_12 source_11  (cost=0.00..4688.98 rows=144898 width=38) (actual rows=144898 loops=1)
               Buffers: shared read=3240
         ->  Seq Scan on relation_13 source_12  (cost=0.00..1921.20 rows=60120 width=38) (actual rows=60120 loops=1)
               Buffers: shared read=1320
         ->  Seq Scan on relation_14 source_13  (cost=0.00..8320.63 rows=264063 width=38) (actual rows=264063 loops=1)
               Buffers: shared read=5680
         ->  Seq Scan on relation_15 source_14  (cost=0.00..11367.62 rows=364762 width=38) (actual rows=364762 loops=1)
               Buffers: shared read=7720
         ->  Seq Scan on relation_16 source_15  (cost=0.00..9547.82 rows=297982 width=38) (actual rows=297982 loops=1)
               Buffers: shared read=6568
         ->  Seq Scan on relation_17 source_16  (cost=0.00..55533.05 rows=1690105 width=38) (actual rows=1690000 loops=1)
               Buffers: shared read=38632
         ->  Seq Scan on relation_18 source_17  (cost=0.00..3901.62 rows=117362 width=38) (actual rows=117362 loops=1)
               Buffers: shared read=2728
         ->  Seq Scan on relation_19 source_18  (cost=0.00..913.42 rows=28642 width=38) (actual rows=28642 loops=1)
               Buffers: shared read=627
         ->  Seq Scan on relation_3 source_19  (cost=0.00..2123.09 rows=66709 width=38) (actual rows=66709 loops=1)
               Buffers: shared read=1456
         ->  Seq Scan on relation_20 source_20  (cost=0.00..33578.50 rows=1056250 width=38) (actual rows=1056250 loops=1)
               Buffers: shared read=23016
         ->  Seq Scan on relation_21 source_21  (cost=0.00..487.00 rows=15000 width=38) (actual rows=15000 loops=1)
               Buffers: shared read=337
   ->  Hash  (cost=535809.09..535809.09 rows=18420574 width=10) (actual rows=18467319 loops=1)
         Buckets: 4194304  Batches: 16  Memory Usage: 81533kB
         Buffers: shared read=138935, temp written=65805
         ->  Hash Join  (cost=2982.50..535809.09 rows=18420574 width=10) (actual rows=18467319 loops=1)
               Hash Cond: (source.tag_id = source_22.tag_id)
               Buffers: shared read=138935
               ->  Seq Scan on relation_48 source  (cost=0.00..450798.16 rows=31247816 width=8) (actual rows=31247588 loops=1)
                     Buffers: shared read=138320
               ->  Hash  (cost=2104.46..2104.46 rows=70243 width=10) (actual rows=70403 loops=1)
                     Buckets: 131072  Batches: 1  Memory Usage: 4092kB
                     Buffers: shared read=615
                     ->  Seq Scan on relation_30 source_22  (cost=0.00..2104.46 rows=70243 width=10) (actual rows=70403 loops=1)
                           Filter: ((tag_name)::text >= 'popular'::text)
                           Rows Removed by Filter: 48754
                           Buffers: shared read=615
 Planning:
   Buffers: shared hit=48 read=11
 Planning Time: 0.432 ms
 JIT:
   Functions: 61
   Options: Inlining true, Optimization true, Expressions true, Deforming true
 Execution Time: 12792.991 ms
(69 rows)

-- Q044 [weak_owner] occurrence 1/1
-- Original E/R: SELECT w.session_id, w.started_at FROM BrowsingSession w WHERE w.session_id > 937408;
EXPLAIN (ANALYZE, BUFFERS, TIMING OFF, SUMMARY ON, FORMAT TEXT)
WITH
"b0" AS (
    SELECT
        "source"."session_id" AS "session_id",
        "source"."started_at" AS "started_at"
    FROM "relation_36" AS "source"
)
SELECT 
    "b0"."session_id" AS "session_id",
    "b0"."started_at" AS "started_at"
FROM "b0"
WHERE ("b0"."session_id" > 937408);
                                             QUERY PLAN                                              
-----------------------------------------------------------------------------------------------------
 Seq Scan on relation_36 source  (cost=0.00..664.19 rows=29631 width=15) (actual rows=29604 loops=1)
   Filter: (session_id > 937408)
   Rows Removed by Filter: 3051
   Buffers: shared read=256
 Planning:
   Buffers: shared hit=28 read=2
 Planning Time: 0.092 ms
 Execution Time: 14.158 ms
(8 rows)

-- Q045 [complex_multi_join] occurrence 1/1
-- Original E/R: SELECT e2.placed_at, COUNT(DISTINCT REF(e3)) AS related_count FROM order_returns r1 JOIN Product e1 ON ENDPOINT(r1, Product) = REF(e1) JOIN CustOrder e2 ON ENDPOINT(r1, CustOrder) = REF(e2) JOIN order_coupons r2 ON ENDPOINT(r2, CustOrder) = REF(e2) JOIN Coupon e3 ON ENDPOINT(r2, Coupon) = REF(e3) WHERE e2.status < 'shipped' GROUP BY REF(e2), e2.placed_at HAVING COUNT(DISTINCT REF(e3)) >= 5;
EXPLAIN (ANALYZE, BUFFERS, TIMING OFF, SUMMARY ON, FORMAT TEXT)
WITH
"b0" AS (
    SELECT
        "source"."custorder_id" AS "__endpoint_custorder_0",
        "source"."product_id" AS "__endpoint_product_0"
    FROM "relation_57" AS "source"
),
"b1" AS (
    SELECT
        "source"."product_id" AS "__reference_0"
    FROM "relation_1" AS "source"
    UNION ALL
    SELECT
        "source"."physicalproduct_id" AS "__reference_0"
    FROM "relation_2" AS "source"
    UNION ALL
    SELECT
        "source"."electronics_id" AS "__reference_0"
    FROM "relation_4" AS "source"
    UNION ALL
    SELECT
        "source"."computer_id" AS "__reference_0"
    FROM "relation_5" AS "source"
    UNION ALL
    SELECT
        "source"."desktop_id" AS "__reference_0"
    FROM "relation_6" AS "source"
    UNION ALL
    SELECT
        "source"."laptop_id" AS "__reference_0"
    FROM "relation_7" AS "source"
    UNION ALL
    SELECT
        "source"."tablet_id" AS "__reference_0"
    FROM "relation_8" AS "source"
    UNION ALL
    SELECT
        "source"."smartwatch_id" AS "__reference_0"
    FROM "relation_9" AS "source"
    UNION ALL
    SELECT
        "source"."camera_id" AS "__reference_0"
    FROM "relation_10" AS "source"
    UNION ALL
    SELECT
        "source"."phone_id" AS "__reference_0"
    FROM "relation_11" AS "source"
    UNION ALL
    SELECT
        "source"."accessory_id" AS "__reference_0"
    FROM "relation_12" AS "source"
    UNION ALL
    SELECT
        "source"."appliance_id" AS "__reference_0"
    FROM "relation_13" AS "source"
    UNION ALL
    SELECT
        "source"."kitchenappliance_id" AS "__reference_0"
    FROM "relation_14" AS "source"
    UNION ALL
    SELECT
        "source"."apparel_id" AS "__reference_0"
    FROM "relation_15" AS "source"
    UNION ALL
    SELECT
        "source"."clothing_id" AS "__reference_0"
    FROM "relation_16" AS "source"
    UNION ALL
    SELECT
        "source"."menclothing_id" AS "__reference_0"
    FROM "relation_17" AS "source"
    UNION ALL
    SELECT
        "source"."womenclothing_id" AS "__reference_0"
    FROM "relation_18" AS "source"
    UNION ALL
    SELECT
        "source"."footwear_id" AS "__reference_0"
    FROM "relation_19" AS "source"
    UNION ALL
    SELECT
        "source"."digitalproduct_id" AS "__reference_0"
    FROM "relation_3" AS "source"
    UNION ALL
    SELECT
        "source"."media_id" AS "__reference_0"
    FROM "relation_20" AS "source"
    UNION ALL
    SELECT
        "source"."software_id" AS "__reference_0"
    FROM "relation_21" AS "source"
),
"b2" AS (
    SELECT
        "source"."placed_at" AS "placed_at",
        "source"."status" AS "status",
        "source"."custorder_id" AS "__reference_0"
    FROM "relation_37" AS "source"
),
"b3" AS (
    SELECT
        "source"."promotion_id" AS "__endpoint_coupon_0",
        "source"."coupon_code" AS "__endpoint_coupon_1",
        "source"."order_coupons_custorder_id" AS "__endpoint_custorder_0"
    FROM "relation_58" AS "source"
),
"b4" AS (
    SELECT
        "source"."promotion_id" AS "__reference_0",
        "source"."coupon_code" AS "__reference_1"
    FROM "relation_40" AS "source"
)
SELECT 
    "b2"."placed_at" AS "placed_at",
    COUNT(DISTINCT ROW("b4"."__reference_0", "b4"."__reference_1")) AS "related_count"
FROM (((("b0" INNER JOIN "b1" ON ("b0"."__endpoint_product_0" = "b1"."__reference_0")) INNER JOIN "b2" ON ("b0"."__endpoint_custorder_0" = "b2"."__reference_0")) INNER JOIN "b3" ON ("b3"."__endpoint_custorder_0" = "b2"."__reference_0")) INNER JOIN "b4" ON ("b3"."__endpoint_coupon_0" = "b4"."__reference_0" AND "b3"."__endpoint_coupon_1" = "b4"."__reference_1"))
WHERE ("b2"."status" < 'shipped')
GROUP BY
    "b2"."__reference_0",
    "b2"."placed_at"
HAVING (COUNT(DISTINCT ROW("b4"."__reference_0", "b4"."__reference_1")) >= 5);
                                                                       QUERY PLAN                                                                        
---------------------------------------------------------------------------------------------------------------------------------------------------------
 GroupAggregate  (cost=1059.73..1064.23 rows=75 width=23) (actual rows=0 loops=1)
   Group Key: source_22.custorder_id
   Filter: (count(DISTINCT (ROW(source_24.promotion_id, source_24.coupon_code))) >= 5)
   Rows Removed by Filter: 783
   Buffers: shared hit=82434 read=2558
   ->  Sort  (cost=1059.73..1060.29 rows=225 width=23) (actual rows=1239 loops=1)
         Sort Key: source_22.custorder_id, (ROW(source_24.promotion_id, source_24.coupon_code))
         Sort Method: quicksort  Memory: 145kB
         Buffers: shared hit=82434 read=2558
         ->  Nested Loop  (cost=196.34..1050.94 rows=225 width=23) (actual rows=1239 loops=1)
               Buffers: shared hit=82434 read=2558
               ->  Nested Loop  (cost=196.05..1032.19 rows=1 width=27) (actual rows=1239 loops=1)
                     Buffers: shared hit=16424 read=1024
                     ->  Nested Loop  (cost=195.76..1031.69 rows=1 width=20) (actual rows=1450 loops=1)
                           Buffers: shared hit=12776 read=322
                           ->  Hash Join  (cost=195.47..1031.31 rows=1 width=12) (actual rows=6419 loops=1)
                                 Hash Cond: ((source_24.promotion_id = source_23.promotion_id) AND (source_24.coupon_code = source_23.coupon_code))
                                 Buffers: shared read=259
                                 ->  Seq Scan on relation_40 source_24  (cost=0.00..625.20 rows=40120 width=8) (actual rows=40120 loops=1)
                                       Buffers: shared read=224
                                 ->  Hash  (cost=99.19..99.19 rows=6419 width=12) (actual rows=6419 loops=1)
                                       Buckets: 8192  Batches: 1  Memory Usage: 340kB
                                       Buffers: shared read=35
                                       ->  Seq Scan on relation_58 source_23  (cost=0.00..99.19 rows=6419 width=12) (actual rows=6419 loops=1)
                                             Buffers: shared read=35
                           ->  Index Only Scan using relation_57_pkey on relation_57 source  (cost=0.29..0.36 rows=2 width=8) (actual rows=0 loops=6419)
                                 Index Cond: (custorder_id = source_23.order_coupons_custorder_id)
                                 Heap Fetches: 0
                                 Buffers: shared hit=12776 read=63
                     ->  Index Scan using relation_37_pkey on relation_37 source_22  (cost=0.29..0.50 rows=1 width=15) (actual rows=1 loops=1450)
                           Index Cond: (custorder_id = source.custorder_id)
                           Filter: ((status)::text < 'shipped'::text)
                           Rows Removed by Filter: 0
                           Buffers: shared hit=3648 read=702
               ->  Append  (cost=0.29..18.54 rows=21 width=4) (actual rows=1 loops=1239)
                     Buffers: shared hit=66010 read=1534
                     ->  Index Only Scan using relation_1_pkey on relation_1 source_1  (cost=0.29..0.35 rows=1 width=4) (actual rows=0 loops=1239)
                           Index Cond: (product_id = source.product_id)
                           Heap Fetches: 0
                           Buffers: shared hit=2472 read=7
                     ->  Index Only Scan using relation_2_pkey on relation_2 source_2  (cost=0.29..0.37 rows=1 width=4) (actual rows=0 loops=1239)
                           Index Cond: (physicalproduct_id = source.product_id)
                           Heap Fetches: 0
                           Buffers: shared hit=2468 read=11
                     ->  Index Only Scan using relation_4_pkey on relation_4 source_3  (cost=0.43..3.74 rows=1 width=4) (actual rows=1 loops=1239)
                           Index Cond: (electronics_id = source.product_id)
                           Heap Fetches: 0
                           Buffers: shared hit=3444 read=798
                     ->  Index Only Scan using relation_5_pkey on relation_5 source_4  (cost=0.29..0.41 rows=1 width=4) (actual rows=0 loops=1239)
                           Index Cond: (computer_id = source.product_id)
                           Heap Fetches: 0
                           Buffers: shared hit=2471 read=8
                     ->  Index Only Scan using relation_6_pkey on relation_6 source_5  (cost=0.43..2.09 rows=1 width=4) (actual rows=0 loops=1239)
                           Index Cond: (desktop_id = source.product_id)
                           Heap Fetches: 0
                           Buffers: shared hit=3634 read=148
                     ->  Index Only Scan using relation_7_pkey on relation_7 source_6  (cost=0.42..0.56 rows=1 width=4) (actual rows=0 loops=1239)
                           Index Cond: (laptop_id = source.product_id)
                           Heap Fetches: 0
                           Buffers: shared hit=3705 read=13
                     ->  Index Only Scan using relation_8_pkey on relation_8 source_7  (cost=0.29..0.37 rows=1 width=4) (actual rows=0 loops=1239)
                           Index Cond: (tablet_id = source.product_id)
                           Heap Fetches: 0
                           Buffers: shared hit=2472 read=7
                     ->  Index Only Scan using relation_9_pkey on relation_9 source_8  (cost=0.42..0.93 rows=1 width=4) (actual rows=0 loops=1239)
                           Index Cond: (smartwatch_id = source.product_id)
                           Heap Fetches: 0
                           Buffers: shared hit=3664 read=54
                     ->  Index Only Scan using relation_10_pkey on relation_10 source_9  (cost=0.42..0.55 rows=1 width=4) (actual rows=0 loops=1239)
                           Index Cond: (camera_id = source.product_id)
                           Heap Fetches: 0
                           Buffers: shared hit=3698 read=20
                     ->  Index Only Scan using relation_11_pkey on relation_11 source_10  (cost=0.42..1.08 rows=1 width=4) (actual rows=0 loops=1239)
                           Index Cond: (phone_id = source.product_id)
                           Heap Fetches: 0
                           Buffers: shared hit=3655 read=63
                     ->  Index Only Scan using relation_12_pkey on relation_12 source_11  (cost=0.42..0.59 rows=1 width=4) (actual rows=0 loops=1239)
                           Index Cond: (accessory_id = source.product_id)
                           Heap Fetches: 0
                           Buffers: shared hit=3703 read=15
                     ->  Index Only Scan using relation_13_pkey on relation_13 source_12  (cost=0.29..0.36 rows=1 width=4) (actual rows=0 loops=1239)
                           Index Cond: (appliance_id = source.product_id)
                           Heap Fetches: 0
                           Buffers: shared hit=2471 read=8
                     ->  Index Only Scan using relation_14_pkey on relation_14 source_13  (cost=0.42..0.65 rows=1 width=4) (actual rows=0 loops=1239)
                           Index Cond: (kitchenappliance_id = source.product_id)
                           Heap Fetches: 0
                           Buffers: shared hit=3695 read=23
                     ->  Index Only Scan using relation_15_pkey on relation_15 source_14  (cost=0.42..0.73 rows=1 width=4) (actual rows=0 loops=1239)
                           Index Cond: (apparel_id = source.product_id)
                           Heap Fetches: 0
                           Buffers: shared hit=3675 read=43
                     ->  Index Only Scan using relation_16_pkey on relation_16 source_15  (cost=0.42..0.76 rows=1 width=4) (actual rows=0 loops=1239)
                           Index Cond: (clothing_id = source.product_id)
                           Heap Fetches: 0
                           Buffers: shared hit=3697 read=21
                     ->  Index Only Scan using relation_17_pkey on relation_17 source_16  (cost=0.43..2.05 rows=1 width=4) (actual rows=0 loops=1239)
                           Index Cond: (menclothing_id = source.product_id)
                           Heap Fetches: 0
                           Buffers: shared hit=3592 read=156
                     ->  Index Only Scan using relation_18_pkey on relation_18 source_17  (cost=0.29..0.39 rows=1 width=4) (actual rows=0 loops=1239)
                           Index Cond: (womenclothing_id = source.product_id)
                           Heap Fetches: 0
                           Buffers: shared hit=2463 read=16
                     ->  Index Only Scan using relation_19_pkey on relation_19 source_18  (cost=0.29..0.32 rows=1 width=4) (actual rows=0 loops=1239)
                           Index Cond: (footwear_id = source.product_id)
                           Heap Fetches: 0
                           Buffers: shared hit=2478
                     ->  Index Only Scan using relation_3_pkey on relation_3 source_19  (cost=0.29..0.36 rows=1 width=4) (actual rows=0 loops=1239)
                           Index Cond: (digitalproduct_id = source.product_id)
                           Heap Fetches: 0
                           Buffers: shared hit=2465 read=14
                     ->  Index Only Scan using relation_20_pkey on relation_20 source_20  (cost=0.43..1.45 rows=1 width=4) (actual rows=0 loops=1239)
                           Index Cond: (media_id = source.product_id)
                           Heap Fetches: 0
                           Buffers: shared hit=3613 read=105
                     ->  Index Only Scan using relation_21_pkey on relation_21 source_21  (cost=0.29..0.31 rows=1 width=4) (actual rows=0 loops=1239)
                           Index Cond: (software_id = source.product_id)
                           Heap Fetches: 0
                           Buffers: shared hit=2475 read=4
 Planning:
   Buffers: shared hit=20 read=19
 Planning Time: 0.659 ms
 Execution Time: 32.096 ms
(124 rows)

-- Q046 [aggregation] occurrence 1/1
-- Original E/R: SELECT e2.sku, COUNT(DISTINCT REF(e1)) AS related_count FROM cart_contains r JOIN Cart e1 ON ENDPOINT(r, Cart) = REF(e1) JOIN Camera e2 ON ENDPOINT(r, Product) = REF(e2) WHERE e2.base_price <= 249 GROUP BY REF(e2), e2.sku HAVING COUNT(DISTINCT REF(e1)) >= 5;
EXPLAIN (ANALYZE, BUFFERS, TIMING OFF, SUMMARY ON, FORMAT TEXT)
WITH
"b0" AS (
    SELECT
        "source"."customer_id" AS "__endpoint_cart_0",
        "source"."cart_id" AS "__endpoint_cart_1",
        "source"."product_id" AS "__endpoint_product_0"
    FROM "relation_51" AS "source"
),
"b1" AS (
    SELECT
        "source"."customer_id" AS "__reference_0",
        "source"."cart_id" AS "__reference_1"
    FROM "relation_33" AS "source"
),
"b2" AS (
    SELECT
        "source"."base_price" AS "base_price",
        "source"."sku" AS "sku",
        "source"."camera_id" AS "__reference_0"
    FROM "relation_10" AS "source"
)
SELECT 
    "b2"."sku" AS "sku",
    COUNT(DISTINCT ROW("b1"."__reference_0", "b1"."__reference_1")) AS "related_count"
FROM (("b0" INNER JOIN "b1" ON ("b0"."__endpoint_cart_0" = "b1"."__reference_0" AND "b0"."__endpoint_cart_1" = "b1"."__reference_1")) INNER JOIN "b2" ON ("b0"."__endpoint_product_0" = "b2"."__reference_0"))
WHERE ("b2"."base_price" <= 249)
GROUP BY
    "b2"."__reference_0",
    "b2"."sku"
HAVING (COUNT(DISTINCT ROW("b1"."__reference_0", "b1"."__reference_1")) >= 5);
                                                                 QUERY PLAN                                                                 
--------------------------------------------------------------------------------------------------------------------------------------------
 GroupAggregate  (cost=2173.80..2173.82 rows=1 width=30) (actual rows=0 loops=1)
   Group Key: source_2.camera_id
   Filter: (count(DISTINCT (ROW(source_1.customer_id, source_1.cart_id))) >= 5)
   Rows Removed by Filter: 348
   Buffers: shared hit=121188 read=840
   ->  Sort  (cost=2173.80..2173.80 rows=1 width=30) (actual rows=348 loops=1)
         Sort Key: source_2.camera_id, (ROW(source_1.customer_id, source_1.cart_id))
         Sort Method: quicksort  Memory: 54kB
         Buffers: shared hit=121188 read=840
         ->  Nested Loop  (cost=1333.75..2173.79 rows=1 width=30) (actual rows=348 loops=1)
               Buffers: shared hit=121188 read=840
               ->  Hash Join  (cost=1333.33..2172.94 rows=1 width=12) (actual rows=40368 loops=1)
                     Hash Cond: ((source.customer_id = source_1.customer_id) AND (source.cart_id = source_1.cart_id))
                     Buffers: shared read=495
                     ->  Seq Scan on relation_51 source  (cost=0.00..627.68 rows=40368 width=12) (actual rows=40368 loops=1)
                           Buffers: shared read=224
                     ->  Hash  (cost=695.93..695.93 rows=42493 width=8) (actual rows=42493 loops=1)
                           Buckets: 65536  Batches: 1  Memory Usage: 2172kB
                           Buffers: shared read=271
                           ->  Seq Scan on relation_33 source_1  (cost=0.00..695.93 rows=42493 width=8) (actual rows=42493 loops=1)
                                 Buffers: shared read=271
               ->  Index Scan using relation_10_pkey on relation_10 source_2  (cost=0.42..0.85 rows=1 width=22) (actual rows=0 loops=40368)
                     Index Cond: (camera_id = source.product_id)
                     Filter: (base_price <= 249)
                     Rows Removed by Filter: 0
                     Buffers: shared hit=121188 read=345
 Planning:
   Buffers: shared hit=14 read=9
 Planning Time: 0.229 ms
 Execution Time: 32.724 ms
(30 rows)

-- Q047 [complex_multi_join] occurrence 1/1
-- Original E/R: SELECT e1.is_active, e2.supplier_name, e3.status FROM supplier_products r1 JOIN PhysicalProduct e1 ON ENDPOINT(r1, Product) = REF(e1) JOIN Supplier e2 ON ENDPOINT(r1, Supplier) = REF(e2) JOIN supplier_pos r2 ON ENDPOINT(r2, Supplier) = REF(e2) JOIN PurchaseOrder e3 ON ENDPOINT(r2, PurchaseOrder) = REF(e3) WHERE e1.base_price > 96;
EXPLAIN (ANALYZE, BUFFERS, TIMING OFF, SUMMARY ON, FORMAT TEXT)
WITH
"b0" AS (
    SELECT
        "source"."product_id" AS "__endpoint_product_0",
        "source"."supplier_id" AS "__endpoint_supplier_0"
    FROM "relation_60" AS "source"
),
"b1" AS (
    SELECT
        "source"."base_price" AS "base_price",
        "source"."is_active" AS "is_active",
        "source"."physicalproduct_id" AS "__reference_0"
    FROM "relation_2" AS "source"
    UNION ALL
    SELECT
        "source"."base_price" AS "base_price",
        "source"."is_active" AS "is_active",
        "source"."electronics_id" AS "__reference_0"
    FROM "relation_4" AS "source"
    UNION ALL
    SELECT
        "source"."base_price" AS "base_price",
        "source"."is_active" AS "is_active",
        "source"."computer_id" AS "__reference_0"
    FROM "relation_5" AS "source"
    UNION ALL
    SELECT
        "source"."base_price" AS "base_price",
        "source"."is_active" AS "is_active",
        "source"."desktop_id" AS "__reference_0"
    FROM "relation_6" AS "source"
    UNION ALL
    SELECT
        "source"."base_price" AS "base_price",
        "source"."is_active" AS "is_active",
        "source"."laptop_id" AS "__reference_0"
    FROM "relation_7" AS "source"
    UNION ALL
    SELECT
        "source"."base_price" AS "base_price",
        "source"."is_active" AS "is_active",
        "source"."tablet_id" AS "__reference_0"
    FROM "relation_8" AS "source"
    UNION ALL
    SELECT
        "source"."base_price" AS "base_price",
        "source"."is_active" AS "is_active",
        "source"."smartwatch_id" AS "__reference_0"
    FROM "relation_9" AS "source"
    UNION ALL
    SELECT
        "source"."base_price" AS "base_price",
        "source"."is_active" AS "is_active",
        "source"."camera_id" AS "__reference_0"
    FROM "relation_10" AS "source"
    UNION ALL
    SELECT
        "source"."base_price" AS "base_price",
        "source"."is_active" AS "is_active",
        "source"."phone_id" AS "__reference_0"
    FROM "relation_11" AS "source"
    UNION ALL
    SELECT
        "source"."base_price" AS "base_price",
        "source"."is_active" AS "is_active",
        "source"."accessory_id" AS "__reference_0"
    FROM "relation_12" AS "source"
    UNION ALL
    SELECT
        "source"."base_price" AS "base_price",
        "source"."is_active" AS "is_active",
        "source"."appliance_id" AS "__reference_0"
    FROM "relation_13" AS "source"
    UNION ALL
    SELECT
        "source"."base_price" AS "base_price",
        "source"."is_active" AS "is_active",
        "source"."kitchenappliance_id" AS "__reference_0"
    FROM "relation_14" AS "source"
    UNION ALL
    SELECT
        "source"."base_price" AS "base_price",
        "source"."is_active" AS "is_active",
        "source"."apparel_id" AS "__reference_0"
    FROM "relation_15" AS "source"
    UNION ALL
    SELECT
        "source"."base_price" AS "base_price",
        "source"."is_active" AS "is_active",
        "source"."clothing_id" AS "__reference_0"
    FROM "relation_16" AS "source"
    UNION ALL
    SELECT
        "source"."base_price" AS "base_price",
        "source"."is_active" AS "is_active",
        "source"."menclothing_id" AS "__reference_0"
    FROM "relation_17" AS "source"
    UNION ALL
    SELECT
        "source"."base_price" AS "base_price",
        "source"."is_active" AS "is_active",
        "source"."womenclothing_id" AS "__reference_0"
    FROM "relation_18" AS "source"
    UNION ALL
    SELECT
        "source"."base_price" AS "base_price",
        "source"."is_active" AS "is_active",
        "source"."footwear_id" AS "__reference_0"
    FROM "relation_19" AS "source"
),
"b2" AS (
    SELECT
        "source"."supplier_name" AS "supplier_name",
        "source"."supplier_id" AS "__reference_0"
    FROM "relation_43" AS "source"
),
"b3" AS (
    SELECT
        "source"."purchaseorder_id" AS "__endpoint_purchaseorder_0",
        "source"."supplier_pos_supplier_id" AS "__endpoint_supplier_0"
    FROM "relation_61" AS "source"
),
"b4" AS (
    SELECT
        "source"."status" AS "status",
        "source"."purchaseorder_id" AS "__reference_0"
    FROM "relation_45" AS "source"
)
SELECT 
    "b1"."is_active" AS "is_active",
    "b2"."supplier_name" AS "supplier_name",
    "b4"."status" AS "status"
FROM (((("b0" INNER JOIN "b1" ON ("b0"."__endpoint_product_0" = "b1"."__reference_0")) INNER JOIN "b2" ON ("b0"."__endpoint_supplier_0" = "b2"."__reference_0")) INNER JOIN "b3" ON ("b3"."__endpoint_supplier_0" = "b2"."__reference_0")) INNER JOIN "b4" ON ("b3"."__endpoint_purchaseorder_0" = "b4"."__reference_0"))
WHERE ("b1"."base_price" > 96);
                                                               QUERY PLAN                                                                
-----------------------------------------------------------------------------------------------------------------------------------------
 Hash Join  (cost=12426.36..837392.73 rows=19801923 width=29) (actual rows=26949 loops=1)
   Hash Cond: (source_1.physicalproduct_id = source.product_id)
   Buffers: shared hit=97 read=340490
   ->  Append  (cost=0.00..580081.54 rows=9372962 width=8) (actual rows=9379573 loops=1)
         Buffers: shared hit=97 read=338154
         ->  Seq Scan on relation_2 source_1  (cost=0.00..2849.31 rows=51570 width=8) (actual rows=51724 loops=1)
               Filter: (base_price > 96)
               Rows Removed by Filter: 34141
               Buffers: shared read=1776
         ->  Seq Scan on relation_4 source_2  (cost=0.00..301270.56 rows=5408382 width=8) (actual rows=5415126 loops=1)
               Filter: (base_price > 96)
               Rows Removed by Filter: 3588919
               Buffers: shared read=188720
         ->  Seq Scan on relation_5 source_3  (cost=0.00..3811.88 rows=63908 width=8) (actual rows=64286 loops=1)
               Filter: (base_price > 96)
               Rows Removed by Filter: 42904
               Buffers: shared read=2472
         ->  Seq Scan on relation_6 source_4  (cost=0.00..67996.34 rows=1127713 width=8) (actual rows=1129255 loops=1)
               Filter: (base_price > 96)
               Rows Removed by Filter: 748523
               Buffers: shared read=44520
         ->  Seq Scan on relation_7 source_5  (cost=0.00..4985.88 rows=82966 width=8) (actual rows=83841 loops=1)
               Filter: (base_price > 96)
               Rows Removed by Filter: 55829
               Buffers: shared read=3240
         ->  Seq Scan on relation_8 source_6  (cost=0.00..3402.00 rows=60451 width=8) (actual rows=60095 loops=1)
               Filter: (base_price > 96)
               Rows Removed by Filter: 39905
               Buffers: shared read=2152
         ->  Seq Scan on relation_9 source_7  (cost=0.00..15956.06 rows=280738 width=8) (actual rows=281809 loops=1)
               Filter: (base_price > 96)
               Rows Removed by Filter: 187636
               Buffers: shared read=10088
         ->  Seq Scan on relation_10 source_8  (cost=0.00..5800.51 rows=101178 width=8) (actual rows=101554 loops=1)
               Filter: (base_price > 96)
               Rows Removed by Filter: 67447
               Buffers: shared hit=97 read=3591
         ->  Seq Scan on relation_11 source_9  (cost=0.00..23530.01 rows=407554 width=8) (actual rows=406193 loops=1)
               Filter: (base_price > 96)
               Rows Removed by Filter: 269808
               Buffers: shared read=15080
         ->  Seq Scan on relation_12 source_10  (cost=0.00..5051.23 rows=86998 width=8) (actual rows=87252 loops=1)
               Filter: (base_price > 96)
               Rows Removed by Filter: 57646
               Buffers: shared read=3240
         ->  Seq Scan on relation_13 source_11  (cost=0.00..2071.50 rows=35981 width=8) (actual rows=36186 loops=1)
               Filter: (base_price > 96)
               Rows Removed by Filter: 23934
               Buffers: shared read=1320
         ->  Seq Scan on relation_14 source_12  (cost=0.00..8980.79 rows=158697 width=8) (actual rows=158824 loops=1)
               Filter: (base_price > 96)
               Rows Removed by Filter: 105239
               Buffers: shared read=5680
         ->  Seq Scan on relation_15 source_13  (cost=0.00..12279.53 rows=219503 width=8) (actual rows=219231 loops=1)
               Filter: (base_price > 96)
               Rows Removed by Filter: 145531
               Buffers: shared read=7720
         ->  Seq Scan on relation_16 source_14  (cost=0.00..10292.77 rows=179028 width=8) (actual rows=179832 loops=1)
               Filter: (base_price > 96)
               Rows Removed by Filter: 118150
               Buffers: shared read=6568
         ->  Seq Scan on relation_17 source_15  (cost=0.00..59758.31 rows=1020582 width=8) (actual rows=1016358 loops=1)
               Filter: (base_price > 96)
               Rows Removed by Filter: 673642
               Buffers: shared read=38632
         ->  Seq Scan on relation_18 source_16  (cost=0.00..4195.02 rows=70371 width=8) (actual rows=70635 loops=1)
               Filter: (base_price > 96)
               Rows Removed by Filter: 46727
               Buffers: shared read=2728
         ->  Seq Scan on relation_19 source_17  (cost=0.00..985.03 rows=17342 width=8) (actual rows=17372 loops=1)
               Filter: (base_price > 96)
               Rows Removed by Filter: 11270
               Buffers: shared read=627
   ->  Hash  (cost=11406.10..11406.10 rows=81621 width=29) (actual rows=47536 loops=1)
         Buckets: 131072  Batches: 1  Memory Usage: 3928kB
         Buffers: shared read=2336
         ->  Hash Join  (cost=7528.71..11406.10 rows=81621 width=29) (actual rows=47536 loops=1)
               Hash Cond: (source_19.supplier_pos_supplier_id = source.supplier_id)
               Buffers: shared read=2336
               ->  Hash Join  (cost=3490.43..6068.54 rows=128819 width=12) (actual rows=128819 loops=1)
                     Hash Cond: (source_20.purchaseorder_id = source_19.purchaseorder_id)
                     Buffers: shared read=1476
                     ->  Seq Scan on relation_45 source_20  (cost=0.00..2225.86 rows=134186 width=12) (actual rows=134186 loops=1)
                           Buffers: shared read=884
                     ->  Hash  (cost=1880.19..1880.19 rows=128819 width=8) (actual rows=128819 loops=1)
                           Buckets: 131072  Batches: 1  Memory Usage: 6056kB
                           Buffers: shared read=592
                           ->  Seq Scan on relation_61 source_19  (cost=0.00..1880.19 rows=128819 width=8) (actual rows=128819 loops=1)
                                 Buffers: shared read=592
               ->  Hash  (cost=3554.75..3554.75 rows=38683 width=29) (actual rows=38683 loops=1)
                     Buckets: 65536  Batches: 1  Memory Usage: 2895kB
                     Buffers: shared read=860
                     ->  Hash Join  (cost=1042.37..3554.75 rows=38683 width=29) (actual rows=38683 loops=1)
                           Hash Cond: (source_18.supplier_id = source.supplier_id)
                           Buffers: shared read=860
                           ->  Seq Scan on relation_43 source_18  (cost=0.00..1733.49 rows=104549 width=21) (actual rows=104549 loops=1)
                                 Buffers: shared read=688
                           ->  Hash  (cost=558.83..558.83 rows=38683 width=8) (actual rows=38683 loops=1)
                                 Buckets: 65536  Batches: 1  Memory Usage: 2024kB
                                 Buffers: shared read=172
                                 ->  Seq Scan on relation_60 source  (cost=0.00..558.83 rows=38683 width=8) (actual rows=38683 loops=1)
                                       Buffers: shared read=172
 Planning:
   Buffers: shared hit=20 read=18
 Planning Time: 0.615 ms
 JIT:
   Functions: 102
   Options: Inlining true, Optimization true, Expressions true, Deforming true
 Execution Time: 1879.866 ms
(109 rows)

-- Q048 [weak_owner] occurrence 1/1
-- Original E/R: SELECT w.coupon_code, w.per_user_limit, w.max_uses, o.starts_at, o.discount_type FROM Coupon w JOIN Promotion o ON OWNER(w) = REF(o) WHERE o.discount_value > '10';
EXPLAIN (ANALYZE, BUFFERS, TIMING OFF, SUMMARY ON, FORMAT TEXT)
WITH
"b0" AS (
    SELECT
        "source"."coupon_code" AS "coupon_code",
        "source"."max_uses" AS "max_uses",
        "source"."per_user_limit" AS "per_user_limit",
        "source"."promotion_id" AS "__owner_0"
    FROM "relation_40" AS "source"
),
"b1" AS (
    SELECT
        "source"."discount_type" AS "discount_type",
        "source"."discount_value" AS "discount_value",
        "source"."starts_at" AS "starts_at",
        "source"."promotion_id" AS "__reference_0"
    FROM "relation_39" AS "source"
)
SELECT 
    "b0"."coupon_code" AS "coupon_code",
    "b0"."per_user_limit" AS "per_user_limit",
    "b0"."max_uses" AS "max_uses",
    "b1"."starts_at" AS "starts_at",
    "b1"."discount_type" AS "discount_type"
FROM ("b0" INNER JOIN "b1" ON ("b0"."__owner_0" = "b1"."__reference_0"))
WHERE ("b1"."discount_value" > '10');
                                                      QUERY PLAN                                                      
----------------------------------------------------------------------------------------------------------------------
 Hash Join  (cost=5203.06..5933.58 rows=29566 width=31) (actual rows=29673 loops=1)
   Hash Cond: (source.promotion_id = source_1.promotion_id)
   Buffers: shared read=2176
   ->  Seq Scan on relation_40 source  (cost=0.00..625.20 rows=40120 width=16) (actual rows=40120 loops=1)
         Buffers: shared read=224
   ->  Hash  (cost=3823.73..3823.73 rows=110347 width=23) (actual rows=110697 loops=1)
         Buckets: 131072  Batches: 1  Memory Usage: 7191kB
         Buffers: shared read=1952
         ->  Seq Scan on relation_39 source_1  (cost=0.00..3823.73 rows=110347 width=23) (actual rows=110697 loops=1)
               Filter: ((discount_value)::text > '10'::text)
               Rows Removed by Filter: 39041
               Buffers: shared read=1952
 Planning:
   Buffers: shared hit=25 read=19
 Planning Time: 0.206 ms
 Execution Time: 49.186 ms
(16 rows)

-- Q049 [weak_owner] occurrence 1/1
-- Original E/R: SELECT w.coupon_code FROM Coupon w WHERE w.per_user_limit > 1;
EXPLAIN (ANALYZE, BUFFERS, TIMING OFF, SUMMARY ON, FORMAT TEXT)
WITH
"b0" AS (
    SELECT
        "source"."coupon_code" AS "coupon_code",
        "source"."per_user_limit" AS "per_user_limit"
    FROM "relation_40" AS "source"
)
SELECT 
    "b0"."coupon_code" AS "coupon_code"
FROM "b0"
WHERE ("b0"."per_user_limit" > 1);
                                             QUERY PLAN                                             
----------------------------------------------------------------------------------------------------
 Seq Scan on relation_40 source  (cost=0.00..725.50 rows=18113 width=4) (actual rows=18100 loops=1)
   Filter: (per_user_limit > 1)
   Rows Removed by Filter: 22020
   Buffers: shared hit=224
 Planning Time: 0.038 ms
 Execution Time: 1.812 ms
(6 rows)

-- Q050 [relationship_join] occurrence 1/1
-- Original E/R: SELECT e1.updated_at, e2.quantity, e2.product_name FROM cart_contains r JOIN Cart e1 ON ENDPOINT(r, Cart) = REF(e1) JOIN Product e2 ON ENDPOINT(r, Product) = REF(e2) WHERE e2.sku >= 'SKU-KWpp-43251915';
EXPLAIN (ANALYZE, BUFFERS, TIMING OFF, SUMMARY ON, FORMAT TEXT)
WITH
"b0" AS (
    SELECT
        "source"."customer_id" AS "__endpoint_cart_0",
        "source"."cart_id" AS "__endpoint_cart_1",
        "source"."product_id" AS "__endpoint_product_0"
    FROM "relation_51" AS "source"
),
"b1" AS (
    SELECT
        "source"."updated_at" AS "updated_at",
        "source"."customer_id" AS "__reference_0",
        "source"."cart_id" AS "__reference_1"
    FROM "relation_33" AS "source"
),
"b2" AS (
    SELECT
        "source"."product_name" AS "product_name",
        "source"."quantity" AS "quantity",
        "source"."sku" AS "sku",
        "source"."product_id" AS "__reference_0"
    FROM "relation_1" AS "source"
    UNION ALL
    SELECT
        "source"."product_name" AS "product_name",
        "source"."quantity" AS "quantity",
        "source"."sku" AS "sku",
        "source"."physicalproduct_id" AS "__reference_0"
    FROM "relation_2" AS "source"
    UNION ALL
    SELECT
        "source"."product_name" AS "product_name",
        "source"."quantity" AS "quantity",
        "source"."sku" AS "sku",
        "source"."electronics_id" AS "__reference_0"
    FROM "relation_4" AS "source"
    UNION ALL
    SELECT
        "source"."product_name" AS "product_name",
        "source"."quantity" AS "quantity",
        "source"."sku" AS "sku",
        "source"."computer_id" AS "__reference_0"
    FROM "relation_5" AS "source"
    UNION ALL
    SELECT
        "source"."product_name" AS "product_name",
        "source"."quantity" AS "quantity",
        "source"."sku" AS "sku",
        "source"."desktop_id" AS "__reference_0"
    FROM "relation_6" AS "source"
    UNION ALL
    SELECT
        "source"."product_name" AS "product_name",
        "source"."quantity" AS "quantity",
        "source"."sku" AS "sku",
        "source"."laptop_id" AS "__reference_0"
    FROM "relation_7" AS "source"
    UNION ALL
    SELECT
        "source"."product_name" AS "product_name",
        "source"."quantity" AS "quantity",
        "source"."sku" AS "sku",
        "source"."tablet_id" AS "__reference_0"
    FROM "relation_8" AS "source"
    UNION ALL
    SELECT
        "source"."product_name" AS "product_name",
        "source"."quantity" AS "quantity",
        "source"."sku" AS "sku",
        "source"."smartwatch_id" AS "__reference_0"
    FROM "relation_9" AS "source"
    UNION ALL
    SELECT
        "source"."product_name" AS "product_name",
        "source"."quantity" AS "quantity",
        "source"."sku" AS "sku",
        "source"."camera_id" AS "__reference_0"
    FROM "relation_10" AS "source"
    UNION ALL
    SELECT
        "source"."product_name" AS "product_name",
        "source"."quantity" AS "quantity",
        "source"."sku" AS "sku",
        "source"."phone_id" AS "__reference_0"
    FROM "relation_11" AS "source"
    UNION ALL
    SELECT
        "source"."product_name" AS "product_name",
        "source"."quantity" AS "quantity",
        "source"."sku" AS "sku",
        "source"."accessory_id" AS "__reference_0"
    FROM "relation_12" AS "source"
    UNION ALL
    SELECT
        "source"."product_name" AS "product_name",
        "source"."quantity" AS "quantity",
        "source"."sku" AS "sku",
        "source"."appliance_id" AS "__reference_0"
    FROM "relation_13" AS "source"
    UNION ALL
    SELECT
        "source"."product_name" AS "product_name",
        "source"."quantity" AS "quantity",
        "source"."sku" AS "sku",
        "source"."kitchenappliance_id" AS "__reference_0"
    FROM "relation_14" AS "source"
    UNION ALL
    SELECT
        "source"."product_name" AS "product_name",
        "source"."quantity" AS "quantity",
        "source"."sku" AS "sku",
        "source"."apparel_id" AS "__reference_0"
    FROM "relation_15" AS "source"
    UNION ALL
    SELECT
        "source"."product_name" AS "product_name",
        "source"."quantity" AS "quantity",
        "source"."sku" AS "sku",
        "source"."clothing_id" AS "__reference_0"
    FROM "relation_16" AS "source"
    UNION ALL
    SELECT
        "source"."product_name" AS "product_name",
        "source"."quantity" AS "quantity",
        "source"."sku" AS "sku",
        "source"."menclothing_id" AS "__reference_0"
    FROM "relation_17" AS "source"
    UNION ALL
    SELECT
        "source"."product_name" AS "product_name",
        "source"."quantity" AS "quantity",
        "source"."sku" AS "sku",
        "source"."womenclothing_id" AS "__reference_0"
    FROM "relation_18" AS "source"
    UNION ALL
    SELECT
        "source"."product_name" AS "product_name",
        "source"."quantity" AS "quantity",
        "source"."sku" AS "sku",
        "source"."footwear_id" AS "__reference_0"
    FROM "relation_19" AS "source"
    UNION ALL
    SELECT
        "source"."product_name" AS "product_name",
        "source"."quantity" AS "quantity",
        "source"."sku" AS "sku",
        "source"."digitalproduct_id" AS "__reference_0"
    FROM "relation_3" AS "source"
    UNION ALL
    SELECT
        "source"."product_name" AS "product_name",
        "source"."quantity" AS "quantity",
        "source"."sku" AS "sku",
        "source"."media_id" AS "__reference_0"
    FROM "relation_20" AS "source"
    UNION ALL
    SELECT
        "source"."product_name" AS "product_name",
        "source"."quantity" AS "quantity",
        "source"."sku" AS "sku",
        "source"."software_id" AS "__reference_0"
    FROM "relation_21" AS "source"
)
SELECT 
    "b1"."updated_at" AS "updated_at",
    "b2"."quantity" AS "quantity",
    "b2"."product_name" AS "product_name"
FROM (("b0" INNER JOIN "b1" ON ("b0"."__endpoint_cart_0" = "b1"."__reference_0" AND "b0"."__endpoint_cart_1" = "b1"."__reference_1")) INNER JOIN "b2" ON ("b0"."__endpoint_product_0" = "b2"."__reference_0"))
WHERE ("b2"."sku" >= 'SKU-KWpp-43251915');
                                                              QUERY PLAN                                                               
---------------------------------------------------------------------------------------------------------------------------------------
 Nested Loop  (cost=1333.62..2205.20 rows=242 width=49) (actual rows=23571 loops=1)
   Buffers: shared hit=2144516 read=76219
   ->  Hash Join  (cost=1333.33..2172.94 rows=1 width=15) (actual rows=40368 loops=1)
         Hash Cond: ((source.customer_id = source_1.customer_id) AND (source.cart_id = source_1.cart_id))
         Buffers: shared read=495
         ->  Seq Scan on relation_51 source  (cost=0.00..627.68 rows=40368 width=12) (actual rows=40368 loops=1)
               Buffers: shared read=224
         ->  Hash  (cost=695.93..695.93 rows=42493 width=19) (actual rows=42493 loops=1)
               Buckets: 65536  Batches: 1  Memory Usage: 2670kB
               Buffers: shared read=271
               ->  Seq Scan on relation_33 source_1  (cost=0.00..695.93 rows=42493 width=19) (actual rows=42493 loops=1)
                     Buffers: shared read=271
   ->  Append  (cost=0.29..32.05 rows=21 width=42) (actual rows=1 loops=40368)
         Buffers: shared hit=2144516 read=75724
         ->  Index Scan using relation_1_pkey on relation_1 source_2  (cost=0.29..0.45 rows=1 width=42) (actual rows=0 loops=40368)
               Index Cond: (product_id = source.product_id)
               Filter: ((sku)::text >= 'SKU-KWpp-43251915'::text)
               Rows Removed by Filter: 0
               Buffers: shared hit=80606 read=279
         ->  Index Scan using relation_2_pkey on relation_2 source_3  (cost=0.29..0.51 rows=1 width=42) (actual rows=0 loops=40368)
               Index Cond: (physicalproduct_id = source.product_id)
               Filter: ((sku)::text >= 'SKU-KWpp-43251915'::text)
               Rows Removed by Filter: 0
               Buffers: shared hit=80570 read=377
         ->  Index Scan using relation_4_pkey on relation_4 source_4  (cost=0.43..6.77 rows=1 width=42) (actual rows=0 loops=40368)
               Index Cond: (electronics_id = source.product_id)
               Filter: ((sku)::text >= 'SKU-KWpp-43251915'::text)
               Rows Removed by Filter: 0
               Buffers: shared hit=101868 read=40832
         ->  Index Scan using relation_5_pkey on relation_5 source_5  (cost=0.29..0.60 rows=1 width=42) (actual rows=0 loops=40368)
               Index Cond: (computer_id = source.product_id)
               Filter: ((sku)::text >= 'SKU-KWpp-43251915'::text)
               Rows Removed by Filter: 0
               Buffers: shared hit=80535 read=441
         ->  Index Scan using relation_6_pkey on relation_6 source_6  (cost=0.43..3.94 rows=1 width=42) (actual rows=0 loops=40368)
               Index Cond: (desktop_id = source.product_id)
               Filter: ((sku)::text >= 'SKU-KWpp-43251915'::text)
               Rows Removed by Filter: 0
               Buffers: shared hit=117115 read=8558
         ->  Index Scan using relation_7_pkey on relation_7 source_7  (cost=0.42..0.81 rows=1 width=42) (actual rows=0 loops=40368)
               Index Cond: (laptop_id = source.product_id)
               Filter: ((sku)::text >= 'SKU-KWpp-43251915'::text)
               Rows Removed by Filter: 0
               Buffers: shared hit=120828 read=607
         ->  Index Scan using relation_8_pkey on relation_8 source_8  (cost=0.29..0.55 rows=1 width=42) (actual rows=0 loops=40368)
               Index Cond: (tablet_id = source.product_id)
               Filter: ((sku)::text >= 'SKU-KWpp-43251915'::text)
               Rows Removed by Filter: 0
               Buffers: shared hit=80542 read=433
         ->  Index Scan using relation_9_pkey on relation_9 source_9  (cost=0.42..1.66 rows=1 width=42) (actual rows=0 loops=40368)
               Index Cond: (smartwatch_id = source.product_id)
               Filter: ((sku)::text >= 'SKU-KWpp-43251915'::text)
               Rows Removed by Filter: 0
               Buffers: shared hit=120121 read=2103
         ->  Index Scan using relation_10_pkey on relation_10 source_10  (cost=0.42..0.85 rows=1 width=42) (actual rows=0 loops=40368)
               Index Cond: (camera_id = source.product_id)
               Filter: ((sku)::text >= 'SKU-KWpp-43251915'::text)
               Rows Removed by Filter: 0
               Buffers: shared hit=120786 read=747
         ->  Index Scan using relation_11_pkey on relation_11 source_11  (cost=0.42..2.23 rows=1 width=42) (actual rows=0 loops=40368)
               Index Cond: (phone_id = source.product_id)
               Filter: ((sku)::text >= 'SKU-KWpp-43251915'::text)
               Rows Removed by Filter: 0
               Buffers: shared hit=119694 read=3022
         ->  Index Scan using relation_12_pkey on relation_12 source_12  (cost=0.42..0.82 rows=1 width=42) (actual rows=0 loops=40368)
               Index Cond: (accessory_id = source.product_id)
               Filter: ((sku)::text >= 'SKU-KWpp-43251915'::text)
               Rows Removed by Filter: 0
               Buffers: shared hit=120842 read=596
         ->  Index Scan using relation_13_pkey on relation_13 source_13  (cost=0.29..0.46 rows=1 width=42) (actual rows=0 loops=40368)
               Index Cond: (appliance_id = source.product_id)
               Filter: ((sku)::text >= 'SKU-KWpp-43251915'::text)
               Rows Removed by Filter: 0
               Buffers: shared hit=80646 read=225
         ->  Index Scan using relation_14_pkey on relation_14 source_14  (cost=0.42..1.10 rows=1 width=42) (actual rows=0 loops=40368)
               Index Cond: (kitchenappliance_id = source.product_id)
               Filter: ((sku)::text >= 'SKU-KWpp-43251915'::text)
               Rows Removed by Filter: 0
               Buffers: shared hit=120573 read=1169
         ->  Index Scan using relation_15_pkey on relation_15 source_15  (cost=0.42..1.34 rows=1 width=42) (actual rows=0 loops=40368)
               Index Cond: (apparel_id = source.product_id)
               Filter: ((sku)::text >= 'SKU-KWpp-43251915'::text)
               Rows Removed by Filter: 0
               Buffers: shared hit=120335 read=1674
         ->  Index Scan using relation_16_pkey on relation_16 source_16  (cost=0.42..1.23 rows=1 width=42) (actual rows=0 loops=40368)
               Index Cond: (clothing_id = source.product_id)
               Filter: ((sku)::text >= 'SKU-KWpp-43251915'::text)
               Rows Removed by Filter: 0
               Buffers: shared hit=120484 read=1318
         ->  Index Scan using relation_17_pkey on relation_17 source_17  (cost=0.43..3.80 rows=1 width=42) (actual rows=0 loops=40368)
               Index Cond: (menclothing_id = source.product_id)
               Filter: ((sku)::text >= 'SKU-KWpp-43251915'::text)
               Rows Removed by Filter: 0
               Buffers: shared hit=117546 read=7618
         ->  Index Scan using relation_18_pkey on relation_18 source_18  (cost=0.29..0.61 rows=1 width=42) (actual rows=0 loops=40368)
               Index Cond: (womenclothing_id = source.product_id)
               Filter: ((sku)::text >= 'SKU-KWpp-43251915'::text)
               Rows Removed by Filter: 0
               Buffers: shared hit=80545 read=490
         ->  Index Scan using relation_19_pkey on relation_19 source_19  (cost=0.29..0.38 rows=1 width=42) (actual rows=0 loops=40368)
               Index Cond: (footwear_id = source.product_id)
               Filter: ((sku)::text >= 'SKU-KWpp-43251915'::text)
               Rows Removed by Filter: 0
               Buffers: shared hit=80692 read=110
         ->  Index Scan using relation_3_pkey on relation_3 source_20  (cost=0.29..0.48 rows=1 width=42) (actual rows=0 loops=40368)
               Index Cond: (digitalproduct_id = source.product_id)
               Filter: ((sku)::text >= 'SKU-KWpp-43251915'::text)
               Rows Removed by Filter: 0
               Buffers: shared hit=80606 read=298
         ->  Index Scan using relation_20_pkey on relation_20 source_21  (cost=0.43..3.03 rows=1 width=42) (actual rows=0 loops=40368)
               Index Cond: (media_id = source.product_id)
               Filter: ((sku)::text >= 'SKU-KWpp-43251915'::text)
               Rows Removed by Filter: 0
               Buffers: shared hit=118870 read=4775
         ->  Index Scan using relation_21_pkey on relation_21 source_22  (cost=0.29..0.34 rows=1 width=42) (actual rows=0 loops=40368)
               Index Cond: (software_id = source.product_id)
               Filter: ((sku)::text >= 'SKU-KWpp-43251915'::text)
               Rows Removed by Filter: 0
               Buffers: shared hit=80712 read=52
 Planning:
   Buffers: shared hit=4 read=8
 Planning Time: 0.568 ms
 Execution Time: 589.776 ms
(123 rows)

-- Q051 [selection_projection] occurrence 1/1
-- Original E/R: SELECT e.quantity FROM MenClothing e WHERE e.quantity >= 9;
EXPLAIN (ANALYZE, BUFFERS, TIMING OFF, SUMMARY ON, FORMAT TEXT)
WITH
"b0" AS (
    SELECT
        "source"."quantity" AS "quantity"
    FROM "relation_17" AS "source"
)
SELECT 
    "b0"."quantity" AS "quantity"
FROM "b0"
WHERE ("b0"."quantity" >= 9);
                                                QUERY PLAN                                                
----------------------------------------------------------------------------------------------------------
 Seq Scan on relation_17 source  (cost=0.00..59758.31 rows=1340240 width=4) (actual rows=1336018 loops=1)
   Filter: (quantity >= 9)
   Rows Removed by Filter: 353982
   Buffers: shared hit=782 read=37850
 Planning Time: 0.040 ms
 Execution Time: 129.121 ms
(6 rows)

-- Q052 [selection_projection] occurrence 1/1
-- Original E/R: SELECT e.sku, e.warranty_months, e.form_factor FROM Desktop e WHERE e.sku > 'SKU-PprG-17406221';
EXPLAIN (ANALYZE, BUFFERS, TIMING OFF, SUMMARY ON, FORMAT TEXT)
WITH
"b0" AS (
    SELECT
        "source"."form_factor" AS "form_factor",
        "source"."warranty_months" AS "warranty_months",
        "source"."sku" AS "sku"
    FROM "relation_6" AS "source"
)
SELECT 
    "b0"."sku" AS "sku",
    "b0"."warranty_months" AS "warranty_months",
    "b0"."form_factor" AS "form_factor"
FROM "b0"
WHERE ("b0"."sku" > 'SKU-PprG-17406221');
                                               QUERY PLAN                                               
--------------------------------------------------------------------------------------------------------
 Seq Scan on relation_6 source  (cost=0.00..67996.34 rows=760064 width=29) (actual rows=750954 loops=1)
   Filter: ((sku)::text > 'SKU-PprG-17406221'::text)
   Rows Removed by Filter: 1126824
   Buffers: shared hit=985 read=43535
 Planning:
   Buffers: shared hit=3 read=3
 Planning Time: 0.078 ms
 Execution Time: 271.031 ms
(8 rows)

-- Q053 [selection_projection] occurrence 1/1
-- Original E/R: SELECT e.quantity, e.carrier_lock FROM Phone e WHERE e.warranty_months > 6;
EXPLAIN (ANALYZE, BUFFERS, TIMING OFF, SUMMARY ON, FORMAT TEXT)
WITH
"b0" AS (
    SELECT
        "source"."warranty_months" AS "warranty_months",
        "source"."carrier_lock" AS "carrier_lock",
        "source"."quantity" AS "quantity"
    FROM "relation_11" AS "source"
)
SELECT 
    "b0"."quantity" AS "quantity",
    "b0"."carrier_lock" AS "carrier_lock"
FROM "b0"
WHERE ("b0"."warranty_months" > 6);
                                               QUERY PLAN                                                
---------------------------------------------------------------------------------------------------------
 Seq Scan on relation_11 source  (cost=0.00..23530.01 rows=575547 width=12) (actual rows=574531 loops=1)
   Filter: (warranty_months > 6)
   Rows Removed by Filter: 101470
   Buffers: shared hit=320 read=14760
 Planning:
   Buffers: shared hit=2 read=1
 Planning Time: 0.065 ms
 Execution Time: 64.161 ms
(8 rows)

-- Q054 [selection_projection] occurrence 1/1
-- Original E/R: SELECT e.material, e.size_system, e.quantity FROM WomenClothing e WHERE e.dimensions >= 'medium';
EXPLAIN (ANALYZE, BUFFERS, TIMING OFF, SUMMARY ON, FORMAT TEXT)
WITH
"b0" AS (
    SELECT
        "source"."size_system" AS "size_system",
        "source"."material" AS "material",
        "source"."dimensions" AS "dimensions",
        "source"."quantity" AS "quantity"
    FROM "relation_18" AS "source"
)
SELECT 
    "b0"."material" AS "material",
    "b0"."size_system" AS "size_system",
    "b0"."quantity" AS "quantity"
FROM "b0"
WHERE ("b0"."dimensions" >= 'medium');
                                              QUERY PLAN                                              
------------------------------------------------------------------------------------------------------
 Seq Scan on relation_18 source  (cost=0.00..4195.02 rows=88131 width=14) (actual rows=87666 loops=1)
   Filter: ((dimensions)::text >= 'medium'::text)
   Rows Removed by Filter: 29696
   Buffers: shared hit=57 read=2671
 Planning:
   Buffers: shared hit=5 read=1
 Planning Time: 0.054 ms
 Execution Time: 15.007 ms
(8 rows)

-- Q055 [weak_owner] occurrence 1/1
-- Original E/R: SELECT w.email, w.contact_id FROM SupplierContact w WHERE w.email <= 'stephaniewilliamson@example.com';
EXPLAIN (ANALYZE, BUFFERS, TIMING OFF, SUMMARY ON, FORMAT TEXT)
WITH
"b0" AS (
    SELECT
        "source"."contact_id" AS "contact_id",
        "source"."email" AS "email"
    FROM "relation_44" AS "source"
)
SELECT 
    "b0"."email" AS "email",
    "b0"."contact_id" AS "contact_id"
FROM "b0"
WHERE ("b0"."email" <= 'stephaniewilliamson@example.com');
                                              QUERY PLAN                                              
------------------------------------------------------------------------------------------------------
 Seq Scan on relation_44 source  (cost=0.00..1044.84 rows=37031 width=26) (actual rows=37113 loops=1)
   Filter: ((email)::text <= 'stephaniewilliamson@example.com'::text)
   Rows Removed by Filter: 9354
   Buffers: shared read=464
 Planning Time: 0.042 ms
 Execution Time: 4.041 ms
(6 rows)

-- Q056 [selection_projection] occurrence 1/1
-- Original E/R: SELECT e.dimensions, e.material, e.product_name, e.product_id FROM WomenClothing e WHERE e.material > 'blend';
EXPLAIN (ANALYZE, BUFFERS, TIMING OFF, SUMMARY ON, FORMAT TEXT)
WITH
"b0" AS (
    SELECT
        "source"."material" AS "material",
        "source"."dimensions" AS "dimensions",
        "source"."womenclothing_id" AS "product_id",
        "source"."product_name" AS "product_name"
    FROM "relation_18" AS "source"
)
SELECT 
    "b0"."dimensions" AS "dimensions",
    "b0"."material" AS "material",
    "b0"."product_name" AS "product_name",
    "b0"."product_id" AS "product_id"
FROM "b0"
WHERE ("b0"."material" > 'blend');
                                              QUERY PLAN                                              
------------------------------------------------------------------------------------------------------
 Seq Scan on relation_18 source  (cost=0.00..4195.02 rows=97489 width=51) (actual rows=97409 loops=1)
   Filter: ((material)::text > 'blend'::text)
   Rows Removed by Filter: 19953
   Buffers: shared hit=2728
 Planning Time: 0.022 ms
 Execution Time: 12.526 ms
(6 rows)

-- Q057 [relationship_join] occurrence 1/1
-- Original E/R: SELECT e1.password_hash, e2.status, e2.custorder_id FROM customer_orders r JOIN PrimeCustomer e1 ON ENDPOINT(r, Customer) = REF(e1) JOIN CustOrder e2 ON ENDPOINT(r, CustOrder) = REF(e2) WHERE e1.password_hash <= 'b32d79402fb4d52277d400f9b244d43b6dceea4376e76762e024093007e66df7';
EXPLAIN (ANALYZE, BUFFERS, TIMING OFF, SUMMARY ON, FORMAT TEXT)
WITH
"b0" AS (
    SELECT
        "source"."customer_orders_customer_id" AS "__endpoint_customer_0",
        "source"."custorder_id" AS "__endpoint_custorder_0"
    FROM "relation_54" AS "source"
),
"b1" AS (
    SELECT
        "source"."password_hash" AS "password_hash",
        "source"."primecustomer_id" AS "__reference_0"
    FROM "relation_24" AS "source"
),
"b2" AS (
    SELECT
        "source"."custorder_id" AS "custorder_id",
        "source"."status" AS "status",
        "source"."custorder_id" AS "__reference_0"
    FROM "relation_37" AS "source"
)
SELECT 
    "b1"."password_hash" AS "password_hash",
    "b2"."status" AS "status",
    "b2"."custorder_id" AS "custorder_id"
FROM (("b0" INNER JOIN "b1" ON ("b0"."__endpoint_customer_0" = "b1"."__reference_0")) INNER JOIN "b2" ON ("b0"."__endpoint_custorder_0" = "b2"."__reference_0"))
WHERE ("b1"."password_hash" <= 'b32d79402fb4d52277d400f9b244d43b6dceea4376e76762e024093007e66df7');
                                                        QUERY PLAN                                                         
---------------------------------------------------------------------------------------------------------------------------
 Hash Join  (cost=7900.44..9685.68 rows=52249 width=78) (actual rows=5019 loops=1)
   Hash Cond: (source.customer_orders_customer_id = source_1.primecustomer_id)
   Buffers: shared read=4672
   ->  Hash Join  (cost=2015.45..3604.74 rows=74642 width=17) (actual rows=74642 loops=1)
         Hash Cond: (source_2.custorder_id = source.custorder_id)
         Buffers: shared read=912
         ->  Seq Scan on relation_37 source_2  (cost=0.00..1378.60 rows=80260 width=13) (actual rows=80260 loops=1)
               Buffers: shared read=576
         ->  Hash  (cost=1082.42..1082.42 rows=74642 width=8) (actual rows=74642 loops=1)
               Buckets: 131072  Batches: 1  Memory Usage: 3940kB
               Buffers: shared read=336
               ->  Seq Scan on relation_54 source  (cost=0.00..1082.42 rows=74642 width=8) (actual rows=74642 loops=1)
                     Buffers: shared read=336
   ->  Hash  (cost=5010.00..5010.00 rows=70000 width=69) (actual rows=70210 loops=1)
         Buckets: 131072  Batches: 1  Memory Usage: 8155kB
         Buffers: shared read=3760
         ->  Seq Scan on relation_24 source_1  (cost=0.00..5010.00 rows=70000 width=69) (actual rows=70210 loops=1)
               Filter: ((password_hash)::text <= 'b32d79402fb4d52277d400f9b244d43b6dceea4376e76762e024093007e66df7'::text)
               Rows Removed by Filter: 29790
               Buffers: shared read=3760
 Planning:
   Buffers: shared hit=6 read=12
 Planning Time: 0.175 ms
 Execution Time: 41.556 ms
(24 rows)

-- Q058 [selection_projection] occurrence 1/1
-- Original E/R: SELECT DISTINCT e.loyalty_tier, e.user_id FROM PrimeCustomer e WHERE e.loyalty_tier > 'bronze';
EXPLAIN (ANALYZE, BUFFERS, TIMING OFF, SUMMARY ON, FORMAT TEXT)
WITH
"b0" AS (
    SELECT
        "source"."loyalty_tier" AS "loyalty_tier",
        "source"."primecustomer_id" AS "user_id"
    FROM "relation_24" AS "source"
)
SELECT DISTINCT 
    "b0"."loyalty_tier" AS "loyalty_tier",
    "b0"."user_id" AS "user_id"
FROM "b0"
WHERE ("b0"."loyalty_tier" > 'bronze');
                                                 QUERY PLAN                                                 
------------------------------------------------------------------------------------------------------------
 HashAggregate  (cost=5269.47..5788.40 rows=51893 width=10) (actual rows=52008 loops=1)
   Group Key: source.loyalty_tier, source.primecustomer_id
   Batches: 1  Memory Usage: 5137kB
   Buffers: shared hit=3760
   ->  Seq Scan on relation_24 source  (cost=0.00..5010.00 rows=51893 width=10) (actual rows=52008 loops=1)
         Filter: ((loyalty_tier)::text > 'bronze'::text)
         Rows Removed by Filter: 47992
         Buffers: shared hit=3760
 Planning Time: 0.051 ms
 Execution Time: 18.519 ms
(10 rows)

-- Q059 [selection_projection] occurrence 1/1
-- Original E/R: SELECT e.is_active, e.dimensions, e.sku FROM Smartwatch e WHERE e.base_price < 247;
EXPLAIN (ANALYZE, BUFFERS, TIMING OFF, SUMMARY ON, FORMAT TEXT)
WITH
"b0" AS (
    SELECT
        "source"."dimensions" AS "dimensions",
        "source"."base_price" AS "base_price",
        "source"."is_active" AS "is_active",
        "source"."sku" AS "sku"
    FROM "relation_9" AS "source"
)
SELECT 
    "b0"."is_active" AS "is_active",
    "b0"."dimensions" AS "dimensions",
    "b0"."sku" AS "sku"
FROM "b0"
WHERE ("b0"."base_price" < 247);
                                               QUERY PLAN                                               
--------------------------------------------------------------------------------------------------------
 Seq Scan on relation_9 source  (cost=0.00..15956.06 rows=378191 width=28) (actual rows=376308 loops=1)
   Filter: (base_price < 247)
   Rows Removed by Filter: 93137
   Buffers: shared hit=98 read=9990
 Planning Time: 0.030 ms
 Execution Time: 41.095 ms
(6 rows)

-- Q060 [relationship_join] occurrence 1/1
-- Original E/R: SELECT e1.courierpartner_id, e1.carrier_code, e2.shipment_id FROM courier_shipments r JOIN CourierPartner e1 ON ENDPOINT(r, CourierPartner) = REF(e1) JOIN Shipment e2 ON ENDPOINT(r, Shipment) = REF(e2) WHERE e1.webhook_url < 'https://www.cummings.com/';
EXPLAIN (ANALYZE, BUFFERS, TIMING OFF, SUMMARY ON, FORMAT TEXT)
WITH
"b0" AS (
    SELECT
        "source"."courier_shipments_courierpartner_id" AS "__endpoint_courierpartner_0",
        "source"."custorder_id" AS "__endpoint_shipment_0",
        "source"."shipment_id" AS "__endpoint_shipment_1"
    FROM "relation_63" AS "source"
),
"b1" AS (
    SELECT
        "source"."carrier_code" AS "carrier_code",
        "source"."courierpartner_id" AS "courierpartner_id",
        "source"."webhook_url" AS "webhook_url",
        "source"."courierpartner_id" AS "__reference_0"
    FROM "relation_46" AS "source"
),
"b2" AS (
    SELECT
        "source"."shipment_id" AS "shipment_id",
        "source"."custorder_id" AS "__reference_0",
        "source"."shipment_id" AS "__reference_1"
    FROM "relation_38" AS "source"
)
SELECT 
    "b1"."courierpartner_id" AS "courierpartner_id",
    "b1"."carrier_code" AS "carrier_code",
    "b2"."shipment_id" AS "shipment_id"
FROM (("b0" INNER JOIN "b1" ON ("b0"."__endpoint_courierpartner_0" = "b1"."__reference_0")) INNER JOIN "b2" ON ("b0"."__endpoint_shipment_0" = "b2"."__reference_0" AND "b0"."__endpoint_shipment_1" = "b2"."__reference_1"))
WHERE ("b1"."webhook_url" < 'https://www.cummings.com/');
                                                           QUERY PLAN                                                           
--------------------------------------------------------------------------------------------------------------------------------
 Nested Loop  (cost=318.92..915.39 rows=1 width=17) (actual rows=5415 loops=1)
   Buffers: shared hit=30602 read=1075
   ->  Hash Join  (cost=318.62..914.78 rows=1 width=8) (actual rows=10465 loops=1)
         Hash Cond: ((source_2.custorder_id = source.custorder_id) AND (source_2.shipment_id = source.shipment_id))
         Buffers: shared read=282
         ->  Seq Scan on relation_38 source_2  (cost=0.00..468.38 rows=24338 width=8) (actual rows=24338 loops=1)
               Buffers: shared read=225
         ->  Hash  (cost=161.65..161.65 rows=10465 width=12) (actual rows=10465 loops=1)
               Buckets: 16384  Batches: 1  Memory Usage: 578kB
               Buffers: shared read=57
               ->  Seq Scan on relation_63 source  (cost=0.00..161.65 rows=10465 width=12) (actual rows=10465 loops=1)
                     Buffers: shared read=57
   ->  Index Scan using relation_46_pkey on relation_46 source_1  (cost=0.29..0.61 rows=1 width=13) (actual rows=1 loops=10465)
         Index Cond: (courierpartner_id = source.courier_shipments_courierpartner_id)
         Filter: ((webhook_url)::text < 'https://www.cummings.com/'::text)
         Rows Removed by Filter: 0
         Buffers: shared hit=30602 read=793
 Planning:
   Buffers: shared hit=6 read=12
 Planning Time: 10.185 ms
 Execution Time: 15.066 ms
(21 rows)

-- Q061 [complex_multi_join] occurrence 1/1
-- Original E/R: SELECT e1.code, e2.base_price, e3.is_active FROM stock r1 JOIN WarehouseBin e1 ON ENDPOINT(r1, WarehouseBin) = REF(e1) JOIN Product e2 ON ENDPOINT(r1, Product) = REF(e2) JOIN bought_together r2 ON ENDPOINT(r2, bought_together_product_id) = REF(e2) JOIN Product e3 ON ENDPOINT(r2, product_id) = REF(e3) WHERE e3.sku < 'SKU-vFdW-79279946';
EXPLAIN (ANALYZE, BUFFERS, TIMING OFF, SUMMARY ON, FORMAT TEXT)
WITH
"b0" AS (
    SELECT
        "source"."product_id" AS "__endpoint_product_0",
        "source"."warehouse_id" AS "__endpoint_warehousebin_0",
        "source"."bin_id" AS "__endpoint_warehousebin_1"
    FROM "relation_59" AS "source"
),
"b1" AS (
    SELECT
        "source"."code" AS "code",
        "source"."warehouse_id" AS "__reference_0",
        "source"."bin_id" AS "__reference_1"
    FROM "relation_42" AS "source"
),
"b2" AS (
    SELECT
        "source"."base_price" AS "base_price",
        "source"."product_id" AS "__reference_0"
    FROM "relation_1" AS "source"
    UNION ALL
    SELECT
        "source"."base_price" AS "base_price",
        "source"."physicalproduct_id" AS "__reference_0"
    FROM "relation_2" AS "source"
    UNION ALL
    SELECT
        "source"."base_price" AS "base_price",
        "source"."electronics_id" AS "__reference_0"
    FROM "relation_4" AS "source"
    UNION ALL
    SELECT
        "source"."base_price" AS "base_price",
        "source"."computer_id" AS "__reference_0"
    FROM "relation_5" AS "source"
    UNION ALL
    SELECT
        "source"."base_price" AS "base_price",
        "source"."desktop_id" AS "__reference_0"
    FROM "relation_6" AS "source"
    UNION ALL
    SELECT
        "source"."base_price" AS "base_price",
        "source"."laptop_id" AS "__reference_0"
    FROM "relation_7" AS "source"
    UNION ALL
    SELECT
        "source"."base_price" AS "base_price",
        "source"."tablet_id" AS "__reference_0"
    FROM "relation_8" AS "source"
    UNION ALL
    SELECT
        "source"."base_price" AS "base_price",
        "source"."smartwatch_id" AS "__reference_0"
    FROM "relation_9" AS "source"
    UNION ALL
    SELECT
        "source"."base_price" AS "base_price",
        "source"."camera_id" AS "__reference_0"
    FROM "relation_10" AS "source"
    UNION ALL
    SELECT
        "source"."base_price" AS "base_price",
        "source"."phone_id" AS "__reference_0"
    FROM "relation_11" AS "source"
    UNION ALL
    SELECT
        "source"."base_price" AS "base_price",
        "source"."accessory_id" AS "__reference_0"
    FROM "relation_12" AS "source"
    UNION ALL
    SELECT
        "source"."base_price" AS "base_price",
        "source"."appliance_id" AS "__reference_0"
    FROM "relation_13" AS "source"
    UNION ALL
    SELECT
        "source"."base_price" AS "base_price",
        "source"."kitchenappliance_id" AS "__reference_0"
    FROM "relation_14" AS "source"
    UNION ALL
    SELECT
        "source"."base_price" AS "base_price",
        "source"."apparel_id" AS "__reference_0"
    FROM "relation_15" AS "source"
    UNION ALL
    SELECT
        "source"."base_price" AS "base_price",
        "source"."clothing_id" AS "__reference_0"
    FROM "relation_16" AS "source"
    UNION ALL
    SELECT
        "source"."base_price" AS "base_price",
        "source"."menclothing_id" AS "__reference_0"
    FROM "relation_17" AS "source"
    UNION ALL
    SELECT
        "source"."base_price" AS "base_price",
        "source"."womenclothing_id" AS "__reference_0"
    FROM "relation_18" AS "source"
    UNION ALL
    SELECT
        "source"."base_price" AS "base_price",
        "source"."footwear_id" AS "__reference_0"
    FROM "relation_19" AS "source"
    UNION ALL
    SELECT
        "source"."base_price" AS "base_price",
        "source"."digitalproduct_id" AS "__reference_0"
    FROM "relation_3" AS "source"
    UNION ALL
    SELECT
        "source"."base_price" AS "base_price",
        "source"."media_id" AS "__reference_0"
    FROM "relation_20" AS "source"
    UNION ALL
    SELECT
        "source"."base_price" AS "base_price",
        "source"."software_id" AS "__reference_0"
    FROM "relation_21" AS "source"
),
"b3" AS (
    SELECT
        "source"."bought_together_product_product_id" AS "__endpoint_bought_together_product_id_0",
        "source"."product_id" AS "__endpoint_product_id_0"
    FROM "relation_50" AS "source"
),
"b4" AS (
    SELECT
        "source"."is_active" AS "is_active",
        "source"."sku" AS "sku",
        "source"."product_id" AS "__reference_0"
    FROM "relation_1" AS "source"
    UNION ALL
    SELECT
        "source"."is_active" AS "is_active",
        "source"."sku" AS "sku",
        "source"."physicalproduct_id" AS "__reference_0"
    FROM "relation_2" AS "source"
    UNION ALL
    SELECT
        "source"."is_active" AS "is_active",
        "source"."sku" AS "sku",
        "source"."electronics_id" AS "__reference_0"
    FROM "relation_4" AS "source"
    UNION ALL
    SELECT
        "source"."is_active" AS "is_active",
        "source"."sku" AS "sku",
        "source"."computer_id" AS "__reference_0"
    FROM "relation_5" AS "source"
    UNION ALL
    SELECT
        "source"."is_active" AS "is_active",
        "source"."sku" AS "sku",
        "source"."desktop_id" AS "__reference_0"
    FROM "relation_6" AS "source"
    UNION ALL
    SELECT
        "source"."is_active" AS "is_active",
        "source"."sku" AS "sku",
        "source"."laptop_id" AS "__reference_0"
    FROM "relation_7" AS "source"
    UNION ALL
    SELECT
        "source"."is_active" AS "is_active",
        "source"."sku" AS "sku",
        "source"."tablet_id" AS "__reference_0"
    FROM "relation_8" AS "source"
    UNION ALL
    SELECT
        "source"."is_active" AS "is_active",
        "source"."sku" AS "sku",
        "source"."smartwatch_id" AS "__reference_0"
    FROM "relation_9" AS "source"
    UNION ALL
    SELECT
        "source"."is_active" AS "is_active",
        "source"."sku" AS "sku",
        "source"."camera_id" AS "__reference_0"
    FROM "relation_10" AS "source"
    UNION ALL
    SELECT
        "source"."is_active" AS "is_active",
        "source"."sku" AS "sku",
        "source"."phone_id" AS "__reference_0"
    FROM "relation_11" AS "source"
    UNION ALL
    SELECT
        "source"."is_active" AS "is_active",
        "source"."sku" AS "sku",
        "source"."accessory_id" AS "__reference_0"
    FROM "relation_12" AS "source"
    UNION ALL
    SELECT
        "source"."is_active" AS "is_active",
        "source"."sku" AS "sku",
        "source"."appliance_id" AS "__reference_0"
    FROM "relation_13" AS "source"
    UNION ALL
    SELECT
        "source"."is_active" AS "is_active",
        "source"."sku" AS "sku",
        "source"."kitchenappliance_id" AS "__reference_0"
    FROM "relation_14" AS "source"
    UNION ALL
    SELECT
        "source"."is_active" AS "is_active",
        "source"."sku" AS "sku",
        "source"."apparel_id" AS "__reference_0"
    FROM "relation_15" AS "source"
    UNION ALL
    SELECT
        "source"."is_active" AS "is_active",
        "source"."sku" AS "sku",
        "source"."clothing_id" AS "__reference_0"
    FROM "relation_16" AS "source"
    UNION ALL
    SELECT
        "source"."is_active" AS "is_active",
        "source"."sku" AS "sku",
        "source"."menclothing_id" AS "__reference_0"
    FROM "relation_17" AS "source"
    UNION ALL
    SELECT
        "source"."is_active" AS "is_active",
        "source"."sku" AS "sku",
        "source"."womenclothing_id" AS "__reference_0"
    FROM "relation_18" AS "source"
    UNION ALL
    SELECT
        "source"."is_active" AS "is_active",
        "source"."sku" AS "sku",
        "source"."footwear_id" AS "__reference_0"
    FROM "relation_19" AS "source"
    UNION ALL
    SELECT
        "source"."is_active" AS "is_active",
        "source"."sku" AS "sku",
        "source"."digitalproduct_id" AS "__reference_0"
    FROM "relation_3" AS "source"
    UNION ALL
    SELECT
        "source"."is_active" AS "is_active",
        "source"."sku" AS "sku",
        "source"."media_id" AS "__reference_0"
    FROM "relation_20" AS "source"
    UNION ALL
    SELECT
        "source"."is_active" AS "is_active",
        "source"."sku" AS "sku",
        "source"."software_id" AS "__reference_0"
    FROM "relation_21" AS "source"
)
SELECT 
    "b1"."code" AS "code",
    "b2"."base_price" AS "base_price",
    "b4"."is_active" AS "is_active"
FROM (((("b0" INNER JOIN "b1" ON ("b0"."__endpoint_warehousebin_0" = "b1"."__reference_0" AND "b0"."__endpoint_warehousebin_1" = "b1"."__reference_1")) INNER JOIN "b2" ON ("b0"."__endpoint_product_0" = "b2"."__reference_0")) INNER JOIN "b3" ON ("b3"."__endpoint_bought_together_product_id_0" = "b2"."__reference_0")) INNER JOIN "b4" ON ("b3"."__endpoint_product_id_0" = "b4"."__reference_0"))
WHERE ("b4"."sku" < 'SKU-vFdW-79279946');
                                                                        QUERY PLAN                                                                        
----------------------------------------------------------------------------------------------------------------------------------------------------------
 Gather  (cost=155424.09..548375.07 rows=21699 width=18) (actual rows=10412658 loops=1)
   Workers Planned: 2
   Workers Launched: 0
   Buffers: shared hit=1253805471 read=21494631, temp read=103609 written=103636
   ->  Nested Loop  (cost=154424.09..545205.17 rows=9041 width=18) (actual rows=10412658 loops=1)
         Buffers: shared hit=1253805471 read=21494631, temp read=103609 written=103636
         ->  Nested Loop  (cost=154423.80..390530.20 rows=2044 width=22) (actual rows=10412658 loops=1)
               Buffers: shared hit=690761676 read=11842236, temp read=103609 written=103636
               ->  Parallel Hash Join  (cost=154423.51..320793.28 rows=921 width=22) (actual rows=12772009 loops=1)
                     Hash Cond: (source_23.bought_together_product_product_id = source.product_id)
                     Buffers: shared read=143417, temp read=103609 written=103636
                     ->  Parallel Seq Scan on relation_50 source_23  (cost=0.00..140773.77 rows=6824577 width=8) (actual rows=16378086 loops=1)
                           Buffers: shared read=72528
                     ->  Parallel Hash  (cost=154417.11..154417.11 rows=512 width=14) (actual rows=13100150 loops=1)
                           Buckets: 2097152 (originally 2048)  Batches: 8 (originally 1)  Memory Usage: 93344kB
                           Buffers: shared read=70889, temp written=47620
                           ->  Hash Join  (cost=358.20..154417.11 rows=512 width=14) (actual rows=13100150 loops=1)
                                 Hash Cond: ((source.warehouse_id = source_1.warehouse_id) AND (source.bin_id = source_1.bin_id))
                                 Buffers: shared read=70889
                                 ->  Parallel Seq Scan on relation_59 source  (cost=0.00..125401.51 rows=5458551 width=12) (actual rows=13100150 loops=1)
                                       Buffers: shared read=70816
                                 ->  Hash  (cost=187.08..187.08 rows=11408 width=18) (actual rows=11408 loops=1)
                                       Buckets: 16384  Batches: 1  Memory Usage: 708kB
                                       Buffers: shared read=73
                                       ->  Seq Scan on relation_42 source_1  (cost=0.00..187.08 rows=11408 width=18) (actual rows=11408 loops=1)
                                             Buffers: shared read=73
               ->  Append  (cost=0.29..75.51 rows=21 width=8) (actual rows=1 loops=12772009)
                     Buffers: shared hit=690761676 read=11698819
                     ->  Index Scan using relation_1_pkey on relation_1 source_24  (cost=0.29..3.49 rows=1 width=8) (actual rows=0 loops=12772009)
                           Index Cond: (product_id = source_23.product_id)
                           Filter: ((sku)::text < 'SKU-vFdW-79279946'::text)
                           Rows Removed by Filter: 0
                           Buffers: shared hit=25549546 read=42052
                     ->  Index Scan using relation_2_pkey on relation_2 source_25  (cost=0.29..3.49 rows=1 width=8) (actual rows=0 loops=12772009)
                           Index Cond: (physicalproduct_id = source_23.product_id)
                           Filter: ((sku)::text < 'SKU-vFdW-79279946'::text)
                           Rows Removed by Filter: 0
                           Buffers: shared hit=25551117 read=58038
                     ->  Index Scan using relation_4_pkey on relation_4 source_26  (cost=0.43..3.88 rows=1 width=8) (actual rows=0 loops=12772009)
                           Index Cond: (electronics_id = source_23.product_id)
                           Filter: ((sku)::text < 'SKU-vFdW-79279946'::text)
                           Rows Removed by Filter: 0
                           Buffers: shared hit=38860408 read=6299065
                     ->  Index Scan using relation_5_pkey on relation_5 source_27  (cost=0.29..3.50 rows=1 width=8) (actual rows=0 loops=12772009)
                           Index Cond: (computer_id = source_23.product_id)
                           Filter: ((sku)::text < 'SKU-vFdW-79279946'::text)
                           Rows Removed by Filter: 0
                           Buffers: shared hit=25551851 read=73126
                     ->  Index Scan using relation_6_pkey on relation_6 source_28  (cost=0.43..3.68 rows=1 width=8) (actual rows=0 loops=12772009)
                           Index Cond: (desktop_id = source_23.product_id)
                           Filter: ((sku)::text < 'SKU-vFdW-79279946'::text)
                           Rows Removed by Filter: 0
                           Buffers: shared hit=38443809 read=1302007
                     ->  Index Scan using relation_7_pkey on relation_7 source_29  (cost=0.42..3.63 rows=1 width=8) (actual rows=0 loops=12772009)
                           Index Cond: (laptop_id = source_23.product_id)
                           Filter: ((sku)::text < 'SKU-vFdW-79279946'::text)
                           Rows Removed by Filter: 0
                           Buffers: shared hit=38326335 read=96543
                     ->  Index Scan using relation_8_pkey on relation_8 source_30  (cost=0.29..3.50 rows=1 width=8) (actual rows=0 loops=12772009)
                           Index Cond: (tablet_id = source_23.product_id)
                           Filter: ((sku)::text < 'SKU-vFdW-79279946'::text)
                           Rows Removed by Filter: 0
                           Buffers: shared hit=25552393 read=67437
                     ->  Index Scan using relation_9_pkey on relation_9 source_31  (cost=0.42..3.64 rows=1 width=8) (actual rows=0 loops=12772009)
                           Index Cond: (smartwatch_id = source_23.product_id)
                           Filter: ((sku)::text < 'SKU-vFdW-79279946'::text)
                           Rows Removed by Filter: 0
                           Buffers: shared hit=38344094 read=328276
                     ->  Index Scan using relation_10_pkey on relation_10 source_32  (cost=0.42..3.62 rows=1 width=8) (actual rows=0 loops=12772009)
                           Index Cond: (camera_id = source_23.product_id)
                           Filter: ((sku)::text < 'SKU-vFdW-79279946'::text)
                           Rows Removed by Filter: 0
                           Buffers: shared hit=38330171 read=114122
                     ->  Index Scan using relation_11_pkey on relation_11 source_33  (cost=0.42..3.65 rows=1 width=8) (actual rows=0 loops=12772009)
                           Index Cond: (phone_id = source_23.product_id)
                           Filter: ((sku)::text < 'SKU-vFdW-79279946'::text)
                           Rows Removed by Filter: 0
                           Buffers: shared hit=38359616 read=470259
                     ->  Index Scan using relation_12_pkey on relation_12 source_34  (cost=0.42..3.63 rows=1 width=8) (actual rows=0 loops=12772009)
                           Index Cond: (accessory_id = source_23.product_id)
                           Filter: ((sku)::text < 'SKU-vFdW-79279946'::text)
                           Rows Removed by Filter: 0
                           Buffers: shared hit=38325871 read=100614
                     ->  Index Scan using relation_13_pkey on relation_13 source_35  (cost=0.29..3.48 rows=1 width=8) (actual rows=0 loops=12772009)
                           Index Cond: (appliance_id = source_23.product_id)
                           Filter: ((sku)::text < 'SKU-vFdW-79279946'::text)
                           Rows Removed by Filter: 0
                           Buffers: shared hit=25549301 read=40330
                     ->  Index Scan using relation_14_pkey on relation_14 source_36  (cost=0.42..3.64 rows=1 width=8) (actual rows=0 loops=12772009)
                           Index Cond: (kitchenappliance_id = source_23.product_id)
                           Filter: ((sku)::text < 'SKU-vFdW-79279946'::text)
                           Rows Removed by Filter: 0
                           Buffers: shared hit=38335469 read=181767
                     ->  Index Scan using relation_15_pkey on relation_15 source_37  (cost=0.42..3.64 rows=1 width=8) (actual rows=0 loops=12772009)
                           Index Cond: (apparel_id = source_23.product_id)
                           Filter: ((sku)::text < 'SKU-vFdW-79279946'::text)
                           Rows Removed by Filter: 0
                           Buffers: shared hit=38343266 read=250236
                     ->  Index Scan using relation_16_pkey on relation_16 source_38  (cost=0.42..3.64 rows=1 width=8) (actual rows=0 loops=12772009)
                           Index Cond: (clothing_id = source_23.product_id)
                           Filter: ((sku)::text < 'SKU-vFdW-79279946'::text)
                           Rows Removed by Filter: 0
                           Buffers: shared hit=38333946 read=209000
                     ->  Index Scan using relation_17_pkey on relation_17 source_39  (cost=0.43..3.68 rows=1 width=8) (actual rows=0 loops=12772009)
                           Index Cond: (menclothing_id = source_23.product_id)
                           Filter: ((sku)::text < 'SKU-vFdW-79279946'::text)
                           Rows Removed by Filter: 0
                           Buffers: shared hit=38423462 read=1177362
                     ->  Index Scan using relation_18_pkey on relation_18 source_40  (cost=0.29..3.49 rows=1 width=8) (actual rows=0 loops=12772009)
                           Index Cond: (womenclothing_id = source_23.product_id)
                           Filter: ((sku)::text < 'SKU-vFdW-79279946'::text)
                           Rows Removed by Filter: 0
                           Buffers: shared hit=25553857 read=79351
                     ->  Index Scan using relation_19_pkey on relation_19 source_41  (cost=0.29..3.48 rows=1 width=8) (actual rows=0 loops=12772009)
                           Index Cond: (footwear_id = source_23.product_id)
                           Filter: ((sku)::text < 'SKU-vFdW-79279946'::text)
                           Rows Removed by Filter: 0
                           Buffers: shared hit=25546488 read=19098
                     ->  Index Scan using relation_3_pkey on relation_3 source_42  (cost=0.29..3.48 rows=1 width=8) (actual rows=0 loops=12772009)
                           Index Cond: (digitalproduct_id = source_23.product_id)
                           Filter: ((sku)::text < 'SKU-vFdW-79279946'::text)
                           Rows Removed by Filter: 0
                           Buffers: shared hit=25549900 read=44941
                     ->  Index Scan using relation_20_pkey on relation_20 source_43  (cost=0.43..3.66 rows=1 width=8) (actual rows=0 loops=12772009)
                           Index Cond: (media_id = source_23.product_id)
                           Filter: ((sku)::text < 'SKU-vFdW-79279946'::text)
                           Rows Removed by Filter: 0
                           Buffers: shared hit=38385421 read=735215
                     ->  Index Scan using relation_21_pkey on relation_21 source_44  (cost=0.29..3.48 rows=1 width=8) (actual rows=0 loops=12772009)
                           Index Cond: (software_id = source_23.product_id)
                           Filter: ((sku)::text < 'SKU-vFdW-79279946'::text)
                           Rows Removed by Filter: 0
                           Buffers: shared hit=25545355 read=9980
         ->  Append  (cost=0.29..75.46 rows=21 width=8) (actual rows=1 loops=10412658)
               Buffers: shared hit=563043795 read=9652395
               ->  Index Scan using relation_1_pkey on relation_1 source_2  (cost=0.29..3.48 rows=1 width=8) (actual rows=0 loops=10412658)
                     Index Cond: (product_id = source.product_id)
                     Buffers: shared hit=20829090 read=34600
               ->  Index Scan using relation_2_pkey on relation_2 source_3  (cost=0.29..3.49 rows=1 width=8) (actual rows=0 loops=10412658)
                     Index Cond: (physicalproduct_id = source.product_id)
                     Buffers: shared hit=20830570 read=48105
               ->  Index Scan using relation_4_pkey on relation_4 source_4  (cost=0.43..3.88 rows=1 width=8) (actual rows=1 loops=10412658)
                     Index Cond: (electronics_id = source.product_id)
                     Buffers: shared hit=31621562 read=5200413
               ->  Index Scan using relation_5_pkey on relation_5 source_5  (cost=0.29..3.50 rows=1 width=8) (actual rows=0 loops=10412658)
                     Index Cond: (computer_id = source.product_id)
                     Buffers: shared hit=20831271 read=60196
               ->  Index Scan using relation_6_pkey on relation_6 source_6  (cost=0.43..3.68 rows=1 width=8) (actual rows=0 loops=10412658)
                     Index Cond: (desktop_id = source.product_id)
                     Buffers: shared hit=31328616 read=1072808
               ->  Index Scan using relation_7_pkey on relation_7 source_7  (cost=0.42..3.63 rows=1 width=8) (actual rows=0 loops=10412658)
                     Index Cond: (laptop_id = source.product_id)
                     Buffers: shared hit=31245224 read=79068
               ->  Index Scan using relation_8_pkey on relation_8 source_8  (cost=0.29..3.50 rows=1 width=8) (actual rows=0 loops=10412658)
                     Index Cond: (tablet_id = source.product_id)
                     Buffers: shared hit=20831045 read=55848
               ->  Index Scan using relation_9_pkey on relation_9 source_9  (cost=0.42..3.64 rows=1 width=8) (actual rows=0 loops=10412658)
                     Index Cond: (smartwatch_id = source.product_id)
                     Buffers: shared hit=31258698 read=272581
               ->  Index Scan using relation_10_pkey on relation_10 source_10  (cost=0.42..3.62 rows=1 width=8) (actual rows=0 loops=10412658)
                     Index Cond: (camera_id = source.product_id)
                     Buffers: shared hit=31248335 read=94419
               ->  Index Scan using relation_11_pkey on relation_11 source_11  (cost=0.42..3.65 rows=1 width=8) (actual rows=0 loops=10412658)
                     Index Cond: (phone_id = source.product_id)
                     Buffers: shared hit=31268028 read=386709
               ->  Index Scan using relation_12_pkey on relation_12 source_12  (cost=0.42..3.63 rows=1 width=8) (actual rows=0 loops=10412658)
                     Index Cond: (accessory_id = source.product_id)
                     Buffers: shared hit=31244612 read=82445
               ->  Index Scan using relation_13_pkey on relation_13 source_13  (cost=0.29..3.48 rows=1 width=8) (actual rows=0 loops=10412658)
                     Index Cond: (appliance_id = source.product_id)
                     Buffers: shared hit=20829432 read=33367
               ->  Index Scan using relation_14_pkey on relation_14 source_14  (cost=0.42..3.63 rows=1 width=8) (actual rows=0 loops=10412658)
                     Index Cond: (kitchenappliance_id = source.product_id)
                     Buffers: shared hit=31251803 read=149664
               ->  Index Scan using relation_15_pkey on relation_15 source_15  (cost=0.42..3.64 rows=1 width=8) (actual rows=0 loops=10412658)
                     Index Cond: (apparel_id = source.product_id)
                     Buffers: shared hit=31257174 read=206045
               ->  Index Scan using relation_16_pkey on relation_16 source_16  (cost=0.42..3.64 rows=1 width=8) (actual rows=0 loops=10412658)
                     Index Cond: (clothing_id = source.product_id)
                     Buffers: shared hit=31250604 read=172279
               ->  Index Scan using relation_17_pkey on relation_17 source_17  (cost=0.43..3.68 rows=1 width=8) (actual rows=0 loops=10412658)
                     Index Cond: (menclothing_id = source.product_id)
                     Buffers: shared hit=31315408 read=971332
               ->  Index Scan using relation_18_pkey on relation_18 source_18  (cost=0.29..3.49 rows=1 width=8) (actual rows=0 loops=10412658)
                     Index Cond: (womenclothing_id = source.product_id)
                     Buffers: shared hit=20832290 read=65029
               ->  Index Scan using relation_19_pkey on relation_19 source_19  (cost=0.29..3.48 rows=1 width=8) (actual rows=0 loops=10412658)
                     Index Cond: (footwear_id = source.product_id)
                     Buffers: shared hit=20827237 read=15854
               ->  Index Scan using relation_3_pkey on relation_3 source_20  (cost=0.29..3.48 rows=1 width=8) (actual rows=0 loops=10412658)
                     Index Cond: (digitalproduct_id = source.product_id)
                     Buffers: shared hit=20829622 read=37485
               ->  Index Scan using relation_20_pkey on relation_20 source_21  (cost=0.43..3.66 rows=1 width=8) (actual rows=0 loops=10412658)
                     Index Cond: (media_id = source.product_id)
                     Buffers: shared hit=31286883 read=606048
               ->  Index Scan using relation_21_pkey on relation_21 source_22  (cost=0.29..3.47 rows=1 width=8) (actual rows=0 loops=10412658)
                     Index Cond: (software_id = source.product_id)
                     Buffers: shared hit=20826291 read=8100
 Planning:
   Buffers: shared hit=4 read=10
 Planning Time: 2.547 ms
 JIT:
   Functions: 277
   Options: Inlining true, Optimization true, Expressions true, Deforming true
 Execution Time: 296128.944 ms
(205 rows)

-- Q062 [weak_owner] occurrence 1/1
-- Original E/R: SELECT w.per_user_limit, w.max_uses, o.discount_type, o.ends_at FROM Coupon w JOIN Promotion o ON OWNER(w) = REF(o) WHERE o.discount_type > 'fixed';
EXPLAIN (ANALYZE, BUFFERS, TIMING OFF, SUMMARY ON, FORMAT TEXT)
WITH
"b0" AS (
    SELECT
        "source"."max_uses" AS "max_uses",
        "source"."per_user_limit" AS "per_user_limit",
        "source"."promotion_id" AS "__owner_0"
    FROM "relation_40" AS "source"
),
"b1" AS (
    SELECT
        "source"."discount_type" AS "discount_type",
        "source"."ends_at" AS "ends_at",
        "source"."promotion_id" AS "__reference_0"
    FROM "relation_39" AS "source"
)
SELECT 
    "b0"."per_user_limit" AS "per_user_limit",
    "b0"."max_uses" AS "max_uses",
    "b1"."discount_type" AS "discount_type",
    "b1"."ends_at" AS "ends_at"
FROM ("b0" INNER JOIN "b1" ON ("b0"."__owner_0" = "b1"."__reference_0"))
WHERE ("b1"."discount_type" > 'fixed');
                                                      QUERY PLAN                                                      
----------------------------------------------------------------------------------------------------------------------
 Hash Join  (cost=5164.19..5894.70 rows=28733 width=27) (actual rows=28641 loops=1)
   Hash Cond: (source.promotion_id = source_1.promotion_id)
   Buffers: shared read=2176
   ->  Seq Scan on relation_40 source  (cost=0.00..625.20 rows=40120 width=12) (actual rows=40120 loops=1)
         Buffers: shared read=224
   ->  Hash  (cost=3823.73..3823.73 rows=107237 width=23) (actual rows=106554 loops=1)
         Buckets: 131072  Batches: 1  Memory Usage: 7005kB
         Buffers: shared read=1952
         ->  Seq Scan on relation_39 source_1  (cost=0.00..3823.73 rows=107237 width=23) (actual rows=106554 loops=1)
               Filter: ((discount_type)::text > 'fixed'::text)
               Rows Removed by Filter: 43184
               Buffers: shared read=1952
 Planning:
   Buffers: shared hit=4 read=13
 Planning Time: 0.156 ms
 Execution Time: 30.550 ms
(16 rows)

-- Q063 [complex_multi_join] occurrence 1/1
-- Original E/R: SELECT e1.status, e2.product_id, e3.supplier_name FROM po_items r1 JOIN PurchaseOrder e1 ON ENDPOINT(r1, PurchaseOrder) = REF(e1) JOIN Product e2 ON ENDPOINT(r1, Product) = REF(e2) JOIN supplier_products r2 ON ENDPOINT(r2, Product) = REF(e2) JOIN Supplier e3 ON ENDPOINT(r2, Supplier) = REF(e3) WHERE e2.product_id >= 1668483;
EXPLAIN (ANALYZE, BUFFERS, TIMING OFF, SUMMARY ON, FORMAT TEXT)
WITH
"b0" AS (
    SELECT
        "source"."product_id" AS "__endpoint_product_0",
        "source"."purchaseorder_id" AS "__endpoint_purchaseorder_0"
    FROM "relation_62" AS "source"
),
"b1" AS (
    SELECT
        "source"."status" AS "status",
        "source"."purchaseorder_id" AS "__reference_0"
    FROM "relation_45" AS "source"
),
"b2" AS (
    SELECT
        "source"."product_id" AS "product_id",
        "source"."product_id" AS "__reference_0"
    FROM "relation_1" AS "source"
    UNION ALL
    SELECT
        "source"."physicalproduct_id" AS "product_id",
        "source"."physicalproduct_id" AS "__reference_0"
    FROM "relation_2" AS "source"
    UNION ALL
    SELECT
        "source"."electronics_id" AS "product_id",
        "source"."electronics_id" AS "__reference_0"
    FROM "relation_4" AS "source"
    UNION ALL
    SELECT
        "source"."computer_id" AS "product_id",
        "source"."computer_id" AS "__reference_0"
    FROM "relation_5" AS "source"
    UNION ALL
    SELECT
        "source"."desktop_id" AS "product_id",
        "source"."desktop_id" AS "__reference_0"
    FROM "relation_6" AS "source"
    UNION ALL
    SELECT
        "source"."laptop_id" AS "product_id",
        "source"."laptop_id" AS "__reference_0"
    FROM "relation_7" AS "source"
    UNION ALL
    SELECT
        "source"."tablet_id" AS "product_id",
        "source"."tablet_id" AS "__reference_0"
    FROM "relation_8" AS "source"
    UNION ALL
    SELECT
        "source"."smartwatch_id" AS "product_id",
        "source"."smartwatch_id" AS "__reference_0"
    FROM "relation_9" AS "source"
    UNION ALL
    SELECT
        "source"."camera_id" AS "product_id",
        "source"."camera_id" AS "__reference_0"
    FROM "relation_10" AS "source"
    UNION ALL
    SELECT
        "source"."phone_id" AS "product_id",
        "source"."phone_id" AS "__reference_0"
    FROM "relation_11" AS "source"
    UNION ALL
    SELECT
        "source"."accessory_id" AS "product_id",
        "source"."accessory_id" AS "__reference_0"
    FROM "relation_12" AS "source"
    UNION ALL
    SELECT
        "source"."appliance_id" AS "product_id",
        "source"."appliance_id" AS "__reference_0"
    FROM "relation_13" AS "source"
    UNION ALL
    SELECT
        "source"."kitchenappliance_id" AS "product_id",
        "source"."kitchenappliance_id" AS "__reference_0"
    FROM "relation_14" AS "source"
    UNION ALL
    SELECT
        "source"."apparel_id" AS "product_id",
        "source"."apparel_id" AS "__reference_0"
    FROM "relation_15" AS "source"
    UNION ALL
    SELECT
        "source"."clothing_id" AS "product_id",
        "source"."clothing_id" AS "__reference_0"
    FROM "relation_16" AS "source"
    UNION ALL
    SELECT
        "source"."menclothing_id" AS "product_id",
        "source"."menclothing_id" AS "__reference_0"
    FROM "relation_17" AS "source"
    UNION ALL
    SELECT
        "source"."womenclothing_id" AS "product_id",
        "source"."womenclothing_id" AS "__reference_0"
    FROM "relation_18" AS "source"
    UNION ALL
    SELECT
        "source"."footwear_id" AS "product_id",
        "source"."footwear_id" AS "__reference_0"
    FROM "relation_19" AS "source"
    UNION ALL
    SELECT
        "source"."digitalproduct_id" AS "product_id",
        "source"."digitalproduct_id" AS "__reference_0"
    FROM "relation_3" AS "source"
    UNION ALL
    SELECT
        "source"."media_id" AS "product_id",
        "source"."media_id" AS "__reference_0"
    FROM "relation_20" AS "source"
    UNION ALL
    SELECT
        "source"."software_id" AS "product_id",
        "source"."software_id" AS "__reference_0"
    FROM "relation_21" AS "source"
),
"b3" AS (
    SELECT
        "source"."product_id" AS "__endpoint_product_0",
        "source"."supplier_id" AS "__endpoint_supplier_0"
    FROM "relation_60" AS "source"
),
"b4" AS (
    SELECT
        "source"."supplier_name" AS "supplier_name",
        "source"."supplier_id" AS "__reference_0"
    FROM "relation_43" AS "source"
)
SELECT 
    "b1"."status" AS "status",
    "b2"."product_id" AS "product_id",
    "b4"."supplier_name" AS "supplier_name"
FROM (((("b0" INNER JOIN "b1" ON ("b0"."__endpoint_purchaseorder_0" = "b1"."__reference_0")) INNER JOIN "b2" ON ("b0"."__endpoint_product_0" = "b2"."__reference_0")) INNER JOIN "b3" ON ("b3"."__endpoint_product_0" = "b2"."__reference_0")) INNER JOIN "b4" ON ("b3"."__endpoint_supplier_0" = "b4"."__reference_0"))
WHERE ("b2"."product_id" >= 1668483);
                                                                   QUERY PLAN                                                                    
-------------------------------------------------------------------------------------------------------------------------------------------------
 Nested Loop  (cost=7739.97..415859.70 rows=3900409 width=29) (actual rows=326 loops=1)
   Buffers: shared hit=17476 read=2765
   ->  Hash Join  (cost=7739.68..10859.13 rows=39039 width=33) (actual rows=364 loops=1)
         Hash Cond: (source_1.purchaseorder_id = source.purchaseorder_id)
         Buffers: shared read=2464
         ->  Seq Scan on relation_45 source_1  (cost=0.00..2225.86 rows=134186 width=12) (actual rows=134186 loops=1)
               Buffers: shared read=884
         ->  Hash  (cost=7251.69..7251.69 rows=39039 width=29) (actual rows=364 loops=1)
               Buckets: 65536  Batches: 1  Memory Usage: 534kB
               Buffers: shared read=1580
               ->  Hash Join  (cost=4038.28..7251.69 rows=39039 width=29) (actual rows=364 loops=1)
                     Hash Cond: (source.product_id = source_23.product_id)
                     Buffers: shared read=1580
                     ->  Seq Scan on relation_62 source  (cost=0.00..2249.47 rows=152947 width=8) (actual rows=152947 loops=1)
                           Buffers: shared read=720
                     ->  Hash  (cost=3554.75..3554.75 rows=38683 width=21) (actual rows=38683 loops=1)
                           Buckets: 65536  Batches: 1  Memory Usage: 2536kB
                           Buffers: shared read=860
                           ->  Hash Join  (cost=1042.37..3554.75 rows=38683 width=21) (actual rows=38683 loops=1)
                                 Hash Cond: (source_24.supplier_id = source_23.supplier_id)
                                 Buffers: shared read=860
                                 ->  Seq Scan on relation_43 source_24  (cost=0.00..1733.49 rows=104549 width=21) (actual rows=104549 loops=1)
                                       Buffers: shared read=688
                                 ->  Hash  (cost=558.83..558.83 rows=38683 width=8) (actual rows=38683 loops=1)
                                       Buckets: 65536  Batches: 1  Memory Usage: 2024kB
                                       Buffers: shared read=172
                                       ->  Seq Scan on relation_60 source_23  (cost=0.00..558.83 rows=38683 width=8) (actual rows=38683 loops=1)
                                             Buffers: shared read=172
   ->  Append  (cost=0.29..10.16 rows=21 width=8) (actual rows=1 loops=364)
         Buffers: shared hit=17476 read=301
         ->  Index Only Scan using relation_1_pkey on relation_1 source_2  (cost=0.29..0.31 rows=1 width=8) (actual rows=0 loops=364)
               Index Cond: ((product_id = source.product_id) AND (product_id >= 1668483))
               Heap Fetches: 0
               Buffers: shared hit=652
         ->  Index Only Scan using relation_2_pkey on relation_2 source_3  (cost=0.29..0.32 rows=1 width=8) (actual rows=0 loops=364)
               Index Cond: ((physicalproduct_id = source.product_id) AND (physicalproduct_id >= 1668483))
               Heap Fetches: 0
               Buffers: shared hit=652
         ->  Index Only Scan using relation_4_pkey on relation_4 source_4  (cost=0.43..1.55 rows=1 width=8) (actual rows=0 loops=364)
               Index Cond: ((electronics_id = source.product_id) AND (electronics_id >= 1668483))
               Heap Fetches: 0
               Buffers: shared hit=952 read=153
         ->  Index Only Scan using relation_5_pkey on relation_5 source_5  (cost=0.29..0.32 rows=1 width=8) (actual rows=0 loops=364)
               Index Cond: ((computer_id = source.product_id) AND (computer_id >= 1668483))
               Heap Fetches: 0
               Buffers: shared hit=652 read=1
         ->  Index Only Scan using relation_6_pkey on relation_6 source_6  (cost=0.43..0.64 rows=1 width=8) (actual rows=0 loops=364)
               Index Cond: ((desktop_id = source.product_id) AND (desktop_id >= 1668483))
               Heap Fetches: 0
               Buffers: shared hit=956 read=44
         ->  Index Only Scan using relation_7_pkey on relation_7 source_7  (cost=0.42..0.45 rows=1 width=8) (actual rows=0 loops=364)
               Index Cond: ((laptop_id = source.product_id) AND (laptop_id >= 1668483))
               Heap Fetches: 0
               Buffers: shared hit=977 read=2
         ->  Index Only Scan using relation_8_pkey on relation_8 source_8  (cost=0.29..0.32 rows=1 width=8) (actual rows=0 loops=364)
               Index Cond: ((tablet_id = source.product_id) AND (tablet_id >= 1668483))
               Heap Fetches: 0
               Buffers: shared hit=652 read=1
         ->  Index Only Scan using relation_9_pkey on relation_9 source_9  (cost=0.42..0.50 rows=1 width=8) (actual rows=0 loops=364)
               Index Cond: ((smartwatch_id = source.product_id) AND (smartwatch_id >= 1668483))
               Heap Fetches: 0
               Buffers: shared hit=969 read=10
         ->  Index Only Scan using relation_10_pkey on relation_10 source_10  (cost=0.42..0.45 rows=1 width=8) (actual rows=0 loops=364)
               Index Cond: ((camera_id = source.product_id) AND (camera_id >= 1668483))
               Heap Fetches: 0
               Buffers: shared hit=977 read=2
         ->  Index Only Scan using relation_11_pkey on relation_11 source_11  (cost=0.42..0.52 rows=1 width=8) (actual rows=0 loops=364)
               Index Cond: ((phone_id = source.product_id) AND (phone_id >= 1668483))
               Heap Fetches: 0
               Buffers: shared hit=963 read=16
         ->  Index Only Scan using relation_12_pkey on relation_12 source_12  (cost=0.42..0.46 rows=1 width=8) (actual rows=0 loops=364)
               Index Cond: ((accessory_id = source.product_id) AND (accessory_id >= 1668483))
               Heap Fetches: 0
               Buffers: shared hit=976 read=3
         ->  Index Only Scan using relation_13_pkey on relation_13 source_13  (cost=0.29..0.32 rows=1 width=8) (actual rows=0 loops=364)
               Index Cond: ((appliance_id = source.product_id) AND (appliance_id >= 1668483))
               Heap Fetches: 0
               Buffers: shared hit=652 read=1
         ->  Index Only Scan using relation_14_pkey on relation_14 source_14  (cost=0.42..0.47 rows=1 width=8) (actual rows=0 loops=364)
               Index Cond: ((kitchenappliance_id = source.product_id) AND (kitchenappliance_id >= 1668483))
               Heap Fetches: 0
               Buffers: shared hit=975 read=4
         ->  Index Only Scan using relation_15_pkey on relation_15 source_15  (cost=0.42..0.48 rows=1 width=8) (actual rows=0 loops=364)
               Index Cond: ((apparel_id = source.product_id) AND (apparel_id >= 1668483))
               Heap Fetches: 0
               Buffers: shared hit=975 read=4
         ->  Index Only Scan using relation_16_pkey on relation_16 source_16  (cost=0.42..0.48 rows=1 width=8) (actual rows=0 loops=364)
               Index Cond: ((clothing_id = source.product_id) AND (clothing_id >= 1668483))
               Heap Fetches: 0
               Buffers: shared hit=970 read=9
         ->  Index Only Scan using relation_17_pkey on relation_17 source_17  (cost=0.43..0.64 rows=1 width=8) (actual rows=0 loops=364)
               Index Cond: ((menclothing_id = source.product_id) AND (menclothing_id >= 1668483))
               Heap Fetches: 0
               Buffers: shared hit=959 read=28
         ->  Index Only Scan using relation_18_pkey on relation_18 source_18  (cost=0.29..0.32 rows=1 width=8) (actual rows=0 loops=364)
               Index Cond: ((womenclothing_id = source.product_id) AND (womenclothing_id >= 1668483))
               Heap Fetches: 0
               Buffers: shared hit=651 read=2
         ->  Index Only Scan using relation_19_pkey on relation_19 source_19  (cost=0.29..0.31 rows=1 width=8) (actual rows=0 loops=364)
               Index Cond: ((footwear_id = source.product_id) AND (footwear_id >= 1668483))
               Heap Fetches: 0
               Buffers: shared hit=652 read=1
         ->  Index Only Scan using relation_3_pkey on relation_3 source_20  (cost=0.29..0.32 rows=1 width=8) (actual rows=0 loops=364)
               Index Cond: ((digitalproduct_id = source.product_id) AND (digitalproduct_id >= 1668483))
               Heap Fetches: 0
               Buffers: shared hit=652
         ->  Index Only Scan using relation_20_pkey on relation_20 source_21  (cost=0.43..0.57 rows=1 width=8) (actual rows=0 loops=364)
               Index Cond: ((media_id = source.product_id) AND (media_id >= 1668483))
               Heap Fetches: 0
               Buffers: shared hit=960 read=19
         ->  Index Only Scan using relation_21_pkey on relation_21 source_22  (cost=0.29..0.31 rows=1 width=8) (actual rows=0 loops=364)
               Index Cond: ((software_id = source.product_id) AND (software_id >= 1668483))
               Heap Fetches: 0
               Buffers: shared hit=652 read=1
 Planning:
   Buffers: shared hit=59 read=38
 Planning Time: 9.109 ms
 JIT:
   Functions: 93
   Options: Inlining false, Optimization false, Expressions true, Deforming true
 Execution Time: 51.952 ms
(121 rows)

-- Q064 [weak_owner] occurrence 1/1
-- Original E/R: SELECT w.per_user_limit, w.coupon_code, w.max_uses, o.ends_at, o.starts_at FROM Coupon w JOIN Promotion o ON OWNER(w) = REF(o) WHERE o.discount_value <= '25';
EXPLAIN (ANALYZE, BUFFERS, TIMING OFF, SUMMARY ON, FORMAT TEXT)
WITH
"b0" AS (
    SELECT
        "source"."coupon_code" AS "coupon_code",
        "source"."max_uses" AS "max_uses",
        "source"."per_user_limit" AS "per_user_limit",
        "source"."promotion_id" AS "__owner_0"
    FROM "relation_40" AS "source"
),
"b1" AS (
    SELECT
        "source"."discount_value" AS "discount_value",
        "source"."ends_at" AS "ends_at",
        "source"."starts_at" AS "starts_at",
        "source"."promotion_id" AS "__reference_0"
    FROM "relation_39" AS "source"
)
SELECT 
    "b0"."per_user_limit" AS "per_user_limit",
    "b0"."coupon_code" AS "coupon_code",
    "b0"."max_uses" AS "max_uses",
    "b1"."ends_at" AS "ends_at",
    "b1"."starts_at" AS "starts_at"
FROM ("b0" INNER JOIN "b1" ON ("b0"."__owner_0" = "b1"."__reference_0"))
WHERE ("b1"."discount_value" <= '25');
                                                      QUERY PLAN                                                      
----------------------------------------------------------------------------------------------------------------------
 Hash Join  (cost=5360.23..6090.74 rows=32935 width=34) (actual rows=32878 loops=1)
   Hash Cond: (source.promotion_id = source_1.promotion_id)
   Buffers: shared hit=2176
   ->  Seq Scan on relation_40 source  (cost=0.00..625.20 rows=40120 width=16) (actual rows=40120 loops=1)
         Buffers: shared hit=224
   ->  Hash  (cost=3823.73..3823.73 rows=122920 width=26) (actual rows=122625 loops=1)
         Buckets: 131072  Batches: 1  Memory Usage: 8210kB
         Buffers: shared hit=1952
         ->  Seq Scan on relation_39 source_1  (cost=0.00..3823.73 rows=122920 width=26) (actual rows=122625 loops=1)
               Filter: ((discount_value)::text <= '25'::text)
               Rows Removed by Filter: 27113
               Buffers: shared hit=1952
 Planning:
   Buffers: shared hit=14
 Planning Time: 0.149 ms
 Execution Time: 28.631 ms
(16 rows)

-- Q065 [aggregation] occurrence 1/1
-- Original E/R: SELECT e1.exp_month, COUNT(DISTINCT REF(e2)) AS related_count FROM payment_order r JOIN PaymentMethod e1 ON ENDPOINT(r, PaymentMethod) = REF(e1) JOIN CustOrder e2 ON ENDPOINT(r, CustOrder) = REF(e2) WHERE e2.placed_at < '2025-03-11' GROUP BY REF(e1), e1.exp_month HAVING COUNT(DISTINCT REF(e2)) >= 4;
EXPLAIN (ANALYZE, BUFFERS, TIMING OFF, SUMMARY ON, FORMAT TEXT)
WITH
"b0" AS (
    SELECT
        "source"."custorder_id" AS "__endpoint_custorder_0",
        "source"."payment_order_customer_id" AS "__endpoint_paymentmethod_0",
        "source"."payment_order_payment_method_id" AS "__endpoint_paymentmethod_1"
    FROM "relation_56" AS "source"
),
"b1" AS (
    SELECT
        "source"."exp_month" AS "exp_month",
        "source"."customer_id" AS "__reference_0",
        "source"."payment_method_id" AS "__reference_1"
    FROM "relation_32" AS "source"
),
"b2" AS (
    SELECT
        "source"."placed_at" AS "placed_at",
        "source"."custorder_id" AS "__reference_0"
    FROM "relation_37" AS "source"
)
SELECT 
    "b1"."exp_month" AS "exp_month",
    COUNT(DISTINCT "b2"."__reference_0") AS "related_count"
FROM (("b0" INNER JOIN "b1" ON ("b0"."__endpoint_paymentmethod_0" = "b1"."__reference_0" AND "b0"."__endpoint_paymentmethod_1" = "b1"."__reference_1")) INNER JOIN "b2" ON ("b0"."__endpoint_custorder_0" = "b2"."__reference_0"))
WHERE ("b2"."placed_at" < '2025-03-11')
GROUP BY
    "b1"."__reference_0",
    "b1"."__reference_1",
    "b1"."exp_month"
HAVING (COUNT(DISTINCT "b2"."__reference_0") >= 4);
                                                                              QUERY PLAN                                                                              
----------------------------------------------------------------------------------------------------------------------------------------------------------------------
 GroupAggregate  (cost=5735.30..5735.33 rows=1 width=20) (actual rows=81 loops=1)
   Group Key: source_1.customer_id, source_1.payment_method_id
   Filter: (count(DISTINCT source_2.custorder_id) >= 4)
   Rows Removed by Filter: 41444
   Buffers: shared hit=211059 read=2370
   ->  Sort  (cost=5735.30..5735.31 rows=1 width=16) (actual rows=49374 loops=1)
         Sort Key: source_1.customer_id, source_1.payment_method_id, source_2.custorder_id
         Sort Method: quicksort  Memory: 3465kB
         Buffers: shared hit=211059 read=2370
         ->  Nested Loop  (cost=2148.02..5735.29 rows=1 width=16) (actual rows=49374 loops=1)
               Buffers: shared hit=211059 read=2370
               ->  Hash Join  (cost=2147.72..5734.93 rows=1 width=16) (actual rows=70629 loops=1)
                     Hash Cond: ((source_1.customer_id = source.payment_order_customer_id) AND (source_1.payment_method_id = source.payment_order_payment_method_id))
                     Buffers: shared read=1542
                     ->  Seq Scan on relation_32 source_1  (cost=0.00..2546.97 rows=138697 width=12) (actual rows=138697 loops=1)
                           Buffers: shared read=1160
                     ->  Hash  (cost=1088.29..1088.29 rows=70629 width=12) (actual rows=70629 loops=1)
                           Buckets: 131072  Batches: 1  Memory Usage: 4059kB
                           Buffers: shared read=382
                           ->  Seq Scan on relation_56 source  (cost=0.00..1088.29 rows=70629 width=12) (actual rows=70629 loops=1)
                                 Buffers: shared read=382
               ->  Index Scan using relation_37_pkey on relation_37 source_2  (cost=0.29..0.36 rows=1 width=4) (actual rows=1 loops=70629)
                     Index Cond: (custorder_id = source.custorder_id)
                     Filter: ((placed_at)::text < '2025-03-11'::text)
                     Rows Removed by Filter: 0
                     Buffers: shared hit=211059 read=828
 Planning:
   Buffers: shared hit=8 read=18
 Planning Time: 0.215 ms
 Execution Time: 102.764 ms
(30 rows)

-- Q066 [weak_owner] occurrence 1/1
-- Original E/R: SELECT w.rating, w.title, w.body, o.password_hash FROM Review w JOIN Customer o ON OWNER(w) = REF(o) WHERE w.rating < 5;
EXPLAIN (ANALYZE, BUFFERS, TIMING OFF, SUMMARY ON, FORMAT TEXT)
WITH
"b0" AS (
    SELECT
        "source"."body" AS "body",
        "source"."rating" AS "rating",
        "source"."title" AS "title",
        "source"."customer_id" AS "__owner_0"
    FROM "relation_35" AS "source"
),
"b1" AS (
    SELECT
        "source"."password_hash" AS "password_hash",
        "source"."customer_id" AS "__reference_0"
    FROM "relation_23" AS "source"
    UNION ALL
    SELECT
        "source"."password_hash" AS "password_hash",
        "source"."primecustomer_id" AS "__reference_0"
    FROM "relation_24" AS "source"
    UNION ALL
    SELECT
        "source"."password_hash" AS "password_hash",
        "source"."businesscustomer_id" AS "__reference_0"
    FROM "relation_25" AS "source"
)
SELECT 
    "b0"."rating" AS "rating",
    "b0"."title" AS "title",
    "b0"."body" AS "body",
    "b1"."password_hash" AS "password_hash"
FROM ("b0" INNER JOIN "b1" ON ("b0"."__owner_0" = "b1"."__reference_0"))
WHERE ("b0"."rating" < 5);
                                                      QUERY PLAN                                                       
-----------------------------------------------------------------------------------------------------------------------
 Hash Join  (cost=1228.55..63005.41 rows=639693 width=236) (actual rows=15409 loops=1)
   Hash Cond: (source_1.customer_id = source.customer_id)
   Buffers: shared read=34064
   ->  Append  (cost=0.00..48898.78 rows=1036985 width=69) (actual rows=1036985 loops=1)
         Buffers: shared read=33344
         ->  Seq Scan on relation_23 source_1  (cost=0.00..1497.85 rows=36985 width=69) (actual rows=36985 loops=1)
               Buffers: shared read=1128
         ->  Seq Scan on relation_24 source_2  (cost=0.00..4760.00 rows=100000 width=69) (actual rows=100000 loops=1)
               Buffers: shared read=3760
         ->  Seq Scan on relation_25 source_3  (cost=0.00..37456.00 rows=900000 width=69) (actual rows=900000 loops=1)
               Buffers: shared read=28456
   ->  Hash  (cost=1035.94..1035.94 rows=15409 width=175) (actual rows=15409 loops=1)
         Buckets: 16384  Batches: 1  Memory Usage: 3283kB
         Buffers: shared read=720
         ->  Seq Scan on relation_35 source  (cost=0.00..1035.94 rows=15409 width=175) (actual rows=15409 loops=1)
               Filter: (rating < 5)
               Rows Removed by Filter: 9866
               Buffers: shared read=720
 Planning Time: 0.114 ms
 Execution Time: 133.705 ms
(20 rows)

-- Q067 [selection_projection] occurrence 1/1
-- Original E/R: SELECT e.user_id FROM PrimeCustomer e WHERE e.email > 'brian36@example.net';
EXPLAIN (ANALYZE, BUFFERS, TIMING OFF, SUMMARY ON, FORMAT TEXT)
WITH
"b0" AS (
    SELECT
        "source"."email" AS "email",
        "source"."primecustomer_id" AS "user_id"
    FROM "relation_24" AS "source"
)
SELECT 
    "b0"."user_id" AS "user_id"
FROM "b0"
WHERE ("b0"."email" > 'brian36@example.net');
                                             QUERY PLAN                                              
-----------------------------------------------------------------------------------------------------
 Seq Scan on relation_24 source  (cost=0.00..5010.00 rows=90026 width=4) (actual rows=90080 loops=1)
   Filter: ((email)::text > 'brian36@example.net'::text)
   Rows Removed by Filter: 9920
   Buffers: shared hit=3760
 Planning Time: 0.057 ms
 Execution Time: 7.809 ms
(6 rows)

-- Q068 [selection_projection] occurrence 1/1
-- Original E/R: SELECT e.base_price, e.warranty_months, e.quantity FROM Computer e WHERE e.product_id < 11127629;
EXPLAIN (ANALYZE, BUFFERS, TIMING OFF, SUMMARY ON, FORMAT TEXT)
WITH
"b0" AS (
    SELECT
        "source"."warranty_months" AS "warranty_months",
        "source"."base_price" AS "base_price",
        "source"."computer_id" AS "product_id",
        "source"."quantity" AS "quantity"
    FROM "relation_5" AS "source"
    UNION ALL
    SELECT
        "source"."warranty_months" AS "warranty_months",
        "source"."base_price" AS "base_price",
        "source"."desktop_id" AS "product_id",
        "source"."quantity" AS "quantity"
    FROM "relation_6" AS "source"
    UNION ALL
    SELECT
        "source"."warranty_months" AS "warranty_months",
        "source"."base_price" AS "base_price",
        "source"."laptop_id" AS "product_id",
        "source"."quantity" AS "quantity"
    FROM "relation_7" AS "source"
)
SELECT 
    "b0"."base_price" AS "base_price",
    "b0"."warranty_months" AS "warranty_months",
    "b0"."quantity" AS "quantity"
FROM "b0"
WHERE ("b0"."product_id" < 11127629);
                                                        QUERY PLAN                                                        
--------------------------------------------------------------------------------------------------------------------------
 Append  (cost=0.00..81373.93 rows=1911616 width=12) (actual rows=1909010 loops=1)
   Buffers: shared hit=173 read=46822
   ->  Seq Scan on relation_5 source  (cost=0.00..3811.88 rows=107190 width=12) (actual rows=107190 loops=1)
         Filter: (computer_id < 11127629)
         Buffers: shared hit=8 read=2464
   ->  Seq Scan on relation_6 source_1  (cost=0.00..67996.34 rows=1804425 width=12) (actual rows=1801820 loops=1)
         Filter: (desktop_id < 11127629)
         Rows Removed by Filter: 75958
         Buffers: shared hit=162 read=44358
   ->  Index Scan using relation_7_pkey on relation_7 source_2  (cost=0.42..7.63 rows=1 width=12) (actual rows=0 loops=1)
         Index Cond: (laptop_id < 11127629)
         Buffers: shared hit=3
 Planning:
   Buffers: shared hit=11 read=2
 Planning Time: 0.142 ms
 Execution Time: 205.756 ms
(16 rows)

-- Q069 [selection_projection] occurrence 1/1
-- Original E/R: SELECT DISTINCT e.delivery_type, e.product_id, e.license_type, e.sku FROM Software e WHERE e.product_id < 16793771;
EXPLAIN (ANALYZE, BUFFERS, TIMING OFF, SUMMARY ON, FORMAT TEXT)
WITH
"b0" AS (
    SELECT
        "source"."delivery_type" AS "delivery_type",
        "source"."software_id" AS "product_id",
        "source"."sku" AS "sku",
        "source"."license_type" AS "license_type"
    FROM "relation_21" AS "source"
)
SELECT DISTINCT 
    "b0"."delivery_type" AS "delivery_type",
    "b0"."product_id" AS "product_id",
    "b0"."license_type" AS "license_type",
    "b0"."sku" AS "sku"
FROM "b0"
WHERE ("b0"."product_id" < 16793771);
                                                QUERY PLAN                                                 
-----------------------------------------------------------------------------------------------------------
 HashAggregate  (cost=644.38..764.26 rows=11988 width=43) (actual rows=11988 loops=1)
   Group Key: source.delivery_type, source.software_id, source.license_type, source.sku
   Batches: 1  Memory Usage: 1425kB
   Buffers: shared hit=1 read=336
   ->  Seq Scan on relation_21 source  (cost=0.00..524.50 rows=11988 width=43) (actual rows=11988 loops=1)
         Filter: (software_id < 16793771)
         Rows Removed by Filter: 3012
         Buffers: shared hit=1 read=336
 Planning:
   Buffers: shared hit=5 read=1
 Planning Time: 0.079 ms
 Execution Time: 4.557 ms
(12 rows)

-- Q070 [aggregation] occurrence 1/1
-- Original E/R: SELECT e2.sku, COUNT(DISTINCT REF(e1)) AS related_count FROM order_returns r JOIN CustOrder e1 ON ENDPOINT(r, CustOrder) = REF(e1) JOIN Product e2 ON ENDPOINT(r, Product) = REF(e2) WHERE e1.placed_at > '2023-10-22' GROUP BY REF(e2), e2.sku HAVING COUNT(DISTINCT REF(e1)) >= 2;
EXPLAIN (ANALYZE, BUFFERS, TIMING OFF, SUMMARY ON, FORMAT TEXT)
WITH
"b0" AS (
    SELECT
        "source"."custorder_id" AS "__endpoint_custorder_0",
        "source"."product_id" AS "__endpoint_product_0"
    FROM "relation_57" AS "source"
),
"b1" AS (
    SELECT
        "source"."placed_at" AS "placed_at",
        "source"."custorder_id" AS "__reference_0"
    FROM "relation_37" AS "source"
),
"b2" AS (
    SELECT
        "source"."sku" AS "sku",
        "source"."product_id" AS "__reference_0"
    FROM "relation_1" AS "source"
    UNION ALL
    SELECT
        "source"."sku" AS "sku",
        "source"."physicalproduct_id" AS "__reference_0"
    FROM "relation_2" AS "source"
    UNION ALL
    SELECT
        "source"."sku" AS "sku",
        "source"."electronics_id" AS "__reference_0"
    FROM "relation_4" AS "source"
    UNION ALL
    SELECT
        "source"."sku" AS "sku",
        "source"."computer_id" AS "__reference_0"
    FROM "relation_5" AS "source"
    UNION ALL
    SELECT
        "source"."sku" AS "sku",
        "source"."desktop_id" AS "__reference_0"
    FROM "relation_6" AS "source"
    UNION ALL
    SELECT
        "source"."sku" AS "sku",
        "source"."laptop_id" AS "__reference_0"
    FROM "relation_7" AS "source"
    UNION ALL
    SELECT
        "source"."sku" AS "sku",
        "source"."tablet_id" AS "__reference_0"
    FROM "relation_8" AS "source"
    UNION ALL
    SELECT
        "source"."sku" AS "sku",
        "source"."smartwatch_id" AS "__reference_0"
    FROM "relation_9" AS "source"
    UNION ALL
    SELECT
        "source"."sku" AS "sku",
        "source"."camera_id" AS "__reference_0"
    FROM "relation_10" AS "source"
    UNION ALL
    SELECT
        "source"."sku" AS "sku",
        "source"."phone_id" AS "__reference_0"
    FROM "relation_11" AS "source"
    UNION ALL
    SELECT
        "source"."sku" AS "sku",
        "source"."accessory_id" AS "__reference_0"
    FROM "relation_12" AS "source"
    UNION ALL
    SELECT
        "source"."sku" AS "sku",
        "source"."appliance_id" AS "__reference_0"
    FROM "relation_13" AS "source"
    UNION ALL
    SELECT
        "source"."sku" AS "sku",
        "source"."kitchenappliance_id" AS "__reference_0"
    FROM "relation_14" AS "source"
    UNION ALL
    SELECT
        "source"."sku" AS "sku",
        "source"."apparel_id" AS "__reference_0"
    FROM "relation_15" AS "source"
    UNION ALL
    SELECT
        "source"."sku" AS "sku",
        "source"."clothing_id" AS "__reference_0"
    FROM "relation_16" AS "source"
    UNION ALL
    SELECT
        "source"."sku" AS "sku",
        "source"."menclothing_id" AS "__reference_0"
    FROM "relation_17" AS "source"
    UNION ALL
    SELECT
        "source"."sku" AS "sku",
        "source"."womenclothing_id" AS "__reference_0"
    FROM "relation_18" AS "source"
    UNION ALL
    SELECT
        "source"."sku" AS "sku",
        "source"."footwear_id" AS "__reference_0"
    FROM "relation_19" AS "source"
    UNION ALL
    SELECT
        "source"."sku" AS "sku",
        "source"."digitalproduct_id" AS "__reference_0"
    FROM "relation_3" AS "source"
    UNION ALL
    SELECT
        "source"."sku" AS "sku",
        "source"."media_id" AS "__reference_0"
    FROM "relation_20" AS "source"
    UNION ALL
    SELECT
        "source"."sku" AS "sku",
        "source"."software_id" AS "__reference_0"
    FROM "relation_21" AS "source"
)
SELECT 
    "b2"."sku" AS "sku",
    COUNT(DISTINCT "b1"."__reference_0") AS "related_count"
FROM (("b0" INNER JOIN "b1" ON ("b0"."__endpoint_custorder_0" = "b1"."__reference_0")) INNER JOIN "b2" ON ("b0"."__endpoint_product_0" = "b2"."__reference_0"))
WHERE ("b1"."placed_at" > '2023-10-22')
GROUP BY
    "b2"."__reference_0",
    "b2"."sku"
HAVING (COUNT(DISTINCT "b1"."__reference_0") >= 2);
                                                                                  QUERY PLAN                                                                                   
-------------------------------------------------------------------------------------------------------------------------------------------------------------------------------
 GroupAggregate  (cost=4131.48..1168616.29 rows=13333 width=30) (actual rows=4 loops=1)
   Group Key: source_2.product_id, source_2.sku
   Filter: (count(DISTINCT source_1.custorder_id) >= 2)
   Rows Removed by Filter: 11014
   Buffers: shared hit=585756 read=21097
   ->  Incremental Sort  (cost=4131.48..1092632.96 rows=10064444 width=26) (actual rows=11022 loops=1)
         Sort Key: source_2.product_id, source_2.sku, source_1.custorder_id
         Presorted Key: source_2.product_id
         Full-sort Groups: 345  Sort Method: quicksort  Average Memory: 26kB  Peak Memory: 26kB
         Buffers: shared hit=585756 read=21097
         ->  Nested Loop  (cost=4078.44..507753.34 rows=10064444 width=26) (actual rows=11022 loops=1)
               Buffers: shared hit=585756 read=21097
               ->  Gather Merge  (cost=4078.15..5317.24 rows=10872 width=8) (actual rows=11022 loops=1)
                     Workers Planned: 1
                     Workers Launched: 0
                     Buffers: shared hit=571 read=72
                     ->  Sort  (cost=3078.14..3094.13 rows=6395 width=8) (actual rows=11022 loops=1)
                           Sort Key: source.product_id
                           Sort Method: quicksort  Memory: 729kB
                           Buffers: shared hit=571 read=72
                           ->  Hash Join  (cost=2180.25..2673.89 rows=6395 width=8) (actual rows=11022 loops=1)
                                 Hash Cond: (source.custorder_id = source_1.custorder_id)
                                 Buffers: shared hit=571 read=72
                                 ->  Parallel Index Only Scan using relation_57_pkey on relation_57 source  (cost=0.29..465.89 rows=10681 width=8) (actual rows=18158 loops=1)
                                       Heap Fetches: 0
                                       Buffers: shared hit=4 read=63
                                 ->  Hash  (cost=1579.25..1579.25 rows=48057 width=4) (actual rows=48330 loops=1)
                                       Buckets: 65536  Batches: 1  Memory Usage: 2212kB
                                       Buffers: shared hit=567 read=9
                                       ->  Seq Scan on relation_37 source_1  (cost=0.00..1579.25 rows=48057 width=4) (actual rows=48330 loops=1)
                                             Filter: ((placed_at)::text > '2023-10-22'::text)
                                             Rows Removed by Filter: 31930
                                             Buffers: shared hit=567 read=9
               ->  Append  (cost=0.29..46.00 rows=21 width=22) (actual rows=1 loops=11022)
                     Buffers: shared hit=585185 read=21025
                     ->  Index Scan using relation_1_pkey on relation_1 source_2  (cost=0.29..0.63 rows=1 width=22) (actual rows=0 loops=11022)
                           Index Cond: (product_id = source.product_id)
                           Buffers: shared hit=22006 read=92
                     ->  Index Scan using relation_2_pkey on relation_2 source_3  (cost=0.29..0.75 rows=1 width=22) (actual rows=0 loops=11022)
                           Index Cond: (physicalproduct_id = source.product_id)
                           Buffers: shared hit=21985 read=133
                     ->  Index Scan using relation_4_pkey on relation_4 source_4  (cost=0.43..7.56 rows=1 width=22) (actual rows=1 loops=11022)
                           Index Cond: (electronics_id = source.product_id)
                           Buffers: shared hit=27739 read=11199
                     ->  Index Scan using relation_5_pkey on relation_5 source_5  (cost=0.29..0.94 rows=1 width=22) (actual rows=0 loops=11022)
                           Index Cond: (computer_id = source.product_id)
                           Buffers: shared hit=21984 read=126
                     ->  Index Scan using relation_6_pkey on relation_6 source_6  (cost=0.43..5.41 rows=1 width=22) (actual rows=0 loops=11022)
                           Index Cond: (desktop_id = source.product_id)
                           Buffers: shared hit=31984 read=2264
                     ->  Index Scan using relation_7_pkey on relation_7 source_7  (cost=0.42..1.26 rows=1 width=22) (actual rows=0 loops=11022)
                           Index Cond: (laptop_id = source.product_id)
                           Buffers: shared hit=32978 read=187
                     ->  Index Scan using relation_8_pkey on relation_8 source_8  (cost=0.29..0.84 rows=1 width=22) (actual rows=0 loops=11022)
                           Index Cond: (tablet_id = source.product_id)
                           Buffers: shared hit=21999 read=91
                     ->  Index Scan using relation_9_pkey on relation_9 source_9  (cost=0.42..3.03 rows=1 width=22) (actual rows=0 loops=11022)
                           Index Cond: (smartwatch_id = source.product_id)
                           Buffers: shared hit=32784 read=594
                     ->  Index Scan using relation_10_pkey on relation_10 source_10  (cost=0.42..1.35 rows=1 width=22) (actual rows=0 loops=11022)
                           Index Cond: (camera_id = source.product_id)
                           Buffers: shared hit=32956 read=229
                     ->  Index Scan using relation_11_pkey on relation_11 source_11  (cost=0.42..3.58 rows=1 width=22) (actual rows=0 loops=11022)
                           Index Cond: (phone_id = source.product_id)
                           Buffers: shared hit=32642 read=889
                     ->  Index Scan using relation_12_pkey on relation_12 source_12  (cost=0.42..1.29 rows=1 width=22) (actual rows=0 loops=11022)
                           Index Cond: (accessory_id = source.product_id)
                           Buffers: shared hit=32985 read=172
                     ->  Index Scan using relation_13_pkey on relation_13 source_13  (cost=0.29..0.64 rows=1 width=22) (actual rows=0 loops=11022)
                           Index Cond: (appliance_id = source.product_id)
                           Buffers: shared hit=22008 read=76
                     ->  Index Scan using relation_14_pkey on relation_14 source_14  (cost=0.42..1.90 rows=1 width=22) (actual rows=0 loops=11022)
                           Index Cond: (kitchenappliance_id = source.product_id)
                           Buffers: shared hit=32906 read=339
                     ->  Index Scan using relation_15_pkey on relation_15 source_15  (cost=0.42..2.43 rows=1 width=22) (actual rows=0 loops=11022)
                           Index Cond: (apparel_id = source.product_id)
                           Buffers: shared hit=32844 read=473
                     ->  Index Scan using relation_16_pkey on relation_16 source_16  (cost=0.42..2.20 rows=1 width=22) (actual rows=0 loops=11022)
                           Index Cond: (clothing_id = source.product_id)
                           Buffers: shared hit=32895 read=360
                     ->  Index Scan using relation_17_pkey on relation_17 source_17  (cost=0.43..5.29 rows=1 width=22) (actual rows=0 loops=11022)
                           Index Cond: (menclothing_id = source.product_id)
                           Buffers: shared hit=32042 read=2128
                     ->  Index Scan using relation_18_pkey on relation_18 source_18  (cost=0.29..0.98 rows=1 width=22) (actual rows=0 loops=11022)
                           Index Cond: (womenclothing_id = source.product_id)
                           Buffers: shared hit=21977 read=144
                     ->  Index Scan using relation_19_pkey on relation_19 source_19  (cost=0.29..0.46 rows=1 width=22) (actual rows=0 loops=11022)
                           Index Cond: (footwear_id = source.product_id)
                           Buffers: shared hit=22034 read=23
                     ->  Index Scan using relation_3_pkey on relation_3 source_20  (cost=0.29..0.67 rows=1 width=22) (actual rows=0 loops=11022)
                           Index Cond: (digitalproduct_id = source.product_id)
                           Buffers: shared hit=22005 read=86
                     ->  Index Scan using relation_20_pkey on relation_20 source_21  (cost=0.43..4.31 rows=1 width=22) (actual rows=0 loops=11022)
                           Index Cond: (media_id = source.product_id)
                           Buffers: shared hit=32394 read=1405
                     ->  Index Scan using relation_21_pkey on relation_21 source_22  (cost=0.29..0.39 rows=1 width=22) (actual rows=0 loops=11022)
                           Index Cond: (software_id = source.product_id)
                           Buffers: shared hit=22038 read=15
 Planning:
   Buffers: shared hit=8 read=4
 Planning Time: 0.405 ms
 JIT:
   Functions: 122
   Options: Inlining true, Optimization true, Expressions true, Deforming true
 Execution Time: 459.528 ms
(105 rows)

-- Q071 [selection_projection] occurrence 1/1
-- Original E/R: SELECT e.product_name, e.base_price, e.is_active FROM DigitalProduct e WHERE e.product_id > 16116999;
EXPLAIN (ANALYZE, BUFFERS, TIMING OFF, SUMMARY ON, FORMAT TEXT)
WITH
"b0" AS (
    SELECT
        "source"."base_price" AS "base_price",
        "source"."is_active" AS "is_active",
        "source"."digitalproduct_id" AS "product_id",
        "source"."product_name" AS "product_name"
    FROM "relation_3" AS "source"
    UNION ALL
    SELECT
        "source"."base_price" AS "base_price",
        "source"."is_active" AS "is_active",
        "source"."media_id" AS "product_id",
        "source"."product_name" AS "product_name"
    FROM "relation_20" AS "source"
    UNION ALL
    SELECT
        "source"."base_price" AS "base_price",
        "source"."is_active" AS "is_active",
        "source"."software_id" AS "product_id",
        "source"."product_name" AS "product_name"
    FROM "relation_21" AS "source"
)
SELECT 
    "b0"."product_name" AS "product_name",
    "b0"."base_price" AS "base_price",
    "b0"."is_active" AS "is_active"
FROM "b0"
WHERE ("b0"."product_id" > 16116999);
                                                       QUERY PLAN                                                       
------------------------------------------------------------------------------------------------------------------------
 Append  (cost=0.29..40136.91 rows=677794 width=42) (actual rows=679783 loops=1)
   Buffers: shared hit=736 read=22619
   ->  Index Scan using relation_3_pkey on relation_3 source  (cost=0.29..4.31 rows=1 width=42) (actual rows=0 loops=1)
         Index Cond: (digitalproduct_id > 16116999)
         Buffers: shared hit=2
   ->  Seq Scan on relation_20 source_1  (cost=0.00..36219.12 rows=662793 width=42) (actual rows=664783 loops=1)
         Filter: (media_id > 16116999)
         Rows Removed by Filter: 391467
         Buffers: shared hit=726 read=22290
   ->  Seq Scan on relation_21 source_2  (cost=0.00..524.50 rows=15000 width=42) (actual rows=15000 loops=1)
         Filter: (software_id > 16116999)
         Buffers: shared hit=8 read=329
 Planning:
   Buffers: shared hit=4 read=2
 Planning Time: 0.097 ms
 Execution Time: 80.485 ms
(16 rows)

-- Q072 [relationship_join] occurrence 1/1
-- Original E/R: SELECT e1.created_at, e1.purchaseorder_id, e2.is_active, e2.base_price FROM po_items r JOIN PurchaseOrder e1 ON ENDPOINT(r, PurchaseOrder) = REF(e1) JOIN Product e2 ON ENDPOINT(r, Product) = REF(e2) WHERE e1.created_at > '2023-11-02';
EXPLAIN (ANALYZE, BUFFERS, TIMING OFF, SUMMARY ON, FORMAT TEXT)
WITH
"b0" AS (
    SELECT
        "source"."product_id" AS "__endpoint_product_0",
        "source"."purchaseorder_id" AS "__endpoint_purchaseorder_0"
    FROM "relation_62" AS "source"
),
"b1" AS (
    SELECT
        "source"."created_at" AS "created_at",
        "source"."purchaseorder_id" AS "purchaseorder_id",
        "source"."purchaseorder_id" AS "__reference_0"
    FROM "relation_45" AS "source"
),
"b2" AS (
    SELECT
        "source"."base_price" AS "base_price",
        "source"."is_active" AS "is_active",
        "source"."product_id" AS "__reference_0"
    FROM "relation_1" AS "source"
    UNION ALL
    SELECT
        "source"."base_price" AS "base_price",
        "source"."is_active" AS "is_active",
        "source"."physicalproduct_id" AS "__reference_0"
    FROM "relation_2" AS "source"
    UNION ALL
    SELECT
        "source"."base_price" AS "base_price",
        "source"."is_active" AS "is_active",
        "source"."electronics_id" AS "__reference_0"
    FROM "relation_4" AS "source"
    UNION ALL
    SELECT
        "source"."base_price" AS "base_price",
        "source"."is_active" AS "is_active",
        "source"."computer_id" AS "__reference_0"
    FROM "relation_5" AS "source"
    UNION ALL
    SELECT
        "source"."base_price" AS "base_price",
        "source"."is_active" AS "is_active",
        "source"."desktop_id" AS "__reference_0"
    FROM "relation_6" AS "source"
    UNION ALL
    SELECT
        "source"."base_price" AS "base_price",
        "source"."is_active" AS "is_active",
        "source"."laptop_id" AS "__reference_0"
    FROM "relation_7" AS "source"
    UNION ALL
    SELECT
        "source"."base_price" AS "base_price",
        "source"."is_active" AS "is_active",
        "source"."tablet_id" AS "__reference_0"
    FROM "relation_8" AS "source"
    UNION ALL
    SELECT
        "source"."base_price" AS "base_price",
        "source"."is_active" AS "is_active",
        "source"."smartwatch_id" AS "__reference_0"
    FROM "relation_9" AS "source"
    UNION ALL
    SELECT
        "source"."base_price" AS "base_price",
        "source"."is_active" AS "is_active",
        "source"."camera_id" AS "__reference_0"
    FROM "relation_10" AS "source"
    UNION ALL
    SELECT
        "source"."base_price" AS "base_price",
        "source"."is_active" AS "is_active",
        "source"."phone_id" AS "__reference_0"
    FROM "relation_11" AS "source"
    UNION ALL
    SELECT
        "source"."base_price" AS "base_price",
        "source"."is_active" AS "is_active",
        "source"."accessory_id" AS "__reference_0"
    FROM "relation_12" AS "source"
    UNION ALL
    SELECT
        "source"."base_price" AS "base_price",
        "source"."is_active" AS "is_active",
        "source"."appliance_id" AS "__reference_0"
    FROM "relation_13" AS "source"
    UNION ALL
    SELECT
        "source"."base_price" AS "base_price",
        "source"."is_active" AS "is_active",
        "source"."kitchenappliance_id" AS "__reference_0"
    FROM "relation_14" AS "source"
    UNION ALL
    SELECT
        "source"."base_price" AS "base_price",
        "source"."is_active" AS "is_active",
        "source"."apparel_id" AS "__reference_0"
    FROM "relation_15" AS "source"
    UNION ALL
    SELECT
        "source"."base_price" AS "base_price",
        "source"."is_active" AS "is_active",
        "source"."clothing_id" AS "__reference_0"
    FROM "relation_16" AS "source"
    UNION ALL
    SELECT
        "source"."base_price" AS "base_price",
        "source"."is_active" AS "is_active",
        "source"."menclothing_id" AS "__reference_0"
    FROM "relation_17" AS "source"
    UNION ALL
    SELECT
        "source"."base_price" AS "base_price",
        "source"."is_active" AS "is_active",
        "source"."womenclothing_id" AS "__reference_0"
    FROM "relation_18" AS "source"
    UNION ALL
    SELECT
        "source"."base_price" AS "base_price",
        "source"."is_active" AS "is_active",
        "source"."footwear_id" AS "__reference_0"
    FROM "relation_19" AS "source"
    UNION ALL
    SELECT
        "source"."base_price" AS "base_price",
        "source"."is_active" AS "is_active",
        "source"."digitalproduct_id" AS "__reference_0"
    FROM "relation_3" AS "source"
    UNION ALL
    SELECT
        "source"."base_price" AS "base_price",
        "source"."is_active" AS "is_active",
        "source"."media_id" AS "__reference_0"
    FROM "relation_20" AS "source"
    UNION ALL
    SELECT
        "source"."base_price" AS "base_price",
        "source"."is_active" AS "is_active",
        "source"."software_id" AS "__reference_0"
    FROM "relation_21" AS "source"
)
SELECT 
    "b1"."created_at" AS "created_at",
    "b1"."purchaseorder_id" AS "purchaseorder_id",
    "b2"."is_active" AS "is_active",
    "b2"."base_price" AS "base_price"
FROM (("b0" INNER JOIN "b1" ON ("b0"."__endpoint_purchaseorder_0" = "b1"."__reference_0")) INNER JOIN "b2" ON ("b0"."__endpoint_product_0" = "b2"."__reference_0"))
WHERE ("b1"."created_at" > '2023-11-02');
                                                           QUERY PLAN                                                           
--------------------------------------------------------------------------------------------------------------------------------
 Hash Join  (cost=7315.80..785945.58 rows=9934998 width=23) (actual rows=91320 loops=1)
   Hash Cond: (source_2.product_id = source.product_id)
   Buffers: shared hit=297 read=365639
   ->  Append  (cost=0.00..616290.24 rows=16797216 width=12) (actual rows=16796782 loops=1)
         Buffers: shared hit=297 read=364035
         ->  Seq Scan on relation_1 source_2  (cost=0.00..1891.99 rows=61999 width=12) (actual rows=61999 loops=1)
               Buffers: shared hit=1 read=1271
         ->  Seq Scan on relation_2 source_3  (cost=0.00..2634.65 rows=85865 width=12) (actual rows=85865 loops=1)
               Buffers: shared read=1776
         ->  Seq Scan on relation_4 source_4  (cost=0.00..278760.45 rows=9004045 width=12) (actual rows=9004045 loops=1)
               Buffers: shared hit=266 read=188454
         ->  Seq Scan on relation_5 source_5  (cost=0.00..3543.90 rows=107190 width=12) (actual rows=107190 loops=1)
               Buffers: shared hit=7 read=2465
         ->  Seq Scan on relation_6 source_6  (cost=0.00..63301.07 rows=1878107 width=12) (actual rows=1877778 loops=1)
               Buffers: shared hit=10 read=44510
         ->  Seq Scan on relation_7 source_7  (cost=0.00..4636.70 rows=139670 width=12) (actual rows=139670 loops=1)
               Buffers: shared hit=3 read=3237
         ->  Seq Scan on relation_8 source_8  (cost=0.00..3152.00 rows=100000 width=12) (actual rows=100000 loops=1)
               Buffers: shared read=2152
         ->  Seq Scan on relation_9 source_9  (cost=0.00..14782.45 rows=469445 width=12) (actual rows=469445 loops=1)
               Buffers: shared hit=5 read=10083
         ->  Seq Scan on relation_10 source_10  (cost=0.00..5378.01 rows=169001 width=12) (actual rows=169001 loops=1)
               Buffers: shared read=3688
         ->  Seq Scan on relation_11 source_11  (cost=0.00..21840.01 rows=676001 width=12) (actual rows=676001 loops=1)
               Buffers: shared hit=4 read=15076
         ->  Seq Scan on relation_12 source_12  (cost=0.00..4688.98 rows=144898 width=12) (actual rows=144898 loops=1)
               Buffers: shared read=3240
         ->  Seq Scan on relation_13 source_13  (cost=0.00..1921.20 rows=60120 width=12) (actual rows=60120 loops=1)
               Buffers: shared read=1320
         ->  Seq Scan on relation_14 source_14  (cost=0.00..8320.63 rows=264063 width=12) (actual rows=264063 loops=1)
               Buffers: shared read=5680
         ->  Seq Scan on relation_15 source_15  (cost=0.00..11367.62 rows=364762 width=12) (actual rows=364762 loops=1)
               Buffers: shared read=7720
         ->  Seq Scan on relation_16 source_16  (cost=0.00..9547.82 rows=297982 width=12) (actual rows=297982 loops=1)
               Buffers: shared read=6568
         ->  Seq Scan on relation_17 source_17  (cost=0.00..55533.05 rows=1690105 width=12) (actual rows=1690000 loops=1)
               Buffers: shared read=38632
         ->  Seq Scan on relation_18 source_18  (cost=0.00..3901.62 rows=117362 width=12) (actual rows=117362 loops=1)
               Buffers: shared read=2728
         ->  Seq Scan on relation_19 source_19  (cost=0.00..913.42 rows=28642 width=12) (actual rows=28642 loops=1)
               Buffers: shared read=627
         ->  Seq Scan on relation_3 source_20  (cost=0.00..2123.09 rows=66709 width=12) (actual rows=66709 loops=1)
               Buffers: shared read=1456
         ->  Seq Scan on relation_20 source_21  (cost=0.00..33578.50 rows=1056250 width=12) (actual rows=1056250 loops=1)
               Buffers: shared read=23016
         ->  Seq Scan on relation_21 source_22  (cost=0.00..487.00 rows=15000 width=12) (actual rows=15000 loops=1)
               Buffers: shared hit=1 read=336
   ->  Hash  (cost=6195.33..6195.33 rows=89638 width=19) (actual rows=91320 loops=1)
         Buckets: 131072  Batches: 1  Memory Usage: 5662kB
         Buffers: shared read=1604
         ->  Hash Join  (cost=3544.36..6195.33 rows=89638 width=19) (actual rows=91320 loops=1)
               Hash Cond: (source.purchaseorder_id = source_1.purchaseorder_id)
               Buffers: shared read=1604
               ->  Seq Scan on relation_62 source  (cost=0.00..2249.47 rows=152947 width=8) (actual rows=152947 loops=1)
                     Buffers: shared read=720
               ->  Hash  (cost=2561.32..2561.32 rows=78643 width=15) (actual rows=80110 loops=1)
                     Buckets: 131072  Batches: 1  Memory Usage: 4780kB
                     Buffers: shared read=884
                     ->  Seq Scan on relation_45 source_1  (cost=0.00..2561.32 rows=78643 width=15) (actual rows=80110 loops=1)
                           Filter: ((created_at)::text > '2023-11-02'::text)
                           Rows Removed by Filter: 54076
                           Buffers: shared read=884
 Planning:
   Buffers: shared hit=4 read=10
 Planning Time: 0.352 ms
 JIT:
   Functions: 61
   Options: Inlining true, Optimization true, Expressions true, Deforming true
 Execution Time: 2058.469 ms
(69 rows)

-- Q073 [weak_owner] occurrence 1/1
-- Original E/R: SELECT w.carrier, w.tracking_no FROM Shipment w WHERE w.carrier < 'USPS';
EXPLAIN (ANALYZE, BUFFERS, TIMING OFF, SUMMARY ON, FORMAT TEXT)
WITH
"b0" AS (
    SELECT
        "source"."carrier" AS "carrier",
        "source"."tracking_no" AS "tracking_no"
    FROM "relation_38" AS "source"
)
SELECT 
    "b0"."carrier" AS "carrier",
    "b0"."tracking_no" AS "tracking_no"
FROM "b0"
WHERE ("b0"."carrier" < 'USPS');
                                             QUERY PLAN                                              
-----------------------------------------------------------------------------------------------------
 Seq Scan on relation_38 source  (cost=0.00..529.23 rows=18188 width=17) (actual rows=18188 loops=1)
   Filter: ((carrier)::text < 'USPS'::text)
   Rows Removed by Filter: 6150
   Buffers: shared read=225
 Planning:
   Buffers: shared hit=3 read=3
 Planning Time: 0.069 ms
 Execution Time: 2.133 ms
(8 rows)

-- Q074 [complex_multi_join] occurrence 1/1
-- Original E/R: SELECT e1.product_id, e2.sku, e3.product_id FROM bundle_phones r1 JOIN Phone e1 ON ENDPOINT(r1, bundle_phone_id) = REF(e1) JOIN Phone e2 ON ENDPOINT(r1, phone_id) = REF(e2) JOIN bundled_phone_accessory r2 ON ENDPOINT(r2, Phone) = REF(e2) JOIN Accessory e3 ON ENDPOINT(r2, Accessory) = REF(e3) WHERE e3.base_price > 120;
EXPLAIN (ANALYZE, BUFFERS, TIMING OFF, SUMMARY ON, FORMAT TEXT)
WITH
"b0" AS (
    SELECT
        "source"."bundle_phone_phone_id" AS "__endpoint_bundle_phone_id_0",
        "source"."phone_id" AS "__endpoint_phone_id_0"
    FROM "relation_64" AS "source"
),
"b1" AS (
    SELECT
        "source"."phone_id" AS "product_id",
        "source"."phone_id" AS "__reference_0"
    FROM "relation_11" AS "source"
),
"b2" AS (
    SELECT
        "source"."sku" AS "sku",
        "source"."phone_id" AS "__reference_0"
    FROM "relation_11" AS "source"
),
"b3" AS (
    SELECT
        "source"."accessory_id" AS "__endpoint_accessory_0",
        "source"."phone_id" AS "__endpoint_phone_0"
    FROM "relation_65" AS "source"
),
"b4" AS (
    SELECT
        "source"."base_price" AS "base_price",
        "source"."accessory_id" AS "product_id",
        "source"."accessory_id" AS "__reference_0"
    FROM "relation_12" AS "source"
)
SELECT 
    "b1"."product_id" AS "product_id",
    "b2"."sku" AS "sku",
    "b4"."product_id" AS "product_id"
FROM (((("b0" INNER JOIN "b1" ON ("b0"."__endpoint_bundle_phone_id_0" = "b1"."__reference_0")) INNER JOIN "b2" ON ("b0"."__endpoint_phone_id_0" = "b2"."__reference_0")) INNER JOIN "b3" ON ("b3"."__endpoint_phone_0" = "b2"."__reference_0")) INNER JOIN "b4" ON ("b3"."__endpoint_accessory_0" = "b4"."__reference_0"))
WHERE ("b4"."base_price" > 120);
                                                                     QUERY PLAN                                                                     
----------------------------------------------------------------------------------------------------------------------------------------------------
 Hash Join  (cost=88172.38..122997.61 rows=1039625 width=26) (actual rows=844163 loops=1)
   Hash Cond: (source.bundle_phone_phone_id = source_1.phone_id)
   Buffers: shared hit=3277 read=27639
   ->  Hash Join  (cost=57927.87..90024.07 rows=1039625 width=26) (actual rows=844163 loops=1)
         Hash Cond: (source.phone_id = source_2.phone_id)
         Buffers: shared hit=3272 read=24744
         ->  Seq Scan on relation_64 source  (cost=0.00..18761.17 rows=1298517 width=8) (actual rows=1298517 loops=1)
               Buffers: shared read=5776
         ->  Hash  (cost=52418.95..52418.95 rows=440714 width=30) (actual rows=439240 loops=1)
               Buckets: 524288  Batches: 1  Memory Usage: 31549kB
               Buffers: shared hit=3272 read=18968
               ->  Hash Join  (cost=36249.79..52418.95 rows=440714 width=30) (actual rows=439240 loops=1)
                     Hash Cond: (source_3.phone_id = source_2.phone_id)
                     Buffers: shared hit=3272 read=18968
                     ->  Hash Join  (cost=5959.76..20972.04 rows=440714 width=8) (actual rows=439240 loops=1)
                           Hash Cond: (source_3.accessory_id = source_4.accessory_id)
                           Buffers: shared hit=3240 read=3920
                           ->  Seq Scan on relation_65 source_3  (cost=0.00..12705.91 rows=878591 width=8) (actual rows=878591 loops=1)
                                 Buffers: shared read=3920
                           ->  Hash  (cost=5051.23..5051.23 rows=72683 width=4) (actual rows=72480 loops=1)
                                 Buckets: 131072  Batches: 1  Memory Usage: 3573kB
                                 Buffers: shared hit=3240
                                 ->  Seq Scan on relation_12 source_4  (cost=0.00..5051.23 rows=72683 width=4) (actual rows=72480 loops=1)
                                       Filter: (base_price > 120)
                                       Rows Removed by Filter: 72418
                                       Buffers: shared hit=3240
                     ->  Hash  (cost=21840.01..21840.01 rows=676001 width=22) (actual rows=676001 loops=1)
                           Buckets: 1048576  Batches: 1  Memory Usage: 45161kB
                           Buffers: shared hit=32 read=15048
                           ->  Seq Scan on relation_11 source_2  (cost=0.00..21840.01 rows=676001 width=22) (actual rows=676001 loops=1)
                                 Buffers: shared hit=32 read=15048
   ->  Hash  (cost=21794.49..21794.49 rows=676001 width=4) (actual rows=676001 loops=1)
         Buckets: 1048576  Batches: 1  Memory Usage: 31958kB
         Buffers: shared hit=5 read=2895
         ->  Index Only Scan using relation_11_pkey on relation_11 source_1  (cost=0.42..21794.49 rows=676001 width=4) (actual rows=676001 loops=1)
               Heap Fetches: 0
               Buffers: shared hit=5 read=2895
 Planning:
   Buffers: shared hit=69 read=22
 Planning Time: 11.361 ms
 JIT:
   Functions: 36
   Options: Inlining false, Optimization false, Expressions true, Deforming true
 Execution Time: 757.569 ms
(44 rows)

-- Q075 [relationship_join] occurrence 1/1
-- Original E/R: SELECT e1.is_active, e1.sku, e2.tag_name, e2.tag_id FROM product_tags r JOIN Product e1 ON ENDPOINT(r, Product) = REF(e1) JOIN Tag e2 ON ENDPOINT(r, Tag) = REF(e2) WHERE e1.sku >= 'SKU-UisD-54179086';
EXPLAIN (ANALYZE, BUFFERS, TIMING OFF, SUMMARY ON, FORMAT TEXT)
WITH
"b0" AS (
    SELECT
        "source"."product_id" AS "__endpoint_product_0",
        "source"."tag_id" AS "__endpoint_tag_0"
    FROM "relation_48" AS "source"
),
"b1" AS (
    SELECT
        "source"."is_active" AS "is_active",
        "source"."sku" AS "sku",
        "source"."product_id" AS "__reference_0"
    FROM "relation_1" AS "source"
    UNION ALL
    SELECT
        "source"."is_active" AS "is_active",
        "source"."sku" AS "sku",
        "source"."physicalproduct_id" AS "__reference_0"
    FROM "relation_2" AS "source"
    UNION ALL
    SELECT
        "source"."is_active" AS "is_active",
        "source"."sku" AS "sku",
        "source"."electronics_id" AS "__reference_0"
    FROM "relation_4" AS "source"
    UNION ALL
    SELECT
        "source"."is_active" AS "is_active",
        "source"."sku" AS "sku",
        "source"."computer_id" AS "__reference_0"
    FROM "relation_5" AS "source"
    UNION ALL
    SELECT
        "source"."is_active" AS "is_active",
        "source"."sku" AS "sku",
        "source"."desktop_id" AS "__reference_0"
    FROM "relation_6" AS "source"
    UNION ALL
    SELECT
        "source"."is_active" AS "is_active",
        "source"."sku" AS "sku",
        "source"."laptop_id" AS "__reference_0"
    FROM "relation_7" AS "source"
    UNION ALL
    SELECT
        "source"."is_active" AS "is_active",
        "source"."sku" AS "sku",
        "source"."tablet_id" AS "__reference_0"
    FROM "relation_8" AS "source"
    UNION ALL
    SELECT
        "source"."is_active" AS "is_active",
        "source"."sku" AS "sku",
        "source"."smartwatch_id" AS "__reference_0"
    FROM "relation_9" AS "source"
    UNION ALL
    SELECT
        "source"."is_active" AS "is_active",
        "source"."sku" AS "sku",
        "source"."camera_id" AS "__reference_0"
    FROM "relation_10" AS "source"
    UNION ALL
    SELECT
        "source"."is_active" AS "is_active",
        "source"."sku" AS "sku",
        "source"."phone_id" AS "__reference_0"
    FROM "relation_11" AS "source"
    UNION ALL
    SELECT
        "source"."is_active" AS "is_active",
        "source"."sku" AS "sku",
        "source"."accessory_id" AS "__reference_0"
    FROM "relation_12" AS "source"
    UNION ALL
    SELECT
        "source"."is_active" AS "is_active",
        "source"."sku" AS "sku",
        "source"."appliance_id" AS "__reference_0"
    FROM "relation_13" AS "source"
    UNION ALL
    SELECT
        "source"."is_active" AS "is_active",
        "source"."sku" AS "sku",
        "source"."kitchenappliance_id" AS "__reference_0"
    FROM "relation_14" AS "source"
    UNION ALL
    SELECT
        "source"."is_active" AS "is_active",
        "source"."sku" AS "sku",
        "source"."apparel_id" AS "__reference_0"
    FROM "relation_15" AS "source"
    UNION ALL
    SELECT
        "source"."is_active" AS "is_active",
        "source"."sku" AS "sku",
        "source"."clothing_id" AS "__reference_0"
    FROM "relation_16" AS "source"
    UNION ALL
    SELECT
        "source"."is_active" AS "is_active",
        "source"."sku" AS "sku",
        "source"."menclothing_id" AS "__reference_0"
    FROM "relation_17" AS "source"
    UNION ALL
    SELECT
        "source"."is_active" AS "is_active",
        "source"."sku" AS "sku",
        "source"."womenclothing_id" AS "__reference_0"
    FROM "relation_18" AS "source"
    UNION ALL
    SELECT
        "source"."is_active" AS "is_active",
        "source"."sku" AS "sku",
        "source"."footwear_id" AS "__reference_0"
    FROM "relation_19" AS "source"
    UNION ALL
    SELECT
        "source"."is_active" AS "is_active",
        "source"."sku" AS "sku",
        "source"."digitalproduct_id" AS "__reference_0"
    FROM "relation_3" AS "source"
    UNION ALL
    SELECT
        "source"."is_active" AS "is_active",
        "source"."sku" AS "sku",
        "source"."media_id" AS "__reference_0"
    FROM "relation_20" AS "source"
    UNION ALL
    SELECT
        "source"."is_active" AS "is_active",
        "source"."sku" AS "sku",
        "source"."software_id" AS "__reference_0"
    FROM "relation_21" AS "source"
),
"b2" AS (
    SELECT
        "source"."tag_id" AS "tag_id",
        "source"."tag_name" AS "tag_name",
        "source"."tag_id" AS "__reference_0"
    FROM "relation_30" AS "source"
)
SELECT 
    "b1"."is_active" AS "is_active",
    "b1"."sku" AS "sku",
    "b2"."tag_name" AS "tag_name",
    "b2"."tag_id" AS "tag_id"
FROM (("b0" INNER JOIN "b1" ON ("b0"."__endpoint_product_0" = "b1"."__reference_0")) INNER JOIN "b2" ON ("b0"."__endpoint_tag_0" = "b2"."__reference_0"))
WHERE ("b1"."sku" >= 'SKU-UisD-54179086');
                                                          QUERY PLAN                                                           
-------------------------------------------------------------------------------------------------------------------------------
 Hash Join  (cost=966753.89..2235392.68 rows=27824645 width=32) (actual rows=6809329 loops=1)
   Hash Cond: (source.tag_id = source_22.tag_id)
   Buffers: shared read=503267, temp read=120231 written=120231
   ->  Hash Join  (cost=963457.86..2159054.35 rows=27824645 width=26) (actual rows=6809329 loops=1)
         Hash Cond: (source_1.product_id = source.product_id)
         Buffers: shared read=502652, temp read=120231 written=120231
         ->  Append  (cost=0.00..592737.08 rows=3687975 width=26) (actual rows=3659953 loops=1)
               Buffers: shared read=364332
               ->  Seq Scan on relation_1 source_1  (cost=0.00..2046.99 rows=13641 width=26) (actual rows=13635 loops=1)
                     Filter: ((sku)::text >= 'SKU-UisD-54179086'::text)
                     Rows Removed by Filter: 48364
                     Buffers: shared read=1272
               ->  Seq Scan on relation_2 source_2  (cost=0.00..2849.31 rows=18891 width=26) (actual rows=18684 loops=1)
                     Filter: ((sku)::text >= 'SKU-UisD-54179086'::text)
                     Rows Removed by Filter: 67181
                     Buffers: shared read=1776
               ->  Seq Scan on relation_4 source_3  (cost=0.00..301270.56 rows=1981745 width=26) (actual rows=1960846 loops=1)
                     Filter: ((sku)::text >= 'SKU-UisD-54179086'::text)
                     Rows Removed by Filter: 7043199
                     Buffers: shared read=188720
               ->  Seq Scan on relation_5 source_4  (cost=0.00..3811.88 rows=23583 width=26) (actual rows=23292 loops=1)
                     Filter: ((sku)::text >= 'SKU-UisD-54179086'::text)
                     Rows Removed by Filter: 83898
                     Buffers: shared read=2472
               ->  Seq Scan on relation_6 source_5  (cost=0.00..67996.34 rows=412285 width=26) (actual rows=408880 loops=1)
                     Filter: ((sku)::text >= 'SKU-UisD-54179086'::text)
                     Rows Removed by Filter: 1468898
                     Buffers: shared read=44520
               ->  Seq Scan on relation_7 source_6  (cost=0.00..4985.88 rows=30662 width=26) (actual rows=30543 loops=1)
                     Filter: ((sku)::text >= 'SKU-UisD-54179086'::text)
                     Rows Removed by Filter: 109127
                     Buffers: shared read=3240
               ->  Seq Scan on relation_8 source_7  (cost=0.00..3402.00 rows=22001 width=26) (actual rows=21662 loops=1)
                     Filter: ((sku)::text >= 'SKU-UisD-54179086'::text)
                     Rows Removed by Filter: 78338
                     Buffers: shared read=2152
               ->  Seq Scan on relation_9 source_8  (cost=0.00..15956.06 rows=102809 width=26) (actual rows=102439 loops=1)
                     Filter: ((sku)::text >= 'SKU-UisD-54179086'::text)
                     Rows Removed by Filter: 367006
                     Buffers: shared read=10088
               ->  Seq Scan on relation_10 source_9  (cost=0.00..5800.51 rows=37105 width=26) (actual rows=36553 loops=1)
                     Filter: ((sku)::text >= 'SKU-UisD-54179086'::text)
                     Rows Removed by Filter: 132448
                     Buffers: shared read=3688
               ->  Seq Scan on relation_11 source_10  (cost=0.00..23530.01 rows=148417 width=26) (actual rows=147878 loops=1)
                     Filter: ((sku)::text >= 'SKU-UisD-54179086'::text)
                     Rows Removed by Filter: 528123
                     Buffers: shared read=15080
               ->  Seq Scan on relation_12 source_11  (cost=0.00..5051.23 rows=31741 width=26) (actual rows=31684 loops=1)
                     Filter: ((sku)::text >= 'SKU-UisD-54179086'::text)
                     Rows Removed by Filter: 113214
                     Buffers: shared read=3240
               ->  Seq Scan on relation_13 source_12  (cost=0.00..2071.50 rows=13200 width=26) (actual rows=13120 loops=1)
                     Filter: ((sku)::text >= 'SKU-UisD-54179086'::text)
                     Rows Removed by Filter: 47000
                     Buffers: shared read=1320
               ->  Seq Scan on relation_14 source_13  (cost=0.00..8980.79 rows=57746 width=26) (actual rows=57682 loops=1)
                     Filter: ((sku)::text >= 'SKU-UisD-54179086'::text)
                     Rows Removed by Filter: 206381
                     Buffers: shared read=5680
               ->  Seq Scan on relation_15 source_14  (cost=0.00..12279.53 rows=76645 width=26) (actual rows=79533 loops=1)
                     Filter: ((sku)::text >= 'SKU-UisD-54179086'::text)
                     Rows Removed by Filter: 285229
                     Buffers: shared read=7720
               ->  Seq Scan on relation_16 source_15  (cost=0.00..10292.77 rows=65586 width=26) (actual rows=65376 loops=1)
                     Filter: ((sku)::text >= 'SKU-UisD-54179086'::text)
                     Rows Removed by Filter: 232606
                     Buffers: shared read=6568
               ->  Seq Scan on relation_17 source_16  (cost=0.00..59758.31 rows=371015 width=26) (actual rows=368087 loops=1)
                     Filter: ((sku)::text >= 'SKU-UisD-54179086'::text)
                     Rows Removed by Filter: 1321913
                     Buffers: shared read=38632
               ->  Seq Scan on relation_18 source_17  (cost=0.00..4195.02 rows=25818 width=26) (actual rows=25451 loops=1)
                     Filter: ((sku)::text >= 'SKU-UisD-54179086'::text)
                     Rows Removed by Filter: 91911
                     Buffers: shared read=2728
               ->  Seq Scan on relation_19 source_18  (cost=0.00..985.03 rows=6277 width=26) (actual rows=6235 loops=1)
                     Filter: ((sku)::text >= 'SKU-UisD-54179086'::text)
                     Rows Removed by Filter: 22407
                     Buffers: shared read=627
               ->  Seq Scan on relation_3 source_19  (cost=0.00..2289.86 rows=14677 width=26) (actual rows=14531 loops=1)
                     Filter: ((sku)::text >= 'SKU-UisD-54179086'::text)
                     Rows Removed by Filter: 52178
                     Buffers: shared read=1456
               ->  Seq Scan on relation_20 source_20  (cost=0.00..36219.12 rows=230979 width=26) (actual rows=230660 loops=1)
                     Filter: ((sku)::text >= 'SKU-UisD-54179086'::text)
                     Rows Removed by Filter: 825590
                     Buffers: shared read=23016
               ->  Seq Scan on relation_21 source_21  (cost=0.00..524.50 rows=3152 width=26) (actual rows=3182 loops=1)
                     Filter: ((sku)::text >= 'SKU-UisD-54179086'::text)
                     Rows Removed by Filter: 11818
                     Buffers: shared read=337
         ->  Hash  (cost=450798.16..450798.16 rows=31247816 width=8) (actual rows=31247588 loops=1)
               Buckets: 4194304  Batches: 16  Memory Usage: 109218kB
               Buffers: shared read=138320, temp written=100107
               ->  Seq Scan on relation_48 source  (cost=0.00..450798.16 rows=31247816 width=8) (actual rows=31247588 loops=1)
                     Buffers: shared read=138320
   ->  Hash  (cost=1806.57..1806.57 rows=119157 width=10) (actual rows=119157 loops=1)
         Buckets: 131072  Batches: 1  Memory Usage: 6103kB
         Buffers: shared read=615
         ->  Seq Scan on relation_30 source_22  (cost=0.00..1806.57 rows=119157 width=10) (actual rows=119157 loops=1)
               Buffers: shared read=615
 Planning:
   Buffers: shared hit=2 read=6
 Planning Time: 0.463 ms
 JIT:
   Functions: 99
   Options: Inlining true, Optimization true, Expressions true, Deforming true
 Execution Time: 8357.875 ms
(109 rows)

-- Q076 [aggregation] occurrence 1/1
-- Original E/R: SELECT e2.custorder_id, COUNT(DISTINCT REF(e1)) AS related_count FROM payment_order r JOIN PaymentMethod e1 ON ENDPOINT(r, PaymentMethod) = REF(e1) JOIN CustOrder e2 ON ENDPOINT(r, CustOrder) = REF(e2) WHERE e1.is_default > 'false' GROUP BY REF(e2), e2.custorder_id HAVING COUNT(DISTINCT REF(e1)) >= 2;
EXPLAIN (ANALYZE, BUFFERS, TIMING OFF, SUMMARY ON, FORMAT TEXT)
WITH
"b0" AS (
    SELECT
        "source"."custorder_id" AS "__endpoint_custorder_0",
        "source"."payment_order_customer_id" AS "__endpoint_paymentmethod_0",
        "source"."payment_order_payment_method_id" AS "__endpoint_paymentmethod_1"
    FROM "relation_56" AS "source"
),
"b1" AS (
    SELECT
        "source"."is_default" AS "is_default",
        "source"."customer_id" AS "__reference_0",
        "source"."payment_method_id" AS "__reference_1"
    FROM "relation_32" AS "source"
),
"b2" AS (
    SELECT
        "source"."custorder_id" AS "custorder_id",
        "source"."custorder_id" AS "__reference_0"
    FROM "relation_37" AS "source"
)
SELECT 
    "b2"."custorder_id" AS "custorder_id",
    COUNT(DISTINCT ROW("b1"."__reference_0", "b1"."__reference_1")) AS "related_count"
FROM (("b0" INNER JOIN "b1" ON ("b0"."__endpoint_paymentmethod_0" = "b1"."__reference_0" AND "b0"."__endpoint_paymentmethod_1" = "b1"."__reference_1")) INNER JOIN "b2" ON ("b0"."__endpoint_custorder_0" = "b2"."__reference_0"))
WHERE ("b1"."is_default" > 'false')
GROUP BY
    "b2"."__reference_0",
    "b2"."custorder_id"
HAVING (COUNT(DISTINCT ROW("b1"."__reference_0", "b1"."__reference_1")) >= 2);
                                                                              QUERY PLAN                                                                              
----------------------------------------------------------------------------------------------------------------------------------------------------------------------
 GroupAggregate  (cost=4801.76..4801.78 rows=1 width=16) (actual rows=0 loops=1)
   Group Key: source_2.custorder_id
   Filter: (count(DISTINCT (ROW(source_1.customer_id, source_1.payment_method_id))) >= 2)
   Rows Removed by Filter: 15601
   Buffers: shared hit=30942 read=1803
   ->  Sort  (cost=4801.76..4801.77 rows=1 width=12) (actual rows=15601 loops=1)
         Sort Key: source_2.custorder_id, (ROW(source_1.customer_id, source_1.payment_method_id))
         Sort Method: quicksort  Memory: 1481kB
         Buffers: shared hit=30942 read=1803
         ->  Nested Loop  (cost=3342.62..4801.75 rows=1 width=12) (actual rows=15601 loops=1)
               Buffers: shared hit=30942 read=1803
               ->  Hash Join  (cost=3342.33..4801.42 rows=1 width=12) (actual rows=15601 loops=1)
                     Hash Cond: ((source.payment_order_customer_id = source_1.customer_id) AND (source.payment_order_payment_method_id = source_1.payment_method_id))
                     Buffers: shared read=1542
                     ->  Seq Scan on relation_56 source  (cost=0.00..1088.29 rows=70629 width=12) (actual rows=70629 loops=1)
                           Buffers: shared read=382
                     ->  Hash  (cost=2893.71..2893.71 rows=29908 width=8) (actual rows=30697 loops=1)
                           Buckets: 32768  Batches: 1  Memory Usage: 1456kB
                           Buffers: shared read=1160
                           ->  Seq Scan on relation_32 source_1  (cost=0.00..2893.71 rows=29908 width=8) (actual rows=30697 loops=1)
                                 Filter: ((is_default)::text > 'false'::text)
                                 Rows Removed by Filter: 108000
                                 Buffers: shared read=1160
               ->  Index Only Scan using relation_37_pkey on relation_37 source_2  (cost=0.29..0.33 rows=1 width=4) (actual rows=1 loops=15601)
                     Index Cond: (custorder_id = source.custorder_id)
                     Heap Fetches: 0
                     Buffers: shared hit=30942 read=261
 Planning:
   Buffers: shared hit=8 read=15
 Planning Time: 0.285 ms
 Execution Time: 36.615 ms
(31 rows)

-- Q077 [selection_projection] occurrence 1/1
-- Original E/R: SELECT e.product_name, e.sku FROM DigitalProduct e WHERE e.delivery_type <= 'license_key';
EXPLAIN (ANALYZE, BUFFERS, TIMING OFF, SUMMARY ON, FORMAT TEXT)
WITH
"b0" AS (
    SELECT
        "source"."delivery_type" AS "delivery_type",
        "source"."product_name" AS "product_name",
        "source"."sku" AS "sku"
    FROM "relation_3" AS "source"
    UNION ALL
    SELECT
        "source"."delivery_type" AS "delivery_type",
        "source"."product_name" AS "product_name",
        "source"."sku" AS "sku"
    FROM "relation_20" AS "source"
    UNION ALL
    SELECT
        "source"."delivery_type" AS "delivery_type",
        "source"."product_name" AS "product_name",
        "source"."sku" AS "sku"
    FROM "relation_21" AS "source"
)
SELECT 
    "b0"."product_name" AS "product_name",
    "b0"."sku" AS "sku"
FROM "b0"
WHERE ("b0"."delivery_type" <= 'license_key');
                                                   QUERY PLAN                                                    
-----------------------------------------------------------------------------------------------------------------
 Append  (cost=0.00..43592.27 rows=911756 width=52) (actual rows=910777 loops=1)
   Buffers: shared hit=1826 read=22983
   ->  Seq Scan on relation_3 source  (cost=0.00..2289.86 rows=53409 width=52) (actual rows=53460 loops=1)
         Filter: ((delivery_type)::text <= 'license_key'::text)
         Rows Removed by Filter: 13249
         Buffers: shared hit=1456
   ->  Seq Scan on relation_20 source_1  (cost=0.00..36219.12 rows=846373 width=52) (actual rows=845343 loops=1)
         Filter: ((delivery_type)::text <= 'license_key'::text)
         Rows Removed by Filter: 210907
         Buffers: shared hit=33 read=22983
   ->  Seq Scan on relation_21 source_2  (cost=0.00..524.50 rows=11974 width=52) (actual rows=11974 loops=1)
         Filter: ((delivery_type)::text <= 'license_key'::text)
         Rows Removed by Filter: 3026
         Buffers: shared hit=337
 Planning:
   Buffers: shared hit=4 read=2
 Planning Time: 0.081 ms
 Execution Time: 138.533 ms
(18 rows)

-- Q078 [weak_owner] occurrence 1/1
-- Original E/R: SELECT w.image_id FROM ProductImage w WHERE w.url < 'https://placekitten.com/713/549';
EXPLAIN (ANALYZE, BUFFERS, TIMING OFF, SUMMARY ON, FORMAT TEXT)
WITH
"b0" AS (
    SELECT
        "source"."image_id" AS "image_id",
        "source"."url" AS "url"
    FROM "relation_27" AS "source"
)
SELECT 
    "b0"."image_id" AS "image_id"
FROM "b0"
WHERE ("b0"."url" < 'https://placekitten.com/713/549');
                                             QUERY PLAN                                             
----------------------------------------------------------------------------------------------------
 Seq Scan on relation_27 source  (cost=0.00..646.44 rows=21782 width=4) (actual rows=21768 loops=1)
   Filter: ((url)::text < 'https://placekitten.com/713/549'::text)
   Rows Removed by Filter: 2427
   Buffers: shared read=344
 Planning:
   Buffers: shared hit=2 read=1
 Planning Time: 0.086 ms
 Execution Time: 5.146 ms
(8 rows)

-- Q079 [aggregation] occurrence 1/1
-- Original E/R: SELECT e1.product_name, COUNT(DISTINCT REF(e2)) AS related_count FROM stock r JOIN Software e1 ON ENDPOINT(r, Product) = REF(e1) JOIN WarehouseBin e2 ON ENDPOINT(r, WarehouseBin) = REF(e2) WHERE e1.product_id < 16790755 GROUP BY REF(e1), e1.product_name HAVING COUNT(DISTINCT REF(e2)) >= 5;
EXPLAIN (ANALYZE, BUFFERS, TIMING OFF, SUMMARY ON, FORMAT TEXT)
WITH
"b0" AS (
    SELECT
        "source"."product_id" AS "__endpoint_product_0",
        "source"."warehouse_id" AS "__endpoint_warehousebin_0",
        "source"."bin_id" AS "__endpoint_warehousebin_1"
    FROM "relation_59" AS "source"
),
"b1" AS (
    SELECT
        "source"."software_id" AS "product_id",
        "source"."product_name" AS "product_name",
        "source"."software_id" AS "__reference_0"
    FROM "relation_21" AS "source"
),
"b2" AS (
    SELECT
        "source"."warehouse_id" AS "__reference_0",
        "source"."bin_id" AS "__reference_1"
    FROM "relation_42" AS "source"
)
SELECT 
    "b1"."product_name" AS "product_name",
    COUNT(DISTINCT ROW("b2"."__reference_0", "b2"."__reference_1")) AS "related_count"
FROM (("b0" INNER JOIN "b1" ON ("b0"."__endpoint_product_0" = "b1"."__reference_0")) INNER JOIN "b2" ON ("b0"."__endpoint_warehousebin_0" = "b2"."__reference_0" AND "b0"."__endpoint_warehousebin_1" = "b2"."__reference_1"))
WHERE ("b1"."product_id" < 16790755)
GROUP BY
    "b1"."__reference_0",
    "b1"."product_name"
HAVING (COUNT(DISTINCT ROW("b2"."__reference_0", "b2"."__reference_1")) >= 5);
                                                                      QUERY PLAN                                                                      
------------------------------------------------------------------------------------------------------------------------------------------------------
 GroupAggregate  (cost=39382.07..39382.13 rows=1 width=46) (actual rows=0 loops=1)
   Group Key: source_1.software_id
   Filter: (count(DISTINCT (ROW(source_2.warehouse_id, source_2.bin_id))) >= 5)
   Rows Removed by Filter: 3486
   Buffers: shared hit=29103 read=138
   ->  Sort  (cost=39382.07..39382.08 rows=3 width=46) (actual rows=6984 loops=1)
         Sort Key: source_1.software_id, (ROW(source_2.warehouse_id, source_2.bin_id))
         Sort Method: quicksort  Memory: 915kB
         Buffers: shared hit=29103 read=138
         ->  Hash Join  (cost=358.92..39382.05 rows=3 width=46) (actual rows=6984 loops=1)
               Hash Cond: ((source.warehouse_id = source_2.warehouse_id) AND (source.bin_id = source_2.bin_id))
               Buffers: shared hit=29103 read=138
               ->  Nested Loop  (cost=0.72..38861.37 rows=30949 width=46) (actual rows=6984 loops=1)
                     Buffers: shared hit=29103 read=65
                     ->  Index Scan using relation_21_pkey on relation_21 source_1  (cost=0.29..466.36 rows=8972 width=38) (actual rows=8972 loops=1)
                           Index Cond: (software_id < 16790755)
                           Buffers: shared hit=207 read=24
                     ->  Index Only Scan using relation_59_pkey on relation_59 source  (cost=0.43..4.25 rows=3 width=12) (actual rows=1 loops=8972)
                           Index Cond: (product_id = source_1.software_id)
                           Heap Fetches: 0
                           Buffers: shared hit=28896 read=41
               ->  Hash  (cost=187.08..187.08 rows=11408 width=8) (actual rows=11408 loops=1)
                     Buckets: 16384  Batches: 1  Memory Usage: 574kB
                     Buffers: shared read=73
                     ->  Seq Scan on relation_42 source_2  (cost=0.00..187.08 rows=11408 width=8) (actual rows=11408 loops=1)
                           Buffers: shared read=73
 Planning:
   Buffers: shared hit=8 read=15
 Planning Time: 0.263 ms
 Execution Time: 20.213 ms
(30 rows)

-- Q080 [aggregation] occurrence 1/1
-- Original E/R: SELECT e1.dimensions, COUNT(DISTINCT REF(e2)) AS related_count FROM reviews r JOIN Clothing e1 ON ENDPOINT(r, Product) = REF(e1) JOIN Review e2 ON ENDPOINT(r, Review) = REF(e2) WHERE e1.sku >= 'SKU-aYOC-58263401' GROUP BY REF(e1), e1.dimensions HAVING COUNT(DISTINCT REF(e2)) >= 2;
EXPLAIN (ANALYZE, BUFFERS, TIMING OFF, SUMMARY ON, FORMAT TEXT)
WITH
"b0" AS (
    SELECT
        "source"."reviews_product_id" AS "__endpoint_product_0",
        "source"."customer_id" AS "__endpoint_review_0",
        "source"."review_id" AS "__endpoint_review_1"
    FROM "relation_53" AS "source"
),
"b1" AS (
    SELECT
        "source"."dimensions" AS "dimensions",
        "source"."sku" AS "sku",
        "source"."clothing_id" AS "__reference_0"
    FROM "relation_16" AS "source"
    UNION ALL
    SELECT
        "source"."dimensions" AS "dimensions",
        "source"."sku" AS "sku",
        "source"."menclothing_id" AS "__reference_0"
    FROM "relation_17" AS "source"
    UNION ALL
    SELECT
        "source"."dimensions" AS "dimensions",
        "source"."sku" AS "sku",
        "source"."womenclothing_id" AS "__reference_0"
    FROM "relation_18" AS "source"
),
"b2" AS (
    SELECT
        "source"."customer_id" AS "__reference_0",
        "source"."review_id" AS "__reference_1"
    FROM "relation_35" AS "source"
)
SELECT 
    "b1"."dimensions" AS "dimensions",
    COUNT(DISTINCT ROW("b2"."__reference_0", "b2"."__reference_1")) AS "related_count"
FROM (("b0" INNER JOIN "b1" ON ("b0"."__endpoint_product_0" = "b1"."__reference_0")) INNER JOIN "b2" ON ("b0"."__endpoint_review_0" = "b2"."__reference_0" AND "b0"."__endpoint_review_1" = "b2"."__reference_1"))
WHERE ("b1"."sku" >= 'SKU-aYOC-58263401')
GROUP BY
    "b1"."__reference_0",
    "b1"."dimensions"
HAVING (COUNT(DISTINCT ROW("b2"."__reference_0", "b2"."__reference_1")) >= 2);
                                                                     QUERY PLAN                                                                     
----------------------------------------------------------------------------------------------------------------------------------------------------
 GroupAggregate  (cost=464.44..466.29 rows=27 width=18) (actual rows=0 loops=1)
   Group Key: source_1.clothing_id, source_1.dimensions
   Filter: (count(DISTINCT (ROW(source_4.customer_id, source_4.review_id))) >= 2)
   Rows Removed by Filter: 31
   Buffers: shared hit=2398 read=166
   ->  Sort  (cost=464.44..464.65 rows=82 width=18) (actual rows=31 loops=1)
         Sort Key: source_1.clothing_id, source_1.dimensions, (ROW(source_4.customer_id, source_4.review_id))
         Sort Method: quicksort  Memory: 27kB
         Buffers: shared hit=2398 read=166
         ->  Nested Loop  (cost=0.71..461.84 rows=82 width=18) (actual rows=31 loops=1)
               Buffers: shared hit=2398 read=166
               ->  Nested Loop  (cost=0.29..438.33 rows=1 width=12) (actual rows=253 loops=1)
                     Buffers: shared hit=433 read=76
                     ->  Seq Scan on relation_53 source  (cost=0.00..4.53 rows=253 width=12) (actual rows=253 loops=1)
                           Buffers: shared hit=2
                     ->  Index Only Scan using relation_35_pkey on relation_35 source_4  (cost=0.29..1.71 rows=1 width=8) (actual rows=1 loops=253)
                           Index Cond: ((customer_id = source.customer_id) AND (review_id = source.review_id))
                           Heap Fetches: 0
                           Buffers: shared hit=431 read=76
               ->  Append  (cost=0.42..23.48 rows=3 width=10) (actual rows=0 loops=253)
                     Buffers: shared hit=1965 read=90
                     ->  Index Scan using relation_16_pkey on relation_16 source_1  (cost=0.42..8.06 rows=1 width=10) (actual rows=0 loops=253)
                           Index Cond: (clothing_id = source.reviews_product_id)
                           Filter: ((sku)::text >= 'SKU-aYOC-58263401'::text)
                           Buffers: shared hit=747 read=17
                     ->  Index Scan using relation_17_pkey on relation_17 source_2  (cost=0.43..8.38 rows=1 width=10) (actual rows=0 loops=253)
                           Index Cond: (menclothing_id = source.reviews_product_id)
                           Filter: ((sku)::text >= 'SKU-aYOC-58263401'::text)
                           Buffers: shared hit=715 read=68
                     ->  Index Scan using relation_18_pkey on relation_18 source_3  (cost=0.29..7.02 rows=1 width=10) (actual rows=0 loops=253)
                           Index Cond: (womenclothing_id = source.reviews_product_id)
                           Filter: ((sku)::text >= 'SKU-aYOC-58263401'::text)
                           Buffers: shared hit=503 read=5
 Planning:
   Buffers: shared hit=3 read=7
 Planning Time: 0.276 ms
 Execution Time: 5.049 ms
(37 rows)

-- Q081 [weak_owner] occurrence 1/1
-- Original E/R: SELECT w.started_at, w.session_id, w.device, o.loyalty_tier FROM BrowsingSession w JOIN Customer o ON OWNER(w) = REF(o) WHERE o.loyalty_tier >= 'gold';
EXPLAIN (ANALYZE, BUFFERS, TIMING OFF, SUMMARY ON, FORMAT TEXT)
WITH
"b0" AS (
    SELECT
        "source"."device" AS "device",
        "source"."session_id" AS "session_id",
        "source"."started_at" AS "started_at",
        "source"."user_id" AS "__owner_0"
    FROM "relation_36" AS "source"
),
"b1" AS (
    SELECT
        "source"."loyalty_tier" AS "loyalty_tier",
        "source"."customer_id" AS "__reference_0"
    FROM "relation_23" AS "source"
    UNION ALL
    SELECT
        "source"."loyalty_tier" AS "loyalty_tier",
        "source"."primecustomer_id" AS "__reference_0"
    FROM "relation_24" AS "source"
    UNION ALL
    SELECT
        "source"."loyalty_tier" AS "loyalty_tier",
        "source"."businesscustomer_id" AS "__reference_0"
    FROM "relation_25" AS "source"
)
SELECT 
    "b0"."started_at" AS "started_at",
    "b0"."session_id" AS "session_id",
    "b0"."device" AS "device",
    "b1"."loyalty_tier" AS "loyalty_tier"
FROM ("b0" INNER JOIN "b1" ON ("b0"."__owner_0" = "b1"."__reference_0"))
WHERE ("b1"."loyalty_tier" >= 'gold');
                                                      QUERY PLAN                                                       
-----------------------------------------------------------------------------------------------------------------------
 Hash Join  (cost=990.74..57365.27 rows=539787 width=28) (actual rows=11354 loops=1)
   Hash Cond: (source_1.customer_id = source.user_id)
   Buffers: shared read=33600
   ->  Append  (cost=0.00..48975.08 rows=533754 width=10) (actual rows=537735 loops=1)
         Buffers: shared read=33344
         ->  Seq Scan on relation_23 source_1  (cost=0.00..1590.31 rows=19201 width=10) (actual rows=19204 loops=1)
               Filter: ((loyalty_tier)::text >= 'gold'::text)
               Rows Removed by Filter: 17781
               Buffers: shared read=1128
         ->  Seq Scan on relation_24 source_2  (cost=0.00..5010.00 rows=51893 width=10) (actual rows=52008 loops=1)
               Filter: ((loyalty_tier)::text >= 'gold'::text)
               Rows Removed by Filter: 47992
               Buffers: shared read=3760
         ->  Seq Scan on relation_25 source_3  (cost=0.00..39706.00 rows=462660 width=10) (actual rows=466523 loops=1)
               Filter: ((loyalty_tier)::text >= 'gold'::text)
               Rows Removed by Filter: 433477
               Buffers: shared read=28456
   ->  Hash  (cost=582.55..582.55 rows=32655 width=26) (actual rows=32655 loops=1)
         Buckets: 32768  Batches: 1  Memory Usage: 2170kB
         Buffers: shared read=256
         ->  Seq Scan on relation_36 source  (cost=0.00..582.55 rows=32655 width=26) (actual rows=32655 loops=1)
               Buffers: shared read=256
 Planning:
   Buffers: shared hit=2 read=1
 Planning Time: 0.086 ms
 Execution Time: 156.096 ms
(26 rows)

-- Q082 [weak_owner] occurrence 1/1
-- Original E/R: SELECT w.updated_at, w.cart_id, o.loyalty_tier FROM Cart w JOIN Customer o ON OWNER(w) = REF(o) WHERE o.user_id < 1008612;
EXPLAIN (ANALYZE, BUFFERS, TIMING OFF, SUMMARY ON, FORMAT TEXT)
WITH
"b0" AS (
    SELECT
        "source"."cart_id" AS "cart_id",
        "source"."updated_at" AS "updated_at",
        "source"."customer_id" AS "__owner_0"
    FROM "relation_33" AS "source"
),
"b1" AS (
    SELECT
        "source"."loyalty_tier" AS "loyalty_tier",
        "source"."customer_id" AS "user_id",
        "source"."customer_id" AS "__reference_0"
    FROM "relation_23" AS "source"
    UNION ALL
    SELECT
        "source"."loyalty_tier" AS "loyalty_tier",
        "source"."primecustomer_id" AS "user_id",
        "source"."primecustomer_id" AS "__reference_0"
    FROM "relation_24" AS "source"
    UNION ALL
    SELECT
        "source"."loyalty_tier" AS "loyalty_tier",
        "source"."businesscustomer_id" AS "user_id",
        "source"."businesscustomer_id" AS "__reference_0"
    FROM "relation_25" AS "source"
)
SELECT 
    "b0"."updated_at" AS "updated_at",
    "b0"."cart_id" AS "cart_id",
    "b1"."loyalty_tier" AS "loyalty_tier"
FROM ("b0" INNER JOIN "b1" ON ("b0"."__owner_0" = "b1"."__reference_0"))
WHERE ("b1"."user_id" < 1008612);
                                                      QUERY PLAN                                                       
-----------------------------------------------------------------------------------------------------------------------
 Hash Join  (cost=1227.09..61466.21 rows=752161 width=21) (actual rows=29892 loops=1)
   Hash Cond: (source_1.customer_id = source.customer_id)
   Buffers: shared hit=4920 read=28695
   ->  Append  (cost=0.00..49969.85 rows=732708 width=10) (actual rows=730056 loops=1)
         Buffers: shared hit=4920 read=28424
         ->  Seq Scan on relation_23 source_1  (cost=0.00..1590.31 rows=36985 width=10) (actual rows=36985 loops=1)
               Filter: (customer_id < 1008612)
               Buffers: shared hit=1128
         ->  Seq Scan on relation_24 source_2  (cost=0.00..5010.00 rows=100000 width=10) (actual rows=100000 loops=1)
               Filter: (primecustomer_id < 1008612)
               Buffers: shared hit=3760
         ->  Seq Scan on relation_25 source_3  (cost=0.00..39706.00 rows=595723 width=10) (actual rows=593071 loops=1)
               Filter: (businesscustomer_id < 1008612)
               Rows Removed by Filter: 306929
               Buffers: shared hit=32 read=28424
   ->  Hash  (cost=695.93..695.93 rows=42493 width=19) (actual rows=42493 loops=1)
         Buckets: 65536  Batches: 1  Memory Usage: 2670kB
         Buffers: shared read=271
         ->  Seq Scan on relation_33 source  (cost=0.00..695.93 rows=42493 width=19) (actual rows=42493 loops=1)
               Buffers: shared read=271
 Planning:
   Buffers: shared read=6
 Planning Time: 0.152 ms
 Execution Time: 131.083 ms
(24 rows)

-- Q083 [complex_multi_join] occurrence 1/1
-- Original E/R: SELECT e1.supplier_id, e2.warranty_months, e3.sku FROM supplier_products r1 JOIN Supplier e1 ON ENDPOINT(r1, Supplier) = REF(e1) JOIN Electronics e2 ON ENDPOINT(r1, Product) = REF(e2) JOIN bundle_components r2 ON ENDPOINT(r2, product_id) = REF(e2) JOIN Phone e3 ON ENDPOINT(r2, bundle_product_id) = REF(e3) WHERE e1.supplier_id < 52844;
EXPLAIN (ANALYZE, BUFFERS, TIMING OFF, SUMMARY ON, FORMAT TEXT)
WITH
"b0" AS (
    SELECT
        "source"."product_id" AS "__endpoint_product_0",
        "source"."supplier_id" AS "__endpoint_supplier_0"
    FROM "relation_60" AS "source"
),
"b1" AS (
    SELECT
        "source"."supplier_id" AS "supplier_id",
        "source"."supplier_id" AS "__reference_0"
    FROM "relation_43" AS "source"
),
"b2" AS (
    SELECT
        "source"."warranty_months" AS "warranty_months",
        "source"."electronics_id" AS "__reference_0"
    FROM "relation_4" AS "source"
    UNION ALL
    SELECT
        "source"."warranty_months" AS "warranty_months",
        "source"."computer_id" AS "__reference_0"
    FROM "relation_5" AS "source"
    UNION ALL
    SELECT
        "source"."warranty_months" AS "warranty_months",
        "source"."desktop_id" AS "__reference_0"
    FROM "relation_6" AS "source"
    UNION ALL
    SELECT
        "source"."warranty_months" AS "warranty_months",
        "source"."laptop_id" AS "__reference_0"
    FROM "relation_7" AS "source"
    UNION ALL
    SELECT
        "source"."warranty_months" AS "warranty_months",
        "source"."tablet_id" AS "__reference_0"
    FROM "relation_8" AS "source"
    UNION ALL
    SELECT
        "source"."warranty_months" AS "warranty_months",
        "source"."smartwatch_id" AS "__reference_0"
    FROM "relation_9" AS "source"
    UNION ALL
    SELECT
        "source"."warranty_months" AS "warranty_months",
        "source"."camera_id" AS "__reference_0"
    FROM "relation_10" AS "source"
    UNION ALL
    SELECT
        "source"."warranty_months" AS "warranty_months",
        "source"."phone_id" AS "__reference_0"
    FROM "relation_11" AS "source"
    UNION ALL
    SELECT
        "source"."warranty_months" AS "warranty_months",
        "source"."accessory_id" AS "__reference_0"
    FROM "relation_12" AS "source"
),
"b3" AS (
    SELECT
        "source"."bundle_product_product_id" AS "__endpoint_bundle_product_id_0",
        "source"."product_id" AS "__endpoint_product_id_0"
    FROM "relation_49" AS "source"
),
"b4" AS (
    SELECT
        "source"."sku" AS "sku",
        "source"."phone_id" AS "__reference_0"
    FROM "relation_11" AS "source"
)
SELECT 
    "b1"."supplier_id" AS "supplier_id",
    "b2"."warranty_months" AS "warranty_months",
    "b4"."sku" AS "sku"
FROM (((("b0" INNER JOIN "b1" ON ("b0"."__endpoint_supplier_0" = "b1"."__reference_0")) INNER JOIN "b2" ON ("b0"."__endpoint_product_0" = "b2"."__reference_0")) INNER JOIN "b3" ON ("b3"."__endpoint_product_id_0" = "b2"."__reference_0")) INNER JOIN "b4" ON ("b3"."__endpoint_bundle_product_id_0" = "b4"."__reference_0"))
WHERE ("b1"."supplier_id" < 52844);
                                                                                 QUERY PLAN                                                                                 
----------------------------------------------------------------------------------------------------------------------------------------------------------------------------
 Nested Loop  (cost=2043.95..47789.26 rows=1479880 width=26) (actual rows=113 loops=1)
   Join Filter: (source_2.electronics_id = source.product_id)
   Buffers: shared hit=64988 read=10374
   ->  Gather  (cost=2043.51..28581.61 rows=4506 width=30) (actual rows=168 loops=1)
         Workers Planned: 1
         Workers Launched: 0
         Buffers: shared hit=61008 read=10041
         ->  Nested Loop  (cost=1043.51..27131.01 rows=2651 width=30) (actual rows=168 loops=1)
               Buffers: shared hit=61008 read=10041
               ->  Nested Loop  (cost=1043.09..21811.68 rows=11466 width=16) (actual rows=3903 loops=1)
                     Buffers: shared hit=49471 read=9701
                     ->  Hash Join  (cost=1042.66..2714.19 rows=11466 width=8) (actual rows=19598 loops=1)
                           Hash Cond: (source_1.supplier_id = source.supplier_id)
                           Buffers: shared hit=3 read=374
                           ->  Parallel Index Only Scan using relation_43_pkey on relation_43 source_1  (cost=0.29..1440.95 rows=30990 width=4) (actual rows=52843 loops=1)
                                 Index Cond: (supplier_id < 52844)
                                 Heap Fetches: 0
                                 Buffers: shared hit=3 read=202
                           ->  Hash  (cost=558.83..558.83 rows=38683 width=8) (actual rows=38683 loops=1)
                                 Buckets: 65536  Batches: 1  Memory Usage: 2024kB
                                 Buffers: shared read=172
                                 ->  Seq Scan on relation_60 source  (cost=0.00..558.83 rows=38683 width=8) (actual rows=38683 loops=1)
                                       Buffers: shared read=172
                     ->  Index Only Scan using relation_49_pkey on relation_49 source_11  (cost=0.43..1.66 rows=1 width=8) (actual rows=0 loops=19598)
                           Index Cond: (product_id = source.product_id)
                           Heap Fetches: 0
                           Buffers: shared hit=49468 read=9327
               ->  Index Scan using relation_11_pkey on relation_11 source_12  (cost=0.42..0.46 rows=1 width=22) (actual rows=0 loops=3903)
                     Index Cond: (phone_id = source_11.bundle_product_product_id)
                     Buffers: shared hit=11537 read=340
   ->  Append  (cost=0.43..4.15 rows=9 width=8) (actual rows=1 loops=168)
         Buffers: shared hit=3980 read=333
         ->  Index Scan using relation_4_pkey on relation_4 source_2  (cost=0.43..0.73 rows=1 width=8) (actual rows=1 loops=168)
               Index Cond: (electronics_id = source_11.product_id)
               Buffers: shared hit=356 read=233
         ->  Index Scan using relation_5_pkey on relation_5 source_3  (cost=0.29..0.31 rows=1 width=8) (actual rows=0 loops=168)
               Index Cond: (computer_id = source_11.product_id)
               Buffers: shared hit=331 read=7
         ->  Index Scan using relation_6_pkey on relation_6 source_4  (cost=0.43..0.51 rows=1 width=8) (actual rows=0 loops=168)
               Index Cond: (desktop_id = source_11.product_id)
               Buffers: shared hit=470 read=51
         ->  Index Scan using relation_7_pkey on relation_7 source_5  (cost=0.42..0.44 rows=1 width=8) (actual rows=0 loops=168)
               Index Cond: (laptop_id = source_11.product_id)
               Buffers: shared hit=499 read=5
         ->  Index Scan using relation_8_pkey on relation_8 source_6  (cost=0.29..0.31 rows=1 width=8) (actual rows=0 loops=168)
               Index Cond: (tablet_id = source_11.product_id)
               Buffers: shared hit=333 read=3
         ->  Index Scan using relation_9_pkey on relation_9 source_7  (cost=0.42..0.45 rows=1 width=8) (actual rows=0 loops=168)
               Index Cond: (smartwatch_id = source_11.product_id)
               Buffers: shared hit=496 read=10
         ->  Index Scan using relation_10_pkey on relation_10 source_8  (cost=0.42..0.44 rows=1 width=8) (actual rows=0 loops=168)
               Index Cond: (camera_id = source_11.product_id)
               Buffers: shared hit=498 read=7
         ->  Index Scan using relation_11_pkey on relation_11 source_9  (cost=0.42..0.46 rows=1 width=8) (actual rows=0 loops=168)
               Index Cond: (phone_id = source_11.product_id)
               Buffers: shared hit=498 read=12
         ->  Index Scan using relation_12_pkey on relation_12 source_10  (cost=0.42..0.44 rows=1 width=8) (actual rows=0 loops=168)
               Index Cond: (accessory_id = source_11.product_id)
               Buffers: shared hit=499 read=5
 Planning:
   Buffers: shared hit=34 read=30
 Planning Time: 11.445 ms
 Execution Time: 859.697 ms
(63 rows)

-- Q084 [selection_projection] occurrence 1/1
-- Original E/R: SELECT e.loyalty_tier, e.password_hash, e.email, e.user_id FROM Customer e WHERE e.email <= 'sedwards@example.net';
EXPLAIN (ANALYZE, BUFFERS, TIMING OFF, SUMMARY ON, FORMAT TEXT)
WITH
"b0" AS (
    SELECT
        "source"."loyalty_tier" AS "loyalty_tier",
        "source"."email" AS "email",
        "source"."password_hash" AS "password_hash",
        "source"."customer_id" AS "user_id"
    FROM "relation_23" AS "source"
    UNION ALL
    SELECT
        "source"."loyalty_tier" AS "loyalty_tier",
        "source"."email" AS "email",
        "source"."password_hash" AS "password_hash",
        "source"."primecustomer_id" AS "user_id"
    FROM "relation_24" AS "source"
    UNION ALL
    SELECT
        "source"."loyalty_tier" AS "loyalty_tier",
        "source"."email" AS "email",
        "source"."password_hash" AS "password_hash",
        "source"."businesscustomer_id" AS "user_id"
    FROM "relation_25" AS "source"
)
SELECT 
    "b0"."loyalty_tier" AS "loyalty_tier",
    "b0"."password_hash" AS "password_hash",
    "b0"."email" AS "email",
    "b0"."user_id" AS "user_id"
FROM "b0"
WHERE ("b0"."email" <= 'sedwards@example.net');
                                                   QUERY PLAN                                                    
-----------------------------------------------------------------------------------------------------------------
 Append  (cost=0.00..50464.34 rows=831606 width=97) (actual rows=836592 loops=1)
   Buffers: shared hit=4952 read=28392
   ->  Seq Scan on relation_23 source  (cost=0.00..1590.31 rows=29692 width=97) (actual rows=29766 loops=1)
         Filter: ((email)::text <= 'sedwards@example.net'::text)
         Rows Removed by Filter: 7219
         Buffers: shared hit=1128
   ->  Seq Scan on relation_24 source_1  (cost=0.00..5010.00 rows=80150 width=97) (actual rows=80629 loops=1)
         Filter: ((email)::text <= 'sedwards@example.net'::text)
         Rows Removed by Filter: 19371
         Buffers: shared hit=3760
   ->  Seq Scan on relation_25 source_2  (cost=0.00..39706.00 rows=721764 width=97) (actual rows=726197 loops=1)
         Filter: ((email)::text <= 'sedwards@example.net'::text)
         Rows Removed by Filter: 173803
         Buffers: shared hit=64 read=28392
 Planning Time: 0.310 ms
 Execution Time: 129.203 ms
(16 rows)

-- Q085 [weak_owner] occurrence 1/1
-- Original E/R: SELECT w.max_uses, w.per_user_limit, o.starts_at, o.discount_value FROM Coupon w JOIN Promotion o ON OWNER(w) = REF(o) WHERE o.discount_value <= '20';
EXPLAIN (ANALYZE, BUFFERS, TIMING OFF, SUMMARY ON, FORMAT TEXT)
WITH
"b0" AS (
    SELECT
        "source"."max_uses" AS "max_uses",
        "source"."per_user_limit" AS "per_user_limit",
        "source"."promotion_id" AS "__owner_0"
    FROM "relation_40" AS "source"
),
"b1" AS (
    SELECT
        "source"."discount_value" AS "discount_value",
        "source"."starts_at" AS "starts_at",
        "source"."promotion_id" AS "__reference_0"
    FROM "relation_39" AS "source"
)
SELECT 
    "b0"."max_uses" AS "max_uses",
    "b0"."per_user_limit" AS "per_user_limit",
    "b1"."starts_at" AS "starts_at",
    "b1"."discount_value" AS "discount_value"
FROM ("b0" INNER JOIN "b1" ON ("b0"."__owner_0" = "b1"."__reference_0"))
WHERE ("b1"."discount_value" <= '20');
                                                      QUERY PLAN                                                      
----------------------------------------------------------------------------------------------------------------------
 Hash Join  (cost=5131.94..5862.45 rows=28041 width=21) (actual rows=27874 loops=1)
   Hash Cond: (source.promotion_id = source_1.promotion_id)
   Buffers: shared read=2176
   ->  Seq Scan on relation_40 source  (cost=0.00..625.20 rows=40120 width=12) (actual rows=40120 loops=1)
         Buffers: shared read=224
   ->  Hash  (cost=3823.73..3823.73 rows=104657 width=17) (actual rows=104207 loops=1)
         Buckets: 131072  Batches: 1  Memory Usage: 6316kB
         Buffers: shared read=1952
         ->  Seq Scan on relation_39 source_1  (cost=0.00..3823.73 rows=104657 width=17) (actual rows=104207 loops=1)
               Filter: ((discount_value)::text <= '20'::text)
               Rows Removed by Filter: 45531
               Buffers: shared read=1952
 Planning:
   Buffers: shared hit=4 read=10
 Planning Time: 0.157 ms
 Execution Time: 28.226 ms
(16 rows)

-- Q086 [relationship_join] occurrence 1/1
-- Original E/R: SELECT e1.last4, e2.status, e2.custorder_id FROM payment_order r JOIN PaymentMethod e1 ON ENDPOINT(r, PaymentMethod) = REF(e1) JOIN CustOrder e2 ON ENDPOINT(r, CustOrder) = REF(e2) WHERE e2.status < 'paid';
EXPLAIN (ANALYZE, BUFFERS, TIMING OFF, SUMMARY ON, FORMAT TEXT)
WITH
"b0" AS (
    SELECT
        "source"."custorder_id" AS "__endpoint_custorder_0",
        "source"."payment_order_customer_id" AS "__endpoint_paymentmethod_0",
        "source"."payment_order_payment_method_id" AS "__endpoint_paymentmethod_1"
    FROM "relation_56" AS "source"
),
"b1" AS (
    SELECT
        "source"."last4" AS "last4",
        "source"."customer_id" AS "__reference_0",
        "source"."payment_method_id" AS "__reference_1"
    FROM "relation_32" AS "source"
),
"b2" AS (
    SELECT
        "source"."custorder_id" AS "custorder_id",
        "source"."status" AS "status",
        "source"."custorder_id" AS "__reference_0"
    FROM "relation_37" AS "source"
)
SELECT 
    "b1"."last4" AS "last4",
    "b2"."status" AS "status",
    "b2"."custorder_id" AS "custorder_id"
FROM (("b0" INNER JOIN "b1" ON ("b0"."__endpoint_paymentmethod_0" = "b1"."__reference_0" AND "b0"."__endpoint_paymentmethod_1" = "b1"."__reference_1")) INNER JOIN "b2" ON ("b0"."__endpoint_custorder_0" = "b2"."__reference_0"))
WHERE ("b2"."status" < 'paid');
                                                                        QUERY PLAN                                                                        
----------------------------------------------------------------------------------------------------------------------------------------------------------
 Nested Loop  (cost=2148.02..5735.29 rows=1 width=18) (actual rows=41013 loops=1)
   Buffers: shared hit=211320 read=2109
   ->  Hash Join  (cost=2147.72..5734.93 rows=1 width=9) (actual rows=70629 loops=1)
         Hash Cond: ((source_1.customer_id = source.payment_order_customer_id) AND (source_1.payment_method_id = source.payment_order_payment_method_id))
         Buffers: shared read=1542
         ->  Seq Scan on relation_32 source_1  (cost=0.00..2546.97 rows=138697 width=13) (actual rows=138697 loops=1)
               Buffers: shared read=1160
         ->  Hash  (cost=1088.29..1088.29 rows=70629 width=12) (actual rows=70629 loops=1)
               Buckets: 131072  Batches: 1  Memory Usage: 4059kB
               Buffers: shared read=382
               ->  Seq Scan on relation_56 source  (cost=0.00..1088.29 rows=70629 width=12) (actual rows=70629 loops=1)
                     Buffers: shared read=382
   ->  Index Scan using relation_37_pkey on relation_37 source_2  (cost=0.29..0.36 rows=1 width=13) (actual rows=1 loops=70629)
         Index Cond: (custorder_id = source.custorder_id)
         Filter: ((status)::text < 'paid'::text)
         Rows Removed by Filter: 0
         Buffers: shared hit=211320 read=567
 Planning:
   Buffers: shared hit=12 read=11
 Planning Time: 0.216 ms
 Execution Time: 89.949 ms
(21 rows)

-- Q087 [aggregation] occurrence 1/1
-- Original E/R: SELECT e2.shipment_id, COUNT(DISTINCT REF(e1)) AS related_count FROM courier_shipments r JOIN CourierPartner e1 ON ENDPOINT(r, CourierPartner) = REF(e1) JOIN Shipment e2 ON ENDPOINT(r, Shipment) = REF(e2) WHERE e2.shipment_id <= 5047940 GROUP BY REF(e2), e2.shipment_id HAVING COUNT(DISTINCT REF(e1)) >= 2;
EXPLAIN (ANALYZE, BUFFERS, TIMING OFF, SUMMARY ON, FORMAT TEXT)
WITH
"b0" AS (
    SELECT
        "source"."courier_shipments_courierpartner_id" AS "__endpoint_courierpartner_0",
        "source"."custorder_id" AS "__endpoint_shipment_0",
        "source"."shipment_id" AS "__endpoint_shipment_1"
    FROM "relation_63" AS "source"
),
"b1" AS (
    SELECT
        "source"."courierpartner_id" AS "__reference_0"
    FROM "relation_46" AS "source"
),
"b2" AS (
    SELECT
        "source"."shipment_id" AS "shipment_id",
        "source"."custorder_id" AS "__reference_0",
        "source"."shipment_id" AS "__reference_1"
    FROM "relation_38" AS "source"
)
SELECT 
    "b2"."shipment_id" AS "shipment_id",
    COUNT(DISTINCT "b1"."__reference_0") AS "related_count"
FROM (("b0" INNER JOIN "b1" ON ("b0"."__endpoint_courierpartner_0" = "b1"."__reference_0")) INNER JOIN "b2" ON ("b0"."__endpoint_shipment_0" = "b2"."__reference_0" AND "b0"."__endpoint_shipment_1" = "b2"."__reference_1"))
WHERE ("b2"."shipment_id" <= 5047940)
GROUP BY
    "b2"."__reference_0",
    "b2"."__reference_1",
    "b2"."shipment_id"
HAVING (COUNT(DISTINCT "b1"."__reference_0") >= 2);
                                                                  QUERY PLAN                                                                   
-----------------------------------------------------------------------------------------------------------------------------------------------
 GroupAggregate  (cost=912.64..912.67 rows=1 width=20) (actual rows=0 loops=1)
   Group Key: source_2.custorder_id, source_2.shipment_id
   Filter: (count(DISTINCT source_1.courierpartner_id) >= 2)
   Rows Removed by Filter: 5313
   Buffers: shared hit=10366 read=543
   ->  Sort  (cost=912.64..912.65 rows=1 width=12) (actual rows=5313 loops=1)
         Sort Key: source_2.custorder_id, source_2.shipment_id, source_1.courierpartner_id
         Sort Method: quicksort  Memory: 400kB
         Buffers: shared hit=10366 read=543
         ->  Nested Loop  (cost=318.92..912.63 rows=1 width=12) (actual rows=5313 loops=1)
               Buffers: shared hit=10366 read=543
               ->  Hash Join  (cost=318.62..912.23 rows=1 width=12) (actual rows=5313 loops=1)
                     Hash Cond: ((source_2.custorder_id = source.custorder_id) AND (source_2.shipment_id = source.shipment_id))
                     Buffers: shared read=282
                     ->  Seq Scan on relation_38 source_2  (cost=0.00..529.23 rows=12262 width=8) (actual rows=12266 loops=1)
                           Filter: (shipment_id <= 5047940)
                           Rows Removed by Filter: 12072
                           Buffers: shared read=225
                     ->  Hash  (cost=161.65..161.65 rows=10465 width=12) (actual rows=10465 loops=1)
                           Buckets: 16384  Batches: 1  Memory Usage: 578kB
                           Buffers: shared read=57
                           ->  Seq Scan on relation_63 source  (cost=0.00..161.65 rows=10465 width=12) (actual rows=10465 loops=1)
                                 Buffers: shared read=57
               ->  Index Only Scan using relation_46_pkey on relation_46 source_1  (cost=0.29..0.41 rows=1 width=4) (actual rows=1 loops=5313)
                     Index Cond: (courierpartner_id = source.courier_shipments_courierpartner_id)
                     Heap Fetches: 0
                     Buffers: shared hit=10366 read=261
 Planning:
   Buffers: shared hit=6 read=15
 Planning Time: 0.330 ms
 Execution Time: 8.616 ms
(31 rows)

-- Q088 [selection_projection] occurrence 1/1
-- Original E/R: SELECT e.quantity, e.product_name FROM PhysicalProduct e WHERE e.dimensions < 'small';
EXPLAIN (ANALYZE, BUFFERS, TIMING OFF, SUMMARY ON, FORMAT TEXT)
WITH
"b0" AS (
    SELECT
        "source"."dimensions" AS "dimensions",
        "source"."product_name" AS "product_name",
        "source"."quantity" AS "quantity"
    FROM "relation_2" AS "source"
    UNION ALL
    SELECT
        "source"."dimensions" AS "dimensions",
        "source"."product_name" AS "product_name",
        "source"."quantity" AS "quantity"
    FROM "relation_4" AS "source"
    UNION ALL
    SELECT
        "source"."dimensions" AS "dimensions",
        "source"."product_name" AS "product_name",
        "source"."quantity" AS "quantity"
    FROM "relation_5" AS "source"
    UNION ALL
    SELECT
        "source"."dimensions" AS "dimensions",
        "source"."product_name" AS "product_name",
        "source"."quantity" AS "quantity"
    FROM "relation_6" AS "source"
    UNION ALL
    SELECT
        "source"."dimensions" AS "dimensions",
        "source"."product_name" AS "product_name",
        "source"."quantity" AS "quantity"
    FROM "relation_7" AS "source"
    UNION ALL
    SELECT
        "source"."dimensions" AS "dimensions",
        "source"."product_name" AS "product_name",
        "source"."quantity" AS "quantity"
    FROM "relation_8" AS "source"
    UNION ALL
    SELECT
        "source"."dimensions" AS "dimensions",
        "source"."product_name" AS "product_name",
        "source"."quantity" AS "quantity"
    FROM "relation_9" AS "source"
    UNION ALL
    SELECT
        "source"."dimensions" AS "dimensions",
        "source"."product_name" AS "product_name",
        "source"."quantity" AS "quantity"
    FROM "relation_10" AS "source"
    UNION ALL
    SELECT
        "source"."dimensions" AS "dimensions",
        "source"."product_name" AS "product_name",
        "source"."quantity" AS "quantity"
    FROM "relation_11" AS "source"
    UNION ALL
    SELECT
        "source"."dimensions" AS "dimensions",
        "source"."product_name" AS "product_name",
        "source"."quantity" AS "quantity"
    FROM "relation_12" AS "source"
    UNION ALL
    SELECT
        "source"."dimensions" AS "dimensions",
        "source"."product_name" AS "product_name",
        "source"."quantity" AS "quantity"
    FROM "relation_13" AS "source"
    UNION ALL
    SELECT
        "source"."dimensions" AS "dimensions",
        "source"."product_name" AS "product_name",
        "source"."quantity" AS "quantity"
    FROM "relation_14" AS "source"
    UNION ALL
    SELECT
        "source"."dimensions" AS "dimensions",
        "source"."product_name" AS "product_name",
        "source"."quantity" AS "quantity"
    FROM "relation_15" AS "source"
    UNION ALL
    SELECT
        "source"."dimensions" AS "dimensions",
        "source"."product_name" AS "product_name",
        "source"."quantity" AS "quantity"
    FROM "relation_16" AS "source"
    UNION ALL
    SELECT
        "source"."dimensions" AS "dimensions",
        "source"."product_name" AS "product_name",
        "source"."quantity" AS "quantity"
    FROM "relation_17" AS "source"
    UNION ALL
    SELECT
        "source"."dimensions" AS "dimensions",
        "source"."product_name" AS "product_name",
        "source"."quantity" AS "quantity"
    FROM "relation_18" AS "source"
    UNION ALL
    SELECT
        "source"."dimensions" AS "dimensions",
        "source"."product_name" AS "product_name",
        "source"."quantity" AS "quantity"
    FROM "relation_19" AS "source"
)
SELECT 
    "b0"."quantity" AS "quantity",
    "b0"."product_name" AS "product_name"
FROM "b0"
WHERE ("b0"."dimensions" < 'small');
                                                     QUERY PLAN                                                     
--------------------------------------------------------------------------------------------------------------------
 Append  (cost=0.00..592332.26 rows=11823107 width=38) (actual rows=11852270 loops=1)
   Buffers: shared hit=24 read=338227
   ->  Seq Scan on relation_2 source  (cost=0.00..2849.31 rows=64871 width=38) (actual rows=65075 loops=1)
         Filter: ((dimensions)::text < 'small'::text)
         Rows Removed by Filter: 20790
         Buffers: shared read=1776
   ->  Seq Scan on relation_4 source_1  (cost=0.00..301270.56 rows=6817263 width=38) (actual rows=6841049 loops=1)
         Filter: ((dimensions)::text < 'small'::text)
         Rows Removed by Filter: 2162996
         Buffers: shared hit=17 read=188703
   ->  Seq Scan on relation_5 source_2  (cost=0.00..3811.88 rows=81740 width=38) (actual rows=81527 loops=1)
         Filter: ((dimensions)::text < 'small'::text)
         Rows Removed by Filter: 25663
         Buffers: shared hit=1 read=2471
   ->  Seq Scan on relation_6 source_3  (cost=0.00..67996.34 rows=1428300 width=38) (actual rows=1427521 loops=1)
         Filter: ((dimensions)::text < 'small'::text)
         Rows Removed by Filter: 450257
         Buffers: shared hit=6 read=44514
   ->  Seq Scan on relation_7 source_4  (cost=0.00..4985.88 rows=106317 width=38) (actual rows=106184 loops=1)
         Filter: ((dimensions)::text < 'small'::text)
         Rows Removed by Filter: 33486
         Buffers: shared read=3240
   ->  Seq Scan on relation_8 source_5  (cost=0.00..3402.00 rows=75997 width=38) (actual rows=76015 loops=1)
         Filter: ((dimensions)::text < 'small'::text)
         Rows Removed by Filter: 23985
         Buffers: shared read=2152
   ->  Seq Scan on relation_9 source_6  (cost=0.00..15956.06 rows=354963 width=38) (actual rows=357296 loops=1)
         Filter: ((dimensions)::text < 'small'::text)
         Rows Removed by Filter: 112149
         Buffers: shared read=10088
   ->  Seq Scan on relation_10 source_7  (cost=0.00..5800.51 rows=128976 width=38) (actual rows=128324 loops=1)
         Filter: ((dimensions)::text < 'small'::text)
         Rows Removed by Filter: 40677
         Buffers: shared read=3688
   ->  Seq Scan on relation_11 source_8  (cost=0.00..23530.01 rows=512071 width=38) (actual rows=513532 loops=1)
         Filter: ((dimensions)::text < 'small'::text)
         Rows Removed by Filter: 162469
         Buffers: shared read=15080
   ->  Seq Scan on relation_12 source_9  (cost=0.00..5051.23 rows=109920 width=38) (actual rows=110029 loops=1)
         Filter: ((dimensions)::text < 'small'::text)
         Rows Removed by Filter: 34869
         Buffers: shared read=3240
   ->  Seq Scan on relation_13 source_10  (cost=0.00..2071.50 rows=45689 width=38) (actual rows=45740 loops=1)
         Filter: ((dimensions)::text < 'small'::text)
         Rows Removed by Filter: 14380
         Buffers: shared read=1320
   ->  Seq Scan on relation_14 source_11  (cost=0.00..8980.79 rows=200661 width=38) (actual rows=200658 loops=1)
         Filter: ((dimensions)::text < 'small'::text)
         Rows Removed by Filter: 63405
         Buffers: shared read=5680
   ->  Seq Scan on relation_15 source_12  (cost=0.00..12279.53 rows=276064 width=38) (actual rows=277001 loops=1)
         Filter: ((dimensions)::text < 'small'::text)
         Rows Removed by Filter: 87761
         Buffers: shared read=7720
   ->  Seq Scan on relation_16 source_13  (cost=0.00..10292.77 rows=226109 width=38) (actual rows=226233 loops=1)
         Filter: ((dimensions)::text < 'small'::text)
         Rows Removed by Filter: 71749
         Buffers: shared read=6568
   ->  Seq Scan on relation_17 source_14  (cost=0.00..59758.31 rows=1283297 width=38) (actual rows=1285145 loops=1)
         Filter: ((dimensions)::text < 'small'::text)
         Rows Removed by Filter: 404855
         Buffers: shared read=38632
   ->  Seq Scan on relation_18 source_15  (cost=0.00..4195.02 rows=89148 width=38) (actual rows=89220 loops=1)
         Filter: ((dimensions)::text < 'small'::text)
         Rows Removed by Filter: 28142
         Buffers: shared read=2728
   ->  Seq Scan on relation_19 source_16  (cost=0.00..985.03 rows=21721 width=38) (actual rows=21721 loops=1)
         Filter: ((dimensions)::text < 'small'::text)
         Rows Removed by Filter: 6921
         Buffers: shared read=627
 Planning Time: 0.146 ms
 JIT:
   Functions: 68
   Options: Inlining true, Optimization true, Expressions true, Deforming true
 Execution Time: 2112.434 ms
(75 rows)

-- Q089 [relationship_join] occurrence 1/1
-- Original E/R: SELECT e1.base_price, e2.loyalty_tier FROM software_downloads r JOIN Software e1 ON ENDPOINT(r, Software) = REF(e1) JOIN BusinessCustomer e2 ON ENDPOINT(r, Customer) = REF(e2) WHERE e1.quantity <= 39;
EXPLAIN (ANALYZE, BUFFERS, TIMING OFF, SUMMARY ON, FORMAT TEXT)
WITH
"b0" AS (
    SELECT
        "source"."customer_id" AS "__endpoint_customer_0",
        "source"."software_id" AS "__endpoint_software_0"
    FROM "relation_66" AS "source"
),
"b1" AS (
    SELECT
        "source"."base_price" AS "base_price",
        "source"."quantity" AS "quantity",
        "source"."software_id" AS "__reference_0"
    FROM "relation_21" AS "source"
),
"b2" AS (
    SELECT
        "source"."loyalty_tier" AS "loyalty_tier",
        "source"."businesscustomer_id" AS "__reference_0"
    FROM "relation_25" AS "source"
)
SELECT 
    "b1"."base_price" AS "base_price",
    "b2"."loyalty_tier" AS "loyalty_tier"
FROM (("b0" INNER JOIN "b1" ON ("b0"."__endpoint_software_0" = "b1"."__reference_0")) INNER JOIN "b2" ON ("b0"."__endpoint_customer_0" = "b2"."__reference_0"))
WHERE ("b1"."quantity" <= 39);
                                                                            QUERY PLAN                                                                             
-------------------------------------------------------------------------------------------------------------------------------------------------------------------
 Gather  (cost=2622.04..38307.39 rows=20235 width=10) (actual rows=17558 loops=1)
   Workers Planned: 2
   Workers Launched: 0
   Buffers: shared hit=4 read=28904
   ->  Parallel Hash Join  (cost=1622.04..35283.89 rows=8431 width=10) (actual rows=17558 loops=1)
         Hash Cond: (source_2.businesscustomer_id = source.customer_id)
         Buffers: shared hit=4 read=28904
         ->  Parallel Seq Scan on relation_25 source_2  (cost=0.00..32206.00 rows=375000 width=10) (actual rows=900000 loops=1)
               Buffers: shared read=28456
         ->  Parallel Hash  (cost=1473.26..1473.26 rows=11903 width=8) (actual rows=20239 loops=1)
               Buckets: 32768  Batches: 1  Memory Usage: 1056kB
               Buffers: shared hit=4 read=448
               ->  Hash Join  (cost=657.21..1473.26 rows=11903 width=8) (actual rows=20239 loops=1)
                     Hash Cond: (source.software_id = source_1.software_id)
                     Buffers: shared hit=4 read=448
                     ->  Parallel Index Only Scan using relation_66_pkey on relation_66 source  (cost=0.29..772.08 rows=16854 width=8) (actual rows=28651 loops=1)
                           Heap Fetches: 0
                           Buffers: shared hit=4 read=111
                     ->  Hash  (cost=524.50..524.50 rows=10594 width=8) (actual rows=10594 loops=1)
                           Buckets: 16384  Batches: 1  Memory Usage: 542kB
                           Buffers: shared read=337
                           ->  Seq Scan on relation_21 source_1  (cost=0.00..524.50 rows=10594 width=8) (actual rows=10594 loops=1)
                                 Filter: (quantity <= 39)
                                 Rows Removed by Filter: 4406
                                 Buffers: shared read=337
 Planning:
   Buffers: shared hit=24 read=23
 Planning Time: 9.877 ms
 Execution Time: 99.371 ms
(29 rows)

-- Q090 [selection_projection] occurrence 1/1
-- Original E/R: SELECT e.employee_no, e.email, e.user_id, e.password_hash FROM Employee e WHERE e.email < 'pearsonjames@example.org';
EXPLAIN (ANALYZE, BUFFERS, TIMING OFF, SUMMARY ON, FORMAT TEXT)
WITH
"b0" AS (
    SELECT
        "source"."employee_no" AS "employee_no",
        "source"."email" AS "email",
        "source"."password_hash" AS "password_hash",
        "source"."employee_id" AS "user_id"
    FROM "relation_26" AS "source"
)
SELECT 
    "b0"."employee_no" AS "employee_no",
    "b0"."email" AS "email",
    "b0"."user_id" AS "user_id",
    "b0"."password_hash" AS "password_hash"
FROM "b0"
WHERE ("b0"."email" < 'pearsonjames@example.org');
                                               QUERY PLAN                                                
---------------------------------------------------------------------------------------------------------
 Seq Scan on relation_26 source  (cost=0.00..8156.50 rows=158271 width=104) (actual rows=157519 loops=1)
   Filter: ((email)::text < 'pearsonjames@example.org'::text)
   Rows Removed by Filter: 67481
   Buffers: shared read=5344
 Planning Time: 0.052 ms
 Execution Time: 21.515 ms
(6 rows)

-- Q091 [selection_projection] occurrence 1/1
-- Original E/R: SELECT DISTINCT e.band_size, e.sku, e.dimensions, e.product_name FROM Smartwatch e WHERE e.base_price < 148;
EXPLAIN (ANALYZE, BUFFERS, TIMING OFF, SUMMARY ON, FORMAT TEXT)
WITH
"b0" AS (
    SELECT
        "source"."dimensions" AS "dimensions",
        "source"."base_price" AS "base_price",
        "source"."product_name" AS "product_name",
        "source"."sku" AS "sku",
        "source"."band_size" AS "band_size"
    FROM "relation_9" AS "source"
)
SELECT DISTINCT 
    "b0"."band_size" AS "band_size",
    "b0"."sku" AS "sku",
    "b0"."dimensions" AS "dimensions",
    "b0"."product_name" AS "product_name"
FROM "b0"
WHERE ("b0"."base_price" < 148);
                                                  QUERY PLAN                                                  
--------------------------------------------------------------------------------------------------------------
 HashAggregate  (cost=18780.63..21605.20 rows=282457 width=60) (actual rows=280052 loops=1)
   Group Key: source.band_size, source.sku, source.dimensions, source.product_name
   Batches: 1  Memory Usage: 53265kB
   Buffers: shared hit=32 read=10056
   ->  Seq Scan on relation_9 source  (cost=0.00..15956.06 rows=282457 width=60) (actual rows=280052 loops=1)
         Filter: (base_price < 148)
         Rows Removed by Filter: 189393
         Buffers: shared hit=32 read=10056
 Planning Time: 0.052 ms
 Execution Time: 145.977 ms
(10 rows)

-- Q092 [selection_projection] occurrence 1/1
-- Original E/R: SELECT e.company_name, e.email, e.password_hash FROM BusinessCustomer e WHERE e.loyalty_tier > 'bronze';
EXPLAIN (ANALYZE, BUFFERS, TIMING OFF, SUMMARY ON, FORMAT TEXT)
WITH
"b0" AS (
    SELECT
        "source"."company_name" AS "company_name",
        "source"."loyalty_tier" AS "loyalty_tier",
        "source"."email" AS "email",
        "source"."password_hash" AS "password_hash"
    FROM "relation_25" AS "source"
)
SELECT 
    "b0"."company_name" AS "company_name",
    "b0"."email" AS "email",
    "b0"."password_hash" AS "password_hash"
FROM "b0"
WHERE ("b0"."loyalty_tier" > 'bronze');
                                                QUERY PLAN                                                
----------------------------------------------------------------------------------------------------------
 Seq Scan on relation_25 source  (cost=0.00..39706.00 rows=462660 width=104) (actual rows=466523 loops=1)
   Filter: ((loyalty_tier)::text > 'bronze'::text)
   Rows Removed by Filter: 433477
   Buffers: shared hit=32 read=28424
 Planning:
   Buffers: shared hit=2 read=4
 Planning Time: 8.904 ms
 Execution Time: 101.903 ms
(8 rows)

-- Q093 [selection_projection] occurrence 1/1
-- Original E/R: SELECT DISTINCT e.tag_name, e.tag_id FROM Tag e WHERE e.tag_name < 'premium';
EXPLAIN (ANALYZE, BUFFERS, TIMING OFF, SUMMARY ON, FORMAT TEXT)
WITH
"b0" AS (
    SELECT
        "source"."tag_id" AS "tag_id",
        "source"."tag_name" AS "tag_name"
    FROM "relation_30" AS "source"
)
SELECT DISTINCT 
    "b0"."tag_name" AS "tag_name",
    "b0"."tag_id" AS "tag_id"
FROM "b0"
WHERE ("b0"."tag_name" < 'premium');
                                                 QUERY PLAN                                                 
------------------------------------------------------------------------------------------------------------
 HashAggregate  (cost=2455.76..3158.35 rows=70259 width=10) (actual rows=70307 loops=1)
   Group Key: source.tag_name, source.tag_id
   Batches: 1  Memory Usage: 7185kB
   Buffers: shared read=615
   ->  Seq Scan on relation_30 source  (cost=0.00..2104.46 rows=70259 width=10) (actual rows=70307 loops=1)
         Filter: ((tag_name)::text < 'premium'::text)
         Rows Removed by Filter: 48850
         Buffers: shared read=615
 Planning Time: 0.054 ms
 Execution Time: 22.505 ms
(10 rows)

-- Q094 [complex_multi_join] occurrence 1/1
-- Original E/R: SELECT e1.quantity, e2.product_name, e3.warranty_months FROM bundled_phone_accessory r1 JOIN Accessory e1 ON ENDPOINT(r1, Accessory) = REF(e1) JOIN Phone e2 ON ENDPOINT(r1, Phone) = REF(e2) JOIN bundle_phones r2 ON ENDPOINT(r2, phone_id) = REF(e2) JOIN Phone e3 ON ENDPOINT(r2, bundle_phone_id) = REF(e3) WHERE e2.dimensions <= 'medium';
EXPLAIN (ANALYZE, BUFFERS, TIMING OFF, SUMMARY ON, FORMAT TEXT)
WITH
"b0" AS (
    SELECT
        "source"."accessory_id" AS "__endpoint_accessory_0",
        "source"."phone_id" AS "__endpoint_phone_0"
    FROM "relation_65" AS "source"
),
"b1" AS (
    SELECT
        "source"."quantity" AS "quantity",
        "source"."accessory_id" AS "__reference_0"
    FROM "relation_12" AS "source"
),
"b2" AS (
    SELECT
        "source"."dimensions" AS "dimensions",
        "source"."product_name" AS "product_name",
        "source"."phone_id" AS "__reference_0"
    FROM "relation_11" AS "source"
),
"b3" AS (
    SELECT
        "source"."bundle_phone_phone_id" AS "__endpoint_bundle_phone_id_0",
        "source"."phone_id" AS "__endpoint_phone_id_0"
    FROM "relation_64" AS "source"
),
"b4" AS (
    SELECT
        "source"."warranty_months" AS "warranty_months",
        "source"."phone_id" AS "__reference_0"
    FROM "relation_11" AS "source"
)
SELECT 
    "b1"."quantity" AS "quantity",
    "b2"."product_name" AS "product_name",
    "b4"."warranty_months" AS "warranty_months"
FROM (((("b0" INNER JOIN "b1" ON ("b0"."__endpoint_accessory_0" = "b1"."__reference_0")) INNER JOIN "b2" ON ("b0"."__endpoint_phone_0" = "b2"."__reference_0")) INNER JOIN "b3" ON ("b3"."__endpoint_phone_id_0" = "b2"."__reference_0")) INNER JOIN "b4" ON ("b3"."__endpoint_bundle_phone_id_0" = "b4"."__reference_0"))
WHERE ("b2"."dimensions" <= 'medium');
                                                               QUERY PLAN                                                                
-----------------------------------------------------------------------------------------------------------------------------------------
 Hash Join  (cost=90734.38..134080.84 rows=1468407 width=42) (actual rows=1198665 loops=1)
   Hash Cond: (source_3.phone_id = source.phone_id)
   Buffers: shared hit=3336 read=39760
   ->  Hash Join  (cost=30290.02..52459.82 rows=1298517 width=8) (actual rows=1298517 loops=1)
         Hash Cond: (source_3.bundle_phone_phone_id = source_4.phone_id)
         Buffers: shared hit=32 read=20824
         ->  Seq Scan on relation_64 source_3  (cost=0.00..18761.17 rows=1298517 width=8) (actual rows=1298517 loops=1)
               Buffers: shared read=5776
         ->  Hash  (cost=21840.01..21840.01 rows=676001 width=8) (actual rows=676001 loops=1)
               Buckets: 1048576  Batches: 1  Memory Usage: 34599kB
               Buffers: shared hit=32 read=15048
               ->  Seq Scan on relation_11 source_4  (cost=0.00..21840.01 rows=676001 width=8) (actual rows=676001 loops=1)
                     Buffers: shared hit=32 read=15048
   ->  Hash  (cost=52663.34..52663.34 rows=622482 width=46) (actual rows=623228 loops=1)
         Buckets: 1048576  Batches: 1  Memory Usage: 56875kB
         Buffers: shared hit=3304 read=18936
         ->  Hash Join  (cost=36017.06..52663.34 rows=622482 width=46) (actual rows=623228 loops=1)
               Hash Cond: (source.accessory_id = source_1.accessory_id)
               Buffers: shared hit=3304 read=18936
               ->  Hash Join  (cost=29516.85..44529.07 rows=622482 width=46) (actual rows=623228 loops=1)
                     Hash Cond: (source.phone_id = source_2.phone_id)
                     Buffers: shared hit=64 read=18936
                     ->  Seq Scan on relation_65 source  (cost=0.00..12705.91 rows=878591 width=8) (actual rows=878591 loops=1)
                           Buffers: shared read=3920
                     ->  Hash  (cost=23530.01..23530.01 rows=478947 width=38) (actual rows=479991 loops=1)
                           Buckets: 524288  Batches: 1  Memory Usage: 37835kB
                           Buffers: shared hit=64 read=15016
                           ->  Seq Scan on relation_11 source_2  (cost=0.00..23530.01 rows=478947 width=38) (actual rows=479991 loops=1)
                                 Filter: ((dimensions)::text <= 'medium'::text)
                                 Rows Removed by Filter: 196010
                                 Buffers: shared hit=64 read=15016
               ->  Hash  (cost=4688.98..4688.98 rows=144898 width=8) (actual rows=144898 loops=1)
                     Buckets: 262144  Batches: 1  Memory Usage: 7709kB
                     Buffers: shared hit=3240
                     ->  Seq Scan on relation_12 source_1  (cost=0.00..4688.98 rows=144898 width=8) (actual rows=144898 loops=1)
                           Buffers: shared hit=3240
 Planning:
   Buffers: shared hit=50 read=14
 Planning Time: 0.544 ms
 JIT:
   Functions: 38
   Options: Inlining false, Optimization false, Expressions true, Deforming true
 Execution Time: 1010.383 ms
(43 rows)

-- Q095 [selection_projection] occurrence 1/1
-- Original E/R: SELECT e.warranty_months, e.accessory_type FROM Accessory e WHERE e.quantity > 22;
EXPLAIN (ANALYZE, BUFFERS, TIMING OFF, SUMMARY ON, FORMAT TEXT)
WITH
"b0" AS (
    SELECT
        "source"."accessory_type" AS "accessory_type",
        "source"."warranty_months" AS "warranty_months",
        "source"."quantity" AS "quantity"
    FROM "relation_12" AS "source"
)
SELECT 
    "b0"."warranty_months" AS "warranty_months",
    "b0"."accessory_type" AS "accessory_type"
FROM "b0"
WHERE ("b0"."quantity" > 22);
                                              QUERY PLAN                                              
------------------------------------------------------------------------------------------------------
 Seq Scan on relation_12 source  (cost=0.00..5051.23 rows=72878 width=10) (actual rows=72620 loops=1)
   Filter: (quantity > 22)
   Rows Removed by Filter: 72278
   Buffers: shared hit=3240
 Planning Time: 0.039 ms
 Execution Time: 9.484 ms
(6 rows)

-- Q096 [selection_projection] occurrence 1/1
-- Original E/R: SELECT e.product_name, e.sku, e.dimensions FROM Accessory e WHERE e.quantity < 30;
EXPLAIN (ANALYZE, BUFFERS, TIMING OFF, SUMMARY ON, FORMAT TEXT)
WITH
"b0" AS (
    SELECT
        "source"."dimensions" AS "dimensions",
        "source"."product_name" AS "product_name",
        "source"."quantity" AS "quantity",
        "source"."sku" AS "sku"
    FROM "relation_12" AS "source"
)
SELECT 
    "b0"."product_name" AS "product_name",
    "b0"."sku" AS "sku",
    "b0"."dimensions" AS "dimensions"
FROM "b0"
WHERE ("b0"."quantity" < 30);
                                              QUERY PLAN                                              
------------------------------------------------------------------------------------------------------
 Seq Scan on relation_12 source  (cost=0.00..5051.23 rows=86520 width=58) (actual rows=86848 loops=1)
   Filter: (quantity < 30)
   Rows Removed by Filter: 58050
   Buffers: shared hit=3240
 Planning Time: 0.026 ms
 Execution Time: 9.813 ms
(6 rows)

-- Q097 [relationship_join] occurrence 1/1
-- Original E/R: SELECT e1.supplier_id, e1.supplier_name, e2.is_active, e2.quantity FROM supplier_products r JOIN Supplier e1 ON ENDPOINT(r, Supplier) = REF(e1) JOIN Accessory e2 ON ENDPOINT(r, Product) = REF(e2) WHERE e2.base_price < 362;
EXPLAIN (ANALYZE, BUFFERS, TIMING OFF, SUMMARY ON, FORMAT TEXT)
WITH
"b0" AS (
    SELECT
        "source"."product_id" AS "__endpoint_product_0",
        "source"."supplier_id" AS "__endpoint_supplier_0"
    FROM "relation_60" AS "source"
),
"b1" AS (
    SELECT
        "source"."supplier_id" AS "supplier_id",
        "source"."supplier_name" AS "supplier_name",
        "source"."supplier_id" AS "__reference_0"
    FROM "relation_43" AS "source"
),
"b2" AS (
    SELECT
        "source"."base_price" AS "base_price",
        "source"."is_active" AS "is_active",
        "source"."quantity" AS "quantity",
        "source"."accessory_id" AS "__reference_0"
    FROM "relation_12" AS "source"
)
SELECT 
    "b1"."supplier_id" AS "supplier_id",
    "b1"."supplier_name" AS "supplier_name",
    "b2"."is_active" AS "is_active",
    "b2"."quantity" AS "quantity"
FROM (("b0" INNER JOIN "b1" ON ("b0"."__endpoint_supplier_0" = "b1"."__reference_0")) INNER JOIN "b2" ON ("b0"."__endpoint_product_0" = "b2"."__reference_0"))
WHERE ("b2"."base_price" < 362);
                                                         QUERY PLAN                                                         
----------------------------------------------------------------------------------------------------------------------------
 Hash Join  (cost=4038.28..9928.04 rows=34871 width=29) (actual rows=302 loops=1)
   Hash Cond: (source_2.accessory_id = source.product_id)
   Buffers: shared hit=3240 read=860
   ->  Seq Scan on relation_12 source_2  (cost=0.00..5051.23 rows=130620 width=12) (actual rows=130689 loops=1)
         Filter: (base_price < 362)
         Rows Removed by Filter: 14209
         Buffers: shared hit=3240
   ->  Hash  (cost=3554.75..3554.75 rows=38683 width=25) (actual rows=38683 loops=1)
         Buckets: 65536  Batches: 1  Memory Usage: 2687kB
         Buffers: shared read=860
         ->  Hash Join  (cost=1042.37..3554.75 rows=38683 width=25) (actual rows=38683 loops=1)
               Hash Cond: (source_1.supplier_id = source.supplier_id)
               Buffers: shared read=860
               ->  Seq Scan on relation_43 source_1  (cost=0.00..1733.49 rows=104549 width=21) (actual rows=104549 loops=1)
                     Buffers: shared read=688
               ->  Hash  (cost=558.83..558.83 rows=38683 width=8) (actual rows=38683 loops=1)
                     Buckets: 65536  Batches: 1  Memory Usage: 2024kB
                     Buffers: shared read=172
                     ->  Seq Scan on relation_60 source  (cost=0.00..558.83 rows=38683 width=8) (actual rows=38683 loops=1)
                           Buffers: shared read=172
 Planning:
   Buffers: shared hit=12 read=8
 Planning Time: 0.195 ms
 Execution Time: 30.188 ms
(24 rows)

-- Q098 [selection_projection] occurrence 1/1
-- Original E/R: SELECT DISTINCT e.tag_id FROM Tag e WHERE e.tag_name > 'exclusive';
EXPLAIN (ANALYZE, BUFFERS, TIMING OFF, SUMMARY ON, FORMAT TEXT)
WITH
"b0" AS (
    SELECT
        "source"."tag_id" AS "tag_id",
        "source"."tag_name" AS "tag_name"
    FROM "relation_30" AS "source"
)
SELECT DISTINCT 
    "b0"."tag_id" AS "tag_id"
FROM "b0"
WHERE ("b0"."tag_name" > 'exclusive');
                                                QUERY PLAN                                                 
-----------------------------------------------------------------------------------------------------------
 HashAggregate  (cost=2351.26..3338.44 rows=98718 width=4) (actual rows=99082 loops=1)
   Group Key: source.tag_id
   Batches: 1  Memory Usage: 7185kB
   Buffers: shared hit=615
   ->  Seq Scan on relation_30 source  (cost=0.00..2104.46 rows=98718 width=4) (actual rows=99082 loops=1)
         Filter: ((tag_name)::text > 'exclusive'::text)
         Rows Removed by Filter: 20075
         Buffers: shared hit=615
 Planning Time: 0.042 ms
 Execution Time: 23.415 ms
(10 rows)

-- Q099 [aggregation] occurrence 1/1
-- Original E/R: SELECT e2.product_name, COUNT(DISTINCT REF(e1)) AS related_count FROM bundle_phones r JOIN Phone e1 ON ENDPOINT(r, phone_id) = REF(e1) JOIN Phone e2 ON ENDPOINT(r, bundle_phone_id) = REF(e2) WHERE e2.base_price > 39 GROUP BY REF(e2), e2.product_name HAVING COUNT(DISTINCT REF(e1)) >= 3;
EXPLAIN (ANALYZE, BUFFERS, TIMING OFF, SUMMARY ON, FORMAT TEXT)
WITH
"b0" AS (
    SELECT
        "source"."bundle_phone_phone_id" AS "__endpoint_bundle_phone_id_0",
        "source"."phone_id" AS "__endpoint_phone_id_0"
    FROM "relation_64" AS "source"
),
"b1" AS (
    SELECT
        "source"."phone_id" AS "__reference_0"
    FROM "relation_11" AS "source"
),
"b2" AS (
    SELECT
        "source"."base_price" AS "base_price",
        "source"."product_name" AS "product_name",
        "source"."phone_id" AS "__reference_0"
    FROM "relation_11" AS "source"
)
SELECT 
    "b2"."product_name" AS "product_name",
    COUNT(DISTINCT "b1"."__reference_0") AS "related_count"
FROM (("b0" INNER JOIN "b1" ON ("b0"."__endpoint_phone_id_0" = "b1"."__reference_0")) INNER JOIN "b2" ON ("b0"."__endpoint_bundle_phone_id_0" = "b2"."__reference_0"))
WHERE ("b2"."base_price" > 39)
GROUP BY
    "b2"."__reference_0",
    "b2"."product_name"
HAVING (COUNT(DISTINCT "b1"."__reference_0") >= 3);
                                                                                  QUERY PLAN                                                                                   
-------------------------------------------------------------------------------------------------------------------------------------------------------------------------------
 GroupAggregate  (cost=104515.67..255429.04 rows=204637 width=46) (actual rows=184761 loops=1)
   Group Key: source_2.phone_id
   Filter: (count(DISTINCT source_1.phone_id) >= 3)
   Rows Removed by Filter: 337107
   Buffers: shared hit=133 read=23623, temp read=7758 written=7759
   ->  Gather Merge  (cost=104515.67..241858.88 rows=1179251 width=42) (actual rows=1175060 loops=1)
         Workers Planned: 2
         Workers Launched: 0
         Buffers: shared hit=133 read=23623, temp read=7758 written=7759
         ->  Sort  (cost=103515.65..104744.04 rows=491355 width=42) (actual rows=1175060 loops=1)
               Sort Key: source_2.phone_id, source_1.phone_id
               Sort Method: external merge  Disk: 62064kB
               Buffers: shared hit=133 read=23623, temp read=7758 written=7759
               ->  Parallel Hash Join  (cost=43170.29..57066.86 rows=491355 width=42) (actual rows=1175060 loops=1)
                     Hash Cond: (source.phone_id = source_1.phone_id)
                     Buffers: shared hit=133 read=23623
                     ->  Parallel Hash Join  (cost=21798.30..34405.05 rows=491355 width=42) (actual rows=1175060 loops=1)
                           Hash Cond: (source.bundle_phone_phone_id = source_2.phone_id)
                           Buffers: shared hit=128 read=20728
                           ->  Parallel Seq Scan on relation_64 source  (cost=0.00..11186.49 rows=541049 width=8) (actual rows=1298517 loops=1)
                                 Buffers: shared hit=32 read=5744
                           ->  Parallel Hash  (cost=18600.84..18600.84 rows=255797 width=38) (actual rows=611617 loops=1)
                                 Buckets: 1048576  Batches: 1  Memory Usage: 52480kB
                                 Buffers: shared hit=96 read=14984
                                 ->  Parallel Seq Scan on relation_11 source_2  (cost=0.00..18600.84 rows=255797 width=38) (actual rows=611617 loops=1)
                                       Filter: (base_price > 39)
                                       Rows Removed by Filter: 64384
                                       Buffers: shared hit=96 read=14984
                     ->  Parallel Hash  (cost=17851.15..17851.15 rows=281667 width=4) (actual rows=676001 loops=1)
                           Buckets: 1048576  Batches: 1  Memory Usage: 34656kB
                           Buffers: shared hit=5 read=2895
                           ->  Parallel Index Only Scan using relation_11_pkey on relation_11 source_1  (cost=0.42..17851.15 rows=281667 width=4) (actual rows=676001 loops=1)
                                 Heap Fetches: 0
                                 Buffers: shared hit=5 read=2895
 Planning:
   Buffers: shared hit=24 read=3
 Planning Time: 0.212 ms
 JIT:
   Functions: 23
   Options: Inlining false, Optimization false, Expressions true, Deforming true
 Execution Time: 1261.591 ms
(41 rows)

-- Q100 [complex_multi_join] occurrence 1/1
-- Original E/R: SELECT e1.is_active, e2.custorder_id, e3.cpu FROM order_returns r1 JOIN Product e1 ON ENDPOINT(r1, Product) = REF(e1) JOIN CustOrder e2 ON ENDPOINT(r1, CustOrder) = REF(e2) JOIN order_items r2 ON ENDPOINT(r2, CustOrder) = REF(e2) JOIN Laptop e3 ON ENDPOINT(r2, Product) = REF(e3) WHERE e1.sku > 'SKU-KWhj-56460696';
EXPLAIN (ANALYZE, BUFFERS, TIMING OFF, SUMMARY ON, FORMAT TEXT)
WITH
"b0" AS (
    SELECT
        "source"."custorder_id" AS "__endpoint_custorder_0",
        "source"."product_id" AS "__endpoint_product_0"
    FROM "relation_57" AS "source"
),
"b1" AS (
    SELECT
        "source"."is_active" AS "is_active",
        "source"."sku" AS "sku",
        "source"."product_id" AS "__reference_0"
    FROM "relation_1" AS "source"
    UNION ALL
    SELECT
        "source"."is_active" AS "is_active",
        "source"."sku" AS "sku",
        "source"."physicalproduct_id" AS "__reference_0"
    FROM "relation_2" AS "source"
    UNION ALL
    SELECT
        "source"."is_active" AS "is_active",
        "source"."sku" AS "sku",
        "source"."electronics_id" AS "__reference_0"
    FROM "relation_4" AS "source"
    UNION ALL
    SELECT
        "source"."is_active" AS "is_active",
        "source"."sku" AS "sku",
        "source"."computer_id" AS "__reference_0"
    FROM "relation_5" AS "source"
    UNION ALL
    SELECT
        "source"."is_active" AS "is_active",
        "source"."sku" AS "sku",
        "source"."desktop_id" AS "__reference_0"
    FROM "relation_6" AS "source"
    UNION ALL
    SELECT
        "source"."is_active" AS "is_active",
        "source"."sku" AS "sku",
        "source"."laptop_id" AS "__reference_0"
    FROM "relation_7" AS "source"
    UNION ALL
    SELECT
        "source"."is_active" AS "is_active",
        "source"."sku" AS "sku",
        "source"."tablet_id" AS "__reference_0"
    FROM "relation_8" AS "source"
    UNION ALL
    SELECT
        "source"."is_active" AS "is_active",
        "source"."sku" AS "sku",
        "source"."smartwatch_id" AS "__reference_0"
    FROM "relation_9" AS "source"
    UNION ALL
    SELECT
        "source"."is_active" AS "is_active",
        "source"."sku" AS "sku",
        "source"."camera_id" AS "__reference_0"
    FROM "relation_10" AS "source"
    UNION ALL
    SELECT
        "source"."is_active" AS "is_active",
        "source"."sku" AS "sku",
        "source"."phone_id" AS "__reference_0"
    FROM "relation_11" AS "source"
    UNION ALL
    SELECT
        "source"."is_active" AS "is_active",
        "source"."sku" AS "sku",
        "source"."accessory_id" AS "__reference_0"
    FROM "relation_12" AS "source"
    UNION ALL
    SELECT
        "source"."is_active" AS "is_active",
        "source"."sku" AS "sku",
        "source"."appliance_id" AS "__reference_0"
    FROM "relation_13" AS "source"
    UNION ALL
    SELECT
        "source"."is_active" AS "is_active",
        "source"."sku" AS "sku",
        "source"."kitchenappliance_id" AS "__reference_0"
    FROM "relation_14" AS "source"
    UNION ALL
    SELECT
        "source"."is_active" AS "is_active",
        "source"."sku" AS "sku",
        "source"."apparel_id" AS "__reference_0"
    FROM "relation_15" AS "source"
    UNION ALL
    SELECT
        "source"."is_active" AS "is_active",
        "source"."sku" AS "sku",
        "source"."clothing_id" AS "__reference_0"
    FROM "relation_16" AS "source"
    UNION ALL
    SELECT
        "source"."is_active" AS "is_active",
        "source"."sku" AS "sku",
        "source"."menclothing_id" AS "__reference_0"
    FROM "relation_17" AS "source"
    UNION ALL
    SELECT
        "source"."is_active" AS "is_active",
        "source"."sku" AS "sku",
        "source"."womenclothing_id" AS "__reference_0"
    FROM "relation_18" AS "source"
    UNION ALL
    SELECT
        "source"."is_active" AS "is_active",
        "source"."sku" AS "sku",
        "source"."footwear_id" AS "__reference_0"
    FROM "relation_19" AS "source"
    UNION ALL
    SELECT
        "source"."is_active" AS "is_active",
        "source"."sku" AS "sku",
        "source"."digitalproduct_id" AS "__reference_0"
    FROM "relation_3" AS "source"
    UNION ALL
    SELECT
        "source"."is_active" AS "is_active",
        "source"."sku" AS "sku",
        "source"."media_id" AS "__reference_0"
    FROM "relation_20" AS "source"
    UNION ALL
    SELECT
        "source"."is_active" AS "is_active",
        "source"."sku" AS "sku",
        "source"."software_id" AS "__reference_0"
    FROM "relation_21" AS "source"
),
"b2" AS (
    SELECT
        "source"."custorder_id" AS "custorder_id",
        "source"."custorder_id" AS "__reference_0"
    FROM "relation_37" AS "source"
),
"b3" AS (
    SELECT
        "source"."custorder_id" AS "__endpoint_custorder_0",
        "source"."product_id" AS "__endpoint_product_0"
    FROM "relation_55" AS "source"
),
"b4" AS (
    SELECT
        "source"."cpu" AS "cpu",
        "source"."laptop_id" AS "__reference_0"
    FROM "relation_7" AS "source"
)
SELECT 
    "b1"."is_active" AS "is_active",
    "b2"."custorder_id" AS "custorder_id",
    "b4"."cpu" AS "cpu"
FROM (((("b0" INNER JOIN "b1" ON ("b0"."__endpoint_product_0" = "b1"."__reference_0")) INNER JOIN "b2" ON ("b0"."__endpoint_custorder_0" = "b2"."__reference_0")) INNER JOIN "b3" ON ("b3"."__endpoint_custorder_0" = "b2"."__reference_0")) INNER JOIN "b4" ON ("b3"."__endpoint_product_0" = "b4"."__reference_0"))
WHERE ("b1"."sku" > 'SKU-KWhj-56460696');
                                                                  QUERY PLAN                                                                  
----------------------------------------------------------------------------------------------------------------------------------------------
 Nested Loop  (cost=5369.93..854740.06 rows=16022446 width=16) (actual rows=109 loops=1)
   Buffers: shared hit=10146 read=4335
   ->  Hash Join  (cost=5369.63..10828.37 rows=29828 width=16) (actual rows=185 loops=1)
         Hash Cond: (source_24.laptop_id = source_23.product_id)
         Buffers: shared hit=568 read=3793
         ->  Seq Scan on relation_7 source_24  (cost=0.00..4636.70 rows=139670 width=12) (actual rows=139670 loops=1)
               Buffers: shared hit=1 read=3239
         ->  Hash  (cost=4996.78..4996.78 rows=29828 width=12) (actual rows=23441 loops=1)
               Buckets: 32768  Batches: 1  Memory Usage: 1264kB
               Buffers: shared hit=567 read=554
               ->  Hash Join  (cost=2678.01..4996.78 rows=29828 width=12) (actual rows=23441 loops=1)
                     Hash Cond: (source_23.custorder_id = source.custorder_id)
                     Buffers: shared hit=567 read=554
                     ->  Seq Scan on relation_55 source_23  (cost=0.00..1501.66 rows=103766 width=8) (actual rows=103766 loops=1)
                           Buffers: shared read=464
                     ->  Hash  (cost=2451.03..2451.03 rows=18158 width=12) (actual rows=18158 loops=1)
                           Buckets: 32768  Batches: 1  Memory Usage: 1037kB
                           Buffers: shared hit=567 read=90
                           ->  Hash Join  (cost=489.56..2451.03 rows=18158 width=12) (actual rows=18158 loops=1)
                                 Hash Cond: (source_22.custorder_id = source.custorder_id)
                                 Buffers: shared hit=567 read=90
                                 ->  Seq Scan on relation_37 source_22  (cost=0.00..1378.60 rows=80260 width=4) (actual rows=80260 loops=1)
                                       Buffers: shared hit=567 read=9
                                 ->  Hash  (cost=262.58..262.58 rows=18158 width=8) (actual rows=18158 loops=1)
                                       Buckets: 32768  Batches: 1  Memory Usage: 966kB
                                       Buffers: shared read=81
                                       ->  Seq Scan on relation_57 source  (cost=0.00..262.58 rows=18158 width=8) (actual rows=18158 loops=1)
                                             Buffers: shared read=81
   ->  Memoize  (cost=0.30..46.07 rows=21 width=8) (actual rows=1 loops=185)
         Cache Key: source.product_id
         Cache Mode: logical
         Hits: 1  Misses: 184  Evictions: 0  Overflows: 0  Memory Usage: 17kB
         Buffers: shared hit=9578 read=542
         ->  Append  (cost=0.29..46.06 rows=21 width=8) (actual rows=1 loops=184)
               Buffers: shared hit=9578 read=542
               ->  Index Scan using relation_1_pkey on relation_1 source_1  (cost=0.29..0.63 rows=1 width=8) (actual rows=0 loops=184)
                     Index Cond: (product_id = source.product_id)
                     Filter: ((sku)::text > 'SKU-KWhj-56460696'::text)
                     Buffers: shared hit=365 read=4
               ->  Index Scan using relation_2_pkey on relation_2 source_2  (cost=0.29..0.76 rows=1 width=8) (actual rows=0 loops=184)
                     Index Cond: (physicalproduct_id = source.product_id)
                     Filter: ((sku)::text > 'SKU-KWhj-56460696'::text)
                     Buffers: shared hit=364 read=5
               ->  Index Scan using relation_4_pkey on relation_4 source_3  (cost=0.43..7.56 rows=1 width=8) (actual rows=0 loops=184)
                     Index Cond: (electronics_id = source.product_id)
                     Filter: ((sku)::text > 'SKU-KWhj-56460696'::text)
                     Rows Removed by Filter: 0
                     Buffers: shared hit=381 read=263
               ->  Index Scan using relation_5_pkey on relation_5 source_4  (cost=0.29..0.94 rows=1 width=8) (actual rows=0 loops=184)
                     Index Cond: (computer_id = source.product_id)
                     Filter: ((sku)::text > 'SKU-KWhj-56460696'::text)
                     Buffers: shared hit=364 read=5
               ->  Index Scan using relation_6_pkey on relation_6 source_5  (cost=0.43..5.41 rows=1 width=8) (actual rows=0 loops=184)
                     Index Cond: (desktop_id = source.product_id)
                     Filter: ((sku)::text > 'SKU-KWhj-56460696'::text)
                     Rows Removed by Filter: 0
                     Buffers: shared hit=505 read=76
               ->  Index Scan using relation_7_pkey on relation_7 source_6  (cost=0.42..1.27 rows=1 width=8) (actual rows=0 loops=184)
                     Index Cond: (laptop_id = source.product_id)
                     Filter: ((sku)::text > 'SKU-KWhj-56460696'::text)
                     Rows Removed by Filter: 0
                     Buffers: shared hit=551 read=4
               ->  Index Scan using relation_8_pkey on relation_8 source_7  (cost=0.29..0.85 rows=1 width=8) (actual rows=0 loops=184)
                     Index Cond: (tablet_id = source.product_id)
                     Filter: ((sku)::text > 'SKU-KWhj-56460696'::text)
                     Buffers: shared hit=364 read=5
               ->  Index Scan using relation_9_pkey on relation_9 source_8  (cost=0.42..3.03 rows=1 width=8) (actual rows=0 loops=184)
                     Index Cond: (smartwatch_id = source.product_id)
                     Filter: ((sku)::text > 'SKU-KWhj-56460696'::text)
                     Rows Removed by Filter: 0
                     Buffers: shared hit=541 read=14
               ->  Index Scan using relation_10_pkey on relation_10 source_9  (cost=0.42..1.36 rows=1 width=8) (actual rows=0 loops=184)
                     Index Cond: (camera_id = source.product_id)
                     Filter: ((sku)::text > 'SKU-KWhj-56460696'::text)
                     Rows Removed by Filter: 0
                     Buffers: shared hit=546 read=7
               ->  Index Scan using relation_11_pkey on relation_11 source_10  (cost=0.42..3.58 rows=1 width=8) (actual rows=0 loops=184)
                     Index Cond: (phone_id = source.product_id)
                     Filter: ((sku)::text > 'SKU-KWhj-56460696'::text)
                     Rows Removed by Filter: 0
                     Buffers: shared hit=547 read=14
               ->  Index Scan using relation_12_pkey on relation_12 source_11  (cost=0.42..1.29 rows=1 width=8) (actual rows=0 loops=184)
                     Index Cond: (accessory_id = source.product_id)
                     Filter: ((sku)::text > 'SKU-KWhj-56460696'::text)
                     Buffers: shared hit=552 read=2
               ->  Index Scan using relation_13_pkey on relation_13 source_12  (cost=0.29..0.64 rows=1 width=8) (actual rows=0 loops=184)
                     Index Cond: (appliance_id = source.product_id)
                     Filter: ((sku)::text > 'SKU-KWhj-56460696'::text)
                     Buffers: shared hit=365 read=3
               ->  Index Scan using relation_14_pkey on relation_14 source_13  (cost=0.42..1.90 rows=1 width=8) (actual rows=0 loops=184)
                     Index Cond: (kitchenappliance_id = source.product_id)
                     Filter: ((sku)::text > 'SKU-KWhj-56460696'::text)
                     Buffers: shared hit=545 read=9
               ->  Index Scan using relation_15_pkey on relation_15 source_14  (cost=0.42..2.43 rows=1 width=8) (actual rows=0 loops=184)
                     Index Cond: (apparel_id = source.product_id)
                     Filter: ((sku)::text > 'SKU-KWhj-56460696'::text)
                     Rows Removed by Filter: 0
                     Buffers: shared hit=543 read=11
               ->  Index Scan using relation_16_pkey on relation_16 source_15  (cost=0.42..2.20 rows=1 width=8) (actual rows=0 loops=184)
                     Index Cond: (clothing_id = source.product_id)
                     Filter: ((sku)::text > 'SKU-KWhj-56460696'::text)
                     Rows Removed by Filter: 0
                     Buffers: shared hit=540 read=16
               ->  Index Scan using relation_17_pkey on relation_17 source_16  (cost=0.43..5.29 rows=1 width=8) (actual rows=0 loops=184)
                     Index Cond: (menclothing_id = source.product_id)
                     Filter: ((sku)::text > 'SKU-KWhj-56460696'::text)
                     Rows Removed by Filter: 0
                     Buffers: shared hit=525 read=39
               ->  Index Scan using relation_18_pkey on relation_18 source_17  (cost=0.29..0.98 rows=1 width=8) (actual rows=0 loops=184)
                     Index Cond: (womenclothing_id = source.product_id)
                     Filter: ((sku)::text > 'SKU-KWhj-56460696'::text)
                     Rows Removed by Filter: 0
                     Buffers: shared hit=363 read=7
               ->  Index Scan using relation_19_pkey on relation_19 source_18  (cost=0.29..0.46 rows=1 width=8) (actual rows=0 loops=184)
                     Index Cond: (footwear_id = source.product_id)
                     Filter: ((sku)::text > 'SKU-KWhj-56460696'::text)
                     Buffers: shared hit=365 read=3
               ->  Index Scan using relation_3_pkey on relation_3 source_19  (cost=0.29..0.67 rows=1 width=8) (actual rows=0 loops=184)
                     Index Cond: (digitalproduct_id = source.product_id)
                     Filter: ((sku)::text > 'SKU-KWhj-56460696'::text)
                     Buffers: shared hit=363 read=7
               ->  Index Scan using relation_20_pkey on relation_20 source_20  (cost=0.43..4.31 rows=1 width=8) (actual rows=0 loops=184)
                     Index Cond: (media_id = source.product_id)
                     Filter: ((sku)::text > 'SKU-KWhj-56460696'::text)
                     Rows Removed by Filter: 0
                     Buffers: shared hit=522 read=46
               ->  Index Scan using relation_21_pkey on relation_21 source_21  (cost=0.29..0.39 rows=1 width=8) (actual rows=0 loops=184)
                     Index Cond: (software_id = source.product_id)
                     Filter: ((sku)::text > 'SKU-KWhj-56460696'::text)
                     Buffers: shared hit=367 read=2
 Planning:
   Buffers: shared hit=31 read=16
 Planning Time: 0.871 ms
 JIT:
   Functions: 181
   Options: Inlining true, Optimization true, Expressions true, Deforming true
 Execution Time: 662.561 ms
(137 rows)

ROLLBACK;
ROLLBACK
