VACUUM (ANALYZE);
VACUUM
\set ON_ERROR_STOP on
\pset pager off
Pager usage is off.
-- CompileDB mapping-aware relational workload
-- Conceptual workload: example2_schema_driven_selectivity_100_w09
-- Mapping ID: b26df79b796efe2e3034f14c8982d82f25b3d58f9804318cdc807901d3eb8442
-- Query shapes: 100
-- Executed statements: 100
BEGIN TRANSACTION READ ONLY;
BEGIN
-- Q001 [selection_projection] occurrence 1/1
-- Original E/R: SELECT e.ends_at, e.starts_at, e.promo_name FROM Promotion e WHERE e.promo_name > 'Object-based responsive policy';
EXPLAIN (ANALYZE, BUFFERS, TIMING OFF, SUMMARY ON, FORMAT TEXT)
WITH
"b0" AS (
    SELECT
        "source"."ends_at" AS "ends_at",
        "source"."promo_name" AS "promo_name",
        "source"."starts_at" AS "starts_at"
    FROM "relation_39" AS "source"
)
SELECT 
    "b0"."ends_at" AS "ends_at",
    "b0"."starts_at" AS "starts_at",
    "b0"."promo_name" AS "promo_name"
FROM "b0"
WHERE ("b0"."promo_name" > 'Object-based responsive policy');
                                              QUERY PLAN                                              
------------------------------------------------------------------------------------------------------
 Seq Scan on relation_39 source  (cost=0.00..3772.73 rows=74869 width=56) (actual rows=73908 loops=1)
   Filter: ((promo_name)::text > 'Object-based responsive policy'::text)
   Rows Removed by Filter: 75830
   Buffers: shared read=1901
 Planning:
   Buffers: shared hit=20
 Planning Time: 0.128 ms
 Execution Time: 14.170 ms
(8 rows)

-- Q002 [weak_owner] occurrence 1/1
-- Original E/R: SELECT w.device, w.session_id, o.password_hash FROM BrowsingSession w JOIN User o ON OWNER(w) = REF(o) WHERE o.password_hash >= '7f77e1d72ca05f11515ce34eb13029810461de5058fa890e4a72e479fef250d6';
EXPLAIN (ANALYZE, BUFFERS, TIMING OFF, SUMMARY ON, FORMAT TEXT)
WITH
"b0" AS (
    SELECT
        "source"."device" AS "device",
        "source"."session_id" AS "session_id",
        "source"."user_id" AS "__owner_0"
    FROM "relation_36" AS "source"
),
"b1" AS (
    SELECT
        "source"."password_hash" AS "password_hash",
        "source"."user_id" AS "__reference_0"
    FROM "relation_22" AS "source"
    UNION ALL
    SELECT
        "source"."password_hash" AS "password_hash",
        "source"."customer_id" AS "__reference_0"
    FROM "relation_23" AS "source"
    UNION ALL
    SELECT
        "source"."password_hash" AS "password_hash",
        "source"."primecustomer_id" AS "__reference_0"
    FROM "relation_24" AS "source"
    UNION ALL
    SELECT
        "source"."password_hash" AS "password_hash",
        "source"."businesscustomer_id" AS "__reference_0"
    FROM "relation_25" AS "source"
    UNION ALL
    SELECT
        "source"."password_hash" AS "password_hash",
        "source"."employee_id" AS "__reference_0"
    FROM "relation_26" AS "source"
)
SELECT 
    "b0"."device" AS "device",
    "b0"."session_id" AS "session_id",
    "b1"."password_hash" AS "password_hash"
FROM ("b0" INNER JOIN "b1" ON ("b0"."__owner_0" = "b1"."__reference_0"))
WHERE ("b1"."password_hash" >= '7f77e1d72ca05f11515ce34eb13029810461de5058fa890e4a72e479fef250d6');
                                                        QUERY PLAN                                                         
---------------------------------------------------------------------------------------------------------------------------
 Hash Join  (cost=975.74..79531.89 rows=786366 width=76) (actual rows=16502 loops=1)
   Hash Cond: (source_1.user_id = source.user_id)
   Buffers: shared read=44874 written=3724
   ->  Append  (cost=0.00..67777.03 rows=777456 width=69) (actual rows=773319 loops=1)
         Buffers: shared read=44633 written=3686
         ->  Seq Scan on relation_22 source_1  (cost=0.00..9574.94 rows=139279 width=69) (actual rows=139779 loops=1)
               Filter: ((password_hash)::text >= '7f77e1d72ca05f11515ce34eb13029810461de5058fa890e4a72e479fef250d6'::text)
               Rows Removed by Filter: 138776
               Buffers: shared read=6093 written=31
         ->  Seq Scan on relation_23 source_2  (cost=0.00..1550.31 rows=18347 width=69) (actual rows=18454 loops=1)
               Filter: ((password_hash)::text >= '7f77e1d72ca05f11515ce34eb13029810461de5058fa890e4a72e479fef250d6'::text)
               Rows Removed by Filter: 18531
               Buffers: shared read=1088 written=1088
         ->  Seq Scan on relation_24 source_3  (cost=0.00..4963.00 rows=50562 width=69) (actual rows=50204 loops=1)
               Filter: ((password_hash)::text >= '7f77e1d72ca05f11515ce34eb13029810461de5058fa890e4a72e479fef250d6'::text)
               Rows Removed by Filter: 49796
               Buffers: shared read=3713 written=2562
         ->  Seq Scan on relation_25 source_4  (cost=0.00..39706.00 rows=455416 width=69) (actual rows=452236 loops=1)
               Filter: ((password_hash)::text >= '7f77e1d72ca05f11515ce34eb13029810461de5058fa890e4a72e479fef250d6'::text)
               Rows Removed by Filter: 447764
               Buffers: shared read=28456 written=5
         ->  Seq Scan on relation_26 source_5  (cost=0.00..8095.50 rows=113852 width=69) (actual rows=112646 loops=1)
               Filter: ((password_hash)::text >= '7f77e1d72ca05f11515ce34eb13029810461de5058fa890e4a72e479fef250d6'::text)
               Rows Removed by Filter: 112354
               Buffers: shared read=5283
   ->  Hash  (cost=567.55..567.55 rows=32655 width=15) (actual rows=32655 loops=1)
         Buckets: 32768  Batches: 1  Memory Usage: 1787kB
         Buffers: shared read=241 written=38
         ->  Seq Scan on relation_36 source  (cost=0.00..567.55 rows=32655 width=15) (actual rows=32655 loops=1)
               Buffers: shared read=241 written=38
 Planning:
   Buffers: shared hit=98
 Planning Time: 0.237 ms
 Execution Time: 203.584 ms
(34 rows)

-- Q003 [complex_multi_join] occurrence 1/1
-- Original E/R: SELECT e2.supplier_id, COUNT(DISTINCT REF(e3)) AS related_count FROM supplier_products r1 JOIN Product e1 ON ENDPOINT(r1, Product) = REF(e1) JOIN Supplier e2 ON ENDPOINT(r1, Supplier) = REF(e2) JOIN supplier_pos r2 ON ENDPOINT(r2, Supplier) = REF(e2) JOIN PurchaseOrder e3 ON ENDPOINT(r2, PurchaseOrder) = REF(e3) WHERE e2.supplier_id <= 10516 GROUP BY REF(e2), e2.supplier_id HAVING COUNT(DISTINCT REF(e3)) >= 2;
EXPLAIN (ANALYZE, BUFFERS, TIMING OFF, SUMMARY ON, FORMAT TEXT)
WITH
"b0" AS (
    SELECT
        "source"."product_id" AS "__endpoint_product_0",
        "source"."supplier_id" AS "__endpoint_supplier_0"
    FROM "relation_55" AS "source"
),
"b1" AS (
    SELECT
        "source"."product_id" AS "__reference_0"
    FROM "relation_1" AS "source"
    UNION ALL
    SELECT
        "source"."physicalproduct_id" AS "__reference_0"
    FROM "relation_2" AS "source"
    UNION ALL
    SELECT
        "source"."electronics_id" AS "__reference_0"
    FROM "relation_4" AS "source"
    UNION ALL
    SELECT
        "source"."computer_id" AS "__reference_0"
    FROM "relation_5" AS "source"
    UNION ALL
    SELECT
        "source"."desktop_id" AS "__reference_0"
    FROM "relation_6" AS "source"
    UNION ALL
    SELECT
        "source"."laptop_id" AS "__reference_0"
    FROM "relation_7" AS "source"
    UNION ALL
    SELECT
        "source"."tablet_id" AS "__reference_0"
    FROM "relation_8" AS "source"
    UNION ALL
    SELECT
        "source"."smartwatch_id" AS "__reference_0"
    FROM "relation_9" AS "source"
    UNION ALL
    SELECT
        "source"."camera_id" AS "__reference_0"
    FROM "relation_10" AS "source"
    UNION ALL
    SELECT
        "source"."phone_id" AS "__reference_0"
    FROM "relation_11" AS "source"
    UNION ALL
    SELECT
        "source"."accessory_id" AS "__reference_0"
    FROM "relation_12" AS "source"
    UNION ALL
    SELECT
        "source"."appliance_id" AS "__reference_0"
    FROM "relation_13" AS "source"
    UNION ALL
    SELECT
        "source"."kitchenappliance_id" AS "__reference_0"
    FROM "relation_14" AS "source"
    UNION ALL
    SELECT
        "source"."apparel_id" AS "__reference_0"
    FROM "relation_15" AS "source"
    UNION ALL
    SELECT
        "source"."clothing_id" AS "__reference_0"
    FROM "relation_16" AS "source"
    UNION ALL
    SELECT
        "source"."menclothing_id" AS "__reference_0"
    FROM "relation_17" AS "source"
    UNION ALL
    SELECT
        "source"."womenclothing_id" AS "__reference_0"
    FROM "relation_18" AS "source"
    UNION ALL
    SELECT
        "source"."footwear_id" AS "__reference_0"
    FROM "relation_19" AS "source"
    UNION ALL
    SELECT
        "source"."digitalproduct_id" AS "__reference_0"
    FROM "relation_3" AS "source"
    UNION ALL
    SELECT
        "source"."media_id" AS "__reference_0"
    FROM "relation_20" AS "source"
    UNION ALL
    SELECT
        "source"."software_id" AS "__reference_0"
    FROM "relation_21" AS "source"
),
"b2" AS (
    SELECT
        "source"."supplier_id" AS "supplier_id",
        "source"."supplier_id" AS "__reference_0"
    FROM "relation_43" AS "source"
),
"b3" AS (
    SELECT
        "source"."purchaseorder_id" AS "__endpoint_purchaseorder_0",
        "source"."supplier_pos_supplier_id" AS "__endpoint_supplier_0"
    FROM "relation_45" AS "source"
    WHERE ("source"."supplier_pos_supplier_id" IS NOT NULL)
),
"b4" AS (
    SELECT
        "source"."purchaseorder_id" AS "__reference_0"
    FROM "relation_45" AS "source"
)
SELECT 
    "b2"."supplier_id" AS "supplier_id",
    COUNT(DISTINCT "b4"."__reference_0") AS "related_count"
FROM (((("b0" INNER JOIN "b1" ON ("b0"."__endpoint_product_0" = "b1"."__reference_0")) INNER JOIN "b2" ON ("b0"."__endpoint_supplier_0" = "b2"."__reference_0")) INNER JOIN "b3" ON ("b3"."__endpoint_supplier_0" = "b2"."__reference_0")) INNER JOIN "b4" ON ("b3"."__endpoint_purchaseorder_0" = "b4"."__reference_0"))
WHERE ("b2"."supplier_id" <= 10516)
GROUP BY
    "b2"."__reference_0",
    "b2"."supplier_id"
HAVING (COUNT(DISTINCT "b4"."__reference_0") >= 2);
                                                                                        QUERY PLAN                                                                                         
-------------------------------------------------------------------------------------------------------------------------------------------------------------------------------------------
 GroupAggregate  (cost=7482.10..137969.07 rows=3486 width=16) (actual rows=1368 loops=1)
   Group Key: source_22.supplier_id
   Filter: (count(DISTINCT source_24.purchaseorder_id) >= 2)
   Rows Removed by Filter: 1415
   Buffers: shared hit=266101 read=5850 written=1294
   ->  Nested Loop  (cost=7482.10..121000.07 rows=3367651 width=8) (actual rows=4792 loops=1)
         Buffers: shared hit=266101 read=5850 written=1294
         ->  Gather Merge  (cost=7481.81..8364.51 rows=7745 width=12) (actual rows=4792 loops=1)
               Workers Planned: 1
               Workers Launched: 0
               Buffers: shared hit=13688 read=2746 written=587
               ->  Sort  (cost=6481.80..6493.19 rows=4556 width=12) (actual rows=4792 loops=1)
                     Sort Key: source_22.supplier_id, source_24.purchaseorder_id
                     Sort Method: quicksort  Memory: 380kB
                     Buffers: shared hit=13688 read=2746 written=587
                     ->  Nested Loop  (cost=1163.23..6204.94 rows=4556 width=12) (actual rows=4792 loops=1)
                           Buffers: shared hit=13688 read=2746 written=587
                           ->  Hash Join  (cost=1162.81..4112.99 rows=4556 width=12) (actual rows=4792 loops=1)
                                 Hash Cond: (source_23.supplier_pos_supplier_id = source.supplier_id)
                                 Buffers: shared hit=3 read=2054 written=392
                                 ->  Parallel Seq Scan on relation_45 source_23  (cost=0.00..2620.33 rows=75812 width=8) (actual rows=128819 loops=1)
                                       Filter: (supplier_pos_supplier_id IS NOT NULL)
                                       Rows Removed by Filter: 5367
                                       Buffers: shared read=1831 written=355
                                 ->  Hash  (cost=1114.44..1114.44 rows=3870 width=12) (actual rows=3917 loops=1)
                                       Buckets: 4096  Batches: 1  Memory Usage: 201kB
                                       Buffers: shared hit=3 read=223 written=37
                                       ->  Hash Join  (cost=454.06..1114.44 rows=3870 width=12) (actual rows=3917 loops=1)
                                             Hash Cond: (source.supplier_id = source_22.supplier_id)
                                             Buffers: shared hit=3 read=223 written=37
                                             ->  Seq Scan on relation_55 source  (cost=0.00..558.83 rows=38683 width=8) (actual rows=38683 loops=1)
                                                   Buffers: shared read=172 written=25
                                             ->  Hash  (cost=323.33..323.33 rows=10459 width=4) (actual rows=10516 loops=1)
                                                   Buckets: 16384  Batches: 1  Memory Usage: 498kB
                                                   Buffers: shared hit=3 read=51 written=12
                                                   ->  Index Only Scan using relation_43_pkey on relation_43 source_22  (cost=0.29..323.33 rows=10459 width=4) (actual rows=10516 loops=1)
                                                         Index Cond: (supplier_id <= 10516)
                                                         Heap Fetches: 0
                                                         Buffers: shared hit=3 read=51 written=12
                           ->  Index Only Scan using relation_45_pkey on relation_45 source_24  (cost=0.42..0.46 rows=1 width=4) (actual rows=1 loops=4792)
                                 Index Cond: (purchaseorder_id = source_23.purchaseorder_id)
                                 Heap Fetches: 0
                                 Buffers: shared hit=13685 read=692 written=195
         ->  Append  (cost=0.29..14.33 rows=21 width=4) (actual rows=1 loops=4792)
               Buffers: shared hit=252413 read=3104 written=707
               ->  Index Only Scan using relation_1_pkey on relation_1 source_1  (cost=0.29..0.33 rows=1 width=4) (actual rows=0 loops=4792)
                     Index Cond: (product_id = source.product_id)
                     Heap Fetches: 0
                     Buffers: shared hit=9579 read=6 written=1
               ->  Index Only Scan using relation_2_pkey on relation_2 source_2  (cost=0.29..0.33 rows=1 width=4) (actual rows=0 loops=4792)
                     Index Cond: (physicalproduct_id = source.product_id)
                     Heap Fetches: 0
                     Buffers: shared hit=9569 read=16 written=3
               ->  Index Only Scan using relation_4_pkey on relation_4 source_3  (cost=0.43..3.21 rows=1 width=4) (actual rows=1 loops=4792)
                     Index Cond: (electronics_id = source.product_id)
                     Heap Fetches: 0
                     Buffers: shared hit=13959 read=1718 written=372
               ->  Index Only Scan using relation_5_pkey on relation_5 source_4  (cost=0.29..0.35 rows=1 width=4) (actual rows=0 loops=4792)
                     Index Cond: (computer_id = source.product_id)
                     Heap Fetches: 0
                     Buffers: shared hit=9570 read=15
               ->  Index Only Scan using relation_6_pkey on relation_6 source_5  (cost=0.43..1.33 rows=1 width=4) (actual rows=0 loops=4792)
                     Index Cond: (desktop_id = source.product_id)
                     Heap Fetches: 0
                     Buffers: shared hit=14171 read=342 written=75
               ->  Index Only Scan using relation_7_pkey on relation_7 source_6  (cost=0.42..0.49 rows=1 width=4) (actual rows=0 loops=4792)
                     Index Cond: (laptop_id = source.product_id)
                     Heap Fetches: 0
                     Buffers: shared hit=14349 read=28 written=5
               ->  Index Only Scan using relation_8_pkey on relation_8 source_7  (cost=0.29..0.34 rows=1 width=4) (actual rows=0 loops=4792)
                     Index Cond: (tablet_id = source.product_id)
                     Heap Fetches: 0
                     Buffers: shared hit=9570 read=15 written=5
               ->  Index Only Scan using relation_9_pkey on relation_9 source_8  (cost=0.42..0.67 rows=1 width=4) (actual rows=0 loops=4792)
                     Index Cond: (smartwatch_id = source.product_id)
                     Heap Fetches: 0
                     Buffers: shared hit=14299 read=78 written=22
               ->  Index Only Scan using relation_10_pkey on relation_10 source_9  (cost=0.42..0.49 rows=1 width=4) (actual rows=0 loops=4792)
                     Index Cond: (camera_id = source.product_id)
                     Heap Fetches: 0
                     Buffers: shared hit=14351 read=26 written=9
               ->  Index Only Scan using relation_11_pkey on relation_11 source_10  (cost=0.42..0.77 rows=1 width=4) (actual rows=0 loops=4792)
                     Index Cond: (phone_id = source.product_id)
                     Heap Fetches: 0
                     Buffers: shared hit=14250 read=127 written=26
               ->  Index Only Scan using relation_12_pkey on relation_12 source_11  (cost=0.29..0.35 rows=1 width=4) (actual rows=0 loops=4792)
                     Index Cond: (accessory_id = source.product_id)
                     Heap Fetches: 0
                     Buffers: shared hit=9564 read=21 written=4
               ->  Index Only Scan using relation_13_pkey on relation_13 source_12  (cost=0.29..0.34 rows=1 width=4) (actual rows=0 loops=4792)
                     Index Cond: (appliance_id = source.product_id)
                     Heap Fetches: 0
                     Buffers: shared hit=9574 read=11 written=1
               ->  Index Only Scan using relation_14_pkey on relation_14 source_13  (cost=0.42..0.54 rows=1 width=4) (actual rows=0 loops=4792)
                     Index Cond: (kitchenappliance_id = source.product_id)
                     Heap Fetches: 0
                     Buffers: shared hit=14338 read=39 written=15
               ->  Index Only Scan using relation_15_pkey on relation_15 source_14  (cost=0.42..0.62 rows=1 width=4) (actual rows=0 loops=4792)
                     Index Cond: (apparel_id = source.product_id)
                     Heap Fetches: 0
                     Buffers: shared hit=14296 read=81 written=18
               ->  Index Only Scan using relation_16_pkey on relation_16 source_15  (cost=0.42..0.59 rows=1 width=4) (actual rows=0 loops=4792)
                     Index Cond: (clothing_id = source.product_id)
                     Heap Fetches: 0
                     Buffers: shared hit=14318 read=59 written=15
               ->  Index Only Scan using relation_17_pkey on relation_17 source_16  (cost=0.43..1.27 rows=1 width=4) (actual rows=0 loops=4792)
                     Index Cond: (menclothing_id = source.product_id)
                     Heap Fetches: 0
                     Buffers: shared hit=14176 read=285 written=77
               ->  Index Only Scan using relation_18_pkey on relation_18 source_17  (cost=0.29..0.34 rows=1 width=4) (actual rows=0 loops=4792)
                     Index Cond: (womenclothing_id = source.product_id)
                     Heap Fetches: 0
                     Buffers: shared hit=9563 read=22 written=4
               ->  Index Only Scan using relation_19_pkey on relation_19 source_18  (cost=0.29..0.31 rows=1 width=4) (actual rows=0 loops=4792)
                     Index Cond: (footwear_id = source.product_id)
                     Heap Fetches: 0
                     Buffers: shared hit=9575 read=10 written=4
               ->  Index Only Scan using relation_3_pkey on relation_3 source_19  (cost=0.29..0.33 rows=1 width=4) (actual rows=0 loops=4792)
                     Index Cond: (digitalproduct_id = source.product_id)
                     Heap Fetches: 0
                     Buffers: shared hit=9572 read=13 written=4
               ->  Index Only Scan using relation_20_pkey on relation_20 source_20  (cost=0.43..0.93 rows=1 width=4) (actual rows=0 loops=4792)
                     Index Cond: (media_id = source.product_id)
                     Heap Fetches: 0
                     Buffers: shared hit=14190 read=187 written=45
               ->  Index Only Scan using relation_21_pkey on relation_21 source_21  (cost=0.29..0.31 rows=1 width=4) (actual rows=0 loops=4792)
                     Index Cond: (software_id = source.product_id)
                     Heap Fetches: 0
                     Buffers: shared hit=9580 read=5 written=2
 Planning:
   Buffers: shared hit=227 read=10
 Planning Time: 1.144 ms
 JIT:
   Functions: 71
   Options: Inlining false, Optimization false, Expressions true, Deforming true
 Execution Time: 132.221 ms
(136 rows)

-- Q004 [aggregation] occurrence 1/1
-- Original E/R: SELECT e2.delivered_at, COUNT(DISTINCT REF(e1)) AS related_count FROM courier_shipments r JOIN CourierPartner e1 ON ENDPOINT(r, CourierPartner) = REF(e1) JOIN Shipment e2 ON ENDPOINT(r, Shipment) = REF(e2) WHERE e1.webhook_url < 'http://horn.com/' GROUP BY REF(e2), e2.delivered_at HAVING COUNT(DISTINCT REF(e1)) >= 4;
EXPLAIN (ANALYZE, BUFFERS, TIMING OFF, SUMMARY ON, FORMAT TEXT)
WITH
"b0" AS (
    SELECT
        "source"."courier_shipments_courierpartner_id" AS "__endpoint_courierpartner_0",
        "source"."custorder_id" AS "__endpoint_shipment_0",
        "source"."shipment_id" AS "__endpoint_shipment_1"
    FROM "relation_38" AS "source"
    WHERE ("source"."courier_shipments_courierpartner_id" IS NOT NULL)
),
"b1" AS (
    SELECT
        "source"."webhook_url" AS "webhook_url",
        "source"."courierpartner_id" AS "__reference_0"
    FROM "relation_46" AS "source"
),
"b2" AS (
    SELECT
        "source"."delivered_at" AS "delivered_at",
        "source"."custorder_id" AS "__reference_0",
        "source"."shipment_id" AS "__reference_1"
    FROM "relation_38" AS "source"
)
SELECT 
    "b2"."delivered_at" AS "delivered_at",
    COUNT(DISTINCT "b1"."__reference_0") AS "related_count"
FROM (("b0" INNER JOIN "b1" ON ("b0"."__endpoint_courierpartner_0" = "b1"."__reference_0")) INNER JOIN "b2" ON ("b0"."__endpoint_shipment_0" = "b2"."__reference_0" AND "b0"."__endpoint_shipment_1" = "b2"."__reference_1"))
WHERE ("b1"."webhook_url" < 'http://horn.com/')
GROUP BY
    "b2"."__reference_0",
    "b2"."__reference_1",
    "b2"."delivered_at"
HAVING (COUNT(DISTINCT "b1"."__reference_0") >= 4);
                                                                QUERY PLAN                                                                 
-------------------------------------------------------------------------------------------------------------------------------------------
 GroupAggregate  (cost=1428.10..1428.12 rows=1 width=27) (actual rows=0 loops=1)
   Group Key: source_2.custorder_id, source_2.shipment_id
   Filter: (count(DISTINCT source_1.courierpartner_id) >= 4)
   Rows Removed by Filter: 1046
   Buffers: shared hit=31020 read=1031 written=197
   ->  Sort  (cost=1428.10..1428.10 rows=1 width=23) (actual rows=1046 loops=1)
         Sort Key: source_2.custorder_id, source_2.shipment_id, source_1.courierpartner_id
         Sort Method: quicksort  Memory: 95kB
         Buffers: shared hit=31020 read=1031 written=197
         ->  Nested Loop  (cost=728.64..1428.09 rows=1 width=23) (actual rows=1046 loops=1)
               Buffers: shared hit=31020 read=1031 written=197
               ->  Hash Join  (cost=728.36..1427.51 rows=1 width=23) (actual rows=10465 loops=1)
                     Hash Cond: ((source_2.custorder_id = source.custorder_id) AND (source_2.shipment_id = source.shipment_id))
                     Buffers: shared hit=328 read=328 written=47
                     ->  Seq Scan on relation_38 source_2  (cost=0.00..571.38 rows=24338 width=19) (actual rows=24338 loops=1)
                           Buffers: shared hit=327 read=1
                     ->  Hash  (cost=571.38..571.38 rows=10465 width=12) (actual rows=10465 loops=1)
                           Buckets: 16384  Batches: 1  Memory Usage: 578kB
                           Buffers: shared hit=1 read=327 written=47
                           ->  Seq Scan on relation_38 source  (cost=0.00..571.38 rows=10465 width=12) (actual rows=10465 loops=1)
                                 Filter: (courier_shipments_courierpartner_id IS NOT NULL)
                                 Rows Removed by Filter: 13873
                                 Buffers: shared hit=1 read=327 written=47
               ->  Index Scan using relation_46_pkey on relation_46 source_1  (cost=0.29..0.58 rows=1 width=4) (actual rows=0 loops=10465)
                     Index Cond: (courierpartner_id = source.courier_shipments_courierpartner_id)
                     Filter: ((webhook_url)::text < 'http://horn.com/'::text)
                     Rows Removed by Filter: 1
                     Buffers: shared hit=30692 read=703 written=150
 Planning:
   Buffers: shared hit=43 read=9 written=3
 Planning Time: 0.550 ms
 Execution Time: 28.215 ms
(32 rows)

-- Q005 [aggregation] occurrence 1/1
-- Original E/R: SELECT e1.brand, COUNT(DISTINCT REF(e2)) AS related_count FROM payment_order r JOIN PaymentMethod e1 ON ENDPOINT(r, PaymentMethod) = REF(e1) JOIN CustOrder e2 ON ENDPOINT(r, CustOrder) = REF(e2) WHERE e2.placed_at <= '2023-05-03' GROUP BY REF(e1), e1.brand HAVING COUNT(DISTINCT REF(e2)) >= 1;
EXPLAIN (ANALYZE, BUFFERS, TIMING OFF, SUMMARY ON, FORMAT TEXT)
WITH
"b0" AS (
    SELECT
        "source"."custorder_id" AS "__endpoint_custorder_0",
        "source"."payment_order_customer_id" AS "__endpoint_paymentmethod_0",
        "source"."payment_order_payment_method_id" AS "__endpoint_paymentmethod_1"
    FROM "relation_37" AS "source"
    WHERE ("source"."payment_order_customer_id" IS NOT NULL) AND ("source"."payment_order_payment_method_id" IS NOT NULL)
),
"b1" AS (
    SELECT
        "source"."brand" AS "brand",
        "source"."customer_id" AS "__reference_0",
        "source"."payment_method_id" AS "__reference_1"
    FROM "relation_32" AS "source"
),
"b2" AS (
    SELECT
        "source"."placed_at" AS "placed_at",
        "source"."custorder_id" AS "__reference_0"
    FROM "relation_37" AS "source"
)
SELECT 
    "b1"."brand" AS "brand",
    COUNT(DISTINCT "b2"."__reference_0") AS "related_count"
FROM (("b0" INNER JOIN "b1" ON ("b0"."__endpoint_paymentmethod_0" = "b1"."__reference_0" AND "b0"."__endpoint_paymentmethod_1" = "b1"."__reference_1")) INNER JOIN "b2" ON ("b0"."__endpoint_custorder_0" = "b2"."__reference_0"))
WHERE ("b2"."placed_at" <= '2023-05-03')
GROUP BY
    "b1"."__reference_0",
    "b1"."__reference_1",
    "b1"."brand"
HAVING (COUNT(DISTINCT "b2"."__reference_0") >= 1);
                                                                                 QUERY PLAN                                                                                 
----------------------------------------------------------------------------------------------------------------------------------------------------------------------------
 GroupAggregate  (cost=6260.19..6260.22 rows=1 width=23) (actual rows=19329 loops=1)
   Group Key: source_1.customer_id, source_1.payment_method_id
   Filter: (count(DISTINCT source_2.custorder_id) >= 1)
   Buffers: shared hit=282079 read=3248 written=2046
   ->  Sort  (cost=6260.19..6260.20 rows=1 width=19) (actual rows=20764 loops=1)
         Sort Key: source_1.customer_id, source_1.payment_method_id, source_2.custorder_id
         Sort Method: quicksort  Memory: 1742kB
         Buffers: shared hit=282079 read=3248 written=2046
         ->  Nested Loop  (cost=3676.16..6260.18 rows=1 width=19) (actual rows=20764 loops=1)
               Buffers: shared hit=282079 read=3248 written=2046
               ->  Gather  (cost=3675.74..6259.61 rows=1 width=19) (actual rows=70629 loops=1)
                     Workers Planned: 1
                     Workers Launched: 0
                     Buffers: shared read=2811 written=1759
                     ->  Parallel Hash Join  (cost=2675.74..5259.51 rows=1 width=19) (actual rows=70629 loops=1)
                           Hash Cond: ((source_1.customer_id = source.payment_order_customer_id) AND (source_1.payment_method_id = source.payment_order_payment_method_id))
                           Buffers: shared read=2811 written=1759
                           ->  Parallel Seq Scan on relation_32 source_1  (cost=0.00..1971.86 rows=81586 width=15) (actual rows=138697 loops=1)
                                 Buffers: shared read=1156 written=840
                           ->  Parallel Hash  (cost=2127.12..2127.12 rows=36575 width=12) (actual rows=70629 loops=1)
                                 Buckets: 131072 (originally 65536)  Batches: 1 (originally 1)  Memory Usage: 4864kB
                                 Buffers: shared read=1655 written=919
                                 ->  Parallel Seq Scan on relation_37 source  (cost=0.00..2127.12 rows=36575 width=12) (actual rows=70629 loops=1)
                                       Filter: ((payment_order_customer_id IS NOT NULL) AND (payment_order_payment_method_id IS NOT NULL))
                                       Rows Removed by Filter: 9631
                                       Buffers: shared read=1655 written=919
               ->  Index Scan using relation_37_pkey on relation_37 source_2  (cost=0.42..0.57 rows=1 width=4) (actual rows=0 loops=70629)
                     Index Cond: (custorder_id = source.custorder_id)
                     Filter: ((placed_at)::text <= '2023-05-03'::text)
                     Rows Removed by Filter: 1
                     Buffers: shared hit=282079 read=437 written=287
 Planning:
   Buffers: shared hit=45 read=12 written=7
 Planning Time: 0.662 ms
 Execution Time: 112.651 ms
(35 rows)

-- Q006 [weak_owner] occurrence 1/1
-- Original E/R: SELECT w.wishlist_name, w.wishlist_id, o.password_hash FROM Wishlist w JOIN Customer o ON OWNER(w) = REF(o) WHERE o.password_hash >= 'cd94b32f6ece0a42e85bf394c7927439ba8e207a59c3a2f039d1af18522b09b0';
EXPLAIN (ANALYZE, BUFFERS, TIMING OFF, SUMMARY ON, FORMAT TEXT)
WITH
"b0" AS (
    SELECT
        "source"."wishlist_id" AS "wishlist_id",
        "source"."wishlist_name" AS "wishlist_name",
        "source"."customer_id" AS "__owner_0"
    FROM "relation_34" AS "source"
),
"b1" AS (
    SELECT
        "source"."password_hash" AS "password_hash",
        "source"."customer_id" AS "__reference_0"
    FROM "relation_23" AS "source"
    UNION ALL
    SELECT
        "source"."password_hash" AS "password_hash",
        "source"."primecustomer_id" AS "__reference_0"
    FROM "relation_24" AS "source"
    UNION ALL
    SELECT
        "source"."password_hash" AS "password_hash",
        "source"."businesscustomer_id" AS "__reference_0"
    FROM "relation_25" AS "source"
)
SELECT 
    "b0"."wishlist_name" AS "wishlist_name",
    "b0"."wishlist_id" AS "wishlist_id",
    "b1"."password_hash" AS "password_hash"
FROM ("b0" INNER JOIN "b1" ON ("b0"."__owner_0" = "b1"."__reference_0"))
WHERE ("b1"."password_hash" >= 'cd94b32f6ece0a42e85bf394c7927439ba8e207a59c3a2f039d1af18522b09b0');
                                                        QUERY PLAN                                                         
---------------------------------------------------------------------------------------------------------------------------
 Hash Join  (cost=1302.22..51440.66 rows=211899 width=77) (actual rows=9140 loops=1)
   Hash Cond: (source_1.customer_id = source.customer_id)
   Buffers: shared read=33519 written=3229
   ->  Append  (cost=0.00..47247.96 rows=205730 width=69) (actual rows=204248 loops=1)
         Buffers: shared read=33257 written=3047
         ->  Seq Scan on relation_23 source_1  (cost=0.00..1550.31 rows=7241 width=69) (actual rows=7266 loops=1)
               Filter: ((password_hash)::text >= 'cd94b32f6ece0a42e85bf394c7927439ba8e207a59c3a2f039d1af18522b09b0'::text)
               Rows Removed by Filter: 29719
               Buffers: shared read=1088 written=804
         ->  Seq Scan on relation_24 source_2  (cost=0.00..4963.00 rows=19377 width=69) (actual rows=19523 loops=1)
               Filter: ((password_hash)::text >= 'cd94b32f6ece0a42e85bf394c7927439ba8e207a59c3a2f039d1af18522b09b0'::text)
               Rows Removed by Filter: 80477
               Buffers: shared read=3713 written=2243
         ->  Seq Scan on relation_25 source_3  (cost=0.00..39706.00 rows=179112 width=69) (actual rows=177459 loops=1)
               Filter: ((password_hash)::text >= 'cd94b32f6ece0a42e85bf394c7927439ba8e207a59c3a2f039d1af18522b09b0'::text)
               Rows Removed by Filter: 722541
               Buffers: shared read=28456
   ->  Hash  (cost=724.32..724.32 rows=46232 width=16) (actual rows=46232 loops=1)
         Buckets: 65536  Batches: 1  Memory Usage: 2725kB
         Buffers: shared read=262 written=182
         ->  Seq Scan on relation_34 source  (cost=0.00..724.32 rows=46232 width=16) (actual rows=46232 loops=1)
               Buffers: shared read=262 written=182
 Planning:
   Buffers: shared hit=11 read=1 written=1
 Planning Time: 18.144 ms
 Execution Time: 123.868 ms
(26 rows)

-- Q007 [complex_multi_join] occurrence 1/1
-- Original E/R: SELECT e1.product_id, e2.is_active, e3.cart_id FROM bundle_components r1 JOIN Product e1 ON ENDPOINT(r1, product_id) = REF(e1) JOIN Product e2 ON ENDPOINT(r1, bundle_product_id) = REF(e2) JOIN cart_contains r2 ON ENDPOINT(r2, Product) = REF(e2) JOIN Cart e3 ON ENDPOINT(r2, Cart) = REF(e3) WHERE e1.sku >= 'SKU-klfZ-12422029';
EXPLAIN (ANALYZE, BUFFERS, TIMING OFF, SUMMARY ON, FORMAT TEXT)
WITH
"b0" AS (
    SELECT
        "source"."bundle_product_product_id" AS "__endpoint_bundle_product_id_0",
        "source"."product_id" AS "__endpoint_product_id_0"
    FROM "relation_48" AS "source"
),
"b1" AS (
    SELECT
        "source"."product_id" AS "product_id",
        "source"."sku" AS "sku",
        "source"."product_id" AS "__reference_0"
    FROM "relation_1" AS "source"
    UNION ALL
    SELECT
        "source"."physicalproduct_id" AS "product_id",
        "source"."sku" AS "sku",
        "source"."physicalproduct_id" AS "__reference_0"
    FROM "relation_2" AS "source"
    UNION ALL
    SELECT
        "source"."electronics_id" AS "product_id",
        "source"."sku" AS "sku",
        "source"."electronics_id" AS "__reference_0"
    FROM "relation_4" AS "source"
    UNION ALL
    SELECT
        "source"."computer_id" AS "product_id",
        "source"."sku" AS "sku",
        "source"."computer_id" AS "__reference_0"
    FROM "relation_5" AS "source"
    UNION ALL
    SELECT
        "source"."desktop_id" AS "product_id",
        "source"."sku" AS "sku",
        "source"."desktop_id" AS "__reference_0"
    FROM "relation_6" AS "source"
    UNION ALL
    SELECT
        "source"."laptop_id" AS "product_id",
        "source"."sku" AS "sku",
        "source"."laptop_id" AS "__reference_0"
    FROM "relation_7" AS "source"
    UNION ALL
    SELECT
        "source"."tablet_id" AS "product_id",
        "source"."sku" AS "sku",
        "source"."tablet_id" AS "__reference_0"
    FROM "relation_8" AS "source"
    UNION ALL
    SELECT
        "source"."smartwatch_id" AS "product_id",
        "source"."sku" AS "sku",
        "source"."smartwatch_id" AS "__reference_0"
    FROM "relation_9" AS "source"
    UNION ALL
    SELECT
        "source"."camera_id" AS "product_id",
        "source"."sku" AS "sku",
        "source"."camera_id" AS "__reference_0"
    FROM "relation_10" AS "source"
    UNION ALL
    SELECT
        "source"."phone_id" AS "product_id",
        "source"."sku" AS "sku",
        "source"."phone_id" AS "__reference_0"
    FROM "relation_11" AS "source"
    UNION ALL
    SELECT
        "source"."accessory_id" AS "product_id",
        "source"."sku" AS "sku",
        "source"."accessory_id" AS "__reference_0"
    FROM "relation_12" AS "source"
    UNION ALL
    SELECT
        "source"."appliance_id" AS "product_id",
        "source"."sku" AS "sku",
        "source"."appliance_id" AS "__reference_0"
    FROM "relation_13" AS "source"
    UNION ALL
    SELECT
        "source"."kitchenappliance_id" AS "product_id",
        "source"."sku" AS "sku",
        "source"."kitchenappliance_id" AS "__reference_0"
    FROM "relation_14" AS "source"
    UNION ALL
    SELECT
        "source"."apparel_id" AS "product_id",
        "source"."sku" AS "sku",
        "source"."apparel_id" AS "__reference_0"
    FROM "relation_15" AS "source"
    UNION ALL
    SELECT
        "source"."clothing_id" AS "product_id",
        "source"."sku" AS "sku",
        "source"."clothing_id" AS "__reference_0"
    FROM "relation_16" AS "source"
    UNION ALL
    SELECT
        "source"."menclothing_id" AS "product_id",
        "source"."sku" AS "sku",
        "source"."menclothing_id" AS "__reference_0"
    FROM "relation_17" AS "source"
    UNION ALL
    SELECT
        "source"."womenclothing_id" AS "product_id",
        "source"."sku" AS "sku",
        "source"."womenclothing_id" AS "__reference_0"
    FROM "relation_18" AS "source"
    UNION ALL
    SELECT
        "source"."footwear_id" AS "product_id",
        "source"."sku" AS "sku",
        "source"."footwear_id" AS "__reference_0"
    FROM "relation_19" AS "source"
    UNION ALL
    SELECT
        "source"."digitalproduct_id" AS "product_id",
        "source"."sku" AS "sku",
        "source"."digitalproduct_id" AS "__reference_0"
    FROM "relation_3" AS "source"
    UNION ALL
    SELECT
        "source"."media_id" AS "product_id",
        "source"."sku" AS "sku",
        "source"."media_id" AS "__reference_0"
    FROM "relation_20" AS "source"
    UNION ALL
    SELECT
        "source"."software_id" AS "product_id",
        "source"."sku" AS "sku",
        "source"."software_id" AS "__reference_0"
    FROM "relation_21" AS "source"
),
"b2" AS (
    SELECT
        "source"."is_active" AS "is_active",
        "source"."product_id" AS "__reference_0"
    FROM "relation_1" AS "source"
    UNION ALL
    SELECT
        "source"."is_active" AS "is_active",
        "source"."physicalproduct_id" AS "__reference_0"
    FROM "relation_2" AS "source"
    UNION ALL
    SELECT
        "source"."is_active" AS "is_active",
        "source"."electronics_id" AS "__reference_0"
    FROM "relation_4" AS "source"
    UNION ALL
    SELECT
        "source"."is_active" AS "is_active",
        "source"."computer_id" AS "__reference_0"
    FROM "relation_5" AS "source"
    UNION ALL
    SELECT
        "source"."is_active" AS "is_active",
        "source"."desktop_id" AS "__reference_0"
    FROM "relation_6" AS "source"
    UNION ALL
    SELECT
        "source"."is_active" AS "is_active",
        "source"."laptop_id" AS "__reference_0"
    FROM "relation_7" AS "source"
    UNION ALL
    SELECT
        "source"."is_active" AS "is_active",
        "source"."tablet_id" AS "__reference_0"
    FROM "relation_8" AS "source"
    UNION ALL
    SELECT
        "source"."is_active" AS "is_active",
        "source"."smartwatch_id" AS "__reference_0"
    FROM "relation_9" AS "source"
    UNION ALL
    SELECT
        "source"."is_active" AS "is_active",
        "source"."camera_id" AS "__reference_0"
    FROM "relation_10" AS "source"
    UNION ALL
    SELECT
        "source"."is_active" AS "is_active",
        "source"."phone_id" AS "__reference_0"
    FROM "relation_11" AS "source"
    UNION ALL
    SELECT
        "source"."is_active" AS "is_active",
        "source"."accessory_id" AS "__reference_0"
    FROM "relation_12" AS "source"
    UNION ALL
    SELECT
        "source"."is_active" AS "is_active",
        "source"."appliance_id" AS "__reference_0"
    FROM "relation_13" AS "source"
    UNION ALL
    SELECT
        "source"."is_active" AS "is_active",
        "source"."kitchenappliance_id" AS "__reference_0"
    FROM "relation_14" AS "source"
    UNION ALL
    SELECT
        "source"."is_active" AS "is_active",
        "source"."apparel_id" AS "__reference_0"
    FROM "relation_15" AS "source"
    UNION ALL
    SELECT
        "source"."is_active" AS "is_active",
        "source"."clothing_id" AS "__reference_0"
    FROM "relation_16" AS "source"
    UNION ALL
    SELECT
        "source"."is_active" AS "is_active",
        "source"."menclothing_id" AS "__reference_0"
    FROM "relation_17" AS "source"
    UNION ALL
    SELECT
        "source"."is_active" AS "is_active",
        "source"."womenclothing_id" AS "__reference_0"
    FROM "relation_18" AS "source"
    UNION ALL
    SELECT
        "source"."is_active" AS "is_active",
        "source"."footwear_id" AS "__reference_0"
    FROM "relation_19" AS "source"
    UNION ALL
    SELECT
        "source"."is_active" AS "is_active",
        "source"."digitalproduct_id" AS "__reference_0"
    FROM "relation_3" AS "source"
    UNION ALL
    SELECT
        "source"."is_active" AS "is_active",
        "source"."media_id" AS "__reference_0"
    FROM "relation_20" AS "source"
    UNION ALL
    SELECT
        "source"."is_active" AS "is_active",
        "source"."software_id" AS "__reference_0"
    FROM "relation_21" AS "source"
),
"b3" AS (
    SELECT
        "source"."customer_id" AS "__endpoint_cart_0",
        "source"."cart_id" AS "__endpoint_cart_1",
        "source"."product_id" AS "__endpoint_product_0"
    FROM "relation_50" AS "source"
),
"b4" AS (
    SELECT
        "source"."cart_id" AS "cart_id",
        "source"."customer_id" AS "__reference_0",
        "source"."cart_id" AS "__reference_1"
    FROM "relation_33" AS "source"
)
SELECT 
    "b1"."product_id" AS "product_id",
    "b2"."is_active" AS "is_active",
    "b4"."cart_id" AS "cart_id"
FROM (((("b0" INNER JOIN "b1" ON ("b0"."__endpoint_product_id_0" = "b1"."__reference_0")) INNER JOIN "b2" ON ("b0"."__endpoint_bundle_product_id_0" = "b2"."__reference_0")) INNER JOIN "b3" ON ("b3"."__endpoint_product_0" = "b2"."__reference_0")) INNER JOIN "b4" ON ("b3"."__endpoint_cart_0" = "b4"."__reference_0" AND "b3"."__endpoint_cart_1" = "b4"."__reference_1"))
WHERE ("b1"."sku" >= 'SKU-klfZ-12422029');
                                                                   QUERY PLAN                                                                    
-------------------------------------------------------------------------------------------------------------------------------------------------
 Gather  (cost=3168.53..37546.21 rows=22 width=12) (actual rows=4862 loops=1)
   Workers Planned: 2
   Workers Launched: 0
   Buffers: shared hit=677157 read=39883 written=2420
   ->  Nested Loop  (cost=2168.53..36544.01 rows=9 width=12) (actual rows=4862 loops=1)
         Buffers: shared hit=677157 read=39883 written=2420
         ->  Nested Loop  (cost=2168.24..36409.55 rows=2 width=16) (actual rows=4862 loops=1)
               Buffers: shared hit=423497 read=30995 written=1611
               ->  Hash Join  (cost=2167.95..36342.27 rows=1 width=16) (actual rows=8131 loops=1)
                     Hash Cond: (source.bundle_product_product_id = source_43.product_id)
                     Buffers: shared read=15418 written=155
                     ->  Parallel Seq Scan on relation_48 source  (cost=0.00..28925.32 rows=1399732 width=8) (actual rows=3359356 loops=1)
                           Buffers: shared read=14928 written=18
                     ->  Hash  (cost=2167.94..2167.94 rows=1 width=8) (actual rows=40368 loops=1)
                           Buckets: 65536 (originally 1024)  Batches: 1 (originally 1)  Memory Usage: 2089kB
                           Buffers: shared read=490 written=137
                           ->  Hash Join  (cost=1333.33..2167.94 rows=1 width=8) (actual rows=40368 loops=1)
                                 Hash Cond: ((source_43.customer_id = source_44.customer_id) AND (source_43.cart_id = source_44.cart_id))
                                 Buffers: shared read=490 written=137
                                 ->  Seq Scan on relation_50 source_43  (cost=0.00..622.68 rows=40368 width=12) (actual rows=40368 loops=1)
                                       Buffers: shared read=219 written=126
                                 ->  Hash  (cost=695.93..695.93 rows=42493 width=8) (actual rows=42493 loops=1)
                                       Buckets: 65536  Batches: 1  Memory Usage: 2172kB
                                       Buffers: shared read=271 written=11
                                       ->  Seq Scan on relation_33 source_44  (cost=0.00..695.93 rows=42493 width=8) (actual rows=42493 loops=1)
                                             Buffers: shared read=271 written=11
               ->  Append  (cost=0.29..67.07 rows=21 width=8) (actual rows=1 loops=8131)
                     Buffers: shared hit=423497 read=15577 written=1456
                     ->  Index Scan using relation_1_pkey on relation_1 source_1  (cost=0.29..3.08 rows=1 width=8) (actual rows=0 loops=8131)
                           Index Cond: (product_id = source.product_id)
                           Filter: ((sku)::text >= 'SKU-klfZ-12422029'::text)
                           Rows Removed by Filter: 0
                           Buffers: shared hit=16234 read=63 written=2
                     ->  Index Scan using relation_2_pkey on relation_2 source_2  (cost=0.29..3.09 rows=1 width=8) (actual rows=0 loops=8131)
                           Index Cond: (physicalproduct_id = source.product_id)
                           Filter: ((sku)::text >= 'SKU-klfZ-12422029'::text)
                           Rows Removed by Filter: 0
                           Buffers: shared hit=16225 read=78 written=11
                     ->  Index Scan using relation_4_pkey on relation_4 source_3  (cost=0.43..3.59 rows=1 width=8) (actual rows=0 loops=8131)
                           Index Cond: (electronics_id = source.product_id)
                           Filter: ((sku)::text >= 'SKU-klfZ-12422029'::text)
                           Rows Removed by Filter: 0
                           Buffers: shared hit=20415 read=8299 written=797
                     ->  Index Scan using relation_5_pkey on relation_5 source_4  (cost=0.29..3.10 rows=1 width=8) (actual rows=0 loops=8131)
                           Index Cond: (computer_id = source.product_id)
                           Filter: ((sku)::text >= 'SKU-klfZ-12422029'::text)
                           Rows Removed by Filter: 0
                           Buffers: shared hit=16211 read=114 written=13
                     ->  Index Scan using relation_6_pkey on relation_6 source_5  (cost=0.43..3.31 rows=1 width=8) (actual rows=0 loops=8131)
                           Index Cond: (desktop_id = source.product_id)
                           Filter: ((sku)::text >= 'SKU-klfZ-12422029'::text)
                           Rows Removed by Filter: 0
                           Buffers: shared hit=23589 read=1687 written=178
                     ->  Index Scan using relation_7_pkey on relation_7 source_6  (cost=0.42..3.22 rows=1 width=8) (actual rows=0 loops=8131)
                           Index Cond: (laptop_id = source.product_id)
                           Filter: ((sku)::text >= 'SKU-klfZ-12422029'::text)
                           Rows Removed by Filter: 0
                           Buffers: shared hit=24335 read=121 written=11
                     ->  Index Scan using relation_8_pkey on relation_8 source_7  (cost=0.29..3.10 rows=1 width=8) (actual rows=0 loops=8131)
                           Index Cond: (tablet_id = source.product_id)
                           Filter: ((sku)::text >= 'SKU-klfZ-12422029'::text)
                           Rows Removed by Filter: 0
                           Buffers: shared hit=16221 read=86 written=11
                     ->  Index Scan using relation_9_pkey on relation_9 source_8  (cost=0.42..3.25 rows=1 width=8) (actual rows=0 loops=8131)
                           Index Cond: (smartwatch_id = source.product_id)
                           Filter: ((sku)::text >= 'SKU-klfZ-12422029'::text)
                           Rows Removed by Filter: 0
                           Buffers: shared hit=24158 read=487 written=24
                     ->  Index Scan using relation_10_pkey on relation_10 source_9  (cost=0.42..3.23 rows=1 width=8) (actual rows=0 loops=8131)
                           Index Cond: (camera_id = source.product_id)
                           Filter: ((sku)::text >= 'SKU-klfZ-12422029'::text)
                           Rows Removed by Filter: 0
                           Buffers: shared hit=24335 read=131 written=5
                     ->  Index Scan using relation_11_pkey on relation_11 source_10  (cost=0.42..3.26 rows=1 width=8) (actual rows=0 loops=8131)
                           Index Cond: (phone_id = source.product_id)
                           Filter: ((sku)::text >= 'SKU-klfZ-12422029'::text)
                           Rows Removed by Filter: 0
                           Buffers: shared hit=24097 read=615 written=46
                     ->  Index Scan using relation_12_pkey on relation_12 source_11  (cost=0.29..3.10 rows=1 width=8) (actual rows=0 loops=8131)
                           Index Cond: (accessory_id = source.product_id)
                           Filter: ((sku)::text >= 'SKU-klfZ-12422029'::text)
                           Rows Removed by Filter: 0
                           Buffers: shared hit=16193 read=149 written=17
                     ->  Index Scan using relation_13_pkey on relation_13 source_12  (cost=0.29..3.10 rows=1 width=8) (actual rows=0 loops=8131)
                           Index Cond: (appliance_id = source.product_id)
                           Filter: ((sku)::text >= 'SKU-klfZ-12422029'::text)
                           Rows Removed by Filter: 0
                           Buffers: shared hit=16246 read=35 written=4
                     ->  Index Scan using relation_14_pkey on relation_14 source_13  (cost=0.42..3.23 rows=1 width=8) (actual rows=0 loops=8131)
                           Index Cond: (kitchenappliance_id = source.product_id)
                           Filter: ((sku)::text >= 'SKU-klfZ-12422029'::text)
                           Rows Removed by Filter: 0
                           Buffers: shared hit=24282 read=239 written=29
                     ->  Index Scan using relation_15_pkey on relation_15 source_14  (cost=0.42..3.24 rows=1 width=8) (actual rows=0 loops=8131)
                           Index Cond: (apparel_id = source.product_id)
                           Filter: ((sku)::text >= 'SKU-klfZ-12422029'::text)
                           Rows Removed by Filter: 0
                           Buffers: shared hit=24234 read=342 written=23
                     ->  Index Scan using relation_16_pkey on relation_16 source_15  (cost=0.42..3.24 rows=1 width=8) (actual rows=0 loops=8131)
                           Index Cond: (clothing_id = source.product_id)
                           Filter: ((sku)::text >= 'SKU-klfZ-12422029'::text)
                           Rows Removed by Filter: 0
                           Buffers: shared hit=24244 read=307 written=26
                     ->  Index Scan using relation_17_pkey on relation_17 source_16  (cost=0.43..3.30 rows=1 width=8) (actual rows=0 loops=8131)
                           Index Cond: (menclothing_id = source.product_id)
                           Filter: ((sku)::text >= 'SKU-klfZ-12422029'::text)
                           Rows Removed by Filter: 0
                           Buffers: shared hit=23625 read=1589 written=154
                     ->  Index Scan using relation_18_pkey on relation_18 source_17  (cost=0.29..3.09 rows=1 width=8) (actual rows=0 loops=8131)
                           Index Cond: (womenclothing_id = source.product_id)
                           Filter: ((sku)::text >= 'SKU-klfZ-12422029'::text)
                           Rows Removed by Filter: 0
                           Buffers: shared hit=16208 read=117 written=9
                     ->  Index Scan using relation_19_pkey on relation_19 source_18  (cost=0.29..3.08 rows=1 width=8) (actual rows=0 loops=8131)
                           Index Cond: (footwear_id = source.product_id)
                           Filter: ((sku)::text >= 'SKU-klfZ-12422029'::text)
                           Rows Removed by Filter: 0
                           Buffers: shared hit=16254 read=17
                     ->  Index Scan using relation_3_pkey on relation_3 source_19  (cost=0.29..3.09 rows=1 width=8) (actual rows=0 loops=8131)
                           Index Cond: (digitalproduct_id = source.product_id)
                           Filter: ((sku)::text >= 'SKU-klfZ-12422029'::text)
                           Rows Removed by Filter: 0
                           Buffers: shared hit=16224 read=78 written=8
                     ->  Index Scan using relation_20_pkey on relation_20 source_20  (cost=0.43..3.27 rows=1 width=8) (actual rows=0 loops=8131)
                           Index Cond: (media_id = source.product_id)
                           Filter: ((sku)::text >= 'SKU-klfZ-12422029'::text)
                           Rows Removed by Filter: 0
                           Buffers: shared hit=23915 read=1003 written=86
                     ->  Index Scan using relation_21_pkey on relation_21 source_21  (cost=0.29..3.00 rows=1 width=8) (actual rows=0 loops=8131)
                           Index Cond: (software_id = source.product_id)
                           Filter: ((sku)::text >= 'SKU-klfZ-12422029'::text)
                           Rows Removed by Filter: 0
                           Buffers: shared hit=16252 read=20 written=2
         ->  Append  (cost=0.29..67.02 rows=21 width=8) (actual rows=1 loops=4862)
               Buffers: shared hit=253660 read=8888 written=809
               ->  Index Scan using relation_1_pkey on relation_1 source_22  (cost=0.29..3.07 rows=1 width=8) (actual rows=0 loops=4862)
                     Index Cond: (product_id = source.bundle_product_product_id)
                     Buffers: shared hit=9708 read=37 written=2
               ->  Index Scan using relation_2_pkey on relation_2 source_23  (cost=0.29..3.09 rows=1 width=8) (actual rows=0 loops=4862)
                     Index Cond: (physicalproduct_id = source.bundle_product_product_id)
                     Buffers: shared hit=9706 read=39 written=2
               ->  Index Scan using relation_4_pkey on relation_4 source_24  (cost=0.43..3.59 rows=1 width=8) (actual rows=1 loops=4862)
                     Index Cond: (electronics_id = source.bundle_product_product_id)
                     Buffers: shared hit=12386 read=4831 written=431
               ->  Index Scan using relation_5_pkey on relation_5 source_25  (cost=0.29..3.09 rows=1 width=8) (actual rows=0 loops=4862)
                     Index Cond: (computer_id = source.bundle_product_product_id)
                     Buffers: shared hit=9703 read=47 written=8
               ->  Index Scan using relation_6_pkey on relation_6 source_26  (cost=0.43..3.31 rows=1 width=8) (actual rows=0 loops=4862)
                     Index Cond: (desktop_id = source.bundle_product_product_id)
                     Buffers: shared hit=14143 read=973 written=76
               ->  Index Scan using relation_7_pkey on relation_7 source_27  (cost=0.42..3.22 rows=1 width=8) (actual rows=0 loops=4862)
                     Index Cond: (laptop_id = source.bundle_product_product_id)
                     Buffers: shared hit=14548 read=83 written=2
               ->  Index Scan using relation_8_pkey on relation_8 source_28  (cost=0.29..3.10 rows=1 width=8) (actual rows=0 loops=4862)
                     Index Cond: (tablet_id = source.bundle_product_product_id)
                     Buffers: shared hit=9704 read=43 written=4
               ->  Index Scan using relation_9_pkey on relation_9 source_29  (cost=0.42..3.25 rows=1 width=8) (actual rows=0 loops=4862)
                     Index Cond: (smartwatch_id = source.bundle_product_product_id)
                     Buffers: shared hit=14474 read=255 written=23
               ->  Index Scan using relation_10_pkey on relation_10 source_30  (cost=0.42..3.22 rows=1 width=8) (actual rows=0 loops=4862)
                     Index Cond: (camera_id = source.bundle_product_product_id)
                     Buffers: shared hit=14534 read=112 written=10
               ->  Index Scan using relation_11_pkey on relation_11 source_31  (cost=0.42..3.26 rows=1 width=8) (actual rows=0 loops=4862)
                     Index Cond: (phone_id = source.bundle_product_product_id)
                     Buffers: shared hit=14437 read=324 written=40
               ->  Index Scan using relation_12_pkey on relation_12 source_32  (cost=0.29..3.10 rows=1 width=8) (actual rows=0 loops=4862)
                     Index Cond: (accessory_id = source.bundle_product_product_id)
                     Buffers: shared hit=9692 read=75 written=3
               ->  Index Scan using relation_13_pkey on relation_13 source_33  (cost=0.29..3.09 rows=1 width=8) (actual rows=0 loops=4862)
                     Index Cond: (appliance_id = source.bundle_product_product_id)
                     Buffers: shared hit=9707 read=39 written=3
               ->  Index Scan using relation_14_pkey on relation_14 source_34  (cost=0.42..3.23 rows=1 width=8) (actual rows=0 loops=4862)
                     Index Cond: (kitchenappliance_id = source.bundle_product_product_id)
                     Buffers: shared hit=14516 read=145 written=11
               ->  Index Scan using relation_15_pkey on relation_15 source_35  (cost=0.42..3.24 rows=1 width=8) (actual rows=0 loops=4862)
                     Index Cond: (apparel_id = source.bundle_product_product_id)
                     Buffers: shared hit=14512 read=177 written=17
               ->  Index Scan using relation_16_pkey on relation_16 source_36  (cost=0.42..3.24 rows=1 width=8) (actual rows=0 loops=4862)
                     Index Cond: (clothing_id = source.bundle_product_product_id)
                     Buffers: shared hit=14529 read=132 written=16
               ->  Index Scan using relation_17_pkey on relation_17 source_37  (cost=0.43..3.30 rows=1 width=8) (actual rows=0 loops=4862)
                     Index Cond: (menclothing_id = source.bundle_product_product_id)
                     Buffers: shared hit=14188 read=875 written=82
               ->  Index Scan using relation_18_pkey on relation_18 source_38  (cost=0.29..3.09 rows=1 width=8) (actual rows=0 loops=4862)
                     Index Cond: (womenclothing_id = source.bundle_product_product_id)
                     Buffers: shared hit=9695 read=72 written=5
               ->  Index Scan using relation_19_pkey on relation_19 source_39  (cost=0.29..3.08 rows=1 width=8) (actual rows=0 loops=4862)
                     Index Cond: (footwear_id = source.bundle_product_product_id)
                     Buffers: shared hit=9722 read=6
               ->  Index Scan using relation_3_pkey on relation_3 source_40  (cost=0.29..3.09 rows=1 width=8) (actual rows=0 loops=4862)
                     Index Cond: (digitalproduct_id = source.bundle_product_product_id)
                     Buffers: shared hit=9709 read=34 written=2
               ->  Index Scan using relation_20_pkey on relation_20 source_41  (cost=0.43..3.27 rows=1 width=8) (actual rows=0 loops=4862)
                     Index Cond: (media_id = source.bundle_product_product_id)
                     Buffers: shared hit=14327 read=581 written=72
               ->  Index Scan using relation_21_pkey on relation_21 source_42  (cost=0.29..2.99 rows=1 width=8) (actual rows=0 loops=4862)
                     Index Cond: (software_id = source.bundle_product_product_id)
                     Buffers: shared hit=9720 read=8
 Planning:
   Buffers: shared hit=207 read=9
 Planning Time: 2.769 ms
 Execution Time: 885.991 ms
(202 rows)

-- Q008 [aggregation] occurrence 1/1
-- Original E/R: SELECT e2.sku, COUNT(DISTINCT REF(e1)) AS related_count FROM bought_together r JOIN Product e1 ON ENDPOINT(r, product_id) = REF(e1) JOIN Product e2 ON ENDPOINT(r, bought_together_product_id) = REF(e2) WHERE e1.product_id < 8432208 GROUP BY REF(e2), e2.sku HAVING COUNT(DISTINCT REF(e1)) >= 3;
EXPLAIN (ANALYZE, BUFFERS, TIMING OFF, SUMMARY ON, FORMAT TEXT)
WITH
"b0" AS (
    SELECT
        "source"."bought_together_product_product_id" AS "__endpoint_bought_together_product_id_0",
        "source"."product_id" AS "__endpoint_product_id_0"
    FROM "relation_49" AS "source"
),
"b1" AS (
    SELECT
        "source"."product_id" AS "product_id",
        "source"."product_id" AS "__reference_0"
    FROM "relation_1" AS "source"
    UNION ALL
    SELECT
        "source"."physicalproduct_id" AS "product_id",
        "source"."physicalproduct_id" AS "__reference_0"
    FROM "relation_2" AS "source"
    UNION ALL
    SELECT
        "source"."electronics_id" AS "product_id",
        "source"."electronics_id" AS "__reference_0"
    FROM "relation_4" AS "source"
    UNION ALL
    SELECT
        "source"."computer_id" AS "product_id",
        "source"."computer_id" AS "__reference_0"
    FROM "relation_5" AS "source"
    UNION ALL
    SELECT
        "source"."desktop_id" AS "product_id",
        "source"."desktop_id" AS "__reference_0"
    FROM "relation_6" AS "source"
    UNION ALL
    SELECT
        "source"."laptop_id" AS "product_id",
        "source"."laptop_id" AS "__reference_0"
    FROM "relation_7" AS "source"
    UNION ALL
    SELECT
        "source"."tablet_id" AS "product_id",
        "source"."tablet_id" AS "__reference_0"
    FROM "relation_8" AS "source"
    UNION ALL
    SELECT
        "source"."smartwatch_id" AS "product_id",
        "source"."smartwatch_id" AS "__reference_0"
    FROM "relation_9" AS "source"
    UNION ALL
    SELECT
        "source"."camera_id" AS "product_id",
        "source"."camera_id" AS "__reference_0"
    FROM "relation_10" AS "source"
    UNION ALL
    SELECT
        "source"."phone_id" AS "product_id",
        "source"."phone_id" AS "__reference_0"
    FROM "relation_11" AS "source"
    UNION ALL
    SELECT
        "source"."accessory_id" AS "product_id",
        "source"."accessory_id" AS "__reference_0"
    FROM "relation_12" AS "source"
    UNION ALL
    SELECT
        "source"."appliance_id" AS "product_id",
        "source"."appliance_id" AS "__reference_0"
    FROM "relation_13" AS "source"
    UNION ALL
    SELECT
        "source"."kitchenappliance_id" AS "product_id",
        "source"."kitchenappliance_id" AS "__reference_0"
    FROM "relation_14" AS "source"
    UNION ALL
    SELECT
        "source"."apparel_id" AS "product_id",
        "source"."apparel_id" AS "__reference_0"
    FROM "relation_15" AS "source"
    UNION ALL
    SELECT
        "source"."clothing_id" AS "product_id",
        "source"."clothing_id" AS "__reference_0"
    FROM "relation_16" AS "source"
    UNION ALL
    SELECT
        "source"."menclothing_id" AS "product_id",
        "source"."menclothing_id" AS "__reference_0"
    FROM "relation_17" AS "source"
    UNION ALL
    SELECT
        "source"."womenclothing_id" AS "product_id",
        "source"."womenclothing_id" AS "__reference_0"
    FROM "relation_18" AS "source"
    UNION ALL
    SELECT
        "source"."footwear_id" AS "product_id",
        "source"."footwear_id" AS "__reference_0"
    FROM "relation_19" AS "source"
    UNION ALL
    SELECT
        "source"."digitalproduct_id" AS "product_id",
        "source"."digitalproduct_id" AS "__reference_0"
    FROM "relation_3" AS "source"
    UNION ALL
    SELECT
        "source"."media_id" AS "product_id",
        "source"."media_id" AS "__reference_0"
    FROM "relation_20" AS "source"
    UNION ALL
    SELECT
        "source"."software_id" AS "product_id",
        "source"."software_id" AS "__reference_0"
    FROM "relation_21" AS "source"
),
"b2" AS (
    SELECT
        "source"."sku" AS "sku",
        "source"."product_id" AS "__reference_0"
    FROM "relation_1" AS "source"
    UNION ALL
    SELECT
        "source"."sku" AS "sku",
        "source"."physicalproduct_id" AS "__reference_0"
    FROM "relation_2" AS "source"
    UNION ALL
    SELECT
        "source"."sku" AS "sku",
        "source"."electronics_id" AS "__reference_0"
    FROM "relation_4" AS "source"
    UNION ALL
    SELECT
        "source"."sku" AS "sku",
        "source"."computer_id" AS "__reference_0"
    FROM "relation_5" AS "source"
    UNION ALL
    SELECT
        "source"."sku" AS "sku",
        "source"."desktop_id" AS "__reference_0"
    FROM "relation_6" AS "source"
    UNION ALL
    SELECT
        "source"."sku" AS "sku",
        "source"."laptop_id" AS "__reference_0"
    FROM "relation_7" AS "source"
    UNION ALL
    SELECT
        "source"."sku" AS "sku",
        "source"."tablet_id" AS "__reference_0"
    FROM "relation_8" AS "source"
    UNION ALL
    SELECT
        "source"."sku" AS "sku",
        "source"."smartwatch_id" AS "__reference_0"
    FROM "relation_9" AS "source"
    UNION ALL
    SELECT
        "source"."sku" AS "sku",
        "source"."camera_id" AS "__reference_0"
    FROM "relation_10" AS "source"
    UNION ALL
    SELECT
        "source"."sku" AS "sku",
        "source"."phone_id" AS "__reference_0"
    FROM "relation_11" AS "source"
    UNION ALL
    SELECT
        "source"."sku" AS "sku",
        "source"."accessory_id" AS "__reference_0"
    FROM "relation_12" AS "source"
    UNION ALL
    SELECT
        "source"."sku" AS "sku",
        "source"."appliance_id" AS "__reference_0"
    FROM "relation_13" AS "source"
    UNION ALL
    SELECT
        "source"."sku" AS "sku",
        "source"."kitchenappliance_id" AS "__reference_0"
    FROM "relation_14" AS "source"
    UNION ALL
    SELECT
        "source"."sku" AS "sku",
        "source"."apparel_id" AS "__reference_0"
    FROM "relation_15" AS "source"
    UNION ALL
    SELECT
        "source"."sku" AS "sku",
        "source"."clothing_id" AS "__reference_0"
    FROM "relation_16" AS "source"
    UNION ALL
    SELECT
        "source"."sku" AS "sku",
        "source"."menclothing_id" AS "__reference_0"
    FROM "relation_17" AS "source"
    UNION ALL
    SELECT
        "source"."sku" AS "sku",
        "source"."womenclothing_id" AS "__reference_0"
    FROM "relation_18" AS "source"
    UNION ALL
    SELECT
        "source"."sku" AS "sku",
        "source"."footwear_id" AS "__reference_0"
    FROM "relation_19" AS "source"
    UNION ALL
    SELECT
        "source"."sku" AS "sku",
        "source"."digitalproduct_id" AS "__reference_0"
    FROM "relation_3" AS "source"
    UNION ALL
    SELECT
        "source"."sku" AS "sku",
        "source"."media_id" AS "__reference_0"
    FROM "relation_20" AS "source"
    UNION ALL
    SELECT
        "source"."sku" AS "sku",
        "source"."software_id" AS "__reference_0"
    FROM "relation_21" AS "source"
)
SELECT 
    "b2"."sku" AS "sku",
    COUNT(DISTINCT "b1"."__reference_0") AS "related_count"
FROM (("b0" INNER JOIN "b1" ON ("b0"."__endpoint_product_id_0" = "b1"."__reference_0")) INNER JOIN "b2" ON ("b0"."__endpoint_bought_together_product_id_0" = "b2"."__reference_0"))
WHERE ("b1"."product_id" < 8432208)
GROUP BY
    "b2"."__reference_0",
    "b2"."sku"
HAVING (COUNT(DISTINCT "b1"."__reference_0") >= 3);
                                                                                         QUERY PLAN                                                                                         
--------------------------------------------------------------------------------------------------------------------------------------------------------------------------------------------
 GroupAggregate  (cost=4815654.53..9835456.48 rows=13333 width=30) (actual rows=228767 loops=1)
   Group Key: source_22.product_id, source_22.sku
   Filter: (count(DISTINCT source_3.electronics_id) >= 3)
   Rows Removed by Filter: 6272026
   Buffers: shared hit=598634 read=506346, temp read=161668 written=161722
   ->  Incremental Sort  (cost=4815654.53..9479481.16 rows=47396709 width=26) (actual rows=8220670 loops=1)
         Sort Key: source_22.product_id, source_22.sku, source_3.electronics_id
         Presorted Key: source_22.product_id
         Full-sort Groups: 254945  Sort Method: quicksort  Average Memory: 26kB  Peak Memory: 26kB
         Buffers: shared hit=598634 read=506346, temp read=161668 written=161722
         ->  Merge Join  (cost=4815654.01..8108345.31 rows=47396709 width=26) (actual rows=8220670 loops=1)
               Merge Cond: (source.bought_together_product_product_id = source_22.product_id)
               Buffers: shared hit=598634 read=506346, temp read=161668 written=161722
               ->  Gather Merge  (cost=1809021.97..4295401.36 rows=21348455 width=8) (actual rows=8220670 loops=1)
                     Workers Planned: 2
                     Workers Launched: 0
                     Buffers: shared hit=598634 read=111770, temp read=91812 written=91848
                     ->  Sort  (cost=1808021.95..1830259.92 rows=8895190 width=8) (actual rows=8220670 loops=1)
                           Sort Key: source.bought_together_product_product_id
                           Sort Method: external merge  Disk: 144840kB
                           Buffers: shared hit=598634 read=111770, temp read=91812 written=91848
                           ->  Parallel Hash Join  (cost=252719.95..659698.20 rows=8895190 width=8) (actual rows=8220670 loops=1)
                                 Hash Cond: (source_3.electronics_id = source.product_id)
                                 Buffers: shared hit=598634 read=111770, temp read=73707 written=73736
                                 ->  Parallel Append  (cost=0.43..276218.08 rows=3516907 width=4) (actual rows=8432207 loops=1)
                                       Buffers: shared hit=598634 read=39242
                                       ->  Parallel Index Only Scan using relation_4_pkey on relation_4 source_3  (cost=0.43..253457.99 rows=3427484 width=4) (actual rows=8217634 loops=1)
                                             Index Cond: (electronics_id < 8432208)
                                             Heap Fetches: 0
                                             Buffers: shared hit=598488 read=38750
                                       ->  Parallel Index Only Scan using relation_6_pkey on relation_6 source_5  (cost=0.43..4.44 rows=1 width=4) (actual rows=0 loops=1)
                                             Index Cond: (desktop_id < 8432208)
                                             Heap Fetches: 0
                                             Buffers: shared hit=3
                                       ->  Parallel Index Only Scan using relation_17_pkey on relation_17 source_16  (cost=0.43..4.44 rows=1 width=4) (actual rows=0 loops=1)
                                             Index Cond: (menclothing_id < 8432208)
                                             Heap Fetches: 0
                                             Buffers: shared hit=3
                                       ->  Parallel Index Only Scan using relation_20_pkey on relation_20 source_20  (cost=0.43..4.44 rows=1 width=4) (actual rows=0 loops=1)
                                             Index Cond: (media_id < 8432208)
                                             Heap Fetches: 0
                                             Buffers: shared hit=3
                                       ->  Parallel Index Only Scan using relation_11_pkey on relation_11 source_10  (cost=0.42..4.44 rows=1 width=4) (actual rows=0 loops=1)
                                             Index Cond: (phone_id < 8432208)
                                             Heap Fetches: 0
                                             Buffers: shared hit=3
                                       ->  Parallel Index Only Scan using relation_9_pkey on relation_9 source_8  (cost=0.42..4.44 rows=1 width=4) (actual rows=0 loops=1)
                                             Index Cond: (smartwatch_id < 8432208)
                                             Heap Fetches: 0
                                             Buffers: shared hit=3
                                       ->  Parallel Index Only Scan using relation_14_pkey on relation_14 source_13  (cost=0.42..4.44 rows=1 width=4) (actual rows=0 loops=1)
                                             Index Cond: (kitchenappliance_id < 8432208)
                                             Heap Fetches: 0
                                             Buffers: shared hit=3
                                       ->  Parallel Index Only Scan using relation_15_pkey on relation_15 source_14  (cost=0.42..4.44 rows=1 width=4) (actual rows=0 loops=1)
                                             Index Cond: (apparel_id < 8432208)
                                             Heap Fetches: 0
                                             Buffers: shared hit=3
                                       ->  Parallel Index Only Scan using relation_16_pkey on relation_16 source_15  (cost=0.42..4.44 rows=1 width=4) (actual rows=0 loops=1)
                                             Index Cond: (clothing_id < 8432208)
                                             Heap Fetches: 0
                                             Buffers: shared hit=3
                                       ->  Parallel Index Only Scan using relation_7_pkey on relation_7 source_6  (cost=0.42..4.43 rows=1 width=4) (actual rows=0 loops=1)
                                             Index Cond: (laptop_id < 8432208)
                                             Heap Fetches: 0
                                             Buffers: shared hit=3
                                       ->  Parallel Index Only Scan using relation_10_pkey on relation_10 source_9  (cost=0.42..4.43 rows=1 width=4) (actual rows=0 loops=1)
                                             Index Cond: (camera_id < 8432208)
                                             Heap Fetches: 0
                                             Buffers: shared hit=3
                                       ->  Parallel Index Only Scan using relation_12_pkey on relation_12 source_11  (cost=0.29..4.31 rows=1 width=4) (actual rows=0 loops=1)
                                             Index Cond: (accessory_id < 8432208)
                                             Heap Fetches: 0
                                             Buffers: shared hit=2
                                       ->  Parallel Index Only Scan using relation_2_pkey on relation_2 source_2  (cost=0.29..1950.05 rows=35777 width=4) (actual rows=85865 loops=1)
                                             Index Cond: (physicalproduct_id < 8432208)
                                             Heap Fetches: 0
                                             Buffers: shared hit=36 read=201
                                       ->  Parallel Index Only Scan using relation_3_pkey on relation_3 source_19  (cost=0.29..1633.02 rows=39241 width=4) (actual rows=66709 loops=1)
                                             Index Cond: (digitalproduct_id < 8432208)
                                             Heap Fetches: 0
                                             Buffers: shared hit=34 read=151
                                       ->  Parallel Index Only Scan using relation_5_pkey on relation_5 source_4  (cost=0.29..4.31 rows=1 width=4) (actual rows=0 loops=1)
                                             Index Cond: (computer_id < 8432208)
                                             Heap Fetches: 0
                                             Buffers: shared hit=2
                                       ->  Parallel Index Only Scan using relation_8_pkey on relation_8 source_7  (cost=0.29..4.31 rows=1 width=4) (actual rows=0 loops=1)
                                             Index Cond: (tablet_id < 8432208)
                                             Heap Fetches: 0
                                             Buffers: shared hit=2
                                       ->  Parallel Index Only Scan using relation_18_pkey on relation_18 source_17  (cost=0.29..4.31 rows=1 width=4) (actual rows=0 loops=1)
                                             Index Cond: (womenclothing_id < 8432208)
                                             Heap Fetches: 0
                                             Buffers: shared hit=2
                                       ->  Parallel Index Only Scan using relation_1_pkey on relation_1 source_1  (cost=0.29..1517.98 rows=36470 width=4) (actual rows=61999 loops=1)
                                             Index Cond: (product_id < 8432208)
                                             Heap Fetches: 0
                                             Buffers: shared hit=32 read=140
                                       ->  Parallel Index Only Scan using relation_13_pkey on relation_13 source_12  (cost=0.29..4.30 rows=1 width=4) (actual rows=0 loops=1)
                                             Index Cond: (appliance_id < 8432208)
                                             Heap Fetches: 0
                                             Buffers: shared hit=2
                                       ->  Parallel Index Only Scan using relation_19_pkey on relation_19 source_18  (cost=0.29..4.30 rows=1 width=4) (actual rows=0 loops=1)
                                             Index Cond: (footwear_id < 8432208)
                                             Heap Fetches: 0
                                             Buffers: shared hit=2
                                       ->  Parallel Index Only Scan using relation_21_pkey on relation_21 source_21  (cost=0.29..4.30 rows=1 width=4) (actual rows=0 loops=1)
                                             Index Cond: (software_id < 8432208)
                                             Heap Fetches: 0
                                             Buffers: shared hit=2
                                 ->  Parallel Hash  (cost=140766.01..140766.01 rows=6823801 width=8) (actual rows=16378086 loops=1)
                                       Buckets: 4194304  Batches: 8  Memory Usage: 113024kB
                                       Buffers: shared read=72528, temp written=49008
                                       ->  Parallel Seq Scan on relation_49 source  (cost=0.00..140766.01 rows=6823801 width=8) (actual rows=16378086 loops=1)
                                             Buffers: shared read=72528
               ->  Materialize  (cost=3006632.04..3090612.32 rows=16796056 width=22) (actual rows=18516659 loops=1)
                     Buffers: shared read=394576, temp read=69856 written=69874
                     ->  Sort  (cost=3006632.04..3048622.18 rows=16796056 width=22) (actual rows=16796782 loops=1)
                           Sort Key: source_22.product_id
                           Sort Method: external merge  Disk: 558848kB
                           Buffers: shared read=394576, temp read=69856 written=69874
                           ->  Append  (cost=0.00..646516.84 rows=16796056 width=22) (actual rows=16796782 loops=1)
                                 Buffers: shared read=394576
                                 ->  Seq Scan on relation_1 source_22  (cost=0.00..1902.99 rows=61999 width=22) (actual rows=61999 loops=1)
                                       Buffers: shared read=1283
                                 ->  Seq Scan on relation_2 source_23  (cost=0.00..2770.65 rows=85865 width=22) (actual rows=85865 loops=1)
                                       Buffers: shared read=1912
                                 ->  Seq Scan on relation_4 source_24  (cost=0.00..295054.61 rows=9003261 width=22) (actual rows=9004045 loops=1)
                                       Buffers: shared read=205022
                                 ->  Seq Scan on relation_5 source_25  (cost=0.00..3684.90 rows=107190 width=22) (actual rows=107190 loops=1)
                                       Buffers: shared read=2613
                                 ->  Seq Scan on relation_6 source_26  (cost=0.00..66884.60 rows=1877960 width=22) (actual rows=1877778 loops=1)
                                       Buffers: shared read=48105
                                 ->  Seq Scan on relation_7 source_27  (cost=0.00..4873.70 rows=139670 width=22) (actual rows=139670 loops=1)
                                       Buffers: shared read=3477
                                 ->  Seq Scan on relation_8 source_28  (cost=0.00..3329.00 rows=100000 width=22) (actual rows=100000 loops=1)
                                       Buffers: shared read=2329
                                 ->  Seq Scan on relation_9 source_29  (cost=0.00..15630.45 rows=469445 width=22) (actual rows=469445 loops=1)
                                       Buffers: shared read=10936
                                 ->  Seq Scan on relation_10 source_30  (cost=0.00..5626.01 rows=169001 width=22) (actual rows=169001 loops=1)
                                       Buffers: shared read=3936
                                 ->  Seq Scan on relation_11 source_31  (cost=0.00..23109.01 rows=676001 width=22) (actual rows=676001 loops=1)
                                       Buffers: shared read=16349
                                 ->  Seq Scan on relation_12 source_32  (cost=0.00..4899.98 rows=144898 width=22) (actual rows=144898 loops=1)
                                       Buffers: shared read=3451
                                 ->  Seq Scan on relation_13 source_33  (cost=0.00..1970.20 rows=60120 width=22) (actual rows=60120 loops=1)
                                       Buffers: shared read=1369
                                 ->  Seq Scan on relation_14 source_34  (cost=0.00..8787.63 rows=264063 width=22) (actual rows=264063 loops=1)
                                       Buffers: shared read=6147
                                 ->  Seq Scan on relation_15 source_35  (cost=0.00..11989.62 rows=364762 width=22) (actual rows=364762 loops=1)
                                       Buffers: shared read=8342
                                 ->  Seq Scan on relation_16 source_36  (cost=0.00..10062.82 rows=297982 width=22) (actual rows=297982 loops=1)
                                       Buffers: shared read=7083
                                 ->  Seq Scan on relation_17 source_37  (cost=0.00..58719.76 rows=1689876 width=22) (actual rows=1690000 loops=1)
                                       Buffers: shared read=41821
                                 ->  Seq Scan on relation_18 source_38  (cost=0.00..4075.62 rows=117362 width=22) (actual rows=117362 loops=1)
                                       Buffers: shared read=2902
                                 ->  Seq Scan on relation_19 source_39  (cost=0.00..967.42 rows=28642 width=22) (actual rows=28642 loops=1)
                                       Buffers: shared read=681
                                 ->  Seq Scan on relation_3 source_40  (cost=0.00..2194.09 rows=66709 width=22) (actual rows=66709 loops=1)
                                       Buffers: shared read=1527
                                 ->  Seq Scan on relation_20 source_41  (cost=0.00..35487.50 rows=1056250 width=22) (actual rows=1056250 loops=1)
                                       Buffers: shared read=24925
                                 ->  Seq Scan on relation_21 source_42  (cost=0.00..516.00 rows=15000 width=22) (actual rows=15000 loops=1)
                                       Buffers: shared read=366
 Planning:
   Buffers: shared hit=68 read=28
 Planning Time: 0.929 ms
 JIT:
   Functions: 81
   Options: Inlining true, Optimization true, Expressions true, Deforming true
 Execution Time: 16811.649 ms
(172 rows)

-- Q009 [weak_owner] occurrence 1/1
-- Original E/R: SELECT w.price_id, w.ends_at, w.price, o.base_price FROM PriceHistory w JOIN Product o ON OWNER(w) = REF(o) WHERE o.sku < 'SKU-KWpp-43251915';
EXPLAIN (ANALYZE, BUFFERS, TIMING OFF, SUMMARY ON, FORMAT TEXT)
WITH
"b0" AS (
    SELECT
        "source"."ends_at" AS "ends_at",
        "source"."price" AS "price",
        "source"."price_id" AS "price_id",
        "source"."product_id" AS "__owner_0"
    FROM "relation_29" AS "source"
),
"b1" AS (
    SELECT
        "source"."base_price" AS "base_price",
        "source"."sku" AS "sku",
        "source"."product_id" AS "__reference_0"
    FROM "relation_1" AS "source"
    UNION ALL
    SELECT
        "source"."base_price" AS "base_price",
        "source"."sku" AS "sku",
        "source"."physicalproduct_id" AS "__reference_0"
    FROM "relation_2" AS "source"
    UNION ALL
    SELECT
        "source"."base_price" AS "base_price",
        "source"."sku" AS "sku",
        "source"."electronics_id" AS "__reference_0"
    FROM "relation_4" AS "source"
    UNION ALL
    SELECT
        "source"."base_price" AS "base_price",
        "source"."sku" AS "sku",
        "source"."computer_id" AS "__reference_0"
    FROM "relation_5" AS "source"
    UNION ALL
    SELECT
        "source"."base_price" AS "base_price",
        "source"."sku" AS "sku",
        "source"."desktop_id" AS "__reference_0"
    FROM "relation_6" AS "source"
    UNION ALL
    SELECT
        "source"."base_price" AS "base_price",
        "source"."sku" AS "sku",
        "source"."laptop_id" AS "__reference_0"
    FROM "relation_7" AS "source"
    UNION ALL
    SELECT
        "source"."base_price" AS "base_price",
        "source"."sku" AS "sku",
        "source"."tablet_id" AS "__reference_0"
    FROM "relation_8" AS "source"
    UNION ALL
    SELECT
        "source"."base_price" AS "base_price",
        "source"."sku" AS "sku",
        "source"."smartwatch_id" AS "__reference_0"
    FROM "relation_9" AS "source"
    UNION ALL
    SELECT
        "source"."base_price" AS "base_price",
        "source"."sku" AS "sku",
        "source"."camera_id" AS "__reference_0"
    FROM "relation_10" AS "source"
    UNION ALL
    SELECT
        "source"."base_price" AS "base_price",
        "source"."sku" AS "sku",
        "source"."phone_id" AS "__reference_0"
    FROM "relation_11" AS "source"
    UNION ALL
    SELECT
        "source"."base_price" AS "base_price",
        "source"."sku" AS "sku",
        "source"."accessory_id" AS "__reference_0"
    FROM "relation_12" AS "source"
    UNION ALL
    SELECT
        "source"."base_price" AS "base_price",
        "source"."sku" AS "sku",
        "source"."appliance_id" AS "__reference_0"
    FROM "relation_13" AS "source"
    UNION ALL
    SELECT
        "source"."base_price" AS "base_price",
        "source"."sku" AS "sku",
        "source"."kitchenappliance_id" AS "__reference_0"
    FROM "relation_14" AS "source"
    UNION ALL
    SELECT
        "source"."base_price" AS "base_price",
        "source"."sku" AS "sku",
        "source"."apparel_id" AS "__reference_0"
    FROM "relation_15" AS "source"
    UNION ALL
    SELECT
        "source"."base_price" AS "base_price",
        "source"."sku" AS "sku",
        "source"."clothing_id" AS "__reference_0"
    FROM "relation_16" AS "source"
    UNION ALL
    SELECT
        "source"."base_price" AS "base_price",
        "source"."sku" AS "sku",
        "source"."menclothing_id" AS "__reference_0"
    FROM "relation_17" AS "source"
    UNION ALL
    SELECT
        "source"."base_price" AS "base_price",
        "source"."sku" AS "sku",
        "source"."womenclothing_id" AS "__reference_0"
    FROM "relation_18" AS "source"
    UNION ALL
    SELECT
        "source"."base_price" AS "base_price",
        "source"."sku" AS "sku",
        "source"."footwear_id" AS "__reference_0"
    FROM "relation_19" AS "source"
    UNION ALL
    SELECT
        "source"."base_price" AS "base_price",
        "source"."sku" AS "sku",
        "source"."digitalproduct_id" AS "__reference_0"
    FROM "relation_3" AS "source"
    UNION ALL
    SELECT
        "source"."base_price" AS "base_price",
        "source"."sku" AS "sku",
        "source"."media_id" AS "__reference_0"
    FROM "relation_20" AS "source"
    UNION ALL
    SELECT
        "source"."base_price" AS "base_price",
        "source"."sku" AS "sku",
        "source"."software_id" AS "__reference_0"
    FROM "relation_21" AS "source"
)
SELECT 
    "b0"."price_id" AS "price_id",
    "b0"."ends_at" AS "ends_at",
    "b0"."price" AS "price",
    "b1"."base_price" AS "base_price"
FROM ("b0" INNER JOIN "b1" ON ("b0"."__owner_0" = "b1"."__reference_0"))
WHERE ("b1"."sku" < 'SKU-KWpp-43251915');
                                                              QUERY PLAN                                                              
--------------------------------------------------------------------------------------------------------------------------------------
 Nested Loop  (cost=0.29..682229.23 rows=7046083 width=23) (actual rows=4916 loops=1)
   Buffers: shared hit=619758 read=23099
   ->  Seq Scan on relation_29 source  (cost=0.00..214.03 rows=11903 width=23) (actual rows=11903 loops=1)
         Buffers: shared read=95
   ->  Append  (cost=0.29..57.09 rows=21 width=8) (actual rows=0 loops=11903)
         Buffers: shared hit=619758 read=23004
         ->  Index Scan using relation_1_pkey on relation_1 source_1  (cost=0.29..0.80 rows=1 width=8) (actual rows=0 loops=11903)
               Index Cond: (product_id = source.product_id)
               Filter: ((sku)::text < 'SKU-KWpp-43251915'::text)
               Rows Removed by Filter: 0
               Buffers: shared hit=23760 read=92
         ->  Index Scan using relation_2_pkey on relation_2 source_2  (cost=0.29..1.03 rows=1 width=8) (actual rows=0 loops=11903)
               Index Cond: (physicalproduct_id = source.product_id)
               Filter: ((sku)::text < 'SKU-KWpp-43251915'::text)
               Rows Removed by Filter: 0
               Buffers: shared hit=23758 read=100
         ->  Index Scan using relation_4_pkey on relation_4 source_3  (cost=0.43..7.86 rows=1 width=8) (actual rows=0 loops=11903)
               Index Cond: (electronics_id = source.product_id)
               Filter: ((sku)::text < 'SKU-KWpp-43251915'::text)
               Rows Removed by Filter: 0
               Buffers: shared hit=29557 read=12649
         ->  Index Scan using relation_5_pkey on relation_5 source_4  (cost=0.29..1.32 rows=1 width=8) (actual rows=0 loops=11903)
               Index Cond: (computer_id = source.product_id)
               Filter: ((sku)::text < 'SKU-KWpp-43251915'::text)
               Rows Removed by Filter: 0
               Buffers: shared hit=23734 read=145
         ->  Index Scan using relation_6_pkey on relation_6 source_5  (cost=0.43..6.36 rows=1 width=8) (actual rows=0 loops=11903)
               Index Cond: (desktop_id = source.product_id)
               Filter: ((sku)::text < 'SKU-KWpp-43251915'::text)
               Rows Removed by Filter: 0
               Buffers: shared hit=34494 read=2508
         ->  Index Scan using relation_7_pkey on relation_7 source_6  (cost=0.42..1.78 rows=1 width=8) (actual rows=0 loops=11903)
               Index Cond: (laptop_id = source.product_id)
               Filter: ((sku)::text < 'SKU-KWpp-43251915'::text)
               Rows Removed by Filter: 0
               Buffers: shared hit=35619 read=186
         ->  Index Scan using relation_8_pkey on relation_8 source_7  (cost=0.29..1.19 rows=1 width=8) (actual rows=0 loops=11903)
               Index Cond: (tablet_id = source.product_id)
               Filter: ((sku)::text < 'SKU-KWpp-43251915'::text)
               Rows Removed by Filter: 0
               Buffers: shared hit=23750 read=120
         ->  Index Scan using relation_9_pkey on relation_9 source_8  (cost=0.42..3.78 rows=1 width=8) (actual rows=0 loops=11903)
               Index Cond: (smartwatch_id = source.product_id)
               Filter: ((sku)::text < 'SKU-KWpp-43251915'::text)
               Rows Removed by Filter: 0
               Buffers: shared hit=35405 read=618
         ->  Index Scan using relation_10_pkey on relation_10 source_9  (cost=0.42..1.92 rows=1 width=8) (actual rows=0 loops=11903)
               Index Cond: (camera_id = source.product_id)
               Filter: ((sku)::text < 'SKU-KWpp-43251915'::text)
               Rows Removed by Filter: 0
               Buffers: shared hit=35628 read=186
         ->  Index Scan using relation_11_pkey on relation_11 source_10  (cost=0.42..4.43 rows=1 width=8) (actual rows=0 loops=11903)
               Index Cond: (phone_id = source.product_id)
               Filter: ((sku)::text < 'SKU-KWpp-43251915'::text)
               Rows Removed by Filter: 0
               Buffers: shared hit=35296 read=838
         ->  Index Scan using relation_12_pkey on relation_12 source_11  (cost=0.29..1.61 rows=1 width=8) (actual rows=0 loops=11903)
               Index Cond: (accessory_id = source.product_id)
               Filter: ((sku)::text < 'SKU-KWpp-43251915'::text)
               Rows Removed by Filter: 0
               Buffers: shared hit=23748 read=172
         ->  Index Scan using relation_13_pkey on relation_13 source_12  (cost=0.29..0.87 rows=1 width=8) (actual rows=0 loops=11903)
               Index Cond: (appliance_id = source.product_id)
               Filter: ((sku)::text < 'SKU-KWpp-43251915'::text)
               Rows Removed by Filter: 0
               Buffers: shared hit=23779 read=62
         ->  Index Scan using relation_14_pkey on relation_14 source_13  (cost=0.42..2.79 rows=1 width=8) (actual rows=0 loops=11903)
               Index Cond: (kitchenappliance_id = source.product_id)
               Filter: ((sku)::text < 'SKU-KWpp-43251915'::text)
               Rows Removed by Filter: 0
               Buffers: shared hit=35531 read=372
         ->  Index Scan using relation_15_pkey on relation_15 source_14  (cost=0.42..3.36 rows=1 width=8) (actual rows=0 loops=11903)
               Index Cond: (apparel_id = source.product_id)
               Filter: ((sku)::text < 'SKU-KWpp-43251915'::text)
               Rows Removed by Filter: 0
               Buffers: shared hit=35447 read=537
         ->  Index Scan using relation_16_pkey on relation_16 source_15  (cost=0.42..3.09 rows=1 width=8) (actual rows=0 loops=11903)
               Index Cond: (clothing_id = source.product_id)
               Filter: ((sku)::text < 'SKU-KWpp-43251915'::text)
               Rows Removed by Filter: 0
               Buffers: shared hit=35521 read=390
         ->  Index Scan using relation_17_pkey on relation_17 source_16  (cost=0.43..6.24 rows=1 width=8) (actual rows=0 loops=11903)
               Index Cond: (menclothing_id = source.product_id)
               Filter: ((sku)::text < 'SKU-KWpp-43251915'::text)
               Rows Removed by Filter: 0
               Buffers: shared hit=34547 read=2388
         ->  Index Scan using relation_18_pkey on relation_18 source_17  (cost=0.29..1.40 rows=1 width=8) (actual rows=0 loops=11903)
               Index Cond: (womenclothing_id = source.product_id)
               Filter: ((sku)::text < 'SKU-KWpp-43251915'::text)
               Rows Removed by Filter: 0
               Buffers: shared hit=23779 read=121
         ->  Index Scan using relation_19_pkey on relation_19 source_18  (cost=0.29..0.56 rows=1 width=8) (actual rows=0 loops=11903)
               Index Cond: (footwear_id = source.product_id)
               Filter: ((sku)::text < 'SKU-KWpp-43251915'::text)
               Rows Removed by Filter: 0
               Buffers: shared hit=23795 read=32
         ->  Index Scan using relation_3_pkey on relation_3 source_19  (cost=0.29..0.89 rows=1 width=8) (actual rows=0 loops=11903)
               Index Cond: (digitalproduct_id = source.product_id)
               Filter: ((sku)::text < 'SKU-KWpp-43251915'::text)
               Rows Removed by Filter: 0
               Buffers: shared hit=23796 read=53
         ->  Index Scan using relation_20_pkey on relation_20 source_20  (cost=0.43..5.27 rows=1 width=8) (actual rows=0 loops=11903)
               Index Cond: (media_id = source.product_id)
               Filter: ((sku)::text < 'SKU-KWpp-43251915'::text)
               Rows Removed by Filter: 0
               Buffers: shared hit=35018 read=1411
         ->  Index Scan using relation_21_pkey on relation_21 source_21  (cost=0.29..0.44 rows=1 width=8) (actual rows=0 loops=11903)
               Index Cond: (software_id = source.product_id)
               Filter: ((sku)::text < 'SKU-KWpp-43251915'::text)
               Rows Removed by Filter: 0
               Buffers: shared hit=23796 read=24
 Planning:
   Buffers: shared hit=70 read=44 dirtied=16
 Planning Time: 2.301 ms
 JIT:
   Functions: 149
   Options: Inlining true, Optimization true, Expressions true, Deforming true
 Execution Time: 1488.867 ms
(118 rows)

-- Q010 [relationship_join] occurrence 1/1
-- Original E/R: SELECT e1.dimensions, e2.accessory_type FROM bundled_phone_accessory r JOIN Phone e1 ON ENDPOINT(r, Phone) = REF(e1) JOIN Accessory e2 ON ENDPOINT(r, Accessory) = REF(e2) WHERE e2.quantity <= 8;
EXPLAIN (ANALYZE, BUFFERS, TIMING OFF, SUMMARY ON, FORMAT TEXT)
WITH
"b0" AS (
    SELECT
        "source"."accessory_id" AS "__endpoint_accessory_0",
        "source"."phone_id" AS "__endpoint_phone_0"
    FROM "relation_58" AS "source"
),
"b1" AS (
    SELECT
        "source"."dimensions" AS "dimensions",
        "source"."phone_id" AS "__reference_0"
    FROM "relation_11" AS "source"
),
"b2" AS (
    SELECT
        "source"."accessory_type" AS "accessory_type",
        "source"."quantity" AS "quantity",
        "source"."accessory_id" AS "__reference_0"
    FROM "relation_12" AS "source"
)
SELECT 
    "b1"."dimensions" AS "dimensions",
    "b2"."accessory_type" AS "accessory_type"
FROM (("b0" INNER JOIN "b1" ON ("b0"."__endpoint_phone_0" = "b1"."__reference_0")) INNER JOIN "b2" ON ("b0"."__endpoint_accessory_0" = "b2"."__reference_0"))
WHERE ("b2"."quantity" <= 8);
                                                           QUERY PLAN                                                           
--------------------------------------------------------------------------------------------------------------------------------
 Hash Join  (cost=22940.33..50437.05 rows=185271 width=12) (actual rows=182053 loops=1)
   Hash Cond: (source_1.phone_id = source.phone_id)
   Buffers: shared hit=236 read=23452
   ->  Seq Scan on relation_11 source_1  (cost=0.00..23109.01 rows=676001 width=10) (actual rows=676001 loops=1)
         Buffers: shared hit=175 read=16174
   ->  Hash  (cost=20624.44..20624.44 rows=185271 width=10) (actual rows=182053 loops=1)
         Buckets: 262144  Batches: 1  Memory Usage: 9639kB
         Buffers: shared hit=61 read=7278
         ->  Hash Join  (cost=5644.16..20624.44 rows=185271 width=10) (actual rows=182053 loops=1)
               Hash Cond: (source.accessory_id = source_2.accessory_id)
               Buffers: shared hit=61 read=7278
               ->  Seq Scan on relation_58 source  (cost=0.00..12673.91 rows=878591 width=8) (actual rows=878591 loops=1)
                     Buffers: shared read=3888
               ->  Hash  (cost=5262.23..5262.23 rows=30555 width=10) (actual rows=30105 loops=1)
                     Buckets: 32768  Batches: 1  Memory Usage: 1550kB
                     Buffers: shared hit=61 read=3390
                     ->  Seq Scan on relation_12 source_2  (cost=0.00..5262.23 rows=30555 width=10) (actual rows=30105 loops=1)
                           Filter: (quantity <= 8)
                           Rows Removed by Filter: 114793
                           Buffers: shared hit=61 read=3390
 Planning:
   Buffers: shared hit=31 read=19 dirtied=1
 Planning Time: 0.925 ms
 Execution Time: 192.894 ms
(24 rows)

-- Q011 [relationship_join] occurrence 1/1
-- Original E/R: SELECT e1.custorder_id, e2.sku, e2.quantity FROM order_items r JOIN CustOrder e1 ON ENDPOINT(r, CustOrder) = REF(e1) JOIN Product e2 ON ENDPOINT(r, Product) = REF(e2) WHERE e1.status > 'pending';
EXPLAIN (ANALYZE, BUFFERS, TIMING OFF, SUMMARY ON, FORMAT TEXT)
WITH
"b0" AS (
    SELECT
        "source"."custorder_id" AS "__endpoint_custorder_0",
        "source"."product_id" AS "__endpoint_product_0"
    FROM "relation_52" AS "source"
),
"b1" AS (
    SELECT
        "source"."custorder_id" AS "custorder_id",
        "source"."status" AS "status",
        "source"."custorder_id" AS "__reference_0"
    FROM "relation_37" AS "source"
),
"b2" AS (
    SELECT
        "source"."quantity" AS "quantity",
        "source"."sku" AS "sku",
        "source"."product_id" AS "__reference_0"
    FROM "relation_1" AS "source"
    UNION ALL
    SELECT
        "source"."quantity" AS "quantity",
        "source"."sku" AS "sku",
        "source"."physicalproduct_id" AS "__reference_0"
    FROM "relation_2" AS "source"
    UNION ALL
    SELECT
        "source"."quantity" AS "quantity",
        "source"."sku" AS "sku",
        "source"."electronics_id" AS "__reference_0"
    FROM "relation_4" AS "source"
    UNION ALL
    SELECT
        "source"."quantity" AS "quantity",
        "source"."sku" AS "sku",
        "source"."computer_id" AS "__reference_0"
    FROM "relation_5" AS "source"
    UNION ALL
    SELECT
        "source"."quantity" AS "quantity",
        "source"."sku" AS "sku",
        "source"."desktop_id" AS "__reference_0"
    FROM "relation_6" AS "source"
    UNION ALL
    SELECT
        "source"."quantity" AS "quantity",
        "source"."sku" AS "sku",
        "source"."laptop_id" AS "__reference_0"
    FROM "relation_7" AS "source"
    UNION ALL
    SELECT
        "source"."quantity" AS "quantity",
        "source"."sku" AS "sku",
        "source"."tablet_id" AS "__reference_0"
    FROM "relation_8" AS "source"
    UNION ALL
    SELECT
        "source"."quantity" AS "quantity",
        "source"."sku" AS "sku",
        "source"."smartwatch_id" AS "__reference_0"
    FROM "relation_9" AS "source"
    UNION ALL
    SELECT
        "source"."quantity" AS "quantity",
        "source"."sku" AS "sku",
        "source"."camera_id" AS "__reference_0"
    FROM "relation_10" AS "source"
    UNION ALL
    SELECT
        "source"."quantity" AS "quantity",
        "source"."sku" AS "sku",
        "source"."phone_id" AS "__reference_0"
    FROM "relation_11" AS "source"
    UNION ALL
    SELECT
        "source"."quantity" AS "quantity",
        "source"."sku" AS "sku",
        "source"."accessory_id" AS "__reference_0"
    FROM "relation_12" AS "source"
    UNION ALL
    SELECT
        "source"."quantity" AS "quantity",
        "source"."sku" AS "sku",
        "source"."appliance_id" AS "__reference_0"
    FROM "relation_13" AS "source"
    UNION ALL
    SELECT
        "source"."quantity" AS "quantity",
        "source"."sku" AS "sku",
        "source"."kitchenappliance_id" AS "__reference_0"
    FROM "relation_14" AS "source"
    UNION ALL
    SELECT
        "source"."quantity" AS "quantity",
        "source"."sku" AS "sku",
        "source"."apparel_id" AS "__reference_0"
    FROM "relation_15" AS "source"
    UNION ALL
    SELECT
        "source"."quantity" AS "quantity",
        "source"."sku" AS "sku",
        "source"."clothing_id" AS "__reference_0"
    FROM "relation_16" AS "source"
    UNION ALL
    SELECT
        "source"."quantity" AS "quantity",
        "source"."sku" AS "sku",
        "source"."menclothing_id" AS "__reference_0"
    FROM "relation_17" AS "source"
    UNION ALL
    SELECT
        "source"."quantity" AS "quantity",
        "source"."sku" AS "sku",
        "source"."womenclothing_id" AS "__reference_0"
    FROM "relation_18" AS "source"
    UNION ALL
    SELECT
        "source"."quantity" AS "quantity",
        "source"."sku" AS "sku",
        "source"."footwear_id" AS "__reference_0"
    FROM "relation_19" AS "source"
    UNION ALL
    SELECT
        "source"."quantity" AS "quantity",
        "source"."sku" AS "sku",
        "source"."digitalproduct_id" AS "__reference_0"
    FROM "relation_3" AS "source"
    UNION ALL
    SELECT
        "source"."quantity" AS "quantity",
        "source"."sku" AS "sku",
        "source"."media_id" AS "__reference_0"
    FROM "relation_20" AS "source"
    UNION ALL
    SELECT
        "source"."quantity" AS "quantity",
        "source"."sku" AS "sku",
        "source"."software_id" AS "__reference_0"
    FROM "relation_21" AS "source"
)
SELECT 
    "b1"."custorder_id" AS "custorder_id",
    "b2"."sku" AS "sku",
    "b2"."quantity" AS "quantity"
FROM (("b0" INNER JOIN "b1" ON ("b0"."__endpoint_custorder_0" = "b1"."__reference_0")) INNER JOIN "b2" ON ("b0"."__endpoint_product_0" = "b2"."__reference_0"))
WHERE ("b1"."status" > 'pending');
                                                              QUERY PLAN                                                               
---------------------------------------------------------------------------------------------------------------------------------------
 Nested Loop  (cost=2959.98..682429.24 rows=5077495 width=26) (actual rows=31463 loops=1)
   Buffers: shared hit=1639657 read=61460
   ->  Hash Join  (cost=2959.69..4729.74 rows=31178 width=8) (actual rows=31463 loops=1)
         Hash Cond: (source.custorder_id = source_1.custorder_id)
         Buffers: shared read=2115
         ->  Seq Scan on relation_52 source  (cost=0.00..1497.66 rows=103766 width=8) (actual rows=103766 loops=1)
               Buffers: shared read=460
         ->  Hash  (cost=2658.25..2658.25 rows=24115 width=4) (actual rows=24230 loops=1)
               Buckets: 32768  Batches: 1  Memory Usage: 1108kB
               Buffers: shared read=1655
               ->  Seq Scan on relation_37 source_1  (cost=0.00..2658.25 rows=24115 width=4) (actual rows=24230 loops=1)
                     Filter: ((status)::text > 'pending'::text)
                     Rows Removed by Filter: 56030
                     Buffers: shared read=1655
   ->  Append  (cost=0.29..21.53 rows=21 width=26) (actual rows=1 loops=31463)
         Buffers: shared hit=1639657 read=59345
         ->  Index Scan using relation_1_pkey on relation_1 source_2  (cost=0.29..0.36 rows=1 width=26) (actual rows=0 loops=31463)
               Index Cond: (product_id = source.product_id)
               Buffers: shared hit=62819 read=237
         ->  Index Scan using relation_2_pkey on relation_2 source_3  (cost=0.29..0.39 rows=1 width=26) (actual rows=0 loops=31463)
               Index Cond: (physicalproduct_id = source.product_id)
               Buffers: shared hit=62802 read=273
         ->  Index Scan using relation_4_pkey on relation_4 source_4  (cost=0.43..5.31 rows=1 width=26) (actual rows=1 loops=31463)
               Index Cond: (electronics_id = source.product_id)
               Buffers: shared hit=79228 read=32128
         ->  Index Scan using relation_5_pkey on relation_5 source_5  (cost=0.29..0.43 rows=1 width=26) (actual rows=0 loops=31463)
               Index Cond: (computer_id = source.product_id)
               Buffers: shared hit=62764 read=352
         ->  Index Scan using relation_6_pkey on relation_6 source_6  (cost=0.43..2.63 rows=1 width=26) (actual rows=0 loops=31463)
               Index Cond: (desktop_id = source.product_id)
               Buffers: shared hit=91291 read=6563
         ->  Index Scan using relation_7_pkey on relation_7 source_7  (cost=0.42..0.59 rows=1 width=26) (actual rows=0 loops=31463)
               Index Cond: (laptop_id = source.product_id)
               Buffers: shared hit=94150 read=513
         ->  Index Scan using relation_8_pkey on relation_8 source_8  (cost=0.29..0.41 rows=1 width=26) (actual rows=0 loops=31463)
               Index Cond: (tablet_id = source.product_id)
               Buffers: shared hit=62769 read=353
         ->  Index Scan using relation_9_pkey on relation_9 source_9  (cost=0.42..0.95 rows=1 width=26) (actual rows=0 loops=31463)
               Index Cond: (smartwatch_id = source.product_id)
               Buffers: shared hit=93603 read=1668
         ->  Index Scan using relation_10_pkey on relation_10 source_10  (cost=0.42..0.61 rows=1 width=26) (actual rows=0 loops=31463)
               Index Cond: (camera_id = source.product_id)
               Buffers: shared hit=94094 read=648
         ->  Index Scan using relation_11_pkey on relation_11 source_11  (cost=0.42..1.19 rows=1 width=26) (actual rows=0 loops=31463)
               Index Cond: (phone_id = source.product_id)
               Buffers: shared hit=93280 read=2375
         ->  Index Scan using relation_12_pkey on relation_12 source_12  (cost=0.29..0.46 rows=1 width=26) (actual rows=0 loops=31463)
               Index Cond: (accessory_id = source.product_id)
               Buffers: shared hit=62752 read=434
         ->  Index Scan using relation_13_pkey on relation_13 source_13  (cost=0.29..0.37 rows=1 width=26) (actual rows=0 loops=31463)
               Index Cond: (appliance_id = source.product_id)
               Buffers: shared hit=62808 read=246
         ->  Index Scan using relation_14_pkey on relation_14 source_14  (cost=0.42..0.71 rows=1 width=26) (actual rows=0 loops=31463)
               Index Cond: (kitchenappliance_id = source.product_id)
               Buffers: shared hit=93992 read=864
         ->  Index Scan using relation_15_pkey on relation_15 source_15  (cost=0.42..0.83 rows=1 width=26) (actual rows=0 loops=31463)
               Index Cond: (apparel_id = source.product_id)
               Buffers: shared hit=93797 read=1260
         ->  Index Scan using relation_16_pkey on relation_16 source_16  (cost=0.42..0.77 rows=1 width=26) (actual rows=0 loops=31463)
               Index Cond: (clothing_id = source.product_id)
               Buffers: shared hit=93849 read=1132
         ->  Index Scan using relation_17_pkey on relation_17 source_17  (cost=0.43..2.36 rows=1 width=26) (actual rows=0 loops=31463)
               Index Cond: (menclothing_id = source.product_id)
               Buffers: shared hit=91625 read=5879
         ->  Index Scan using relation_18_pkey on relation_18 source_18  (cost=0.29..0.43 rows=1 width=26) (actual rows=0 loops=31463)
               Index Cond: (womenclothing_id = source.product_id)
               Buffers: shared hit=62738 read=416
         ->  Index Scan using relation_19_pkey on relation_19 source_19  (cost=0.29..0.33 rows=1 width=26) (actual rows=0 loops=31463)
               Index Cond: (footwear_id = source.product_id)
               Buffers: shared hit=62883 read=94
         ->  Index Scan using relation_3_pkey on relation_3 source_20  (cost=0.29..0.38 rows=1 width=26) (actual rows=0 loops=31463)
               Index Cond: (digitalproduct_id = source.product_id)
               Buffers: shared hit=62831 read=220
         ->  Index Scan using relation_20_pkey on relation_20 source_21  (cost=0.43..1.59 rows=1 width=26) (actual rows=0 loops=31463)
               Index Cond: (media_id = source.product_id)
               Buffers: shared hit=92682 read=3632
         ->  Index Scan using relation_21_pkey on relation_21 source_22  (cost=0.29..0.32 rows=1 width=26) (actual rows=0 loops=31463)
               Index Cond: (software_id = source.product_id)
               Buffers: shared hit=62900 read=58
 Planning:
   Buffers: shared hit=69 read=45 dirtied=10
 Planning Time: 52.366 ms
 JIT:
   Functions: 119
   Options: Inlining true, Optimization true, Expressions true, Deforming true
 Execution Time: 2271.344 ms
(86 rows)

-- Q012 [complex_multi_join] occurrence 1/1
-- Original E/R: SELECT e1.bin_id, e2.is_active, e3.created_at FROM stock r1 JOIN WarehouseBin e1 ON ENDPOINT(r1, WarehouseBin) = REF(e1) JOIN Product e2 ON ENDPOINT(r1, Product) = REF(e2) JOIN po_items r2 ON ENDPOINT(r2, Product) = REF(e2) JOIN PurchaseOrder e3 ON ENDPOINT(r2, PurchaseOrder) = REF(e3) WHERE e3.status < 'cancelled';
EXPLAIN (ANALYZE, BUFFERS, TIMING OFF, SUMMARY ON, FORMAT TEXT)
WITH
"b0" AS (
    SELECT
        "source"."product_id" AS "__endpoint_product_0",
        "source"."warehouse_id" AS "__endpoint_warehousebin_0",
        "source"."bin_id" AS "__endpoint_warehousebin_1"
    FROM "relation_54" AS "source"
),
"b1" AS (
    SELECT
        "source"."bin_id" AS "bin_id",
        "source"."warehouse_id" AS "__reference_0",
        "source"."bin_id" AS "__reference_1"
    FROM "relation_42" AS "source"
),
"b2" AS (
    SELECT
        "source"."is_active" AS "is_active",
        "source"."product_id" AS "__reference_0"
    FROM "relation_1" AS "source"
    UNION ALL
    SELECT
        "source"."is_active" AS "is_active",
        "source"."physicalproduct_id" AS "__reference_0"
    FROM "relation_2" AS "source"
    UNION ALL
    SELECT
        "source"."is_active" AS "is_active",
        "source"."electronics_id" AS "__reference_0"
    FROM "relation_4" AS "source"
    UNION ALL
    SELECT
        "source"."is_active" AS "is_active",
        "source"."computer_id" AS "__reference_0"
    FROM "relation_5" AS "source"
    UNION ALL
    SELECT
        "source"."is_active" AS "is_active",
        "source"."desktop_id" AS "__reference_0"
    FROM "relation_6" AS "source"
    UNION ALL
    SELECT
        "source"."is_active" AS "is_active",
        "source"."laptop_id" AS "__reference_0"
    FROM "relation_7" AS "source"
    UNION ALL
    SELECT
        "source"."is_active" AS "is_active",
        "source"."tablet_id" AS "__reference_0"
    FROM "relation_8" AS "source"
    UNION ALL
    SELECT
        "source"."is_active" AS "is_active",
        "source"."smartwatch_id" AS "__reference_0"
    FROM "relation_9" AS "source"
    UNION ALL
    SELECT
        "source"."is_active" AS "is_active",
        "source"."camera_id" AS "__reference_0"
    FROM "relation_10" AS "source"
    UNION ALL
    SELECT
        "source"."is_active" AS "is_active",
        "source"."phone_id" AS "__reference_0"
    FROM "relation_11" AS "source"
    UNION ALL
    SELECT
        "source"."is_active" AS "is_active",
        "source"."accessory_id" AS "__reference_0"
    FROM "relation_12" AS "source"
    UNION ALL
    SELECT
        "source"."is_active" AS "is_active",
        "source"."appliance_id" AS "__reference_0"
    FROM "relation_13" AS "source"
    UNION ALL
    SELECT
        "source"."is_active" AS "is_active",
        "source"."kitchenappliance_id" AS "__reference_0"
    FROM "relation_14" AS "source"
    UNION ALL
    SELECT
        "source"."is_active" AS "is_active",
        "source"."apparel_id" AS "__reference_0"
    FROM "relation_15" AS "source"
    UNION ALL
    SELECT
        "source"."is_active" AS "is_active",
        "source"."clothing_id" AS "__reference_0"
    FROM "relation_16" AS "source"
    UNION ALL
    SELECT
        "source"."is_active" AS "is_active",
        "source"."menclothing_id" AS "__reference_0"
    FROM "relation_17" AS "source"
    UNION ALL
    SELECT
        "source"."is_active" AS "is_active",
        "source"."womenclothing_id" AS "__reference_0"
    FROM "relation_18" AS "source"
    UNION ALL
    SELECT
        "source"."is_active" AS "is_active",
        "source"."footwear_id" AS "__reference_0"
    FROM "relation_19" AS "source"
    UNION ALL
    SELECT
        "source"."is_active" AS "is_active",
        "source"."digitalproduct_id" AS "__reference_0"
    FROM "relation_3" AS "source"
    UNION ALL
    SELECT
        "source"."is_active" AS "is_active",
        "source"."media_id" AS "__reference_0"
    FROM "relation_20" AS "source"
    UNION ALL
    SELECT
        "source"."is_active" AS "is_active",
        "source"."software_id" AS "__reference_0"
    FROM "relation_21" AS "source"
),
"b3" AS (
    SELECT
        "source"."product_id" AS "__endpoint_product_0",
        "source"."purchaseorder_id" AS "__endpoint_purchaseorder_0"
    FROM "relation_56" AS "source"
),
"b4" AS (
    SELECT
        "source"."created_at" AS "created_at",
        "source"."status" AS "status",
        "source"."purchaseorder_id" AS "__reference_0"
    FROM "relation_45" AS "source"
)
SELECT 
    "b1"."bin_id" AS "bin_id",
    "b2"."is_active" AS "is_active",
    "b4"."created_at" AS "created_at"
FROM (((("b0" INNER JOIN "b1" ON ("b0"."__endpoint_warehousebin_0" = "b1"."__reference_0" AND "b0"."__endpoint_warehousebin_1" = "b1"."__reference_1")) INNER JOIN "b2" ON ("b0"."__endpoint_product_0" = "b2"."__reference_0")) INNER JOIN "b3" ON ("b3"."__endpoint_product_0" = "b2"."__reference_0")) INNER JOIN "b4" ON ("b3"."__endpoint_purchaseorder_0" = "b4"."__reference_0"))
WHERE ("b4"."status" < 'cancelled');
                                                                                  QUERY PLAN                                                                                  
------------------------------------------------------------------------------------------------------------------------------------------------------------------------------
 Gather  (cost=4353.52..35311.60 rows=61 width=19) (actual rows=21683 loops=1)
   Workers Planned: 2
   Workers Launched: 0
   Buffers: shared hit=1213564 read=48364 written=2
   ->  Nested Loop  (cost=3353.52..34305.50 rows=25 width=19) (actual rows=21683 loops=1)
         Buffers: shared hit=1213564 read=48364 written=2
         ->  Hash Join  (cost=3353.23..34263.46 rows=5 width=23) (actual rows=21683 loops=1)
               Hash Cond: ((source.warehouse_id = source_1.warehouse_id) AND (source.bin_id = source_1.bin_id))
               Buffers: shared hit=63541 read=27505 written=2
               ->  Nested Loop  (cost=2995.03..33647.99 rows=49003 width=27) (actual rows=21683 loops=1)
                     Buffers: shared hit=63541 read=27432 written=2
                     ->  Parallel Hash Join  (cost=2994.59..6879.89 rows=11401 width=15) (actual rows=27491 loops=1)
                           Hash Cond: (source_23.purchaseorder_id = source_24.purchaseorder_id)
                           Buffers: shared hit=4 read=2405
                           ->  Parallel Index Only Scan using relation_56_pkey on relation_56 source_23  (cost=0.42..3718.43 rows=63728 width=8) (actual rows=152947 loops=1)
                                 Heap Fetches: 0
                                 Buffers: shared hit=4 read=574
                           ->  Parallel Hash  (cost=2817.66..2817.66 rows=14121 width=15) (actual rows=24093 loops=1)
                                 Buckets: 32768  Batches: 1  Memory Usage: 1408kB
                                 Buffers: shared read=1831
                                 ->  Parallel Seq Scan on relation_45 source_24  (cost=0.00..2817.66 rows=14121 width=15) (actual rows=24093 loops=1)
                                       Filter: ((status)::text < 'cancelled'::text)
                                       Rows Removed by Filter: 110093
                                       Buffers: shared read=1831
                     ->  Index Only Scan using relation_54_pkey on relation_54 source  (cost=0.43..2.31 rows=4 width=12) (actual rows=1 loops=27491)
                           Index Cond: (product_id = source_23.product_id)
                           Heap Fetches: 0
                           Buffers: shared hit=63537 read=25027 written=2
               ->  Hash  (cost=187.08..187.08 rows=11408 width=8) (actual rows=11408 loops=1)
                     Buckets: 16384  Batches: 1  Memory Usage: 574kB
                     Buffers: shared read=73
                     ->  Seq Scan on relation_42 source_1  (cost=0.00..187.08 rows=11408 width=8) (actual rows=11408 loops=1)
                           Buffers: shared read=73
         ->  Append  (cost=0.29..8.20 rows=21 width=8) (actual rows=1 loops=21683)
               Buffers: shared hit=1150023 read=20859
               ->  Index Scan using relation_1_pkey on relation_1 source_2  (cost=0.29..0.31 rows=1 width=8) (actual rows=0 loops=21683)
                     Index Cond: (product_id = source.product_id)
                     Buffers: shared hit=43371 read=66
               ->  Index Scan using relation_2_pkey on relation_2 source_3  (cost=0.29..0.31 rows=1 width=8) (actual rows=0 loops=21683)
                     Index Cond: (physicalproduct_id = source.product_id)
                     Buffers: shared hit=43376 read=109
               ->  Index Scan using relation_4_pkey on relation_4 source_4  (cost=0.43..0.53 rows=1 width=8) (actual rows=1 loops=21683)
                     Index Cond: (electronics_id = source.product_id)
                     Buffers: shared hit=65429 read=11170
               ->  Index Scan using relation_5_pkey on relation_5 source_5  (cost=0.29..0.31 rows=1 width=8) (actual rows=0 loops=21683)
                     Index Cond: (computer_id = source.product_id)
                     Buffers: shared hit=43374 read=144
               ->  Index Scan using relation_6_pkey on relation_6 source_6  (cost=0.43..0.46 rows=1 width=8) (actual rows=0 loops=21683)
                     Index Cond: (desktop_id = source.product_id)
                     Buffers: shared hit=65133 read=2416
               ->  Index Scan using relation_7_pkey on relation_7 source_7  (cost=0.42..0.44 rows=1 width=8) (actual rows=0 loops=21683)
                     Index Cond: (laptop_id = source.product_id)
                     Buffers: shared hit=65057 read=179
               ->  Index Scan using relation_8_pkey on relation_8 source_8  (cost=0.29..0.31 rows=1 width=8) (actual rows=0 loops=21683)
                     Index Cond: (tablet_id = source.product_id)
                     Buffers: shared hit=43370 read=107
               ->  Index Scan using relation_9_pkey on relation_9 source_9  (cost=0.42..0.44 rows=1 width=8) (actual rows=0 loops=21683)
                     Index Cond: (smartwatch_id = source.product_id)
                     Buffers: shared hit=65063 read=606
               ->  Index Scan using relation_10_pkey on relation_10 source_10  (cost=0.42..0.44 rows=1 width=8) (actual rows=0 loops=21683)
                     Index Cond: (camera_id = source.product_id)
                     Buffers: shared hit=65051 read=223
               ->  Index Scan using relation_11_pkey on relation_11 source_11  (cost=0.42..0.45 rows=1 width=8) (actual rows=0 loops=21683)
                     Index Cond: (phone_id = source.product_id)
                     Buffers: shared hit=65069 read=755
               ->  Index Scan using relation_12_pkey on relation_12 source_12  (cost=0.29..0.31 rows=1 width=8) (actual rows=0 loops=21683)
                     Index Cond: (accessory_id = source.product_id)
                     Buffers: shared hit=43381 read=169
               ->  Index Scan using relation_13_pkey on relation_13 source_13  (cost=0.29..0.31 rows=1 width=8) (actual rows=0 loops=21683)
                     Index Cond: (appliance_id = source.product_id)
                     Buffers: shared hit=43368 read=79
               ->  Index Scan using relation_14_pkey on relation_14 source_14  (cost=0.42..0.44 rows=1 width=8) (actual rows=0 loops=21683)
                     Index Cond: (kitchenappliance_id = source.product_id)
                     Buffers: shared hit=65070 read=343
               ->  Index Scan using relation_15_pkey on relation_15 source_15  (cost=0.42..0.44 rows=1 width=8) (actual rows=0 loops=21683)
                     Index Cond: (apparel_id = source.product_id)
                     Buffers: shared hit=65090 read=467
               ->  Index Scan using relation_16_pkey on relation_16 source_16  (cost=0.42..0.44 rows=1 width=8) (actual rows=0 loops=21683)
                     Index Cond: (clothing_id = source.product_id)
                     Buffers: shared hit=65064 read=368
               ->  Index Scan using relation_17_pkey on relation_17 source_17  (cost=0.43..0.46 rows=1 width=8) (actual rows=0 loops=21683)
                     Index Cond: (menclothing_id = source.product_id)
                     Buffers: shared hit=65142 read=2075
               ->  Index Scan using relation_18_pkey on relation_18 source_18  (cost=0.29..0.31 rows=1 width=8) (actual rows=0 loops=21683)
                     Index Cond: (womenclothing_id = source.product_id)
                     Buffers: shared hit=43373 read=160
               ->  Index Scan using relation_19_pkey on relation_19 source_19  (cost=0.29..0.31 rows=1 width=8) (actual rows=0 loops=21683)
                     Index Cond: (footwear_id = source.product_id)
                     Buffers: shared hit=43366 read=27
               ->  Index Scan using relation_3_pkey on relation_3 source_20  (cost=0.29..0.31 rows=1 width=8) (actual rows=0 loops=21683)
                     Index Cond: (digitalproduct_id = source.product_id)
                     Buffers: shared hit=43370 read=77
               ->  Index Scan using relation_20_pkey on relation_20 source_21  (cost=0.43..0.45 rows=1 width=8) (actual rows=0 loops=21683)
                     Index Cond: (media_id = source.product_id)
                     Buffers: shared hit=65133 read=1295
               ->  Index Scan using relation_21_pkey on relation_21 source_22  (cost=0.29..0.30 rows=1 width=8) (actual rows=0 loops=21683)
                     Index Cond: (software_id = source.product_id)
                     Buffers: shared hit=43373 read=24
 Planning:
   Buffers: shared hit=42 read=38 dirtied=3
 Planning Time: 1.724 ms
 Execution Time: 659.550 ms
(102 rows)

-- Q013 [relationship_join] occurrence 1/1
-- Original E/R: SELECT e1.supplier_name, e2.status FROM supplier_pos r JOIN Supplier e1 ON ENDPOINT(r, Supplier) = REF(e1) JOIN PurchaseOrder e2 ON ENDPOINT(r, PurchaseOrder) = REF(e2) WHERE e1.supplier_name > 'Pittman, Wagner and Kelly';
EXPLAIN (ANALYZE, BUFFERS, TIMING OFF, SUMMARY ON, FORMAT TEXT)
WITH
"b0" AS (
    SELECT
        "source"."purchaseorder_id" AS "__endpoint_purchaseorder_0",
        "source"."supplier_pos_supplier_id" AS "__endpoint_supplier_0"
    FROM "relation_45" AS "source"
    WHERE ("source"."supplier_pos_supplier_id" IS NOT NULL)
),
"b1" AS (
    SELECT
        "source"."supplier_name" AS "supplier_name",
        "source"."supplier_id" AS "__reference_0"
    FROM "relation_43" AS "source"
),
"b2" AS (
    SELECT
        "source"."status" AS "status",
        "source"."purchaseorder_id" AS "__reference_0"
    FROM "relation_45" AS "source"
)
SELECT 
    "b1"."supplier_name" AS "supplier_name",
    "b2"."status" AS "status"
FROM (("b0" INNER JOIN "b1" ON ("b0"."__endpoint_supplier_0" = "b1"."__reference_0")) INNER JOIN "b2" ON ("b0"."__endpoint_purchaseorder_0" = "b2"."__reference_0"))
WHERE ("b1"."supplier_name" > 'Pittman, Wagner and Kelly');
                                                           QUERY PLAN                                                           
--------------------------------------------------------------------------------------------------------------------------------
 Hash Join  (cost=6362.53..10413.52 rows=37493 width=25) (actual rows=39230 loops=1)
   Hash Cond: (source_2.purchaseorder_id = source.purchaseorder_id)
   Buffers: shared hit=1831 read=2511
   ->  Seq Scan on relation_45 source_2  (cost=0.00..3172.86 rows=134186 width=12) (actual rows=134186 loops=1)
         Buffers: shared hit=1830 read=1
   ->  Hash  (cost=5893.87..5893.87 rows=37493 width=21) (actual rows=39230 loops=1)
         Buckets: 65536  Batches: 1  Memory Usage: 2570kB
         Buffers: shared hit=1 read=2510
         ->  Hash Join  (cost=2382.69..5893.87 rows=37493 width=21) (actual rows=39230 loops=1)
               Hash Cond: (source.supplier_pos_supplier_id = source_1.supplier_id)
               Buffers: shared hit=1 read=2510
               ->  Seq Scan on relation_45 source  (cost=0.00..3172.86 rows=128881 width=8) (actual rows=128819 loops=1)
                     Filter: (supplier_pos_supplier_id IS NOT NULL)
                     Rows Removed by Filter: 5367
                     Buffers: shared hit=1 read=1830
               ->  Hash  (cost=1986.86..1986.86 rows=31666 width=21) (actual rows=31654 loops=1)
                     Buckets: 32768  Batches: 1  Memory Usage: 1963kB
                     Buffers: shared read=680
                     ->  Seq Scan on relation_43 source_1  (cost=0.00..1986.86 rows=31666 width=21) (actual rows=31654 loops=1)
                           Filter: ((supplier_name)::text > 'Pittman, Wagner and Kelly'::text)
                           Rows Removed by Filter: 72895
                           Buffers: shared read=680
 Planning:
   Buffers: shared hit=12 read=15
 Planning Time: 0.419 ms
 Execution Time: 38.316 ms
(26 rows)

-- Q014 [aggregation] occurrence 1/1
-- Original E/R: SELECT e1.category_id, COUNT(DISTINCT REF(e2)) AS related_count FROM category_products r JOIN Category e1 ON ENDPOINT(r, Category) = REF(e1) JOIN Product e2 ON ENDPOINT(r, Product) = REF(e2) WHERE e1.category_name > 'our' GROUP BY REF(e1), e1.category_id HAVING COUNT(DISTINCT REF(e2)) >= 4;
EXPLAIN (ANALYZE, BUFFERS, TIMING OFF, SUMMARY ON, FORMAT TEXT)
WITH
"b0" AS (
    SELECT
        "source"."category_products_category_id" AS "__endpoint_category_0",
        "source"."product_id" AS "__endpoint_product_0"
    FROM "relation_1" AS "source"
    WHERE ("source"."category_products_category_id" IS NOT NULL)
    UNION ALL
    SELECT
        "source"."category_products_category_id" AS "__endpoint_category_0",
        "source"."physicalproduct_id" AS "__endpoint_product_0"
    FROM "relation_2" AS "source"
    WHERE ("source"."category_products_category_id" IS NOT NULL)
    UNION ALL
    SELECT
        "source"."category_products_category_id" AS "__endpoint_category_0",
        "source"."electronics_id" AS "__endpoint_product_0"
    FROM "relation_4" AS "source"
    WHERE ("source"."category_products_category_id" IS NOT NULL)
    UNION ALL
    SELECT
        "source"."category_products_category_id" AS "__endpoint_category_0",
        "source"."computer_id" AS "__endpoint_product_0"
    FROM "relation_5" AS "source"
    WHERE ("source"."category_products_category_id" IS NOT NULL)
    UNION ALL
    SELECT
        "source"."category_products_category_id" AS "__endpoint_category_0",
        "source"."desktop_id" AS "__endpoint_product_0"
    FROM "relation_6" AS "source"
    WHERE ("source"."category_products_category_id" IS NOT NULL)
    UNION ALL
    SELECT
        "source"."category_products_category_id" AS "__endpoint_category_0",
        "source"."laptop_id" AS "__endpoint_product_0"
    FROM "relation_7" AS "source"
    WHERE ("source"."category_products_category_id" IS NOT NULL)
    UNION ALL
    SELECT
        "source"."category_products_category_id" AS "__endpoint_category_0",
        "source"."tablet_id" AS "__endpoint_product_0"
    FROM "relation_8" AS "source"
    WHERE ("source"."category_products_category_id" IS NOT NULL)
    UNION ALL
    SELECT
        "source"."category_products_category_id" AS "__endpoint_category_0",
        "source"."smartwatch_id" AS "__endpoint_product_0"
    FROM "relation_9" AS "source"
    WHERE ("source"."category_products_category_id" IS NOT NULL)
    UNION ALL
    SELECT
        "source"."category_products_category_id" AS "__endpoint_category_0",
        "source"."camera_id" AS "__endpoint_product_0"
    FROM "relation_10" AS "source"
    WHERE ("source"."category_products_category_id" IS NOT NULL)
    UNION ALL
    SELECT
        "source"."category_products_category_id" AS "__endpoint_category_0",
        "source"."phone_id" AS "__endpoint_product_0"
    FROM "relation_11" AS "source"
    WHERE ("source"."category_products_category_id" IS NOT NULL)
    UNION ALL
    SELECT
        "source"."category_products_category_id" AS "__endpoint_category_0",
        "source"."accessory_id" AS "__endpoint_product_0"
    FROM "relation_12" AS "source"
    WHERE ("source"."category_products_category_id" IS NOT NULL)
    UNION ALL
    SELECT
        "source"."category_products_category_id" AS "__endpoint_category_0",
        "source"."appliance_id" AS "__endpoint_product_0"
    FROM "relation_13" AS "source"
    WHERE ("source"."category_products_category_id" IS NOT NULL)
    UNION ALL
    SELECT
        "source"."category_products_category_id" AS "__endpoint_category_0",
        "source"."kitchenappliance_id" AS "__endpoint_product_0"
    FROM "relation_14" AS "source"
    WHERE ("source"."category_products_category_id" IS NOT NULL)
    UNION ALL
    SELECT
        "source"."category_products_category_id" AS "__endpoint_category_0",
        "source"."apparel_id" AS "__endpoint_product_0"
    FROM "relation_15" AS "source"
    WHERE ("source"."category_products_category_id" IS NOT NULL)
    UNION ALL
    SELECT
        "source"."category_products_category_id" AS "__endpoint_category_0",
        "source"."clothing_id" AS "__endpoint_product_0"
    FROM "relation_16" AS "source"
    WHERE ("source"."category_products_category_id" IS NOT NULL)
    UNION ALL
    SELECT
        "source"."category_products_category_id" AS "__endpoint_category_0",
        "source"."menclothing_id" AS "__endpoint_product_0"
    FROM "relation_17" AS "source"
    WHERE ("source"."category_products_category_id" IS NOT NULL)
    UNION ALL
    SELECT
        "source"."category_products_category_id" AS "__endpoint_category_0",
        "source"."womenclothing_id" AS "__endpoint_product_0"
    FROM "relation_18" AS "source"
    WHERE ("source"."category_products_category_id" IS NOT NULL)
    UNION ALL
    SELECT
        "source"."category_products_category_id" AS "__endpoint_category_0",
        "source"."footwear_id" AS "__endpoint_product_0"
    FROM "relation_19" AS "source"
    WHERE ("source"."category_products_category_id" IS NOT NULL)
    UNION ALL
    SELECT
        "source"."category_products_category_id" AS "__endpoint_category_0",
        "source"."digitalproduct_id" AS "__endpoint_product_0"
    FROM "relation_3" AS "source"
    WHERE ("source"."category_products_category_id" IS NOT NULL)
    UNION ALL
    SELECT
        "source"."category_products_category_id" AS "__endpoint_category_0",
        "source"."media_id" AS "__endpoint_product_0"
    FROM "relation_20" AS "source"
    WHERE ("source"."category_products_category_id" IS NOT NULL)
    UNION ALL
    SELECT
        "source"."category_products_category_id" AS "__endpoint_category_0",
        "source"."software_id" AS "__endpoint_product_0"
    FROM "relation_21" AS "source"
    WHERE ("source"."category_products_category_id" IS NOT NULL)
),
"b1" AS (
    SELECT
        "source"."category_id" AS "category_id",
        "source"."category_name" AS "category_name",
        "source"."category_id" AS "__reference_0"
    FROM "relation_0" AS "source"
),
"b2" AS (
    SELECT
        "source"."product_id" AS "__reference_0"
    FROM "relation_1" AS "source"
    UNION ALL
    SELECT
        "source"."physicalproduct_id" AS "__reference_0"
    FROM "relation_2" AS "source"
    UNION ALL
    SELECT
        "source"."electronics_id" AS "__reference_0"
    FROM "relation_4" AS "source"
    UNION ALL
    SELECT
        "source"."computer_id" AS "__reference_0"
    FROM "relation_5" AS "source"
    UNION ALL
    SELECT
        "source"."desktop_id" AS "__reference_0"
    FROM "relation_6" AS "source"
    UNION ALL
    SELECT
        "source"."laptop_id" AS "__reference_0"
    FROM "relation_7" AS "source"
    UNION ALL
    SELECT
        "source"."tablet_id" AS "__reference_0"
    FROM "relation_8" AS "source"
    UNION ALL
    SELECT
        "source"."smartwatch_id" AS "__reference_0"
    FROM "relation_9" AS "source"
    UNION ALL
    SELECT
        "source"."camera_id" AS "__reference_0"
    FROM "relation_10" AS "source"
    UNION ALL
    SELECT
        "source"."phone_id" AS "__reference_0"
    FROM "relation_11" AS "source"
    UNION ALL
    SELECT
        "source"."accessory_id" AS "__reference_0"
    FROM "relation_12" AS "source"
    UNION ALL
    SELECT
        "source"."appliance_id" AS "__reference_0"
    FROM "relation_13" AS "source"
    UNION ALL
    SELECT
        "source"."kitchenappliance_id" AS "__reference_0"
    FROM "relation_14" AS "source"
    UNION ALL
    SELECT
        "source"."apparel_id" AS "__reference_0"
    FROM "relation_15" AS "source"
    UNION ALL
    SELECT
        "source"."clothing_id" AS "__reference_0"
    FROM "relation_16" AS "source"
    UNION ALL
    SELECT
        "source"."menclothing_id" AS "__reference_0"
    FROM "relation_17" AS "source"
    UNION ALL
    SELECT
        "source"."womenclothing_id" AS "__reference_0"
    FROM "relation_18" AS "source"
    UNION ALL
    SELECT
        "source"."footwear_id" AS "__reference_0"
    FROM "relation_19" AS "source"
    UNION ALL
    SELECT
        "source"."digitalproduct_id" AS "__reference_0"
    FROM "relation_3" AS "source"
    UNION ALL
    SELECT
        "source"."media_id" AS "__reference_0"
    FROM "relation_20" AS "source"
    UNION ALL
    SELECT
        "source"."software_id" AS "__reference_0"
    FROM "relation_21" AS "source"
)
SELECT 
    "b1"."category_id" AS "category_id",
    COUNT(DISTINCT "b2"."__reference_0") AS "related_count"
FROM (("b0" INNER JOIN "b1" ON ("b0"."__endpoint_category_0" = "b1"."__reference_0")) INNER JOIN "b2" ON ("b0"."__endpoint_product_0" = "b2"."__reference_0"))
WHERE ("b1"."category_name" > 'our')
GROUP BY
    "b1"."__reference_0",
    "b1"."category_id"
HAVING (COUNT(DISTINCT "b2"."__reference_0") >= 4);
                                                                       QUERY PLAN                                                                       
--------------------------------------------------------------------------------------------------------------------------------------------------------
 GroupAggregate  (cost=480621.06..111392465.63 rows=18598 width=16) (actual rows=39408 loops=1)
   Group Key: source.category_id
   Filter: (count(DISTINCT source_1.product_id) >= 4)
   Rows Removed by Filter: 16162
   Buffers: shared hit=14054321 read=608009 written=7
   ->  Nested Loop  (cost=480621.06..2771674.04 rows=21724018830 width=8) (actual rows=268860 loops=1)
         Buffers: shared hit=14054321 read=608009 written=7
         ->  Gather Merge  (cost=480620.77..510748.31 rows=258680 width=8) (actual rows=268860 loops=1)
               Workers Planned: 2
               Workers Launched: 0
               Buffers: shared hit=111 read=395241 written=7
               ->  Sort  (cost=479620.74..479890.20 rows=107783 width=8) (actual rows=268860 loops=1)
                     Sort Key: source.category_id, source_22.footwear_id
                     Sort Method: quicksort  Memory: 20690kB
                     Buffers: shared hit=111 read=395241 written=7
                     ->  Hash Join  (cost=3223.16..470611.28 rows=107783 width=8) (actual rows=268860 loops=1)
                           Hash Cond: (source_22.category_products_category_id = source.category_id)
                           Buffers: shared hit=111 read=395241 written=7
                           ->  Parallel Append  (cost=0.00..466678.29 rows=270405 width=8) (actual rows=671871 loops=1)
                                 Buffers: shared hit=111 read=394465 written=7
                                 ->  Seq Scan on relation_19 source_22  (cost=0.00..967.42 rows=1149 width=8) (actual rows=1149 loops=1)
                                       Filter: (category_products_category_id IS NOT NULL)
                                       Rows Removed by Filter: 27493
                                       Buffers: shared read=681
                                 ->  Seq Scan on relation_21 source_23  (cost=0.00..516.00 rows=633 width=8) (actual rows=633 loops=1)
                                       Filter: (category_products_category_id IS NOT NULL)
                                       Rows Removed by Filter: 14367
                                       Buffers: shared read=366
                                 ->  Parallel Seq Scan on relation_4 source_24  (cost=0.00..242535.59 rows=141926 width=8) (actual rows=359312 loops=1)
                                       Filter: (category_products_category_id IS NOT NULL)
                                       Rows Removed by Filter: 8644733
                                       Buffers: shared hit=12 read=205010
                                 ->  Parallel Seq Scan on relation_6 source_25  (cost=0.00..55929.83 rows=30830 width=8) (actual rows=75458 loops=1)
                                       Filter: (category_products_category_id IS NOT NULL)
                                       Rows Removed by Filter: 1802320
                                       Buffers: shared hit=2 read=48103
                                 ->  Parallel Seq Scan on relation_17 source_26  (cost=0.00..48862.15 rows=26639 width=8) (actual rows=67960 loops=1)
                                       Filter: (category_products_category_id IS NOT NULL)
                                       Rows Removed by Filter: 1622040
                                       Buffers: shared hit=3 read=41818
                                 ->  Parallel Seq Scan on relation_20 source_27  (cost=0.00..29326.04 rows=18059 width=8) (actual rows=42533 loops=1)
                                       Filter: (category_products_category_id IS NOT NULL)
                                       Rows Removed by Filter: 1013717
                                       Buffers: shared hit=1 read=24924
                                 ->  Parallel Seq Scan on relation_11 source_28  (cost=0.00..19165.67 rows=11229 width=8) (actual rows=27116 loops=1)
                                       Filter: (category_products_category_id IS NOT NULL)
                                       Rows Removed by Filter: 648885
                                       Buffers: shared read=16349
                                 ->  Parallel Seq Scan on relation_9 source_29  (cost=0.00..12892.02 rows=7824 width=8) (actual rows=18689 loops=1)
                                       Filter: (category_products_category_id IS NOT NULL)
                                       Rows Removed by Filter: 450756
                                       Buffers: shared read=10936
                                 ->  Parallel Seq Scan on relation_15 source_30  (cost=0.00..9861.84 rows=6110 width=8) (actual rows=14400 loops=1)
                                       Filter: (category_products_category_id IS NOT NULL)
                                       Rows Removed by Filter: 350362
                                       Buffers: shared hit=1 read=8341
                                 ->  Parallel Seq Scan on relation_16 source_31  (cost=0.00..8324.59 rows=5140 width=8) (actual rows=12046 loops=1)
                                       Filter: (category_products_category_id IS NOT NULL)
                                       Rows Removed by Filter: 285936
                                       Buffers: shared hit=1 read=7082
                                 ->  Parallel Seq Scan on relation_14 source_32  (cost=0.00..7247.26 rows=4320 width=8) (actual rows=10551 loops=1)
                                       Filter: (category_products_category_id IS NOT NULL)
                                       Rows Removed by Filter: 253512
                                       Buffers: shared read=6147
                                 ->  Parallel Seq Scan on relation_10 source_33  (cost=0.00..4640.17 rows=2819 width=8) (actual rows=6677 loops=1)
                                       Filter: (category_products_category_id IS NOT NULL)
                                       Rows Removed by Filter: 162324
                                       Buffers: shared hit=1 read=3935
                                 ->  Parallel Seq Scan on relation_7 source_34  (cost=0.00..4058.96 rows=2268 width=8) (actual rows=5538 loops=1)
                                       Filter: (category_products_category_id IS NOT NULL)
                                       Rows Removed by Filter: 134132
                                       Buffers: shared hit=1 read=3476 written=1
                                 ->  Parallel Seq Scan on relation_12 source_35  (cost=0.00..4054.74 rows=2280 width=8) (actual rows=5714 loops=1)
                                       Filter: (category_products_category_id IS NOT NULL)
                                       Rows Removed by Filter: 139184
                                       Buffers: shared hit=5 read=3446
                                 ->  Parallel Seq Scan on relation_18 source_36  (cost=0.00..3592.36 rows=2964 width=8) (actual rows=4844 loops=1)
                                       Filter: (category_products_category_id IS NOT NULL)
                                       Rows Removed by Filter: 112518
                                       Buffers: shared hit=8 read=2894
                                 ->  Parallel Seq Scan on relation_5 source_37  (cost=0.00..3243.53 rows=2552 width=8) (actual rows=4338 loops=1)
                                       Filter: (category_products_category_id IS NOT NULL)
                                       Rows Removed by Filter: 102852
                                       Buffers: shared hit=13 read=2600 written=6
                                 ->  Parallel Seq Scan on relation_8 source_38  (cost=0.00..2917.24 rows=2347 width=8) (actual rows=3943 loops=1)
                                       Filter: (category_products_category_id IS NOT NULL)
                                       Rows Removed by Filter: 96057
                                       Buffers: shared hit=7 read=2322
                                 ->  Parallel Seq Scan on relation_2 source_39  (cost=0.00..2417.09 rows=2035 width=8) (actual rows=3452 loops=1)
                                       Filter: (category_products_category_id IS NOT NULL)
                                       Rows Removed by Filter: 82413
                                       Buffers: shared hit=16 read=1896
                                 ->  Parallel Seq Scan on relation_3 source_40  (cost=0.00..1919.41 rows=1618 width=8) (actual rows=2683 loops=1)
                                       Filter: (category_products_category_id IS NOT NULL)
                                       Rows Removed by Filter: 64026
                                       Buffers: shared hit=15 read=1512
                                 ->  Parallel Seq Scan on relation_13 source_41  (cost=0.00..1722.65 rows=1489 width=8) (actual rows=2423 loops=1)
                                       Filter: (category_products_category_id IS NOT NULL)
                                       Rows Removed by Filter: 57697
                                       Buffers: shared hit=13 read=1356
                                 ->  Parallel Seq Scan on relation_1 source_42  (cost=0.00..1647.70 rows=1422 width=8) (actual rows=2412 loops=1)
                                       Filter: (category_products_category_id IS NOT NULL)
                                       Rows Removed by Filter: 59587
                                       Buffers: shared hit=12 read=1271
                           ->  Hash  (cost=2525.73..2525.73 rows=55795 width=4) (actual rows=56041 loops=1)
                                 Buckets: 65536  Batches: 1  Memory Usage: 2483kB
                                 Buffers: shared read=776
                                 ->  Seq Scan on relation_0 source  (cost=0.00..2525.73 rows=55795 width=4) (actual rows=56041 loops=1)
                                       Filter: ((category_name)::text > 'our'::text)
                                       Rows Removed by Filter: 83937
                                       Buffers: shared read=776
         ->  Append  (cost=0.29..8.53 rows=21 width=4) (actual rows=1 loops=268860)
               Buffers: shared hit=14054210 read=212768
               ->  Index Only Scan using relation_1_pkey on relation_1 source_1  (cost=0.29..0.31 rows=1 width=4) (actual rows=0 loops=268860)
                     Index Cond: (product_id = source_22.footwear_id)
                     Heap Fetches: 0
                     Buffers: shared hit=537041 read=680
               ->  Index Only Scan using relation_2_pkey on relation_2 source_2  (cost=0.29..0.31 rows=1 width=4) (actual rows=0 loops=268860)
                     Index Cond: (physicalproduct_id = source_22.footwear_id)
                     Heap Fetches: 0
                     Buffers: shared hit=536775 read=946
               ->  Index Only Scan using relation_4_pkey on relation_4 source_3  (cost=0.43..0.72 rows=1 width=4) (actual rows=1 loops=268860)
                     Index Cond: (electronics_id = source_22.footwear_id)
                     Heap Fetches: 0
                     Buffers: shared hit=704834 read=115446
               ->  Index Only Scan using relation_5_pkey on relation_5 source_4  (cost=0.29..0.31 rows=1 width=4) (actual rows=0 loops=268860)
                     Index Cond: (computer_id = source_22.footwear_id)
                     Heap Fetches: 0
                     Buffers: shared hit=536461 read=1260
               ->  Index Only Scan using relation_6_pkey on relation_6 source_5  (cost=0.43..0.50 rows=1 width=4) (actual rows=0 loops=268860)
                     Index Cond: (desktop_id = source_22.footwear_id)
                     Heap Fetches: 0
                     Buffers: shared hit=784682 read=23717
               ->  Index Only Scan using relation_7_pkey on relation_7 source_6  (cost=0.42..0.44 rows=1 width=4) (actual rows=0 loops=268860)
                     Index Cond: (laptop_id = source_22.footwear_id)
                     Heap Fetches: 0
                     Buffers: shared hit=804949 read=1632
               ->  Index Only Scan using relation_8_pkey on relation_8 source_7  (cost=0.29..0.31 rows=1 width=4) (actual rows=0 loops=268860)
                     Index Cond: (tablet_id = source_22.footwear_id)
                     Heap Fetches: 0
                     Buffers: shared hit=536636 read=1085
               ->  Index Only Scan using relation_9_pkey on relation_9 source_8  (cost=0.42..0.45 rows=1 width=4) (actual rows=0 loops=268860)
                     Index Cond: (smartwatch_id = source_22.footwear_id)
                     Heap Fetches: 0
                     Buffers: shared hit=800640 read=5941
               ->  Index Only Scan using relation_10_pkey on relation_10 source_9  (cost=0.42..0.44 rows=1 width=4) (actual rows=0 loops=268860)
                     Index Cond: (camera_id = source_22.footwear_id)
                     Heap Fetches: 0
                     Buffers: shared hit=804738 read=1843
               ->  Index Only Scan using relation_11_pkey on relation_11 source_10  (cost=0.42..0.46 rows=1 width=4) (actual rows=0 loops=268860)
                     Index Cond: (phone_id = source_22.footwear_id)
                     Heap Fetches: 0
                     Buffers: shared hit=797916 read=8665
               ->  Index Only Scan using relation_12_pkey on relation_12 source_11  (cost=0.29..0.31 rows=1 width=4) (actual rows=0 loops=268860)
                     Index Cond: (accessory_id = source_22.footwear_id)
                     Heap Fetches: 0
                     Buffers: shared hit=536150 read=1571
               ->  Index Only Scan using relation_13_pkey on relation_13 source_12  (cost=0.29..0.31 rows=1 width=4) (actual rows=0 loops=268860)
                     Index Cond: (appliance_id = source_22.footwear_id)
                     Heap Fetches: 0
                     Buffers: shared hit=536956 read=765
               ->  Index Only Scan using relation_14_pkey on relation_14 source_13  (cost=0.42..0.45 rows=1 width=4) (actual rows=0 loops=268860)
                     Index Cond: (kitchenappliance_id = source_22.footwear_id)
                     Heap Fetches: 0
                     Buffers: shared hit=803511 read=3070
               ->  Index Only Scan using relation_15_pkey on relation_15 source_14  (cost=0.42..0.45 rows=1 width=4) (actual rows=0 loops=268860)
                     Index Cond: (apparel_id = source_22.footwear_id)
                     Heap Fetches: 0
                     Buffers: shared hit=801924 read=4657
               ->  Index Only Scan using relation_16_pkey on relation_16 source_15  (cost=0.42..0.45 rows=1 width=4) (actual rows=0 loops=268860)
                     Index Cond: (clothing_id = source_22.footwear_id)
                     Heap Fetches: 0
                     Buffers: shared hit=802749 read=3832
               ->  Index Only Scan using relation_17_pkey on relation_17 source_16  (cost=0.43..0.49 rows=1 width=4) (actual rows=0 loops=268860)
                     Index Cond: (menclothing_id = source_22.footwear_id)
                     Heap Fetches: 0
                     Buffers: shared hit=786818 read=21623
               ->  Index Only Scan using relation_18_pkey on relation_18 source_17  (cost=0.29..0.31 rows=1 width=4) (actual rows=0 loops=268860)
                     Index Cond: (womenclothing_id = source_22.footwear_id)
                     Heap Fetches: 0
                     Buffers: shared hit=536432 read=1289
               ->  Index Only Scan using relation_19_pkey on relation_19 source_18  (cost=0.29..0.31 rows=1 width=4) (actual rows=0 loops=268860)
                     Index Cond: (footwear_id = source_22.footwear_id)
                     Heap Fetches: 0
                     Buffers: shared hit=537403 read=318
               ->  Index Only Scan using relation_3_pkey on relation_3 source_19  (cost=0.29..0.31 rows=1 width=4) (actual rows=0 loops=268860)
                     Index Cond: (digitalproduct_id = source_22.footwear_id)
                     Heap Fetches: 0
                     Buffers: shared hit=536978 read=743
               ->  Index Only Scan using relation_20_pkey on relation_20 source_20  (cost=0.43..0.47 rows=1 width=4) (actual rows=0 loops=268860)
                     Index Cond: (media_id = source_22.footwear_id)
                     Heap Fetches: 0
                     Buffers: shared hit=793068 read=13513
               ->  Index Only Scan using relation_21_pkey on relation_21 source_21  (cost=0.29..0.30 rows=1 width=4) (actual rows=0 loops=268860)
                     Index Cond: (software_id = source_22.footwear_id)
                     Heap Fetches: 0
                     Buffers: shared hit=537549 read=172
 Planning:
   Buffers: shared hit=62 read=39 dirtied=8
 Planning Time: 1.006 ms
 JIT:
   Functions: 141
   Options: Inlining true, Optimization true, Expressions true, Deforming true
 Execution Time: 6272.288 ms
(204 rows)

-- Q015 [complex_multi_join] occurrence 1/1
-- Original E/R: SELECT e2.product_id, COUNT(DISTINCT REF(e3)) AS related_count FROM product_tags r1 JOIN Tag e1 ON ENDPOINT(r1, Tag) = REF(e1) JOIN Product e2 ON ENDPOINT(r1, Product) = REF(e2) JOIN order_returns r2 ON ENDPOINT(r2, Product) = REF(e2) JOIN CustOrder e3 ON ENDPOINT(r2, CustOrder) = REF(e3) WHERE e2.quantity > 55 GROUP BY REF(e2), e2.product_id HAVING COUNT(DISTINCT REF(e3)) >= 1;
EXPLAIN (ANALYZE, BUFFERS, TIMING OFF, SUMMARY ON, FORMAT TEXT)
WITH
"b0" AS (
    SELECT
        "source"."product_id" AS "__endpoint_product_0",
        "source"."tag_id" AS "__endpoint_tag_0"
    FROM "relation_47" AS "source"
),
"b1" AS (
    SELECT
        "source"."tag_id" AS "__reference_0"
    FROM "relation_30" AS "source"
),
"b2" AS (
    SELECT
        "source"."product_id" AS "product_id",
        "source"."quantity" AS "quantity",
        "source"."product_id" AS "__reference_0"
    FROM "relation_1" AS "source"
    UNION ALL
    SELECT
        "source"."physicalproduct_id" AS "product_id",
        "source"."quantity" AS "quantity",
        "source"."physicalproduct_id" AS "__reference_0"
    FROM "relation_2" AS "source"
    UNION ALL
    SELECT
        "source"."electronics_id" AS "product_id",
        "source"."quantity" AS "quantity",
        "source"."electronics_id" AS "__reference_0"
    FROM "relation_4" AS "source"
    UNION ALL
    SELECT
        "source"."computer_id" AS "product_id",
        "source"."quantity" AS "quantity",
        "source"."computer_id" AS "__reference_0"
    FROM "relation_5" AS "source"
    UNION ALL
    SELECT
        "source"."desktop_id" AS "product_id",
        "source"."quantity" AS "quantity",
        "source"."desktop_id" AS "__reference_0"
    FROM "relation_6" AS "source"
    UNION ALL
    SELECT
        "source"."laptop_id" AS "product_id",
        "source"."quantity" AS "quantity",
        "source"."laptop_id" AS "__reference_0"
    FROM "relation_7" AS "source"
    UNION ALL
    SELECT
        "source"."tablet_id" AS "product_id",
        "source"."quantity" AS "quantity",
        "source"."tablet_id" AS "__reference_0"
    FROM "relation_8" AS "source"
    UNION ALL
    SELECT
        "source"."smartwatch_id" AS "product_id",
        "source"."quantity" AS "quantity",
        "source"."smartwatch_id" AS "__reference_0"
    FROM "relation_9" AS "source"
    UNION ALL
    SELECT
        "source"."camera_id" AS "product_id",
        "source"."quantity" AS "quantity",
        "source"."camera_id" AS "__reference_0"
    FROM "relation_10" AS "source"
    UNION ALL
    SELECT
        "source"."phone_id" AS "product_id",
        "source"."quantity" AS "quantity",
        "source"."phone_id" AS "__reference_0"
    FROM "relation_11" AS "source"
    UNION ALL
    SELECT
        "source"."accessory_id" AS "product_id",
        "source"."quantity" AS "quantity",
        "source"."accessory_id" AS "__reference_0"
    FROM "relation_12" AS "source"
    UNION ALL
    SELECT
        "source"."appliance_id" AS "product_id",
        "source"."quantity" AS "quantity",
        "source"."appliance_id" AS "__reference_0"
    FROM "relation_13" AS "source"
    UNION ALL
    SELECT
        "source"."kitchenappliance_id" AS "product_id",
        "source"."quantity" AS "quantity",
        "source"."kitchenappliance_id" AS "__reference_0"
    FROM "relation_14" AS "source"
    UNION ALL
    SELECT
        "source"."apparel_id" AS "product_id",
        "source"."quantity" AS "quantity",
        "source"."apparel_id" AS "__reference_0"
    FROM "relation_15" AS "source"
    UNION ALL
    SELECT
        "source"."clothing_id" AS "product_id",
        "source"."quantity" AS "quantity",
        "source"."clothing_id" AS "__reference_0"
    FROM "relation_16" AS "source"
    UNION ALL
    SELECT
        "source"."menclothing_id" AS "product_id",
        "source"."quantity" AS "quantity",
        "source"."menclothing_id" AS "__reference_0"
    FROM "relation_17" AS "source"
    UNION ALL
    SELECT
        "source"."womenclothing_id" AS "product_id",
        "source"."quantity" AS "quantity",
        "source"."womenclothing_id" AS "__reference_0"
    FROM "relation_18" AS "source"
    UNION ALL
    SELECT
        "source"."footwear_id" AS "product_id",
        "source"."quantity" AS "quantity",
        "source"."footwear_id" AS "__reference_0"
    FROM "relation_19" AS "source"
    UNION ALL
    SELECT
        "source"."digitalproduct_id" AS "product_id",
        "source"."quantity" AS "quantity",
        "source"."digitalproduct_id" AS "__reference_0"
    FROM "relation_3" AS "source"
    UNION ALL
    SELECT
        "source"."media_id" AS "product_id",
        "source"."quantity" AS "quantity",
        "source"."media_id" AS "__reference_0"
    FROM "relation_20" AS "source"
    UNION ALL
    SELECT
        "source"."software_id" AS "product_id",
        "source"."quantity" AS "quantity",
        "source"."software_id" AS "__reference_0"
    FROM "relation_21" AS "source"
),
"b3" AS (
    SELECT
        "source"."custorder_id" AS "__endpoint_custorder_0",
        "source"."product_id" AS "__endpoint_product_0"
    FROM "relation_53" AS "source"
),
"b4" AS (
    SELECT
        "source"."custorder_id" AS "__reference_0"
    FROM "relation_37" AS "source"
)
SELECT 
    "b2"."product_id" AS "product_id",
    COUNT(DISTINCT "b4"."__reference_0") AS "related_count"
FROM (((("b0" INNER JOIN "b1" ON ("b0"."__endpoint_tag_0" = "b1"."__reference_0")) INNER JOIN "b2" ON ("b0"."__endpoint_product_0" = "b2"."__reference_0")) INNER JOIN "b3" ON ("b3"."__endpoint_product_0" = "b2"."__reference_0")) INNER JOIN "b4" ON ("b3"."__endpoint_custorder_0" = "b4"."__reference_0"))
WHERE ("b2"."quantity" > 55)
GROUP BY
    "b2"."__reference_0",
    "b2"."product_id"
HAVING (COUNT(DISTINCT "b4"."__reference_0") >= 1);
                                                                              QUERY PLAN                                                                              
----------------------------------------------------------------------------------------------------------------------------------------------------------------------
 GroupAggregate  (cost=553641.13..566485.96 rows=13333 width=16) (actual rows=3306 loops=1)
   Group Key: source_4.electronics_id, source_4.electronics_id
   Filter: (count(DISTINCT source_24.custorder_id) >= 1)
   Buffers: shared hit=50430 read=414084 written=1
   ->  Gather Merge  (cost=553641.13..565239.09 rows=99582 width=12) (actual rows=6590 loops=1)
         Workers Planned: 2
         Workers Launched: 0
         Buffers: shared hit=50430 read=414084 written=1
         ->  Sort  (cost=552641.11..552744.84 rows=41492 width=12) (actual rows=6590 loops=1)
               Sort Key: source_4.electronics_id, source_4.electronics_id, source_24.custorder_id
               Sort Method: quicksort  Memory: 450kB
               Buffers: shared hit=50430 read=414084 written=1
               ->  Hash Join  (cost=53756.36..549458.56 rows=41492 width=12) (actual rows=6590 loops=1)
                     Hash Cond: (source.tag_id = source_1.tag_id)
                     Buffers: shared hit=50430 read=414084 written=1
                     ->  Parallel Hash Join  (cost=50460.33..546052.90 rows=41761 width=16) (actual rows=6590 loops=1)
                           Hash Cond: (source_4.electronics_id = source.product_id)
                           Buffers: shared hit=50430 read=413469 written=1
                           ->  Parallel Append  (cost=0.00..490241.46 rows=1361453 width=8) (actual rows=3286680 loops=1)
                                 Buffers: shared read=394576
                                 ->  Parallel Seq Scan on relation_4 source_4  (cost=0.00..251913.98 rows=729986 width=8) (actual rows=1760580 loops=1)
                                       Filter: (quantity > 55)
                                       Rows Removed by Filter: 7243465
                                       Buffers: shared read=205022
                                 ->  Parallel Seq Scan on relation_6 source_6  (cost=0.00..57886.04 rows=149579 width=8) (actual rows=367745 loops=1)
                                       Filter: (quantity > 55)
                                       Rows Removed by Filter: 1510033
                                       Buffers: shared read=48105
                                 ->  Parallel Seq Scan on relation_17 source_17  (cost=0.00..50622.44 rows=137649 width=8) (actual rows=330507 loops=1)
                                       Filter: (quantity > 55)
                                       Rows Removed by Filter: 1359493
                                       Buffers: shared read=41821
                                 ->  Parallel Seq Scan on relation_20 source_21  (cost=0.00..30426.30 rows=86653 width=8) (actual rows=207133 loops=1)
                                       Filter: (quantity > 55)
                                       Rows Removed by Filter: 849117
                                       Buffers: shared read=24925
                                 ->  Parallel Seq Scan on relation_11 source_11  (cost=0.00..19869.84 rows=54698 width=8) (actual rows=132801 loops=1)
                                       Filter: (quantity > 55)
                                       Rows Removed by Filter: 543200
                                       Buffers: shared read=16349
                                 ->  Parallel Seq Scan on relation_9 source_9  (cost=0.00..13381.03 rows=38050 width=8) (actual rows=92232 loops=1)
                                       Filter: (quantity > 55)
                                       Rows Removed by Filter: 377213
                                       Buffers: shared read=10936
                                 ->  Parallel Seq Scan on relation_15 source_15  (cost=0.00..10241.80 rows=30082 width=8) (actual rows=71143 loops=1)
                                       Filter: (quantity > 55)
                                       Rows Removed by Filter: 293619
                                       Buffers: shared read=8342
                                 ->  Parallel Seq Scan on relation_16 source_16  (cost=0.00..8634.99 rows=24107 width=8) (actual rows=58311 loops=1)
                                       Filter: (quantity > 55)
                                       Rows Removed by Filter: 239671
                                       Buffers: shared read=7083
                                 ->  Parallel Seq Scan on relation_14 source_14  (cost=0.00..7522.33 rows=21781 width=8) (actual rows=52102 loops=1)
                                       Filter: (quantity > 55)
                                       Rows Removed by Filter: 211961
                                       Buffers: shared read=6147
                                 ->  Parallel Seq Scan on relation_10 source_10  (cost=0.00..4816.21 rows=13876 width=8) (actual rows=33090 loops=1)
                                       Filter: (quantity > 55)
                                       Rows Removed by Filter: 135911
                                       Buffers: shared read=3936
                                 ->  Parallel Seq Scan on relation_12 source_12  (cost=0.00..4205.68 rows=11539 width=8) (actual rows=28316 loops=1)
                                       Filter: (quantity > 55)
                                       Rows Removed by Filter: 116582
                                       Buffers: shared read=3451
                                 ->  Parallel Seq Scan on relation_7 source_7  (cost=0.00..4204.45 rows=11220 width=8) (actual rows=27292 loops=1)
                                       Filter: (quantity > 55)
                                       Rows Removed by Filter: 112378
                                       Buffers: shared read=3477
                                 ->  Parallel Seq Scan on relation_18 source_18  (cost=0.00..3764.96 rows=13358 width=8) (actual rows=22945 loops=1)
                                       Filter: (quantity > 55)
                                       Rows Removed by Filter: 94417
                                       Buffers: shared read=2902
                                 ->  Parallel Seq Scan on relation_5 source_5  (cost=0.00..3401.16 rows=12514 width=8) (actual rows=20934 loops=1)
                                       Filter: (quantity > 55)
                                       Rows Removed by Filter: 86256
                                       Buffers: shared read=2613
                                 ->  Parallel Seq Scan on relation_8 source_8  (cost=0.00..3064.29 rows=11394 width=8) (actual rows=19508 loops=1)
                                       Filter: (quantity > 55)
                                       Rows Removed by Filter: 80492
                                       Buffers: shared read=2329
                                 ->  Parallel Seq Scan on relation_2 source_3  (cost=0.00..2543.36 rows=9859 width=8) (actual rows=16832 loops=1)
                                       Filter: (quantity > 55)
                                       Rows Removed by Filter: 69033
                                       Buffers: shared read=1912
                                 ->  Parallel Seq Scan on relation_3 source_20  (cost=0.00..2017.51 rows=7645 width=8) (actual rows=13053 loops=1)
                                       Filter: (quantity > 55)
                                       Rows Removed by Filter: 53656
                                       Buffers: shared read=1527
                                 ->  Parallel Seq Scan on relation_13 source_13  (cost=0.00..1811.06 rows=6862 width=8) (actual rows=11692 loops=1)
                                       Filter: (quantity > 55)
                                       Rows Removed by Filter: 48428
                                       Buffers: shared read=1369
                                 ->  Parallel Seq Scan on relation_1 source_2  (cost=0.00..1738.88 rows=7141 width=8) (actual rows=12019 loops=1)
                                       Filter: (quantity > 55)
                                       Rows Removed by Filter: 49980
                                       Buffers: shared read=1283
                                 ->  Parallel Seq Scan on relation_19 source_19  (cost=0.00..891.60 rows=3244 width=8) (actual rows=5514 loops=1)
                                       Filter: (quantity > 55)
                                       Rows Removed by Filter: 23128
                                       Buffers: shared read=681
                                 ->  Parallel Seq Scan on relation_21 source_22  (cost=0.00..476.29 rows=1724 width=8) (actual rows=2931 loops=1)
                                       Filter: (quantity > 55)
                                       Rows Removed by Filter: 12069
                                       Buffers: shared read=366
                           ->  Parallel Hash  (cost=49490.27..49490.27 rows=77605 width=16) (actual rows=33642 loops=1)
                                 Buckets: 262144  Batches: 1  Memory Usage: 3648kB
                                 Buffers: shared hit=50430 read=18893 written=1
                                 ->  Nested Loop  (cost=489.99..49490.27 rows=77605 width=16) (actual rows=33642 loops=1)
                                       Buffers: shared hit=50430 read=18893 written=1
                                       ->  Hash Join  (cost=489.56..2959.54 rows=10681 width=8) (actual rows=18158 loops=1)
                                             Hash Cond: (source_24.custorder_id = source_23.custorder_id)
                                             Buffers: shared read=1736
                                             ->  Parallel Seq Scan on relation_37 source_24  (cost=0.00..2127.12 rows=47212 width=4) (actual rows=80260 loops=1)
                                                   Buffers: shared read=1655
                                             ->  Hash  (cost=262.58..262.58 rows=18158 width=8) (actual rows=18158 loops=1)
                                                   Buckets: 32768  Batches: 1  Memory Usage: 966kB
                                                   Buffers: shared read=81
                                                   ->  Seq Scan on relation_53 source_23  (cost=0.00..262.58 rows=18158 width=8) (actual rows=18158 loops=1)
                                                         Buffers: shared read=81
                                       ->  Index Only Scan using relation_47_pkey on relation_47 source  (cost=0.44..4.29 rows=7 width=8) (actual rows=2 loops=18158)
                                             Index Cond: (product_id = source_23.product_id)
                                             Heap Fetches: 0
                                             Buffers: shared hit=50430 read=17157 written=1
                     ->  Hash  (cost=1806.57..1806.57 rows=119157 width=4) (actual rows=119157 loops=1)
                           Buckets: 131072  Batches: 1  Memory Usage: 5214kB
                           Buffers: shared read=615
                           ->  Seq Scan on relation_30 source_1  (cost=0.00..1806.57 rows=119157 width=4) (actual rows=119157 loops=1)
                                 Buffers: shared read=615
 Planning:
   Buffers: shared hit=29 read=39 dirtied=3
 Planning Time: 2.986 ms
 JIT:
   Functions: 115
   Options: Inlining true, Optimization true, Expressions true, Deforming true
 Execution Time: 1618.368 ms
(135 rows)

-- Q016 [selection_projection] occurrence 1/1
-- Original E/R: SELECT e.email, e.user_id, e.password_hash, e.renewal_date FROM PrimeCustomer e WHERE e.renewal_date >= '2027-10-14';
EXPLAIN (ANALYZE, BUFFERS, TIMING OFF, SUMMARY ON, FORMAT TEXT)
WITH
"b0" AS (
    SELECT
        "source"."renewal_date" AS "renewal_date",
        "source"."email" AS "email",
        "source"."password_hash" AS "password_hash",
        "source"."primecustomer_id" AS "user_id"
    FROM "relation_24" AS "source"
)
SELECT 
    "b0"."email" AS "email",
    "b0"."user_id" AS "user_id",
    "b0"."password_hash" AS "password_hash",
    "b0"."renewal_date" AS "renewal_date"
FROM "b0"
WHERE ("b0"."renewal_date" >= '2027-10-14');
                                              QUERY PLAN                                              
------------------------------------------------------------------------------------------------------
 Seq Scan on relation_24 source  (cost=0.00..4963.00 rows=10367 width=102) (actual rows=9923 loops=1)
   Filter: ((renewal_date)::text >= '2027-10-14'::text)
   Rows Removed by Filter: 90077
   Buffers: shared read=3713
 Planning:
   Buffers: shared hit=6 read=4 dirtied=3
 Planning Time: 0.076 ms
 Execution Time: 14.756 ms
(8 rows)

-- Q017 [relationship_join] occurrence 1/1
-- Original E/R: SELECT e1.password_hash, e2.status, e2.placed_at FROM customer_orders r JOIN Customer e1 ON ENDPOINT(r, Customer) = REF(e1) JOIN CustOrder e2 ON ENDPOINT(r, CustOrder) = REF(e2) WHERE e1.email <= 'jeffreybentley@example.org';
EXPLAIN (ANALYZE, BUFFERS, TIMING OFF, SUMMARY ON, FORMAT TEXT)
WITH
"b0" AS (
    SELECT
        "source"."customer_orders_customer_id" AS "__endpoint_customer_0",
        "source"."custorder_id" AS "__endpoint_custorder_0"
    FROM "relation_37" AS "source"
    WHERE ("source"."customer_orders_customer_id" IS NOT NULL)
),
"b1" AS (
    SELECT
        "source"."email" AS "email",
        "source"."password_hash" AS "password_hash",
        "source"."customer_id" AS "__reference_0"
    FROM "relation_23" AS "source"
    UNION ALL
    SELECT
        "source"."email" AS "email",
        "source"."password_hash" AS "password_hash",
        "source"."primecustomer_id" AS "__reference_0"
    FROM "relation_24" AS "source"
    UNION ALL
    SELECT
        "source"."email" AS "email",
        "source"."password_hash" AS "password_hash",
        "source"."businesscustomer_id" AS "__reference_0"
    FROM "relation_25" AS "source"
),
"b2" AS (
    SELECT
        "source"."placed_at" AS "placed_at",
        "source"."status" AS "status",
        "source"."custorder_id" AS "__reference_0"
    FROM "relation_37" AS "source"
)
SELECT 
    "b1"."password_hash" AS "password_hash",
    "b2"."status" AS "status",
    "b2"."placed_at" AS "placed_at"
FROM (("b0" INNER JOIN "b1" ON ("b0"."__endpoint_customer_0" = "b1"."__reference_0")) INNER JOIN "b2" ON ("b0"."__endpoint_custorder_0" = "b2"."__reference_0"))
WHERE ("b1"."email" <= 'jeffreybentley@example.org');
                                                         QUERY PLAN                                                          
-----------------------------------------------------------------------------------------------------------------------------
 Hash Join  (cost=6989.19..60919.14 rows=407952 width=85) (actual rows=29891 loops=1)
   Hash Cond: (source_1.customer_id = source.customer_orders_customer_id)
   Buffers: shared hit=5368 read=31199
   ->  Append  (cost=0.00..48294.23 rows=414984 width=69) (actual rows=415641 loops=1)
         Buffers: shared hit=3713 read=29544
         ->  Seq Scan on relation_23 source_1  (cost=0.00..1550.31 rows=14883 width=69) (actual rows=14629 loops=1)
               Filter: ((email)::text <= 'jeffreybentley@example.org'::text)
               Rows Removed by Filter: 22356
               Buffers: shared read=1088
         ->  Seq Scan on relation_24 source_2  (cost=0.00..4963.00 rows=40011 width=69) (actual rows=40140 loops=1)
               Filter: ((email)::text <= 'jeffreybentley@example.org'::text)
               Rows Removed by Filter: 59860
               Buffers: shared hit=3713
         ->  Seq Scan on relation_25 source_3  (cost=0.00..39706.00 rows=360090 width=69) (actual rows=360872 loops=1)
               Filter: ((email)::text <= 'jeffreybentley@example.org'::text)
               Rows Removed by Filter: 539128
               Buffers: shared read=28456
   ->  Hash  (cost=6057.54..6057.54 rows=74532 width=24) (actual rows=74642 loops=1)
         Buckets: 131072  Batches: 1  Memory Usage: 5129kB
         Buffers: shared hit=1655 read=1655
         ->  Hash Join  (cost=3389.25..6057.54 rows=74532 width=24) (actual rows=74642 loops=1)
               Hash Cond: (source_4.custorder_id = source.custorder_id)
               Buffers: shared hit=1655 read=1655
               ->  Seq Scan on relation_37 source_4  (cost=0.00..2457.60 rows=80260 width=24) (actual rows=80260 loops=1)
                     Buffers: shared hit=1654 read=1
               ->  Hash  (cost=2457.60..2457.60 rows=74532 width=8) (actual rows=74642 loops=1)
                     Buckets: 131072  Batches: 1  Memory Usage: 3940kB
                     Buffers: shared hit=1 read=1654
                     ->  Seq Scan on relation_37 source  (cost=0.00..2457.60 rows=74532 width=8) (actual rows=74642 loops=1)
                           Filter: (customer_orders_customer_id IS NOT NULL)
                           Rows Removed by Filter: 5618
                           Buffers: shared hit=1 read=1654
 Planning:
   Buffers: shared hit=15 read=12 dirtied=1
 Planning Time: 0.465 ms
 Execution Time: 153.691 ms
(36 rows)

-- Q018 [complex_multi_join] occurrence 1/1
-- Original E/R: SELECT e1.supplier_id, e2.product_name, e3.sku FROM supplier_products r1 JOIN Supplier e1 ON ENDPOINT(r1, Supplier) = REF(e1) JOIN Product e2 ON ENDPOINT(r1, Product) = REF(e2) JOIN bought_together r2 ON ENDPOINT(r2, product_id) = REF(e2) JOIN Product e3 ON ENDPOINT(r2, bought_together_product_id) = REF(e3) WHERE e2.product_id < 6628845;
EXPLAIN (ANALYZE, BUFFERS, TIMING OFF, SUMMARY ON, FORMAT TEXT)
WITH
"b0" AS (
    SELECT
        "source"."product_id" AS "__endpoint_product_0",
        "source"."supplier_id" AS "__endpoint_supplier_0"
    FROM "relation_55" AS "source"
),
"b1" AS (
    SELECT
        "source"."supplier_id" AS "supplier_id",
        "source"."supplier_id" AS "__reference_0"
    FROM "relation_43" AS "source"
),
"b2" AS (
    SELECT
        "source"."product_id" AS "product_id",
        "source"."product_name" AS "product_name",
        "source"."product_id" AS "__reference_0"
    FROM "relation_1" AS "source"
    UNION ALL
    SELECT
        "source"."physicalproduct_id" AS "product_id",
        "source"."product_name" AS "product_name",
        "source"."physicalproduct_id" AS "__reference_0"
    FROM "relation_2" AS "source"
    UNION ALL
    SELECT
        "source"."electronics_id" AS "product_id",
        "source"."product_name" AS "product_name",
        "source"."electronics_id" AS "__reference_0"
    FROM "relation_4" AS "source"
    UNION ALL
    SELECT
        "source"."computer_id" AS "product_id",
        "source"."product_name" AS "product_name",
        "source"."computer_id" AS "__reference_0"
    FROM "relation_5" AS "source"
    UNION ALL
    SELECT
        "source"."desktop_id" AS "product_id",
        "source"."product_name" AS "product_name",
        "source"."desktop_id" AS "__reference_0"
    FROM "relation_6" AS "source"
    UNION ALL
    SELECT
        "source"."laptop_id" AS "product_id",
        "source"."product_name" AS "product_name",
        "source"."laptop_id" AS "__reference_0"
    FROM "relation_7" AS "source"
    UNION ALL
    SELECT
        "source"."tablet_id" AS "product_id",
        "source"."product_name" AS "product_name",
        "source"."tablet_id" AS "__reference_0"
    FROM "relation_8" AS "source"
    UNION ALL
    SELECT
        "source"."smartwatch_id" AS "product_id",
        "source"."product_name" AS "product_name",
        "source"."smartwatch_id" AS "__reference_0"
    FROM "relation_9" AS "source"
    UNION ALL
    SELECT
        "source"."camera_id" AS "product_id",
        "source"."product_name" AS "product_name",
        "source"."camera_id" AS "__reference_0"
    FROM "relation_10" AS "source"
    UNION ALL
    SELECT
        "source"."phone_id" AS "product_id",
        "source"."product_name" AS "product_name",
        "source"."phone_id" AS "__reference_0"
    FROM "relation_11" AS "source"
    UNION ALL
    SELECT
        "source"."accessory_id" AS "product_id",
        "source"."product_name" AS "product_name",
        "source"."accessory_id" AS "__reference_0"
    FROM "relation_12" AS "source"
    UNION ALL
    SELECT
        "source"."appliance_id" AS "product_id",
        "source"."product_name" AS "product_name",
        "source"."appliance_id" AS "__reference_0"
    FROM "relation_13" AS "source"
    UNION ALL
    SELECT
        "source"."kitchenappliance_id" AS "product_id",
        "source"."product_name" AS "product_name",
        "source"."kitchenappliance_id" AS "__reference_0"
    FROM "relation_14" AS "source"
    UNION ALL
    SELECT
        "source"."apparel_id" AS "product_id",
        "source"."product_name" AS "product_name",
        "source"."apparel_id" AS "__reference_0"
    FROM "relation_15" AS "source"
    UNION ALL
    SELECT
        "source"."clothing_id" AS "product_id",
        "source"."product_name" AS "product_name",
        "source"."clothing_id" AS "__reference_0"
    FROM "relation_16" AS "source"
    UNION ALL
    SELECT
        "source"."menclothing_id" AS "product_id",
        "source"."product_name" AS "product_name",
        "source"."menclothing_id" AS "__reference_0"
    FROM "relation_17" AS "source"
    UNION ALL
    SELECT
        "source"."womenclothing_id" AS "product_id",
        "source"."product_name" AS "product_name",
        "source"."womenclothing_id" AS "__reference_0"
    FROM "relation_18" AS "source"
    UNION ALL
    SELECT
        "source"."footwear_id" AS "product_id",
        "source"."product_name" AS "product_name",
        "source"."footwear_id" AS "__reference_0"
    FROM "relation_19" AS "source"
    UNION ALL
    SELECT
        "source"."digitalproduct_id" AS "product_id",
        "source"."product_name" AS "product_name",
        "source"."digitalproduct_id" AS "__reference_0"
    FROM "relation_3" AS "source"
    UNION ALL
    SELECT
        "source"."media_id" AS "product_id",
        "source"."product_name" AS "product_name",
        "source"."media_id" AS "__reference_0"
    FROM "relation_20" AS "source"
    UNION ALL
    SELECT
        "source"."software_id" AS "product_id",
        "source"."product_name" AS "product_name",
        "source"."software_id" AS "__reference_0"
    FROM "relation_21" AS "source"
),
"b3" AS (
    SELECT
        "source"."bought_together_product_product_id" AS "__endpoint_bought_together_product_id_0",
        "source"."product_id" AS "__endpoint_product_id_0"
    FROM "relation_49" AS "source"
),
"b4" AS (
    SELECT
        "source"."sku" AS "sku",
        "source"."product_id" AS "__reference_0"
    FROM "relation_1" AS "source"
    UNION ALL
    SELECT
        "source"."sku" AS "sku",
        "source"."physicalproduct_id" AS "__reference_0"
    FROM "relation_2" AS "source"
    UNION ALL
    SELECT
        "source"."sku" AS "sku",
        "source"."electronics_id" AS "__reference_0"
    FROM "relation_4" AS "source"
    UNION ALL
    SELECT
        "source"."sku" AS "sku",
        "source"."computer_id" AS "__reference_0"
    FROM "relation_5" AS "source"
    UNION ALL
    SELECT
        "source"."sku" AS "sku",
        "source"."desktop_id" AS "__reference_0"
    FROM "relation_6" AS "source"
    UNION ALL
    SELECT
        "source"."sku" AS "sku",
        "source"."laptop_id" AS "__reference_0"
    FROM "relation_7" AS "source"
    UNION ALL
    SELECT
        "source"."sku" AS "sku",
        "source"."tablet_id" AS "__reference_0"
    FROM "relation_8" AS "source"
    UNION ALL
    SELECT
        "source"."sku" AS "sku",
        "source"."smartwatch_id" AS "__reference_0"
    FROM "relation_9" AS "source"
    UNION ALL
    SELECT
        "source"."sku" AS "sku",
        "source"."camera_id" AS "__reference_0"
    FROM "relation_10" AS "source"
    UNION ALL
    SELECT
        "source"."sku" AS "sku",
        "source"."phone_id" AS "__reference_0"
    FROM "relation_11" AS "source"
    UNION ALL
    SELECT
        "source"."sku" AS "sku",
        "source"."accessory_id" AS "__reference_0"
    FROM "relation_12" AS "source"
    UNION ALL
    SELECT
        "source"."sku" AS "sku",
        "source"."appliance_id" AS "__reference_0"
    FROM "relation_13" AS "source"
    UNION ALL
    SELECT
        "source"."sku" AS "sku",
        "source"."kitchenappliance_id" AS "__reference_0"
    FROM "relation_14" AS "source"
    UNION ALL
    SELECT
        "source"."sku" AS "sku",
        "source"."apparel_id" AS "__reference_0"
    FROM "relation_15" AS "source"
    UNION ALL
    SELECT
        "source"."sku" AS "sku",
        "source"."clothing_id" AS "__reference_0"
    FROM "relation_16" AS "source"
    UNION ALL
    SELECT
        "source"."sku" AS "sku",
        "source"."menclothing_id" AS "__reference_0"
    FROM "relation_17" AS "source"
    UNION ALL
    SELECT
        "source"."sku" AS "sku",
        "source"."womenclothing_id" AS "__reference_0"
    FROM "relation_18" AS "source"
    UNION ALL
    SELECT
        "source"."sku" AS "sku",
        "source"."footwear_id" AS "__reference_0"
    FROM "relation_19" AS "source"
    UNION ALL
    SELECT
        "source"."sku" AS "sku",
        "source"."digitalproduct_id" AS "__reference_0"
    FROM "relation_3" AS "source"
    UNION ALL
    SELECT
        "source"."sku" AS "sku",
        "source"."media_id" AS "__reference_0"
    FROM "relation_20" AS "source"
    UNION ALL
    SELECT
        "source"."sku" AS "sku",
        "source"."software_id" AS "__reference_0"
    FROM "relation_21" AS "source"
)
SELECT 
    "b1"."supplier_id" AS "supplier_id",
    "b2"."product_name" AS "product_name",
    "b4"."sku" AS "sku"
FROM (((("b0" INNER JOIN "b1" ON ("b0"."__endpoint_supplier_0" = "b1"."__reference_0")) INNER JOIN "b2" ON ("b0"."__endpoint_product_0" = "b2"."__reference_0")) INNER JOIN "b3" ON ("b3"."__endpoint_product_id_0" = "b2"."__reference_0")) INNER JOIN "b4" ON ("b3"."__endpoint_bought_together_product_id_0" = "b4"."__reference_0"))
WHERE ("b2"."product_id" < 6628845);
                                                                                       QUERY PLAN                                                                                        
-----------------------------------------------------------------------------------------------------------------------------------------------------------------------------------------
 Hash Join  (cost=614324.57..1411966.03 rows=37305008 width=56) (actual rows=15045 loops=1)
   Hash Cond: (source_2.product_id = source.product_id)
   Buffers: shared hit=99860 read=635655 written=9
   ->  Append  (cost=0.00..358251.66 rows=6633945 width=38) (actual rows=6628844 loops=1)
         Buffers: shared hit=32 read=209756
         ->  Seq Scan on relation_1 source_2  (cost=0.00..2057.99 rows=61999 width=38) (actual rows=61999 loops=1)
               Filter: (product_id < 6628845)
               Buffers: shared read=1283
         ->  Seq Scan on relation_2 source_3  (cost=0.00..2985.31 rows=85865 width=38) (actual rows=85865 loops=1)
               Filter: (physicalproduct_id < 6628845)
               Buffers: shared read=1912
         ->  Seq Scan on relation_4 source_4  (cost=0.00..317562.76 rows=6419355 width=38) (actual rows=6414271 loops=1)
               Filter: (electronics_id < 6628845)
               Rows Removed by Filter: 2589774
               Buffers: shared hit=32 read=204990
         ->  Index Scan using relation_5_pkey on relation_5 source_5  (cost=0.29..7.71 rows=1 width=38) (actual rows=0 loops=1)
               Index Cond: (computer_id < 6628845)
               Buffers: shared read=2
         ->  Index Scan using relation_6_pkey on relation_6 source_6  (cost=0.43..8.44 rows=1 width=38) (actual rows=0 loops=1)
               Index Cond: (desktop_id < 6628845)
               Buffers: shared read=3
         ->  Index Scan using relation_7_pkey on relation_7 source_7  (cost=0.42..7.76 rows=1 width=38) (actual rows=0 loops=1)
               Index Cond: (laptop_id < 6628845)
               Buffers: shared read=3
         ->  Index Scan using relation_8_pkey on relation_8 source_8  (cost=0.29..4.90 rows=1 width=38) (actual rows=0 loops=1)
               Index Cond: (tablet_id < 6628845)
               Buffers: shared read=2
         ->  Index Scan using relation_9_pkey on relation_9 source_9  (cost=0.42..8.40 rows=1 width=38) (actual rows=0 loops=1)
               Index Cond: (smartwatch_id < 6628845)
               Buffers: shared read=3
         ->  Index Scan using relation_10_pkey on relation_10 source_10  (cost=0.42..5.02 rows=1 width=38) (actual rows=0 loops=1)
               Index Cond: (camera_id < 6628845)
               Buffers: shared read=3
         ->  Index Scan using relation_11_pkey on relation_11 source_11  (cost=0.42..6.46 rows=1 width=38) (actual rows=0 loops=1)
               Index Cond: (phone_id < 6628845)
               Buffers: shared read=3
         ->  Index Scan using relation_12_pkey on relation_12 source_12  (cost=0.29..4.88 rows=1 width=38) (actual rows=0 loops=1)
               Index Cond: (accessory_id < 6628845)
               Buffers: shared read=2
         ->  Index Scan using relation_13_pkey on relation_13 source_13  (cost=0.29..6.46 rows=1 width=38) (actual rows=0 loops=1)
               Index Cond: (appliance_id < 6628845)
               Buffers: shared read=2
         ->  Index Scan using relation_14_pkey on relation_14 source_14  (cost=0.42..7.10 rows=1 width=38) (actual rows=0 loops=1)
               Index Cond: (kitchenappliance_id < 6628845)
               Buffers: shared read=3
         ->  Index Scan using relation_15_pkey on relation_15 source_15  (cost=0.42..8.02 rows=1 width=38) (actual rows=0 loops=1)
               Index Cond: (apparel_id < 6628845)
               Buffers: shared read=3
         ->  Index Scan using relation_16_pkey on relation_16 source_16  (cost=0.42..8.44 rows=1 width=38) (actual rows=0 loops=1)
               Index Cond: (clothing_id < 6628845)
               Buffers: shared read=3
         ->  Index Scan using relation_17_pkey on relation_17 source_17  (cost=0.43..8.26 rows=1 width=38) (actual rows=0 loops=1)
               Index Cond: (menclothing_id < 6628845)
               Buffers: shared read=3
         ->  Index Scan using relation_18_pkey on relation_18 source_18  (cost=0.29..4.93 rows=1 width=38) (actual rows=0 loops=1)
               Index Cond: (womenclothing_id < 6628845)
               Buffers: shared read=2
         ->  Index Scan using relation_19_pkey on relation_19 source_19  (cost=0.29..4.88 rows=1 width=38) (actual rows=0 loops=1)
               Index Cond: (footwear_id < 6628845)
               Buffers: shared read=2
         ->  Seq Scan on relation_3 source_20  (cost=0.00..2360.86 rows=66709 width=38) (actual rows=66709 loops=1)
               Filter: (digitalproduct_id < 6628845)
               Buffers: shared read=1527
         ->  Index Scan using relation_20_pkey on relation_20 source_21  (cost=0.43..8.43 rows=1 width=38) (actual rows=0 loops=1)
               Index Cond: (media_id < 6628845)
               Buffers: shared read=3
         ->  Index Scan using relation_21_pkey on relation_21 source_22  (cost=0.29..4.92 rows=1 width=38) (actual rows=0 loops=1)
               Index Cond: (software_id < 6628845)
               Buffers: shared read=2
   ->  Hash  (cost=611609.33..611609.33 rows=217219 width=30) (actual rows=37580 loops=1)
         Buckets: 262144  Batches: 1  Memory Usage: 4324kB
         Buffers: shared hit=99828 read=425899 written=9
         ->  Gather  (cost=62612.14..611609.33 rows=217219 width=30) (actual rows=37580 loops=1)
               Workers Planned: 2
               Workers Launched: 0
               Buffers: shared hit=99828 read=425899 written=9
               ->  Parallel Hash Join  (cost=61612.14..588887.43 rows=90508 width=30) (actual rows=37580 loops=1)
                     Hash Cond: (source_26.electronics_id = source_23.bought_together_product_product_id)
                     Buffers: shared hit=99828 read=425899 written=9
                     ->  Parallel Append  (cost=0.00..500654.34 rows=6998356 width=22) (actual rows=16796782 loops=1)
                           Buffers: shared hit=1 read=394575 written=1
                           ->  Parallel Seq Scan on relation_4 source_26  (cost=0.00..242535.59 rows=3751359 width=22) (actual rows=9004045 loops=1)
                                 Buffers: shared read=205022
                           ->  Parallel Seq Scan on relation_6 source_28  (cost=0.00..55929.83 rows=782483 width=22) (actual rows=1877778 loops=1)
                                 Buffers: shared read=48105
                           ->  Parallel Seq Scan on relation_17 source_39  (cost=0.00..48862.15 rows=704115 width=22) (actual rows=1690000 loops=1)
                                 Buffers: shared read=41821
                           ->  Parallel Seq Scan on relation_20 source_43  (cost=0.00..29326.04 rows=440104 width=22) (actual rows=1056250 loops=1)
                                 Buffers: shared read=24925
                           ->  Parallel Seq Scan on relation_11 source_33  (cost=0.00..19165.67 rows=281667 width=22) (actual rows=676001 loops=1)
                                 Buffers: shared read=16349
                           ->  Parallel Seq Scan on relation_9 source_31  (cost=0.00..12892.02 rows=195602 width=22) (actual rows=469445 loops=1)
                                 Buffers: shared read=10936
                           ->  Parallel Seq Scan on relation_15 source_37  (cost=0.00..9861.84 rows=151984 width=22) (actual rows=364762 loops=1)
                                 Buffers: shared read=8342
                           ->  Parallel Seq Scan on relation_16 source_38  (cost=0.00..8324.59 rows=124159 width=22) (actual rows=297982 loops=1)
                                 Buffers: shared read=7083
                           ->  Parallel Seq Scan on relation_14 source_36  (cost=0.00..7247.26 rows=110026 width=22) (actual rows=264063 loops=1)
                                 Buffers: shared read=6147
                           ->  Parallel Seq Scan on relation_10 source_32  (cost=0.00..4640.17 rows=70417 width=22) (actual rows=169001 loops=1)
                                 Buffers: shared read=3936
                           ->  Parallel Seq Scan on relation_7 source_29  (cost=0.00..4058.96 rows=58196 width=22) (actual rows=139670 loops=1)
                                 Buffers: shared read=3477
                           ->  Parallel Seq Scan on relation_12 source_34  (cost=0.00..4054.74 rows=60374 width=22) (actual rows=144898 loops=1)
                                 Buffers: shared read=3451
                           ->  Parallel Seq Scan on relation_18 source_40  (cost=0.00..3592.36 rows=69036 width=22) (actual rows=117362 loops=1)
                                 Buffers: shared read=2902
                           ->  Parallel Seq Scan on relation_5 source_27  (cost=0.00..3243.53 rows=63053 width=22) (actual rows=107190 loops=1)
                                 Buffers: shared read=2613
                           ->  Parallel Seq Scan on relation_8 source_30  (cost=0.00..2917.24 rows=58824 width=22) (actual rows=100000 loops=1)
                                 Buffers: shared read=2329
                           ->  Parallel Seq Scan on relation_2 source_25  (cost=0.00..2417.09 rows=50509 width=22) (actual rows=85865 loops=1)
                                 Buffers: shared read=1912
                           ->  Parallel Seq Scan on relation_3 source_42  (cost=0.00..1919.41 rows=39241 width=22) (actual rows=66709 loops=1)
                                 Buffers: shared read=1527 written=1
                           ->  Parallel Seq Scan on relation_13 source_35  (cost=0.00..1722.65 rows=35365 width=22) (actual rows=60120 loops=1)
                                 Buffers: shared read=1369
                           ->  Parallel Seq Scan on relation_1 source_24  (cost=0.00..1647.70 rows=36470 width=22) (actual rows=61999 loops=1)
                                 Buffers: shared hit=1 read=1282
                           ->  Parallel Seq Scan on relation_19 source_41  (cost=0.00..849.48 rows=16848 width=22) (actual rows=28642 loops=1)
                                 Buffers: shared read=681
                           ->  Parallel Seq Scan on relation_21 source_44  (cost=0.00..454.24 rows=8824 width=22) (actual rows=15000 loops=1)
                                 Buffers: shared read=366
                     ->  Parallel Hash  (cost=61102.55..61102.55 rows=40767 width=16) (actual rows=37580 loops=1)
                           Buckets: 131072  Batches: 1  Memory Usage: 2816kB
                           Buffers: shared hit=99827 read=31324 written=8
                           ->  Nested Loop  (cost=1043.09..61102.55 rows=40767 width=16) (actual rows=37580 loops=1)
                                 Buffers: shared hit=99827 read=31324 written=8
                                 ->  Hash Join  (cost=1042.66..3709.56 rows=16118 width=8) (actual rows=38683 loops=1)
                                       Hash Cond: (source_1.supplier_id = source.supplier_id)
                                       Buffers: shared hit=3 read=515
                                       ->  Parallel Index Only Scan using relation_43_pkey on relation_43 source_1  (cost=0.29..2342.66 rows=43562 width=4) (actual rows=104549 loops=1)
                                             Heap Fetches: 0
                                             Buffers: shared hit=3 read=343
                                       ->  Hash  (cost=558.83..558.83 rows=38683 width=8) (actual rows=38683 loops=1)
                                             Buckets: 65536  Batches: 1  Memory Usage: 2024kB
                                             Buffers: shared read=172
                                             ->  Seq Scan on relation_55 source  (cost=0.00..558.83 rows=38683 width=8) (actual rows=38683 loops=1)
                                                   Buffers: shared read=172
                                 ->  Index Only Scan using relation_49_pkey on relation_49 source_23  (cost=0.43..3.53 rows=3 width=8) (actual rows=1 loops=38683)
                                       Index Cond: (product_id = source.product_id)
                                       Heap Fetches: 0
                                       Buffers: shared hit=99824 read=30809 written=8
 Planning:
   Buffers: shared hit=84 read=121 dirtied=6
 Planning Time: 48.526 ms
 JIT:
   Functions: 148
   Options: Inlining true, Optimization true, Expressions true, Deforming true
 Execution Time: 2881.601 ms
(150 rows)

-- Q019 [complex_multi_join] occurrence 1/1
-- Original E/R: SELECT e2.base_price, COUNT(DISTINCT REF(e3)) AS related_count FROM bundle_components r1 JOIN Product e1 ON ENDPOINT(r1, bundle_product_id) = REF(e1) JOIN Product e2 ON ENDPOINT(r1, product_id) = REF(e2) JOIN bought_together r2 ON ENDPOINT(r2, product_id) = REF(e2) JOIN Product e3 ON ENDPOINT(r2, bought_together_product_id) = REF(e3) WHERE e3.sku < 'SKU-PTjD-46248744' GROUP BY REF(e2), e2.base_price HAVING COUNT(DISTINCT REF(e3)) >= 2;
EXPLAIN (ANALYZE, BUFFERS, TIMING OFF, SUMMARY ON, FORMAT TEXT)
WITH
"b0" AS (
    SELECT
        "source"."bundle_product_product_id" AS "__endpoint_bundle_product_id_0",
        "source"."product_id" AS "__endpoint_product_id_0"
    FROM "relation_48" AS "source"
),
"b1" AS (
    SELECT
        "source"."product_id" AS "__reference_0"
    FROM "relation_1" AS "source"
    UNION ALL
    SELECT
        "source"."physicalproduct_id" AS "__reference_0"
    FROM "relation_2" AS "source"
    UNION ALL
    SELECT
        "source"."electronics_id" AS "__reference_0"
    FROM "relation_4" AS "source"
    UNION ALL
    SELECT
        "source"."computer_id" AS "__reference_0"
    FROM "relation_5" AS "source"
    UNION ALL
    SELECT
        "source"."desktop_id" AS "__reference_0"
    FROM "relation_6" AS "source"
    UNION ALL
    SELECT
        "source"."laptop_id" AS "__reference_0"
    FROM "relation_7" AS "source"
    UNION ALL
    SELECT
        "source"."tablet_id" AS "__reference_0"
    FROM "relation_8" AS "source"
    UNION ALL
    SELECT
        "source"."smartwatch_id" AS "__reference_0"
    FROM "relation_9" AS "source"
    UNION ALL
    SELECT
        "source"."camera_id" AS "__reference_0"
    FROM "relation_10" AS "source"
    UNION ALL
    SELECT
        "source"."phone_id" AS "__reference_0"
    FROM "relation_11" AS "source"
    UNION ALL
    SELECT
        "source"."accessory_id" AS "__reference_0"
    FROM "relation_12" AS "source"
    UNION ALL
    SELECT
        "source"."appliance_id" AS "__reference_0"
    FROM "relation_13" AS "source"
    UNION ALL
    SELECT
        "source"."kitchenappliance_id" AS "__reference_0"
    FROM "relation_14" AS "source"
    UNION ALL
    SELECT
        "source"."apparel_id" AS "__reference_0"
    FROM "relation_15" AS "source"
    UNION ALL
    SELECT
        "source"."clothing_id" AS "__reference_0"
    FROM "relation_16" AS "source"
    UNION ALL
    SELECT
        "source"."menclothing_id" AS "__reference_0"
    FROM "relation_17" AS "source"
    UNION ALL
    SELECT
        "source"."womenclothing_id" AS "__reference_0"
    FROM "relation_18" AS "source"
    UNION ALL
    SELECT
        "source"."footwear_id" AS "__reference_0"
    FROM "relation_19" AS "source"
    UNION ALL
    SELECT
        "source"."digitalproduct_id" AS "__reference_0"
    FROM "relation_3" AS "source"
    UNION ALL
    SELECT
        "source"."media_id" AS "__reference_0"
    FROM "relation_20" AS "source"
    UNION ALL
    SELECT
        "source"."software_id" AS "__reference_0"
    FROM "relation_21" AS "source"
),
"b2" AS (
    SELECT
        "source"."base_price" AS "base_price",
        "source"."product_id" AS "__reference_0"
    FROM "relation_1" AS "source"
    UNION ALL
    SELECT
        "source"."base_price" AS "base_price",
        "source"."physicalproduct_id" AS "__reference_0"
    FROM "relation_2" AS "source"
    UNION ALL
    SELECT
        "source"."base_price" AS "base_price",
        "source"."electronics_id" AS "__reference_0"
    FROM "relation_4" AS "source"
    UNION ALL
    SELECT
        "source"."base_price" AS "base_price",
        "source"."computer_id" AS "__reference_0"
    FROM "relation_5" AS "source"
    UNION ALL
    SELECT
        "source"."base_price" AS "base_price",
        "source"."desktop_id" AS "__reference_0"
    FROM "relation_6" AS "source"
    UNION ALL
    SELECT
        "source"."base_price" AS "base_price",
        "source"."laptop_id" AS "__reference_0"
    FROM "relation_7" AS "source"
    UNION ALL
    SELECT
        "source"."base_price" AS "base_price",
        "source"."tablet_id" AS "__reference_0"
    FROM "relation_8" AS "source"
    UNION ALL
    SELECT
        "source"."base_price" AS "base_price",
        "source"."smartwatch_id" AS "__reference_0"
    FROM "relation_9" AS "source"
    UNION ALL
    SELECT
        "source"."base_price" AS "base_price",
        "source"."camera_id" AS "__reference_0"
    FROM "relation_10" AS "source"
    UNION ALL
    SELECT
        "source"."base_price" AS "base_price",
        "source"."phone_id" AS "__reference_0"
    FROM "relation_11" AS "source"
    UNION ALL
    SELECT
        "source"."base_price" AS "base_price",
        "source"."accessory_id" AS "__reference_0"
    FROM "relation_12" AS "source"
    UNION ALL
    SELECT
        "source"."base_price" AS "base_price",
        "source"."appliance_id" AS "__reference_0"
    FROM "relation_13" AS "source"
    UNION ALL
    SELECT
        "source"."base_price" AS "base_price",
        "source"."kitchenappliance_id" AS "__reference_0"
    FROM "relation_14" AS "source"
    UNION ALL
    SELECT
        "source"."base_price" AS "base_price",
        "source"."apparel_id" AS "__reference_0"
    FROM "relation_15" AS "source"
    UNION ALL
    SELECT
        "source"."base_price" AS "base_price",
        "source"."clothing_id" AS "__reference_0"
    FROM "relation_16" AS "source"
    UNION ALL
    SELECT
        "source"."base_price" AS "base_price",
        "source"."menclothing_id" AS "__reference_0"
    FROM "relation_17" AS "source"
    UNION ALL
    SELECT
        "source"."base_price" AS "base_price",
        "source"."womenclothing_id" AS "__reference_0"
    FROM "relation_18" AS "source"
    UNION ALL
    SELECT
        "source"."base_price" AS "base_price",
        "source"."footwear_id" AS "__reference_0"
    FROM "relation_19" AS "source"
    UNION ALL
    SELECT
        "source"."base_price" AS "base_price",
        "source"."digitalproduct_id" AS "__reference_0"
    FROM "relation_3" AS "source"
    UNION ALL
    SELECT
        "source"."base_price" AS "base_price",
        "source"."media_id" AS "__reference_0"
    FROM "relation_20" AS "source"
    UNION ALL
    SELECT
        "source"."base_price" AS "base_price",
        "source"."software_id" AS "__reference_0"
    FROM "relation_21" AS "source"
),
"b3" AS (
    SELECT
        "source"."bought_together_product_product_id" AS "__endpoint_bought_together_product_id_0",
        "source"."product_id" AS "__endpoint_product_id_0"
    FROM "relation_49" AS "source"
),
"b4" AS (
    SELECT
        "source"."sku" AS "sku",
        "source"."product_id" AS "__reference_0"
    FROM "relation_1" AS "source"
    UNION ALL
    SELECT
        "source"."sku" AS "sku",
        "source"."physicalproduct_id" AS "__reference_0"
    FROM "relation_2" AS "source"
    UNION ALL
    SELECT
        "source"."sku" AS "sku",
        "source"."electronics_id" AS "__reference_0"
    FROM "relation_4" AS "source"
    UNION ALL
    SELECT
        "source"."sku" AS "sku",
        "source"."computer_id" AS "__reference_0"
    FROM "relation_5" AS "source"
    UNION ALL
    SELECT
        "source"."sku" AS "sku",
        "source"."desktop_id" AS "__reference_0"
    FROM "relation_6" AS "source"
    UNION ALL
    SELECT
        "source"."sku" AS "sku",
        "source"."laptop_id" AS "__reference_0"
    FROM "relation_7" AS "source"
    UNION ALL
    SELECT
        "source"."sku" AS "sku",
        "source"."tablet_id" AS "__reference_0"
    FROM "relation_8" AS "source"
    UNION ALL
    SELECT
        "source"."sku" AS "sku",
        "source"."smartwatch_id" AS "__reference_0"
    FROM "relation_9" AS "source"
    UNION ALL
    SELECT
        "source"."sku" AS "sku",
        "source"."camera_id" AS "__reference_0"
    FROM "relation_10" AS "source"
    UNION ALL
    SELECT
        "source"."sku" AS "sku",
        "source"."phone_id" AS "__reference_0"
    FROM "relation_11" AS "source"
    UNION ALL
    SELECT
        "source"."sku" AS "sku",
        "source"."accessory_id" AS "__reference_0"
    FROM "relation_12" AS "source"
    UNION ALL
    SELECT
        "source"."sku" AS "sku",
        "source"."appliance_id" AS "__reference_0"
    FROM "relation_13" AS "source"
    UNION ALL
    SELECT
        "source"."sku" AS "sku",
        "source"."kitchenappliance_id" AS "__reference_0"
    FROM "relation_14" AS "source"
    UNION ALL
    SELECT
        "source"."sku" AS "sku",
        "source"."apparel_id" AS "__reference_0"
    FROM "relation_15" AS "source"
    UNION ALL
    SELECT
        "source"."sku" AS "sku",
        "source"."clothing_id" AS "__reference_0"
    FROM "relation_16" AS "source"
    UNION ALL
    SELECT
        "source"."sku" AS "sku",
        "source"."menclothing_id" AS "__reference_0"
    FROM "relation_17" AS "source"
    UNION ALL
    SELECT
        "source"."sku" AS "sku",
        "source"."womenclothing_id" AS "__reference_0"
    FROM "relation_18" AS "source"
    UNION ALL
    SELECT
        "source"."sku" AS "sku",
        "source"."footwear_id" AS "__reference_0"
    FROM "relation_19" AS "source"
    UNION ALL
    SELECT
        "source"."sku" AS "sku",
        "source"."digitalproduct_id" AS "__reference_0"
    FROM "relation_3" AS "source"
    UNION ALL
    SELECT
        "source"."sku" AS "sku",
        "source"."media_id" AS "__reference_0"
    FROM "relation_20" AS "source"
    UNION ALL
    SELECT
        "source"."sku" AS "sku",
        "source"."software_id" AS "__reference_0"
    FROM "relation_21" AS "source"
)
SELECT 
    "b2"."base_price" AS "base_price",
    COUNT(DISTINCT "b4"."__reference_0") AS "related_count"
FROM (((("b0" INNER JOIN "b1" ON ("b0"."__endpoint_bundle_product_id_0" = "b1"."__reference_0")) INNER JOIN "b2" ON ("b0"."__endpoint_product_id_0" = "b2"."__reference_0")) INNER JOIN "b3" ON ("b3"."__endpoint_product_id_0" = "b2"."__reference_0")) INNER JOIN "b4" ON ("b3"."__endpoint_bought_together_product_id_0" = "b4"."__reference_0"))
WHERE ("b4"."sku" < 'SKU-PTjD-46248744')
GROUP BY
    "b2"."__reference_0",
    "b2"."base_price"
HAVING (COUNT(DISTINCT "b4"."__reference_0") >= 2);
                                                                                         QUERY PLAN                                                                                          
---------------------------------------------------------------------------------------------------------------------------------------------------------------------------------------------
 GroupAggregate  (cost=6859871.17..23905669.23 rows=13333 width=16) (actual rows=401182 loops=1)
   Group Key: source_24.electronics_id, source_24.base_price
   Filter: (count(DISTINCT source_46.electronics_id) >= 2)
   Rows Removed by Filter: 1182574
   Buffers: shared hit=205247 read=1126052, temp read=204493 written=204567
   ->  Merge Join  (cost=6859871.17..21285702.38 rows=349262247 width=12) (actual rows=1984938 loops=1)
         Merge Cond: (source_24.electronics_id = source.product_id)
         Buffers: shared hit=205247 read=1126052, temp read=204493 written=204567
         ->  Gather Merge  (cost=5163183.12..11814548.46 rows=57109697 width=16) (actual rows=9917468 loops=1)
               Workers Planned: 2
               Workers Launched: 0
               Buffers: shared hit=4722 read=856958, temp read=199561 written=199634
               ->  Sort  (cost=5162183.10..5221672.37 rows=23795707 width=16) (actual rows=9917468 loops=1)
                     Sort Key: source_24.electronics_id, source_24.base_price, source_46.electronics_id
                     Sort Method: external merge  Disk: 252360kB
                     Buffers: shared hit=4722 read=856958, temp read=199561 written=199634
                     ->  Parallel Hash Join  (cost=1053504.02..1840044.52 rows=23795707 width=16) (actual rows=9917468 loops=1)
                           Hash Cond: (source_24.electronics_id = source_43.product_id)
                           Buffers: shared hit=4722 read=856958, temp read=168016 written=168080
                           ->  Parallel Append  (cost=0.00..500654.34 rows=6998356 width=8) (actual rows=16796782 loops=1)
                                 Buffers: shared read=394576
                                 ->  Parallel Seq Scan on relation_4 source_24  (cost=0.00..242535.59 rows=3751359 width=8) (actual rows=9004045 loops=1)
                                       Buffers: shared read=205022
                                 ->  Parallel Seq Scan on relation_6 source_26  (cost=0.00..55929.83 rows=782483 width=8) (actual rows=1877778 loops=1)
                                       Buffers: shared read=48105
                                 ->  Parallel Seq Scan on relation_17 source_37  (cost=0.00..48862.15 rows=704115 width=8) (actual rows=1690000 loops=1)
                                       Buffers: shared read=41821
                                 ->  Parallel Seq Scan on relation_20 source_41  (cost=0.00..29326.04 rows=440104 width=8) (actual rows=1056250 loops=1)
                                       Buffers: shared read=24925
                                 ->  Parallel Seq Scan on relation_11 source_31  (cost=0.00..19165.67 rows=281667 width=8) (actual rows=676001 loops=1)
                                       Buffers: shared read=16349
                                 ->  Parallel Seq Scan on relation_9 source_29  (cost=0.00..12892.02 rows=195602 width=8) (actual rows=469445 loops=1)
                                       Buffers: shared read=10936
                                 ->  Parallel Seq Scan on relation_15 source_35  (cost=0.00..9861.84 rows=151984 width=8) (actual rows=364762 loops=1)
                                       Buffers: shared read=8342
                                 ->  Parallel Seq Scan on relation_16 source_36  (cost=0.00..8324.59 rows=124159 width=8) (actual rows=297982 loops=1)
                                       Buffers: shared read=7083
                                 ->  Parallel Seq Scan on relation_14 source_34  (cost=0.00..7247.26 rows=110026 width=8) (actual rows=264063 loops=1)
                                       Buffers: shared read=6147
                                 ->  Parallel Seq Scan on relation_10 source_30  (cost=0.00..4640.17 rows=70417 width=8) (actual rows=169001 loops=1)
                                       Buffers: shared read=3936
                                 ->  Parallel Seq Scan on relation_7 source_27  (cost=0.00..4058.96 rows=58196 width=8) (actual rows=139670 loops=1)
                                       Buffers: shared read=3477
                                 ->  Parallel Seq Scan on relation_12 source_32  (cost=0.00..4054.74 rows=60374 width=8) (actual rows=144898 loops=1)
                                       Buffers: shared read=3451
                                 ->  Parallel Seq Scan on relation_18 source_38  (cost=0.00..3592.36 rows=69036 width=8) (actual rows=117362 loops=1)
                                       Buffers: shared read=2902
                                 ->  Parallel Seq Scan on relation_5 source_25  (cost=0.00..3243.53 rows=63053 width=8) (actual rows=107190 loops=1)
                                       Buffers: shared read=2613
                                 ->  Parallel Seq Scan on relation_8 source_28  (cost=0.00..2917.24 rows=58824 width=8) (actual rows=100000 loops=1)
                                       Buffers: shared read=2329
                                 ->  Parallel Seq Scan on relation_2 source_23  (cost=0.00..2417.09 rows=50509 width=8) (actual rows=85865 loops=1)
                                       Buffers: shared read=1912
                                 ->  Parallel Seq Scan on relation_3 source_40  (cost=0.00..1919.41 rows=39241 width=8) (actual rows=66709 loops=1)
                                       Buffers: shared read=1527
                                 ->  Parallel Seq Scan on relation_13 source_33  (cost=0.00..1722.65 rows=35365 width=8) (actual rows=60120 loops=1)
                                       Buffers: shared read=1369
                                 ->  Parallel Seq Scan on relation_1 source_22  (cost=0.00..1647.70 rows=36470 width=8) (actual rows=61999 loops=1)
                                       Buffers: shared read=1283
                                 ->  Parallel Seq Scan on relation_19 source_39  (cost=0.00..849.48 rows=16848 width=8) (actual rows=28642 loops=1)
                                       Buffers: shared read=681
                                 ->  Parallel Seq Scan on relation_21 source_42  (cost=0.00..454.24 rows=8824 width=8) (actual rows=15000 loops=1)
                                       Buffers: shared read=366
                           ->  Parallel Hash  (cost=903001.74..903001.74 rows=9173462 width=8) (actual rows=9917468 loops=1)
                                 Buckets: 4194304  Batches: 16  Memory Usage: 57120kB
                                 Buffers: shared hit=4722 read=462382, temp read=78796 written=110624
                                 ->  Parallel Hash Join  (cost=252719.52..903001.74 rows=9173462 width=8) (actual rows=9917468 loops=1)
                                       Hash Cond: (source_46.electronics_id = source_43.bought_together_product_product_id)
                                       Buffers: shared hit=4722 read=462382, temp read=78796 written=78816
                                       ->  Parallel Append  (cost=0.00..504622.27 rows=4237615 width=4) (actual rows=10172736 loops=1)
                                             Buffers: shared hit=4722 read=389854
                                             ->  Parallel Seq Scan on relation_4 source_46  (cost=0.00..251913.98 rows=2269768 width=4) (actual rows=5453451 loops=1)
                                                   Filter: ((sku)::text < 'SKU-PTjD-46248744'::text)
                                                   Rows Removed by Filter: 3550594
                                                   Buffers: shared read=205022
                                             ->  Parallel Seq Scan on relation_6 source_48  (cost=0.00..57886.04 rows=476738 width=4) (actual rows=1137004 loops=1)
                                                   Filter: ((sku)::text < 'SKU-PTjD-46248744'::text)
                                                   Rows Removed by Filter: 740774
                                                   Buffers: shared read=48105
                                             ->  Parallel Seq Scan on relation_17 source_59  (cost=0.00..50622.44 rows=426154 width=4) (actual rows=1023612 loops=1)
                                                   Filter: ((sku)::text < 'SKU-PTjD-46248744'::text)
                                                   Rows Removed by Filter: 666388
                                                   Buffers: shared read=41821
                                             ->  Parallel Seq Scan on relation_20 source_63  (cost=0.00..30426.30 rows=264062 width=4) (actual rows=639221 loops=1)
                                                   Filter: ((sku)::text < 'SKU-PTjD-46248744'::text)
                                                   Rows Removed by Filter: 417029
                                                   Buffers: shared read=24925
                                             ->  Parallel Seq Scan on relation_11 source_53  (cost=0.00..19869.84 rows=170402 width=4) (actual rows=409369 loops=1)
                                                   Filter: ((sku)::text < 'SKU-PTjD-46248744'::text)
                                                   Rows Removed by Filter: 266632
                                                   Buffers: shared read=16349
                                             ->  Parallel Seq Scan on relation_9 source_51  (cost=0.00..13381.03 rows=118385 width=4) (actual rows=284267 loops=1)
                                                   Filter: ((sku)::text < 'SKU-PTjD-46248744'::text)
                                                   Rows Removed by Filter: 185178
                                                   Buffers: shared read=10936
                                             ->  Parallel Seq Scan on relation_15 source_57  (cost=0.00..10241.80 rows=92710 width=4) (actual rows=220889 loops=1)
                                                   Filter: ((sku)::text < 'SKU-PTjD-46248744'::text)
                                                   Rows Removed by Filter: 143873
                                                   Buffers: shared read=8342
                                             ->  Parallel Seq Scan on relation_16 source_58  (cost=0.00..8634.99 rows=75100 width=4) (actual rows=179845 loops=1)
                                                   Filter: ((sku)::text < 'SKU-PTjD-46248744'::text)
                                                   Rows Removed by Filter: 118137
                                                   Buffers: shared read=7083
                                             ->  Parallel Seq Scan on relation_14 source_56  (cost=0.00..7522.33 rows=67087 width=4) (actual rows=159873 loops=1)
                                                   Filter: ((sku)::text < 'SKU-PTjD-46248744'::text)
                                                   Rows Removed by Filter: 104190
                                                   Buffers: shared read=6147
                                             ->  Parallel Seq Scan on relation_10 source_52  (cost=0.00..4816.21 rows=42936 width=4) (actual rows=102671 loops=1)
                                                   Filter: ((sku)::text < 'SKU-PTjD-46248744'::text)
                                                   Rows Removed by Filter: 66330
                                                   Buffers: shared read=3936
                                             ->  Parallel Seq Scan on relation_12 source_54  (cost=0.00..4205.68 rows=36828 width=4) (actual rows=87636 loops=1)
                                                   Filter: ((sku)::text < 'SKU-PTjD-46248744'::text)
                                                   Rows Removed by Filter: 57262
                                                   Buffers: shared read=3451
                                             ->  Parallel Seq Scan on relation_7 source_49  (cost=0.00..4204.45 rows=34956 width=4) (actual rows=84710 loops=1)
                                                   Filter: ((sku)::text < 'SKU-PTjD-46248744'::text)
                                                   Rows Removed by Filter: 54960
                                                   Buffers: shared read=3477
                                             ->  Parallel Seq Scan on relation_18 source_60  (cost=0.00..3764.96 rows=41770 width=4) (actual rows=71257 loops=1)
                                                   Filter: ((sku)::text < 'SKU-PTjD-46248744'::text)
                                                   Rows Removed by Filter: 46105
                                                   Buffers: shared read=2902
                                             ->  Parallel Seq Scan on relation_5 source_47  (cost=0.00..3401.16 rows=38415 width=4) (actual rows=64958 loops=1)
                                                   Filter: ((sku)::text < 'SKU-PTjD-46248744'::text)
                                                   Rows Removed by Filter: 42232
                                                   Buffers: shared read=2613
                                             ->  Parallel Seq Scan on relation_8 source_50  (cost=0.00..3064.29 rows=35591 width=4) (actual rows=60540 loops=1)
                                                   Filter: ((sku)::text < 'SKU-PTjD-46248744'::text)
                                                   Rows Removed by Filter: 39460
                                                   Buffers: shared read=2329
                                             ->  Parallel Seq Scan on relation_2 source_45  (cost=0.00..2543.36 rows=30560 width=4) (actual rows=52234 loops=1)
                                                   Filter: ((sku)::text < 'SKU-PTjD-46248744'::text)
                                                   Rows Removed by Filter: 33631
                                                   Buffers: shared hit=1912
                                             ->  Parallel Seq Scan on relation_3 source_62  (cost=0.00..2017.51 rows=23936 width=4) (actual rows=40438 loops=1)
                                                   Filter: ((sku)::text < 'SKU-PTjD-46248744'::text)
                                                   Rows Removed by Filter: 26271
                                                   Buffers: shared hit=1527
                                             ->  Parallel Seq Scan on relation_13 source_55  (cost=0.00..1811.06 rows=21396 width=4) (actual rows=36611 loops=1)
                                                   Filter: ((sku)::text < 'SKU-PTjD-46248744'::text)
                                                   Rows Removed by Filter: 23509
                                                   Buffers: shared read=1369
                                             ->  Parallel Seq Scan on relation_1 source_44  (cost=0.00..1738.88 rows=22068 width=4) (actual rows=37550 loops=1)
                                                   Filter: ((sku)::text < 'SKU-PTjD-46248744'::text)
                                                   Rows Removed by Filter: 24449
                                                   Buffers: shared hit=1283
                                             ->  Parallel Seq Scan on relation_19 source_61  (cost=0.00..891.60 rows=10288 width=4) (actual rows=17496 loops=1)
                                                   Filter: ((sku)::text < 'SKU-PTjD-46248744'::text)
                                                   Rows Removed by Filter: 11146
                                                   Buffers: shared read=681
                                             ->  Parallel Seq Scan on relation_21 source_64  (cost=0.00..476.29 rows=5371 width=4) (actual rows=9104 loops=1)
                                                   Filter: ((sku)::text < 'SKU-PTjD-46248744'::text)
                                                   Rows Removed by Filter: 5896
                                                   Buffers: shared read=366
                                       ->  Parallel Hash  (cost=140766.01..140766.01 rows=6823801 width=8) (actual rows=16378086 loops=1)
                                             Buckets: 4194304  Batches: 8  Memory Usage: 113056kB
                                             Buffers: shared read=72528, temp written=48992
                                             ->  Parallel Seq Scan on relation_49 source_43  (cost=0.00..140766.01 rows=6823801 width=8) (actual rows=16378086 loops=1)
                                                   Buffers: shared read=72528
         ->  Materialize  (cost=1696688.04..4140807.49 rows=20544606 width=4) (actual rows=3760538 loops=1)
               Buffers: shared hit=200525 read=269094, temp read=4932 written=4933
               ->  Gather Merge  (cost=1696688.04..4089445.97 rows=20544606 width=4) (actual rows=3359356 loops=1)
                     Workers Planned: 2
                     Workers Launched: 0
                     Buffers: shared hit=200525 read=269094, temp read=4932 written=4933
                     ->  Sort  (cost=1695688.02..1717088.65 rows=8560252 width=4) (actual rows=3359356 loops=1)
                           Sort Key: source.product_id
                           Sort Method: external merge  Disk: 39456kB
                           Buffers: shared hit=200525 read=269094, temp read=4932 written=4933
                           ->  Parallel Hash Join  (cost=46422.39..592971.81 rows=8560252 width=4) (actual rows=3359356 loops=1)
                                 Hash Cond: (source_5.desktop_id = source.bundle_product_product_id)
                                 Buffers: shared hit=200525 read=269094
                                 ->  Parallel Append  (cost=0.43..484638.29 rows=6998356 width=4) (actual rows=16796782 loops=1)
                                       Buffers: shared hit=200525 read=254166
                                       ->  Parallel Index Only Scan using relation_6_pkey on relation_6 source_5  (cost=0.43..51339.06 rows=782483 width=4) (actual rows=1877778 loops=1)
                                             Heap Fetches: 0
                                             Buffers: shared hit=98736 read=8498
                                       ->  Parallel Index Only Scan using relation_17_pkey on relation_17 source_16  (cost=0.43..47254.96 rows=704115 width=4) (actual rows=1690000 loops=1)
                                             Heap Fetches: 0
                                             Buffers: shared hit=101693 read=7909
                                       ->  Parallel Index Only Scan using relation_20_pkey on relation_20 source_20  (cost=0.43..28626.72 rows=440104 width=4) (actual rows=1056250 loops=1)
                                             Heap Fetches: 0
                                             Buffers: shared read=4718
                                       ->  Parallel Index Only Scan using relation_11_pkey on relation_11 source_10  (cost=0.42..18721.10 rows=281667 width=4) (actual rows=676001 loops=1)
                                             Heap Fetches: 0
                                             Buffers: shared read=3118
                                       ->  Parallel Index Only Scan using relation_16_pkey on relation_16 source_15  (cost=0.42..8371.92 rows=124159 width=4) (actual rows=297982 loops=1)
                                             Heap Fetches: 0
                                             Buffers: shared read=1406
                                       ->  Parallel Index Only Scan using relation_14_pkey on relation_14 source_13  (cost=0.42..6213.00 rows=110026 width=4) (actual rows=264063 loops=1)
                                             Heap Fetches: 0
                                             Buffers: shared read=945
                                       ->  Parallel Index Only Scan using relation_10_pkey on relation_10 source_9  (cost=0.42..3413.60 rows=70417 width=4) (actual rows=169001 loops=1)
                                             Heap Fetches: 0
                                             Buffers: shared read=465
                                       ->  Parallel Index Only Scan using relation_7_pkey on relation_7 source_6  (cost=0.42..3320.73 rows=58196 width=4) (actual rows=139670 loops=1)
                                             Heap Fetches: 0
                                             Buffers: shared read=509
                                       ->  Parallel Index Only Scan using relation_12_pkey on relation_12 source_11  (cost=0.29..2920.53 rows=60374 width=4) (actual rows=144898 loops=1)
                                             Heap Fetches: 0
                                             Buffers: shared read=398
                                       ->  Parallel Index Only Scan using relation_5_pkey on relation_5 source_4  (cost=0.29..2526.87 rows=44662 width=4) (actual rows=107190 loops=1)
                                             Heap Fetches: 0
                                             Buffers: shared read=386
                                       ->  Parallel Index Only Scan using relation_18_pkey on relation_18 source_17  (cost=0.29..2368.11 rows=48901 width=4) (actual rows=117362 loops=1)
                                             Heap Fetches: 0
                                             Buffers: shared read=323
                                       ->  Parallel Index Only Scan using relation_8_pkey on relation_8 source_7  (cost=0.29..2020.96 rows=41667 width=4) (actual rows=100000 loops=1)
                                             Heap Fetches: 0
                                             Buffers: shared read=276
                                       ->  Parallel Index Only Scan using relation_2_pkey on relation_2 source_2  (cost=0.29..1735.39 rows=35777 width=4) (actual rows=85865 loops=1)
                                             Heap Fetches: 0
                                             Buffers: shared read=237
                                       ->  Parallel Index Only Scan using relation_3_pkey on relation_3 source_19  (cost=0.29..1466.24 rows=39241 width=4) (actual rows=66709 loops=1)
                                             Heap Fetches: 0
                                             Buffers: shared read=185
                                       ->  Parallel Index Only Scan using relation_13_pkey on relation_13 source_12  (cost=0.29..1723.39 rows=25050 width=4) (actual rows=60120 loops=1)
                                             Heap Fetches: 0
                                             Buffers: shared read=293
                                       ->  Parallel Index Only Scan using relation_1_pkey on relation_1 source_1  (cost=0.29..1362.98 rows=36470 width=4) (actual rows=61999 loops=1)
                                             Heap Fetches: 0
                                             Buffers: shared read=172
                                       ->  Parallel Index Only Scan using relation_19_pkey on relation_19 source_18  (cost=0.29..635.98 rows=16848 width=4) (actual rows=28642 loops=1)
                                             Heap Fetches: 0
                                             Buffers: shared read=81
                                       ->  Parallel Index Only Scan using relation_21_pkey on relation_21 source_21  (cost=0.29..335.52 rows=8824 width=4) (actual rows=15000 loops=1)
                                             Heap Fetches: 0
                                             Buffers: shared read=43
                                       ->  Parallel Seq Scan on relation_4 source_3  (cost=0.00..242535.59 rows=3751359 width=4) (actual rows=9004045 loops=1)
                                             Buffers: shared hit=32 read=204990
                                       ->  Parallel Seq Scan on relation_9 source_8  (cost=0.00..12892.02 rows=195602 width=4) (actual rows=469445 loops=1)
                                             Buffers: shared hit=32 read=10904
                                       ->  Parallel Seq Scan on relation_15 source_14  (cost=0.00..9861.84 rows=151984 width=4) (actual rows=364762 loops=1)
                                             Buffers: shared hit=32 read=8310
                                 ->  Parallel Hash  (cost=28925.32..28925.32 rows=1399732 width=8) (actual rows=3359356 loops=1)
                                       Buckets: 4194304  Batches: 1  Memory Usage: 164192kB
                                       Buffers: shared read=14928
                                       ->  Parallel Seq Scan on relation_48 source  (cost=0.00..28925.32 rows=1399732 width=8) (actual rows=3359356 loops=1)
                                             Buffers: shared read=14928
 Planning:
   Buffers: shared hit=8 read=8
 Planning Time: 41.231 ms
 JIT:
   Functions: 161
   Options: Inlining true, Optimization true, Expressions true, Deforming true
 Execution Time: 23922.799 ms
(247 rows)

-- Q020 [selection_projection] occurrence 1/1
-- Original E/R: SELECT e.password_hash, e.renewal_date, e.loyalty_tier FROM PrimeCustomer e WHERE e.email > 'perezrodney@example.com';
EXPLAIN (ANALYZE, BUFFERS, TIMING OFF, SUMMARY ON, FORMAT TEXT)
WITH
"b0" AS (
    SELECT
        "source"."loyalty_tier" AS "loyalty_tier",
        "source"."renewal_date" AS "renewal_date",
        "source"."email" AS "email",
        "source"."password_hash" AS "password_hash"
    FROM "relation_24" AS "source"
)
SELECT 
    "b0"."password_hash" AS "password_hash",
    "b0"."renewal_date" AS "renewal_date",
    "b0"."loyalty_tier" AS "loyalty_tier"
FROM "b0"
WHERE ("b0"."email" > 'perezrodney@example.com');
                                              QUERY PLAN                                              
------------------------------------------------------------------------------------------------------
 Seq Scan on relation_24 source  (cost=0.00..4963.00 rows=29613 width=82) (actual rows=29881 loops=1)
   Filter: ((email)::text > 'perezrodney@example.com'::text)
   Rows Removed by Filter: 70119
   Buffers: shared read=3713
 Planning:
   Buffers: shared read=3
 Planning Time: 0.206 ms
 Execution Time: 15.486 ms
(8 rows)

-- Q021 [selection_projection] occurrence 1/1
-- Original E/R: SELECT e.quantity FROM Tablet e WHERE e.warranty_months < 24;
EXPLAIN (ANALYZE, BUFFERS, TIMING OFF, SUMMARY ON, FORMAT TEXT)
WITH
"b0" AS (
    SELECT
        "source"."warranty_months" AS "warranty_months",
        "source"."quantity" AS "quantity"
    FROM "relation_8" AS "source"
)
SELECT 
    "b0"."quantity" AS "quantity"
FROM "b0"
WHERE ("b0"."warranty_months" < 24);
                                             QUERY PLAN                                             
----------------------------------------------------------------------------------------------------
 Seq Scan on relation_8 source  (cost=0.00..3579.00 rows=61617 width=4) (actual rows=61888 loops=1)
   Filter: (warranty_months < 24)
   Rows Removed by Filter: 38112
   Buffers: shared read=2329
 Planning:
   Buffers: shared hit=2 read=1
 Planning Time: 0.041 ms
 Execution Time: 8.259 ms
(8 rows)

-- Q022 [weak_owner] occurrence 1/1
-- Original E/R: SELECT w.wishlist_id, w.wishlist_name, o.email FROM Wishlist w JOIN Customer o ON OWNER(w) = REF(o) WHERE w.wishlist_name > 'holiday';
EXPLAIN (ANALYZE, BUFFERS, TIMING OFF, SUMMARY ON, FORMAT TEXT)
WITH
"b0" AS (
    SELECT
        "source"."wishlist_id" AS "wishlist_id",
        "source"."wishlist_name" AS "wishlist_name",
        "source"."customer_id" AS "__owner_0"
    FROM "relation_34" AS "source"
),
"b1" AS (
    SELECT
        "source"."email" AS "email",
        "source"."customer_id" AS "__reference_0"
    FROM "relation_23" AS "source"
    UNION ALL
    SELECT
        "source"."email" AS "email",
        "source"."primecustomer_id" AS "__reference_0"
    FROM "relation_24" AS "source"
    UNION ALL
    SELECT
        "source"."email" AS "email",
        "source"."businesscustomer_id" AS "__reference_0"
    FROM "relation_25" AS "source"
)
SELECT 
    "b0"."wishlist_id" AS "wishlist_id",
    "b0"."wishlist_name" AS "wishlist_name",
    "b1"."email" AS "email"
FROM ("b0" INNER JOIN "b1" ON ("b0"."__owner_0" = "b1"."__reference_0"))
WHERE ("b0"."wishlist_name" > 'holiday');
                                                      QUERY PLAN                                                       
-----------------------------------------------------------------------------------------------------------------------
 Hash Join  (cost=940.95..55509.04 rows=186762 width=34) (actual rows=8258 loops=1)
   Hash Cond: (source_1.customer_id = source.customer_id)
   Buffers: shared hit=3713 read=29806
   ->  Append  (cost=0.00..48811.78 rows=1036985 width=26) (actual rows=1036985 loops=1)
         Buffers: shared hit=3713 read=29544
         ->  Seq Scan on relation_23 source_1  (cost=0.00..1457.85 rows=36985 width=26) (actual rows=36985 loops=1)
               Buffers: shared read=1088
         ->  Seq Scan on relation_24 source_2  (cost=0.00..4713.00 rows=100000 width=26) (actual rows=100000 loops=1)
               Buffers: shared hit=3713
         ->  Seq Scan on relation_25 source_3  (cost=0.00..37456.00 rows=900000 width=26) (actual rows=900000 loops=1)
               Buffers: shared read=28456
   ->  Hash  (cost=839.90..839.90 rows=8084 width=16) (actual rows=8258 loops=1)
         Buckets: 16384 (originally 8192)  Batches: 1 (originally 1)  Memory Usage: 516kB
         Buffers: shared read=262
         ->  Seq Scan on relation_34 source  (cost=0.00..839.90 rows=8084 width=16) (actual rows=8258 loops=1)
               Filter: ((wishlist_name)::text > 'holiday'::text)
               Rows Removed by Filter: 37974
               Buffers: shared read=262
 Planning Time: 0.088 ms
 Execution Time: 109.903 ms
(20 rows)

-- Q023 [aggregation] occurrence 1/1
-- Original E/R: SELECT e2.product_name, COUNT(DISTINCT REF(e1)) AS related_count FROM bought_together r JOIN Product e1 ON ENDPOINT(r, product_id) = REF(e1) JOIN Product e2 ON ENDPOINT(r, bought_together_product_id) = REF(e2) WHERE e1.quantity < 4 GROUP BY REF(e2), e2.product_name HAVING COUNT(DISTINCT REF(e1)) >= 2;
EXPLAIN (ANALYZE, BUFFERS, TIMING OFF, SUMMARY ON, FORMAT TEXT)
WITH
"b0" AS (
    SELECT
        "source"."bought_together_product_product_id" AS "__endpoint_bought_together_product_id_0",
        "source"."product_id" AS "__endpoint_product_id_0"
    FROM "relation_49" AS "source"
),
"b1" AS (
    SELECT
        "source"."quantity" AS "quantity",
        "source"."product_id" AS "__reference_0"
    FROM "relation_1" AS "source"
    UNION ALL
    SELECT
        "source"."quantity" AS "quantity",
        "source"."physicalproduct_id" AS "__reference_0"
    FROM "relation_2" AS "source"
    UNION ALL
    SELECT
        "source"."quantity" AS "quantity",
        "source"."electronics_id" AS "__reference_0"
    FROM "relation_4" AS "source"
    UNION ALL
    SELECT
        "source"."quantity" AS "quantity",
        "source"."computer_id" AS "__reference_0"
    FROM "relation_5" AS "source"
    UNION ALL
    SELECT
        "source"."quantity" AS "quantity",
        "source"."desktop_id" AS "__reference_0"
    FROM "relation_6" AS "source"
    UNION ALL
    SELECT
        "source"."quantity" AS "quantity",
        "source"."laptop_id" AS "__reference_0"
    FROM "relation_7" AS "source"
    UNION ALL
    SELECT
        "source"."quantity" AS "quantity",
        "source"."tablet_id" AS "__reference_0"
    FROM "relation_8" AS "source"
    UNION ALL
    SELECT
        "source"."quantity" AS "quantity",
        "source"."smartwatch_id" AS "__reference_0"
    FROM "relation_9" AS "source"
    UNION ALL
    SELECT
        "source"."quantity" AS "quantity",
        "source"."camera_id" AS "__reference_0"
    FROM "relation_10" AS "source"
    UNION ALL
    SELECT
        "source"."quantity" AS "quantity",
        "source"."phone_id" AS "__reference_0"
    FROM "relation_11" AS "source"
    UNION ALL
    SELECT
        "source"."quantity" AS "quantity",
        "source"."accessory_id" AS "__reference_0"
    FROM "relation_12" AS "source"
    UNION ALL
    SELECT
        "source"."quantity" AS "quantity",
        "source"."appliance_id" AS "__reference_0"
    FROM "relation_13" AS "source"
    UNION ALL
    SELECT
        "source"."quantity" AS "quantity",
        "source"."kitchenappliance_id" AS "__reference_0"
    FROM "relation_14" AS "source"
    UNION ALL
    SELECT
        "source"."quantity" AS "quantity",
        "source"."apparel_id" AS "__reference_0"
    FROM "relation_15" AS "source"
    UNION ALL
    SELECT
        "source"."quantity" AS "quantity",
        "source"."clothing_id" AS "__reference_0"
    FROM "relation_16" AS "source"
    UNION ALL
    SELECT
        "source"."quantity" AS "quantity",
        "source"."menclothing_id" AS "__reference_0"
    FROM "relation_17" AS "source"
    UNION ALL
    SELECT
        "source"."quantity" AS "quantity",
        "source"."womenclothing_id" AS "__reference_0"
    FROM "relation_18" AS "source"
    UNION ALL
    SELECT
        "source"."quantity" AS "quantity",
        "source"."footwear_id" AS "__reference_0"
    FROM "relation_19" AS "source"
    UNION ALL
    SELECT
        "source"."quantity" AS "quantity",
        "source"."digitalproduct_id" AS "__reference_0"
    FROM "relation_3" AS "source"
    UNION ALL
    SELECT
        "source"."quantity" AS "quantity",
        "source"."media_id" AS "__reference_0"
    FROM "relation_20" AS "source"
    UNION ALL
    SELECT
        "source"."quantity" AS "quantity",
        "source"."software_id" AS "__reference_0"
    FROM "relation_21" AS "source"
),
"b2" AS (
    SELECT
        "source"."product_name" AS "product_name",
        "source"."product_id" AS "__reference_0"
    FROM "relation_1" AS "source"
    UNION ALL
    SELECT
        "source"."product_name" AS "product_name",
        "source"."physicalproduct_id" AS "__reference_0"
    FROM "relation_2" AS "source"
    UNION ALL
    SELECT
        "source"."product_name" AS "product_name",
        "source"."electronics_id" AS "__reference_0"
    FROM "relation_4" AS "source"
    UNION ALL
    SELECT
        "source"."product_name" AS "product_name",
        "source"."computer_id" AS "__reference_0"
    FROM "relation_5" AS "source"
    UNION ALL
    SELECT
        "source"."product_name" AS "product_name",
        "source"."desktop_id" AS "__reference_0"
    FROM "relation_6" AS "source"
    UNION ALL
    SELECT
        "source"."product_name" AS "product_name",
        "source"."laptop_id" AS "__reference_0"
    FROM "relation_7" AS "source"
    UNION ALL
    SELECT
        "source"."product_name" AS "product_name",
        "source"."tablet_id" AS "__reference_0"
    FROM "relation_8" AS "source"
    UNION ALL
    SELECT
        "source"."product_name" AS "product_name",
        "source"."smartwatch_id" AS "__reference_0"
    FROM "relation_9" AS "source"
    UNION ALL
    SELECT
        "source"."product_name" AS "product_name",
        "source"."camera_id" AS "__reference_0"
    FROM "relation_10" AS "source"
    UNION ALL
    SELECT
        "source"."product_name" AS "product_name",
        "source"."phone_id" AS "__reference_0"
    FROM "relation_11" AS "source"
    UNION ALL
    SELECT
        "source"."product_name" AS "product_name",
        "source"."accessory_id" AS "__reference_0"
    FROM "relation_12" AS "source"
    UNION ALL
    SELECT
        "source"."product_name" AS "product_name",
        "source"."appliance_id" AS "__reference_0"
    FROM "relation_13" AS "source"
    UNION ALL
    SELECT
        "source"."product_name" AS "product_name",
        "source"."kitchenappliance_id" AS "__reference_0"
    FROM "relation_14" AS "source"
    UNION ALL
    SELECT
        "source"."product_name" AS "product_name",
        "source"."apparel_id" AS "__reference_0"
    FROM "relation_15" AS "source"
    UNION ALL
    SELECT
        "source"."product_name" AS "product_name",
        "source"."clothing_id" AS "__reference_0"
    FROM "relation_16" AS "source"
    UNION ALL
    SELECT
        "source"."product_name" AS "product_name",
        "source"."menclothing_id" AS "__reference_0"
    FROM "relation_17" AS "source"
    UNION ALL
    SELECT
        "source"."product_name" AS "product_name",
        "source"."womenclothing_id" AS "__reference_0"
    FROM "relation_18" AS "source"
    UNION ALL
    SELECT
        "source"."product_name" AS "product_name",
        "source"."footwear_id" AS "__reference_0"
    FROM "relation_19" AS "source"
    UNION ALL
    SELECT
        "source"."product_name" AS "product_name",
        "source"."digitalproduct_id" AS "__reference_0"
    FROM "relation_3" AS "source"
    UNION ALL
    SELECT
        "source"."product_name" AS "product_name",
        "source"."media_id" AS "__reference_0"
    FROM "relation_20" AS "source"
    UNION ALL
    SELECT
        "source"."product_name" AS "product_name",
        "source"."software_id" AS "__reference_0"
    FROM "relation_21" AS "source"
)
SELECT 
    "b2"."product_name" AS "product_name",
    COUNT(DISTINCT "b1"."__reference_0") AS "related_count"
FROM (("b0" INNER JOIN "b1" ON ("b0"."__endpoint_product_id_0" = "b1"."__reference_0")) INNER JOIN "b2" ON ("b0"."__endpoint_bought_together_product_id_0" = "b2"."__reference_0"))
WHERE ("b1"."quantity" < 4)
GROUP BY
    "b2"."__reference_0",
    "b2"."product_name"
HAVING (COUNT(DISTINCT "b1"."__reference_0") >= 2);
                                                                          QUERY PLAN                                                                           
---------------------------------------------------------------------------------------------------------------------------------------------------------------
 GroupAggregate  (cost=1937210.91..3150038.73 rows=13333 width=46) (actual rows=78581 loops=1)
   Group Key: source_24.electronics_id, source_24.product_name
   Filter: (count(DISTINCT source_3.electronics_id) >= 2)
   Rows Removed by Filter: 1521813
   Buffers: shared hit=2329 read=859351, temp read=65154 written=65178
   ->  Gather Merge  (cost=1937210.91..3076192.63 rows=9779481 width=42) (actual rows=1681735 loops=1)
         Workers Planned: 2
         Workers Launched: 0
         Buffers: shared hit=2329 read=859351, temp read=65154 written=65178
         ->  Sort  (cost=1936210.88..1946397.84 rows=4074784 width=42) (actual rows=1681735 loops=1)
               Sort Key: source_24.electronics_id, source_24.product_name, source_3.electronics_id
               Sort Method: external merge  Disk: 88832kB
               Buffers: shared hit=2329 read=859351, temp read=65154 written=65178
               ->  Parallel Hash Join  (cost=810861.01..1363485.39 rows=4074784 width=42) (actual rows=1681735 loops=1)
                     Hash Cond: (source_24.electronics_id = source.bought_together_product_product_id)
                     Buffers: shared hit=2329 read=859351, temp read=54050 written=54072
                     ->  Parallel Append  (cost=0.00..500654.34 rows=6998356 width=38) (actual rows=16796782 loops=1)
                           Buffers: shared read=394576
                           ->  Parallel Seq Scan on relation_4 source_24  (cost=0.00..242535.59 rows=3751359 width=38) (actual rows=9004045 loops=1)
                                 Buffers: shared read=205022
                           ->  Parallel Seq Scan on relation_6 source_26  (cost=0.00..55929.83 rows=782483 width=38) (actual rows=1877778 loops=1)
                                 Buffers: shared read=48105
                           ->  Parallel Seq Scan on relation_17 source_37  (cost=0.00..48862.15 rows=704115 width=38) (actual rows=1690000 loops=1)
                                 Buffers: shared read=41821
                           ->  Parallel Seq Scan on relation_20 source_41  (cost=0.00..29326.04 rows=440104 width=38) (actual rows=1056250 loops=1)
                                 Buffers: shared read=24925
                           ->  Parallel Seq Scan on relation_11 source_31  (cost=0.00..19165.67 rows=281667 width=38) (actual rows=676001 loops=1)
                                 Buffers: shared read=16349
                           ->  Parallel Seq Scan on relation_9 source_29  (cost=0.00..12892.02 rows=195602 width=38) (actual rows=469445 loops=1)
                                 Buffers: shared read=10936
                           ->  Parallel Seq Scan on relation_15 source_35  (cost=0.00..9861.84 rows=151984 width=38) (actual rows=364762 loops=1)
                                 Buffers: shared read=8342
                           ->  Parallel Seq Scan on relation_16 source_36  (cost=0.00..8324.59 rows=124159 width=38) (actual rows=297982 loops=1)
                                 Buffers: shared read=7083
                           ->  Parallel Seq Scan on relation_14 source_34  (cost=0.00..7247.26 rows=110026 width=38) (actual rows=264063 loops=1)
                                 Buffers: shared read=6147
                           ->  Parallel Seq Scan on relation_10 source_30  (cost=0.00..4640.17 rows=70417 width=38) (actual rows=169001 loops=1)
                                 Buffers: shared read=3936
                           ->  Parallel Seq Scan on relation_7 source_27  (cost=0.00..4058.96 rows=58196 width=38) (actual rows=139670 loops=1)
                                 Buffers: shared read=3477
                           ->  Parallel Seq Scan on relation_12 source_32  (cost=0.00..4054.74 rows=60374 width=38) (actual rows=144898 loops=1)
                                 Buffers: shared read=3451
                           ->  Parallel Seq Scan on relation_18 source_38  (cost=0.00..3592.36 rows=69036 width=38) (actual rows=117362 loops=1)
                                 Buffers: shared read=2902
                           ->  Parallel Seq Scan on relation_5 source_25  (cost=0.00..3243.53 rows=63053 width=38) (actual rows=107190 loops=1)
                                 Buffers: shared read=2613
                           ->  Parallel Seq Scan on relation_8 source_28  (cost=0.00..2917.24 rows=58824 width=38) (actual rows=100000 loops=1)
                                 Buffers: shared read=2329
                           ->  Parallel Seq Scan on relation_2 source_23  (cost=0.00..2417.09 rows=50509 width=38) (actual rows=85865 loops=1)
                                 Buffers: shared read=1912
                           ->  Parallel Seq Scan on relation_3 source_40  (cost=0.00..1919.41 rows=39241 width=38) (actual rows=66709 loops=1)
                                 Buffers: shared read=1527
                           ->  Parallel Seq Scan on relation_13 source_33  (cost=0.00..1722.65 rows=35365 width=38) (actual rows=60120 loops=1)
                                 Buffers: shared read=1369
                           ->  Parallel Seq Scan on relation_1 source_22  (cost=0.00..1647.70 rows=36470 width=38) (actual rows=61999 loops=1)
                                 Buffers: shared read=1283
                           ->  Parallel Seq Scan on relation_19 source_39  (cost=0.00..849.48 rows=16848 width=38) (actual rows=28642 loops=1)
                                 Buffers: shared read=681
                           ->  Parallel Seq Scan on relation_21 source_42  (cost=0.00..454.24 rows=8824 width=38) (actual rows=15000 loops=1)
                                 Buffers: shared read=366
                     ->  Parallel Hash  (cost=787918.92..787918.92 rows=1835367 width=8) (actual rows=1681735 loops=1)
                           Buckets: 8388608  Batches: 1  Memory Usage: 131328kB
                           Buffers: shared hit=2329 read=464775, temp read=54050 written=54072
                           ->  Parallel Hash Join  (cost=252719.52..787918.92 rows=1835367 width=8) (actual rows=1681735 loops=1)
                                 Hash Cond: (source_3.electronics_id = source.product_id)
                                 Buffers: shared hit=2329 read=464775, temp read=54050 written=54072
                                 ->  Parallel Append  (cost=0.00..487062.45 rows=725651 width=4) (actual rows=1724307 loops=1)
                                       Buffers: shared hit=2329 read=392247
                                       ->  Parallel Seq Scan on relation_4 source_3  (cost=0.00..251913.98 rows=390795 width=4) (actual rows=924464 loops=1)
                                             Filter: (quantity < 4)
                                             Rows Removed by Filter: 8079581
                                             Buffers: shared read=205022
                                       ->  Parallel Seq Scan on relation_6 source_5  (cost=0.00..57886.04 rows=80575 width=4) (actual rows=192782 loops=1)
                                             Filter: (quantity < 4)
                                             Rows Removed by Filter: 1684996
                                             Buffers: shared read=48105
                                       ->  Parallel Seq Scan on relation_17 source_16  (cost=0.00..50622.44 rows=73515 width=4) (actual rows=173794 loops=1)
                                             Filter: (quantity < 4)
                                             Rows Removed by Filter: 1516206
                                             Buffers: shared read=41821
                                       ->  Parallel Seq Scan on relation_20 source_20  (cost=0.00..30426.30 rows=45217 width=4) (actual rows=108538 loops=1)
                                             Filter: (quantity < 4)
                                             Rows Removed by Filter: 947712
                                             Buffers: shared read=24925
                                       ->  Parallel Seq Scan on relation_11 source_10  (cost=0.00..19869.84 rows=28723 width=4) (actual rows=69535 loops=1)
                                             Filter: (quantity < 4)
                                             Rows Removed by Filter: 606466
                                             Buffers: shared read=16349
                                       ->  Parallel Seq Scan on relation_9 source_8  (cost=0.00..13381.03 rows=20416 width=4) (actual rows=48153 loops=1)
                                             Filter: (quantity < 4)
                                             Rows Removed by Filter: 421292
                                             Buffers: shared read=10936
                                       ->  Parallel Seq Scan on relation_15 source_14  (cost=0.00..10241.80 rows=15595 width=4) (actual rows=37190 loops=1)
                                             Filter: (quantity < 4)
                                             Rows Removed by Filter: 327572
                                             Buffers: shared read=8342
                                       ->  Parallel Seq Scan on relation_16 source_15  (cost=0.00..8634.99 rows=12889 width=4) (actual rows=30894 loops=1)
                                             Filter: (quantity < 4)
                                             Rows Removed by Filter: 267088
                                             Buffers: shared read=7083
                                       ->  Parallel Seq Scan on relation_14 source_13  (cost=0.00..7522.33 rows=11172 width=4) (actual rows=27026 loops=1)
                                             Filter: (quantity < 4)
                                             Rows Removed by Filter: 237037
                                             Buffers: shared read=6147
                                       ->  Parallel Seq Scan on relation_10 source_9  (cost=0.00..4816.21 rows=7176 width=4) (actual rows=17136 loops=1)
                                             Filter: (quantity < 4)
                                             Rows Removed by Filter: 151865
                                             Buffers: shared read=3936
                                       ->  Parallel Seq Scan on relation_12 source_11  (cost=0.00..4205.68 rows=6149 width=4) (actual rows=14810 loops=1)
                                             Filter: (quantity < 4)
                                             Rows Removed by Filter: 130088
                                             Buffers: shared read=3451
                                       ->  Parallel Seq Scan on relation_7 source_6  (cost=0.00..4204.45 rows=6055 width=4) (actual rows=14264 loops=1)
                                             Filter: (quantity < 4)
                                             Rows Removed by Filter: 125406
                                             Buffers: shared read=3477
                                       ->  Parallel Seq Scan on relation_18 source_17  (cost=0.00..3764.96 rows=7187 width=4) (actual rows=11986 loops=1)
                                             Filter: (quantity < 4)
                                             Rows Removed by Filter: 105376
                                             Buffers: shared read=2902
                                       ->  Parallel Seq Scan on relation_5 source_4  (cost=0.00..3401.16 rows=6642 width=4) (actual rows=11123 loops=1)
                                             Filter: (quantity < 4)
                                             Rows Removed by Filter: 96067
                                             Buffers: shared read=2613
                                       ->  Parallel Seq Scan on relation_8 source_7  (cost=0.00..3064.29 rows=5886 width=4) (actual rows=10151 loops=1)
                                             Filter: (quantity < 4)
                                             Rows Removed by Filter: 89849
                                             Buffers: shared hit=2329
                                       ->  Parallel Seq Scan on relation_2 source_2  (cost=0.00..2543.36 rows=5061 width=4) (actual rows=8717 loops=1)
                                             Filter: (quantity < 4)
                                             Rows Removed by Filter: 77148
                                             Buffers: shared read=1912
                                       ->  Parallel Seq Scan on relation_3 source_19  (cost=0.00..2017.51 rows=3901 width=4) (actual rows=6704 loops=1)
                                             Filter: (quantity < 4)
                                             Rows Removed by Filter: 60005
                                             Buffers: shared read=1527
                                       ->  Parallel Seq Scan on relation_13 source_12  (cost=0.00..1811.06 rows=3548 width=4) (actual rows=6103 loops=1)
                                             Filter: (quantity < 4)
                                             Rows Removed by Filter: 54017
                                             Buffers: shared read=1369
                                       ->  Parallel Seq Scan on relation_1 source_1  (cost=0.00..1738.88 rows=3816 width=4) (actual rows=6510 loops=1)
                                             Filter: (quantity < 4)
                                             Rows Removed by Filter: 55489
                                             Buffers: shared read=1283
                                       ->  Parallel Seq Scan on relation_19 source_18  (cost=0.00..891.60 rows=1708 width=4) (actual rows=2903 loops=1)
                                             Filter: (quantity < 4)
                                             Rows Removed by Filter: 25739
                                             Buffers: shared read=681
                                       ->  Parallel Seq Scan on relation_21 source_21  (cost=0.00..476.29 rows=896 width=4) (actual rows=1524 loops=1)
                                             Filter: (quantity < 4)
                                             Rows Removed by Filter: 13476
                                             Buffers: shared read=366
                                 ->  Parallel Hash  (cost=140766.01..140766.01 rows=6823801 width=8) (actual rows=16378086 loops=1)
                                       Buckets: 4194304  Batches: 8  Memory Usage: 113024kB
                                       Buffers: shared read=72528, temp written=49008
                                       ->  Parallel Seq Scan on relation_49 source  (cost=0.00..140766.01 rows=6823801 width=8) (actual rows=16378086 loops=1)
                                             Buffers: shared read=72528
 Planning Time: 0.522 ms
 JIT:
   Functions: 143
   Options: Inlining true, Optimization true, Expressions true, Deforming true
 Execution Time: 8256.558 ms
(162 rows)

-- Q024 [relationship_join] occurrence 1/1
-- Original E/R: SELECT e1.wishlist_id, e2.sku FROM wishlist_contains r JOIN Wishlist e1 ON ENDPOINT(r, Wishlist) = REF(e1) JOIN Product e2 ON ENDPOINT(r, Product) = REF(e2) WHERE e2.base_price >= 358;
EXPLAIN (ANALYZE, BUFFERS, TIMING OFF, SUMMARY ON, FORMAT TEXT)
WITH
"b0" AS (
    SELECT
        "source"."product_id" AS "__endpoint_product_0",
        "source"."customer_id" AS "__endpoint_wishlist_0",
        "source"."wishlist_id" AS "__endpoint_wishlist_1"
    FROM "relation_51" AS "source"
),
"b1" AS (
    SELECT
        "source"."wishlist_id" AS "wishlist_id",
        "source"."customer_id" AS "__reference_0",
        "source"."wishlist_id" AS "__reference_1"
    FROM "relation_34" AS "source"
),
"b2" AS (
    SELECT
        "source"."base_price" AS "base_price",
        "source"."sku" AS "sku",
        "source"."product_id" AS "__reference_0"
    FROM "relation_1" AS "source"
    UNION ALL
    SELECT
        "source"."base_price" AS "base_price",
        "source"."sku" AS "sku",
        "source"."physicalproduct_id" AS "__reference_0"
    FROM "relation_2" AS "source"
    UNION ALL
    SELECT
        "source"."base_price" AS "base_price",
        "source"."sku" AS "sku",
        "source"."electronics_id" AS "__reference_0"
    FROM "relation_4" AS "source"
    UNION ALL
    SELECT
        "source"."base_price" AS "base_price",
        "source"."sku" AS "sku",
        "source"."computer_id" AS "__reference_0"
    FROM "relation_5" AS "source"
    UNION ALL
    SELECT
        "source"."base_price" AS "base_price",
        "source"."sku" AS "sku",
        "source"."desktop_id" AS "__reference_0"
    FROM "relation_6" AS "source"
    UNION ALL
    SELECT
        "source"."base_price" AS "base_price",
        "source"."sku" AS "sku",
        "source"."laptop_id" AS "__reference_0"
    FROM "relation_7" AS "source"
    UNION ALL
    SELECT
        "source"."base_price" AS "base_price",
        "source"."sku" AS "sku",
        "source"."tablet_id" AS "__reference_0"
    FROM "relation_8" AS "source"
    UNION ALL
    SELECT
        "source"."base_price" AS "base_price",
        "source"."sku" AS "sku",
        "source"."smartwatch_id" AS "__reference_0"
    FROM "relation_9" AS "source"
    UNION ALL
    SELECT
        "source"."base_price" AS "base_price",
        "source"."sku" AS "sku",
        "source"."camera_id" AS "__reference_0"
    FROM "relation_10" AS "source"
    UNION ALL
    SELECT
        "source"."base_price" AS "base_price",
        "source"."sku" AS "sku",
        "source"."phone_id" AS "__reference_0"
    FROM "relation_11" AS "source"
    UNION ALL
    SELECT
        "source"."base_price" AS "base_price",
        "source"."sku" AS "sku",
        "source"."accessory_id" AS "__reference_0"
    FROM "relation_12" AS "source"
    UNION ALL
    SELECT
        "source"."base_price" AS "base_price",
        "source"."sku" AS "sku",
        "source"."appliance_id" AS "__reference_0"
    FROM "relation_13" AS "source"
    UNION ALL
    SELECT
        "source"."base_price" AS "base_price",
        "source"."sku" AS "sku",
        "source"."kitchenappliance_id" AS "__reference_0"
    FROM "relation_14" AS "source"
    UNION ALL
    SELECT
        "source"."base_price" AS "base_price",
        "source"."sku" AS "sku",
        "source"."apparel_id" AS "__reference_0"
    FROM "relation_15" AS "source"
    UNION ALL
    SELECT
        "source"."base_price" AS "base_price",
        "source"."sku" AS "sku",
        "source"."clothing_id" AS "__reference_0"
    FROM "relation_16" AS "source"
    UNION ALL
    SELECT
        "source"."base_price" AS "base_price",
        "source"."sku" AS "sku",
        "source"."menclothing_id" AS "__reference_0"
    FROM "relation_17" AS "source"
    UNION ALL
    SELECT
        "source"."base_price" AS "base_price",
        "source"."sku" AS "sku",
        "source"."womenclothing_id" AS "__reference_0"
    FROM "relation_18" AS "source"
    UNION ALL
    SELECT
        "source"."base_price" AS "base_price",
        "source"."sku" AS "sku",
        "source"."footwear_id" AS "__reference_0"
    FROM "relation_19" AS "source"
    UNION ALL
    SELECT
        "source"."base_price" AS "base_price",
        "source"."sku" AS "sku",
        "source"."digitalproduct_id" AS "__reference_0"
    FROM "relation_3" AS "source"
    UNION ALL
    SELECT
        "source"."base_price" AS "base_price",
        "source"."sku" AS "sku",
        "source"."media_id" AS "__reference_0"
    FROM "relation_20" AS "source"
    UNION ALL
    SELECT
        "source"."base_price" AS "base_price",
        "source"."sku" AS "sku",
        "source"."software_id" AS "__reference_0"
    FROM "relation_21" AS "source"
)
SELECT 
    "b1"."wishlist_id" AS "wishlist_id",
    "b2"."sku" AS "sku"
FROM (("b0" INNER JOIN "b1" ON ("b0"."__endpoint_wishlist_0" = "b1"."__reference_0" AND "b0"."__endpoint_wishlist_1" = "b1"."__reference_1")) INNER JOIN "b2" ON ("b0"."__endpoint_product_0" = "b2"."__reference_0"))
WHERE ("b2"."base_price" >= 358);
                                                              QUERY PLAN                                                               
---------------------------------------------------------------------------------------------------------------------------------------
 Nested Loop  (cost=1418.09..2685.55 rows=28 width=22) (actual rows=6058 loops=1)
   Buffers: shared hit=3126707 read=113448 written=1
   ->  Hash Join  (cost=1417.80..2657.68 rows=1 width=8) (actual rows=59992 loops=1)
         Hash Cond: ((source.customer_id = source_1.customer_id) AND (source.wishlist_id = source_1.wishlist_id))
         Buffers: shared read=587
         ->  Seq Scan on relation_51 source  (cost=0.00..924.92 rows=59992 width=12) (actual rows=59992 loops=1)
               Buffers: shared read=325
         ->  Hash  (cost=724.32..724.32 rows=46232 width=8) (actual rows=46232 loops=1)
               Buckets: 65536  Batches: 1  Memory Usage: 2318kB
               Buffers: shared read=262
               ->  Seq Scan on relation_34 source_1  (cost=0.00..724.32 rows=46232 width=8) (actual rows=46232 loops=1)
                     Buffers: shared read=262
   ->  Append  (cost=0.29..27.66 rows=21 width=22) (actual rows=0 loops=59992)
         Buffers: shared hit=3126707 read=112861 written=1
         ->  Index Scan using relation_1_pkey on relation_1 source_2  (cost=0.29..0.41 rows=1 width=22) (actual rows=0 loops=59992)
               Index Cond: (product_id = source.product_id)
               Filter: (base_price >= 358)
               Rows Removed by Filter: 0
               Buffers: shared hit=119776 read=462
         ->  Index Scan using relation_2_pkey on relation_2 source_3  (cost=0.29..0.46 rows=1 width=22) (actual rows=0 loops=59992)
               Index Cond: (physicalproduct_id = source.product_id)
               Filter: (base_price >= 358)
               Rows Removed by Filter: 0
               Buffers: shared hit=119722 read=581
         ->  Index Scan using relation_4_pkey on relation_4 source_4  (cost=0.43..6.30 rows=1 width=22) (actual rows=0 loops=59992)
               Index Cond: (electronics_id = source.product_id)
               Filter: (base_price >= 358)
               Rows Removed by Filter: 0
               Buffers: shared hit=151363 read=60759
         ->  Index Scan using relation_5_pkey on relation_5 source_5  (cost=0.29..0.51 rows=1 width=22) (actual rows=0 loops=59992)
               Index Cond: (computer_id = source.product_id)
               Filter: (base_price >= 358)
               Rows Removed by Filter: 0
               Buffers: shared hit=119654 read=730
         ->  Index Scan using relation_6_pkey on relation_6 source_6  (cost=0.43..3.48 rows=1 width=22) (actual rows=0 loops=59992)
               Index Cond: (desktop_id = source.product_id)
               Filter: (base_price >= 358)
               Rows Removed by Filter: 0
               Buffers: shared hit=174099 read=12538 written=1
         ->  Index Scan using relation_7_pkey on relation_7 source_7  (cost=0.42..0.71 rows=1 width=22) (actual rows=0 loops=59992)
               Index Cond: (laptop_id = source.product_id)
               Filter: (base_price >= 358)
               Rows Removed by Filter: 0
               Buffers: shared hit=179597 read=846
         ->  Index Scan using relation_8_pkey on relation_8 source_8  (cost=0.29..0.49 rows=1 width=22) (actual rows=0 loops=59992)
               Index Cond: (tablet_id = source.product_id)
               Filter: (base_price >= 358)
               Rows Removed by Filter: 0
               Buffers: shared hit=119680 read=682
         ->  Index Scan using relation_9_pkey on relation_9 source_9  (cost=0.42..1.32 rows=1 width=22) (actual rows=0 loops=59992)
               Index Cond: (smartwatch_id = source.product_id)
               Filter: (base_price >= 358)
               Rows Removed by Filter: 0
               Buffers: shared hit=178541 read=3039
         ->  Index Scan using relation_10_pkey on relation_10 source_10  (cost=0.42..0.73 rows=1 width=22) (actual rows=0 loops=59992)
               Index Cond: (camera_id = source.product_id)
               Filter: (base_price >= 358)
               Rows Removed by Filter: 0
               Buffers: shared hit=179525 read=1101
         ->  Index Scan using relation_11_pkey on relation_11 source_11  (cost=0.42..1.74 rows=1 width=22) (actual rows=0 loops=59992)
               Index Cond: (phone_id = source.product_id)
               Filter: (base_price >= 358)
               Rows Removed by Filter: 0
               Buffers: shared hit=177850 read=4523
         ->  Index Scan using relation_12_pkey on relation_12 source_12  (cost=0.29..0.57 rows=1 width=22) (actual rows=0 loops=59992)
               Index Cond: (accessory_id = source.product_id)
               Filter: (base_price >= 358)
               Rows Removed by Filter: 0
               Buffers: shared hit=119607 read=875
         ->  Index Scan using relation_13_pkey on relation_13 source_13  (cost=0.29..0.42 rows=1 width=22) (actual rows=0 loops=59992)
               Index Cond: (appliance_id = source.product_id)
               Filter: (base_price >= 358)
               Rows Removed by Filter: 0
               Buffers: shared hit=119798 read=400
         ->  Index Scan using relation_14_pkey on relation_14 source_14  (cost=0.42..0.92 rows=1 width=22) (actual rows=0 loops=59992)
               Index Cond: (kitchenappliance_id = source.product_id)
               Filter: (base_price >= 358)
               Rows Removed by Filter: 0
               Buffers: shared hit=179168 read=1737
         ->  Index Scan using relation_15_pkey on relation_15 source_15  (cost=0.42..1.11 rows=1 width=22) (actual rows=0 loops=59992)
               Index Cond: (apparel_id = source.product_id)
               Filter: (base_price >= 358)
               Rows Removed by Filter: 0
               Buffers: shared hit=178793 read=2507
         ->  Index Scan using relation_16_pkey on relation_16 source_16  (cost=0.42..1.01 rows=1 width=22) (actual rows=0 loops=59992)
               Index Cond: (clothing_id = source.product_id)
               Filter: (base_price >= 358)
               Rows Removed by Filter: 0
               Buffers: shared hit=179066 read=1929
         ->  Index Scan using relation_17_pkey on relation_17 source_17  (cost=0.43..3.31 rows=1 width=22) (actual rows=0 loops=59992)
               Index Cond: (menclothing_id = source.product_id)
               Filter: (base_price >= 358)
               Rows Removed by Filter: 0
               Buffers: shared hit=174651 read=11356
         ->  Index Scan using relation_18_pkey on relation_18 source_18  (cost=0.29..0.53 rows=1 width=22) (actual rows=0 loops=59992)
               Index Cond: (womenclothing_id = source.product_id)
               Filter: (base_price >= 358)
               Rows Removed by Filter: 0
               Buffers: shared hit=119650 read=748
         ->  Index Scan using relation_19_pkey on relation_19 source_19  (cost=0.29..0.36 rows=1 width=22) (actual rows=0 loops=59992)
               Index Cond: (footwear_id = source.product_id)
               Filter: (base_price >= 358)
               Rows Removed by Filter: 0
               Buffers: shared hit=119898 read=192
         ->  Index Scan using relation_3_pkey on relation_3 source_20  (cost=0.29..0.43 rows=1 width=22) (actual rows=0 loops=59992)
               Index Cond: (digitalproduct_id = source.product_id)
               Filter: (base_price >= 358)
               Rows Removed by Filter: 0
               Buffers: shared hit=119792 read=425
         ->  Index Scan using relation_20_pkey on relation_20 source_21  (cost=0.43..2.43 rows=1 width=22) (actual rows=0 loops=59992)
               Index Cond: (media_id = source.product_id)
               Filter: (base_price >= 358)
               Rows Removed by Filter: 0
               Buffers: shared hit=176555 read=7299
         ->  Index Scan using relation_21_pkey on relation_21 source_22  (cost=0.29..0.33 rows=1 width=22) (actual rows=0 loops=59992)
               Index Cond: (software_id = source.product_id)
               Filter: (base_price >= 358)
               Rows Removed by Filter: 0
               Buffers: shared hit=119922 read=132
 Planning:
   Buffers: shared hit=10 read=17 dirtied=1
 Planning Time: 1.519 ms
 Execution Time: 949.695 ms
(123 rows)

-- Q025 [relationship_join] occurrence 1/1
-- Original E/R: SELECT e1.is_active, e2.is_active, e2.product_name FROM bundle_components r JOIN Product e1 ON ENDPOINT(r, product_id) = REF(e1) JOIN Product e2 ON ENDPOINT(r, bundle_product_id) = REF(e2) WHERE e1.quantity < 23;
EXPLAIN (ANALYZE, BUFFERS, TIMING OFF, SUMMARY ON, FORMAT TEXT)
WITH
"b0" AS (
    SELECT
        "source"."bundle_product_product_id" AS "__endpoint_bundle_product_id_0",
        "source"."product_id" AS "__endpoint_product_id_0"
    FROM "relation_48" AS "source"
),
"b1" AS (
    SELECT
        "source"."is_active" AS "is_active",
        "source"."quantity" AS "quantity",
        "source"."product_id" AS "__reference_0"
    FROM "relation_1" AS "source"
    UNION ALL
    SELECT
        "source"."is_active" AS "is_active",
        "source"."quantity" AS "quantity",
        "source"."physicalproduct_id" AS "__reference_0"
    FROM "relation_2" AS "source"
    UNION ALL
    SELECT
        "source"."is_active" AS "is_active",
        "source"."quantity" AS "quantity",
        "source"."electronics_id" AS "__reference_0"
    FROM "relation_4" AS "source"
    UNION ALL
    SELECT
        "source"."is_active" AS "is_active",
        "source"."quantity" AS "quantity",
        "source"."computer_id" AS "__reference_0"
    FROM "relation_5" AS "source"
    UNION ALL
    SELECT
        "source"."is_active" AS "is_active",
        "source"."quantity" AS "quantity",
        "source"."desktop_id" AS "__reference_0"
    FROM "relation_6" AS "source"
    UNION ALL
    SELECT
        "source"."is_active" AS "is_active",
        "source"."quantity" AS "quantity",
        "source"."laptop_id" AS "__reference_0"
    FROM "relation_7" AS "source"
    UNION ALL
    SELECT
        "source"."is_active" AS "is_active",
        "source"."quantity" AS "quantity",
        "source"."tablet_id" AS "__reference_0"
    FROM "relation_8" AS "source"
    UNION ALL
    SELECT
        "source"."is_active" AS "is_active",
        "source"."quantity" AS "quantity",
        "source"."smartwatch_id" AS "__reference_0"
    FROM "relation_9" AS "source"
    UNION ALL
    SELECT
        "source"."is_active" AS "is_active",
        "source"."quantity" AS "quantity",
        "source"."camera_id" AS "__reference_0"
    FROM "relation_10" AS "source"
    UNION ALL
    SELECT
        "source"."is_active" AS "is_active",
        "source"."quantity" AS "quantity",
        "source"."phone_id" AS "__reference_0"
    FROM "relation_11" AS "source"
    UNION ALL
    SELECT
        "source"."is_active" AS "is_active",
        "source"."quantity" AS "quantity",
        "source"."accessory_id" AS "__reference_0"
    FROM "relation_12" AS "source"
    UNION ALL
    SELECT
        "source"."is_active" AS "is_active",
        "source"."quantity" AS "quantity",
        "source"."appliance_id" AS "__reference_0"
    FROM "relation_13" AS "source"
    UNION ALL
    SELECT
        "source"."is_active" AS "is_active",
        "source"."quantity" AS "quantity",
        "source"."kitchenappliance_id" AS "__reference_0"
    FROM "relation_14" AS "source"
    UNION ALL
    SELECT
        "source"."is_active" AS "is_active",
        "source"."quantity" AS "quantity",
        "source"."apparel_id" AS "__reference_0"
    FROM "relation_15" AS "source"
    UNION ALL
    SELECT
        "source"."is_active" AS "is_active",
        "source"."quantity" AS "quantity",
        "source"."clothing_id" AS "__reference_0"
    FROM "relation_16" AS "source"
    UNION ALL
    SELECT
        "source"."is_active" AS "is_active",
        "source"."quantity" AS "quantity",
        "source"."menclothing_id" AS "__reference_0"
    FROM "relation_17" AS "source"
    UNION ALL
    SELECT
        "source"."is_active" AS "is_active",
        "source"."quantity" AS "quantity",
        "source"."womenclothing_id" AS "__reference_0"
    FROM "relation_18" AS "source"
    UNION ALL
    SELECT
        "source"."is_active" AS "is_active",
        "source"."quantity" AS "quantity",
        "source"."footwear_id" AS "__reference_0"
    FROM "relation_19" AS "source"
    UNION ALL
    SELECT
        "source"."is_active" AS "is_active",
        "source"."quantity" AS "quantity",
        "source"."digitalproduct_id" AS "__reference_0"
    FROM "relation_3" AS "source"
    UNION ALL
    SELECT
        "source"."is_active" AS "is_active",
        "source"."quantity" AS "quantity",
        "source"."media_id" AS "__reference_0"
    FROM "relation_20" AS "source"
    UNION ALL
    SELECT
        "source"."is_active" AS "is_active",
        "source"."quantity" AS "quantity",
        "source"."software_id" AS "__reference_0"
    FROM "relation_21" AS "source"
),
"b2" AS (
    SELECT
        "source"."is_active" AS "is_active",
        "source"."product_name" AS "product_name",
        "source"."product_id" AS "__reference_0"
    FROM "relation_1" AS "source"
    UNION ALL
    SELECT
        "source"."is_active" AS "is_active",
        "source"."product_name" AS "product_name",
        "source"."physicalproduct_id" AS "__reference_0"
    FROM "relation_2" AS "source"
    UNION ALL
    SELECT
        "source"."is_active" AS "is_active",
        "source"."product_name" AS "product_name",
        "source"."electronics_id" AS "__reference_0"
    FROM "relation_4" AS "source"
    UNION ALL
    SELECT
        "source"."is_active" AS "is_active",
        "source"."product_name" AS "product_name",
        "source"."computer_id" AS "__reference_0"
    FROM "relation_5" AS "source"
    UNION ALL
    SELECT
        "source"."is_active" AS "is_active",
        "source"."product_name" AS "product_name",
        "source"."desktop_id" AS "__reference_0"
    FROM "relation_6" AS "source"
    UNION ALL
    SELECT
        "source"."is_active" AS "is_active",
        "source"."product_name" AS "product_name",
        "source"."laptop_id" AS "__reference_0"
    FROM "relation_7" AS "source"
    UNION ALL
    SELECT
        "source"."is_active" AS "is_active",
        "source"."product_name" AS "product_name",
        "source"."tablet_id" AS "__reference_0"
    FROM "relation_8" AS "source"
    UNION ALL
    SELECT
        "source"."is_active" AS "is_active",
        "source"."product_name" AS "product_name",
        "source"."smartwatch_id" AS "__reference_0"
    FROM "relation_9" AS "source"
    UNION ALL
    SELECT
        "source"."is_active" AS "is_active",
        "source"."product_name" AS "product_name",
        "source"."camera_id" AS "__reference_0"
    FROM "relation_10" AS "source"
    UNION ALL
    SELECT
        "source"."is_active" AS "is_active",
        "source"."product_name" AS "product_name",
        "source"."phone_id" AS "__reference_0"
    FROM "relation_11" AS "source"
    UNION ALL
    SELECT
        "source"."is_active" AS "is_active",
        "source"."product_name" AS "product_name",
        "source"."accessory_id" AS "__reference_0"
    FROM "relation_12" AS "source"
    UNION ALL
    SELECT
        "source"."is_active" AS "is_active",
        "source"."product_name" AS "product_name",
        "source"."appliance_id" AS "__reference_0"
    FROM "relation_13" AS "source"
    UNION ALL
    SELECT
        "source"."is_active" AS "is_active",
        "source"."product_name" AS "product_name",
        "source"."kitchenappliance_id" AS "__reference_0"
    FROM "relation_14" AS "source"
    UNION ALL
    SELECT
        "source"."is_active" AS "is_active",
        "source"."product_name" AS "product_name",
        "source"."apparel_id" AS "__reference_0"
    FROM "relation_15" AS "source"
    UNION ALL
    SELECT
        "source"."is_active" AS "is_active",
        "source"."product_name" AS "product_name",
        "source"."clothing_id" AS "__reference_0"
    FROM "relation_16" AS "source"
    UNION ALL
    SELECT
        "source"."is_active" AS "is_active",
        "source"."product_name" AS "product_name",
        "source"."menclothing_id" AS "__reference_0"
    FROM "relation_17" AS "source"
    UNION ALL
    SELECT
        "source"."is_active" AS "is_active",
        "source"."product_name" AS "product_name",
        "source"."womenclothing_id" AS "__reference_0"
    FROM "relation_18" AS "source"
    UNION ALL
    SELECT
        "source"."is_active" AS "is_active",
        "source"."product_name" AS "product_name",
        "source"."footwear_id" AS "__reference_0"
    FROM "relation_19" AS "source"
    UNION ALL
    SELECT
        "source"."is_active" AS "is_active",
        "source"."product_name" AS "product_name",
        "source"."digitalproduct_id" AS "__reference_0"
    FROM "relation_3" AS "source"
    UNION ALL
    SELECT
        "source"."is_active" AS "is_active",
        "source"."product_name" AS "product_name",
        "source"."media_id" AS "__reference_0"
    FROM "relation_20" AS "source"
    UNION ALL
    SELECT
        "source"."is_active" AS "is_active",
        "source"."product_name" AS "product_name",
        "source"."software_id" AS "__reference_0"
    FROM "relation_21" AS "source"
)
SELECT 
    "b1"."is_active" AS "is_active",
    "b2"."is_active" AS "is_active",
    "b2"."product_name" AS "product_name"
FROM (("b0" INNER JOIN "b1" ON ("b0"."__endpoint_product_id_0" = "b1"."__reference_0")) INNER JOIN "b2" ON ("b0"."__endpoint_bundle_product_id_0" = "b2"."__reference_0"))
WHERE ("b1"."quantity" < 23);
                                                             QUERY PLAN                                                             
------------------------------------------------------------------------------------------------------------------------------------
 Hash Join  (cost=1106131.60..2808527.21 rows=51762107 width=42) (actual rows=1684028 loops=1)
   Hash Cond: (source_22.product_id = source.bundle_product_product_id)
   Buffers: shared hit=4225 read=799855, temp read=122796 written=122796
   ->  Append  (cost=0.00..646516.84 rows=16796056 width=42) (actual rows=16796782 loops=1)
         Buffers: shared read=394576
         ->  Seq Scan on relation_1 source_22  (cost=0.00..1902.99 rows=61999 width=42) (actual rows=61999 loops=1)
               Buffers: shared read=1283
         ->  Seq Scan on relation_2 source_23  (cost=0.00..2770.65 rows=85865 width=42) (actual rows=85865 loops=1)
               Buffers: shared read=1912
         ->  Seq Scan on relation_4 source_24  (cost=0.00..295054.61 rows=9003261 width=42) (actual rows=9004045 loops=1)
               Buffers: shared read=205022
         ->  Seq Scan on relation_5 source_25  (cost=0.00..3684.90 rows=107190 width=42) (actual rows=107190 loops=1)
               Buffers: shared read=2613
         ->  Seq Scan on relation_6 source_26  (cost=0.00..66884.60 rows=1877960 width=42) (actual rows=1877778 loops=1)
               Buffers: shared read=48105
         ->  Seq Scan on relation_7 source_27  (cost=0.00..4873.70 rows=139670 width=42) (actual rows=139670 loops=1)
               Buffers: shared read=3477
         ->  Seq Scan on relation_8 source_28  (cost=0.00..3329.00 rows=100000 width=42) (actual rows=100000 loops=1)
               Buffers: shared read=2329
         ->  Seq Scan on relation_9 source_29  (cost=0.00..15630.45 rows=469445 width=42) (actual rows=469445 loops=1)
               Buffers: shared read=10936
         ->  Seq Scan on relation_10 source_30  (cost=0.00..5626.01 rows=169001 width=42) (actual rows=169001 loops=1)
               Buffers: shared read=3936
         ->  Seq Scan on relation_11 source_31  (cost=0.00..23109.01 rows=676001 width=42) (actual rows=676001 loops=1)
               Buffers: shared read=16349
         ->  Seq Scan on relation_12 source_32  (cost=0.00..4899.98 rows=144898 width=42) (actual rows=144898 loops=1)
               Buffers: shared read=3451
         ->  Seq Scan on relation_13 source_33  (cost=0.00..1970.20 rows=60120 width=42) (actual rows=60120 loops=1)
               Buffers: shared read=1369
         ->  Seq Scan on relation_14 source_34  (cost=0.00..8787.63 rows=264063 width=42) (actual rows=264063 loops=1)
               Buffers: shared read=6147
         ->  Seq Scan on relation_15 source_35  (cost=0.00..11989.62 rows=364762 width=42) (actual rows=364762 loops=1)
               Buffers: shared read=8342
         ->  Seq Scan on relation_16 source_36  (cost=0.00..10062.82 rows=297982 width=42) (actual rows=297982 loops=1)
               Buffers: shared read=7083
         ->  Seq Scan on relation_17 source_37  (cost=0.00..58719.76 rows=1689876 width=42) (actual rows=1690000 loops=1)
               Buffers: shared read=41821
         ->  Seq Scan on relation_18 source_38  (cost=0.00..4075.62 rows=117362 width=42) (actual rows=117362 loops=1)
               Buffers: shared read=2902
         ->  Seq Scan on relation_19 source_39  (cost=0.00..967.42 rows=28642 width=42) (actual rows=28642 loops=1)
               Buffers: shared read=681
         ->  Seq Scan on relation_3 source_40  (cost=0.00..2194.09 rows=66709 width=42) (actual rows=66709 loops=1)
               Buffers: shared read=1527
         ->  Seq Scan on relation_20 source_41  (cost=0.00..35487.50 rows=1056250 width=42) (actual rows=1056250 loops=1)
               Buffers: shared read=24925
         ->  Seq Scan on relation_21 source_42  (cost=0.00..516.00 rows=15000 width=42) (actual rows=15000 loops=1)
               Buffers: shared read=366
   ->  Hash  (cost=967269.94..967269.94 rows=8463893 width=8) (actual rows=1684028 loops=1)
         Buckets: 4194304  Batches: 4  Memory Usage: 49253kB
         Buffers: shared hit=4225 read=405279, temp read=20127 written=24438
         ->  Hash Join  (cost=103636.51..967269.94 rows=8463893 width=8) (actual rows=1684028 loops=1)
               Hash Cond: (source_1.product_id = source.product_id)
               Buffers: shared hit=4225 read=405279, temp read=20127 written=20127
               ->  Append  (cost=0.00..646846.17 rows=8463893 width=8) (actual rows=8421689 loops=1)
                     Buffers: shared hit=4225 read=390351
                     ->  Seq Scan on relation_1 source_1  (cost=0.00..2057.99 rows=31076 width=8) (actual rows=31219 loops=1)
                           Filter: (quantity < 23)
                           Rows Removed by Filter: 30780
                           Buffers: shared hit=30 read=1253
                     ->  Seq Scan on relation_2 source_2  (cost=0.00..2985.31 rows=42976 width=8) (actual rows=43183 loops=1)
                           Filter: (quantity < 23)
                           Rows Removed by Filter: 42682
                           Buffers: shared hit=39 read=1873
                     ->  Seq Scan on relation_4 source_3  (cost=0.00..317562.76 rows=4545214 width=8) (actual rows=4516419 loops=1)
                           Filter: (quantity < 23)
                           Rows Removed by Filter: 4487626
                           Buffers: shared hit=3547 read=201475
                     ->  Seq Scan on relation_5 source_4  (cost=0.00..3952.88 rows=53889 width=8) (actual rows=53852 loops=1)
                           Filter: (quantity < 23)
                           Rows Removed by Filter: 53338
                           Buffers: shared hit=42 read=2571
                     ->  Seq Scan on relation_6 source_5  (cost=0.00..71579.50 rows=947320 width=8) (actual rows=940479 loops=1)
                           Filter: (quantity < 23)
                           Rows Removed by Filter: 937299
                           Buffers: shared hit=512 read=47593
                     ->  Seq Scan on relation_7 source_6  (cost=0.00..5222.88 rows=70749 width=8) (actual rows=70248 loops=1)
                           Filter: (quantity < 23)
                           Rows Removed by Filter: 69422
                           Buffers: shared hit=18 read=3459
                     ->  Seq Scan on relation_8 source_7  (cost=0.00..3579.00 rows=49724 width=8) (actual rows=50029 loops=1)
                           Filter: (quantity < 23)
                           Rows Removed by Filter: 49971
                           Buffers: shared hit=8 read=2321
                     ->  Seq Scan on relation_9 source_8  (cost=0.00..16804.06 rows=235665 width=8) (actual rows=234840 loops=1)
                           Filter: (quantity < 23)
                           Rows Removed by Filter: 234605
                           Buffers: shared hit=27 read=10909
                     ->  Seq Scan on relation_10 source_9  (cost=0.00..6048.51 rows=83843 width=8) (actual rows=84651 loops=1)
                           Filter: (quantity < 23)
                           Rows Removed by Filter: 84350
                           Buffers: shared hit=1 read=3935
                     ->  Seq Scan on relation_11 source_10  (cost=0.00..24799.01 rows=341363 width=8) (actual rows=337861 loops=1)
                           Filter: (quantity < 23)
                           Rows Removed by Filter: 338140
                           Buffers: shared hit=1 read=16348
                     ->  Seq Scan on relation_12 source_11  (cost=0.00..5262.23 rows=72411 width=8) (actual rows=72278 loops=1)
                           Filter: (quantity < 23)
                           Rows Removed by Filter: 72620
                           Buffers: shared read=3451
                     ->  Seq Scan on relation_13 source_12  (cost=0.00..2120.50 rows=30183 width=8) (actual rows=30182 loops=1)
                           Filter: (quantity < 23)
                           Rows Removed by Filter: 29938
                           Buffers: shared read=1369
                     ->  Seq Scan on relation_14 source_13  (cost=0.00..9447.79 rows=132271 width=8) (actual rows=132363 loops=1)
                           Filter: (quantity < 23)
                           Rows Removed by Filter: 131700
                           Buffers: shared read=6147
                     ->  Seq Scan on relation_15 source_14  (cost=0.00..12901.53 rows=183381 width=8) (actual rows=182958 loops=1)
                           Filter: (quantity < 23)
                           Rows Removed by Filter: 181804
                           Buffers: shared read=8342
                     ->  Seq Scan on relation_16 source_15  (cost=0.00..10807.77 rows=149490 width=8) (actual rows=149682 loops=1)
                           Filter: (quantity < 23)
                           Rows Removed by Filter: 148300
                           Buffers: shared read=7083
                     ->  Seq Scan on relation_17 source_16  (cost=0.00..62944.45 rows=851654 width=8) (actual rows=847671 loops=1)
                           Filter: (quantity < 23)
                           Rows Removed by Filter: 842329
                           Buffers: shared read=41821
                     ->  Seq Scan on relation_18 source_17  (cost=0.00..4369.02 rows=58975 width=8) (actual rows=58817 loops=1)
                           Filter: (quantity < 23)
                           Rows Removed by Filter: 58545
                           Buffers: shared read=2902
                     ->  Seq Scan on relation_19 source_18  (cost=0.00..1039.03 rows=14513 width=8) (actual rows=14513 loops=1)
                           Filter: (quantity < 23)
                           Rows Removed by Filter: 14129
                           Buffers: shared read=681
                     ->  Seq Scan on relation_3 source_19  (cost=0.00..2360.86 rows=33375 width=8) (actual rows=33285 loops=1)
                           Filter: (quantity < 23)
                           Rows Removed by Filter: 33424
                           Buffers: shared read=1527
                     ->  Seq Scan on relation_20 source_20  (cost=0.00..38128.12 rows=528274 width=8) (actual rows=529612 loops=1)
                           Filter: (quantity < 23)
                           Rows Removed by Filter: 526638
                           Buffers: shared read=24925
                     ->  Seq Scan on relation_21 source_21  (cost=0.00..553.50 rows=7547 width=8) (actual rows=7547 loops=1)
                           Filter: (quantity < 23)
                           Rows Removed by Filter: 7453
                           Buffers: shared read=366
               ->  Hash  (cost=48521.56..48521.56 rows=3359356 width=8) (actual rows=3359356 loops=1)
                     Buckets: 4194304  Batches: 2  Memory Usage: 98410kB
                     Buffers: shared read=14928, temp written=5738
                     ->  Seq Scan on relation_48 source  (cost=0.00..48521.56 rows=3359356 width=8) (actual rows=3359356 loops=1)
                           Buffers: shared read=14928
 Planning Time: 0.550 ms
 JIT:
   Functions: 139
   Options: Inlining true, Optimization true, Expressions true, Deforming true
 Execution Time: 8990.761 ms
(149 rows)

-- Q026 [weak_owner] occurrence 1/1
-- Original E/R: SELECT w.shipped_at, w.tracking_no, w.delivered_at, o.status FROM Shipment w JOIN CustOrder o ON OWNER(w) = REF(o) WHERE w.tracking_no < 'KT0862261685';
EXPLAIN (ANALYZE, BUFFERS, TIMING OFF, SUMMARY ON, FORMAT TEXT)
WITH
"b0" AS (
    SELECT
        "source"."delivered_at" AS "delivered_at",
        "source"."shipped_at" AS "shipped_at",
        "source"."tracking_no" AS "tracking_no",
        "source"."custorder_id" AS "__owner_0"
    FROM "relation_38" AS "source"
),
"b1" AS (
    SELECT
        "source"."status" AS "status",
        "source"."custorder_id" AS "__reference_0"
    FROM "relation_37" AS "source"
)
SELECT 
    "b0"."shipped_at" AS "shipped_at",
    "b0"."tracking_no" AS "tracking_no",
    "b0"."delivered_at" AS "delivered_at",
    "b1"."status" AS "status"
FROM ("b0" INNER JOIN "b1" ON ("b0"."__owner_0" = "b1"."__reference_0"))
WHERE ("b0"."tracking_no" < 'KT0862261685');
                                                   QUERY PLAN                                                    
-----------------------------------------------------------------------------------------------------------------
 Hash Join  (cost=758.54..4019.46 rows=10105 width=44) (actual rows=10106 loops=1)
   Hash Cond: (source_1.custorder_id = source.custorder_id)
   Buffers: shared read=1983
   ->  Seq Scan on relation_37 source_1  (cost=0.00..2457.60 rows=80260 width=13) (actual rows=80260 loops=1)
         Buffers: shared read=1655
   ->  Hash  (cost=632.23..632.23 rows=10105 width=39) (actual rows=10106 loops=1)
         Buckets: 16384  Batches: 1  Memory Usage: 801kB
         Buffers: shared read=328
         ->  Seq Scan on relation_38 source  (cost=0.00..632.23 rows=10105 width=39) (actual rows=10106 loops=1)
               Filter: ((tracking_no)::text < 'KT0862261685'::text)
               Rows Removed by Filter: 14232
               Buffers: shared read=328
 Planning:
   Buffers: shared hit=8 read=14 dirtied=3
 Planning Time: 41.698 ms
 Execution Time: 14.730 ms
(16 rows)

-- Q027 [aggregation] occurrence 1/1
-- Original E/R: SELECT e2.custorder_id, COUNT(DISTINCT REF(e1)) AS related_count FROM customer_orders r JOIN Customer e1 ON ENDPOINT(r, Customer) = REF(e1) JOIN CustOrder e2 ON ENDPOINT(r, CustOrder) = REF(e2) WHERE e1.password_hash < '1954c55d5d08b48e85e9b1d50237be6a53a0dfbbd25cbe55d26a823a4e7a31e9' GROUP BY REF(e2), e2.custorder_id HAVING COUNT(DISTINCT REF(e1)) >= 4;
EXPLAIN (ANALYZE, BUFFERS, TIMING OFF, SUMMARY ON, FORMAT TEXT)
WITH
"b0" AS (
    SELECT
        "source"."customer_orders_customer_id" AS "__endpoint_customer_0",
        "source"."custorder_id" AS "__endpoint_custorder_0"
    FROM "relation_37" AS "source"
    WHERE ("source"."customer_orders_customer_id" IS NOT NULL)
),
"b1" AS (
    SELECT
        "source"."password_hash" AS "password_hash",
        "source"."customer_id" AS "__reference_0"
    FROM "relation_23" AS "source"
    UNION ALL
    SELECT
        "source"."password_hash" AS "password_hash",
        "source"."primecustomer_id" AS "__reference_0"
    FROM "relation_24" AS "source"
    UNION ALL
    SELECT
        "source"."password_hash" AS "password_hash",
        "source"."businesscustomer_id" AS "__reference_0"
    FROM "relation_25" AS "source"
),
"b2" AS (
    SELECT
        "source"."custorder_id" AS "custorder_id",
        "source"."custorder_id" AS "__reference_0"
    FROM "relation_37" AS "source"
)
SELECT 
    "b2"."custorder_id" AS "custorder_id",
    COUNT(DISTINCT "b1"."__reference_0") AS "related_count"
FROM (("b0" INNER JOIN "b1" ON ("b0"."__endpoint_customer_0" = "b1"."__reference_0")) INNER JOIN "b2" ON ("b0"."__endpoint_custorder_0" = "b2"."__reference_0"))
WHERE ("b1"."password_hash" < '1954c55d5d08b48e85e9b1d50237be6a53a0dfbbd25cbe55d26a823a4e7a31e9')
GROUP BY
    "b2"."__reference_0",
    "b2"."custorder_id"
HAVING (COUNT(DISTINCT "b1"."__reference_0") >= 4);
                                                                       QUERY PLAN                                                                       
--------------------------------------------------------------------------------------------------------------------------------------------------------
 GroupAggregate  (cost=49114.74..62530.16 rows=26753 width=16) (actual rows=0 loops=1)
   Group Key: source_4.custorder_id
   Filter: (count(DISTINCT source_3.businesscustomer_id) >= 4)
   Rows Removed by Filter: 7540
   Buffers: shared hit=3310 read=33257
   ->  Gather Merge  (cost=49114.74..61015.98 rows=102186 width=8) (actual rows=7540 loops=1)
         Workers Planned: 2
         Workers Launched: 0
         Buffers: shared hit=3310 read=33257
         ->  Sort  (cost=48114.72..48221.16 rows=42578 width=8) (actual rows=7540 loops=1)
               Sort Key: source_4.custorder_id, source_3.businesscustomer_id
               Sort Method: quicksort  Memory: 428kB
               Buffers: shared hit=3310 read=33257
               ->  Parallel Hash Join  (cost=5474.23..44840.93 rows=42578 width=8) (actual rows=7540 loops=1)
                     Hash Cond: (source_3.businesscustomer_id = source.customer_orders_customer_id)
                     Buffers: shared hit=3310 read=33257
                     ->  Parallel Append  (cost=0.00..38953.84 rows=43311 width=4) (actual rows=102657 loops=1)
                           Buffers: shared read=33257
                           ->  Parallel Seq Scan on relation_25 source_3  (cost=0.00..33143.50 rows=37622 width=4) (actual rows=89049 loops=1)
                                 Filter: ((password_hash)::text < '1954c55d5d08b48e85e9b1d50237be6a53a0dfbbd25cbe55d26a823a4e7a31e9'::text)
                                 Rows Removed by Filter: 810951
                                 Buffers: shared read=28456
                           ->  Parallel Seq Scan on relation_24 source_2  (cost=0.00..4233.83 rows=4148 width=4) (actual rows=9893 loops=1)
                                 Filter: ((password_hash)::text < '1954c55d5d08b48e85e9b1d50237be6a53a0dfbbd25cbe55d26a823a4e7a31e9'::text)
                                 Rows Removed by Filter: 90107
                                 Buffers: shared read=3713
                           ->  Parallel Seq Scan on relation_23 source_1  (cost=0.00..1359.95 rows=2175 width=4) (actual rows=3715 loops=1)
                                 Filter: ((password_hash)::text < '1954c55d5d08b48e85e9b1d50237be6a53a0dfbbd25cbe55d26a823a4e7a31e9'::text)
                                 Rows Removed by Filter: 33270
                                 Buffers: shared read=1088
                     ->  Parallel Hash  (cost=4926.20..4926.20 rows=43842 width=8) (actual rows=74642 loops=1)
                           Buckets: 131072  Batches: 1  Memory Usage: 3968kB
                           Buffers: shared hit=3310
                           ->  Parallel Hash Join  (cost=2675.14..4926.20 rows=43842 width=8) (actual rows=74642 loops=1)
                                 Hash Cond: (source_4.custorder_id = source.custorder_id)
                                 Buffers: shared hit=3310
                                 ->  Parallel Seq Scan on relation_37 source_4  (cost=0.00..2127.12 rows=47212 width=4) (actual rows=80260 loops=1)
                                       Buffers: shared hit=1655
                                 ->  Parallel Hash  (cost=2127.12..2127.12 rows=43842 width=8) (actual rows=74642 loops=1)
                                       Buckets: 131072  Batches: 1  Memory Usage: 3968kB
                                       Buffers: shared hit=1655
                                       ->  Parallel Seq Scan on relation_37 source  (cost=0.00..2127.12 rows=43842 width=8) (actual rows=74642 loops=1)
                                             Filter: (customer_orders_customer_id IS NOT NULL)
                                             Rows Removed by Filter: 5618
                                             Buffers: shared hit=1655
 Planning:
   Buffers: shared hit=16
 Planning Time: 0.192 ms
 Execution Time: 128.773 ms
(49 rows)

-- Q028 [weak_owner] occurrence 1/1
-- Original E/R: SELECT w.review_id, w.created_at, w.rating, o.user_id, o.password_hash FROM Review w JOIN Customer o ON OWNER(w) = REF(o) WHERE w.created_at >= '2025-03-18';
EXPLAIN (ANALYZE, BUFFERS, TIMING OFF, SUMMARY ON, FORMAT TEXT)
WITH
"b0" AS (
    SELECT
        "source"."created_at" AS "created_at",
        "source"."rating" AS "rating",
        "source"."review_id" AS "review_id",
        "source"."customer_id" AS "__owner_0"
    FROM "relation_35" AS "source"
),
"b1" AS (
    SELECT
        "source"."password_hash" AS "password_hash",
        "source"."customer_id" AS "user_id",
        "source"."customer_id" AS "__reference_0"
    FROM "relation_23" AS "source"
    UNION ALL
    SELECT
        "source"."password_hash" AS "password_hash",
        "source"."primecustomer_id" AS "user_id",
        "source"."primecustomer_id" AS "__reference_0"
    FROM "relation_24" AS "source"
    UNION ALL
    SELECT
        "source"."password_hash" AS "password_hash",
        "source"."businesscustomer_id" AS "user_id",
        "source"."businesscustomer_id" AS "__reference_0"
    FROM "relation_25" AS "source"
)
SELECT 
    "b0"."review_id" AS "review_id",
    "b0"."created_at" AS "created_at",
    "b0"."rating" AS "rating",
    "b1"."user_id" AS "user_id",
    "b1"."password_hash" AS "password_hash"
FROM ("b0" INNER JOIN "b1" ON ("b0"."__owner_0" = "b1"."__reference_0"))
WHERE ("b0"."created_at" >= '2025-03-18');
                                                      QUERY PLAN                                                       
-----------------------------------------------------------------------------------------------------------------------
 Hash Join  (cost=1117.46..59616.12 rows=320573 width=88) (actual rows=7641 loops=1)
   Hash Cond: (source_1.customer_id = source.customer_id)
   Buffers: shared hit=4833 read=29129
   ->  Append  (cost=0.00..48811.78 rows=1036985 width=73) (actual rows=1036985 loops=1)
         Buffers: shared hit=4833 read=28424
         ->  Seq Scan on relation_23 source_1  (cost=0.00..1457.85 rows=36985 width=73) (actual rows=36985 loops=1)
               Buffers: shared hit=1088
         ->  Seq Scan on relation_24 source_2  (cost=0.00..4713.00 rows=100000 width=73) (actual rows=100000 loops=1)
               Buffers: shared hit=3713
         ->  Seq Scan on relation_25 source_3  (cost=0.00..37456.00 rows=900000 width=73) (actual rows=900000 loops=1)
               Buffers: shared hit=32 read=28424
   ->  Hash  (cost=1020.94..1020.94 rows=7722 width=23) (actual rows=7641 loops=1)
         Buckets: 8192  Batches: 1  Memory Usage: 482kB
         Buffers: shared read=705
         ->  Seq Scan on relation_35 source  (cost=0.00..1020.94 rows=7722 width=23) (actual rows=7641 loops=1)
               Filter: ((created_at)::text >= '2025-03-18'::text)
               Rows Removed by Filter: 17634
               Buffers: shared read=705
 Planning:
   Buffers: shared hit=12 read=8 dirtied=2
 Planning Time: 41.142 ms
 Execution Time: 125.101 ms
(22 rows)

-- Q029 [selection_projection] occurrence 1/1
-- Original E/R: SELECT e.dimensions FROM Apparel e WHERE e.is_active >= 1;
EXPLAIN (ANALYZE, BUFFERS, TIMING OFF, SUMMARY ON, FORMAT TEXT)
WITH
"b0" AS (
    SELECT
        "source"."dimensions" AS "dimensions",
        "source"."is_active" AS "is_active"
    FROM "relation_15" AS "source"
    UNION ALL
    SELECT
        "source"."dimensions" AS "dimensions",
        "source"."is_active" AS "is_active"
    FROM "relation_16" AS "source"
    UNION ALL
    SELECT
        "source"."dimensions" AS "dimensions",
        "source"."is_active" AS "is_active"
    FROM "relation_17" AS "source"
    UNION ALL
    SELECT
        "source"."dimensions" AS "dimensions",
        "source"."is_active" AS "is_active"
    FROM "relation_18" AS "source"
    UNION ALL
    SELECT
        "source"."dimensions" AS "dimensions",
        "source"."is_active" AS "is_active"
    FROM "relation_19" AS "source"
)
SELECT 
    "b0"."dimensions" AS "dimensions"
FROM "b0"
WHERE ("b0"."is_active" >= 1);
                                                    QUERY PLAN                                                    
------------------------------------------------------------------------------------------------------------------
 Append  (cost=0.00..102688.32 rows=2125304 width=6) (actual rows=2123495 loops=1)
   Buffers: shared hit=3679 read=57150
   ->  Seq Scan on relation_15 source  (cost=0.00..12901.53 rows=309829 width=6) (actual rows=310107 loops=1)
         Filter: (is_active >= 1)
         Rows Removed by Filter: 54655
         Buffers: shared hit=32 read=8310
   ->  Seq Scan on relation_16 source_1  (cost=0.00..10807.77 rows=253960 width=6) (actual rows=253275 loops=1)
         Filter: (is_active >= 1)
         Rows Removed by Filter: 44707
         Buffers: shared hit=32 read=7051
   ->  Seq Scan on relation_17 source_2  (cost=0.00..62944.45 rows=1437803 width=6) (actual rows=1436177 loops=1)
         Filter: (is_active >= 1)
         Rows Removed by Filter: 253823
         Buffers: shared hit=32 read=41789
   ->  Seq Scan on relation_18 source_3  (cost=0.00..4369.02 rows=99363 width=6) (actual rows=99587 loops=1)
         Filter: (is_active >= 1)
         Rows Removed by Filter: 17775
         Buffers: shared hit=2902
   ->  Seq Scan on relation_19 source_4  (cost=0.00..1039.03 rows=24349 width=6) (actual rows=24349 loops=1)
         Filter: (is_active >= 1)
         Rows Removed by Filter: 4293
         Buffers: shared hit=681
 Planning:
   Buffers: shared hit=11 read=8 dirtied=3
 Planning Time: 0.111 ms
 JIT:
   Functions: 20
   Options: Inlining false, Optimization false, Expressions true, Deforming true
 Execution Time: 225.333 ms
(29 rows)

-- Q030 [selection_projection] occurrence 1/1
-- Original E/R: SELECT DISTINCT e.sku FROM Electronics e WHERE e.product_id < 2749696;
EXPLAIN (ANALYZE, BUFFERS, TIMING OFF, SUMMARY ON, FORMAT TEXT)
WITH
"b0" AS (
    SELECT
        "source"."electronics_id" AS "product_id",
        "source"."sku" AS "sku"
    FROM "relation_4" AS "source"
    UNION ALL
    SELECT
        "source"."computer_id" AS "product_id",
        "source"."sku" AS "sku"
    FROM "relation_5" AS "source"
    UNION ALL
    SELECT
        "source"."desktop_id" AS "product_id",
        "source"."sku" AS "sku"
    FROM "relation_6" AS "source"
    UNION ALL
    SELECT
        "source"."laptop_id" AS "product_id",
        "source"."sku" AS "sku"
    FROM "relation_7" AS "source"
    UNION ALL
    SELECT
        "source"."tablet_id" AS "product_id",
        "source"."sku" AS "sku"
    FROM "relation_8" AS "source"
    UNION ALL
    SELECT
        "source"."smartwatch_id" AS "product_id",
        "source"."sku" AS "sku"
    FROM "relation_9" AS "source"
    UNION ALL
    SELECT
        "source"."camera_id" AS "product_id",
        "source"."sku" AS "sku"
    FROM "relation_10" AS "source"
    UNION ALL
    SELECT
        "source"."phone_id" AS "product_id",
        "source"."sku" AS "sku"
    FROM "relation_11" AS "source"
    UNION ALL
    SELECT
        "source"."accessory_id" AS "product_id",
        "source"."sku" AS "sku"
    FROM "relation_12" AS "source"
)
SELECT DISTINCT 
    "b0"."sku" AS "sku"
FROM "b0"
WHERE ("b0"."product_id" < 2749696);
                                                                         QUERY PLAN                                                                          
-------------------------------------------------------------------------------------------------------------------------------------------------------------
 Unique  (cost=260971.60..260973.60 rows=200 width=18) (actual rows=2535122 loops=1)
   Buffers: shared hit=21 read=205022, temp read=13463 written=18773
   ->  Sort  (cost=260971.60..260972.60 rows=400 width=18) (actual rows=2535122 loops=1)
         Sort Key: source_2.sku
         Sort Method: external merge  Disk: 54584kB
         Buffers: shared hit=21 read=205022, temp read=13463 written=18773
         ->  Gather  (cost=260912.31..260954.31 rows=400 width=18) (actual rows=2535122 loops=1)
               Workers Planned: 2
               Workers Launched: 0
               Buffers: shared hit=21 read=205022, temp read=6640 written=11948
               ->  HashAggregate  (cost=259912.31..259914.31 rows=200 width=18) (actual rows=2535122 loops=1)
                     Group Key: source_2.sku
                     Batches: 5  Memory Usage: 131137kB  Disk Usage: 56088kB
                     Buffers: shared hit=21 read=205022, temp read=6640 written=11948
                     ->  Parallel Append  (cost=0.42..257264.05 rows=1059305 width=18) (actual rows=2535122 loops=1)
                           Buffers: shared hit=21 read=205022
                           ->  Parallel Index Scan using relation_6_pkey on relation_6 source_2  (cost=0.43..8.44 rows=1 width=18) (actual rows=0 loops=1)
                                 Index Cond: (desktop_id < 2749696)
                                 Buffers: shared hit=3
                           ->  Parallel Index Scan using relation_11_pkey on relation_11 source_7  (cost=0.42..6.46 rows=1 width=18) (actual rows=0 loops=1)
                                 Index Cond: (phone_id < 2749696)
                                 Buffers: shared hit=3
                           ->  Parallel Index Scan using relation_9_pkey on relation_9 source_5  (cost=0.42..8.39 rows=1 width=18) (actual rows=0 loops=1)
                                 Index Cond: (smartwatch_id < 2749696)
                                 Buffers: shared hit=3
                           ->  Parallel Index Scan using relation_7_pkey on relation_7 source_3  (cost=0.42..7.76 rows=1 width=18) (actual rows=0 loops=1)
                                 Index Cond: (laptop_id < 2749696)
                                 Buffers: shared hit=3
                           ->  Parallel Index Scan using relation_10_pkey on relation_10 source_6  (cost=0.42..5.01 rows=1 width=18) (actual rows=0 loops=1)
                                 Index Cond: (camera_id < 2749696)
                                 Buffers: shared hit=3
                           ->  Parallel Index Scan using relation_12_pkey on relation_12 source_8  (cost=0.29..4.88 rows=1 width=18) (actual rows=0 loops=1)
                                 Index Cond: (accessory_id < 2749696)
                                 Buffers: shared hit=2
                           ->  Parallel Index Scan using relation_5_pkey on relation_5 source_1  (cost=0.29..7.71 rows=1 width=18) (actual rows=0 loops=1)
                                 Index Cond: (computer_id < 2749696)
                                 Buffers: shared hit=2
                           ->  Parallel Index Scan using relation_8_pkey on relation_8 source_4  (cost=0.29..4.89 rows=1 width=18) (actual rows=0 loops=1)
                                 Index Cond: (tablet_id < 2749696)
                                 Buffers: shared hit=2
                           ->  Parallel Seq Scan on relation_4 source  (cost=0.00..251913.98 rows=1059297 width=18) (actual rows=2535122 loops=1)
                                 Filter: (electronics_id < 2749696)
                                 Rows Removed by Filter: 6468923
                                 Buffers: shared read=205022
 Planning:
   Buffers: shared read=29
 Planning Time: 0.222 ms
 JIT:
   Functions: 43
   Options: Inlining false, Optimization false, Expressions true, Deforming true
 Execution Time: 7064.049 ms
(51 rows)

-- Q031 [selection_projection] occurrence 1/1
-- Original E/R: SELECT e.base_price FROM Electronics e WHERE e.quantity < 23;
EXPLAIN (ANALYZE, BUFFERS, TIMING OFF, SUMMARY ON, FORMAT TEXT)
WITH
"b0" AS (
    SELECT
        "source"."base_price" AS "base_price",
        "source"."quantity" AS "quantity"
    FROM "relation_4" AS "source"
    UNION ALL
    SELECT
        "source"."base_price" AS "base_price",
        "source"."quantity" AS "quantity"
    FROM "relation_5" AS "source"
    UNION ALL
    SELECT
        "source"."base_price" AS "base_price",
        "source"."quantity" AS "quantity"
    FROM "relation_6" AS "source"
    UNION ALL
    SELECT
        "source"."base_price" AS "base_price",
        "source"."quantity" AS "quantity"
    FROM "relation_7" AS "source"
    UNION ALL
    SELECT
        "source"."base_price" AS "base_price",
        "source"."quantity" AS "quantity"
    FROM "relation_8" AS "source"
    UNION ALL
    SELECT
        "source"."base_price" AS "base_price",
        "source"."quantity" AS "quantity"
    FROM "relation_9" AS "source"
    UNION ALL
    SELECT
        "source"."base_price" AS "base_price",
        "source"."quantity" AS "quantity"
    FROM "relation_10" AS "source"
    UNION ALL
    SELECT
        "source"."base_price" AS "base_price",
        "source"."quantity" AS "quantity"
    FROM "relation_11" AS "source"
    UNION ALL
    SELECT
        "source"."base_price" AS "base_price",
        "source"."quantity" AS "quantity"
    FROM "relation_12" AS "source"
)
SELECT 
    "b0"."base_price" AS "base_price"
FROM "b0"
WHERE ("b0"."quantity" < 23);
                                                   QUERY PLAN                                                   
----------------------------------------------------------------------------------------------------------------
 Append  (cost=0.00..486811.72 rows=6400178 width=4) (actual rows=6360657 loops=1)
   Buffers: shared hit=32 read=296186 written=44
   ->  Seq Scan on relation_4 source  (cost=0.00..317562.76 rows=4545214 width=4) (actual rows=4516419 loops=1)
         Filter: (quantity < 23)
         Rows Removed by Filter: 4487626
         Buffers: shared hit=32 read=204990
   ->  Seq Scan on relation_5 source_1  (cost=0.00..3952.88 rows=53889 width=4) (actual rows=53852 loops=1)
         Filter: (quantity < 23)
         Rows Removed by Filter: 53338
         Buffers: shared read=2613
   ->  Seq Scan on relation_6 source_2  (cost=0.00..71579.50 rows=947320 width=4) (actual rows=940479 loops=1)
         Filter: (quantity < 23)
         Rows Removed by Filter: 937299
         Buffers: shared read=48105
   ->  Seq Scan on relation_7 source_3  (cost=0.00..5222.88 rows=70749 width=4) (actual rows=70248 loops=1)
         Filter: (quantity < 23)
         Rows Removed by Filter: 69422
         Buffers: shared read=3477
   ->  Seq Scan on relation_8 source_4  (cost=0.00..3579.00 rows=49724 width=4) (actual rows=50029 loops=1)
         Filter: (quantity < 23)
         Rows Removed by Filter: 49971
         Buffers: shared read=2329
   ->  Seq Scan on relation_9 source_5  (cost=0.00..16804.06 rows=235665 width=4) (actual rows=234840 loops=1)
         Filter: (quantity < 23)
         Rows Removed by Filter: 234605
         Buffers: shared read=10936
   ->  Seq Scan on relation_10 source_6  (cost=0.00..6048.51 rows=83843 width=4) (actual rows=84651 loops=1)
         Filter: (quantity < 23)
         Rows Removed by Filter: 84350
         Buffers: shared read=3936 written=44
   ->  Seq Scan on relation_11 source_7  (cost=0.00..24799.01 rows=341363 width=4) (actual rows=337861 loops=1)
         Filter: (quantity < 23)
         Rows Removed by Filter: 338140
         Buffers: shared read=16349
   ->  Seq Scan on relation_12 source_8  (cost=0.00..5262.23 rows=72411 width=4) (actual rows=72278 loops=1)
         Filter: (quantity < 23)
         Rows Removed by Filter: 72620
         Buffers: shared read=3451
 Planning Time: 0.104 ms
 JIT:
   Functions: 36
   Options: Inlining false, Optimization false, Expressions true, Deforming true
 Execution Time: 993.935 ms
(43 rows)

-- Q032 [weak_owner] occurrence 1/1
-- Original E/R: SELECT w.code, o.warehouse_id, o.warehouse_name FROM WarehouseBin w JOIN Warehouse o ON OWNER(w) = REF(o) WHERE w.bin_id >= 4986645;
EXPLAIN (ANALYZE, BUFFERS, TIMING OFF, SUMMARY ON, FORMAT TEXT)
WITH
"b0" AS (
    SELECT
        "source"."bin_id" AS "bin_id",
        "source"."code" AS "code",
        "source"."warehouse_id" AS "__owner_0"
    FROM "relation_42" AS "source"
),
"b1" AS (
    SELECT
        "source"."warehouse_id" AS "warehouse_id",
        "source"."warehouse_name" AS "warehouse_name",
        "source"."warehouse_id" AS "__reference_0"
    FROM "relation_41" AS "source"
)
SELECT 
    "b0"."code" AS "code",
    "b1"."warehouse_id" AS "warehouse_id",
    "b1"."warehouse_name" AS "warehouse_name"
FROM ("b0" INNER JOIN "b1" ON ("b0"."__owner_0" = "b1"."__reference_0"))
WHERE ("b0"."bin_id" >= 4986645);
                                                  QUERY PLAN                                                   
---------------------------------------------------------------------------------------------------------------
 Hash Join  (cost=287.21..2549.19 rows=5729 width=31) (actual rows=5724 loops=1)
   Hash Cond: (source_1.warehouse_id = source.warehouse_id)
   Buffers: shared read=738
   ->  Seq Scan on relation_41 source_1  (cost=0.00..1544.82 rows=87982 width=21) (actual rows=87982 loops=1)
         Buffers: shared read=665
   ->  Hash  (cost=215.60..215.60 rows=5729 width=14) (actual rows=5724 loops=1)
         Buckets: 8192  Batches: 1  Memory Usage: 333kB
         Buffers: shared read=73
         ->  Seq Scan on relation_42 source  (cost=0.00..215.60 rows=5729 width=14) (actual rows=5724 loops=1)
               Filter: (bin_id >= 4986645)
               Rows Removed by Filter: 5684
               Buffers: shared read=73
 Planning:
   Buffers: shared hit=38 read=21
 Planning Time: 42.178 ms
 Execution Time: 11.558 ms
(16 rows)

-- Q033 [selection_projection] occurrence 1/1
-- Original E/R: SELECT e.warehouse_id FROM Warehouse e WHERE e.region <= 'Midwest';
EXPLAIN (ANALYZE, BUFFERS, TIMING OFF, SUMMARY ON, FORMAT TEXT)
WITH
"b0" AS (
    SELECT
        "source"."region" AS "region",
        "source"."warehouse_id" AS "warehouse_id"
    FROM "relation_41" AS "source"
)
SELECT 
    "b0"."warehouse_id" AS "warehouse_id"
FROM "b0"
WHERE ("b0"."region" <= 'Midwest');
                                             QUERY PLAN                                              
-----------------------------------------------------------------------------------------------------
 Seq Scan on relation_41 source  (cost=0.00..1764.78 rows=16532 width=4) (actual rows=16848 loops=1)
   Filter: ((region)::text <= 'Midwest'::text)
   Rows Removed by Filter: 71134
   Buffers: shared hit=665
 Planning:
   Buffers: shared hit=2 read=1
 Planning Time: 0.038 ms
 Execution Time: 4.616 ms
(8 rows)

-- Q034 [selection_projection] occurrence 1/1
-- Original E/R: SELECT e.delivery_type FROM DigitalProduct e WHERE e.delivery_type > 'download';
EXPLAIN (ANALYZE, BUFFERS, TIMING OFF, SUMMARY ON, FORMAT TEXT)
WITH
"b0" AS (
    SELECT
        "source"."delivery_type" AS "delivery_type"
    FROM "relation_3" AS "source"
    UNION ALL
    SELECT
        "source"."delivery_type" AS "delivery_type"
    FROM "relation_20" AS "source"
    UNION ALL
    SELECT
        "source"."delivery_type" AS "delivery_type"
    FROM "relation_21" AS "source"
)
SELECT 
    "b0"."delivery_type" AS "delivery_type"
FROM "b0"
WHERE ("b0"."delivery_type" > 'download');
                                                   QUERY PLAN                                                    
-----------------------------------------------------------------------------------------------------------------
 Append  (cost=0.00..43923.47 rows=576196 width=10) (actual rows=579632 loops=1)
   Buffers: shared read=26818
   ->  Seq Scan on relation_3 source  (cost=0.00..2360.86 rows=34075 width=10) (actual rows=33940 loops=1)
         Filter: ((delivery_type)::text > 'download'::text)
         Rows Removed by Filter: 32769
         Buffers: shared read=1527
   ->  Seq Scan on relation_20 source_1  (cost=0.00..38128.12 rows=534427 width=10) (actual rows=537998 loops=1)
         Filter: ((delivery_type)::text > 'download'::text)
         Rows Removed by Filter: 518252
         Buffers: shared read=24925
   ->  Seq Scan on relation_21 source_2  (cost=0.00..553.50 rows=7694 width=10) (actual rows=7694 loops=1)
         Filter: ((delivery_type)::text > 'download'::text)
         Rows Removed by Filter: 7306
         Buffers: shared read=366
 Planning:
   Buffers: shared hit=7 read=2
 Planning Time: 0.082 ms
 Execution Time: 118.222 ms
(18 rows)

-- Q035 [aggregation] occurrence 1/1
-- Original E/R: SELECT e2.base_price, COUNT(DISTINCT REF(e1)) AS related_count FROM bought_together r JOIN Product e1 ON ENDPOINT(r, product_id) = REF(e1) JOIN Product e2 ON ENDPOINT(r, bought_together_product_id) = REF(e2) WHERE e1.quantity < 18 GROUP BY REF(e2), e2.base_price HAVING COUNT(DISTINCT REF(e1)) >= 3;
EXPLAIN (ANALYZE, BUFFERS, TIMING OFF, SUMMARY ON, FORMAT TEXT)
WITH
"b0" AS (
    SELECT
        "source"."bought_together_product_product_id" AS "__endpoint_bought_together_product_id_0",
        "source"."product_id" AS "__endpoint_product_id_0"
    FROM "relation_49" AS "source"
),
"b1" AS (
    SELECT
        "source"."quantity" AS "quantity",
        "source"."product_id" AS "__reference_0"
    FROM "relation_1" AS "source"
    UNION ALL
    SELECT
        "source"."quantity" AS "quantity",
        "source"."physicalproduct_id" AS "__reference_0"
    FROM "relation_2" AS "source"
    UNION ALL
    SELECT
        "source"."quantity" AS "quantity",
        "source"."electronics_id" AS "__reference_0"
    FROM "relation_4" AS "source"
    UNION ALL
    SELECT
        "source"."quantity" AS "quantity",
        "source"."computer_id" AS "__reference_0"
    FROM "relation_5" AS "source"
    UNION ALL
    SELECT
        "source"."quantity" AS "quantity",
        "source"."desktop_id" AS "__reference_0"
    FROM "relation_6" AS "source"
    UNION ALL
    SELECT
        "source"."quantity" AS "quantity",
        "source"."laptop_id" AS "__reference_0"
    FROM "relation_7" AS "source"
    UNION ALL
    SELECT
        "source"."quantity" AS "quantity",
        "source"."tablet_id" AS "__reference_0"
    FROM "relation_8" AS "source"
    UNION ALL
    SELECT
        "source"."quantity" AS "quantity",
        "source"."smartwatch_id" AS "__reference_0"
    FROM "relation_9" AS "source"
    UNION ALL
    SELECT
        "source"."quantity" AS "quantity",
        "source"."camera_id" AS "__reference_0"
    FROM "relation_10" AS "source"
    UNION ALL
    SELECT
        "source"."quantity" AS "quantity",
        "source"."phone_id" AS "__reference_0"
    FROM "relation_11" AS "source"
    UNION ALL
    SELECT
        "source"."quantity" AS "quantity",
        "source"."accessory_id" AS "__reference_0"
    FROM "relation_12" AS "source"
    UNION ALL
    SELECT
        "source"."quantity" AS "quantity",
        "source"."appliance_id" AS "__reference_0"
    FROM "relation_13" AS "source"
    UNION ALL
    SELECT
        "source"."quantity" AS "quantity",
        "source"."kitchenappliance_id" AS "__reference_0"
    FROM "relation_14" AS "source"
    UNION ALL
    SELECT
        "source"."quantity" AS "quantity",
        "source"."apparel_id" AS "__reference_0"
    FROM "relation_15" AS "source"
    UNION ALL
    SELECT
        "source"."quantity" AS "quantity",
        "source"."clothing_id" AS "__reference_0"
    FROM "relation_16" AS "source"
    UNION ALL
    SELECT
        "source"."quantity" AS "quantity",
        "source"."menclothing_id" AS "__reference_0"
    FROM "relation_17" AS "source"
    UNION ALL
    SELECT
        "source"."quantity" AS "quantity",
        "source"."womenclothing_id" AS "__reference_0"
    FROM "relation_18" AS "source"
    UNION ALL
    SELECT
        "source"."quantity" AS "quantity",
        "source"."footwear_id" AS "__reference_0"
    FROM "relation_19" AS "source"
    UNION ALL
    SELECT
        "source"."quantity" AS "quantity",
        "source"."digitalproduct_id" AS "__reference_0"
    FROM "relation_3" AS "source"
    UNION ALL
    SELECT
        "source"."quantity" AS "quantity",
        "source"."media_id" AS "__reference_0"
    FROM "relation_20" AS "source"
    UNION ALL
    SELECT
        "source"."quantity" AS "quantity",
        "source"."software_id" AS "__reference_0"
    FROM "relation_21" AS "source"
),
"b2" AS (
    SELECT
        "source"."base_price" AS "base_price",
        "source"."product_id" AS "__reference_0"
    FROM "relation_1" AS "source"
    UNION ALL
    SELECT
        "source"."base_price" AS "base_price",
        "source"."physicalproduct_id" AS "__reference_0"
    FROM "relation_2" AS "source"
    UNION ALL
    SELECT
        "source"."base_price" AS "base_price",
        "source"."electronics_id" AS "__reference_0"
    FROM "relation_4" AS "source"
    UNION ALL
    SELECT
        "source"."base_price" AS "base_price",
        "source"."computer_id" AS "__reference_0"
    FROM "relation_5" AS "source"
    UNION ALL
    SELECT
        "source"."base_price" AS "base_price",
        "source"."desktop_id" AS "__reference_0"
    FROM "relation_6" AS "source"
    UNION ALL
    SELECT
        "source"."base_price" AS "base_price",
        "source"."laptop_id" AS "__reference_0"
    FROM "relation_7" AS "source"
    UNION ALL
    SELECT
        "source"."base_price" AS "base_price",
        "source"."tablet_id" AS "__reference_0"
    FROM "relation_8" AS "source"
    UNION ALL
    SELECT
        "source"."base_price" AS "base_price",
        "source"."smartwatch_id" AS "__reference_0"
    FROM "relation_9" AS "source"
    UNION ALL
    SELECT
        "source"."base_price" AS "base_price",
        "source"."camera_id" AS "__reference_0"
    FROM "relation_10" AS "source"
    UNION ALL
    SELECT
        "source"."base_price" AS "base_price",
        "source"."phone_id" AS "__reference_0"
    FROM "relation_11" AS "source"
    UNION ALL
    SELECT
        "source"."base_price" AS "base_price",
        "source"."accessory_id" AS "__reference_0"
    FROM "relation_12" AS "source"
    UNION ALL
    SELECT
        "source"."base_price" AS "base_price",
        "source"."appliance_id" AS "__reference_0"
    FROM "relation_13" AS "source"
    UNION ALL
    SELECT
        "source"."base_price" AS "base_price",
        "source"."kitchenappliance_id" AS "__reference_0"
    FROM "relation_14" AS "source"
    UNION ALL
    SELECT
        "source"."base_price" AS "base_price",
        "source"."apparel_id" AS "__reference_0"
    FROM "relation_15" AS "source"
    UNION ALL
    SELECT
        "source"."base_price" AS "base_price",
        "source"."clothing_id" AS "__reference_0"
    FROM "relation_16" AS "source"
    UNION ALL
    SELECT
        "source"."base_price" AS "base_price",
        "source"."menclothing_id" AS "__reference_0"
    FROM "relation_17" AS "source"
    UNION ALL
    SELECT
        "source"."base_price" AS "base_price",
        "source"."womenclothing_id" AS "__reference_0"
    FROM "relation_18" AS "source"
    UNION ALL
    SELECT
        "source"."base_price" AS "base_price",
        "source"."footwear_id" AS "__reference_0"
    FROM "relation_19" AS "source"
    UNION ALL
    SELECT
        "source"."base_price" AS "base_price",
        "source"."digitalproduct_id" AS "__reference_0"
    FROM "relation_3" AS "source"
    UNION ALL
    SELECT
        "source"."base_price" AS "base_price",
        "source"."media_id" AS "__reference_0"
    FROM "relation_20" AS "source"
    UNION ALL
    SELECT
        "source"."base_price" AS "base_price",
        "source"."software_id" AS "__reference_0"
    FROM "relation_21" AS "source"
)
SELECT 
    "b2"."base_price" AS "base_price",
    COUNT(DISTINCT "b1"."__reference_0") AS "related_count"
FROM (("b0" INNER JOIN "b1" ON ("b0"."__endpoint_product_id_0" = "b1"."__reference_0")) INNER JOIN "b2" ON ("b0"."__endpoint_bought_together_product_id_0" = "b2"."__reference_0"))
WHERE ("b1"."quantity" < 18)
GROUP BY
    "b2"."__reference_0",
    "b2"."base_price"
HAVING (COUNT(DISTINCT "b1"."__reference_0") >= 3);
                                                                          QUERY PLAN                                                                           
---------------------------------------------------------------------------------------------------------------------------------------------------------------
 GroupAggregate  (cost=3943840.64..8789009.28 rows=13333 width=16) (actual rows=134795 loops=1)
   Group Key: source_24.electronics_id, source_24.base_price
   Filter: (count(DISTINCT source_3.electronics_id) >= 3)
   Rows Removed by Filter: 5419675
   Buffers: shared hit=1893 read=859787 written=8, temp read=165033 written=165082
   ->  Gather Merge  (cost=3943840.64..8495405.74 rows=39080473 width=12) (actual rows=6745750 loops=1)
         Workers Planned: 2
         Workers Launched: 0
         Buffers: shared hit=1893 read=859787 written=8, temp read=165033 written=165082
         ->  Sort  (cost=3942840.62..3983549.44 rows=16283530 width=12) (actual rows=6745750 loops=1)
               Sort Key: source_24.electronics_id, source_24.base_price, source_3.electronics_id
               Sort Method: external merge  Disk: 145248kB
               Buffers: shared hit=1893 read=859787 written=8, temp read=165033 written=165082
               ->  Parallel Hash Join  (cost=983479.41..1714040.29 rows=16283530 width=12) (actual rows=6745750 loops=1)
                     Hash Cond: (source_24.electronics_id = source.bought_together_product_product_id)
                     Buffers: shared hit=1893 read=859787 written=8, temp read=146877 written=146920
                     ->  Parallel Append  (cost=0.00..500654.34 rows=6998356 width=8) (actual rows=16796782 loops=1)
                           Buffers: shared read=394576 written=3
                           ->  Parallel Seq Scan on relation_4 source_24  (cost=0.00..242535.59 rows=3751359 width=8) (actual rows=9004045 loops=1)
                                 Buffers: shared read=205022
                           ->  Parallel Seq Scan on relation_6 source_26  (cost=0.00..55929.83 rows=782483 width=8) (actual rows=1877778 loops=1)
                                 Buffers: shared read=48105
                           ->  Parallel Seq Scan on relation_17 source_37  (cost=0.00..48862.15 rows=704115 width=8) (actual rows=1690000 loops=1)
                                 Buffers: shared read=41821
                           ->  Parallel Seq Scan on relation_20 source_41  (cost=0.00..29326.04 rows=440104 width=8) (actual rows=1056250 loops=1)
                                 Buffers: shared read=24925
                           ->  Parallel Seq Scan on relation_11 source_31  (cost=0.00..19165.67 rows=281667 width=8) (actual rows=676001 loops=1)
                                 Buffers: shared read=16349
                           ->  Parallel Seq Scan on relation_9 source_29  (cost=0.00..12892.02 rows=195602 width=8) (actual rows=469445 loops=1)
                                 Buffers: shared read=10936
                           ->  Parallel Seq Scan on relation_15 source_35  (cost=0.00..9861.84 rows=151984 width=8) (actual rows=364762 loops=1)
                                 Buffers: shared read=8342
                           ->  Parallel Seq Scan on relation_16 source_36  (cost=0.00..8324.59 rows=124159 width=8) (actual rows=297982 loops=1)
                                 Buffers: shared read=7083
                           ->  Parallel Seq Scan on relation_14 source_34  (cost=0.00..7247.26 rows=110026 width=8) (actual rows=264063 loops=1)
                                 Buffers: shared read=6147
                           ->  Parallel Seq Scan on relation_10 source_30  (cost=0.00..4640.17 rows=70417 width=8) (actual rows=169001 loops=1)
                                 Buffers: shared read=3936
                           ->  Parallel Seq Scan on relation_7 source_27  (cost=0.00..4058.96 rows=58196 width=8) (actual rows=139670 loops=1)
                                 Buffers: shared read=3477
                           ->  Parallel Seq Scan on relation_12 source_32  (cost=0.00..4054.74 rows=60374 width=8) (actual rows=144898 loops=1)
                                 Buffers: shared read=3451 written=3
                           ->  Parallel Seq Scan on relation_18 source_38  (cost=0.00..3592.36 rows=69036 width=8) (actual rows=117362 loops=1)
                                 Buffers: shared read=2902
                           ->  Parallel Seq Scan on relation_5 source_25  (cost=0.00..3243.53 rows=63053 width=8) (actual rows=107190 loops=1)
                                 Buffers: shared read=2613
                           ->  Parallel Seq Scan on relation_8 source_28  (cost=0.00..2917.24 rows=58824 width=8) (actual rows=100000 loops=1)
                                 Buffers: shared read=2329
                           ->  Parallel Seq Scan on relation_2 source_23  (cost=0.00..2417.09 rows=50509 width=8) (actual rows=85865 loops=1)
                                 Buffers: shared read=1912
                           ->  Parallel Seq Scan on relation_3 source_40  (cost=0.00..1919.41 rows=39241 width=8) (actual rows=66709 loops=1)
                                 Buffers: shared read=1527
                           ->  Parallel Seq Scan on relation_13 source_33  (cost=0.00..1722.65 rows=35365 width=8) (actual rows=60120 loops=1)
                                 Buffers: shared read=1369
                           ->  Parallel Seq Scan on relation_1 source_22  (cost=0.00..1647.70 rows=36470 width=8) (actual rows=61999 loops=1)
                                 Buffers: shared read=1283
                           ->  Parallel Seq Scan on relation_19 source_39  (cost=0.00..849.48 rows=16848 width=8) (actual rows=28642 loops=1)
                                 Buffers: shared read=681
                           ->  Parallel Seq Scan on relation_21 source_42  (cost=0.00..454.24 rows=8824 width=8) (actual rows=15000 loops=1)
                                 Buffers: shared read=366
                     ->  Parallel Hash  (cost=863147.93..863147.93 rows=7334438 width=8) (actual rows=6745750 loops=1)
                           Buckets: 4194304  Batches: 8  Memory Usage: 65824kB
                           Buffers: shared hit=1893 read=465211 written=5, temp read=69268 written=89484
                           ->  Parallel Hash Join  (cost=252719.52..863147.93 rows=7334438 width=8) (actual rows=6745750 loops=1)
                                 Hash Cond: (source_3.electronics_id = source.product_id)
                                 Buffers: shared hit=1893 read=465211 written=5, temp read=69268 written=69296
                                 ->  Parallel Append  (cost=0.00..497933.30 rows=2899820 width=4) (actual rows=6917570 loops=1)
                                       Buffers: shared hit=1893 read=392683 written=5
                                       ->  Parallel Seq Scan on relation_4 source_3  (cost=0.00..251913.98 rows=1559343 width=4) (actual rows=3710094 loops=1)
                                             Filter: (quantity < 18)
                                             Rows Removed by Filter: 5293951
                                             Buffers: shared read=205022
                                       ->  Parallel Seq Scan on relation_6 source_5  (cost=0.00..57886.04 rows=322650 width=4) (actual rows=773570 loops=1)
                                             Filter: (quantity < 18)
                                             Rows Removed by Filter: 1104208
                                             Buffers: shared read=48105
                                       ->  Parallel Seq Scan on relation_17 source_16  (cost=0.00..50622.44 rows=292190 width=4) (actual rows=696013 loops=1)
                                             Filter: (quantity < 18)
                                             Rows Removed by Filter: 993987
                                             Buffers: shared read=41821
                                       ->  Parallel Seq Scan on relation_20 source_20  (cost=0.00..30426.30 rows=181355 width=4) (actual rows=434931 loops=1)
                                             Filter: (quantity < 18)
                                             Rows Removed by Filter: 621319
                                             Buffers: shared read=24925
                                       ->  Parallel Seq Scan on relation_11 source_10  (cost=0.00..19869.84 rows=116697 width=4) (actual rows=277263 loops=1)
                                             Filter: (quantity < 18)
                                             Rows Removed by Filter: 398738
                                             Buffers: shared read=16349
                                       ->  Parallel Seq Scan on relation_9 source_8  (cost=0.00..13381.03 rows=80348 width=4) (actual rows=192770 loops=1)
                                             Filter: (quantity < 18)
                                             Rows Removed by Filter: 276675
                                             Buffers: shared read=10936
                                       ->  Parallel Seq Scan on relation_15 source_14  (cost=0.00..10241.80 rows=62842 width=4) (actual rows=150147 loops=1)
                                             Filter: (quantity < 18)
                                             Rows Removed by Filter: 214615
                                             Buffers: shared read=8342
                                       ->  Parallel Seq Scan on relation_16 source_15  (cost=0.00..8634.99 rows=51039 width=4) (actual rows=122841 loops=1)
                                             Filter: (quantity < 18)
                                             Rows Removed by Filter: 175141
                                             Buffers: shared read=7083
                                       ->  Parallel Seq Scan on relation_14 source_13  (cost=0.00..7522.33 rows=45306 width=4) (actual rows=108680 loops=1)
                                             Filter: (quantity < 18)
                                             Rows Removed by Filter: 155383
                                             Buffers: shared read=6147
                                       ->  Parallel Seq Scan on relation_10 source_9  (cost=0.00..4816.21 rows=28580 width=4) (actual rows=69422 loops=1)
                                             Filter: (quantity < 18)
                                             Rows Removed by Filter: 99579
                                             Buffers: shared read=3936 written=2
                                       ->  Parallel Seq Scan on relation_12 source_11  (cost=0.00..4205.68 rows=24865 width=4) (actual rows=59326 loops=1)
                                             Filter: (quantity < 18)
                                             Rows Removed by Filter: 85572
                                             Buffers: shared read=3451
                                       ->  Parallel Seq Scan on relation_7 source_6  (cost=0.00..4204.45 rows=24202 width=4) (actual rows=57490 loops=1)
                                             Filter: (quantity < 18)
                                             Rows Removed by Filter: 82180
                                             Buffers: shared read=3477
                                       ->  Parallel Seq Scan on relation_18 source_17  (cost=0.00..3764.96 rows=28662 width=4) (actual rows=48400 loops=1)
                                             Filter: (quantity < 18)
                                             Rows Removed by Filter: 68962
                                             Buffers: shared read=2902
                                       ->  Parallel Seq Scan on relation_5 source_4  (cost=0.00..3401.16 rows=26001 width=4) (actual rows=44252 loops=1)
                                             Filter: (quantity < 18)
                                             Rows Removed by Filter: 62938
                                             Buffers: shared read=2613
                                       ->  Parallel Seq Scan on relation_8 source_7  (cost=0.00..3064.29 rows=23971 width=4) (actual rows=41089 loops=1)
                                             Filter: (quantity < 18)
                                             Rows Removed by Filter: 58911
                                             Buffers: shared read=2329 written=3
                                       ->  Parallel Seq Scan on relation_2 source_2  (cost=0.00..2543.36 rows=20718 width=4) (actual rows=35352 loops=1)
                                             Filter: (quantity < 18)
                                             Rows Removed by Filter: 50513
                                             Buffers: shared read=1912
                                       ->  Parallel Seq Scan on relation_3 source_19  (cost=0.00..2017.51 rows=16178 width=4) (actual rows=27327 loops=1)
                                             Filter: (quantity < 18)
                                             Rows Removed by Filter: 39382
                                             Buffers: shared hit=1527
                                       ->  Parallel Seq Scan on relation_13 source_12  (cost=0.00..1811.06 rows=14619 width=4) (actual rows=24809 loops=1)
                                             Filter: (quantity < 18)
                                             Rows Removed by Filter: 35311
                                             Buffers: shared read=1369
                                       ->  Parallel Seq Scan on relation_1 source_1  (cost=0.00..1738.88 rows=15100 width=4) (actual rows=25745 loops=1)
                                             Filter: (quantity < 18)
                                             Rows Removed by Filter: 36254
                                             Buffers: shared read=1283
                                       ->  Parallel Seq Scan on relation_19 source_18  (cost=0.00..891.60 rows=6945 width=4) (actual rows=11807 loops=1)
                                             Filter: (quantity < 18)
                                             Rows Removed by Filter: 16835
                                             Buffers: shared read=681
                                       ->  Parallel Seq Scan on relation_21 source_21  (cost=0.00..476.29 rows=3672 width=4) (actual rows=6242 loops=1)
                                             Filter: (quantity < 18)
                                             Rows Removed by Filter: 8758
                                             Buffers: shared hit=366
                                 ->  Parallel Hash  (cost=140766.01..140766.01 rows=6823801 width=8) (actual rows=16378086 loops=1)
                                       Buckets: 4194304  Batches: 8  Memory Usage: 113024kB
                                       Buffers: shared read=72528, temp written=49008
                                       ->  Parallel Seq Scan on relation_49 source  (cost=0.00..140766.01 rows=6823801 width=8) (actual rows=16378086 loops=1)
                                             Buffers: shared read=72528
 Planning Time: 0.524 ms
 JIT:
   Functions: 143
   Options: Inlining true, Optimization true, Expressions true, Deforming true
 Execution Time: 12924.095 ms
(162 rows)

-- Q036 [selection_projection] occurrence 1/1
-- Original E/R: SELECT e.product_name FROM Apparel e WHERE e.sku < 'SKU-PpUx-53765904';
EXPLAIN (ANALYZE, BUFFERS, TIMING OFF, SUMMARY ON, FORMAT TEXT)
WITH
"b0" AS (
    SELECT
        "source"."product_name" AS "product_name",
        "source"."sku" AS "sku"
    FROM "relation_15" AS "source"
    UNION ALL
    SELECT
        "source"."product_name" AS "product_name",
        "source"."sku" AS "sku"
    FROM "relation_16" AS "source"
    UNION ALL
    SELECT
        "source"."product_name" AS "product_name",
        "source"."sku" AS "sku"
    FROM "relation_17" AS "source"
    UNION ALL
    SELECT
        "source"."product_name" AS "product_name",
        "source"."sku" AS "sku"
    FROM "relation_18" AS "source"
    UNION ALL
    SELECT
        "source"."product_name" AS "product_name",
        "source"."sku" AS "sku"
    FROM "relation_19" AS "source"
)
SELECT 
    "b0"."product_name" AS "product_name"
FROM "b0"
WHERE ("b0"."sku" < 'SKU-PpUx-53765904');
                                                    QUERY PLAN                                                     
-------------------------------------------------------------------------------------------------------------------
 Append  (cost=0.00..99566.02 rows=1500844 width=34) (actual rows=1500175 loops=1)
   Buffers: shared hit=2998 read=57831
   ->  Seq Scan on relation_15 source  (cost=0.00..12901.53 rows=220643 width=34) (actual rows=218982 loops=1)
         Filter: ((sku)::text < 'SKU-PpUx-53765904'::text)
         Rows Removed by Filter: 145780
         Buffers: shared hit=32 read=8310
   ->  Seq Scan on relation_16 source_1  (cost=0.00..10807.77 rows=178584 width=34) (actual rows=178289 loops=1)
         Filter: ((sku)::text < 'SKU-PpUx-53765904'::text)
         Rows Removed by Filter: 119693
         Buffers: shared hit=32 read=7051
   ->  Seq Scan on relation_17 source_2  (cost=0.00..62944.45 rows=1013925 width=34) (actual rows=1014906 loops=1)
         Filter: ((sku)::text < 'SKU-PpUx-53765904'::text)
         Rows Removed by Filter: 675094
         Buffers: shared hit=32 read=41789
   ->  Seq Scan on relation_18 source_3  (cost=0.00..4369.02 rows=70363 width=34) (actual rows=70662 loops=1)
         Filter: ((sku)::text < 'SKU-PpUx-53765904'::text)
         Rows Removed by Filter: 46700
         Buffers: shared hit=2902
   ->  Seq Scan on relation_19 source_4  (cost=0.00..1039.03 rows=17329 width=34) (actual rows=17336 loops=1)
         Filter: ((sku)::text < 'SKU-PpUx-53765904'::text)
         Rows Removed by Filter: 11306
         Buffers: shared read=681
 Planning Time: 0.149 ms
 Execution Time: 359.114 ms
(24 rows)

-- Q037 [selection_projection] occurrence 1/1
-- Original E/R: SELECT e.status, e.custorder_id FROM CustOrder e WHERE e.status >= 'paid';
EXPLAIN (ANALYZE, BUFFERS, TIMING OFF, SUMMARY ON, FORMAT TEXT)
WITH
"b0" AS (
    SELECT
        "source"."custorder_id" AS "custorder_id",
        "source"."status" AS "status"
    FROM "relation_37" AS "source"
)
SELECT 
    "b0"."status" AS "status",
    "b0"."custorder_id" AS "custorder_id"
FROM "b0"
WHERE ("b0"."status" >= 'paid');
                                              QUERY PLAN                                              
------------------------------------------------------------------------------------------------------
 Seq Scan on relation_37 source  (cost=0.00..2658.25 rows=33830 width=13) (actual rows=33706 loops=1)
   Filter: ((status)::text >= 'paid'::text)
   Rows Removed by Filter: 46554
   Buffers: shared read=1655
 Planning Time: 0.042 ms
 Execution Time: 8.035 ms
(6 rows)

-- Q038 [selection_projection] occurrence 1/1
-- Original E/R: SELECT e.product_name, e.sku, e.base_price FROM DigitalProduct e WHERE e.is_active < 1;
EXPLAIN (ANALYZE, BUFFERS, TIMING OFF, SUMMARY ON, FORMAT TEXT)
WITH
"b0" AS (
    SELECT
        "source"."base_price" AS "base_price",
        "source"."is_active" AS "is_active",
        "source"."product_name" AS "product_name",
        "source"."sku" AS "sku"
    FROM "relation_3" AS "source"
    UNION ALL
    SELECT
        "source"."base_price" AS "base_price",
        "source"."is_active" AS "is_active",
        "source"."product_name" AS "product_name",
        "source"."sku" AS "sku"
    FROM "relation_20" AS "source"
    UNION ALL
    SELECT
        "source"."base_price" AS "base_price",
        "source"."is_active" AS "is_active",
        "source"."product_name" AS "product_name",
        "source"."sku" AS "sku"
    FROM "relation_21" AS "source"
)
SELECT 
    "b0"."product_name" AS "product_name",
    "b0"."sku" AS "sku",
    "b0"."base_price" AS "base_price"
FROM "b0"
WHERE ("b0"."is_active" < 1);
                                                   QUERY PLAN                                                    
-----------------------------------------------------------------------------------------------------------------
 Append  (cost=0.00..41903.88 rows=172278 width=56) (actual rows=170191 loops=1)
   Buffers: shared hit=32 read=26786
   ->  Seq Scan on relation_3 source  (cost=0.00..2360.86 rows=9831 width=56) (actual rows=10018 loops=1)
         Filter: (is_active < 1)
         Rows Removed by Filter: 56691
         Buffers: shared read=1527
   ->  Seq Scan on relation_20 source_1  (cost=0.00..38128.12 rows=160163 width=56) (actual rows=157889 loops=1)
         Filter: (is_active < 1)
         Rows Removed by Filter: 898361
         Buffers: shared hit=32 read=24893
   ->  Seq Scan on relation_21 source_2  (cost=0.00..553.50 rows=2284 width=56) (actual rows=2284 loops=1)
         Filter: (is_active < 1)
         Rows Removed by Filter: 12716
         Buffers: shared read=366
 Planning Time: 0.064 ms
 Execution Time: 78.621 ms
(16 rows)

-- Q039 [aggregation] occurrence 1/1
-- Original E/R: SELECT e1.custorder_id, COUNT(DISTINCT REF(e2)) AS related_count FROM order_items r JOIN CustOrder e1 ON ENDPOINT(r, CustOrder) = REF(e1) JOIN Product e2 ON ENDPOINT(r, Product) = REF(e2) WHERE e1.placed_at < '2024-04-12' GROUP BY REF(e1), e1.custorder_id HAVING COUNT(DISTINCT REF(e2)) >= 3;
EXPLAIN (ANALYZE, BUFFERS, TIMING OFF, SUMMARY ON, FORMAT TEXT)
WITH
"b0" AS (
    SELECT
        "source"."custorder_id" AS "__endpoint_custorder_0",
        "source"."product_id" AS "__endpoint_product_0"
    FROM "relation_52" AS "source"
),
"b1" AS (
    SELECT
        "source"."custorder_id" AS "custorder_id",
        "source"."placed_at" AS "placed_at",
        "source"."custorder_id" AS "__reference_0"
    FROM "relation_37" AS "source"
),
"b2" AS (
    SELECT
        "source"."product_id" AS "__reference_0"
    FROM "relation_1" AS "source"
    UNION ALL
    SELECT
        "source"."physicalproduct_id" AS "__reference_0"
    FROM "relation_2" AS "source"
    UNION ALL
    SELECT
        "source"."electronics_id" AS "__reference_0"
    FROM "relation_4" AS "source"
    UNION ALL
    SELECT
        "source"."computer_id" AS "__reference_0"
    FROM "relation_5" AS "source"
    UNION ALL
    SELECT
        "source"."desktop_id" AS "__reference_0"
    FROM "relation_6" AS "source"
    UNION ALL
    SELECT
        "source"."laptop_id" AS "__reference_0"
    FROM "relation_7" AS "source"
    UNION ALL
    SELECT
        "source"."tablet_id" AS "__reference_0"
    FROM "relation_8" AS "source"
    UNION ALL
    SELECT
        "source"."smartwatch_id" AS "__reference_0"
    FROM "relation_9" AS "source"
    UNION ALL
    SELECT
        "source"."camera_id" AS "__reference_0"
    FROM "relation_10" AS "source"
    UNION ALL
    SELECT
        "source"."phone_id" AS "__reference_0"
    FROM "relation_11" AS "source"
    UNION ALL
    SELECT
        "source"."accessory_id" AS "__reference_0"
    FROM "relation_12" AS "source"
    UNION ALL
    SELECT
        "source"."appliance_id" AS "__reference_0"
    FROM "relation_13" AS "source"
    UNION ALL
    SELECT
        "source"."kitchenappliance_id" AS "__reference_0"
    FROM "relation_14" AS "source"
    UNION ALL
    SELECT
        "source"."apparel_id" AS "__reference_0"
    FROM "relation_15" AS "source"
    UNION ALL
    SELECT
        "source"."clothing_id" AS "__reference_0"
    FROM "relation_16" AS "source"
    UNION ALL
    SELECT
        "source"."menclothing_id" AS "__reference_0"
    FROM "relation_17" AS "source"
    UNION ALL
    SELECT
        "source"."womenclothing_id" AS "__reference_0"
    FROM "relation_18" AS "source"
    UNION ALL
    SELECT
        "source"."footwear_id" AS "__reference_0"
    FROM "relation_19" AS "source"
    UNION ALL
    SELECT
        "source"."digitalproduct_id" AS "__reference_0"
    FROM "relation_3" AS "source"
    UNION ALL
    SELECT
        "source"."media_id" AS "__reference_0"
    FROM "relation_20" AS "source"
    UNION ALL
    SELECT
        "source"."software_id" AS "__reference_0"
    FROM "relation_21" AS "source"
)
SELECT 
    "b1"."custorder_id" AS "custorder_id",
    COUNT(DISTINCT "b2"."__reference_0") AS "related_count"
FROM (("b0" INNER JOIN "b1" ON ("b0"."__endpoint_custorder_0" = "b1"."__reference_0")) INNER JOIN "b2" ON ("b0"."__endpoint_product_0" = "b2"."__reference_0"))
WHERE ("b1"."placed_at" < '2024-04-12')
GROUP BY
    "b1"."__reference_0",
    "b1"."custorder_id"
HAVING (COUNT(DISTINCT "b2"."__reference_0") >= 3);
                                                                      QUERY PLAN                                                                       
-------------------------------------------------------------------------------------------------------------------------------------------------------
 GroupAggregate  (cost=5742.66..638502.91 rows=13438 width=16) (actual rows=0 loops=1)
   Group Key: source_1.custorder_id
   Filter: (count(DISTINCT source_2.product_id) >= 3)
   Rows Removed by Filter: 34519
   Buffers: shared hit=2733607 read=43320
   ->  Nested Loop  (cost=5742.66..595558.15 rows=8488168 width=8) (actual rows=51829 loops=1)
         Buffers: shared hit=2733607 read=43320
         ->  Merge Join  (cost=5742.37..9860.69 rows=52121 width=8) (actual rows=51829 loops=1)
               Merge Cond: (source.custorder_id = source_1.custorder_id)
               Buffers: shared hit=1658 read=392
               ->  Index Only Scan using relation_52_pkey on relation_52 source  (cost=0.29..3136.78 rows=103766 width=8) (actual rows=103766 loops=1)
                     Heap Fetches: 0
                     Buffers: shared hit=3 read=392
               ->  Sort  (cost=5742.07..5842.85 rows=40314 width=4) (actual rows=40211 loops=1)
                     Sort Key: source_1.custorder_id
                     Sort Method: quicksort  Memory: 1537kB
                     Buffers: shared hit=1655
                     ->  Seq Scan on relation_37 source_1  (cost=0.00..2658.25 rows=40314 width=4) (actual rows=40211 loops=1)
                           Filter: ((placed_at)::text < '2024-04-12'::text)
                           Rows Removed by Filter: 40049
                           Buffers: shared hit=1655
         ->  Append  (cost=0.29..11.03 rows=21 width=4) (actual rows=1 loops=51829)
               Buffers: shared hit=2731949 read=42928
               ->  Index Only Scan using relation_1_pkey on relation_1 source_2  (cost=0.29..0.31 rows=1 width=4) (actual rows=0 loops=51829)
                     Index Cond: (product_id = source.product_id)
                     Heap Fetches: 0
                     Buffers: shared hit=103508 read=151
               ->  Index Only Scan using relation_2_pkey on relation_2 source_3  (cost=0.29..0.32 rows=1 width=4) (actual rows=0 loops=51829)
                     Index Cond: (physicalproduct_id = source.product_id)
                     Heap Fetches: 0
                     Buffers: shared hit=103462 read=197
               ->  Index Only Scan using relation_4_pkey on relation_4 source_4  (cost=0.43..2.11 rows=1 width=4) (actual rows=1 loops=51829)
                     Index Cond: (electronics_id = source.product_id)
                     Heap Fetches: 0
                     Buffers: shared hit=155723 read=23274
               ->  Index Only Scan using relation_5_pkey on relation_5 source_5  (cost=0.29..0.32 rows=1 width=4) (actual rows=0 loops=51829)
                     Index Cond: (computer_id = source.product_id)
                     Heap Fetches: 0
                     Buffers: shared hit=103404 read=255
               ->  Index Only Scan using relation_6_pkey on relation_6 source_6  (cost=0.43..0.77 rows=1 width=4) (actual rows=0 loops=51829)
                     Index Cond: (desktop_id = source.product_id)
                     Heap Fetches: 0
                     Buffers: shared hit=153279 read=4819
               ->  Index Only Scan using relation_7_pkey on relation_7 source_7  (cost=0.42..0.46 rows=1 width=4) (actual rows=0 loops=51829)
                     Index Cond: (laptop_id = source.product_id)
                     Heap Fetches: 0
                     Buffers: shared hit=155149 read=339
               ->  Index Only Scan using relation_8_pkey on relation_8 source_8  (cost=0.29..0.32 rows=1 width=4) (actual rows=0 loops=51829)
                     Index Cond: (tablet_id = source.product_id)
                     Heap Fetches: 0
                     Buffers: shared hit=103423 read=236
               ->  Index Only Scan using relation_9_pkey on relation_9 source_9  (cost=0.42..0.53 rows=1 width=4) (actual rows=0 loops=51829)
                     Index Cond: (smartwatch_id = source.product_id)
                     Heap Fetches: 0
                     Buffers: shared hit=154291 read=1197
               ->  Index Only Scan using relation_10_pkey on relation_10 source_10  (cost=0.42..0.46 rows=1 width=4) (actual rows=0 loops=51829)
                     Index Cond: (camera_id = source.product_id)
                     Heap Fetches: 0
                     Buffers: shared hit=155096 read=392
               ->  Index Only Scan using relation_11_pkey on relation_11 source_11  (cost=0.42..0.56 rows=1 width=4) (actual rows=0 loops=51829)
                     Index Cond: (phone_id = source.product_id)
                     Heap Fetches: 0
                     Buffers: shared hit=153701 read=1787
               ->  Index Only Scan using relation_12_pkey on relation_12 source_12  (cost=0.29..0.33 rows=1 width=4) (actual rows=0 loops=51829)
                     Index Cond: (accessory_id = source.product_id)
                     Heap Fetches: 0
                     Buffers: shared hit=103336 read=323
               ->  Index Only Scan using relation_13_pkey on relation_13 source_13  (cost=0.29..0.32 rows=1 width=4) (actual rows=0 loops=51829)
                     Index Cond: (appliance_id = source.product_id)
                     Heap Fetches: 0
                     Buffers: shared hit=103493 read=166
               ->  Index Only Scan using relation_14_pkey on relation_14 source_14  (cost=0.42..0.48 rows=1 width=4) (actual rows=0 loops=51829)
                     Index Cond: (kitchenappliance_id = source.product_id)
                     Heap Fetches: 0
                     Buffers: shared hit=154911 read=577
               ->  Index Only Scan using relation_15_pkey on relation_15 source_15  (cost=0.42..0.51 rows=1 width=4) (actual rows=0 loops=51829)
                     Index Cond: (apparel_id = source.product_id)
                     Heap Fetches: 0
                     Buffers: shared hit=154532 read=956
               ->  Index Only Scan using relation_16_pkey on relation_16 source_16  (cost=0.42..0.49 rows=1 width=4) (actual rows=0 loops=51829)
                     Index Cond: (clothing_id = source.product_id)
                     Heap Fetches: 0
                     Buffers: shared hit=154712 read=776
               ->  Index Only Scan using relation_17_pkey on relation_17 source_17  (cost=0.43..0.75 rows=1 width=4) (actual rows=0 loops=51829)
                     Index Cond: (menclothing_id = source.product_id)
                     Heap Fetches: 0
                     Buffers: shared hit=152963 read=4325
               ->  Index Only Scan using relation_18_pkey on relation_18 source_18  (cost=0.29..0.32 rows=1 width=4) (actual rows=0 loops=51829)
                     Index Cond: (womenclothing_id = source.product_id)
                     Heap Fetches: 0
                     Buffers: shared hit=103398 read=261
               ->  Index Only Scan using relation_19_pkey on relation_19 source_19  (cost=0.29..0.31 rows=1 width=4) (actual rows=0 loops=51829)
                     Index Cond: (footwear_id = source.product_id)
                     Heap Fetches: 0
                     Buffers: shared hit=103597 read=62
               ->  Index Only Scan using relation_3_pkey on relation_3 source_20  (cost=0.29..0.32 rows=1 width=4) (actual rows=0 loops=51829)
                     Index Cond: (digitalproduct_id = source.product_id)
                     Heap Fetches: 0
                     Buffers: shared hit=103520 read=139
               ->  Index Only Scan using relation_20_pkey on relation_20 source_21  (cost=0.43..0.63 rows=1 width=4) (actual rows=0 loops=51829)
                     Index Cond: (media_id = source.product_id)
                     Heap Fetches: 0
                     Buffers: shared hit=152830 read=2658
               ->  Index Only Scan using relation_21_pkey on relation_21 source_22  (cost=0.29..0.30 rows=1 width=4) (actual rows=0 loops=51829)
                     Index Cond: (software_id = source.product_id)
                     Heap Fetches: 0
                     Buffers: shared hit=103621 read=38
 Planning:
   Buffers: shared hit=4 read=10
 Planning Time: 40.114 ms
 JIT:
   Functions: 56
   Options: Inlining true, Optimization true, Expressions true, Deforming true
 Execution Time: 882.044 ms
(114 rows)

-- Q040 [weak_owner] occurrence 1/1
-- Original E/R: SELECT w.payment_method_id, o.password_hash FROM PaymentMethod w JOIN Customer o ON OWNER(w) = REF(o) WHERE w.exp_month > 10;
EXPLAIN (ANALYZE, BUFFERS, TIMING OFF, SUMMARY ON, FORMAT TEXT)
WITH
"b0" AS (
    SELECT
        "source"."exp_month" AS "exp_month",
        "source"."payment_method_id" AS "payment_method_id",
        "source"."customer_id" AS "__owner_0"
    FROM "relation_32" AS "source"
),
"b1" AS (
    SELECT
        "source"."password_hash" AS "password_hash",
        "source"."customer_id" AS "__reference_0"
    FROM "relation_23" AS "source"
    UNION ALL
    SELECT
        "source"."password_hash" AS "password_hash",
        "source"."primecustomer_id" AS "__reference_0"
    FROM "relation_24" AS "source"
    UNION ALL
    SELECT
        "source"."password_hash" AS "password_hash",
        "source"."businesscustomer_id" AS "__reference_0"
    FROM "relation_25" AS "source"
)
SELECT 
    "b0"."payment_method_id" AS "payment_method_id",
    "b1"."password_hash" AS "password_hash"
FROM ("b0" INNER JOIN "b1" ON ("b0"."__owner_0" = "b1"."__reference_0"))
WHERE ("b0"."exp_month" > 10);
                                                      QUERY PLAN                                                       
-----------------------------------------------------------------------------------------------------------------------
 Hash Join  (cost=3176.30..57791.23 rows=191446 width=69) (actual rows=23298 loops=1)
   Hash Cond: (source_1.customer_id = source.customer_id)
   Buffers: shared read=34413
   ->  Append  (cost=0.00..48811.78 rows=1036985 width=69) (actual rows=1036985 loops=1)
         Buffers: shared read=33257
         ->  Seq Scan on relation_23 source_1  (cost=0.00..1457.85 rows=36985 width=69) (actual rows=36985 loops=1)
               Buffers: shared read=1088
         ->  Seq Scan on relation_24 source_2  (cost=0.00..4713.00 rows=100000 width=69) (actual rows=100000 loops=1)
               Buffers: shared read=3713
         ->  Seq Scan on relation_25 source_3  (cost=0.00..37456.00 rows=900000 width=69) (actual rows=900000 loops=1)
               Buffers: shared read=28456
   ->  Hash  (cost=2889.71..2889.71 rows=22927 width=8) (actual rows=23298 loops=1)
         Buckets: 32768  Batches: 1  Memory Usage: 1167kB
         Buffers: shared read=1156
         ->  Seq Scan on relation_32 source  (cost=0.00..2889.71 rows=22927 width=8) (actual rows=23298 loops=1)
               Filter: (exp_month > 10)
               Rows Removed by Filter: 115399
               Buffers: shared read=1156
 Planning:
   Buffers: shared read=3
 Planning Time: 0.134 ms
 Execution Time: 134.133 ms
(22 rows)

-- Q041 [selection_projection] occurrence 1/1
-- Original E/R: SELECT e.loyalty_tier, e.company_name, e.password_hash, e.user_id FROM BusinessCustomer e WHERE e.password_hash >= 'b48c2613361ebf036b633a98d1a425fe0973362b038e19b9fb3c62a3be45a7c4';
EXPLAIN (ANALYZE, BUFFERS, TIMING OFF, SUMMARY ON, FORMAT TEXT)
WITH
"b0" AS (
    SELECT
        "source"."company_name" AS "company_name",
        "source"."loyalty_tier" AS "loyalty_tier",
        "source"."password_hash" AS "password_hash",
        "source"."businesscustomer_id" AS "user_id"
    FROM "relation_25" AS "source"
)
SELECT 
    "b0"."loyalty_tier" AS "loyalty_tier",
    "b0"."company_name" AS "company_name",
    "b0"."password_hash" AS "password_hash",
    "b0"."user_id" AS "user_id"
FROM "b0"
WHERE ("b0"."password_hash" >= 'b48c2613361ebf036b633a98d1a425fe0973362b038e19b9fb3c62a3be45a7c4');
                                                  QUERY PLAN                                                   
---------------------------------------------------------------------------------------------------------------
 Seq Scan on relation_25 source  (cost=0.00..39706.00 rows=266991 width=92) (actual rows=265556 loops=1)
   Filter: ((password_hash)::text >= 'b48c2613361ebf036b633a98d1a425fe0973362b038e19b9fb3c62a3be45a7c4'::text)
   Rows Removed by Filter: 634444
   Buffers: shared hit=32 read=28424
 Planning:
   Buffers: shared hit=4 read=4
 Planning Time: 0.085 ms
 Execution Time: 93.440 ms
(8 rows)

-- Q042 [weak_owner] occurrence 1/1
-- Original E/R: SELECT w.rating, w.title, o.loyalty_tier, o.password_hash FROM Review w JOIN Customer o ON OWNER(w) = REF(o) WHERE o.loyalty_tier <= 'bronze';
EXPLAIN (ANALYZE, BUFFERS, TIMING OFF, SUMMARY ON, FORMAT TEXT)
WITH
"b0" AS (
    SELECT
        "source"."rating" AS "rating",
        "source"."title" AS "title",
        "source"."customer_id" AS "__owner_0"
    FROM "relation_35" AS "source"
),
"b1" AS (
    SELECT
        "source"."loyalty_tier" AS "loyalty_tier",
        "source"."password_hash" AS "password_hash",
        "source"."customer_id" AS "__reference_0"
    FROM "relation_23" AS "source"
    UNION ALL
    SELECT
        "source"."loyalty_tier" AS "loyalty_tier",
        "source"."password_hash" AS "password_hash",
        "source"."primecustomer_id" AS "__reference_0"
    FROM "relation_24" AS "source"
    UNION ALL
    SELECT
        "source"."loyalty_tier" AS "loyalty_tier",
        "source"."password_hash" AS "password_hash",
        "source"."businesscustomer_id" AS "__reference_0"
    FROM "relation_25" AS "source"
)
SELECT 
    "b0"."rating" AS "rating",
    "b0"."title" AS "title",
    "b1"."loyalty_tier" AS "loyalty_tier",
    "b1"."password_hash" AS "password_hash"
FROM ("b0" INNER JOIN "b1" ON ("b0"."__owner_0" = "b1"."__reference_0"))
WHERE ("b1"."loyalty_tier" <= 'bronze');
                                                      QUERY PLAN                                                       
-----------------------------------------------------------------------------------------------------------------------
 Hash Join  (cost=1273.69..58137.12 rows=504025 width=112) (actual rows=12176 loops=1)
   Hash Cond: (source_1.customer_id = source.customer_id)
   Buffers: shared hit=4865 read=29097
   ->  Append  (cost=0.00..48709.92 rows=498122 width=75) (actual rows=499250 loops=1)
         Buffers: shared hit=4865 read=28392
         ->  Seq Scan on relation_23 source_1  (cost=0.00..1550.31 rows=17795 width=75) (actual rows=17781 loops=1)
               Filter: ((loyalty_tier)::text <= 'bronze'::text)
               Rows Removed by Filter: 19204
               Buffers: shared hit=1088
         ->  Seq Scan on relation_24 source_2  (cost=0.00..4963.00 rows=48147 width=75) (actual rows=47992 loops=1)
               Filter: ((loyalty_tier)::text <= 'bronze'::text)
               Rows Removed by Filter: 52008
               Buffers: shared hit=3713
         ->  Seq Scan on relation_25 source_3  (cost=0.00..39706.00 rows=432180 width=75) (actual rows=433477 loops=1)
               Filter: ((loyalty_tier)::text <= 'bronze'::text)
               Rows Removed by Filter: 466523
               Buffers: shared hit=64 read=28392
   ->  Hash  (cost=957.75..957.75 rows=25275 width=45) (actual rows=25275 loops=1)
         Buckets: 32768  Batches: 1  Memory Usage: 2196kB
         Buffers: shared read=705
         ->  Seq Scan on relation_35 source  (cost=0.00..957.75 rows=25275 width=45) (actual rows=25275 loops=1)
               Buffers: shared read=705
 Planning:
   Buffers: shared hit=5 read=3
 Planning Time: 0.223 ms
 Execution Time: 141.276 ms
(26 rows)

-- Q043 [complex_multi_join] occurrence 1/1
-- Original E/R: SELECT e1.product_id, e2.product_name, e3.base_price FROM bought_together r1 JOIN Product e1 ON ENDPOINT(r1, bought_together_product_id) = REF(e1) JOIN Product e2 ON ENDPOINT(r1, product_id) = REF(e2) JOIN bundle_components r2 ON ENDPOINT(r2, product_id) = REF(e2) JOIN Product e3 ON ENDPOINT(r2, bundle_product_id) = REF(e3) WHERE e3.product_name <= 'Front-line client-driven middleware';
EXPLAIN (ANALYZE, BUFFERS, TIMING OFF, SUMMARY ON, FORMAT TEXT)
WITH
"b0" AS (
    SELECT
        "source"."bought_together_product_product_id" AS "__endpoint_bought_together_product_id_0",
        "source"."product_id" AS "__endpoint_product_id_0"
    FROM "relation_49" AS "source"
),
"b1" AS (
    SELECT
        "source"."product_id" AS "product_id",
        "source"."product_id" AS "__reference_0"
    FROM "relation_1" AS "source"
    UNION ALL
    SELECT
        "source"."physicalproduct_id" AS "product_id",
        "source"."physicalproduct_id" AS "__reference_0"
    FROM "relation_2" AS "source"
    UNION ALL
    SELECT
        "source"."electronics_id" AS "product_id",
        "source"."electronics_id" AS "__reference_0"
    FROM "relation_4" AS "source"
    UNION ALL
    SELECT
        "source"."computer_id" AS "product_id",
        "source"."computer_id" AS "__reference_0"
    FROM "relation_5" AS "source"
    UNION ALL
    SELECT
        "source"."desktop_id" AS "product_id",
        "source"."desktop_id" AS "__reference_0"
    FROM "relation_6" AS "source"
    UNION ALL
    SELECT
        "source"."laptop_id" AS "product_id",
        "source"."laptop_id" AS "__reference_0"
    FROM "relation_7" AS "source"
    UNION ALL
    SELECT
        "source"."tablet_id" AS "product_id",
        "source"."tablet_id" AS "__reference_0"
    FROM "relation_8" AS "source"
    UNION ALL
    SELECT
        "source"."smartwatch_id" AS "product_id",
        "source"."smartwatch_id" AS "__reference_0"
    FROM "relation_9" AS "source"
    UNION ALL
    SELECT
        "source"."camera_id" AS "product_id",
        "source"."camera_id" AS "__reference_0"
    FROM "relation_10" AS "source"
    UNION ALL
    SELECT
        "source"."phone_id" AS "product_id",
        "source"."phone_id" AS "__reference_0"
    FROM "relation_11" AS "source"
    UNION ALL
    SELECT
        "source"."accessory_id" AS "product_id",
        "source"."accessory_id" AS "__reference_0"
    FROM "relation_12" AS "source"
    UNION ALL
    SELECT
        "source"."appliance_id" AS "product_id",
        "source"."appliance_id" AS "__reference_0"
    FROM "relation_13" AS "source"
    UNION ALL
    SELECT
        "source"."kitchenappliance_id" AS "product_id",
        "source"."kitchenappliance_id" AS "__reference_0"
    FROM "relation_14" AS "source"
    UNION ALL
    SELECT
        "source"."apparel_id" AS "product_id",
        "source"."apparel_id" AS "__reference_0"
    FROM "relation_15" AS "source"
    UNION ALL
    SELECT
        "source"."clothing_id" AS "product_id",
        "source"."clothing_id" AS "__reference_0"
    FROM "relation_16" AS "source"
    UNION ALL
    SELECT
        "source"."menclothing_id" AS "product_id",
        "source"."menclothing_id" AS "__reference_0"
    FROM "relation_17" AS "source"
    UNION ALL
    SELECT
        "source"."womenclothing_id" AS "product_id",
        "source"."womenclothing_id" AS "__reference_0"
    FROM "relation_18" AS "source"
    UNION ALL
    SELECT
        "source"."footwear_id" AS "product_id",
        "source"."footwear_id" AS "__reference_0"
    FROM "relation_19" AS "source"
    UNION ALL
    SELECT
        "source"."digitalproduct_id" AS "product_id",
        "source"."digitalproduct_id" AS "__reference_0"
    FROM "relation_3" AS "source"
    UNION ALL
    SELECT
        "source"."media_id" AS "product_id",
        "source"."media_id" AS "__reference_0"
    FROM "relation_20" AS "source"
    UNION ALL
    SELECT
        "source"."software_id" AS "product_id",
        "source"."software_id" AS "__reference_0"
    FROM "relation_21" AS "source"
),
"b2" AS (
    SELECT
        "source"."product_name" AS "product_name",
        "source"."product_id" AS "__reference_0"
    FROM "relation_1" AS "source"
    UNION ALL
    SELECT
        "source"."product_name" AS "product_name",
        "source"."physicalproduct_id" AS "__reference_0"
    FROM "relation_2" AS "source"
    UNION ALL
    SELECT
        "source"."product_name" AS "product_name",
        "source"."electronics_id" AS "__reference_0"
    FROM "relation_4" AS "source"
    UNION ALL
    SELECT
        "source"."product_name" AS "product_name",
        "source"."computer_id" AS "__reference_0"
    FROM "relation_5" AS "source"
    UNION ALL
    SELECT
        "source"."product_name" AS "product_name",
        "source"."desktop_id" AS "__reference_0"
    FROM "relation_6" AS "source"
    UNION ALL
    SELECT
        "source"."product_name" AS "product_name",
        "source"."laptop_id" AS "__reference_0"
    FROM "relation_7" AS "source"
    UNION ALL
    SELECT
        "source"."product_name" AS "product_name",
        "source"."tablet_id" AS "__reference_0"
    FROM "relation_8" AS "source"
    UNION ALL
    SELECT
        "source"."product_name" AS "product_name",
        "source"."smartwatch_id" AS "__reference_0"
    FROM "relation_9" AS "source"
    UNION ALL
    SELECT
        "source"."product_name" AS "product_name",
        "source"."camera_id" AS "__reference_0"
    FROM "relation_10" AS "source"
    UNION ALL
    SELECT
        "source"."product_name" AS "product_name",
        "source"."phone_id" AS "__reference_0"
    FROM "relation_11" AS "source"
    UNION ALL
    SELECT
        "source"."product_name" AS "product_name",
        "source"."accessory_id" AS "__reference_0"
    FROM "relation_12" AS "source"
    UNION ALL
    SELECT
        "source"."product_name" AS "product_name",
        "source"."appliance_id" AS "__reference_0"
    FROM "relation_13" AS "source"
    UNION ALL
    SELECT
        "source"."product_name" AS "product_name",
        "source"."kitchenappliance_id" AS "__reference_0"
    FROM "relation_14" AS "source"
    UNION ALL
    SELECT
        "source"."product_name" AS "product_name",
        "source"."apparel_id" AS "__reference_0"
    FROM "relation_15" AS "source"
    UNION ALL
    SELECT
        "source"."product_name" AS "product_name",
        "source"."clothing_id" AS "__reference_0"
    FROM "relation_16" AS "source"
    UNION ALL
    SELECT
        "source"."product_name" AS "product_name",
        "source"."menclothing_id" AS "__reference_0"
    FROM "relation_17" AS "source"
    UNION ALL
    SELECT
        "source"."product_name" AS "product_name",
        "source"."womenclothing_id" AS "__reference_0"
    FROM "relation_18" AS "source"
    UNION ALL
    SELECT
        "source"."product_name" AS "product_name",
        "source"."footwear_id" AS "__reference_0"
    FROM "relation_19" AS "source"
    UNION ALL
    SELECT
        "source"."product_name" AS "product_name",
        "source"."digitalproduct_id" AS "__reference_0"
    FROM "relation_3" AS "source"
    UNION ALL
    SELECT
        "source"."product_name" AS "product_name",
        "source"."media_id" AS "__reference_0"
    FROM "relation_20" AS "source"
    UNION ALL
    SELECT
        "source"."product_name" AS "product_name",
        "source"."software_id" AS "__reference_0"
    FROM "relation_21" AS "source"
),
"b3" AS (
    SELECT
        "source"."bundle_product_product_id" AS "__endpoint_bundle_product_id_0",
        "source"."product_id" AS "__endpoint_product_id_0"
    FROM "relation_48" AS "source"
),
"b4" AS (
    SELECT
        "source"."base_price" AS "base_price",
        "source"."product_name" AS "product_name",
        "source"."product_id" AS "__reference_0"
    FROM "relation_1" AS "source"
    UNION ALL
    SELECT
        "source"."base_price" AS "base_price",
        "source"."product_name" AS "product_name",
        "source"."physicalproduct_id" AS "__reference_0"
    FROM "relation_2" AS "source"
    UNION ALL
    SELECT
        "source"."base_price" AS "base_price",
        "source"."product_name" AS "product_name",
        "source"."electronics_id" AS "__reference_0"
    FROM "relation_4" AS "source"
    UNION ALL
    SELECT
        "source"."base_price" AS "base_price",
        "source"."product_name" AS "product_name",
        "source"."computer_id" AS "__reference_0"
    FROM "relation_5" AS "source"
    UNION ALL
    SELECT
        "source"."base_price" AS "base_price",
        "source"."product_name" AS "product_name",
        "source"."desktop_id" AS "__reference_0"
    FROM "relation_6" AS "source"
    UNION ALL
    SELECT
        "source"."base_price" AS "base_price",
        "source"."product_name" AS "product_name",
        "source"."laptop_id" AS "__reference_0"
    FROM "relation_7" AS "source"
    UNION ALL
    SELECT
        "source"."base_price" AS "base_price",
        "source"."product_name" AS "product_name",
        "source"."tablet_id" AS "__reference_0"
    FROM "relation_8" AS "source"
    UNION ALL
    SELECT
        "source"."base_price" AS "base_price",
        "source"."product_name" AS "product_name",
        "source"."smartwatch_id" AS "__reference_0"
    FROM "relation_9" AS "source"
    UNION ALL
    SELECT
        "source"."base_price" AS "base_price",
        "source"."product_name" AS "product_name",
        "source"."camera_id" AS "__reference_0"
    FROM "relation_10" AS "source"
    UNION ALL
    SELECT
        "source"."base_price" AS "base_price",
        "source"."product_name" AS "product_name",
        "source"."phone_id" AS "__reference_0"
    FROM "relation_11" AS "source"
    UNION ALL
    SELECT
        "source"."base_price" AS "base_price",
        "source"."product_name" AS "product_name",
        "source"."accessory_id" AS "__reference_0"
    FROM "relation_12" AS "source"
    UNION ALL
    SELECT
        "source"."base_price" AS "base_price",
        "source"."product_name" AS "product_name",
        "source"."appliance_id" AS "__reference_0"
    FROM "relation_13" AS "source"
    UNION ALL
    SELECT
        "source"."base_price" AS "base_price",
        "source"."product_name" AS "product_name",
        "source"."kitchenappliance_id" AS "__reference_0"
    FROM "relation_14" AS "source"
    UNION ALL
    SELECT
        "source"."base_price" AS "base_price",
        "source"."product_name" AS "product_name",
        "source"."apparel_id" AS "__reference_0"
    FROM "relation_15" AS "source"
    UNION ALL
    SELECT
        "source"."base_price" AS "base_price",
        "source"."product_name" AS "product_name",
        "source"."clothing_id" AS "__reference_0"
    FROM "relation_16" AS "source"
    UNION ALL
    SELECT
        "source"."base_price" AS "base_price",
        "source"."product_name" AS "product_name",
        "source"."menclothing_id" AS "__reference_0"
    FROM "relation_17" AS "source"
    UNION ALL
    SELECT
        "source"."base_price" AS "base_price",
        "source"."product_name" AS "product_name",
        "source"."womenclothing_id" AS "__reference_0"
    FROM "relation_18" AS "source"
    UNION ALL
    SELECT
        "source"."base_price" AS "base_price",
        "source"."product_name" AS "product_name",
        "source"."footwear_id" AS "__reference_0"
    FROM "relation_19" AS "source"
    UNION ALL
    SELECT
        "source"."base_price" AS "base_price",
        "source"."product_name" AS "product_name",
        "source"."digitalproduct_id" AS "__reference_0"
    FROM "relation_3" AS "source"
    UNION ALL
    SELECT
        "source"."base_price" AS "base_price",
        "source"."product_name" AS "product_name",
        "source"."media_id" AS "__reference_0"
    FROM "relation_20" AS "source"
    UNION ALL
    SELECT
        "source"."base_price" AS "base_price",
        "source"."product_name" AS "product_name",
        "source"."software_id" AS "__reference_0"
    FROM "relation_21" AS "source"
)
SELECT 
    "b1"."product_id" AS "product_id",
    "b2"."product_name" AS "product_name",
    "b4"."base_price" AS "base_price"
FROM (((("b0" INNER JOIN "b1" ON ("b0"."__endpoint_bought_together_product_id_0" = "b1"."__reference_0")) INNER JOIN "b2" ON ("b0"."__endpoint_product_id_0" = "b2"."__reference_0")) INNER JOIN "b3" ON ("b3"."__endpoint_product_id_0" = "b2"."__reference_0")) INNER JOIN "b4" ON ("b3"."__endpoint_bundle_product_id_0" = "b4"."__reference_0"))
WHERE ("b4"."product_name" <= 'Front-line client-driven middleware');
                                                                            QUERY PLAN                                                                             
-------------------------------------------------------------------------------------------------------------------------------------------------------------------
 Hash Join  (cost=4140809.76..6904194.55 rows=90689836 width=42) (actual rows=989709 loops=1)
   Hash Cond: (source_22.product_id = source.product_id)
   Buffers: shared hit=200444 read=1137608, temp read=236371 written=236371
   ->  Append  (cost=0.00..646516.84 rows=16796056 width=38) (actual rows=16796782 loops=1)
         Buffers: shared read=394576
         ->  Seq Scan on relation_1 source_22  (cost=0.00..1902.99 rows=61999 width=38) (actual rows=61999 loops=1)
               Buffers: shared read=1283
         ->  Seq Scan on relation_2 source_23  (cost=0.00..2770.65 rows=85865 width=38) (actual rows=85865 loops=1)
               Buffers: shared read=1912
         ->  Seq Scan on relation_4 source_24  (cost=0.00..295054.61 rows=9003261 width=38) (actual rows=9004045 loops=1)
               Buffers: shared read=205022
         ->  Seq Scan on relation_5 source_25  (cost=0.00..3684.90 rows=107190 width=38) (actual rows=107190 loops=1)
               Buffers: shared read=2613
         ->  Seq Scan on relation_6 source_26  (cost=0.00..66884.60 rows=1877960 width=38) (actual rows=1877778 loops=1)
               Buffers: shared read=48105
         ->  Seq Scan on relation_7 source_27  (cost=0.00..4873.70 rows=139670 width=38) (actual rows=139670 loops=1)
               Buffers: shared read=3477
         ->  Seq Scan on relation_8 source_28  (cost=0.00..3329.00 rows=100000 width=38) (actual rows=100000 loops=1)
               Buffers: shared read=2329
         ->  Seq Scan on relation_9 source_29  (cost=0.00..15630.45 rows=469445 width=38) (actual rows=469445 loops=1)
               Buffers: shared read=10936
         ->  Seq Scan on relation_10 source_30  (cost=0.00..5626.01 rows=169001 width=38) (actual rows=169001 loops=1)
               Buffers: shared read=3936
         ->  Seq Scan on relation_11 source_31  (cost=0.00..23109.01 rows=676001 width=38) (actual rows=676001 loops=1)
               Buffers: shared read=16349
         ->  Seq Scan on relation_12 source_32  (cost=0.00..4899.98 rows=144898 width=38) (actual rows=144898 loops=1)
               Buffers: shared read=3451
         ->  Seq Scan on relation_13 source_33  (cost=0.00..1970.20 rows=60120 width=38) (actual rows=60120 loops=1)
               Buffers: shared read=1369
         ->  Seq Scan on relation_14 source_34  (cost=0.00..8787.63 rows=264063 width=38) (actual rows=264063 loops=1)
               Buffers: shared read=6147
         ->  Seq Scan on relation_15 source_35  (cost=0.00..11989.62 rows=364762 width=38) (actual rows=364762 loops=1)
               Buffers: shared read=8342
         ->  Seq Scan on relation_16 source_36  (cost=0.00..10062.82 rows=297982 width=38) (actual rows=297982 loops=1)
               Buffers: shared read=7083
         ->  Seq Scan on relation_17 source_37  (cost=0.00..58719.76 rows=1689876 width=38) (actual rows=1690000 loops=1)
               Buffers: shared read=41821
         ->  Seq Scan on relation_18 source_38  (cost=0.00..4075.62 rows=117362 width=38) (actual rows=117362 loops=1)
               Buffers: shared read=2902
         ->  Seq Scan on relation_19 source_39  (cost=0.00..967.42 rows=28642 width=38) (actual rows=28642 loops=1)
               Buffers: shared read=681
         ->  Seq Scan on relation_3 source_40  (cost=0.00..2194.09 rows=66709 width=38) (actual rows=66709 loops=1)
               Buffers: shared read=1527
         ->  Seq Scan on relation_20 source_41  (cost=0.00..35487.50 rows=1056250 width=38) (actual rows=1056250 loops=1)
               Buffers: shared read=24925
         ->  Seq Scan on relation_21 source_42  (cost=0.00..516.00 rows=15000 width=38) (actual rows=15000 loops=1)
               Buffers: shared read=366
   ->  Hash  (cost=3533075.76..3533075.76 rows=34961760 width=16) (actual rows=989709 loops=1)
         Buckets: 4194304  Batches: 32  Memory Usage: 34227kB
         Buffers: shared hit=200444 read=743032, temp read=113010 written=117207
         ->  Hash Join  (cost=1966277.35..3533075.76 rows=34961760 width=16) (actual rows=989709 loops=1)
               Hash Cond: (source_1.product_id = source.bought_together_product_product_id)
               Buffers: shared hit=200444 read=743032, temp read=113010 written=113010
               ->  Append  (cost=0.29..631156.86 rows=16796056 width=8) (actual rows=16796782 loops=1)
                     Buffers: shared hit=200443 read=261001
                     ->  Index Only Scan using relation_1_pkey on relation_1 source_1  (cost=0.29..1618.28 rows=61999 width=8) (actual rows=61999 loops=1)
                           Heap Fetches: 0
                           Buffers: shared hit=3 read=169
                     ->  Index Only Scan using relation_2_pkey on relation_2 source_2  (cost=0.29..2236.27 rows=85865 width=8) (actual rows=85865 loops=1)
                           Heap Fetches: 0
                           Buffers: shared hit=3 read=234
                     ->  Seq Scan on relation_4 source_3  (cost=0.00..295054.61 rows=9003261 width=8) (actual rows=9004045 loops=1)
                           Buffers: shared read=205022
                     ->  Index Only Scan using relation_5_pkey on relation_5 source_4  (cost=0.29..3152.14 rows=107190 width=8) (actual rows=107190 loops=1)
                           Heap Fetches: 0
                           Buffers: shared hit=3 read=383
                     ->  Index Only Scan using relation_6_pkey on relation_6 source_5  (cost=0.43..62293.83 rows=1877960 width=8) (actual rows=1877778 loops=1)
                           Heap Fetches: 0
                           Buffers: shared hit=98741 read=8493
                     ->  Index Only Scan using relation_7_pkey on relation_7 source_6  (cost=0.42..4135.47 rows=139670 width=8) (actual rows=139670 loops=1)
                           Heap Fetches: 0
                           Buffers: shared read=509
                     ->  Index Only Scan using relation_8_pkey on relation_8 source_7  (cost=0.29..2604.29 rows=100000 width=8) (actual rows=100000 loops=1)
                           Heap Fetches: 0
                           Buffers: shared read=276
                     ->  Seq Scan on relation_9 source_8  (cost=0.00..15630.45 rows=469445 width=8) (actual rows=469445 loops=1)
                           Buffers: shared read=10936
                     ->  Index Only Scan using relation_10_pkey on relation_10 source_9  (cost=0.42..4399.44 rows=169001 width=8) (actual rows=169001 loops=1)
                           Heap Fetches: 0
                           Buffers: shared read=465
                     ->  Index Only Scan using relation_11_pkey on relation_11 source_10  (cost=0.42..22664.44 rows=676001 width=8) (actual rows=676001 loops=1)
                           Heap Fetches: 0
                           Buffers: shared read=3118
                     ->  Index Only Scan using relation_12_pkey on relation_12 source_11  (cost=0.29..3765.76 rows=144898 width=8) (actual rows=144898 loops=1)
                           Heap Fetches: 0
                           Buffers: shared read=398
                     ->  Seq Scan on relation_13 source_12  (cost=0.00..1970.20 rows=60120 width=8) (actual rows=60120 loops=1)
                           Buffers: shared read=1369
                     ->  Index Only Scan using relation_14_pkey on relation_14 source_13  (cost=0.42..7753.37 rows=264063 width=8) (actual rows=264063 loops=1)
                           Heap Fetches: 0
                           Buffers: shared read=945
                     ->  Seq Scan on relation_15 source_14  (cost=0.00..11989.62 rows=364762 width=8) (actual rows=364762 loops=1)
                           Buffers: shared read=8342
                     ->  Seq Scan on relation_16 source_15  (cost=0.00..10062.82 rows=297982 width=8) (actual rows=297982 loops=1)
                           Buffers: shared read=7083
                     ->  Index Only Scan using relation_17_pkey on relation_17 source_16  (cost=0.43..57112.57 rows=1689876 width=8) (actual rows=1690000 loops=1)
                           Heap Fetches: 0
                           Buffers: shared hit=101693 read=7909
                     ->  Index Only Scan using relation_18_pkey on relation_18 source_17  (cost=0.29..3052.72 rows=117362 width=8) (actual rows=117362 loops=1)
                           Heap Fetches: 0
                           Buffers: shared read=323
                     ->  Index Only Scan using relation_19_pkey on relation_19 source_18  (cost=0.29..753.92 rows=28642 width=8) (actual rows=28642 loops=1)
                           Heap Fetches: 0
                           Buffers: shared read=81
                     ->  Index Only Scan using relation_3_pkey on relation_3 source_19  (cost=0.29..1740.93 rows=66709 width=8) (actual rows=66709 loops=1)
                           Heap Fetches: 0
                           Buffers: shared read=185
                     ->  Index Only Scan using relation_20_pkey on relation_20 source_20  (cost=0.43..34788.18 rows=1056250 width=8) (actual rows=1056250 loops=1)
                           Heap Fetches: 0
                           Buffers: shared read=4718
                     ->  Index Only Scan using relation_21_pkey on relation_21 source_21  (cost=0.29..397.29 rows=15000 width=8) (actual rows=15000 loops=1)
                           Heap Fetches: 0
                           Buffers: shared read=43
               ->  Hash  (cost=1692540.35..1692540.35 rows=15747497 width=16) (actual rows=989709 loops=1)
                     Buckets: 4194304  Batches: 8  Memory Usage: 38578kB
                     Buffers: shared hit=1 read=482031, temp read=58972 written=62774
                     ->  Hash Join  (cost=982725.93..1692540.35 rows=15747497 width=16) (actual rows=989709 loops=1)
                           Hash Cond: (source.product_id = source_43.product_id)
                           Buffers: shared hit=1 read=482031, temp read=58972 written=58972
                           ->  Seq Scan on relation_49 source  (cost=0.00..236299.22 rows=16377122 width=8) (actual rows=16378086 loops=1)
                                 Buffers: shared read=72528
                           ->  Hash  (cost=880578.70..880578.70 rows=6226098 width=8) (actual rows=1013065 loops=1)
                                 Buckets: 4194304  Batches: 4  Memory Usage: 42677kB
                                 Buffers: shared hit=1 read=409503, temp read=14392 written=16986
                                 ->  Hash Join  (cost=103636.51..880578.70 rows=6226098 width=8) (actual rows=1013065 loops=1)
                                       Hash Cond: (source_44.product_id = source_43.bundle_product_product_id)
                                       Buffers: shared hit=1 read=409503, temp read=14392 written=14392
                                       ->  Append  (cost=0.00..629977.15 rows=5090090 width=8) (actual rows=5069645 loops=1)
                                             Buffers: shared hit=1 read=394575
                                             ->  Seq Scan on relation_1 source_44  (cost=0.00..2057.99 rows=18600 width=8) (actual rows=18735 loops=1)
                                                   Filter: ((product_name)::text <= 'Front-line client-driven middleware'::text)
                                                   Rows Removed by Filter: 43264
                                                   Buffers: shared hit=1 read=1282
                                             ->  Seq Scan on relation_2 source_45  (cost=0.00..2985.31 rows=26618 width=8) (actual rows=26112 loops=1)
                                                   Filter: ((product_name)::text <= 'Front-line client-driven middleware'::text)
                                                   Rows Removed by Filter: 59753
                                                   Buffers: shared read=1912
                                             ->  Seq Scan on relation_4 source_46  (cost=0.00..317562.76 rows=2700978 width=8) (actual rows=2716515 loops=1)
                                                   Filter: ((product_name)::text <= 'Front-line client-driven middleware'::text)
                                                   Rows Removed by Filter: 6287530
                                                   Buffers: shared read=205022
                                             ->  Seq Scan on relation_5 source_47  (cost=0.00..3952.88 rows=33229 width=8) (actual rows=32502 loops=1)
                                                   Filter: ((product_name)::text <= 'Front-line client-driven middleware'::text)
                                                   Rows Removed by Filter: 74688
                                                   Buffers: shared read=2613
                                             ->  Seq Scan on relation_6 source_48  (cost=0.00..71579.50 rows=582168 width=8) (actual rows=566879 loops=1)
                                                   Filter: ((product_name)::text <= 'Front-line client-driven middleware'::text)
                                                   Rows Removed by Filter: 1310899
                                                   Buffers: shared read=48105
                                             ->  Seq Scan on relation_7 source_49  (cost=0.00..5222.88 rows=43298 width=8) (actual rows=42357 loops=1)
                                                   Filter: ((product_name)::text <= 'Front-line client-driven middleware'::text)
                                                   Rows Removed by Filter: 97313
                                                   Buffers: shared read=3477
                                             ->  Seq Scan on relation_8 source_50  (cost=0.00..3579.00 rows=30000 width=8) (actual rows=30279 loops=1)
                                                   Filter: ((product_name)::text <= 'Front-line client-driven middleware'::text)
                                                   Rows Removed by Filter: 69721
                                                   Buffers: shared read=2329
                                             ->  Seq Scan on relation_9 source_51  (cost=0.00..16804.06 rows=140834 width=8) (actual rows=141614 loops=1)
                                                   Filter: ((product_name)::text <= 'Front-line client-driven middleware'::text)
                                                   Rows Removed by Filter: 327831
                                                   Buffers: shared read=10936
                                             ->  Seq Scan on relation_10 source_52  (cost=0.00..6048.51 rows=52390 width=8) (actual rows=51343 loops=1)
                                                   Filter: ((product_name)::text <= 'Front-line client-driven middleware'::text)
                                                   Rows Removed by Filter: 117658
                                                   Buffers: shared read=3936
                                             ->  Seq Scan on relation_11 source_53  (cost=0.00..24799.01 rows=202800 width=8) (actual rows=204099 loops=1)
                                                   Filter: ((product_name)::text <= 'Front-line client-driven middleware'::text)
                                                   Rows Removed by Filter: 471902
                                                   Buffers: shared read=16349
                                             ->  Seq Scan on relation_12 source_54  (cost=0.00..5262.23 rows=43469 width=8) (actual rows=43292 loops=1)
                                                   Filter: ((product_name)::text <= 'Front-line client-driven middleware'::text)
                                                   Rows Removed by Filter: 101606
                                                   Buffers: shared read=3451
                                             ->  Seq Scan on relation_13 source_55  (cost=0.00..2120.50 rows=18036 width=8) (actual rows=18123 loops=1)
                                                   Filter: ((product_name)::text <= 'Front-line client-driven middleware'::text)
                                                   Rows Removed by Filter: 41997
                                                   Buffers: shared read=1369
                                             ->  Seq Scan on relation_14 source_56  (cost=0.00..9447.79 rows=81860 width=8) (actual rows=79972 loops=1)
                                                   Filter: ((product_name)::text <= 'Front-line client-driven middleware'::text)
                                                   Rows Removed by Filter: 184091
                                                   Buffers: shared read=6147
                                             ->  Seq Scan on relation_15 source_57  (cost=0.00..12901.53 rows=113076 width=8) (actual rows=109972 loops=1)
                                                   Filter: ((product_name)::text <= 'Front-line client-driven middleware'::text)
                                                   Rows Removed by Filter: 254790
                                                   Buffers: shared read=8342
                                             ->  Seq Scan on relation_16 source_58  (cost=0.00..10807.77 rows=92374 width=8) (actual rows=90590 loops=1)
                                                   Filter: ((product_name)::text <= 'Front-line client-driven middleware'::text)
                                                   Rows Removed by Filter: 207392
                                                   Buffers: shared read=7083
                                             ->  Seq Scan on relation_17 source_59  (cost=0.00..62944.45 rows=523862 width=8) (actual rows=509976 loops=1)
                                                   Filter: ((product_name)::text <= 'Front-line client-driven middleware'::text)
                                                   Rows Removed by Filter: 1180024
                                                   Buffers: shared read=41821
                                             ->  Seq Scan on relation_18 source_60  (cost=0.00..4369.02 rows=36382 width=8) (actual rows=35725 loops=1)
                                                   Filter: ((product_name)::text <= 'Front-line client-driven middleware'::text)
                                                   Rows Removed by Filter: 81637
                                                   Buffers: shared read=2902
                                             ->  Seq Scan on relation_19 source_61  (cost=0.00..1039.03 rows=8726 width=8) (actual rows=8529 loops=1)
                                                   Filter: ((product_name)::text <= 'Front-line client-driven middleware'::text)
                                                   Rows Removed by Filter: 20113
                                                   Buffers: shared read=681
                                             ->  Seq Scan on relation_3 source_62  (cost=0.00..2360.86 rows=20013 width=8) (actual rows=20032 loops=1)
                                                   Filter: ((product_name)::text <= 'Front-line client-driven middleware'::text)
                                                   Rows Removed by Filter: 46677
                                                   Buffers: shared read=1527
                                             ->  Seq Scan on relation_20 source_63  (cost=0.00..38128.12 rows=316875 width=8) (actual rows=318504 loops=1)
                                                   Filter: ((product_name)::text <= 'Front-line client-driven middleware'::text)
                                                   Rows Removed by Filter: 737746
                                                   Buffers: shared read=24925
                                             ->  Seq Scan on relation_21 source_64  (cost=0.00..553.50 rows=4502 width=8) (actual rows=4495 loops=1)
                                                   Filter: ((product_name)::text <= 'Front-line client-driven middleware'::text)
                                                   Rows Removed by Filter: 10505
                                                   Buffers: shared read=366
                                       ->  Hash  (cost=48521.56..48521.56 rows=3359356 width=8) (actual rows=3359356 loops=1)
                                             Buckets: 4194304  Batches: 2  Memory Usage: 98482kB
                                             Buffers: shared read=14928, temp written=5732
                                             ->  Seq Scan on relation_48 source_43  (cost=0.00..48521.56 rows=3359356 width=8) (actual rows=3359356 loops=1)
                                                   Buffers: shared read=14928
 Planning:
   Buffers: shared hit=4 read=12
 Planning Time: 40.557 ms
 JIT:
   Functions: 179
   Options: Inlining true, Optimization true, Expressions true, Deforming true
 Execution Time: 15371.787 ms
(225 rows)

-- Q044 [weak_owner] occurrence 1/1
-- Original E/R: SELECT w.shipped_at, w.carrier, w.tracking_no, o.custorder_id, o.status FROM Shipment w JOIN CustOrder o ON OWNER(w) = REF(o) WHERE w.shipped_at >= '2026-02-02';
EXPLAIN (ANALYZE, BUFFERS, TIMING OFF, SUMMARY ON, FORMAT TEXT)
WITH
"b0" AS (
    SELECT
        "source"."carrier" AS "carrier",
        "source"."shipped_at" AS "shipped_at",
        "source"."tracking_no" AS "tracking_no",
        "source"."custorder_id" AS "__owner_0"
    FROM "relation_38" AS "source"
),
"b1" AS (
    SELECT
        "source"."custorder_id" AS "custorder_id",
        "source"."status" AS "status",
        "source"."custorder_id" AS "__reference_0"
    FROM "relation_37" AS "source"
)
SELECT 
    "b0"."shipped_at" AS "shipped_at",
    "b0"."carrier" AS "carrier",
    "b0"."tracking_no" AS "tracking_no",
    "b1"."custorder_id" AS "custorder_id",
    "b1"."status" AS "status"
FROM ("b0" INNER JOIN "b1" ON ("b0"."__owner_0" = "b1"."__reference_0"))
WHERE ("b0"."shipped_at" >= '2026-02-02');
                                                  QUERY PLAN                                                   
---------------------------------------------------------------------------------------------------------------
 Hash Join  (cost=662.90..3847.32 rows=2454 width=41) (actual rows=2454 loops=1)
   Hash Cond: (source_1.custorder_id = source.custorder_id)
   Buffers: shared read=1983
   ->  Seq Scan on relation_37 source_1  (cost=0.00..2457.60 rows=80260 width=13) (actual rows=80260 loops=1)
         Buffers: shared read=1655
   ->  Hash  (cost=632.23..632.23 rows=2454 width=32) (actual rows=2454 loops=1)
         Buckets: 4096  Batches: 1  Memory Usage: 191kB
         Buffers: shared read=328
         ->  Seq Scan on relation_38 source  (cost=0.00..632.23 rows=2454 width=32) (actual rows=2454 loops=1)
               Filter: ((shipped_at)::text >= '2026-02-02'::text)
               Rows Removed by Filter: 21884
               Buffers: shared read=328
 Planning:
   Buffers: shared hit=4 read=13
 Planning Time: 0.205 ms
 Execution Time: 10.151 ms
(16 rows)

-- Q045 [relationship_join] occurrence 1/1
-- Original E/R: SELECT e1.loyalty_tier, e1.user_id, e2.placed_at FROM customer_orders r JOIN Customer e1 ON ENDPOINT(r, Customer) = REF(e1) JOIN CustOrder e2 ON ENDPOINT(r, CustOrder) = REF(e2) WHERE e1.loyalty_tier <= 'bronze';
EXPLAIN (ANALYZE, BUFFERS, TIMING OFF, SUMMARY ON, FORMAT TEXT)
WITH
"b0" AS (
    SELECT
        "source"."customer_orders_customer_id" AS "__endpoint_customer_0",
        "source"."custorder_id" AS "__endpoint_custorder_0"
    FROM "relation_37" AS "source"
    WHERE ("source"."customer_orders_customer_id" IS NOT NULL)
),
"b1" AS (
    SELECT
        "source"."loyalty_tier" AS "loyalty_tier",
        "source"."customer_id" AS "user_id",
        "source"."customer_id" AS "__reference_0"
    FROM "relation_23" AS "source"
    UNION ALL
    SELECT
        "source"."loyalty_tier" AS "loyalty_tier",
        "source"."primecustomer_id" AS "user_id",
        "source"."primecustomer_id" AS "__reference_0"
    FROM "relation_24" AS "source"
    UNION ALL
    SELECT
        "source"."loyalty_tier" AS "loyalty_tier",
        "source"."businesscustomer_id" AS "user_id",
        "source"."businesscustomer_id" AS "__reference_0"
    FROM "relation_25" AS "source"
),
"b2" AS (
    SELECT
        "source"."placed_at" AS "placed_at",
        "source"."custorder_id" AS "__reference_0"
    FROM "relation_37" AS "source"
)
SELECT 
    "b1"."loyalty_tier" AS "loyalty_tier",
    "b1"."user_id" AS "user_id",
    "b2"."placed_at" AS "placed_at"
FROM (("b0" INNER JOIN "b1" ON ("b0"."__endpoint_customer_0" = "b1"."__reference_0")) INNER JOIN "b2" ON ("b0"."__endpoint_custorder_0" = "b2"."__reference_0"))
WHERE ("b1"."loyalty_tier" <= 'bronze');
                                                         QUERY PLAN                                                          
-----------------------------------------------------------------------------------------------------------------------------
 Hash Join  (cost=6989.19..62463.88 rows=489681 width=21) (actual rows=35662 loops=1)
   Hash Cond: (source_1.customer_id = source.customer_orders_customer_id)
   Buffers: shared hit=3310 read=33257
   ->  Append  (cost=0.00..48709.92 rows=498122 width=14) (actual rows=499250 loops=1)
         Buffers: shared read=33257
         ->  Seq Scan on relation_23 source_1  (cost=0.00..1550.31 rows=17795 width=14) (actual rows=17781 loops=1)
               Filter: ((loyalty_tier)::text <= 'bronze'::text)
               Rows Removed by Filter: 19204
               Buffers: shared read=1088
         ->  Seq Scan on relation_24 source_2  (cost=0.00..4963.00 rows=48147 width=14) (actual rows=47992 loops=1)
               Filter: ((loyalty_tier)::text <= 'bronze'::text)
               Rows Removed by Filter: 52008
               Buffers: shared read=3713
         ->  Seq Scan on relation_25 source_3  (cost=0.00..39706.00 rows=432180 width=14) (actual rows=433477 loops=1)
               Filter: ((loyalty_tier)::text <= 'bronze'::text)
               Rows Removed by Filter: 466523
               Buffers: shared read=28456
   ->  Hash  (cost=6057.54..6057.54 rows=74532 width=15) (actual rows=74642 loops=1)
         Buckets: 131072  Batches: 1  Memory Usage: 4450kB
         Buffers: shared hit=3310
         ->  Hash Join  (cost=3389.25..6057.54 rows=74532 width=15) (actual rows=74642 loops=1)
               Hash Cond: (source_4.custorder_id = source.custorder_id)
               Buffers: shared hit=3310
               ->  Seq Scan on relation_37 source_4  (cost=0.00..2457.60 rows=80260 width=15) (actual rows=80260 loops=1)
                     Buffers: shared hit=1655
               ->  Hash  (cost=2457.60..2457.60 rows=74532 width=8) (actual rows=74642 loops=1)
                     Buckets: 131072  Batches: 1  Memory Usage: 3940kB
                     Buffers: shared hit=1655
                     ->  Seq Scan on relation_37 source  (cost=0.00..2457.60 rows=74532 width=8) (actual rows=74642 loops=1)
                           Filter: (customer_orders_customer_id IS NOT NULL)
                           Rows Removed by Filter: 5618
                           Buffers: shared hit=1655
 Planning:
   Buffers: shared hit=16
 Planning Time: 0.161 ms
 Execution Time: 168.277 ms
(36 rows)

-- Q046 [relationship_join] occurrence 1/1
-- Original E/R: SELECT e1.category_id, e1.parent, e2.product_name FROM category_products r JOIN Category e1 ON ENDPOINT(r, Category) = REF(e1) JOIN Product e2 ON ENDPOINT(r, Product) = REF(e2) WHERE e1.parent < 5297;
EXPLAIN (ANALYZE, BUFFERS, TIMING OFF, SUMMARY ON, FORMAT TEXT)
WITH
"b0" AS (
    SELECT
        "source"."category_products_category_id" AS "__endpoint_category_0",
        "source"."product_id" AS "__endpoint_product_0"
    FROM "relation_1" AS "source"
    WHERE ("source"."category_products_category_id" IS NOT NULL)
    UNION ALL
    SELECT
        "source"."category_products_category_id" AS "__endpoint_category_0",
        "source"."physicalproduct_id" AS "__endpoint_product_0"
    FROM "relation_2" AS "source"
    WHERE ("source"."category_products_category_id" IS NOT NULL)
    UNION ALL
    SELECT
        "source"."category_products_category_id" AS "__endpoint_category_0",
        "source"."electronics_id" AS "__endpoint_product_0"
    FROM "relation_4" AS "source"
    WHERE ("source"."category_products_category_id" IS NOT NULL)
    UNION ALL
    SELECT
        "source"."category_products_category_id" AS "__endpoint_category_0",
        "source"."computer_id" AS "__endpoint_product_0"
    FROM "relation_5" AS "source"
    WHERE ("source"."category_products_category_id" IS NOT NULL)
    UNION ALL
    SELECT
        "source"."category_products_category_id" AS "__endpoint_category_0",
        "source"."desktop_id" AS "__endpoint_product_0"
    FROM "relation_6" AS "source"
    WHERE ("source"."category_products_category_id" IS NOT NULL)
    UNION ALL
    SELECT
        "source"."category_products_category_id" AS "__endpoint_category_0",
        "source"."laptop_id" AS "__endpoint_product_0"
    FROM "relation_7" AS "source"
    WHERE ("source"."category_products_category_id" IS NOT NULL)
    UNION ALL
    SELECT
        "source"."category_products_category_id" AS "__endpoint_category_0",
        "source"."tablet_id" AS "__endpoint_product_0"
    FROM "relation_8" AS "source"
    WHERE ("source"."category_products_category_id" IS NOT NULL)
    UNION ALL
    SELECT
        "source"."category_products_category_id" AS "__endpoint_category_0",
        "source"."smartwatch_id" AS "__endpoint_product_0"
    FROM "relation_9" AS "source"
    WHERE ("source"."category_products_category_id" IS NOT NULL)
    UNION ALL
    SELECT
        "source"."category_products_category_id" AS "__endpoint_category_0",
        "source"."camera_id" AS "__endpoint_product_0"
    FROM "relation_10" AS "source"
    WHERE ("source"."category_products_category_id" IS NOT NULL)
    UNION ALL
    SELECT
        "source"."category_products_category_id" AS "__endpoint_category_0",
        "source"."phone_id" AS "__endpoint_product_0"
    FROM "relation_11" AS "source"
    WHERE ("source"."category_products_category_id" IS NOT NULL)
    UNION ALL
    SELECT
        "source"."category_products_category_id" AS "__endpoint_category_0",
        "source"."accessory_id" AS "__endpoint_product_0"
    FROM "relation_12" AS "source"
    WHERE ("source"."category_products_category_id" IS NOT NULL)
    UNION ALL
    SELECT
        "source"."category_products_category_id" AS "__endpoint_category_0",
        "source"."appliance_id" AS "__endpoint_product_0"
    FROM "relation_13" AS "source"
    WHERE ("source"."category_products_category_id" IS NOT NULL)
    UNION ALL
    SELECT
        "source"."category_products_category_id" AS "__endpoint_category_0",
        "source"."kitchenappliance_id" AS "__endpoint_product_0"
    FROM "relation_14" AS "source"
    WHERE ("source"."category_products_category_id" IS NOT NULL)
    UNION ALL
    SELECT
        "source"."category_products_category_id" AS "__endpoint_category_0",
        "source"."apparel_id" AS "__endpoint_product_0"
    FROM "relation_15" AS "source"
    WHERE ("source"."category_products_category_id" IS NOT NULL)
    UNION ALL
    SELECT
        "source"."category_products_category_id" AS "__endpoint_category_0",
        "source"."clothing_id" AS "__endpoint_product_0"
    FROM "relation_16" AS "source"
    WHERE ("source"."category_products_category_id" IS NOT NULL)
    UNION ALL
    SELECT
        "source"."category_products_category_id" AS "__endpoint_category_0",
        "source"."menclothing_id" AS "__endpoint_product_0"
    FROM "relation_17" AS "source"
    WHERE ("source"."category_products_category_id" IS NOT NULL)
    UNION ALL
    SELECT
        "source"."category_products_category_id" AS "__endpoint_category_0",
        "source"."womenclothing_id" AS "__endpoint_product_0"
    FROM "relation_18" AS "source"
    WHERE ("source"."category_products_category_id" IS NOT NULL)
    UNION ALL
    SELECT
        "source"."category_products_category_id" AS "__endpoint_category_0",
        "source"."footwear_id" AS "__endpoint_product_0"
    FROM "relation_19" AS "source"
    WHERE ("source"."category_products_category_id" IS NOT NULL)
    UNION ALL
    SELECT
        "source"."category_products_category_id" AS "__endpoint_category_0",
        "source"."digitalproduct_id" AS "__endpoint_product_0"
    FROM "relation_3" AS "source"
    WHERE ("source"."category_products_category_id" IS NOT NULL)
    UNION ALL
    SELECT
        "source"."category_products_category_id" AS "__endpoint_category_0",
        "source"."media_id" AS "__endpoint_product_0"
    FROM "relation_20" AS "source"
    WHERE ("source"."category_products_category_id" IS NOT NULL)
    UNION ALL
    SELECT
        "source"."category_products_category_id" AS "__endpoint_category_0",
        "source"."software_id" AS "__endpoint_product_0"
    FROM "relation_21" AS "source"
    WHERE ("source"."category_products_category_id" IS NOT NULL)
),
"b1" AS (
    SELECT
        "source"."category_id" AS "category_id",
        "source"."parent" AS "parent",
        "source"."category_id" AS "__reference_0"
    FROM "relation_0" AS "source"
),
"b2" AS (
    SELECT
        "source"."product_name" AS "product_name",
        "source"."product_id" AS "__reference_0"
    FROM "relation_1" AS "source"
    UNION ALL
    SELECT
        "source"."product_name" AS "product_name",
        "source"."physicalproduct_id" AS "__reference_0"
    FROM "relation_2" AS "source"
    UNION ALL
    SELECT
        "source"."product_name" AS "product_name",
        "source"."electronics_id" AS "__reference_0"
    FROM "relation_4" AS "source"
    UNION ALL
    SELECT
        "source"."product_name" AS "product_name",
        "source"."computer_id" AS "__reference_0"
    FROM "relation_5" AS "source"
    UNION ALL
    SELECT
        "source"."product_name" AS "product_name",
        "source"."desktop_id" AS "__reference_0"
    FROM "relation_6" AS "source"
    UNION ALL
    SELECT
        "source"."product_name" AS "product_name",
        "source"."laptop_id" AS "__reference_0"
    FROM "relation_7" AS "source"
    UNION ALL
    SELECT
        "source"."product_name" AS "product_name",
        "source"."tablet_id" AS "__reference_0"
    FROM "relation_8" AS "source"
    UNION ALL
    SELECT
        "source"."product_name" AS "product_name",
        "source"."smartwatch_id" AS "__reference_0"
    FROM "relation_9" AS "source"
    UNION ALL
    SELECT
        "source"."product_name" AS "product_name",
        "source"."camera_id" AS "__reference_0"
    FROM "relation_10" AS "source"
    UNION ALL
    SELECT
        "source"."product_name" AS "product_name",
        "source"."phone_id" AS "__reference_0"
    FROM "relation_11" AS "source"
    UNION ALL
    SELECT
        "source"."product_name" AS "product_name",
        "source"."accessory_id" AS "__reference_0"
    FROM "relation_12" AS "source"
    UNION ALL
    SELECT
        "source"."product_name" AS "product_name",
        "source"."appliance_id" AS "__reference_0"
    FROM "relation_13" AS "source"
    UNION ALL
    SELECT
        "source"."product_name" AS "product_name",
        "source"."kitchenappliance_id" AS "__reference_0"
    FROM "relation_14" AS "source"
    UNION ALL
    SELECT
        "source"."product_name" AS "product_name",
        "source"."apparel_id" AS "__reference_0"
    FROM "relation_15" AS "source"
    UNION ALL
    SELECT
        "source"."product_name" AS "product_name",
        "source"."clothing_id" AS "__reference_0"
    FROM "relation_16" AS "source"
    UNION ALL
    SELECT
        "source"."product_name" AS "product_name",
        "source"."menclothing_id" AS "__reference_0"
    FROM "relation_17" AS "source"
    UNION ALL
    SELECT
        "source"."product_name" AS "product_name",
        "source"."womenclothing_id" AS "__reference_0"
    FROM "relation_18" AS "source"
    UNION ALL
    SELECT
        "source"."product_name" AS "product_name",
        "source"."footwear_id" AS "__reference_0"
    FROM "relation_19" AS "source"
    UNION ALL
    SELECT
        "source"."product_name" AS "product_name",
        "source"."digitalproduct_id" AS "__reference_0"
    FROM "relation_3" AS "source"
    UNION ALL
    SELECT
        "source"."product_name" AS "product_name",
        "source"."media_id" AS "__reference_0"
    FROM "relation_20" AS "source"
    UNION ALL
    SELECT
        "source"."product_name" AS "product_name",
        "source"."software_id" AS "__reference_0"
    FROM "relation_21" AS "source"
)
SELECT 
    "b1"."category_id" AS "category_id",
    "b1"."parent" AS "parent",
    "b2"."product_name" AS "product_name"
FROM (("b0" INNER JOIN "b1" ON ("b0"."__endpoint_category_0" = "b1"."__reference_0")) INNER JOIN "b2" ON ("b0"."__endpoint_product_0" = "b2"."__reference_0"))
WHERE ("b1"."parent" < 5297);
                                                                 QUERY PLAN                                                                 
--------------------------------------------------------------------------------------------------------------------------------------------
 Nested Loop  (cost=3879.90..1950827.72 rows=11022999612 width=42) (actual rows=134867 loops=1)
   Buffers: shared hit=7220527 read=457643
   ->  Gather  (cost=3879.61..484393.43 rows=131257 width=12) (actual rows=134867 loops=1)
         Workers Planned: 2
         Workers Launched: 0
         Buffers: shared hit=2896 read=392456
         ->  Hash Join  (cost=2879.61..470267.73 rows=54690 width=12) (actual rows=134867 loops=1)
               Hash Cond: (source_22.category_products_category_id = source.category_id)
               Buffers: shared hit=2896 read=392456
               ->  Parallel Append  (cost=0.00..466678.29 rows=270405 width=8) (actual rows=671871 loops=1)
                     Buffers: shared hit=2896 read=391680
                     ->  Seq Scan on relation_19 source_22  (cost=0.00..967.42 rows=1149 width=8) (actual rows=1149 loops=1)
                           Filter: (category_products_category_id IS NOT NULL)
                           Rows Removed by Filter: 27493
                           Buffers: shared read=681
                     ->  Seq Scan on relation_21 source_23  (cost=0.00..516.00 rows=633 width=8) (actual rows=633 loops=1)
                           Filter: (category_products_category_id IS NOT NULL)
                           Rows Removed by Filter: 14367
                           Buffers: shared read=366
                     ->  Parallel Seq Scan on relation_4 source_24  (cost=0.00..242535.59 rows=141926 width=8) (actual rows=359312 loops=1)
                           Filter: (category_products_category_id IS NOT NULL)
                           Rows Removed by Filter: 8644733
                           Buffers: shared read=205022
                     ->  Parallel Seq Scan on relation_6 source_25  (cost=0.00..55929.83 rows=30830 width=8) (actual rows=75458 loops=1)
                           Filter: (category_products_category_id IS NOT NULL)
                           Rows Removed by Filter: 1802320
                           Buffers: shared read=48105
                     ->  Parallel Seq Scan on relation_17 source_26  (cost=0.00..48862.15 rows=26639 width=8) (actual rows=67960 loops=1)
                           Filter: (category_products_category_id IS NOT NULL)
                           Rows Removed by Filter: 1622040
                           Buffers: shared read=41821
                     ->  Parallel Seq Scan on relation_20 source_27  (cost=0.00..29326.04 rows=18059 width=8) (actual rows=42533 loops=1)
                           Filter: (category_products_category_id IS NOT NULL)
                           Rows Removed by Filter: 1013717
                           Buffers: shared read=24925
                     ->  Parallel Seq Scan on relation_11 source_28  (cost=0.00..19165.67 rows=11229 width=8) (actual rows=27116 loops=1)
                           Filter: (category_products_category_id IS NOT NULL)
                           Rows Removed by Filter: 648885
                           Buffers: shared read=16349
                     ->  Parallel Seq Scan on relation_9 source_29  (cost=0.00..12892.02 rows=7824 width=8) (actual rows=18689 loops=1)
                           Filter: (category_products_category_id IS NOT NULL)
                           Rows Removed by Filter: 450756
                           Buffers: shared read=10936
                     ->  Parallel Seq Scan on relation_15 source_30  (cost=0.00..9861.84 rows=6110 width=8) (actual rows=14400 loops=1)
                           Filter: (category_products_category_id IS NOT NULL)
                           Rows Removed by Filter: 350362
                           Buffers: shared read=8342
                     ->  Parallel Seq Scan on relation_16 source_31  (cost=0.00..8324.59 rows=5140 width=8) (actual rows=12046 loops=1)
                           Filter: (category_products_category_id IS NOT NULL)
                           Rows Removed by Filter: 285936
                           Buffers: shared read=7083
                     ->  Parallel Seq Scan on relation_14 source_32  (cost=0.00..7247.26 rows=4320 width=8) (actual rows=10551 loops=1)
                           Filter: (category_products_category_id IS NOT NULL)
                           Rows Removed by Filter: 253512
                           Buffers: shared read=6147
                     ->  Parallel Seq Scan on relation_10 source_33  (cost=0.00..4640.17 rows=2819 width=8) (actual rows=6677 loops=1)
                           Filter: (category_products_category_id IS NOT NULL)
                           Rows Removed by Filter: 162324
                           Buffers: shared read=3936
                     ->  Parallel Seq Scan on relation_7 source_34  (cost=0.00..4058.96 rows=2268 width=8) (actual rows=5538 loops=1)
                           Filter: (category_products_category_id IS NOT NULL)
                           Rows Removed by Filter: 134132
                           Buffers: shared read=3477
                     ->  Parallel Seq Scan on relation_12 source_35  (cost=0.00..4054.74 rows=2280 width=8) (actual rows=5714 loops=1)
                           Filter: (category_products_category_id IS NOT NULL)
                           Rows Removed by Filter: 139184
                           Buffers: shared read=3451
                     ->  Parallel Seq Scan on relation_18 source_36  (cost=0.00..3592.36 rows=2964 width=8) (actual rows=4844 loops=1)
                           Filter: (category_products_category_id IS NOT NULL)
                           Rows Removed by Filter: 112518
                           Buffers: shared read=2902
                     ->  Parallel Seq Scan on relation_5 source_37  (cost=0.00..3243.53 rows=2552 width=8) (actual rows=4338 loops=1)
                           Filter: (category_products_category_id IS NOT NULL)
                           Rows Removed by Filter: 102852
                           Buffers: shared read=2613
                     ->  Parallel Seq Scan on relation_8 source_38  (cost=0.00..2917.24 rows=2347 width=8) (actual rows=3943 loops=1)
                           Filter: (category_products_category_id IS NOT NULL)
                           Rows Removed by Filter: 96057
                           Buffers: shared read=2329
                     ->  Parallel Seq Scan on relation_2 source_39  (cost=0.00..2417.09 rows=2035 width=8) (actual rows=3452 loops=1)
                           Filter: (category_products_category_id IS NOT NULL)
                           Rows Removed by Filter: 82413
                           Buffers: shared read=1912
                     ->  Parallel Seq Scan on relation_3 source_40  (cost=0.00..1919.41 rows=1618 width=8) (actual rows=2683 loops=1)
                           Filter: (category_products_category_id IS NOT NULL)
                           Rows Removed by Filter: 64026
                           Buffers: shared hit=1527
                     ->  Parallel Seq Scan on relation_13 source_41  (cost=0.00..1722.65 rows=1489 width=8) (actual rows=2423 loops=1)
                           Filter: (category_products_category_id IS NOT NULL)
                           Rows Removed by Filter: 57697
                           Buffers: shared hit=1369
                     ->  Parallel Seq Scan on relation_1 source_42  (cost=0.00..1647.70 rows=1422 width=8) (actual rows=2412 loops=1)
                           Filter: (category_products_category_id IS NOT NULL)
                           Rows Removed by Filter: 59587
                           Buffers: shared read=1283
               ->  Hash  (cost=2525.73..2525.73 rows=28311 width=8) (actual rows=28151 loops=1)
                     Buckets: 32768  Batches: 1  Memory Usage: 1356kB
                     Buffers: shared read=776
                     ->  Seq Scan on relation_0 source  (cost=0.00..2525.73 rows=28311 width=8) (actual rows=28151 loops=1)
                           Filter: (parent < 5297)
                           Rows Removed by Filter: 111827
                           Buffers: shared read=776
   ->  Append  (cost=0.29..10.96 rows=21 width=38) (actual rows=1 loops=134867)
         Buffers: shared hit=7217631 read=65187
         ->  Index Scan using relation_1_pkey on relation_1 source_1  (cost=0.29..0.32 rows=1 width=38) (actual rows=0 loops=134867)
               Index Cond: (product_id = source_22.footwear_id)
               Buffers: shared hit=270060 read=158
         ->  Index Scan using relation_2_pkey on relation_2 source_2  (cost=0.29..0.32 rows=1 width=38) (actual rows=0 loops=134867)
               Index Cond: (physicalproduct_id = source_22.footwear_id)
               Buffers: shared hit=270237 read=224
         ->  Index Scan using relation_4_pkey on relation_4 source_3  (cost=0.43..1.98 rows=1 width=38) (actual rows=1 loops=134867)
               Index Cond: (electronics_id = source_22.footwear_id)
               Buffers: shared hit=439896 read=36863
         ->  Index Scan using relation_5_pkey on relation_5 source_4  (cost=0.29..0.33 rows=1 width=38) (actual rows=0 loops=134867)
               Index Cond: (computer_id = source_22.footwear_id)
               Buffers: shared hit=270239 read=339
         ->  Index Scan using relation_6_pkey on relation_6 source_5  (cost=0.43..0.79 rows=1 width=38) (actual rows=0 loops=134867)
               Index Cond: (desktop_id = source_22.footwear_id)
               Buffers: shared hit=412485 read=7008
         ->  Index Scan using relation_7_pkey on relation_7 source_6  (cost=0.42..0.46 rows=1 width=38) (actual rows=0 loops=134867)
               Index Cond: (laptop_id = source_22.footwear_id)
               Buffers: shared hit=405276 read=452
         ->  Index Scan using relation_8_pkey on relation_8 source_7  (cost=0.29..0.33 rows=1 width=38) (actual rows=0 loops=134867)
               Index Cond: (tablet_id = source_22.footwear_id)
               Buffers: shared hit=270264 read=264
         ->  Index Scan using relation_9_pkey on relation_9 source_8  (cost=0.42..0.52 rows=1 width=38) (actual rows=0 loops=134867)
               Index Cond: (smartwatch_id = source_22.footwear_id)
               Buffers: shared hit=406573 read=1820
         ->  Index Scan using relation_10_pkey on relation_10 source_9  (cost=0.42..0.46 rows=1 width=38) (actual rows=0 loops=134867)
               Index Cond: (camera_id = source_22.footwear_id)
               Buffers: shared hit=405458 read=439
         ->  Index Scan using relation_11_pkey on relation_11 source_10  (cost=0.42..0.56 rows=1 width=38) (actual rows=0 loops=134867)
               Index Cond: (phone_id = source_22.footwear_id)
               Buffers: shared hit=407513 read=2552
         ->  Index Scan using relation_12_pkey on relation_12 source_11  (cost=0.29..0.34 rows=1 width=38) (actual rows=0 loops=134867)
               Index Cond: (accessory_id = source_22.footwear_id)
               Buffers: shared hit=270449 read=370
         ->  Index Scan using relation_13_pkey on relation_13 source_12  (cost=0.29..0.32 rows=1 width=38) (actual rows=0 loops=134867)
               Index Cond: (appliance_id = source_22.footwear_id)
               Buffers: shared hit=269993 read=237
         ->  Index Scan using relation_14_pkey on relation_14 source_13  (cost=0.42..0.48 rows=1 width=38) (actual rows=0 loops=134867)
               Index Cond: (kitchenappliance_id = source_22.footwear_id)
               Buffers: shared hit=405956 read=828
         ->  Index Scan using relation_15_pkey on relation_15 source_14  (cost=0.42..0.50 rows=1 width=38) (actual rows=0 loops=134867)
               Index Cond: (apparel_id = source_22.footwear_id)
               Buffers: shared hit=406130 read=1423
         ->  Index Scan using relation_16_pkey on relation_16 source_15  (cost=0.42..0.49 rows=1 width=38) (actual rows=0 loops=134867)
               Index Cond: (clothing_id = source_22.footwear_id)
               Buffers: shared hit=405876 read=1160
         ->  Index Scan using relation_17_pkey on relation_17 source_16  (cost=0.43..0.75 rows=1 width=38) (actual rows=0 loops=134867)
               Index Cond: (menclothing_id = source_22.footwear_id)
               Buffers: shared hit=411777 read=6486
         ->  Index Scan using relation_18_pkey on relation_18 source_17  (cost=0.29..0.33 rows=1 width=38) (actual rows=0 loops=134867)
               Index Cond: (womenclothing_id = source_22.footwear_id)
               Buffers: shared hit=270431 read=309
         ->  Index Scan using relation_19_pkey on relation_19 source_18  (cost=0.29..0.31 rows=1 width=38) (actual rows=0 loops=134867)
               Index Cond: (footwear_id = source_22.footwear_id)
               Buffers: shared hit=269893 read=77
         ->  Index Scan using relation_3_pkey on relation_3 source_19  (cost=0.29..0.32 rows=1 width=38) (actual rows=0 loops=134867)
               Index Cond: (digitalproduct_id = source_22.footwear_id)
               Buffers: shared hit=270097 read=177
         ->  Index Scan using relation_20_pkey on relation_20 source_20  (cost=0.43..0.63 rows=1 width=38) (actual rows=0 loops=134867)
               Index Cond: (media_id = source_22.footwear_id)
               Buffers: shared hit=409211 read=3960
         ->  Index Scan using relation_21_pkey on relation_21 source_21  (cost=0.29..0.31 rows=1 width=38) (actual rows=0 loops=134867)
               Index Cond: (software_id = source_22.footwear_id)
               Buffers: shared hit=269817 read=41
 Planning:
   Buffers: shared hit=1 read=2
 Planning Time: 0.530 ms
 JIT:
   Functions: 200
   Options: Inlining true, Optimization true, Expressions true, Deforming true
 Execution Time: 3601.204 ms
(174 rows)

-- Q047 [selection_projection] occurrence 1/1
-- Original E/R: SELECT e.status, e.created_at FROM PurchaseOrder e WHERE e.status <= 'draft';
EXPLAIN (ANALYZE, BUFFERS, TIMING OFF, SUMMARY ON, FORMAT TEXT)
WITH
"b0" AS (
    SELECT
        "source"."created_at" AS "created_at",
        "source"."status" AS "status"
    FROM "relation_45" AS "source"
)
SELECT 
    "b0"."status" AS "status",
    "b0"."created_at" AS "created_at"
FROM "b0"
WHERE ("b0"."status" <= 'draft');
                                              QUERY PLAN                                              
------------------------------------------------------------------------------------------------------
 Seq Scan on relation_45 source  (cost=0.00..3508.32 rows=42980 width=19) (actual rows=43206 loops=1)
   Filter: ((status)::text <= 'draft'::text)
   Rows Removed by Filter: 90980
   Buffers: shared read=1831
 Planning Time: 0.040 ms
 Execution Time: 10.172 ms
(6 rows)

-- Q048 [relationship_join] occurrence 1/1
-- Original E/R: SELECT e1.carrier_code, e1.webhook_url, e2.tracking_no FROM courier_shipments r JOIN CourierPartner e1 ON ENDPOINT(r, CourierPartner) = REF(e1) JOIN Shipment e2 ON ENDPOINT(r, Shipment) = REF(e2) WHERE e2.delivered_at <= '2025-01-11';
EXPLAIN (ANALYZE, BUFFERS, TIMING OFF, SUMMARY ON, FORMAT TEXT)
WITH
"b0" AS (
    SELECT
        "source"."courier_shipments_courierpartner_id" AS "__endpoint_courierpartner_0",
        "source"."custorder_id" AS "__endpoint_shipment_0",
        "source"."shipment_id" AS "__endpoint_shipment_1"
    FROM "relation_38" AS "source"
    WHERE ("source"."courier_shipments_courierpartner_id" IS NOT NULL)
),
"b1" AS (
    SELECT
        "source"."carrier_code" AS "carrier_code",
        "source"."webhook_url" AS "webhook_url",
        "source"."courierpartner_id" AS "__reference_0"
    FROM "relation_46" AS "source"
),
"b2" AS (
    SELECT
        "source"."delivered_at" AS "delivered_at",
        "source"."tracking_no" AS "tracking_no",
        "source"."custorder_id" AS "__reference_0",
        "source"."shipment_id" AS "__reference_1"
    FROM "relation_38" AS "source"
)
SELECT 
    "b1"."carrier_code" AS "carrier_code",
    "b1"."webhook_url" AS "webhook_url",
    "b2"."tracking_no" AS "tracking_no"
FROM (("b0" INNER JOIN "b1" ON ("b0"."__endpoint_courierpartner_0" = "b1"."__reference_0")) INNER JOIN "b2" ON ("b0"."__endpoint_shipment_0" = "b2"."__reference_0" AND "b0"."__endpoint_shipment_1" = "b2"."__reference_1"))
WHERE ("b2"."delivered_at" <= '2025-01-11');
                                                          QUERY PLAN                                                           
-------------------------------------------------------------------------------------------------------------------------------
 Nested Loop  (cost=728.64..1424.66 rows=1 width=46) (actual rows=5183 loops=1)
   Buffers: shared hit=15174 read=1031
   ->  Hash Join  (cost=728.36..1424.08 rows=1 width=17) (actual rows=5183 loops=1)
         Hash Cond: ((source_2.custorder_id = source.custorder_id) AND (source_2.shipment_id = source.shipment_id))
         Buffers: shared hit=328 read=328
         ->  Seq Scan on relation_38 source_2  (cost=0.00..632.23 rows=12095 width=21) (actual rows=12043 loops=1)
               Filter: ((delivered_at)::text <= '2025-01-11'::text)
               Rows Removed by Filter: 12295
               Buffers: shared hit=327 read=1
         ->  Hash  (cost=571.38..571.38 rows=10465 width=12) (actual rows=10465 loops=1)
               Buckets: 16384  Batches: 1  Memory Usage: 578kB
               Buffers: shared hit=1 read=327
               ->  Seq Scan on relation_38 source  (cost=0.00..571.38 rows=10465 width=12) (actual rows=10465 loops=1)
                     Filter: (courier_shipments_courierpartner_id IS NOT NULL)
                     Rows Removed by Filter: 13873
                     Buffers: shared hit=1 read=327
   ->  Index Scan using relation_46_pkey on relation_46 source_1  (cost=0.29..0.58 rows=1 width=37) (actual rows=1 loops=5183)
         Index Cond: (courierpartner_id = source.courier_shipments_courierpartner_id)
         Buffers: shared hit=14846 read=703
 Planning:
   Buffers: shared hit=10 read=11
 Planning Time: 40.685 ms
 Execution Time: 17.097 ms
(23 rows)

-- Q049 [relationship_join] occurrence 1/1
-- Original E/R: SELECT e1.product_id, e2.email FROM software_downloads r JOIN Software e1 ON ENDPOINT(r, Software) = REF(e1) JOIN Customer e2 ON ENDPOINT(r, Customer) = REF(e2) WHERE e1.product_name >= 'Re-contextualized asymmetric implementation';
EXPLAIN (ANALYZE, BUFFERS, TIMING OFF, SUMMARY ON, FORMAT TEXT)
WITH
"b0" AS (
    SELECT
        "source"."customer_id" AS "__endpoint_customer_0",
        "source"."software_id" AS "__endpoint_software_0"
    FROM "relation_59" AS "source"
),
"b1" AS (
    SELECT
        "source"."software_id" AS "product_id",
        "source"."product_name" AS "product_name",
        "source"."software_id" AS "__reference_0"
    FROM "relation_21" AS "source"
),
"b2" AS (
    SELECT
        "source"."email" AS "email",
        "source"."customer_id" AS "__reference_0"
    FROM "relation_23" AS "source"
    UNION ALL
    SELECT
        "source"."email" AS "email",
        "source"."primecustomer_id" AS "__reference_0"
    FROM "relation_24" AS "source"
    UNION ALL
    SELECT
        "source"."email" AS "email",
        "source"."businesscustomer_id" AS "__reference_0"
    FROM "relation_25" AS "source"
)
SELECT 
    "b1"."product_id" AS "product_id",
    "b2"."email" AS "email"
FROM (("b0" INNER JOIN "b1" ON ("b0"."__endpoint_software_0" = "b1"."__reference_0")) INNER JOIN "b2" ON ("b0"."__endpoint_customer_0" = "b2"."__reference_0"))
WHERE ("b1"."product_name" >= 'Re-contextualized asymmetric implementation');
                                                             QUERY PLAN                                                              
-------------------------------------------------------------------------------------------------------------------------------------
 Nested Loop  (cost=606.20..41519.92 rows=293688 width=26) (actual rows=7956 loops=1)
   Buffers: shared hit=53341 read=10800
   ->  Hash Join  (cost=605.91..1094.65 rows=8009 width=8) (actual rows=7956 loops=1)
         Hash Cond: (source.software_id = source_1.software_id)
         Buffers: shared hit=366 read=127
         ->  Seq Scan on relation_59 source  (cost=0.00..413.51 rows=28651 width=8) (actual rows=28651 loops=1)
               Buffers: shared read=127
         ->  Hash  (cost=553.50..553.50 rows=4193 width=4) (actual rows=4228 loops=1)
               Buckets: 8192  Batches: 1  Memory Usage: 213kB
               Buffers: shared hit=366
               ->  Seq Scan on relation_21 source_1  (cost=0.00..553.50 rows=4193 width=4) (actual rows=4228 loops=1)
                     Filter: ((product_name)::text >= 'Re-contextualized asymmetric implementation'::text)
                     Rows Removed by Filter: 10772
                     Buffers: shared hit=366
   ->  Append  (cost=0.29..5.02 rows=3 width=26) (actual rows=1 loops=7956)
         Buffers: shared hit=52975 read=10673
         ->  Index Scan using relation_23_pkey on relation_23 source_2  (cost=0.29..0.47 rows=1 width=26) (actual rows=0 loops=7956)
               Index Cond: (customer_id = source.customer_id)
               Buffers: shared hit=15850 read=359
         ->  Index Scan using relation_24_pkey on relation_24 source_3  (cost=0.29..0.88 rows=1 width=26) (actual rows=0 loops=7956)
               Index Cond: (primecustomer_id = source.customer_id)
               Buffers: shared hit=15660 read=1012
         ->  Index Scan using relation_25_pkey on relation_25 source_4  (cost=0.42..3.65 rows=1 width=26) (actual rows=1 loops=7956)
               Index Cond: (businesscustomer_id = source.customer_id)
               Buffers: shared hit=21465 read=9302
 Planning:
   Buffers: shared hit=12 read=9
 Planning Time: 0.216 ms
 Execution Time: 326.089 ms
(29 rows)

-- Q050 [selection_projection] occurrence 1/1
-- Original E/R: SELECT e.carrier_code, e.courierpartner_id, e.webhook_url FROM CourierPartner e WHERE e.webhook_url >= 'https://www.cummings.com/';
EXPLAIN (ANALYZE, BUFFERS, TIMING OFF, SUMMARY ON, FORMAT TEXT)
WITH
"b0" AS (
    SELECT
        "source"."carrier_code" AS "carrier_code",
        "source"."courierpartner_id" AS "courierpartner_id",
        "source"."webhook_url" AS "webhook_url"
    FROM "relation_46" AS "source"
)
SELECT 
    "b0"."carrier_code" AS "carrier_code",
    "b0"."courierpartner_id" AS "courierpartner_id",
    "b0"."webhook_url" AS "webhook_url"
FROM "b0"
WHERE ("b0"."webhook_url" >= 'https://www.cummings.com/');
                                              QUERY PLAN                                              
------------------------------------------------------------------------------------------------------
 Seq Scan on relation_46 source  (cost=0.00..1320.84 rows=31332 width=37) (actual rows=30999 loops=1)
   Filter: ((webhook_url)::text >= 'https://www.cummings.com/'::text)
   Rows Removed by Filter: 32108
   Buffers: shared hit=532
 Planning Time: 0.080 ms
 Execution Time: 7.532 ms
(6 rows)

-- Q051 [selection_projection] occurrence 1/1
-- Original E/R: SELECT DISTINCT e.warehouse_id, e.region, e.warehouse_name FROM Warehouse e WHERE e.region > 'Southwest';
EXPLAIN (ANALYZE, BUFFERS, TIMING OFF, SUMMARY ON, FORMAT TEXT)
WITH
"b0" AS (
    SELECT
        "source"."region" AS "region",
        "source"."warehouse_id" AS "warehouse_id",
        "source"."warehouse_name" AS "warehouse_name"
    FROM "relation_41" AS "source"
)
SELECT DISTINCT 
    "b0"."warehouse_id" AS "warehouse_id",
    "b0"."region" AS "region",
    "b0"."warehouse_name" AS "warehouse_name"
FROM "b0"
WHERE ("b0"."region" > 'Southwest');
                                                 QUERY PLAN                                                 
------------------------------------------------------------------------------------------------------------
 HashAggregate  (cost=1929.10..2148.20 rows=21910 width=29) (actual rows=22040 loops=1)
   Group Key: source.warehouse_id, source.region, source.warehouse_name
   Batches: 1  Memory Usage: 2833kB
   Buffers: shared read=665
   ->  Seq Scan on relation_41 source  (cost=0.00..1764.78 rows=21910 width=29) (actual rows=22040 loops=1)
         Filter: ((region)::text > 'Southwest'::text)
         Rows Removed by Filter: 65942
         Buffers: shared read=665
 Planning Time: 0.031 ms
 Execution Time: 11.007 ms
(10 rows)

-- Q052 [complex_multi_join] occurrence 1/1
-- Original E/R: SELECT e1.purchaseorder_id, e2.is_active, e3.tag_id FROM po_items r1 JOIN PurchaseOrder e1 ON ENDPOINT(r1, PurchaseOrder) = REF(e1) JOIN Product e2 ON ENDPOINT(r1, Product) = REF(e2) JOIN product_tags r2 ON ENDPOINT(r2, Product) = REF(e2) JOIN Tag e3 ON ENDPOINT(r2, Tag) = REF(e3) WHERE e3.tag_id > 106964;
EXPLAIN (ANALYZE, BUFFERS, TIMING OFF, SUMMARY ON, FORMAT TEXT)
WITH
"b0" AS (
    SELECT
        "source"."product_id" AS "__endpoint_product_0",
        "source"."purchaseorder_id" AS "__endpoint_purchaseorder_0"
    FROM "relation_56" AS "source"
),
"b1" AS (
    SELECT
        "source"."purchaseorder_id" AS "purchaseorder_id",
        "source"."purchaseorder_id" AS "__reference_0"
    FROM "relation_45" AS "source"
),
"b2" AS (
    SELECT
        "source"."is_active" AS "is_active",
        "source"."product_id" AS "__reference_0"
    FROM "relation_1" AS "source"
    UNION ALL
    SELECT
        "source"."is_active" AS "is_active",
        "source"."physicalproduct_id" AS "__reference_0"
    FROM "relation_2" AS "source"
    UNION ALL
    SELECT
        "source"."is_active" AS "is_active",
        "source"."electronics_id" AS "__reference_0"
    FROM "relation_4" AS "source"
    UNION ALL
    SELECT
        "source"."is_active" AS "is_active",
        "source"."computer_id" AS "__reference_0"
    FROM "relation_5" AS "source"
    UNION ALL
    SELECT
        "source"."is_active" AS "is_active",
        "source"."desktop_id" AS "__reference_0"
    FROM "relation_6" AS "source"
    UNION ALL
    SELECT
        "source"."is_active" AS "is_active",
        "source"."laptop_id" AS "__reference_0"
    FROM "relation_7" AS "source"
    UNION ALL
    SELECT
        "source"."is_active" AS "is_active",
        "source"."tablet_id" AS "__reference_0"
    FROM "relation_8" AS "source"
    UNION ALL
    SELECT
        "source"."is_active" AS "is_active",
        "source"."smartwatch_id" AS "__reference_0"
    FROM "relation_9" AS "source"
    UNION ALL
    SELECT
        "source"."is_active" AS "is_active",
        "source"."camera_id" AS "__reference_0"
    FROM "relation_10" AS "source"
    UNION ALL
    SELECT
        "source"."is_active" AS "is_active",
        "source"."phone_id" AS "__reference_0"
    FROM "relation_11" AS "source"
    UNION ALL
    SELECT
        "source"."is_active" AS "is_active",
        "source"."accessory_id" AS "__reference_0"
    FROM "relation_12" AS "source"
    UNION ALL
    SELECT
        "source"."is_active" AS "is_active",
        "source"."appliance_id" AS "__reference_0"
    FROM "relation_13" AS "source"
    UNION ALL
    SELECT
        "source"."is_active" AS "is_active",
        "source"."kitchenappliance_id" AS "__reference_0"
    FROM "relation_14" AS "source"
    UNION ALL
    SELECT
        "source"."is_active" AS "is_active",
        "source"."apparel_id" AS "__reference_0"
    FROM "relation_15" AS "source"
    UNION ALL
    SELECT
        "source"."is_active" AS "is_active",
        "source"."clothing_id" AS "__reference_0"
    FROM "relation_16" AS "source"
    UNION ALL
    SELECT
        "source"."is_active" AS "is_active",
        "source"."menclothing_id" AS "__reference_0"
    FROM "relation_17" AS "source"
    UNION ALL
    SELECT
        "source"."is_active" AS "is_active",
        "source"."womenclothing_id" AS "__reference_0"
    FROM "relation_18" AS "source"
    UNION ALL
    SELECT
        "source"."is_active" AS "is_active",
        "source"."footwear_id" AS "__reference_0"
    FROM "relation_19" AS "source"
    UNION ALL
    SELECT
        "source"."is_active" AS "is_active",
        "source"."digitalproduct_id" AS "__reference_0"
    FROM "relation_3" AS "source"
    UNION ALL
    SELECT
        "source"."is_active" AS "is_active",
        "source"."media_id" AS "__reference_0"
    FROM "relation_20" AS "source"
    UNION ALL
    SELECT
        "source"."is_active" AS "is_active",
        "source"."software_id" AS "__reference_0"
    FROM "relation_21" AS "source"
),
"b3" AS (
    SELECT
        "source"."product_id" AS "__endpoint_product_0",
        "source"."tag_id" AS "__endpoint_tag_0"
    FROM "relation_47" AS "source"
),
"b4" AS (
    SELECT
        "source"."tag_id" AS "tag_id",
        "source"."tag_id" AS "__reference_0"
    FROM "relation_30" AS "source"
)
SELECT 
    "b1"."purchaseorder_id" AS "purchaseorder_id",
    "b2"."is_active" AS "is_active",
    "b4"."tag_id" AS "tag_id"
FROM (((("b0" INNER JOIN "b1" ON ("b0"."__endpoint_purchaseorder_0" = "b1"."__reference_0")) INNER JOIN "b2" ON ("b0"."__endpoint_product_0" = "b2"."__reference_0")) INNER JOIN "b3" ON ("b3"."__endpoint_product_0" = "b2"."__reference_0")) INNER JOIN "b4" ON ("b3"."__endpoint_tag_0" = "b4"."__reference_0"))
WHERE ("b4"."tag_id" > 106964);
                                                                                   QUERY PLAN                                                                                    
---------------------------------------------------------------------------------------------------------------------------------------------------------------------------------
 Hash Join  (cost=218793.46..1052471.86 rows=12417617 width=12) (actual rows=29346 loops=1)
   Hash Cond: (source_2.product_id = source.product_id)
   Buffers: shared hit=436051 read=529631
   ->  Append  (cost=0.00..646516.84 rows=16796056 width=8) (actual rows=16796782 loops=1)
         Buffers: shared read=394576
         ->  Seq Scan on relation_1 source_2  (cost=0.00..1902.99 rows=61999 width=8) (actual rows=61999 loops=1)
               Buffers: shared read=1283
         ->  Seq Scan on relation_2 source_3  (cost=0.00..2770.65 rows=85865 width=8) (actual rows=85865 loops=1)
               Buffers: shared read=1912
         ->  Seq Scan on relation_4 source_4  (cost=0.00..295054.61 rows=9003261 width=8) (actual rows=9004045 loops=1)
               Buffers: shared read=205022
         ->  Seq Scan on relation_5 source_5  (cost=0.00..3684.90 rows=107190 width=8) (actual rows=107190 loops=1)
               Buffers: shared read=2613
         ->  Seq Scan on relation_6 source_6  (cost=0.00..66884.60 rows=1877960 width=8) (actual rows=1877778 loops=1)
               Buffers: shared read=48105
         ->  Seq Scan on relation_7 source_7  (cost=0.00..4873.70 rows=139670 width=8) (actual rows=139670 loops=1)
               Buffers: shared read=3477
         ->  Seq Scan on relation_8 source_8  (cost=0.00..3329.00 rows=100000 width=8) (actual rows=100000 loops=1)
               Buffers: shared read=2329
         ->  Seq Scan on relation_9 source_9  (cost=0.00..15630.45 rows=469445 width=8) (actual rows=469445 loops=1)
               Buffers: shared read=10936
         ->  Seq Scan on relation_10 source_10  (cost=0.00..5626.01 rows=169001 width=8) (actual rows=169001 loops=1)
               Buffers: shared read=3936
         ->  Seq Scan on relation_11 source_11  (cost=0.00..23109.01 rows=676001 width=8) (actual rows=676001 loops=1)
               Buffers: shared read=16349
         ->  Seq Scan on relation_12 source_12  (cost=0.00..4899.98 rows=144898 width=8) (actual rows=144898 loops=1)
               Buffers: shared read=3451
         ->  Seq Scan on relation_13 source_13  (cost=0.00..1970.20 rows=60120 width=8) (actual rows=60120 loops=1)
               Buffers: shared read=1369
         ->  Seq Scan on relation_14 source_14  (cost=0.00..8787.63 rows=264063 width=8) (actual rows=264063 loops=1)
               Buffers: shared read=6147
         ->  Seq Scan on relation_15 source_15  (cost=0.00..11989.62 rows=364762 width=8) (actual rows=364762 loops=1)
               Buffers: shared read=8342
         ->  Seq Scan on relation_16 source_16  (cost=0.00..10062.82 rows=297982 width=8) (actual rows=297982 loops=1)
               Buffers: shared read=7083
         ->  Seq Scan on relation_17 source_17  (cost=0.00..58719.76 rows=1689876 width=8) (actual rows=1690000 loops=1)
               Buffers: shared read=41821
         ->  Seq Scan on relation_18 source_18  (cost=0.00..4075.62 rows=117362 width=8) (actual rows=117362 loops=1)
               Buffers: shared read=2902
         ->  Seq Scan on relation_19 source_19  (cost=0.00..967.42 rows=28642 width=8) (actual rows=28642 loops=1)
               Buffers: shared read=681
         ->  Seq Scan on relation_3 source_20  (cost=0.00..2194.09 rows=66709 width=8) (actual rows=66709 loops=1)
               Buffers: shared read=1527
         ->  Seq Scan on relation_20 source_21  (cost=0.00..35487.50 rows=1056250 width=8) (actual rows=1056250 loops=1)
               Buffers: shared read=24925
         ->  Seq Scan on relation_21 source_22  (cost=0.00..516.00 rows=15000 width=8) (actual rows=15000 loops=1)
               Buffers: shared read=366
   ->  Hash  (cost=217389.91..217389.91 rows=112284 width=16) (actual rows=29346 loops=1)
         Buckets: 131072  Batches: 1  Memory Usage: 2400kB
         Buffers: shared hit=436051 read=135055
         ->  Gather  (cost=5151.81..217389.91 rows=112284 width=16) (actual rows=29346 loops=1)
               Workers Planned: 2
               Workers Launched: 0
               Buffers: shared hit=436051 read=135055
               ->  Parallel Hash Join  (cost=4151.81..205161.51 rows=46785 width=16) (actual rows=29346 loops=1)
                     Hash Cond: (source.purchaseorder_id = source_1.purchaseorder_id)
                     Buffers: shared hit=436051 read=135055
                     ->  Hash Join  (cost=544.82..201431.70 rows=46785 width=16) (actual rows=29346 loops=1)
                           Hash Cond: (source_23.tag_id = source_24.tag_id)
                           Buffers: shared hit=436051 read=133224
                           ->  Nested Loop  (cost=0.86..199672.28 rows=463020 width=16) (actual rows=283858 loops=1)
                                 Buffers: shared hit=436047 read=133191
                                 ->  Parallel Index Only Scan using relation_56_pkey on relation_56 source  (cost=0.42..3718.43 rows=63728 width=8) (actual rows=152947 loops=1)
                                       Heap Fetches: 0
                                       Buffers: shared hit=4 read=574
                                 ->  Index Only Scan using relation_47_pkey on relation_47 source_23  (cost=0.44..3.00 rows=7 width=8) (actual rows=2 loops=152947)
                                       Index Cond: (product_id = source.product_id)
                                       Heap Fetches: 0
                                       Buffers: shared hit=436043 read=132617
                           ->  Hash  (cost=392.48..392.48 rows=12118 width=4) (actual rows=12193 loops=1)
                                 Buckets: 16384  Batches: 1  Memory Usage: 557kB
                                 Buffers: shared hit=4 read=33
                                 ->  Index Only Scan using relation_30_pkey on relation_30 source_24  (cost=0.42..392.48 rows=12118 width=4) (actual rows=12193 loops=1)
                                       Index Cond: (tag_id > 106964)
                                       Heap Fetches: 0
                                       Buffers: shared hit=4 read=33
                     ->  Parallel Hash  (cost=2620.33..2620.33 rows=78933 width=4) (actual rows=134186 loops=1)
                           Buckets: 262144  Batches: 1  Memory Usage: 7328kB
                           Buffers: shared read=1831
                           ->  Parallel Seq Scan on relation_45 source_1  (cost=0.00..2620.33 rows=78933 width=4) (actual rows=134186 loops=1)
                                 Buffers: shared read=1831
 Planning:
   Buffers: shared hit=7 read=25
 Planning Time: 0.906 ms
 JIT:
   Functions: 66
   Options: Inlining true, Optimization true, Expressions true, Deforming true
 Execution Time: 2448.240 ms
(88 rows)

-- Q053 [aggregation] occurrence 1/1
-- Original E/R: SELECT e2.warranty_months, COUNT(DISTINCT REF(e1)) AS related_count FROM bundle_phones r JOIN Phone e1 ON ENDPOINT(r, phone_id) = REF(e1) JOIN Phone e2 ON ENDPOINT(r, bundle_phone_id) = REF(e2) WHERE e2.product_name <= 'Front-line bi-directional system engine' GROUP BY REF(e2), e2.warranty_months HAVING COUNT(DISTINCT REF(e1)) >= 2;
EXPLAIN (ANALYZE, BUFFERS, TIMING OFF, SUMMARY ON, FORMAT TEXT)
WITH
"b0" AS (
    SELECT
        "source"."bundle_phone_phone_id" AS "__endpoint_bundle_phone_id_0",
        "source"."phone_id" AS "__endpoint_phone_id_0"
    FROM "relation_57" AS "source"
),
"b1" AS (
    SELECT
        "source"."phone_id" AS "__reference_0"
    FROM "relation_11" AS "source"
),
"b2" AS (
    SELECT
        "source"."warranty_months" AS "warranty_months",
        "source"."product_name" AS "product_name",
        "source"."phone_id" AS "__reference_0"
    FROM "relation_11" AS "source"
)
SELECT 
    "b2"."warranty_months" AS "warranty_months",
    COUNT(DISTINCT "b1"."__reference_0") AS "related_count"
FROM (("b0" INNER JOIN "b1" ON ("b0"."__endpoint_phone_id_0" = "b1"."__reference_0")) INNER JOIN "b2" ON ("b0"."__endpoint_bundle_phone_id_0" = "b2"."__reference_0"))
WHERE ("b2"."product_name" <= 'Front-line bi-directional system engine')
GROUP BY
    "b2"."__reference_0",
    "b2"."warranty_months"
HAVING (COUNT(DISTINCT "b1"."__reference_0") >= 2);
                                                                               QUERY PLAN                                                                                
-------------------------------------------------------------------------------------------------------------------------------------------------------------------------
 GroupAggregate  (cost=71062.56..120915.43 rows=67600 width=16) (actual rows=116921 loops=1)
   Group Key: source_2.phone_id
   Filter: (count(DISTINCT source_1.phone_id) >= 2)
   Rows Removed by Filter: 56928
   Buffers: shared hit=37 read=25206
   ->  Gather Merge  (cost=71062.56..116432.66 rows=389555 width=12) (actual rows=392037 loops=1)
         Workers Planned: 2
         Workers Launched: 0
         Buffers: shared hit=37 read=25206
         ->  Sort  (cost=70062.53..70468.32 rows=162315 width=12) (actual rows=392037 loops=1)
               Sort Key: source_2.phone_id, source_1.phone_id
               Sort Method: quicksort  Memory: 27602kB
               Buffers: shared hit=37 read=25206
               ->  Parallel Hash Join  (cost=35562.20..56015.44 rows=162315 width=12) (actual rows=392037 loops=1)
                     Hash Cond: (source_1.phone_id = source.phone_id)
                     Buffers: shared hit=37 read=25206
                     ->  Parallel Index Only Scan using relation_11_pkey on relation_11 source_1  (cost=0.42..18721.10 rows=281667 width=4) (actual rows=676001 loops=1)
                           Heap Fetches: 0
                           Buffers: shared hit=5 read=3113
                     ->  Parallel Hash  (cost=33532.84..33532.84 rows=162315 width=12) (actual rows=392037 loops=1)
                           Buckets: 524288  Batches: 1  Memory Usage: 22496kB
                           Buffers: shared hit=32 read=22093
                           ->  Parallel Hash Join  (cost=20926.09..33532.84 rows=162315 width=12) (actual rows=392037 loops=1)
                                 Hash Cond: (source.bundle_phone_phone_id = source_2.phone_id)
                                 Buffers: shared hit=32 read=22093
                                 ->  Parallel Seq Scan on relation_57 source  (cost=0.00..11186.49 rows=541049 width=8) (actual rows=1298517 loops=1)
                                       Buffers: shared read=5776
                                 ->  Parallel Hash  (cost=19869.84..19869.84 rows=84500 width=8) (actual rows=203864 loops=1)
                                       Buckets: 262144  Batches: 1  Memory Usage: 10048kB
                                       Buffers: shared hit=32 read=16317
                                       ->  Parallel Seq Scan on relation_11 source_2  (cost=0.00..19869.84 rows=84500 width=8) (actual rows=203864 loops=1)
                                             Filter: ((product_name)::text <= 'Front-line bi-directional system engine'::text)
                                             Rows Removed by Filter: 472137
                                             Buffers: shared hit=32 read=16317
 Planning:
   Buffers: shared hit=22 read=26
 Planning Time: 40.356 ms
 JIT:
   Functions: 23
   Options: Inlining false, Optimization false, Expressions true, Deforming true
 Execution Time: 589.242 ms
(41 rows)

-- Q054 [complex_multi_join] occurrence 1/1
-- Original E/R: SELECT e2.sku, COUNT(DISTINCT REF(e3)) AS related_count FROM po_items r1 JOIN PurchaseOrder e1 ON ENDPOINT(r1, PurchaseOrder) = REF(e1) JOIN Product e2 ON ENDPOINT(r1, Product) = REF(e2) JOIN bundle_components r2 ON ENDPOINT(r2, product_id) = REF(e2) JOIN Product e3 ON ENDPOINT(r2, bundle_product_id) = REF(e3) WHERE e3.sku >= 'SKU-klfZ-12422029' GROUP BY REF(e2), e2.sku HAVING COUNT(DISTINCT REF(e3)) >= 5;
EXPLAIN (ANALYZE, BUFFERS, TIMING OFF, SUMMARY ON, FORMAT TEXT)
WITH
"b0" AS (
    SELECT
        "source"."product_id" AS "__endpoint_product_0",
        "source"."purchaseorder_id" AS "__endpoint_purchaseorder_0"
    FROM "relation_56" AS "source"
),
"b1" AS (
    SELECT
        "source"."purchaseorder_id" AS "__reference_0"
    FROM "relation_45" AS "source"
),
"b2" AS (
    SELECT
        "source"."sku" AS "sku",
        "source"."product_id" AS "__reference_0"
    FROM "relation_1" AS "source"
    UNION ALL
    SELECT
        "source"."sku" AS "sku",
        "source"."physicalproduct_id" AS "__reference_0"
    FROM "relation_2" AS "source"
    UNION ALL
    SELECT
        "source"."sku" AS "sku",
        "source"."electronics_id" AS "__reference_0"
    FROM "relation_4" AS "source"
    UNION ALL
    SELECT
        "source"."sku" AS "sku",
        "source"."computer_id" AS "__reference_0"
    FROM "relation_5" AS "source"
    UNION ALL
    SELECT
        "source"."sku" AS "sku",
        "source"."desktop_id" AS "__reference_0"
    FROM "relation_6" AS "source"
    UNION ALL
    SELECT
        "source"."sku" AS "sku",
        "source"."laptop_id" AS "__reference_0"
    FROM "relation_7" AS "source"
    UNION ALL
    SELECT
        "source"."sku" AS "sku",
        "source"."tablet_id" AS "__reference_0"
    FROM "relation_8" AS "source"
    UNION ALL
    SELECT
        "source"."sku" AS "sku",
        "source"."smartwatch_id" AS "__reference_0"
    FROM "relation_9" AS "source"
    UNION ALL
    SELECT
        "source"."sku" AS "sku",
        "source"."camera_id" AS "__reference_0"
    FROM "relation_10" AS "source"
    UNION ALL
    SELECT
        "source"."sku" AS "sku",
        "source"."phone_id" AS "__reference_0"
    FROM "relation_11" AS "source"
    UNION ALL
    SELECT
        "source"."sku" AS "sku",
        "source"."accessory_id" AS "__reference_0"
    FROM "relation_12" AS "source"
    UNION ALL
    SELECT
        "source"."sku" AS "sku",
        "source"."appliance_id" AS "__reference_0"
    FROM "relation_13" AS "source"
    UNION ALL
    SELECT
        "source"."sku" AS "sku",
        "source"."kitchenappliance_id" AS "__reference_0"
    FROM "relation_14" AS "source"
    UNION ALL
    SELECT
        "source"."sku" AS "sku",
        "source"."apparel_id" AS "__reference_0"
    FROM "relation_15" AS "source"
    UNION ALL
    SELECT
        "source"."sku" AS "sku",
        "source"."clothing_id" AS "__reference_0"
    FROM "relation_16" AS "source"
    UNION ALL
    SELECT
        "source"."sku" AS "sku",
        "source"."menclothing_id" AS "__reference_0"
    FROM "relation_17" AS "source"
    UNION ALL
    SELECT
        "source"."sku" AS "sku",
        "source"."womenclothing_id" AS "__reference_0"
    FROM "relation_18" AS "source"
    UNION ALL
    SELECT
        "source"."sku" AS "sku",
        "source"."footwear_id" AS "__reference_0"
    FROM "relation_19" AS "source"
    UNION ALL
    SELECT
        "source"."sku" AS "sku",
        "source"."digitalproduct_id" AS "__reference_0"
    FROM "relation_3" AS "source"
    UNION ALL
    SELECT
        "source"."sku" AS "sku",
        "source"."media_id" AS "__reference_0"
    FROM "relation_20" AS "source"
    UNION ALL
    SELECT
        "source"."sku" AS "sku",
        "source"."software_id" AS "__reference_0"
    FROM "relation_21" AS "source"
),
"b3" AS (
    SELECT
        "source"."bundle_product_product_id" AS "__endpoint_bundle_product_id_0",
        "source"."product_id" AS "__endpoint_product_id_0"
    FROM "relation_48" AS "source"
),
"b4" AS (
    SELECT
        "source"."sku" AS "sku",
        "source"."product_id" AS "__reference_0"
    FROM "relation_1" AS "source"
    UNION ALL
    SELECT
        "source"."sku" AS "sku",
        "source"."physicalproduct_id" AS "__reference_0"
    FROM "relation_2" AS "source"
    UNION ALL
    SELECT
        "source"."sku" AS "sku",
        "source"."electronics_id" AS "__reference_0"
    FROM "relation_4" AS "source"
    UNION ALL
    SELECT
        "source"."sku" AS "sku",
        "source"."computer_id" AS "__reference_0"
    FROM "relation_5" AS "source"
    UNION ALL
    SELECT
        "source"."sku" AS "sku",
        "source"."desktop_id" AS "__reference_0"
    FROM "relation_6" AS "source"
    UNION ALL
    SELECT
        "source"."sku" AS "sku",
        "source"."laptop_id" AS "__reference_0"
    FROM "relation_7" AS "source"
    UNION ALL
    SELECT
        "source"."sku" AS "sku",
        "source"."tablet_id" AS "__reference_0"
    FROM "relation_8" AS "source"
    UNION ALL
    SELECT
        "source"."sku" AS "sku",
        "source"."smartwatch_id" AS "__reference_0"
    FROM "relation_9" AS "source"
    UNION ALL
    SELECT
        "source"."sku" AS "sku",
        "source"."camera_id" AS "__reference_0"
    FROM "relation_10" AS "source"
    UNION ALL
    SELECT
        "source"."sku" AS "sku",
        "source"."phone_id" AS "__reference_0"
    FROM "relation_11" AS "source"
    UNION ALL
    SELECT
        "source"."sku" AS "sku",
        "source"."accessory_id" AS "__reference_0"
    FROM "relation_12" AS "source"
    UNION ALL
    SELECT
        "source"."sku" AS "sku",
        "source"."appliance_id" AS "__reference_0"
    FROM "relation_13" AS "source"
    UNION ALL
    SELECT
        "source"."sku" AS "sku",
        "source"."kitchenappliance_id" AS "__reference_0"
    FROM "relation_14" AS "source"
    UNION ALL
    SELECT
        "source"."sku" AS "sku",
        "source"."apparel_id" AS "__reference_0"
    FROM "relation_15" AS "source"
    UNION ALL
    SELECT
        "source"."sku" AS "sku",
        "source"."clothing_id" AS "__reference_0"
    FROM "relation_16" AS "source"
    UNION ALL
    SELECT
        "source"."sku" AS "sku",
        "source"."menclothing_id" AS "__reference_0"
    FROM "relation_17" AS "source"
    UNION ALL
    SELECT
        "source"."sku" AS "sku",
        "source"."womenclothing_id" AS "__reference_0"
    FROM "relation_18" AS "source"
    UNION ALL
    SELECT
        "source"."sku" AS "sku",
        "source"."footwear_id" AS "__reference_0"
    FROM "relation_19" AS "source"
    UNION ALL
    SELECT
        "source"."sku" AS "sku",
        "source"."digitalproduct_id" AS "__reference_0"
    FROM "relation_3" AS "source"
    UNION ALL
    SELECT
        "source"."sku" AS "sku",
        "source"."media_id" AS "__reference_0"
    FROM "relation_20" AS "source"
    UNION ALL
    SELECT
        "source"."sku" AS "sku",
        "source"."software_id" AS "__reference_0"
    FROM "relation_21" AS "source"
)
SELECT 
    "b2"."sku" AS "sku",
    COUNT(DISTINCT "b4"."__reference_0") AS "related_count"
FROM (((("b0" INNER JOIN "b1" ON ("b0"."__endpoint_purchaseorder_0" = "b1"."__reference_0")) INNER JOIN "b2" ON ("b0"."__endpoint_product_0" = "b2"."__reference_0")) INNER JOIN "b3" ON ("b3"."__endpoint_product_id_0" = "b2"."__reference_0")) INNER JOIN "b4" ON ("b3"."__endpoint_bundle_product_id_0" = "b4"."__reference_0"))
WHERE ("b4"."sku" >= 'SKU-klfZ-12422029')
GROUP BY
    "b2"."__reference_0",
    "b2"."sku"
HAVING (COUNT(DISTINCT "b4"."__reference_0") >= 5);
                                                                                    QUERY PLAN                                                                                    
----------------------------------------------------------------------------------------------------------------------------------------------------------------------------------
 GroupAggregate  (cost=2027271.32..7187478.12 rows=13333 width=30) (actual rows=0 loops=1)
   Group Key: source_4.electronics_id, source_4.sku
   Filter: (count(DISTINCT source_26.electronics_id) >= 5)
   Rows Removed by Filter: 18093
   Buffers: shared hit=3943 read=802645, temp read=69856 written=69874
   ->  Incremental Sort  (cost=2027271.32..6722034.51 rows=61992481 width=26) (actual rows=18173 loops=1)
         Sort Key: source_4.electronics_id, source_4.sku, source_26.electronics_id
         Presorted Key: source_4.electronics_id, source_4.sku
         Full-sort Groups: 568  Sort Method: quicksort  Average Memory: 26kB  Peak Memory: 26kB
         Buffers: shared hit=3943 read=802645, temp read=69856 written=69874
         ->  Merge Join  (cost=2027271.21..5020612.45 rows=61992481 width=26) (actual rows=18173 loops=1)
               Merge Cond: (source_4.electronics_id = source.product_id)
               Buffers: shared hit=3943 read=802645, temp read=69856 written=69874
               ->  Gather Merge  (cost=1440838.91..3397016.42 rows=16796056 width=22) (actual rows=16795763 loops=1)
                     Workers Planned: 2
                     Workers Launched: 0
                     Buffers: shared hit=3943 read=390633, temp read=69856 written=69874
                     ->  Sort  (cost=1439838.89..1457334.78 rows=6998356 width=22) (actual rows=16795763 loops=1)
                           Sort Key: source_4.electronics_id, source_4.sku
                           Sort Method: external merge  Disk: 558848kB
                           Buffers: shared hit=3943 read=390633, temp read=69856 written=69874
                           ->  Parallel Append  (cost=0.00..500654.34 rows=6998356 width=22) (actual rows=16796782 loops=1)
                                 Buffers: shared hit=3943 read=390633
                                 ->  Parallel Seq Scan on relation_4 source_4  (cost=0.00..242535.59 rows=3751359 width=22) (actual rows=9004045 loops=1)
                                       Buffers: shared read=205022
                                 ->  Parallel Seq Scan on relation_6 source_6  (cost=0.00..55929.83 rows=782483 width=22) (actual rows=1877778 loops=1)
                                       Buffers: shared read=48105
                                 ->  Parallel Seq Scan on relation_17 source_17  (cost=0.00..48862.15 rows=704115 width=22) (actual rows=1690000 loops=1)
                                       Buffers: shared read=41821
                                 ->  Parallel Seq Scan on relation_20 source_21  (cost=0.00..29326.04 rows=440104 width=22) (actual rows=1056250 loops=1)
                                       Buffers: shared read=24925
                                 ->  Parallel Seq Scan on relation_11 source_11  (cost=0.00..19165.67 rows=281667 width=22) (actual rows=676001 loops=1)
                                       Buffers: shared read=16349
                                 ->  Parallel Seq Scan on relation_9 source_9  (cost=0.00..12892.02 rows=195602 width=22) (actual rows=469445 loops=1)
                                       Buffers: shared read=10936
                                 ->  Parallel Seq Scan on relation_15 source_15  (cost=0.00..9861.84 rows=151984 width=22) (actual rows=364762 loops=1)
                                       Buffers: shared read=8342
                                 ->  Parallel Seq Scan on relation_16 source_16  (cost=0.00..8324.59 rows=124159 width=22) (actual rows=297982 loops=1)
                                       Buffers: shared read=7083
                                 ->  Parallel Seq Scan on relation_14 source_14  (cost=0.00..7247.26 rows=110026 width=22) (actual rows=264063 loops=1)
                                       Buffers: shared read=6147
                                 ->  Parallel Seq Scan on relation_10 source_10  (cost=0.00..4640.17 rows=70417 width=22) (actual rows=169001 loops=1)
                                       Buffers: shared read=3936
                                 ->  Parallel Seq Scan on relation_7 source_7  (cost=0.00..4058.96 rows=58196 width=22) (actual rows=139670 loops=1)
                                       Buffers: shared read=3477
                                 ->  Parallel Seq Scan on relation_12 source_12  (cost=0.00..4054.74 rows=60374 width=22) (actual rows=144898 loops=1)
                                       Buffers: shared read=3451
                                 ->  Parallel Seq Scan on relation_18 source_18  (cost=0.00..3592.36 rows=69036 width=22) (actual rows=117362 loops=1)
                                       Buffers: shared read=2902
                                 ->  Parallel Seq Scan on relation_5 source_5  (cost=0.00..3243.53 rows=63053 width=22) (actual rows=107190 loops=1)
                                       Buffers: shared read=2613
                                 ->  Parallel Seq Scan on relation_8 source_8  (cost=0.00..2917.24 rows=58824 width=22) (actual rows=100000 loops=1)
                                       Buffers: shared read=2329
                                 ->  Parallel Seq Scan on relation_2 source_3  (cost=0.00..2417.09 rows=50509 width=22) (actual rows=85865 loops=1)
                                       Buffers: shared read=1912
                                 ->  Parallel Seq Scan on relation_3 source_20  (cost=0.00..1919.41 rows=39241 width=22) (actual rows=66709 loops=1)
                                       Buffers: shared hit=1527
                                 ->  Parallel Seq Scan on relation_13 source_13  (cost=0.00..1722.65 rows=35365 width=22) (actual rows=60120 loops=1)
                                       Buffers: shared hit=1369
                                 ->  Parallel Seq Scan on relation_1 source_2  (cost=0.00..1647.70 rows=36470 width=22) (actual rows=61999 loops=1)
                                       Buffers: shared read=1283
                                 ->  Parallel Seq Scan on relation_19 source_19  (cost=0.00..849.48 rows=16848 width=22) (actual rows=28642 loops=1)
                                       Buffers: shared hit=681
                                 ->  Parallel Seq Scan on relation_21 source_22  (cost=0.00..454.24 rows=8824 width=22) (actual rows=15000 loops=1)
                                       Buffers: shared hit=366
               ->  Materialize  (cost=586432.30..653119.56 rows=560555 width=12) (actual rows=18173 loops=1)
                     Buffers: shared read=412012
                     ->  Gather Merge  (cost=586432.30..651718.17 rows=560555 width=12) (actual rows=18173 loops=1)
                           Workers Planned: 2
                           Workers Launched: 0
                           Buffers: shared read=412012
                           ->  Sort  (cost=585432.28..586016.19 rows=233565 width=12) (actual rows=18173 loops=1)
                                 Sort Key: source.product_id
                                 Sort Method: quicksort  Memory: 1478kB
                                 Buffers: shared read=412012
                                 ->  Parallel Hash Join  (cost=43500.78..564605.91 rows=233565 width=12) (actual rows=18173 loops=1)
                                       Hash Cond: (source_26.electronics_id = source_23.bundle_product_product_id)
                                       Buffers: shared read=412012
                                       ->  Parallel Append  (cost=0.00..504404.34 rows=4194028 width=4) (actual rows=10053355 loops=1)
                                             Buffers: shared read=394576
                                             ->  Parallel Seq Scan on relation_4 source_26  (cost=0.00..251913.98 rows=2249432 width=4) (actual rows=5389746 loops=1)
                                                   Filter: ((sku)::text >= 'SKU-klfZ-12422029'::text)
                                                   Rows Removed by Filter: 3614299
                                                   Buffers: shared read=205022
                                             ->  Parallel Seq Scan on relation_6 source_28  (cost=0.00..57886.04 rows=468994 width=4) (actual rows=1124247 loops=1)
                                                   Filter: ((sku)::text >= 'SKU-klfZ-12422029'::text)
                                                   Rows Removed by Filter: 753531
                                                   Buffers: shared read=48105
                                             ->  Parallel Seq Scan on relation_17 source_39  (cost=0.00..50622.44 rows=422022 width=4) (actual rows=1011105 loops=1)
                                                   Filter: ((sku)::text >= 'SKU-klfZ-12422029'::text)
                                                   Rows Removed by Filter: 678895
                                                   Buffers: shared read=41821
                                             ->  Parallel Seq Scan on relation_20 source_43  (cost=0.00..30426.30 rows=264063 width=4) (actual rows=632406 loops=1)
                                                   Filter: ((sku)::text >= 'SKU-klfZ-12422029'::text)
                                                   Rows Removed by Filter: 423844
                                                   Buffers: shared read=24925
                                             ->  Parallel Seq Scan on relation_11 source_33  (cost=0.00..19869.84 rows=169240 width=4) (actual rows=404316 loops=1)
                                                   Filter: ((sku)::text >= 'SKU-klfZ-12422029'::text)
                                                   Rows Removed by Filter: 271685
                                                   Buffers: shared read=16349
                                             ->  Parallel Seq Scan on relation_9 source_31  (cost=0.00..13381.03 rows=117295 width=4) (actual rows=281380 loops=1)
                                                   Filter: ((sku)::text >= 'SKU-klfZ-12422029'::text)
                                                   Rows Removed by Filter: 188065
                                                   Buffers: shared read=10936
                                             ->  Parallel Seq Scan on relation_15 source_37  (cost=0.00..10241.80 rows=89860 width=4) (actual rows=218348 loops=1)
                                                   Filter: ((sku)::text >= 'SKU-klfZ-12422029'::text)
                                                   Rows Removed by Filter: 146414
                                                   Buffers: shared read=8342
                                             ->  Parallel Seq Scan on relation_16 source_38  (cost=0.00..8634.99 rows=74495 width=4) (actual rows=178581 loops=1)
                                                   Filter: ((sku)::text >= 'SKU-klfZ-12422029'::text)
                                                   Rows Removed by Filter: 119401
                                                   Buffers: shared read=7083
                                             ->  Parallel Seq Scan on relation_14 source_36  (cost=0.00..7522.33 rows=65052 width=4) (actual rows=157808 loops=1)
                                                   Filter: ((sku)::text >= 'SKU-klfZ-12422029'::text)
                                                   Rows Removed by Filter: 106255
                                                   Buffers: shared read=6147
                                             ->  Parallel Seq Scan on relation_10 source_32  (cost=0.00..4816.21 rows=42208 width=4) (actual rows=100911 loops=1)
                                                   Filter: ((sku)::text >= 'SKU-klfZ-12422029'::text)
                                                   Rows Removed by Filter: 68090
                                                   Buffers: shared read=3936
                                             ->  Parallel Seq Scan on relation_12 source_34  (cost=0.00..4205.68 rows=36204 width=4) (actual rows=86920 loops=1)
                                                   Filter: ((sku)::text >= 'SKU-klfZ-12422029'::text)
                                                   Rows Removed by Filter: 57978
                                                   Buffers: shared read=3451
                                             ->  Parallel Seq Scan on relation_7 source_29  (cost=0.00..4204.45 rows=34918 width=4) (actual rows=83267 loops=1)
                                                   Filter: ((sku)::text >= 'SKU-klfZ-12422029'::text)
                                                   Rows Removed by Filter: 56403
                                                   Buffers: shared read=3477
                                             ->  Parallel Seq Scan on relation_18 source_40  (cost=0.00..3764.96 rows=41482 width=4) (actual rows=70450 loops=1)
                                                   Filter: ((sku)::text >= 'SKU-klfZ-12422029'::text)
                                                   Rows Removed by Filter: 46912
                                                   Buffers: shared read=2902
                                             ->  Parallel Seq Scan on relation_5 source_27  (cost=0.00..3401.16 rows=37794 width=4) (actual rows=63983 loops=1)
                                                   Filter: ((sku)::text >= 'SKU-klfZ-12422029'::text)
                                                   Rows Removed by Filter: 43207
                                                   Buffers: shared read=2613
                                             ->  Parallel Seq Scan on relation_8 source_30  (cost=0.00..3064.29 rows=35260 width=4) (actual rows=59900 loops=1)
                                                   Filter: ((sku)::text >= 'SKU-klfZ-12422029'::text)
                                                   Rows Removed by Filter: 40100
                                                   Buffers: shared read=2329
                                             ->  Parallel Seq Scan on relation_2 source_25  (cost=0.00..2543.36 rows=30081 width=4) (actual rows=51116 loops=1)
                                                   Filter: ((sku)::text >= 'SKU-klfZ-12422029'::text)
                                                   Rows Removed by Filter: 34749
                                                   Buffers: shared read=1912
                                             ->  Parallel Seq Scan on relation_3 source_42  (cost=0.00..2017.51 rows=23225 width=4) (actual rows=39880 loops=1)
                                                   Filter: ((sku)::text >= 'SKU-klfZ-12422029'::text)
                                                   Rows Removed by Filter: 26829
                                                   Buffers: shared read=1527
                                             ->  Parallel Seq Scan on relation_13 source_35  (cost=0.00..1811.06 rows=21250 width=4) (actual rows=35935 loops=1)
                                                   Filter: ((sku)::text >= 'SKU-klfZ-12422029'::text)
                                                   Rows Removed by Filter: 24185
                                                   Buffers: shared read=1369
                                             ->  Parallel Seq Scan on relation_1 source_24  (cost=0.00..1738.88 rows=21861 width=4) (actual rows=36994 loops=1)
                                                   Filter: ((sku)::text >= 'SKU-klfZ-12422029'::text)
                                                   Rows Removed by Filter: 25005
                                                   Buffers: shared read=1283
                                             ->  Parallel Seq Scan on relation_19 source_41  (cost=0.00..891.60 rows=9972 width=4) (actual rows=17043 loops=1)
                                                   Filter: ((sku)::text >= 'SKU-klfZ-12422029'::text)
                                                   Rows Removed by Filter: 11599
                                                   Buffers: shared read=681
                                             ->  Parallel Seq Scan on relation_21 source_44  (cost=0.00..476.29 rows=5302 width=4) (actual rows=9019 loops=1)
                                                   Filter: ((sku)::text >= 'SKU-klfZ-12422029'::text)
                                                   Rows Removed by Filter: 5981
                                                   Buffers: shared read=366
                                       ->  Parallel Hash  (cost=42704.18..42704.18 rows=63728 width=12) (actual rows=30324 loops=1)
                                             Buckets: 262144  Batches: 1  Memory Usage: 3488kB
                                             Buffers: shared read=17436
                                             ->  Parallel Hash Join  (cost=7725.30..42704.18 rows=63728 width=12) (actual rows=30324 loops=1)
                                                   Hash Cond: (source.purchaseorder_id = source_1.purchaseorder_id)
                                                   Buffers: shared read=17436
                                                   ->  Hash Join  (cost=4118.31..38929.90 rows=63728 width=16) (actual rows=30324 loops=1)
                                                         Hash Cond: (source_23.product_id = source.product_id)
                                                         Buffers: shared read=15605
                                                         ->  Parallel Seq Scan on relation_48 source_23  (cost=0.00..28925.32 rows=1399732 width=8) (actual rows=3359356 loops=1)
                                                               Buffers: shared read=14928
                                                         ->  Hash  (cost=2206.47..2206.47 rows=152947 width=8) (actual rows=152947 loops=1)
                                                               Buckets: 262144  Batches: 1  Memory Usage: 8023kB
                                                               Buffers: shared read=677
                                                               ->  Seq Scan on relation_56 source  (cost=0.00..2206.47 rows=152947 width=8) (actual rows=152947 loops=1)
                                                                     Buffers: shared read=677
                                                   ->  Parallel Hash  (cost=2620.33..2620.33 rows=78933 width=4) (actual rows=134186 loops=1)
                                                         Buckets: 262144  Batches: 1  Memory Usage: 7328kB
                                                         Buffers: shared read=1831
                                                         ->  Parallel Seq Scan on relation_45 source_1  (cost=0.00..2620.33 rows=78933 width=4) (actual rows=134186 loops=1)
                                                               Buffers: shared read=1831
 Planning:
   Buffers: shared hit=7 read=17
 Planning Time: 1.172 ms
 JIT:
   Functions: 160
   Options: Inlining true, Optimization true, Expressions true, Deforming true
 Execution Time: 7897.602 ms
(192 rows)

-- Q055 [aggregation] occurrence 1/1
-- Original E/R: SELECT e1.supplier_id, COUNT(DISTINCT REF(e2)) AS related_count FROM supplier_products r JOIN Supplier e1 ON ENDPOINT(r, Supplier) = REF(e1) JOIN Product e2 ON ENDPOINT(r, Product) = REF(e2) WHERE e2.product_name < 'Intuitive asynchronous task-force' GROUP BY REF(e1), e1.supplier_id HAVING COUNT(DISTINCT REF(e2)) >= 4;
EXPLAIN (ANALYZE, BUFFERS, TIMING OFF, SUMMARY ON, FORMAT TEXT)
WITH
"b0" AS (
    SELECT
        "source"."product_id" AS "__endpoint_product_0",
        "source"."supplier_id" AS "__endpoint_supplier_0"
    FROM "relation_55" AS "source"
),
"b1" AS (
    SELECT
        "source"."supplier_id" AS "supplier_id",
        "source"."supplier_id" AS "__reference_0"
    FROM "relation_43" AS "source"
),
"b2" AS (
    SELECT
        "source"."product_name" AS "product_name",
        "source"."product_id" AS "__reference_0"
    FROM "relation_1" AS "source"
    UNION ALL
    SELECT
        "source"."product_name" AS "product_name",
        "source"."physicalproduct_id" AS "__reference_0"
    FROM "relation_2" AS "source"
    UNION ALL
    SELECT
        "source"."product_name" AS "product_name",
        "source"."electronics_id" AS "__reference_0"
    FROM "relation_4" AS "source"
    UNION ALL
    SELECT
        "source"."product_name" AS "product_name",
        "source"."computer_id" AS "__reference_0"
    FROM "relation_5" AS "source"
    UNION ALL
    SELECT
        "source"."product_name" AS "product_name",
        "source"."desktop_id" AS "__reference_0"
    FROM "relation_6" AS "source"
    UNION ALL
    SELECT
        "source"."product_name" AS "product_name",
        "source"."laptop_id" AS "__reference_0"
    FROM "relation_7" AS "source"
    UNION ALL
    SELECT
        "source"."product_name" AS "product_name",
        "source"."tablet_id" AS "__reference_0"
    FROM "relation_8" AS "source"
    UNION ALL
    SELECT
        "source"."product_name" AS "product_name",
        "source"."smartwatch_id" AS "__reference_0"
    FROM "relation_9" AS "source"
    UNION ALL
    SELECT
        "source"."product_name" AS "product_name",
        "source"."camera_id" AS "__reference_0"
    FROM "relation_10" AS "source"
    UNION ALL
    SELECT
        "source"."product_name" AS "product_name",
        "source"."phone_id" AS "__reference_0"
    FROM "relation_11" AS "source"
    UNION ALL
    SELECT
        "source"."product_name" AS "product_name",
        "source"."accessory_id" AS "__reference_0"
    FROM "relation_12" AS "source"
    UNION ALL
    SELECT
        "source"."product_name" AS "product_name",
        "source"."appliance_id" AS "__reference_0"
    FROM "relation_13" AS "source"
    UNION ALL
    SELECT
        "source"."product_name" AS "product_name",
        "source"."kitchenappliance_id" AS "__reference_0"
    FROM "relation_14" AS "source"
    UNION ALL
    SELECT
        "source"."product_name" AS "product_name",
        "source"."apparel_id" AS "__reference_0"
    FROM "relation_15" AS "source"
    UNION ALL
    SELECT
        "source"."product_name" AS "product_name",
        "source"."clothing_id" AS "__reference_0"
    FROM "relation_16" AS "source"
    UNION ALL
    SELECT
        "source"."product_name" AS "product_name",
        "source"."menclothing_id" AS "__reference_0"
    FROM "relation_17" AS "source"
    UNION ALL
    SELECT
        "source"."product_name" AS "product_name",
        "source"."womenclothing_id" AS "__reference_0"
    FROM "relation_18" AS "source"
    UNION ALL
    SELECT
        "source"."product_name" AS "product_name",
        "source"."footwear_id" AS "__reference_0"
    FROM "relation_19" AS "source"
    UNION ALL
    SELECT
        "source"."product_name" AS "product_name",
        "source"."digitalproduct_id" AS "__reference_0"
    FROM "relation_3" AS "source"
    UNION ALL
    SELECT
        "source"."product_name" AS "product_name",
        "source"."media_id" AS "__reference_0"
    FROM "relation_20" AS "source"
    UNION ALL
    SELECT
        "source"."product_name" AS "product_name",
        "source"."software_id" AS "__reference_0"
    FROM "relation_21" AS "source"
)
SELECT 
    "b1"."supplier_id" AS "supplier_id",
    COUNT(DISTINCT "b2"."__reference_0") AS "related_count"
FROM (("b0" INNER JOIN "b1" ON ("b0"."__endpoint_supplier_0" = "b1"."__reference_0")) INNER JOIN "b2" ON ("b0"."__endpoint_product_0" = "b2"."__reference_0"))
WHERE ("b2"."product_name" < 'Intuitive asynchronous task-force')
GROUP BY
    "b1"."__reference_0",
    "b1"."supplier_id"
HAVING (COUNT(DISTINCT "b2"."__reference_0") >= 4);
                                                                       QUERY PLAN                                                                        
---------------------------------------------------------------------------------------------------------------------------------------------------------
 GroupAggregate  (cost=1.03..1348176.93 rows=34850 width=16) (actual rows=0 loops=1)
   Group Key: source_1.supplier_id
   Filter: (count(DISTINCT source_2.product_id) >= 4)
   Rows Removed by Filter: 15485
   Buffers: shared hit=2015710 read=73665
   ->  Nested Loop  (cost=1.03..1312963.39 rows=6781334 width=8) (actual rows=15485 loops=1)
         Buffers: shared hit=2015710 read=73665
         ->  Merge Join  (cost=0.74..4865.54 rows=38683 width=8) (actual rows=38683 loops=1)
               Merge Cond: (source.supplier_id = source_1.supplier_id)
               Buffers: shared hit=6 read=487
               ->  Index Only Scan using relation_55_pkey on relation_55 source  (cost=0.29..1168.53 rows=38683 width=8) (actual rows=38683 loops=1)
                     Heap Fetches: 0
                     Buffers: shared hit=3 read=144
               ->  Index Only Scan using relation_43_pkey on relation_43 source_1  (cost=0.29..2952.53 rows=104549 width=4) (actual rows=104542 loops=1)
                     Heap Fetches: 0
                     Buffers: shared hit=3 read=343
         ->  Append  (cost=0.29..33.61 rows=21 width=4) (actual rows=0 loops=38683)
               Buffers: shared hit=2015704 read=73178
               ->  Index Scan using relation_1_pkey on relation_1 source_2  (cost=0.29..0.46 rows=1 width=4) (actual rows=0 loops=38683)
                     Index Cond: (product_id = source.product_id)
                     Filter: ((product_name)::text < 'Intuitive asynchronous task-force'::text)
                     Rows Removed by Filter: 0
                     Buffers: shared hit=77245 read=268
               ->  Index Scan using relation_2_pkey on relation_2 source_3  (cost=0.29..0.53 rows=1 width=4) (actual rows=0 loops=38683)
                     Index Cond: (physicalproduct_id = source.product_id)
                     Filter: ((product_name)::text < 'Intuitive asynchronous task-force'::text)
                     Rows Removed by Filter: 0
                     Buffers: shared hit=77193 read=376
               ->  Index Scan using relation_4_pkey on relation_4 source_4  (cost=0.43..6.87 rows=1 width=4) (actual rows=0 loops=38683)
                     Index Cond: (electronics_id = source.product_id)
                     Filter: ((product_name)::text < 'Intuitive asynchronous task-force'::text)
                     Rows Removed by Filter: 0
                     Buffers: shared hit=97159 read=39821
               ->  Index Scan using relation_5_pkey on relation_5 source_5  (cost=0.29..0.62 rows=1 width=4) (actual rows=0 loops=38683)
                     Index Cond: (computer_id = source.product_id)
                     Filter: ((product_name)::text < 'Intuitive asynchronous task-force'::text)
                     Rows Removed by Filter: 0
                     Buffers: shared hit=77164 read=447
               ->  Index Scan using relation_6_pkey on relation_6 source_6  (cost=0.43..4.18 rows=1 width=4) (actual rows=0 loops=38683)
                     Index Cond: (desktop_id = source.product_id)
                     Filter: ((product_name)::text < 'Intuitive asynchronous task-force'::text)
                     Rows Removed by Filter: 0
                     Buffers: shared hit=112212 read=8153
               ->  Index Scan using relation_7_pkey on relation_7 source_7  (cost=0.42..0.85 rows=1 width=4) (actual rows=0 loops=38683)
                     Index Cond: (laptop_id = source.product_id)
                     Filter: ((product_name)::text < 'Intuitive asynchronous task-force'::text)
                     Rows Removed by Filter: 0
                     Buffers: shared hit=115806 read=567
               ->  Index Scan using relation_8_pkey on relation_8 source_8  (cost=0.29..0.58 rows=1 width=4) (actual rows=0 loops=38683)
                     Index Cond: (tablet_id = source.product_id)
                     Filter: ((product_name)::text < 'Intuitive asynchronous task-force'::text)
                     Rows Removed by Filter: 0
                     Buffers: shared hit=77161 read=448
               ->  Index Scan using relation_9_pkey on relation_9 source_9  (cost=0.42..1.80 rows=1 width=4) (actual rows=0 loops=38683)
                     Index Cond: (smartwatch_id = source.product_id)
                     Filter: ((product_name)::text < 'Intuitive asynchronous task-force'::text)
                     Rows Removed by Filter: 0
                     Buffers: shared hit=115119 read=1960
               ->  Index Scan using relation_10_pkey on relation_10 source_10  (cost=0.42..0.90 rows=1 width=4) (actual rows=0 loops=38683)
                     Index Cond: (camera_id = source.product_id)
                     Filter: ((product_name)::text < 'Intuitive asynchronous task-force'::text)
                     Rows Removed by Filter: 0
                     Buffers: shared hit=115772 read=671
               ->  Index Scan using relation_11_pkey on relation_11 source_11  (cost=0.42..2.46 rows=1 width=4) (actual rows=0 loops=38683)
                     Index Cond: (phone_id = source.product_id)
                     Filter: ((product_name)::text < 'Intuitive asynchronous task-force'::text)
                     Rows Removed by Filter: 0
                     Buffers: shared hit=114655 read=2964
               ->  Index Scan using relation_12_pkey on relation_12 source_12  (cost=0.29..0.71 rows=1 width=4) (actual rows=0 loops=38683)
                     Index Cond: (accessory_id = source.product_id)
                     Filter: ((product_name)::text < 'Intuitive asynchronous task-force'::text)
                     Rows Removed by Filter: 0
                     Buffers: shared hit=77121 read=594
               ->  Index Scan using relation_13_pkey on relation_13 source_13  (cost=0.29..0.48 rows=1 width=4) (actual rows=0 loops=38683)
                     Index Cond: (appliance_id = source.product_id)
                     Filter: ((product_name)::text < 'Intuitive asynchronous task-force'::text)
                     Rows Removed by Filter: 0
                     Buffers: shared hit=77237 read=268
               ->  Index Scan using relation_14_pkey on relation_14 source_14  (cost=0.42..1.18 rows=1 width=4) (actual rows=0 loops=38683)
                     Index Cond: (kitchenappliance_id = source.product_id)
                     Filter: ((product_name)::text < 'Intuitive asynchronous task-force'::text)
                     Rows Removed by Filter: 0
                     Buffers: shared hit=115545 read=1095
               ->  Index Scan using relation_15_pkey on relation_15 source_15  (cost=0.42..1.48 rows=1 width=4) (actual rows=0 loops=38683)
                     Index Cond: (apparel_id = source.product_id)
                     Filter: ((product_name)::text < 'Intuitive asynchronous task-force'::text)
                     Rows Removed by Filter: 0
                     Buffers: shared hit=115305 read=1600
               ->  Index Scan using relation_16_pkey on relation_16 source_16  (cost=0.42..1.32 rows=1 width=4) (actual rows=0 loops=38683)
                     Index Cond: (clothing_id = source.product_id)
                     Filter: ((product_name)::text < 'Intuitive asynchronous task-force'::text)
                     Rows Removed by Filter: 0
                     Buffers: shared hit=115451 read=1261
               ->  Index Scan using relation_17_pkey on relation_17 source_17  (cost=0.43..4.00 rows=1 width=4) (actual rows=0 loops=38683)
                     Index Cond: (menclothing_id = source.product_id)
                     Filter: ((product_name)::text < 'Intuitive asynchronous task-force'::text)
                     Rows Removed by Filter: 0
                     Buffers: shared hit=112574 read=7274
               ->  Index Scan using relation_18_pkey on relation_18 source_18  (cost=0.29..0.65 rows=1 width=4) (actual rows=0 loops=38683)
                     Index Cond: (womenclothing_id = source.product_id)
                     Filter: ((product_name)::text < 'Intuitive asynchronous task-force'::text)
                     Rows Removed by Filter: 0
                     Buffers: shared hit=77143 read=503
               ->  Index Scan using relation_19_pkey on relation_19 source_19  (cost=0.29..0.39 rows=1 width=4) (actual rows=0 loops=38683)
                     Index Cond: (footwear_id = source.product_id)
                     Filter: ((product_name)::text < 'Intuitive asynchronous task-force'::text)
                     Rows Removed by Filter: 0
                     Buffers: shared hit=77304 read=130
               ->  Index Scan using relation_3_pkey on relation_3 source_20  (cost=0.29..0.49 rows=1 width=4) (actual rows=0 loops=38683)
                     Index Cond: (digitalproduct_id = source.product_id)
                     Filter: ((product_name)::text < 'Intuitive asynchronous task-force'::text)
                     Rows Removed by Filter: 0
                     Buffers: shared hit=77235 read=289
               ->  Index Scan using relation_20_pkey on relation_20 source_21  (cost=0.43..3.19 rows=1 width=4) (actual rows=0 loops=38683)
                     Index Cond: (media_id = source.product_id)
                     Filter: ((product_name)::text < 'Intuitive asynchronous task-force'::text)
                     Rows Removed by Filter: 0
                     Buffers: shared hit=113968 read=4421
               ->  Index Scan using relation_21_pkey on relation_21 source_22  (cost=0.29..0.35 rows=1 width=4) (actual rows=0 loops=38683)
                     Index Cond: (software_id = source.product_id)
                     Filter: ((product_name)::text < 'Intuitive asynchronous task-force'::text)
                     Rows Removed by Filter: 0
                     Buffers: shared hit=77335 read=68
 Planning:
   Buffers: shared hit=4 read=8
 Planning Time: 41.090 ms
 JIT:
   Functions: 155
   Options: Inlining true, Optimization true, Expressions true, Deforming true
 Execution Time: 975.083 ms
(130 rows)

-- Q056 [selection_projection] occurrence 1/1
-- Original E/R: SELECT e.password_hash, e.user_id, e.loyalty_tier, e.email FROM Customer e WHERE e.loyalty_tier > 'platinum';
EXPLAIN (ANALYZE, BUFFERS, TIMING OFF, SUMMARY ON, FORMAT TEXT)
WITH
"b0" AS (
    SELECT
        "source"."loyalty_tier" AS "loyalty_tier",
        "source"."email" AS "email",
        "source"."password_hash" AS "password_hash",
        "source"."customer_id" AS "user_id"
    FROM "relation_23" AS "source"
    UNION ALL
    SELECT
        "source"."loyalty_tier" AS "loyalty_tier",
        "source"."email" AS "email",
        "source"."password_hash" AS "password_hash",
        "source"."primecustomer_id" AS "user_id"
    FROM "relation_24" AS "source"
    UNION ALL
    SELECT
        "source"."loyalty_tier" AS "loyalty_tier",
        "source"."email" AS "email",
        "source"."password_hash" AS "password_hash",
        "source"."businesscustomer_id" AS "user_id"
    FROM "relation_25" AS "source"
)
SELECT 
    "b0"."password_hash" AS "password_hash",
    "b0"."user_id" AS "user_id",
    "b0"."loyalty_tier" AS "loyalty_tier",
    "b0"."email" AS "email"
FROM "b0"
WHERE ("b0"."loyalty_tier" > 'platinum');
                                                   QUERY PLAN                                                    
-----------------------------------------------------------------------------------------------------------------
 Append  (cost=0.00..47712.12 rows=298561 width=97) (actual rows=299467 loops=1)
   Buffers: shared read=33257
   ->  Seq Scan on relation_23 source  (cost=0.00..1550.31 rows=10701 width=97) (actual rows=10728 loops=1)
         Filter: ((loyalty_tier)::text > 'platinum'::text)
         Rows Removed by Filter: 26257
         Buffers: shared read=1088
   ->  Seq Scan on relation_24 source_1  (cost=0.00..4963.00 rows=28600 width=97) (actual rows=28914 loops=1)
         Filter: ((loyalty_tier)::text > 'platinum'::text)
         Rows Removed by Filter: 71086
         Buffers: shared read=3713
   ->  Seq Scan on relation_25 source_2  (cost=0.00..39706.00 rows=259260 width=97) (actual rows=259825 loops=1)
         Filter: ((loyalty_tier)::text > 'platinum'::text)
         Rows Removed by Filter: 640175
         Buffers: shared read=28456
 Planning Time: 0.072 ms
 Execution Time: 114.838 ms
(16 rows)

-- Q057 [relationship_join] occurrence 1/1
-- Original E/R: SELECT e1.placed_at, e2.is_active FROM order_items r JOIN CustOrder e1 ON ENDPOINT(r, CustOrder) = REF(e1) JOIN Product e2 ON ENDPOINT(r, Product) = REF(e2) WHERE e1.status > 'returned';
EXPLAIN (ANALYZE, BUFFERS, TIMING OFF, SUMMARY ON, FORMAT TEXT)
WITH
"b0" AS (
    SELECT
        "source"."custorder_id" AS "__endpoint_custorder_0",
        "source"."product_id" AS "__endpoint_product_0"
    FROM "relation_52" AS "source"
),
"b1" AS (
    SELECT
        "source"."placed_at" AS "placed_at",
        "source"."status" AS "status",
        "source"."custorder_id" AS "__reference_0"
    FROM "relation_37" AS "source"
),
"b2" AS (
    SELECT
        "source"."is_active" AS "is_active",
        "source"."product_id" AS "__reference_0"
    FROM "relation_1" AS "source"
    UNION ALL
    SELECT
        "source"."is_active" AS "is_active",
        "source"."physicalproduct_id" AS "__reference_0"
    FROM "relation_2" AS "source"
    UNION ALL
    SELECT
        "source"."is_active" AS "is_active",
        "source"."electronics_id" AS "__reference_0"
    FROM "relation_4" AS "source"
    UNION ALL
    SELECT
        "source"."is_active" AS "is_active",
        "source"."computer_id" AS "__reference_0"
    FROM "relation_5" AS "source"
    UNION ALL
    SELECT
        "source"."is_active" AS "is_active",
        "source"."desktop_id" AS "__reference_0"
    FROM "relation_6" AS "source"
    UNION ALL
    SELECT
        "source"."is_active" AS "is_active",
        "source"."laptop_id" AS "__reference_0"
    FROM "relation_7" AS "source"
    UNION ALL
    SELECT
        "source"."is_active" AS "is_active",
        "source"."tablet_id" AS "__reference_0"
    FROM "relation_8" AS "source"
    UNION ALL
    SELECT
        "source"."is_active" AS "is_active",
        "source"."smartwatch_id" AS "__reference_0"
    FROM "relation_9" AS "source"
    UNION ALL
    SELECT
        "source"."is_active" AS "is_active",
        "source"."camera_id" AS "__reference_0"
    FROM "relation_10" AS "source"
    UNION ALL
    SELECT
        "source"."is_active" AS "is_active",
        "source"."phone_id" AS "__reference_0"
    FROM "relation_11" AS "source"
    UNION ALL
    SELECT
        "source"."is_active" AS "is_active",
        "source"."accessory_id" AS "__reference_0"
    FROM "relation_12" AS "source"
    UNION ALL
    SELECT
        "source"."is_active" AS "is_active",
        "source"."appliance_id" AS "__reference_0"
    FROM "relation_13" AS "source"
    UNION ALL
    SELECT
        "source"."is_active" AS "is_active",
        "source"."kitchenappliance_id" AS "__reference_0"
    FROM "relation_14" AS "source"
    UNION ALL
    SELECT
        "source"."is_active" AS "is_active",
        "source"."apparel_id" AS "__reference_0"
    FROM "relation_15" AS "source"
    UNION ALL
    SELECT
        "source"."is_active" AS "is_active",
        "source"."clothing_id" AS "__reference_0"
    FROM "relation_16" AS "source"
    UNION ALL
    SELECT
        "source"."is_active" AS "is_active",
        "source"."menclothing_id" AS "__reference_0"
    FROM "relation_17" AS "source"
    UNION ALL
    SELECT
        "source"."is_active" AS "is_active",
        "source"."womenclothing_id" AS "__reference_0"
    FROM "relation_18" AS "source"
    UNION ALL
    SELECT
        "source"."is_active" AS "is_active",
        "source"."footwear_id" AS "__reference_0"
    FROM "relation_19" AS "source"
    UNION ALL
    SELECT
        "source"."is_active" AS "is_active",
        "source"."digitalproduct_id" AS "__reference_0"
    FROM "relation_3" AS "source"
    UNION ALL
    SELECT
        "source"."is_active" AS "is_active",
        "source"."media_id" AS "__reference_0"
    FROM "relation_20" AS "source"
    UNION ALL
    SELECT
        "source"."is_active" AS "is_active",
        "source"."software_id" AS "__reference_0"
    FROM "relation_21" AS "source"
)
SELECT 
    "b1"."placed_at" AS "placed_at",
    "b2"."is_active" AS "is_active"
FROM (("b0" INNER JOIN "b1" ON ("b0"."__endpoint_custorder_0" = "b1"."__reference_0")) INNER JOIN "b2" ON ("b0"."__endpoint_product_0" = "b2"."__reference_0"))
WHERE ("b1"."status" > 'returned');
                                                              QUERY PLAN                                                              
--------------------------------------------------------------------------------------------------------------------------------------
 Nested Loop  (cost=2802.74..328771.88 rows=2428983 width=15) (actual rows=14863 loops=1)
   Buffers: shared hit=774447 read=30270
   ->  Hash Join  (cost=2802.45..4572.51 rows=14915 width=15) (actual rows=14863 loops=1)
         Hash Cond: (source.custorder_id = source_1.custorder_id)
         Buffers: shared read=2115
         ->  Seq Scan on relation_52 source  (cost=0.00..1497.66 rows=103766 width=8) (actual rows=103766 loops=1)
               Buffers: shared read=460
         ->  Hash  (cost=2658.25..2658.25 rows=11536 width=15) (actual rows=11494 loops=1)
               Buckets: 16384  Batches: 1  Memory Usage: 667kB
               Buffers: shared read=1655
               ->  Seq Scan on relation_37 source_1  (cost=0.00..2658.25 rows=11536 width=15) (actual rows=11494 loops=1)
                     Filter: ((status)::text > 'returned'::text)
                     Rows Removed by Filter: 68766
                     Buffers: shared read=1655
   ->  Append  (cost=0.29..21.53 rows=21 width=8) (actual rows=1 loops=14863)
         Buffers: shared hit=774447 read=28155
         ->  Index Scan using relation_1_pkey on relation_1 source_2  (cost=0.29..0.36 rows=1 width=8) (actual rows=0 loops=14863)
               Index Cond: (product_id = source.product_id)
               Buffers: shared hit=29675 read=110
         ->  Index Scan using relation_2_pkey on relation_2 source_3  (cost=0.29..0.39 rows=1 width=8) (actual rows=0 loops=14863)
               Index Cond: (physicalproduct_id = source.product_id)
               Buffers: shared hit=29667 read=130
         ->  Index Scan using relation_4_pkey on relation_4 source_4  (cost=0.43..5.31 rows=1 width=8) (actual rows=1 loops=14863)
               Index Cond: (electronics_id = source.product_id)
               Buffers: shared hit=37354 read=15246
         ->  Index Scan using relation_5_pkey on relation_5 source_5  (cost=0.29..0.43 rows=1 width=8) (actual rows=0 loops=14863)
               Index Cond: (computer_id = source.product_id)
               Buffers: shared hit=29657 read=154
         ->  Index Scan using relation_6_pkey on relation_6 source_6  (cost=0.43..2.63 rows=1 width=8) (actual rows=0 loops=14863)
               Index Cond: (desktop_id = source.product_id)
               Buffers: shared hit=43091 read=3180
         ->  Index Scan using relation_7_pkey on relation_7 source_7  (cost=0.42..0.59 rows=1 width=8) (actual rows=0 loops=14863)
               Index Cond: (laptop_id = source.product_id)
               Buffers: shared hit=44480 read=237
         ->  Index Scan using relation_8_pkey on relation_8 source_8  (cost=0.29..0.41 rows=1 width=8) (actual rows=0 loops=14863)
               Index Cond: (tablet_id = source.product_id)
               Buffers: shared hit=29659 read=156
         ->  Index Scan using relation_9_pkey on relation_9 source_9  (cost=0.42..0.95 rows=1 width=8) (actual rows=0 loops=14863)
               Index Cond: (smartwatch_id = source.product_id)
               Buffers: shared hit=44206 read=803
         ->  Index Scan using relation_10_pkey on relation_10 source_10  (cost=0.42..0.61 rows=1 width=8) (actual rows=0 loops=14863)
               Index Cond: (camera_id = source.product_id)
               Buffers: shared hit=44457 read=306
         ->  Index Scan using relation_11_pkey on relation_11 source_11  (cost=0.42..1.19 rows=1 width=8) (actual rows=0 loops=14863)
               Index Cond: (phone_id = source.product_id)
               Buffers: shared hit=44060 read=1108
         ->  Index Scan using relation_12_pkey on relation_12 source_12  (cost=0.29..0.46 rows=1 width=8) (actual rows=0 loops=14863)
               Index Cond: (accessory_id = source.product_id)
               Buffers: shared hit=29624 read=221
         ->  Index Scan using relation_13_pkey on relation_13 source_13  (cost=0.29..0.37 rows=1 width=8) (actual rows=0 loops=14863)
               Index Cond: (appliance_id = source.product_id)
               Buffers: shared hit=29673 read=111
         ->  Index Scan using relation_14_pkey on relation_14 source_14  (cost=0.42..0.71 rows=1 width=8) (actual rows=0 loops=14863)
               Index Cond: (kitchenappliance_id = source.product_id)
               Buffers: shared hit=44383 read=452
         ->  Index Scan using relation_15_pkey on relation_15 source_15  (cost=0.42..0.83 rows=1 width=8) (actual rows=0 loops=14863)
               Index Cond: (apparel_id = source.product_id)
               Buffers: shared hit=44308 read=592
         ->  Index Scan using relation_16_pkey on relation_16 source_16  (cost=0.42..0.77 rows=1 width=8) (actual rows=0 loops=14863)
               Index Cond: (clothing_id = source.product_id)
               Buffers: shared hit=44346 read=514
         ->  Index Scan using relation_17_pkey on relation_17 source_17  (cost=0.43..2.36 rows=1 width=8) (actual rows=0 loops=14863)
               Index Cond: (menclothing_id = source.product_id)
               Buffers: shared hit=43254 read=2818
         ->  Index Scan using relation_18_pkey on relation_18 source_18  (cost=0.29..0.43 rows=1 width=8) (actual rows=0 loops=14863)
               Index Cond: (womenclothing_id = source.product_id)
               Buffers: shared hit=29643 read=185
         ->  Index Scan using relation_19_pkey on relation_19 source_19  (cost=0.29..0.33 rows=1 width=8) (actual rows=0 loops=14863)
               Index Cond: (footwear_id = source.product_id)
               Buffers: shared hit=29707 read=44
         ->  Index Scan using relation_3_pkey on relation_3 source_20  (cost=0.29..0.38 rows=1 width=8) (actual rows=0 loops=14863)
               Index Cond: (digitalproduct_id = source.product_id)
               Buffers: shared hit=29679 read=110
         ->  Index Scan using relation_20_pkey on relation_20 source_21  (cost=0.43..1.59 rows=1 width=8) (actual rows=0 loops=14863)
               Index Cond: (media_id = source.product_id)
               Buffers: shared hit=43806 read=1657
         ->  Index Scan using relation_21_pkey on relation_21 source_22  (cost=0.29..0.32 rows=1 width=8) (actual rows=0 loops=14863)
               Index Cond: (software_id = source.product_id)
               Buffers: shared hit=29718 read=21
 Planning:
   Buffers: shared hit=4 read=10
 Planning Time: 0.427 ms
 JIT:
   Functions: 119
   Options: Inlining false, Optimization false, Expressions true, Deforming true
 Execution Time: 263.302 ms
(86 rows)

-- Q058 [relationship_join] occurrence 1/1
-- Original E/R: SELECT e1.loyalty_tier, e2.status FROM customer_orders r JOIN Customer e1 ON ENDPOINT(r, Customer) = REF(e1) JOIN CustOrder e2 ON ENDPOINT(r, CustOrder) = REF(e2) WHERE e1.email > 'uhunt@example.org';
EXPLAIN (ANALYZE, BUFFERS, TIMING OFF, SUMMARY ON, FORMAT TEXT)
WITH
"b0" AS (
    SELECT
        "source"."customer_orders_customer_id" AS "__endpoint_customer_0",
        "source"."custorder_id" AS "__endpoint_custorder_0"
    FROM "relation_37" AS "source"
    WHERE ("source"."customer_orders_customer_id" IS NOT NULL)
),
"b1" AS (
    SELECT
        "source"."loyalty_tier" AS "loyalty_tier",
        "source"."email" AS "email",
        "source"."customer_id" AS "__reference_0"
    FROM "relation_23" AS "source"
    UNION ALL
    SELECT
        "source"."loyalty_tier" AS "loyalty_tier",
        "source"."email" AS "email",
        "source"."primecustomer_id" AS "__reference_0"
    FROM "relation_24" AS "source"
    UNION ALL
    SELECT
        "source"."loyalty_tier" AS "loyalty_tier",
        "source"."email" AS "email",
        "source"."businesscustomer_id" AS "__reference_0"
    FROM "relation_25" AS "source"
),
"b2" AS (
    SELECT
        "source"."status" AS "status",
        "source"."custorder_id" AS "__reference_0"
    FROM "relation_37" AS "source"
)
SELECT 
    "b1"."loyalty_tier" AS "loyalty_tier",
    "b2"."status" AS "status"
FROM (("b0" INNER JOIN "b1" ON ("b0"."__endpoint_customer_0" = "b1"."__reference_0")) INNER JOIN "b2" ON ("b0"."__endpoint_custorder_0" = "b2"."__reference_0"))
WHERE ("b1"."email" > 'uhunt@example.org');
                                                                 QUERY PLAN                                                                 
--------------------------------------------------------------------------------------------------------------------------------------------
 Gather  (cost=6474.23..54988.92 rows=92101 width=15) (actual rows=7115 loops=1)
   Workers Planned: 2
   Workers Launched: 0
   Buffers: shared hit=1655 read=34912
   ->  Parallel Hash Join  (cost=5474.23..44778.82 rows=38375 width=15) (actual rows=7115 loops=1)
         Hash Cond: (source_3.businesscustomer_id = source.customer_orders_customer_id)
         Buffers: shared hit=1655 read=34912
         ->  Parallel Append  (cost=0.00..38932.47 rows=39037 width=10) (actual rows=100055 loops=1)
               Buffers: shared read=33257
               ->  Parallel Seq Scan on relation_25 source_3  (cost=0.00..33143.50 rows=33738 width=10) (actual rows=86686 loops=1)
                     Filter: ((email)::text > 'uhunt@example.org'::text)
                     Rows Removed by Filter: 813314
                     Buffers: shared read=28456
               ->  Parallel Seq Scan on relation_24 source_2  (cost=0.00..4233.83 rows=3758 width=10) (actual rows=9757 loops=1)
                     Filter: ((email)::text > 'uhunt@example.org'::text)
                     Rows Removed by Filter: 90243
                     Buffers: shared read=3713
               ->  Parallel Seq Scan on relation_23 source_1  (cost=0.00..1359.95 rows=2176 width=10) (actual rows=3612 loops=1)
                     Filter: ((email)::text > 'uhunt@example.org'::text)
                     Rows Removed by Filter: 33373
                     Buffers: shared read=1088
         ->  Parallel Hash  (cost=4926.20..4926.20 rows=43842 width=13) (actual rows=74642 loops=1)
               Buckets: 131072  Batches: 1  Memory Usage: 4544kB
               Buffers: shared hit=1655 read=1655
               ->  Parallel Hash Join  (cost=2675.14..4926.20 rows=43842 width=13) (actual rows=74642 loops=1)
                     Hash Cond: (source_4.custorder_id = source.custorder_id)
                     Buffers: shared hit=1655 read=1655
                     ->  Parallel Seq Scan on relation_37 source_4  (cost=0.00..2127.12 rows=47212 width=13) (actual rows=80260 loops=1)
                           Buffers: shared hit=1655
                     ->  Parallel Hash  (cost=2127.12..2127.12 rows=43842 width=8) (actual rows=74642 loops=1)
                           Buckets: 131072  Batches: 1  Memory Usage: 3968kB
                           Buffers: shared read=1655
                           ->  Parallel Seq Scan on relation_37 source  (cost=0.00..2127.12 rows=43842 width=8) (actual rows=74642 loops=1)
                                 Filter: (customer_orders_customer_id IS NOT NULL)
                                 Rows Removed by Filter: 5618
                                 Buffers: shared read=1655
 Planning:
   Buffers: shared hit=10 read=6
 Planning Time: 0.224 ms
 Execution Time: 136.636 ms
(40 rows)

-- Q059 [relationship_join] occurrence 1/1
-- Original E/R: SELECT e1.updated_at, e1.cart_id, e2.product_id FROM cart_contains r JOIN Cart e1 ON ENDPOINT(r, Cart) = REF(e1) JOIN Product e2 ON ENDPOINT(r, Product) = REF(e2) WHERE e2.sku >= 'SKU-vFdW-79279946';
EXPLAIN (ANALYZE, BUFFERS, TIMING OFF, SUMMARY ON, FORMAT TEXT)
WITH
"b0" AS (
    SELECT
        "source"."customer_id" AS "__endpoint_cart_0",
        "source"."cart_id" AS "__endpoint_cart_1",
        "source"."product_id" AS "__endpoint_product_0"
    FROM "relation_50" AS "source"
),
"b1" AS (
    SELECT
        "source"."cart_id" AS "cart_id",
        "source"."updated_at" AS "updated_at",
        "source"."customer_id" AS "__reference_0",
        "source"."cart_id" AS "__reference_1"
    FROM "relation_33" AS "source"
),
"b2" AS (
    SELECT
        "source"."product_id" AS "product_id",
        "source"."sku" AS "sku",
        "source"."product_id" AS "__reference_0"
    FROM "relation_1" AS "source"
    UNION ALL
    SELECT
        "source"."physicalproduct_id" AS "product_id",
        "source"."sku" AS "sku",
        "source"."physicalproduct_id" AS "__reference_0"
    FROM "relation_2" AS "source"
    UNION ALL
    SELECT
        "source"."electronics_id" AS "product_id",
        "source"."sku" AS "sku",
        "source"."electronics_id" AS "__reference_0"
    FROM "relation_4" AS "source"
    UNION ALL
    SELECT
        "source"."computer_id" AS "product_id",
        "source"."sku" AS "sku",
        "source"."computer_id" AS "__reference_0"
    FROM "relation_5" AS "source"
    UNION ALL
    SELECT
        "source"."desktop_id" AS "product_id",
        "source"."sku" AS "sku",
        "source"."desktop_id" AS "__reference_0"
    FROM "relation_6" AS "source"
    UNION ALL
    SELECT
        "source"."laptop_id" AS "product_id",
        "source"."sku" AS "sku",
        "source"."laptop_id" AS "__reference_0"
    FROM "relation_7" AS "source"
    UNION ALL
    SELECT
        "source"."tablet_id" AS "product_id",
        "source"."sku" AS "sku",
        "source"."tablet_id" AS "__reference_0"
    FROM "relation_8" AS "source"
    UNION ALL
    SELECT
        "source"."smartwatch_id" AS "product_id",
        "source"."sku" AS "sku",
        "source"."smartwatch_id" AS "__reference_0"
    FROM "relation_9" AS "source"
    UNION ALL
    SELECT
        "source"."camera_id" AS "product_id",
        "source"."sku" AS "sku",
        "source"."camera_id" AS "__reference_0"
    FROM "relation_10" AS "source"
    UNION ALL
    SELECT
        "source"."phone_id" AS "product_id",
        "source"."sku" AS "sku",
        "source"."phone_id" AS "__reference_0"
    FROM "relation_11" AS "source"
    UNION ALL
    SELECT
        "source"."accessory_id" AS "product_id",
        "source"."sku" AS "sku",
        "source"."accessory_id" AS "__reference_0"
    FROM "relation_12" AS "source"
    UNION ALL
    SELECT
        "source"."appliance_id" AS "product_id",
        "source"."sku" AS "sku",
        "source"."appliance_id" AS "__reference_0"
    FROM "relation_13" AS "source"
    UNION ALL
    SELECT
        "source"."kitchenappliance_id" AS "product_id",
        "source"."sku" AS "sku",
        "source"."kitchenappliance_id" AS "__reference_0"
    FROM "relation_14" AS "source"
    UNION ALL
    SELECT
        "source"."apparel_id" AS "product_id",
        "source"."sku" AS "sku",
        "source"."apparel_id" AS "__reference_0"
    FROM "relation_15" AS "source"
    UNION ALL
    SELECT
        "source"."clothing_id" AS "product_id",
        "source"."sku" AS "sku",
        "source"."clothing_id" AS "__reference_0"
    FROM "relation_16" AS "source"
    UNION ALL
    SELECT
        "source"."menclothing_id" AS "product_id",
        "source"."sku" AS "sku",
        "source"."menclothing_id" AS "__reference_0"
    FROM "relation_17" AS "source"
    UNION ALL
    SELECT
        "source"."womenclothing_id" AS "product_id",
        "source"."sku" AS "sku",
        "source"."womenclothing_id" AS "__reference_0"
    FROM "relation_18" AS "source"
    UNION ALL
    SELECT
        "source"."footwear_id" AS "product_id",
        "source"."sku" AS "sku",
        "source"."footwear_id" AS "__reference_0"
    FROM "relation_19" AS "source"
    UNION ALL
    SELECT
        "source"."digitalproduct_id" AS "product_id",
        "source"."sku" AS "sku",
        "source"."digitalproduct_id" AS "__reference_0"
    FROM "relation_3" AS "source"
    UNION ALL
    SELECT
        "source"."media_id" AS "product_id",
        "source"."sku" AS "sku",
        "source"."media_id" AS "__reference_0"
    FROM "relation_20" AS "source"
    UNION ALL
    SELECT
        "source"."software_id" AS "product_id",
        "source"."sku" AS "sku",
        "source"."software_id" AS "__reference_0"
    FROM "relation_21" AS "source"
)
SELECT 
    "b1"."updated_at" AS "updated_at",
    "b1"."cart_id" AS "cart_id",
    "b2"."product_id" AS "product_id"
FROM (("b0" INNER JOIN "b1" ON ("b0"."__endpoint_cart_0" = "b1"."__reference_0" AND "b0"."__endpoint_cart_1" = "b1"."__reference_1")) INNER JOIN "b2" ON ("b0"."__endpoint_product_0" = "b2"."__reference_0"))
WHERE ("b2"."sku" >= 'SKU-vFdW-79279946');
                                                              QUERY PLAN                                                              
--------------------------------------------------------------------------------------------------------------------------------------
 Nested Loop  (cost=1333.62..2201.12 rows=75 width=19) (actual rows=7562 loops=1)
   Buffers: shared hit=2103981 read=76381
   ->  Hash Join  (cost=1333.33..2167.94 rows=1 width=19) (actual rows=40368 loops=1)
         Hash Cond: ((source.customer_id = source_1.customer_id) AND (source.cart_id = source_1.cart_id))
         Buffers: shared read=490
         ->  Seq Scan on relation_50 source  (cost=0.00..622.68 rows=40368 width=12) (actual rows=40368 loops=1)
               Buffers: shared read=219
         ->  Hash  (cost=695.93..695.93 rows=42493 width=19) (actual rows=42493 loops=1)
               Buckets: 65536  Batches: 1  Memory Usage: 2670kB
               Buffers: shared read=271
               ->  Seq Scan on relation_33 source_1  (cost=0.00..695.93 rows=42493 width=19) (actual rows=42493 loops=1)
                     Buffers: shared read=271
   ->  Append  (cost=0.29..32.97 rows=21 width=8) (actual rows=0 loops=40368)
         Buffers: shared hit=2103981 read=75891
         ->  Index Scan using relation_1_pkey on relation_1 source_2  (cost=0.29..0.45 rows=1 width=8) (actual rows=0 loops=40368)
               Index Cond: (product_id = source.product_id)
               Filter: ((sku)::text >= 'SKU-vFdW-79279946'::text)
               Rows Removed by Filter: 0
               Buffers: shared hit=80607 read=278
         ->  Index Scan using relation_2_pkey on relation_2 source_3  (cost=0.29..0.53 rows=1 width=8) (actual rows=0 loops=40368)
               Index Cond: (physicalproduct_id = source.product_id)
               Filter: ((sku)::text >= 'SKU-vFdW-79279946'::text)
               Rows Removed by Filter: 0
               Buffers: shared hit=80570 read=377
         ->  Index Scan using relation_4_pkey on relation_4 source_4  (cost=0.43..6.82 rows=1 width=8) (actual rows=0 loops=40368)
               Index Cond: (electronics_id = source.product_id)
               Filter: ((sku)::text >= 'SKU-vFdW-79279946'::text)
               Rows Removed by Filter: 0
               Buffers: shared hit=101941 read=40759
         ->  Index Scan using relation_5_pkey on relation_5 source_5  (cost=0.29..0.61 rows=1 width=8) (actual rows=0 loops=40368)
               Index Cond: (computer_id = source.product_id)
               Filter: ((sku)::text >= 'SKU-vFdW-79279946'::text)
               Rows Removed by Filter: 0
               Buffers: shared hit=80533 read=443
         ->  Index Scan using relation_6_pkey on relation_6 source_6  (cost=0.43..4.11 rows=1 width=8) (actual rows=0 loops=40368)
               Index Cond: (desktop_id = source.product_id)
               Filter: ((sku)::text >= 'SKU-vFdW-79279946'::text)
               Rows Removed by Filter: 0
               Buffers: shared hit=117037 read=8636
         ->  Index Scan using relation_7_pkey on relation_7 source_7  (cost=0.42..0.84 rows=1 width=8) (actual rows=0 loops=40368)
               Index Cond: (laptop_id = source.product_id)
               Filter: ((sku)::text >= 'SKU-vFdW-79279946'::text)
               Rows Removed by Filter: 0
               Buffers: shared hit=120825 read=610
         ->  Index Scan using relation_8_pkey on relation_8 source_8  (cost=0.29..0.57 rows=1 width=8) (actual rows=0 loops=40368)
               Index Cond: (tablet_id = source.product_id)
               Filter: ((sku)::text >= 'SKU-vFdW-79279946'::text)
               Rows Removed by Filter: 0
               Buffers: shared hit=80545 read=430
         ->  Index Scan using relation_9_pkey on relation_9 source_9  (cost=0.42..1.74 rows=1 width=8) (actual rows=0 loops=40368)
               Index Cond: (smartwatch_id = source.product_id)
               Filter: ((sku)::text >= 'SKU-vFdW-79279946'::text)
               Rows Removed by Filter: 0
               Buffers: shared hit=120136 read=2088
         ->  Index Scan using relation_10_pkey on relation_10 source_10  (cost=0.42..0.88 rows=1 width=8) (actual rows=0 loops=40368)
               Index Cond: (camera_id = source.product_id)
               Filter: ((sku)::text >= 'SKU-vFdW-79279946'::text)
               Rows Removed by Filter: 0
               Buffers: shared hit=120754 read=779
         ->  Index Scan using relation_11_pkey on relation_11 source_11  (cost=0.42..2.38 rows=1 width=8) (actual rows=0 loops=40368)
               Index Cond: (phone_id = source.product_id)
               Filter: ((sku)::text >= 'SKU-vFdW-79279946'::text)
               Rows Removed by Filter: 0
               Buffers: shared hit=119689 read=3027
         ->  Index Scan using relation_12_pkey on relation_12 source_12  (cost=0.29..0.70 rows=1 width=8) (actual rows=0 loops=40368)
               Index Cond: (accessory_id = source.product_id)
               Filter: ((sku)::text >= 'SKU-vFdW-79279946'::text)
               Rows Removed by Filter: 0
               Buffers: shared hit=80460 read=610
         ->  Index Scan using relation_13_pkey on relation_13 source_13  (cost=0.29..0.47 rows=1 width=8) (actual rows=0 loops=40368)
               Index Cond: (appliance_id = source.product_id)
               Filter: ((sku)::text >= 'SKU-vFdW-79279946'::text)
               Rows Removed by Filter: 0
               Buffers: shared hit=80616 read=255
         ->  Index Scan using relation_14_pkey on relation_14 source_14  (cost=0.42..1.15 rows=1 width=8) (actual rows=0 loops=40368)
               Index Cond: (kitchenappliance_id = source.product_id)
               Filter: ((sku)::text >= 'SKU-vFdW-79279946'::text)
               Rows Removed by Filter: 0
               Buffers: shared hit=120572 read=1170
         ->  Index Scan using relation_15_pkey on relation_15 source_15  (cost=0.42..1.44 rows=1 width=8) (actual rows=0 loops=40368)
               Index Cond: (apparel_id = source.product_id)
               Filter: ((sku)::text >= 'SKU-vFdW-79279946'::text)
               Rows Removed by Filter: 0
               Buffers: shared hit=120309 read=1700
         ->  Index Scan using relation_16_pkey on relation_16 source_16  (cost=0.42..1.28 rows=1 width=8) (actual rows=0 loops=40368)
               Index Cond: (clothing_id = source.product_id)
               Filter: ((sku)::text >= 'SKU-vFdW-79279946'::text)
               Rows Removed by Filter: 0
               Buffers: shared hit=120483 read=1319
         ->  Index Scan using relation_17_pkey on relation_17 source_17  (cost=0.43..3.93 rows=1 width=8) (actual rows=0 loops=40368)
               Index Cond: (menclothing_id = source.product_id)
               Filter: ((sku)::text >= 'SKU-vFdW-79279946'::text)
               Rows Removed by Filter: 0
               Buffers: shared hit=117528 read=7636
         ->  Index Scan using relation_18_pkey on relation_18 source_18  (cost=0.29..0.63 rows=1 width=8) (actual rows=0 loops=40368)
               Index Cond: (womenclothing_id = source.product_id)
               Filter: ((sku)::text >= 'SKU-vFdW-79279946'::text)
               Rows Removed by Filter: 0
               Buffers: shared hit=80509 read=526
         ->  Index Scan using relation_19_pkey on relation_19 source_19  (cost=0.29..0.38 rows=1 width=8) (actual rows=0 loops=40368)
               Index Cond: (footwear_id = source.product_id)
               Filter: ((sku)::text >= 'SKU-vFdW-79279946'::text)
               Rows Removed by Filter: 0
               Buffers: shared hit=80682 read=120
         ->  Index Scan using relation_3_pkey on relation_3 source_20  (cost=0.29..0.48 rows=1 width=8) (actual rows=0 loops=40368)
               Index Cond: (digitalproduct_id = source.product_id)
               Filter: ((sku)::text >= 'SKU-vFdW-79279946'::text)
               Rows Removed by Filter: 0
               Buffers: shared hit=80610 read=294
         ->  Index Scan using relation_20_pkey on relation_20 source_21  (cost=0.43..3.13 rows=1 width=8) (actual rows=0 loops=40368)
               Index Cond: (media_id = source.product_id)
               Filter: ((sku)::text >= 'SKU-vFdW-79279946'::text)
               Rows Removed by Filter: 0
               Buffers: shared hit=118861 read=4784
         ->  Index Scan using relation_21_pkey on relation_21 source_22  (cost=0.29..0.35 rows=1 width=8) (actual rows=0 loops=40368)
               Index Cond: (software_id = source.product_id)
               Filter: ((sku)::text >= 'SKU-vFdW-79279946'::text)
               Rows Removed by Filter: 0
               Buffers: shared hit=80714 read=50
 Planning:
   Buffers: shared hit=4 read=11
 Planning Time: 0.922 ms
 Execution Time: 595.916 ms
(123 rows)

-- Q060 [selection_projection] occurrence 1/1
-- Original E/R: SELECT e.ends_at FROM Promotion e WHERE e.starts_at <= '2024-04-21';
EXPLAIN (ANALYZE, BUFFERS, TIMING OFF, SUMMARY ON, FORMAT TEXT)
WITH
"b0" AS (
    SELECT
        "source"."ends_at" AS "ends_at",
        "source"."starts_at" AS "starts_at"
    FROM "relation_39" AS "source"
)
SELECT 
    "b0"."ends_at" AS "ends_at"
FROM "b0"
WHERE ("b0"."starts_at" <= '2024-04-21');
                                              QUERY PLAN                                              
------------------------------------------------------------------------------------------------------
 Seq Scan on relation_39 source  (cost=0.00..3772.73 rows=16541 width=11) (actual rows=15779 loops=1)
   Filter: ((starts_at)::text <= '2024-04-21'::text)
   Rows Removed by Filter: 133959
   Buffers: shared read=1901
 Planning Time: 0.050 ms
 Execution Time: 17.175 ms
(6 rows)

-- Q061 [complex_multi_join] occurrence 1/1
-- Original E/R: SELECT e1.bin_id, e2.base_price, e3.product_id FROM stock r1 JOIN WarehouseBin e1 ON ENDPOINT(r1, WarehouseBin) = REF(e1) JOIN Product e2 ON ENDPOINT(r1, Product) = REF(e2) JOIN bundle_components r2 ON ENDPOINT(r2, bundle_product_id) = REF(e2) JOIN Product e3 ON ENDPOINT(r2, product_id) = REF(e3) WHERE e3.is_active >= 1;
EXPLAIN (ANALYZE, BUFFERS, TIMING OFF, SUMMARY ON, FORMAT TEXT)
WITH
"b0" AS (
    SELECT
        "source"."product_id" AS "__endpoint_product_0",
        "source"."warehouse_id" AS "__endpoint_warehousebin_0",
        "source"."bin_id" AS "__endpoint_warehousebin_1"
    FROM "relation_54" AS "source"
),
"b1" AS (
    SELECT
        "source"."bin_id" AS "bin_id",
        "source"."warehouse_id" AS "__reference_0",
        "source"."bin_id" AS "__reference_1"
    FROM "relation_42" AS "source"
),
"b2" AS (
    SELECT
        "source"."base_price" AS "base_price",
        "source"."product_id" AS "__reference_0"
    FROM "relation_1" AS "source"
    UNION ALL
    SELECT
        "source"."base_price" AS "base_price",
        "source"."physicalproduct_id" AS "__reference_0"
    FROM "relation_2" AS "source"
    UNION ALL
    SELECT
        "source"."base_price" AS "base_price",
        "source"."electronics_id" AS "__reference_0"
    FROM "relation_4" AS "source"
    UNION ALL
    SELECT
        "source"."base_price" AS "base_price",
        "source"."computer_id" AS "__reference_0"
    FROM "relation_5" AS "source"
    UNION ALL
    SELECT
        "source"."base_price" AS "base_price",
        "source"."desktop_id" AS "__reference_0"
    FROM "relation_6" AS "source"
    UNION ALL
    SELECT
        "source"."base_price" AS "base_price",
        "source"."laptop_id" AS "__reference_0"
    FROM "relation_7" AS "source"
    UNION ALL
    SELECT
        "source"."base_price" AS "base_price",
        "source"."tablet_id" AS "__reference_0"
    FROM "relation_8" AS "source"
    UNION ALL
    SELECT
        "source"."base_price" AS "base_price",
        "source"."smartwatch_id" AS "__reference_0"
    FROM "relation_9" AS "source"
    UNION ALL
    SELECT
        "source"."base_price" AS "base_price",
        "source"."camera_id" AS "__reference_0"
    FROM "relation_10" AS "source"
    UNION ALL
    SELECT
        "source"."base_price" AS "base_price",
        "source"."phone_id" AS "__reference_0"
    FROM "relation_11" AS "source"
    UNION ALL
    SELECT
        "source"."base_price" AS "base_price",
        "source"."accessory_id" AS "__reference_0"
    FROM "relation_12" AS "source"
    UNION ALL
    SELECT
        "source"."base_price" AS "base_price",
        "source"."appliance_id" AS "__reference_0"
    FROM "relation_13" AS "source"
    UNION ALL
    SELECT
        "source"."base_price" AS "base_price",
        "source"."kitchenappliance_id" AS "__reference_0"
    FROM "relation_14" AS "source"
    UNION ALL
    SELECT
        "source"."base_price" AS "base_price",
        "source"."apparel_id" AS "__reference_0"
    FROM "relation_15" AS "source"
    UNION ALL
    SELECT
        "source"."base_price" AS "base_price",
        "source"."clothing_id" AS "__reference_0"
    FROM "relation_16" AS "source"
    UNION ALL
    SELECT
        "source"."base_price" AS "base_price",
        "source"."menclothing_id" AS "__reference_0"
    FROM "relation_17" AS "source"
    UNION ALL
    SELECT
        "source"."base_price" AS "base_price",
        "source"."womenclothing_id" AS "__reference_0"
    FROM "relation_18" AS "source"
    UNION ALL
    SELECT
        "source"."base_price" AS "base_price",
        "source"."footwear_id" AS "__reference_0"
    FROM "relation_19" AS "source"
    UNION ALL
    SELECT
        "source"."base_price" AS "base_price",
        "source"."digitalproduct_id" AS "__reference_0"
    FROM "relation_3" AS "source"
    UNION ALL
    SELECT
        "source"."base_price" AS "base_price",
        "source"."media_id" AS "__reference_0"
    FROM "relation_20" AS "source"
    UNION ALL
    SELECT
        "source"."base_price" AS "base_price",
        "source"."software_id" AS "__reference_0"
    FROM "relation_21" AS "source"
),
"b3" AS (
    SELECT
        "source"."bundle_product_product_id" AS "__endpoint_bundle_product_id_0",
        "source"."product_id" AS "__endpoint_product_id_0"
    FROM "relation_48" AS "source"
),
"b4" AS (
    SELECT
        "source"."is_active" AS "is_active",
        "source"."product_id" AS "product_id",
        "source"."product_id" AS "__reference_0"
    FROM "relation_1" AS "source"
    UNION ALL
    SELECT
        "source"."is_active" AS "is_active",
        "source"."physicalproduct_id" AS "product_id",
        "source"."physicalproduct_id" AS "__reference_0"
    FROM "relation_2" AS "source"
    UNION ALL
    SELECT
        "source"."is_active" AS "is_active",
        "source"."electronics_id" AS "product_id",
        "source"."electronics_id" AS "__reference_0"
    FROM "relation_4" AS "source"
    UNION ALL
    SELECT
        "source"."is_active" AS "is_active",
        "source"."computer_id" AS "product_id",
        "source"."computer_id" AS "__reference_0"
    FROM "relation_5" AS "source"
    UNION ALL
    SELECT
        "source"."is_active" AS "is_active",
        "source"."desktop_id" AS "product_id",
        "source"."desktop_id" AS "__reference_0"
    FROM "relation_6" AS "source"
    UNION ALL
    SELECT
        "source"."is_active" AS "is_active",
        "source"."laptop_id" AS "product_id",
        "source"."laptop_id" AS "__reference_0"
    FROM "relation_7" AS "source"
    UNION ALL
    SELECT
        "source"."is_active" AS "is_active",
        "source"."tablet_id" AS "product_id",
        "source"."tablet_id" AS "__reference_0"
    FROM "relation_8" AS "source"
    UNION ALL
    SELECT
        "source"."is_active" AS "is_active",
        "source"."smartwatch_id" AS "product_id",
        "source"."smartwatch_id" AS "__reference_0"
    FROM "relation_9" AS "source"
    UNION ALL
    SELECT
        "source"."is_active" AS "is_active",
        "source"."camera_id" AS "product_id",
        "source"."camera_id" AS "__reference_0"
    FROM "relation_10" AS "source"
    UNION ALL
    SELECT
        "source"."is_active" AS "is_active",
        "source"."phone_id" AS "product_id",
        "source"."phone_id" AS "__reference_0"
    FROM "relation_11" AS "source"
    UNION ALL
    SELECT
        "source"."is_active" AS "is_active",
        "source"."accessory_id" AS "product_id",
        "source"."accessory_id" AS "__reference_0"
    FROM "relation_12" AS "source"
    UNION ALL
    SELECT
        "source"."is_active" AS "is_active",
        "source"."appliance_id" AS "product_id",
        "source"."appliance_id" AS "__reference_0"
    FROM "relation_13" AS "source"
    UNION ALL
    SELECT
        "source"."is_active" AS "is_active",
        "source"."kitchenappliance_id" AS "product_id",
        "source"."kitchenappliance_id" AS "__reference_0"
    FROM "relation_14" AS "source"
    UNION ALL
    SELECT
        "source"."is_active" AS "is_active",
        "source"."apparel_id" AS "product_id",
        "source"."apparel_id" AS "__reference_0"
    FROM "relation_15" AS "source"
    UNION ALL
    SELECT
        "source"."is_active" AS "is_active",
        "source"."clothing_id" AS "product_id",
        "source"."clothing_id" AS "__reference_0"
    FROM "relation_16" AS "source"
    UNION ALL
    SELECT
        "source"."is_active" AS "is_active",
        "source"."menclothing_id" AS "product_id",
        "source"."menclothing_id" AS "__reference_0"
    FROM "relation_17" AS "source"
    UNION ALL
    SELECT
        "source"."is_active" AS "is_active",
        "source"."womenclothing_id" AS "product_id",
        "source"."womenclothing_id" AS "__reference_0"
    FROM "relation_18" AS "source"
    UNION ALL
    SELECT
        "source"."is_active" AS "is_active",
        "source"."footwear_id" AS "product_id",
        "source"."footwear_id" AS "__reference_0"
    FROM "relation_19" AS "source"
    UNION ALL
    SELECT
        "source"."is_active" AS "is_active",
        "source"."digitalproduct_id" AS "product_id",
        "source"."digitalproduct_id" AS "__reference_0"
    FROM "relation_3" AS "source"
    UNION ALL
    SELECT
        "source"."is_active" AS "is_active",
        "source"."media_id" AS "product_id",
        "source"."media_id" AS "__reference_0"
    FROM "relation_20" AS "source"
    UNION ALL
    SELECT
        "source"."is_active" AS "is_active",
        "source"."software_id" AS "product_id",
        "source"."software_id" AS "__reference_0"
    FROM "relation_21" AS "source"
)
SELECT 
    "b1"."bin_id" AS "bin_id",
    "b2"."base_price" AS "base_price",
    "b4"."product_id" AS "product_id"
FROM (((("b0" INNER JOIN "b1" ON ("b0"."__endpoint_warehousebin_0" = "b1"."__reference_0" AND "b0"."__endpoint_warehousebin_1" = "b1"."__reference_1")) INNER JOIN "b2" ON ("b0"."__endpoint_product_0" = "b2"."__reference_0")) INNER JOIN "b3" ON ("b3"."__endpoint_bundle_product_id_0" = "b2"."__reference_0")) INNER JOIN "b4" ON ("b3"."__endpoint_product_id_0" = "b4"."__reference_0"))
WHERE ("b4"."is_active" >= 1);
                                                                        QUERY PLAN                                                                        
----------------------------------------------------------------------------------------------------------------------------------------------------------
 Gather  (cost=155418.54..417706.60 rows=31705 width=12) (actual rows=2229497 loops=1)
   Workers Planned: 2
   Workers Launched: 0
   Buffers: shared hit=257434711 read=4616770, temp read=50676 written=50700
   ->  Nested Loop  (cost=154418.54..413536.10 rows=13210 width=12) (actual rows=2229497 loops=1)
         Buffers: shared hit=257434711 read=4616770, temp read=50676 written=50700
         ->  Nested Loop  (cost=154418.25..231557.44 rows=2398 width=16) (actual rows=2229497 loops=1)
               Buffers: shared hit=139119031 read=2539612, temp read=50676 written=50700
               ->  Parallel Hash Join  (cost=154417.96..188594.62 rows=565 width=16) (actual rows=2621719 loops=1)
                     Hash Cond: (source_23.bundle_product_product_id = source.product_id)
                     Buffers: shared read=85817, temp read=50676 written=50700
                     ->  Parallel Seq Scan on relation_48 source_23  (cost=0.00..28925.32 rows=1399732 width=8) (actual rows=3359356 loops=1)
                           Buffers: shared read=14928
                     ->  Parallel Hash  (cost=154411.56..154411.56 rows=512 width=8) (actual rows=13100150 loops=1)
                           Buckets: 2097152 (originally 2048)  Batches: 8 (originally 1)  Memory Usage: 80544kB
                           Buffers: shared read=70889, temp written=39200
                           ->  Hash Join  (cost=358.20..154411.56 rows=512 width=8) (actual rows=13100150 loops=1)
                                 Hash Cond: ((source.warehouse_id = source_1.warehouse_id) AND (source.bin_id = source_1.bin_id))
                                 Buffers: shared read=70889
                                 ->  Parallel Seq Scan on relation_54 source  (cost=0.00..125397.88 rows=5458188 width=12) (actual rows=13100150 loops=1)
                                       Buffers: shared read=70816
                                 ->  Hash  (cost=187.08..187.08 rows=11408 width=8) (actual rows=11408 loops=1)
                                       Buckets: 16384  Batches: 1  Memory Usage: 574kB
                                       Buffers: shared read=73
                                       ->  Seq Scan on relation_42 source_1  (cost=0.00..187.08 rows=11408 width=8) (actual rows=11408 loops=1)
                                             Buffers: shared read=73
               ->  Append  (cost=0.29..75.83 rows=21 width=8) (actual rows=1 loops=2621719)
                     Buffers: shared hit=139119031 read=2453795
                     ->  Index Scan using relation_1_pkey on relation_1 source_24  (cost=0.29..3.49 rows=1 width=8) (actual rows=0 loops=2621719)
                           Index Cond: (product_id = source_23.product_id)
                           Filter: (is_active >= 1)
                           Rows Removed by Filter: 0
                           Buffers: shared hit=5244403 read=8635
                     ->  Index Scan using relation_2_pkey on relation_2 source_25  (cost=0.29..3.52 rows=1 width=8) (actual rows=0 loops=2621719)
                           Index Cond: (physicalproduct_id = source_23.product_id)
                           Filter: (is_active >= 1)
                           Rows Removed by Filter: 0
                           Buffers: shared hit=5244810 read=12198
                     ->  Index Scan using relation_4_pkey on relation_4 source_26  (cost=0.43..3.95 rows=1 width=8) (actual rows=0 loops=2621719)
                           Index Cond: (electronics_id = source_23.product_id)
                           Filter: (is_active >= 1)
                           Rows Removed by Filter: 0
                           Buffers: shared hit=7950383 read=1318952
                     ->  Index Scan using relation_5_pkey on relation_5 source_27  (cost=0.29..3.51 rows=1 width=8) (actual rows=0 loops=2621719)
                           Index Cond: (computer_id = source_23.product_id)
                           Filter: (is_active >= 1)
                           Rows Removed by Filter: 0
                           Buffers: shared hit=5244842 read=15383
                     ->  Index Scan using relation_6_pkey on relation_6 source_28  (cost=0.43..3.72 rows=1 width=8) (actual rows=0 loops=2621719)
                           Index Cond: (desktop_id = source_23.product_id)
                           Filter: (is_active >= 1)
                           Rows Removed by Filter: 0
                           Buffers: shared hit=7883926 read=274758
                     ->  Index Scan using relation_7_pkey on relation_7 source_29  (cost=0.42..3.64 rows=1 width=8) (actual rows=0 loops=2621719)
                           Index Cond: (laptop_id = source_23.product_id)
                           Filter: (is_active >= 1)
                           Rows Removed by Filter: 0
                           Buffers: shared hit=7867085 read=19982
                     ->  Index Scan using relation_8_pkey on relation_8 source_30  (cost=0.29..3.51 rows=1 width=8) (actual rows=0 loops=2621719)
                           Index Cond: (tablet_id = source_23.product_id)
                           Filter: (is_active >= 1)
                           Rows Removed by Filter: 0
                           Buffers: shared hit=5244981 read=14151
                     ->  Index Scan using relation_9_pkey on relation_9 source_31  (cost=0.42..3.66 rows=1 width=8) (actual rows=0 loops=2621719)
                           Index Cond: (smartwatch_id = source_23.product_id)
                           Filter: (is_active >= 1)
                           Rows Removed by Filter: 0
                           Buffers: shared hit=7869638 read=68672
                     ->  Index Scan using relation_10_pkey on relation_10 source_32  (cost=0.42..3.64 rows=1 width=8) (actual rows=0 loops=2621719)
                           Index Cond: (camera_id = source_23.product_id)
                           Filter: (is_active >= 1)
                           Rows Removed by Filter: 0
                           Buffers: shared hit=7867546 read=24007
                     ->  Index Scan using relation_11_pkey on relation_11 source_33  (cost=0.42..3.67 rows=1 width=8) (actual rows=0 loops=2621719)
                           Index Cond: (phone_id = source_23.product_id)
                           Filter: (is_active >= 1)
                           Rows Removed by Filter: 0
                           Buffers: shared hit=7872145 read=98454
                     ->  Index Scan using relation_12_pkey on relation_12 source_34  (cost=0.29..3.52 rows=1 width=8) (actual rows=0 loops=2621719)
                           Index Cond: (accessory_id = source_23.product_id)
                           Filter: (is_active >= 1)
                           Rows Removed by Filter: 0
                           Buffers: shared hit=5245568 read=20221
                     ->  Index Scan using relation_13_pkey on relation_13 source_35  (cost=0.29..3.51 rows=1 width=8) (actual rows=0 loops=2621719)
                           Index Cond: (appliance_id = source_23.product_id)
                           Filter: (is_active >= 1)
                           Rows Removed by Filter: 0
                           Buffers: shared hit=5244094 read=8810
                     ->  Index Scan using relation_14_pkey on relation_14 source_36  (cost=0.42..3.65 rows=1 width=8) (actual rows=0 loops=2621719)
                           Index Cond: (kitchenappliance_id = source_23.product_id)
                           Filter: (is_active >= 1)
                           Rows Removed by Filter: 0
                           Buffers: shared hit=7868582 read=38255
                     ->  Index Scan using relation_15_pkey on relation_15 source_37  (cost=0.42..3.66 rows=1 width=8) (actual rows=0 loops=2621719)
                           Index Cond: (apparel_id = source_23.product_id)
                           Filter: (is_active >= 1)
                           Rows Removed by Filter: 0
                           Buffers: shared hit=7868722 read=54043
                     ->  Index Scan using relation_16_pkey on relation_16 source_38  (cost=0.42..3.66 rows=1 width=8) (actual rows=0 loops=2621719)
                           Index Cond: (clothing_id = source_23.product_id)
                           Filter: (is_active >= 1)
                           Rows Removed by Filter: 0
                           Buffers: shared hit=7868040 read=43373
                     ->  Index Scan using relation_17_pkey on relation_17 source_39  (cost=0.43..3.71 rows=1 width=8) (actual rows=0 loops=2621719)
                           Index Cond: (menclothing_id = source_23.product_id)
                           Filter: (is_active >= 1)
                           Rows Removed by Filter: 0
                           Buffers: shared hit=7881116 read=247741
                     ->  Index Scan using relation_18_pkey on relation_18 source_40  (cost=0.29..3.51 rows=1 width=8) (actual rows=0 loops=2621719)
                           Index Cond: (womenclothing_id = source_23.product_id)
                           Filter: (is_active >= 1)
                           Rows Removed by Filter: 0
                           Buffers: shared hit=5245170 read=16431
                     ->  Index Scan using relation_19_pkey on relation_19 source_41  (cost=0.29..3.49 rows=1 width=8) (actual rows=0 loops=2621719)
                           Index Cond: (footwear_id = source_23.product_id)
                           Filter: (is_active >= 1)
                           Rows Removed by Filter: 0
                           Buffers: shared hit=5243819 read=4058
                     ->  Index Scan using relation_3_pkey on relation_3 source_42  (cost=0.29..3.52 rows=1 width=8) (actual rows=0 loops=2621719)
                           Index Cond: (digitalproduct_id = source_23.product_id)
                           Filter: (is_active >= 1)
                           Rows Removed by Filter: 0
                           Buffers: shared hit=5244536 read=9533
                     ->  Index Scan using relation_20_pkey on relation_20 source_43  (cost=0.43..3.69 rows=1 width=8) (actual rows=0 loops=2621719)
                           Index Cond: (media_id = source_23.product_id)
                           Filter: (is_active >= 1)
                           Rows Removed by Filter: 0
                           Buffers: shared hit=7875905 read=154023
                     ->  Index Scan using relation_21_pkey on relation_21 source_44  (cost=0.29..3.48 rows=1 width=8) (actual rows=0 loops=2621719)
                           Index Cond: (software_id = source_23.product_id)
                           Filter: (is_active >= 1)
                           Rows Removed by Filter: 0
                           Buffers: shared hit=5243720 read=2115
         ->  Append  (cost=0.29..75.68 rows=21 width=8) (actual rows=1 loops=2229497)
               Buffers: shared hit=118315680 read=2077158
               ->  Index Scan using relation_1_pkey on relation_1 source_2  (cost=0.29..3.49 rows=1 width=8) (actual rows=0 loops=2229497)
                     Index Cond: (product_id = source.product_id)
                     Buffers: shared hit=4459921 read=7487
               ->  Index Scan using relation_2_pkey on relation_2 source_3  (cost=0.29..3.52 rows=1 width=8) (actual rows=0 loops=2229497)
                     Index Cond: (physicalproduct_id = source.product_id)
                     Buffers: shared hit=4460256 read=10194
               ->  Index Scan using relation_4_pkey on relation_4 source_4  (cost=0.43..3.90 rows=1 width=8) (actual rows=1 loops=2229497)
                     Index Cond: (electronics_id = source.product_id)
                     Buffers: shared hit=6765953 read=1118791
               ->  Index Scan using relation_5_pkey on relation_5 source_5  (cost=0.29..3.51 rows=1 width=8) (actual rows=0 loops=2229497)
                     Index Cond: (computer_id = source.product_id)
                     Buffers: shared hit=4460300 read=13013
               ->  Index Scan using relation_6_pkey on relation_6 source_6  (cost=0.43..3.70 rows=1 width=8) (actual rows=0 loops=2229497)
                     Index Cond: (desktop_id = source.product_id)
                     Buffers: shared hit=6706004 read=232919
               ->  Index Scan using relation_7_pkey on relation_7 source_7  (cost=0.42..3.64 rows=1 width=8) (actual rows=0 loops=2229497)
                     Index Cond: (laptop_id = source.product_id)
                     Buffers: shared hit=6690149 read=16902
               ->  Index Scan using relation_8_pkey on relation_8 source_8  (cost=0.29..3.51 rows=1 width=8) (actual rows=0 loops=2229497)
                     Index Cond: (tablet_id = source.product_id)
                     Buffers: shared hit=4460360 read=12009
               ->  Index Scan using relation_9_pkey on relation_9 source_9  (cost=0.42..3.66 rows=1 width=8) (actual rows=0 loops=2229497)
                     Index Cond: (smartwatch_id = source.product_id)
                     Buffers: shared hit=6692588 read=58498
               ->  Index Scan using relation_10_pkey on relation_10 source_10  (cost=0.42..3.64 rows=1 width=8) (actual rows=0 loops=2229497)
                     Index Cond: (camera_id = source.product_id)
                     Buffers: shared hit=6690748 read=20259
               ->  Index Scan using relation_11_pkey on relation_11 source_11  (cost=0.42..3.67 rows=1 width=8) (actual rows=0 loops=2229497)
                     Index Cond: (phone_id = source.product_id)
                     Buffers: shared hit=6694458 read=83687
               ->  Index Scan using relation_12_pkey on relation_12 source_12  (cost=0.29..3.51 rows=1 width=8) (actual rows=0 loops=2229497)
                     Index Cond: (accessory_id = source.product_id)
                     Buffers: shared hit=4460928 read=17416
               ->  Index Scan using relation_13_pkey on relation_13 source_13  (cost=0.29..3.51 rows=1 width=8) (actual rows=0 loops=2229497)
                     Index Cond: (appliance_id = source.product_id)
                     Buffers: shared hit=4459446 read=7436
               ->  Index Scan using relation_14_pkey on relation_14 source_14  (cost=0.42..3.65 rows=1 width=8) (actual rows=0 loops=2229497)
                     Index Cond: (kitchenappliance_id = source.product_id)
                     Buffers: shared hit=6691276 read=31487
               ->  Index Scan using relation_15_pkey on relation_15 source_15  (cost=0.42..3.65 rows=1 width=8) (actual rows=0 loops=2229497)
                     Index Cond: (apparel_id = source.product_id)
                     Buffers: shared hit=6691721 read=45500
               ->  Index Scan using relation_16_pkey on relation_16 source_16  (cost=0.42..3.65 rows=1 width=8) (actual rows=0 loops=2229497)
                     Index Cond: (clothing_id = source.product_id)
                     Buffers: shared hit=6691005 read=36403
               ->  Index Scan using relation_17_pkey on relation_17 source_17  (cost=0.43..3.70 rows=1 width=8) (actual rows=0 loops=2229497)
                     Index Cond: (menclothing_id = source.product_id)
                     Buffers: shared hit=6703559 read=208541
               ->  Index Scan using relation_18_pkey on relation_18 source_18  (cost=0.29..3.51 rows=1 width=8) (actual rows=0 loops=2229497)
                     Index Cond: (womenclothing_id = source.product_id)
                     Buffers: shared hit=4460557 read=13750
               ->  Index Scan using relation_19_pkey on relation_19 source_19  (cost=0.29..3.48 rows=1 width=8) (actual rows=0 loops=2229497)
                     Index Cond: (footwear_id = source.product_id)
                     Buffers: shared hit=4459361 read=3375
               ->  Index Scan using relation_3_pkey on relation_3 source_20  (cost=0.29..3.51 rows=1 width=8) (actual rows=0 loops=2229497)
                     Index Cond: (digitalproduct_id = source.product_id)
                     Buffers: shared hit=4459803 read=7926
               ->  Index Scan using relation_20_pkey on relation_20 source_21  (cost=0.43..3.68 rows=1 width=8) (actual rows=0 loops=2229497)
                     Index Cond: (media_id = source.product_id)
                     Buffers: shared hit=6698065 read=129721
               ->  Index Scan using relation_21_pkey on relation_21 source_22  (cost=0.29..3.48 rows=1 width=8) (actual rows=0 loops=2229497)
                     Index Cond: (software_id = source.product_id)
                     Buffers: shared hit=4459222 read=1844
 Planning:
   Buffers: shared hit=3 read=11
 Planning Time: 18.951 ms
 JIT:
   Functions: 277
   Options: Inlining false, Optimization false, Expressions true, Deforming true
 Execution Time: 66298.873 ms
(205 rows)

-- Q062 [weak_owner] occurrence 1/1
-- Original E/R: SELECT w.wishlist_name, o.loyalty_tier FROM Wishlist w JOIN Customer o ON OWNER(w) = REF(o) WHERE w.wishlist_name > 'default';
EXPLAIN (ANALYZE, BUFFERS, TIMING OFF, SUMMARY ON, FORMAT TEXT)
WITH
"b0" AS (
    SELECT
        "source"."wishlist_name" AS "wishlist_name",
        "source"."customer_id" AS "__owner_0"
    FROM "relation_34" AS "source"
),
"b1" AS (
    SELECT
        "source"."loyalty_tier" AS "loyalty_tier",
        "source"."customer_id" AS "__reference_0"
    FROM "relation_23" AS "source"
    UNION ALL
    SELECT
        "source"."loyalty_tier" AS "loyalty_tier",
        "source"."primecustomer_id" AS "__reference_0"
    FROM "relation_24" AS "source"
    UNION ALL
    SELECT
        "source"."loyalty_tier" AS "loyalty_tier",
        "source"."businesscustomer_id" AS "__reference_0"
    FROM "relation_25" AS "source"
)
SELECT 
    "b0"."wishlist_name" AS "wishlist_name",
    "b1"."loyalty_tier" AS "loyalty_tier"
FROM ("b0" INNER JOIN "b1" ON ("b0"."__owner_0" = "b1"."__reference_0"))
WHERE ("b0"."wishlist_name" > 'default');
                                                      QUERY PLAN                                                       
-----------------------------------------------------------------------------------------------------------------------
 Hash Join  (cost=1099.15..58591.11 rows=479149 width=14) (actual rows=20919 loops=1)
   Hash Cond: (source_1.customer_id = source.customer_id)
   Buffers: shared read=33519
   ->  Append  (cost=0.00..48811.78 rows=1036985 width=10) (actual rows=1036985 loops=1)
         Buffers: shared read=33257
         ->  Seq Scan on relation_23 source_1  (cost=0.00..1457.85 rows=36985 width=10) (actual rows=36985 loops=1)
               Buffers: shared read=1088
         ->  Seq Scan on relation_24 source_2  (cost=0.00..4713.00 rows=100000 width=10) (actual rows=100000 loops=1)
               Buffers: shared read=3713
         ->  Seq Scan on relation_25 source_3  (cost=0.00..37456.00 rows=900000 width=10) (actual rows=900000 loops=1)
               Buffers: shared read=28456
   ->  Hash  (cost=839.90..839.90 rows=20740 width=12) (actual rows=20919 loops=1)
         Buckets: 32768  Batches: 1  Memory Usage: 1179kB
         Buffers: shared read=262
         ->  Seq Scan on relation_34 source  (cost=0.00..839.90 rows=20740 width=12) (actual rows=20919 loops=1)
               Filter: ((wishlist_name)::text > 'default'::text)
               Rows Removed by Filter: 25313
               Buffers: shared read=262
 Planning Time: 0.120 ms
 Execution Time: 137.303 ms
(20 rows)

-- Q063 [relationship_join] occurrence 1/1
-- Original E/R: SELECT e1.status, e1.placed_at, e2.sku FROM order_items r JOIN CustOrder e1 ON ENDPOINT(r, CustOrder) = REF(e1) JOIN Product e2 ON ENDPOINT(r, Product) = REF(e2) WHERE e1.status >= 'paid';
EXPLAIN (ANALYZE, BUFFERS, TIMING OFF, SUMMARY ON, FORMAT TEXT)
WITH
"b0" AS (
    SELECT
        "source"."custorder_id" AS "__endpoint_custorder_0",
        "source"."product_id" AS "__endpoint_product_0"
    FROM "relation_52" AS "source"
),
"b1" AS (
    SELECT
        "source"."placed_at" AS "placed_at",
        "source"."status" AS "status",
        "source"."custorder_id" AS "__reference_0"
    FROM "relation_37" AS "source"
),
"b2" AS (
    SELECT
        "source"."sku" AS "sku",
        "source"."product_id" AS "__reference_0"
    FROM "relation_1" AS "source"
    UNION ALL
    SELECT
        "source"."sku" AS "sku",
        "source"."physicalproduct_id" AS "__reference_0"
    FROM "relation_2" AS "source"
    UNION ALL
    SELECT
        "source"."sku" AS "sku",
        "source"."electronics_id" AS "__reference_0"
    FROM "relation_4" AS "source"
    UNION ALL
    SELECT
        "source"."sku" AS "sku",
        "source"."computer_id" AS "__reference_0"
    FROM "relation_5" AS "source"
    UNION ALL
    SELECT
        "source"."sku" AS "sku",
        "source"."desktop_id" AS "__reference_0"
    FROM "relation_6" AS "source"
    UNION ALL
    SELECT
        "source"."sku" AS "sku",
        "source"."laptop_id" AS "__reference_0"
    FROM "relation_7" AS "source"
    UNION ALL
    SELECT
        "source"."sku" AS "sku",
        "source"."tablet_id" AS "__reference_0"
    FROM "relation_8" AS "source"
    UNION ALL
    SELECT
        "source"."sku" AS "sku",
        "source"."smartwatch_id" AS "__reference_0"
    FROM "relation_9" AS "source"
    UNION ALL
    SELECT
        "source"."sku" AS "sku",
        "source"."camera_id" AS "__reference_0"
    FROM "relation_10" AS "source"
    UNION ALL
    SELECT
        "source"."sku" AS "sku",
        "source"."phone_id" AS "__reference_0"
    FROM "relation_11" AS "source"
    UNION ALL
    SELECT
        "source"."sku" AS "sku",
        "source"."accessory_id" AS "__reference_0"
    FROM "relation_12" AS "source"
    UNION ALL
    SELECT
        "source"."sku" AS "sku",
        "source"."appliance_id" AS "__reference_0"
    FROM "relation_13" AS "source"
    UNION ALL
    SELECT
        "source"."sku" AS "sku",
        "source"."kitchenappliance_id" AS "__reference_0"
    FROM "relation_14" AS "source"
    UNION ALL
    SELECT
        "source"."sku" AS "sku",
        "source"."apparel_id" AS "__reference_0"
    FROM "relation_15" AS "source"
    UNION ALL
    SELECT
        "source"."sku" AS "sku",
        "source"."clothing_id" AS "__reference_0"
    FROM "relation_16" AS "source"
    UNION ALL
    SELECT
        "source"."sku" AS "sku",
        "source"."menclothing_id" AS "__reference_0"
    FROM "relation_17" AS "source"
    UNION ALL
    SELECT
        "source"."sku" AS "sku",
        "source"."womenclothing_id" AS "__reference_0"
    FROM "relation_18" AS "source"
    UNION ALL
    SELECT
        "source"."sku" AS "sku",
        "source"."footwear_id" AS "__reference_0"
    FROM "relation_19" AS "source"
    UNION ALL
    SELECT
        "source"."sku" AS "sku",
        "source"."digitalproduct_id" AS "__reference_0"
    FROM "relation_3" AS "source"
    UNION ALL
    SELECT
        "source"."sku" AS "sku",
        "source"."media_id" AS "__reference_0"
    FROM "relation_20" AS "source"
    UNION ALL
    SELECT
        "source"."sku" AS "sku",
        "source"."software_id" AS "__reference_0"
    FROM "relation_21" AS "source"
)
SELECT 
    "b1"."status" AS "status",
    "b1"."placed_at" AS "placed_at",
    "b2"."sku" AS "sku"
FROM (("b0" INNER JOIN "b1" ON ("b0"."__endpoint_custorder_0" = "b1"."__reference_0")) INNER JOIN "b2" ON ("b0"."__endpoint_product_0" = "b2"."__reference_0"))
WHERE ("b1"."status" >= 'paid');
                                                           QUERY PLAN                                                           
--------------------------------------------------------------------------------------------------------------------------------
 Hash Join  (cost=5397.91..786129.50 rows=7122954 width=38) (actual rows=43729 loops=1)
   Hash Cond: (source_2.product_id = source.product_id)
   Buffers: shared hit=1851 read=394840
   ->  Append  (cost=0.00..646516.84 rows=16796056 width=22) (actual rows=16796782 loops=1)
         Buffers: shared hit=1851 read=392725
         ->  Seq Scan on relation_1 source_2  (cost=0.00..1902.99 rows=61999 width=22) (actual rows=61999 loops=1)
               Buffers: shared hit=15 read=1268
         ->  Seq Scan on relation_2 source_3  (cost=0.00..2770.65 rows=85865 width=22) (actual rows=85865 loops=1)
               Buffers: shared hit=12 read=1900
         ->  Seq Scan on relation_4 source_4  (cost=0.00..295054.61 rows=9003261 width=22) (actual rows=9004045 loops=1)
               Buffers: shared hit=1494 read=203528
         ->  Seq Scan on relation_5 source_5  (cost=0.00..3684.90 rows=107190 width=22) (actual rows=107190 loops=1)
               Buffers: shared hit=15 read=2598
         ->  Seq Scan on relation_6 source_6  (cost=0.00..66884.60 rows=1877960 width=22) (actual rows=1877778 loops=1)
               Buffers: shared hit=251 read=47854
         ->  Seq Scan on relation_7 source_7  (cost=0.00..4873.70 rows=139670 width=22) (actual rows=139670 loops=1)
               Buffers: shared hit=14 read=3463
         ->  Seq Scan on relation_8 source_8  (cost=0.00..3329.00 rows=100000 width=22) (actual rows=100000 loops=1)
               Buffers: shared hit=7 read=2322
         ->  Seq Scan on relation_9 source_9  (cost=0.00..15630.45 rows=469445 width=22) (actual rows=469445 loops=1)
               Buffers: shared hit=22 read=10914
         ->  Seq Scan on relation_10 source_10  (cost=0.00..5626.01 rows=169001 width=22) (actual rows=169001 loops=1)
               Buffers: shared hit=3 read=3933
         ->  Seq Scan on relation_11 source_11  (cost=0.00..23109.01 rows=676001 width=22) (actual rows=676001 loops=1)
               Buffers: shared hit=16 read=16333
         ->  Seq Scan on relation_12 source_12  (cost=0.00..4899.98 rows=144898 width=22) (actual rows=144898 loops=1)
               Buffers: shared hit=1 read=3450
         ->  Seq Scan on relation_13 source_13  (cost=0.00..1970.20 rows=60120 width=22) (actual rows=60120 loops=1)
               Buffers: shared read=1369
         ->  Seq Scan on relation_14 source_14  (cost=0.00..8787.63 rows=264063 width=22) (actual rows=264063 loops=1)
               Buffers: shared read=6147
         ->  Seq Scan on relation_15 source_15  (cost=0.00..11989.62 rows=364762 width=22) (actual rows=364762 loops=1)
               Buffers: shared read=8342
         ->  Seq Scan on relation_16 source_16  (cost=0.00..10062.82 rows=297982 width=22) (actual rows=297982 loops=1)
               Buffers: shared hit=1 read=7082
         ->  Seq Scan on relation_17 source_17  (cost=0.00..58719.76 rows=1689876 width=22) (actual rows=1690000 loops=1)
               Buffers: shared read=41821
         ->  Seq Scan on relation_18 source_18  (cost=0.00..4075.62 rows=117362 width=22) (actual rows=117362 loops=1)
               Buffers: shared read=2902
         ->  Seq Scan on relation_19 source_19  (cost=0.00..967.42 rows=28642 width=22) (actual rows=28642 loops=1)
               Buffers: shared read=681
         ->  Seq Scan on relation_3 source_20  (cost=0.00..2194.09 rows=66709 width=22) (actual rows=66709 loops=1)
               Buffers: shared read=1527
         ->  Seq Scan on relation_20 source_21  (cost=0.00..35487.50 rows=1056250 width=22) (actual rows=1056250 loops=1)
               Buffers: shared read=24925
         ->  Seq Scan on relation_21 source_22  (cost=0.00..516.00 rows=15000 width=22) (actual rows=15000 loops=1)
               Buffers: shared read=366
   ->  Hash  (cost=4851.18..4851.18 rows=43738 width=24) (actual rows=43729 loops=1)
         Buckets: 65536  Batches: 1  Memory Usage: 2877kB
         Buffers: shared read=2115
         ->  Hash Join  (cost=3081.12..4851.18 rows=43738 width=24) (actual rows=43729 loops=1)
               Hash Cond: (source.custorder_id = source_1.custorder_id)
               Buffers: shared read=2115
               ->  Seq Scan on relation_52 source  (cost=0.00..1497.66 rows=103766 width=8) (actual rows=103766 loops=1)
                     Buffers: shared read=460
               ->  Hash  (cost=2658.25..2658.25 rows=33830 width=24) (actual rows=33706 loops=1)
                     Buckets: 65536  Batches: 1  Memory Usage: 2365kB
                     Buffers: shared read=1655
                     ->  Seq Scan on relation_37 source_1  (cost=0.00..2658.25 rows=33830 width=24) (actual rows=33706 loops=1)
                           Filter: ((status)::text >= 'paid'::text)
                           Rows Removed by Filter: 46554
                           Buffers: shared read=1655
 Planning:
   Buffers: shared hit=4 read=10
 Planning Time: 0.385 ms
 JIT:
   Functions: 61
   Options: Inlining true, Optimization true, Expressions true, Deforming true
 Execution Time: 2001.315 ms
(69 rows)

-- Q064 [selection_projection] occurrence 1/1
-- Original E/R: SELECT e.product_id FROM Footwear e WHERE e.product_id >= 15719843;
EXPLAIN (ANALYZE, BUFFERS, TIMING OFF, SUMMARY ON, FORMAT TEXT)
WITH
"b0" AS (
    SELECT
        "source"."footwear_id" AS "product_id"
    FROM "relation_19" AS "source"
)
SELECT 
    "b0"."product_id" AS "product_id"
FROM "b0"
WHERE ("b0"."product_id" >= 15719843);
                                                           QUERY PLAN                                                           
--------------------------------------------------------------------------------------------------------------------------------
 Index Only Scan using relation_19_pkey on relation_19 source  (cost=0.29..167.84 rows=5689 width=4) (actual rows=5690 loops=1)
   Index Cond: (footwear_id >= 15719843)
   Heap Fetches: 0
   Buffers: shared hit=2 read=17
 Planning Time: 0.044 ms
 Execution Time: 0.281 ms
(6 rows)

-- Q065 [relationship_join] occurrence 1/1
-- Original E/R: SELECT e1.product_name, e1.quantity, e2.product_id FROM bought_together r JOIN Product e1 ON ENDPOINT(r, product_id) = REF(e1) JOIN Product e2 ON ENDPOINT(r, bought_together_product_id) = REF(e2) WHERE e1.quantity >= 30;
EXPLAIN (ANALYZE, BUFFERS, TIMING OFF, SUMMARY ON, FORMAT TEXT)
WITH
"b0" AS (
    SELECT
        "source"."bought_together_product_product_id" AS "__endpoint_bought_together_product_id_0",
        "source"."product_id" AS "__endpoint_product_id_0"
    FROM "relation_49" AS "source"
),
"b1" AS (
    SELECT
        "source"."product_name" AS "product_name",
        "source"."quantity" AS "quantity",
        "source"."product_id" AS "__reference_0"
    FROM "relation_1" AS "source"
    UNION ALL
    SELECT
        "source"."product_name" AS "product_name",
        "source"."quantity" AS "quantity",
        "source"."physicalproduct_id" AS "__reference_0"
    FROM "relation_2" AS "source"
    UNION ALL
    SELECT
        "source"."product_name" AS "product_name",
        "source"."quantity" AS "quantity",
        "source"."electronics_id" AS "__reference_0"
    FROM "relation_4" AS "source"
    UNION ALL
    SELECT
        "source"."product_name" AS "product_name",
        "source"."quantity" AS "quantity",
        "source"."computer_id" AS "__reference_0"
    FROM "relation_5" AS "source"
    UNION ALL
    SELECT
        "source"."product_name" AS "product_name",
        "source"."quantity" AS "quantity",
        "source"."desktop_id" AS "__reference_0"
    FROM "relation_6" AS "source"
    UNION ALL
    SELECT
        "source"."product_name" AS "product_name",
        "source"."quantity" AS "quantity",
        "source"."laptop_id" AS "__reference_0"
    FROM "relation_7" AS "source"
    UNION ALL
    SELECT
        "source"."product_name" AS "product_name",
        "source"."quantity" AS "quantity",
        "source"."tablet_id" AS "__reference_0"
    FROM "relation_8" AS "source"
    UNION ALL
    SELECT
        "source"."product_name" AS "product_name",
        "source"."quantity" AS "quantity",
        "source"."smartwatch_id" AS "__reference_0"
    FROM "relation_9" AS "source"
    UNION ALL
    SELECT
        "source"."product_name" AS "product_name",
        "source"."quantity" AS "quantity",
        "source"."camera_id" AS "__reference_0"
    FROM "relation_10" AS "source"
    UNION ALL
    SELECT
        "source"."product_name" AS "product_name",
        "source"."quantity" AS "quantity",
        "source"."phone_id" AS "__reference_0"
    FROM "relation_11" AS "source"
    UNION ALL
    SELECT
        "source"."product_name" AS "product_name",
        "source"."quantity" AS "quantity",
        "source"."accessory_id" AS "__reference_0"
    FROM "relation_12" AS "source"
    UNION ALL
    SELECT
        "source"."product_name" AS "product_name",
        "source"."quantity" AS "quantity",
        "source"."appliance_id" AS "__reference_0"
    FROM "relation_13" AS "source"
    UNION ALL
    SELECT
        "source"."product_name" AS "product_name",
        "source"."quantity" AS "quantity",
        "source"."kitchenappliance_id" AS "__reference_0"
    FROM "relation_14" AS "source"
    UNION ALL
    SELECT
        "source"."product_name" AS "product_name",
        "source"."quantity" AS "quantity",
        "source"."apparel_id" AS "__reference_0"
    FROM "relation_15" AS "source"
    UNION ALL
    SELECT
        "source"."product_name" AS "product_name",
        "source"."quantity" AS "quantity",
        "source"."clothing_id" AS "__reference_0"
    FROM "relation_16" AS "source"
    UNION ALL
    SELECT
        "source"."product_name" AS "product_name",
        "source"."quantity" AS "quantity",
        "source"."menclothing_id" AS "__reference_0"
    FROM "relation_17" AS "source"
    UNION ALL
    SELECT
        "source"."product_name" AS "product_name",
        "source"."quantity" AS "quantity",
        "source"."womenclothing_id" AS "__reference_0"
    FROM "relation_18" AS "source"
    UNION ALL
    SELECT
        "source"."product_name" AS "product_name",
        "source"."quantity" AS "quantity",
        "source"."footwear_id" AS "__reference_0"
    FROM "relation_19" AS "source"
    UNION ALL
    SELECT
        "source"."product_name" AS "product_name",
        "source"."quantity" AS "quantity",
        "source"."digitalproduct_id" AS "__reference_0"
    FROM "relation_3" AS "source"
    UNION ALL
    SELECT
        "source"."product_name" AS "product_name",
        "source"."quantity" AS "quantity",
        "source"."media_id" AS "__reference_0"
    FROM "relation_20" AS "source"
    UNION ALL
    SELECT
        "source"."product_name" AS "product_name",
        "source"."quantity" AS "quantity",
        "source"."software_id" AS "__reference_0"
    FROM "relation_21" AS "source"
),
"b2" AS (
    SELECT
        "source"."product_id" AS "product_id",
        "source"."product_id" AS "__reference_0"
    FROM "relation_1" AS "source"
    UNION ALL
    SELECT
        "source"."physicalproduct_id" AS "product_id",
        "source"."physicalproduct_id" AS "__reference_0"
    FROM "relation_2" AS "source"
    UNION ALL
    SELECT
        "source"."electronics_id" AS "product_id",
        "source"."electronics_id" AS "__reference_0"
    FROM "relation_4" AS "source"
    UNION ALL
    SELECT
        "source"."computer_id" AS "product_id",
        "source"."computer_id" AS "__reference_0"
    FROM "relation_5" AS "source"
    UNION ALL
    SELECT
        "source"."desktop_id" AS "product_id",
        "source"."desktop_id" AS "__reference_0"
    FROM "relation_6" AS "source"
    UNION ALL
    SELECT
        "source"."laptop_id" AS "product_id",
        "source"."laptop_id" AS "__reference_0"
    FROM "relation_7" AS "source"
    UNION ALL
    SELECT
        "source"."tablet_id" AS "product_id",
        "source"."tablet_id" AS "__reference_0"
    FROM "relation_8" AS "source"
    UNION ALL
    SELECT
        "source"."smartwatch_id" AS "product_id",
        "source"."smartwatch_id" AS "__reference_0"
    FROM "relation_9" AS "source"
    UNION ALL
    SELECT
        "source"."camera_id" AS "product_id",
        "source"."camera_id" AS "__reference_0"
    FROM "relation_10" AS "source"
    UNION ALL
    SELECT
        "source"."phone_id" AS "product_id",
        "source"."phone_id" AS "__reference_0"
    FROM "relation_11" AS "source"
    UNION ALL
    SELECT
        "source"."accessory_id" AS "product_id",
        "source"."accessory_id" AS "__reference_0"
    FROM "relation_12" AS "source"
    UNION ALL
    SELECT
        "source"."appliance_id" AS "product_id",
        "source"."appliance_id" AS "__reference_0"
    FROM "relation_13" AS "source"
    UNION ALL
    SELECT
        "source"."kitchenappliance_id" AS "product_id",
        "source"."kitchenappliance_id" AS "__reference_0"
    FROM "relation_14" AS "source"
    UNION ALL
    SELECT
        "source"."apparel_id" AS "product_id",
        "source"."apparel_id" AS "__reference_0"
    FROM "relation_15" AS "source"
    UNION ALL
    SELECT
        "source"."clothing_id" AS "product_id",
        "source"."clothing_id" AS "__reference_0"
    FROM "relation_16" AS "source"
    UNION ALL
    SELECT
        "source"."menclothing_id" AS "product_id",
        "source"."menclothing_id" AS "__reference_0"
    FROM "relation_17" AS "source"
    UNION ALL
    SELECT
        "source"."womenclothing_id" AS "product_id",
        "source"."womenclothing_id" AS "__reference_0"
    FROM "relation_18" AS "source"
    UNION ALL
    SELECT
        "source"."footwear_id" AS "product_id",
        "source"."footwear_id" AS "__reference_0"
    FROM "relation_19" AS "source"
    UNION ALL
    SELECT
        "source"."digitalproduct_id" AS "product_id",
        "source"."digitalproduct_id" AS "__reference_0"
    FROM "relation_3" AS "source"
    UNION ALL
    SELECT
        "source"."media_id" AS "product_id",
        "source"."media_id" AS "__reference_0"
    FROM "relation_20" AS "source"
    UNION ALL
    SELECT
        "source"."software_id" AS "product_id",
        "source"."software_id" AS "__reference_0"
    FROM "relation_21" AS "source"
)
SELECT 
    "b1"."product_name" AS "product_name",
    "b1"."quantity" AS "quantity",
    "b2"."product_id" AS "product_id"
FROM (("b0" INNER JOIN "b1" ON ("b0"."__endpoint_product_id_0" = "b1"."__reference_0")) INNER JOIN "b2" ON ("b0"."__endpoint_bought_together_product_id_0" = "b2"."__reference_0"))
WHERE ("b1"."quantity" >= 30);
                                                                      QUERY PLAN                                                                       
-------------------------------------------------------------------------------------------------------------------------------------------------------
 Hash Join  (cost=2003205.92..3688058.38 rows=37508256 width=42) (actual rows=6544940 loops=1)
   Hash Cond: (source_22.product_id = source.bought_together_product_product_id)
   Buffers: shared hit=200432 read=728116, temp read=196575 written=196575
   ->  Append  (cost=0.29..631156.86 rows=16796056 width=8) (actual rows=16796782 loops=1)
         Buffers: shared hit=200430 read=261014
         ->  Index Only Scan using relation_1_pkey on relation_1 source_22  (cost=0.29..1618.28 rows=61999 width=8) (actual rows=61999 loops=1)
               Heap Fetches: 0
               Buffers: shared hit=1 read=171
         ->  Index Only Scan using relation_2_pkey on relation_2 source_23  (cost=0.29..2236.27 rows=85865 width=8) (actual rows=85865 loops=1)
               Heap Fetches: 0
               Buffers: shared read=237
         ->  Seq Scan on relation_4 source_24  (cost=0.00..295054.61 rows=9003261 width=8) (actual rows=9004045 loops=1)
               Buffers: shared read=205022
         ->  Index Only Scan using relation_5_pkey on relation_5 source_25  (cost=0.29..3152.14 rows=107190 width=8) (actual rows=107190 loops=1)
               Heap Fetches: 0
               Buffers: shared read=386
         ->  Index Only Scan using relation_6_pkey on relation_6 source_26  (cost=0.43..62293.83 rows=1877960 width=8) (actual rows=1877778 loops=1)
               Heap Fetches: 0
               Buffers: shared hit=98736 read=8498
         ->  Index Only Scan using relation_7_pkey on relation_7 source_27  (cost=0.42..4135.47 rows=139670 width=8) (actual rows=139670 loops=1)
               Heap Fetches: 0
               Buffers: shared read=509
         ->  Index Only Scan using relation_8_pkey on relation_8 source_28  (cost=0.29..2604.29 rows=100000 width=8) (actual rows=100000 loops=1)
               Heap Fetches: 0
               Buffers: shared read=276
         ->  Seq Scan on relation_9 source_29  (cost=0.00..15630.45 rows=469445 width=8) (actual rows=469445 loops=1)
               Buffers: shared read=10936
         ->  Index Only Scan using relation_10_pkey on relation_10 source_30  (cost=0.42..4399.44 rows=169001 width=8) (actual rows=169001 loops=1)
               Heap Fetches: 0
               Buffers: shared read=465
         ->  Index Only Scan using relation_11_pkey on relation_11 source_31  (cost=0.42..22664.44 rows=676001 width=8) (actual rows=676001 loops=1)
               Heap Fetches: 0
               Buffers: shared read=3118
         ->  Index Only Scan using relation_12_pkey on relation_12 source_32  (cost=0.29..3765.76 rows=144898 width=8) (actual rows=144898 loops=1)
               Heap Fetches: 0
               Buffers: shared read=398
         ->  Seq Scan on relation_13 source_33  (cost=0.00..1970.20 rows=60120 width=8) (actual rows=60120 loops=1)
               Buffers: shared read=1369
         ->  Index Only Scan using relation_14_pkey on relation_14 source_34  (cost=0.42..7753.37 rows=264063 width=8) (actual rows=264063 loops=1)
               Heap Fetches: 0
               Buffers: shared read=945
         ->  Seq Scan on relation_15 source_35  (cost=0.00..11989.62 rows=364762 width=8) (actual rows=364762 loops=1)
               Buffers: shared read=8342
         ->  Seq Scan on relation_16 source_36  (cost=0.00..10062.82 rows=297982 width=8) (actual rows=297982 loops=1)
               Buffers: shared read=7083
         ->  Index Only Scan using relation_17_pkey on relation_17 source_37  (cost=0.43..57112.57 rows=1689876 width=8) (actual rows=1690000 loops=1)
               Heap Fetches: 0
               Buffers: shared hit=101693 read=7909
         ->  Index Only Scan using relation_18_pkey on relation_18 source_38  (cost=0.29..3052.72 rows=117362 width=8) (actual rows=117362 loops=1)
               Heap Fetches: 0
               Buffers: shared read=323
         ->  Index Only Scan using relation_19_pkey on relation_19 source_39  (cost=0.29..753.92 rows=28642 width=8) (actual rows=28642 loops=1)
               Heap Fetches: 0
               Buffers: shared read=81
         ->  Index Only Scan using relation_3_pkey on relation_3 source_40  (cost=0.29..1740.93 rows=66709 width=8) (actual rows=66709 loops=1)
               Heap Fetches: 0
               Buffers: shared read=185
         ->  Index Only Scan using relation_20_pkey on relation_20 source_41  (cost=0.43..34788.18 rows=1056250 width=8) (actual rows=1056250 loops=1)
               Heap Fetches: 0
               Buffers: shared read=4718
         ->  Index Only Scan using relation_21_pkey on relation_21 source_42  (cost=0.29..397.29 rows=15000 width=8) (actual rows=15000 loops=1)
               Heap Fetches: 0
               Buffers: shared read=43
   ->  Hash  (cost=1643537.48..1643537.48 rows=16894492 width=42) (actual rows=6544940 loops=1)
         Buckets: 2097152  Batches: 16  Memory Usage: 46872kB
         Buffers: shared hit=2 read=467102, temp read=94840 written=142736
         ->  Hash Join  (cost=504987.24..1643537.48 rows=16894492 width=42) (actual rows=6544940 loops=1)
               Hash Cond: (source_1.product_id = source.product_id)
               Buffers: shared hit=2 read=467102, temp read=94840 written=94840
               ->  Append  (cost=0.00..637924.63 rows=6679586 width=42) (actual rows=6712212 loops=1)
                     Buffers: shared hit=2 read=394574
                     ->  Seq Scan on relation_1 source_1  (cost=0.00..2057.99 rows=24911 width=42) (actual rows=24735 loops=1)
                           Filter: (quantity >= 30)
                           Rows Removed by Filter: 37264
                           Buffers: shared read=1283
                     ->  Seq Scan on relation_2 source_2  (cost=0.00..2985.31 rows=34088 width=42) (actual rows=34083 loops=1)
                           Filter: (quantity >= 30)
                           Rows Removed by Filter: 51782
                           Buffers: shared read=1912
                     ->  Seq Scan on relation_4 source_3  (cost=0.00..317562.76 rows=3565824 width=42) (actual rows=3595842 loops=1)
                           Filter: (quantity >= 30)
                           Rows Removed by Filter: 5408203
                           Buffers: shared hit=2 read=205020
                     ->  Seq Scan on relation_5 source_4  (cost=0.00..3952.88 rows=43032 width=42) (actual rows=42781 loops=1)
                           Filter: (quantity >= 30)
                           Rows Removed by Filter: 64409
                           Buffers: shared read=2613
                     ->  Seq Scan on relation_6 source_5  (cost=0.00..71579.50 rows=748040 width=42) (actual rows=751057 loops=1)
                           Filter: (quantity >= 30)
                           Rows Removed by Filter: 1126721
                           Buffers: shared read=48105
                     ->  Seq Scan on relation_7 source_6  (cost=0.00..5222.88 rows=55336 width=42) (actual rows=55661 loops=1)
                           Filter: (quantity >= 30)
                           Rows Removed by Filter: 84009
                           Buffers: shared read=3477
                     ->  Seq Scan on relation_8 source_7  (cost=0.00..3579.00 rows=40226 width=42) (actual rows=40131 loops=1)
                           Filter: (quantity >= 30)
                           Rows Removed by Filter: 59869
                           Buffers: shared read=2329
                     ->  Seq Scan on relation_9 source_8  (cost=0.00..16804.06 rows=187164 width=42) (actual rows=188205 loops=1)
                           Filter: (quantity >= 30)
                           Rows Removed by Filter: 281240
                           Buffers: shared read=10936
                     ->  Seq Scan on relation_10 source_9  (cost=0.00..6048.51 rows=68055 width=42) (actual rows=67789 loops=1)
                           Filter: (quantity >= 30)
                           Rows Removed by Filter: 101212
                           Buffers: shared read=3936
                     ->  Seq Scan on relation_11 source_10  (cost=0.00..24799.01 rows=268908 width=42) (actual rows=270714 loops=1)
                           Filter: (quantity >= 30)
                           Rows Removed by Filter: 405287
                           Buffers: shared read=16349
                     ->  Seq Scan on relation_12 source_11  (cost=0.00..5262.23 rows=57813 width=42) (actual rows=58050 loops=1)
                           Filter: (quantity >= 30)
                           Rows Removed by Filter: 86848
                           Buffers: shared read=3451
                     ->  Seq Scan on relation_13 source_12  (cost=0.00..2120.50 rows=23921 width=42) (actual rows=23907 loops=1)
                           Filter: (quantity >= 30)
                           Rows Removed by Filter: 36213
                           Buffers: shared read=1369
                     ->  Seq Scan on relation_14 source_13  (cost=0.00..9447.79 rows=105438 width=42) (actual rows=105681 loops=1)
                           Filter: (quantity >= 30)
                           Rows Removed by Filter: 158382
                           Buffers: shared read=6147
                     ->  Seq Scan on relation_15 source_14  (cost=0.00..12901.53 rows=145428 width=42) (actual rows=145696 loops=1)
                           Filter: (quantity >= 30)
                           Rows Removed by Filter: 219066
                           Buffers: shared read=8342
                     ->  Seq Scan on relation_16 source_15  (cost=0.00..10807.77 rows=119141 width=42) (actual rows=118913 loops=1)
                           Filter: (quantity >= 30)
                           Rows Removed by Filter: 179069
                           Buffers: shared read=7083
                     ->  Seq Scan on relation_17 source_16  (cost=0.00..62944.45 rows=676050 width=42) (actual rows=675121 loops=1)
                           Filter: (quantity >= 30)
                           Rows Removed by Filter: 1014879
                           Buffers: shared read=41821
                     ->  Seq Scan on relation_18 source_17  (cost=0.00..4369.02 rows=46901 width=42) (actual rows=46936 loops=1)
                           Filter: (quantity >= 30)
                           Rows Removed by Filter: 70426
                           Buffers: shared read=2902
                     ->  Seq Scan on relation_19 source_18  (cost=0.00..1039.03 rows=11363 width=42) (actual rows=11363 loops=1)
                           Filter: (quantity >= 30)
                           Rows Removed by Filter: 17279
                           Buffers: shared read=681
                     ->  Seq Scan on relation_3 source_19  (cost=0.00..2360.86 rows=26725 width=42) (actual rows=26769 loops=1)
                           Filter: (quantity >= 30)
                           Rows Removed by Filter: 39940
                           Buffers: shared read=1527
                     ->  Seq Scan on relation_20 source_20  (cost=0.00..38128.12 rows=425273 width=42) (actual rows=422829 loops=1)
                           Filter: (quantity >= 30)
                           Rows Removed by Filter: 633421
                           Buffers: shared read=24925
                     ->  Seq Scan on relation_21 source_21  (cost=0.00..553.50 rows=5949 width=42) (actual rows=5949 loops=1)
                           Filter: (quantity >= 30)
                           Rows Removed by Filter: 9051
                           Buffers: shared read=366
               ->  Hash  (cost=236299.22..236299.22 rows=16377122 width=8) (actual rows=16378086 loops=1)
                     Buckets: 4194304  Batches: 8  Memory Usage: 112810kB
                     Buffers: shared read=72528, temp written=48972
                     ->  Seq Scan on relation_49 source  (cost=0.00..236299.22 rows=16377122 width=8) (actual rows=16378086 loops=1)
                           Buffers: shared read=72528
 Planning Time: 0.489 ms
 JIT:
   Functions: 123
   Options: Inlining true, Optimization true, Expressions true, Deforming true
 Execution Time: 11655.276 ms
(165 rows)

-- Q066 [selection_projection] occurrence 1/1
-- Original E/R: SELECT e.sku, e.quantity, e.size_system FROM MenClothing e WHERE e.fit_type_men <= 'athletic';
EXPLAIN (ANALYZE, BUFFERS, TIMING OFF, SUMMARY ON, FORMAT TEXT)
WITH
"b0" AS (
    SELECT
        "source"."size_system" AS "size_system",
        "source"."fit_type_men" AS "fit_type_men",
        "source"."quantity" AS "quantity",
        "source"."sku" AS "sku"
    FROM "relation_17" AS "source"
)
SELECT 
    "b0"."sku" AS "sku",
    "b0"."quantity" AS "quantity",
    "b0"."size_system" AS "size_system"
FROM "b0"
WHERE ("b0"."fit_type_men" <= 'athletic');
                                               QUERY PLAN                                                
---------------------------------------------------------------------------------------------------------
 Seq Scan on relation_17 source  (cost=0.00..62944.45 rows=169044 width=25) (actual rows=169708 loops=1)
   Filter: ((fit_type_men)::text <= 'athletic'::text)
   Rows Removed by Filter: 1520292
   Buffers: shared read=41821
 Planning:
   Buffers: shared hit=3 read=3
 Planning Time: 0.073 ms
 Execution Time: 179.655 ms
(8 rows)

-- Q067 [aggregation] occurrence 1/1
-- Original E/R: SELECT e1.sku, COUNT(DISTINCT REF(e2)) AS related_count FROM reviews r JOIN Product e1 ON ENDPOINT(r, Product) = REF(e1) JOIN Review e2 ON ENDPOINT(r, Review) = REF(e2) WHERE e1.quantity >= 30 GROUP BY REF(e1), e1.sku HAVING COUNT(DISTINCT REF(e2)) >= 3;
EXPLAIN (ANALYZE, BUFFERS, TIMING OFF, SUMMARY ON, FORMAT TEXT)
WITH
"b0" AS (
    SELECT
        "source"."reviews_product_id" AS "__endpoint_product_0",
        "source"."customer_id" AS "__endpoint_review_0",
        "source"."review_id" AS "__endpoint_review_1"
    FROM "relation_35" AS "source"
    WHERE ("source"."reviews_product_id" IS NOT NULL)
),
"b1" AS (
    SELECT
        "source"."quantity" AS "quantity",
        "source"."sku" AS "sku",
        "source"."product_id" AS "__reference_0"
    FROM "relation_1" AS "source"
    UNION ALL
    SELECT
        "source"."quantity" AS "quantity",
        "source"."sku" AS "sku",
        "source"."physicalproduct_id" AS "__reference_0"
    FROM "relation_2" AS "source"
    UNION ALL
    SELECT
        "source"."quantity" AS "quantity",
        "source"."sku" AS "sku",
        "source"."electronics_id" AS "__reference_0"
    FROM "relation_4" AS "source"
    UNION ALL
    SELECT
        "source"."quantity" AS "quantity",
        "source"."sku" AS "sku",
        "source"."computer_id" AS "__reference_0"
    FROM "relation_5" AS "source"
    UNION ALL
    SELECT
        "source"."quantity" AS "quantity",
        "source"."sku" AS "sku",
        "source"."desktop_id" AS "__reference_0"
    FROM "relation_6" AS "source"
    UNION ALL
    SELECT
        "source"."quantity" AS "quantity",
        "source"."sku" AS "sku",
        "source"."laptop_id" AS "__reference_0"
    FROM "relation_7" AS "source"
    UNION ALL
    SELECT
        "source"."quantity" AS "quantity",
        "source"."sku" AS "sku",
        "source"."tablet_id" AS "__reference_0"
    FROM "relation_8" AS "source"
    UNION ALL
    SELECT
        "source"."quantity" AS "quantity",
        "source"."sku" AS "sku",
        "source"."smartwatch_id" AS "__reference_0"
    FROM "relation_9" AS "source"
    UNION ALL
    SELECT
        "source"."quantity" AS "quantity",
        "source"."sku" AS "sku",
        "source"."camera_id" AS "__reference_0"
    FROM "relation_10" AS "source"
    UNION ALL
    SELECT
        "source"."quantity" AS "quantity",
        "source"."sku" AS "sku",
        "source"."phone_id" AS "__reference_0"
    FROM "relation_11" AS "source"
    UNION ALL
    SELECT
        "source"."quantity" AS "quantity",
        "source"."sku" AS "sku",
        "source"."accessory_id" AS "__reference_0"
    FROM "relation_12" AS "source"
    UNION ALL
    SELECT
        "source"."quantity" AS "quantity",
        "source"."sku" AS "sku",
        "source"."appliance_id" AS "__reference_0"
    FROM "relation_13" AS "source"
    UNION ALL
    SELECT
        "source"."quantity" AS "quantity",
        "source"."sku" AS "sku",
        "source"."kitchenappliance_id" AS "__reference_0"
    FROM "relation_14" AS "source"
    UNION ALL
    SELECT
        "source"."quantity" AS "quantity",
        "source"."sku" AS "sku",
        "source"."apparel_id" AS "__reference_0"
    FROM "relation_15" AS "source"
    UNION ALL
    SELECT
        "source"."quantity" AS "quantity",
        "source"."sku" AS "sku",
        "source"."clothing_id" AS "__reference_0"
    FROM "relation_16" AS "source"
    UNION ALL
    SELECT
        "source"."quantity" AS "quantity",
        "source"."sku" AS "sku",
        "source"."menclothing_id" AS "__reference_0"
    FROM "relation_17" AS "source"
    UNION ALL
    SELECT
        "source"."quantity" AS "quantity",
        "source"."sku" AS "sku",
        "source"."womenclothing_id" AS "__reference_0"
    FROM "relation_18" AS "source"
    UNION ALL
    SELECT
        "source"."quantity" AS "quantity",
        "source"."sku" AS "sku",
        "source"."footwear_id" AS "__reference_0"
    FROM "relation_19" AS "source"
    UNION ALL
    SELECT
        "source"."quantity" AS "quantity",
        "source"."sku" AS "sku",
        "source"."digitalproduct_id" AS "__reference_0"
    FROM "relation_3" AS "source"
    UNION ALL
    SELECT
        "source"."quantity" AS "quantity",
        "source"."sku" AS "sku",
        "source"."media_id" AS "__reference_0"
    FROM "relation_20" AS "source"
    UNION ALL
    SELECT
        "source"."quantity" AS "quantity",
        "source"."sku" AS "sku",
        "source"."software_id" AS "__reference_0"
    FROM "relation_21" AS "source"
),
"b2" AS (
    SELECT
        "source"."customer_id" AS "__reference_0",
        "source"."review_id" AS "__reference_1"
    FROM "relation_35" AS "source"
)
SELECT 
    "b1"."sku" AS "sku",
    COUNT(DISTINCT ROW("b2"."__reference_0", "b2"."__reference_1")) AS "related_count"
FROM (("b0" INNER JOIN "b1" ON ("b0"."__endpoint_product_0" = "b1"."__reference_0")) INNER JOIN "b2" ON ("b0"."__endpoint_review_0" = "b2"."__reference_0" AND "b0"."__endpoint_review_1" = "b2"."__reference_1"))
WHERE ("b1"."quantity" >= 30)
GROUP BY
    "b1"."__reference_0",
    "b1"."sku"
HAVING (COUNT(DISTINCT ROW("b2"."__reference_0", "b2"."__reference_1")) >= 3);
                                                                     QUERY PLAN                                                                      
-----------------------------------------------------------------------------------------------------------------------------------------------------
 GroupAggregate  (cost=1520.41..1520.48 rows=1 width=30) (actual rows=0 loops=1)
   Group Key: source_1.product_id, source_1.sku
   Filter: (count(DISTINCT (ROW(source_22.customer_id, source_22.review_id))) >= 3)
   Rows Removed by Filter: 101
   Buffers: shared hit=13424 read=1452
   ->  Sort  (cost=1520.41..1520.42 rows=3 width=30) (actual rows=101 loops=1)
         Sort Key: source_1.product_id, source_1.sku, (ROW(source_22.customer_id, source_22.review_id))
         Sort Method: quicksort  Memory: 33kB
         Buffers: shared hit=13424 read=1452
         ->  Nested Loop  (cost=0.58..1520.39 rows=3 width=30) (actual rows=101 loops=1)
               Buffers: shared hit=13424 read=1450
               ->  Nested Loop  (cost=0.29..1367.55 rows=1 width=12) (actual rows=253 loops=1)
                     Buffers: shared hit=431 read=781
                     ->  Seq Scan on relation_35 source  (cost=0.00..957.75 rows=253 width=12) (actual rows=253 loops=1)
                           Filter: (reviews_product_id IS NOT NULL)
                           Rows Removed by Filter: 25022
                           Buffers: shared read=705
                     ->  Index Only Scan using relation_35_pkey on relation_35 source_22  (cost=0.29..1.62 rows=1 width=8) (actual rows=1 loops=253)
                           Index Cond: ((customer_id = source.customer_id) AND (review_id = source.review_id))
                           Heap Fetches: 0
                           Buffers: shared hit=431 read=76
               ->  Append  (cost=0.29..152.63 rows=21 width=22) (actual rows=0 loops=253)
                     Buffers: shared hit=12993 read=669
                     ->  Index Scan using relation_1_pkey on relation_1 source_1  (cost=0.29..6.27 rows=1 width=22) (actual rows=0 loops=253)
                           Index Cond: (product_id = source.reviews_product_id)
                           Filter: (quantity >= 30)
                           Buffers: shared hit=504 read=2
                     ->  Index Scan using relation_2_pkey on relation_2 source_2  (cost=0.29..6.68 rows=1 width=22) (actual rows=0 loops=253)
                           Index Cond: (physicalproduct_id = source.reviews_product_id)
                           Filter: (quantity >= 30)
                           Buffers: shared hit=504 read=2
                     ->  Index Scan using relation_4_pkey on relation_4 source_3  (cost=0.43..8.46 rows=1 width=22) (actual rows=0 loops=253)
                           Index Cond: (electronics_id = source.reviews_product_id)
                           Filter: (quantity >= 30)
                           Rows Removed by Filter: 0
                           Buffers: shared hit=518 read=377
                     ->  Index Scan using relation_5_pkey on relation_5 source_4  (cost=0.29..7.16 rows=1 width=22) (actual rows=0 loops=253)
                           Index Cond: (computer_id = source.reviews_product_id)
                           Filter: (quantity >= 30)
                           Rows Removed by Filter: 0
                           Buffers: shared hit=499 read=11
                     ->  Index Scan using relation_6_pkey on relation_6 source_5  (cost=0.43..8.40 rows=1 width=22) (actual rows=0 loops=253)
                           Index Cond: (desktop_id = source.reviews_product_id)
                           Filter: (quantity >= 30)
                           Rows Removed by Filter: 0
                           Buffers: shared hit=716 read=67
                     ->  Index Scan using relation_7_pkey on relation_7 source_6  (cost=0.42..7.52 rows=1 width=22) (actual rows=0 loops=253)
                           Index Cond: (laptop_id = source.reviews_product_id)
                           Filter: (quantity >= 30)
                           Rows Removed by Filter: 0
                           Buffers: shared hit=750 read=13
                     ->  Index Scan using relation_8_pkey on relation_8 source_7  (cost=0.29..6.86 rows=1 width=22) (actual rows=0 loops=253)
                           Index Cond: (tablet_id = source.reviews_product_id)
                           Filter: (quantity >= 30)
                           Rows Removed by Filter: 0
                           Buffers: shared hit=500 read=9
                     ->  Index Scan using relation_9_pkey on relation_9 source_8  (cost=0.42..8.21 rows=1 width=22) (actual rows=0 loops=253)
                           Index Cond: (smartwatch_id = source.reviews_product_id)
                           Filter: (quantity >= 30)
                           Rows Removed by Filter: 0
                           Buffers: shared hit=741 read=27
                     ->  Index Scan using relation_10_pkey on relation_10 source_9  (cost=0.42..7.48 rows=1 width=22) (actual rows=0 loops=253)
                           Index Cond: (camera_id = source.reviews_product_id)
                           Filter: (quantity >= 30)
                           Rows Removed by Filter: 0
                           Buffers: shared hit=752 read=9
                     ->  Index Scan using relation_11_pkey on relation_11 source_10  (cost=0.42..8.29 rows=1 width=22) (actual rows=0 loops=253)
                           Index Cond: (phone_id = source.reviews_product_id)
                           Filter: (quantity >= 30)
                           Rows Removed by Filter: 0
                           Buffers: shared hit=742 read=24
                     ->  Index Scan using relation_12_pkey on relation_12 source_11  (cost=0.29..7.22 rows=1 width=22) (actual rows=0 loops=253)
                           Index Cond: (accessory_id = source.reviews_product_id)
                           Filter: (quantity >= 30)
                           Rows Removed by Filter: 0
                           Buffers: shared hit=502 read=8
                     ->  Index Scan using relation_13_pkey on relation_13 source_12  (cost=0.29..6.78 rows=1 width=22) (actual rows=0 loops=253)
                           Index Cond: (appliance_id = source.reviews_product_id)
                           Filter: (quantity >= 30)
                           Rows Removed by Filter: 0
                           Buffers: shared hit=502 read=7
                     ->  Index Scan using relation_14_pkey on relation_14 source_13  (cost=0.42..7.90 rows=1 width=22) (actual rows=0 loops=253)
                           Index Cond: (kitchenappliance_id = source.reviews_product_id)
                           Filter: (quantity >= 30)
                           Rows Removed by Filter: 0
                           Buffers: shared hit=756 read=7
                     ->  Index Scan using relation_15_pkey on relation_15 source_14  (cost=0.42..8.13 rows=1 width=22) (actual rows=0 loops=253)
                           Index Cond: (apparel_id = source.reviews_product_id)
                           Filter: (quantity >= 30)
                           Rows Removed by Filter: 0
                           Buffers: shared hit=742 read=26
                     ->  Index Scan using relation_16_pkey on relation_16 source_15  (cost=0.42..8.06 rows=1 width=22) (actual rows=0 loops=253)
                           Index Cond: (clothing_id = source.reviews_product_id)
                           Filter: (quantity >= 30)
                           Rows Removed by Filter: 0
                           Buffers: shared hit=747 read=17
                     ->  Index Scan using relation_17_pkey on relation_17 source_16  (cost=0.43..8.40 rows=1 width=22) (actual rows=0 loops=253)
                           Index Cond: (menclothing_id = source.reviews_product_id)
                           Filter: (quantity >= 30)
                           Rows Removed by Filter: 0
                           Buffers: shared hit=744 read=39
                     ->  Index Scan using relation_18_pkey on relation_18 source_17  (cost=0.29..7.03 rows=1 width=22) (actual rows=0 loops=253)
                           Index Cond: (womenclothing_id = source.reviews_product_id)
                           Filter: (quantity >= 30)
                           Rows Removed by Filter: 0
                           Buffers: shared hit=506 read=2
                     ->  Index Scan using relation_19_pkey on relation_19 source_18  (cost=0.29..4.97 rows=1 width=22) (actual rows=0 loops=253)
                           Index Cond: (footwear_id = source.reviews_product_id)
                           Filter: (quantity >= 30)
                           Buffers: shared hit=506
                     ->  Index Scan using relation_3_pkey on relation_3 source_19  (cost=0.29..6.40 rows=1 width=22) (actual rows=0 loops=253)
                           Index Cond: (digitalproduct_id = source.reviews_product_id)
                           Filter: (quantity >= 30)
                           Buffers: shared hit=506
                     ->  Index Scan using relation_20_pkey on relation_20 source_20  (cost=0.43..8.34 rows=1 width=22) (actual rows=0 loops=253)
                           Index Cond: (media_id = source.reviews_product_id)
                           Filter: (quantity >= 30)
                           Rows Removed by Filter: 0
                           Buffers: shared hit=750 read=22
                     ->  Index Scan using relation_21_pkey on relation_21 source_21  (cost=0.29..3.97 rows=1 width=22) (actual rows=0 loops=253)
                           Index Cond: (software_id = source.reviews_product_id)
                           Filter: (quantity >= 30)
                           Buffers: shared hit=506
 Planning:
   Buffers: shared hit=14 read=8
 Planning Time: 43.434 ms
 Execution Time: 15.835 ms
(127 rows)

-- Q068 [weak_owner] occurrence 1/1
-- Original E/R: SELECT w.cart_id, w.updated_at, o.user_id, o.loyalty_tier FROM Cart w JOIN Customer o ON OWNER(w) = REF(o) WHERE o.user_id >= 1111339;
EXPLAIN (ANALYZE, BUFFERS, TIMING OFF, SUMMARY ON, FORMAT TEXT)
WITH
"b0" AS (
    SELECT
        "source"."cart_id" AS "cart_id",
        "source"."updated_at" AS "updated_at",
        "source"."customer_id" AS "__owner_0"
    FROM "relation_33" AS "source"
),
"b1" AS (
    SELECT
        "source"."loyalty_tier" AS "loyalty_tier",
        "source"."customer_id" AS "user_id",
        "source"."customer_id" AS "__reference_0"
    FROM "relation_23" AS "source"
    UNION ALL
    SELECT
        "source"."loyalty_tier" AS "loyalty_tier",
        "source"."primecustomer_id" AS "user_id",
        "source"."primecustomer_id" AS "__reference_0"
    FROM "relation_24" AS "source"
    UNION ALL
    SELECT
        "source"."loyalty_tier" AS "loyalty_tier",
        "source"."businesscustomer_id" AS "user_id",
        "source"."businesscustomer_id" AS "__reference_0"
    FROM "relation_25" AS "source"
)
SELECT 
    "b0"."cart_id" AS "cart_id",
    "b0"."updated_at" AS "updated_at",
    "b1"."user_id" AS "user_id",
    "b1"."loyalty_tier" AS "loyalty_tier"
FROM ("b0" INNER JOIN "b1" ON ("b0"."__owner_0" = "b1"."__reference_0"))
WHERE ("b1"."user_id" >= 1111339);
                                                            QUERY PLAN                                                            
----------------------------------------------------------------------------------------------------------------------------------
 Hash Join  (cost=1227.38..41284.53 rows=210425 width=25) (actual rows=8431 loops=1)
   Hash Cond: (source_1.customer_id = source.customer_id)
   Buffers: shared hit=4 read=7312
   ->  Append  (cost=0.29..37185.45 rows=204730 width=14) (actual rows=204202 loops=1)
         Buffers: shared hit=4 read=7041
         ->  Index Scan using relation_23_pkey on relation_23 source_1  (cost=0.29..4.31 rows=1 width=14) (actual rows=0 loops=1)
               Index Cond: (customer_id >= 1111339)
               Buffers: shared hit=2
         ->  Index Scan using relation_24_pkey on relation_24 source_2  (cost=0.29..7.32 rows=1 width=14) (actual rows=0 loops=1)
               Index Cond: (primecustomer_id >= 1111339)
               Buffers: shared hit=2
         ->  Bitmap Heap Scan on relation_25 source_3  (cost=5135.07..36150.17 rows=204728 width=14) (actual rows=204202 loops=1)
               Recheck Cond: (businesscustomer_id >= 1111339)
               Heap Blocks: exact=6480
               Buffers: shared read=7041
               ->  Bitmap Index Scan on relation_25_pkey  (cost=0.00..5083.89 rows=204728 width=0) (actual rows=204202 loops=1)
                     Index Cond: (businesscustomer_id >= 1111339)
                     Buffers: shared read=561
   ->  Hash  (cost=695.93..695.93 rows=42493 width=19) (actual rows=42493 loops=1)
         Buckets: 65536  Batches: 1  Memory Usage: 2670kB
         Buffers: shared read=271
         ->  Seq Scan on relation_33 source  (cost=0.00..695.93 rows=42493 width=19) (actual rows=42493 loops=1)
               Buffers: shared read=271
 Planning:
   Buffers: shared read=6
 Planning Time: 1.567 ms
 Execution Time: 42.882 ms
(27 rows)

-- Q069 [complex_multi_join] occurrence 1/1
-- Original E/R: SELECT e1.wishlist_name, e2.product_id, e3.cart_id FROM wishlist_contains r1 JOIN Wishlist e1 ON ENDPOINT(r1, Wishlist) = REF(e1) JOIN Product e2 ON ENDPOINT(r1, Product) = REF(e2) JOIN cart_contains r2 ON ENDPOINT(r2, Product) = REF(e2) JOIN Cart e3 ON ENDPOINT(r2, Cart) = REF(e3) WHERE e3.cart_id > 5998881;
EXPLAIN (ANALYZE, BUFFERS, TIMING OFF, SUMMARY ON, FORMAT TEXT)
WITH
"b0" AS (
    SELECT
        "source"."product_id" AS "__endpoint_product_0",
        "source"."customer_id" AS "__endpoint_wishlist_0",
        "source"."wishlist_id" AS "__endpoint_wishlist_1"
    FROM "relation_51" AS "source"
),
"b1" AS (
    SELECT
        "source"."wishlist_name" AS "wishlist_name",
        "source"."customer_id" AS "__reference_0",
        "source"."wishlist_id" AS "__reference_1"
    FROM "relation_34" AS "source"
),
"b2" AS (
    SELECT
        "source"."product_id" AS "product_id",
        "source"."product_id" AS "__reference_0"
    FROM "relation_1" AS "source"
    UNION ALL
    SELECT
        "source"."physicalproduct_id" AS "product_id",
        "source"."physicalproduct_id" AS "__reference_0"
    FROM "relation_2" AS "source"
    UNION ALL
    SELECT
        "source"."electronics_id" AS "product_id",
        "source"."electronics_id" AS "__reference_0"
    FROM "relation_4" AS "source"
    UNION ALL
    SELECT
        "source"."computer_id" AS "product_id",
        "source"."computer_id" AS "__reference_0"
    FROM "relation_5" AS "source"
    UNION ALL
    SELECT
        "source"."desktop_id" AS "product_id",
        "source"."desktop_id" AS "__reference_0"
    FROM "relation_6" AS "source"
    UNION ALL
    SELECT
        "source"."laptop_id" AS "product_id",
        "source"."laptop_id" AS "__reference_0"
    FROM "relation_7" AS "source"
    UNION ALL
    SELECT
        "source"."tablet_id" AS "product_id",
        "source"."tablet_id" AS "__reference_0"
    FROM "relation_8" AS "source"
    UNION ALL
    SELECT
        "source"."smartwatch_id" AS "product_id",
        "source"."smartwatch_id" AS "__reference_0"
    FROM "relation_9" AS "source"
    UNION ALL
    SELECT
        "source"."camera_id" AS "product_id",
        "source"."camera_id" AS "__reference_0"
    FROM "relation_10" AS "source"
    UNION ALL
    SELECT
        "source"."phone_id" AS "product_id",
        "source"."phone_id" AS "__reference_0"
    FROM "relation_11" AS "source"
    UNION ALL
    SELECT
        "source"."accessory_id" AS "product_id",
        "source"."accessory_id" AS "__reference_0"
    FROM "relation_12" AS "source"
    UNION ALL
    SELECT
        "source"."appliance_id" AS "product_id",
        "source"."appliance_id" AS "__reference_0"
    FROM "relation_13" AS "source"
    UNION ALL
    SELECT
        "source"."kitchenappliance_id" AS "product_id",
        "source"."kitchenappliance_id" AS "__reference_0"
    FROM "relation_14" AS "source"
    UNION ALL
    SELECT
        "source"."apparel_id" AS "product_id",
        "source"."apparel_id" AS "__reference_0"
    FROM "relation_15" AS "source"
    UNION ALL
    SELECT
        "source"."clothing_id" AS "product_id",
        "source"."clothing_id" AS "__reference_0"
    FROM "relation_16" AS "source"
    UNION ALL
    SELECT
        "source"."menclothing_id" AS "product_id",
        "source"."menclothing_id" AS "__reference_0"
    FROM "relation_17" AS "source"
    UNION ALL
    SELECT
        "source"."womenclothing_id" AS "product_id",
        "source"."womenclothing_id" AS "__reference_0"
    FROM "relation_18" AS "source"
    UNION ALL
    SELECT
        "source"."footwear_id" AS "product_id",
        "source"."footwear_id" AS "__reference_0"
    FROM "relation_19" AS "source"
    UNION ALL
    SELECT
        "source"."digitalproduct_id" AS "product_id",
        "source"."digitalproduct_id" AS "__reference_0"
    FROM "relation_3" AS "source"
    UNION ALL
    SELECT
        "source"."media_id" AS "product_id",
        "source"."media_id" AS "__reference_0"
    FROM "relation_20" AS "source"
    UNION ALL
    SELECT
        "source"."software_id" AS "product_id",
        "source"."software_id" AS "__reference_0"
    FROM "relation_21" AS "source"
),
"b3" AS (
    SELECT
        "source"."customer_id" AS "__endpoint_cart_0",
        "source"."cart_id" AS "__endpoint_cart_1",
        "source"."product_id" AS "__endpoint_product_0"
    FROM "relation_50" AS "source"
),
"b4" AS (
    SELECT
        "source"."cart_id" AS "cart_id",
        "source"."customer_id" AS "__reference_0",
        "source"."cart_id" AS "__reference_1"
    FROM "relation_33" AS "source"
)
SELECT 
    "b1"."wishlist_name" AS "wishlist_name",
    "b2"."product_id" AS "product_id",
    "b4"."cart_id" AS "cart_id"
FROM (((("b0" INNER JOIN "b1" ON ("b0"."__endpoint_wishlist_0" = "b1"."__reference_0" AND "b0"."__endpoint_wishlist_1" = "b1"."__reference_1")) INNER JOIN "b2" ON ("b0"."__endpoint_product_0" = "b2"."__reference_0")) INNER JOIN "b3" ON ("b3"."__endpoint_product_0" = "b2"."__reference_0")) INNER JOIN "b4" ON ("b3"."__endpoint_cart_0" = "b4"."__reference_0" AND "b3"."__endpoint_cart_1" = "b4"."__reference_1"))
WHERE ("b4"."cart_id" > 5998881);
                                                                   QUERY PLAN                                                                    
-------------------------------------------------------------------------------------------------------------------------------------------------
 Nested Loop  (cost=1059.31..2356.56 rows=1 width=16) (actual rows=60 loops=1)
   Buffers: shared hit=5053203 read=721
   ->  Nested Loop  (cost=1059.02..2343.67 rows=1 width=20) (actual rows=60 loops=1)
         Buffers: shared hit=5050068 read=635
         ->  Nested Loop  (cost=1058.73..2343.33 rows=1 width=20) (actual rows=60 loops=1)
               Buffers: shared hit=5049995 read=528
               ->  Hash Join  (cost=1058.44..1893.05 rows=1 width=8) (actual rows=16186 loops=1)
                     Hash Cond: ((source_23.customer_id = source_24.customer_id) AND (source_23.cart_id = source_24.cart_id))
                     Buffers: shared hit=271 read=219
                     ->  Seq Scan on relation_50 source_23  (cost=0.00..622.68 rows=40368 width=12) (actual rows=40368 loops=1)
                           Buffers: shared read=219
                     ->  Hash  (cost=802.16..802.16 rows=17085 width=8) (actual rows=17025 loops=1)
                           Buckets: 32768  Batches: 1  Memory Usage: 922kB
                           Buffers: shared hit=271
                           ->  Seq Scan on relation_33 source_24  (cost=0.00..802.16 rows=17085 width=8) (actual rows=17025 loops=1)
                                 Filter: (cart_id > 5998881)
                                 Rows Removed by Filter: 25468
                                 Buffers: shared hit=271
               ->  Index Only Scan using relation_51_pkey on relation_51 source  (cost=0.29..450.27 rows=1 width=12) (actual rows=0 loops=16186)
                     Index Cond: (product_id = source_23.product_id)
                     Heap Fetches: 0
                     Buffers: shared hit=5049724 read=309
         ->  Index Scan using relation_34_pkey on relation_34 source_1  (cost=0.29..0.34 rows=1 width=16) (actual rows=1 loops=60)
               Index Cond: ((customer_id = source.customer_id) AND (wishlist_id = source.wishlist_id))
               Buffers: shared hit=73 read=107
   ->  Append  (cost=0.29..12.68 rows=21 width=8) (actual rows=1 loops=60)
         Buffers: shared hit=3135 read=86
         ->  Index Only Scan using relation_1_pkey on relation_1 source_2  (cost=0.29..0.32 rows=1 width=8) (actual rows=0 loops=60)
               Index Cond: (product_id = source.product_id)
               Heap Fetches: 0
               Buffers: shared hit=120
         ->  Index Only Scan using relation_2_pkey on relation_2 source_3  (cost=0.29..0.33 rows=1 width=8) (actual rows=0 loops=60)
               Index Cond: (physicalproduct_id = source.product_id)
               Heap Fetches: 0
               Buffers: shared hit=120
         ->  Index Only Scan using relation_4_pkey on relation_4 source_4  (cost=0.43..2.81 rows=1 width=8) (actual rows=1 loops=60)
               Index Cond: (electronics_id = source.product_id)
               Heap Fetches: 0
               Buffers: shared hit=153 read=53
         ->  Index Only Scan using relation_5_pkey on relation_5 source_5  (cost=0.29..0.34 rows=1 width=8) (actual rows=0 loops=60)
               Index Cond: (computer_id = source.product_id)
               Heap Fetches: 0
               Buffers: shared hit=120
         ->  Index Only Scan using relation_6_pkey on relation_6 source_6  (cost=0.43..1.01 rows=1 width=8) (actual rows=0 loops=60)
               Index Cond: (desktop_id = source.product_id)
               Heap Fetches: 0
               Buffers: shared hit=174 read=11
         ->  Index Only Scan using relation_7_pkey on relation_7 source_7  (cost=0.42..0.47 rows=1 width=8) (actual rows=0 loops=60)
               Index Cond: (laptop_id = source.product_id)
               Heap Fetches: 0
               Buffers: shared hit=180 read=1
         ->  Index Only Scan using relation_8_pkey on relation_8 source_8  (cost=0.29..0.33 rows=1 width=8) (actual rows=0 loops=60)
               Index Cond: (tablet_id = source.product_id)
               Heap Fetches: 0
               Buffers: shared hit=120
         ->  Index Only Scan using relation_9_pkey on relation_9 source_9  (cost=0.42..0.59 rows=1 width=8) (actual rows=0 loops=60)
               Index Cond: (smartwatch_id = source.product_id)
               Heap Fetches: 0
               Buffers: shared hit=179 read=2
         ->  Index Only Scan using relation_10_pkey on relation_10 source_10  (cost=0.42..0.47 rows=1 width=8) (actual rows=0 loops=60)
               Index Cond: (camera_id = source.product_id)
               Heap Fetches: 0
               Buffers: shared hit=180
         ->  Index Only Scan using relation_11_pkey on relation_11 source_11  (cost=0.42..0.65 rows=1 width=8) (actual rows=0 loops=60)
               Index Cond: (phone_id = source.product_id)
               Heap Fetches: 0
               Buffers: shared hit=179 read=2
         ->  Index Only Scan using relation_12_pkey on relation_12 source_12  (cost=0.29..0.34 rows=1 width=8) (actual rows=0 loops=60)
               Index Cond: (accessory_id = source.product_id)
               Heap Fetches: 0
               Buffers: shared hit=120
         ->  Index Only Scan using relation_13_pkey on relation_13 source_13  (cost=0.29..0.33 rows=1 width=8) (actual rows=0 loops=60)
               Index Cond: (appliance_id = source.product_id)
               Heap Fetches: 0
               Buffers: shared hit=120
         ->  Index Only Scan using relation_14_pkey on relation_14 source_14  (cost=0.42..0.50 rows=1 width=8) (actual rows=0 loops=60)
               Index Cond: (kitchenappliance_id = source.product_id)
               Heap Fetches: 0
               Buffers: shared hit=180 read=1
         ->  Index Only Scan using relation_15_pkey on relation_15 source_15  (cost=0.42..0.56 rows=1 width=8) (actual rows=0 loops=60)
               Index Cond: (apparel_id = source.product_id)
               Heap Fetches: 0
               Buffers: shared hit=177 read=4
         ->  Index Only Scan using relation_16_pkey on relation_16 source_16  (cost=0.42..0.53 rows=1 width=8) (actual rows=0 loops=60)
               Index Cond: (clothing_id = source.product_id)
               Heap Fetches: 0
               Buffers: shared hit=178 read=3
         ->  Index Only Scan using relation_17_pkey on relation_17 source_17  (cost=0.43..0.97 rows=1 width=8) (actual rows=0 loops=60)
               Index Cond: (menclothing_id = source.product_id)
               Heap Fetches: 0
               Buffers: shared hit=175 read=8
         ->  Index Only Scan using relation_18_pkey on relation_18 source_18  (cost=0.29..0.33 rows=1 width=8) (actual rows=0 loops=60)
               Index Cond: (womenclothing_id = source.product_id)
               Heap Fetches: 0
               Buffers: shared hit=120
         ->  Index Only Scan using relation_19_pkey on relation_19 source_19  (cost=0.29..0.31 rows=1 width=8) (actual rows=0 loops=60)
               Index Cond: (footwear_id = source.product_id)
               Heap Fetches: 0
               Buffers: shared hit=120
         ->  Index Only Scan using relation_3_pkey on relation_3 source_20  (cost=0.29..0.32 rows=1 width=8) (actual rows=0 loops=60)
               Index Cond: (digitalproduct_id = source.product_id)
               Heap Fetches: 0
               Buffers: shared hit=120
         ->  Index Only Scan using relation_20_pkey on relation_20 source_21  (cost=0.43..0.76 rows=1 width=8) (actual rows=0 loops=60)
               Index Cond: (media_id = source.product_id)
               Heap Fetches: 0
               Buffers: shared hit=180 read=1
         ->  Index Only Scan using relation_21_pkey on relation_21 source_22  (cost=0.29..0.31 rows=1 width=8) (actual rows=0 loops=60)
               Index Cond: (software_id = source.product_id)
               Heap Fetches: 0
               Buffers: shared hit=120
 Planning:
   Buffers: shared hit=8 read=16
 Planning Time: 0.748 ms
 Execution Time: 6839.054 ms
(115 rows)

-- Q070 [aggregation] occurrence 1/1
-- Original E/R: SELECT e1.is_active, COUNT(DISTINCT REF(e2)) AS related_count FROM bundle_phones r JOIN Phone e1 ON ENDPOINT(r, phone_id) = REF(e1) JOIN Phone e2 ON ENDPOINT(r, bundle_phone_id) = REF(e2) WHERE e2.base_price >= 245 GROUP BY REF(e1), e1.is_active HAVING COUNT(DISTINCT REF(e2)) >= 3;
EXPLAIN (ANALYZE, BUFFERS, TIMING OFF, SUMMARY ON, FORMAT TEXT)
WITH
"b0" AS (
    SELECT
        "source"."bundle_phone_phone_id" AS "__endpoint_bundle_phone_id_0",
        "source"."phone_id" AS "__endpoint_phone_id_0"
    FROM "relation_57" AS "source"
),
"b1" AS (
    SELECT
        "source"."is_active" AS "is_active",
        "source"."phone_id" AS "__reference_0"
    FROM "relation_11" AS "source"
),
"b2" AS (
    SELECT
        "source"."base_price" AS "base_price",
        "source"."phone_id" AS "__reference_0"
    FROM "relation_11" AS "source"
)
SELECT 
    "b1"."is_active" AS "is_active",
    COUNT(DISTINCT "b2"."__reference_0") AS "related_count"
FROM (("b0" INNER JOIN "b1" ON ("b0"."__endpoint_phone_id_0" = "b1"."__reference_0")) INNER JOIN "b2" ON ("b0"."__endpoint_bundle_phone_id_0" = "b2"."__reference_0"))
WHERE ("b2"."base_price" >= 245)
GROUP BY
    "b1"."__reference_0",
    "b1"."is_active"
HAVING (COUNT(DISTINCT "b2"."__reference_0") >= 3);
                                                                         QUERY PLAN                                                                         
------------------------------------------------------------------------------------------------------------------------------------------------------------
 GroupAggregate  (cost=65343.61..100386.83 rows=87194 width=16) (actual rows=1788 loops=1)
   Group Key: source_1.phone_id
   Filter: (count(DISTINCT source_2.phone_id) >= 3)
   Rows Removed by Filter: 225641
   Buffers: shared hit=46 read=38428
   ->  Gather Merge  (cost=65343.61..95809.15 rows=261582 width=12) (actual rows=260568 loops=1)
         Workers Planned: 2
         Workers Launched: 0
         Buffers: shared hit=46 read=38428
         ->  Sort  (cost=64343.59..64616.07 rows=108992 width=12) (actual rows=260568 loops=1)
               Sort Key: source_1.phone_id, source_2.phone_id
               Sort Method: quicksort  Memory: 16323kB
               Buffers: shared hit=46 read=38428
               ->  Parallel Hash Join  (cost=34548.25..55224.31 rows=108992 width=12) (actual rows=260568 loops=1)
                     Hash Cond: (source_1.phone_id = source.phone_id)
                     Buffers: shared hit=46 read=38428
                     ->  Parallel Seq Scan on relation_11 source_1  (cost=0.00..19165.67 rows=281667 width=8) (actual rows=676001 loops=1)
                           Buffers: shared hit=39 read=16310
                     ->  Parallel Hash  (cost=33185.85..33185.85 rows=108992 width=8) (actual rows=260568 loops=1)
                           Buckets: 262144  Batches: 1  Memory Usage: 12256kB
                           Buffers: shared hit=7 read=22118
                           ->  Parallel Hash Join  (cost=20579.10..33185.85 rows=108992 width=8) (actual rows=260568 loops=1)
                                 Hash Cond: (source.bundle_phone_phone_id = source_2.phone_id)
                                 Buffers: shared hit=7 read=22118
                                 ->  Parallel Seq Scan on relation_57 source  (cost=0.00..11186.49 rows=541049 width=8) (actual rows=1298517 loops=1)
                                       Buffers: shared read=5776
                                 ->  Parallel Hash  (cost=19869.84..19869.84 rows=56741 width=4) (actual rows=135475 loops=1)
                                       Buckets: 262144  Batches: 1  Memory Usage: 7360kB
                                       Buffers: shared hit=7 read=16342
                                       ->  Parallel Seq Scan on relation_11 source_2  (cost=0.00..19869.84 rows=56741 width=4) (actual rows=135475 loops=1)
                                             Filter: (base_price >= 245)
                                             Rows Removed by Filter: 540526
                                             Buffers: shared hit=7 read=16342
 Planning:
   Buffers: shared hit=18 read=9
 Planning Time: 0.261 ms
 JIT:
   Functions: 26
   Options: Inlining false, Optimization false, Expressions true, Deforming true
 Execution Time: 347.208 ms
(40 rows)

-- Q071 [weak_owner] occurrence 1/1
-- Original E/R: SELECT w.bin_id FROM WarehouseBin w WHERE w.bin_id >= 5974866;
EXPLAIN (ANALYZE, BUFFERS, TIMING OFF, SUMMARY ON, FORMAT TEXT)
WITH
"b0" AS (
    SELECT
        "source"."bin_id" AS "bin_id"
    FROM "relation_42" AS "source"
)
SELECT 
    "b0"."bin_id" AS "bin_id"
FROM "b0"
WHERE ("b0"."bin_id" >= 5974866);
                                            QUERY PLAN                                            
--------------------------------------------------------------------------------------------------
 Seq Scan on relation_42 source  (cost=0.00..215.60 rows=4576 width=4) (actual rows=4577 loops=1)
   Filter: (bin_id >= 5974866)
   Rows Removed by Filter: 6831
   Buffers: shared read=73
 Planning Time: 0.066 ms
 Execution Time: 0.580 ms
(6 rows)

-- Q072 [weak_owner] occurrence 1/1
-- Original E/R: SELECT w.exp_month, w.last4, o.user_id, o.loyalty_tier FROM PaymentMethod w JOIN Customer o ON OWNER(w) = REF(o) WHERE w.is_default > 'false';
EXPLAIN (ANALYZE, BUFFERS, TIMING OFF, SUMMARY ON, FORMAT TEXT)
WITH
"b0" AS (
    SELECT
        "source"."exp_month" AS "exp_month",
        "source"."is_default" AS "is_default",
        "source"."last4" AS "last4",
        "source"."customer_id" AS "__owner_0"
    FROM "relation_32" AS "source"
),
"b1" AS (
    SELECT
        "source"."loyalty_tier" AS "loyalty_tier",
        "source"."customer_id" AS "user_id",
        "source"."customer_id" AS "__reference_0"
    FROM "relation_23" AS "source"
    UNION ALL
    SELECT
        "source"."loyalty_tier" AS "loyalty_tier",
        "source"."primecustomer_id" AS "user_id",
        "source"."primecustomer_id" AS "__reference_0"
    FROM "relation_24" AS "source"
    UNION ALL
    SELECT
        "source"."loyalty_tier" AS "loyalty_tier",
        "source"."businesscustomer_id" AS "user_id",
        "source"."businesscustomer_id" AS "__reference_0"
    FROM "relation_25" AS "source"
)
SELECT 
    "b0"."exp_month" AS "exp_month",
    "b0"."last4" AS "last4",
    "b1"."user_id" AS "user_id",
    "b1"."loyalty_tier" AS "loyalty_tier"
FROM ("b0" INNER JOIN "b1" ON ("b0"."__owner_0" = "b1"."__reference_0"))
WHERE ("b0"."is_default" > 'false');
                                                      QUERY PLAN                                                       
-----------------------------------------------------------------------------------------------------------------------
 Hash Join  (cost=3272.05..58526.61 rows=255409 width=19) (actual rows=30697 loops=1)
   Hash Cond: (source_1.customer_id = source.customer_id)
   Buffers: shared hit=6480 read=27933
   ->  Append  (cost=0.00..48811.78 rows=1036985 width=14) (actual rows=1036985 loops=1)
         Buffers: shared hit=6480 read=26777
         ->  Seq Scan on relation_23 source_1  (cost=0.00..1457.85 rows=36985 width=14) (actual rows=36985 loops=1)
               Buffers: shared read=1088
         ->  Seq Scan on relation_24 source_2  (cost=0.00..4713.00 rows=100000 width=14) (actual rows=100000 loops=1)
               Buffers: shared read=3713
         ->  Seq Scan on relation_25 source_3  (cost=0.00..37456.00 rows=900000 width=14) (actual rows=900000 loops=1)
               Buffers: shared hit=6480 read=21976
   ->  Hash  (cost=2889.71..2889.71 rows=30587 width=13) (actual rows=30697 loops=1)
         Buckets: 32768  Batches: 1  Memory Usage: 1695kB
         Buffers: shared read=1156
         ->  Seq Scan on relation_32 source  (cost=0.00..2889.71 rows=30587 width=13) (actual rows=30697 loops=1)
               Filter: ((is_default)::text > 'false'::text)
               Rows Removed by Filter: 108000
               Buffers: shared read=1156
 Planning:
   Buffers: shared hit=6
 Planning Time: 0.120 ms
 Execution Time: 148.318 ms
(22 rows)

-- Q073 [selection_projection] occurrence 1/1
-- Original E/R: SELECT e.tag_id, e.tag_name FROM Tag e WHERE e.tag_name > 'sale';
EXPLAIN (ANALYZE, BUFFERS, TIMING OFF, SUMMARY ON, FORMAT TEXT)
WITH
"b0" AS (
    SELECT
        "source"."tag_id" AS "tag_id",
        "source"."tag_name" AS "tag_name"
    FROM "relation_30" AS "source"
)
SELECT 
    "b0"."tag_id" AS "tag_id",
    "b0"."tag_name" AS "tag_name"
FROM "b0"
WHERE ("b0"."tag_name" > 'sale');
                                              QUERY PLAN                                              
------------------------------------------------------------------------------------------------------
 Seq Scan on relation_30 source  (cost=0.00..2104.46 rows=10756 width=10) (actual rows=10830 loops=1)
   Filter: ((tag_name)::text > 'sale'::text)
   Rows Removed by Filter: 108327
   Buffers: shared read=615
 Planning:
   Buffers: shared hit=2 read=1
 Planning Time: 0.060 ms
 Execution Time: 7.092 ms
(8 rows)

-- Q074 [weak_owner] occurrence 1/1
-- Original E/R: SELECT w.city, w.kind, w.state, o.loyalty_tier, o.email FROM Address w JOIN Customer o ON OWNER(w) = REF(o) WHERE o.loyalty_tier <= 'bronze';
EXPLAIN (ANALYZE, BUFFERS, TIMING OFF, SUMMARY ON, FORMAT TEXT)
WITH
"b0" AS (
    SELECT
        "source"."city" AS "city",
        "source"."kind" AS "kind",
        "source"."state" AS "state",
        "source"."customer_id" AS "__owner_0"
    FROM "relation_31" AS "source"
),
"b1" AS (
    SELECT
        "source"."loyalty_tier" AS "loyalty_tier",
        "source"."email" AS "email",
        "source"."customer_id" AS "__reference_0"
    FROM "relation_23" AS "source"
    UNION ALL
    SELECT
        "source"."loyalty_tier" AS "loyalty_tier",
        "source"."email" AS "email",
        "source"."primecustomer_id" AS "__reference_0"
    FROM "relation_24" AS "source"
    UNION ALL
    SELECT
        "source"."loyalty_tier" AS "loyalty_tier",
        "source"."email" AS "email",
        "source"."businesscustomer_id" AS "__reference_0"
    FROM "relation_25" AS "source"
)
SELECT 
    "b0"."city" AS "city",
    "b0"."kind" AS "kind",
    "b0"."state" AS "state",
    "b1"."loyalty_tier" AS "loyalty_tier",
    "b1"."email" AS "email"
FROM ("b0" INNER JOIN "b1" ON ("b0"."__owner_0" = "b1"."__reference_0"))
WHERE ("b1"."loyalty_tier" <= 'bronze');
                                                      QUERY PLAN                                                       
-----------------------------------------------------------------------------------------------------------------------
 Hash Join  (cost=4255.88..60368.90 rows=553514 width=50) (actual rows=59828 loops=1)
   Hash Cond: (source_1.customer_id = source.customer_id)
   Buffers: shared hit=11313 read=23398
   ->  Append  (cost=0.00..48709.92 rows=498122 width=32) (actual rows=499250 loops=1)
         Buffers: shared hit=11313 read=21944
         ->  Seq Scan on relation_23 source_1  (cost=0.00..1550.31 rows=17795 width=32) (actual rows=17781 loops=1)
               Filter: ((loyalty_tier)::text <= 'bronze'::text)
               Rows Removed by Filter: 19204
               Buffers: shared hit=1088
         ->  Seq Scan on relation_24 source_2  (cost=0.00..4963.00 rows=48147 width=32) (actual rows=47992 loops=1)
               Filter: ((loyalty_tier)::text <= 'bronze'::text)
               Rows Removed by Filter: 52008
               Buffers: shared hit=3713
         ->  Seq Scan on relation_25 source_3  (cost=0.00..39706.00 rows=432180 width=32) (actual rows=433477 loops=1)
               Filter: ((loyalty_tier)::text <= 'bronze'::text)
               Rows Removed by Filter: 466523
               Buffers: shared hit=6512 read=21944
   ->  Hash  (cost=2699.28..2699.28 rows=124528 width=26) (actual rows=124528 loops=1)
         Buckets: 131072  Batches: 1  Memory Usage: 8365kB
         Buffers: shared read=1454
         ->  Seq Scan on relation_31 source  (cost=0.00..2699.28 rows=124528 width=26) (actual rows=124528 loops=1)
               Buffers: shared read=1454
 Planning:
   Buffers: shared hit=12 read=8
 Planning Time: 40.768 ms
 Execution Time: 166.235 ms
(26 rows)

-- Q075 [aggregation] occurrence 1/1
-- Original E/R: SELECT e2.created_at, COUNT(DISTINCT REF(e1)) AS related_count FROM supplier_pos r JOIN Supplier e1 ON ENDPOINT(r, Supplier) = REF(e1) JOIN PurchaseOrder e2 ON ENDPOINT(r, PurchaseOrder) = REF(e2) WHERE e2.purchaseorder_id > 106773 GROUP BY REF(e2), e2.created_at HAVING COUNT(DISTINCT REF(e1)) >= 2;
EXPLAIN (ANALYZE, BUFFERS, TIMING OFF, SUMMARY ON, FORMAT TEXT)
WITH
"b0" AS (
    SELECT
        "source"."purchaseorder_id" AS "__endpoint_purchaseorder_0",
        "source"."supplier_pos_supplier_id" AS "__endpoint_supplier_0"
    FROM "relation_45" AS "source"
    WHERE ("source"."supplier_pos_supplier_id" IS NOT NULL)
),
"b1" AS (
    SELECT
        "source"."supplier_id" AS "__reference_0"
    FROM "relation_43" AS "source"
),
"b2" AS (
    SELECT
        "source"."created_at" AS "created_at",
        "source"."purchaseorder_id" AS "purchaseorder_id",
        "source"."purchaseorder_id" AS "__reference_0"
    FROM "relation_45" AS "source"
)
SELECT 
    "b2"."created_at" AS "created_at",
    COUNT(DISTINCT "b1"."__reference_0") AS "related_count"
FROM (("b0" INNER JOIN "b1" ON ("b0"."__endpoint_supplier_0" = "b1"."__reference_0")) INNER JOIN "b2" ON ("b0"."__endpoint_purchaseorder_0" = "b2"."__reference_0"))
WHERE ("b2"."purchaseorder_id" > 106773)
GROUP BY
    "b2"."__reference_0",
    "b2"."created_at"
HAVING (COUNT(DISTINCT "b1"."__reference_0") >= 2);
                                                                   QUERY PLAN                                                                   
------------------------------------------------------------------------------------------------------------------------------------------------
 GroupAggregate  (cost=11805.91..12317.53 rows=8527 width=23) (actual rows=0 loops=1)
   Group Key: source_2.purchaseorder_id
   Filter: (count(DISTINCT source_1.supplier_id) >= 2)
   Rows Removed by Filter: 26273
   Buffers: shared hit=1133 read=2660
   ->  Sort  (cost=11805.91..11869.87 rows=25581 width=19) (actual rows=26273 loops=1)
         Sort Key: source_2.purchaseorder_id, source_1.supplier_id
         Sort Method: quicksort  Memory: 2000kB
         Buffers: shared hit=1133 read=2660
         ->  Hash Join  (cost=6351.93..9933.03 rows=25581 width=19) (actual rows=26273 loops=1)
               Hash Cond: (source.supplier_pos_supplier_id = source_1.supplier_id)
               Buffers: shared hit=1133 read=2660
               ->  Hash Join  (cost=3319.58..6830.76 rows=26634 width=19) (actual rows=26273 loops=1)
                     Hash Cond: (source.purchaseorder_id = source_2.purchaseorder_id)
                     Buffers: shared hit=1133 read=1980
                     ->  Seq Scan on relation_45 source  (cost=0.00..3172.86 rows=128881 width=8) (actual rows=128819 loops=1)
                           Filter: (supplier_pos_supplier_id IS NOT NULL)
                           Rows Removed by Filter: 5367
                           Buffers: shared hit=947 read=884
                     ->  Hash  (cost=2972.95..2972.95 rows=27730 width=15) (actual rows=27413 loops=1)
                           Buckets: 32768  Batches: 1  Memory Usage: 1541kB
                           Buffers: shared hit=186 read=1096
                           ->  Bitmap Heap Scan on relation_45 source_2  (cost=795.33..2972.95 rows=27730 width=15) (actual rows=27413 loops=1)
                                 Recheck Cond: (purchaseorder_id > 106773)
                                 Heap Blocks: exact=1130
                                 Buffers: shared hit=186 read=1096
                                 ->  Bitmap Index Scan on relation_45_pkey  (cost=0.00..788.39 rows=27730 width=0) (actual rows=27413 loops=1)
                                       Index Cond: (purchaseorder_id > 106773)
                                       Buffers: shared hit=3 read=149
               ->  Hash  (cost=1725.49..1725.49 rows=104549 width=4) (actual rows=104549 loops=1)
                     Buckets: 131072  Batches: 1  Memory Usage: 4700kB
                     Buffers: shared read=680
                     ->  Seq Scan on relation_43 source_1  (cost=0.00..1725.49 rows=104549 width=4) (actual rows=104549 loops=1)
                           Buffers: shared read=680
 Planning:
   Buffers: shared hit=15 read=10
 Planning Time: 0.196 ms
 Execution Time: 89.224 ms
(38 rows)

-- Q076 [relationship_join] occurrence 1/1
-- Original E/R: SELECT e1.cart_id, e1.updated_at, e2.base_price, e2.product_name FROM cart_contains r JOIN Cart e1 ON ENDPOINT(r, Cart) = REF(e1) JOIN Product e2 ON ENDPOINT(r, Product) = REF(e2) WHERE e2.is_active > 0;
EXPLAIN (ANALYZE, BUFFERS, TIMING OFF, SUMMARY ON, FORMAT TEXT)
WITH
"b0" AS (
    SELECT
        "source"."customer_id" AS "__endpoint_cart_0",
        "source"."cart_id" AS "__endpoint_cart_1",
        "source"."product_id" AS "__endpoint_product_0"
    FROM "relation_50" AS "source"
),
"b1" AS (
    SELECT
        "source"."cart_id" AS "cart_id",
        "source"."updated_at" AS "updated_at",
        "source"."customer_id" AS "__reference_0",
        "source"."cart_id" AS "__reference_1"
    FROM "relation_33" AS "source"
),
"b2" AS (
    SELECT
        "source"."base_price" AS "base_price",
        "source"."is_active" AS "is_active",
        "source"."product_name" AS "product_name",
        "source"."product_id" AS "__reference_0"
    FROM "relation_1" AS "source"
    UNION ALL
    SELECT
        "source"."base_price" AS "base_price",
        "source"."is_active" AS "is_active",
        "source"."product_name" AS "product_name",
        "source"."physicalproduct_id" AS "__reference_0"
    FROM "relation_2" AS "source"
    UNION ALL
    SELECT
        "source"."base_price" AS "base_price",
        "source"."is_active" AS "is_active",
        "source"."product_name" AS "product_name",
        "source"."electronics_id" AS "__reference_0"
    FROM "relation_4" AS "source"
    UNION ALL
    SELECT
        "source"."base_price" AS "base_price",
        "source"."is_active" AS "is_active",
        "source"."product_name" AS "product_name",
        "source"."computer_id" AS "__reference_0"
    FROM "relation_5" AS "source"
    UNION ALL
    SELECT
        "source"."base_price" AS "base_price",
        "source"."is_active" AS "is_active",
        "source"."product_name" AS "product_name",
        "source"."desktop_id" AS "__reference_0"
    FROM "relation_6" AS "source"
    UNION ALL
    SELECT
        "source"."base_price" AS "base_price",
        "source"."is_active" AS "is_active",
        "source"."product_name" AS "product_name",
        "source"."laptop_id" AS "__reference_0"
    FROM "relation_7" AS "source"
    UNION ALL
    SELECT
        "source"."base_price" AS "base_price",
        "source"."is_active" AS "is_active",
        "source"."product_name" AS "product_name",
        "source"."tablet_id" AS "__reference_0"
    FROM "relation_8" AS "source"
    UNION ALL
    SELECT
        "source"."base_price" AS "base_price",
        "source"."is_active" AS "is_active",
        "source"."product_name" AS "product_name",
        "source"."smartwatch_id" AS "__reference_0"
    FROM "relation_9" AS "source"
    UNION ALL
    SELECT
        "source"."base_price" AS "base_price",
        "source"."is_active" AS "is_active",
        "source"."product_name" AS "product_name",
        "source"."camera_id" AS "__reference_0"
    FROM "relation_10" AS "source"
    UNION ALL
    SELECT
        "source"."base_price" AS "base_price",
        "source"."is_active" AS "is_active",
        "source"."product_name" AS "product_name",
        "source"."phone_id" AS "__reference_0"
    FROM "relation_11" AS "source"
    UNION ALL
    SELECT
        "source"."base_price" AS "base_price",
        "source"."is_active" AS "is_active",
        "source"."product_name" AS "product_name",
        "source"."accessory_id" AS "__reference_0"
    FROM "relation_12" AS "source"
    UNION ALL
    SELECT
        "source"."base_price" AS "base_price",
        "source"."is_active" AS "is_active",
        "source"."product_name" AS "product_name",
        "source"."appliance_id" AS "__reference_0"
    FROM "relation_13" AS "source"
    UNION ALL
    SELECT
        "source"."base_price" AS "base_price",
        "source"."is_active" AS "is_active",
        "source"."product_name" AS "product_name",
        "source"."kitchenappliance_id" AS "__reference_0"
    FROM "relation_14" AS "source"
    UNION ALL
    SELECT
        "source"."base_price" AS "base_price",
        "source"."is_active" AS "is_active",
        "source"."product_name" AS "product_name",
        "source"."apparel_id" AS "__reference_0"
    FROM "relation_15" AS "source"
    UNION ALL
    SELECT
        "source"."base_price" AS "base_price",
        "source"."is_active" AS "is_active",
        "source"."product_name" AS "product_name",
        "source"."clothing_id" AS "__reference_0"
    FROM "relation_16" AS "source"
    UNION ALL
    SELECT
        "source"."base_price" AS "base_price",
        "source"."is_active" AS "is_active",
        "source"."product_name" AS "product_name",
        "source"."menclothing_id" AS "__reference_0"
    FROM "relation_17" AS "source"
    UNION ALL
    SELECT
        "source"."base_price" AS "base_price",
        "source"."is_active" AS "is_active",
        "source"."product_name" AS "product_name",
        "source"."womenclothing_id" AS "__reference_0"
    FROM "relation_18" AS "source"
    UNION ALL
    SELECT
        "source"."base_price" AS "base_price",
        "source"."is_active" AS "is_active",
        "source"."product_name" AS "product_name",
        "source"."footwear_id" AS "__reference_0"
    FROM "relation_19" AS "source"
    UNION ALL
    SELECT
        "source"."base_price" AS "base_price",
        "source"."is_active" AS "is_active",
        "source"."product_name" AS "product_name",
        "source"."digitalproduct_id" AS "__reference_0"
    FROM "relation_3" AS "source"
    UNION ALL
    SELECT
        "source"."base_price" AS "base_price",
        "source"."is_active" AS "is_active",
        "source"."product_name" AS "product_name",
        "source"."media_id" AS "__reference_0"
    FROM "relation_20" AS "source"
    UNION ALL
    SELECT
        "source"."base_price" AS "base_price",
        "source"."is_active" AS "is_active",
        "source"."product_name" AS "product_name",
        "source"."software_id" AS "__reference_0"
    FROM "relation_21" AS "source"
)
SELECT 
    "b1"."cart_id" AS "cart_id",
    "b1"."updated_at" AS "updated_at",
    "b2"."base_price" AS "base_price",
    "b2"."product_name" AS "product_name"
FROM (("b0" INNER JOIN "b1" ON ("b0"."__endpoint_cart_0" = "b1"."__reference_0" AND "b0"."__endpoint_cart_1" = "b1"."__reference_1")) INNER JOIN "b2" ON ("b0"."__endpoint_product_0" = "b2"."__reference_0"))
WHERE ("b2"."is_active" > 0);
                                                              QUERY PLAN                                                               
---------------------------------------------------------------------------------------------------------------------------------------
 Nested Loop  (cost=1333.62..2201.12 rows=354 width=53) (actual rows=34314 loops=1)
   Buffers: shared hit=2103468 read=76894
   ->  Hash Join  (cost=1333.33..2167.94 rows=1 width=19) (actual rows=40368 loops=1)
         Hash Cond: ((source.customer_id = source_1.customer_id) AND (source.cart_id = source_1.cart_id))
         Buffers: shared read=490
         ->  Seq Scan on relation_50 source  (cost=0.00..622.68 rows=40368 width=12) (actual rows=40368 loops=1)
               Buffers: shared read=219
         ->  Hash  (cost=695.93..695.93 rows=42493 width=19) (actual rows=42493 loops=1)
               Buckets: 65536  Batches: 1  Memory Usage: 2670kB
               Buffers: shared read=271
               ->  Seq Scan on relation_33 source_1  (cost=0.00..695.93 rows=42493 width=19) (actual rows=42493 loops=1)
                     Buffers: shared read=271
   ->  Append  (cost=0.29..32.97 rows=21 width=42) (actual rows=1 loops=40368)
         Buffers: shared hit=2103468 read=76404
         ->  Index Scan using relation_1_pkey on relation_1 source_2  (cost=0.29..0.45 rows=1 width=42) (actual rows=0 loops=40368)
               Index Cond: (product_id = source.product_id)
               Filter: (is_active > 0)
               Rows Removed by Filter: 0
               Buffers: shared hit=80606 read=279
         ->  Index Scan using relation_2_pkey on relation_2 source_3  (cost=0.29..0.53 rows=1 width=42) (actual rows=0 loops=40368)
               Index Cond: (physicalproduct_id = source.product_id)
               Filter: (is_active > 0)
               Rows Removed by Filter: 0
               Buffers: shared hit=80567 read=380
         ->  Index Scan using relation_4_pkey on relation_4 source_4  (cost=0.43..6.82 rows=1 width=42) (actual rows=0 loops=40368)
               Index Cond: (electronics_id = source.product_id)
               Filter: (is_active > 0)
               Rows Removed by Filter: 0
               Buffers: shared hit=101654 read=41046
         ->  Index Scan using relation_5_pkey on relation_5 source_5  (cost=0.29..0.61 rows=1 width=42) (actual rows=0 loops=40368)
               Index Cond: (computer_id = source.product_id)
               Filter: (is_active > 0)
               Rows Removed by Filter: 0
               Buffers: shared hit=80532 read=444
         ->  Index Scan using relation_6_pkey on relation_6 source_6  (cost=0.43..4.11 rows=1 width=42) (actual rows=0 loops=40368)
               Index Cond: (desktop_id = source.product_id)
               Filter: (is_active > 0)
               Rows Removed by Filter: 0
               Buffers: shared hit=116982 read=8691
         ->  Index Scan using relation_7_pkey on relation_7 source_7  (cost=0.42..0.84 rows=1 width=42) (actual rows=0 loops=40368)
               Index Cond: (laptop_id = source.product_id)
               Filter: (is_active > 0)
               Rows Removed by Filter: 0
               Buffers: shared hit=120825 read=610
         ->  Index Scan using relation_8_pkey on relation_8 source_8  (cost=0.29..0.57 rows=1 width=42) (actual rows=0 loops=40368)
               Index Cond: (tablet_id = source.product_id)
               Filter: (is_active > 0)
               Rows Removed by Filter: 0
               Buffers: shared hit=80544 read=431
         ->  Index Scan using relation_9_pkey on relation_9 source_9  (cost=0.42..1.74 rows=1 width=42) (actual rows=0 loops=40368)
               Index Cond: (smartwatch_id = source.product_id)
               Filter: (is_active > 0)
               Rows Removed by Filter: 0
               Buffers: shared hit=120119 read=2105
         ->  Index Scan using relation_10_pkey on relation_10 source_10  (cost=0.42..0.88 rows=1 width=42) (actual rows=0 loops=40368)
               Index Cond: (camera_id = source.product_id)
               Filter: (is_active > 0)
               Rows Removed by Filter: 0
               Buffers: shared hit=120752 read=781
         ->  Index Scan using relation_11_pkey on relation_11 source_11  (cost=0.42..2.38 rows=1 width=42) (actual rows=0 loops=40368)
               Index Cond: (phone_id = source.product_id)
               Filter: (is_active > 0)
               Rows Removed by Filter: 0
               Buffers: shared hit=119665 read=3051
         ->  Index Scan using relation_12_pkey on relation_12 source_12  (cost=0.29..0.70 rows=1 width=42) (actual rows=0 loops=40368)
               Index Cond: (accessory_id = source.product_id)
               Filter: (is_active > 0)
               Rows Removed by Filter: 0
               Buffers: shared hit=80460 read=610
         ->  Index Scan using relation_13_pkey on relation_13 source_13  (cost=0.29..0.47 rows=1 width=42) (actual rows=0 loops=40368)
               Index Cond: (appliance_id = source.product_id)
               Filter: (is_active > 0)
               Rows Removed by Filter: 0
               Buffers: shared hit=80613 read=258
         ->  Index Scan using relation_14_pkey on relation_14 source_14  (cost=0.42..1.15 rows=1 width=42) (actual rows=0 loops=40368)
               Index Cond: (kitchenappliance_id = source.product_id)
               Filter: (is_active > 0)
               Rows Removed by Filter: 0
               Buffers: shared hit=120566 read=1176
         ->  Index Scan using relation_15_pkey on relation_15 source_15  (cost=0.42..1.44 rows=1 width=42) (actual rows=0 loops=40368)
               Index Cond: (apparel_id = source.product_id)
               Filter: (is_active > 0)
               Rows Removed by Filter: 0
               Buffers: shared hit=120300 read=1709
         ->  Index Scan using relation_16_pkey on relation_16 source_16  (cost=0.42..1.28 rows=1 width=42) (actual rows=0 loops=40368)
               Index Cond: (clothing_id = source.product_id)
               Filter: (is_active > 0)
               Rows Removed by Filter: 0
               Buffers: shared hit=120478 read=1324
         ->  Index Scan using relation_17_pkey on relation_17 source_17  (cost=0.43..3.93 rows=1 width=42) (actual rows=0 loops=40368)
               Index Cond: (menclothing_id = source.product_id)
               Filter: (is_active > 0)
               Rows Removed by Filter: 0
               Buffers: shared hit=117471 read=7693
         ->  Index Scan using relation_18_pkey on relation_18 source_18  (cost=0.29..0.63 rows=1 width=42) (actual rows=0 loops=40368)
               Index Cond: (womenclothing_id = source.product_id)
               Filter: (is_active > 0)
               Rows Removed by Filter: 0
               Buffers: shared hit=80502 read=533
         ->  Index Scan using relation_19_pkey on relation_19 source_19  (cost=0.29..0.38 rows=1 width=42) (actual rows=0 loops=40368)
               Index Cond: (footwear_id = source.product_id)
               Filter: (is_active > 0)
               Rows Removed by Filter: 0
               Buffers: shared hit=80681 read=121
         ->  Index Scan using relation_3_pkey on relation_3 source_20  (cost=0.29..0.48 rows=1 width=42) (actual rows=0 loops=40368)
               Index Cond: (digitalproduct_id = source.product_id)
               Filter: (is_active > 0)
               Rows Removed by Filter: 0
               Buffers: shared hit=80605 read=299
         ->  Index Scan using relation_20_pkey on relation_20 source_21  (cost=0.43..3.13 rows=1 width=42) (actual rows=0 loops=40368)
               Index Cond: (media_id = source.product_id)
               Filter: (is_active > 0)
               Rows Removed by Filter: 0
               Buffers: shared hit=118834 read=4811
         ->  Index Scan using relation_21_pkey on relation_21 source_22  (cost=0.29..0.35 rows=1 width=42) (actual rows=0 loops=40368)
               Index Cond: (software_id = source.product_id)
               Filter: (is_active > 0)
               Rows Removed by Filter: 0
               Buffers: shared hit=80712 read=52
 Planning:
   Buffers: shared hit=8 read=4
 Planning Time: 0.455 ms
 Execution Time: 559.885 ms
(123 rows)

-- Q077 [selection_projection] occurrence 1/1
-- Original E/R: SELECT e.purchaseorder_id, e.created_at FROM PurchaseOrder e WHERE e.purchaseorder_id >= 120363;
EXPLAIN (ANALYZE, BUFFERS, TIMING OFF, SUMMARY ON, FORMAT TEXT)
WITH
"b0" AS (
    SELECT
        "source"."created_at" AS "created_at",
        "source"."purchaseorder_id" AS "purchaseorder_id"
    FROM "relation_45" AS "source"
)
SELECT 
    "b0"."purchaseorder_id" AS "purchaseorder_id",
    "b0"."created_at" AS "created_at"
FROM "b0"
WHERE ("b0"."purchaseorder_id" >= 120363);
                                                   QUERY PLAN                                                    
-----------------------------------------------------------------------------------------------------------------
 Bitmap Heap Scan on relation_45 source  (cost=400.17..2404.96 rows=13903 width=15) (actual rows=13824 loops=1)
   Recheck Cond: (purchaseorder_id >= 120363)
   Heap Blocks: exact=1040
   Buffers: shared read=1118
   ->  Bitmap Index Scan on relation_45_pkey  (cost=0.00..396.69 rows=13903 width=0) (actual rows=13824 loops=1)
         Index Cond: (purchaseorder_id >= 120363)
         Buffers: shared read=78
 Planning Time: 0.045 ms
 Execution Time: 3.382 ms
(9 rows)

-- Q078 [complex_multi_join] occurrence 1/1
-- Original E/R: SELECT e1.purchaseorder_id, e2.is_active, e3.is_active FROM po_items r1 JOIN PurchaseOrder e1 ON ENDPOINT(r1, PurchaseOrder) = REF(e1) JOIN Product e2 ON ENDPOINT(r1, Product) = REF(e2) JOIN bought_together r2 ON ENDPOINT(r2, product_id) = REF(e2) JOIN Product e3 ON ENDPOINT(r2, bought_together_product_id) = REF(e3) WHERE e3.product_name < 'Object-based 3rdgeneration instruction set';
EXPLAIN (ANALYZE, BUFFERS, TIMING OFF, SUMMARY ON, FORMAT TEXT)
WITH
"b0" AS (
    SELECT
        "source"."product_id" AS "__endpoint_product_0",
        "source"."purchaseorder_id" AS "__endpoint_purchaseorder_0"
    FROM "relation_56" AS "source"
),
"b1" AS (
    SELECT
        "source"."purchaseorder_id" AS "purchaseorder_id",
        "source"."purchaseorder_id" AS "__reference_0"
    FROM "relation_45" AS "source"
),
"b2" AS (
    SELECT
        "source"."is_active" AS "is_active",
        "source"."product_id" AS "__reference_0"
    FROM "relation_1" AS "source"
    UNION ALL
    SELECT
        "source"."is_active" AS "is_active",
        "source"."physicalproduct_id" AS "__reference_0"
    FROM "relation_2" AS "source"
    UNION ALL
    SELECT
        "source"."is_active" AS "is_active",
        "source"."electronics_id" AS "__reference_0"
    FROM "relation_4" AS "source"
    UNION ALL
    SELECT
        "source"."is_active" AS "is_active",
        "source"."computer_id" AS "__reference_0"
    FROM "relation_5" AS "source"
    UNION ALL
    SELECT
        "source"."is_active" AS "is_active",
        "source"."desktop_id" AS "__reference_0"
    FROM "relation_6" AS "source"
    UNION ALL
    SELECT
        "source"."is_active" AS "is_active",
        "source"."laptop_id" AS "__reference_0"
    FROM "relation_7" AS "source"
    UNION ALL
    SELECT
        "source"."is_active" AS "is_active",
        "source"."tablet_id" AS "__reference_0"
    FROM "relation_8" AS "source"
    UNION ALL
    SELECT
        "source"."is_active" AS "is_active",
        "source"."smartwatch_id" AS "__reference_0"
    FROM "relation_9" AS "source"
    UNION ALL
    SELECT
        "source"."is_active" AS "is_active",
        "source"."camera_id" AS "__reference_0"
    FROM "relation_10" AS "source"
    UNION ALL
    SELECT
        "source"."is_active" AS "is_active",
        "source"."phone_id" AS "__reference_0"
    FROM "relation_11" AS "source"
    UNION ALL
    SELECT
        "source"."is_active" AS "is_active",
        "source"."accessory_id" AS "__reference_0"
    FROM "relation_12" AS "source"
    UNION ALL
    SELECT
        "source"."is_active" AS "is_active",
        "source"."appliance_id" AS "__reference_0"
    FROM "relation_13" AS "source"
    UNION ALL
    SELECT
        "source"."is_active" AS "is_active",
        "source"."kitchenappliance_id" AS "__reference_0"
    FROM "relation_14" AS "source"
    UNION ALL
    SELECT
        "source"."is_active" AS "is_active",
        "source"."apparel_id" AS "__reference_0"
    FROM "relation_15" AS "source"
    UNION ALL
    SELECT
        "source"."is_active" AS "is_active",
        "source"."clothing_id" AS "__reference_0"
    FROM "relation_16" AS "source"
    UNION ALL
    SELECT
        "source"."is_active" AS "is_active",
        "source"."menclothing_id" AS "__reference_0"
    FROM "relation_17" AS "source"
    UNION ALL
    SELECT
        "source"."is_active" AS "is_active",
        "source"."womenclothing_id" AS "__reference_0"
    FROM "relation_18" AS "source"
    UNION ALL
    SELECT
        "source"."is_active" AS "is_active",
        "source"."footwear_id" AS "__reference_0"
    FROM "relation_19" AS "source"
    UNION ALL
    SELECT
        "source"."is_active" AS "is_active",
        "source"."digitalproduct_id" AS "__reference_0"
    FROM "relation_3" AS "source"
    UNION ALL
    SELECT
        "source"."is_active" AS "is_active",
        "source"."media_id" AS "__reference_0"
    FROM "relation_20" AS "source"
    UNION ALL
    SELECT
        "source"."is_active" AS "is_active",
        "source"."software_id" AS "__reference_0"
    FROM "relation_21" AS "source"
),
"b3" AS (
    SELECT
        "source"."bought_together_product_product_id" AS "__endpoint_bought_together_product_id_0",
        "source"."product_id" AS "__endpoint_product_id_0"
    FROM "relation_49" AS "source"
),
"b4" AS (
    SELECT
        "source"."is_active" AS "is_active",
        "source"."product_name" AS "product_name",
        "source"."product_id" AS "__reference_0"
    FROM "relation_1" AS "source"
    UNION ALL
    SELECT
        "source"."is_active" AS "is_active",
        "source"."product_name" AS "product_name",
        "source"."physicalproduct_id" AS "__reference_0"
    FROM "relation_2" AS "source"
    UNION ALL
    SELECT
        "source"."is_active" AS "is_active",
        "source"."product_name" AS "product_name",
        "source"."electronics_id" AS "__reference_0"
    FROM "relation_4" AS "source"
    UNION ALL
    SELECT
        "source"."is_active" AS "is_active",
        "source"."product_name" AS "product_name",
        "source"."computer_id" AS "__reference_0"
    FROM "relation_5" AS "source"
    UNION ALL
    SELECT
        "source"."is_active" AS "is_active",
        "source"."product_name" AS "product_name",
        "source"."desktop_id" AS "__reference_0"
    FROM "relation_6" AS "source"
    UNION ALL
    SELECT
        "source"."is_active" AS "is_active",
        "source"."product_name" AS "product_name",
        "source"."laptop_id" AS "__reference_0"
    FROM "relation_7" AS "source"
    UNION ALL
    SELECT
        "source"."is_active" AS "is_active",
        "source"."product_name" AS "product_name",
        "source"."tablet_id" AS "__reference_0"
    FROM "relation_8" AS "source"
    UNION ALL
    SELECT
        "source"."is_active" AS "is_active",
        "source"."product_name" AS "product_name",
        "source"."smartwatch_id" AS "__reference_0"
    FROM "relation_9" AS "source"
    UNION ALL
    SELECT
        "source"."is_active" AS "is_active",
        "source"."product_name" AS "product_name",
        "source"."camera_id" AS "__reference_0"
    FROM "relation_10" AS "source"
    UNION ALL
    SELECT
        "source"."is_active" AS "is_active",
        "source"."product_name" AS "product_name",
        "source"."phone_id" AS "__reference_0"
    FROM "relation_11" AS "source"
    UNION ALL
    SELECT
        "source"."is_active" AS "is_active",
        "source"."product_name" AS "product_name",
        "source"."accessory_id" AS "__reference_0"
    FROM "relation_12" AS "source"
    UNION ALL
    SELECT
        "source"."is_active" AS "is_active",
        "source"."product_name" AS "product_name",
        "source"."appliance_id" AS "__reference_0"
    FROM "relation_13" AS "source"
    UNION ALL
    SELECT
        "source"."is_active" AS "is_active",
        "source"."product_name" AS "product_name",
        "source"."kitchenappliance_id" AS "__reference_0"
    FROM "relation_14" AS "source"
    UNION ALL
    SELECT
        "source"."is_active" AS "is_active",
        "source"."product_name" AS "product_name",
        "source"."apparel_id" AS "__reference_0"
    FROM "relation_15" AS "source"
    UNION ALL
    SELECT
        "source"."is_active" AS "is_active",
        "source"."product_name" AS "product_name",
        "source"."clothing_id" AS "__reference_0"
    FROM "relation_16" AS "source"
    UNION ALL
    SELECT
        "source"."is_active" AS "is_active",
        "source"."product_name" AS "product_name",
        "source"."menclothing_id" AS "__reference_0"
    FROM "relation_17" AS "source"
    UNION ALL
    SELECT
        "source"."is_active" AS "is_active",
        "source"."product_name" AS "product_name",
        "source"."womenclothing_id" AS "__reference_0"
    FROM "relation_18" AS "source"
    UNION ALL
    SELECT
        "source"."is_active" AS "is_active",
        "source"."product_name" AS "product_name",
        "source"."footwear_id" AS "__reference_0"
    FROM "relation_19" AS "source"
    UNION ALL
    SELECT
        "source"."is_active" AS "is_active",
        "source"."product_name" AS "product_name",
        "source"."digitalproduct_id" AS "__reference_0"
    FROM "relation_3" AS "source"
    UNION ALL
    SELECT
        "source"."is_active" AS "is_active",
        "source"."product_name" AS "product_name",
        "source"."media_id" AS "__reference_0"
    FROM "relation_20" AS "source"
    UNION ALL
    SELECT
        "source"."is_active" AS "is_active",
        "source"."product_name" AS "product_name",
        "source"."software_id" AS "__reference_0"
    FROM "relation_21" AS "source"
)
SELECT 
    "b1"."purchaseorder_id" AS "purchaseorder_id",
    "b2"."is_active" AS "is_active",
    "b4"."is_active" AS "is_active"
FROM (((("b0" INNER JOIN "b1" ON ("b0"."__endpoint_purchaseorder_0" = "b1"."__reference_0")) INNER JOIN "b2" ON ("b0"."__endpoint_product_0" = "b2"."__reference_0")) INNER JOIN "b3" ON ("b3"."__endpoint_product_id_0" = "b2"."__reference_0")) INNER JOIN "b4" ON ("b3"."__endpoint_bought_together_product_id_0" = "b4"."__reference_0"))
WHERE ("b4"."product_name" < 'Object-based 3rdgeneration instruction set');
                                                                                      QUERY PLAN                                                                                       
---------------------------------------------------------------------------------------------------------------------------------------------------------------------------------------
 Hash Join  (cost=740476.98..1968886.48 rows=47691693 width=12) (actual rows=74593 loops=1)
   Hash Cond: (source_2.product_id = source.product_id)
   Buffers: shared hit=409707 read=899033
   ->  Append  (cost=0.00..646516.84 rows=16796056 width=8) (actual rows=16796782 loops=1)
         Buffers: shared hit=4064 read=390512
         ->  Seq Scan on relation_1 source_2  (cost=0.00..1902.99 rows=61999 width=8) (actual rows=61999 loops=1)
               Buffers: shared read=1283
         ->  Seq Scan on relation_2 source_3  (cost=0.00..2770.65 rows=85865 width=8) (actual rows=85865 loops=1)
               Buffers: shared read=1912
         ->  Seq Scan on relation_4 source_4  (cost=0.00..295054.61 rows=9003261 width=8) (actual rows=9004045 loops=1)
               Buffers: shared hit=32 read=204990
         ->  Seq Scan on relation_5 source_5  (cost=0.00..3684.90 rows=107190 width=8) (actual rows=107190 loops=1)
               Buffers: shared read=2613
         ->  Seq Scan on relation_6 source_6  (cost=0.00..66884.60 rows=1877960 width=8) (actual rows=1877778 loops=1)
               Buffers: shared hit=32 read=48073
         ->  Seq Scan on relation_7 source_7  (cost=0.00..4873.70 rows=139670 width=8) (actual rows=139670 loops=1)
               Buffers: shared read=3477
         ->  Seq Scan on relation_8 source_8  (cost=0.00..3329.00 rows=100000 width=8) (actual rows=100000 loops=1)
               Buffers: shared read=2329
         ->  Seq Scan on relation_9 source_9  (cost=0.00..15630.45 rows=469445 width=8) (actual rows=469445 loops=1)
               Buffers: shared hit=32 read=10904
         ->  Seq Scan on relation_10 source_10  (cost=0.00..5626.01 rows=169001 width=8) (actual rows=169001 loops=1)
               Buffers: shared hit=3936
         ->  Seq Scan on relation_11 source_11  (cost=0.00..23109.01 rows=676001 width=8) (actual rows=676001 loops=1)
               Buffers: shared hit=32 read=16317
         ->  Seq Scan on relation_12 source_12  (cost=0.00..4899.98 rows=144898 width=8) (actual rows=144898 loops=1)
               Buffers: shared read=3451
         ->  Seq Scan on relation_13 source_13  (cost=0.00..1970.20 rows=60120 width=8) (actual rows=60120 loops=1)
               Buffers: shared read=1369
         ->  Seq Scan on relation_14 source_14  (cost=0.00..8787.63 rows=264063 width=8) (actual rows=264063 loops=1)
               Buffers: shared read=6147
         ->  Seq Scan on relation_15 source_15  (cost=0.00..11989.62 rows=364762 width=8) (actual rows=364762 loops=1)
               Buffers: shared read=8342
         ->  Seq Scan on relation_16 source_16  (cost=0.00..10062.82 rows=297982 width=8) (actual rows=297982 loops=1)
               Buffers: shared read=7083
         ->  Seq Scan on relation_17 source_17  (cost=0.00..58719.76 rows=1689876 width=8) (actual rows=1690000 loops=1)
               Buffers: shared read=41821
         ->  Seq Scan on relation_18 source_18  (cost=0.00..4075.62 rows=117362 width=8) (actual rows=117362 loops=1)
               Buffers: shared read=2902
         ->  Seq Scan on relation_19 source_19  (cost=0.00..967.42 rows=28642 width=8) (actual rows=28642 loops=1)
               Buffers: shared read=681
         ->  Seq Scan on relation_3 source_20  (cost=0.00..2194.09 rows=66709 width=8) (actual rows=66709 loops=1)
               Buffers: shared read=1527
         ->  Seq Scan on relation_20 source_21  (cost=0.00..35487.50 rows=1056250 width=8) (actual rows=1056250 loops=1)
               Buffers: shared read=24925
         ->  Seq Scan on relation_21 source_22  (cost=0.00..516.00 rows=15000 width=8) (actual rows=15000 loops=1)
               Buffers: shared read=366
   ->  Hash  (cost=735086.44..735086.44 rows=431243 width=16) (actual rows=74593 loops=1)
         Buckets: 524288  Batches: 1  Memory Usage: 7593kB
         Buffers: shared hit=405643 read=508521
         ->  Gather  (cost=177031.94..735086.44 rows=431243 width=16) (actual rows=74593 loops=1)
               Workers Planned: 2
               Workers Launched: 0
               Buffers: shared hit=405643 read=508521
               ->  Parallel Hash Join  (cost=176031.94..690962.14 rows=179685 width=16) (actual rows=74593 loops=1)
                     Hash Cond: (source_26.electronics_id = source_23.bought_together_product_product_id)
                     Buffers: shared hit=405643 read=508521
                     ->  Parallel Append  (cost=0.00..501004.10 rows=3513980 width=8) (actual rows=8402830 loops=1)
                           Buffers: shared hit=1 read=394575
                           ->  Parallel Seq Scan on relation_4 source_26  (cost=0.00..251913.98 rows=1875675 width=8) (actual rows=4503209 loops=1)
                                 Filter: ((product_name)::text < 'Object-based 3rdgeneration instruction set'::text)
                                 Rows Removed by Filter: 4500836
                                 Buffers: shared read=205022
                           ->  Parallel Seq Scan on relation_6 source_28  (cost=0.00..57886.04 rows=399065 width=8) (actual rows=939053 loops=1)
                                 Filter: ((product_name)::text < 'Object-based 3rdgeneration instruction set'::text)
                                 Rows Removed by Filter: 938725
                                 Buffers: shared read=48105
                           ->  Parallel Seq Scan on relation_17 source_39  (cost=0.00..50622.44 rows=352056 width=8) (actual rows=845070 loops=1)
                                 Filter: ((product_name)::text < 'Object-based 3rdgeneration instruction set'::text)
                                 Rows Removed by Filter: 844930
                                 Buffers: shared read=41821
                           ->  Parallel Seq Scan on relation_20 source_43  (cost=0.00..30426.30 rows=220051 width=8) (actual rows=528500 loops=1)
                                 Filter: ((product_name)::text < 'Object-based 3rdgeneration instruction set'::text)
                                 Rows Removed by Filter: 527750
                                 Buffers: shared read=24925
                           ->  Parallel Seq Scan on relation_11 source_33  (cost=0.00..19869.84 rows=143650 width=8) (actual rows=338816 loops=1)
                                 Filter: ((product_name)::text < 'Object-based 3rdgeneration instruction set'::text)
                                 Rows Removed by Filter: 337185
                                 Buffers: shared read=16349
                           ->  Parallel Seq Scan on relation_9 source_31  (cost=0.00..13381.03 rows=97800 width=8) (actual rows=234802 loops=1)
                                 Filter: ((product_name)::text < 'Object-based 3rdgeneration instruction set'::text)
                                 Rows Removed by Filter: 234643
                                 Buffers: shared read=10936
                           ->  Parallel Seq Scan on relation_15 source_37  (cost=0.00..10241.80 rows=75992 width=8) (actual rows=182363 loops=1)
                                 Filter: ((product_name)::text < 'Object-based 3rdgeneration instruction set'::text)
                                 Rows Removed by Filter: 182399
                                 Buffers: shared read=8342
                           ->  Parallel Seq Scan on relation_16 source_38  (cost=0.00..8634.99 rows=63321 width=8) (actual rows=149674 loops=1)
                                 Filter: ((product_name)::text < 'Object-based 3rdgeneration instruction set'::text)
                                 Rows Removed by Filter: 148308
                                 Buffers: shared read=7083
                           ->  Parallel Seq Scan on relation_14 source_36  (cost=0.00..7522.33 rows=55012 width=8) (actual rows=132088 loops=1)
                                 Filter: ((product_name)::text < 'Object-based 3rdgeneration instruction set'::text)
                                 Rows Removed by Filter: 131975
                                 Buffers: shared read=6147
                           ->  Parallel Seq Scan on relation_10 source_32  (cost=0.00..4816.21 rows=35912 width=8) (actual rows=84827 loops=1)
                                 Filter: ((product_name)::text < 'Object-based 3rdgeneration instruction set'::text)
                                 Rows Removed by Filter: 84174
                                 Buffers: shared read=3936
                           ->  Parallel Seq Scan on relation_12 source_34  (cost=0.00..4205.68 rows=30187 width=8) (actual rows=72241 loops=1)
                                 Filter: ((product_name)::text < 'Object-based 3rdgeneration instruction set'::text)
                                 Rows Removed by Filter: 72657
                                 Buffers: shared read=3451
                           ->  Parallel Seq Scan on relation_7 source_29  (cost=0.00..4204.45 rows=29680 width=8) (actual rows=70071 loops=1)
                                 Filter: ((product_name)::text < 'Object-based 3rdgeneration instruction set'::text)
                                 Rows Removed by Filter: 69599
                                 Buffers: shared read=3477
                           ->  Parallel Seq Scan on relation_18 source_40  (cost=0.00..3764.96 rows=35208 width=8) (actual rows=58850 loops=1)
                                 Filter: ((product_name)::text < 'Object-based 3rdgeneration instruction set'::text)
                                 Rows Removed by Filter: 58512
                                 Buffers: shared read=2902
                           ->  Parallel Seq Scan on relation_5 source_27  (cost=0.00..3401.16 rows=32156 width=8) (actual rows=53810 loops=1)
                                 Filter: ((product_name)::text < 'Object-based 3rdgeneration instruction set'::text)
                                 Rows Removed by Filter: 53380
                                 Buffers: shared read=2613
                           ->  Parallel Seq Scan on relation_8 source_30  (cost=0.00..3064.29 rows=29411 width=8) (actual rows=50069 loops=1)
                                 Filter: ((product_name)::text < 'Object-based 3rdgeneration instruction set'::text)
                                 Rows Removed by Filter: 49931
                                 Buffers: shared read=2329
                           ->  Parallel Seq Scan on relation_2 source_25  (cost=0.00..2543.36 rows=25759 width=8) (actual rows=43072 loops=1)
                                 Filter: ((product_name)::text < 'Object-based 3rdgeneration instruction set'::text)
                                 Rows Removed by Filter: 42793
                                 Buffers: shared read=1912
                           ->  Parallel Seq Scan on relation_3 source_42  (cost=0.00..2017.51 rows=19619 width=8) (actual rows=33223 loops=1)
                                 Filter: ((product_name)::text < 'Object-based 3rdgeneration instruction set'::text)
                                 Rows Removed by Filter: 33486
                                 Buffers: shared read=1527
                           ->  Parallel Seq Scan on relation_13 source_35  (cost=0.00..1811.06 rows=18035 width=8) (actual rows=30215 loops=1)
                                 Filter: ((product_name)::text < 'Object-based 3rdgeneration instruction set'::text)
                                 Rows Removed by Filter: 29905
                                 Buffers: shared read=1369
                           ->  Parallel Seq Scan on relation_1 source_24  (cost=0.00..1738.88 rows=18234 width=8) (actual rows=30969 loops=1)
                                 Filter: ((product_name)::text < 'Object-based 3rdgeneration instruction set'::text)
                                 Rows Removed by Filter: 31030
                                 Buffers: shared hit=1 read=1282
                           ->  Parallel Seq Scan on relation_19 source_41  (cost=0.00..891.60 rows=8479 width=8) (actual rows=14384 loops=1)
                                 Filter: ((product_name)::text < 'Object-based 3rdgeneration instruction set'::text)
                                 Rows Removed by Filter: 14258
                                 Buffers: shared read=681
                           ->  Parallel Seq Scan on relation_21 source_44  (cost=0.00..476.29 rows=4504 width=8) (actual rows=7524 loops=1)
                                 Filter: ((product_name)::text < 'Object-based 3rdgeneration instruction set'::text)
                                 Rows Removed by Filter: 7476
                                 Buffers: shared read=366
                     ->  Parallel Hash  (cost=174017.12..174017.12 rows=161185 width=16) (actual rows=149136 loops=1)
                           Buckets: 524288  Batches: 1  Memory Usage: 11104kB
                           Buffers: shared hit=405642 read=113946
                           ->  Nested Loop  (cost=3607.85..174017.12 rows=161185 width=16) (actual rows=149136 loops=1)
                                 Buffers: shared hit=405642 read=113946
                                 ->  Parallel Hash Join  (cost=3607.41..7492.71 rows=63728 width=8) (actual rows=152947 loops=1)
                                       Hash Cond: (source.purchaseorder_id = source_1.purchaseorder_id)
                                       Buffers: shared hit=1044 read=1365
                                       ->  Parallel Index Only Scan using relation_56_pkey on relation_56 source  (cost=0.42..3718.43 rows=63728 width=8) (actual rows=152947 loops=1)
                                             Heap Fetches: 0
                                             Buffers: shared hit=4 read=574
                                       ->  Parallel Hash  (cost=2620.33..2620.33 rows=78933 width=4) (actual rows=134186 loops=1)
                                             Buckets: 262144  Batches: 1  Memory Usage: 7328kB
                                             Buffers: shared hit=1040 read=791
                                             ->  Parallel Seq Scan on relation_45 source_1  (cost=0.00..2620.33 rows=78933 width=4) (actual rows=134186 loops=1)
                                                   Buffers: shared hit=1040 read=791
                                 ->  Index Only Scan using relation_49_pkey on relation_49 source_23  (cost=0.43..2.58 rows=3 width=8) (actual rows=1 loops=152947)
                                       Index Cond: (product_id = source.product_id)
                                       Heap Fetches: 0
                                       Buffers: shared hit=404598 read=112581
 Planning:
   Buffers: shared hit=9 read=15
 Planning Time: 1.137 ms
 JIT:
   Functions: 149
   Options: Inlining true, Optimization true, Expressions true, Deforming true
 Execution Time: 4946.285 ms
(170 rows)

-- Q079 [weak_owner] occurrence 1/1
-- Original E/R: SELECT w.shipped_at, o.custorder_id, o.status FROM Shipment w JOIN CustOrder o ON OWNER(w) = REF(o) WHERE w.shipped_at < '2022-07-08';
EXPLAIN (ANALYZE, BUFFERS, TIMING OFF, SUMMARY ON, FORMAT TEXT)
WITH
"b0" AS (
    SELECT
        "source"."shipped_at" AS "shipped_at",
        "source"."custorder_id" AS "__owner_0"
    FROM "relation_38" AS "source"
),
"b1" AS (
    SELECT
        "source"."custorder_id" AS "custorder_id",
        "source"."status" AS "status",
        "source"."custorder_id" AS "__reference_0"
    FROM "relation_37" AS "source"
)
SELECT 
    "b0"."shipped_at" AS "shipped_at",
    "b1"."custorder_id" AS "custorder_id",
    "b1"."status" AS "status"
FROM ("b0" INNER JOIN "b1" ON ("b0"."__owner_0" = "b1"."__reference_0"))
WHERE ("b0"."shipped_at" < '2022-07-08');
                                                  QUERY PLAN                                                   
---------------------------------------------------------------------------------------------------------------
 Hash Join  (cost=663.43..3848.26 rows=2496 width=24) (actual rows=2526 loops=1)
   Hash Cond: (source_1.custorder_id = source.custorder_id)
   Buffers: shared read=1983
   ->  Seq Scan on relation_37 source_1  (cost=0.00..2457.60 rows=80260 width=13) (actual rows=80260 loops=1)
         Buffers: shared read=1655
   ->  Hash  (cost=632.23..632.23 rows=2496 width=15) (actual rows=2526 loops=1)
         Buckets: 4096  Batches: 1  Memory Usage: 151kB
         Buffers: shared read=328
         ->  Seq Scan on relation_38 source  (cost=0.00..632.23 rows=2496 width=15) (actual rows=2526 loops=1)
               Filter: ((shipped_at)::text < '2022-07-08'::text)
               Rows Removed by Filter: 21812
               Buffers: shared read=328
 Planning:
   Buffers: shared hit=4 read=10
 Planning Time: 0.155 ms
 Execution Time: 9.999 ms
(16 rows)

-- Q080 [relationship_join] occurrence 1/1
-- Original E/R: SELECT e1.quantity, e1.dimensions, e2.accessory_type, e2.product_name FROM bundled_phone_accessory r JOIN Phone e1 ON ENDPOINT(r, Phone) = REF(e1) JOIN Accessory e2 ON ENDPOINT(r, Accessory) = REF(e2) WHERE e2.quantity > 22;
EXPLAIN (ANALYZE, BUFFERS, TIMING OFF, SUMMARY ON, FORMAT TEXT)
WITH
"b0" AS (
    SELECT
        "source"."accessory_id" AS "__endpoint_accessory_0",
        "source"."phone_id" AS "__endpoint_phone_0"
    FROM "relation_58" AS "source"
),
"b1" AS (
    SELECT
        "source"."dimensions" AS "dimensions",
        "source"."quantity" AS "quantity",
        "source"."phone_id" AS "__reference_0"
    FROM "relation_11" AS "source"
),
"b2" AS (
    SELECT
        "source"."accessory_type" AS "accessory_type",
        "source"."product_name" AS "product_name",
        "source"."quantity" AS "quantity",
        "source"."accessory_id" AS "__reference_0"
    FROM "relation_12" AS "source"
)
SELECT 
    "b1"."quantity" AS "quantity",
    "b1"."dimensions" AS "dimensions",
    "b2"."accessory_type" AS "accessory_type",
    "b2"."product_name" AS "product_name"
FROM (("b0" INNER JOIN "b1" ON ("b0"."__endpoint_phone_0" = "b1"."__reference_0")) INNER JOIN "b2" ON ("b0"."__endpoint_accessory_0" = "b2"."__reference_0"))
WHERE ("b2"."quantity" > 22);
                                                        QUERY PLAN                                                        
--------------------------------------------------------------------------------------------------------------------------
 Hash Join  (cost=37727.34..53861.38 rows=439526 width=50) (actual rows=440959 loops=1)
   Hash Cond: (source.phone_id = source_1.phone_id)
   Buffers: shared hit=3508 read=20180
   ->  Hash Join  (cost=6168.31..21148.59 rows=439526 width=44) (actual rows=440959 loops=1)
         Hash Cond: (source.accessory_id = source_2.accessory_id)
         Buffers: shared hit=3451 read=3888
         ->  Seq Scan on relation_58 source  (cost=0.00..12673.91 rows=878591 width=8) (actual rows=878591 loops=1)
               Buffers: shared read=3888
         ->  Hash  (cost=5262.23..5262.23 rows=72487 width=44) (actual rows=72620 loops=1)
               Buckets: 131072  Batches: 1  Memory Usage: 6605kB
               Buffers: shared hit=3451
               ->  Seq Scan on relation_12 source_2  (cost=0.00..5262.23 rows=72487 width=44) (actual rows=72620 loops=1)
                     Filter: (quantity > 22)
                     Rows Removed by Filter: 72278
                     Buffers: shared hit=3451
   ->  Hash  (cost=23109.01..23109.01 rows=676001 width=14) (actual rows=676001 loops=1)
         Buckets: 1048576  Batches: 1  Memory Usage: 40011kB
         Buffers: shared hit=57 read=16292
         ->  Seq Scan on relation_11 source_1  (cost=0.00..23109.01 rows=676001 width=14) (actual rows=676001 loops=1)
               Buffers: shared hit=57 read=16292
 Planning:
   Buffers: shared hit=6 read=16
 Planning Time: 0.212 ms
 Execution Time: 343.427 ms
(24 rows)

-- Q081 [relationship_join] occurrence 1/1
-- Original E/R: SELECT e1.custorder_id, e2.quantity, e2.product_name FROM order_returns r JOIN CustOrder e1 ON ENDPOINT(r, CustOrder) = REF(e1) JOIN Product e2 ON ENDPOINT(r, Product) = REF(e2) WHERE e2.base_price < 41;
EXPLAIN (ANALYZE, BUFFERS, TIMING OFF, SUMMARY ON, FORMAT TEXT)
WITH
"b0" AS (
    SELECT
        "source"."custorder_id" AS "__endpoint_custorder_0",
        "source"."product_id" AS "__endpoint_product_0"
    FROM "relation_53" AS "source"
),
"b1" AS (
    SELECT
        "source"."custorder_id" AS "custorder_id",
        "source"."custorder_id" AS "__reference_0"
    FROM "relation_37" AS "source"
),
"b2" AS (
    SELECT
        "source"."base_price" AS "base_price",
        "source"."product_name" AS "product_name",
        "source"."quantity" AS "quantity",
        "source"."product_id" AS "__reference_0"
    FROM "relation_1" AS "source"
    UNION ALL
    SELECT
        "source"."base_price" AS "base_price",
        "source"."product_name" AS "product_name",
        "source"."quantity" AS "quantity",
        "source"."physicalproduct_id" AS "__reference_0"
    FROM "relation_2" AS "source"
    UNION ALL
    SELECT
        "source"."base_price" AS "base_price",
        "source"."product_name" AS "product_name",
        "source"."quantity" AS "quantity",
        "source"."electronics_id" AS "__reference_0"
    FROM "relation_4" AS "source"
    UNION ALL
    SELECT
        "source"."base_price" AS "base_price",
        "source"."product_name" AS "product_name",
        "source"."quantity" AS "quantity",
        "source"."computer_id" AS "__reference_0"
    FROM "relation_5" AS "source"
    UNION ALL
    SELECT
        "source"."base_price" AS "base_price",
        "source"."product_name" AS "product_name",
        "source"."quantity" AS "quantity",
        "source"."desktop_id" AS "__reference_0"
    FROM "relation_6" AS "source"
    UNION ALL
    SELECT
        "source"."base_price" AS "base_price",
        "source"."product_name" AS "product_name",
        "source"."quantity" AS "quantity",
        "source"."laptop_id" AS "__reference_0"
    FROM "relation_7" AS "source"
    UNION ALL
    SELECT
        "source"."base_price" AS "base_price",
        "source"."product_name" AS "product_name",
        "source"."quantity" AS "quantity",
        "source"."tablet_id" AS "__reference_0"
    FROM "relation_8" AS "source"
    UNION ALL
    SELECT
        "source"."base_price" AS "base_price",
        "source"."product_name" AS "product_name",
        "source"."quantity" AS "quantity",
        "source"."smartwatch_id" AS "__reference_0"
    FROM "relation_9" AS "source"
    UNION ALL
    SELECT
        "source"."base_price" AS "base_price",
        "source"."product_name" AS "product_name",
        "source"."quantity" AS "quantity",
        "source"."camera_id" AS "__reference_0"
    FROM "relation_10" AS "source"
    UNION ALL
    SELECT
        "source"."base_price" AS "base_price",
        "source"."product_name" AS "product_name",
        "source"."quantity" AS "quantity",
        "source"."phone_id" AS "__reference_0"
    FROM "relation_11" AS "source"
    UNION ALL
    SELECT
        "source"."base_price" AS "base_price",
        "source"."product_name" AS "product_name",
        "source"."quantity" AS "quantity",
        "source"."accessory_id" AS "__reference_0"
    FROM "relation_12" AS "source"
    UNION ALL
    SELECT
        "source"."base_price" AS "base_price",
        "source"."product_name" AS "product_name",
        "source"."quantity" AS "quantity",
        "source"."appliance_id" AS "__reference_0"
    FROM "relation_13" AS "source"
    UNION ALL
    SELECT
        "source"."base_price" AS "base_price",
        "source"."product_name" AS "product_name",
        "source"."quantity" AS "quantity",
        "source"."kitchenappliance_id" AS "__reference_0"
    FROM "relation_14" AS "source"
    UNION ALL
    SELECT
        "source"."base_price" AS "base_price",
        "source"."product_name" AS "product_name",
        "source"."quantity" AS "quantity",
        "source"."apparel_id" AS "__reference_0"
    FROM "relation_15" AS "source"
    UNION ALL
    SELECT
        "source"."base_price" AS "base_price",
        "source"."product_name" AS "product_name",
        "source"."quantity" AS "quantity",
        "source"."clothing_id" AS "__reference_0"
    FROM "relation_16" AS "source"
    UNION ALL
    SELECT
        "source"."base_price" AS "base_price",
        "source"."product_name" AS "product_name",
        "source"."quantity" AS "quantity",
        "source"."menclothing_id" AS "__reference_0"
    FROM "relation_17" AS "source"
    UNION ALL
    SELECT
        "source"."base_price" AS "base_price",
        "source"."product_name" AS "product_name",
        "source"."quantity" AS "quantity",
        "source"."womenclothing_id" AS "__reference_0"
    FROM "relation_18" AS "source"
    UNION ALL
    SELECT
        "source"."base_price" AS "base_price",
        "source"."product_name" AS "product_name",
        "source"."quantity" AS "quantity",
        "source"."footwear_id" AS "__reference_0"
    FROM "relation_19" AS "source"
    UNION ALL
    SELECT
        "source"."base_price" AS "base_price",
        "source"."product_name" AS "product_name",
        "source"."quantity" AS "quantity",
        "source"."digitalproduct_id" AS "__reference_0"
    FROM "relation_3" AS "source"
    UNION ALL
    SELECT
        "source"."base_price" AS "base_price",
        "source"."product_name" AS "product_name",
        "source"."quantity" AS "quantity",
        "source"."media_id" AS "__reference_0"
    FROM "relation_20" AS "source"
    UNION ALL
    SELECT
        "source"."base_price" AS "base_price",
        "source"."product_name" AS "product_name",
        "source"."quantity" AS "quantity",
        "source"."software_id" AS "__reference_0"
    FROM "relation_21" AS "source"
)
SELECT 
    "b1"."custorder_id" AS "custorder_id",
    "b2"."quantity" AS "quantity",
    "b2"."product_name" AS "product_name"
FROM (("b0" INNER JOIN "b1" ON ("b0"."__endpoint_custorder_0" = "b1"."__reference_0")) INNER JOIN "b2" ON ("b0"."__endpoint_product_0" = "b2"."__reference_0"))
WHERE ("b2"."base_price" < 41);
                                                         QUERY PLAN                                                         
----------------------------------------------------------------------------------------------------------------------------
 Hash Join  (cost=3757.01..641502.33 rows=1661526 width=42) (actual rows=1816 loops=1)
   Hash Cond: (source_2.product_id = source.product_id)
   Buffers: shared hit=1655 read=394657
   ->  Append  (cost=0.00..612828.38 rows=1660336 width=42) (actual rows=1689428 loops=1)
         Buffers: shared read=394576
         ->  Seq Scan on relation_1 source_2  (cost=0.00..2057.99 rows=5898 width=42) (actual rows=6210 loops=1)
               Filter: (base_price < 41)
               Rows Removed by Filter: 55789
               Buffers: shared read=1283
         ->  Seq Scan on relation_2 source_3  (cost=0.00..2985.31 rows=8823 width=42) (actual rows=8767 loops=1)
               Filter: (base_price < 41)
               Rows Removed by Filter: 77098
               Buffers: shared read=1912
         ->  Seq Scan on relation_4 source_4  (cost=0.00..317562.76 rows=891044 width=42) (actual rows=905442 loops=1)
               Filter: (base_price < 41)
               Rows Removed by Filter: 8098603
               Buffers: shared read=205022
         ->  Seq Scan on relation_5 source_5  (cost=0.00..3952.88 rows=10306 width=42) (actual rows=10699 loops=1)
               Filter: (base_price < 41)
               Rows Removed by Filter: 96491
               Buffers: shared read=2613
         ->  Seq Scan on relation_6 source_6  (cost=0.00..71579.50 rows=182781 width=42) (actual rows=189688 loops=1)
               Filter: (base_price < 41)
               Rows Removed by Filter: 1688090
               Buffers: shared read=48105
         ->  Seq Scan on relation_7 source_7  (cost=0.00..5222.88 rows=14569 width=42) (actual rows=14126 loops=1)
               Filter: (base_price < 41)
               Rows Removed by Filter: 125544
               Buffers: shared read=3477
         ->  Seq Scan on relation_8 source_8  (cost=0.00..3579.00 rows=9706 width=42) (actual rows=10091 loops=1)
               Filter: (base_price < 41)
               Rows Removed by Filter: 89909
               Buffers: shared read=2329
         ->  Seq Scan on relation_9 source_9  (cost=0.00..16804.06 rows=46820 width=42) (actual rows=47555 loops=1)
               Filter: (base_price < 41)
               Rows Removed by Filter: 421890
               Buffers: shared read=10936
         ->  Seq Scan on relation_10 source_10  (cost=0.00..6048.51 rows=15617 width=42) (actual rows=16803 loops=1)
               Filter: (base_price < 41)
               Rows Removed by Filter: 152198
               Buffers: shared read=3936
         ->  Seq Scan on relation_11 source_11  (cost=0.00..24799.01 rows=68588 width=42) (actual rows=67795 loops=1)
               Filter: (base_price < 41)
               Rows Removed by Filter: 608206
               Buffers: shared read=16349
         ->  Seq Scan on relation_12 source_12  (cost=0.00..5262.23 rows=13644 width=42) (actual rows=14574 loops=1)
               Filter: (base_price < 41)
               Rows Removed by Filter: 130324
               Buffers: shared read=3451
         ->  Seq Scan on relation_13 source_13  (cost=0.00..2120.50 rows=6096 width=42) (actual rows=6045 loops=1)
               Filter: (base_price < 41)
               Rows Removed by Filter: 54075
               Buffers: shared read=1369
         ->  Seq Scan on relation_14 source_14  (cost=0.00..9447.79 rows=25834 width=42) (actual rows=26635 loops=1)
               Filter: (base_price < 41)
               Rows Removed by Filter: 237428
               Buffers: shared read=6147
         ->  Seq Scan on relation_15 source_15  (cost=0.00..12901.53 rows=35735 width=42) (actual rows=36735 loops=1)
               Filter: (base_price < 41)
               Rows Removed by Filter: 328027
               Buffers: shared read=8342
         ->  Seq Scan on relation_16 source_16  (cost=0.00..10807.77 rows=28293 width=42) (actual rows=29790 loops=1)
               Filter: (base_price < 41)
               Rows Removed by Filter: 268192
               Buffers: shared read=7083
         ->  Seq Scan on relation_17 source_17  (cost=0.00..62944.45 rows=167787 width=42) (actual rows=169851 loops=1)
               Filter: (base_price < 41)
               Rows Removed by Filter: 1520149
               Buffers: shared read=41821
         ->  Seq Scan on relation_18 source_18  (cost=0.00..4369.02 rows=11605 width=42) (actual rows=11737 loops=1)
               Filter: (base_price < 41)
               Rows Removed by Filter: 105625
               Buffers: shared read=2902
         ->  Seq Scan on relation_19 source_19  (cost=0.00..1039.03 rows=2733 width=42) (actual rows=2816 loops=1)
               Filter: (base_price < 41)
               Rows Removed by Filter: 25826
               Buffers: shared read=681
         ->  Seq Scan on relation_3 source_20  (cost=0.00..2360.86 rows=6774 width=42) (actual rows=6693 loops=1)
               Filter: (base_price < 41)
               Rows Removed by Filter: 60016
               Buffers: shared read=1527
         ->  Seq Scan on relation_20 source_21  (cost=0.00..38128.12 rows=106148 width=42) (actual rows=105826 loops=1)
               Filter: (base_price < 41)
               Rows Removed by Filter: 950424
               Buffers: shared read=24925
         ->  Seq Scan on relation_21 source_22  (cost=0.00..553.50 rows=1535 width=42) (actual rows=1550 loops=1)
               Filter: (base_price < 41)
               Rows Removed by Filter: 13450
               Buffers: shared read=366
   ->  Hash  (cost=3530.03..3530.03 rows=18158 width=8) (actual rows=18158 loops=1)
         Buckets: 32768  Batches: 1  Memory Usage: 966kB
         Buffers: shared hit=1655 read=81
         ->  Hash Join  (cost=489.56..3530.03 rows=18158 width=8) (actual rows=18158 loops=1)
               Hash Cond: (source_1.custorder_id = source.custorder_id)
               Buffers: shared hit=1655 read=81
               ->  Seq Scan on relation_37 source_1  (cost=0.00..2457.60 rows=80260 width=4) (actual rows=80260 loops=1)
                     Buffers: shared hit=1655
               ->  Hash  (cost=262.58..262.58 rows=18158 width=8) (actual rows=18158 loops=1)
                     Buckets: 32768  Batches: 1  Memory Usage: 966kB
                     Buffers: shared read=81
                     ->  Seq Scan on relation_53 source  (cost=0.00..262.58 rows=18158 width=8) (actual rows=18158 loops=1)
                           Buffers: shared read=81
 Planning:
   Buffers: shared hit=10 read=4
 Planning Time: 0.402 ms
 JIT:
   Functions: 100
   Options: Inlining true, Optimization true, Expressions true, Deforming true
 Execution Time: 1415.334 ms
(109 rows)

-- Q082 [selection_projection] occurrence 1/1
-- Original E/R: SELECT e.delivery_type, e.product_name, e.product_id FROM Media e WHERE e.format >= 'video';
EXPLAIN (ANALYZE, BUFFERS, TIMING OFF, SUMMARY ON, FORMAT TEXT)
WITH
"b0" AS (
    SELECT
        "source"."delivery_type" AS "delivery_type",
        "source"."format" AS "format",
        "source"."media_id" AS "product_id",
        "source"."product_name" AS "product_name"
    FROM "relation_20" AS "source"
)
SELECT 
    "b0"."delivery_type" AS "delivery_type",
    "b0"."product_name" AS "product_name",
    "b0"."product_id" AS "product_id"
FROM "b0"
WHERE ("b0"."format" >= 'video');
                                               QUERY PLAN                                                
---------------------------------------------------------------------------------------------------------
 Seq Scan on relation_20 source  (cost=0.00..38128.12 rows=262196 width=48) (actual rows=264087 loops=1)
   Filter: ((format)::text >= 'video'::text)
   Rows Removed by Filter: 792163
   Buffers: shared hit=32 read=24893
 Planning:
   Buffers: shared read=3
 Planning Time: 0.067 ms
 Execution Time: 111.167 ms
(8 rows)

-- Q083 [selection_projection] occurrence 1/1
-- Original E/R: SELECT e.warehouse_name FROM Warehouse e WHERE e.warehouse_name > 'Lewis-Hartman';
EXPLAIN (ANALYZE, BUFFERS, TIMING OFF, SUMMARY ON, FORMAT TEXT)
WITH
"b0" AS (
    SELECT
        "source"."warehouse_name" AS "warehouse_name"
    FROM "relation_41" AS "source"
)
SELECT 
    "b0"."warehouse_name" AS "warehouse_name"
FROM "b0"
WHERE ("b0"."warehouse_name" > 'Lewis-Hartman');
                                              QUERY PLAN                                              
------------------------------------------------------------------------------------------------------
 Seq Scan on relation_41 source  (cost=0.00..1764.78 rows=43157 width=17) (actual rows=43876 loops=1)
   Filter: ((warehouse_name)::text > 'Lewis-Hartman'::text)
   Rows Removed by Filter: 44106
   Buffers: shared read=665
 Planning Time: 0.056 ms
 Execution Time: 7.343 ms
(6 rows)

-- Q084 [weak_owner] occurrence 1/1
-- Original E/R: SELECT w.wishlist_id, w.wishlist_name, o.loyalty_tier FROM Wishlist w JOIN Customer o ON OWNER(w) = REF(o) WHERE o.email < 'jeffreybryant@example.com';
EXPLAIN (ANALYZE, BUFFERS, TIMING OFF, SUMMARY ON, FORMAT TEXT)
WITH
"b0" AS (
    SELECT
        "source"."wishlist_id" AS "wishlist_id",
        "source"."wishlist_name" AS "wishlist_name",
        "source"."customer_id" AS "__owner_0"
    FROM "relation_34" AS "source"
),
"b1" AS (
    SELECT
        "source"."loyalty_tier" AS "loyalty_tier",
        "source"."email" AS "email",
        "source"."customer_id" AS "__reference_0"
    FROM "relation_23" AS "source"
    UNION ALL
    SELECT
        "source"."loyalty_tier" AS "loyalty_tier",
        "source"."email" AS "email",
        "source"."primecustomer_id" AS "__reference_0"
    FROM "relation_24" AS "source"
    UNION ALL
    SELECT
        "source"."loyalty_tier" AS "loyalty_tier",
        "source"."email" AS "email",
        "source"."businesscustomer_id" AS "__reference_0"
    FROM "relation_25" AS "source"
)
SELECT 
    "b0"."wishlist_id" AS "wishlist_id",
    "b0"."wishlist_name" AS "wishlist_name",
    "b1"."loyalty_tier" AS "loyalty_tier"
FROM ("b0" INNER JOIN "b1" ON ("b0"."__owner_0" = "b1"."__reference_0"))
WHERE ("b1"."email" < 'jeffreybryant@example.com');
                                                      QUERY PLAN                                                       
-----------------------------------------------------------------------------------------------------------------------
 Hash Join  (cost=1302.22..55426.79 rows=427421 width=18) (actual rows=18461 loops=1)
   Hash Cond: (source_1.customer_id = source.customer_id)
   Buffers: shared read=33519
   ->  Append  (cost=0.00..48294.20 rows=414977 width=10) (actual rows=415697 loops=1)
         Buffers: shared read=33257
         ->  Seq Scan on relation_23 source_1  (cost=0.00..1550.31 rows=14882 width=10) (actual rows=14636 loops=1)
               Filter: ((email)::text < 'jeffreybryant@example.com'::text)
               Rows Removed by Filter: 22349
               Buffers: shared read=1088
         ->  Seq Scan on relation_24 source_2  (cost=0.00..4963.00 rows=40009 width=10) (actual rows=40142 loops=1)
               Filter: ((email)::text < 'jeffreybryant@example.com'::text)
               Rows Removed by Filter: 59858
               Buffers: shared read=3713
         ->  Seq Scan on relation_25 source_3  (cost=0.00..39706.00 rows=360086 width=10) (actual rows=360919 loops=1)
               Filter: ((email)::text < 'jeffreybryant@example.com'::text)
               Rows Removed by Filter: 539081
               Buffers: shared read=28456
   ->  Hash  (cost=724.32..724.32 rows=46232 width=16) (actual rows=46232 loops=1)
         Buckets: 65536  Batches: 1  Memory Usage: 2725kB
         Buffers: shared read=262
         ->  Seq Scan on relation_34 source  (cost=0.00..724.32 rows=46232 width=16) (actual rows=46232 loops=1)
               Buffers: shared read=262
 Planning Time: 0.138 ms
 Execution Time: 148.810 ms
(24 rows)

-- Q085 [complex_multi_join] occurrence 1/1
-- Original E/R: SELECT e1.custorder_id, e2.product_id, e3.product_name FROM order_items r1 JOIN CustOrder e1 ON ENDPOINT(r1, CustOrder) = REF(e1) JOIN Product e2 ON ENDPOINT(r1, Product) = REF(e2) JOIN bought_together r2 ON ENDPOINT(r2, bought_together_product_id) = REF(e2) JOIN Product e3 ON ENDPOINT(r2, product_id) = REF(e3) WHERE e2.product_id >= 10098074;
EXPLAIN (ANALYZE, BUFFERS, TIMING OFF, SUMMARY ON, FORMAT TEXT)
WITH
"b0" AS (
    SELECT
        "source"."custorder_id" AS "__endpoint_custorder_0",
        "source"."product_id" AS "__endpoint_product_0"
    FROM "relation_52" AS "source"
),
"b1" AS (
    SELECT
        "source"."custorder_id" AS "custorder_id",
        "source"."custorder_id" AS "__reference_0"
    FROM "relation_37" AS "source"
),
"b2" AS (
    SELECT
        "source"."product_id" AS "product_id",
        "source"."product_id" AS "__reference_0"
    FROM "relation_1" AS "source"
    UNION ALL
    SELECT
        "source"."physicalproduct_id" AS "product_id",
        "source"."physicalproduct_id" AS "__reference_0"
    FROM "relation_2" AS "source"
    UNION ALL
    SELECT
        "source"."electronics_id" AS "product_id",
        "source"."electronics_id" AS "__reference_0"
    FROM "relation_4" AS "source"
    UNION ALL
    SELECT
        "source"."computer_id" AS "product_id",
        "source"."computer_id" AS "__reference_0"
    FROM "relation_5" AS "source"
    UNION ALL
    SELECT
        "source"."desktop_id" AS "product_id",
        "source"."desktop_id" AS "__reference_0"
    FROM "relation_6" AS "source"
    UNION ALL
    SELECT
        "source"."laptop_id" AS "product_id",
        "source"."laptop_id" AS "__reference_0"
    FROM "relation_7" AS "source"
    UNION ALL
    SELECT
        "source"."tablet_id" AS "product_id",
        "source"."tablet_id" AS "__reference_0"
    FROM "relation_8" AS "source"
    UNION ALL
    SELECT
        "source"."smartwatch_id" AS "product_id",
        "source"."smartwatch_id" AS "__reference_0"
    FROM "relation_9" AS "source"
    UNION ALL
    SELECT
        "source"."camera_id" AS "product_id",
        "source"."camera_id" AS "__reference_0"
    FROM "relation_10" AS "source"
    UNION ALL
    SELECT
        "source"."phone_id" AS "product_id",
        "source"."phone_id" AS "__reference_0"
    FROM "relation_11" AS "source"
    UNION ALL
    SELECT
        "source"."accessory_id" AS "product_id",
        "source"."accessory_id" AS "__reference_0"
    FROM "relation_12" AS "source"
    UNION ALL
    SELECT
        "source"."appliance_id" AS "product_id",
        "source"."appliance_id" AS "__reference_0"
    FROM "relation_13" AS "source"
    UNION ALL
    SELECT
        "source"."kitchenappliance_id" AS "product_id",
        "source"."kitchenappliance_id" AS "__reference_0"
    FROM "relation_14" AS "source"
    UNION ALL
    SELECT
        "source"."apparel_id" AS "product_id",
        "source"."apparel_id" AS "__reference_0"
    FROM "relation_15" AS "source"
    UNION ALL
    SELECT
        "source"."clothing_id" AS "product_id",
        "source"."clothing_id" AS "__reference_0"
    FROM "relation_16" AS "source"
    UNION ALL
    SELECT
        "source"."menclothing_id" AS "product_id",
        "source"."menclothing_id" AS "__reference_0"
    FROM "relation_17" AS "source"
    UNION ALL
    SELECT
        "source"."womenclothing_id" AS "product_id",
        "source"."womenclothing_id" AS "__reference_0"
    FROM "relation_18" AS "source"
    UNION ALL
    SELECT
        "source"."footwear_id" AS "product_id",
        "source"."footwear_id" AS "__reference_0"
    FROM "relation_19" AS "source"
    UNION ALL
    SELECT
        "source"."digitalproduct_id" AS "product_id",
        "source"."digitalproduct_id" AS "__reference_0"
    FROM "relation_3" AS "source"
    UNION ALL
    SELECT
        "source"."media_id" AS "product_id",
        "source"."media_id" AS "__reference_0"
    FROM "relation_20" AS "source"
    UNION ALL
    SELECT
        "source"."software_id" AS "product_id",
        "source"."software_id" AS "__reference_0"
    FROM "relation_21" AS "source"
),
"b3" AS (
    SELECT
        "source"."bought_together_product_product_id" AS "__endpoint_bought_together_product_id_0",
        "source"."product_id" AS "__endpoint_product_id_0"
    FROM "relation_49" AS "source"
),
"b4" AS (
    SELECT
        "source"."product_name" AS "product_name",
        "source"."product_id" AS "__reference_0"
    FROM "relation_1" AS "source"
    UNION ALL
    SELECT
        "source"."product_name" AS "product_name",
        "source"."physicalproduct_id" AS "__reference_0"
    FROM "relation_2" AS "source"
    UNION ALL
    SELECT
        "source"."product_name" AS "product_name",
        "source"."electronics_id" AS "__reference_0"
    FROM "relation_4" AS "source"
    UNION ALL
    SELECT
        "source"."product_name" AS "product_name",
        "source"."computer_id" AS "__reference_0"
    FROM "relation_5" AS "source"
    UNION ALL
    SELECT
        "source"."product_name" AS "product_name",
        "source"."desktop_id" AS "__reference_0"
    FROM "relation_6" AS "source"
    UNION ALL
    SELECT
        "source"."product_name" AS "product_name",
        "source"."laptop_id" AS "__reference_0"
    FROM "relation_7" AS "source"
    UNION ALL
    SELECT
        "source"."product_name" AS "product_name",
        "source"."tablet_id" AS "__reference_0"
    FROM "relation_8" AS "source"
    UNION ALL
    SELECT
        "source"."product_name" AS "product_name",
        "source"."smartwatch_id" AS "__reference_0"
    FROM "relation_9" AS "source"
    UNION ALL
    SELECT
        "source"."product_name" AS "product_name",
        "source"."camera_id" AS "__reference_0"
    FROM "relation_10" AS "source"
    UNION ALL
    SELECT
        "source"."product_name" AS "product_name",
        "source"."phone_id" AS "__reference_0"
    FROM "relation_11" AS "source"
    UNION ALL
    SELECT
        "source"."product_name" AS "product_name",
        "source"."accessory_id" AS "__reference_0"
    FROM "relation_12" AS "source"
    UNION ALL
    SELECT
        "source"."product_name" AS "product_name",
        "source"."appliance_id" AS "__reference_0"
    FROM "relation_13" AS "source"
    UNION ALL
    SELECT
        "source"."product_name" AS "product_name",
        "source"."kitchenappliance_id" AS "__reference_0"
    FROM "relation_14" AS "source"
    UNION ALL
    SELECT
        "source"."product_name" AS "product_name",
        "source"."apparel_id" AS "__reference_0"
    FROM "relation_15" AS "source"
    UNION ALL
    SELECT
        "source"."product_name" AS "product_name",
        "source"."clothing_id" AS "__reference_0"
    FROM "relation_16" AS "source"
    UNION ALL
    SELECT
        "source"."product_name" AS "product_name",
        "source"."menclothing_id" AS "__reference_0"
    FROM "relation_17" AS "source"
    UNION ALL
    SELECT
        "source"."product_name" AS "product_name",
        "source"."womenclothing_id" AS "__reference_0"
    FROM "relation_18" AS "source"
    UNION ALL
    SELECT
        "source"."product_name" AS "product_name",
        "source"."footwear_id" AS "__reference_0"
    FROM "relation_19" AS "source"
    UNION ALL
    SELECT
        "source"."product_name" AS "product_name",
        "source"."digitalproduct_id" AS "__reference_0"
    FROM "relation_3" AS "source"
    UNION ALL
    SELECT
        "source"."product_name" AS "product_name",
        "source"."media_id" AS "__reference_0"
    FROM "relation_20" AS "source"
    UNION ALL
    SELECT
        "source"."product_name" AS "product_name",
        "source"."software_id" AS "__reference_0"
    FROM "relation_21" AS "source"
)
SELECT 
    "b1"."custorder_id" AS "custorder_id",
    "b2"."product_id" AS "product_id",
    "b4"."product_name" AS "product_name"
FROM (((("b0" INNER JOIN "b1" ON ("b0"."__endpoint_custorder_0" = "b1"."__reference_0")) INNER JOIN "b2" ON ("b0"."__endpoint_product_0" = "b2"."__reference_0")) INNER JOIN "b3" ON ("b3"."__endpoint_bought_together_product_id_0" = "b2"."__reference_0")) INNER JOIN "b4" ON ("b3"."__endpoint_product_id_0" = "b4"."__reference_0"))
WHERE ("b2"."product_id" >= 10098074);
                                                                                         QUERY PLAN                                                                                          
---------------------------------------------------------------------------------------------------------------------------------------------------------------------------------------------
 Hash Join  (cost=768279.92..1481977.84 rows=37858047 width=42) (actual rows=40575 loops=1)
   Hash Cond: (source_2.product_id = source.product_id)
   Buffers: shared hit=164662 read=516762
   ->  Append  (cost=0.29..268108.30 rows=6700881 width=8) (actual rows=6698709 loops=1)
         Buffers: shared hit=160715 read=51555
         ->  Index Only Scan using relation_1_pkey on relation_1 source_2  (cost=0.29..4.31 rows=1 width=8) (actual rows=0 loops=1)
               Index Cond: (product_id >= 10098074)
               Heap Fetches: 0
               Buffers: shared hit=2
         ->  Index Only Scan using relation_2_pkey on relation_2 source_3  (cost=0.29..4.31 rows=1 width=8) (actual rows=0 loops=1)
               Index Cond: (physicalproduct_id >= 10098074)
               Heap Fetches: 0
               Buffers: shared hit=2
         ->  Index Only Scan using relation_4_pkey on relation_4 source_4  (cost=0.43..4.45 rows=1 width=8) (actual rows=0 loops=1)
               Index Cond: (electronics_id >= 10098074)
               Heap Fetches: 0
               Buffers: shared hit=3
         ->  Index Only Scan using relation_5_pkey on relation_5 source_5  (cost=0.29..4.31 rows=1 width=8) (actual rows=0 loops=1)
               Index Cond: (computer_id >= 10098074)
               Heap Fetches: 0
               Buffers: shared hit=2
         ->  Index Only Scan using relation_6_pkey on relation_6 source_6  (cost=0.43..39519.00 rows=1107804 width=8) (actual rows=1105513 loops=1)
               Index Cond: (desktop_id >= 10098074)
               Heap Fetches: 0
               Buffers: shared hit=58917 read=5134
         ->  Index Only Scan using relation_7_pkey on relation_7 source_7  (cost=0.42..4484.64 rows=139670 width=8) (actual rows=139670 loops=1)
               Index Cond: (laptop_id >= 10098074)
               Heap Fetches: 0
               Buffers: shared read=509
         ->  Index Only Scan using relation_8_pkey on relation_8 source_8  (cost=0.29..2854.29 rows=100000 width=8) (actual rows=100000 loops=1)
               Index Cond: (tablet_id >= 10098074)
               Heap Fetches: 0
               Buffers: shared read=276
         ->  Seq Scan on relation_9 source_9  (cost=0.00..16804.06 rows=469445 width=8) (actual rows=469445 loops=1)
               Filter: (smartwatch_id >= 10098074)
               Buffers: shared hit=32 read=10904
         ->  Index Only Scan using relation_10_pkey on relation_10 source_10  (cost=0.42..4821.94 rows=169001 width=8) (actual rows=169001 loops=1)
               Index Cond: (camera_id >= 10098074)
               Heap Fetches: 0
               Buffers: shared read=465
         ->  Index Only Scan using relation_11_pkey on relation_11 source_11  (cost=0.42..24354.44 rows=676001 width=8) (actual rows=676001 loops=1)
               Index Cond: (phone_id >= 10098074)
               Heap Fetches: 0
               Buffers: shared read=3118
         ->  Index Only Scan using relation_12_pkey on relation_12 source_12  (cost=0.29..4128.01 rows=144898 width=8) (actual rows=144898 loops=1)
               Index Cond: (accessory_id >= 10098074)
               Heap Fetches: 0
               Buffers: shared read=398
         ->  Seq Scan on relation_13 source_13  (cost=0.00..2120.50 rows=60120 width=8) (actual rows=60120 loops=1)
               Filter: (appliance_id >= 10098074)
               Buffers: shared read=1369
         ->  Index Only Scan using relation_14_pkey on relation_14 source_14  (cost=0.42..8413.53 rows=264063 width=8) (actual rows=264063 loops=1)
               Index Cond: (kitchenappliance_id >= 10098074)
               Heap Fetches: 0
               Buffers: shared read=945
         ->  Seq Scan on relation_15 source_15  (cost=0.00..12901.53 rows=364762 width=8) (actual rows=364762 loops=1)
               Filter: (apparel_id >= 10098074)
               Buffers: shared hit=32 read=8310
         ->  Seq Scan on relation_16 source_16  (cost=0.00..10807.77 rows=297982 width=8) (actual rows=297982 loops=1)
               Filter: (clothing_id >= 10098074)
               Buffers: shared hit=32 read=7051
         ->  Index Only Scan using relation_17_pkey on relation_17 source_17  (cost=0.43..61337.26 rows=1689876 width=8) (actual rows=1690000 loops=1)
               Index Cond: (menclothing_id >= 10098074)
               Heap Fetches: 0
               Buffers: shared hit=101693 read=7909
         ->  Index Only Scan using relation_18_pkey on relation_18 source_18  (cost=0.29..3346.13 rows=117362 width=8) (actual rows=117362 loops=1)
               Index Cond: (womenclothing_id >= 10098074)
               Heap Fetches: 0
               Buffers: shared read=323
         ->  Index Only Scan using relation_19_pkey on relation_19 source_19  (cost=0.29..825.52 rows=28642 width=8) (actual rows=28642 loops=1)
               Index Cond: (footwear_id >= 10098074)
               Heap Fetches: 0
               Buffers: shared read=81
         ->  Index Only Scan using relation_3_pkey on relation_3 source_20  (cost=0.29..4.31 rows=1 width=8) (actual rows=0 loops=1)
               Index Cond: (digitalproduct_id >= 10098074)
               Heap Fetches: 0
               Buffers: shared read=2
         ->  Index Only Scan using relation_20_pkey on relation_20 source_21  (cost=0.43..37428.80 rows=1056250 width=8) (actual rows=1056250 loops=1)
               Index Cond: (media_id >= 10098074)
               Heap Fetches: 0
               Buffers: shared read=4718
         ->  Index Only Scan using relation_21_pkey on relation_21 source_22  (cost=0.29..434.79 rows=15000 width=8) (actual rows=15000 loops=1)
               Index Cond: (software_id >= 10098074)
               Heap Fetches: 0
               Buffers: shared read=43
   ->  Hash  (cost=760996.08..760996.08 rows=582684 width=46) (actual rows=101097 loops=1)
         Buckets: 1048576  Batches: 1  Memory Usage: 15943kB
         Buffers: shared hit=3947 read=465207
         ->  Gather  (cost=174817.90..760996.08 rows=582684 width=46) (actual rows=101097 loops=1)
               Workers Planned: 2
               Workers Launched: 0
               Buffers: shared hit=3947 read=465207
               ->  Parallel Hash Join  (cost=173817.90..701727.68 rows=242785 width=46) (actual rows=101097 loops=1)
                     Hash Cond: (source_26.electronics_id = source_23.product_id)
                     Buffers: shared hit=3947 read=465207
                     ->  Parallel Append  (cost=0.00..500654.34 rows=6998356 width=38) (actual rows=16796782 loops=1)
                           Buffers: shared hit=3943 read=390633
                           ->  Parallel Seq Scan on relation_4 source_26  (cost=0.00..242535.59 rows=3751359 width=38) (actual rows=9004045 loops=1)
                                 Buffers: shared read=205022
                           ->  Parallel Seq Scan on relation_6 source_28  (cost=0.00..55929.83 rows=782483 width=38) (actual rows=1877778 loops=1)
                                 Buffers: shared read=48105
                           ->  Parallel Seq Scan on relation_17 source_39  (cost=0.00..48862.15 rows=704115 width=38) (actual rows=1690000 loops=1)
                                 Buffers: shared read=41821
                           ->  Parallel Seq Scan on relation_20 source_43  (cost=0.00..29326.04 rows=440104 width=38) (actual rows=1056250 loops=1)
                                 Buffers: shared read=24925
                           ->  Parallel Seq Scan on relation_11 source_33  (cost=0.00..19165.67 rows=281667 width=38) (actual rows=676001 loops=1)
                                 Buffers: shared read=16349
                           ->  Parallel Seq Scan on relation_9 source_31  (cost=0.00..12892.02 rows=195602 width=38) (actual rows=469445 loops=1)
                                 Buffers: shared read=10936
                           ->  Parallel Seq Scan on relation_15 source_37  (cost=0.00..9861.84 rows=151984 width=38) (actual rows=364762 loops=1)
                                 Buffers: shared read=8342
                           ->  Parallel Seq Scan on relation_16 source_38  (cost=0.00..8324.59 rows=124159 width=38) (actual rows=297982 loops=1)
                                 Buffers: shared read=7083
                           ->  Parallel Seq Scan on relation_14 source_36  (cost=0.00..7247.26 rows=110026 width=38) (actual rows=264063 loops=1)
                                 Buffers: shared read=6147
                           ->  Parallel Seq Scan on relation_10 source_32  (cost=0.00..4640.17 rows=70417 width=38) (actual rows=169001 loops=1)
                                 Buffers: shared read=3936
                           ->  Parallel Seq Scan on relation_7 source_29  (cost=0.00..4058.96 rows=58196 width=38) (actual rows=139670 loops=1)
                                 Buffers: shared read=3477
                           ->  Parallel Seq Scan on relation_12 source_34  (cost=0.00..4054.74 rows=60374 width=38) (actual rows=144898 loops=1)
                                 Buffers: shared read=3451
                           ->  Parallel Seq Scan on relation_18 source_40  (cost=0.00..3592.36 rows=69036 width=38) (actual rows=117362 loops=1)
                                 Buffers: shared read=2902
                           ->  Parallel Seq Scan on relation_5 source_27  (cost=0.00..3243.53 rows=63053 width=38) (actual rows=107190 loops=1)
                                 Buffers: shared read=2613
                           ->  Parallel Seq Scan on relation_8 source_30  (cost=0.00..2917.24 rows=58824 width=38) (actual rows=100000 loops=1)
                                 Buffers: shared read=2329
                           ->  Parallel Seq Scan on relation_2 source_25  (cost=0.00..2417.09 rows=50509 width=38) (actual rows=85865 loops=1)
                                 Buffers: shared read=1912
                           ->  Parallel Seq Scan on relation_3 source_42  (cost=0.00..1919.41 rows=39241 width=38) (actual rows=66709 loops=1)
                                 Buffers: shared hit=1527
                           ->  Parallel Seq Scan on relation_13 source_35  (cost=0.00..1722.65 rows=35365 width=38) (actual rows=60120 loops=1)
                                 Buffers: shared hit=1369
                           ->  Parallel Seq Scan on relation_1 source_24  (cost=0.00..1647.70 rows=36470 width=38) (actual rows=61999 loops=1)
                                 Buffers: shared read=1283
                           ->  Parallel Seq Scan on relation_19 source_41  (cost=0.00..849.48 rows=16848 width=38) (actual rows=28642 loops=1)
                                 Buffers: shared hit=681
                           ->  Parallel Seq Scan on relation_21 source_44  (cost=0.00..454.24 rows=8824 width=38) (actual rows=15000 loops=1)
                                 Buffers: shared hit=366
                     ->  Parallel Hash  (cost=172647.95..172647.95 rows=93596 width=16) (actual rows=101097 loops=1)
                           Buckets: 262144  Batches: 1  Memory Usage: 6816kB
                           Buffers: shared hit=4 read=74574
                           ->  Parallel Hash Join  (cost=5902.70..172647.95 rows=93596 width=16) (actual rows=101097 loops=1)
                                 Hash Cond: (source_23.bought_together_product_product_id = source.product_id)
                                 Buffers: shared hit=4 read=74574
                                 ->  Parallel Seq Scan on relation_49 source_23  (cost=0.00..140766.01 rows=6823801 width=8) (actual rows=16378086 loops=1)
                                       Buffers: shared read=72528
                                 ->  Parallel Hash  (cost=5362.25..5362.25 rows=43236 width=8) (actual rows=103766 loops=1)
                                       Buckets: 131072  Batches: 1  Memory Usage: 5088kB
                                       Buffers: shared hit=4 read=2046
                                       ->  Parallel Hash Join  (cost=2717.56..5362.25 rows=43236 width=8) (actual rows=103766 loops=1)
                                             Hash Cond: (source.custorder_id = source_1.custorder_id)
                                             Buffers: shared hit=4 read=2046
                                             ->  Parallel Index Only Scan using relation_52_pkey on relation_52 source  (cost=0.29..2531.48 rows=43236 width=8) (actual rows=103766 loops=1)
                                                   Heap Fetches: 0
                                                   Buffers: shared hit=4 read=391
                                             ->  Parallel Hash  (cost=2127.12..2127.12 rows=47212 width=4) (actual rows=80260 loops=1)
                                                   Buckets: 131072  Batches: 1  Memory Usage: 4192kB
                                                   Buffers: shared read=1655
                                                   ->  Parallel Seq Scan on relation_37 source_1  (cost=0.00..2127.12 rows=47212 width=4) (actual rows=80260 loops=1)
                                                         Buffers: shared read=1655
 Planning:
   Buffers: shared hit=4 read=80
 Planning Time: 1.197 ms
 JIT:
   Functions: 121
   Options: Inlining true, Optimization true, Expressions true, Deforming true
 Execution Time: 4084.772 ms
(168 rows)

-- Q086 [selection_projection] occurrence 1/1
-- Original E/R: SELECT e.ram_gb FROM Desktop e WHERE e.product_id > 10269581;
EXPLAIN (ANALYZE, BUFFERS, TIMING OFF, SUMMARY ON, FORMAT TEXT)
WITH
"b0" AS (
    SELECT
        "source"."ram_gb" AS "ram_gb",
        "source"."desktop_id" AS "product_id"
    FROM "relation_6" AS "source"
)
SELECT 
    "b0"."ram_gb" AS "ram_gb"
FROM "b0"
WHERE ("b0"."product_id" > 10269581);
                                              QUERY PLAN                                               
-------------------------------------------------------------------------------------------------------
 Seq Scan on relation_6 source  (cost=0.00..71579.50 rows=937549 width=4) (actual rows=934005 loops=1)
   Filter: (desktop_id > 10269581)
   Rows Removed by Filter: 943773
   Buffers: shared read=48105
 Planning:
   Buffers: shared read=3
 Planning Time: 0.069 ms
 Execution Time: 141.262 ms
(8 rows)

-- Q087 [selection_projection] occurrence 1/1
-- Original E/R: SELECT e.product_id, e.is_active FROM KitchenAppliance e WHERE e.product_id >= 13097966;
EXPLAIN (ANALYZE, BUFFERS, TIMING OFF, SUMMARY ON, FORMAT TEXT)
WITH
"b0" AS (
    SELECT
        "source"."is_active" AS "is_active",
        "source"."kitchenappliance_id" AS "product_id"
    FROM "relation_14" AS "source"
)
SELECT 
    "b0"."product_id" AS "product_id",
    "b0"."is_active" AS "is_active"
FROM "b0"
WHERE ("b0"."product_id" >= 13097966);
                                              QUERY PLAN                                               
-------------------------------------------------------------------------------------------------------
 Seq Scan on relation_14 source  (cost=0.00..9447.79 rows=130097 width=8) (actual rows=128819 loops=1)
   Filter: (kitchenappliance_id >= 13097966)
   Rows Removed by Filter: 135244
   Buffers: shared read=6147
 Planning Time: 0.045 ms
 Execution Time: 18.066 ms
(6 rows)

-- Q088 [weak_owner] occurrence 1/1
-- Original E/R: SELECT w.code, w.bin_id, o.warehouse_name FROM WarehouseBin w JOIN Warehouse o ON OWNER(w) = REF(o) WHERE o.warehouse_id <= 26870;
EXPLAIN (ANALYZE, BUFFERS, TIMING OFF, SUMMARY ON, FORMAT TEXT)
WITH
"b0" AS (
    SELECT
        "source"."bin_id" AS "bin_id",
        "source"."code" AS "code",
        "source"."warehouse_id" AS "__owner_0"
    FROM "relation_42" AS "source"
),
"b1" AS (
    SELECT
        "source"."warehouse_id" AS "warehouse_id",
        "source"."warehouse_name" AS "warehouse_name",
        "source"."warehouse_id" AS "__reference_0"
    FROM "relation_41" AS "source"
)
SELECT 
    "b0"."code" AS "code",
    "b0"."bin_id" AS "bin_id",
    "b1"."warehouse_name" AS "warehouse_name"
FROM ("b0" INNER JOIN "b1" ON ("b0"."__owner_0" = "b1"."__reference_0"))
WHERE ("b1"."warehouse_id" <= 26870);
                                                       QUERY PLAN                                                       
------------------------------------------------------------------------------------------------------------------------
 Hash Join  (cost=907.08..2146.68 rows=3498 width=31) (actual rows=3576 loops=1)
   Hash Cond: (source_1.warehouse_id = source.warehouse_id)
   Buffers: shared hit=2 read=408
   ->  Bitmap Heap Scan on relation_41 source_1  (cost=577.40..1579.66 rows=26981 width=21) (actual rows=26870 loops=1)
         Recheck Cond: (warehouse_id <= 26870)
         Heap Blocks: exact=206
         Buffers: shared hit=2 read=335
         ->  Bitmap Index Scan on relation_41_pkey  (cost=0.00..570.65 rows=26981 width=0) (actual rows=26870 loops=1)
               Index Cond: (warehouse_id <= 26870)
               Buffers: shared hit=2 read=129
   ->  Hash  (cost=187.08..187.08 rows=11408 width=18) (actual rows=11408 loops=1)
         Buckets: 16384  Batches: 1  Memory Usage: 708kB
         Buffers: shared read=73
         ->  Seq Scan on relation_42 source  (cost=0.00..187.08 rows=11408 width=18) (actual rows=11408 loops=1)
               Buffers: shared read=73
 Planning:
   Buffers: shared hit=4 read=8
 Planning Time: 0.125 ms
 Execution Time: 55.056 ms
(19 rows)

-- Q089 [selection_projection] occurrence 1/1
-- Original E/R: SELECT e.sku, e.base_price, e.is_active, e.product_id FROM Product e WHERE e.is_active >= 1;
EXPLAIN (ANALYZE, BUFFERS, TIMING OFF, SUMMARY ON, FORMAT TEXT)
WITH
"b0" AS (
    SELECT
        "source"."base_price" AS "base_price",
        "source"."is_active" AS "is_active",
        "source"."product_id" AS "product_id",
        "source"."sku" AS "sku"
    FROM "relation_1" AS "source"
    UNION ALL
    SELECT
        "source"."base_price" AS "base_price",
        "source"."is_active" AS "is_active",
        "source"."physicalproduct_id" AS "product_id",
        "source"."sku" AS "sku"
    FROM "relation_2" AS "source"
    UNION ALL
    SELECT
        "source"."base_price" AS "base_price",
        "source"."is_active" AS "is_active",
        "source"."electronics_id" AS "product_id",
        "source"."sku" AS "sku"
    FROM "relation_4" AS "source"
    UNION ALL
    SELECT
        "source"."base_price" AS "base_price",
        "source"."is_active" AS "is_active",
        "source"."computer_id" AS "product_id",
        "source"."sku" AS "sku"
    FROM "relation_5" AS "source"
    UNION ALL
    SELECT
        "source"."base_price" AS "base_price",
        "source"."is_active" AS "is_active",
        "source"."desktop_id" AS "product_id",
        "source"."sku" AS "sku"
    FROM "relation_6" AS "source"
    UNION ALL
    SELECT
        "source"."base_price" AS "base_price",
        "source"."is_active" AS "is_active",
        "source"."laptop_id" AS "product_id",
        "source"."sku" AS "sku"
    FROM "relation_7" AS "source"
    UNION ALL
    SELECT
        "source"."base_price" AS "base_price",
        "source"."is_active" AS "is_active",
        "source"."tablet_id" AS "product_id",
        "source"."sku" AS "sku"
    FROM "relation_8" AS "source"
    UNION ALL
    SELECT
        "source"."base_price" AS "base_price",
        "source"."is_active" AS "is_active",
        "source"."smartwatch_id" AS "product_id",
        "source"."sku" AS "sku"
    FROM "relation_9" AS "source"
    UNION ALL
    SELECT
        "source"."base_price" AS "base_price",
        "source"."is_active" AS "is_active",
        "source"."camera_id" AS "product_id",
        "source"."sku" AS "sku"
    FROM "relation_10" AS "source"
    UNION ALL
    SELECT
        "source"."base_price" AS "base_price",
        "source"."is_active" AS "is_active",
        "source"."phone_id" AS "product_id",
        "source"."sku" AS "sku"
    FROM "relation_11" AS "source"
    UNION ALL
    SELECT
        "source"."base_price" AS "base_price",
        "source"."is_active" AS "is_active",
        "source"."accessory_id" AS "product_id",
        "source"."sku" AS "sku"
    FROM "relation_12" AS "source"
    UNION ALL
    SELECT
        "source"."base_price" AS "base_price",
        "source"."is_active" AS "is_active",
        "source"."appliance_id" AS "product_id",
        "source"."sku" AS "sku"
    FROM "relation_13" AS "source"
    UNION ALL
    SELECT
        "source"."base_price" AS "base_price",
        "source"."is_active" AS "is_active",
        "source"."kitchenappliance_id" AS "product_id",
        "source"."sku" AS "sku"
    FROM "relation_14" AS "source"
    UNION ALL
    SELECT
        "source"."base_price" AS "base_price",
        "source"."is_active" AS "is_active",
        "source"."apparel_id" AS "product_id",
        "source"."sku" AS "sku"
    FROM "relation_15" AS "source"
    UNION ALL
    SELECT
        "source"."base_price" AS "base_price",
        "source"."is_active" AS "is_active",
        "source"."clothing_id" AS "product_id",
        "source"."sku" AS "sku"
    FROM "relation_16" AS "source"
    UNION ALL
    SELECT
        "source"."base_price" AS "base_price",
        "source"."is_active" AS "is_active",
        "source"."menclothing_id" AS "product_id",
        "source"."sku" AS "sku"
    FROM "relation_17" AS "source"
    UNION ALL
    SELECT
        "source"."base_price" AS "base_price",
        "source"."is_active" AS "is_active",
        "source"."womenclothing_id" AS "product_id",
        "source"."sku" AS "sku"
    FROM "relation_18" AS "source"
    UNION ALL
    SELECT
        "source"."base_price" AS "base_price",
        "source"."is_active" AS "is_active",
        "source"."footwear_id" AS "product_id",
        "source"."sku" AS "sku"
    FROM "relation_19" AS "source"
    UNION ALL
    SELECT
        "source"."base_price" AS "base_price",
        "source"."is_active" AS "is_active",
        "source"."digitalproduct_id" AS "product_id",
        "source"."sku" AS "sku"
    FROM "relation_3" AS "source"
    UNION ALL
    SELECT
        "source"."base_price" AS "base_price",
        "source"."is_active" AS "is_active",
        "source"."media_id" AS "product_id",
        "source"."sku" AS "sku"
    FROM "relation_20" AS "source"
    UNION ALL
    SELECT
        "source"."base_price" AS "base_price",
        "source"."is_active" AS "is_active",
        "source"."software_id" AS "product_id",
        "source"."sku" AS "sku"
    FROM "relation_21" AS "source"
)
SELECT 
    "b0"."sku" AS "sku",
    "b0"."base_price" AS "base_price",
    "b0"."is_active" AS "is_active",
    "b0"."product_id" AS "product_id"
FROM "b0"
WHERE ("b0"."is_active" >= 1);
                                                     QUERY PLAN                                                     
--------------------------------------------------------------------------------------------------------------------
 Append  (cost=0.00..675864.73 rows=14267606 width=30) (actual rows=14276122 loops=1)
   Buffers: shared hit=32 read=394544
   ->  Seq Scan on relation_1 source  (cost=0.00..2057.99 rows=52962 width=30) (actual rows=52823 loops=1)
         Filter: (is_active >= 1)
         Rows Removed by Filter: 9176
         Buffers: shared read=1283
   ->  Seq Scan on relation_2 source_1  (cost=0.00..2985.31 rows=73057 width=30) (actual rows=72955 loops=1)
         Filter: (is_active >= 1)
         Rows Removed by Filter: 12910
         Buffers: shared read=1912
   ->  Seq Scan on relation_4 source_2  (cost=0.00..317562.76 rows=7640467 width=30) (actual rows=7653575 loops=1)
         Filter: (is_active >= 1)
         Rows Removed by Filter: 1350470
         Buffers: shared read=205022
   ->  Seq Scan on relation_5 source_3  (cost=0.00..3952.88 rows=91187 width=30) (actual rows=91115 loops=1)
         Filter: (is_active >= 1)
         Rows Removed by Filter: 16075
         Buffers: shared read=2613
   ->  Seq Scan on relation_6 source_4  (cost=0.00..71579.50 rows=1599834 width=30) (actual rows=1594474 loops=1)
         Filter: (is_active >= 1)
         Rows Removed by Filter: 283304
         Buffers: shared hit=32 read=48073
   ->  Seq Scan on relation_7 source_5  (cost=0.00..5222.88 rows=119008 width=30) (actual rows=118485 loops=1)
         Filter: (is_active >= 1)
         Rows Removed by Filter: 21185
         Buffers: shared read=3477
   ->  Seq Scan on relation_8 source_6  (cost=0.00..3579.00 rows=85100 width=30) (actual rows=85185 loops=1)
         Filter: (is_active >= 1)
         Rows Removed by Filter: 14815
         Buffers: shared read=2329
   ->  Seq Scan on relation_9 source_7  (cost=0.00..16804.06 rows=398590 width=30) (actual rows=398598 loops=1)
         Filter: (is_active >= 1)
         Rows Removed by Filter: 70847
         Buffers: shared read=10936
   ->  Seq Scan on relation_10 source_8  (cost=0.00..6048.51 rows=143668 width=30) (actual rows=143537 loops=1)
         Filter: (is_active >= 1)
         Rows Removed by Filter: 25464
         Buffers: shared read=3936
   ->  Seq Scan on relation_11 source_9  (cost=0.00..24799.01 rows=574263 width=30) (actual rows=575193 loops=1)
         Filter: (is_active >= 1)
         Rows Removed by Filter: 100808
         Buffers: shared read=16349
   ->  Seq Scan on relation_12 source_10  (cost=0.00..5262.23 rows=122787 width=30) (actual rows=123263 loops=1)
         Filter: (is_active >= 1)
         Rows Removed by Filter: 21635
         Buffers: shared read=3451
   ->  Seq Scan on relation_13 source_11  (cost=0.00..2120.50 rows=51112 width=30) (actual rows=51149 loops=1)
         Filter: (is_active >= 1)
         Rows Removed by Filter: 8971
         Buffers: shared read=1369
   ->  Seq Scan on relation_14 source_12  (cost=0.00..9447.79 rows=224586 width=30) (actual rows=224507 loops=1)
         Filter: (is_active >= 1)
         Rows Removed by Filter: 39556
         Buffers: shared read=6147
   ->  Seq Scan on relation_15 source_13  (cost=0.00..12901.53 rows=309829 width=30) (actual rows=310107 loops=1)
         Filter: (is_active >= 1)
         Rows Removed by Filter: 54655
         Buffers: shared read=8342
   ->  Seq Scan on relation_16 source_14  (cost=0.00..10807.77 rows=253960 width=30) (actual rows=253275 loops=1)
         Filter: (is_active >= 1)
         Rows Removed by Filter: 44707
         Buffers: shared read=7083
   ->  Seq Scan on relation_17 source_15  (cost=0.00..62944.45 rows=1437803 width=30) (actual rows=1436177 loops=1)
         Filter: (is_active >= 1)
         Rows Removed by Filter: 253823
         Buffers: shared read=41821
   ->  Seq Scan on relation_18 source_16  (cost=0.00..4369.02 rows=99363 width=30) (actual rows=99587 loops=1)
         Filter: (is_active >= 1)
         Rows Removed by Filter: 17775
         Buffers: shared read=2902
   ->  Seq Scan on relation_19 source_17  (cost=0.00..1039.03 rows=24349 width=30) (actual rows=24349 loops=1)
         Filter: (is_active >= 1)
         Rows Removed by Filter: 4293
         Buffers: shared read=681
   ->  Seq Scan on relation_3 source_18  (cost=0.00..2360.86 rows=56878 width=30) (actual rows=56691 loops=1)
         Filter: (is_active >= 1)
         Rows Removed by Filter: 10018
         Buffers: shared read=1527
   ->  Seq Scan on relation_20 source_19  (cost=0.00..38128.12 rows=896087 width=30) (actual rows=898361 loops=1)
         Filter: (is_active >= 1)
         Rows Removed by Filter: 157889
         Buffers: shared read=24925
   ->  Seq Scan on relation_21 source_20  (cost=0.00..553.50 rows=12716 width=30) (actual rows=12716 loops=1)
         Filter: (is_active >= 1)
         Rows Removed by Filter: 2284
         Buffers: shared read=366
 Planning Time: 0.266 ms
 JIT:
   Functions: 84
   Options: Inlining true, Optimization true, Expressions true, Deforming true
 Execution Time: 1693.227 ms
(91 rows)

-- Q090 [relationship_join] occurrence 1/1
-- Original E/R: SELECT e1.sku, e1.quantity, e2.bin_id, e2.code FROM stock r JOIN Product e1 ON ENDPOINT(r, Product) = REF(e1) JOIN WarehouseBin e2 ON ENDPOINT(r, WarehouseBin) = REF(e2) WHERE e1.product_id < 3392411;
EXPLAIN (ANALYZE, BUFFERS, TIMING OFF, SUMMARY ON, FORMAT TEXT)
WITH
"b0" AS (
    SELECT
        "source"."product_id" AS "__endpoint_product_0",
        "source"."warehouse_id" AS "__endpoint_warehousebin_0",
        "source"."bin_id" AS "__endpoint_warehousebin_1"
    FROM "relation_54" AS "source"
),
"b1" AS (
    SELECT
        "source"."product_id" AS "product_id",
        "source"."quantity" AS "quantity",
        "source"."sku" AS "sku",
        "source"."product_id" AS "__reference_0"
    FROM "relation_1" AS "source"
    UNION ALL
    SELECT
        "source"."physicalproduct_id" AS "product_id",
        "source"."quantity" AS "quantity",
        "source"."sku" AS "sku",
        "source"."physicalproduct_id" AS "__reference_0"
    FROM "relation_2" AS "source"
    UNION ALL
    SELECT
        "source"."electronics_id" AS "product_id",
        "source"."quantity" AS "quantity",
        "source"."sku" AS "sku",
        "source"."electronics_id" AS "__reference_0"
    FROM "relation_4" AS "source"
    UNION ALL
    SELECT
        "source"."computer_id" AS "product_id",
        "source"."quantity" AS "quantity",
        "source"."sku" AS "sku",
        "source"."computer_id" AS "__reference_0"
    FROM "relation_5" AS "source"
    UNION ALL
    SELECT
        "source"."desktop_id" AS "product_id",
        "source"."quantity" AS "quantity",
        "source"."sku" AS "sku",
        "source"."desktop_id" AS "__reference_0"
    FROM "relation_6" AS "source"
    UNION ALL
    SELECT
        "source"."laptop_id" AS "product_id",
        "source"."quantity" AS "quantity",
        "source"."sku" AS "sku",
        "source"."laptop_id" AS "__reference_0"
    FROM "relation_7" AS "source"
    UNION ALL
    SELECT
        "source"."tablet_id" AS "product_id",
        "source"."quantity" AS "quantity",
        "source"."sku" AS "sku",
        "source"."tablet_id" AS "__reference_0"
    FROM "relation_8" AS "source"
    UNION ALL
    SELECT
        "source"."smartwatch_id" AS "product_id",
        "source"."quantity" AS "quantity",
        "source"."sku" AS "sku",
        "source"."smartwatch_id" AS "__reference_0"
    FROM "relation_9" AS "source"
    UNION ALL
    SELECT
        "source"."camera_id" AS "product_id",
        "source"."quantity" AS "quantity",
        "source"."sku" AS "sku",
        "source"."camera_id" AS "__reference_0"
    FROM "relation_10" AS "source"
    UNION ALL
    SELECT
        "source"."phone_id" AS "product_id",
        "source"."quantity" AS "quantity",
        "source"."sku" AS "sku",
        "source"."phone_id" AS "__reference_0"
    FROM "relation_11" AS "source"
    UNION ALL
    SELECT
        "source"."accessory_id" AS "product_id",
        "source"."quantity" AS "quantity",
        "source"."sku" AS "sku",
        "source"."accessory_id" AS "__reference_0"
    FROM "relation_12" AS "source"
    UNION ALL
    SELECT
        "source"."appliance_id" AS "product_id",
        "source"."quantity" AS "quantity",
        "source"."sku" AS "sku",
        "source"."appliance_id" AS "__reference_0"
    FROM "relation_13" AS "source"
    UNION ALL
    SELECT
        "source"."kitchenappliance_id" AS "product_id",
        "source"."quantity" AS "quantity",
        "source"."sku" AS "sku",
        "source"."kitchenappliance_id" AS "__reference_0"
    FROM "relation_14" AS "source"
    UNION ALL
    SELECT
        "source"."apparel_id" AS "product_id",
        "source"."quantity" AS "quantity",
        "source"."sku" AS "sku",
        "source"."apparel_id" AS "__reference_0"
    FROM "relation_15" AS "source"
    UNION ALL
    SELECT
        "source"."clothing_id" AS "product_id",
        "source"."quantity" AS "quantity",
        "source"."sku" AS "sku",
        "source"."clothing_id" AS "__reference_0"
    FROM "relation_16" AS "source"
    UNION ALL
    SELECT
        "source"."menclothing_id" AS "product_id",
        "source"."quantity" AS "quantity",
        "source"."sku" AS "sku",
        "source"."menclothing_id" AS "__reference_0"
    FROM "relation_17" AS "source"
    UNION ALL
    SELECT
        "source"."womenclothing_id" AS "product_id",
        "source"."quantity" AS "quantity",
        "source"."sku" AS "sku",
        "source"."womenclothing_id" AS "__reference_0"
    FROM "relation_18" AS "source"
    UNION ALL
    SELECT
        "source"."footwear_id" AS "product_id",
        "source"."quantity" AS "quantity",
        "source"."sku" AS "sku",
        "source"."footwear_id" AS "__reference_0"
    FROM "relation_19" AS "source"
    UNION ALL
    SELECT
        "source"."digitalproduct_id" AS "product_id",
        "source"."quantity" AS "quantity",
        "source"."sku" AS "sku",
        "source"."digitalproduct_id" AS "__reference_0"
    FROM "relation_3" AS "source"
    UNION ALL
    SELECT
        "source"."media_id" AS "product_id",
        "source"."quantity" AS "quantity",
        "source"."sku" AS "sku",
        "source"."media_id" AS "__reference_0"
    FROM "relation_20" AS "source"
    UNION ALL
    SELECT
        "source"."software_id" AS "product_id",
        "source"."quantity" AS "quantity",
        "source"."sku" AS "sku",
        "source"."software_id" AS "__reference_0"
    FROM "relation_21" AS "source"
),
"b2" AS (
    SELECT
        "source"."bin_id" AS "bin_id",
        "source"."code" AS "code",
        "source"."warehouse_id" AS "__reference_0",
        "source"."bin_id" AS "__reference_1"
    FROM "relation_42" AS "source"
)
SELECT 
    "b1"."sku" AS "sku",
    "b1"."quantity" AS "quantity",
    "b2"."bin_id" AS "bin_id",
    "b2"."code" AS "code"
FROM (("b0" INNER JOIN "b1" ON ("b0"."__endpoint_product_0" = "b1"."__reference_0")) INNER JOIN "b2" ON ("b0"."__endpoint_warehousebin_0" = "b2"."__reference_0" AND "b0"."__endpoint_warehousebin_1" = "b2"."__reference_1"))
WHERE ("b1"."product_id" < 3392411);
                                                                   QUERY PLAN                                                                   
------------------------------------------------------------------------------------------------------------------------------------------------
 Gather  (cost=1358.49..159877.24 rows=1375 width=36) (actual rows=2644750 loops=1)
   Workers Planned: 2
   Workers Launched: 0
   Buffers: shared hit=140943860 read=1943529
   ->  Nested Loop  (cost=358.49..158739.74 rows=573 width=36) (actual rows=2644750 loops=1)
         Buffers: shared hit=140943860 read=1943529
         ->  Hash Join  (cost=358.20..154411.56 rows=512 width=18) (actual rows=13100150 loops=1)
               Hash Cond: ((source.warehouse_id = source_22.warehouse_id) AND (source.bin_id = source_22.bin_id))
               Buffers: shared read=70889
               ->  Parallel Seq Scan on relation_54 source  (cost=0.00..125397.88 rows=5458188 width=12) (actual rows=13100150 loops=1)
                     Buffers: shared read=70816
               ->  Hash  (cost=187.08..187.08 rows=11408 width=18) (actual rows=11408 loops=1)
                     Buckets: 16384  Batches: 1  Memory Usage: 708kB
                     Buffers: shared read=73
                     ->  Seq Scan on relation_42 source_22  (cost=0.00..187.08 rows=11408 width=18) (actual rows=11408 loops=1)
                           Buffers: shared read=73
         ->  Append  (cost=0.29..8.24 rows=21 width=26) (actual rows=0 loops=13100150)
               Buffers: shared hit=140943860 read=1872640
               ->  Index Scan using relation_1_pkey on relation_1 source_1  (cost=0.29..0.31 rows=1 width=26) (actual rows=0 loops=13100150)
                     Index Cond: ((product_id = source.product_id) AND (product_id < 3392411))
                     Buffers: shared hit=5309106 read=28805
               ->  Index Scan using relation_2_pkey on relation_2 source_2  (cost=0.29..0.31 rows=1 width=26) (actual rows=0 loops=13100150)
                     Index Cond: ((physicalproduct_id = source.product_id) AND (physicalproduct_id < 3392411))
                     Buffers: shared hit=5316217 read=39990
               ->  Index Scan using relation_4_pkey on relation_4 source_3  (cost=0.43..0.53 rows=1 width=26) (actual rows=0 loops=13100150)
                     Index Cond: ((electronics_id = source.product_id) AND (electronics_id < 3392411))
                     Buffers: shared hit=8638934 read=1772678
               ->  Index Scan using relation_5_pkey on relation_5 source_4  (cost=0.29..0.31 rows=1 width=26) (actual rows=0 loops=13100150)
                     Index Cond: ((computer_id = source.product_id) AND (computer_id < 3392411))
                     Buffers: shared hit=5289500
               ->  Index Scan using relation_6_pkey on relation_6 source_5  (cost=0.43..0.46 rows=1 width=26) (actual rows=0 loops=13100150)
                     Index Cond: ((desktop_id = source.product_id) AND (desktop_id < 3392411))
                     Buffers: shared hit=7934250
               ->  Index Scan using relation_7_pkey on relation_7 source_6  (cost=0.42..0.44 rows=1 width=26) (actual rows=0 loops=13100150)
                     Index Cond: ((laptop_id = source.product_id) AND (laptop_id < 3392411))
                     Buffers: shared hit=7934250
               ->  Index Scan using relation_8_pkey on relation_8 source_7  (cost=0.29..0.31 rows=1 width=26) (actual rows=0 loops=13100150)
                     Index Cond: ((tablet_id = source.product_id) AND (tablet_id < 3392411))
                     Buffers: shared hit=5289500
               ->  Index Scan using relation_9_pkey on relation_9 source_8  (cost=0.42..0.45 rows=1 width=26) (actual rows=0 loops=13100150)
                     Index Cond: ((smartwatch_id = source.product_id) AND (smartwatch_id < 3392411))
                     Buffers: shared hit=7934250
               ->  Index Scan using relation_10_pkey on relation_10 source_9  (cost=0.42..0.44 rows=1 width=26) (actual rows=0 loops=13100150)
                     Index Cond: ((camera_id = source.product_id) AND (camera_id < 3392411))
                     Buffers: shared hit=7934250
               ->  Index Scan using relation_11_pkey on relation_11 source_10  (cost=0.42..0.45 rows=1 width=26) (actual rows=0 loops=13100150)
                     Index Cond: ((phone_id = source.product_id) AND (phone_id < 3392411))
                     Buffers: shared hit=7934250
               ->  Index Scan using relation_12_pkey on relation_12 source_11  (cost=0.29..0.32 rows=1 width=26) (actual rows=0 loops=13100150)
                     Index Cond: ((accessory_id = source.product_id) AND (accessory_id < 3392411))
                     Buffers: shared hit=5289500
               ->  Index Scan using relation_13_pkey on relation_13 source_12  (cost=0.29..0.31 rows=1 width=26) (actual rows=0 loops=13100150)
                     Index Cond: ((appliance_id = source.product_id) AND (appliance_id < 3392411))
                     Buffers: shared hit=5289500
               ->  Index Scan using relation_14_pkey on relation_14 source_13  (cost=0.42..0.44 rows=1 width=26) (actual rows=0 loops=13100150)
                     Index Cond: ((kitchenappliance_id = source.product_id) AND (kitchenappliance_id < 3392411))
                     Buffers: shared hit=7934250
               ->  Index Scan using relation_15_pkey on relation_15 source_14  (cost=0.42..0.45 rows=1 width=26) (actual rows=0 loops=13100150)
                     Index Cond: ((apparel_id = source.product_id) AND (apparel_id < 3392411))
                     Buffers: shared hit=7934250
               ->  Index Scan using relation_16_pkey on relation_16 source_15  (cost=0.42..0.45 rows=1 width=26) (actual rows=0 loops=13100150)
                     Index Cond: ((clothing_id = source.product_id) AND (clothing_id < 3392411))
                     Buffers: shared hit=7934250
               ->  Index Scan using relation_17_pkey on relation_17 source_16  (cost=0.43..0.46 rows=1 width=26) (actual rows=0 loops=13100150)
                     Index Cond: ((menclothing_id = source.product_id) AND (menclothing_id < 3392411))
                     Buffers: shared hit=7934250
               ->  Index Scan using relation_18_pkey on relation_18 source_17  (cost=0.29..0.31 rows=1 width=26) (actual rows=0 loops=13100150)
                     Index Cond: ((womenclothing_id = source.product_id) AND (womenclothing_id < 3392411))
                     Buffers: shared hit=5289500
               ->  Index Scan using relation_19_pkey on relation_19 source_18  (cost=0.29..0.31 rows=1 width=26) (actual rows=0 loops=13100150)
                     Index Cond: ((footwear_id = source.product_id) AND (footwear_id < 3392411))
                     Buffers: shared hit=5289500
               ->  Index Scan using relation_3_pkey on relation_3 source_19  (cost=0.29..0.31 rows=1 width=26) (actual rows=0 loops=13100150)
                     Index Cond: ((digitalproduct_id = source.product_id) AND (digitalproduct_id < 3392411))
                     Buffers: shared hit=5310603 read=31167
               ->  Index Scan using relation_20_pkey on relation_20 source_20  (cost=0.43..0.46 rows=1 width=26) (actual rows=0 loops=13100150)
                     Index Cond: ((media_id = source.product_id) AND (media_id < 3392411))
                     Buffers: shared hit=7934250
               ->  Index Scan using relation_21_pkey on relation_21 source_21  (cost=0.29..0.31 rows=1 width=26) (actual rows=0 loops=13100150)
                     Index Cond: ((software_id = source.product_id) AND (software_id < 3392411))
                     Buffers: shared hit=5289500
 Planning:
   Buffers: shared hit=3 read=73
 Planning Time: 0.675 ms
 JIT:
   Functions: 120
   Options: Inlining false, Optimization false, Expressions true, Deforming true
 Execution Time: 57902.226 ms
(88 rows)

-- Q091 [complex_multi_join] occurrence 1/1
-- Original E/R: SELECT e1.parent, e2.sku, e3.tag_name FROM category_products r1 JOIN Category e1 ON ENDPOINT(r1, Category) = REF(e1) JOIN Product e2 ON ENDPOINT(r1, Product) = REF(e2) JOIN product_tags r2 ON ENDPOINT(r2, Product) = REF(e2) JOIN Tag e3 ON ENDPOINT(r2, Tag) = REF(e3) WHERE e2.is_active >= 1;
EXPLAIN (ANALYZE, BUFFERS, TIMING OFF, SUMMARY ON, FORMAT TEXT)
WITH
"b0" AS (
    SELECT
        "source"."category_products_category_id" AS "__endpoint_category_0",
        "source"."product_id" AS "__endpoint_product_0"
    FROM "relation_1" AS "source"
    WHERE ("source"."category_products_category_id" IS NOT NULL)
    UNION ALL
    SELECT
        "source"."category_products_category_id" AS "__endpoint_category_0",
        "source"."physicalproduct_id" AS "__endpoint_product_0"
    FROM "relation_2" AS "source"
    WHERE ("source"."category_products_category_id" IS NOT NULL)
    UNION ALL
    SELECT
        "source"."category_products_category_id" AS "__endpoint_category_0",
        "source"."electronics_id" AS "__endpoint_product_0"
    FROM "relation_4" AS "source"
    WHERE ("source"."category_products_category_id" IS NOT NULL)
    UNION ALL
    SELECT
        "source"."category_products_category_id" AS "__endpoint_category_0",
        "source"."computer_id" AS "__endpoint_product_0"
    FROM "relation_5" AS "source"
    WHERE ("source"."category_products_category_id" IS NOT NULL)
    UNION ALL
    SELECT
        "source"."category_products_category_id" AS "__endpoint_category_0",
        "source"."desktop_id" AS "__endpoint_product_0"
    FROM "relation_6" AS "source"
    WHERE ("source"."category_products_category_id" IS NOT NULL)
    UNION ALL
    SELECT
        "source"."category_products_category_id" AS "__endpoint_category_0",
        "source"."laptop_id" AS "__endpoint_product_0"
    FROM "relation_7" AS "source"
    WHERE ("source"."category_products_category_id" IS NOT NULL)
    UNION ALL
    SELECT
        "source"."category_products_category_id" AS "__endpoint_category_0",
        "source"."tablet_id" AS "__endpoint_product_0"
    FROM "relation_8" AS "source"
    WHERE ("source"."category_products_category_id" IS NOT NULL)
    UNION ALL
    SELECT
        "source"."category_products_category_id" AS "__endpoint_category_0",
        "source"."smartwatch_id" AS "__endpoint_product_0"
    FROM "relation_9" AS "source"
    WHERE ("source"."category_products_category_id" IS NOT NULL)
    UNION ALL
    SELECT
        "source"."category_products_category_id" AS "__endpoint_category_0",
        "source"."camera_id" AS "__endpoint_product_0"
    FROM "relation_10" AS "source"
    WHERE ("source"."category_products_category_id" IS NOT NULL)
    UNION ALL
    SELECT
        "source"."category_products_category_id" AS "__endpoint_category_0",
        "source"."phone_id" AS "__endpoint_product_0"
    FROM "relation_11" AS "source"
    WHERE ("source"."category_products_category_id" IS NOT NULL)
    UNION ALL
    SELECT
        "source"."category_products_category_id" AS "__endpoint_category_0",
        "source"."accessory_id" AS "__endpoint_product_0"
    FROM "relation_12" AS "source"
    WHERE ("source"."category_products_category_id" IS NOT NULL)
    UNION ALL
    SELECT
        "source"."category_products_category_id" AS "__endpoint_category_0",
        "source"."appliance_id" AS "__endpoint_product_0"
    FROM "relation_13" AS "source"
    WHERE ("source"."category_products_category_id" IS NOT NULL)
    UNION ALL
    SELECT
        "source"."category_products_category_id" AS "__endpoint_category_0",
        "source"."kitchenappliance_id" AS "__endpoint_product_0"
    FROM "relation_14" AS "source"
    WHERE ("source"."category_products_category_id" IS NOT NULL)
    UNION ALL
    SELECT
        "source"."category_products_category_id" AS "__endpoint_category_0",
        "source"."apparel_id" AS "__endpoint_product_0"
    FROM "relation_15" AS "source"
    WHERE ("source"."category_products_category_id" IS NOT NULL)
    UNION ALL
    SELECT
        "source"."category_products_category_id" AS "__endpoint_category_0",
        "source"."clothing_id" AS "__endpoint_product_0"
    FROM "relation_16" AS "source"
    WHERE ("source"."category_products_category_id" IS NOT NULL)
    UNION ALL
    SELECT
        "source"."category_products_category_id" AS "__endpoint_category_0",
        "source"."menclothing_id" AS "__endpoint_product_0"
    FROM "relation_17" AS "source"
    WHERE ("source"."category_products_category_id" IS NOT NULL)
    UNION ALL
    SELECT
        "source"."category_products_category_id" AS "__endpoint_category_0",
        "source"."womenclothing_id" AS "__endpoint_product_0"
    FROM "relation_18" AS "source"
    WHERE ("source"."category_products_category_id" IS NOT NULL)
    UNION ALL
    SELECT
        "source"."category_products_category_id" AS "__endpoint_category_0",
        "source"."footwear_id" AS "__endpoint_product_0"
    FROM "relation_19" AS "source"
    WHERE ("source"."category_products_category_id" IS NOT NULL)
    UNION ALL
    SELECT
        "source"."category_products_category_id" AS "__endpoint_category_0",
        "source"."digitalproduct_id" AS "__endpoint_product_0"
    FROM "relation_3" AS "source"
    WHERE ("source"."category_products_category_id" IS NOT NULL)
    UNION ALL
    SELECT
        "source"."category_products_category_id" AS "__endpoint_category_0",
        "source"."media_id" AS "__endpoint_product_0"
    FROM "relation_20" AS "source"
    WHERE ("source"."category_products_category_id" IS NOT NULL)
    UNION ALL
    SELECT
        "source"."category_products_category_id" AS "__endpoint_category_0",
        "source"."software_id" AS "__endpoint_product_0"
    FROM "relation_21" AS "source"
    WHERE ("source"."category_products_category_id" IS NOT NULL)
),
"b1" AS (
    SELECT
        "source"."parent" AS "parent",
        "source"."category_id" AS "__reference_0"
    FROM "relation_0" AS "source"
),
"b2" AS (
    SELECT
        "source"."is_active" AS "is_active",
        "source"."sku" AS "sku",
        "source"."product_id" AS "__reference_0"
    FROM "relation_1" AS "source"
    UNION ALL
    SELECT
        "source"."is_active" AS "is_active",
        "source"."sku" AS "sku",
        "source"."physicalproduct_id" AS "__reference_0"
    FROM "relation_2" AS "source"
    UNION ALL
    SELECT
        "source"."is_active" AS "is_active",
        "source"."sku" AS "sku",
        "source"."electronics_id" AS "__reference_0"
    FROM "relation_4" AS "source"
    UNION ALL
    SELECT
        "source"."is_active" AS "is_active",
        "source"."sku" AS "sku",
        "source"."computer_id" AS "__reference_0"
    FROM "relation_5" AS "source"
    UNION ALL
    SELECT
        "source"."is_active" AS "is_active",
        "source"."sku" AS "sku",
        "source"."desktop_id" AS "__reference_0"
    FROM "relation_6" AS "source"
    UNION ALL
    SELECT
        "source"."is_active" AS "is_active",
        "source"."sku" AS "sku",
        "source"."laptop_id" AS "__reference_0"
    FROM "relation_7" AS "source"
    UNION ALL
    SELECT
        "source"."is_active" AS "is_active",
        "source"."sku" AS "sku",
        "source"."tablet_id" AS "__reference_0"
    FROM "relation_8" AS "source"
    UNION ALL
    SELECT
        "source"."is_active" AS "is_active",
        "source"."sku" AS "sku",
        "source"."smartwatch_id" AS "__reference_0"
    FROM "relation_9" AS "source"
    UNION ALL
    SELECT
        "source"."is_active" AS "is_active",
        "source"."sku" AS "sku",
        "source"."camera_id" AS "__reference_0"
    FROM "relation_10" AS "source"
    UNION ALL
    SELECT
        "source"."is_active" AS "is_active",
        "source"."sku" AS "sku",
        "source"."phone_id" AS "__reference_0"
    FROM "relation_11" AS "source"
    UNION ALL
    SELECT
        "source"."is_active" AS "is_active",
        "source"."sku" AS "sku",
        "source"."accessory_id" AS "__reference_0"
    FROM "relation_12" AS "source"
    UNION ALL
    SELECT
        "source"."is_active" AS "is_active",
        "source"."sku" AS "sku",
        "source"."appliance_id" AS "__reference_0"
    FROM "relation_13" AS "source"
    UNION ALL
    SELECT
        "source"."is_active" AS "is_active",
        "source"."sku" AS "sku",
        "source"."kitchenappliance_id" AS "__reference_0"
    FROM "relation_14" AS "source"
    UNION ALL
    SELECT
        "source"."is_active" AS "is_active",
        "source"."sku" AS "sku",
        "source"."apparel_id" AS "__reference_0"
    FROM "relation_15" AS "source"
    UNION ALL
    SELECT
        "source"."is_active" AS "is_active",
        "source"."sku" AS "sku",
        "source"."clothing_id" AS "__reference_0"
    FROM "relation_16" AS "source"
    UNION ALL
    SELECT
        "source"."is_active" AS "is_active",
        "source"."sku" AS "sku",
        "source"."menclothing_id" AS "__reference_0"
    FROM "relation_17" AS "source"
    UNION ALL
    SELECT
        "source"."is_active" AS "is_active",
        "source"."sku" AS "sku",
        "source"."womenclothing_id" AS "__reference_0"
    FROM "relation_18" AS "source"
    UNION ALL
    SELECT
        "source"."is_active" AS "is_active",
        "source"."sku" AS "sku",
        "source"."footwear_id" AS "__reference_0"
    FROM "relation_19" AS "source"
    UNION ALL
    SELECT
        "source"."is_active" AS "is_active",
        "source"."sku" AS "sku",
        "source"."digitalproduct_id" AS "__reference_0"
    FROM "relation_3" AS "source"
    UNION ALL
    SELECT
        "source"."is_active" AS "is_active",
        "source"."sku" AS "sku",
        "source"."media_id" AS "__reference_0"
    FROM "relation_20" AS "source"
    UNION ALL
    SELECT
        "source"."is_active" AS "is_active",
        "source"."sku" AS "sku",
        "source"."software_id" AS "__reference_0"
    FROM "relation_21" AS "source"
),
"b3" AS (
    SELECT
        "source"."product_id" AS "__endpoint_product_0",
        "source"."tag_id" AS "__endpoint_tag_0"
    FROM "relation_47" AS "source"
),
"b4" AS (
    SELECT
        "source"."tag_name" AS "tag_name",
        "source"."tag_id" AS "__reference_0"
    FROM "relation_30" AS "source"
)
SELECT 
    "b1"."parent" AS "parent",
    "b2"."sku" AS "sku",
    "b4"."tag_name" AS "tag_name"
FROM (((("b0" INNER JOIN "b1" ON ("b0"."__endpoint_category_0" = "b1"."__reference_0")) INNER JOIN "b2" ON ("b0"."__endpoint_product_0" = "b2"."__reference_0")) INNER JOIN "b3" ON ("b3"."__endpoint_product_0" = "b2"."__reference_0")) INNER JOIN "b4" ON ("b3"."__endpoint_tag_0" = "b4"."__reference_0"))
WHERE ("b2"."is_active" >= 1);
                                                                       QUERY PLAN                                                                       
--------------------------------------------------------------------------------------------------------------------------------------------------------
 Nested Loop  (cost=8222.27..59815263.67 rows=334205799614 width=28) (actual rows=1061617 loops=1)
   Join Filter: (source_1.product_id = source_24.footwear_id)
   Buffers: shared hit=69681529 read=657161
   ->  Gather  (cost=8221.98..1442007.86 rows=4684820 width=18) (actual rows=1248952 loops=1)
         Workers Planned: 2
         Workers Launched: 0
         Buffers: shared hit=2336490 read=558792
         ->  Hash Join  (cost=7221.98..972525.86 rows=1952008 width=18) (actual rows=1248952 loops=1)
               Hash Cond: (source_22.tag_id = source_23.tag_id)
               Buffers: shared hit=2336490 read=558792
               ->  Nested Loop  (cost=3925.94..964072.43 rows=1964655 width=16) (actual rows=1248952 loops=1)
                     Buffers: shared hit=2336490 read=558177
                     ->  Hash Join  (cost=3925.51..471313.63 rows=270406 width=8) (actual rows=671871 loops=1)
                           Hash Cond: (source_24.category_products_category_id = source.category_id)
                           Buffers: shared hit=364 read=394988
                           ->  Parallel Append  (cost=0.00..466678.29 rows=270405 width=8) (actual rows=671871 loops=1)
                                 Buffers: shared hit=364 read=394212
                                 ->  Seq Scan on relation_19 source_24  (cost=0.00..967.42 rows=1149 width=8) (actual rows=1149 loops=1)
                                       Filter: (category_products_category_id IS NOT NULL)
                                       Rows Removed by Filter: 27493
                                       Buffers: shared read=681
                                 ->  Seq Scan on relation_21 source_25  (cost=0.00..516.00 rows=633 width=8) (actual rows=633 loops=1)
                                       Filter: (category_products_category_id IS NOT NULL)
                                       Rows Removed by Filter: 14367
                                       Buffers: shared read=366
                                 ->  Parallel Seq Scan on relation_4 source_26  (cost=0.00..242535.59 rows=141926 width=8) (actual rows=359312 loops=1)
                                       Filter: (category_products_category_id IS NOT NULL)
                                       Rows Removed by Filter: 8644733
                                       Buffers: shared read=205022
                                 ->  Parallel Seq Scan on relation_6 source_27  (cost=0.00..55929.83 rows=30830 width=8) (actual rows=75458 loops=1)
                                       Filter: (category_products_category_id IS NOT NULL)
                                       Rows Removed by Filter: 1802320
                                       Buffers: shared read=48105
                                 ->  Parallel Seq Scan on relation_17 source_28  (cost=0.00..48862.15 rows=26639 width=8) (actual rows=67960 loops=1)
                                       Filter: (category_products_category_id IS NOT NULL)
                                       Rows Removed by Filter: 1622040
                                       Buffers: shared read=41821
                                 ->  Parallel Seq Scan on relation_20 source_29  (cost=0.00..29326.04 rows=18059 width=8) (actual rows=42533 loops=1)
                                       Filter: (category_products_category_id IS NOT NULL)
                                       Rows Removed by Filter: 1013717
                                       Buffers: shared read=24925
                                 ->  Parallel Seq Scan on relation_11 source_30  (cost=0.00..19165.67 rows=11229 width=8) (actual rows=27116 loops=1)
                                       Filter: (category_products_category_id IS NOT NULL)
                                       Rows Removed by Filter: 648885
                                       Buffers: shared read=16349
                                 ->  Parallel Seq Scan on relation_9 source_31  (cost=0.00..12892.02 rows=7824 width=8) (actual rows=18689 loops=1)
                                       Filter: (category_products_category_id IS NOT NULL)
                                       Rows Removed by Filter: 450756
                                       Buffers: shared read=10936
                                 ->  Parallel Seq Scan on relation_15 source_32  (cost=0.00..9861.84 rows=6110 width=8) (actual rows=14400 loops=1)
                                       Filter: (category_products_category_id IS NOT NULL)
                                       Rows Removed by Filter: 350362
                                       Buffers: shared read=8342
                                 ->  Parallel Seq Scan on relation_16 source_33  (cost=0.00..8324.59 rows=5140 width=8) (actual rows=12046 loops=1)
                                       Filter: (category_products_category_id IS NOT NULL)
                                       Rows Removed by Filter: 285936
                                       Buffers: shared read=7083
                                 ->  Parallel Seq Scan on relation_14 source_34  (cost=0.00..7247.26 rows=4320 width=8) (actual rows=10551 loops=1)
                                       Filter: (category_products_category_id IS NOT NULL)
                                       Rows Removed by Filter: 253512
                                       Buffers: shared read=6147
                                 ->  Parallel Seq Scan on relation_10 source_35  (cost=0.00..4640.17 rows=2819 width=8) (actual rows=6677 loops=1)
                                       Filter: (category_products_category_id IS NOT NULL)
                                       Rows Removed by Filter: 162324
                                       Buffers: shared read=3936
                                 ->  Parallel Seq Scan on relation_7 source_36  (cost=0.00..4058.96 rows=2268 width=8) (actual rows=5538 loops=1)
                                       Filter: (category_products_category_id IS NOT NULL)
                                       Rows Removed by Filter: 134132
                                       Buffers: shared read=3477
                                 ->  Parallel Seq Scan on relation_12 source_37  (cost=0.00..4054.74 rows=2280 width=8) (actual rows=5714 loops=1)
                                       Filter: (category_products_category_id IS NOT NULL)
                                       Rows Removed by Filter: 139184
                                       Buffers: shared read=3451
                                 ->  Parallel Seq Scan on relation_18 source_38  (cost=0.00..3592.36 rows=2964 width=8) (actual rows=4844 loops=1)
                                       Filter: (category_products_category_id IS NOT NULL)
                                       Rows Removed by Filter: 112518
                                       Buffers: shared read=2902
                                 ->  Parallel Seq Scan on relation_5 source_39  (cost=0.00..3243.53 rows=2552 width=8) (actual rows=4338 loops=1)
                                       Filter: (category_products_category_id IS NOT NULL)
                                       Rows Removed by Filter: 102852
                                       Buffers: shared read=2613
                                 ->  Parallel Seq Scan on relation_8 source_40  (cost=0.00..2917.24 rows=2347 width=8) (actual rows=3943 loops=1)
                                       Filter: (category_products_category_id IS NOT NULL)
                                       Rows Removed by Filter: 96057
                                       Buffers: shared read=2329
                                 ->  Parallel Seq Scan on relation_2 source_41  (cost=0.00..2417.09 rows=2035 width=8) (actual rows=3452 loops=1)
                                       Filter: (category_products_category_id IS NOT NULL)
                                       Rows Removed by Filter: 82413
                                       Buffers: shared hit=104 read=1808
                                 ->  Parallel Seq Scan on relation_3 source_42  (cost=0.00..1919.41 rows=1618 width=8) (actual rows=2683 loops=1)
                                       Filter: (category_products_category_id IS NOT NULL)
                                       Rows Removed by Filter: 64026
                                       Buffers: shared hit=126 read=1401
                                 ->  Parallel Seq Scan on relation_13 source_43  (cost=0.00..1722.65 rows=1489 width=8) (actual rows=2423 loops=1)
                                       Filter: (category_products_category_id IS NOT NULL)
                                       Rows Removed by Filter: 57697
                                       Buffers: shared read=1369
                                 ->  Parallel Seq Scan on relation_1 source_44  (cost=0.00..1647.70 rows=1422 width=8) (actual rows=2412 loops=1)
                                       Filter: (category_products_category_id IS NOT NULL)
                                       Rows Removed by Filter: 59587
                                       Buffers: shared hit=134 read=1149
                           ->  Hash  (cost=2175.78..2175.78 rows=139978 width=8) (actual rows=139978 loops=1)
                                 Buckets: 262144  Batches: 1  Memory Usage: 7472kB
                                 Buffers: shared read=776
                                 ->  Seq Scan on relation_0 source  (cost=0.00..2175.78 rows=139978 width=8) (actual rows=139978 loops=1)
                                       Buffers: shared read=776
                     ->  Index Only Scan using relation_47_pkey on relation_47 source_22  (cost=0.44..1.75 rows=7 width=8) (actual rows=2 loops=671871)
                           Index Cond: (product_id = source_24.footwear_id)
                           Heap Fetches: 0
                           Buffers: shared hit=2336126 read=163189
               ->  Hash  (cost=1806.57..1806.57 rows=119157 width=10) (actual rows=119157 loops=1)
                     Buckets: 131072  Batches: 1  Memory Usage: 6103kB
                     Buffers: shared read=615
                     ->  Seq Scan on relation_30 source_23  (cost=0.00..1806.57 rows=119157 width=10) (actual rows=119157 loops=1)
                           Buffers: shared read=615
   ->  Append  (cost=0.29..12.20 rows=21 width=22) (actual rows=1 loops=1248952)
         Buffers: shared hit=67345039 read=98369
         ->  Index Scan using relation_1_pkey on relation_1 source_1  (cost=0.29..0.45 rows=1 width=22) (actual rows=0 loops=1248952)
               Index Cond: (product_id = source_22.product_id)
               Filter: (is_active >= 1)
               Rows Removed by Filter: 0
               Buffers: shared hit=2502286 read=60
         ->  Index Scan using relation_2_pkey on relation_2 source_2  (cost=0.29..0.46 rows=1 width=22) (actual rows=0 loops=1248952)
               Index Cond: (physicalproduct_id = source_22.product_id)
               Filter: (is_active >= 1)
               Rows Removed by Filter: 0
               Buffers: shared hit=2504227 read=123
         ->  Index Scan using relation_4_pkey on relation_4 source_3  (cost=0.43..1.21 rows=1 width=22) (actual rows=0 loops=1248952)
               Index Cond: (electronics_id = source_22.product_id)
               Filter: (is_active >= 1)
               Rows Removed by Filter: 0
               Buffers: shared hit=4358616 read=56756
         ->  Index Scan using relation_5_pkey on relation_5 source_4  (cost=0.29..0.46 rows=1 width=22) (actual rows=0 loops=1248952)
               Index Cond: (computer_id = source_22.product_id)
               Filter: (is_active >= 1)
               Rows Removed by Filter: 0
               Buffers: shared hit=2505560 read=385
         ->  Index Scan using relation_6_pkey on relation_6 source_5  (cost=0.43..0.73 rows=1 width=22) (actual rows=0 loops=1248952)
               Index Cond: (desktop_id = source_22.product_id)
               Filter: (is_active >= 1)
               Rows Removed by Filter: 0
               Buffers: shared hit=3874077 read=12546
         ->  Index Scan using relation_7_pkey on relation_7 source_6  (cost=0.42..0.60 rows=1 width=22) (actual rows=0 loops=1248952)
               Index Cond: (laptop_id = source_22.product_id)
               Filter: (is_active >= 1)
               Rows Removed by Filter: 0
               Buffers: shared hit=3756688 read=510
         ->  Index Scan using relation_8_pkey on relation_8 source_7  (cost=0.29..0.46 rows=1 width=22) (actual rows=0 loops=1248952)
               Index Cond: (tablet_id = source_22.product_id)
               Filter: (is_active >= 1)
               Rows Removed by Filter: 0
               Buffers: shared hit=2504963 read=275
         ->  Index Scan using relation_9_pkey on relation_9 source_8  (cost=0.42..0.63 rows=1 width=22) (actual rows=0 loops=1248952)
               Index Cond: (smartwatch_id = source_22.product_id)
               Filter: (is_active >= 1)
               Rows Removed by Filter: 0
               Buffers: shared hit=3779385 read=2236
         ->  Index Scan using relation_10_pkey on relation_10 source_9  (cost=0.42..0.60 rows=1 width=22) (actual rows=0 loops=1248952)
               Index Cond: (camera_id = source_22.product_id)
               Filter: (is_active >= 1)
               Rows Removed by Filter: 0
               Buffers: shared hit=3758705 read=466
         ->  Index Scan using relation_11_pkey on relation_11 source_10  (cost=0.42..0.64 rows=1 width=22) (actual rows=0 loops=1248952)
               Index Cond: (phone_id = source_22.product_id)
               Filter: (is_active >= 1)
               Rows Removed by Filter: 0
               Buffers: shared hit=3793889 read=3133
         ->  Index Scan using relation_12_pkey on relation_12 source_11  (cost=0.29..0.46 rows=1 width=22) (actual rows=0 loops=1248952)
               Index Cond: (accessory_id = source_22.product_id)
               Filter: (is_active >= 1)
               Rows Removed by Filter: 0
               Buffers: shared hit=2508079 read=398
         ->  Index Scan using relation_13_pkey on relation_13 source_12  (cost=0.29..0.45 rows=1 width=22) (actual rows=0 loops=1248952)
               Index Cond: (appliance_id = source_22.product_id)
               Filter: (is_active >= 1)
               Rows Removed by Filter: 0
               Buffers: shared hit=2502150 read=292
         ->  Index Scan using relation_14_pkey on relation_14 source_13  (cost=0.42..0.60 rows=1 width=22) (actual rows=0 loops=1248952)
               Index Cond: (kitchenappliance_id = source_22.product_id)
               Filter: (is_active >= 1)
               Rows Removed by Filter: 0
               Buffers: shared hit=3765425 read=947
         ->  Index Scan using relation_15_pkey on relation_15 source_14  (cost=0.42..0.62 rows=1 width=22) (actual rows=0 loops=1248952)
               Index Cond: (apparel_id = source_22.product_id)
               Filter: (is_active >= 1)
               Rows Removed by Filter: 0
               Buffers: shared hit=3771919 read=1737
         ->  Index Scan using relation_16_pkey on relation_16 source_15  (cost=0.42..0.61 rows=1 width=22) (actual rows=0 loops=1248952)
               Index Cond: (clothing_id = source_22.product_id)
               Filter: (is_active >= 1)
               Rows Removed by Filter: 0
               Buffers: shared hit=3767792 read=1412
         ->  Index Scan using relation_17_pkey on relation_17 source_16  (cost=0.43..0.72 rows=1 width=22) (actual rows=0 loops=1248952)
               Index Cond: (menclothing_id = source_22.product_id)
               Filter: (is_active >= 1)
               Rows Removed by Filter: 0
               Buffers: shared hit=3862052 read=11219
         ->  Index Scan using relation_18_pkey on relation_18 source_17  (cost=0.29..0.46 rows=1 width=22) (actual rows=0 loops=1248952)
               Index Cond: (womenclothing_id = source_22.product_id)
               Filter: (is_active >= 1)
               Rows Removed by Filter: 0
               Buffers: shared hit=2506635 read=322
         ->  Index Scan using relation_19_pkey on relation_19 source_18  (cost=0.29..0.43 rows=1 width=22) (actual rows=0 loops=1248952)
               Index Cond: (footwear_id = source_22.product_id)
               Filter: (is_active >= 1)
               Rows Removed by Filter: 0
               Buffers: shared hit=2499999 read=79
         ->  Index Scan using relation_3_pkey on relation_3 source_19  (cost=0.29..0.45 rows=1 width=22) (actual rows=0 loops=1248952)
               Index Cond: (digitalproduct_id = source_22.product_id)
               Filter: (is_active >= 1)
               Rows Removed by Filter: 0
               Buffers: shared hit=2502798 read=78
         ->  Index Scan using relation_20_pkey on relation_20 source_20  (cost=0.43..0.67 rows=1 width=22) (actual rows=0 loops=1248952)
               Index Cond: (media_id = source_22.product_id)
               Filter: (is_active >= 1)
               Rows Removed by Filter: 0
               Buffers: shared hit=3820777 read=5355
         ->  Index Scan using relation_21_pkey on relation_21 source_21  (cost=0.29..0.37 rows=1 width=22) (actual rows=0 loops=1248952)
               Index Cond: (software_id = source_22.product_id)
               Filter: (is_active >= 1)
               Rows Removed by Filter: 0
               Buffers: shared hit=2499017 read=40
 Planning:
   Buffers: shared hit=2 read=6
 Planning Time: 0.863 ms
 JIT:
   Functions: 252
   Options: Inlining true, Optimization true, Expressions true, Deforming true
 Execution Time: 19110.527 ms
(229 rows)

-- Q092 [relationship_join] occurrence 1/1
-- Original E/R: SELECT e1.is_active, e2.product_name, e2.dimensions FROM bundle_phones r JOIN Phone e1 ON ENDPOINT(r, phone_id) = REF(e1) JOIN Phone e2 ON ENDPOINT(r, bundle_phone_id) = REF(e2) WHERE e2.warranty_months > 12;
EXPLAIN (ANALYZE, BUFFERS, TIMING OFF, SUMMARY ON, FORMAT TEXT)
WITH
"b0" AS (
    SELECT
        "source"."bundle_phone_phone_id" AS "__endpoint_bundle_phone_id_0",
        "source"."phone_id" AS "__endpoint_phone_id_0"
    FROM "relation_57" AS "source"
),
"b1" AS (
    SELECT
        "source"."is_active" AS "is_active",
        "source"."phone_id" AS "__reference_0"
    FROM "relation_11" AS "source"
),
"b2" AS (
    SELECT
        "source"."warranty_months" AS "warranty_months",
        "source"."dimensions" AS "dimensions",
        "source"."product_name" AS "product_name",
        "source"."phone_id" AS "__reference_0"
    FROM "relation_11" AS "source"
)
SELECT 
    "b1"."is_active" AS "is_active",
    "b2"."product_name" AS "product_name",
    "b2"."dimensions" AS "dimensions"
FROM (("b0" INNER JOIN "b1" ON ("b0"."__endpoint_phone_id_0" = "b1"."__reference_0")) INNER JOIN "b2" ON ("b0"."__endpoint_bundle_phone_id_0" = "b2"."__reference_0"))
WHERE ("b2"."warranty_months" > 12);
                                                         QUERY PLAN                                                          
-----------------------------------------------------------------------------------------------------------------------------
 Hash Join  (cost=59563.68..83026.61 rows=492614 width=44) (actual rows=492488 loops=1)
   Hash Cond: (source.phone_id = source_1.phone_id)
   Buffers: shared hit=32 read=38442
   ->  Hash Join  (cost=28004.66..50174.46 rows=492614 width=44) (actual rows=492488 loops=1)
         Hash Cond: (source.bundle_phone_phone_id = source_2.phone_id)
         Buffers: shared hit=32 read=22093
         ->  Seq Scan on relation_57 source  (cost=0.00..18761.17 rows=1298517 width=8) (actual rows=1298517 loops=1)
               Buffers: shared read=5776
         ->  Hash  (cost=24799.01..24799.01 rows=256452 width=44) (actual rows=256510 loops=1)
               Buckets: 262144  Batches: 1  Memory Usage: 21733kB
               Buffers: shared hit=32 read=16317
               ->  Seq Scan on relation_11 source_2  (cost=0.00..24799.01 rows=256452 width=44) (actual rows=256510 loops=1)
                     Filter: (warranty_months > 12)
                     Rows Removed by Filter: 419491
                     Buffers: shared hit=32 read=16317
   ->  Hash  (cost=23109.01..23109.01 rows=676001 width=8) (actual rows=676001 loops=1)
         Buckets: 1048576  Batches: 1  Memory Usage: 34599kB
         Buffers: shared read=16349
         ->  Seq Scan on relation_11 source_1  (cost=0.00..23109.01 rows=676001 width=8) (actual rows=676001 loops=1)
               Buffers: shared read=16349
 Planning:
   Buffers: shared hit=17 read=7
 Planning Time: 0.193 ms
 Execution Time: 478.393 ms
(24 rows)

-- Q093 [aggregation] occurrence 1/1
-- Original E/R: SELECT e1.sku, COUNT(DISTINCT REF(e2)) AS related_count FROM reviews r JOIN Product e1 ON ENDPOINT(r, Product) = REF(e1) JOIN Review e2 ON ENDPOINT(r, Review) = REF(e2) WHERE e2.review_id <= 3997278 GROUP BY REF(e1), e1.sku HAVING COUNT(DISTINCT REF(e2)) >= 1;
EXPLAIN (ANALYZE, BUFFERS, TIMING OFF, SUMMARY ON, FORMAT TEXT)
WITH
"b0" AS (
    SELECT
        "source"."reviews_product_id" AS "__endpoint_product_0",
        "source"."customer_id" AS "__endpoint_review_0",
        "source"."review_id" AS "__endpoint_review_1"
    FROM "relation_35" AS "source"
    WHERE ("source"."reviews_product_id" IS NOT NULL)
),
"b1" AS (
    SELECT
        "source"."sku" AS "sku",
        "source"."product_id" AS "__reference_0"
    FROM "relation_1" AS "source"
    UNION ALL
    SELECT
        "source"."sku" AS "sku",
        "source"."physicalproduct_id" AS "__reference_0"
    FROM "relation_2" AS "source"
    UNION ALL
    SELECT
        "source"."sku" AS "sku",
        "source"."electronics_id" AS "__reference_0"
    FROM "relation_4" AS "source"
    UNION ALL
    SELECT
        "source"."sku" AS "sku",
        "source"."computer_id" AS "__reference_0"
    FROM "relation_5" AS "source"
    UNION ALL
    SELECT
        "source"."sku" AS "sku",
        "source"."desktop_id" AS "__reference_0"
    FROM "relation_6" AS "source"
    UNION ALL
    SELECT
        "source"."sku" AS "sku",
        "source"."laptop_id" AS "__reference_0"
    FROM "relation_7" AS "source"
    UNION ALL
    SELECT
        "source"."sku" AS "sku",
        "source"."tablet_id" AS "__reference_0"
    FROM "relation_8" AS "source"
    UNION ALL
    SELECT
        "source"."sku" AS "sku",
        "source"."smartwatch_id" AS "__reference_0"
    FROM "relation_9" AS "source"
    UNION ALL
    SELECT
        "source"."sku" AS "sku",
        "source"."camera_id" AS "__reference_0"
    FROM "relation_10" AS "source"
    UNION ALL
    SELECT
        "source"."sku" AS "sku",
        "source"."phone_id" AS "__reference_0"
    FROM "relation_11" AS "source"
    UNION ALL
    SELECT
        "source"."sku" AS "sku",
        "source"."accessory_id" AS "__reference_0"
    FROM "relation_12" AS "source"
    UNION ALL
    SELECT
        "source"."sku" AS "sku",
        "source"."appliance_id" AS "__reference_0"
    FROM "relation_13" AS "source"
    UNION ALL
    SELECT
        "source"."sku" AS "sku",
        "source"."kitchenappliance_id" AS "__reference_0"
    FROM "relation_14" AS "source"
    UNION ALL
    SELECT
        "source"."sku" AS "sku",
        "source"."apparel_id" AS "__reference_0"
    FROM "relation_15" AS "source"
    UNION ALL
    SELECT
        "source"."sku" AS "sku",
        "source"."clothing_id" AS "__reference_0"
    FROM "relation_16" AS "source"
    UNION ALL
    SELECT
        "source"."sku" AS "sku",
        "source"."menclothing_id" AS "__reference_0"
    FROM "relation_17" AS "source"
    UNION ALL
    SELECT
        "source"."sku" AS "sku",
        "source"."womenclothing_id" AS "__reference_0"
    FROM "relation_18" AS "source"
    UNION ALL
    SELECT
        "source"."sku" AS "sku",
        "source"."footwear_id" AS "__reference_0"
    FROM "relation_19" AS "source"
    UNION ALL
    SELECT
        "source"."sku" AS "sku",
        "source"."digitalproduct_id" AS "__reference_0"
    FROM "relation_3" AS "source"
    UNION ALL
    SELECT
        "source"."sku" AS "sku",
        "source"."media_id" AS "__reference_0"
    FROM "relation_20" AS "source"
    UNION ALL
    SELECT
        "source"."sku" AS "sku",
        "source"."software_id" AS "__reference_0"
    FROM "relation_21" AS "source"
),
"b2" AS (
    SELECT
        "source"."review_id" AS "review_id",
        "source"."customer_id" AS "__reference_0",
        "source"."review_id" AS "__reference_1"
    FROM "relation_35" AS "source"
)
SELECT 
    "b1"."sku" AS "sku",
    COUNT(DISTINCT ROW("b2"."__reference_0", "b2"."__reference_1")) AS "related_count"
FROM (("b0" INNER JOIN "b1" ON ("b0"."__endpoint_product_0" = "b1"."__reference_0")) INNER JOIN "b2" ON ("b0"."__endpoint_review_0" = "b2"."__reference_0" AND "b0"."__endpoint_review_1" = "b2"."__reference_1"))
WHERE ("b2"."review_id" <= 3997278)
GROUP BY
    "b1"."__reference_0",
    "b1"."sku"
HAVING (COUNT(DISTINCT ROW("b2"."__reference_0", "b2"."__reference_1")) >= 1);
                                                                     QUERY PLAN                                                                      
-----------------------------------------------------------------------------------------------------------------------------------------------------
 GroupAggregate  (cost=1520.99..1521.06 rows=1 width=30) (actual rows=98 loops=1)
   Group Key: source_1.product_id, source_1.sku
   Filter: (count(DISTINCT (ROW(source_22.customer_id, source_22.review_id))) >= 1)
   Buffers: shared hit=5179 read=1015
   ->  Sort  (cost=1520.99..1521.00 rows=3 width=30) (actual rows=98 loops=1)
         Sort Key: source_1.product_id, source_1.sku, (ROW(source_22.customer_id, source_22.review_id))
         Sort Method: quicksort  Memory: 33kB
         Buffers: shared hit=5179 read=1015
         ->  Nested Loop  (cost=0.58..1520.97 rows=3 width=30) (actual rows=98 loops=1)
               Buffers: shared hit=5179 read=1015
               ->  Nested Loop  (cost=0.29..1368.18 rows=1 width=12) (actual rows=98 loops=1)
                     Buffers: shared hit=139 read=763
                     ->  Seq Scan on relation_35 source  (cost=0.00..957.75 rows=253 width=12) (actual rows=253 loops=1)
                           Filter: (reviews_product_id IS NOT NULL)
                           Rows Removed by Filter: 25022
                           Buffers: shared read=705
                     ->  Index Only Scan using relation_35_pkey on relation_35 source_22  (cost=0.29..1.62 rows=1 width=8) (actual rows=0 loops=253)
                           Index Cond: ((customer_id = source.customer_id) AND (review_id = source.review_id) AND (review_id <= 3997278))
                           Heap Fetches: 0
                           Buffers: shared hit=139 read=58
               ->  Append  (cost=0.29..152.58 rows=21 width=22) (actual rows=1 loops=98)
                     Buffers: shared hit=5040 read=252
                     ->  Index Scan using relation_1_pkey on relation_1 source_1  (cost=0.29..6.27 rows=1 width=22) (actual rows=0 loops=98)
                           Index Cond: (product_id = source.reviews_product_id)
                           Buffers: shared hit=196
                     ->  Index Scan using relation_2_pkey on relation_2 source_2  (cost=0.29..6.68 rows=1 width=22) (actual rows=0 loops=98)
                           Index Cond: (physicalproduct_id = source.reviews_product_id)
                           Buffers: shared hit=196
                     ->  Index Scan using relation_4_pkey on relation_4 source_3  (cost=0.43..8.45 rows=1 width=22) (actual rows=0 loops=98)
                           Index Cond: (electronics_id = source.reviews_product_id)
                           Buffers: shared hit=225 read=111
                     ->  Index Scan using relation_5_pkey on relation_5 source_4  (cost=0.29..7.16 rows=1 width=22) (actual rows=0 loops=98)
                           Index Cond: (computer_id = source.reviews_product_id)
                           Buffers: shared hit=195 read=2
                     ->  Index Scan using relation_6_pkey on relation_6 source_5  (cost=0.43..8.40 rows=1 width=22) (actual rows=0 loops=98)
                           Index Cond: (desktop_id = source.reviews_product_id)
                           Buffers: shared hit=273 read=33
                     ->  Index Scan using relation_7_pkey on relation_7 source_6  (cost=0.42..7.52 rows=1 width=22) (actual rows=0 loops=98)
                           Index Cond: (laptop_id = source.reviews_product_id)
                           Buffers: shared hit=292 read=4
                     ->  Index Scan using relation_8_pkey on relation_8 source_7  (cost=0.29..6.86 rows=1 width=22) (actual rows=0 loops=98)
                           Index Cond: (tablet_id = source.reviews_product_id)
                           Buffers: shared hit=193 read=6
                     ->  Index Scan using relation_9_pkey on relation_9 source_8  (cost=0.42..8.20 rows=1 width=22) (actual rows=0 loops=98)
                           Index Cond: (smartwatch_id = source.reviews_product_id)
                           Buffers: shared hit=288 read=10
                     ->  Index Scan using relation_10_pkey on relation_10 source_9  (cost=0.42..7.47 rows=1 width=22) (actual rows=0 loops=98)
                           Index Cond: (camera_id = source.reviews_product_id)
                           Buffers: shared hit=293 read=2
                     ->  Index Scan using relation_11_pkey on relation_11 source_10  (cost=0.42..8.28 rows=1 width=22) (actual rows=0 loops=98)
                           Index Cond: (phone_id = source.reviews_product_id)
                           Buffers: shared hit=289 read=8
                     ->  Index Scan using relation_12_pkey on relation_12 source_11  (cost=0.29..7.22 rows=1 width=22) (actual rows=0 loops=98)
                           Index Cond: (accessory_id = source.reviews_product_id)
                           Buffers: shared hit=193 read=6
                     ->  Index Scan using relation_13_pkey on relation_13 source_12  (cost=0.29..6.77 rows=1 width=22) (actual rows=0 loops=98)
                           Index Cond: (appliance_id = source.reviews_product_id)
                           Buffers: shared hit=194 read=4
                     ->  Index Scan using relation_14_pkey on relation_14 source_13  (cost=0.42..7.90 rows=1 width=22) (actual rows=0 loops=98)
                           Index Cond: (kitchenappliance_id = source.reviews_product_id)
                           Buffers: shared hit=293 read=2
                     ->  Index Scan using relation_15_pkey on relation_15 source_14  (cost=0.42..8.12 rows=1 width=22) (actual rows=0 loops=98)
                           Index Cond: (apparel_id = source.reviews_product_id)
                           Buffers: shared hit=289 read=8
                     ->  Index Scan using relation_16_pkey on relation_16 source_15  (cost=0.42..8.06 rows=1 width=22) (actual rows=0 loops=98)
                           Index Cond: (clothing_id = source.reviews_product_id)
                           Buffers: shared hit=291 read=6
                     ->  Index Scan using relation_17_pkey on relation_17 source_16  (cost=0.43..8.40 rows=1 width=22) (actual rows=0 loops=98)
                           Index Cond: (menclothing_id = source.reviews_product_id)
                           Buffers: shared hit=275 read=30
                     ->  Index Scan using relation_18_pkey on relation_18 source_17  (cost=0.29..7.03 rows=1 width=22) (actual rows=0 loops=98)
                           Index Cond: (womenclothing_id = source.reviews_product_id)
                           Buffers: shared hit=196
                     ->  Index Scan using relation_19_pkey on relation_19 source_18  (cost=0.29..4.97 rows=1 width=22) (actual rows=0 loops=98)
                           Index Cond: (footwear_id = source.reviews_product_id)
                           Buffers: shared hit=196
                     ->  Index Scan using relation_3_pkey on relation_3 source_19  (cost=0.29..6.40 rows=1 width=22) (actual rows=0 loops=98)
                           Index Cond: (digitalproduct_id = source.reviews_product_id)
                           Buffers: shared hit=196
                     ->  Index Scan using relation_20_pkey on relation_20 source_20  (cost=0.43..8.33 rows=1 width=22) (actual rows=0 loops=98)
                           Index Cond: (media_id = source.reviews_product_id)
                           Buffers: shared hit=281 read=20
                     ->  Index Scan using relation_21_pkey on relation_21 source_21  (cost=0.29..3.97 rows=1 width=22) (actual rows=0 loops=98)
                           Index Cond: (software_id = source.reviews_product_id)
                           Buffers: shared hit=196
 Planning:
   Buffers: shared hit=8 read=4
 Planning Time: 0.406 ms
 Execution Time: 4.149 ms
(89 rows)

-- Q094 [weak_owner] occurrence 1/1
-- Original E/R: SELECT w.shipment_id, o.status FROM Shipment w JOIN CustOrder o ON OWNER(w) = REF(o) WHERE o.placed_at <= '2023-05-03';
EXPLAIN (ANALYZE, BUFFERS, TIMING OFF, SUMMARY ON, FORMAT TEXT)
WITH
"b0" AS (
    SELECT
        "source"."shipment_id" AS "shipment_id",
        "source"."custorder_id" AS "__owner_0"
    FROM "relation_38" AS "source"
),
"b1" AS (
    SELECT
        "source"."placed_at" AS "placed_at",
        "source"."status" AS "status",
        "source"."custorder_id" AS "__reference_0"
    FROM "relation_37" AS "source"
)
SELECT 
    "b0"."shipment_id" AS "shipment_id",
    "b1"."status" AS "status"
FROM ("b0" INNER JOIN "b1" ON ("b0"."__owner_0" = "b1"."__reference_0"))
WHERE ("b1"."placed_at" <= '2023-05-03');
                                                     QUERY PLAN                                                     
--------------------------------------------------------------------------------------------------------------------
 Hash Join  (cost=2953.39..3588.65 rows=7160 width=13) (actual rows=7125 loops=1)
   Hash Cond: (source.custorder_id = source_1.custorder_id)
   Buffers: shared read=1983
   ->  Seq Scan on relation_38 source  (cost=0.00..571.38 rows=24338 width=8) (actual rows=24338 loops=1)
         Buffers: shared read=328
   ->  Hash  (cost=2658.25..2658.25 rows=23611 width=13) (actual rows=23613 loops=1)
         Buckets: 32768  Batches: 1  Memory Usage: 1340kB
         Buffers: shared read=1655
         ->  Seq Scan on relation_37 source_1  (cost=0.00..2658.25 rows=23611 width=13) (actual rows=23613 loops=1)
               Filter: ((placed_at)::text <= '2023-05-03'::text)
               Rows Removed by Filter: 56647
               Buffers: shared read=1655
 Planning:
   Buffers: shared hit=4 read=10
 Planning Time: 0.114 ms
 Execution Time: 15.939 ms
(16 rows)

-- Q095 [selection_projection] occurrence 1/1
-- Original E/R: SELECT DISTINCT e.password_hash, e.employee_no, e.user_id FROM Employee e WHERE e.employee_no <= 'EMP-09774576';
EXPLAIN (ANALYZE, BUFFERS, TIMING OFF, SUMMARY ON, FORMAT TEXT)
WITH
"b0" AS (
    SELECT
        "source"."employee_no" AS "employee_no",
        "source"."password_hash" AS "password_hash",
        "source"."employee_id" AS "user_id"
    FROM "relation_26" AS "source"
)
SELECT DISTINCT 
    "b0"."password_hash" AS "password_hash",
    "b0"."employee_no" AS "employee_no",
    "b0"."user_id" AS "user_id"
FROM "b0"
WHERE ("b0"."employee_no" <= 'EMP-09774576');
                                                 QUERY PLAN                                                 
------------------------------------------------------------------------------------------------------------
 HashAggregate  (cost=8264.10..8488.90 rows=22480 width=82) (actual rows=21880 loops=1)
   Group Key: source.password_hash, source.employee_no, source.employee_id
   Batches: 1  Memory Usage: 4881kB
   Buffers: shared read=5283
   ->  Seq Scan on relation_26 source  (cost=0.00..8095.50 rows=22480 width=82) (actual rows=21880 loops=1)
         Filter: ((employee_no)::text <= 'EMP-09774576'::text)
         Rows Removed by Filter: 203120
         Buffers: shared read=5283
 Planning:
   Buffers: shared read=3
 Planning Time: 0.055 ms
 Execution Time: 35.933 ms
(12 rows)

-- Q096 [aggregation] occurrence 1/1
-- Original E/R: SELECT e1.updated_at, COUNT(DISTINCT REF(e2)) AS related_count FROM cart_contains r JOIN Cart e1 ON ENDPOINT(r, Cart) = REF(e1) JOIN Product e2 ON ENDPOINT(r, Product) = REF(e2) WHERE e1.cart_id > 4994665 GROUP BY REF(e1), e1.updated_at HAVING COUNT(DISTINCT REF(e2)) >= 3;
EXPLAIN (ANALYZE, BUFFERS, TIMING OFF, SUMMARY ON, FORMAT TEXT)
WITH
"b0" AS (
    SELECT
        "source"."customer_id" AS "__endpoint_cart_0",
        "source"."cart_id" AS "__endpoint_cart_1",
        "source"."product_id" AS "__endpoint_product_0"
    FROM "relation_50" AS "source"
),
"b1" AS (
    SELECT
        "source"."cart_id" AS "cart_id",
        "source"."updated_at" AS "updated_at",
        "source"."customer_id" AS "__reference_0",
        "source"."cart_id" AS "__reference_1"
    FROM "relation_33" AS "source"
),
"b2" AS (
    SELECT
        "source"."product_id" AS "__reference_0"
    FROM "relation_1" AS "source"
    UNION ALL
    SELECT
        "source"."physicalproduct_id" AS "__reference_0"
    FROM "relation_2" AS "source"
    UNION ALL
    SELECT
        "source"."electronics_id" AS "__reference_0"
    FROM "relation_4" AS "source"
    UNION ALL
    SELECT
        "source"."computer_id" AS "__reference_0"
    FROM "relation_5" AS "source"
    UNION ALL
    SELECT
        "source"."desktop_id" AS "__reference_0"
    FROM "relation_6" AS "source"
    UNION ALL
    SELECT
        "source"."laptop_id" AS "__reference_0"
    FROM "relation_7" AS "source"
    UNION ALL
    SELECT
        "source"."tablet_id" AS "__reference_0"
    FROM "relation_8" AS "source"
    UNION ALL
    SELECT
        "source"."smartwatch_id" AS "__reference_0"
    FROM "relation_9" AS "source"
    UNION ALL
    SELECT
        "source"."camera_id" AS "__reference_0"
    FROM "relation_10" AS "source"
    UNION ALL
    SELECT
        "source"."phone_id" AS "__reference_0"
    FROM "relation_11" AS "source"
    UNION ALL
    SELECT
        "source"."accessory_id" AS "__reference_0"
    FROM "relation_12" AS "source"
    UNION ALL
    SELECT
        "source"."appliance_id" AS "__reference_0"
    FROM "relation_13" AS "source"
    UNION ALL
    SELECT
        "source"."kitchenappliance_id" AS "__reference_0"
    FROM "relation_14" AS "source"
    UNION ALL
    SELECT
        "source"."apparel_id" AS "__reference_0"
    FROM "relation_15" AS "source"
    UNION ALL
    SELECT
        "source"."clothing_id" AS "__reference_0"
    FROM "relation_16" AS "source"
    UNION ALL
    SELECT
        "source"."menclothing_id" AS "__reference_0"
    FROM "relation_17" AS "source"
    UNION ALL
    SELECT
        "source"."womenclothing_id" AS "__reference_0"
    FROM "relation_18" AS "source"
    UNION ALL
    SELECT
        "source"."footwear_id" AS "__reference_0"
    FROM "relation_19" AS "source"
    UNION ALL
    SELECT
        "source"."digitalproduct_id" AS "__reference_0"
    FROM "relation_3" AS "source"
    UNION ALL
    SELECT
        "source"."media_id" AS "__reference_0"
    FROM "relation_20" AS "source"
    UNION ALL
    SELECT
        "source"."software_id" AS "__reference_0"
    FROM "relation_21" AS "source"
)
SELECT 
    "b1"."updated_at" AS "updated_at",
    COUNT(DISTINCT "b2"."__reference_0") AS "related_count"
FROM (("b0" INNER JOIN "b1" ON ("b0"."__endpoint_cart_0" = "b1"."__reference_0" AND "b0"."__endpoint_cart_1" = "b1"."__reference_1")) INNER JOIN "b2" ON ("b0"."__endpoint_product_0" = "b2"."__reference_0"))
WHERE ("b1"."cart_id" > 4994665)
GROUP BY
    "b1"."__reference_0",
    "b1"."__reference_1",
    "b1"."updated_at"
HAVING (COUNT(DISTINCT "b2"."__reference_0") >= 3);
                                                                      QUERY PLAN                                                                       
-------------------------------------------------------------------------------------------------------------------------------------------------------
 GroupAggregate  (cost=1988.54..1997.92 rows=139 width=27) (actual rows=0 loops=1)
   Group Key: source_1.customer_id, source_1.cart_id
   Filter: (count(DISTINCT source_2.product_id) >= 3)
   Rows Removed by Filter: 20148
   Buffers: shared hit=1061278 read=17885
   ->  Sort  (cost=1988.54..1989.58 rows=417 width=23) (actual rows=20148 loops=1)
         Sort Key: source_1.customer_id, source_1.cart_id, source_2.product_id
         Sort Method: quicksort  Memory: 1713kB
         Buffers: shared hit=1061278 read=17885
         ->  Nested Loop  (cost=1121.71..1970.39 rows=417 width=23) (actual rows=20148 loops=1)
               Buffers: shared hit=1061278 read=17885
               ->  Hash Join  (cost=1121.42..1956.03 rows=1 width=23) (actual rows=20148 loops=1)
                     Hash Cond: ((source.customer_id = source_1.customer_id) AND (source.cart_id = source_1.cart_id))
                     Buffers: shared read=490
                     ->  Seq Scan on relation_50 source  (cost=0.00..622.68 rows=40368 width=12) (actual rows=40368 loops=1)
                           Buffers: shared read=219
                     ->  Hash  (cost=802.16..802.16 rows=21284 width=19) (actual rows=21222 loops=1)
                           Buckets: 32768  Batches: 1  Memory Usage: 1334kB
                           Buffers: shared read=271
                           ->  Seq Scan on relation_33 source_1  (cost=0.00..802.16 rows=21284 width=19) (actual rows=21222 loops=1)
                                 Filter: (cart_id > 4994665)
                                 Rows Removed by Filter: 21271
                                 Buffers: shared read=271
               ->  Append  (cost=0.29..14.15 rows=21 width=4) (actual rows=1 loops=20148)
                     Buffers: shared hit=1061278 read=17395
                     ->  Index Only Scan using relation_1_pkey on relation_1 source_2  (cost=0.29..0.32 rows=1 width=4) (actual rows=0 loops=20148)
                           Index Cond: (product_id = source.product_id)
                           Heap Fetches: 0
                           Buffers: shared hit=40229 read=68
                     ->  Index Only Scan using relation_2_pkey on relation_2 source_3  (cost=0.29..0.33 rows=1 width=4) (actual rows=0 loops=20148)
                           Index Cond: (physicalproduct_id = source.product_id)
                           Heap Fetches: 0
                           Buffers: shared hit=40208 read=89
                     ->  Index Only Scan using relation_4_pkey on relation_4 source_4  (cost=0.43..3.18 rows=1 width=4) (actual rows=1 loops=20148)
                           Index Cond: (electronics_id = source.product_id)
                           Heap Fetches: 0
                           Buffers: shared hit=60487 read=9043
                     ->  Index Only Scan using relation_5_pkey on relation_5 source_5  (cost=0.29..0.35 rows=1 width=4) (actual rows=0 loops=20148)
                           Index Cond: (computer_id = source.product_id)
                           Heap Fetches: 0
                           Buffers: shared hit=40186 read=111
                     ->  Index Only Scan using relation_6_pkey on relation_6 source_6  (cost=0.43..1.29 rows=1 width=4) (actual rows=0 loops=20148)
                           Index Cond: (desktop_id = source.product_id)
                           Heap Fetches: 0
                           Buffers: shared hit=59408 read=2088
                     ->  Index Only Scan using relation_7_pkey on relation_7 source_7  (cost=0.42..0.49 rows=1 width=4) (actual rows=0 loops=20148)
                           Index Cond: (laptop_id = source.product_id)
                           Heap Fetches: 0
                           Buffers: shared hit=60299 read=146
                     ->  Index Only Scan using relation_8_pkey on relation_8 source_8  (cost=0.29..0.34 rows=1 width=4) (actual rows=0 loops=20148)
                           Index Cond: (tablet_id = source.product_id)
                           Heap Fetches: 0
                           Buffers: shared hit=40196 read=101
                     ->  Index Only Scan using relation_9_pkey on relation_9 source_9  (cost=0.42..0.66 rows=1 width=4) (actual rows=0 loops=20148)
                           Index Cond: (smartwatch_id = source.product_id)
                           Heap Fetches: 0
                           Buffers: shared hit=59935 read=510
                     ->  Index Only Scan using relation_10_pkey on relation_10 source_10  (cost=0.42..0.48 rows=1 width=4) (actual rows=0 loops=20148)
                           Index Cond: (camera_id = source.product_id)
                           Heap Fetches: 0
                           Buffers: shared hit=60257 read=188
                     ->  Index Only Scan using relation_11_pkey on relation_11 source_11  (cost=0.42..0.75 rows=1 width=4) (actual rows=0 loops=20148)
                           Index Cond: (phone_id = source.product_id)
                           Heap Fetches: 0
                           Buffers: shared hit=59712 read=733
                     ->  Index Only Scan using relation_12_pkey on relation_12 source_12  (cost=0.29..0.35 rows=1 width=4) (actual rows=0 loops=20148)
                           Index Cond: (accessory_id = source.product_id)
                           Heap Fetches: 0
                           Buffers: shared hit=40174 read=123
                     ->  Index Only Scan using relation_13_pkey on relation_13 source_13  (cost=0.29..0.34 rows=1 width=4) (actual rows=0 loops=20148)
                           Index Cond: (appliance_id = source.product_id)
                           Heap Fetches: 0
                           Buffers: shared hit=40231 read=66
                     ->  Index Only Scan using relation_14_pkey on relation_14 source_14  (cost=0.42..0.53 rows=1 width=4) (actual rows=0 loops=20148)
                           Index Cond: (kitchenappliance_id = source.product_id)
                           Heap Fetches: 0
                           Buffers: shared hit=60173 read=272
                     ->  Index Only Scan using relation_15_pkey on relation_15 source_15  (cost=0.42..0.61 rows=1 width=4) (actual rows=0 loops=20148)
                           Index Cond: (apparel_id = source.product_id)
                           Heap Fetches: 0
                           Buffers: shared hit=60060 read=385
                     ->  Index Only Scan using relation_16_pkey on relation_16 source_16  (cost=0.42..0.58 rows=1 width=4) (actual rows=0 loops=20148)
                           Index Cond: (clothing_id = source.product_id)
                           Heap Fetches: 0
                           Buffers: shared hit=60140 read=305
                     ->  Index Only Scan using relation_17_pkey on relation_17 source_17  (cost=0.43..1.23 rows=1 width=4) (actual rows=0 loops=20148)
                           Index Cond: (menclothing_id = source.product_id)
                           Heap Fetches: 0
                           Buffers: shared hit=59280 read=1837
                     ->  Index Only Scan using relation_18_pkey on relation_18 source_18  (cost=0.29..0.34 rows=1 width=4) (actual rows=0 loops=20148)
                           Index Cond: (womenclothing_id = source.product_id)
                           Heap Fetches: 0
                           Buffers: shared hit=40160 read=137
                     ->  Index Only Scan using relation_19_pkey on relation_19 source_19  (cost=0.29..0.31 rows=1 width=4) (actual rows=0 loops=20148)
                           Index Cond: (footwear_id = source.product_id)
                           Heap Fetches: 0
                           Buffers: shared hit=40296 read=1
                     ->  Index Only Scan using relation_3_pkey on relation_3 source_20  (cost=0.29..0.33 rows=1 width=4) (actual rows=0 loops=20148)
                           Index Cond: (digitalproduct_id = source.product_id)
                           Heap Fetches: 0
                           Buffers: shared hit=40233 read=64
                     ->  Index Only Scan using relation_20_pkey on relation_20 source_21  (cost=0.43..0.91 rows=1 width=4) (actual rows=0 loops=20148)
                           Index Cond: (media_id = source.product_id)
                           Heap Fetches: 0
                           Buffers: shared hit=59318 read=1127
                     ->  Index Only Scan using relation_21_pkey on relation_21 source_22  (cost=0.29..0.31 rows=1 width=4) (actual rows=0 loops=20148)
                           Index Cond: (software_id = source.product_id)
                           Heap Fetches: 0
                           Buffers: shared hit=40296 read=1
 Planning:
   Buffers: shared hit=4 read=11
 Planning Time: 0.384 ms
 Execution Time: 276.997 ms
(113 rows)

-- Q097 [complex_multi_join] occurrence 1/1
-- Original E/R: SELECT e1.bin_id, e2.is_active, e3.quantity FROM stock r1 JOIN WarehouseBin e1 ON ENDPOINT(r1, WarehouseBin) = REF(e1) JOIN Product e2 ON ENDPOINT(r1, Product) = REF(e2) JOIN bought_together r2 ON ENDPOINT(r2, bought_together_product_id) = REF(e2) JOIN Product e3 ON ENDPOINT(r2, product_id) = REF(e3) WHERE e1.bin_id <= 4985556;
EXPLAIN (ANALYZE, BUFFERS, TIMING OFF, SUMMARY ON, FORMAT TEXT)
WITH
"b0" AS (
    SELECT
        "source"."product_id" AS "__endpoint_product_0",
        "source"."warehouse_id" AS "__endpoint_warehousebin_0",
        "source"."bin_id" AS "__endpoint_warehousebin_1"
    FROM "relation_54" AS "source"
),
"b1" AS (
    SELECT
        "source"."bin_id" AS "bin_id",
        "source"."warehouse_id" AS "__reference_0",
        "source"."bin_id" AS "__reference_1"
    FROM "relation_42" AS "source"
),
"b2" AS (
    SELECT
        "source"."is_active" AS "is_active",
        "source"."product_id" AS "__reference_0"
    FROM "relation_1" AS "source"
    UNION ALL
    SELECT
        "source"."is_active" AS "is_active",
        "source"."physicalproduct_id" AS "__reference_0"
    FROM "relation_2" AS "source"
    UNION ALL
    SELECT
        "source"."is_active" AS "is_active",
        "source"."electronics_id" AS "__reference_0"
    FROM "relation_4" AS "source"
    UNION ALL
    SELECT
        "source"."is_active" AS "is_active",
        "source"."computer_id" AS "__reference_0"
    FROM "relation_5" AS "source"
    UNION ALL
    SELECT
        "source"."is_active" AS "is_active",
        "source"."desktop_id" AS "__reference_0"
    FROM "relation_6" AS "source"
    UNION ALL
    SELECT
        "source"."is_active" AS "is_active",
        "source"."laptop_id" AS "__reference_0"
    FROM "relation_7" AS "source"
    UNION ALL
    SELECT
        "source"."is_active" AS "is_active",
        "source"."tablet_id" AS "__reference_0"
    FROM "relation_8" AS "source"
    UNION ALL
    SELECT
        "source"."is_active" AS "is_active",
        "source"."smartwatch_id" AS "__reference_0"
    FROM "relation_9" AS "source"
    UNION ALL
    SELECT
        "source"."is_active" AS "is_active",
        "source"."camera_id" AS "__reference_0"
    FROM "relation_10" AS "source"
    UNION ALL
    SELECT
        "source"."is_active" AS "is_active",
        "source"."phone_id" AS "__reference_0"
    FROM "relation_11" AS "source"
    UNION ALL
    SELECT
        "source"."is_active" AS "is_active",
        "source"."accessory_id" AS "__reference_0"
    FROM "relation_12" AS "source"
    UNION ALL
    SELECT
        "source"."is_active" AS "is_active",
        "source"."appliance_id" AS "__reference_0"
    FROM "relation_13" AS "source"
    UNION ALL
    SELECT
        "source"."is_active" AS "is_active",
        "source"."kitchenappliance_id" AS "__reference_0"
    FROM "relation_14" AS "source"
    UNION ALL
    SELECT
        "source"."is_active" AS "is_active",
        "source"."apparel_id" AS "__reference_0"
    FROM "relation_15" AS "source"
    UNION ALL
    SELECT
        "source"."is_active" AS "is_active",
        "source"."clothing_id" AS "__reference_0"
    FROM "relation_16" AS "source"
    UNION ALL
    SELECT
        "source"."is_active" AS "is_active",
        "source"."menclothing_id" AS "__reference_0"
    FROM "relation_17" AS "source"
    UNION ALL
    SELECT
        "source"."is_active" AS "is_active",
        "source"."womenclothing_id" AS "__reference_0"
    FROM "relation_18" AS "source"
    UNION ALL
    SELECT
        "source"."is_active" AS "is_active",
        "source"."footwear_id" AS "__reference_0"
    FROM "relation_19" AS "source"
    UNION ALL
    SELECT
        "source"."is_active" AS "is_active",
        "source"."digitalproduct_id" AS "__reference_0"
    FROM "relation_3" AS "source"
    UNION ALL
    SELECT
        "source"."is_active" AS "is_active",
        "source"."media_id" AS "__reference_0"
    FROM "relation_20" AS "source"
    UNION ALL
    SELECT
        "source"."is_active" AS "is_active",
        "source"."software_id" AS "__reference_0"
    FROM "relation_21" AS "source"
),
"b3" AS (
    SELECT
        "source"."bought_together_product_product_id" AS "__endpoint_bought_together_product_id_0",
        "source"."product_id" AS "__endpoint_product_id_0"
    FROM "relation_49" AS "source"
),
"b4" AS (
    SELECT
        "source"."quantity" AS "quantity",
        "source"."product_id" AS "__reference_0"
    FROM "relation_1" AS "source"
    UNION ALL
    SELECT
        "source"."quantity" AS "quantity",
        "source"."physicalproduct_id" AS "__reference_0"
    FROM "relation_2" AS "source"
    UNION ALL
    SELECT
        "source"."quantity" AS "quantity",
        "source"."electronics_id" AS "__reference_0"
    FROM "relation_4" AS "source"
    UNION ALL
    SELECT
        "source"."quantity" AS "quantity",
        "source"."computer_id" AS "__reference_0"
    FROM "relation_5" AS "source"
    UNION ALL
    SELECT
        "source"."quantity" AS "quantity",
        "source"."desktop_id" AS "__reference_0"
    FROM "relation_6" AS "source"
    UNION ALL
    SELECT
        "source"."quantity" AS "quantity",
        "source"."laptop_id" AS "__reference_0"
    FROM "relation_7" AS "source"
    UNION ALL
    SELECT
        "source"."quantity" AS "quantity",
        "source"."tablet_id" AS "__reference_0"
    FROM "relation_8" AS "source"
    UNION ALL
    SELECT
        "source"."quantity" AS "quantity",
        "source"."smartwatch_id" AS "__reference_0"
    FROM "relation_9" AS "source"
    UNION ALL
    SELECT
        "source"."quantity" AS "quantity",
        "source"."camera_id" AS "__reference_0"
    FROM "relation_10" AS "source"
    UNION ALL
    SELECT
        "source"."quantity" AS "quantity",
        "source"."phone_id" AS "__reference_0"
    FROM "relation_11" AS "source"
    UNION ALL
    SELECT
        "source"."quantity" AS "quantity",
        "source"."accessory_id" AS "__reference_0"
    FROM "relation_12" AS "source"
    UNION ALL
    SELECT
        "source"."quantity" AS "quantity",
        "source"."appliance_id" AS "__reference_0"
    FROM "relation_13" AS "source"
    UNION ALL
    SELECT
        "source"."quantity" AS "quantity",
        "source"."kitchenappliance_id" AS "__reference_0"
    FROM "relation_14" AS "source"
    UNION ALL
    SELECT
        "source"."quantity" AS "quantity",
        "source"."apparel_id" AS "__reference_0"
    FROM "relation_15" AS "source"
    UNION ALL
    SELECT
        "source"."quantity" AS "quantity",
        "source"."clothing_id" AS "__reference_0"
    FROM "relation_16" AS "source"
    UNION ALL
    SELECT
        "source"."quantity" AS "quantity",
        "source"."menclothing_id" AS "__reference_0"
    FROM "relation_17" AS "source"
    UNION ALL
    SELECT
        "source"."quantity" AS "quantity",
        "source"."womenclothing_id" AS "__reference_0"
    FROM "relation_18" AS "source"
    UNION ALL
    SELECT
        "source"."quantity" AS "quantity",
        "source"."footwear_id" AS "__reference_0"
    FROM "relation_19" AS "source"
    UNION ALL
    SELECT
        "source"."quantity" AS "quantity",
        "source"."digitalproduct_id" AS "__reference_0"
    FROM "relation_3" AS "source"
    UNION ALL
    SELECT
        "source"."quantity" AS "quantity",
        "source"."media_id" AS "__reference_0"
    FROM "relation_20" AS "source"
    UNION ALL
    SELECT
        "source"."quantity" AS "quantity",
        "source"."software_id" AS "__reference_0"
    FROM "relation_21" AS "source"
)
SELECT 
    "b1"."bin_id" AS "bin_id",
    "b2"."is_active" AS "is_active",
    "b4"."quantity" AS "quantity"
FROM (((("b0" INNER JOIN "b1" ON ("b0"."__endpoint_warehousebin_0" = "b1"."__reference_0" AND "b0"."__endpoint_warehousebin_1" = "b1"."__reference_1")) INNER JOIN "b2" ON ("b0"."__endpoint_product_0" = "b2"."__reference_0")) INNER JOIN "b3" ON ("b3"."__endpoint_bought_together_product_id_0" = "b2"."__reference_0")) INNER JOIN "b4" ON ("b3"."__endpoint_product_id_0" = "b4"."__reference_0"))
WHERE ("b1"."bin_id" <= 4985556);
                                                                        QUERY PLAN                                                                        
----------------------------------------------------------------------------------------------------------------------------------------------------------
 Gather  (cost=155357.91..486354.93 rows=18941 width=12) (actual rows=6358757 loops=1)
   Workers Planned: 2
   Workers Launched: 0
   Buffers: shared hit=670632759 read=16256414
   ->  Nested Loop  (cost=154357.91..483460.83 rows=7892 width=12) (actual rows=6358757 loops=1)
         Buffers: shared hit=670632759 read=16256414
         ->  Nested Loop  (cost=154357.62..365992.64 rows=1432 width=16) (actual rows=6358757 loops=1)
               Buffers: shared hit=335700286 read=7816009
               ->  Parallel Hash Join  (cost=154357.33..320714.90 rows=552 width=16) (actual rows=6358757 loops=1)
                     Hash Cond: (source_23.bought_together_product_product_id = source.product_id)
                     Buffers: shared read=143417
                     ->  Parallel Seq Scan on relation_49 source_23  (cost=0.00..140766.01 rows=6823801 width=8) (actual rows=16378086 loops=1)
                           Buffers: shared read=72528
                     ->  Parallel Hash  (cost=154354.15..154354.15 rows=255 width=8) (actual rows=6525876 loops=1)
                           Buckets: 8388608 (originally 1024)  Batches: 1 (originally 1)  Memory Usage: 386360kB
                           Buffers: shared read=70889
                           ->  Hash Join  (cost=300.78..154354.15 rows=255 width=8) (actual rows=6525876 loops=1)
                                 Hash Cond: ((source.warehouse_id = source_1.warehouse_id) AND (source.bin_id = source_1.bin_id))
                                 Buffers: shared read=70889
                                 ->  Parallel Seq Scan on relation_54 source  (cost=0.00..125397.88 rows=5458188 width=12) (actual rows=13100150 loops=1)
                                       Buffers: shared read=70816
                                 ->  Hash  (cost=215.60..215.60 rows=5679 width=8) (actual rows=5684 loops=1)
                                       Buckets: 8192  Batches: 1  Memory Usage: 287kB
                                       Buffers: shared read=73
                                       ->  Seq Scan on relation_42 source_1  (cost=0.00..215.60 rows=5679 width=8) (actual rows=5684 loops=1)
                                             Filter: (bin_id <= 4985556)
                                             Rows Removed by Filter: 5724
                                             Buffers: shared read=73
               ->  Append  (cost=0.29..81.81 rows=21 width=8) (actual rows=1 loops=6358757)
                     Buffers: shared hit=335700286 read=7672592
                     ->  Index Scan using relation_1_pkey on relation_1 source_24  (cost=0.29..3.80 rows=1 width=8) (actual rows=0 loops=6358757)
                           Index Cond: (product_id = source_23.product_id)
                           Buffers: shared hit=12713741 read=27575
                     ->  Index Scan using relation_2_pkey on relation_2 source_25  (cost=0.29..3.80 rows=1 width=8) (actual rows=0 loops=6358757)
                           Index Cond: (physicalproduct_id = source_23.product_id)
                           Buffers: shared hit=12712137 read=37801
                     ->  Index Scan using relation_4_pkey on relation_4 source_26  (cost=0.43..4.17 rows=1 width=8) (actual rows=1 loops=6358757)
                           Index Cond: (electronics_id = source_23.product_id)
                           Buffers: shared hit=18359583 read=4124895
                     ->  Index Scan using relation_5_pkey on relation_5 source_27  (cost=0.29..3.81 rows=1 width=8) (actual rows=0 loops=6358757)
                           Index Cond: (computer_id = source_23.product_id)
                           Buffers: shared hit=12709791 read=48060
                     ->  Index Scan using relation_6_pkey on relation_6 source_28  (cost=0.43..3.99 rows=1 width=8) (actual rows=0 loops=6358757)
                           Index Cond: (desktop_id = source_23.product_id)
                           Buffers: shared hit=18928411 read=859459
                     ->  Index Scan using relation_7_pkey on relation_7 source_29  (cost=0.42..3.94 rows=1 width=8) (actual rows=0 loops=6358757)
                           Index Cond: (laptop_id = source_23.product_id)
                           Buffers: shared hit=19066570 read=63113
                     ->  Index Scan using relation_8_pkey on relation_8 source_30  (cost=0.29..3.80 rows=1 width=8) (actual rows=0 loops=6358757)
                           Index Cond: (tablet_id = source_23.product_id)
                           Buffers: shared hit=12711450 read=43900
                     ->  Index Scan using relation_9_pkey on relation_9 source_31  (cost=0.42..3.95 rows=1 width=8) (actual rows=0 loops=6358757)
                           Index Cond: (smartwatch_id = source_23.product_id)
                           Buffers: shared hit=19038785 read=214815
                     ->  Index Scan using relation_10_pkey on relation_10 source_32  (cost=0.42..3.94 rows=1 width=8) (actual rows=0 loops=6358757)
                           Index Cond: (camera_id = source_23.product_id)
                           Buffers: shared hit=19065398 read=74392
                     ->  Index Scan using relation_11_pkey on relation_11 source_33  (cost=0.42..3.96 rows=1 width=8) (actual rows=0 loops=6358757)
                           Index Cond: (phone_id = source_23.product_id)
                           Buffers: shared hit=19023090 read=309192
                     ->  Index Scan using relation_12_pkey on relation_12 source_34  (cost=0.29..3.81 rows=1 width=8) (actual rows=0 loops=6358757)
                           Index Cond: (accessory_id = source_23.product_id)
                           Buffers: shared hit=12708521 read=64034
                     ->  Index Scan using relation_13_pkey on relation_13 source_35  (cost=0.29..3.81 rows=1 width=8) (actual rows=0 loops=6358757)
                           Index Cond: (appliance_id = source_23.product_id)
                           Buffers: shared hit=12712914 read=27438
                     ->  Index Scan using relation_14_pkey on relation_14 source_36  (cost=0.42..3.94 rows=1 width=8) (actual rows=0 loops=6358757)
                           Index Cond: (kitchenappliance_id = source_23.product_id)
                           Buffers: shared hit=19058016 read=118475
                     ->  Index Scan using relation_15_pkey on relation_15 source_37  (cost=0.42..3.95 rows=1 width=8) (actual rows=0 loops=6358757)
                           Index Cond: (apparel_id = source_23.product_id)
                           Buffers: shared hit=19047504 read=166775
                     ->  Index Scan using relation_16_pkey on relation_16 source_38  (cost=0.42..3.95 rows=1 width=8) (actual rows=0 loops=6358757)
                           Index Cond: (clothing_id = source_23.product_id)
                           Buffers: shared hit=19052784 read=136408
                     ->  Index Scan using relation_17_pkey on relation_17 source_39  (cost=0.43..3.99 rows=1 width=8) (actual rows=0 loops=6358757)
                           Index Cond: (menclothing_id = source_23.product_id)
                           Buffers: shared hit=18941939 read=772778
                     ->  Index Scan using relation_18_pkey on relation_18 source_40  (cost=0.29..3.81 rows=1 width=8) (actual rows=0 loops=6358757)
                           Index Cond: (womenclothing_id = source_23.product_id)
                           Buffers: shared hit=12710184 read=51685
                     ->  Index Scan using relation_19_pkey on relation_19 source_41  (cost=0.29..3.78 rows=1 width=8) (actual rows=0 loops=6358757)
                           Index Cond: (footwear_id = source_23.product_id)
                           Buffers: shared hit=12715728 read=12486
                     ->  Index Scan using relation_3_pkey on relation_3 source_42  (cost=0.29..3.81 rows=1 width=8) (actual rows=0 loops=6358757)
                           Index Cond: (digitalproduct_id = source_23.product_id)
                           Buffers: shared hit=12713361 read=29253
                     ->  Index Scan using relation_20_pkey on relation_20 source_43  (cost=0.43..3.97 rows=1 width=8) (actual rows=0 loops=6358757)
                           Index Cond: (media_id = source_23.product_id)
                           Buffers: shared hit=18993800 read=483623
                     ->  Index Scan using relation_21_pkey on relation_21 source_44  (cost=0.29..3.73 rows=1 width=8) (actual rows=0 loops=6358757)
                           Index Cond: (software_id = source_23.product_id)
                           Buffers: shared hit=12716579 read=6435
         ->  Append  (cost=0.29..81.82 rows=21 width=8) (actual rows=1 loops=6358757)
               Buffers: shared hit=334932473 read=8440405
               ->  Index Scan using relation_1_pkey on relation_1 source_2  (cost=0.29..3.80 rows=1 width=8) (actual rows=0 loops=6358757)
                     Index Cond: (product_id = source.product_id)
                     Buffers: shared hit=12711097 read=29825
               ->  Index Scan using relation_2_pkey on relation_2 source_3  (cost=0.29..3.80 rows=1 width=8) (actual rows=0 loops=6358757)
                     Index Cond: (physicalproduct_id = source.product_id)
                     Buffers: shared hit=12708597 read=41611
               ->  Index Scan using relation_4_pkey on relation_4 source_4  (cost=0.43..4.17 rows=1 width=8) (actual rows=1 loops=6358757)
                     Index Cond: (electronics_id = source.product_id)
                     Buffers: shared hit=17945173 read=4539872
               ->  Index Scan using relation_5_pkey on relation_5 source_5  (cost=0.29..3.81 rows=1 width=8) (actual rows=0 loops=6358757)
                     Index Cond: (computer_id = source.product_id)
                     Buffers: shared hit=12705217 read=53093
               ->  Index Scan using relation_6_pkey on relation_6 source_6  (cost=0.43..3.99 rows=1 width=8) (actual rows=0 loops=6358757)
                     Index Cond: (desktop_id = source.product_id)
                     Buffers: shared hit=18843199 read=944556
               ->  Index Scan using relation_7_pkey on relation_7 source_7  (cost=0.42..3.94 rows=1 width=8) (actual rows=0 loops=6358757)
                     Index Cond: (laptop_id = source.product_id)
                     Buffers: shared hit=19060096 read=68743
               ->  Index Scan using relation_8_pkey on relation_8 source_8  (cost=0.29..3.80 rows=1 width=8) (actual rows=0 loops=6358757)
                     Index Cond: (tablet_id = source.product_id)
                     Buffers: shared hit=12706628 read=48577
               ->  Index Scan using relation_9_pkey on relation_9 source_9  (cost=0.42..3.95 rows=1 width=8) (actual rows=0 loops=6358757)
                     Index Cond: (smartwatch_id = source.product_id)
                     Buffers: shared hit=19016842 read=238108
               ->  Index Scan using relation_10_pkey on relation_10 source_10  (cost=0.42..3.94 rows=1 width=8) (actual rows=0 loops=6358757)
                     Index Cond: (camera_id = source.product_id)
                     Buffers: shared hit=19057837 read=82299
               ->  Index Scan using relation_11_pkey on relation_11 source_11  (cost=0.42..3.96 rows=1 width=8) (actual rows=0 loops=6358757)
                     Index Cond: (phone_id = source.product_id)
                     Buffers: shared hit=18992693 read=338943
               ->  Index Scan using relation_12_pkey on relation_12 source_12  (cost=0.29..3.81 rows=1 width=8) (actual rows=0 loops=6358757)
                     Index Cond: (accessory_id = source.product_id)
                     Buffers: shared hit=12701952 read=70444
               ->  Index Scan using relation_13_pkey on relation_13 source_13  (cost=0.29..3.81 rows=1 width=8) (actual rows=0 loops=6358757)
                     Index Cond: (appliance_id = source.product_id)
                     Buffers: shared hit=12710161 read=30480
               ->  Index Scan using relation_14_pkey on relation_14 source_14  (cost=0.42..3.94 rows=1 width=8) (actual rows=0 loops=6358757)
                     Index Cond: (kitchenappliance_id = source.product_id)
                     Buffers: shared hit=19046082 read=130135
               ->  Index Scan using relation_15_pkey on relation_15 source_15  (cost=0.42..3.95 rows=1 width=8) (actual rows=0 loops=6358757)
                     Index Cond: (apparel_id = source.product_id)
                     Buffers: shared hit=19030750 read=183293
               ->  Index Scan using relation_16_pkey on relation_16 source_16  (cost=0.42..3.95 rows=1 width=8) (actual rows=0 loops=6358757)
                     Index Cond: (clothing_id = source.product_id)
                     Buffers: shared hit=19039837 read=149710
               ->  Index Scan using relation_17_pkey on relation_17 source_17  (cost=0.43..3.99 rows=1 width=8) (actual rows=0 loops=6358757)
                     Index Cond: (menclothing_id = source.product_id)
                     Buffers: shared hit=18863521 read=851601
               ->  Index Scan using relation_18_pkey on relation_18 source_18  (cost=0.29..3.81 rows=1 width=8) (actual rows=0 loops=6358757)
                     Index Cond: (womenclothing_id = source.product_id)
                     Buffers: shared hit=12705107 read=56116
               ->  Index Scan using relation_19_pkey on relation_19 source_19  (cost=0.29..3.78 rows=1 width=8) (actual rows=0 loops=6358757)
                     Index Cond: (footwear_id = source.product_id)
                     Buffers: shared hit=12714503 read=13776
               ->  Index Scan using relation_3_pkey on relation_3 source_20  (cost=0.29..3.81 rows=1 width=8) (actual rows=0 loops=6358757)
                     Index Cond: (digitalproduct_id = source.product_id)
                     Buffers: shared hit=12710358 read=32690
               ->  Index Scan using relation_20_pkey on relation_20 source_21  (cost=0.43..3.97 rows=1 width=8) (actual rows=0 loops=6358757)
                     Index Cond: (media_id = source.product_id)
                     Buffers: shared hit=18946831 read=529501
               ->  Index Scan using relation_21_pkey on relation_21 source_22  (cost=0.29..3.73 rows=1 width=8) (actual rows=0 loops=6358757)
                     Index Cond: (software_id = source.product_id)
                     Buffers: shared hit=12715992 read=7032
 Planning:
   Buffers: shared hit=3 read=11
 Planning Time: 0.996 ms
 JIT:
   Functions: 237
   Options: Inlining false, Optimization false, Expressions true, Deforming true
 Execution Time: 175440.215 ms
(165 rows)

-- Q098 [selection_projection] occurrence 1/1
-- Original E/R: SELECT e.user_id, e.password_hash FROM User e WHERE e.password_hash < '663fbac28ef983d2a9a257a1fdfe87d570db7cf21f735454baaba71abfbbe744';
EXPLAIN (ANALYZE, BUFFERS, TIMING OFF, SUMMARY ON, FORMAT TEXT)
WITH
"b0" AS (
    SELECT
        "source"."password_hash" AS "password_hash",
        "source"."user_id" AS "user_id"
    FROM "relation_22" AS "source"
    UNION ALL
    SELECT
        "source"."password_hash" AS "password_hash",
        "source"."customer_id" AS "user_id"
    FROM "relation_23" AS "source"
    UNION ALL
    SELECT
        "source"."password_hash" AS "password_hash",
        "source"."primecustomer_id" AS "user_id"
    FROM "relation_24" AS "source"
    UNION ALL
    SELECT
        "source"."password_hash" AS "password_hash",
        "source"."businesscustomer_id" AS "user_id"
    FROM "relation_25" AS "source"
    UNION ALL
    SELECT
        "source"."password_hash" AS "password_hash",
        "source"."employee_id" AS "user_id"
    FROM "relation_26" AS "source"
)
SELECT 
    "b0"."user_id" AS "user_id",
    "b0"."password_hash" AS "password_hash"
FROM "b0"
WHERE ("b0"."password_hash" < '663fbac28ef983d2a9a257a1fdfe87d570db7cf21f735454baaba71abfbbe744');
                                                     QUERY PLAN                                                     
--------------------------------------------------------------------------------------------------------------------
 Append  (cost=0.00..66972.16 rows=616482 width=69) (actual rows=615437 loops=1)
   Buffers: shared read=44633
   ->  Seq Scan on relation_22 source  (cost=0.00..9574.94 rows=112291 width=69) (actual rows=111171 loops=1)
         Filter: ((password_hash)::text < '663fbac28ef983d2a9a257a1fdfe87d570db7cf21f735454baaba71abfbbe744'::text)
         Rows Removed by Filter: 167384
         Buffers: shared read=6093
   ->  Seq Scan on relation_23 source_1  (cost=0.00..1550.31 rows=15032 width=69) (actual rows=14925 loops=1)
         Filter: ((password_hash)::text < '663fbac28ef983d2a9a257a1fdfe87d570db7cf21f735454baaba71abfbbe744'::text)
         Rows Removed by Filter: 22060
         Buffers: shared read=1088
   ->  Seq Scan on relation_24 source_2  (cost=0.00..4963.00 rows=39996 width=69) (actual rows=40057 loops=1)
         Filter: ((password_hash)::text < '663fbac28ef983d2a9a257a1fdfe87d570db7cf21f735454baaba71abfbbe744'::text)
         Rows Removed by Filter: 59943
         Buffers: shared read=3713
   ->  Seq Scan on relation_25 source_3  (cost=0.00..39706.00 rows=359962 width=69) (actual rows=359027 loops=1)
         Filter: ((password_hash)::text < '663fbac28ef983d2a9a257a1fdfe87d570db7cf21f735454baaba71abfbbe744'::text)
         Rows Removed by Filter: 540973
         Buffers: shared read=28456
   ->  Seq Scan on relation_26 source_4  (cost=0.00..8095.50 rows=89201 width=69) (actual rows=90257 loops=1)
         Filter: ((password_hash)::text < '663fbac28ef983d2a9a257a1fdfe87d570db7cf21f735454baaba71abfbbe744'::text)
         Rows Removed by Filter: 134743
         Buffers: shared read=5283
 Planning Time: 0.117 ms
 Execution Time: 168.301 ms
(24 rows)

-- Q099 [selection_projection] occurrence 1/1
-- Original E/R: SELECT DISTINCT e.sku FROM Apparel e WHERE e.is_active < 1;
EXPLAIN (ANALYZE, BUFFERS, TIMING OFF, SUMMARY ON, FORMAT TEXT)
WITH
"b0" AS (
    SELECT
        "source"."is_active" AS "is_active",
        "source"."sku" AS "sku"
    FROM "relation_15" AS "source"
    UNION ALL
    SELECT
        "source"."is_active" AS "is_active",
        "source"."sku" AS "sku"
    FROM "relation_16" AS "source"
    UNION ALL
    SELECT
        "source"."is_active" AS "is_active",
        "source"."sku" AS "sku"
    FROM "relation_17" AS "source"
    UNION ALL
    SELECT
        "source"."is_active" AS "is_active",
        "source"."sku" AS "sku"
    FROM "relation_18" AS "source"
    UNION ALL
    SELECT
        "source"."is_active" AS "is_active",
        "source"."sku" AS "sku"
    FROM "relation_19" AS "source"
)
SELECT DISTINCT 
    "b0"."sku" AS "sku"
FROM "b0"
WHERE ("b0"."is_active" < 1);
                                                                    QUERY PLAN                                                                    
--------------------------------------------------------------------------------------------------------------------------------------------------
 Unique  (cost=76381.70..76383.70 rows=200 width=18) (actual rows=375253 loops=1)
   Buffers: shared hit=571 read=60258
   ->  Sort  (cost=76381.70..76382.70 rows=400 width=18) (actual rows=375253 loops=1)
         Sort Key: source_2.sku
         Sort Method: quicksort  Memory: 24015kB
         Buffers: shared hit=571 read=60258
         ->  Gather  (cost=76322.41..76364.41 rows=400 width=18) (actual rows=375253 loops=1)
               Workers Planned: 2
               Workers Launched: 0
               Buffers: shared hit=571 read=60258
               ->  HashAggregate  (cost=75322.41..75324.41 rows=200 width=18) (actual rows=375253 loops=1)
                     Group Key: source_2.sku
                     Batches: 1  Memory Usage: 40993kB
                     Buffers: shared hit=571 read=60258
                     ->  Parallel Append  (cost=0.00..74933.54 rows=155550 width=18) (actual rows=375253 loops=1)
                           Buffers: shared hit=571 read=60258
                           ->  Parallel Seq Scan on relation_17 source_2  (cost=0.00..50622.44 rows=105030 width=18) (actual rows=253823 loops=1)
                                 Filter: (is_active < 1)
                                 Rows Removed by Filter: 1436177
                                 Buffers: shared hit=375 read=41446
                           ->  Parallel Seq Scan on relation_15 source  (cost=0.00..10241.80 rows=22889 width=18) (actual rows=54655 loops=1)
                                 Filter: (is_active < 1)
                                 Rows Removed by Filter: 310107
                                 Buffers: shared hit=96 read=8246
                           ->  Parallel Seq Scan on relation_16 source_1  (cost=0.00..8634.99 rows=18342 width=18) (actual rows=44707 loops=1)
                                 Filter: (is_active < 1)
                                 Rows Removed by Filter: 253275
                                 Buffers: shared hit=70 read=7013
                           ->  Parallel Seq Scan on relation_18 source_3  (cost=0.00..3764.96 rows=10588 width=18) (actual rows=17775 loops=1)
                                 Filter: (is_active < 1)
                                 Rows Removed by Filter: 99587
                                 Buffers: shared hit=23 read=2879
                           ->  Parallel Seq Scan on relation_19 source_4  (cost=0.00..891.60 rows=2525 width=18) (actual rows=4293 loops=1)
                                 Filter: (is_active < 1)
                                 Rows Removed by Filter: 24349
                                 Buffers: shared hit=7 read=674
 Planning Time: 0.087 ms
 Execution Time: 909.506 ms
(38 rows)

-- Q100 [weak_owner] occurrence 1/1
-- Original E/R: SELECT w.bin_id, w.code, o.warehouse_name FROM WarehouseBin w JOIN Warehouse o ON OWNER(w) = REF(o) WHERE w.code < 'Pl-104-pP';
EXPLAIN (ANALYZE, BUFFERS, TIMING OFF, SUMMARY ON, FORMAT TEXT)
WITH
"b0" AS (
    SELECT
        "source"."bin_id" AS "bin_id",
        "source"."code" AS "code",
        "source"."warehouse_id" AS "__owner_0"
    FROM "relation_42" AS "source"
),
"b1" AS (
    SELECT
        "source"."warehouse_name" AS "warehouse_name",
        "source"."warehouse_id" AS "__reference_0"
    FROM "relation_41" AS "source"
)
SELECT 
    "b0"."bin_id" AS "bin_id",
    "b0"."code" AS "code",
    "b1"."warehouse_name" AS "warehouse_name"
FROM ("b0" INNER JOIN "b1" ON ("b0"."__owner_0" = "b1"."__reference_0"))
WHERE ("b0"."code" < 'Pl-104-pP');
                                                  QUERY PLAN                                                   
---------------------------------------------------------------------------------------------------------------
 Hash Join  (cost=299.77..2571.80 rows=6734 width=31) (actual rows=6739 loops=1)
   Hash Cond: (source_1.warehouse_id = source.warehouse_id)
   Buffers: shared read=738
   ->  Seq Scan on relation_41 source_1  (cost=0.00..1544.82 rows=87982 width=21) (actual rows=87982 loops=1)
         Buffers: shared read=665
   ->  Hash  (cost=215.60..215.60 rows=6734 width=18) (actual rows=6739 loops=1)
         Buckets: 8192  Batches: 1  Memory Usage: 407kB
         Buffers: shared read=73
         ->  Seq Scan on relation_42 source  (cost=0.00..215.60 rows=6734 width=18) (actual rows=6739 loops=1)
               Filter: ((code)::text < 'Pl-104-pP'::text)
               Rows Removed by Filter: 4669
               Buffers: shared read=73
 Planning:
   Buffers: shared hit=4 read=8
 Planning Time: 0.155 ms
 Execution Time: 8.004 ms
(16 rows)

ROLLBACK;
ROLLBACK
