VACUUM (ANALYZE);
VACUUM
\set ON_ERROR_STOP on
\pset pager off
Pager usage is off.
-- CompileDB mapping-aware relational workload
-- Conceptual workload: example2_schema_driven_selectivity_100_w09
-- Mapping ID: 358993a6a0e2de4285ab2bf625fb8c16a0608c2401b613421ca0732d3c04d507
-- Query shapes: 100
-- Executed statements: 100
BEGIN TRANSACTION READ ONLY;
BEGIN
-- Q001 [selection_projection] occurrence 1/1
-- Original E/R: SELECT e.ends_at, e.starts_at, e.promo_name FROM Promotion e WHERE e.promo_name > 'Object-based responsive policy';
EXPLAIN (ANALYZE, BUFFERS, TIMING OFF, SUMMARY ON, FORMAT TEXT)
WITH
"b0" AS (
    SELECT
        "source"."ends_at" AS "ends_at",
        "source"."promo_name" AS "promo_name",
        "source"."starts_at" AS "starts_at"
    FROM "relation_22" AS "source"
)
SELECT 
    "b0"."ends_at" AS "ends_at",
    "b0"."starts_at" AS "starts_at",
    "b0"."promo_name" AS "promo_name"
FROM "b0"
WHERE ("b0"."promo_name" > 'Object-based responsive policy');
                                              QUERY PLAN                                              
------------------------------------------------------------------------------------------------------
 Seq Scan on relation_22 source  (cost=0.00..3773.73 rows=73416 width=56) (actual rows=73908 loops=1)
   Filter: ((promo_name)::text > 'Object-based responsive policy'::text)
   Rows Removed by Filter: 75830
   Buffers: shared read=1902 written=169
 Planning:
   Buffers: shared hit=24
 Planning Time: 0.098 ms
 Execution Time: 14.841 ms
(8 rows)

-- Q002 [weak_owner] occurrence 1/1
-- Original E/R: SELECT w.device, w.session_id, o.password_hash FROM BrowsingSession w JOIN User o ON OWNER(w) = REF(o) WHERE o.password_hash >= '7f77e1d72ca05f11515ce34eb13029810461de5058fa890e4a72e479fef250d6';
EXPLAIN (ANALYZE, BUFFERS, TIMING OFF, SUMMARY ON, FORMAT TEXT)
WITH
"b0" AS (
    SELECT
        "source"."device" AS "device",
        "source"."session_id" AS "session_id",
        "source"."user_id" AS "__owner_0"
    FROM "relation_19" AS "source"
),
"b1" AS (
    SELECT
        "source"."password_hash" AS "password_hash",
        "source"."user_id" AS "__reference_0"
    FROM "relation_8" AS "source"
    UNION ALL
    SELECT
        "source"."password_hash" AS "password_hash",
        "source"."customer_id" AS "__reference_0"
    FROM "relation_9" AS "source"
)
SELECT 
    "b0"."device" AS "device",
    "b0"."session_id" AS "session_id",
    "b1"."password_hash" AS "password_hash"
FROM ("b0" INNER JOIN "b1" ON ("b0"."__owner_0" = "b1"."__reference_0"))
WHERE ("b1"."password_hash" >= '7f77e1d72ca05f11515ce34eb13029810461de5058fa890e4a72e479fef250d6');
                                                        QUERY PLAN                                                         
---------------------------------------------------------------------------------------------------------------------------
 Hash Join  (cost=975.74..82989.02 rows=777885 width=76) (actual rows=16502 loops=1)
   Hash Cond: (source_1.user_id = source.user_id)
   Buffers: shared read=48488 written=286
   ->  Append  (cost=0.00..71350.51 rows=769047 width=69) (actual rows=773319 loops=1)
         Buffers: shared read=48247 written=48
         ->  Seq Scan on relation_8 source_1  (cost=0.00..18091.44 rows=254604 width=69) (actual rows=252425 loops=1)
               Filter: ((password_hash)::text >= '7f77e1d72ca05f11515ce34eb13029810461de5058fa890e4a72e479fef250d6'::text)
               Rows Removed by Filter: 251130
               Buffers: shared read=11797 written=32
         ->  Seq Scan on relation_9 source_2  (cost=0.00..49413.84 rows=514443 width=69) (actual rows=520894 loops=1)
               Filter: ((password_hash)::text >= '7f77e1d72ca05f11515ce34eb13029810461de5058fa890e4a72e479fef250d6'::text)
               Rows Removed by Filter: 516091
               Buffers: shared read=36450 written=16
   ->  Hash  (cost=567.55..567.55 rows=32655 width=15) (actual rows=32655 loops=1)
         Buckets: 32768  Batches: 1  Memory Usage: 1787kB
         Buffers: shared read=241 written=238
         ->  Seq Scan on relation_19 source  (cost=0.00..567.55 rows=32655 width=15) (actual rows=32655 loops=1)
               Buffers: shared read=241 written=238
 Planning:
   Buffers: shared hit=59
 Planning Time: 0.164 ms
 Execution Time: 362.827 ms
(22 rows)

-- Q003 [complex_multi_join] occurrence 1/1
-- Original E/R: SELECT e2.supplier_id, COUNT(DISTINCT REF(e3)) AS related_count FROM supplier_products r1 JOIN Product e1 ON ENDPOINT(r1, Product) = REF(e1) JOIN Supplier e2 ON ENDPOINT(r1, Supplier) = REF(e2) JOIN supplier_pos r2 ON ENDPOINT(r2, Supplier) = REF(e2) JOIN PurchaseOrder e3 ON ENDPOINT(r2, PurchaseOrder) = REF(e3) WHERE e2.supplier_id <= 10516 GROUP BY REF(e2), e2.supplier_id HAVING COUNT(DISTINCT REF(e3)) >= 2;
EXPLAIN (ANALYZE, BUFFERS, TIMING OFF, SUMMARY ON, FORMAT TEXT)
WITH
"b0" AS (
    SELECT
        "source"."product_id" AS "__endpoint_product_0",
        "source"."supplier_id" AS "__endpoint_supplier_0"
    FROM "relation_41" AS "source"
),
"b1" AS (
    SELECT
        "source"."product_id" AS "__reference_0"
    FROM "relation_1" AS "source"
),
"b2" AS (
    SELECT
        "source"."supplier_id" AS "supplier_id",
        "source"."supplier_id" AS "__reference_0"
    FROM "relation_26" AS "source"
),
"b3" AS (
    SELECT
        "source"."purchaseorder_id" AS "__endpoint_purchaseorder_0",
        "source"."supplier_pos_supplier_id" AS "__endpoint_supplier_0"
    FROM "relation_28" AS "source"
    WHERE ("source"."supplier_pos_supplier_id" IS NOT NULL)
),
"b4" AS (
    SELECT
        "source"."purchaseorder_id" AS "__reference_0"
    FROM "relation_28" AS "source"
)
SELECT 
    "b2"."supplier_id" AS "supplier_id",
    COUNT(DISTINCT "b4"."__reference_0") AS "related_count"
FROM (((("b0" INNER JOIN "b1" ON ("b0"."__endpoint_product_0" = "b1"."__reference_0")) INNER JOIN "b2" ON ("b0"."__endpoint_supplier_0" = "b2"."__reference_0")) INNER JOIN "b3" ON ("b3"."__endpoint_supplier_0" = "b2"."__reference_0")) INNER JOIN "b4" ON ("b3"."__endpoint_purchaseorder_0" = "b4"."__reference_0"))
WHERE ("b2"."supplier_id" <= 10516)
GROUP BY
    "b2"."__reference_0",
    "b2"."supplier_id"
HAVING (COUNT(DISTINCT "b4"."__reference_0") >= 2);
                                                                                        QUERY PLAN                                                                                         
-------------------------------------------------------------------------------------------------------------------------------------------------------------------------------------------
 GroupAggregate  (cost=16356.03..17402.41 rows=2653 width=16) (actual rows=1368 loops=1)
   Group Key: source_2.supplier_id
   Filter: (count(DISTINCT source_4.purchaseorder_id) >= 2)
   Rows Removed by Filter: 1415
   Buffers: shared hit=24893 read=6743 written=3367
   ->  Gather Merge  (cost=16356.03..17263.13 rows=7959 width=8) (actual rows=4792 loops=1)
         Workers Planned: 1
         Workers Launched: 0
         Buffers: shared hit=24893 read=6743 written=3367
         ->  Sort  (cost=15356.02..15367.73 rows=4682 width=8) (actual rows=4792 loops=1)
               Sort Key: source_2.supplier_id, source_4.purchaseorder_id
               Sort Method: quicksort  Memory: 342kB
               Buffers: shared hit=24893 read=6743 written=3367
               ->  Nested Loop  (cost=9989.11..15070.59 rows=4682 width=8) (actual rows=4792 loops=1)
                     Buffers: shared hit=24893 read=6743 written=3367
                     ->  Parallel Hash Join  (cost=9988.69..12920.74 rows=4682 width=8) (actual rows=4792 loops=1)
                           Hash Cond: (source_3.supplier_pos_supplier_id = source.supplier_id)
                           Buffers: shared hit=11208 read=6051 written=3235
                           ->  Parallel Seq Scan on relation_28 source_3  (cost=0.00..2620.33 rows=75781 width=8) (actual rows=128819 loops=1)
                                 Filter: (supplier_pos_supplier_id IS NOT NULL)
                                 Rows Removed by Filter: 5367
                                 Buffers: shared read=1831 written=596
                           ->  Parallel Hash  (cost=9959.78..9959.78 rows=2313 width=8) (actual rows=3917 loops=1)
                                 Buckets: 4096  Batches: 1  Memory Usage: 192kB
                                 Buffers: shared hit=11208 read=4220 written=2639
                                 ->  Nested Loop  (cost=1.11..9959.78 rows=2313 width=8) (actual rows=3917 loops=1)
                                       Buffers: shared hit=11208 read=4220 written=2639
                                       ->  Merge Join  (cost=0.68..1446.07 rows=2313 width=12) (actual rows=3917 loops=1)
                                             Merge Cond: (source.supplier_id = source_2.supplier_id)
                                             Buffers: shared hit=21 read=51 written=32
                                             ->  Parallel Index Only Scan using relation_41_pkey on relation_41 source  (cost=0.29..1009.25 rows=22755 width=8) (actual rows=3918 loops=1)
                                                   Heap Fetches: 0
                                                   Buffers: shared hit=18
                                             ->  Index Only Scan using relation_26_pkey on relation_26 source_2  (cost=0.29..330.26 rows=10627 width=4) (actual rows=10516 loops=1)
                                                   Index Cond: (supplier_id <= 10516)
                                                   Heap Fetches: 0
                                                   Buffers: shared hit=3 read=51 written=32
                                       ->  Index Only Scan using relation_1_pkey on relation_1 source_1  (cost=0.44..3.68 rows=1 width=4) (actual rows=1 loops=3917)
                                             Index Cond: (product_id = source.product_id)
                                             Heap Fetches: 0
                                             Buffers: shared hit=11187 read=4169 written=2607
                     ->  Index Only Scan using relation_28_pkey on relation_28 source_4  (cost=0.42..0.46 rows=1 width=4) (actual rows=1 loops=4792)
                           Index Cond: (purchaseorder_id = source_3.purchaseorder_id)
                           Heap Fetches: 0
                           Buffers: shared hit=13685 read=692 written=132
 Planning:
   Buffers: shared hit=96
 Planning Time: 0.604 ms
 Execution Time: 563.099 ms
(49 rows)

-- Q004 [aggregation] occurrence 1/1
-- Original E/R: SELECT e2.delivered_at, COUNT(DISTINCT REF(e1)) AS related_count FROM courier_shipments r JOIN CourierPartner e1 ON ENDPOINT(r, CourierPartner) = REF(e1) JOIN Shipment e2 ON ENDPOINT(r, Shipment) = REF(e2) WHERE e1.webhook_url < 'http://horn.com/' GROUP BY REF(e2), e2.delivered_at HAVING COUNT(DISTINCT REF(e1)) >= 4;
EXPLAIN (ANALYZE, BUFFERS, TIMING OFF, SUMMARY ON, FORMAT TEXT)
WITH
"b0" AS (
    SELECT
        "source"."courier_shipments_courierpartner_id" AS "__endpoint_courierpartner_0",
        "source"."custorder_id" AS "__endpoint_shipment_0",
        "source"."shipment_id" AS "__endpoint_shipment_1"
    FROM "relation_43" AS "source"
),
"b1" AS (
    SELECT
        "source"."webhook_url" AS "webhook_url",
        "source"."courierpartner_id" AS "__reference_0"
    FROM "relation_29" AS "source"
),
"b2" AS (
    SELECT
        "source"."delivered_at" AS "delivered_at",
        "source"."custorder_id" AS "__reference_0",
        "source"."shipment_id" AS "__reference_1"
    FROM "relation_21" AS "source"
)
SELECT 
    "b2"."delivered_at" AS "delivered_at",
    COUNT(DISTINCT "b1"."__reference_0") AS "related_count"
FROM (("b0" INNER JOIN "b1" ON ("b0"."__endpoint_courierpartner_0" = "b1"."__reference_0")) INNER JOIN "b2" ON ("b0"."__endpoint_shipment_0" = "b2"."__reference_0" AND "b0"."__endpoint_shipment_1" = "b2"."__reference_1"))
WHERE ("b1"."webhook_url" < 'http://horn.com/')
GROUP BY
    "b2"."__reference_0",
    "b2"."__reference_1",
    "b2"."delivered_at"
HAVING (COUNT(DISTINCT "b1"."__reference_0") >= 4);
                                                                QUERY PLAN                                                                 
-------------------------------------------------------------------------------------------------------------------------------------------
 GroupAggregate  (cost=915.37..915.39 rows=1 width=27) (actual rows=0 loops=1)
   Group Key: source_2.custorder_id, source_2.shipment_id
   Filter: (count(DISTINCT source_1.courierpartner_id) >= 4)
   Rows Removed by Filter: 1046
   Buffers: shared hit=30692 read=985 written=189
   ->  Sort  (cost=915.37..915.37 rows=1 width=23) (actual rows=1046 loops=1)
         Sort Key: source_2.custorder_id, source_2.shipment_id, source_1.courierpartner_id
         Sort Method: quicksort  Memory: 95kB
         Buffers: shared hit=30692 read=985 written=189
         ->  Nested Loop  (cost=318.92..915.36 rows=1 width=23) (actual rows=1046 loops=1)
               Buffers: shared hit=30692 read=985 written=189
               ->  Hash Join  (cost=318.62..914.78 rows=1 width=23) (actual rows=10465 loops=1)
                     Hash Cond: ((source_2.custorder_id = source.custorder_id) AND (source_2.shipment_id = source.shipment_id))
                     Buffers: shared read=282 written=25
                     ->  Seq Scan on relation_21 source_2  (cost=0.00..468.38 rows=24338 width=19) (actual rows=24338 loops=1)
                           Buffers: shared read=225 written=6
                     ->  Hash  (cost=161.65..161.65 rows=10465 width=12) (actual rows=10465 loops=1)
                           Buckets: 16384  Batches: 1  Memory Usage: 578kB
                           Buffers: shared read=57 written=19
                           ->  Seq Scan on relation_43 source  (cost=0.00..161.65 rows=10465 width=12) (actual rows=10465 loops=1)
                                 Buffers: shared read=57 written=19
               ->  Index Scan using relation_29_pkey on relation_29 source_1  (cost=0.29..0.58 rows=1 width=4) (actual rows=0 loops=10465)
                     Index Cond: (courierpartner_id = source.courier_shipments_courierpartner_id)
                     Filter: ((webhook_url)::text < 'http://horn.com/'::text)
                     Rows Removed by Filter: 1
                     Buffers: shared hit=30692 read=703 written=164
 Planning:
   Buffers: shared hit=61 read=6 written=4
 Planning Time: 0.488 ms
 Execution Time: 17.371 ms
(30 rows)

-- Q005 [aggregation] occurrence 1/1
-- Original E/R: SELECT e1.brand, COUNT(DISTINCT REF(e2)) AS related_count FROM payment_order r JOIN PaymentMethod e1 ON ENDPOINT(r, PaymentMethod) = REF(e1) JOIN CustOrder e2 ON ENDPOINT(r, CustOrder) = REF(e2) WHERE e2.placed_at <= '2023-05-03' GROUP BY REF(e1), e1.brand HAVING COUNT(DISTINCT REF(e2)) >= 1;
EXPLAIN (ANALYZE, BUFFERS, TIMING OFF, SUMMARY ON, FORMAT TEXT)
WITH
"b0" AS (
    SELECT
        "source"."custorder_id" AS "__endpoint_custorder_0",
        "source"."payment_order_customer_id" AS "__endpoint_paymentmethod_0",
        "source"."payment_order_payment_method_id" AS "__endpoint_paymentmethod_1"
    FROM "relation_20" AS "source"
    WHERE ("source"."payment_order_customer_id" IS NOT NULL) AND ("source"."payment_order_payment_method_id" IS NOT NULL)
),
"b1" AS (
    SELECT
        "source"."brand" AS "brand",
        "source"."customer_id" AS "__reference_0",
        "source"."payment_method_id" AS "__reference_1"
    FROM "relation_15" AS "source"
),
"b2" AS (
    SELECT
        "source"."placed_at" AS "placed_at",
        "source"."custorder_id" AS "__reference_0"
    FROM "relation_20" AS "source"
)
SELECT 
    "b1"."brand" AS "brand",
    COUNT(DISTINCT "b2"."__reference_0") AS "related_count"
FROM (("b0" INNER JOIN "b1" ON ("b0"."__endpoint_paymentmethod_0" = "b1"."__reference_0" AND "b0"."__endpoint_paymentmethod_1" = "b1"."__reference_1")) INNER JOIN "b2" ON ("b0"."__endpoint_custorder_0" = "b2"."__reference_0"))
WHERE ("b2"."placed_at" <= '2023-05-03')
GROUP BY
    "b1"."__reference_0",
    "b1"."__reference_1",
    "b1"."brand"
HAVING (COUNT(DISTINCT "b2"."__reference_0") >= 1);
                                                                                 QUERY PLAN                                                                                 
----------------------------------------------------------------------------------------------------------------------------------------------------------------------------
 GroupAggregate  (cost=6260.89..6260.92 rows=1 width=23) (actual rows=19329 loops=1)
   Group Key: source_1.customer_id, source_1.payment_method_id
   Filter: (count(DISTINCT source_2.custorder_id) >= 1)
   Buffers: shared hit=282089 read=3239 written=851
   ->  Sort  (cost=6260.89..6260.90 rows=1 width=19) (actual rows=20764 loops=1)
         Sort Key: source_1.customer_id, source_1.payment_method_id, source_2.custorder_id
         Sort Method: quicksort  Memory: 1742kB
         Buffers: shared hit=282089 read=3239 written=851
         ->  Nested Loop  (cost=3676.86..6260.88 rows=1 width=19) (actual rows=20764 loops=1)
               Buffers: shared hit=282089 read=3239 written=851
               ->  Gather  (cost=3676.44..6260.31 rows=1 width=19) (actual rows=70629 loops=1)
                     Workers Planned: 1
                     Workers Launched: 0
                     Buffers: shared read=2812 written=728
                     ->  Parallel Hash Join  (cost=2676.44..5260.21 rows=1 width=19) (actual rows=70629 loops=1)
                           Hash Cond: ((source_1.customer_id = source.payment_order_customer_id) AND (source_1.payment_method_id = source.payment_order_payment_method_id))
                           Buffers: shared read=2812 written=728
                           ->  Parallel Seq Scan on relation_15 source_1  (cost=0.00..1971.86 rows=81586 width=15) (actual rows=138697 loops=1)
                                 Buffers: shared read=1156 written=267
                           ->  Parallel Hash  (cost=2128.12..2128.12 rows=36555 width=12) (actual rows=70629 loops=1)
                                 Buckets: 131072 (originally 65536)  Batches: 1 (originally 1)  Memory Usage: 4864kB
                                 Buffers: shared read=1656 written=461
                                 ->  Parallel Seq Scan on relation_20 source  (cost=0.00..2128.12 rows=36555 width=12) (actual rows=70629 loops=1)
                                       Filter: ((payment_order_customer_id IS NOT NULL) AND (payment_order_payment_method_id IS NOT NULL))
                                       Rows Removed by Filter: 9631
                                       Buffers: shared read=1656 written=461
               ->  Index Scan using relation_20_pkey on relation_20 source_2  (cost=0.42..0.57 rows=1 width=4) (actual rows=0 loops=70629)
                     Index Cond: (custorder_id = source.custorder_id)
                     Filter: ((placed_at)::text <= '2023-05-03'::text)
                     Rows Removed by Filter: 1
                     Buffers: shared hit=282089 read=427 written=123
 Planning:
   Buffers: shared hit=61 read=2
 Planning Time: 0.197 ms
 Execution Time: 125.277 ms
(35 rows)

-- Q006 [weak_owner] occurrence 1/1
-- Original E/R: SELECT w.wishlist_name, w.wishlist_id, o.password_hash FROM Wishlist w JOIN Customer o ON OWNER(w) = REF(o) WHERE o.password_hash >= 'cd94b32f6ece0a42e85bf394c7927439ba8e207a59c3a2f039d1af18522b09b0';
EXPLAIN (ANALYZE, BUFFERS, TIMING OFF, SUMMARY ON, FORMAT TEXT)
WITH
"b0" AS (
    SELECT
        "source"."wishlist_id" AS "wishlist_id",
        "source"."wishlist_name" AS "wishlist_name",
        "source"."customer_id" AS "__owner_0"
    FROM "relation_17" AS "source"
),
"b1" AS (
    SELECT
        "source"."password_hash" AS "password_hash",
        "source"."customer_id" AS "__reference_0"
    FROM "relation_9" AS "source"
)
SELECT 
    "b0"."wishlist_name" AS "wishlist_name",
    "b0"."wishlist_id" AS "wishlist_id",
    "b1"."password_hash" AS "password_hash"
FROM ("b0" INNER JOIN "b1" ON ("b0"."__owner_0" = "b1"."__reference_0"))
WHERE ("b1"."password_hash" >= 'cd94b32f6ece0a42e85bf394c7927439ba8e207a59c3a2f039d1af18522b09b0');
                                                          QUERY PLAN                                                          
------------------------------------------------------------------------------------------------------------------------------
 Gather  (cost=2302.22..45413.62 rows=9049 width=77) (actual rows=9140 loops=1)
   Workers Planned: 2
   Workers Launched: 0
   Buffers: shared read=36712 written=88
   ->  Hash Join  (cost=1302.22..43508.72 rows=3770 width=77) (actual rows=9140 loops=1)
         Hash Cond: (source_1.customer_id = source.customer_id)
         Buffers: shared read=36712 written=88
         ->  Parallel Seq Scan on relation_9 source_1  (cost=0.00..41851.60 rows=84584 width=69) (actual rows=204248 loops=1)
               Filter: ((password_hash)::text >= 'cd94b32f6ece0a42e85bf394c7927439ba8e207a59c3a2f039d1af18522b09b0'::text)
               Rows Removed by Filter: 832737
               Buffers: shared read=36450 written=13
         ->  Hash  (cost=724.32..724.32 rows=46232 width=16) (actual rows=46232 loops=1)
               Buckets: 65536  Batches: 1  Memory Usage: 2725kB
               Buffers: shared read=262 written=75
               ->  Seq Scan on relation_17 source  (cost=0.00..724.32 rows=46232 width=16) (actual rows=46232 loops=1)
                     Buffers: shared read=262 written=75
 Planning:
   Buffers: shared hit=25 read=1
 Planning Time: 0.151 ms
 Execution Time: 113.653 ms
(20 rows)

-- Q007 [complex_multi_join] occurrence 1/1
-- Original E/R: SELECT e1.product_id, e2.is_active, e3.cart_id FROM bundle_components r1 JOIN Product e1 ON ENDPOINT(r1, product_id) = REF(e1) JOIN Product e2 ON ENDPOINT(r1, bundle_product_id) = REF(e2) JOIN cart_contains r2 ON ENDPOINT(r2, Product) = REF(e2) JOIN Cart e3 ON ENDPOINT(r2, Cart) = REF(e3) WHERE e1.sku >= 'SKU-klfZ-12422029';
EXPLAIN (ANALYZE, BUFFERS, TIMING OFF, SUMMARY ON, FORMAT TEXT)
WITH
"b0" AS (
    SELECT
        "source"."bundle_product_product_id" AS "__endpoint_bundle_product_id_0",
        "source"."product_id" AS "__endpoint_product_id_0"
    FROM "relation_32" AS "source"
),
"b1" AS (
    SELECT
        "source"."product_id" AS "product_id",
        "source"."sku" AS "sku",
        "source"."product_id" AS "__reference_0"
    FROM "relation_1" AS "source"
),
"b2" AS (
    SELECT
        "source"."is_active" AS "is_active",
        "source"."product_id" AS "__reference_0"
    FROM "relation_1" AS "source"
),
"b3" AS (
    SELECT
        "source"."customer_id" AS "__endpoint_cart_0",
        "source"."cart_id" AS "__endpoint_cart_1",
        "source"."product_id" AS "__endpoint_product_0"
    FROM "relation_34" AS "source"
),
"b4" AS (
    SELECT
        "source"."cart_id" AS "cart_id",
        "source"."customer_id" AS "__reference_0",
        "source"."cart_id" AS "__reference_1"
    FROM "relation_16" AS "source"
)
SELECT 
    "b1"."product_id" AS "product_id",
    "b2"."is_active" AS "is_active",
    "b4"."cart_id" AS "cart_id"
FROM (((("b0" INNER JOIN "b1" ON ("b0"."__endpoint_product_id_0" = "b1"."__reference_0")) INNER JOIN "b2" ON ("b0"."__endpoint_bundle_product_id_0" = "b2"."__reference_0")) INNER JOIN "b3" ON ("b3"."__endpoint_product_0" = "b2"."__reference_0")) INNER JOIN "b4" ON ("b3"."__endpoint_cart_0" = "b4"."__reference_0" AND "b3"."__endpoint_cart_1" = "b4"."__reference_1"))
WHERE ("b1"."sku" >= 'SKU-klfZ-12422029');
                                                                   QUERY PLAN                                                                   
------------------------------------------------------------------------------------------------------------------------------------------------
 Nested Loop  (cost=3168.82..37287.25 rows=1 width=12) (actual rows=4862 loops=1)
   Buffers: shared hit=27315 read=40012 written=7029
   ->  Nested Loop  (cost=3168.39..37283.31 rows=1 width=16) (actual rows=4862 loops=1)
         Buffers: shared hit=16841 read=31038 written=4499
         ->  Gather  (cost=3167.95..37279.37 rows=1 width=16) (actual rows=8131 loops=1)
               Workers Planned: 2
               Workers Launched: 0
               Buffers: shared read=15355 written=141
               ->  Hash Join  (cost=2167.95..36279.27 rows=1 width=16) (actual rows=8131 loops=1)
                     Hash Cond: (source.bundle_product_product_id = source_3.product_id)
                     Buffers: shared read=15355 written=141
                     ->  Parallel Seq Scan on relation_32 source  (cost=0.00..28862.32 rows=1399732 width=8) (actual rows=3359356 loops=1)
                           Buffers: shared read=14865 written=14
                     ->  Hash  (cost=2167.94..2167.94 rows=1 width=8) (actual rows=40368 loops=1)
                           Buckets: 65536 (originally 1024)  Batches: 1 (originally 1)  Memory Usage: 2089kB
                           Buffers: shared read=490 written=127
                           ->  Hash Join  (cost=1333.33..2167.94 rows=1 width=8) (actual rows=40368 loops=1)
                                 Hash Cond: ((source_3.customer_id = source_4.customer_id) AND (source_3.cart_id = source_4.cart_id))
                                 Buffers: shared read=490 written=127
                                 ->  Seq Scan on relation_34 source_3  (cost=0.00..622.68 rows=40368 width=12) (actual rows=40368 loops=1)
                                       Buffers: shared read=219 written=78
                                 ->  Hash  (cost=695.93..695.93 rows=42493 width=8) (actual rows=42493 loops=1)
                                       Buckets: 65536  Batches: 1  Memory Usage: 2172kB
                                       Buffers: shared read=271 written=49
                                       ->  Seq Scan on relation_16 source_4  (cost=0.00..695.93 rows=42493 width=8) (actual rows=42493 loops=1)
                                             Buffers: shared read=271 written=49
         ->  Index Scan using relation_1_pkey on relation_1 source_1  (cost=0.44..3.94 rows=1 width=4) (actual rows=1 loops=8131)
               Index Cond: (product_id = source.product_id)
               Filter: ((sku)::text >= 'SKU-klfZ-12422029'::text)
               Rows Removed by Filter: 0
               Buffers: shared hit=16841 read=15683 written=4358
   ->  Index Scan using relation_1_pkey on relation_1 source_2  (cost=0.44..3.94 rows=1 width=8) (actual rows=1 loops=4862)
         Index Cond: (product_id = source.bundle_product_product_id)
         Buffers: shared hit=10474 read=8974 written=2530
 Planning:
   Buffers: shared hit=88 read=3
 Planning Time: 0.520 ms
 Execution Time: 2430.834 ms
(38 rows)

-- Q008 [aggregation] occurrence 1/1
-- Original E/R: SELECT e2.sku, COUNT(DISTINCT REF(e1)) AS related_count FROM bought_together r JOIN Product e1 ON ENDPOINT(r, product_id) = REF(e1) JOIN Product e2 ON ENDPOINT(r, bought_together_product_id) = REF(e2) WHERE e1.product_id < 8432208 GROUP BY REF(e2), e2.sku HAVING COUNT(DISTINCT REF(e1)) >= 3;
EXPLAIN (ANALYZE, BUFFERS, TIMING OFF, SUMMARY ON, FORMAT TEXT)
WITH
"b0" AS (
    SELECT
        "source"."bought_together_product_product_id" AS "__endpoint_bought_together_product_id_0",
        "source"."product_id" AS "__endpoint_product_id_0"
    FROM "relation_33" AS "source"
),
"b1" AS (
    SELECT
        "source"."product_id" AS "product_id",
        "source"."product_id" AS "__reference_0"
    FROM "relation_1" AS "source"
),
"b2" AS (
    SELECT
        "source"."sku" AS "sku",
        "source"."product_id" AS "__reference_0"
    FROM "relation_1" AS "source"
)
SELECT 
    "b2"."sku" AS "sku",
    COUNT(DISTINCT "b1"."__reference_0") AS "related_count"
FROM (("b0" INNER JOIN "b1" ON ("b0"."__endpoint_product_id_0" = "b1"."__reference_0")) INNER JOIN "b2" ON ("b0"."__endpoint_bought_together_product_id_0" = "b2"."__reference_0"))
WHERE ("b1"."product_id" < 8432208)
GROUP BY
    "b2"."__reference_0",
    "b2"."sku"
HAVING (COUNT(DISTINCT "b1"."__reference_0") >= 3);
                                                                                      QUERY PLAN                                                                                      
--------------------------------------------------------------------------------------------------------------------------------------------------------------------------------------
 GroupAggregate  (cost=1677047.44..2779393.43 rows=2742840 width=30) (actual rows=228767 loops=1)
   Group Key: source_2.product_id
   Filter: (count(DISTINCT source_1.product_id) >= 3)
   Rows Removed by Filter: 6272026
   Buffers: shared hit=7504 read=508838, temp read=225510 written=225582
   ->  Gather Merge  (cost=1677047.44..2635394.31 rows=8228521 width=26) (actual rows=8220670 loops=1)
         Workers Planned: 2
         Workers Launched: 0
         Buffers: shared hit=7504 read=508838, temp read=225510 written=225582
         ->  Sort  (cost=1676047.42..1684618.79 rows=3428550 width=26) (actual rows=8220670 loops=1)
               Sort Key: source_2.product_id, source_1.product_id
               Sort Method: external merge  Disk: 305696kB
               Buffers: shared hit=7504 read=508838, temp read=225510 written=225582
               ->  Parallel Hash Join  (cost=919386.39..1221859.59 rows=3428550 width=26) (actual rows=8220670 loops=1)
                     Hash Cond: (source.bought_together_product_product_id = source_2.product_id)
                     Buffers: shared hit=7504 read=508838, temp read=187298 written=187360
                     ->  Parallel Hash Join  (cost=318085.24..543763.50 rows=3428550 width=8) (actual rows=8220670 loops=1)
                           Hash Cond: (source.product_id = source_1.product_id)
                           Buffers: shared hit=855 read=112669, temp read=74525 written=74540
                           ->  Parallel Seq Scan on relation_33 source  (cost=0.00..140712.58 rows=6824258 width=8) (actual rows=16378086 loops=1)
                                 Buffers: shared read=72470
                           ->  Parallel Hash  (cost=260395.90..260395.90 rows=3516267 width=4) (actual rows=8432207 loops=1)
                                 Buckets: 4194304  Batches: 4  Memory Usage: 115296kB
                                 Buffers: shared hit=855 read=40199, temp written=18536
                                 ->  Parallel Index Only Scan using relation_1_pkey on relation_1 source_1  (cost=0.44..260395.90 rows=3516267 width=4) (actual rows=8432207 loops=1)
                                       Index Cond: (product_id < 8432208)
                                       Heap Fetches: 0
                                       Buffers: shared hit=855 read=40199
                     ->  Parallel Hash  (cost=472806.51..472806.51 rows=6998851 width=22) (actual rows=16796782 loops=1)
                           Buckets: 2097152  Batches: 16  Memory Usage: 74016kB
                           Buffers: shared hit=6649 read=396169, temp written=84680
                           ->  Parallel Seq Scan on relation_1 source_2  (cost=0.00..472806.51 rows=6998851 width=22) (actual rows=16796782 loops=1)
                                 Buffers: shared hit=6649 read=396169
 Planning:
   Buffers: shared hit=30 read=15
 Planning Time: 0.805 ms
 JIT:
   Functions: 22
   Options: Inlining true, Optimization true, Expressions true, Deforming true
 Execution Time: 16793.592 ms
(40 rows)

-- Q009 [weak_owner] occurrence 1/1
-- Original E/R: SELECT w.price_id, w.ends_at, w.price, o.base_price FROM PriceHistory w JOIN Product o ON OWNER(w) = REF(o) WHERE o.sku < 'SKU-KWpp-43251915';
EXPLAIN (ANALYZE, BUFFERS, TIMING OFF, SUMMARY ON, FORMAT TEXT)
WITH
"b0" AS (
    SELECT
        "source"."ends_at" AS "ends_at",
        "source"."price" AS "price",
        "source"."price_id" AS "price_id",
        "source"."product_id" AS "__owner_0"
    FROM "relation_12" AS "source"
),
"b1" AS (
    SELECT
        "source"."base_price" AS "base_price",
        "source"."sku" AS "sku",
        "source"."product_id" AS "__reference_0"
    FROM "relation_1" AS "source"
)
SELECT 
    "b0"."price_id" AS "price_id",
    "b0"."ends_at" AS "ends_at",
    "b0"."price" AS "price",
    "b1"."base_price" AS "base_price"
FROM ("b0" INNER JOIN "b1" ON ("b0"."__owner_0" = "b1"."__reference_0"))
WHERE ("b1"."sku" < 'SKU-KWpp-43251915');
                                                         QUERY PLAN                                                          
-----------------------------------------------------------------------------------------------------------------------------
 Nested Loop  (cost=0.44..96919.65 rows=4998 width=23) (actual rows=4916 loops=1)
   Buffers: shared hit=25223 read=22484 written=29
   ->  Seq Scan on relation_12 source  (cost=0.00..214.03 rows=11903 width=23) (actual rows=11903 loops=1)
         Buffers: shared read=95
   ->  Index Scan using relation_1_pkey on relation_1 source_1  (cost=0.44..8.12 rows=1 width=8) (actual rows=0 loops=11903)
         Index Cond: (product_id = source.product_id)
         Filter: ((sku)::text < 'SKU-KWpp-43251915'::text)
         Rows Removed by Filter: 1
         Buffers: shared hit=25223 read=22389 written=29
 Planning:
   Buffers: shared hit=26 read=13
 Planning Time: 0.245 ms
 Execution Time: 457.870 ms
(13 rows)

-- Q010 [relationship_join] occurrence 1/1
-- Original E/R: SELECT e1.dimensions, e2.accessory_type FROM bundled_phone_accessory r JOIN Phone e1 ON ENDPOINT(r, Phone) = REF(e1) JOIN Accessory e2 ON ENDPOINT(r, Accessory) = REF(e2) WHERE e2.quantity <= 8;
EXPLAIN (ANALYZE, BUFFERS, TIMING OFF, SUMMARY ON, FORMAT TEXT)
WITH
"b0" AS (
    SELECT
        "source"."accessory_id" AS "__endpoint_accessory_0",
        "source"."phone_id" AS "__endpoint_phone_0"
    FROM "relation_45" AS "source"
),
"b1" AS (
    SELECT
        "source"."dimensions" AS "dimensions",
        "source"."product_id" AS "__reference_0"
    FROM "relation_1" AS "source"
    WHERE ("source"."role" IN ('phone'))
),
"b2" AS (
    SELECT
        "source"."accessory_type" AS "accessory_type",
        "ancestor_0"."quantity" AS "quantity",
        "source"."accessory_id" AS "__reference_0"
    FROM "relation_4" AS "source"
    INNER JOIN "relation_1" AS "ancestor_0" ON ("source"."accessory_id" = "ancestor_0"."product_id")
)
SELECT 
    "b1"."dimensions" AS "dimensions",
    "b2"."accessory_type" AS "accessory_type"
FROM (("b0" INNER JOIN "b1" ON ("b0"."__endpoint_phone_0" = "b1"."__reference_0")) INNER JOIN "b2" ON ("b0"."__endpoint_accessory_0" = "b2"."__reference_0"))
WHERE ("b2"."quantity" <= 8);
                                                                    QUERY PLAN                                                                    
--------------------------------------------------------------------------------------------------------------------------------------------------
 Gather  (cost=498871.03..571357.56 rows=7377 width=12) (actual rows=182053 loops=1)
   Workers Planned: 2
   Workers Launched: 0
   Buffers: shared hit=3517906 read=403948
   ->  Hash Join  (cost=497871.03..569619.86 rows=3074 width=12) (actual rows=182053 loops=1)
         Hash Cond: (ancestor_0.product_id = source_2.accessory_id)
         Buffers: shared hit=3517906 read=403948
         ->  Nested Loop  (cost=493826.82..565567.58 rows=3074 width=14) (actual rows=182053 loops=1)
               Buffers: shared hit=3517906 read=403164
               ->  Parallel Hash Join  (cost=493826.39..502336.14 rows=14741 width=10) (actual rows=878591 loops=1)
                     Hash Cond: (source.phone_id = source_1.product_id)
                     Buffers: shared hit=7606 read=399100
                     ->  Parallel Seq Scan on relation_45 source  (cost=0.00..7548.80 rows=366080 width=8) (actual rows=878591 loops=1)
                           Buffers: shared read=3888
                     ->  Parallel Hash  (cost=490303.64..490303.64 rows=281820 width=10) (actual rows=676001 loops=1)
                           Buckets: 1048576  Batches: 1  Memory Usage: 39936kB
                           Buffers: shared hit=7606 read=395212
                           ->  Parallel Seq Scan on relation_1 source_1  (cost=0.00..490303.64 rows=281820 width=10) (actual rows=676001 loops=1)
                                 Filter: ((role)::text = 'phone'::text)
                                 Rows Removed by Filter: 16120781
                                 Buffers: shared hit=7606 read=395212
               ->  Index Scan using relation_1_pkey on relation_1 ancestor_0  (cost=0.44..4.29 rows=1 width=4) (actual rows=0 loops=878591)
                     Index Cond: (product_id = source.accessory_id)
                     Filter: (quantity <= 8)
                     Rows Removed by Filter: 1
                     Buffers: shared hit=3510300 read=4064
         ->  Hash  (cost=2232.98..2232.98 rows=144898 width=10) (actual rows=144898 loops=1)
               Buckets: 262144  Batches: 1  Memory Usage: 8275kB
               Buffers: shared read=784
               ->  Seq Scan on relation_4 source_2  (cost=0.00..2232.98 rows=144898 width=10) (actual rows=144898 loops=1)
                     Buffers: shared read=784
 Planning:
   Buffers: shared hit=35 read=27
 Planning Time: 0.591 ms
 JIT:
   Functions: 28
   Options: Inlining true, Optimization true, Expressions true, Deforming true
 Execution Time: 2295.105 ms
(38 rows)

-- Q011 [relationship_join] occurrence 1/1
-- Original E/R: SELECT e1.custorder_id, e2.sku, e2.quantity FROM order_items r JOIN CustOrder e1 ON ENDPOINT(r, CustOrder) = REF(e1) JOIN Product e2 ON ENDPOINT(r, Product) = REF(e2) WHERE e1.status > 'pending';
EXPLAIN (ANALYZE, BUFFERS, TIMING OFF, SUMMARY ON, FORMAT TEXT)
WITH
"b0" AS (
    SELECT
        "source"."custorder_id" AS "__endpoint_custorder_0",
        "source"."product_id" AS "__endpoint_product_0"
    FROM "relation_37" AS "source"
),
"b1" AS (
    SELECT
        "source"."custorder_id" AS "custorder_id",
        "source"."status" AS "status",
        "source"."custorder_id" AS "__reference_0"
    FROM "relation_20" AS "source"
),
"b2" AS (
    SELECT
        "source"."quantity" AS "quantity",
        "source"."sku" AS "sku",
        "source"."product_id" AS "__reference_0"
    FROM "relation_1" AS "source"
)
SELECT 
    "b1"."custorder_id" AS "custorder_id",
    "b2"."sku" AS "sku",
    "b2"."quantity" AS "quantity"
FROM (("b0" INNER JOIN "b1" ON ("b0"."__endpoint_custorder_0" = "b1"."__reference_0")) INNER JOIN "b2" ON ("b0"."__endpoint_product_0" = "b2"."__reference_0"))
WHERE ("b1"."status" > 'pending');
                                                                          QUERY PLAN                                                                           
---------------------------------------------------------------------------------------------------------------------------------------------------------------
 Gather  (cost=3426.34..93712.84 rows=31555 width=26) (actual rows=31463 loops=1)
   Workers Planned: 2
   Workers Launched: 0
   Buffers: shared hit=66229 read=61654 written=1
   ->  Nested Loop  (cost=2426.34..89557.34 rows=13148 width=26) (actual rows=31463 loops=1)
         Buffers: shared hit=66229 read=61654 written=1
         ->  Parallel Hash Join  (cost=2425.90..4990.60 rows=13148 width=8) (actual rows=31463 loops=1)
               Hash Cond: (source.custorder_id = source_1.custorder_id)
               Buffers: shared hit=3 read=2028
               ->  Parallel Index Only Scan using relation_37_pkey on relation_37 source  (cost=0.29..2451.48 rows=43236 width=8) (actual rows=103766 loops=1)
                     Heap Fetches: 0
                     Buffers: shared hit=3 read=372
               ->  Parallel Hash  (cost=2246.15..2246.15 rows=14357 width=4) (actual rows=24230 loops=1)
                     Buckets: 32768  Batches: 1  Memory Usage: 1216kB
                     Buffers: shared read=1656
                     ->  Parallel Seq Scan on relation_20 source_1  (cost=0.00..2246.15 rows=14357 width=4) (actual rows=24230 loops=1)
                           Filter: ((status)::text > 'pending'::text)
                           Rows Removed by Filter: 56030
                           Buffers: shared read=1656
         ->  Index Scan using relation_1_pkey on relation_1 source_2  (cost=0.44..6.43 rows=1 width=26) (actual rows=1 loops=31463)
               Index Cond: (product_id = source.product_id)
               Buffers: shared hit=66226 read=59626 written=1
 Planning:
   Buffers: shared hit=18 read=16
 Planning Time: 0.237 ms
 Execution Time: 990.636 ms
(26 rows)

-- Q012 [complex_multi_join] occurrence 1/1
-- Original E/R: SELECT e1.bin_id, e2.is_active, e3.created_at FROM stock r1 JOIN WarehouseBin e1 ON ENDPOINT(r1, WarehouseBin) = REF(e1) JOIN Product e2 ON ENDPOINT(r1, Product) = REF(e2) JOIN po_items r2 ON ENDPOINT(r2, Product) = REF(e2) JOIN PurchaseOrder e3 ON ENDPOINT(r2, PurchaseOrder) = REF(e3) WHERE e3.status < 'cancelled';
EXPLAIN (ANALYZE, BUFFERS, TIMING OFF, SUMMARY ON, FORMAT TEXT)
WITH
"b0" AS (
    SELECT
        "source"."product_id" AS "__endpoint_product_0",
        "source"."warehouse_id" AS "__endpoint_warehousebin_0",
        "source"."bin_id" AS "__endpoint_warehousebin_1"
    FROM "relation_40" AS "source"
),
"b1" AS (
    SELECT
        "source"."bin_id" AS "bin_id",
        "source"."warehouse_id" AS "__reference_0",
        "source"."bin_id" AS "__reference_1"
    FROM "relation_25" AS "source"
),
"b2" AS (
    SELECT
        "source"."is_active" AS "is_active",
        "source"."product_id" AS "__reference_0"
    FROM "relation_1" AS "source"
),
"b3" AS (
    SELECT
        "source"."product_id" AS "__endpoint_product_0",
        "source"."purchaseorder_id" AS "__endpoint_purchaseorder_0"
    FROM "relation_42" AS "source"
),
"b4" AS (
    SELECT
        "source"."created_at" AS "created_at",
        "source"."status" AS "status",
        "source"."purchaseorder_id" AS "__reference_0"
    FROM "relation_28" AS "source"
)
SELECT 
    "b1"."bin_id" AS "bin_id",
    "b2"."is_active" AS "is_active",
    "b4"."created_at" AS "created_at"
FROM (((("b0" INNER JOIN "b1" ON ("b0"."__endpoint_warehousebin_0" = "b1"."__reference_0" AND "b0"."__endpoint_warehousebin_1" = "b1"."__reference_1")) INNER JOIN "b2" ON ("b0"."__endpoint_product_0" = "b2"."__reference_0")) INNER JOIN "b3" ON ("b3"."__endpoint_product_0" = "b2"."__reference_0")) INNER JOIN "b4" ON ("b3"."__endpoint_purchaseorder_0" = "b4"."__reference_0"))
WHERE ("b4"."status" < 'cancelled');
                                                                                 QUERY PLAN                                                                                  
-----------------------------------------------------------------------------------------------------------------------------------------------------------------------------
 Gather  (cost=4357.92..35752.92 rows=10 width=19) (actual rows=21683 loops=1)
   Workers Planned: 2
   Workers Launched: 0
   Buffers: shared hit=129405 read=48465
   ->  Nested Loop  (cost=3357.92..34751.92 rows=4 width=19) (actual rows=21683 loops=1)
         Buffers: shared hit=129405 read=48465
         ->  Hash Join  (cost=3357.48..34747.74 rows=4 width=23) (actual rows=21683 loops=1)
               Hash Cond: ((source.warehouse_id = source_1.warehouse_id) AND (source.bin_id = source_1.bin_id))
               Buffers: shared hit=63625 read=27513
               ->  Nested Loop  (cost=2999.28..34161.98 rows=43345 width=27) (actual rows=21683 loops=1)
                     Buffers: shared hit=63625 read=27440
                     ->  Parallel Hash Join  (cost=2998.84..6904.14 rows=11675 width=15) (actual rows=27491 loops=1)
                           Hash Cond: (source_3.purchaseorder_id = source_4.purchaseorder_id)
                           Buffers: shared hit=4 read=2409
                           ->  Parallel Index Only Scan using relation_42_pkey on relation_42 source_3  (cost=0.42..3738.43 rows=63728 width=8) (actual rows=152947 loops=1)
                                 Heap Fetches: 0
                                 Buffers: shared hit=4 read=578
                           ->  Parallel Hash  (cost=2817.66..2817.66 rows=14461 width=15) (actual rows=24093 loops=1)
                                 Buckets: 32768  Batches: 1  Memory Usage: 1408kB
                                 Buffers: shared read=1831
                                 ->  Parallel Seq Scan on relation_28 source_4  (cost=0.00..2817.66 rows=14461 width=15) (actual rows=24093 loops=1)
                                       Filter: ((status)::text < 'cancelled'::text)
                                       Rows Removed by Filter: 110093
                                       Buffers: shared read=1831
                     ->  Index Only Scan using relation_40_pkey on relation_40 source  (cost=0.43..2.29 rows=4 width=12) (actual rows=1 loops=27491)
                           Index Cond: (product_id = source_3.product_id)
                           Heap Fetches: 0
                           Buffers: shared hit=63621 read=25031
               ->  Hash  (cost=187.08..187.08 rows=11408 width=8) (actual rows=11408 loops=1)
                     Buckets: 16384  Batches: 1  Memory Usage: 574kB
                     Buffers: shared read=73
                     ->  Seq Scan on relation_25 source_1  (cost=0.00..187.08 rows=11408 width=8) (actual rows=11408 loops=1)
                           Buffers: shared read=73
         ->  Index Scan using relation_1_pkey on relation_1 source_2  (cost=0.44..1.05 rows=1 width=8) (actual rows=1 loops=21683)
               Index Cond: (product_id = source.product_id)
               Buffers: shared hit=65780 read=20952
 Planning:
   Buffers: shared hit=60 read=42
 Planning Time: 1.605 ms
 Execution Time: 309.397 ms
(40 rows)

-- Q013 [relationship_join] occurrence 1/1
-- Original E/R: SELECT e1.supplier_name, e2.status FROM supplier_pos r JOIN Supplier e1 ON ENDPOINT(r, Supplier) = REF(e1) JOIN PurchaseOrder e2 ON ENDPOINT(r, PurchaseOrder) = REF(e2) WHERE e1.supplier_name > 'Pittman, Wagner and Kelly';
EXPLAIN (ANALYZE, BUFFERS, TIMING OFF, SUMMARY ON, FORMAT TEXT)
WITH
"b0" AS (
    SELECT
        "source"."purchaseorder_id" AS "__endpoint_purchaseorder_0",
        "source"."supplier_pos_supplier_id" AS "__endpoint_supplier_0"
    FROM "relation_28" AS "source"
    WHERE ("source"."supplier_pos_supplier_id" IS NOT NULL)
),
"b1" AS (
    SELECT
        "source"."supplier_name" AS "supplier_name",
        "source"."supplier_id" AS "__reference_0"
    FROM "relation_26" AS "source"
),
"b2" AS (
    SELECT
        "source"."status" AS "status",
        "source"."purchaseorder_id" AS "__reference_0"
    FROM "relation_28" AS "source"
)
SELECT 
    "b1"."supplier_name" AS "supplier_name",
    "b2"."status" AS "status"
FROM (("b0" INNER JOIN "b1" ON ("b0"."__endpoint_supplier_0" = "b1"."__reference_0")) INNER JOIN "b2" ON ("b0"."__endpoint_purchaseorder_0" = "b2"."__reference_0"))
WHERE ("b1"."supplier_name" > 'Pittman, Wagner and Kelly');
                                                           QUERY PLAN                                                           
--------------------------------------------------------------------------------------------------------------------------------
 Hash Join  (cost=6368.68..10422.25 rows=37751 width=25) (actual rows=39230 loops=1)
   Hash Cond: (source_2.purchaseorder_id = source.purchaseorder_id)
   Buffers: shared hit=1831 read=2511
   ->  Seq Scan on relation_28 source_2  (cost=0.00..3172.86 rows=134186 width=12) (actual rows=134186 loops=1)
         Buffers: shared hit=1830 read=1
   ->  Hash  (cost=5896.79..5896.79 rows=37751 width=21) (actual rows=39230 loops=1)
         Buckets: 65536  Batches: 1  Memory Usage: 2570kB
         Buffers: shared hit=1 read=2510
         ->  Hash Join  (cost=2385.75..5896.79 rows=37751 width=21) (actual rows=39230 loops=1)
               Hash Cond: (source.supplier_pos_supplier_id = source_1.supplier_id)
               Buffers: shared hit=1 read=2510
               ->  Seq Scan on relation_28 source  (cost=0.00..3172.86 rows=128828 width=8) (actual rows=128819 loops=1)
                     Filter: (supplier_pos_supplier_id IS NOT NULL)
                     Rows Removed by Filter: 5367
                     Buffers: shared hit=1 read=1830
               ->  Hash  (cost=1986.86..1986.86 rows=31911 width=21) (actual rows=31654 loops=1)
                     Buckets: 32768  Batches: 1  Memory Usage: 1963kB
                     Buffers: shared read=680
                     ->  Seq Scan on relation_26 source_1  (cost=0.00..1986.86 rows=31911 width=21) (actual rows=31654 loops=1)
                           Filter: ((supplier_name)::text > 'Pittman, Wagner and Kelly'::text)
                           Rows Removed by Filter: 72895
                           Buffers: shared read=680
 Planning:
   Buffers: shared hit=12 read=15
 Planning Time: 0.216 ms
 Execution Time: 40.221 ms
(26 rows)

-- Q014 [aggregation] occurrence 1/1
-- Original E/R: SELECT e1.category_id, COUNT(DISTINCT REF(e2)) AS related_count FROM category_products r JOIN Category e1 ON ENDPOINT(r, Category) = REF(e1) JOIN Product e2 ON ENDPOINT(r, Product) = REF(e2) WHERE e1.category_name > 'our' GROUP BY REF(e1), e1.category_id HAVING COUNT(DISTINCT REF(e2)) >= 4;
EXPLAIN (ANALYZE, BUFFERS, TIMING OFF, SUMMARY ON, FORMAT TEXT)
WITH
"b0" AS (
    SELECT
        "source"."category_products_category_id" AS "__endpoint_category_0",
        "source"."product_id" AS "__endpoint_product_0"
    FROM "relation_30" AS "source"
),
"b1" AS (
    SELECT
        "source"."category_id" AS "category_id",
        "source"."category_name" AS "category_name",
        "source"."category_id" AS "__reference_0"
    FROM "relation_0" AS "source"
),
"b2" AS (
    SELECT
        "source"."product_id" AS "__reference_0"
    FROM "relation_1" AS "source"
)
SELECT 
    "b1"."category_id" AS "category_id",
    COUNT(DISTINCT "b2"."__reference_0") AS "related_count"
FROM (("b0" INNER JOIN "b1" ON ("b0"."__endpoint_category_0" = "b1"."__reference_0")) INNER JOIN "b2" ON ("b0"."__endpoint_product_0" = "b2"."__reference_0"))
WHERE ("b1"."category_name" > 'our')
GROUP BY
    "b1"."__reference_0",
    "b1"."category_id"
HAVING (COUNT(DISTINCT "b2"."__reference_0") >= 4);
                                                                     QUERY PLAN                                                                      
-----------------------------------------------------------------------------------------------------------------------------------------------------
 GroupAggregate  (cost=173098.57..205669.33 rows=18605 width=16) (actual rows=39408 loops=1)
   Group Key: source_1.category_id
   Filter: (count(DISTINCT source_2.product_id) >= 4)
   Rows Removed by Filter: 16162
   Buffers: shared hit=836916 read=220537
   ->  Gather Merge  (cost=173098.57..203632.09 rows=267907 width=8) (actual rows=268860 loops=1)
         Workers Planned: 1
         Workers Launched: 0
         Buffers: shared hit=836916 read=220537
         ->  Sort  (cost=172098.56..172492.54 rows=157592 width=8) (actual rows=268860 loops=1)
               Sort Key: source_1.category_id, source_2.product_id
               Sort Method: quicksort  Memory: 20690kB
               Buffers: shared hit=836916 read=220537
               ->  Nested Loop  (cost=3223.86..158493.78 rows=157592 width=8) (actual rows=268860 loops=1)
                     Buffers: shared hit=836916 read=220537
                     ->  Hash Join  (cost=3223.43..11186.09 rows=157592 width=8) (actual rows=268860 loops=1)
                           Hash Cond: (source.category_products_category_id = source_1.category_id)
                           Buffers: shared read=3749
                           ->  Parallel Seq Scan on relation_30 source  (cost=0.00..6925.18 rows=395218 width=8) (actual rows=671871 loops=1)
                                 Buffers: shared read=2973
                           ->  Hash  (cost=2525.73..2525.73 rows=55816 width=4) (actual rows=56041 loops=1)
                                 Buckets: 65536  Batches: 1  Memory Usage: 2483kB
                                 Buffers: shared read=776
                                 ->  Seq Scan on relation_0 source_1  (cost=0.00..2525.73 rows=55816 width=4) (actual rows=56041 loops=1)
                                       Filter: ((category_name)::text > 'our'::text)
                                       Rows Removed by Filter: 83937
                                       Buffers: shared read=776
                     ->  Index Only Scan using relation_1_pkey on relation_1 source_2  (cost=0.44..0.93 rows=1 width=4) (actual rows=1 loops=268860)
                           Index Cond: (product_id = source.product_id)
                           Heap Fetches: 0
                           Buffers: shared hit=836916 read=216788
 Planning:
   Buffers: shared hit=21 read=22
 Planning Time: 0.267 ms
 JIT:
   Functions: 20
   Options: Inlining false, Optimization false, Expressions true, Deforming true
 Execution Time: 1284.810 ms
(38 rows)

-- Q015 [complex_multi_join] occurrence 1/1
-- Original E/R: SELECT e2.product_id, COUNT(DISTINCT REF(e3)) AS related_count FROM product_tags r1 JOIN Tag e1 ON ENDPOINT(r1, Tag) = REF(e1) JOIN Product e2 ON ENDPOINT(r1, Product) = REF(e2) JOIN order_returns r2 ON ENDPOINT(r2, Product) = REF(e2) JOIN CustOrder e3 ON ENDPOINT(r2, CustOrder) = REF(e3) WHERE e2.quantity > 55 GROUP BY REF(e2), e2.product_id HAVING COUNT(DISTINCT REF(e3)) >= 1;
EXPLAIN (ANALYZE, BUFFERS, TIMING OFF, SUMMARY ON, FORMAT TEXT)
WITH
"b0" AS (
    SELECT
        "source"."product_id" AS "__endpoint_product_0",
        "source"."tag_id" AS "__endpoint_tag_0"
    FROM "relation_31" AS "source"
),
"b1" AS (
    SELECT
        "source"."tag_id" AS "__reference_0"
    FROM "relation_13" AS "source"
),
"b2" AS (
    SELECT
        "source"."product_id" AS "product_id",
        "source"."quantity" AS "quantity",
        "source"."product_id" AS "__reference_0"
    FROM "relation_1" AS "source"
),
"b3" AS (
    SELECT
        "source"."custorder_id" AS "__endpoint_custorder_0",
        "source"."product_id" AS "__endpoint_product_0"
    FROM "relation_38" AS "source"
),
"b4" AS (
    SELECT
        "source"."custorder_id" AS "__reference_0"
    FROM "relation_20" AS "source"
)
SELECT 
    "b2"."product_id" AS "product_id",
    COUNT(DISTINCT "b4"."__reference_0") AS "related_count"
FROM (((("b0" INNER JOIN "b1" ON ("b0"."__endpoint_tag_0" = "b1"."__reference_0")) INNER JOIN "b2" ON ("b0"."__endpoint_product_0" = "b2"."__reference_0")) INNER JOIN "b3" ON ("b3"."__endpoint_product_0" = "b2"."__reference_0")) INNER JOIN "b4" ON ("b3"."__endpoint_custorder_0" = "b4"."__reference_0"))
WHERE ("b2"."quantity" > 55)
GROUP BY
    "b2"."__reference_0",
    "b2"."product_id"
HAVING (COUNT(DISTINCT "b4"."__reference_0") >= 1);
                                                                                         QUERY PLAN                                                                                          
---------------------------------------------------------------------------------------------------------------------------------------------------------------------------------------------
 GroupAggregate  (cost=94780.56..98339.78 rows=8856 width=16) (actual rows=3306 loops=1)
   Group Key: source_2.product_id
   Filter: (count(DISTINCT source_4.custorder_id) >= 1)
   Buffers: shared hit=58085 read=38846
   ->  Gather Merge  (cost=94780.56..97874.84 rows=26568 width=8) (actual rows=6590 loops=1)
         Workers Planned: 2
         Workers Launched: 0
         Buffers: shared hit=58085 read=38846
         ->  Sort  (cost=93780.54..93808.21 rows=11070 width=8) (actual rows=6590 loops=1)
               Sort Key: source_2.product_id, source_4.custorder_id
               Sort Method: quicksort  Memory: 398kB
               Buffers: shared hit=58085 read=38846
               ->  Parallel Hash Join  (cost=90381.37..93036.94 rows=11070 width=8) (actual rows=6590 loops=1)
                     Hash Cond: (source_1.tag_id = source.tag_id)
                     Buffers: shared hit=58085 read=38846
                     ->  Parallel Index Only Scan using relation_13_pkey on relation_13 source_1  (cost=0.29..2404.57 rows=49649 width=4) (actual rows=119157 loops=1)
                           Heap Fetches: 0
                           Buffers: shared read=328
                     ->  Parallel Hash  (cost=90185.73..90185.73 rows=15628 width=12) (actual rows=6590 loops=1)
                           Buckets: 32768  Batches: 1  Memory Usage: 576kB
                           Buffers: shared hit=58085 read=38518
                           ->  Nested Loop  (cost=1.58..90185.73 rows=15628 width=12) (actual rows=6590 loops=1)
                                 Buffers: shared hit=58085 read=38518
                                 ->  Nested Loop  (cost=1.14..86927.27 rows=2111 width=12) (actual rows=3551 loops=1)
                                       Buffers: shared hit=48789 read=34564
                                       ->  Nested Loop  (cost=0.72..85534.65 rows=2111 width=12) (actual rows=3551 loops=1)
                                             Buffers: shared hit=38563 read=34136
                                             ->  Parallel Index Only Scan using relation_38_pkey on relation_38 source_3  (cost=0.29..465.89 rows=10681 width=8) (actual rows=18158 loops=1)
                                                   Heap Fetches: 0
                                                   Buffers: shared hit=3 read=64
                                             ->  Index Scan using relation_1_pkey on relation_1 source_2  (cost=0.44..7.96 rows=1 width=4) (actual rows=0 loops=18158)
                                                   Index Cond: (product_id = source_3.product_id)
                                                   Filter: (quantity > 55)
                                                   Rows Removed by Filter: 1
                                                   Buffers: shared hit=38560 read=34072
                                       ->  Index Only Scan using relation_20_pkey on relation_20 source_4  (cost=0.42..0.66 rows=1 width=4) (actual rows=1 loops=3551)
                                             Index Cond: (custorder_id = source_3.custorder_id)
                                             Heap Fetches: 0
                                             Buffers: shared hit=10226 read=428
                                 ->  Index Only Scan using relation_31_pkey on relation_31 source  (cost=0.44..1.47 rows=7 width=8) (actual rows=2 loops=3551)
                                       Index Cond: (product_id = source_2.product_id)
                                       Heap Fetches: 0
                                       Buffers: shared hit=9296 read=3954
 Planning:
   Buffers: shared hit=49 read=39
 Planning Time: 0.807 ms
 Execution Time: 218.829 ms
(47 rows)

-- Q016 [selection_projection] occurrence 1/1
-- Original E/R: SELECT e.email, e.user_id, e.password_hash, e.renewal_date FROM PrimeCustomer e WHERE e.renewal_date >= '2027-10-14';
EXPLAIN (ANALYZE, BUFFERS, TIMING OFF, SUMMARY ON, FORMAT TEXT)
WITH
"b0" AS (
    SELECT
        "source"."renewal_date" AS "renewal_date",
        "source"."email" AS "email",
        "source"."password_hash" AS "password_hash",
        "source"."customer_id" AS "user_id"
    FROM "relation_9" AS "source"
    WHERE ("source"."role" IN ('primecustomer'))
)
SELECT 
    "b0"."email" AS "email",
    "b0"."user_id" AS "user_id",
    "b0"."password_hash" AS "password_hash",
    "b0"."renewal_date" AS "renewal_date"
FROM "b0"
WHERE ("b0"."renewal_date" >= '2027-10-14');
                                                    QUERY PLAN                                                     
-------------------------------------------------------------------------------------------------------------------
 Gather  (cost=1000.00..44020.72 rows=888 width=102) (actual rows=9923 loops=1)
   Workers Planned: 2
   Workers Launched: 0
   Buffers: shared read=36450
   ->  Parallel Seq Scan on relation_9 source  (cost=0.00..42931.92 rows=370 width=102) (actual rows=9923 loops=1)
         Filter: (((renewal_date)::text >= '2027-10-14'::text) AND ((role)::text = 'primecustomer'::text))
         Rows Removed by Filter: 1027062
         Buffers: shared read=36450
 Planning:
   Buffers: shared hit=6 read=3
 Planning Time: 0.078 ms
 Execution Time: 83.353 ms
(12 rows)

-- Q017 [relationship_join] occurrence 1/1
-- Original E/R: SELECT e1.password_hash, e2.status, e2.placed_at FROM customer_orders r JOIN Customer e1 ON ENDPOINT(r, Customer) = REF(e1) JOIN CustOrder e2 ON ENDPOINT(r, CustOrder) = REF(e2) WHERE e1.email <= 'jeffreybentley@example.org';
EXPLAIN (ANALYZE, BUFFERS, TIMING OFF, SUMMARY ON, FORMAT TEXT)
WITH
"b0" AS (
    SELECT
        "source"."customer_orders_customer_id" AS "__endpoint_customer_0",
        "source"."custorder_id" AS "__endpoint_custorder_0"
    FROM "relation_20" AS "source"
    WHERE ("source"."customer_orders_customer_id" IS NOT NULL)
),
"b1" AS (
    SELECT
        "source"."email" AS "email",
        "source"."password_hash" AS "password_hash",
        "source"."customer_id" AS "__reference_0"
    FROM "relation_9" AS "source"
),
"b2" AS (
    SELECT
        "source"."placed_at" AS "placed_at",
        "source"."status" AS "status",
        "source"."custorder_id" AS "__reference_0"
    FROM "relation_20" AS "source"
)
SELECT 
    "b1"."password_hash" AS "password_hash",
    "b2"."status" AS "status",
    "b2"."placed_at" AS "placed_at"
FROM (("b0" INNER JOIN "b1" ON ("b0"."__endpoint_customer_0" = "b1"."__reference_0")) INNER JOIN "b2" ON ("b0"."__endpoint_custorder_0" = "b2"."__reference_0"))
WHERE ("b1"."email" <= 'jeffreybentley@example.org');
                                                                 QUERY PLAN                                                                 
--------------------------------------------------------------------------------------------------------------------------------------------
 Gather  (cost=46388.03..51528.42 rows=27674 width=85) (actual rows=29891 loops=1)
   Workers Planned: 1
   Workers Launched: 0
   Buffers: shared hit=1688 read=38074
   ->  Parallel Hash Join  (cost=45388.03..47761.02 rows=16279 width=85) (actual rows=29891 loops=1)
         Hash Cond: (source_2.custorder_id = source.custorder_id)
         Buffers: shared hit=1688 read=38074
         ->  Parallel Seq Scan on relation_20 source_2  (cost=0.00..2128.12 rows=47212 width=24) (actual rows=80260 loops=1)
               Buffers: shared hit=1656
         ->  Parallel Hash  (cost=45243.89..45243.89 rows=11531 width=69) (actual rows=29891 loops=1)
               Buckets: 32768  Batches: 1  Memory Usage: 3328kB
               Buffers: shared hit=32 read=38074
               ->  Parallel Hash Join  (cost=2675.88..45243.89 rows=11531 width=69) (actual rows=29891 loops=1)
                     Hash Cond: (source_1.customer_id = source.customer_orders_customer_id)
                     Buffers: shared hit=32 read=38074
                     ->  Parallel Seq Scan on relation_9 source_1  (cost=0.00..41851.60 rows=172955 width=69) (actual rows=415641 loops=1)
                           Filter: ((email)::text <= 'jeffreybentley@example.org'::text)
                           Rows Removed by Filter: 621344
                           Buffers: shared hit=32 read=36418
                     ->  Parallel Hash  (cost=2128.12..2128.12 rows=43821 width=8) (actual rows=74642 loops=1)
                           Buckets: 131072  Batches: 1  Memory Usage: 3968kB
                           Buffers: shared read=1656
                           ->  Parallel Seq Scan on relation_20 source  (cost=0.00..2128.12 rows=43821 width=8) (actual rows=74642 loops=1)
                                 Filter: (customer_orders_customer_id IS NOT NULL)
                                 Rows Removed by Filter: 5618
                                 Buffers: shared read=1656
 Planning:
   Buffers: shared hit=19 read=8
 Planning Time: 0.239 ms
 Execution Time: 172.441 ms
(30 rows)

-- Q018 [complex_multi_join] occurrence 1/1
-- Original E/R: SELECT e1.supplier_id, e2.product_name, e3.sku FROM supplier_products r1 JOIN Supplier e1 ON ENDPOINT(r1, Supplier) = REF(e1) JOIN Product e2 ON ENDPOINT(r1, Product) = REF(e2) JOIN bought_together r2 ON ENDPOINT(r2, product_id) = REF(e2) JOIN Product e3 ON ENDPOINT(r2, bought_together_product_id) = REF(e3) WHERE e2.product_id < 6628845;
EXPLAIN (ANALYZE, BUFFERS, TIMING OFF, SUMMARY ON, FORMAT TEXT)
WITH
"b0" AS (
    SELECT
        "source"."product_id" AS "__endpoint_product_0",
        "source"."supplier_id" AS "__endpoint_supplier_0"
    FROM "relation_41" AS "source"
),
"b1" AS (
    SELECT
        "source"."supplier_id" AS "supplier_id",
        "source"."supplier_id" AS "__reference_0"
    FROM "relation_26" AS "source"
),
"b2" AS (
    SELECT
        "source"."product_id" AS "product_id",
        "source"."product_name" AS "product_name",
        "source"."product_id" AS "__reference_0"
    FROM "relation_1" AS "source"
),
"b3" AS (
    SELECT
        "source"."bought_together_product_product_id" AS "__endpoint_bought_together_product_id_0",
        "source"."product_id" AS "__endpoint_product_id_0"
    FROM "relation_33" AS "source"
),
"b4" AS (
    SELECT
        "source"."sku" AS "sku",
        "source"."product_id" AS "__reference_0"
    FROM "relation_1" AS "source"
)
SELECT 
    "b1"."supplier_id" AS "supplier_id",
    "b2"."product_name" AS "product_name",
    "b4"."sku" AS "sku"
FROM (((("b0" INNER JOIN "b1" ON ("b0"."__endpoint_supplier_0" = "b1"."__reference_0")) INNER JOIN "b2" ON ("b0"."__endpoint_product_0" = "b2"."__reference_0")) INNER JOIN "b3" ON ("b3"."__endpoint_product_id_0" = "b2"."__reference_0")) INNER JOIN "b4" ON ("b3"."__endpoint_bought_together_product_id_0" = "b4"."__reference_0"))
WHERE ("b2"."product_id" < 6628845);
                                                                                 QUERY PLAN                                                                                  
-----------------------------------------------------------------------------------------------------------------------------------------------------------------------------
 Gather  (cost=2043.97..200362.48 rows=33246 width=56) (actual rows=15045 loops=1)
   Workers Planned: 2
   Workers Launched: 0
   Buffers: shared hit=102799 read=71297
   ->  Nested Loop  (cost=1043.97..196037.88 rows=13852 width=56) (actual rows=15045 loops=1)
         Buffers: shared hit=102799 read=71297
         ->  Nested Loop  (cost=1043.53..139133.47 rows=13852 width=42) (actual rows=15045 loops=1)
               Join Filter: (source.product_id = source_3.product_id)
               Buffers: shared hit=71323 read=42593
               ->  Nested Loop  (cost=1043.10..124595.80 rows=6399 width=46) (actual rows=15372 loops=1)
                     Buffers: shared hit=33062 read=28944
                     ->  Hash Join  (cost=1042.66..3709.56 rows=16118 width=8) (actual rows=38683 loops=1)
                           Hash Cond: (source_1.supplier_id = source.supplier_id)
                           Buffers: shared hit=3 read=515
                           ->  Parallel Index Only Scan using relation_26_pkey on relation_26 source_1  (cost=0.29..2342.66 rows=43562 width=4) (actual rows=104549 loops=1)
                                 Heap Fetches: 0
                                 Buffers: shared hit=3 read=343
                           ->  Hash  (cost=558.83..558.83 rows=38683 width=8) (actual rows=38683 loops=1)
                                 Buckets: 65536  Batches: 1  Memory Usage: 2024kB
                                 Buffers: shared read=172
                                 ->  Seq Scan on relation_41 source  (cost=0.00..558.83 rows=38683 width=8) (actual rows=38683 loops=1)
                                       Buffers: shared read=172
                     ->  Index Scan using relation_1_pkey on relation_1 source_2  (cost=0.44..7.50 rows=1 width=38) (actual rows=0 loops=38683)
                           Index Cond: ((product_id = source.product_id) AND (product_id < 6628845))
                           Buffers: shared hit=33059 read=28429
               ->  Index Only Scan using relation_33_pkey on relation_33 source_3  (cost=0.43..2.25 rows=2 width=8) (actual rows=1 loops=15372)
                     Index Cond: (product_id = source_2.product_id)
                     Heap Fetches: 0
                     Buffers: shared hit=38261 read=13649
         ->  Index Scan using relation_1_pkey on relation_1 source_4  (cost=0.44..4.11 rows=1 width=22) (actual rows=1 loops=15045)
               Index Cond: (product_id = source_3.bought_together_product_product_id)
               Buffers: shared hit=31476 read=28704
 Planning:
   Buffers: shared hit=38 read=19
 Planning Time: 0.535 ms
 JIT:
   Functions: 21
   Options: Inlining false, Optimization false, Expressions true, Deforming true
 Execution Time: 263.038 ms
(39 rows)

-- Q019 [complex_multi_join] occurrence 1/1
-- Original E/R: SELECT e2.base_price, COUNT(DISTINCT REF(e3)) AS related_count FROM bundle_components r1 JOIN Product e1 ON ENDPOINT(r1, bundle_product_id) = REF(e1) JOIN Product e2 ON ENDPOINT(r1, product_id) = REF(e2) JOIN bought_together r2 ON ENDPOINT(r2, product_id) = REF(e2) JOIN Product e3 ON ENDPOINT(r2, bought_together_product_id) = REF(e3) WHERE e3.sku < 'SKU-PTjD-46248744' GROUP BY REF(e2), e2.base_price HAVING COUNT(DISTINCT REF(e3)) >= 2;
EXPLAIN (ANALYZE, BUFFERS, TIMING OFF, SUMMARY ON, FORMAT TEXT)
WITH
"b0" AS (
    SELECT
        "source"."bundle_product_product_id" AS "__endpoint_bundle_product_id_0",
        "source"."product_id" AS "__endpoint_product_id_0"
    FROM "relation_32" AS "source"
),
"b1" AS (
    SELECT
        "source"."product_id" AS "__reference_0"
    FROM "relation_1" AS "source"
),
"b2" AS (
    SELECT
        "source"."base_price" AS "base_price",
        "source"."product_id" AS "__reference_0"
    FROM "relation_1" AS "source"
),
"b3" AS (
    SELECT
        "source"."bought_together_product_product_id" AS "__endpoint_bought_together_product_id_0",
        "source"."product_id" AS "__endpoint_product_id_0"
    FROM "relation_33" AS "source"
),
"b4" AS (
    SELECT
        "source"."sku" AS "sku",
        "source"."product_id" AS "__reference_0"
    FROM "relation_1" AS "source"
)
SELECT 
    "b2"."base_price" AS "base_price",
    COUNT(DISTINCT "b4"."__reference_0") AS "related_count"
FROM (((("b0" INNER JOIN "b1" ON ("b0"."__endpoint_bundle_product_id_0" = "b1"."__reference_0")) INNER JOIN "b2" ON ("b0"."__endpoint_product_id_0" = "b2"."__reference_0")) INNER JOIN "b3" ON ("b3"."__endpoint_product_id_0" = "b2"."__reference_0")) INNER JOIN "b4" ON ("b3"."__endpoint_bought_together_product_id_0" = "b4"."__reference_0"))
WHERE ("b4"."sku" < 'SKU-PTjD-46248744')
GROUP BY
    "b2"."__reference_0",
    "b2"."base_price"
HAVING (COUNT(DISTINCT "b4"."__reference_0") >= 2);
                                                                                               QUERY PLAN                                                                                                
---------------------------------------------------------------------------------------------------------------------------------------------------------------------------------------------------------
 GroupAggregate  (cost=2110578.88..2700245.47 rows=1467199 width=16) (actual rows=401182 loops=1)
   Group Key: source_2.product_id
   Filter: (count(DISTINCT source_4.product_id) >= 2)
   Rows Removed by Filter: 1182574
   Buffers: shared hit=8205 read=965754, temp read=44244 written=44267
   ->  Gather Merge  (cost=2110578.88..2623217.50 rows=4401598 width=12) (actual rows=1984938 loops=1)
         Workers Planned: 2
         Workers Launched: 0
         Buffers: shared hit=8205 read=965754, temp read=44244 written=44267
         ->  Sort  (cost=2109578.86..2114163.85 rows=1833999 width=12) (actual rows=1984938 loops=1)
               Sort Key: source_2.product_id, source_4.product_id
               Sort Method: external merge  Disk: 42736kB
               Buffers: shared hit=8205 read=965754, temp read=44244 written=44267
               ->  Parallel Hash Join  (cost=1654414.08..1887436.79 rows=1833999 width=12) (actual rows=1984938 loops=1)
                     Hash Cond: (source_3.bought_together_product_product_id = source_4.product_id)
                     Buffers: shared hit=8205 read=965754, temp read=38902 written=38924
                     ->  Parallel Hash Join  (cost=1094613.75..1273543.17 rows=3030208 width=12) (actual rows=3278043 loops=1)
                           Hash Cond: (source_3.product_id = source.product_id)
                           Buffers: shared hit=1734 read=569407
                           ->  Parallel Seq Scan on relation_33 source_3  (cost=0.00..140712.58 rows=6824258 width=8) (actual rows=16378086 loops=1)
                                 Buffers: shared read=72470
                           ->  Parallel Hash  (cost=1077117.10..1077117.10 rows=1399732 width=12) (actual rows=3359356 loops=1)
                                 Buckets: 4194304  Batches: 1  Memory Usage: 190400kB
                                 Buffers: shared hit=1734 read=496937
                                 ->  Parallel Hash Join  (cost=572232.68..1077117.10 rows=1399732 width=12) (actual rows=3359356 loops=1)
                                       Hash Cond: (source_2.product_id = source.product_id)
                                       Buffers: shared hit=1734 read=496937
                                       ->  Parallel Seq Scan on relation_1 source_2  (cost=0.00..472806.51 rows=6998851 width=8) (actual rows=16796782 loops=1)
                                             Buffers: shared read=402818
                                       ->  Parallel Hash  (cost=554736.03..554736.03 rows=1399732 width=4) (actual rows=3359356 loops=1)
                                             Buckets: 4194304  Batches: 1  Memory Usage: 164192kB
                                             Buffers: shared hit=1734 read=94119
                                             ->  Parallel Hash Join  (cost=46359.40..554736.03 rows=1399732 width=4) (actual rows=3359356 loops=1)
                                                   Hash Cond: (source_1.product_id = source.bundle_product_product_id)
                                                   Buffers: shared hit=1734 read=94119
                                                   ->  Parallel Index Only Scan using relation_1_pkey on relation_1 source_1  (cost=0.44..476299.16 rows=6998851 width=4) (actual rows=16796782 loops=1)
                                                         Heap Fetches: 0
                                                         Buffers: shared hit=1734 read=79254
                                                   ->  Parallel Hash  (cost=28862.32..28862.32 rows=1399732 width=8) (actual rows=3359356 loops=1)
                                                         Buckets: 4194304  Batches: 1  Memory Usage: 164192kB
                                                         Buffers: shared read=14865
                                                         ->  Parallel Seq Scan on relation_32 source  (cost=0.00..28862.32 rows=1399732 width=8) (actual rows=3359356 loops=1)
                                                               Buffers: shared read=14865
                     ->  Parallel Hash  (cost=490303.64..490303.64 rows=4235975 width=4) (actual rows=10172736 loops=1)
                           Buckets: 4194304  Batches: 8  Memory Usage: 82624kB
                           Buffers: shared hit=6471 read=396347, temp written=26088
                           ->  Parallel Seq Scan on relation_1 source_4  (cost=0.00..490303.64 rows=4235975 width=4) (actual rows=10172736 loops=1)
                                 Filter: ((sku)::text < 'SKU-PTjD-46248744'::text)
                                 Rows Removed by Filter: 6624046
                                 Buffers: shared hit=6471 read=396347
 Planning:
   Buffers: shared hit=51 read=16
 Planning Time: 0.579 ms
 JIT:
   Functions: 40
   Options: Inlining true, Optimization true, Expressions true, Deforming true
 Execution Time: 18675.224 ms
(57 rows)

-- Q020 [selection_projection] occurrence 1/1
-- Original E/R: SELECT e.password_hash, e.renewal_date, e.loyalty_tier FROM PrimeCustomer e WHERE e.email > 'perezrodney@example.com';
EXPLAIN (ANALYZE, BUFFERS, TIMING OFF, SUMMARY ON, FORMAT TEXT)
WITH
"b0" AS (
    SELECT
        "source"."loyalty_tier" AS "loyalty_tier",
        "source"."renewal_date" AS "renewal_date",
        "source"."email" AS "email",
        "source"."password_hash" AS "password_hash"
    FROM "relation_9" AS "source"
    WHERE ("source"."role" IN ('primecustomer'))
)
SELECT 
    "b0"."password_hash" AS "password_hash",
    "b0"."renewal_date" AS "renewal_date",
    "b0"."loyalty_tier" AS "loyalty_tier"
FROM "b0"
WHERE ("b0"."email" > 'perezrodney@example.com');
                                                     QUERY PLAN                                                      
---------------------------------------------------------------------------------------------------------------------
 Gather  (cost=1000.00..46894.82 rows=29629 width=82) (actual rows=29881 loops=1)
   Workers Planned: 2
   Workers Launched: 0
   Buffers: shared read=36450
   ->  Parallel Seq Scan on relation_9 source  (cost=0.00..42931.92 rows=12345 width=82) (actual rows=29881 loops=1)
         Filter: (((email)::text > 'perezrodney@example.com'::text) AND ((role)::text = 'primecustomer'::text))
         Rows Removed by Filter: 1007104
         Buffers: shared read=36450
 Planning:
   Buffers: shared read=3
 Planning Time: 0.102 ms
 Execution Time: 113.614 ms
(12 rows)

-- Q021 [selection_projection] occurrence 1/1
-- Original E/R: SELECT e.quantity FROM Tablet e WHERE e.warranty_months < 24;
EXPLAIN (ANALYZE, BUFFERS, TIMING OFF, SUMMARY ON, FORMAT TEXT)
WITH
"b0" AS (
    SELECT
        "ancestor_0"."warranty_months" AS "warranty_months",
        "ancestor_0"."quantity" AS "quantity"
    FROM "relation_2" AS "source"
    INNER JOIN "relation_1" AS "ancestor_0" ON ("source"."tablet_id" = "ancestor_0"."product_id")
)
SELECT 
    "b0"."quantity" AS "quantity"
FROM "b0"
WHERE ("b0"."warranty_months" < 24);
                                                                      QUERY PLAN                                                                       
-------------------------------------------------------------------------------------------------------------------------------------------------------
 Gather  (cost=1000.73..277977.92 rows=46293 width=4) (actual rows=61888 loops=1)
   Workers Planned: 2
   Workers Launched: 0
   Buffers: shared hit=397157 read=3156
   ->  Nested Loop  (cost=0.73..272348.62 rows=19289 width=4) (actual rows=61888 loops=1)
         Buffers: shared hit=397157 read=3156
         ->  Parallel Index Only Scan using relation_2_pkey on relation_2 source  (cost=0.29..2168.96 rows=41667 width=4) (actual rows=100000 loops=1)
               Heap Fetches: 0
               Buffers: shared hit=4 read=309
         ->  Index Scan using relation_1_pkey on relation_1 ancestor_0  (cost=0.44..6.48 rows=1 width=8) (actual rows=1 loops=100000)
               Index Cond: (product_id = source.tablet_id)
               Filter: (warranty_months < 24)
               Rows Removed by Filter: 0
               Buffers: shared hit=397153 read=2847
 Planning:
   Buffers: shared hit=7 read=11
 Planning Time: 0.138 ms
 JIT:
   Functions: 7
   Options: Inlining false, Optimization false, Expressions true, Deforming true
 Execution Time: 133.484 ms
(21 rows)

-- Q022 [weak_owner] occurrence 1/1
-- Original E/R: SELECT w.wishlist_id, w.wishlist_name, o.email FROM Wishlist w JOIN Customer o ON OWNER(w) = REF(o) WHERE w.wishlist_name > 'holiday';
EXPLAIN (ANALYZE, BUFFERS, TIMING OFF, SUMMARY ON, FORMAT TEXT)
WITH
"b0" AS (
    SELECT
        "source"."wishlist_id" AS "wishlist_id",
        "source"."wishlist_name" AS "wishlist_name",
        "source"."customer_id" AS "__owner_0"
    FROM "relation_17" AS "source"
),
"b1" AS (
    SELECT
        "source"."email" AS "email",
        "source"."customer_id" AS "__reference_0"
    FROM "relation_9" AS "source"
)
SELECT 
    "b0"."wishlist_id" AS "wishlist_id",
    "b0"."wishlist_name" AS "wishlist_name",
    "b1"."email" AS "email"
FROM ("b0" INNER JOIN "b1" ON ("b0"."__owner_0" = "b1"."__reference_0"))
WHERE ("b0"."wishlist_name" > 'holiday');
                                                           QUERY PLAN                                                           
--------------------------------------------------------------------------------------------------------------------------------
 Gather  (cost=1943.76..45201.04 rows=8309 width=34) (actual rows=8258 loops=1)
   Workers Planned: 2
   Workers Launched: 0
   Buffers: shared hit=32 read=36680
   ->  Hash Join  (cost=943.76..43370.14 rows=3462 width=34) (actual rows=8258 loops=1)
         Hash Cond: (source_1.customer_id = source.customer_id)
         Buffers: shared hit=32 read=36680
         ->  Parallel Seq Scan on relation_9 source_1  (cost=0.00..40771.28 rows=432128 width=26) (actual rows=1036985 loops=1)
               Buffers: shared hit=32 read=36418
         ->  Hash  (cost=839.90..839.90 rows=8309 width=16) (actual rows=8258 loops=1)
               Buckets: 16384  Batches: 1  Memory Usage: 516kB
               Buffers: shared read=262
               ->  Seq Scan on relation_17 source  (cost=0.00..839.90 rows=8309 width=16) (actual rows=8258 loops=1)
                     Filter: ((wishlist_name)::text > 'holiday'::text)
                     Rows Removed by Filter: 37974
                     Buffers: shared read=262
 Planning:
   Buffers: shared hit=3 read=11
 Planning Time: 0.163 ms
 Execution Time: 95.267 ms
(20 rows)

-- Q023 [aggregation] occurrence 1/1
-- Original E/R: SELECT e2.product_name, COUNT(DISTINCT REF(e1)) AS related_count FROM bought_together r JOIN Product e1 ON ENDPOINT(r, product_id) = REF(e1) JOIN Product e2 ON ENDPOINT(r, bought_together_product_id) = REF(e2) WHERE e1.quantity < 4 GROUP BY REF(e2), e2.product_name HAVING COUNT(DISTINCT REF(e1)) >= 2;
EXPLAIN (ANALYZE, BUFFERS, TIMING OFF, SUMMARY ON, FORMAT TEXT)
WITH
"b0" AS (
    SELECT
        "source"."bought_together_product_product_id" AS "__endpoint_bought_together_product_id_0",
        "source"."product_id" AS "__endpoint_product_id_0"
    FROM "relation_33" AS "source"
),
"b1" AS (
    SELECT
        "source"."quantity" AS "quantity",
        "source"."product_id" AS "__reference_0"
    FROM "relation_1" AS "source"
),
"b2" AS (
    SELECT
        "source"."product_name" AS "product_name",
        "source"."product_id" AS "__reference_0"
    FROM "relation_1" AS "source"
)
SELECT 
    "b2"."product_name" AS "product_name",
    COUNT(DISTINCT "b1"."__reference_0") AS "related_count"
FROM (("b0" INNER JOIN "b1" ON ("b0"."__endpoint_product_id_0" = "b1"."__reference_0")) INNER JOIN "b2" ON ("b0"."__endpoint_bought_together_product_id_0" = "b2"."__reference_0"))
WHERE ("b1"."quantity" < 4)
GROUP BY
    "b2"."__reference_0",
    "b2"."product_name"
HAVING (COUNT(DISTINCT "b1"."__reference_0") >= 2);
                                                                          QUERY PLAN                                                                          
--------------------------------------------------------------------------------------------------------------------------------------------------------------
 GroupAggregate  (cost=1236060.33..1457465.26 rows=550896 width=46) (actual rows=78581 loops=1)
   Group Key: source_2.product_id
   Filter: (count(DISTINCT source_1.product_id) >= 2)
   Rows Removed by Filter: 1521813
   Buffers: shared hit=4828 read=873278, temp read=11104 written=11106
   ->  Gather Merge  (cost=1236060.33..1428543.20 rows=1652689 width=42) (actual rows=1681735 loops=1)
         Workers Planned: 2
         Workers Launched: 0
         Buffers: shared hit=4828 read=873278, temp read=11104 written=11106
         ->  Sort  (cost=1235060.31..1236781.86 rows=688620 width=42) (actual rows=1681735 loops=1)
               Sort Key: source_2.product_id, source_1.product_id
               Sort Method: external merge  Disk: 88832kB
               Buffers: shared hit=4828 read=873278, temp read=11104 written=11106
               ->  Parallel Hash Join  (cost=666365.62..1168287.07 rows=688620 width=42) (actual rows=1681735 loops=1)
                     Hash Cond: (source_2.product_id = source.bought_together_product_product_id)
                     Buffers: shared hit=4828 read=873278
                     ->  Parallel Seq Scan on relation_1 source_2  (cost=0.00..472806.51 rows=6998851 width=38) (actual rows=16796782 loops=1)
                           Buffers: shared hit=2414 read=400404
                     ->  Parallel Hash  (cost=657757.87..657757.87 rows=688620 width=8) (actual rows=1681735 loops=1)
                           Buckets: 2097152  Batches: 1  Memory Usage: 82176kB
                           Buffers: shared hit=2414 read=472874
                           ->  Parallel Hash Join  (cost=499131.61..657757.87 rows=688620 width=8) (actual rows=1681735 loops=1)
                                 Hash Cond: (source.product_id = source_1.product_id)
                                 Buffers: shared hit=2414 read=472874
                                 ->  Parallel Seq Scan on relation_33 source  (cost=0.00..140712.58 rows=6824258 width=8) (actual rows=16378086 loops=1)
                                       Buffers: shared hit=32 read=72438
                                 ->  Parallel Hash  (cost=490303.64..490303.64 rows=706238 width=4) (actual rows=1724307 loops=1)
                                       Buckets: 2097152  Batches: 1  Memory Usage: 83840kB
                                       Buffers: shared hit=2382 read=400436
                                       ->  Parallel Seq Scan on relation_1 source_1  (cost=0.00..490303.64 rows=706238 width=4) (actual rows=1724307 loops=1)
                                             Filter: (quantity < 4)
                                             Rows Removed by Filter: 15072475
                                             Buffers: shared hit=2382 read=400436
 Planning:
   Buffers: shared hit=14 read=13
 Planning Time: 0.217 ms
 JIT:
   Functions: 26
   Options: Inlining true, Optimization true, Expressions true, Deforming true
 Execution Time: 8391.156 ms
(40 rows)

-- Q024 [relationship_join] occurrence 1/1
-- Original E/R: SELECT e1.wishlist_id, e2.sku FROM wishlist_contains r JOIN Wishlist e1 ON ENDPOINT(r, Wishlist) = REF(e1) JOIN Product e2 ON ENDPOINT(r, Product) = REF(e2) WHERE e2.base_price >= 358;
EXPLAIN (ANALYZE, BUFFERS, TIMING OFF, SUMMARY ON, FORMAT TEXT)
WITH
"b0" AS (
    SELECT
        "source"."product_id" AS "__endpoint_product_0",
        "source"."customer_id" AS "__endpoint_wishlist_0",
        "source"."wishlist_id" AS "__endpoint_wishlist_1"
    FROM "relation_35" AS "source"
),
"b1" AS (
    SELECT
        "source"."wishlist_id" AS "wishlist_id",
        "source"."customer_id" AS "__reference_0",
        "source"."wishlist_id" AS "__reference_1"
    FROM "relation_17" AS "source"
),
"b2" AS (
    SELECT
        "source"."base_price" AS "base_price",
        "source"."sku" AS "sku",
        "source"."product_id" AS "__reference_0"
    FROM "relation_1" AS "source"
)
SELECT 
    "b1"."wishlist_id" AS "wishlist_id",
    "b2"."sku" AS "sku"
FROM (("b0" INNER JOIN "b1" ON ("b0"."__endpoint_wishlist_0" = "b1"."__reference_0" AND "b0"."__endpoint_wishlist_1" = "b1"."__reference_1")) INNER JOIN "b2" ON ("b0"."__endpoint_product_0" = "b2"."__reference_0"))
WHERE ("b2"."base_price" >= 358);
                                                          QUERY PLAN                                                          
------------------------------------------------------------------------------------------------------------------------------
 Nested Loop  (cost=1418.24..2664.77 rows=1 width=22) (actual rows=6058 loops=1)
   Buffers: shared hit=127289 read=113266
   ->  Hash Join  (cost=1417.80..2657.68 rows=1 width=8) (actual rows=59992 loops=1)
         Hash Cond: ((source.customer_id = source_1.customer_id) AND (source.wishlist_id = source_1.wishlist_id))
         Buffers: shared hit=262 read=325
         ->  Seq Scan on relation_35 source  (cost=0.00..924.92 rows=59992 width=12) (actual rows=59992 loops=1)
               Buffers: shared read=325
         ->  Hash  (cost=724.32..724.32 rows=46232 width=8) (actual rows=46232 loops=1)
               Buckets: 65536  Batches: 1  Memory Usage: 2318kB
               Buffers: shared hit=262
               ->  Seq Scan on relation_17 source_1  (cost=0.00..724.32 rows=46232 width=8) (actual rows=46232 loops=1)
                     Buffers: shared hit=262
   ->  Index Scan using relation_1_pkey on relation_1 source_2  (cost=0.44..7.10 rows=1 width=22) (actual rows=0 loops=59992)
         Index Cond: (product_id = source.product_id)
         Filter: (base_price >= 358)
         Rows Removed by Filter: 1
         Buffers: shared hit=127027 read=112941
 Planning:
   Buffers: shared hit=26 read=9
 Planning Time: 0.218 ms
 Execution Time: 248.897 ms
(21 rows)

-- Q025 [relationship_join] occurrence 1/1
-- Original E/R: SELECT e1.is_active, e2.is_active, e2.product_name FROM bundle_components r JOIN Product e1 ON ENDPOINT(r, product_id) = REF(e1) JOIN Product e2 ON ENDPOINT(r, bundle_product_id) = REF(e2) WHERE e1.quantity < 23;
EXPLAIN (ANALYZE, BUFFERS, TIMING OFF, SUMMARY ON, FORMAT TEXT)
WITH
"b0" AS (
    SELECT
        "source"."bundle_product_product_id" AS "__endpoint_bundle_product_id_0",
        "source"."product_id" AS "__endpoint_product_id_0"
    FROM "relation_32" AS "source"
),
"b1" AS (
    SELECT
        "source"."is_active" AS "is_active",
        "source"."quantity" AS "quantity",
        "source"."product_id" AS "__reference_0"
    FROM "relation_1" AS "source"
),
"b2" AS (
    SELECT
        "source"."is_active" AS "is_active",
        "source"."product_name" AS "product_name",
        "source"."product_id" AS "__reference_0"
    FROM "relation_1" AS "source"
)
SELECT 
    "b1"."is_active" AS "is_active",
    "b2"."is_active" AS "is_active",
    "b2"."product_name" AS "product_name"
FROM (("b0" INNER JOIN "b1" ON ("b0"."__endpoint_product_id_0" = "b1"."__reference_0")) INNER JOIN "b2" ON ("b0"."__endpoint_bundle_product_id_0" = "b2"."__reference_0"))
WHERE ("b1"."quantity" < 23);
                                                                   QUERY PLAN                                                                    
-------------------------------------------------------------------------------------------------------------------------------------------------
 Gather  (cost=562494.89..1232741.29 rows=1682728 width=42) (actual rows=1684028 loops=1)
   Workers Planned: 2
   Workers Launched: 0
   Buffers: shared hit=16222 read=804279
   ->  Parallel Hash Join  (cost=561494.89..1063468.49 rows=701137 width=42) (actual rows=1684028 loops=1)
         Hash Cond: (source_2.product_id = source.bundle_product_product_id)
         Buffers: shared hit=16222 read=804279
         ->  Parallel Seq Scan on relation_1 source_2  (cost=0.00..472806.51 rows=6998851 width=42) (actual rows=16796782 loops=1)
               Buffers: shared hit=8127 read=394691
         ->  Parallel Hash  (cost=552730.67..552730.67 rows=701137 width=8) (actual rows=1684028 loops=1)
               Buckets: 2097152  Batches: 1  Memory Usage: 82272kB
               Buffers: shared hit=8095 read=409588
               ->  Parallel Hash Join  (cost=46358.97..552730.67 rows=701137 width=8) (actual rows=1684028 loops=1)
                     Hash Cond: (source_1.product_id = source.product_id)
                     Buffers: shared hit=8095 read=409588
                     ->  Parallel Seq Scan on relation_1 source_1  (cost=0.00..490303.64 rows=3505779 width=8) (actual rows=8421689 loops=1)
                           Filter: (quantity < 23)
                           Rows Removed by Filter: 8375093
                           Buffers: shared hit=8095 read=394723
                     ->  Parallel Hash  (cost=28862.32..28862.32 rows=1399732 width=8) (actual rows=3359356 loops=1)
                           Buckets: 4194304  Batches: 1  Memory Usage: 164192kB
                           Buffers: shared read=14865
                           ->  Parallel Seq Scan on relation_32 source  (cost=0.00..28862.32 rows=1399732 width=8) (actual rows=3359356 loops=1)
                                 Buffers: shared read=14865
 Planning:
   Buffers: shared hit=14 read=10
 Planning Time: 0.183 ms
 JIT:
   Functions: 21
   Options: Inlining true, Optimization true, Expressions true, Deforming true
 Execution Time: 7697.952 ms
(31 rows)

-- Q026 [weak_owner] occurrence 1/1
-- Original E/R: SELECT w.shipped_at, w.tracking_no, w.delivered_at, o.status FROM Shipment w JOIN CustOrder o ON OWNER(w) = REF(o) WHERE w.tracking_no < 'KT0862261685';
EXPLAIN (ANALYZE, BUFFERS, TIMING OFF, SUMMARY ON, FORMAT TEXT)
WITH
"b0" AS (
    SELECT
        "source"."delivered_at" AS "delivered_at",
        "source"."shipped_at" AS "shipped_at",
        "source"."tracking_no" AS "tracking_no",
        "source"."custorder_id" AS "__owner_0"
    FROM "relation_21" AS "source"
),
"b1" AS (
    SELECT
        "source"."status" AS "status",
        "source"."custorder_id" AS "__reference_0"
    FROM "relation_20" AS "source"
)
SELECT 
    "b0"."shipped_at" AS "shipped_at",
    "b0"."tracking_no" AS "tracking_no",
    "b0"."delivered_at" AS "delivered_at",
    "b1"."status" AS "status"
FROM ("b0" INNER JOIN "b1" ON ("b0"."__owner_0" = "b1"."__reference_0"))
WHERE ("b0"."tracking_no" < 'KT0862261685');
                                                   QUERY PLAN                                                    
-----------------------------------------------------------------------------------------------------------------
 Hash Join  (cost=655.54..3917.46 rows=10105 width=44) (actual rows=10106 loops=1)
   Hash Cond: (source_1.custorder_id = source.custorder_id)
   Buffers: shared read=1881
   ->  Seq Scan on relation_20 source_1  (cost=0.00..2458.60 rows=80260 width=13) (actual rows=80260 loops=1)
         Buffers: shared read=1656
   ->  Hash  (cost=529.23..529.23 rows=10105 width=39) (actual rows=10106 loops=1)
         Buckets: 16384  Batches: 1  Memory Usage: 801kB
         Buffers: shared read=225
         ->  Seq Scan on relation_21 source  (cost=0.00..529.23 rows=10105 width=39) (actual rows=10106 loops=1)
               Filter: ((tracking_no)::text < 'KT0862261685'::text)
               Rows Removed by Filter: 14232
               Buffers: shared read=225
 Planning:
   Buffers: shared hit=6 read=14
 Planning Time: 0.172 ms
 Execution Time: 12.470 ms
(16 rows)

-- Q027 [aggregation] occurrence 1/1
-- Original E/R: SELECT e2.custorder_id, COUNT(DISTINCT REF(e1)) AS related_count FROM customer_orders r JOIN Customer e1 ON ENDPOINT(r, Customer) = REF(e1) JOIN CustOrder e2 ON ENDPOINT(r, CustOrder) = REF(e2) WHERE e1.password_hash < '1954c55d5d08b48e85e9b1d50237be6a53a0dfbbd25cbe55d26a823a4e7a31e9' GROUP BY REF(e2), e2.custorder_id HAVING COUNT(DISTINCT REF(e1)) >= 4;
EXPLAIN (ANALYZE, BUFFERS, TIMING OFF, SUMMARY ON, FORMAT TEXT)
WITH
"b0" AS (
    SELECT
        "source"."customer_orders_customer_id" AS "__endpoint_customer_0",
        "source"."custorder_id" AS "__endpoint_custorder_0"
    FROM "relation_20" AS "source"
    WHERE ("source"."customer_orders_customer_id" IS NOT NULL)
),
"b1" AS (
    SELECT
        "source"."password_hash" AS "password_hash",
        "source"."customer_id" AS "__reference_0"
    FROM "relation_9" AS "source"
),
"b2" AS (
    SELECT
        "source"."custorder_id" AS "custorder_id",
        "source"."custorder_id" AS "__reference_0"
    FROM "relation_20" AS "source"
)
SELECT 
    "b2"."custorder_id" AS "custorder_id",
    COUNT(DISTINCT "b1"."__reference_0") AS "related_count"
FROM (("b0" INNER JOIN "b1" ON ("b0"."__endpoint_customer_0" = "b1"."__reference_0")) INNER JOIN "b2" ON ("b0"."__endpoint_custorder_0" = "b2"."__reference_0"))
WHERE ("b1"."password_hash" < '1954c55d5d08b48e85e9b1d50237be6a53a0dfbbd25cbe55d26a823a4e7a31e9')
GROUP BY
    "b2"."__reference_0",
    "b2"."custorder_id"
HAVING (COUNT(DISTINCT "b1"."__reference_0") >= 4);
                                                                     QUERY PLAN                                                                      
-----------------------------------------------------------------------------------------------------------------------------------------------------
 GroupAggregate  (cost=47742.97..48652.09 rows=2305 width=16) (actual rows=0 loops=1)
   Group Key: source_2.custorder_id
   Filter: (count(DISTINCT source_1.customer_id) >= 4)
   Rows Removed by Filter: 7540
   Buffers: shared hit=23850 read=36877
   ->  Gather Merge  (cost=47742.97..48531.08 rows=6915 width=8) (actual rows=7540 loops=1)
         Workers Planned: 1
         Workers Launched: 0
         Buffers: shared hit=23850 read=36877
         ->  Sort  (cost=46742.96..46753.13 rows=4068 width=8) (actual rows=7540 loops=1)
               Sort Key: source_2.custorder_id, source_1.customer_id
               Sort Method: quicksort  Memory: 428kB
               Buffers: shared hit=23850 read=36877
               ->  Nested Loop  (cost=42392.19..46499.08 rows=4068 width=8) (actual rows=7540 loops=1)
                     Buffers: shared hit=23850 read=36877
                     ->  Parallel Hash Join  (cost=42391.77..44634.92 rows=4068 width=8) (actual rows=7540 loops=1)
                           Hash Cond: (source.customer_orders_customer_id = source_1.customer_id)
                           Buffers: shared hit=1656 read=36450
                           ->  Parallel Seq Scan on relation_20 source  (cost=0.00..2128.12 rows=43821 width=8) (actual rows=74642 loops=1)
                                 Filter: (customer_orders_customer_id IS NOT NULL)
                                 Rows Removed by Filter: 5618
                                 Buffers: shared hit=1656
                           ->  Parallel Hash  (cost=41851.60..41851.60 rows=43214 width=4) (actual rows=102657 loops=1)
                                 Buckets: 131072  Batches: 1  Memory Usage: 5056kB
                                 Buffers: shared read=36450
                                 ->  Parallel Seq Scan on relation_9 source_1  (cost=0.00..41851.60 rows=43214 width=4) (actual rows=102657 loops=1)
                                       Filter: ((password_hash)::text < '1954c55d5d08b48e85e9b1d50237be6a53a0dfbbd25cbe55d26a823a4e7a31e9'::text)
                                       Rows Removed by Filter: 934328
                                       Buffers: shared read=36450
                     ->  Index Only Scan using relation_20_pkey on relation_20 source_2  (cost=0.42..0.46 rows=1 width=4) (actual rows=1 loops=7540)
                           Index Cond: (custorder_id = source.custorder_id)
                           Heap Fetches: 0
                           Buffers: shared hit=22194 read=427
 Planning:
   Buffers: shared hit=17 read=7
 Planning Time: 0.214 ms
 Execution Time: 153.115 ms
(37 rows)

-- Q028 [weak_owner] occurrence 1/1
-- Original E/R: SELECT w.review_id, w.created_at, w.rating, o.user_id, o.password_hash FROM Review w JOIN Customer o ON OWNER(w) = REF(o) WHERE w.created_at >= '2025-03-18';
EXPLAIN (ANALYZE, BUFFERS, TIMING OFF, SUMMARY ON, FORMAT TEXT)
WITH
"b0" AS (
    SELECT
        "source"."created_at" AS "created_at",
        "source"."rating" AS "rating",
        "source"."review_id" AS "review_id",
        "source"."customer_id" AS "__owner_0"
    FROM "relation_18" AS "source"
),
"b1" AS (
    SELECT
        "source"."password_hash" AS "password_hash",
        "source"."customer_id" AS "user_id",
        "source"."customer_id" AS "__reference_0"
    FROM "relation_9" AS "source"
)
SELECT 
    "b0"."review_id" AS "review_id",
    "b0"."created_at" AS "created_at",
    "b0"."rating" AS "rating",
    "b1"."user_id" AS "user_id",
    "b1"."password_hash" AS "password_hash"
FROM ("b0" INNER JOIN "b1" ON ("b0"."__owner_0" = "b1"."__reference_0"))
WHERE ("b0"."created_at" >= '2025-03-18');
                                                           QUERY PLAN                                                           
--------------------------------------------------------------------------------------------------------------------------------
 Gather  (cost=2110.46..46386.92 rows=7722 width=88) (actual rows=7641 loops=1)
   Workers Planned: 2
   Workers Launched: 0
   Buffers: shared hit=32 read=37116
   ->  Hash Join  (cost=1110.46..44614.72 rows=3218 width=88) (actual rows=7641 loops=1)
         Hash Cond: (source_1.customer_id = source.customer_id)
         Buffers: shared hit=32 read=37116
         ->  Parallel Seq Scan on relation_9 source_1  (cost=0.00..40771.28 rows=432128 width=69) (actual rows=1036985 loops=1)
               Buffers: shared hit=32 read=36418
         ->  Hash  (cost=1013.94..1013.94 rows=7722 width=23) (actual rows=7641 loops=1)
               Buckets: 8192  Batches: 1  Memory Usage: 482kB
               Buffers: shared read=698
               ->  Seq Scan on relation_18 source  (cost=0.00..1013.94 rows=7722 width=23) (actual rows=7641 loops=1)
                     Filter: ((created_at)::text >= '2025-03-18'::text)
                     Rows Removed by Filter: 17634
                     Buffers: shared read=698
 Planning:
   Buffers: shared hit=20 read=12
 Planning Time: 0.203 ms
 Execution Time: 106.177 ms
(20 rows)

-- Q029 [selection_projection] occurrence 1/1
-- Original E/R: SELECT e.dimensions FROM Apparel e WHERE e.is_active >= 1;
EXPLAIN (ANALYZE, BUFFERS, TIMING OFF, SUMMARY ON, FORMAT TEXT)
WITH
"b0" AS (
    SELECT
        "source"."dimensions" AS "dimensions",
        "source"."is_active" AS "is_active"
    FROM "relation_1" AS "source"
    WHERE ("source"."role" IN ('apparel', 'clothing', 'menclothing', 'womenclothing', 'footwear'))
)
SELECT 
    "b0"."dimensions" AS "dimensions"
FROM "b0"
WHERE ("b0"."is_active" >= 1);
                                                       QUERY PLAN                                                        
-------------------------------------------------------------------------------------------------------------------------
 Seq Scan on relation_1 source  (cost=0.00..717766.29 rows=2124128 width=6) (actual rows=2123495 loops=1)
   Filter: ((is_active >= 1) AND ((role)::text = ANY ('{apparel,clothing,menclothing,womenclothing,footwear}'::text[])))
   Rows Removed by Filter: 14673287
   Buffers: shared hit=8159 read=394659
 Planning Time: 0.052 ms
 JIT:
   Functions: 4
   Options: Inlining true, Optimization true, Expressions true, Deforming true
 Execution Time: 1528.885 ms
(9 rows)

-- Q030 [selection_projection] occurrence 1/1
-- Original E/R: SELECT DISTINCT e.sku FROM Electronics e WHERE e.product_id < 2749696;
EXPLAIN (ANALYZE, BUFFERS, TIMING OFF, SUMMARY ON, FORMAT TEXT)
WITH
"b0" AS (
    SELECT
        "source"."product_id" AS "product_id",
        "source"."sku" AS "sku"
    FROM "relation_1" AS "source"
    WHERE ("source"."role" IN ('electronics', 'accessory', 'camera', 'computer', 'desktop', 'laptop', 'phone', 'smartwatch', 'tablet'))
)
SELECT DISTINCT 
    "b0"."sku" AS "sku"
FROM "b0"
WHERE ("b0"."product_id" < 2749696);
                                                                   QUERY PLAN                                                                    
-------------------------------------------------------------------------------------------------------------------------------------------------
 HashAggregate  (cost=695147.35..713028.21 rows=1788086 width=18) (actual rows=2535122 loops=1)
   Group Key: source.sku
   Batches: 5  Memory Usage: 131121kB  Disk Usage: 56104kB
   Buffers: shared hit=147 read=78384, temp read=14678 written=21134
   ->  Gather  (cost=502928.10..690677.13 rows=1788086 width=18) (actual rows=2535122 loops=1)
         Workers Planned: 2
         Workers Launched: 0
         Buffers: shared hit=147 read=78384, temp read=8038 written=14118
         ->  HashAggregate  (cost=501928.10..510868.53 rows=894043 width=18) (actual rows=2535122 loops=1)
               Group Key: source.sku
               Batches: 5  Memory Usage: 131121kB  Disk Usage: 65016kB
               Buffers: shared hit=147 read=78384, temp read=8038 written=14118
               ->  Parallel Bitmap Heap Scan on relation_1 source  (cost=76203.25..499692.99 rows=894043 width=18) (actual rows=2535122 loops=1)
                     Recheck Cond: (product_id < 2749696)
                     Filter: ((role)::text = ANY ('{electronics,accessory,camera,computer,desktop,laptop,phone,smartwatch,tablet}'::text[]))
                     Rows Removed by Filter: 214573
                     Heap Blocks: exact=65204
                     Buffers: shared hit=147 read=78384
                     ->  Bitmap Index Scan on relation_1_pkey  (cost=0.00..75666.80 rows=2834982 width=0) (actual rows=2749695 loops=1)
                           Index Cond: (product_id < 2749696)
                           Buffers: shared hit=146 read=13181
 Planning:
   Buffers: shared read=3
 Planning Time: 0.101 ms
 JIT:
   Functions: 17
   Options: Inlining true, Optimization true, Expressions true, Deforming true
 Execution Time: 2223.321 ms
(28 rows)

-- Q031 [selection_projection] occurrence 1/1
-- Original E/R: SELECT e.base_price FROM Electronics e WHERE e.quantity < 23;
EXPLAIN (ANALYZE, BUFFERS, TIMING OFF, SUMMARY ON, FORMAT TEXT)
WITH
"b0" AS (
    SELECT
        "source"."base_price" AS "base_price",
        "source"."quantity" AS "quantity"
    FROM "relation_1" AS "source"
    WHERE ("source"."role" IN ('electronics', 'accessory', 'camera', 'computer', 'desktop', 'laptop', 'phone', 'smartwatch', 'tablet'))
)
SELECT 
    "b0"."base_price" AS "base_price"
FROM "b0"
WHERE ("b0"."quantity" < 23);
                                                                   QUERY PLAN                                                                    
-------------------------------------------------------------------------------------------------------------------------------------------------
 Seq Scan on relation_1 source  (cost=0.02..696769.76 rows=6368177 width=4) (actual rows=6360657 loops=1)
   Filter: ((quantity < 23) AND ((role)::text = ANY ('{electronics,accessory,camera,computer,desktop,laptop,phone,smartwatch,tablet}'::text[])))
   Rows Removed by Filter: 10436125
   Buffers: shared hit=16352 read=386466
 Planning Time: 0.058 ms
 JIT:
   Functions: 4
   Options: Inlining true, Optimization true, Expressions true, Deforming true
 Execution Time: 1246.846 ms
(9 rows)

-- Q032 [weak_owner] occurrence 1/1
-- Original E/R: SELECT w.code, o.warehouse_id, o.warehouse_name FROM WarehouseBin w JOIN Warehouse o ON OWNER(w) = REF(o) WHERE w.bin_id >= 4986645;
EXPLAIN (ANALYZE, BUFFERS, TIMING OFF, SUMMARY ON, FORMAT TEXT)
WITH
"b0" AS (
    SELECT
        "source"."bin_id" AS "bin_id",
        "source"."code" AS "code",
        "source"."warehouse_id" AS "__owner_0"
    FROM "relation_25" AS "source"
),
"b1" AS (
    SELECT
        "source"."warehouse_id" AS "warehouse_id",
        "source"."warehouse_name" AS "warehouse_name",
        "source"."warehouse_id" AS "__reference_0"
    FROM "relation_24" AS "source"
)
SELECT 
    "b0"."code" AS "code",
    "b1"."warehouse_id" AS "warehouse_id",
    "b1"."warehouse_name" AS "warehouse_name"
FROM ("b0" INNER JOIN "b1" ON ("b0"."__owner_0" = "b1"."__reference_0"))
WHERE ("b0"."bin_id" >= 4986645);
                                                  QUERY PLAN                                                   
---------------------------------------------------------------------------------------------------------------
 Hash Join  (cost=287.21..2549.19 rows=5729 width=31) (actual rows=5724 loops=1)
   Hash Cond: (source_1.warehouse_id = source.warehouse_id)
   Buffers: shared read=738
   ->  Seq Scan on relation_24 source_1  (cost=0.00..1544.82 rows=87982 width=21) (actual rows=87982 loops=1)
         Buffers: shared read=665
   ->  Hash  (cost=215.60..215.60 rows=5729 width=14) (actual rows=5724 loops=1)
         Buckets: 8192  Batches: 1  Memory Usage: 333kB
         Buffers: shared read=73
         ->  Seq Scan on relation_25 source  (cost=0.00..215.60 rows=5729 width=14) (actual rows=5724 loops=1)
               Filter: (bin_id >= 4986645)
               Rows Removed by Filter: 5684
               Buffers: shared read=73
 Planning:
   Buffers: shared hit=10 read=19
 Planning Time: 0.193 ms
 Execution Time: 7.167 ms
(16 rows)

-- Q033 [selection_projection] occurrence 1/1
-- Original E/R: SELECT e.warehouse_id FROM Warehouse e WHERE e.region <= 'Midwest';
EXPLAIN (ANALYZE, BUFFERS, TIMING OFF, SUMMARY ON, FORMAT TEXT)
WITH
"b0" AS (
    SELECT
        "source"."region" AS "region",
        "source"."warehouse_id" AS "warehouse_id"
    FROM "relation_24" AS "source"
)
SELECT 
    "b0"."warehouse_id" AS "warehouse_id"
FROM "b0"
WHERE ("b0"."region" <= 'Midwest');
                                             QUERY PLAN                                              
-----------------------------------------------------------------------------------------------------
 Seq Scan on relation_24 source  (cost=0.00..1764.78 rows=16816 width=4) (actual rows=16848 loops=1)
   Filter: ((region)::text <= 'Midwest'::text)
   Rows Removed by Filter: 71134
   Buffers: shared hit=665
 Planning:
   Buffers: shared hit=3
 Planning Time: 0.039 ms
 Execution Time: 5.336 ms
(8 rows)

-- Q034 [selection_projection] occurrence 1/1
-- Original E/R: SELECT e.delivery_type FROM DigitalProduct e WHERE e.delivery_type > 'download';
EXPLAIN (ANALYZE, BUFFERS, TIMING OFF, SUMMARY ON, FORMAT TEXT)
WITH
"b0" AS (
    SELECT
        "source"."delivery_type" AS "delivery_type"
    FROM "relation_1" AS "source"
    WHERE ("source"."role" IN ('digitalproduct', 'media', 'software'))
)
SELECT 
    "b0"."delivery_type" AS "delivery_type"
FROM "b0"
WHERE ("b0"."delivery_type" > 'download');
                                                            QUERY PLAN                                                             
-----------------------------------------------------------------------------------------------------------------------------------
 Gather  (cost=1000.00..521258.93 rows=37096 width=10) (actual rows=579632 loops=1)
   Workers Planned: 2
   Workers Launched: 0
   Buffers: shared hit=15586 read=387232
   ->  Parallel Seq Scan on relation_1 source  (cost=0.00..516549.33 rows=15457 width=10) (actual rows=579632 loops=1)
         Filter: (((delivery_type)::text > 'download'::text) AND ((role)::text = ANY ('{digitalproduct,media,software}'::text[])))
         Rows Removed by Filter: 16217150
         Buffers: shared hit=15586 read=387232
 Planning:
   Buffers: shared hit=2 read=1
 Planning Time: 0.044 ms
 JIT:
   Functions: 4
   Options: Inlining true, Optimization true, Expressions true, Deforming true
 Execution Time: 926.554 ms
(15 rows)

-- Q035 [aggregation] occurrence 1/1
-- Original E/R: SELECT e2.base_price, COUNT(DISTINCT REF(e1)) AS related_count FROM bought_together r JOIN Product e1 ON ENDPOINT(r, product_id) = REF(e1) JOIN Product e2 ON ENDPOINT(r, bought_together_product_id) = REF(e2) WHERE e1.quantity < 18 GROUP BY REF(e2), e2.base_price HAVING COUNT(DISTINCT REF(e1)) >= 3;
EXPLAIN (ANALYZE, BUFFERS, TIMING OFF, SUMMARY ON, FORMAT TEXT)
WITH
"b0" AS (
    SELECT
        "source"."bought_together_product_product_id" AS "__endpoint_bought_together_product_id_0",
        "source"."product_id" AS "__endpoint_product_id_0"
    FROM "relation_33" AS "source"
),
"b1" AS (
    SELECT
        "source"."quantity" AS "quantity",
        "source"."product_id" AS "__reference_0"
    FROM "relation_1" AS "source"
),
"b2" AS (
    SELECT
        "source"."base_price" AS "base_price",
        "source"."product_id" AS "__reference_0"
    FROM "relation_1" AS "source"
)
SELECT 
    "b2"."base_price" AS "base_price",
    COUNT(DISTINCT "b1"."__reference_0") AS "related_count"
FROM (("b0" INNER JOIN "b1" ON ("b0"."__endpoint_product_id_0" = "b1"."__reference_0")) INNER JOIN "b2" ON ("b0"."__endpoint_bought_together_product_id_0" = "b2"."__reference_0"))
WHERE ("b1"."quantity" < 18)
GROUP BY
    "b2"."__reference_0",
    "b2"."base_price"
HAVING (COUNT(DISTINCT "b1"."__reference_0") >= 3);
                                                                          QUERY PLAN                                                                           
---------------------------------------------------------------------------------------------------------------------------------------------------------------
 GroupAggregate  (cost=1598935.16..2503592.98 rows=2250956 width=16) (actual rows=134795 loops=1)
   Group Key: source_2.product_id
   Filter: (count(DISTINCT source_1.product_id) >= 3)
   Rows Removed by Filter: 5419675
   Buffers: shared hit=31117 read=846989, temp read=18156 written=18162
   ->  Gather Merge  (cost=1598935.16..2385417.80 rows=6752867 width=12) (actual rows=6745750 loops=1)
         Workers Planned: 2
         Workers Launched: 0
         Buffers: shared hit=31117 read=846989, temp read=18156 written=18162
         ->  Sort  (cost=1597935.13..1604969.37 rows=2813695 width=12) (actual rows=6745750 loops=1)
               Sort Key: source_2.product_id, source_1.product_id
               Sort Method: external merge  Disk: 145248kB
               Buffers: shared hit=31117 read=846989, temp read=18156 written=18162
               ->  Parallel Hash Join  (cost=720172.08..1248445.14 rows=2813695 width=12) (actual rows=6745750 loops=1)
                     Hash Cond: (source_2.product_id = source.bought_together_product_product_id)
                     Buffers: shared hit=31117 read=846989
                     ->  Parallel Seq Scan on relation_1 source_2  (cost=0.00..472806.51 rows=6998851 width=8) (actual rows=16796782 loops=1)
                           Buffers: shared hit=15548 read=387270
                     ->  Parallel Hash  (cost=685000.90..685000.90 rows=2813695 width=8) (actual rows=6745750 loops=1)
                           Buckets: 8388608  Batches: 1  Memory Usage: 329440kB
                           Buffers: shared hit=15569 read=459719
                           ->  Parallel Hash Join  (cost=526374.64..685000.90 rows=2813695 width=8) (actual rows=6745750 loops=1)
                                 Hash Cond: (source.product_id = source_1.product_id)
                                 Buffers: shared hit=15569 read=459719
                                 ->  Parallel Seq Scan on relation_33 source  (cost=0.00..140712.58 rows=6824258 width=8) (actual rows=16378086 loops=1)
                                       Buffers: shared read=72470
                                 ->  Parallel Hash  (cost=490303.64..490303.64 rows=2885680 width=4) (actual rows=6917570 loops=1)
                                       Buckets: 8388608  Batches: 1  Memory Usage: 336160kB
                                       Buffers: shared hit=15569 read=387249
                                       ->  Parallel Seq Scan on relation_1 source_1  (cost=0.00..490303.64 rows=2885680 width=4) (actual rows=6917570 loops=1)
                                             Filter: (quantity < 18)
                                             Rows Removed by Filter: 9879212
                                             Buffers: shared hit=15569 read=387249
 Planning:
   Buffers: shared hit=10 read=17
 Planning Time: 0.467 ms
 JIT:
   Functions: 26
   Options: Inlining true, Optimization true, Expressions true, Deforming true
 Execution Time: 13426.683 ms
(40 rows)

-- Q036 [selection_projection] occurrence 1/1
-- Original E/R: SELECT e.product_name FROM Apparel e WHERE e.sku < 'SKU-PpUx-53765904';
EXPLAIN (ANALYZE, BUFFERS, TIMING OFF, SUMMARY ON, FORMAT TEXT)
WITH
"b0" AS (
    SELECT
        "source"."product_name" AS "product_name",
        "source"."sku" AS "sku"
    FROM "relation_1" AS "source"
    WHERE ("source"."role" IN ('apparel', 'clothing', 'menclothing', 'womenclothing', 'footwear'))
)
SELECT 
    "b0"."product_name" AS "product_name"
FROM "b0"
WHERE ("b0"."sku" < 'SKU-PpUx-53765904');
                                                                       QUERY PLAN                                                                       
--------------------------------------------------------------------------------------------------------------------------------------------------------
 Gather  (cost=1000.00..685418.05 rows=1503716 width=34) (actual rows=1500175 loops=1)
   Workers Planned: 2
   Workers Launched: 0
   Buffers: shared hit=15580 read=387238
   ->  Parallel Seq Scan on relation_1 source  (cost=0.00..534046.45 rows=626548 width=34) (actual rows=1500175 loops=1)
         Filter: (((sku)::text < 'SKU-PpUx-53765904'::text) AND ((role)::text = ANY ('{apparel,clothing,menclothing,womenclothing,footwear}'::text[])))
         Rows Removed by Filter: 15296607
         Buffers: shared hit=15580 read=387238
 Planning Time: 0.128 ms
 JIT:
   Functions: 4
   Options: Inlining true, Optimization true, Expressions true, Deforming true
 Execution Time: 2477.966 ms
(13 rows)

-- Q037 [selection_projection] occurrence 1/1
-- Original E/R: SELECT e.status, e.custorder_id FROM CustOrder e WHERE e.status >= 'paid';
EXPLAIN (ANALYZE, BUFFERS, TIMING OFF, SUMMARY ON, FORMAT TEXT)
WITH
"b0" AS (
    SELECT
        "source"."custorder_id" AS "custorder_id",
        "source"."status" AS "status"
    FROM "relation_20" AS "source"
)
SELECT 
    "b0"."status" AS "status",
    "b0"."custorder_id" AS "custorder_id"
FROM "b0"
WHERE ("b0"."status" >= 'paid');
                                              QUERY PLAN                                              
------------------------------------------------------------------------------------------------------
 Seq Scan on relation_20 source  (cost=0.00..2659.25 rows=33942 width=13) (actual rows=33706 loops=1)
   Filter: ((status)::text >= 'paid'::text)
   Rows Removed by Filter: 46554
   Buffers: shared read=1656
 Planning Time: 0.041 ms
 Execution Time: 8.080 ms
(6 rows)

-- Q038 [selection_projection] occurrence 1/1
-- Original E/R: SELECT e.product_name, e.sku, e.base_price FROM DigitalProduct e WHERE e.is_active < 1;
EXPLAIN (ANALYZE, BUFFERS, TIMING OFF, SUMMARY ON, FORMAT TEXT)
WITH
"b0" AS (
    SELECT
        "source"."base_price" AS "base_price",
        "source"."is_active" AS "is_active",
        "source"."product_name" AS "product_name",
        "source"."sku" AS "sku"
    FROM "relation_1" AS "source"
    WHERE ("source"."role" IN ('digitalproduct', 'media', 'software'))
)
SELECT 
    "b0"."product_name" AS "product_name",
    "b0"."sku" AS "sku",
    "b0"."base_price" AS "base_price"
FROM "b0"
WHERE ("b0"."is_active" < 1);
                                                      QUERY PLAN                                                       
-----------------------------------------------------------------------------------------------------------------------
 Gather  (cost=1000.00..534328.83 rows=167795 width=56) (actual rows=170191 loops=1)
   Workers Planned: 2
   Workers Launched: 0
   Buffers: shared hit=14623 read=388195
   ->  Parallel Seq Scan on relation_1 source  (cost=0.00..516549.33 rows=69915 width=56) (actual rows=170191 loops=1)
         Filter: ((is_active < 1) AND ((role)::text = ANY ('{digitalproduct,media,software}'::text[])))
         Rows Removed by Filter: 16626591
         Buffers: shared hit=14623 read=388195
 Planning Time: 0.041 ms
 JIT:
   Functions: 4
   Options: Inlining true, Optimization true, Expressions true, Deforming true
 Execution Time: 959.356 ms
(13 rows)

-- Q039 [aggregation] occurrence 1/1
-- Original E/R: SELECT e1.custorder_id, COUNT(DISTINCT REF(e2)) AS related_count FROM order_items r JOIN CustOrder e1 ON ENDPOINT(r, CustOrder) = REF(e1) JOIN Product e2 ON ENDPOINT(r, Product) = REF(e2) WHERE e1.placed_at < '2024-04-12' GROUP BY REF(e1), e1.custorder_id HAVING COUNT(DISTINCT REF(e2)) >= 3;
EXPLAIN (ANALYZE, BUFFERS, TIMING OFF, SUMMARY ON, FORMAT TEXT)
WITH
"b0" AS (
    SELECT
        "source"."custorder_id" AS "__endpoint_custorder_0",
        "source"."product_id" AS "__endpoint_product_0"
    FROM "relation_37" AS "source"
),
"b1" AS (
    SELECT
        "source"."custorder_id" AS "custorder_id",
        "source"."placed_at" AS "placed_at",
        "source"."custorder_id" AS "__reference_0"
    FROM "relation_20" AS "source"
),
"b2" AS (
    SELECT
        "source"."product_id" AS "__reference_0"
    FROM "relation_1" AS "source"
)
SELECT 
    "b1"."custorder_id" AS "custorder_id",
    COUNT(DISTINCT "b2"."__reference_0") AS "related_count"
FROM (("b0" INNER JOIN "b1" ON ("b0"."__endpoint_custorder_0" = "b1"."__reference_0")) INNER JOIN "b2" ON ("b0"."__endpoint_product_0" = "b2"."__reference_0"))
WHERE ("b1"."placed_at" < '2024-04-12')
GROUP BY
    "b1"."__reference_0",
    "b1"."custorder_id"
HAVING (COUNT(DISTINCT "b2"."__reference_0") >= 3);
                                                                             QUERY PLAN                                                                              
---------------------------------------------------------------------------------------------------------------------------------------------------------------------
 GroupAggregate  (cost=6735.93..79055.36 rows=13406 width=16) (actual rows=0 loops=1)
   Group Key: source_1.custorder_id
   Filter: (count(DISTINCT source_2.product_id) >= 3)
   Rows Removed by Filter: 34519
   Buffers: shared hit=160796 read=44475
   ->  Gather Merge  (cost=6735.93..78292.63 rows=51998 width=8) (actual rows=51829 loops=1)
         Workers Planned: 2
         Workers Launched: 0
         Buffers: shared hit=160796 read=44475
         ->  Nested Loop  (cost=5735.91..71290.75 rows=21666 width=8) (actual rows=51829 loops=1)
               Buffers: shared hit=160796 read=44475
               ->  Merge Join  (cost=5735.47..8712.38 rows=21666 width=8) (actual rows=51829 loops=1)
                     Merge Cond: (source.custorder_id = source_1.custorder_id)
                     Buffers: shared hit=1007 read=1024
                     ->  Parallel Index Only Scan using relation_37_pkey on relation_37 source  (cost=0.29..2451.48 rows=43236 width=8) (actual rows=103766 loops=1)
                           Heap Fetches: 0
                           Buffers: shared hit=3 read=372
                     ->  Sort  (cost=5735.12..5835.66 rows=40219 width=4) (actual rows=40211 loops=1)
                           Sort Key: source_1.custorder_id
                           Sort Method: quicksort  Memory: 1537kB
                           Buffers: shared hit=1004 read=652
                           ->  Seq Scan on relation_20 source_1  (cost=0.00..2659.25 rows=40219 width=4) (actual rows=40211 loops=1)
                                 Filter: ((placed_at)::text < '2024-04-12'::text)
                                 Rows Removed by Filter: 40049
                                 Buffers: shared hit=1004 read=652
               ->  Index Only Scan using relation_1_pkey on relation_1 source_2  (cost=0.44..2.89 rows=1 width=4) (actual rows=1 loops=51829)
                     Index Cond: (product_id = source.product_id)
                     Heap Fetches: 0
                     Buffers: shared hit=159789 read=43451
 Planning:
   Buffers: shared hit=6 read=16
 Planning Time: 0.483 ms
 Execution Time: 147.886 ms
(33 rows)

-- Q040 [weak_owner] occurrence 1/1
-- Original E/R: SELECT w.payment_method_id, o.password_hash FROM PaymentMethod w JOIN Customer o ON OWNER(w) = REF(o) WHERE w.exp_month > 10;
EXPLAIN (ANALYZE, BUFFERS, TIMING OFF, SUMMARY ON, FORMAT TEXT)
WITH
"b0" AS (
    SELECT
        "source"."exp_month" AS "exp_month",
        "source"."payment_method_id" AS "payment_method_id",
        "source"."customer_id" AS "__owner_0"
    FROM "relation_15" AS "source"
),
"b1" AS (
    SELECT
        "source"."password_hash" AS "password_hash",
        "source"."customer_id" AS "__reference_0"
    FROM "relation_9" AS "source"
)
SELECT 
    "b0"."payment_method_id" AS "payment_method_id",
    "b1"."password_hash" AS "password_hash"
FROM ("b0" INNER JOIN "b1" ON ("b0"."__owner_0" = "b1"."__reference_0"))
WHERE ("b0"."exp_month" > 10);
                                                           QUERY PLAN                                                           
--------------------------------------------------------------------------------------------------------------------------------
 Gather  (cost=3347.19..48126.67 rows=23306 width=69) (actual rows=23298 loops=1)
   Workers Planned: 2
   Workers Launched: 0
   Buffers: shared read=37606
   ->  Parallel Hash Join  (cost=2347.19..44796.07 rows=9711 width=69) (actual rows=23298 loops=1)
         Hash Cond: (source_1.customer_id = source.customer_id)
         Buffers: shared read=37606
         ->  Parallel Seq Scan on relation_9 source_1  (cost=0.00..40771.28 rows=432128 width=69) (actual rows=1036985 loops=1)
               Buffers: shared read=36450
         ->  Parallel Hash  (cost=2175.83..2175.83 rows=13709 width=8) (actual rows=23298 loops=1)
               Buckets: 32768  Batches: 1  Memory Usage: 1184kB
               Buffers: shared read=1156
               ->  Parallel Seq Scan on relation_15 source  (cost=0.00..2175.83 rows=13709 width=8) (actual rows=23298 loops=1)
                     Filter: (exp_month > 10)
                     Rows Removed by Filter: 115399
                     Buffers: shared read=1156
 Planning:
   Buffers: shared hit=3 read=16
 Planning Time: 0.187 ms
 Execution Time: 113.620 ms
(20 rows)

-- Q041 [selection_projection] occurrence 1/1
-- Original E/R: SELECT e.loyalty_tier, e.company_name, e.password_hash, e.user_id FROM BusinessCustomer e WHERE e.password_hash >= 'b48c2613361ebf036b633a98d1a425fe0973362b038e19b9fb3c62a3be45a7c4';
EXPLAIN (ANALYZE, BUFFERS, TIMING OFF, SUMMARY ON, FORMAT TEXT)
WITH
"b0" AS (
    SELECT
        "source"."company_name" AS "company_name",
        "source"."loyalty_tier" AS "loyalty_tier",
        "source"."password_hash" AS "password_hash",
        "source"."customer_id" AS "user_id"
    FROM "relation_9" AS "source"
    WHERE ("source"."role" IN ('businesscustomer'))
)
SELECT 
    "b0"."loyalty_tier" AS "loyalty_tier",
    "b0"."company_name" AS "company_name",
    "b0"."password_hash" AS "password_hash",
    "b0"."user_id" AS "user_id"
FROM "b0"
WHERE ("b0"."password_hash" >= 'b48c2613361ebf036b633a98d1a425fe0973362b038e19b9fb3c62a3be45a7c4');
                                                                          QUERY PLAN                                                                           
---------------------------------------------------------------------------------------------------------------------------------------------------------------
 Seq Scan on relation_9 source  (cost=0.00..52006.60 rows=262067 width=92) (actual rows=265556 loops=1)
   Filter: (((password_hash)::text >= 'b48c2613361ebf036b633a98d1a425fe0973362b038e19b9fb3c62a3be45a7c4'::text) AND ((role)::text = 'businesscustomer'::text))
   Rows Removed by Filter: 771429
   Buffers: shared hit=32 read=36418
 Planning:
   Buffers: shared hit=2 read=3
 Planning Time: 0.079 ms
 Execution Time: 120.486 ms
(8 rows)

-- Q042 [weak_owner] occurrence 1/1
-- Original E/R: SELECT w.rating, w.title, o.loyalty_tier, o.password_hash FROM Review w JOIN Customer o ON OWNER(w) = REF(o) WHERE o.loyalty_tier <= 'bronze';
EXPLAIN (ANALYZE, BUFFERS, TIMING OFF, SUMMARY ON, FORMAT TEXT)
WITH
"b0" AS (
    SELECT
        "source"."rating" AS "rating",
        "source"."title" AS "title",
        "source"."customer_id" AS "__owner_0"
    FROM "relation_18" AS "source"
),
"b1" AS (
    SELECT
        "source"."loyalty_tier" AS "loyalty_tier",
        "source"."password_hash" AS "password_hash",
        "source"."customer_id" AS "__reference_0"
    FROM "relation_9" AS "source"
)
SELECT 
    "b0"."rating" AS "rating",
    "b0"."title" AS "title",
    "b1"."loyalty_tier" AS "loyalty_tier",
    "b1"."password_hash" AS "password_hash"
FROM ("b0" INNER JOIN "b1" ON ("b0"."__owner_0" = "b1"."__reference_0"))
WHERE ("b1"."loyalty_tier" <= 'bronze');
                                                          QUERY PLAN                                                           
-------------------------------------------------------------------------------------------------------------------------------
 Gather  (cost=2266.69..46684.11 rows=12159 width=112) (actual rows=12176 loops=1)
   Workers Planned: 2
   Workers Launched: 0
   Buffers: shared hit=64 read=37084
   ->  Hash Join  (cost=1266.69..44468.21 rows=5066 width=112) (actual rows=12176 loops=1)
         Hash Cond: (source_1.customer_id = source.customer_id)
         Buffers: shared hit=64 read=37084
         ->  Parallel Seq Scan on relation_9 source_1  (cost=0.00..41851.60 rows=207882 width=75) (actual rows=499250 loops=1)
               Filter: ((loyalty_tier)::text <= 'bronze'::text)
               Rows Removed by Filter: 537735
               Buffers: shared hit=64 read=36386
         ->  Hash  (cost=950.75..950.75 rows=25275 width=45) (actual rows=25275 loops=1)
               Buckets: 32768  Batches: 1  Memory Usage: 2196kB
               Buffers: shared read=698
               ->  Seq Scan on relation_18 source  (cost=0.00..950.75 rows=25275 width=45) (actual rows=25275 loops=1)
                     Buffers: shared read=698
 Planning:
   Buffers: shared hit=13 read=6 dirtied=1
 Planning Time: 0.163 ms
 Execution Time: 131.955 ms
(20 rows)

-- Q043 [complex_multi_join] occurrence 1/1
-- Original E/R: SELECT e1.product_id, e2.product_name, e3.base_price FROM bought_together r1 JOIN Product e1 ON ENDPOINT(r1, bought_together_product_id) = REF(e1) JOIN Product e2 ON ENDPOINT(r1, product_id) = REF(e2) JOIN bundle_components r2 ON ENDPOINT(r2, product_id) = REF(e2) JOIN Product e3 ON ENDPOINT(r2, bundle_product_id) = REF(e3) WHERE e3.product_name <= 'Front-line client-driven middleware';
EXPLAIN (ANALYZE, BUFFERS, TIMING OFF, SUMMARY ON, FORMAT TEXT)
WITH
"b0" AS (
    SELECT
        "source"."bought_together_product_product_id" AS "__endpoint_bought_together_product_id_0",
        "source"."product_id" AS "__endpoint_product_id_0"
    FROM "relation_33" AS "source"
),
"b1" AS (
    SELECT
        "source"."product_id" AS "product_id",
        "source"."product_id" AS "__reference_0"
    FROM "relation_1" AS "source"
),
"b2" AS (
    SELECT
        "source"."product_name" AS "product_name",
        "source"."product_id" AS "__reference_0"
    FROM "relation_1" AS "source"
),
"b3" AS (
    SELECT
        "source"."bundle_product_product_id" AS "__endpoint_bundle_product_id_0",
        "source"."product_id" AS "__endpoint_product_id_0"
    FROM "relation_32" AS "source"
),
"b4" AS (
    SELECT
        "source"."base_price" AS "base_price",
        "source"."product_name" AS "product_name",
        "source"."product_id" AS "__reference_0"
    FROM "relation_1" AS "source"
)
SELECT 
    "b1"."product_id" AS "product_id",
    "b2"."product_name" AS "product_name",
    "b4"."base_price" AS "base_price"
FROM (((("b0" INNER JOIN "b1" ON ("b0"."__endpoint_bought_together_product_id_0" = "b1"."__reference_0")) INNER JOIN "b2" ON ("b0"."__endpoint_product_id_0" = "b2"."__reference_0")) INNER JOIN "b3" ON ("b3"."__endpoint_product_id_0" = "b2"."__reference_0")) INNER JOIN "b4" ON ("b3"."__endpoint_bundle_product_id_0" = "b4"."__reference_0"))
WHERE ("b4"."product_name" <= 'Front-line client-driven middleware');
                                                                                QUERY PLAN                                                                                 
---------------------------------------------------------------------------------------------------------------------------------------------------------------------------
 Gather  (cost=1237959.12..1962466.29 rows=2181750 width=42) (actual rows=989709 loops=1)
   Workers Planned: 2
   Workers Launched: 0
   Buffers: shared hit=2089 read=971870
   ->  Parallel Hash Join  (cost=1236959.12..1743291.29 rows=909062 width=42) (actual rows=989709 loops=1)
         Hash Cond: (source_1.product_id = source.bought_together_product_product_id)
         Buffers: shared hit=2089 read=971870
         ->  Parallel Index Only Scan using relation_1_pkey on relation_1 source_1  (cost=0.44..476299.16 rows=6998851 width=4) (actual rows=16796782 loops=1)
               Heap Fetches: 0
               Buffers: shared hit=2057 read=78931
         ->  Parallel Hash  (cost=1225595.41..1225595.41 rows=909062 width=42) (actual rows=989709 loops=1)
               Buckets: 4194304  Batches: 1  Memory Usage: 108288kB
               Buffers: shared hit=32 read=892939
               ->  Parallel Hash Join  (cost=1057585.84..1225595.41 rows=909062 width=42) (actual rows=989709 loops=1)
                     Hash Cond: (source.product_id = source_2.product_id)
                     Buffers: shared hit=32 read=892939
                     ->  Parallel Seq Scan on relation_33 source  (cost=0.00..140712.58 rows=6824258 width=8) (actual rows=16378086 loops=1)
                           Buffers: shared read=72470
                     ->  Parallel Hash  (cost=1052336.84..1052336.84 rows=419920 width=46) (actual rows=1013065 loops=1)
                           Buckets: 1048576  Batches: 1  Memory Usage: 89472kB
                           Buffers: shared hit=32 read=820469
                           ->  Parallel Hash Join  (cost=551534.97..1052336.84 rows=419920 width=46) (actual rows=1013065 loops=1)
                                 Hash Cond: (source_2.product_id = source_3.product_id)
                                 Buffers: shared hit=32 read=820469
                                 ->  Parallel Seq Scan on relation_1 source_2  (cost=0.00..472806.51 rows=6998851 width=38) (actual rows=16796782 loops=1)
                                       Buffers: shared hit=32 read=402786
                                 ->  Parallel Hash  (cost=546285.97..546285.97 rows=419920 width=8) (actual rows=1013065 loops=1)
                                       Buckets: 1048576  Batches: 1  Memory Usage: 47840kB
                                       Buffers: shared read=417683
                                       ->  Parallel Hash Join  (cost=46358.97..546285.97 rows=419920 width=8) (actual rows=1013065 loops=1)
                                             Hash Cond: (source_4.product_id = source_3.bundle_product_product_id)
                                             Buffers: shared read=417683
                                             ->  Parallel Seq Scan on relation_1 source_4  (cost=0.00..490303.64 rows=2099655 width=8) (actual rows=5069645 loops=1)
                                                   Filter: ((product_name)::text <= 'Front-line client-driven middleware'::text)
                                                   Rows Removed by Filter: 11727137
                                                   Buffers: shared read=402818
                                             ->  Parallel Hash  (cost=28862.32..28862.32 rows=1399732 width=8) (actual rows=3359356 loops=1)
                                                   Buckets: 4194304  Batches: 1  Memory Usage: 164192kB
                                                   Buffers: shared read=14865
                                                   ->  Parallel Seq Scan on relation_32 source_3  (cost=0.00..28862.32 rows=1399732 width=8) (actual rows=3359356 loops=1)
                                                         Buffers: shared read=14865
 Planning:
   Buffers: shared hit=49 read=15
 Planning Time: 0.568 ms
 JIT:
   Functions: 36
   Options: Inlining true, Optimization true, Expressions true, Deforming true
 Execution Time: 11961.029 ms
(48 rows)

-- Q044 [weak_owner] occurrence 1/1
-- Original E/R: SELECT w.shipped_at, w.carrier, w.tracking_no, o.custorder_id, o.status FROM Shipment w JOIN CustOrder o ON OWNER(w) = REF(o) WHERE w.shipped_at >= '2026-02-02';
EXPLAIN (ANALYZE, BUFFERS, TIMING OFF, SUMMARY ON, FORMAT TEXT)
WITH
"b0" AS (
    SELECT
        "source"."carrier" AS "carrier",
        "source"."shipped_at" AS "shipped_at",
        "source"."tracking_no" AS "tracking_no",
        "source"."custorder_id" AS "__owner_0"
    FROM "relation_21" AS "source"
),
"b1" AS (
    SELECT
        "source"."custorder_id" AS "custorder_id",
        "source"."status" AS "status",
        "source"."custorder_id" AS "__reference_0"
    FROM "relation_20" AS "source"
)
SELECT 
    "b0"."shipped_at" AS "shipped_at",
    "b0"."carrier" AS "carrier",
    "b0"."tracking_no" AS "tracking_no",
    "b1"."custorder_id" AS "custorder_id",
    "b1"."status" AS "status"
FROM ("b0" INNER JOIN "b1" ON ("b0"."__owner_0" = "b1"."__reference_0"))
WHERE ("b0"."shipped_at" >= '2026-02-02');
                                                  QUERY PLAN                                                   
---------------------------------------------------------------------------------------------------------------
 Hash Join  (cost=559.90..3745.32 rows=2454 width=41) (actual rows=2454 loops=1)
   Hash Cond: (source_1.custorder_id = source.custorder_id)
   Buffers: shared read=1881
   ->  Seq Scan on relation_20 source_1  (cost=0.00..2458.60 rows=80260 width=13) (actual rows=80260 loops=1)
         Buffers: shared read=1656
   ->  Hash  (cost=529.23..529.23 rows=2454 width=32) (actual rows=2454 loops=1)
         Buckets: 4096  Batches: 1  Memory Usage: 191kB
         Buffers: shared read=225
         ->  Seq Scan on relation_21 source  (cost=0.00..529.23 rows=2454 width=32) (actual rows=2454 loops=1)
               Filter: ((shipped_at)::text >= '2026-02-02'::text)
               Rows Removed by Filter: 21884
               Buffers: shared read=225
 Planning:
   Buffers: shared hit=4 read=13
 Planning Time: 0.224 ms
 Execution Time: 9.426 ms
(16 rows)

-- Q045 [relationship_join] occurrence 1/1
-- Original E/R: SELECT e1.loyalty_tier, e1.user_id, e2.placed_at FROM customer_orders r JOIN Customer e1 ON ENDPOINT(r, Customer) = REF(e1) JOIN CustOrder e2 ON ENDPOINT(r, CustOrder) = REF(e2) WHERE e1.loyalty_tier <= 'bronze';
EXPLAIN (ANALYZE, BUFFERS, TIMING OFF, SUMMARY ON, FORMAT TEXT)
WITH
"b0" AS (
    SELECT
        "source"."customer_orders_customer_id" AS "__endpoint_customer_0",
        "source"."custorder_id" AS "__endpoint_custorder_0"
    FROM "relation_20" AS "source"
    WHERE ("source"."customer_orders_customer_id" IS NOT NULL)
),
"b1" AS (
    SELECT
        "source"."loyalty_tier" AS "loyalty_tier",
        "source"."customer_id" AS "user_id",
        "source"."customer_id" AS "__reference_0"
    FROM "relation_9" AS "source"
),
"b2" AS (
    SELECT
        "source"."placed_at" AS "placed_at",
        "source"."custorder_id" AS "__reference_0"
    FROM "relation_20" AS "source"
)
SELECT 
    "b1"."loyalty_tier" AS "loyalty_tier",
    "b1"."user_id" AS "user_id",
    "b2"."placed_at" AS "placed_at"
FROM (("b0" INNER JOIN "b1" ON ("b0"."__endpoint_customer_0" = "b1"."__reference_0")) INNER JOIN "b2" ON ("b0"."__endpoint_custorder_0" = "b2"."__reference_0"))
WHERE ("b1"."loyalty_tier" <= 'bronze');
                                                                 QUERY PLAN                                                                 
--------------------------------------------------------------------------------------------------------------------------------------------
 Gather  (cost=46561.82..52274.81 rows=33263 width=21) (actual rows=35662 loops=1)
   Workers Planned: 1
   Workers Launched: 0
   Buffers: shared hit=3312 read=36450
   ->  Parallel Hash Join  (cost=45561.82..47948.51 rows=19566 width=21) (actual rows=35662 loops=1)
         Hash Cond: (source_2.custorder_id = source.custorder_id)
         Buffers: shared hit=3312 read=36450
         ->  Parallel Seq Scan on relation_20 source_2  (cost=0.00..2128.12 rows=47212 width=15) (actual rows=80260 loops=1)
               Buffers: shared hit=1656
         ->  Parallel Hash  (cost=45388.57..45388.57 rows=13860 width=14) (actual rows=35662 loops=1)
               Buckets: 65536  Batches: 1  Memory Usage: 2208kB
               Buffers: shared hit=1656 read=36450
               ->  Parallel Hash Join  (cost=2675.88..45388.57 rows=13860 width=14) (actual rows=35662 loops=1)
                     Hash Cond: (source_1.customer_id = source.customer_orders_customer_id)
                     Buffers: shared hit=1656 read=36450
                     ->  Parallel Seq Scan on relation_9 source_1  (cost=0.00..41851.60 rows=207882 width=10) (actual rows=499250 loops=1)
                           Filter: ((loyalty_tier)::text <= 'bronze'::text)
                           Rows Removed by Filter: 537735
                           Buffers: shared read=36450
                     ->  Parallel Hash  (cost=2128.12..2128.12 rows=43821 width=8) (actual rows=74642 loops=1)
                           Buckets: 131072  Batches: 1  Memory Usage: 3968kB
                           Buffers: shared hit=1656
                           ->  Parallel Seq Scan on relation_20 source  (cost=0.00..2128.12 rows=43821 width=8) (actual rows=74642 loops=1)
                                 Filter: (customer_orders_customer_id IS NOT NULL)
                                 Rows Removed by Filter: 5618
                                 Buffers: shared hit=1656
 Planning:
   Buffers: shared hit=17 read=7
 Planning Time: 0.134 ms
 Execution Time: 179.382 ms
(30 rows)

-- Q046 [relationship_join] occurrence 1/1
-- Original E/R: SELECT e1.category_id, e1.parent, e2.product_name FROM category_products r JOIN Category e1 ON ENDPOINT(r, Category) = REF(e1) JOIN Product e2 ON ENDPOINT(r, Product) = REF(e2) WHERE e1.parent < 5297;
EXPLAIN (ANALYZE, BUFFERS, TIMING OFF, SUMMARY ON, FORMAT TEXT)
WITH
"b0" AS (
    SELECT
        "source"."category_products_category_id" AS "__endpoint_category_0",
        "source"."product_id" AS "__endpoint_product_0"
    FROM "relation_30" AS "source"
),
"b1" AS (
    SELECT
        "source"."category_id" AS "category_id",
        "source"."parent" AS "parent",
        "source"."category_id" AS "__reference_0"
    FROM "relation_0" AS "source"
),
"b2" AS (
    SELECT
        "source"."product_name" AS "product_name",
        "source"."product_id" AS "__reference_0"
    FROM "relation_1" AS "source"
)
SELECT 
    "b1"."category_id" AS "category_id",
    "b1"."parent" AS "parent",
    "b2"."product_name" AS "product_name"
FROM (("b0" INNER JOIN "b1" ON ("b0"."__endpoint_category_0" = "b1"."__reference_0")) INNER JOIN "b2" ON ("b0"."__endpoint_product_0" = "b2"."__reference_0"))
WHERE ("b1"."parent" < 5297);
                                                             QUERY PLAN                                                              
-------------------------------------------------------------------------------------------------------------------------------------
 Gather  (cost=3873.60..269696.69 rows=133411 width=42) (actual rows=134867 loops=1)
   Workers Planned: 1
   Workers Launched: 0
   Buffers: shared hit=285253 read=257964
   ->  Nested Loop  (cost=2873.60..255355.59 rows=78477 width=42) (actual rows=134867 loops=1)
         Buffers: shared hit=285253 read=257964
         ->  Hash Join  (cost=2873.16..10835.83 rows=78477 width=12) (actual rows=134867 loops=1)
               Hash Cond: (source.category_products_category_id = source_1.category_id)
               Buffers: shared read=3749
               ->  Parallel Seq Scan on relation_30 source  (cost=0.00..6925.18 rows=395218 width=8) (actual rows=671871 loops=1)
                     Buffers: shared read=2973
               ->  Hash  (cost=2525.73..2525.73 rows=27795 width=8) (actual rows=28151 loops=1)
                     Buckets: 32768  Batches: 1  Memory Usage: 1356kB
                     Buffers: shared read=776
                     ->  Seq Scan on relation_0 source_1  (cost=0.00..2525.73 rows=27795 width=8) (actual rows=28151 loops=1)
                           Filter: (parent < 5297)
                           Rows Removed by Filter: 111827
                           Buffers: shared read=776
         ->  Index Scan using relation_1_pkey on relation_1 source_2  (cost=0.44..3.12 rows=1 width=38) (actual rows=1 loops=134867)
               Index Cond: (product_id = source.product_id)
               Buffers: shared hit=285253 read=254215
 Planning:
   Buffers: shared hit=10 read=15
 Planning Time: 0.204 ms
 JIT:
   Functions: 18
   Options: Inlining false, Optimization false, Expressions true, Deforming true
 Execution Time: 608.534 ms
(28 rows)

-- Q047 [selection_projection] occurrence 1/1
-- Original E/R: SELECT e.status, e.created_at FROM PurchaseOrder e WHERE e.status <= 'draft';
EXPLAIN (ANALYZE, BUFFERS, TIMING OFF, SUMMARY ON, FORMAT TEXT)
WITH
"b0" AS (
    SELECT
        "source"."created_at" AS "created_at",
        "source"."status" AS "status"
    FROM "relation_28" AS "source"
)
SELECT 
    "b0"."status" AS "status",
    "b0"."created_at" AS "created_at"
FROM "b0"
WHERE ("b0"."status" <= 'draft');
                                              QUERY PLAN                                              
------------------------------------------------------------------------------------------------------
 Seq Scan on relation_28 source  (cost=0.00..3508.32 rows=43807 width=19) (actual rows=43206 loops=1)
   Filter: ((status)::text <= 'draft'::text)
   Rows Removed by Filter: 90980
   Buffers: shared read=1831
 Planning Time: 0.043 ms
 Execution Time: 10.170 ms
(6 rows)

-- Q048 [relationship_join] occurrence 1/1
-- Original E/R: SELECT e1.carrier_code, e1.webhook_url, e2.tracking_no FROM courier_shipments r JOIN CourierPartner e1 ON ENDPOINT(r, CourierPartner) = REF(e1) JOIN Shipment e2 ON ENDPOINT(r, Shipment) = REF(e2) WHERE e2.delivered_at <= '2025-01-11';
EXPLAIN (ANALYZE, BUFFERS, TIMING OFF, SUMMARY ON, FORMAT TEXT)
WITH
"b0" AS (
    SELECT
        "source"."courier_shipments_courierpartner_id" AS "__endpoint_courierpartner_0",
        "source"."custorder_id" AS "__endpoint_shipment_0",
        "source"."shipment_id" AS "__endpoint_shipment_1"
    FROM "relation_43" AS "source"
),
"b1" AS (
    SELECT
        "source"."carrier_code" AS "carrier_code",
        "source"."webhook_url" AS "webhook_url",
        "source"."courierpartner_id" AS "__reference_0"
    FROM "relation_29" AS "source"
),
"b2" AS (
    SELECT
        "source"."delivered_at" AS "delivered_at",
        "source"."tracking_no" AS "tracking_no",
        "source"."custorder_id" AS "__reference_0",
        "source"."shipment_id" AS "__reference_1"
    FROM "relation_21" AS "source"
)
SELECT 
    "b1"."carrier_code" AS "carrier_code",
    "b1"."webhook_url" AS "webhook_url",
    "b2"."tracking_no" AS "tracking_no"
FROM (("b0" INNER JOIN "b1" ON ("b0"."__endpoint_courierpartner_0" = "b1"."__reference_0")) INNER JOIN "b2" ON ("b0"."__endpoint_shipment_0" = "b2"."__reference_0" AND "b0"."__endpoint_shipment_1" = "b2"."__reference_1"))
WHERE ("b2"."delivered_at" <= '2025-01-11');
                                                          QUERY PLAN                                                           
-------------------------------------------------------------------------------------------------------------------------------
 Nested Loop  (cost=318.92..911.93 rows=1 width=46) (actual rows=5183 loops=1)
   Buffers: shared hit=14846 read=985
   ->  Hash Join  (cost=318.62..911.35 rows=1 width=17) (actual rows=5183 loops=1)
         Hash Cond: ((source_2.custorder_id = source.custorder_id) AND (source_2.shipment_id = source.shipment_id))
         Buffers: shared read=282
         ->  Seq Scan on relation_21 source_2  (cost=0.00..529.23 rows=12095 width=21) (actual rows=12043 loops=1)
               Filter: ((delivered_at)::text <= '2025-01-11'::text)
               Rows Removed by Filter: 12295
               Buffers: shared read=225
         ->  Hash  (cost=161.65..161.65 rows=10465 width=12) (actual rows=10465 loops=1)
               Buckets: 16384  Batches: 1  Memory Usage: 578kB
               Buffers: shared read=57
               ->  Seq Scan on relation_43 source  (cost=0.00..161.65 rows=10465 width=12) (actual rows=10465 loops=1)
                     Buffers: shared read=57
   ->  Index Scan using relation_29_pkey on relation_29 source_1  (cost=0.29..0.58 rows=1 width=37) (actual rows=1 loops=5183)
         Index Cond: (courierpartner_id = source.courier_shipments_courierpartner_id)
         Buffers: shared hit=14846 read=703
 Planning:
   Buffers: shared hit=6 read=15
 Planning Time: 0.278 ms
 Execution Time: 9.956 ms
(21 rows)

-- Q049 [relationship_join] occurrence 1/1
-- Original E/R: SELECT e1.product_id, e2.email FROM software_downloads r JOIN Software e1 ON ENDPOINT(r, Software) = REF(e1) JOIN Customer e2 ON ENDPOINT(r, Customer) = REF(e2) WHERE e1.product_name >= 'Re-contextualized asymmetric implementation';
EXPLAIN (ANALYZE, BUFFERS, TIMING OFF, SUMMARY ON, FORMAT TEXT)
WITH
"b0" AS (
    SELECT
        "source"."customer_id" AS "__endpoint_customer_0",
        "source"."software_id" AS "__endpoint_software_0"
    FROM "relation_46" AS "source"
),
"b1" AS (
    SELECT
        "source"."software_id" AS "product_id",
        "ancestor_0"."product_name" AS "product_name",
        "source"."software_id" AS "__reference_0"
    FROM "relation_7" AS "source"
    INNER JOIN "relation_1" AS "ancestor_0" ON ("source"."software_id" = "ancestor_0"."product_id")
),
"b2" AS (
    SELECT
        "source"."email" AS "email",
        "source"."customer_id" AS "__reference_0"
    FROM "relation_9" AS "source"
)
SELECT 
    "b1"."product_id" AS "product_id",
    "b2"."email" AS "email"
FROM (("b0" INNER JOIN "b1" ON ("b0"."__endpoint_software_0" = "b1"."__reference_0")) INNER JOIN "b2" ON ("b0"."__endpoint_customer_0" = "b2"."__reference_0"))
WHERE ("b1"."product_name" >= 'Re-contextualized asymmetric implementation');
                                                                            QUERY PLAN                                                                             
-------------------------------------------------------------------------------------------------------------------------------------------------------------------
 Hash Join  (cost=1426.67..132158.63 rows=8022 width=26) (actual rows=7956 loops=1)
   Hash Cond: (ancestor_0.product_id = source_1.software_id)
   Buffers: shared hit=77596 read=11431
   ->  Gather Merge  (cost=1001.17..131712.07 rows=8022 width=30) (actual rows=7956 loops=1)
         Workers Planned: 1
         Workers Launched: 0
         Buffers: shared hit=77596 read=11343
         ->  Nested Loop  (cost=1.16..129809.59 rows=4719 width=30) (actual rows=7956 loops=1)
               Buffers: shared hit=77596 read=11343
               ->  Nested Loop  (cost=0.73..111155.93 rows=4719 width=12) (actual rows=7956 loops=1)
                     Buffers: shared hit=56608 read=507
                     ->  Parallel Index Only Scan using relation_46_pkey on relation_46 source  (cost=0.29..772.08 rows=16854 width=8) (actual rows=28651 loops=1)
                           Heap Fetches: 0
                           Buffers: shared hit=4 read=111
                     ->  Memoize  (cost=0.45..7.73 rows=1 width=4) (actual rows=0 loops=28651)
                           Cache Key: source.software_id
                           Cache Mode: logical
                           Hits: 14401  Misses: 14250  Evictions: 0  Overflows: 0  Memory Usage: 1087kB
                           Buffers: shared hit=56604 read=396
                           ->  Index Scan using relation_1_pkey on relation_1 ancestor_0  (cost=0.44..7.72 rows=1 width=4) (actual rows=0 loops=14250)
                                 Index Cond: (product_id = source.software_id)
                                 Filter: ((product_name)::text >= 'Re-contextualized asymmetric implementation'::text)
                                 Rows Removed by Filter: 1
                                 Buffers: shared hit=56604 read=396
               ->  Index Scan using relation_9_pkey on relation_9 source_2  (cost=0.42..3.95 rows=1 width=26) (actual rows=1 loops=7956)
                     Index Cond: (customer_id = source.customer_id)
                     Buffers: shared hit=20988 read=10836
   ->  Hash  (cost=238.00..238.00 rows=15000 width=4) (actual rows=15000 loops=1)
         Buckets: 16384  Batches: 1  Memory Usage: 656kB
         Buffers: shared read=88
         ->  Seq Scan on relation_7 source_1  (cost=0.00..238.00 rows=15000 width=4) (actual rows=15000 loops=1)
               Buffers: shared read=88
 Planning:
   Buffers: shared hit=34 read=23
 Planning Time: 41.289 ms
 JIT:
   Functions: 25
   Options: Inlining false, Optimization false, Expressions true, Deforming true
 Execution Time: 340.587 ms
(39 rows)

-- Q050 [selection_projection] occurrence 1/1
-- Original E/R: SELECT e.carrier_code, e.courierpartner_id, e.webhook_url FROM CourierPartner e WHERE e.webhook_url >= 'https://www.cummings.com/';
EXPLAIN (ANALYZE, BUFFERS, TIMING OFF, SUMMARY ON, FORMAT TEXT)
WITH
"b0" AS (
    SELECT
        "source"."carrier_code" AS "carrier_code",
        "source"."courierpartner_id" AS "courierpartner_id",
        "source"."webhook_url" AS "webhook_url"
    FROM "relation_29" AS "source"
)
SELECT 
    "b0"."carrier_code" AS "carrier_code",
    "b0"."courierpartner_id" AS "courierpartner_id",
    "b0"."webhook_url" AS "webhook_url"
FROM "b0"
WHERE ("b0"."webhook_url" >= 'https://www.cummings.com/');
                                              QUERY PLAN                                              
------------------------------------------------------------------------------------------------------
 Seq Scan on relation_29 source  (cost=0.00..1320.84 rows=30946 width=37) (actual rows=30999 loops=1)
   Filter: ((webhook_url)::text >= 'https://www.cummings.com/'::text)
   Rows Removed by Filter: 32108
   Buffers: shared hit=532
 Planning Time: 0.066 ms
 Execution Time: 7.193 ms
(6 rows)

-- Q051 [selection_projection] occurrence 1/1
-- Original E/R: SELECT DISTINCT e.warehouse_id, e.region, e.warehouse_name FROM Warehouse e WHERE e.region > 'Southwest';
EXPLAIN (ANALYZE, BUFFERS, TIMING OFF, SUMMARY ON, FORMAT TEXT)
WITH
"b0" AS (
    SELECT
        "source"."region" AS "region",
        "source"."warehouse_id" AS "warehouse_id",
        "source"."warehouse_name" AS "warehouse_name"
    FROM "relation_24" AS "source"
)
SELECT DISTINCT 
    "b0"."warehouse_id" AS "warehouse_id",
    "b0"."region" AS "region",
    "b0"."warehouse_name" AS "warehouse_name"
FROM "b0"
WHERE ("b0"."region" > 'Southwest');
                                                 QUERY PLAN                                                 
------------------------------------------------------------------------------------------------------------
 HashAggregate  (cost=1930.44..2151.33 rows=22089 width=29) (actual rows=22040 loops=1)
   Group Key: source.warehouse_id, source.region, source.warehouse_name
   Batches: 1  Memory Usage: 2833kB
   Buffers: shared read=665
   ->  Seq Scan on relation_24 source  (cost=0.00..1764.78 rows=22089 width=29) (actual rows=22040 loops=1)
         Filter: ((region)::text > 'Southwest'::text)
         Rows Removed by Filter: 65942
         Buffers: shared read=665
 Planning Time: 0.031 ms
 Execution Time: 11.108 ms
(10 rows)

-- Q052 [complex_multi_join] occurrence 1/1
-- Original E/R: SELECT e1.purchaseorder_id, e2.is_active, e3.tag_id FROM po_items r1 JOIN PurchaseOrder e1 ON ENDPOINT(r1, PurchaseOrder) = REF(e1) JOIN Product e2 ON ENDPOINT(r1, Product) = REF(e2) JOIN product_tags r2 ON ENDPOINT(r2, Product) = REF(e2) JOIN Tag e3 ON ENDPOINT(r2, Tag) = REF(e3) WHERE e3.tag_id > 106964;
EXPLAIN (ANALYZE, BUFFERS, TIMING OFF, SUMMARY ON, FORMAT TEXT)
WITH
"b0" AS (
    SELECT
        "source"."product_id" AS "__endpoint_product_0",
        "source"."purchaseorder_id" AS "__endpoint_purchaseorder_0"
    FROM "relation_42" AS "source"
),
"b1" AS (
    SELECT
        "source"."purchaseorder_id" AS "purchaseorder_id",
        "source"."purchaseorder_id" AS "__reference_0"
    FROM "relation_28" AS "source"
),
"b2" AS (
    SELECT
        "source"."is_active" AS "is_active",
        "source"."product_id" AS "__reference_0"
    FROM "relation_1" AS "source"
),
"b3" AS (
    SELECT
        "source"."product_id" AS "__endpoint_product_0",
        "source"."tag_id" AS "__endpoint_tag_0"
    FROM "relation_31" AS "source"
),
"b4" AS (
    SELECT
        "source"."tag_id" AS "tag_id",
        "source"."tag_id" AS "__reference_0"
    FROM "relation_13" AS "source"
)
SELECT 
    "b1"."purchaseorder_id" AS "purchaseorder_id",
    "b2"."is_active" AS "is_active",
    "b4"."tag_id" AS "tag_id"
FROM (((("b0" INNER JOIN "b1" ON ("b0"."__endpoint_purchaseorder_0" = "b1"."__reference_0")) INNER JOIN "b2" ON ("b0"."__endpoint_product_0" = "b2"."__reference_0")) INNER JOIN "b3" ON ("b3"."__endpoint_product_0" = "b2"."__reference_0")) INNER JOIN "b4" ON ("b3"."__endpoint_tag_0" = "b4"."__reference_0"))
WHERE ("b4"."tag_id" > 106964);
                                                                                QUERY PLAN                                                                                 
---------------------------------------------------------------------------------------------------------------------------------------------------------------------------
 Gather  (cost=5111.36..304432.02 rows=116206 width=12) (actual rows=29346 loops=1)
   Workers Planned: 2
   Workers Launched: 0
   Buffers: shared hit=495554 read=192885
   ->  Nested Loop  (cost=4111.36..291811.42 rows=48419 width=12) (actual rows=29346 loops=1)
         Join Filter: (source.product_id = source_2.product_id)
         Buffers: shared hit=495554 read=192885
         ->  Parallel Hash Join  (cost=4110.92..205053.23 rows=48419 width=16) (actual rows=29346 loops=1)
               Hash Cond: (source.purchaseorder_id = source_1.purchaseorder_id)
               Buffers: shared hit=432108 read=138947
               ->  Hash Join  (cost=503.93..201319.14 rows=48419 width=16) (actual rows=29346 loops=1)
                     Hash Cond: (source_3.tag_id = source_4.tag_id)
                     Buffers: shared hit=430277 read=138947
                     ->  Nested Loop  (cost=0.86..199577.28 rows=471904 width=16) (actual rows=283858 loops=1)
                           Buffers: shared hit=430274 read=138914
                           ->  Parallel Index Only Scan using relation_42_pkey on relation_42 source  (cost=0.42..3738.43 rows=63728 width=8) (actual rows=152947 loops=1)
                                 Heap Fetches: 0
                                 Buffers: shared hit=4 read=578
                           ->  Index Only Scan using relation_31_pkey on relation_31 source_3  (cost=0.44..3.00 rows=7 width=8) (actual rows=2 loops=152947)
                                 Index Cond: (product_id = source.product_id)
                                 Heap Fetches: 0
                                 Buffers: shared hit=430270 read=138336
                     ->  Hash  (cost=350.25..350.25 rows=12226 width=4) (actual rows=12193 loops=1)
                           Buckets: 16384  Batches: 1  Memory Usage: 557kB
                           Buffers: shared hit=3 read=33
                           ->  Index Only Scan using relation_13_pkey on relation_13 source_4  (cost=0.29..350.25 rows=12226 width=4) (actual rows=12193 loops=1)
                                 Index Cond: (tag_id > 106964)
                                 Heap Fetches: 0
                                 Buffers: shared hit=3 read=33
               ->  Parallel Hash  (cost=2620.33..2620.33 rows=78933 width=4) (actual rows=134186 loops=1)
                     Buckets: 262144  Batches: 1  Memory Usage: 7328kB
                     Buffers: shared hit=1831
                     ->  Parallel Seq Scan on relation_28 source_1  (cost=0.00..2620.33 rows=78933 width=4) (actual rows=134186 loops=1)
                           Buffers: shared hit=1831
         ->  Index Scan using relation_1_pkey on relation_1 source_2  (cost=0.44..1.78 rows=1 width=8) (actual rows=1 loops=29346)
               Index Cond: (product_id = source_3.product_id)
               Buffers: shared hit=63446 read=53938
 Planning:
   Buffers: shared hit=29 read=25
 Planning Time: 0.519 ms
 JIT:
   Functions: 25
   Options: Inlining false, Optimization false, Expressions true, Deforming true
 Execution Time: 669.298 ms
(44 rows)

-- Q053 [aggregation] occurrence 1/1
-- Original E/R: SELECT e2.warranty_months, COUNT(DISTINCT REF(e1)) AS related_count FROM bundle_phones r JOIN Phone e1 ON ENDPOINT(r, phone_id) = REF(e1) JOIN Phone e2 ON ENDPOINT(r, bundle_phone_id) = REF(e2) WHERE e2.product_name <= 'Front-line bi-directional system engine' GROUP BY REF(e2), e2.warranty_months HAVING COUNT(DISTINCT REF(e1)) >= 2;
EXPLAIN (ANALYZE, BUFFERS, TIMING OFF, SUMMARY ON, FORMAT TEXT)
WITH
"b0" AS (
    SELECT
        "source"."bundle_phone_phone_id" AS "__endpoint_bundle_phone_id_0",
        "source"."phone_id" AS "__endpoint_phone_id_0"
    FROM "relation_44" AS "source"
),
"b1" AS (
    SELECT
        "source"."product_id" AS "__reference_0"
    FROM "relation_1" AS "source"
    WHERE ("source"."role" IN ('phone'))
),
"b2" AS (
    SELECT
        "source"."warranty_months" AS "warranty_months",
        "source"."product_name" AS "product_name",
        "source"."product_id" AS "__reference_0"
    FROM "relation_1" AS "source"
    WHERE ("source"."role" IN ('phone'))
)
SELECT 
    "b2"."warranty_months" AS "warranty_months",
    COUNT(DISTINCT "b1"."__reference_0") AS "related_count"
FROM (("b0" INNER JOIN "b1" ON ("b0"."__endpoint_phone_id_0" = "b1"."__reference_0")) INNER JOIN "b2" ON ("b0"."__endpoint_bundle_phone_id_0" = "b2"."__reference_0"))
WHERE ("b2"."product_name" <= 'Front-line bi-directional system engine')
GROUP BY
    "b2"."__reference_0",
    "b2"."warranty_months"
HAVING (COUNT(DISTINCT "b1"."__reference_0") >= 2);
                                                                          QUERY PLAN                                                                          
--------------------------------------------------------------------------------------------------------------------------------------------------------------
 GroupAggregate  (cost=549369.77..549454.43 rows=211 width=16) (actual rows=116921 loops=1)
   Group Key: source_2.product_id
   Filter: (count(DISTINCT source_1.product_id) >= 2)
   Rows Removed by Filter: 56928
   Buffers: shared hit=1488258 read=488454
   ->  Gather Merge  (cost=549369.77..549443.37 rows=632 width=12) (actual rows=392037 loops=1)
         Workers Planned: 2
         Workers Launched: 0
         Buffers: shared hit=1488258 read=488454
         ->  Sort  (cost=548369.74..548370.40 rows=263 width=12) (actual rows=392037 loops=1)
               Sort Key: source_2.product_id, source_1.product_id
               Sort Method: quicksort  Memory: 27602kB
               Buffers: shared hit=1488258 read=488454
               ->  Nested Loop  (cost=508858.03..548359.17 rows=263 width=12) (actual rows=392037 loops=1)
                     Buffers: shared hit=1488258 read=488454
                     ->  Parallel Hash Join  (cost=508857.59..521434.33 rows=6536 width=12) (actual rows=392037 loops=1)
                           Hash Cond: (source.bundle_phone_phone_id = source_2.product_id)
                           Buffers: shared hit=2229 read=406335
                           ->  Parallel Seq Scan on relation_44 source  (cost=0.00..11156.49 rows=541049 width=8) (actual rows=1298517 loops=1)
                                 Buffers: shared read=5746
                           ->  Parallel Hash  (cost=507800.76..507800.76 rows=84546 width=8) (actual rows=203864 loops=1)
                                 Buckets: 262144  Batches: 1  Memory Usage: 10048kB
                                 Buffers: shared hit=2229 read=400589
                                 ->  Parallel Seq Scan on relation_1 source_2  (cost=0.00..507800.76 rows=84546 width=8) (actual rows=203864 loops=1)
                                       Filter: (((product_name)::text <= 'Front-line bi-directional system engine'::text) AND ((role)::text = 'phone'::text))
                                       Rows Removed by Filter: 16592918
                                       Buffers: shared hit=2229 read=400589
                     ->  Index Scan using relation_1_pkey on relation_1 source_1  (cost=0.44..4.12 rows=1 width=4) (actual rows=1 loops=392037)
                           Index Cond: (product_id = source.phone_id)
                           Filter: ((role)::text = 'phone'::text)
                           Buffers: shared hit=1486029 read=82119
 Planning:
   Buffers: shared hit=5 read=15
 Planning Time: 0.247 ms
 JIT:
   Functions: 24
   Options: Inlining true, Optimization true, Expressions true, Deforming true
 Execution Time: 2473.668 ms
(38 rows)

-- Q054 [complex_multi_join] occurrence 1/1
-- Original E/R: SELECT e2.sku, COUNT(DISTINCT REF(e3)) AS related_count FROM po_items r1 JOIN PurchaseOrder e1 ON ENDPOINT(r1, PurchaseOrder) = REF(e1) JOIN Product e2 ON ENDPOINT(r1, Product) = REF(e2) JOIN bundle_components r2 ON ENDPOINT(r2, product_id) = REF(e2) JOIN Product e3 ON ENDPOINT(r2, bundle_product_id) = REF(e3) WHERE e3.sku >= 'SKU-klfZ-12422029' GROUP BY REF(e2), e2.sku HAVING COUNT(DISTINCT REF(e3)) >= 5;
EXPLAIN (ANALYZE, BUFFERS, TIMING OFF, SUMMARY ON, FORMAT TEXT)
WITH
"b0" AS (
    SELECT
        "source"."product_id" AS "__endpoint_product_0",
        "source"."purchaseorder_id" AS "__endpoint_purchaseorder_0"
    FROM "relation_42" AS "source"
),
"b1" AS (
    SELECT
        "source"."purchaseorder_id" AS "__reference_0"
    FROM "relation_28" AS "source"
),
"b2" AS (
    SELECT
        "source"."sku" AS "sku",
        "source"."product_id" AS "__reference_0"
    FROM "relation_1" AS "source"
),
"b3" AS (
    SELECT
        "source"."bundle_product_product_id" AS "__endpoint_bundle_product_id_0",
        "source"."product_id" AS "__endpoint_product_id_0"
    FROM "relation_32" AS "source"
),
"b4" AS (
    SELECT
        "source"."sku" AS "sku",
        "source"."product_id" AS "__reference_0"
    FROM "relation_1" AS "source"
)
SELECT 
    "b2"."sku" AS "sku",
    COUNT(DISTINCT "b4"."__reference_0") AS "related_count"
FROM (((("b0" INNER JOIN "b1" ON ("b0"."__endpoint_purchaseorder_0" = "b1"."__reference_0")) INNER JOIN "b2" ON ("b0"."__endpoint_product_0" = "b2"."__reference_0")) INNER JOIN "b3" ON ("b3"."__endpoint_product_id_0" = "b2"."__reference_0")) INNER JOIN "b4" ON ("b3"."__endpoint_bundle_product_id_0" = "b4"."__reference_0"))
WHERE ("b4"."sku" >= 'SKU-klfZ-12422029')
GROUP BY
    "b2"."__reference_0",
    "b2"."sku"
HAVING (COUNT(DISTINCT "b4"."__reference_0") >= 5);
                                                                             QUERY PLAN                                                                              
---------------------------------------------------------------------------------------------------------------------------------------------------------------------
 GroupAggregate  (cost=450999.71..463057.54 rows=30572 width=30) (actual rows=0 loops=1)
   Group Key: source_2.product_id
   Filter: (count(DISTINCT source_4.product_id) >= 5)
   Rows Removed by Filter: 18093
   Buffers: shared hit=102803 read=108558
   ->  Gather Merge  (cost=450999.71..461452.52 rows=91715 width=26) (actual rows=18173 loops=1)
         Workers Planned: 1
         Workers Launched: 0
         Buffers: shared hit=102803 read=108558
         ->  Sort  (cost=449999.70..450134.58 rows=53950 width=26) (actual rows=18173 loops=1)
               Sort Key: source_2.product_id, source_4.product_id
               Sort Method: quicksort  Memory: 1762kB
               Buffers: shared hit=102803 read=108558
               ->  Parallel Hash Join  (cost=442618.29..445759.41 rows=53950 width=26) (actual rows=18173 loops=1)
                     Hash Cond: (source_1.purchaseorder_id = source.purchaseorder_id)
                     Buffers: shared hit=102803 read=108558
                     ->  Parallel Seq Scan on relation_28 source_1  (cost=0.00..2620.33 rows=78933 width=4) (actual rows=134186 loops=1)
                           Buffers: shared read=1831
                     ->  Parallel Hash  (cost=442140.61..442140.61 rows=38215 width=30) (actual rows=18173 loops=1)
                           Buckets: 131072  Batches: 1  Memory Usage: 2176kB
                           Buffers: shared hit=102803 read=106727
                           ->  Nested Loop  (cost=4119.18..442140.61 rows=38215 width=30) (actual rows=18173 loops=1)
                                 Join Filter: (source.product_id = source_2.product_id)
                                 Buffers: shared hit=102803 read=106727
                                 ->  Nested Loop  (cost=4118.75..290727.97 rows=38215 width=16) (actual rows=18173 loops=1)
                                       Buffers: shared hit=64204 read=72634
                                       ->  Hash Join  (cost=4118.31..38866.90 rows=63728 width=16) (actual rows=30324 loops=1)
                                             Hash Cond: (source_3.product_id = source.product_id)
                                             Buffers: shared read=15542
                                             ->  Parallel Seq Scan on relation_32 source_3  (cost=0.00..28862.32 rows=1399732 width=8) (actual rows=3359356 loops=1)
                                                   Buffers: shared read=14865
                                             ->  Hash  (cost=2206.47..2206.47 rows=152947 width=8) (actual rows=152947 loops=1)
                                                   Buckets: 262144  Batches: 1  Memory Usage: 8023kB
                                                   Buffers: shared read=677
                                                   ->  Seq Scan on relation_42 source  (cost=0.00..2206.47 rows=152947 width=8) (actual rows=152947 loops=1)
                                                         Buffers: shared read=677
                                       ->  Index Scan using relation_1_pkey on relation_1 source_4  (cost=0.44..3.95 rows=1 width=4) (actual rows=1 loops=30324)
                                             Index Cond: (product_id = source_3.bundle_product_product_id)
                                             Filter: ((sku)::text >= 'SKU-klfZ-12422029'::text)
                                             Rows Removed by Filter: 0
                                             Buffers: shared hit=64204 read=57092
                                 ->  Index Scan using relation_1_pkey on relation_1 source_2  (cost=0.44..3.95 rows=1 width=22) (actual rows=1 loops=18173)
                                       Index Cond: (product_id = source_3.product_id)
                                       Buffers: shared hit=38599 read=34093
 Planning:
   Buffers: shared hit=32 read=27
 Planning Time: 0.654 ms
 JIT:
   Functions: 36
   Options: Inlining false, Optimization false, Expressions true, Deforming true
 Execution Time: 522.768 ms
(51 rows)

-- Q055 [aggregation] occurrence 1/1
-- Original E/R: SELECT e1.supplier_id, COUNT(DISTINCT REF(e2)) AS related_count FROM supplier_products r JOIN Supplier e1 ON ENDPOINT(r, Supplier) = REF(e1) JOIN Product e2 ON ENDPOINT(r, Product) = REF(e2) WHERE e2.product_name < 'Intuitive asynchronous task-force' GROUP BY REF(e1), e1.supplier_id HAVING COUNT(DISTINCT REF(e2)) >= 4;
EXPLAIN (ANALYZE, BUFFERS, TIMING OFF, SUMMARY ON, FORMAT TEXT)
WITH
"b0" AS (
    SELECT
        "source"."product_id" AS "__endpoint_product_0",
        "source"."supplier_id" AS "__endpoint_supplier_0"
    FROM "relation_41" AS "source"
),
"b1" AS (
    SELECT
        "source"."supplier_id" AS "supplier_id",
        "source"."supplier_id" AS "__reference_0"
    FROM "relation_26" AS "source"
),
"b2" AS (
    SELECT
        "source"."product_name" AS "product_name",
        "source"."product_id" AS "__reference_0"
    FROM "relation_1" AS "source"
)
SELECT 
    "b1"."supplier_id" AS "supplier_id",
    COUNT(DISTINCT "b2"."__reference_0") AS "related_count"
FROM (("b0" INNER JOIN "b1" ON ("b0"."__endpoint_supplier_0" = "b1"."__reference_0")) INNER JOIN "b2" ON ("b0"."__endpoint_product_0" = "b2"."__reference_0"))
WHERE ("b2"."product_name" < 'Intuitive asynchronous task-force')
GROUP BY
    "b1"."__reference_0",
    "b1"."supplier_id"
HAVING (COUNT(DISTINCT "b2"."__reference_0") >= 4);
                                                                                 QUERY PLAN                                                                                  
-----------------------------------------------------------------------------------------------------------------------------------------------------------------------------
 GroupAggregate  (cost=1009.33..128517.11 rows=5158 width=16) (actual rows=0 loops=1)
   Group Key: source_1.supplier_id
   Filter: (count(DISTINCT source_2.product_id) >= 4)
   Rows Removed by Filter: 15485
   Buffers: shared hit=81914 read=73311
   ->  Incremental Sort  (cost=1009.33..128246.33 rows=15473 width=8) (actual rows=15485 loops=1)
         Sort Key: source_1.supplier_id, source_2.product_id
         Presorted Key: source_1.supplier_id
         Full-sort Groups: 484  Sort Method: quicksort  Average Memory: 26kB  Peak Memory: 26kB
         Buffers: shared hit=81914 read=73311
         ->  Gather Merge  (cost=1001.14..127550.05 rows=15473 width=8) (actual rows=15485 loops=1)
               Workers Planned: 2
               Workers Launched: 0
               Buffers: shared hit=81914 read=73311
               ->  Nested Loop  (cost=1.12..124764.06 rows=6447 width=8) (actual rows=15485 loops=1)
                     Buffers: shared hit=81914 read=73311
                     ->  Merge Join  (cost=0.68..3877.82 rows=16118 width=8) (actual rows=38683 loops=1)
                           Merge Cond: (source_1.supplier_id = source.supplier_id)
                           Buffers: shared hit=6 read=487
                           ->  Parallel Index Only Scan using relation_26_pkey on relation_26 source_1  (cost=0.29..2342.66 rows=43562 width=4) (actual rows=104543 loops=1)
                                 Heap Fetches: 0
                                 Buffers: shared hit=3 read=343
                           ->  Index Only Scan using relation_41_pkey on relation_41 source  (cost=0.29..1168.53 rows=38683 width=8) (actual rows=38683 loops=1)
                                 Heap Fetches: 0
                                 Buffers: shared hit=3 read=144
                     ->  Index Scan using relation_1_pkey on relation_1 source_2  (cost=0.44..7.50 rows=1 width=4) (actual rows=0 loops=38683)
                           Index Cond: (product_id = source.product_id)
                           Filter: ((product_name)::text < 'Intuitive asynchronous task-force'::text)
                           Rows Removed by Filter: 1
                           Buffers: shared hit=81908 read=72824
 Planning:
   Buffers: shared hit=8 read=12
 Planning Time: 0.252 ms
 JIT:
   Functions: 16
   Options: Inlining false, Optimization false, Expressions true, Deforming true
 Execution Time: 171.190 ms
(37 rows)

-- Q056 [selection_projection] occurrence 1/1
-- Original E/R: SELECT e.password_hash, e.user_id, e.loyalty_tier, e.email FROM Customer e WHERE e.loyalty_tier > 'platinum';
EXPLAIN (ANALYZE, BUFFERS, TIMING OFF, SUMMARY ON, FORMAT TEXT)
WITH
"b0" AS (
    SELECT
        "source"."loyalty_tier" AS "loyalty_tier",
        "source"."email" AS "email",
        "source"."password_hash" AS "password_hash",
        "source"."customer_id" AS "user_id"
    FROM "relation_9" AS "source"
)
SELECT 
    "b0"."password_hash" AS "password_hash",
    "b0"."user_id" AS "user_id",
    "b0"."loyalty_tier" AS "loyalty_tier",
    "b0"."email" AS "email"
FROM "b0"
WHERE ("b0"."loyalty_tier" > 'platinum');
                                               QUERY PLAN                                               
--------------------------------------------------------------------------------------------------------
 Seq Scan on relation_9 source  (cost=0.00..49413.84 rows=300761 width=97) (actual rows=299467 loops=1)
   Filter: ((loyalty_tier)::text > 'platinum'::text)
   Rows Removed by Filter: 737518
   Buffers: shared read=36450
 Planning Time: 0.040 ms
 Execution Time: 114.370 ms
(6 rows)

-- Q057 [relationship_join] occurrence 1/1
-- Original E/R: SELECT e1.placed_at, e2.is_active FROM order_items r JOIN CustOrder e1 ON ENDPOINT(r, CustOrder) = REF(e1) JOIN Product e2 ON ENDPOINT(r, Product) = REF(e2) WHERE e1.status > 'returned';
EXPLAIN (ANALYZE, BUFFERS, TIMING OFF, SUMMARY ON, FORMAT TEXT)
WITH
"b0" AS (
    SELECT
        "source"."custorder_id" AS "__endpoint_custorder_0",
        "source"."product_id" AS "__endpoint_product_0"
    FROM "relation_37" AS "source"
),
"b1" AS (
    SELECT
        "source"."placed_at" AS "placed_at",
        "source"."status" AS "status",
        "source"."custorder_id" AS "__reference_0"
    FROM "relation_20" AS "source"
),
"b2" AS (
    SELECT
        "source"."is_active" AS "is_active",
        "source"."product_id" AS "__reference_0"
    FROM "relation_1" AS "source"
)
SELECT 
    "b1"."placed_at" AS "placed_at",
    "b2"."is_active" AS "is_active"
FROM (("b0" INNER JOIN "b1" ON ("b0"."__endpoint_custorder_0" = "b1"."__reference_0")) INNER JOIN "b2" ON ("b0"."__endpoint_product_0" = "b2"."__reference_0"))
WHERE ("b1"."status" > 'returned');
                                                                          QUERY PLAN                                                                           
---------------------------------------------------------------------------------------------------------------------------------------------------------------
 Gather  (cost=3331.60..47314.95 rows=14898 width=15) (actual rows=14863 loops=1)
   Workers Planned: 2
   Workers Launched: 0
   Buffers: shared hit=31354 read=30129
   ->  Nested Loop  (cost=2331.60..44825.15 rows=6208 width=15) (actual rows=14863 loops=1)
         Buffers: shared hit=31354 read=30129
         ->  Parallel Hash Join  (cost=2331.16..4895.86 rows=6208 width=15) (actual rows=14863 loops=1)
               Hash Cond: (source.custorder_id = source_1.custorder_id)
               Buffers: shared hit=3 read=2028
               ->  Parallel Index Only Scan using relation_37_pkey on relation_37 source  (cost=0.29..2451.48 rows=43236 width=8) (actual rows=103766 loops=1)
                     Heap Fetches: 0
                     Buffers: shared hit=3 read=372
               ->  Parallel Hash  (cost=2246.15..2246.15 rows=6778 width=15) (actual rows=11494 loops=1)
                     Buckets: 16384  Batches: 1  Memory Usage: 672kB
                     Buffers: shared read=1656
                     ->  Parallel Seq Scan on relation_20 source_1  (cost=0.00..2246.15 rows=6778 width=15) (actual rows=11494 loops=1)
                           Filter: ((status)::text > 'returned'::text)
                           Rows Removed by Filter: 68766
                           Buffers: shared read=1656
         ->  Index Scan using relation_1_pkey on relation_1 source_2  (cost=0.44..6.43 rows=1 width=8) (actual rows=1 loops=14863)
               Index Cond: (product_id = source.product_id)
               Buffers: shared hit=31351 read=28101
 Planning:
   Buffers: shared hit=8 read=14
 Planning Time: 0.198 ms
 Execution Time: 120.011 ms
(26 rows)

-- Q058 [relationship_join] occurrence 1/1
-- Original E/R: SELECT e1.loyalty_tier, e2.status FROM customer_orders r JOIN Customer e1 ON ENDPOINT(r, Customer) = REF(e1) JOIN CustOrder e2 ON ENDPOINT(r, CustOrder) = REF(e2) WHERE e1.email > 'uhunt@example.org';
EXPLAIN (ANALYZE, BUFFERS, TIMING OFF, SUMMARY ON, FORMAT TEXT)
WITH
"b0" AS (
    SELECT
        "source"."customer_orders_customer_id" AS "__endpoint_customer_0",
        "source"."custorder_id" AS "__endpoint_custorder_0"
    FROM "relation_20" AS "source"
    WHERE ("source"."customer_orders_customer_id" IS NOT NULL)
),
"b1" AS (
    SELECT
        "source"."loyalty_tier" AS "loyalty_tier",
        "source"."email" AS "email",
        "source"."customer_id" AS "__reference_0"
    FROM "relation_9" AS "source"
),
"b2" AS (
    SELECT
        "source"."status" AS "status",
        "source"."custorder_id" AS "__reference_0"
    FROM "relation_20" AS "source"
)
SELECT 
    "b1"."loyalty_tier" AS "loyalty_tier",
    "b2"."status" AS "status"
FROM (("b0" INNER JOIN "b1" ON ("b0"."__endpoint_customer_0" = "b1"."__reference_0")) INNER JOIN "b2" ON ("b0"."__endpoint_custorder_0" = "b2"."__reference_0"))
WHERE ("b1"."email" > 'uhunt@example.org');
                                                                QUERY PLAN                                                                
------------------------------------------------------------------------------------------------------------------------------------------
 Gather  (cost=43390.87..48543.81 rows=6898 width=15) (actual rows=7115 loops=1)
   Workers Planned: 1
   Workers Launched: 0
   Buffers: shared hit=28033 read=38533
   ->  Nested Loop  (cost=42390.87..46854.01 rows=4058 width=15) (actual rows=7115 loops=1)
         Buffers: shared hit=28033 read=38533
         ->  Parallel Hash Join  (cost=42390.45..44633.60 rows=4058 width=10) (actual rows=7115 loops=1)
               Hash Cond: (source.customer_orders_customer_id = source_1.customer_id)
               Buffers: shared read=38106
               ->  Parallel Seq Scan on relation_20 source  (cost=0.00..2128.12 rows=43821 width=8) (actual rows=74642 loops=1)
                     Filter: (customer_orders_customer_id IS NOT NULL)
                     Rows Removed by Filter: 5618
                     Buffers: shared read=1656
               ->  Parallel Hash  (cost=41851.60..41851.60 rows=43108 width=10) (actual rows=100055 loops=1)
                     Buckets: 131072  Batches: 1  Memory Usage: 5728kB
                     Buffers: shared read=36450
                     ->  Parallel Seq Scan on relation_9 source_1  (cost=0.00..41851.60 rows=43108 width=10) (actual rows=100055 loops=1)
                           Filter: ((email)::text > 'uhunt@example.org'::text)
                           Rows Removed by Filter: 936930
                           Buffers: shared read=36450
         ->  Index Scan using relation_20_pkey on relation_20 source_2  (cost=0.42..0.55 rows=1 width=13) (actual rows=1 loops=7115)
               Index Cond: (custorder_id = source.custorder_id)
               Buffers: shared hit=28033 read=427
 Planning:
   Buffers: shared hit=11 read=13
 Planning Time: 0.701 ms
 Execution Time: 124.071 ms
(27 rows)

-- Q059 [relationship_join] occurrence 1/1
-- Original E/R: SELECT e1.updated_at, e1.cart_id, e2.product_id FROM cart_contains r JOIN Cart e1 ON ENDPOINT(r, Cart) = REF(e1) JOIN Product e2 ON ENDPOINT(r, Product) = REF(e2) WHERE e2.sku >= 'SKU-vFdW-79279946';
EXPLAIN (ANALYZE, BUFFERS, TIMING OFF, SUMMARY ON, FORMAT TEXT)
WITH
"b0" AS (
    SELECT
        "source"."customer_id" AS "__endpoint_cart_0",
        "source"."cart_id" AS "__endpoint_cart_1",
        "source"."product_id" AS "__endpoint_product_0"
    FROM "relation_34" AS "source"
),
"b1" AS (
    SELECT
        "source"."cart_id" AS "cart_id",
        "source"."updated_at" AS "updated_at",
        "source"."customer_id" AS "__reference_0",
        "source"."cart_id" AS "__reference_1"
    FROM "relation_16" AS "source"
),
"b2" AS (
    SELECT
        "source"."product_id" AS "product_id",
        "source"."sku" AS "sku",
        "source"."product_id" AS "__reference_0"
    FROM "relation_1" AS "source"
)
SELECT 
    "b1"."updated_at" AS "updated_at",
    "b1"."cart_id" AS "cart_id",
    "b2"."product_id" AS "product_id"
FROM (("b0" INNER JOIN "b1" ON ("b0"."__endpoint_cart_0" = "b1"."__reference_0" AND "b0"."__endpoint_cart_1" = "b1"."__reference_1")) INNER JOIN "b2" ON ("b0"."__endpoint_product_0" = "b2"."__reference_0"))
WHERE ("b2"."sku" >= 'SKU-vFdW-79279946');
                                                         QUERY PLAN                                                          
-----------------------------------------------------------------------------------------------------------------------------
 Nested Loop  (cost=1333.76..2175.40 rows=1 width=19) (actual rows=7562 loops=1)
   Buffers: shared hit=85434 read=76528
   ->  Hash Join  (cost=1333.33..2167.94 rows=1 width=19) (actual rows=40368 loops=1)
         Hash Cond: ((source.customer_id = source_1.customer_id) AND (source.cart_id = source_1.cart_id))
         Buffers: shared read=490
         ->  Seq Scan on relation_34 source  (cost=0.00..622.68 rows=40368 width=12) (actual rows=40368 loops=1)
               Buffers: shared read=219
         ->  Hash  (cost=695.93..695.93 rows=42493 width=19) (actual rows=42493 loops=1)
               Buckets: 65536  Batches: 1  Memory Usage: 2670kB
               Buffers: shared read=271
               ->  Seq Scan on relation_16 source_1  (cost=0.00..695.93 rows=42493 width=19) (actual rows=42493 loops=1)
                     Buffers: shared read=271
   ->  Index Scan using relation_1_pkey on relation_1 source_2  (cost=0.44..7.47 rows=1 width=4) (actual rows=0 loops=40368)
         Index Cond: (product_id = source.product_id)
         Filter: ((sku)::text >= 'SKU-vFdW-79279946'::text)
         Rows Removed by Filter: 1
         Buffers: shared hit=85434 read=76038
 Planning:
   Buffers: shared hit=8 read=15
 Planning Time: 0.228 ms
 Execution Time: 180.330 ms
(21 rows)

-- Q060 [selection_projection] occurrence 1/1
-- Original E/R: SELECT e.ends_at FROM Promotion e WHERE e.starts_at <= '2024-04-21';
EXPLAIN (ANALYZE, BUFFERS, TIMING OFF, SUMMARY ON, FORMAT TEXT)
WITH
"b0" AS (
    SELECT
        "source"."ends_at" AS "ends_at",
        "source"."starts_at" AS "starts_at"
    FROM "relation_22" AS "source"
)
SELECT 
    "b0"."ends_at" AS "ends_at"
FROM "b0"
WHERE ("b0"."starts_at" <= '2024-04-21');
                                              QUERY PLAN                                              
------------------------------------------------------------------------------------------------------
 Seq Scan on relation_22 source  (cost=0.00..3773.73 rows=16478 width=11) (actual rows=15779 loops=1)
   Filter: ((starts_at)::text <= '2024-04-21'::text)
   Rows Removed by Filter: 133959
   Buffers: shared read=1902
 Planning Time: 0.051 ms
 Execution Time: 15.810 ms
(6 rows)

-- Q061 [complex_multi_join] occurrence 1/1
-- Original E/R: SELECT e1.bin_id, e2.base_price, e3.product_id FROM stock r1 JOIN WarehouseBin e1 ON ENDPOINT(r1, WarehouseBin) = REF(e1) JOIN Product e2 ON ENDPOINT(r1, Product) = REF(e2) JOIN bundle_components r2 ON ENDPOINT(r2, bundle_product_id) = REF(e2) JOIN Product e3 ON ENDPOINT(r2, product_id) = REF(e3) WHERE e3.is_active >= 1;
EXPLAIN (ANALYZE, BUFFERS, TIMING OFF, SUMMARY ON, FORMAT TEXT)
WITH
"b0" AS (
    SELECT
        "source"."product_id" AS "__endpoint_product_0",
        "source"."warehouse_id" AS "__endpoint_warehousebin_0",
        "source"."bin_id" AS "__endpoint_warehousebin_1"
    FROM "relation_40" AS "source"
),
"b1" AS (
    SELECT
        "source"."bin_id" AS "bin_id",
        "source"."warehouse_id" AS "__reference_0",
        "source"."bin_id" AS "__reference_1"
    FROM "relation_25" AS "source"
),
"b2" AS (
    SELECT
        "source"."base_price" AS "base_price",
        "source"."product_id" AS "__reference_0"
    FROM "relation_1" AS "source"
),
"b3" AS (
    SELECT
        "source"."bundle_product_product_id" AS "__endpoint_bundle_product_id_0",
        "source"."product_id" AS "__endpoint_product_id_0"
    FROM "relation_32" AS "source"
),
"b4" AS (
    SELECT
        "source"."is_active" AS "is_active",
        "source"."product_id" AS "product_id",
        "source"."product_id" AS "__reference_0"
    FROM "relation_1" AS "source"
)
SELECT 
    "b1"."bin_id" AS "bin_id",
    "b2"."base_price" AS "base_price",
    "b4"."product_id" AS "product_id"
FROM (((("b0" INNER JOIN "b1" ON ("b0"."__endpoint_warehousebin_0" = "b1"."__reference_0" AND "b0"."__endpoint_warehousebin_1" = "b1"."__reference_1")) INNER JOIN "b2" ON ("b0"."__endpoint_product_0" = "b2"."__reference_0")) INNER JOIN "b3" ON ("b3"."__endpoint_bundle_product_id_0" = "b2"."__reference_0")) INNER JOIN "b4" ON ("b3"."__endpoint_product_id_0" = "b4"."__reference_0"))
WHERE ("b4"."is_active" >= 1);
                                                                        QUERY PLAN                                                                        
----------------------------------------------------------------------------------------------------------------------------------------------------------
 Gather  (cost=155417.43..193445.53 rows=996 width=12) (actual rows=2229497 loops=1)
   Workers Planned: 2
   Workers Launched: 0
   Buffers: shared hit=14855509 read=4635105, temp read=50676 written=50700
   ->  Nested Loop  (cost=154417.43..192345.93 rows=415 width=12) (actual rows=2229497 loops=1)
         Buffers: shared hit=14855509 read=4635105, temp read=50676 written=50700
         ->  Nested Loop  (cost=154416.99..190615.76 rows=415 width=16) (actual rows=2229497 loops=1)
               Buffers: shared hit=8023426 read=2549200, temp read=50676 written=50700
               ->  Parallel Hash Join  (cost=154416.56..188529.91 rows=490 width=16) (actual rows=2621719 loops=1)
                     Hash Cond: (source_3.bundle_product_product_id = source.product_id)
                     Buffers: shared read=85750, temp read=50676 written=50700
                     ->  Parallel Seq Scan on relation_32 source_3  (cost=0.00..28862.32 rows=1399732 width=8) (actual rows=3359356 loops=1)
                           Buffers: shared read=14865
                     ->  Parallel Hash  (cost=154410.13..154410.13 rows=514 width=8) (actual rows=13100150 loops=1)
                           Buckets: 2097152 (originally 2048)  Batches: 8 (originally 1)  Memory Usage: 80544kB
                           Buffers: shared read=70885, temp written=39200
                           ->  Hash Join  (cost=358.20..154410.13 rows=514 width=8) (actual rows=13100150 loops=1)
                                 Hash Cond: ((source.warehouse_id = source_1.warehouse_id) AND (source.bin_id = source_1.bin_id))
                                 Buffers: shared read=70885
                                 ->  Parallel Seq Scan on relation_40 source  (cost=0.00..125395.56 rows=5458356 width=12) (actual rows=13100150 loops=1)
                                       Buffers: shared read=70812
                                 ->  Hash  (cost=187.08..187.08 rows=11408 width=8) (actual rows=11408 loops=1)
                                       Buckets: 16384  Batches: 1  Memory Usage: 574kB
                                       Buffers: shared read=73
                                       ->  Seq Scan on relation_25 source_1  (cost=0.00..187.08 rows=11408 width=8) (actual rows=11408 loops=1)
                                             Buffers: shared read=73
               ->  Index Scan using relation_1_pkey on relation_1 source_4  (cost=0.44..4.26 rows=1 width=4) (actual rows=1 loops=2621719)
                     Index Cond: (product_id = source_3.product_id)
                     Filter: (is_active >= 1)
                     Rows Removed by Filter: 0
                     Buffers: shared hit=8023426 read=2463450
         ->  Index Scan using relation_1_pkey on relation_1 source_2  (cost=0.44..4.17 rows=1 width=8) (actual rows=1 loops=2229497)
               Index Cond: (product_id = source.product_id)
               Buffers: shared hit=6832083 read=2085905
 Planning:
   Buffers: shared hit=33 read=21
 Planning Time: 0.539 ms
 JIT:
   Functions: 35
   Options: Inlining false, Optimization false, Expressions true, Deforming true
 Execution Time: 15934.619 ms
(41 rows)

-- Q062 [weak_owner] occurrence 1/1
-- Original E/R: SELECT w.wishlist_name, o.loyalty_tier FROM Wishlist w JOIN Customer o ON OWNER(w) = REF(o) WHERE w.wishlist_name > 'default';
EXPLAIN (ANALYZE, BUFFERS, TIMING OFF, SUMMARY ON, FORMAT TEXT)
WITH
"b0" AS (
    SELECT
        "source"."wishlist_name" AS "wishlist_name",
        "source"."customer_id" AS "__owner_0"
    FROM "relation_17" AS "source"
),
"b1" AS (
    SELECT
        "source"."loyalty_tier" AS "loyalty_tier",
        "source"."customer_id" AS "__reference_0"
    FROM "relation_9" AS "source"
)
SELECT 
    "b0"."wishlist_name" AS "wishlist_name",
    "b1"."loyalty_tier" AS "loyalty_tier"
FROM ("b0" INNER JOIN "b1" ON ("b0"."__owner_0" = "b1"."__reference_0"))
WHERE ("b0"."wishlist_name" > 'default');
                                                           QUERY PLAN                                                           
--------------------------------------------------------------------------------------------------------------------------------
 Gather  (cost=2101.05..46669.06 rows=20892 width=14) (actual rows=20919 loops=1)
   Workers Planned: 2
   Workers Launched: 0
   Buffers: shared read=36712
   ->  Hash Join  (cost=1101.05..43579.86 rows=8705 width=14) (actual rows=20919 loops=1)
         Hash Cond: (source_1.customer_id = source.customer_id)
         Buffers: shared read=36712
         ->  Parallel Seq Scan on relation_9 source_1  (cost=0.00..40771.28 rows=432128 width=10) (actual rows=1036985 loops=1)
               Buffers: shared read=36450
         ->  Hash  (cost=839.90..839.90 rows=20892 width=12) (actual rows=20919 loops=1)
               Buckets: 32768  Batches: 1  Memory Usage: 1179kB
               Buffers: shared read=262
               ->  Seq Scan on relation_17 source  (cost=0.00..839.90 rows=20892 width=12) (actual rows=20919 loops=1)
                     Filter: ((wishlist_name)::text > 'default'::text)
                     Rows Removed by Filter: 25313
                     Buffers: shared read=262
 Planning:
   Buffers: shared hit=3 read=11
 Planning Time: 0.178 ms
 Execution Time: 107.717 ms
(20 rows)

-- Q063 [relationship_join] occurrence 1/1
-- Original E/R: SELECT e1.status, e1.placed_at, e2.sku FROM order_items r JOIN CustOrder e1 ON ENDPOINT(r, CustOrder) = REF(e1) JOIN Product e2 ON ENDPOINT(r, Product) = REF(e2) WHERE e1.status >= 'paid';
EXPLAIN (ANALYZE, BUFFERS, TIMING OFF, SUMMARY ON, FORMAT TEXT)
WITH
"b0" AS (
    SELECT
        "source"."custorder_id" AS "__endpoint_custorder_0",
        "source"."product_id" AS "__endpoint_product_0"
    FROM "relation_37" AS "source"
),
"b1" AS (
    SELECT
        "source"."placed_at" AS "placed_at",
        "source"."status" AS "status",
        "source"."custorder_id" AS "__reference_0"
    FROM "relation_20" AS "source"
),
"b2" AS (
    SELECT
        "source"."sku" AS "sku",
        "source"."product_id" AS "__reference_0"
    FROM "relation_1" AS "source"
)
SELECT 
    "b1"."status" AS "status",
    "b1"."placed_at" AS "placed_at",
    "b2"."sku" AS "sku"
FROM (("b0" INNER JOIN "b1" ON ("b0"."__endpoint_custorder_0" = "b1"."__reference_0")) INNER JOIN "b2" ON ("b0"."__endpoint_product_0" = "b2"."__reference_0"))
WHERE ("b1"."status" >= 'paid');
                                                                          QUERY PLAN                                                                           
---------------------------------------------------------------------------------------------------------------------------------------------------------------
 Gather  (cost=3496.45..128056.48 rows=43883 width=38) (actual rows=43729 loops=1)
   Workers Planned: 2
   Workers Launched: 0
   Buffers: shared hit=92577 read=84370
   ->  Nested Loop  (cost=2496.45..122668.18 rows=18285 width=38) (actual rows=43729 loops=1)
         Buffers: shared hit=92577 read=84370
         ->  Parallel Hash Join  (cost=2496.01..5060.71 rows=18285 width=24) (actual rows=43729 loops=1)
               Hash Cond: (source.custorder_id = source_1.custorder_id)
               Buffers: shared hit=3 read=2028
               ->  Parallel Index Only Scan using relation_37_pkey on relation_37 source  (cost=0.29..2451.48 rows=43236 width=8) (actual rows=103766 loops=1)
                     Heap Fetches: 0
                     Buffers: shared hit=3 read=372
               ->  Parallel Hash  (cost=2246.15..2246.15 rows=19966 width=24) (actual rows=33706 loops=1)
                     Buckets: 65536  Batches: 1  Memory Usage: 2432kB
                     Buffers: shared read=1656
                     ->  Parallel Seq Scan on relation_20 source_1  (cost=0.00..2246.15 rows=19966 width=24) (actual rows=33706 loops=1)
                           Filter: ((status)::text >= 'paid'::text)
                           Rows Removed by Filter: 46554
                           Buffers: shared read=1656
         ->  Index Scan using relation_1_pkey on relation_1 source_2  (cost=0.44..6.43 rows=1 width=22) (actual rows=1 loops=43729)
               Index Cond: (product_id = source.product_id)
               Buffers: shared hit=92574 read=82342
 Planning:
   Buffers: shared hit=8 read=14
 Planning Time: 0.201 ms
 JIT:
   Functions: 15
   Options: Inlining false, Optimization false, Expressions true, Deforming true
 Execution Time: 224.106 ms
(29 rows)

-- Q064 [selection_projection] occurrence 1/1
-- Original E/R: SELECT e.product_id FROM Footwear e WHERE e.product_id >= 15719843;
EXPLAIN (ANALYZE, BUFFERS, TIMING OFF, SUMMARY ON, FORMAT TEXT)
WITH
"b0" AS (
    SELECT
        "source"."footwear_id" AS "product_id"
    FROM "relation_6" AS "source"
)
SELECT 
    "b0"."product_id" AS "product_id"
FROM "b0"
WHERE ("b0"."product_id" >= 15719843);
                                                          QUERY PLAN                                                          
------------------------------------------------------------------------------------------------------------------------------
 Index Only Scan using relation_6_pkey on relation_6 source  (cost=0.29..167.84 rows=5689 width=4) (actual rows=5690 loops=1)
   Index Cond: (footwear_id >= 15719843)
   Heap Fetches: 0
   Buffers: shared read=19
 Planning:
   Buffers: shared hit=1 read=5
 Planning Time: 0.069 ms
 Execution Time: 17.608 ms
(8 rows)

-- Q065 [relationship_join] occurrence 1/1
-- Original E/R: SELECT e1.product_name, e1.quantity, e2.product_id FROM bought_together r JOIN Product e1 ON ENDPOINT(r, product_id) = REF(e1) JOIN Product e2 ON ENDPOINT(r, bought_together_product_id) = REF(e2) WHERE e1.quantity >= 30;
EXPLAIN (ANALYZE, BUFFERS, TIMING OFF, SUMMARY ON, FORMAT TEXT)
WITH
"b0" AS (
    SELECT
        "source"."bought_together_product_product_id" AS "__endpoint_bought_together_product_id_0",
        "source"."product_id" AS "__endpoint_product_id_0"
    FROM "relation_33" AS "source"
),
"b1" AS (
    SELECT
        "source"."product_name" AS "product_name",
        "source"."quantity" AS "quantity",
        "source"."product_id" AS "__reference_0"
    FROM "relation_1" AS "source"
),
"b2" AS (
    SELECT
        "source"."product_id" AS "product_id",
        "source"."product_id" AS "__reference_0"
    FROM "relation_1" AS "source"
)
SELECT 
    "b1"."product_name" AS "product_name",
    "b1"."quantity" AS "quantity",
    "b2"."product_id" AS "product_id"
FROM (("b0" INNER JOIN "b1" ON ("b0"."__endpoint_product_id_0" = "b1"."__reference_0")) INNER JOIN "b2" ON ("b0"."__endpoint_bought_together_product_id_0" = "b2"."__reference_0"))
WHERE ("b1"."quantity" >= 30);
                                                                          QUERY PLAN                                                                           
---------------------------------------------------------------------------------------------------------------------------------------------------------------
 Gather  (cost=845942.86..2112987.38 rows=6568631 width=42) (actual rows=6544940 loops=1)
   Workers Planned: 2
   Workers Launched: 0
   Buffers: shared hit=9435 read=546841, temp read=195893 written=195932
   ->  Parallel Hash Join  (cost=844942.86..1455124.28 rows=2736930 width=42) (actual rows=6544940 loops=1)
         Hash Cond: (source_2.product_id = source.bought_together_product_product_id)
         Buffers: shared hit=9435 read=546841, temp read=195893 written=195932
         ->  Parallel Index Only Scan using relation_1_pkey on relation_1 source_2  (cost=0.44..476299.16 rows=6998851 width=4) (actual rows=16796782 loops=1)
               Heap Fetches: 0
               Buffers: shared hit=1342 read=79646
         ->  Parallel Hash  (cost=786674.80..786674.80 rows=2736930 width=42) (actual rows=6544940 loops=1)
               Buckets: 2097152  Batches: 8  Memory Usage: 78944kB
               Buffers: shared hit=8093 read=467195, temp read=101899 written=146700
               ->  Parallel Hash Join  (cost=550061.54..786674.80 rows=2736930 width=42) (actual rows=6544940 loops=1)
                     Hash Cond: (source.product_id = source_1.product_id)
                     Buffers: shared hit=8093 read=467195, temp read=101899 written=101920
                     ->  Parallel Seq Scan on relation_33 source  (cost=0.00..140712.58 rows=6824258 width=8) (actual rows=16378086 loops=1)
                           Buffers: shared read=72470
                     ->  Parallel Hash  (cost=490303.64..490303.64 rows=2806952 width=42) (actual rows=6712212 loops=1)
                           Buckets: 2097152  Batches: 8  Memory Usage: 80608kB
                           Buffers: shared hit=8093 read=394725, temp written=45912
                           ->  Parallel Seq Scan on relation_1 source_1  (cost=0.00..490303.64 rows=2806952 width=42) (actual rows=6712212 loops=1)
                                 Filter: (quantity >= 30)
                                 Rows Removed by Filter: 10084570
                                 Buffers: shared hit=8093 read=394725
 Planning:
   Buffers: shared hit=13 read=11
 Planning Time: 0.365 ms
 JIT:
   Functions: 19
   Options: Inlining true, Optimization true, Expressions true, Deforming true
 Execution Time: 11060.786 ms
(32 rows)

-- Q066 [selection_projection] occurrence 1/1
-- Original E/R: SELECT e.sku, e.quantity, e.size_system FROM MenClothing e WHERE e.fit_type_men <= 'athletic';
EXPLAIN (ANALYZE, BUFFERS, TIMING OFF, SUMMARY ON, FORMAT TEXT)
WITH
"b0" AS (
    SELECT
        "source"."size_system" AS "size_system",
        "source"."fit_type_men" AS "fit_type_men",
        "source"."quantity" AS "quantity",
        "source"."sku" AS "sku"
    FROM "relation_1" AS "source"
    WHERE ("source"."role" IN ('menclothing'))
)
SELECT 
    "b0"."sku" AS "sku",
    "b0"."quantity" AS "quantity",
    "b0"."size_system" AS "size_system"
FROM "b0"
WHERE ("b0"."fit_type_men" <= 'athletic');
                                                      QUERY PLAN                                                      
----------------------------------------------------------------------------------------------------------------------
 Gather  (cost=1000.00..510801.36 rows=20006 width=25) (actual rows=169708 loops=1)
   Workers Planned: 2
   Workers Launched: 0
   Buffers: shared read=402818
   ->  Parallel Seq Scan on relation_1 source  (cost=0.00..507800.76 rows=8336 width=25) (actual rows=169708 loops=1)
         Filter: (((fit_type_men)::text <= 'athletic'::text) AND ((role)::text = 'menclothing'::text))
         Rows Removed by Filter: 16627074
         Buffers: shared read=402818
 Planning:
   Buffers: shared hit=3 read=3
 Planning Time: 0.085 ms
 JIT:
   Functions: 4
   Options: Inlining true, Optimization true, Expressions true, Deforming true
 Execution Time: 994.657 ms
(15 rows)

-- Q067 [aggregation] occurrence 1/1
-- Original E/R: SELECT e1.sku, COUNT(DISTINCT REF(e2)) AS related_count FROM reviews r JOIN Product e1 ON ENDPOINT(r, Product) = REF(e1) JOIN Review e2 ON ENDPOINT(r, Review) = REF(e2) WHERE e1.quantity >= 30 GROUP BY REF(e1), e1.sku HAVING COUNT(DISTINCT REF(e2)) >= 3;
EXPLAIN (ANALYZE, BUFFERS, TIMING OFF, SUMMARY ON, FORMAT TEXT)
WITH
"b0" AS (
    SELECT
        "source"."reviews_product_id" AS "__endpoint_product_0",
        "source"."customer_id" AS "__endpoint_review_0",
        "source"."review_id" AS "__endpoint_review_1"
    FROM "relation_36" AS "source"
),
"b1" AS (
    SELECT
        "source"."quantity" AS "quantity",
        "source"."sku" AS "sku",
        "source"."product_id" AS "__reference_0"
    FROM "relation_1" AS "source"
),
"b2" AS (
    SELECT
        "source"."customer_id" AS "__reference_0",
        "source"."review_id" AS "__reference_1"
    FROM "relation_18" AS "source"
)
SELECT 
    "b1"."sku" AS "sku",
    COUNT(DISTINCT ROW("b2"."__reference_0", "b2"."__reference_1")) AS "related_count"
FROM (("b0" INNER JOIN "b1" ON ("b0"."__endpoint_product_0" = "b1"."__reference_0")) INNER JOIN "b2" ON ("b0"."__endpoint_review_0" = "b2"."__reference_0" AND "b0"."__endpoint_review_1" = "b2"."__reference_1"))
WHERE ("b1"."quantity" >= 30)
GROUP BY
    "b1"."__reference_0",
    "b1"."sku"
HAVING (COUNT(DISTINCT ROW("b2"."__reference_0", "b2"."__reference_1")) >= 3);
                                                                     QUERY PLAN                                                                     
----------------------------------------------------------------------------------------------------------------------------------------------------
 GroupAggregate  (cost=418.80..418.82 rows=1 width=30) (actual rows=0 loops=1)
   Group Key: source_1.product_id
   Filter: (count(DISTINCT (ROW(source_2.customer_id, source_2.review_id))) >= 3)
   Rows Removed by Filter: 101
   Buffers: shared hit=801 read=722
   ->  Sort  (cost=418.80..418.80 rows=1 width=30) (actual rows=101 loops=1)
         Sort Key: source_1.product_id, (ROW(source_2.customer_id, source_2.review_id))
         Sort Method: quicksort  Memory: 33kB
         Buffers: shared hit=801 read=722
         ->  Nested Loop  (cost=0.72..418.79 rows=1 width=30) (actual rows=101 loops=1)
               Buffers: shared hit=801 read=720
               ->  Nested Loop  (cost=0.29..410.33 rows=1 width=12) (actual rows=253 loops=1)
                     Buffers: shared hit=431 read=78
                     ->  Seq Scan on relation_36 source  (cost=0.00..4.53 rows=253 width=12) (actual rows=253 loops=1)
                           Buffers: shared read=2
                     ->  Index Only Scan using relation_18_pkey on relation_18 source_2  (cost=0.29..1.60 rows=1 width=8) (actual rows=1 loops=253)
                           Index Cond: ((customer_id = source.customer_id) AND (review_id = source.review_id))
                           Heap Fetches: 0
                           Buffers: shared hit=431 read=76
               ->  Index Scan using relation_1_pkey on relation_1 source_1  (cost=0.44..8.46 rows=1 width=22) (actual rows=0 loops=253)
                     Index Cond: (product_id = source.reviews_product_id)
                     Filter: (quantity >= 30)
                     Rows Removed by Filter: 1
                     Buffers: shared hit=370 read=642
 Planning:
   Buffers: shared hit=20 read=16
 Planning Time: 0.240 ms
 Execution Time: 49.019 ms
(28 rows)

-- Q068 [weak_owner] occurrence 1/1
-- Original E/R: SELECT w.cart_id, w.updated_at, o.user_id, o.loyalty_tier FROM Cart w JOIN Customer o ON OWNER(w) = REF(o) WHERE o.user_id >= 1111339;
EXPLAIN (ANALYZE, BUFFERS, TIMING OFF, SUMMARY ON, FORMAT TEXT)
WITH
"b0" AS (
    SELECT
        "source"."cart_id" AS "cart_id",
        "source"."updated_at" AS "updated_at",
        "source"."customer_id" AS "__owner_0"
    FROM "relation_16" AS "source"
),
"b1" AS (
    SELECT
        "source"."loyalty_tier" AS "loyalty_tier",
        "source"."customer_id" AS "user_id",
        "source"."customer_id" AS "__reference_0"
    FROM "relation_9" AS "source"
)
SELECT 
    "b0"."cart_id" AS "cart_id",
    "b0"."updated_at" AS "updated_at",
    "b1"."user_id" AS "user_id",
    "b1"."loyalty_tier" AS "loyalty_tier"
FROM ("b0" INNER JOIN "b1" ON ("b0"."__owner_0" = "b1"."__reference_0"))
WHERE ("b1"."user_id" >= 1111339);
                                                          QUERY PLAN                                                          
------------------------------------------------------------------------------------------------------------------------------
 Gather  (cost=2227.09..45283.44 rows=8466 width=25) (actual rows=8431 loops=1)
   Workers Planned: 2
   Workers Launched: 0
   Buffers: shared read=36721
   ->  Hash Join  (cost=1227.09..43436.84 rows=3528 width=25) (actual rows=8431 loops=1)
         Hash Cond: (source_1.customer_id = source.customer_id)
         Buffers: shared read=36721
         ->  Parallel Seq Scan on relation_9 source_1  (cost=0.00..41851.60 rows=86097 width=10) (actual rows=204202 loops=1)
               Filter: (customer_id >= 1111339)
               Rows Removed by Filter: 832783
               Buffers: shared read=36450
         ->  Hash  (cost=695.93..695.93 rows=42493 width=19) (actual rows=42493 loops=1)
               Buckets: 65536  Batches: 1  Memory Usage: 2670kB
               Buffers: shared read=271
               ->  Seq Scan on relation_16 source  (cost=0.00..695.93 rows=42493 width=19) (actual rows=42493 loops=1)
                     Buffers: shared read=271
 Planning:
   Buffers: shared hit=3 read=11
 Planning Time: 0.207 ms
 Execution Time: 79.306 ms
(20 rows)

-- Q069 [complex_multi_join] occurrence 1/1
-- Original E/R: SELECT e1.wishlist_name, e2.product_id, e3.cart_id FROM wishlist_contains r1 JOIN Wishlist e1 ON ENDPOINT(r1, Wishlist) = REF(e1) JOIN Product e2 ON ENDPOINT(r1, Product) = REF(e2) JOIN cart_contains r2 ON ENDPOINT(r2, Product) = REF(e2) JOIN Cart e3 ON ENDPOINT(r2, Cart) = REF(e3) WHERE e3.cart_id > 5998881;
EXPLAIN (ANALYZE, BUFFERS, TIMING OFF, SUMMARY ON, FORMAT TEXT)
WITH
"b0" AS (
    SELECT
        "source"."product_id" AS "__endpoint_product_0",
        "source"."customer_id" AS "__endpoint_wishlist_0",
        "source"."wishlist_id" AS "__endpoint_wishlist_1"
    FROM "relation_35" AS "source"
),
"b1" AS (
    SELECT
        "source"."wishlist_name" AS "wishlist_name",
        "source"."customer_id" AS "__reference_0",
        "source"."wishlist_id" AS "__reference_1"
    FROM "relation_17" AS "source"
),
"b2" AS (
    SELECT
        "source"."product_id" AS "product_id",
        "source"."product_id" AS "__reference_0"
    FROM "relation_1" AS "source"
),
"b3" AS (
    SELECT
        "source"."customer_id" AS "__endpoint_cart_0",
        "source"."cart_id" AS "__endpoint_cart_1",
        "source"."product_id" AS "__endpoint_product_0"
    FROM "relation_34" AS "source"
),
"b4" AS (
    SELECT
        "source"."cart_id" AS "cart_id",
        "source"."customer_id" AS "__reference_0",
        "source"."cart_id" AS "__reference_1"
    FROM "relation_16" AS "source"
)
SELECT 
    "b1"."wishlist_name" AS "wishlist_name",
    "b2"."product_id" AS "product_id",
    "b4"."cart_id" AS "cart_id"
FROM (((("b0" INNER JOIN "b1" ON ("b0"."__endpoint_wishlist_0" = "b1"."__reference_0" AND "b0"."__endpoint_wishlist_1" = "b1"."__reference_1")) INNER JOIN "b2" ON ("b0"."__endpoint_product_0" = "b2"."__reference_0")) INNER JOIN "b3" ON ("b3"."__endpoint_product_0" = "b2"."__reference_0")) INNER JOIN "b4" ON ("b3"."__endpoint_cart_0" = "b4"."__reference_0" AND "b3"."__endpoint_cart_1" = "b4"."__reference_1"))
WHERE ("b4"."cart_id" > 5998881);
                                                                   QUERY PLAN                                                                    
-------------------------------------------------------------------------------------------------------------------------------------------------
 Nested Loop  (cost=1059.69..2347.28 rows=1 width=16) (actual rows=60 loops=1)
   Buffers: shared hit=5050243 read=697
   ->  Nested Loop  (cost=1059.26..2343.91 rows=1 width=20) (actual rows=60 loops=1)
         Buffers: shared hit=5050073 read=630
         ->  Nested Loop  (cost=1058.97..2343.57 rows=1 width=20) (actual rows=60 loops=1)
               Buffers: shared hit=5049995 read=528
               ->  Hash Join  (cost=1058.68..1893.29 rows=1 width=8) (actual rows=16186 loops=1)
                     Hash Cond: ((source_3.customer_id = source_4.customer_id) AND (source_3.cart_id = source_4.cart_id))
                     Buffers: shared hit=271 read=219
                     ->  Seq Scan on relation_34 source_3  (cost=0.00..622.68 rows=40368 width=12) (actual rows=40368 loops=1)
                           Buffers: shared read=219
                     ->  Hash  (cost=802.16..802.16 rows=17101 width=8) (actual rows=17025 loops=1)
                           Buckets: 32768  Batches: 1  Memory Usage: 922kB
                           Buffers: shared hit=271
                           ->  Seq Scan on relation_16 source_4  (cost=0.00..802.16 rows=17101 width=8) (actual rows=17025 loops=1)
                                 Filter: (cart_id > 5998881)
                                 Rows Removed by Filter: 25468
                                 Buffers: shared hit=271
               ->  Index Only Scan using relation_35_pkey on relation_35 source  (cost=0.29..450.27 rows=1 width=12) (actual rows=0 loops=16186)
                     Index Cond: (product_id = source_3.product_id)
                     Heap Fetches: 0
                     Buffers: shared hit=5049724 read=309
         ->  Index Scan using relation_17_pkey on relation_17 source_1  (cost=0.29..0.34 rows=1 width=16) (actual rows=1 loops=60)
               Index Cond: ((customer_id = source.customer_id) AND (wishlist_id = source.wishlist_id))
               Buffers: shared hit=78 read=102
   ->  Index Only Scan using relation_1_pkey on relation_1 source_2  (cost=0.44..3.37 rows=1 width=4) (actual rows=1 loops=60)
         Index Cond: (product_id = source.product_id)
         Heap Fetches: 0
         Buffers: shared hit=170 read=67
 Planning:
   Buffers: shared hit=26 read=14
 Planning Time: 0.458 ms
 Execution Time: 6962.024 ms
(33 rows)

-- Q070 [aggregation] occurrence 1/1
-- Original E/R: SELECT e1.is_active, COUNT(DISTINCT REF(e2)) AS related_count FROM bundle_phones r JOIN Phone e1 ON ENDPOINT(r, phone_id) = REF(e1) JOIN Phone e2 ON ENDPOINT(r, bundle_phone_id) = REF(e2) WHERE e2.base_price >= 245 GROUP BY REF(e1), e1.is_active HAVING COUNT(DISTINCT REF(e2)) >= 3;
EXPLAIN (ANALYZE, BUFFERS, TIMING OFF, SUMMARY ON, FORMAT TEXT)
WITH
"b0" AS (
    SELECT
        "source"."bundle_phone_phone_id" AS "__endpoint_bundle_phone_id_0",
        "source"."phone_id" AS "__endpoint_phone_id_0"
    FROM "relation_44" AS "source"
),
"b1" AS (
    SELECT
        "source"."is_active" AS "is_active",
        "source"."product_id" AS "__reference_0"
    FROM "relation_1" AS "source"
    WHERE ("source"."role" IN ('phone'))
),
"b2" AS (
    SELECT
        "source"."base_price" AS "base_price",
        "source"."product_id" AS "__reference_0"
    FROM "relation_1" AS "source"
    WHERE ("source"."role" IN ('phone'))
)
SELECT 
    "b1"."is_active" AS "is_active",
    COUNT(DISTINCT "b2"."__reference_0") AS "related_count"
FROM (("b0" INNER JOIN "b1" ON ("b0"."__endpoint_phone_id_0" = "b1"."__reference_0")) INNER JOIN "b2" ON ("b0"."__endpoint_bundle_phone_id_0" = "b2"."__reference_0"))
WHERE ("b2"."base_price" >= 245)
GROUP BY
    "b1"."__reference_0",
    "b1"."is_active"
HAVING (COUNT(DISTINCT "b2"."__reference_0") >= 3);
                                                                      QUERY PLAN                                                                      
------------------------------------------------------------------------------------------------------------------------------------------------------
 GroupAggregate  (cost=540311.24..540368.44 rows=142 width=16) (actual rows=1788 loops=1)
   Group Key: source_1.product_id
   Filter: (count(DISTINCT source_2.product_id) >= 3)
   Rows Removed by Filter: 225641
   Buffers: shared hit=981028 read=469808
   ->  Gather Merge  (cost=540311.24..540360.97 rows=427 width=12) (actual rows=260568 loops=1)
         Workers Planned: 2
         Workers Launched: 0
         Buffers: shared hit=981028 read=469808
         ->  Sort  (cost=539311.21..539311.66 rows=178 width=12) (actual rows=260568 loops=1)
               Sort Key: source_1.product_id, source_2.product_id
               Sort Method: quicksort  Memory: 16323kB
               Buffers: shared hit=981028 read=469808
               ->  Nested Loop  (cost=508516.09..539304.56 rows=178 width=12) (actual rows=260568 loops=1)
                     Buffers: shared hit=981028 read=469808
                     ->  Parallel Hash Join  (cost=508515.65..521092.39 rows=4421 width=8) (actual rows=260568 loops=1)
                           Hash Cond: (source.bundle_phone_phone_id = source_2.product_id)
                           Buffers: shared hit=285 read=408279
                           ->  Parallel Seq Scan on relation_44 source  (cost=0.00..11156.49 rows=541049 width=8) (actual rows=1298517 loops=1)
                                 Buffers: shared read=5746
                           ->  Parallel Hash  (cost=507800.76..507800.76 rows=57191 width=4) (actual rows=135475 loops=1)
                                 Buckets: 262144  Batches: 1  Memory Usage: 7360kB
                                 Buffers: shared hit=285 read=402533
                                 ->  Parallel Seq Scan on relation_1 source_2  (cost=0.00..507800.76 rows=57191 width=4) (actual rows=135475 loops=1)
                                       Filter: ((base_price >= 245) AND ((role)::text = 'phone'::text))
                                       Rows Removed by Filter: 16661307
                                       Buffers: shared hit=285 read=402533
                     ->  Index Scan using relation_1_pkey on relation_1 source_1  (cost=0.44..4.12 rows=1 width=8) (actual rows=1 loops=260568)
                           Index Cond: (product_id = source.phone_id)
                           Filter: ((role)::text = 'phone'::text)
                           Buffers: shared hit=980743 read=61529
 Planning:
   Buffers: shared hit=5 read=6
 Planning Time: 0.257 ms
 JIT:
   Functions: 24
   Options: Inlining true, Optimization true, Expressions true, Deforming true
 Execution Time: 1653.057 ms
(38 rows)

-- Q071 [weak_owner] occurrence 1/1
-- Original E/R: SELECT w.bin_id FROM WarehouseBin w WHERE w.bin_id >= 5974866;
EXPLAIN (ANALYZE, BUFFERS, TIMING OFF, SUMMARY ON, FORMAT TEXT)
WITH
"b0" AS (
    SELECT
        "source"."bin_id" AS "bin_id"
    FROM "relation_25" AS "source"
)
SELECT 
    "b0"."bin_id" AS "bin_id"
FROM "b0"
WHERE ("b0"."bin_id" >= 5974866);
                                            QUERY PLAN                                            
--------------------------------------------------------------------------------------------------
 Seq Scan on relation_25 source  (cost=0.00..215.60 rows=4576 width=4) (actual rows=4577 loops=1)
   Filter: (bin_id >= 5974866)
   Rows Removed by Filter: 6831
   Buffers: shared read=73
 Planning Time: 0.091 ms
 Execution Time: 1.248 ms
(6 rows)

-- Q072 [weak_owner] occurrence 1/1
-- Original E/R: SELECT w.exp_month, w.last4, o.user_id, o.loyalty_tier FROM PaymentMethod w JOIN Customer o ON OWNER(w) = REF(o) WHERE w.is_default > 'false';
EXPLAIN (ANALYZE, BUFFERS, TIMING OFF, SUMMARY ON, FORMAT TEXT)
WITH
"b0" AS (
    SELECT
        "source"."exp_month" AS "exp_month",
        "source"."is_default" AS "is_default",
        "source"."last4" AS "last4",
        "source"."customer_id" AS "__owner_0"
    FROM "relation_15" AS "source"
),
"b1" AS (
    SELECT
        "source"."loyalty_tier" AS "loyalty_tier",
        "source"."customer_id" AS "user_id",
        "source"."customer_id" AS "__reference_0"
    FROM "relation_9" AS "source"
)
SELECT 
    "b0"."exp_month" AS "exp_month",
    "b0"."last4" AS "last4",
    "b1"."user_id" AS "user_id",
    "b1"."loyalty_tier" AS "loyalty_tier"
FROM ("b0" INNER JOIN "b1" ON ("b0"."__owner_0" = "b1"."__reference_0"))
WHERE ("b0"."is_default" > 'false');
                                                           QUERY PLAN                                                            
---------------------------------------------------------------------------------------------------------------------------------
 Gather  (cost=3400.27..48919.14 rows=30523 width=19) (actual rows=30697 loops=1)
   Workers Planned: 2
   Workers Launched: 0
   Buffers: shared read=37606
   ->  Parallel Hash Join  (cost=2400.27..44866.84 rows=12718 width=19) (actual rows=30697 loops=1)
         Hash Cond: (source_1.customer_id = source.customer_id)
         Buffers: shared read=37606
         ->  Parallel Seq Scan on relation_9 source_1  (cost=0.00..40771.28 rows=432128 width=10) (actual rows=1036985 loops=1)
               Buffers: shared read=36450
         ->  Parallel Hash  (cost=2175.83..2175.83 rows=17955 width=13) (actual rows=30697 loops=1)
               Buckets: 32768  Batches: 1  Memory Usage: 1728kB
               Buffers: shared read=1156
               ->  Parallel Seq Scan on relation_15 source  (cost=0.00..2175.83 rows=17955 width=13) (actual rows=30697 loops=1)
                     Filter: ((is_default)::text > 'false'::text)
                     Rows Removed by Filter: 108000
                     Buffers: shared read=1156
 Planning:
   Buffers: shared hit=6 read=16
 Planning Time: 0.276 ms
 Execution Time: 125.455 ms
(20 rows)

-- Q073 [selection_projection] occurrence 1/1
-- Original E/R: SELECT e.tag_id, e.tag_name FROM Tag e WHERE e.tag_name > 'sale';
EXPLAIN (ANALYZE, BUFFERS, TIMING OFF, SUMMARY ON, FORMAT TEXT)
WITH
"b0" AS (
    SELECT
        "source"."tag_id" AS "tag_id",
        "source"."tag_name" AS "tag_name"
    FROM "relation_13" AS "source"
)
SELECT 
    "b0"."tag_id" AS "tag_id",
    "b0"."tag_name" AS "tag_name"
FROM "b0"
WHERE ("b0"."tag_name" > 'sale');
                                              QUERY PLAN                                              
------------------------------------------------------------------------------------------------------
 Seq Scan on relation_13 source  (cost=0.00..2104.46 rows=10613 width=10) (actual rows=10830 loops=1)
   Filter: ((tag_name)::text > 'sale'::text)
   Rows Removed by Filter: 108327
   Buffers: shared read=615
 Planning:
   Buffers: shared hit=2 read=1
 Planning Time: 0.062 ms
 Execution Time: 7.078 ms
(8 rows)

-- Q074 [weak_owner] occurrence 1/1
-- Original E/R: SELECT w.city, w.kind, w.state, o.loyalty_tier, o.email FROM Address w JOIN Customer o ON OWNER(w) = REF(o) WHERE o.loyalty_tier <= 'bronze';
EXPLAIN (ANALYZE, BUFFERS, TIMING OFF, SUMMARY ON, FORMAT TEXT)
WITH
"b0" AS (
    SELECT
        "source"."city" AS "city",
        "source"."kind" AS "kind",
        "source"."state" AS "state",
        "source"."customer_id" AS "__owner_0"
    FROM "relation_14" AS "source"
),
"b1" AS (
    SELECT
        "source"."loyalty_tier" AS "loyalty_tier",
        "source"."email" AS "email",
        "source"."customer_id" AS "__reference_0"
    FROM "relation_9" AS "source"
)
SELECT 
    "b0"."city" AS "city",
    "b0"."kind" AS "kind",
    "b0"."state" AS "state",
    "b1"."loyalty_tier" AS "loyalty_tier",
    "b1"."email" AS "email"
FROM ("b0" INNER JOIN "b1" ON ("b0"."__owner_0" = "b1"."__reference_0"))
WHERE ("b1"."loyalty_tier" <= 'bronze');
                                                            QUERY PLAN                                                            
----------------------------------------------------------------------------------------------------------------------------------
 Gather  (cost=4102.17..52870.75 rows=59906 width=50) (actual rows=59828 loops=1)
   Workers Planned: 2
   Workers Launched: 0
   Buffers: shared hit=32 read=37872
   ->  Parallel Hash Join  (cost=3102.17..45880.15 rows=24961 width=50) (actual rows=59828 loops=1)
         Hash Cond: (source_1.customer_id = source.customer_id)
         Buffers: shared hit=32 read=37872
         ->  Parallel Seq Scan on relation_9 source_1  (cost=0.00..41851.60 rows=207882 width=32) (actual rows=499250 loops=1)
               Filter: ((loyalty_tier)::text <= 'bronze'::text)
               Rows Removed by Filter: 537735
               Buffers: shared hit=32 read=36418
         ->  Parallel Hash  (cost=2186.52..2186.52 rows=73252 width=26) (actual rows=124528 loops=1)
               Buckets: 131072  Batches: 1  Memory Usage: 8640kB
               Buffers: shared read=1454
               ->  Parallel Seq Scan on relation_14 source  (cost=0.00..2186.52 rows=73252 width=26) (actual rows=124528 loops=1)
                     Buffers: shared read=1454
 Planning:
   Buffers: shared hit=21 read=15
 Planning Time: 0.173 ms
 Execution Time: 190.824 ms
(20 rows)

-- Q075 [aggregation] occurrence 1/1
-- Original E/R: SELECT e2.created_at, COUNT(DISTINCT REF(e1)) AS related_count FROM supplier_pos r JOIN Supplier e1 ON ENDPOINT(r, Supplier) = REF(e1) JOIN PurchaseOrder e2 ON ENDPOINT(r, PurchaseOrder) = REF(e2) WHERE e2.purchaseorder_id > 106773 GROUP BY REF(e2), e2.created_at HAVING COUNT(DISTINCT REF(e1)) >= 2;
EXPLAIN (ANALYZE, BUFFERS, TIMING OFF, SUMMARY ON, FORMAT TEXT)
WITH
"b0" AS (
    SELECT
        "source"."purchaseorder_id" AS "__endpoint_purchaseorder_0",
        "source"."supplier_pos_supplier_id" AS "__endpoint_supplier_0"
    FROM "relation_28" AS "source"
    WHERE ("source"."supplier_pos_supplier_id" IS NOT NULL)
),
"b1" AS (
    SELECT
        "source"."supplier_id" AS "__reference_0"
    FROM "relation_26" AS "source"
),
"b2" AS (
    SELECT
        "source"."created_at" AS "created_at",
        "source"."purchaseorder_id" AS "purchaseorder_id",
        "source"."purchaseorder_id" AS "__reference_0"
    FROM "relation_28" AS "source"
)
SELECT 
    "b2"."created_at" AS "created_at",
    COUNT(DISTINCT "b1"."__reference_0") AS "related_count"
FROM (("b0" INNER JOIN "b1" ON ("b0"."__endpoint_supplier_0" = "b1"."__reference_0")) INNER JOIN "b2" ON ("b0"."__endpoint_purchaseorder_0" = "b2"."__reference_0"))
WHERE ("b2"."purchaseorder_id" > 106773)
GROUP BY
    "b2"."__reference_0",
    "b2"."created_at"
HAVING (COUNT(DISTINCT "b1"."__reference_0") >= 2);
                                                                   QUERY PLAN                                                                   
------------------------------------------------------------------------------------------------------------------------------------------------
 GroupAggregate  (cost=11682.59..12176.67 rows=8235 width=23) (actual rows=0 loops=1)
   Group Key: source_2.purchaseorder_id
   Filter: (count(DISTINCT source_1.supplier_id) >= 2)
   Rows Removed by Filter: 26273
   Buffers: shared hit=1133 read=2660
   ->  Sort  (cost=11682.59..11744.35 rows=24704 width=19) (actual rows=26273 loops=1)
         Sort Key: source_2.purchaseorder_id, source_1.supplier_id
         Sort Method: quicksort  Memory: 2000kB
         Buffers: shared hit=1133 read=2660
         ->  Hash Join  (cost=6301.54..9880.13 rows=24704 width=19) (actual rows=26273 loops=1)
               Hash Cond: (source.supplier_pos_supplier_id = source_1.supplier_id)
               Buffers: shared hit=1133 read=2660
               ->  Hash Join  (cost=3269.19..6780.23 rows=25732 width=19) (actual rows=26273 loops=1)
                     Hash Cond: (source.purchaseorder_id = source_2.purchaseorder_id)
                     Buffers: shared hit=1133 read=1980
                     ->  Seq Scan on relation_28 source  (cost=0.00..3172.86 rows=128828 width=8) (actual rows=128819 loops=1)
                           Filter: (supplier_pos_supplier_id IS NOT NULL)
                           Rows Removed by Filter: 5367
                           Buffers: shared hit=947 read=884
                     ->  Hash  (cost=2934.16..2934.16 rows=26802 width=15) (actual rows=27413 loops=1)
                           Buckets: 32768  Batches: 1  Memory Usage: 1541kB
                           Buffers: shared hit=186 read=1096
                           ->  Bitmap Heap Scan on relation_28 source_2  (cost=768.14..2934.16 rows=26802 width=15) (actual rows=27413 loops=1)
                                 Recheck Cond: (purchaseorder_id > 106773)
                                 Heap Blocks: exact=1130
                                 Buffers: shared hit=186 read=1096
                                 ->  Bitmap Index Scan on relation_28_pkey  (cost=0.00..761.43 rows=26802 width=0) (actual rows=27413 loops=1)
                                       Index Cond: (purchaseorder_id > 106773)
                                       Buffers: shared hit=3 read=149
               ->  Hash  (cost=1725.49..1725.49 rows=104549 width=4) (actual rows=104549 loops=1)
                     Buckets: 131072  Batches: 1  Memory Usage: 4700kB
                     Buffers: shared read=680
                     ->  Seq Scan on relation_26 source_1  (cost=0.00..1725.49 rows=104549 width=4) (actual rows=104549 loops=1)
                           Buffers: shared read=680
 Planning:
   Buffers: shared hit=12 read=13
 Planning Time: 0.224 ms
 Execution Time: 38.696 ms
(38 rows)

-- Q076 [relationship_join] occurrence 1/1
-- Original E/R: SELECT e1.cart_id, e1.updated_at, e2.base_price, e2.product_name FROM cart_contains r JOIN Cart e1 ON ENDPOINT(r, Cart) = REF(e1) JOIN Product e2 ON ENDPOINT(r, Product) = REF(e2) WHERE e2.is_active > 0;
EXPLAIN (ANALYZE, BUFFERS, TIMING OFF, SUMMARY ON, FORMAT TEXT)
WITH
"b0" AS (
    SELECT
        "source"."customer_id" AS "__endpoint_cart_0",
        "source"."cart_id" AS "__endpoint_cart_1",
        "source"."product_id" AS "__endpoint_product_0"
    FROM "relation_34" AS "source"
),
"b1" AS (
    SELECT
        "source"."cart_id" AS "cart_id",
        "source"."updated_at" AS "updated_at",
        "source"."customer_id" AS "__reference_0",
        "source"."cart_id" AS "__reference_1"
    FROM "relation_16" AS "source"
),
"b2" AS (
    SELECT
        "source"."base_price" AS "base_price",
        "source"."is_active" AS "is_active",
        "source"."product_name" AS "product_name",
        "source"."product_id" AS "__reference_0"
    FROM "relation_1" AS "source"
)
SELECT 
    "b1"."cart_id" AS "cart_id",
    "b1"."updated_at" AS "updated_at",
    "b2"."base_price" AS "base_price",
    "b2"."product_name" AS "product_name"
FROM (("b0" INNER JOIN "b1" ON ("b0"."__endpoint_cart_0" = "b1"."__reference_0" AND "b0"."__endpoint_cart_1" = "b1"."__reference_1")) INNER JOIN "b2" ON ("b0"."__endpoint_product_0" = "b2"."__reference_0"))
WHERE ("b2"."is_active" > 0);
                                                          QUERY PLAN                                                          
------------------------------------------------------------------------------------------------------------------------------
 Nested Loop  (cost=1333.76..2175.40 rows=1 width=53) (actual rows=34314 loops=1)
   Buffers: shared hit=85204 read=76758
   ->  Hash Join  (cost=1333.33..2167.94 rows=1 width=19) (actual rows=40368 loops=1)
         Hash Cond: ((source.customer_id = source_1.customer_id) AND (source.cart_id = source_1.cart_id))
         Buffers: shared read=490
         ->  Seq Scan on relation_34 source  (cost=0.00..622.68 rows=40368 width=12) (actual rows=40368 loops=1)
               Buffers: shared read=219
         ->  Hash  (cost=695.93..695.93 rows=42493 width=19) (actual rows=42493 loops=1)
               Buckets: 65536  Batches: 1  Memory Usage: 2670kB
               Buffers: shared read=271
               ->  Seq Scan on relation_16 source_1  (cost=0.00..695.93 rows=42493 width=19) (actual rows=42493 loops=1)
                     Buffers: shared read=271
   ->  Index Scan using relation_1_pkey on relation_1 source_2  (cost=0.44..7.47 rows=1 width=42) (actual rows=1 loops=40368)
         Index Cond: (product_id = source.product_id)
         Filter: (is_active > 0)
         Rows Removed by Filter: 0
         Buffers: shared hit=85204 read=76268
 Planning:
   Buffers: shared hit=6 read=14
 Planning Time: 0.246 ms
 Execution Time: 175.729 ms
(21 rows)

-- Q077 [selection_projection] occurrence 1/1
-- Original E/R: SELECT e.purchaseorder_id, e.created_at FROM PurchaseOrder e WHERE e.purchaseorder_id >= 120363;
EXPLAIN (ANALYZE, BUFFERS, TIMING OFF, SUMMARY ON, FORMAT TEXT)
WITH
"b0" AS (
    SELECT
        "source"."created_at" AS "created_at",
        "source"."purchaseorder_id" AS "purchaseorder_id"
    FROM "relation_28" AS "source"
)
SELECT 
    "b0"."purchaseorder_id" AS "purchaseorder_id",
    "b0"."created_at" AS "created_at"
FROM "b0"
WHERE ("b0"."purchaseorder_id" >= 120363);
                                                   QUERY PLAN                                                    
-----------------------------------------------------------------------------------------------------------------
 Bitmap Heap Scan on relation_28 source  (cost=388.96..2388.57 rows=13489 width=15) (actual rows=13824 loops=1)
   Recheck Cond: (purchaseorder_id >= 120363)
   Heap Blocks: exact=1040
   Buffers: shared read=1118
   ->  Bitmap Index Scan on relation_28_pkey  (cost=0.00..385.59 rows=13489 width=0) (actual rows=13824 loops=1)
         Index Cond: (purchaseorder_id >= 120363)
         Buffers: shared read=78
 Planning Time: 0.046 ms
 Execution Time: 2.999 ms
(9 rows)

-- Q078 [complex_multi_join] occurrence 1/1
-- Original E/R: SELECT e1.purchaseorder_id, e2.is_active, e3.is_active FROM po_items r1 JOIN PurchaseOrder e1 ON ENDPOINT(r1, PurchaseOrder) = REF(e1) JOIN Product e2 ON ENDPOINT(r1, Product) = REF(e2) JOIN bought_together r2 ON ENDPOINT(r2, product_id) = REF(e2) JOIN Product e3 ON ENDPOINT(r2, bought_together_product_id) = REF(e3) WHERE e3.product_name < 'Object-based 3rdgeneration instruction set';
EXPLAIN (ANALYZE, BUFFERS, TIMING OFF, SUMMARY ON, FORMAT TEXT)
WITH
"b0" AS (
    SELECT
        "source"."product_id" AS "__endpoint_product_0",
        "source"."purchaseorder_id" AS "__endpoint_purchaseorder_0"
    FROM "relation_42" AS "source"
),
"b1" AS (
    SELECT
        "source"."purchaseorder_id" AS "purchaseorder_id",
        "source"."purchaseorder_id" AS "__reference_0"
    FROM "relation_28" AS "source"
),
"b2" AS (
    SELECT
        "source"."is_active" AS "is_active",
        "source"."product_id" AS "__reference_0"
    FROM "relation_1" AS "source"
),
"b3" AS (
    SELECT
        "source"."bought_together_product_product_id" AS "__endpoint_bought_together_product_id_0",
        "source"."product_id" AS "__endpoint_product_id_0"
    FROM "relation_33" AS "source"
),
"b4" AS (
    SELECT
        "source"."is_active" AS "is_active",
        "source"."product_name" AS "product_name",
        "source"."product_id" AS "__reference_0"
    FROM "relation_1" AS "source"
)
SELECT 
    "b1"."purchaseorder_id" AS "purchaseorder_id",
    "b2"."is_active" AS "is_active",
    "b4"."is_active" AS "is_active"
FROM (((("b0" INNER JOIN "b1" ON ("b0"."__endpoint_purchaseorder_0" = "b1"."__reference_0")) INNER JOIN "b2" ON ("b0"."__endpoint_product_0" = "b2"."__reference_0")) INNER JOIN "b3" ON ("b3"."__endpoint_product_id_0" = "b2"."__reference_0")) INNER JOIN "b4" ON ("b3"."__endpoint_bought_together_product_id_0" = "b4"."__reference_0"))
WHERE ("b4"."product_name" < 'Object-based 3rdgeneration instruction set');
                                                                                   QUERY PLAN                                                                                    
---------------------------------------------------------------------------------------------------------------------------------------------------------------------------------
 Gather  (cost=176299.56..987611.95 rows=168864 width=12) (actual rows=74593 loops=1)
   Workers Planned: 2
   Workers Launched: 0
   Buffers: shared hit=575555 read=644881
   ->  Nested Loop  (cost=175299.56..969725.55 rows=70360 width=12) (actual rows=74593 loops=1)
         Join Filter: (source.product_id = source_2.product_id)
         Buffers: shared hit=575555 read=644881
         ->  Parallel Hash Join  (cost=175299.12..679281.20 rows=70360 width=16) (actual rows=74593 loops=1)
               Hash Cond: (source_4.product_id = source_3.bought_together_product_product_id)
               Buffers: shared hit=412890 read=509174
               ->  Parallel Seq Scan on relation_1 source_4  (cost=0.00..490303.64 rows=3569407 width=8) (actual rows=8402830 loops=1)
                     Filter: ((product_name)::text < 'Object-based 3rdgeneration instruction set'::text)
                     Rows Removed by Filter: 8393952
                     Buffers: shared hit=7584 read=395234
               ->  Parallel Hash  (cost=173574.61..173574.61 rows=137961 width=16) (actual rows=149136 loops=1)
                     Buckets: 524288  Batches: 1  Memory Usage: 11104kB
                     Buffers: shared hit=405306 read=113940
                     ->  Nested Loop  (cost=3607.85..173574.61 rows=137961 width=16) (actual rows=149136 loops=1)
                           Buffers: shared hit=405306 read=113940
                           ->  Parallel Hash Join  (cost=3607.41..7512.71 rows=63728 width=8) (actual rows=152947 loops=1)
                                 Hash Cond: (source.purchaseorder_id = source_1.purchaseorder_id)
                                 Buffers: shared hit=1044 read=1369
                                 ->  Parallel Index Only Scan using relation_42_pkey on relation_42 source  (cost=0.42..3738.43 rows=63728 width=8) (actual rows=152947 loops=1)
                                       Heap Fetches: 0
                                       Buffers: shared hit=4 read=578
                                 ->  Parallel Hash  (cost=2620.33..2620.33 rows=78933 width=4) (actual rows=134186 loops=1)
                                       Buckets: 262144  Batches: 1  Memory Usage: 7328kB
                                       Buffers: shared hit=1040 read=791
                                       ->  Parallel Seq Scan on relation_28 source_1  (cost=0.00..2620.33 rows=78933 width=4) (actual rows=134186 loops=1)
                                             Buffers: shared hit=1040 read=791
                           ->  Index Only Scan using relation_33_pkey on relation_33 source_3  (cost=0.43..2.59 rows=2 width=8) (actual rows=1 loops=152947)
                                 Index Cond: (product_id = source.product_id)
                                 Heap Fetches: 0
                                 Buffers: shared hit=404262 read=112571
         ->  Index Scan using relation_1_pkey on relation_1 source_2  (cost=0.44..4.12 rows=1 width=8) (actual rows=1 loops=74593)
               Index Cond: (product_id = source_3.product_id)
               Buffers: shared hit=162665 read=135707
 Planning:
   Buffers: shared hit=36 read=20
 Planning Time: 0.525 ms
 JIT:
   Functions: 29
   Options: Inlining true, Optimization true, Expressions true, Deforming true
 Execution Time: 2774.425 ms
(44 rows)

-- Q079 [weak_owner] occurrence 1/1
-- Original E/R: SELECT w.shipped_at, o.custorder_id, o.status FROM Shipment w JOIN CustOrder o ON OWNER(w) = REF(o) WHERE w.shipped_at < '2022-07-08';
EXPLAIN (ANALYZE, BUFFERS, TIMING OFF, SUMMARY ON, FORMAT TEXT)
WITH
"b0" AS (
    SELECT
        "source"."shipped_at" AS "shipped_at",
        "source"."custorder_id" AS "__owner_0"
    FROM "relation_21" AS "source"
),
"b1" AS (
    SELECT
        "source"."custorder_id" AS "custorder_id",
        "source"."status" AS "status",
        "source"."custorder_id" AS "__reference_0"
    FROM "relation_20" AS "source"
)
SELECT 
    "b0"."shipped_at" AS "shipped_at",
    "b1"."custorder_id" AS "custorder_id",
    "b1"."status" AS "status"
FROM ("b0" INNER JOIN "b1" ON ("b0"."__owner_0" = "b1"."__reference_0"))
WHERE ("b0"."shipped_at" < '2022-07-08');
                                                  QUERY PLAN                                                   
---------------------------------------------------------------------------------------------------------------
 Hash Join  (cost=560.43..3746.26 rows=2496 width=24) (actual rows=2526 loops=1)
   Hash Cond: (source_1.custorder_id = source.custorder_id)
   Buffers: shared read=1881
   ->  Seq Scan on relation_20 source_1  (cost=0.00..2458.60 rows=80260 width=13) (actual rows=80260 loops=1)
         Buffers: shared read=1656
   ->  Hash  (cost=529.23..529.23 rows=2496 width=15) (actual rows=2526 loops=1)
         Buckets: 4096  Batches: 1  Memory Usage: 151kB
         Buffers: shared read=225
         ->  Seq Scan on relation_21 source  (cost=0.00..529.23 rows=2496 width=15) (actual rows=2526 loops=1)
               Filter: ((shipped_at)::text < '2022-07-08'::text)
               Rows Removed by Filter: 21812
               Buffers: shared read=225
 Planning:
   Buffers: shared hit=4 read=10
 Planning Time: 0.151 ms
 Execution Time: 9.094 ms
(16 rows)

-- Q080 [relationship_join] occurrence 1/1
-- Original E/R: SELECT e1.quantity, e1.dimensions, e2.accessory_type, e2.product_name FROM bundled_phone_accessory r JOIN Phone e1 ON ENDPOINT(r, Phone) = REF(e1) JOIN Accessory e2 ON ENDPOINT(r, Accessory) = REF(e2) WHERE e2.quantity > 22;
EXPLAIN (ANALYZE, BUFFERS, TIMING OFF, SUMMARY ON, FORMAT TEXT)
WITH
"b0" AS (
    SELECT
        "source"."accessory_id" AS "__endpoint_accessory_0",
        "source"."phone_id" AS "__endpoint_phone_0"
    FROM "relation_45" AS "source"
),
"b1" AS (
    SELECT
        "source"."dimensions" AS "dimensions",
        "source"."quantity" AS "quantity",
        "source"."product_id" AS "__reference_0"
    FROM "relation_1" AS "source"
    WHERE ("source"."role" IN ('phone'))
),
"b2" AS (
    SELECT
        "source"."accessory_type" AS "accessory_type",
        "ancestor_0"."product_name" AS "product_name",
        "ancestor_0"."quantity" AS "quantity",
        "source"."accessory_id" AS "__reference_0"
    FROM "relation_4" AS "source"
    INNER JOIN "relation_1" AS "ancestor_0" ON ("source"."accessory_id" = "ancestor_0"."product_id")
)
SELECT 
    "b1"."quantity" AS "quantity",
    "b1"."dimensions" AS "dimensions",
    "b2"."accessory_type" AS "accessory_type",
    "b2"."product_name" AS "product_name"
FROM (("b0" INNER JOIN "b1" ON ("b0"."__endpoint_phone_0" = "b1"."__reference_0")) INNER JOIN "b2" ON ("b0"."__endpoint_accessory_0" = "b2"."__reference_0"))
WHERE ("b2"."quantity" > 22);
                                                                    QUERY PLAN                                                                    
--------------------------------------------------------------------------------------------------------------------------------------------------
 Gather  (cost=498871.03..572396.80 rows=17657 width=50) (actual rows=440959 loops=1)
   Workers Planned: 2
   Workers Launched: 0
   Buffers: shared hit=3517175 read=404679
   ->  Hash Join  (cost=497871.03..569631.10 rows=7357 width=50) (actual rows=440959 loops=1)
         Hash Cond: (ancestor_0.product_id = source_2.accessory_id)
         Buffers: shared hit=3517175 read=404679
         ->  Nested Loop  (cost=493826.82..565567.58 rows=7357 width=52) (actual rows=440959 loops=1)
               Buffers: shared hit=3517175 read=403895
               ->  Parallel Hash Join  (cost=493826.39..502336.14 rows=14741 width=14) (actual rows=878591 loops=1)
                     Hash Cond: (source.phone_id = source_1.product_id)
                     Buffers: shared hit=6871 read=399835
                     ->  Parallel Seq Scan on relation_45 source  (cost=0.00..7548.80 rows=366080 width=8) (actual rows=878591 loops=1)
                           Buffers: shared read=3888
                     ->  Parallel Hash  (cost=490303.64..490303.64 rows=281820 width=14) (actual rows=676001 loops=1)
                           Buckets: 1048576  Batches: 1  Memory Usage: 40224kB
                           Buffers: shared hit=6871 read=395947
                           ->  Parallel Seq Scan on relation_1 source_1  (cost=0.00..490303.64 rows=281820 width=14) (actual rows=676001 loops=1)
                                 Filter: ((role)::text = 'phone'::text)
                                 Rows Removed by Filter: 16120781
                                 Buffers: shared hit=6871 read=395947
               ->  Index Scan using relation_1_pkey on relation_1 ancestor_0  (cost=0.44..4.29 rows=1 width=38) (actual rows=1 loops=878591)
                     Index Cond: (product_id = source.accessory_id)
                     Filter: (quantity > 22)
                     Rows Removed by Filter: 0
                     Buffers: shared hit=3510304 read=4060
         ->  Hash  (cost=2232.98..2232.98 rows=144898 width=10) (actual rows=144898 loops=1)
               Buckets: 262144  Batches: 1  Memory Usage: 8275kB
               Buffers: shared read=784
               ->  Seq Scan on relation_4 source_2  (cost=0.00..2232.98 rows=144898 width=10) (actual rows=144898 loops=1)
                     Buffers: shared read=784
 Planning:
   Buffers: shared hit=12 read=12
 Planning Time: 0.266 ms
 JIT:
   Functions: 28
   Options: Inlining true, Optimization true, Expressions true, Deforming true
 Execution Time: 2265.029 ms
(38 rows)

-- Q081 [relationship_join] occurrence 1/1
-- Original E/R: SELECT e1.custorder_id, e2.quantity, e2.product_name FROM order_returns r JOIN CustOrder e1 ON ENDPOINT(r, CustOrder) = REF(e1) JOIN Product e2 ON ENDPOINT(r, Product) = REF(e2) WHERE e2.base_price < 41;
EXPLAIN (ANALYZE, BUFFERS, TIMING OFF, SUMMARY ON, FORMAT TEXT)
WITH
"b0" AS (
    SELECT
        "source"."custorder_id" AS "__endpoint_custorder_0",
        "source"."product_id" AS "__endpoint_product_0"
    FROM "relation_38" AS "source"
),
"b1" AS (
    SELECT
        "source"."custorder_id" AS "custorder_id",
        "source"."custorder_id" AS "__reference_0"
    FROM "relation_20" AS "source"
),
"b2" AS (
    SELECT
        "source"."base_price" AS "base_price",
        "source"."product_name" AS "product_name",
        "source"."quantity" AS "quantity",
        "source"."product_id" AS "__reference_0"
    FROM "relation_1" AS "source"
)
SELECT 
    "b1"."custorder_id" AS "custorder_id",
    "b2"."quantity" AS "quantity",
    "b2"."product_name" AS "product_name"
FROM (("b0" INNER JOIN "b1" ON ("b0"."__endpoint_custorder_0" = "b1"."__reference_0")) INNER JOIN "b2" ON ("b0"."__endpoint_product_0" = "b2"."__reference_0"))
WHERE ("b2"."base_price" < 41);
                                                                         QUERY PLAN                                                                          
-------------------------------------------------------------------------------------------------------------------------------------------------------------
 Gather  (cost=1001.14..87294.52 rows=1844 width=42) (actual rows=1816 loops=1)
   Workers Planned: 1
   Workers Launched: 0
   Buffers: shared hit=43030 read=35118
   ->  Nested Loop  (cost=1.14..86110.12 rows=1085 width=42) (actual rows=1816 loops=1)
         Buffers: shared hit=43030 read=35118
         ->  Nested Loop  (cost=0.72..85534.65 rows=1085 width=42) (actual rows=1816 loops=1)
               Buffers: shared hit=37998 read=34701
               ->  Parallel Index Only Scan using relation_38_pkey on relation_38 source  (cost=0.29..465.89 rows=10681 width=8) (actual rows=18158 loops=1)
                     Heap Fetches: 0
                     Buffers: shared hit=3 read=64
               ->  Index Scan using relation_1_pkey on relation_1 source_2  (cost=0.44..7.96 rows=1 width=42) (actual rows=0 loops=18158)
                     Index Cond: (product_id = source.product_id)
                     Filter: (base_price < 41)
                     Rows Removed by Filter: 1
                     Buffers: shared hit=37995 read=34637
         ->  Index Only Scan using relation_20_pkey on relation_20 source_1  (cost=0.42..0.53 rows=1 width=4) (actual rows=1 loops=1816)
               Index Cond: (custorder_id = source.custorder_id)
               Heap Fetches: 0
               Buffers: shared hit=5032 read=417
 Planning:
   Buffers: shared hit=14 read=8
 Planning Time: 0.195 ms
 Execution Time: 73.647 ms
(24 rows)

-- Q082 [selection_projection] occurrence 1/1
-- Original E/R: SELECT e.delivery_type, e.product_name, e.product_id FROM Media e WHERE e.format >= 'video';
EXPLAIN (ANALYZE, BUFFERS, TIMING OFF, SUMMARY ON, FORMAT TEXT)
WITH
"b0" AS (
    SELECT
        "source"."delivery_type" AS "delivery_type",
        "source"."format" AS "format",
        "source"."product_id" AS "product_id",
        "source"."product_name" AS "product_name"
    FROM "relation_1" AS "source"
    WHERE ("source"."role" IN ('media'))
)
SELECT 
    "b0"."delivery_type" AS "delivery_type",
    "b0"."product_name" AS "product_name",
    "b0"."product_id" AS "product_id"
FROM "b0"
WHERE ("b0"."format" >= 'video');
                                                      QUERY PLAN                                                      
----------------------------------------------------------------------------------------------------------------------
 Gather  (cost=1000.00..510266.86 rows=14661 width=48) (actual rows=264087 loops=1)
   Workers Planned: 2
   Workers Launched: 0
   Buffers: shared hit=8171 read=394647
   ->  Parallel Seq Scan on relation_1 source  (cost=0.00..507800.76 rows=6109 width=48) (actual rows=264087 loops=1)
         Filter: (((format)::text >= 'video'::text) AND ((role)::text = 'media'::text))
         Rows Removed by Filter: 16532695
         Buffers: shared hit=8171 read=394647
 Planning:
   Buffers: shared read=3
 Planning Time: 0.067 ms
 JIT:
   Functions: 4
   Options: Inlining true, Optimization true, Expressions true, Deforming true
 Execution Time: 1006.241 ms
(15 rows)

-- Q083 [selection_projection] occurrence 1/1
-- Original E/R: SELECT e.warehouse_name FROM Warehouse e WHERE e.warehouse_name > 'Lewis-Hartman';
EXPLAIN (ANALYZE, BUFFERS, TIMING OFF, SUMMARY ON, FORMAT TEXT)
WITH
"b0" AS (
    SELECT
        "source"."warehouse_name" AS "warehouse_name"
    FROM "relation_24" AS "source"
)
SELECT 
    "b0"."warehouse_name" AS "warehouse_name"
FROM "b0"
WHERE ("b0"."warehouse_name" > 'Lewis-Hartman');
                                              QUERY PLAN                                              
------------------------------------------------------------------------------------------------------
 Seq Scan on relation_24 source  (cost=0.00..1764.78 rows=44035 width=17) (actual rows=43876 loops=1)
   Filter: ((warehouse_name)::text > 'Lewis-Hartman'::text)
   Rows Removed by Filter: 44106
   Buffers: shared read=665
 Planning Time: 0.060 ms
 Execution Time: 6.956 ms
(6 rows)

-- Q084 [weak_owner] occurrence 1/1
-- Original E/R: SELECT w.wishlist_id, w.wishlist_name, o.loyalty_tier FROM Wishlist w JOIN Customer o ON OWNER(w) = REF(o) WHERE o.email < 'jeffreybryant@example.com';
EXPLAIN (ANALYZE, BUFFERS, TIMING OFF, SUMMARY ON, FORMAT TEXT)
WITH
"b0" AS (
    SELECT
        "source"."wishlist_id" AS "wishlist_id",
        "source"."wishlist_name" AS "wishlist_name",
        "source"."customer_id" AS "__owner_0"
    FROM "relation_17" AS "source"
),
"b1" AS (
    SELECT
        "source"."loyalty_tier" AS "loyalty_tier",
        "source"."email" AS "email",
        "source"."customer_id" AS "__reference_0"
    FROM "relation_9" AS "source"
)
SELECT 
    "b0"."wishlist_id" AS "wishlist_id",
    "b0"."wishlist_name" AS "wishlist_name",
    "b1"."loyalty_tier" AS "loyalty_tier"
FROM ("b0" INNER JOIN "b1" ON ("b0"."__owner_0" = "b1"."__reference_0"))
WHERE ("b1"."email" < 'jeffreybryant@example.com');
                                                          QUERY PLAN                                                           
-------------------------------------------------------------------------------------------------------------------------------
 Gather  (cost=2302.22..46729.89 rows=18504 width=18) (actual rows=18461 loops=1)
   Workers Planned: 2
   Workers Launched: 0
   Buffers: shared read=36712
   ->  Hash Join  (cost=1302.22..43879.49 rows=7710 width=18) (actual rows=18461 loops=1)
         Hash Cond: (source_1.customer_id = source.customer_id)
         Buffers: shared read=36712
         ->  Parallel Seq Scan on relation_9 source_1  (cost=0.00..41851.60 rows=172953 width=10) (actual rows=415697 loops=1)
               Filter: ((email)::text < 'jeffreybryant@example.com'::text)
               Rows Removed by Filter: 621288
               Buffers: shared read=36450
         ->  Hash  (cost=724.32..724.32 rows=46232 width=16) (actual rows=46232 loops=1)
               Buckets: 65536  Batches: 1  Memory Usage: 2725kB
               Buffers: shared read=262
               ->  Seq Scan on relation_17 source  (cost=0.00..724.32 rows=46232 width=16) (actual rows=46232 loops=1)
                     Buffers: shared read=262
 Planning:
   Buffers: shared hit=3 read=11
 Planning Time: 0.153 ms
 Execution Time: 132.498 ms
(20 rows)

-- Q085 [complex_multi_join] occurrence 1/1
-- Original E/R: SELECT e1.custorder_id, e2.product_id, e3.product_name FROM order_items r1 JOIN CustOrder e1 ON ENDPOINT(r1, CustOrder) = REF(e1) JOIN Product e2 ON ENDPOINT(r1, Product) = REF(e2) JOIN bought_together r2 ON ENDPOINT(r2, bought_together_product_id) = REF(e2) JOIN Product e3 ON ENDPOINT(r2, product_id) = REF(e3) WHERE e2.product_id >= 10098074;
EXPLAIN (ANALYZE, BUFFERS, TIMING OFF, SUMMARY ON, FORMAT TEXT)
WITH
"b0" AS (
    SELECT
        "source"."custorder_id" AS "__endpoint_custorder_0",
        "source"."product_id" AS "__endpoint_product_0"
    FROM "relation_37" AS "source"
),
"b1" AS (
    SELECT
        "source"."custorder_id" AS "custorder_id",
        "source"."custorder_id" AS "__reference_0"
    FROM "relation_20" AS "source"
),
"b2" AS (
    SELECT
        "source"."product_id" AS "product_id",
        "source"."product_id" AS "__reference_0"
    FROM "relation_1" AS "source"
),
"b3" AS (
    SELECT
        "source"."bought_together_product_product_id" AS "__endpoint_bought_together_product_id_0",
        "source"."product_id" AS "__endpoint_product_id_0"
    FROM "relation_33" AS "source"
),
"b4" AS (
    SELECT
        "source"."product_name" AS "product_name",
        "source"."product_id" AS "__reference_0"
    FROM "relation_1" AS "source"
)
SELECT 
    "b1"."custorder_id" AS "custorder_id",
    "b2"."product_id" AS "product_id",
    "b4"."product_name" AS "product_name"
FROM (((("b0" INNER JOIN "b1" ON ("b0"."__endpoint_custorder_0" = "b1"."__reference_0")) INNER JOIN "b2" ON ("b0"."__endpoint_product_0" = "b2"."__reference_0")) INNER JOIN "b3" ON ("b3"."__endpoint_bought_together_product_id_0" = "b2"."__reference_0")) INNER JOIN "b4" ON ("b3"."__endpoint_product_id_0" = "b4"."__reference_0"))
WHERE ("b2"."product_id" >= 10098074);
                                                                                      QUERY PLAN                                                                                       
---------------------------------------------------------------------------------------------------------------------------------------------------------------------------------------
 Gather  (cost=132227.66..436272.26 rows=75829 width=42) (actual rows=40575 loops=1)
   Workers Planned: 2
   Workers Launched: 0
   Buffers: shared hit=224469 read=175543
   ->  Nested Loop  (cost=131227.66..427689.36 rows=31595 width=42) (actual rows=40575 loops=1)
         Buffers: shared hit=224469 read=175543
         ->  Parallel Hash Join  (cost=131227.23..297716.64 rows=31595 width=12) (actual rows=40575 loops=1)
               Hash Cond: (source_3.bought_together_product_product_id = source.product_id)
               Buffers: shared hit=138067 read=99645
               ->  Parallel Seq Scan on relation_33 source_3  (cost=0.00..140712.58 rows=6824258 width=8) (actual rows=16378086 loops=1)
                     Buffers: shared read=72470
               ->  Parallel Hash  (cost=130923.70..130923.70 rows=24282 width=12) (actual rows=41639 loops=1)
                     Buckets: 65536  Batches: 1  Memory Usage: 2496kB
                     Buffers: shared hit=138067 read=27175
                     ->  Parallel Hash Join  (cost=128517.36..130923.70 rows=24282 width=12) (actual rows=41639 loops=1)
                           Hash Cond: (source_1.custorder_id = source.custorder_id)
                           Buffers: shared hit=138067 read=27175
                           ->  Parallel Seq Scan on relation_20 source_1  (cost=0.00..2128.12 rows=47212 width=4) (actual rows=80260 loops=1)
                                 Buffers: shared read=1656
                           ->  Parallel Hash  (cost=128302.36..128302.36 rows=17200 width=12) (actual rows=41639 loops=1)
                                 Buckets: 65536  Batches: 1  Memory Usage: 2496kB
                                 Buffers: shared hit=138067 read=25519
                                 ->  Nested Loop  (cost=0.73..128302.36 rows=17200 width=12) (actual rows=41639 loops=1)
                                       Buffers: shared hit=138067 read=25519
                                       ->  Parallel Index Only Scan using relation_37_pkey on relation_37 source  (cost=0.29..2451.48 rows=43236 width=8) (actual rows=103766 loops=1)
                                             Heap Fetches: 0
                                             Buffers: shared hit=3 read=372
                                       ->  Index Only Scan using relation_1_pkey on relation_1 source_2  (cost=0.44..2.91 rows=1 width=4) (actual rows=0 loops=103766)
                                             Index Cond: ((product_id = source.product_id) AND (product_id >= 10098074))
                                             Heap Fetches: 0
                                             Buffers: shared hit=138064 read=25147
         ->  Index Scan using relation_1_pkey on relation_1 source_4  (cost=0.44..4.11 rows=1 width=38) (actual rows=1 loops=40575)
               Index Cond: (product_id = source_3.product_id)
               Buffers: shared hit=86402 read=75898
 Planning:
   Buffers: shared hit=30 read=16
 Planning Time: 0.595 ms
 JIT:
   Functions: 26
   Options: Inlining false, Optimization false, Expressions true, Deforming true
 Execution Time: 1448.103 ms
(41 rows)

-- Q086 [selection_projection] occurrence 1/1
-- Original E/R: SELECT e.ram_gb FROM Desktop e WHERE e.product_id > 10269581;
EXPLAIN (ANALYZE, BUFFERS, TIMING OFF, SUMMARY ON, FORMAT TEXT)
WITH
"b0" AS (
    SELECT
        "source"."ram_gb" AS "ram_gb",
        "source"."product_id" AS "product_id"
    FROM "relation_1" AS "source"
    WHERE ("source"."role" IN ('desktop'))
)
SELECT 
    "b0"."ram_gb" AS "ram_gb"
FROM "b0"
WHERE ("b0"."product_id" > 10269581);
                                                      QUERY PLAN                                                       
-----------------------------------------------------------------------------------------------------------------------
 Gather  (cost=1000.00..582403.16 rows=736024 width=4) (actual rows=934005 loops=1)
   Workers Planned: 2
   Workers Launched: 0
   Buffers: shared hit=8124 read=394694
   ->  Parallel Seq Scan on relation_1 source  (cost=0.00..507800.76 rows=306677 width=4) (actual rows=934005 loops=1)
         Filter: ((product_id > 10269581) AND ((role)::text = 'desktop'::text))
         Rows Removed by Filter: 15862777
         Buffers: shared hit=8124 read=394694
 Planning:
   Buffers: shared read=3
 Planning Time: 0.150 ms
 JIT:
   Functions: 4
   Options: Inlining true, Optimization true, Expressions true, Deforming true
 Execution Time: 896.845 ms
(15 rows)

-- Q087 [selection_projection] occurrence 1/1
-- Original E/R: SELECT e.product_id, e.is_active FROM KitchenAppliance e WHERE e.product_id >= 13097966;
EXPLAIN (ANALYZE, BUFFERS, TIMING OFF, SUMMARY ON, FORMAT TEXT)
WITH
"b0" AS (
    SELECT
        "ancestor_0"."is_active" AS "is_active",
        "source"."kitchenappliance_id" AS "product_id"
    FROM "relation_5" AS "source"
    INNER JOIN "relation_1" AS "ancestor_0" ON ("source"."kitchenappliance_id" = "ancestor_0"."product_id")
)
SELECT 
    "b0"."product_id" AS "product_id",
    "b0"."is_active" AS "is_active"
FROM "b0"
WHERE ("b0"."product_id" >= 13097966);
                                                                      QUERY PLAN                                                                       
-------------------------------------------------------------------------------------------------------------------------------------------------------
 Gather  (cost=1000.86..344521.99 rows=128071 width=8) (actual rows=128819 loops=1)
   Workers Planned: 2
   Workers Launched: 0
   Buffers: shared hit=511638 read=3994
   ->  Nested Loop  (cost=0.86..330714.89 rows=53363 width=8) (actual rows=128819 loops=1)
         Buffers: shared hit=511638 read=3994
         ->  Parallel Index Only Scan using relation_5_pkey on relation_5 source  (cost=0.42..3322.58 rows=53363 width=4) (actual rows=128819 loops=1)
               Index Cond: (kitchenappliance_id >= 13097966)
               Heap Fetches: 0
               Buffers: shared hit=3 read=353
         ->  Index Scan using relation_1_pkey on relation_1 ancestor_0  (cost=0.44..6.14 rows=1 width=8) (actual rows=1 loops=128819)
               Index Cond: (product_id = source.kitchenappliance_id)
               Buffers: shared hit=511635 read=3641
 Planning:
   Buffers: shared hit=5 read=12
 Planning Time: 0.163 ms
 JIT:
   Functions: 6
   Options: Inlining false, Optimization false, Expressions true, Deforming true
 Execution Time: 155.632 ms
(20 rows)

-- Q088 [weak_owner] occurrence 1/1
-- Original E/R: SELECT w.code, w.bin_id, o.warehouse_name FROM WarehouseBin w JOIN Warehouse o ON OWNER(w) = REF(o) WHERE o.warehouse_id <= 26870;
EXPLAIN (ANALYZE, BUFFERS, TIMING OFF, SUMMARY ON, FORMAT TEXT)
WITH
"b0" AS (
    SELECT
        "source"."bin_id" AS "bin_id",
        "source"."code" AS "code",
        "source"."warehouse_id" AS "__owner_0"
    FROM "relation_25" AS "source"
),
"b1" AS (
    SELECT
        "source"."warehouse_id" AS "warehouse_id",
        "source"."warehouse_name" AS "warehouse_name",
        "source"."warehouse_id" AS "__reference_0"
    FROM "relation_24" AS "source"
)
SELECT 
    "b0"."code" AS "code",
    "b0"."bin_id" AS "bin_id",
    "b1"."warehouse_name" AS "warehouse_name"
FROM ("b0" INNER JOIN "b1" ON ("b0"."__owner_0" = "b1"."__reference_0"))
WHERE ("b1"."warehouse_id" <= 26870);
                                                              QUERY PLAN                                                              
--------------------------------------------------------------------------------------------------------------------------------------
 Hash Join  (cost=329.97..1545.84 rows=3495 width=31) (actual rows=3576 loops=1)
   Hash Cond: (source_1.warehouse_id = source.warehouse_id)
   Buffers: shared hit=6 read=350
   ->  Index Scan using relation_24_pkey on relation_24 source_1  (cost=0.29..979.04 rows=26956 width=21) (actual rows=26870 loops=1)
         Index Cond: (warehouse_id <= 26870)
         Buffers: shared hit=6 read=277
   ->  Hash  (cost=187.08..187.08 rows=11408 width=18) (actual rows=11408 loops=1)
         Buckets: 16384  Batches: 1  Memory Usage: 708kB
         Buffers: shared read=73
         ->  Seq Scan on relation_25 source  (cost=0.00..187.08 rows=11408 width=18) (actual rows=11408 loops=1)
               Buffers: shared read=73
 Planning:
   Buffers: shared hit=4 read=8
 Planning Time: 0.158 ms
 Execution Time: 4.740 ms
(15 rows)

-- Q089 [selection_projection] occurrence 1/1
-- Original E/R: SELECT e.sku, e.base_price, e.is_active, e.product_id FROM Product e WHERE e.is_active >= 1;
EXPLAIN (ANALYZE, BUFFERS, TIMING OFF, SUMMARY ON, FORMAT TEXT)
WITH
"b0" AS (
    SELECT
        "source"."base_price" AS "base_price",
        "source"."is_active" AS "is_active",
        "source"."product_id" AS "product_id",
        "source"."sku" AS "sku"
    FROM "relation_1" AS "source"
)
SELECT 
    "b0"."sku" AS "sku",
    "b0"."base_price" AS "base_price",
    "b0"."is_active" AS "is_active",
    "b0"."product_id" AS "product_id"
FROM "b0"
WHERE ("b0"."is_active" >= 1);
                                                 QUERY PLAN                                                  
-------------------------------------------------------------------------------------------------------------
 Seq Scan on relation_1 source  (cost=0.00..612783.53 rows=14236782 width=30) (actual rows=14276122 loops=1)
   Filter: (is_active >= 1)
   Rows Removed by Filter: 2520660
   Buffers: shared hit=10795 read=392023
 Planning Time: 0.027 ms
 JIT:
   Functions: 4
   Options: Inlining true, Optimization true, Expressions true, Deforming true
 Execution Time: 1058.345 ms
(9 rows)

-- Q090 [relationship_join] occurrence 1/1
-- Original E/R: SELECT e1.sku, e1.quantity, e2.bin_id, e2.code FROM stock r JOIN Product e1 ON ENDPOINT(r, Product) = REF(e1) JOIN WarehouseBin e2 ON ENDPOINT(r, WarehouseBin) = REF(e2) WHERE e1.product_id < 3392411;
EXPLAIN (ANALYZE, BUFFERS, TIMING OFF, SUMMARY ON, FORMAT TEXT)
WITH
"b0" AS (
    SELECT
        "source"."product_id" AS "__endpoint_product_0",
        "source"."warehouse_id" AS "__endpoint_warehousebin_0",
        "source"."bin_id" AS "__endpoint_warehousebin_1"
    FROM "relation_40" AS "source"
),
"b1" AS (
    SELECT
        "source"."product_id" AS "product_id",
        "source"."quantity" AS "quantity",
        "source"."sku" AS "sku",
        "source"."product_id" AS "__reference_0"
    FROM "relation_1" AS "source"
),
"b2" AS (
    SELECT
        "source"."bin_id" AS "bin_id",
        "source"."code" AS "code",
        "source"."warehouse_id" AS "__reference_0",
        "source"."bin_id" AS "__reference_1"
    FROM "relation_25" AS "source"
)
SELECT 
    "b1"."sku" AS "sku",
    "b1"."quantity" AS "quantity",
    "b2"."bin_id" AS "bin_id",
    "b2"."code" AS "code"
FROM (("b0" INNER JOIN "b1" ON ("b0"."__endpoint_product_0" = "b1"."__reference_0")) INNER JOIN "b2" ON ("b0"."__endpoint_warehousebin_0" = "b2"."__reference_0" AND "b0"."__endpoint_warehousebin_1" = "b2"."__reference_1"))
WHERE ("b1"."product_id" < 3392411);
                                                               QUERY PLAN                                                               
----------------------------------------------------------------------------------------------------------------------------------------
 Gather  (cost=1358.64..155957.99 rows=258 width=36) (actual rows=2644750 loops=1)
   Workers Planned: 2
   Workers Launched: 0
   Buffers: shared hit=8678464 read=1971421
   ->  Nested Loop  (cost=358.64..154932.19 rows=108 width=36) (actual rows=2644750 loops=1)
         Buffers: shared hit=8678464 read=1971421
         ->  Hash Join  (cost=358.20..154410.13 rows=514 width=18) (actual rows=13100150 loops=1)
               Hash Cond: ((source.warehouse_id = source_2.warehouse_id) AND (source.bin_id = source_2.bin_id))
               Buffers: shared hit=73 read=70812
               ->  Parallel Seq Scan on relation_40 source  (cost=0.00..125395.56 rows=5458356 width=12) (actual rows=13100150 loops=1)
                     Buffers: shared read=70812
               ->  Hash  (cost=187.08..187.08 rows=11408 width=18) (actual rows=11408 loops=1)
                     Buckets: 16384  Batches: 1  Memory Usage: 708kB
                     Buffers: shared hit=73
                     ->  Seq Scan on relation_25 source_2  (cost=0.00..187.08 rows=11408 width=18) (actual rows=11408 loops=1)
                           Buffers: shared hit=73
         ->  Index Scan using relation_1_pkey on relation_1 source_1  (cost=0.44..1.02 rows=1 width=26) (actual rows=0 loops=13100150)
               Index Cond: ((product_id = source.product_id) AND (product_id < 3392411))
               Buffers: shared hit=8678391 read=1900609
 Planning:
   Buffers: shared hit=12 read=10
 Planning Time: 0.225 ms
 JIT:
   Functions: 19
   Options: Inlining false, Optimization false, Expressions true, Deforming true
 Execution Time: 8520.552 ms
(26 rows)

-- Q091 [complex_multi_join] occurrence 1/1
-- Original E/R: SELECT e1.parent, e2.sku, e3.tag_name FROM category_products r1 JOIN Category e1 ON ENDPOINT(r1, Category) = REF(e1) JOIN Product e2 ON ENDPOINT(r1, Product) = REF(e2) JOIN product_tags r2 ON ENDPOINT(r2, Product) = REF(e2) JOIN Tag e3 ON ENDPOINT(r2, Tag) = REF(e3) WHERE e2.is_active >= 1;
EXPLAIN (ANALYZE, BUFFERS, TIMING OFF, SUMMARY ON, FORMAT TEXT)
WITH
"b0" AS (
    SELECT
        "source"."category_products_category_id" AS "__endpoint_category_0",
        "source"."product_id" AS "__endpoint_product_0"
    FROM "relation_30" AS "source"
),
"b1" AS (
    SELECT
        "source"."parent" AS "parent",
        "source"."category_id" AS "__reference_0"
    FROM "relation_0" AS "source"
),
"b2" AS (
    SELECT
        "source"."is_active" AS "is_active",
        "source"."sku" AS "sku",
        "source"."product_id" AS "__reference_0"
    FROM "relation_1" AS "source"
),
"b3" AS (
    SELECT
        "source"."product_id" AS "__endpoint_product_0",
        "source"."tag_id" AS "__endpoint_tag_0"
    FROM "relation_31" AS "source"
),
"b4" AS (
    SELECT
        "source"."tag_name" AS "tag_name",
        "source"."tag_id" AS "__reference_0"
    FROM "relation_13" AS "source"
)
SELECT 
    "b1"."parent" AS "parent",
    "b2"."sku" AS "sku",
    "b4"."tag_name" AS "tag_name"
FROM (((("b0" INNER JOIN "b1" ON ("b0"."__endpoint_category_0" = "b1"."__reference_0")) INNER JOIN "b2" ON ("b0"."__endpoint_product_0" = "b2"."__reference_0")) INNER JOIN "b3" ON ("b3"."__endpoint_product_0" = "b2"."__reference_0")) INNER JOIN "b4" ON ("b3"."__endpoint_tag_0" = "b4"."__reference_0"))
WHERE ("b2"."is_active" >= 1);
                                                                        QUERY PLAN                                                                         
-----------------------------------------------------------------------------------------------------------------------------------------------------------
 Hash Join  (cost=590648.61..1211805.56 rows=4216806 width=28) (actual rows=1061617 loops=1)
   Hash Cond: (source_3.tag_id = source_4.tag_id)
   Buffers: shared hit=6069 read=539377
   ->  Hash Join  (cost=587352.58..1197440.02 rows=4216806 width=26) (actual rows=1061617 loops=1)
         Hash Cond: (source_3.product_id = source.product_id)
         Buffers: shared hit=6069 read=538762
         ->  Seq Scan on relation_31 source_3  (cost=0.00..450740.64 rows=31247664 width=8) (actual rows=31247588 loops=1)
               Buffers: shared read=138264
         ->  Hash  (cost=580234.39..580234.39 rows=569455 width=30) (actual rows=570824 loops=1)
               Buckets: 1048576  Batches: 1  Memory Usage: 43688kB
               Buffers: shared hit=6069 read=400498
               ->  Gather  (cost=16790.91..580234.39 rows=569455 width=30) (actual rows=570824 loops=1)
                     Workers Planned: 2
                     Workers Launched: 0
                     Buffers: shared hit=6069 read=400498
                     ->  Hash Join  (cost=15790.91..522288.89 rows=237273 width=30) (actual rows=570824 loops=1)
                           Hash Cond: (source.category_products_category_id = source_1.category_id)
                           Buffers: shared hit=6069 read=400498
                           ->  Parallel Hash Join  (cost=11865.41..517740.52 rows=237273 width=30) (actual rows=570824 loops=1)
                                 Hash Cond: (source_2.product_id = source.product_id)
                                 Buffers: shared hit=6069 read=399722
                                 ->  Parallel Seq Scan on relation_1 source_2  (cost=0.00..490303.64 rows=5931992 width=22) (actual rows=14276122 loops=1)
                                       Filter: (is_active >= 1)
                                       Rows Removed by Filter: 2520660
                                       Buffers: shared hit=6069 read=396749
                                 ->  Parallel Hash  (cost=6925.18..6925.18 rows=395218 width=8) (actual rows=671871 loops=1)
                                       Buckets: 1048576  Batches: 1  Memory Usage: 34496kB
                                       Buffers: shared read=2973
                                       ->  Parallel Seq Scan on relation_30 source  (cost=0.00..6925.18 rows=395218 width=8) (actual rows=671871 loops=1)
                                             Buffers: shared read=2973
                           ->  Hash  (cost=2175.78..2175.78 rows=139978 width=8) (actual rows=139978 loops=1)
                                 Buckets: 262144  Batches: 1  Memory Usage: 7472kB
                                 Buffers: shared read=776
                                 ->  Seq Scan on relation_0 source_1  (cost=0.00..2175.78 rows=139978 width=8) (actual rows=139978 loops=1)
                                       Buffers: shared read=776
   ->  Hash  (cost=1806.57..1806.57 rows=119157 width=10) (actual rows=119157 loops=1)
         Buckets: 131072  Batches: 1  Memory Usage: 6103kB
         Buffers: shared read=615
         ->  Seq Scan on relation_13 source_4  (cost=0.00..1806.57 rows=119157 width=10) (actual rows=119157 loops=1)
               Buffers: shared read=615
 Planning:
   Buffers: shared hit=34 read=26
 Planning Time: 0.518 ms
 JIT:
   Functions: 38
   Options: Inlining true, Optimization true, Expressions true, Deforming true
 Execution Time: 5675.132 ms
(47 rows)

-- Q092 [relationship_join] occurrence 1/1
-- Original E/R: SELECT e1.is_active, e2.product_name, e2.dimensions FROM bundle_phones r JOIN Phone e1 ON ENDPOINT(r, phone_id) = REF(e1) JOIN Phone e2 ON ENDPOINT(r, bundle_phone_id) = REF(e2) WHERE e2.warranty_months > 12;
EXPLAIN (ANALYZE, BUFFERS, TIMING OFF, SUMMARY ON, FORMAT TEXT)
WITH
"b0" AS (
    SELECT
        "source"."bundle_phone_phone_id" AS "__endpoint_bundle_phone_id_0",
        "source"."phone_id" AS "__endpoint_phone_id_0"
    FROM "relation_44" AS "source"
),
"b1" AS (
    SELECT
        "source"."is_active" AS "is_active",
        "source"."product_id" AS "__reference_0"
    FROM "relation_1" AS "source"
    WHERE ("source"."role" IN ('phone'))
),
"b2" AS (
    SELECT
        "source"."warranty_months" AS "warranty_months",
        "source"."dimensions" AS "dimensions",
        "source"."product_name" AS "product_name",
        "source"."product_id" AS "__reference_0"
    FROM "relation_1" AS "source"
    WHERE ("source"."role" IN ('phone'))
)
SELECT 
    "b1"."is_active" AS "is_active",
    "b2"."product_name" AS "product_name",
    "b2"."dimensions" AS "dimensions"
FROM (("b0" INNER JOIN "b1" ON ("b0"."__endpoint_phone_id_0" = "b1"."__reference_0")) INNER JOIN "b2" ON ("b0"."__endpoint_bundle_phone_id_0" = "b2"."__reference_0"))
WHERE ("b2"."warranty_months" > 12);
                                                                QUERY PLAN                                                                 
-------------------------------------------------------------------------------------------------------------------------------------------
 Gather  (cost=509836.65..548855.93 rows=619 width=44) (actual rows=492488 loops=1)
   Workers Planned: 2
   Workers Launched: 0
   Buffers: shared hit=1881527 read=496989
   ->  Nested Loop  (cost=508836.65..547794.03 rows=258 width=44) (actual rows=492488 loops=1)
         Buffers: shared hit=1881527 read=496989
         ->  Parallel Hash Join  (cost=508836.21..521412.95 rows=6404 width=44) (actual rows=492488 loops=1)
               Hash Cond: (source.bundle_phone_phone_id = source_2.product_id)
               Buffers: shared hit=6101 read=402463
               ->  Parallel Seq Scan on relation_44 source  (cost=0.00..11156.49 rows=541049 width=8) (actual rows=1298517 loops=1)
                     Buffers: shared read=5746
               ->  Parallel Hash  (cost=507800.76..507800.76 rows=82836 width=44) (actual rows=256510 loops=1)
                     Buckets: 262144  Batches: 1  Memory Usage: 22304kB
                     Buffers: shared hit=6101 read=396717
                     ->  Parallel Seq Scan on relation_1 source_2  (cost=0.00..507800.76 rows=82836 width=44) (actual rows=256510 loops=1)
                           Filter: ((warranty_months > 12) AND ((role)::text = 'phone'::text))
                           Rows Removed by Filter: 16540272
                           Buffers: shared hit=6101 read=396717
         ->  Index Scan using relation_1_pkey on relation_1 source_1  (cost=0.44..4.12 rows=1 width=8) (actual rows=1 loops=492488)
               Index Cond: (product_id = source.phone_id)
               Filter: ((role)::text = 'phone'::text)
               Buffers: shared hit=1875426 read=94526
 Planning:
   Buffers: shared hit=2 read=6
 Planning Time: 0.189 ms
 JIT:
   Functions: 20
   Options: Inlining true, Optimization true, Expressions true, Deforming true
 Execution Time: 2238.869 ms
(29 rows)

-- Q093 [aggregation] occurrence 1/1
-- Original E/R: SELECT e1.sku, COUNT(DISTINCT REF(e2)) AS related_count FROM reviews r JOIN Product e1 ON ENDPOINT(r, Product) = REF(e1) JOIN Review e2 ON ENDPOINT(r, Review) = REF(e2) WHERE e2.review_id <= 3997278 GROUP BY REF(e1), e1.sku HAVING COUNT(DISTINCT REF(e2)) >= 1;
EXPLAIN (ANALYZE, BUFFERS, TIMING OFF, SUMMARY ON, FORMAT TEXT)
WITH
"b0" AS (
    SELECT
        "source"."reviews_product_id" AS "__endpoint_product_0",
        "source"."customer_id" AS "__endpoint_review_0",
        "source"."review_id" AS "__endpoint_review_1"
    FROM "relation_36" AS "source"
),
"b1" AS (
    SELECT
        "source"."sku" AS "sku",
        "source"."product_id" AS "__reference_0"
    FROM "relation_1" AS "source"
),
"b2" AS (
    SELECT
        "source"."review_id" AS "review_id",
        "source"."customer_id" AS "__reference_0",
        "source"."review_id" AS "__reference_1"
    FROM "relation_18" AS "source"
)
SELECT 
    "b1"."sku" AS "sku",
    COUNT(DISTINCT ROW("b2"."__reference_0", "b2"."__reference_1")) AS "related_count"
FROM (("b0" INNER JOIN "b1" ON ("b0"."__endpoint_product_0" = "b1"."__reference_0")) INNER JOIN "b2" ON ("b0"."__endpoint_review_0" = "b2"."__reference_0" AND "b0"."__endpoint_review_1" = "b2"."__reference_1"))
WHERE ("b2"."review_id" <= 3997278)
GROUP BY
    "b1"."__reference_0",
    "b1"."sku"
HAVING (COUNT(DISTINCT ROW("b2"."__reference_0", "b2"."__reference_1")) >= 1);
                                                                     QUERY PLAN                                                                     
----------------------------------------------------------------------------------------------------------------------------------------------------
 GroupAggregate  (cost=419.43..419.45 rows=1 width=30) (actual rows=98 loops=1)
   Group Key: source_1.product_id
   Filter: (count(DISTINCT (ROW(source_2.customer_id, source_2.review_id))) >= 1)
   Buffers: shared hit=257 read=334
   ->  Sort  (cost=419.43..419.43 rows=1 width=30) (actual rows=98 loops=1)
         Sort Key: source_1.product_id, (ROW(source_2.customer_id, source_2.review_id))
         Sort Method: quicksort  Memory: 33kB
         Buffers: shared hit=257 read=334
         ->  Nested Loop  (cost=0.72..419.42 rows=1 width=30) (actual rows=98 loops=1)
               Buffers: shared hit=257 read=334
               ->  Nested Loop  (cost=0.29..410.96 rows=1 width=12) (actual rows=98 loops=1)
                     Buffers: shared hit=139 read=60
                     ->  Seq Scan on relation_36 source  (cost=0.00..4.53 rows=253 width=12) (actual rows=253 loops=1)
                           Buffers: shared read=2
                     ->  Index Only Scan using relation_18_pkey on relation_18 source_2  (cost=0.29..1.61 rows=1 width=8) (actual rows=0 loops=253)
                           Index Cond: ((customer_id = source.customer_id) AND (review_id = source.review_id) AND (review_id <= 3997278))
                           Heap Fetches: 0
                           Buffers: shared hit=139 read=58
               ->  Index Scan using relation_1_pkey on relation_1 source_1  (cost=0.44..8.46 rows=1 width=22) (actual rows=1 loops=98)
                     Index Cond: (product_id = source.reviews_product_id)
                     Buffers: shared hit=118 read=274
 Planning:
   Buffers: shared hit=5 read=12
 Planning Time: 0.436 ms
 Execution Time: 1.363 ms
(25 rows)

-- Q094 [weak_owner] occurrence 1/1
-- Original E/R: SELECT w.shipment_id, o.status FROM Shipment w JOIN CustOrder o ON OWNER(w) = REF(o) WHERE o.placed_at <= '2023-05-03';
EXPLAIN (ANALYZE, BUFFERS, TIMING OFF, SUMMARY ON, FORMAT TEXT)
WITH
"b0" AS (
    SELECT
        "source"."shipment_id" AS "shipment_id",
        "source"."custorder_id" AS "__owner_0"
    FROM "relation_21" AS "source"
),
"b1" AS (
    SELECT
        "source"."placed_at" AS "placed_at",
        "source"."status" AS "status",
        "source"."custorder_id" AS "__reference_0"
    FROM "relation_20" AS "source"
)
SELECT 
    "b0"."shipment_id" AS "shipment_id",
    "b1"."status" AS "status"
FROM ("b0" INNER JOIN "b1" ON ("b0"."__owner_0" = "b1"."__reference_0"))
WHERE ("b1"."placed_at" <= '2023-05-03');
                                                     QUERY PLAN                                                     
--------------------------------------------------------------------------------------------------------------------
 Hash Join  (cost=2965.00..3497.27 rows=7417 width=13) (actual rows=7125 loops=1)
   Hash Cond: (source.custorder_id = source_1.custorder_id)
   Buffers: shared read=1881
   ->  Seq Scan on relation_21 source  (cost=0.00..468.38 rows=24338 width=8) (actual rows=24338 loops=1)
         Buffers: shared read=225
   ->  Hash  (cost=2659.25..2659.25 rows=24460 width=13) (actual rows=23613 loops=1)
         Buckets: 32768  Batches: 1  Memory Usage: 1340kB
         Buffers: shared read=1656
         ->  Seq Scan on relation_20 source_1  (cost=0.00..2659.25 rows=24460 width=13) (actual rows=23613 loops=1)
               Filter: ((placed_at)::text <= '2023-05-03'::text)
               Rows Removed by Filter: 56647
               Buffers: shared read=1656
 Planning:
   Buffers: shared hit=4 read=10
 Planning Time: 0.180 ms
 Execution Time: 14.979 ms
(16 rows)

-- Q095 [selection_projection] occurrence 1/1
-- Original E/R: SELECT DISTINCT e.password_hash, e.employee_no, e.user_id FROM Employee e WHERE e.employee_no <= 'EMP-09774576';
EXPLAIN (ANALYZE, BUFFERS, TIMING OFF, SUMMARY ON, FORMAT TEXT)
WITH
"b0" AS (
    SELECT
        "source"."employee_no" AS "employee_no",
        "source"."password_hash" AS "password_hash",
        "source"."user_id" AS "user_id"
    FROM "relation_8" AS "source"
    WHERE ("source"."role" IN ('employee'))
)
SELECT DISTINCT 
    "b0"."password_hash" AS "password_hash",
    "b0"."employee_no" AS "employee_no",
    "b0"."user_id" AS "user_id"
FROM "b0"
WHERE ("b0"."employee_no" <= 'EMP-09774576');
                                                           QUERY PLAN                                                           
--------------------------------------------------------------------------------------------------------------------------------
 HashAggregate  (cost=16817.26..16892.36 rows=7510 width=82) (actual rows=21880 loops=1)
   Group Key: source.password_hash, source.employee_no, source.user_id
   Batches: 1  Memory Usage: 4881kB
   Buffers: shared read=11797
   ->  Gather  (cost=15972.38..16760.93 rows=7510 width=82) (actual rows=21880 loops=1)
         Workers Planned: 2
         Workers Launched: 0
         Buffers: shared read=11797
         ->  HashAggregate  (cost=14972.38..15009.93 rows=3755 width=82) (actual rows=21880 loops=1)
               Group Key: source.password_hash, source.employee_no, source.user_id
               Batches: 1  Memory Usage: 4881kB
               Buffers: shared read=11797
               ->  Parallel Seq Scan on relation_8 source  (cost=0.00..14944.22 rows=3755 width=82) (actual rows=21880 loops=1)
                     Filter: (((employee_no)::text <= 'EMP-09774576'::text) AND ((role)::text = 'employee'::text))
                     Rows Removed by Filter: 481675
                     Buffers: shared read=11797
 Planning:
   Buffers: shared hit=2 read=4
 Planning Time: 0.063 ms
 Execution Time: 57.083 ms
(20 rows)

-- Q096 [aggregation] occurrence 1/1
-- Original E/R: SELECT e1.updated_at, COUNT(DISTINCT REF(e2)) AS related_count FROM cart_contains r JOIN Cart e1 ON ENDPOINT(r, Cart) = REF(e1) JOIN Product e2 ON ENDPOINT(r, Product) = REF(e2) WHERE e1.cart_id > 4994665 GROUP BY REF(e1), e1.updated_at HAVING COUNT(DISTINCT REF(e2)) >= 3;
EXPLAIN (ANALYZE, BUFFERS, TIMING OFF, SUMMARY ON, FORMAT TEXT)
WITH
"b0" AS (
    SELECT
        "source"."customer_id" AS "__endpoint_cart_0",
        "source"."cart_id" AS "__endpoint_cart_1",
        "source"."product_id" AS "__endpoint_product_0"
    FROM "relation_34" AS "source"
),
"b1" AS (
    SELECT
        "source"."cart_id" AS "cart_id",
        "source"."updated_at" AS "updated_at",
        "source"."customer_id" AS "__reference_0",
        "source"."cart_id" AS "__reference_1"
    FROM "relation_16" AS "source"
),
"b2" AS (
    SELECT
        "source"."product_id" AS "__reference_0"
    FROM "relation_1" AS "source"
)
SELECT 
    "b1"."updated_at" AS "updated_at",
    COUNT(DISTINCT "b2"."__reference_0") AS "related_count"
FROM (("b0" INNER JOIN "b1" ON ("b0"."__endpoint_cart_0" = "b1"."__reference_0" AND "b0"."__endpoint_cart_1" = "b1"."__reference_1")) INNER JOIN "b2" ON ("b0"."__endpoint_product_0" = "b2"."__reference_0"))
WHERE ("b1"."cart_id" > 4994665)
GROUP BY
    "b1"."__reference_0",
    "b1"."__reference_1",
    "b1"."updated_at"
HAVING (COUNT(DISTINCT "b2"."__reference_0") >= 3);
                                                                  QUERY PLAN                                                                  
----------------------------------------------------------------------------------------------------------------------------------------------
 GroupAggregate  (cost=1959.64..1959.66 rows=1 width=27) (actual rows=0 loops=1)
   Group Key: source_1.customer_id, source_1.cart_id
   Filter: (count(DISTINCT source_2.product_id) >= 3)
   Rows Removed by Filter: 20148
   Buffers: shared hit=61362 read=18129
   ->  Sort  (cost=1959.64..1959.64 rows=1 width=23) (actual rows=20148 loops=1)
         Sort Key: source_1.customer_id, source_1.cart_id, source_2.product_id
         Sort Method: quicksort  Memory: 1713kB
         Buffers: shared hit=61362 read=18129
         ->  Nested Loop  (cost=1121.80..1959.63 rows=1 width=23) (actual rows=20148 loops=1)
               Buffers: shared hit=61362 read=18129
               ->  Hash Join  (cost=1121.36..1955.97 rows=1 width=23) (actual rows=20148 loops=1)
                     Hash Cond: ((source.customer_id = source_1.customer_id) AND (source.cart_id = source_1.cart_id))
                     Buffers: shared read=490
                     ->  Seq Scan on relation_34 source  (cost=0.00..622.68 rows=40368 width=12) (actual rows=40368 loops=1)
                           Buffers: shared read=219
                     ->  Hash  (cost=802.16..802.16 rows=21280 width=19) (actual rows=21222 loops=1)
                           Buckets: 32768  Batches: 1  Memory Usage: 1334kB
                           Buffers: shared read=271
                           ->  Seq Scan on relation_16 source_1  (cost=0.00..802.16 rows=21280 width=19) (actual rows=21222 loops=1)
                                 Filter: (cart_id > 4994665)
                                 Rows Removed by Filter: 21271
                                 Buffers: shared read=271
               ->  Index Only Scan using relation_1_pkey on relation_1 source_2  (cost=0.44..3.65 rows=1 width=4) (actual rows=1 loops=20148)
                     Index Cond: (product_id = source.product_id)
                     Heap Fetches: 0
                     Buffers: shared hit=61362 read=17639
 Planning:
   Buffers: shared hit=12 read=11
 Planning Time: 0.234 ms
 Execution Time: 65.328 ms
(31 rows)

-- Q097 [complex_multi_join] occurrence 1/1
-- Original E/R: SELECT e1.bin_id, e2.is_active, e3.quantity FROM stock r1 JOIN WarehouseBin e1 ON ENDPOINT(r1, WarehouseBin) = REF(e1) JOIN Product e2 ON ENDPOINT(r1, Product) = REF(e2) JOIN bought_together r2 ON ENDPOINT(r2, bought_together_product_id) = REF(e2) JOIN Product e3 ON ENDPOINT(r2, product_id) = REF(e3) WHERE e1.bin_id <= 4985556;
EXPLAIN (ANALYZE, BUFFERS, TIMING OFF, SUMMARY ON, FORMAT TEXT)
WITH
"b0" AS (
    SELECT
        "source"."product_id" AS "__endpoint_product_0",
        "source"."warehouse_id" AS "__endpoint_warehousebin_0",
        "source"."bin_id" AS "__endpoint_warehousebin_1"
    FROM "relation_40" AS "source"
),
"b1" AS (
    SELECT
        "source"."bin_id" AS "bin_id",
        "source"."warehouse_id" AS "__reference_0",
        "source"."bin_id" AS "__reference_1"
    FROM "relation_25" AS "source"
),
"b2" AS (
    SELECT
        "source"."is_active" AS "is_active",
        "source"."product_id" AS "__reference_0"
    FROM "relation_1" AS "source"
),
"b3" AS (
    SELECT
        "source"."bought_together_product_product_id" AS "__endpoint_bought_together_product_id_0",
        "source"."product_id" AS "__endpoint_product_id_0"
    FROM "relation_33" AS "source"
),
"b4" AS (
    SELECT
        "source"."quantity" AS "quantity",
        "source"."product_id" AS "__reference_0"
    FROM "relation_1" AS "source"
)
SELECT 
    "b1"."bin_id" AS "bin_id",
    "b2"."is_active" AS "is_active",
    "b4"."quantity" AS "quantity"
FROM (((("b0" INNER JOIN "b1" ON ("b0"."__endpoint_warehousebin_0" = "b1"."__reference_0" AND "b0"."__endpoint_warehousebin_1" = "b1"."__reference_1")) INNER JOIN "b2" ON ("b0"."__endpoint_product_0" = "b2"."__reference_0")) INNER JOIN "b3" ON ("b3"."__endpoint_bought_together_product_id_0" = "b2"."__reference_0")) INNER JOIN "b4" ON ("b3"."__endpoint_product_id_0" = "b4"."__reference_0"))
WHERE ("b1"."bin_id" <= 4985556);
                                                                        QUERY PLAN                                                                        
----------------------------------------------------------------------------------------------------------------------------------------------------------
 Gather  (cost=156484.49..324971.15 rows=1128 width=12) (actual rows=6358757 loops=1)
   Workers Planned: 2
   Workers Launched: 0
   Buffers: shared hit=35125503 read=16556384
   ->  Nested Loop  (cost=155484.49..323858.35 rows=470 width=12) (actual rows=6358757 loops=1)
         Buffers: shared hit=35125503 read=16556384
         ->  Parallel Hash Join  (cost=155484.06..321789.57 rows=470 width=12) (actual rows=6358757 loops=1)
               Hash Cond: (source_3.bought_together_product_product_id = source.product_id)
               Buffers: shared hit=17397637 read=8849222
               ->  Parallel Seq Scan on relation_33 source_3  (cost=0.00..140712.58 rows=6824258 width=8) (actual rows=16378086 loops=1)
                     Buffers: shared read=72470
               ->  Parallel Hash  (cost=155480.86..155480.86 rows=256 width=16) (actual rows=6525876 loops=1)
                     Buckets: 8388608 (originally 1024)  Batches: 1 (originally 1)  Memory Usage: 437272kB
                     Buffers: shared hit=17397637 read=8776752
                     ->  Nested Loop  (cost=301.22..155480.86 rows=256 width=16) (actual rows=6525876 loops=1)
                           Buffers: shared hit=17397637 read=8776752
                           ->  Hash Join  (cost=300.78..154352.72 rows=256 width=8) (actual rows=6525876 loops=1)
                                 Hash Cond: ((source.warehouse_id = source_1.warehouse_id) AND (source.bin_id = source_1.bin_id))
                                 Buffers: shared read=70885
                                 ->  Parallel Seq Scan on relation_40 source  (cost=0.00..125395.56 rows=5458356 width=12) (actual rows=13100150 loops=1)
                                       Buffers: shared read=70812
                                 ->  Hash  (cost=215.60..215.60 rows=5679 width=8) (actual rows=5684 loops=1)
                                       Buckets: 8192  Batches: 1  Memory Usage: 287kB
                                       Buffers: shared read=73
                                       ->  Seq Scan on relation_25 source_1  (cost=0.00..215.60 rows=5679 width=8) (actual rows=5684 loops=1)
                                             Filter: (bin_id <= 4985556)
                                             Rows Removed by Filter: 5724
                                             Buffers: shared read=73
                           ->  Index Scan using relation_1_pkey on relation_1 source_2  (cost=0.44..4.41 rows=1 width=8) (actual rows=1 loops=6525876)
                                 Index Cond: (product_id = source.product_id)
                                 Buffers: shared hit=17397637 read=8705867
         ->  Index Scan using relation_1_pkey on relation_1 source_4  (cost=0.44..4.40 rows=1 width=8) (actual rows=1 loops=6358757)
               Index Cond: (product_id = source_3.product_id)
               Buffers: shared hit=17727866 read=7707162
 Planning:
   Buffers: shared hit=34 read=20
 Planning Time: 0.667 ms
 JIT:
   Functions: 35
   Options: Inlining false, Optimization false, Expressions true, Deforming true
 Execution Time: 45620.373 ms
(41 rows)

-- Q098 [selection_projection] occurrence 1/1
-- Original E/R: SELECT e.user_id, e.password_hash FROM User e WHERE e.password_hash < '663fbac28ef983d2a9a257a1fdfe87d570db7cf21f735454baaba71abfbbe744';
EXPLAIN (ANALYZE, BUFFERS, TIMING OFF, SUMMARY ON, FORMAT TEXT)
WITH
"b0" AS (
    SELECT
        "source"."password_hash" AS "password_hash",
        "source"."user_id" AS "user_id"
    FROM "relation_8" AS "source"
    UNION ALL
    SELECT
        "source"."password_hash" AS "password_hash",
        "source"."customer_id" AS "user_id"
    FROM "relation_9" AS "source"
)
SELECT 
    "b0"."user_id" AS "user_id",
    "b0"."password_hash" AS "password_hash"
FROM "b0"
WHERE ("b0"."password_hash" < '663fbac28ef983d2a9a257a1fdfe87d570db7cf21f735454baaba71abfbbe744');
                                                     QUERY PLAN                                                     
--------------------------------------------------------------------------------------------------------------------
 Append  (cost=0.00..70612.08 rows=621362 width=69) (actual rows=615437 loops=1)
   Buffers: shared read=48247
   ->  Seq Scan on relation_8 source  (cost=0.00..18091.44 rows=201391 width=69) (actual rows=201428 loops=1)
         Filter: ((password_hash)::text < '663fbac28ef983d2a9a257a1fdfe87d570db7cf21f735454baaba71abfbbe744'::text)
         Rows Removed by Filter: 302127
         Buffers: shared read=11797
   ->  Seq Scan on relation_9 source_1  (cost=0.00..49413.84 rows=419971 width=69) (actual rows=414009 loops=1)
         Filter: ((password_hash)::text < '663fbac28ef983d2a9a257a1fdfe87d570db7cf21f735454baaba71abfbbe744'::text)
         Rows Removed by Filter: 622976
         Buffers: shared read=36450
 Planning Time: 0.080 ms
 Execution Time: 166.614 ms
(12 rows)

-- Q099 [selection_projection] occurrence 1/1
-- Original E/R: SELECT DISTINCT e.sku FROM Apparel e WHERE e.is_active < 1;
EXPLAIN (ANALYZE, BUFFERS, TIMING OFF, SUMMARY ON, FORMAT TEXT)
WITH
"b0" AS (
    SELECT
        "source"."is_active" AS "is_active",
        "source"."sku" AS "sku"
    FROM "relation_1" AS "source"
    WHERE ("source"."role" IN ('apparel', 'clothing', 'menclothing', 'womenclothing', 'footwear'))
)
SELECT DISTINCT 
    "b0"."sku" AS "sku"
FROM "b0"
WHERE ("b0"."is_active" < 1);
                                                                QUERY PLAN                                                                
------------------------------------------------------------------------------------------------------------------------------------------
 HashAggregate  (cost=569667.02..572850.52 rows=318350 width=18) (actual rows=375253 loops=1)
   Group Key: source.sku
   Batches: 1  Memory Usage: 40977kB
   Buffers: shared hit=8069 read=394749
   ->  Gather  (cost=535444.39..568871.14 rows=318350 width=18) (actual rows=375253 loops=1)
         Workers Planned: 2
         Workers Launched: 0
         Buffers: shared hit=8069 read=394749
         ->  HashAggregate  (cost=534444.39..536036.14 rows=159175 width=18) (actual rows=375253 loops=1)
               Group Key: source.sku
               Batches: 1  Memory Usage: 40977kB
               Buffers: shared hit=8069 read=394749
               ->  Parallel Seq Scan on relation_1 source  (cost=0.00..534046.45 rows=159175 width=18) (actual rows=375253 loops=1)
                     Filter: ((is_active < 1) AND ((role)::text = ANY ('{apparel,clothing,menclothing,womenclothing,footwear}'::text[])))
                     Rows Removed by Filter: 16421529
                     Buffers: shared hit=8069 read=394749
 Planning Time: 0.066 ms
 JIT:
   Functions: 11
   Options: Inlining true, Optimization true, Expressions true, Deforming true
 Execution Time: 1160.210 ms
(21 rows)

-- Q100 [weak_owner] occurrence 1/1
-- Original E/R: SELECT w.bin_id, w.code, o.warehouse_name FROM WarehouseBin w JOIN Warehouse o ON OWNER(w) = REF(o) WHERE w.code < 'Pl-104-pP';
EXPLAIN (ANALYZE, BUFFERS, TIMING OFF, SUMMARY ON, FORMAT TEXT)
WITH
"b0" AS (
    SELECT
        "source"."bin_id" AS "bin_id",
        "source"."code" AS "code",
        "source"."warehouse_id" AS "__owner_0"
    FROM "relation_25" AS "source"
),
"b1" AS (
    SELECT
        "source"."warehouse_name" AS "warehouse_name",
        "source"."warehouse_id" AS "__reference_0"
    FROM "relation_24" AS "source"
)
SELECT 
    "b0"."bin_id" AS "bin_id",
    "b0"."code" AS "code",
    "b1"."warehouse_name" AS "warehouse_name"
FROM ("b0" INNER JOIN "b1" ON ("b0"."__owner_0" = "b1"."__reference_0"))
WHERE ("b0"."code" < 'Pl-104-pP');
                                                  QUERY PLAN                                                   
---------------------------------------------------------------------------------------------------------------
 Hash Join  (cost=299.77..2571.80 rows=6734 width=31) (actual rows=6739 loops=1)
   Hash Cond: (source_1.warehouse_id = source.warehouse_id)
   Buffers: shared read=738
   ->  Seq Scan on relation_24 source_1  (cost=0.00..1544.82 rows=87982 width=21) (actual rows=87982 loops=1)
         Buffers: shared read=665
   ->  Hash  (cost=215.60..215.60 rows=6734 width=18) (actual rows=6739 loops=1)
         Buckets: 8192  Batches: 1  Memory Usage: 407kB
         Buffers: shared read=73
         ->  Seq Scan on relation_25 source  (cost=0.00..215.60 rows=6734 width=18) (actual rows=6739 loops=1)
               Filter: ((code)::text < 'Pl-104-pP'::text)
               Rows Removed by Filter: 4669
               Buffers: shared read=73
 Planning:
   Buffers: shared hit=4 read=8
 Planning Time: 0.159 ms
 Execution Time: 7.828 ms
(16 rows)

ROLLBACK;
ROLLBACK
